rank_tfidf,id_consolidado,fuente,titulo,empresa,keyword,ubicacion,modalidad,url,similitud_tfidf,idioma
1,bumeran::1118112810,bumeran,Analista de compras,BPLAY,Compras / Procurement,"Santa Fe, Santa Fe",Presencial,https://www.bumeran.com.ar/empleos/analista-de-compras-bplay-1118112810.html,0.18290985956975156,es
2,opcionempleo::58809163270760,opcionempleo,Analista de control de gestión (Buenos Aires),ID Logistics,Control de Gestión,Buenos Aires,,https://www.opcionempleo.com.ar/jobad/arbeb708b5ab58c58809163270760bcc90,0.16159666962372335,es
3,opcionempleo::43315,opcionempleo,Jefe De Control De Gestión Y Presupuesto Buenos Aires,Biogénesis Bagó,Control de Gestión,Buenos Aires,,https://www.opcionempleo.com.ar/jobad/ar4daecb756fda6f99d433d2b1a43315e1,0.14879721777047497,es
4,opcionempleo::3485753,opcionempleo,Gerente de operaciones (Rosario),,Gerente de Operaciones,"Rosario, Santa Fe",,https://www.opcionempleo.com.ar/jobad/arfbff59b3485753f7d512ec770af5dea7,0.14830541676612122,es
5,opcionempleo::99320,opcionempleo,Ingeniero de Proyectos (Rosario),Segula Technologies,Ingeniero Industrial,"Rosario, Santa Fe",,https://www.opcionempleo.com.ar/jobad/arbc8c843cd997c1ba99320cc8c6236612,0.146651950746351,es
6,opcionempleo::jobadar1faded9f6dcf930fbf6df1803daeb5f7,opcionempleo,Head de Operaciones/Gerente de Help Desk,Werben HR,Gerente de Operaciones,Buenos Aires,,https://www.opcionempleo.com.ar/jobad/ar1faded9f6dcf930fbf6df1803daeb5f7,0.1447737525319896,es
7,opcionempleo::848989377,opcionempleo,"Head de Operaciones/Gerente de Help Desk Hibrido, CABA ID",Werben HR,Gerente de Operaciones,Buenos Aires,,https://www.opcionempleo.com.ar/jobad/arb459a848989377b91b3ff1f7609c2c87,0.14427059891247934,es
8,opcionempleo::49081961,opcionempleo,Jefe de Compras Capex (Rosario),COFCO International,Compras / Procurement,"Rosario, Santa Fe",,https://www.opcionempleo.com.ar/jobad/ard54b7bbc8cf49081961ab1fa896a1cda,0.14320269331263935,es
9,opcionempleo::350461,opcionempleo,Analista de Control de Gestión de La Planta Procesadora de Aves / Samborombóm Prov. Bs As (Buenos Aires),ADN Recursos Humanos,Control de Gestión,Buenos Aires,,https://www.opcionempleo.com.ar/jobad/araa350461f335f8d119d73afb644f7b1c,0.14123500211338394,es
10,opcionempleo::974629,opcionempleo,Analista De Costos Y Control De Gestión Buenos Aires,,Control de Gestión,Buenos Aires,,https://www.opcionempleo.com.ar/jobad/arcbe87b0edb974629b7938e737ea5ac63,0.13710910341321736,es
11,bumeran::1118193613,bumeran,Gerente de Planeamiento y Control de Gestión,Confidencial,Control de Gestión,"San Isidro, Buenos Aires",Presencial,https://www.bumeran.com.ar/empleos/gerente-de-planeamiento-y-control-de-gestion-1118193613.html,0.13668396370204397,es
12,opcionempleo::449309,opcionempleo,Business Intelligence Analyst (Buenos Aires),Nestlé,BI / Analytics,Buenos Aires,,https://www.opcionempleo.com.ar/jobad/arc049be449309bf719ccd57f9eb6d2082,0.13629339402543802,es
13,opcionempleo::889071,opcionempleo,Jefe/a Dpto Compras Generales (Buenos Aires),ASE Obra Social,Compras / Procurement,Buenos Aires,,https://www.opcionempleo.com.ar/jobad/ar502a191f889071da4c011d87a1f628bb,0.13504555991253728,es
14,opcionempleo::82293,opcionempleo,Analista de Control de Gestión de La Planta Procesadora de Aves (Buenos Aires),ADN Recursos Humanos,Control de Gestión,Buenos Aires,,https://www.opcionempleo.com.ar/jobad/ar2cb17b7a7d82293ff55c7a2dd166c23e,0.13426080039519397,es
15,opcionempleo::580999,opcionempleo,INGENIERO PRODUCCION (Neuquén),YPF,Ingeniero Industrial,Neuquén,,https://www.opcionempleo.com.ar/jobad/ar3dae074f1248e580999e94b9d7469cf2,0.13375597539785442,es
16,opcionempleo::jobadarb6200dfb6e8152c3e5b1b3e18afdb547,opcionempleo,Supply Chain Specialist (Buenos Aires),Expertise Consultores,Supply Chain,Buenos Aires,,https://www.opcionempleo.com.ar/jobad/arb6200dfb6e8152c3e5b1b3e18afdb547,0.13313715977452473,es
17,opcionempleo::13947,opcionempleo,Responsable De Administración Y Finanzas,Manpowergroup Argentina,Finanzas / CAPEX,Buenos Aires,,https://www.opcionempleo.com.ar/jobad/arce11c5fe998acba31a23e71f4ef13947,0.13233867988541914,es
18,bumeran::1118185223,bumeran,"ANALISTA DE CONTROL DE GESTION, con desarrollo en Costos",E + S Consultores,Control de Gestión,Apto discapacidad,Presencial,https://www.bumeran.com.ar/empleos/analista-de-control-de-gestion-con-desarrollo-en-costos-e-s-consultores-1118185223.html,0.12843829049834407,es
19,opcionempleo::jobadar3ac77afc3a25dcc37cdcfe2dce26b54d,opcionempleo,Analista Senior de Control de Gestión & Data Analytics (Vicente López),Delenio,Control de Gestión,"Vicente López, Provincia de Buenos Aires",,https://www.opcionempleo.com.ar/jobad/ar3ac77afc3a25dcc37cdcfe2dce26b54d,0.12777631758472716,es
20,opcionempleo::70344484068,opcionempleo,Sr Business Development Analyst (Buenos Aires),Despegar,BI / Analytics,Buenos Aires,,https://www.opcionempleo.com.ar/jobad/ar6b70344484068f3c272a5d912d175312,0.12724191769941856,es
21,opcionempleo::809565061989,opcionempleo,Supply Chain Tech Lead,C&S Informática,Supply Chain,"San Nicolás, Buenos Aires",,https://www.opcionempleo.com.ar/jobad/ar9efe16bc809565061989da620fb59cb7,0.12680142154745233,es
22,opcionempleo::160288,opcionempleo,Responsable de Compras (Rosario),ROSARIO BIO ENERGY,Compras / Procurement,"Rosario, Santa Fe",,https://www.opcionempleo.com.ar/jobad/arda160288d2ec3c3625b345b9fdeafe69,0.12663101397412077,es
23,opcionempleo::7604120,opcionempleo,Gerente de Producción,NEO BIZ S. R. L.,Gerente de Operaciones,Santa Fe,,https://www.opcionempleo.com.ar/jobad/ar5e58ce7604120b26c923454a8125b04b,0.12647867064556906,es
24,opcionempleo::34210,opcionempleo,REF 20663 Analista de Control de Gestión y costos/ Industria avícola (Buenos Aires),ADN Recursos Humanos,Control de Gestión,Buenos Aires,,https://www.opcionempleo.com.ar/jobad/ar1f34210fc43f08197967ccf4ddb73ee1,0.12646480710805788,es
25,opcionempleo::3521437,opcionempleo,Gerente de Producción,Neo-Biz Consultores,Gerente de Operaciones,Santa Fe,,https://www.opcionempleo.com.ar/jobad/ar4a21b76beecba498b3521437fdedf464,0.12599411848047948,es
26,opcionempleo::4985828,opcionempleo,Control De Gestión / Costos Buenos Aires,Pan American Energy,Control de Gestión,Buenos Aires,,https://www.opcionempleo.com.ar/jobad/ara4985828f160a558191a7d55b5ff35d8,0.12385216615554785,es
27,opcionempleo::81909,opcionempleo,Analista de Control de Gestión (San Miguel),Municipalidad de San Miguel,Control de Gestión,Argentina,,https://www.opcionempleo.com.ar/jobad/ar3fecdf43cbddcb81909a108b5d3b8e30,0.12328733202610492,es
28,opcionempleo::67623,opcionempleo,Analista de Control de Gestión y Costos (La Plata),ADN Recursos Humanos,Control de Gestión,Argentina,,https://www.opcionempleo.com.ar/jobad/ard9006fe841ed67623afe44d0b5a2d3fd,0.12292351349901985,es
29,opcionempleo::8094723658,opcionempleo,Analista de Control de Gestión y Costos (Buenos Aires),ADN Recursos Humanos,Control de Gestión,Buenos Aires,,https://www.opcionempleo.com.ar/jobad/ar33b8094723658fdb8e22ccb5977c0929,0.12292351349901985,es
30,bumeran::1118114730,bumeran,JEFE DE COMPRAS,Confidencial,Compras / Procurement,"Ezeiza, Buenos Aires",Presencial,https://www.bumeran.com.ar/empleos/jefe-de-compras-1118114730.html,0.12188080088473399,es
31,bumeran::1117931283,bumeran,Analista de Control de Gestión y Procesos,Drogueria 20 de junio S.A.,Control de Gestión,"Rosario, Santa Fe",Presencial,https://www.bumeran.com.ar/empleos/analista-de-control-de-gestion-y-procesos-drogueria-20-de-junio-s.a.-1117931283.html,0.12181251810233895,es
32,opcionempleo::122862,opcionempleo,Responsable de Operaciones IT (Buenos Aires),Amaya Julian Gabriel,Gerente de Operaciones,Buenos Aires,,https://www.opcionempleo.com.ar/jobad/ar56efd84a1cb459c122862cfaebda849b,0.12175785725433565,es
33,opcionempleo::jobadarb629f9e1ea1b3ca3b3000d3f11c8072d,opcionempleo,Control de Gestión / Costos (Buenos Aires),Pan American Energy,Control de Gestión,Buenos Aires,,https://www.opcionempleo.com.ar/jobad/arb629f9e1ea1b3ca3b3000d3f11c8072d,0.12122945100350996,es
34,bumeran::1118165802,bumeran,Analista de Compras Industriales y Costos,ARIOTTI SANTORO JUAN PABLO,Compras / Procurement,"Bernal Oeste, Buenos Aires",Presencial,https://www.bumeran.com.ar/empleos/analista-de-compras-industriales-y-costos-ariotti-santoro-juan-pablo-1118165802.html,0.12087667566694343,es
35,opcionempleo::0484183,opcionempleo,GERENTE DE OPERACIONES,Convocare,Gerente de Operaciones,"San Justo, Provincia de Buenos Aires",,https://www.opcionempleo.com.ar/jobad/arab1c7f5153c0484183f50e5961cf44b1,0.11953455094360665,es
36,opcionempleo::033709,opcionempleo,Analista de Costos y Control de Gestión (Buenos Aires),Agro&Tec,Control de Gestión,Buenos Aires,,https://www.opcionempleo.com.ar/jobad/ar033709c365bf4abdf89130d8a4d4c270,0.1193423159639092,es
37,opcionempleo::894892,opcionempleo,Supply Chain Distribution Manager (Buenos Aires),Amgen,Supply Chain,Buenos Aires,,https://www.opcionempleo.com.ar/jobad/ar31e616eba8de2d894892d11db090c415,0.1186225611986028,es
38,opcionempleo::18690,opcionempleo,Gerente de Operaciones (Argentina),Reklut,Gerente de Operaciones,Argentina,,https://www.opcionempleo.com.ar/jobad/ar4a35c9517f9afea0cf18690f013ed749,0.11845447164399447,es
39,opcionempleo::jobadarb87a20bd3e5ceb803def8a125e48d362,opcionempleo,Gerente de finanzas (Mendoza),Manpower,Gerente de Operaciones,Mendoza,,https://www.opcionempleo.com.ar/jobad/arb87a20bd3e5ceb803def8a125e48d362,0.11841060242224617,es
40,opcionempleo::582941,opcionempleo,Gerente General de Tienda - Interior Buenos Aires Grupo Cencosud,Makro,Gerente de Operaciones,Buenos Aires,,https://www.opcionempleo.com.ar/jobad/ar8f899ba7755ee3d1cd1fc582941d8125,0.11820500546137179,es
41,opcionempleo::90213,opcionempleo,Ingeniero de sistemas ambiental civil agrónomo industrial minas petróleo y gas eléctrico etc (Buenos Aires),PAE,Ingeniero Industrial,Buenos Aires,,https://www.opcionempleo.com.ar/jobad/arcbd917e035ae745afb82acd90213b8d7,0.11814267680055347,es
42,opcionempleo::168412,opcionempleo,Ingeniero de sistemas ambiental civil agrónomo industrial minas en petróleo y gas electrico (Córdoba),PAE,Ingeniero Industrial,Argentina,,https://www.opcionempleo.com.ar/jobad/ar8d24f895f8a168412ba5171602992d7a,0.1181222296140915,es
43,opcionempleo::9998115,opcionempleo,Ingeniero Industrial / Técnico en Gestión Industrial,ISILAR SRL,Ingeniero Industrial,Argentina,,https://www.opcionempleo.com.ar/jobad/ar2527a16b1257ef46f9998115d4bbffaf,0.1178776581639646,es
44,opcionempleo::96240,opcionempleo,Gerente Comercio Exterior (Buenos Aires),BASF,Gerente de Operaciones,Buenos Aires,,https://www.opcionempleo.com.ar/jobad/ar9c986a2bf0a691d9691d76b2bfa96240,0.11771204786746876,es
45,bumeran::1118167529,bumeran,COORDINADOR/A DE COMPRAS,Actualizado ayer,Compras / Procurement,CABA,Presencial,https://www.bumeran.com.ar/empleos/coordinador-a-de-compras-1118167529.html,0.11743870260050769,es
46,opcionempleo::jobadar3c69eed9fef5b345c3f9b68cd3f132cf,opcionempleo,Analista de Control de Gestión (Vicente López),Newsan,Control de Gestión,"Vicente López, Provincia de Buenos Aires",,https://www.opcionempleo.com.ar/jobad/ar3c69eed9fef5b345c3f9b68cd3f132cf,0.11702696140752314,es
47,opcionempleo::484994,opcionempleo,Analista de Control de Gestión de Obra para Constructora (Buenos Aires),DE ELIZALDE MARIA CONSTANZA,Control de Gestión,Buenos Aires,,https://www.opcionempleo.com.ar/jobad/ar30ff8894a7f3f484994dae56cbc5902b,0.11598588874530981,es
48,opcionempleo::jobadar820dad475bb8d9df9fe5fabad911c2ef,opcionempleo,Analista Sr. de Control de Gestión (Rosario),Texia RH,Control de Gestión,"Rosario, Santa Fe",,https://www.opcionempleo.com.ar/jobad/ar820dad475bb8d9df9fe5fabad911c2ef,0.11535743033501632,es
49,opcionempleo::91449,opcionempleo,Analista de Compras,DREAMCO,Compras / Procurement,Buenos Aires,,https://www.opcionempleo.com.ar/jobad/arbe6caf8c9e9c8ebaabdf91449e8ee622,0.11518814925573671,es
50,opcionempleo::814355420830,opcionempleo,jefe/a de control de gestión (La Plata),INTERNATIONAL CAREER PROGRAM,Control de Gestión,Argentina,,https://www.opcionempleo.com.ar/jobad/ar531a22df814355420830a56a8a875548,0.11482130076696659,es
51,opcionempleo::82018,opcionempleo,Analista de Planeamiento y Control de Gestión | KPIs (Buenos Aires),Itba,Control de Gestión,Buenos Aires,,https://www.opcionempleo.com.ar/jobad/are82018f8e191f53ce7738a55f6d9bd71,0.11410178378085482,es
52,opcionempleo::02706,opcionempleo,Ingeniero Industrial / Electromecánico Junior (Buenos Aires),,Ingeniero Industrial,Buenos Aires,,https://www.opcionempleo.com.ar/jobad/ar498a02706f9257592fa6de9d800645e8,0.11405438579502204,es
53,opcionempleo::86461,opcionempleo,Ey - Sr Consultant en Supply Chain Manufacturing Control and Automation (Buenos Aires),EY,Supply Chain,Buenos Aires,,https://www.opcionempleo.com.ar/jobad/arbe54e0f8ddd86461d864a8f53494ec43,0.11353323751271367,es
54,opcionempleo::jobadar03dc2531fad0ac2d68ce880b6e5eba02,opcionempleo,Gerente de Operaciones Hvac (Vicente López),Talent Solutions RRHH,Gerente de Operaciones,"Vicente López, Provincia de Buenos Aires",,https://www.opcionempleo.com.ar/jobad/ar03dc2531fad0ac2d68ce880b6e5eba02,0.1132951045173989,es
55,opcionempleo::08760745,opcionempleo,Analista SR de compras (Buenos Aires),Pacifica Continental,Compras / Procurement,Buenos Aires,,https://www.opcionempleo.com.ar/jobad/ar7836c08760745f2f223ed7752fc08f85,0.1130846803597723,es
56,opcionempleo::5888234,opcionempleo,Analista Control de Gestión - Industria (Moreno),Rhe Consultora,Control de Gestión,Argentina,,https://www.opcionempleo.com.ar/jobad/ar80f9c6dad5888234ba31e1b585c58a0c,0.11277269982726262,es
57,opcionempleo::30072,opcionempleo,Gerente de producción - Ingeniero Electrónico/Mecánico/Industrial,DC & Asoc. Recursos Humanos,Ingeniero Industrial,"Vicente López, Provincia de Buenos Aires",,https://www.opcionempleo.com.ar/jobad/ard64e07e0e4901e30072ea3a57a7fff02,0.11271821761025765,es
58,opcionempleo::jobadar8bc5a432f4afe45ccba1716fa62fcf65,opcionempleo,Gerente de Operaciones Logísticas (Mar del Plata),Fawaris,Gerente de Operaciones,"Mar del Plata, Provincia de Buenos Aires",,https://www.opcionempleo.com.ar/jobad/ar8bc5a432f4afe45ccba1716fa62fcf65,0.11270943255317334,es
59,opcionempleo::59497,opcionempleo,Analista de Control de Gestión (San Isidro),JENICHEN MARIANA LIGIA,Control de Gestión,Argentina,,https://www.opcionempleo.com.ar/jobad/ar32c59497fab9c392f0b3028ba4395651,0.11268182912116013,es
60,opcionempleo::jobadarc25e09de38b18e6b7b7687c0cfe547aa,opcionempleo,"Responsable de Costos, Presupuestos y Control de Gestión (Córdoba)",Cecilia Menta,Control de Gestión,Argentina,,https://www.opcionempleo.com.ar/jobad/arc25e09de38b18e6b7b7687c0cfe547aa,0.1122356515362545,es
61,bumeran::1118176225,bumeran,"JEFE DE COMPRAS, ABASTECIMIENTO Y LOGÍSTICA – EMPRESA DE SERVICIOS Y PRODUCTOS QUÍMICOS",Confidencial,Compras / Procurement,"Mendoza, Mendoza",Presencial,https://www.bumeran.com.ar/empleos/jefe-de-compras-abastecimiento-y-logistica--empresa-de-servicios-y-productos-quimicos-1118176225.html,0.11222392729587262,es
62,opcionempleo::jobadar4d1bf738adf3894f2ff5f4f8629e3ae0,opcionempleo,Contador/a para Control de Gestión (Área (Córdoba),In.Corporate,Control de Gestión,Argentina,,https://www.opcionempleo.com.ar/jobad/ar4d1bf738adf3894f2ff5f4f8629e3ae0,0.11168058775883408,es
63,opcionempleo::jobadarfc00b5dcc5d7a97e2e6f31f5a45b0768,opcionempleo,Analista de control de gestion (Buenos Aires),Aliancers,Control de Gestión,Buenos Aires,,https://www.opcionempleo.com.ar/jobad/arfc00b5dcc5d7a97e2e6f31f5a45b0768,0.11133248361284032,es
64,opcionempleo::jobadareffe1a962ec9b612ed286f953a4cecd5,opcionempleo,Analista de Planeamiento y Control de Gestión,ITBA,Control de Gestión,Buenos Aires,,https://www.opcionempleo.com.ar/jobad/areffe1a962ec9b612ed286f953a4cecd5,0.10993418854797275,es
65,opcionempleo::31011523,opcionempleo,Business Intelligence Analyst (Pilar),Mccain Foods,BI / Analytics,"Pilar, Provincia de Buenos Aires",,https://www.opcionempleo.com.ar/jobad/ar10c4c1340d2b88dd31011523c74eb5d0,0.10878977323256096,es
66,bumeran::1118200386,bumeran,774SI Analista de Compras Productivas con experiencia en Industria - Zona Norte,CONA CONSULTORES EN RRHH,Compras / Procurement,"San Isidro, Buenos Aires",Presencial,https://www.bumeran.com.ar/empleos/774si-analista-de-compras-productivas-con-experiencia-en-industria-zona-norte-cona-consultores-en-rrhh-1118200386.html,0.10856278409186525,es
67,opcionempleo::200148,opcionempleo,Analista de Planeamiento y Control de Gestión,Instituto Tecnológico de Buenos Aires,Control de Gestión,Buenos Aires,,https://www.opcionempleo.com.ar/jobad/arfa200148ec78cc340460e857729dc3fd,0.10757233810359261,es
68,opcionempleo::jobadar0dcabfca6bb7d522c9420a57c3737cf7,opcionempleo,Pasantía Supply Chain Buenos Aires (Argentina),Direcciona,Supply Chain,Argentina,,https://www.opcionempleo.com.ar/jobad/ar0dcabfca6bb7d522c9420a57c3737cf7,0.10754017891023358,es
69,opcionempleo::jobadar3290ef694afe5b36f7243da9ef8d7883,opcionempleo,Analista de Compras Internacionales (Buenos Aires),Stamm Vegh,Compras / Procurement,Buenos Aires,,https://www.opcionempleo.com.ar/jobad/ar3290ef694afe5b36f7243da9ef8d7883,0.10738849081739055,es
70,opcionempleo::64222643,opcionempleo,ANALISTA DE COMPRAS Semi Sr. (Buenos Aires),Brunori Maria Raquel,Compras / Procurement,Buenos Aires,,https://www.opcionempleo.com.ar/jobad/ar3de93fc3a05b5702e64222643c970bc5,0.10691473451998715,es
71,opcionempleo::jobadar2edc5387bfc7b6f0054cdeac752be951,opcionempleo,Analista Sr de Control de Gestión (Buenos Aires),Vanguardia Consultores RR.HH,Control de Gestión,Buenos Aires,,https://www.opcionempleo.com.ar/jobad/ar2edc5387bfc7b6f0054cdeac752be951,0.10667559224135313,es
72,opcionempleo::84336858,opcionempleo,Coordinador de Análisis de Marketing,Baliarda,Excel / VBA,Buenos Aires,,https://www.opcionempleo.com.ar/jobad/aref7ff733adf3ac22d84336858f7b5447,0.10650397842093637,es
73,opcionempleo::112163,opcionempleo,Gerente de Operaciones (electricidad) (Mendoza),Umbral Capital Humano,Gerente de Operaciones,Mendoza,,https://www.opcionempleo.com.ar/jobad/are6aa3f055b0e72e403ba112163c00529,0.10512009435493011,es
74,opcionempleo::93619,opcionempleo,Gerente de Servicios eléctricos (Mendoza),Umbral Capital Humano,Gerente de Operaciones,Mendoza,,https://www.opcionempleo.com.ar/jobad/arb93619a7986eade8dcf7b110accca9e2,0.10512009435493011,es
75,bumeran::1118207455,bumeran,Analista de control de Gestion,Gerentes SRL,Control de Gestión,"Córdoba, Córdoba",Presencial,https://www.bumeran.com.ar/empleos/analista-de-control-de-gestion-gerentes-srl-1118207455.html,0.10481920947719088,es
76,opcionempleo::4080985,opcionempleo,Fraud Data Scientist L2,Vana,Data Scientist,Córdoba,,https://www.opcionempleo.com.ar/jobad/arb6fdaf2eb07cb0dbae4080985def75e2,0.10445902700888333,es
77,opcionempleo::70150098,opcionempleo,Responsable De Administración Y Finanzas Buenos Aires,WELEDA S. A.,Finanzas / CAPEX,Buenos Aires,,https://www.opcionempleo.com.ar/jobad/ar6919f1bf1c4e855b2d70150098f83e30,0.10428715060537876,es
78,bumeran::1118181912,bumeran,RESPONSABLE DE COMPRAS,GASTROTEX,Compras / Procurement,CABA,Híbrido,https://www.bumeran.com.ar/empleos/responsable-de-compras-gastrotex-1118181912.html,0.10414390443227176,es
79,opcionempleo::jobadarbf9e43c53e8b10b572c0316cdb114f2d,opcionempleo,Ingeniero De Producción Buenos Aires,SUPLE,Ingeniero Industrial,Buenos Aires,,https://www.opcionempleo.com.ar/jobad/arbf9e43c53e8b10b572c0316cdb114f2d,0.10300272828814637,es
80,opcionempleo::1203967157,opcionempleo,Sumate a Nuestro Equipo de Finanzas (Buenos Aires),Asociacion De Cooperativas Argentinas,Finanzas / CAPEX,Buenos Aires,,https://www.opcionempleo.com.ar/jobad/ara483ba1203967157bbe75c32e4bd7715,0.10274087117310667,es
81,opcionempleo::42399,opcionempleo,Gerente De Compras Y Abastecimiento Buenos Aires,ViaSano Salud,Compras / Procurement,Buenos Aires,,https://www.opcionempleo.com.ar/jobad/ar885b20b6cabae42399e59b014091bebe,0.10265831306392842,es
82,opcionempleo::1941533,opcionempleo,Responsable De Control De Gestión (Neuquén),Patagonia Resources,Control de Gestión,Neuquén,,https://www.opcionempleo.com.ar/jobad/arde38ae88ae0ac1941533f0515f278fd2,0.10263197527616566,es
83,bumeran::1118213316,bumeran,Analista de Control de Gestión,Mooks,Control de Gestión,CABA,Híbrido,https://www.bumeran.com.ar/empleos/analista-de-control-de-gestion-mooks-1118213316.html,0.10262456596315846,es
84,bumeran::1118130320,bumeran,Analista de Compras Sr,AV Evoluciona Consultoría,Compras / Procurement,"Gran Buenos Aires, Buenos Aires",Híbrido,https://www.bumeran.com.ar/empleos/analista-de-compras-sr-av-evoluciona-consultoria-1118130320.html,0.10247041163928097,es
85,bumeran::1118175812,bumeran,Analista de Finanzas,INV LIBERTAD SA,Finanzas / CAPEX,CABA,Híbrido,https://www.bumeran.com.ar/empleos/analista-de-finanzas-inv-libertad-sa-1118175812.html,0.10171417232407512,es
86,bumeran::1118108687,bumeran,Analista de compras,Punto y coma publicidad integral SA,Compras / Procurement,"Buenos Aires, Argentina",Presencial,https://www.bumeran.com.ar/empleos/analista-de-compras-punto-y-coma-publicidad-integral-sa-1118108687.html,0.1013935818221436,es
87,opcionempleo::jobadar0d6166b1626d055bfa5360e4fbea359e,opcionempleo,Analista de Control y Gestion (Belgrano),Pacifica Continental,Control de Gestión,"Belgrano, Buenos Aires",,https://www.opcionempleo.com.ar/jobad/ar0d6166b1626d055bfa5360e4fbea359e,0.10127134616419338,es
88,opcionempleo::16359,opcionempleo,Planificador/a y Programador/a de Mantenimiento,Grassi SA,Excel / VBA,Santa Fe,,https://www.opcionempleo.com.ar/jobad/ar16359cab65b8ac2ffe0ebcb5fb8c9fe1,0.10120694735580384,es
89,opcionempleo::jobadarebfe1ea66a8554b6e30e53a86c23d152,opcionempleo,Analista De Planeamiento Y Control De Gestión Buenos Aires,Instituto Tecnológico de Buenos Aires,Control de Gestión,Buenos Aires,,https://www.opcionempleo.com.ar/jobad/arebfe1ea66a8554b6e30e53a86c23d152,0.10087079773287888,es
90,opcionempleo::786648,opcionempleo,Analista de Planeamiento y Control de Gestión (Buenos Aires),Itba,Control de Gestión,Buenos Aires,,https://www.opcionempleo.com.ar/jobad/ar7f41b53d5d786648fce5f2fe6f3a00e0,0.10041302355476737,es
91,bumeran::1118199639,bumeran,Gerente de Administracion y Finanzas,ONIX HUMAN RESOURCES CONSULTING S.A.,Finanzas / CAPEX,"Olivos, Buenos Aires",Híbrido,https://www.bumeran.com.ar/empleos/gerente-de-administracion-y-finanzas-onix-human-resources-consulting-s.a.-1118199639.html,0.1002895409468978,es
92,opcionempleo::006580,opcionempleo,Business Analyst,Talentcross,BI / Analytics,Buenos Aires,,https://www.opcionempleo.com.ar/jobad/arc01b859b006580a727378d36fbc39d9e,0.1001960084145878,es
93,bumeran::1118207499,bumeran,Gerente de Administración Finanzas y Contabilidad,laspipol laspipol,Finanzas / CAPEX,"Don Torcuato, Buenos Aires",Presencial,https://www.bumeran.com.ar/empleos/gerente-de-administracion-finanzas-y-contabilidad-laspipol-laspipol-1118207499.html,0.10017871006581341,es
94,opcionempleo::jobadar9a078cc8fbd9039c1463dedebd74c07a,opcionempleo,Ingeniero PLC&dcs (Puerto Esperanza),Arauco US,Ingeniero Industrial,"Puerto Esperanza, Misiones",,https://www.opcionempleo.com.ar/jobad/ar9a078cc8fbd9039c1463dedebd74c07a,0.09985731883177808,es
95,opcionempleo::302713288,opcionempleo,Analista de Control de Gestión (Buenos Aires),Natalia Sitta,Control de Gestión,Buenos Aires,,https://www.opcionempleo.com.ar/jobad/ar22f79d41db302713288dd47cf8be01ee,0.09957887312401338,es
96,opcionempleo::jobadarfaf2653dd3815c462bcc22d14abfb125,opcionempleo,Gerente de Compras (Buenos Aires),Natural Life,Compras / Procurement,Buenos Aires,,https://www.opcionempleo.com.ar/jobad/arfaf2653dd3815c462bcc22d14abfb125,0.09946198590942859,es
97,opcionempleo::11498,opcionempleo,JEFE DE COMPRAS | HOTEL SOFITEL LA RESERVA CARDALES,Accor,Compras / Procurement,"Campana, Provincia de Buenos Aires",,https://www.opcionempleo.com.ar/jobad/ar63abf11498c8269bc856b3bcfcdea74e,0.09911526533997574,es
98,opcionempleo::2635801,opcionempleo,Coordinador de Control De Gestion (Buenos Aires),Newsan,Control de Gestión,Buenos Aires,,https://www.opcionempleo.com.ar/jobad/areccf663a96b2635801cd0a7022c97eeb,0.0990346128017554,es
99,opcionempleo::jobadarb42c0e4f78d54d8d31f517ff82dd18fe,opcionempleo,Gerente de Produccion (Maipú),Adecco,Gerente de Operaciones,"Maipú, Provincia de Buenos Aires",,https://www.opcionempleo.com.ar/jobad/arb42c0e4f78d54d8d31f517ff82dd18fe,0.09889709868616826,es
100,opcionempleo::786078,opcionempleo,Gerente De Operaciones Rubro Construcción Florida Florida Oeste (Argentina),IngeJobs,Gerente de Operaciones,Argentina,,https://www.opcionempleo.com.ar/jobad/ar35f3e4a944a562d786078da6e9dfa2d1,0.09849341532250427,es
101,opcionempleo::758921,opcionempleo,Analista de Procesos de Supply Chain,Serial de la Torre,Supply Chain,Buenos Aires,,https://www.opcionempleo.com.ar/jobad/arb1068c15ad576eea25d758921efbd432,0.09839888409960888,es
102,opcionempleo::461569470,opcionempleo,Jefe/a de Control de Gestión (Barracas),Grupo Metropol,Control de Gestión,"Barracas, Buenos Aires",,https://www.opcionempleo.com.ar/jobad/ar461569470c64042d431fc602d3441e8d,0.09763173244670006,es
103,opcionempleo::jobadara5d512ef07ef777cc0e8baeb121c999b,opcionempleo,INGENIERO PLANIFICACION - MIDSTREAM OIL (Buenos Aires),YPF,Ingeniero Industrial,Buenos Aires,,https://www.opcionempleo.com.ar/jobad/ara5d512ef07ef777cc0e8baeb121c999b,0.09752430908366129,es
104,opcionempleo::jobadarc193ed6eb2e9a3baf5237dc522e87d0a,opcionempleo,Supervisor Técnico Ingeniero y Técnicos operativos San lorenzo Rosario,LEZCANO VANESA ITATI,Ingeniero Industrial,"Rosario, Santa Fe",,https://www.opcionempleo.com.ar/jobad/arc193ed6eb2e9a3baf5237dc522e87d0a,0.09700741692028984,es
105,opcionempleo::91910,opcionempleo,Analista Senior de Administración & Finanzas (Buenos Aires),Iafis Group,Finanzas / CAPEX,Buenos Aires,,https://www.opcionempleo.com.ar/jobad/ar91910ef46bc4ebe160bbc1decbd189de,0.0967660142216674,es
106,opcionempleo::9282923033201,opcionempleo,Gerente de operaciones (Argentina),CONESA EZEQUIEL,Gerente de Operaciones,Argentina,,https://www.opcionempleo.com.ar/jobad/ar0dbbb20c19ae9282923033201cdf1777,0.09660063821643836,es
107,opcionempleo::353191348,opcionempleo,Business Analyst Buenos Aires,TalentCross,BI / Analytics,Buenos Aires,,https://www.opcionempleo.com.ar/jobad/arcbc3cb353191348a259a470bccdc1913,0.09586200622952469,es
108,opcionempleo::jobadar95a1e4b8c3b8edeced6793d532c2c6ca,opcionempleo,Jefe/a de Costos y Control de Gestión (Argentina),Diagnóstico Maipú,Control de Gestión,Argentina,,https://www.opcionempleo.com.ar/jobad/ar95a1e4b8c3b8edeced6793d532c2c6ca,0.09583197821245144,es
109,opcionempleo::149960,opcionempleo,Gerente de Impuestos (Buenos Aires),Prosegur,Gerente de Operaciones,Buenos Aires,,https://www.opcionempleo.com.ar/jobad/ar338db790a404ca424f8efc1dda149960,0.09582008778486889,es
110,opcionempleo::1220414,opcionempleo,Gerente de Sistemas (Buenos Aires),GP Consultora,Gerente de Operaciones,Buenos Aires,,https://www.opcionempleo.com.ar/jobad/arfbb1220414e9f4e148bcc7dbcb8e0c22,0.09563537924648698,es
111,bumeran::1118118442,bumeran,Control de gestión comercial - EXPERIENCIA EN CONSUMO MASIVO,Confidencial,Control de Gestión,CABA,Presencial,https://www.bumeran.com.ar/empleos/control-de-gestion-comercial-experiencia-en-consumo-masivo-1118118442.html,0.09495969581123649,es
112,bumeran::1118227502,bumeran,Gerente de Administración y Finanzas,Neo-Biz,Finanzas / CAPEX,"Santa Fe, Santa Fe",Presencial,https://www.bumeran.com.ar/empleos/gerente-de-administracion-y-finanzas-neo-biz-1118227502.html,0.09495553197978382,es
113,opcionempleo::056503,opcionempleo,Gerente de Administración y Finanzas,NEO BIZ S. R. L.,Finanzas / CAPEX,Santa Fe,,https://www.opcionempleo.com.ar/jobad/ar73ba026c056503d119a30464cd25df66,0.0945811628324611,es
114,bumeran::1118211274,bumeran,Analista de Compras Sr,Confidencial,Compras / Procurement,CABA,Presencial,https://www.bumeran.com.ar/empleos/analista-de-compras-sr-1118211274.html,0.09377796459532547,es
115,bumeran::1118226628,bumeran,Gerente de Operación Terrestre – Turismo B2B,Darwin Consulting - Evolución Empresarial,Gerente de Operaciones,CABA,Híbrido,https://www.bumeran.com.ar/empleos/gerente-de-operacion-terrestre--turismo-b2b-darwin-consulting-evolucion-empresarial-1118226628.html,0.09346091513547242,es
116,opcionempleo::617402,opcionempleo,Analista de Control de Gestión (San Isidro),GA.Ma Italy,Control de Gestión,Argentina,,https://www.opcionempleo.com.ar/jobad/ar0c19cd7fa8ad830feb63f787f617402d,0.09327125868857185,es
117,opcionempleo::jobadar79d4fa50a1b653a8529a94d929d4191c,opcionempleo,Gerente de Sucursal (Mendoza),Swiss Medical Group,Gerente de Operaciones,Mendoza,,https://www.opcionempleo.com.ar/jobad/ar79d4fa50a1b653a8529a94d929d4191c,0.09316295882704083,es
118,opcionempleo::049844,opcionempleo,Analista de Compras Rubro Seguridad Electrónica,HR Oasis Consultora RRHH,Compras / Procurement,"Palermo, Buenos Aires",,https://www.opcionempleo.com.ar/jobad/ardcde049844a40fc87ce55613580d0dc3,0.09291437932898415,es
119,opcionempleo::jobadard87b4da9a29d7917a6f531b9005bcac0,opcionempleo,Ingeniero Mecánico para compras – Papelera (Buenos Aires),Selin,Compras / Procurement,Buenos Aires,,https://www.opcionempleo.com.ar/jobad/ard87b4da9a29d7917a6f531b9005bcac0,0.0923976725257237,es
120,bumeran::1118134698,bumeran,Líder de Finanzas y operación hotelera - Patagonia Austral (ref HTL700),Gennera Recursos Humanos,Finanzas / CAPEX,"El Calafate, Santa Cruz",Presencial,https://www.bumeran.com.ar/empleos/lider-de-finanzas-y-operacion-hotelera-patagonia-austral-ref-htl700-gennera-recursos-humanos-1118134698.html,0.09225282693139157,es
121,opcionempleo::jobadarfa8ebb2409fc66bfc9ceccbdb4376cac,opcionempleo,Analista de Compras Campo (Libertador General San Martín),Ledesma,Compras / Procurement,"Libertador General San Martín, Jujuy",,https://www.opcionempleo.com.ar/jobad/arfa8ebb2409fc66bfc9ceccbdb4376cac,0.09196338112838312,es
122,opcionempleo::jobadar96b9574d897a51caf5fcab096f0c8f6f,opcionempleo,Analista de Control de Gestión (Rosario),Find Me,Control de Gestión,"Rosario, Santa Fe",,https://www.opcionempleo.com.ar/jobad/ar96b9574d897a51caf5fcab096f0c8f6f,0.09193451931777845,es
123,opcionempleo::32008984,opcionempleo,Analista de Compras Sr (Rosario),Louis Dreyfus Company,Compras / Procurement,"Rosario, Santa Fe",,https://www.opcionempleo.com.ar/jobad/ar910e9537c0810da32008984b3853fc52,0.0917849107699183,es
124,opcionempleo::76818073,opcionempleo,Analista De Control De Gestión San Isidro,GA.Ma Italy,Control de Gestión,Argentina,,https://www.opcionempleo.com.ar/jobad/ard76818073ac33b1bd6f5c9c9e28e6b48,0.09171737260176983,es
125,opcionempleo::jobadar1687d170be061ce664a9aec3dfbd22f9,opcionempleo,Analista de Compras e Importaciones (Buenos Aires),Adecco,Compras / Procurement,Buenos Aires,,https://www.opcionempleo.com.ar/jobad/ar1687d170be061ce664a9aec3dfbd22f9,0.09162978693036324,es
126,opcionempleo::241316,opcionempleo,Jefe de Finanzas (Rosario),Nexa,Finanzas / CAPEX,"Rosario, Santa Fe",,https://www.opcionempleo.com.ar/jobad/arad37a984a13cce241316f1c5076d5f68,0.09149337752558136,es
127,opcionempleo::jobadarf0ee4280b14a67d497c3cbe0cb9a7760,opcionempleo,Gerente General De Operaciones,Simplia,Gerente de Operaciones,"San Isidro, Provincia de Buenos Aires",,https://www.opcionempleo.com.ar/jobad/arf0ee4280b14a67d497c3cbe0cb9a7760,0.09125302762657063,es
128,opcionempleo::3831469,opcionempleo,Gerente General De Operaciones,Soledad perez,Gerente de Operaciones,"San Isidro, Provincia de Buenos Aires",,https://www.opcionempleo.com.ar/jobad/ar98a3831469cfae147304feaac63d2ef1,0.09125302762657063,es
129,opcionempleo::621467769,opcionempleo,Jefe Administración y Control de Gestión / Moreno,ADN Recursos Humanos,Control de Gestión,Argentina,,https://www.opcionempleo.com.ar/jobad/ar621467769d52e9900dbe3fb652881adc,0.09115563404059104,es
130,opcionempleo::21431,opcionempleo,Gerente General De Operaciones,,Gerente de Operaciones,"San Isidro, Provincia de Buenos Aires",,https://www.opcionempleo.com.ar/jobad/ar3f21431a12bda041fe23af47f03f33de,0.09108315327189824,es
131,bumeran::1118111894,bumeran,Analista Control de gestión,Confidencial,Control de Gestión,"Don Torcuato, Buenos Aires",Presencial,https://www.bumeran.com.ar/empleos/analista-control-de-gestion-1118111894.html,0.09062564775592613,es
132,opcionempleo::jobadar11da49a7ea275d6916adbbcd8d3d3f52,opcionempleo,Analista En Auditoria Contable Y Control De Gestión Córdoba,Autocity,Control de Gestión,Argentina,,https://www.opcionempleo.com.ar/jobad/ar11da49a7ea275d6916adbbcd8d3d3f52,0.09049249369476876,es
133,bumeran::1117992955,bumeran,Jefe de Compras,Distribuidora Bulones Coiro SA,Compras / Procurement,"Lomas de Zamora, Buenos Aires",Presencial,https://www.bumeran.com.ar/empleos/jefe-de-compras-distribuidora-bulones-coiro-sa-1117992955.html,0.09009681963285911,es
134,opcionempleo::48227,opcionempleo,Gerente de Operaciones y Logística - Ing Industrial (Buenos Aires),Manage Resources,Gerente de Operaciones,Buenos Aires,,https://www.opcionempleo.com.ar/jobad/ar304cc1b363f9e074e48227d400bdbb43,0.08950163460175664,es
135,opcionempleo::09675,opcionempleo,Activador/a De Compras Y Materiales Malvinas Argentinas,SCI Comunidad,Compras / Procurement,"Buenos Aires, Argentina",,https://www.opcionempleo.com.ar/jobad/ar5748bb53b3972d09675ca057373ffaa4,0.08940684092973222,es
136,opcionempleo::05798,opcionempleo,Senior De Compras Y Contrataciones – Oil & Gas Neuquén,Human Consulting,Compras / Procurement,Neuquén,,https://www.opcionempleo.com.ar/jobad/arabe06c9740a05798a5f6a671ea3d2cfc,0.08918295942508497,es
137,opcionempleo::58267,opcionempleo,Analista de Compras (req206233 ) Permanente (San Justo),Experis,Compras / Procurement,"San Justo, Provincia de Buenos Aires",,https://www.opcionempleo.com.ar/jobad/ar2d9efd1127a7db5379df097eb8b58267,0.0890108382424657,es
138,opcionempleo::jobadar6a8ffbedc3c0b1f27ff74affea1a2a9d,opcionempleo,Analista de Control de Gestión (Munro),Newsan,Control de Gestión,Argentina,,https://www.opcionempleo.com.ar/jobad/ar6a8ffbedc3c0b1f27ff74affea1a2a9d,0.08885492620505572,es
139,opcionempleo::jobadar5229dd1eb0c5976e20f30bb66a316af2,opcionempleo,Ingeniero Eléctrico Sr. - CABA (Buenos Aires),John Wood Group,Ingeniero Industrial,Buenos Aires,,https://www.opcionempleo.com.ar/jobad/ar5229dd1eb0c5976e20f30bb66a316af2,0.08870469685240877,es
140,opcionempleo::jobadarc4bfff2d1664a5d6326a0844ee13ec9e,opcionempleo,Analista de Tolling y Supply Chain (Buenos Aires),BASF,Supply Chain,Buenos Aires,,https://www.opcionempleo.com.ar/jobad/arc4bfff2d1664a5d6326a0844ee13ec9e,0.08855880315617652,es
141,opcionempleo::571428,opcionempleo,Analista de Compras (Buenos Aires),Talento HR,Compras / Procurement,Buenos Aires,,https://www.opcionempleo.com.ar/jobad/arbc8368d2e3cd2a0d71dba5b571428db8,0.08833871849677613,es
142,bumeran::1118113742,bumeran,ANALISTA DE CONTROL DE GESTIÓN OPERATIVA,Benito Roggio ambiental,Control de Gestión,"José León Suárez, Buenos Aires",Presencial,https://www.bumeran.com.ar/empleos/analista-de-control-de-gestion-operativa-benito-roggio-ambiental-1118113742.html,0.08804424710834496,es
143,opcionempleo::24231,opcionempleo,ANALISTA DE CONTROL DE GESTION Y PRESUPUESTO ssr (Buenos Aires),R. O. Torreiro & Asociados,Control de Gestión,Buenos Aires,,https://www.opcionempleo.com.ar/jobad/ar23c5899c24231daf2ab7789c5116a839,0.08786133952420594,es
144,opcionempleo::jobadar643e4948ca7c9fbee6af707d7cfe894f,opcionempleo,Ingeniero/a De Calidad Industria Alimenticia Pilar,Sinergia3,Ingeniero Industrial,"Pilar, Provincia de Buenos Aires",,https://www.opcionempleo.com.ar/jobad/ar643e4948ca7c9fbee6af707d7cfe894f,0.08777976367921328,es
145,opcionempleo::35115,opcionempleo,Ey - Gerente de Proyectos de Consultoría en Data & Artificial Intelligence (Buenos Aires),EY,BI / Analytics,Buenos Aires,,https://www.opcionempleo.com.ar/jobad/are20b35115e7cce6b9825225188c60b50,0.0873661265966779,es
146,opcionempleo::jobadar1cdb915dc7779e07bff2250aa99ab9de,opcionempleo,Analista Control de Gestion (Rosario),Molinos Rio de la Plata,Control de Gestión,"Rosario, Santa Fe",,https://www.opcionempleo.com.ar/jobad/ar1cdb915dc7779e07bff2250aa99ab9de,0.08729427031888323,es
147,opcionempleo::9618848,opcionempleo,Analista de Control de Gestión,Newsan,Control de Gestión,"Munro, Provincia de Buenos Aires",,https://www.opcionempleo.com.ar/jobad/ar78ad9618848ef16810e65da1882cd797,0.08712592207819764,es
148,bumeran::1118157618,bumeran,Jefatura de Compras Non Food,La Anónima,Compras / Procurement,"Ituzaingó, Buenos Aires",Híbrido,https://www.bumeran.com.ar/empleos/jefatura-de-compras-non-food-la-anonima-1118157618.html,0.0869482088368203,es
149,opcionempleo::23303,opcionempleo,Consultor de mejora y transformación de procesos - Senior,BDO,Excel / VBA,Buenos Aires,,https://www.opcionempleo.com.ar/jobad/ar4cd23303a2b580b127a50dfe82dfa857,0.08668142770735095,es
150,opcionempleo::79352553052,opcionempleo,Analista Sr De Control De Gestión Buenos Aires,Central Puerto,Control de Gestión,Buenos Aires,,https://www.opcionempleo.com.ar/jobad/ar68df2221db79352553052e9da7b3d87d,0.08655216082193162,es
151,opcionempleo::580820,opcionempleo,Analista Compras Productivas/improdictivas (Buenos Aires),Temple,Compras / Procurement,Buenos Aires,,https://www.opcionempleo.com.ar/jobad/ar5b988a0e5d4386a580820be757c20cea,0.0865173456752142,es
152,opcionempleo::86030553,opcionempleo,Gerente de Supply Chain (Provincia de Buenos Aires),Knauf,Supply Chain,Buenos Aires,,https://www.opcionempleo.com.ar/jobad/ar24e00e1b86030553f9a4d78c3b2ce249,0.08635232651576447,es
153,opcionempleo::168040,opcionempleo,Analista Senior de Planificación de Compras (Zona Oeste GBA) (Ituzaingó),Reklut,Compras / Procurement,"Ituzaingó, Provincia de Buenos Aires",,https://www.opcionempleo.com.ar/jobad/arb653ca6ab4953ec6ff817e0b168040e7,0.08631619933298473,es
154,opcionempleo::61438570134,opcionempleo,Jefe Departamento Control de Gestion (Pilar),Emprendimientos Gastronomicos,Control de Gestión,"Pilar, Provincia de Buenos Aires",,https://www.opcionempleo.com.ar/jobad/arcfe3050edb7d17baee61438570134de3,0.0859888423410845,es
155,opcionempleo::jobadar6c7a12cc15f2df51c8bfae2a9bacd1b0,opcionempleo,ANALISTA DE COMPRAS SSR. – PRODUCTOS SALUDABLES (Lanús),ALIONS,Compras / Procurement,"Lanús, Provincia de Buenos Aires",,https://www.opcionempleo.com.ar/jobad/ar6c7a12cc15f2df51c8bfae2a9bacd1b0,0.08597453852413471,es
156,opcionempleo::3649626,opcionempleo,Analista de Compras Semi Senior (Buenos Aires),Ball,Compras / Procurement,Buenos Aires,,https://www.opcionempleo.com.ar/jobad/arf76a1fecd3649626c020dc237372a895,0.08572824101056213,es
157,opcionempleo::jobadar1ab4b6181c5f3df4b7da7bc2b1eb087e,opcionempleo,Gerente de Operaciones / Supply Chain - Pyme (Villa Adelina),Mandel & Wirth,Gerente de Operaciones,Argentina,,https://www.opcionempleo.com.ar/jobad/ar1ab4b6181c5f3df4b7da7bc2b1eb087e,0.08553395596293177,es
158,opcionempleo::31723259,opcionempleo,Gerente de Operaciones y Logística (Buenos Aires),Manage Resources,Gerente de Operaciones,Buenos Aires,,https://www.opcionempleo.com.ar/jobad/arad68a2ac5538de5b3b33fa31723259ff,0.08550402739079585,es
159,bumeran::1118211626,bumeran,"Jefe de Contabilidad, Costos y control de Gestión para zona Norte.",Confidencial,Control de Gestión,"Munro, Buenos Aires",Presencial,https://www.bumeran.com.ar/empleos/jefe-de-contabilidad-costos-y-control-de-gestion-para-zona-norte.-1118211626.html,0.08520042593091454,es
160,opcionempleo::10495,opcionempleo,Gerente de Operaciones - Tecnologia/ It (Buenos Aires),,Gerente de Operaciones,Buenos Aires,,https://www.opcionempleo.com.ar/jobad/arb491f10495b5bd8c91d58cae0f20321b,0.08517823995920051,es
161,opcionempleo::jobadar3337ca8f1e3f358d4867c20ace5e40a4,opcionempleo,Analista de Compras (Rosario),Segrup Argentina,Compras / Procurement,"Rosario, Santa Fe",,https://www.opcionempleo.com.ar/jobad/ar3337ca8f1e3f358d4867c20ace5e40a4,0.08507929747485134,es
162,opcionempleo::4367569728,opcionempleo,Analista de datos,Grupo Gestión,Excel / VBA,"Barracas, Buenos Aires",,https://www.opcionempleo.com.ar/jobad/ar4367569728b22db517b662b6175275c0,0.08505005254863839,es
163,opcionempleo::jobadarb2ef063e4c106faaeccfaa209f47d7e7,opcionempleo,Analista de Presupuesto y Control de Gestión Sr. (Escobar),Vision Outsourcers,Control de Gestión,"Escobar, Provincia de Buenos Aires",,https://www.opcionempleo.com.ar/jobad/arb2ef063e4c106faaeccfaa209f47d7e7,0.084660534930901,es
164,bumeran::1118138981,bumeran,Líder de Administración y Finanzas,HRS - Human Resources Solutions,Finanzas / CAPEX,"Neuquén, Neuquén",Presencial,https://www.bumeran.com.ar/empleos/lider-de-administracion-y-finanzas-hrs-human-resources-solutions-1118138981.html,0.08439080958317201,es
165,opcionempleo::4698218,opcionempleo,Data Scientist Sr (Buenos Aires),FYG | For Your Growth,Data Scientist,Buenos Aires,,https://www.opcionempleo.com.ar/jobad/ar055a69e8cc1a4698218bbf845816d2b6,0.08417673000864673,es
166,bumeran::1118187332,bumeran,Responsable de Compras | Rubro Construcción,Confidencial,Compras / Procurement,"Vicente López, Buenos Aires",Presencial,https://www.bumeran.com.ar/empleos/responsable-de-compras-|-rubro-construccion-1118187332.html,0.08411424483628738,es
167,opcionempleo::764770,opcionempleo,Especialista de Business Intelligence (Buenos Aires),Banco Comafi,BI / Analytics,Buenos Aires,,https://www.opcionempleo.com.ar/jobad/ar764770fb50bbca0c607d59b3431f722c,0.08411027634908098,es
168,opcionempleo::44261,opcionempleo,Analista de Control de Gestion Hhc (Munro),Air Liquide,Control de Gestión,Argentina,,https://www.opcionempleo.com.ar/jobad/are7b0ce2e3c0d1bf088c6e44261a38944,0.08407367684134914,es
169,opcionempleo::48120574,opcionempleo,Coordinador de Obras y Servicios - Presencial Mendoza,Randstad,Excel / VBA,"Godoy Cruz, Mendoza",,https://www.opcionempleo.com.ar/jobad/ar48120574bd9ba7ba2dffd73c95924f44,0.08398380714157286,es
170,opcionempleo::73104867,opcionempleo,Jefe de proyecto/Desarrollador/Diseño Industrial para Metalurgica (ingeniero),RH Consultores,Ingeniero Industrial,"Merlo, Provincia de Buenos Aires",,https://www.opcionempleo.com.ar/jobad/ar435e73104867aa14077e980bc408d403,0.08397983639917134,es
171,opcionempleo::38584,opcionempleo,Analista Junior De Control De Gestión Córdoba (Argentina),Universia Argentina,Control de Gestión,Argentina,,https://www.opcionempleo.com.ar/jobad/ar1c43b38584c4539d2982f577b3cb9aa2,0.0836578315652635,es
172,opcionempleo::047342,opcionempleo,Analista De Planeamiento Y Control De Gestión Buenos Aires,CiclosRH Consulting,Control de Gestión,Buenos Aires,,https://www.opcionempleo.com.ar/jobad/ar21cbaaca1c3ec2c047342df5b3e01768,0.083634649225225,es
173,opcionempleo::089342872,opcionempleo,Jefatura de Administración y Finanzas (Neuquén),Estudio Sánchez Salas,Finanzas / CAPEX,Neuquén,,https://www.opcionempleo.com.ar/jobad/arddc901c089342872d091c9fa291d1746,0.08336304996370053,es
174,opcionempleo::jobadarde63b134c9ac027a36f14a620f2a2033,opcionempleo,Analista de compras productivas,Consultores de Empresas,Compras / Procurement,Córdoba,,https://www.opcionempleo.com.ar/jobad/arde63b134c9ac027a36f14a620f2a2033,0.08315540115251775,es
175,opcionempleo::jobadar657f84e28ff583faa1c244c017bdd97f,opcionempleo,Analista De Supply Chain Química Buenos Aires,MSP Consultora en Recursos Humanos,Supply Chain,Buenos Aires,,https://www.opcionempleo.com.ar/jobad/ar657f84e28ff583faa1c244c017bdd97f,0.08305260640301312,es
176,opcionempleo::jobadarc00f1513ae637c5c2755efec925c71d0,opcionempleo,Logistics Performance Specialist,PedidosYa,Excel / VBA,Buenos Aires,,https://www.opcionempleo.com.ar/jobad/arc00f1513ae637c5c2755efec925c71d0,0.08301809000530178,es
177,opcionempleo::jobadarcfe941c0d9396d078d3d1b8ca9ac3cb7,opcionempleo,Analista de Compras (Quilmes),Sealed Air,Compras / Procurement,"Quilmes, Provincia de Buenos Aires",,https://www.opcionempleo.com.ar/jobad/arcfe941c0d9396d078d3d1b8ca9ac3cb7,0.08285992359646392,es
178,opcionempleo::jobadar07dfda58d3eff2b289ae50bd24a50b53,opcionempleo,Líder De Finanzas Y Operación Hotelera Patagonia Austral Ref El Calafate,Nosotros,Finanzas / CAPEX,"El Calafate, Santa Cruz",,https://www.opcionempleo.com.ar/jobad/ar07dfda58d3eff2b289ae50bd24a50b53,0.0828323299785976,es
179,opcionempleo::86297,opcionempleo,Analista De Compras Estratégico Sap Hotelero Capital (Buenos Aires),Randstad,Compras / Procurement,Buenos Aires,,https://www.opcionempleo.com.ar/jobad/ar1af86297c1e91fe071187cf01106322f,0.08272654209004578,es
180,opcionempleo::68608956,opcionempleo,"Ingeniero Mecanico, Electromecanico, Industrial para procesos (San Luis)",Manpower,Ingeniero Industrial,San Luis,,https://www.opcionempleo.com.ar/jobad/areb49cfe8dba8a807a68608956b571d57,0.08269064007470653,es
181,opcionempleo::0284007,opcionempleo,Analista Control de Gestion Ssr (Hibrido - Retiro) (Buenos Aires),View Quality Consulting,Control de Gestión,Buenos Aires,,https://www.opcionempleo.com.ar/jobad/ar6cf2cde45ecb81b91dc9e0284007db2f,0.08268650037095539,es
182,opcionempleo::17091550,opcionempleo,Jefe de Compras Generales: Lidera Estrategia y Proveedores (Buenos Aires),Medifé,Compras / Procurement,Buenos Aires,,https://www.opcionempleo.com.ar/jobad/arb4bcd2766e1a5e47afae17091550ce61,0.082603772436359,es
183,opcionempleo::5356986,opcionempleo,Senior de Control de Gestión,LA VIE SUITE,Control de Gestión,Buenos Aires,,https://www.opcionempleo.com.ar/jobad/ar03b5356986e0931dceca1a4ddde859a5,0.08258266386696482,es
184,opcionempleo::jobadar148fef0a43a4ea1933ebd94d08bc9569,opcionempleo,Analista de Compras Semi Senior Caba (Buenos Aires),Manage Resources,Compras / Procurement,Buenos Aires,,https://www.opcionempleo.com.ar/jobad/ar148fef0a43a4ea1933ebd94d08bc9569,0.08221901604927144,es
185,opcionempleo::42406,opcionempleo,Analista de Gestión y Control de Calidad de (Funes),Find Me,Control de Gestión,"Funes, Santa Fe",,https://www.opcionempleo.com.ar/jobad/ar6b8f62e8bbf42406cacf764798b8021c,0.08220231306166086,es
186,opcionempleo::jobadaraf5b27cdb5481e5b5f62b5044e5d8bb0,opcionempleo,Gerente de Operaciones de Monitoreo (Belgrano),,Gerente de Operaciones,Argentina,,https://www.opcionempleo.com.ar/jobad/araf5b27cdb5481e5b5f62b5044e5d8bb0,0.08197884834477166,es
187,opcionempleo::jobadar19c4bd336cabed1c2cf8cd28c9f5752b,opcionempleo,INGENIERO DE PROCESOS | IMPORTANTE AUTOPARTISTA | SPEGAZZINI EZEIZA,Cona Consultores,Ingeniero Industrial,"Ezeiza, Provincia de Buenos Aires",,https://www.opcionempleo.com.ar/jobad/ar19c4bd336cabed1c2cf8cd28c9f5752b,0.08183890768761072,es
188,opcionempleo::90407,opcionempleo,Gerente de Operaciones (Munro),iTalent Connection,Gerente de Operaciones,Argentina,,https://www.opcionempleo.com.ar/jobad/ar8d90407f6a09365090ac514529cd487d,0.08159422102739093,es
189,opcionempleo::jobadar41dffb936cc33e964a10b4b434b450aa,opcionempleo,Ey - Especialista en Data & Artificial Intelligence en Ambientes Azure (Buenos Aires),EY,BI / Analytics,Buenos Aires,,https://www.opcionempleo.com.ar/jobad/ar41dffb936cc33e964a10b4b434b450aa,0.08127684472560526,es
190,opcionempleo::jobadar860e425c13da487d91f8ae556c3dac91,opcionempleo,"Recepcionista, Compras y Servicios (Buenos Aires)",jauser cargo argentina,Compras / Procurement,Buenos Aires,,https://www.opcionempleo.com.ar/jobad/ar860e425c13da487d91f8ae556c3dac91,0.08118901224490115,es
191,opcionempleo::6936367,opcionempleo,Ingeniero De Mantenimiento Planeado,Cerveceriaymalteriaquilmes,Ingeniero Industrial,Buenos Aires,,https://www.opcionempleo.com.ar/jobad/ar0b2518f95ad36da83d34a72cc6936367,0.08096067589820037,es
192,opcionempleo::79642,opcionempleo,Senior De Compras Y Contrataciones Para Operaciones Oil Gas Neuquén,Human Consulting,Compras / Procurement,Neuquén,,https://www.opcionempleo.com.ar/jobad/ar36a92a0c8ea172f79642a72f1b3e4071,0.0809178409204466,es
193,opcionempleo::jobadar0a054ee5afc8904c5a8baf54d7b083f2,opcionempleo,Ingeniero Eléctrico expresión de Interés (Mendoza),John Wood Group,Ingeniero Industrial,Mendoza,,https://www.opcionempleo.com.ar/jobad/ar0a054ee5afc8904c5a8baf54d7b083f2,0.0807457377142261,es
194,opcionempleo::15624204046674,opcionempleo,Responsable de Finanzas (Buenos Aires),de Elizalde Desarrollo de Talento,Finanzas / CAPEX,Buenos Aires,,https://www.opcionempleo.com.ar/jobad/ar975bb36ad529fc359b15624204046674,0.08065736998646257,es
195,opcionempleo::4368112,opcionempleo,Ingeniero/a de Mantenimiento (Pilar),Woodbridge,Ingeniero Industrial,"Pilar, Provincia de Buenos Aires",,https://www.opcionempleo.com.ar/jobad/ar2464da4368112ae39c4c89249e9af4ea,0.08035083805273692,es
196,opcionempleo::jobadarcf368f1b5422bcf036be4fc79e0aea73,opcionempleo,Analista de Compras Locales (Buenos Aires),Kompusur,Compras / Procurement,Buenos Aires,,https://www.opcionempleo.com.ar/jobad/arcf368f1b5422bcf036be4fc79e0aea73,0.08016097807491696,es
197,opcionempleo::09238,opcionempleo,Customer Service Logistics - Supply Chain (Vicente López),Newsan,Supply Chain,"Vicente López, Provincia de Buenos Aires",,https://www.opcionempleo.com.ar/jobad/arbfe4657d4f846d56dc8e085b5e09238a,0.08014131149375725,es
198,opcionempleo::8399439,opcionempleo,Ingeniero Industrial Yo Mecánico (Rosario),Link Laboral Puerto Norte,Ingeniero Industrial,"Rosario, Santa Fe",,https://www.opcionempleo.com.ar/jobad/ar628c0458fe8399439fe46deac0426f11,0.0799389623374993,es
199,opcionempleo::jobadar9b0b465a191e0922b01f9643cb11f384,opcionempleo,Junior Compras,MAIN | Trade Marketing Solutions,Compras / Procurement,"Nuñez, Buenos Aires",,https://www.opcionempleo.com.ar/jobad/ar9b0b465a191e0922b01f9643cb11f384,0.07989042402062205,es
200,opcionempleo::jobadar3a175f91fb691f322fb3472b6028c9fb,opcionempleo,Analista de Supply Chain & Customer Service,Newsan,Supply Chain,"Munro, Provincia de Buenos Aires",,https://www.opcionempleo.com.ar/jobad/ar3a175f91fb691f322fb3472b6028c9fb,0.07981628016344496,es
201,opcionempleo::43465,opcionempleo,Gerente de Operaciones,Michael Page,Gerente de Operaciones,Buenos Aires,,https://www.opcionempleo.com.ar/jobad/ar6be2721cca04b70fe7bdfc20cda43465,0.07981561453430473,es
202,opcionempleo::4700379,opcionempleo,Gerente general para grupo Gastronómico (Balvanera),PEREZ VERONICA SANDRA,Gerente de Operaciones,"Balvanera, Buenos Aires",,https://www.opcionempleo.com.ar/jobad/ar8c5c4d2c4700379e5c4a535eb9f4f711,0.07976944866744995,es
203,opcionempleo::25358,opcionempleo,Coordinador de Compras de Servicios,Grassi SA,Compras / Procurement,Santa Fe,,https://www.opcionempleo.com.ar/jobad/ar25358c45d96608dcecdb7277468e5269,0.07973828281388898,es
204,opcionempleo::jobadarcf01b9d95d7c33f9ce894b5f1dc0f8e1,opcionempleo,Data Scientist (Buenos Aires),Cirion Technologies,Data Scientist,Buenos Aires,,https://www.opcionempleo.com.ar/jobad/arcf01b9d95d7c33f9ce894b5f1dc0f8e1,0.07952992083897216,es
205,opcionempleo::726929,opcionempleo,Analista semi sr de control de gestión (Tigre),INTERNATIONAL CAREER PROGRAM,Control de Gestión,Argentina,,https://www.opcionempleo.com.ar/jobad/ar4801f726929ab31d2d6dfe6e977dc2d9,0.07936490009947712,es
206,bumeran::1118200779,bumeran,Encargado de Compras y mantenimiento,Confidencial,Compras / Procurement,CABA,Híbrido,https://www.bumeran.com.ar/empleos/encargado-de-compras-y-mantenimiento-1118200779.html,0.07929408135470833,es
207,bumeran::1118210470,bumeran,Gerente de administración y finanzas,MB Consultora,Finanzas / CAPEX,"Escobar, Buenos Aires",Presencial,https://www.bumeran.com.ar/empleos/gerente-de-administracion-y-finanzas-mb-consultora-1118210470.html,0.07901464196457803,es
208,opcionempleo::94678496,opcionempleo,Analista De Control De Gestión Jr Buenos Aires,BetWarrior,Control de Gestión,Buenos Aires,,https://www.opcionempleo.com.ar/jobad/ar2d2ad1be1a94678496e3c7e288ebb71b,0.07893828516497936,es
209,bumeran::1118174556,bumeran,Gerente de Finanzas y Gestión comercial - Indumentaria,AUREIA,Finanzas / CAPEX,CABA,Híbrido,https://www.bumeran.com.ar/empleos/gerente-de-finanzas-y-gestion-comercial-indumentaria-aureia-1118174556.html,0.07887591358842674,es
210,opcionempleo::3255631,opcionempleo,Ingeniero/a de producto (Zárate),Adecco,Ingeniero Industrial,"Zárate, Provincia de Buenos Aires",,https://www.opcionempleo.com.ar/jobad/arde423c8eaa3255631bfdb03058a612e2,0.078794646025931,es
211,bumeran::1118222796,bumeran,Analista Ssr. de Business Intelligence,Coppel S A,BI / Analytics,"General Pacheco, Buenos Aires",Presencial,https://www.bumeran.com.ar/empleos/analista-ssr.-de-business-intelligence-coppel-s-a-1118222796.html,0.07875614485107484,es
212,opcionempleo::jobadarce47a3c9d0fc2bc7eccfc4bb0243c062,opcionempleo,Gerente De Operaciones San Justo (Argentina),Convocare,Gerente de Operaciones,Argentina,,https://www.opcionempleo.com.ar/jobad/arce47a3c9d0fc2bc7eccfc4bb0243c062,0.07872118680246826,es
213,opcionempleo::6307567,opcionempleo,Gerente de Compras no Productivas (Buenos Aires),Grupo Corven,Compras / Procurement,Buenos Aires,,https://www.opcionempleo.com.ar/jobad/ard3e386affaf36f0135f7bc9ca6307567,0.07870626641746728,es
214,opcionempleo::36450,opcionempleo,"Analista de Control de Gestión (BI, Data Analytics y Automatización) Malvinas Argentinas",People Process,Control de Gestión,"Buenos Aires, Argentina",,https://www.opcionempleo.com.ar/jobad/ar9a1e80fa9d36450c26f9945896bdb935,0.07845864823041711,es
215,bumeran::1118191777,bumeran,Analista de Supply Chain,Neo-Biz,Supply Chain,"Alvear, Santa Fe",Presencial,https://www.bumeran.com.ar/empleos/analista-de-supply-chain-neo-biz-1118191777.html,0.07821489352386542,es
216,opcionempleo::22217,opcionempleo,Ingeniero Industrial (Mendoza),Gastrosud,Ingeniero Industrial,Mendoza,,https://www.opcionempleo.com.ar/jobad/are5f89cad966bba02f259f22217b3e815,0.07813174968741243,es
217,opcionempleo::jobadard41bfdb2bb4b422d320fe3f2fb2115ea,opcionempleo,Director de Prestaciones de Salud y Operaciones (Rosario),Taxia Recruitment,Gerente de Operaciones,"Rosario, Santa Fe",,https://www.opcionempleo.com.ar/jobad/ard41bfdb2bb4b422d320fe3f2fb2115ea,0.07805838021414131,es
218,bumeran::1118188993,bumeran,ANALISTA DE COMPRAS,Confidencial,Compras / Procurement,CABA,Presencial,https://www.bumeran.com.ar/empleos/analista-de-compras-1118188993.html,0.07796379820417741,es
219,bumeran::1118201246,bumeran,Analista de Control de Gestión Logístico,GA.Ma Italy,Control de Gestión,"San Isidro, Buenos Aires",Híbrido,https://www.bumeran.com.ar/empleos/analista-de-control-de-gestion-logistico-ga.ma-italy-1118201246.html,0.0778853186078336,es
220,opcionempleo::jobadar98e7ddef81f0ab4084ed4826dfa038bc,opcionempleo,Director De Prestaciones De Salud Y Operaciones,Taxia Recruitment,Gerente de Operaciones,"Rosario, Santa Fe",,https://www.opcionempleo.com.ar/jobad/ar98e7ddef81f0ab4084ed4826dfa038bc,0.07772159912873362,es
221,opcionempleo::91842159813,opcionempleo,Analista de Supply Chain,NEO BIZ S. R. L.,Supply Chain,"Santa Fe Alvear, Corrientes",,https://www.opcionempleo.com.ar/jobad/ar8fe561c24aca3b29c0c91842159813ae,0.077582952706251,es
222,opcionempleo::423288382,opcionempleo,Analista Sr de Control de Gestión - Búsqueda (Buenos Aires),Mirgor,Control de Gestión,Buenos Aires,,https://www.opcionempleo.com.ar/jobad/ardff423288382bf97adae8ad0740260e6,0.07740234608175829,es
223,opcionempleo::58781,opcionempleo,JEFE PLANIFACIÓN Y CONTROL DE GESTION FINANCIERO (Buenos Aires),YPF,Control de Gestión,Buenos Aires,,https://www.opcionempleo.com.ar/jobad/ar2836ba3a2dc58781b8c38b453aa80156,0.07729568559238978,es
224,opcionempleo::552707,opcionempleo,Gerente de Administración y Finanzas (Buenos Aires),Maria Gabriela Panzitta,Finanzas / CAPEX,Buenos Aires,,https://www.opcionempleo.com.ar/jobad/ar3410ea15ab76ca1b620e47d552707ee4,0.07725072248840101,es
225,opcionempleo::51455968102,opcionempleo,Gerente de Repuestos (Buenos Aires),Nosotros,Gerente de Operaciones,Buenos Aires,,https://www.opcionempleo.com.ar/jobad/ar51455968102b89da970be4be38033cf2,0.0771685657011532,es
226,opcionempleo::981299730,opcionempleo,Analista de Compras Generales (Buenos Aires),Honda,Compras / Procurement,Buenos Aires,,https://www.opcionempleo.com.ar/jobad/ar9cccfa7bf7d377bd981299730ca223e7,0.07707330811046151,es
227,opcionempleo::010088,opcionempleo,Analista Ssr De Business Intelligence General Pacheco,Coppel,BI / Analytics,Argentina,,https://www.opcionempleo.com.ar/jobad/ar1f010088f26f008645e6fc311819e9bc,0.07687366657894971,es
228,opcionempleo::3818429,opcionempleo,Asistente de Compras (San Nicolás),,Compras / Procurement,"San Nicolás, Buenos Aires",,https://www.opcionempleo.com.ar/jobad/arca4b8fdd613bf9f3818429eb7cb574af,0.07677373255359278,es
229,bumeran::1118223572,bumeran,Business Intelligence Senior (Data Planning) - Híbrido - 1822,Aliantec,BI / Analytics,CABA,Híbrido,https://www.bumeran.com.ar/empleos/business-intelligence-senior-data-planning-hibrido-1822-aliantec-1118223572.html,0.07673286223160654,es
230,opcionempleo::687630,opcionempleo,Analista Compras Buenos Aires,FAIP SAIC,Compras / Procurement,Buenos Aires,,https://www.opcionempleo.com.ar/jobad/ar5eaba4934f17d6a2f425dee687630d96,0.07670254507042924,es
231,opcionempleo::jobadar9eba0bec2204aa0a3825a4889e8d0b2e,opcionempleo,Responsable de Administración y Finanzas (Rosario),MEC Consultores,Finanzas / CAPEX,"Rosario, Santa Fe",,https://www.opcionempleo.com.ar/jobad/ar9eba0bec2204aa0a3825a4889e8d0b2e,0.07661534557267721,es
232,opcionempleo::729924,opcionempleo,Business Intelligence Senior (Data Planning) - Híbrido,Aliantec,BI / Analytics,Buenos Aires,,https://www.opcionempleo.com.ar/jobad/ar47f3cf21ea729924beca3327a0f6fe95,0.07659925823712202,es
233,opcionempleo::jobadar4f58f2f0cc06fc98d0aefbe9f936c5f6,opcionempleo,Líder Control de Gestión (Buenos Aires),,Control de Gestión,Buenos Aires,,https://www.opcionempleo.com.ar/jobad/ar4f58f2f0cc06fc98d0aefbe9f936c5f6,0.07617985930864056,es
234,opcionempleo::45770634300,opcionempleo,Jefe/a de Compras,,Compras / Procurement,"Vicente López, Provincia de Buenos Aires Buenos Aires",,https://www.opcionempleo.com.ar/jobad/arb45770634300c9c9ea08e5a1cd49efb6,0.07593966417215692,es
235,bumeran::1118219626,bumeran,Referente de compras,Grupo Médico Santa Bárbara,Compras / Procurement,"Avellaneda, Buenos Aires",Presencial,https://www.bumeran.com.ar/empleos/referente-de-compras-grupo-medico-santa-barbara-1118219626.html,0.07589464200071949,es
236,opcionempleo::41460,opcionempleo,Ingeniero Industrial Electromecánico Córdoba,Hand Selection,Ingeniero Industrial,Córdoba,,https://www.opcionempleo.com.ar/jobad/ar5e0b8c1f5ede41460ae7f43556daf5f9,0.07581710096012824,es
237,opcionempleo::531171,opcionempleo,Ingeniero Industrial 203156 Permanente,Manpower,Ingeniero Industrial,San Luis,,https://www.opcionempleo.com.ar/jobad/ar80f6b358dd462a4540dad8ed0e531171,0.07572982931304037,es
238,opcionempleo::350497327,opcionempleo,Gerente de Operaciones - Mar del Plata y Gran Buenos Aires,Soledad perez,Gerente de Operaciones,"Mar del Plata, Provincia de Buenos Aires",,https://www.opcionempleo.com.ar/jobad/are4abaff350497327be051651477ae959,0.07571851338105878,es
239,opcionempleo::jobadar9351ce76d6a4409f7d2b7dc60e9720bc,opcionempleo,Gerente de Operaciones - Mar del Plata y Gran Buenos Aires,Simplia,Gerente de Operaciones,"Mar del Plata, Provincia de Buenos Aires",,https://www.opcionempleo.com.ar/jobad/ar9351ce76d6a4409f7d2b7dc60e9720bc,0.07571851338105878,es
240,opcionempleo::4907887,opcionempleo,Analista de Control de Gestión (Buenos Aires),Eym Consultora,Control de Gestión,Buenos Aires,,https://www.opcionempleo.com.ar/jobad/ar2f5a1e4907887c321ec1af3eae9cae82,0.07559430691193916,es
241,opcionempleo::jobadar7de663bdec28f7e23eaa8beda1cea366,opcionempleo,Gerente de Operaciones - Mar del Plata y Gran Buenos Aires,,Gerente de Operaciones,"Mar del Plata, Provincia de Buenos Aires",,https://www.opcionempleo.com.ar/jobad/ar7de663bdec28f7e23eaa8beda1cea366,0.0755722666178093,es
242,opcionempleo::577180,opcionempleo,Administrativa de compras part time (Buenos Aires),Adecco,Compras / Procurement,Buenos Aires,,https://www.opcionempleo.com.ar/jobad/ar85c577180dfbbbea5c8a8b756e836ef5,0.0752860387579766,es
243,bumeran::1118185236,bumeran,Analista de Compras,Confidencial,Compras / Procurement,"Tigre, Buenos Aires",Presencial,https://www.bumeran.com.ar/empleos/analista-de-compras-1118185236.html,0.07527192798143066,es
244,opcionempleo::16706,opcionempleo,Analista Sr Finanzas (Buenos Aires),T&T Trabajo y Talento,Finanzas / CAPEX,Buenos Aires,,https://www.opcionempleo.com.ar/jobad/ar16706c269360799eaad4621d0d73cbbb,0.07494176913775288,es
245,opcionempleo::5331839,opcionempleo,Analista Ssr. de Business Intelligence (Tigre),Coppel,BI / Analytics,Argentina,,https://www.opcionempleo.com.ar/jobad/ar04a3dd4130c72fdbb77e7d5331839b35,0.07493012101137242,es
246,opcionempleo::16452088,opcionempleo,Ingeniero De Automatización Industrial Buenos Aires,Somos Yellow,Ingeniero Industrial,Buenos Aires,,https://www.opcionempleo.com.ar/jobad/ar7211a85caa34e16452088f0db4625d8f,0.07473594523755642,es
247,opcionempleo::21324,opcionempleo,Analista De Control De Gestión: Reportes E Indicadores Buenos Aires (Argentina),,Control de Gestión,Argentina,,https://www.opcionempleo.com.ar/jobad/arbf9c6946be95e4d21324aa4e744e8512,0.07452044590737027,es
248,opcionempleo::jobadar0f25e0942e5e065f7d055ebd532b99e4,opcionempleo,Ingeniera Para Mantenimiento Neuquén,SLB,Ingeniero Industrial,Neuquén,,https://www.opcionempleo.com.ar/jobad/ar0f25e0942e5e065f7d055ebd532b99e4,0.07415798968652622,es
249,opcionempleo::47553,opcionempleo,Jefe de Compras (Mendoza),Label Solutions,Compras / Procurement,Mendoza,,https://www.opcionempleo.com.ar/jobad/areb1c7b71d1854c47553ed46469362c77,0.07412824086757161,es
250,opcionempleo::964275,opcionempleo,Analista de Compras (Rosario),Leiva & Asociados,Compras / Procurement,"Rosario, Santa Fe",,https://www.opcionempleo.com.ar/jobad/ar0c8abfa0e5eaa5bfd580b8b68f964275,0.07349318651854311,es
251,opcionempleo::jobadarb10f0e39a08e9f4762f2db10b42d067a,opcionempleo,Responsable de Administración y Finanzas - Rubro Salud (Santa Fe de la Vera Cruz),LUMINA ✨ Consultora de Talento,Finanzas / CAPEX,Santa Fe,,https://www.opcionempleo.com.ar/jobad/arb10f0e39a08e9f4762f2db10b42d067a,0.07298074377145211,es
252,bumeran::1118047785,bumeran,Gerente de Operaciones para empresa de Seguridad,Confidencial,Gerente de Operaciones,CABA,Híbrido,https://www.bumeran.com.ar/empleos/gerente-de-operaciones-para-empresa-de-seguridad-1118047785.html,0.0729263413867809,es
253,opcionempleo::0002585,opcionempleo,Gerente De Operaciones Buenos Aires (Argentina),Convocare,Gerente de Operaciones,Argentina,,https://www.opcionempleo.com.ar/jobad/arce9c8af24cf0002585f336c1053ad53d,0.07288763531748968,es
254,opcionempleo::348353398,opcionempleo,Ingeniero de automatizacion industrial (Córdoba),TEKNIX ARG S R L,Ingeniero Industrial,Argentina,,https://www.opcionempleo.com.ar/jobad/arade1982eeaf4493f348353398c65dfe8,0.07280732940998966,es
255,opcionempleo::377864,opcionempleo,Ingeniero de automatizacion industrial,TEKNIX ARG S R L,Ingeniero Industrial,Córdoba,,https://www.opcionempleo.com.ar/jobad/ara377864a615e44530964878034b8fef4,0.07265619246255534,es
256,opcionempleo::9414588,opcionempleo,Senior Data Scientist (Buenos Aires),ubimia®,Data Scientist,Buenos Aires,,https://www.opcionempleo.com.ar/jobad/arb1e9539d439a8b9414588f9914aa0e1a,0.07216659159204872,es
257,linkedin::4400568967,linkedin,Inventory Analyst,Bausch + Lomb,Compras / Procurement,Estados Unidos,,https://www.linkedin.com/jobs/view/4400568967,0.0721003925276596,es
258,opcionempleo::87342790,opcionempleo,Ingeniero Industrial / Electromecanico,Gerentes SRL,Ingeniero Industrial,Córdoba,,https://www.opcionempleo.com.ar/jobad/ar87342790be1da08d04883fc21b95271b,0.07187805215214295,es
259,bumeran::1118165314,bumeran,Analista Supply Chain,Confidencial,Supply Chain,Apto discapacidad,Híbrido,https://www.bumeran.com.ar/empleos/analista-supply-chain-1118165314.html,0.07176009450515616,es
260,opcionempleo::jobadarddfd829a77cf00beff2d1fcfc424d2a6,opcionempleo,Ingeniero de Explotación (Oil&gas - Bs. As.) (Buenos Aires),Human Consulting,Ingeniero Industrial,Buenos Aires,,https://www.opcionempleo.com.ar/jobad/arddfd829a77cf00beff2d1fcfc424d2a6,0.07173891747602969,es
261,opcionempleo::jobadarffd89f257dc75a396f67a25c8b8ef4ee,opcionempleo,Ssr Data Scientist Buenos Aires,Cirion Technologies,Data Scientist,Buenos Aires,,https://www.opcionempleo.com.ar/jobad/arffd89f257dc75a396f67a25c8b8ef4ee,0.07135711436021688,es
262,opcionempleo::jobadar80e844c9dbcc52d32e617e1a815e6fdd,opcionempleo,Analista Adm. contratos y presupuestos-Exclusivo personas con discapacidad,Coca-Cola FEMSA,Excel / VBA,Buenos Aires,,https://www.opcionempleo.com.ar/jobad/ar80e844c9dbcc52d32e617e1a815e6fdd,0.07096797090577697,es
263,opcionempleo::234645,opcionempleo,Pasante de Logística - Supply Chain y Operaciones (Buenos Aires),Siemens,Supply Chain,Buenos Aires,,https://www.opcionempleo.com.ar/jobad/ar576fb630f234645a99e20109eb4b9cdb,0.07072831366641377,es
264,bumeran::1118223167,bumeran,Gerente de Finanzas,Confidencial,Finanzas / CAPEX,CABA,Presencial,https://www.bumeran.com.ar/empleos/gerente-de-finanzas-1118223167.html,0.07072512075909199,es
265,opcionempleo::jobadar485ede01d762e124f46dece15eb79f23,opcionempleo,Senior Dev With Python Y React,Lean Improvements,Python Developer,"Venado Tuerto, Santa Fe",,https://www.opcionempleo.com.ar/jobad/ar485ede01d762e124f46dece15eb79f23,0.0706544183407004,es
266,bumeran::1118216744,bumeran,Gerente de administración y finanzas,Alianza Estrategica,Finanzas / CAPEX,"Escobar, Buenos Aires",Presencial,https://www.bumeran.com.ar/empleos/gerente-de-administracion-y-finanzas-alianza-estrategica-1118216744.html,0.0705409618654964,es
267,opcionempleo::119154,opcionempleo,Gerente de administración y finanzas (Belén de Escobar),Nosotros,Gerente de Operaciones,"Belén de Escobar, Provincia de Buenos Aires",,https://www.opcionempleo.com.ar/jobad/ar119154f1388b91b68365acd53866a7c8,0.07052652924663091,es
268,opcionempleo::160692,opcionempleo,Ingeniero Mecánico Industria Alimenticia Buenos Aires,lic.solchaga,Ingeniero Industrial,Buenos Aires,,https://www.opcionempleo.com.ar/jobad/ar751e5adfc9c58bc160692e1c08980fbd,0.07046191871116865,es
269,opcionempleo::77824,opcionempleo,Analista de Compras Productivas (Buenos Aires),COTECSUD COMPANIA TECNICA SUDAMERIC,Compras / Procurement,Buenos Aires,,https://www.opcionempleo.com.ar/jobad/ar761ed77824db282a6ed54ca182c37850,0.07024524199660821,es
270,opcionempleo::jobadar0ed979dd1f1065b971d101d14d3d84d1,opcionempleo,Analista Supply Chain (Comex) Permanente (Don Torcuato),Manpower,Supply Chain,Argentina,,https://www.opcionempleo.com.ar/jobad/ar0ed979dd1f1065b971d101d14d3d84d1,0.07013329620417427,es
271,bumeran::1118163010,bumeran,Adminsitrativo sector Compras,Confidencial,Compras / Procurement,CABA,Presencial,https://www.bumeran.com.ar/empleos/adminsitrativo-sector-compras-1118163010.html,0.06998705186521523,es
272,bumeran::1118165460,bumeran,Analista de Compras y Comercio Exterior – Moreno,Adecco - Permanent Talent,Compras / Procurement,"Moreno, Buenos Aires",Presencial,https://www.bumeran.com.ar/empleos/analista-de-compras-y-comercio-exterior--moreno-adecco-permanent-talent-1118165460.html,0.06988364847174733,es
273,opcionempleo::534426,opcionempleo,Analista De Control De Gestión Victoria,NEO BIZ S. R. L.,Control de Gestión,Argentina,,https://www.opcionempleo.com.ar/jobad/aree62c97e80e534426ba218d30cf469cc,0.06987631319008462,es
274,opcionempleo::jobadar27b9ba431c1864e097e409e5eea013a2,opcionempleo,Supply Chain Finance Analyst,Mars,Supply Chain,"Mercedes, Provincia de Buenos Aires",,https://www.opcionempleo.com.ar/jobad/ar27b9ba431c1864e097e409e5eea013a2,0.06987219819499497,es
275,opcionempleo::90998,opcionempleo,Analista de Compras (Buenos Aires),Latorre Seleccion de Personal,Compras / Procurement,Buenos Aires,,https://www.opcionempleo.com.ar/jobad/ar6e90998a9d6a3e30c724b973e4873d59,0.06970779453160596,es
276,opcionempleo::71391,opcionempleo,Analista Supply Chain (Tigre),COTECSUD COMPANIA TECNICA SUDAMERIC,Supply Chain,Argentina,,https://www.opcionempleo.com.ar/jobad/ardab71391e499053ea9b82c6f1b3d9277,0.06967541189280804,es
277,opcionempleo::5778622,opcionempleo,Analista de Calidad - Importante Empresa Industrial (Esteban Echeverría),Talent Solutions RRHH,Ingeniero Industrial,"Esteban Echeverría, Provincia de Buenos Aires",,https://www.opcionempleo.com.ar/jobad/ar647a5778622a54319c7029dd77d3819c,0.06964393755457696,es
278,bumeran::1118161495,bumeran,Analista de Compras Generales,Unión Personal,Compras / Procurement,CABA,Presencial,https://www.bumeran.com.ar/empleos/analista-de-compras-generales-union-personal-1118161495.html,0.06938477728981007,es
279,opcionempleo::2504670,opcionempleo,Responsable De Control De Gestión Neuquén,Patagonia Resources,Control de Gestión,Neuquén,,https://www.opcionempleo.com.ar/jobad/ar2dad2504670d4c3cb5ace46f7cba5cc3,0.069163570773159,es
280,opcionempleo::89242,opcionempleo,Desarrollador Fullstack Python Senior (Argentina) (M),Reklut,Python Developer,Buenos Aires,,https://www.opcionempleo.com.ar/jobad/ar89242f23df0ba31994728ee2366df008,0.06910543198871988,es
281,opcionempleo::jobadar91f377deb1df6a3a05a69be8333b32c7,opcionempleo,"Programador Especializado en FSH, FHIR. Python ypara el Sector Salud (Santiago del Estero)",DaBrein Solutions,Python Developer,Santiago del Estero,,https://www.opcionempleo.com.ar/jobad/ar91f377deb1df6a3a05a69be8333b32c7,0.0690372393214404,es
282,opcionempleo::1365491,opcionempleo,Supply Chain (José C. Paz),GI GROUP SEARCH & SELECTION,Supply Chain,"José C. Paz, Provincia de Buenos Aires",,https://www.opcionempleo.com.ar/jobad/ar7d8768e72f0e8bf6ffcf4875b1365491,0.06903458706208938,es
283,opcionempleo::jobadar6b4c0fff21ad0b38c28b7f1857ef113a,opcionempleo,Líder Finanzas Corporativas (Rosario),Grupo FYO,Finanzas / CAPEX,"Rosario, Santa Fe",,https://www.opcionempleo.com.ar/jobad/ar6b4c0fff21ad0b38c28b7f1857ef113a,0.06901963422155769,es
284,bumeran::1118149985,bumeran,Supply Chain,GI GROUP Argentina,Supply Chain,"Tortuguitas, Buenos Aires",Presencial,https://www.bumeran.com.ar/empleos/supply-chain-gi-group-argentina-1118149985.html,0.06898689681606066,es
285,opcionempleo::jobadarefd22c09df80db437e5ee39b07a0c496,opcionempleo,"Programador Especializado en FSH, FHIR. Python ypara el Sector Salud (Lomas de Zamora)",DaBrein Solutions,Python Developer,"Lomas de Zamora, Provincia de Buenos Aires",,https://www.opcionempleo.com.ar/jobad/arefd22c09df80db437e5ee39b07a0c496,0.06897627908119561,es
286,opcionempleo::jobadar293bfb845ee00e5e49a0af878cf04fd3,opcionempleo,Redactor/a Técnico/a de Documentación de Servicio (Inglés avanzado),Siemens,Excel / VBA,Buenos Aires,,https://www.opcionempleo.com.ar/jobad/ar293bfb845ee00e5e49a0af878cf04fd3,0.06885352099334074,es
287,opcionempleo::9744934,opcionempleo,Jefe De Operaciones Logísticas - Sucursal Catamarca,Chaxxel,Gerente de Operaciones,"San Fernando, Provincia de Buenos Aires Buenos Aires",,https://www.opcionempleo.com.ar/jobad/ar6a5b7ca2126aac9744934ab9595b2d99,0.0687497548241379,es
288,opcionempleo::122731816851,opcionempleo,Analista de Compras Sr. (Escobar),Vision Outsourcers,Compras / Procurement,"Escobar, Provincia de Buenos Aires",,https://www.opcionempleo.com.ar/jobad/ar7291e122731816851a499cef9401278f,0.06871771145712831,es
289,opcionempleo::495131,opcionempleo,Analista de Supply Chain (Buenos Aires),Saputo,Supply Chain,Buenos Aires,,https://www.opcionempleo.com.ar/jobad/ar56d6d7fea2ea8e94d69f1bb495131a73,0.0686391838228679,es
290,opcionempleo::71035,opcionempleo,Gerente de Operaciones - Rubro Seguridad Electrónica (San Isidro),In Move Consulting,Gerente de Operaciones,"San Isidro, Provincia de Buenos Aires",,https://www.opcionempleo.com.ar/jobad/ar71035b32d20105d2afbc6d87971d149e,0.0682923065562122,es
291,opcionempleo::jobadar47fa201d7c5eeb5a0cc1e17d4d5c38a8,opcionempleo,Gerente de Operaciones y Desarrollo - Presencial (CABA),StaffRock IT,Gerente de Operaciones,Buenos Aires,,https://www.opcionempleo.com.ar/jobad/ar47fa201d7c5eeb5a0cc1e17d4d5c38a8,0.06814568696026518,es
292,opcionempleo::660161109,opcionempleo,comprador a Ingeniero a Industrial Comex,TECNIAS SRL,Ingeniero Industrial,Córdoba,,https://www.opcionempleo.com.ar/jobad/ar357b2dd4d660161109eed47585c09fe2,0.06806667832707163,es
293,opcionempleo::01940,opcionempleo,Supply Chain Finance Analyst (Mercedes),Mars,Supply Chain,Argentina,,https://www.opcionempleo.com.ar/jobad/ar3e01940fda6f18ea46c6e59986684b90,0.06805927003623648,es
294,opcionempleo::129156,opcionempleo,Analista Ssr. de Business Intelligence (Buenos Aires),,BI / Analytics,Buenos Aires,,https://www.opcionempleo.com.ar/jobad/arf129156d721e3afdbfe5cd17606278a3,0.06799487902124725,es
295,opcionempleo::931604,opcionempleo,Analista de Finanzas Regional (Vicente López),SAS Consultora de Empresas,Finanzas / CAPEX,"Vicente López, Provincia de Buenos Aires",,https://www.opcionempleo.com.ar/jobad/ar116faa624d38d931604d360249b89e4d,0.06797191934837658,es
296,opcionempleo::516092,opcionempleo,Gerente de Administración y Operaciones,Randstad,Gerente de Operaciones,"Rosario, Santa Fe",,https://www.opcionempleo.com.ar/jobad/ar4d5db306f390e1e516092fd94c128d40,0.06790175737918966,es
297,opcionempleo::645773,opcionempleo,Analista De Control De Gestión Buenos Aires (Argentina),,Control de Gestión,Argentina,,https://www.opcionempleo.com.ar/jobad/arec645773de12446edf4b6b2e87844556,0.0677808148990541,es
298,opcionempleo::9643148,opcionempleo,Analista Compras Jr Buenos Aires,Con Mor,Compras / Procurement,Buenos Aires,,https://www.opcionempleo.com.ar/jobad/arf71f6a0c4456b5403a421c9643148e50,0.06775232818689819,es
299,opcionempleo::47036,opcionempleo,Responsable de Contabilidad y Control de Gestión (Buenos Aires),Aliancers,Control de Gestión,Buenos Aires,,https://www.opcionempleo.com.ar/jobad/ar2f47036d584102194b92c99a543883bd,0.06765565604286922,es
300,bumeran::1118197987,bumeran,Analista de Compras IT,Laboratorios Raffo,Compras / Procurement,"Munro, Buenos Aires",Híbrido,https://www.bumeran.com.ar/empleos/analista-de-compras-it-laboratorios-raffo-1118197987.html,0.067548814352349,es
301,opcionempleo::55093,opcionempleo,Gerente de Finanzas para Financiera Cautiva (Malvinas Argentinas),FARALLO ERIKA,Finanzas / CAPEX,"Buenos Aires, Argentina",,https://www.opcionempleo.com.ar/jobad/ar5a28be46c8c32ccb55093a3665ef9454,0.0675090635761338,es
302,opcionempleo::jobadar2d5977dac22c51ee0aaec721dd7800de,opcionempleo,Analista Sr De Compras Caballito,C&R Consultores Organizacionales,Compras / Procurement,CABA,,https://www.opcionempleo.com.ar/jobad/ar2d5977dac22c51ee0aaec721dd7800de,0.06740363741231353,es
303,opcionempleo::jobadar7b7ad4a4b3f5fe411ee527df39d184f9,opcionempleo,Analista Compras Jr (Buenos Aires),Con Mor,Compras / Procurement,Buenos Aires,,https://www.opcionempleo.com.ar/jobad/ar7b7ad4a4b3f5fe411ee527df39d184f9,0.06737090547755868,es
304,opcionempleo::980754,opcionempleo,Adm de Compras y Mantenimiento (Buenos Aires),CONESA EZEQUIEL,Compras / Procurement,Buenos Aires,,https://www.opcionempleo.com.ar/jobad/ar98e5854b980754b715d9a55b5dde4faa,0.0673098766781736,es
305,opcionempleo::jobadar02adc400af7e173b90fbc3b3ba90c788,opcionempleo,Supply Chain Finance Analyst (Mercedes) (Argentina),Mars,Supply Chain,Argentina,,https://www.opcionempleo.com.ar/jobad/ar02adc400af7e173b90fbc3b3ba90c788,0.06730827142640369,es
306,opcionempleo::59049,opcionempleo,Analista De Control De Gestión Y Presupuestos Semi Sr Buenos Aires,INSTITUTO CARDIOVASCULAR DE BUENOSA AIRES,Control de Gestión,Buenos Aires,,https://www.opcionempleo.com.ar/jobad/are0ec59049b5f0c4ef73d46c582eb5edf,0.06728264309420184,es
307,opcionempleo::347982,opcionempleo,Especialista de Compras (Buenos Aires),MercadoLibre,Compras / Procurement,Buenos Aires,,https://www.opcionempleo.com.ar/jobad/ara7d37cd0e0fc9925dad4d25d8b347982,0.0671414508522227,es
308,opcionempleo::jobadar8c029e55d0a09b86ae14f02cb5304a72,opcionempleo,Activador Supply Chain (Zona Sur) - Jp Molinos Rio (Buenos Aires),Inspired Way,Supply Chain,Buenos Aires,,https://www.opcionempleo.com.ar/jobad/ar8c029e55d0a09b86ae14f02cb5304a72,0.06704257530195583,es
309,opcionempleo::jobadaraef2aa2857e5afa47c65aefd4ae2a78f,opcionempleo,Analista de Finanzas (Buenos Aires),Danone,Finanzas / CAPEX,Buenos Aires,,https://www.opcionempleo.com.ar/jobad/araef2aa2857e5afa47c65aefd4ae2a78f,0.0670337934075331,es
310,opcionempleo::6010124084,opcionempleo,Jefe de Administración y Finanzas (Buenos Aires),Impulsando Lideres,Finanzas / CAPEX,Buenos Aires,,https://www.opcionempleo.com.ar/jobad/ard6010124084baa24f986eba912ae0224,0.06703300929486429,es
311,opcionempleo::jobadarc6cc1b0d1c64a87c9001a35f09cb98a6,opcionempleo,Commercial Analyst,PedidosYa,Excel / VBA,Buenos Aires,,https://www.opcionempleo.com.ar/jobad/arc6cc1b0d1c64a87c9001a35f09cb98a6,0.0670022710254215,es
312,opcionempleo::2157568,opcionempleo,Auditor de Procesos It (Buenos Aires),Eym Consultora,Excel / VBA,Buenos Aires,,https://www.opcionempleo.com.ar/jobad/ar564fcc2157568f30684db4c0153484a6,0.06688738580030541,es
313,opcionempleo::06503,opcionempleo,Gerente de Operaciones de Complejo de Entretenimiento,Cines Dino,Gerente de Operaciones,Córdoba,,https://www.opcionempleo.com.ar/jobad/ar6d488d6ea2475b7ab35d12a06503adbc,0.06683331005941917,es
314,opcionempleo::208495,opcionempleo,Analista Sr Control de Gestión (Buenos Aires),L'Oréal,Control de Gestión,Buenos Aires,,https://www.opcionempleo.com.ar/jobad/ar208495cbd50265079da20557b26e035b,0.0666150223146638,es
315,opcionempleo::6589056165,opcionempleo,Commercial Analyst,Delivery Hero,Excel / VBA,Buenos Aires,,https://www.opcionempleo.com.ar/jobad/ar0d22d0ca019a6589056165e5d86fd78a,0.06643875975742647,es
316,opcionempleo::96551,opcionempleo,Jefe De Operaciones Y Ventas – Shopping Mendoza,Grupo Gestión,Gerente de Operaciones,Mendoza,,https://www.opcionempleo.com.ar/jobad/ar96551de76b14d7b01eb9237a0bebdfea,0.0664288213561494,es
317,opcionempleo::jobadar6b2b1e8fc7cea815cdd8ca9466fa1ca3,opcionempleo,Analista de Compras Semi Sr (Rosario),Louis Dreyfus Company,Compras / Procurement,"Rosario, Santa Fe",,https://www.opcionempleo.com.ar/jobad/ar6b2b1e8fc7cea815cdd8ca9466fa1ca3,0.06631364171339106,es
318,opcionempleo::028542,opcionempleo,Supervisor de Finanzas (Buenos Aires),Suizo Argentina,Finanzas / CAPEX,Buenos Aires,,https://www.opcionempleo.com.ar/jobad/ar6f84f5ae028542ed64444ab5a7c36a2e,0.06617247998439306,es
319,opcionempleo::3182782,opcionempleo,Analista de Sistemas – TMS (Supply Chain Platform) (Retiro),Experis,Supply Chain,Argentina,,https://www.opcionempleo.com.ar/jobad/ar22d3182782d09e41376d9f743e9fee46,0.06609219020543783,es
320,opcionempleo::jobadar51bdcb601d06ac646f0f3be0d002fb90,opcionempleo,Líder de Supply Chain - Estrategia y Optimización (Benavidez),Nosotros,Supply Chain,Argentina,,https://www.opcionempleo.com.ar/jobad/ar51bdcb601d06ac646f0f3be0d002fb90,0.06601506692863827,es
321,opcionempleo::jobadara1214eadcc31ac08efee00a6d22e6499,opcionempleo,"Ingeniero a Industrial o Carreras Afines Dirección, Planificación y ejecución de programas",Eduardo Stertz e Hijos S.R.L,Ingeniero Industrial,Argentina,,https://www.opcionempleo.com.ar/jobad/ara1214eadcc31ac08efee00a6d22e6499,0.06600733937794818,es
322,opcionempleo::6187870,opcionempleo,Ingeniero de Ciberseguridad OT / ICS – Proyecto Industrial,MaxIT Consulting - Max Corporate Group,Ingeniero Industrial,Buenos Aires,,https://www.opcionempleo.com.ar/jobad/ar0a6187870a34d398670f6312add7f2d4,0.06593475244914129,es
323,opcionempleo::jobadar4e812d19ecf9276f73c00db4f0ea83f7,opcionempleo,Desarrollador RPA Semi Senior - TAX,BDO,Excel / VBA,Buenos Aires,,https://www.opcionempleo.com.ar/jobad/ar4e812d19ecf9276f73c00db4f0ea83f7,0.0658787685969371,es
324,bumeran::1118173915,bumeran,Analista de Compras,www.hubrh.com.ar,Compras / Procurement,"Tigre, Buenos Aires",Presencial,https://www.bumeran.com.ar/empleos/analista-de-compras-www.hubrh.com.ar-1118173915.html,0.06584714596882547,es
325,opcionempleo::35845,opcionempleo,Especialista de Administración y Finanzas para cadena de heladerías en Argentina (Buenos Aires),Palermo Advisors,Finanzas / CAPEX,Buenos Aires,,https://www.opcionempleo.com.ar/jobad/ar77b5d35845d661b519745337ec693710,0.0657681030861673,es
326,bumeran::1118190794,bumeran,GERENTE DE ADMINISTRACIÓN Y FINANZAS,NISSAN AUTOFERRO,Finanzas / CAPEX,CABA,Presencial,https://www.bumeran.com.ar/empleos/gerente-de-administracion-y-finanzas-nissan-autoferro-1118190794.html,0.06551554218312453,es
327,opcionempleo::jobadar5a2d9ca09bb4d2489d426abd84b1a814,opcionempleo,Ingeniero ‏ (a) Industrial Jr (Chivilcoy),Henkel,Ingeniero Industrial,"Chivilcoy, Provincia de Buenos Aires",,https://www.opcionempleo.com.ar/jobad/ar5a2d9ca09bb4d2489d426abd84b1a814,0.06501591565537862,es
328,opcionempleo::87607,opcionempleo,Coordinador/a de Compras,Avalian,Compras / Procurement,"Rosario, Santa Fe",,https://www.opcionempleo.com.ar/jobad/ar554aec87607e76c1918c348244236605,0.06489825341119627,es
329,opcionempleo::2765349,opcionempleo,Analista Control de Gestion (Concepción del Uruguay),Molinos Rio de la Plata,Control de Gestión,"Concepción del Uruguay, Entre Ríos",,https://www.opcionempleo.com.ar/jobad/ar7eb39a1b2765349e4dca5f25718081d1,0.06471766292459114,es
330,workana::optimizacion-integral-de-e-commerce-shopify-para-rendimiento-y-escalabilidad,workana,Optimización Integral de E-commerce Shopify para Rendimiento y Escalabilidad,Freelancer L. A.,Data Scientist,Argentina,Remoto,https://www.workana.com/job/optimizacion-integral-de-e-commerce-shopify-para-rendimiento-y-escalabilidad,0.06471757295545981,es
331,opcionempleo::32279,opcionempleo,Activador Supply Chain (Zona Sur) - Jp Molinos Rio (Burzaco),Inspired Way,Supply Chain,Argentina,,https://www.opcionempleo.com.ar/jobad/ar32279f99c151a310585a8f710889269d,0.06450105859481828,es
332,opcionempleo::4136152,opcionempleo,Analista de Business Intelligence (BI) // BI Engineer (San Isidro),BITEL,BI / Analytics,Argentina,,https://www.opcionempleo.com.ar/jobad/ar6011e4136152ae678883576bd37489ee,0.06422820193924651,es
333,opcionempleo::68372,opcionempleo,10OES / Ingeniero de Procesos y Costos / Mar del Plata / Presencial,Cona Consultores,Ingeniero Industrial,"Mar del Plata, Provincia de Buenos Aires",,https://www.opcionempleo.com.ar/jobad/ar68372c0797f29bd088d98211ebd1b990,0.06422310181190673,es
334,bumeran::1118178971,bumeran,Jefe de Compras-Paso de los Libres,Confidencial,Compras / Procurement,"Paso de Los Libres, Corrientes",Presencial,https://www.bumeran.com.ar/empleos/jefe-de-compras-paso-de-los-libres-1118178971.html,0.06420019589330926,es
335,opcionempleo::jobadar095bd6e0e0d36b2f721a697f671a923c,opcionempleo,ANALISTA DE COMPRAS (Tres de Febrero),SANATORIO MODELO DE CASEROS S,Compras / Procurement,"Tres de Febrero, Provincia de Buenos Aires",,https://www.opcionempleo.com.ar/jobad/ar095bd6e0e0d36b2f721a697f671a923c,0.06407832975672297,es
336,opcionempleo::jobadar8fddca0fbfb2002c2cd3e091b5ba8ee3,opcionempleo,Ingeniero Logístico (Pilar),Celsur Logística,Ingeniero Industrial,"Pilar, Provincia de Buenos Aires",,https://www.opcionempleo.com.ar/jobad/ar8fddca0fbfb2002c2cd3e091b5ba8ee3,0.06404752036248691,es
337,opcionempleo::jobadar39ccc16df500a8f055fd398ada6ffc9f,opcionempleo,Analista Sistemas / Business Intelligence / Hibrido / Zona Pilar (Buenos Aires),,BI / Analytics,Buenos Aires,,https://www.opcionempleo.com.ar/jobad/ar39ccc16df500a8f055fd398ada6ffc9f,0.06403536137337655,es
338,opcionempleo::157152,opcionempleo,1310CC | INGENIERO DE PROCESOS Y COSTOS | MAR DEL PLATA | PRESENCIAL (General Pueyrredón),Cona Consultores,Ingeniero Industrial,"General Pueyrredón, Provincia de Buenos Aires",,https://www.opcionempleo.com.ar/jobad/ar181eea4d3b48a157152c5f2f5072b81d,0.0639693810378634,es
339,opcionempleo::89916,opcionempleo,Business Analyst (Buenos Aires),Stefanini,BI / Analytics,Buenos Aires,,https://www.opcionempleo.com.ar/jobad/arc860e29b96bd574a89916c8955580f1c,0.06396387506812667,es
340,opcionempleo::642770,opcionempleo,Data Scientist (Buenos Aires),Aprende Institute,Data Scientist,Buenos Aires,,https://www.opcionempleo.com.ar/jobad/ar65e94d642770db3ccf010c0b5b72173c,0.06370189225986334,es
341,bumeran::1118198973,bumeran,"Analista de gestión presupuestaria, compras y administración",Confidencial,Compras / Procurement,"Loma Verde, Buenos Aires",Presencial,https://www.bumeran.com.ar/empleos/analista-de-gestion-presupuestaria-compras-y-administracion-1118198973.html,0.06354990259870917,es
342,opcionempleo::jobadarb328a8fe4da5d832c59b8af61a6dda52,opcionempleo,Analista Senior de Datos Business Intelligence (Buenos Aires),MercadoLibre,BI / Analytics,Buenos Aires,,https://www.opcionempleo.com.ar/jobad/arb328a8fe4da5d832c59b8af61a6dda52,0.06349142529805138,es
343,linkedin::4399288077,linkedin,Senior Frontend Engineer MS047KA,Coderio | Software Company,Finanzas / CAPEX,"Rosario, Santa Fe",,https://www.linkedin.com/jobs/view/4399288077,0.06343905139472483,es
344,bumeran::1118197959,bumeran,Analista de Control de Gestión,Confidencial,Control de Gestión,CABA,Presencial,https://www.bumeran.com.ar/empleos/analista-de-control-de-gestion-1118197959.html,0.06341065876175361,es
345,opcionempleo::1162685,opcionempleo,Assoc. Dir. Business and Market Intelligence (Buenos Aires),Merck,BI / Analytics,Buenos Aires,,https://www.opcionempleo.com.ar/jobad/arbee3245b6a0cf9d9689acd7c1162685c,0.06338504437164594,es
346,opcionempleo::5864932390,opcionempleo,Jefe de Supply Chain,LA RURAL VINEDOS Y BODEGAS S.A LTDA.,Supply Chain,Mendoza,,https://www.opcionempleo.com.ar/jobad/ar71c4001f5864932390c2c290d50a07d4,0.06335706301551426,es
347,opcionempleo::7935514752,opcionempleo,Software Engineer (Python / Django) - Remoto (Buenos Aires),ALIANTEC SOLUTIONS,Python Developer,Buenos Aires,,https://www.opcionempleo.com.ar/jobad/ar7935514752aa92df36d53504b41e51e3,0.06335044104364522,es
348,opcionempleo::433311,opcionempleo,Ingeniero/a de Procesos de Manufactura (Inglés Avanzado),Siemens,Ingeniero Industrial,Buenos Aires,,https://www.opcionempleo.com.ar/jobad/ar974d5f7310c0c9cefc4c6ebacf433311,0.0632810275071065,es
349,opcionempleo::90762,opcionempleo,Gerente de Operaciones (Malagueño),Cecilia Menta,Gerente de Operaciones,Argentina,,https://www.opcionempleo.com.ar/jobad/ar8470fde26d84dc90762e3d0ca9fec8ad,0.06323776704758147,es
350,opcionempleo::0528674,opcionempleo,"SAP FI Consultant | Hybrid, Finanzas (Sunchales)",Grupo Sancor Seguros,Finanzas / CAPEX,"Sunchales, Santa Fe",,https://www.opcionempleo.com.ar/jobad/ar0528674ecc8a5ae0f4ba76e56f8e9896,0.06291146313753974,es
351,opcionempleo::06909032,opcionempleo,Especialista Control De Gestión De Proyectos Buenos Aires (Argentina),Hidalgo & Asociados,Control de Gestión,Argentina,,https://www.opcionempleo.com.ar/jobad/are956c3d06909032a3fe3bd2a00e2efae,0.06289046875217671,es
352,opcionempleo::85888,opcionempleo,Team Leader de Producción,Ceta Capital Humano,Excel / VBA,"Villa Ortúzar, Buenos Aires",,https://www.opcionempleo.com.ar/jobad/are3e3f1b92fa85888bcadd69c1fefe968,0.06268208082605015,es
353,opcionempleo::3997523,opcionempleo,Gerente de Operaciones Logísticas (Santa Fe),,Gerente de Operaciones,Santa Fe,,https://www.opcionempleo.com.ar/jobad/ar3997523d8bbc465e62676779a155b3e4,0.06259471377732284,es
354,opcionempleo::jobadar8b2c27d72fef086f016bd81cf1334e00,opcionempleo,Python Dev (Junior o Semisr) (Buenos Aires),Ana Tabanera IT Recruiting,Python Developer,Buenos Aires,,https://www.opcionempleo.com.ar/jobad/ar8b2c27d72fef086f016bd81cf1334e00,0.06248349532530215,es
355,bumeran::1118211338,bumeran,Coordinador/a de Supply Chain- Vicente Lopez,Adecco - Permanent Talent,Supply Chain,"Vicente López, Buenos Aires",Presencial,https://www.bumeran.com.ar/empleos/coordinador-a-de-supply-chain-vicente-lopez-adecco-permanent-talent-1118211338.html,0.06238982731645117,es
356,opcionempleo::04780323,opcionempleo,Asistente de compras para desarrollo de productos Part Time (San Nicolás de Los Arroyos),Ceta Capital Humano,Compras / Procurement,"San Nicolás de los Arroyos, Provincia de Buenos Aires",,https://www.opcionempleo.com.ar/jobad/ar07d8d04780323cd308d040fe969266a4,0.06238634913414408,es
357,opcionempleo::jobadarefeb2ca5a6ada39cf6fbf9ad5e118af5,opcionempleo,Analista De Control De Gestión Energía Y Operaciones Neuquén,Human Consulting,Control de Gestión,Neuquén,,https://www.opcionempleo.com.ar/jobad/arefeb2ca5a6ada39cf6fbf9ad5e118af5,0.06225279809985417,es
358,opcionempleo::13989,opcionempleo,Lead Cfs Process & Continuous Improvement (Buenos Aires),Cirion Technologies,Continuous Improvement,Buenos Aires,,https://www.opcionempleo.com.ar/jobad/ar377edce8910fd13989d9548db4649fb7,0.06205532739594678,es
359,opcionempleo::973519,opcionempleo,Gerente de Operaciones Logísticas,,Gerente de Operaciones,Santa Fe,,https://www.opcionempleo.com.ar/jobad/ar973519d867c1b81701b84e096ee18adb,0.06204047155150115,es
360,bumeran::1118211212,bumeran,Jede de Supply Chain,LA RURAL VIÑEDOS Y BODEGAS S.A LTDA.,Supply Chain,"Maipú, Mendoza",Presencial,https://www.bumeran.com.ar/empleos/jede-de-supply-chain-la-rural-vinedos-y-bodegas-s.a-ltda.-1118211212.html,0.06187815103100291,es
361,opcionempleo::05028615087,opcionempleo,Analista Control de Gestión (- Programa Jóvenes (Buenos Aires),Inspired Way,Control de Gestión,Buenos Aires,,https://www.opcionempleo.com.ar/jobad/ard05028615087d1b8dcdecd2213177c0d,0.06183976028746863,es
362,opcionempleo::jobadar4221f5c109dfa6550d04e8b564ff0bcd,opcionempleo,Ingeniero electromecánico para mantenimiento (Buenos Aires),Adecco,Ingeniero Industrial,Buenos Aires,,https://www.opcionempleo.com.ar/jobad/ar4221f5c109dfa6550d04e8b564ff0bcd,0.06182814539811989,es
363,opcionempleo::2584803,opcionempleo,Coordinador/a de supply chain. Vicente Lopez,Adecco,Supply Chain,"Vicente López, Provincia de Buenos Aires Buenos Aires",,https://www.opcionempleo.com.ar/jobad/ar19de670c1e0049cd786acf93b2584803,0.061772863548051296,es
364,opcionempleo::489811,opcionempleo,Gerente De Operaciones Fátima Bs As Buenos Aires (Argentina),Chocolates Rapanui,Gerente de Operaciones,Argentina,,https://www.opcionempleo.com.ar/jobad/ar7a17d979e2d98a473e489811d9e22c3a,0.061645928783298574,es
365,opcionempleo::40364509,opcionempleo,Gerente de Operaciones Empresa de Maquinaria Agricola y Vial,ROGAS S.A.S,Gerente de Operaciones,Córdoba,,https://www.opcionempleo.com.ar/jobad/ar6b56f5831f7aa8ca72d40364509d0ebb,0.061532206602890306,es
366,opcionempleo::8275147,opcionempleo,10OES / INGENIERO DE PROCESOS Y COSTOS / MAR DEL PLATA / PRESENCIAL (General Pueyrredón),Cona Consultores,Ingeniero Industrial,"General Pueyrredón, Provincia de Buenos Aires",,https://www.opcionempleo.com.ar/jobad/ard5be5301fc4f8aa46fd31b8275147de6,0.06152853921823932,es
367,opcionempleo::2276800,opcionempleo,Jefe de Supply Chain (Maipú) (Argentina),LA RURAL VINEDOS Y BODEGAS,Supply Chain,Argentina,,https://www.opcionempleo.com.ar/jobad/ar7c7d9187b2276800a48b5c4f4ba66b49,0.06151761073590887,es
368,opcionempleo::jobadar7ac4cd6dc2e4291a5c92a8cbd93fb796,opcionempleo,Analista Control de Gestión Ssr. Zona San Telmo,Grupo Gestión,Control de Gestión,"San Telmo, Buenos Aires",,https://www.opcionempleo.com.ar/jobad/ar7ac4cd6dc2e4291a5c92a8cbd93fb796,0.0614162394267737,es
369,opcionempleo::5815543,opcionempleo,Asistente administrativo comercial - sector consumo masivo (Buenos Aires),Primer Precio,Excel / VBA,Buenos Aires,,https://www.opcionempleo.com.ar/jobad/ar4ab841af4d29ed5815543c9dbdf15a62,0.06141229190927166,es
370,opcionempleo::06989,opcionempleo,Ingeniero Mecánico Buenos Aires,Selektia Consultora,Ingeniero Industrial,Buenos Aires,,https://www.opcionempleo.com.ar/jobad/ar519a06989db5f476c3306192918e0c13,0.0610466678409962,es
371,opcionempleo::5540908,opcionempleo,Gerente de Administración y Operaciones (Rosario),INTERNATIONAL CAREER PROGRAM,Gerente de Operaciones,"Rosario, Santa Fe",,https://www.opcionempleo.com.ar/jobad/ar39dd2adb1e0dceaae7ff5540908ce688,0.0608852834749915,es
372,opcionempleo::jobadar92ccfc0e1bd8f0837be2c860aba366a3,opcionempleo,Coordinador Comercial,Cross Border Talents,Excel / VBA,Buenos Aires,,https://www.opcionempleo.com.ar/jobad/ar92ccfc0e1bd8f0837be2c860aba366a3,0.06077938961199218,es
373,opcionempleo::47017,opcionempleo,Coordinador de Ventas- rubro Automotriz,Cross Border Talents,Excel / VBA,Buenos Aires,,https://www.opcionempleo.com.ar/jobad/arb298bda5db2969b9554f39f0b47017c4,0.06077938961199218,es
374,opcionempleo::92003,opcionempleo,JEFE DE DEPOSITO/ALMACEN,Kando SRL,Excel / VBA,Neuquén,,https://www.opcionempleo.com.ar/jobad/ar7a674f85ee92003cc1a6819ddbf88866,0.06072995105032074,es
375,opcionempleo::97445,opcionempleo,Asociado de Finanzas y Administración Empresarial - Programa de Inclusión Laboral (Buenos Aires),SAP,Finanzas / CAPEX,Buenos Aires,,https://www.opcionempleo.com.ar/jobad/ar97445e94d075c425758ff6cb0ede923f,0.06064647014527894,en
376,opcionempleo::017180,opcionempleo,Analista de Control de Gestión (Córdoba),Motcor,Control de Gestión,Argentina,,https://www.opcionempleo.com.ar/jobad/arb7a017180be16c35ce121aa4a00c2455,0.06063656408862445,es
377,linkedin::4399295061,linkedin,QA Engineer MS045KA,Coderio | Software Company,Data Scientist,"Rosario, Santa Fe",,https://www.linkedin.com/jobs/view/4399295061,0.06028926481385472,es
378,opcionempleo::05637,opcionempleo,Analista Senior De Planeamiento Y Control De Gestión | Bi (Buenos Aires),Nosotros,Control de Gestión,Buenos Aires,,https://www.opcionempleo.com.ar/jobad/arcbd05637a9671e025d54ccbb5e33c72b,0.060238974413310005,es
379,opcionempleo::524369212,opcionempleo,"Especialista de Business Intelligence, Insights & Analytics",MercadoLibre,BI / Analytics,Buenos Aires,,https://www.opcionempleo.com.ar/jobad/ara524369212c586c60d1494563add7524,0.06019537715875048,es
380,linkedin::4399277603,linkedin,Senior Mobile Engineer MS046KA,Coderio | Software Company,Python Developer,"Rosario, Santa Fe",,https://www.linkedin.com/jobs/view/4399277603,0.06001052351022294,es
381,opcionempleo::38861,opcionempleo,Responsable De Compras Estrategicas Para Agroinsumos Río Cuarto,Vagnola & Cía,Compras / Procurement,"Río Cuarto, Córdoba",,https://www.opcionempleo.com.ar/jobad/ard330fb516b38861e78e85a6eedfab3e4,0.05989548422494705,es
382,opcionempleo::9852854,opcionempleo,Ingeniero de Ventas (Buenos Aires),Generalistas,Ingeniero Industrial,Buenos Aires,,https://www.opcionempleo.com.ar/jobad/ar498e6d921acd1df9852854adff4a215a,0.05976635604878255,es
383,opcionempleo::jobadarc04cb3e6e060dc2a68fb8110fa32af33,opcionempleo,Analista de Datos (Inglés Avanzado),Siemens,Excel / VBA,Buenos Aires,,https://www.opcionempleo.com.ar/jobad/arc04cb3e6e060dc2a68fb8110fa32af33,0.05942033524026955,es
384,opcionempleo::338004,opcionempleo,Administrativo de Compras (Buenos Aires),Scienza Argentina,Compras / Procurement,Buenos Aires,,https://www.opcionempleo.com.ar/jobad/ar1a8785f1675fb338004e7796f6cd669a,0.059287744385697845,es
385,linkedin::4400224580,linkedin,Incident Response Developer SR JP033CA,Coderio | Software Company,Python Developer,"Rosario, Santa Fe",,https://www.linkedin.com/jobs/view/4400224580,0.0592566167084281,es
386,opcionempleo::77793,opcionempleo,Personal Para Dpto De Compras Resida En Zona Buenos Aires,Amodil,Compras / Procurement,Buenos Aires,,https://www.opcionempleo.com.ar/jobad/arfeb5510d699e8a2ead3f231d9d77793c,0.05925489323844944,es
387,opcionempleo::19016,opcionempleo,Gerente de Mantenimiento de Planta Industrial (Buenos Aires),Fenix,Ingeniero Industrial,Buenos Aires,,https://www.opcionempleo.com.ar/jobad/ar91d5cde51ba85ae19016d2ef965bda2a,0.0592357200328129,es
388,linkedin::4399279855,linkedin,Scrum Master MS044KA,Coderio | Software Company,Finanzas / CAPEX,"Rosario, Santa Fe",,https://www.linkedin.com/jobs/view/4399279855,0.05922525097330667,es
389,opcionempleo::042728,opcionempleo,Gerente de logística & supply chain,MB Consultora de RRHH,Supply Chain,"Escobar, Provincia de Buenos Aires",,https://www.opcionempleo.com.ar/jobad/ar463cf042728c0d98d11a2b6d17465002,0.05914630281176647,es
390,bumeran::1118221054,bumeran,Analista De Administración Y Finanzas,SportClub,Finanzas / CAPEX,"Martín Fierro, Buenos Aires",Híbrido,https://www.bumeran.com.ar/empleos/analista-de-administracion-y-finanzas-sportclub-1118221054.html,0.059008818124144824,es
391,bumeran::1118190870,bumeran,"Jefe de Contabilidad, Impuestos & Control de Gestión",Mooks,Control de Gestión,"La Plata, Buenos Aires",Presencial,https://www.bumeran.com.ar/empleos/jefe-de-contabilidad-impuestos-control-de-gestion-mooks-1118190870.html,0.05880070354814443,es
392,opcionempleo::jobadar9a2ceceba303dda0eadbc8785cc8b66d,opcionempleo,Business Intelligence Analyst — Turn Data into Strategy (Buenos Aires),Stefanini,BI / Analytics,Buenos Aires,,https://www.opcionempleo.com.ar/jobad/ar9a2ceceba303dda0eadbc8785cc8b66d,0.058681133673471775,es
393,opcionempleo::782040,opcionempleo,Gerente de logística & supply chain (Belén de Escobar),MB consultora de RRHH,Supply Chain,"Belén de Escobar, Provincia de Buenos Aires",,https://www.opcionempleo.com.ar/jobad/arcdc75d671c7e63e1a782040ef25b8f37,0.058641895262794515,es
394,opcionempleo::00454398,opcionempleo,Ingeniero de Sistema de Control,,Ingeniero Industrial,"Susques, Jujuy",,https://www.opcionempleo.com.ar/jobad/ar00454398f30eb4e1cb4e2a7730e1d334,0.058597674254360715,es
395,opcionempleo::jobadarc5ed221fc3cc068a0c98dee15d2f8cbe,opcionempleo,Jefe De Operaciones Buenos Aires,Fibro,Gerente de Operaciones,Buenos Aires,,https://www.opcionempleo.com.ar/jobad/arc5ed221fc3cc068a0c98dee15d2f8cbe,0.05856395143354108,es
396,opcionempleo::jobadar5100a5c5751e7d6e1c938a3bcb8671cd,opcionempleo,Analista de Control de Gestión de Infraestructura (Barracas),Grupo Metropol,Control de Gestión,"Barracas, Buenos Aires",,https://www.opcionempleo.com.ar/jobad/ar5100a5c5751e7d6e1c938a3bcb8671cd,0.058549915925300594,es
397,opcionempleo::704272,opcionempleo,Gerente de logística supply chain,MB CONSULTORA DE RRHH,Supply Chain,"Escobar, Provincia de Buenos Aires",,https://www.opcionempleo.com.ar/jobad/ar0ea3fbc098b0fd16cf8e3c704272d947,0.05852001808072917,es
398,opcionempleo::66586023947634,opcionempleo,Gerente de logística supply chain,MB Consultora,Supply Chain,"Escobar, Provincia de Buenos Aires",,https://www.opcionempleo.com.ar/jobad/ar66586023947634f24ef1ce15f2d82210,0.05852001808072917,es
399,opcionempleo::89569,opcionempleo,Analista de Compras Senior (Buenos Aires),IBM,Compras / Procurement,Buenos Aires,,https://www.opcionempleo.com.ar/jobad/arafa95b76f0a89569dff294755d972a6d,0.0585156983163985,es
400,opcionempleo::182540,opcionempleo,Ingeniero de Sistema de Control para minera de Jujuy,Capital Humano Salta Andrea Marton Agustina Castro,Ingeniero Industrial,"Susques, Jujuy",,https://www.opcionempleo.com.ar/jobad/ar7c182540d8265282df2a38a4c12391dd,0.058406295161492094,es
401,opcionempleo::12422290,opcionempleo,Responsable De Control De Gestión Neuquén (Argentina),Patagonia Resources,Control de Gestión,Argentina,,https://www.opcionempleo.com.ar/jobad/ar91c3fbbe10aeafe152ebf12422290ade,0.05833840206474237,es
402,opcionempleo::5351845077,opcionempleo,Responsable de Marketing Intelligence & Pricing,Pacifica Continental,BI / Analytics,Buenos Aires,,https://www.opcionempleo.com.ar/jobad/arfd175ae046ac370b1ff23f5351845077,0.058297255778809086,es
403,opcionempleo::779449,opcionempleo,BackOffice Cuentas Sr,FindMe,Excel / VBA,"Rosario, Santa Fe",,https://www.opcionempleo.com.ar/jobad/ar2d879ae7af779449d90e4960205ff477,0.05827968122720462,es
404,bumeran::1118196711,bumeran,Jefe compras de Hacienda,Ceta Capital Humano,Compras / Procurement,"Buenos Aires, Buenos Aires",Presencial,https://www.bumeran.com.ar/empleos/jefe-compras-de-hacienda-ceta-capital-humano-1118196711.html,0.05812537892875034,es
405,opcionempleo::317349,opcionempleo,Ingeniero/a de Diagnóstico – Técnicas Predictivas (Ezeiza),Adecco,Ingeniero Industrial,"Ezeiza, Provincia de Buenos Aires",,https://www.opcionempleo.com.ar/jobad/ar6f0e5f317349e9f5fe6293b58e372069,0.058114983557711296,es
406,opcionempleo::jobadar8b2f6e9290d202bce0b2f4606cae20a3,opcionempleo,Analista de Pago a Proveedores,SportClub,Excel / VBA,Buenos Aires,,https://www.opcionempleo.com.ar/jobad/ar8b2f6e9290d202bce0b2f4606cae20a3,0.05808718365824233,es
407,opcionempleo::8890864,opcionempleo,Joven Profesional Finanzas (Buenos Aires),Louis Dreyfus Company,Finanzas / CAPEX,Buenos Aires,,https://www.opcionempleo.com.ar/jobad/ar457f200ecc7d73de0d8890864d0f7270,0.05806709924395866,es
408,opcionempleo::4132461414,opcionempleo,Ingeniero/a de Diagnóstico – Técnicas Predictivas (Belén de Escobar),Adecco,Ingeniero Industrial,"Belén de Escobar, Provincia de Buenos Aires",,https://www.opcionempleo.com.ar/jobad/arbb3556b5d4132461414f4e285ebf6836,0.0580539305769731,es
409,opcionempleo::24693,opcionempleo,Analista Contable Sr,Talent Solutions RRHH,Excel / VBA,"San Isidro, Provincia de Buenos Aires",,https://www.opcionempleo.com.ar/jobad/ar0f0e953d812a5cb1e4cb411dcd24693d,0.05804575319374286,es
410,opcionempleo::87454,opcionempleo,Analista de Business Intelligence (Buenos Aires),L'Oréal,BI / Analytics,Buenos Aires,,https://www.opcionempleo.com.ar/jobad/ar60cd4e823bbc30b3908a3ee87454f872,0.05797079874383409,es
411,opcionempleo::126826685,opcionempleo,Ingeniero industrial Especialista en compras,TERCOM SRL,Ingeniero Industrial,Argentina,,https://www.opcionempleo.com.ar/jobad/arfd003f5fb126826685e8e847a7a5f27e,0.05796170996706329,es
412,opcionempleo::911159,opcionempleo,Ingeniero preventa IoT (Buenos Aires),PAVESA ROSANA GLORIA,Ingeniero Industrial,Buenos Aires,,https://www.opcionempleo.com.ar/jobad/ar6a911159bb58dcb531a9ec538305c30e,0.05782155200676319,es
413,linkedin::4392681665,linkedin,Field Development Trainer,Hy Cite,Finanzas / CAPEX,Estados Unidos,,https://www.linkedin.com/jobs/view/4392681665,0.057657363020417435,es
414,opcionempleo::64410,opcionempleo,Analista Comercial de Control de Gestión (Morón),Farmacias Central Oeste,Control de Gestión,Argentina,,https://www.opcionempleo.com.ar/jobad/ar8ec8a97a7d94af26e4f440acaa64410d,0.057560936545259976,es
415,opcionempleo::18929,opcionempleo,Pasantía Compras (Buenos Aires),CEVA,Compras / Procurement,Buenos Aires,,https://www.opcionempleo.com.ar/jobad/arb0966f18929cd2b8af848851ae8c48ba,0.0575418677484552,es
416,bumeran::1118157230,bumeran,Asistente de Administración de Compras,La Anónima,Compras / Procurement,"Ituzaingó, Buenos Aires",Híbrido,https://www.bumeran.com.ar/empleos/asistente-de-administracion-de-compras-la-anonima-1118157230.html,0.05750034938968494,es
417,opcionempleo::9258616,opcionempleo,Responsable de recursos humanos,Escencial Consultora,Excel / VBA,"San Salvador de Jujuy, Jujuy",,https://www.opcionempleo.com.ar/jobad/ar9258616c029182aa7caf0822bac5072f,0.057372195867932956,es
418,opcionempleo::61117,opcionempleo,Gerente de logística & supply chain (Belén de Escobar),MB consultora de RRHH,Gerente de Operaciones,"Belén de Escobar, Provincia de Buenos Aires",,https://www.opcionempleo.com.ar/jobad/ar2df8c3963f3c61117fdef859c67bdaec,0.05724378237243822,es
419,linkedin::4374320572,linkedin,Experto en Inversiones Remoto,Aprende Institute,Finanzas / CAPEX,"Miami, Florida, Estados Unidos",,https://www.linkedin.com/jobs/view/4374320572,0.05716416064530241,es
420,opcionempleo::29878,opcionempleo,Data Scientist Ssr (Buenos Aires),BairesHR,Data Scientist,Buenos Aires,,https://www.opcionempleo.com.ar/jobad/ar29878fcbaa4e827303be34769700c405,0.05709329117770932,es
421,opcionempleo::62136,opcionempleo,Pasante de Gestión de Terceros - Supply Chain 3pm (Buenos Aires),Boehringer Ingelheim,Supply Chain,Buenos Aires,,https://www.opcionempleo.com.ar/jobad/ar62136c2037df1116680a9eda92b5ce21,0.056759797822610245,es
422,opcionempleo::1503841011,opcionempleo,Operario de Pañol,Adecco,Excel / VBA,"Rosario, Santa Fe",,https://www.opcionempleo.com.ar/jobad/arca3dbdb3ba9811f1503841011b643bea,0.05675879135810629,es
423,opcionempleo::jobadar05a75a139db8a2d9e4f2639d62a77c79,opcionempleo,Gerente De Operaciones Para Escuela De Negocios De Recoleta,BD Capital Humano,Gerente de Operaciones,"Recoleta, Buenos Aires",,https://www.opcionempleo.com.ar/jobad/ar05a75a139db8a2d9e4f2639d62a77c79,0.05671536442865589,es
424,opcionempleo::56848062,opcionempleo,Ingeniero/a de Oficina Técnica de Taller (Buenos Aires),INTERNATIONAL CAREER PROGRAM,Ingeniero Industrial,Buenos Aires,,https://www.opcionempleo.com.ar/jobad/ar2341ca887a8d2c56848062da9f398dee,0.056622052857284305,es
425,opcionempleo::49949,opcionempleo,Analista de Compras y Administración / Asistente de Administración General,HOLZBODEN,Compras / Procurement,Buenos Aires,,https://www.opcionempleo.com.ar/jobad/arcd9f43be2c3d0327d8e2a9cf49949eb6,0.056562754749870034,es
426,linkedin::4397760042,linkedin,BI Analyst DF038BB,Coderio | Software Company,Python Developer,"Rosario, Santa Fe",,https://www.linkedin.com/jobs/view/4397760042,0.05645929303226683,es
427,opcionempleo::36715,opcionempleo,Ingeniero Industrial / Lic. en Alimentos Jr (part time) (Buenos Aires),Capital Humano,Ingeniero Industrial,Buenos Aires,,https://www.opcionempleo.com.ar/jobad/ar36715a911194acd11ae3999d0bf28698,0.05630002764447841,es
428,opcionempleo::2983422,opcionempleo,Director De Finanzas Y Administración — Impulsa Crecimiento Pilar,Halo Executive Search,Finanzas / CAPEX,"Pilar, Provincia de Buenos Aires",,https://www.opcionempleo.com.ar/jobad/are9acf8bd7cabfcec1d2983422fa4adb8,0.05629873269742147,es
429,opcionempleo::07733,opcionempleo,Data Scientist Senior para Prevención de Fraude - It (Buenos Aires),MercadoLibre,Data Scientist,Buenos Aires,,https://www.opcionempleo.com.ar/jobad/ar07733a55d228a9d20df5681f45f5df4e,0.05625990161215029,es
430,opcionempleo::jobadar92e5264daf3acd2ccd39bcca577fd05d,opcionempleo,Responsable de Gestión Documental / Control de Contratistas Junior (Buenos Aires),,Control de Gestión,Buenos Aires,,https://www.opcionempleo.com.ar/jobad/ar92e5264daf3acd2ccd39bcca577fd05d,0.05622087590254965,es
431,bumeran::1118225393,bumeran,ANALISTA DE COMPRAS,Cubi HR,Compras / Procurement,"La Plata, Buenos Aires",Presencial,https://www.bumeran.com.ar/empleos/analista-de-compras-cubi-hr-1118225393.html,0.056107280294654824,es
432,opcionempleo::52811,opcionempleo,Gerente de Local Gastronómico,,Excel / VBA,"Villa Devoto, Buenos Aires",,https://www.opcionempleo.com.ar/jobad/ar002b2fadce9da425a076b52811cdf867,0.05610596922033933,es
433,bumeran::1118182140,bumeran,Administrativo Semi Senior | Facturación – Excel – Proveedores,ARTES GRAFICAS PAPIROS SACI,Excel / VBA,CABA,Presencial,https://www.bumeran.com.ar/empleos/administrativo-semi-senior-|-facturacion--excel--proveedores-artes-graficas-papiros-saci-1118182140.html,0.05585082307787199,es
434,opcionempleo::490112,opcionempleo,"HRBP GENERALISTA HARD (Tortuguitas, BSAS NORTE, jornada presencial)",Randstad,Excel / VBA,Buenos Aires,,https://www.opcionempleo.com.ar/jobad/ar69ea490112d306dc0dbdd225770f7529,0.055765057018544215,es
435,opcionempleo::15859,opcionempleo,Jefe de Administración y Finanzas (Buenos Aires),EMC & Asociados,Finanzas / CAPEX,Buenos Aires,,https://www.opcionempleo.com.ar/jobad/arcc36d9b3dca7bf2f3aa2ae9ac15859a9,0.05562743817450151,es
436,opcionempleo::50522,opcionempleo,Gerente Sucursal Materiales Eléctricos Pilar,Emprendimientos Gastronomicos,Gerente de Operaciones,"Pilar, Provincia de Buenos Aires",,https://www.opcionempleo.com.ar/jobad/ar712fd691bd2e8f7acafef0842d50522e,0.055537633051885915,es
437,opcionempleo::472165,opcionempleo,Gerente de operaciones,Zielteck,Gerente de Operaciones,"Retiro, Buenos Aires",,https://www.opcionempleo.com.ar/jobad/ar475eb25b472165dea3f06280c71c2b47,0.055403296107387506,es
438,opcionempleo::23691,opcionempleo,Data Scientist / Ml Engineer Sr. (Mantenimiento Predictivo),,Data Scientist,Buenos Aires,,https://www.opcionempleo.com.ar/jobad/arcde7c1a458dee2b53e861e7f23691dce,0.05533477118913286,es
439,linkedin::4400650429,linkedin,Cost Analyst - Temporary 6 months,Bausch + Lomb,Finanzas / CAPEX,Estados Unidos,,https://www.linkedin.com/jobs/view/4400650429,0.05531333795087088,es
440,opcionempleo::jobadar095ef5dea1f4a28fa605b12e75d6fb8e,opcionempleo,Responsable de Administración y Finanzas (Rosario),Link Laboral Puerto Norte,Finanzas / CAPEX,"Rosario, Santa Fe",,https://www.opcionempleo.com.ar/jobad/ar095ef5dea1f4a28fa605b12e75d6fb8e,0.05521899530806197,es
441,bumeran::1118199358,bumeran,Asistente de administración con orientación en compras,Confidencial,Compras / Procurement,"Buenos Aires, Argentina",Presencial,https://www.bumeran.com.ar/empleos/asistente-de-administracion-con-orientacion-en-compras-1118199358.html,0.055198927145130694,es
442,opcionempleo::76020020021,opcionempleo,Analista Comex y Compras (Buenos Aires),Tecsol Group,Compras / Procurement,Buenos Aires,,https://www.opcionempleo.com.ar/jobad/ar9aeb76020020021d0c46ff7793f3976e,0.05511857870112803,es
443,opcionempleo::53401,opcionempleo,Gerente Corporativo de Postventa (Neuquén),Taraborelli Automobile,Gerente de Operaciones,Neuquén,,https://www.opcionempleo.com.ar/jobad/arb072e87d014a0f22fed70f6ffec53401,0.05497625936231697,es
444,opcionempleo::32016,opcionempleo,Administrativo/a Ctas.Ctes y Facturación (req206701) - Permanente,Manpower,Excel / VBA,"Grand Bourg, Provincia de Buenos Aires",,https://www.opcionempleo.com.ar/jobad/arf54c2b1d461c4237da2721a32016e714,0.054960541551773136,es
445,opcionempleo::jobadar04dd5be6a1ab26e77ca3cca2f173ee9e,opcionempleo,Analista Jr De Control De Gestion San Miguel De Tucumán Argentina,Uniber,Control de Gestión,Argentina,,https://www.opcionempleo.com.ar/jobad/ar04dd5be6a1ab26e77ca3cca2f173ee9e,0.05489213264940944,es
446,opcionempleo::90549652,opcionempleo,Data Scientist (Inlgés Avanzado),Siemens,Data Scientist,Buenos Aires,,https://www.opcionempleo.com.ar/jobad/ar9fda5dd96fc180ebde90549652a7b6e6,0.054888890531412264,es
447,opcionempleo::492439,opcionempleo,International Execution Analyst Supply Chain (Buenos Aires),Louis Dreyfus Company,Supply Chain,Buenos Aires,,https://www.opcionempleo.com.ar/jobad/arf8dc62d1fff492439d23bc8497fb3c51,0.0548801419555452,es
448,bumeran::1118224166,bumeran,Analista de compras Jr.,Ceta Capital Humano,Compras / Procurement,CABA,Híbrido,https://www.bumeran.com.ar/empleos/analista-de-compras-jr.-ceta-capital-humano-1118224166.html,0.05482789465939991,es
449,opcionempleo::jobadarf9979e5c369ecf230fa5eab854c1aece,opcionempleo,"Crédito Argentino Villa Allende, Cordoba selecciona Gerente",,Gerente de Operaciones,"Villa Allende, Córdoba",,https://www.opcionempleo.com.ar/jobad/arf9979e5c369ecf230fa5eab854c1aece,0.0545333836850748,es
450,workana::desarrollo-de-simulador-facial-3d-para-prueba-virtual-de-lentes-y-visualizacion-de-stock,workana,Desarrollo de Simulador Facial 3d para Prueba Virtual de Lentes y Visualización de Stock,Freelancer D. B.,Data Scientist,Argentina,Remoto,https://www.workana.com/job/desarrollo-de-simulador-facial-3d-para-prueba-virtual-de-lentes-y-visualizacion-de-stock,0.05445436203445696,es
451,opcionempleo::703704,opcionempleo,Analista Administrativo de Compras (Buenos Aires),Bayton,Compras / Procurement,Buenos Aires,,https://www.opcionempleo.com.ar/jobad/arb103d703704a19d8bfea6fc46b15ec21,0.05441440479441195,es
452,opcionempleo::jobadarc2ae73de55cd14fa1645eca4571b6cd1,opcionempleo,Gerente de Operaciones – Importante Grupo Gastronómico en Paraguay (Buenos Aires),Javier Aira y Andrea Aira Sociedad De Hecho,Gerente de Operaciones,Buenos Aires,,https://www.opcionempleo.com.ar/jobad/arc2ae73de55cd14fa1645eca4571b6cd1,0.05440315593627263,es
453,bumeran::1118200456,bumeran,Analista de Administración de Compras,BAYTON,Compras / Procurement,CABA,Presencial,https://www.bumeran.com.ar/empleos/analista-de-administracion-de-compras-bayton-1118200456.html,0.05419253022806411,es
454,opcionempleo::06599027025,opcionempleo,"Desarrollador Python Senior, Remoto Argentina, Id #00229 San Juan",Werben HR,Python Developer,San Juan,,https://www.opcionempleo.com.ar/jobad/ar219bf2f7ca06599027025ddd5c4cfb97,0.054124659969135056,es
455,opcionempleo::69390464,opcionempleo,"Desarrollador Python Senior, Remoto Argentina, Id #00229 Mar Del Plata",Werben HR,Python Developer,"Mar del Plata, Provincia de Buenos Aires",,https://www.opcionempleo.com.ar/jobad/ard69390464fbb028d021ac47b00de2fc4,0.054124659969135056,es
456,opcionempleo::01992,opcionempleo,"Desarrollador Python Senior, Remoto Argentina, Id #00229 Mendoza",Werben HR,Python Developer,Mendoza,,https://www.opcionempleo.com.ar/jobad/ard10bfd7255c1d731f01992c61550f81a,0.054124659969135056,es
457,opcionempleo::25898199,opcionempleo,"Desarrollador Python Senior, Remoto Argentina, Id #00229 Lomas De Zamora",Werben HR,Python Developer,"Lomas de Zamora, Provincia de Buenos Aires",,https://www.opcionempleo.com.ar/jobad/ar58a4d5e0ba08b25898199b271a5d1cf7,0.054124659969135056,es
458,opcionempleo::0926561153462,opcionempleo,"Desarrollador Python Senior, Remoto Argentina, Id #00229 Zárate",Werben HR,Python Developer,"Zárate, Provincia de Buenos Aires",,https://www.opcionempleo.com.ar/jobad/ar5609b4c7e0926561153462f321177f29,0.054124659969135056,es
459,opcionempleo::7990455,opcionempleo,"Desarrollador Python Senior, Remoto Argentina, Id #00229 San Luis",Werben HR,Python Developer,San Luis,,https://www.opcionempleo.com.ar/jobad/ar57bb2e7990455c0a8d98ab9e8940c474,0.054124659969135056,es
460,opcionempleo::jobadarc5bc86a307bf1a0fe954b77ae6f403d0,opcionempleo,"Desarrollador Python Senior, Remoto Argentina, Id #00229 Pilar",Werben HR,Python Developer,"Pilar, Provincia de Buenos Aires",,https://www.opcionempleo.com.ar/jobad/arc5bc86a307bf1a0fe954b77ae6f403d0,0.054124659969135056,es
461,opcionempleo::01257,opcionempleo,"Desarrollador Python Senior, Remoto Argentina, Id #00229 Quilmes",Werben HR,Python Developer,"Quilmes, Provincia de Buenos Aires",,https://www.opcionempleo.com.ar/jobad/arf8ae890cd01257d3834f77b59c6dcce2,0.054124659969135056,es
462,opcionempleo::69302,opcionempleo,Ingeniero Industrial (Buenos Aires),Capital Humano,Ingeniero Industrial,Buenos Aires,,https://www.opcionempleo.com.ar/jobad/ar5493a03d95b69302cf03c062cc71cb04,0.054008046703299915,es
463,opcionempleo::42688336,opcionempleo,Jefe/a De Compras Y Abastecimiento Buenos Aires,BairesHR,Compras / Procurement,Buenos Aires,,https://www.opcionempleo.com.ar/jobad/ar42688336f149ebb1e8c97df33afdff5a,0.05387071640515101,es
464,opcionempleo::674384576264,opcionempleo,Analista de Control de Gestión (Morón),Farmacias Central Oeste,Control de Gestión,Argentina,,https://www.opcionempleo.com.ar/jobad/arbc9326c588f674384576264b5c95dd8e,0.05362911067669251,es
465,linkedin::4399485092,linkedin,Data Scientist AWS FP052KA,Coderio | Software Company,Data Scientist,"Rosario, Santa Fe",,https://www.linkedin.com/jobs/view/4399485092,0.05357004033155104,es
466,opcionempleo::40220,opcionempleo,Analista de Compras (Buenos Aires),Diagnóstico Maipú,Compras / Procurement,Buenos Aires,,https://www.opcionempleo.com.ar/jobad/ar400edb18b32dd3542c60d40220d97e71,0.05349738074830156,es
467,opcionempleo::49669,opcionempleo,Analista Contable Ssr,Gestión Compartida,Excel / VBA,"Barracas, Buenos Aires",,https://www.opcionempleo.com.ar/jobad/ar0d3d49669c6f2d65586508de8ac1c72b,0.053474928242622954,es
468,opcionempleo::96860,opcionempleo,Senior Associate - Tech Lead (AI & Core Banking),PwC,Continuous Improvement,Buenos Aires,,https://www.opcionempleo.com.ar/jobad/ar8db96860ba6439d94df5c78c5d830099,0.053441054358668284,es
469,opcionempleo::jobadar2e538eeda8070a8b8b96c0e2adbefb89,opcionempleo,Analista De Compras Jr Buenos Aires,Ceta Capital Humano,Compras / Procurement,Buenos Aires,,https://www.opcionempleo.com.ar/jobad/ar2e538eeda8070a8b8b96c0e2adbefb89,0.05341544632041265,es
470,opcionempleo::17077712,opcionempleo,Gerente Administrativo y Control del Gestion (Buenos Aires),Paola Vila,Control de Gestión,Buenos Aires,,https://www.opcionempleo.com.ar/jobad/are17d3a5ae9c19c2cc483f17077712dab,0.05335867040853387,es
471,opcionempleo::1530279,opcionempleo,Senior SAP MM Key User – Compras e Inventarios (Vicente López),MaxIT Consulting - Max Corporate Group,Compras / Procurement,"Vicente López, Provincia de Buenos Aires",,https://www.opcionempleo.com.ar/jobad/ar7c5942b06a1530279dfe25f68d43a44e,0.05335789941827125,es
472,opcionempleo::jobadarb90d6087a4ea820da80af90ff3e5ea77,opcionempleo,Business Intelligence (Buenos Aires),AbbVie,BI / Analytics,Buenos Aires,,https://www.opcionempleo.com.ar/jobad/arb90d6087a4ea820da80af90ff3e5ea77,0.05329505030761744,es
473,opcionempleo::903328,opcionempleo,Ingeniero/a de Procesos de Servicio S-BOM (Inglés Avanzado),Siemens,Ingeniero Industrial,Buenos Aires,,https://www.opcionempleo.com.ar/jobad/ar903328f386927017c66ac4028e4b1d77,0.053263503046539776,es
474,opcionempleo::570260,opcionempleo,Data Scientist Argentina Buenos Aires,Equifax,Data Scientist,Buenos Aires,,https://www.opcionempleo.com.ar/jobad/ar0bd003eaac0cab60c570260fcf45e013,0.05321167193222595,es
475,bumeran::1118218899,bumeran,Python Lead Engineer - Remoto - 1728,Aliantec,Python Developer,"Buenos Aires, Buenos Aires",Remoto,https://www.bumeran.com.ar/empleos/python-lead-engineer-remoto-1728-aliantec-1118218899.html,0.05316885256791043,es
476,bumeran::1118215288,bumeran,Analista de compras,Adecco - Permanent Talent,Compras / Procurement,"San Pedro, Buenos Aires",Presencial,https://www.bumeran.com.ar/empleos/analista-de-compras-adecco-permanent-talent-1118215288.html,0.053144199988786806,es
477,opcionempleo::769067,opcionempleo,Ejecutivo de Venta Telefónica (Carcaraña),Alimentos Marinozzi,Excel / VBA,"Carcaraña, Santa Fe",,https://www.opcionempleo.com.ar/jobad/ar40b7a5196fecd769067d02930c749865,0.05308371658663619,es
478,bumeran::1118190309,bumeran,Data Science (Python IA) - Remoto - 1731,Aliantec,Python Developer,CABA,Remoto,https://www.bumeran.com.ar/empleos/data-science-python-ia-remoto-1731-aliantec-1118190309.html,0.05287952303392662,es
479,opcionempleo::0855100,opcionempleo,Data Scientist Senior (Argentina) (E),Reklut,Data Scientist,Argentina,,https://www.opcionempleo.com.ar/jobad/are9aab3fe3c1e093bcfd8f42fd0855100,0.05285784713029213,es
480,opcionempleo::jobadar54a02e7b5141ce13de83df407ca4543b,opcionempleo,Trainee Supply Chain Monte Grande Buenos Aires (Argentina),Coca-Cola FEMSA,Supply Chain,Argentina,,https://www.opcionempleo.com.ar/jobad/ar54a02e7b5141ce13de83df407ca4543b,0.05279636337774865,es
481,opcionempleo::7940847662,opcionempleo,Sr Python Software Engineer (Buenos Aires),Santander,Python Developer,Buenos Aires,,https://www.opcionempleo.com.ar/jobad/areabf7940847662a0cbdd1d02ceaa99f5,0.05279066375660991,es
482,opcionempleo::9931951,opcionempleo,ADMINISTRATIVOS COMERCIALES,Adecco,Excel / VBA,Buenos Aires,,https://www.opcionempleo.com.ar/jobad/ar9931951cbd88835b2c03a3d4efec7648,0.05278537457730775,es
483,opcionempleo::49245560,opcionempleo,Jefatura De Compras No Food: Líder De Categorías,La Anónima,Compras / Procurement,Buenos Aires,,https://www.opcionempleo.com.ar/jobad/ar3c49245560bd96c2204972b33b68299f,0.05268784989053138,es
484,workana::desarrollo-de-herramienta-web-mvp-para-analisis-de-tendencias-de-mercado-libre-argentina,workana,Desarrollo de Herramienta Web Mvp para Análisis de Tendencias de Mercado Libre Argentina,Freelancer J. R. A.,Data Scientist,Argentina,Remoto,https://www.workana.com/job/desarrollo-de-herramienta-web-mvp-para-analisis-de-tendencias-de-mercado-libre-argentina,0.05249697065060682,es
485,opcionempleo::2771575,opcionempleo,Asistente de Operaciones Bilingüe para Grupo (Palermo),Pro Selection Capital Humano,Gerente de Operaciones,Argentina,,https://www.opcionempleo.com.ar/jobad/ar9aa720decceaf2771575cfb97e94f992,0.05243491138073284,es
486,opcionempleo::86503,opcionempleo,Consultor SAP MM Ssr/Sr – Optimiza Compras e Inventarios (San Miguel de Tucumán),Nosotros,Compras / Procurement,"San Miguel de Tucumán, Tucumán",,https://www.opcionempleo.com.ar/jobad/arf86503e4c7bc48ab34c0211ca8d7e66f,0.052378681085255396,es
487,opcionempleo::jobadard294fa2b4baed56d984fc8e68c964b3c,opcionempleo,Senior Associate - Tech Lead (AI & Core Banking) (Buenos Aires),PwC,Continuous Improvement,Buenos Aires,,https://www.opcionempleo.com.ar/jobad/ard294fa2b4baed56d984fc8e68c964b3c,0.05222306579325407,es
488,opcionempleo::jobadar1b3b7949ba60bce252d7c4b6e3923dfa,opcionempleo,Quality Analyst - DoD Compliance & Process Improvement (Rosario),The Timken Company,Continuous Improvement,"Rosario, Santa Fe",,https://www.opcionempleo.com.ar/jobad/ar1b3b7949ba60bce252d7c4b6e3923dfa,0.052177375151836534,en
489,opcionempleo::3231421870,opcionempleo,Gerente de Compras y Abastecimiento | Lidera Supply Chain (Bella Vista),ViaSano Salud,Supply Chain,Argentina,,https://www.opcionempleo.com.ar/jobad/ardff4a69b7db5ac3231421870dfcddb88,0.052074858987301596,es
490,bumeran::1118034843,bumeran,Analista de Compras Ssr en Villa Ortuza,Adecco - Permanent Talent,Compras / Procurement,CABA,Híbrido,https://www.bumeran.com.ar/empleos/analista-de-compras-ssr-en-villa-ortuza-adecco-permanent-talent-1118034843.html,0.05206345204927154,es
491,opcionempleo::00769,opcionempleo,Project Manager,CBRE,Excel / VBA,Buenos Aires,,https://www.opcionempleo.com.ar/jobad/arcd00769f5ad854a19e94b95cf39d3948,0.05182057769887996,es
492,linkedin::4398964831,linkedin,DevOps / SRE Engineer | DF025BG | Argentina Only,Coderio | Software Company,Python Developer,"Rosario, Santa Fe",,https://www.linkedin.com/jobs/view/4398964831,0.051784435479427904,es
493,opcionempleo::74821,opcionempleo,Ingeniero Industrial Cuartel V Moreno,Importainer,Ingeniero Industrial,Argentina,,https://www.opcionempleo.com.ar/jobad/aref4a6e2ac74821e1c4b4a9a175b8a494,0.051743633660951645,es
494,opcionempleo::796641816,opcionempleo,Trainee Supply Chain Monte Grande (Buenos Aires),Coca-Cola FEMSA,Supply Chain,Buenos Aires,,https://www.opcionempleo.com.ar/jobad/ar27df4c796641816cf4080b8cf1004912,0.051534252968811055,es
495,bumeran::1118188223,bumeran,encargado de compras,Confidencial,Compras / Procurement,CABA,Presencial,https://www.bumeran.com.ar/empleos/encargado-de-compras-1118188223.html,0.051499601550613276,es
496,opcionempleo::4562752841,opcionempleo,Senior Sap Mm Key User – Compras E Inventariosp Quilmes,MaxIT Consulting - Max Corporate Group,Compras / Procurement,"Quilmes, Provincia de Buenos Aires",,https://www.opcionempleo.com.ar/jobad/ar5e4562752841cda242107612c712b976,0.05148404546752143,es
497,opcionempleo::jobadarb1ff928fc52b86b8a781f00fa7efd5e4,opcionempleo,"ANALISTA DE COMPRAS JUNIOR CON INGLÉS, Zona Malvinas Argentinas (Almirante Brown)",Alejandra Castillo,Compras / Procurement,"Almirante Brown, Provincia de Buenos Aires",,https://www.opcionempleo.com.ar/jobad/arb1ff928fc52b86b8a781f00fa7efd5e4,0.05137384179570213,es
498,opcionempleo::400368,opcionempleo,Ingeniero/a Técnico/a de Seguridad Industrial (Buenos Aires),futuHRe consulting,Ingeniero Industrial,Buenos Aires,,https://www.opcionempleo.com.ar/jobad/ar352b2064b400368efd1b36b74c5ec22b,0.05116172839787499,es
499,opcionempleo::jobadar26fc4000de3648de256eb2bcbda6120f,opcionempleo,Pasante Supply Chain Villa Mercedes,Cargill,Supply Chain,"Villa Mercedes, San Luis",,https://www.opcionempleo.com.ar/jobad/ar26fc4000de3648de256eb2bcbda6120f,0.05098715566014648,es
500,opcionempleo::117417,opcionempleo,Pasante Supply Chain Villa Mercedes (Argentina),Cargill,Supply Chain,Argentina,,https://www.opcionempleo.com.ar/jobad/ardb047f91eac0108fb3b117417d7e37b0,0.05098715566014648,es
501,opcionempleo::60110,opcionempleo,Pasante Supply Chain Victoria,Cargill,Supply Chain,Argentina,,https://www.opcionempleo.com.ar/jobad/ar133cd60110ac3ee911904266f4d4eda2,0.05098715566014648,es
502,opcionempleo::63566,opcionempleo,Pasante Supply Chain Rosario,Cargill,Supply Chain,"Rosario, Santa Fe",,https://www.opcionempleo.com.ar/jobad/ar82df5da01e63566ddc6f0bfd7222e1ff,0.05098715566014648,es
503,opcionempleo::722850,opcionempleo,Pasante - Supply chain (Rosario),Cargill,Supply Chain,"Rosario, Santa Fe",,https://www.opcionempleo.com.ar/jobad/ar929dd722850c60900de0cf688d6c960c,0.05098715566014648,es
504,opcionempleo::772471,opcionempleo,Pasante - Supply chain,Cargill,Supply Chain,"Rosario, Santa Fe",,https://www.opcionempleo.com.ar/jobad/ar83cd5ce50a772471d5e1e514f51cba1c,0.05077255505531244,es
505,opcionempleo::74392,opcionempleo,Responsable de Administración y Finanzas Rosario(zona Oeste),Link Laboral Puerto Norte,Finanzas / CAPEX,"Rosario, Santa Fe",,https://www.opcionempleo.com.ar/jobad/arc74392e49753e29dcdadebc3e6573cec,0.050526705729184745,es
506,bumeran::1118181842,bumeran,"Jefe/a de Administración, Contabilidad y Finanzas",Confidencial,Finanzas / CAPEX,CABA,Presencial,https://www.bumeran.com.ar/empleos/jefe-a-de-administracion-contabilidad-y-finanzas-1118181842.html,0.05051937233919787,es
507,opcionempleo::808165,opcionempleo,Analista de Packaging-qse Supply Chain (Buenos Aires),Coca-Cola FEMSA,Supply Chain,Buenos Aires,,https://www.opcionempleo.com.ar/jobad/ar4249fdbcf9b32c636eb8b808165af68d,0.050474114117221545,es
508,bumeran::1118221721,bumeran,Analista Ssr de Logística/Supply Chain CON INGLÉS EXCLUYENTE,GI GROUP Argentina,Supply Chain,"General Pacheco, Buenos Aires",Híbrido,https://www.bumeran.com.ar/empleos/analista-ssr-de-logistica-supply-chain-con-ingles-excluyente-gi-group-argentina-1118221721.html,0.05032545069720511,es
509,opcionempleo::6885824,opcionempleo,Assistant Brand Manager,Newsan,Excel / VBA,"Munro, Provincia de Buenos Aires",,https://www.opcionempleo.com.ar/jobad/ar8f6885824fef2095a9bd304e6d52dc03,0.05025645542820754,es
510,opcionempleo::jobadar2adf90e70afe26b93f685d046af7eece,opcionempleo,Jefe de Compras (Escalante),Adecco,Compras / Procurement,"Escalante, Chubut",,https://www.opcionempleo.com.ar/jobad/ar2adf90e70afe26b93f685d046af7eece,0.05023060496661512,es
511,opcionempleo::254900430,opcionempleo,Analista Business Intelligence SR,MBRF,BI / Analytics,"Munro, Provincia de Buenos Aires",,https://www.opcionempleo.com.ar/jobad/arf66ea536f46dc1a175f254900430aa38,0.050090789407796786,es
512,opcionempleo::5961262,opcionempleo,Global Supply Chain Finance Analyst: Costing (Mercedes),Mars,Supply Chain,Argentina,,https://www.opcionempleo.com.ar/jobad/ar429f84d5961262e190a069bd6a25b1ca,0.04998734934372558,es
513,opcionempleo::jobadarc11a6fe7b490e3faf70eb475e49ff27a,opcionempleo,Ingeniero Supervisión de Obra (Pilar),HUBI,Ingeniero Industrial,"Pilar, Provincia de Buenos Aires",,https://www.opcionempleo.com.ar/jobad/arc11a6fe7b490e3faf70eb475e49ff27a,0.049976364361141085,es
514,linkedin::4398995060,linkedin,Full-stack Tech Lead MS049KA,Coderio | Software Company,Finanzas / CAPEX,"Rosario, Santa Fe",,https://www.linkedin.com/jobs/view/4398995060,0.04963164404460497,es
515,opcionempleo::45054,opcionempleo,Analista de Compras SSR - Hybrid Enfoque en Proveedores (Lanús),Benito Roggio Ambiental,Compras / Procurement,"Lanús, Provincia de Buenos Aires",,https://www.opcionempleo.com.ar/jobad/areec45054bd0e006fecf3e027bc567fdf,0.04958990539071142,es
516,opcionempleo::27473,opcionempleo,Jefe de Mantenimiento Industrial | Lidera Planta y Mejora Continua (Maipú),Nosotros,Ingeniero Industrial,"Maipú, Mendoza",,https://www.opcionempleo.com.ar/jobad/ar27473df7880c8cad42ce490b7eda1cb5,0.04937272842491418,es
517,opcionempleo::jobadarb963bfcd73f82db1ba7a6ce018e0b507,opcionempleo,Pre Sales Executive Junior,Cross Border Talents,Excel / VBA,Buenos Aires,,https://www.opcionempleo.com.ar/jobad/arb963bfcd73f82db1ba7a6ce018e0b507,0.049122549352765665,es
518,opcionempleo::89097,opcionempleo,"Consultor ERP Modulos Manufactura, Supply Chain y (Córdoba)",RHvision,Supply Chain,Argentina,,https://www.opcionempleo.com.ar/jobad/ard89097bd7873fd7dcad464f49731a408,0.04904625458566779,es
519,opcionempleo::80648,opcionempleo,"Consultor Erp Modulos Manufactura, Supply Chain Y Córdoba (Argentina)",RHvision,Supply Chain,Argentina,,https://www.opcionempleo.com.ar/jobad/ar8069b1550d7cfbd68fa12dba80648e05,0.04904103133998791,es
520,opcionempleo::0906325,opcionempleo,Python Lead Engineer (Buenos Aires),ALIANTEC SOLUTIONS,Python Developer,Buenos Aires,,https://www.opcionempleo.com.ar/jobad/arfcaaf0338e227c5e0906325f3f49e502,0.04890364177485226,es
521,opcionempleo::2467395,opcionempleo,Gerente Administrativo Contable Lomas De Zamora,ICARS,Gerente de Operaciones,"Lomas de Zamora, Provincia de Buenos Aires",,https://www.opcionempleo.com.ar/jobad/ar2e0e2467395e1f9cbbeb9f8723061f35,0.04887843880131272,es
522,bumeran::1118166652,bumeran,Ingeniero de Proyectos Industriales,Kaeser,Ingeniero Industrial,"Garin, Buenos Aires",Presencial,https://www.bumeran.com.ar/empleos/ingeniero-de-proyectos-industriales-kaeser-1118166652.html,0.0487100645976527,es
523,opcionempleo::04776,opcionempleo,Analista de Planeamiento y Control de Gestión (General Rodríguez),La Serenísima,Control de Gestión,"General Rodríguez, Provincia de Buenos Aires",,https://www.opcionempleo.com.ar/jobad/ar04776d28634f95fa6a380c34936e491d,0.04851935291052724,es
524,linkedin::4399264839,linkedin,Senior Full Stack Engineer MS048KA,Coderio | Software Company,Finanzas / CAPEX,"Rosario, Santa Fe",,https://www.linkedin.com/jobs/view/4399264839,0.04839211143892177,es
525,linkedin::4400584252,linkedin,Key Account Executive - Vision Care,Bausch + Lomb,Finanzas / CAPEX,Estados Unidos,,https://www.linkedin.com/jobs/view/4400584252,0.04817517105571207,es
526,opcionempleo::949920,opcionempleo,Analista Supply Chain Jr. - Req205853 - Eventual,Manpower,Supply Chain,Buenos Aires,,https://www.opcionempleo.com.ar/jobad/ardac949920f6557ada44ddf5ea4e3095e,0.04810968800738901,es
527,opcionempleo::713657585260,opcionempleo,Analista Ssr De Logística/supply Chain Con Inglés Excluyente Buenos Aires (Argentina),Gi Group,Supply Chain,Argentina,,https://www.opcionempleo.com.ar/jobad/ar363bdc2beba5d34c7d713657585260a7,0.048027703631886756,es
528,opcionempleo::82572,opcionempleo,Senior Associate - Ingenieria de IA Generativa,PwC,Continuous Improvement,Buenos Aires,,https://www.opcionempleo.com.ar/jobad/ar298b82572a39f977cfb600cf4ca8d5f1,0.048001475516395886,es
529,opcionempleo::06884767,opcionempleo,Global Supply Chain Finance Analyst: Costing & Closings Mercedes (Argentina),Mars,Supply Chain,Argentina,,https://www.opcionempleo.com.ar/jobad/arc8c06884767e401097127edd63a8dadb,0.0478993166725236,es
530,opcionempleo::32277,opcionempleo,Responsable de administración y finanzas (Buenos Aires),Taynes,Finanzas / CAPEX,Buenos Aires,,https://www.opcionempleo.com.ar/jobad/ar32277b20f5b02acca21f2464ef70caf9,0.047696750222218046,es
531,opcionempleo::535242795,opcionempleo,Analista De Compras Buenos Aires,La Mantovana de Servicios Generales,Compras / Procurement,Buenos Aires,,https://www.opcionempleo.com.ar/jobad/arc535242795a85d70088826618dbc2716,0.04760106432971827,es
532,opcionempleo::jobadar41f682cee1306e03ddee512e9973deae,opcionempleo,Analista de Finanzas (Buenos Aires),Fiserv,Finanzas / CAPEX,Buenos Aires,,https://www.opcionempleo.com.ar/jobad/ar41f682cee1306e03ddee512e9973deae,0.047468525900111275,en
533,opcionempleo::jobadar8a1a4bbc5efdbe03dc84e3aa8d360d77,opcionempleo,Líder de Compras End-to-End y Sourcing Estratégico (Buenos Aires),MercadoLibre,Compras / Procurement,Buenos Aires,,https://www.opcionempleo.com.ar/jobad/ar8a1a4bbc5efdbe03dc84e3aa8d360d77,0.047447376493791354,es
534,opcionempleo::756765,opcionempleo,Pasante de Compras (Vicente López),Grupo Peñaflor,Compras / Procurement,"Vicente López, Provincia de Buenos Aires",,https://www.opcionempleo.com.ar/jobad/arf675f1ed817c1362de756765c898207d,0.0473936531287222,es
535,opcionempleo::4765487,opcionempleo,Analista Sr de Planeamiento y Control de Gestión (Argentina),Swiss Medical Group,Control de Gestión,Argentina,,https://www.opcionempleo.com.ar/jobad/ar5eaa4d5d3fdcd43d4765487aeaf8b663,0.047259815873709546,es
536,opcionempleo::921060,opcionempleo,Analista de Supply Chain Ssr (Buenos Aires),L'Oréal,Supply Chain,Buenos Aires,,https://www.opcionempleo.com.ar/jobad/arf32c0c921060f47b8c848b0208bd83f9,0.04713660570229611,es
537,workana::configuracion-y-despliegue-de-aplicacion-flutter-con-firebase-y-cloud-functions,workana,Configuración y Despliegue de Aplicación Flutter con Firebase y Cloud Functions,Freelancer L. B.,Data Scientist,Argentina,Remoto,https://www.workana.com/job/configuracion-y-despliegue-de-aplicacion-flutter-con-firebase-y-cloud-functions,0.04711114360028912,es
538,opcionempleo::55995,opcionempleo,Pasante De Finanzas Arg Buenos Aires,Mabe,Finanzas / CAPEX,Buenos Aires,,https://www.opcionempleo.com.ar/jobad/ardde55995c4fbafd0bbe74f2674cb1716,0.04698300541495812,es
539,opcionempleo::jobadar5256a552f105adc2289be5bd6c4dda71,opcionempleo,Senior Associate - Ingenieria de IA Generativa (Buenos Aires),PwC,Continuous Improvement,Buenos Aires,,https://www.opcionempleo.com.ar/jobad/ar5256a552f105adc2289be5bd6c4dda71,0.04685266708201123,es
540,opcionempleo::40909,opcionempleo,Gerente de Sucursal (Buenos Aires),Taraborelli Automobile,Gerente de Operaciones,Buenos Aires,,https://www.opcionempleo.com.ar/jobad/ar3007d5c40909f20255e6748c38b4708d,0.046790137142118486,es
541,opcionempleo::jobadar1ea514fc4097d0e52bafdcf1dceee010,opcionempleo,Analista Ssr De Logística/supply Chain Con Inglés Excluyente General Pacheco (Argentina),Gi Group,Supply Chain,Argentina,,https://www.opcionempleo.com.ar/jobad/ar1ea514fc4097d0e52bafdcf1dceee010,0.04661044651990131,es
542,opcionempleo::85764,opcionempleo,Senior Associate - AI Engineering Lead – Intelligent Transformation,PwC,Continuous Improvement,Buenos Aires,,https://www.opcionempleo.com.ar/jobad/ar8041b549d4cd84bf85764aad87362842,0.04643352395737718,es
543,opcionempleo::456123805,opcionempleo,Analista de Compras Sr (Buenos Aires),Koming2000,Compras / Procurement,Buenos Aires,,https://www.opcionempleo.com.ar/jobad/ar9197c6ce456123805f291cb909b53d07,0.04603830323694745,es
544,opcionempleo::407975,opcionempleo,Senior Manager - Product Owner,PwC,Continuous Improvement,Buenos Aires,,https://www.opcionempleo.com.ar/jobad/ardac670e407975e9385d11b025e82699c,0.04593105126895297,es
545,opcionempleo::94324195665,opcionempleo,Senior Associate - Product Owner (Buenos Aires),PwC,Continuous Improvement,Buenos Aires,,https://www.opcionempleo.com.ar/jobad/ar4532c8bb8a94324195665af54401d553,0.04579200019213572,es
546,opcionempleo::jobadar1feafbfa8d5de55e57e81fb21d053a5a,opcionempleo,Analista de Planeamiento y Control de Gestión (Buenos Aires),,Control de Gestión,Buenos Aires,,https://www.opcionempleo.com.ar/jobad/ar1feafbfa8d5de55e57e81fb21d053a5a,0.04560586388566306,es
547,opcionempleo::856881,opcionempleo,Ingeniero Industrial Jr (Buenos Aires),LC Consultora,Ingeniero Industrial,Buenos Aires,,https://www.opcionempleo.com.ar/jobad/ar856881a97155fe7bd5561ca9a3c85020,0.04543709577472099,es
548,opcionempleo::jobadar9d52b8a859b1d1e3801cd1a48ec13f4c,opcionempleo,Analista De Control De Gestión Buenos Aires (Argentina),Securion,Control de Gestión,Argentina,,https://www.opcionempleo.com.ar/jobad/ar9d52b8a859b1d1e3801cd1a48ec13f4c,0.04541188107803081,es
549,bumeran::1118149228,bumeran,Administración y Finanzas,GI GROUP Argentina,Finanzas / CAPEX,"Tortuguitas, Buenos Aires",Presencial,https://www.bumeran.com.ar/empleos/administracion-y-finanzas-gi-group-argentina-1118149228.html,0.045283527669736416,es
550,bumeran::1118149700,bumeran,Asistente de Administración y Finanzas,AccelRH,Finanzas / CAPEX,"Vicente López, Buenos Aires",Híbrido,https://www.bumeran.com.ar/empleos/asistente-de-administracion-y-finanzas-accelrh-1118149700.html,0.045138381765197216,es
551,opcionempleo::01250,opcionempleo,Vendedor Técnico Industrial (Buenos Aires),Taynes,Ingeniero Industrial,Buenos Aires,,https://www.opcionempleo.com.ar/jobad/ar01250f78f7a55977383717319a576003,0.045102002203981285,es
552,opcionempleo::14337,opcionempleo,Analista de Calidad,SGS,Excel / VBA,Buenos Aires,,https://www.opcionempleo.com.ar/jobad/arbb2f14337d71b7f2a42064873edd2719,0.045086309699951796,es
553,opcionempleo::640846822349,opcionempleo,Administración y Finanzas (José C. Paz),GI GROUP SEARCH & SELECTION,Finanzas / CAPEX,"José C. Paz, Provincia de Buenos Aires",,https://www.opcionempleo.com.ar/jobad/ar640846822349c7cc60827a1bf2a3c5f9,0.04507862047663261,es
554,opcionempleo::jobadara4ad2025add7b46a9e6aba11c2023a41,opcionempleo,Asesor telefónico (Patient Support Program) HORARIO 12:00 A 20:00 (Buenos Aires),AXA,Excel / VBA,Buenos Aires,,https://www.opcionempleo.com.ar/jobad/ara4ad2025add7b46a9e6aba11c2023a41,0.0449622328176549,es
555,opcionempleo::895720758,opcionempleo,Analista Senior de Administración y Finanzas Caba (Caballito),Manage Resources,Finanzas / CAPEX,CABA,,https://www.opcionempleo.com.ar/jobad/ar895720758fbb7c8f57ee92ba267c8ca8,0.044682300407486546,es
556,bumeran::1118197327,bumeran,Analista de Compras Junior/semi senior,Confidencial,Compras / Procurement,"Moreno, Buenos Aires",Presencial,https://www.bumeran.com.ar/empleos/analista-de-compras-junior-semi-senior-1118197327.html,0.04461274770605434,es
557,opcionempleo::27124445,opcionempleo,GERENTE DE COMPRAS PARA CATEGORÍAS DE MODA - RECONOCIDA EMPRESA DE RETAIL. (Buenos Aires),Fashionrh,Compras / Procurement,Buenos Aires,,https://www.opcionempleo.com.ar/jobad/ara52be27124445df21d96b6b38292c145,0.04457754841308337,es
558,opcionempleo::22079,opcionempleo,Analista de Compras (Núñez),Suizo Argentina,Compras / Procurement,"Nuñez, Buenos Aires",,https://www.opcionempleo.com.ar/jobad/are7929b6bde24b20d5f0fe16fcd22079e,0.0445695402906883,es
559,opcionempleo::jobadar2c117b6ed5cbbb9c1aca974a4af0016a,opcionempleo,Administrativa De Compras Moda - Optimiza Inventarios (Part Time),Nosotros,Compras / Procurement,Buenos Aires,,https://www.opcionempleo.com.ar/jobad/ar2c117b6ed5cbbb9c1aca974a4af0016a,0.044565802018681926,es
560,opcionempleo::45913,opcionempleo,Responsable Sector Compras (Rosario),Excelencia Laboral,Compras / Procurement,"Rosario, Santa Fe",,https://www.opcionempleo.com.ar/jobad/arf7c2416b7df45913b17287d523932f32,0.04445806328816476,es
561,opcionempleo::370016,opcionempleo,Asistente Jr De Compras Y Comercio Exterior Buenos Aires,Angel Baraldo,Compras / Procurement,Buenos Aires,,https://www.opcionempleo.com.ar/jobad/ar370016b583667511e63d977b9e0396ee,0.04442150920788286,es
562,opcionempleo::22880739,opcionempleo,Asistente de Compras (Villa Devoto),Synergia Group,Compras / Procurement,"Villa Devoto, Buenos Aires",,https://www.opcionempleo.com.ar/jobad/ar081fe1541c22880739e8d71f16559ccc,0.04440392359263787,es
563,opcionempleo::24268400,opcionempleo,Vendedor Técnico Comercial Sr. (Industria a Industria),Sinergia3,Excel / VBA,"Pilar, Provincia de Buenos Aires",,https://www.opcionempleo.com.ar/jobad/ar7c175e24268400fb7cd6eee7d44e77f4,0.044391624894043795,es
564,opcionempleo::89506,opcionempleo,Desarrollador Fullstack Sr - React-Node-Python,Cross Border Talents,Python Developer,Buenos Aires,,https://www.opcionempleo.com.ar/jobad/ar7a3c89506f2e2ba29abe6bae5968ff75,0.04421220011700198,es
565,opcionempleo::64840,opcionempleo,Analista de Planeamiento y Control de Gestión,La Serenísima,Control de Gestión,Buenos Aires,,https://www.opcionempleo.com.ar/jobad/ar64840eaeac93d8eca4076a963a570de1,0.044206778450657284,es
566,opcionempleo::37837,opcionempleo,Gerente de Operaciones (Buenos Aires),Generalistas,Gerente de Operaciones,Buenos Aires,,https://www.opcionempleo.com.ar/jobad/ar1ddef01a366a54db37837c6d8030c77f,0.04416288219098728,es
567,opcionempleo::jobadar8b2f2ac25ea3e9ec645d09d82e63c1e3,opcionempleo,Sub Gerente / Restaurante / Full Time/ Zona Caba (Buenos Aires),Gulcan Dengeli,Gerente de Operaciones,Buenos Aires,,https://www.opcionempleo.com.ar/jobad/ar8b2f2ac25ea3e9ec645d09d82e63c1e3,0.04416180748264337,es
568,opcionempleo::223415,opcionempleo,Analista de Planeamiento y Control de Gestión (General Rodríguez),,Control de Gestión,"General Rodríguez, Provincia de Buenos Aires",,https://www.opcionempleo.com.ar/jobad/ar986c914db223415ea18018133bed6bb6,0.04409538850053951,es
569,opcionempleo::505386,opcionempleo,Pasantía cobranzas,Thomson Reuters,Excel / VBA,Buenos Aires,,https://www.opcionempleo.com.ar/jobad/ar8440efb505386b873d6657dbb68dfc2d,0.043990808963975406,es
570,opcionempleo::jobadar3c669c4675d0ab7af95ca31d73e50c1c,opcionempleo,"Personal de Compras, Depósito y Embalaje de (Quilmes)",Matba,Compras / Procurement,"Quilmes, Provincia de Buenos Aires",,https://www.opcionempleo.com.ar/jobad/ar3c669c4675d0ab7af95ca31d73e50c1c,0.04398468375787406,es
571,bumeran::1118170238,bumeran,Responsable de Área de Administración y Finanzas,Bumeran Selecta,Finanzas / CAPEX,CABA,Presencial,https://www.bumeran.com.ar/empleos/responsable-de-area-de-administracion-y-finanzas-bumeran-selecta-1118170238.html,0.043799975731097854,es
572,opcionempleo::325653636,opcionempleo,Analista de Compras en Recoleta (Buenos Aires),Adecco,Compras / Procurement,Buenos Aires,,https://www.opcionempleo.com.ar/jobad/ar9a76eb5f55aa241e325653636f68181a,0.04367032818827711,es
573,opcionempleo::265379,opcionempleo,Analista de Liquidación de Sueldos,NEXO LABORAL,Excel / VBA,Buenos Aires,,https://www.opcionempleo.com.ar/jobad/ar265379e6f635c80214a14ad1409b925f,0.0436578791289111,es
574,opcionempleo::jobadar6a2722a2e56c140d48f2ce2f07ee7da4,opcionempleo,"Analista Contable Senior – Ifrs, Auditorías Y Finanzas",Baufest,Finanzas / CAPEX,"Luján de Cuyo, Mendoza",,https://www.opcionempleo.com.ar/jobad/ar6a2722a2e56c140d48f2ce2f07ee7da4,0.04361287825652561,es
575,opcionempleo::jobadar9ac0602bc5dd14adb0019ab5b285e549,opcionempleo,Analista de Compras (Núñez),Grupo Tergolaf,Compras / Procurement,"Nuñez, Buenos Aires",,https://www.opcionempleo.com.ar/jobad/ar9ac0602bc5dd14adb0019ab5b285e549,0.04349633343437324,es
576,bumeran::1118164481,bumeran,Analista de Compras en Recoleta,Adecco - Permanent Talent,Compras / Procurement,CABA,Presencial,https://www.bumeran.com.ar/empleos/analista-de-compras-en-recoleta-adecco-permanent-talent-1118164481.html,0.043440635788616185,es
577,opcionempleo::jobadar30fab460ea409dff4c666e449b4f644d,opcionempleo,Jefe de Business Intelligence (Bi) (Buenos Aires),Hucap,BI / Analytics,Buenos Aires,,https://www.opcionempleo.com.ar/jobad/ar30fab460ea409dff4c666e449b4f644d,0.043239831060275444,es
578,opcionempleo::579749,opcionempleo,Sr Python Developer (Buenos Aires),KIU System Solutions,Python Developer,Buenos Aires,,https://www.opcionempleo.com.ar/jobad/ar8cf4c15a579749f65a161728403920fd,0.043126198928881275,es
579,linkedin::4398977585,linkedin,Senior Backend Engineer MS050KA,Coderio | Software Company,Finanzas / CAPEX,"Rosario, Santa Fe",,https://www.linkedin.com/jobs/view/4398977585,0.04292029315254981,es
580,bumeran::1118217227,bumeran,Sub Gerente de Operaciones,Confidencial,Gerente de Operaciones,CABA,Presencial,https://www.bumeran.com.ar/empleos/sub-gerente-de-operaciones-1118217227.html,0.04288659263355412,es
581,opcionempleo::04176,opcionempleo,GERENTE DE COMPRAS PARA CATEGORÃ AS DE MODA - RECONOCIDA EMPRESA DE RETAIL. (Buenos Aires),Fashion RH,Compras / Procurement,Buenos Aires,,https://www.opcionempleo.com.ar/jobad/ar77a30e7a55e8a6894ae049c04176fbeb,0.042880804362826985,es
582,opcionempleo::348245,opcionempleo,Sub Gerente de Operaciones,,Gerente de Operaciones,Buenos Aires,,https://www.opcionempleo.com.ar/jobad/ar6e2ad28c348245dccade56e9462e5333,0.04265257404154219,es
583,opcionempleo::64906,opcionempleo,Ingeniero/programador en Automatización y Control (Mendoza),John Wood Group,Ingeniero Industrial,Mendoza,,https://www.opcionempleo.com.ar/jobad/ar5add0c9eac97c318f64906e105240fee,0.04264807874843217,es
584,opcionempleo::248861901,opcionempleo,Sub Gerente de Operaciones Hoteleria,,Gerente de Operaciones,"San Nicolás, Buenos Aires",,https://www.opcionempleo.com.ar/jobad/ard04eb4efd9dea7b248861901a67312f9,0.042631050925108965,es
585,opcionempleo::077010,opcionempleo,Control De Gestión Para Obras Mendoza (Argentina),Perfil Humano,Control de Gestión,Argentina,,https://www.opcionempleo.com.ar/jobad/ar9a1d17ef145d9cefd077010b1cdb5feb,0.04255323779078504,es
586,opcionempleo::94654,opcionempleo,Control de Gestión para Obras (Mendoza),Perfil Humano,Control de Gestión,Mendoza,,https://www.opcionempleo.com.ar/jobad/ar94654c3e31555dd26338b1b8361c6106,0.04255323779078504,es
587,workana::desarrollo-de-sistema-de-automatizacion-de-respuestas-por-whatsapp-con-inteligencia-artificial-2,workana,Desarrollo de Sistema de Automatización de Respuestas por Whatsapp con Inteligencia Artificial,Freelancer M. V.,Data Scientist,Argentina,Remoto,https://www.workana.com/job/desarrollo-de-sistema-de-automatizacion-de-respuestas-por-whatsapp-con-inteligencia-artificial-2,0.04253283443386953,es
588,opcionempleo::724986,opcionempleo,TÃ©cnico QuÃmico - Planta Industrial Para Importante Empresa Alimenticia (Marcos Paz),FS SelecciA3n de Personal,Ingeniero Industrial,"Marcos Paz, Provincia de Buenos Aires",,https://www.opcionempleo.com.ar/jobad/arb724986b35b90a42324f6b433ba6bede,0.042365666600041596,es
589,opcionempleo::78608,opcionempleo,Ingeniero de Mantenimiento Planeado: Automatización PLC Siemens (Buenos Aires),Cerveceriaymalteriaquilmes,Ingeniero Industrial,Buenos Aires,,https://www.opcionempleo.com.ar/jobad/ar78608ba9469f54cf84f542e788b02559,0.04227260381923081,es
590,opcionempleo::jobadar29a54d1935ab19a046ee9a7095e75a64,opcionempleo,Líder de Operaciones (Buenos Aires),,Gerente de Operaciones,Buenos Aires,,https://www.opcionempleo.com.ar/jobad/ar29a54d1935ab19a046ee9a7095e75a64,0.04212543262456457,es
591,opcionempleo::907342,opcionempleo,Senior Data Scientist - Ml In Production (Hybrid),Grupo QuintoAndar,Data Scientist,Buenos Aires,,https://www.opcionempleo.com.ar/jobad/ar82b47b2ac5c8c320ae94f907342b0378,0.042094798294259106,es
592,linkedin::4400236862,linkedin,DevOps Engineer MS043KA,Coderio | Software Company,Python Developer,"Rosario, Santa Fe",,https://www.linkedin.com/jobs/view/4400236862,0.042085994135649285,es
593,linkedin::4399274125,linkedin,Senior DevOps Engineer MS043KA,Coderio | Software Company,Python Developer,"Rosario, Santa Fe",,https://www.linkedin.com/jobs/view/4399274125,0.042085994135649285,es
594,opcionempleo::74217,opcionempleo,Sub Gerente (Caballito),SushiClub,Gerente de Operaciones,CABA,,https://www.opcionempleo.com.ar/jobad/are887d7b74217ec3b66ff03a0e15eb7c8,0.04205680945338962,es
595,opcionempleo::611694,opcionempleo,Jefe de Business Intelligence (Bi) -actuario (Buenos Aires),Hucap,BI / Analytics,Buenos Aires,,https://www.opcionempleo.com.ar/jobad/ar611694c945fca0381e1c87af45279b21,0.042008045621924325,es
596,opcionempleo::830968,opcionempleo,Analista Jr De Control De Gestión Buenos Aires,Central Puerto,Control de Gestión,Buenos Aires,,https://www.opcionempleo.com.ar/jobad/ar9b2359fac830968bb1f6053adc20b3a2,0.04159322928384021,es
597,opcionempleo::jobadare9df7a3657eeac35be3cf904f53f3f63,opcionempleo,Analista Senior de Control de Gestión y RRHH (Argentina),Louis Dreyfus Company,Control de Gestión,Argentina,,https://www.opcionempleo.com.ar/jobad/are9df7a3657eeac35be3cf904f53f3f63,0.04155124367493117,es
598,opcionempleo::169211,opcionempleo,Senior Data Scientist Ml + Azure Remote Buenos Aires,Werben HR,Data Scientist,Buenos Aires,,https://www.opcionempleo.com.ar/jobad/are83a38d169211bacabad5e94802c6c83,0.04148058450270087,es
599,opcionempleo::jobadar7ac5541cf01dc9f2417c047e939f2b90,opcionempleo,Asistente Administrativo y Finanzas – Impacto Global (Rosario),MEC Consultores,Finanzas / CAPEX,"Rosario, Santa Fe",,https://www.opcionempleo.com.ar/jobad/ar7ac5541cf01dc9f2417c047e939f2b90,0.041276505445055886,es
600,opcionempleo::080597,opcionempleo,Jr. International Execution Analyst Supply Chain (Buenos Aires),Louis Dreyfus Company,Supply Chain,Buenos Aires,,https://www.opcionempleo.com.ar/jobad/ar43c9d8b5a5c39f78deb27f7c080597c6,0.04126731484725078,es
601,opcionempleo::jobadar377e0b783d646a045e1963a249e9ae92,opcionempleo,Analista Supply Chain,Michael Page,Supply Chain,Buenos Aires,,https://www.opcionempleo.com.ar/jobad/ar377e0b783d646a045e1963a249e9ae92,0.0411466204704767,es
602,opcionempleo::96982,opcionempleo,Back Office Administrativo - Supply Chain Jr (Rosario),Cargill,Supply Chain,"Rosario, Santa Fe",,https://www.opcionempleo.com.ar/jobad/arcfe45ff6fb96982d8a9c628be27a63cb,0.04114237806914125,es
603,opcionempleo::967089,opcionempleo,Analista Contable SR para área de Finanzas (Buenos Aires),Mook's Recursos Humanos,Finanzas / CAPEX,Buenos Aires,,https://www.opcionempleo.com.ar/jobad/ar25d9c6a967089f9b456928f4c4ff71b1,0.04107777914377376,es
604,opcionempleo::09788,opcionempleo,Operario de Logística,Adecco,Excel / VBA,"Rosario, Santa Fe",,https://www.opcionempleo.com.ar/jobad/are17fa09788c6bb0264e9f021e21c354b,0.040873760830572675,es
605,workana::configuracion-y-lanzamiento-completo-de-tienda-online-en-nextiendas-con-carga-de-productos,workana,Configuración y Lanzamiento Completo de Tienda Online en Nextiendas con Carga de Productos,Freelancer A. J. R.,Data Scientist,Argentina,Remoto,https://www.workana.com/job/configuracion-y-lanzamiento-completo-de-tienda-online-en-nextiendas-con-carga-de-productos,0.04078346160412745,es
606,bumeran::1118210004,bumeran,Administrativo Contable (Compras),BAYTON,Compras / Procurement,"Billinghurst, Buenos Aires",Presencial,https://www.bumeran.com.ar/empleos/administrativo-contable-compras-bayton-1118210004.html,0.04074695937395441,es
607,bumeran::1118208325,bumeran,Administrativo/a (Area Contable /Compras ),BAYTON,Compras / Procurement,"Billinghurst, Buenos Aires",Presencial,https://www.bumeran.com.ar/empleos/administrativo-a-area-contable-compras--bayton-1118208325.html,0.04074695937395441,es
608,opcionempleo::09696,opcionempleo,Analista Sr de Control de Gestión (San Isidro),Be Enterprises,Control de Gestión,Argentina,,https://www.opcionempleo.com.ar/jobad/ara09696a8566b1afd09285a6fc39143fb,0.04065511362535971,es
609,workana::especialista-en-ia-y-automatizacion-b2b,workana,Especialista en Ia y Automatización B2b (Revisar La Infografia Del Proyecto),Freelancer F.,Data Scientist,Argentina,Remoto,https://www.workana.com/job/especialista-en-ia-y-automatizacion-b2b,0.0405374766552266,es
610,opcionempleo::85316640,opcionempleo,Analista de Compras Ssr en Villa Ortuza (Buenos Aires),Adecco,Compras / Procurement,Buenos Aires,,https://www.opcionempleo.com.ar/jobad/ar5e1ea85316640cd3f65b4db990687918,0.04041141738321221,es
611,opcionempleo::07699581,opcionempleo,Business Intelligence & Sales Force Effectiveness Coordinator,AbbVie,BI / Analytics,Buenos Aires,,https://www.opcionempleo.com.ar/jobad/arac5484b5078c98d1d0a02f07699581f8,0.04039539297063372,en
612,opcionempleo::jobadar40d25b5f5cfb4bdc0e83a8365b26e9b7,opcionempleo,Junior - Data Scientist (Rosario),PwC,Data Scientist,"Rosario, Santa Fe",,https://www.opcionempleo.com.ar/jobad/ar40d25b5f5cfb4bdc0e83a8365b26e9b7,0.04026489801747048,es
613,opcionempleo::23555564,opcionempleo,Analista Ssr De Business Intelligence Buenos Aires (Argentina),Coppel,BI / Analytics,Argentina,,https://www.opcionempleo.com.ar/jobad/are544d6e15a21c5d23555564a3fb2adea,0.04020502393494561,es
614,workana::desarrollo-de-automatizacion-de-disenos-en-canva-para-e-commerce,workana,Desarrollo de Automatización de Diseños en Canva para E-commerce,Freelancer T.,Data Scientist,Argentina,Remoto,https://www.workana.com/job/desarrollo-de-automatizacion-de-disenos-en-canva-para-e-commerce,0.04009049208964359,es
615,workana::implementacion-y-optimizacion-de-sistema-de-gestion-y-seguimiento-de-clientes,workana,Implementación y Optimización de Sistema de Gestión y Seguimiento de Clientes,Freelancer R. M. D.,Data Scientist,Argentina,Remoto,https://www.workana.com/job/implementacion-y-optimizacion-de-sistema-de-gestion-y-seguimiento-de-clientes,0.03998259118759669,es
616,opcionempleo::85412,opcionempleo,Ingeniero/a de Proyecto (Buenos Aires),Grupo Clave,Ingeniero Industrial,Buenos Aires,,https://www.opcionempleo.com.ar/jobad/arb2b861ac0b4dfe85412dc8cbb1f4f59b,0.03998009672794285,es
617,workana::desarrollo-de-sistema-wordpress-para-gestion-y-venta-automatizada-de-fotos-deportivas,workana,Desarrollo de Sistema Wordpress para Gestión y Venta Automatizada de Fotos Deportivas,Freelancer M. C.,Data Scientist,Argentina,Remoto,https://www.workana.com/job/desarrollo-de-sistema-wordpress-para-gestion-y-venta-automatizada-de-fotos-deportivas,0.03981087907171098,es
618,workana::desarrollador-de-sistema-de-gestion-a-medida-administracion-y-crm-en-excel-o-appsheet,workana,Desarrollador de Sistema de Gestión a Medida (Administración y Crm) en Excel o Appsheet,Freelancer J. C. C.,Data Scientist,Argentina,Remoto,https://www.workana.com/job/desarrollador-de-sistema-de-gestion-a-medida-administracion-y-crm-en-excel-o-appsheet,0.03953623088674737,es
619,workana::desarrollo-y-automatizacion-de-soluciones-tecnicas-para-optimizacion-de-procesos,workana,Desarrollo y Automatización de Soluciones Técnicas para Optimización de Procesos,Freelancer S. T.,Data Scientist,Argentina,Remoto,https://www.workana.com/job/desarrollo-y-automatizacion-de-soluciones-tecnicas-para-optimizacion-de-procesos,0.03952468482679822,es
620,opcionempleo::460307,opcionempleo,Payments Optimization Senior Analyst,PedidosYa,Excel / VBA,Buenos Aires,,https://www.opcionempleo.com.ar/jobad/ar0952e2e25b46b06db2fd427a460307ef,0.03946829379926289,es
621,opcionempleo::450435,opcionempleo,CRM Analyst,PedidosYa,Excel / VBA,Buenos Aires,,https://www.opcionempleo.com.ar/jobad/arba073cf4cfcf0445caa450435a2c92ad,0.03944709475521472,es
622,workana::desarrollo-de-sistema-de-gestion-de-reservas-para-club-de-padel-con-web-y-bot-de-whatsapp,workana,Desarrollo de Sistema de Gestión de Reservas para Club de Pádel con Web y Bot de Whatsapp,Freelancer L.,Data Scientist,Argentina,Remoto,https://www.workana.com/job/desarrollo-de-sistema-de-gestion-de-reservas-para-club-de-padel-con-web-y-bot-de-whatsapp,0.03930193621527663,es
623,opcionempleo::261499,opcionempleo,Analista de Recupero de Mora,,Excel / VBA,Buenos Aires,,https://www.opcionempleo.com.ar/jobad/ara261499b3680c3bff32eacdbd6246d0a,0.03927687438478053,es
624,opcionempleo::jobadar90f000bd8fc12d430e6173cf0ebd266f,opcionempleo,"Desarrollador Fullstack Sr- Python, React, AWS, PostgreSQL (Buenos Aires)",Cross Border Talents,Python Developer,Buenos Aires,,https://www.opcionempleo.com.ar/jobad/ar90f000bd8fc12d430e6173cf0ebd266f,0.03920450704085187,es
625,workana::desarrollador-web-para-reparacion-y-optimizacion-de-sitio-en-html,workana,Desarrollador Web para Reparación y Optimización de Sitio en Html,Freelancer L.,BI / Analytics,Argentina,Remoto,https://www.workana.com/job/desarrollador-web-para-reparacion-y-optimizacion-de-sitio-en-html,0.039186230374548506,es
626,opcionempleo::24758,opcionempleo,Senior Python Developer for AI-Enabled Aerospace (Buenos Aires),KIU System Solutions,Python Developer,Buenos Aires,,https://www.opcionempleo.com.ar/jobad/ar8f08b0207e4f219bee4e24758bfd38db,0.03890963761445861,es
627,opcionempleo::812024,opcionempleo,Analista de Facturación y Cuenta Corriente,,Excel / VBA,"Olivos, Provincia de Buenos Aires",,https://www.opcionempleo.com.ar/jobad/ar482ba7b812024acc0afd31e2f413676d,0.03888102183827384,es
628,opcionempleo::6661265,opcionempleo,Técnico/a Mecánico/a,Rio Tinto,Continuous Improvement,Catamarca,,https://www.opcionempleo.com.ar/jobad/ar6661265cc51a63cd4736ba917f03b8ba,0.038835217205754995,es
629,opcionempleo::167429,opcionempleo,Data Scientist Buenos Aires (Argentina),Eym Consultora,Data Scientist,Argentina,,https://www.opcionempleo.com.ar/jobad/arce2fe3dd5f167429ffd077386da41167,0.038687625939344335,es
630,opcionempleo::1357814,opcionempleo,Gerente Supply Chain Jr Buenos Aires,BIOSINTEX,Supply Chain,Buenos Aires,,https://www.opcionempleo.com.ar/jobad/arbfb712ba49f1357814fe41ad201b2b26,0.03843039602740731,es
631,opcionempleo::137948238,opcionempleo,"Desarrollador Fullstack Sr- Python, React, AWS, PostgreSQL",Cross Border Talents,Python Developer,Buenos Aires,,https://www.opcionempleo.com.ar/jobad/ar0db3cd2f5105e5f5a137948238b06f30,0.03820600284824202,es
632,opcionempleo::jobadar0f5f1188d11be95f083d0f65c0570d09,opcionempleo,"Ing. Industrial o Estudiante, o Carreras Afines (Paternal)",Zivot,Ingeniero Industrial,Argentina,,https://www.opcionempleo.com.ar/jobad/ar0f5f1188d11be95f083d0f65c0570d09,0.038189881415224135,es
633,bumeran::1118185010,bumeran,PRUEBA Analista de Reportería (Excel) - Rubro: Fast Food - copia,Casin y Asociados S.R.L.,Excel / VBA,Apto discapacidad,Híbrido,https://www.bumeran.com.ar/empleos/prueba-analista-de-reporteria-excel-rubro-fast-food-copia-casin-y-asociados-s.r.l.-1118185010.html,0.038165189332876194,es
634,bumeran::1118162012,bumeran,Analista de Reportería (Excel) - Rubro: Fast Food,Casin y Asociados S.R.L.,Excel / VBA,Apto discapacidad,Híbrido,https://www.bumeran.com.ar/empleos/analista-de-reporteria-excel-rubro-fast-food-casin-y-asociados-s.r.l.-1118162012.html,0.03815132902635527,es
635,opcionempleo::52376,opcionempleo,Analista de Data Entry (Excel) - Rubro: Fast Food,Casin y Asociados S.R.L.,Excel / VBA,"Olivos, Provincia de Buenos Aires",,https://www.opcionempleo.com.ar/jobad/ar5294aeae0418cd52376f718d602c842e,0.03809671638163908,es
636,opcionempleo::jobadar284d2821eb33d05da2ad32cc8cfed71f,opcionempleo,Analista de Data Entry (Excel) - Rubro: Fast Food,Casin y Asociados,Excel / VBA,"Olivos, Provincia de Buenos Aires",,https://www.opcionempleo.com.ar/jobad/ar284d2821eb33d05da2ad32cc8cfed71f,0.03809671638163908,es
637,opcionempleo::85035,opcionempleo,Analista de Compras,IC Consultora de Recursos Humanos,Compras / Procurement,"Escobar, Provincia de Buenos Aires",,https://www.opcionempleo.com.ar/jobad/ar85035c4aab84a8682cef59921ad1d474,0.03803354820559176,es
638,opcionempleo::jobadar4186dc2121fddfdf3dcbdfb3959b0505,opcionempleo,Ingenieros para cotizaciónes del rubro industrial,Nexo Group,Ingeniero Industrial,Córdoba,,https://www.opcionempleo.com.ar/jobad/ar4186dc2121fddfdf3dcbdfb3959b0505,0.03799830336607249,es
639,opcionempleo::686152156,opcionempleo,Analista de Contabilidad y Reporting SSR - SBS Americas,Louis Dreyfus Company,Excel / VBA,Buenos Aires,,https://www.opcionempleo.com.ar/jobad/ara94d60c686152156c70d317a33e764ab,0.037896215722591844,es
640,bumeran::1118155518,bumeran,"Operador control de calidad (Automotriz) - Zona Lima, Zárate",Grupo Gestión,Control de Gestión,"Zarate, Buenos Aires",Presencial,https://www.bumeran.com.ar/empleos/operador-control-de-calidad-automotriz-zona-lima-zarate-grupo-gestion-1118155518.html,0.03756535472595267,es
641,opcionempleo::957507,opcionempleo,Ingeniero Mecanico/Industrial - CAD y Producción (La Rioja) (Argentina),FluxPose,Ingeniero Industrial,Argentina,,https://www.opcionempleo.com.ar/jobad/ar8c8f3175b46f957507c6e0cc55634c68,0.03752444586780906,es
642,opcionempleo::jobadar569faa4facf1deb4a6e88e60ae81cf4f,opcionempleo,Consultor Funcional Finanzas (Buenos Aires),Witbor,Finanzas / CAPEX,Buenos Aires,,https://www.opcionempleo.com.ar/jobad/ar569faa4facf1deb4a6e88e60ae81cf4f,0.03749494254616136,es
643,bumeran::1118005218,bumeran,Gestor de Cobros- Excel avanzado,Evirtual SA,Excel / VBA,Apto discapacidad,Presencial,https://www.bumeran.com.ar/empleos/gestor-de-cobros-excel-avanzado-evirtual-sa-1118005218.html,0.037488019501367494,es
644,bumeran::1118225363,bumeran,ADMINISTRATIVA/O DE COMPRAS,Actualizado ayer,Compras / Procurement,"Munro, Buenos Aires",Presencial,https://www.bumeran.com.ar/empleos/administrativa-o-de-compras-1118225363.html,0.03733124231561441,es
645,opcionempleo::jobadard9dce5e7f4f8184c959f9afb483bdd03,opcionempleo,Gerente De Producción Alimenticia Para Radicarse En Bariloche San Carlos De Bariloche,Chocolates Rapanui,Gerente de Operaciones,"San Carlos de Bariloche, Río Negro",,https://www.opcionempleo.com.ar/jobad/ard9dce5e7f4f8184c959f9afb483bdd03,0.037234787524016495,es
646,opcionempleo::14240,opcionempleo,Ingeniero/a Industrial (Buenos Aires),GESTION LABORAL,Ingeniero Industrial,Buenos Aires,,https://www.opcionempleo.com.ar/jobad/are14240a51925f4a7747157d8dbde599d,0.03714615800440968,es
647,opcionempleo::83018,opcionempleo,Pasante de Gestión Comercial,Jugos Citric,Excel / VBA,Buenos Aires,,https://www.opcionempleo.com.ar/jobad/ar4a21d28ff83018b24505907439fc6f4a,0.03693093111246957,es
648,opcionempleo::69842,opcionempleo,Líder de Instrumentación y Control | Gestión de Proyectos (Victoria),PeCom,Control de Gestión,Argentina,,https://www.opcionempleo.com.ar/jobad/ard4689ac1c3ec5fa69842e8787d479bf3,0.036858439352090724,es
649,opcionempleo::97443,opcionempleo,Analista Supply Chain IT con Inglés Avanzado (Buenos Aires),Cider,Supply Chain,Buenos Aires,,https://www.opcionempleo.com.ar/jobad/arde1699f97443ad9c1ed68deae6735718,0.0367047876406514,es
650,opcionempleo::jobadarbe789c4382da54f69ad1148c0ee804ec,opcionempleo,Gerente de Obras-operaciones (Mendoza),Perfil Humano,Gerente de Operaciones,Mendoza,,https://www.opcionempleo.com.ar/jobad/arbe789c4382da54f69ad1148c0ee804ec,0.036645478212705154,es
651,bumeran::1118181259,bumeran,Analista de Compras Hospitalarias,Confidencial,Compras / Procurement,CABA,Presencial,https://www.bumeran.com.ar/empleos/analista-de-compras-hospitalarias-1118181259.html,0.03640353599733175,es
652,workana::desarrollo-de-sitio-web-informativo-para-asistente-financiero-por-whatsapp,workana,Desarrollo de Sitio Web Informativo para Asistente Financiero por Whatsapp,Freelancer J.,Data Scientist,Argentina,Remoto,https://www.workana.com/job/desarrollo-de-sitio-web-informativo-para-asistente-financiero-por-whatsapp,0.03621839417525867,es
653,opcionempleo::675438,opcionempleo,Gerente de Local Fast Food (Buenos Aires),Umano HR Consulting,Gerente de Operaciones,Buenos Aires,,https://www.opcionempleo.com.ar/jobad/ar2a675438ffa03dfb1d4cb35ebdddacef,0.035845231110433085,es
654,opcionempleo::26942,opcionempleo,Soporte Administrativo de Ventas | Excel y Reportes (Rosario de Lerma),Nobis,Excel / VBA,"Rosario de Lerma, Salta",,https://www.opcionempleo.com.ar/jobad/ar50f1d28a26942e9d2ee3e32e8fe10066,0.03580737644147265,es
655,opcionempleo::902847,opcionempleo,Pasantía de Finanzas (Buenos Aires),Mabe Argentina,Finanzas / CAPEX,Buenos Aires,,https://www.opcionempleo.com.ar/jobad/ar9c902847cff1057f6e577c5130cfc3c4,0.035792600990333046,es
656,opcionempleo::01477,opcionempleo,Data entry,Adecco,Excel / VBA,Salta,,https://www.opcionempleo.com.ar/jobad/are4f8d01477fb3809059b6598fd606ce6,0.0357665290848349,es
657,opcionempleo::76012,opcionempleo,Customer Service Logistics Supply Chain Buenos Aires (Argentina),Newsan,Supply Chain,Argentina,,https://www.opcionempleo.com.ar/jobad/ar281a76012b56aa09dd9790b1972f947d,0.03548550264287713,es
658,opcionempleo::72882,opcionempleo,Ingeniero/a Eléctrico/a (Buenos Aires),Grupo Clave,Ingeniero Industrial,Buenos Aires,,https://www.opcionempleo.com.ar/jobad/ar5409ebb4b09f933eb9eeeb72882fc91e,0.035475327266117906,es
659,opcionempleo::76456678458,opcionempleo,Jefe De Compras Berisso,Voktio,Compras / Procurement,"Berisso, Provincia de Buenos Aires",,https://www.opcionempleo.com.ar/jobad/arb263a8bf76456678458a60ec2d480d30,0.03535625201537466,es
660,opcionempleo::52824,opcionempleo,Gerente de Local (Buenos Aires),Javier Aira y Andrea Aira Sociedad De Hecho,Gerente de Operaciones,Buenos Aires,,https://www.opcionempleo.com.ar/jobad/ar7d730e424c33be7fecc52824bf8c9d34,0.03526582651319216,es
661,opcionempleo::50256,opcionempleo,Python Developer / Híbrido Parque Buenos Aires,ADN Recursos Humanos,Python Developer,Buenos Aires,,https://www.opcionempleo.com.ar/jobad/arb3a50256dcb26c6e547604c8ed653b4e,0.03505834719404081,es
662,opcionempleo::505863,opcionempleo,Analista de Compras (Neuquén),Estudio Sánchez Salas,Compras / Procurement,Neuquén,,https://www.opcionempleo.com.ar/jobad/ar8812c98d1155f505863e7dd6b0613ed0,0.0350155173219033,es
663,opcionempleo::60647,opcionempleo,Programador FSH/FHIR Senior en Salud | Python (Berazategui),DaBrein Solutions,Python Developer,"Berazategui, Provincia de Buenos Aires",,https://www.opcionempleo.com.ar/jobad/arb60647a2b59659d333339b73ad5506f7,0.03481782217518995,es
664,bumeran::1118209981,bumeran,Responsable de Compras,Consultora Tenoris,Compras / Procurement,"Baradero, Buenos Aires",Presencial,https://www.bumeran.com.ar/empleos/responsable-de-compras-consultora-tenoris-1118209981.html,0.03463794617144824,es
665,bumeran::1118190895,bumeran,Analista de Finanzas,Mooks,Finanzas / CAPEX,"La Plata, Buenos Aires",Presencial,https://www.bumeran.com.ar/empleos/analista-de-finanzas-mooks-1118190895.html,0.034576826726985324,es
666,opcionempleo::jobadarf3d1e96a360f42c213da6c8082b743cc,opcionempleo,Administrativa con Excel Avanzado (Buenos Aires),CiclosRH Consulting,Excel / VBA,Buenos Aires,,https://www.opcionempleo.com.ar/jobad/arf3d1e96a360f42c213da6c8082b743cc,0.03439922189724153,es
667,opcionempleo::jobadarc15fc7286cb29b5cfc2c046b5ab00d43,opcionempleo,GESTOR,Kando SRL,Excel / VBA,"General Roca, Río Negro",,https://www.opcionempleo.com.ar/jobad/arc15fc7286cb29b5cfc2c046b5ab00d43,0.03438917799423203,es
668,bumeran::1118213194,bumeran,Analista de compras,Confidencial,Compras / Procurement,CABA,Híbrido,https://www.bumeran.com.ar/empleos/analista-de-compras-1118213194.html,0.03437613339393811,es
669,opcionempleo::23305,opcionempleo,Programador Fsh/Fhir Senior En Salud | Python & Hl7,DaBrein Solutions,Python Developer,Buenos Aires,,https://www.opcionempleo.com.ar/jobad/ard8e2c7c17d408f56a7f23305f39d45e2,0.03434790457359328,es
670,bumeran::1118197675,bumeran,Activador/a Compras (Pilar),Establecimiento Grafico Impresores S.A,Compras / Procurement,"Pilar, Buenos Aires",Presencial,https://www.bumeran.com.ar/empleos/activador-a-compras-pilar-establecimiento-grafico-impresores-s.a-1118197675.html,0.03424826744506787,es
671,opcionempleo::jobadar62cc8bd09af8ed80d0f105da3eef1915,opcionempleo,"Senior Python & React Engineer - High-Impact, Agile",Lean Improvements,Python Developer,San Luis,,https://www.opcionempleo.com.ar/jobad/ar62cc8bd09af8ed80d0f105da3eef1915,0.034185162565539946,es
672,opcionempleo::2878744886,opcionempleo,Auxiliar administrativo facturación Con manejo de Excel,Flet 8,Excel / VBA,Córdoba,,https://www.opcionempleo.com.ar/jobad/arb2878744886f2d26f2e267dc53dbc573,0.03414403914650703,es
673,workana::desarrollo-de-plataforma-web-escalable-y-de-alto-rendimiento-para-empresa-automotriz,workana,Desarrollo de Plataforma Web Escalable y de Alto Rendimiento para Empresa Automotriz,Freelancer M. L.,Data Scientist,Argentina,Remoto,https://www.workana.com/job/desarrollo-de-plataforma-web-escalable-y-de-alto-rendimiento-para-empresa-automotriz,0.0340276936881214,es
674,opcionempleo::252204,opcionempleo,Data Scientist (Buenos Aires),SOLUTIX,Data Scientist,Buenos Aires,,https://www.opcionempleo.com.ar/jobad/araebf252204f334809713c314bb275c57,0.03393198944491586,es
675,bumeran::1118202091,bumeran,Gerente de Administrción & Finanzas,Confidencial,Finanzas / CAPEX,"Vicente López, Buenos Aires",Híbrido,https://www.bumeran.com.ar/empleos/gerente-de-administrcion-finanzas-1118202091.html,0.0338080158483914,es
676,workana::desarrollo-de-plataforma-web-ezcuen-directorio-de-alojamientos-turisticos-en-calamuchita,workana,Desarrollo de Plataforma Web Ezcuen: Directorio de Alojamientos Turísticos en Calamuchita,Freelancer T. H.,Data Scientist,Argentina,Remoto,https://www.workana.com/job/desarrollo-de-plataforma-web-ezcuen-directorio-de-alojamientos-turisticos-en-calamuchita,0.033746642473083024,es
677,opcionempleo::32429,opcionempleo,Analista De Supply Chain Alvear,NEO BIZ S. R. L.,Supply Chain,"Alvear, Corrientes",,https://www.opcionempleo.com.ar/jobad/arbc32429aa5da693ab4a6376c526a0b05,0.033699409417755385,es
678,opcionempleo::jobadar0f1c24cba5c4b608aa0977fc5d190f34,opcionempleo,Gerente de Operaciones - Se de Córdoba (2586) (Canals),,Gerente de Operaciones,Argentina,,https://www.opcionempleo.com.ar/jobad/ar0f1c24cba5c4b608aa0977fc5d190f34,0.03365441987787988,es
679,opcionempleo::743475,opcionempleo,Pasante Universitario,Arcor,Excel / VBA,Córdoba,,https://www.opcionempleo.com.ar/jobad/ar4c1b8759ec743475e43f7f835846c453,0.033465553008118515,es
680,opcionempleo::jobadar56e6e9561bfe72da9c080b4b66d5eba1,opcionempleo,Artificial Intelligence Manager (Buenos Aires),Reklut,BI / Analytics,Buenos Aires,,https://www.opcionempleo.com.ar/jobad/ar56e6e9561bfe72da9c080b4b66d5eba1,0.03322501184693774,en
681,opcionempleo::jobadar9b68a5c0317c9a9fd6165f48cf8ab166,opcionempleo,Gestor de cobros Con excel avanzado (Buenos Aires),Grupo PROEDUCA,Excel / VBA,Buenos Aires,,https://www.opcionempleo.com.ar/jobad/ar9b68a5c0317c9a9fd6165f48cf8ab166,0.03321892811180089,es
682,opcionempleo::177575,opcionempleo,Gerente De Contabilidad Y Finanzas Cinemark Hoyts Buenos Aires,CiclosRH Consulting,Gerente de Operaciones,Buenos Aires,,https://www.opcionempleo.com.ar/jobad/ar94e12a8a73acaacfa2f14c177575fae8,0.03302163864910713,es
683,opcionempleo::27577,opcionempleo,Gerente De Contabilidad Y Finanzas Con Experiencia En Big Four Buenos Aires,CiclosRH Consulting,Gerente de Operaciones,Buenos Aires,,https://www.opcionempleo.com.ar/jobad/ar6c1e3aa12e27577d91e26c4c41b85763,0.0330151626406936,es
684,opcionempleo::8566863,opcionempleo,Encargado de Inyección,Dos Argentina,Excel / VBA,"Exaltación de la Cruz, Provincia de Buenos Aires",,https://www.opcionempleo.com.ar/jobad/ar1b7056d2c913ee5dfbc8566863c021ee,0.03292316013799684,es
685,opcionempleo::54668,opcionempleo,Administrativa Part Time San Martín,Emprendimientos Gastronomicos,Excel / VBA,"Pilar, Provincia de Buenos Aires",,https://www.opcionempleo.com.ar/jobad/arcbdba54668ea76af023905f92b5363b2,0.0327284243995971,es
686,workana::desarrollo-final-de-tienda-shopify-para-panaderia-con-suscripciones,workana,Desarrollo Final de Tienda Shopify para Panadería con Suscripciones,Freelancer L. D. M.,Data Scientist,Argentina,Remoto,https://www.workana.com/job/desarrollo-final-de-tienda-shopify-para-panaderia-con-suscripciones,0.032683427521496326,es
687,opcionempleo::734834,opcionempleo,Gestor de cobros Con excel avanzado,Grupo PROEDUCA,Excel / VBA,Buenos Aires,,https://www.opcionempleo.com.ar/jobad/ar628c8a401c54c734834de27939f7e695,0.03258524378374258,es
688,opcionempleo::30931923,opcionempleo,Vendedores Comerciales de Calle (Cañuelas / Chascomús) / Indeterminado,Manpower,Excel / VBA,"Cañuelas, Provincia de Buenos Aires",,https://www.opcionempleo.com.ar/jobad/ar159b2b1ac6061e30931923ef99ec7565,0.03251967775841016,es
689,opcionempleo::057819,opcionempleo,Vendedores Comerciales de Calle (Gonnet / Ringuelet) / Indeterminado,Manpower,Excel / VBA,"La Plata, Provincia de Buenos Aires",,https://www.opcionempleo.com.ar/jobad/ar4fbdef0ee057819efdfbeae98e9bc11e,0.03251967775841016,es
690,opcionempleo::31036,opcionempleo,Analista de Reportería (Excel) - Rubro: Fast Food,Casin,Excel / VBA,"Olivos, Provincia de Buenos Aires",,https://www.opcionempleo.com.ar/jobad/ar4d8db028c23e5d31036cb1f7b7a9871a,0.032221671384714795,es
691,opcionempleo::56803741,opcionempleo,Analista de Data Entry (Excel) - Rubro: Fast Food,Casin,Excel / VBA,"Olivos, Provincia de Buenos Aires",,https://www.opcionempleo.com.ar/jobad/ar2eda0b56803741a5067da32753758eec,0.0321868144837032,es
692,bumeran::1118217066,bumeran,Asistente de Compras y Logística,LC Consultora,Compras / Procurement,CABA,Presencial,https://www.bumeran.com.ar/empleos/asistente-de-compras-y-logistica-lc-consultora-1118217066.html,0.03214129394052309,es
693,opcionempleo::13778,opcionempleo,Contador Sr. para EMPRESA,Consejo,Excel / VBA,Buenos Aires,,https://www.opcionempleo.com.ar/jobad/arc947bbc13778a855cfd746861ce5a90b,0.03196426000371883,es
694,opcionempleo::84022,opcionempleo,auxiliar administrativo a Tareas generales de oficina y manejo de Excel,FEFER MEDIA S.R.L.,Excel / VBA,"Palermo, Buenos Aires",,https://www.opcionempleo.com.ar/jobad/arbf7f81e4be54ee90d8b84022f7dae022,0.03185314561601978,es
695,opcionempleo::367043,opcionempleo,Desarrollador Semi Senior Python / Laravel / Php Buenos Aires,Cecaitra,Python Developer,Buenos Aires,,https://www.opcionempleo.com.ar/jobad/ar29c4fdcf2b57f3b3dfc367043db844da,0.031759348406803015,es
696,opcionempleo::9761679179,opcionempleo,Asistente Administrativo Contable – Carrera y Excel Avanzado (Buenos Aires),VM RRHH Consulting,Excel / VBA,Buenos Aires,,https://www.opcionempleo.com.ar/jobad/ar216b211d1a2455e9761679179dbdf3bb,0.031641597191661985,es
697,opcionempleo::795700185,opcionempleo,Analista De Compras Para Ecommerce Buenos Aires,Dk,Compras / Procurement,Buenos Aires,,https://www.opcionempleo.com.ar/jobad/ar05ae0c74de2d795700185b5f88562b3f,0.03159060399927462,es
698,opcionempleo::85477617,opcionempleo,Gerente/jefe De Operaciones Logísticas De Transporte Córdoba,Idearhumano,Gerente de Operaciones,Argentina,,https://www.opcionempleo.com.ar/jobad/ar3fe3bd1c0ed9d3fde64cb85477617fca,0.03153652570529948,es
699,opcionempleo::860544,opcionempleo,Líder Contable y Control de Gestión para PyME (Buenos Aires),Chaxxel,Control de Gestión,Buenos Aires,,https://www.opcionempleo.com.ar/jobad/ar06e9b7c6e860544c93e3199684d007c9,0.031480532125301344,es
700,opcionempleo::jobadar8784df2bff283d7786cc2af80b9ba6c1,opcionempleo,Líder Regional de Finanzas (Tandil),Paula Di Luca,Finanzas / CAPEX,"Tandil, Provincia de Buenos Aires",,https://www.opcionempleo.com.ar/jobad/ar8784df2bff283d7786cc2af80b9ba6c1,0.031342179431406055,es
701,opcionempleo::jobadar0def85dac89a9fd5abaf1c8d5a0b977a,opcionempleo,Gerente de Administración y Finanzas (Buenos Aires),GeoDigital,Finanzas / CAPEX,Buenos Aires,,https://www.opcionempleo.com.ar/jobad/ar0def85dac89a9fd5abaf1c8d5a0b977a,0.03131515653643333,es
702,opcionempleo::91051,opcionempleo,Contador Sr. para EMPRESA,,Excel / VBA,Buenos Aires,,https://www.opcionempleo.com.ar/jobad/ara0b9b2d6ea91051ef808997f5fbbc866,0.031180310354296987,es
703,opcionempleo::243167,opcionempleo,Desarrollador Back-End Senior (Java Y/O Python) Argentina/Colombia,Werben HR,Python Developer,Buenos Aires,,https://www.opcionempleo.com.ar/jobad/ar019a0767f9d3993d63bbeeb243167baf,0.031108520471308198,es
704,opcionempleo::89115,opcionempleo,Analista de Supply Chain (Don Torcuato),Avery Dennison,Supply Chain,Argentina,,https://www.opcionempleo.com.ar/jobad/ar8c295c503f6f18e0872b2d9f4a89115b,0.031068575936837022,en
705,opcionempleo::040511,opcionempleo,Tecnico de Servicio Maquinaria Pesada,Vanguardia Consultores RR.HH,Excel / VBA,"Grand Bourg, Provincia de Buenos Aires",,https://www.opcionempleo.com.ar/jobad/ar040511ec85a7bb7010ef9edbb286147b,0.03099473826300473,es
706,opcionempleo::359891,opcionempleo,Líder De Local Fast Food – Operaciones Y Equipo Buenos Aires,Umano HR Consulting,Gerente de Operaciones,Buenos Aires,,https://www.opcionempleo.com.ar/jobad/arc2f359891d187cbecc90f921517ca203,0.030930004385830087,es
707,opcionempleo::783128,opcionempleo,Business Intelligence Engineer (Argentina),Trinetix,BI / Analytics,Argentina,,https://www.opcionempleo.com.ar/jobad/ara9b47e6829ad783128d14f56d76a0886,0.030582227089087956,en
708,opcionempleo::3985501,opcionempleo,Administrativo/a de Atención al Cliente,Pilares RRHH,Excel / VBA,"San Lorenzo, Santa Fe",,https://www.opcionempleo.com.ar/jobad/ar38c3b12bdf3985501beede23ca72abb4,0.029904398282978004,es
709,opcionempleo::87185,opcionempleo,Business Intelligence & Marketing Analyst (Berazategui),AptarGroup,BI / Analytics,"Berazategui, Provincia de Buenos Aires",,https://www.opcionempleo.com.ar/jobad/arabd511a61eb87185dc803cbbb8e14d6e,0.02988272443591837,en
710,opcionempleo::jobadara1fe2ba720bd4b31de2ffbac36d64fbb,opcionempleo,"Analista De Pagos Junior: Facturas, Conciliaciones Y Excel La Plata (Argentina)",Medihome,Excel / VBA,Argentina,,https://www.opcionempleo.com.ar/jobad/ara1fe2ba720bd4b31de2ffbac36d64fbb,0.029677924368559164,es
711,opcionempleo::jobadarcb954fea82cb4fc25ebe1fcbadb7a51b,opcionempleo,Analista De Business Analytics En Salud Buenos Aires,TalentCross,BI / Analytics,Buenos Aires,,https://www.opcionempleo.com.ar/jobad/arcb954fea82cb4fc25ebe1fcbadb7a51b,0.02946970484462552,es
712,opcionempleo::7883197,opcionempleo,Jr. Payroll Analyst,The AES Corporation,Excel / VBA,Buenos Aires,,https://www.opcionempleo.com.ar/jobad/ar7883197e4659a361ee3c3bfd57e80923,0.029238811675837893,es
713,opcionempleo::jobadarb7b6cab7410a3774eb1c64ce86cead8e,opcionempleo,Estudiantes de ingeniera industrial y afines,,Ingeniero Industrial,Buenos Aires,,https://www.opcionempleo.com.ar/jobad/arb7b6cab7410a3774eb1c64ce86cead8e,0.029168645845555646,es
714,opcionempleo::456442,opcionempleo,"Analista de Pagos Junior: Facturas, Conciliaciones y Excel (La Plata)",Medihome,Excel / VBA,Argentina,,https://www.opcionempleo.com.ar/jobad/arc24f9557cfffdf456442fedda97badfc,0.02910090693223169,es
715,linkedin::4309801128,linkedin,Data Scientist,DataAnnotation,Data Scientist,"Florida, Estados Unidos",,https://www.linkedin.com/jobs/view/4309801128,0.028828038088720895,en
716,opcionempleo::302308,opcionempleo,Business Development Manager (Buenos Aires),,BI / Analytics,Buenos Aires,,https://www.opcionempleo.com.ar/jobad/ar3a38daf4eb302308fcaa160c9f899dd7,0.02808403611817588,en
717,opcionempleo::28288679,opcionempleo,Practicante De Compras Y Análisis De Proveedores Buenos Aires,Corteva,Compras / Procurement,Buenos Aires,,https://www.opcionempleo.com.ar/jobad/ar49d54d7fbd7d46c098b28288679af28f,0.027910625621240265,es
718,bumeran::1118200313,bumeran,ADMINISTRATIVA/O DE CUENTAS A PAGAR Y COMPRAS NO PRODUCTIVAS,Confidencial,Compras / Procurement,"Munro, Buenos Aires",Presencial,https://www.bumeran.com.ar/empleos/administrativa-o-de-cuentas-a-pagar-y-compras-no-productivas-1118200313.html,0.027881551734437265,es
719,opcionempleo::jobadar41b8b63a867d113aefa5ef4d733c41af,opcionempleo,Gerente de Logística y Operaciones (Alberti),Manage Resourses,Gerente de Operaciones,"Alberti, Provincia de Buenos Aires",,https://www.opcionempleo.com.ar/jobad/ar41b8b63a867d113aefa5ef4d733c41af,0.02778234975893102,es
720,opcionempleo::064636,opcionempleo,Gerente de Local Fast Food (Lomas de Zamora),Javier Aira y Andrea Aira Sociedad De Hecho,Gerente de Operaciones,"Lomas de Zamora, Provincia de Buenos Aires",,https://www.opcionempleo.com.ar/jobad/ardede36a447abcd21a4e064636bd8dca5,0.02776690358400841,es
721,opcionempleo::99391051,opcionempleo,Coordinador de Tráfico – Zona Norte (Tortuguitas),NEXO LABORAL,Excel / VBA,Buenos Aires,,https://www.opcionempleo.com.ar/jobad/ar487f459a8f1928d99391051c3d993f6c,0.027633216026667348,es
722,opcionempleo::99761,opcionempleo,Ingeniero de Soporte Técnico (Vicente López),FARALLO ERIKA,Ingeniero Industrial,"Vicente López, Provincia de Buenos Aires",,https://www.opcionempleo.com.ar/jobad/ar0217b5985c8e99761a3b84131200a6fc,0.027491774553233646,es
723,opcionempleo::0136690,opcionempleo,Ingeniero Industrial para Sistematización y Optimización (Caseros),Spazios,Ingeniero Industrial,Argentina,,https://www.opcionempleo.com.ar/jobad/ard17bd48d2760fa54a0136690f4890e43,0.02735865050893511,es
724,opcionempleo::05132683829,opcionempleo,Business Intelligence Analyst | Leading Technology Company,INHAUS,BI / Analytics,"Munro, Provincia de Buenos Aires",,https://www.opcionempleo.com.ar/jobad/ar673b4bcc1bd9e21f78d05132683829a8,0.027354258896235856,en
725,opcionempleo::jobadar4f5de1df42d601a952b2f431d776c8fb,opcionempleo,Business Intelligence (Berazategui),AptarGroup,BI / Analytics,"Berazategui, Provincia de Buenos Aires",,https://www.opcionempleo.com.ar/jobad/ar4f5de1df42d601a952b2f431d776c8fb,0.027342698207210116,en
726,opcionempleo::14226,opcionempleo,Analista Sr. de Compras Internacionales (Comex) (San Miguel de Tucumán),Uniber,Compras / Procurement,"San Miguel de Tucumán, Tucumán",,https://www.opcionempleo.com.ar/jobad/ar20ebef14226c62efcb124832fe7e7bf3,0.027296184063656335,es
727,workana::desarrollo-de-aplicacion-de-gestion-de-okrs-y-kpis-para-broker-inmobiliario,workana,Desarrollo de Aplicación de Gestión de Okrs y Kpis para Broker Inmobiliario,Freelancer P. F.,Data Scientist,Argentina,Remoto,https://www.workana.com/job/desarrollo-de-aplicacion-de-gestion-de-okrs-y-kpis-para-broker-inmobiliario,0.027217041008547826,es
728,opcionempleo::jobadarde22f558ffc9faced08d086d672a354b,opcionempleo,Responsable de Compras (Quilmes),MCO Nexo Laboral,Compras / Procurement,"Quilmes, Provincia de Buenos Aires",,https://www.opcionempleo.com.ar/jobad/arde22f558ffc9faced08d086d672a354b,0.027037893258007213,es
729,opcionempleo::771075,opcionempleo,ANALISTA ADM. DE VENTAS/ EXCEL (Avellaneda),Quimtia,Excel / VBA,Argentina,,https://www.opcionempleo.com.ar/jobad/ar58db7c5b93b460f771075d6129af028e,0.026785991807420306,es
730,opcionempleo::jobadar1b0c3274cc9e5201ab94e62c21eb49d0,opcionempleo,Programador Python/odoo Ssr Remoto E Innovación Luján De Cuyo,AITIC asesoria integral,Python Developer,"Luján de Cuyo, Mendoza",,https://www.opcionempleo.com.ar/jobad/ar1b0c3274cc9e5201ab94e62c21eb49d0,0.026711362671782417,es
731,opcionempleo::25356,opcionempleo,Pasante - Finanzas. (Rosario),Cargill,Finanzas / CAPEX,"Rosario, Santa Fe",,https://www.opcionempleo.com.ar/jobad/ar0cd8bac7bbf78be981adb9df25c25356,0.0266707838284513,es
732,opcionempleo::793905,opcionempleo,Pasante Finanzas Rosario,Cargill,Finanzas / CAPEX,"Rosario, Santa Fe",,https://www.opcionempleo.com.ar/jobad/ar257f90fb793905b7e55f5c0a55856bf7,0.0266707838284513,es
733,opcionempleo::097584,opcionempleo,Programador Python/odoo Ssr Remoto E Innovación San Salvador De Jujuy,AITIC asesoria integral,Python Developer,"San Salvador de Jujuy, Jujuy",,https://www.opcionempleo.com.ar/jobad/ar6afabdbe8b097584ec991b6d9537baf4,0.026586829719963616,es
734,opcionempleo::65042,opcionempleo,Programador Python/odoo Ssr Remoto E Innovación Godoy Cruz,AITIC asesoria integral,Python Developer,"Godoy Cruz, Mendoza",,https://www.opcionempleo.com.ar/jobad/ar65042e8f4fd808e7ee11552d51e3abbe,0.026586829719963616,es
735,opcionempleo::jobadar0c56ac4050f578f5d8559cc65ede4fc5,opcionempleo,Jefatura De Compras Textil Buenos Aires,La Anónima,Compras / Procurement,Buenos Aires,,https://www.opcionempleo.com.ar/jobad/ar0c56ac4050f578f5d8559cc65ede4fc5,0.026375237872764107,es
736,opcionempleo::46085,opcionempleo,Analista de Nomina Jr,INSTITUTO CARDIOVASCULAR DE BUENOSA AIRES S.A,Excel / VBA,Buenos Aires,,https://www.opcionempleo.com.ar/jobad/ara46085a8729a9a6dddc4e46896a90312,0.026245760426768735,es
737,opcionempleo::2309389,opcionempleo,Asistente de Administración y Finanzas (Buenos Aires),AyM Ingenieros,Finanzas / CAPEX,Buenos Aires,,https://www.opcionempleo.com.ar/jobad/ard404ce1e626ad3e5a77d2309389eda2f,0.026219813058254746,es
738,opcionempleo::9855875,opcionempleo,Líder de Repuestos y Postventa | Estrategia y Operaciones (Buenos Aires),Nosotros,Gerente de Operaciones,Buenos Aires,,https://www.opcionempleo.com.ar/jobad/ara94cb9855875b829f0cb2d438b086ef6,0.026063315070423514,es
739,linkedin::4399437511,linkedin,Data Scientist,Electrosoft,Data Scientist,Estados Unidos,,https://www.linkedin.com/jobs/view/4399437511,0.02583004018469616,en
740,opcionempleo::20966,opcionempleo,Programador Python/Odoo Ssr - Remoto E Innovación,Aitic Asesoria Integral,Python Developer,"Río Cuarto, Córdoba",,https://www.opcionempleo.com.ar/jobad/are6c82b20966edc13116ff35744e31535,0.0257937868009137,es
741,opcionempleo::486582,opcionempleo,Analista De Compras Buenos Aires,Beinst,Compras / Procurement,Buenos Aires,,https://www.opcionempleo.com.ar/jobad/ar5b73f25befc486582d8a5eef3d2312be,0.025763125046855906,es
742,opcionempleo::jobadar838fce0db5259da1bff5843e4da27b39,opcionempleo,Sub Gerente de Local /Encargado de Restaurante Caba : Devoto (Villa Devoto),SushiClub,Gerente de Operaciones,"Villa Devoto, Buenos Aires",,https://www.opcionempleo.com.ar/jobad/ar838fce0db5259da1bff5843e4da27b39,0.025519632486294557,es
743,workana::desarrollo-de-agente-de-inteligencia-artificial-para-gestion-de-mensajes-en-whatsapp,workana,Desarrollo de Agente de Inteligencia Artificial para Gestión de Mensajes en Whatsapp,Freelancer S. L. L.,BI / Analytics,Argentina,Remoto,https://www.workana.com/job/desarrollo-de-agente-de-inteligencia-artificial-para-gestion-de-mensajes-en-whatsapp,0.02530756465729877,es
744,workana::desarrollador-shopify-semi-senior-frontend-tracking-y-seo-tecnico,workana,"Desarrollador Shopify Semi Senior (Frontend, Tracking y Seo técnico)",Freelancer V. V.,Data Scientist,Argentina,Remoto,https://www.workana.com/job/desarrollador-shopify-semi-senior-frontend-tracking-y-seo-tecnico,0.025248410037772222,es
745,opcionempleo::82886083,opcionempleo,Consultor B2B Jr,Increxa,Excel / VBA,"Retiro, Buenos Aires",,https://www.opcionempleo.com.ar/jobad/ar9ffafacaf82886083f8e2f7b005c5da7,0.025223443656681624,es
746,opcionempleo::jobadarf010a1307a7521c96b34ad41af0d0ab5,opcionempleo,"Senior Service Technician, 4 stroke (Buenos Aires)",Wärtsilä,Continuous Improvement,Buenos Aires,,https://www.opcionempleo.com.ar/jobad/arf010a1307a7521c96b34ad41af0d0ab5,0.024749070124726918,en
747,opcionempleo::0138638,opcionempleo,"Administrativo de Ventas | Soporte, CRM y Excel (Buenos Aires)",Agro & Tec,Excel / VBA,Buenos Aires,,https://www.opcionempleo.com.ar/jobad/arda3b0138638b3942c3b1dae79bd067cc,0.02454007987656505,es
748,opcionempleo::39860,opcionempleo,Administrativa de Ventas Excel avanzado (Buenos Aires),Consalida,Excel / VBA,Buenos Aires,,https://www.opcionempleo.com.ar/jobad/ar395ee2bb6ff24a28fc9c5c7946b39860,0.024524777941322583,es
749,jobleads::98707,jobleads,Puestos: gerente-operaciones | Argentina,,Gerente de Operaciones,Jefe de Operaciones,,https://www.jobleads.com/ar/job/jefe-de-operaciones--buenos-aires--eb98707f828af1c11ede81587ec2fb713,0.02441101623759528,es
750,jobleads::223194,jobleads,Puestos: control-de-gestion | Argentina,,Control de Gestión,Responsable de administración,,https://www.jobleads.com/ar/job/responsable-de-administracion--cordoba--efba0ff376b56e39e242c1d223194fb2f,0.02441101623759528,es
751,jobleads::08864,jobleads,Puestos: compras | Argentina,,Compras / Procurement,Comprador/a,,https://www.jobleads.com/ar/job/comprador-a--san-isidro--e25d08864c3e03ce7d42e711d9d653d49,0.02441101623759528,es
752,jobleads::07700,jobleads,Puestos: excel | Argentina,,Excel / VBA,Analista de Data Entry | Excel & Reportes BI (Híbrido),,https://www.jobleads.com/ar/job/analista-de-data-entry-excel-reportes-bi-hibrido--vicente-lopez--e347b64e828f07700edb9422a3293d05e,0.02441101623759528,es
753,jobleads::4212,jobleads,Puestos: ingeniero-industrial | Argentina,,Ingeniero Industrial,Trabajos,,https://www.jobleads.com/ar/job/ingeniero-mecanico-industrial-electrico--bernal-este--ea5acb0f4d4212ba27a137d9a051a2fc5,0.02441101623759528,es
754,jobleads::93667,jobleads,Puestos: supply-chain | Argentina,,Supply Chain,Trabajos,,https://www.jobleads.com/ar/job/supply-chain-analyst--argentina--e93667b72365251091c3c98f09a03aa68,0.02441101623759528,es
755,jobleads::38522,jobleads,Puestos: data-scientist | Argentina,,Data Scientist,Data Scientist,,https://www.jobleads.com/ar/job/data-scientist--argentina--ec512ea7a69f38522cd54948220ef07d7,0.02441101623759528,es
756,jobleads::analista-de-finanzas--buenos-aires--e8c314d19e8ef0ad8d2eba4b,jobleads,Puestos: finanzas | Argentina,,Finanzas / CAPEX,Trabajos,,https://www.jobleads.com/ar/job/analista-de-finanzas--buenos-aires--e8c314d19e8ef0ad8d2eba4bbdb3cd919,0.02441101623759528,es
757,jobleads::74067352,jobleads,Puestos: continuous-improvement | Argentina,,Continuous Improvement,Lean Transformation & CI Lead,,https://www.jobleads.com/ar/job/lean-transformation-ci-lead--san-luis--e1a74067352f996de38eb380849713092,0.02441101623759528,es
758,jobleads::00246,jobleads,Puestos: python | Argentina,,Python Developer,Senior Python Engineer — Automation & Infra,,https://www.jobleads.com/ar/job/python-developer-ssr-sr-hibrido-amba-id-00246--buenos-aires--ef8bc6f0ab4d523380add8ebfeff62540,0.02441101623759528,es
759,jobleads::8014,jobleads,Puestos: business-intelligence | Argentina,,BI / Analytics,Associate Business Intelligence Developer,,https://www.jobleads.com/ar/job/associate-business-intelligence-developer--buenos-aires--e9a98b9c343fd5e8014fd3c9c2db927bd,0.02441101623759528,es
760,bumeran::1118183168,bumeran,Sr. Python Software Engineer,Impacto Talent,Python Developer,Buenos Aires,Remoto,https://www.bumeran.com.ar/empleos/sr.-python-software-engineer-impacto-talent-1118183168.html,0.024334257010757747,en
761,opcionempleo::54006,opcionempleo,"Business Controlling, Ssr-ar-buenos Aires-caba",Globant,BI / Analytics,Buenos Aires,,https://www.opcionempleo.com.ar/jobad/ar7f15e191b54006a18f248b13d06c9513,0.024079063893389284,en
762,opcionempleo::55706,opcionempleo,Business Intelligence Analyst with Tableau Id30972 (Buenos Aires),AgileEngine,BI / Analytics,Buenos Aires,,https://www.opcionempleo.com.ar/jobad/arff55706c8cbeae1aef189a8da2b2f818,0.024007139017109144,en
763,workana::desarrollo-de-sitio-web-profesional-para-estudio-de-diseno-de-interiores,workana,Desarrollo de Sitio Web Profesional para Estudio de Diseño de Interiores,Freelancer F. I.,Data Scientist,Argentina,Remoto,https://www.workana.com/job/desarrollo-de-sitio-web-profesional-para-estudio-de-diseno-de-interiores,0.02398398989017921,es
764,opcionempleo::396215,opcionempleo,Fraud Data Scientist: Ml & Anomaly Detection Tandil,Vana,Data Scientist,"Tandil, Provincia de Buenos Aires",,https://www.opcionempleo.com.ar/jobad/ar38ad5b9d6c337edac050ffd396215f54,0.023797431281839067,es
765,opcionempleo::jobadar26a8576b33adb11e24be203fc75d15bd,opcionempleo,Fraud Data Scientist: Ml & Anomaly Detection Pilar,Vana,Data Scientist,"Pilar, Provincia de Buenos Aires",,https://www.opcionempleo.com.ar/jobad/ar26a8576b33adb11e24be203fc75d15bd,0.023797431281839067,es
766,opcionempleo::jobadarf2c897ba9b3d2587ca7f1366c5d1d39c,opcionempleo,Fraud Data Scientist: Ml & Anomaly Detection San Luis,Vana,Data Scientist,San Luis,,https://www.opcionempleo.com.ar/jobad/arf2c897ba9b3d2587ca7f1366c5d1d39c,0.023797431281839067,es
767,opcionempleo::jobadara192d75e3de0ac5d437b2aee67d695d8,opcionempleo,Fraud Data Scientist: Ml & Anomaly Detection Quilmes (Argentina),Vana,Data Scientist,Argentina,,https://www.opcionempleo.com.ar/jobad/ara192d75e3de0ac5d437b2aee67d695d8,0.023797431281839067,es
768,opcionempleo::jobadarcc411cbbf48c9e522fa38efd44fca14f,opcionempleo,Fraud Data Scientist: Ml & Anomaly Detection San Isidro,Vana,Data Scientist,Argentina,,https://www.opcionempleo.com.ar/jobad/arcc411cbbf48c9e522fa38efd44fca14f,0.023797431281839067,es
769,opcionempleo::3815240,opcionempleo,Fraud Data Scientist: Ml & Anomaly Detection Buenos Aires,Vana,Data Scientist,Buenos Aires,,https://www.opcionempleo.com.ar/jobad/ar6006b152a3815240a0833be87709e057,0.023797431281839067,es
770,opcionempleo::jobadare72ec5d0d32ab846a83c9191e46fb2be,opcionempleo,Fraud Data Scientist: Ml & Anomaly Detection San Salvador De Jujuy,Vana,Data Scientist,"San Salvador de Jujuy, Jujuy",,https://www.opcionempleo.com.ar/jobad/are72ec5d0d32ab846a83c9191e46fb2be,0.023797431281839067,es
771,opcionempleo::98088,opcionempleo,Fraud Data Scientist: Ml & Anomaly Detection San Nicolás De Los Arroyos,Vana,Data Scientist,"San Nicolás de los Arroyos, Provincia de Buenos Aires",,https://www.opcionempleo.com.ar/jobad/ar31d21bdfa2ba3665a4ae8eb98088a1fa,0.023797431281839067,es
772,opcionempleo::03767,opcionempleo,Fraud Data Scientist: Ml & Anomaly Detection Godoy Cruz,Vana,Data Scientist,"Godoy Cruz, Mendoza",,https://www.opcionempleo.com.ar/jobad/arcb03767ee972e4c94b4590d10d2a9733,0.023797431281839067,es
773,opcionempleo::99275,opcionempleo,Fraud Data Scientist: Ml & Anomaly Detection Salta,Vana,Data Scientist,Salta,,https://www.opcionempleo.com.ar/jobad/ar4bbc6019ae6d9fe99275fb445e8a3c1b,0.023797431281839067,es
774,opcionempleo::2865260,opcionempleo,Fraud Data Scientist: Ml & Anomaly Detection Florencio Varela (Argentina),Vana,Data Scientist,Argentina,,https://www.opcionempleo.com.ar/jobad/arcba5f2865260fd95f7d2d5a898cde362,0.023797431281839067,es
775,opcionempleo::539176047,opcionempleo,Fraud Data Scientist: Ml & Anomaly Detection La Plata,Vana,Data Scientist,Argentina,,https://www.opcionempleo.com.ar/jobad/arbba7ecbc4eac44ddf539176047fb4d3c,0.023797431281839067,es
776,opcionempleo::54395,opcionempleo,Fraud Data Scientist: Ml & Anomaly Detection Resistencia,Vana,Data Scientist,Argentina,,https://www.opcionempleo.com.ar/jobad/ar5b3a8c9ecf62fd147d54395e6f47a0dc,0.023797431281839067,es
777,opcionempleo::3430409,opcionempleo,Fraud Data Scientist: Ml & Anomaly Detection General Rodríguez (Argentina),Vana,Data Scientist,Argentina,,https://www.opcionempleo.com.ar/jobad/arad27fddea85c9fae9ae4d6d3430409d5,0.023797431281839067,es
778,opcionempleo::65955021,opcionempleo,Fraud Data Scientist: Ml & Anomaly Detection San Fernando (Argentina),Vana,Data Scientist,Argentina,,https://www.opcionempleo.com.ar/jobad/ar5b791db106c65955021fcd5532ed264c,0.023797431281839067,es
779,opcionempleo::576240,opcionempleo,Asistente De Cuentas Por Cobrar,SMS Buenos Aires,Excel / VBA,Buenos Aires,,https://www.opcionempleo.com.ar/jobad/ar576240ffca2f273797fad5653f8ea4a6,0.023775898390099342,es
780,opcionempleo::5199538,opcionempleo,Fraud Data Scientist: Ml & Anomaly Detection Mar Del Plata,Vana,Data Scientist,"Mar del Plata, Provincia de Buenos Aires",,https://www.opcionempleo.com.ar/jobad/arbf5199538eb66477629f2cc449938e16,0.02377376493859146,es
781,opcionempleo::jobadarbda6af9b43ed6fe0ce740e1d35be0392,opcionempleo,Fraud Data Scientist: Ml & Anomaly Detection Caseros,Vana,Data Scientist,Argentina,,https://www.opcionempleo.com.ar/jobad/arbda6af9b43ed6fe0ce740e1d35be0392,0.02377376493859146,es
782,opcionempleo::99500,opcionempleo,Fraud Data Scientist: Ml & Anomaly Detection Corrientes (Argentina),Vana,Data Scientist,Argentina,,https://www.opcionempleo.com.ar/jobad/ar6d99500fcbed87a6bb9b234b73937538,0.02377376493859146,es
783,opcionempleo::jobadarcd29dceb6a8e64d495a4f0db13cba2b3,opcionempleo,Fraud Data Scientist: Ml & Anomaly Detection Santiago Del Estero,Vana,Data Scientist,Santiago del Estero,,https://www.opcionempleo.com.ar/jobad/arcd29dceb6a8e64d495a4f0db13cba2b3,0.02377376493859146,es
784,opcionempleo::jobadarba2a9b47e6a3834b0ef3d17d04eebc0b,opcionempleo,Fraud Data Scientist: Ml & Anomaly Detection Bahía Blanca,Vana,Data Scientist,"Bahía Blanca, Provincia de Buenos Aires",,https://www.opcionempleo.com.ar/jobad/arba2a9b47e6a3834b0ef3d17d04eebc0b,0.02377376493859146,es
785,opcionempleo::7113945,opcionempleo,Fraud Data Scientist: Ml & Anomaly Detection Mercedes,Vana,Data Scientist,Argentina,,https://www.opcionempleo.com.ar/jobad/ar7113945f62089e5db8741c989a503421,0.02377376493859146,es
786,opcionempleo::393956,opcionempleo,Fraud Data Scientist: Ml & Anomaly Detection Río Cuarto,Vana,Data Scientist,"Río Cuarto, Córdoba",,https://www.opcionempleo.com.ar/jobad/ar393956d7050f0b8c88cde59eef2c7aa0,0.02377376493859146,es
787,opcionempleo::82753,opcionempleo,Fraud Data Scientist: Ml & Anomaly Detection Berazategui,Vana,Data Scientist,"Berazategui, Provincia de Buenos Aires",,https://www.opcionempleo.com.ar/jobad/ar3cc51f1b5ce1c8ce82753ce9fd39347e,0.02377376493859146,es
788,opcionempleo::jobadarec09ab026c8b4d80d46f9e4b9477ef5d,opcionempleo,Fraud Data Scientist: Ml & Anomaly Detection Mendoza,Vana,Data Scientist,Mendoza,,https://www.opcionempleo.com.ar/jobad/arec09ab026c8b4d80d46f9e4b9477ef5d,0.02377376493859146,es
789,opcionempleo::565902101,opcionempleo,Fraud Data Scientist: Ml & Anomaly Detection Paraná,Vana,Data Scientist,"Paraná, Entre Ríos",,https://www.opcionempleo.com.ar/jobad/ar565902101f85951a3c913d4e1c68d1c7,0.02377376493859146,es
790,opcionempleo::jobadarcd297e71dd60d8376b6e73de5eaab5c1,opcionempleo,Fraud Data Scientist: Ml & Anomaly Detection San Miguel De Tucumán,Vana,Data Scientist,"San Miguel de Tucumán, Tucumán",,https://www.opcionempleo.com.ar/jobad/arcd297e71dd60d8376b6e73de5eaab5c1,0.02377376493859146,es
791,opcionempleo::697320,opcionempleo,Fraud Data Scientist: Ml & Anomaly Detection Avellaneda,Vana,Data Scientist,Argentina,,https://www.opcionempleo.com.ar/jobad/ar5d697320b2f82fcd32c6372124f6f89f,0.02377376493859146,es
792,opcionempleo::37046,opcionempleo,Fraud Data Scientist: Ml & Anomaly Detection Zárate (Argentina),Vana,Data Scientist,Argentina,,https://www.opcionempleo.com.ar/jobad/arf5e37046d07c6d7a9e4cc8049af1b93b,0.02377376493859146,es
793,opcionempleo::977706,opcionempleo,Fraud Data Scientist: Ml & Anomaly Detection San Carlos De Bariloche,Vana,Data Scientist,"San Carlos de Bariloche, Río Negro",,https://www.opcionempleo.com.ar/jobad/ara5e7b8d36b15ebe0c44ba977706f05f7,0.02377376493859146,es
794,opcionempleo::21027,opcionempleo,Fraud Data Scientist: Ml & Anomaly Detection Rosario (Argentina),Vana,Data Scientist,Argentina,,https://www.opcionempleo.com.ar/jobad/ar5d6108db2ded21027bcc6211efad8034,0.02377376493859146,es
795,opcionempleo::33125774,opcionempleo,Fraud Data Scientist: Ml & Anomaly Detection Ituzaingó,Vana,Data Scientist,Argentina,,https://www.opcionempleo.com.ar/jobad/ar5f76c68b1d0a33125774be442455bbb8,0.02377376493859146,es
796,opcionempleo::jobadarfcc03f6ae7e322d59a42e7846b9a5161,opcionempleo,Finanzas Investor Relations Buenos Aires,Central Puerto,Finanzas / CAPEX,Buenos Aires,,https://www.opcionempleo.com.ar/jobad/arfcc03f6ae7e322d59a42e7846b9a5161,0.023743535742364503,es
797,linkedin::4400591062,linkedin,Accounting Analyst | SAP S/4HANA Project,Coderio | Software Company,BI / Analytics,"Rosario, Santa Fe",,https://www.linkedin.com/jobs/view/4400591062,0.02370580027875875,en
798,opcionempleo::55173,opcionempleo,Business Development Manager (Buenos Aires),Kids,BI / Analytics,Buenos Aires,,https://www.opcionempleo.com.ar/jobad/aree9ec36d5945b55173c11e5b3d1820de,0.02352706180660588,en
799,opcionempleo::63074,opcionempleo,Fraud Data Scientist: Ml & Anomaly Detection Lomas De Zamora,Vana,Data Scientist,"Lomas de Zamora, Provincia de Buenos Aires",,https://www.opcionempleo.com.ar/jobad/arfb57b23b98e63074ed3fc78f1f42f0e9,0.023502072039133733,es
800,opcionempleo::21566,opcionempleo,Fraud Data Scientist: Ml & Anomaly Detection Moreno,Vana,Data Scientist,Argentina,,https://www.opcionempleo.com.ar/jobad/ar2e00e67d21566ff1f41949d5081ed165,0.023502072039133733,es
801,opcionempleo::jobadarbf2591d8046dbb6322ce36f3e14d79fd,opcionempleo,Fraud Data Scientist: Ml & Anomaly Detection Morón,Vana,Data Scientist,Argentina,,https://www.opcionempleo.com.ar/jobad/arbf2591d8046dbb6322ce36f3e14d79fd,0.023502072039133733,es
802,opcionempleo::jobadar40b55afb9db4f2f32e9ecf1925daf356,opcionempleo,Fraud Data Scientist: Ml & Anomaly Detection Santa Fe (Argentina),Vana,Data Scientist,Argentina,,https://www.opcionempleo.com.ar/jobad/ar40b55afb9db4f2f32e9ecf1925daf356,0.023502072039133733,es
803,opcionempleo::03474,opcionempleo,Fraud Data Scientist: Ml & Anomaly Detection Neuquén (Argentina),Vana,Data Scientist,Argentina,,https://www.opcionempleo.com.ar/jobad/ar6e03474bdda067ff164f7e8f32013178,0.02347927516239436,es
804,opcionempleo::21155496,opcionempleo,Fraud Data Scientist: Ml & Anomaly Detection Ezeiza,Vana,Data Scientist,"Ezeiza, Provincia de Buenos Aires",,https://www.opcionempleo.com.ar/jobad/arccc815af21c0f133dfc21155496f7ac1,0.02347927516239436,es
805,opcionempleo::07493,opcionempleo,Fraud Data Scientist: Ml & Anomaly Detection Venado Tuerto,Vana,Data Scientist,"Venado Tuerto, Santa Fe",,https://www.opcionempleo.com.ar/jobad/are9510cf785a9e07493b74c9280a298ce,0.02347927516239436,es
806,opcionempleo::jobadarffaf981e3b9597e4956f24c09d823ea1,opcionempleo,Fraud Data Scientist: Ml & Anomaly Detection Comodoro Rivadavia (Argentina),Vana,Data Scientist,Argentina,,https://www.opcionempleo.com.ar/jobad/arffaf981e3b9597e4956f24c09d823ea1,0.02347927516239436,es
807,opcionempleo::983531,opcionempleo,Fraud Data Scientist: Ml & Anomaly Detection Villa Gobernador Galvez (Argentina),Vana,Data Scientist,Argentina,,https://www.opcionempleo.com.ar/jobad/ar983531c840931512ede5e09bb53b0f0b,0.02347927516239436,es
808,opcionempleo::21168,opcionempleo,Fraud Data Scientist: Ml & Anomaly Detection San Juan,Vana,Data Scientist,San Juan,,https://www.opcionempleo.com.ar/jobad/ar91eb205a98e96d8aaefd92a21168eacb,0.02347927516239436,es
809,linkedin::4352616481,linkedin,"Software Engineer – Code Review & AI Training (Remote, USD)",Braintrust,Data Scientist,Rosario y alrededores,,https://www.linkedin.com/jobs/view/4352616481,0.02343739851218398,en
810,linkedin::4356637750,linkedin,Sr. Global Supply Manager I,Samsara,Supply Chain,Estados Unidos,,https://www.linkedin.com/jobs/view/4356637750,0.023097768790582677,en
811,opcionempleo::jobadar66aed93e40c130db41ff43b787c29dfc,opcionempleo,Responsable de Administración y Finanzas - AgroGanadería (Buenos Aires),Talent Recruiters,Finanzas / CAPEX,Buenos Aires,,https://www.opcionempleo.com.ar/jobad/ar66aed93e40c130db41ff43b787c29dfc,0.022896138887629727,es
812,opcionempleo::90884,opcionempleo,"Technical Architect, Salesforce -Remote",Marcus Thomas Llc,Continuous Improvement,"San Isidro, Catamarca",,https://www.opcionempleo.com.ar/jobad/arfed95cf884dd90884f728114bcb6e99a,0.022812574189622736,en
813,linkedin::4399855505,linkedin,Data Analyst - Power BI Dashboard Development,Accylerate,Excel / VBA,"Richmond, Virginia, Estados Unidos",,https://www.linkedin.com/jobs/view/4399855505,0.022618083224670398,en
814,opcionempleo::jobadarcf71e3aa46f66dd14e653f7be383c9b5,opcionempleo,Business Development Representative (Buenos Aires),Payoneer,BI / Analytics,Buenos Aires,,https://www.opcionempleo.com.ar/jobad/arcf71e3aa46f66dd14e653f7be383c9b5,0.022522356949174947,en
815,opcionempleo::jobadar65a5b9f738ba3d0c6e6187b46de29c75,opcionempleo,Business Development Manager (Buenos Aires),Jobs for Humanity,BI / Analytics,Buenos Aires,,https://www.opcionempleo.com.ar/jobad/ar65a5b9f738ba3d0c6e6187b46de29c75,0.02241601196626148,en
816,opcionempleo::jobadarcfebac5323f4d566a94f2143c802bf3a,opcionempleo,Senior Business Analyst (Buenos Aires),Cognizant,BI / Analytics,Buenos Aires,,https://www.opcionempleo.com.ar/jobad/arcfebac5323f4d566a94f2143c802bf3a,0.022165150738521548,en
817,opcionempleo::370940,opcionempleo,Administración Y Finanzas Buenos Aires,Gi Group,Finanzas / CAPEX,Buenos Aires,,https://www.opcionempleo.com.ar/jobad/ar18dad095c370940de05b391bd0118e53,0.022160855350895767,es
818,linkedin::4400336636,linkedin,Medical Economics Analyst,Upward Health,Excel / VBA,Estados Unidos,,https://www.linkedin.com/jobs/view/4400336636,0.022092446891766496,en
819,opcionempleo::00533,opcionempleo,"Service Technician, 4 stroke (Buenos Aires)",Wärtsilä,Continuous Improvement,Buenos Aires,,https://www.opcionempleo.com.ar/jobad/arfa5cbfbe00533cafe29f0b78e84dcc16,0.021888970725691664,en
820,opcionempleo::4675722,opcionempleo,"Analista Research FCI Jr: Remoto, Excel Avanzado (Buenos Aires)",Portfoliopersonal,Excel / VBA,Buenos Aires,,https://www.opcionempleo.com.ar/jobad/arcda4675722c759e8cb3014ae107fcbee,0.021701216779077926,es
821,opcionempleo::917351,opcionempleo,Administrativo/a para el área de facturación y transporte,Grupo Gestión,Excel / VBA,"Escobar, Provincia de Buenos Aires",,https://www.opcionempleo.com.ar/jobad/ar7c87d917351cee3175976cca61072085,0.021616438356325075,es
822,workana::desarrollo-de-sistema-de-conteo-y-analisis-de-ocupacion-de-espacios-a-partir-de-video,workana,Desarrollo de Sistema de Conteo y Análisis de Ocupación de Espacios a partir de video,Freelancer D. F. A.,Data Scientist,Argentina,Remoto,https://www.workana.com/job/desarrollo-de-sistema-de-conteo-y-analisis-de-ocupacion-de-espacios-a-partir-de-video,0.02143764748469096,es
823,opcionempleo::91101,opcionempleo,Process Improvement Manager W/M,Eramet,Continuous Improvement,Salta,,https://www.opcionempleo.com.ar/jobad/ar2640acdf91101adfbef89b69e228ce60,0.0214216937802782,en
824,opcionempleo::5219797,opcionempleo,Supply Chain Buenos Aires,Gi Group,Supply Chain,Buenos Aires,,https://www.opcionempleo.com.ar/jobad/arab5219797a1996f285ae62bc022d1d6d,0.02134252281992098,es
825,opcionempleo::08627,opcionempleo,"Asesor/a Financiero/a, Oberá, Misiones",Vip Work Services,Excel / VBA,"Oberá, Misiones",,https://www.opcionempleo.com.ar/jobad/ar681abb481ce1ce9212aea7e08627e581,0.021317568951335443,es
826,opcionempleo::21936,opcionempleo,Pasante de Finanzas (Créditos y Cobranzas) (Buenos Aires),Sony,Finanzas / CAPEX,Buenos Aires,,https://www.opcionempleo.com.ar/jobad/ar350cbde04c36f5dad2859e21936d1e89,0.021084138392056556,en
827,linkedin::4400579140,linkedin,Business Intelligence Analyst Assistant Director,Mayo Clinic,BI / Analytics,"Rochester, Minnesota, Estados Unidos",,https://www.linkedin.com/jobs/view/4400579140,0.020890778784837385,en
828,opcionempleo::965266,opcionempleo,Sales Excellence - COE - Business Intelligence Specialist,Accenture,BI / Analytics,"Parque Patricios, Buenos Aires",,https://www.opcionempleo.com.ar/jobad/ar488d7b82ecc6f6fe782d965266fc7a21,0.02068203722105475,en
829,opcionempleo::0230271,opcionempleo,Regional Finops Manager,dLocal,Continuous Improvement,"Rosario, Santa Fe",,https://www.opcionempleo.com.ar/jobad/ara00e65e6c317c296b0230271e2bc6692,0.02057863149824313,en
830,opcionempleo::jobadar6b745fa1e24f66d4918ab5189d69c91f,opcionempleo,Líder de Finanzas y Administración Agropecuaria (Buenos Aires),Talent Recruiters,Finanzas / CAPEX,Buenos Aires,,https://www.opcionempleo.com.ar/jobad/ar6b745fa1e24f66d4918ab5189d69c91f,0.020505512593753338,es
831,linkedin::4393247603,linkedin,Business Intelligence Developer (Power BI),Konnex4,BI / Analytics,Estados Unidos,,https://www.linkedin.com/jobs/view/4393247603,0.0203858394134808,en
832,opcionempleo::916914460,opcionempleo,Supply Chain Services Sr Specialist,Philip Morris International,Continuous Improvement,Buenos Aires,,https://www.opcionempleo.com.ar/jobad/arbc0c916914460dafcf44f4040d8fd495,0.020188653733562528,en
833,linkedin::4392469794,linkedin,Data Analyst – Markets & Strategy,Sungrow,Excel / VBA,Estados Unidos,,https://www.linkedin.com/jobs/view/4392469794,0.019931153839534033,en
834,opcionempleo::45449,opcionempleo,Qa Automation Lead,Jbk Argentina,Continuous Improvement,San Luis,,https://www.opcionempleo.com.ar/jobad/arf1a8f543ba5deccdf875fbe2ac45449f,0.019844592998599205,en
835,opcionempleo::6486690,opcionempleo,Responsable Red de Acceso - Comodoro Rivadavia,Claro,Excel / VBA,Chubut,,https://www.opcionempleo.com.ar/jobad/ar9fc6486690ef72399ed89e5aa8ce8753,0.019729678137653514,es
836,opcionempleo::6228935,opcionempleo,Gerente de Operaciones Logísticas (Recreo),,Gerente de Operaciones,Argentina,,https://www.opcionempleo.com.ar/jobad/ar449cc25c4e3f4cecb69d2cf8f6228935,0.019522303150547957,es
837,opcionempleo::24282,opcionempleo,ACCOUNTANT ($30mil-$43mil),Alvacom Employment Solutions,Excel / VBA,San Juan,,https://www.opcionempleo.com.ar/jobad/areb24282d144400bdf3faf6d31134dbc5,0.01935524201241017,es
838,opcionempleo::jobadarcc8186b9080b344ae6e96fac743efbab,opcionempleo,Release Manager,Lorvin Technologies Inc,Continuous Improvement,Buenos Aires,,https://www.opcionempleo.com.ar/jobad/arcc8186b9080b344ae6e96fac743efbab,0.0193284615645172,en
839,workana::desarrollo-de-pagina-web-en-wordpress-para-agencia-de-viajes-con-integracion-de-whatsapp,workana,Desarrollo de Página Web en Wordpress para Agencia de Viajes con Integración de Whatsapp,Freelancer A. T.,Data Scientist,Argentina,Remoto,https://www.workana.com/job/desarrollo-de-pagina-web-en-wordpress-para-agencia-de-viajes-con-integracion-de-whatsapp,0.019269169887104545,es
840,linkedin::4398543541,linkedin,Data Analyst,Webologix Ltd/ INC,Python Developer,Estados Unidos,,https://www.linkedin.com/jobs/view/4398543541,0.019213255952098968,en
841,opcionempleo::jobadar977d12e4646deb9813a5a8ea4fbd68f7,opcionempleo,CPS AR PQA Manager,Coca-Cola,Continuous Improvement,Buenos Aires,,https://www.opcionempleo.com.ar/jobad/ar977d12e4646deb9813a5a8ea4fbd68f7,0.01912604844020646,en
842,workana::desarrollador-web-para-configuracion-de-dominio-cloudflare-y-integracion-de-pasarela-de-pago,workana,Desarrollador Web para Configuración de Dominio Cloudflare y Integración de Pasarela de Pago,Freelancer S.,Data Scientist,Argentina,Remoto,https://www.workana.com/job/desarrollador-web-para-configuracion-de-dominio-cloudflare-y-integracion-de-pasarela-de-pago,0.019101909970172387,es
843,opcionempleo::5472388,opcionempleo,"Associate Director, Paid Search Argentina",Brain Labs Digital Ltd.,Continuous Improvement,"San Carlos de Bariloche, Río Negro",,https://www.opcionempleo.com.ar/jobad/ardc970b232d0cb2d4da7a6dd5472388bc,0.019031731172864056,en
844,opcionempleo::337460,opcionempleo,Key Account Manager,Evolution Gaming,Continuous Improvement,Buenos Aires,,https://www.opcionempleo.com.ar/jobad/ar399d4bad337460ccad0bb70c16710b9c,0.018786795305268732,en
845,opcionempleo::882749479,opcionempleo,Business Intelligence Developer (Rosario),Bluelight,BI / Analytics,"Rosario, Santa Fe",,https://www.opcionempleo.com.ar/jobad/ar882749479e638033ed168ba2934baf25,0.018738167981230985,en
846,linkedin::4375459097,linkedin,Digital Manufacturing Engineer (Remote),Capgemini Engineering,Ingeniero Industrial,"Chicago, Illinois, Estados Unidos",,https://www.linkedin.com/jobs/view/4375459097,0.018702497797412246,en
847,linkedin::4400572255,linkedin,Junior Data Analyst,Helic & Co.,Excel / VBA,Estados Unidos,,https://www.linkedin.com/jobs/view/4400572255,0.018509093816217424,en
848,linkedin::4365371164,linkedin,Data Scientist,Koah,Data Scientist,Estados Unidos,,https://www.linkedin.com/jobs/view/4365371164,0.018274055057869183,en
849,linkedin::4393945596,linkedin,Strategic Partnership – Senior Industrial Engineer,Be Technik - Custom Machinery & Automation,Ingeniero Industrial,"Tampa, Florida, Estados Unidos",,https://www.linkedin.com/jobs/view/4393945596,0.018041259638373514,en
850,opcionempleo::31493,opcionempleo,Pasantía en Finanzas (Buenos Aires),Edelman,Finanzas / CAPEX,Buenos Aires,,https://www.opcionempleo.com.ar/jobad/ar82c616b5ad8d21a69d4fdc31493c2549,0.017746656466882994,en
851,opcionempleo::jobadar0ad2f491b7df01b7e2b7859a513fe516,opcionempleo,Empleada o para Estudio Contable Experiencia PC y Excel Excluyente,LOPEZ MARCELO ALFREDO,Excel / VBA,"Vicente López, Provincia de Buenos Aires",,https://www.opcionempleo.com.ar/jobad/ar0ad2f491b7df01b7e2b7859a513fe516,0.017657532518898646,es
852,linkedin::4400636452,linkedin,Data Analyst I,Renaissance Learning,Python Developer,Estados Unidos,,https://www.linkedin.com/jobs/view/4400636452,0.017639382607787024,en
853,bumeran::1118220253,bumeran,ANALISTA CONTABLE Y DE CONTROL DE GESTION,Actualizado ayer,Control de Gestión,"Munro, Buenos Aires",Presencial,https://www.bumeran.com.ar/empleos/analista-contable-y-de-control-de-gestion-1118220253.html,0.017554013438845092,es
854,opcionempleo::jobadare78f95e3c05e8911a2992e511f24fd43,opcionempleo,Senior Technical Business Analyst Id24835 (Buenos Aires),AgileEngine,BI / Analytics,Buenos Aires,,https://www.opcionempleo.com.ar/jobad/are78f95e3c05e8911a2992e511f24fd43,0.017435385355675508,en
855,workana::automatizacion-de-respuestas-con-ia-para-impactar-y-optimizar-plataformas-virtuales,workana,"Automatización de Respuestas con Ia para Impactar y Optimizar Plataformas Virtuales,edicion deimagen",Freelancer A. F.,Data Scientist,Argentina,Remoto,https://www.workana.com/job/automatizacion-de-respuestas-con-ia-para-impactar-y-optimizar-plataformas-virtuales,0.01741643355375984,es
856,linkedin::4379088353,linkedin,Senior Data Analyst,Ameriflex,BI / Analytics,"Texas, Estados Unidos",,https://www.linkedin.com/jobs/view/4379088353,0.01715359468438508,en
857,workana::desarrollo-de-sitio-web-inmobiliario-con-integracion-de-resenas-y-crm,workana,Desarrollo de Sitio Web Inmobiliario con Integración de Reseñas y Crm,Freelancer F. M.,Data Scientist,Argentina,Remoto,https://www.workana.com/job/desarrollo-de-sitio-web-inmobiliario-con-integracion-de-resenas-y-crm,0.017114861809462388,es
858,linkedin::4375560926,linkedin,"Analyst, Reconciliation",Questrade Financial Group,BI / Analytics,"Rosario, Santa Fe",,https://www.linkedin.com/jobs/view/4375560926,0.017103615419347514,en
859,linkedin::4392316174,linkedin,VC Associate,Toyota Research Institute,Excel / VBA,"Los Altos Hills, California, Estados Unidos",,https://www.linkedin.com/jobs/view/4392316174,0.017102428976155364,en
860,workana::automatizacion-de-reposicion-de-stock-en-mercado-libre-con-cianbox,workana,Automatización de Reposición de Stock en Mercado Libre con Cianbox,Freelancer A.,Data Scientist,Argentina,Remoto,https://www.workana.com/job/automatizacion-de-reposicion-de-stock-en-mercado-libre-con-cianbox,0.017080606773954232,es
861,opcionempleo::61488,opcionempleo,Programador Python Full Remoto San Salvador De Jujuy,Digital Solutions 324,Python Developer,"San Salvador de Jujuy, Jujuy",,https://www.opcionempleo.com.ar/jobad/ar3eb80b61488e75ec57fef662ed5c8e88,0.01696153763051231,es
862,linkedin::4398342573,linkedin,Senior Python Data Engineer - Remote - Latin America,FullStack,Python Developer,"Rosario, Santa Fe",,https://www.linkedin.com/jobs/view/4398342573,0.016960899214287666,en
863,linkedin::4364044356,linkedin,"Data Scientist, Customer Analytics",Cresta,Data Scientist,Estados Unidos,,https://www.linkedin.com/jobs/view/4364044356,0.016801356117086448,en
864,opcionempleo::67940,opcionempleo,It Analyst,Vive Health,Continuous Improvement,Santiago del Estero,,https://www.opcionempleo.com.ar/jobad/ar67940b5df8a1abc967b554fd71fed899,0.01677245263515907,en
865,linkedin::4386472411,linkedin,"Python Developer - Make Healthcare Great Again - $200k , Full Remote, Python, TypeScript.",Venchr,Python Developer,Estados Unidos,,https://www.linkedin.com/jobs/view/4386472411,0.01674151368696337,en
866,bumeran::1118170791,bumeran,Desarrollador Python,Grupo ALTATEX,Python Developer,"Don Torcuato, Buenos Aires",Presencial,https://www.bumeran.com.ar/empleos/desarrollador-python-grupo-altatex-1118170791.html,0.0166996534632648,es
867,opcionempleo::39448652,opcionempleo,Sales and Business Development Coordinator (Buenos Aires),The Energy Year,BI / Analytics,Buenos Aires,,https://www.opcionempleo.com.ar/jobad/ard1391fac39448652b38241a612a97a50,0.01650986569431369,en
868,linkedin::4398148926,linkedin,Data Analyst,AARATECH,Python Developer,Estados Unidos,,https://www.linkedin.com/jobs/view/4398148926,0.01646159364744253,en
869,linkedin::4397962439,linkedin,Data Analyst,Analytica,BI / Analytics,"San Antonio, Texas, Estados Unidos",,https://www.linkedin.com/jobs/view/4397962439,0.01643860203156653,en
870,opcionempleo::78807,opcionempleo,Mid-senior Data and Analytics Strategist for Business Development (Buenos Aires),Scandiweb,BI / Analytics,Buenos Aires,,https://www.opcionempleo.com.ar/jobad/arbe4dcab957e4ceafac78807a424ba429,0.016310971932171913,en
871,workana::especialista-en-manychat-para-automatizacion-avanzada-de-mensajes-en-instagram,workana,Especialista en Manychat para Automatización Avanzada de Mensajes en Instagram,Freelancer Y. L.,Data Scientist,Argentina,Remoto,https://www.workana.com/job/especialista-en-manychat-para-automatizacion-avanzada-de-mensajes-en-instagram,0.016304929799457163,es
872,opcionempleo::7096016938,opcionempleo,"Senior Service Technician, 4 Stroke (Buenos Aires)",Wärtsilä,Continuous Improvement,Buenos Aires,,https://www.opcionempleo.com.ar/jobad/ar0281ffdfa3711bf7096016938e207065,0.01628971636119654,en
873,opcionempleo::jobadar5e8c9a8cfbae0f734a9e5b4a2e48fa58,opcionempleo,Intern: Quality & Continuous Improvement (Bella Vista),ABB,Continuous Improvement,Argentina,,https://www.opcionempleo.com.ar/jobad/ar5e8c9a8cfbae0f734a9e5b4a2e48fa58,0.016234090221344408,en
874,opcionempleo::6191883,opcionempleo,junior Business Intelligence Analyst (Argentina),,BI / Analytics,Argentina,,https://www.opcionempleo.com.ar/jobad/ar8df52b5624d6191883ca459c17a54ff6,0.016105196958445773,en
875,linkedin::4371453517,linkedin,Industrial Engineer,Locus Robotics,Ingeniero Industrial,"Wilmington, Massachusetts, Estados Unidos",,https://www.linkedin.com/jobs/view/4371453517,0.01608568135727054,en
876,linkedin::4400595169,linkedin,Data Analyst (Remote),"Schepmont Group, LLC",Excel / VBA,"Austin, Texas, Estados Unidos",,https://www.linkedin.com/jobs/view/4400595169,0.016038953262669294,en
877,linkedin::4397594058,linkedin,Industrial Engineer,OnTrac,Ingeniero Industrial,Estados Unidos,,https://www.linkedin.com/jobs/view/4397594058,0.016037667961680564,en
878,linkedin::4385559981,linkedin,Software Engineer (Python + Vue) - Remote - Latin America,FullStack,Data Scientist,"Rosario, Santa Fe",,https://www.linkedin.com/jobs/view/4385559981,0.01591770726680106,en
879,linkedin::4387390397,linkedin,Data Analyst (Senior) ID54349,AgileEngine,Data Scientist,"Rosario, Santa Fe",,https://www.linkedin.com/jobs/view/4387390397,0.015883555485809067,en
880,linkedin::4387333878,linkedin,Reporting Analyst | Remote,Crossing Hurdles,BI / Analytics,Estados Unidos,,https://www.linkedin.com/jobs/view/4387333878,0.01584272698602354,en
881,linkedin::4387337796,linkedin,Data Analyst | Remote,Crossing Hurdles,BI / Analytics,Estados Unidos,,https://www.linkedin.com/jobs/view/4387337796,0.01584272698602354,en
882,linkedin::4389952456,linkedin,"Data Scientist, Search Science (Ads)",Shipt,Data Scientist,Estados Unidos,,https://www.linkedin.com/jobs/view/4389952456,0.015639385861098497,en
883,linkedin::4377097759,linkedin,Agentic Software Engineer (Cursor) - Remote - Latin America,FullStack,Data Scientist,"Rosario, Santa Fe",,https://www.linkedin.com/jobs/view/4377097759,0.015607310645353418,en
884,linkedin::4383074383,linkedin,Supply Chain Analyst,Comfrt,Supply Chain,Estados Unidos,,https://www.linkedin.com/jobs/view/4383074383,0.01557716061894562,en
885,linkedin::4396245139,linkedin,Business Intelligence (BI) Analyst,Curana Health,Excel / VBA,Estados Unidos,,https://www.linkedin.com/jobs/view/4396245139,0.015483390122316084,en
886,opcionempleo::36624,opcionempleo,Sr. Analyst - Business Intelligence,Philip Morris International,BI / Analytics,Buenos Aires,,https://www.opcionempleo.com.ar/jobad/ar600b950ce1cffe36624e9247615428c6,0.015442774228289793,en
887,linkedin::4399442828,linkedin,Fullstack JavaScript Developer - Latin America - Remote,Azumo,Python Developer,"Rosario, Santa Fe",,https://www.linkedin.com/jobs/view/4399442828,0.01538592398795627,en
888,linkedin::4398796445,linkedin,Industrial Engineer - 1st Shift - Travel,RemoteHunter,Ingeniero Industrial,Estados Unidos,,https://www.linkedin.com/jobs/view/4398796445,0.01533625424450625,en
889,linkedin::4396367708,linkedin,Business Intelligence Analyst,Optum,BI / Analytics,Estados Unidos,,https://www.linkedin.com/jobs/view/4396367708,0.015332708998463306,en
890,linkedin::4392913274,linkedin,Data Analyst,Tree Top Staffing LLC,Excel / VBA,Estados Unidos,,https://www.linkedin.com/jobs/view/4392913274,0.015164113281604042,en
891,workana::especialista-en-automatizacion-de-whatsapp-con-ia-manychat-claude-para-agencia-de-viajes,workana,Especialista en Automatización de Whatsapp con Ia (Manychat + Claude) para Agencia de Viajes,Freelancer A. C.,Data Scientist,Argentina,Remoto,https://www.workana.com/job/especialista-en-automatizacion-de-whatsapp-con-ia-manychat-claude-para-agencia-de-viajes,0.01515218393808752,es
892,linkedin::4398582251,linkedin,Executive Assistant,IPX Power,BI / Analytics,Estados Unidos,,https://www.linkedin.com/jobs/view/4398582251,0.015123836669331689,en
893,opcionempleo::057071,opcionempleo,Sales and Business Development Manager Argentina,Chronos Consulting,BI / Analytics,Argentina,,https://www.opcionempleo.com.ar/jobad/ar557a28e6a057071eaa6c7acf9dddbc96,0.01511788533849944,en
894,linkedin::4386748510,linkedin,"Data Scientist, Applied AI - Remote",Azumo,Data Scientist,Estados Unidos,,https://www.linkedin.com/jobs/view/4386748510,0.014986347296560325,en
895,linkedin::4385935029,linkedin,Full Stack Engineer (Senior) ID52039,AgileEngine,Python Developer,"Rosario, Santa Fe",,https://www.linkedin.com/jobs/view/4385935029,0.01491110231073993,en
896,linkedin::4395878228,linkedin,Data Analyst,The Brixton Group,Excel / VBA,"Nueva Jersey, Estados Unidos",,https://www.linkedin.com/jobs/view/4395878228,0.014705092159449182,en
897,linkedin::4392950706,linkedin,"Manager, Business Intelligence",Carrot,BI / Analytics,"San Francisco, California, Estados Unidos",,https://www.linkedin.com/jobs/view/4392950706,0.014666748800099404,en
898,linkedin::4399057628,linkedin,Python Developer,Constellation Inc,Python Developer,"Washington, Distrito de Columbia, Estados Unidos",,https://www.linkedin.com/jobs/view/4399057628,0.014629007676516575,en
899,linkedin::4400374350,linkedin,Data Analyst (PowerBI And DAX),TEKsystems,BI / Analytics,"Schaumburg, Illinois, Estados Unidos",,https://www.linkedin.com/jobs/view/4400374350,0.014588992695794278,en
900,linkedin::4389969063,linkedin,Software Engineer - Python - Cloud - graduate level,Canonical,Python Developer,"San José, California, Estados Unidos",,https://www.linkedin.com/jobs/view/4389969063,0.014485640231101219,en
901,linkedin::4375566707,linkedin,Senior Software Engineer,Questrade Financial Group,BI / Analytics,"Rosario, Santa Fe",,https://www.linkedin.com/jobs/view/4375566707,0.014414325796478071,en
902,linkedin::4387500727,linkedin,Supply Chain & Logistics Manager,Edged,Supply Chain,Estados Unidos,,https://www.linkedin.com/jobs/view/4387500727,0.014399136983588676,en
903,opcionempleo::52877,opcionempleo,Marketing Business Analyst- Latam (Buenos Aires),Binance,BI / Analytics,Buenos Aires,,https://www.opcionempleo.com.ar/jobad/ard97d98c52877e6c3cebb03d2b2fc0b74,0.014388587347471208,en
904,opcionempleo::jobadard6515d6c27f037dcf26d91f22e15deee,opcionempleo,Hybrid Business Analyst/Database & Power BI Developer,PSI CRO,Continuous Improvement,Buenos Aires,,https://www.opcionempleo.com.ar/jobad/ard6515d6c27f037dcf26d91f22e15deee,0.014374582581497023,en
905,linkedin::4393992086,linkedin,"Manager, Business Intelligence",Agility Robotics,BI / Analytics,"Salem, Oregón, Estados Unidos",,https://www.linkedin.com/jobs/view/4393992086,0.014336601514576691,en
906,linkedin::4394335081,linkedin,SAP Finance Expert SM016DL,Coderio | Software Company,BI / Analytics,"Rosario, Santa Fe",,https://www.linkedin.com/jobs/view/4394335081,0.014330800386133978,en
907,linkedin::4393915774,linkedin,Data Scientist,Dropbox,Data Scientist,Estados Unidos,,https://www.linkedin.com/jobs/view/4393915774,0.014308973611676247,en
908,opcionempleo::376454,opcionempleo,(Fluent English) Business Development Specialist (Buenos Aires),SupportYourApp,BI / Analytics,Buenos Aires,,https://www.opcionempleo.com.ar/jobad/ar86f376454bbfead1525fbd32cbc1e259,0.013939731526488702,en
909,linkedin::4388150009,linkedin,FinOps Analyst Junior SM015DL,Coderio | Software Company,Excel / VBA,"Rosario, Santa Fe",,https://www.linkedin.com/jobs/view/4388150009,0.01388414402653215,en
910,linkedin::4366910016,linkedin,*Financial Operations Analyst SM015DL,Coderio | Software Company,Excel / VBA,"Rosario, Santa Fe",,https://www.linkedin.com/jobs/view/4366910016,0.01388414402653215,en
911,opcionempleo::jobadara27e2b6b1474c7b15f5eb04cca8699ed,opcionempleo,Supervising Associate - Service Excellence Consultant - EY Global Delivery Services 1,EY,Continuous Improvement,Buenos Aires,,https://www.opcionempleo.com.ar/jobad/ara27e2b6b1474c7b15f5eb04cca8699ed,0.013867812425981497,en
912,linkedin::4387891122,linkedin,Finance Operations Analyst SM015DL,Coderio | Software Company,Continuous Improvement,"Rosario, Santa Fe",,https://www.linkedin.com/jobs/view/4387891122,0.013844617393316164,en
913,linkedin::4366785962,linkedin,Jr FinOps Analyst SM015DL,Coderio | Software Company,Excel / VBA,"Rosario, Santa Fe",,https://www.linkedin.com/jobs/view/4366785962,0.013844617393316164,en
914,opcionempleo::56818,opcionempleo,Assistant Director - Service Excellence Consultant - EY Global Delivery Services,EY,Continuous Improvement,Buenos Aires,,https://www.opcionempleo.com.ar/jobad/aref988fae6a56818a7a9a4e66e4ca80e1,0.01383708001930314,en
915,linkedin::4394241890,linkedin,Entry-Level Data Analyst / Business Analyst (Remote),Prism Data Consulting,Excel / VBA,Estados Unidos,,https://www.linkedin.com/jobs/view/4394241890,0.01378517464811466,en
916,linkedin::4399280230,linkedin,Learning Facilitator,Airbnb,Continuous Improvement,Estados Unidos,,https://www.linkedin.com/jobs/view/4399280230,0.01377334229839984,en
917,linkedin::4393597814,linkedin,Data Analyst,Growth Orthopedics,BI / Analytics,"Lexington, Kentucky, Estados Unidos",,https://www.linkedin.com/jobs/view/4393597814,0.01369356544918466,en
918,linkedin::4371935076,linkedin,"Lead, Industrial Engineer",Otto Aerospace,Ingeniero Industrial,Estados Unidos,,https://www.linkedin.com/jobs/view/4371935076,0.01365057526961579,en
919,linkedin::4395247352,linkedin,Data Science Analyst,Mayo Clinic,Data Scientist,"Rochester, Minnesota, Estados Unidos",,https://www.linkedin.com/jobs/view/4395247352,0.013640328770587302,en
920,linkedin::4397288973,linkedin,workday Supply Chain Analyst,"Holistic Partners, Inc",Continuous Improvement,Estados Unidos,,https://www.linkedin.com/jobs/view/4397288973,0.01362483320997129,en
921,linkedin::4385929537,linkedin,Software Engineer (Go) ID50984,AgileEngine,Python Developer,"Rosario, Santa Fe",,https://www.linkedin.com/jobs/view/4385929537,0.013540057194028142,en
922,opcionempleo::62104,opcionempleo,Business Intelligence Developer (Buenos Aires),Launchpad Technologies,BI / Analytics,Buenos Aires,,https://www.opcionempleo.com.ar/jobad/areefe0407f4716d86a62104b07acc92fc,0.013398071080549835,en
923,opcionempleo::jobadar3d958c61f95c8b92c1704e7a5dba67f8,opcionempleo,"Service Technician, 4 Stroke (Buenos Aires)",Wärtsilä,Continuous Improvement,Buenos Aires,,https://www.opcionempleo.com.ar/jobad/ar3d958c61f95c8b92c1704e7a5dba67f8,0.01336232508004067,en
924,linkedin::4383923771,linkedin,Process Engineer,Oklo Inc,Ingeniero Industrial,Estados Unidos,,https://www.linkedin.com/jobs/view/4383923771,0.01330942273685159,en
925,linkedin::4392190641,linkedin,DevOps Engineer (Senior/Lead) ID55632,AgileEngine,Python Developer,"Rosario, Santa Fe",,https://www.linkedin.com/jobs/view/4392190641,0.013304752011481036,en
926,linkedin::4394784328,linkedin,Research Engineer – Python (STEM) | $90/hr Remote,Crossing Hurdles,Data Scientist,Estados Unidos,,https://www.linkedin.com/jobs/view/4394784328,0.013215622355558683,en
927,linkedin::4397362904,linkedin,Senior Data Scientist,Apogee Global RMS,Data Scientist,"San José, California, Estados Unidos",,https://www.linkedin.com/jobs/view/4397362904,0.01316550041484117,en
928,opcionempleo::280574,opcionempleo,Associate Business Intelligence Developer,Assurant,BI / Analytics,Buenos Aires,,https://www.opcionempleo.com.ar/jobad/ar12d963a280574d383f717f7a426b6423,0.01287379387851964,en
929,linkedin::4385669908,linkedin,Data Engineer (Middle) ID50589,AgileEngine,Data Scientist,"Rosario, Santa Fe",,https://www.linkedin.com/jobs/view/4385669908,0.012827722153560064,en
930,linkedin::4395867261,linkedin,Data Scientist,Analytica,Data Scientist,"Bethesda, Maryland, Estados Unidos",,https://www.linkedin.com/jobs/view/4395867261,0.012711413939925028,en
931,linkedin::4385935881,linkedin,Backend Software Engineer (Middle) ID51653,AgileEngine,Data Scientist,"Rosario, Santa Fe",,https://www.linkedin.com/jobs/view/4385935881,0.012598053108648938,en
932,opcionempleo::0709617,opcionempleo,Sr Analyst - Business Intelligence (Buenos Aires),PM LA SERV.,BI / Analytics,Buenos Aires,,https://www.opcionempleo.com.ar/jobad/ardc2d56cc969bee0709617c4b0d55f0fa,0.012537963327730528,en
933,linkedin::4398543589,linkedin,Senior Test Automation Engineer,eSimplicity,Continuous Improvement,"Columbia, Maryland, Estados Unidos",,https://www.linkedin.com/jobs/view/4398543589,0.012506235654236688,en
934,linkedin::4382453686,linkedin,AI Data Scientist Intern,Ensono,Data Scientist,Estados Unidos,,https://www.linkedin.com/jobs/view/4382453686,0.012494772082237773,en
935,linkedin::4400541928,linkedin,Data Analyst,FlyteHealth,Excel / VBA,Estados Unidos,,https://www.linkedin.com/jobs/view/4400541928,0.012399437756380397,en
936,linkedin::4374776583,linkedin,Elixir Developer (React) - Remote - Latin America,FullStack,Python Developer,"Rosario, Santa Fe",,https://www.linkedin.com/jobs/view/4374776583,0.01233746283321832,en
937,linkedin::4399023683,linkedin,Senior Manager - Continuous Improvement,Domino's,Continuous Improvement,"Ann Arbor, Michigan, Estados Unidos",,https://www.linkedin.com/jobs/view/4399023683,0.012288396245510399,en
938,opcionempleo::7585001,opcionempleo,Ingeniero Industrial Mecánico (Lanús),DelfosHR (Consultora de RRHH),Ingeniero Industrial,"Lanús, Provincia de Buenos Aires",,https://www.opcionempleo.com.ar/jobad/arb5eb082ff7585001f61d6ac83724df35,0.012286411857560853,es
939,linkedin::4382899424,linkedin,Junior Business Intelligence Analyst,LetsGetChecked,BI / Analytics,Estados Unidos,,https://www.linkedin.com/jobs/view/4382899424,0.012174720176470576,en
940,linkedin::4372448277,linkedin,"Controller, US",DoiT,Control de Gestión,"Georgia, Estados Unidos",,https://www.linkedin.com/jobs/view/4372448277,0.012157697261475956,en
941,linkedin::4390680471,linkedin,Senior Data Analyst - Remote - Latin America,FullStack,Python Developer,"Rosario, Santa Fe",,https://www.linkedin.com/jobs/view/4390680471,0.01214662301811324,en
942,opcionempleo::56126,opcionempleo,Remote Dynamics 365 Tech Lead: Supply Chain (Buenos Aires),ADN Recursos Humanos,Supply Chain,Buenos Aires,,https://www.opcionempleo.com.ar/jobad/ar939bfdff56126d6cfe212a0957092a82,0.012133659861440653,es
943,workana::desarrollador-para-aplicacion-movil-escalable-con-backend-y-whatsapp,workana,Desarrollador para Aplicación Móvil Escalable con Backend y Whatsapp,Freelancer G. R. L.,Data Scientist,Argentina,Remoto,https://www.workana.com/job/desarrollador-para-aplicacion-movil-escalable-con-backend-y-whatsapp,0.012102735359343647,es
944,linkedin::4389820226,linkedin,Full Stack Engineer ID55425,AgileEngine,Continuous Improvement,"Rosario, Santa Fe",,https://www.linkedin.com/jobs/view/4389820226,0.011993721889115015,en
945,linkedin::4382134258,linkedin,Power BI Developer,CGS Federal (Contact Government Services),BI / Analytics,Estados Unidos,,https://www.linkedin.com/jobs/view/4382134258,0.01199076382128585,en
946,opcionempleo::jobadar3a94a6bd7b1666aefebc72d3586b72cc,opcionempleo,Latam Manufacturing Excellence Manager,Lakeland Fire + Safety,Continuous Improvement,Santiago del Estero,,https://www.opcionempleo.com.ar/jobad/ar3a94a6bd7b1666aefebc72d3586b72cc,0.01191871736813225,en
947,linkedin::4363901149,linkedin,Data Scientist,MedReview Inc.,Data Scientist,"Nueva York, Nueva York, Estados Unidos",,https://www.linkedin.com/jobs/view/4363901149,0.011908444363732378,en
948,linkedin::4394708085,linkedin,Full Stack AI Software Engineer ID53175,AgileEngine,Python Developer,"Rosario, Santa Fe",,https://www.linkedin.com/jobs/view/4394708085,0.011902258199037077,en
949,opcionempleo::17767,opcionempleo,Sênior Aem Edge Delivery Services Front-End Developer,Valtech,Continuous Improvement,Buenos Aires,,https://www.opcionempleo.com.ar/jobad/arc54ca17767b807b1808cc8a1071cce98,0.011836426454448469,en
950,linkedin::4385054218,linkedin,Controller,CyberCoders,Control de Gestión,"Nueva York, Nueva York, Estados Unidos",,https://www.linkedin.com/jobs/view/4385054218,0.01168215750692542,en
951,linkedin::4377086364,linkedin,VP Corporate Controller,Deltek,Control de Gestión,Estados Unidos,,https://www.linkedin.com/jobs/view/4377086364,0.011640237085357025,en
952,linkedin::4378107140,linkedin,Project Engineer,Watson-Marlow - North America,Ingeniero Industrial,"Texas, Estados Unidos",,https://www.linkedin.com/jobs/view/4378107140,0.011535059383362464,en
953,linkedin::4383333218,linkedin,Junior Project Specialist | Localization | Content Creation |,eStoreLabs,Excel / VBA,"Rosario, Santa Fe",,https://www.linkedin.com/jobs/view/4383333218,0.011483743838968614,en
954,linkedin::4377041118,linkedin,Agentic Software Engineer (GitHub Copilot) - Remote - Latin America,FullStack,Python Developer,"Rosario, Santa Fe",,https://www.linkedin.com/jobs/view/4377041118,0.011395513747975879,en
955,linkedin::4377035329,linkedin,Agentic Software Engineer (Claude Code) - Remote - Latin America,FullStack,Data Scientist,"Rosario, Santa Fe",,https://www.linkedin.com/jobs/view/4377035329,0.01135952789661828,en
956,linkedin::4393299266,linkedin,Controller,Mission US,Control de Gestión,Estados Unidos,,https://www.linkedin.com/jobs/view/4393299266,0.011334419297605917,en
957,opcionempleo::094164281,opcionempleo,Business Analyst (Argentina),GRATIA,BI / Analytics,Argentina,,https://www.opcionempleo.com.ar/jobad/arc163efa25e714e094164281acfbec900,0.011330719802152962,en
958,linkedin::4395490987,linkedin,Human Resource Assistant - 100% Remote,The Planet Group,Excel / VBA,"Manhattan, Nueva York, Estados Unidos",,https://www.linkedin.com/jobs/view/4395490987,0.011322495616616855,en
959,opcionempleo::jobadar18fc602b9acd2a324ecfe712d39ffd46,opcionempleo,Consumer Product Manager - Affluent,Visa,Continuous Improvement,Buenos Aires,,https://www.opcionempleo.com.ar/jobad/ar18fc602b9acd2a324ecfe712d39ffd46,0.011264272505303497,en
960,linkedin::4388713216,linkedin,Data Scientist,Adelaide,Data Scientist,Estados Unidos,,https://www.linkedin.com/jobs/view/4388713216,0.011243731531113698,en
961,opcionempleo::jobadar2525ad6283a9b9ab11f1962ca6636f3d,opcionempleo,Ingeniero Industrial - Estudiante Avanzado (Villa Urquiza),HERCLE,Ingeniero Industrial,Argentina,,https://www.opcionempleo.com.ar/jobad/ar2525ad6283a9b9ab11f1962ca6636f3d,0.011223115691750685,es
962,workana::disenador-y-programador-web-experto-en-wordpress-y-crm-para-sitios-de-alta-conversion,workana,Diseñador y Programador Web Experto en Wordpress y Crm para Sitios de Alta Conversión,Freelancer A. M.,Data Scientist,Argentina,Remoto,https://www.workana.com/job/disenador-y-programador-web-experto-en-wordpress-y-crm-para-sitios-de-alta-conversion,0.011180330015184908,es
963,linkedin::4400383302,linkedin,BI Analyst,Rovia Clinical Research,BI / Analytics,Estados Unidos,,https://www.linkedin.com/jobs/view/4400383302,0.011142741327570786,en
964,linkedin::4383170657,linkedin,"VP, Controller",MGT,Control de Gestión,Estados Unidos,,https://www.linkedin.com/jobs/view/4383170657,0.011046310339786928,en
965,linkedin::4395424511,linkedin,Full Stack Engineer (Senior) ID55910,AgileEngine,Python Developer,"Rosario, Santa Fe",,https://www.linkedin.com/jobs/view/4395424511,0.01103660199623787,en
966,linkedin::4356048880,linkedin,Data Scientist 5 - Availability,Netflix,Data Scientist,Estados Unidos,,https://www.linkedin.com/jobs/view/4356048880,0.010977156815190375,en
967,linkedin::4388205374,linkedin,Retail Logistics Manager,Skylight,Supply Chain,Estados Unidos,,https://www.linkedin.com/jobs/view/4388205374,0.010969402020093687,en
968,linkedin::4390173336,linkedin,"Manager, Analytics and Optimization - Client Care",CHANEL,Continuous Improvement,"Municipio de Piscataway, Nueva Jersey, Estados Unidos",,https://www.linkedin.com/jobs/view/4390173336,0.01096596320726858,en
969,bumeran::1118187968,bumeran,Asistente Junior de Finanzas y Administración,MARIA EUGENIA SILVESTRI,Finanzas / CAPEX,CABA,Híbrido,https://www.bumeran.com.ar/empleos/asistente-junior-de-finanzas-y-administracion-maria-eugenia-silvestri-1118187968.html,0.010959139777901614,es
970,linkedin::4397889603,linkedin,Controller,Teck Resources Limited,Control de Gestión,"Anchorage, Alaska, Estados Unidos",,https://www.linkedin.com/jobs/view/4397889603,0.010827148177605992,en
971,linkedin::4366210595,linkedin,Machine Learning Engineer / Data Scientist,Fusemachines,Data Scientist,"Nueva York, Nueva York, Estados Unidos",,https://www.linkedin.com/jobs/view/4366210595,0.010812987650134344,en
972,opcionempleo::77173,opcionempleo,Intelligence Manager Latin America - NRR 4434 (Buenos Aires),Accenture,BI / Analytics,Buenos Aires,,https://www.opcionempleo.com.ar/jobad/ard5fa3aafb14f77173f558caaf648fb48,0.010755413802964114,en
973,linkedin::4379457460,linkedin,Controller - Remote (Multi-Client Experience Required),The RMG Group,Control de Gestión,Estados Unidos,,https://www.linkedin.com/jobs/view/4379457460,0.010740701719893143,en
974,linkedin::4391913580,linkedin,Industrial Engineer - AI Trainer,DataAnnotation,Ingeniero Industrial,"Montana, Estados Unidos",,https://www.linkedin.com/jobs/view/4391913580,0.01073941798308569,en
975,linkedin::4400269048,linkedin,Chief Executive Officer,Bellevue Talent Partners,Supply Chain,Estados Unidos,,https://www.linkedin.com/jobs/view/4400269048,0.010726613164329211,en
976,linkedin::4398136132,linkedin,Junior Data Analyst,SolarWinds,Python Developer,"Texas, Estados Unidos",,https://www.linkedin.com/jobs/view/4398136132,0.01071292850973867,en
977,linkedin::4399470523,linkedin,Senior AI/ML Engineer (On-Premise + Tabular Data) - Remote - Latin America,FullStack,Data Scientist,"Rosario, Santa Fe",,https://www.linkedin.com/jobs/view/4399470523,0.010712790519982213,en
978,opcionempleo::094643,opcionempleo,New Business Intake Analyst,Baker McKenzie,BI / Analytics,Argentina,,https://www.opcionempleo.com.ar/jobad/ar72b199a6fcadf67e094643bed2042b50,0.010691289500410244,en
979,opcionempleo::25725,opcionempleo,"Senior Api Engineer (.Net, Graphql) - Azure - English Required",DaCodes,Continuous Improvement,"San Isidro, Catamarca",,https://www.opcionempleo.com.ar/jobad/ar25725d13e7248ea9775e82a2ddd0aee2,0.010604979101447741,en
980,opcionempleo::jobadar8590e76ae4e50c2aca4546c3fb8d53d5,opcionempleo,New Business Intake Analyst (Buenos Aires),Baker & McKenzie Rechtsanwaltsgesellschaft mbH,BI / Analytics,Buenos Aires,,https://www.opcionempleo.com.ar/jobad/ar8590e76ae4e50c2aca4546c3fb8d53d5,0.010570100361091486,en
981,linkedin::4400637510,linkedin,Senior EDI Integration Engineer - Remote - Latin America,FullStack,Data Scientist,"Rosario, Santa Fe",,https://www.linkedin.com/jobs/view/4400637510,0.01055672410149207,en
982,opcionempleo::496575728,opcionempleo,New Business Intake Analyst (Buenos Aires),B&M Global Services Manila,BI / Analytics,Buenos Aires,,https://www.opcionempleo.com.ar/jobad/ar2ed496575728ecb9e1a36b5c48171350,0.01055157531690918,en
983,opcionempleo::063892,opcionempleo,Growth Business Consulting,Havas Argentina,BI / Analytics,Santa Fe,,https://www.opcionempleo.com.ar/jobad/ar14dff063892ac1db3ae114c07b2efec1,0.01053595939540197,en
984,linkedin::4394779364,linkedin,"Director, Strategy and Operations",Jobgether,Supply Chain,Estados Unidos,,https://www.linkedin.com/jobs/view/4394779364,0.010446246306571452,en
985,linkedin::4361297788,linkedin,Senior DevOps Engineer - Remote - Latin America,FullStack,Python Developer,"Rosario, Santa Fe",,https://www.linkedin.com/jobs/view/4361297788,0.010280879455204952,en
986,linkedin::4393226304,linkedin,Senior AI Engineer - Remote - Latin America,FullStack,Python Developer,"Rosario, Santa Fe",,https://www.linkedin.com/jobs/view/4393226304,0.010248660080909161,en
987,linkedin::4397618634,linkedin,Data Scientist,HSO,Python Developer,"Nueva York, Estados Unidos",,https://www.linkedin.com/jobs/view/4397618634,0.010221472590807888,en
988,linkedin::4397140859,linkedin,Junior Staff Accountant,Six Red Marbles,Excel / VBA,Estados Unidos,,https://www.linkedin.com/jobs/view/4397140859,0.010167785043457743,en
989,linkedin::4390755640,linkedin,Software Engineer ID55640,AgileEngine,Python Developer,"Rosario, Santa Fe",,https://www.linkedin.com/jobs/view/4390755640,0.010141288286118075,en
990,linkedin::4393209732,linkedin,BI Engineer (Oracle Fusion Reporting) - Remote - Latin America,FullStack,BI / Analytics,"Rosario, Santa Fe",,https://www.linkedin.com/jobs/view/4393209732,0.010094624643197405,en
991,opcionempleo::42606,opcionempleo,Paid Search Manager: Lead High-Impact Campaigns,Brainlabs,Continuous Improvement,"Godoy Cruz, Mendoza",,https://www.opcionempleo.com.ar/jobad/ar75b4f98babd848fab9db398a08f42606,0.0099842682277592,en
992,linkedin::4398206995,linkedin,CX Project Manager (Genesys Cloud experience),Miratech,Excel / VBA,"Rosario, Santa Fe",,https://www.linkedin.com/jobs/view/4398206995,0.009960108254164346,en
993,linkedin::4391234785,linkedin,Python Scientific Software Engineer Remote,Mercor,Python Developer,"San Francisco, California, Estados Unidos",,https://www.linkedin.com/jobs/view/4391234785,0.009943527632442408,en
994,linkedin::4399108032,linkedin,Data Analys (Entry / Junior),BK Giulini Food Specialties,Python Developer,Estados Unidos,,https://www.linkedin.com/jobs/view/4399108032,0.009890010600708002,en
995,linkedin::4387609920,linkedin,Senior QA Automation Engineer (Playwright) - Remote - Latin America,FullStack,Python Developer,"Rosario, Santa Fe",,https://www.linkedin.com/jobs/view/4387609920,0.00983103911868215,en
996,linkedin::4360613675,linkedin,Corporate Controller,Figure,Control de Gestión,Estados Unidos,,https://www.linkedin.com/jobs/view/4360613675,0.009802381107456057,en
997,linkedin::4400609636,linkedin,"Director, Logistics Operations",Mondelēz International,Supply Chain,"Texas, Estados Unidos",,https://www.linkedin.com/jobs/view/4400609636,0.009774882878252941,en
998,linkedin::4395146682,linkedin,Industrial Engineer,CareerUS Solutions,Ingeniero Industrial,Estados Unidos,,https://www.linkedin.com/jobs/view/4395146682,0.009765364194041299,en
999,linkedin::4371458196,linkedin,Senior Business Development Manager (Airfreight),DHL,Supply Chain,"Portland y alrededores, Oregón",,https://www.linkedin.com/jobs/view/4371458196,0.009717464865967316,en
1000,linkedin::4400962618,linkedin,Python Developer,Alignerr,Python Developer,"Seattle, Washington, Estados Unidos",,https://www.linkedin.com/jobs/view/4400962618,0.009686505078364816,en
1001,linkedin::4393580956,linkedin,Director of Operations Strategy and Continuous Improvement,Symbotic,Continuous Improvement,Estados Unidos,,https://www.linkedin.com/jobs/view/4393580956,0.009579244908276678,en
1002,linkedin::4394490170,linkedin,Data Engineer (FinOps) ID56348,AgileEngine,Python Developer,"Rosario, Santa Fe",,https://www.linkedin.com/jobs/view/4394490170,0.009576066244909982,en
1003,linkedin::4390386484,linkedin,"Data Scientist, Innovation Lab - Remote",Experian,Data Scientist,Estados Unidos,,https://www.linkedin.com/jobs/view/4390386484,0.009538154016705979,en
1004,linkedin::4400590599,linkedin,Supply Chain Analyst (Remote),"Schepmont Group, LLC",Excel / VBA,"Austin, Texas, Estados Unidos",,https://www.linkedin.com/jobs/view/4400590599,0.009530622659936639,en
1005,linkedin::4383322483,linkedin,Data Reporting Analyst (HealthTech),AssistRx,BI / Analytics,"Orlando, Florida, Estados Unidos",,https://www.linkedin.com/jobs/view/4383322483,0.00946817311795505,en
1006,linkedin::4399471349,linkedin,Full Stack Engineer (Healthcare Data & AI) MS051SG,Coderio | Software Company,Data Scientist,"Rosario, Santa Fe",,https://www.linkedin.com/jobs/view/4399471349,0.009404235080436687,en
1007,linkedin::4387099171,linkedin,Controller,Section,Control de Gestión,Estados Unidos,,https://www.linkedin.com/jobs/view/4387099171,0.00936299099386358,en
1008,opcionempleo::3578035,opcionempleo,CIB Business Support Management - Sr Associate,JPMorgan Chase,BI / Analytics,Buenos Aires,,https://www.opcionempleo.com.ar/jobad/ar4a496aae1bfb1b8f161c3578035fdecd,0.009351720674150311,en
1009,linkedin::4385266647,linkedin,Data Engineer (Senior) ID53687,AgileEngine,Data Scientist,"Rosario, Santa Fe",,https://www.linkedin.com/jobs/view/4385266647,0.009309112869694198,en
1010,linkedin::4398581554,linkedin,Manufacturing Engineer (Electrical),"Crown Holdings, Inc.",Ingeniero Industrial,Estados Unidos,,https://www.linkedin.com/jobs/view/4398581554,0.009296274460737004,en
1011,linkedin::4389586776,linkedin,"Senior Analyst, Data & Insights",Navi,BI / Analytics,Estados Unidos,,https://www.linkedin.com/jobs/view/4389586776,0.009293944246632465,en
1012,linkedin::4361490749,linkedin,Warehouse Solutions Design Engineer,CEVA Logistics,Ingeniero Industrial,Estados Unidos,,https://www.linkedin.com/jobs/view/4361490749,0.009251027359598384,en
1013,opcionempleo::jobadar8969b3dcc6c0b7bc21e83d63de3262d9,opcionempleo,Associate Business Intelligence Developer (Buenos Aires),Assurant,BI / Analytics,Buenos Aires,,https://www.opcionempleo.com.ar/jobad/ar8969b3dcc6c0b7bc21e83d63de3262d9,0.009250714201594882,en
1014,linkedin::4386589531,linkedin,Controller (Fractional),Panoptyc,Control de Gestión,"California, Estados Unidos",,https://www.linkedin.com/jobs/view/4386589531,0.00921574612928764,en
1015,linkedin::4396052757,linkedin,"Sr Director, Integrated Supply Chain Operations",Honeywell,Supply Chain,Estados Unidos,,https://www.linkedin.com/jobs/view/4396052757,0.009176537118503669,en
1016,linkedin::4390287290,linkedin,BI Analyst,Eliassen Group,BI / Analytics,Estados Unidos,,https://www.linkedin.com/jobs/view/4390287290,0.009166876723090672,en
1017,linkedin::4398092352,linkedin,Financial Analyst,BGB Group,Excel / VBA,Nueva York y alrededores,,https://www.linkedin.com/jobs/view/4398092352,0.009166744188718746,en
1018,opcionempleo::230729,opcionempleo,Sec Manager,dLocal,Continuous Improvement,Buenos Aires,,https://www.opcionempleo.com.ar/jobad/arb230729a5f763bba626d0f2ee49d014e,0.00913332650756471,en
1019,linkedin::4381117186,linkedin,Senior iOS Developer,Miratech,Python Developer,"Rosario, Santa Fe",,https://www.linkedin.com/jobs/view/4381117186,0.009053660378431581,en
1020,linkedin::4385279008,linkedin,Technical Support Engineer ID53664,AgileEngine,Continuous Improvement,"Rosario, Santa Fe",,https://www.linkedin.com/jobs/view/4385279008,0.009023493350792753,en
1021,linkedin::4383763103,linkedin,"Process Improvement, Project Manager",KPI Solutions,Continuous Improvement,Estados Unidos,,https://www.linkedin.com/jobs/view/4383763103,0.00901216800630837,en
1022,linkedin::4390499354,linkedin,Director of Operations,Skills Alliance,Continuous Improvement,Estados Unidos,,https://www.linkedin.com/jobs/view/4390499354,0.009007031639764098,en
1023,linkedin::4388309792,linkedin,ML Quality Assurance Engineer,Derq,Data Scientist,"Rosario, Santa Fe",,https://www.linkedin.com/jobs/view/4388309792,0.008956268268184114,en
1024,linkedin::4299622703,linkedin,Manufacturing Solutions Engineer,Xometry,Ingeniero Industrial,"Sacramento, California, Estados Unidos",,https://www.linkedin.com/jobs/view/4299622703,0.008904067454075407,en
1025,linkedin::4391888752,linkedin,Water Treatment Process Engineer,Apex Companies,Ingeniero Industrial,Estados Unidos,,https://www.linkedin.com/jobs/view/4391888752,0.00890012841701232,en
1026,linkedin::4389809541,linkedin,Full Stack Engineer ID55426,AgileEngine,Continuous Improvement,"Rosario, Santa Fe",,https://www.linkedin.com/jobs/view/4389809541,0.008886127257757951,en
1027,opcionempleo::69137,opcionempleo,Sales Account Executive,Making Sense,Continuous Improvement,Mendoza,,https://www.opcionempleo.com.ar/jobad/arf69137d28e3d1c44682a234c6b685a44,0.008867288483535286,en
1028,linkedin::4394781539,linkedin,"Director, Global People Operations",Jobgether,Continuous Improvement,Estados Unidos,,https://www.linkedin.com/jobs/view/4394781539,0.008849784999858334,en
1029,linkedin::4377642832,linkedin,BI Report Developer,Kobie,BI / Analytics,"Detroit, Michigan, Estados Unidos",,https://www.linkedin.com/jobs/view/4377642832,0.008772019447677385,en
1030,linkedin::4400238719,linkedin,Transportation Coordinator,FuseGlobal,Supply Chain,Estados Unidos,,https://www.linkedin.com/jobs/view/4400238719,0.008736381225206312,en
1031,linkedin::4390614438,linkedin,Data Analyst (Tableau) - Remote - Latin America,FullStack,Data Scientist,"Rosario, Santa Fe",,https://www.linkedin.com/jobs/view/4390614438,0.008725634113763845,en
1032,linkedin::4372911235,linkedin,Machine Learning Engineer (Databricks + MLOps) - Remote - Latin America,FullStack,Data Scientist,"Rosario, Santa Fe",,https://www.linkedin.com/jobs/view/4372911235,0.008695928517607934,en
1033,linkedin::4370192809,linkedin,Lead Data Engineer,Launch Potato,BI / Analytics,"Rosario, Santa Fe",,https://www.linkedin.com/jobs/view/4370192809,0.008674091921758236,en
1034,linkedin::4370188995,linkedin,Senior Data Engineer,Launch Potato,Data Scientist,"Rosario, Santa Fe",,https://www.linkedin.com/jobs/view/4370188995,0.008674091921758236,en
1035,linkedin::4388981860,linkedin,Software Engineer (C#/.NET) ID53668,AgileEngine,Data Scientist,"Rosario, Santa Fe",,https://www.linkedin.com/jobs/view/4388981860,0.008641514700248806,en
1036,linkedin::4371033369,linkedin,AI Machine Learning Engineer - Remote - Latin America,FullStack,Data Scientist,"Rosario, Santa Fe",,https://www.linkedin.com/jobs/view/4371033369,0.008626019156537981,en
1037,workana::desarrollo-de-maquetacion-web-para-proyectos-de-programacion-inicial,workana,Desarrollo de Maquetación Web para Proyectos de Programación Inicial,Freelancer J. Y.,Data Scientist,Argentina,Remoto,https://www.workana.com/job/desarrollo-de-maquetacion-web-para-proyectos-de-programacion-inicial,0.00861770977870588,es
1038,linkedin::4393588650,linkedin,Senior Data Engineer - Remote - Latin America,FullStack,Data Scientist,"Rosario, Santa Fe",,https://www.linkedin.com/jobs/view/4393588650,0.008617130350855822,en
1039,linkedin::4378392264,linkedin,Controller (Remote),ZestyAI,Control de Gestión,"Chicago, Illinois, Estados Unidos",,https://www.linkedin.com/jobs/view/4378392264,0.008552076710429037,en
1040,linkedin::4385751007,linkedin,"Senior Director, Continuous Improvement and Strategic Planning",Independence Pet Group,Continuous Improvement,"Illinois, Estados Unidos",,https://www.linkedin.com/jobs/view/4385751007,0.008547707342926238,en
1041,opcionempleo::jobadar0f6d32f45c7dedd07bc0fa5245db695e,opcionempleo,CIB Business Support Management - Sr Associate (Buenos Aires),JPMorgan Chase,BI / Analytics,Buenos Aires,,https://www.opcionempleo.com.ar/jobad/ar0f6d32f45c7dedd07bc0fa5245db695e,0.008513069284038171,en
1042,linkedin::4395448827,linkedin,FP&A Analyst,Forbes Advisor,BI / Analytics,"Wilmington, Delaware, Estados Unidos",,https://www.linkedin.com/jobs/view/4395448827,0.008421395333865473,en
1043,linkedin::4398532327,linkedin,Lead Data Scientist - GenAI,Tiger Analytics,Data Scientist,"Texas, Estados Unidos",,https://www.linkedin.com/jobs/view/4398532327,0.008410944226996384,en
1044,linkedin::4398560068,linkedin,Procurement Specialist,LifeMD,Supply Chain,"Lancaster, Pennsylvania, Estados Unidos",,https://www.linkedin.com/jobs/view/4398560068,0.00841014650629815,en
1045,linkedin::4400564087,linkedin,Junior Supply Chain Analyst,Helic & Co.,Excel / VBA,Estados Unidos,,https://www.linkedin.com/jobs/view/4400564087,0.008372185778744462,en
1046,linkedin::4342493404,linkedin,Engineer - Industrial,Wesco,Ingeniero Industrial,"Cranbury, Nueva Jersey, Estados Unidos",,https://www.linkedin.com/jobs/view/4342493404,0.008369817573960325,en
1047,linkedin::4400546561,linkedin,Supply Chain Administrator,Ampacity,Supply Chain,"Kosciusko, Mississippi, Estados Unidos",,https://www.linkedin.com/jobs/view/4400546561,0.008264502748369738,en
1048,linkedin::4395992514,linkedin,HR People Operations Specialist,Jobgether,Continuous Improvement,Estados Unidos,,https://www.linkedin.com/jobs/view/4395992514,0.008226620083197978,en
1049,opcionempleo::425623,opcionempleo,Business Intelligence Analyst,Assurant,BI / Analytics,Buenos Aires,,https://www.opcionempleo.com.ar/jobad/ar079ff78fbe9b32b5f9c425623a442391,0.008210556619890147,en
1050,linkedin::4399414353,linkedin,Mobile & Full Stack Engineer DF041LG,Coderio | Software Company,BI / Analytics,"Rosario, Santa Fe",,https://www.linkedin.com/jobs/view/4399414353,0.00819587694036628,en
1051,linkedin::4394974313,linkedin,Mobile & Full Stack Engineer Sr. DF041LG,Coderio | Software Company,BI / Analytics,"Rosario, Santa Fe",,https://www.linkedin.com/jobs/view/4394974313,0.00819587694036628,en
1052,linkedin::4400336726,linkedin,Technical Support Engineer ID54393,AgileEngine,Python Developer,"Rosario, Santa Fe",,https://www.linkedin.com/jobs/view/4400336726,0.008158165189705175,en
1053,linkedin::4388384124,linkedin,"Vice President, Operations",CyberSheath,Continuous Improvement,Estados Unidos,,https://www.linkedin.com/jobs/view/4388384124,0.008151274418945142,en
1054,linkedin::4391947522,linkedin,Associate Data Analyst,Greenlight,BI / Analytics,Atlanta y alrededores,,https://www.linkedin.com/jobs/view/4391947522,0.008086790104672184,en
1055,opcionempleo::278569,opcionempleo,Python Sr Developer Remoto Amba,Werben HR,Continuous Improvement,Buenos Aires,,https://www.opcionempleo.com.ar/jobad/arc278569cc58d8b2daede0b3ef72fa207,0.008083998374836358,en
1056,linkedin::4397565906,linkedin,Senior Data Scientist,Outdoorsy,Data Scientist,"Austin, Texas, Estados Unidos",,https://www.linkedin.com/jobs/view/4397565906,0.00806961991198292,en
1057,linkedin::4399894997,linkedin,Energy Efficiency Project Engineer,Resource Innovations,Ingeniero Industrial,"Evansville, Indiana, Estados Unidos",,https://www.linkedin.com/jobs/view/4399894997,0.008055917584380077,en
1058,opcionempleo::jobadar7fe01bc35f896dcb83bbf9ec16cabfcd,opcionempleo,Freelance Product Manager (Buenos Aires),WPP Production,Continuous Improvement,Buenos Aires,,https://www.opcionempleo.com.ar/jobad/ar7fe01bc35f896dcb83bbf9ec16cabfcd,0.008049170342391498,en
1059,linkedin::4397569145,linkedin,Controller,Atlas Search,Control de Gestión,"Nueva York, Nueva York, Estados Unidos",,https://www.linkedin.com/jobs/view/4397569145,0.007808865634012108,en
1060,linkedin::4381053083,linkedin,Strategy Analyst,Libra Solutions,BI / Analytics,Estados Unidos,,https://www.linkedin.com/jobs/view/4381053083,0.007801064799098493,en
1061,linkedin::4371038757,linkedin,Head of Business Analytics,Libsyn,BI / Analytics,Estados Unidos,,https://www.linkedin.com/jobs/view/4371038757,0.007792260223118402,en
1062,linkedin::4388136394,linkedin,Controller,W3Global,Control de Gestión,Estados Unidos,,https://www.linkedin.com/jobs/view/4388136394,0.007780075758938409,en
1063,linkedin::4398419286,linkedin,Business Process Analyst,Randstad Enterprise,Excel / VBA,Estados Unidos,,https://www.linkedin.com/jobs/view/4398419286,0.007748359015451536,en
1064,linkedin::4398714431,linkedin,Salesforce Junior Engineer | Rosario | Remote,OpsArmy Careers,Python Developer,"Rosario, Santa Fe",,https://www.linkedin.com/jobs/view/4398714431,0.007695117057350263,en
1065,linkedin::4348571084,linkedin,Analytics Engineer 5 - Media Science Data Science & Engineering,Netflix,Data Scientist,Estados Unidos,,https://www.linkedin.com/jobs/view/4348571084,0.007694448688465118,en
1066,linkedin::4400987641,linkedin,Business Analys (Entry-Level / Associate),BK Giulini Food Specialties,Excel / VBA,Estados Unidos,,https://www.linkedin.com/jobs/view/4400987641,0.007665932455386092,en
1067,linkedin::4392434867,linkedin,UI/UX Designer (Senior) ID55058,AgileEngine,Continuous Improvement,"Rosario, Santa Fe",,https://www.linkedin.com/jobs/view/4392434867,0.0075899498196236575,en
1068,linkedin::4393516303,linkedin,Data Scientist (Python & SQL) - Freelance AI Trainer,Mindrift,Python Developer,"Colorado, Estados Unidos",,https://www.linkedin.com/jobs/view/4393516303,0.0075571297542416545,en
1069,linkedin::4393521078,linkedin,Freelance Data Science Engineer (Python & SQL),Mindrift,Python Developer,"Michigan, Estados Unidos",,https://www.linkedin.com/jobs/view/4393521078,0.0075571297542416545,en
1070,linkedin::4393516315,linkedin,Data Scientist (Python & SQL) - Freelance AI Trainer,Mindrift,Data Scientist,"Missouri, Estados Unidos",,https://www.linkedin.com/jobs/view/4393516315,0.0075571297542416545,en
1071,linkedin::4387490833,linkedin,Data Scientist,HireTalent - Staffing & Recruiting Firm,Data Scientist,Estados Unidos,,https://www.linkedin.com/jobs/view/4387490833,0.007554754169749314,en
1072,linkedin::4397742468,linkedin,AI/ML Engineering,Daice Labs,Python Developer,Estados Unidos,,https://www.linkedin.com/jobs/view/4397742468,0.00754185827750737,en
1073,linkedin::4398550090,linkedin,Senior Data Scientist - Demand Planning & Forecasting,Tiger Analytics,Data Scientist,Estados Unidos,,https://www.linkedin.com/jobs/view/4398550090,0.0075281677749234124,en
1074,opcionempleo::jobadar7bcf30d4b8c6d91d4ad052d58bb436c5,opcionempleo,Program Improvement Lead - Ey Global Delivery Services (Buenos Aires),EY,Continuous Improvement,Buenos Aires,,https://www.opcionempleo.com.ar/jobad/ar7bcf30d4b8c6d91d4ad052d58bb436c5,0.00748960504505457,en
1075,linkedin::4388475684,linkedin,Controller,Omatic,Control de Gestión,"Mount Pleasant, Carolina del Sur, Estados Unidos",,https://www.linkedin.com/jobs/view/4388475684,0.007424971953926067,en
1076,workana::desarrollo-de-aplicacion-web-para-transcripcion-y-minutado-automatico-de-reuniones-con-ia,workana,Desarrollo de Aplicación Web para Transcripción y Minutado Automático de Reuniones con Ia,Freelancer Sergio V.,Data Scientist,Argentina,Remoto,https://www.workana.com/job/desarrollo-de-aplicacion-web-para-transcripcion-y-minutado-automatico-de-reuniones-con-ia,0.0073160744525484975,es
1077,linkedin::4400951296,linkedin,Freelance Supply Chain Consultant - AI Trainer,Mindrift,Supply Chain,"Florida, Estados Unidos",,https://www.linkedin.com/jobs/view/4400951296,0.007303209682539046,en
1078,linkedin::4398525996,linkedin,Business Analyst,Syner-G,Excel / VBA,Estados Unidos,,https://www.linkedin.com/jobs/view/4398525996,0.007274084747850018,en
1079,linkedin::4315307232,linkedin,Agentic Ruby on Rails Engineer - Remote - Latin America,FullStack,Python Developer,"Rosario, Santa Fe",,https://www.linkedin.com/jobs/view/4315307232,0.007244135654441445,en
1080,opcionempleo::89828,opcionempleo,Business Development & Research Associate (Buenos Aires),Pearl Talent,BI / Analytics,Buenos Aires,,https://www.opcionempleo.com.ar/jobad/arb7cc89828d2372ff75e18ca60cd2b7ae,0.007243436699166179,en
1081,linkedin::4395455450,linkedin,Controller - Remote,Engine Room,Control de Gestión,"Pleasanton, California, Estados Unidos",,https://www.linkedin.com/jobs/view/4395455450,0.007211122168743061,en
1082,linkedin::4387992853,linkedin,Agentic Elixir Engineer - Remote - Latin America,FullStack,Python Developer,"Rosario, Santa Fe",,https://www.linkedin.com/jobs/view/4387992853,0.007192822705616235,en
1083,linkedin::4338973830,linkedin,Process Engineer (PCBA) - Bilingual (Mandarin/English),BITMAIN,Ingeniero Industrial,Estados Unidos,,https://www.linkedin.com/jobs/view/4338973830,0.0071710773956069045,en
1084,opcionempleo::5127196582,opcionempleo,OSINT Researcher (Strategic Outreach & Lead Intelligence),IBMC,BI / Analytics,Argentina,,https://www.opcionempleo.com.ar/jobad/arb1ad007cd622a162c5127196582e713c,0.007138458587981433,en
1085,linkedin::4373451750,linkedin,Data Scientist (L5) - Content Promotion & Discovery Performance,Netflix,Data Scientist,Estados Unidos,,https://www.linkedin.com/jobs/view/4373451750,0.007135167808617442,en
1086,linkedin::4385456837,linkedin,Python Developer [Job ID 20260319],Phoenix Cyber,Python Developer,"Phoenix, Arizona, Estados Unidos",,https://www.linkedin.com/jobs/view/4385456837,0.007117905651338827,en
1087,linkedin::4398638617,linkedin,"Senior Director, Enterprise Transformation & Process Excellence",Zendesk,Continuous Improvement,"Ohio, Estados Unidos",,https://www.linkedin.com/jobs/view/4398638617,0.006991813497351458,en
1088,linkedin::4385874824,linkedin,"Data Analyst, Product",GitLab,BI / Analytics,Estados Unidos,,https://www.linkedin.com/jobs/view/4385874824,0.0069882695023842775,en
1089,linkedin::4400927955,linkedin,Python Developer Intern,"TechFlow, Inc.",Python Developer,"Washington, Distrito de Columbia, Estados Unidos",,https://www.linkedin.com/jobs/view/4400927955,0.006967655911667414,en
1090,linkedin::4379104545,linkedin,"Manager, Controller",Acclarity,Control de Gestión,Estados Unidos,,https://www.linkedin.com/jobs/view/4379104545,0.006962357493157668,en
1091,linkedin::4394770934,linkedin,Controller,Jobgether,Control de Gestión,Estados Unidos,,https://www.linkedin.com/jobs/view/4394770934,0.006946478731828332,en
1092,opcionempleo::20503699,opcionempleo,Business Intelligence Specialist,Assurant,BI / Analytics,Buenos Aires,,https://www.opcionempleo.com.ar/jobad/ar20503699f1ee07259abfb3a833131385,0.006933824449679658,en
1093,linkedin::4384827695,linkedin,Controller (Part-Time),Specific Gravity Group,Control de Gestión,Estados Unidos,,https://www.linkedin.com/jobs/view/4384827695,0.006878536717087267,en
1094,opcionempleo::23835,opcionempleo,"Intern, Forensic Investigations and Intelligence (Buenos Aires)",Kroll,BI / Analytics,Buenos Aires,,https://www.opcionempleo.com.ar/jobad/ar7d5f23835b22a9fc02f820bf22034af7,0.006731432747752711,en
1095,linkedin::4348419825,linkedin,Data Scientist 4/5 - Identity DSE,Netflix,Data Scientist,Estados Unidos,,https://www.linkedin.com/jobs/view/4348419825,0.006687345223062275,en
1096,opcionempleo::39356,opcionempleo,Senior Services Advisor - Remote,Sovos,Continuous Improvement,"Pilar, Provincia de Buenos Aires",,https://www.opcionempleo.com.ar/jobad/arad30a8a7dca3869cc3da1733f39356a4,0.0066865138334261665,en
1097,linkedin::4385602936,linkedin,Data Scientist (AI) Talent Pool,MBO Partners,Data Scientist,Estados Unidos,,https://www.linkedin.com/jobs/view/4385602936,0.00667516679021275,en
1098,linkedin::4398528933,linkedin,Head of Data Platform & Reporting,829 Studios,Continuous Improvement,Estados Unidos,,https://www.linkedin.com/jobs/view/4398528933,0.0066464160171347784,en
1099,linkedin::4399895609,linkedin,Data Science -Intern,Sparksoft Corporation,Python Developer,Estados Unidos,,https://www.linkedin.com/jobs/view/4399895609,0.0066375013925024946,en
1100,linkedin::4391243246,linkedin,Business Intelligence Analyst,Foxhole Technology,BI / Analytics,"Arlington, Virginia, Estados Unidos",,https://www.linkedin.com/jobs/view/4391243246,0.006634245690408616,en
1101,linkedin::4379503918,linkedin,Business Strategy-Continuous Improvement,Microsoft,Continuous Improvement,Estados Unidos,,https://www.linkedin.com/jobs/view/4379503918,0.0065883985586366895,en
1102,linkedin::4389321925,linkedin,Supply Chain Director,Ogee,Supply Chain,Estados Unidos,,https://www.linkedin.com/jobs/view/4389321925,0.006587462087209523,en
1103,linkedin::4388298240,linkedin,Controller,The Bulwark,Control de Gestión,"Washington, Distrito de Columbia, Estados Unidos",,https://www.linkedin.com/jobs/view/4388298240,0.006530885029998411,en
1104,linkedin::4382709503,linkedin,Sourcing Analyst,Owlet Baby Care,Continuous Improvement,Estados Unidos,,https://www.linkedin.com/jobs/view/4382709503,0.006521491991903749,en
1105,linkedin::4398225617,linkedin,Controller,Jobot,Control de Gestión,"Tampa, Florida, Estados Unidos",,https://www.linkedin.com/jobs/view/4398225617,0.006495243984968714,en
1106,opcionempleo::jobadar4ba5389bd41c9da1c9507bbae7416d79,opcionempleo,Sr. Cro Specialist,Trafilea,Continuous Improvement,Buenos Aires,,https://www.opcionempleo.com.ar/jobad/ar4ba5389bd41c9da1c9507bbae7416d79,0.006476302874960921,en
1107,linkedin::4398557857,linkedin,Business Analyst,The Allan Sullivan Co.,Excel / VBA,Chicago y alrededores,,https://www.linkedin.com/jobs/view/4398557857,0.006427246718376795,en
1108,opcionempleo::jobadarccda46c058f5bb48fb62ceee8c413d5c,opcionempleo,"Sr. Manager, Sourcing Risk & Compliance - Uk/Latam/Greece",Kps Life,Continuous Improvement,Buenos Aires,,https://www.opcionempleo.com.ar/jobad/arccda46c058f5bb48fb62ceee8c413d5c,0.006422112861498153,en
1109,linkedin::4395985079,linkedin,Administrative Assistant - HOA,Jobgether,Excel / VBA,Estados Unidos,,https://www.linkedin.com/jobs/view/4395985079,0.006379873660647674,en
1110,opcionempleo::57889,opcionempleo,Startup / High Growth Business Attorney - Assistant (Buenos Aires),JPMorganChase,BI / Analytics,Buenos Aires,,https://www.opcionempleo.com.ar/jobad/ar57889ae63e3f36a13609134516ed3028,0.00633617962954681,en
1111,linkedin::4384105062,linkedin,"Analyst, YouTube Intelligence",MrBeast,BI / Analytics,Estados Unidos,,https://www.linkedin.com/jobs/view/4384105062,0.006332815617073724,en
1112,linkedin::4398189712,linkedin,Director of Business Intelligence,CD Baby,BI / Analytics,"Nueva York, Nueva York, Estados Unidos",,https://www.linkedin.com/jobs/view/4398189712,0.0063327767549787636,en
1113,opcionempleo::jobadarc44ccafd208c70ef278c9386c5871cbc,opcionempleo,"Startup / High Growth Business Attorney - Assistant Vice President, Senior Counsel (Buenos Aires)",JPMorganChase,BI / Analytics,Buenos Aires,,https://www.opcionempleo.com.ar/jobad/arc44ccafd208c70ef278c9386c5871cbc,0.006323633304783784,en
1114,linkedin::4382524355,linkedin,Data Scientist 5 - Member Value Research,Netflix,Data Scientist,Estados Unidos,,https://www.linkedin.com/jobs/view/4382524355,0.006225277880854757,en
1115,linkedin::4398418388,linkedin,Controller,MarketPlace 4 Insurance,Control de Gestión,Estados Unidos,,https://www.linkedin.com/jobs/view/4398418388,0.0062035022297484525,en
1116,linkedin::4394938928,linkedin,Clinical Operations Specialist,Cofertility,Excel / VBA,Estados Unidos,,https://www.linkedin.com/jobs/view/4394938928,0.006191711315892363,en
1117,linkedin::4383749734,linkedin,Logistics Associate,CURE,Supply Chain,"Nueva York, Estados Unidos",,https://www.linkedin.com/jobs/view/4383749734,0.006156156602695848,en
1118,linkedin::4361492622,linkedin,Data Scientist Analyst,MedReview Inc.,Data Scientist,"Austin, Texas, Estados Unidos",,https://www.linkedin.com/jobs/view/4361492622,0.006116073466193635,en
1119,linkedin::4387777051,linkedin,"Senior Vice President, Care Delivery",Wheel,Continuous Improvement,Estados Unidos,,https://www.linkedin.com/jobs/view/4387777051,0.006114392412559025,en
1120,workana::desarrollador-mobile-ios-android-para-infinity-evolution-app-con-smart-pen-bluetooth,workana,Desarrollador Mobile (Ios + Android) para Infinity Evolution: App con Smart Pen Bluetooth,Freelancer M. B.,Data Scientist,Argentina,Remoto,https://www.workana.com/job/desarrollador-mobile-ios-android-para-infinity-evolution-app-con-smart-pen-bluetooth,0.0061094887758874755,es
1121,linkedin::4395469848,linkedin,Industrial Engineer,"PECO Pallet, Inc.",Ingeniero Industrial,Estados Unidos,,https://www.linkedin.com/jobs/view/4395469848,0.006079172261194987,en
1122,linkedin::4383298355,linkedin,Retail Industrial Engineer,SpartanNash,Ingeniero Industrial,"Byron Center, Michigan, Estados Unidos",,https://www.linkedin.com/jobs/view/4383298355,0.006006051928706659,en
1123,opcionempleo::675878,opcionempleo,Excel Modelling Consultant - Skincare Product NPD/EPD Process,Activate Talent,Excel / VBA,Argentina,,https://www.opcionempleo.com.ar/jobad/ar278a6b3daee675878d174a2dc6ad8053,0.00599739773031994,en
1124,linkedin::4381722441,linkedin,Supply Chain Manager,Atlantis University,Supply Chain,"Miami, Florida, Estados Unidos",,https://www.linkedin.com/jobs/view/4381722441,0.005964379829157811,en
1125,linkedin::4366532635,linkedin,Corporate Controller,hireneXus,Control de Gestión,"Nashville, Tennessee, Estados Unidos",,https://www.linkedin.com/jobs/view/4366532635,0.0059104495558838024,en
1126,linkedin::4397284282,linkedin,Director of Continuous Improvement,Zeus,Continuous Improvement,Estados Unidos,,https://www.linkedin.com/jobs/view/4397284282,0.005896828861873461,en
1127,linkedin::4392081685,linkedin,"HR Data Analyst, People Analytics",Microsoft,BI / Analytics,Estados Unidos,,https://www.linkedin.com/jobs/view/4392081685,0.005834713011414777,en
1128,linkedin::4390148133,linkedin,Manufacturing Engineer,Murray Resources - Best Staffing Agency,Ingeniero Industrial,"Houston, Texas, Estados Unidos",,https://www.linkedin.com/jobs/view/4390148133,0.00579377502099158,en
1129,linkedin::4388767521,linkedin,Data Analyst,Empassion Health,BI / Analytics,"Nueva York, Nueva York, Estados Unidos",,https://www.linkedin.com/jobs/view/4388767521,0.005785321582437662,en
1130,opcionempleo::17196,opcionempleo,Managed Services - Commercial controller Manager - EY Global Delivery Services,EY,Continuous Improvement,Buenos Aires,,https://www.opcionempleo.com.ar/jobad/ar07b54b87a16e56c17196cede8c32ff47,0.005765151257029864,en
1131,linkedin::4380521138,linkedin,Controller,AVL Growth Partners,Control de Gestión,"Denver, Colorado, Estados Unidos",,https://www.linkedin.com/jobs/view/4380521138,0.005732145687632055,en
1132,linkedin::4375938610,linkedin,Data Scientist 5 - Infrastructure Experimentation,Netflix,Data Scientist,Estados Unidos,,https://www.linkedin.com/jobs/view/4375938610,0.005714468712266836,en
1133,linkedin::4396379575,linkedin,Data Scientist,Zest AI,Data Scientist,Estados Unidos,,https://www.linkedin.com/jobs/view/4396379575,0.0057046434427847365,en
1134,linkedin::4391725984,linkedin,Controller,Elevate Recruiting,Control de Gestión,Estados Unidos,,https://www.linkedin.com/jobs/view/4391725984,0.00567179701608352,en
1135,linkedin::4378454290,linkedin,Machine Learning Engineer,Great Value Hiring,Data Scientist,Estados Unidos,,https://www.linkedin.com/jobs/view/4378454290,0.005567937385899137,en
1136,linkedin::4392445046,linkedin,Decision Science Analyst,Kobie,BI / Analytics,"Detroit, Michigan, Estados Unidos",,https://www.linkedin.com/jobs/view/4392445046,0.005456607413097741,en
1137,linkedin::4387473853,linkedin,"Process Engineer, CNC Automation",Dandy,Ingeniero Industrial,Estados Unidos,,https://www.linkedin.com/jobs/view/4387473853,0.005412319083950012,en
1138,linkedin::4383152947,linkedin,Director of Operations,Connections Health Solutions,Continuous Improvement,Estados Unidos,,https://www.linkedin.com/jobs/view/4383152947,0.005392219142108245,en
1139,linkedin::4392416345,linkedin,Accounts Payable Analyst,Follett Software,Excel / VBA,Estados Unidos,,https://www.linkedin.com/jobs/view/4392416345,0.005390174562501707,en
1140,linkedin::4392109796,linkedin,Manufacturing Engineer,Intelliswift - An LTTS Company,Ingeniero Industrial,"North Reading, Massachusetts, Estados Unidos",,https://www.linkedin.com/jobs/view/4392109796,0.005336808376740576,en
1141,linkedin::4388874277,linkedin,Technical Service Engineer - Steel Manufacturing,Charter Steel,Ingeniero Industrial,"Cleveland, Ohio, Estados Unidos",,https://www.linkedin.com/jobs/view/4388874277,0.005315578790126052,en
1142,linkedin::4390962951,linkedin,Data Scientist,CultureMill Recruiting,Data Scientist,Estados Unidos,,https://www.linkedin.com/jobs/view/4390962951,0.005279828908970001,en
1143,linkedin::4398569815,linkedin,Controller,Confidential Jobs,Control de Gestión,Estados Unidos,,https://www.linkedin.com/jobs/view/4398569815,0.005277691015687949,en
1144,linkedin::4396770301,linkedin,"Data Scientist 5, Experimentation Platform",Netflix,Data Scientist,"Nueva York, Nueva York, Estados Unidos",,https://www.linkedin.com/jobs/view/4396770301,0.005250483322677632,en
1145,linkedin::4400524526,linkedin,CEO & Operational Excellence Coach,Stanley House Consulting,Continuous Improvement,Estados Unidos,,https://www.linkedin.com/jobs/view/4400524526,0.005233931853017046,en
1146,linkedin::4380980540,linkedin,*Payments & Reconciliation Analyst SM014DL,Coderio | Software Company,Excel / VBA,"Rosario, Santa Fe",,https://www.linkedin.com/jobs/view/4380980540,0.005217675097471097,en
1147,linkedin::4396386964,linkedin,Engineer- Manufacturing I USA (1st Shift),First Solar,Ingeniero Industrial,Estados Unidos,,https://www.linkedin.com/jobs/view/4396386964,0.00520107226005494,en
1148,linkedin::4398568557,linkedin,Remote | Customer Service Representative | CSR,Burton Mill Solutions,Continuous Improvement,"Hampden, Maine, Estados Unidos",,https://www.linkedin.com/jobs/view/4398568557,0.005187940427328676,en
1149,linkedin::4399036537,linkedin,Process Improvement Manager,MSI Pharma,Continuous Improvement,Estados Unidos,,https://www.linkedin.com/jobs/view/4399036537,0.005186419596457258,en
1150,linkedin::4398181232,linkedin,"VP, Integrated Supply Chain","Vizient, Inc",Supply Chain,Estados Unidos,,https://www.linkedin.com/jobs/view/4398181232,0.005160572266135695,en
1151,linkedin::4389901707,linkedin,"Director, Controller",Conexiant,Control de Gestión,Estados Unidos,,https://www.linkedin.com/jobs/view/4389901707,0.005121273738692639,en
1152,linkedin::4392451306,linkedin,Controller,Capital Good Fund,Control de Gestión,Estados Unidos,,https://www.linkedin.com/jobs/view/4392451306,0.005119950922769276,en
1153,linkedin::4344255778,linkedin,Engineer- Manufacturing I USA,First Solar,Ingeniero Industrial,Estados Unidos,,https://www.linkedin.com/jobs/view/4344255778,0.005102442841705541,en
1154,linkedin::4398039092,linkedin,Inventory Logistics Manager - Data Centers,Futura,Supply Chain,Estados Unidos,,https://www.linkedin.com/jobs/view/4398039092,0.005090471060889317,en
1155,linkedin::4394704356,linkedin,Senior Market Manager - Boston,The HEINEKEN Company,Supply Chain,"Boston, Massachusetts, Estados Unidos",,https://www.linkedin.com/jobs/view/4394704356,0.0050389670819140225,en
1156,linkedin::4398136684,linkedin,Chief Executive Officer,Inno Supps,Supply Chain,Estados Unidos,,https://www.linkedin.com/jobs/view/4398136684,0.004982519621759265,en
1157,linkedin::4400601035,linkedin,Operations Analyst,Dispel,Python Developer,Estados Unidos,,https://www.linkedin.com/jobs/view/4400601035,0.004959058229053322,en
1158,workana::mobile-developer-part-time-ios-android-para-neurobeatx-app-de-musica-neuroadaptiva-con-ia,workana,Mobile Developer Part-Time (Ios/Android) para Neurobeatx - App de Música Neuroadaptiva con Ia,Freelancer N. J. A.,Data Scientist,Argentina,Remoto,https://www.workana.com/job/mobile-developer-part-time-ios-android-para-neurobeatx-app-de-musica-neuroadaptiva-con-ia,0.004912255772742425,es
1159,opcionempleo::18944654,opcionempleo,Influencer Campaign Project Manager,Full Circle Agency,Continuous Improvement,Buenos Aires,,https://www.opcionempleo.com.ar/jobad/arf18944654f00ba6d42eb0616f4aeaa68,0.004888358209509153,en
1160,linkedin::4178562606,linkedin,Data Scientist (L5) - Cloud Games Quality of Experience,Netflix,Data Scientist,Estados Unidos,,https://www.linkedin.com/jobs/view/4178562606,0.004881032057691,en
1161,opcionempleo::jobadarf8a176b0bd3e2ab77d418e18aba035ec,opcionempleo,Influencer Campaign Project Manager (Buenos Aires),Full Circle Agency,Continuous Improvement,Buenos Aires,,https://www.opcionempleo.com.ar/jobad/arf8a176b0bd3e2ab77d418e18aba035ec,0.00484592556399004,en
1162,opcionempleo::40648,opcionempleo,Brand Marketing Manager - LATAM Region - Remote (FT) (Buenos Aires),Comrade Digital Marketing,Continuous Improvement,Buenos Aires,,https://www.opcionempleo.com.ar/jobad/arbe09a9f40648d4f7b9b801c6169450dc,0.004820549100158887,en
1163,linkedin::4397968892,linkedin,Full Stack Engineer 4 - Core Catalog,Netflix,Python Developer,Estados Unidos,,https://www.linkedin.com/jobs/view/4397968892,0.004816023048014994,en
1164,linkedin::4391969187,linkedin,Regional Director of Supply Chain - Central (Remote),Shriners Children's,Supply Chain,"Saint Louis, Missouri, Estados Unidos",,https://www.linkedin.com/jobs/view/4391969187,0.004776344791020216,en
1165,linkedin::4391955997,linkedin,Regional Director of Supply Chain - East (Remote),Shriners Children's,Supply Chain,"Filadelfia, Pennsylvania, Estados Unidos",,https://www.linkedin.com/jobs/view/4391955997,0.004776344791020216,en
1166,linkedin::4396595873,linkedin,Data Analyst (Remote - Work from Anywhere),Xapo Bank,Python Developer,Estados Unidos,,https://www.linkedin.com/jobs/view/4396595873,0.004750671092853885,en
1167,opcionempleo::78792,opcionempleo,Programador Python Remoto | Pago diario por PayPal (Río Cuarto),Digital Solutions 324,Python Developer,"Río Cuarto, Córdoba",,https://www.opcionempleo.com.ar/jobad/ar78792e56884f1483fddf389bef6329b7,0.004746432488121098,es
1168,opcionempleo::5391566,opcionempleo,Programador Python Remoto | Pago diario por PayPal (Belén de Escobar),Digital Solutions 324,Python Developer,"Belén de Escobar, Provincia de Buenos Aires",,https://www.opcionempleo.com.ar/jobad/ar9b2b58d5391566a93d70ecff5f2d0873,0.004746432488121098,es
1169,opcionempleo::02394,opcionempleo,Programador Python Remoto | Pago diario por PayPal (Vicente López),Digital Solutions 324,Python Developer,"Vicente López, Provincia de Buenos Aires",,https://www.opcionempleo.com.ar/jobad/ar6298d5abfd02394fff25241e5543e3fb,0.004746432488121098,es
1170,linkedin::4375977831,linkedin,Controller - Hands-On,Syscon Inc.,Control de Gestión,"Scottsdale, Arizona, Estados Unidos",,https://www.linkedin.com/jobs/view/4375977831,0.004714221997340333,en
1171,linkedin::4400345052,linkedin,Controller,Teamworks,Control de Gestión,Estados Unidos,,https://www.linkedin.com/jobs/view/4400345052,0.004713183788451126,en
1172,linkedin::4384278037,linkedin,Head of People Operations & Manufacturing Excellence (North America),Kraft Heinz,Continuous Improvement,Estados Unidos,,https://www.linkedin.com/jobs/view/4384278037,0.004546286249747875,en
1173,linkedin::4400554131,linkedin,AI Software Engineer,Snowrelic Inc,Python Developer,Estados Unidos,,https://www.linkedin.com/jobs/view/4400554131,0.004540038846768586,en
1174,linkedin::4387783057,linkedin,Vice President of Central Operations,Aesthetic Partners,Supply Chain,Estados Unidos,,https://www.linkedin.com/jobs/view/4387783057,0.004537571171025474,en
1175,linkedin::4359584630,linkedin,Data Scientist 5 - Member Experience for Games,Netflix,Data Scientist,Estados Unidos,,https://www.linkedin.com/jobs/view/4359584630,0.004453951816296702,en
1176,linkedin::4393953452,linkedin,Data Scientist,New York Technology Partners,Data Scientist,Estados Unidos,,https://www.linkedin.com/jobs/view/4393953452,0.004440858823795619,en
1177,linkedin::4351317499,linkedin,Senior Data Scientist (L5) - Ads Supply & Decisioning,Netflix,Data Scientist,Estados Unidos,,https://www.linkedin.com/jobs/view/4351317499,0.004437845534616413,en
1178,linkedin::4394249598,linkedin,Investment Banking Analyst | $80/hr Remote,Crossing Hurdles,Excel / VBA,Estados Unidos,,https://www.linkedin.com/jobs/view/4394249598,0.00442603125531584,en
1179,linkedin::4397968213,linkedin,Controller,PushPress,Control de Gestión,Estados Unidos,,https://www.linkedin.com/jobs/view/4397968213,0.0044158054760742175,en
1180,linkedin::4383756491,linkedin,Supply Chain Consultant - Manhattan Labor Management (MLM) Required,Open Sky Group,Supply Chain,Estados Unidos,,https://www.linkedin.com/jobs/view/4383756491,0.004398128416273248,en
1181,linkedin::4388408170,linkedin,Data Scientist - NLP,Analytica,Data Scientist,"Washington, Distrito de Columbia, Estados Unidos",,https://www.linkedin.com/jobs/view/4388408170,0.004295838265351647,en
1182,linkedin::4391923752,linkedin,Ops Continuous Improvement Project Manager,"RxBenefits, Inc.",Continuous Improvement,Estados Unidos,,https://www.linkedin.com/jobs/view/4391923752,0.004283225368691678,en
1183,linkedin::4389225933,linkedin,"Data Analyst - SQL, Excel, Tableau/Power BI, with Salesforce",AssistRx,Excel / VBA,"Orlando, Florida, Estados Unidos",,https://www.linkedin.com/jobs/view/4389225933,0.004281908386285853,en
1184,linkedin::4370801916,linkedin,Director Continuous Improvement,NSI Industries,Continuous Improvement,"Tampa, Florida, Estados Unidos",,https://www.linkedin.com/jobs/view/4370801916,0.004278472491552364,en
1185,linkedin::4399089981,linkedin,"Director, Business Intelligence",Humana,BI / Analytics,Estados Unidos,,https://www.linkedin.com/jobs/view/4399089981,0.004274129522158404,en
1186,linkedin::4340501539,linkedin,Data Scientist (L5) - Content Understanding,Netflix,Data Scientist,Estados Unidos,,https://www.linkedin.com/jobs/view/4340501539,0.004273870974948412,en
1187,opcionempleo::00908,opcionempleo,Operarios De Deposito Con Manejo De Sap Y Excel Villa Soldati,People Employ,Excel / VBA,"Villa Soldati, Buenos Aires",,https://www.opcionempleo.com.ar/jobad/arf00908beccebad542fb4b59bf3a70bd3,0.004269185570018139,es
1188,linkedin::4393814278,linkedin,Controller,Ilant Health,Control de Gestión,Estados Unidos,,https://www.linkedin.com/jobs/view/4393814278,0.004266888795251415,en
1189,linkedin::4397958761,linkedin,Software Engineer,Nucleus Security,Python Developer,"Florida, Estados Unidos",,https://www.linkedin.com/jobs/view/4397958761,0.004257644278551048,en
1190,linkedin::4399035167,linkedin,Logistics Manager,Alliance Pharmaceuticals Limited,Supply Chain,"Louisville, Kentucky, Estados Unidos",,https://www.linkedin.com/jobs/view/4399035167,0.004239682462989676,en
1191,linkedin::4377982089,linkedin,Operations Associate (Beauty/CPG),Hae CPG,Supply Chain,"Nueva York, Nueva York, Estados Unidos",,https://www.linkedin.com/jobs/view/4377982089,0.0042395958591876295,en
1192,linkedin::4389235734,linkedin,Controller,Windsor Path,Control de Gestión,"Nueva York, Nueva York, Estados Unidos",,https://www.linkedin.com/jobs/view/4389235734,0.004226917330161812,en
1193,linkedin::4384287690,linkedin,"VP, Corporate Controller",hireneXus,Control de Gestión,"Dallas, Texas, Estados Unidos",,https://www.linkedin.com/jobs/view/4384287690,0.0042231280756339085,en
1194,linkedin::4398428901,linkedin,Experience Strategy & Transformation Lead,Humana,Continuous Improvement,Estados Unidos,,https://www.linkedin.com/jobs/view/4398428901,0.004220890653421661,en
1195,linkedin::4392102591,linkedin,"Principal, Process Management & Continuous Improvement",Stream Data Centers,Continuous Improvement,"Dallas, Texas, Estados Unidos",,https://www.linkedin.com/jobs/view/4392102591,0.004204050279908713,en
1196,opcionempleo::jobadaracd6e183b6164e8de5a9029d6c712bae,opcionempleo,Business Intelligence Analyst (Buenos Aires),Assurant,BI / Analytics,Buenos Aires,,https://www.opcionempleo.com.ar/jobad/aracd6e183b6164e8de5a9029d6c712bae,0.004162913470306018,en
1197,linkedin::4397156389,linkedin,Business Analyst,Seneca Holdings,BI / Analytics,Estados Unidos,,https://www.linkedin.com/jobs/view/4397156389,0.0041489383511839634,en
1198,linkedin::4397511765,linkedin,Business Analyst,CI Azumano Travel / Business,BI / Analytics,"Virginia Beach, Virginia, Estados Unidos",,https://www.linkedin.com/jobs/view/4397511765,0.0041489383511839634,en
1199,linkedin::4387328553,linkedin,Python Developer | Remote,Crossing Hurdles,Python Developer,Estados Unidos,,https://www.linkedin.com/jobs/view/4387328553,0.004048546900391081,en
1200,linkedin::4385944279,linkedin,Controller,JPA Health,Control de Gestión,Estados Unidos,,https://www.linkedin.com/jobs/view/4385944279,0.004032270195167002,en
1201,linkedin::4396368525,linkedin,Project Engineer - Furnace Aluminum Melting (Remote),"Acara Solutions, An Aleron Company",Ingeniero Industrial,"Meadville, Pennsylvania, Estados Unidos",,https://www.linkedin.com/jobs/view/4396368525,0.003997570023590371,en
1202,opcionempleo::44992620,opcionempleo,Business Development Manager- Senior/Lead/Manager (Argentina),Zeal Group,BI / Analytics,Argentina,,https://www.opcionempleo.com.ar/jobad/ar6e2759c7a995c44992620d7e81ee7633,0.0039590705204286935,en
1203,linkedin::4390746595,linkedin,Controller,"K1X, Inc.",Control de Gestión,"Illinois, Estados Unidos",,https://www.linkedin.com/jobs/view/4390746595,0.003958364442356935,en
1204,opcionempleo::98461,opcionempleo,Database Developer,PSI CRO,Continuous Improvement,Buenos Aires,,https://www.opcionempleo.com.ar/jobad/ar622ae98461f71d53bcd1de200a01368e,0.003953704163566248,en
1205,linkedin::4373601707,linkedin,"VP, Supply Chain",Bobbie,Supply Chain,Estados Unidos,,https://www.linkedin.com/jobs/view/4373601707,0.003946901949676004,en
1206,linkedin::4385758418,linkedin,North American Controller,DwyerOmega,Control de Gestión,Estados Unidos,,https://www.linkedin.com/jobs/view/4385758418,0.003945241589176704,en
1207,linkedin::4388116548,linkedin,Data Scientist,Uneek Global,Data Scientist,"Nueva York, Estados Unidos",,https://www.linkedin.com/jobs/view/4388116548,0.0039411920337265585,en
1208,linkedin::4344509243,linkedin,Research Scientist (L5) - Content Understanding,Netflix,Data Scientist,Estados Unidos,,https://www.linkedin.com/jobs/view/4344509243,0.003932787276289717,en
1209,linkedin::4386470534,linkedin,Director of Sales - Club,Pressed Juicery,Supply Chain,Estados Unidos,,https://www.linkedin.com/jobs/view/4386470534,0.0038949355343844334,en
1210,linkedin::4373053358,linkedin,Controller,Ashby,Control de Gestión,Estados Unidos,,https://www.linkedin.com/jobs/view/4373053358,0.003787033859722208,en
1211,linkedin::4397057952,linkedin,U.S. Field Operations and Excellence Lead,Pharvaris,Continuous Improvement,Estados Unidos,,https://www.linkedin.com/jobs/view/4397057952,0.0037693749866314777,en
1212,linkedin::4364663933,linkedin,Productivity Manager,Hint Inc.,Supply Chain,Estados Unidos,,https://www.linkedin.com/jobs/view/4364663933,0.0035967476125677283,en
1213,linkedin::4399037342,linkedin,Process Improvement Lead,Unicon Pharma Inc,Continuous Improvement,Estados Unidos,,https://www.linkedin.com/jobs/view/4399037342,0.0034793642741287895,en
1214,linkedin::4385124686,linkedin,"Director, Product Analytics & Strategy",ClassWallet,BI / Analytics,Estados Unidos,,https://www.linkedin.com/jobs/view/4385124686,0.0034697249698722957,en
1215,linkedin::4384716851,linkedin,Controller,CLA (CliftonLarsonAllen),Control de Gestión,"Zolfo Springs, Florida, Estados Unidos",,https://www.linkedin.com/jobs/view/4384716851,0.0033986701406988847,en
1216,linkedin::4389272872,linkedin,"Director, Continuous Improvement",OneSource Virtual,Continuous Improvement,Estados Unidos,,https://www.linkedin.com/jobs/view/4389272872,0.0033480962724721695,en
1217,opcionempleo::431754,opcionempleo,Call Center Supervisor,Bh Complete Solutions,Continuous Improvement,"Luján de Cuyo, Mendoza",,https://www.opcionempleo.com.ar/jobad/ara8a431754e998f5304964491696045fa,0.003339986425968605,en
1218,linkedin::4400606693,linkedin,Regional Continuous Improvement Manager,Pactiv Evergreen Inc.,Continuous Improvement,Estados Unidos,,https://www.linkedin.com/jobs/view/4400606693,0.0033314492879135574,en
1219,linkedin::4400612221,linkedin,Fractional Customer Supply Chain Manager (US & EU),Pickle (pickleai.com),Supply Chain,"Washington, Distrito de Columbia, Estados Unidos",,https://www.linkedin.com/jobs/view/4400612221,0.0032844240678450674,en
1220,linkedin::4400385892,linkedin,Fractional Customer Supply Chain Manager (US & EU),Pickle (formerly FYXER),Supply Chain,Estados Unidos,,https://www.linkedin.com/jobs/view/4400385892,0.0032844240678450674,en
1221,opcionempleo::54653,opcionempleo,Business Analyst- for Engineering teams (Buenos Aires),Paramo Technologies,BI / Analytics,Buenos Aires,,https://www.opcionempleo.com.ar/jobad/ar011a2415b0da54653beffdb0cb8976d2,0.003238390628328245,en
1222,opcionempleo::224876671621,opcionempleo,Junior L1 Genesys Support Engineer,Miratech,Continuous Improvement,Buenos Aires,,https://www.opcionempleo.com.ar/jobad/ar224876671621db2c19eb6797790cbafe,0.0031965225805416246,en
1223,linkedin::4398550762,linkedin,Manager of Customer Success,Connexall,Continuous Improvement,Estados Unidos,,https://www.linkedin.com/jobs/view/4398550762,0.0031444387375804198,en
1224,linkedin::4395870307,linkedin,Corporate Controller,Solomon Page,Control de Gestión,Estados Unidos,,https://www.linkedin.com/jobs/view/4395870307,0.0030798226356867054,en
1225,linkedin::4398704782,linkedin,Data Scientist,ImpetusIT,Data Scientist,"Washington, Distrito de Columbia, Estados Unidos",,https://www.linkedin.com/jobs/view/4398704782,0.0030471091163513197,en
1226,linkedin::4388909496,linkedin,Controller | VC-Backed CPG | Remote,Harmonic Finance Inc ™ | Certified B Corp,Control de Gestión,Estados Unidos,,https://www.linkedin.com/jobs/view/4388909496,0.0030432683683650984,en
1227,linkedin::4390920969,linkedin,"Document & Presentation Specialist (Excel, PowerPoint & Formatting) | Remote",Crossing Hurdles,Excel / VBA,Estados Unidos,,https://www.linkedin.com/jobs/view/4390920969,0.00300832421391724,en
1228,linkedin::4395366204,linkedin,Controller,Exponent Partners,Control de Gestión,Estados Unidos,,https://www.linkedin.com/jobs/view/4395366204,0.0029138322917330256,en
1229,linkedin::4382266562,linkedin,Industrial Engineer (Autodesk) | Remote,Crossing Hurdles,Ingeniero Industrial,Estados Unidos,,https://www.linkedin.com/jobs/view/4382266562,0.00289885460663184,en
1230,linkedin::4391074644,linkedin,"Manager, Logistics & Operations",Starface World,Supply Chain,Estados Unidos,,https://www.linkedin.com/jobs/view/4391074644,0.0028650197171844753,en
1231,opcionempleo::73363,opcionempleo,Business Development Manager- Senior/Lead/Manager (Argentina),Traze,BI / Analytics,Argentina,,https://www.opcionempleo.com.ar/jobad/ara9b5a06ccd73363b498179718ef04e62,0.002857716120660437,en
1232,linkedin::4398774908,linkedin,Data Entry Specialist Remote,The Law Office of Rachael Pas,Excel / VBA,"McCalla, Alabama, Estados Unidos",,https://www.linkedin.com/jobs/view/4398774908,0.002733952094224298,en
1233,linkedin::4397612472,linkedin,Vice President of Innovation and Growth Strategy - REMOTE,Jobgether,Continuous Improvement,"Arizona, Estados Unidos",,https://www.linkedin.com/jobs/view/4397612472,0.0027087799564736613,en
1234,linkedin::4397616413,linkedin,VP Innovation and Growth Strategy - Remote,Jobgether,Continuous Improvement,"Florida, Estados Unidos",,https://www.linkedin.com/jobs/view/4397616413,0.0027087799564736613,en
1235,linkedin::4398027689,linkedin,"Director, Supply Chain Operations",Unreal Snacks,Supply Chain,"Boston, Massachusetts, Estados Unidos",,https://www.linkedin.com/jobs/view/4398027689,0.002596319502692533,en
1236,linkedin::4398904233,linkedin,Project Engineer,"Spriggs Excavation, Inc.",Ingeniero Industrial,Estados Unidos,,https://www.linkedin.com/jobs/view/4398904233,0.002395522622284525,en
1237,linkedin::4398063298,linkedin,Project Engineer,Spencer Ogden,Ingeniero Industrial,Estados Unidos,,https://www.linkedin.com/jobs/view/4398063298,0.0023699619012903742,en
1238,linkedin::4395019624,linkedin,Logistics Manager | $60/hr Remote,Crossing Hurdles,Supply Chain,Estados Unidos,,https://www.linkedin.com/jobs/view/4395019624,0.002368094315872708,en
1239,linkedin::4380529037,linkedin,Director of Continuous Improvement,The Good Crisp Company,Supply Chain,"Boulder, Colorado, Estados Unidos",,https://www.linkedin.com/jobs/view/4380529037,0.0023481171115642134,en
1240,linkedin::4394498171,linkedin,Director of Procurement,Valor Front,Supply Chain,Estados Unidos,,https://www.linkedin.com/jobs/view/4394498171,0.0022576811802317524,en
1241,linkedin::4398349887,linkedin,People & Talent Partner,Ticketure,Continuous Improvement,"Nueva York, Nueva York, Estados Unidos",,https://www.linkedin.com/jobs/view/4398349887,0.002252711744918887,en
1242,linkedin::4400608578,linkedin,"Senior Analyst, Customer Supply Chain",Kodiak Cakes,Supply Chain,"Park City, Utah, Estados Unidos",,https://www.linkedin.com/jobs/view/4400608578,0.0022340579440649423,en
1243,linkedin::4399431667,linkedin,"Data Analyst, Retention",Ollie,Excel / VBA,Estados Unidos,,https://www.linkedin.com/jobs/view/4399431667,0.002216560324390075,en
1244,linkedin::4395385385,linkedin,Financial Data Analyst I,InComm Payments,Excel / VBA,"Georgia, Estados Unidos",,https://www.linkedin.com/jobs/view/4395385385,0.0021152295076990527,en
1245,linkedin::4383944796,linkedin,(US) Learning Program Manager,PointClickCare,Continuous Improvement,Estados Unidos,,https://www.linkedin.com/jobs/view/4383944796,0.00196333328238325,en
1246,linkedin::4397278573,linkedin,Controller,Aprio Talent Solutions,Control de Gestión,"Seattle, Washington, Estados Unidos",,https://www.linkedin.com/jobs/view/4397278573,0.0018736421765452624,en
1247,linkedin::4383849199,linkedin,Director of Category and Shopper Insights,Hint Inc.,BI / Analytics,Estados Unidos,,https://www.linkedin.com/jobs/view/4383849199,0.0018734911438250887,en
1248,linkedin::4395396984,linkedin,Controller (Operator-First) - High-Growth Startups | 100% Remote,B Consulting,Control de Gestión,"Los Ángeles, California, Estados Unidos",,https://www.linkedin.com/jobs/view/4395396984,0.0018397852346729022,en
1249,linkedin::4394445148,linkedin,Director for Food Channel- East Coast,Legendary Foods,Supply Chain,Estados Unidos,,https://www.linkedin.com/jobs/view/4394445148,0.001752746071425003,en
1250,linkedin::4393567562,linkedin,Project Management Business Analyst,XenTegra,Excel / VBA,Estados Unidos,,https://www.linkedin.com/jobs/view/4393567562,0.0016922920431805266,en
1251,linkedin::4395392105,linkedin,Buyer,BMI Merchandise,Supply Chain,Estados Unidos,,https://www.linkedin.com/jobs/view/4395392105,0.001670733908189249,en
1252,linkedin::4394772925,linkedin,Machine Learning Engineer (MLOps / AI Infrastructure),Prosum,Data Scientist,Estados Unidos,,https://www.linkedin.com/jobs/view/4394772925,0.0016667712690068973,en
1253,linkedin::4393009070,linkedin,Controller,Conexus,Control de Gestión,Estados Unidos,,https://www.linkedin.com/jobs/view/4393009070,0.0016618867621247932,en
1254,linkedin::4398764552,linkedin,Data Entry Operator Remote,The Law Office of Rachael Pas,Excel / VBA,"McCalla, Alabama, Estados Unidos",,https://www.linkedin.com/jobs/view/4398764552,0.0013855058385429592,en
1255,linkedin::4398378535,linkedin,Data Entry Clerk,Prism Data Consulting,Excel / VBA,Estados Unidos,,https://www.linkedin.com/jobs/view/4398378535,0.0013828747438705549,en
1256,opcionempleo::04341,opcionempleo,Quality Automation Engineer,CommandLink,Continuous Improvement,Neuquén,,https://www.opcionempleo.com.ar/jobad/ar6b8215af7f8a290c209ea04341bbbcce,0.001279924056080402,en
1257,linkedin::4120391416,linkedin,"Data Scientist, Product Analytics",Meta,Data Scientist,Estados Unidos,,https://www.linkedin.com/jobs/view/4120391416,0.0012554079697576163,en
1258,linkedin::4366772482,linkedin,Head Of Operations,Harlem Candle Co.,Supply Chain,Nueva York y alrededores,,https://www.linkedin.com/jobs/view/4366772482,0.0010698290127169065,en
1259,opcionempleo::48458778,opcionempleo,Service Desk Incident Coordinator,CommandLink,Continuous Improvement,Buenos Aires,,https://www.opcionempleo.com.ar/jobad/arc48458778e356d4c50ed4cc0660159b1,0.0010503091475511977,en
1260,linkedin::4400251685,linkedin,Junior Analyst,"Princeton10, LLP",Excel / VBA,"Nueva York, Nueva York, Estados Unidos",,https://www.linkedin.com/jobs/view/4400251685,0.0009978357638887223,en
1261,linkedin::4241069075,linkedin,Data Scientist (USA-Remote),The Voleon Group,Data Scientist,Estados Unidos,,https://www.linkedin.com/jobs/view/4241069075,0.0009795040947193922,en
1262,linkedin::4395917365,linkedin,Remote | Excel/PowerPoint/Document Style Experts — $200–$400 per task,24-MAG,Excel / VBA,"San Francisco, California, Estados Unidos",,https://www.linkedin.com/jobs/view/4395917365,0.0009077846902417353,en
1263,linkedin::4381889639,linkedin,Director of Operations,CNECT,Continuous Improvement,Estados Unidos,,https://www.linkedin.com/jobs/view/4381889639,0.0008303818261592789,en
1264,linkedin::4394621155,linkedin,Process Engineer - CIP,CSG Talent,Ingeniero Industrial,Estados Unidos,,https://www.linkedin.com/jobs/view/4394621155,0.0,en
1265,linkedin::4390697533,linkedin,Project Engineer,Atlas NextWave,Ingeniero Industrial,Estados Unidos,,https://www.linkedin.com/jobs/view/4390697533,0.0,en
1266,linkedin::4397576222,linkedin,Supply Chain Management,"Zodiac Solutions, Inc",Supply Chain,Estados Unidos,,https://www.linkedin.com/jobs/view/4397576222,0.0,en
1267,linkedin::4395456311,linkedin,Payroll Operations Specialist,Atlantic Health Strategies™,Continuous Improvement,Estados Unidos,,https://www.linkedin.com/jobs/view/4395456311,0.0,en
1268,opcionempleo::46118,opcionempleo,Process Engineer: Drive Efficiency & Continuous Improvement (Buenos Aires),Aramco,Continuous Improvement,Buenos Aires,,https://www.opcionempleo.com.ar/jobad/ar4f2bc4f2e9507c3c40dcd46118ff762b,0.0,en
1269,workana::creacion-de-landing-page-moderna-y-adaptable-para-negocio-local,workana,Landing page para negocio local,Freelancer L.,Data Scientist,Argentina,Remoto,https://www.workana.com/job/creacion-de-landing-page-moderna-y-adaptable-para-negocio-local,0.0,es
1270,linkedin::4398919713,linkedin,Controller,AG Foundry - Recruiting & Staffing,Control de Gestión,"Carolina del Sur, Estados Unidos",,https://www.linkedin.com/jobs/view/4398919713,0.0,en
1271,linkedin::4398558089,linkedin,Revenue Cycle Manager,Software Technology Inc.,Continuous Improvement,Estados Unidos,,https://www.linkedin.com/jobs/view/4398558089,0.0,en
1272,opcionempleo::jobadar82f2eaac0d72b138e1453d20f38a3ddb,opcionempleo,Sr. Product Owner - Remoto,Itechcareerrd,Continuous Improvement,"Paraná, Entre Ríos",,https://www.opcionempleo.com.ar/jobad/ar82f2eaac0d72b138e1453d20f38a3ddb,0.0,en
1273,linkedin::4400625193,linkedin,Manufacturing Engineer Entry Level,United Consulting Hub,Ingeniero Industrial,Estados Unidos,,https://www.linkedin.com/jobs/view/4400625193,0.0,en
1274,opcionempleo::jobadar63a0967e8ed7af60ea4c9d917c75d05c,opcionempleo,Bus Intelligence Analytics Associate (Mar del Plata),,BI / Analytics,"Mar del Plata, Provincia de Buenos Aires",,https://www.opcionempleo.com.ar/jobad/ar63a0967e8ed7af60ea4c9d917c75d05c,0.0,en
1275,linkedin::4395468756,linkedin,Business Analyst,"Concorde, Inc",Continuous Improvement,Estados Unidos,,https://www.linkedin.com/jobs/view/4395468756,0.0,en
1276,linkedin::4400579392,linkedin,Entry Level Process Engineer,United Consulting Hub,Ingeniero Industrial,Estados Unidos,,https://www.linkedin.com/jobs/view/4400579392,0.0,en
1277,linkedin::4397791665,linkedin,Controller,1Source Talent Acquisition,Control de Gestión,"Texas, Estados Unidos",,https://www.linkedin.com/jobs/view/4397791665,0.0,en
1278,linkedin::4323573155,linkedin,Process Mechanical Engineer,Jedson Engineering,Ingeniero Industrial,"Oxnard, California, Estados Unidos",,https://www.linkedin.com/jobs/view/4323573155,0.0,en
1279,opcionempleo::3368948,opcionempleo,"Referencias de Commercial / Planning / Supply Chain - Tenaris, Argentina (Buenos Aires)",Tenaris,Supply Chain,Buenos Aires,,https://www.opcionempleo.com.ar/jobad/ar3368948dba37f465208f765b06fdc9ef,0.0,es
