2026-04-08 09:33:59,229 [INFO] Base de datos lista: /media/carlos-a-cicconi/Common1/Repositorios-Ing.Carlos-Cicconi/Trabajo_Final_MCD/data/raw/ofertas_opcionempleo.db
2026-04-08 09:33:59,229 [INFO] OpcionempleoScraper (Playwright) inicializado
2026-04-08 09:34:00,394 [INFO] Inicializando sesión en OpcionEmpleo...
2026-04-08 09:34:00,394 [INFO] (Puede tardar hasta 20s mientras se resuelve el Turnstile)
2026-04-08 09:34:04,030 [INFO]    ⏳ Turnstile detectado — esperando resolución automática...
2026-04-08 09:34:04,063 [INFO]    ✅ Turnstile resuelto
2026-04-08 09:34:08,926 [INFO] 
🔍 Buscando: 'Data Scientist'
2026-04-08 09:34:08,926 [INFO]    Página 1/5 → https://www.opcionempleo.com.ar/trabajo-data-scientist.html
2026-04-08 09:34:16,574 [INFO]    ⏳ Turnstile detectado — esperando resolución automática...
2026-04-08 09:34:16,592 [INFO]    ✅ Turnstile resuelto
2026-04-08 09:34:20,758 [INFO]    → 20 ofertas encontradas
2026-04-08 09:34:28,840 [INFO]    ⏳ Turnstile detectado — esperando resolución automática...
2026-04-08 09:34:28,863 [INFO]    ✅ Turnstile resuelto
2026-04-08 09:34:39,566 [INFO]    ⏳ Turnstile detectado — esperando resolución automática...
2026-04-08 09:34:39,588 [INFO]    ✅ Turnstile resuelto
2026-04-08 09:34:49,527 [INFO]    ⏳ Turnstile detectado — esperando resolución automática...
2026-04-08 09:34:49,551 [INFO]    ✅ Turnstile resuelto
2026-04-08 09:34:59,861 [INFO]    ⏳ Turnstile detectado — esperando resolución automática...
2026-04-08 09:34:59,883 [INFO]    ✅ Turnstile resuelto
2026-04-08 09:35:10,886 [INFO]    ⏳ Turnstile detectado — esperando resolución automática...
2026-04-08 09:35:10,910 [INFO]    ✅ Turnstile resuelto
2026-04-08 09:35:20,859 [INFO]    ⏳ Turnstile detectado — esperando resolución automática...
2026-04-08 09:35:20,880 [INFO]    ✅ Turnstile resuelto
2026-04-08 09:35:30,515 [INFO]    ⏳ Turnstile detectado — esperando resolución automática...
2026-04-08 09:35:30,535 [INFO]    ✅ Turnstile resuelto
2026-04-08 09:35:40,209 [INFO]    ⏳ Turnstile detectado — esperando resolución automática...
2026-04-08 09:35:40,230 [INFO]    ✅ Turnstile resuelto
2026-04-08 09:35:50,462 [INFO]    ⏳ Turnstile detectado — esperando resolución automática...
2026-04-08 09:35:50,485 [INFO]    ✅ Turnstile resuelto
2026-04-08 09:36:02,142 [INFO]    ⏳ Turnstile detectado — esperando resolución automática...
2026-04-08 09:36:02,162 [INFO]    ✅ Turnstile resuelto
2026-04-08 09:36:13,090 [INFO]    ⏳ Turnstile detectado — esperando resolución automática...
2026-04-08 09:36:13,111 [INFO]    ✅ Turnstile resuelto
2026-04-08 09:36:23,941 [INFO]    ⏳ Turnstile detectado — esperando resolución automática...
2026-04-08 09:36:23,965 [INFO]    ✅ Turnstile resuelto
2026-04-08 09:36:35,871 [INFO]    ⏳ Turnstile detectado — esperando resolución automática...
2026-04-08 09:36:35,892 [INFO]    ✅ Turnstile resuelto
2026-04-08 09:36:48,002 [INFO]    ⏳ Turnstile detectado — esperando resolución automática...
2026-04-08 09:36:48,025 [INFO]    ✅ Turnstile resuelto
2026-04-08 09:36:57,940 [INFO]    ⏳ Turnstile detectado — esperando resolución automática...
2026-04-08 09:36:57,961 [INFO]    ✅ Turnstile resuelto
2026-04-08 09:37:08,596 [INFO]    ⏳ Turnstile detectado — esperando resolución automática...
2026-04-08 09:37:08,617 [INFO]    ✅ Turnstile resuelto
2026-04-08 09:37:18,534 [INFO]    ⏳ Turnstile detectado — esperando resolución automática...
2026-04-08 09:37:18,557 [INFO]    ✅ Turnstile resuelto
2026-04-08 09:37:29,594 [INFO]    ⏳ Turnstile detectado — esperando resolución automática...
2026-04-08 09:37:29,614 [INFO]    ✅ Turnstile resuelto
2026-04-08 09:37:40,448 [INFO]    ⏳ Turnstile detectado — esperando resolución automática...
2026-04-08 09:37:40,481 [INFO]    ✅ Turnstile resuelto
2026-04-08 09:37:50,575 [INFO]    ⏳ Turnstile detectado — esperando resolución automática...
2026-04-08 09:37:50,608 [INFO]    ✅ Turnstile resuelto
2026-04-08 09:37:54,512 [INFO]    Página 2/5 → https://www.opcionempleo.com.ar/trabajo-data-scientist.html?p=2
2026-04-08 09:38:04,552 [INFO]    ⏳ Turnstile detectado — esperando resolución automática...
2026-04-08 09:38:04,574 [INFO]    ✅ Turnstile resuelto
2026-04-08 09:38:08,837 [INFO]    → 20 ofertas encontradas
2026-04-08 09:38:16,693 [INFO]    ⏳ Turnstile detectado — esperando resolución automática...
2026-04-08 09:38:16,714 [INFO]    ✅ Turnstile resuelto
2026-04-08 09:38:28,778 [INFO]    ⏳ Turnstile detectado — esperando resolución automática...
2026-04-08 09:38:28,800 [INFO]    ✅ Turnstile resuelto
2026-04-08 09:38:38,294 [INFO]    ⏳ Turnstile detectado — esperando resolución automática...
2026-04-08 09:38:38,317 [INFO]    ✅ Turnstile resuelto
2026-04-08 09:38:49,259 [INFO]    ⏳ Turnstile detectado — esperando resolución automática...
2026-04-08 09:38:49,282 [INFO]    ✅ Turnstile resuelto
2026-04-08 09:39:00,102 [INFO]    ⏳ Turnstile detectado — esperando resolución automática...
2026-04-08 09:39:00,126 [INFO]    ✅ Turnstile resuelto
2026-04-08 09:39:11,632 [INFO]    ⏳ Turnstile detectado — esperando resolución automática...
2026-04-08 09:39:11,653 [INFO]    ✅ Turnstile resuelto
2026-04-08 09:39:21,614 [INFO]    ⏳ Turnstile detectado — esperando resolución automática...
2026-04-08 09:39:21,636 [INFO]    ✅ Turnstile resuelto
2026-04-08 09:39:32,780 [INFO]    ⏳ Turnstile detectado — esperando resolución automática...
2026-04-08 09:39:32,802 [INFO]    ✅ Turnstile resuelto
2026-04-08 09:39:43,292 [INFO]    ⏳ Turnstile detectado — esperando resolución automática...
2026-04-08 09:39:43,312 [INFO]    ✅ Turnstile resuelto
2026-04-08 09:39:55,092 [INFO]    ⏳ Turnstile detectado — esperando resolución automática...
2026-04-08 09:39:55,112 [INFO]    ✅ Turnstile resuelto
2026-04-08 09:40:06,588 [INFO]    ⏳ Turnstile detectado — esperando resolución automática...
2026-04-08 09:40:06,627 [INFO]    ✅ Turnstile resuelto
2026-04-08 09:40:18,049 [INFO]    ⏳ Turnstile detectado — esperando resolución automática...
2026-04-08 09:40:18,088 [INFO]    ✅ Turnstile resuelto
2026-04-08 09:40:29,920 [INFO]    ⏳ Turnstile detectado — esperando resolución automática...
2026-04-08 09:40:29,939 [INFO]    ✅ Turnstile resuelto
2026-04-08 09:40:40,169 [INFO]    ⏳ Turnstile detectado — esperando resolución automática...
2026-04-08 09:40:40,188 [INFO]    ✅ Turnstile resuelto
2026-04-08 09:40:52,065 [INFO]    ⏳ Turnstile detectado — esperando resolución automática...
2026-04-08 09:40:52,085 [INFO]    ✅ Turnstile resuelto
2026-04-08 09:41:03,586 [INFO]    ⏳ Turnstile detectado — esperando resolución automática...
2026-04-08 09:41:03,606 [INFO]    ✅ Turnstile resuelto
2026-04-08 09:41:14,665 [INFO]    ⏳ Turnstile detectado — esperando resolución automática...
2026-04-08 09:41:14,683 [INFO]    ✅ Turnstile resuelto
2026-04-08 09:41:27,059 [INFO]    ⏳ Turnstile detectado — esperando resolución automática...
2026-04-08 09:41:27,081 [INFO]    ✅ Turnstile resuelto
2026-04-08 09:41:38,532 [INFO]    ⏳ Turnstile detectado — esperando resolución automática...
2026-04-08 09:41:38,573 [INFO]    ✅ Turnstile resuelto
2026-04-08 09:41:48,871 [INFO]    ⏳ Turnstile detectado — esperando resolución automática...
2026-04-08 09:41:48,905 [INFO]    ✅ Turnstile resuelto
2026-04-08 09:41:52,317 [INFO]    Página 3/5 → https://www.opcionempleo.com.ar/trabajo-data-scientist.html?p=3
2026-04-08 09:42:01,150 [INFO]    ⏳ Turnstile detectado — esperando resolución automática...
2026-04-08 09:42:01,172 [INFO]    ✅ Turnstile resuelto
2026-04-08 09:42:05,153 [INFO]    → 20 ofertas encontradas
2026-04-08 09:42:13,042 [INFO]    ⏳ Turnstile detectado — esperando resolución automática...
2026-04-08 09:42:13,064 [INFO]    ✅ Turnstile resuelto
2026-04-08 09:42:23,379 [INFO]    ⏳ Turnstile detectado — esperando resolución automática...
2026-04-08 09:42:23,397 [INFO]    ✅ Turnstile resuelto
2026-04-08 09:42:33,632 [INFO]    ⏳ Turnstile detectado — esperando resolución automática...
2026-04-08 09:42:33,654 [INFO]    ✅ Turnstile resuelto
2026-04-08 09:42:43,454 [INFO]    ⏳ Turnstile detectado — esperando resolución automática...
2026-04-08 09:42:43,477 [INFO]    ✅ Turnstile resuelto
2026-04-08 09:42:55,640 [INFO]    ⏳ Turnstile detectado — esperando resolución automática...
2026-04-08 09:42:55,662 [INFO]    ✅ Turnstile resuelto
2026-04-08 09:43:06,282 [INFO]    ⏳ Turnstile detectado — esperando resolución automática...
2026-04-08 09:43:06,303 [INFO]    ✅ Turnstile resuelto
2026-04-08 09:43:17,854 [INFO]    ⏳ Turnstile detectado — esperando resolución automática...
2026-04-08 09:43:17,873 [INFO]    ✅ Turnstile resuelto
2026-04-08 09:43:29,275 [INFO]    ⏳ Turnstile detectado — esperando resolución automática...
2026-04-08 09:43:29,296 [INFO]    ✅ Turnstile resuelto
2026-04-08 09:43:39,267 [INFO]    ⏳ Turnstile detectado — esperando resolución automática...
2026-04-08 09:43:39,288 [INFO]    ✅ Turnstile resuelto
2026-04-08 09:43:50,008 [INFO]    ⏳ Turnstile detectado — esperando resolución automática...
2026-04-08 09:43:50,029 [INFO]    ✅ Turnstile resuelto
2026-04-08 09:43:59,743 [INFO]    ⏳ Turnstile detectado — esperando resolución automática...
2026-04-08 09:43:59,766 [INFO]    ✅ Turnstile resuelto
2026-04-08 09:44:10,905 [INFO]    ⏳ Turnstile detectado — esperando resolución automática...
2026-04-08 09:44:10,926 [INFO]    ✅ Turnstile resuelto
2026-04-08 09:44:20,640 [INFO]    ⏳ Turnstile detectado — esperando resolución automática...
2026-04-08 09:44:20,678 [INFO]    ✅ Turnstile resuelto
2026-04-08 09:44:31,686 [INFO]    ⏳ Turnstile detectado — esperando resolución automática...
2026-04-08 09:44:31,725 [INFO]    ✅ Turnstile resuelto
2026-04-08 09:44:43,571 [INFO]    ⏳ Turnstile detectado — esperando resolución automática...
2026-04-08 09:44:43,592 [INFO]    ✅ Turnstile resuelto
2026-04-08 09:44:53,354 [INFO]    ⏳ Turnstile detectado — esperando resolución automática...
2026-04-08 09:44:53,372 [INFO]    ✅ Turnstile resuelto
2026-04-08 09:45:03,543 [INFO]    ⏳ Turnstile detectado — esperando resolución automática...
2026-04-08 09:45:03,564 [INFO]    ✅ Turnstile resuelto
2026-04-08 09:45:14,286 [INFO]    ⏳ Turnstile detectado — esperando resolución automática...
2026-04-08 09:45:14,305 [INFO]    ✅ Turnstile resuelto
2026-04-08 09:45:24,483 [INFO]    ⏳ Turnstile detectado — esperando resolución automática...
2026-04-08 09:45:24,505 [INFO]    ✅ Turnstile resuelto
2026-04-08 09:45:35,388 [INFO]    ⏳ Turnstile detectado — esperando resolución automática...
2026-04-08 09:45:35,410 [INFO]    ✅ Turnstile resuelto
2026-04-08 09:45:38,743 [INFO]    Página 4/5 → https://www.opcionempleo.com.ar/trabajo-data-scientist.html?p=4
2026-04-08 09:45:46,848 [INFO]    ⏳ Turnstile detectado — esperando resolución automática...
2026-04-08 09:45:46,868 [INFO]    ✅ Turnstile resuelto
2026-04-08 09:45:51,233 [INFO]    → 20 ofertas encontradas
2026-04-08 09:45:58,731 [INFO]    ⏳ Turnstile detectado — esperando resolución automática...
2026-04-08 09:45:58,751 [INFO]    ✅ Turnstile resuelto
2026-04-08 09:46:09,390 [INFO]    ⏳ Turnstile detectado — esperando resolución automática...
2026-04-08 09:46:09,410 [INFO]    ✅ Turnstile resuelto
2026-04-08 09:46:21,150 [INFO]    ⏳ Turnstile detectado — esperando resolución automática...
2026-04-08 09:46:21,185 [INFO]    ✅ Turnstile resuelto
2026-04-08 09:46:32,922 [INFO]    ⏳ Turnstile detectado — esperando resolución automática...
2026-04-08 09:46:32,940 [INFO]    ✅ Turnstile resuelto
2026-04-08 09:46:42,974 [INFO]    ⏳ Turnstile detectado — esperando resolución automática...
2026-04-08 09:46:42,993 [INFO]    ✅ Turnstile resuelto
2026-04-08 09:46:54,647 [INFO]    ⏳ Turnstile detectado — esperando resolución automática...
2026-04-08 09:46:54,670 [INFO]    ✅ Turnstile resuelto
2026-04-08 09:47:06,386 [INFO]    ⏳ Turnstile detectado — esperando resolución automática...
2026-04-08 09:47:06,403 [INFO]    ✅ Turnstile resuelto
2026-04-08 09:47:17,792 [INFO]    ⏳ Turnstile detectado — esperando resolución automática...
2026-04-08 09:47:17,812 [INFO]    ✅ Turnstile resuelto
2026-04-08 09:47:27,516 [INFO]    ⏳ Turnstile detectado — esperando resolución automática...
2026-04-08 09:47:27,535 [INFO]    ✅ Turnstile resuelto
2026-04-08 09:47:37,235 [INFO]    ⏳ Turnstile detectado — esperando resolución automática...
2026-04-08 09:47:37,252 [INFO]    ✅ Turnstile resuelto
2026-04-08 09:47:48,503 [INFO]    ⏳ Turnstile detectado — esperando resolución automática...
2026-04-08 09:47:48,526 [INFO]    ✅ Turnstile resuelto
2026-04-08 09:47:59,642 [INFO]    ⏳ Turnstile detectado — esperando resolución automática...
2026-04-08 09:47:59,666 [INFO]    ✅ Turnstile resuelto
2026-04-08 09:48:11,312 [INFO]    ⏳ Turnstile detectado — esperando resolución automática...
2026-04-08 09:48:11,335 [INFO]    ✅ Turnstile resuelto
2026-04-08 09:48:21,679 [INFO]    ⏳ Turnstile detectado — esperando resolución automática...
2026-04-08 09:48:21,698 [INFO]    ✅ Turnstile resuelto
2026-04-08 09:48:33,168 [INFO]    ⏳ Turnstile detectado — esperando resolución automática...
2026-04-08 09:48:33,189 [INFO]    ✅ Turnstile resuelto
2026-04-08 09:48:43,291 [INFO]    ⏳ Turnstile detectado — esperando resolución automática...
2026-04-08 09:48:43,311 [INFO]    ✅ Turnstile resuelto
2026-04-08 09:48:54,213 [INFO]    ⏳ Turnstile detectado — esperando resolución automática...
2026-04-08 09:48:54,233 [INFO]    ✅ Turnstile resuelto
2026-04-08 09:49:03,775 [INFO]    ⏳ Turnstile detectado — esperando resolución automática...
2026-04-08 09:49:03,798 [INFO]    ✅ Turnstile resuelto
2026-04-08 09:49:15,444 [INFO]    ⏳ Turnstile detectado — esperando resolución automática...
2026-04-08 09:49:15,463 [INFO]    ✅ Turnstile resuelto
2026-04-08 09:49:26,807 [INFO]    ⏳ Turnstile detectado — esperando resolución automática...
2026-04-08 09:49:26,827 [INFO]    ✅ Turnstile resuelto
2026-04-08 09:49:30,399 [INFO]    Página 5/5 → https://www.opcionempleo.com.ar/trabajo-data-scientist.html?p=5
2026-04-08 09:49:39,822 [INFO]    ⏳ Turnstile detectado — esperando resolución automática...
2026-04-08 09:49:39,865 [INFO]    ✅ Turnstile resuelto
2026-04-08 09:49:44,006 [INFO]    → 20 ofertas encontradas
2026-04-08 09:49:51,500 [INFO]    ⏳ Turnstile detectado — esperando resolución automática...
2026-04-08 09:49:51,522 [INFO]    ✅ Turnstile resuelto
2026-04-08 09:50:03,389 [INFO]    ⏳ Turnstile detectado — esperando resolución automática...
2026-04-08 09:50:03,409 [INFO]    ✅ Turnstile resuelto
2026-04-08 09:50:14,335 [INFO]    ⏳ Turnstile detectado — esperando resolución automática...
2026-04-08 09:50:14,376 [INFO]    ✅ Turnstile resuelto
2026-04-08 09:50:24,345 [INFO]    ⏳ Turnstile detectado — esperando resolución automática...
2026-04-08 09:50:24,362 [INFO]    ✅ Turnstile resuelto
2026-04-08 09:50:35,376 [INFO]    ⏳ Turnstile detectado — esperando resolución automática...
2026-04-08 09:50:35,394 [INFO]    ✅ Turnstile resuelto
2026-04-08 09:50:47,324 [INFO]    ⏳ Turnstile detectado — esperando resolución automática...
2026-04-08 09:50:47,346 [INFO]    ✅ Turnstile resuelto
2026-04-08 09:50:57,754 [INFO]    ⏳ Turnstile detectado — esperando resolución automática...
2026-04-08 09:50:57,773 [INFO]    ✅ Turnstile resuelto
2026-04-08 09:51:09,114 [INFO]    ⏳ Turnstile detectado — esperando resolución automática...
2026-04-08 09:51:09,135 [INFO]    ✅ Turnstile resuelto
2026-04-08 09:51:20,486 [INFO]    ⏳ Turnstile detectado — esperando resolución automática...
2026-04-08 09:51:20,505 [INFO]    ✅ Turnstile resuelto
2026-04-08 09:51:30,913 [INFO]    ⏳ Turnstile detectado — esperando resolución automática...
2026-04-08 09:51:30,932 [INFO]    ✅ Turnstile resuelto
2026-04-08 09:51:41,786 [INFO]    ⏳ Turnstile detectado — esperando resolución automática...
2026-04-08 09:51:41,804 [INFO]    ✅ Turnstile resuelto
2026-04-08 09:51:53,371 [INFO]    ⏳ Turnstile detectado — esperando resolución automática...
2026-04-08 09:51:53,389 [INFO]    ✅ Turnstile resuelto
2026-04-08 09:52:04,313 [INFO]    ⏳ Turnstile detectado — esperando resolución automática...
2026-04-08 09:52:04,332 [INFO]    ✅ Turnstile resuelto
2026-04-08 09:52:14,144 [INFO]    ⏳ Turnstile detectado — esperando resolución automática...
2026-04-08 09:52:14,164 [INFO]    ✅ Turnstile resuelto
2026-04-08 09:52:24,788 [INFO]    ⏳ Turnstile detectado — esperando resolución automática...
2026-04-08 09:52:24,806 [INFO]    ✅ Turnstile resuelto
2026-04-08 09:52:35,847 [INFO]    ⏳ Turnstile detectado — esperando resolución automática...
2026-04-08 09:52:35,868 [INFO]    ✅ Turnstile resuelto
2026-04-08 09:52:47,323 [INFO]    ⏳ Turnstile detectado — esperando resolución automática...
2026-04-08 09:52:47,341 [INFO]    ✅ Turnstile resuelto
2026-04-08 09:52:59,198 [INFO]    ⏳ Turnstile detectado — esperando resolución automática...
2026-04-08 09:52:59,221 [INFO]    ✅ Turnstile resuelto
2026-04-08 09:53:10,672 [INFO]    ⏳ Turnstile detectado — esperando resolución automática...
2026-04-08 09:53:10,693 [INFO]    ✅ Turnstile resuelto
2026-04-08 09:53:22,485 [INFO]    ⏳ Turnstile detectado — esperando resolución automática...
2026-04-08 09:53:22,502 [INFO]    ✅ Turnstile resuelto
2026-04-08 09:53:26,394 [INFO] Exportadas 100 ofertas → /media/carlos-a-cicconi/Common1/Repositorios-Ing.Carlos-Cicconi/Trabajo_Final_MCD/data/raw/opcionempleo_20260408.csv
2026-04-08 09:53:26,394 [INFO] ✅ 'Data Scientist': 100 ofertas guardadas
2026-04-08 09:53:26,394 [INFO]    💤 Pausa: 9.0s
2026-04-08 09:53:35,376 [INFO] 
🔍 Buscando: 'Data Analyst'
2026-04-08 09:53:35,376 [INFO]    Página 1/5 → https://www.opcionempleo.com.ar/trabajo-data-analyst.html
2026-04-08 09:53:45,382 [INFO]    ⏳ Turnstile detectado — esperando resolución automática...
2026-04-08 09:53:45,403 [INFO]    ✅ Turnstile resuelto
2026-04-08 09:53:49,111 [INFO]    → 20 ofertas encontradas
2026-04-08 09:53:55,528 [INFO]    ⏳ Turnstile detectado — esperando resolución automática...
2026-04-08 09:53:55,549 [INFO]    ✅ Turnstile resuelto
2026-04-08 09:54:05,439 [INFO]    ⏳ Turnstile detectado — esperando resolución automática...
2026-04-08 09:54:05,458 [INFO]    ✅ Turnstile resuelto
2026-04-08 09:54:16,300 [INFO]    ⏳ Turnstile detectado — esperando resolución automática...
2026-04-08 09:54:16,327 [INFO]    ✅ Turnstile resuelto
2026-04-08 09:54:27,046 [INFO]    ⏳ Turnstile detectado — esperando resolución automática...
2026-04-08 09:54:27,069 [INFO]    ✅ Turnstile resuelto
2026-04-08 09:54:37,797 [INFO]    ⏳ Turnstile detectado — esperando resolución automática...
2026-04-08 09:54:37,816 [INFO]    ✅ Turnstile resuelto
2026-04-08 09:54:49,061 [INFO]    ⏳ Turnstile detectado — esperando resolución automática...
2026-04-08 09:54:49,080 [INFO]    ✅ Turnstile resuelto
2026-04-08 09:54:58,909 [INFO]    ⏳ Turnstile detectado — esperando resolución automática...
2026-04-08 09:54:58,930 [INFO]    ✅ Turnstile resuelto
2026-04-08 09:55:10,361 [INFO]    ⏳ Turnstile detectado — esperando resolución automática...
2026-04-08 09:55:10,381 [INFO]    ✅ Turnstile resuelto
2026-04-08 09:55:20,293 [INFO]    ⏳ Turnstile detectado — esperando resolución automática...
2026-04-08 09:55:20,314 [INFO]    ✅ Turnstile resuelto
2026-04-08 09:55:31,355 [INFO]    ⏳ Turnstile detectado — esperando resolución automática...
2026-04-08 09:55:31,375 [INFO]    ✅ Turnstile resuelto
2026-04-08 09:55:42,926 [INFO]    ⏳ Turnstile detectado — esperando resolución automática...
2026-04-08 09:55:42,948 [INFO]    ✅ Turnstile resuelto
2026-04-08 09:55:53,481 [INFO]    ⏳ Turnstile detectado — esperando resolución automática...
2026-04-08 09:55:53,500 [INFO]    ✅ Turnstile resuelto
2026-04-08 09:56:03,011 [INFO]    ⏳ Turnstile detectado — esperando resolución automática...
2026-04-08 09:56:03,031 [INFO]    ✅ Turnstile resuelto
2026-04-08 09:56:12,829 [INFO]    ⏳ Turnstile detectado — esperando resolución automática...
2026-04-08 09:56:12,872 [INFO]    ✅ Turnstile resuelto
2026-04-08 09:56:24,357 [INFO]    ⏳ Turnstile detectado — esperando resolución automática...
2026-04-08 09:56:24,377 [INFO]    ✅ Turnstile resuelto
2026-04-08 09:56:36,370 [INFO]    ⏳ Turnstile detectado — esperando resolución automática...
2026-04-08 09:56:36,392 [INFO]    ✅ Turnstile resuelto
2026-04-08 09:56:48,770 [INFO]    ⏳ Turnstile detectado — esperando resolución automática...
2026-04-08 09:56:48,794 [INFO]    ✅ Turnstile resuelto
2026-04-08 09:57:01,153 [INFO]    ⏳ Turnstile detectado — esperando resolución automática...
2026-04-08 09:57:01,176 [INFO]    ✅ Turnstile resuelto
2026-04-08 09:57:11,676 [INFO]    ⏳ Turnstile detectado — esperando resolución automática...
2026-04-08 09:57:11,695 [INFO]    ✅ Turnstile resuelto
2026-04-08 09:57:23,543 [INFO]    ⏳ Turnstile detectado — esperando resolución automática...
2026-04-08 09:57:23,562 [INFO]    ✅ Turnstile resuelto
2026-04-08 09:57:27,444 [INFO]    Página 2/5 → https://www.opcionempleo.com.ar/trabajo-data-analyst.html?p=2
2026-04-08 09:57:37,833 [INFO]    ⏳ Turnstile detectado — esperando resolución automática...
2026-04-08 09:57:37,851 [INFO]    ✅ Turnstile resuelto
2026-04-08 09:57:41,630 [INFO]    → 20 ofertas encontradas
2026-04-08 09:57:50,154 [INFO]    ⏳ Turnstile detectado — esperando resolución automática...
2026-04-08 09:57:50,175 [INFO]    ✅ Turnstile resuelto
2026-04-08 09:58:01,977 [INFO]    ⏳ Turnstile detectado — esperando resolución automática...
2026-04-08 09:58:01,998 [INFO]    ✅ Turnstile resuelto
2026-04-08 09:58:11,293 [INFO]    ⏳ Turnstile detectado — esperando resolución automática...
2026-04-08 09:58:11,310 [INFO]    ✅ Turnstile resuelto
2026-04-08 09:58:22,956 [INFO]    ⏳ Turnstile detectado — esperando resolución automática...
2026-04-08 09:58:22,975 [INFO]    ✅ Turnstile resuelto
2026-04-08 09:58:33,724 [INFO]    ⏳ Turnstile detectado — esperando resolución automática...
2026-04-08 09:58:33,743 [INFO]    ✅ Turnstile resuelto
2026-04-08 09:58:45,396 [INFO]    ⏳ Turnstile detectado — esperando resolución automática...
2026-04-08 09:58:45,416 [INFO]    ✅ Turnstile resuelto
2026-04-08 09:58:56,758 [INFO]    ⏳ Turnstile detectado — esperando resolución automática...
2026-04-08 09:58:56,775 [INFO]    ✅ Turnstile resuelto
2026-04-08 09:59:08,080 [INFO]    ⏳ Turnstile detectado — esperando resolución automática...
2026-04-08 09:59:08,101 [INFO]    ✅ Turnstile resuelto
2026-04-08 09:59:17,753 [INFO]    ⏳ Turnstile detectado — esperando resolución automática...
2026-04-08 09:59:17,784 [INFO]    ✅ Turnstile resuelto
2026-04-08 09:59:27,684 [INFO]    ⏳ Turnstile detectado — esperando resolución automática...
2026-04-08 09:59:27,705 [INFO]    ✅ Turnstile resuelto
2026-04-08 09:59:39,359 [INFO]    ⏳ Turnstile detectado — esperando resolución automática...
2026-04-08 09:59:39,380 [INFO]    ✅ Turnstile resuelto
2026-04-08 09:59:49,789 [INFO]    ⏳ Turnstile detectado — esperando resolución automática...
2026-04-08 09:59:49,807 [INFO]    ✅ Turnstile resuelto
2026-04-08 09:59:59,652 [INFO]    ⏳ Turnstile detectado — esperando resolución automática...
2026-04-08 09:59:59,675 [INFO]    ✅ Turnstile resuelto
2026-04-08 10:00:11,025 [INFO]    ⏳ Turnstile detectado — esperando resolución automática...
2026-04-08 10:00:11,042 [INFO]    ✅ Turnstile resuelto
2026-04-08 10:00:21,002 [INFO]    ⏳ Turnstile detectado — esperando resolución automática...
2026-04-08 10:00:21,024 [INFO]    ✅ Turnstile resuelto
2026-04-08 10:00:31,384 [INFO]    ⏳ Turnstile detectado — esperando resolución automática...
2026-04-08 10:00:31,405 [INFO]    ✅ Turnstile resuelto
2026-04-08 10:00:42,329 [INFO]    ⏳ Turnstile detectado — esperando resolución automática...
2026-04-08 10:00:42,352 [INFO]    ✅ Turnstile resuelto
2026-04-08 10:00:53,897 [INFO]    ⏳ Turnstile detectado — esperando resolución automática...
2026-04-08 10:00:53,922 [INFO]    ✅ Turnstile resuelto
2026-04-08 10:01:03,531 [INFO]    ⏳ Turnstile detectado — esperando resolución automática...
2026-04-08 10:01:03,555 [INFO]    ✅ Turnstile resuelto
2026-04-08 10:01:13,860 [INFO]    ⏳ Turnstile detectado — esperando resolución automática...
2026-04-08 10:01:13,878 [INFO]    ✅ Turnstile resuelto
2026-04-08 10:01:17,512 [INFO]    Página 3/5 → https://www.opcionempleo.com.ar/trabajo-data-analyst.html?p=3
2026-04-08 10:01:26,560 [INFO]    ⏳ Turnstile detectado — esperando resolución automática...
2026-04-08 10:01:26,579 [INFO]    ✅ Turnstile resuelto
2026-04-08 10:01:30,762 [INFO]    → 20 ofertas encontradas
2026-04-08 10:01:39,057 [INFO]    ⏳ Turnstile detectado — esperando resolución automática...
2026-04-08 10:01:39,078 [INFO]    ✅ Turnstile resuelto
2026-04-08 10:01:49,299 [INFO]    ⏳ Turnstile detectado — esperando resolución automática...
2026-04-08 10:01:49,318 [INFO]    ✅ Turnstile resuelto
2026-04-08 10:01:58,923 [INFO]    ⏳ Turnstile detectado — esperando resolución automática...
2026-04-08 10:01:58,942 [INFO]    ✅ Turnstile resuelto
2026-04-08 10:02:09,982 [INFO]    ⏳ Turnstile detectado — esperando resolución automática...
2026-04-08 10:02:10,005 [INFO]    ✅ Turnstile resuelto
2026-04-08 10:02:20,524 [INFO]    ⏳ Turnstile detectado — esperando resolución automática...
2026-04-08 10:02:20,545 [INFO]    ✅ Turnstile resuelto
2026-04-08 10:02:32,314 [INFO]    ⏳ Turnstile detectado — esperando resolución automática...
2026-04-08 10:02:32,335 [INFO]    ✅ Turnstile resuelto
2026-04-08 10:02:44,799 [INFO]    ⏳ Turnstile detectado — esperando resolución automática...
2026-04-08 10:02:44,818 [INFO]    ✅ Turnstile resuelto
2026-04-08 10:02:55,494 [INFO]    ⏳ Turnstile detectado — esperando resolución automática...
2026-04-08 10:02:55,515 [INFO]    ✅ Turnstile resuelto
2026-04-08 10:03:05,784 [INFO]    ⏳ Turnstile detectado — esperando resolución automática...
2026-04-08 10:03:05,804 [INFO]    ✅ Turnstile resuelto
2026-04-08 10:03:15,207 [INFO]    ⏳ Turnstile detectado — esperando resolución automática...
2026-04-08 10:03:15,226 [INFO]    ✅ Turnstile resuelto
2026-04-08 10:03:27,088 [INFO]    ⏳ Turnstile detectado — esperando resolución automática...
2026-04-08 10:03:27,107 [INFO]    ✅ Turnstile resuelto
2026-04-08 10:03:39,070 [INFO]    ⏳ Turnstile detectado — esperando resolución automática...
2026-04-08 10:03:39,091 [INFO]    ✅ Turnstile resuelto
2026-04-08 10:03:49,833 [INFO]    ⏳ Turnstile detectado — esperando resolución automática...
2026-04-08 10:03:49,869 [INFO]    ✅ Turnstile resuelto
2026-04-08 10:04:00,962 [INFO]    ⏳ Turnstile detectado — esperando resolución automática...
2026-04-08 10:04:01,002 [INFO]    ✅ Turnstile resuelto
2026-04-08 10:04:10,974 [INFO]    ⏳ Turnstile detectado — esperando resolución automática...
2026-04-08 10:04:11,008 [INFO]    ✅ Turnstile resuelto
2026-04-08 10:04:22,183 [INFO]    ⏳ Turnstile detectado — esperando resolución automática...
2026-04-08 10:04:22,199 [INFO]    ✅ Turnstile resuelto
2026-04-08 10:04:32,698 [INFO]    ⏳ Turnstile detectado — esperando resolución automática...
2026-04-08 10:04:32,715 [INFO]    ✅ Turnstile resuelto
2026-04-08 10:04:44,526 [INFO]    ⏳ Turnstile detectado — esperando resolución automática...
2026-04-08 10:04:44,544 [INFO]    ✅ Turnstile resuelto
2026-04-08 10:04:55,525 [INFO]    ⏳ Turnstile detectado — esperando resolución automática...
2026-04-08 10:04:55,574 [INFO]    ✅ Turnstile resuelto
2026-04-08 10:05:06,596 [INFO]    ⏳ Turnstile detectado — esperando resolución automática...
2026-04-08 10:05:06,616 [INFO]    ✅ Turnstile resuelto
2026-04-08 10:05:10,425 [INFO]    Página 4/5 → https://www.opcionempleo.com.ar/trabajo-data-analyst.html?p=4
2026-04-08 10:05:20,665 [INFO]    ⏳ Turnstile detectado — esperando resolución automática...
2026-04-08 10:05:20,687 [INFO]    ✅ Turnstile resuelto
2026-04-08 10:05:25,281 [INFO]    → 20 ofertas encontradas
2026-04-08 10:05:33,719 [INFO]    ⏳ Turnstile detectado — esperando resolución automática...
2026-04-08 10:05:33,736 [INFO]    ✅ Turnstile resuelto
2026-04-08 10:05:44,151 [INFO]    ⏳ Turnstile detectado — esperando resolución automática...
2026-04-08 10:05:44,167 [INFO]    ✅ Turnstile resuelto
2026-04-08 10:05:55,372 [INFO]    ⏳ Turnstile detectado — esperando resolución automática...
2026-04-08 10:05:55,390 [INFO]    ✅ Turnstile resuelto
2026-04-08 10:06:06,634 [INFO]    ⏳ Turnstile detectado — esperando resolución automática...
2026-04-08 10:06:06,651 [INFO]    ✅ Turnstile resuelto
2026-04-08 10:06:16,255 [INFO]    ⏳ Turnstile detectado — esperando resolución automática...
2026-04-08 10:06:16,271 [INFO]    ✅ Turnstile resuelto
2026-04-08 10:06:26,388 [INFO]    ⏳ Turnstile detectado — esperando resolución automática...
2026-04-08 10:06:26,405 [INFO]    ✅ Turnstile resuelto
2026-04-08 10:06:37,956 [INFO]    ⏳ Turnstile detectado — esperando resolución automática...
2026-04-08 10:06:37,976 [INFO]    ✅ Turnstile resuelto
2026-04-08 10:06:49,338 [INFO]    ⏳ Turnstile detectado — esperando resolución automática...
2026-04-08 10:06:49,363 [INFO]    ✅ Turnstile resuelto
2026-04-08 10:07:00,541 [INFO]    ⏳ Turnstile detectado — esperando resolución automática...
2026-04-08 10:07:00,559 [INFO]    ✅ Turnstile resuelto
2026-04-08 10:07:10,527 [INFO]    ⏳ Turnstile detectado — esperando resolución automática...
2026-04-08 10:07:10,550 [INFO]    ✅ Turnstile resuelto
2026-04-08 10:07:20,971 [INFO]    ⏳ Turnstile detectado — esperando resolución automática...
2026-04-08 10:07:20,993 [INFO]    ✅ Turnstile resuelto
2026-04-08 10:07:31,207 [INFO]    ⏳ Turnstile detectado — esperando resolución automática...
2026-04-08 10:07:31,232 [INFO]    ✅ Turnstile resuelto
2026-04-08 10:07:41,343 [INFO]    ⏳ Turnstile detectado — esperando resolución automática...
2026-04-08 10:07:41,389 [INFO]    ✅ Turnstile resuelto
2026-04-08 10:07:52,507 [INFO]    ⏳ Turnstile detectado — esperando resolución automática...
2026-04-08 10:07:52,529 [INFO]    ✅ Turnstile resuelto
2026-04-08 10:08:02,646 [INFO]    ⏳ Turnstile detectado — esperando resolución automática...
2026-04-08 10:08:02,667 [INFO]    ✅ Turnstile resuelto
2026-04-08 10:08:13,493 [INFO]    ⏳ Turnstile detectado — esperando resolución automática...
2026-04-08 10:08:13,517 [INFO]    ✅ Turnstile resuelto
2026-04-08 10:08:23,322 [INFO]    ⏳ Turnstile detectado — esperando resolución automática...
2026-04-08 10:08:23,343 [INFO]    ✅ Turnstile resuelto
2026-04-08 10:08:33,879 [INFO]    ⏳ Turnstile detectado — esperando resolución automática...
2026-04-08 10:08:33,900 [INFO]    ✅ Turnstile resuelto
2026-04-08 10:08:43,401 [INFO]    ⏳ Turnstile detectado — esperando resolución automática...
2026-04-08 10:08:43,422 [INFO]    ✅ Turnstile resuelto
2026-04-08 10:08:53,287 [INFO]    ⏳ Turnstile detectado — esperando resolución automática...
2026-04-08 10:08:53,310 [INFO]    ✅ Turnstile resuelto
2026-04-08 10:08:56,959 [INFO]    Página 5/5 → https://www.opcionempleo.com.ar/trabajo-data-analyst.html?p=5
2026-04-08 10:09:06,742 [INFO]    ⏳ Turnstile detectado — esperando resolución automática...
2026-04-08 10:09:06,763 [INFO]    ✅ Turnstile resuelto
2026-04-08 10:09:11,101 [INFO]    → 20 ofertas encontradas
2026-04-08 10:09:19,658 [INFO]    ⏳ Turnstile detectado — esperando resolución automática...
2026-04-08 10:09:19,677 [INFO]    ✅ Turnstile resuelto
2026-04-08 10:09:30,697 [INFO]    ⏳ Turnstile detectado — esperando resolución automática...
2026-04-08 10:09:30,723 [INFO]    ✅ Turnstile resuelto
2026-04-08 10:09:41,664 [INFO]    ⏳ Turnstile detectado — esperando resolución automática...
2026-04-08 10:09:41,684 [INFO]    ✅ Turnstile resuelto
2026-04-08 10:09:53,748 [INFO]    ⏳ Turnstile detectado — esperando resolución automática...
2026-04-08 10:09:53,769 [INFO]    ✅ Turnstile resuelto
2026-04-08 10:10:04,921 [INFO]    ⏳ Turnstile detectado — esperando resolución automática...
2026-04-08 10:10:04,943 [INFO]    ✅ Turnstile resuelto
2026-04-08 10:10:16,489 [INFO]    ⏳ Turnstile detectado — esperando resolución automática...
2026-04-08 10:10:16,509 [INFO]    ✅ Turnstile resuelto
2026-04-08 10:10:26,312 [INFO]    ⏳ Turnstile detectado — esperando resolución automática...
2026-04-08 10:10:26,333 [INFO]    ✅ Turnstile resuelto
2026-04-08 10:10:37,963 [INFO]    ⏳ Turnstile detectado — esperando resolución automática...
2026-04-08 10:10:37,982 [INFO]    ✅ Turnstile resuelto
2026-04-08 10:10:49,866 [INFO]    ⏳ Turnstile detectado — esperando resolución automática...
2026-04-08 10:10:49,885 [INFO]    ✅ Turnstile resuelto
2026-04-08 10:11:01,228 [INFO]    ⏳ Turnstile detectado — esperando resolución automática...
2026-04-08 10:11:01,249 [INFO]    ✅ Turnstile resuelto
2026-04-08 10:11:12,854 [INFO]    ⏳ Turnstile detectado — esperando resolución automática...
2026-04-08 10:11:12,875 [INFO]    ✅ Turnstile resuelto
2026-04-08 10:11:23,121 [INFO]    ⏳ Turnstile detectado — esperando resolución automática...
2026-04-08 10:11:23,140 [INFO]    ✅ Turnstile resuelto
2026-04-08 10:11:35,496 [INFO]    ⏳ Turnstile detectado — esperando resolución automática...
2026-04-08 10:11:35,521 [INFO]    ✅ Turnstile resuelto
2026-04-08 10:11:45,747 [INFO]    ⏳ Turnstile detectado — esperando resolución automática...
2026-04-08 10:11:45,789 [INFO]    ✅ Turnstile resuelto
2026-04-08 10:11:56,010 [INFO]    ⏳ Turnstile detectado — esperando resolución automática...
2026-04-08 10:11:56,033 [INFO]    ✅ Turnstile resuelto
2026-04-08 10:12:07,887 [INFO]    ⏳ Turnstile detectado — esperando resolución automática...
2026-04-08 10:12:07,910 [INFO]    ✅ Turnstile resuelto
2026-04-08 10:12:18,543 [INFO]    ⏳ Turnstile detectado — esperando resolución automática...
2026-04-08 10:12:18,564 [INFO]    ✅ Turnstile resuelto
2026-04-08 10:12:29,658 [INFO]    ⏳ Turnstile detectado — esperando resolución automática...
2026-04-08 10:12:29,678 [INFO]    ✅ Turnstile resuelto
2026-04-08 10:12:39,533 [INFO]    ⏳ Turnstile detectado — esperando resolución automática...
2026-04-08 10:12:39,551 [INFO]    ✅ Turnstile resuelto
2026-04-08 10:12:51,210 [INFO]    ⏳ Turnstile detectado — esperando resolución automática...
2026-04-08 10:12:51,228 [INFO]    ✅ Turnstile resuelto
2026-04-08 10:12:54,546 [INFO] Exportadas 100 ofertas → /media/carlos-a-cicconi/Common1/Repositorios-Ing.Carlos-Cicconi/Trabajo_Final_MCD/data/raw/opcionempleo_20260408.csv
2026-04-08 10:12:54,546 [INFO] ✅ 'Data Analyst': 100 ofertas guardadas
2026-04-08 10:12:54,546 [INFO]    💤 Pausa: 12.2s
2026-04-08 10:13:06,777 [INFO] 
🔍 Buscando: 'Machine Learning Engineer'
2026-04-08 10:13:06,777 [INFO]    Página 1/5 → https://www.opcionempleo.com.ar/trabajo-machine-learning.html
2026-04-08 10:13:15,184 [INFO]    ⏳ Turnstile detectado — esperando resolución automática...
2026-04-08 10:13:15,205 [INFO]    ✅ Turnstile resuelto
2026-04-08 10:13:19,512 [INFO]    → 20 ofertas encontradas
2026-04-08 10:13:25,991 [INFO]    ⏳ Turnstile detectado — esperando resolución automática...
2026-04-08 10:13:26,027 [INFO]    ✅ Turnstile resuelto
2026-04-08 10:13:36,240 [INFO]    ⏳ Turnstile detectado — esperando resolución automática...
2026-04-08 10:13:36,267 [INFO]    ✅ Turnstile resuelto
2026-04-08 10:13:47,032 [INFO]    ⏳ Turnstile detectado — esperando resolución automática...
2026-04-08 10:13:47,052 [INFO]    ✅ Turnstile resuelto
2026-04-08 10:13:56,547 [INFO]    ⏳ Turnstile detectado — esperando resolución automática...
2026-04-08 10:13:56,568 [INFO]    ✅ Turnstile resuelto
2026-04-08 10:14:07,562 [INFO]    ⏳ Turnstile detectado — esperando resolución automática...
2026-04-08 10:14:07,587 [INFO]    ✅ Turnstile resuelto
2026-04-08 10:14:18,679 [INFO]    ⏳ Turnstile detectado — esperando resolución automática...
2026-04-08 10:14:18,698 [INFO]    ✅ Turnstile resuelto
2026-04-08 10:14:29,222 [INFO]    ⏳ Turnstile detectado — esperando resolución automática...
2026-04-08 10:14:29,240 [INFO]    ✅ Turnstile resuelto
2026-04-08 10:14:40,373 [INFO]    ⏳ Turnstile detectado — esperando resolución automática...
2026-04-08 10:14:40,391 [INFO]    ✅ Turnstile resuelto
2026-04-08 10:14:50,774 [INFO]    ⏳ Turnstile detectado — esperando resolución automática...
2026-04-08 10:14:50,817 [INFO]    ✅ Turnstile resuelto
2026-04-08 10:15:01,879 [INFO]    ⏳ Turnstile detectado — esperando resolución automática...
2026-04-08 10:15:01,898 [INFO]    ✅ Turnstile resuelto
2026-04-08 10:15:13,674 [INFO]    ⏳ Turnstile detectado — esperando resolución automática...
2026-04-08 10:15:13,696 [INFO]    ✅ Turnstile resuelto
2026-04-08 10:15:25,219 [INFO]    ⏳ Turnstile detectado — esperando resolución automática...
2026-04-08 10:15:25,237 [INFO]    ✅ Turnstile resuelto
2026-04-08 10:15:36,558 [INFO]    ⏳ Turnstile detectado — esperando resolución automática...
2026-04-08 10:15:36,581 [INFO]    ✅ Turnstile resuelto
2026-04-08 10:15:46,779 [INFO]    ⏳ Turnstile detectado — esperando resolución automática...
2026-04-08 10:15:46,798 [INFO]    ✅ Turnstile resuelto
2026-04-08 10:15:57,104 [INFO]    ⏳ Turnstile detectado — esperando resolución automática...
2026-04-08 10:15:57,121 [INFO]    ✅ Turnstile resuelto
2026-04-08 10:16:07,517 [INFO]    ⏳ Turnstile detectado — esperando resolución automática...
2026-04-08 10:16:07,545 [INFO]    ✅ Turnstile resuelto
2026-04-08 10:16:17,305 [INFO]    ⏳ Turnstile detectado — esperando resolución automática...
2026-04-08 10:16:17,324 [INFO]    ✅ Turnstile resuelto
2026-04-08 10:16:27,640 [INFO]    ⏳ Turnstile detectado — esperando resolución automática...
2026-04-08 10:16:27,659 [INFO]    ✅ Turnstile resuelto
2026-04-08 10:16:39,866 [INFO]    ⏳ Turnstile detectado — esperando resolución automática...
2026-04-08 10:16:39,892 [INFO]    ✅ Turnstile resuelto
2026-04-08 10:16:50,079 [INFO]    ⏳ Turnstile detectado — esperando resolución automática...
2026-04-08 10:16:50,096 [INFO]    ✅ Turnstile resuelto
2026-04-08 10:16:53,921 [INFO]    Página 2/5 → https://www.opcionempleo.com.ar/trabajo-machine-learning.html?p=2
2026-04-08 10:17:03,177 [INFO]    ⏳ Turnstile detectado — esperando resolución automática...
2026-04-08 10:17:03,210 [INFO]    ✅ Turnstile resuelto
2026-04-08 10:17:07,246 [INFO]    → 20 ofertas encontradas
2026-04-08 10:17:14,804 [INFO]    ⏳ Turnstile detectado — esperando resolución automática...
2026-04-08 10:17:14,832 [INFO]    ✅ Turnstile resuelto
2026-04-08 10:17:27,340 [INFO]    ⏳ Turnstile detectado — esperando resolución automática...
2026-04-08 10:17:27,358 [INFO]    ✅ Turnstile resuelto
2026-04-08 10:17:38,830 [INFO]    ⏳ Turnstile detectado — esperando resolución automática...
2026-04-08 10:17:38,851 [INFO]    ✅ Turnstile resuelto
2026-04-08 10:17:50,740 [INFO]    ⏳ Turnstile detectado — esperando resolución automática...
2026-04-08 10:17:50,761 [INFO]    ✅ Turnstile resuelto
2026-04-08 10:18:01,330 [INFO]    ⏳ Turnstile detectado — esperando resolución automática...
2026-04-08 10:18:01,367 [INFO]    ✅ Turnstile resuelto
2026-04-08 10:18:12,952 [INFO]    ⏳ Turnstile detectado — esperando resolución automática...
2026-04-08 10:18:12,971 [INFO]    ✅ Turnstile resuelto
2026-04-08 10:18:22,888 [INFO]    ⏳ Turnstile detectado — esperando resolución automática...
2026-04-08 10:18:22,910 [INFO]    ✅ Turnstile resuelto
2026-04-08 10:18:35,076 [INFO]    ⏳ Turnstile detectado — esperando resolución automática...
2026-04-08 10:18:35,096 [INFO]    ✅ Turnstile resuelto
2026-04-08 10:18:45,742 [INFO]    ⏳ Turnstile detectado — esperando resolución automática...
2026-04-08 10:18:45,761 [INFO]    ✅ Turnstile resuelto
2026-04-08 10:18:56,774 [INFO]    ⏳ Turnstile detectado — esperando resolución automática...
2026-04-08 10:18:56,795 [INFO]    ✅ Turnstile resuelto
2026-04-08 10:19:06,690 [INFO]    ⏳ Turnstile detectado — esperando resolución automática...
2026-04-08 10:19:06,709 [INFO]    ✅ Turnstile resuelto
2026-04-08 10:19:18,386 [INFO]    ⏳ Turnstile detectado — esperando resolución automática...
2026-04-08 10:19:18,407 [INFO]    ✅ Turnstile resuelto
2026-04-08 10:19:28,273 [INFO]    ⏳ Turnstile detectado — esperando resolución automática...
2026-04-08 10:19:28,294 [INFO]    ✅ Turnstile resuelto
2026-04-08 10:19:39,998 [INFO]    ⏳ Turnstile detectado — esperando resolución automática...
2026-04-08 10:19:40,019 [INFO]    ✅ Turnstile resuelto
2026-04-08 10:19:51,055 [INFO]    ⏳ Turnstile detectado — esperando resolución automática...
2026-04-08 10:19:51,078 [INFO]    ✅ Turnstile resuelto
2026-04-08 10:20:02,727 [INFO]    ⏳ Turnstile detectado — esperando resolución automática...
2026-04-08 10:20:02,747 [INFO]    ✅ Turnstile resuelto
2026-04-08 10:20:13,181 [INFO]    ⏳ Turnstile detectado — esperando resolución automática...
2026-04-08 10:20:13,201 [INFO]    ✅ Turnstile resuelto
2026-04-08 10:20:22,699 [INFO]    ⏳ Turnstile detectado — esperando resolución automática...
2026-04-08 10:20:22,721 [INFO]    ✅ Turnstile resuelto
2026-04-08 10:20:34,162 [INFO]    ⏳ Turnstile detectado — esperando resolución automática...
2026-04-08 10:20:34,185 [INFO]    ✅ Turnstile resuelto
2026-04-08 10:20:45,429 [INFO]    ⏳ Turnstile detectado — esperando resolución automática...
2026-04-08 10:20:45,448 [INFO]    ✅ Turnstile resuelto
2026-04-08 10:20:48,901 [INFO]    Página 3/5 → https://www.opcionempleo.com.ar/trabajo-machine-learning.html?p=3
2026-04-08 10:20:59,232 [INFO]    ⏳ Turnstile detectado — esperando resolución automática...
2026-04-08 10:20:59,270 [INFO]    ✅ Turnstile resuelto
2026-04-08 10:21:03,117 [INFO]    → 20 ofertas encontradas
2026-04-08 10:21:09,503 [INFO]    ⏳ Turnstile detectado — esperando resolución automática...
2026-04-08 10:21:09,522 [INFO]    ✅ Turnstile resuelto
2026-04-08 10:21:20,654 [INFO]    ⏳ Turnstile detectado — esperando resolución automática...
2026-04-08 10:21:20,673 [INFO]    ✅ Turnstile resuelto
2026-04-08 10:21:30,688 [INFO]    ⏳ Turnstile detectado — esperando resolución automática...
2026-04-08 10:21:30,711 [INFO]    ✅ Turnstile resuelto
2026-04-08 10:21:41,336 [INFO]    ⏳ Turnstile detectado — esperando resolución automática...
2026-04-08 10:21:41,354 [INFO]    ✅ Turnstile resuelto
2026-04-08 10:21:52,507 [INFO]    ⏳ Turnstile detectado — esperando resolución automática...
2026-04-08 10:21:52,526 [INFO]    ✅ Turnstile resuelto
2026-04-08 10:22:03,720 [INFO]    ⏳ Turnstile detectado — esperando resolución automática...
2026-04-08 10:22:03,739 [INFO]    ✅ Turnstile resuelto
2026-04-08 10:22:13,903 [INFO]    ⏳ Turnstile detectado — esperando resolución automática...
2026-04-08 10:22:13,923 [INFO]    ✅ Turnstile resuelto
2026-04-08 10:22:25,076 [INFO]    ⏳ Turnstile detectado — esperando resolución automática...
2026-04-08 10:22:25,096 [INFO]    ✅ Turnstile resuelto
2026-04-08 10:22:36,428 [INFO]    ⏳ Turnstile detectado — esperando resolución automática...
2026-04-08 10:22:36,451 [INFO]    ✅ Turnstile resuelto
2026-04-08 10:22:47,121 [INFO]    ⏳ Turnstile detectado — esperando resolución automática...
2026-04-08 10:22:47,143 [INFO]    ✅ Turnstile resuelto
2026-04-08 10:22:59,577 [INFO]    ⏳ Turnstile detectado — esperando resolución automática...
2026-04-08 10:22:59,601 [INFO]    ✅ Turnstile resuelto
2026-04-08 10:23:10,213 [INFO]    ⏳ Turnstile detectado — esperando resolución automática...
2026-04-08 10:23:10,231 [INFO]    ✅ Turnstile resuelto
2026-04-08 10:23:21,679 [INFO]    ⏳ Turnstile detectado — esperando resolución automática...
2026-04-08 10:23:21,696 [INFO]    ✅ Turnstile resuelto
2026-04-08 10:23:32,147 [INFO]    ⏳ Turnstile detectado — esperando resolución automática...
2026-04-08 10:23:32,165 [INFO]    ✅ Turnstile resuelto
2026-04-08 10:23:42,483 [INFO]    ⏳ Turnstile detectado — esperando resolución automática...
2026-04-08 10:23:42,504 [INFO]    ✅ Turnstile resuelto
2026-04-08 10:23:54,041 [INFO]    ⏳ Turnstile detectado — esperando resolución automática...
2026-04-08 10:23:54,059 [INFO]    ✅ Turnstile resuelto
2026-04-08 10:24:05,012 [INFO]    ⏳ Turnstile detectado — esperando resolución automática...
2026-04-08 10:24:05,030 [INFO]    ✅ Turnstile resuelto
2026-04-08 10:24:15,257 [INFO]    ⏳ Turnstile detectado — esperando resolución automática...
2026-04-08 10:24:15,276 [INFO]    ✅ Turnstile resuelto
2026-04-08 10:24:26,302 [INFO]    ⏳ Turnstile detectado — esperando resolución automática...
2026-04-08 10:24:26,320 [INFO]    ✅ Turnstile resuelto
2026-04-08 10:24:38,083 [INFO]    ⏳ Turnstile detectado — esperando resolución automática...
2026-04-08 10:24:38,107 [INFO]    ✅ Turnstile resuelto
2026-04-08 10:24:41,351 [INFO]    Página 4/5 → https://www.opcionempleo.com.ar/trabajo-machine-learning.html?p=4
2026-04-08 10:24:49,545 [INFO]    ⏳ Turnstile detectado — esperando resolución automática...
2026-04-08 10:24:49,564 [INFO]    ✅ Turnstile resuelto
2026-04-08 10:24:53,830 [INFO]    → 20 ofertas encontradas
2026-04-08 10:25:00,931 [INFO]    ⏳ Turnstile detectado — esperando resolución automática...
2026-04-08 10:25:00,967 [INFO]    ✅ Turnstile resuelto
2026-04-08 10:25:10,394 [INFO]    ⏳ Turnstile detectado — esperando resolución automática...
2026-04-08 10:25:10,412 [INFO]    ✅ Turnstile resuelto
2026-04-08 10:25:20,682 [INFO]    ⏳ Turnstile detectado — esperando resolución automática...
2026-04-08 10:25:20,704 [INFO]    ✅ Turnstile resuelto
2026-04-08 10:25:31,859 [INFO]    ⏳ Turnstile detectado — esperando resolución automática...
2026-04-08 10:25:31,876 [INFO]    ✅ Turnstile resuelto
2026-04-08 10:25:43,124 [INFO]    ⏳ Turnstile detectado — esperando resolución automática...
2026-04-08 10:25:43,141 [INFO]    ✅ Turnstile resuelto
2026-04-08 10:25:55,188 [INFO]    ⏳ Turnstile detectado — esperando resolución automática...
2026-04-08 10:25:55,206 [INFO]    ✅ Turnstile resuelto
2026-04-08 10:26:04,924 [INFO]    ⏳ Turnstile detectado — esperando resolución automática...
2026-04-08 10:26:04,942 [INFO]    ✅ Turnstile resuelto
2026-04-08 10:26:16,849 [INFO]    ⏳ Turnstile detectado — esperando resolución automática...
2026-04-08 10:26:16,870 [INFO]    ✅ Turnstile resuelto
2026-04-08 10:26:26,402 [INFO]    ⏳ Turnstile detectado — esperando resolución automática...
2026-04-08 10:26:26,420 [INFO]    ✅ Turnstile resuelto
2026-04-08 10:26:38,103 [INFO]    ⏳ Turnstile detectado — esperando resolución automática...
2026-04-08 10:26:38,122 [INFO]    ✅ Turnstile resuelto
2026-04-08 10:26:47,989 [INFO]    ⏳ Turnstile detectado — esperando resolución automática...
2026-04-08 10:26:48,006 [INFO]    ✅ Turnstile resuelto
2026-04-08 10:26:59,300 [INFO]    ⏳ Turnstile detectado — esperando resolución automática...
2026-04-08 10:26:59,318 [INFO]    ✅ Turnstile resuelto
2026-04-08 10:27:10,695 [INFO]    ⏳ Turnstile detectado — esperando resolución automática...
2026-04-08 10:27:10,736 [INFO]    ✅ Turnstile resuelto
2026-04-08 10:27:21,874 [INFO]    ⏳ Turnstile detectado — esperando resolución automática...
2026-04-08 10:27:21,897 [INFO]    ✅ Turnstile resuelto
2026-04-08 10:27:33,580 [INFO]    ⏳ Turnstile detectado — esperando resolución automática...
2026-04-08 10:27:33,601 [INFO]    ✅ Turnstile resuelto
2026-04-08 10:27:43,942 [INFO]    ⏳ Turnstile detectado — esperando resolución automática...
2026-04-08 10:27:43,962 [INFO]    ✅ Turnstile resuelto
2026-04-08 10:27:53,826 [INFO]    ⏳ Turnstile detectado — esperando resolución automática...
2026-04-08 10:27:53,844 [INFO]    ✅ Turnstile resuelto
2026-04-08 10:28:06,063 [INFO]    ⏳ Turnstile detectado — esperando resolución automática...
2026-04-08 10:28:06,084 [INFO]    ✅ Turnstile resuelto
2026-04-08 10:28:17,014 [INFO]    ⏳ Turnstile detectado — esperando resolución automática...
2026-04-08 10:28:17,034 [INFO]    ✅ Turnstile resuelto
2026-04-08 10:28:29,204 [INFO]    ⏳ Turnstile detectado — esperando resolución automática...
2026-04-08 10:28:29,222 [INFO]    ✅ Turnstile resuelto
2026-04-08 10:28:32,958 [INFO]    Página 5/5 → https://www.opcionempleo.com.ar/trabajo-machine-learning.html?p=5
2026-04-08 10:28:42,509 [INFO]    ⏳ Turnstile detectado — esperando resolución automática...
2026-04-08 10:28:42,554 [INFO]    ✅ Turnstile resuelto
2026-04-08 10:28:47,109 [INFO]    → 15 ofertas encontradas
2026-04-08 10:28:54,549 [INFO]    ⏳ Turnstile detectado — esperando resolución automática...
2026-04-08 10:28:54,568 [INFO]    ✅ Turnstile resuelto
2026-04-08 10:29:04,632 [INFO]    ⏳ Turnstile detectado — esperando resolución automática...
2026-04-08 10:29:04,649 [INFO]    ✅ Turnstile resuelto
2026-04-08 10:29:14,877 [INFO]    ⏳ Turnstile detectado — esperando resolución automática...
2026-04-08 10:29:14,899 [INFO]    ✅ Turnstile resuelto
2026-04-08 10:29:24,693 [INFO]    ⏳ Turnstile detectado — esperando resolución automática...
2026-04-08 10:29:24,713 [INFO]    ✅ Turnstile resuelto
2026-04-08 10:29:35,554 [INFO]    ⏳ Turnstile detectado — esperando resolución automática...
2026-04-08 10:29:35,579 [INFO]    ✅ Turnstile resuelto
2026-04-08 10:29:47,294 [INFO]    ⏳ Turnstile detectado — esperando resolución automática...
2026-04-08 10:29:47,314 [INFO]    ✅ Turnstile resuelto
2026-04-08 10:29:58,592 [INFO]    ⏳ Turnstile detectado — esperando resolución automática...
2026-04-08 10:29:58,611 [INFO]    ✅ Turnstile resuelto
2026-04-08 10:30:09,862 [INFO]    ⏳ Turnstile detectado — esperando resolución automática...
2026-04-08 10:30:09,880 [INFO]    ✅ Turnstile resuelto
2026-04-08 10:30:21,327 [INFO]    ⏳ Turnstile detectado — esperando resolución automática...
2026-04-08 10:30:21,346 [INFO]    ✅ Turnstile resuelto
2026-04-08 10:30:33,217 [INFO]    ⏳ Turnstile detectado — esperando resolución automática...
2026-04-08 10:30:33,238 [INFO]    ✅ Turnstile resuelto
2026-04-08 10:30:44,676 [INFO]    ⏳ Turnstile detectado — esperando resolución automática...
2026-04-08 10:30:44,695 [INFO]    ✅ Turnstile resuelto
2026-04-08 10:30:54,398 [INFO]    ⏳ Turnstile detectado — esperando resolución automática...
2026-04-08 10:30:54,417 [INFO]    ✅ Turnstile resuelto
2026-04-08 10:31:05,768 [INFO]    ⏳ Turnstile detectado — esperando resolución automática...
2026-04-08 10:31:05,788 [INFO]    ✅ Turnstile resuelto
2026-04-08 10:31:15,705 [INFO]    ⏳ Turnstile detectado — esperando resolución automática...
2026-04-08 10:31:15,725 [INFO]    ✅ Turnstile resuelto
2026-04-08 10:31:27,789 [INFO]    ⏳ Turnstile detectado — esperando resolución automática...
2026-04-08 10:31:27,809 [INFO]    ✅ Turnstile resuelto
2026-04-08 10:31:31,509 [INFO] Exportadas 95 ofertas → /media/carlos-a-cicconi/Common1/Repositorios-Ing.Carlos-Cicconi/Trabajo_Final_MCD/data/raw/opcionempleo_20260408.csv
2026-04-08 10:31:31,509 [INFO] ✅ 'Machine Learning Engineer': 95 ofertas guardadas
2026-04-08 10:31:31,509 [INFO]    💤 Pausa: 10.7s
2026-04-08 10:31:42,180 [INFO] 
🔍 Buscando: 'NLP Engineer'
2026-04-08 10:31:42,180 [INFO]    Página 1/5 → https://www.opcionempleo.com.ar/trabajo-nlp.html
2026-04-08 10:31:49,994 [INFO]    ⏳ Turnstile detectado — esperando resolución automática...
2026-04-08 10:31:50,016 [INFO]    ✅ Turnstile resuelto
2026-04-08 10:31:54,390 [INFO]    → 15 ofertas encontradas
2026-04-08 10:32:01,166 [INFO]    ⏳ Turnstile detectado — esperando resolución automática...
2026-04-08 10:32:01,185 [INFO]    ✅ Turnstile resuelto
2026-04-08 10:32:10,999 [INFO]    ⏳ Turnstile detectado — esperando resolución automática...
2026-04-08 10:32:11,019 [INFO]    ✅ Turnstile resuelto
2026-04-08 10:32:23,602 [INFO]    ⏳ Turnstile detectado — esperando resolución automática...
2026-04-08 10:32:23,623 [INFO]    ✅ Turnstile resuelto
2026-04-08 10:32:35,593 [INFO]    ⏳ Turnstile detectado — esperando resolución automática...
2026-04-08 10:32:35,656 [INFO]    ✅ Turnstile resuelto
2026-04-08 10:32:46,928 [INFO]    ⏳ Turnstile detectado — esperando resolución automática...
2026-04-08 10:32:46,946 [INFO]    ✅ Turnstile resuelto
2026-04-08 10:32:58,716 [INFO]    ⏳ Turnstile detectado — esperando resolución automática...
2026-04-08 10:32:58,736 [INFO]    ✅ Turnstile resuelto
2026-04-08 10:33:08,236 [INFO]    ⏳ Turnstile detectado — esperando resolución automática...
2026-04-08 10:33:08,255 [INFO]    ✅ Turnstile resuelto
2026-04-08 10:33:18,989 [INFO]    ⏳ Turnstile detectado — esperando resolución automática...
2026-04-08 10:33:19,033 [INFO]    ✅ Turnstile resuelto
2026-04-08 10:33:31,280 [INFO]    ⏳ Turnstile detectado — esperando resolución automática...
2026-04-08 10:33:31,299 [INFO]    ✅ Turnstile resuelto
2026-04-08 10:33:40,904 [INFO]    ⏳ Turnstile detectado — esperando resolución automática...
2026-04-08 10:33:40,923 [INFO]    ✅ Turnstile resuelto
2026-04-08 10:33:52,163 [INFO]    ⏳ Turnstile detectado — esperando resolución automática...
2026-04-08 10:33:52,185 [INFO]    ✅ Turnstile resuelto
2026-04-08 10:34:03,232 [INFO]    ⏳ Turnstile detectado — esperando resolución automática...
2026-04-08 10:34:03,251 [INFO]    ✅ Turnstile resuelto
2026-04-08 10:34:14,295 [INFO]    ⏳ Turnstile detectado — esperando resolución automática...
2026-04-08 10:34:14,315 [INFO]    ✅ Turnstile resuelto
2026-04-08 10:34:23,638 [INFO]    ⏳ Turnstile detectado — esperando resolución automática...
2026-04-08 10:34:23,655 [INFO]    ✅ Turnstile resuelto
2026-04-08 10:34:35,900 [INFO]    ⏳ Turnstile detectado — esperando resolución automática...
2026-04-08 10:34:35,922 [INFO]    ✅ Turnstile resuelto
2026-04-08 10:34:39,960 [INFO]    Página 2/5 → https://www.opcionempleo.com.ar/trabajo-nlp.html?p=2
2026-04-08 10:34:48,240 [INFO]    ⏳ Turnstile detectado — esperando resolución automática...
2026-04-08 10:34:48,268 [INFO]    ✅ Turnstile resuelto
2026-04-08 10:34:52,669 [INFO]    → 18 ofertas encontradas
2026-04-08 10:34:59,035 [INFO]    ⏳ Turnstile detectado — esperando resolución automática...
2026-04-08 10:34:59,053 [INFO]    ✅ Turnstile resuelto
2026-04-08 10:35:08,967 [INFO]    ⏳ Turnstile detectado — esperando resolución automática...
2026-04-08 10:35:08,986 [INFO]    ✅ Turnstile resuelto
2026-04-08 10:35:20,141 [INFO]    ⏳ Turnstile detectado — esperando resolución automática...
2026-04-08 10:35:20,161 [INFO]    ✅ Turnstile resuelto
2026-04-08 10:35:32,391 [INFO]    ⏳ Turnstile detectado — esperando resolución automática...
2026-04-08 10:35:32,410 [INFO]    ✅ Turnstile resuelto
2026-04-08 10:35:42,352 [INFO]    ⏳ Turnstile detectado — esperando resolución automática...
2026-04-08 10:35:42,369 [INFO]    ✅ Turnstile resuelto
2026-04-08 10:35:53,926 [INFO]    ⏳ Turnstile detectado — esperando resolución automática...
2026-04-08 10:35:53,948 [INFO]    ✅ Turnstile resuelto
2026-04-08 10:36:03,922 [INFO]    ⏳ Turnstile detectado — esperando resolución automática...
2026-04-08 10:36:03,939 [INFO]    ✅ Turnstile resuelto
2026-04-08 10:36:16,301 [INFO]    ⏳ Turnstile detectado — esperando resolución automática...
2026-04-08 10:36:16,336 [INFO]    ✅ Turnstile resuelto
2026-04-08 10:36:27,855 [INFO]    ⏳ Turnstile detectado — esperando resolución automática...
2026-04-08 10:36:27,877 [INFO]    ✅ Turnstile resuelto
2026-04-08 10:36:38,578 [INFO]    ⏳ Turnstile detectado — esperando resolución automática...
2026-04-08 10:36:38,617 [INFO]    ✅ Turnstile resuelto
2026-04-08 10:36:49,690 [INFO]    ⏳ Turnstile detectado — esperando resolución automática...
2026-04-08 10:36:49,711 [INFO]    ✅ Turnstile resuelto
2026-04-08 10:37:01,458 [INFO]    ⏳ Turnstile detectado — esperando resolución automática...
2026-04-08 10:37:01,479 [INFO]    ✅ Turnstile resuelto
2026-04-08 10:37:11,645 [INFO]    ⏳ Turnstile detectado — esperando resolución automática...
2026-04-08 10:37:11,664 [INFO]    ✅ Turnstile resuelto
2026-04-08 10:37:20,980 [INFO]    ⏳ Turnstile detectado — esperando resolución automática...
2026-04-08 10:37:20,997 [INFO]    ✅ Turnstile resuelto
2026-04-08 10:37:31,930 [INFO]    ⏳ Turnstile detectado — esperando resolución automática...
2026-04-08 10:37:31,948 [INFO]    ✅ Turnstile resuelto
2026-04-08 10:37:43,594 [INFO]    ⏳ Turnstile detectado — esperando resolución automática...
2026-04-08 10:37:43,614 [INFO]    ✅ Turnstile resuelto
2026-04-08 10:37:53,190 [INFO]    ⏳ Turnstile detectado — esperando resolución automática...
2026-04-08 10:37:53,210 [INFO]    ✅ Turnstile resuelto
2026-04-08 10:38:03,888 [INFO]    ⏳ Turnstile detectado — esperando resolución automática...
2026-04-08 10:38:03,908 [INFO]    ✅ Turnstile resuelto
2026-04-08 10:38:07,884 [INFO]    Página 3/5 → https://www.opcionempleo.com.ar/trabajo-nlp.html?p=3
2026-04-08 10:38:16,967 [INFO]    ⏳ Turnstile detectado — esperando resolución automática...
2026-04-08 10:38:16,987 [INFO]    ✅ Turnstile resuelto
2026-04-08 10:38:21,213 [INFO]    → 19 ofertas encontradas
2026-04-08 10:38:28,242 [INFO]    ⏳ Turnstile detectado — esperando resolución automática...
2026-04-08 10:38:28,259 [INFO]    ✅ Turnstile resuelto
2026-04-08 10:38:39,810 [INFO]    ⏳ Turnstile detectado — esperando resolución automática...
2026-04-08 10:38:39,828 [INFO]    ✅ Turnstile resuelto
2026-04-08 10:38:51,074 [INFO]    ⏳ Turnstile detectado — esperando resolución automática...
2026-04-08 10:38:51,094 [INFO]    ✅ Turnstile resuelto
2026-04-08 10:39:02,243 [INFO]    ⏳ Turnstile detectado — esperando resolución automática...
2026-04-08 10:39:02,261 [INFO]    ✅ Turnstile resuelto
2026-04-08 10:39:14,110 [INFO]    ⏳ Turnstile detectado — esperando resolución automática...
2026-04-08 10:39:14,129 [INFO]    ✅ Turnstile resuelto
2026-04-08 10:39:24,471 [INFO]    ⏳ Turnstile detectado — esperando resolución automática...
2026-04-08 10:39:24,490 [INFO]    ✅ Turnstile resuelto
2026-04-08 10:39:36,616 [INFO]    ⏳ Turnstile detectado — esperando resolución automática...
2026-04-08 10:39:36,638 [INFO]    ✅ Turnstile resuelto
2026-04-08 10:39:46,374 [INFO]    ⏳ Turnstile detectado — esperando resolución automática...
2026-04-08 10:39:46,393 [INFO]    ✅ Turnstile resuelto
2026-04-08 10:39:58,250 [INFO]    ⏳ Turnstile detectado — esperando resolución automática...
2026-04-08 10:39:58,271 [INFO]    ✅ Turnstile resuelto
2026-04-08 10:40:08,484 [INFO]    ⏳ Turnstile detectado — esperando resolución automática...
2026-04-08 10:40:08,504 [INFO]    ✅ Turnstile resuelto
2026-04-08 10:40:19,959 [INFO]    ⏳ Turnstile detectado — esperando resolución automática...
2026-04-08 10:40:19,977 [INFO]    ✅ Turnstile resuelto
2026-04-08 10:40:31,535 [INFO]    ⏳ Turnstile detectado — esperando resolución automática...
2026-04-08 10:40:31,553 [INFO]    ✅ Turnstile resuelto
2026-04-08 10:40:41,973 [INFO]    ⏳ Turnstile detectado — esperando resolución automática...
2026-04-08 10:40:41,992 [INFO]    ✅ Turnstile resuelto
2026-04-08 10:40:53,957 [INFO]    ⏳ Turnstile detectado — esperando resolución automática...
2026-04-08 10:40:53,975 [INFO]    ✅ Turnstile resuelto
2026-04-08 10:41:05,638 [INFO]    ⏳ Turnstile detectado — esperando resolución automática...
2026-04-08 10:41:05,656 [INFO]    ✅ Turnstile resuelto
2026-04-08 10:41:16,588 [INFO]    ⏳ Turnstile detectado — esperando resolución automática...
2026-04-08 10:41:16,607 [INFO]    ✅ Turnstile resuelto
2026-04-08 10:41:28,774 [INFO]    ⏳ Turnstile detectado — esperando resolución automática...
2026-04-08 10:41:28,792 [INFO]    ✅ Turnstile resuelto
2026-04-08 10:41:38,704 [INFO]    ⏳ Turnstile detectado — esperando resolución automática...
2026-04-08 10:41:38,721 [INFO]    ✅ Turnstile resuelto
2026-04-08 10:41:48,435 [INFO]    ⏳ Turnstile detectado — esperando resolución automática...
2026-04-08 10:41:48,453 [INFO]    ✅ Turnstile resuelto
2026-04-08 10:41:52,430 [INFO]    Página 4/5 → https://www.opcionempleo.com.ar/trabajo-nlp.html?p=4
2026-04-08 10:42:01,640 [INFO]    ⏳ Turnstile detectado — esperando resolución automática...
2026-04-08 10:42:01,683 [INFO]    ✅ Turnstile resuelto
2026-04-08 10:42:05,594 [INFO]    → 20 ofertas encontradas
2026-04-08 10:42:12,803 [INFO]    ⏳ Turnstile detectado — esperando resolución automática...
2026-04-08 10:42:12,821 [INFO]    ✅ Turnstile resuelto
2026-04-08 10:42:23,763 [INFO]    ⏳ Turnstile detectado — esperando resolución automática...
2026-04-08 10:42:23,781 [INFO]    ✅ Turnstile resuelto
2026-04-08 10:42:34,011 [INFO]    ⏳ Turnstile detectado — esperando resolución automática...
2026-04-08 10:42:34,034 [INFO]    ✅ Turnstile resuelto
2026-04-08 10:42:44,403 [INFO]    ⏳ Turnstile detectado — esperando resolución automática...
2026-04-08 10:42:44,421 [INFO]    ✅ Turnstile resuelto
2026-04-08 10:42:55,364 [INFO]    ⏳ Turnstile detectado — esperando resolución automática...
2026-04-08 10:42:55,382 [INFO]    ✅ Turnstile resuelto
2026-04-08 10:43:07,131 [INFO]    ⏳ Turnstile detectado — esperando resolución automática...
2026-04-08 10:43:07,150 [INFO]    ✅ Turnstile resuelto
2026-04-08 10:43:17,731 [INFO]    ⏳ Turnstile detectado — esperando resolución automática...
2026-04-08 10:43:17,751 [INFO]    ✅ Turnstile resuelto
2026-04-08 10:43:28,995 [INFO]    ⏳ Turnstile detectado — esperando resolución automática...
2026-04-08 10:43:29,015 [INFO]    ✅ Turnstile resuelto
2026-04-08 10:43:40,052 [INFO]    ⏳ Turnstile detectado — esperando resolución automática...
2026-04-08 10:43:40,071 [INFO]    ✅ Turnstile resuelto
2026-04-08 10:43:50,290 [INFO]    ⏳ Turnstile detectado — esperando resolución automática...
2026-04-08 10:43:50,309 [INFO]    ✅ Turnstile resuelto
2026-04-08 10:44:01,148 [INFO]    ⏳ Turnstile detectado — esperando resolución automática...
2026-04-08 10:44:01,167 [INFO]    ✅ Turnstile resuelto
2026-04-08 10:44:12,770 [INFO]    ⏳ Turnstile detectado — esperando resolución automática...
2026-04-08 10:44:12,789 [INFO]    ✅ Turnstile resuelto
2026-04-08 10:44:24,495 [INFO]    ⏳ Turnstile detectado — esperando resolución automática...
2026-04-08 10:44:24,532 [INFO]    ✅ Turnstile resuelto
2026-04-08 10:44:36,562 [INFO]    ⏳ Turnstile detectado — esperando resolución automática...
2026-04-08 10:44:36,582 [INFO]    ✅ Turnstile resuelto
2026-04-08 10:44:46,717 [INFO]    ⏳ Turnstile detectado — esperando resolución automática...
2026-04-08 10:44:46,738 [INFO]    ✅ Turnstile resuelto
2026-04-08 10:44:58,797 [INFO]    ⏳ Turnstile detectado — esperando resolución automática...
2026-04-08 10:44:58,815 [INFO]    ✅ Turnstile resuelto
2026-04-08 10:45:09,302 [INFO]    ⏳ Turnstile detectado — esperando resolución automática...
2026-04-08 10:45:09,325 [INFO]    ✅ Turnstile resuelto
2026-04-08 10:45:20,605 [INFO]    ⏳ Turnstile detectado — esperando resolución automática...
2026-04-08 10:45:20,624 [INFO]    ✅ Turnstile resuelto
2026-04-08 10:45:31,673 [INFO]    ⏳ Turnstile detectado — esperando resolución automática...
2026-04-08 10:45:31,692 [INFO]    ✅ Turnstile resuelto
2026-04-08 10:45:41,970 [INFO]    ⏳ Turnstile detectado — esperando resolución automática...
2026-04-08 10:45:42,005 [INFO]    ✅ Turnstile resuelto
2026-04-08 10:45:45,155 [INFO]    Página 5/5 → https://www.opcionempleo.com.ar/trabajo-nlp.html?p=5
2026-04-08 10:45:55,320 [INFO]    ⏳ Turnstile detectado — esperando resolución automática...
2026-04-08 10:45:55,354 [INFO]    ✅ Turnstile resuelto
2026-04-08 10:45:59,605 [INFO]    → 20 ofertas encontradas
2026-04-08 10:46:07,511 [INFO]    ⏳ Turnstile detectado — esperando resolución automática...
2026-04-08 10:46:07,531 [INFO]    ✅ Turnstile resuelto
2026-04-08 10:46:18,976 [INFO]    ⏳ Turnstile detectado — esperando resolución automática...
2026-04-08 10:46:18,994 [INFO]    ✅ Turnstile resuelto
2026-04-08 10:46:29,962 [INFO]    ⏳ Turnstile detectado — esperando resolución automática...
2026-04-08 10:46:29,994 [INFO]    ✅ Turnstile resuelto
2026-04-08 10:46:42,019 [INFO]    ⏳ Turnstile detectado — esperando resolución automática...
2026-04-08 10:46:42,068 [INFO]    ✅ Turnstile resuelto
2026-04-08 10:46:51,764 [INFO]    ⏳ Turnstile detectado — esperando resolución automática...
2026-04-08 10:46:51,782 [INFO]    ✅ Turnstile resuelto
2026-04-08 10:47:03,826 [INFO]    ⏳ Turnstile detectado — esperando resolución automática...
2026-04-08 10:47:03,846 [INFO]    ✅ Turnstile resuelto
2026-04-08 10:47:14,859 [INFO]    ⏳ Turnstile detectado — esperando resolución automática...
2026-04-08 10:47:14,882 [INFO]    ✅ Turnstile resuelto
2026-04-08 10:47:27,136 [INFO]    ⏳ Turnstile detectado — esperando resolución automática...
2026-04-08 10:47:27,155 [INFO]    ✅ Turnstile resuelto
2026-04-08 10:47:38,445 [INFO]    ⏳ Turnstile detectado — esperando resolución automática...
2026-04-08 10:47:38,468 [INFO]    ✅ Turnstile resuelto
2026-04-08 10:47:49,502 [INFO]    ⏳ Turnstile detectado — esperando resolución automática...
2026-04-08 10:47:49,520 [INFO]    ✅ Turnstile resuelto
2026-04-08 10:47:59,845 [INFO]    ⏳ Turnstile detectado — esperando resolución automática...
2026-04-08 10:47:59,865 [INFO]    ✅ Turnstile resuelto
2026-04-08 10:48:09,676 [INFO]    ⏳ Turnstile detectado — esperando resolución automática...
2026-04-08 10:48:09,696 [INFO]    ✅ Turnstile resuelto
2026-04-08 10:48:21,249 [INFO]    ⏳ Turnstile detectado — esperando resolución automática...
2026-04-08 10:48:21,268 [INFO]    ✅ Turnstile resuelto
2026-04-08 10:48:33,841 [INFO]    ⏳ Turnstile detectado — esperando resolución automática...
2026-04-08 10:48:33,863 [INFO]    ✅ Turnstile resuelto
2026-04-08 10:48:44,793 [INFO]    ⏳ Turnstile detectado — esperando resolución automática...
2026-04-08 10:48:44,812 [INFO]    ✅ Turnstile resuelto
2026-04-08 10:48:56,777 [INFO]    ⏳ Turnstile detectado — esperando resolución automática...
2026-04-08 10:48:56,796 [INFO]    ✅ Turnstile resuelto
2026-04-08 10:49:08,353 [INFO]    ⏳ Turnstile detectado — esperando resolución automática...
2026-04-08 10:49:08,393 [INFO]    ✅ Turnstile resuelto
2026-04-08 10:49:17,865 [INFO]    ⏳ Turnstile detectado — esperando resolución automática...
2026-04-08 10:49:17,884 [INFO]    ✅ Turnstile resuelto
2026-04-08 10:49:29,144 [INFO]    ⏳ Turnstile detectado — esperando resolución automática...
2026-04-08 10:49:29,162 [INFO]    ✅ Turnstile resuelto
2026-04-08 10:49:39,485 [INFO]    ⏳ Turnstile detectado — esperando resolución automática...
2026-04-08 10:49:39,502 [INFO]    ✅ Turnstile resuelto
2026-04-08 10:49:43,241 [INFO] Exportadas 92 ofertas → /media/carlos-a-cicconi/Common1/Repositorios-Ing.Carlos-Cicconi/Trabajo_Final_MCD/data/raw/opcionempleo_20260408.csv
2026-04-08 10:49:43,241 [INFO] ✅ 'NLP Engineer': 92 ofertas guardadas
2026-04-08 10:49:43,241 [INFO]    💤 Pausa: 10.7s
2026-04-08 10:49:53,922 [INFO] 
🔍 Buscando: 'Data Engineer'
2026-04-08 10:49:53,923 [INFO]    Página 1/5 → https://www.opcionempleo.com.ar/trabajo-data-engineer.html
2026-04-08 10:50:03,070 [INFO]    ⏳ Turnstile detectado — esperando resolución automática...
2026-04-08 10:50:03,090 [INFO]    ✅ Turnstile resuelto
2026-04-08 10:50:07,330 [INFO]    → 19 ofertas encontradas
2026-04-08 10:50:13,888 [INFO]    ⏳ Turnstile detectado — esperando resolución automática...
2026-04-08 10:50:13,908 [INFO]    ✅ Turnstile resuelto
2026-04-08 10:50:25,050 [INFO]    ⏳ Turnstile detectado — esperando resolución automática...
2026-04-08 10:50:25,084 [INFO]    ✅ Turnstile resuelto
2026-04-08 10:50:35,547 [INFO]    ⏳ Turnstile detectado — esperando resolución automática...
2026-04-08 10:50:35,566 [INFO]    ✅ Turnstile resuelto
2026-04-08 10:50:46,234 [INFO]    ⏳ Turnstile detectado — esperando resolución automática...
2026-04-08 10:50:46,251 [INFO]    ✅ Turnstile resuelto
2026-04-08 10:50:58,218 [INFO]    ⏳ Turnstile detectado — esperando resolución automática...
2026-04-08 10:50:58,238 [INFO]    ✅ Turnstile resuelto
2026-04-08 10:51:10,200 [INFO]    ⏳ Turnstile detectado — esperando resolución automática...
2026-04-08 10:51:10,218 [INFO]    ✅ Turnstile resuelto
2026-04-08 10:51:20,644 [INFO]    ⏳ Turnstile detectado — esperando resolución automática...
2026-04-08 10:51:20,662 [INFO]    ✅ Turnstile resuelto
2026-04-08 10:51:30,547 [INFO]    ⏳ Turnstile detectado — esperando resolución automática...
2026-04-08 10:51:30,565 [INFO]    ✅ Turnstile resuelto
2026-04-08 10:51:41,647 [INFO]    ⏳ Turnstile detectado — esperando resolución automática...
2026-04-08 10:51:41,664 [INFO]    ✅ Turnstile resuelto
2026-04-08 10:51:53,173 [INFO]    ⏳ Turnstile detectado — esperando resolución automática...
2026-04-08 10:51:53,192 [INFO]    ✅ Turnstile resuelto
2026-04-08 10:52:03,343 [INFO]    ⏳ Turnstile detectado — esperando resolución automática...
2026-04-08 10:52:03,362 [INFO]    ✅ Turnstile resuelto
2026-04-08 10:52:14,815 [INFO]    ⏳ Turnstile detectado — esperando resolución automática...
2026-04-08 10:52:14,837 [INFO]    ✅ Turnstile resuelto
2026-04-08 10:52:25,569 [INFO]    ⏳ Turnstile detectado — esperando resolución automática...
2026-04-08 10:52:25,590 [INFO]    ✅ Turnstile resuelto
2026-04-08 10:52:34,887 [INFO]    ⏳ Turnstile detectado — esperando resolución automática...
2026-04-08 10:52:34,907 [INFO]    ✅ Turnstile resuelto
2026-04-08 10:52:45,328 [INFO]    ⏳ Turnstile detectado — esperando resolución automática...
2026-04-08 10:52:45,347 [INFO]    ✅ Turnstile resuelto
2026-04-08 10:52:56,287 [INFO]    ⏳ Turnstile detectado — esperando resolución automática...
2026-04-08 10:52:56,307 [INFO]    ✅ Turnstile resuelto
2026-04-08 10:53:07,933 [INFO]    ⏳ Turnstile detectado — esperando resolución automática...
2026-04-08 10:53:07,953 [INFO]    ✅ Turnstile resuelto
2026-04-08 10:53:18,876 [INFO]    ⏳ Turnstile detectado — esperando resolución automática...
2026-04-08 10:53:18,900 [INFO]    ✅ Turnstile resuelto
2026-04-08 10:53:30,998 [INFO]    ⏳ Turnstile detectado — esperando resolución automática...
2026-04-08 10:53:31,017 [INFO]    ✅ Turnstile resuelto
2026-04-08 10:53:35,085 [INFO]    Página 2/5 → https://www.opcionempleo.com.ar/trabajo-data-engineer.html?p=2
2026-04-08 10:53:44,102 [INFO]    ⏳ Turnstile detectado — esperando resolución automática...
2026-04-08 10:53:44,131 [INFO]    ✅ Turnstile resuelto
2026-04-08 10:53:47,803 [INFO]    → 20 ofertas encontradas
2026-04-08 10:53:55,280 [INFO]    ⏳ Turnstile detectado — esperando resolución automática...
2026-04-08 10:53:55,301 [INFO]    ✅ Turnstile resuelto
2026-04-08 10:54:07,310 [INFO]    ⏳ Turnstile detectado — esperando resolución automática...
2026-04-08 10:54:07,329 [INFO]    ✅ Turnstile resuelto
2026-04-08 10:54:17,386 [INFO]    ⏳ Turnstile detectado — esperando resolución automática...
2026-04-08 10:54:17,405 [INFO]    ✅ Turnstile resuelto
2026-04-08 10:54:28,053 [INFO]    ⏳ Turnstile detectado — esperando resolución automática...
2026-04-08 10:54:28,081 [INFO]    ✅ Turnstile resuelto
2026-04-08 10:54:39,198 [INFO]    ⏳ Turnstile detectado — esperando resolución automática...
2026-04-08 10:54:39,218 [INFO]    ✅ Turnstile resuelto
2026-04-08 10:54:49,035 [INFO]    ⏳ Turnstile detectado — esperando resolución automática...
2026-04-08 10:54:49,057 [INFO]    ✅ Turnstile resuelto
2026-04-08 10:55:00,809 [INFO]    ⏳ Turnstile detectado — esperando resolución automática...
2026-04-08 10:55:00,831 [INFO]    ✅ Turnstile resuelto
2026-04-08 10:55:12,379 [INFO]    ⏳ Turnstile detectado — esperando resolución automática...
2026-04-08 10:55:12,399 [INFO]    ✅ Turnstile resuelto
2026-04-08 10:55:23,660 [INFO]    ⏳ Turnstile detectado — esperando resolución automática...
2026-04-08 10:55:23,682 [INFO]    ✅ Turnstile resuelto
2026-04-08 10:55:35,515 [INFO]    ⏳ Turnstile detectado — esperando resolución automática...
2026-04-08 10:55:35,534 [INFO]    ✅ Turnstile resuelto
2026-04-08 10:55:45,460 [INFO]    ⏳ Turnstile detectado — esperando resolución automática...
2026-04-08 10:55:45,481 [INFO]    ✅ Turnstile resuelto
2026-04-08 10:55:56,409 [INFO]    ⏳ Turnstile detectado — esperando resolución automática...
2026-04-08 10:55:56,431 [INFO]    ✅ Turnstile resuelto
2026-04-08 10:56:07,172 [INFO]    ⏳ Turnstile detectado — esperando resolución automática...
2026-04-08 10:56:07,193 [INFO]    ✅ Turnstile resuelto
2026-04-08 10:56:19,144 [INFO]    ⏳ Turnstile detectado — esperando resolución automática...
2026-04-08 10:56:19,164 [INFO]    ✅ Turnstile resuelto
2026-04-08 10:56:30,075 [INFO]    ⏳ Turnstile detectado — esperando resolución automática...
2026-04-08 10:56:30,096 [INFO]    ✅ Turnstile resuelto
2026-04-08 10:56:40,548 [INFO]    ⏳ Turnstile detectado — esperando resolución automática...
2026-04-08 10:56:40,566 [INFO]    ✅ Turnstile resuelto
2026-04-08 10:56:51,302 [INFO]    ⏳ Turnstile detectado — esperando resolución automática...
2026-04-08 10:56:51,321 [INFO]    ✅ Turnstile resuelto
2026-04-08 10:57:02,462 [INFO]    ⏳ Turnstile detectado — esperando resolución automática...
2026-04-08 10:57:02,481 [INFO]    ✅ Turnstile resuelto
2026-04-08 10:57:20,256 [INFO]    ⏳ Turnstile detectado — esperando resolución automática...
2026-04-08 10:57:20,278 [INFO]    ✅ Turnstile resuelto
2026-04-08 10:57:31,140 [INFO]    ⏳ Turnstile detectado — esperando resolución automática...
2026-04-08 10:57:31,160 [INFO]    ✅ Turnstile resuelto
2026-04-08 10:57:34,840 [INFO]    Página 3/5 → https://www.opcionempleo.com.ar/trabajo-data-engineer.html?p=3
2026-04-08 10:57:45,254 [INFO]    ⏳ Turnstile detectado — esperando resolución automática...
2026-04-08 10:57:45,302 [INFO]    ✅ Turnstile resuelto
2026-04-08 10:57:49,785 [INFO]    → 20 ofertas encontradas
2026-04-08 10:57:57,143 [INFO]    ⏳ Turnstile detectado — esperando resolución automática...
2026-04-08 10:57:57,162 [INFO]    ✅ Turnstile resuelto
2026-04-08 10:58:07,687 [INFO]    ⏳ Turnstile detectado — esperando resolución automática...
2026-04-08 10:58:07,706 [INFO]    ✅ Turnstile resuelto
2026-04-08 10:58:19,364 [INFO]    ⏳ Turnstile detectado — esperando resolución automática...
2026-04-08 10:58:19,383 [INFO]    ✅ Turnstile resuelto
2026-04-08 10:58:31,038 [INFO]    ⏳ Turnstile detectado — esperando resolución automática...
2026-04-08 10:58:31,060 [INFO]    ✅ Turnstile resuelto
2026-04-08 10:58:41,790 [INFO]    ⏳ Turnstile detectado — esperando resolución automática...
2026-04-08 10:58:41,810 [INFO]    ✅ Turnstile resuelto
2026-04-08 10:58:53,876 [INFO]    ⏳ Turnstile detectado — esperando resolución automática...
2026-04-08 10:58:53,895 [INFO]    ✅ Turnstile resuelto
2026-04-08 10:59:05,743 [INFO]    ⏳ Turnstile detectado — esperando resolución automática...
2026-04-08 10:59:05,761 [INFO]    ✅ Turnstile resuelto
2026-04-08 10:59:16,158 [INFO]    ⏳ Turnstile detectado — esperando resolución automática...
2026-04-08 10:59:16,177 [INFO]    ✅ Turnstile resuelto
2026-04-08 10:59:25,717 [INFO]    ⏳ Turnstile detectado — esperando resolución automática...
2026-04-08 10:59:25,738 [INFO]    ✅ Turnstile resuelto
2026-04-08 10:59:38,106 [INFO]    ⏳ Turnstile detectado — esperando resolución automática...
2026-04-08 10:59:38,124 [INFO]    ✅ Turnstile resuelto
2026-04-08 10:59:49,065 [INFO]    ⏳ Turnstile detectado — esperando resolución automática...
2026-04-08 10:59:49,082 [INFO]    ✅ Turnstile resuelto
2026-04-08 10:59:58,762 [INFO]    ⏳ Turnstile detectado — esperando resolución automática...
2026-04-08 10:59:58,780 [INFO]    ✅ Turnstile resuelto
2026-04-08 11:00:08,008 [INFO]    ⏳ Turnstile detectado — esperando resolución automática...
2026-04-08 11:00:08,026 [INFO]    ✅ Turnstile resuelto
2026-04-08 11:00:20,403 [INFO]    ⏳ Turnstile detectado — esperando resolución automática...
2026-04-08 11:00:20,422 [INFO]    ✅ Turnstile resuelto
2026-04-08 11:00:31,973 [INFO]    ⏳ Turnstile detectado — esperando resolución automática...
2026-04-08 11:00:31,994 [INFO]    ✅ Turnstile resuelto
2026-04-08 11:00:42,928 [INFO]    ⏳ Turnstile detectado — esperando resolución automática...
2026-04-08 11:00:42,948 [INFO]    ✅ Turnstile resuelto
2026-04-08 11:00:52,450 [INFO]    ⏳ Turnstile detectado — esperando resolución automática...
2026-04-08 11:00:52,472 [INFO]    ✅ Turnstile resuelto
2026-04-08 11:01:03,001 [INFO]    ⏳ Turnstile detectado — esperando resolución automática...
2026-04-08 11:01:03,022 [INFO]    ✅ Turnstile resuelto
2026-04-08 11:01:13,240 [INFO]    ⏳ Turnstile detectado — esperando resolución automática...
2026-04-08 11:01:13,258 [INFO]    ✅ Turnstile resuelto
2026-04-08 11:01:25,535 [INFO]    ⏳ Turnstile detectado — esperando resolución automática...
2026-04-08 11:01:25,554 [INFO]    ✅ Turnstile resuelto
2026-04-08 11:01:28,826 [INFO]    Página 4/5 → https://www.opcionempleo.com.ar/trabajo-data-engineer.html?p=4
2026-04-08 11:01:38,936 [INFO]    ⏳ Turnstile detectado — esperando resolución automática...
2026-04-08 11:01:38,957 [INFO]    ✅ Turnstile resuelto
2026-04-08 11:01:42,620 [INFO]    → 19 ofertas encontradas
2026-04-08 11:01:50,506 [INFO]    ⏳ Turnstile detectado — esperando resolución automática...
2026-04-08 11:01:50,523 [INFO]    ✅ Turnstile resuelto
2026-04-08 11:02:02,592 [INFO]    ⏳ Turnstile detectado — esperando resolución automática...
2026-04-08 11:02:02,613 [INFO]    ✅ Turnstile resuelto
2026-04-08 11:02:14,075 [INFO]    ⏳ Turnstile detectado — esperando resolución automática...
2026-04-08 11:02:14,095 [INFO]    ✅ Turnstile resuelto
2026-04-08 11:02:25,140 [INFO]    ⏳ Turnstile detectado — esperando resolución automática...
2026-04-08 11:02:25,162 [INFO]    ✅ Turnstile resuelto
2026-04-08 11:02:36,385 [INFO]    ⏳ Turnstile detectado — esperando resolución automática...
2026-04-08 11:02:36,403 [INFO]    ✅ Turnstile resuelto
2026-04-08 11:02:46,831 [INFO]    ⏳ Turnstile detectado — esperando resolución automática...
2026-04-08 11:02:46,850 [INFO]    ✅ Turnstile resuelto
2026-04-08 11:02:57,894 [INFO]    ⏳ Turnstile detectado — esperando resolución automática...
2026-04-08 11:02:57,917 [INFO]    ✅ Turnstile resuelto
2026-04-08 11:03:09,359 [INFO]    ⏳ Turnstile detectado — esperando resolución automática...
2026-04-08 11:03:09,378 [INFO]    ✅ Turnstile resuelto
2026-04-08 11:03:21,439 [INFO]    ⏳ Turnstile detectado — esperando resolución automática...
2026-04-08 11:03:21,470 [INFO]    ✅ Turnstile resuelto
2026-04-08 11:03:33,419 [INFO]    ⏳ Turnstile detectado — esperando resolución automática...
2026-04-08 11:03:33,437 [INFO]    ✅ Turnstile resuelto
2026-04-08 11:03:42,841 [INFO]    ⏳ Turnstile detectado — esperando resolución automática...
2026-04-08 11:03:42,860 [INFO]    ✅ Turnstile resuelto
2026-04-08 11:03:53,488 [INFO]    ⏳ Turnstile detectado — esperando resolución automática...
2026-04-08 11:03:53,508 [INFO]    ✅ Turnstile resuelto
2026-04-08 11:04:04,962 [INFO]    ⏳ Turnstile detectado — esperando resolución automática...
2026-04-08 11:04:04,980 [INFO]    ✅ Turnstile resuelto
2026-04-08 11:04:15,813 [INFO]    ⏳ Turnstile detectado — esperando resolución automática...
2026-04-08 11:04:15,832 [INFO]    ✅ Turnstile resuelto
2026-04-08 11:04:26,972 [INFO]    ⏳ Turnstile detectado — esperando resolución automática...
2026-04-08 11:04:26,991 [INFO]    ✅ Turnstile resuelto
2026-04-08 11:04:37,222 [INFO]    ⏳ Turnstile detectado — esperando resolución automática...
2026-04-08 11:04:37,244 [INFO]    ✅ Turnstile resuelto
2026-04-08 11:04:48,235 [INFO]    ⏳ Turnstile detectado — esperando resolución automática...
2026-04-08 11:04:48,255 [INFO]    ✅ Turnstile resuelto
2026-04-08 11:04:59,736 [INFO]    ⏳ Turnstile detectado — esperando resolución automática...
2026-04-08 11:04:59,772 [INFO]    ✅ Turnstile resuelto
2026-04-08 11:05:10,701 [INFO]    ⏳ Turnstile detectado — esperando resolución automática...
2026-04-08 11:05:10,726 [INFO]    ✅ Turnstile resuelto
2026-04-08 11:05:14,581 [INFO]    Página 5/5 → https://www.opcionempleo.com.ar/trabajo-data-engineer.html?p=5
2026-04-08 11:05:23,491 [INFO]    ⏳ Turnstile detectado — esperando resolución automática...
2026-04-08 11:05:23,511 [INFO]    ✅ Turnstile resuelto
2026-04-08 11:05:27,568 [INFO]    → 15 ofertas encontradas
2026-04-08 11:05:34,480 [INFO]    ⏳ Turnstile detectado — esperando resolución automática...
2026-04-08 11:05:34,502 [INFO]    ✅ Turnstile resuelto
2026-04-08 11:05:44,740 [INFO]    ⏳ Turnstile detectado — esperando resolución automática...
2026-04-08 11:05:44,757 [INFO]    ✅ Turnstile resuelto
2026-04-08 11:05:56,777 [INFO]    ⏳ Turnstile detectado — esperando resolución automática...
2026-04-08 11:05:56,795 [INFO]    ✅ Turnstile resuelto
2026-04-08 11:06:07,092 [INFO]    ⏳ Turnstile detectado — esperando resolución automática...
2026-04-08 11:06:07,109 [INFO]    ✅ Turnstile resuelto
2026-04-08 11:06:16,650 [INFO]    ⏳ Turnstile detectado — esperando resolución automática...
2026-04-08 11:06:16,669 [INFO]    ✅ Turnstile resuelto
2026-04-08 11:06:27,992 [INFO]    ⏳ Turnstile detectado — esperando resolución automática...
2026-04-08 11:06:28,009 [INFO]    ✅ Turnstile resuelto
2026-04-08 11:06:38,739 [INFO]    ⏳ Turnstile detectado — esperando resolución automática...
2026-04-08 11:06:38,756 [INFO]    ✅ Turnstile resuelto
2026-04-08 11:06:50,749 [INFO]    ⏳ Turnstile detectado — esperando resolución automática...
2026-04-08 11:06:50,772 [INFO]    ✅ Turnstile resuelto
2026-04-08 11:07:03,005 [INFO]    ⏳ Turnstile detectado — esperando resolución automática...
2026-04-08 11:07:03,024 [INFO]    ✅ Turnstile resuelto
2026-04-08 11:07:13,682 [INFO]    ⏳ Turnstile detectado — esperando resolución automática...
2026-04-08 11:07:13,699 [INFO]    ✅ Turnstile resuelto
2026-04-08 11:07:25,161 [INFO]    ⏳ Turnstile detectado — esperando resolución automática...
2026-04-08 11:07:25,180 [INFO]    ✅ Turnstile resuelto
2026-04-08 11:07:35,991 [INFO]    ⏳ Turnstile detectado — esperando resolución automática...
2026-04-08 11:07:36,007 [INFO]    ✅ Turnstile resuelto
2026-04-08 11:07:46,132 [INFO]    ⏳ Turnstile detectado — esperando resolución automática...
2026-04-08 11:07:46,152 [INFO]    ✅ Turnstile resuelto
2026-04-08 11:07:56,582 [INFO]    ⏳ Turnstile detectado — esperando resolución automática...
2026-04-08 11:07:56,600 [INFO]    ✅ Turnstile resuelto
2026-04-08 11:08:08,354 [INFO]    ⏳ Turnstile detectado — esperando resolución automática...
2026-04-08 11:08:08,372 [INFO]    ✅ Turnstile resuelto
2026-04-08 11:08:12,175 [INFO] Exportadas 93 ofertas → /media/carlos-a-cicconi/Common1/Repositorios-Ing.Carlos-Cicconi/Trabajo_Final_MCD/data/raw/opcionempleo_20260408.csv
2026-04-08 11:08:12,175 [INFO] ✅ 'Data Engineer': 93 ofertas guardadas
2026-04-08 11:08:12,175 [INFO]    💤 Pausa: 11.0s
2026-04-08 11:08:23,154 [INFO] 
🔍 Buscando: 'Software Engineer'
2026-04-08 11:08:23,154 [INFO]    Página 1/5 → https://www.opcionempleo.com.ar/trabajo-software-engineer.html
2026-04-08 11:08:30,876 [INFO]    ⏳ Turnstile detectado — esperando resolución automática...
2026-04-08 11:08:30,896 [INFO]    ✅ Turnstile resuelto
2026-04-08 11:08:35,230 [INFO]    → 19 ofertas encontradas
2026-04-08 11:08:43,065 [INFO]    ⏳ Turnstile detectado — esperando resolución automática...
2026-04-08 11:08:43,083 [INFO]    ✅ Turnstile resuelto
2026-04-08 11:08:53,809 [INFO]    ⏳ Turnstile detectado — esperando resolución automática...
2026-04-08 11:08:53,828 [INFO]    ✅ Turnstile resuelto
2026-04-08 11:09:05,791 [INFO]    ⏳ Turnstile detectado — esperando resolución automática...
2026-04-08 11:09:05,812 [INFO]    ✅ Turnstile resuelto
2026-04-08 11:09:17,369 [INFO]    ⏳ Turnstile detectado — esperando resolución automática...
2026-04-08 11:09:17,387 [INFO]    ✅ Turnstile resuelto
2026-04-08 11:09:28,692 [INFO]    ⏳ Turnstile detectado — esperando resolución automática...
2026-04-08 11:09:28,724 [INFO]    ✅ Turnstile resuelto
2026-04-08 11:09:39,601 [INFO]    ⏳ Turnstile detectado — esperando resolución automática...
2026-04-08 11:09:39,619 [INFO]    ✅ Turnstile resuelto
2026-04-08 11:09:51,056 [INFO]    ⏳ Turnstile detectado — esperando resolución automática...
2026-04-08 11:09:51,078 [INFO]    ✅ Turnstile resuelto
2026-04-08 11:10:00,375 [INFO]    ⏳ Turnstile detectado — esperando resolución automática...
2026-04-08 11:10:00,394 [INFO]    ✅ Turnstile resuelto
2026-04-08 11:10:10,008 [INFO]    ⏳ Turnstile detectado — esperando resolución automática...
2026-04-08 11:10:10,026 [INFO]    ✅ Turnstile resuelto
2026-04-08 11:10:21,581 [INFO]    ⏳ Turnstile detectado — esperando resolución automática...
2026-04-08 11:10:21,599 [INFO]    ✅ Turnstile resuelto
2026-04-08 11:10:32,628 [INFO]    ⏳ Turnstile detectado — esperando resolución automática...
2026-04-08 11:10:32,647 [INFO]    ✅ Turnstile resuelto
2026-04-08 11:10:44,708 [INFO]    ⏳ Turnstile detectado — esperando resolución automática...
2026-04-08 11:10:44,728 [INFO]    ✅ Turnstile resuelto
2026-04-08 11:10:54,445 [INFO]    ⏳ Turnstile detectado — esperando resolución automática...
2026-04-08 11:10:54,462 [INFO]    ✅ Turnstile resuelto
2026-04-08 11:11:06,013 [INFO]    ⏳ Turnstile detectado — esperando resolución automática...
2026-04-08 11:11:06,032 [INFO]    ✅ Turnstile resuelto
2026-04-08 11:11:15,941 [INFO]    ⏳ Turnstile detectado — esperando resolución automática...
2026-04-08 11:11:15,960 [INFO]    ✅ Turnstile resuelto
2026-04-08 11:11:26,906 [INFO]    ⏳ Turnstile detectado — esperando resolución automática...
2026-04-08 11:11:26,925 [INFO]    ✅ Turnstile resuelto
2026-04-08 11:11:36,521 [INFO]    ⏳ Turnstile detectado — esperando resolución automática...
2026-04-08 11:11:36,540 [INFO]    ✅ Turnstile resuelto
2026-04-08 11:11:48,412 [INFO]    ⏳ Turnstile detectado — esperando resolución automática...
2026-04-08 11:11:48,429 [INFO]    ✅ Turnstile resuelto
2026-04-08 11:12:00,589 [INFO]    ⏳ Turnstile detectado — esperando resolución automática...
2026-04-08 11:12:00,610 [INFO]    ✅ Turnstile resuelto
2026-04-08 11:12:04,399 [INFO]    Página 2/5 → https://www.opcionempleo.com.ar/trabajo-software-engineer.html?p=2
2026-04-08 11:12:12,060 [INFO]    ⏳ Turnstile detectado — esperando resolución automática...
2026-04-08 11:12:12,097 [INFO]    ✅ Turnstile resuelto
2026-04-08 11:12:16,408 [INFO]    → 20 ofertas encontradas
2026-04-08 11:12:22,706 [INFO]    ⏳ Turnstile detectado — esperando resolución automática...
2026-04-08 11:12:22,725 [INFO]    ✅ Turnstile resuelto
2026-04-08 11:12:33,773 [INFO]    ⏳ Turnstile detectado — esperando resolución automática...
2026-04-08 11:12:33,790 [INFO]    ✅ Turnstile resuelto
2026-04-08 11:12:44,378 [INFO]    ⏳ Turnstile detectado — esperando resolución automática...
2026-04-08 11:12:44,396 [INFO]    ✅ Turnstile resuelto
2026-04-08 11:12:56,913 [INFO]    ⏳ Turnstile detectado — esperando resolución automática...
2026-04-08 11:12:56,933 [INFO]    ✅ Turnstile resuelto
2026-04-08 11:13:08,076 [INFO]    ⏳ Turnstile detectado — esperando resolución automática...
2026-04-08 11:13:08,093 [INFO]    ✅ Turnstile resuelto
2026-04-08 11:13:19,619 [INFO]    ⏳ Turnstile detectado — esperando resolución automática...
2026-04-08 11:13:19,639 [INFO]    ✅ Turnstile resuelto
2026-04-08 11:13:31,504 [INFO]    ⏳ Turnstile detectado — esperando resolución automática...
2026-04-08 11:13:31,524 [INFO]    ✅ Turnstile resuelto
2026-04-08 11:13:41,673 [INFO]    ⏳ Turnstile detectado — esperando resolución automática...
2026-04-08 11:13:41,691 [INFO]    ✅ Turnstile resuelto
2026-04-08 11:13:52,259 [INFO]    ⏳ Turnstile detectado — esperando resolución automática...
2026-04-08 11:13:52,276 [INFO]    ✅ Turnstile resuelto
2026-04-08 11:14:04,089 [INFO]    ⏳ Turnstile detectado — esperando resolución automática...
2026-04-08 11:14:04,106 [INFO]    ✅ Turnstile resuelto
2026-04-08 11:14:14,529 [INFO]    ⏳ Turnstile detectado — esperando resolución automática...
2026-04-08 11:14:14,549 [INFO]    ✅ Turnstile resuelto
2026-04-08 11:14:25,276 [INFO]    ⏳ Turnstile detectado — esperando resolución automática...
2026-04-08 11:14:25,293 [INFO]    ✅ Turnstile resuelto
2026-04-08 11:14:35,421 [INFO]    ⏳ Turnstile detectado — esperando resolución automática...
2026-04-08 11:14:35,459 [INFO]    ✅ Turnstile resuelto
2026-04-08 11:14:47,604 [INFO]    ⏳ Turnstile detectado — esperando resolución automática...
2026-04-08 11:14:47,624 [INFO]    ✅ Turnstile resuelto
2026-04-08 11:14:59,173 [INFO]    ⏳ Turnstile detectado — esperando resolución automática...
2026-04-08 11:14:59,191 [INFO]    ✅ Turnstile resuelto
2026-04-08 11:15:11,560 [INFO]    ⏳ Turnstile detectado — esperando resolución automática...
2026-04-08 11:15:11,581 [INFO]    ✅ Turnstile resuelto
2026-04-08 11:15:22,624 [INFO]    ⏳ Turnstile detectado — esperando resolución automática...
2026-04-08 11:15:22,642 [INFO]    ✅ Turnstile resuelto
2026-04-08 11:15:32,928 [INFO]    ⏳ Turnstile detectado — esperando resolución automática...
2026-04-08 11:15:32,955 [INFO]    ✅ Turnstile resuelto
2026-04-08 11:15:43,671 [INFO]    ⏳ Turnstile detectado — esperando resolución automática...
2026-04-08 11:15:43,692 [INFO]    ✅ Turnstile resuelto
2026-04-08 11:15:56,210 [INFO]    ⏳ Turnstile detectado — esperando resolución automática...
2026-04-08 11:15:56,229 [INFO]    ✅ Turnstile resuelto
2026-04-08 11:15:59,406 [INFO]    Página 3/5 → https://www.opcionempleo.com.ar/trabajo-software-engineer.html?p=3
2026-04-08 11:16:09,415 [INFO]    ⏳ Turnstile detectado — esperando resolución automática...
2026-04-08 11:16:09,434 [INFO]    ✅ Turnstile resuelto
2026-04-08 11:16:13,269 [INFO]    → 20 ofertas encontradas
2026-04-08 11:16:20,686 [INFO]    ⏳ Turnstile detectado — esperando resolución automática...
2026-04-08 11:16:20,703 [INFO]    ✅ Turnstile resuelto
2026-04-08 11:16:30,823 [INFO]    ⏳ Turnstile detectado — esperando resolución automática...
2026-04-08 11:16:30,841 [INFO]    ✅ Turnstile resuelto
2026-04-08 11:16:41,677 [INFO]    ⏳ Turnstile detectado — esperando resolución automática...
2026-04-08 11:16:41,697 [INFO]    ✅ Turnstile resuelto
2026-04-08 11:16:52,123 [INFO]    ⏳ Turnstile detectado — esperando resolución automática...
2026-04-08 11:16:52,142 [INFO]    ✅ Turnstile resuelto
2026-04-08 11:17:03,078 [INFO]    ⏳ Turnstile detectado — esperando resolución automática...
2026-04-08 11:17:03,098 [INFO]    ✅ Turnstile resuelto
2026-04-08 11:17:12,705 [INFO]    ⏳ Turnstile detectado — esperando resolución automática...
2026-04-08 11:17:12,725 [INFO]    ✅ Turnstile resuelto
2026-04-08 11:17:23,668 [INFO]    ⏳ Turnstile detectado — esperando resolución automática...
2026-04-08 11:17:23,686 [INFO]    ✅ Turnstile resuelto
2026-04-08 11:17:33,717 [INFO]    ⏳ Turnstile detectado — esperando resolución automática...
2026-04-08 11:17:33,737 [INFO]    ✅ Turnstile resuelto
2026-04-08 11:17:44,194 [INFO]    ⏳ Turnstile detectado — esperando resolución automática...
2026-04-08 11:17:44,213 [INFO]    ✅ Turnstile resuelto
2026-04-08 11:17:56,630 [INFO]    ⏳ Turnstile detectado — esperando resolución automática...
2026-04-08 11:17:56,648 [INFO]    ✅ Turnstile resuelto
2026-04-08 11:18:07,794 [INFO]    ⏳ Turnstile detectado — esperando resolución automática...
2026-04-08 11:18:07,813 [INFO]    ✅ Turnstile resuelto
2026-04-08 11:18:19,057 [INFO]    ⏳ Turnstile detectado — esperando resolución automática...
2026-04-08 11:18:19,079 [INFO]    ✅ Turnstile resuelto
2026-04-08 11:18:31,186 [INFO]    ⏳ Turnstile detectado — esperando resolución automática...
2026-04-08 11:18:31,234 [INFO]    ✅ Turnstile resuelto
2026-04-08 11:18:41,451 [INFO]    ⏳ Turnstile detectado — esperando resolución automática...
2026-04-08 11:18:41,471 [INFO]    ✅ Turnstile resuelto
2026-04-08 11:18:51,422 [INFO]    ⏳ Turnstile detectado — esperando resolución automática...
2026-04-08 11:18:51,440 [INFO]    ✅ Turnstile resuelto
2026-04-08 11:19:02,660 [INFO]    ⏳ Turnstile detectado — esperando resolución automática...
2026-04-08 11:19:02,679 [INFO]    ✅ Turnstile resuelto
2026-04-08 11:19:13,708 [INFO]    ⏳ Turnstile detectado — esperando resolución automática...
2026-04-08 11:19:13,727 [INFO]    ✅ Turnstile resuelto
2026-04-08 11:19:23,978 [INFO]    ⏳ Turnstile detectado — esperando resolución automática...
2026-04-08 11:19:23,995 [INFO]    ✅ Turnstile resuelto
2026-04-08 11:19:35,647 [INFO]    ⏳ Turnstile detectado — esperando resolución automática...
2026-04-08 11:19:35,665 [INFO]    ✅ Turnstile resuelto
2026-04-08 11:19:47,320 [INFO]    ⏳ Turnstile detectado — esperando resolución automática...
2026-04-08 11:19:47,338 [INFO]    ✅ Turnstile resuelto
2026-04-08 11:19:51,345 [INFO]    Página 4/5 → https://www.opcionempleo.com.ar/trabajo-software-engineer.html?p=4
2026-04-08 11:20:00,710 [INFO]    ⏳ Turnstile detectado — esperando resolución automática...
2026-04-08 11:20:00,728 [INFO]    ✅ Turnstile resuelto
2026-04-08 11:20:04,340 [INFO]    → 20 ofertas encontradas
2026-04-08 11:20:12,926 [INFO]    ⏳ Turnstile detectado — esperando resolución automática...
2026-04-08 11:20:12,951 [INFO]    ✅ Turnstile resuelto
2026-04-08 11:20:22,549 [INFO]    ⏳ Turnstile detectado — esperando resolución automática...
2026-04-08 11:20:22,568 [INFO]    ✅ Turnstile resuelto
2026-04-08 11:20:32,951 [INFO]    ⏳ Turnstile detectado — esperando resolución automática...
2026-04-08 11:20:32,971 [INFO]    ✅ Turnstile resuelto
2026-04-08 11:20:44,253 [INFO]    ⏳ Turnstile detectado — esperando resolución automática...
2026-04-08 11:20:44,272 [INFO]    ✅ Turnstile resuelto
2026-04-08 11:20:55,938 [INFO]    ⏳ Turnstile detectado — esperando resolución automática...
2026-04-08 11:20:55,960 [INFO]    ✅ Turnstile resuelto
2026-04-08 11:21:05,760 [INFO]    ⏳ Turnstile detectado — esperando resolución automática...
2026-04-08 11:21:05,778 [INFO]    ✅ Turnstile resuelto
2026-04-08 11:21:17,026 [INFO]    ⏳ Turnstile detectado — esperando resolución automática...
2026-04-08 11:21:17,044 [INFO]    ✅ Turnstile resuelto
2026-04-08 11:21:29,323 [INFO]    ⏳ Turnstile detectado — esperando resolución automática...
2026-04-08 11:21:29,340 [INFO]    ✅ Turnstile resuelto
2026-04-08 11:21:39,445 [INFO]    ⏳ Turnstile detectado — esperando resolución automática...
2026-04-08 11:21:39,463 [INFO]    ✅ Turnstile resuelto
2026-04-08 11:21:51,227 [INFO]    ⏳ Turnstile detectado — esperando resolución automática...
2026-04-08 11:21:51,244 [INFO]    ✅ Turnstile resuelto
2026-04-08 11:22:01,362 [INFO]    ⏳ Turnstile detectado — esperando resolución automática...
2026-04-08 11:22:01,381 [INFO]    ✅ Turnstile resuelto
2026-04-08 11:22:13,296 [INFO]    ⏳ Turnstile detectado — esperando resolución automática...
2026-04-08 11:22:13,315 [INFO]    ✅ Turnstile resuelto
2026-04-08 11:22:25,740 [INFO]    ⏳ Turnstile detectado — esperando resolución automática...
2026-04-08 11:22:25,757 [INFO]    ✅ Turnstile resuelto
2026-04-08 11:22:37,313 [INFO]    ⏳ Turnstile detectado — esperando resolución automática...
2026-04-08 11:22:37,333 [INFO]    ✅ Turnstile resuelto
2026-04-08 11:22:47,761 [INFO]    ⏳ Turnstile detectado — esperando resolución automática...
2026-04-08 11:22:47,781 [INFO]    ✅ Turnstile resuelto
2026-04-08 11:22:57,485 [INFO]    ⏳ Turnstile detectado — esperando resolución automática...
2026-04-08 11:22:57,507 [INFO]    ✅ Turnstile resuelto
2026-04-08 11:23:09,863 [INFO]    ⏳ Turnstile detectado — esperando resolución automática...
2026-04-08 11:23:09,882 [INFO]    ✅ Turnstile resuelto
2026-04-08 11:23:19,294 [INFO]    ⏳ Turnstile detectado — esperando resolución automática...
2026-04-08 11:23:19,312 [INFO]    ✅ Turnstile resuelto
2026-04-08 11:23:30,952 [INFO]    ⏳ Turnstile detectado — esperando resolución automática...
2026-04-08 11:23:30,972 [INFO]    ✅ Turnstile resuelto
2026-04-08 11:23:42,534 [INFO]    ⏳ Turnstile detectado — esperando resolución automática...
2026-04-08 11:23:42,551 [INFO]    ✅ Turnstile resuelto
2026-04-08 11:23:46,538 [INFO]    Página 5/5 → https://www.opcionempleo.com.ar/trabajo-software-engineer.html?p=5
2026-04-08 11:23:56,984 [INFO]    ⏳ Turnstile detectado — esperando resolución automática...
2026-04-08 11:23:57,033 [INFO]    ✅ Turnstile resuelto
2026-04-08 11:24:01,195 [INFO]    → 20 ofertas encontradas
2026-04-08 11:24:09,670 [INFO]    ⏳ Turnstile detectado — esperando resolución automática...
2026-04-08 11:24:09,688 [INFO]    ✅ Turnstile resuelto
2026-04-08 11:24:21,403 [INFO]    ⏳ Turnstile detectado — esperando resolución automática...
2026-04-08 11:24:21,420 [INFO]    ✅ Turnstile resuelto
2026-04-08 11:24:32,281 [INFO]    ⏳ Turnstile detectado — esperando resolución automática...
2026-04-08 11:24:32,297 [INFO]    ✅ Turnstile resuelto
2026-04-08 11:24:44,175 [INFO]    ⏳ Turnstile detectado — esperando resolución automática...
2026-04-08 11:24:44,195 [INFO]    ✅ Turnstile resuelto
2026-04-08 11:24:55,242 [INFO]    ⏳ Turnstile detectado — esperando resolución automática...
2026-04-08 11:24:55,260 [INFO]    ✅ Turnstile resuelto
2026-04-08 11:25:06,508 [INFO]    ⏳ Turnstile detectado — esperando resolución automática...
2026-04-08 11:25:06,526 [INFO]    ✅ Turnstile resuelto
2026-04-08 11:25:18,381 [INFO]    ⏳ Turnstile detectado — esperando resolución automática...
2026-04-08 11:25:18,399 [INFO]    ✅ Turnstile resuelto
2026-04-08 11:25:29,605 [INFO]    ⏳ Turnstile detectado — esperando resolución automática...
2026-04-08 11:25:29,625 [INFO]    ✅ Turnstile resuelto
2026-04-08 11:25:41,318 [INFO]    ⏳ Turnstile detectado — esperando resolución automática...
2026-04-08 11:25:41,339 [INFO]    ✅ Turnstile resuelto
2026-04-08 11:25:52,076 [INFO]    ⏳ Turnstile detectado — esperando resolución automática...
2026-04-08 11:25:52,095 [INFO]    ✅ Turnstile resuelto
2026-04-08 11:26:02,118 [INFO]    ⏳ Turnstile detectado — esperando resolución automática...
2026-04-08 11:26:02,165 [INFO]    ✅ Turnstile resuelto
2026-04-08 11:26:13,678 [INFO]    ⏳ Turnstile detectado — esperando resolución automática...
2026-04-08 11:26:13,696 [INFO]    ✅ Turnstile resuelto
2026-04-08 11:26:24,947 [INFO]    ⏳ Turnstile detectado — esperando resolución automática...
2026-04-08 11:26:24,966 [INFO]    ✅ Turnstile resuelto
2026-04-08 11:26:37,331 [INFO]    ⏳ Turnstile detectado — esperando resolución automática...
2026-04-08 11:26:37,352 [INFO]    ✅ Turnstile resuelto
2026-04-08 11:26:47,080 [INFO]    ⏳ Turnstile detectado — esperando resolución automática...
2026-04-08 11:26:47,097 [INFO]    ✅ Turnstile resuelto
2026-04-08 11:26:56,771 [INFO]    ⏳ Turnstile detectado — esperando resolución automática...
2026-04-08 11:26:56,790 [INFO]    ✅ Turnstile resuelto
2026-04-08 11:27:07,948 [INFO]    ⏳ Turnstile detectado — esperando resolución automática...
2026-04-08 11:27:07,968 [INFO]    ✅ Turnstile resuelto
2026-04-08 11:27:17,583 [INFO]    ⏳ Turnstile detectado — esperando resolución automática...
2026-04-08 11:27:17,601 [INFO]    ✅ Turnstile resuelto
2026-04-08 11:27:29,146 [INFO]    ⏳ Turnstile detectado — esperando resolución automática...
2026-04-08 11:27:29,169 [INFO]    ✅ Turnstile resuelto
2026-04-08 11:27:40,729 [INFO]    ⏳ Turnstile detectado — esperando resolución automática...
2026-04-08 11:27:40,758 [INFO]    ✅ Turnstile resuelto
2026-04-08 11:27:44,831 [INFO] Exportadas 99 ofertas → /media/carlos-a-cicconi/Common1/Repositorios-Ing.Carlos-Cicconi/Trabajo_Final_MCD/data/raw/opcionempleo_20260408.csv
2026-04-08 11:27:44,831 [INFO] ✅ 'Software Engineer': 99 ofertas guardadas
2026-04-08 11:27:44,831 [INFO]    💤 Pausa: 13.3s
2026-04-08 11:27:58,181 [INFO] 
🔍 Buscando: 'Python Developer'
2026-04-08 11:27:58,181 [INFO]    Página 1/5 → https://www.opcionempleo.com.ar/trabajo-python.html
2026-04-08 11:28:05,719 [INFO]    ⏳ Turnstile detectado — esperando resolución automática...
2026-04-08 11:28:05,751 [INFO]    ✅ Turnstile resuelto
2026-04-08 11:28:09,698 [INFO]    → 19 ofertas encontradas
2026-04-08 11:28:17,389 [INFO]    ⏳ Turnstile detectado — esperando resolución automática...
2026-04-08 11:28:17,408 [INFO]    ✅ Turnstile resuelto
2026-04-08 11:28:27,006 [INFO]    ⏳ Turnstile detectado — esperando resolución automática...
2026-04-08 11:28:27,025 [INFO]    ✅ Turnstile resuelto
2026-04-08 11:28:38,585 [INFO]    ⏳ Turnstile detectado — esperando resolución automática...
2026-04-08 11:28:38,602 [INFO]    ✅ Turnstile resuelto
2026-04-08 11:28:48,882 [INFO]    ⏳ Turnstile detectado — esperando resolución automática...
2026-04-08 11:28:48,902 [INFO]    ✅ Turnstile resuelto
2026-04-08 11:28:59,864 [INFO]    ⏳ Turnstile detectado — esperando resolución automática...
2026-04-08 11:28:59,884 [INFO]    ✅ Turnstile resuelto
2026-04-08 11:29:11,547 [INFO]    ⏳ Turnstile detectado — esperando resolución automática...
2026-04-08 11:29:11,565 [INFO]    ✅ Turnstile resuelto
2026-04-08 11:29:21,689 [INFO]    ⏳ Turnstile detectado — esperando resolución automática...
2026-04-08 11:29:21,706 [INFO]    ✅ Turnstile resuelto
2026-04-08 11:29:32,820 [INFO]    ⏳ Turnstile detectado — esperando resolución automática...
2026-04-08 11:29:32,837 [INFO]    ✅ Turnstile resuelto
2026-04-08 11:29:42,890 [INFO]    ⏳ Turnstile detectado — esperando resolución automática...
2026-04-08 11:29:42,906 [INFO]    ✅ Turnstile resuelto
2026-04-08 11:29:52,584 [INFO]    ⏳ Turnstile detectado — esperando resolución automática...
2026-04-08 11:29:52,601 [INFO]    ✅ Turnstile resuelto
2026-04-08 11:30:03,264 [INFO]    ⏳ Turnstile detectado — esperando resolución automática...
2026-04-08 11:30:03,282 [INFO]    ✅ Turnstile resuelto
2026-04-08 11:30:14,634 [INFO]    ⏳ Turnstile detectado — esperando resolución automática...
2026-04-08 11:30:14,650 [INFO]    ✅ Turnstile resuelto
2026-04-08 11:30:25,322 [INFO]    ⏳ Turnstile detectado — esperando resolución automática...
2026-04-08 11:30:25,344 [INFO]    ✅ Turnstile resuelto
2026-04-08 11:30:35,926 [INFO]    ⏳ Turnstile detectado — esperando resolución automática...
2026-04-08 11:30:35,945 [INFO]    ✅ Turnstile resuelto
2026-04-08 11:30:47,911 [INFO]    ⏳ Turnstile detectado — esperando resolución automática...
2026-04-08 11:30:47,954 [INFO]    ✅ Turnstile resuelto
2026-04-08 11:30:58,847 [INFO]    ⏳ Turnstile detectado — esperando resolución automática...
2026-04-08 11:30:58,882 [INFO]    ✅ Turnstile resuelto
2026-04-08 11:31:11,154 [INFO]    ⏳ Turnstile detectado — esperando resolución automática...
2026-04-08 11:31:11,172 [INFO]    ✅ Turnstile resuelto
2026-04-08 11:31:22,623 [INFO]    ⏳ Turnstile detectado — esperando resolución automática...
2026-04-08 11:31:22,643 [INFO]    ✅ Turnstile resuelto
2026-04-08 11:31:33,687 [INFO]    ⏳ Turnstile detectado — esperando resolución automática...
2026-04-08 11:31:33,709 [INFO]    ✅ Turnstile resuelto
2026-04-08 11:31:37,768 [INFO]    Página 2/5 → https://www.opcionempleo.com.ar/trabajo-python.html?p=2
2026-04-08 11:31:45,992 [INFO]    ⏳ Turnstile detectado — esperando resolución automática...
2026-04-08 11:31:46,042 [INFO]    ✅ Turnstile resuelto
2026-04-08 11:31:49,958 [INFO]    → 17 ofertas encontradas
2026-04-08 11:31:58,063 [INFO]    ⏳ Turnstile detectado — esperando resolución automática...
2026-04-08 11:31:58,081 [INFO]    ✅ Turnstile resuelto
2026-04-08 11:32:09,148 [INFO]    ⏳ Turnstile detectado — esperando resolución automática...
2026-04-08 11:32:09,171 [INFO]    ✅ Turnstile resuelto
2026-04-08 11:32:21,702 [INFO]    ⏳ Turnstile detectado — esperando resolución automática...
2026-04-08 11:32:21,723 [INFO]    ✅ Turnstile resuelto
2026-04-08 11:32:31,637 [INFO]    ⏳ Turnstile detectado — esperando resolución automática...
2026-04-08 11:32:31,661 [INFO]    ✅ Turnstile resuelto
2026-04-08 11:32:41,068 [INFO]    ⏳ Turnstile detectado — esperando resolución automática...
2026-04-08 11:32:41,089 [INFO]    ✅ Turnstile resuelto
2026-04-08 11:32:52,530 [INFO]    ⏳ Turnstile detectado — esperando resolución automática...
2026-04-08 11:32:52,548 [INFO]    ✅ Turnstile resuelto
2026-04-08 11:33:01,939 [INFO]    ⏳ Turnstile detectado — esperando resolución automática...
2026-04-08 11:33:01,959 [INFO]    ✅ Turnstile resuelto
2026-04-08 11:33:13,110 [INFO]    ⏳ Turnstile detectado — esperando resolución automática...
2026-04-08 11:33:13,127 [INFO]    ✅ Turnstile resuelto
2026-04-08 11:33:22,735 [INFO]    ⏳ Turnstile detectado — esperando resolución automática...
2026-04-08 11:33:22,753 [INFO]    ✅ Turnstile resuelto
2026-04-08 11:33:32,571 [INFO]    ⏳ Turnstile detectado — esperando resolución automática...
2026-04-08 11:33:32,598 [INFO]    ✅ Turnstile resuelto
2026-04-08 11:33:44,654 [INFO]    ⏳ Turnstile detectado — esperando resolución automática...
2026-04-08 11:33:44,673 [INFO]    ✅ Turnstile resuelto
2026-04-08 11:33:56,420 [INFO]    ⏳ Turnstile detectado — esperando resolución automática...
2026-04-08 11:33:56,440 [INFO]    ✅ Turnstile resuelto
2026-04-08 11:34:06,202 [INFO]    ⏳ Turnstile detectado — esperando resolución automática...
2026-04-08 11:34:06,224 [INFO]    ✅ Turnstile resuelto
2026-04-08 11:34:17,813 [INFO]    ⏳ Turnstile detectado — esperando resolución automática...
2026-04-08 11:34:17,831 [INFO]    ✅ Turnstile resuelto
2026-04-08 11:34:29,810 [INFO]    ⏳ Turnstile detectado — esperando resolución automática...
2026-04-08 11:34:29,828 [INFO]    ✅ Turnstile resuelto
2026-04-08 11:34:39,327 [INFO]    ⏳ Turnstile detectado — esperando resolución automática...
2026-04-08 11:34:39,345 [INFO]    ✅ Turnstile resuelto
2026-04-08 11:34:50,325 [INFO]    ⏳ Turnstile detectado — esperando resolución automática...
2026-04-08 11:34:50,343 [INFO]    ✅ Turnstile resuelto
2026-04-08 11:34:53,557 [INFO]    Página 3/5 → https://www.opcionempleo.com.ar/trabajo-python.html?p=3
2026-04-08 11:35:02,777 [INFO]    ⏳ Turnstile detectado — esperando resolución automática...
2026-04-08 11:35:02,795 [INFO]    ✅ Turnstile resuelto
2026-04-08 11:35:06,745 [INFO]    → 20 ofertas encontradas
2026-04-08 11:35:14,881 [INFO]    ⏳ Turnstile detectado — esperando resolución automática...
2026-04-08 11:35:14,901 [INFO]    ✅ Turnstile resuelto
2026-04-08 11:35:24,505 [INFO]    ⏳ Turnstile detectado — esperando resolución automática...
2026-04-08 11:35:24,526 [INFO]    ✅ Turnstile resuelto
2026-04-08 11:35:36,063 [INFO]    ⏳ Turnstile detectado — esperando resolución automática...
2026-04-08 11:35:36,081 [INFO]    ✅ Turnstile resuelto
2026-04-08 11:35:46,195 [INFO]    ⏳ Turnstile detectado — esperando resolución automática...
2026-04-08 11:35:46,215 [INFO]    ✅ Turnstile resuelto
2026-04-08 11:35:57,253 [INFO]    ⏳ Turnstile detectado — esperando resolución automática...
2026-04-08 11:35:57,272 [INFO]    ✅ Turnstile resuelto
2026-04-08 11:36:08,734 [INFO]    ⏳ Turnstile detectado — esperando resolución automática...
2026-04-08 11:36:08,752 [INFO]    ✅ Turnstile resuelto
2026-04-08 11:36:18,504 [INFO]    ⏳ Turnstile detectado — esperando resolución automática...
2026-04-08 11:36:18,521 [INFO]    ✅ Turnstile resuelto
2026-04-08 11:36:28,800 [INFO]    ⏳ Turnstile detectado — esperando resolución automática...
2026-04-08 11:36:28,818 [INFO]    ✅ Turnstile resuelto
2026-04-08 11:36:39,243 [INFO]    ⏳ Turnstile detectado — esperando resolución automática...
2026-04-08 11:36:39,262 [INFO]    ✅ Turnstile resuelto
2026-04-08 11:36:51,735 [INFO]    ⏳ Turnstile detectado — esperando resolución automática...
2026-04-08 11:36:51,754 [INFO]    ✅ Turnstile resuelto
2026-04-08 11:37:02,498 [INFO]    ⏳ Turnstile detectado — esperando resolución automática...
2026-04-08 11:37:02,515 [INFO]    ✅ Turnstile resuelto
2026-04-08 11:37:14,258 [INFO]    ⏳ Turnstile detectado — esperando resolución automática...
2026-04-08 11:37:14,274 [INFO]    ✅ Turnstile resuelto
2026-04-08 11:37:26,499 [INFO]    ⏳ Turnstile detectado — esperando resolución automática...
2026-04-08 11:37:26,517 [INFO]    ✅ Turnstile resuelto
2026-04-08 11:37:37,815 [INFO]    ⏳ Turnstile detectado — esperando resolución automática...
2026-04-08 11:37:37,833 [INFO]    ✅ Turnstile resuelto
2026-04-08 11:37:48,327 [INFO]    ⏳ Turnstile detectado — esperando resolución automática...
2026-04-08 11:37:48,345 [INFO]    ✅ Turnstile resuelto
2026-04-08 11:37:58,192 [INFO]    ⏳ Turnstile detectado — esperando resolución automática...
2026-04-08 11:37:58,210 [INFO]    ✅ Turnstile resuelto
2026-04-08 11:38:08,683 [INFO]    ⏳ Turnstile detectado — esperando resolución automática...
2026-04-08 11:38:08,699 [INFO]    ✅ Turnstile resuelto
2026-04-08 11:38:20,615 [INFO]    ⏳ Turnstile detectado — esperando resolución automática...
2026-04-08 11:38:20,632 [INFO]    ✅ Turnstile resuelto
2026-04-08 11:38:32,492 [INFO]    ⏳ Turnstile detectado — esperando resolución automática...
2026-04-08 11:38:32,511 [INFO]    ✅ Turnstile resuelto
2026-04-08 11:38:41,857 [INFO]    ⏳ Turnstile detectado — esperando resolución automática...
2026-04-08 11:38:41,876 [INFO]    ✅ Turnstile resuelto
2026-04-08 11:38:45,438 [INFO]    Página 4/5 → https://www.opcionempleo.com.ar/trabajo-python.html?p=4
2026-04-08 11:38:54,096 [INFO]    ⏳ Turnstile detectado — esperando resolución automática...
2026-04-08 11:38:54,114 [INFO]    ✅ Turnstile resuelto
2026-04-08 11:38:58,395 [INFO]    → 19 ofertas encontradas
2026-04-08 11:39:05,057 [INFO]    ⏳ Turnstile detectado — esperando resolución automática...
2026-04-08 11:39:05,075 [INFO]    ✅ Turnstile resuelto
2026-04-08 11:39:16,527 [INFO]    ⏳ Turnstile detectado — esperando resolución automática...
2026-04-08 11:39:16,547 [INFO]    ✅ Turnstile resuelto
2026-04-08 11:39:25,843 [INFO]    ⏳ Turnstile detectado — esperando resolución automática...
2026-04-08 11:39:25,861 [INFO]    ✅ Turnstile resuelto
2026-04-08 11:39:35,668 [INFO]    ⏳ Turnstile detectado — esperando resolución automática...
2026-04-08 11:39:35,687 [INFO]    ✅ Turnstile resuelto
2026-04-08 11:39:47,457 [INFO]    ⏳ Turnstile detectado — esperando resolución automática...
2026-04-08 11:39:47,475 [INFO]    ✅ Turnstile resuelto
2026-04-08 11:39:57,493 [INFO]    ⏳ Turnstile detectado — esperando resolución automática...
2026-04-08 11:39:57,510 [INFO]    ✅ Turnstile resuelto
2026-04-08 11:40:09,676 [INFO]    ⏳ Turnstile detectado — esperando resolución automática...
2026-04-08 11:40:09,695 [INFO]    ✅ Turnstile resuelto
2026-04-08 11:40:19,605 [INFO]    ⏳ Turnstile detectado — esperando resolución automática...
2026-04-08 11:40:19,622 [INFO]    ✅ Turnstile resuelto
2026-04-08 11:40:29,334 [INFO]    ⏳ Turnstile detectado — esperando resolución automática...
2026-04-08 11:40:29,354 [INFO]    ✅ Turnstile resuelto
2026-04-08 11:40:40,497 [INFO]    ⏳ Turnstile detectado — esperando resolución automática...
2026-04-08 11:40:40,514 [INFO]    ✅ Turnstile resuelto
2026-04-08 11:40:52,885 [INFO]    ⏳ Turnstile detectado — esperando resolución automática...
2026-04-08 11:40:52,904 [INFO]    ✅ Turnstile resuelto
2026-04-08 11:41:04,054 [INFO]    ⏳ Turnstile detectado — esperando resolución automática...
2026-04-08 11:41:04,073 [INFO]    ✅ Turnstile resuelto
2026-04-08 11:41:13,923 [INFO]    ⏳ Turnstile detectado — esperando resolución automática...
2026-04-08 11:41:13,942 [INFO]    ✅ Turnstile resuelto
2026-04-08 11:41:26,164 [INFO]    ⏳ Turnstile detectado — esperando resolución automática...
2026-04-08 11:41:26,182 [INFO]    ✅ Turnstile resuelto
2026-04-08 11:41:37,736 [INFO]    ⏳ Turnstile detectado — esperando resolución automática...
2026-04-08 11:41:37,755 [INFO]    ✅ Turnstile resuelto
2026-04-08 11:41:47,509 [INFO]    ⏳ Turnstile detectado — esperando resolución automática...
2026-04-08 11:41:47,526 [INFO]    ✅ Turnstile resuelto
2026-04-08 11:41:59,243 [INFO]    ⏳ Turnstile detectado — esperando resolución automática...
2026-04-08 11:41:59,260 [INFO]    ✅ Turnstile resuelto
2026-04-08 11:42:09,598 [INFO]    ⏳ Turnstile detectado — esperando resolución automática...
2026-04-08 11:42:09,617 [INFO]    ✅ Turnstile resuelto
2026-04-08 11:42:19,318 [INFO]    ⏳ Turnstile detectado — esperando resolución automática...
2026-04-08 11:42:19,336 [INFO]    ✅ Turnstile resuelto
2026-04-08 11:42:22,695 [INFO]    Página 5/5 → https://www.opcionempleo.com.ar/trabajo-python.html?p=5
2026-04-08 11:42:32,422 [INFO]    ⏳ Turnstile detectado — esperando resolución automática...
2026-04-08 11:42:32,441 [INFO]    ✅ Turnstile resuelto
2026-04-08 11:42:36,506 [INFO]    → 19 ofertas encontradas
2026-04-08 11:42:42,957 [INFO]    ⏳ Turnstile detectado — esperando resolución automática...
2026-04-08 11:42:42,975 [INFO]    ✅ Turnstile resuelto
2026-04-08 11:42:54,440 [INFO]    ⏳ Turnstile detectado — esperando resolución automática...
2026-04-08 11:42:54,457 [INFO]    ✅ Turnstile resuelto
2026-04-08 11:43:06,212 [INFO]    ⏳ Turnstile detectado — esperando resolución automática...
2026-04-08 11:43:06,230 [INFO]    ✅ Turnstile resuelto
2026-04-08 11:43:18,106 [INFO]    ⏳ Turnstile detectado — esperando resolución automática...
2026-04-08 11:43:18,124 [INFO]    ✅ Turnstile resuelto
2026-04-08 11:43:28,333 [INFO]    ⏳ Turnstile detectado — esperando resolución automática...
2026-04-08 11:43:28,351 [INFO]    ✅ Turnstile resuelto
2026-04-08 11:43:38,272 [INFO]    ⏳ Turnstile detectado — esperando resolución automática...
2026-04-08 11:43:38,307 [INFO]    ✅ Turnstile resuelto
2026-04-08 11:43:49,019 [INFO]    ⏳ Turnstile detectado — esperando resolución automática...
2026-04-08 11:43:49,038 [INFO]    ✅ Turnstile resuelto
2026-04-08 11:43:59,564 [INFO]    ⏳ Turnstile detectado — esperando resolución automática...
2026-04-08 11:43:59,583 [INFO]    ✅ Turnstile resuelto
2026-04-08 11:44:09,606 [INFO]    ⏳ Turnstile detectado — esperando resolución automática...
2026-04-08 11:44:09,625 [INFO]    ✅ Turnstile resuelto
2026-04-08 11:44:20,448 [INFO]    ⏳ Turnstile detectado — esperando resolución automática...
2026-04-08 11:44:20,466 [INFO]    ✅ Turnstile resuelto
2026-04-08 11:44:31,113 [INFO]    ⏳ Turnstile detectado — esperando resolución automática...
2026-04-08 11:44:31,131 [INFO]    ✅ Turnstile resuelto
2026-04-08 11:44:43,022 [INFO]    ⏳ Turnstile detectado — esperando resolución automática...
2026-04-08 11:44:43,041 [INFO]    ✅ Turnstile resuelto
2026-04-08 11:44:53,059 [INFO]    ⏳ Turnstile detectado — esperando resolución automática...
2026-04-08 11:44:53,078 [INFO]    ✅ Turnstile resuelto
2026-04-08 11:45:04,890 [INFO]    ⏳ Turnstile detectado — esperando resolución automática...
2026-04-08 11:45:04,910 [INFO]    ✅ Turnstile resuelto
2026-04-08 11:45:15,746 [INFO]    ⏳ Turnstile detectado — esperando resolución automática...
2026-04-08 11:45:15,763 [INFO]    ✅ Turnstile resuelto
2026-04-08 11:45:26,603 [INFO]    ⏳ Turnstile detectado — esperando resolución automática...
2026-04-08 11:45:26,634 [INFO]    ✅ Turnstile resuelto
2026-04-08 11:45:37,777 [INFO]    ⏳ Turnstile detectado — esperando resolución automática...
2026-04-08 11:45:37,794 [INFO]    ✅ Turnstile resuelto
2026-04-08 11:45:47,330 [INFO]    ⏳ Turnstile detectado — esperando resolución automática...
2026-04-08 11:45:47,349 [INFO]    ✅ Turnstile resuelto
2026-04-08 11:45:57,023 [INFO]    ⏳ Turnstile detectado — esperando resolución automática...
2026-04-08 11:45:57,041 [INFO]    ✅ Turnstile resuelto
2026-04-08 11:46:00,117 [INFO] Exportadas 94 ofertas → /media/carlos-a-cicconi/Common1/Repositorios-Ing.Carlos-Cicconi/Trabajo_Final_MCD/data/raw/opcionempleo_20260408.csv
2026-04-08 11:46:00,117 [INFO] ✅ 'Python Developer': 94 ofertas guardadas
2026-04-08 11:46:00,117 [INFO]    💤 Pausa: 10.1s
2026-04-08 11:46:10,241 [INFO] 
🔍 Buscando: 'Desarrollador Backend'
2026-04-08 11:46:10,242 [INFO]    Página 1/5 → https://www.opcionempleo.com.ar/trabajo-desarrollador-backend.html
2026-04-08 11:46:19,902 [INFO]    ⏳ Turnstile detectado — esperando resolución automática...
2026-04-08 11:46:19,924 [INFO]    ✅ Turnstile resuelto
2026-04-08 11:46:23,967 [INFO]    → 20 ofertas encontradas
2026-04-08 11:46:31,979 [INFO]    ⏳ Turnstile detectado — esperando resolución automática...
2026-04-08 11:46:31,997 [INFO]    ✅ Turnstile resuelto
2026-04-08 11:46:42,390 [INFO]    ⏳ Turnstile detectado — esperando resolución automática...
2026-04-08 11:46:42,408 [INFO]    ✅ Turnstile resuelto
2026-04-08 11:46:54,261 [INFO]    ⏳ Turnstile detectado — esperando resolución automática...
2026-04-08 11:46:54,280 [INFO]    ✅ Turnstile resuelto
2026-04-08 11:47:05,115 [INFO]    ⏳ Turnstile detectado — esperando resolución automática...
2026-04-08 11:47:05,134 [INFO]    ✅ Turnstile resuelto
2026-04-08 11:47:15,367 [INFO]    ⏳ Turnstile detectado — esperando resolución automática...
2026-04-08 11:47:15,387 [INFO]    ✅ Turnstile resuelto
2026-04-08 11:47:26,409 [INFO]    ⏳ Turnstile detectado — esperando resolución automática...
2026-04-08 11:47:26,428 [INFO]    ✅ Turnstile resuelto
2026-04-08 11:47:36,878 [INFO]    ⏳ Turnstile detectado — esperando resolución automática...
2026-04-08 11:47:36,895 [INFO]    ✅ Turnstile resuelto
2026-04-08 11:47:47,303 [INFO]    ⏳ Turnstile detectado — esperando resolución automática...
2026-04-08 11:47:47,322 [INFO]    ✅ Turnstile resuelto
2026-04-08 11:47:58,470 [INFO]    ⏳ Turnstile detectado — esperando resolución automática...
2026-04-08 11:47:58,489 [INFO]    ✅ Turnstile resuelto
2026-04-08 11:48:08,703 [INFO]    ⏳ Turnstile detectado — esperando resolución automática...
2026-04-08 11:48:08,721 [INFO]    ✅ Turnstile resuelto
2026-04-08 11:48:19,861 [INFO]    ⏳ Turnstile detectado — esperando resolución automática...
2026-04-08 11:48:19,879 [INFO]    ✅ Turnstile resuelto
2026-04-08 11:48:29,385 [INFO]    ⏳ Turnstile detectado — esperando resolución automática...
2026-04-08 11:48:29,404 [INFO]    ✅ Turnstile resuelto
2026-04-08 11:48:40,244 [INFO]    ⏳ Turnstile detectado — esperando resolución automática...
2026-04-08 11:48:40,261 [INFO]    ✅ Turnstile resuelto
2026-04-08 11:48:51,199 [INFO]    ⏳ Turnstile detectado — esperando resolución automática...
2026-04-08 11:48:51,218 [INFO]    ✅ Turnstile resuelto
2026-04-08 11:49:02,566 [INFO]    ⏳ Turnstile detectado — esperando resolución automática...
2026-04-08 11:49:02,585 [INFO]    ✅ Turnstile resuelto
2026-04-08 11:49:13,964 [INFO]    ⏳ Turnstile detectado — esperando resolución automática...
2026-04-08 11:49:13,982 [INFO]    ✅ Turnstile resuelto
2026-04-08 11:49:24,890 [INFO]    ⏳ Turnstile detectado — esperando resolución automática...
2026-04-08 11:49:24,926 [INFO]    ✅ Turnstile resuelto
2026-04-08 11:49:35,257 [INFO]    ⏳ Turnstile detectado — esperando resolución automática...
2026-04-08 11:49:35,275 [INFO]    ✅ Turnstile resuelto
2026-04-08 11:49:45,384 [INFO]    ⏳ Turnstile detectado — esperando resolución automática...
2026-04-08 11:49:45,402 [INFO]    ✅ Turnstile resuelto
2026-04-08 11:49:57,251 [INFO]    ⏳ Turnstile detectado — esperando resolución automática...
2026-04-08 11:49:57,268 [INFO]    ✅ Turnstile resuelto
2026-04-08 11:50:00,434 [INFO]    Página 2/5 → https://www.opcionempleo.com.ar/trabajo-desarrollador-backend.html?p=2
2026-04-08 11:50:09,953 [INFO]    ⏳ Turnstile detectado — esperando resolución automática...
2026-04-08 11:50:09,973 [INFO]    ✅ Turnstile resuelto
2026-04-08 11:50:13,810 [INFO]    → 16 ofertas encontradas
2026-04-08 11:50:20,911 [INFO]    ⏳ Turnstile detectado — esperando resolución automática...
2026-04-08 11:50:20,954 [INFO]    ✅ Turnstile resuelto
2026-04-08 11:50:32,791 [INFO]    ⏳ Turnstile detectado — esperando resolución automática...
2026-04-08 11:50:32,807 [INFO]    ✅ Turnstile resuelto
2026-04-08 11:50:42,927 [INFO]    ⏳ Turnstile detectado — esperando resolución automática...
2026-04-08 11:50:42,945 [INFO]    ✅ Turnstile resuelto
2026-04-08 11:50:53,062 [INFO]    ⏳ Turnstile detectado — esperando resolución automática...
2026-04-08 11:50:53,080 [INFO]    ✅ Turnstile resuelto
2026-04-08 11:51:03,238 [INFO]    ⏳ Turnstile detectado — esperando resolución automática...
2026-04-08 11:51:03,271 [INFO]    ✅ Turnstile resuelto
2026-04-08 11:51:13,641 [INFO]    ⏳ Turnstile detectado — esperando resolución automática...
2026-04-08 11:51:13,658 [INFO]    ✅ Turnstile resuelto
2026-04-08 11:51:25,152 [INFO]    ⏳ Turnstile detectado — esperando resolución automática...
2026-04-08 11:51:25,168 [INFO]    ✅ Turnstile resuelto
2026-04-08 11:51:36,987 [INFO]    ⏳ Turnstile detectado — esperando resolución automática...
2026-04-08 11:51:37,038 [INFO]    ✅ Turnstile resuelto
2026-04-08 11:51:49,487 [INFO]    ⏳ Turnstile detectado — esperando resolución automática...
2026-04-08 11:51:49,506 [INFO]    ✅ Turnstile resuelto
2026-04-08 11:52:00,294 [INFO]    ⏳ Turnstile detectado — esperando resolución automática...
2026-04-08 11:52:00,311 [INFO]    ✅ Turnstile resuelto
2026-04-08 11:52:11,090 [INFO]    ⏳ Turnstile detectado — esperando resolución automática...
2026-04-08 11:52:11,117 [INFO]    ✅ Turnstile resuelto
2026-04-08 11:52:23,286 [INFO]    ⏳ Turnstile detectado — esperando resolución automática...
2026-04-08 11:52:23,303 [INFO]    ✅ Turnstile resuelto
2026-04-08 11:52:33,309 [INFO]    ⏳ Turnstile detectado — esperando resolución automática...
2026-04-08 11:52:33,331 [INFO]    ✅ Turnstile resuelto
2026-04-08 11:52:43,241 [INFO]    ⏳ Turnstile detectado — esperando resolución automática...
2026-04-08 11:52:43,263 [INFO]    ✅ Turnstile resuelto
2026-04-08 11:52:53,677 [INFO]    ⏳ Turnstile detectado — esperando resolución automática...
2026-04-08 11:52:53,695 [INFO]    ✅ Turnstile resuelto
2026-04-08 11:53:05,569 [INFO]    ⏳ Turnstile detectado — esperando resolución automática...
2026-04-08 11:53:05,591 [INFO]    ✅ Turnstile resuelto
2026-04-08 11:53:08,849 [INFO]    Página 3/5 → https://www.opcionempleo.com.ar/trabajo-desarrollador-backend.html?p=3
2026-04-08 11:53:17,129 [INFO]    ⏳ Turnstile detectado — esperando resolución automática...
2026-04-08 11:53:17,174 [INFO]    ✅ Turnstile resuelto
2026-04-08 11:53:21,524 [INFO]    → 20 ofertas encontradas
2026-04-08 11:53:28,097 [INFO]    ⏳ Turnstile detectado — esperando resolución automática...
2026-04-08 11:53:28,118 [INFO]    ✅ Turnstile resuelto
2026-04-08 11:53:39,560 [INFO]    ⏳ Turnstile detectado — esperando resolución automática...
2026-04-08 11:53:39,582 [INFO]    ✅ Turnstile resuelto
2026-04-08 11:53:50,566 [INFO]    ⏳ Turnstile detectado — esperando resolución automática...
2026-04-08 11:53:50,586 [INFO]    ✅ Turnstile resuelto
2026-04-08 11:54:00,449 [INFO]    ⏳ Turnstile detectado — esperando resolución automática...
2026-04-08 11:54:00,471 [INFO]    ✅ Turnstile resuelto
2026-04-08 11:54:10,803 [INFO]    ⏳ Turnstile detectado — esperando resolución automática...
2026-04-08 11:54:10,824 [INFO]    ✅ Turnstile resuelto
2026-04-08 11:54:22,057 [INFO]    ⏳ Turnstile detectado — esperando resolución automática...
2026-04-08 11:54:22,076 [INFO]    ✅ Turnstile resuelto
2026-04-08 11:54:33,352 [INFO]    ⏳ Turnstile detectado — esperando resolución automática...
2026-04-08 11:54:33,373 [INFO]    ✅ Turnstile resuelto
2026-04-08 11:54:45,516 [INFO]    ⏳ Turnstile detectado — esperando resolución automática...
2026-04-08 11:54:45,536 [INFO]    ✅ Turnstile resuelto
2026-04-08 11:54:55,413 [INFO]    ⏳ Turnstile detectado — esperando resolución automática...
2026-04-08 11:54:55,434 [INFO]    ✅ Turnstile resuelto
2026-04-08 11:55:05,396 [INFO]    ⏳ Turnstile detectado — esperando resolución automática...
2026-04-08 11:55:05,415 [INFO]    ✅ Turnstile resuelto
2026-04-08 11:55:16,128 [INFO]    ⏳ Turnstile detectado — esperando resolución automática...
2026-04-08 11:55:16,147 [INFO]    ✅ Turnstile resuelto
2026-04-08 11:55:26,264 [INFO]    ⏳ Turnstile detectado — esperando resolución automática...
2026-04-08 11:55:26,295 [INFO]    ✅ Turnstile resuelto
2026-04-08 11:55:35,890 [INFO]    ⏳ Turnstile detectado — esperando resolución automática...
2026-04-08 11:55:35,909 [INFO]    ✅ Turnstile resuelto
2026-04-08 11:55:45,719 [INFO]    ⏳ Turnstile detectado — esperando resolución automática...
2026-04-08 11:55:45,738 [INFO]    ✅ Turnstile resuelto
2026-04-08 11:55:56,268 [INFO]    ⏳ Turnstile detectado — esperando resolución automática...
2026-04-08 11:55:56,290 [INFO]    ✅ Turnstile resuelto
2026-04-08 11:56:07,851 [INFO]    ⏳ Turnstile detectado — esperando resolución automática...
2026-04-08 11:56:07,922 [INFO]    ✅ Turnstile resuelto
2026-04-08 11:56:19,416 [INFO]    ⏳ Turnstile detectado — esperando resolución automática...
2026-04-08 11:56:19,437 [INFO]    ✅ Turnstile resuelto
2026-04-08 11:56:30,172 [INFO]    ⏳ Turnstile detectado — esperando resolución automática...
2026-04-08 11:56:30,195 [INFO]    ✅ Turnstile resuelto
2026-04-08 11:56:41,324 [INFO]    ⏳ Turnstile detectado — esperando resolución automática...
2026-04-08 11:56:41,348 [INFO]    ✅ Turnstile resuelto
2026-04-08 11:56:52,288 [INFO]    ⏳ Turnstile detectado — esperando resolución automática...
2026-04-08 11:56:52,310 [INFO]    ✅ Turnstile resuelto
2026-04-08 11:56:55,759 [INFO]    Página 4/5 → https://www.opcionempleo.com.ar/trabajo-desarrollador-backend.html?p=4
2026-04-08 11:57:03,740 [INFO]    ⏳ Turnstile detectado — esperando resolución automática...
2026-04-08 11:57:03,761 [INFO]    ✅ Turnstile resuelto
2026-04-08 11:57:08,155 [INFO]    → 20 ofertas encontradas
2026-04-08 11:57:15,911 [INFO]    ⏳ Turnstile detectado — esperando resolución automática...
2026-04-08 11:57:15,932 [INFO]    ✅ Turnstile resuelto
2026-04-08 11:57:28,016 [INFO]    ⏳ Turnstile detectado — esperando resolución automática...
2026-04-08 11:57:28,039 [INFO]    ✅ Turnstile resuelto
2026-04-08 11:57:38,670 [INFO]    ⏳ Turnstile detectado — esperando resolución automática...
2026-04-08 11:57:38,728 [INFO]    ✅ Turnstile resuelto
2026-04-08 11:57:50,134 [INFO]    ⏳ Turnstile detectado — esperando resolución automática...
2026-04-08 11:57:50,153 [INFO]    ✅ Turnstile resuelto
2026-04-08 11:58:00,167 [INFO]    ⏳ Turnstile detectado — esperando resolución automática...
2026-04-08 11:58:00,189 [INFO]    ✅ Turnstile resuelto
2026-04-08 11:58:10,056 [INFO]    ⏳ Turnstile detectado — esperando resolución automática...
2026-04-08 11:58:10,076 [INFO]    ✅ Turnstile resuelto
2026-04-08 11:58:20,763 [INFO]    ⏳ Turnstile detectado — esperando resolución automática...
2026-04-08 11:58:20,785 [INFO]    ✅ Turnstile resuelto
2026-04-08 11:58:32,029 [INFO]    ⏳ Turnstile detectado — esperando resolución automática...
2026-04-08 11:58:32,048 [INFO]    ✅ Turnstile resuelto
2026-04-08 11:58:43,396 [INFO]    ⏳ Turnstile detectado — esperando resolución automática...
2026-04-08 11:58:43,415 [INFO]    ✅ Turnstile resuelto
2026-04-08 11:58:54,239 [INFO]    ⏳ Turnstile detectado — esperando resolución automática...
2026-04-08 11:58:54,256 [INFO]    ✅ Turnstile resuelto
2026-04-08 11:59:03,969 [INFO]    ⏳ Turnstile detectado — esperando resolución automática...
2026-04-08 11:59:03,991 [INFO]    ✅ Turnstile resuelto
2026-04-08 11:59:15,434 [INFO]    ⏳ Turnstile detectado — esperando resolución automática...
2026-04-08 11:59:15,452 [INFO]    ✅ Turnstile resuelto
2026-04-08 11:59:25,680 [INFO]    ⏳ Turnstile detectado — esperando resolución automática...
2026-04-08 11:59:25,698 [INFO]    ✅ Turnstile resuelto
2026-04-08 11:59:37,043 [INFO]    ⏳ Turnstile detectado — esperando resolución automática...
2026-04-08 11:59:37,063 [INFO]    ✅ Turnstile resuelto
2026-04-08 11:59:48,655 [INFO]    ⏳ Turnstile detectado — esperando resolución automática...
2026-04-08 11:59:48,673 [INFO]    ✅ Turnstile resuelto
2026-04-08 11:59:59,782 [INFO]    ⏳ Turnstile detectado — esperando resolución automática...
2026-04-08 11:59:59,803 [INFO]    ✅ Turnstile resuelto
2026-04-08 12:00:09,504 [INFO]    ⏳ Turnstile detectado — esperando resolución automática...
2026-04-08 12:00:09,524 [INFO]    ✅ Turnstile resuelto
2026-04-08 12:00:20,661 [INFO]    ⏳ Turnstile detectado — esperando resolución automática...
2026-04-08 12:00:20,681 [INFO]    ✅ Turnstile resuelto
2026-04-08 12:00:31,772 [INFO]    ⏳ Turnstile detectado — esperando resolución automática...
2026-04-08 12:00:31,793 [INFO]    ✅ Turnstile resuelto
2026-04-08 12:00:42,520 [INFO]    ⏳ Turnstile detectado — esperando resolución automática...
2026-04-08 12:00:42,542 [INFO]    ✅ Turnstile resuelto
2026-04-08 12:00:46,245 [INFO]    Página 5/5 → https://www.opcionempleo.com.ar/trabajo-desarrollador-backend.html?p=5
2026-04-08 12:00:55,676 [INFO]    ⏳ Turnstile detectado — esperando resolución automática...
2026-04-08 12:00:55,695 [INFO]    ✅ Turnstile resuelto
2026-04-08 12:00:59,867 [INFO]    → 18 ofertas encontradas
2026-04-08 12:01:08,404 [INFO]    ⏳ Turnstile detectado — esperando resolución automática...
2026-04-08 12:01:08,430 [INFO]    ✅ Turnstile resuelto
2026-04-08 12:01:18,521 [INFO]    ⏳ Turnstile detectado — esperando resolución automática...
2026-04-08 12:01:18,544 [INFO]    ✅ Turnstile resuelto
2026-04-08 12:01:28,613 [INFO]    ⏳ Turnstile detectado — esperando resolución automática...
2026-04-08 12:01:28,639 [INFO]    ✅ Turnstile resuelto
2026-04-08 12:01:40,735 [INFO]    ⏳ Turnstile detectado — esperando resolución automática...
2026-04-08 12:01:40,758 [INFO]    ✅ Turnstile resuelto
2026-04-08 12:01:51,553 [INFO]    ⏳ Turnstile detectado — esperando resolución automática...
2026-04-08 12:01:51,574 [INFO]    ✅ Turnstile resuelto
2026-04-08 12:02:02,859 [INFO]    ⏳ Turnstile detectado — esperando resolución automática...
2026-04-08 12:02:02,881 [INFO]    ✅ Turnstile resuelto
2026-04-08 12:02:13,621 [INFO]    ⏳ Turnstile detectado — esperando resolución automática...
2026-04-08 12:02:13,643 [INFO]    ✅ Turnstile resuelto
2026-04-08 12:02:24,573 [INFO]    ⏳ Turnstile detectado — esperando resolución automática...
2026-04-08 12:02:24,595 [INFO]    ✅ Turnstile resuelto
2026-04-08 12:02:35,930 [INFO]    ⏳ Turnstile detectado — esperando resolución automática...
2026-04-08 12:02:35,951 [INFO]    ✅ Turnstile resuelto
2026-04-08 12:02:45,968 [INFO]    ⏳ Turnstile detectado — esperando resolución automática...
2026-04-08 12:02:45,989 [INFO]    ✅ Turnstile resuelto
2026-04-08 12:02:57,449 [INFO]    ⏳ Turnstile detectado — esperando resolución automática...
2026-04-08 12:02:57,492 [INFO]    ✅ Turnstile resuelto
2026-04-08 12:03:07,579 [INFO]    ⏳ Turnstile detectado — esperando resolución automática...
2026-04-08 12:03:07,599 [INFO]    ✅ Turnstile resuelto
2026-04-08 12:03:17,514 [INFO]    ⏳ Turnstile detectado — esperando resolución automática...
2026-04-08 12:03:17,537 [INFO]    ✅ Turnstile resuelto
2026-04-08 12:03:27,750 [INFO]    ⏳ Turnstile detectado — esperando resolución automática...
2026-04-08 12:03:27,769 [INFO]    ✅ Turnstile resuelto
2026-04-08 12:03:39,352 [INFO]    ⏳ Turnstile detectado — esperando resolución automática...
2026-04-08 12:03:39,373 [INFO]    ✅ Turnstile resuelto
2026-04-08 12:03:51,506 [INFO]    ⏳ Turnstile detectado — esperando resolución automática...
2026-04-08 12:03:51,528 [INFO]    ✅ Turnstile resuelto
2026-04-08 12:04:03,571 [INFO]    ⏳ Turnstile detectado — esperando resolución automática...
2026-04-08 12:04:03,610 [INFO]    ✅ Turnstile resuelto
2026-04-08 12:04:15,163 [INFO]    ⏳ Turnstile detectado — esperando resolución automática...
2026-04-08 12:04:15,183 [INFO]    ✅ Turnstile resuelto
2026-04-08 12:04:18,880 [INFO] Exportadas 94 ofertas → /media/carlos-a-cicconi/Common1/Repositorios-Ing.Carlos-Cicconi/Trabajo_Final_MCD/data/raw/opcionempleo_20260408.csv
2026-04-08 12:04:18,880 [INFO] ✅ 'Desarrollador Backend': 94 ofertas guardadas
2026-04-08 12:04:18,880 [INFO]    💤 Pausa: 9.6s
2026-04-08 12:04:28,469 [INFO] 
🔍 Buscando: 'Desarrollador Full Stack'
2026-04-08 12:04:28,469 [INFO]    Página 1/5 → https://www.opcionempleo.com.ar/trabajo-desarrollador-full-stack.html
2026-04-08 12:04:38,198 [INFO]    ⏳ Turnstile detectado — esperando resolución automática...
2026-04-08 12:04:38,220 [INFO]    ✅ Turnstile resuelto
2026-04-08 12:04:42,781 [INFO]    → 12 ofertas encontradas
2026-04-08 12:04:50,791 [INFO]    ⏳ Turnstile detectado — esperando resolución automática...
2026-04-08 12:04:50,810 [INFO]    ✅ Turnstile resuelto
2026-04-08 12:05:00,519 [INFO]    ⏳ Turnstile detectado — esperando resolución automática...
2026-04-08 12:05:00,538 [INFO]    ✅ Turnstile resuelto
2026-04-08 12:05:11,168 [INFO]    ⏳ Turnstile detectado — esperando resolución automática...
2026-04-08 12:05:11,186 [INFO]    ✅ Turnstile resuelto
2026-04-08 12:05:21,969 [INFO]    ⏳ Turnstile detectado — esperando resolución automática...
2026-04-08 12:05:21,993 [INFO]    ✅ Turnstile resuelto
2026-04-08 12:05:33,597 [INFO]    ⏳ Turnstile detectado — esperando resolución automática...
2026-04-08 12:05:33,617 [INFO]    ✅ Turnstile resuelto
2026-04-08 12:05:44,761 [INFO]    ⏳ Turnstile detectado — esperando resolución automática...
2026-04-08 12:05:44,783 [INFO]    ✅ Turnstile resuelto
2026-04-08 12:05:54,892 [INFO]    ⏳ Turnstile detectado — esperando resolución automática...
2026-04-08 12:05:54,911 [INFO]    ✅ Turnstile resuelto
2026-04-08 12:06:06,150 [INFO]    ⏳ Turnstile detectado — esperando resolución automática...
2026-04-08 12:06:06,170 [INFO]    ✅ Turnstile resuelto
2026-04-08 12:06:16,594 [INFO]    ⏳ Turnstile detectado — esperando resolución automática...
2026-04-08 12:06:16,616 [INFO]    ✅ Turnstile resuelto
2026-04-08 12:06:27,416 [INFO]    ⏳ Turnstile detectado — esperando resolución automática...
2026-04-08 12:06:27,438 [INFO]    ✅ Turnstile resuelto
2026-04-08 12:06:37,190 [INFO]    ⏳ Turnstile detectado — esperando resolución automática...
2026-04-08 12:06:37,210 [INFO]    ✅ Turnstile resuelto
2026-04-08 12:06:47,322 [INFO]    ⏳ Turnstile detectado — esperando resolución automática...
2026-04-08 12:06:47,343 [INFO]    ✅ Turnstile resuelto
2026-04-08 12:06:51,005 [INFO]    Página 2/5 → https://www.opcionempleo.com.ar/trabajo-desarrollador-full-stack.html?p=2
2026-04-08 12:07:01,041 [INFO]    ⏳ Turnstile detectado — esperando resolución automática...
2026-04-08 12:07:01,062 [INFO]    ✅ Turnstile resuelto
2026-04-08 12:07:05,345 [INFO]    → 19 ofertas encontradas
2026-04-08 12:07:11,798 [INFO]    ⏳ Turnstile detectado — esperando resolución automática...
2026-04-08 12:07:11,816 [INFO]    ✅ Turnstile resuelto
2026-04-08 12:07:23,264 [INFO]    ⏳ Turnstile detectado — esperando resolución automática...
2026-04-08 12:07:23,282 [INFO]    ✅ Turnstile resuelto
2026-04-08 12:07:33,811 [INFO]    ⏳ Turnstile detectado — esperando resolución automática...
2026-04-08 12:07:33,829 [INFO]    ✅ Turnstile resuelto
2026-04-08 12:07:44,997 [INFO]    ⏳ Turnstile detectado — esperando resolución automática...
2026-04-08 12:07:45,040 [INFO]    ✅ Turnstile resuelto
2026-04-08 12:07:55,776 [INFO]    ⏳ Turnstile detectado — esperando resolución automática...
2026-04-08 12:07:55,794 [INFO]    ✅ Turnstile resuelto
2026-04-08 12:08:06,990 [INFO]    ⏳ Turnstile detectado — esperando resolución automática...
2026-04-08 12:08:07,031 [INFO]    ✅ Turnstile resuelto
2026-04-08 12:08:19,234 [INFO]    ⏳ Turnstile detectado — esperando resolución automática...
2026-04-08 12:08:19,259 [INFO]    ✅ Turnstile resuelto
2026-04-08 12:08:30,450 [INFO]    ⏳ Turnstile detectado — esperando resolución automática...
2026-04-08 12:08:30,471 [INFO]    ✅ Turnstile resuelto
2026-04-08 12:08:42,741 [INFO]    ⏳ Turnstile detectado — esperando resolución automática...
2026-04-08 12:08:42,763 [INFO]    ✅ Turnstile resuelto
2026-04-08 12:08:54,698 [INFO]    ⏳ Turnstile detectado — esperando resolución automática...
2026-04-08 12:08:54,720 [INFO]    ✅ Turnstile resuelto
2026-04-08 12:09:05,974 [INFO]    ⏳ Turnstile detectado — esperando resolución automática...
2026-04-08 12:09:05,994 [INFO]    ✅ Turnstile resuelto
2026-04-08 12:09:17,441 [INFO]    ⏳ Turnstile detectado — esperando resolución automática...
2026-04-08 12:09:17,461 [INFO]    ✅ Turnstile resuelto
2026-04-08 12:09:29,061 [INFO]    ⏳ Turnstile detectado — esperando resolución automática...
2026-04-08 12:09:29,081 [INFO]    ✅ Turnstile resuelto
2026-04-08 12:09:40,485 [INFO]    ⏳ Turnstile detectado — esperando resolución automática...
2026-04-08 12:09:40,506 [INFO]    ✅ Turnstile resuelto
2026-04-08 12:09:51,831 [INFO]    ⏳ Turnstile detectado — esperando resolución automática...
2026-04-08 12:09:51,853 [INFO]    ✅ Turnstile resuelto
2026-04-08 12:10:03,133 [INFO]    ⏳ Turnstile detectado — esperando resolución automática...
2026-04-08 12:10:03,152 [INFO]    ✅ Turnstile resuelto
2026-04-08 12:10:15,448 [INFO]    ⏳ Turnstile detectado — esperando resolución automática...
2026-04-08 12:10:15,467 [INFO]    ✅ Turnstile resuelto
2026-04-08 12:10:26,161 [INFO]    ⏳ Turnstile detectado — esperando resolución automática...
2026-04-08 12:10:26,178 [INFO]    ✅ Turnstile resuelto
2026-04-08 12:10:36,707 [INFO]    ⏳ Turnstile detectado — esperando resolución automática...
2026-04-08 12:10:36,727 [INFO]    ✅ Turnstile resuelto
2026-04-08 12:10:40,278 [INFO]    Página 3/5 → https://www.opcionempleo.com.ar/trabajo-desarrollador-full-stack.html?p=3
2026-04-08 12:10:48,986 [INFO]    ⏳ Turnstile detectado — esperando resolución automática...
2026-04-08 12:10:49,038 [INFO]    ✅ Turnstile resuelto
2026-04-08 12:10:53,317 [INFO]    → 15 ofertas encontradas
2026-04-08 12:10:59,589 [INFO]    ⏳ Turnstile detectado — esperando resolución automática...
2026-04-08 12:10:59,609 [INFO]    ✅ Turnstile resuelto
2026-04-08 12:11:09,572 [INFO]    ⏳ Turnstile detectado — esperando resolución automática...
2026-04-08 12:11:09,591 [INFO]    ✅ Turnstile resuelto
2026-04-08 12:11:19,266 [INFO]    ⏳ Turnstile detectado — esperando resolución automática...
2026-04-08 12:11:19,285 [INFO]    ✅ Turnstile resuelto
2026-04-08 12:11:31,386 [INFO]    ⏳ Turnstile detectado — esperando resolución automática...
2026-04-08 12:11:31,406 [INFO]    ✅ Turnstile resuelto
2026-04-08 12:11:43,677 [INFO]    ⏳ Turnstile detectado — esperando resolución automática...
2026-04-08 12:11:43,697 [INFO]    ✅ Turnstile resuelto
2026-04-08 12:11:54,730 [INFO]    ⏳ Turnstile detectado — esperando resolución automática...
2026-04-08 12:11:54,749 [INFO]    ✅ Turnstile resuelto
2026-04-08 12:12:05,810 [INFO]    ⏳ Turnstile detectado — esperando resolución automática...
2026-04-08 12:12:05,829 [INFO]    ✅ Turnstile resuelto
2026-04-08 12:12:17,885 [INFO]    ⏳ Turnstile detectado — esperando resolución automática...
2026-04-08 12:12:17,933 [INFO]    ✅ Turnstile resuelto
2026-04-08 12:12:28,824 [INFO]    ⏳ Turnstile detectado — esperando resolución automática...
2026-04-08 12:12:28,843 [INFO]    ✅ Turnstile resuelto
2026-04-08 12:12:39,894 [INFO]    ⏳ Turnstile detectado — esperando resolución automática...
2026-04-08 12:12:39,914 [INFO]    ✅ Turnstile resuelto
2026-04-08 12:12:50,134 [INFO]    ⏳ Turnstile detectado — esperando resolución automática...
2026-04-08 12:12:50,155 [INFO]    ✅ Turnstile resuelto
2026-04-08 12:13:01,901 [INFO]    ⏳ Turnstile detectado — esperando resolución automática...
2026-04-08 12:13:01,921 [INFO]    ✅ Turnstile resuelto
2026-04-08 12:13:13,171 [INFO]    ⏳ Turnstile detectado — esperando resolución automática...
2026-04-08 12:13:13,192 [INFO]    ✅ Turnstile resuelto
2026-04-08 12:13:23,713 [INFO]    ⏳ Turnstile detectado — esperando resolución automática...
2026-04-08 12:13:23,733 [INFO]    ✅ Turnstile resuelto
2026-04-08 12:13:34,310 [INFO]    ⏳ Turnstile detectado — esperando resolución automática...
2026-04-08 12:13:34,331 [INFO]    ✅ Turnstile resuelto
2026-04-08 12:13:38,345 [INFO]    Página 4/5 → https://www.opcionempleo.com.ar/trabajo-desarrollador-full-stack.html?p=4
2026-04-08 12:13:46,447 [INFO]    ⏳ Turnstile detectado — esperando resolución automática...
2026-04-08 12:13:46,505 [INFO]    ✅ Turnstile resuelto
2026-04-08 12:13:50,129 [INFO]    → 20 ofertas encontradas
2026-04-08 12:13:56,674 [INFO]    ⏳ Turnstile detectado — esperando resolución automática...
2026-04-08 12:13:56,691 [INFO]    ✅ Turnstile resuelto
2026-04-08 12:14:07,243 [INFO]    ⏳ Turnstile detectado — esperando resolución automática...
2026-04-08 12:14:07,262 [INFO]    ✅ Turnstile resuelto
2026-04-08 12:14:18,390 [INFO]    ⏳ Turnstile detectado — esperando resolución automática...
2026-04-08 12:14:18,409 [INFO]    ✅ Turnstile resuelto
2026-04-08 12:14:28,128 [INFO]    ⏳ Turnstile detectado — esperando resolución automática...
2026-04-08 12:14:28,147 [INFO]    ✅ Turnstile resuelto
2026-04-08 12:14:38,177 [INFO]    ⏳ Turnstile detectado — esperando resolución automática...
2026-04-08 12:14:38,196 [INFO]    ✅ Turnstile resuelto
2026-04-08 12:14:49,129 [INFO]    ⏳ Turnstile detectado — esperando resolución automática...
2026-04-08 12:14:49,148 [INFO]    ✅ Turnstile resuelto
2026-04-08 12:15:00,387 [INFO]    ⏳ Turnstile detectado — esperando resolución automática...
2026-04-08 12:15:00,434 [INFO]    ✅ Turnstile resuelto
2026-04-08 12:15:11,031 [INFO]    ⏳ Turnstile detectado — esperando resolución automática...
2026-04-08 12:15:11,050 [INFO]    ✅ Turnstile resuelto
2026-04-08 12:15:23,119 [INFO]    ⏳ Turnstile detectado — esperando resolución automática...
2026-04-08 12:15:23,137 [INFO]    ✅ Turnstile resuelto
2026-04-08 12:15:33,465 [INFO]    ⏳ Turnstile detectado — esperando resolución automática...
2026-04-08 12:15:33,483 [INFO]    ✅ Turnstile resuelto
2026-04-08 12:15:45,450 [INFO]    ⏳ Turnstile detectado — esperando resolución automática...
2026-04-08 12:15:45,468 [INFO]    ✅ Turnstile resuelto
2026-04-08 12:15:57,027 [INFO]    ⏳ Turnstile detectado — esperando resolución automática...
2026-04-08 12:15:57,046 [INFO]    ✅ Turnstile resuelto
2026-04-08 12:16:07,298 [INFO]    ⏳ Turnstile detectado — esperando resolución automática...
2026-04-08 12:16:07,356 [INFO]    ✅ Turnstile resuelto
2026-04-08 12:16:18,294 [INFO]    ⏳ Turnstile detectado — esperando resolución automática...
2026-04-08 12:16:18,313 [INFO]    ✅ Turnstile resuelto
2026-04-08 12:16:28,042 [INFO]    ⏳ Turnstile detectado — esperando resolución automática...
2026-04-08 12:16:28,061 [INFO]    ✅ Turnstile resuelto
2026-04-08 12:16:39,303 [INFO]    ⏳ Turnstile detectado — esperando resolución automática...
2026-04-08 12:16:39,319 [INFO]    ✅ Turnstile resuelto
2026-04-08 12:16:49,722 [INFO]    ⏳ Turnstile detectado — esperando resolución automática...
2026-04-08 12:16:49,740 [INFO]    ✅ Turnstile resuelto
2026-04-08 12:17:01,432 [INFO]    ⏳ Turnstile detectado — esperando resolución automática...
2026-04-08 12:17:01,451 [INFO]    ✅ Turnstile resuelto
2026-04-08 12:17:13,280 [INFO]    ⏳ Turnstile detectado — esperando resolución automática...
2026-04-08 12:17:13,312 [INFO]    ✅ Turnstile resuelto
2026-04-08 12:17:22,966 [INFO]    ⏳ Turnstile detectado — esperando resolución automática...
2026-04-08 12:17:22,988 [INFO]    ✅ Turnstile resuelto
2026-04-08 12:17:26,325 [INFO]    Página 5/5 → https://www.opcionempleo.com.ar/trabajo-desarrollador-full-stack.html?p=5
2026-04-08 12:17:36,162 [INFO]    ⏳ Turnstile detectado — esperando resolución automática...
2026-04-08 12:17:36,181 [INFO]    ✅ Turnstile resuelto
2026-04-08 12:17:40,179 [INFO]    → 8 ofertas encontradas
2026-04-08 12:17:48,624 [INFO]    ⏳ Turnstile detectado — esperando resolución automática...
2026-04-08 12:17:48,644 [INFO]    ✅ Turnstile resuelto
2026-04-08 12:17:58,213 [INFO]    ⏳ Turnstile detectado — esperando resolución automática...
2026-04-08 12:17:58,231 [INFO]    ✅ Turnstile resuelto
2026-04-08 12:18:09,519 [INFO]    ⏳ Turnstile detectado — esperando resolución automática...
2026-04-08 12:18:09,537 [INFO]    ✅ Turnstile resuelto
2026-04-08 12:18:21,139 [INFO]    ⏳ Turnstile detectado — esperando resolución automática...
2026-04-08 12:18:21,157 [INFO]    ✅ Turnstile resuelto
2026-04-08 12:18:32,261 [INFO]    ⏳ Turnstile detectado — esperando resolución automática...
2026-04-08 12:18:32,295 [INFO]    ✅ Turnstile resuelto
2026-04-08 12:18:43,357 [INFO]    ⏳ Turnstile detectado — esperando resolución automática...
2026-04-08 12:18:43,405 [INFO]    ✅ Turnstile resuelto
2026-04-08 12:18:55,598 [INFO]    ⏳ Turnstile detectado — esperando resolución automática...
2026-04-08 12:18:55,617 [INFO]    ✅ Turnstile resuelto
2026-04-08 12:19:07,374 [INFO]    ⏳ Turnstile detectado — esperando resolución automática...
2026-04-08 12:19:07,392 [INFO]    ✅ Turnstile resuelto
2026-04-08 12:19:11,472 [INFO] Exportadas 74 ofertas → /media/carlos-a-cicconi/Common1/Repositorios-Ing.Carlos-Cicconi/Trabajo_Final_MCD/data/raw/opcionempleo_20260408.csv
2026-04-08 12:19:11,472 [INFO] ✅ 'Desarrollador Full Stack': 74 ofertas guardadas
2026-04-08 12:19:11,472 [INFO]    💤 Pausa: 9.6s
2026-04-08 12:19:21,100 [INFO] 
🔍 Buscando: 'Ingeniero de Datos'
2026-04-08 12:19:21,100 [INFO]    Página 1/5 → https://www.opcionempleo.com.ar/trabajo-ingeniero-de-datos.html
2026-04-08 12:19:31,185 [INFO]    ⏳ Turnstile detectado — esperando resolución automática...
2026-04-08 12:19:31,209 [INFO]    ✅ Turnstile resuelto
2026-04-08 12:19:34,987 [INFO]    → 20 ofertas encontradas
2026-04-08 12:19:41,840 [INFO]    ⏳ Turnstile detectado — esperando resolución automática...
2026-04-08 12:19:41,860 [INFO]    ✅ Turnstile resuelto
2026-04-08 12:19:52,332 [INFO]    ⏳ Turnstile detectado — esperando resolución automática...
2026-04-08 12:19:52,350 [INFO]    ✅ Turnstile resuelto
2026-04-08 12:20:03,269 [INFO]    ⏳ Turnstile detectado — esperando resolución automática...
2026-04-08 12:20:03,290 [INFO]    ✅ Turnstile resuelto
2026-04-08 12:20:14,955 [INFO]    ⏳ Turnstile detectado — esperando resolución automática...
2026-04-08 12:20:14,994 [INFO]    ✅ Turnstile resuelto
2026-04-08 12:20:27,761 [INFO]    ⏳ Turnstile detectado — esperando resolución automática...
2026-04-08 12:20:27,781 [INFO]    ✅ Turnstile resuelto
2026-04-08 12:20:39,839 [INFO]    ⏳ Turnstile detectado — esperando resolución automática...
2026-04-08 12:20:39,861 [INFO]    ✅ Turnstile resuelto
2026-04-08 12:20:52,944 [INFO]    ⏳ Turnstile detectado — esperando resolución automática...
2026-04-08 12:20:52,961 [INFO]    ✅ Turnstile resuelto
2026-04-08 12:21:05,646 [INFO]    ⏳ Turnstile detectado — esperando resolución automática...
2026-04-08 12:21:05,664 [INFO]    ✅ Turnstile resuelto
2026-04-08 12:21:16,499 [INFO]    ⏳ Turnstile detectado — esperando resolución automática...
2026-04-08 12:21:16,518 [INFO]    ✅ Turnstile resuelto
2026-04-08 12:21:27,455 [INFO]    ⏳ Turnstile detectado — esperando resolución automática...
2026-04-08 12:21:27,472 [INFO]    ✅ Turnstile resuelto
2026-04-08 12:21:39,539 [INFO]    ⏳ Turnstile detectado — esperando resolución automática...
2026-04-08 12:21:39,558 [INFO]    ✅ Turnstile resuelto
2026-04-08 12:21:56,127 [INFO]    ⏳ Turnstile detectado — esperando resolución automática...
2026-04-08 12:21:56,148 [INFO]    ✅ Turnstile resuelto
2026-04-08 12:22:07,600 [INFO]    ⏳ Turnstile detectado — esperando resolución automática...
2026-04-08 12:22:07,622 [INFO]    ✅ Turnstile resuelto
2026-04-08 12:22:21,827 [INFO]    ⏳ Turnstile detectado — esperando resolución automática...
2026-04-08 12:22:21,845 [INFO]    ✅ Turnstile resuelto
2026-04-08 12:22:33,906 [INFO]    ⏳ Turnstile detectado — esperando resolución automática...
2026-04-08 12:22:33,925 [INFO]    ✅ Turnstile resuelto
2026-04-08 12:22:44,259 [INFO]    ⏳ Turnstile detectado — esperando resolución automática...
2026-04-08 12:22:44,276 [INFO]    ✅ Turnstile resuelto
2026-04-08 12:22:54,290 [INFO]    ⏳ Turnstile detectado — esperando resolución automática...
2026-04-08 12:22:54,309 [INFO]    ✅ Turnstile resuelto
2026-04-08 12:23:04,945 [INFO]    ⏳ Turnstile detectado — esperando resolución automática...
2026-04-08 12:23:05,000 [INFO]    ✅ Turnstile resuelto
2026-04-08 12:23:16,415 [INFO]    ⏳ Turnstile detectado — esperando resolución automática...
2026-04-08 12:23:16,437 [INFO]    ✅ Turnstile resuelto
2026-04-08 12:23:27,675 [INFO]    ⏳ Turnstile detectado — esperando resolución automática...
2026-04-08 12:23:27,694 [INFO]    ✅ Turnstile resuelto
2026-04-08 12:23:30,929 [INFO]    Página 2/5 → https://www.opcionempleo.com.ar/trabajo-ingeniero-de-datos.html?p=2
2026-04-08 12:23:40,166 [INFO]    ⏳ Turnstile detectado — esperando resolución automática...
2026-04-08 12:23:40,186 [INFO]    ✅ Turnstile resuelto
2026-04-08 12:23:44,333 [INFO]    → 20 ofertas encontradas
2026-04-08 12:23:51,342 [INFO]    ⏳ Turnstile detectado — esperando resolución automática...
2026-04-08 12:23:51,359 [INFO]    ✅ Turnstile resuelto
2026-04-08 12:24:02,738 [INFO]    ⏳ Turnstile detectado — esperando resolución automática...
2026-04-08 12:24:02,757 [INFO]    ✅ Turnstile resuelto
2026-04-08 12:24:14,307 [INFO]    ⏳ Turnstile detectado — esperando resolución automática...
2026-04-08 12:24:14,327 [INFO]    ✅ Turnstile resuelto
2026-04-08 12:24:26,247 [INFO]    ⏳ Turnstile detectado — esperando resolución automática...
2026-04-08 12:24:26,266 [INFO]    ✅ Turnstile resuelto
2026-04-08 12:24:37,818 [INFO]    ⏳ Turnstile detectado — esperando resolución automática...
2026-04-08 12:24:37,836 [INFO]    ✅ Turnstile resuelto
2026-04-08 12:24:48,465 [INFO]    ⏳ Turnstile detectado — esperando resolución automática...
2026-04-08 12:24:48,486 [INFO]    ✅ Turnstile resuelto
2026-04-08 12:24:59,833 [INFO]    ⏳ Turnstile detectado — esperando resolución automática...
2026-04-08 12:24:59,851 [INFO]    ✅ Turnstile resuelto
2026-04-08 12:25:11,052 [INFO]    ⏳ Turnstile detectado — esperando resolución automática...
2026-04-08 12:25:11,071 [INFO]    ✅ Turnstile resuelto
2026-04-08 12:25:21,439 [INFO]    ⏳ Turnstile detectado — esperando resolución automática...
2026-04-08 12:25:21,458 [INFO]    ✅ Turnstile resuelto
2026-04-08 12:25:33,259 [INFO]    ⏳ Turnstile detectado — esperando resolución automática...
2026-04-08 12:25:33,278 [INFO]    ✅ Turnstile resuelto
2026-04-08 12:25:44,889 [INFO]    ⏳ Turnstile detectado — esperando resolución automática...
2026-04-08 12:25:44,909 [INFO]    ✅ Turnstile resuelto
2026-04-08 12:25:56,870 [INFO]    ⏳ Turnstile detectado — esperando resolución automática...
2026-04-08 12:25:56,891 [INFO]    ✅ Turnstile resuelto
2026-04-08 12:26:09,053 [INFO]    ⏳ Turnstile detectado — esperando resolución automática...
2026-04-08 12:26:09,074 [INFO]    ✅ Turnstile resuelto
2026-04-08 12:26:19,914 [INFO]    ⏳ Turnstile detectado — esperando resolución automática...
2026-04-08 12:26:19,931 [INFO]    ✅ Turnstile resuelto
2026-04-08 12:26:30,558 [INFO]    ⏳ Turnstile detectado — esperando resolución automática...
2026-04-08 12:26:30,577 [INFO]    ✅ Turnstile resuelto
2026-04-08 12:26:41,486 [INFO]    ⏳ Turnstile detectado — esperando resolución automática...
2026-04-08 12:26:41,504 [INFO]    ✅ Turnstile resuelto
2026-04-08 12:26:53,290 [INFO]    ⏳ Turnstile detectado — esperando resolución automática...
2026-04-08 12:26:53,307 [INFO]    ✅ Turnstile resuelto
2026-04-08 12:27:03,632 [INFO]    ⏳ Turnstile detectado — esperando resolución automática...
2026-04-08 12:27:03,651 [INFO]    ✅ Turnstile resuelto
2026-04-08 12:27:14,172 [INFO]    ⏳ Turnstile detectado — esperando resolución automática...
2026-04-08 12:27:14,208 [INFO]    ✅ Turnstile resuelto
2026-04-08 12:27:26,066 [INFO]    ⏳ Turnstile detectado — esperando resolución automática...
2026-04-08 12:27:26,084 [INFO]    ✅ Turnstile resuelto
2026-04-08 12:27:30,092 [INFO]    Página 3/5 → https://www.opcionempleo.com.ar/trabajo-ingeniero-de-datos.html?p=3
2026-04-08 12:27:39,747 [INFO]    ⏳ Turnstile detectado — esperando resolución automática...
2026-04-08 12:27:39,766 [INFO]    ✅ Turnstile resuelto
2026-04-08 12:27:43,535 [INFO]    → 20 ofertas encontradas
2026-04-08 12:27:51,293 [INFO]    ⏳ Turnstile detectado — esperando resolución automática...
2026-04-08 12:27:51,317 [INFO]    ✅ Turnstile resuelto
2026-04-08 12:28:02,013 [INFO]    ⏳ Turnstile detectado — esperando resolución automática...
2026-04-08 12:28:02,031 [INFO]    ✅ Turnstile resuelto
2026-04-08 12:28:13,690 [INFO]    ⏳ Turnstile detectado — esperando resolución automática...
2026-04-08 12:28:13,708 [INFO]    ✅ Turnstile resuelto
2026-04-08 12:28:23,215 [INFO]    ⏳ Turnstile detectado — esperando resolución automática...
2026-04-08 12:28:23,234 [INFO]    ✅ Turnstile resuelto
2026-04-08 12:28:33,954 [INFO]    ⏳ Turnstile detectado — esperando resolución automática...
2026-04-08 12:28:33,973 [INFO]    ✅ Turnstile resuelto
2026-04-08 12:28:45,221 [INFO]    ⏳ Turnstile detectado — esperando resolución automática...
2026-04-08 12:28:45,239 [INFO]    ✅ Turnstile resuelto
2026-04-08 12:28:56,668 [INFO]    ⏳ Turnstile detectado — esperando resolución automática...
2026-04-08 12:28:56,687 [INFO]    ✅ Turnstile resuelto
2026-04-08 12:29:08,468 [INFO]    ⏳ Turnstile detectado — esperando resolución automática...
2026-04-08 12:29:08,486 [INFO]    ✅ Turnstile resuelto
2026-04-08 12:29:18,705 [INFO]    ⏳ Turnstile detectado — esperando resolución automática...
2026-04-08 12:29:18,725 [INFO]    ✅ Turnstile resuelto
2026-04-08 12:29:30,585 [INFO]    ⏳ Turnstile detectado — esperando resolución automática...
2026-04-08 12:29:30,614 [INFO]    ✅ Turnstile resuelto
2026-04-08 12:29:43,118 [INFO]    ⏳ Turnstile detectado — esperando resolución automática...
2026-04-08 12:29:43,137 [INFO]    ✅ Turnstile resuelto
2026-04-08 12:29:54,956 [INFO]    ⏳ Turnstile detectado — esperando resolución automática...
2026-04-08 12:29:54,976 [INFO]    ✅ Turnstile resuelto
2026-04-08 12:30:06,934 [INFO]    ⏳ Turnstile detectado — esperando resolución automática...
2026-04-08 12:30:06,952 [INFO]    ✅ Turnstile resuelto
2026-04-08 12:30:18,101 [INFO]    ⏳ Turnstile detectado — esperando resolución automática...
2026-04-08 12:30:18,119 [INFO]    ✅ Turnstile resuelto
2026-04-08 12:30:29,715 [INFO]    ⏳ Turnstile detectado — esperando resolución automática...
2026-04-08 12:30:29,733 [INFO]    ✅ Turnstile resuelto
2026-04-08 12:30:41,748 [INFO]    ⏳ Turnstile detectado — esperando resolución automática...
2026-04-08 12:30:41,766 [INFO]    ✅ Turnstile resuelto
2026-04-08 12:30:51,989 [INFO]    ⏳ Turnstile detectado — esperando resolución automática...
2026-04-08 12:30:52,029 [INFO]    ✅ Turnstile resuelto
2026-04-08 12:31:03,658 [INFO]    ⏳ Turnstile detectado — esperando resolución automática...
2026-04-08 12:31:03,676 [INFO]    ✅ Turnstile resuelto
2026-04-08 12:31:14,110 [INFO]    ⏳ Turnstile detectado — esperando resolución automática...
2026-04-08 12:31:14,129 [INFO]    ✅ Turnstile resuelto
2026-04-08 12:31:24,238 [INFO]    ⏳ Turnstile detectado — esperando resolución automática...
2026-04-08 12:31:24,256 [INFO]    ✅ Turnstile resuelto
2026-04-08 12:31:28,075 [INFO]    Página 4/5 → https://www.opcionempleo.com.ar/trabajo-ingeniero-de-datos.html?p=4
2026-04-08 12:31:37,242 [INFO]    ⏳ Turnstile detectado — esperando resolución automática...
2026-04-08 12:31:37,262 [INFO]    ✅ Turnstile resuelto
2026-04-08 12:31:41,496 [INFO]    → 20 ofertas encontradas
2026-04-08 12:31:48,822 [INFO]    ⏳ Turnstile detectado — esperando resolución automática...
2026-04-08 12:31:48,841 [INFO]    ✅ Turnstile resuelto
2026-04-08 12:31:59,371 [INFO]    ⏳ Turnstile detectado — esperando resolución automática...
2026-04-08 12:31:59,389 [INFO]    ✅ Turnstile resuelto
2026-04-08 12:32:10,221 [INFO]    ⏳ Turnstile detectado — esperando resolución automática...
2026-04-08 12:32:10,240 [INFO]    ✅ Turnstile resuelto
2026-04-08 12:32:21,998 [INFO]    ⏳ Turnstile detectado — esperando resolución automática...
2026-04-08 12:32:22,016 [INFO]    ✅ Turnstile resuelto
2026-04-08 12:32:32,868 [INFO]    ⏳ Turnstile detectado — esperando resolución automática...
2026-04-08 12:32:32,896 [INFO]    ✅ Turnstile resuelto
2026-04-08 12:32:43,813 [INFO]    ⏳ Turnstile detectado — esperando resolución automática...
2026-04-08 12:32:43,829 [INFO]    ✅ Turnstile resuelto
2026-04-08 12:32:54,560 [INFO]    ⏳ Turnstile detectado — esperando resolución automática...
2026-04-08 12:32:54,578 [INFO]    ✅ Turnstile resuelto
2026-04-08 12:33:05,333 [INFO]    ⏳ Turnstile detectado — esperando resolución automática...
2026-04-08 12:33:05,389 [INFO]    ✅ Turnstile resuelto
2026-04-08 12:33:16,940 [INFO]    ⏳ Turnstile detectado — esperando resolución automática...
2026-04-08 12:33:16,959 [INFO]    ✅ Turnstile resuelto
2026-04-08 12:33:28,450 [INFO]    ⏳ Turnstile detectado — esperando resolución automática...
2026-04-08 12:33:28,468 [INFO]    ✅ Turnstile resuelto
2026-04-08 12:33:38,892 [INFO]    ⏳ Turnstile detectado — esperando resolución automática...
2026-04-08 12:33:38,911 [INFO]    ✅ Turnstile resuelto
2026-04-08 12:33:50,771 [INFO]    ⏳ Turnstile detectado — esperando resolución automática...
2026-04-08 12:33:50,790 [INFO]    ✅ Turnstile resuelto
2026-04-08 12:34:00,279 [INFO]    ⏳ Turnstile detectado — esperando resolución automática...
2026-04-08 12:34:00,296 [INFO]    ✅ Turnstile resuelto
2026-04-08 12:34:09,721 [INFO]    ⏳ Turnstile detectado — esperando resolución automática...
2026-04-08 12:34:09,776 [INFO]    ✅ Turnstile resuelto
2026-04-08 12:34:20,869 [INFO]    ⏳ Turnstile detectado — esperando resolución automática...
2026-04-08 12:34:20,888 [INFO]    ✅ Turnstile resuelto
2026-04-08 12:34:32,553 [INFO]    ⏳ Turnstile detectado — esperando resolución automática...
2026-04-08 12:34:32,571 [INFO]    ✅ Turnstile resuelto
2026-04-08 12:34:43,108 [INFO]    ⏳ Turnstile detectado — esperando resolución automática...
2026-04-08 12:34:43,129 [INFO]    ✅ Turnstile resuelto
2026-04-08 12:34:54,670 [INFO]    ⏳ Turnstile detectado — esperando resolución automática...
2026-04-08 12:34:54,690 [INFO]    ✅ Turnstile resuelto
2026-04-08 12:35:06,464 [INFO]    ⏳ Turnstile detectado — esperando resolución automática...
2026-04-08 12:35:06,482 [INFO]    ✅ Turnstile resuelto
2026-04-08 12:35:18,535 [INFO]    ⏳ Turnstile detectado — esperando resolución automática...
2026-04-08 12:35:18,555 [INFO]    ✅ Turnstile resuelto
2026-04-08 12:35:22,300 [INFO]    Página 5/5 → https://www.opcionempleo.com.ar/trabajo-ingeniero-de-datos.html?p=5
2026-04-08 12:35:31,021 [INFO]    ⏳ Turnstile detectado — esperando resolución automática...
2026-04-08 12:35:31,058 [INFO]    ✅ Turnstile resuelto
2026-04-08 12:35:34,867 [INFO]    → 20 ofertas encontradas
2026-04-08 12:35:42,703 [INFO]    ⏳ Turnstile detectado — esperando resolución automática...
2026-04-08 12:35:42,722 [INFO]    ✅ Turnstile resuelto
2026-04-08 12:35:54,477 [INFO]    ⏳ Turnstile detectado — esperando resolución automática...
2026-04-08 12:35:54,495 [INFO]    ✅ Turnstile resuelto
2026-04-08 12:36:06,045 [INFO]    ⏳ Turnstile detectado — esperando resolución automática...
2026-04-08 12:36:06,063 [INFO]    ✅ Turnstile resuelto
2026-04-08 12:36:18,699 [INFO]    ⏳ Turnstile detectado — esperando resolución automática...
2026-04-08 12:36:18,748 [INFO]    ✅ Turnstile resuelto
2026-04-08 12:36:30,609 [INFO]    ⏳ Turnstile detectado — esperando resolución automática...
2026-04-08 12:36:30,626 [INFO]    ✅ Turnstile resuelto
2026-04-08 12:36:42,806 [INFO]    ⏳ Turnstile detectado — esperando resolución automática...
2026-04-08 12:36:42,825 [INFO]    ✅ Turnstile resuelto
2026-04-08 12:36:55,606 [INFO]    ⏳ Turnstile detectado — esperando resolución automática...
2026-04-08 12:36:55,623 [INFO]    ✅ Turnstile resuelto
2026-04-08 12:37:09,125 [INFO]    ⏳ Turnstile detectado — esperando resolución automática...
2026-04-08 12:37:09,143 [INFO]    ✅ Turnstile resuelto
2026-04-08 12:37:23,874 [INFO]    ⏳ Turnstile detectado — esperando resolución automática...
2026-04-08 12:37:23,891 [INFO]    ✅ Turnstile resuelto
2026-04-08 12:37:34,760 [INFO]    ⏳ Turnstile detectado — esperando resolución automática...
2026-04-08 12:37:34,785 [INFO]    ✅ Turnstile resuelto
2026-04-08 12:37:46,239 [INFO]    ⏳ Turnstile detectado — esperando resolución automática...
2026-04-08 12:37:46,280 [INFO]    ✅ Turnstile resuelto
2026-04-08 12:37:57,733 [INFO]    ⏳ Turnstile detectado — esperando resolución automática...
2026-04-08 12:37:57,754 [INFO]    ✅ Turnstile resuelto
2026-04-08 12:38:09,139 [INFO]    ⏳ Turnstile detectado — esperando resolución automática...
2026-04-08 12:38:09,162 [INFO]    ✅ Turnstile resuelto
2026-04-08 12:38:21,011 [INFO]    ⏳ Turnstile detectado — esperando resolución automática...
2026-04-08 12:38:21,031 [INFO]    ✅ Turnstile resuelto
2026-04-08 12:38:32,184 [INFO]    ⏳ Turnstile detectado — esperando resolución automática...
2026-04-08 12:38:32,207 [INFO]    ✅ Turnstile resuelto
2026-04-08 12:38:43,435 [INFO]    ⏳ Turnstile detectado — esperando resolución automática...
2026-04-08 12:38:43,455 [INFO]    ✅ Turnstile resuelto
2026-04-08 12:38:53,780 [INFO]    ⏳ Turnstile detectado — esperando resolución automática...
2026-04-08 12:38:53,802 [INFO]    ✅ Turnstile resuelto
2026-04-08 12:39:06,171 [INFO]    ⏳ Turnstile detectado — esperando resolución automática...
2026-04-08 12:39:06,192 [INFO]    ✅ Turnstile resuelto
2026-04-08 12:39:15,800 [INFO]    ⏳ Turnstile detectado — esperando resolución automática...
2026-04-08 12:39:15,819 [INFO]    ✅ Turnstile resuelto
2026-04-08 12:39:27,366 [INFO]    ⏳ Turnstile detectado — esperando resolución automática...
2026-04-08 12:39:27,388 [INFO]    ✅ Turnstile resuelto
2026-04-08 12:39:30,562 [INFO] Exportadas 100 ofertas → /media/carlos-a-cicconi/Common1/Repositorios-Ing.Carlos-Cicconi/Trabajo_Final_MCD/data/raw/opcionempleo_20260408.csv
2026-04-08 12:39:30,562 [INFO] ✅ 'Ingeniero de Datos': 100 ofertas guardadas
2026-04-08 12:39:30,562 [INFO]    💤 Pausa: 8.4s
2026-04-08 12:39:39,064 [INFO] 
============================================================
2026-04-08 12:39:39,064 [INFO] SCRAPING FINALIZADO - OpcionEmpleo Argentina
2026-04-08 12:39:39,064 [INFO] Total ofertas únicas: 941
2026-04-08 12:39:39,064 [INFO] DB : /media/carlos-a-cicconi/Common1/Repositorios-Ing.Carlos-Cicconi/Trabajo_Final_MCD/data/raw/ofertas_opcionempleo.db
2026-04-08 12:39:39,064 [INFO] CSV: /media/carlos-a-cicconi/Common1/Repositorios-Ing.Carlos-Cicconi/Trabajo_Final_MCD/data/raw/opcionempleo_20260408.csv
2026-04-08 12:39:39,064 [INFO] Log: /media/carlos-a-cicconi/Common1/Repositorios-Ing.Carlos-Cicconi/Trabajo_Final_MCD/logs/opcionempleo_20260408_093359.log
2026-04-08 12:39:39,064 [INFO] ============================================================
