2026-09-05 09:45:28,014 [INFO] Base de datos lista: /media/carlos-a-cicconi/Common1/Repositorios-Ing.Carlos-Cicconi/Trabajo_Final_MCD/data/raw/opcionempleo.db
2026-09-05 09:45:28,014 [INFO] OpcionempleoScraper (Playwright) inicializado
2026-09-05 09:45:28,914 [INFO] Inicializando sesión en OpcionEmpleo...
2026-09-05 09:45:28,915 [INFO] (Puede tardar hasta 20s mientras se resuelve el Turnstile)
2026-09-05 09:45:32,640 [INFO]    ⏳ Turnstile detectado — esperando resolución automática...
2026-09-05 09:45:32,762 [INFO]    ✅ Turnstile resuelto
2026-09-05 09:45:38,209 [INFO] 
🔍 Buscando: 'Data Scientist'
2026-09-05 09:45:38,209 [INFO]    Página 1/5 → https://www.opcionempleo.com.ar/trabajo-data-scientist.html
2026-09-05 09:45:45,975 [INFO]    ⏳ Turnstile detectado — esperando resolución automática...
2026-09-05 09:45:46,011 [INFO]    ✅ Turnstile resuelto
2026-09-05 09:45:49,824 [INFO]    → 20 ofertas encontradas
2026-09-05 09:45:57,387 [INFO]    ⏳ Turnstile detectado — esperando resolución automática...
2026-09-05 09:45:57,410 [INFO]    ✅ Turnstile resuelto
2026-09-05 09:46:08,159 [INFO]    ⏳ Turnstile detectado — esperando resolución automática...
2026-09-05 09:46:08,186 [INFO]    ✅ Turnstile resuelto
2026-09-05 09:46:19,089 [INFO]    ⏳ Turnstile detectado — esperando resolución automática...
2026-09-05 09:46:19,112 [INFO]    ✅ Turnstile resuelto
2026-09-05 09:46:30,476 [INFO]    ⏳ Turnstile detectado — esperando resolución automática...
2026-09-05 09:46:30,497 [INFO]    ✅ Turnstile resuelto
2026-09-05 09:46:41,813 [INFO]    ⏳ Turnstile detectado — esperando resolución automática...
2026-09-05 09:46:41,848 [INFO]    ✅ Turnstile resuelto
2026-09-05 09:46:51,988 [INFO]    ⏳ Turnstile detectado — esperando resolución automática...
2026-09-05 09:46:52,009 [INFO]    ✅ Turnstile resuelto
2026-09-05 09:47:02,248 [INFO]    ⏳ Turnstile detectado — esperando resolución automática...
2026-09-05 09:47:02,271 [INFO]    ✅ Turnstile resuelto
2026-09-05 09:47:13,949 [INFO]    ⏳ Turnstile detectado — esperando resolución automática...
2026-09-05 09:47:13,974 [INFO]    ✅ Turnstile resuelto
2026-09-05 09:47:24,705 [INFO]    ⏳ Turnstile detectado — esperando resolución automática...
2026-09-05 09:47:24,743 [INFO]    ✅ Turnstile resuelto
2026-09-05 09:47:37,696 [INFO]    ⏳ Turnstile detectado — esperando resolución automática...
2026-09-05 09:47:37,721 [INFO]    ✅ Turnstile resuelto
2026-09-05 09:47:48,705 [INFO]    ⏳ Turnstile detectado — esperando resolución automática...
2026-09-05 09:47:48,737 [INFO]    ✅ Turnstile resuelto
2026-09-05 09:48:00,457 [INFO]    ⏳ Turnstile detectado — esperando resolución automática...
2026-09-05 09:48:00,478 [INFO]    ✅ Turnstile resuelto
2026-09-05 09:48:11,808 [INFO]    ⏳ Turnstile detectado — esperando resolución automática...
2026-09-05 09:48:11,830 [INFO]    ✅ Turnstile resuelto
2026-09-05 09:48:22,973 [INFO]    ⏳ Turnstile detectado — esperando resolución automática...
2026-09-05 09:48:23,003 [INFO]    ✅ Turnstile resuelto
2026-09-05 09:48:33,158 [INFO]    ⏳ Turnstile detectado — esperando resolución automática...
2026-09-05 09:48:33,180 [INFO]    ✅ Turnstile resuelto
2026-09-05 09:48:43,038 [INFO]    ⏳ Turnstile detectado — esperando resolución automática...
2026-09-05 09:48:43,062 [INFO]    ✅ Turnstile resuelto
2026-09-05 09:48:53,706 [INFO]    ⏳ Turnstile detectado — esperando resolución automática...
2026-09-05 09:48:53,727 [INFO]    ✅ Turnstile resuelto
2026-09-05 09:49:04,539 [INFO]    ⏳ Turnstile detectado — esperando resolución automática...
2026-09-05 09:49:04,560 [INFO]    ✅ Turnstile resuelto
2026-09-05 09:49:14,613 [INFO]    ⏳ Turnstile detectado — esperando resolución automática...
2026-09-05 09:49:14,644 [INFO]    ✅ Turnstile resuelto
2026-09-05 09:49:26,226 [INFO]    ⏳ Turnstile detectado — esperando resolución automática...
2026-09-05 09:49:26,248 [INFO]    ✅ Turnstile resuelto
2026-09-05 09:49:29,826 [INFO]    Página 2/5 → https://www.opcionempleo.com.ar/trabajo-data-scientist.html?p=2
2026-09-05 09:49:38,232 [INFO]    ⏳ Turnstile detectado — esperando resolución automática...
2026-09-05 09:49:38,256 [INFO]    ✅ Turnstile resuelto
2026-09-05 09:49:42,221 [INFO]    → 20 ofertas encontradas
2026-09-05 09:49:48,802 [INFO]    ⏳ Turnstile detectado — esperando resolución automática...
2026-09-05 09:49:48,826 [INFO]    ✅ Turnstile resuelto
2026-09-05 09:49:59,624 [INFO]    ⏳ Turnstile detectado — esperando resolución automática...
2026-09-05 09:49:59,647 [INFO]    ✅ Turnstile resuelto
2026-09-05 09:50:10,930 [INFO]    ⏳ Turnstile detectado — esperando resolución automática...
2026-09-05 09:50:10,953 [INFO]    ✅ Turnstile resuelto
2026-09-05 09:50:22,688 [INFO]    ⏳ Turnstile detectado — esperando resolución automática...
2026-09-05 09:50:22,712 [INFO]    ✅ Turnstile resuelto
2026-09-05 09:50:33,956 [INFO]    ⏳ Turnstile detectado — esperando resolución automática...
2026-09-05 09:50:33,978 [INFO]    ✅ Turnstile resuelto
2026-09-05 09:50:44,340 [INFO]    ⏳ Turnstile detectado — esperando resolución automática...
2026-09-05 09:50:44,363 [INFO]    ✅ Turnstile resuelto
2026-09-05 09:50:54,229 [INFO]    ⏳ Turnstile detectado — esperando resolución automática...
2026-09-05 09:50:54,253 [INFO]    ✅ Turnstile resuelto
2026-09-05 09:51:04,940 [INFO]    ⏳ Turnstile detectado — esperando resolución automática...
2026-09-05 09:51:04,971 [INFO]    ✅ Turnstile resuelto
2026-09-05 09:51:17,825 [INFO]    ⏳ Turnstile detectado — esperando resolución automática...
2026-09-05 09:51:17,849 [INFO]    ✅ Turnstile resuelto
2026-09-05 09:51:29,513 [INFO]    ⏳ Turnstile detectado — esperando resolución automática...
2026-09-05 09:51:29,536 [INFO]    ✅ Turnstile resuelto
2026-09-05 09:51:39,792 [INFO]    ⏳ Turnstile detectado — esperando resolución automática...
2026-09-05 09:51:39,815 [INFO]    ✅ Turnstile resuelto
2026-09-05 09:51:52,119 [INFO]    ⏳ Turnstile detectado — esperando resolución automática...
2026-09-05 09:51:52,144 [INFO]    ✅ Turnstile resuelto
2026-09-05 09:52:03,781 [INFO]    ⏳ Turnstile detectado — esperando resolución automática...
2026-09-05 09:52:03,805 [INFO]    ✅ Turnstile resuelto
2026-09-05 09:52:15,957 [INFO]    ⏳ Turnstile detectado — esperando resolución automática...
2026-09-05 09:52:15,981 [INFO]    ✅ Turnstile resuelto
2026-09-05 09:52:27,208 [INFO]    ⏳ Turnstile detectado — esperando resolución automática...
2026-09-05 09:52:27,231 [INFO]    ✅ Turnstile resuelto
2026-09-05 09:52:39,183 [INFO]    ⏳ Turnstile detectado — esperando resolución automática...
2026-09-05 09:52:39,205 [INFO]    ✅ Turnstile resuelto
2026-09-05 09:52:50,196 [INFO]    ⏳ Turnstile detectado — esperando resolución automática...
2026-09-05 09:52:50,229 [INFO]    ✅ Turnstile resuelto
2026-09-05 09:53:01,192 [INFO]    ⏳ Turnstile detectado — esperando resolución automática...
2026-09-05 09:53:01,215 [INFO]    ✅ Turnstile resuelto
2026-09-05 09:53:11,868 [INFO]    ⏳ Turnstile detectado — esperando resolución automática...
2026-09-05 09:53:11,891 [INFO]    ✅ Turnstile resuelto
2026-09-05 09:53:23,591 [INFO]    ⏳ Turnstile detectado — esperando resolución automática...
2026-09-05 09:53:23,612 [INFO]    ✅ Turnstile resuelto
2026-09-05 09:53:27,538 [INFO]    Página 3/5 → https://www.opcionempleo.com.ar/trabajo-data-scientist.html?p=3
2026-09-05 09:53:36,981 [INFO]    ⏳ Turnstile detectado — esperando resolución automática...
2026-09-05 09:53:37,014 [INFO]    ✅ Turnstile resuelto
2026-09-05 09:53:41,554 [INFO]    → 20 ofertas encontradas
2026-09-05 09:53:48,241 [INFO]    ⏳ Turnstile detectado — esperando resolución automática...
2026-09-05 09:53:48,263 [INFO]    ✅ Turnstile resuelto
2026-09-05 09:53:59,511 [INFO]    ⏳ Turnstile detectado — esperando resolución automática...
2026-09-05 09:53:59,533 [INFO]    ✅ Turnstile resuelto
2026-09-05 09:54:09,671 [INFO]    ⏳ Turnstile detectado — esperando resolución automática...
2026-09-05 09:54:09,734 [INFO]    ✅ Turnstile resuelto
2026-09-05 09:54:20,075 [INFO]    ⏳ Turnstile detectado — esperando resolución automática...
2026-09-05 09:54:20,097 [INFO]    ✅ Turnstile resuelto
2026-09-05 09:54:31,396 [INFO]    ⏳ Turnstile detectado — esperando resolución automática...
2026-09-05 09:54:31,432 [INFO]    ✅ Turnstile resuelto
2026-09-05 09:54:42,475 [INFO]    ⏳ Turnstile detectado — esperando resolución automática...
2026-09-05 09:54:42,506 [INFO]    ✅ Turnstile resuelto
2026-09-05 09:54:55,240 [INFO]    ⏳ Turnstile detectado — esperando resolución automática...
2026-09-05 09:54:55,292 [INFO]    ✅ Turnstile resuelto
2026-09-05 09:55:05,457 [INFO]    ⏳ Turnstile detectado — esperando resolución automática...
2026-09-05 09:55:05,480 [INFO]    ✅ Turnstile resuelto
2026-09-05 09:55:16,254 [INFO]    ⏳ Turnstile detectado — esperando resolución automática...
2026-09-05 09:55:16,292 [INFO]    ✅ Turnstile resuelto
2026-09-05 09:55:27,967 [INFO]    ⏳ Turnstile detectado — esperando resolución automática...
2026-09-05 09:55:28,008 [INFO]    ✅ Turnstile resuelto
2026-09-05 09:55:38,636 [INFO]    ⏳ Turnstile detectado — esperando resolución automática...
2026-09-05 09:55:38,659 [INFO]    ✅ Turnstile resuelto
2026-09-05 09:55:48,726 [INFO]    ⏳ Turnstile detectado — esperando resolución automática...
2026-09-05 09:55:48,748 [INFO]    ✅ Turnstile resuelto
2026-09-05 09:55:59,717 [INFO]    ⏳ Turnstile detectado — esperando resolución automática...
2026-09-05 09:55:59,756 [INFO]    ✅ Turnstile resuelto
2026-09-05 09:56:09,231 [INFO]    ⏳ Turnstile detectado — esperando resolución automática...
2026-09-05 09:56:09,255 [INFO]    ✅ Turnstile resuelto
2026-09-05 09:56:18,915 [INFO]    ⏳ Turnstile detectado — esperando resolución automática...
2026-09-05 09:56:18,950 [INFO]    ✅ Turnstile resuelto
2026-09-05 09:56:28,999 [INFO]    ⏳ Turnstile detectado — esperando resolución automática...
2026-09-05 09:56:29,021 [INFO]    ✅ Turnstile resuelto
2026-09-05 09:56:38,897 [INFO]    ⏳ Turnstile detectado — esperando resolución automática...
2026-09-05 09:56:38,928 [INFO]    ✅ Turnstile resuelto
2026-09-05 09:56:49,947 [INFO]    ⏳ Turnstile detectado — esperando resolución automática...
2026-09-05 09:56:49,972 [INFO]    ✅ Turnstile resuelto
2026-09-05 09:56:59,688 [INFO]    ⏳ Turnstile detectado — esperando resolución automática...
2026-09-05 09:56:59,712 [INFO]    ✅ Turnstile resuelto
2026-09-05 09:57:09,460 [INFO]    ⏳ Turnstile detectado — esperando resolución automática...
2026-09-05 09:57:09,482 [INFO]    ✅ Turnstile resuelto
2026-09-05 09:57:13,091 [INFO]    Página 4/5 → https://www.opcionempleo.com.ar/trabajo-data-scientist.html?p=4
2026-09-05 09:57:20,808 [INFO]    ⏳ Turnstile detectado — esperando resolución automática...
2026-09-05 09:57:20,840 [INFO]    ✅ Turnstile resuelto
2026-09-05 09:57:25,403 [INFO]    → 20 ofertas encontradas
2026-09-05 09:57:32,159 [INFO]    ⏳ Turnstile detectado — esperando resolución automática...
2026-09-05 09:57:32,180 [INFO]    ✅ Turnstile resuelto
2026-09-05 09:57:41,927 [INFO]    ⏳ Turnstile detectado — esperando resolución automática...
2026-09-05 09:57:41,948 [INFO]    ✅ Turnstile resuelto
2026-09-05 09:57:53,020 [INFO]    ⏳ Turnstile detectado — esperando resolución automática...
2026-09-05 09:57:53,044 [INFO]    ✅ Turnstile resuelto
2026-09-05 09:58:03,965 [INFO]    ⏳ Turnstile detectado — esperando resolución automática...
2026-09-05 09:58:04,007 [INFO]    ✅ Turnstile resuelto
2026-09-05 09:58:13,601 [INFO]    ⏳ Turnstile detectado — esperando resolución automática...
2026-09-05 09:58:13,629 [INFO]    ✅ Turnstile resuelto
2026-09-05 09:58:25,170 [INFO]    ⏳ Turnstile detectado — esperando resolución automática...
2026-09-05 09:58:25,192 [INFO]    ✅ Turnstile resuelto
2026-09-05 09:58:36,965 [INFO]    ⏳ Turnstile detectado — esperando resolución automática...
2026-09-05 09:58:36,994 [INFO]    ✅ Turnstile resuelto
2026-09-05 09:58:47,505 [INFO]    ⏳ Turnstile detectado — esperando resolución automática...
2026-09-05 09:58:47,526 [INFO]    ✅ Turnstile resuelto
2026-09-05 09:58:57,106 [INFO]    ⏳ Turnstile detectado — esperando resolución automática...
2026-09-05 09:58:57,132 [INFO]    ✅ Turnstile resuelto
2026-09-05 09:59:07,967 [INFO]    ⏳ Turnstile detectado — esperando resolución automática...
2026-09-05 09:59:07,988 [INFO]    ✅ Turnstile resuelto
2026-09-05 09:59:19,452 [INFO]    ⏳ Turnstile detectado — esperando resolución automática...
2026-09-05 09:59:19,476 [INFO]    ✅ Turnstile resuelto
2026-09-05 09:59:30,248 [INFO]    ⏳ Turnstile detectado — esperando resolución automática...
2026-09-05 09:59:30,269 [INFO]    ✅ Turnstile resuelto
2026-09-05 09:59:41,670 [INFO]    ⏳ Turnstile detectado — esperando resolución automática...
2026-09-05 09:59:41,702 [INFO]    ✅ Turnstile resuelto
2026-09-05 09:59:51,596 [INFO]    ⏳ Turnstile detectado — esperando resolución automática...
2026-09-05 09:59:51,617 [INFO]    ✅ Turnstile resuelto
2026-09-05 10:00:03,134 [INFO]    ⏳ Turnstile detectado — esperando resolución automática...
2026-09-05 10:00:03,155 [INFO]    ✅ Turnstile resuelto
2026-09-05 10:00:14,536 [INFO]    ⏳ Turnstile detectado — esperando resolución automática...
2026-09-05 10:00:14,557 [INFO]    ✅ Turnstile resuelto
2026-09-05 10:00:24,407 [INFO]    ⏳ Turnstile detectado — esperando resolución automática...
2026-09-05 10:00:24,429 [INFO]    ✅ Turnstile resuelto
2026-09-05 10:00:35,092 [INFO]    ⏳ Turnstile detectado — esperando resolución automática...
2026-09-05 10:00:35,114 [INFO]    ✅ Turnstile resuelto
2026-09-05 10:00:46,512 [INFO]    ⏳ Turnstile detectado — esperando resolución automática...
2026-09-05 10:00:46,534 [INFO]    ✅ Turnstile resuelto
2026-09-05 10:00:56,338 [INFO]    ⏳ Turnstile detectado — esperando resolución automática...
2026-09-05 10:00:56,361 [INFO]    ✅ Turnstile resuelto
2026-09-05 10:01:00,209 [INFO]    Página 5/5 → https://www.opcionempleo.com.ar/trabajo-data-scientist.html?p=5
2026-09-05 10:01:09,638 [INFO]    ⏳ Turnstile detectado — esperando resolución automática...
2026-09-05 10:01:09,662 [INFO]    ✅ Turnstile resuelto
2026-09-05 10:01:14,011 [INFO]    → 20 ofertas encontradas
2026-09-05 10:01:21,603 [INFO]    ⏳ Turnstile detectado — esperando resolución automática...
2026-09-05 10:01:21,625 [INFO]    ✅ Turnstile resuelto
2026-09-05 10:01:31,414 [INFO]    ⏳ Turnstile detectado — esperando resolución automática...
2026-09-05 10:01:31,437 [INFO]    ✅ Turnstile resuelto
2026-09-05 10:01:41,981 [INFO]    ⏳ Turnstile detectado — esperando resolución automática...
2026-09-05 10:01:42,008 [INFO]    ✅ Turnstile resuelto
2026-09-05 10:01:52,487 [INFO]    ⏳ Turnstile detectado — esperando resolución automática...
2026-09-05 10:01:52,513 [INFO]    ✅ Turnstile resuelto
2026-09-05 10:02:02,854 [INFO]    ⏳ Turnstile detectado — esperando resolución automática...
2026-09-05 10:02:02,878 [INFO]    ✅ Turnstile resuelto
2026-09-05 10:02:14,077 [INFO]    ⏳ Turnstile detectado — esperando resolución automática...
2026-09-05 10:02:14,109 [INFO]    ✅ Turnstile resuelto
2026-09-05 10:02:24,256 [INFO]    ⏳ Turnstile detectado — esperando resolución automática...
2026-09-05 10:02:24,287 [INFO]    ✅ Turnstile resuelto
2026-09-05 10:02:35,103 [INFO]    ⏳ Turnstile detectado — esperando resolución automática...
2026-09-05 10:02:35,125 [INFO]    ✅ Turnstile resuelto
2026-09-05 10:02:46,005 [INFO]    ⏳ Turnstile detectado — esperando resolución automática...
2026-09-05 10:02:46,028 [INFO]    ✅ Turnstile resuelto
2026-09-05 10:02:57,150 [INFO]    ⏳ Turnstile detectado — esperando resolución automática...
2026-09-05 10:02:57,172 [INFO]    ✅ Turnstile resuelto
2026-09-05 10:03:07,494 [INFO]    ⏳ Turnstile detectado — esperando resolución automática...
2026-09-05 10:03:07,530 [INFO]    ✅ Turnstile resuelto
2026-09-05 10:03:19,713 [INFO]    ⏳ Turnstile detectado — esperando resolución automática...
2026-09-05 10:03:19,735 [INFO]    ✅ Turnstile resuelto
2026-09-05 10:03:30,209 [INFO]    ⏳ Turnstile detectado — esperando resolución automática...
2026-09-05 10:03:30,236 [INFO]    ✅ Turnstile resuelto
2026-09-05 10:03:42,077 [INFO]    ⏳ Turnstile detectado — esperando resolución automática...
2026-09-05 10:03:42,099 [INFO]    ✅ Turnstile resuelto
2026-09-05 10:03:53,180 [INFO]    ⏳ Turnstile detectado — esperando resolución automática...
2026-09-05 10:03:53,201 [INFO]    ✅ Turnstile resuelto
2026-09-05 10:04:04,980 [INFO]    ⏳ Turnstile detectado — esperando resolución automática...
2026-09-05 10:04:05,002 [INFO]    ✅ Turnstile resuelto
2026-09-05 10:04:15,158 [INFO]    ⏳ Turnstile detectado — esperando resolución automática...
2026-09-05 10:04:15,180 [INFO]    ✅ Turnstile resuelto
2026-09-05 10:04:25,386 [INFO]    ⏳ Turnstile detectado — esperando resolución automática...
2026-09-05 10:04:25,408 [INFO]    ✅ Turnstile resuelto
2026-09-05 10:04:35,556 [INFO]    ⏳ Turnstile detectado — esperando resolución automática...
2026-09-05 10:04:35,578 [INFO]    ✅ Turnstile resuelto
2026-09-05 10:04:45,364 [INFO]    ⏳ Turnstile detectado — esperando resolución automática...
2026-09-05 10:04:45,398 [INFO]    ✅ Turnstile resuelto
2026-09-05 10:04:48,790 [INFO] Exportadas 100 ofertas → /media/carlos-a-cicconi/Common1/Repositorios-Ing.Carlos-Cicconi/Trabajo_Final_MCD/data/raw/ofertas_opcionempleo_20260905.csv
2026-09-05 10:04:48,790 [INFO] ✅ 'Data Scientist': 100 ofertas guardadas
2026-09-05 10:04:48,790 [INFO]    💤 Pausa: 9.9s
2026-09-05 10:04:58,703 [INFO] 
🔍 Buscando: 'Data Analyst'
2026-09-05 10:04:58,704 [INFO]    Página 1/5 → https://www.opcionempleo.com.ar/trabajo-data-analyst.html
2026-09-05 10:05:07,183 [INFO]    ⏳ Turnstile detectado — esperando resolución automática...
2026-09-05 10:05:07,208 [INFO]    ✅ Turnstile resuelto
2026-09-05 10:05:11,145 [INFO]    → 20 ofertas encontradas
2026-09-05 10:05:18,540 [INFO]    ⏳ Turnstile detectado — esperando resolución automática...
2026-09-05 10:05:18,567 [INFO]    ✅ Turnstile resuelto
2026-09-05 10:05:28,319 [INFO]    ⏳ Turnstile detectado — esperando resolución automática...
2026-09-05 10:05:28,341 [INFO]    ✅ Turnstile resuelto
2026-09-05 10:05:39,043 [INFO]    ⏳ Turnstile detectado — esperando resolución automática...
2026-09-05 10:05:39,077 [INFO]    ✅ Turnstile resuelto
2026-09-05 10:05:50,108 [INFO]    ⏳ Turnstile detectado — esperando resolución automática...
2026-09-05 10:05:50,133 [INFO]    ✅ Turnstile resuelto
2026-09-05 10:06:02,291 [INFO]    ⏳ Turnstile detectado — esperando resolución automática...
2026-09-05 10:06:02,313 [INFO]    ✅ Turnstile resuelto
2026-09-05 10:06:12,325 [INFO]    ⏳ Turnstile detectado — esperando resolución automática...
2026-09-05 10:06:12,347 [INFO]    ✅ Turnstile resuelto
2026-09-05 10:06:23,703 [INFO]    ⏳ Turnstile detectado — esperando resolución automática...
2026-09-05 10:06:23,726 [INFO]    ✅ Turnstile resuelto
2026-09-05 10:06:34,221 [INFO]    ⏳ Turnstile detectado — esperando resolución automática...
2026-09-05 10:06:34,247 [INFO]    ✅ Turnstile resuelto
2026-09-05 10:06:43,733 [INFO]    ⏳ Turnstile detectado — esperando resolución automática...
2026-09-05 10:06:43,756 [INFO]    ✅ Turnstile resuelto
2026-09-05 10:06:55,298 [INFO]    ⏳ Turnstile detectado — esperando resolución automática...
2026-09-05 10:06:55,320 [INFO]    ✅ Turnstile resuelto
2026-09-05 10:07:06,895 [INFO]    ⏳ Turnstile detectado — esperando resolución automática...
2026-09-05 10:07:06,919 [INFO]    ✅ Turnstile resuelto
2026-09-05 10:07:17,273 [INFO]    ⏳ Turnstile detectado — esperando resolución automática...
2026-09-05 10:07:17,306 [INFO]    ✅ Turnstile resuelto
2026-09-05 10:07:27,598 [INFO]    ⏳ Turnstile detectado — esperando resolución automática...
2026-09-05 10:07:27,626 [INFO]    ✅ Turnstile resuelto
2026-09-05 10:07:39,125 [INFO]    ⏳ Turnstile detectado — esperando resolución automática...
2026-09-05 10:07:39,146 [INFO]    ✅ Turnstile resuelto
2026-09-05 10:07:49,010 [INFO]    ⏳ Turnstile detectado — esperando resolución automática...
2026-09-05 10:07:49,031 [INFO]    ✅ Turnstile resuelto
2026-09-05 10:08:00,427 [INFO]    ⏳ Turnstile detectado — esperando resolución automática...
2026-09-05 10:08:00,449 [INFO]    ✅ Turnstile resuelto
2026-09-05 10:08:10,321 [INFO]    ⏳ Turnstile detectado — esperando resolución automática...
2026-09-05 10:08:10,352 [INFO]    ✅ Turnstile resuelto
2026-09-05 10:08:21,242 [INFO]    ⏳ Turnstile detectado — esperando resolución automática...
2026-09-05 10:08:21,264 [INFO]    ✅ Turnstile resuelto
2026-09-05 10:08:32,015 [INFO]    ⏳ Turnstile detectado — esperando resolución automática...
2026-09-05 10:08:32,045 [INFO]    ✅ Turnstile resuelto
2026-09-05 10:08:42,362 [INFO]    ⏳ Turnstile detectado — esperando resolución automática...
2026-09-05 10:08:42,405 [INFO]    ✅ Turnstile resuelto
2026-09-05 10:08:45,636 [INFO]    Página 2/5 → https://www.opcionempleo.com.ar/trabajo-data-analyst.html?p=2
2026-09-05 10:08:55,049 [INFO]    ⏳ Turnstile detectado — esperando resolución automática...
2026-09-05 10:08:55,075 [INFO]    ✅ Turnstile resuelto
2026-09-05 10:08:59,290 [INFO]    → 20 ofertas encontradas
2026-09-05 10:09:07,562 [INFO]    ⏳ Turnstile detectado — esperando resolución automática...
2026-09-05 10:09:07,585 [INFO]    ✅ Turnstile resuelto
2026-09-05 10:09:19,604 [INFO]    ⏳ Turnstile detectado — esperando resolución automática...
2026-09-05 10:09:19,631 [INFO]    ✅ Turnstile resuelto
2026-09-05 10:09:31,596 [INFO]    ⏳ Turnstile detectado — esperando resolución automática...
2026-09-05 10:09:31,621 [INFO]    ✅ Turnstile resuelto
2026-09-05 10:09:43,419 [INFO]    ⏳ Turnstile detectado — esperando resolución automática...
2026-09-05 10:09:43,443 [INFO]    ✅ Turnstile resuelto
2026-09-05 10:09:54,814 [INFO]    ⏳ Turnstile detectado — esperando resolución automática...
2026-09-05 10:09:54,837 [INFO]    ✅ Turnstile resuelto
2026-09-05 10:10:05,570 [INFO]    ⏳ Turnstile detectado — esperando resolución automática...
2026-09-05 10:10:05,607 [INFO]    ✅ Turnstile resuelto
2026-09-05 10:10:16,340 [INFO]    ⏳ Turnstile detectado — esperando resolución automática...
2026-09-05 10:10:16,362 [INFO]    ✅ Turnstile resuelto
2026-09-05 10:10:28,931 [INFO]    ⏳ Turnstile detectado — esperando resolución automática...
2026-09-05 10:10:28,965 [INFO]    ✅ Turnstile resuelto
2026-09-05 10:10:38,788 [INFO]    ⏳ Turnstile detectado — esperando resolución automática...
2026-09-05 10:10:38,811 [INFO]    ✅ Turnstile resuelto
2026-09-05 10:10:50,417 [INFO]    ⏳ Turnstile detectado — esperando resolución automática...
2026-09-05 10:10:50,439 [INFO]    ✅ Turnstile resuelto
2026-09-05 10:11:00,367 [INFO]    ⏳ Turnstile detectado — esperando resolución automática...
2026-09-05 10:11:00,402 [INFO]    ✅ Turnstile resuelto
2026-09-05 10:11:11,516 [INFO]    ⏳ Turnstile detectado — esperando resolución automática...
2026-09-05 10:11:11,539 [INFO]    ✅ Turnstile resuelto
2026-09-05 10:11:22,793 [INFO]    ⏳ Turnstile detectado — esperando resolución automática...
2026-09-05 10:11:22,818 [INFO]    ✅ Turnstile resuelto
2026-09-05 10:11:34,768 [INFO]    ⏳ Turnstile detectado — esperando resolución automática...
2026-09-05 10:11:34,790 [INFO]    ✅ Turnstile resuelto
2026-09-05 10:11:45,812 [INFO]    ⏳ Turnstile detectado — esperando resolución automática...
2026-09-05 10:11:45,852 [INFO]    ✅ Turnstile resuelto
2026-09-05 10:11:56,158 [INFO]    ⏳ Turnstile detectado — esperando resolución automática...
2026-09-05 10:11:56,180 [INFO]    ✅ Turnstile resuelto
2026-09-05 10:12:05,919 [INFO]    ⏳ Turnstile detectado — esperando resolución automática...
2026-09-05 10:12:05,942 [INFO]    ✅ Turnstile resuelto
2026-09-05 10:12:16,057 [INFO]    ⏳ Turnstile detectado — esperando resolución automática...
2026-09-05 10:12:16,081 [INFO]    ✅ Turnstile resuelto
2026-09-05 10:12:25,970 [INFO]    ⏳ Turnstile detectado — esperando resolución automática...
2026-09-05 10:12:26,009 [INFO]    ✅ Turnstile resuelto
2026-09-05 10:12:35,368 [INFO]    ⏳ Turnstile detectado — esperando resolución automática...
2026-09-05 10:12:35,389 [INFO]    ✅ Turnstile resuelto
2026-09-05 10:12:38,687 [INFO]    Página 3/5 → https://www.opcionempleo.com.ar/trabajo-data-analyst.html?p=3
2026-09-05 10:12:48,723 [INFO]    ⏳ Turnstile detectado — esperando resolución automática...
2026-09-05 10:12:48,747 [INFO]    ✅ Turnstile resuelto
2026-09-05 10:12:53,041 [INFO]    → 20 ofertas encontradas
2026-09-05 10:12:59,715 [INFO]    ⏳ Turnstile detectado — esperando resolución automática...
2026-09-05 10:12:59,737 [INFO]    ✅ Turnstile resuelto
2026-09-05 10:13:10,661 [INFO]    ⏳ Turnstile detectado — esperando resolución automática...
2026-09-05 10:13:10,687 [INFO]    ✅ Turnstile resuelto
2026-09-05 10:13:22,332 [INFO]    ⏳ Turnstile detectado — esperando resolución automática...
2026-09-05 10:13:22,354 [INFO]    ✅ Turnstile resuelto
2026-09-05 10:13:33,215 [INFO]    ⏳ Turnstile detectado — esperando resolución automática...
2026-09-05 10:13:33,237 [INFO]    ✅ Turnstile resuelto
2026-09-05 10:13:43,019 [INFO]    ⏳ Turnstile detectado — esperando resolución automática...
2026-09-05 10:13:43,043 [INFO]    ✅ Turnstile resuelto
2026-09-05 10:13:54,179 [INFO]    ⏳ Turnstile detectado — esperando resolución automática...
2026-09-05 10:13:54,203 [INFO]    ✅ Turnstile resuelto
2026-09-05 10:14:05,617 [INFO]    ⏳ Turnstile detectado — esperando resolución automática...
2026-09-05 10:14:05,640 [INFO]    ✅ Turnstile resuelto
2026-09-05 10:14:16,023 [INFO]    ⏳ Turnstile detectado — esperando resolución automática...
2026-09-05 10:14:16,045 [INFO]    ✅ Turnstile resuelto
2026-09-05 10:14:28,469 [INFO]    ⏳ Turnstile detectado — esperando resolución automática...
2026-09-05 10:14:28,491 [INFO]    ✅ Turnstile resuelto
2026-09-05 10:14:39,686 [INFO]    ⏳ Turnstile detectado — esperando resolución automática...
2026-09-05 10:14:39,708 [INFO]    ✅ Turnstile resuelto
2026-09-05 10:14:51,494 [INFO]    ⏳ Turnstile detectado — esperando resolución automática...
2026-09-05 10:14:51,516 [INFO]    ✅ Turnstile resuelto
2026-09-05 10:15:04,176 [INFO]    ⏳ Turnstile detectado — esperando resolución automática...
2026-09-05 10:15:04,205 [INFO]    ✅ Turnstile resuelto
2026-09-05 10:15:15,831 [INFO]    ⏳ Turnstile detectado — esperando resolución automática...
2026-09-05 10:15:15,853 [INFO]    ✅ Turnstile resuelto
2026-09-05 10:15:27,705 [INFO]    ⏳ Turnstile detectado — esperando resolución automática...
2026-09-05 10:15:27,734 [INFO]    ✅ Turnstile resuelto
2026-09-05 10:15:38,913 [INFO]    ⏳ Turnstile detectado — esperando resolución automática...
2026-09-05 10:15:38,934 [INFO]    ✅ Turnstile resuelto
2026-09-05 10:15:51,012 [INFO]    ⏳ Turnstile detectado — esperando resolución automática...
2026-09-05 10:15:51,033 [INFO]    ✅ Turnstile resuelto
2026-09-05 10:16:02,161 [INFO]    ⏳ Turnstile detectado — esperando resolución automática...
2026-09-05 10:16:02,193 [INFO]    ✅ Turnstile resuelto
2026-09-05 10:16:12,479 [INFO]    ⏳ Turnstile detectado — esperando resolución automática...
2026-09-05 10:16:12,505 [INFO]    ✅ Turnstile resuelto
2026-09-05 10:16:22,243 [INFO]    ⏳ Turnstile detectado — esperando resolución automática...
2026-09-05 10:16:22,265 [INFO]    ✅ Turnstile resuelto
2026-09-05 10:16:31,956 [INFO]    ⏳ Turnstile detectado — esperando resolución automática...
2026-09-05 10:16:31,977 [INFO]    ✅ Turnstile resuelto
2026-09-05 10:16:35,433 [INFO]    Página 4/5 → https://www.opcionempleo.com.ar/trabajo-data-analyst.html?p=4
2026-09-05 10:16:44,679 [INFO]    ⏳ Turnstile detectado — esperando resolución automática...
2026-09-05 10:16:44,723 [INFO]    ✅ Turnstile resuelto
2026-09-05 10:16:49,281 [INFO]    → 20 ofertas encontradas
2026-09-05 10:16:56,404 [INFO]    ⏳ Turnstile detectado — esperando resolución automática...
2026-09-05 10:16:56,441 [INFO]    ✅ Turnstile resuelto
2026-09-05 10:17:08,005 [INFO]    ⏳ Turnstile detectado — esperando resolución automática...
2026-09-05 10:17:08,031 [INFO]    ✅ Turnstile resuelto
2026-09-05 10:17:18,430 [INFO]    ⏳ Turnstile detectado — esperando resolución automática...
2026-09-05 10:17:18,453 [INFO]    ✅ Turnstile resuelto
2026-09-05 10:17:30,659 [INFO]    ⏳ Turnstile detectado — esperando resolución automática...
2026-09-05 10:17:30,701 [INFO]    ✅ Turnstile resuelto
2026-09-05 10:17:41,142 [INFO]    ⏳ Turnstile detectado — esperando resolución automática...
2026-09-05 10:17:41,164 [INFO]    ✅ Turnstile resuelto
2026-09-05 10:17:50,949 [INFO]    ⏳ Turnstile detectado — esperando resolución automática...
2026-09-05 10:17:50,971 [INFO]    ✅ Turnstile resuelto
2026-09-05 10:18:01,952 [INFO]    ⏳ Turnstile detectado — esperando resolución automática...
2026-09-05 10:18:01,974 [INFO]    ✅ Turnstile resuelto
2026-09-05 10:18:14,599 [INFO]    ⏳ Turnstile detectado — esperando resolución automática...
2026-09-05 10:18:14,636 [INFO]    ✅ Turnstile resuelto
2026-09-05 10:18:26,241 [INFO]    ⏳ Turnstile detectado — esperando resolución automática...
2026-09-05 10:18:26,263 [INFO]    ✅ Turnstile resuelto
2026-09-05 10:18:35,827 [INFO]    ⏳ Turnstile detectado — esperando resolución automática...
2026-09-05 10:18:35,852 [INFO]    ✅ Turnstile resuelto
2026-09-05 10:18:46,666 [INFO]    ⏳ Turnstile detectado — esperando resolución automática...
2026-09-05 10:18:46,687 [INFO]    ✅ Turnstile resuelto
2026-09-05 10:18:57,612 [INFO]    ⏳ Turnstile detectado — esperando resolución automática...
2026-09-05 10:18:57,651 [INFO]    ✅ Turnstile resuelto
2026-09-05 10:19:08,754 [INFO]    ⏳ Turnstile detectado — esperando resolución automática...
2026-09-05 10:19:08,777 [INFO]    ✅ Turnstile resuelto
2026-09-05 10:19:18,809 [INFO]    ⏳ Turnstile detectado — esperando resolución automática...
2026-09-05 10:19:18,837 [INFO]    ✅ Turnstile resuelto
2026-09-05 10:19:28,921 [INFO]    ⏳ Turnstile detectado — esperando resolución automática...
2026-09-05 10:19:28,944 [INFO]    ✅ Turnstile resuelto
2026-09-05 10:19:40,230 [INFO]    ⏳ Turnstile detectado — esperando resolución automática...
2026-09-05 10:19:40,254 [INFO]    ✅ Turnstile resuelto
2026-09-05 10:19:51,460 [INFO]    ⏳ Turnstile detectado — esperando resolución automática...
2026-09-05 10:19:51,483 [INFO]    ✅ Turnstile resuelto
2026-09-05 10:20:01,619 [INFO]    ⏳ Turnstile detectado — esperando resolución automática...
2026-09-05 10:20:01,641 [INFO]    ✅ Turnstile resuelto
2026-09-05 10:20:12,254 [INFO]    ⏳ Turnstile detectado — esperando resolución automática...
2026-09-05 10:20:12,280 [INFO]    ✅ Turnstile resuelto
2026-09-05 10:20:23,625 [INFO]    ⏳ Turnstile detectado — esperando resolución automática...
2026-09-05 10:20:23,661 [INFO]    ✅ Turnstile resuelto
2026-09-05 10:20:27,688 [INFO]    Página 5/5 → https://www.opcionempleo.com.ar/trabajo-data-analyst.html?p=5
2026-09-05 10:20:35,973 [INFO]    ⏳ Turnstile detectado — esperando resolución automática...
2026-09-05 10:20:35,998 [INFO]    ✅ Turnstile resuelto
2026-09-05 10:20:40,113 [INFO]    → 20 ofertas encontradas
2026-09-05 10:20:48,148 [INFO]    ⏳ Turnstile detectado — esperando resolución automática...
2026-09-05 10:20:48,178 [INFO]    ✅ Turnstile resuelto
2026-09-05 10:20:59,285 [INFO]    ⏳ Turnstile detectado — esperando resolución automática...
2026-09-05 10:20:59,308 [INFO]    ✅ Turnstile resuelto
2026-09-05 10:21:10,410 [INFO]    ⏳ Turnstile detectado — esperando resolución automática...
2026-09-05 10:21:10,440 [INFO]    ✅ Turnstile resuelto
2026-09-05 10:21:22,080 [INFO]    ⏳ Turnstile detectado — esperando resolución automática...
2026-09-05 10:21:22,102 [INFO]    ✅ Turnstile resuelto
2026-09-05 10:21:32,744 [INFO]    ⏳ Turnstile detectado — esperando resolución automática...
2026-09-05 10:21:32,765 [INFO]    ✅ Turnstile resuelto
2026-09-05 10:21:41,984 [INFO]    ⏳ Turnstile detectado — esperando resolución automática...
2026-09-05 10:21:42,015 [INFO]    ✅ Turnstile resuelto
2026-09-05 10:21:52,917 [INFO]    ⏳ Turnstile detectado — esperando resolución automática...
2026-09-05 10:21:52,940 [INFO]    ✅ Turnstile resuelto
2026-09-05 10:22:03,133 [INFO]    ⏳ Turnstile detectado — esperando resolución automática...
2026-09-05 10:22:03,154 [INFO]    ✅ Turnstile resuelto
2026-09-05 10:22:14,338 [INFO]    ⏳ Turnstile detectado — esperando resolución automática...
2026-09-05 10:22:14,365 [INFO]    ✅ Turnstile resuelto
2026-09-05 10:22:24,783 [INFO]    ⏳ Turnstile detectado — esperando resolución automática...
2026-09-05 10:22:24,808 [INFO]    ✅ Turnstile resuelto
2026-09-05 10:22:36,101 [INFO]    ⏳ Turnstile detectado — esperando resolución automática...
2026-09-05 10:22:36,123 [INFO]    ✅ Turnstile resuelto
2026-09-05 10:22:47,734 [INFO]    ⏳ Turnstile detectado — esperando resolución automática...
2026-09-05 10:22:47,758 [INFO]    ✅ Turnstile resuelto
2026-09-05 10:22:59,180 [INFO]    ⏳ Turnstile detectado — esperando resolución automática...
2026-09-05 10:22:59,202 [INFO]    ✅ Turnstile resuelto
2026-09-05 10:23:10,961 [INFO]    ⏳ Turnstile detectado — esperando resolución automática...
2026-09-05 10:23:10,983 [INFO]    ✅ Turnstile resuelto
2026-09-05 10:23:23,249 [INFO]    ⏳ Turnstile detectado — esperando resolución automática...
2026-09-05 10:23:23,271 [INFO]    ✅ Turnstile resuelto
2026-09-05 10:23:34,861 [INFO]    ⏳ Turnstile detectado — esperando resolución automática...
2026-09-05 10:23:34,883 [INFO]    ✅ Turnstile resuelto
2026-09-05 10:23:44,879 [INFO]    ⏳ Turnstile detectado — esperando resolución automática...
2026-09-05 10:23:44,901 [INFO]    ✅ Turnstile resuelto
2026-09-05 10:23:56,862 [INFO]    ⏳ Turnstile detectado — esperando resolución automática...
2026-09-05 10:23:56,884 [INFO]    ✅ Turnstile resuelto
2026-09-05 10:24:06,553 [INFO]    ⏳ Turnstile detectado — esperando resolución automática...
2026-09-05 10:24:06,575 [INFO]    ✅ Turnstile resuelto
2026-09-05 10:24:17,600 [INFO]    ⏳ Turnstile detectado — esperando resolución automática...
2026-09-05 10:24:17,622 [INFO]    ✅ Turnstile resuelto
2026-09-05 10:24:21,559 [INFO] Exportadas 100 ofertas → /media/carlos-a-cicconi/Common1/Repositorios-Ing.Carlos-Cicconi/Trabajo_Final_MCD/data/raw/ofertas_opcionempleo_20260905.csv
2026-09-05 10:24:21,559 [INFO] ✅ 'Data Analyst': 100 ofertas guardadas
2026-09-05 10:24:21,560 [INFO]    💤 Pausa: 12.7s
2026-09-05 10:24:34,245 [INFO] 
🔍 Buscando: 'Machine Learning Engineer'
2026-09-05 10:24:34,245 [INFO]    Página 1/5 → https://www.opcionempleo.com.ar/trabajo-machine-learning.html
2026-09-05 10:24:43,693 [INFO]    ⏳ Turnstile detectado — esperando resolución automática...
2026-09-05 10:24:43,717 [INFO]    ✅ Turnstile resuelto
2026-09-05 10:24:47,586 [INFO]    → 20 ofertas encontradas
2026-09-05 10:24:54,721 [INFO]    ⏳ Turnstile detectado — esperando resolución automática...
2026-09-05 10:24:54,744 [INFO]    ✅ Turnstile resuelto
2026-09-05 10:25:06,096 [INFO]    ⏳ Turnstile detectado — esperando resolución automática...
2026-09-05 10:25:06,119 [INFO]    ✅ Turnstile resuelto
2026-09-05 10:25:17,699 [INFO]    ⏳ Turnstile detectado — esperando resolución automática...
2026-09-05 10:25:17,725 [INFO]    ✅ Turnstile resuelto
2026-09-05 10:25:28,678 [INFO]    ⏳ Turnstile detectado — esperando resolución automática...
2026-09-05 10:25:28,699 [INFO]    ✅ Turnstile resuelto
2026-09-05 10:25:38,646 [INFO]    ⏳ Turnstile detectado — esperando resolución automática...
2026-09-05 10:25:38,675 [INFO]    ✅ Turnstile resuelto
2026-09-05 10:25:50,816 [INFO]    ⏳ Turnstile detectado — esperando resolución automática...
2026-09-05 10:25:50,839 [INFO]    ✅ Turnstile resuelto
2026-09-05 10:26:01,488 [INFO]    ⏳ Turnstile detectado — esperando resolución automática...
2026-09-05 10:26:01,510 [INFO]    ✅ Turnstile resuelto
2026-09-05 10:26:12,489 [INFO]    ⏳ Turnstile detectado — esperando resolución automática...
2026-09-05 10:26:12,514 [INFO]    ✅ Turnstile resuelto
2026-09-05 10:26:23,720 [INFO]    ⏳ Turnstile detectado — esperando resolución automática...
2026-09-05 10:26:23,743 [INFO]    ✅ Turnstile resuelto
2026-09-05 10:26:35,503 [INFO]    ⏳ Turnstile detectado — esperando resolución automática...
2026-09-05 10:26:35,528 [INFO]    ✅ Turnstile resuelto
2026-09-05 10:26:46,848 [INFO]    ⏳ Turnstile detectado — esperando resolución automática...
2026-09-05 10:26:46,870 [INFO]    ✅ Turnstile resuelto
2026-09-05 10:26:58,997 [INFO]    ⏳ Turnstile detectado — esperando resolución automática...
2026-09-05 10:26:59,052 [INFO]    ✅ Turnstile resuelto
2026-09-05 10:27:09,921 [INFO]    ⏳ Turnstile detectado — esperando resolución automática...
2026-09-05 10:27:09,946 [INFO]    ✅ Turnstile resuelto
2026-09-05 10:27:19,132 [INFO]    ⏳ Turnstile detectado — esperando resolución automática...
2026-09-05 10:27:19,154 [INFO]    ✅ Turnstile resuelto
2026-09-05 10:27:29,587 [INFO]    ⏳ Turnstile detectado — esperando resolución automática...
2026-09-05 10:27:29,612 [INFO]    ✅ Turnstile resuelto
2026-09-05 10:27:40,702 [INFO]    ⏳ Turnstile detectado — esperando resolución automática...
2026-09-05 10:27:40,728 [INFO]    ✅ Turnstile resuelto
2026-09-05 10:27:52,061 [INFO]    ⏳ Turnstile detectado — esperando resolución automática...
2026-09-05 10:27:52,098 [INFO]    ✅ Turnstile resuelto
2026-09-05 10:28:02,198 [INFO]    ⏳ Turnstile detectado — esperando resolución automática...
2026-09-05 10:28:02,222 [INFO]    ✅ Turnstile resuelto
2026-09-05 10:28:14,672 [INFO]    ⏳ Turnstile detectado — esperando resolución automática...
2026-09-05 10:28:14,694 [INFO]    ✅ Turnstile resuelto
2026-09-05 10:28:24,687 [INFO]    ⏳ Turnstile detectado — esperando resolución automática...
2026-09-05 10:28:24,709 [INFO]    ✅ Turnstile resuelto
2026-09-05 10:28:28,551 [INFO]    Página 2/5 → https://www.opcionempleo.com.ar/trabajo-machine-learning.html?p=2
2026-09-05 10:28:36,362 [INFO]    ⏳ Turnstile detectado — esperando resolución automática...
2026-09-05 10:28:36,386 [INFO]    ✅ Turnstile resuelto
2026-09-05 10:28:40,032 [INFO]    → 20 ofertas encontradas
2026-09-05 10:28:47,987 [INFO]    ⏳ Turnstile detectado — esperando resolución automática...
2026-09-05 10:28:48,009 [INFO]    ✅ Turnstile resuelto
2026-09-05 10:28:58,052 [INFO]    ⏳ Turnstile detectado — esperando resolución automática...
2026-09-05 10:28:58,074 [INFO]    ✅ Turnstile resuelto
2026-09-05 10:29:09,723 [INFO]    ⏳ Turnstile detectado — esperando resolución automática...
2026-09-05 10:29:09,745 [INFO]    ✅ Turnstile resuelto
2026-09-05 10:29:21,033 [INFO]    ⏳ Turnstile detectado — esperando resolución automática...
2026-09-05 10:29:21,055 [INFO]    ✅ Turnstile resuelto
2026-09-05 10:29:32,636 [INFO]    ⏳ Turnstile detectado — esperando resolución automática...
2026-09-05 10:29:32,672 [INFO]    ✅ Turnstile resuelto
2026-09-05 10:29:44,393 [INFO]    ⏳ Turnstile detectado — esperando resolución automática...
2026-09-05 10:29:44,415 [INFO]    ✅ Turnstile resuelto
2026-09-05 10:29:55,162 [INFO]    ⏳ Turnstile detectado — esperando resolución automática...
2026-09-05 10:29:55,187 [INFO]    ✅ Turnstile resuelto
2026-09-05 10:30:06,308 [INFO]    ⏳ Turnstile detectado — esperando resolución automática...
2026-09-05 10:30:06,331 [INFO]    ✅ Turnstile resuelto
2026-09-05 10:30:15,912 [INFO]    ⏳ Turnstile detectado — esperando resolución automática...
2026-09-05 10:30:15,946 [INFO]    ✅ Turnstile resuelto
2026-09-05 10:30:27,244 [INFO]    ⏳ Turnstile detectado — esperando resolución automática...
2026-09-05 10:30:27,278 [INFO]    ✅ Turnstile resuelto
2026-09-05 10:30:36,686 [INFO]    ⏳ Turnstile detectado — esperando resolución automática...
2026-09-05 10:30:36,708 [INFO]    ✅ Turnstile resuelto
2026-09-05 10:30:46,626 [INFO]    ⏳ Turnstile detectado — esperando resolución automática...
2026-09-05 10:30:46,651 [INFO]    ✅ Turnstile resuelto
2026-09-05 10:30:57,252 [INFO]    ⏳ Turnstile detectado — esperando resolución automática...
2026-09-05 10:30:57,274 [INFO]    ✅ Turnstile resuelto
2026-09-05 10:31:07,587 [INFO]    ⏳ Turnstile detectado — esperando resolución automática...
2026-09-05 10:31:07,611 [INFO]    ✅ Turnstile resuelto
2026-09-05 10:31:17,423 [INFO]    ⏳ Turnstile detectado — esperando resolución automática...
2026-09-05 10:31:17,453 [INFO]    ✅ Turnstile resuelto
2026-09-05 10:31:28,296 [INFO]    ⏳ Turnstile detectado — esperando resolución automática...
2026-09-05 10:31:28,317 [INFO]    ✅ Turnstile resuelto
2026-09-05 10:31:38,831 [INFO]    ⏳ Turnstile detectado — esperando resolución automática...
2026-09-05 10:31:38,855 [INFO]    ✅ Turnstile resuelto
2026-09-05 10:31:50,311 [INFO]    ⏳ Turnstile detectado — esperando resolución automática...
2026-09-05 10:31:50,333 [INFO]    ✅ Turnstile resuelto
2026-09-05 10:32:00,203 [INFO]    ⏳ Turnstile detectado — esperando resolución automática...
2026-09-05 10:32:00,225 [INFO]    ✅ Turnstile resuelto
2026-09-05 10:32:12,471 [INFO]    ⏳ Turnstile detectado — esperando resolución automática...
2026-09-05 10:32:12,506 [INFO]    ✅ Turnstile resuelto
2026-09-05 10:32:16,551 [INFO]    Página 3/5 → https://www.opcionempleo.com.ar/trabajo-machine-learning.html?p=3
2026-09-05 10:32:25,551 [INFO]    ⏳ Turnstile detectado — esperando resolución automática...
2026-09-05 10:32:25,575 [INFO]    ✅ Turnstile resuelto
2026-09-05 10:32:29,907 [INFO]    → 20 ofertas encontradas
2026-09-05 10:32:38,179 [INFO]    ⏳ Turnstile detectado — esperando resolución automática...
2026-09-05 10:32:38,201 [INFO]    ✅ Turnstile resuelto
2026-09-05 10:32:48,684 [INFO]    ⏳ Turnstile detectado — esperando resolución automática...
2026-09-05 10:32:48,707 [INFO]    ✅ Turnstile resuelto
2026-09-05 10:32:58,744 [INFO]    ⏳ Turnstile detectado — esperando resolución automática...
2026-09-05 10:32:58,766 [INFO]    ✅ Turnstile resuelto
2026-09-05 10:33:09,309 [INFO]    ⏳ Turnstile detectado — esperando resolución automática...
2026-09-05 10:33:09,333 [INFO]    ✅ Turnstile resuelto
2026-09-05 10:33:21,053 [INFO]    ⏳ Turnstile detectado — esperando resolución automática...
2026-09-05 10:33:21,087 [INFO]    ✅ Turnstile resuelto
2026-09-05 10:33:33,182 [INFO]    ⏳ Turnstile detectado — esperando resolución automática...
2026-09-05 10:33:33,211 [INFO]    ✅ Turnstile resuelto
2026-09-05 10:33:44,261 [INFO]    ⏳ Turnstile detectado — esperando resolución automática...
2026-09-05 10:33:44,282 [INFO]    ✅ Turnstile resuelto
2026-09-05 10:33:53,915 [INFO]    ⏳ Turnstile detectado — esperando resolución automática...
2026-09-05 10:33:53,936 [INFO]    ✅ Turnstile resuelto
2026-09-05 10:34:06,161 [INFO]    ⏳ Turnstile detectado — esperando resolución automática...
2026-09-05 10:34:06,183 [INFO]    ✅ Turnstile resuelto
2026-09-05 10:34:15,532 [INFO]    ⏳ Turnstile detectado — esperando resolución automática...
2026-09-05 10:34:15,566 [INFO]    ✅ Turnstile resuelto
2026-09-05 10:34:27,050 [INFO]    ⏳ Turnstile detectado — esperando resolución automática...
2026-09-05 10:34:27,072 [INFO]    ✅ Turnstile resuelto
2026-09-05 10:34:36,513 [INFO]    ⏳ Turnstile detectado — esperando resolución automática...
2026-09-05 10:34:36,538 [INFO]    ✅ Turnstile resuelto
2026-09-05 10:34:47,825 [INFO]    ⏳ Turnstile detectado — esperando resolución automática...
2026-09-05 10:34:47,855 [INFO]    ✅ Turnstile resuelto
2026-09-05 10:34:58,331 [INFO]    ⏳ Turnstile detectado — esperando resolución automática...
2026-09-05 10:34:58,353 [INFO]    ✅ Turnstile resuelto
2026-09-05 10:35:09,422 [INFO]    ⏳ Turnstile detectado — esperando resolución automática...
2026-09-05 10:35:09,455 [INFO]    ✅ Turnstile resuelto
2026-09-05 10:35:18,709 [INFO]    ⏳ Turnstile detectado — esperando resolución automática...
2026-09-05 10:35:18,730 [INFO]    ✅ Turnstile resuelto
2026-09-05 10:35:28,707 [INFO]    ⏳ Turnstile detectado — esperando resolución automática...
2026-09-05 10:35:28,729 [INFO]    ✅ Turnstile resuelto
2026-09-05 10:35:38,874 [INFO]    ⏳ Turnstile detectado — esperando resolución automática...
2026-09-05 10:35:38,896 [INFO]    ✅ Turnstile resuelto
2026-09-05 10:35:49,337 [INFO]    ⏳ Turnstile detectado — esperando resolución automática...
2026-09-05 10:35:49,377 [INFO]    ✅ Turnstile resuelto
2026-09-05 10:35:59,643 [INFO]    ⏳ Turnstile detectado — esperando resolución automática...
2026-09-05 10:35:59,665 [INFO]    ✅ Turnstile resuelto
2026-09-05 10:36:03,649 [INFO]    Página 4/5 → https://www.opcionempleo.com.ar/trabajo-machine-learning.html?p=4
2026-09-05 10:36:11,011 [INFO]    ⏳ Turnstile detectado — esperando resolución automática...
2026-09-05 10:36:11,036 [INFO]    ✅ Turnstile resuelto
2026-09-05 10:36:15,097 [INFO]    → 20 ofertas encontradas
2026-09-05 10:36:21,797 [INFO]    ⏳ Turnstile detectado — esperando resolución automática...
2026-09-05 10:36:21,819 [INFO]    ✅ Turnstile resuelto
2026-09-05 10:36:31,367 [INFO]    ⏳ Turnstile detectado — esperando resolución automática...
2026-09-05 10:36:31,388 [INFO]    ✅ Turnstile resuelto
2026-09-05 10:36:41,386 [INFO]    ⏳ Turnstile detectado — esperando resolución automática...
2026-09-05 10:36:41,413 [INFO]    ✅ Turnstile resuelto
2026-09-05 10:36:51,129 [INFO]    ⏳ Turnstile detectado — esperando resolución automática...
2026-09-05 10:36:51,153 [INFO]    ✅ Turnstile resuelto
2026-09-05 10:37:02,289 [INFO]    ⏳ Turnstile detectado — esperando resolución automática...
2026-09-05 10:37:02,310 [INFO]    ✅ Turnstile resuelto
2026-09-05 10:37:13,957 [INFO]    ⏳ Turnstile detectado — esperando resolución automática...
2026-09-05 10:37:13,983 [INFO]    ✅ Turnstile resuelto
2026-09-05 10:37:24,142 [INFO]    ⏳ Turnstile detectado — esperando resolución automática...
2026-09-05 10:37:24,175 [INFO]    ✅ Turnstile resuelto
2026-09-05 10:37:35,401 [INFO]    ⏳ Turnstile detectado — esperando resolución automática...
2026-09-05 10:37:35,422 [INFO]    ✅ Turnstile resuelto
2026-09-05 10:37:44,824 [INFO]    ⏳ Turnstile detectado — esperando resolución automática...
2026-09-05 10:37:44,846 [INFO]    ✅ Turnstile resuelto
2026-09-05 10:37:56,167 [INFO]    ⏳ Turnstile detectado — esperando resolución automática...
2026-09-05 10:37:56,189 [INFO]    ✅ Turnstile resuelto
2026-09-05 10:38:07,081 [INFO]    ⏳ Turnstile detectado — esperando resolución automática...
2026-09-05 10:38:07,110 [INFO]    ✅ Turnstile resuelto
2026-09-05 10:38:18,176 [INFO]    ⏳ Turnstile detectado — esperando resolución automática...
2026-09-05 10:38:18,209 [INFO]    ✅ Turnstile resuelto
2026-09-05 10:38:29,633 [INFO]    ⏳ Turnstile detectado — esperando resolución automática...
2026-09-05 10:38:29,655 [INFO]    ✅ Turnstile resuelto
2026-09-05 10:38:39,990 [INFO]    ⏳ Turnstile detectado — esperando resolución automática...
2026-09-05 10:38:40,015 [INFO]    ✅ Turnstile resuelto
2026-09-05 10:38:49,887 [INFO]    ⏳ Turnstile detectado — esperando resolución automática...
2026-09-05 10:38:49,908 [INFO]    ✅ Turnstile resuelto
2026-09-05 10:39:01,605 [INFO]    ⏳ Turnstile detectado — esperando resolución automática...
2026-09-05 10:39:01,628 [INFO]    ✅ Turnstile resuelto
2026-09-05 10:39:14,006 [INFO]    ⏳ Turnstile detectado — esperando resolución automática...
2026-09-05 10:39:14,039 [INFO]    ✅ Turnstile resuelto
2026-09-05 10:39:24,918 [INFO]    ⏳ Turnstile detectado — esperando resolución automática...
2026-09-05 10:39:24,940 [INFO]    ✅ Turnstile resuelto
2026-09-05 10:39:36,522 [INFO]    ⏳ Turnstile detectado — esperando resolución automática...
2026-09-05 10:39:36,546 [INFO]    ✅ Turnstile resuelto
2026-09-05 10:39:47,235 [INFO]    ⏳ Turnstile detectado — esperando resolución automática...
2026-09-05 10:39:47,257 [INFO]    ✅ Turnstile resuelto
2026-09-05 10:39:51,050 [INFO]    Página 5/5 → https://www.opcionempleo.com.ar/trabajo-machine-learning.html?p=5
2026-09-05 10:40:00,336 [INFO]    ⏳ Turnstile detectado — esperando resolución automática...
2026-09-05 10:40:00,360 [INFO]    ✅ Turnstile resuelto
2026-09-05 10:40:04,899 [INFO]    → 20 ofertas encontradas
2026-09-05 10:40:12,592 [INFO]    ⏳ Turnstile detectado — esperando resolución automática...
2026-09-05 10:40:12,628 [INFO]    ✅ Turnstile resuelto
2026-09-05 10:40:23,507 [INFO]    ⏳ Turnstile detectado — esperando resolución automática...
2026-09-05 10:40:23,528 [INFO]    ✅ Turnstile resuelto
2026-09-05 10:40:34,246 [INFO]    ⏳ Turnstile detectado — esperando resolución automática...
2026-09-05 10:40:34,268 [INFO]    ✅ Turnstile resuelto
2026-09-05 10:40:46,492 [INFO]    ⏳ Turnstile detectado — esperando resolución automática...
2026-09-05 10:40:46,514 [INFO]    ✅ Turnstile resuelto
2026-09-05 10:40:58,912 [INFO]    ⏳ Turnstile detectado — esperando resolución automática...
2026-09-05 10:40:58,945 [INFO]    ✅ Turnstile resuelto
2026-09-05 10:41:10,555 [INFO]    ⏳ Turnstile detectado — esperando resolución automática...
2026-09-05 10:41:10,576 [INFO]    ✅ Turnstile resuelto
2026-09-05 10:41:20,987 [INFO]    ⏳ Turnstile detectado — esperando resolución automática...
2026-09-05 10:41:21,015 [INFO]    ✅ Turnstile resuelto
2026-09-05 10:41:32,089 [INFO]    ⏳ Turnstile detectado — esperando resolución automática...
2026-09-05 10:41:32,111 [INFO]    ✅ Turnstile resuelto
2026-09-05 10:41:41,988 [INFO]    ⏳ Turnstile detectado — esperando resolución automática...
2026-09-05 10:41:42,026 [INFO]    ✅ Turnstile resuelto
2026-09-05 10:41:51,894 [INFO]    ⏳ Turnstile detectado — esperando resolución automática...
2026-09-05 10:41:51,915 [INFO]    ✅ Turnstile resuelto
2026-09-05 10:42:02,223 [INFO]    ⏳ Turnstile detectado — esperando resolución automática...
2026-09-05 10:42:02,245 [INFO]    ✅ Turnstile resuelto
2026-09-05 10:42:12,081 [INFO]    ⏳ Turnstile detectado — esperando resolución automática...
2026-09-05 10:42:12,105 [INFO]    ✅ Turnstile resuelto
2026-09-05 10:42:23,845 [INFO]    ⏳ Turnstile detectado — esperando resolución automática...
2026-09-05 10:42:23,870 [INFO]    ✅ Turnstile resuelto
2026-09-05 10:42:35,106 [INFO]    ⏳ Turnstile detectado — esperando resolución automática...
2026-09-05 10:42:35,131 [INFO]    ✅ Turnstile resuelto
2026-09-05 10:42:44,616 [INFO]    ⏳ Turnstile detectado — esperando resolución automática...
2026-09-05 10:42:44,638 [INFO]    ✅ Turnstile resuelto
2026-09-05 10:42:55,841 [INFO]    ⏳ Turnstile detectado — esperando resolución automática...
2026-09-05 10:42:55,867 [INFO]    ✅ Turnstile resuelto
2026-09-05 10:43:06,791 [INFO]    ⏳ Turnstile detectado — esperando resolución automática...
2026-09-05 10:43:06,816 [INFO]    ✅ Turnstile resuelto
2026-09-05 10:43:16,495 [INFO]    ⏳ Turnstile detectado — esperando resolución automática...
2026-09-05 10:43:16,517 [INFO]    ✅ Turnstile resuelto
2026-09-05 10:43:27,167 [INFO]    ⏳ Turnstile detectado — esperando resolución automática...
2026-09-05 10:43:27,189 [INFO]    ✅ Turnstile resuelto
2026-09-05 10:43:36,951 [INFO]    ⏳ Turnstile detectado — esperando resolución automática...
2026-09-05 10:43:36,974 [INFO]    ✅ Turnstile resuelto
2026-09-05 10:43:40,795 [INFO] Exportadas 100 ofertas → /media/carlos-a-cicconi/Common1/Repositorios-Ing.Carlos-Cicconi/Trabajo_Final_MCD/data/raw/ofertas_opcionempleo_20260905.csv
2026-09-05 10:43:40,795 [INFO] ✅ 'Machine Learning Engineer': 100 ofertas guardadas
2026-09-05 10:43:40,795 [INFO]    💤 Pausa: 13.3s
2026-09-05 10:43:54,084 [INFO] 
🔍 Buscando: 'NLP Engineer'
2026-09-05 10:43:54,085 [INFO]    Página 1/5 → https://www.opcionempleo.com.ar/trabajo-nlp.html
2026-09-05 10:44:02,047 [INFO]    ⏳ Turnstile detectado — esperando resolución automática...
2026-09-05 10:44:02,071 [INFO]    ✅ Turnstile resuelto
2026-09-05 10:44:06,001 [INFO]    → 17 ofertas encontradas
2026-09-05 10:44:14,123 [INFO]    ⏳ Turnstile detectado — esperando resolución automática...
2026-09-05 10:44:14,145 [INFO]    ✅ Turnstile resuelto
2026-09-05 10:44:23,905 [INFO]    ⏳ Turnstile detectado — esperando resolución automática...
2026-09-05 10:44:23,926 [INFO]    ✅ Turnstile resuelto
2026-09-05 10:44:34,839 [INFO]    ⏳ Turnstile detectado — esperando resolución automática...
2026-09-05 10:44:34,862 [INFO]    ✅ Turnstile resuelto
2026-09-05 10:44:44,829 [INFO]    ⏳ Turnstile detectado — esperando resolución automática...
2026-09-05 10:44:44,858 [INFO]    ✅ Turnstile resuelto
2026-09-05 10:44:55,574 [INFO]    ⏳ Turnstile detectado — esperando resolución automática...
2026-09-05 10:44:55,598 [INFO]    ✅ Turnstile resuelto
2026-09-05 10:45:05,150 [INFO]    ⏳ Turnstile detectado — esperando resolución automática...
2026-09-05 10:45:05,175 [INFO]    ✅ Turnstile resuelto
2026-09-05 10:45:15,265 [INFO]    ⏳ Turnstile detectado — esperando resolución automática...
2026-09-05 10:45:15,289 [INFO]    ✅ Turnstile resuelto
2026-09-05 10:45:25,586 [INFO]    ⏳ Turnstile detectado — esperando resolución automática...
2026-09-05 10:45:25,608 [INFO]    ✅ Turnstile resuelto
2026-09-05 10:45:35,259 [INFO]    ⏳ Turnstile detectado — esperando resolución automática...
2026-09-05 10:45:35,284 [INFO]    ✅ Turnstile resuelto
2026-09-05 10:45:46,557 [INFO]    ⏳ Turnstile detectado — esperando resolución automática...
2026-09-05 10:45:46,583 [INFO]    ✅ Turnstile resuelto
2026-09-05 10:45:56,459 [INFO]    ⏳ Turnstile detectado — esperando resolución automática...
2026-09-05 10:45:56,485 [INFO]    ✅ Turnstile resuelto
2026-09-05 10:46:08,515 [INFO]    ⏳ Turnstile detectado — esperando resolución automática...
2026-09-05 10:46:08,538 [INFO]    ✅ Turnstile resuelto
2026-09-05 10:46:18,507 [INFO]    ⏳ Turnstile detectado — esperando resolución automática...
2026-09-05 10:46:18,529 [INFO]    ✅ Turnstile resuelto
2026-09-05 10:46:28,735 [INFO]    ⏳ Turnstile detectado — esperando resolución automática...
2026-09-05 10:46:28,757 [INFO]    ✅ Turnstile resuelto
2026-09-05 10:46:39,386 [INFO]    ⏳ Turnstile detectado — esperando resolución automática...
2026-09-05 10:46:39,427 [INFO]    ✅ Turnstile resuelto
2026-09-05 10:46:50,432 [INFO]    ⏳ Turnstile detectado — esperando resolución automática...
2026-09-05 10:46:50,456 [INFO]    ✅ Turnstile resuelto
2026-09-05 10:47:01,731 [INFO]    ⏳ Turnstile detectado — esperando resolución automática...
2026-09-05 10:47:01,755 [INFO]    ✅ Turnstile resuelto
2026-09-05 10:47:05,172 [INFO]    Página 2/5 → https://www.opcionempleo.com.ar/trabajo-nlp.html?p=2
2026-09-05 10:47:13,545 [INFO]    ⏳ Turnstile detectado — esperando resolución automática...
2026-09-05 10:47:13,574 [INFO]    ✅ Turnstile resuelto
2026-09-05 10:47:17,913 [INFO]    → 11 ofertas encontradas
2026-09-05 10:47:26,220 [INFO]    ⏳ Turnstile detectado — esperando resolución automática...
2026-09-05 10:47:26,242 [INFO]    ✅ Turnstile resuelto
2026-09-05 10:47:36,739 [INFO]    ⏳ Turnstile detectado — esperando resolución automática...
2026-09-05 10:47:36,762 [INFO]    ✅ Turnstile resuelto
2026-09-05 10:47:47,295 [INFO]    ⏳ Turnstile detectado — esperando resolución automática...
2026-09-05 10:47:47,317 [INFO]    ✅ Turnstile resuelto
2026-09-05 10:47:58,962 [INFO]    ⏳ Turnstile detectado — esperando resolución automática...
2026-09-05 10:47:58,994 [INFO]    ✅ Turnstile resuelto
2026-09-05 10:48:10,271 [INFO]    ⏳ Turnstile detectado — esperando resolución automática...
2026-09-05 10:48:10,295 [INFO]    ✅ Turnstile resuelto
2026-09-05 10:48:20,051 [INFO]    ⏳ Turnstile detectado — esperando resolución automática...
2026-09-05 10:48:20,087 [INFO]    ✅ Turnstile resuelto
2026-09-05 10:48:31,295 [INFO]    ⏳ Turnstile detectado — esperando resolución automática...
2026-09-05 10:48:31,327 [INFO]    ✅ Turnstile resuelto
2026-09-05 10:48:43,475 [INFO]    ⏳ Turnstile detectado — esperando resolución automática...
2026-09-05 10:48:43,495 [INFO]    ✅ Turnstile resuelto
2026-09-05 10:48:55,480 [INFO]    ⏳ Turnstile detectado — esperando resolución automática...
2026-09-05 10:48:55,504 [INFO]    ✅ Turnstile resuelto
2026-09-05 10:49:07,105 [INFO]    ⏳ Turnstile detectado — esperando resolución automática...
2026-09-05 10:49:07,143 [INFO]    ✅ Turnstile resuelto
2026-09-05 10:49:17,479 [INFO]    ⏳ Turnstile detectado — esperando resolución automática...
2026-09-05 10:49:17,500 [INFO]    ✅ Turnstile resuelto
2026-09-05 10:49:21,526 [INFO]    Página 3/5 → https://www.opcionempleo.com.ar/trabajo-nlp.html?p=3
2026-09-05 10:49:31,094 [INFO]    ⏳ Turnstile detectado — esperando resolución automática...
2026-09-05 10:49:31,118 [INFO]    ✅ Turnstile resuelto
2026-09-05 10:49:35,253 [INFO]    → 16 ofertas encontradas
2026-09-05 10:49:42,295 [INFO]    ⏳ Turnstile detectado — esperando resolución automática...
2026-09-05 10:49:42,316 [INFO]    ✅ Turnstile resuelto
2026-09-05 10:49:52,923 [INFO]    ⏳ Turnstile detectado — esperando resolución automática...
2026-09-05 10:49:52,945 [INFO]    ✅ Turnstile resuelto
2026-09-05 10:50:03,118 [INFO]    ⏳ Turnstile detectado — esperando resolución automática...
2026-09-05 10:50:03,139 [INFO]    ✅ Turnstile resuelto
2026-09-05 10:50:14,115 [INFO]    ⏳ Turnstile detectado — esperando resolución automática...
2026-09-05 10:50:14,140 [INFO]    ✅ Turnstile resuelto
2026-09-05 10:50:26,122 [INFO]    ⏳ Turnstile detectado — esperando resolución automática...
2026-09-05 10:50:26,147 [INFO]    ✅ Turnstile resuelto
2026-09-05 10:50:37,896 [INFO]    ⏳ Turnstile detectado — esperando resolución automática...
2026-09-05 10:50:37,916 [INFO]    ✅ Turnstile resuelto
2026-09-05 10:50:48,632 [INFO]    ⏳ Turnstile detectado — esperando resolución automática...
2026-09-05 10:50:48,670 [INFO]    ✅ Turnstile resuelto
2026-09-05 10:50:59,272 [INFO]    ⏳ Turnstile detectado — esperando resolución automática...
2026-09-05 10:50:59,295 [INFO]    ✅ Turnstile resuelto
2026-09-05 10:51:09,857 [INFO]    ⏳ Turnstile detectado — esperando resolución automática...
2026-09-05 10:51:09,878 [INFO]    ✅ Turnstile resuelto
2026-09-05 10:51:20,401 [INFO]    ⏳ Turnstile detectado — esperando resolución automática...
2026-09-05 10:51:20,425 [INFO]    ✅ Turnstile resuelto
2026-09-05 10:51:30,678 [INFO]    ⏳ Turnstile detectado — esperando resolución automática...
2026-09-05 10:51:30,715 [INFO]    ✅ Turnstile resuelto
2026-09-05 10:51:42,103 [INFO]    ⏳ Turnstile detectado — esperando resolución automática...
2026-09-05 10:51:42,126 [INFO]    ✅ Turnstile resuelto
2026-09-05 10:51:53,506 [INFO]    ⏳ Turnstile detectado — esperando resolución automática...
2026-09-05 10:51:53,532 [INFO]    ✅ Turnstile resuelto
2026-09-05 10:52:05,211 [INFO]    ⏳ Turnstile detectado — esperando resolución automática...
2026-09-05 10:52:05,231 [INFO]    ✅ Turnstile resuelto
2026-09-05 10:52:17,346 [INFO]    ⏳ Turnstile detectado — esperando resolución automática...
2026-09-05 10:52:17,381 [INFO]    ✅ Turnstile resuelto
2026-09-05 10:52:27,938 [INFO]    ⏳ Turnstile detectado — esperando resolución automática...
2026-09-05 10:52:27,959 [INFO]    ✅ Turnstile resuelto
2026-09-05 10:52:31,776 [INFO]    Página 4/5 → https://www.opcionempleo.com.ar/trabajo-nlp.html?p=4
2026-09-05 10:52:40,476 [INFO]    ⏳ Turnstile detectado — esperando resolución automática...
2026-09-05 10:52:40,507 [INFO]    ✅ Turnstile resuelto
2026-09-05 10:52:44,164 [INFO]    → 12 ofertas encontradas
2026-09-05 10:52:51,844 [INFO]    ⏳ Turnstile detectado — esperando resolución automática...
2026-09-05 10:52:51,865 [INFO]    ✅ Turnstile resuelto
2026-09-05 10:53:04,318 [INFO]    ⏳ Turnstile detectado — esperando resolución automática...
2026-09-05 10:53:04,341 [INFO]    ✅ Turnstile resuelto
2026-09-05 10:53:14,952 [INFO]    ⏳ Turnstile detectado — esperando resolución automática...
2026-09-05 10:53:14,977 [INFO]    ✅ Turnstile resuelto
2026-09-05 10:53:25,002 [INFO]    ⏳ Turnstile detectado — esperando resolución automática...
2026-09-05 10:53:25,027 [INFO]    ✅ Turnstile resuelto
2026-09-05 10:53:36,746 [INFO]    ⏳ Turnstile detectado — esperando resolución automática...
2026-09-05 10:53:36,772 [INFO]    ✅ Turnstile resuelto
2026-09-05 10:53:46,897 [INFO]    ⏳ Turnstile detectado — esperando resolución automática...
2026-09-05 10:53:46,931 [INFO]    ✅ Turnstile resuelto
2026-09-05 10:53:58,158 [INFO]    ⏳ Turnstile detectado — esperando resolución automática...
2026-09-05 10:53:58,179 [INFO]    ✅ Turnstile resuelto
2026-09-05 10:54:07,684 [INFO]    ⏳ Turnstile detectado — esperando resolución automática...
2026-09-05 10:54:07,706 [INFO]    ✅ Turnstile resuelto
2026-09-05 10:54:18,021 [INFO]    ⏳ Turnstile detectado — esperando resolución automática...
2026-09-05 10:54:18,042 [INFO]    ✅ Turnstile resuelto
2026-09-05 10:54:28,455 [INFO]    ⏳ Turnstile detectado — esperando resolución automática...
2026-09-05 10:54:28,477 [INFO]    ✅ Turnstile resuelto
2026-09-05 10:54:40,121 [INFO]    ⏳ Turnstile detectado — esperando resolución automática...
2026-09-05 10:54:40,144 [INFO]    ✅ Turnstile resuelto
2026-09-05 10:54:52,082 [INFO]    ⏳ Turnstile detectado — esperando resolución automática...
2026-09-05 10:54:52,104 [INFO]    ✅ Turnstile resuelto
2026-09-05 10:54:55,949 [INFO]    Página 5/5 → https://www.opcionempleo.com.ar/trabajo-nlp.html?p=5
2026-09-05 10:55:04,023 [INFO]    ⏳ Turnstile detectado — esperando resolución automática...
2026-09-05 10:55:04,047 [INFO]    ✅ Turnstile resuelto
2026-09-05 10:55:08,303 [INFO]    → 0 ofertas encontradas
2026-09-05 10:55:08,303 [INFO]    → Sin más resultados.
2026-09-05 10:55:08,317 [INFO] Exportadas 56 ofertas → /media/carlos-a-cicconi/Common1/Repositorios-Ing.Carlos-Cicconi/Trabajo_Final_MCD/data/raw/ofertas_opcionempleo_20260905.csv
2026-09-05 10:55:08,317 [INFO] ✅ 'NLP Engineer': 56 ofertas guardadas
2026-09-05 10:55:08,317 [INFO]    💤 Pausa: 12.3s
2026-09-05 10:55:20,669 [INFO] 
🔍 Buscando: 'Data Engineer'
2026-09-05 10:55:20,669 [INFO]    Página 1/5 → https://www.opcionempleo.com.ar/trabajo-data-engineer.html
2026-09-05 10:55:29,453 [INFO]    ⏳ Turnstile detectado — esperando resolución automática...
2026-09-05 10:55:29,477 [INFO]    ✅ Turnstile resuelto
2026-09-05 10:55:33,167 [INFO]    → 17 ofertas encontradas
2026-09-05 10:55:39,947 [INFO]    ⏳ Turnstile detectado — esperando resolución automática...
2026-09-05 10:55:39,969 [INFO]    ✅ Turnstile resuelto
2026-09-05 10:55:50,299 [INFO]    ⏳ Turnstile detectado — esperando resolución automática...
2026-09-05 10:55:50,324 [INFO]    ✅ Turnstile resuelto
2026-09-05 10:56:01,454 [INFO]    ⏳ Turnstile detectado — esperando resolución automática...
2026-09-05 10:56:01,475 [INFO]    ✅ Turnstile resuelto
2026-09-05 10:56:10,781 [INFO]    ⏳ Turnstile detectado — esperando resolución automática...
2026-09-05 10:56:10,806 [INFO]    ✅ Turnstile resuelto
2026-09-05 10:56:20,988 [INFO]    ⏳ Turnstile detectado — esperando resolución automática...
2026-09-05 10:56:21,009 [INFO]    ✅ Turnstile resuelto
2026-09-05 10:56:30,274 [INFO]    ⏳ Turnstile detectado — esperando resolución automática...
2026-09-05 10:56:30,296 [INFO]    ✅ Turnstile resuelto
2026-09-05 10:56:41,957 [INFO]    ⏳ Turnstile detectado — esperando resolución automática...
2026-09-05 10:56:41,990 [INFO]    ✅ Turnstile resuelto
2026-09-05 10:56:53,048 [INFO]    ⏳ Turnstile detectado — esperando resolución automática...
2026-09-05 10:56:53,074 [INFO]    ✅ Turnstile resuelto
2026-09-05 10:57:02,873 [INFO]    ⏳ Turnstile detectado — esperando resolución automática...
2026-09-05 10:57:02,896 [INFO]    ✅ Turnstile resuelto
2026-09-05 10:57:21,803 [INFO]    ⏳ Turnstile detectado — esperando resolución automática...
2026-09-05 10:57:21,824 [INFO]    ✅ Turnstile resuelto
2026-09-05 10:57:33,621 [INFO]    ⏳ Turnstile detectado — esperando resolución automática...
2026-09-05 10:57:33,656 [INFO]    ✅ Turnstile resuelto
2026-09-05 10:57:45,304 [INFO]    ⏳ Turnstile detectado — esperando resolución automática...
2026-09-05 10:57:45,327 [INFO]    ✅ Turnstile resuelto
2026-09-05 10:57:56,764 [INFO]    ⏳ Turnstile detectado — esperando resolución automática...
2026-09-05 10:57:56,789 [INFO]    ✅ Turnstile resuelto
2026-09-05 10:58:07,596 [INFO]    ⏳ Turnstile detectado — esperando resolución automática...
2026-09-05 10:58:07,617 [INFO]    ✅ Turnstile resuelto
2026-09-05 10:58:19,173 [INFO]    ⏳ Turnstile detectado — esperando resolución automática...
2026-09-05 10:58:19,209 [INFO]    ✅ Turnstile resuelto
2026-09-05 10:58:30,242 [INFO]    ⏳ Turnstile detectado — esperando resolución automática...
2026-09-05 10:58:30,264 [INFO]    ✅ Turnstile resuelto
2026-09-05 10:58:41,729 [INFO]    ⏳ Turnstile detectado — esperando resolución automática...
2026-09-05 10:58:41,751 [INFO]    ✅ Turnstile resuelto
2026-09-05 10:58:45,679 [INFO]    Página 2/5 → https://www.opcionempleo.com.ar/trabajo-data-engineer.html?p=2
2026-09-05 10:58:54,438 [INFO]    ⏳ Turnstile detectado — esperando resolución automática...
2026-09-05 10:58:54,463 [INFO]    ✅ Turnstile resuelto
2026-09-05 10:58:58,367 [INFO]    → 20 ofertas encontradas
2026-09-05 10:59:04,451 [INFO]    ⏳ Turnstile detectado — esperando resolución automática...
2026-09-05 10:59:04,473 [INFO]    ✅ Turnstile resuelto
2026-09-05 10:59:15,383 [INFO]    ⏳ Turnstile detectado — esperando resolución automática...
2026-09-05 10:59:15,405 [INFO]    ✅ Turnstile resuelto
2026-09-05 10:59:25,380 [INFO]    ⏳ Turnstile detectado — esperando resolución automática...
2026-09-05 10:59:25,402 [INFO]    ✅ Turnstile resuelto
2026-09-05 10:59:36,024 [INFO]    ⏳ Turnstile detectado — esperando resolución automática...
2026-09-05 10:59:36,046 [INFO]    ✅ Turnstile resuelto
2026-09-05 10:59:46,723 [INFO]    ⏳ Turnstile detectado — esperando resolución automática...
2026-09-05 10:59:46,752 [INFO]    ✅ Turnstile resuelto
2026-09-05 10:59:58,227 [INFO]    ⏳ Turnstile detectado — esperando resolución automática...
2026-09-05 10:59:58,249 [INFO]    ✅ Turnstile resuelto
2026-09-05 11:00:09,309 [INFO]    ⏳ Turnstile detectado — esperando resolución automática...
2026-09-05 11:00:09,333 [INFO]    ✅ Turnstile resuelto
2026-09-05 11:00:20,136 [INFO]    ⏳ Turnstile detectado — esperando resolución automática...
2026-09-05 11:00:20,161 [INFO]    ✅ Turnstile resuelto
2026-09-05 11:00:30,249 [INFO]    ⏳ Turnstile detectado — esperando resolución automática...
2026-09-05 11:00:30,275 [INFO]    ✅ Turnstile resuelto
2026-09-05 11:00:41,780 [INFO]    ⏳ Turnstile detectado — esperando resolución automática...
2026-09-05 11:00:41,815 [INFO]    ✅ Turnstile resuelto
2026-09-05 11:00:53,539 [INFO]    ⏳ Turnstile detectado — esperando resolución automática...
2026-09-05 11:00:53,560 [INFO]    ✅ Turnstile resuelto
2026-09-05 11:01:04,505 [INFO]    ⏳ Turnstile detectado — esperando resolución automática...
2026-09-05 11:01:04,531 [INFO]    ✅ Turnstile resuelto
2026-09-05 11:01:14,486 [INFO]    ⏳ Turnstile detectado — esperando resolución automática...
2026-09-05 11:01:14,511 [INFO]    ✅ Turnstile resuelto
2026-09-05 11:01:24,437 [INFO]    ⏳ Turnstile detectado — esperando resolución automática...
2026-09-05 11:01:24,483 [INFO]    ✅ Turnstile resuelto
2026-09-05 11:01:34,259 [INFO]    ⏳ Turnstile detectado — esperando resolución automática...
2026-09-05 11:01:34,281 [INFO]    ✅ Turnstile resuelto
2026-09-05 11:01:43,757 [INFO]    ⏳ Turnstile detectado — esperando resolución automática...
2026-09-05 11:01:43,778 [INFO]    ✅ Turnstile resuelto
2026-09-05 11:01:54,699 [INFO]    ⏳ Turnstile detectado — esperando resolución automática...
2026-09-05 11:01:54,720 [INFO]    ✅ Turnstile resuelto
2026-09-05 11:02:06,966 [INFO]    ⏳ Turnstile detectado — esperando resolución automática...
2026-09-05 11:02:06,989 [INFO]    ✅ Turnstile resuelto
2026-09-05 11:02:17,447 [INFO]    ⏳ Turnstile detectado — esperando resolución automática...
2026-09-05 11:02:17,487 [INFO]    ✅ Turnstile resuelto
2026-09-05 11:02:27,861 [INFO]    ⏳ Turnstile detectado — esperando resolución automática...
2026-09-05 11:02:27,883 [INFO]    ✅ Turnstile resuelto
2026-09-05 11:02:31,709 [INFO]    Página 3/5 → https://www.opcionempleo.com.ar/trabajo-data-engineer.html?p=3
2026-09-05 11:02:40,755 [INFO]    ⏳ Turnstile detectado — esperando resolución automática...
2026-09-05 11:02:40,779 [INFO]    ✅ Turnstile resuelto
2026-09-05 11:02:45,151 [INFO]    → 20 ofertas encontradas
2026-09-05 11:02:52,492 [INFO]    ⏳ Turnstile detectado — esperando resolución automática...
2026-09-05 11:02:52,516 [INFO]    ✅ Turnstile resuelto
2026-09-05 11:03:03,411 [INFO]    ⏳ Turnstile detectado — esperando resolución automática...
2026-09-05 11:03:03,436 [INFO]    ✅ Turnstile resuelto
2026-09-05 11:03:13,993 [INFO]    ⏳ Turnstile detectado — esperando resolución automática...
2026-09-05 11:03:14,027 [INFO]    ✅ Turnstile resuelto
2026-09-05 11:03:24,835 [INFO]    ⏳ Turnstile detectado — esperando resolución automática...
2026-09-05 11:03:24,862 [INFO]    ✅ Turnstile resuelto
2026-09-05 11:03:34,939 [INFO]    ⏳ Turnstile detectado — esperando resolución automática...
2026-09-05 11:03:34,961 [INFO]    ✅ Turnstile resuelto
2026-09-05 11:03:45,824 [INFO]    ⏳ Turnstile detectado — esperando resolución automática...
2026-09-05 11:03:45,848 [INFO]    ✅ Turnstile resuelto
2026-09-05 11:03:56,750 [INFO]    ⏳ Turnstile detectado — esperando resolución automática...
2026-09-05 11:03:56,771 [INFO]    ✅ Turnstile resuelto
2026-09-05 11:04:08,417 [INFO]    ⏳ Turnstile detectado — esperando resolución automática...
2026-09-05 11:04:08,453 [INFO]    ✅ Turnstile resuelto
2026-09-05 11:04:20,714 [INFO]    ⏳ Turnstile detectado — esperando resolución automática...
2026-09-05 11:04:20,736 [INFO]    ✅ Turnstile resuelto
2026-09-05 11:04:30,537 [INFO]    ⏳ Turnstile detectado — esperando resolución automática...
2026-09-05 11:04:30,560 [INFO]    ✅ Turnstile resuelto
2026-09-05 11:04:42,673 [INFO]    ⏳ Turnstile detectado — esperando resolución automática...
2026-09-05 11:04:42,695 [INFO]    ✅ Turnstile resuelto
2026-09-05 11:04:53,985 [INFO]    ⏳ Turnstile detectado — esperando resolución automática...
2026-09-05 11:04:54,010 [INFO]    ✅ Turnstile resuelto
2026-09-05 11:05:03,599 [INFO]    ⏳ Turnstile detectado — esperando resolución automática...
2026-09-05 11:05:03,640 [INFO]    ✅ Turnstile resuelto
2026-09-05 11:05:13,013 [INFO]    ⏳ Turnstile detectado — esperando resolución automática...
2026-09-05 11:05:13,035 [INFO]    ✅ Turnstile resuelto
2026-09-05 11:05:23,837 [INFO]    ⏳ Turnstile detectado — esperando resolución automática...
2026-09-05 11:05:23,859 [INFO]    ✅ Turnstile resuelto
2026-09-05 11:05:33,128 [INFO]    ⏳ Turnstile detectado — esperando resolución automática...
2026-09-05 11:05:33,151 [INFO]    ✅ Turnstile resuelto
2026-09-05 11:05:43,786 [INFO]    ⏳ Turnstile detectado — esperando resolución automática...
2026-09-05 11:05:43,808 [INFO]    ✅ Turnstile resuelto
2026-09-05 11:05:54,485 [INFO]    ⏳ Turnstile detectado — esperando resolución automática...
2026-09-05 11:05:54,508 [INFO]    ✅ Turnstile resuelto
2026-09-05 11:06:04,784 [INFO]    ⏳ Turnstile detectado — esperando resolución automática...
2026-09-05 11:06:04,807 [INFO]    ✅ Turnstile resuelto
2026-09-05 11:06:14,425 [INFO]    ⏳ Turnstile detectado — esperando resolución automática...
2026-09-05 11:06:14,446 [INFO]    ✅ Turnstile resuelto
2026-09-05 11:06:17,915 [INFO]    Página 4/5 → https://www.opcionempleo.com.ar/trabajo-data-engineer.html?p=4
2026-09-05 11:06:27,819 [INFO]    ⏳ Turnstile detectado — esperando resolución automática...
2026-09-05 11:06:27,843 [INFO]    ✅ Turnstile resuelto
2026-09-05 11:06:32,394 [INFO]    → 20 ofertas encontradas
2026-09-05 11:06:40,399 [INFO]    ⏳ Turnstile detectado — esperando resolución automática...
2026-09-05 11:06:40,421 [INFO]    ✅ Turnstile resuelto
2026-09-05 11:06:51,498 [INFO]    ⏳ Turnstile detectado — esperando resolución automática...
2026-09-05 11:06:51,520 [INFO]    ✅ Turnstile resuelto
2026-09-05 11:07:01,772 [INFO]    ⏳ Turnstile detectado — esperando resolución automática...
2026-09-05 11:07:01,796 [INFO]    ✅ Turnstile resuelto
2026-09-05 11:07:13,864 [INFO]    ⏳ Turnstile detectado — esperando resolución automática...
2026-09-05 11:07:13,886 [INFO]    ✅ Turnstile resuelto
2026-09-05 11:07:22,982 [INFO]    ⏳ Turnstile detectado — esperando resolución automática...
2026-09-05 11:07:23,006 [INFO]    ✅ Turnstile resuelto
2026-09-05 11:07:34,598 [INFO]    ⏳ Turnstile detectado — esperando resolución automática...
2026-09-05 11:07:34,635 [INFO]    ✅ Turnstile resuelto
2026-09-05 11:07:44,250 [INFO]    ⏳ Turnstile detectado — esperando resolución automática...
2026-09-05 11:07:44,272 [INFO]    ✅ Turnstile resuelto
2026-09-05 11:07:55,490 [INFO]    ⏳ Turnstile detectado — esperando resolución automática...
2026-09-05 11:07:55,511 [INFO]    ✅ Turnstile resuelto
2026-09-05 11:08:05,115 [INFO]    ⏳ Turnstile detectado — esperando resolución automática...
2026-09-05 11:08:05,136 [INFO]    ✅ Turnstile resuelto
2026-09-05 11:08:15,409 [INFO]    ⏳ Turnstile detectado — esperando resolución automática...
2026-09-05 11:08:15,450 [INFO]    ✅ Turnstile resuelto
2026-09-05 11:08:26,937 [INFO]    ⏳ Turnstile detectado — esperando resolución automática...
2026-09-05 11:08:26,965 [INFO]    ✅ Turnstile resuelto
2026-09-05 11:08:37,368 [INFO]    ⏳ Turnstile detectado — esperando resolución automática...
2026-09-05 11:08:37,395 [INFO]    ✅ Turnstile resuelto
2026-09-05 11:08:49,521 [INFO]    ⏳ Turnstile detectado — esperando resolución automática...
2026-09-05 11:08:49,546 [INFO]    ✅ Turnstile resuelto
2026-09-05 11:09:00,063 [INFO]    ⏳ Turnstile detectado — esperando resolución automática...
2026-09-05 11:09:00,104 [INFO]    ✅ Turnstile resuelto
2026-09-05 11:09:11,857 [INFO]    ⏳ Turnstile detectado — esperando resolución automática...
2026-09-05 11:09:11,879 [INFO]    ✅ Turnstile resuelto
2026-09-05 11:09:24,066 [INFO]    ⏳ Turnstile detectado — esperando resolución automática...
2026-09-05 11:09:24,089 [INFO]    ✅ Turnstile resuelto
2026-09-05 11:09:35,498 [INFO]    ⏳ Turnstile detectado — esperando resolución automática...
2026-09-05 11:09:35,520 [INFO]    ✅ Turnstile resuelto
2026-09-05 11:09:47,126 [INFO]    ⏳ Turnstile detectado — esperando resolución automática...
2026-09-05 11:09:47,151 [INFO]    ✅ Turnstile resuelto
2026-09-05 11:09:58,801 [INFO]    ⏳ Turnstile detectado — esperando resolución automática...
2026-09-05 11:09:58,827 [INFO]    ✅ Turnstile resuelto
2026-09-05 11:10:10,752 [INFO]    ⏳ Turnstile detectado — esperando resolución automática...
2026-09-05 11:10:10,781 [INFO]    ✅ Turnstile resuelto
2026-09-05 11:10:14,580 [INFO]    Página 5/5 → https://www.opcionempleo.com.ar/trabajo-data-engineer.html?p=5
2026-09-05 11:10:22,933 [INFO]    ⏳ Turnstile detectado — esperando resolución automática...
2026-09-05 11:10:22,962 [INFO]    ✅ Turnstile resuelto
2026-09-05 11:10:27,107 [INFO]    → 15 ofertas encontradas
2026-09-05 11:10:33,307 [INFO]    ⏳ Turnstile detectado — esperando resolución automática...
2026-09-05 11:10:33,329 [INFO]    ✅ Turnstile resuelto
2026-09-05 11:10:43,213 [INFO]    ⏳ Turnstile detectado — esperando resolución automática...
2026-09-05 11:10:43,238 [INFO]    ✅ Turnstile resuelto
2026-09-05 11:10:55,009 [INFO]    ⏳ Turnstile detectado — esperando resolución automática...
2026-09-05 11:10:55,031 [INFO]    ✅ Turnstile resuelto
2026-09-05 11:11:04,502 [INFO]    ⏳ Turnstile detectado — esperando resolución automática...
2026-09-05 11:11:04,523 [INFO]    ✅ Turnstile resuelto
2026-09-05 11:11:14,238 [INFO]    ⏳ Turnstile detectado — esperando resolución automática...
2026-09-05 11:11:14,263 [INFO]    ✅ Turnstile resuelto
2026-09-05 11:11:24,916 [INFO]    ⏳ Turnstile detectado — esperando resolución automática...
2026-09-05 11:11:24,952 [INFO]    ✅ Turnstile resuelto
2026-09-05 11:11:34,515 [INFO]    ⏳ Turnstile detectado — esperando resolución automática...
2026-09-05 11:11:34,540 [INFO]    ✅ Turnstile resuelto
2026-09-05 11:11:44,636 [INFO]    ⏳ Turnstile detectado — esperando resolución automática...
2026-09-05 11:11:44,659 [INFO]    ✅ Turnstile resuelto
2026-09-05 11:11:54,444 [INFO]    ⏳ Turnstile detectado — esperando resolución automática...
2026-09-05 11:11:54,469 [INFO]    ✅ Turnstile resuelto
2026-09-05 11:12:05,786 [INFO]    ⏳ Turnstile detectado — esperando resolución automática...
2026-09-05 11:12:05,809 [INFO]    ✅ Turnstile resuelto
2026-09-05 11:12:17,205 [INFO]    ⏳ Turnstile detectado — esperando resolución automática...
2026-09-05 11:12:17,239 [INFO]    ✅ Turnstile resuelto
2026-09-05 11:12:28,461 [INFO]    ⏳ Turnstile detectado — esperando resolución automática...
2026-09-05 11:12:28,483 [INFO]    ✅ Turnstile resuelto
2026-09-05 11:12:38,940 [INFO]    ⏳ Turnstile detectado — esperando resolución automática...
2026-09-05 11:12:38,965 [INFO]    ✅ Turnstile resuelto
2026-09-05 11:12:49,338 [INFO]    ⏳ Turnstile detectado — esperando resolución automática...
2026-09-05 11:12:49,361 [INFO]    ✅ Turnstile resuelto
2026-09-05 11:12:58,747 [INFO]    ⏳ Turnstile detectado — esperando resolución automática...
2026-09-05 11:12:58,769 [INFO]    ✅ Turnstile resuelto
2026-09-05 11:13:02,581 [INFO] Exportadas 92 ofertas → /media/carlos-a-cicconi/Common1/Repositorios-Ing.Carlos-Cicconi/Trabajo_Final_MCD/data/raw/ofertas_opcionempleo_20260905.csv
2026-09-05 11:13:02,582 [INFO] ✅ 'Data Engineer': 92 ofertas guardadas
2026-09-05 11:13:02,582 [INFO]    💤 Pausa: 9.1s
2026-09-05 11:13:11,735 [INFO] 
🔍 Buscando: 'Software Engineer'
2026-09-05 11:13:11,736 [INFO]    Página 1/5 → https://www.opcionempleo.com.ar/trabajo-software-engineer.html
2026-09-05 11:13:19,759 [INFO]    ⏳ Turnstile detectado — esperando resolución automática...
2026-09-05 11:13:19,783 [INFO]    ✅ Turnstile resuelto
2026-09-05 11:13:23,780 [INFO]    → 19 ofertas encontradas
2026-09-05 11:13:30,350 [INFO]    ⏳ Turnstile detectado — esperando resolución automática...
2026-09-05 11:13:30,372 [INFO]    ✅ Turnstile resuelto
2026-09-05 11:13:41,572 [INFO]    ⏳ Turnstile detectado — esperando resolución automática...
2026-09-05 11:13:41,598 [INFO]    ✅ Turnstile resuelto
2026-09-05 11:13:51,715 [INFO]    ⏳ Turnstile detectado — esperando resolución automática...
2026-09-05 11:13:51,751 [INFO]    ✅ Turnstile resuelto
2026-09-05 11:14:03,724 [INFO]    ⏳ Turnstile detectado — esperando resolución automática...
2026-09-05 11:14:03,748 [INFO]    ✅ Turnstile resuelto
2026-09-05 11:14:15,638 [INFO]    ⏳ Turnstile detectado — esperando resolución automática...
2026-09-05 11:14:15,659 [INFO]    ✅ Turnstile resuelto
2026-09-05 11:14:26,662 [INFO]    ⏳ Turnstile detectado — esperando resolución automática...
2026-09-05 11:14:26,684 [INFO]    ✅ Turnstile resuelto
2026-09-05 11:14:37,975 [INFO]    ⏳ Turnstile detectado — esperando resolución automática...
2026-09-05 11:14:38,004 [INFO]    ✅ Turnstile resuelto
2026-09-05 11:14:48,031 [INFO]    ⏳ Turnstile detectado — esperando resolución automática...
2026-09-05 11:14:48,053 [INFO]    ✅ Turnstile resuelto
2026-09-05 11:14:59,389 [INFO]    ⏳ Turnstile detectado — esperando resolución automática...
2026-09-05 11:14:59,411 [INFO]    ✅ Turnstile resuelto
2026-09-05 11:15:09,746 [INFO]    ⏳ Turnstile detectado — esperando resolución automática...
2026-09-05 11:15:09,767 [INFO]    ✅ Turnstile resuelto
2026-09-05 11:15:20,803 [INFO]    ⏳ Turnstile detectado — esperando resolución automática...
2026-09-05 11:15:20,825 [INFO]    ✅ Turnstile resuelto
2026-09-05 11:15:32,596 [INFO]    ⏳ Turnstile detectado — esperando resolución automática...
2026-09-05 11:15:32,621 [INFO]    ✅ Turnstile resuelto
2026-09-05 11:15:42,693 [INFO]    ⏳ Turnstile detectado — esperando resolución automática...
2026-09-05 11:15:42,731 [INFO]    ✅ Turnstile resuelto
2026-09-05 11:15:53,651 [INFO]    ⏳ Turnstile detectado — esperando resolución automática...
2026-09-05 11:15:53,675 [INFO]    ✅ Turnstile resuelto
2026-09-05 11:16:05,259 [INFO]    ⏳ Turnstile detectado — esperando resolución automática...
2026-09-05 11:16:05,281 [INFO]    ✅ Turnstile resuelto
2026-09-05 11:16:15,727 [INFO]    ⏳ Turnstile detectado — esperando resolución automática...
2026-09-05 11:16:15,749 [INFO]    ✅ Turnstile resuelto
2026-09-05 11:16:25,792 [INFO]    ⏳ Turnstile detectado — esperando resolución automática...
2026-09-05 11:16:25,815 [INFO]    ✅ Turnstile resuelto
2026-09-05 11:16:36,579 [INFO]    ⏳ Turnstile detectado — esperando resolución automática...
2026-09-05 11:16:36,613 [INFO]    ✅ Turnstile resuelto
2026-09-05 11:16:46,413 [INFO]    ⏳ Turnstile detectado — esperando resolución automática...
2026-09-05 11:16:46,438 [INFO]    ✅ Turnstile resuelto
2026-09-05 11:16:50,161 [INFO]    Página 2/5 → https://www.opcionempleo.com.ar/trabajo-software-engineer.html?p=2
2026-09-05 11:16:59,083 [INFO]    ⏳ Turnstile detectado — esperando resolución automática...
2026-09-05 11:16:59,108 [INFO]    ✅ Turnstile resuelto
2026-09-05 11:17:02,966 [INFO]    → 20 ofertas encontradas
2026-09-05 11:17:10,487 [INFO]    ⏳ Turnstile detectado — esperando resolución automática...
2026-09-05 11:17:10,508 [INFO]    ✅ Turnstile resuelto
2026-09-05 11:17:22,354 [INFO]    ⏳ Turnstile detectado — esperando resolución automática...
2026-09-05 11:17:22,378 [INFO]    ✅ Turnstile resuelto
2026-09-05 11:17:32,312 [INFO]    ⏳ Turnstile detectado — esperando resolución automática...
2026-09-05 11:17:32,335 [INFO]    ✅ Turnstile resuelto
2026-09-05 11:17:41,984 [INFO]    ⏳ Turnstile detectado — esperando resolución automática...
2026-09-05 11:17:42,009 [INFO]    ✅ Turnstile resuelto
2026-09-05 11:17:51,362 [INFO]    ⏳ Turnstile detectado — esperando resolución automática...
2026-09-05 11:17:51,383 [INFO]    ✅ Turnstile resuelto
2026-09-05 11:18:02,959 [INFO]    ⏳ Turnstile detectado — esperando resolución automática...
2026-09-05 11:18:02,980 [INFO]    ✅ Turnstile resuelto
2026-09-05 11:18:14,075 [INFO]    ⏳ Turnstile detectado — esperando resolución automática...
2026-09-05 11:18:14,110 [INFO]    ✅ Turnstile resuelto
2026-09-05 11:18:24,374 [INFO]    ⏳ Turnstile detectado — esperando resolución automática...
2026-09-05 11:18:24,399 [INFO]    ✅ Turnstile resuelto
2026-09-05 11:18:36,091 [INFO]    ⏳ Turnstile detectado — esperando resolución automática...
2026-09-05 11:18:36,115 [INFO]    ✅ Turnstile resuelto
2026-09-05 11:18:46,224 [INFO]    ⏳ Turnstile detectado — esperando resolución automática...
2026-09-05 11:18:46,245 [INFO]    ✅ Turnstile resuelto
2026-09-05 11:18:56,095 [INFO]    ⏳ Turnstile detectado — esperando resolución automática...
2026-09-05 11:18:56,136 [INFO]    ✅ Turnstile resuelto
2026-09-05 11:19:05,376 [INFO]    ⏳ Turnstile detectado — esperando resolución automática...
2026-09-05 11:19:05,404 [INFO]    ✅ Turnstile resuelto
2026-09-05 11:19:16,946 [INFO]    ⏳ Turnstile detectado — esperando resolución automática...
2026-09-05 11:19:16,968 [INFO]    ✅ Turnstile resuelto
2026-09-05 11:19:28,808 [INFO]    ⏳ Turnstile detectado — esperando resolución automática...
2026-09-05 11:19:28,830 [INFO]    ✅ Turnstile resuelto
2026-09-05 11:19:39,514 [INFO]    ⏳ Turnstile detectado — esperando resolución automática...
2026-09-05 11:19:39,536 [INFO]    ✅ Turnstile resuelto
2026-09-05 11:19:50,147 [INFO]    ⏳ Turnstile detectado — esperando resolución automática...
2026-09-05 11:19:50,185 [INFO]    ✅ Turnstile resuelto
2026-09-05 11:20:00,319 [INFO]    ⏳ Turnstile detectado — esperando resolución automática...
2026-09-05 11:20:00,341 [INFO]    ✅ Turnstile resuelto
2026-09-05 11:20:10,834 [INFO]    ⏳ Turnstile detectado — esperando resolución automática...
2026-09-05 11:20:10,859 [INFO]    ✅ Turnstile resuelto
2026-09-05 11:20:20,863 [INFO]    ⏳ Turnstile detectado — esperando resolución automática...
2026-09-05 11:20:20,884 [INFO]    ✅ Turnstile resuelto
2026-09-05 11:20:30,826 [INFO]    ⏳ Turnstile detectado — esperando resolución automática...
2026-09-05 11:20:30,851 [INFO]    ✅ Turnstile resuelto
2026-09-05 11:20:34,298 [INFO]    Página 3/5 → https://www.opcionempleo.com.ar/trabajo-software-engineer.html?p=3
2026-09-05 11:20:42,835 [INFO]    ⏳ Turnstile detectado — esperando resolución automática...
2026-09-05 11:20:42,863 [INFO]    ✅ Turnstile resuelto
2026-09-05 11:20:47,053 [INFO]    → 20 ofertas encontradas
2026-09-05 11:20:52,948 [INFO]    ⏳ Turnstile detectado — esperando resolución automática...
2026-09-05 11:20:52,970 [INFO]    ✅ Turnstile resuelto
2026-09-05 11:21:04,330 [INFO]    ⏳ Turnstile detectado — esperando resolución automática...
2026-09-05 11:21:04,352 [INFO]    ✅ Turnstile resuelto
2026-09-05 11:21:13,938 [INFO]    ⏳ Turnstile detectado — esperando resolución automática...
2026-09-05 11:21:13,980 [INFO]    ✅ Turnstile resuelto
2026-09-05 11:21:23,974 [INFO]    ⏳ Turnstile detectado — esperando resolución automática...
2026-09-05 11:21:23,995 [INFO]    ✅ Turnstile resuelto
2026-09-05 11:21:35,028 [INFO]    ⏳ Turnstile detectado — esperando resolución automática...
2026-09-05 11:21:35,053 [INFO]    ✅ Turnstile resuelto
2026-09-05 11:21:46,301 [INFO]    ⏳ Turnstile detectado — esperando resolución automática...
2026-09-05 11:21:46,325 [INFO]    ✅ Turnstile resuelto
2026-09-05 11:21:57,009 [INFO]    ⏳ Turnstile detectado — esperando resolución automática...
2026-09-05 11:21:57,031 [INFO]    ✅ Turnstile resuelto
2026-09-05 11:22:06,889 [INFO]    ⏳ Turnstile detectado — esperando resolución automática...
2026-09-05 11:22:06,926 [INFO]    ✅ Turnstile resuelto
2026-09-05 11:22:17,057 [INFO]    ⏳ Turnstile detectado — esperando resolución automática...
2026-09-05 11:22:17,078 [INFO]    ✅ Turnstile resuelto
2026-09-05 11:22:26,849 [INFO]    ⏳ Turnstile detectado — esperando resolución automática...
2026-09-05 11:22:26,870 [INFO]    ✅ Turnstile resuelto
2026-09-05 11:22:37,183 [INFO]    ⏳ Turnstile detectado — esperando resolución automática...
2026-09-05 11:22:37,205 [INFO]    ✅ Turnstile resuelto
2026-09-05 11:22:47,136 [INFO]    ⏳ Turnstile detectado — esperando resolución automática...
2026-09-05 11:22:47,161 [INFO]    ✅ Turnstile resuelto
2026-09-05 11:22:58,058 [INFO]    ⏳ Turnstile detectado — esperando resolución automática...
2026-09-05 11:22:58,094 [INFO]    ✅ Turnstile resuelto
2026-09-05 11:23:09,594 [INFO]    ⏳ Turnstile detectado — esperando resolución automática...
2026-09-05 11:23:09,615 [INFO]    ✅ Turnstile resuelto
2026-09-05 11:23:21,557 [INFO]    ⏳ Turnstile detectado — esperando resolución automática...
2026-09-05 11:23:21,579 [INFO]    ✅ Turnstile resuelto
2026-09-05 11:23:32,167 [INFO]    ⏳ Turnstile detectado — esperando resolución automática...
2026-09-05 11:23:32,196 [INFO]    ✅ Turnstile resuelto
2026-09-05 11:23:43,507 [INFO]    ⏳ Turnstile detectado — esperando resolución automática...
2026-09-05 11:23:43,543 [INFO]    ✅ Turnstile resuelto
2026-09-05 11:23:52,705 [INFO]    ⏳ Turnstile detectado — esperando resolución automática...
2026-09-05 11:23:52,730 [INFO]    ✅ Turnstile resuelto
2026-09-05 11:24:03,788 [INFO]    ⏳ Turnstile detectado — esperando resolución automática...
2026-09-05 11:24:03,810 [INFO]    ✅ Turnstile resuelto
2026-09-05 11:24:13,515 [INFO]    ⏳ Turnstile detectado — esperando resolución automática...
2026-09-05 11:24:13,537 [INFO]    ✅ Turnstile resuelto
2026-09-05 11:24:16,699 [INFO]    Página 4/5 → https://www.opcionempleo.com.ar/trabajo-software-engineer.html?p=4
2026-09-05 11:24:26,799 [INFO]    ⏳ Turnstile detectado — esperando resolución automática...
2026-09-05 11:24:26,822 [INFO]    ✅ Turnstile resuelto
2026-09-05 11:24:31,027 [INFO]    → 20 ofertas encontradas
2026-09-05 11:24:37,981 [INFO]    ⏳ Turnstile detectado — esperando resolución automática...
2026-09-05 11:24:38,003 [INFO]    ✅ Turnstile resuelto
2026-09-05 11:24:49,437 [INFO]    ⏳ Turnstile detectado — esperando resolución automática...
2026-09-05 11:24:49,458 [INFO]    ✅ Turnstile resuelto
2026-09-05 11:25:00,579 [INFO]    ⏳ Turnstile detectado — esperando resolución automática...
2026-09-05 11:25:00,600 [INFO]    ✅ Turnstile resuelto
2026-09-05 11:25:11,630 [INFO]    ⏳ Turnstile detectado — esperando resolución automática...
2026-09-05 11:25:11,675 [INFO]    ✅ Turnstile resuelto
2026-09-05 11:25:22,022 [INFO]    ⏳ Turnstile detectado — esperando resolución automática...
2026-09-05 11:25:22,042 [INFO]    ✅ Turnstile resuelto
2026-09-05 11:25:32,338 [INFO]    ⏳ Turnstile detectado — esperando resolución automática...
2026-09-05 11:25:32,360 [INFO]    ✅ Turnstile resuelto
2026-09-05 11:25:42,834 [INFO]    ⏳ Turnstile detectado — esperando resolución automática...
2026-09-05 11:25:42,856 [INFO]    ✅ Turnstile resuelto
2026-09-05 11:25:53,036 [INFO]    ⏳ Turnstile detectado — esperando resolución automática...
2026-09-05 11:25:53,057 [INFO]    ✅ Turnstile resuelto
2026-09-05 11:26:04,445 [INFO]    ⏳ Turnstile detectado — esperando resolución automática...
2026-09-05 11:26:04,470 [INFO]    ✅ Turnstile resuelto
2026-09-05 11:26:15,006 [INFO]    ⏳ Turnstile detectado — esperando resolución automática...
2026-09-05 11:26:15,029 [INFO]    ✅ Turnstile resuelto
2026-09-05 11:26:26,142 [INFO]    ⏳ Turnstile detectado — esperando resolución automática...
2026-09-05 11:26:26,167 [INFO]    ✅ Turnstile resuelto
2026-09-05 11:26:36,363 [INFO]    ⏳ Turnstile detectado — esperando resolución automática...
2026-09-05 11:26:36,384 [INFO]    ✅ Turnstile resuelto
2026-09-05 11:26:46,218 [INFO]    ⏳ Turnstile detectado — esperando resolución automática...
2026-09-05 11:26:46,248 [INFO]    ✅ Turnstile resuelto
2026-09-05 11:26:56,924 [INFO]    ⏳ Turnstile detectado — esperando resolución automática...
2026-09-05 11:26:56,946 [INFO]    ✅ Turnstile resuelto
2026-09-05 11:27:08,289 [INFO]    ⏳ Turnstile detectado — esperando resolución automática...
2026-09-05 11:27:08,319 [INFO]    ✅ Turnstile resuelto
2026-09-05 11:27:18,335 [INFO]    ⏳ Turnstile detectado — esperando resolución automática...
2026-09-05 11:27:18,360 [INFO]    ✅ Turnstile resuelto
2026-09-05 11:27:29,135 [INFO]    ⏳ Turnstile detectado — esperando resolución automática...
2026-09-05 11:27:29,159 [INFO]    ✅ Turnstile resuelto
2026-09-05 11:27:38,355 [INFO]    ⏳ Turnstile detectado — esperando resolución automática...
2026-09-05 11:27:38,383 [INFO]    ✅ Turnstile resuelto
2026-09-05 11:27:47,950 [INFO]    ⏳ Turnstile detectado — esperando resolución automática...
2026-09-05 11:27:47,972 [INFO]    ✅ Turnstile resuelto
2026-09-05 11:27:59,423 [INFO]    ⏳ Turnstile detectado — esperando resolución automática...
2026-09-05 11:27:59,449 [INFO]    ✅ Turnstile resuelto
2026-09-05 11:28:02,701 [INFO]    Página 5/5 → https://www.opcionempleo.com.ar/trabajo-software-engineer.html?p=5
2026-09-05 11:28:11,909 [INFO]    ⏳ Turnstile detectado — esperando resolución automática...
2026-09-05 11:28:11,932 [INFO]    ✅ Turnstile resuelto
2026-09-05 11:28:16,404 [INFO]    → 20 ofertas encontradas
2026-09-05 11:28:22,642 [INFO]    ⏳ Turnstile detectado — esperando resolución automática...
2026-09-05 11:28:22,665 [INFO]    ✅ Turnstile resuelto
2026-09-05 11:28:32,442 [INFO]    ⏳ Turnstile detectado — esperando resolución automática...
2026-09-05 11:28:32,465 [INFO]    ✅ Turnstile resuelto
2026-09-05 11:28:42,588 [INFO]    ⏳ Turnstile detectado — esperando resolución automática...
2026-09-05 11:28:42,610 [INFO]    ✅ Turnstile resuelto
2026-09-05 11:28:52,116 [INFO]    ⏳ Turnstile detectado — esperando resolución automática...
2026-09-05 11:28:52,139 [INFO]    ✅ Turnstile resuelto
2026-09-05 11:29:04,067 [INFO]    ⏳ Turnstile detectado — esperando resolución automática...
2026-09-05 11:29:04,092 [INFO]    ✅ Turnstile resuelto
2026-09-05 11:29:15,668 [INFO]    ⏳ Turnstile detectado — esperando resolución automática...
2026-09-05 11:29:15,692 [INFO]    ✅ Turnstile resuelto
2026-09-05 11:29:27,798 [INFO]    ⏳ Turnstile detectado — esperando resolución automática...
2026-09-05 11:29:27,836 [INFO]    ✅ Turnstile resuelto
2026-09-05 11:29:38,662 [INFO]    ⏳ Turnstile detectado — esperando resolución automática...
2026-09-05 11:29:38,684 [INFO]    ✅ Turnstile resuelto
2026-09-05 11:29:51,044 [INFO]    ⏳ Turnstile detectado — esperando resolución automática...
2026-09-05 11:29:51,065 [INFO]    ✅ Turnstile resuelto
2026-09-05 11:30:01,095 [INFO]    ⏳ Turnstile detectado — esperando resolución automática...
2026-09-05 11:30:01,126 [INFO]    ✅ Turnstile resuelto
2026-09-05 11:30:13,091 [INFO]    ⏳ Turnstile detectado — esperando resolución automática...
2026-09-05 11:30:13,125 [INFO]    ✅ Turnstile resuelto
2026-09-05 11:30:25,572 [INFO]    ⏳ Turnstile detectado — esperando resolución automática...
2026-09-05 11:30:25,594 [INFO]    ✅ Turnstile resuelto
2026-09-05 11:30:37,650 [INFO]    ⏳ Turnstile detectado — esperando resolución automática...
2026-09-05 11:30:37,676 [INFO]    ✅ Turnstile resuelto
2026-09-05 11:30:48,080 [INFO]    ⏳ Turnstile detectado — esperando resolución automática...
2026-09-05 11:30:48,103 [INFO]    ✅ Turnstile resuelto
2026-09-05 11:30:58,860 [INFO]    ⏳ Turnstile detectado — esperando resolución automática...
2026-09-05 11:30:58,897 [INFO]    ✅ Turnstile resuelto
2026-09-05 11:31:08,787 [INFO]    ⏳ Turnstile detectado — esperando resolución automática...
2026-09-05 11:31:08,811 [INFO]    ✅ Turnstile resuelto
2026-09-05 11:31:19,741 [INFO]    ⏳ Turnstile detectado — esperando resolución automática...
2026-09-05 11:31:19,763 [INFO]    ✅ Turnstile resuelto
2026-09-05 11:31:31,640 [INFO]    ⏳ Turnstile detectado — esperando resolución automática...
2026-09-05 11:31:31,664 [INFO]    ✅ Turnstile resuelto
2026-09-05 11:31:42,474 [INFO]    ⏳ Turnstile detectado — esperando resolución automática...
2026-09-05 11:31:42,518 [INFO]    ✅ Turnstile resuelto
2026-09-05 11:31:52,735 [INFO]    ⏳ Turnstile detectado — esperando resolución automática...
2026-09-05 11:31:52,756 [INFO]    ✅ Turnstile resuelto
2026-09-05 11:31:56,313 [INFO] Exportadas 99 ofertas → /media/carlos-a-cicconi/Common1/Repositorios-Ing.Carlos-Cicconi/Trabajo_Final_MCD/data/raw/ofertas_opcionempleo_20260905.csv
2026-09-05 11:31:56,313 [INFO] ✅ 'Software Engineer': 99 ofertas guardadas
2026-09-05 11:31:56,313 [INFO]    💤 Pausa: 9.0s
2026-09-05 11:32:05,304 [INFO] 
🔍 Buscando: 'Python Developer'
2026-09-05 11:32:05,305 [INFO]    Página 1/5 → https://www.opcionempleo.com.ar/trabajo-python.html
2026-09-05 11:32:14,955 [INFO]    ⏳ Turnstile detectado — esperando resolución automática...
2026-09-05 11:32:14,987 [INFO]    ✅ Turnstile resuelto
2026-09-05 11:32:18,923 [INFO]    → 20 ofertas encontradas
2026-09-05 11:32:25,645 [INFO]    ⏳ Turnstile detectado — esperando resolución automática...
2026-09-05 11:32:25,668 [INFO]    ✅ Turnstile resuelto
2026-09-05 11:32:36,238 [INFO]    ⏳ Turnstile detectado — esperando resolución automática...
2026-09-05 11:32:36,261 [INFO]    ✅ Turnstile resuelto
2026-09-05 11:32:46,383 [INFO]    ⏳ Turnstile detectado — esperando resolución automática...
2026-09-05 11:32:46,404 [INFO]    ✅ Turnstile resuelto
2026-09-05 11:32:57,032 [INFO]    ⏳ Turnstile detectado — esperando resolución automática...
2026-09-05 11:32:57,056 [INFO]    ✅ Turnstile resuelto
2026-09-05 11:33:08,483 [INFO]    ⏳ Turnstile detectado — esperando resolución automática...
2026-09-05 11:33:08,506 [INFO]    ✅ Turnstile resuelto
2026-09-05 11:33:19,452 [INFO]    ⏳ Turnstile detectado — esperando resolución automática...
2026-09-05 11:33:19,496 [INFO]    ✅ Turnstile resuelto
2026-09-05 11:33:30,274 [INFO]    ⏳ Turnstile detectado — esperando resolución automática...
2026-09-05 11:33:30,297 [INFO]    ✅ Turnstile resuelto
2026-09-05 11:33:41,761 [INFO]    ⏳ Turnstile detectado — esperando resolución automática...
2026-09-05 11:33:41,782 [INFO]    ✅ Turnstile resuelto
2026-09-05 11:33:52,221 [INFO]    ⏳ Turnstile detectado — esperando resolución automática...
2026-09-05 11:33:52,242 [INFO]    ✅ Turnstile resuelto
2026-09-05 11:34:02,314 [INFO]    ⏳ Turnstile detectado — esperando resolución automática...
2026-09-05 11:34:02,336 [INFO]    ✅ Turnstile resuelto
2026-09-05 11:34:14,113 [INFO]    ⏳ Turnstile detectado — esperando resolución automática...
2026-09-05 11:34:14,151 [INFO]    ✅ Turnstile resuelto
2026-09-05 11:34:24,767 [INFO]    ⏳ Turnstile detectado — esperando resolución automática...
2026-09-05 11:34:24,788 [INFO]    ✅ Turnstile resuelto
2026-09-05 11:34:34,296 [INFO]    ⏳ Turnstile detectado — esperando resolución automática...
2026-09-05 11:34:34,321 [INFO]    ✅ Turnstile resuelto
2026-09-05 11:34:46,253 [INFO]    ⏳ Turnstile detectado — esperando resolución automática...
2026-09-05 11:34:46,277 [INFO]    ✅ Turnstile resuelto
2026-09-05 11:34:57,494 [INFO]    ⏳ Turnstile detectado — esperando resolución automática...
2026-09-05 11:34:57,516 [INFO]    ✅ Turnstile resuelto
2026-09-05 11:35:07,492 [INFO]    ⏳ Turnstile detectado — esperando resolución automática...
2026-09-05 11:35:07,514 [INFO]    ✅ Turnstile resuelto
2026-09-05 11:35:17,371 [INFO]    ⏳ Turnstile detectado — esperando resolución automática...
2026-09-05 11:35:17,393 [INFO]    ✅ Turnstile resuelto
2026-09-05 11:35:28,568 [INFO]    ⏳ Turnstile detectado — esperando resolución automática...
2026-09-05 11:35:28,590 [INFO]    ✅ Turnstile resuelto
2026-09-05 11:35:39,070 [INFO]    ⏳ Turnstile detectado — esperando resolución automática...
2026-09-05 11:35:39,092 [INFO]    ✅ Turnstile resuelto
2026-09-05 11:35:50,072 [INFO]    ⏳ Turnstile detectado — esperando resolución automática...
2026-09-05 11:35:50,109 [INFO]    ✅ Turnstile resuelto
2026-09-05 11:35:53,355 [INFO]    Página 2/5 → https://www.opcionempleo.com.ar/trabajo-python.html?p=2
2026-09-05 11:36:01,366 [INFO]    ⏳ Turnstile detectado — esperando resolución automática...
2026-09-05 11:36:01,391 [INFO]    ✅ Turnstile resuelto
2026-09-05 11:36:05,746 [INFO]    → 19 ofertas encontradas
2026-09-05 11:36:12,816 [INFO]    ⏳ Turnstile detectado — esperando resolución automática...
2026-09-05 11:36:12,840 [INFO]    ✅ Turnstile resuelto
2026-09-05 11:36:22,324 [INFO]    ⏳ Turnstile detectado — esperando resolución automática...
2026-09-05 11:36:22,348 [INFO]    ✅ Turnstile resuelto
2026-09-05 11:36:33,691 [INFO]    ⏳ Turnstile detectado — esperando resolución automática...
2026-09-05 11:36:33,725 [INFO]    ✅ Turnstile resuelto
2026-09-05 11:36:43,720 [INFO]    ⏳ Turnstile detectado — esperando resolución automática...
2026-09-05 11:36:43,748 [INFO]    ✅ Turnstile resuelto
2026-09-05 11:36:55,782 [INFO]    ⏳ Turnstile detectado — esperando resolución automática...
2026-09-05 11:36:55,804 [INFO]    ✅ Turnstile resuelto
2026-09-05 11:37:07,381 [INFO]    ⏳ Turnstile detectado — esperando resolución automática...
2026-09-05 11:37:07,403 [INFO]    ✅ Turnstile resuelto
2026-09-05 11:37:19,120 [INFO]    ⏳ Turnstile detectado — esperando resolución automática...
2026-09-05 11:37:19,160 [INFO]    ✅ Turnstile resuelto
2026-09-05 11:37:29,838 [INFO]    ⏳ Turnstile detectado — esperando resolución automática...
2026-09-05 11:37:29,860 [INFO]    ✅ Turnstile resuelto
2026-09-05 11:37:40,087 [INFO]    ⏳ Turnstile detectado — esperando resolución automática...
2026-09-05 11:37:40,111 [INFO]    ✅ Turnstile resuelto
2026-09-05 11:37:50,772 [INFO]    ⏳ Turnstile detectado — esperando resolución automática...
2026-09-05 11:37:50,794 [INFO]    ✅ Turnstile resuelto
2026-09-05 11:38:02,151 [INFO]    ⏳ Turnstile detectado — esperando resolución automática...
2026-09-05 11:38:02,173 [INFO]    ✅ Turnstile resuelto
2026-09-05 11:38:12,676 [INFO]    ⏳ Turnstile detectado — esperando resolución automática...
2026-09-05 11:38:12,699 [INFO]    ✅ Turnstile resuelto
2026-09-05 11:38:24,359 [INFO]    ⏳ Turnstile detectado — esperando resolución automática...
2026-09-05 11:38:24,382 [INFO]    ✅ Turnstile resuelto
2026-09-05 11:38:34,371 [INFO]    ⏳ Turnstile detectado — esperando resolución automática...
2026-09-05 11:38:34,396 [INFO]    ✅ Turnstile resuelto
2026-09-05 11:38:45,880 [INFO]    ⏳ Turnstile detectado — esperando resolución automática...
2026-09-05 11:38:45,902 [INFO]    ✅ Turnstile resuelto
2026-09-05 11:38:56,559 [INFO]    ⏳ Turnstile detectado — esperando resolución automática...
2026-09-05 11:38:56,597 [INFO]    ✅ Turnstile resuelto
2026-09-05 11:39:06,558 [INFO]    ⏳ Turnstile detectado — esperando resolución automática...
2026-09-05 11:39:06,579 [INFO]    ✅ Turnstile resuelto
2026-09-05 11:39:18,403 [INFO]    ⏳ Turnstile detectado — esperando resolución automática...
2026-09-05 11:39:18,431 [INFO]    ✅ Turnstile resuelto
2026-09-05 11:39:28,801 [INFO]    ⏳ Turnstile detectado — esperando resolución automática...
2026-09-05 11:39:28,823 [INFO]    ✅ Turnstile resuelto
2026-09-05 11:39:32,274 [INFO]    Página 3/5 → https://www.opcionempleo.com.ar/trabajo-python.html?p=3
2026-09-05 11:39:39,855 [INFO]    ⏳ Turnstile detectado — esperando resolución automática...
2026-09-05 11:39:39,898 [INFO]    ✅ Turnstile resuelto
2026-09-05 11:39:44,417 [INFO]    → 18 ofertas encontradas
2026-09-05 11:39:51,673 [INFO]    ⏳ Turnstile detectado — esperando resolución automática...
2026-09-05 11:39:51,695 [INFO]    ✅ Turnstile resuelto
2026-09-05 11:40:01,776 [INFO]    ⏳ Turnstile detectado — esperando resolución automática...
2026-09-05 11:40:01,799 [INFO]    ✅ Turnstile resuelto
2026-09-05 11:40:12,627 [INFO]    ⏳ Turnstile detectado — esperando resolución automática...
2026-09-05 11:40:12,652 [INFO]    ✅ Turnstile resuelto
2026-09-05 11:40:24,519 [INFO]    ⏳ Turnstile detectado — esperando resolución automática...
2026-09-05 11:40:24,557 [INFO]    ✅ Turnstile resuelto
2026-09-05 11:40:35,569 [INFO]    ⏳ Turnstile detectado — esperando resolución automática...
2026-09-05 11:40:35,591 [INFO]    ✅ Turnstile resuelto
2026-09-05 11:40:46,084 [INFO]    ⏳ Turnstile detectado — esperando resolución automática...
2026-09-05 11:40:46,106 [INFO]    ✅ Turnstile resuelto
2026-09-05 11:40:57,580 [INFO]    ⏳ Turnstile detectado — esperando resolución automática...
2026-09-05 11:40:57,605 [INFO]    ✅ Turnstile resuelto
2026-09-05 11:41:09,867 [INFO]    ⏳ Turnstile detectado — esperando resolución automática...
2026-09-05 11:41:09,892 [INFO]    ✅ Turnstile resuelto
2026-09-05 11:41:20,955 [INFO]    ⏳ Turnstile detectado — esperando resolución automática...
2026-09-05 11:41:20,996 [INFO]    ✅ Turnstile resuelto
2026-09-05 11:41:32,278 [INFO]    ⏳ Turnstile detectado — esperando resolución automática...
2026-09-05 11:41:32,301 [INFO]    ✅ Turnstile resuelto
2026-09-05 11:41:44,460 [INFO]    ⏳ Turnstile detectado — esperando resolución automática...
2026-09-05 11:41:44,491 [INFO]    ✅ Turnstile resuelto
2026-09-05 11:41:58,602 [INFO]    ⏳ Turnstile detectado — esperando resolución automática...
2026-09-05 11:41:58,628 [INFO]    ✅ Turnstile resuelto
2026-09-05 11:42:10,686 [INFO]    ⏳ Turnstile detectado — esperando resolución automática...
2026-09-05 11:42:10,726 [INFO]    ✅ Turnstile resuelto
2026-09-05 11:42:22,631 [INFO]    ⏳ Turnstile detectado — esperando resolución automática...
2026-09-05 11:42:22,652 [INFO]    ✅ Turnstile resuelto
2026-09-05 11:42:34,233 [INFO]    ⏳ Turnstile detectado — esperando resolución automática...
2026-09-05 11:42:34,257 [INFO]    ✅ Turnstile resuelto
2026-09-05 11:42:45,596 [INFO]    ⏳ Turnstile detectado — esperando resolución automática...
2026-09-05 11:42:45,619 [INFO]    ✅ Turnstile resuelto
2026-09-05 11:43:00,550 [INFO]    ⏳ Turnstile detectado — esperando resolución automática...
2026-09-05 11:43:00,589 [INFO]    ✅ Turnstile resuelto
2026-09-05 11:43:12,252 [INFO]    ⏳ Turnstile detectado — esperando resolución automática...
2026-09-05 11:43:12,279 [INFO]    ✅ Turnstile resuelto
2026-09-05 11:43:15,879 [INFO]    Página 4/5 → https://www.opcionempleo.com.ar/trabajo-python.html?p=4
2026-09-05 11:43:24,996 [INFO]    ⏳ Turnstile detectado — esperando resolución automática...
2026-09-05 11:43:25,020 [INFO]    ✅ Turnstile resuelto
2026-09-05 11:43:29,641 [INFO]    → 18 ofertas encontradas
2026-09-05 11:43:36,058 [INFO]    ⏳ Turnstile detectado — esperando resolución automática...
2026-09-05 11:43:36,079 [INFO]    ✅ Turnstile resuelto
2026-09-05 11:43:47,235 [INFO]    ⏳ Turnstile detectado — esperando resolución automática...
2026-09-05 11:43:47,260 [INFO]    ✅ Turnstile resuelto
2026-09-05 11:43:57,895 [INFO]    ⏳ Turnstile detectado — esperando resolución automática...
2026-09-05 11:43:57,934 [INFO]    ✅ Turnstile resuelto
2026-09-05 11:44:08,770 [INFO]    ⏳ Turnstile detectado — esperando resolución automática...
2026-09-05 11:44:08,795 [INFO]    ✅ Turnstile resuelto
2026-09-05 11:44:20,036 [INFO]    ⏳ Turnstile detectado — esperando resolución automática...
2026-09-05 11:44:20,061 [INFO]    ✅ Turnstile resuelto
2026-09-05 11:44:29,982 [INFO]    ⏳ Turnstile detectado — esperando resolución automática...
2026-09-05 11:44:30,004 [INFO]    ✅ Turnstile resuelto
2026-09-05 11:44:40,081 [INFO]    ⏳ Turnstile detectado — esperando resolución automática...
2026-09-05 11:44:40,126 [INFO]    ✅ Turnstile resuelto
2026-09-05 11:44:50,243 [INFO]    ⏳ Turnstile detectado — esperando resolución automática...
2026-09-05 11:44:50,266 [INFO]    ✅ Turnstile resuelto
2026-09-05 11:44:59,891 [INFO]    ⏳ Turnstile detectado — esperando resolución automática...
2026-09-05 11:44:59,915 [INFO]    ✅ Turnstile resuelto
2026-09-05 11:45:12,000 [INFO]    ⏳ Turnstile detectado — esperando resolución automática...
2026-09-05 11:45:12,021 [INFO]    ✅ Turnstile resuelto
2026-09-05 11:45:22,635 [INFO]    ⏳ Turnstile detectado — esperando resolución automática...
2026-09-05 11:45:22,680 [INFO]    ✅ Turnstile resuelto
2026-09-05 11:45:33,366 [INFO]    ⏳ Turnstile detectado — esperando resolución automática...
2026-09-05 11:45:33,389 [INFO]    ✅ Turnstile resuelto
2026-09-05 11:45:44,109 [INFO]    ⏳ Turnstile detectado — esperando resolución automática...
2026-09-05 11:45:44,131 [INFO]    ✅ Turnstile resuelto
2026-09-05 11:45:56,651 [INFO]    ⏳ Turnstile detectado — esperando resolución automática...
2026-09-05 11:45:56,676 [INFO]    ✅ Turnstile resuelto
2026-09-05 11:46:07,347 [INFO]    ⏳ Turnstile detectado — esperando resolución automática...
2026-09-05 11:46:07,370 [INFO]    ✅ Turnstile resuelto
2026-09-05 11:46:18,271 [INFO]    ⏳ Turnstile detectado — esperando resolución automática...
2026-09-05 11:46:18,293 [INFO]    ✅ Turnstile resuelto
2026-09-05 11:46:29,005 [INFO]    ⏳ Turnstile detectado — esperando resolución automática...
2026-09-05 11:46:29,031 [INFO]    ✅ Turnstile resuelto
2026-09-05 11:46:41,261 [INFO]    ⏳ Turnstile detectado — esperando resolución automática...
2026-09-05 11:46:41,283 [INFO]    ✅ Turnstile resuelto
2026-09-05 11:46:44,911 [INFO]    Página 5/5 → https://www.opcionempleo.com.ar/trabajo-python.html?p=5
2026-09-05 11:46:54,295 [INFO]    ⏳ Turnstile detectado — esperando resolución automática...
2026-09-05 11:46:54,319 [INFO]    ✅ Turnstile resuelto
2026-09-05 11:46:58,143 [INFO]    → 18 ofertas encontradas
2026-09-05 11:47:05,789 [INFO]    ⏳ Turnstile detectado — esperando resolución automática...
2026-09-05 11:47:05,814 [INFO]    ✅ Turnstile resuelto
2026-09-05 11:47:15,346 [INFO]    ⏳ Turnstile detectado — esperando resolución automática...
2026-09-05 11:47:15,370 [INFO]    ✅ Turnstile resuelto
2026-09-05 11:47:25,850 [INFO]    ⏳ Turnstile detectado — esperando resolución automática...
2026-09-05 11:47:25,871 [INFO]    ✅ Turnstile resuelto
2026-09-05 11:47:35,322 [INFO]    ⏳ Turnstile detectado — esperando resolución automática...
2026-09-05 11:47:35,343 [INFO]    ✅ Turnstile resuelto
2026-09-05 11:47:46,018 [INFO]    ⏳ Turnstile detectado — esperando resolución automática...
2026-09-05 11:47:46,055 [INFO]    ✅ Turnstile resuelto
2026-09-05 11:47:57,558 [INFO]    ⏳ Turnstile detectado — esperando resolución automática...
2026-09-05 11:47:57,580 [INFO]    ✅ Turnstile resuelto
2026-09-05 11:48:08,803 [INFO]    ⏳ Turnstile detectado — esperando resolución automática...
2026-09-05 11:48:08,825 [INFO]    ✅ Turnstile resuelto
2026-09-05 11:48:18,711 [INFO]    ⏳ Turnstile detectado — esperando resolución automática...
2026-09-05 11:48:18,746 [INFO]    ✅ Turnstile resuelto
2026-09-05 11:48:29,516 [INFO]    ⏳ Turnstile detectado — esperando resolución automática...
2026-09-05 11:48:29,541 [INFO]    ✅ Turnstile resuelto
2026-09-05 11:48:41,172 [INFO]    ⏳ Turnstile detectado — esperando resolución automática...
2026-09-05 11:48:41,212 [INFO]    ✅ Turnstile resuelto
2026-09-05 11:48:52,363 [INFO]    ⏳ Turnstile detectado — esperando resolución automática...
2026-09-05 11:48:52,387 [INFO]    ✅ Turnstile resuelto
2026-09-05 11:49:03,997 [INFO]    ⏳ Turnstile detectado — esperando resolución automática...
2026-09-05 11:49:04,022 [INFO]    ✅ Turnstile resuelto
2026-09-05 11:49:14,110 [INFO]    ⏳ Turnstile detectado — esperando resolución automática...
2026-09-05 11:49:14,132 [INFO]    ✅ Turnstile resuelto
2026-09-05 11:49:24,079 [INFO]    ⏳ Turnstile detectado — esperando resolución automática...
2026-09-05 11:49:24,122 [INFO]    ✅ Turnstile resuelto
2026-09-05 11:49:35,635 [INFO]    ⏳ Turnstile detectado — esperando resolución automática...
2026-09-05 11:49:35,659 [INFO]    ✅ Turnstile resuelto
2026-09-05 11:49:46,884 [INFO]    ⏳ Turnstile detectado — esperando resolución automática...
2026-09-05 11:49:46,905 [INFO]    ✅ Turnstile resuelto
2026-09-05 11:49:56,120 [INFO]    ⏳ Turnstile detectado — esperando resolución automática...
2026-09-05 11:49:56,144 [INFO]    ✅ Turnstile resuelto
2026-09-05 11:50:07,621 [INFO]    ⏳ Turnstile detectado — esperando resolución automática...
2026-09-05 11:50:07,644 [INFO]    ✅ Turnstile resuelto
2026-09-05 11:50:11,156 [INFO] Exportadas 93 ofertas → /media/carlos-a-cicconi/Common1/Repositorios-Ing.Carlos-Cicconi/Trabajo_Final_MCD/data/raw/ofertas_opcionempleo_20260905.csv
2026-09-05 11:50:11,156 [INFO] ✅ 'Python Developer': 93 ofertas guardadas
2026-09-05 11:50:11,156 [INFO]    💤 Pausa: 9.4s
2026-09-05 11:50:20,534 [INFO] 
🔍 Buscando: 'Desarrollador Backend'
2026-09-05 11:50:20,535 [INFO]    Página 1/5 → https://www.opcionempleo.com.ar/trabajo-desarrollador-backend.html
2026-09-05 11:50:30,332 [INFO]    ⏳ Turnstile detectado — esperando resolución automática...
2026-09-05 11:50:30,370 [INFO]    ✅ Turnstile resuelto
2026-09-05 11:50:34,924 [INFO]    → 18 ofertas encontradas
2026-09-05 11:50:42,343 [INFO]    ⏳ Turnstile detectado — esperando resolución automática...
2026-09-05 11:50:42,368 [INFO]    ✅ Turnstile resuelto
2026-09-05 11:50:54,548 [INFO]    ⏳ Turnstile detectado — esperando resolución automática...
2026-09-05 11:50:54,574 [INFO]    ✅ Turnstile resuelto
2026-09-05 11:51:05,349 [INFO]    ⏳ Turnstile detectado — esperando resolución automática...
2026-09-05 11:51:05,374 [INFO]    ✅ Turnstile resuelto
2026-09-05 11:51:15,705 [INFO]    ⏳ Turnstile detectado — esperando resolución automática...
2026-09-05 11:51:15,745 [INFO]    ✅ Turnstile resuelto
2026-09-05 11:51:27,403 [INFO]    ⏳ Turnstile detectado — esperando resolución automática...
2026-09-05 11:51:27,429 [INFO]    ✅ Turnstile resuelto
2026-09-05 11:51:38,663 [INFO]    ⏳ Turnstile detectado — esperando resolución automática...
2026-09-05 11:51:38,686 [INFO]    ✅ Turnstile resuelto
2026-09-05 11:51:50,807 [INFO]    ⏳ Turnstile detectado — esperando resolución automática...
2026-09-05 11:51:50,830 [INFO]    ✅ Turnstile resuelto
2026-09-05 11:52:00,529 [INFO]    ⏳ Turnstile detectado — esperando resolución automática...
2026-09-05 11:52:00,555 [INFO]    ✅ Turnstile resuelto
2026-09-05 11:52:11,752 [INFO]    ⏳ Turnstile detectado — esperando resolución automática...
2026-09-05 11:52:11,789 [INFO]    ✅ Turnstile resuelto
2026-09-05 11:52:22,331 [INFO]    ⏳ Turnstile detectado — esperando resolución automática...
2026-09-05 11:52:22,357 [INFO]    ✅ Turnstile resuelto
2026-09-05 11:52:31,961 [INFO]    ⏳ Turnstile detectado — esperando resolución automática...
2026-09-05 11:52:31,983 [INFO]    ✅ Turnstile resuelto
2026-09-05 11:52:42,005 [INFO]    ⏳ Turnstile detectado — esperando resolución automática...
2026-09-05 11:52:42,031 [INFO]    ✅ Turnstile resuelto
2026-09-05 11:52:51,526 [INFO]    ⏳ Turnstile detectado — esperando resolución automática...
2026-09-05 11:52:51,566 [INFO]    ✅ Turnstile resuelto
2026-09-05 11:53:01,204 [INFO]    ⏳ Turnstile detectado — esperando resolución automática...
2026-09-05 11:53:01,224 [INFO]    ✅ Turnstile resuelto
2026-09-05 11:53:13,139 [INFO]    ⏳ Turnstile detectado — esperando resolución automática...
2026-09-05 11:53:13,161 [INFO]    ✅ Turnstile resuelto
2026-09-05 11:53:24,454 [INFO]    ⏳ Turnstile detectado — esperando resolución automática...
2026-09-05 11:53:24,477 [INFO]    ✅ Turnstile resuelto
2026-09-05 11:53:35,985 [INFO]    ⏳ Turnstile detectado — esperando resolución automática...
2026-09-05 11:53:36,012 [INFO]    ✅ Turnstile resuelto
2026-09-05 11:53:45,761 [INFO]    ⏳ Turnstile detectado — esperando resolución automática...
2026-09-05 11:53:45,800 [INFO]    ✅ Turnstile resuelto
2026-09-05 11:53:49,411 [INFO]    Página 2/5 → https://www.opcionempleo.com.ar/trabajo-desarrollador-backend.html?p=2
2026-09-05 11:53:58,805 [INFO]    ⏳ Turnstile detectado — esperando resolución automática...
2026-09-05 11:53:58,829 [INFO]    ✅ Turnstile resuelto
2026-09-05 11:54:03,430 [INFO]    → 18 ofertas encontradas
2026-09-05 11:54:11,086 [INFO]    ⏳ Turnstile detectado — esperando resolución automática...
2026-09-05 11:54:11,111 [INFO]    ✅ Turnstile resuelto
2026-09-05 11:54:22,248 [INFO]    ⏳ Turnstile detectado — esperando resolución automática...
2026-09-05 11:54:22,270 [INFO]    ✅ Turnstile resuelto
2026-09-05 11:54:34,582 [INFO]    ⏳ Turnstile detectado — esperando resolución automática...
2026-09-05 11:54:34,627 [INFO]    ✅ Turnstile resuelto
2026-09-05 11:54:44,339 [INFO]    ⏳ Turnstile detectado — esperando resolución automática...
2026-09-05 11:54:44,362 [INFO]    ✅ Turnstile resuelto
2026-09-05 11:54:53,912 [INFO]    ⏳ Turnstile detectado — esperando resolución automática...
2026-09-05 11:54:53,941 [INFO]    ✅ Turnstile resuelto
2026-09-05 11:55:05,424 [INFO]    ⏳ Turnstile detectado — esperando resolución automática...
2026-09-05 11:55:05,444 [INFO]    ✅ Turnstile resuelto
2026-09-05 11:55:15,062 [INFO]    ⏳ Turnstile detectado — esperando resolución automática...
2026-09-05 11:55:15,082 [INFO]    ✅ Turnstile resuelto
2026-09-05 11:55:26,874 [INFO]    ⏳ Turnstile detectado — esperando resolución automática...
2026-09-05 11:55:26,912 [INFO]    ✅ Turnstile resuelto
2026-09-05 11:55:37,382 [INFO]    ⏳ Turnstile detectado — esperando resolución automática...
2026-09-05 11:55:37,406 [INFO]    ✅ Turnstile resuelto
2026-09-05 11:55:48,143 [INFO]    ⏳ Turnstile detectado — esperando resolución automática...
2026-09-05 11:55:48,164 [INFO]    ✅ Turnstile resuelto
2026-09-05 11:56:00,028 [INFO]    ⏳ Turnstile detectado — esperando resolución automática...
2026-09-05 11:56:00,052 [INFO]    ✅ Turnstile resuelto
2026-09-05 11:56:10,632 [INFO]    ⏳ Turnstile detectado — esperando resolución automática...
2026-09-05 11:56:10,652 [INFO]    ✅ Turnstile resuelto
2026-09-05 11:56:22,131 [INFO]    ⏳ Turnstile detectado — esperando resolución automática...
2026-09-05 11:56:22,168 [INFO]    ✅ Turnstile resuelto
2026-09-05 11:56:32,827 [INFO]    ⏳ Turnstile detectado — esperando resolución automática...
2026-09-05 11:56:32,848 [INFO]    ✅ Turnstile resuelto
2026-09-05 11:56:44,737 [INFO]    ⏳ Turnstile detectado — esperando resolución automática...
2026-09-05 11:56:44,760 [INFO]    ✅ Turnstile resuelto
2026-09-05 11:56:54,548 [INFO]    ⏳ Turnstile detectado — esperando resolución automática...
2026-09-05 11:56:54,570 [INFO]    ✅ Turnstile resuelto
2026-09-05 11:57:05,729 [INFO]    ⏳ Turnstile detectado — esperando resolución automática...
2026-09-05 11:57:05,750 [INFO]    ✅ Turnstile resuelto
2026-09-05 11:57:17,658 [INFO]    ⏳ Turnstile detectado — esperando resolución automática...
2026-09-05 11:57:17,699 [INFO]    ✅ Turnstile resuelto
2026-09-05 11:57:21,762 [INFO]    Página 3/5 → https://www.opcionempleo.com.ar/trabajo-desarrollador-backend.html?p=3
2026-09-05 11:57:29,983 [INFO]    ⏳ Turnstile detectado — esperando resolución automática...
2026-09-05 11:57:30,006 [INFO]    ✅ Turnstile resuelto
2026-09-05 11:57:33,950 [INFO]    → 20 ofertas encontradas
2026-09-05 11:57:40,763 [INFO]    ⏳ Turnstile detectado — esperando resolución automática...
2026-09-05 11:57:40,785 [INFO]    ✅ Turnstile resuelto
2026-09-05 11:57:50,643 [INFO]    ⏳ Turnstile detectado — esperando resolución automática...
2026-09-05 11:57:50,669 [INFO]    ✅ Turnstile resuelto
2026-09-05 11:58:02,419 [INFO]    ⏳ Turnstile detectado — esperando resolución automática...
2026-09-05 11:58:02,465 [INFO]    ✅ Turnstile resuelto
2026-09-05 11:58:12,910 [INFO]    ⏳ Turnstile detectado — esperando resolución automática...
2026-09-05 11:58:12,931 [INFO]    ✅ Turnstile resuelto
2026-09-05 11:58:24,528 [INFO]    ⏳ Turnstile detectado — esperando resolución automática...
2026-09-05 11:58:24,549 [INFO]    ✅ Turnstile resuelto
2026-09-05 11:58:35,517 [INFO]    ⏳ Turnstile detectado — esperando resolución automática...
2026-09-05 11:58:35,538 [INFO]    ✅ Turnstile resuelto
2026-09-05 11:58:46,952 [INFO]    ⏳ Turnstile detectado — esperando resolución automática...
2026-09-05 11:58:46,973 [INFO]    ✅ Turnstile resuelto
2026-09-05 11:58:59,165 [INFO]    ⏳ Turnstile detectado — esperando resolución automática...
2026-09-05 11:58:59,190 [INFO]    ✅ Turnstile resuelto
2026-09-05 11:59:10,197 [INFO]    ⏳ Turnstile detectado — esperando resolución automática...
2026-09-05 11:59:10,233 [INFO]    ✅ Turnstile resuelto
2026-09-05 11:59:22,294 [INFO]    ⏳ Turnstile detectado — esperando resolución automática...
2026-09-05 11:59:22,317 [INFO]    ✅ Turnstile resuelto
2026-09-05 11:59:32,427 [INFO]    ⏳ Turnstile detectado — esperando resolución automática...
2026-09-05 11:59:32,460 [INFO]    ✅ Turnstile resuelto
2026-09-05 11:59:42,448 [INFO]    ⏳ Turnstile detectado — esperando resolución automática...
2026-09-05 11:59:42,473 [INFO]    ✅ Turnstile resuelto
2026-09-05 11:59:52,736 [INFO]    ⏳ Turnstile detectado — esperando resolución automática...
2026-09-05 11:59:52,762 [INFO]    ✅ Turnstile resuelto
2026-09-05 12:00:03,564 [INFO]    ⏳ Turnstile detectado — esperando resolución automática...
2026-09-05 12:00:03,589 [INFO]    ✅ Turnstile resuelto
2026-09-05 12:00:14,095 [INFO]    ⏳ Turnstile detectado — esperando resolución automática...
2026-09-05 12:00:14,117 [INFO]    ✅ Turnstile resuelto
2026-09-05 12:00:24,653 [INFO]    ⏳ Turnstile detectado — esperando resolución automática...
2026-09-05 12:00:24,674 [INFO]    ✅ Turnstile resuelto
2026-09-05 12:00:36,432 [INFO]    ⏳ Turnstile detectado — esperando resolución automática...
2026-09-05 12:00:36,453 [INFO]    ✅ Turnstile resuelto
2026-09-05 12:00:46,200 [INFO]    ⏳ Turnstile detectado — esperando resolución automática...
2026-09-05 12:00:46,236 [INFO]    ✅ Turnstile resuelto
2026-09-05 12:00:56,908 [INFO]    ⏳ Turnstile detectado — esperando resolución automática...
2026-09-05 12:00:56,929 [INFO]    ✅ Turnstile resuelto
2026-09-05 12:01:08,419 [INFO]    ⏳ Turnstile detectado — esperando resolución automática...
2026-09-05 12:01:08,440 [INFO]    ✅ Turnstile resuelto
2026-09-05 12:01:11,760 [INFO]    Página 4/5 → https://www.opcionempleo.com.ar/trabajo-desarrollador-backend.html?p=4
2026-09-05 12:01:21,995 [INFO]    ⏳ Turnstile detectado — esperando resolución automática...
2026-09-05 12:01:22,018 [INFO]    ✅ Turnstile resuelto
2026-09-05 12:01:25,976 [INFO]    → 18 ofertas encontradas
2026-09-05 12:01:33,404 [INFO]    ⏳ Turnstile detectado — esperando resolución automática...
2026-09-05 12:01:33,427 [INFO]    ✅ Turnstile resuelto
2026-09-05 12:01:44,429 [INFO]    ⏳ Turnstile detectado — esperando resolución automática...
2026-09-05 12:01:44,452 [INFO]    ✅ Turnstile resuelto
2026-09-05 12:01:55,885 [INFO]    ⏳ Turnstile detectado — esperando resolución automática...
2026-09-05 12:01:55,908 [INFO]    ✅ Turnstile resuelto
2026-09-05 12:02:06,478 [INFO]    ⏳ Turnstile detectado — esperando resolución automática...
2026-09-05 12:02:06,504 [INFO]    ✅ Turnstile resuelto
2026-09-05 12:02:18,417 [INFO]    ⏳ Turnstile detectado — esperando resolución automática...
2026-09-05 12:02:18,442 [INFO]    ✅ Turnstile resuelto
2026-09-05 12:02:28,475 [INFO]    ⏳ Turnstile detectado — esperando resolución automática...
2026-09-05 12:02:28,496 [INFO]    ✅ Turnstile resuelto
2026-09-05 12:02:40,865 [INFO]    ⏳ Turnstile detectado — esperando resolución automática...
2026-09-05 12:02:40,891 [INFO]    ✅ Turnstile resuelto
2026-09-05 12:02:52,259 [INFO]    ⏳ Turnstile detectado — esperando resolución automática...
2026-09-05 12:02:52,281 [INFO]    ✅ Turnstile resuelto
2026-09-05 12:03:04,290 [INFO]    ⏳ Turnstile detectado — esperando resolución automática...
2026-09-05 12:03:04,312 [INFO]    ✅ Turnstile resuelto
2026-09-05 12:03:15,787 [INFO]    ⏳ Turnstile detectado — esperando resolución automática...
2026-09-05 12:03:15,812 [INFO]    ✅ Turnstile resuelto
2026-09-05 12:03:26,265 [INFO]    ⏳ Turnstile detectado — esperando resolución automática...
2026-09-05 12:03:26,290 [INFO]    ✅ Turnstile resuelto
2026-09-05 12:03:37,991 [INFO]    ⏳ Turnstile detectado — esperando resolución automática...
2026-09-05 12:03:38,027 [INFO]    ✅ Turnstile resuelto
2026-09-05 12:03:47,787 [INFO]    ⏳ Turnstile detectado — esperando resolución automática...
2026-09-05 12:03:47,812 [INFO]    ✅ Turnstile resuelto
2026-09-05 12:03:59,661 [INFO]    ⏳ Turnstile detectado — esperando resolución automática...
2026-09-05 12:03:59,683 [INFO]    ✅ Turnstile resuelto
2026-09-05 12:04:10,283 [INFO]    ⏳ Turnstile detectado — esperando resolución automática...
2026-09-05 12:04:10,311 [INFO]    ✅ Turnstile resuelto
2026-09-05 12:04:20,077 [INFO]    ⏳ Turnstile detectado — esperando resolución automática...
2026-09-05 12:04:20,120 [INFO]    ✅ Turnstile resuelto
2026-09-05 12:04:30,570 [INFO]    ⏳ Turnstile detectado — esperando resolución automática...
2026-09-05 12:04:30,592 [INFO]    ✅ Turnstile resuelto
2026-09-05 12:04:41,587 [INFO]    ⏳ Turnstile detectado — esperando resolución automática...
2026-09-05 12:04:41,610 [INFO]    ✅ Turnstile resuelto
2026-09-05 12:04:45,219 [INFO]    Página 5/5 → https://www.opcionempleo.com.ar/trabajo-desarrollador-backend.html?p=5
2026-09-05 12:04:53,867 [INFO]    ⏳ Turnstile detectado — esperando resolución automática...
2026-09-05 12:04:53,891 [INFO]    ✅ Turnstile resuelto
2026-09-05 12:04:57,943 [INFO]    → 19 ofertas encontradas
2026-09-05 12:05:05,428 [INFO]    ⏳ Turnstile detectado — esperando resolución automática...
2026-09-05 12:05:05,468 [INFO]    ✅ Turnstile resuelto
2026-09-05 12:05:15,498 [INFO]    ⏳ Turnstile detectado — esperando resolución automática...
2026-09-05 12:05:15,520 [INFO]    ✅ Turnstile resuelto
2026-09-05 12:05:24,616 [INFO]    ⏳ Turnstile detectado — esperando resolución automática...
2026-09-05 12:05:24,641 [INFO]    ✅ Turnstile resuelto
2026-09-05 12:05:36,167 [INFO]    ⏳ Turnstile detectado — esperando resolución automática...
2026-09-05 12:05:36,189 [INFO]    ✅ Turnstile resuelto
2026-09-05 12:05:48,076 [INFO]    ⏳ Turnstile detectado — esperando resolución automática...
2026-09-05 12:05:48,116 [INFO]    ✅ Turnstile resuelto
2026-09-05 12:05:58,027 [INFO]    ⏳ Turnstile detectado — esperando resolución automática...
2026-09-05 12:05:58,052 [INFO]    ✅ Turnstile resuelto
2026-09-05 12:06:09,909 [INFO]    ⏳ Turnstile detectado — esperando resolución automática...
2026-09-05 12:06:09,933 [INFO]    ✅ Turnstile resuelto
2026-09-05 12:06:22,015 [INFO]    ⏳ Turnstile detectado — esperando resolución automática...
2026-09-05 12:06:22,037 [INFO]    ✅ Turnstile resuelto
2026-09-05 12:06:33,103 [INFO]    ⏳ Turnstile detectado — esperando resolución automática...
2026-09-05 12:06:33,129 [INFO]    ✅ Turnstile resuelto
2026-09-05 12:06:43,849 [INFO]    ⏳ Turnstile detectado — esperando resolución automática...
2026-09-05 12:06:43,871 [INFO]    ✅ Turnstile resuelto
2026-09-05 12:06:54,564 [INFO]    ⏳ Turnstile detectado — esperando resolución automática...
2026-09-05 12:06:54,585 [INFO]    ✅ Turnstile resuelto
2026-09-05 12:07:05,464 [INFO]    ⏳ Turnstile detectado — esperando resolución automática...
2026-09-05 12:07:05,485 [INFO]    ✅ Turnstile resuelto
2026-09-05 12:07:16,201 [INFO]    ⏳ Turnstile detectado — esperando resolución automática...
2026-09-05 12:07:16,223 [INFO]    ✅ Turnstile resuelto
2026-09-05 12:07:27,153 [INFO]    ⏳ Turnstile detectado — esperando resolución automática...
2026-09-05 12:07:27,175 [INFO]    ✅ Turnstile resuelto
2026-09-05 12:07:37,063 [INFO]    ⏳ Turnstile detectado — esperando resolución automática...
2026-09-05 12:07:37,085 [INFO]    ✅ Turnstile resuelto
2026-09-05 12:07:48,357 [INFO]    ⏳ Turnstile detectado — esperando resolución automática...
2026-09-05 12:07:48,382 [INFO]    ✅ Turnstile resuelto
2026-09-05 12:07:58,760 [INFO]    ⏳ Turnstile detectado — esperando resolución automática...
2026-09-05 12:07:58,782 [INFO]    ✅ Turnstile resuelto
2026-09-05 12:08:11,063 [INFO]    ⏳ Turnstile detectado — esperando resolución automática...
2026-09-05 12:08:11,085 [INFO]    ✅ Turnstile resuelto
2026-09-05 12:08:21,490 [INFO]    ⏳ Turnstile detectado — esperando resolución automática...
2026-09-05 12:08:21,519 [INFO]    ✅ Turnstile resuelto
2026-09-05 12:08:24,592 [INFO] Exportadas 93 ofertas → /media/carlos-a-cicconi/Common1/Repositorios-Ing.Carlos-Cicconi/Trabajo_Final_MCD/data/raw/ofertas_opcionempleo_20260905.csv
2026-09-05 12:08:24,592 [INFO] ✅ 'Desarrollador Backend': 93 ofertas guardadas
2026-09-05 12:08:24,592 [INFO]    💤 Pausa: 12.6s
2026-09-05 12:08:37,173 [INFO] 
🔍 Buscando: 'Desarrollador Full Stack'
2026-09-05 12:08:37,173 [INFO]    Página 1/5 → https://www.opcionempleo.com.ar/trabajo-desarrollador-full-stack.html
2026-09-05 12:08:47,554 [INFO]    ⏳ Turnstile detectado — esperando resolución automática...
2026-09-05 12:08:47,578 [INFO]    ✅ Turnstile resuelto
2026-09-05 12:08:51,409 [INFO]    → 17 ofertas encontradas
2026-09-05 12:08:59,456 [INFO]    ⏳ Turnstile detectado — esperando resolución automática...
2026-09-05 12:08:59,482 [INFO]    ✅ Turnstile resuelto
2026-09-05 12:09:09,249 [INFO]    ⏳ Turnstile detectado — esperando resolución automática...
2026-09-05 12:09:09,271 [INFO]    ✅ Turnstile resuelto
2026-09-05 12:09:20,083 [INFO]    ⏳ Turnstile detectado — esperando resolución automática...
2026-09-05 12:09:20,109 [INFO]    ✅ Turnstile resuelto
2026-09-05 12:09:30,866 [INFO]    ⏳ Turnstile detectado — esperando resolución automática...
2026-09-05 12:09:30,888 [INFO]    ✅ Turnstile resuelto
2026-09-05 12:09:42,514 [INFO]    ⏳ Turnstile detectado — esperando resolución automática...
2026-09-05 12:09:42,538 [INFO]    ✅ Turnstile resuelto
2026-09-05 12:09:54,413 [INFO]    ⏳ Turnstile detectado — esperando resolución automática...
2026-09-05 12:09:54,440 [INFO]    ✅ Turnstile resuelto
2026-09-05 12:10:05,260 [INFO]    ⏳ Turnstile detectado — esperando resolución automática...
2026-09-05 12:10:05,285 [INFO]    ✅ Turnstile resuelto
2026-09-05 12:10:17,307 [INFO]    ⏳ Turnstile detectado — esperando resolución automática...
2026-09-05 12:10:17,331 [INFO]    ✅ Turnstile resuelto
2026-09-05 12:10:29,031 [INFO]    ⏳ Turnstile detectado — esperando resolución automática...
2026-09-05 12:10:29,056 [INFO]    ✅ Turnstile resuelto
2026-09-05 12:10:41,112 [INFO]    ⏳ Turnstile detectado — esperando resolución automática...
2026-09-05 12:10:41,137 [INFO]    ✅ Turnstile resuelto
2026-09-05 12:10:51,717 [INFO]    ⏳ Turnstile detectado — esperando resolución automática...
2026-09-05 12:10:51,739 [INFO]    ✅ Turnstile resuelto
2026-09-05 12:11:02,994 [INFO]    ⏳ Turnstile detectado — esperando resolución automática...
2026-09-05 12:11:03,034 [INFO]    ✅ Turnstile resuelto
2026-09-05 12:11:13,702 [INFO]    ⏳ Turnstile detectado — esperando resolución automática...
2026-09-05 12:11:13,724 [INFO]    ✅ Turnstile resuelto
2026-09-05 12:11:23,907 [INFO]    ⏳ Turnstile detectado — esperando resolución automática...
2026-09-05 12:11:23,929 [INFO]    ✅ Turnstile resuelto
2026-09-05 12:11:33,855 [INFO]    ⏳ Turnstile detectado — esperando resolución automática...
2026-09-05 12:11:33,876 [INFO]    ✅ Turnstile resuelto
2026-09-05 12:11:43,938 [INFO]    ⏳ Turnstile detectado — esperando resolución automática...
2026-09-05 12:11:43,960 [INFO]    ✅ Turnstile resuelto
2026-09-05 12:11:54,932 [INFO]    ⏳ Turnstile detectado — esperando resolución automática...
2026-09-05 12:11:54,968 [INFO]    ✅ Turnstile resuelto
2026-09-05 12:11:58,880 [INFO]    Página 2/5 → https://www.opcionempleo.com.ar/trabajo-desarrollador-full-stack.html?p=2
2026-09-05 12:12:08,496 [INFO]    ⏳ Turnstile detectado — esperando resolución automática...
2026-09-05 12:12:08,519 [INFO]    ✅ Turnstile resuelto
2026-09-05 12:12:12,549 [INFO]    → 20 ofertas encontradas
2026-09-05 12:12:20,458 [INFO]    ⏳ Turnstile detectado — esperando resolución automática...
2026-09-05 12:12:20,479 [INFO]    ✅ Turnstile resuelto
2026-09-05 12:12:32,146 [INFO]    ⏳ Turnstile detectado — esperando resolución automática...
2026-09-05 12:12:32,169 [INFO]    ✅ Turnstile resuelto
2026-09-05 12:12:42,621 [INFO]    ⏳ Turnstile detectado — esperando resolución automática...
2026-09-05 12:12:42,664 [INFO]    ✅ Turnstile resuelto
2026-09-05 12:12:53,312 [INFO]    ⏳ Turnstile detectado — esperando resolución automática...
2026-09-05 12:12:53,338 [INFO]    ✅ Turnstile resuelto
2026-09-05 12:13:03,642 [INFO]    ⏳ Turnstile detectado — esperando resolución automática...
2026-09-05 12:13:03,670 [INFO]    ✅ Turnstile resuelto
2026-09-05 12:13:13,890 [INFO]    ⏳ Turnstile detectado — esperando resolución automática...
2026-09-05 12:13:13,917 [INFO]    ✅ Turnstile resuelto
2026-09-05 12:13:25,881 [INFO]    ⏳ Turnstile detectado — esperando resolución automática...
2026-09-05 12:13:25,906 [INFO]    ✅ Turnstile resuelto
2026-09-05 12:13:37,344 [INFO]    ⏳ Turnstile detectado — esperando resolución automática...
2026-09-05 12:13:37,366 [INFO]    ✅ Turnstile resuelto
2026-09-05 12:13:49,030 [INFO]    ⏳ Turnstile detectado — esperando resolución automática...
2026-09-05 12:13:49,076 [INFO]    ✅ Turnstile resuelto
2026-09-05 12:13:59,691 [INFO]    ⏳ Turnstile detectado — esperando resolución automática...
2026-09-05 12:13:59,713 [INFO]    ✅ Turnstile resuelto
2026-09-05 12:14:10,570 [INFO]    ⏳ Turnstile detectado — esperando resolución automática...
2026-09-05 12:14:10,591 [INFO]    ✅ Turnstile resuelto
2026-09-05 12:14:20,847 [INFO]    ⏳ Turnstile detectado — esperando resolución automática...
2026-09-05 12:14:20,869 [INFO]    ✅ Turnstile resuelto
2026-09-05 12:14:30,248 [INFO]    ⏳ Turnstile detectado — esperando resolución automática...
2026-09-05 12:14:30,273 [INFO]    ✅ Turnstile resuelto
2026-09-05 12:14:41,076 [INFO]    ⏳ Turnstile detectado — esperando resolución automática...
2026-09-05 12:14:41,112 [INFO]    ✅ Turnstile resuelto
2026-09-05 12:14:52,157 [INFO]    ⏳ Turnstile detectado — esperando resolución automática...
2026-09-05 12:14:52,178 [INFO]    ✅ Turnstile resuelto
2026-09-05 12:15:03,619 [INFO]    ⏳ Turnstile detectado — esperando resolución automática...
2026-09-05 12:15:03,647 [INFO]    ✅ Turnstile resuelto
2026-09-05 12:15:13,725 [INFO]    ⏳ Turnstile detectado — esperando resolución automática...
2026-09-05 12:15:13,747 [INFO]    ✅ Turnstile resuelto
2026-09-05 12:15:25,500 [INFO]    ⏳ Turnstile detectado — esperando resolución automática...
2026-09-05 12:15:25,521 [INFO]    ✅ Turnstile resuelto
2026-09-05 12:15:37,078 [INFO]    ⏳ Turnstile detectado — esperando resolución automática...
2026-09-05 12:15:37,117 [INFO]    ✅ Turnstile resuelto
2026-09-05 12:15:47,563 [INFO]    ⏳ Turnstile detectado — esperando resolución automática...
2026-09-05 12:15:47,585 [INFO]    ✅ Turnstile resuelto
2026-09-05 12:15:50,933 [INFO]    Página 3/5 → https://www.opcionempleo.com.ar/trabajo-desarrollador-full-stack.html?p=3
2026-09-05 12:15:58,929 [INFO]    ⏳ Turnstile detectado — esperando resolución automática...
2026-09-05 12:15:58,954 [INFO]    ✅ Turnstile resuelto
2026-09-05 12:16:03,542 [INFO]    → 18 ofertas encontradas
2026-09-05 12:16:11,261 [INFO]    ⏳ Turnstile detectado — esperando resolución automática...
2026-09-05 12:16:11,282 [INFO]    ✅ Turnstile resuelto
2026-09-05 12:16:22,183 [INFO]    ⏳ Turnstile detectado — esperando resolución automática...
2026-09-05 12:16:22,207 [INFO]    ✅ Turnstile resuelto
2026-09-05 12:16:33,903 [INFO]    ⏳ Turnstile detectado — esperando resolución automática...
2026-09-05 12:16:33,942 [INFO]    ✅ Turnstile resuelto
2026-09-05 12:16:45,137 [INFO]    ⏳ Turnstile detectado — esperando resolución automática...
2026-09-05 12:16:45,159 [INFO]    ✅ Turnstile resuelto
2026-09-05 12:16:55,487 [INFO]    ⏳ Turnstile detectado — esperando resolución automática...
2026-09-05 12:16:55,512 [INFO]    ✅ Turnstile resuelto
2026-09-05 12:17:06,881 [INFO]    ⏳ Turnstile detectado — esperando resolución automática...
2026-09-05 12:17:06,902 [INFO]    ✅ Turnstile resuelto
2026-09-05 12:17:28,826 [INFO]    ⏳ Turnstile detectado — esperando resolución automática...
2026-09-05 12:17:28,847 [INFO]    ✅ Turnstile resuelto
2026-09-05 12:17:39,808 [INFO]    ⏳ Turnstile detectado — esperando resolución automática...
2026-09-05 12:17:39,829 [INFO]    ✅ Turnstile resuelto
2026-09-05 12:17:49,232 [INFO]    ⏳ Turnstile detectado — esperando resolución automática...
2026-09-05 12:17:49,258 [INFO]    ✅ Turnstile resuelto
2026-09-05 12:18:00,414 [INFO]    ⏳ Turnstile detectado — esperando resolución automática...
2026-09-05 12:18:00,439 [INFO]    ✅ Turnstile resuelto
2026-09-05 12:18:12,515 [INFO]    ⏳ Turnstile detectado — esperando resolución automática...
2026-09-05 12:18:12,537 [INFO]    ✅ Turnstile resuelto
2026-09-05 12:18:22,320 [INFO]    ⏳ Turnstile detectado — esperando resolución automática...
2026-09-05 12:18:22,342 [INFO]    ✅ Turnstile resuelto
2026-09-05 12:18:32,317 [INFO]    ⏳ Turnstile detectado — esperando resolución automática...
2026-09-05 12:18:32,343 [INFO]    ✅ Turnstile resuelto
2026-09-05 12:18:42,753 [INFO]    ⏳ Turnstile detectado — esperando resolución automática...
2026-09-05 12:18:42,776 [INFO]    ✅ Turnstile resuelto
2026-09-05 12:18:54,153 [INFO]    ⏳ Turnstile detectado — esperando resolución automática...
2026-09-05 12:18:54,175 [INFO]    ✅ Turnstile resuelto
2026-09-05 12:19:05,038 [INFO]    ⏳ Turnstile detectado — esperando resolución automática...
2026-09-05 12:19:05,060 [INFO]    ✅ Turnstile resuelto
2026-09-05 12:19:16,080 [INFO]    ⏳ Turnstile detectado — esperando resolución automática...
2026-09-05 12:19:16,117 [INFO]    ✅ Turnstile resuelto
2026-09-05 12:19:28,153 [INFO]    ⏳ Turnstile detectado — esperando resolución automática...
2026-09-05 12:19:28,193 [INFO]    ✅ Turnstile resuelto
2026-09-05 12:19:31,884 [INFO]    Página 4/5 → https://www.opcionempleo.com.ar/trabajo-desarrollador-full-stack.html?p=4
2026-09-05 12:19:40,966 [INFO]    ⏳ Turnstile detectado — esperando resolución automática...
2026-09-05 12:19:40,990 [INFO]    ✅ Turnstile resuelto
2026-09-05 12:19:44,653 [INFO]    → 15 ofertas encontradas
2026-09-05 12:19:52,283 [INFO]    ⏳ Turnstile detectado — esperando resolución automática...
2026-09-05 12:19:52,308 [INFO]    ✅ Turnstile resuelto
2026-09-05 12:20:04,432 [INFO]    ⏳ Turnstile detectado — esperando resolución automática...
2026-09-05 12:20:04,454 [INFO]    ✅ Turnstile resuelto
2026-09-05 12:20:16,046 [INFO]    ⏳ Turnstile detectado — esperando resolución automática...
2026-09-05 12:20:16,092 [INFO]    ✅ Turnstile resuelto
2026-09-05 12:20:25,668 [INFO]    ⏳ Turnstile detectado — esperando resolución automática...
2026-09-05 12:20:25,689 [INFO]    ✅ Turnstile resuelto
2026-09-05 12:20:35,931 [INFO]    ⏳ Turnstile detectado — esperando resolución automática...
2026-09-05 12:20:35,952 [INFO]    ✅ Turnstile resuelto
2026-09-05 12:20:46,755 [INFO]    ⏳ Turnstile detectado — esperando resolución automática...
2026-09-05 12:20:46,778 [INFO]    ✅ Turnstile resuelto
2026-09-05 12:20:57,896 [INFO]    ⏳ Turnstile detectado — esperando resolución automática...
2026-09-05 12:20:57,940 [INFO]    ✅ Turnstile resuelto
2026-09-05 12:21:08,633 [INFO]    ⏳ Turnstile detectado — esperando resolución automática...
2026-09-05 12:21:08,655 [INFO]    ✅ Turnstile resuelto
2026-09-05 12:21:17,974 [INFO]    ⏳ Turnstile detectado — esperando resolución automática...
2026-09-05 12:21:17,995 [INFO]    ✅ Turnstile resuelto
2026-09-05 12:21:28,953 [INFO]    ⏳ Turnstile detectado — esperando resolución automática...
2026-09-05 12:21:28,979 [INFO]    ✅ Turnstile resuelto
2026-09-05 12:21:41,363 [INFO]    ⏳ Turnstile detectado — esperando resolución automática...
2026-09-05 12:21:41,387 [INFO]    ✅ Turnstile resuelto
2026-09-05 12:21:51,955 [INFO]    ⏳ Turnstile detectado — esperando resolución automática...
2026-09-05 12:21:52,000 [INFO]    ✅ Turnstile resuelto
2026-09-05 12:22:03,208 [INFO]    ⏳ Turnstile detectado — esperando resolución automática...
2026-09-05 12:22:03,230 [INFO]    ✅ Turnstile resuelto
2026-09-05 12:22:14,557 [INFO]    ⏳ Turnstile detectado — esperando resolución automática...
2026-09-05 12:22:14,579 [INFO]    ✅ Turnstile resuelto
2026-09-05 12:22:24,057 [INFO]    ⏳ Turnstile detectado — esperando resolución automática...
2026-09-05 12:22:24,090 [INFO]    ✅ Turnstile resuelto
2026-09-05 12:22:28,121 [INFO]    Página 5/5 → https://www.opcionempleo.com.ar/trabajo-desarrollador-full-stack.html?p=5
2026-09-05 12:22:36,248 [INFO]    ⏳ Turnstile detectado — esperando resolución automática...
2026-09-05 12:22:36,272 [INFO]    ✅ Turnstile resuelto
2026-09-05 12:22:40,455 [INFO]    → 19 ofertas encontradas
2026-09-05 12:22:47,097 [INFO]    ⏳ Turnstile detectado — esperando resolución automática...
2026-09-05 12:22:47,122 [INFO]    ✅ Turnstile resuelto
2026-09-05 12:22:57,510 [INFO]    ⏳ Turnstile detectado — esperando resolución automática...
2026-09-05 12:22:57,532 [INFO]    ✅ Turnstile resuelto
2026-09-05 12:23:08,314 [INFO]    ⏳ Turnstile detectado — esperando resolución automática...
2026-09-05 12:23:08,336 [INFO]    ✅ Turnstile resuelto
2026-09-05 12:23:19,617 [INFO]    ⏳ Turnstile detectado — esperando resolución automática...
2026-09-05 12:23:19,638 [INFO]    ✅ Turnstile resuelto
2026-09-05 12:23:31,019 [INFO]    ⏳ Turnstile detectado — esperando resolución automática...
2026-09-05 12:23:31,067 [INFO]    ✅ Turnstile resuelto
2026-09-05 12:23:43,191 [INFO]    ⏳ Turnstile detectado — esperando resolución automática...
2026-09-05 12:23:43,212 [INFO]    ✅ Turnstile resuelto
2026-09-05 12:23:54,232 [INFO]    ⏳ Turnstile detectado — esperando resolución automática...
2026-09-05 12:23:54,254 [INFO]    ✅ Turnstile resuelto
2026-09-05 12:24:04,624 [INFO]    ⏳ Turnstile detectado — esperando resolución automática...
2026-09-05 12:24:04,647 [INFO]    ✅ Turnstile resuelto
2026-09-05 12:24:16,453 [INFO]    ⏳ Turnstile detectado — esperando resolución automática...
2026-09-05 12:24:16,475 [INFO]    ✅ Turnstile resuelto
2026-09-05 12:24:26,340 [INFO]    ⏳ Turnstile detectado — esperando resolución automática...
2026-09-05 12:24:26,376 [INFO]    ✅ Turnstile resuelto
2026-09-05 12:24:38,151 [INFO]    ⏳ Turnstile detectado — esperando resolución automática...
2026-09-05 12:24:38,173 [INFO]    ✅ Turnstile resuelto
2026-09-05 12:24:47,775 [INFO]    ⏳ Turnstile detectado — esperando resolución automática...
2026-09-05 12:24:47,801 [INFO]    ✅ Turnstile resuelto
2026-09-05 12:24:59,600 [INFO]    ⏳ Turnstile detectado — esperando resolución automática...
2026-09-05 12:24:59,625 [INFO]    ✅ Turnstile resuelto
2026-09-05 12:25:10,906 [INFO]    ⏳ Turnstile detectado — esperando resolución automática...
2026-09-05 12:25:10,929 [INFO]    ✅ Turnstile resuelto
2026-09-05 12:25:21,060 [INFO]    ⏳ Turnstile detectado — esperando resolución automática...
2026-09-05 12:25:21,085 [INFO]    ✅ Turnstile resuelto
2026-09-05 12:25:30,308 [INFO]    ⏳ Turnstile detectado — esperando resolución automática...
2026-09-05 12:25:30,348 [INFO]    ✅ Turnstile resuelto
2026-09-05 12:25:41,887 [INFO]    ⏳ Turnstile detectado — esperando resolución automática...
2026-09-05 12:25:41,909 [INFO]    ✅ Turnstile resuelto
2026-09-05 12:25:51,111 [INFO]    ⏳ Turnstile detectado — esperando resolución automática...
2026-09-05 12:25:51,136 [INFO]    ✅ Turnstile resuelto
2026-09-05 12:26:01,879 [INFO]    ⏳ Turnstile detectado — esperando resolución automática...
2026-09-05 12:26:01,900 [INFO]    ✅ Turnstile resuelto
2026-09-05 12:26:05,567 [INFO] Exportadas 89 ofertas → /media/carlos-a-cicconi/Common1/Repositorios-Ing.Carlos-Cicconi/Trabajo_Final_MCD/data/raw/ofertas_opcionempleo_20260905.csv
2026-09-05 12:26:05,567 [INFO] ✅ 'Desarrollador Full Stack': 89 ofertas guardadas
2026-09-05 12:26:05,567 [INFO]    💤 Pausa: 13.3s
2026-09-05 12:26:18,849 [INFO] 
🔍 Buscando: 'Ingeniero de Datos'
2026-09-05 12:26:18,850 [INFO]    Página 1/5 → https://www.opcionempleo.com.ar/trabajo-ingeniero-de-datos.html
2026-09-05 12:26:27,312 [INFO]    ⏳ Turnstile detectado — esperando resolución automática...
2026-09-05 12:26:27,335 [INFO]    ✅ Turnstile resuelto
2026-09-05 12:26:31,886 [INFO]    → 20 ofertas encontradas
2026-09-05 12:26:39,407 [INFO]    ⏳ Turnstile detectado — esperando resolución automática...
2026-09-05 12:26:39,431 [INFO]    ✅ Turnstile resuelto
2026-09-05 12:26:50,933 [INFO]    ⏳ Turnstile detectado — esperando resolución automática...
2026-09-05 12:26:50,954 [INFO]    ✅ Turnstile resuelto
2026-09-05 12:27:01,565 [INFO]    ⏳ Turnstile detectado — esperando resolución automática...
2026-09-05 12:27:01,587 [INFO]    ✅ Turnstile resuelto
2026-09-05 12:27:13,620 [INFO]    ⏳ Turnstile detectado — esperando resolución automática...
2026-09-05 12:27:13,641 [INFO]    ✅ Turnstile resuelto
2026-09-05 12:27:25,750 [INFO]    ⏳ Turnstile detectado — esperando resolución automática...
2026-09-05 12:27:25,772 [INFO]    ✅ Turnstile resuelto
2026-09-05 12:27:37,531 [INFO]    ⏳ Turnstile detectado — esperando resolución automática...
2026-09-05 12:27:37,573 [INFO]    ✅ Turnstile resuelto
2026-09-05 12:27:48,531 [INFO]    ⏳ Turnstile detectado — esperando resolución automática...
2026-09-05 12:27:48,558 [INFO]    ✅ Turnstile resuelto
2026-09-05 12:27:58,790 [INFO]    ⏳ Turnstile detectado — esperando resolución automática...
2026-09-05 12:27:58,811 [INFO]    ✅ Turnstile resuelto
2026-09-05 12:28:10,640 [INFO]    ⏳ Turnstile detectado — esperando resolución automática...
2026-09-05 12:28:10,664 [INFO]    ✅ Turnstile resuelto
2026-09-05 12:28:22,477 [INFO]    ⏳ Turnstile detectado — esperando resolución automática...
2026-09-05 12:28:22,499 [INFO]    ✅ Turnstile resuelto
2026-09-05 12:28:34,299 [INFO]    ⏳ Turnstile detectado — esperando resolución automática...
2026-09-05 12:28:34,323 [INFO]    ✅ Turnstile resuelto
2026-09-05 12:28:45,317 [INFO]    ⏳ Turnstile detectado — esperando resolución automática...
2026-09-05 12:28:45,341 [INFO]    ✅ Turnstile resuelto
2026-09-05 12:28:56,646 [INFO]    ⏳ Turnstile detectado — esperando resolución automática...
2026-09-05 12:28:56,667 [INFO]    ✅ Turnstile resuelto
2026-09-05 12:29:08,005 [INFO]    ⏳ Turnstile detectado — esperando resolución automática...
2026-09-05 12:29:08,026 [INFO]    ✅ Turnstile resuelto
2026-09-05 12:29:19,430 [INFO]    ⏳ Turnstile detectado — esperando resolución automática...
2026-09-05 12:29:19,478 [INFO]    ✅ Turnstile resuelto
2026-09-05 12:29:30,557 [INFO]    ⏳ Turnstile detectado — esperando resolución automática...
2026-09-05 12:29:30,581 [INFO]    ✅ Turnstile resuelto
2026-09-05 12:29:41,247 [INFO]    ⏳ Turnstile detectado — esperando resolución automática...
2026-09-05 12:29:41,268 [INFO]    ✅ Turnstile resuelto
2026-09-05 12:29:51,860 [INFO]    ⏳ Turnstile detectado — esperando resolución automática...
2026-09-05 12:29:51,883 [INFO]    ✅ Turnstile resuelto
2026-09-05 12:30:01,927 [INFO]    ⏳ Turnstile detectado — esperando resolución automática...
2026-09-05 12:30:01,972 [INFO]    ✅ Turnstile resuelto
2026-09-05 12:30:14,074 [INFO]    ⏳ Turnstile detectado — esperando resolución automática...
2026-09-05 12:30:14,100 [INFO]    ✅ Turnstile resuelto
2026-09-05 12:30:18,126 [INFO]    Página 2/5 → https://www.opcionempleo.com.ar/trabajo-ingeniero-de-datos.html?p=2
2026-09-05 12:30:27,128 [INFO]    ⏳ Turnstile detectado — esperando resolución automática...
2026-09-05 12:30:27,152 [INFO]    ✅ Turnstile resuelto
2026-09-05 12:30:31,366 [INFO]    → 20 ofertas encontradas
2026-09-05 12:30:38,438 [INFO]    ⏳ Turnstile detectado — esperando resolución automática...
2026-09-05 12:30:38,460 [INFO]    ✅ Turnstile resuelto
2026-09-05 12:30:48,248 [INFO]    ⏳ Turnstile detectado — esperando resolución automática...
2026-09-05 12:30:48,271 [INFO]    ✅ Turnstile resuelto
2026-09-05 12:30:59,755 [INFO]    ⏳ Turnstile detectado — esperando resolución automática...
2026-09-05 12:30:59,780 [INFO]    ✅ Turnstile resuelto
2026-09-05 12:31:10,965 [INFO]    ⏳ Turnstile detectado — esperando resolución automática...
2026-09-05 12:31:10,987 [INFO]    ✅ Turnstile resuelto
2026-09-05 12:31:23,325 [INFO]    ⏳ Turnstile detectado — esperando resolución automática...
2026-09-05 12:31:23,348 [INFO]    ✅ Turnstile resuelto
2026-09-05 12:31:33,777 [INFO]    ⏳ Turnstile detectado — esperando resolución automática...
2026-09-05 12:31:33,817 [INFO]    ✅ Turnstile resuelto
2026-09-05 12:31:45,107 [INFO]    ⏳ Turnstile detectado — esperando resolución automática...
2026-09-05 12:31:45,128 [INFO]    ✅ Turnstile resuelto
2026-09-05 12:31:55,375 [INFO]    ⏳ Turnstile detectado — esperando resolución automática...
2026-09-05 12:31:55,397 [INFO]    ✅ Turnstile resuelto
2026-09-05 12:32:07,077 [INFO]    ⏳ Turnstile detectado — esperando resolución automática...
2026-09-05 12:32:07,102 [INFO]    ✅ Turnstile resuelto
2026-09-05 12:32:18,137 [INFO]    ⏳ Turnstile detectado — esperando resolución automática...
2026-09-05 12:32:18,183 [INFO]    ✅ Turnstile resuelto
2026-09-05 12:32:29,582 [INFO]    ⏳ Turnstile detectado — esperando resolución automática...
2026-09-05 12:32:29,607 [INFO]    ✅ Turnstile resuelto
2026-09-05 12:32:40,030 [INFO]    ⏳ Turnstile detectado — esperando resolución automática...
2026-09-05 12:32:40,054 [INFO]    ✅ Turnstile resuelto
2026-09-05 12:32:51,087 [INFO]    ⏳ Turnstile detectado — esperando resolución automática...
2026-09-05 12:32:51,112 [INFO]    ✅ Turnstile resuelto
2026-09-05 12:33:01,705 [INFO]    ⏳ Turnstile detectado — esperando resolución automática...
2026-09-05 12:33:01,734 [INFO]    ✅ Turnstile resuelto
2026-09-05 12:33:14,002 [INFO]    ⏳ Turnstile detectado — esperando resolución automática...
2026-09-05 12:33:14,055 [INFO]    ✅ Turnstile resuelto
2026-09-05 12:33:25,804 [INFO]    ⏳ Turnstile detectado — esperando resolución automática...
2026-09-05 12:33:25,826 [INFO]    ✅ Turnstile resuelto
2026-09-05 12:33:36,166 [INFO]    ⏳ Turnstile detectado — esperando resolución automática...
2026-09-05 12:33:36,188 [INFO]    ✅ Turnstile resuelto
2026-09-05 12:33:47,405 [INFO]    ⏳ Turnstile detectado — esperando resolución automática...
2026-09-05 12:33:47,426 [INFO]    ✅ Turnstile resuelto
2026-09-05 12:34:01,095 [INFO]    ⏳ Turnstile detectado — esperando resolución automática...
2026-09-05 12:34:01,143 [INFO]    ✅ Turnstile resuelto
2026-09-05 12:34:13,092 [INFO]    ⏳ Turnstile detectado — esperando resolución automática...
2026-09-05 12:34:13,114 [INFO]    ✅ Turnstile resuelto
2026-09-05 12:34:16,505 [INFO]    Página 3/5 → https://www.opcionempleo.com.ar/trabajo-ingeniero-de-datos.html?p=3
2026-09-05 12:34:26,013 [INFO]    ⏳ Turnstile detectado — esperando resolución automática...
2026-09-05 12:34:26,037 [INFO]    ✅ Turnstile resuelto
2026-09-05 12:34:29,963 [INFO]    → 20 ofertas encontradas
2026-09-05 12:34:37,666 [INFO]    ⏳ Turnstile detectado — esperando resolución automática...
2026-09-05 12:34:37,693 [INFO]    ✅ Turnstile resuelto
2026-09-05 12:34:48,633 [INFO]    ⏳ Turnstile detectado — esperando resolución automática...
2026-09-05 12:34:48,658 [INFO]    ✅ Turnstile resuelto
2026-09-05 12:35:01,031 [INFO]    ⏳ Turnstile detectado — esperando resolución automática...
2026-09-05 12:35:01,053 [INFO]    ✅ Turnstile resuelto
2026-09-05 12:35:12,713 [INFO]    ⏳ Turnstile detectado — esperando resolución automática...
2026-09-05 12:35:12,735 [INFO]    ✅ Turnstile resuelto
2026-09-05 12:35:25,074 [INFO]    ⏳ Turnstile detectado — esperando resolución automática...
2026-09-05 12:35:25,099 [INFO]    ✅ Turnstile resuelto
2026-09-05 12:35:35,274 [INFO]    ⏳ Turnstile detectado — esperando resolución automática...
2026-09-05 12:35:35,314 [INFO]    ✅ Turnstile resuelto
2026-09-05 12:35:47,291 [INFO]    ⏳ Turnstile detectado — esperando resolución automática...
2026-09-05 12:35:47,312 [INFO]    ✅ Turnstile resuelto
2026-09-05 12:35:58,833 [INFO]    ⏳ Turnstile detectado — esperando resolución automática...
2026-09-05 12:35:58,856 [INFO]    ✅ Turnstile resuelto
2026-09-05 12:36:09,636 [INFO]    ⏳ Turnstile detectado — esperando resolución automática...
2026-09-05 12:36:09,659 [INFO]    ✅ Turnstile resuelto
2026-09-05 12:36:19,397 [INFO]    ⏳ Turnstile detectado — esperando resolución automática...
2026-09-05 12:36:19,418 [INFO]    ✅ Turnstile resuelto
2026-09-05 12:36:28,773 [INFO]    ⏳ Turnstile detectado — esperando resolución automática...
2026-09-05 12:36:28,800 [INFO]    ✅ Turnstile resuelto
2026-09-05 12:36:40,319 [INFO]    ⏳ Turnstile detectado — esperando resolución automática...
2026-09-05 12:36:40,340 [INFO]    ✅ Turnstile resuelto
2026-09-05 12:36:49,713 [INFO]    ⏳ Turnstile detectado — esperando resolución automática...
2026-09-05 12:36:49,735 [INFO]    ✅ Turnstile resuelto
2026-09-05 12:37:01,335 [INFO]    ⏳ Turnstile detectado — esperando resolución automática...
2026-09-05 12:37:01,360 [INFO]    ✅ Turnstile resuelto
2026-09-05 12:37:11,195 [INFO]    ⏳ Turnstile detectado — esperando resolución automática...
2026-09-05 12:37:11,217 [INFO]    ✅ Turnstile resuelto
2026-09-05 12:37:20,494 [INFO]    ⏳ Turnstile detectado — esperando resolución automática...
2026-09-05 12:37:20,536 [INFO]    ✅ Turnstile resuelto
2026-09-05 12:37:32,749 [INFO]    ⏳ Turnstile detectado — esperando resolución automática...
2026-09-05 12:37:32,771 [INFO]    ✅ Turnstile resuelto
2026-09-05 12:37:43,515 [INFO]    ⏳ Turnstile detectado — esperando resolución automática...
2026-09-05 12:37:43,537 [INFO]    ✅ Turnstile resuelto
2026-09-05 12:37:55,155 [INFO]    ⏳ Turnstile detectado — esperando resolución automática...
2026-09-05 12:37:55,176 [INFO]    ✅ Turnstile resuelto
2026-09-05 12:38:05,006 [INFO]    ⏳ Turnstile detectado — esperando resolución automática...
2026-09-05 12:38:05,045 [INFO]    ✅ Turnstile resuelto
2026-09-05 12:38:08,965 [INFO]    Página 4/5 → https://www.opcionempleo.com.ar/trabajo-ingeniero-de-datos.html?p=4
2026-09-05 12:38:17,280 [INFO]    ⏳ Turnstile detectado — esperando resolución automática...
2026-09-05 12:38:17,303 [INFO]    ✅ Turnstile resuelto
2026-09-05 12:38:21,578 [INFO]    → 20 ofertas encontradas
2026-09-05 12:38:28,574 [INFO]    ⏳ Turnstile detectado — esperando resolución automática...
2026-09-05 12:38:28,596 [INFO]    ✅ Turnstile resuelto
2026-09-05 12:38:38,283 [INFO]    ⏳ Turnstile detectado — esperando resolución automática...
2026-09-05 12:38:38,305 [INFO]    ✅ Turnstile resuelto
2026-09-05 12:38:48,232 [INFO]    ⏳ Turnstile detectado — esperando resolución automática...
2026-09-05 12:38:48,256 [INFO]    ✅ Turnstile resuelto
2026-09-05 12:38:59,215 [INFO]    ⏳ Turnstile detectado — esperando resolución automática...
2026-09-05 12:38:59,238 [INFO]    ✅ Turnstile resuelto
2026-09-05 12:39:09,478 [INFO]    ⏳ Turnstile detectado — esperando resolución automática...
2026-09-05 12:39:09,501 [INFO]    ✅ Turnstile resuelto
2026-09-05 12:39:21,302 [INFO]    ⏳ Turnstile detectado — esperando resolución automática...
2026-09-05 12:39:21,323 [INFO]    ✅ Turnstile resuelto
2026-09-05 12:39:32,690 [INFO]    ⏳ Turnstile detectado — esperando resolución automática...
2026-09-05 12:39:32,712 [INFO]    ✅ Turnstile resuelto
2026-09-05 12:39:42,844 [INFO]    ⏳ Turnstile detectado — esperando resolución automática...
2026-09-05 12:39:42,866 [INFO]    ✅ Turnstile resuelto
2026-09-05 12:39:53,596 [INFO]    ⏳ Turnstile detectado — esperando resolución automática...
2026-09-05 12:39:53,620 [INFO]    ✅ Turnstile resuelto
2026-09-05 12:40:04,554 [INFO]    ⏳ Turnstile detectado — esperando resolución automática...
2026-09-05 12:40:04,579 [INFO]    ✅ Turnstile resuelto
2026-09-05 12:40:14,754 [INFO]    ⏳ Turnstile detectado — esperando resolución automática...
2026-09-05 12:40:14,775 [INFO]    ✅ Turnstile resuelto
2026-09-05 12:40:27,070 [INFO]    ⏳ Turnstile detectado — esperando resolución automática...
2026-09-05 12:40:27,101 [INFO]    ✅ Turnstile resuelto
2026-09-05 12:40:39,241 [INFO]    ⏳ Turnstile detectado — esperando resolución automática...
2026-09-05 12:40:39,265 [INFO]    ✅ Turnstile resuelto
2026-09-05 12:40:50,299 [INFO]    ⏳ Turnstile detectado — esperando resolución automática...
2026-09-05 12:40:50,323 [INFO]    ✅ Turnstile resuelto
2026-09-05 12:41:01,971 [INFO]    ⏳ Turnstile detectado — esperando resolución automática...
2026-09-05 12:41:01,993 [INFO]    ✅ Turnstile resuelto
2026-09-05 12:41:12,436 [INFO]    ⏳ Turnstile detectado — esperando resolución automática...
2026-09-05 12:41:12,460 [INFO]    ✅ Turnstile resuelto
2026-09-05 12:41:24,505 [INFO]    ⏳ Turnstile detectado — esperando resolución automática...
2026-09-05 12:41:24,527 [INFO]    ✅ Turnstile resuelto
2026-09-05 12:41:35,563 [INFO]    ⏳ Turnstile detectado — esperando resolución automática...
2026-09-05 12:41:35,586 [INFO]    ✅ Turnstile resuelto
2026-09-05 12:41:46,020 [INFO]    ⏳ Turnstile detectado — esperando resolución automática...
2026-09-05 12:41:46,041 [INFO]    ✅ Turnstile resuelto
2026-09-05 12:41:56,892 [INFO]    ⏳ Turnstile detectado — esperando resolución automática...
2026-09-05 12:41:56,914 [INFO]    ✅ Turnstile resuelto
2026-09-05 12:42:00,472 [INFO]    Página 5/5 → https://www.opcionempleo.com.ar/trabajo-ingeniero-de-datos.html?p=5
2026-09-05 12:42:08,358 [INFO]    ⏳ Turnstile detectado — esperando resolución automática...
2026-09-05 12:42:08,400 [INFO]    ✅ Turnstile resuelto
2026-09-05 12:42:12,435 [INFO]    → 19 ofertas encontradas
2026-09-05 12:42:20,233 [INFO]    ⏳ Turnstile detectado — esperando resolución automática...
2026-09-05 12:42:20,258 [INFO]    ✅ Turnstile resuelto
2026-09-05 12:42:32,079 [INFO]    ⏳ Turnstile detectado — esperando resolución automática...
2026-09-05 12:42:32,100 [INFO]    ✅ Turnstile resuelto
2026-09-05 12:42:42,861 [INFO]    ⏳ Turnstile detectado — esperando resolución automática...
2026-09-05 12:42:42,882 [INFO]    ✅ Turnstile resuelto
2026-09-05 12:42:56,046 [INFO]    ⏳ Turnstile detectado — esperando resolución automática...
2026-09-05 12:42:56,087 [INFO]    ✅ Turnstile resuelto
2026-09-05 12:43:08,550 [INFO]    ⏳ Turnstile detectado — esperando resolución automática...
2026-09-05 12:43:08,573 [INFO]    ✅ Turnstile resuelto
2026-09-05 12:43:20,305 [INFO]    ⏳ Turnstile detectado — esperando resolución automática...
2026-09-05 12:43:20,326 [INFO]    ✅ Turnstile resuelto
2026-09-05 12:43:32,368 [INFO]    ⏳ Turnstile detectado — esperando resolución automática...
2026-09-05 12:43:32,390 [INFO]    ✅ Turnstile resuelto
2026-09-05 12:43:44,449 [INFO]    ⏳ Turnstile detectado — esperando resolución automática...
2026-09-05 12:43:44,470 [INFO]    ✅ Turnstile resuelto
2026-09-05 12:43:55,614 [INFO]    ⏳ Turnstile detectado — esperando resolución automática...
2026-09-05 12:43:55,637 [INFO]    ✅ Turnstile resuelto
2026-09-05 12:44:06,092 [INFO]    ⏳ Turnstile detectado — esperando resolución automática...
2026-09-05 12:44:06,115 [INFO]    ✅ Turnstile resuelto
2026-09-05 12:44:15,711 [INFO]    ⏳ Turnstile detectado — esperando resolución automática...
2026-09-05 12:44:15,733 [INFO]    ✅ Turnstile resuelto
2026-09-05 12:44:25,239 [INFO]    ⏳ Turnstile detectado — esperando resolución automática...
2026-09-05 12:44:25,264 [INFO]    ✅ Turnstile resuelto
2026-09-05 12:44:36,031 [INFO]    ⏳ Turnstile detectado — esperando resolución automática...
2026-09-05 12:44:36,072 [INFO]    ✅ Turnstile resuelto
2026-09-05 12:44:48,159 [INFO]    ⏳ Turnstile detectado — esperando resolución automática...
2026-09-05 12:44:48,180 [INFO]    ✅ Turnstile resuelto
2026-09-05 12:44:57,802 [INFO]    ⏳ Turnstile detectado — esperando resolución automática...
2026-09-05 12:44:57,829 [INFO]    ✅ Turnstile resuelto
2026-09-05 12:45:07,616 [INFO]    ⏳ Turnstile detectado — esperando resolución automática...
2026-09-05 12:45:07,641 [INFO]    ✅ Turnstile resuelto
2026-09-05 12:45:17,994 [INFO]    ⏳ Turnstile detectado — esperando resolución automática...
2026-09-05 12:45:18,027 [INFO]    ✅ Turnstile resuelto
2026-09-05 12:45:28,529 [INFO]    ⏳ Turnstile detectado — esperando resolución automática...
2026-09-05 12:45:28,551 [INFO]    ✅ Turnstile resuelto
2026-09-05 12:45:38,705 [INFO]    ⏳ Turnstile detectado — esperando resolución automática...
2026-09-05 12:45:38,728 [INFO]    ✅ Turnstile resuelto
2026-09-05 12:45:42,416 [INFO] Exportadas 99 ofertas → /media/carlos-a-cicconi/Common1/Repositorios-Ing.Carlos-Cicconi/Trabajo_Final_MCD/data/raw/ofertas_opcionempleo_20260905.csv
2026-09-05 12:45:42,416 [INFO] ✅ 'Ingeniero de Datos': 99 ofertas guardadas
2026-09-05 12:45:42,416 [INFO]    💤 Pausa: 11.6s
2026-09-05 12:45:54,168 [INFO] 
============================================================
2026-09-05 12:45:54,168 [INFO] SCRAPING FINALIZADO - OpcionEmpleo Argentina
2026-09-05 12:45:54,168 [INFO] Total ofertas únicas: 921
2026-09-05 12:45:54,168 [INFO] DB : /media/carlos-a-cicconi/Common1/Repositorios-Ing.Carlos-Cicconi/Trabajo_Final_MCD/data/raw/opcionempleo.db
2026-09-05 12:45:54,168 [INFO] CSV: /media/carlos-a-cicconi/Common1/Repositorios-Ing.Carlos-Cicconi/Trabajo_Final_MCD/data/raw/ofertas_opcionempleo_20260905.csv
2026-09-05 12:45:54,168 [INFO] Log: /media/carlos-a-cicconi/Common1/Repositorios-Ing.Carlos-Cicconi/Trabajo_Final_MCD/logs/opcionempleo_20260905_094528.log
2026-09-05 12:45:54,168 [INFO] ============================================================
