2026-09-15 18:46:54,953 [INFO] 
=================================================================
2026-09-15 18:46:54,953 [INFO]   ORQUESTADOR DE SCRAPING — Tesis MCD
2026-09-15 18:46:54,953 [INFO]   Alumno: Cicconi, Carlos Alberto
2026-09-15 18:46:54,953 [INFO]   Universidad Austral — Maestría en Explotación de Datos
2026-09-15 18:46:54,954 [INFO] =================================================================
2026-09-15 18:46:54,954 [INFO]   Fecha/hora inicio : 2026-09-15 18:46:54
2026-09-15 18:46:54,954 [INFO]   Ventana temporal  : 90 días
2026-09-15 18:46:54,954 [INFO]   Verificar links   : Sí (8 hilos)
2026-09-15 18:46:54,954 [INFO]   Scrapers activos  : 10
2026-09-15 18:46:54,954 [INFO]   Solo consolidar   : False
2026-09-15 18:46:54,954 [INFO]   Origen de queries : módulos (por defecto)
2026-09-15 18:46:54,954 [INFO] 
=================================================================
2026-09-15 18:46:54,954 [INFO]   MODO PURGA — revalidando el consolidado existente
2026-09-15 18:46:54,954 [INFO] =================================================================
2026-09-15 18:46:55,023 [INFO]   Revisando 4,985 ofertas ya consolidadas...
2026-09-15 18:46:55,031 [INFO]   🔗 Verificando 4,985 links...
2026-09-15 18:48:02,820 [INFO]     🤖⚠️  Verificación anti-bot (no concluyente), se conserva: https://www.opcionempleo.com.ar/jobad/ar9732c3dec28425def360a99fdcb3cc4e
2026-09-15 18:48:02,825 [INFO]     🤖⚠️  Verificación anti-bot (no concluyente), se conserva: https://www.opcionempleo.com.ar/jobad/arc5fbb6ab86c72848b815eb2fa9c7bf63
2026-09-15 18:48:02,827 [INFO]     🤖⚠️  Verificación anti-bot (no concluyente), se conserva: https://www.opcionempleo.com.ar/jobad/ar99d65dab0e68eebb84327b342ab6ec4b
2026-09-15 18:48:02,906 [INFO]     🤖⚠️  Verificación anti-bot (no concluyente), se conserva: https://www.opcionempleo.com.ar/jobad/arc107cf0437fd6f0556b4625647f7b7bc
2026-09-15 18:48:02,908 [INFO]     🤖⚠️  Verificación anti-bot (no concluyente), se conserva: https://www.opcionempleo.com.ar/jobad/ar86e5427077094d2bf6d4a649ec8b50b2
2026-09-15 18:48:02,909 [INFO]     🤖⚠️  Verificación anti-bot (no concluyente), se conserva: https://www.opcionempleo.com.ar/jobad/arae94f07b1d7423b143ebd0816ab2e38a
2026-09-15 18:48:02,962 [INFO]     🤖⚠️  Verificación anti-bot (no concluyente), se conserva: https://www.opcionempleo.com.ar/jobad/ar7616c5d1fbb7c6cc5d168b22e3a6a02a
2026-09-15 18:48:03,017 [INFO]     🤖⚠️  Verificación anti-bot (no concluyente), se conserva: https://www.opcionempleo.com.ar/jobad/ara7cb0983c09f5123d141fc4a6a7c860b
2026-09-15 18:48:03,601 [INFO]     🤖⚠️  Verificación anti-bot (no concluyente), se conserva: https://www.opcionempleo.com.ar/jobad/ar9710932a3b97fe80a9b3dbeae68ecd8e
2026-09-15 18:48:03,615 [INFO]     🤖⚠️  Verificación anti-bot (no concluyente), se conserva: https://www.opcionempleo.com.ar/jobad/ar25619aece598ddc5983f65002add6021
2026-09-15 18:48:03,623 [INFO]     🤖⚠️  Verificación anti-bot (no concluyente), se conserva: https://www.opcionempleo.com.ar/jobad/are234ec54d1722b4162818a9e526deb6c
2026-09-15 18:48:03,879 [INFO]     🤖⚠️  Verificación anti-bot (no concluyente), se conserva: https://www.opcionempleo.com.ar/jobad/ar74428c99e14599605406e5aa1013aa19
2026-09-15 18:48:03,886 [INFO]     🤖⚠️  Verificación anti-bot (no concluyente), se conserva: https://www.opcionempleo.com.ar/jobad/ar4d3a1207b1ac144ddf63636e5d022edb
2026-09-15 18:48:03,893 [INFO]     🤖⚠️  Verificación anti-bot (no concluyente), se conserva: https://www.opcionempleo.com.ar/jobad/ar48740229dd80d332e9020af23015e22f
2026-09-15 18:48:03,895 [INFO]     🤖⚠️  Verificación anti-bot (no concluyente), se conserva: https://www.opcionempleo.com.ar/jobad/arbe3979b120daea8583821476a22eac1f
2026-09-15 18:48:03,899 [INFO]     🤖⚠️  Verificación anti-bot (no concluyente), se conserva: https://www.opcionempleo.com.ar/jobad/ar6202fd5a4bac98a280c6422fea8354b4
2026-09-15 18:48:04,489 [INFO]     🤖⚠️  Verificación anti-bot (no concluyente), se conserva: https://www.opcionempleo.com.ar/jobad/ar18fdd1978ca15a3456303ddb987c81d3
2026-09-15 18:48:04,500 [INFO]     🤖⚠️  Verificación anti-bot (no concluyente), se conserva: https://www.opcionempleo.com.ar/jobad/ara7549e6fb4a8a79ef0a8a001f2ee73dd
2026-09-15 18:48:04,502 [INFO]     🤖⚠️  Verificación anti-bot (no concluyente), se conserva: https://www.opcionempleo.com.ar/jobad/arda7ac4468c66297b4c0a511508c37843
2026-09-15 18:48:04,898 [INFO]     🤖⚠️  Verificación anti-bot (no concluyente), se conserva: https://www.opcionempleo.com.ar/jobad/ar0ef1391ee4be2b7981e2b436c13f451c
2026-09-15 18:48:04,907 [INFO]     🤖⚠️  Verificación anti-bot (no concluyente), se conserva: https://www.opcionempleo.com.ar/jobad/ard3f5a19eddc236f5b4e676f862538c60
2026-09-15 18:48:04,914 [INFO]     🤖⚠️  Verificación anti-bot (no concluyente), se conserva: https://www.opcionempleo.com.ar/jobad/ard652ef20d9813feffc5898b9966ce48b
2026-09-15 18:48:04,915 [INFO]     🤖⚠️  Verificación anti-bot (no concluyente), se conserva: https://www.opcionempleo.com.ar/jobad/ar01d18cf9e73b7b554dd824ca3d785909
2026-09-15 18:48:04,921 [INFO]     🤖⚠️  Verificación anti-bot (no concluyente), se conserva: https://www.opcionempleo.com.ar/jobad/ar26adbf50e89aafa45a9cbfc49bfb5e32
2026-09-15 18:48:05,608 [INFO]     🤖⚠️  Verificación anti-bot (no concluyente), se conserva: https://www.opcionempleo.com.ar/jobad/arcc358c735267a81d7c5f14ffdf65b250
2026-09-15 18:48:05,609 [INFO]     🤖⚠️  Verificación anti-bot (no concluyente), se conserva: https://www.opcionempleo.com.ar/jobad/ar9f764a5ed073311096cb86cbacdb0b0a
2026-09-15 18:48:05,611 [INFO]     🤖⚠️  Verificación anti-bot (no concluyente), se conserva: https://www.opcionempleo.com.ar/jobad/ar821d3c96804e93ca94ade7b52b35edb5
2026-09-15 18:48:05,893 [INFO]     🤖⚠️  Verificación anti-bot (no concluyente), se conserva: https://www.opcionempleo.com.ar/jobad/ar27a7b20c14db4ac9f1a6b6abd506e63d
2026-09-15 18:48:05,899 [INFO]     🤖⚠️  Verificación anti-bot (no concluyente), se conserva: https://www.opcionempleo.com.ar/jobad/ar81372363c9af79d16b7225f59f65c50d
2026-09-15 18:48:05,903 [INFO]     🤖⚠️  Verificación anti-bot (no concluyente), se conserva: https://www.opcionempleo.com.ar/jobad/ar80a0bd463eb083e3eda0e2c61bbaee42
2026-09-15 18:48:05,907 [INFO]     🤖⚠️  Verificación anti-bot (no concluyente), se conserva: https://www.opcionempleo.com.ar/jobad/ar99785c98f246af68f258ee362c4ccefa
2026-09-15 18:48:05,915 [INFO]     🤖⚠️  Verificación anti-bot (no concluyente), se conserva: https://www.opcionempleo.com.ar/jobad/ar21b71085efa16f6e9b5018da82b38ccb
2026-09-15 18:48:06,684 [INFO]     🤖⚠️  Verificación anti-bot (no concluyente), se conserva: https://www.opcionempleo.com.ar/jobad/ar9cdaf37f8fd7bbcd30e2b6c302ed9cda
2026-09-15 18:48:06,686 [INFO]     🤖⚠️  Verificación anti-bot (no concluyente), se conserva: https://www.opcionempleo.com.ar/jobad/ar6c1d914abf14d6f28109533858b6997d
2026-09-15 18:48:06,704 [INFO]     🤖⚠️  Verificación anti-bot (no concluyente), se conserva: https://www.opcionempleo.com.ar/jobad/ar3fc49daa4d6fec20bd658dc899a4fa41
2026-09-15 18:48:06,953 [INFO]     🤖⚠️  Verificación anti-bot (no concluyente), se conserva: https://www.opcionempleo.com.ar/jobad/ar641ad2f38d40eeac8ec7cc7492d5a14c
2026-09-15 18:48:06,957 [INFO]     🤖⚠️  Verificación anti-bot (no concluyente), se conserva: https://www.opcionempleo.com.ar/jobad/ar2d44a216b63f6afd1ff209e2f47b0d79
2026-09-15 18:48:06,965 [INFO]     🤖⚠️  Verificación anti-bot (no concluyente), se conserva: https://www.opcionempleo.com.ar/jobad/ar5aa4dc6ce1fa91fd617f352d37da36c3
2026-09-15 18:48:06,978 [INFO]     🤖⚠️  Verificación anti-bot (no concluyente), se conserva: https://www.opcionempleo.com.ar/jobad/ar309a0b614fc242cd27a9d05a0ced1558
2026-09-15 18:48:07,717 [INFO]     🤖⚠️  Verificación anti-bot (no concluyente), se conserva: https://www.opcionempleo.com.ar/jobad/ara7eccae216e1c93019d9dfb061cb6288
2026-09-15 18:48:07,720 [INFO]     🤖⚠️  Verificación anti-bot (no concluyente), se conserva: https://www.opcionempleo.com.ar/jobad/ar56f9ef115b8a2ffd38a21310fc816e35
2026-09-15 18:48:07,722 [INFO]     🤖⚠️  Verificación anti-bot (no concluyente), se conserva: https://www.opcionempleo.com.ar/jobad/ar66825e869dbb6a3a1fd33036d927f7a1
2026-09-15 18:48:07,978 [INFO]     🤖⚠️  Verificación anti-bot (no concluyente), se conserva: https://www.opcionempleo.com.ar/jobad/ar36078254c9c5993a9216724233cbdc5f
2026-09-15 18:48:07,982 [INFO]     🤖⚠️  Verificación anti-bot (no concluyente), se conserva: https://www.opcionempleo.com.ar/jobad/ar345442152e84faeadbcbe31fb1c80caf
2026-09-15 18:48:07,988 [INFO]     🤖⚠️  Verificación anti-bot (no concluyente), se conserva: https://www.opcionempleo.com.ar/jobad/ar4041cabe35961dd77c62fc08bf3b1260
2026-09-15 18:48:07,989 [INFO]     🤖⚠️  Verificación anti-bot (no concluyente), se conserva: https://www.opcionempleo.com.ar/jobad/arb79b9812e9db34f4329900caa6555c24
2026-09-15 18:48:07,999 [INFO]     🤖⚠️  Verificación anti-bot (no concluyente), se conserva: https://www.opcionempleo.com.ar/jobad/ar71f41f63006f72e88bd0a2b2895a6389
2026-09-15 18:48:08,594 [INFO]     🤖⚠️  Verificación anti-bot (no concluyente), se conserva: https://www.opcionempleo.com.ar/jobad/ar45d92d5eb3714a126ed1922ab87e4a43
2026-09-15 18:48:08,608 [INFO]     🤖⚠️  Verificación anti-bot (no concluyente), se conserva: https://www.opcionempleo.com.ar/jobad/ar2ff50bb4cc89b25ae86a4b6b8707db9c
2026-09-15 18:48:08,615 [INFO]     🤖⚠️  Verificación anti-bot (no concluyente), se conserva: https://www.opcionempleo.com.ar/jobad/ar88c2f9fecd60c7542c50849baaae22d7
2026-09-15 18:48:08,905 [INFO]     🤖⚠️  Verificación anti-bot (no concluyente), se conserva: https://www.opcionempleo.com.ar/jobad/ar9b617c1f0a726aaa3926c5e209c1881b
2026-09-15 18:48:08,906 [INFO]     🤖⚠️  Verificación anti-bot (no concluyente), se conserva: https://www.opcionempleo.com.ar/jobad/ar06e63d84ac1dee7ee26dd1e82e81f1f3
2026-09-15 18:48:08,908 [INFO]     🤖⚠️  Verificación anti-bot (no concluyente), se conserva: https://www.opcionempleo.com.ar/jobad/ar7b06ddc1f500ec9e68692dae707ef5a9
2026-09-15 18:48:08,910 [INFO]     🤖⚠️  Verificación anti-bot (no concluyente), se conserva: https://www.opcionempleo.com.ar/jobad/ared0f292c5a8ac9a9ad8d1bbcd3a2866a
2026-09-15 18:48:08,911 [INFO]     🤖⚠️  Verificación anti-bot (no concluyente), se conserva: https://www.opcionempleo.com.ar/jobad/ar425ab498b5af73a57374e292391579e9
2026-09-15 18:48:09,755 [INFO]     🤖⚠️  Verificación anti-bot (no concluyente), se conserva: https://www.opcionempleo.com.ar/jobad/ar657c906471cb7cbe860ac44d5543f4d4
2026-09-15 18:48:09,760 [INFO]     🤖⚠️  Verificación anti-bot (no concluyente), se conserva: https://www.opcionempleo.com.ar/jobad/ara61a19974dd15d17d7b8e28f620f3819
2026-09-15 18:48:09,762 [INFO]     🤖⚠️  Verificación anti-bot (no concluyente), se conserva: https://www.opcionempleo.com.ar/jobad/ard5e72929a3ba762207d7075b2a7b6a17
2026-09-15 18:48:10,017 [INFO]     🤖⚠️  Verificación anti-bot (no concluyente), se conserva: https://www.opcionempleo.com.ar/jobad/ar67864d4128cdc078731c48a636ebaf5c
2026-09-15 18:48:10,019 [INFO]     🤖⚠️  Verificación anti-bot (no concluyente), se conserva: https://www.opcionempleo.com.ar/jobad/ar7dbf55c93ec36f816612e7fbca928fec
2026-09-15 18:48:10,029 [INFO]     🤖⚠️  Verificación anti-bot (no concluyente), se conserva: https://www.opcionempleo.com.ar/jobad/arb09e1573cf66d4563c85df142d1b8c79
2026-09-15 18:48:10,038 [INFO]     🤖⚠️  Verificación anti-bot (no concluyente), se conserva: https://www.opcionempleo.com.ar/jobad/ara0db93b3aa4651a4a5b1925ad2b31502
2026-09-15 18:48:10,752 [INFO]     🤖⚠️  Verificación anti-bot (no concluyente), se conserva: https://www.opcionempleo.com.ar/jobad/ar369167e75f3abbabf5ac6e2cd5da9e62
2026-09-15 18:48:10,756 [INFO]     🤖⚠️  Verificación anti-bot (no concluyente), se conserva: https://www.opcionempleo.com.ar/jobad/ar0751c3d72f08f7e14f68d703bf3139ff
2026-09-15 18:48:10,763 [INFO]     🤖⚠️  Verificación anti-bot (no concluyente), se conserva: https://www.opcionempleo.com.ar/jobad/ar6acc78d4b7590348f5e2f7ebbcc04801
2026-09-15 18:48:11,010 [INFO]     🤖⚠️  Verificación anti-bot (no concluyente), se conserva: https://www.opcionempleo.com.ar/jobad/arc580bc0015904cb61261e4b56f55f23b
2026-09-15 18:48:11,012 [INFO]     🤖⚠️  Verificación anti-bot (no concluyente), se conserva: https://www.opcionempleo.com.ar/jobad/ar01be99852ec9d0cc6f36f6b463c3b029
2026-09-15 18:48:11,016 [INFO]     🤖⚠️  Verificación anti-bot (no concluyente), se conserva: https://www.opcionempleo.com.ar/jobad/are193ac5673c656d57642a29662c5101a
2026-09-15 18:48:11,026 [INFO]     🤖⚠️  Verificación anti-bot (no concluyente), se conserva: https://www.opcionempleo.com.ar/jobad/ard9120efb68f0a3cb988c3e6917e2931a
2026-09-15 18:48:11,050 [INFO]     🤖⚠️  Verificación anti-bot (no concluyente), se conserva: https://www.opcionempleo.com.ar/jobad/ar02cad06a6d7d4a18878acd249d3116e7
2026-09-15 18:48:11,672 [INFO]     🤖⚠️  Verificación anti-bot (no concluyente), se conserva: https://www.opcionempleo.com.ar/jobad/ar7c35fac9da6e67eede9acd31a9ce0abb
2026-09-15 18:48:11,674 [INFO]     🤖⚠️  Verificación anti-bot (no concluyente), se conserva: https://www.opcionempleo.com.ar/jobad/ar91e60df67e656056c2a1cbf3d4874534
2026-09-15 18:48:11,678 [INFO]     🤖⚠️  Verificación anti-bot (no concluyente), se conserva: https://www.opcionempleo.com.ar/jobad/arbe7405a6fc0b86dbcfba5accd371005e
2026-09-15 18:48:11,917 [INFO]     🤖⚠️  Verificación anti-bot (no concluyente), se conserva: https://www.opcionempleo.com.ar/jobad/ar6cac834ac832210018623f0f9ae239c7
2026-09-15 18:48:11,933 [INFO]     🤖⚠️  Verificación anti-bot (no concluyente), se conserva: https://www.opcionempleo.com.ar/jobad/ar0efcbdf85d55c0df61790dcbc64095cf
2026-09-15 18:48:11,940 [INFO]     🤖⚠️  Verificación anti-bot (no concluyente), se conserva: https://www.opcionempleo.com.ar/jobad/ar5d534163f01e730d20fd529e68133f0d
2026-09-15 18:48:11,958 [INFO]     🤖⚠️  Verificación anti-bot (no concluyente), se conserva: https://www.opcionempleo.com.ar/jobad/ar9122b14fa2f91f16a484896f095732c7
2026-09-15 18:48:11,960 [INFO]     🤖⚠️  Verificación anti-bot (no concluyente), se conserva: https://www.opcionempleo.com.ar/jobad/ar6e9c730c8d046dde3bf976110b04d161
2026-09-15 18:48:12,871 [INFO]     🤖⚠️  Verificación anti-bot (no concluyente), se conserva: https://www.opcionempleo.com.ar/jobad/ar563ad8cdca4b85b8909dabfc6ecef050
2026-09-15 18:48:12,883 [INFO]     🤖⚠️  Verificación anti-bot (no concluyente), se conserva: https://www.opcionempleo.com.ar/jobad/ard14cbdabbb8953f9af4669be28a967e6
2026-09-15 18:48:12,885 [INFO]     🤖⚠️  Verificación anti-bot (no concluyente), se conserva: https://www.opcionempleo.com.ar/jobad/ar6ba6e33ed540aafe197a0dd4f9c3e6d7
2026-09-15 18:48:13,197 [INFO]     🤖⚠️  Verificación anti-bot (no concluyente), se conserva: https://www.opcionempleo.com.ar/jobad/ar03343adea3c27c57a35aa77c4874b9e8
2026-09-15 18:48:13,200 [INFO]     🤖⚠️  Verificación anti-bot (no concluyente), se conserva: https://www.opcionempleo.com.ar/jobad/ar1a2d338606b7e8510f275e672b89908d
2026-09-15 18:48:13,201 [INFO]     🤖⚠️  Verificación anti-bot (no concluyente), se conserva: https://www.opcionempleo.com.ar/jobad/ar0894e80b16146bf9052640a9780dff2d
2026-09-15 18:48:13,203 [INFO]     🤖⚠️  Verificación anti-bot (no concluyente), se conserva: https://www.opcionempleo.com.ar/jobad/ar7216923abd14638bf2f441f6302fe14b
2026-09-15 18:48:13,204 [INFO]     🤖⚠️  Verificación anti-bot (no concluyente), se conserva: https://www.opcionempleo.com.ar/jobad/ard174ce790ac3d3abeec63ca23d2e25ae
2026-09-15 18:48:14,724 [INFO]     🤖⚠️  Verificación anti-bot (no concluyente), se conserva: https://www.opcionempleo.com.ar/jobad/ar396791c36372f523f972aad0f80cc805
2026-09-15 18:48:14,726 [INFO]     🤖⚠️  Verificación anti-bot (no concluyente), se conserva: https://www.opcionempleo.com.ar/jobad/ar1072971273eaf7157ec0f31206aafe90
2026-09-15 18:48:14,728 [INFO]     🤖⚠️  Verificación anti-bot (no concluyente), se conserva: https://www.opcionempleo.com.ar/jobad/ar055d2a4dde3a53143ddac2d6093b633e
2026-09-15 18:48:14,731 [INFO]     🤖⚠️  Verificación anti-bot (no concluyente), se conserva: https://www.opcionempleo.com.ar/jobad/ar3e2ca8f733c9c2d3ad85dcd69feb4d30
2026-09-15 18:48:15,032 [INFO]     🤖⚠️  Verificación anti-bot (no concluyente), se conserva: https://www.opcionempleo.com.ar/jobad/ar24691e81e0079b86bf9ace1bc7ce2bac
2026-09-15 18:48:15,039 [INFO]     🤖⚠️  Verificación anti-bot (no concluyente), se conserva: https://www.opcionempleo.com.ar/jobad/arf49ab1af16bc411e97250a81f974fe36
2026-09-15 18:48:15,339 [INFO]     🤖⚠️  Verificación anti-bot (no concluyente), se conserva: https://www.opcionempleo.com.ar/jobad/arec7c1af17f613e8a01a3133a282998b4
2026-09-15 18:48:15,861 [INFO]     🤖⚠️  Verificación anti-bot (no concluyente), se conserva: https://www.opcionempleo.com.ar/jobad/ar499260dfffc32a5a72fe732bfe4ef12c
2026-09-15 18:48:15,872 [INFO]     🤖⚠️  Verificación anti-bot (no concluyente), se conserva: https://www.opcionempleo.com.ar/jobad/arf7e3b86f25d09450cfd304b02d3289f4
2026-09-15 18:48:15,873 [INFO]     🤖⚠️  Verificación anti-bot (no concluyente), se conserva: https://www.opcionempleo.com.ar/jobad/arbb8907c72c4c585d4e337afac697827e
2026-09-15 18:48:15,878 [INFO]     🤖⚠️  Verificación anti-bot (no concluyente), se conserva: https://www.opcionempleo.com.ar/jobad/ar31068cf72974be674cf5f29c3f4381d2
2026-09-15 18:48:16,091 [INFO]     🤖⚠️  Verificación anti-bot (no concluyente), se conserva: https://www.opcionempleo.com.ar/jobad/ar8061c9bee08d2c81165f8706af8e2957
2026-09-15 18:48:16,180 [INFO]     🤖⚠️  Verificación anti-bot (no concluyente), se conserva: https://www.opcionempleo.com.ar/jobad/aree6149fd21d6d9ef62709405ca190c53
2026-09-15 18:48:16,189 [INFO]     🤖⚠️  Verificación anti-bot (no concluyente), se conserva: https://www.opcionempleo.com.ar/jobad/are97766664fddddfccbc794a9b7f610e9
2026-09-15 18:48:16,790 [INFO]     🤖⚠️  Verificación anti-bot (no concluyente), se conserva: https://www.opcionempleo.com.ar/jobad/arad4dd2dda03a733c3766e9b1f4e9c078
2026-09-15 18:48:17,057 [INFO]     🤖⚠️  Verificación anti-bot (no concluyente), se conserva: https://www.opcionempleo.com.ar/jobad/are6d2f5d4089fb155ab2fc84940bdc067
2026-09-15 18:48:17,064 [INFO]     🤖⚠️  Verificación anti-bot (no concluyente), se conserva: https://www.opcionempleo.com.ar/jobad/arf48753eed64c6a7a29381a69af8f8011
2026-09-15 18:48:17,082 [INFO]     🤖⚠️  Verificación anti-bot (no concluyente), se conserva: https://www.opcionempleo.com.ar/jobad/arf1e51e92f28786e969f5ff9c9255721c
2026-09-15 18:48:17,089 [INFO]     🤖⚠️  Verificación anti-bot (no concluyente), se conserva: https://www.opcionempleo.com.ar/jobad/arb7fba231f775c8d25dc7508f7cfde8f2
2026-09-15 18:48:17,291 [INFO]     🤖⚠️  Verificación anti-bot (no concluyente), se conserva: https://www.opcionempleo.com.ar/jobad/ar9000b03c608c02559e31bcc02f83f71a
2026-09-15 18:48:17,319 [INFO]     🤖⚠️  Verificación anti-bot (no concluyente), se conserva: https://www.opcionempleo.com.ar/jobad/ar9a10f962074da92fe8bb96391eed1027
2026-09-15 18:48:17,352 [INFO]     🤖⚠️  Verificación anti-bot (no concluyente), se conserva: https://www.opcionempleo.com.ar/jobad/ar1b2ec308e9ca8e4f540bea3aeae93cd5
2026-09-15 18:48:17,810 [INFO]     🤖⚠️  Verificación anti-bot (no concluyente), se conserva: https://www.opcionempleo.com.ar/jobad/ard712a5658095c38ba5bf50cb44ed648f
2026-09-15 18:48:18,105 [INFO]     🤖⚠️  Verificación anti-bot (no concluyente), se conserva: https://www.opcionempleo.com.ar/jobad/are89e94747043a81aab9fd4bb570dac09
2026-09-15 18:48:18,111 [INFO]     🤖⚠️  Verificación anti-bot (no concluyente), se conserva: https://www.opcionempleo.com.ar/jobad/arf12827074b95a132f94deb0f4217a245
2026-09-15 18:48:18,117 [INFO]     🤖⚠️  Verificación anti-bot (no concluyente), se conserva: https://www.opcionempleo.com.ar/jobad/are73ba6b07af28678fe6084a258ef0448
2026-09-15 18:48:18,118 [INFO]     🤖⚠️  Verificación anti-bot (no concluyente), se conserva: https://www.opcionempleo.com.ar/jobad/ar9b28cd68ef6e10bce6eba47613859c67
2026-09-15 18:48:18,512 [INFO]     🤖⚠️  Verificación anti-bot (no concluyente), se conserva: https://www.opcionempleo.com.ar/jobad/ar6d714351e7ac3546a2e1172a845453f1
2026-09-15 18:48:18,517 [INFO]     🤖⚠️  Verificación anti-bot (no concluyente), se conserva: https://www.opcionempleo.com.ar/jobad/arafddf4925d3126d28937ec992dae87c3
2026-09-15 18:48:18,518 [INFO]     🤖⚠️  Verificación anti-bot (no concluyente), se conserva: https://www.opcionempleo.com.ar/jobad/ar7bb746e0fb01e29fd75bc4b6b0329271
2026-09-15 18:48:18,928 [INFO]     🤖⚠️  Verificación anti-bot (no concluyente), se conserva: https://www.opcionempleo.com.ar/jobad/ar71b9431bfa504ac27d509c1ea68215af
2026-09-15 18:48:19,192 [INFO]     🤖⚠️  Verificación anti-bot (no concluyente), se conserva: https://www.opcionempleo.com.ar/jobad/ar6f2911ba4469b5dfe52a1c12489c9bc6
2026-09-15 18:48:19,201 [INFO]     🤖⚠️  Verificación anti-bot (no concluyente), se conserva: https://www.opcionempleo.com.ar/jobad/arf250ecb41e846ec086cef64e2ec15130
2026-09-15 18:48:19,201 [INFO]     🤖⚠️  Verificación anti-bot (no concluyente), se conserva: https://www.opcionempleo.com.ar/jobad/ard7bd39f5d32fedeed4ad87efcf1e2b7b
2026-09-15 18:48:19,208 [INFO]     🤖⚠️  Verificación anti-bot (no concluyente), se conserva: https://www.opcionempleo.com.ar/jobad/ar38ab8a3a4e9904c53296283e96dc9a49
2026-09-15 18:48:19,653 [INFO]     🤖⚠️  Verificación anti-bot (no concluyente), se conserva: https://www.opcionempleo.com.ar/jobad/ar4b8541220d8f3d5e47c579dafcb5f774
2026-09-15 18:48:19,665 [INFO]     🤖⚠️  Verificación anti-bot (no concluyente), se conserva: https://www.opcionempleo.com.ar/jobad/arb960ff3ccc15c6162eeae98bbd08662a
2026-09-15 18:48:19,667 [INFO]     🤖⚠️  Verificación anti-bot (no concluyente), se conserva: https://www.opcionempleo.com.ar/jobad/ar7b3f3f91547c674f4631ab89bb826ad2
2026-09-15 18:48:19,968 [INFO]     🤖⚠️  Verificación anti-bot (no concluyente), se conserva: https://www.opcionempleo.com.ar/jobad/ar21e4919297730483ee924b52be2b36c9
2026-09-15 18:48:20,243 [INFO]     🤖⚠️  Verificación anti-bot (no concluyente), se conserva: https://www.opcionempleo.com.ar/jobad/ar73cb60239efca1bb6750c948026803e6
2026-09-15 18:48:20,246 [INFO]     🤖⚠️  Verificación anti-bot (no concluyente), se conserva: https://www.opcionempleo.com.ar/jobad/ared8b59679e3730f84b72c048de7394ed
2026-09-15 18:48:20,253 [INFO]     🤖⚠️  Verificación anti-bot (no concluyente), se conserva: https://www.opcionempleo.com.ar/jobad/arc0bf15ddda54eea3b0530b2aa9934d82
2026-09-15 18:48:20,262 [INFO]     🤖⚠️  Verificación anti-bot (no concluyente), se conserva: https://www.opcionempleo.com.ar/jobad/ar1bf2c6c1ec0e8a8c590f487046838e7a
2026-09-15 18:48:20,705 [INFO]     🤖⚠️  Verificación anti-bot (no concluyente), se conserva: https://www.opcionempleo.com.ar/jobad/arec495f44334a4b530452a54f8a4387d6
2026-09-15 18:48:20,711 [INFO]     🤖⚠️  Verificación anti-bot (no concluyente), se conserva: https://www.opcionempleo.com.ar/jobad/arcb952ef7f7cc24177516441b53aa2164
2026-09-15 18:48:20,718 [INFO]     🤖⚠️  Verificación anti-bot (no concluyente), se conserva: https://www.opcionempleo.com.ar/jobad/ar8e870eb6ddb28550909539e65f8f3cde
2026-09-15 18:48:20,982 [INFO]     🤖⚠️  Verificación anti-bot (no concluyente), se conserva: https://www.opcionempleo.com.ar/jobad/ar546254a103664e010186e6810154a59f
2026-09-15 18:48:21,259 [INFO]     🤖⚠️  Verificación anti-bot (no concluyente), se conserva: https://www.opcionempleo.com.ar/jobad/ar96bb5d59021a93200aab2d628d49b802
2026-09-15 18:48:21,282 [INFO]     🤖⚠️  Verificación anti-bot (no concluyente), se conserva: https://www.opcionempleo.com.ar/jobad/ar57ba7ba9afac2f1b2c64736862197a1e
2026-09-15 18:48:21,285 [INFO]     🤖⚠️  Verificación anti-bot (no concluyente), se conserva: https://www.opcionempleo.com.ar/jobad/arf54f450f81cb504c46d040bc34e9b6cb
2026-09-15 18:48:21,286 [INFO]     🤖⚠️  Verificación anti-bot (no concluyente), se conserva: https://www.opcionempleo.com.ar/jobad/ar9a255c95a0900afcd925cba95642b0a4
2026-09-15 18:48:21,613 [INFO]     🤖⚠️  Verificación anti-bot (no concluyente), se conserva: https://www.opcionempleo.com.ar/jobad/ar2d0903e30040ff37795b8ddb118ca09d
2026-09-15 18:48:21,614 [INFO]     🤖⚠️  Verificación anti-bot (no concluyente), se conserva: https://www.opcionempleo.com.ar/jobad/ara685dd7717d335cd696748059cc6374f
2026-09-15 18:48:21,628 [INFO]     🤖⚠️  Verificación anti-bot (no concluyente), se conserva: https://www.opcionempleo.com.ar/jobad/arceb4fd6c6cf77dd5beda6f683ee61dd0
2026-09-15 18:48:22,177 [INFO]     🤖⚠️  Verificación anti-bot (no concluyente), se conserva: https://www.opcionempleo.com.ar/jobad/ar29d64703bfe02a0c21033072f3564602
2026-09-15 18:48:22,531 [INFO]     🤖⚠️  Verificación anti-bot (no concluyente), se conserva: https://www.opcionempleo.com.ar/jobad/are7934ca869db90431ae192a66024f23a
2026-09-15 18:48:22,537 [INFO]     🤖⚠️  Verificación anti-bot (no concluyente), se conserva: https://www.opcionempleo.com.ar/jobad/ar246bd5c86384aeb1b8adf3e1d46ae9e4
2026-09-15 18:48:22,541 [INFO]     🤖⚠️  Verificación anti-bot (no concluyente), se conserva: https://www.opcionempleo.com.ar/jobad/ar25b0b42edcc2c9e75d268d7e281886c1
2026-09-15 18:48:22,544 [INFO]     🤖⚠️  Verificación anti-bot (no concluyente), se conserva: https://www.opcionempleo.com.ar/jobad/ara7e84abdf84acc04d142084e87334fb4
2026-09-15 18:48:22,823 [INFO]     🤖⚠️  Verificación anti-bot (no concluyente), se conserva: https://www.opcionempleo.com.ar/jobad/ar33f9500bf41a29bc57ddcc63ec2ccff8
2026-09-15 18:48:22,828 [INFO]     🤖⚠️  Verificación anti-bot (no concluyente), se conserva: https://www.opcionempleo.com.ar/jobad/ar4119259b8faacb449b579504eecd7d39
2026-09-15 18:48:22,833 [INFO]     🤖⚠️  Verificación anti-bot (no concluyente), se conserva: https://www.opcionempleo.com.ar/jobad/ara533a73c6b1adb830f0c734faa6c65d3
2026-09-15 18:48:23,083 [INFO]     🤖⚠️  Verificación anti-bot (no concluyente), se conserva: https://www.opcionempleo.com.ar/jobad/are1f23a4bd5fb1bb4184efca92ac7eda1
2026-09-15 18:48:23,438 [INFO]     🤖⚠️  Verificación anti-bot (no concluyente), se conserva: https://www.opcionempleo.com.ar/jobad/arfa04ebbdf2ed7449930c4f7990b33198
2026-09-15 18:48:23,440 [INFO]     🤖⚠️  Verificación anti-bot (no concluyente), se conserva: https://www.opcionempleo.com.ar/jobad/ar8ed34559e366d0fad674aec0a2bf4ee5
2026-09-15 18:48:23,446 [INFO]     🤖⚠️  Verificación anti-bot (no concluyente), se conserva: https://www.opcionempleo.com.ar/jobad/ar7d8376d84d4598e7cff218c6ddc9670a
2026-09-15 18:48:23,459 [INFO]     🤖⚠️  Verificación anti-bot (no concluyente), se conserva: https://www.opcionempleo.com.ar/jobad/ara5d20ea2126dcbb931558e6c42066e85
2026-09-15 18:48:23,687 [INFO]     🤖⚠️  Verificación anti-bot (no concluyente), se conserva: https://www.opcionempleo.com.ar/jobad/ar5b3ef9615cd5e42ba6230183872f0049
2026-09-15 18:48:23,689 [INFO]     🤖⚠️  Verificación anti-bot (no concluyente), se conserva: https://www.opcionempleo.com.ar/jobad/ar4e0fa98a54ec4e005061946d329140e0
2026-09-15 18:48:23,698 [INFO]     🤖⚠️  Verificación anti-bot (no concluyente), se conserva: https://www.opcionempleo.com.ar/jobad/ar001690c2f3bf14887fc40f4548129c71
2026-09-15 18:48:24,040 [INFO]     🤖⚠️  Verificación anti-bot (no concluyente), se conserva: https://www.opcionempleo.com.ar/jobad/ar9bb62c6b34b6f670cbf6730606853a9d
2026-09-15 18:48:24,298 [INFO]     🤖⚠️  Verificación anti-bot (no concluyente), se conserva: https://www.opcionempleo.com.ar/jobad/arf0501f7e4533089debcefd0c59299e98
2026-09-15 18:48:24,315 [INFO]     🤖⚠️  Verificación anti-bot (no concluyente), se conserva: https://www.opcionempleo.com.ar/jobad/ard05c88a8ca61e7704d801e7ac0ba3b1b
2026-09-15 18:48:24,317 [INFO]     🤖⚠️  Verificación anti-bot (no concluyente), se conserva: https://www.opcionempleo.com.ar/jobad/ar7f230c85e8705c8aeffe969e84ddcf5c
2026-09-15 18:48:24,335 [INFO]     🤖⚠️  Verificación anti-bot (no concluyente), se conserva: https://www.opcionempleo.com.ar/jobad/arddd88a2527e0f7c40d103e9c848f52c3
2026-09-15 18:48:24,630 [INFO]     🤖⚠️  Verificación anti-bot (no concluyente), se conserva: https://www.opcionempleo.com.ar/jobad/ar00dd9336e4d48ef0bf6cbcac689d2b3b
2026-09-15 18:48:24,633 [INFO]     🤖⚠️  Verificación anti-bot (no concluyente), se conserva: https://www.opcionempleo.com.ar/jobad/ar91e0e112899517aedf7bab060f5ae0a4
2026-09-15 18:48:24,639 [INFO]     🤖⚠️  Verificación anti-bot (no concluyente), se conserva: https://www.opcionempleo.com.ar/jobad/ar6d75b01dca3afb4f10dbbe3b45f6008d
2026-09-15 18:48:24,965 [INFO]     🤖⚠️  Verificación anti-bot (no concluyente), se conserva: https://www.opcionempleo.com.ar/jobad/ar37faaa02ec028b3ff0d25bff7f73c298
2026-09-15 18:48:25,288 [INFO]     🤖⚠️  Verificación anti-bot (no concluyente), se conserva: https://www.opcionempleo.com.ar/jobad/ar3f77619cea7804e5c28d71f5ee57b834
2026-09-15 18:48:25,288 [INFO]     🤖⚠️  Verificación anti-bot (no concluyente), se conserva: https://www.opcionempleo.com.ar/jobad/ar6f0e6735eb7f7017b968c863818683c6
2026-09-15 18:48:25,289 [INFO]     🤖⚠️  Verificación anti-bot (no concluyente), se conserva: https://www.opcionempleo.com.ar/jobad/arc982eaad09098e58172d6298b2c4aae6
2026-09-15 18:48:25,292 [INFO]     🤖⚠️  Verificación anti-bot (no concluyente), se conserva: https://www.opcionempleo.com.ar/jobad/ar5d0ab34eecbb088518dd512c3d331aa4
2026-09-15 18:48:25,582 [INFO]     🤖⚠️  Verificación anti-bot (no concluyente), se conserva: https://www.opcionempleo.com.ar/jobad/ar5e7de5eab3c667e0d7f81317d1ea6b4a
2026-09-15 18:48:25,584 [INFO]     🤖⚠️  Verificación anti-bot (no concluyente), se conserva: https://www.opcionempleo.com.ar/jobad/ara8a4623bab6f6207608fcaeadaf9e966
2026-09-15 18:48:25,586 [INFO]     🤖⚠️  Verificación anti-bot (no concluyente), se conserva: https://www.opcionempleo.com.ar/jobad/ar0c80d617bedd17d0a16d9771a8b7ca77
2026-09-15 18:48:25,907 [INFO]     🤖⚠️  Verificación anti-bot (no concluyente), se conserva: https://www.opcionempleo.com.ar/jobad/ar6db929b9ff8a82ffe7dab31fcfba66d3
2026-09-15 18:48:26,173 [INFO]     🤖⚠️  Verificación anti-bot (no concluyente), se conserva: https://www.opcionempleo.com.ar/jobad/arf544013942500ec0f95afe6508761521
2026-09-15 18:48:26,183 [INFO]     🤖⚠️  Verificación anti-bot (no concluyente), se conserva: https://www.opcionempleo.com.ar/jobad/arde3b64e8f4b5d3b353b751e7c6b3e08f
2026-09-15 18:48:26,194 [INFO]     🤖⚠️  Verificación anti-bot (no concluyente), se conserva: https://www.opcionempleo.com.ar/jobad/ar18e95b3537a34b4c4da4927d3e9e1046
2026-09-15 18:48:26,196 [INFO]     🤖⚠️  Verificación anti-bot (no concluyente), se conserva: https://www.opcionempleo.com.ar/jobad/arb1d4b983db5c4c59201ad02c1f0feac4
2026-09-15 18:48:26,510 [INFO]     🤖⚠️  Verificación anti-bot (no concluyente), se conserva: https://www.opcionempleo.com.ar/jobad/arbf4b323d744d38749410e16f8337d1a6
2026-09-15 18:48:26,515 [INFO]     🤖⚠️  Verificación anti-bot (no concluyente), se conserva: https://www.opcionempleo.com.ar/jobad/ar85e645474530f005980dae91a1d4b9bd
2026-09-15 18:48:26,517 [INFO]     🤖⚠️  Verificación anti-bot (no concluyente), se conserva: https://www.opcionempleo.com.ar/jobad/ar36545f009284dedd60a932058004f890
2026-09-15 18:48:27,048 [INFO]     🤖⚠️  Verificación anti-bot (no concluyente), se conserva: https://www.opcionempleo.com.ar/jobad/ar45b4048519fa93c5136ad90a677aba06
2026-09-15 18:48:27,304 [INFO]     🤖⚠️  Verificación anti-bot (no concluyente), se conserva: https://www.opcionempleo.com.ar/jobad/ar1c085299fba71e3dcb18dda33699f024
2026-09-15 18:48:27,320 [INFO]     🤖⚠️  Verificación anti-bot (no concluyente), se conserva: https://www.opcionempleo.com.ar/jobad/arbdfc538c0b53f4866f81443776df52c3
2026-09-15 18:48:27,326 [INFO]     🤖⚠️  Verificación anti-bot (no concluyente), se conserva: https://www.opcionempleo.com.ar/jobad/ar5a2e428dd5bcca7b3e230f096e46da72
2026-09-15 18:48:27,327 [INFO]     🤖⚠️  Verificación anti-bot (no concluyente), se conserva: https://www.opcionempleo.com.ar/jobad/ar038bc2af52cab5c1e5c646b9626c6560
2026-09-15 18:48:27,933 [INFO]     🤖⚠️  Verificación anti-bot (no concluyente), se conserva: https://www.opcionempleo.com.ar/jobad/ar0434d9090566a76dc48bbc6f07f66d65
2026-09-15 18:48:27,937 [INFO]     🤖⚠️  Verificación anti-bot (no concluyente), se conserva: https://www.opcionempleo.com.ar/jobad/are07c1c57d34549096b1b2834c59461e5
2026-09-15 18:48:27,938 [INFO]     🤖⚠️  Verificación anti-bot (no concluyente), se conserva: https://www.opcionempleo.com.ar/jobad/ar718cde4300cded14e5e8811397ef5b98
2026-09-15 18:48:28,195 [INFO]     🤖⚠️  Verificación anti-bot (no concluyente), se conserva: https://www.opcionempleo.com.ar/jobad/ar644d9f8c7f8fecbbfac379d6e9d7e0e0
2026-09-15 18:48:28,548 [INFO]     🤖⚠️  Verificación anti-bot (no concluyente), se conserva: https://www.opcionempleo.com.ar/jobad/arccb79fbc2bcbb71c1947ba2ac9c2633b
2026-09-15 18:48:28,548 [INFO]     🤖⚠️  Verificación anti-bot (no concluyente), se conserva: https://www.opcionempleo.com.ar/jobad/ar00b4a673d353ff5238aad4e83bb7c9c5
2026-09-15 18:48:28,554 [INFO]     🤖⚠️  Verificación anti-bot (no concluyente), se conserva: https://www.opcionempleo.com.ar/jobad/ar15c2105341fc3ef44d610faa30a422a5
2026-09-15 18:48:28,555 [INFO]     🤖⚠️  Verificación anti-bot (no concluyente), se conserva: https://www.opcionempleo.com.ar/jobad/ar48275b08a46efb672bae95a9ae99d4e2
2026-09-15 18:48:28,860 [INFO]     🤖⚠️  Verificación anti-bot (no concluyente), se conserva: https://www.opcionempleo.com.ar/jobad/ar3bdbd4e663404f6c6a39852c240433d1
2026-09-15 18:48:28,865 [INFO]     🤖⚠️  Verificación anti-bot (no concluyente), se conserva: https://www.opcionempleo.com.ar/jobad/are9c75bde338f8a88bbd57bc4e5385b0c
2026-09-15 18:48:28,866 [INFO]     🤖⚠️  Verificación anti-bot (no concluyente), se conserva: https://www.opcionempleo.com.ar/jobad/arf38cb24f401dc028e2abb9cd6f1154c9
2026-09-15 18:48:29,171 [INFO]     🤖⚠️  Verificación anti-bot (no concluyente), se conserva: https://www.opcionempleo.com.ar/jobad/ar76acc230b122f2935aac11769ee6a9e7
2026-09-15 18:48:29,470 [INFO]     🤖⚠️  Verificación anti-bot (no concluyente), se conserva: https://www.opcionempleo.com.ar/jobad/arc1c26ef08bf789ca929812e5920d4e31
2026-09-15 18:48:29,471 [INFO]     🤖⚠️  Verificación anti-bot (no concluyente), se conserva: https://www.opcionempleo.com.ar/jobad/ar49a418ff3169a41e6527a71608c11672
2026-09-15 18:48:29,471 [INFO]     🤖⚠️  Verificación anti-bot (no concluyente), se conserva: https://www.opcionempleo.com.ar/jobad/ar2daabde4a1cbc47165d8958a55e434ad
2026-09-15 18:48:29,479 [INFO]     🤖⚠️  Verificación anti-bot (no concluyente), se conserva: https://www.opcionempleo.com.ar/jobad/ar7345718cf4a7de56ea04e29466bfa5b1
2026-09-15 18:48:29,947 [INFO]     🤖⚠️  Verificación anti-bot (no concluyente), se conserva: https://www.opcionempleo.com.ar/jobad/ar3fbd30732673dfadb465a450923b89cb
2026-09-15 18:48:29,950 [INFO]     🤖⚠️  Verificación anti-bot (no concluyente), se conserva: https://www.opcionempleo.com.ar/jobad/ara3263417912b35c447dbb7e17f13623f
2026-09-15 18:48:29,951 [INFO]     🤖⚠️  Verificación anti-bot (no concluyente), se conserva: https://www.opcionempleo.com.ar/jobad/are47ec9b10cb9bc1aeedb25a09ac0bb4c
2026-09-15 18:48:30,259 [INFO]     🤖⚠️  Verificación anti-bot (no concluyente), se conserva: https://www.opcionempleo.com.ar/jobad/ar6a3a25abd9dca28ac0d76f6a14d3307e
2026-09-15 18:48:30,816 [INFO]     🤖⚠️  Verificación anti-bot (no concluyente), se conserva: https://www.opcionempleo.com.ar/jobad/arbdd742225059ffd38c7247ec44fd9992
2026-09-15 18:48:30,820 [INFO]     🤖⚠️  Verificación anti-bot (no concluyente), se conserva: https://www.opcionempleo.com.ar/jobad/ar688948ae0d13dfa7529fe392b3327bf4
2026-09-15 18:48:30,820 [INFO]     🤖⚠️  Verificación anti-bot (no concluyente), se conserva: https://www.opcionempleo.com.ar/jobad/ar99400f740d91995177c25841438b0645
2026-09-15 18:48:30,821 [INFO]     🤖⚠️  Verificación anti-bot (no concluyente), se conserva: https://www.opcionempleo.com.ar/jobad/ar175bccac984d52213bb0dda2c7945647
2026-09-15 18:48:31,424 [INFO]     🤖⚠️  Verificación anti-bot (no concluyente), se conserva: https://www.opcionempleo.com.ar/jobad/ar75c97bafe5ace58b13617f32bfb259a6
2026-09-15 18:48:31,436 [INFO]     🤖⚠️  Verificación anti-bot (no concluyente), se conserva: https://www.opcionempleo.com.ar/jobad/arc94d7f1d8582d5f8ba388071168ba706
2026-09-15 18:48:31,438 [INFO]     🤖⚠️  Verificación anti-bot (no concluyente), se conserva: https://www.opcionempleo.com.ar/jobad/arf7a8eedc564bf7b7fdd9f1c187bd2e11
2026-09-15 18:48:31,735 [INFO]     🤖⚠️  Verificación anti-bot (no concluyente), se conserva: https://www.opcionempleo.com.ar/jobad/ar9ffb3cd31e1a7fd54fa8c52bae9d66aa
2026-09-15 18:48:32,148 [INFO]     🤖⚠️  Verificación anti-bot (no concluyente), se conserva: https://www.opcionempleo.com.ar/jobad/arbe4cecef50354ff3e743b39f0c6e4ad0
2026-09-15 18:48:32,151 [INFO]     🤖⚠️  Verificación anti-bot (no concluyente), se conserva: https://www.opcionempleo.com.ar/jobad/ara00b7f440e68682db93fd707b0eacfde
2026-09-15 18:48:32,152 [INFO]     🤖⚠️  Verificación anti-bot (no concluyente), se conserva: https://www.opcionempleo.com.ar/jobad/ar8d7f924f31308d74824a6519ac97d9ca
2026-09-15 18:48:32,153 [INFO]     🤖⚠️  Verificación anti-bot (no concluyente), se conserva: https://www.opcionempleo.com.ar/jobad/arfb6f3b453e482a3369612aeecada0f93
2026-09-15 18:48:32,517 [INFO]     🤖⚠️  Verificación anti-bot (no concluyente), se conserva: https://www.opcionempleo.com.ar/jobad/ar58dae45d2e5f502006b200a0fa6467ca
2026-09-15 18:48:32,518 [INFO]     🤖⚠️  Verificación anti-bot (no concluyente), se conserva: https://www.opcionempleo.com.ar/jobad/ar11f330f3c22faf5a42353b2d55108d46
2026-09-15 18:48:32,518 [INFO]     🤖⚠️  Verificación anti-bot (no concluyente), se conserva: https://www.opcionempleo.com.ar/jobad/ar8f29eec372bd204d4f54ae51469c43d7
2026-09-15 18:48:32,966 [INFO]     🤖⚠️  Verificación anti-bot (no concluyente), se conserva: https://www.opcionempleo.com.ar/jobad/ar3af6d117d430c4b117b4b93dc55feaf7
2026-09-15 18:48:33,372 [INFO]     🤖⚠️  Verificación anti-bot (no concluyente), se conserva: https://www.opcionempleo.com.ar/jobad/are05b89805254f4064176dd7597dc71dc
2026-09-15 18:48:33,373 [INFO]     🤖⚠️  Verificación anti-bot (no concluyente), se conserva: https://www.opcionempleo.com.ar/jobad/ar18f5169353895c9b5d73c831d5030212
2026-09-15 18:48:33,375 [INFO]     🤖⚠️  Verificación anti-bot (no concluyente), se conserva: https://www.opcionempleo.com.ar/jobad/ar94c07f3d97c308f2e0196c1d293ad869
2026-09-15 18:48:33,376 [INFO]     🤖⚠️  Verificación anti-bot (no concluyente), se conserva: https://www.opcionempleo.com.ar/jobad/ar88eb4bd44abbfa2653a54ef792b65f1c
2026-09-15 18:48:33,665 [INFO]     🤖⚠️  Verificación anti-bot (no concluyente), se conserva: https://www.opcionempleo.com.ar/jobad/ar6634234f594d35ee0d0006b3a80a684c
2026-09-15 18:48:33,682 [INFO]     🤖⚠️  Verificación anti-bot (no concluyente), se conserva: https://www.opcionempleo.com.ar/jobad/ar683957e63ac8088bbcf2b31dadf7bf76
2026-09-15 18:48:33,686 [INFO]     🤖⚠️  Verificación anti-bot (no concluyente), se conserva: https://www.opcionempleo.com.ar/jobad/ar9c27231b96e36b44523768a49e0fde34
2026-09-15 18:48:34,002 [INFO]     🤖⚠️  Verificación anti-bot (no concluyente), se conserva: https://www.opcionempleo.com.ar/jobad/ar81e4aad113bb4468d39e395c5f4701b1
2026-09-15 18:48:34,293 [INFO]     🤖⚠️  Verificación anti-bot (no concluyente), se conserva: https://www.opcionempleo.com.ar/jobad/ar0ed68252e9bd50780955e015e832c5b7
2026-09-15 18:48:34,295 [INFO]     🤖⚠️  Verificación anti-bot (no concluyente), se conserva: https://www.opcionempleo.com.ar/jobad/arc583af858c44cd3e1028eef4d93953fe
2026-09-15 18:48:34,297 [INFO]     🤖⚠️  Verificación anti-bot (no concluyente), se conserva: https://www.opcionempleo.com.ar/jobad/arc2eed6ac28b65ce2b7be17108e6c6f21
2026-09-15 18:48:34,299 [INFO]     🤖⚠️  Verificación anti-bot (no concluyente), se conserva: https://www.opcionempleo.com.ar/jobad/arcde2dca1fa298db807883279c7303b25
2026-09-15 18:48:34,656 [INFO]     🤖⚠️  Verificación anti-bot (no concluyente), se conserva: https://www.opcionempleo.com.ar/jobad/ara3ecee054cd79510dcd062715c9875a5
2026-09-15 18:48:34,657 [INFO]     🤖⚠️  Verificación anti-bot (no concluyente), se conserva: https://www.opcionempleo.com.ar/jobad/ar9105b2bb6b949b08a8bc174d73a48608
2026-09-15 18:48:34,659 [INFO]     🤖⚠️  Verificación anti-bot (no concluyente), se conserva: https://www.opcionempleo.com.ar/jobad/ar010182941752148b97a5e48f6bbf9210
2026-09-15 18:48:35,210 [INFO]     🤖⚠️  Verificación anti-bot (no concluyente), se conserva: https://www.opcionempleo.com.ar/jobad/ar802c0e86021093371718db0faef13ffe
2026-09-15 18:48:35,526 [INFO]     🤖⚠️  Verificación anti-bot (no concluyente), se conserva: https://www.opcionempleo.com.ar/jobad/ar991b0ee13b476ad75e91907f3126a416
2026-09-15 18:48:35,536 [INFO]     🤖⚠️  Verificación anti-bot (no concluyente), se conserva: https://www.opcionempleo.com.ar/jobad/ar5d56fa2e08796a7fc70796388d665512
2026-09-15 18:48:35,546 [INFO]     🤖⚠️  Verificación anti-bot (no concluyente), se conserva: https://www.opcionempleo.com.ar/jobad/arae5200656b4c7f1ee9911d996df3f40f
2026-09-15 18:48:35,552 [INFO]     🤖⚠️  Verificación anti-bot (no concluyente), se conserva: https://www.opcionempleo.com.ar/jobad/ar6664c1fd8fcf641607c8b891a4e1a1d0
2026-09-15 18:48:35,789 [INFO]     🤖⚠️  Verificación anti-bot (no concluyente), se conserva: https://www.opcionempleo.com.ar/jobad/ar25ef196dc8c9361676bb42b15e691b76
2026-09-15 18:48:35,791 [INFO]     🤖⚠️  Verificación anti-bot (no concluyente), se conserva: https://www.opcionempleo.com.ar/jobad/ar1e998a9c3444ddf78860b693488d5455
2026-09-15 18:48:35,815 [INFO]     🤖⚠️  Verificación anti-bot (no concluyente), se conserva: https://www.opcionempleo.com.ar/jobad/ard52e28365c9cdc7f39c0788a7783ad08
2026-09-15 18:48:36,327 [INFO]     🤖⚠️  Verificación anti-bot (no concluyente), se conserva: https://www.opcionempleo.com.ar/jobad/ar0548888d3aa1cade4a60ae1055fe9fca
2026-09-15 18:48:36,327 [INFO]     🤖⚠️  Verificación anti-bot (no concluyente), se conserva: https://www.opcionempleo.com.ar/jobad/ar4055cefd764c8962f21aa33dd84ee7a8
2026-09-15 18:48:36,356 [INFO]     🤖⚠️  Verificación anti-bot (no concluyente), se conserva: https://www.opcionempleo.com.ar/jobad/ar25d3d7b285f3eba7dd6512cc902a8e28
2026-09-15 18:48:36,647 [INFO]     🤖⚠️  Verificación anti-bot (no concluyente), se conserva: https://www.opcionempleo.com.ar/jobad/ar07ae82dd032e9e985c69a554492688b3
2026-09-15 18:48:36,681 [INFO]     🤖⚠️  Verificación anti-bot (no concluyente), se conserva: https://www.opcionempleo.com.ar/jobad/ar5dd8cf58bb3d433f208a725fd8204ec2
2026-09-15 18:48:36,889 [INFO]     🤖⚠️  Verificación anti-bot (no concluyente), se conserva: https://www.opcionempleo.com.ar/jobad/ar03fad40ac85dcb6e522d38b57f83ee9c
2026-09-15 18:48:36,974 [INFO]     🤖⚠️  Verificación anti-bot (no concluyente), se conserva: https://www.opcionempleo.com.ar/jobad/ar4ba519caf62cb3d0c27f5547b945e060
2026-09-15 18:48:36,978 [INFO]     🤖⚠️  Verificación anti-bot (no concluyente), se conserva: https://www.opcionempleo.com.ar/jobad/ar12e43b473ba7271614f5d7b58e3fcf74
2026-09-15 18:48:37,366 [INFO]     🤖⚠️  Verificación anti-bot (no concluyente), se conserva: https://www.opcionempleo.com.ar/jobad/ar0245448433a920d8098a0b6d6f0b3a71
2026-09-15 18:48:37,368 [INFO]     🤖⚠️  Verificación anti-bot (no concluyente), se conserva: https://www.opcionempleo.com.ar/jobad/ar038c1c8cd33583d256dda2cd95c4dfc9
2026-09-15 18:48:37,371 [INFO]     🤖⚠️  Verificación anti-bot (no concluyente), se conserva: https://www.opcionempleo.com.ar/jobad/are2be46b33cd28c5f00cfb093eefc8d6f
2026-09-15 18:48:37,675 [INFO]     🤖⚠️  Verificación anti-bot (no concluyente), se conserva: https://www.opcionempleo.com.ar/jobad/arc9bd899c342037d506b952ae34596006
2026-09-15 18:48:37,683 [INFO]     🤖⚠️  Verificación anti-bot (no concluyente), se conserva: https://www.opcionempleo.com.ar/jobad/ar74552d5639e84abbce4c1c82f839df18
2026-09-15 18:48:38,083 [INFO]     🤖⚠️  Verificación anti-bot (no concluyente), se conserva: https://www.opcionempleo.com.ar/jobad/arfa3f31f165a6ccea8667f35fb37e7b62
2026-09-15 18:48:38,086 [INFO]     🤖⚠️  Verificación anti-bot (no concluyente), se conserva: https://www.opcionempleo.com.ar/jobad/ar6b3aa40fd5c75f3c34c96cfd8f078a5d
2026-09-15 18:48:38,089 [INFO]     🤖⚠️  Verificación anti-bot (no concluyente), se conserva: https://www.opcionempleo.com.ar/jobad/ar27bd54bd723605a51dd33e875748cb13
2026-09-15 18:48:38,391 [INFO]     🤖⚠️  Verificación anti-bot (no concluyente), se conserva: https://www.opcionempleo.com.ar/jobad/ar4eedf95e0e54b54df747f54a858bf2eb
2026-09-15 18:48:38,393 [INFO]     🤖⚠️  Verificación anti-bot (no concluyente), se conserva: https://www.opcionempleo.com.ar/jobad/ar8b22909bb10c69cba92c9a924a8e7414
2026-09-15 18:48:38,398 [INFO]     🤖⚠️  Verificación anti-bot (no concluyente), se conserva: https://www.opcionempleo.com.ar/jobad/ar0482e9a8d448ba1e167fef9d66cfd229
2026-09-15 18:48:38,891 [INFO]     🤖⚠️  Verificación anti-bot (no concluyente), se conserva: https://www.opcionempleo.com.ar/jobad/ar25a72f0d181fb05722a5a9ffd157ac99
2026-09-15 18:48:38,892 [INFO]     🤖⚠️  Verificación anti-bot (no concluyente), se conserva: https://www.opcionempleo.com.ar/jobad/ar75611e527b630f53071aa17ba25857c4
2026-09-15 18:48:39,314 [INFO]     🤖⚠️  Verificación anti-bot (no concluyente), se conserva: https://www.opcionempleo.com.ar/jobad/are4dfaa3fe31a71338d26d9bb564ac3b5
2026-09-15 18:48:39,316 [INFO]     🤖⚠️  Verificación anti-bot (no concluyente), se conserva: https://www.opcionempleo.com.ar/jobad/ar68d0ea340847103ac73b52d2e0a3e38d
2026-09-15 18:48:39,318 [INFO]     🤖⚠️  Verificación anti-bot (no concluyente), se conserva: https://www.opcionempleo.com.ar/jobad/ar39c669141a86c7678886129fa39b4a76
2026-09-15 18:48:39,612 [INFO]     🤖⚠️  Verificación anti-bot (no concluyente), se conserva: https://www.opcionempleo.com.ar/jobad/arb47fa8ec429a54eeecd606e68629aa45
2026-09-15 18:48:39,616 [INFO]     🤖⚠️  Verificación anti-bot (no concluyente), se conserva: https://www.opcionempleo.com.ar/jobad/ar3d7898c77d277e77a6cc69e62227cf2e
2026-09-15 18:48:39,625 [INFO]     🤖⚠️  Verificación anti-bot (no concluyente), se conserva: https://www.opcionempleo.com.ar/jobad/ar280ac688ebcfecf00e32f05815f7f451
2026-09-15 18:48:39,927 [INFO]     🤖⚠️  Verificación anti-bot (no concluyente), se conserva: https://www.opcionempleo.com.ar/jobad/ar817333d27525001fa1f3117d4689ab9e
2026-09-15 18:48:39,928 [INFO]     🤖⚠️  Verificación anti-bot (no concluyente), se conserva: https://www.opcionempleo.com.ar/jobad/ard1427276057c0bf8bada352a68a27154
2026-09-15 18:48:40,229 [INFO]     🤖⚠️  Verificación anti-bot (no concluyente), se conserva: https://www.opcionempleo.com.ar/jobad/area24845287ec9761dab2be70c7afb94d
2026-09-15 18:48:40,231 [INFO]     🤖⚠️  Verificación anti-bot (no concluyente), se conserva: https://www.opcionempleo.com.ar/jobad/ar2e3dc03388b311c754492178e786779c
2026-09-15 18:48:40,232 [INFO]     🤖⚠️  Verificación anti-bot (no concluyente), se conserva: https://www.opcionempleo.com.ar/jobad/ar82b82bc90ebe5f6b0f902823e3b076c3
2026-09-15 18:48:40,427 [INFO]     🤖⚠️  Verificación anti-bot (no concluyente), se conserva: https://www.opcionempleo.com.ar/jobad/ar13c4372024461462d7e70ce9acfdaea5
2026-09-15 18:48:40,496 [INFO]     🤖⚠️  Verificación anti-bot (no concluyente), se conserva: https://www.opcionempleo.com.ar/jobad/ar11b0754d3abd6357dc7ea354a3db3357
2026-09-15 18:48:40,524 [INFO]     🤖⚠️  Verificación anti-bot (no concluyente), se conserva: https://www.opcionempleo.com.ar/jobad/ar3de626c70ef12aa031780ff5a19c9c95
2026-09-15 18:48:40,731 [INFO]     🤖⚠️  Verificación anti-bot (no concluyente), se conserva: https://www.opcionempleo.com.ar/jobad/arc9219f4b95a37447b2f020eeb9eca3b0
2026-09-15 18:48:40,784 [INFO]     🤖⚠️  Verificación anti-bot (no concluyente), se conserva: https://www.opcionempleo.com.ar/jobad/ar8e57382ac8098cef0f689c4ae9d3dca8
2026-09-15 18:48:41,052 [INFO]     🤖⚠️  Verificación anti-bot (no concluyente), se conserva: https://www.opcionempleo.com.ar/jobad/ar53704e2073789ccca8a6bc779f274ea8
2026-09-15 18:48:41,060 [INFO]     🤖⚠️  Verificación anti-bot (no concluyente), se conserva: https://www.opcionempleo.com.ar/jobad/arf28c3f888b285aba621983c7fef00995
2026-09-15 18:48:41,097 [INFO]     🤖⚠️  Verificación anti-bot (no concluyente), se conserva: https://www.opcionempleo.com.ar/jobad/ar3462bd7ba3ef3b3718278bf9a9f48423
2026-09-15 18:48:41,555 [INFO]     🤖⚠️  Verificación anti-bot (no concluyente), se conserva: https://www.opcionempleo.com.ar/jobad/ar0cb9a5e49ce4a069e970267babfd5e1d
2026-09-15 18:48:41,566 [INFO]     🤖⚠️  Verificación anti-bot (no concluyente), se conserva: https://www.opcionempleo.com.ar/jobad/ar0fd3a15955d4deabd47ead52ff094b39
2026-09-15 18:48:41,568 [INFO]     🤖⚠️  Verificación anti-bot (no concluyente), se conserva: https://www.opcionempleo.com.ar/jobad/arfbdfbe333fc2a5fcbb54f2eacaf0de58
2026-09-15 18:48:41,969 [INFO]     🤖⚠️  Verificación anti-bot (no concluyente), se conserva: https://www.opcionempleo.com.ar/jobad/ardaba796e445f6e8bbade475ce9e6499e
2026-09-15 18:48:41,975 [INFO]     🤖⚠️  Verificación anti-bot (no concluyente), se conserva: https://www.opcionempleo.com.ar/jobad/ar7fdac5246fd9f9c58bf0345b51f45cc6
2026-09-15 18:48:42,220 [INFO]     🤖⚠️  Verificación anti-bot (no concluyente), se conserva: https://www.opcionempleo.com.ar/jobad/ar63fb21707cd208c9b7148d2d5cbaec88
2026-09-15 18:48:42,230 [INFO]     🤖⚠️  Verificación anti-bot (no concluyente), se conserva: https://www.opcionempleo.com.ar/jobad/ara4925df12a2d940570d79b05b4c584f9
2026-09-15 18:48:42,242 [INFO]     🤖⚠️  Verificación anti-bot (no concluyente), se conserva: https://www.opcionempleo.com.ar/jobad/ar28afa8888d00c9092ab24b29a9bf1a40
2026-09-15 18:48:42,486 [INFO]     🤖⚠️  Verificación anti-bot (no concluyente), se conserva: https://www.opcionempleo.com.ar/jobad/ar469e55cb6b5ab965f26b4cb451d16bfd
2026-09-15 18:48:42,539 [INFO]     🤖⚠️  Verificación anti-bot (no concluyente), se conserva: https://www.opcionempleo.com.ar/jobad/arb38133665f98f7c3df9e4082b4886f01
2026-09-15 18:48:42,541 [INFO]     🤖⚠️  Verificación anti-bot (no concluyente), se conserva: https://www.opcionempleo.com.ar/jobad/arf17358e68e9e45bd28c183f93590e0b6
2026-09-15 18:48:42,781 [INFO]     🤖⚠️  Verificación anti-bot (no concluyente), se conserva: https://www.opcionempleo.com.ar/jobad/ar351c6bde49ac376fb4e39cb350f17b3c
2026-09-15 18:48:42,786 [INFO]     🤖⚠️  Verificación anti-bot (no concluyente), se conserva: https://www.opcionempleo.com.ar/jobad/ar9db9b74ffdfcda3d781603d14df6f850
2026-09-15 18:48:43,099 [INFO]     🤖⚠️  Verificación anti-bot (no concluyente), se conserva: https://www.opcionempleo.com.ar/jobad/arb277e87fa5e783a11361e504fb894596
2026-09-15 18:48:43,144 [INFO]     🤖⚠️  Verificación anti-bot (no concluyente), se conserva: https://www.opcionempleo.com.ar/jobad/arcfb0fc8ea8f39abdd4bcae9b81975a09
2026-09-15 18:48:43,145 [INFO]     🤖⚠️  Verificación anti-bot (no concluyente), se conserva: https://www.opcionempleo.com.ar/jobad/ar1707f2c4ad8fd23e4f86d21b59e36af1
2026-09-15 18:48:43,418 [INFO]     🤖⚠️  Verificación anti-bot (no concluyente), se conserva: https://www.opcionempleo.com.ar/jobad/ara5e77aff3a365b5308378d0c071fcb5f
2026-09-15 18:48:43,418 [INFO]     🤖⚠️  Verificación anti-bot (no concluyente), se conserva: https://www.opcionempleo.com.ar/jobad/ar234b7d73556a54ab64c868c29e835788
2026-09-15 18:48:43,445 [INFO]     🤖⚠️  Verificación anti-bot (no concluyente), se conserva: https://www.opcionempleo.com.ar/jobad/ara487118c2f22729895a7656fc42a4709
2026-09-15 18:48:43,714 [INFO]     🤖⚠️  Verificación anti-bot (no concluyente), se conserva: https://www.opcionempleo.com.ar/jobad/are060e1bfea2e56a8cc1154330a9e8cac
2026-09-15 18:48:43,716 [INFO]     🤖⚠️  Verificación anti-bot (no concluyente), se conserva: https://www.opcionempleo.com.ar/jobad/ar39b6f845661a88dbc4722d2d06bd0d15
2026-09-15 18:48:44,051 [INFO]     🤖⚠️  Verificación anti-bot (no concluyente), se conserva: https://www.opcionempleo.com.ar/jobad/arc7f787b4a960c2928b4d02346d5fff13
2026-09-15 18:48:44,051 [INFO]     🤖⚠️  Verificación anti-bot (no concluyente), se conserva: https://www.opcionempleo.com.ar/jobad/ar8d2db12d981b113a86d962847e978b2a
2026-09-15 18:48:44,055 [INFO]     🤖⚠️  Verificación anti-bot (no concluyente), se conserva: https://www.opcionempleo.com.ar/jobad/ar799e46d0f32739a004d40005fd31de59
2026-09-15 18:48:44,331 [INFO]     🤖⚠️  Verificación anti-bot (no concluyente), se conserva: https://www.opcionempleo.com.ar/jobad/ar649b54a3a39a57f375fabd2471c0c00d
2026-09-15 18:48:44,333 [INFO]     🤖⚠️  Verificación anti-bot (no concluyente), se conserva: https://www.opcionempleo.com.ar/jobad/ar167d2013d061979cef270e52a156c4f8
2026-09-15 18:48:44,339 [INFO]     🤖⚠️  Verificación anti-bot (no concluyente), se conserva: https://www.opcionempleo.com.ar/jobad/ar12f2e29e9bc6cde14acd8a0a7be43678
2026-09-15 18:48:44,677 [INFO]     🤖⚠️  Verificación anti-bot (no concluyente), se conserva: https://www.opcionempleo.com.ar/jobad/ar0a0fbf40a93229c5d7b216bc6ffee07f
2026-09-15 18:48:44,680 [INFO]     🤖⚠️  Verificación anti-bot (no concluyente), se conserva: https://www.opcionempleo.com.ar/jobad/ar83d27f3f133b7e04e73eacf0fe1f596a
2026-09-15 18:48:44,975 [INFO]     🤖⚠️  Verificación anti-bot (no concluyente), se conserva: https://www.opcionempleo.com.ar/jobad/ar828cb646196802f58a2fc4808fcfafdc
2026-09-15 18:48:44,975 [INFO]     🤖⚠️  Verificación anti-bot (no concluyente), se conserva: https://www.opcionempleo.com.ar/jobad/ar8976fb150f14fa7cefef586406c5cd24
2026-09-15 18:48:44,979 [INFO]     🤖⚠️  Verificación anti-bot (no concluyente), se conserva: https://www.opcionempleo.com.ar/jobad/arb354f994d52e07cf9ab14495ffd57a9a
2026-09-15 18:48:45,270 [INFO]     🤖⚠️  Verificación anti-bot (no concluyente), se conserva: https://www.opcionempleo.com.ar/jobad/ar465e5113f11cb3374a7889e8a14805fa
2026-09-15 18:48:45,279 [INFO]     🤖⚠️  Verificación anti-bot (no concluyente), se conserva: https://www.opcionempleo.com.ar/jobad/ared4123bfae4d6b9c1df2046df53d22af
2026-09-15 18:48:45,283 [INFO]     🤖⚠️  Verificación anti-bot (no concluyente), se conserva: https://www.opcionempleo.com.ar/jobad/ar7b473c089317f7c033a964b47c1b0308
2026-09-15 18:48:45,660 [INFO]     🤖⚠️  Verificación anti-bot (no concluyente), se conserva: https://www.opcionempleo.com.ar/jobad/ar2bd8b8eb70039a461aab583eab9e5ef3
2026-09-15 18:48:45,662 [INFO]     🤖⚠️  Verificación anti-bot (no concluyente), se conserva: https://www.opcionempleo.com.ar/jobad/areeb63f9f668e7b7796cd393410e9e0dc
2026-09-15 18:48:45,963 [INFO]     🤖⚠️  Verificación anti-bot (no concluyente), se conserva: https://www.opcionempleo.com.ar/jobad/arebc8f2615acf31826fdb5e1276d6fc1e
2026-09-15 18:48:45,964 [INFO]     🤖⚠️  Verificación anti-bot (no concluyente), se conserva: https://www.opcionempleo.com.ar/jobad/ar0d8af227d3d092c05c1a408ec8e58c0b
2026-09-15 18:48:45,964 [INFO]     🤖⚠️  Verificación anti-bot (no concluyente), se conserva: https://www.opcionempleo.com.ar/jobad/ard2baab1ecf60f729ff07110cfe5f529a
2026-09-15 18:48:46,268 [INFO]     🤖⚠️  Verificación anti-bot (no concluyente), se conserva: https://www.opcionempleo.com.ar/jobad/ar71bb7f9db5cbec57b7eaf0ae935cc0c9
2026-09-15 18:48:46,271 [INFO]     🤖⚠️  Verificación anti-bot (no concluyente), se conserva: https://www.opcionempleo.com.ar/jobad/ar374ad6fed14751b0296a7690845bf4df
2026-09-15 18:48:46,282 [INFO]     🤖⚠️  Verificación anti-bot (no concluyente), se conserva: https://www.opcionempleo.com.ar/jobad/ar4336d335b8afc937f0fb38a3be7e1d9d
2026-09-15 18:48:46,576 [INFO]     🤖⚠️  Verificación anti-bot (no concluyente), se conserva: https://www.opcionempleo.com.ar/jobad/arfebc53bc623718e55b531a5a0da07f98
2026-09-15 18:48:46,577 [INFO]     🤖⚠️  Verificación anti-bot (no concluyente), se conserva: https://www.opcionempleo.com.ar/jobad/arf029c7398a88d29a5d05dfdfd485372f
2026-09-15 18:48:47,091 [INFO]     🤖⚠️  Verificación anti-bot (no concluyente), se conserva: https://www.opcionempleo.com.ar/jobad/ar872f1c00cd328bb2e1bfb1d9a5f8a762
2026-09-15 18:48:47,094 [INFO]     🤖⚠️  Verificación anti-bot (no concluyente), se conserva: https://www.opcionempleo.com.ar/jobad/ar1c1c720b2f0911abdb21ad1b7c43fbb3
2026-09-15 18:48:47,098 [INFO]     🤖⚠️  Verificación anti-bot (no concluyente), se conserva: https://www.opcionempleo.com.ar/jobad/are1399b1e9dcc78fb8ceefec9f12db937
2026-09-15 18:48:47,379 [INFO]     🤖⚠️  Verificación anti-bot (no concluyente), se conserva: https://www.opcionempleo.com.ar/jobad/ar9ff90321e629c8f473e8415e853ec97d
2026-09-15 18:48:47,381 [INFO]     🤖⚠️  Verificación anti-bot (no concluyente), se conserva: https://www.opcionempleo.com.ar/jobad/arab589494f974ca2310f0b9d30d863793
2026-09-15 18:48:47,393 [INFO]     🤖⚠️  Verificación anti-bot (no concluyente), se conserva: https://www.opcionempleo.com.ar/jobad/ar1a682a74ca67d201338fc93ea2b4e82e
2026-09-15 18:48:47,811 [INFO]     🤖⚠️  Verificación anti-bot (no concluyente), se conserva: https://www.opcionempleo.com.ar/jobad/ar4326675d38fdcb290397270dc3c81af1
2026-09-15 18:48:47,820 [INFO]     🤖⚠️  Verificación anti-bot (no concluyente), se conserva: https://www.opcionempleo.com.ar/jobad/ar7dac342c74787c55cc694ce5066b9fac
2026-09-15 18:48:48,125 [INFO]     🤖⚠️  Verificación anti-bot (no concluyente), se conserva: https://www.opcionempleo.com.ar/jobad/ar0cf331c82630262700cd244cffa517d7
2026-09-15 18:48:48,131 [INFO]     🤖⚠️  Verificación anti-bot (no concluyente), se conserva: https://www.opcionempleo.com.ar/jobad/ar44f9b3d3dfd70aae30a2ea896f8c15a0
2026-09-15 18:48:48,139 [INFO]     🤖⚠️  Verificación anti-bot (no concluyente), se conserva: https://www.opcionempleo.com.ar/jobad/ar3ee9a5ee6ca61100e4317df9c00c7519
2026-09-15 18:48:48,378 [INFO]     🤖⚠️  Verificación anti-bot (no concluyente), se conserva: https://www.opcionempleo.com.ar/jobad/arfb6f1aa8bbc225b6cdfff09f05032390
2026-09-15 18:48:48,385 [INFO]     🤖⚠️  Verificación anti-bot (no concluyente), se conserva: https://www.opcionempleo.com.ar/jobad/ar06dc74cc1181d982b9dc7a3c0f48f0f8
2026-09-15 18:48:48,392 [INFO]     🤖⚠️  Verificación anti-bot (no concluyente), se conserva: https://www.opcionempleo.com.ar/jobad/ar371072a4ce05a4ce6901bda67d291e44
2026-09-15 18:48:48,910 [INFO]     🤖⚠️  Verificación anti-bot (no concluyente), se conserva: https://www.opcionempleo.com.ar/jobad/ar2ec3e7dde22e88996b4de3190db50fc6
2026-09-15 18:48:48,911 [INFO]     🤖⚠️  Verificación anti-bot (no concluyente), se conserva: https://www.opcionempleo.com.ar/jobad/ar5295bfa8d9cf14d7d40e056e63220383
2026-09-15 18:48:49,239 [INFO]     🤖⚠️  Verificación anti-bot (no concluyente), se conserva: https://www.opcionempleo.com.ar/jobad/ar5dba153cac14010491be40179691cae1
2026-09-15 18:48:49,243 [INFO]     🤖⚠️  Verificación anti-bot (no concluyente), se conserva: https://www.opcionempleo.com.ar/jobad/arb78b2967dad8fb7f11131e167feddc2c
2026-09-15 18:48:49,245 [INFO]     🤖⚠️  Verificación anti-bot (no concluyente), se conserva: https://www.opcionempleo.com.ar/jobad/ar22e87aa46d913f4d7a627a07b36cb84e
2026-09-15 18:48:49,543 [INFO]     🤖⚠️  Verificación anti-bot (no concluyente), se conserva: https://www.opcionempleo.com.ar/jobad/ar59c70bd7ac6eee9559d7cb6c4515ab27
2026-09-15 18:48:49,545 [INFO]     🤖⚠️  Verificación anti-bot (no concluyente), se conserva: https://www.opcionempleo.com.ar/jobad/ar44a79bb7dd4881548f735fce39014e2d
2026-09-15 18:48:49,547 [INFO]     🤖⚠️  Verificación anti-bot (no concluyente), se conserva: https://www.opcionempleo.com.ar/jobad/ar22034be28a037810d6e2fa54b457b88f
2026-09-15 18:48:50,058 [INFO]     🤖⚠️  Verificación anti-bot (no concluyente), se conserva: https://www.opcionempleo.com.ar/jobad/ar52759d6bfac206deb4dac4757fb046d0
2026-09-15 18:48:50,059 [INFO]     🤖⚠️  Verificación anti-bot (no concluyente), se conserva: https://www.opcionempleo.com.ar/jobad/ared97bb763278bcc697fc8ea1b0b21c9f
2026-09-15 18:48:50,403 [INFO]     🤖⚠️  Verificación anti-bot (no concluyente), se conserva: https://www.opcionempleo.com.ar/jobad/ar647a0898e689c3dfffe9b4dcbfe24329
2026-09-15 18:48:50,404 [INFO]     🤖⚠️  Verificación anti-bot (no concluyente), se conserva: https://www.opcionempleo.com.ar/jobad/are55b12c60904742906924ede88d17b6a
2026-09-15 18:48:50,406 [INFO]     🤖⚠️  Verificación anti-bot (no concluyente), se conserva: https://www.opcionempleo.com.ar/jobad/ar9d3fc3864631b61e993a1de66ef99898
2026-09-15 18:48:50,680 [INFO]     🤖⚠️  Verificación anti-bot (no concluyente), se conserva: https://www.opcionempleo.com.ar/jobad/ara156ebb3e482bfeefaa2836a517c5e95
2026-09-15 18:48:50,681 [INFO]     🤖⚠️  Verificación anti-bot (no concluyente), se conserva: https://www.opcionempleo.com.ar/jobad/arfd8ead173ba180e56d9a12722d13d6ec
2026-09-15 18:48:50,682 [INFO]     🤖⚠️  Verificación anti-bot (no concluyente), se conserva: https://www.opcionempleo.com.ar/jobad/ar47420a30da4dc004616fd10806f756a0
2026-09-15 18:48:51,043 [INFO]     🤖⚠️  Verificación anti-bot (no concluyente), se conserva: https://www.opcionempleo.com.ar/jobad/ar6ff2f47872f54a4ce470555ad5e089ae
2026-09-15 18:48:51,044 [INFO]     🤖⚠️  Verificación anti-bot (no concluyente), se conserva: https://www.opcionempleo.com.ar/jobad/ard7d96fbc8aae68d48b7baca083f33469
2026-09-15 18:48:51,289 [INFO]     🤖⚠️  Verificación anti-bot (no concluyente), se conserva: https://www.opcionempleo.com.ar/jobad/ar9e211304ddbc31554dc69eeeace634f2
2026-09-15 18:48:51,308 [INFO]     🤖⚠️  Verificación anti-bot (no concluyente), se conserva: https://www.opcionempleo.com.ar/jobad/arb3f21804012b76cdf564d14f32534d4d
2026-09-15 18:48:51,466 [INFO]     🤖⚠️  Verificación anti-bot (no concluyente), se conserva: https://www.opcionempleo.com.ar/jobad/ar013dab2f63ffac04c1b247a7d1c6865a
2026-09-15 18:48:51,647 [INFO]     🤖⚠️  Verificación anti-bot (no concluyente), se conserva: https://www.opcionempleo.com.ar/jobad/arf50b1011d421e182684e64fe3b859d1b
2026-09-15 18:48:51,750 [INFO]     🤖⚠️  Verificación anti-bot (no concluyente), se conserva: https://www.opcionempleo.com.ar/jobad/ar2aa153790807e16162ae50c2aadc0af4
2026-09-15 18:48:51,757 [INFO]     🤖⚠️  Verificación anti-bot (no concluyente), se conserva: https://www.opcionempleo.com.ar/jobad/ar5247754560761bbbb0c96a06531ecee0
2026-09-15 18:48:51,903 [INFO]     🤖⚠️  Verificación anti-bot (no concluyente), se conserva: https://www.opcionempleo.com.ar/jobad/arba5c88469d3adccfe4556d1952cc853f
2026-09-15 18:48:51,944 [INFO]     🤖⚠️  Verificación anti-bot (no concluyente), se conserva: https://www.opcionempleo.com.ar/jobad/ardea1a5e1c5c2a245ca709e5bd1186c2c
2026-09-15 18:48:52,214 [INFO]     🤖⚠️  Verificación anti-bot (no concluyente), se conserva: https://www.opcionempleo.com.ar/jobad/ar442ba794627f1aba856d5634b9bbf31d
2026-09-15 18:48:52,226 [INFO]     🤖⚠️  Verificación anti-bot (no concluyente), se conserva: https://www.opcionempleo.com.ar/jobad/ard0138f5faf43ab7277249a4d08eda2f6
2026-09-15 18:48:52,251 [INFO]     🤖⚠️  Verificación anti-bot (no concluyente), se conserva: https://www.opcionempleo.com.ar/jobad/ar4ad6506facd7a98e8fb4b225c3729d75
2026-09-15 18:48:52,512 [INFO]     🤖⚠️  Verificación anti-bot (no concluyente), se conserva: https://www.opcionempleo.com.ar/jobad/ar0848e2a09551d2648b131570d4c674db
2026-09-15 18:48:52,522 [INFO]     🤖⚠️  Verificación anti-bot (no concluyente), se conserva: https://www.opcionempleo.com.ar/jobad/ar93f1f53c1666b6f7ab1b69025ac32db6
2026-09-15 18:48:52,526 [INFO]     🤖⚠️  Verificación anti-bot (no concluyente), se conserva: https://www.opcionempleo.com.ar/jobad/ar3af3506aa08e7265739d6957340c012c
2026-09-15 18:48:52,929 [INFO]     🤖⚠️  Verificación anti-bot (no concluyente), se conserva: https://www.opcionempleo.com.ar/jobad/ar9c0ffe8e173d70972356083ccb399439
2026-09-15 18:48:52,930 [INFO]     🤖⚠️  Verificación anti-bot (no concluyente), se conserva: https://www.opcionempleo.com.ar/jobad/ara921bb4be3acb9f18714c0a6aad9f6df
2026-09-15 18:48:53,441 [INFO]     🤖⚠️  Verificación anti-bot (no concluyente), se conserva: https://www.opcionempleo.com.ar/jobad/ar83042f02867deae6735c187973da103c
2026-09-15 18:48:53,443 [INFO]     🤖⚠️  Verificación anti-bot (no concluyente), se conserva: https://www.opcionempleo.com.ar/jobad/arf9ee21a30155cf7f1763c7d88972ff1e
2026-09-15 18:48:53,443 [INFO]     🤖⚠️  Verificación anti-bot (no concluyente), se conserva: https://www.opcionempleo.com.ar/jobad/ar9075b20ce6d48a3217f348df81916329
2026-09-15 18:48:53,746 [INFO]     🤖⚠️  Verificación anti-bot (no concluyente), se conserva: https://www.opcionempleo.com.ar/jobad/ar21725eb925267e1934b9096b39210966
2026-09-15 18:48:53,748 [INFO]     🤖⚠️  Verificación anti-bot (no concluyente), se conserva: https://www.opcionempleo.com.ar/jobad/ar7758c7ea06953f0430fb1f07b08cff77
2026-09-15 18:48:53,749 [INFO]     🤖⚠️  Verificación anti-bot (no concluyente), se conserva: https://www.opcionempleo.com.ar/jobad/arc943d0c113f41a6c5f32efb4081b8768
2026-09-15 18:48:54,263 [INFO]     🤖⚠️  Verificación anti-bot (no concluyente), se conserva: https://www.opcionempleo.com.ar/jobad/ard0e97b13a518888207fbf4cf399d5531
2026-09-15 18:48:54,279 [INFO]     🤖⚠️  Verificación anti-bot (no concluyente), se conserva: https://www.opcionempleo.com.ar/jobad/ar41a6286a26ef64e3f7477102a3c79cf2
2026-09-15 18:48:54,582 [INFO]     🤖⚠️  Verificación anti-bot (no concluyente), se conserva: https://www.opcionempleo.com.ar/jobad/ar8870f5e3eb5e0c3c628cdcccd08f2acf
2026-09-15 18:48:54,587 [INFO]     🤖⚠️  Verificación anti-bot (no concluyente), se conserva: https://www.opcionempleo.com.ar/jobad/arda2b344af672cff1ecf1fd7d2deccf52
2026-09-15 18:48:54,596 [INFO]     🤖⚠️  Verificación anti-bot (no concluyente), se conserva: https://www.opcionempleo.com.ar/jobad/arb1d6ec7675d437fd43bb298f59471101
2026-09-15 18:48:54,880 [INFO]     🤖⚠️  Verificación anti-bot (no concluyente), se conserva: https://www.opcionempleo.com.ar/jobad/ar692a1cf07299897a189ab7ffe9057f61
2026-09-15 18:48:54,891 [INFO]     🤖⚠️  Verificación anti-bot (no concluyente), se conserva: https://www.opcionempleo.com.ar/jobad/arba1427a84bfb9fdf9d7b38a3e54b40b7
2026-09-15 18:48:54,893 [INFO]     🤖⚠️  Verificación anti-bot (no concluyente), se conserva: https://www.opcionempleo.com.ar/jobad/are7d4701bcf5d73be500c2e8228a6b693
2026-09-15 18:48:55,280 [INFO]     🤖⚠️  Verificación anti-bot (no concluyente), se conserva: https://www.opcionempleo.com.ar/jobad/ar1a45ef88b2a10b056a063cda17462440
2026-09-15 18:48:55,283 [INFO]     🤖⚠️  Verificación anti-bot (no concluyente), se conserva: https://www.opcionempleo.com.ar/jobad/ar6e8bb3f129982774a739a38afef66699
2026-09-15 18:48:55,587 [INFO]     🤖⚠️  Verificación anti-bot (no concluyente), se conserva: https://www.opcionempleo.com.ar/jobad/ar6441b68977371627e2a08c9a5bb41a33
2026-09-15 18:48:55,594 [INFO]     🤖⚠️  Verificación anti-bot (no concluyente), se conserva: https://www.opcionempleo.com.ar/jobad/arc6a2de16e215e64762eaecec92c7c835
2026-09-15 18:48:55,599 [INFO]     🤖⚠️  Verificación anti-bot (no concluyente), se conserva: https://www.opcionempleo.com.ar/jobad/ar93de7d53fb3e1b6e64a63d89140066b4
2026-09-15 18:48:55,893 [INFO]     🤖⚠️  Verificación anti-bot (no concluyente), se conserva: https://www.opcionempleo.com.ar/jobad/ar587755c28c70100fe7920f1f1743457c
2026-09-15 18:48:55,894 [INFO]     🤖⚠️  Verificación anti-bot (no concluyente), se conserva: https://www.opcionempleo.com.ar/jobad/ard5ee83d7bcb27ce10a9095ab0605b013
2026-09-15 18:48:55,897 [INFO]     🤖⚠️  Verificación anti-bot (no concluyente), se conserva: https://www.opcionempleo.com.ar/jobad/ar3e0ebeeb5e3c968f6c636bf67bb55dc7
2026-09-15 18:48:56,405 [INFO]     🤖⚠️  Verificación anti-bot (no concluyente), se conserva: https://www.opcionempleo.com.ar/jobad/are89fe8eb9a5a3ec0f3fa58fae89996ff
2026-09-15 18:48:56,408 [INFO]     🤖⚠️  Verificación anti-bot (no concluyente), se conserva: https://www.opcionempleo.com.ar/jobad/ar3f8b0fb09e32c967c0f4a60abec8c410
2026-09-15 18:48:56,660 [INFO]     🤖⚠️  Verificación anti-bot (no concluyente), se conserva: https://www.opcionempleo.com.ar/jobad/ar5cd7e4e366ad072176c14b30c6f4ef91
2026-09-15 18:48:56,664 [INFO]     🤖⚠️  Verificación anti-bot (no concluyente), se conserva: https://www.opcionempleo.com.ar/jobad/ar8a3b4c14410a40f8d5a6873ea592e924
2026-09-15 18:48:56,675 [INFO]     🤖⚠️  Verificación anti-bot (no concluyente), se conserva: https://www.opcionempleo.com.ar/jobad/ard5e0a5c3b4e149fffad2b66a43626dfe
2026-09-15 18:48:56,919 [INFO]     🤖⚠️  Verificación anti-bot (no concluyente), se conserva: https://www.opcionempleo.com.ar/jobad/arad37e220972b358a01a3536c4ba3fb1f
2026-09-15 18:48:56,924 [INFO]     🤖⚠️  Verificación anti-bot (no concluyente), se conserva: https://www.opcionempleo.com.ar/jobad/ar478ab0d01d307f33dfbf517d8996fa5c
2026-09-15 18:48:56,931 [INFO]     🤖⚠️  Verificación anti-bot (no concluyente), se conserva: https://www.opcionempleo.com.ar/jobad/ar0f99f467a8758c5d4fdc03ae44933030
2026-09-15 18:48:57,324 [INFO]     🤖⚠️  Verificación anti-bot (no concluyente), se conserva: https://www.opcionempleo.com.ar/jobad/ar1c7572aa3e3aaebb85701ea8beb7c25c
2026-09-15 18:48:57,325 [INFO]     🤖⚠️  Verificación anti-bot (no concluyente), se conserva: https://www.opcionempleo.com.ar/jobad/ar959e863f41c82c8fa29093e4730a2f32
2026-09-15 18:48:57,652 [INFO]     🤖⚠️  Verificación anti-bot (no concluyente), se conserva: https://www.opcionempleo.com.ar/jobad/ar9fb1d3d41576826f705eafaf433598c9
2026-09-15 18:48:57,654 [INFO]     🤖⚠️  Verificación anti-bot (no concluyente), se conserva: https://www.opcionempleo.com.ar/jobad/ara6d40c23f5502376e0f7c405a3975929
2026-09-15 18:48:57,655 [INFO]     🤖⚠️  Verificación anti-bot (no concluyente), se conserva: https://www.opcionempleo.com.ar/jobad/ar13e060fd6191c59dc66dcf7d1dc20ea4
2026-09-15 18:48:57,949 [INFO]     🤖⚠️  Verificación anti-bot (no concluyente), se conserva: https://www.opcionempleo.com.ar/jobad/arf99c1b8328ec59187b27f8b8b63e7a85
2026-09-15 18:48:57,952 [INFO]     🤖⚠️  Verificación anti-bot (no concluyente), se conserva: https://www.opcionempleo.com.ar/jobad/ar1d161255828ce3ba542fbf4b75368da6
2026-09-15 18:48:57,956 [INFO]     🤖⚠️  Verificación anti-bot (no concluyente), se conserva: https://www.opcionempleo.com.ar/jobad/arabb9f6a7c91df17d0f1a0f6c4e4fae4b
2026-09-15 18:48:58,301 [INFO]     🤖⚠️  Verificación anti-bot (no concluyente), se conserva: https://www.opcionempleo.com.ar/jobad/ar23ed8fbce494211bf2fca31b93467170
2026-09-15 18:48:58,301 [INFO]     🤖⚠️  Verificación anti-bot (no concluyente), se conserva: https://www.opcionempleo.com.ar/jobad/ar600762aa4ad698d738ecca73ec7b8afe
2026-09-15 18:48:58,567 [INFO]     🤖⚠️  Verificación anti-bot (no concluyente), se conserva: https://www.opcionempleo.com.ar/jobad/ar953f78f58f16db5d26ea7bbd5eb0bae9
2026-09-15 18:48:58,573 [INFO]     🤖⚠️  Verificación anti-bot (no concluyente), se conserva: https://www.opcionempleo.com.ar/jobad/arf8fb2f104234c70e6b2063d4eeaf48ef
2026-09-15 18:48:58,573 [INFO]     🤖⚠️  Verificación anti-bot (no concluyente), se conserva: https://www.opcionempleo.com.ar/jobad/ar9d3f2c09fea2c43891469e738251d443
2026-09-15 18:48:58,821 [INFO]     🤖⚠️  Verificación anti-bot (no concluyente), se conserva: https://www.opcionempleo.com.ar/jobad/arf1dead332cd5e021b4d3904c6bec9c7f
2026-09-15 18:48:58,823 [INFO]     🤖⚠️  Verificación anti-bot (no concluyente), se conserva: https://www.opcionempleo.com.ar/jobad/ar08f2ab53a4bfccca08ea491ca332f187
2026-09-15 18:48:58,833 [INFO]     🤖⚠️  Verificación anti-bot (no concluyente), se conserva: https://www.opcionempleo.com.ar/jobad/ar9565b31dc24c84f00e070cc0cde692cb
2026-09-15 18:48:59,067 [INFO]     🤖⚠️  Verificación anti-bot (no concluyente), se conserva: https://www.opcionempleo.com.ar/jobad/arddf50d1ff94765fc5e4b90ed3e4ee458
2026-09-15 18:48:59,088 [INFO]     🤖⚠️  Verificación anti-bot (no concluyente), se conserva: https://www.opcionempleo.com.ar/jobad/ar00eba7e56f7929a4785b74a373673bcf
2026-09-15 18:48:59,424 [INFO]     🤖⚠️  Verificación anti-bot (no concluyente), se conserva: https://www.opcionempleo.com.ar/jobad/ardbe538f640ec3f2377fca87c27ece041
2026-09-15 18:48:59,432 [INFO]     🤖⚠️  Verificación anti-bot (no concluyente), se conserva: https://www.opcionempleo.com.ar/jobad/ar58de5997d571c146f43a9839ca240081
2026-09-15 18:48:59,435 [INFO]     🤖⚠️  Verificación anti-bot (no concluyente), se conserva: https://www.opcionempleo.com.ar/jobad/arf82f92b76a0acef05b7b535f30b3323f
2026-09-15 18:48:59,814 [INFO]     🤖⚠️  Verificación anti-bot (no concluyente), se conserva: https://www.opcionempleo.com.ar/jobad/ar231b34bbb64259aa350038af43a45e63
2026-09-15 18:48:59,904 [INFO]     🤖⚠️  Verificación anti-bot (no concluyente), se conserva: https://www.opcionempleo.com.ar/jobad/ar250b057ee65f95566cc42c90dd12a7b6
2026-09-15 18:48:59,910 [INFO]     🤖⚠️  Verificación anti-bot (no concluyente), se conserva: https://www.opcionempleo.com.ar/jobad/ar5a8bbface36e709c01e3056b24dbcd11
2026-09-15 18:49:00,401 [INFO]     🤖⚠️  Verificación anti-bot (no concluyente), se conserva: https://www.opcionempleo.com.ar/jobad/ard1d61fe8f0758e5fc588f1ed1bc2626b
2026-09-15 18:49:00,402 [INFO]     🤖⚠️  Verificación anti-bot (no concluyente), se conserva: https://www.opcionempleo.com.ar/jobad/arc2a644778fa63d5f6b69b0258c89f0f7
2026-09-15 18:49:00,720 [INFO]     🤖⚠️  Verificación anti-bot (no concluyente), se conserva: https://www.opcionempleo.com.ar/jobad/ar97e5f4a0184e2181add963a34cd59904
2026-09-15 18:49:00,720 [INFO]     🤖⚠️  Verificación anti-bot (no concluyente), se conserva: https://www.opcionempleo.com.ar/jobad/ar94fdad46b386c7a2e4224750a406e9fd
2026-09-15 18:49:00,723 [INFO]     🤖⚠️  Verificación anti-bot (no concluyente), se conserva: https://www.opcionempleo.com.ar/jobad/ar4b7de04ec4b29e3b9bd7f2cabcf582a3
2026-09-15 18:49:00,985 [INFO]     🤖⚠️  Verificación anti-bot (no concluyente), se conserva: https://www.opcionempleo.com.ar/jobad/ar5cb2c8d63c8e3e0b84e232a02c6c9fa7
2026-09-15 18:49:00,993 [INFO]     🤖⚠️  Verificación anti-bot (no concluyente), se conserva: https://www.opcionempleo.com.ar/jobad/ar62247c244a19097c7d3fb90b62660a25
2026-09-15 18:49:01,001 [INFO]     🤖⚠️  Verificación anti-bot (no concluyente), se conserva: https://www.opcionempleo.com.ar/jobad/arbee15e4fdf42408ca2b5a0e71c8e12f3
2026-09-15 18:49:01,316 [INFO]     🤖⚠️  Verificación anti-bot (no concluyente), se conserva: https://www.opcionempleo.com.ar/jobad/are0e9673ac262cd39d19e225608f66828
2026-09-15 18:49:01,327 [INFO]     🤖⚠️  Verificación anti-bot (no concluyente), se conserva: https://www.opcionempleo.com.ar/jobad/ar124151a1d4fe22eec0fef04f00d624fc
2026-09-15 18:49:01,625 [INFO]     🤖⚠️  Verificación anti-bot (no concluyente), se conserva: https://www.opcionempleo.com.ar/jobad/ar0b5dc23274499f34881af8f9d92f51e7
2026-09-15 18:49:01,627 [INFO]     🤖⚠️  Verificación anti-bot (no concluyente), se conserva: https://www.opcionempleo.com.ar/jobad/ar3e4c889cb4939379b27b7e84c57f5c25
2026-09-15 18:49:01,630 [INFO]     🤖⚠️  Verificación anti-bot (no concluyente), se conserva: https://www.opcionempleo.com.ar/jobad/ar3a0ec88306dedd4ee0f702bc0c57e9d4
2026-09-15 18:49:01,992 [INFO]     🤖⚠️  Verificación anti-bot (no concluyente), se conserva: https://www.opcionempleo.com.ar/jobad/ar5f877e9a9a02ec5c1f75d2e5b3b011a3
2026-09-15 18:49:01,994 [INFO]     🤖⚠️  Verificación anti-bot (no concluyente), se conserva: https://www.opcionempleo.com.ar/jobad/ar4068ec1872e2b0fcb15c9433d25bab1a
2026-09-15 18:49:02,006 [INFO]     🤖⚠️  Verificación anti-bot (no concluyente), se conserva: https://www.opcionempleo.com.ar/jobad/ar650506f65991d7e97111ab7dc605a927
2026-09-15 18:49:02,277 [INFO]     🤖⚠️  Verificación anti-bot (no concluyente), se conserva: https://www.opcionempleo.com.ar/jobad/ard60a4fb28431b6fd9e95a6b5048fb90f
2026-09-15 18:49:02,286 [INFO]     🤖⚠️  Verificación anti-bot (no concluyente), se conserva: https://www.opcionempleo.com.ar/jobad/ar0d470123265b4174df9a0000d04270f9
2026-09-15 18:49:02,555 [INFO]     🤖⚠️  Verificación anti-bot (no concluyente), se conserva: https://www.opcionempleo.com.ar/jobad/arf1fbbb23d793c1ac7aaf2402b5106cc1
2026-09-15 18:49:02,560 [INFO]     🤖⚠️  Verificación anti-bot (no concluyente), se conserva: https://www.opcionempleo.com.ar/jobad/ar6aad616e8437c5c1c72a5ed9c5f1e9b0
2026-09-15 18:49:02,564 [INFO]     🤖⚠️  Verificación anti-bot (no concluyente), se conserva: https://www.opcionempleo.com.ar/jobad/ar257aca50c48601667e23e9b7a42cb9a1
2026-09-15 18:49:02,865 [INFO]     🤖⚠️  Verificación anti-bot (no concluyente), se conserva: https://www.opcionempleo.com.ar/jobad/ar54138df6990667161f3ba7dff90bcf62
2026-09-15 18:49:02,868 [INFO]     🤖⚠️  Verificación anti-bot (no concluyente), se conserva: https://www.opcionempleo.com.ar/jobad/ar411f988f4de9828660e99f0ec447b96a
2026-09-15 18:49:02,879 [INFO]     🤖⚠️  Verificación anti-bot (no concluyente), se conserva: https://www.opcionempleo.com.ar/jobad/ar0dca2917ea9fd83b7895797341ff5647
2026-09-15 18:49:03,131 [INFO]     🤖⚠️  Verificación anti-bot (no concluyente), se conserva: https://www.opcionempleo.com.ar/jobad/arb1c63a5b7d2f2bbf646d8d36681c4448
2026-09-15 18:49:03,138 [INFO]     🤖⚠️  Verificación anti-bot (no concluyente), se conserva: https://www.opcionempleo.com.ar/jobad/ar96ce52f2d9e5238c42cea087253bec6f
2026-09-15 18:49:03,369 [INFO]     🤖⚠️  Verificación anti-bot (no concluyente), se conserva: https://www.opcionempleo.com.ar/jobad/ar9570987c85aed29faf84e4782b1520b8
2026-09-15 18:49:03,369 [INFO]     🤖⚠️  Verificación anti-bot (no concluyente), se conserva: https://www.opcionempleo.com.ar/jobad/ar43e1b4aac6f8af4b469279277342c763
2026-09-15 18:49:03,372 [INFO]     🤖⚠️  Verificación anti-bot (no concluyente), se conserva: https://www.opcionempleo.com.ar/jobad/arb8c34f8f97191bcb1938c6d47f6a3baf
2026-09-15 18:49:03,725 [INFO]     🤖⚠️  Verificación anti-bot (no concluyente), se conserva: https://www.opcionempleo.com.ar/jobad/ar65e8a5945de1335e1fe818c76a1b33a8
2026-09-15 18:49:03,727 [INFO]     🤖⚠️  Verificación anti-bot (no concluyente), se conserva: https://www.opcionempleo.com.ar/jobad/ar20ec0d7743a28a405abe4a671f970d89
2026-09-15 18:49:03,737 [INFO]     🤖⚠️  Verificación anti-bot (no concluyente), se conserva: https://www.opcionempleo.com.ar/jobad/are729b8f7af1493dc210b13e343c6b525
2026-09-15 18:49:04,167 [INFO]     🤖⚠️  Verificación anti-bot (no concluyente), se conserva: https://www.opcionempleo.com.ar/jobad/ar4d4ba934d065646e2280be34d633b09c
2026-09-15 18:49:04,173 [INFO]     🤖⚠️  Verificación anti-bot (no concluyente), se conserva: https://www.opcionempleo.com.ar/jobad/ar6d6cca6220dd09838c2bae6bbd774bad
2026-09-15 18:49:04,502 [INFO]     🤖⚠️  Verificación anti-bot (no concluyente), se conserva: https://www.opcionempleo.com.ar/jobad/ardb42accf8e1c98f5507d622cbf5718a4
2026-09-15 18:49:04,503 [INFO]     🤖⚠️  Verificación anti-bot (no concluyente), se conserva: https://www.opcionempleo.com.ar/jobad/ar2386aaa006ef661a327a6ab98d564b85
2026-09-15 18:49:04,505 [INFO]     🤖⚠️  Verificación anti-bot (no concluyente), se conserva: https://www.opcionempleo.com.ar/jobad/ar284bb2c6b4b525835c21ba08c9081996
2026-09-15 18:49:04,813 [INFO]     🤖⚠️  Verificación anti-bot (no concluyente), se conserva: https://www.opcionempleo.com.ar/jobad/ar59924e881b877262702c42ca6a3d84bd
2026-09-15 18:49:04,816 [INFO]     🤖⚠️  Verificación anti-bot (no concluyente), se conserva: https://www.opcionempleo.com.ar/jobad/ar8da371b7abdf37e86603aaf1da64a92d
2026-09-15 18:49:04,835 [INFO]     🤖⚠️  Verificación anti-bot (no concluyente), se conserva: https://www.opcionempleo.com.ar/jobad/are4f4aefd62d436d98b80487f8b3a816f
2026-09-15 18:49:05,119 [INFO]     🤖⚠️  Verificación anti-bot (no concluyente), se conserva: https://www.opcionempleo.com.ar/jobad/ar6e8a6fe85b813a37cbc0404876f569c9
2026-09-15 18:49:05,121 [INFO]     🤖⚠️  Verificación anti-bot (no concluyente), se conserva: https://www.opcionempleo.com.ar/jobad/ar1f7165080c4cf3cb42081b6c4ecc0114
2026-09-15 18:49:05,429 [INFO]     🤖⚠️  Verificación anti-bot (no concluyente), se conserva: https://www.opcionempleo.com.ar/jobad/ar0639e679b523c0d09198f54570c2ac0b
2026-09-15 18:49:05,432 [INFO]     🤖⚠️  Verificación anti-bot (no concluyente), se conserva: https://www.opcionempleo.com.ar/jobad/ar9d6424950c1b361aceecb780bd3432a7
2026-09-15 18:49:05,442 [INFO]     🤖⚠️  Verificación anti-bot (no concluyente), se conserva: https://www.opcionempleo.com.ar/jobad/ar5a0ae147a578fd50529cc0e3ff1652e9
2026-09-15 18:49:05,735 [INFO]     🤖⚠️  Verificación anti-bot (no concluyente), se conserva: https://www.opcionempleo.com.ar/jobad/ar03a08d2c5816b84da1523ef597bf06c9
2026-09-15 18:49:05,741 [INFO]     🤖⚠️  Verificación anti-bot (no concluyente), se conserva: https://www.opcionempleo.com.ar/jobad/are364a5709d18886a27d7ce22f21bd4dd
2026-09-15 18:49:05,751 [INFO]     🤖⚠️  Verificación anti-bot (no concluyente), se conserva: https://www.opcionempleo.com.ar/jobad/ar3f057949c91d740f963720f182976d9c
2026-09-15 18:49:06,031 [INFO]     🤖⚠️  Verificación anti-bot (no concluyente), se conserva: https://www.opcionempleo.com.ar/jobad/arf8007a6e29ff75df4f6d943a2daede3c
2026-09-15 18:49:06,033 [INFO]     🤖⚠️  Verificación anti-bot (no concluyente), se conserva: https://www.opcionempleo.com.ar/jobad/ar38de346dc63e3a21ddddfbe2cce62e84
2026-09-15 18:49:06,453 [INFO]     🤖⚠️  Verificación anti-bot (no concluyente), se conserva: https://www.opcionempleo.com.ar/jobad/ar93c1ca34857dc731675955f5bd3ced30
2026-09-15 18:49:06,456 [INFO]     🤖⚠️  Verificación anti-bot (no concluyente), se conserva: https://www.opcionempleo.com.ar/jobad/arf1edadbe261954f9b8d54f54a89dd183
2026-09-15 18:49:06,457 [INFO]     🤖⚠️  Verificación anti-bot (no concluyente), se conserva: https://www.opcionempleo.com.ar/jobad/ara02fb085c2761e9b596aaf4b93f6b79d
2026-09-15 18:49:06,873 [INFO]     🤖⚠️  Verificación anti-bot (no concluyente), se conserva: https://www.opcionempleo.com.ar/jobad/ar4729f6623c480b8771adf4258d8fd452
2026-09-15 18:49:06,878 [INFO]     🤖⚠️  Verificación anti-bot (no concluyente), se conserva: https://www.opcionempleo.com.ar/jobad/ar5cbaac58c8def29c49dd2732cee1543e
2026-09-15 18:49:06,880 [INFO]     🤖⚠️  Verificación anti-bot (no concluyente), se conserva: https://www.opcionempleo.com.ar/jobad/ar0013d18b62829c76091a4af161bfbec5
2026-09-15 18:49:07,140 [INFO]     🤖⚠️  Verificación anti-bot (no concluyente), se conserva: https://www.opcionempleo.com.ar/jobad/ar20135e36bde876350b19e956b6a3229f
2026-09-15 18:49:07,141 [INFO]     🤖⚠️  Verificación anti-bot (no concluyente), se conserva: https://www.opcionempleo.com.ar/jobad/ar835179d64ec2e2f888d6b0f8c70915ae
2026-09-15 18:49:07,470 [INFO]     🤖⚠️  Verificación anti-bot (no concluyente), se conserva: https://www.opcionempleo.com.ar/jobad/arfc6a57a233b27236ae8ea0bcdda2428c
2026-09-15 18:49:07,473 [INFO]     🤖⚠️  Verificación anti-bot (no concluyente), se conserva: https://www.opcionempleo.com.ar/jobad/ar28729aaf50015e1c3959c6ccaefa49e4
2026-09-15 18:49:07,474 [INFO]     🤖⚠️  Verificación anti-bot (no concluyente), se conserva: https://www.opcionempleo.com.ar/jobad/arf5c1ed05352c76af5040aebb19c9cd90
2026-09-15 18:49:07,981 [INFO]     🤖⚠️  Verificación anti-bot (no concluyente), se conserva: https://www.opcionempleo.com.ar/jobad/ar1ded5177ae30cace51adc1af7e9c09c4
2026-09-15 18:49:07,983 [INFO]     🤖⚠️  Verificación anti-bot (no concluyente), se conserva: https://www.opcionempleo.com.ar/jobad/ar6378b8f8761b2d0de906002e53fe7df0
2026-09-15 18:49:07,983 [INFO]     🤖⚠️  Verificación anti-bot (no concluyente), se conserva: https://www.opcionempleo.com.ar/jobad/arde84d5af7ee9849fbda1bfa2d9c11152
2026-09-15 18:49:08,257 [INFO]     🤖⚠️  Verificación anti-bot (no concluyente), se conserva: https://www.opcionempleo.com.ar/jobad/ar048be32054b50bc6c89bbe9c8898bbb7
2026-09-15 18:49:08,258 [INFO]     🤖⚠️  Verificación anti-bot (no concluyente), se conserva: https://www.opcionempleo.com.ar/jobad/ar369c4b547fd6813191d01a070fd2baa7
2026-09-15 18:49:08,566 [INFO]     🤖⚠️  Verificación anti-bot (no concluyente), se conserva: https://www.opcionempleo.com.ar/jobad/area1dc99a351222463c5d2c6e96c950d8
2026-09-15 18:49:08,568 [INFO]     🤖⚠️  Verificación anti-bot (no concluyente), se conserva: https://www.opcionempleo.com.ar/jobad/arb69b9a14eda43dcf00258f0181c15a54
2026-09-15 18:49:08,690 [INFO]     🤖⚠️  Verificación anti-bot (no concluyente), se conserva: https://www.opcionempleo.com.ar/jobad/ar45c2e4144809f840486cef523c6ff2e3
2026-09-15 18:49:09,107 [INFO]     🤖⚠️  Verificación anti-bot (no concluyente), se conserva: https://www.opcionempleo.com.ar/jobad/ar1e791016a74cbbc7bdd49d484f450ffc
2026-09-15 18:49:09,108 [INFO]     🤖⚠️  Verificación anti-bot (no concluyente), se conserva: https://www.opcionempleo.com.ar/jobad/ard05a71ea8938f95a0a847fafbf21da48
2026-09-15 18:49:09,112 [INFO]     🤖⚠️  Verificación anti-bot (no concluyente), se conserva: https://www.opcionempleo.com.ar/jobad/ar80c6a5d50b81a48b6db19a07f3601653
2026-09-15 18:49:09,515 [INFO]     🤖⚠️  Verificación anti-bot (no concluyente), se conserva: https://www.opcionempleo.com.ar/jobad/arcf19c56b9fb7731ad6ababe873b79e3a
2026-09-15 18:49:09,516 [INFO]     🤖⚠️  Verificación anti-bot (no concluyente), se conserva: https://www.opcionempleo.com.ar/jobad/ar7397fa02a8e61e84c31e861b4b1d3883
2026-09-15 18:49:09,526 [INFO]     🤖⚠️  Verificación anti-bot (no concluyente), se conserva: https://www.opcionempleo.com.ar/jobad/ar234cd5548ebb60951bf52214e4306f4a
2026-09-15 18:49:09,528 [INFO]     🤖⚠️  Verificación anti-bot (no concluyente), se conserva: https://www.opcionempleo.com.ar/jobad/ar55972d779eed57260636cecf536a11fb
2026-09-15 18:49:09,817 [INFO]     🤖⚠️  Verificación anti-bot (no concluyente), se conserva: https://www.opcionempleo.com.ar/jobad/ar6c7a26e5c8c1e26c52fb312a32bd12cf
2026-09-15 18:49:10,178 [INFO]     🤖⚠️  Verificación anti-bot (no concluyente), se conserva: https://www.opcionempleo.com.ar/jobad/ar6d692476d944487902914a334dcd41dc
2026-09-15 18:49:10,186 [INFO]     🤖⚠️  Verificación anti-bot (no concluyente), se conserva: https://www.opcionempleo.com.ar/jobad/ar525584c4c16e8ed6f074ddd8954774b6
2026-09-15 18:49:10,190 [INFO]     🤖⚠️  Verificación anti-bot (no concluyente), se conserva: https://www.opcionempleo.com.ar/jobad/are8344a109ebf78afb038f5da0be5e132
2026-09-15 18:49:10,691 [INFO]     🤖⚠️  Verificación anti-bot (no concluyente), se conserva: https://www.opcionempleo.com.ar/jobad/arb0f782da93e5d6d665506c969c2ed9a2
2026-09-15 18:49:10,696 [INFO]     🤖⚠️  Verificación anti-bot (no concluyente), se conserva: https://www.opcionempleo.com.ar/jobad/ared141631c13540273978e816ad1bdb25
2026-09-15 18:49:10,699 [INFO]     🤖⚠️  Verificación anti-bot (no concluyente), se conserva: https://www.opcionempleo.com.ar/jobad/ar9ebd2d4e6e958d46cbf0b1756829eece
2026-09-15 18:49:10,708 [INFO]     🤖⚠️  Verificación anti-bot (no concluyente), se conserva: https://www.opcionempleo.com.ar/jobad/are7dc4df085b8400a0e7e0592cb36cf4b
2026-09-15 18:49:11,060 [INFO]     🤖⚠️  Verificación anti-bot (no concluyente), se conserva: https://www.opcionempleo.com.ar/jobad/ar070d40fb3fe57a61f9dc29d7fef3f676
2026-09-15 18:49:11,307 [INFO]     🤖⚠️  Verificación anti-bot (no concluyente), se conserva: https://www.opcionempleo.com.ar/jobad/ar3baf64c49b9dc668ba346b364ac9051c
2026-09-15 18:49:11,322 [INFO]     🤖⚠️  Verificación anti-bot (no concluyente), se conserva: https://www.opcionempleo.com.ar/jobad/arc5c5119b705feebfd2cc1326f593ae09
2026-09-15 18:49:11,332 [INFO]     🤖⚠️  Verificación anti-bot (no concluyente), se conserva: https://www.opcionempleo.com.ar/jobad/aradd3a2c35a2e432a35fbe9f2e94668aa
2026-09-15 18:49:11,578 [INFO]     🤖⚠️  Verificación anti-bot (no concluyente), se conserva: https://www.opcionempleo.com.ar/jobad/ard9ce084aa7b8e3adf9b5b5c1ff66406b
2026-09-15 18:49:11,586 [INFO]     🤖⚠️  Verificación anti-bot (no concluyente), se conserva: https://www.opcionempleo.com.ar/jobad/arb7e942c3b4475d250cbdc62ec7437617
2026-09-15 18:49:11,596 [INFO]     🤖⚠️  Verificación anti-bot (no concluyente), se conserva: https://www.opcionempleo.com.ar/jobad/ar6a4c62f7dad31e6f032975a55b047e16
2026-09-15 18:49:11,658 [INFO]     🤖⚠️  Verificación anti-bot (no concluyente), se conserva: https://www.opcionempleo.com.ar/jobad/ar3d2ce9f1121e85ab8e82065a8aff7417
2026-09-15 18:49:11,971 [INFO]     🤖⚠️  Verificación anti-bot (no concluyente), se conserva: https://www.opcionempleo.com.ar/jobad/arefad740f9b9bccf65b7939e5a047ddd1
2026-09-15 18:49:12,224 [INFO]     🤖⚠️  Verificación anti-bot (no concluyente), se conserva: https://www.opcionempleo.com.ar/jobad/ardea24d902dc574fb3b0d2169fac3d9f7
2026-09-15 18:49:12,229 [INFO]     🤖⚠️  Verificación anti-bot (no concluyente), se conserva: https://www.opcionempleo.com.ar/jobad/ar5554988f9a476cbdb9e8c25354c3b204
2026-09-15 18:49:12,230 [INFO]     🤖⚠️  Verificación anti-bot (no concluyente), se conserva: https://www.opcionempleo.com.ar/jobad/arcf1431b2ce6e6f4b796f34192a37312e
2026-09-15 18:49:12,477 [INFO]     🤖⚠️  Verificación anti-bot (no concluyente), se conserva: https://www.opcionempleo.com.ar/jobad/ar89b487a32fac196a40c82737bf3aa8b7
2026-09-15 18:49:12,487 [INFO]     🤖⚠️  Verificación anti-bot (no concluyente), se conserva: https://www.opcionempleo.com.ar/jobad/ard709e6ebbf58a2421e64e85c0a37822b
2026-09-15 18:49:12,501 [INFO]     🤖⚠️  Verificación anti-bot (no concluyente), se conserva: https://www.opcionempleo.com.ar/jobad/ar29fa047ea27a6de572b364a47ae8cda5
2026-09-15 18:49:12,525 [INFO]     🤖⚠️  Verificación anti-bot (no concluyente), se conserva: https://www.opcionempleo.com.ar/jobad/arae577f78a710e74a31f1b49581b3af4c
2026-09-15 18:49:12,893 [INFO]     🤖⚠️  Verificación anti-bot (no concluyente), se conserva: https://www.opcionempleo.com.ar/jobad/ar7d9cb2a027f46a94d2afc459e6887c38
2026-09-15 18:49:13,210 [INFO]     🤖⚠️  Verificación anti-bot (no concluyente), se conserva: https://www.opcionempleo.com.ar/jobad/ar016c169e75b7074c3dda9bb42c1fd05d
2026-09-15 18:49:13,215 [INFO]     🤖⚠️  Verificación anti-bot (no concluyente), se conserva: https://www.opcionempleo.com.ar/jobad/ar3f17f88d3cdd65e4e52c89a358b2f28a
2026-09-15 18:49:13,218 [INFO]     🤖⚠️  Verificación anti-bot (no concluyente), se conserva: https://www.opcionempleo.com.ar/jobad/arafa749349e3744714f1a3e90eaa45c53
2026-09-15 18:49:13,509 [INFO]     🤖⚠️  Verificación anti-bot (no concluyente), se conserva: https://www.opcionempleo.com.ar/jobad/ard2c8d17df53465db4fa9c38e8254788e
2026-09-15 18:49:13,514 [INFO]     🤖⚠️  Verificación anti-bot (no concluyente), se conserva: https://www.opcionempleo.com.ar/jobad/ard0460f036010507e3de4ec343d6319fe
2026-09-15 18:49:13,517 [INFO]     🤖⚠️  Verificación anti-bot (no concluyente), se conserva: https://www.opcionempleo.com.ar/jobad/ar7cadb181e0f87dee77b16151b5f7713f
2026-09-15 18:49:13,529 [INFO]     🤖⚠️  Verificación anti-bot (no concluyente), se conserva: https://www.opcionempleo.com.ar/jobad/area89a29dffd8f1a3938e5cbd7beab367
2026-09-15 18:49:13,771 [INFO]     🤖⚠️  Verificación anti-bot (no concluyente), se conserva: https://www.opcionempleo.com.ar/jobad/ara3e0998384747b1d4ed58e9444c1248f
2026-09-15 18:49:14,230 [INFO]     🤖⚠️  Verificación anti-bot (no concluyente), se conserva: https://www.opcionempleo.com.ar/jobad/ar045bf0b7cd0bf010ba1aeb47e3e2d599
2026-09-15 18:49:14,233 [INFO]     🤖⚠️  Verificación anti-bot (no concluyente), se conserva: https://www.opcionempleo.com.ar/jobad/ar0d478c4999b4842bf05725d9e666b9bc
2026-09-15 18:49:14,233 [INFO]     🤖⚠️  Verificación anti-bot (no concluyente), se conserva: https://www.opcionempleo.com.ar/jobad/ar5a05a5e32cffb2313d09ab5e3f6a71b8
2026-09-15 18:49:14,531 [INFO]     🤖⚠️  Verificación anti-bot (no concluyente), se conserva: https://www.opcionempleo.com.ar/jobad/ard6ee7be1a6649ae76c31ceb929798abd
2026-09-15 18:49:14,536 [INFO]     🤖⚠️  Verificación anti-bot (no concluyente), se conserva: https://www.opcionempleo.com.ar/jobad/ar456f6c70733bad0a80d85a922b9239b0
2026-09-15 18:49:14,544 [INFO]     🤖⚠️  Verificación anti-bot (no concluyente), se conserva: https://www.opcionempleo.com.ar/jobad/arf86fa4a00314630aa07148cfc059d49f
2026-09-15 18:49:14,546 [INFO]     🤖⚠️  Verificación anti-bot (no concluyente), se conserva: https://www.opcionempleo.com.ar/jobad/ar318a3c07fdbad700f1e7e74182c00caa
2026-09-15 18:49:14,867 [INFO]     🤖⚠️  Verificación anti-bot (no concluyente), se conserva: https://www.opcionempleo.com.ar/jobad/ar25fb2483047cca93e8ced4655d5077df
2026-09-15 18:49:15,167 [INFO]     🤖⚠️  Verificación anti-bot (no concluyente), se conserva: https://www.opcionempleo.com.ar/jobad/are16b079cbfd6ec389df4868b968ce440
2026-09-15 18:49:15,167 [INFO]     🤖⚠️  Verificación anti-bot (no concluyente), se conserva: https://www.opcionempleo.com.ar/jobad/arb0360c002b0a3aacd81feb94790f03d6
2026-09-15 18:49:15,168 [INFO]     🤖⚠️  Verificación anti-bot (no concluyente), se conserva: https://www.opcionempleo.com.ar/jobad/arc4a1aea852d701cd303622f2020e1720
2026-09-15 18:49:15,421 [INFO]     🤖⚠️  Verificación anti-bot (no concluyente), se conserva: https://www.opcionempleo.com.ar/jobad/arbc94cd8e3ac08919b797619fb0c7b856
2026-09-15 18:49:15,433 [INFO]     🤖⚠️  Verificación anti-bot (no concluyente), se conserva: https://www.opcionempleo.com.ar/jobad/ar227057f7c25919aa4c5ea7a9a78a94e4
2026-09-15 18:49:15,441 [INFO]     🤖⚠️  Verificación anti-bot (no concluyente), se conserva: https://www.opcionempleo.com.ar/jobad/ar6d2b8144cb09989604e325f733091be1
2026-09-15 18:49:15,443 [INFO]     🤖⚠️  Verificación anti-bot (no concluyente), se conserva: https://www.opcionempleo.com.ar/jobad/ar7d4377d9619e3b60dbcc0b9e8a1a95b2
2026-09-15 18:49:15,764 [INFO]     🤖⚠️  Verificación anti-bot (no concluyente), se conserva: https://www.opcionempleo.com.ar/jobad/ard7d4605fed384b925c46d6788f94baa0
2026-09-15 18:49:16,088 [INFO]     🤖⚠️  Verificación anti-bot (no concluyente), se conserva: https://www.opcionempleo.com.ar/jobad/ar48e69637583fdf593b3c748f7cf1c22f
2026-09-15 18:49:16,088 [INFO]     🤖⚠️  Verificación anti-bot (no concluyente), se conserva: https://www.opcionempleo.com.ar/jobad/arbfe44555b97ab2fd38b0499adf5e1dbd
2026-09-15 18:49:16,095 [INFO]     🤖⚠️  Verificación anti-bot (no concluyente), se conserva: https://www.opcionempleo.com.ar/jobad/ar1e85570cc7642e49106e227ae15bb51c
2026-09-15 18:49:16,370 [INFO]     🤖⚠️  Verificación anti-bot (no concluyente), se conserva: https://www.opcionempleo.com.ar/jobad/ar030d872a6a24862a4d4541cadcd7db9a
2026-09-15 18:49:16,370 [INFO]     🤖⚠️  Verificación anti-bot (no concluyente), se conserva: https://www.opcionempleo.com.ar/jobad/arca62216e9f6b596209c96ddf7e60f960
2026-09-15 18:49:16,371 [INFO]     🤖⚠️  Verificación anti-bot (no concluyente), se conserva: https://www.opcionempleo.com.ar/jobad/ardc45e5c892662403a447caa0b8c6502a
2026-09-15 18:49:16,373 [INFO]     🤖⚠️  Verificación anti-bot (no concluyente), se conserva: https://www.opcionempleo.com.ar/jobad/ar800dceb9c67cebf099293e033fcbdde8
2026-09-15 18:49:16,683 [INFO]     🤖⚠️  Verificación anti-bot (no concluyente), se conserva: https://www.opcionempleo.com.ar/jobad/ar7b9a1bedcb19ec124cbbda1590bd6070
2026-09-15 18:49:16,987 [INFO]     🤖⚠️  Verificación anti-bot (no concluyente), se conserva: https://www.opcionempleo.com.ar/jobad/ar648e1931cea6b1bdacf84e3407580ebb
2026-09-15 18:49:16,992 [INFO]     🤖⚠️  Verificación anti-bot (no concluyente), se conserva: https://www.opcionempleo.com.ar/jobad/ar49725df9a16facbc554c2e29f9dfa0fa
2026-09-15 18:49:16,992 [INFO]     🤖⚠️  Verificación anti-bot (no concluyente), se conserva: https://www.opcionempleo.com.ar/jobad/ar04d17bfcbca0ec27d6bd941006db7e92
2026-09-15 18:49:17,267 [INFO]     🤖⚠️  Verificación anti-bot (no concluyente), se conserva: https://www.opcionempleo.com.ar/jobad/are88dde1480e2c440fd4e81b0c9f673b2
2026-09-15 18:49:17,269 [INFO]     🤖⚠️  Verificación anti-bot (no concluyente), se conserva: https://www.opcionempleo.com.ar/jobad/arbdce6fff680e5a85758761357b657ea6
2026-09-15 18:49:17,274 [INFO]     🤖⚠️  Verificación anti-bot (no concluyente), se conserva: https://www.opcionempleo.com.ar/jobad/ar8e58118a5827f89a53fc5f9fd40ca26a
2026-09-15 18:49:17,282 [INFO]     🤖⚠️  Verificación anti-bot (no concluyente), se conserva: https://www.opcionempleo.com.ar/jobad/are51e042f6bf11cef171751754f20004e
2026-09-15 18:49:17,555 [INFO]     🤖⚠️  Verificación anti-bot (no concluyente), se conserva: https://www.opcionempleo.com.ar/jobad/ar2cc646ed4940758884ad61beb6007524
2026-09-15 18:49:18,017 [INFO]     🤖⚠️  Verificación anti-bot (no concluyente), se conserva: https://www.opcionempleo.com.ar/jobad/arcfba9f017406866c2956f32085b1cff1
2026-09-15 18:49:18,017 [INFO]     🤖⚠️  Verificación anti-bot (no concluyente), se conserva: https://www.opcionempleo.com.ar/jobad/ar0bade0aae310affc499297bf540addcd
2026-09-15 18:49:18,019 [INFO]     🤖⚠️  Verificación anti-bot (no concluyente), se conserva: https://www.opcionempleo.com.ar/jobad/ar0daee0c2ba10b38d6521e2336868f983
2026-09-15 18:49:18,323 [INFO]     🤖⚠️  Verificación anti-bot (no concluyente), se conserva: https://www.opcionempleo.com.ar/jobad/ar526697ac16a4c17de3ee38eb843b9459
2026-09-15 18:49:18,330 [INFO]     🤖⚠️  Verificación anti-bot (no concluyente), se conserva: https://www.opcionempleo.com.ar/jobad/ar4409a91baae775a5ab42d3bc44966bd6
2026-09-15 18:49:18,331 [INFO]     🤖⚠️  Verificación anti-bot (no concluyente), se conserva: https://www.opcionempleo.com.ar/jobad/ar0ade31b4789fbaa24a81f7169c6334c3
2026-09-15 18:49:18,333 [INFO]     🤖⚠️  Verificación anti-bot (no concluyente), se conserva: https://www.opcionempleo.com.ar/jobad/arb9ef993e9b24efdf7a2eb4481a298be1
2026-09-15 18:49:19,075 [INFO]     🤖⚠️  Verificación anti-bot (no concluyente), se conserva: https://www.opcionempleo.com.ar/jobad/ar6c0e24aa00daae706f9221579f4005a9
2026-09-15 18:49:19,400 [INFO]     🤖⚠️  Verificación anti-bot (no concluyente), se conserva: https://www.opcionempleo.com.ar/jobad/arc042a6805b6e3f72cffaaf75f5fdd533
2026-09-15 18:49:19,401 [INFO]     🤖⚠️  Verificación anti-bot (no concluyente), se conserva: https://www.opcionempleo.com.ar/jobad/ar75939c9035570f541ef34ddfb69580e1
2026-09-15 18:49:19,401 [INFO]     🤖⚠️  Verificación anti-bot (no concluyente), se conserva: https://www.opcionempleo.com.ar/jobad/ar204093d8055451bc2dbc7453b499d148
2026-09-15 18:49:19,647 [INFO]     🤖⚠️  Verificación anti-bot (no concluyente), se conserva: https://www.opcionempleo.com.ar/jobad/araabecc3bfbdda2fe65fcebd51550e9e1
2026-09-15 18:49:19,655 [INFO]     🤖⚠️  Verificación anti-bot (no concluyente), se conserva: https://www.opcionempleo.com.ar/jobad/arab497f753d9422b4be51edd7aa3716d8
2026-09-15 18:49:19,687 [INFO]     🤖⚠️  Verificación anti-bot (no concluyente), se conserva: https://www.opcionempleo.com.ar/jobad/areff10f4ae4bcb2aae51586ed0767241e
2026-09-15 18:49:19,689 [INFO]     🤖⚠️  Verificación anti-bot (no concluyente), se conserva: https://www.opcionempleo.com.ar/jobad/ar5d411a9fe73a5b871be29ec60ab950d5
2026-09-15 18:49:20,063 [INFO]     🤖⚠️  Verificación anti-bot (no concluyente), se conserva: https://www.opcionempleo.com.ar/jobad/arc9443ebf173d141791102a75357bbcfe
2026-09-15 18:49:20,423 [INFO]     🤖⚠️  Verificación anti-bot (no concluyente), se conserva: https://www.opcionempleo.com.ar/jobad/ar8d1f5e9ed5c7b3bfc7426f62d9fd5d61
2026-09-15 18:49:20,426 [INFO]     🤖⚠️  Verificación anti-bot (no concluyente), se conserva: https://www.opcionempleo.com.ar/jobad/ar319441c9109b1f5e9e6dc8846b2e09be
2026-09-15 18:49:20,427 [INFO]     🤖⚠️  Verificación anti-bot (no concluyente), se conserva: https://www.opcionempleo.com.ar/jobad/ar81dc6b85e5738b9306a65068d281c097
2026-09-15 18:49:20,784 [INFO]     🤖⚠️  Verificación anti-bot (no concluyente), se conserva: https://www.opcionempleo.com.ar/jobad/ar9bec0e47da849859b85eb38f26165593
2026-09-15 18:49:20,787 [INFO]     🤖⚠️  Verificación anti-bot (no concluyente), se conserva: https://www.opcionempleo.com.ar/jobad/ar75ed78f561583042797b7931033158a7
2026-09-15 18:49:20,789 [INFO]     🤖⚠️  Verificación anti-bot (no concluyente), se conserva: https://www.opcionempleo.com.ar/jobad/ar8892a70c736cd7106c5c4ecffc2ff2cb
2026-09-15 18:49:20,797 [INFO]     🤖⚠️  Verificación anti-bot (no concluyente), se conserva: https://www.opcionempleo.com.ar/jobad/ar27588528ac833a5909e172722fa4ba0f
2026-09-15 18:49:21,090 [INFO]     🤖⚠️  Verificación anti-bot (no concluyente), se conserva: https://www.opcionempleo.com.ar/jobad/ar07d5ad4c5ce21e691413cf9577987e7a
2026-09-15 18:49:21,399 [INFO]     🤖⚠️  Verificación anti-bot (no concluyente), se conserva: https://www.opcionempleo.com.ar/jobad/arbcca1754b91cc86f1a10c9a254f6d615
2026-09-15 18:49:21,432 [INFO]     🤖⚠️  Verificación anti-bot (no concluyente), se conserva: https://www.opcionempleo.com.ar/jobad/arb8f8ba788301f3156767635648708c18
2026-09-15 18:49:21,436 [INFO]     🤖⚠️  Verificación anti-bot (no concluyente), se conserva: https://www.opcionempleo.com.ar/jobad/ar35f78f095b139feee9656b44248e815a
2026-09-15 18:49:21,712 [INFO]     🤖⚠️  Verificación anti-bot (no concluyente), se conserva: https://www.opcionempleo.com.ar/jobad/ar3a2e7de5edfdf5ab90ac1755d2e99245
2026-09-15 18:49:21,714 [INFO]     🤖⚠️  Verificación anti-bot (no concluyente), se conserva: https://www.opcionempleo.com.ar/jobad/arac8db7ef87af8daf8e13a8d6b102e132
2026-09-15 18:49:21,716 [INFO]     🤖⚠️  Verificación anti-bot (no concluyente), se conserva: https://www.opcionempleo.com.ar/jobad/ar0ac3e5aa610736aac11b4040f8680c9f
2026-09-15 18:49:21,724 [INFO]     🤖⚠️  Verificación anti-bot (no concluyente), se conserva: https://www.opcionempleo.com.ar/jobad/ar6b7fe0c51bf9ccf8f2e1e270e8dcd8e1
2026-09-15 18:49:22,012 [INFO]     🤖⚠️  Verificación anti-bot (no concluyente), se conserva: https://www.opcionempleo.com.ar/jobad/arfaf48dddeb60a165c1ea59143170ec27
2026-09-15 18:49:22,324 [INFO]     🤖⚠️  Verificación anti-bot (no concluyente), se conserva: https://www.opcionempleo.com.ar/jobad/ar0d9db49c26b406b5052f76686cc6e4eb
2026-09-15 18:49:22,325 [INFO]     🤖⚠️  Verificación anti-bot (no concluyente), se conserva: https://www.opcionempleo.com.ar/jobad/ar45e492d3592216f8a6109e45241f060f
2026-09-15 18:49:22,325 [INFO]     🤖⚠️  Verificación anti-bot (no concluyente), se conserva: https://www.opcionempleo.com.ar/jobad/ar8995caf3a027c3ef04e1615efc451ae7
2026-09-15 18:49:22,601 [INFO]     🤖⚠️  Verificación anti-bot (no concluyente), se conserva: https://www.opcionempleo.com.ar/jobad/ar20e2787946b3b302a32d5da2259f98c7
2026-09-15 18:49:22,601 [INFO]     🤖⚠️  Verificación anti-bot (no concluyente), se conserva: https://www.opcionempleo.com.ar/jobad/ar043fd7084d7188a9debc39a065b0c9b3
2026-09-15 18:49:22,606 [INFO]     🤖⚠️  Verificación anti-bot (no concluyente), se conserva: https://www.opcionempleo.com.ar/jobad/ar4d8b5c7fd997a13f05bd1462f3979fe2
2026-09-15 18:49:22,607 [INFO]     🤖⚠️  Verificación anti-bot (no concluyente), se conserva: https://www.opcionempleo.com.ar/jobad/ar9514952c8fa0854148316211b861550b
2026-09-15 18:49:23,038 [INFO]     🤖⚠️  Verificación anti-bot (no concluyente), se conserva: https://www.opcionempleo.com.ar/jobad/arc0600b77055db69eb65f7471a257c6df
2026-09-15 18:49:23,430 [INFO]     🤖⚠️  Verificación anti-bot (no concluyente), se conserva: https://www.opcionempleo.com.ar/jobad/ar96112ec8add0494c34fd0e7a14ab269d
2026-09-15 18:49:23,431 [INFO]     🤖⚠️  Verificación anti-bot (no concluyente), se conserva: https://www.opcionempleo.com.ar/jobad/ar63cb88aa60641c4ceb55c35e33f05b87
2026-09-15 18:49:23,432 [INFO]     🤖⚠️  Verificación anti-bot (no concluyente), se conserva: https://www.opcionempleo.com.ar/jobad/ard43abc41ee10ed81a648fa842bbe5ae7
2026-09-15 18:49:23,955 [INFO]     🤖⚠️  Verificación anti-bot (no concluyente), se conserva: https://www.opcionempleo.com.ar/jobad/ar25bbe51f0a1b9d66d5e6d3b6b9096421
2026-09-15 18:49:23,957 [INFO]     🤖⚠️  Verificación anti-bot (no concluyente), se conserva: https://www.opcionempleo.com.ar/jobad/ar7aa6658d53dd3c09e57f82623fb8b3e6
2026-09-15 18:49:23,958 [INFO]     🤖⚠️  Verificación anti-bot (no concluyente), se conserva: https://www.opcionempleo.com.ar/jobad/ar7debf6fe2c09d40ec16a1e10010b2096
2026-09-15 18:49:23,973 [INFO]     🤖⚠️  Verificación anti-bot (no concluyente), se conserva: https://www.opcionempleo.com.ar/jobad/ar203e540b76a53751d2936cc479091478
2026-09-15 18:49:24,464 [INFO]     🤖⚠️  Verificación anti-bot (no concluyente), se conserva: https://www.opcionempleo.com.ar/jobad/ardf32f4144cdcf2e5e626c467f00f13ef
2026-09-15 18:49:24,975 [INFO]     🤖⚠️  Verificación anti-bot (no concluyente), se conserva: https://www.opcionempleo.com.ar/jobad/are81364870ff9857ea54589ff9c994c93
2026-09-15 18:49:24,983 [INFO]     🤖⚠️  Verificación anti-bot (no concluyente), se conserva: https://www.opcionempleo.com.ar/jobad/ar0b5293ebe71b8a34fbda3eee37bdf7e7
2026-09-15 18:49:24,992 [INFO]     🤖⚠️  Verificación anti-bot (no concluyente), se conserva: https://www.opcionempleo.com.ar/jobad/arf5dffc76cc77e28d771c6bba211d4b9e
2026-09-15 18:49:25,491 [INFO]     🤖⚠️  Verificación anti-bot (no concluyente), se conserva: https://www.opcionempleo.com.ar/jobad/ar34cc1750247ad7519585e8dd79d523f8
2026-09-15 18:49:25,494 [INFO]     🤖⚠️  Verificación anti-bot (no concluyente), se conserva: https://www.opcionempleo.com.ar/jobad/arf0475f4d08113d68d732f2cc691fce50
2026-09-15 18:49:25,496 [INFO]     🤖⚠️  Verificación anti-bot (no concluyente), se conserva: https://www.opcionempleo.com.ar/jobad/arce40e4ce1a3290832d3e809beee5415f
2026-09-15 18:49:25,498 [INFO]     🤖⚠️  Verificación anti-bot (no concluyente), se conserva: https://www.opcionempleo.com.ar/jobad/araaf025ef87151cae38aaa55e11666f67
2026-09-15 18:49:25,798 [INFO]     🤖⚠️  Verificación anti-bot (no concluyente), se conserva: https://www.opcionempleo.com.ar/jobad/ar85debc3595b25c141f55c9613396084f
2026-09-15 18:49:26,199 [INFO]     🤖⚠️  Verificación anti-bot (no concluyente), se conserva: https://www.opcionempleo.com.ar/jobad/arae0d6db11e8f568154fba98eb9693706
2026-09-15 18:49:26,203 [INFO]     🤖⚠️  Verificación anti-bot (no concluyente), se conserva: https://www.opcionempleo.com.ar/jobad/ar54118731a8df8e57b48ddda67f58e749
2026-09-15 18:49:26,203 [INFO]     🤖⚠️  Verificación anti-bot (no concluyente), se conserva: https://www.opcionempleo.com.ar/jobad/arfdfea8cf82d9d2b370818c35c44ce838
2026-09-15 18:49:26,512 [INFO]     🤖⚠️  Verificación anti-bot (no concluyente), se conserva: https://www.opcionempleo.com.ar/jobad/ar7fc5d579ba621d91a402ec0ff10b9c84
2026-09-15 18:49:26,514 [INFO]     🤖⚠️  Verificación anti-bot (no concluyente), se conserva: https://www.opcionempleo.com.ar/jobad/ara6712ec23b3ccfc0e13173e722052450
2026-09-15 18:49:26,523 [INFO]     🤖⚠️  Verificación anti-bot (no concluyente), se conserva: https://www.opcionempleo.com.ar/jobad/ar85455a58e386d253b11a05d435ca2a72
2026-09-15 18:49:26,525 [INFO]     🤖⚠️  Verificación anti-bot (no concluyente), se conserva: https://www.opcionempleo.com.ar/jobad/ar941383da09f2e7ee2d4ff357b948d263
2026-09-15 18:49:26,814 [INFO]     🤖⚠️  Verificación anti-bot (no concluyente), se conserva: https://www.opcionempleo.com.ar/jobad/ar72efc01b7581546daba541741411a057
2026-09-15 18:49:27,150 [INFO]     🤖⚠️  Verificación anti-bot (no concluyente), se conserva: https://www.opcionempleo.com.ar/jobad/arcb230563922a96f339ff1a1c11c3d8f5
2026-09-15 18:49:27,151 [INFO]     🤖⚠️  Verificación anti-bot (no concluyente), se conserva: https://www.opcionempleo.com.ar/jobad/ard98132c0702e927062c58627dd64bb9c
2026-09-15 18:49:27,153 [INFO]     🤖⚠️  Verificación anti-bot (no concluyente), se conserva: https://www.opcionempleo.com.ar/jobad/ar76e00b3b0ce797bb23082d68713ba827
2026-09-15 18:49:27,436 [INFO]     🤖⚠️  Verificación anti-bot (no concluyente), se conserva: https://www.opcionempleo.com.ar/jobad/ar241ddaf9038e431dbbe6297a7196d9d8
2026-09-15 18:49:27,454 [INFO]     🤖⚠️  Verificación anti-bot (no concluyente), se conserva: https://www.opcionempleo.com.ar/jobad/ar81967a122bbeb6b33b6213ef1483de74
2026-09-15 18:49:27,456 [INFO]     🤖⚠️  Verificación anti-bot (no concluyente), se conserva: https://www.opcionempleo.com.ar/jobad/ar0c78fb245cd55bcfb6d43f72687c19cd
2026-09-15 18:49:27,457 [INFO]     🤖⚠️  Verificación anti-bot (no concluyente), se conserva: https://www.opcionempleo.com.ar/jobad/arf8522946aa0aac91c9ee2229e386e47b
2026-09-15 18:49:27,776 [INFO]     🤖⚠️  Verificación anti-bot (no concluyente), se conserva: https://www.opcionempleo.com.ar/jobad/ar28d1727d21a6fb9706cdc053feae3450
2026-09-15 18:49:28,042 [INFO]     🤖⚠️  Verificación anti-bot (no concluyente), se conserva: https://www.opcionempleo.com.ar/jobad/ar6a2e9ad1f005222c14fcf84d1184d869
2026-09-15 18:49:28,046 [INFO]     🤖⚠️  Verificación anti-bot (no concluyente), se conserva: https://www.opcionempleo.com.ar/jobad/ar16c5a0560e3344c81d8026483dfde208
2026-09-15 18:49:28,047 [INFO]     🤖⚠️  Verificación anti-bot (no concluyente), se conserva: https://www.opcionempleo.com.ar/jobad/ar08673c8ca3b53f42ef2ccb6483f55baa
2026-09-15 18:49:28,361 [INFO]     🤖⚠️  Verificación anti-bot (no concluyente), se conserva: https://www.opcionempleo.com.ar/jobad/ar7377f38a0779b731bac43b5bea6b5cb2
2026-09-15 18:49:28,363 [INFO]     🤖⚠️  Verificación anti-bot (no concluyente), se conserva: https://www.opcionempleo.com.ar/jobad/ar708357f367e97f7ad257253d5d9a6ac8
2026-09-15 18:49:28,364 [INFO]     🤖⚠️  Verificación anti-bot (no concluyente), se conserva: https://www.opcionempleo.com.ar/jobad/ar2b682f464505c9617878e41490f97a35
2026-09-15 18:49:28,374 [INFO]     🤖⚠️  Verificación anti-bot (no concluyente), se conserva: https://www.opcionempleo.com.ar/jobad/ar14144ea89fc72c219f5677cf432de773
2026-09-15 18:49:28,660 [INFO]     🤖⚠️  Verificación anti-bot (no concluyente), se conserva: https://www.opcionempleo.com.ar/jobad/ar1419fa1e35480c84918a043657d2ec05
2026-09-15 18:49:28,913 [INFO]     🤖⚠️  Verificación anti-bot (no concluyente), se conserva: https://www.opcionempleo.com.ar/jobad/arc95eb679890b61fcd726c6d74c8a1688
2026-09-15 18:49:28,941 [INFO]     🤖⚠️  Verificación anti-bot (no concluyente), se conserva: https://www.opcionempleo.com.ar/jobad/ar7d3d977a4a4c40bee635ed513f97bb72
2026-09-15 18:49:28,941 [INFO]     🤖⚠️  Verificación anti-bot (no concluyente), se conserva: https://www.opcionempleo.com.ar/jobad/ar6c046c00cbbcd57b60b02d80ec6c4160
2026-09-15 18:49:29,355 [INFO]     🤖⚠️  Verificación anti-bot (no concluyente), se conserva: https://www.opcionempleo.com.ar/jobad/ar3c5ef25a06caa8553ab97e381cd2260f
2026-09-15 18:49:29,359 [INFO]     🤖⚠️  Verificación anti-bot (no concluyente), se conserva: https://www.opcionempleo.com.ar/jobad/ar08e1bef334fdf3314982cf145a3b2aec
2026-09-15 18:49:29,359 [INFO]     🤖⚠️  Verificación anti-bot (no concluyente), se conserva: https://www.opcionempleo.com.ar/jobad/ar86f6024faf20028c47d1443e18e16333
2026-09-15 18:49:29,362 [INFO]     🤖⚠️  Verificación anti-bot (no concluyente), se conserva: https://www.opcionempleo.com.ar/jobad/arb7e0ac1861440d0495c1f5300591d598
2026-09-15 18:49:29,679 [INFO]     🤖⚠️  Verificación anti-bot (no concluyente), se conserva: https://www.opcionempleo.com.ar/jobad/ar0a321cce7c2a0deca97246682e5749e6
2026-09-15 18:49:30,014 [INFO]     🤖⚠️  Verificación anti-bot (no concluyente), se conserva: https://www.opcionempleo.com.ar/jobad/ard9c756f758f3ffb3cbcbe59bf15ff277
2026-09-15 18:49:30,016 [INFO]     🤖⚠️  Verificación anti-bot (no concluyente), se conserva: https://www.opcionempleo.com.ar/jobad/ar36497306957e5b5667877cebbf393c40
2026-09-15 18:49:30,020 [INFO]     🤖⚠️  Verificación anti-bot (no concluyente), se conserva: https://www.opcionempleo.com.ar/jobad/ar9c0c2aa9ba1ff9a0661c71ecf8c295b0
2026-09-15 18:49:30,296 [INFO]     🤖⚠️  Verificación anti-bot (no concluyente), se conserva: https://www.opcionempleo.com.ar/jobad/ara09f443d69fd79b9fe85e144f27dabdd
2026-09-15 18:49:30,302 [INFO]     🤖⚠️  Verificación anti-bot (no concluyente), se conserva: https://www.opcionempleo.com.ar/jobad/ar84e1797b7a6e1e9b093363e1630651b5
2026-09-15 18:49:30,302 [INFO]     🤖⚠️  Verificación anti-bot (no concluyente), se conserva: https://www.opcionempleo.com.ar/jobad/ar575ff6357d31ae4d0b17743fefc9e327
2026-09-15 18:49:30,305 [INFO]     🤖⚠️  Verificación anti-bot (no concluyente), se conserva: https://www.opcionempleo.com.ar/jobad/ar88355c2836587de7d82ecb6197cc0384
2026-09-15 18:49:30,604 [INFO]     🤖⚠️  Verificación anti-bot (no concluyente), se conserva: https://www.opcionempleo.com.ar/jobad/ar455fee7afd65b0a9c4cc62f4389fa1c1
2026-09-15 18:49:30,857 [INFO]     🤖⚠️  Verificación anti-bot (no concluyente), se conserva: https://www.opcionempleo.com.ar/jobad/ar419166b874b8cd9e46e52abc9657d5b5
2026-09-15 18:49:30,870 [INFO]     🤖⚠️  Verificación anti-bot (no concluyente), se conserva: https://www.opcionempleo.com.ar/jobad/ar6228eabf32111518ea720f09acf2c1d2
2026-09-15 18:49:30,886 [INFO]     🤖⚠️  Verificación anti-bot (no concluyente), se conserva: https://www.opcionempleo.com.ar/jobad/arbe89eb066a6162c2c19b00ed369a9c35
2026-09-15 18:49:31,122 [INFO]     🤖⚠️  Verificación anti-bot (no concluyente), se conserva: https://www.opcionempleo.com.ar/jobad/ar2672699d425cfb7baacd5b5dcb341492
2026-09-15 18:49:31,131 [INFO]     🤖⚠️  Verificación anti-bot (no concluyente), se conserva: https://www.opcionempleo.com.ar/jobad/ar9f4331f9a7dcef88489cbfd3bbdfa84a
2026-09-15 18:49:31,139 [INFO]     🤖⚠️  Verificación anti-bot (no concluyente), se conserva: https://www.opcionempleo.com.ar/jobad/arf5e80d6e1e3fb38adb72755cf60829d3
2026-09-15 18:49:31,141 [INFO]     🤖⚠️  Verificación anti-bot (no concluyente), se conserva: https://www.opcionempleo.com.ar/jobad/ar39417bc2170f9537441512171fbe87bd
2026-09-15 18:49:31,430 [INFO]     🤖⚠️  Verificación anti-bot (no concluyente), se conserva: https://www.opcionempleo.com.ar/jobad/ar93af691d2f69c6de7698bbb05c0bb39f
2026-09-15 18:49:31,746 [INFO]     🤖⚠️  Verificación anti-bot (no concluyente), se conserva: https://www.opcionempleo.com.ar/jobad/arc046333e6f2a562560e33a70ae75fbea
2026-09-15 18:49:31,749 [INFO]     🤖⚠️  Verificación anti-bot (no concluyente), se conserva: https://www.opcionempleo.com.ar/jobad/ar36daffb3885f5ef4b1fb933e8436a2c7
2026-09-15 18:49:31,752 [INFO]     🤖⚠️  Verificación anti-bot (no concluyente), se conserva: https://www.opcionempleo.com.ar/jobad/ar9346685de814441deb63540aca533cfa
2026-09-15 18:49:32,349 [INFO]     🤖⚠️  Verificación anti-bot (no concluyente), se conserva: https://www.opcionempleo.com.ar/jobad/ar50f827f5914d6666d408793bea634585
2026-09-15 18:49:32,350 [INFO]     🤖⚠️  Verificación anti-bot (no concluyente), se conserva: https://www.opcionempleo.com.ar/jobad/ar1b84bf88ead3c2c8287c215fc8a2c6ce
2026-09-15 18:49:32,351 [INFO]     🤖⚠️  Verificación anti-bot (no concluyente), se conserva: https://www.opcionempleo.com.ar/jobad/ar04825c4eb34e7756871f90d6fb4cc092
2026-09-15 18:49:32,354 [INFO]     🤖⚠️  Verificación anti-bot (no concluyente), se conserva: https://www.opcionempleo.com.ar/jobad/arcbdca12bc6e21f663aba0fe075cf739d
2026-09-15 18:49:32,650 [INFO]     🤖⚠️  Verificación anti-bot (no concluyente), se conserva: https://www.opcionempleo.com.ar/jobad/ar5e2a8d8e319310bfd2c0ce9593c5458d
2026-09-15 18:49:32,899 [INFO]     🤖⚠️  Verificación anti-bot (no concluyente), se conserva: https://www.opcionempleo.com.ar/jobad/ar0fedcedf7654b17d4b7e185e1f9f0ab7
2026-09-15 18:49:32,931 [INFO]     🤖⚠️  Verificación anti-bot (no concluyente), se conserva: https://www.opcionempleo.com.ar/jobad/ar8aa33b06faf8c7979dad94cd4ef123a2
2026-09-15 18:49:32,937 [INFO]     🤖⚠️  Verificación anti-bot (no concluyente), se conserva: https://www.opcionempleo.com.ar/jobad/ar8aa113ce350a7c37e9a6d2541e279aab
2026-09-15 18:49:33,184 [INFO]     🤖⚠️  Verificación anti-bot (no concluyente), se conserva: https://www.opcionempleo.com.ar/jobad/ar7e31315dd96bbc89b52a4e361e61a841
2026-09-15 18:49:33,193 [INFO]     🤖⚠️  Verificación anti-bot (no concluyente), se conserva: https://www.opcionempleo.com.ar/jobad/arf32a8e8b2afa4d41732614bcb828247e
2026-09-15 18:49:33,195 [INFO]     🤖⚠️  Verificación anti-bot (no concluyente), se conserva: https://www.opcionempleo.com.ar/jobad/ar8047367955ead54f6f8abfc209e16658
2026-09-15 18:49:33,204 [INFO]     🤖⚠️  Verificación anti-bot (no concluyente), se conserva: https://www.opcionempleo.com.ar/jobad/ar91eea7349f54870db23bf120c1f68164
2026-09-15 18:49:33,478 [INFO]     🤖⚠️  Verificación anti-bot (no concluyente), se conserva: https://www.opcionempleo.com.ar/jobad/arb49a5cfd450cbd8dcb89b7f36f49530d
2026-09-15 18:49:33,869 [INFO]     🤖⚠️  Verificación anti-bot (no concluyente), se conserva: https://www.opcionempleo.com.ar/jobad/ar6b6fdeaf869b59d1ebdc30d508b3f1d2
2026-09-15 18:49:33,870 [INFO]     🤖⚠️  Verificación anti-bot (no concluyente), se conserva: https://www.opcionempleo.com.ar/jobad/ar1dada7e9bac38ff4dfca6960b56160d9
2026-09-15 18:49:33,872 [INFO]     🤖⚠️  Verificación anti-bot (no concluyente), se conserva: https://www.opcionempleo.com.ar/jobad/ar5517ddb748208f94983caac85cb035f4
2026-09-15 18:49:34,185 [INFO]     🤖⚠️  Verificación anti-bot (no concluyente), se conserva: https://www.opcionempleo.com.ar/jobad/ar7c1f590d255749085e8e33621fce4106
2026-09-15 18:49:34,195 [INFO]     🤖⚠️  Verificación anti-bot (no concluyente), se conserva: https://www.opcionempleo.com.ar/jobad/ar7074494ba608b1d2ee6129eefafde0ed
2026-09-15 18:49:34,196 [INFO]     🤖⚠️  Verificación anti-bot (no concluyente), se conserva: https://www.opcionempleo.com.ar/jobad/ar38dd2fdfa4b1afceb117c384c5ea4053
2026-09-15 18:49:34,197 [INFO]     🤖⚠️  Verificación anti-bot (no concluyente), se conserva: https://www.opcionempleo.com.ar/jobad/ar999b5d0a153c6365bcb6f17e54b1c74b
2026-09-15 18:49:34,596 [INFO]     🤖⚠️  Verificación anti-bot (no concluyente), se conserva: https://www.opcionempleo.com.ar/jobad/arafddde76bb2ec95da28b4602e1989f32
2026-09-15 18:49:34,877 [INFO]     🤖⚠️  Verificación anti-bot (no concluyente), se conserva: https://www.opcionempleo.com.ar/jobad/ar61c165274bc105b6931c5cd0d7792abf
2026-09-15 18:49:34,891 [INFO]     🤖⚠️  Verificación anti-bot (no concluyente), se conserva: https://www.opcionempleo.com.ar/jobad/ar4d5d0bce34d3cc811b92168590fc3b0d
2026-09-15 18:49:34,896 [INFO]     🤖⚠️  Verificación anti-bot (no concluyente), se conserva: https://www.opcionempleo.com.ar/jobad/ar79bff4053ec55b03da26cc409f0c634f
2026-09-15 18:49:35,267 [INFO]     🤖⚠️  Verificación anti-bot (no concluyente), se conserva: https://www.opcionempleo.com.ar/jobad/ar45d4886c50bfb0acb2407babc1ae5577
2026-09-15 18:49:35,271 [INFO]     🤖⚠️  Verificación anti-bot (no concluyente), se conserva: https://www.opcionempleo.com.ar/jobad/arb4ca4a26747c6ba0e172f857f895bee0
2026-09-15 18:49:35,274 [INFO]     🤖⚠️  Verificación anti-bot (no concluyente), se conserva: https://www.opcionempleo.com.ar/jobad/arfc5f4520ba2ef66288aedef0ad91c9e6
2026-09-15 18:49:35,284 [INFO]     🤖⚠️  Verificación anti-bot (no concluyente), se conserva: https://www.opcionempleo.com.ar/jobad/ard93bb00f0954c2a90933cb3fbac095e5
2026-09-15 18:49:35,572 [INFO]     🤖⚠️  Verificación anti-bot (no concluyente), se conserva: https://www.opcionempleo.com.ar/jobad/ara80399c5e00bda6059f5d02f6e8d084d
2026-09-15 18:49:35,906 [INFO]     🤖⚠️  Verificación anti-bot (no concluyente), se conserva: https://www.opcionempleo.com.ar/jobad/ar52a13ac486bf0557e2551d2e341127aa
2026-09-15 18:49:35,910 [INFO]     🤖⚠️  Verificación anti-bot (no concluyente), se conserva: https://www.opcionempleo.com.ar/jobad/ar14811a47f4ff9a52372a185051ad03b4
2026-09-15 18:49:35,918 [INFO]     🤖⚠️  Verificación anti-bot (no concluyente), se conserva: https://www.opcionempleo.com.ar/jobad/ar42e75858158ec4f96327cf10980e7a1f
2026-09-15 18:49:36,241 [INFO]     🤖⚠️  Verificación anti-bot (no concluyente), se conserva: https://www.opcionempleo.com.ar/jobad/ar823a40958f50ade43c8225ed7b823abc
2026-09-15 18:49:36,247 [INFO]     🤖⚠️  Verificación anti-bot (no concluyente), se conserva: https://www.opcionempleo.com.ar/jobad/ara1387e6e89e1d62ad23fa0e17c51aaff
2026-09-15 18:49:36,253 [INFO]     🤖⚠️  Verificación anti-bot (no concluyente), se conserva: https://www.opcionempleo.com.ar/jobad/ara5dfaa2150c6a1ff7faf65c2e15f9307
2026-09-15 18:49:36,254 [INFO]     🤖⚠️  Verificación anti-bot (no concluyente), se conserva: https://www.opcionempleo.com.ar/jobad/ar06ae7fac31f20d0b9790dad03eb3749f
2026-09-15 18:49:36,552 [INFO]     🤖⚠️  Verificación anti-bot (no concluyente), se conserva: https://www.opcionempleo.com.ar/jobad/areff5444cadb404c02c4db7181031c980
2026-09-15 18:49:36,852 [INFO]     🤖⚠️  Verificación anti-bot (no concluyente), se conserva: https://www.opcionempleo.com.ar/jobad/ar39f9ab0391009ac32fbd89bee5205163
2026-09-15 18:49:36,855 [INFO]     🤖⚠️  Verificación anti-bot (no concluyente), se conserva: https://www.opcionempleo.com.ar/jobad/ar5688803a15a841de5a668a4297b602a8
2026-09-15 18:49:36,856 [INFO]     🤖⚠️  Verificación anti-bot (no concluyente), se conserva: https://www.opcionempleo.com.ar/jobad/ar0d499fdca47c21a9fe72856bee03159f
2026-09-15 18:49:37,165 [INFO]     🤖⚠️  Verificación anti-bot (no concluyente), se conserva: https://www.opcionempleo.com.ar/jobad/ar24d8605e1c2f8280552895bd3d3c83b7
2026-09-15 18:49:37,167 [INFO]     🤖⚠️  Verificación anti-bot (no concluyente), se conserva: https://www.opcionempleo.com.ar/jobad/ar26816523f09734a64b23f984ece5b580
2026-09-15 18:49:37,175 [INFO]     🤖⚠️  Verificación anti-bot (no concluyente), se conserva: https://www.opcionempleo.com.ar/jobad/arf596c005b8abedcc77471327072dd350
2026-09-15 18:49:37,178 [INFO]     🤖⚠️  Verificación anti-bot (no concluyente), se conserva: https://www.opcionempleo.com.ar/jobad/ar550411fb82ecfd3179abb30f9667d6cd
2026-09-15 18:49:37,479 [INFO]     🤖⚠️  Verificación anti-bot (no concluyente), se conserva: https://www.opcionempleo.com.ar/jobad/arce7283960ab6597a5b6bf02712bd0970
2026-09-15 18:49:37,916 [INFO]     🤖⚠️  Verificación anti-bot (no concluyente), se conserva: https://www.opcionempleo.com.ar/jobad/arcf368287d1f5a812102a76f5008d13f6
2026-09-15 18:49:37,925 [INFO]     🤖⚠️  Verificación anti-bot (no concluyente), se conserva: https://www.opcionempleo.com.ar/jobad/ard49a0fec71d96338c8ded5cd9a9d65f1
2026-09-15 18:49:37,929 [INFO]     🤖⚠️  Verificación anti-bot (no concluyente), se conserva: https://www.opcionempleo.com.ar/jobad/areb24a90f59f413ec54c67e4fc1abadcf
2026-09-15 18:49:38,190 [INFO]     🤖⚠️  Verificación anti-bot (no concluyente), se conserva: https://www.opcionempleo.com.ar/jobad/ar20a61adc43d2ae7b6d3b0edea6248f36
2026-09-15 18:49:38,197 [INFO]     🤖⚠️  Verificación anti-bot (no concluyente), se conserva: https://www.opcionempleo.com.ar/jobad/ar54f81534c10244997eca69852b75c28b
2026-09-15 18:49:38,200 [INFO]     🤖⚠️  Verificación anti-bot (no concluyente), se conserva: https://www.opcionempleo.com.ar/jobad/ar210fbbf8a44ab65a949018d3fb24b880
2026-09-15 18:49:38,206 [INFO]     🤖⚠️  Verificación anti-bot (no concluyente), se conserva: https://www.opcionempleo.com.ar/jobad/ar2ba2b83b9c20118c1bd03e8ae68c55c0
2026-09-15 18:49:38,494 [INFO]     🤖⚠️  Verificación anti-bot (no concluyente), se conserva: https://www.opcionempleo.com.ar/jobad/ar1e0b37a36572bc11b263f93d0c5f8f83
2026-09-15 18:49:38,928 [INFO]     🤖⚠️  Verificación anti-bot (no concluyente), se conserva: https://www.opcionempleo.com.ar/jobad/are7c5a75229aa81892686a101f40bbc2e
2026-09-15 18:49:38,941 [INFO]     🤖⚠️  Verificación anti-bot (no concluyente), se conserva: https://www.opcionempleo.com.ar/jobad/ar9aeb25fb081ab875c42ccd7589e906fe
2026-09-15 18:49:38,950 [INFO]     🤖⚠️  Verificación anti-bot (no concluyente), se conserva: https://www.opcionempleo.com.ar/jobad/ar4a1785c528c4218a6e8a4780380dc85b
2026-09-15 18:49:39,301 [INFO]     🤖⚠️  Verificación anti-bot (no concluyente), se conserva: https://www.opcionempleo.com.ar/jobad/ar4761b6cd603b3dce0953985ad78ddbc5
2026-09-15 18:49:39,302 [INFO]     🤖⚠️  Verificación anti-bot (no concluyente), se conserva: https://www.opcionempleo.com.ar/jobad/ar40dc3cccb7f7b78430282184f6d2684a
2026-09-15 18:49:39,307 [INFO]     🤖⚠️  Verificación anti-bot (no concluyente), se conserva: https://www.opcionempleo.com.ar/jobad/ar47585685a4d5c605d2be891cab46aacd
2026-09-15 18:49:39,308 [INFO]     🤖⚠️  Verificación anti-bot (no concluyente), se conserva: https://www.opcionempleo.com.ar/jobad/ar2d8f7d5bbb4c4e180b8833e031917272
2026-09-15 18:49:39,720 [INFO]     🤖⚠️  Verificación anti-bot (no concluyente), se conserva: https://www.opcionempleo.com.ar/jobad/ard831ad457ac497c3dba755c2cab732e9
2026-09-15 18:49:40,026 [INFO]     🤖⚠️  Verificación anti-bot (no concluyente), se conserva: https://www.opcionempleo.com.ar/jobad/ar520898effb04d4365ee48bf83beabb7a
2026-09-15 18:49:40,029 [INFO]     🤖⚠️  Verificación anti-bot (no concluyente), se conserva: https://www.opcionempleo.com.ar/jobad/ar4205dd1dded93573b31b91ae52349173
2026-09-15 18:49:40,029 [INFO]     🤖⚠️  Verificación anti-bot (no concluyente), se conserva: https://www.opcionempleo.com.ar/jobad/ar245e4f51f035faebd8ca6596f94542ea
2026-09-15 18:49:40,434 [INFO]     🤖⚠️  Verificación anti-bot (no concluyente), se conserva: https://www.opcionempleo.com.ar/jobad/ar53deee0dd82b5623ecdee884e1a03d77
2026-09-15 18:49:40,438 [INFO]     🤖⚠️  Verificación anti-bot (no concluyente), se conserva: https://www.opcionempleo.com.ar/jobad/ar75b6303ccddd06521f6bec72d1a5d6db
2026-09-15 18:49:40,440 [INFO]     🤖⚠️  Verificación anti-bot (no concluyente), se conserva: https://www.opcionempleo.com.ar/jobad/ar7a1f9185a401434653f5d20ac5c2bbc5
2026-09-15 18:49:40,440 [INFO]     🤖⚠️  Verificación anti-bot (no concluyente), se conserva: https://www.opcionempleo.com.ar/jobad/ar9b1ca3747c56ed568fcd7e35bb15ca5f
2026-09-15 18:49:40,748 [INFO]     🤖⚠️  Verificación anti-bot (no concluyente), se conserva: https://www.opcionempleo.com.ar/jobad/ar0e1ff00f2509ac9137fb4349bbce9d90
2026-09-15 18:49:41,054 [INFO]     🤖⚠️  Verificación anti-bot (no concluyente), se conserva: https://www.opcionempleo.com.ar/jobad/are4b9d4ecc82f0ac980ac9ae690d17233
2026-09-15 18:49:41,067 [INFO]     🤖⚠️  Verificación anti-bot (no concluyente), se conserva: https://www.opcionempleo.com.ar/jobad/ara371b280a2e783ca2e8532fe5006aede
2026-09-15 18:49:41,074 [INFO]     🤖⚠️  Verificación anti-bot (no concluyente), se conserva: https://www.opcionempleo.com.ar/jobad/ar5ab231e3702d0bae1a0a2dbedf521b3f
2026-09-15 18:49:41,474 [INFO]     🤖⚠️  Verificación anti-bot (no concluyente), se conserva: https://www.opcionempleo.com.ar/jobad/ar81aa29a093d0bbd726facbc7dfff9a13
2026-09-15 18:49:41,476 [INFO]     🤖⚠️  Verificación anti-bot (no concluyente), se conserva: https://www.opcionempleo.com.ar/jobad/ar53c173c969c331df0f9855c6bccda4b6
2026-09-15 18:49:41,477 [INFO]     🤖⚠️  Verificación anti-bot (no concluyente), se conserva: https://www.opcionempleo.com.ar/jobad/ar5715f66a30486bd86b268d6e1d53d3c4
2026-09-15 18:49:41,484 [INFO]     🤖⚠️  Verificación anti-bot (no concluyente), se conserva: https://www.opcionempleo.com.ar/jobad/are6663f759e90da6ba19e620952f4f583
2026-09-15 18:49:41,785 [INFO]     🤖⚠️  Verificación anti-bot (no concluyente), se conserva: https://www.opcionempleo.com.ar/jobad/ar9dba458d3ac8e45c5e22a361b25ffa70
2026-09-15 18:49:42,155 [INFO]     🤖⚠️  Verificación anti-bot (no concluyente), se conserva: https://www.opcionempleo.com.ar/jobad/ard30fc9aabf8c4d3595ed8b1f5794c052
2026-09-15 18:49:42,158 [INFO]     🤖⚠️  Verificación anti-bot (no concluyente), se conserva: https://www.opcionempleo.com.ar/jobad/aredd38d9776d280dcd11095dfe5c1f880
2026-09-15 18:49:42,158 [INFO]     🤖⚠️  Verificación anti-bot (no concluyente), se conserva: https://www.opcionempleo.com.ar/jobad/ar3221dc5a2eb52bc010c35fef58e95f81
2026-09-15 18:49:42,753 [INFO]     🤖⚠️  Verificación anti-bot (no concluyente), se conserva: https://www.opcionempleo.com.ar/jobad/arba50f368bc39ca5ced0bb107c3038683
2026-09-15 18:49:42,753 [INFO]     🤖⚠️  Verificación anti-bot (no concluyente), se conserva: https://www.opcionempleo.com.ar/jobad/arcb521209e1bc83bdaa3b73691bb2596a
2026-09-15 18:49:42,756 [INFO]     🤖⚠️  Verificación anti-bot (no concluyente), se conserva: https://www.opcionempleo.com.ar/jobad/arc55934178e2c87c1d92697e2e9e3d0be
2026-09-15 18:49:42,759 [INFO]     🤖⚠️  Verificación anti-bot (no concluyente), se conserva: https://www.opcionempleo.com.ar/jobad/ar184cd665d175a781b72a1e2c89de879b
2026-09-15 18:49:43,056 [INFO]     🤖⚠️  Verificación anti-bot (no concluyente), se conserva: https://www.opcionempleo.com.ar/jobad/arcda5989f8427798e7f45aceae920b746
2026-09-15 18:49:43,419 [INFO]     🤖⚠️  Verificación anti-bot (no concluyente), se conserva: https://www.opcionempleo.com.ar/jobad/ar4ee0bc43b3a52b6e86f30cc8be035ff3
2026-09-15 18:49:43,420 [INFO]     🤖⚠️  Verificación anti-bot (no concluyente), se conserva: https://www.opcionempleo.com.ar/jobad/ar8ff41d6e1357a15df0d13ff6629ee256
2026-09-15 18:49:43,424 [INFO]     🤖⚠️  Verificación anti-bot (no concluyente), se conserva: https://www.opcionempleo.com.ar/jobad/arfa9e16a97e40dab4bd2bc180ff30f1fa
2026-09-15 18:49:43,717 [INFO]     🤖⚠️  Verificación anti-bot (no concluyente), se conserva: https://www.opcionempleo.com.ar/jobad/ar2f292e137cb090f98d2b7ac50a1b6342
2026-09-15 18:49:43,722 [INFO]     🤖⚠️  Verificación anti-bot (no concluyente), se conserva: https://www.opcionempleo.com.ar/jobad/ar1a2bc73affe490f6a5a8057d69a1b266
2026-09-15 18:49:43,727 [INFO]     🤖⚠️  Verificación anti-bot (no concluyente), se conserva: https://www.opcionempleo.com.ar/jobad/ar7e848c92a9177bf7e2103dddbe65c66b
2026-09-15 18:49:43,730 [INFO]     🤖⚠️  Verificación anti-bot (no concluyente), se conserva: https://www.opcionempleo.com.ar/jobad/ar71ccb62812732ae903d9c53ce32a463e
2026-09-15 18:49:44,024 [INFO]     🤖⚠️  Verificación anti-bot (no concluyente), se conserva: https://www.opcionempleo.com.ar/jobad/ar8fc2411cbc67cb577f072657bfb78d6e
2026-09-15 18:49:44,275 [INFO]     🤖⚠️  Verificación anti-bot (no concluyente), se conserva: https://www.opcionempleo.com.ar/jobad/ar96f9a73f1e4e2e0e14f5720524f46b2e
2026-09-15 18:49:44,277 [INFO]     🤖⚠️  Verificación anti-bot (no concluyente), se conserva: https://www.opcionempleo.com.ar/jobad/arb761b4f55b8c7a72936249a1e75fb73e
2026-09-15 18:49:44,321 [INFO]     🤖⚠️  Verificación anti-bot (no concluyente), se conserva: https://www.opcionempleo.com.ar/jobad/ar343ab4533fe8062bb8a0ff217a4fd882
2026-09-15 18:49:44,536 [INFO]     🤖⚠️  Verificación anti-bot (no concluyente), se conserva: https://www.opcionempleo.com.ar/jobad/arbb861924969eff12fb66c51fc1b41286
2026-09-15 18:49:44,555 [INFO]     🤖⚠️  Verificación anti-bot (no concluyente), se conserva: https://www.opcionempleo.com.ar/jobad/are2c187652c03dd3b876714d5d27f4770
2026-09-15 18:49:44,562 [INFO]     🤖⚠️  Verificación anti-bot (no concluyente), se conserva: https://www.opcionempleo.com.ar/jobad/ar79fe5a733807c1e0335359fb00e809e0
2026-09-15 18:49:44,577 [INFO]     🤖⚠️  Verificación anti-bot (no concluyente), se conserva: https://www.opcionempleo.com.ar/jobad/ar6e14cec8deb96012e383e3dc13a1ce4b
2026-09-15 18:49:45,150 [INFO]     🤖⚠️  Verificación anti-bot (no concluyente), se conserva: https://www.opcionempleo.com.ar/jobad/arb02c81a5d459581b01feab16fc0c3d76
2026-09-15 18:49:45,451 [INFO]     🤖⚠️  Verificación anti-bot (no concluyente), se conserva: https://www.opcionempleo.com.ar/jobad/ar288c2786d940c16d2043af7a0d14002f
2026-09-15 18:49:45,458 [INFO]     🤖⚠️  Verificación anti-bot (no concluyente), se conserva: https://www.opcionempleo.com.ar/jobad/ar39f108b1fa0e2a1a3dd3aac407e41019
2026-09-15 18:49:45,459 [INFO]     🤖⚠️  Verificación anti-bot (no concluyente), se conserva: https://www.opcionempleo.com.ar/jobad/arb5b65987e82d03def3ad2e1d8c4ae5ca
2026-09-15 18:49:45,869 [INFO]     🤖⚠️  Verificación anti-bot (no concluyente), se conserva: https://www.opcionempleo.com.ar/jobad/ar0e5fbdfb1128a07f37882a43ae0b3d54
2026-09-15 18:49:45,871 [INFO]     🤖⚠️  Verificación anti-bot (no concluyente), se conserva: https://www.opcionempleo.com.ar/jobad/ar23eee7126490c7bf57849775d5aedba2
2026-09-15 18:49:45,876 [INFO]     🤖⚠️  Verificación anti-bot (no concluyente), se conserva: https://www.opcionempleo.com.ar/jobad/ar44aaa5aa6d3501818e2582358a14fa26
2026-09-15 18:49:45,880 [INFO]     🤖⚠️  Verificación anti-bot (no concluyente), se conserva: https://www.opcionempleo.com.ar/jobad/are7d3d64b48c27f31dcfa6d71b0c0a7d2
2026-09-15 18:49:46,167 [INFO]     🤖⚠️  Verificación anti-bot (no concluyente), se conserva: https://www.opcionempleo.com.ar/jobad/arb8432b18ea4e0d7f01d0ebb1da6159c1
2026-09-15 18:49:46,586 [INFO]     🤖⚠️  Verificación anti-bot (no concluyente), se conserva: https://www.opcionempleo.com.ar/jobad/arff631e032fbd72647a3e4bd01c106eec
2026-09-15 18:49:46,588 [INFO]     🤖⚠️  Verificación anti-bot (no concluyente), se conserva: https://www.opcionempleo.com.ar/jobad/arc11162520593b9f470fa382561fa0708
2026-09-15 18:49:46,590 [INFO]     🤖⚠️  Verificación anti-bot (no concluyente), se conserva: https://www.opcionempleo.com.ar/jobad/are3e1857d7c7261934236b61338d8c12d
2026-09-15 18:49:46,985 [INFO]     🤖⚠️  Verificación anti-bot (no concluyente), se conserva: https://www.opcionempleo.com.ar/jobad/ar39cb2e0c46e217d27b0f3542883ec92f
2026-09-15 18:49:46,986 [INFO]     🤖⚠️  Verificación anti-bot (no concluyente), se conserva: https://www.opcionempleo.com.ar/jobad/ar62fd1dab6bba76cac5495c1db0498e12
2026-09-15 18:49:46,987 [INFO]     🤖⚠️  Verificación anti-bot (no concluyente), se conserva: https://www.opcionempleo.com.ar/jobad/are13e2989546014abd5ffad0126367d76
2026-09-15 18:49:46,989 [INFO]     🤖⚠️  Verificación anti-bot (no concluyente), se conserva: https://www.opcionempleo.com.ar/jobad/ar3ead448a869be82baf4dc4bc3fbc74a6
2026-09-15 18:49:47,246 [INFO]     🤖⚠️  Verificación anti-bot (no concluyente), se conserva: https://www.opcionempleo.com.ar/jobad/arcef285d6d9218aff71420daf3ee1b44e
2026-09-15 18:49:47,489 [INFO]     🤖⚠️  Verificación anti-bot (no concluyente), se conserva: https://www.opcionempleo.com.ar/jobad/arfe674e79449e110aa8a874c53cfccf27
2026-09-15 18:49:47,492 [INFO]     🤖⚠️  Verificación anti-bot (no concluyente), se conserva: https://www.opcionempleo.com.ar/jobad/ar17a303a003924956f98b7c10a530bf6d
2026-09-15 18:49:47,495 [INFO]     🤖⚠️  Verificación anti-bot (no concluyente), se conserva: https://www.opcionempleo.com.ar/jobad/ar5ddb34911e7fb6c8740deb607bb94811
2026-09-15 18:49:47,846 [INFO]     🤖⚠️  Verificación anti-bot (no concluyente), se conserva: https://www.opcionempleo.com.ar/jobad/ar569ef689daaf6b4868508e29106fcb33
2026-09-15 18:49:47,853 [INFO]     🤖⚠️  Verificación anti-bot (no concluyente), se conserva: https://www.opcionempleo.com.ar/jobad/ar66a5baff3cc5fd3074f9176e1e3cdd3d
2026-09-15 18:49:47,862 [INFO]     🤖⚠️  Verificación anti-bot (no concluyente), se conserva: https://www.opcionempleo.com.ar/jobad/ar4aa0a9d6564dbc789bc717b502fb785e
2026-09-15 18:49:47,867 [INFO]     🤖⚠️  Verificación anti-bot (no concluyente), se conserva: https://www.opcionempleo.com.ar/jobad/arc4914ac28eea6453f8e709ee1757771e
2026-09-15 18:49:48,123 [INFO]     🤖⚠️  Verificación anti-bot (no concluyente), se conserva: https://www.opcionempleo.com.ar/jobad/ar1fb3a5f8679709ec3efea9281accebe9
2026-09-15 18:49:48,383 [INFO]     🤖⚠️  Verificación anti-bot (no concluyente), se conserva: https://www.opcionempleo.com.ar/jobad/ard5f3e750e6019182ed02ba2d493ae87e
2026-09-15 18:49:48,388 [INFO]     🤖⚠️  Verificación anti-bot (no concluyente), se conserva: https://www.opcionempleo.com.ar/jobad/ara0c8dbf35b8f332c4df408a0b0ed28d0
2026-09-15 18:49:48,398 [INFO]     🤖⚠️  Verificación anti-bot (no concluyente), se conserva: https://www.opcionempleo.com.ar/jobad/ar7f96479237ac66abbca6c4d0696a3509
2026-09-15 18:49:48,743 [INFO]     🤖⚠️  Verificación anti-bot (no concluyente), se conserva: https://www.opcionempleo.com.ar/jobad/arb234bb3b3307e5b492614efb96da31b6
2026-09-15 18:49:48,754 [INFO]     🤖⚠️  Verificación anti-bot (no concluyente), se conserva: https://www.opcionempleo.com.ar/jobad/ar6470ddc569a2a1f55eb3b0a101db8d62
2026-09-15 18:49:48,760 [INFO]     🤖⚠️  Verificación anti-bot (no concluyente), se conserva: https://www.opcionempleo.com.ar/jobad/ar8829ac5c2e23340460d7f7b6dc612402
2026-09-15 18:49:48,764 [INFO]     🤖⚠️  Verificación anti-bot (no concluyente), se conserva: https://www.opcionempleo.com.ar/jobad/ar536b6905b334c3ca5bbe312c3b209ba9
2026-09-15 18:49:49,038 [INFO]     🤖⚠️  Verificación anti-bot (no concluyente), se conserva: https://www.opcionempleo.com.ar/jobad/ar0055c04a2baf459ff903c1f41c031b04
2026-09-15 18:49:49,338 [INFO]     🤖⚠️  Verificación anti-bot (no concluyente), se conserva: https://www.opcionempleo.com.ar/jobad/ar5f357ef6d6b52a9a14eece06d6696375
2026-09-15 18:49:49,342 [INFO]     🤖⚠️  Verificación anti-bot (no concluyente), se conserva: https://www.opcionempleo.com.ar/jobad/arf3a6262ec8e93a028c84080556241081
2026-09-15 18:49:49,343 [INFO]     🤖⚠️  Verificación anti-bot (no concluyente), se conserva: https://www.opcionempleo.com.ar/jobad/ardf8e0aab58c08e46e8cd90fd2fb5397d
2026-09-15 18:49:49,759 [INFO]     🤖⚠️  Verificación anti-bot (no concluyente), se conserva: https://www.opcionempleo.com.ar/jobad/ar93a29a81508bff0c802baaea38c6ee35
2026-09-15 18:49:49,765 [INFO]     🤖⚠️  Verificación anti-bot (no concluyente), se conserva: https://www.opcionempleo.com.ar/jobad/ar9625dca094fe3107b6f441b85626d0de
2026-09-15 18:49:49,767 [INFO]     🤖⚠️  Verificación anti-bot (no concluyente), se conserva: https://www.opcionempleo.com.ar/jobad/ar87211c0d9fc162f6e8a59697fd4ef344
2026-09-15 18:49:49,769 [INFO]     🤖⚠️  Verificación anti-bot (no concluyente), se conserva: https://www.opcionempleo.com.ar/jobad/ar54f1ea468b3e4905117bb56336972112
2026-09-15 18:49:50,377 [INFO]     🤖⚠️  Verificación anti-bot (no concluyente), se conserva: https://www.opcionempleo.com.ar/jobad/ared38b630e902fc3a60cb2302a90e3164
2026-09-15 18:49:51,192 [INFO]     🤖⚠️  Verificación anti-bot (no concluyente), se conserva: https://www.opcionempleo.com.ar/jobad/arc595ec9a43ca537f704a105f07f1a152
2026-09-15 18:49:51,193 [INFO]     🤖⚠️  Verificación anti-bot (no concluyente), se conserva: https://www.opcionempleo.com.ar/jobad/ar7c84b03ecd0b3631249079962b98baaf
2026-09-15 18:49:51,194 [INFO]     🤖⚠️  Verificación anti-bot (no concluyente), se conserva: https://www.opcionempleo.com.ar/jobad/arcde1224462986f0e9f733ac6768d86e4
2026-09-15 18:49:51,441 [INFO]     🤖⚠️  Verificación anti-bot (no concluyente), se conserva: https://www.opcionempleo.com.ar/jobad/ar9266a1d10406c5c6801879e24bf7a5d8
2026-09-15 18:49:51,451 [INFO]     🤖⚠️  Verificación anti-bot (no concluyente), se conserva: https://www.opcionempleo.com.ar/jobad/ara1903068abcdf976fcfe92d55623c12b
2026-09-15 18:49:51,459 [INFO]     🤖⚠️  Verificación anti-bot (no concluyente), se conserva: https://www.opcionempleo.com.ar/jobad/ar88aa0938c7875d110ca96fb7b090b0fd
2026-09-15 18:49:51,468 [INFO]     🤖⚠️  Verificación anti-bot (no concluyente), se conserva: https://www.opcionempleo.com.ar/jobad/ar2fb229ef17ac38c8a3f81e630555a4e9
2026-09-15 18:49:51,801 [INFO]     🤖⚠️  Verificación anti-bot (no concluyente), se conserva: https://www.opcionempleo.com.ar/jobad/ar95dec5f2bb004cda0ab582b8ce0eedba
2026-09-15 18:49:52,115 [INFO]     🤖⚠️  Verificación anti-bot (no concluyente), se conserva: https://www.opcionempleo.com.ar/jobad/ar15aedb25dd8539a8984a716f14282295
2026-09-15 18:49:52,119 [INFO]     🤖⚠️  Verificación anti-bot (no concluyente), se conserva: https://www.opcionempleo.com.ar/jobad/ar4a6447dd525538413c1e0fe9091dc278
2026-09-15 18:49:52,130 [INFO]     🤖⚠️  Verificación anti-bot (no concluyente), se conserva: https://www.opcionempleo.com.ar/jobad/ar35d0b54f0e4cad7b6184ddb4aa926711
2026-09-15 18:49:52,429 [INFO]     🤖⚠️  Verificación anti-bot (no concluyente), se conserva: https://www.opcionempleo.com.ar/jobad/ar228ff92dc83a739b52ef8e53c4db0f4f
2026-09-15 18:49:52,430 [INFO]     🤖⚠️  Verificación anti-bot (no concluyente), se conserva: https://www.opcionempleo.com.ar/jobad/arb93f8651722fc26da5b25dfefaf68640
2026-09-15 18:49:52,433 [INFO]     🤖⚠️  Verificación anti-bot (no concluyente), se conserva: https://www.opcionempleo.com.ar/jobad/arabd7f804d0cfc578f45aa60ee4112292
2026-09-15 18:49:52,435 [INFO]     🤖⚠️  Verificación anti-bot (no concluyente), se conserva: https://www.opcionempleo.com.ar/jobad/arf1f33180cc9f12abeb40e2570e94e6b4
2026-09-15 18:49:52,727 [INFO]     🤖⚠️  Verificación anti-bot (no concluyente), se conserva: https://www.opcionempleo.com.ar/jobad/ar3264dc244d074ce558a5b547872f819d
2026-09-15 18:49:53,148 [INFO]     🤖⚠️  Verificación anti-bot (no concluyente), se conserva: https://www.opcionempleo.com.ar/jobad/ar62649c8d0308ba3f6082954a0584f906
2026-09-15 18:49:53,150 [INFO]     🤖⚠️  Verificación anti-bot (no concluyente), se conserva: https://www.opcionempleo.com.ar/jobad/ara2a89a6262861a45fb06190365adb2c6
2026-09-15 18:49:53,151 [INFO]     🤖⚠️  Verificación anti-bot (no concluyente), se conserva: https://www.opcionempleo.com.ar/jobad/are38b1d7acb70255954ee0ac867cb2bff
2026-09-15 18:49:53,447 [INFO]     🤖⚠️  Verificación anti-bot (no concluyente), se conserva: https://www.opcionempleo.com.ar/jobad/arafd57f9a4444b3253891e6b579ab2b6c
2026-09-15 18:49:53,449 [INFO]     🤖⚠️  Verificación anti-bot (no concluyente), se conserva: https://www.opcionempleo.com.ar/jobad/ar2bda5275743ce4a3d6730d644c3ebfae
2026-09-15 18:49:53,453 [INFO]     🤖⚠️  Verificación anti-bot (no concluyente), se conserva: https://www.opcionempleo.com.ar/jobad/arac82491b3be93bfbcf9721a77f2ba110
2026-09-15 18:49:53,455 [INFO]     🤖⚠️  Verificación anti-bot (no concluyente), se conserva: https://www.opcionempleo.com.ar/jobad/ar5a8beab202c4581deec075b7a968a747
2026-09-15 18:49:54,058 [INFO]     🤖⚠️  Verificación anti-bot (no concluyente), se conserva: https://www.opcionempleo.com.ar/jobad/arf0cc11b3b7cf3a52fd5b8fce59dffdd2
2026-09-15 18:49:54,330 [INFO]     🤖⚠️  Verificación anti-bot (no concluyente), se conserva: https://www.opcionempleo.com.ar/jobad/arac27d34e18422a2644df8ed4b5775086
2026-09-15 18:49:54,357 [INFO]     🤖⚠️  Verificación anti-bot (no concluyente), se conserva: https://www.opcionempleo.com.ar/jobad/ar64b46b6617c9e63327af816e80bd3b5f
2026-09-15 18:49:54,436 [INFO]     🤖⚠️  Verificación anti-bot (no concluyente), se conserva: https://www.opcionempleo.com.ar/jobad/arc6c6b97085bac575c24470de93c565d5
2026-09-15 18:49:54,559 [INFO]     🤖⚠️  Verificación anti-bot (no concluyente), se conserva: https://www.opcionempleo.com.ar/jobad/arf2522622576faaa3b02b8d716b2bddb8
2026-09-15 18:49:54,585 [INFO]     🤖⚠️  Verificación anti-bot (no concluyente), se conserva: https://www.opcionempleo.com.ar/jobad/ar1c804f5f566d1de15e90a539f18e262e
2026-09-15 18:49:54,633 [INFO]     🤖⚠️  Verificación anti-bot (no concluyente), se conserva: https://www.opcionempleo.com.ar/jobad/ar096ddce90c91c68414c74945ee06b749
2026-09-15 18:49:54,634 [INFO]     🤖⚠️  Verificación anti-bot (no concluyente), se conserva: https://www.opcionempleo.com.ar/jobad/arcbe5c2bcac9abd20a946c0b3e209b861
2026-09-15 18:49:55,033 [INFO]     🤖⚠️  Verificación anti-bot (no concluyente), se conserva: https://www.opcionempleo.com.ar/jobad/ar336effb7087df70b01cc8f1b3f740fa5
2026-09-15 18:49:55,140 [INFO]     🤖⚠️  Verificación anti-bot (no concluyente), se conserva: https://www.opcionempleo.com.ar/jobad/ar04dd90ea35bbafd92b4c7a50b37246de
2026-09-15 18:49:55,255 [INFO]     🤖⚠️  Verificación anti-bot (no concluyente), se conserva: https://www.opcionempleo.com.ar/jobad/ar3570c4cbaaf0d601181ed8be3c0e8e9a
2026-09-15 18:49:55,357 [INFO]     🤖⚠️  Verificación anti-bot (no concluyente), se conserva: https://www.opcionempleo.com.ar/jobad/are07b2389ef60a88665c8911852e366f9
2026-09-15 18:49:55,388 [INFO]     🤖⚠️  Verificación anti-bot (no concluyente), se conserva: https://www.opcionempleo.com.ar/jobad/arcd14cfce57e163c771f671968b746868
2026-09-15 18:49:55,409 [INFO]     🤖⚠️  Verificación anti-bot (no concluyente), se conserva: https://www.opcionempleo.com.ar/jobad/arc2c3110489fffe236493ce4d0abcaacb
2026-09-15 18:49:55,583 [INFO]     🤖⚠️  Verificación anti-bot (no concluyente), se conserva: https://www.opcionempleo.com.ar/jobad/ardd9e0094fbd2c3ae053537c13aa90266
2026-09-15 18:49:55,613 [INFO]     🤖⚠️  Verificación anti-bot (no concluyente), se conserva: https://www.opcionempleo.com.ar/jobad/arb484882351e4cdae158a37ab26970064
2026-09-15 18:49:55,846 [INFO]     🤖⚠️  Verificación anti-bot (no concluyente), se conserva: https://www.opcionempleo.com.ar/jobad/arc6c39ab0514ea6b1db281378947479a9
2026-09-15 18:49:56,035 [INFO]     🤖⚠️  Verificación anti-bot (no concluyente), se conserva: https://www.opcionempleo.com.ar/jobad/ar09391664fecff0edebfc74a116db6b0a
2026-09-15 18:49:56,109 [INFO]     🤖⚠️  Verificación anti-bot (no concluyente), se conserva: https://www.opcionempleo.com.ar/jobad/ar691575006734105f1184deea082f3c52
2026-09-15 18:49:56,296 [INFO]     🤖⚠️  Verificación anti-bot (no concluyente), se conserva: https://www.opcionempleo.com.ar/jobad/ar8e098e4a90215f77fee1cb6f040b1bb3
2026-09-15 18:49:56,297 [INFO]     🤖⚠️  Verificación anti-bot (no concluyente), se conserva: https://www.opcionempleo.com.ar/jobad/ard604da63b2f61e4db156c133bb823b9c
2026-09-15 18:49:56,299 [INFO]     🤖⚠️  Verificación anti-bot (no concluyente), se conserva: https://www.opcionempleo.com.ar/jobad/ar9e8e822c746f0a5b872aa97dfeeb4ff6
2026-09-15 18:49:56,362 [INFO]     🤖⚠️  Verificación anti-bot (no concluyente), se conserva: https://www.opcionempleo.com.ar/jobad/ar8f16f26e238e677a3a3fe37a837c49d9
2026-09-15 18:49:56,400 [INFO]     🤖⚠️  Verificación anti-bot (no concluyente), se conserva: https://www.opcionempleo.com.ar/jobad/arba21826699e9a381e2d22916891c78ff
2026-09-15 18:49:56,634 [INFO]     🤖⚠️  Verificación anti-bot (no concluyente), se conserva: https://www.opcionempleo.com.ar/jobad/ar8f037c8184adf02b690e4650cd9ac4bb
2026-09-15 18:49:56,936 [INFO]     🤖⚠️  Verificación anti-bot (no concluyente), se conserva: https://www.opcionempleo.com.ar/jobad/ar0e61db8dba2beb4405a8c2520428d454
2026-09-15 18:49:56,938 [INFO]     🤖⚠️  Verificación anti-bot (no concluyente), se conserva: https://www.opcionempleo.com.ar/jobad/ar75491ed87acc83f538e7a8cda917da01
2026-09-15 18:49:57,237 [INFO]     🤖⚠️  Verificación anti-bot (no concluyente), se conserva: https://www.opcionempleo.com.ar/jobad/ar28bfb6c2358e7408e3cb965e9874af9e
2026-09-15 18:49:57,239 [INFO]     🤖⚠️  Verificación anti-bot (no concluyente), se conserva: https://www.opcionempleo.com.ar/jobad/ar7adb5d439f196c6d4355db54908480cf
2026-09-15 18:49:57,241 [INFO]     🤖⚠️  Verificación anti-bot (no concluyente), se conserva: https://www.opcionempleo.com.ar/jobad/arb1c3f66421fb6d8b7127e23ee99cec7d
2026-09-15 18:49:57,243 [INFO]     🤖⚠️  Verificación anti-bot (no concluyente), se conserva: https://www.opcionempleo.com.ar/jobad/ar40fe9d6cfeb074a82d72fed3a6d08ef4
2026-09-15 18:49:57,266 [INFO]     🤖⚠️  Verificación anti-bot (no concluyente), se conserva: https://www.opcionempleo.com.ar/jobad/arcab312305f26382b845362ccc271bf9f
2026-09-15 18:49:57,514 [INFO]     🤖⚠️  Verificación anti-bot (no concluyente), se conserva: https://www.opcionempleo.com.ar/jobad/ar2ec5f3574bcfe995f359ca66aec0009a
2026-09-15 18:49:57,828 [INFO]     🤖⚠️  Verificación anti-bot (no concluyente), se conserva: https://www.opcionempleo.com.ar/jobad/ar3e7a215f7cd3c50c970a42b82d2422e4
2026-09-15 18:49:57,839 [INFO]     🤖⚠️  Verificación anti-bot (no concluyente), se conserva: https://www.opcionempleo.com.ar/jobad/ar41bf641035b12124370e2a213be90030
2026-09-15 18:49:58,162 [INFO]     🤖⚠️  Verificación anti-bot (no concluyente), se conserva: https://www.opcionempleo.com.ar/jobad/ar2d1867ff65e601676730b7db9b575d71
2026-09-15 18:49:58,166 [INFO]     🤖⚠️  Verificación anti-bot (no concluyente), se conserva: https://www.opcionempleo.com.ar/jobad/ar47d8aecfe46bfecf44a33f58f4a41509
2026-09-15 18:49:58,168 [INFO]     🤖⚠️  Verificación anti-bot (no concluyente), se conserva: https://www.opcionempleo.com.ar/jobad/ar59556390c5a0f5168ff141bc91d7fab4
2026-09-15 18:49:58,171 [INFO]     🤖⚠️  Verificación anti-bot (no concluyente), se conserva: https://www.opcionempleo.com.ar/jobad/ar6410e291cbd99af677ad9e85b9174528
2026-09-15 18:49:58,177 [INFO]     🤖⚠️  Verificación anti-bot (no concluyente), se conserva: https://www.opcionempleo.com.ar/jobad/ar742e22f0d73e576d6925ab2a34b65d71
2026-09-15 18:49:58,746 [INFO]     🤖⚠️  Verificación anti-bot (no concluyente), se conserva: https://www.opcionempleo.com.ar/jobad/ar65b0ce545ef4656b23e7313c0d75c7bb
2026-09-15 18:49:59,265 [INFO]     🤖⚠️  Verificación anti-bot (no concluyente), se conserva: https://www.opcionempleo.com.ar/jobad/arfb3e4c9bea6ab6853e4ca3da4fc79d49
2026-09-15 18:49:59,267 [INFO]     🤖⚠️  Verificación anti-bot (no concluyente), se conserva: https://www.opcionempleo.com.ar/jobad/ar43609fd44eec944c3223be48d7123153
2026-09-15 18:49:59,706 [INFO]     🤖⚠️  Verificación anti-bot (no concluyente), se conserva: https://www.opcionempleo.com.ar/jobad/ar4caf9a62cb9718770d4b98808570a902
2026-09-15 18:49:59,715 [INFO]     🤖⚠️  Verificación anti-bot (no concluyente), se conserva: https://www.opcionempleo.com.ar/jobad/ar911d94d820ce024194465507244d20ac
2026-09-15 18:49:59,717 [INFO]     🤖⚠️  Verificación anti-bot (no concluyente), se conserva: https://www.opcionempleo.com.ar/jobad/ar8649f5b0d416be29eda0fbce07089ae2
2026-09-15 18:49:59,733 [INFO]     🤖⚠️  Verificación anti-bot (no concluyente), se conserva: https://www.opcionempleo.com.ar/jobad/ara2866c9066ab66657093f5a0a89d2360
2026-09-15 18:49:59,986 [INFO]     🤖⚠️  Verificación anti-bot (no concluyente), se conserva: https://www.opcionempleo.com.ar/jobad/ar25c17d8933320678fd68ed92b7323bce
2026-09-15 18:50:00,337 [INFO]     🤖⚠️  Verificación anti-bot (no concluyente), se conserva: https://www.opcionempleo.com.ar/jobad/ar9d4f6eb89e0859caea29726d280efbc1
2026-09-15 18:51:29,900 [INFO]     🤖⚠️  Verificación anti-bot (no concluyente), se conserva: https://www.opcionempleo.com.ar/jobad/ar9295d92badbcf37f695bde632772a2b4
2026-09-15 18:51:30,204 [INFO]     🤖⚠️  Verificación anti-bot (no concluyente), se conserva: https://www.opcionempleo.com.ar/jobad/ar8ec4bfd9a2cedab581f20a3029b5aecb
2026-09-15 18:51:30,207 [INFO]     🤖⚠️  Verificación anti-bot (no concluyente), se conserva: https://www.opcionempleo.com.ar/jobad/ara8cf6abaf744454e1447e5d6900c29a7
2026-09-15 18:51:30,209 [INFO]     🤖⚠️  Verificación anti-bot (no concluyente), se conserva: https://www.opcionempleo.com.ar/jobad/ar37a7ead608a9138cc89a97f2073c0bc3
2026-09-15 18:51:30,210 [INFO]     🤖⚠️  Verificación anti-bot (no concluyente), se conserva: https://www.opcionempleo.com.ar/jobad/are8ccf0cacecf35151003e05367f6f3c8
2026-09-15 18:51:30,211 [INFO]     🤖⚠️  Verificación anti-bot (no concluyente), se conserva: https://www.opcionempleo.com.ar/jobad/arb5168e9c60147a41a2dcefca986f4207
2026-09-15 18:51:30,485 [INFO]     🤖⚠️  Verificación anti-bot (no concluyente), se conserva: https://www.opcionempleo.com.ar/jobad/ar35e08ca512ed21dee0aefa7a417ff929
2026-09-15 18:51:30,833 [INFO]     🤖⚠️  Verificación anti-bot (no concluyente), se conserva: https://www.opcionempleo.com.ar/jobad/ar896b76af6946f767471ce63a02935f5c
2026-09-15 18:51:31,250 [INFO]     🤖⚠️  Verificación anti-bot (no concluyente), se conserva: https://www.opcionempleo.com.ar/jobad/arbb5fadaba486d27d32c1a91fe99caa18
2026-09-15 18:51:31,253 [INFO]     🤖⚠️  Verificación anti-bot (no concluyente), se conserva: https://www.opcionempleo.com.ar/jobad/ar5c4d4517f726e3a2e7ad5c90d3ebca6b
2026-09-15 18:51:31,266 [INFO]     🤖⚠️  Verificación anti-bot (no concluyente), se conserva: https://www.opcionempleo.com.ar/jobad/ar150ad98aa1c0d1cfaeb52c08cdef8784
2026-09-15 18:51:31,273 [INFO]     🤖⚠️  Verificación anti-bot (no concluyente), se conserva: https://www.opcionempleo.com.ar/jobad/ard24eab96007c9d6f0e5240357b249d65
2026-09-15 18:51:31,275 [INFO]     🤖⚠️  Verificación anti-bot (no concluyente), se conserva: https://www.opcionempleo.com.ar/jobad/ar49ff7acc49eb36e98c32761f7b24db85
2026-09-15 18:51:31,563 [INFO]     🤖⚠️  Verificación anti-bot (no concluyente), se conserva: https://www.opcionempleo.com.ar/jobad/ar306ceb9390b1d9d38ba2acb0779a3db2
2026-09-15 18:51:31,928 [INFO]     🤖⚠️  Verificación anti-bot (no concluyente), se conserva: https://www.opcionempleo.com.ar/jobad/arc03f16bd58b926a85435ebc43322957e
2026-09-15 18:51:32,262 [INFO]     🤖⚠️  Verificación anti-bot (no concluyente), se conserva: https://www.opcionempleo.com.ar/jobad/arccf87cb61edb03f5ccc2097e7587a015
2026-09-15 18:51:32,264 [INFO]     🤖⚠️  Verificación anti-bot (no concluyente), se conserva: https://www.opcionempleo.com.ar/jobad/are4c0e1d8704efcb8730aedbed057571c
2026-09-15 18:51:32,277 [INFO]     🤖⚠️  Verificación anti-bot (no concluyente), se conserva: https://www.opcionempleo.com.ar/jobad/ar9f249b84e618438d14e1e0b3a84ed651
2026-09-15 18:51:32,280 [INFO]     🤖⚠️  Verificación anti-bot (no concluyente), se conserva: https://www.opcionempleo.com.ar/jobad/arcd79f8600b9e28f2b3d99caac671104d
2026-09-15 18:51:32,283 [INFO]     🤖⚠️  Verificación anti-bot (no concluyente), se conserva: https://www.opcionempleo.com.ar/jobad/ardb262455d8868e3a49cfcc23224201ca
2026-09-15 18:51:32,566 [INFO]     🤖⚠️  Verificación anti-bot (no concluyente), se conserva: https://www.opcionempleo.com.ar/jobad/ar9a391767b39ef7a54df33b9a924e2c70
2026-09-15 18:51:32,876 [INFO]     🤖⚠️  Verificación anti-bot (no concluyente), se conserva: https://www.opcionempleo.com.ar/jobad/ar4012b52b0b46338192a0686428331a5f
2026-09-15 18:51:33,224 [INFO]     🤖⚠️  Verificación anti-bot (no concluyente), se conserva: https://www.opcionempleo.com.ar/jobad/ar8e7225c1f9557411d4dca65defa4b67c
2026-09-15 18:51:33,232 [INFO]     🤖⚠️  Verificación anti-bot (no concluyente), se conserva: https://www.opcionempleo.com.ar/jobad/arb9e5f9b366f2341ddfadd981f26445c1
2026-09-15 18:51:33,236 [INFO]     🤖⚠️  Verificación anti-bot (no concluyente), se conserva: https://www.opcionempleo.com.ar/jobad/ar2d9d1dc67c93f3fa0ece987f8c24a3eb
2026-09-15 18:51:33,254 [INFO]     🤖⚠️  Verificación anti-bot (no concluyente), se conserva: https://www.opcionempleo.com.ar/jobad/ar8f36b632e1a7aadfa1ff4034a94262b3
2026-09-15 18:51:33,257 [INFO]     🤖⚠️  Verificación anti-bot (no concluyente), se conserva: https://www.opcionempleo.com.ar/jobad/are2bdee620d7b0b067fb11dd2894928a4
2026-09-15 18:51:33,266 [INFO]     🤖⚠️  Verificación anti-bot (no concluyente), se conserva: https://www.opcionempleo.com.ar/jobad/ara5c850d0d88d46e4d34ed934d2b36faf
2026-09-15 18:51:33,650 [INFO]     🤖⚠️  Verificación anti-bot (no concluyente), se conserva: https://www.opcionempleo.com.ar/jobad/arfa584b8b48292452d29e5e4879cbb88c
2026-09-15 18:51:33,774 [INFO]     🤖⚠️  Verificación anti-bot (no concluyente), se conserva: https://www.opcionempleo.com.ar/jobad/arb4e72a81b2cddded8bde79d334655ad2
2026-09-15 18:51:34,205 [INFO]     🤖⚠️  Verificación anti-bot (no concluyente), se conserva: https://www.opcionempleo.com.ar/jobad/ar9f866359d91cbc536a9f9c3eb0e5004e
2026-09-15 18:51:34,208 [INFO]     🤖⚠️  Verificación anti-bot (no concluyente), se conserva: https://www.opcionempleo.com.ar/jobad/ar479bb007e8c706ad9295f1a4da50be10
2026-09-15 18:51:34,213 [INFO]     🤖⚠️  Verificación anti-bot (no concluyente), se conserva: https://www.opcionempleo.com.ar/jobad/ar0842dcf1e64e5ef29fd6c012ae831470
2026-09-15 18:51:34,219 [INFO]     🤖⚠️  Verificación anti-bot (no concluyente), se conserva: https://www.opcionempleo.com.ar/jobad/ar9ee04bebf75cf6502fbf450fabe27d55
2026-09-15 18:51:34,493 [INFO]     🤖⚠️  Verificación anti-bot (no concluyente), se conserva: https://www.opcionempleo.com.ar/jobad/ar1c5c72bcb446ec934f4abc7357f7e314
2026-09-15 18:51:34,638 [INFO]     🤖⚠️  Verificación anti-bot (no concluyente), se conserva: https://www.opcionempleo.com.ar/jobad/ar4592bf6bf68cfba950212b3c2f1e910e
2026-09-15 18:51:35,229 [INFO]     🤖⚠️  Verificación anti-bot (no concluyente), se conserva: https://www.opcionempleo.com.ar/jobad/ar863ba2f5ef31bd1a6266dfa7acc18a10
2026-09-15 18:51:35,244 [INFO]     🤖⚠️  Verificación anti-bot (no concluyente), se conserva: https://www.opcionempleo.com.ar/jobad/ar32ade2bb9202ec330e16e18cbd9c1f84
2026-09-15 18:51:35,246 [INFO]     🤖⚠️  Verificación anti-bot (no concluyente), se conserva: https://www.opcionempleo.com.ar/jobad/ar12d5cb66875eac020ba3a4e44339f1e7
2026-09-15 18:51:35,255 [INFO]     🤖⚠️  Verificación anti-bot (no concluyente), se conserva: https://www.opcionempleo.com.ar/jobad/ar5c7db4a20274dff3cceef7554e64ef5e
2026-09-15 18:51:35,257 [INFO]     🤖⚠️  Verificación anti-bot (no concluyente), se conserva: https://www.opcionempleo.com.ar/jobad/arb05af357d5e124e25647bf12abae15c0
2026-09-15 18:51:35,259 [INFO]     🤖⚠️  Verificación anti-bot (no concluyente), se conserva: https://www.opcionempleo.com.ar/jobad/ar3e8a99c01dbdbc7543fd8b9137ac32ac
2026-09-15 18:51:35,595 [INFO]     🤖⚠️  Verificación anti-bot (no concluyente), se conserva: https://www.opcionempleo.com.ar/jobad/ar068a08b912e4a6453bbadd9e8fc13140
2026-09-15 18:51:35,874 [INFO]     🤖⚠️  Verificación anti-bot (no concluyente), se conserva: https://www.opcionempleo.com.ar/jobad/aref4799cb9a8744b002fdda85c0c642e7
2026-09-15 18:51:36,122 [INFO]     🤖⚠️  Verificación anti-bot (no concluyente), se conserva: https://www.opcionempleo.com.ar/jobad/ar45e2a72965a82c8fd749ac022d1ea7af
2026-09-15 18:51:36,127 [INFO]     🤖⚠️  Verificación anti-bot (no concluyente), se conserva: https://www.opcionempleo.com.ar/jobad/ar5b7e0270ee6fbe4166bdbc24d1e2bfae
2026-09-15 18:51:36,136 [INFO]     🤖⚠️  Verificación anti-bot (no concluyente), se conserva: https://www.opcionempleo.com.ar/jobad/arc206cae9e4beef8299d3e94c5d1463ee
2026-09-15 18:51:36,146 [INFO]     🤖⚠️  Verificación anti-bot (no concluyente), se conserva: https://www.opcionempleo.com.ar/jobad/ar3524a168a12f7824e541486458ad4a6b
2026-09-15 18:51:36,577 [INFO]     🤖⚠️  Verificación anti-bot (no concluyente), se conserva: https://www.opcionempleo.com.ar/jobad/ar2db6eb81aa2a7e8a52bcb32db51be4fb
2026-09-15 18:51:36,694 [INFO]     🤖⚠️  Verificación anti-bot (no concluyente), se conserva: https://www.opcionempleo.com.ar/jobad/ardfb9d67b35221c62153f343c2e154f92
2026-09-15 18:51:36,917 [INFO]     🤖⚠️  Verificación anti-bot (no concluyente), se conserva: https://www.opcionempleo.com.ar/jobad/ar7308bd6f8cd67999310eaad332707dda
2026-09-15 18:51:36,952 [INFO]     🤖⚠️  Verificación anti-bot (no concluyente), se conserva: https://www.opcionempleo.com.ar/jobad/arafd7978860635ec15a83cde49609e895
2026-09-15 18:51:36,953 [INFO]     🤖⚠️  Verificación anti-bot (no concluyente), se conserva: https://www.opcionempleo.com.ar/jobad/arf0b6d1757050b47ee7ef55a37611e54d
2026-09-15 18:51:37,097 [INFO]     🤖⚠️  Verificación anti-bot (no concluyente), se conserva: https://www.opcionempleo.com.ar/jobad/ar98752ddd3154cd1a9fefdbdc53721f14
2026-09-15 18:51:37,180 [INFO]     🤖⚠️  Verificación anti-bot (no concluyente), se conserva: https://www.opcionempleo.com.ar/jobad/ar7611988892cc0bf576499d5eff70e131
2026-09-15 18:51:37,204 [INFO]     🤖⚠️  Verificación anti-bot (no concluyente), se conserva: https://www.opcionempleo.com.ar/jobad/ar904c76318910eba67554426d93301549
2026-09-15 18:51:37,449 [INFO]     🤖⚠️  Verificación anti-bot (no concluyente), se conserva: https://www.opcionempleo.com.ar/jobad/ar55ecdfa0a3c86b833ee4acb58134a09e
2026-09-15 18:51:37,592 [INFO]     🤖⚠️  Verificación anti-bot (no concluyente), se conserva: https://www.opcionempleo.com.ar/jobad/ar03f0d4f1f4e3b9bebcb3a2efab714f4f
2026-09-15 18:51:37,763 [INFO]     🤖⚠️  Verificación anti-bot (no concluyente), se conserva: https://www.opcionempleo.com.ar/jobad/are1efe0320e76516655f22a262f894f28
2026-09-15 18:51:37,987 [INFO]     🤖⚠️  Verificación anti-bot (no concluyente), se conserva: https://www.opcionempleo.com.ar/jobad/ar0d1abe4ac7fd415e351a5ec2a67361e7
2026-09-15 18:51:37,994 [INFO]     🤖⚠️  Verificación anti-bot (no concluyente), se conserva: https://www.opcionempleo.com.ar/jobad/ar241696918f60b934e10e65e3bfd82458
2026-09-15 18:51:37,996 [INFO]     🤖⚠️  Verificación anti-bot (no concluyente), se conserva: https://www.opcionempleo.com.ar/jobad/ar219cd3274276258f8340b1521912f183
2026-09-15 18:51:38,052 [INFO]     🤖⚠️  Verificación anti-bot (no concluyente), se conserva: https://www.opcionempleo.com.ar/jobad/areedec5557b1a16199b4005f46328edf3
2026-09-15 18:51:38,060 [INFO]     🤖⚠️  Verificación anti-bot (no concluyente), se conserva: https://www.opcionempleo.com.ar/jobad/ar368d6e9ea834dfbff438d3c42de56f0d
2026-09-15 18:51:38,343 [INFO]     🤖⚠️  Verificación anti-bot (no concluyente), se conserva: https://www.opcionempleo.com.ar/jobad/ar9851a4df994808ba230d2c8683234843
2026-09-15 18:51:38,545 [INFO]     🤖⚠️  Verificación anti-bot (no concluyente), se conserva: https://www.opcionempleo.com.ar/jobad/are28d1aab2d0492a332b8bc04d001aee8
2026-09-15 18:51:38,680 [INFO]     🤖⚠️  Verificación anti-bot (no concluyente), se conserva: https://www.opcionempleo.com.ar/jobad/ar4e5e36770f0303db78f16fdc5f6d46a7
2026-09-15 18:51:38,768 [INFO]     🤖⚠️  Verificación anti-bot (no concluyente), se conserva: https://www.opcionempleo.com.ar/jobad/arc6bc4f3d572da583644962e48474108a
2026-09-15 18:51:38,803 [INFO]     🤖⚠️  Verificación anti-bot (no concluyente), se conserva: https://www.opcionempleo.com.ar/jobad/ar7648c853c4b5f605a9da30a5dba68f75
2026-09-15 18:51:38,812 [INFO]     🤖⚠️  Verificación anti-bot (no concluyente), se conserva: https://www.opcionempleo.com.ar/jobad/ar7850e7f006a00bddb80a00aaa7ed08be
2026-09-15 18:51:39,124 [INFO]     🤖⚠️  Verificación anti-bot (no concluyente), se conserva: https://www.opcionempleo.com.ar/jobad/ar6c3ddb7df6058d382d7315764413f91a
2026-09-15 18:51:39,136 [INFO]     🤖⚠️  Verificación anti-bot (no concluyente), se conserva: https://www.opcionempleo.com.ar/jobad/ar23960cff551cd1fd8f141e0494845a2c
2026-09-15 18:51:39,143 [INFO]     🤖⚠️  Verificación anti-bot (no concluyente), se conserva: https://www.opcionempleo.com.ar/jobad/ar995b4197c2ca6cb6b5bc4e1a6abf3a29
2026-09-15 18:51:39,634 [INFO]     🤖⚠️  Verificación anti-bot (no concluyente), se conserva: https://www.opcionempleo.com.ar/jobad/ar61c9bd123f89809d672e98434650d957
2026-09-15 18:51:39,981 [INFO]     🤖⚠️  Verificación anti-bot (no concluyente), se conserva: https://www.opcionempleo.com.ar/jobad/ar7d294f5e9a2c66ad913565cf8d86da12
2026-09-15 18:51:39,983 [INFO]     🤖⚠️  Verificación anti-bot (no concluyente), se conserva: https://www.opcionempleo.com.ar/jobad/arcbe38c040d83c087e821263f2cd80884
2026-09-15 18:51:39,992 [INFO]     🤖⚠️  Verificación anti-bot (no concluyente), se conserva: https://www.opcionempleo.com.ar/jobad/ar89e83d3fb51c20538145a1c96e0d9fc7
2026-09-15 18:51:39,999 [INFO]     🤖⚠️  Verificación anti-bot (no concluyente), se conserva: https://www.opcionempleo.com.ar/jobad/ar99cf9a17aa22bbd3186b6af40fefe825
2026-09-15 18:51:40,253 [INFO]     🤖⚠️  Verificación anti-bot (no concluyente), se conserva: https://www.opcionempleo.com.ar/jobad/ar2073faa36a534f5fb7fb4349dcbbcccc
2026-09-15 18:51:40,262 [INFO]     🤖⚠️  Verificación anti-bot (no concluyente), se conserva: https://www.opcionempleo.com.ar/jobad/ar766ba1899133a2307776c7519cbd8f25
2026-09-15 18:51:40,271 [INFO]     🤖⚠️  Verificación anti-bot (no concluyente), se conserva: https://www.opcionempleo.com.ar/jobad/arffeb4fdb1b4fd98abcea99fad67f8d81
2026-09-15 18:51:40,557 [INFO]     🤖⚠️  Verificación anti-bot (no concluyente), se conserva: https://www.opcionempleo.com.ar/jobad/ar8ebd333ace6f8f5509ccde2ea9eaf52f
2026-09-15 18:51:40,882 [INFO]     🤖⚠️  Verificación anti-bot (no concluyente), se conserva: https://www.opcionempleo.com.ar/jobad/arf70f478cb0c6707a3889a2398a365a17
2026-09-15 18:51:40,904 [INFO]     🤖⚠️  Verificación anti-bot (no concluyente), se conserva: https://www.opcionempleo.com.ar/jobad/arab960bcc8365cb4866c4c75a172e537a
2026-09-15 18:51:40,913 [INFO]     🤖⚠️  Verificación anti-bot (no concluyente), se conserva: https://www.opcionempleo.com.ar/jobad/ar45c4da90db9374e6176b14f9f29397f2
2026-09-15 18:51:40,915 [INFO]     🤖⚠️  Verificación anti-bot (no concluyente), se conserva: https://www.opcionempleo.com.ar/jobad/arcdf236ba2c4fc69a238873860e093f49
2026-09-15 18:51:41,162 [INFO]     🤖⚠️  Verificación anti-bot (no concluyente), se conserva: https://www.opcionempleo.com.ar/jobad/ar13dd497a94fc17fba366ea025e8304cd
2026-09-15 18:51:41,166 [INFO]     🤖⚠️  Verificación anti-bot (no concluyente), se conserva: https://www.opcionempleo.com.ar/jobad/ar5d20a3593696bf7f7de6ef8437380c88
2026-09-15 18:51:41,171 [INFO]     🤖⚠️  Verificación anti-bot (no concluyente), se conserva: https://www.opcionempleo.com.ar/jobad/ar909a5bf6b81ba07d0720af89c171c35b
2026-09-15 18:51:41,651 [INFO]     🤖⚠️  Verificación anti-bot (no concluyente), se conserva: https://www.opcionempleo.com.ar/jobad/arf4d34afa828d7bcc8c4291afd6e53edd
2026-09-15 18:51:41,828 [INFO]     🤖⚠️  Verificación anti-bot (no concluyente), se conserva: https://www.opcionempleo.com.ar/jobad/ar2fd9adcc9ac7437f037330debe383445
2026-09-15 18:51:41,891 [INFO]     🤖⚠️  Verificación anti-bot (no concluyente), se conserva: https://www.opcionempleo.com.ar/jobad/ar71bd90dfdd916d8a32e9debbb9e8c432
2026-09-15 18:51:41,904 [INFO]     🤖⚠️  Verificación anti-bot (no concluyente), se conserva: https://www.opcionempleo.com.ar/jobad/ar0f06ae0ce34fecd7035e7140aba156cc
2026-09-15 18:51:41,906 [INFO]     🤖⚠️  Verificación anti-bot (no concluyente), se conserva: https://www.opcionempleo.com.ar/jobad/ar5b19cdb08e48f84f82df3f15e1c32851
2026-09-15 18:51:42,107 [INFO]     🤖⚠️  Verificación anti-bot (no concluyente), se conserva: https://www.opcionempleo.com.ar/jobad/ard9ad622abaa06fe41199ad16d9c2adff
2026-09-15 18:51:42,164 [INFO]     🤖⚠️  Verificación anti-bot (no concluyente), se conserva: https://www.opcionempleo.com.ar/jobad/arcde300b11542f2957b31027699e2db81
2026-09-15 18:51:42,172 [INFO]     🤖⚠️  Verificación anti-bot (no concluyente), se conserva: https://www.opcionempleo.com.ar/jobad/are101bd805ff7c5c7a1681f9523039164
2026-09-15 18:51:42,460 [INFO]     🤖⚠️  Verificación anti-bot (no concluyente), se conserva: https://www.opcionempleo.com.ar/jobad/ar5f5b5253a18c86e316bd448876618404
2026-09-15 18:51:42,746 [INFO]     🤖⚠️  Verificación anti-bot (no concluyente), se conserva: https://www.opcionempleo.com.ar/jobad/ar6854019b25b85ac7901bfee3bfe1fe0d
2026-09-15 18:51:42,752 [INFO]     🤖⚠️  Verificación anti-bot (no concluyente), se conserva: https://www.opcionempleo.com.ar/jobad/ard5f82c9e350666683d76f165aaf11ee7
2026-09-15 18:51:42,773 [INFO]     🤖⚠️  Verificación anti-bot (no concluyente), se conserva: https://www.opcionempleo.com.ar/jobad/arc51c8002c54ef767656d129d6dc9aa09
2026-09-15 18:51:42,775 [INFO]     🤖⚠️  Verificación anti-bot (no concluyente), se conserva: https://www.opcionempleo.com.ar/jobad/are96eadaefd7fb91f9de53444af6ee59f
2026-09-15 18:51:43,188 [INFO]     🤖⚠️  Verificación anti-bot (no concluyente), se conserva: https://www.opcionempleo.com.ar/jobad/ar55aff5afdb6108447837c6e817eaf8e5
2026-09-15 18:51:43,190 [INFO]     🤖⚠️  Verificación anti-bot (no concluyente), se conserva: https://www.opcionempleo.com.ar/jobad/ar503f07a9581c55053b7ccc3b574612b7
2026-09-15 18:51:43,194 [INFO]     🤖⚠️  Verificación anti-bot (no concluyente), se conserva: https://www.opcionempleo.com.ar/jobad/arda88a01f7cfa31ba1f9e1dea1299f162
2026-09-15 18:51:43,424 [INFO]     🤖⚠️  Verificación anti-bot (no concluyente), se conserva: https://www.opcionempleo.com.ar/jobad/arf6d00bf3127217e7559fbae5f44371eb
2026-09-15 18:51:43,724 [INFO]     🤖⚠️  Verificación anti-bot (no concluyente), se conserva: https://www.opcionempleo.com.ar/jobad/ar37e25a82350175cc3dd95f51ec87efb1
2026-09-15 18:51:43,725 [INFO]     🤖⚠️  Verificación anti-bot (no concluyente), se conserva: https://www.opcionempleo.com.ar/jobad/ard4f8367cb30cbe5bd7f47f660bdd5b0d
2026-09-15 18:51:43,725 [INFO]     🤖⚠️  Verificación anti-bot (no concluyente), se conserva: https://www.opcionempleo.com.ar/jobad/ar5027ec2caa85c9620a9f40880af8c55f
2026-09-15 18:51:43,726 [INFO]     🤖⚠️  Verificación anti-bot (no concluyente), se conserva: https://www.opcionempleo.com.ar/jobad/ar39927c8263838fd1ae773aa2d0537e52
2026-09-15 18:51:44,072 [INFO]     🤖⚠️  Verificación anti-bot (no concluyente), se conserva: https://www.opcionempleo.com.ar/jobad/arff46a21e4013c49e4c858c9c13fd7492
2026-09-15 18:51:44,073 [INFO]     🤖⚠️  Verificación anti-bot (no concluyente), se conserva: https://www.opcionempleo.com.ar/jobad/ar7f7577ccc4774e09410861a219b38a29
2026-09-15 18:51:44,080 [INFO]     🤖⚠️  Verificación anti-bot (no concluyente), se conserva: https://www.opcionempleo.com.ar/jobad/areb49db5465443d6f0f1353664810423c
2026-09-15 18:51:44,337 [INFO]     🤖⚠️  Verificación anti-bot (no concluyente), se conserva: https://www.opcionempleo.com.ar/jobad/ar34737e1bba9b2cb0c27cfe601f0a19ee
2026-09-15 18:51:44,660 [INFO]     🤖⚠️  Verificación anti-bot (no concluyente), se conserva: https://www.opcionempleo.com.ar/jobad/ar6b04b61f79651123144f2e28d6a81072
2026-09-15 18:51:44,661 [INFO]     🤖⚠️  Verificación anti-bot (no concluyente), se conserva: https://www.opcionempleo.com.ar/jobad/ar28bfd04a90e76358fc68402f5caebeeb
2026-09-15 18:51:44,662 [INFO]     🤖⚠️  Verificación anti-bot (no concluyente), se conserva: https://www.opcionempleo.com.ar/jobad/ar279c7269b24461caa235f02cf0666317
2026-09-15 18:51:44,663 [INFO]     🤖⚠️  Verificación anti-bot (no concluyente), se conserva: https://www.opcionempleo.com.ar/jobad/ar38127274be5aec2ed738133c06507004
2026-09-15 18:51:44,970 [INFO]     🤖⚠️  Verificación anti-bot (no concluyente), se conserva: https://www.opcionempleo.com.ar/jobad/ar312cb24a758094e6548afe6197d527c6
2026-09-15 18:51:44,972 [INFO]     🤖⚠️  Verificación anti-bot (no concluyente), se conserva: https://www.opcionempleo.com.ar/jobad/ar61036f2d021e9a3e95946f84898407ef
2026-09-15 18:51:44,974 [INFO]     🤖⚠️  Verificación anti-bot (no concluyente), se conserva: https://www.opcionempleo.com.ar/jobad/ar826105bb3fb40980d5aef832fdfb528a
2026-09-15 18:51:45,271 [INFO]     🤖⚠️  Verificación anti-bot (no concluyente), se conserva: https://www.opcionempleo.com.ar/jobad/ar539426f261c58be21f0ec38bef0cde23
2026-09-15 18:51:45,586 [INFO]     🤖⚠️  Verificación anti-bot (no concluyente), se conserva: https://www.opcionempleo.com.ar/jobad/ara58567369361453456c79708e23727d4
2026-09-15 18:51:45,587 [INFO]     🤖⚠️  Verificación anti-bot (no concluyente), se conserva: https://www.opcionempleo.com.ar/jobad/ard57a98dad51a0df8362bd1d5bc7f9cf2
2026-09-15 18:51:45,589 [INFO]     🤖⚠️  Verificación anti-bot (no concluyente), se conserva: https://www.opcionempleo.com.ar/jobad/ar5ce8d6973977bda16caa297cd0405aa3
2026-09-15 18:51:45,592 [INFO]     🤖⚠️  Verificación anti-bot (no concluyente), se conserva: https://www.opcionempleo.com.ar/jobad/ar9c1d6a71de4de778b48f011c4ec06db0
2026-09-15 18:51:45,825 [INFO]     🤖⚠️  Verificación anti-bot (no concluyente), se conserva: https://www.opcionempleo.com.ar/jobad/ar5ac2874cf9f0af16b0c1f8fce95bd729
2026-09-15 18:51:45,834 [INFO]     🤖⚠️  Verificación anti-bot (no concluyente), se conserva: https://www.opcionempleo.com.ar/jobad/aref037c612191954262a5327d6b805efc
2026-09-15 18:51:45,862 [INFO]     🤖⚠️  Verificación anti-bot (no concluyente), se conserva: https://www.opcionempleo.com.ar/jobad/ar623696b1754e550c68211f56423f4706
2026-09-15 18:51:46,081 [INFO]     🤖⚠️  Verificación anti-bot (no concluyente), se conserva: https://www.opcionempleo.com.ar/jobad/ard71cf4b3c229ec7f6a07edb92f00d720
2026-09-15 18:51:46,636 [INFO]     🤖⚠️  Verificación anti-bot (no concluyente), se conserva: https://www.opcionempleo.com.ar/jobad/ar0126cfc535d305b106f80084b08d7279
2026-09-15 18:51:46,640 [INFO]     🤖⚠️  Verificación anti-bot (no concluyente), se conserva: https://www.opcionempleo.com.ar/jobad/ar1ffb1af35de01170cb283504eee42bf6
2026-09-15 18:51:46,641 [INFO]     🤖⚠️  Verificación anti-bot (no concluyente), se conserva: https://www.opcionempleo.com.ar/jobad/ar9f871362983c2a9c4a7be75df8bdc2bd
2026-09-15 18:51:46,641 [INFO]     🤖⚠️  Verificación anti-bot (no concluyente), se conserva: https://www.opcionempleo.com.ar/jobad/ar54b00e48238223bc3180aa893af779b2
2026-09-15 18:51:46,899 [INFO]     🤖⚠️  Verificación anti-bot (no concluyente), se conserva: https://www.opcionempleo.com.ar/jobad/areed8faf8dea85d3cc5381b2c10952cd3
2026-09-15 18:51:46,900 [INFO]     🤖⚠️  Verificación anti-bot (no concluyente), se conserva: https://www.opcionempleo.com.ar/jobad/arac654c68bc296144a1436899f126f6d7
2026-09-15 18:51:46,917 [INFO]     🤖⚠️  Verificación anti-bot (no concluyente), se conserva: https://www.opcionempleo.com.ar/jobad/ar27cdeda62569d9f116be1415ca58f38e
2026-09-15 18:51:47,176 [INFO]     🤖⚠️  Verificación anti-bot (no concluyente), se conserva: https://www.opcionempleo.com.ar/jobad/ar3f119a7274c0d0407067677e916c26f4
2026-09-15 18:51:47,543 [INFO]     🤖⚠️  Verificación anti-bot (no concluyente), se conserva: https://www.opcionempleo.com.ar/jobad/ar9a5d2c64135b7e2bb08582b6d71db233
2026-09-15 18:51:47,545 [INFO]     🤖⚠️  Verificación anti-bot (no concluyente), se conserva: https://www.opcionempleo.com.ar/jobad/ardf657699a8063da2c5bc39d93fb1aa32
2026-09-15 18:51:47,545 [INFO]     🤖⚠️  Verificación anti-bot (no concluyente), se conserva: https://www.opcionempleo.com.ar/jobad/ar19c36c0d89adcb1408be0f54f70b810b
2026-09-15 18:51:47,546 [INFO]     🤖⚠️  Verificación anti-bot (no concluyente), se conserva: https://www.opcionempleo.com.ar/jobad/ar5c8390aa89578dbf30dfbe179d14d441
2026-09-15 18:51:47,870 [INFO]     🤖⚠️  Verificación anti-bot (no concluyente), se conserva: https://www.opcionempleo.com.ar/jobad/ar2917fcb703b461e5cb2a00ba02269fca
2026-09-15 18:51:47,878 [INFO]     🤖⚠️  Verificación anti-bot (no concluyente), se conserva: https://www.opcionempleo.com.ar/jobad/ar88c02bc6546ecad4d1b3ab896634f623
2026-09-15 18:51:47,882 [INFO]     🤖⚠️  Verificación anti-bot (no concluyente), se conserva: https://www.opcionempleo.com.ar/jobad/arf47cbf033000bd8697ab3c96ee38d0ed
2026-09-15 18:51:48,136 [INFO]     🤖⚠️  Verificación anti-bot (no concluyente), se conserva: https://www.opcionempleo.com.ar/jobad/ar7bd8026369f15776d365d273b9890f93
2026-09-15 18:51:48,432 [INFO]     🤖⚠️  Verificación anti-bot (no concluyente), se conserva: https://www.opcionempleo.com.ar/jobad/ar128056442319951f36f0f738e0efd451
2026-09-15 18:51:48,438 [INFO]     🤖⚠️  Verificación anti-bot (no concluyente), se conserva: https://www.opcionempleo.com.ar/jobad/ar8c7a17a5541ca2b3a0eddf866a24eca6
2026-09-15 18:51:48,438 [INFO]     🤖⚠️  Verificación anti-bot (no concluyente), se conserva: https://www.opcionempleo.com.ar/jobad/ar708315a54fc1d36e914a4bb6793dde60
2026-09-15 18:51:48,438 [INFO]     🤖⚠️  Verificación anti-bot (no concluyente), se conserva: https://www.opcionempleo.com.ar/jobad/ar8eef317def634b856237834dfcaf06a6
2026-09-15 18:51:48,740 [INFO]     🤖⚠️  Verificación anti-bot (no concluyente), se conserva: https://www.opcionempleo.com.ar/jobad/ar1a77c22141be24ad612c85e3f844629d
2026-09-15 18:51:48,743 [INFO]     🤖⚠️  Verificación anti-bot (no concluyente), se conserva: https://www.opcionempleo.com.ar/jobad/ar7e9eba4cddaa8b9d7670d578c1e43b51
2026-09-15 18:51:48,745 [INFO]     🤖⚠️  Verificación anti-bot (no concluyente), se conserva: https://www.opcionempleo.com.ar/jobad/ara73e93a7425beae3cbd6d3f66bae77d0
2026-09-15 18:51:49,008 [INFO]     🤖⚠️  Verificación anti-bot (no concluyente), se conserva: https://www.opcionempleo.com.ar/jobad/ar4dbfa2832aa939fa02f880d7133550ab
2026-09-15 18:51:49,365 [INFO]     🤖⚠️  Verificación anti-bot (no concluyente), se conserva: https://www.opcionempleo.com.ar/jobad/ar3b82ed63ee1a45d0966a8ba250b0a9e1
2026-09-15 18:51:49,378 [INFO]     🤖⚠️  Verificación anti-bot (no concluyente), se conserva: https://www.opcionempleo.com.ar/jobad/ar04796ed32e60af88b05c9a9bc4aa0599
2026-09-15 18:51:49,386 [INFO]     🤖⚠️  Verificación anti-bot (no concluyente), se conserva: https://www.opcionempleo.com.ar/jobad/ar223955e6619d2c1294650f6bcf34f0ad
2026-09-15 18:51:49,391 [INFO]     🤖⚠️  Verificación anti-bot (no concluyente), se conserva: https://www.opcionempleo.com.ar/jobad/ar7c47d2017bcc23676f40757757d9cd12
2026-09-15 18:51:49,680 [INFO]     🤖⚠️  Verificación anti-bot (no concluyente), se conserva: https://www.opcionempleo.com.ar/jobad/ar9a5c4851e224ccc7f5e57b85e1e62bb9
2026-09-15 18:51:49,685 [INFO]     🤖⚠️  Verificación anti-bot (no concluyente), se conserva: https://www.opcionempleo.com.ar/jobad/ar58ed9f6f11be0400c242594f8f746549
2026-09-15 18:51:49,686 [INFO]     🤖⚠️  Verificación anti-bot (no concluyente), se conserva: https://www.opcionempleo.com.ar/jobad/arb0913e432c6814a94ac3d0fe4e766f27
2026-09-15 18:51:50,037 [INFO]     🤖⚠️  Verificación anti-bot (no concluyente), se conserva: https://www.opcionempleo.com.ar/jobad/arbca64a80d9623fad31295b61de940f27
2026-09-15 18:51:50,394 [INFO]     🤖⚠️  Verificación anti-bot (no concluyente), se conserva: https://www.opcionempleo.com.ar/jobad/arcbb740853e199946ce05086ded8c5789
2026-09-15 18:51:50,396 [INFO]     🤖⚠️  Verificación anti-bot (no concluyente), se conserva: https://www.opcionempleo.com.ar/jobad/ar42363b09a86b0729908528f656b5defa
2026-09-15 18:51:50,411 [INFO]     🤖⚠️  Verificación anti-bot (no concluyente), se conserva: https://www.opcionempleo.com.ar/jobad/ar8c6f04b7103ec715058d317ec11d2626
2026-09-15 18:51:50,413 [INFO]     🤖⚠️  Verificación anti-bot (no concluyente), se conserva: https://www.opcionempleo.com.ar/jobad/ar353856af732fc9c6deb78109e5d068cb
2026-09-15 18:51:50,734 [INFO]     🤖⚠️  Verificación anti-bot (no concluyente), se conserva: https://www.opcionempleo.com.ar/jobad/arc747ce33d030597f442a14973552c59f
2026-09-15 18:51:50,736 [INFO]     🤖⚠️  Verificación anti-bot (no concluyente), se conserva: https://www.opcionempleo.com.ar/jobad/are613602589db7f6fc04a50258f3644b5
2026-09-15 18:51:50,741 [INFO]     🤖⚠️  Verificación anti-bot (no concluyente), se conserva: https://www.opcionempleo.com.ar/jobad/ar9fa1d67d2c4773ead4ad62c738fc36de
2026-09-15 18:51:51,041 [INFO]     🤖⚠️  Verificación anti-bot (no concluyente), se conserva: https://www.opcionempleo.com.ar/jobad/arf36c1fd6c7cfbd53cceea1d459326d9f
2026-09-15 18:51:51,338 [INFO]     🤖⚠️  Verificación anti-bot (no concluyente), se conserva: https://www.opcionempleo.com.ar/jobad/ar0c1a01d43559e2de665d9f9766def51d
2026-09-15 18:51:51,339 [INFO]     🤖⚠️  Verificación anti-bot (no concluyente), se conserva: https://www.opcionempleo.com.ar/jobad/ar5388f3bcd9ee2d7470088c83949871c3
2026-09-15 18:51:51,350 [INFO]     🤖⚠️  Verificación anti-bot (no concluyente), se conserva: https://www.opcionempleo.com.ar/jobad/ar17dc72e7ec02a1aac45f35cdbe07efb1
2026-09-15 18:51:51,352 [INFO]     🤖⚠️  Verificación anti-bot (no concluyente), se conserva: https://www.opcionempleo.com.ar/jobad/ar56f173155ba2e473acb64e73730d9119
2026-09-15 18:51:51,613 [INFO]     🤖⚠️  Verificación anti-bot (no concluyente), se conserva: https://www.opcionempleo.com.ar/jobad/ar965243dc2d885e8cb90774f2a4902db3
2026-09-15 18:51:51,613 [INFO]     🤖⚠️  Verificación anti-bot (no concluyente), se conserva: https://www.opcionempleo.com.ar/jobad/ar7d0e2d4cb9c7ff6a2b880f2fccb965f9
2026-09-15 18:51:51,616 [INFO]     🤖⚠️  Verificación anti-bot (no concluyente), se conserva: https://www.opcionempleo.com.ar/jobad/arf8fa58be96d9a85efa57b86e2a774aea
2026-09-15 18:51:51,965 [INFO]     🤖⚠️  Verificación anti-bot (no concluyente), se conserva: https://www.opcionempleo.com.ar/jobad/ar0a54ae8ccd1ffc92c5f0f0984b8e7e57
2026-09-15 18:51:52,290 [INFO]     🤖⚠️  Verificación anti-bot (no concluyente), se conserva: https://www.opcionempleo.com.ar/jobad/ar05772947bc09f8c2bf0f5d8d0f4873ab
2026-09-15 18:51:52,293 [INFO]     🤖⚠️  Verificación anti-bot (no concluyente), se conserva: https://www.opcionempleo.com.ar/jobad/ardc85c899f4bc0d65d65c87d86d80a09a
2026-09-15 18:51:52,316 [INFO]     🤖⚠️  Verificación anti-bot (no concluyente), se conserva: https://www.opcionempleo.com.ar/jobad/ar7041b5b7028378fd9586a7ef3396d5c8
2026-09-15 18:51:52,317 [INFO]     🤖⚠️  Verificación anti-bot (no concluyente), se conserva: https://www.opcionempleo.com.ar/jobad/ara250b12bebc2ba83c52edc04dcfd3804
2026-09-15 18:51:52,528 [INFO]     🤖⚠️  Verificación anti-bot (no concluyente), se conserva: https://www.opcionempleo.com.ar/jobad/ardd2cfc993f38df50f7c57d4c172bd3bf
2026-09-15 18:51:52,538 [INFO]     🤖⚠️  Verificación anti-bot (no concluyente), se conserva: https://www.opcionempleo.com.ar/jobad/ar066b8577696722bd7704969af00de1ca
2026-09-15 18:51:52,539 [INFO]     🤖⚠️  Verificación anti-bot (no concluyente), se conserva: https://www.opcionempleo.com.ar/jobad/arec1116dbb91ba874da2e17b3093c8f0d
2026-09-15 18:51:52,958 [INFO]     🤖⚠️  Verificación anti-bot (no concluyente), se conserva: https://www.opcionempleo.com.ar/jobad/ar36b1cc9abc46e06ea8f7dfed8a4f5601
2026-09-15 18:51:53,351 [INFO]     🤖⚠️  Verificación anti-bot (no concluyente), se conserva: https://www.opcionempleo.com.ar/jobad/ar83240c8a0390ccd0ffff52f8aa62697e
2026-09-15 18:51:53,353 [INFO]     🤖⚠️  Verificación anti-bot (no concluyente), se conserva: https://www.opcionempleo.com.ar/jobad/are7308506ab41fae02fbef0a6798d415c
2026-09-15 18:51:53,354 [INFO]     🤖⚠️  Verificación anti-bot (no concluyente), se conserva: https://www.opcionempleo.com.ar/jobad/ar7758e776697baebe8d709cd9ad922cd0
2026-09-15 18:51:53,356 [INFO]     🤖⚠️  Verificación anti-bot (no concluyente), se conserva: https://www.opcionempleo.com.ar/jobad/ar0be8006635303521bab99f7d8f996090
2026-09-15 18:51:53,718 [INFO]     🤖⚠️  Verificación anti-bot (no concluyente), se conserva: https://www.opcionempleo.com.ar/jobad/ar5442e0aa731f41e81c0cf44889e54bc0
2026-09-15 18:51:53,720 [INFO]     🤖⚠️  Verificación anti-bot (no concluyente), se conserva: https://www.opcionempleo.com.ar/jobad/arb2d4207fab87a1ddd5421a143d0961c1
2026-09-15 18:51:53,722 [INFO]     🤖⚠️  Verificación anti-bot (no concluyente), se conserva: https://www.opcionempleo.com.ar/jobad/ar78fa04c74cc498f1c81a7edad9e1ebb4
2026-09-15 18:51:54,001 [INFO]     🤖⚠️  Verificación anti-bot (no concluyente), se conserva: https://www.opcionempleo.com.ar/jobad/arf18162d856b75dfe7a5f4f1f3af7b4da
2026-09-15 18:51:54,406 [INFO]     🤖⚠️  Verificación anti-bot (no concluyente), se conserva: https://www.opcionempleo.com.ar/jobad/ar956d871bf78411a8959654ba80473a0f
2026-09-15 18:51:54,413 [INFO]     🤖⚠️  Verificación anti-bot (no concluyente), se conserva: https://www.opcionempleo.com.ar/jobad/arb40ccebbade633d9edfd384b2bc40157
2026-09-15 18:51:54,420 [INFO]     🤖⚠️  Verificación anti-bot (no concluyente), se conserva: https://www.opcionempleo.com.ar/jobad/ar4037444463099a47586dc1fd312b5324
2026-09-15 18:51:54,422 [INFO]     🤖⚠️  Verificación anti-bot (no concluyente), se conserva: https://www.opcionempleo.com.ar/jobad/area84166ab92d5bb5920d0e8669d531a5
2026-09-15 18:51:54,696 [INFO]     🤖⚠️  Verificación anti-bot (no concluyente), se conserva: https://www.opcionempleo.com.ar/jobad/ar65625b17572b00408751e5a008ab923e
2026-09-15 18:51:54,709 [INFO]     🤖⚠️  Verificación anti-bot (no concluyente), se conserva: https://www.opcionempleo.com.ar/jobad/arc98cb6800c99252433a6a774e0dace76
2026-09-15 18:51:54,715 [INFO]     🤖⚠️  Verificación anti-bot (no concluyente), se conserva: https://www.opcionempleo.com.ar/jobad/arab0b767297a7f0d9f8eb68bad5665250
2026-09-15 18:51:55,045 [INFO]     🤖⚠️  Verificación anti-bot (no concluyente), se conserva: https://www.opcionempleo.com.ar/jobad/ar35e1766eb57d884c0cc133989997d621
2026-09-15 18:51:55,469 [INFO]     🤖⚠️  Verificación anti-bot (no concluyente), se conserva: https://www.opcionempleo.com.ar/jobad/ara955b818c2fd598a4d9f5cd7c3484a62
2026-09-15 18:51:55,479 [INFO]     🤖⚠️  Verificación anti-bot (no concluyente), se conserva: https://www.opcionempleo.com.ar/jobad/araf77f3725de60fd553b444271bf3f0b4
2026-09-15 18:51:55,484 [INFO]     🤖⚠️  Verificación anti-bot (no concluyente), se conserva: https://www.opcionempleo.com.ar/jobad/ar8f9caa0eee5326cc4b7da62cb0d66b18
2026-09-15 18:51:55,489 [INFO]     🤖⚠️  Verificación anti-bot (no concluyente), se conserva: https://www.opcionempleo.com.ar/jobad/ar27295263b6be486b7ca312fc4ba64175
2026-09-15 18:51:56,018 [INFO]     🤖⚠️  Verificación anti-bot (no concluyente), se conserva: https://www.opcionempleo.com.ar/jobad/ardcb145f73350ad005983bcfb304461d0
2026-09-15 18:51:56,020 [INFO]     🤖⚠️  Verificación anti-bot (no concluyente), se conserva: https://www.opcionempleo.com.ar/jobad/ar54d1da5be5f5953d892038985b5afed7
2026-09-15 18:51:56,032 [INFO]     🤖⚠️  Verificación anti-bot (no concluyente), se conserva: https://www.opcionempleo.com.ar/jobad/ar9255e340856cd8b691b2dd756d99c0c6
2026-09-15 18:51:56,321 [INFO]     🤖⚠️  Verificación anti-bot (no concluyente), se conserva: https://www.opcionempleo.com.ar/jobad/ar2041079aa7827a85c9ca60c33a80d089
2026-09-15 18:51:56,598 [INFO]     🤖⚠️  Verificación anti-bot (no concluyente), se conserva: https://www.opcionempleo.com.ar/jobad/ar4473b483104d9ea1a28f4912cbdc70a9
2026-09-15 18:51:56,600 [INFO]     🤖⚠️  Verificación anti-bot (no concluyente), se conserva: https://www.opcionempleo.com.ar/jobad/arf479ba4a8a352521eb223eaf3c7b58e8
2026-09-15 18:51:56,603 [INFO]     🤖⚠️  Verificación anti-bot (no concluyente), se conserva: https://www.opcionempleo.com.ar/jobad/ar7f17b5353f94e49491235f4fff7f4982
2026-09-15 18:51:56,699 [INFO]     🤖⚠️  Verificación anti-bot (no concluyente), se conserva: https://www.opcionempleo.com.ar/jobad/ar3276ad079b00322df140ce79160fdbbb
2026-09-15 18:51:57,239 [INFO]     🤖⚠️  Verificación anti-bot (no concluyente), se conserva: https://www.opcionempleo.com.ar/jobad/araafbbb562450d67057969641f9684a5d
2026-09-15 18:51:57,241 [INFO]     🤖⚠️  Verificación anti-bot (no concluyente), se conserva: https://www.opcionempleo.com.ar/jobad/arc8cdc2c0b98554de76cefbf9088462bb
2026-09-15 18:51:57,241 [INFO]     🤖⚠️  Verificación anti-bot (no concluyente), se conserva: https://www.opcionempleo.com.ar/jobad/arab5849e3f53e5540055f15b9e5710d79
2026-09-15 18:51:57,596 [INFO]     🤖⚠️  Verificación anti-bot (no concluyente), se conserva: https://www.opcionempleo.com.ar/jobad/ar713ba99a6c65ee39a697b1188e40de4e
2026-09-15 18:51:58,020 [INFO]     🤖⚠️  Verificación anti-bot (no concluyente), se conserva: https://www.opcionempleo.com.ar/jobad/ar617526fb2081272a591251c9b03b3284
2026-09-15 18:51:58,040 [INFO]     🤖⚠️  Verificación anti-bot (no concluyente), se conserva: https://www.opcionempleo.com.ar/jobad/ar65d387df71bb03a9edcd0b40fcff736b
2026-09-15 18:51:58,047 [INFO]     🤖⚠️  Verificación anti-bot (no concluyente), se conserva: https://www.opcionempleo.com.ar/jobad/ar9405fae89942c718a9dbe83f5a8275ba
2026-09-15 18:51:58,049 [INFO]     🤖⚠️  Verificación anti-bot (no concluyente), se conserva: https://www.opcionempleo.com.ar/jobad/arb33102542d277f3c193dc71fb1e32e60
2026-09-15 18:51:58,349 [INFO]     🤖⚠️  Verificación anti-bot (no concluyente), se conserva: https://www.opcionempleo.com.ar/jobad/ar086f198c22ad55d252c4339a60fc9795
2026-09-15 18:51:58,425 [INFO]     🤖⚠️  Verificación anti-bot (no concluyente), se conserva: https://www.opcionempleo.com.ar/jobad/ar7ba23eca2d1af6fa65f5728904f0573c
2026-09-15 18:51:58,427 [INFO]     🤖⚠️  Verificación anti-bot (no concluyente), se conserva: https://www.opcionempleo.com.ar/jobad/ar793d2a0923a97af78a4f0ed96bd647a7
2026-09-15 18:51:58,788 [INFO]     🤖⚠️  Verificación anti-bot (no concluyente), se conserva: https://www.opcionempleo.com.ar/jobad/ar52739ec91809a78233d7dbeb023415e6
2026-09-15 18:51:59,170 [INFO]     🤖⚠️  Verificación anti-bot (no concluyente), se conserva: https://www.opcionempleo.com.ar/jobad/ar76d5cb8ec46e3e8711ef024ff1721289
2026-09-15 18:51:59,172 [INFO]     🤖⚠️  Verificación anti-bot (no concluyente), se conserva: https://www.opcionempleo.com.ar/jobad/ar2de24aba2e325afcdd69d0ff6b2b1ea3
2026-09-15 18:51:59,190 [INFO]     🤖⚠️  Verificación anti-bot (no concluyente), se conserva: https://www.opcionempleo.com.ar/jobad/ar45a9a64bf3da7761ab3fb259699cfc50
2026-09-15 18:51:59,197 [INFO]     🤖⚠️  Verificación anti-bot (no concluyente), se conserva: https://www.opcionempleo.com.ar/jobad/araef74d2237a9f4093d29becd8e71d080
2026-09-15 18:51:59,446 [INFO]     🤖⚠️  Verificación anti-bot (no concluyente), se conserva: https://www.opcionempleo.com.ar/jobad/ard53736c743f42499b67e0db96fcf17cb
2026-09-15 18:51:59,448 [INFO]     🤖⚠️  Verificación anti-bot (no concluyente), se conserva: https://www.opcionempleo.com.ar/jobad/ar5be174762563ddbfc48185820d70b00f
2026-09-15 18:51:59,486 [INFO]     🤖⚠️  Verificación anti-bot (no concluyente), se conserva: https://www.opcionempleo.com.ar/jobad/arc416eab76141b08b8778974193810f7c
2026-09-15 18:51:59,890 [INFO]     🤖⚠️  Verificación anti-bot (no concluyente), se conserva: https://www.opcionempleo.com.ar/jobad/ara2bec9cc6f22a1fb51e0514eb4b6cdb8
2026-09-15 18:52:00,337 [INFO]     🤖⚠️  Verificación anti-bot (no concluyente), se conserva: https://www.opcionempleo.com.ar/jobad/ar44ca8c1778dc73163ab4e35fc33435e7
2026-09-15 18:52:00,356 [INFO]     🤖⚠️  Verificación anti-bot (no concluyente), se conserva: https://www.opcionempleo.com.ar/jobad/ara4cd3a262d79e410a925e0c37efb3ba6
2026-09-15 18:52:00,357 [INFO]     🤖⚠️  Verificación anti-bot (no concluyente), se conserva: https://www.opcionempleo.com.ar/jobad/ar6733d7a157f3131fdeced4dfd5e95d60
2026-09-15 18:52:00,359 [INFO]     🤖⚠️  Verificación anti-bot (no concluyente), se conserva: https://www.opcionempleo.com.ar/jobad/ar9c1c86523de672c806a9c30ae284fc82
2026-09-15 18:52:00,632 [INFO]     🤖⚠️  Verificación anti-bot (no concluyente), se conserva: https://www.opcionempleo.com.ar/jobad/arb2315de0dc99a6efd95b8ee23c59be70
2026-09-15 18:52:00,635 [INFO]     🤖⚠️  Verificación anti-bot (no concluyente), se conserva: https://www.opcionempleo.com.ar/jobad/ar38b761ce6da26ddd22e945e199518c8e
2026-09-15 18:52:00,637 [INFO]     🤖⚠️  Verificación anti-bot (no concluyente), se conserva: https://www.opcionempleo.com.ar/jobad/ara53617488a4d4dd0bdbba7e8d5ecca21
2026-09-15 18:52:01,011 [INFO]     🤖⚠️  Verificación anti-bot (no concluyente), se conserva: https://www.opcionempleo.com.ar/jobad/ar07df37264e910e87f1ffe0b95a745ab0
2026-09-15 18:52:01,166 [INFO]     🤖⚠️  Verificación anti-bot (no concluyente), se conserva: https://www.opcionempleo.com.ar/jobad/ar0ed9c2d6eff88643cc8552214b1e7133
2026-09-15 18:52:01,169 [INFO]     🤖⚠️  Verificación anti-bot (no concluyente), se conserva: https://www.opcionempleo.com.ar/jobad/arf7a2d3a771f1f928707561d39cc8893f
2026-09-15 18:52:01,348 [INFO]     🤖⚠️  Verificación anti-bot (no concluyente), se conserva: https://www.opcionempleo.com.ar/jobad/ar0ec1cdd1696499b4a86c3fd9e0bcd5ff
2026-09-15 18:52:01,350 [INFO]     🤖⚠️  Verificación anti-bot (no concluyente), se conserva: https://www.opcionempleo.com.ar/jobad/ara941df52679f56390680826bf70a35e2
2026-09-15 18:52:01,542 [INFO]     🤖⚠️  Verificación anti-bot (no concluyente), se conserva: https://www.opcionempleo.com.ar/jobad/arafe8441dc10a29ae0daea2f24ae946b4
2026-09-15 18:52:01,544 [INFO]     🤖⚠️  Verificación anti-bot (no concluyente), se conserva: https://www.opcionempleo.com.ar/jobad/ar394812235f2eb26fe461a2bb3c7b012d
2026-09-15 18:52:01,565 [INFO]     🤖⚠️  Verificación anti-bot (no concluyente), se conserva: https://www.opcionempleo.com.ar/jobad/arf4fdd5dd184a1ca471dc1e12a2872a85
2026-09-15 18:52:02,229 [INFO]     🤖⚠️  Verificación anti-bot (no concluyente), se conserva: https://www.opcionempleo.com.ar/jobad/arbee625c4c24e2ce6495ffce838c2d92b
2026-09-15 18:52:02,230 [INFO]     🤖⚠️  Verificación anti-bot (no concluyente), se conserva: https://www.opcionempleo.com.ar/jobad/arfcf0ce86ced9bc8c921b9a005eb76ba3
2026-09-15 18:52:02,234 [INFO]     🤖⚠️  Verificación anti-bot (no concluyente), se conserva: https://www.opcionempleo.com.ar/jobad/ar6f13b0757cc6bbb02a5e533a131b1139
2026-09-15 18:52:02,474 [INFO]     🤖⚠️  Verificación anti-bot (no concluyente), se conserva: https://www.opcionempleo.com.ar/jobad/ar872d009ada36d4ca3165108a5640aea1
2026-09-15 18:52:02,680 [INFO]     🤖⚠️  Verificación anti-bot (no concluyente), se conserva: https://www.opcionempleo.com.ar/jobad/ar565fcfd94a15b107b86c5a0fcb9bde71
2026-09-15 18:52:02,682 [INFO]     🤖⚠️  Verificación anti-bot (no concluyente), se conserva: https://www.opcionempleo.com.ar/jobad/arb30cdde35e98875ac8178569bd984b3e
2026-09-15 18:52:02,685 [INFO]     🤖⚠️  Verificación anti-bot (no concluyente), se conserva: https://www.opcionempleo.com.ar/jobad/arf3abaa3f0ba7504b3bf7b64b5459799d
2026-09-15 18:52:02,687 [INFO]     🤖⚠️  Verificación anti-bot (no concluyente), se conserva: https://www.opcionempleo.com.ar/jobad/arf5cfe92bae59cac2329a762afddd3498
2026-09-15 18:52:03,412 [INFO]     🤖⚠️  Verificación anti-bot (no concluyente), se conserva: https://www.opcionempleo.com.ar/jobad/are5f29376716ac709b88f5a76d0f449f9
2026-09-15 18:52:03,413 [INFO]     🤖⚠️  Verificación anti-bot (no concluyente), se conserva: https://www.opcionempleo.com.ar/jobad/ar8d528ed91e287b942e72aa46674517ef
2026-09-15 18:52:03,419 [INFO]     🤖⚠️  Verificación anti-bot (no concluyente), se conserva: https://www.opcionempleo.com.ar/jobad/ar81889c807ed36fa1f1e4c926c46bc16c
2026-09-15 18:52:03,420 [INFO]     🤖⚠️  Verificación anti-bot (no concluyente), se conserva: https://www.opcionempleo.com.ar/jobad/are87dbef0d3a51fc31b06e10ec089a921
2026-09-15 18:52:03,693 [INFO]     🤖⚠️  Verificación anti-bot (no concluyente), se conserva: https://www.opcionempleo.com.ar/jobad/ar1379998ffda45ad317df24ccb1190dd6
2026-09-15 18:52:03,878 [INFO]     🤖⚠️  Verificación anti-bot (no concluyente), se conserva: https://www.opcionempleo.com.ar/jobad/ar7f099b275340c66dab2b6f64fa755ef6
2026-09-15 18:52:03,880 [INFO]     🤖⚠️  Verificación anti-bot (no concluyente), se conserva: https://www.opcionempleo.com.ar/jobad/arac06fbb919698256b703fda73e62a29c
2026-09-15 18:52:03,902 [INFO]     🤖⚠️  Verificación anti-bot (no concluyente), se conserva: https://www.opcionempleo.com.ar/jobad/ar79ecb247e54487b1f1ec8591c2301ee9
2026-09-15 18:52:04,764 [INFO]     🤖⚠️  Verificación anti-bot (no concluyente), se conserva: https://www.opcionempleo.com.ar/jobad/ar9b0e09311df8de4605bbd1067d190276
2026-09-15 18:52:04,765 [INFO]     🤖⚠️  Verificación anti-bot (no concluyente), se conserva: https://www.opcionempleo.com.ar/jobad/arc4c12b617ce6fa3446b791f46ecdd29a
2026-09-15 18:52:04,766 [INFO]     🤖⚠️  Verificación anti-bot (no concluyente), se conserva: https://www.opcionempleo.com.ar/jobad/ardb14dcb79767c30445c279ef5b4fcd64
2026-09-15 18:52:04,766 [INFO]     🤖⚠️  Verificación anti-bot (no concluyente), se conserva: https://www.opcionempleo.com.ar/jobad/ar996f208ff62b8e7f26e0ae2e89111de3
2026-09-15 18:52:04,769 [INFO]     🤖⚠️  Verificación anti-bot (no concluyente), se conserva: https://www.opcionempleo.com.ar/jobad/arbd0e30674c5cfef8be4d6ee033a0fc37
2026-09-15 18:52:05,348 [INFO]     🤖⚠️  Verificación anti-bot (no concluyente), se conserva: https://www.opcionempleo.com.ar/jobad/ara97392d1b9b1974372215d0052aa8090
2026-09-15 18:52:05,355 [INFO]     🤖⚠️  Verificación anti-bot (no concluyente), se conserva: https://www.opcionempleo.com.ar/jobad/arbdd2d808453394e4476547a3f8f19fa7
2026-09-15 18:52:05,365 [INFO]     🤖⚠️  Verificación anti-bot (no concluyente), se conserva: https://www.opcionempleo.com.ar/jobad/ar94e55169ff1cfaf722580d379341d3df
2026-09-15 18:52:05,923 [INFO]     🤖⚠️  Verificación anti-bot (no concluyente), se conserva: https://www.opcionempleo.com.ar/jobad/ar8cfb8fb71e2aa1d3af29aee93aad8701
2026-09-15 18:52:05,927 [INFO]     🤖⚠️  Verificación anti-bot (no concluyente), se conserva: https://www.opcionempleo.com.ar/jobad/are9cc0413e50f3600d1da637f72d9f574
2026-09-15 18:52:05,940 [INFO]     🤖⚠️  Verificación anti-bot (no concluyente), se conserva: https://www.opcionempleo.com.ar/jobad/araea2be504c005b89a551844bb699de2d
2026-09-15 18:52:05,950 [INFO]     🤖⚠️  Verificación anti-bot (no concluyente), se conserva: https://www.opcionempleo.com.ar/jobad/ar444e38bea13b9a9c46ea88e3a67d67aa
2026-09-15 18:52:06,217 [INFO]     🤖⚠️  Verificación anti-bot (no concluyente), se conserva: https://www.opcionempleo.com.ar/jobad/ar8e2ea28ac6a0f6f2c7fc517a0b3bb6b6
2026-09-15 18:52:06,219 [INFO]     🤖⚠️  Verificación anti-bot (no concluyente), se conserva: https://www.opcionempleo.com.ar/jobad/arfbb7349006f033df336036dc5a800753
2026-09-15 18:52:06,270 [INFO]     🤖⚠️  Verificación anti-bot (no concluyente), se conserva: https://www.opcionempleo.com.ar/jobad/arcf658af7102bc6e793b1a0de4dd25fb2
2026-09-15 18:52:06,829 [INFO]     🤖⚠️  Verificación anti-bot (no concluyente), se conserva: https://www.opcionempleo.com.ar/jobad/ar6cf50ee61af4b4048ab0f5e52e619f1a
2026-09-15 18:52:06,835 [INFO]     🤖⚠️  Verificación anti-bot (no concluyente), se conserva: https://www.opcionempleo.com.ar/jobad/ar9b626ceed193ddf7009520f6de62e2dd
2026-09-15 18:52:06,842 [INFO]     🤖⚠️  Verificación anti-bot (no concluyente), se conserva: https://www.opcionempleo.com.ar/jobad/arf18908355553f78ffdf89573611248e1
2026-09-15 18:52:06,843 [INFO]     🤖⚠️  Verificación anti-bot (no concluyente), se conserva: https://www.opcionempleo.com.ar/jobad/arc8aa07e498f18045bd38022d0c72bfc2
2026-09-15 18:52:06,845 [INFO]     🤖⚠️  Verificación anti-bot (no concluyente), se conserva: https://www.opcionempleo.com.ar/jobad/ar1e4d07d861eff68d0c5f2c58e6f9dd3d
2026-09-15 18:52:07,188 [INFO]     🤖⚠️  Verificación anti-bot (no concluyente), se conserva: https://www.opcionempleo.com.ar/jobad/arc8976d8fa7009008a97689a7b389f6e3
2026-09-15 18:52:07,190 [INFO]     🤖⚠️  Verificación anti-bot (no concluyente), se conserva: https://www.opcionempleo.com.ar/jobad/ardf06bf72967f28c608a0e052bb472522
2026-09-15 18:52:07,191 [INFO]     🤖⚠️  Verificación anti-bot (no concluyente), se conserva: https://www.opcionempleo.com.ar/jobad/ar3b139a58001bf2d7bf3ab21eea43d43f
2026-09-15 18:52:07,799 [INFO]     🤖⚠️  Verificación anti-bot (no concluyente), se conserva: https://www.opcionempleo.com.ar/jobad/ar462ea3e9808fa5e2eda56d0b51d632b8
2026-09-15 18:52:07,806 [INFO]     🤖⚠️  Verificación anti-bot (no concluyente), se conserva: https://www.opcionempleo.com.ar/jobad/ar92faf167d147f821008700ab49133f95
2026-09-15 18:52:07,815 [INFO]     🤖⚠️  Verificación anti-bot (no concluyente), se conserva: https://www.opcionempleo.com.ar/jobad/arff462d6d93ebf5dcc6229b15e3692856
2026-09-15 18:52:07,817 [INFO]     🤖⚠️  Verificación anti-bot (no concluyente), se conserva: https://www.opcionempleo.com.ar/jobad/ar0ced92c32ce59b222f8e419a17ee77dd
2026-09-15 18:52:07,824 [INFO]     🤖⚠️  Verificación anti-bot (no concluyente), se conserva: https://www.opcionempleo.com.ar/jobad/ar96cb0d6b01ada9e696a6abd9a6474c74
2026-09-15 18:52:08,102 [INFO]     🤖⚠️  Verificación anti-bot (no concluyente), se conserva: https://www.opcionempleo.com.ar/jobad/ar5da900398f9c7241b54cb5473f844272
2026-09-15 18:52:08,104 [INFO]     🤖⚠️  Verificación anti-bot (no concluyente), se conserva: https://www.opcionempleo.com.ar/jobad/arf1c1f0391983ae2680a3250ffa179ed2
2026-09-15 18:52:08,110 [INFO]     🤖⚠️  Verificación anti-bot (no concluyente), se conserva: https://www.opcionempleo.com.ar/jobad/ar4266ac94a80ed1289b9c3d71b05da305
2026-09-15 18:52:08,712 [INFO]     🤖⚠️  Verificación anti-bot (no concluyente), se conserva: https://www.opcionempleo.com.ar/jobad/ar31e9c040a8e8a4c14d83b222a4a3df9d
2026-09-15 18:52:08,713 [INFO]     🤖⚠️  Verificación anti-bot (no concluyente), se conserva: https://www.opcionempleo.com.ar/jobad/ar4fa6f3f8bc55c1658de3479fe0968a15
2026-09-15 18:52:08,716 [INFO]     🤖⚠️  Verificación anti-bot (no concluyente), se conserva: https://www.opcionempleo.com.ar/jobad/ara54e8fd2a70c15efea992d4b227281e3
2026-09-15 18:52:08,718 [INFO]     🤖⚠️  Verificación anti-bot (no concluyente), se conserva: https://www.opcionempleo.com.ar/jobad/ar3134f11c7a5c46b11b64ddaa29b35c1b
2026-09-15 18:52:08,974 [INFO]     🤖⚠️  Verificación anti-bot (no concluyente), se conserva: https://www.opcionempleo.com.ar/jobad/arb80d80b597c2f6ca51c69a839d864a89
2026-09-15 18:52:08,976 [INFO]     🤖⚠️  Verificación anti-bot (no concluyente), se conserva: https://www.opcionempleo.com.ar/jobad/ar7fedeef14a8460dcf8e959bd2243332a
2026-09-15 18:52:09,022 [INFO]     🤖⚠️  Verificación anti-bot (no concluyente), se conserva: https://www.opcionempleo.com.ar/jobad/ar2b2c13df2887486d76b88f24547b13d3
2026-09-15 18:52:09,930 [INFO]     🤖⚠️  Verificación anti-bot (no concluyente), se conserva: https://www.opcionempleo.com.ar/jobad/ar243d922d165cd49dc8794577b66dfc70
2026-09-15 18:52:09,934 [INFO]     🤖⚠️  Verificación anti-bot (no concluyente), se conserva: https://www.opcionempleo.com.ar/jobad/arf21c0a829cb80dca9a004a3e6bfb22c1
2026-09-15 18:52:09,934 [INFO]     🤖⚠️  Verificación anti-bot (no concluyente), se conserva: https://www.opcionempleo.com.ar/jobad/ar87fe74fd46e6d3b6225e60ea2033ff64
2026-09-15 18:52:09,934 [INFO]     🤖⚠️  Verificación anti-bot (no concluyente), se conserva: https://www.opcionempleo.com.ar/jobad/ar9229709d032e3fcf4e3d6b6ff632531e
2026-09-15 18:52:09,993 [INFO]     🤖⚠️  Verificación anti-bot (no concluyente), se conserva: https://www.opcionempleo.com.ar/jobad/ar2ab02cba8b8da27b1292d9e23423fedc
2026-09-15 18:52:09,995 [INFO]     🤖⚠️  Verificación anti-bot (no concluyente), se conserva: https://www.opcionempleo.com.ar/jobad/arecdd78f11e64fe994c1cad555d950379
2026-09-15 18:52:09,996 [INFO]     🤖⚠️  Verificación anti-bot (no concluyente), se conserva: https://www.opcionempleo.com.ar/jobad/arc5213eb9cba93dbc11e76ccb0344308d
2026-09-15 18:52:09,998 [INFO]     🤖⚠️  Verificación anti-bot (no concluyente), se conserva: https://www.opcionempleo.com.ar/jobad/ar4133e2eca94c8d4586ddf3118d22630a
2026-09-15 18:52:11,036 [INFO]     🤖⚠️  Verificación anti-bot (no concluyente), se conserva: https://www.opcionempleo.com.ar/jobad/ar21f60862f5a45992ced9c8d85f950b22
2026-09-15 18:52:11,044 [INFO]     🤖⚠️  Verificación anti-bot (no concluyente), se conserva: https://www.opcionempleo.com.ar/jobad/ar41bbf24cb73a5eb826962766ff7f2b56
2026-09-15 18:52:11,049 [INFO]     🤖⚠️  Verificación anti-bot (no concluyente), se conserva: https://www.opcionempleo.com.ar/jobad/arb4fd8b6b7ede83d21417e7c446014629
2026-09-15 18:52:11,051 [INFO]     🤖⚠️  Verificación anti-bot (no concluyente), se conserva: https://www.opcionempleo.com.ar/jobad/ard4b3450b8582d425bbfdb99271fc72b3
2026-09-15 18:52:11,053 [INFO]     🤖⚠️  Verificación anti-bot (no concluyente), se conserva: https://www.opcionempleo.com.ar/jobad/ar86046adfc0f8bb01192d1d50bf6dc062
2026-09-15 18:52:11,055 [INFO]     🤖⚠️  Verificación anti-bot (no concluyente), se conserva: https://www.opcionempleo.com.ar/jobad/ar4c981676917748a0f346eb38bca2a7f9
2026-09-15 18:52:11,056 [INFO]     🤖⚠️  Verificación anti-bot (no concluyente), se conserva: https://www.opcionempleo.com.ar/jobad/ara3760f03e774f0850eed0b3b15a6b626
2026-09-15 18:52:11,059 [INFO]     🤖⚠️  Verificación anti-bot (no concluyente), se conserva: https://www.opcionempleo.com.ar/jobad/aree1a1da5727f5be1bf9f1fd2cd67efc8
2026-09-15 18:52:12,075 [INFO]     🤖⚠️  Verificación anti-bot (no concluyente), se conserva: https://www.opcionempleo.com.ar/jobad/ar579bc3fdfa2a6b3888b5c7d3351349c8
2026-09-15 18:52:12,077 [INFO]     🤖⚠️  Verificación anti-bot (no concluyente), se conserva: https://www.opcionempleo.com.ar/jobad/ara0e3a93c4aa1c1313c5062458e93d9eb
2026-09-15 18:52:12,079 [INFO]     🤖⚠️  Verificación anti-bot (no concluyente), se conserva: https://www.opcionempleo.com.ar/jobad/arc612987402e09466349ab96386c13bc8
2026-09-15 18:52:12,081 [INFO]     🤖⚠️  Verificación anti-bot (no concluyente), se conserva: https://www.opcionempleo.com.ar/jobad/ar6e0f631e45936b8ef49c82ec4a13967e
2026-09-15 18:52:13,020 [INFO]     🤖⚠️  Verificación anti-bot (no concluyente), se conserva: https://www.opcionempleo.com.ar/jobad/ar211c6eeb84a6050da290483cd5492aaa
2026-09-15 18:52:13,026 [INFO]     🤖⚠️  Verificación anti-bot (no concluyente), se conserva: https://www.opcionempleo.com.ar/jobad/ar10ae43ad296095696d7293f8d228ca1c
2026-09-15 18:52:13,027 [INFO]     🤖⚠️  Verificación anti-bot (no concluyente), se conserva: https://www.opcionempleo.com.ar/jobad/ard24326b252f9a2d5a87d287eb9b944b2
2026-09-15 18:52:13,029 [INFO]     🤖⚠️  Verificación anti-bot (no concluyente), se conserva: https://www.opcionempleo.com.ar/jobad/arde3fafac82aa48f1c638852ac24f37f5
2026-09-15 18:52:13,938 [INFO]     🤖⚠️  Verificación anti-bot (no concluyente), se conserva: https://www.opcionempleo.com.ar/jobad/ar3f7d51ba8cd0e436c53fb2ed7759bc45
2026-09-15 18:52:13,947 [INFO]     🤖⚠️  Verificación anti-bot (no concluyente), se conserva: https://www.opcionempleo.com.ar/jobad/ar6c9e2d4989b3d1c50c9b55afcac68ea9
2026-09-15 18:52:13,960 [INFO]     🤖⚠️  Verificación anti-bot (no concluyente), se conserva: https://www.opcionempleo.com.ar/jobad/ar6fafdab6a7396f484763385b68e026a4
2026-09-15 18:52:13,964 [INFO]     🤖⚠️  Verificación anti-bot (no concluyente), se conserva: https://www.opcionempleo.com.ar/jobad/ar066ec38ccc6eb0dccf4b2e539a0ceecb
2026-09-15 18:52:13,966 [INFO]     🤖⚠️  Verificación anti-bot (no concluyente), se conserva: https://www.opcionempleo.com.ar/jobad/ar8efafb2f011adaf5fc803c362a5996cd
2026-09-15 18:52:13,974 [INFO]     🤖⚠️  Verificación anti-bot (no concluyente), se conserva: https://www.opcionempleo.com.ar/jobad/ara0bc3cb0e42ceff49142ed2b8333af04
2026-09-15 18:52:13,981 [INFO]     🤖⚠️  Verificación anti-bot (no concluyente), se conserva: https://www.opcionempleo.com.ar/jobad/ar0b2ad2144e91c3671bd78fdf664725bf
2026-09-15 18:52:13,989 [INFO]     🤖⚠️  Verificación anti-bot (no concluyente), se conserva: https://www.opcionempleo.com.ar/jobad/ar639abd1858e07d63a39bbbcbdccfbf0f
2026-09-15 18:52:14,968 [INFO]     🤖⚠️  Verificación anti-bot (no concluyente), se conserva: https://www.opcionempleo.com.ar/jobad/ardb7b559e6491990e07d6eb1f74ae62e3
2026-09-15 18:52:14,971 [INFO]     🤖⚠️  Verificación anti-bot (no concluyente), se conserva: https://www.opcionempleo.com.ar/jobad/arbce679736765d039db988a60148e27c2
2026-09-15 18:52:14,983 [INFO]     🤖⚠️  Verificación anti-bot (no concluyente), se conserva: https://www.opcionempleo.com.ar/jobad/ared14554b04c30eeb27b793e26425d534
2026-09-15 18:52:14,990 [INFO]     🤖⚠️  Verificación anti-bot (no concluyente), se conserva: https://www.opcionempleo.com.ar/jobad/ar265aad1294c0a08227326b32a05e459c
2026-09-15 18:52:14,992 [INFO]     🤖⚠️  Verificación anti-bot (no concluyente), se conserva: https://www.opcionempleo.com.ar/jobad/ar7400ebbb8fb3e94b7e1562b35f85c8b2
2026-09-15 18:52:15,001 [INFO]     🤖⚠️  Verificación anti-bot (no concluyente), se conserva: https://www.opcionempleo.com.ar/jobad/ara99f3d029931bc91f870c6675ba56ae4
2026-09-15 18:52:15,007 [INFO]     🤖⚠️  Verificación anti-bot (no concluyente), se conserva: https://www.opcionempleo.com.ar/jobad/arbdcf5a9331fd7d6985e0accc2dbe77bd
2026-09-15 18:52:15,009 [INFO]     🤖⚠️  Verificación anti-bot (no concluyente), se conserva: https://www.opcionempleo.com.ar/jobad/arb2444117117196cfdff56239edcfcba2
2026-09-15 18:52:15,895 [INFO]     🤖⚠️  Verificación anti-bot (no concluyente), se conserva: https://www.opcionempleo.com.ar/jobad/ar0b43c5d17f9901c7ffec1d45a3d3e321
2026-09-15 18:52:15,897 [INFO]     🤖⚠️  Verificación anti-bot (no concluyente), se conserva: https://www.opcionempleo.com.ar/jobad/ar15b80c8da1497c95db48b1ab5407ffff
2026-09-15 18:52:15,898 [INFO]     🤖⚠️  Verificación anti-bot (no concluyente), se conserva: https://www.opcionempleo.com.ar/jobad/ara85bdc6852855eb48580fac0f70878e7
2026-09-15 18:52:15,900 [INFO]     🤖⚠️  Verificación anti-bot (no concluyente), se conserva: https://www.opcionempleo.com.ar/jobad/ar16a998b60c13d4dcd1dfb4c575bceb0a
2026-09-15 18:52:15,902 [INFO]     🤖⚠️  Verificación anti-bot (no concluyente), se conserva: https://www.opcionempleo.com.ar/jobad/arc784d8163df4922e4a23963636a74b2e
2026-09-15 18:52:15,907 [INFO]     🤖⚠️  Verificación anti-bot (no concluyente), se conserva: https://www.opcionempleo.com.ar/jobad/ara7aec9e5b9a4835a9a86869a5485b816
2026-09-15 18:52:15,915 [INFO]     🤖⚠️  Verificación anti-bot (no concluyente), se conserva: https://www.opcionempleo.com.ar/jobad/arc8e8f7414f53b89881b99f673593d2ea
2026-09-15 18:52:15,917 [INFO]     🤖⚠️  Verificación anti-bot (no concluyente), se conserva: https://www.opcionempleo.com.ar/jobad/ar3f00b084ae0faec15eb84c7aa22b0fce
2026-09-15 18:52:16,809 [INFO]     🤖⚠️  Verificación anti-bot (no concluyente), se conserva: https://www.opcionempleo.com.ar/jobad/ar92d8814cd7ef202c9f6e8fc9b7a81293
2026-09-15 18:52:16,811 [INFO]     🤖⚠️  Verificación anti-bot (no concluyente), se conserva: https://www.opcionempleo.com.ar/jobad/ar7244a132410c6ec69386cd3b7f7b586c
2026-09-15 18:52:16,816 [INFO]     🤖⚠️  Verificación anti-bot (no concluyente), se conserva: https://www.opcionempleo.com.ar/jobad/areb5796787bcb3e6ed4a43b15bb508ab4
2026-09-15 18:52:16,818 [INFO]     🤖⚠️  Verificación anti-bot (no concluyente), se conserva: https://www.opcionempleo.com.ar/jobad/ar2b5963efad4d95c7fa02d00157b34b2b
2026-09-15 18:52:16,821 [INFO]     🤖⚠️  Verificación anti-bot (no concluyente), se conserva: https://www.opcionempleo.com.ar/jobad/ar7f4f5c601dde139556267ea829e32327
2026-09-15 18:52:17,630 [INFO]     🤖⚠️  Verificación anti-bot (no concluyente), se conserva: https://www.opcionempleo.com.ar/jobad/ar845bf278e1de11c02e7064d893e4e28c
2026-09-15 18:52:17,630 [INFO]     🤖⚠️  Verificación anti-bot (no concluyente), se conserva: https://www.opcionempleo.com.ar/jobad/ar832e88ecbce5d20ca4ee9840608bb376
2026-09-15 18:52:17,630 [INFO]     🤖⚠️  Verificación anti-bot (no concluyente), se conserva: https://www.opcionempleo.com.ar/jobad/ar9366ae8381495426a951cd3ab7d0fcbb
2026-09-15 18:52:17,631 [INFO]     🤖⚠️  Verificación anti-bot (no concluyente), se conserva: https://www.opcionempleo.com.ar/jobad/ar414ffdcb0d169887bbb868783b7a568c
2026-09-15 18:52:17,931 [INFO]     🤖⚠️  Verificación anti-bot (no concluyente), se conserva: https://www.opcionempleo.com.ar/jobad/ard18323a50342fff0b25d47184579f020
2026-09-15 18:52:17,933 [INFO]     🤖⚠️  Verificación anti-bot (no concluyente), se conserva: https://www.opcionempleo.com.ar/jobad/arceef962de8ed32b857cdd40e1805a96f
2026-09-15 18:52:17,944 [INFO]     🤖⚠️  Verificación anti-bot (no concluyente), se conserva: https://www.opcionempleo.com.ar/jobad/ar201e93c8572ee0c1dbb6f068982bb142
2026-09-15 18:52:18,547 [INFO]     🤖⚠️  Verificación anti-bot (no concluyente), se conserva: https://www.opcionempleo.com.ar/jobad/arb8485d1b45015f1564c6c72c1987e4cf
2026-09-15 18:52:18,549 [INFO]     🤖⚠️  Verificación anti-bot (no concluyente), se conserva: https://www.opcionempleo.com.ar/jobad/ar2387ddff9285b93d727c2e570622858f
2026-09-15 18:52:18,566 [INFO]     🤖⚠️  Verificación anti-bot (no concluyente), se conserva: https://www.opcionempleo.com.ar/jobad/ar37314eb1643b19935f9e3a6125e8b270
2026-09-15 18:52:18,574 [INFO]     🤖⚠️  Verificación anti-bot (no concluyente), se conserva: https://www.opcionempleo.com.ar/jobad/ar4462c16e39178f3bde40a05577cf6414
2026-09-15 18:52:18,867 [INFO]     🤖⚠️  Verificación anti-bot (no concluyente), se conserva: https://www.opcionempleo.com.ar/jobad/ar6c19ded992bf0f0fa10c9f94f1ccc71d
2026-09-15 18:52:18,874 [INFO]     🤖⚠️  Verificación anti-bot (no concluyente), se conserva: https://www.opcionempleo.com.ar/jobad/ar2c28d54058b14525630dde49a81fe591
2026-09-15 18:52:18,876 [INFO]     🤖⚠️  Verificación anti-bot (no concluyente), se conserva: https://www.opcionempleo.com.ar/jobad/ara2906172992f60d59b5a0f461563e419
2026-09-15 18:52:18,879 [INFO]     🤖⚠️  Verificación anti-bot (no concluyente), se conserva: https://www.opcionempleo.com.ar/jobad/are020fa9c9a1433c2ecc13cc0d7ad8a67
2026-09-15 18:52:19,469 [INFO]     🤖⚠️  Verificación anti-bot (no concluyente), se conserva: https://www.opcionempleo.com.ar/jobad/arc52fbe47de7ff249e201b69603b6fe76
2026-09-15 18:52:19,473 [INFO]     🤖⚠️  Verificación anti-bot (no concluyente), se conserva: https://www.opcionempleo.com.ar/jobad/are6af426bfc0853eaac403eaf402e2dbf
2026-09-15 18:52:19,473 [INFO]     🤖⚠️  Verificación anti-bot (no concluyente), se conserva: https://www.opcionempleo.com.ar/jobad/ar2ff8fb08079e26f5948cb47e5b59d268
2026-09-15 18:52:19,475 [INFO]     🤖⚠️  Verificación anti-bot (no concluyente), se conserva: https://www.opcionempleo.com.ar/jobad/ar8e8ee8ffe3651938d4d7bdd142cf368a
2026-09-15 18:52:20,011 [INFO]     🤖⚠️  Verificación anti-bot (no concluyente), se conserva: https://www.opcionempleo.com.ar/jobad/ardb578eb70116c516aae6f1481582463b
2026-09-15 18:52:20,012 [INFO]     🤖⚠️  Verificación anti-bot (no concluyente), se conserva: https://www.opcionempleo.com.ar/jobad/arc4f00990fe2c85b4c040ec1f980c8b94
2026-09-15 18:52:20,012 [INFO]     🤖⚠️  Verificación anti-bot (no concluyente), se conserva: https://www.opcionempleo.com.ar/jobad/ard4063416426f7e33f8cd91b58204b6e6
2026-09-15 18:52:20,012 [INFO]     🤖⚠️  Verificación anti-bot (no concluyente), se conserva: https://www.opcionempleo.com.ar/jobad/ar5499808392d6b8c4f1d341647dcbf7f2
2026-09-15 18:52:20,704 [INFO]     🤖⚠️  Verificación anti-bot (no concluyente), se conserva: https://www.opcionempleo.com.ar/jobad/ar0b39376ea1379ac237b0ba81b363b5af
2026-09-15 18:52:20,714 [INFO]     🤖⚠️  Verificación anti-bot (no concluyente), se conserva: https://www.opcionempleo.com.ar/jobad/ar613296aef75d7bc351c3b630baa42269
2026-09-15 18:52:20,729 [INFO]     🤖⚠️  Verificación anti-bot (no concluyente), se conserva: https://www.opcionempleo.com.ar/jobad/ar11639f2c9ccb02479369ca3b922719cb
2026-09-15 18:52:20,731 [INFO]     🤖⚠️  Verificación anti-bot (no concluyente), se conserva: https://www.opcionempleo.com.ar/jobad/ar118e210fdf8932d610cbc9335c66f15d
2026-09-15 18:52:21,003 [INFO]     🤖⚠️  Verificación anti-bot (no concluyente), se conserva: https://www.opcionempleo.com.ar/jobad/arc9cafa8e7c395c16178e92c344e98305
2026-09-15 18:52:21,009 [INFO]     🤖⚠️  Verificación anti-bot (no concluyente), se conserva: https://www.opcionempleo.com.ar/jobad/ar8b3d7ac38dea90587417c1e471bf5b7e
2026-09-15 18:52:21,012 [INFO]     🤖⚠️  Verificación anti-bot (no concluyente), se conserva: https://www.opcionempleo.com.ar/jobad/ar3f15d6bca0aa7f45a57524e5295e48c0
2026-09-15 18:52:21,021 [INFO]     🤖⚠️  Verificación anti-bot (no concluyente), se conserva: https://www.opcionempleo.com.ar/jobad/arf41d8f05ce799ce9c467d0cb7c7e2ac7
2026-09-15 18:52:21,611 [INFO]     🤖⚠️  Verificación anti-bot (no concluyente), se conserva: https://www.opcionempleo.com.ar/jobad/ar266c5dafb5d990d8154a4a8cb79a979e
2026-09-15 18:52:21,619 [INFO]     🤖⚠️  Verificación anti-bot (no concluyente), se conserva: https://www.opcionempleo.com.ar/jobad/ar23af3159b658e83b1f42668ade7f6902
2026-09-15 18:52:21,622 [INFO]     🤖⚠️  Verificación anti-bot (no concluyente), se conserva: https://www.opcionempleo.com.ar/jobad/arb08bc88b0521364c16cb1b27ee9ccd9e
2026-09-15 18:52:21,640 [INFO]     🤖⚠️  Verificación anti-bot (no concluyente), se conserva: https://www.opcionempleo.com.ar/jobad/arf020f6617695a969c6466c9e90124256
2026-09-15 18:52:21,928 [INFO]     🤖⚠️  Verificación anti-bot (no concluyente), se conserva: https://www.opcionempleo.com.ar/jobad/araa70fc3e86b3349af07259a20d22d1dc
2026-09-15 18:52:21,944 [INFO]     🤖⚠️  Verificación anti-bot (no concluyente), se conserva: https://www.opcionempleo.com.ar/jobad/ar3827689d348135102ff9cd1754f172fd
2026-09-15 18:52:21,949 [INFO]     🤖⚠️  Verificación anti-bot (no concluyente), se conserva: https://www.opcionempleo.com.ar/jobad/arf8b2cfa54e6b8b832173dfeb87fc87c8
2026-09-15 18:52:21,959 [INFO]     🤖⚠️  Verificación anti-bot (no concluyente), se conserva: https://www.opcionempleo.com.ar/jobad/ard4ac6c9c730126d669d0f436602a3e8b
2026-09-15 18:52:22,653 [INFO]     🤖⚠️  Verificación anti-bot (no concluyente), se conserva: https://www.opcionempleo.com.ar/jobad/ar7b3debd6ca74d2f12db63bbb22ea0df9
2026-09-15 18:52:22,672 [INFO]     🤖⚠️  Verificación anti-bot (no concluyente), se conserva: https://www.opcionempleo.com.ar/jobad/ar61bdbadf37ddaebca68d30a1b3539c59
2026-09-15 18:52:22,677 [INFO]     🤖⚠️  Verificación anti-bot (no concluyente), se conserva: https://www.opcionempleo.com.ar/jobad/ar9a5cc38dd4859379594c018c01454511
2026-09-15 18:52:22,679 [INFO]     🤖⚠️  Verificación anti-bot (no concluyente), se conserva: https://www.opcionempleo.com.ar/jobad/ar2e6c74ca2a2f27dbc67de45d1c2c3c3b
2026-09-15 18:52:22,958 [INFO]     🤖⚠️  Verificación anti-bot (no concluyente), se conserva: https://www.opcionempleo.com.ar/jobad/ar4fe4b20aaeafcf435df1e63865edf62c
2026-09-15 18:52:22,971 [INFO]     🤖⚠️  Verificación anti-bot (no concluyente), se conserva: https://www.opcionempleo.com.ar/jobad/ar6a61c2a0a9476b2babfe63b76b75e78e
2026-09-15 18:52:22,977 [INFO]     🤖⚠️  Verificación anti-bot (no concluyente), se conserva: https://www.opcionempleo.com.ar/jobad/ar1c9c88cc0f55b1d042b2d86afcb06d50
2026-09-15 18:52:22,986 [INFO]     🤖⚠️  Verificación anti-bot (no concluyente), se conserva: https://www.opcionempleo.com.ar/jobad/ar8a9129db3f1729a5bd3feb0fa62b18b6
2026-09-15 18:52:23,634 [INFO]     🤖⚠️  Verificación anti-bot (no concluyente), se conserva: https://www.opcionempleo.com.ar/jobad/arfa54fdccc1bd20f512027d1486965764
2026-09-15 18:52:23,643 [INFO]     🤖⚠️  Verificación anti-bot (no concluyente), se conserva: https://www.opcionempleo.com.ar/jobad/ar26cf7e726e9328a62b41444948c08f01
2026-09-15 18:52:23,661 [INFO]     🤖⚠️  Verificación anti-bot (no concluyente), se conserva: https://www.opcionempleo.com.ar/jobad/ar27239f3d416e12be4fed57e9fbb75c54
2026-09-15 18:52:23,663 [INFO]     🤖⚠️  Verificación anti-bot (no concluyente), se conserva: https://www.opcionempleo.com.ar/jobad/ar2a072823233b317b22358e89f5ad6e3e
2026-09-15 18:52:23,895 [INFO]     🤖⚠️  Verificación anti-bot (no concluyente), se conserva: https://www.opcionempleo.com.ar/jobad/ar2127c2251bc1bd4b6401936df75d5311
2026-09-15 18:52:23,913 [INFO]     🤖⚠️  Verificación anti-bot (no concluyente), se conserva: https://www.opcionempleo.com.ar/jobad/arc6ba626811fb575f97426d67e095e18f
2026-09-15 18:52:23,915 [INFO]     🤖⚠️  Verificación anti-bot (no concluyente), se conserva: https://www.opcionempleo.com.ar/jobad/ar839259044f90dba708825a709974b209
2026-09-15 18:52:23,917 [INFO]     🤖⚠️  Verificación anti-bot (no concluyente), se conserva: https://www.opcionempleo.com.ar/jobad/ar0c63256a5f2f459a1650ff856d012c52
2026-09-15 18:52:24,519 [INFO]     🤖⚠️  Verificación anti-bot (no concluyente), se conserva: https://www.opcionempleo.com.ar/jobad/arc4fbe82b1242d41bc54c5b4fcd8f6325
2026-09-15 18:52:24,521 [INFO]     🤖⚠️  Verificación anti-bot (no concluyente), se conserva: https://www.opcionempleo.com.ar/jobad/ard9956d91ed90709c2690b02c0b9acdc3
2026-09-15 18:52:24,523 [INFO]     🤖⚠️  Verificación anti-bot (no concluyente), se conserva: https://www.opcionempleo.com.ar/jobad/area2e719399771995136e18cf8cbed80e
2026-09-15 18:52:24,524 [INFO]     🤖⚠️  Verificación anti-bot (no concluyente), se conserva: https://www.opcionempleo.com.ar/jobad/arba72beca83ff78dc757bfb989846e8f3
2026-09-15 18:52:24,795 [INFO]     🤖⚠️  Verificación anti-bot (no concluyente), se conserva: https://www.opcionempleo.com.ar/jobad/ar39b1cd73198a2ad0308993f2b910f060
2026-09-15 18:52:24,798 [INFO]     🤖⚠️  Verificación anti-bot (no concluyente), se conserva: https://www.opcionempleo.com.ar/jobad/ar473725d915195959ff7179d1ee740767
2026-09-15 18:52:24,804 [INFO]     🤖⚠️  Verificación anti-bot (no concluyente), se conserva: https://www.opcionempleo.com.ar/jobad/arc2c1068a85636f4f9189fa5596451040
2026-09-15 18:52:24,806 [INFO]     🤖⚠️  Verificación anti-bot (no concluyente), se conserva: https://www.opcionempleo.com.ar/jobad/ar5eca079e865850915fbbb255ae5467f6
2026-09-15 18:52:25,419 [INFO]     🤖⚠️  Verificación anti-bot (no concluyente), se conserva: https://www.opcionempleo.com.ar/jobad/are2508151b261e2398e98e486dbe1b655
2026-09-15 18:52:25,421 [INFO]     🤖⚠️  Verificación anti-bot (no concluyente), se conserva: https://www.opcionempleo.com.ar/jobad/arfdc86c117f5b7cc15f6e1f7351e40831
2026-09-15 18:52:25,424 [INFO]     🤖⚠️  Verificación anti-bot (no concluyente), se conserva: https://www.opcionempleo.com.ar/jobad/ara3ed511eecda7af7011fb005aec95215
2026-09-15 18:52:25,431 [INFO]     🤖⚠️  Verificación anti-bot (no concluyente), se conserva: https://www.opcionempleo.com.ar/jobad/ar015a2a3a0a3b6c9778940188f9ae6814
2026-09-15 18:52:25,663 [INFO]     🤖⚠️  Verificación anti-bot (no concluyente), se conserva: https://www.opcionempleo.com.ar/jobad/are216d8d618bf4967d75fcf846a64e934
2026-09-15 18:52:25,685 [INFO]     🤖⚠️  Verificación anti-bot (no concluyente), se conserva: https://www.opcionempleo.com.ar/jobad/arb897957e42c434376f3b6035a78b83cb
2026-09-15 18:52:25,697 [INFO]     🤖⚠️  Verificación anti-bot (no concluyente), se conserva: https://www.opcionempleo.com.ar/jobad/ardbabe9aa19fa6d70ded7a86061b28934
2026-09-15 18:52:25,707 [INFO]     🤖⚠️  Verificación anti-bot (no concluyente), se conserva: https://www.opcionempleo.com.ar/jobad/ar23c9c292851e5eb91d5c300de11b2849
2026-09-15 18:52:26,257 [INFO]     🤖⚠️  Verificación anti-bot (no concluyente), se conserva: https://www.opcionempleo.com.ar/jobad/ar39dbd2b55391fc94ea94f1c6cddd1af5
2026-09-15 18:52:26,267 [INFO]     🤖⚠️  Verificación anti-bot (no concluyente), se conserva: https://www.opcionempleo.com.ar/jobad/ar98a758ae9456e4f6f898efe9abf77c6e
2026-09-15 18:52:26,278 [INFO]     🤖⚠️  Verificación anti-bot (no concluyente), se conserva: https://www.opcionempleo.com.ar/jobad/ard4d6db5ca5d8ab6eaf158d6ef4bd571a
2026-09-15 18:52:26,285 [INFO]     🤖⚠️  Verificación anti-bot (no concluyente), se conserva: https://www.opcionempleo.com.ar/jobad/ar27d8463a38f2db763b274a9f275269d6
2026-09-15 18:52:26,534 [INFO]     🤖⚠️  Verificación anti-bot (no concluyente), se conserva: https://www.opcionempleo.com.ar/jobad/ar8166e7a1e083e293e46314b05d1d6b06
2026-09-15 18:52:26,543 [INFO]     🤖⚠️  Verificación anti-bot (no concluyente), se conserva: https://www.opcionempleo.com.ar/jobad/arb609dba412bc97be757cedba23b08ae0
2026-09-15 18:52:26,552 [INFO]     🤖⚠️  Verificación anti-bot (no concluyente), se conserva: https://www.opcionempleo.com.ar/jobad/ar862fad54d915a526d70b92776cfd6737
2026-09-15 18:52:26,554 [INFO]     🤖⚠️  Verificación anti-bot (no concluyente), se conserva: https://www.opcionempleo.com.ar/jobad/ar84b857799e06854933c2dc83c7178392
2026-09-15 18:52:27,148 [INFO]     🤖⚠️  Verificación anti-bot (no concluyente), se conserva: https://www.opcionempleo.com.ar/jobad/arbb31c757d4e939a0d285ccce3b049fd0
2026-09-15 18:52:27,162 [INFO]     🤖⚠️  Verificación anti-bot (no concluyente), se conserva: https://www.opcionempleo.com.ar/jobad/ardc6edfd54731ce46b8b7ad1424bb739f
2026-09-15 18:52:27,163 [INFO]     🤖⚠️  Verificación anti-bot (no concluyente), se conserva: https://www.opcionempleo.com.ar/jobad/ar3eb5af78191797cbe9c5d755d307e8f6
2026-09-15 18:52:27,163 [INFO]     🤖⚠️  Verificación anti-bot (no concluyente), se conserva: https://www.opcionempleo.com.ar/jobad/arbf3733a6fd90f69c0c5cb1c6a0e976fa
2026-09-15 18:52:27,623 [INFO]     🤖⚠️  Verificación anti-bot (no concluyente), se conserva: https://www.opcionempleo.com.ar/jobad/ar9c0c4b4a8edcd6fdfdbe3a20665c8699
2026-09-15 18:52:27,625 [INFO]     🤖⚠️  Verificación anti-bot (no concluyente), se conserva: https://www.opcionempleo.com.ar/jobad/ar0a47ca3950b18368f61d3a39546cff7f
2026-09-15 18:52:27,626 [INFO]     🤖⚠️  Verificación anti-bot (no concluyente), se conserva: https://www.opcionempleo.com.ar/jobad/ar337116b34bf3f7e93a8b9929ebe08259
2026-09-15 18:52:27,629 [INFO]     🤖⚠️  Verificación anti-bot (no concluyente), se conserva: https://www.opcionempleo.com.ar/jobad/ar7b6fcd81c676584143a441e0003fdb83
2026-09-15 18:52:28,480 [INFO]     🤖⚠️  Verificación anti-bot (no concluyente), se conserva: https://www.opcionempleo.com.ar/jobad/ar1c4cbe0200b773ae6ca07c5492c92b99
2026-09-15 18:52:28,480 [INFO]     🤖⚠️  Verificación anti-bot (no concluyente), se conserva: https://www.opcionempleo.com.ar/jobad/ar7b286741fd29d478c60b3e4f4a25ab23
2026-09-15 18:52:28,481 [INFO]     🤖⚠️  Verificación anti-bot (no concluyente), se conserva: https://www.opcionempleo.com.ar/jobad/ar08ebf7c824cb64cb51df4a1be1ed12d9
2026-09-15 18:52:28,481 [INFO]     🤖⚠️  Verificación anti-bot (no concluyente), se conserva: https://www.opcionempleo.com.ar/jobad/ar6aee8871cfa136409c07921af8da57ad
2026-09-15 18:52:28,718 [INFO]     🤖⚠️  Verificación anti-bot (no concluyente), se conserva: https://www.opcionempleo.com.ar/jobad/ar5d90db9ab45d1eae85254063156f715a
2026-09-15 18:52:28,724 [INFO]     🤖⚠️  Verificación anti-bot (no concluyente), se conserva: https://www.opcionempleo.com.ar/jobad/ar8a3b0d6b94dce6990cff4cfdbde14cc0
2026-09-15 18:52:28,730 [INFO]     🤖⚠️  Verificación anti-bot (no concluyente), se conserva: https://www.opcionempleo.com.ar/jobad/ard997d1991b6b5bcdba692baadcdc9590
2026-09-15 18:52:28,731 [INFO]     🤖⚠️  Verificación anti-bot (no concluyente), se conserva: https://www.opcionempleo.com.ar/jobad/ar6dd296aef7e38a3ed66927521cd8c9f3
2026-09-15 18:52:29,316 [INFO]     🤖⚠️  Verificación anti-bot (no concluyente), se conserva: https://www.opcionempleo.com.ar/jobad/ar878c6745034c253288cba3e70c4ebee6
2026-09-15 18:52:29,319 [INFO]     🤖⚠️  Verificación anti-bot (no concluyente), se conserva: https://www.opcionempleo.com.ar/jobad/ar11f8d40f99b0c076ffd9ac2a7763f355
2026-09-15 18:52:29,321 [INFO]     🤖⚠️  Verificación anti-bot (no concluyente), se conserva: https://www.opcionempleo.com.ar/jobad/ar634d93ae4ff0f2f6fa213b0b7ded32a7
2026-09-15 18:52:29,331 [INFO]     🤖⚠️  Verificación anti-bot (no concluyente), se conserva: https://www.opcionempleo.com.ar/jobad/arf75c01b2d1a4656510d4b0912eb0bf9f
2026-09-15 18:52:29,604 [INFO]     🤖⚠️  Verificación anti-bot (no concluyente), se conserva: https://www.opcionempleo.com.ar/jobad/ar6468f73e19d4ec663aa4b261e9f3a788
2026-09-15 18:52:29,610 [INFO]     🤖⚠️  Verificación anti-bot (no concluyente), se conserva: https://www.opcionempleo.com.ar/jobad/ar979a1df0f646988d6bbe923d7e02b87f
2026-09-15 18:52:29,619 [INFO]     🤖⚠️  Verificación anti-bot (no concluyente), se conserva: https://www.opcionempleo.com.ar/jobad/ar14c2f548f5802c4314b5811ea22f7554
2026-09-15 18:52:29,629 [INFO]     🤖⚠️  Verificación anti-bot (no concluyente), se conserva: https://www.opcionempleo.com.ar/jobad/ar2f424a02e58725c1f5bcd27a7667ee14
2026-09-15 18:52:30,218 [INFO]     🤖⚠️  Verificación anti-bot (no concluyente), se conserva: https://www.opcionempleo.com.ar/jobad/arbea3baba00b21fda0b17acfb4b1cc5a5
2026-09-15 18:52:30,222 [INFO]     🤖⚠️  Verificación anti-bot (no concluyente), se conserva: https://www.opcionempleo.com.ar/jobad/ara7d5fb96263f5f4c4fc7b6b7c190111e
2026-09-15 18:52:30,230 [INFO]     🤖⚠️  Verificación anti-bot (no concluyente), se conserva: https://www.opcionempleo.com.ar/jobad/arbc9cba55c3b27f9c5801bac7994f37fa
2026-09-15 18:52:30,231 [INFO]     🤖⚠️  Verificación anti-bot (no concluyente), se conserva: https://www.opcionempleo.com.ar/jobad/arf3c4f6654ddb8d339c3d5cff15317d3a
2026-09-15 18:52:30,636 [INFO]     🤖⚠️  Verificación anti-bot (no concluyente), se conserva: https://www.opcionempleo.com.ar/jobad/ar4c549fa42e266660e77fe3712cb92ff7
2026-09-15 18:52:30,638 [INFO]     🤖⚠️  Verificación anti-bot (no concluyente), se conserva: https://www.opcionempleo.com.ar/jobad/ar1c33299072c7f833e5b12a772db9433a
2026-09-15 18:52:30,650 [INFO]     🤖⚠️  Verificación anti-bot (no concluyente), se conserva: https://www.opcionempleo.com.ar/jobad/ar1450feeedac1f1e7ec8819d6789444ef
2026-09-15 18:52:30,652 [INFO]     🤖⚠️  Verificación anti-bot (no concluyente), se conserva: https://www.opcionempleo.com.ar/jobad/ar925af4c05bce55491f5ea2b1d74fe853
2026-09-15 18:52:31,240 [INFO]     🤖⚠️  Verificación anti-bot (no concluyente), se conserva: https://www.opcionempleo.com.ar/jobad/ar1842ec85fb525fa6491ab447278d0a7c
2026-09-15 18:52:31,243 [INFO]     🤖⚠️  Verificación anti-bot (no concluyente), se conserva: https://www.opcionempleo.com.ar/jobad/ar90247aef981bc1d0ccbf9ac6a5d42535
2026-09-15 18:52:31,245 [INFO]     🤖⚠️  Verificación anti-bot (no concluyente), se conserva: https://www.opcionempleo.com.ar/jobad/arb7e9da9c5faecd8ab65ed58ec573f85b
2026-09-15 18:52:31,247 [INFO]     🤖⚠️  Verificación anti-bot (no concluyente), se conserva: https://www.opcionempleo.com.ar/jobad/arf85941a4b5d3633b70c5ca01ae7378e8
2026-09-15 18:52:31,653 [INFO]     🤖⚠️  Verificación anti-bot (no concluyente), se conserva: https://www.opcionempleo.com.ar/jobad/ar388c91f79c5c3e0e621f3db089355673
2026-09-15 18:52:31,657 [INFO]     🤖⚠️  Verificación anti-bot (no concluyente), se conserva: https://www.opcionempleo.com.ar/jobad/ar6827df2de2f2373cffbda3c96ffbd817
2026-09-15 18:52:31,657 [INFO]     🤖⚠️  Verificación anti-bot (no concluyente), se conserva: https://www.opcionempleo.com.ar/jobad/ar873cca7e956f8033078bc356c9716366
2026-09-15 18:52:31,657 [INFO]     🤖⚠️  Verificación anti-bot (no concluyente), se conserva: https://www.opcionempleo.com.ar/jobad/ar924db9364e47943d0043eb40327900c6
2026-09-15 18:52:32,205 [INFO]     🤖⚠️  Verificación anti-bot (no concluyente), se conserva: https://www.opcionempleo.com.ar/jobad/ar97a94265a93f9da4329ef55c7f7f6ba8
2026-09-15 18:52:32,207 [INFO]     🤖⚠️  Verificación anti-bot (no concluyente), se conserva: https://www.opcionempleo.com.ar/jobad/ard8e7597ac812b7e7a962d681906d4841
2026-09-15 18:52:32,207 [INFO]     🤖⚠️  Verificación anti-bot (no concluyente), se conserva: https://www.opcionempleo.com.ar/jobad/arfa8dbd378b96bfee14a3f1df5d569e52
2026-09-15 18:52:32,213 [INFO]     🤖⚠️  Verificación anti-bot (no concluyente), se conserva: https://www.opcionempleo.com.ar/jobad/ar77af1fe872e8ffabc904b13460503e4b
2026-09-15 18:52:32,471 [INFO]     🤖⚠️  Verificación anti-bot (no concluyente), se conserva: https://www.opcionempleo.com.ar/jobad/ard038ca53b59bf6077888045455966d41
2026-09-15 18:52:32,473 [INFO]     🤖⚠️  Verificación anti-bot (no concluyente), se conserva: https://www.opcionempleo.com.ar/jobad/arc116665cc5cb84fd9ea6791d01105a56
2026-09-15 18:52:32,487 [INFO]     🤖⚠️  Verificación anti-bot (no concluyente), se conserva: https://www.opcionempleo.com.ar/jobad/are475cec6eac7e97fd9ee80eace9141f4
2026-09-15 18:52:32,499 [INFO]     🤖⚠️  Verificación anti-bot (no concluyente), se conserva: https://www.opcionempleo.com.ar/jobad/are4b2ed36dd721d0b8d86145cb270f8d3
2026-09-15 18:52:33,100 [INFO]     🤖⚠️  Verificación anti-bot (no concluyente), se conserva: https://www.opcionempleo.com.ar/jobad/ar892c484d20b6ef750600704747abc94b
2026-09-15 18:52:33,104 [INFO]     🤖⚠️  Verificación anti-bot (no concluyente), se conserva: https://www.opcionempleo.com.ar/jobad/ar3a0cd79af816321f944c6678378bd96f
2026-09-15 18:52:33,124 [INFO]     🤖⚠️  Verificación anti-bot (no concluyente), se conserva: https://www.opcionempleo.com.ar/jobad/ar5814a783eafdc66b7519cd9fc9ff63e0
2026-09-15 18:52:33,130 [INFO]     🤖⚠️  Verificación anti-bot (no concluyente), se conserva: https://www.opcionempleo.com.ar/jobad/ar9f1ad056820f82572dfa6d852c8f7d48
2026-09-15 18:52:33,545 [INFO]     🤖⚠️  Verificación anti-bot (no concluyente), se conserva: https://www.opcionempleo.com.ar/jobad/arc1c96cb27a333edeb2b360bb72c625f8
2026-09-15 18:52:33,548 [INFO]     🤖⚠️  Verificación anti-bot (no concluyente), se conserva: https://www.opcionempleo.com.ar/jobad/ar8d6f6ebd483237c595c00e090925a1d0
2026-09-15 18:52:33,563 [INFO]     🤖⚠️  Verificación anti-bot (no concluyente), se conserva: https://www.opcionempleo.com.ar/jobad/ar42c6d56de1f655e1941e2774835c9555
2026-09-15 18:52:33,572 [INFO]     🤖⚠️  Verificación anti-bot (no concluyente), se conserva: https://www.opcionempleo.com.ar/jobad/ar256ff96f19c4ed55322e85fe25e5e685
2026-09-15 18:52:34,204 [INFO]     🤖⚠️  Verificación anti-bot (no concluyente), se conserva: https://www.opcionempleo.com.ar/jobad/areeb783210ff0a2e25116d11331b06793
2026-09-15 18:52:34,210 [INFO]     🤖⚠️  Verificación anti-bot (no concluyente), se conserva: https://www.opcionempleo.com.ar/jobad/are2e9a308e2e41f71b8e35a947dc3b68f
2026-09-15 18:52:34,214 [INFO]     🤖⚠️  Verificación anti-bot (no concluyente), se conserva: https://www.opcionempleo.com.ar/jobad/ar5a1de553dbeb173dad5b47cfc784a195
2026-09-15 18:52:34,217 [INFO]     🤖⚠️  Verificación anti-bot (no concluyente), se conserva: https://www.opcionempleo.com.ar/jobad/are20d4b2b153900de9f583329ab67232b
2026-09-15 18:52:34,471 [INFO]     🤖⚠️  Verificación anti-bot (no concluyente), se conserva: https://www.opcionempleo.com.ar/jobad/ar01cfa703ad27fe504a5c1f2c70120cb5
2026-09-15 18:52:34,480 [INFO]     🤖⚠️  Verificación anti-bot (no concluyente), se conserva: https://www.opcionempleo.com.ar/jobad/ar865983a3db30829f0688b11a820d737d
2026-09-15 18:52:34,483 [INFO]     🤖⚠️  Verificación anti-bot (no concluyente), se conserva: https://www.opcionempleo.com.ar/jobad/arf4f661ef370caa2a6b507e41286895b2
2026-09-15 18:52:34,486 [INFO]     🤖⚠️  Verificación anti-bot (no concluyente), se conserva: https://www.opcionempleo.com.ar/jobad/ar7e371f538b68f4a6c3e74de9e298bb8e
2026-09-15 18:52:34,978 [INFO]     🤖⚠️  Verificación anti-bot (no concluyente), se conserva: https://www.opcionempleo.com.ar/jobad/ar6e90c084b2795b4491922c778e794d64
2026-09-15 18:52:34,991 [INFO]     🤖⚠️  Verificación anti-bot (no concluyente), se conserva: https://www.opcionempleo.com.ar/jobad/ar1b1da4f78a2746ed38197938ddbd8636
2026-09-15 18:52:35,027 [INFO]     🤖⚠️  Verificación anti-bot (no concluyente), se conserva: https://www.opcionempleo.com.ar/jobad/arc681491ad6c20f1df99d3227ec768234
2026-09-15 18:52:35,041 [INFO]     🤖⚠️  Verificación anti-bot (no concluyente), se conserva: https://www.opcionempleo.com.ar/jobad/ar2eac0eff43cc8eac4f1f8e005899f60b
2026-09-15 18:52:35,239 [INFO]     🤖⚠️  Verificación anti-bot (no concluyente), se conserva: https://www.opcionempleo.com.ar/jobad/ar67ab73101b9af4c84824d0c07ad47b70
2026-09-15 18:52:35,242 [INFO]     🤖⚠️  Verificación anti-bot (no concluyente), se conserva: https://www.opcionempleo.com.ar/jobad/ar782d65c5e65723a8fb0f3ad39148cbb2
2026-09-15 18:52:35,253 [INFO]     🤖⚠️  Verificación anti-bot (no concluyente), se conserva: https://www.opcionempleo.com.ar/jobad/arac30349972b17574dd2f1e53ab87ff4a
2026-09-15 18:52:35,261 [INFO]     🤖⚠️  Verificación anti-bot (no concluyente), se conserva: https://www.opcionempleo.com.ar/jobad/ar064449494f0ceac95a30adb47fb815b1
2026-09-15 18:52:35,856 [INFO]     🤖⚠️  Verificación anti-bot (no concluyente), se conserva: https://www.opcionempleo.com.ar/jobad/ar79b385df0edad72235261abe1c67acd1
2026-09-15 18:52:35,857 [INFO]     🤖⚠️  Verificación anti-bot (no concluyente), se conserva: https://www.opcionempleo.com.ar/jobad/arbec38ae675ff3974a2dfd3c10b455a82
2026-09-15 18:52:35,858 [INFO]     🤖⚠️  Verificación anti-bot (no concluyente), se conserva: https://www.opcionempleo.com.ar/jobad/ar31acb174b5b40a9662b8d16abd17e291
2026-09-15 18:52:35,862 [INFO]     🤖⚠️  Verificación anti-bot (no concluyente), se conserva: https://www.opcionempleo.com.ar/jobad/ar48ea3533c8c6a9fcef553a68ba10411d
2026-09-15 18:52:36,165 [INFO]     🤖⚠️  Verificación anti-bot (no concluyente), se conserva: https://www.opcionempleo.com.ar/jobad/arc13c5ea9a75f4f1c96ec9f7374a6c919
2026-09-15 18:52:36,183 [INFO]     🤖⚠️  Verificación anti-bot (no concluyente), se conserva: https://www.opcionempleo.com.ar/jobad/ar80489394ccf98d5b200822d2dac578cd
2026-09-15 18:52:36,194 [INFO]     🤖⚠️  Verificación anti-bot (no concluyente), se conserva: https://www.opcionempleo.com.ar/jobad/ar092564bb19837351778804564dffcadc
2026-09-15 18:52:36,203 [INFO]     🤖⚠️  Verificación anti-bot (no concluyente), se conserva: https://www.opcionempleo.com.ar/jobad/ar633aca86d3b4cb773f2cb7ce3a926d95
2026-09-15 18:52:37,024 [INFO]     🤖⚠️  Verificación anti-bot (no concluyente), se conserva: https://www.opcionempleo.com.ar/jobad/arbe1651841a7ba8a9b371c5747f5ce51d
2026-09-15 18:52:37,046 [INFO]     🤖⚠️  Verificación anti-bot (no concluyente), se conserva: https://www.opcionempleo.com.ar/jobad/ar8318193be36b84cf5a55bba9ff4696f6
2026-09-15 18:52:37,054 [INFO]     🤖⚠️  Verificación anti-bot (no concluyente), se conserva: https://www.opcionempleo.com.ar/jobad/ar27c0ee3246ae53793ce206ab43c68111
2026-09-15 18:52:37,069 [INFO]     🤖⚠️  Verificación anti-bot (no concluyente), se conserva: https://www.opcionempleo.com.ar/jobad/arec9df89ed7ddafc6d09cff21ba69f2df
2026-09-15 18:52:37,322 [INFO]     🤖⚠️  Verificación anti-bot (no concluyente), se conserva: https://www.opcionempleo.com.ar/jobad/arbe02c43f951e574928662b5577ca90b2
2026-09-15 18:52:37,336 [INFO]     🤖⚠️  Verificación anti-bot (no concluyente), se conserva: https://www.opcionempleo.com.ar/jobad/arc6bc3f5e4d96dd777242f75a1a3e3711
2026-09-15 18:52:37,361 [INFO]     🤖⚠️  Verificación anti-bot (no concluyente), se conserva: https://www.opcionempleo.com.ar/jobad/ar9b55eaa99e547ef541a0d26ddd72c189
2026-09-15 18:52:37,369 [INFO]     🤖⚠️  Verificación anti-bot (no concluyente), se conserva: https://www.opcionempleo.com.ar/jobad/ar99037c5770d8e01660cb67f5673e74cb
2026-09-15 18:52:37,893 [INFO]     🤖⚠️  Verificación anti-bot (no concluyente), se conserva: https://www.opcionempleo.com.ar/jobad/arcb34e3026d6e54d19593f2a42f63b218
2026-09-15 18:52:37,894 [INFO]     🤖⚠️  Verificación anti-bot (no concluyente), se conserva: https://www.opcionempleo.com.ar/jobad/arb08b4e99be07ffbc2028db302e5fa3a7
2026-09-15 18:52:37,914 [INFO]     🤖⚠️  Verificación anti-bot (no concluyente), se conserva: https://www.opcionempleo.com.ar/jobad/ar9e44230bb15b97fea6b47a9b78073fc8
2026-09-15 18:52:37,943 [INFO]     🤖⚠️  Verificación anti-bot (no concluyente), se conserva: https://www.opcionempleo.com.ar/jobad/araf224b3f64212d339f386ef260e42bee
2026-09-15 18:52:38,206 [INFO]     🤖⚠️  Verificación anti-bot (no concluyente), se conserva: https://www.opcionempleo.com.ar/jobad/ar71ebb7e27f7b47137451821d8fa9672a
2026-09-15 18:52:38,210 [INFO]     🤖⚠️  Verificación anti-bot (no concluyente), se conserva: https://www.opcionempleo.com.ar/jobad/ardf5babf05a0fdfb3b5789a8c6697bf9f
2026-09-15 18:52:38,211 [INFO]     🤖⚠️  Verificación anti-bot (no concluyente), se conserva: https://www.opcionempleo.com.ar/jobad/ar1e2a1042e429bb814909600a1975301a
2026-09-15 18:52:38,214 [INFO]     🤖⚠️  Verificación anti-bot (no concluyente), se conserva: https://www.opcionempleo.com.ar/jobad/ar964dbbacdf91ccaa826d8b74730bf6f8
2026-09-15 18:52:39,116 [INFO]     🤖⚠️  Verificación anti-bot (no concluyente), se conserva: https://www.opcionempleo.com.ar/jobad/ar9d21bc09eb82a429225e5aa6970ba60d
2026-09-15 18:52:39,124 [INFO]     🤖⚠️  Verificación anti-bot (no concluyente), se conserva: https://www.opcionempleo.com.ar/jobad/ar0957f3358d300825dbe6647fe7b65955
2026-09-15 18:52:39,125 [INFO]     🤖⚠️  Verificación anti-bot (no concluyente), se conserva: https://www.opcionempleo.com.ar/jobad/ar152418d6206ca68fb9e1268be9d38508
2026-09-15 18:52:39,127 [INFO]     🤖⚠️  Verificación anti-bot (no concluyente), se conserva: https://www.opcionempleo.com.ar/jobad/ard9d0e9c43be5c4412773c028c65ff0da
2026-09-15 18:52:39,585 [INFO]     🤖⚠️  Verificación anti-bot (no concluyente), se conserva: https://www.opcionempleo.com.ar/jobad/ar21037ddf10b1817252a9c1cbea94e256
2026-09-15 18:52:39,587 [INFO]     🤖⚠️  Verificación anti-bot (no concluyente), se conserva: https://www.opcionempleo.com.ar/jobad/arf8928d8b72a7ae05c032bec5f5a19878
2026-09-15 18:52:39,597 [INFO]     🤖⚠️  Verificación anti-bot (no concluyente), se conserva: https://www.opcionempleo.com.ar/jobad/ar5a60815fb19333f3839de4e547acb6ee
2026-09-15 18:52:39,600 [INFO]     🤖⚠️  Verificación anti-bot (no concluyente), se conserva: https://www.opcionempleo.com.ar/jobad/ar132fed607575e99229792bfdeb91c3a7
2026-09-15 18:52:40,221 [INFO]     🤖⚠️  Verificación anti-bot (no concluyente), se conserva: https://www.opcionempleo.com.ar/jobad/ar251e8f2c85e4f748171325e403aef30e
2026-09-15 18:52:40,226 [INFO]     🤖⚠️  Verificación anti-bot (no concluyente), se conserva: https://www.opcionempleo.com.ar/jobad/ar25061cc6e63e99a549d644436ac6a4a7
2026-09-15 18:52:40,236 [INFO]     🤖⚠️  Verificación anti-bot (no concluyente), se conserva: https://www.opcionempleo.com.ar/jobad/ar7db71d006f5162042ddf403a0fc65fb6
2026-09-15 18:52:40,253 [INFO]     🤖⚠️  Verificación anti-bot (no concluyente), se conserva: https://www.opcionempleo.com.ar/jobad/ar8a384e54f046fda028b42f3601d4c7ca
2026-09-15 18:52:40,487 [INFO]     🤖⚠️  Verificación anti-bot (no concluyente), se conserva: https://www.opcionempleo.com.ar/jobad/ar9de6b6673fbe068ee2afb330e3cc21a6
2026-09-15 18:52:40,492 [INFO]     🤖⚠️  Verificación anti-bot (no concluyente), se conserva: https://www.opcionempleo.com.ar/jobad/ar07d6a77464bce7a3fbdb9c1814cfedbc
2026-09-15 18:52:40,493 [INFO]     🤖⚠️  Verificación anti-bot (no concluyente), se conserva: https://www.opcionempleo.com.ar/jobad/ar5a49996fcffcfdbec4cec2538fda1117
2026-09-15 18:52:40,501 [INFO]     🤖⚠️  Verificación anti-bot (no concluyente), se conserva: https://www.opcionempleo.com.ar/jobad/ar22f1bb24180bfa3af89847e6f0900c10
2026-09-15 18:52:41,020 [INFO]     🤖⚠️  Verificación anti-bot (no concluyente), se conserva: https://www.opcionempleo.com.ar/jobad/ar5b27b47eb4c53352ad68d04511eb78f8
2026-09-15 18:52:41,026 [INFO]     🤖⚠️  Verificación anti-bot (no concluyente), se conserva: https://www.opcionempleo.com.ar/jobad/ar36a7c65bb231a61d7b80465081cf90e7
2026-09-15 18:52:41,029 [INFO]     🤖⚠️  Verificación anti-bot (no concluyente), se conserva: https://www.opcionempleo.com.ar/jobad/arc5d3476f3fc8752f1e27a6df24dd39d9
2026-09-15 18:52:41,120 [INFO]     🤖⚠️  Verificación anti-bot (no concluyente), se conserva: https://www.opcionempleo.com.ar/jobad/ar39eda778371a16e397f8e77659ad912e
2026-09-15 18:52:41,265 [INFO]     🤖⚠️  Verificación anti-bot (no concluyente), se conserva: https://www.opcionempleo.com.ar/jobad/ar164a9cfc5b8c6cd986c1cee99b059dab
2026-09-15 18:52:41,266 [INFO]     🤖⚠️  Verificación anti-bot (no concluyente), se conserva: https://www.opcionempleo.com.ar/jobad/ar9cb61b4dddc8d0e55b29ee75ea6c2732
2026-09-15 18:52:41,275 [INFO]     🤖⚠️  Verificación anti-bot (no concluyente), se conserva: https://www.opcionempleo.com.ar/jobad/ar35d0c56c40f6a30f564826110eb9830b
2026-09-15 18:52:41,276 [INFO]     🤖⚠️  Verificación anti-bot (no concluyente), se conserva: https://www.opcionempleo.com.ar/jobad/ar60aab748e73036a79a30d66012d6d2e2
2026-09-15 18:52:42,206 [INFO]     🤖⚠️  Verificación anti-bot (no concluyente), se conserva: https://www.opcionempleo.com.ar/jobad/ara67cd43fb9fd47902487552b762fb51b
2026-09-15 18:52:42,243 [INFO]     🤖⚠️  Verificación anti-bot (no concluyente), se conserva: https://www.opcionempleo.com.ar/jobad/ar17ca2b11bf373db75fa5d3a5e7bbc798
2026-09-15 18:52:42,247 [INFO]     🤖⚠️  Verificación anti-bot (no concluyente), se conserva: https://www.opcionempleo.com.ar/jobad/ar1d4c13ee67b61303eedab5a90787a449
2026-09-15 18:52:42,260 [INFO]     🤖⚠️  Verificación anti-bot (no concluyente), se conserva: https://www.opcionempleo.com.ar/jobad/ar1c9476fa5018a67f2f4682ae4ce47450
2026-09-15 18:52:42,877 [INFO]     🤖⚠️  Verificación anti-bot (no concluyente), se conserva: https://www.opcionempleo.com.ar/jobad/ar5d7909b389d2eb91cb64e9d2f4043230
2026-09-15 18:52:42,880 [INFO]     🤖⚠️  Verificación anti-bot (no concluyente), se conserva: https://www.opcionempleo.com.ar/jobad/arefffdaed12b6391f775ea8d7e230de50
2026-09-15 18:52:43,129 [INFO]     🤖⚠️  Verificación anti-bot (no concluyente), se conserva: https://www.opcionempleo.com.ar/jobad/ar31dba558d550a40721e678a6891fef50
2026-09-15 18:52:43,131 [INFO]     🤖⚠️  Verificación anti-bot (no concluyente), se conserva: https://www.opcionempleo.com.ar/jobad/ar2323f02549597f752cf7679113cde65c
2026-09-15 18:52:43,133 [INFO]     🤖⚠️  Verificación anti-bot (no concluyente), se conserva: https://www.opcionempleo.com.ar/jobad/arfe204f691242e3ec21dfa50f765b4517
2026-09-15 18:52:43,134 [INFO]     🤖⚠️  Verificación anti-bot (no concluyente), se conserva: https://www.opcionempleo.com.ar/jobad/ar47f3155fb37ca0acd268fbd971cb25f3
2026-09-15 18:52:43,734 [INFO]     🤖⚠️  Verificación anti-bot (no concluyente), se conserva: https://www.opcionempleo.com.ar/jobad/ar785ccc104e0d793cc704bba4c8fec77b
2026-09-15 18:52:43,737 [INFO]     🤖⚠️  Verificación anti-bot (no concluyente), se conserva: https://www.opcionempleo.com.ar/jobad/ar880d6af75518f1da2915af6a93dd9098
2026-09-15 18:52:43,741 [INFO]     🤖⚠️  Verificación anti-bot (no concluyente), se conserva: https://www.opcionempleo.com.ar/jobad/ar344d1059689e8d94201297e0a1dd46dd
2026-09-15 18:52:43,999 [INFO]     🤖⚠️  Verificación anti-bot (no concluyente), se conserva: https://www.opcionempleo.com.ar/jobad/ar51a0f2140b3b92e932fb22851f951aa0
2026-09-15 18:52:44,048 [INFO]     🤖⚠️  Verificación anti-bot (no concluyente), se conserva: https://www.opcionempleo.com.ar/jobad/ar60ecd7782e64cf01d2736809a52da637
2026-09-15 18:52:44,049 [INFO]     🤖⚠️  Verificación anti-bot (no concluyente), se conserva: https://www.opcionempleo.com.ar/jobad/ara7b656e56fc9f5481d5dbcd363b96e6f
2026-09-15 18:52:44,050 [INFO]     🤖⚠️  Verificación anti-bot (no concluyente), se conserva: https://www.opcionempleo.com.ar/jobad/ar72c4eac5cab5e3baa158cd5dba6951b4
2026-09-15 18:52:44,548 [INFO]     🤖⚠️  Verificación anti-bot (no concluyente), se conserva: https://www.opcionempleo.com.ar/jobad/arf9b1ec3c17675a63f3cfde372d903d5f
2026-09-15 18:52:44,575 [INFO]     🤖⚠️  Verificación anti-bot (no concluyente), se conserva: https://www.opcionempleo.com.ar/jobad/ara3285acc7790ce9eb95e0e01a28000ff
2026-09-15 18:52:44,594 [INFO]     🤖⚠️  Verificación anti-bot (no concluyente), se conserva: https://www.opcionempleo.com.ar/jobad/ar5d4e82d21a08c65aa2299904e53ddce6
2026-09-15 18:52:44,863 [INFO]     🤖⚠️  Verificación anti-bot (no concluyente), se conserva: https://www.opcionempleo.com.ar/jobad/ar7df4ca7d4f429d31e69e829745019f39
2026-09-15 18:52:44,871 [INFO]     🤖⚠️  Verificación anti-bot (no concluyente), se conserva: https://www.opcionempleo.com.ar/jobad/ar8ce955af3e0461aae8f07414e912b7d9
2026-09-15 18:52:44,873 [INFO]     🤖⚠️  Verificación anti-bot (no concluyente), se conserva: https://www.opcionempleo.com.ar/jobad/ar3b3f42f3f9f7b17b0845664c1888611a
2026-09-15 18:52:44,875 [INFO]     🤖⚠️  Verificación anti-bot (no concluyente), se conserva: https://www.opcionempleo.com.ar/jobad/ar70ee2b000ff0e543e6619f921714f601
2026-09-15 18:52:45,368 [INFO]     🤖⚠️  Verificación anti-bot (no concluyente), se conserva: https://www.opcionempleo.com.ar/jobad/ar8c1f3e8907e58627b038961446d68505
2026-09-15 18:52:45,372 [INFO]     🤖⚠️  Verificación anti-bot (no concluyente), se conserva: https://www.opcionempleo.com.ar/jobad/ar13683c70ff91b477a6f27ba7093df20f
2026-09-15 18:52:45,387 [INFO]     🤖⚠️  Verificación anti-bot (no concluyente), se conserva: https://www.opcionempleo.com.ar/jobad/ardd3f681cb52bf1bb03cc6d0d5698b664
2026-09-15 18:52:45,498 [INFO]     🤖⚠️  Verificación anti-bot (no concluyente), se conserva: https://www.opcionempleo.com.ar/jobad/ar599aaa58ba3d4c7b8078254a1dc886fe
2026-09-15 18:52:45,776 [INFO]     🤖⚠️  Verificación anti-bot (no concluyente), se conserva: https://www.opcionempleo.com.ar/jobad/arf7d1c8ceeea651a10c6efdb78f36a140
2026-09-15 18:52:45,782 [INFO]     🤖⚠️  Verificación anti-bot (no concluyente), se conserva: https://www.opcionempleo.com.ar/jobad/arb9aed0c89bbe8ed20a170d8be0ed8fbf
2026-09-15 18:52:45,826 [INFO]     🤖⚠️  Verificación anti-bot (no concluyente), se conserva: https://www.opcionempleo.com.ar/jobad/ard9775872c05b0014c3ab4d6bb9ab133a
2026-09-15 18:52:45,835 [INFO]     🤖⚠️  Verificación anti-bot (no concluyente), se conserva: https://www.opcionempleo.com.ar/jobad/ar1418306bf895cef53aa052669dfed59e
2026-09-15 18:52:46,134 [INFO]     🤖⚠️  Verificación anti-bot (no concluyente), se conserva: https://www.opcionempleo.com.ar/jobad/ar55ca864bfaafda5f855089362c3dc0f1
2026-09-15 18:52:46,147 [INFO]     🤖⚠️  Verificación anti-bot (no concluyente), se conserva: https://www.opcionempleo.com.ar/jobad/are56e75a67a87c1890c6424b2f0a27e38
2026-09-15 18:52:46,167 [INFO]     🤖⚠️  Verificación anti-bot (no concluyente), se conserva: https://www.opcionempleo.com.ar/jobad/ar583b682f66eddb9067c86a210323838c
2026-09-15 18:52:46,364 [INFO]     🤖⚠️  Verificación anti-bot (no concluyente), se conserva: https://www.opcionempleo.com.ar/jobad/ar0ec9c8fb1caeb8d487a44c3b9c6075a7
2026-09-15 18:52:46,630 [INFO]     🤖⚠️  Verificación anti-bot (no concluyente), se conserva: https://www.opcionempleo.com.ar/jobad/ar792b80030f3410e58632c44ee7ecfa9d
2026-09-15 18:52:46,632 [INFO]     🤖⚠️  Verificación anti-bot (no concluyente), se conserva: https://www.opcionempleo.com.ar/jobad/ar4b1de4aaafe1584cc4f4208cb37cee1b
2026-09-15 18:52:46,633 [INFO]     🤖⚠️  Verificación anti-bot (no concluyente), se conserva: https://www.opcionempleo.com.ar/jobad/ara7d8f69c0d1c3708ff5cb6a44243ff76
2026-09-15 18:52:46,635 [INFO]     🤖⚠️  Verificación anti-bot (no concluyente), se conserva: https://www.opcionempleo.com.ar/jobad/ar02d5dc371f3b75efaa0b8ced96dde41a
2026-09-15 18:52:47,042 [INFO]     🤖⚠️  Verificación anti-bot (no concluyente), se conserva: https://www.opcionempleo.com.ar/jobad/ar392d7059c561cc490e0a8e1eecff0f9a
2026-09-15 18:52:47,045 [INFO]     🤖⚠️  Verificación anti-bot (no concluyente), se conserva: https://www.opcionempleo.com.ar/jobad/ar67488855dfe0c3a30c01d102cc4856be
2026-09-15 18:52:47,079 [INFO]     🤖⚠️  Verificación anti-bot (no concluyente), se conserva: https://www.opcionempleo.com.ar/jobad/arf814c5bf7d924e2224efa4f27e91db9b
2026-09-15 18:52:47,130 [INFO]     🤖⚠️  Verificación anti-bot (no concluyente), se conserva: https://www.opcionempleo.com.ar/jobad/ar09d56b2dc8f392ad72f85a5fd09a414d
2026-09-15 18:52:47,448 [INFO]     🤖⚠️  Verificación anti-bot (no concluyente), se conserva: https://www.opcionempleo.com.ar/jobad/ar68861674a54153e37b88c1ee3779266f
2026-09-15 18:52:47,461 [INFO]     🤖⚠️  Verificación anti-bot (no concluyente), se conserva: https://www.opcionempleo.com.ar/jobad/ar39611390b66f946a6a0c1288350a8656
2026-09-15 18:52:47,461 [INFO]     🤖⚠️  Verificación anti-bot (no concluyente), se conserva: https://www.opcionempleo.com.ar/jobad/arc0f601d8670e492bac57e09de7aabf6f
2026-09-15 18:52:47,465 [INFO]     🤖⚠️  Verificación anti-bot (no concluyente), se conserva: https://www.opcionempleo.com.ar/jobad/ar65a4a91b432dc5a0f091260bc2f0ab64
2026-09-15 18:52:47,827 [INFO]     🤖⚠️  Verificación anti-bot (no concluyente), se conserva: https://www.opcionempleo.com.ar/jobad/ard62d166d3d27f066ab05487e39e1bf2c
2026-09-15 18:52:47,829 [INFO]     🤖⚠️  Verificación anti-bot (no concluyente), se conserva: https://www.opcionempleo.com.ar/jobad/arc0456b2bdbf2974f0097dda7355640be
2026-09-15 18:52:47,911 [INFO]     🤖⚠️  Verificación anti-bot (no concluyente), se conserva: https://www.opcionempleo.com.ar/jobad/arf880d9069bafa7d63e3364d7384923e3
2026-09-15 18:52:47,946 [INFO]     🤖⚠️  Verificación anti-bot (no concluyente), se conserva: https://www.opcionempleo.com.ar/jobad/ar1edd92d5813f12df62f1ebe903f60f96
2026-09-15 18:52:48,246 [INFO]     🤖⚠️  Verificación anti-bot (no concluyente), se conserva: https://www.opcionempleo.com.ar/jobad/ar276421f7e581ac39a47798f4bdefd5ff
2026-09-15 18:52:48,248 [INFO]     🤖⚠️  Verificación anti-bot (no concluyente), se conserva: https://www.opcionempleo.com.ar/jobad/ar492f4d66ab45adfce4807b37ab7fdf5f
2026-09-15 18:52:48,323 [INFO]     🤖⚠️  Verificación anti-bot (no concluyente), se conserva: https://www.opcionempleo.com.ar/jobad/ar39bce0de408b0a4ed1bbc4cb293821d2
2026-09-15 18:52:48,325 [INFO]     🤖⚠️  Verificación anti-bot (no concluyente), se conserva: https://www.opcionempleo.com.ar/jobad/ar27191f6d90850bf3062d65179e0029b4
2026-09-15 18:52:48,660 [INFO]     🤖⚠️  Verificación anti-bot (no concluyente), se conserva: https://www.opcionempleo.com.ar/jobad/ar9166ea6f7811b7674234c78745917c85
2026-09-15 18:52:48,663 [INFO]     🤖⚠️  Verificación anti-bot (no concluyente), se conserva: https://www.opcionempleo.com.ar/jobad/ar636e75e098e87135fa41c8e7c533458c
2026-09-15 18:52:48,676 [INFO]     🤖⚠️  Verificación anti-bot (no concluyente), se conserva: https://www.opcionempleo.com.ar/jobad/ar52e6f01e455b8b817324868d2fd00880
2026-09-15 18:52:48,977 [INFO]     🤖⚠️  Verificación anti-bot (no concluyente), se conserva: https://www.opcionempleo.com.ar/jobad/ar6f7ce84d31519ac521e2a004464f486f
2026-09-15 18:52:49,260 [INFO]     🤖⚠️  Verificación anti-bot (no concluyente), se conserva: https://www.opcionempleo.com.ar/jobad/ar8c614dcce9703d8290773209bb3cd5ca
2026-09-15 18:52:49,276 [INFO]     🤖⚠️  Verificación anti-bot (no concluyente), se conserva: https://www.opcionempleo.com.ar/jobad/ara701093a0245bf8b885547d8b801d58a
2026-09-15 18:52:49,279 [INFO]     🤖⚠️  Verificación anti-bot (no concluyente), se conserva: https://www.opcionempleo.com.ar/jobad/aradddafd7007791f5963b9c785c7e7e47
2026-09-15 18:52:49,288 [INFO]     🤖⚠️  Verificación anti-bot (no concluyente), se conserva: https://www.opcionempleo.com.ar/jobad/ard4634a4986fec74e6fbbf51ad542fe10
2026-09-15 18:52:49,542 [INFO]     🤖⚠️  Verificación anti-bot (no concluyente), se conserva: https://www.opcionempleo.com.ar/jobad/ar98593d0a457416849dea1bdeb28b9ade
2026-09-15 18:52:49,552 [INFO]     🤖⚠️  Verificación anti-bot (no concluyente), se conserva: https://www.opcionempleo.com.ar/jobad/ar5fe305e65256f9e60f560a62c00e0abb
2026-09-15 18:52:49,567 [INFO]     🤖⚠️  Verificación anti-bot (no concluyente), se conserva: https://www.opcionempleo.com.ar/jobad/ar1669fa9c6d6ab809cfd4ce9cbd324350
2026-09-15 18:52:49,843 [INFO]     🤖⚠️  Verificación anti-bot (no concluyente), se conserva: https://www.opcionempleo.com.ar/jobad/arf96edfb646af4d52a168a8aadac3e050
2026-09-15 18:52:50,070 [INFO]     🤖⚠️  Verificación anti-bot (no concluyente), se conserva: https://www.opcionempleo.com.ar/jobad/ar31634bc8407e82a8d2647a49297278a4
2026-09-15 18:52:50,073 [INFO]     🤖⚠️  Verificación anti-bot (no concluyente), se conserva: https://www.opcionempleo.com.ar/jobad/ar3de4e3033c54981f6b2ac9e5bd167e5e
2026-09-15 18:52:50,074 [INFO]     🤖⚠️  Verificación anti-bot (no concluyente), se conserva: https://www.opcionempleo.com.ar/jobad/arde8d573d0b266436aff5f04108668b7b
2026-09-15 18:53:49,533 [INFO]     🤖⚠️  Verificación anti-bot (no concluyente), se conserva: https://www.opcionempleo.com.ar/jobad/ar28b8daafe7d3aba8772817ea40774a03
2026-09-15 18:53:49,646 [INFO]     🤖⚠️  Verificación anti-bot (no concluyente), se conserva: https://www.opcionempleo.com.ar/jobad/area3af2b12c222eaa5e22a948d93af867
2026-09-15 18:53:49,915 [INFO]     🤖⚠️  Verificación anti-bot (no concluyente), se conserva: https://www.opcionempleo.com.ar/jobad/ar6a097c7e4fbd8271c3b9ad23428ad610
2026-09-15 18:53:49,930 [INFO]     🤖⚠️  Verificación anti-bot (no concluyente), se conserva: https://www.opcionempleo.com.ar/jobad/ar9bb5ce47678772853b8babd1434e4016
2026-09-15 18:53:49,939 [INFO]     🤖⚠️  Verificación anti-bot (no concluyente), se conserva: https://www.opcionempleo.com.ar/jobad/arb88cc580e24a189fec00ae2e43211c56
2026-09-15 18:53:49,957 [INFO]     🤖⚠️  Verificación anti-bot (no concluyente), se conserva: https://www.opcionempleo.com.ar/jobad/arf79efb7129ed7b75b766c06b79f0079b
2026-09-15 18:53:50,318 [INFO]     🤖⚠️  Verificación anti-bot (no concluyente), se conserva: https://www.opcionempleo.com.ar/jobad/ara7e39295df8d3586e317fa89ed1fd4d9
2026-09-15 18:53:50,420 [INFO]     🤖⚠️  Verificación anti-bot (no concluyente), se conserva: https://www.opcionempleo.com.ar/jobad/ar11050f1003aa72fefcea0cf3b4a8f0be
2026-09-15 18:53:50,657 [INFO]     🤖⚠️  Verificación anti-bot (no concluyente), se conserva: https://www.opcionempleo.com.ar/jobad/ar7f361d0f62f5d019a4ba039d877ed236
2026-09-15 18:53:50,713 [INFO]     🤖⚠️  Verificación anti-bot (no concluyente), se conserva: https://www.opcionempleo.com.ar/jobad/arf2ce9c34d7c2a50dc82f6f18c9736f8c
2026-09-15 18:53:50,724 [INFO]     🤖⚠️  Verificación anti-bot (no concluyente), se conserva: https://www.opcionempleo.com.ar/jobad/ar97346abe4a9aa733c152b55e7fdcc21f
2026-09-15 18:53:50,765 [INFO]     🤖⚠️  Verificación anti-bot (no concluyente), se conserva: https://www.opcionempleo.com.ar/jobad/ar78daa6367cffb1439ebef01d9ae09af3
2026-09-15 18:53:50,774 [INFO]     🤖⚠️  Verificación anti-bot (no concluyente), se conserva: https://www.opcionempleo.com.ar/jobad/ar6b0b5b4e4323ccbb3d8c90e1507ee545
2026-09-15 18:53:51,117 [INFO]     🤖⚠️  Verificación anti-bot (no concluyente), se conserva: https://www.opcionempleo.com.ar/jobad/ar8b98d26c54502cf6f99563fc93d8213c
2026-09-15 18:53:51,240 [INFO]     🤖⚠️  Verificación anti-bot (no concluyente), se conserva: https://www.opcionempleo.com.ar/jobad/ar2314c9d10ed082fb68e6250f81daedf0
2026-09-15 18:53:51,416 [INFO]     🤖⚠️  Verificación anti-bot (no concluyente), se conserva: https://www.opcionempleo.com.ar/jobad/ard91d5fdd83a55194a793ff45a4255c10
2026-09-15 18:53:51,492 [INFO]     🤖⚠️  Verificación anti-bot (no concluyente), se conserva: https://www.opcionempleo.com.ar/jobad/ar203dae7c977aab48c8cb9c48e3829695
2026-09-15 18:53:51,517 [INFO]     🤖⚠️  Verificación anti-bot (no concluyente), se conserva: https://www.opcionempleo.com.ar/jobad/ar5e18f0566b5aa7a57df456c7bc60b839
2026-09-15 18:53:51,527 [INFO]     🤖⚠️  Verificación anti-bot (no concluyente), se conserva: https://www.opcionempleo.com.ar/jobad/ared6847e8a584feacb393ded237d1e36d
2026-09-15 18:53:51,531 [INFO]     🤖⚠️  Verificación anti-bot (no concluyente), se conserva: https://www.opcionempleo.com.ar/jobad/ara5f669495579809e15b61490e4e58fc8
2026-09-15 18:53:51,595 [INFO]     🤖⚠️  Verificación anti-bot (no concluyente), se conserva: https://www.opcionempleo.com.ar/jobad/arce30d327a2ce62115d7048b14f5c3180
2026-09-15 18:53:51,860 [INFO]     🤖⚠️  Verificación anti-bot (no concluyente), se conserva: https://www.opcionempleo.com.ar/jobad/ardc16cd178fcaf5b4912d4778f08b54e6
2026-09-15 18:53:52,008 [INFO]     🤖⚠️  Verificación anti-bot (no concluyente), se conserva: https://www.opcionempleo.com.ar/jobad/are6f8b4de89767aa5504e1f15ed6525da
2026-09-15 18:53:52,173 [INFO]     🤖⚠️  Verificación anti-bot (no concluyente), se conserva: https://www.opcionempleo.com.ar/jobad/arbf22f9c8032bc3b9587a0e618bb9cc3f
2026-09-15 18:53:52,237 [INFO]     🤖⚠️  Verificación anti-bot (no concluyente), se conserva: https://www.opcionempleo.com.ar/jobad/ar031a347f939ec2f7515366718bde5fbd
2026-09-15 18:53:52,258 [INFO]     🤖⚠️  Verificación anti-bot (no concluyente), se conserva: https://www.opcionempleo.com.ar/jobad/ar666d7774c5e32b140317991fd48aac50
2026-09-15 18:53:52,280 [INFO]     🤖⚠️  Verificación anti-bot (no concluyente), se conserva: https://www.opcionempleo.com.ar/jobad/ar9470b3ac9477003e735b460c944f100c
2026-09-15 18:53:52,291 [INFO]     🤖⚠️  Verificación anti-bot (no concluyente), se conserva: https://www.opcionempleo.com.ar/jobad/ar0ba514a5a1c76dc4bc4b3f2df3d4e8ea
2026-09-15 18:53:52,332 [INFO]     🤖⚠️  Verificación anti-bot (no concluyente), se conserva: https://www.opcionempleo.com.ar/jobad/arbc20b677e2a91767930bdd55e30b463d
2026-09-15 18:53:52,637 [INFO]     🤖⚠️  Verificación anti-bot (no concluyente), se conserva: https://www.opcionempleo.com.ar/jobad/ar54b94924242d3f16d337640111809ab9
2026-09-15 18:53:52,747 [INFO]     🤖⚠️  Verificación anti-bot (no concluyente), se conserva: https://www.opcionempleo.com.ar/jobad/ar72dc01d21a79973cf3b202d5ea526dd0
2026-09-15 18:53:52,938 [INFO]     🤖⚠️  Verificación anti-bot (no concluyente), se conserva: https://www.opcionempleo.com.ar/jobad/arbac034d640b544021e4ac742a4e79384
2026-09-15 18:53:52,980 [INFO]     🤖⚠️  Verificación anti-bot (no concluyente), se conserva: https://www.opcionempleo.com.ar/jobad/arcb88484a3a022d308524f97c6040aefc
2026-09-15 18:53:53,020 [INFO]     🤖⚠️  Verificación anti-bot (no concluyente), se conserva: https://www.opcionempleo.com.ar/jobad/arb9ded0b35d2db89e453e53bdd6a2dff6
2026-09-15 18:53:53,041 [INFO]     🤖⚠️  Verificación anti-bot (no concluyente), se conserva: https://www.opcionempleo.com.ar/jobad/arc5675a25d97a9b2edb1fdc2e2adab0b1
2026-09-15 18:53:53,054 [INFO]     🤖⚠️  Verificación anti-bot (no concluyente), se conserva: https://www.opcionempleo.com.ar/jobad/arc148f71bc2bf134d15d08472dc2716b4
2026-09-15 18:53:53,092 [INFO]     🤖⚠️  Verificación anti-bot (no concluyente), se conserva: https://www.opcionempleo.com.ar/jobad/ar1749400430297e8dacbb7a8075200940
2026-09-15 18:53:53,401 [INFO]     🤖⚠️  Verificación anti-bot (no concluyente), se conserva: https://www.opcionempleo.com.ar/jobad/arc7586d062c7abe37b30ac2c7c8383684
2026-09-15 18:53:53,489 [INFO]     🤖⚠️  Verificación anti-bot (no concluyente), se conserva: https://www.opcionempleo.com.ar/jobad/arf5c687bcbc8838b05bc71f404be69388
2026-09-15 18:53:53,690 [INFO]     🤖⚠️  Verificación anti-bot (no concluyente), se conserva: https://www.opcionempleo.com.ar/jobad/ar40cafb655d54f78ec334a568059fd103
2026-09-15 18:53:53,742 [INFO]     🤖⚠️  Verificación anti-bot (no concluyente), se conserva: https://www.opcionempleo.com.ar/jobad/aread3b085ea27b73816434f5b42eccb5f
2026-09-15 18:53:53,756 [INFO]     🤖⚠️  Verificación anti-bot (no concluyente), se conserva: https://www.opcionempleo.com.ar/jobad/ar99bbb89e4a5a43af2447d782860cfa2f
2026-09-15 18:53:53,803 [INFO]     🤖⚠️  Verificación anti-bot (no concluyente), se conserva: https://www.opcionempleo.com.ar/jobad/ar0f33aa66f5f976659fe005612c60381f
2026-09-15 18:53:53,805 [INFO]     🤖⚠️  Verificación anti-bot (no concluyente), se conserva: https://www.opcionempleo.com.ar/jobad/ar4635a3a3e3b138bdc1d89377772d69a0
2026-09-15 18:53:53,840 [INFO]     🤖⚠️  Verificación anti-bot (no concluyente), se conserva: https://www.opcionempleo.com.ar/jobad/ar481af1618a2d42086878f646bd130604
2026-09-15 18:53:54,150 [INFO]     🤖⚠️  Verificación anti-bot (no concluyente), se conserva: https://www.opcionempleo.com.ar/jobad/ar091d4ebacca41ab848676890f77272e1
2026-09-15 18:53:54,226 [INFO]     🤖⚠️  Verificación anti-bot (no concluyente), se conserva: https://www.opcionempleo.com.ar/jobad/ar4f6de0ae5886ed8b8b0be03026fcc203
2026-09-15 18:53:54,444 [INFO]     🤖⚠️  Verificación anti-bot (no concluyente), se conserva: https://www.opcionempleo.com.ar/jobad/ar0e84c768d026f60b517f7607b7aeb2c8
2026-09-15 18:53:54,499 [INFO]     🤖⚠️  Verificación anti-bot (no concluyente), se conserva: https://www.opcionempleo.com.ar/jobad/ar539b8d590539ed1a8567d2d582e5b7b0
2026-09-15 18:53:54,506 [INFO]     🤖⚠️  Verificación anti-bot (no concluyente), se conserva: https://www.opcionempleo.com.ar/jobad/ar8c2e4e2b607854626d9a235b520f9e51
2026-09-15 18:53:54,581 [INFO]     🤖⚠️  Verificación anti-bot (no concluyente), se conserva: https://www.opcionempleo.com.ar/jobad/arc2a1488e88f7a937f6db097ea39a4ac1
2026-09-15 18:53:54,589 [INFO]     🤖⚠️  Verificación anti-bot (no concluyente), se conserva: https://www.opcionempleo.com.ar/jobad/arb9667cbf854bfff49932d68b2f236ded
2026-09-15 18:53:54,730 [INFO]     🤖⚠️  Verificación anti-bot (no concluyente), se conserva: https://www.opcionempleo.com.ar/jobad/ar1c1be656c87884231235e04fd9de05f1
2026-09-15 18:53:55,004 [INFO]     🤖⚠️  Verificación anti-bot (no concluyente), se conserva: https://www.opcionempleo.com.ar/jobad/ar7a8fb6275982b37fc9884804fe9c3aa2
2026-09-15 18:53:55,085 [INFO]     🤖⚠️  Verificación anti-bot (no concluyente), se conserva: https://www.opcionempleo.com.ar/jobad/ar3250b6e881b8b9a6c3ded6449ca7de81
2026-09-15 18:53:55,370 [INFO]     🤖⚠️  Verificación anti-bot (no concluyente), se conserva: https://www.opcionempleo.com.ar/jobad/ar29af43e8006aaf56b2e6346c483be370
2026-09-15 18:53:55,373 [INFO]     🤖⚠️  Verificación anti-bot (no concluyente), se conserva: https://www.opcionempleo.com.ar/jobad/ar052e5281a842120c8e8a385d335e0aad
2026-09-15 18:53:55,375 [INFO]     🤖⚠️  Verificación anti-bot (no concluyente), se conserva: https://www.opcionempleo.com.ar/jobad/arb541d461d7f8633f442aeda44f8722ab
2026-09-15 18:53:55,505 [INFO]     🤖⚠️  Verificación anti-bot (no concluyente), se conserva: https://www.opcionempleo.com.ar/jobad/araec6b3d20d7be2f2119c709e5acecadf
2026-09-15 18:53:55,587 [INFO]     🤖⚠️  Verificación anti-bot (no concluyente), se conserva: https://www.opcionempleo.com.ar/jobad/are0eb8eeeee6813097663f903b33164ad
2026-09-15 18:53:55,588 [INFO]     🤖⚠️  Verificación anti-bot (no concluyente), se conserva: https://www.opcionempleo.com.ar/jobad/ar49e5e08813c346f191707a61eaa820b3
2026-09-15 18:53:55,957 [INFO]     🤖⚠️  Verificación anti-bot (no concluyente), se conserva: https://www.opcionempleo.com.ar/jobad/ar1470eb7b5c135da6258fbf12f9715727
2026-09-15 18:53:56,007 [INFO]     🤖⚠️  Verificación anti-bot (no concluyente), se conserva: https://www.opcionempleo.com.ar/jobad/ar08c6088a2f4763a63f4a6564ea6829c8
2026-09-15 18:53:56,236 [INFO]     🤖⚠️  Verificación anti-bot (no concluyente), se conserva: https://www.opcionempleo.com.ar/jobad/ar8f8db9debbb48840cdc317b7374b8ccc
2026-09-15 18:53:56,245 [INFO]     🤖⚠️  Verificación anti-bot (no concluyente), se conserva: https://www.opcionempleo.com.ar/jobad/arb40849c63ec48f132e1fe6703f7ae360
2026-09-15 18:53:56,366 [INFO]     🤖⚠️  Verificación anti-bot (no concluyente), se conserva: https://www.opcionempleo.com.ar/jobad/ar1fd43aef932b5a6bc70c5a6e4407ef46
2026-09-15 18:53:56,395 [INFO]     🤖⚠️  Verificación anti-bot (no concluyente), se conserva: https://www.opcionempleo.com.ar/jobad/ar7a668e7aeb2fba409e11d9f592d83fcf
2026-09-15 18:53:56,558 [INFO]     🤖⚠️  Verificación anti-bot (no concluyente), se conserva: https://www.opcionempleo.com.ar/jobad/ar013dd81f5bdec5eb911ec83375523bf8
2026-09-15 18:53:56,560 [INFO]     🤖⚠️  Verificación anti-bot (no concluyente), se conserva: https://www.opcionempleo.com.ar/jobad/ar06dc4ed032f92e3052fd5e9e2a1731d5
2026-09-15 18:53:56,826 [INFO]     🤖⚠️  Verificación anti-bot (no concluyente), se conserva: https://www.opcionempleo.com.ar/jobad/arf91ef936e8bb811b71c0d7c82a129874
2026-09-15 18:53:56,856 [INFO]     🤖⚠️  Verificación anti-bot (no concluyente), se conserva: https://www.opcionempleo.com.ar/jobad/ara4bf68c62641d37968a956cab48ac156
2026-09-15 18:53:57,132 [INFO]     🤖⚠️  Verificación anti-bot (no concluyente), se conserva: https://www.opcionempleo.com.ar/jobad/ar78e9bddb4b742dd069d3096619bc333c
2026-09-15 18:53:57,150 [INFO]     🤖⚠️  Verificación anti-bot (no concluyente), se conserva: https://www.opcionempleo.com.ar/jobad/ar47f73ca3fa43ecf768d3d789b6963b29
2026-09-15 18:53:57,246 [INFO]     🤖⚠️  Verificación anti-bot (no concluyente), se conserva: https://www.opcionempleo.com.ar/jobad/ar89d3b38e862a44a15767074010fc7184
2026-09-15 18:53:57,260 [INFO]     🤖⚠️  Verificación anti-bot (no concluyente), se conserva: https://www.opcionempleo.com.ar/jobad/ar393ac2e6ebd79b67402da49df6145cbc
2026-09-15 18:53:57,296 [INFO]     🤖⚠️  Verificación anti-bot (no concluyente), se conserva: https://www.opcionempleo.com.ar/jobad/ar7b2a93514e66c49783ae4cd62f018f19
2026-09-15 18:53:57,299 [INFO]     🤖⚠️  Verificación anti-bot (no concluyente), se conserva: https://www.opcionempleo.com.ar/jobad/ar85e1f0d018d6c7060ec9562ec60d3327
2026-09-15 18:53:57,663 [INFO]     🤖⚠️  Verificación anti-bot (no concluyente), se conserva: https://www.opcionempleo.com.ar/jobad/ar06984c0a22a6bf508a5c4c1bd028269e
2026-09-15 18:53:57,740 [INFO]     🤖⚠️  Verificación anti-bot (no concluyente), se conserva: https://www.opcionempleo.com.ar/jobad/arcb77ba88157cea98982beb39d89fc79c
2026-09-15 18:53:57,900 [INFO]     🤖⚠️  Verificación anti-bot (no concluyente), se conserva: https://www.opcionempleo.com.ar/jobad/ar1817e1b58d947590f0dd9e7977b7e9a5
2026-09-15 18:53:57,907 [INFO]     🤖⚠️  Verificación anti-bot (no concluyente), se conserva: https://www.opcionempleo.com.ar/jobad/ara9497849e543965e80f0a2d7c141eae7
2026-09-15 18:53:57,985 [INFO]     🤖⚠️  Verificación anti-bot (no concluyente), se conserva: https://www.opcionempleo.com.ar/jobad/arfce286d5cc6b958fab6303567f6e7efc
2026-09-15 18:53:58,009 [INFO]     🤖⚠️  Verificación anti-bot (no concluyente), se conserva: https://www.opcionempleo.com.ar/jobad/ar1dd1f583f42d3289398a989048abcbb0
2026-09-15 18:53:58,042 [INFO]     🤖⚠️  Verificación anti-bot (no concluyente), se conserva: https://www.opcionempleo.com.ar/jobad/ar73c6a88e86ec67c8bc04476f331e10de
2026-09-15 18:53:58,053 [INFO]     🤖⚠️  Verificación anti-bot (no concluyente), se conserva: https://www.opcionempleo.com.ar/jobad/are43b79cacf7a0f104c97b50fff0b1e9e
2026-09-15 18:53:58,435 [INFO]     🤖⚠️  Verificación anti-bot (no concluyente), se conserva: https://www.opcionempleo.com.ar/jobad/ar58c3f7a5b3a2d75a16a7d593cd9a2ea6
2026-09-15 18:53:58,510 [INFO]     🤖⚠️  Verificación anti-bot (no concluyente), se conserva: https://www.opcionempleo.com.ar/jobad/ar67389a50487da79c2b663bc37e7de15c
2026-09-15 18:53:58,652 [INFO]     🤖⚠️  Verificación anti-bot (no concluyente), se conserva: https://www.opcionempleo.com.ar/jobad/ar59ac68a9d208aa19ced5bd11b4d804a1
2026-09-15 18:53:58,665 [INFO]     🤖⚠️  Verificación anti-bot (no concluyente), se conserva: https://www.opcionempleo.com.ar/jobad/ar0019d5e2d9e9f05c42179621d3e8d289
2026-09-15 18:53:58,740 [INFO]     🤖⚠️  Verificación anti-bot (no concluyente), se conserva: https://www.opcionempleo.com.ar/jobad/ar148732a2536550a55eeaf3848b911cdc
2026-09-15 18:53:58,762 [INFO]     🤖⚠️  Verificación anti-bot (no concluyente), se conserva: https://www.opcionempleo.com.ar/jobad/ar167d28b69c12d65af5043f156513d7f3
2026-09-15 18:53:58,770 [INFO]     🤖⚠️  Verificación anti-bot (no concluyente), se conserva: https://www.opcionempleo.com.ar/jobad/ar175499539591c8cde3be195fd3e22488
2026-09-15 18:53:58,789 [INFO]     🤖⚠️  Verificación anti-bot (no concluyente), se conserva: https://www.opcionempleo.com.ar/jobad/ar0e143b091450aea2a4ff72140a0eebca
2026-09-15 18:53:59,191 [INFO]     🤖⚠️  Verificación anti-bot (no concluyente), se conserva: https://www.opcionempleo.com.ar/jobad/ar14d94ac862772e6444aaac965ca2c782
2026-09-15 18:53:59,293 [INFO]     🤖⚠️  Verificación anti-bot (no concluyente), se conserva: https://www.opcionempleo.com.ar/jobad/arf43494e915fd9dbe55d917ce9ca55b32
2026-09-15 18:53:59,404 [INFO]     🤖⚠️  Verificación anti-bot (no concluyente), se conserva: https://www.opcionempleo.com.ar/jobad/ard10bd03ad169b37c33a24e19792e0d39
2026-09-15 18:53:59,435 [INFO]     🤖⚠️  Verificación anti-bot (no concluyente), se conserva: https://www.opcionempleo.com.ar/jobad/ar389985cb6878d0b7c2d0f81b4ceba85f
2026-09-15 18:53:59,488 [INFO]     🤖⚠️  Verificación anti-bot (no concluyente), se conserva: https://www.opcionempleo.com.ar/jobad/ar6c73b1a5ed1579d115ebcfc54d1bd419
2026-09-15 18:53:59,513 [INFO]     🤖⚠️  Verificación anti-bot (no concluyente), se conserva: https://www.opcionempleo.com.ar/jobad/ar818a19894b0ffb1dc6f92868e6b65c84
2026-09-15 18:53:59,531 [INFO]     🤖⚠️  Verificación anti-bot (no concluyente), se conserva: https://www.opcionempleo.com.ar/jobad/ara4a69865a52ca7b71ed8f7030440b5a4
2026-09-15 18:53:59,538 [INFO]     🤖⚠️  Verificación anti-bot (no concluyente), se conserva: https://www.opcionempleo.com.ar/jobad/ar8384b72e905f2c52294cfcfce2594838
2026-09-15 18:53:59,969 [INFO]     🤖⚠️  Verificación anti-bot (no concluyente), se conserva: https://www.opcionempleo.com.ar/jobad/arc1524be4698d163661b187047e5ad909
2026-09-15 18:54:00,047 [INFO]     🤖⚠️  Verificación anti-bot (no concluyente), se conserva: https://www.opcionempleo.com.ar/jobad/ar3ed0af7015906302dd316a7567cb3ff8
2026-09-15 18:54:00,174 [INFO]     🤖⚠️  Verificación anti-bot (no concluyente), se conserva: https://www.opcionempleo.com.ar/jobad/ar430770c2b19171d20888c9e84796e196
2026-09-15 18:54:00,196 [INFO]     🤖⚠️  Verificación anti-bot (no concluyente), se conserva: https://www.opcionempleo.com.ar/jobad/arf214ace4ce90b5463138fbb4147eecfa
2026-09-15 18:54:00,225 [INFO]     🤖⚠️  Verificación anti-bot (no concluyente), se conserva: https://www.opcionempleo.com.ar/jobad/ar7266e47474bb5d0ab745b946d70180cf
2026-09-15 18:54:00,265 [INFO]     🤖⚠️  Verificación anti-bot (no concluyente), se conserva: https://www.opcionempleo.com.ar/jobad/ar3b607fa5ebadbafba3b97252cf94c1b5
2026-09-15 18:54:00,266 [INFO]     🤖⚠️  Verificación anti-bot (no concluyente), se conserva: https://www.opcionempleo.com.ar/jobad/ar11aa913c4a23114c4fb845b549b09f98
2026-09-15 18:54:00,271 [INFO]     🤖⚠️  Verificación anti-bot (no concluyente), se conserva: https://www.opcionempleo.com.ar/jobad/ar8a4a7274bc11e05738ad19d8bf48ad09
2026-09-15 18:54:00,714 [INFO]     🤖⚠️  Verificación anti-bot (no concluyente), se conserva: https://www.opcionempleo.com.ar/jobad/ar47d5429b28386b731e93abcfcd2a6b42
2026-09-15 18:54:00,798 [INFO]     🤖⚠️  Verificación anti-bot (no concluyente), se conserva: https://www.opcionempleo.com.ar/jobad/ar3e7c0f751889ba387771a9dce2c3d1e3
2026-09-15 18:54:00,930 [INFO]     🤖⚠️  Verificación anti-bot (no concluyente), se conserva: https://www.opcionempleo.com.ar/jobad/ard61232712a00fb5bba27562c971f2d0d
2026-09-15 18:54:00,949 [INFO]     🤖⚠️  Verificación anti-bot (no concluyente), se conserva: https://www.opcionempleo.com.ar/jobad/ar4f913a0834eb0b27c4d3c2912859924d
2026-09-15 18:54:00,961 [INFO]     🤖⚠️  Verificación anti-bot (no concluyente), se conserva: https://www.opcionempleo.com.ar/jobad/ar621ff7c22770f99e70bfc312d7f93a82
2026-09-15 18:54:01,009 [INFO]     🤖⚠️  Verificación anti-bot (no concluyente), se conserva: https://www.opcionempleo.com.ar/jobad/ar22bc245bab4390e390425d56cda57fa9
2026-09-15 18:54:01,015 [INFO]     🤖⚠️  Verificación anti-bot (no concluyente), se conserva: https://www.opcionempleo.com.ar/jobad/are72e8fe93b20a950d01b161b33a37e5a
2026-09-15 18:54:01,025 [INFO]     🤖⚠️  Verificación anti-bot (no concluyente), se conserva: https://www.opcionempleo.com.ar/jobad/ar0e3de15c9d8e7af64891ff99b5459556
2026-09-15 18:54:01,464 [INFO]     🤖⚠️  Verificación anti-bot (no concluyente), se conserva: https://www.opcionempleo.com.ar/jobad/ar66d05efcbaa16c8e634a75559c0648e1
2026-09-15 18:54:01,555 [INFO]     🤖⚠️  Verificación anti-bot (no concluyente), se conserva: https://www.opcionempleo.com.ar/jobad/ar903b15d3c2b92076293b844e4b7cdae4
2026-09-15 18:54:01,720 [INFO]     🤖⚠️  Verificación anti-bot (no concluyente), se conserva: https://www.opcionempleo.com.ar/jobad/arccb4083370433e3d9c47b442706e4707
2026-09-15 18:54:01,760 [INFO]     🤖⚠️  Verificación anti-bot (no concluyente), se conserva: https://www.opcionempleo.com.ar/jobad/ar2282036b1030839434422d0b34830e07
2026-09-15 18:54:01,789 [INFO]     🤖⚠️  Verificación anti-bot (no concluyente), se conserva: https://www.opcionempleo.com.ar/jobad/ar5861c503331d15f142b2d380e45bb740
2026-09-15 18:54:01,789 [INFO]     🤖⚠️  Verificación anti-bot (no concluyente), se conserva: https://www.opcionempleo.com.ar/jobad/ar47457530314e6d53b0ae12e5f7218ed9
2026-09-15 18:54:01,797 [INFO]     🤖⚠️  Verificación anti-bot (no concluyente), se conserva: https://www.opcionempleo.com.ar/jobad/ar9ecb6bbdd7deb4f9c49577c97db4417b
2026-09-15 18:54:01,801 [INFO]     🤖⚠️  Verificación anti-bot (no concluyente), se conserva: https://www.opcionempleo.com.ar/jobad/ar6bb4a79ad298bbc06577695e8082a930
2026-09-15 18:54:02,189 [INFO]     🤖⚠️  Verificación anti-bot (no concluyente), se conserva: https://www.opcionempleo.com.ar/jobad/ar95b1d664ccb417a3af11c89cd0611089
2026-09-15 18:54:02,318 [INFO]     🤖⚠️  Verificación anti-bot (no concluyente), se conserva: https://www.opcionempleo.com.ar/jobad/ar9837771cbb6a28682d64addd5eb9f313
2026-09-15 18:54:02,484 [INFO]     🤖⚠️  Verificación anti-bot (no concluyente), se conserva: https://www.opcionempleo.com.ar/jobad/ar30d56ec7605ba69cdca9bad639c37bc4
2026-09-15 18:54:02,505 [INFO]     🤖⚠️  Verificación anti-bot (no concluyente), se conserva: https://www.opcionempleo.com.ar/jobad/ar773199316aec8fa33a055566b44c7ce0
2026-09-15 18:54:02,524 [INFO]     🤖⚠️  Verificación anti-bot (no concluyente), se conserva: https://www.opcionempleo.com.ar/jobad/ar5b68e932325df1384abe67c81b5a869f
2026-09-15 18:54:02,533 [INFO]     🤖⚠️  Verificación anti-bot (no concluyente), se conserva: https://www.opcionempleo.com.ar/jobad/ar2bbb8f12358f8d9313492410889a3d43
2026-09-15 18:54:02,534 [INFO]     🤖⚠️  Verificación anti-bot (no concluyente), se conserva: https://www.opcionempleo.com.ar/jobad/ar450091acb79e2b3a93d88b00e029ff9c
2026-09-15 18:54:02,593 [INFO]     🤖⚠️  Verificación anti-bot (no concluyente), se conserva: https://www.opcionempleo.com.ar/jobad/ar1898dc8deec5f178377567ced6e9b7ca
2026-09-15 18:54:02,933 [INFO]     🤖⚠️  Verificación anti-bot (no concluyente), se conserva: https://www.opcionempleo.com.ar/jobad/ar044f7a9deb60480f24c71ba8c9ba4b3f
2026-09-15 18:54:03,113 [INFO]     🤖⚠️  Verificación anti-bot (no concluyente), se conserva: https://www.opcionempleo.com.ar/jobad/areaba71e578668397e439195f0a526316
2026-09-15 18:54:03,247 [INFO]     🤖⚠️  Verificación anti-bot (no concluyente), se conserva: https://www.opcionempleo.com.ar/jobad/ar73824f812c1d690463ddf514f31a5299
2026-09-15 18:54:03,265 [INFO]     🤖⚠️  Verificación anti-bot (no concluyente), se conserva: https://www.opcionempleo.com.ar/jobad/ar69d1297dbed6078aa05f6103e4549e93
2026-09-15 18:54:03,274 [INFO]     🤖⚠️  Verificación anti-bot (no concluyente), se conserva: https://www.opcionempleo.com.ar/jobad/ard113addd479dab8702af82b84d62ec0a
2026-09-15 18:54:03,308 [INFO]     🤖⚠️  Verificación anti-bot (no concluyente), se conserva: https://www.opcionempleo.com.ar/jobad/ar85c0433435286679c61a0a65f73714c2
2026-09-15 18:54:03,310 [INFO]     🤖⚠️  Verificación anti-bot (no concluyente), se conserva: https://www.opcionempleo.com.ar/jobad/are213327ae36f14724e5fac759284cdb3
2026-09-15 18:54:03,343 [INFO]     🤖⚠️  Verificación anti-bot (no concluyente), se conserva: https://www.opcionempleo.com.ar/jobad/ar294236e63c176be6decd55bff92c38e5
2026-09-15 18:54:03,749 [INFO]     🤖⚠️  Verificación anti-bot (no concluyente), se conserva: https://www.opcionempleo.com.ar/jobad/ar4ea3f852cd8448a574a970c5cbaa0e67
2026-09-15 18:54:03,849 [INFO]     🤖⚠️  Verificación anti-bot (no concluyente), se conserva: https://www.opcionempleo.com.ar/jobad/are2af827c5a7ddca9752ce637ba0d24f8
2026-09-15 18:54:04,040 [INFO]     🤖⚠️  Verificación anti-bot (no concluyente), se conserva: https://www.opcionempleo.com.ar/jobad/ar3a2d97ebad6f5f67d54939d344cf2e62
2026-09-15 18:54:04,047 [INFO]     🤖⚠️  Verificación anti-bot (no concluyente), se conserva: https://www.opcionempleo.com.ar/jobad/ar33dc592c6856c1464262489c47d84d32
2026-09-15 18:54:04,054 [INFO]     🤖⚠️  Verificación anti-bot (no concluyente), se conserva: https://www.opcionempleo.com.ar/jobad/arf81b3dcaeb0e3773b6b9d84ff5175664
2026-09-15 18:54:04,065 [INFO]     🤖⚠️  Verificación anti-bot (no concluyente), se conserva: https://www.opcionempleo.com.ar/jobad/aradfc926a0ce8c17168c45972063b6892
2026-09-15 18:54:04,079 [INFO]     🤖⚠️  Verificación anti-bot (no concluyente), se conserva: https://www.opcionempleo.com.ar/jobad/ardaaed1206fb579d41ee36a175204fc51
2026-09-15 18:54:04,118 [INFO]     🤖⚠️  Verificación anti-bot (no concluyente), se conserva: https://www.opcionempleo.com.ar/jobad/ar93a086c9ab4e3f24f259f392a972de9c
2026-09-15 18:54:04,505 [INFO]     🤖⚠️  Verificación anti-bot (no concluyente), se conserva: https://www.opcionempleo.com.ar/jobad/ar11824857a3c6f8e29a2f4bbf17bd528e
2026-09-15 18:54:04,594 [INFO]     🤖⚠️  Verificación anti-bot (no concluyente), se conserva: https://www.opcionempleo.com.ar/jobad/arddc7f6bd687d1f85d6395aeb1d57ae2e
2026-09-15 18:54:04,819 [INFO]     🤖⚠️  Verificación anti-bot (no concluyente), se conserva: https://www.opcionempleo.com.ar/jobad/ar19a628cf1271eee31c65fca78bdc3fe6
2026-09-15 18:54:04,835 [INFO]     🤖⚠️  Verificación anti-bot (no concluyente), se conserva: https://www.opcionempleo.com.ar/jobad/ar9de67810c43556eb89f3ec190684d392
2026-09-15 18:54:04,849 [INFO]     🤖⚠️  Verificación anti-bot (no concluyente), se conserva: https://www.opcionempleo.com.ar/jobad/arc40b2a8cfedb88ba3d36baf2b5b127b2
2026-09-15 18:54:04,866 [INFO]     🤖⚠️  Verificación anti-bot (no concluyente), se conserva: https://www.opcionempleo.com.ar/jobad/arb50448e60e5c743c1736a5c6876ebbc8
2026-09-15 18:54:04,873 [INFO]     🤖⚠️  Verificación anti-bot (no concluyente), se conserva: https://www.opcionempleo.com.ar/jobad/ar51ac56a00731ab43170dc35c9f092bff
2026-09-15 18:54:05,301 [INFO]     🤖⚠️  Verificación anti-bot (no concluyente), se conserva: https://www.opcionempleo.com.ar/jobad/ar88eac9aca11f5dc6a4162be278da3cf5
2026-09-15 18:54:05,407 [INFO]     🤖⚠️  Verificación anti-bot (no concluyente), se conserva: https://www.opcionempleo.com.ar/jobad/ara21b11a48681f8bebe47c72f68356fda
2026-09-15 18:54:05,566 [INFO]     🤖⚠️  Verificación anti-bot (no concluyente), se conserva: https://www.opcionempleo.com.ar/jobad/ar3f44ea0c67efb4b2e4f0dc98e2404e8d
2026-09-15 18:54:05,605 [INFO]     🤖⚠️  Verificación anti-bot (no concluyente), se conserva: https://www.opcionempleo.com.ar/jobad/arede93708a6f0641208e0eee0007cc0d5
2026-09-15 18:54:05,622 [INFO]     🤖⚠️  Verificación anti-bot (no concluyente), se conserva: https://www.opcionempleo.com.ar/jobad/ar241d3c44b60fde2405ac1ac1d6cc50c7
2026-09-15 18:54:05,632 [INFO]     🤖⚠️  Verificación anti-bot (no concluyente), se conserva: https://www.opcionempleo.com.ar/jobad/ar22ca0c131e857c7c8994888ea80ca59f
2026-09-15 18:54:05,658 [INFO]     🤖⚠️  Verificación anti-bot (no concluyente), se conserva: https://www.opcionempleo.com.ar/jobad/ar85a706c7ae485950c44bf9b237d5547f
2026-09-15 18:54:05,929 [INFO]     🤖⚠️  Verificación anti-bot (no concluyente), se conserva: https://www.opcionempleo.com.ar/jobad/ar5afadd81e4399d3236c70acd0e1e6499
2026-09-15 18:54:06,064 [INFO]     🤖⚠️  Verificación anti-bot (no concluyente), se conserva: https://www.opcionempleo.com.ar/jobad/arce7666c827e09f289da086ec99a5a2a6
2026-09-15 18:54:06,171 [INFO]     🤖⚠️  Verificación anti-bot (no concluyente), se conserva: https://www.opcionempleo.com.ar/jobad/ar976878e63f8b769dfe07d4fad5d5da67
2026-09-15 18:54:06,343 [INFO]     🤖⚠️  Verificación anti-bot (no concluyente), se conserva: https://www.opcionempleo.com.ar/jobad/ard4fec2a2ffe2f6d3b6793473b8fa0ce4
2026-09-15 18:54:06,412 [INFO]     🤖⚠️  Verificación anti-bot (no concluyente), se conserva: https://www.opcionempleo.com.ar/jobad/ar0597775bc3765628a695d91aad124c06
2026-09-15 18:54:06,432 [INFO]     🤖⚠️  Verificación anti-bot (no concluyente), se conserva: https://www.opcionempleo.com.ar/jobad/ar26f327e374d57832ad142330b3c9146b
2026-09-15 18:54:06,437 [INFO]     🤖⚠️  Verificación anti-bot (no concluyente), se conserva: https://www.opcionempleo.com.ar/jobad/ar91ba2d6ec7bedc881b2edf16027e3e00
2026-09-15 18:54:06,468 [INFO]     🤖⚠️  Verificación anti-bot (no concluyente), se conserva: https://www.opcionempleo.com.ar/jobad/ar06dae08721bfd425953a9b774da63e0e
2026-09-15 18:54:06,689 [INFO]     🤖⚠️  Verificación anti-bot (no concluyente), se conserva: https://www.opcionempleo.com.ar/jobad/ar038e7336e376c9df750247a7f9a4c8cf
2026-09-15 18:54:06,851 [INFO]     🤖⚠️  Verificación anti-bot (no concluyente), se conserva: https://www.opcionempleo.com.ar/jobad/arf4c09a3b0b2f6c939414213ea7bd1025
2026-09-15 18:54:06,997 [INFO]     🤖⚠️  Verificación anti-bot (no concluyente), se conserva: https://www.opcionempleo.com.ar/jobad/ard20451ecc08962959287acbd256f119c
2026-09-15 18:54:07,093 [INFO]     🤖⚠️  Verificación anti-bot (no concluyente), se conserva: https://www.opcionempleo.com.ar/jobad/ar18fdef92ad10681560ab0ea35f7d1705
2026-09-15 18:54:07,177 [INFO]     🤖⚠️  Verificación anti-bot (no concluyente), se conserva: https://www.opcionempleo.com.ar/jobad/are9ca50855189b4b8ace76a75cb7870ed
2026-09-15 18:54:07,187 [INFO]     🤖⚠️  Verificación anti-bot (no concluyente), se conserva: https://www.opcionempleo.com.ar/jobad/arca4d886e26d3b0c8399f76c5bf2d4ecf
2026-09-15 18:54:07,213 [INFO]     🤖⚠️  Verificación anti-bot (no concluyente), se conserva: https://www.opcionempleo.com.ar/jobad/ar6428cf4b135e6279cd549ef023a8adbf
2026-09-15 18:54:07,232 [INFO]     🤖⚠️  Verificación anti-bot (no concluyente), se conserva: https://www.opcionempleo.com.ar/jobad/ar6bfa374582feefbf0cdae9aa157abc1c
2026-09-15 18:54:07,411 [INFO]     🤖⚠️  Verificación anti-bot (no concluyente), se conserva: https://www.opcionempleo.com.ar/jobad/arc6314a2e946680c440ad2b997e0d9940
2026-09-15 18:54:07,618 [INFO]     🤖⚠️  Verificación anti-bot (no concluyente), se conserva: https://www.opcionempleo.com.ar/jobad/ar1591fbc774a4e6a6ab4eab75901c6bf9
2026-09-15 18:54:07,742 [INFO]     🤖⚠️  Verificación anti-bot (no concluyente), se conserva: https://www.opcionempleo.com.ar/jobad/ar24789ee9cb5e79bb0048363c71463044
2026-09-15 18:54:07,848 [INFO]     🤖⚠️  Verificación anti-bot (no concluyente), se conserva: https://www.opcionempleo.com.ar/jobad/ar587f8147d18e89b7cc517408fe3b098a
2026-09-15 18:54:07,915 [INFO]     🤖⚠️  Verificación anti-bot (no concluyente), se conserva: https://www.opcionempleo.com.ar/jobad/ar17abeea6fd508790a993432f97e20b9a
2026-09-15 18:54:07,948 [INFO]     🤖⚠️  Verificación anti-bot (no concluyente), se conserva: https://www.opcionempleo.com.ar/jobad/ar9ae7b0862eaa139dd19ae486181dd605
2026-09-15 18:54:07,955 [INFO]     🤖⚠️  Verificación anti-bot (no concluyente), se conserva: https://www.opcionempleo.com.ar/jobad/ar3b736307c0755ecf772e8ce5d97fb33d
2026-09-15 18:54:07,983 [INFO]     🤖⚠️  Verificación anti-bot (no concluyente), se conserva: https://www.opcionempleo.com.ar/jobad/ara9040b4fcfdc2b83913e411d2d2b1831
2026-09-15 18:54:08,173 [INFO]     🤖⚠️  Verificación anti-bot (no concluyente), se conserva: https://www.opcionempleo.com.ar/jobad/arcea724db12487b160c4ff495f67ee93f
2026-09-15 18:54:08,369 [INFO]     🤖⚠️  Verificación anti-bot (no concluyente), se conserva: https://www.opcionempleo.com.ar/jobad/arbe609ac7e088285aa336f2f60c466dd1
2026-09-15 18:54:08,486 [INFO]     🤖⚠️  Verificación anti-bot (no concluyente), se conserva: https://www.opcionempleo.com.ar/jobad/arb8255bf34f7d00cdb11c09509a6a6cc0
2026-09-15 18:54:08,623 [INFO]     🤖⚠️  Verificación anti-bot (no concluyente), se conserva: https://www.opcionempleo.com.ar/jobad/arb9511ff7061be519e7980c8a87a1913d
2026-09-15 18:54:08,685 [INFO]     🤖⚠️  Verificación anti-bot (no concluyente), se conserva: https://www.opcionempleo.com.ar/jobad/ar316d9db78dea2bd5e9635cb4820d81e9
2026-09-15 18:54:08,692 [INFO]     🤖⚠️  Verificación anti-bot (no concluyente), se conserva: https://www.opcionempleo.com.ar/jobad/aref390870a10ff9333d3868501977f1fe
2026-09-15 18:54:08,719 [INFO]     🤖⚠️  Verificación anti-bot (no concluyente), se conserva: https://www.opcionempleo.com.ar/jobad/arfe005976548dfdbc6556aaac16eff3b5
2026-09-15 18:54:08,732 [INFO]     🤖⚠️  Verificación anti-bot (no concluyente), se conserva: https://www.opcionempleo.com.ar/jobad/ar1d4acb412275603ba71822717b64b1b2
2026-09-15 18:54:08,922 [INFO]     🤖⚠️  Verificación anti-bot (no concluyente), se conserva: https://www.opcionempleo.com.ar/jobad/areaab31e00321cd50bd214751c7d4f8bd
2026-09-15 18:54:09,137 [INFO]     🤖⚠️  Verificación anti-bot (no concluyente), se conserva: https://www.opcionempleo.com.ar/jobad/arcfe4cb3bdb6e6b8c5771ddf861010030
2026-09-15 18:54:09,252 [INFO]     🤖⚠️  Verificación anti-bot (no concluyente), se conserva: https://www.opcionempleo.com.ar/jobad/ar279a1b282250bea7de1e773abf93b631
2026-09-15 18:54:09,389 [INFO]     🤖⚠️  Verificación anti-bot (no concluyente), se conserva: https://www.opcionempleo.com.ar/jobad/ar77e17226d485d3d772905a3aa1af8ccf
2026-09-15 18:54:09,446 [INFO]     🤖⚠️  Verificación anti-bot (no concluyente), se conserva: https://www.opcionempleo.com.ar/jobad/ar72cb88b05f46edd9c76363d028a9d0ad
2026-09-15 18:54:09,452 [INFO]     🤖⚠️  Verificación anti-bot (no concluyente), se conserva: https://www.opcionempleo.com.ar/jobad/ardf510b1bae58db73e0de0715092e9d46
2026-09-15 18:54:09,481 [INFO]     🤖⚠️  Verificación anti-bot (no concluyente), se conserva: https://www.opcionempleo.com.ar/jobad/ar5498152b42d2a91b2bf20b55674cde08
2026-09-15 18:54:09,494 [INFO]     🤖⚠️  Verificación anti-bot (no concluyente), se conserva: https://www.opcionempleo.com.ar/jobad/ar76a098d9c1037831678510e388941661
2026-09-15 18:54:09,659 [INFO]     🤖⚠️  Verificación anti-bot (no concluyente), se conserva: https://www.opcionempleo.com.ar/jobad/arb11122b5a12cf1468f2f3a15ea948c25
2026-09-15 18:54:09,915 [INFO]     🤖⚠️  Verificación anti-bot (no concluyente), se conserva: https://www.opcionempleo.com.ar/jobad/ar1804d42df361c9a7542afeff23b554b8
2026-09-15 18:54:09,991 [INFO]     🤖⚠️  Verificación anti-bot (no concluyente), se conserva: https://www.opcionempleo.com.ar/jobad/ar03b5e65e43e6c4351bb5e25358329979
2026-09-15 18:54:10,135 [INFO]     🤖⚠️  Verificación anti-bot (no concluyente), se conserva: https://www.opcionempleo.com.ar/jobad/ar3280bdbb1ad2d70767f3f5e3488c7fe0
2026-09-15 18:54:10,211 [INFO]     🤖⚠️  Verificación anti-bot (no concluyente), se conserva: https://www.opcionempleo.com.ar/jobad/ar966cc79a745e2a9ed3615dc692854a5e
2026-09-15 18:54:10,218 [INFO]     🤖⚠️  Verificación anti-bot (no concluyente), se conserva: https://www.opcionempleo.com.ar/jobad/ar497a946c0fbac8f3b3bdb22261e294de
2026-09-15 18:54:10,233 [INFO]     🤖⚠️  Verificación anti-bot (no concluyente), se conserva: https://www.opcionempleo.com.ar/jobad/arf35de5712d1c69d8feda9b23c2c31976
2026-09-15 18:54:10,268 [INFO]     🤖⚠️  Verificación anti-bot (no concluyente), se conserva: https://www.opcionempleo.com.ar/jobad/ared667509da9a356029949059c2c71dee
2026-09-15 18:54:10,453 [INFO]     🤖⚠️  Verificación anti-bot (no concluyente), se conserva: https://www.opcionempleo.com.ar/jobad/ar0971c45573bdf3b440d9d6770a95dde5
2026-09-15 18:54:10,690 [INFO]     🤖⚠️  Verificación anti-bot (no concluyente), se conserva: https://www.opcionempleo.com.ar/jobad/arb6d3aea6df005306cb6a78f9d882ac7d
2026-09-15 18:54:10,774 [INFO]     🤖⚠️  Verificación anti-bot (no concluyente), se conserva: https://www.opcionempleo.com.ar/jobad/arb670d35beda1b4107980d78cd4a7d5a0
2026-09-15 18:54:10,900 [INFO]     🤖⚠️  Verificación anti-bot (no concluyente), se conserva: https://www.opcionempleo.com.ar/jobad/ard92f17fe1c1503f7e2a8e340ccf82a01
2026-09-15 18:54:10,962 [INFO]     🤖⚠️  Verificación anti-bot (no concluyente), se conserva: https://www.opcionempleo.com.ar/jobad/ar01dafad75f929ea85b6226b762b8d85e
2026-09-15 18:54:11,007 [INFO]     🤖⚠️  Verificación anti-bot (no concluyente), se conserva: https://www.opcionempleo.com.ar/jobad/aracb618b7ebcef0b9d2b6866e2f8a129d
2026-09-15 18:54:11,012 [INFO]     🤖⚠️  Verificación anti-bot (no concluyente), se conserva: https://www.opcionempleo.com.ar/jobad/arb4ffb36e666837faa0004f125ff17017
2026-09-15 18:54:11,034 [INFO]     🤖⚠️  Verificación anti-bot (no concluyente), se conserva: https://www.opcionempleo.com.ar/jobad/ar3fdc8b165d29ccca93984bdeb9206787
2026-09-15 18:54:11,202 [INFO]     🤖⚠️  Verificación anti-bot (no concluyente), se conserva: https://www.opcionempleo.com.ar/jobad/ar5f981511f9022b2d9eee131d2437034b
2026-09-15 18:54:11,429 [INFO]     🤖⚠️  Verificación anti-bot (no concluyente), se conserva: https://www.opcionempleo.com.ar/jobad/ar470cc5d080e6a4808a2058b617abc046
2026-09-15 18:54:11,520 [INFO]     🤖⚠️  Verificación anti-bot (no concluyente), se conserva: https://www.opcionempleo.com.ar/jobad/ar9e8509d620864f278c4a0a6e41aa860d
2026-09-15 18:54:11,633 [INFO]     🤖⚠️  Verificación anti-bot (no concluyente), se conserva: https://www.opcionempleo.com.ar/jobad/ar272ce065fdbddce756a85fd0b5d42d1e
2026-09-15 18:54:11,767 [INFO]     🤖⚠️  Verificación anti-bot (no concluyente), se conserva: https://www.opcionempleo.com.ar/jobad/arefa6da534b50887dab68fddffdbb3bfd
2026-09-15 18:54:11,778 [INFO]     🤖⚠️  Verificación anti-bot (no concluyente), se conserva: https://www.opcionempleo.com.ar/jobad/ar19ab6fbc444ac0b35bf9bed8ef0f347c
2026-09-15 18:54:11,790 [INFO]     🤖⚠️  Verificación anti-bot (no concluyente), se conserva: https://www.opcionempleo.com.ar/jobad/ara13bf6b2b095ca559559e88adc2d2600
2026-09-15 18:54:11,795 [INFO]     🤖⚠️  Verificación anti-bot (no concluyente), se conserva: https://www.opcionempleo.com.ar/jobad/arab1ef8f9a682330fc16151fe78539618
2026-09-15 18:54:11,976 [INFO]     🤖⚠️  Verificación anti-bot (no concluyente), se conserva: https://www.opcionempleo.com.ar/jobad/araa0a622fa6df68da6f8cb826c8b0df83
2026-09-15 18:54:12,181 [INFO]     🤖⚠️  Verificación anti-bot (no concluyente), se conserva: https://www.opcionempleo.com.ar/jobad/arb927afe47e09a58fb74a524b12f77aa6
2026-09-15 18:54:12,309 [INFO]     🤖⚠️  Verificación anti-bot (no concluyente), se conserva: https://www.opcionempleo.com.ar/jobad/ard9259727f44c51d2cc90e2b29e81a6c7
2026-09-15 18:54:12,401 [INFO]     🤖⚠️  Verificación anti-bot (no concluyente), se conserva: https://www.opcionempleo.com.ar/jobad/arc40462dd215d5f91820701fa818354f4
2026-09-15 18:54:12,515 [INFO]     🤖⚠️  Verificación anti-bot (no concluyente), se conserva: https://www.opcionempleo.com.ar/jobad/ar007b69bd8a862f4743ae7fa77fb0866a
2026-09-15 18:54:12,533 [INFO]     🤖⚠️  Verificación anti-bot (no concluyente), se conserva: https://www.opcionempleo.com.ar/jobad/arbbc2292255b712b78c1dfdf252477063
2026-09-15 18:54:12,544 [INFO]     🤖⚠️  Verificación anti-bot (no concluyente), se conserva: https://www.opcionempleo.com.ar/jobad/ar41571f91c8196b82922b7d8860704a45
2026-09-15 18:54:12,555 [INFO]     🤖⚠️  Verificación anti-bot (no concluyente), se conserva: https://www.opcionempleo.com.ar/jobad/ar5a4aadbe199e704c4f8c987a0405bd76
2026-09-15 18:54:12,728 [INFO]     🤖⚠️  Verificación anti-bot (no concluyente), se conserva: https://www.opcionempleo.com.ar/jobad/are08e0649a2ce624870ba5dab6acceca5
2026-09-15 18:54:12,930 [INFO]     🤖⚠️  Verificación anti-bot (no concluyente), se conserva: https://www.opcionempleo.com.ar/jobad/ar37b484957f48770be7aab4551a82bccd
2026-09-15 18:54:13,083 [INFO]     🤖⚠️  Verificación anti-bot (no concluyente), se conserva: https://www.opcionempleo.com.ar/jobad/ar665cd09ef546ae6346131743fde4ebf4
2026-09-15 18:54:13,205 [INFO]     🤖⚠️  Verificación anti-bot (no concluyente), se conserva: https://www.opcionempleo.com.ar/jobad/are2c365429bc0803e8c47277c342fe022
2026-09-15 18:54:13,276 [INFO]     🤖⚠️  Verificación anti-bot (no concluyente), se conserva: https://www.opcionempleo.com.ar/jobad/ar1a25951b2a9adc119ad93db22219e4ea
2026-09-15 18:54:13,282 [INFO]     🤖⚠️  Verificación anti-bot (no concluyente), se conserva: https://www.opcionempleo.com.ar/jobad/aradcfc39d7b47a8e164a73b2cb6519871
2026-09-15 18:54:13,297 [INFO]     🤖⚠️  Verificación anti-bot (no concluyente), se conserva: https://www.opcionempleo.com.ar/jobad/ar9b34e647972be4607ec3482deb118f7e
2026-09-15 18:54:13,303 [INFO]     🤖⚠️  Verificación anti-bot (no concluyente), se conserva: https://www.opcionempleo.com.ar/jobad/arb3c4db800455a366a90a0f4bb0ec03ea
2026-09-15 18:54:13,499 [INFO]     🤖⚠️  Verificación anti-bot (no concluyente), se conserva: https://www.opcionempleo.com.ar/jobad/ar5b7c60195733f5209cb24a5c1e1e98f3
2026-09-15 18:54:13,689 [INFO]     🤖⚠️  Verificación anti-bot (no concluyente), se conserva: https://www.opcionempleo.com.ar/jobad/ar597a00e71ddd9acdeb6c3f9fe10177b8
2026-09-15 18:54:13,857 [INFO]     🤖⚠️  Verificación anti-bot (no concluyente), se conserva: https://www.opcionempleo.com.ar/jobad/ar43ae4ac43bdb5b973ec7374fce672750
2026-09-15 18:54:13,977 [INFO]     🤖⚠️  Verificación anti-bot (no concluyente), se conserva: https://www.opcionempleo.com.ar/jobad/ar77856e7ce5a3a7569844eece843d8ca7
2026-09-15 18:54:14,049 [INFO]     🤖⚠️  Verificación anti-bot (no concluyente), se conserva: https://www.opcionempleo.com.ar/jobad/ard05aa311f7db38947fa04861d69368aa
2026-09-15 18:54:14,056 [INFO]     🤖⚠️  Verificación anti-bot (no concluyente), se conserva: https://www.opcionempleo.com.ar/jobad/arba1aaaec896b3d0a7e0779139ee40a90
2026-09-15 18:54:14,064 [INFO]     🤖⚠️  Verificación anti-bot (no concluyente), se conserva: https://www.opcionempleo.com.ar/jobad/ar4550ee4e63d6c914f5f6646f801917e3
2026-09-15 18:54:14,079 [INFO]     🤖⚠️  Verificación anti-bot (no concluyente), se conserva: https://www.opcionempleo.com.ar/jobad/ar59d7cdde1972f76eab9388297b27ed35
2026-09-15 18:54:14,258 [INFO]     🤖⚠️  Verificación anti-bot (no concluyente), se conserva: https://www.opcionempleo.com.ar/jobad/ar359b9c0163758f008c6fe9ba8a651dc0
2026-09-15 18:54:14,493 [INFO]     🤖⚠️  Verificación anti-bot (no concluyente), se conserva: https://www.opcionempleo.com.ar/jobad/ar2a5a6fecef0feeca4f50e04a7b39d7f3
2026-09-15 18:54:14,618 [INFO]     🤖⚠️  Verificación anti-bot (no concluyente), se conserva: https://www.opcionempleo.com.ar/jobad/ar04dd1abd5f2b2d3ceee2a72f488fb482
2026-09-15 18:54:14,768 [INFO]     🤖⚠️  Verificación anti-bot (no concluyente), se conserva: https://www.opcionempleo.com.ar/jobad/aredd4bd892b114584232357c5f41d3711
2026-09-15 18:54:14,795 [INFO]     🤖⚠️  Verificación anti-bot (no concluyente), se conserva: https://www.opcionempleo.com.ar/jobad/ar11fb340658a6505709ffbb60f38d5b0e
2026-09-15 18:54:14,809 [INFO]     🤖⚠️  Verificación anti-bot (no concluyente), se conserva: https://www.opcionempleo.com.ar/jobad/arf833062880822928273fc4673a26ed81
2026-09-15 18:54:14,822 [INFO]     🤖⚠️  Verificación anti-bot (no concluyente), se conserva: https://www.opcionempleo.com.ar/jobad/ar97c591abb81f8d1a7773fdf89cf4e06a
2026-09-15 18:54:14,883 [INFO]     🤖⚠️  Verificación anti-bot (no concluyente), se conserva: https://www.opcionempleo.com.ar/jobad/ar09241155e26ec230caf70f2253b08b28
2026-09-15 18:54:15,022 [INFO]     🤖⚠️  Verificación anti-bot (no concluyente), se conserva: https://www.opcionempleo.com.ar/jobad/arff22e25a4aeb082c026054e602263783
2026-09-15 18:54:15,290 [INFO]     🤖⚠️  Verificación anti-bot (no concluyente), se conserva: https://www.opcionempleo.com.ar/jobad/ar1c40f29b9192bea935fb3465631c6e8d
2026-09-15 18:54:15,413 [INFO]     🤖⚠️  Verificación anti-bot (no concluyente), se conserva: https://www.opcionempleo.com.ar/jobad/ar6888b76ea60bca53bea8e81547028a82
2026-09-15 18:54:15,545 [INFO]     🤖⚠️  Verificación anti-bot (no concluyente), se conserva: https://www.opcionempleo.com.ar/jobad/ard9960d10cce8e2a03993c6023258f5ce
2026-09-15 18:54:15,607 [INFO]     🤖⚠️  Verificación anti-bot (no concluyente), se conserva: https://www.opcionempleo.com.ar/jobad/ar92b17f247b8e8952a34da5efe0cdc2a5
2026-09-15 18:54:15,627 [INFO]     🤖⚠️  Verificación anti-bot (no concluyente), se conserva: https://www.opcionempleo.com.ar/jobad/ard833f596ad5facbaa2d81b8147a8500d
2026-09-15 18:54:15,657 [INFO]     🤖⚠️  Verificación anti-bot (no concluyente), se conserva: https://www.opcionempleo.com.ar/jobad/ar562d26249bf685f2a4001bdd52b01152
2026-09-15 18:54:15,898 [INFO]     🤖⚠️  Verificación anti-bot (no concluyente), se conserva: https://www.opcionempleo.com.ar/jobad/are2c7e99c312727229fd58c28e1c29991
2026-09-15 18:54:16,088 [INFO]     🤖⚠️  Verificación anti-bot (no concluyente), se conserva: https://www.opcionempleo.com.ar/jobad/ar6fc3a5c9b263c7cfc49749065226c5cb
2026-09-15 18:54:16,314 [INFO]     🤖⚠️  Verificación anti-bot (no concluyente), se conserva: https://www.opcionempleo.com.ar/jobad/ar92233c8b317cbab0246a3a41c136ff05
2026-09-15 18:54:16,419 [INFO]     🤖⚠️  Verificación anti-bot (no concluyente), se conserva: https://www.opcionempleo.com.ar/jobad/ar9391f465275068385deec2869a0c9b5f
2026-09-15 18:54:16,433 [INFO]     🤖⚠️  Verificación anti-bot (no concluyente), se conserva: https://www.opcionempleo.com.ar/jobad/ar14316812490cf8e6019fbfb486d54f74
2026-09-15 18:54:16,480 [INFO]     🤖⚠️  Verificación anti-bot (no concluyente), se conserva: https://www.opcionempleo.com.ar/jobad/arf162762c3721522425450c6d197f4e6f
2026-09-15 18:54:16,579 [INFO]     🤖⚠️  Verificación anti-bot (no concluyente), se conserva: https://www.opcionempleo.com.ar/jobad/arda9d5029f6117eb51b8c113a1780ea46
2026-09-15 18:54:16,718 [INFO]     🤖⚠️  Verificación anti-bot (no concluyente), se conserva: https://www.opcionempleo.com.ar/jobad/ard8a2c8f688bfc5208fd5be58ce219905
2026-09-15 18:54:16,844 [INFO]     🤖⚠️  Verificación anti-bot (no concluyente), se conserva: https://www.opcionempleo.com.ar/jobad/ar9893bb5c2d6840dac40e3b4e4588e632
2026-09-15 18:54:17,097 [INFO]     🤖⚠️  Verificación anti-bot (no concluyente), se conserva: https://www.opcionempleo.com.ar/jobad/aref83959a68ee18250a4115e54964a6bd
2026-09-15 18:54:17,173 [INFO]     🤖⚠️  Verificación anti-bot (no concluyente), se conserva: https://www.opcionempleo.com.ar/jobad/ar7699c146e5aa459df4bb6f23a5d7b5dc
2026-09-15 18:54:17,175 [INFO]     🤖⚠️  Verificación anti-bot (no concluyente), se conserva: https://www.opcionempleo.com.ar/jobad/ar97e2997bda05b0cb6bfa16e3ace015e5
2026-09-15 18:54:17,304 [INFO]     🤖⚠️  Verificación anti-bot (no concluyente), se conserva: https://www.opcionempleo.com.ar/jobad/ar77afa476aae600884733e50abf707b17
2026-09-15 18:54:17,325 [INFO]     🤖⚠️  Verificación anti-bot (no concluyente), se conserva: https://www.opcionempleo.com.ar/jobad/ard613ccd79112d4da393207ce1b3dde55
2026-09-15 18:54:17,549 [INFO]     🤖⚠️  Verificación anti-bot (no concluyente), se conserva: https://www.opcionempleo.com.ar/jobad/ar337558ca5cf5efe7bf2d3901792d2c24
2026-09-15 18:54:17,619 [INFO]     🤖⚠️  Verificación anti-bot (no concluyente), se conserva: https://www.opcionempleo.com.ar/jobad/arf42cdb6259fc6fbe547f918740fae3f2
2026-09-15 18:54:17,938 [INFO]     🤖⚠️  Verificación anti-bot (no concluyente), se conserva: https://www.opcionempleo.com.ar/jobad/arac78f7e17547ee9402c4cc8f82247a8f
2026-09-15 18:54:18,000 [INFO]     🤖⚠️  Verificación anti-bot (no concluyente), se conserva: https://www.opcionempleo.com.ar/jobad/ar567b4e04661e8e2282a1f53e40d3149c
2026-09-15 18:54:18,101 [INFO]     🤖⚠️  Verificación anti-bot (no concluyente), se conserva: https://www.opcionempleo.com.ar/jobad/araa8857eff6f5cfd61b7ad372b17a6d16
2026-09-15 18:54:18,206 [INFO]     🤖⚠️  Verificación anti-bot (no concluyente), se conserva: https://www.opcionempleo.com.ar/jobad/arfd5e6f12e08342a74fc68dcb5af52a11
2026-09-15 18:54:18,380 [INFO]     🤖⚠️  Verificación anti-bot (no concluyente), se conserva: https://www.opcionempleo.com.ar/jobad/ar8cb37703b5e7ed4b5f01de5dd259d419
2026-09-15 18:54:18,391 [INFO]     🤖⚠️  Verificación anti-bot (no concluyente), se conserva: https://www.opcionempleo.com.ar/jobad/ar4a62ab080bff88f18aca386f4c2ecb30
2026-09-15 18:54:18,423 [INFO]     🤖⚠️  Verificación anti-bot (no concluyente), se conserva: https://www.opcionempleo.com.ar/jobad/ar6edc2e731d49620be141d4cbfa7ed975
2026-09-15 18:54:18,742 [INFO]     🤖⚠️  Verificación anti-bot (no concluyente), se conserva: https://www.opcionempleo.com.ar/jobad/ar135dd54b07e1e239096eea90c27027b9
2026-09-15 18:54:18,751 [INFO]     🤖⚠️  Verificación anti-bot (no concluyente), se conserva: https://www.opcionempleo.com.ar/jobad/ar99965eee66182854cfc68e357247fc5f
2026-09-15 18:54:18,929 [INFO]     🤖⚠️  Verificación anti-bot (no concluyente), se conserva: https://www.opcionempleo.com.ar/jobad/ara749dee4119c161e5b73c0782f0dbcd3
2026-09-15 18:54:19,025 [INFO]     🤖⚠️  Verificación anti-bot (no concluyente), se conserva: https://www.opcionempleo.com.ar/jobad/ar57a6ef81798ed245dc43f14c395112c3
2026-09-15 18:54:19,140 [INFO]     🤖⚠️  Verificación anti-bot (no concluyente), se conserva: https://www.opcionempleo.com.ar/jobad/ar52d6982aeb3af5846b35463f0387e385
2026-09-15 18:54:19,147 [INFO]     🤖⚠️  Verificación anti-bot (no concluyente), se conserva: https://www.opcionempleo.com.ar/jobad/areaadadd3670e34f79bd603a723d63191
2026-09-15 18:54:19,270 [INFO]     🤖⚠️  Verificación anti-bot (no concluyente), se conserva: https://www.opcionempleo.com.ar/jobad/ar39fa8288c90fc1ad43352c66dfa7a975
2026-09-15 18:54:19,680 [INFO]     🤖⚠️  Verificación anti-bot (no concluyente), se conserva: https://www.opcionempleo.com.ar/jobad/ar380996889bcadb403fbd6f6478c535d0
2026-09-15 18:54:19,720 [INFO]     🤖⚠️  Verificación anti-bot (no concluyente), se conserva: https://www.opcionempleo.com.ar/jobad/are926d756485f04a8b5421f5d0b107b54
2026-09-15 18:54:19,835 [INFO]     🤖⚠️  Verificación anti-bot (no concluyente), se conserva: https://www.opcionempleo.com.ar/jobad/arfcad6a264325c727d38517649c6edb0e
2026-09-15 18:54:19,939 [INFO]     🤖⚠️  Verificación anti-bot (no concluyente), se conserva: https://www.opcionempleo.com.ar/jobad/arf61545838365c88e3e60c9003c5be4f5
2026-09-15 18:54:19,944 [INFO]     🤖⚠️  Verificación anti-bot (no concluyente), se conserva: https://www.opcionempleo.com.ar/jobad/ara372418a6c052107c128ec81edf03435
2026-09-15 18:54:20,091 [INFO]     🤖⚠️  Verificación anti-bot (no concluyente), se conserva: https://www.opcionempleo.com.ar/jobad/ar4989cc6d1eb3834fbb5d6cd3b31f4f75
2026-09-15 18:54:20,515 [INFO]     🤖⚠️  Verificación anti-bot (no concluyente), se conserva: https://www.opcionempleo.com.ar/jobad/arbd807191b635e5f3b2c694b23e9d42e3
2026-09-15 18:54:20,527 [INFO]     🤖⚠️  Verificación anti-bot (no concluyente), se conserva: https://www.opcionempleo.com.ar/jobad/arb8c54b68ea23ad2c04031653d283bc0b
2026-09-15 18:54:20,542 [INFO]     🤖⚠️  Verificación anti-bot (no concluyente), se conserva: https://www.opcionempleo.com.ar/jobad/ar3897714e5ca9db7b600237c6ff8de861
2026-09-15 18:54:20,647 [INFO]     🤖⚠️  Verificación anti-bot (no concluyente), se conserva: https://www.opcionempleo.com.ar/jobad/ar11f968d55cebad47e49834123d143867
2026-09-15 18:54:20,738 [INFO]     🤖⚠️  Verificación anti-bot (no concluyente), se conserva: https://www.opcionempleo.com.ar/jobad/ar85d801037fd874d897dc159fc271093f
2026-09-15 18:54:21,247 [INFO]     🤖⚠️  Verificación anti-bot (no concluyente), se conserva: https://www.opcionempleo.com.ar/jobad/arcffbf1422338f87f7165619aaa416f89
2026-09-15 18:54:21,255 [INFO]     🤖⚠️  Verificación anti-bot (no concluyente), se conserva: https://www.opcionempleo.com.ar/jobad/ard4d36c596505b965c6382693038a5717
2026-09-15 18:54:21,351 [INFO]     🤖⚠️  Verificación anti-bot (no concluyente), se conserva: https://www.opcionempleo.com.ar/jobad/ar1bbe1d6e6acbbc933d86cd0e34589aef
2026-09-15 18:54:21,389 [INFO]     🤖⚠️  Verificación anti-bot (no concluyente), se conserva: https://www.opcionempleo.com.ar/jobad/ar5758a49c0577958388114a190f565c99
2026-09-15 18:54:21,474 [INFO]     🤖⚠️  Verificación anti-bot (no concluyente), se conserva: https://www.opcionempleo.com.ar/jobad/arac332612f0f35910c7781d6a2b31fb2e
2026-09-15 18:54:21,939 [INFO]     🤖⚠️  Verificación anti-bot (no concluyente), se conserva: https://www.opcionempleo.com.ar/jobad/ar488a94e36400dd1eed4c3a1cd77842ad
2026-09-15 18:54:22,068 [INFO]     🤖⚠️  Verificación anti-bot (no concluyente), se conserva: https://www.opcionempleo.com.ar/jobad/ar2974a0dac2323a881e33bdbd3c03421b
2026-09-15 18:54:22,070 [INFO]     🤖⚠️  Verificación anti-bot (no concluyente), se conserva: https://www.opcionempleo.com.ar/jobad/ara6ba1944c0cc0a6106b31ea7bf3918f9
2026-09-15 18:54:22,163 [INFO]     🤖⚠️  Verificación anti-bot (no concluyente), se conserva: https://www.opcionempleo.com.ar/jobad/ar90d89fde3ed5c7f8085c5977fc5946eb
2026-09-15 18:54:22,181 [INFO]     🤖⚠️  Verificación anti-bot (no concluyente), se conserva: https://www.opcionempleo.com.ar/jobad/ar77358e542b970600623a31360c2cae40
2026-09-15 18:54:22,212 [INFO]     🤖⚠️  Verificación anti-bot (no concluyente), se conserva: https://www.opcionempleo.com.ar/jobad/ar49993b8ca2581e9fb00a1d2893291f0e
2026-09-15 18:54:22,247 [INFO]     🤖⚠️  Verificación anti-bot (no concluyente), se conserva: https://www.opcionempleo.com.ar/jobad/arefb7cc838156ed2344986d68c3885357
2026-09-15 18:54:22,776 [INFO]     🤖⚠️  Verificación anti-bot (no concluyente), se conserva: https://www.opcionempleo.com.ar/jobad/ar404ac2f6c7f18858212860e40faf8e41
2026-09-15 18:54:22,872 [INFO]     🤖⚠️  Verificación anti-bot (no concluyente), se conserva: https://www.opcionempleo.com.ar/jobad/ar88ed0c23edd41ebd1516d86a50a007cc
2026-09-15 18:54:22,978 [INFO]     🤖⚠️  Verificación anti-bot (no concluyente), se conserva: https://www.opcionempleo.com.ar/jobad/arc30a5b06cd13d1278513201c31626335
2026-09-15 18:54:22,990 [INFO]     🤖⚠️  Verificación anti-bot (no concluyente), se conserva: https://www.opcionempleo.com.ar/jobad/arb4f60813aadae32bc1a5790d01e8241a
2026-09-15 18:54:23,052 [INFO]     🤖⚠️  Verificación anti-bot (no concluyente), se conserva: https://www.opcionempleo.com.ar/jobad/ar87e3bb08b767b0492dd9dbef08099173
2026-09-15 18:54:23,698 [INFO]     🤖⚠️  Verificación anti-bot (no concluyente), se conserva: https://www.opcionempleo.com.ar/jobad/ar229fe54632c663a20097d86a85fff2d6
2026-09-15 18:54:23,879 [INFO]     🤖⚠️  Verificación anti-bot (no concluyente), se conserva: https://www.opcionempleo.com.ar/jobad/ar6429b1b92d5dca36d6f2db86f78da222
2026-09-15 18:54:23,914 [INFO]     🤖⚠️  Verificación anti-bot (no concluyente), se conserva: https://www.opcionempleo.com.ar/jobad/ar340785695f4096a2495b5b577621b1e7
2026-09-15 18:54:24,032 [INFO]     🤖⚠️  Verificación anti-bot (no concluyente), se conserva: https://www.opcionempleo.com.ar/jobad/are702d3e3d108536936891b2941dde88c
2026-09-15 18:54:24,571 [INFO]     🤖⚠️  Verificación anti-bot (no concluyente), se conserva: https://www.opcionempleo.com.ar/jobad/ar1e59f5ef08c4bfcf2f2602b5c8b690c2
2026-09-15 18:54:24,645 [INFO]     🤖⚠️  Verificación anti-bot (no concluyente), se conserva: https://www.opcionempleo.com.ar/jobad/ar2d7384a7c4e7459e8d0ef21aead7aa5f
2026-09-15 18:54:24,666 [INFO]     🤖⚠️  Verificación anti-bot (no concluyente), se conserva: https://www.opcionempleo.com.ar/jobad/ar09de11cff3f0907e01bfbf3d583eb998
2026-09-15 18:54:24,847 [INFO]     🤖⚠️  Verificación anti-bot (no concluyente), se conserva: https://www.opcionempleo.com.ar/jobad/arbc54577fc4780f21f12ad78fdfe8f851
2026-09-15 18:54:25,340 [INFO]     🤖⚠️  Verificación anti-bot (no concluyente), se conserva: https://www.opcionempleo.com.ar/jobad/ar3f3aa2fb8521a8f68096817c63f1cf71
2026-09-15 18:54:25,410 [INFO]     🤖⚠️  Verificación anti-bot (no concluyente), se conserva: https://www.opcionempleo.com.ar/jobad/arb9c14872d07e52c9a19d9eee913420f9
2026-09-15 18:54:25,412 [INFO]     🤖⚠️  Verificación anti-bot (no concluyente), se conserva: https://www.opcionempleo.com.ar/jobad/ar3b348b9cbc84a22062159f7da3c2aa51
2026-09-15 18:54:25,463 [INFO]     🤖⚠️  Verificación anti-bot (no concluyente), se conserva: https://www.opcionempleo.com.ar/jobad/arb4ce1a2cdb3e72f94d9ba95a267efc90
2026-09-15 18:54:25,765 [INFO]     🤖⚠️  Verificación anti-bot (no concluyente), se conserva: https://www.opcionempleo.com.ar/jobad/ar1abe93e09fb48b29bb6e3f3fd68a8946
2026-09-15 18:54:26,167 [INFO]     🤖⚠️  Verificación anti-bot (no concluyente), se conserva: https://www.opcionempleo.com.ar/jobad/ar2ad4175617bd870db4c4d63b33bc217e
2026-09-15 18:54:26,241 [INFO]     🤖⚠️  Verificación anti-bot (no concluyente), se conserva: https://www.opcionempleo.com.ar/jobad/ar8f40c0e3e0c48756b87b2fbce58075a1
2026-09-15 18:54:26,252 [INFO]     🤖⚠️  Verificación anti-bot (no concluyente), se conserva: https://www.opcionempleo.com.ar/jobad/ar474b845a9966dc99c89deaedf272ab07
2026-09-15 18:54:26,262 [INFO]     🤖⚠️  Verificación anti-bot (no concluyente), se conserva: https://www.opcionempleo.com.ar/jobad/ar7e7881ba76f0880f4e54afdfb155d213
2026-09-15 18:54:26,672 [INFO]     🤖⚠️  Verificación anti-bot (no concluyente), se conserva: https://www.opcionempleo.com.ar/jobad/ar4991219e04480d9135c8552d0310cd55
2026-09-15 18:54:26,892 [INFO]     🤖⚠️  Verificación anti-bot (no concluyente), se conserva: https://www.opcionempleo.com.ar/jobad/araca4d3bd905a1df261aebe66bb3fbffe
2026-09-15 18:54:27,049 [INFO]     🤖⚠️  Verificación anti-bot (no concluyente), se conserva: https://www.opcionempleo.com.ar/jobad/are230b04f5f6a07e225a4d185dc52b4d3
2026-09-15 18:54:27,074 [INFO]     🤖⚠️  Verificación anti-bot (no concluyente), se conserva: https://www.opcionempleo.com.ar/jobad/ar7dfc49c093bd0ac1e9f39fbe2c3c9a6e
2026-09-15 18:54:27,290 [INFO]     🤖⚠️  Verificación anti-bot (no concluyente), se conserva: https://www.opcionempleo.com.ar/jobad/ar311a16002f8a7f7c3fc17b0bd5dee5f9
2026-09-15 18:54:27,562 [INFO]     🤖⚠️  Verificación anti-bot (no concluyente), se conserva: https://www.opcionempleo.com.ar/jobad/ar3e4d44cbd454a884b9ffd1af004dd926
2026-09-15 18:54:27,570 [INFO]     🤖⚠️  Verificación anti-bot (no concluyente), se conserva: https://www.opcionempleo.com.ar/jobad/ar0edb5be493749fce7471191808943db3
2026-09-15 18:54:27,641 [INFO]     🤖⚠️  Verificación anti-bot (no concluyente), se conserva: https://www.opcionempleo.com.ar/jobad/are1081f2b3003e7435255c9670e8939bb
2026-09-15 18:54:27,927 [INFO]     🤖⚠️  Verificación anti-bot (no concluyente), se conserva: https://www.opcionempleo.com.ar/jobad/arae47f793e56c2cce66506a27a73e69bc
2026-09-15 18:54:28,103 [INFO]     🤖⚠️  Verificación anti-bot (no concluyente), se conserva: https://www.opcionempleo.com.ar/jobad/ar0f680255298cfac7d11d08991c755ead
2026-09-15 18:54:28,313 [INFO]     🤖⚠️  Verificación anti-bot (no concluyente), se conserva: https://www.opcionempleo.com.ar/jobad/ard318cc69f8e65bfc202cd54f45d10d0c
2026-09-15 18:54:28,517 [INFO]     🤖⚠️  Verificación anti-bot (no concluyente), se conserva: https://www.opcionempleo.com.ar/jobad/are8b9cd59ad9c7156c0ed79fab5bbc70f
2026-09-15 18:54:28,732 [INFO]     🤖⚠️  Verificación anti-bot (no concluyente), se conserva: https://www.opcionempleo.com.ar/jobad/ar7cd00ac0d2b3aec06337a2cb36e5fe59
2026-09-15 18:54:28,862 [INFO]     🤖⚠️  Verificación anti-bot (no concluyente), se conserva: https://www.opcionempleo.com.ar/jobad/ar02cbc1635c86d0b9955505dd23487c46
2026-09-15 18:54:29,006 [INFO]     🤖⚠️  Verificación anti-bot (no concluyente), se conserva: https://www.opcionempleo.com.ar/jobad/arb524485681dcfc6104ead8f0e3ea4db9
2026-09-15 18:54:29,008 [INFO]     🤖⚠️  Verificación anti-bot (no concluyente), se conserva: https://www.opcionempleo.com.ar/jobad/ar001e1b6b355c400c64ff968f7b63c0c7
2026-09-15 18:54:29,046 [INFO]     🤖⚠️  Verificación anti-bot (no concluyente), se conserva: https://www.opcionempleo.com.ar/jobad/ar9088abee86e250bdcb13847049e09fd4
2026-09-15 18:54:29,337 [INFO]     🤖⚠️  Verificación anti-bot (no concluyente), se conserva: https://www.opcionempleo.com.ar/jobad/arbb4de033b644bd3092d6aa8cd1de39f7
2026-09-15 18:54:29,722 [INFO]     🤖⚠️  Verificación anti-bot (no concluyente), se conserva: https://www.opcionempleo.com.ar/jobad/ar6cdbbf56524de96d10645ab4d661f16e
2026-09-15 18:54:29,837 [INFO]     🤖⚠️  Verificación anti-bot (no concluyente), se conserva: https://www.opcionempleo.com.ar/jobad/ar1c17e8588eb4a3c12df99416fe024818
2026-09-15 18:54:29,850 [INFO]     🤖⚠️  Verificación anti-bot (no concluyente), se conserva: https://www.opcionempleo.com.ar/jobad/ar1dc59f68f08cb66d83e176a4f3f5d250
2026-09-15 18:54:30,197 [INFO]     🤖⚠️  Verificación anti-bot (no concluyente), se conserva: https://www.opcionempleo.com.ar/jobad/ar6bf1e02bdbb498fab2a410e2bd45947f
2026-09-15 18:54:30,591 [INFO]     🤖⚠️  Verificación anti-bot (no concluyente), se conserva: https://www.opcionempleo.com.ar/jobad/ar721668cd40aa11abf8be374f56912ccd
2026-09-15 18:54:30,598 [INFO]     🤖⚠️  Verificación anti-bot (no concluyente), se conserva: https://www.opcionempleo.com.ar/jobad/ar34d041234434627cdbac289faaaf4fc9
2026-09-15 18:54:30,654 [INFO]     🤖⚠️  Verificación anti-bot (no concluyente), se conserva: https://www.opcionempleo.com.ar/jobad/ar5f4fa10843fead79fe9b5dfcda528ac4
2026-09-15 18:54:30,724 [INFO]     🤖⚠️  Verificación anti-bot (no concluyente), se conserva: https://www.opcionempleo.com.ar/jobad/ardcf779ebfd5e1bb9ec754dd747527e96
2026-09-15 18:54:31,301 [INFO]     🤖⚠️  Verificación anti-bot (no concluyente), se conserva: https://www.opcionempleo.com.ar/jobad/ar57de79100362b316b8ca6325593204db
2026-09-15 18:54:31,335 [INFO]     🤖⚠️  Verificación anti-bot (no concluyente), se conserva: https://www.opcionempleo.com.ar/jobad/ar30dccf593bd037ddbe95e8fe9e984f2a
2026-09-15 18:54:31,337 [INFO]     🤖⚠️  Verificación anti-bot (no concluyente), se conserva: https://www.opcionempleo.com.ar/jobad/arf01c86b88edd3a8820ed439fbd7b0b7e
2026-09-15 18:54:31,419 [INFO]     🤖⚠️  Verificación anti-bot (no concluyente), se conserva: https://www.opcionempleo.com.ar/jobad/ar88249180f1b06c8da298a6926ed3575b
2026-09-15 18:54:32,038 [INFO]     🤖⚠️  Verificación anti-bot (no concluyente), se conserva: https://www.opcionempleo.com.ar/jobad/arcd50c7e2e2e744fd08d29114a3602def
2026-09-15 18:54:32,100 [INFO]     🤖⚠️  Verificación anti-bot (no concluyente), se conserva: https://www.opcionempleo.com.ar/jobad/ar10f0f11fbcc6251f1ed30263adaf5beb
2026-09-15 18:54:32,119 [INFO]     🤖⚠️  Verificación anti-bot (no concluyente), se conserva: https://www.opcionempleo.com.ar/jobad/ar6a02e6fd0c54f4f08e41f0d9897d5801
2026-09-15 18:54:32,162 [INFO]     🤖⚠️  Verificación anti-bot (no concluyente), se conserva: https://www.opcionempleo.com.ar/jobad/ar95e0cc35fb5a4852651f9955f8a02a9e
2026-09-15 18:54:32,319 [INFO]     🤖⚠️  Verificación anti-bot (no concluyente), se conserva: https://www.opcionempleo.com.ar/jobad/ar7282181e476bbf7ce8f30787804c46ca
2026-09-15 18:54:32,737 [INFO]     🤖⚠️  Verificación anti-bot (no concluyente), se conserva: https://www.opcionempleo.com.ar/jobad/ar82b24e9d3b3a36a2d5e8384e380140df
2026-09-15 18:54:32,767 [INFO]     🤖⚠️  Verificación anti-bot (no concluyente), se conserva: https://www.opcionempleo.com.ar/jobad/araa12605350404a5d2b0a3a3ed1fd7514
2026-09-15 18:54:32,914 [INFO]     🤖⚠️  Verificación anti-bot (no concluyente), se conserva: https://www.opcionempleo.com.ar/jobad/ara737e947037f4dab7fc1152de43904c1
2026-09-15 18:54:32,966 [INFO]     🤖⚠️  Verificación anti-bot (no concluyente), se conserva: https://www.opcionempleo.com.ar/jobad/ar95cb4aede33fb9d9d863b4591cae8a48
2026-09-15 18:54:33,054 [INFO]     🤖⚠️  Verificación anti-bot (no concluyente), se conserva: https://www.opcionempleo.com.ar/jobad/are99e800293e056f9a186319e210655fd
2026-09-15 18:54:33,256 [INFO]     🤖⚠️  Verificación anti-bot (no concluyente), se conserva: https://www.opcionempleo.com.ar/jobad/ar87d76c3b04e007c55d995ce9cb508576
2026-09-15 18:54:33,650 [INFO]     🤖⚠️  Verificación anti-bot (no concluyente), se conserva: https://www.opcionempleo.com.ar/jobad/araf2a1f5c8ce3ea0e5113f02748aa1c3d
2026-09-15 18:54:33,897 [INFO]     🤖⚠️  Verificación anti-bot (no concluyente), se conserva: https://www.opcionempleo.com.ar/jobad/aradc0ae951b5696fd1a29196cf00e3e06
2026-09-15 18:54:34,088 [INFO]     🤖⚠️  Verificación anti-bot (no concluyente), se conserva: https://www.opcionempleo.com.ar/jobad/ar5a18d5cf3cc2025d65fbd2fcdfb382e0
2026-09-15 18:54:34,603 [INFO]     🤖⚠️  Verificación anti-bot (no concluyente), se conserva: https://www.opcionempleo.com.ar/jobad/arb79f372b6a304160bea12cb0db49d35f
2026-09-15 18:54:34,618 [INFO]     🤖⚠️  Verificación anti-bot (no concluyente), se conserva: https://www.opcionempleo.com.ar/jobad/ar9961fae343994698b328d2f1a0c41008
2026-09-15 18:54:34,728 [INFO]     🤖⚠️  Verificación anti-bot (no concluyente), se conserva: https://www.opcionempleo.com.ar/jobad/ar819eacd649cb7712ae424272e2a5b0d4
2026-09-15 18:54:34,834 [INFO]     🤖⚠️  Verificación anti-bot (no concluyente), se conserva: https://www.opcionempleo.com.ar/jobad/arff34e2cd5cc60d3ea3f9f6fa6ba4e6f1
2026-09-15 18:54:34,985 [INFO]     🤖⚠️  Verificación anti-bot (no concluyente), se conserva: https://www.opcionempleo.com.ar/jobad/arc8469900b841c501e6ed48017591f480
2026-09-15 18:54:35,437 [INFO]     🤖⚠️  Verificación anti-bot (no concluyente), se conserva: https://www.opcionempleo.com.ar/jobad/arf6131870003083d870d064ebe698198a
2026-09-15 18:54:35,513 [INFO]     🤖⚠️  Verificación anti-bot (no concluyente), se conserva: https://www.opcionempleo.com.ar/jobad/are2c7a1a5e85673376ee276e4389fe5f7
2026-09-15 18:54:35,562 [INFO]     🤖⚠️  Verificación anti-bot (no concluyente), se conserva: https://www.opcionempleo.com.ar/jobad/arce0581c47972a889b851b13121742e70
2026-09-15 18:54:35,766 [INFO]     🤖⚠️  Verificación anti-bot (no concluyente), se conserva: https://www.opcionempleo.com.ar/jobad/ar0db3044b2c25d0e12110e5e73ccb58dc
2026-09-15 18:54:35,818 [INFO]     🤖⚠️  Verificación anti-bot (no concluyente), se conserva: https://www.opcionempleo.com.ar/jobad/arda55884489bfc9f4d018c739d8cd0a6e
2026-09-15 18:54:36,411 [INFO]     🤖⚠️  Verificación anti-bot (no concluyente), se conserva: https://www.opcionempleo.com.ar/jobad/arae147b5e15da77991365d128739f1762
2026-09-15 18:54:36,451 [INFO]     🤖⚠️  Verificación anti-bot (no concluyente), se conserva: https://www.opcionempleo.com.ar/jobad/arb43261124c7ea756ddb3753997aa1336
2026-09-15 18:54:36,511 [INFO]     🤖⚠️  Verificación anti-bot (no concluyente), se conserva: https://www.opcionempleo.com.ar/jobad/arb55eee902ddd056e7c02766842bddde8
2026-09-15 18:54:37,120 [INFO]     🤖⚠️  Verificación anti-bot (no concluyente), se conserva: https://www.opcionempleo.com.ar/jobad/arbe05cda2b64fc31c13b8f96bf36571d4
2026-09-15 18:54:37,183 [INFO]     🤖⚠️  Verificación anti-bot (no concluyente), se conserva: https://www.opcionempleo.com.ar/jobad/ara55b31dbf5779bb3b1ad3bbc0062bdda
2026-09-15 18:54:37,309 [INFO]     🤖⚠️  Verificación anti-bot (no concluyente), se conserva: https://www.opcionempleo.com.ar/jobad/arff1739277c22d5cec1480c7894d23b42
2026-09-15 18:54:37,346 [INFO]     🤖⚠️  Verificación anti-bot (no concluyente), se conserva: https://www.opcionempleo.com.ar/jobad/ar2462983dfda5aa5795b0550b5c0f9f5f
2026-09-15 18:54:37,509 [INFO]     🤖⚠️  Verificación anti-bot (no concluyente), se conserva: https://www.opcionempleo.com.ar/jobad/ar8d96030a38887b1bb79bacd8de8aa950
2026-09-15 18:54:37,941 [INFO]     🤖⚠️  Verificación anti-bot (no concluyente), se conserva: https://www.opcionempleo.com.ar/jobad/ar74cfc54b64e69c4521a62632ebd6fa8e
2026-09-15 18:54:37,994 [INFO]     🤖⚠️  Verificación anti-bot (no concluyente), se conserva: https://www.opcionempleo.com.ar/jobad/ar9a0a7d689c2f6b209675ae462054a529
2026-09-15 18:54:38,072 [INFO]     🤖⚠️  Verificación anti-bot (no concluyente), se conserva: https://www.opcionempleo.com.ar/jobad/ar76a2e4640d8d118d2cae3828fa2106a0
2026-09-15 18:54:38,809 [INFO]     🤖⚠️  Verificación anti-bot (no concluyente), se conserva: https://www.opcionempleo.com.ar/jobad/arbd2c11d454da2945ebe5899546ef5ea9
2026-09-15 18:54:38,836 [INFO]     🤖⚠️  Verificación anti-bot (no concluyente), se conserva: https://www.opcionempleo.com.ar/jobad/ar2fb8a0dd6f646b5c42cf1929d3df6af8
2026-09-15 18:54:38,843 [INFO]     🤖⚠️  Verificación anti-bot (no concluyente), se conserva: https://www.opcionempleo.com.ar/jobad/ard2c0e34bb396c2c41ec797351a3ce9ee
2026-09-15 18:54:38,895 [INFO]     🤖⚠️  Verificación anti-bot (no concluyente), se conserva: https://www.opcionempleo.com.ar/jobad/ar53c095da7e74a9ca4ee80eecf73cf5a4
2026-09-15 18:54:39,270 [INFO]     🤖⚠️  Verificación anti-bot (no concluyente), se conserva: https://www.opcionempleo.com.ar/jobad/arc2044bbad1244ee0dbc857e73b3fa5b3
2026-09-15 18:54:39,640 [INFO]     🤖⚠️  Verificación anti-bot (no concluyente), se conserva: https://www.opcionempleo.com.ar/jobad/ard4c9c514e65f938d5eb59ca7531e869f
2026-09-15 18:54:39,646 [INFO]     🤖⚠️  Verificación anti-bot (no concluyente), se conserva: https://www.opcionempleo.com.ar/jobad/ar8429df0a239ccac29de041658037b62f
2026-09-15 18:54:39,648 [INFO]     🤖⚠️  Verificación anti-bot (no concluyente), se conserva: https://www.opcionempleo.com.ar/jobad/arb08f8f037984340823d26434b23f2eb9
2026-09-15 18:54:39,655 [INFO]     🤖⚠️  Verificación anti-bot (no concluyente), se conserva: https://www.opcionempleo.com.ar/jobad/ar9caf98296f4639bfa0d3fe9268d27a70
2026-09-15 18:54:40,081 [INFO]     🤖⚠️  Verificación anti-bot (no concluyente), se conserva: https://www.opcionempleo.com.ar/jobad/ar45d8ad71cb98dde40dd599529d6a88c7
2026-09-15 18:54:40,365 [INFO]     🤖⚠️  Verificación anti-bot (no concluyente), se conserva: https://www.opcionempleo.com.ar/jobad/arba3e13827100c79897723f848242bb9c
2026-09-15 18:54:40,419 [INFO]     🤖⚠️  Verificación anti-bot (no concluyente), se conserva: https://www.opcionempleo.com.ar/jobad/arce6580bbd6a8b3d8edc4742d3afe8165
2026-09-15 18:54:40,477 [INFO]     🤖⚠️  Verificación anti-bot (no concluyente), se conserva: https://www.opcionempleo.com.ar/jobad/ar438f4b570268ad6c885f4eb122810bd0
2026-09-15 18:54:41,777 [INFO]     🤖⚠️  Verificación anti-bot (no concluyente), se conserva: https://www.opcionempleo.com.ar/jobad/ar988177262c703bc4aa8503d97ee2829b
2026-09-15 18:54:41,791 [INFO]     🤖⚠️  Verificación anti-bot (no concluyente), se conserva: https://www.opcionempleo.com.ar/jobad/arfbe62e126f8aa38619128c55bbd5f4c4
2026-09-15 18:54:42,025 [INFO]     🤖⚠️  Verificación anti-bot (no concluyente), se conserva: https://www.opcionempleo.com.ar/jobad/ar18f2faa01533e8898dad319d81e740e9
2026-09-15 18:54:42,356 [INFO]     🤖⚠️  Verificación anti-bot (no concluyente), se conserva: https://www.opcionempleo.com.ar/jobad/ar2517788b036d88725ba7b451de75dd98
2026-09-15 18:54:42,655 [INFO]     🤖⚠️  Verificación anti-bot (no concluyente), se conserva: https://www.opcionempleo.com.ar/jobad/ar186e5e834c17e0ca026918fea2f469f8
2026-09-15 18:54:42,660 [INFO]     🤖⚠️  Verificación anti-bot (no concluyente), se conserva: https://www.opcionempleo.com.ar/jobad/ar52f9053b90c4c1fa40649b019d972996
2026-09-15 18:54:42,951 [INFO]     🤖⚠️  Verificación anti-bot (no concluyente), se conserva: https://www.opcionempleo.com.ar/jobad/araa1b650dd9f1638bb4d4aa047b4ef31e
2026-09-15 18:54:43,162 [INFO]     🤖⚠️  Verificación anti-bot (no concluyente), se conserva: https://www.opcionempleo.com.ar/jobad/ar874aaf99c49121d7bd4d5f4f6bc191bc
2026-09-15 18:54:43,254 [INFO]     🤖⚠️  Verificación anti-bot (no concluyente), se conserva: https://www.opcionempleo.com.ar/jobad/ar03357ae4a36ab733c37fe90ff373a888
2026-09-15 18:54:43,575 [INFO]     🤖⚠️  Verificación anti-bot (no concluyente), se conserva: https://www.opcionempleo.com.ar/jobad/ar154e389a5332f06cd55c360261205d9b
2026-09-15 18:54:44,015 [INFO]     🤖⚠️  Verificación anti-bot (no concluyente), se conserva: https://www.opcionempleo.com.ar/jobad/ar2bf5cbfc15b4d82877ebe8fb4c3db63a
2026-09-15 18:54:44,366 [INFO]     🤖⚠️  Verificación anti-bot (no concluyente), se conserva: https://www.opcionempleo.com.ar/jobad/ardb52ee6df3d76807941bc4f9234442c1
2026-09-15 18:54:44,456 [INFO]     🤖⚠️  Verificación anti-bot (no concluyente), se conserva: https://www.opcionempleo.com.ar/jobad/ar673659ad5f38bc4c1e5a31677adf7fbd
2026-09-15 18:54:44,574 [INFO]     🤖⚠️  Verificación anti-bot (no concluyente), se conserva: https://www.opcionempleo.com.ar/jobad/ar4431c99a50847f0952821930961b420e
2026-09-15 18:54:44,666 [INFO]     🤖⚠️  Verificación anti-bot (no concluyente), se conserva: https://www.opcionempleo.com.ar/jobad/arf9a505c4119c5a01d54acfefca1c01c3
2026-09-15 18:54:44,831 [INFO]     🤖⚠️  Verificación anti-bot (no concluyente), se conserva: https://www.opcionempleo.com.ar/jobad/ar5ef3b9e6b634f2cd0d18c532f106796a
2026-09-15 18:54:45,176 [INFO]     🤖⚠️  Verificación anti-bot (no concluyente), se conserva: https://www.opcionempleo.com.ar/jobad/arf9eaecc2141f08dbb8aef3a9203d8b6c
2026-09-15 18:54:45,559 [INFO]     🤖⚠️  Verificación anti-bot (no concluyente), se conserva: https://www.opcionempleo.com.ar/jobad/ar5c97e58a7eadc5f24b5373143351a8bb
2026-09-15 18:54:45,629 [INFO]     🤖⚠️  Verificación anti-bot (no concluyente), se conserva: https://www.opcionempleo.com.ar/jobad/arc0d2484fcbee2fd88be070bdebaf1695
2026-09-15 18:54:45,738 [INFO]     🤖⚠️  Verificación anti-bot (no concluyente), se conserva: https://www.opcionempleo.com.ar/jobad/ar720d92d9349b66e61040c9aff0d2e8eb
2026-09-15 18:54:45,850 [INFO]     🤖⚠️  Verificación anti-bot (no concluyente), se conserva: https://www.opcionempleo.com.ar/jobad/area150510eadea0002a4dc2b518431a59
2026-09-15 18:54:45,913 [INFO]     🤖⚠️  Verificación anti-bot (no concluyente), se conserva: https://www.opcionempleo.com.ar/jobad/arf6f79928bb6429cd96a5df44b9ffa70a
2026-09-15 18:54:45,941 [INFO]     🤖⚠️  Verificación anti-bot (no concluyente), se conserva: https://www.opcionempleo.com.ar/jobad/ar9c9517820b3898a52580a21c3b7d1204
2026-09-15 18:54:46,423 [INFO]     🤖⚠️  Verificación anti-bot (no concluyente), se conserva: https://www.opcionempleo.com.ar/jobad/ar0b079b6a84de68710acd4be83d0c552d
2026-09-15 18:54:46,459 [INFO]     🤖⚠️  Verificación anti-bot (no concluyente), se conserva: https://www.opcionempleo.com.ar/jobad/arc211250bf69f1186f86c4e9997439c6e
2026-09-15 18:54:46,582 [INFO]     🤖⚠️  Verificación anti-bot (no concluyente), se conserva: https://www.opcionempleo.com.ar/jobad/arc36c6fa3bfe6ae00ffd86f17a2a4bce7
2026-09-15 18:54:46,626 [INFO]     🤖⚠️  Verificación anti-bot (no concluyente), se conserva: https://www.opcionempleo.com.ar/jobad/ar0a82a359275bae588dbf21f2d9c7d365
2026-09-15 18:54:47,229 [INFO]     🤖⚠️  Verificación anti-bot (no concluyente), se conserva: https://www.opcionempleo.com.ar/jobad/ar04f567c5b1652b0286826c3f82efa85c
2026-09-15 18:54:47,319 [INFO]     🤖⚠️  Verificación anti-bot (no concluyente), se conserva: https://www.opcionempleo.com.ar/jobad/ar1cdfd46f875febdb77f6c4c3d73efb13
2026-09-15 18:54:47,457 [INFO]     🤖⚠️  Verificación anti-bot (no concluyente), se conserva: https://www.opcionempleo.com.ar/jobad/ar84e815a1e6609733da294e3438736957
2026-09-15 18:54:47,502 [INFO]     🤖⚠️  Verificación anti-bot (no concluyente), se conserva: https://www.opcionempleo.com.ar/jobad/ar86c94d229a664e456d8e52229545ca42
2026-09-15 18:54:47,595 [INFO]     🤖⚠️  Verificación anti-bot (no concluyente), se conserva: https://www.opcionempleo.com.ar/jobad/ar1125d2dfd89c63a6c6f95304ea8d6a00
2026-09-15 18:54:47,748 [INFO]     🤖⚠️  Verificación anti-bot (no concluyente), se conserva: https://www.opcionempleo.com.ar/jobad/ar404661cffef2b1bd00586ee070b2b3fb
2026-09-15 18:54:47,781 [INFO]     🤖⚠️  Verificación anti-bot (no concluyente), se conserva: https://www.opcionempleo.com.ar/jobad/ard1b57d76828520b4c18b38ac9f427c25
2026-09-15 18:54:47,893 [INFO]     🤖⚠️  Verificación anti-bot (no concluyente), se conserva: https://www.opcionempleo.com.ar/jobad/ara21d7dcede6bb86a8a945285d62dd8cd
2026-09-15 18:54:48,079 [INFO]     🤖⚠️  Verificación anti-bot (no concluyente), se conserva: https://www.opcionempleo.com.ar/jobad/ar28c64e34e6c72d867076cb30d10a18c7
2026-09-15 18:54:48,197 [INFO]     🤖⚠️  Verificación anti-bot (no concluyente), se conserva: https://www.opcionempleo.com.ar/jobad/ar05edac338bedbb5f2c4326d10f791d53
2026-09-15 18:54:48,355 [INFO]     🤖⚠️  Verificación anti-bot (no concluyente), se conserva: https://www.opcionempleo.com.ar/jobad/araeeedf86d1d870d005a8055422f1e16f
2026-09-15 18:54:48,369 [INFO]     🤖⚠️  Verificación anti-bot (no concluyente), se conserva: https://www.opcionempleo.com.ar/jobad/arf2d381cf644e93d35d94ac196f71cb64
2026-09-15 18:54:48,456 [INFO]     🤖⚠️  Verificación anti-bot (no concluyente), se conserva: https://www.opcionempleo.com.ar/jobad/ar24cccee897305992acea4aec4d29b480
2026-09-15 18:54:48,643 [INFO]     🤖⚠️  Verificación anti-bot (no concluyente), se conserva: https://www.opcionempleo.com.ar/jobad/ar993e85dae40f75b33bf1d2ae2f421e1a
2026-09-15 18:54:48,661 [INFO]     🤖⚠️  Verificación anti-bot (no concluyente), se conserva: https://www.opcionempleo.com.ar/jobad/arb75a1675a2ea89146e03c5acffad54b6
2026-09-15 18:54:48,679 [INFO]     🤖⚠️  Verificación anti-bot (no concluyente), se conserva: https://www.opcionempleo.com.ar/jobad/ar6a01c7980dd6c3a06a8c3c3edae4447f
2026-09-15 18:54:49,027 [INFO]     🤖⚠️  Verificación anti-bot (no concluyente), se conserva: https://www.opcionempleo.com.ar/jobad/ar576a87a138a5557218b116ccc714f5c6
2026-09-15 18:54:49,242 [INFO]     🤖⚠️  Verificación anti-bot (no concluyente), se conserva: https://www.opcionempleo.com.ar/jobad/ar7fae10396991949d183009fb965c3402
2026-09-15 18:54:49,326 [INFO]     🤖⚠️  Verificación anti-bot (no concluyente), se conserva: https://www.opcionempleo.com.ar/jobad/ara036caaae07c1916a2776263d80b9bd5
2026-09-15 18:54:49,421 [INFO]     🤖⚠️  Verificación anti-bot (no concluyente), se conserva: https://www.opcionempleo.com.ar/jobad/ar9a9ffa03f4f21460edd7d039d598d0a5
2026-09-15 18:54:49,528 [INFO]     🤖⚠️  Verificación anti-bot (no concluyente), se conserva: https://www.opcionempleo.com.ar/jobad/araca17aca66adc009ecd0ec69c1ca5638
2026-09-15 18:54:49,537 [INFO]     🤖⚠️  Verificación anti-bot (no concluyente), se conserva: https://www.opcionempleo.com.ar/jobad/ar3e120dd5ee38a52965c0488a8f23c878
2026-09-15 18:54:49,921 [INFO]     🤖⚠️  Verificación anti-bot (no concluyente), se conserva: https://www.opcionempleo.com.ar/jobad/ar47e383a3696e236241a426a3f87571f7
2026-09-15 18:54:50,269 [INFO]     🤖⚠️  Verificación anti-bot (no concluyente), se conserva: https://www.opcionempleo.com.ar/jobad/ar652fcfdf6288d531ca2b1871a722d5ed
2026-09-15 18:54:50,769 [INFO]     🤖⚠️  Verificación anti-bot (no concluyente), se conserva: https://www.opcionempleo.com.ar/jobad/are98d7f951db6598d6edff5542f8e1109
2026-09-15 18:54:51,013 [INFO]     🤖⚠️  Verificación anti-bot (no concluyente), se conserva: https://www.opcionempleo.com.ar/jobad/ar28161d597710367108a886f2db36d143
2026-09-15 18:54:51,170 [INFO]     🤖⚠️  Verificación anti-bot (no concluyente), se conserva: https://www.opcionempleo.com.ar/jobad/arf4061d5eaba088b8354d3b0f88a2bbc8
2026-09-15 18:54:51,224 [INFO]     🤖⚠️  Verificación anti-bot (no concluyente), se conserva: https://www.opcionempleo.com.ar/jobad/arb8988959fe07df401f25543b0a64fd25
2026-09-15 18:54:51,459 [INFO]     🤖⚠️  Verificación anti-bot (no concluyente), se conserva: https://www.opcionempleo.com.ar/jobad/ardb63749bd93548baa061bb1802e68799
2026-09-15 18:54:51,549 [INFO]     🤖⚠️  Verificación anti-bot (no concluyente), se conserva: https://www.opcionempleo.com.ar/jobad/ar7f3386dba8e37dabb115554d2f212805
2026-09-15 18:54:51,672 [INFO]     🤖⚠️  Verificación anti-bot (no concluyente), se conserva: https://www.opcionempleo.com.ar/jobad/ar59cb52280c635d819855fe720b685c90
2026-09-15 18:54:51,946 [INFO]     🤖⚠️  Verificación anti-bot (no concluyente), se conserva: https://www.opcionempleo.com.ar/jobad/ar13de1d0a5c9f5e726d453e8bb6aaa300
2026-09-15 18:54:52,055 [INFO]     🤖⚠️  Verificación anti-bot (no concluyente), se conserva: https://www.opcionempleo.com.ar/jobad/arddade669a57d97eeaf04003be34d5a8e
2026-09-15 18:54:52,150 [INFO]     🤖⚠️  Verificación anti-bot (no concluyente), se conserva: https://www.opcionempleo.com.ar/jobad/ardf60c8eaa5e7cd3a70ae3c85e7a8b75d
2026-09-15 18:54:52,240 [INFO]     🤖⚠️  Verificación anti-bot (no concluyente), se conserva: https://www.opcionempleo.com.ar/jobad/ar46540e8b12e129f270086ab55357a949
2026-09-15 18:54:52,263 [INFO]     🤖⚠️  Verificación anti-bot (no concluyente), se conserva: https://www.opcionempleo.com.ar/jobad/arc11eb11e8dce4bf2241313075f154c04
2026-09-15 18:54:52,459 [INFO]     🤖⚠️  Verificación anti-bot (no concluyente), se conserva: https://www.opcionempleo.com.ar/jobad/arc015329a15552909f64aa142bedd8fcc
2026-09-15 18:54:52,543 [INFO]     🤖⚠️  Verificación anti-bot (no concluyente), se conserva: https://www.opcionempleo.com.ar/jobad/ar4a0a422c1e4d4104deb8777a87b24185
2026-09-15 18:54:52,788 [INFO]     🤖⚠️  Verificación anti-bot (no concluyente), se conserva: https://www.opcionempleo.com.ar/jobad/ar7a35a187489a6db484c389d284771b5d
2026-09-15 18:54:53,063 [INFO]     🤖⚠️  Verificación anti-bot (no concluyente), se conserva: https://www.opcionempleo.com.ar/jobad/arefa76d45cb3719289df19fffbc9a34ec
2026-09-15 18:54:53,075 [INFO]     🤖⚠️  Verificación anti-bot (no concluyente), se conserva: https://www.opcionempleo.com.ar/jobad/ard08bd5bf41b6875e9d060bb24be60228
2026-09-15 18:54:53,078 [INFO]     🤖⚠️  Verificación anti-bot (no concluyente), se conserva: https://www.opcionempleo.com.ar/jobad/ara82e2cc09b385dd51eb936aee4f8b1bb
2026-09-15 18:54:53,169 [INFO]     🤖⚠️  Verificación anti-bot (no concluyente), se conserva: https://www.opcionempleo.com.ar/jobad/arf6600714d95e1f950ae5b7f9a0c4dfe6
2026-09-15 18:54:53,375 [INFO]     🤖⚠️  Verificación anti-bot (no concluyente), se conserva: https://www.opcionempleo.com.ar/jobad/ar14ae746e80cb54b882885f7a691be262
2026-09-15 18:54:53,485 [INFO]     🤖⚠️  Verificación anti-bot (no concluyente), se conserva: https://www.opcionempleo.com.ar/jobad/ard8c66effdb1c6311a0323fa1c4182a78
2026-09-15 18:54:53,697 [INFO]     🤖⚠️  Verificación anti-bot (no concluyente), se conserva: https://www.opcionempleo.com.ar/jobad/ar03f5dca473806e2da6aececccff6d906
2026-09-15 18:54:53,864 [INFO]     🤖⚠️  Verificación anti-bot (no concluyente), se conserva: https://www.opcionempleo.com.ar/jobad/arf415b3c0788d95048579b626e1db5082
2026-09-15 18:54:53,926 [INFO]     🤖⚠️  Verificación anti-bot (no concluyente), se conserva: https://www.opcionempleo.com.ar/jobad/arbef88ba14b926b5b63e322040653ee7e
2026-09-15 18:54:54,017 [INFO]     🤖⚠️  Verificación anti-bot (no concluyente), se conserva: https://www.opcionempleo.com.ar/jobad/ar99e70b7298ca3a19fa6ff13cca7f8744
2026-09-15 18:54:54,131 [INFO]     🤖⚠️  Verificación anti-bot (no concluyente), se conserva: https://www.opcionempleo.com.ar/jobad/ar500378ad2f45c7aa61fbaf73d3dcedff
2026-09-15 18:54:54,308 [INFO]     🤖⚠️  Verificación anti-bot (no concluyente), se conserva: https://www.opcionempleo.com.ar/jobad/ar727fe98e1f576b294ff305aa020a0664
2026-09-15 18:54:54,571 [INFO]     🤖⚠️  Verificación anti-bot (no concluyente), se conserva: https://www.opcionempleo.com.ar/jobad/ar4588cd30d6154d510192a17339f859fb
2026-09-15 18:54:54,658 [INFO]     🤖⚠️  Verificación anti-bot (no concluyente), se conserva: https://www.opcionempleo.com.ar/jobad/ar15db9ecffb98f13f0dbd607e943af488
2026-09-15 18:54:54,734 [INFO]     🤖⚠️  Verificación anti-bot (no concluyente), se conserva: https://www.opcionempleo.com.ar/jobad/ar2d9769156d85bfdb18ba3e604e370679
2026-09-15 18:54:54,747 [INFO]     🤖⚠️  Verificación anti-bot (no concluyente), se conserva: https://www.opcionempleo.com.ar/jobad/ar9745bb7677d51dd98ca731699ef4421b
2026-09-15 18:54:54,877 [INFO]     🤖⚠️  Verificación anti-bot (no concluyente), se conserva: https://www.opcionempleo.com.ar/jobad/arbbb272cce0ef712d26f96b0c4dfdbbb6
2026-09-15 18:54:54,939 [INFO]     🤖⚠️  Verificación anti-bot (no concluyente), se conserva: https://www.opcionempleo.com.ar/jobad/ar5012fffc96ac8ccb8bd93924213100ac
2026-09-15 18:54:55,210 [INFO]     🤖⚠️  Verificación anti-bot (no concluyente), se conserva: https://www.opcionempleo.com.ar/jobad/arfc1cae9a95d459a601f6ef5cffe8ced0
2026-09-15 18:54:55,228 [INFO]     🤖⚠️  Verificación anti-bot (no concluyente), se conserva: https://www.opcionempleo.com.ar/jobad/ard00a349e76917df6648b13fcdaf3befb
2026-09-15 18:54:55,371 [INFO]     🤖⚠️  Verificación anti-bot (no concluyente), se conserva: https://www.opcionempleo.com.ar/jobad/arbf1dc70c7efc1e71b75c6b7f7ec36d96
2026-09-15 18:54:55,444 [INFO]     🤖⚠️  Verificación anti-bot (no concluyente), se conserva: https://www.opcionempleo.com.ar/jobad/ar8ee377b97ab704a7598ea3020a88d579
2026-09-15 18:54:55,511 [INFO]     🤖⚠️  Verificación anti-bot (no concluyente), se conserva: https://www.opcionempleo.com.ar/jobad/ar30c74b91bddd056aef09cdf235fdfd52
2026-09-15 18:54:55,564 [INFO]     🤖⚠️  Verificación anti-bot (no concluyente), se conserva: https://www.opcionempleo.com.ar/jobad/ar6442c0cf837523b4d91e3a1892bff5de
2026-09-15 18:54:55,696 [INFO]     🤖⚠️  Verificación anti-bot (no concluyente), se conserva: https://www.opcionempleo.com.ar/jobad/arf0a7af2af3c3737d1ff687bb7adf1a44
2026-09-15 18:54:55,722 [INFO]     🤖⚠️  Verificación anti-bot (no concluyente), se conserva: https://www.opcionempleo.com.ar/jobad/ar553e3d77ae7ac21ac96ab53f6d6fb2d4
2026-09-15 18:54:56,053 [INFO]     🤖⚠️  Verificación anti-bot (no concluyente), se conserva: https://www.opcionempleo.com.ar/jobad/arac739e4d24dca398e8ca48e19c5b68ae
2026-09-15 18:54:56,194 [INFO]     🤖⚠️  Verificación anti-bot (no concluyente), se conserva: https://www.opcionempleo.com.ar/jobad/ar7e5395aa404741d569125e1a779a8afd
2026-09-15 18:54:56,296 [INFO]     🤖⚠️  Verificación anti-bot (no concluyente), se conserva: https://www.opcionempleo.com.ar/jobad/arbaebb83d030553ab969458169789cafc
2026-09-15 18:54:56,436 [INFO]     🤖⚠️  Verificación anti-bot (no concluyente), se conserva: https://www.opcionempleo.com.ar/jobad/ar4dd6d3fd5d6beded4c3139fd704dae8c
2026-09-15 18:54:56,448 [INFO]     🤖⚠️  Verificación anti-bot (no concluyente), se conserva: https://www.opcionempleo.com.ar/jobad/ar8e554f9314e7c9ee6b5198ec697bc241
2026-09-15 18:54:56,513 [INFO]     🤖⚠️  Verificación anti-bot (no concluyente), se conserva: https://www.opcionempleo.com.ar/jobad/ard52e9da4b266a54c7dfa6fd2a8a2230e
2026-09-15 18:54:56,527 [INFO]     🤖⚠️  Verificación anti-bot (no concluyente), se conserva: https://www.opcionempleo.com.ar/jobad/ar3a404ae94a82c38e97f87ed4f5dcec7d
2026-09-15 18:54:56,884 [INFO]     🤖⚠️  Verificación anti-bot (no concluyente), se conserva: https://www.opcionempleo.com.ar/jobad/are45e148ef00f18086c6e08cf0ddf8869
2026-09-15 18:54:57,063 [INFO]     🤖⚠️  Verificación anti-bot (no concluyente), se conserva: https://www.opcionempleo.com.ar/jobad/arb1c24c457bbdf546f1cd2b4dd81b80b4
2026-09-15 18:54:57,167 [INFO]     🤖⚠️  Verificación anti-bot (no concluyente), se conserva: https://www.opcionempleo.com.ar/jobad/ar86b4f3c2bf029595eca5bad211765023
2026-09-15 18:54:57,261 [INFO]     🤖⚠️  Verificación anti-bot (no concluyente), se conserva: https://www.opcionempleo.com.ar/jobad/ar46f42103402921574528e958a141165b
2026-09-15 18:54:57,292 [INFO]     🤖⚠️  Verificación anti-bot (no concluyente), se conserva: https://www.opcionempleo.com.ar/jobad/arf3d30b247944d5d29d7bf8f7ff448eb1
2026-09-15 18:54:57,329 [INFO]     🤖⚠️  Verificación anti-bot (no concluyente), se conserva: https://www.opcionempleo.com.ar/jobad/ar59bebdf28f2329d0c3e45fcf15e6e822
2026-09-15 18:54:57,368 [INFO]     🤖⚠️  Verificación anti-bot (no concluyente), se conserva: https://www.opcionempleo.com.ar/jobad/ar949128c6487ade04e3f5b40e5faa7e07
2026-09-15 18:54:57,767 [INFO]     🤖⚠️  Verificación anti-bot (no concluyente), se conserva: https://www.opcionempleo.com.ar/jobad/ar74c74e681674b68ec1a0e881b2c27683
2026-09-15 18:54:57,941 [INFO]     🤖⚠️  Verificación anti-bot (no concluyente), se conserva: https://www.opcionempleo.com.ar/jobad/ar50e00e8d6db5c65c2d0ea12742fed97b
2026-09-15 18:54:58,063 [INFO]     🤖⚠️  Verificación anti-bot (no concluyente), se conserva: https://www.opcionempleo.com.ar/jobad/ard2a078a1449b32b9eb852f747ea77e3f
2026-09-15 18:54:58,086 [INFO]     🤖⚠️  Verificación anti-bot (no concluyente), se conserva: https://www.opcionempleo.com.ar/jobad/ar786f1bf3e7001896c8f319ae2e4d0222
2026-09-15 18:54:58,152 [INFO]     🤖⚠️  Verificación anti-bot (no concluyente), se conserva: https://www.opcionempleo.com.ar/jobad/ar23517f0d0f3f76debc497062825310a6
2026-09-15 18:54:58,160 [INFO]     🤖⚠️  Verificación anti-bot (no concluyente), se conserva: https://www.opcionempleo.com.ar/jobad/ar2cd62dec1735dbe1243841e986caaf50
2026-09-15 18:54:58,630 [INFO]     🤖⚠️  Verificación anti-bot (no concluyente), se conserva: https://www.opcionempleo.com.ar/jobad/arbc7cc753b7170f68e9d69f33a4273aaf
2026-09-15 18:54:59,009 [INFO]     🤖⚠️  Verificación anti-bot (no concluyente), se conserva: https://www.opcionempleo.com.ar/jobad/ar1b9b4bbc8d691758b817fbbbdb85a894
2026-09-15 18:54:59,015 [INFO]     🤖⚠️  Verificación anti-bot (no concluyente), se conserva: https://www.opcionempleo.com.ar/jobad/ar84b16b8d67a3dce7103975163c8f3032
2026-09-15 18:54:59,019 [INFO]     🤖⚠️  Verificación anti-bot (no concluyente), se conserva: https://www.opcionempleo.com.ar/jobad/ar5b2f3f20c08a6af13f402f0b4a05ec8f
2026-09-15 18:54:59,021 [INFO]     🤖⚠️  Verificación anti-bot (no concluyente), se conserva: https://www.opcionempleo.com.ar/jobad/arf8a1798ef4b65e306fda5762e05beb7b
2026-09-15 18:54:59,310 [INFO]     🤖⚠️  Verificación anti-bot (no concluyente), se conserva: https://www.opcionempleo.com.ar/jobad/ardcb544d06cbfea8497d90a224fc51fea
2026-09-15 18:54:59,315 [INFO]     🤖⚠️  Verificación anti-bot (no concluyente), se conserva: https://www.opcionempleo.com.ar/jobad/ar9ec57515254558b17c19fe1813e9f862
2026-09-15 18:54:59,352 [INFO]     🤖⚠️  Verificación anti-bot (no concluyente), se conserva: https://www.opcionempleo.com.ar/jobad/ar27289c675b6779c841a7ec99c084d952
2026-09-15 18:54:59,589 [INFO]     🤖⚠️  Verificación anti-bot (no concluyente), se conserva: https://www.opcionempleo.com.ar/jobad/ar18affcb8cb45df2e92d5f87cd5609d77
2026-09-15 18:54:59,948 [INFO]     🤖⚠️  Verificación anti-bot (no concluyente), se conserva: https://www.opcionempleo.com.ar/jobad/ar9b587bcaf6f87228a4ce862213f32f9f
2026-09-15 18:54:59,961 [INFO]     🤖⚠️  Verificación anti-bot (no concluyente), se conserva: https://www.opcionempleo.com.ar/jobad/ar104b7981f647cc315680396d0da68ca4
2026-09-15 18:54:59,966 [INFO]     🤖⚠️  Verificación anti-bot (no concluyente), se conserva: https://www.opcionempleo.com.ar/jobad/ar2025851e87ac81916eb714c6cb40f242
2026-09-15 18:55:00,216 [INFO]     🤖⚠️  Verificación anti-bot (no concluyente), se conserva: https://www.opcionempleo.com.ar/jobad/ar2842f7d999bf489ada74512221c9c901
2026-09-15 18:55:00,234 [INFO]     🤖⚠️  Verificación anti-bot (no concluyente), se conserva: https://www.opcionempleo.com.ar/jobad/arec67780290449aeb1a9f2db23d41a86b
2026-09-15 18:55:00,239 [INFO]     🤖⚠️  Verificación anti-bot (no concluyente), se conserva: https://www.opcionempleo.com.ar/jobad/arec991bb817d6655edcf813f2fdd9ce85
2026-09-15 18:55:00,585 [INFO]     🤖⚠️  Verificación anti-bot (no concluyente), se conserva: https://www.opcionempleo.com.ar/jobad/ar40b8c08748fd85e69886f283a8a311de
2026-09-15 18:55:00,950 [INFO]     🤖⚠️  Verificación anti-bot (no concluyente), se conserva: https://www.opcionempleo.com.ar/jobad/ar35be62183b6bf906bba49dbb56d36822
2026-09-15 18:55:00,953 [INFO]     🤖⚠️  Verificación anti-bot (no concluyente), se conserva: https://www.opcionempleo.com.ar/jobad/ar5dc8f63f6f0f0573f2de30ca2327c47e
2026-09-15 18:55:01,204 [INFO]     🤖⚠️  Verificación anti-bot (no concluyente), se conserva: https://www.opcionempleo.com.ar/jobad/ar7ef86ae820ec247c6bc77a4374bad13b
2026-09-15 18:55:01,224 [INFO]     🤖⚠️  Verificación anti-bot (no concluyente), se conserva: https://www.opcionempleo.com.ar/jobad/ar11988892c4d89de32429c129eb7f4d89
2026-09-15 18:55:01,256 [INFO]     🤖⚠️  Verificación anti-bot (no concluyente), se conserva: https://www.opcionempleo.com.ar/jobad/ar2a19afdc6dc021824394128f33303fcc
2026-09-15 18:55:01,547 [INFO]     🤖⚠️  Verificación anti-bot (no concluyente), se conserva: https://www.opcionempleo.com.ar/jobad/ar6cb2ae8f0ff67bb3d7ec0e619e512021
2026-09-15 18:55:01,552 [INFO]     🤖⚠️  Verificación anti-bot (no concluyente), se conserva: https://www.opcionempleo.com.ar/jobad/are072689439c3c54b0912c37cb21ba25b
2026-09-15 18:55:01,876 [INFO]     🤖⚠️  Verificación anti-bot (no concluyente), se conserva: https://www.opcionempleo.com.ar/jobad/ar71e1bdd00fc1744b6586ea97aebb0cc5
2026-09-15 18:55:02,096 [INFO]     🤖⚠️  Verificación anti-bot (no concluyente), se conserva: https://www.opcionempleo.com.ar/jobad/are98d64c38e14b260d7ff0f281fc88b44
2026-09-15 18:55:02,137 [INFO]     🤖⚠️  Verificación anti-bot (no concluyente), se conserva: https://www.opcionempleo.com.ar/jobad/arb270b6c383f78ed08d7dd9842886ac4d
2026-09-15 18:55:02,152 [INFO]     🤖⚠️  Verificación anti-bot (no concluyente), se conserva: https://www.opcionempleo.com.ar/jobad/are9c1c8e46a9128ee4cc04d7f1aff5ec4
2026-09-15 18:55:02,180 [INFO]     🤖⚠️  Verificación anti-bot (no concluyente), se conserva: https://www.opcionempleo.com.ar/jobad/ar9b249e887353f6952224e27e522f0ae0
2026-09-15 18:55:02,379 [INFO]     🤖⚠️  Verificación anti-bot (no concluyente), se conserva: https://www.opcionempleo.com.ar/jobad/arb0bbbc4078365d9c94d8d3d63f0d051f
2026-09-15 18:55:02,439 [INFO]     🤖⚠️  Verificación anti-bot (no concluyente), se conserva: https://www.opcionempleo.com.ar/jobad/ar761c79229fde3c69eabc55e1e6acef95
2026-09-15 18:55:02,670 [INFO]     🤖⚠️  Verificación anti-bot (no concluyente), se conserva: https://www.opcionempleo.com.ar/jobad/aree08e9c27d2794acec33a01d88170b14
2026-09-15 18:55:02,858 [INFO]     🤖⚠️  Verificación anti-bot (no concluyente), se conserva: https://www.opcionempleo.com.ar/jobad/arff0e985a9a64985534ba3b01725e339e
2026-09-15 18:55:02,962 [INFO]     🤖⚠️  Verificación anti-bot (no concluyente), se conserva: https://www.opcionempleo.com.ar/jobad/arb7a07d61a56723b985cb521996c6a699
2026-09-15 18:55:02,972 [INFO]     🤖⚠️  Verificación anti-bot (no concluyente), se conserva: https://www.opcionempleo.com.ar/jobad/ard6d6cca5b88fa6445c646c361617378a
2026-09-15 18:55:03,004 [INFO]     🤖⚠️  Verificación anti-bot (no concluyente), se conserva: https://www.opcionempleo.com.ar/jobad/ar6054e1ae3ab9cef3b3a6db89c608054a
2026-09-15 18:55:03,038 [INFO]     🤖⚠️  Verificación anti-bot (no concluyente), se conserva: https://www.opcionempleo.com.ar/jobad/ar4be061efb03d8628ecc66b9c2b577078
2026-09-15 18:55:03,203 [INFO]     🤖⚠️  Verificación anti-bot (no concluyente), se conserva: https://www.opcionempleo.com.ar/jobad/ar6c8ec38fa893014e7324b79ccfee680b
2026-09-15 18:55:03,244 [INFO]     🤖⚠️  Verificación anti-bot (no concluyente), se conserva: https://www.opcionempleo.com.ar/jobad/ar4e26d5cec888eaafe0bffb2e43f7da20
2026-09-15 18:55:03,542 [INFO]     🤖⚠️  Verificación anti-bot (no concluyente), se conserva: https://www.opcionempleo.com.ar/jobad/ar7eb91ef187cae7efe1094c025712aed0
2026-09-15 18:55:04,017 [INFO]     🤖⚠️  Verificación anti-bot (no concluyente), se conserva: https://www.opcionempleo.com.ar/jobad/ar4c1146222dec6a38ee59016739a3fe66
2026-09-15 18:55:04,021 [INFO]     🤖⚠️  Verificación anti-bot (no concluyente), se conserva: https://www.opcionempleo.com.ar/jobad/arb50346bf2c9e4515824ccdd7d47ea773
2026-09-15 18:55:04,022 [INFO]     🤖⚠️  Verificación anti-bot (no concluyente), se conserva: https://www.opcionempleo.com.ar/jobad/ar8279f4fc67e272cee79ac781c8f02a53
2026-09-15 18:55:04,022 [INFO]     🤖⚠️  Verificación anti-bot (no concluyente), se conserva: https://www.opcionempleo.com.ar/jobad/ar32bb9daa2cdfa8e9fe48496981fa60be
2026-09-15 18:55:04,023 [INFO]     🤖⚠️  Verificación anti-bot (no concluyente), se conserva: https://www.opcionempleo.com.ar/jobad/ar93f10157b8df3b438ff7ad1305facdfa
2026-09-15 18:55:04,292 [INFO]     🤖⚠️  Verificación anti-bot (no concluyente), se conserva: https://www.opcionempleo.com.ar/jobad/ar32c56106cc229bec11772f7d995127f2
2026-09-15 18:55:04,304 [INFO]     🤖⚠️  Verificación anti-bot (no concluyente), se conserva: https://www.opcionempleo.com.ar/jobad/ar343ea6951af3518ef4d8a04e6d1e412c
2026-09-15 18:55:04,532 [INFO]     🤖⚠️  Verificación anti-bot (no concluyente), se conserva: https://www.opcionempleo.com.ar/jobad/arc1c0d7999c6349987d44c757ef32ca84
2026-09-15 18:55:04,822 [INFO]     🤖⚠️  Verificación anti-bot (no concluyente), se conserva: https://www.opcionempleo.com.ar/jobad/arc8fc5cdb2851d56ebfaff0b032ff8b18
2026-09-15 18:55:04,841 [INFO]     🤖⚠️  Verificación anti-bot (no concluyente), se conserva: https://www.opcionempleo.com.ar/jobad/ar9ab42fe2a83ef9bc614d8da4f06d1295
2026-09-15 18:55:04,843 [INFO]     🤖⚠️  Verificación anti-bot (no concluyente), se conserva: https://www.opcionempleo.com.ar/jobad/ar26116ade7d6b984eb1084b3b3b65d2da
2026-09-15 18:55:04,845 [INFO]     🤖⚠️  Verificación anti-bot (no concluyente), se conserva: https://www.opcionempleo.com.ar/jobad/ar31481631886315386a4115587becb311
2026-09-15 18:55:05,078 [INFO]     🤖⚠️  Verificación anti-bot (no concluyente), se conserva: https://www.opcionempleo.com.ar/jobad/ar9ef63f4fac50e4efa75377d8dbfcc2d6
2026-09-15 18:55:05,092 [INFO]     🤖⚠️  Verificación anti-bot (no concluyente), se conserva: https://www.opcionempleo.com.ar/jobad/ar5b043359ea7c33ee78735b9ed654feb1
2026-09-15 18:55:05,316 [INFO]     🤖⚠️  Verificación anti-bot (no concluyente), se conserva: https://www.opcionempleo.com.ar/jobad/arb6f4b0327f664ee3176e207aeb2da4c2
2026-09-15 18:55:05,589 [INFO]     🤖⚠️  Verificación anti-bot (no concluyente), se conserva: https://www.opcionempleo.com.ar/jobad/ar9770819ac94406ca494fec306546ea9e
2026-09-15 18:55:05,631 [INFO]     🤖⚠️  Verificación anti-bot (no concluyente), se conserva: https://www.opcionempleo.com.ar/jobad/ar20207e6de83d6e288424dabb156414f3
2026-09-15 18:55:05,638 [INFO]     🤖⚠️  Verificación anti-bot (no concluyente), se conserva: https://www.opcionempleo.com.ar/jobad/ar9fc75055ade075c70a23d2ee107050c8
2026-09-15 18:55:05,653 [INFO]     🤖⚠️  Verificación anti-bot (no concluyente), se conserva: https://www.opcionempleo.com.ar/jobad/ar54bb44f7d32b295830aa8cae8536a60e
2026-09-15 18:55:05,970 [INFO]     🤖⚠️  Verificación anti-bot (no concluyente), se conserva: https://www.opcionempleo.com.ar/jobad/ar5f16112bf69b95ae2223a3019dce37e4
2026-09-15 18:55:05,973 [INFO]     🤖⚠️  Verificación anti-bot (no concluyente), se conserva: https://www.opcionempleo.com.ar/jobad/ar708bc99ea693e37c26e263c384772393
2026-09-15 18:55:05,981 [INFO]     🤖⚠️  Verificación anti-bot (no concluyente), se conserva: https://www.opcionempleo.com.ar/jobad/ar957e32c21b3a85479517fec1d08edfdb
2026-09-15 18:55:06,305 [INFO]     🤖⚠️  Verificación anti-bot (no concluyente), se conserva: https://www.opcionempleo.com.ar/jobad/arf8433942c1a728f2c4c8c0c6ba55ae1e
2026-09-15 18:55:06,721 [INFO]     🤖⚠️  Verificación anti-bot (no concluyente), se conserva: https://www.opcionempleo.com.ar/jobad/ar2a4e6a4c366ee4301c4432953a13aa99
2026-09-15 18:55:06,722 [INFO]     🤖⚠️  Verificación anti-bot (no concluyente), se conserva: https://www.opcionempleo.com.ar/jobad/arf67ddc8c855bd5b112ec8a4f575851fd
2026-09-15 18:55:06,728 [INFO]     🤖⚠️  Verificación anti-bot (no concluyente), se conserva: https://www.opcionempleo.com.ar/jobad/ar0cb41941d423181c4f9d423698666189
2026-09-15 18:55:06,733 [INFO]     🤖⚠️  Verificación anti-bot (no concluyente), se conserva: https://www.opcionempleo.com.ar/jobad/ar32d2ab5306954f0e0e4e42e0be00917e
2026-09-15 18:55:07,119 [INFO]     🤖⚠️  Verificación anti-bot (no concluyente), se conserva: https://www.opcionempleo.com.ar/jobad/ar1527fa47c7a14ab89b1b684a428eac2f
2026-09-15 18:55:07,123 [INFO]     🤖⚠️  Verificación anti-bot (no concluyente), se conserva: https://www.opcionempleo.com.ar/jobad/ar8dec1fec79ccc0dc4db3f03f27611eed
2026-09-15 18:55:07,124 [INFO]     🤖⚠️  Verificación anti-bot (no concluyente), se conserva: https://www.opcionempleo.com.ar/jobad/araca062cbca902216bebd25302bd5aea1
2026-09-15 18:55:07,373 [INFO]     🤖⚠️  Verificación anti-bot (no concluyente), se conserva: https://www.opcionempleo.com.ar/jobad/arbcfb7a734b1eaf56d21e2ccd91d6ab7f
2026-09-15 18:55:07,707 [INFO]     🤖⚠️  Verificación anti-bot (no concluyente), se conserva: https://www.opcionempleo.com.ar/jobad/ar70f31210385b68b491359e3e9abf45c0
2026-09-15 18:55:07,713 [INFO]     🤖⚠️  Verificación anti-bot (no concluyente), se conserva: https://www.opcionempleo.com.ar/jobad/ar5fb7b7f2d62766217e313fc5daca756a
2026-09-15 18:55:07,713 [INFO]     🤖⚠️  Verificación anti-bot (no concluyente), se conserva: https://www.opcionempleo.com.ar/jobad/ar7373ad61728460f60bc434bb52e4832a
2026-09-15 18:55:07,713 [INFO]     🤖⚠️  Verificación anti-bot (no concluyente), se conserva: https://www.opcionempleo.com.ar/jobad/ar94ed5ca8296f096eacf452b028cc368c
2026-09-15 18:55:08,022 [INFO]     🤖⚠️  Verificación anti-bot (no concluyente), se conserva: https://www.opcionempleo.com.ar/jobad/ara57e50b16a6603b712270c8989e9a751
2026-09-15 18:55:08,026 [INFO]     🤖⚠️  Verificación anti-bot (no concluyente), se conserva: https://www.opcionempleo.com.ar/jobad/ar87c91d3b5198e2e69a8b35706be21ef1
2026-09-15 18:55:08,034 [INFO]     🤖⚠️  Verificación anti-bot (no concluyente), se conserva: https://www.opcionempleo.com.ar/jobad/ardfc353b79944cfe9e91e97065366b29d
2026-09-15 18:55:08,332 [INFO]     🤖⚠️  Verificación anti-bot (no concluyente), se conserva: https://www.opcionempleo.com.ar/jobad/arc8d43cb74e7e51c31d2037de515e026a
2026-09-15 18:55:08,836 [INFO]     🤖⚠️  Verificación anti-bot (no concluyente), se conserva: https://www.opcionempleo.com.ar/jobad/ar95105605325571fecf008f6d3e8e03ec
2026-09-15 18:55:08,836 [INFO]     🤖⚠️  Verificación anti-bot (no concluyente), se conserva: https://www.opcionempleo.com.ar/jobad/ar32c9b7720d308605d583ad6b6067febf
2026-09-15 18:55:08,838 [INFO]     🤖⚠️  Verificación anti-bot (no concluyente), se conserva: https://www.opcionempleo.com.ar/jobad/ar951b8e79a9dcc4ad428fb89333f90c0d
2026-09-15 18:55:08,839 [INFO]     🤖⚠️  Verificación anti-bot (no concluyente), se conserva: https://www.opcionempleo.com.ar/jobad/ar6592b4d73f6878f0e6021ba1982b37de
2026-09-15 18:55:09,143 [INFO]     🤖⚠️  Verificación anti-bot (no concluyente), se conserva: https://www.opcionempleo.com.ar/jobad/arbd3c14c8b7e1dc2449fa7bb86c6b64fb
2026-09-15 18:55:09,148 [INFO]     🤖⚠️  Verificación anti-bot (no concluyente), se conserva: https://www.opcionempleo.com.ar/jobad/arb7f1ec320dcdaaa980f0bec1c8b6bb4b
2026-09-15 18:55:09,155 [INFO]     🤖⚠️  Verificación anti-bot (no concluyente), se conserva: https://www.opcionempleo.com.ar/jobad/ar476db65148f39bbf39999804be761946
2026-09-15 18:55:09,409 [INFO]     🤖⚠️  Verificación anti-bot (no concluyente), se conserva: https://www.opcionempleo.com.ar/jobad/arb1f6749d56126fc5b74d2eab7a733654
2026-09-15 18:55:10,018 [INFO]     🤖⚠️  Verificación anti-bot (no concluyente), se conserva: https://www.opcionempleo.com.ar/jobad/arddbc170b6b2e061fb55a7a2e90e6b402
2026-09-15 18:55:10,026 [INFO]     🤖⚠️  Verificación anti-bot (no concluyente), se conserva: https://www.opcionempleo.com.ar/jobad/arfb45d48bc40f0437007cc40668fad26e
2026-09-15 18:55:10,028 [INFO]     🤖⚠️  Verificación anti-bot (no concluyente), se conserva: https://www.opcionempleo.com.ar/jobad/ar60b4f6a9d0fd558fe38a485b34cbdd70
2026-09-15 18:55:10,034 [INFO]     🤖⚠️  Verificación anti-bot (no concluyente), se conserva: https://www.opcionempleo.com.ar/jobad/ar3007e543e736f1157c5c2ecb0ffef0b0
2026-09-15 18:55:10,274 [INFO]     🤖⚠️  Verificación anti-bot (no concluyente), se conserva: https://www.opcionempleo.com.ar/jobad/arfd4cc8908e0396e2167325c4b0ab841a
2026-09-15 18:55:10,280 [INFO]     🤖⚠️  Verificación anti-bot (no concluyente), se conserva: https://www.opcionempleo.com.ar/jobad/ar66457b4acbfb52742df238d19acef51d
2026-09-15 18:55:10,287 [INFO]     🤖⚠️  Verificación anti-bot (no concluyente), se conserva: https://www.opcionempleo.com.ar/jobad/araedbb7e9e4fe795fe95970dcdb109e03
2026-09-15 18:55:10,540 [INFO]     🤖⚠️  Verificación anti-bot (no concluyente), se conserva: https://www.opcionempleo.com.ar/jobad/ar187542a69fed3b75e4b4541a18a910d8
2026-09-15 18:55:10,799 [INFO]     🤖⚠️  Verificación anti-bot (no concluyente), se conserva: https://www.opcionempleo.com.ar/jobad/arfc563b217eb10db91c2bbb4303f39855
2026-09-15 18:55:10,887 [INFO]     🤖⚠️  Verificación anti-bot (no concluyente), se conserva: https://www.opcionempleo.com.ar/jobad/ar6a308857b8d9ee3e4315096751a2318b
2026-09-15 18:55:10,888 [INFO]     🤖⚠️  Verificación anti-bot (no concluyente), se conserva: https://www.opcionempleo.com.ar/jobad/arad1abd3c2b3e24695ab94c72257cb264
2026-09-15 18:55:10,897 [INFO]     🤖⚠️  Verificación anti-bot (no concluyente), se conserva: https://www.opcionempleo.com.ar/jobad/ar26075e64bf0811ae7dd086f65adfc049
2026-09-15 18:55:11,067 [INFO]     🤖⚠️  Verificación anti-bot (no concluyente), se conserva: https://www.opcionempleo.com.ar/jobad/arcbb193ce1fad08fbf294054b1edb4654
2026-09-15 18:55:11,079 [INFO]     🤖⚠️  Verificación anti-bot (no concluyente), se conserva: https://www.opcionempleo.com.ar/jobad/ar48158aa3e8ede63fac95a1f026fc6643
2026-09-15 18:55:11,086 [INFO]     🤖⚠️  Verificación anti-bot (no concluyente), se conserva: https://www.opcionempleo.com.ar/jobad/ard3bcee0bed907eb47531763801023b07
2026-09-15 18:55:11,393 [INFO]     🤖⚠️  Verificación anti-bot (no concluyente), se conserva: https://www.opcionempleo.com.ar/jobad/ar570b742bd9d05f7d64b753cf0c8db592
2026-09-15 18:55:11,709 [INFO]     🤖⚠️  Verificación anti-bot (no concluyente), se conserva: https://www.opcionempleo.com.ar/jobad/ar32b4bc567a8668ef259bdaaeaa74c8eb
2026-09-15 18:55:11,716 [INFO]     🤖⚠️  Verificación anti-bot (no concluyente), se conserva: https://www.opcionempleo.com.ar/jobad/ar45ceb9af20b74dfc986966044685d32e
2026-09-15 18:55:11,718 [INFO]     🤖⚠️  Verificación anti-bot (no concluyente), se conserva: https://www.opcionempleo.com.ar/jobad/araf94c312dcc249e748e7f0408f35fcf6
2026-09-15 18:55:11,755 [INFO]     🤖⚠️  Verificación anti-bot (no concluyente), se conserva: https://www.opcionempleo.com.ar/jobad/arba23a1620f9f3f92bf15014b4da149c7
2026-09-15 18:55:12,006 [INFO]     🤖⚠️  Verificación anti-bot (no concluyente), se conserva: https://www.opcionempleo.com.ar/jobad/ar3acc30e4e25d74aa4f75c01713249b6e
2026-09-15 18:55:12,006 [INFO]     🤖⚠️  Verificación anti-bot (no concluyente), se conserva: https://www.opcionempleo.com.ar/jobad/ar2c58bdc3f4e053412f12ee0c99d0efe0
2026-09-15 18:55:12,008 [INFO]     🤖⚠️  Verificación anti-bot (no concluyente), se conserva: https://www.opcionempleo.com.ar/jobad/ar71baa4d9064a862b637ec39690f513d8
2026-09-15 18:55:12,530 [INFO]     🤖⚠️  Verificación anti-bot (no concluyente), se conserva: https://www.opcionempleo.com.ar/jobad/arf05338ad9b04bedd1d6a382abc55d080
2026-09-15 18:55:12,942 [INFO]     🤖⚠️  Verificación anti-bot (no concluyente), se conserva: https://www.opcionempleo.com.ar/jobad/arf421460605b06bcb73084a27c23a2b5a
2026-09-15 18:55:12,954 [INFO]     🤖⚠️  Verificación anti-bot (no concluyente), se conserva: https://www.opcionempleo.com.ar/jobad/ar56eec1a539a6b0f14af19b0539a3e40c
2026-09-15 18:55:12,956 [INFO]     🤖⚠️  Verificación anti-bot (no concluyente), se conserva: https://www.opcionempleo.com.ar/jobad/ar3012426f105f799dbb41b188ff90d471
2026-09-15 18:55:12,958 [INFO]     🤖⚠️  Verificación anti-bot (no concluyente), se conserva: https://www.opcionempleo.com.ar/jobad/ar4d288afd677e822f2c057f57ab503d53
2026-09-15 18:55:13,208 [INFO]     🤖⚠️  Verificación anti-bot (no concluyente), se conserva: https://www.opcionempleo.com.ar/jobad/arfde83dedb6b508bc166a07fa78180749
2026-09-15 18:55:13,217 [INFO]     🤖⚠️  Verificación anti-bot (no concluyente), se conserva: https://www.opcionempleo.com.ar/jobad/ar4a07edfd9d769742cceabcb9f5e92daf
2026-09-15 18:55:13,236 [INFO]     🤖⚠️  Verificación anti-bot (no concluyente), se conserva: https://www.opcionempleo.com.ar/jobad/are849128be70d40d0bc241fa9b0f19be9
2026-09-15 18:55:13,554 [INFO]     🤖⚠️  Verificación anti-bot (no concluyente), se conserva: https://www.opcionempleo.com.ar/jobad/ara6ff71428afcb229174244eabdb94ae3
2026-09-15 18:55:14,064 [INFO]     🤖⚠️  Verificación anti-bot (no concluyente), se conserva: https://www.opcionempleo.com.ar/jobad/ar6b1842db18aeb0f1bc390f813150c839
2026-09-15 18:55:14,065 [INFO]     🤖⚠️  Verificación anti-bot (no concluyente), se conserva: https://www.opcionempleo.com.ar/jobad/arf3e545dbd341d46a4c39512aced2d3af
2026-09-15 18:55:14,068 [INFO]     🤖⚠️  Verificación anti-bot (no concluyente), se conserva: https://www.opcionempleo.com.ar/jobad/arfbf1493bfd1b7737c18c69d3333fe525
2026-09-15 18:55:14,069 [INFO]     🤖⚠️  Verificación anti-bot (no concluyente), se conserva: https://www.opcionempleo.com.ar/jobad/ar4eeb9ae5e3a5e9b006a0eadb243397bb
2026-09-15 18:55:14,372 [INFO]     🤖⚠️  Verificación anti-bot (no concluyente), se conserva: https://www.opcionempleo.com.ar/jobad/arbe0a7b50eae9bec9ed45baf6f6e1d8be
2026-09-15 18:55:14,375 [INFO]     🤖⚠️  Verificación anti-bot (no concluyente), se conserva: https://www.opcionempleo.com.ar/jobad/ar5f8164962d0977bc1a8df16e366c61c3
2026-09-15 18:55:14,377 [INFO]     🤖⚠️  Verificación anti-bot (no concluyente), se conserva: https://www.opcionempleo.com.ar/jobad/ar6e2e77b677f72cb760e370fd22fc2139
2026-09-15 18:55:14,672 [INFO]     🤖⚠️  Verificación anti-bot (no concluyente), se conserva: https://www.opcionempleo.com.ar/jobad/are4d8911e45583890a45c46a7cc79292c
2026-09-15 18:55:14,985 [INFO]     🤖⚠️  Verificación anti-bot (no concluyente), se conserva: https://www.opcionempleo.com.ar/jobad/ar03baa8c130a0656a8d208a1c90cb6ad4
2026-09-15 18:55:14,987 [INFO]     🤖⚠️  Verificación anti-bot (no concluyente), se conserva: https://www.opcionempleo.com.ar/jobad/ar8a60c3bb6431d667d3b9aa4553f9c003
2026-09-15 18:55:14,998 [INFO]     🤖⚠️  Verificación anti-bot (no concluyente), se conserva: https://www.opcionempleo.com.ar/jobad/arbe338649ff36929545a282ca6ffb2449
2026-09-15 18:55:15,002 [INFO]     🤖⚠️  Verificación anti-bot (no concluyente), se conserva: https://www.opcionempleo.com.ar/jobad/ar0439dee307891a8cb748f0c1eb6fca30
2026-09-15 18:55:15,483 [INFO]     🤖⚠️  Verificación anti-bot (no concluyente), se conserva: https://www.opcionempleo.com.ar/jobad/ar4dfa0c38cacf502aee88aedfac5355d5
2026-09-15 18:55:15,483 [INFO]     🤖⚠️  Verificación anti-bot (no concluyente), se conserva: https://www.opcionempleo.com.ar/jobad/ar2297d74beef39697baff1f49409c3e66
2026-09-15 18:55:15,487 [INFO]     🤖⚠️  Verificación anti-bot (no concluyente), se conserva: https://www.opcionempleo.com.ar/jobad/ar26d486f713a28547e8b1f87b819adb2f
2026-09-15 18:55:15,740 [INFO]     🤖⚠️  Verificación anti-bot (no concluyente), se conserva: https://www.opcionempleo.com.ar/jobad/arfff8d24fd27f85376376d86ab7333928
2026-09-15 18:55:16,101 [INFO]     🤖⚠️  Verificación anti-bot (no concluyente), se conserva: https://www.opcionempleo.com.ar/jobad/ar78e4ca1e5154c4e06fcde20f3efc6560
2026-09-15 18:55:16,104 [INFO]     🤖⚠️  Verificación anti-bot (no concluyente), se conserva: https://www.opcionempleo.com.ar/jobad/araff01bb13ccd1265b227f1d7ae17d4ca
2026-09-15 18:55:16,106 [INFO]     🤖⚠️  Verificación anti-bot (no concluyente), se conserva: https://www.opcionempleo.com.ar/jobad/ar70c8c6d2bc4f2b89de11fca45a009dd0
2026-09-15 18:55:16,108 [INFO]     🤖⚠️  Verificación anti-bot (no concluyente), se conserva: https://www.opcionempleo.com.ar/jobad/ar320e6a57904138a008b23c88e6fdeab7
2026-09-15 18:55:16,510 [INFO]     🤖⚠️  Verificación anti-bot (no concluyente), se conserva: https://www.opcionempleo.com.ar/jobad/ar67136deee0b3a23a712775ca69695f89
2026-09-15 18:55:16,514 [INFO]     🤖⚠️  Verificación anti-bot (no concluyente), se conserva: https://www.opcionempleo.com.ar/jobad/ar89bc65eea99e697f52832b1f4316250a
2026-09-15 18:55:16,519 [INFO]     🤖⚠️  Verificación anti-bot (no concluyente), se conserva: https://www.opcionempleo.com.ar/jobad/ar15155b5302e6bddc5b790503efea40bc
2026-09-15 18:55:16,765 [INFO]     🤖⚠️  Verificación anti-bot (no concluyente), se conserva: https://www.opcionempleo.com.ar/jobad/aree9e2c33ab7b38ec99179f11f7af3965
2026-09-15 18:55:17,130 [INFO]     🤖⚠️  Verificación anti-bot (no concluyente), se conserva: https://www.opcionempleo.com.ar/jobad/arc3039e432044e8d96304be155a3f7bb4
2026-09-15 18:55:17,135 [INFO]     🤖⚠️  Verificación anti-bot (no concluyente), se conserva: https://www.opcionempleo.com.ar/jobad/ar692c456352001c72af9e237a26df1644
2026-09-15 18:55:17,135 [INFO]     🤖⚠️  Verificación anti-bot (no concluyente), se conserva: https://www.opcionempleo.com.ar/jobad/ar77b6bfa9ef199d6b48786ff49026e889
2026-09-15 18:55:17,136 [INFO]     🤖⚠️  Verificación anti-bot (no concluyente), se conserva: https://www.opcionempleo.com.ar/jobad/ardd1b8c14e2932845dfb6cce91fe6bd08
2026-09-15 18:55:17,543 [INFO]     🤖⚠️  Verificación anti-bot (no concluyente), se conserva: https://www.opcionempleo.com.ar/jobad/ar83001ab95b611f344ba729adaf5e7ce2
2026-09-15 18:55:17,545 [INFO]     🤖⚠️  Verificación anti-bot (no concluyente), se conserva: https://www.opcionempleo.com.ar/jobad/ar53737e1e7f77d7e292402634fdde5103
2026-09-15 18:55:17,547 [INFO]     🤖⚠️  Verificación anti-bot (no concluyente), se conserva: https://www.opcionempleo.com.ar/jobad/ar5a56e87ade7de9ce2a35b5028730ae62
2026-09-15 18:55:17,791 [INFO]     🤖⚠️  Verificación anti-bot (no concluyente), se conserva: https://www.opcionempleo.com.ar/jobad/arfec1ae5364e07f4f4ef0db89c985751f
2026-09-15 18:55:18,063 [INFO]     🤖⚠️  Verificación anti-bot (no concluyente), se conserva: https://www.opcionempleo.com.ar/jobad/arad19041a298f42a2dc51fe017ed81a7f
2026-09-15 18:55:18,065 [INFO]     🤖⚠️  Verificación anti-bot (no concluyente), se conserva: https://www.opcionempleo.com.ar/jobad/ar0ca55c9aaa4fa05c2e78dcdf6f369014
2026-09-15 18:55:18,071 [INFO]     🤖⚠️  Verificación anti-bot (no concluyente), se conserva: https://www.opcionempleo.com.ar/jobad/ar4aa7f69126a55e6244141fe88fdaa5a6
2026-09-15 18:55:18,080 [INFO]     🤖⚠️  Verificación anti-bot (no concluyente), se conserva: https://www.opcionempleo.com.ar/jobad/ar4efe08eeb2fba91c90e023b7b44e95d5
2026-09-15 18:55:18,370 [INFO]     🤖⚠️  Verificación anti-bot (no concluyente), se conserva: https://www.opcionempleo.com.ar/jobad/arb519a71cb774be3862344ba0768bfc43
2026-09-15 18:55:18,373 [INFO]     🤖⚠️  Verificación anti-bot (no concluyente), se conserva: https://www.opcionempleo.com.ar/jobad/ar5371a4e9d18770c352bdce22ba0d5c09
2026-09-15 18:55:18,384 [INFO]     🤖⚠️  Verificación anti-bot (no concluyente), se conserva: https://www.opcionempleo.com.ar/jobad/ar976ac92ca0d7efc58f6aa51f9333f26a
2026-09-15 18:55:18,664 [INFO]     🤖⚠️  Verificación anti-bot (no concluyente), se conserva: https://www.opcionempleo.com.ar/jobad/arfff89fa8528fd86b52ed5d72c4d15ad6
2026-09-15 18:55:19,262 [INFO]     🤖⚠️  Verificación anti-bot (no concluyente), se conserva: https://www.opcionempleo.com.ar/jobad/ar984eec27d6bc5e912e0b82bea4cc4910
2026-09-15 18:55:19,282 [INFO]     🤖⚠️  Verificación anti-bot (no concluyente), se conserva: https://www.opcionempleo.com.ar/jobad/ar67c8002fded3c26f8198ac71b72f5f29
2026-09-15 18:55:19,282 [INFO]     🤖⚠️  Verificación anti-bot (no concluyente), se conserva: https://www.opcionempleo.com.ar/jobad/ar1b4cea334897d0a5aa5d252c1f4ea156
2026-09-15 18:55:19,285 [INFO]     🤖⚠️  Verificación anti-bot (no concluyente), se conserva: https://www.opcionempleo.com.ar/jobad/arfbe5d5d0b0bcc9c4ea86694fce510b47
2026-09-15 18:55:19,532 [INFO]     🤖⚠️  Verificación anti-bot (no concluyente), se conserva: https://www.opcionempleo.com.ar/jobad/ar3fcb01cd6753e9527932dbeda39e9686
2026-09-15 18:55:19,533 [INFO]     🤖⚠️  Verificación anti-bot (no concluyente), se conserva: https://www.opcionempleo.com.ar/jobad/ar4d1d92f7f2628871604f3ee5215bbc7a
2026-09-15 18:55:19,535 [INFO]     🤖⚠️  Verificación anti-bot (no concluyente), se conserva: https://www.opcionempleo.com.ar/jobad/ardf7a9b42cba86679f6fac894a7adf1a4
2026-09-15 18:55:19,809 [INFO]     🤖⚠️  Verificación anti-bot (no concluyente), se conserva: https://www.opcionempleo.com.ar/jobad/are3f18c07e8b19baf651f7e4bc6886e2b
2026-09-15 18:55:20,115 [INFO]     🤖⚠️  Verificación anti-bot (no concluyente), se conserva: https://www.opcionempleo.com.ar/jobad/ar9de5ecb3604df40465a8d839037847bb
2026-09-15 18:55:20,115 [INFO]     🤖⚠️  Verificación anti-bot (no concluyente), se conserva: https://www.opcionempleo.com.ar/jobad/ar762dc59287469ea69428ddac21bd0bee
2026-09-15 18:55:20,116 [INFO]     🤖⚠️  Verificación anti-bot (no concluyente), se conserva: https://www.opcionempleo.com.ar/jobad/arf5e98824eb3bde5bb68965ae1bc35ccf
2026-09-15 18:55:20,116 [INFO]     🤖⚠️  Verificación anti-bot (no concluyente), se conserva: https://www.opcionempleo.com.ar/jobad/arce45bf3bc94eef214bc08f02c9453a7b
2026-09-15 18:55:20,412 [INFO]     🤖⚠️  Verificación anti-bot (no concluyente), se conserva: https://www.opcionempleo.com.ar/jobad/ar604eb4dae91a7f33194cc99d63a740ac
2026-09-15 18:55:20,414 [INFO]     🤖⚠️  Verificación anti-bot (no concluyente), se conserva: https://www.opcionempleo.com.ar/jobad/ar6df6d8d18004163c943671007bd2e42f
2026-09-15 18:55:20,419 [INFO]     🤖⚠️  Verificación anti-bot (no concluyente), se conserva: https://www.opcionempleo.com.ar/jobad/arb77e6b32b4f216b99311dd23bcc78f4c
2026-09-15 18:55:20,714 [INFO]     🤖⚠️  Verificación anti-bot (no concluyente), se conserva: https://www.opcionempleo.com.ar/jobad/ar6d35d0720379c9b6883651a33c98cd93
2026-09-15 18:55:21,021 [INFO]     🤖⚠️  Verificación anti-bot (no concluyente), se conserva: https://www.opcionempleo.com.ar/jobad/ar36a5795b433396a044c435fa58ab25cf
2026-09-15 18:55:21,023 [INFO]     🤖⚠️  Verificación anti-bot (no concluyente), se conserva: https://www.opcionempleo.com.ar/jobad/arc99760cf74119db537446dba5b39b4bc
2026-09-15 18:55:21,024 [INFO]     🤖⚠️  Verificación anti-bot (no concluyente), se conserva: https://www.opcionempleo.com.ar/jobad/ar5e62cf285cafacc9abdf4224afca0e0b
2026-09-15 18:55:21,025 [INFO]     🤖⚠️  Verificación anti-bot (no concluyente), se conserva: https://www.opcionempleo.com.ar/jobad/ar07e0893578ef331f95b185ed85af64c3
2026-09-15 18:55:21,339 [INFO]     🤖⚠️  Verificación anti-bot (no concluyente), se conserva: https://www.opcionempleo.com.ar/jobad/ar34776781f26c9475f8c8553a9b63564a
2026-09-15 18:55:21,344 [INFO]     🤖⚠️  Verificación anti-bot (no concluyente), se conserva: https://www.opcionempleo.com.ar/jobad/arde88e70474988728939f0cc327a865a5
2026-09-15 18:55:21,371 [INFO]     🤖⚠️  Verificación anti-bot (no concluyente), se conserva: https://www.opcionempleo.com.ar/jobad/ar344a1b095b753e4c4caf76b4c8390293
2026-09-15 18:55:21,632 [INFO]     🤖⚠️  Verificación anti-bot (no concluyente), se conserva: https://www.opcionempleo.com.ar/jobad/ar4525f8a4b0684038e09be7d47428cadf
2026-09-15 18:55:21,903 [INFO]     🤖⚠️  Verificación anti-bot (no concluyente), se conserva: https://www.opcionempleo.com.ar/jobad/ar8170e48f9691d8182970d4be65176c06
2026-09-15 18:55:21,907 [INFO]     🤖⚠️  Verificación anti-bot (no concluyente), se conserva: https://www.opcionempleo.com.ar/jobad/arfd568a7f16d684d4f512375978fb61bb
2026-09-15 18:55:21,908 [INFO]     🤖⚠️  Verificación anti-bot (no concluyente), se conserva: https://www.opcionempleo.com.ar/jobad/ar0eb05bb46eb8ef6fe525e158df4e2da0
2026-09-15 18:55:21,913 [INFO]     🤖⚠️  Verificación anti-bot (no concluyente), se conserva: https://www.opcionempleo.com.ar/jobad/ar4d6b84f0a3fe5447606b2adb27f5fc91
2026-09-15 18:55:22,139 [INFO]     🤖⚠️  Verificación anti-bot (no concluyente), se conserva: https://www.opcionempleo.com.ar/jobad/ar00e84e2a5a9851666425cd076c57bf19
2026-09-15 18:55:22,152 [INFO]     🤖⚠️  Verificación anti-bot (no concluyente), se conserva: https://www.opcionempleo.com.ar/jobad/ar1ab712daa8c4fd69de3a83b8d56cbe00
2026-09-15 18:55:22,166 [INFO]     🤖⚠️  Verificación anti-bot (no concluyente), se conserva: https://www.opcionempleo.com.ar/jobad/ar06fd93d751e87bd163da7b2ae3f915ae
2026-09-15 18:55:22,452 [INFO]     🤖⚠️  Verificación anti-bot (no concluyente), se conserva: https://www.opcionempleo.com.ar/jobad/arc058c0760804f327c993e12a0f8d11a9
2026-09-15 18:55:22,886 [INFO]     🤖⚠️  Verificación anti-bot (no concluyente), se conserva: https://www.opcionempleo.com.ar/jobad/ar91669a56f5a321d91858b7dd747fe911
2026-09-15 18:55:22,887 [INFO]     🤖⚠️  Verificación anti-bot (no concluyente), se conserva: https://www.opcionempleo.com.ar/jobad/ar7577c84f718ef961c998297e24ca7ffa
2026-09-15 18:55:22,890 [INFO]     🤖⚠️  Verificación anti-bot (no concluyente), se conserva: https://www.opcionempleo.com.ar/jobad/ar9d7e3d27cc6da986c21e71e29473280f
2026-09-15 18:55:22,891 [INFO]     🤖⚠️  Verificación anti-bot (no concluyente), se conserva: https://www.opcionempleo.com.ar/jobad/ar453fe0fe2956bd0702ba983120c52760
2026-09-15 18:55:23,168 [INFO]     🤖⚠️  Verificación anti-bot (no concluyente), se conserva: https://www.opcionempleo.com.ar/jobad/ara6b1cd5750cd87dc2011e1f4e772c52d
2026-09-15 18:55:23,173 [INFO]     🤖⚠️  Verificación anti-bot (no concluyente), se conserva: https://www.opcionempleo.com.ar/jobad/ar496a4fe0459d5e6b8fadb1e2c6e06382
2026-09-15 18:55:23,185 [INFO]     🤖⚠️  Verificación anti-bot (no concluyente), se conserva: https://www.opcionempleo.com.ar/jobad/arc1a1c3921a2f66273b10d8f9a5194db5
2026-09-15 18:55:23,679 [INFO]     🤖⚠️  Verificación anti-bot (no concluyente), se conserva: https://www.opcionempleo.com.ar/jobad/ar7d176dfff079e9655a1417004762d67f
2026-09-15 18:55:23,951 [INFO]     🤖⚠️  Verificación anti-bot (no concluyente), se conserva: https://www.opcionempleo.com.ar/jobad/arce5fb0da393645151815834e4f65cc89
2026-09-15 18:55:23,952 [INFO]     🤖⚠️  Verificación anti-bot (no concluyente), se conserva: https://www.opcionempleo.com.ar/jobad/ar73295b739d27023b1f991c8ac1ecd5e3
2026-09-15 18:55:23,961 [INFO]     🤖⚠️  Verificación anti-bot (no concluyente), se conserva: https://www.opcionempleo.com.ar/jobad/ar3f0cd17ea289cd44ece2d5c8bfb89e54
2026-09-15 18:55:23,995 [INFO]     🤖⚠️  Verificación anti-bot (no concluyente), se conserva: https://www.opcionempleo.com.ar/jobad/ar3caedc9335da5a8f10742007c5bd03bc
2026-09-15 18:55:24,606 [INFO]     🤖⚠️  Verificación anti-bot (no concluyente), se conserva: https://www.opcionempleo.com.ar/jobad/ar590e45a0610d6cf9c3cd49d9bb03ce13
2026-09-15 18:55:24,609 [INFO]     🤖⚠️  Verificación anti-bot (no concluyente), se conserva: https://www.opcionempleo.com.ar/jobad/ar65e818cbca689f1b39b2c71ef63c1744
2026-09-15 18:55:24,615 [INFO]     🤖⚠️  Verificación anti-bot (no concluyente), se conserva: https://www.opcionempleo.com.ar/jobad/ar265dd394fa99634522ab816f38922293
2026-09-15 18:55:24,920 [INFO]     🤖⚠️  Verificación anti-bot (no concluyente), se conserva: https://www.opcionempleo.com.ar/jobad/areaf57805ad99f58dcf1db943f282de20
2026-09-15 18:55:25,245 [INFO]     🤖⚠️  Verificación anti-bot (no concluyente), se conserva: https://www.opcionempleo.com.ar/jobad/ar91c99f067d260af63db368a290f2aa7d
2026-09-15 18:55:25,247 [INFO]     🤖⚠️  Verificación anti-bot (no concluyente), se conserva: https://www.opcionempleo.com.ar/jobad/ar1d9e6082a9eee6d7fea32ac8c32eab0d
2026-09-15 18:55:25,264 [INFO]     🤖⚠️  Verificación anti-bot (no concluyente), se conserva: https://www.opcionempleo.com.ar/jobad/arb1d5e9906dc15157173f2d04edb75db5
2026-09-15 18:55:25,266 [INFO]     🤖⚠️  Verificación anti-bot (no concluyente), se conserva: https://www.opcionempleo.com.ar/jobad/ar8198930404e29054cfebbc183e7c77a1
2026-09-15 18:55:25,530 [INFO]     🤖⚠️  Verificación anti-bot (no concluyente), se conserva: https://www.opcionempleo.com.ar/jobad/ard726973c878602efaf2c576db8cc7177
2026-09-15 18:55:25,532 [INFO]     🤖⚠️  Verificación anti-bot (no concluyente), se conserva: https://www.opcionempleo.com.ar/jobad/arb046b9101cbb214f2cdd6ec4a9c85059
2026-09-15 18:55:25,532 [INFO]     🤖⚠️  Verificación anti-bot (no concluyente), se conserva: https://www.opcionempleo.com.ar/jobad/ar862376aca34ced6806a9810ed8fe803d
2026-09-15 18:55:25,838 [INFO]     🤖⚠️  Verificación anti-bot (no concluyente), se conserva: https://www.opcionempleo.com.ar/jobad/ar224ecb7f5ea1fe3c95da610e7bd11f72
2026-09-15 18:55:26,097 [INFO]     🤖⚠️  Verificación anti-bot (no concluyente), se conserva: https://www.opcionempleo.com.ar/jobad/arfeb911e05b9362f5e5a65debb1a28b02
2026-09-15 18:55:26,108 [INFO]     🤖⚠️  Verificación anti-bot (no concluyente), se conserva: https://www.opcionempleo.com.ar/jobad/ar67dbe820eab30ca8e7983830d37f051f
2026-09-15 18:55:26,109 [INFO]     🤖⚠️  Verificación anti-bot (no concluyente), se conserva: https://www.opcionempleo.com.ar/jobad/areb3c48ccd4d0750ceab53e7547ca143a
2026-09-15 18:55:26,120 [INFO]     🤖⚠️  Verificación anti-bot (no concluyente), se conserva: https://www.opcionempleo.com.ar/jobad/ar1cf35a9b446a8f7f04dc2cb150ebf362
2026-09-15 18:55:26,343 [INFO]     🤖⚠️  Verificación anti-bot (no concluyente), se conserva: https://www.opcionempleo.com.ar/jobad/ara8230f380308ab22878a18567b11f532
2026-09-15 18:55:26,350 [INFO]     🤖⚠️  Verificación anti-bot (no concluyente), se conserva: https://www.opcionempleo.com.ar/jobad/arc6955be4f1b8924c9e92406965dc3151
2026-09-15 18:55:35,690 [INFO]   ✅ Nada para purgar — el consolidado ya está al día.
2026-09-15 18:55:35,697 [INFO] 
=================================================================
2026-09-15 18:55:35,698 [INFO]   RESUMEN DE LA PURGA
2026-09-15 18:55:35,698 [INFO] =================================================================
2026-09-15 18:55:35,698 [INFO]   Ofertas revisadas           : 4,985
2026-09-15 18:55:35,698 [INFO]   Eliminadas (antigüedad)     : 0
2026-09-15 18:55:35,698 [INFO]   Eliminadas (link inactivo)  : 0
2026-09-15 18:55:35,699 [INFO]   Total eliminadas            : 0
2026-09-15 18:55:35,699 [INFO]   Ofertas conservadas         : 4,985
2026-09-15 18:55:35,699 [INFO]   Duración total              : 8m 40s
2026-09-15 18:55:35,700 [INFO]   Reporte: /media/carlos-a-cicconi/Common1/Repositorios-Ing.Carlos-Cicconi/Trabajo_Final_MCD/data/raw/consolidado/purga_20260915_185535.json
