2026-09-05 21:26:48,782 [INFO] 
=================================================================
2026-09-05 21:26:48,783 [INFO]   ORQUESTADOR DE SCRAPING — Tesis MCD
2026-09-05 21:26:48,783 [INFO]   Alumno: Cicconi, Carlos Alberto
2026-09-05 21:26:48,783 [INFO]   Universidad Austral — Maestría en Explotación de Datos
2026-09-05 21:26:48,783 [INFO] =================================================================
2026-09-05 21:26:48,783 [INFO]   Fecha/hora inicio : 2026-09-05 21:26:48
2026-09-05 21:26:48,783 [INFO]   Ventana temporal  : 90 días
2026-09-05 21:26:48,783 [INFO]   Scrapers activos  : 10
2026-09-05 21:26:48,783 [INFO]   Solo consolidar   : False
2026-09-05 21:26:48,783 [INFO]   Origen de queries : módulos (por defecto)
2026-09-05 21:26:48,784 [INFO] 
  Scrapers a ejecutar: ['linkedin', 'computrabajo', 'getonboard', 'bumeran', 'zonajobs', 'workana', 'opcionempleo', 'jobomas', 'jobrapido', 'jobleads']
2026-09-05 21:26:48,784 [INFO] 
============================================================
2026-09-05 21:26:48,784 [INFO]   EJECUTANDO: linkedin (LinkedInScraper)
2026-09-05 21:26:48,784 [INFO]   Queries: definidas en el módulo
2026-09-05 21:26:48,784 [INFO] ============================================================
2026-09-05 21:26:49,004 [INFO] Base de datos lista: /media/carlos-a-cicconi/Common1/Repositorios-Ing.Carlos-Cicconi/Trabajo_Final_MCD/data/raw/linkedin.db
2026-09-05 21:26:49,004 [INFO] LinkedInScraper inicializado correctamente
2026-09-05 21:26:49,004 [INFO] ============================================================
2026-09-05 21:26:49,005 [INFO] INICIO DEL SCRAPING - LinkedIn Jobs
2026-09-05 21:26:49,005 [INFO] Búsquedas: 10 | Páginas por búsqueda: 5
2026-09-05 21:26:49,005 [INFO] ============================================================
2026-09-05 21:26:49,005 [INFO] 
🔍 Buscando: 'Data Scientist' en 'Argentina'
2026-09-05 21:26:49,005 [INFO]    Página 1/5 → https://www.linkedin.com/jobs-guest/jobs/api/seeMoreJobPostings/search?keywords=Data%20Scientist&location=Argentina&start=0&f_WT=2
2026-09-05 21:26:53,097 [INFO]    → 10 ofertas nuevas encontradas
2026-09-05 21:27:36,628 [INFO]    Página 2/5 → https://www.linkedin.com/jobs-guest/jobs/api/seeMoreJobPostings/search?keywords=Data%20Scientist&location=Argentina&start=25&f_WT=2
2026-09-05 21:27:40,192 [INFO]    → 10 ofertas nuevas encontradas
2026-09-05 21:28:26,279 [INFO]    Página 3/5 → https://www.linkedin.com/jobs-guest/jobs/api/seeMoreJobPostings/search?keywords=Data%20Scientist&location=Argentina&start=50&f_WT=2
2026-09-05 21:28:30,284 [INFO]    → 10 ofertas nuevas encontradas
2026-09-05 21:29:12,970 [INFO]    Página 4/5 → https://www.linkedin.com/jobs-guest/jobs/api/seeMoreJobPostings/search?keywords=Data%20Scientist&location=Argentina&start=75&f_WT=2
2026-09-05 21:29:17,247 [INFO]    → 10 ofertas nuevas encontradas
2026-09-05 21:30:01,398 [INFO]    Página 5/5 → https://www.linkedin.com/jobs-guest/jobs/api/seeMoreJobPostings/search?keywords=Data%20Scientist&location=Argentina&start=100&f_WT=2
2026-09-05 21:30:06,294 [INFO]    → 10 ofertas nuevas encontradas
2026-09-05 21:30:48,034 [INFO] Exportadas 50 ofertas a CSV: /media/carlos-a-cicconi/Common1/Repositorios-Ing.Carlos-Cicconi/Trabajo_Final_MCD/data/raw/ofertas_linkedin_20260905.csv
2026-09-05 21:30:48,034 [INFO] ✅ 'Data Scientist': 50 ofertas guardadas
2026-09-05 21:30:48,034 [INFO] 
🔍 Buscando: 'Data Analyst' en 'Argentina'
2026-09-05 21:30:48,034 [INFO]    Página 1/5 → https://www.linkedin.com/jobs-guest/jobs/api/seeMoreJobPostings/search?keywords=Data%20Analyst&location=Argentina&start=0&f_WT=2
2026-09-05 21:30:51,936 [INFO]    → 7 ofertas nuevas encontradas
2026-09-05 21:31:23,003 [INFO]    Página 2/5 → https://www.linkedin.com/jobs-guest/jobs/api/seeMoreJobPostings/search?keywords=Data%20Analyst&location=Argentina&start=25&f_WT=2
2026-09-05 21:31:26,385 [INFO]    → 10 ofertas nuevas encontradas
2026-09-05 21:32:05,688 [INFO]    Página 3/5 → https://www.linkedin.com/jobs-guest/jobs/api/seeMoreJobPostings/search?keywords=Data%20Analyst&location=Argentina&start=50&f_WT=2
2026-09-05 21:32:10,471 [INFO]    → 8 ofertas nuevas encontradas
2026-09-05 21:32:42,780 [INFO]    Página 4/5 → https://www.linkedin.com/jobs-guest/jobs/api/seeMoreJobPostings/search?keywords=Data%20Analyst&location=Argentina&start=75&f_WT=2
2026-09-05 21:32:46,301 [INFO]    → 10 ofertas nuevas encontradas
2026-09-05 21:33:30,080 [INFO]    Página 5/5 → https://www.linkedin.com/jobs-guest/jobs/api/seeMoreJobPostings/search?keywords=Data%20Analyst&location=Argentina&start=100&f_WT=2
2026-09-05 21:33:35,423 [INFO]    → 10 ofertas nuevas encontradas
2026-09-05 21:34:16,396 [INFO] Exportadas 45 ofertas a CSV: /media/carlos-a-cicconi/Common1/Repositorios-Ing.Carlos-Cicconi/Trabajo_Final_MCD/data/raw/ofertas_linkedin_20260905.csv
2026-09-05 21:34:16,396 [INFO] ✅ 'Data Analyst': 45 ofertas guardadas
2026-09-05 21:34:16,396 [INFO] 
🔍 Buscando: 'Machine Learning Engineer' en 'Argentina'
2026-09-05 21:34:16,396 [INFO]    Página 1/5 → https://www.linkedin.com/jobs-guest/jobs/api/seeMoreJobPostings/search?keywords=Machine%20Learning%20Engineer&location=Argentina&start=0&f_WT=2
2026-09-05 21:34:19,633 [INFO]    → 5 ofertas nuevas encontradas
2026-09-05 21:34:40,345 [INFO]    Página 2/5 → https://www.linkedin.com/jobs-guest/jobs/api/seeMoreJobPostings/search?keywords=Machine%20Learning%20Engineer&location=Argentina&start=25&f_WT=2
2026-09-05 21:34:43,662 [INFO]    → 7 ofertas nuevas encontradas
2026-09-05 21:35:09,790 [INFO]    Página 3/5 → https://www.linkedin.com/jobs-guest/jobs/api/seeMoreJobPostings/search?keywords=Machine%20Learning%20Engineer&location=Argentina&start=50&f_WT=2
2026-09-05 21:35:13,006 [INFO]    → 10 ofertas nuevas encontradas
2026-09-05 21:35:54,969 [INFO]    Página 4/5 → https://www.linkedin.com/jobs-guest/jobs/api/seeMoreJobPostings/search?keywords=Machine%20Learning%20Engineer&location=Argentina&start=75&f_WT=2
2026-09-05 21:35:58,767 [INFO]    → 10 ofertas nuevas encontradas
2026-09-05 21:36:45,272 [INFO]    Página 5/5 → https://www.linkedin.com/jobs-guest/jobs/api/seeMoreJobPostings/search?keywords=Machine%20Learning%20Engineer&location=Argentina&start=100&f_WT=2
2026-09-05 21:36:50,482 [INFO]    → 7 ofertas nuevas encontradas
2026-09-05 21:37:28,005 [ERROR] Error de conexión (intento 1/3): HTTPSConnectionPool(host='www.linkedin.com', port=443): Read timed out. (read timeout=15)
2026-09-05 21:37:50,515 [INFO] Exportadas 39 ofertas a CSV: /media/carlos-a-cicconi/Common1/Repositorios-Ing.Carlos-Cicconi/Trabajo_Final_MCD/data/raw/ofertas_linkedin_20260905.csv
2026-09-05 21:37:50,515 [INFO] ✅ 'Machine Learning Engineer': 39 ofertas guardadas
2026-09-05 21:37:50,515 [INFO] 
🔍 Buscando: 'NLP Engineer' en 'Argentina'
2026-09-05 21:37:50,515 [INFO]    Página 1/5 → https://www.linkedin.com/jobs-guest/jobs/api/seeMoreJobPostings/search?keywords=NLP%20Engineer&location=Argentina&start=0&f_WT=2
2026-09-05 21:37:53,980 [INFO]    → 6 ofertas nuevas encontradas
2026-09-05 21:38:19,384 [INFO]    Página 2/5 → https://www.linkedin.com/jobs-guest/jobs/api/seeMoreJobPostings/search?keywords=NLP%20Engineer&location=Argentina&start=25&f_WT=2
2026-09-05 21:38:24,707 [INFO]    → 5 ofertas nuevas encontradas
2026-09-05 21:38:45,006 [INFO]    Página 3/5 → https://www.linkedin.com/jobs-guest/jobs/api/seeMoreJobPostings/search?keywords=NLP%20Engineer&location=Argentina&start=50&f_WT=2
2026-09-05 21:38:49,089 [INFO]    → 3 ofertas nuevas encontradas
2026-09-05 21:38:59,829 [INFO]    Página 4/5 → https://www.linkedin.com/jobs-guest/jobs/api/seeMoreJobPostings/search?keywords=NLP%20Engineer&location=Argentina&start=75&f_WT=2
2026-09-05 21:39:03,102 [INFO]    → 8 ofertas nuevas encontradas
2026-09-05 21:39:35,586 [INFO]    Página 5/5 → https://www.linkedin.com/jobs-guest/jobs/api/seeMoreJobPostings/search?keywords=NLP%20Engineer&location=Argentina&start=100&f_WT=2
2026-09-05 21:39:41,005 [INFO]    → 7 ofertas nuevas encontradas
2026-09-05 21:40:10,617 [INFO] Exportadas 29 ofertas a CSV: /media/carlos-a-cicconi/Common1/Repositorios-Ing.Carlos-Cicconi/Trabajo_Final_MCD/data/raw/ofertas_linkedin_20260905.csv
2026-09-05 21:40:10,617 [INFO] ✅ 'NLP Engineer': 29 ofertas guardadas
2026-09-05 21:40:10,617 [INFO] 
🔍 Buscando: 'Data Engineer' en 'Argentina'
2026-09-05 21:40:10,617 [INFO]    Página 1/5 → https://www.linkedin.com/jobs-guest/jobs/api/seeMoreJobPostings/search?keywords=Data%20Engineer&location=Argentina&start=0&f_WT=2
2026-09-05 21:40:14,164 [INFO]    → 6 ofertas nuevas encontradas
2026-09-05 21:40:42,355 [INFO]    Página 2/5 → https://www.linkedin.com/jobs-guest/jobs/api/seeMoreJobPostings/search?keywords=Data%20Engineer&location=Argentina&start=25&f_WT=2
2026-09-05 21:40:47,174 [INFO]    → 9 ofertas nuevas encontradas
2026-09-05 21:41:25,479 [INFO]    Página 3/5 → https://www.linkedin.com/jobs-guest/jobs/api/seeMoreJobPostings/search?keywords=Data%20Engineer&location=Argentina&start=50&f_WT=2
2026-09-05 21:41:29,219 [INFO]    → 10 ofertas nuevas encontradas
2026-09-05 21:42:12,267 [INFO]    Página 4/5 → https://www.linkedin.com/jobs-guest/jobs/api/seeMoreJobPostings/search?keywords=Data%20Engineer&location=Argentina&start=75&f_WT=2
2026-09-05 21:42:17,469 [INFO]    → 10 ofertas nuevas encontradas
2026-09-05 21:42:58,515 [ERROR] Error de conexión (intento 1/3): HTTPSConnectionPool(host='www.linkedin.com', port=443): Read timed out. (read timeout=15)
2026-09-05 21:43:28,747 [INFO]    Página 5/5 → https://www.linkedin.com/jobs-guest/jobs/api/seeMoreJobPostings/search?keywords=Data%20Engineer&location=Argentina&start=100&f_WT=2
2026-09-05 21:43:32,264 [INFO]    → 10 ofertas nuevas encontradas
2026-09-05 21:44:17,388 [INFO] Exportadas 45 ofertas a CSV: /media/carlos-a-cicconi/Common1/Repositorios-Ing.Carlos-Cicconi/Trabajo_Final_MCD/data/raw/ofertas_linkedin_20260905.csv
2026-09-05 21:44:17,389 [INFO] ✅ 'Data Engineer': 45 ofertas guardadas
2026-09-05 21:44:17,389 [INFO] 
🔍 Buscando: 'Software Engineer' en 'Argentina'
2026-09-05 21:44:17,389 [INFO]    Página 1/5 → https://www.linkedin.com/jobs-guest/jobs/api/seeMoreJobPostings/search?keywords=Software%20Engineer&location=Argentina&start=0&f_WT=2
2026-09-05 21:44:20,510 [INFO]    → 10 ofertas nuevas encontradas
2026-09-05 21:45:04,047 [INFO]    Página 2/5 → https://www.linkedin.com/jobs-guest/jobs/api/seeMoreJobPostings/search?keywords=Software%20Engineer&location=Argentina&start=25&f_WT=2
2026-09-05 21:45:07,124 [INFO]    → 10 ofertas nuevas encontradas
2026-09-05 21:45:52,664 [INFO]    Página 3/5 → https://www.linkedin.com/jobs-guest/jobs/api/seeMoreJobPostings/search?keywords=Software%20Engineer&location=Argentina&start=50&f_WT=2
2026-09-05 21:45:56,161 [INFO]    → 9 ofertas nuevas encontradas
2026-09-05 21:46:38,062 [INFO]    Página 4/5 → https://www.linkedin.com/jobs-guest/jobs/api/seeMoreJobPostings/search?keywords=Software%20Engineer&location=Argentina&start=75&f_WT=2
2026-09-05 21:46:43,439 [INFO]    → 9 ofertas nuevas encontradas
2026-09-05 21:47:20,486 [INFO]    Página 5/5 → https://www.linkedin.com/jobs-guest/jobs/api/seeMoreJobPostings/search?keywords=Software%20Engineer&location=Argentina&start=100&f_WT=2
2026-09-05 21:47:25,847 [INFO]    → 9 ofertas nuevas encontradas
2026-09-05 21:48:04,625 [INFO] Exportadas 47 ofertas a CSV: /media/carlos-a-cicconi/Common1/Repositorios-Ing.Carlos-Cicconi/Trabajo_Final_MCD/data/raw/ofertas_linkedin_20260905.csv
2026-09-05 21:48:04,625 [INFO] ✅ 'Software Engineer': 47 ofertas guardadas
2026-09-05 21:48:04,625 [INFO] 
🔍 Buscando: 'Python Developer' en 'Argentina'
2026-09-05 21:48:04,625 [INFO]    Página 1/5 → https://www.linkedin.com/jobs-guest/jobs/api/seeMoreJobPostings/search?keywords=Python%20Developer&location=Argentina&start=0&f_WT=2
2026-09-05 21:48:09,155 [INFO]    → 10 ofertas nuevas encontradas
2026-09-05 21:48:50,858 [INFO]    Página 2/5 → https://www.linkedin.com/jobs-guest/jobs/api/seeMoreJobPostings/search?keywords=Python%20Developer&location=Argentina&start=25&f_WT=2
2026-09-05 21:48:55,857 [INFO]    → 9 ofertas nuevas encontradas
2026-09-05 21:49:34,116 [INFO]    Página 3/5 → https://www.linkedin.com/jobs-guest/jobs/api/seeMoreJobPostings/search?keywords=Python%20Developer&location=Argentina&start=50&f_WT=2
2026-09-05 21:49:38,880 [INFO]    → 8 ofertas nuevas encontradas
2026-09-05 21:50:15,325 [INFO]    Página 4/5 → https://www.linkedin.com/jobs-guest/jobs/api/seeMoreJobPostings/search?keywords=Python%20Developer&location=Argentina&start=75&f_WT=2
2026-09-05 21:50:20,387 [INFO]    → 6 ofertas nuevas encontradas
2026-09-05 21:50:47,571 [INFO]    Página 5/5 → https://www.linkedin.com/jobs-guest/jobs/api/seeMoreJobPostings/search?keywords=Python%20Developer&location=Argentina&start=100&f_WT=2
2026-09-05 21:50:51,579 [INFO]    → 4 ofertas nuevas encontradas
2026-09-05 21:51:08,022 [INFO] Exportadas 37 ofertas a CSV: /media/carlos-a-cicconi/Common1/Repositorios-Ing.Carlos-Cicconi/Trabajo_Final_MCD/data/raw/ofertas_linkedin_20260905.csv
2026-09-05 21:51:08,022 [INFO] ✅ 'Python Developer': 37 ofertas guardadas
2026-09-05 21:51:08,022 [INFO] 
🔍 Buscando: 'Desarrollador Backend' en 'Argentina'
2026-09-05 21:51:08,022 [INFO]    Página 1/5 → https://www.linkedin.com/jobs-guest/jobs/api/seeMoreJobPostings/search?keywords=Desarrollador%20Backend&location=Argentina&start=0&f_WT=2
2026-09-05 21:51:12,866 [INFO]    → 6 ofertas nuevas encontradas
2026-09-05 21:51:38,736 [INFO]    Página 2/5 → https://www.linkedin.com/jobs-guest/jobs/api/seeMoreJobPostings/search?keywords=Desarrollador%20Backend&location=Argentina&start=25&f_WT=2
2026-09-05 21:51:42,601 [INFO]    → 5 ofertas nuevas encontradas
2026-09-05 21:52:03,565 [INFO]    Página 3/5 → https://www.linkedin.com/jobs-guest/jobs/api/seeMoreJobPostings/search?keywords=Desarrollador%20Backend&location=Argentina&start=50&f_WT=2
2026-09-05 21:52:09,177 [INFO]    → 10 ofertas nuevas encontradas
2026-09-05 21:52:54,750 [INFO]    Página 4/5 → https://www.linkedin.com/jobs-guest/jobs/api/seeMoreJobPostings/search?keywords=Desarrollador%20Backend&location=Argentina&start=75&f_WT=2
2026-09-05 21:52:58,454 [INFO]    → 6 ofertas nuevas encontradas
2026-09-05 21:53:25,155 [INFO]    Página 5/5 → https://www.linkedin.com/jobs-guest/jobs/api/seeMoreJobPostings/search?keywords=Desarrollador%20Backend&location=Argentina&start=100&f_WT=2
2026-09-05 21:53:30,567 [INFO]    → 9 ofertas nuevas encontradas
2026-09-05 21:54:11,477 [INFO] Exportadas 36 ofertas a CSV: /media/carlos-a-cicconi/Common1/Repositorios-Ing.Carlos-Cicconi/Trabajo_Final_MCD/data/raw/ofertas_linkedin_20260905.csv
2026-09-05 21:54:11,478 [INFO] ✅ 'Desarrollador Backend': 36 ofertas guardadas
2026-09-05 21:54:11,478 [INFO] 
🔍 Buscando: 'Desarrollador Full Stack' en 'Argentina'
2026-09-05 21:54:11,478 [INFO]    Página 1/5 → https://www.linkedin.com/jobs-guest/jobs/api/seeMoreJobPostings/search?keywords=Desarrollador%20Full%20Stack&location=Argentina&start=0&f_WT=2
2026-09-05 21:54:15,842 [INFO]    → 10 ofertas nuevas encontradas
2026-09-05 21:54:59,795 [INFO]    Página 2/5 → https://www.linkedin.com/jobs-guest/jobs/api/seeMoreJobPostings/search?keywords=Desarrollador%20Full%20Stack&location=Argentina&start=25&f_WT=2
2026-09-05 21:55:03,288 [INFO]    → 10 ofertas nuevas encontradas
2026-09-05 21:55:43,929 [INFO]    Página 3/5 → https://www.linkedin.com/jobs-guest/jobs/api/seeMoreJobPostings/search?keywords=Desarrollador%20Full%20Stack&location=Argentina&start=50&f_WT=2
2026-09-05 21:55:48,944 [INFO]    → 7 ofertas nuevas encontradas
2026-09-05 21:56:17,750 [INFO]    Página 4/5 → https://www.linkedin.com/jobs-guest/jobs/api/seeMoreJobPostings/search?keywords=Desarrollador%20Full%20Stack&location=Argentina&start=75&f_WT=2
2026-09-05 21:56:21,588 [INFO]    → 8 ofertas nuevas encontradas
2026-09-05 21:56:53,946 [INFO]    Página 5/5 → https://www.linkedin.com/jobs-guest/jobs/api/seeMoreJobPostings/search?keywords=Desarrollador%20Full%20Stack&location=Argentina&start=100&f_WT=2
2026-09-05 21:56:57,324 [INFO]    → 8 ofertas nuevas encontradas
2026-09-05 21:57:31,848 [INFO] Exportadas 43 ofertas a CSV: /media/carlos-a-cicconi/Common1/Repositorios-Ing.Carlos-Cicconi/Trabajo_Final_MCD/data/raw/ofertas_linkedin_20260905.csv
2026-09-05 21:57:31,848 [INFO] ✅ 'Desarrollador Full Stack': 43 ofertas guardadas
2026-09-05 21:57:31,848 [INFO] 
🔍 Buscando: 'Ingeniero de Datos' en 'Argentina'
2026-09-05 21:57:31,848 [INFO]    Página 1/5 → https://www.linkedin.com/jobs-guest/jobs/api/seeMoreJobPostings/search?keywords=Ingeniero%20de%20Datos&location=Argentina&start=0&f_WT=2
2026-09-05 21:57:35,512 [INFO]    → 3 ofertas nuevas encontradas
2026-09-05 21:57:48,898 [INFO]    Página 2/5 → https://www.linkedin.com/jobs-guest/jobs/api/seeMoreJobPostings/search?keywords=Ingeniero%20de%20Datos&location=Argentina&start=25&f_WT=2
2026-09-05 21:57:52,634 [INFO]    → 6 ofertas nuevas encontradas
2026-09-05 21:58:15,500 [INFO]    Página 3/5 → https://www.linkedin.com/jobs-guest/jobs/api/seeMoreJobPostings/search?keywords=Ingeniero%20de%20Datos&location=Argentina&start=50&f_WT=2
2026-09-05 21:58:20,129 [INFO]    → 7 ofertas nuevas encontradas
2026-09-05 21:58:47,303 [INFO]    Página 4/5 → https://www.linkedin.com/jobs-guest/jobs/api/seeMoreJobPostings/search?keywords=Ingeniero%20de%20Datos&location=Argentina&start=75&f_WT=2
2026-09-05 21:58:51,503 [INFO]    → 7 ofertas nuevas encontradas
2026-09-05 21:59:21,437 [INFO]    Página 5/5 → https://www.linkedin.com/jobs-guest/jobs/api/seeMoreJobPostings/search?keywords=Ingeniero%20de%20Datos&location=Argentina&start=100&f_WT=2
2026-09-05 21:59:25,104 [INFO]    → 4 ofertas nuevas encontradas
2026-09-05 21:59:28,715 [WARNING] Rate limit (429). Esperando 60s antes de reintentar...
2026-09-05 22:00:45,289 [INFO] Exportadas 27 ofertas a CSV: /media/carlos-a-cicconi/Common1/Repositorios-Ing.Carlos-Cicconi/Trabajo_Final_MCD/data/raw/ofertas_linkedin_20260905.csv
2026-09-05 22:00:45,289 [INFO] ✅ 'Ingeniero de Datos': 27 ofertas guardadas
2026-09-05 22:00:45,289 [INFO] 
============================================================
2026-09-05 22:00:45,289 [INFO] SCRAPING FINALIZADO
2026-09-05 22:00:45,289 [INFO] Total de ofertas únicas recopiladas: 398
2026-09-05 22:00:45,289 [INFO] Base de datos: /media/carlos-a-cicconi/Common1/Repositorios-Ing.Carlos-Cicconi/Trabajo_Final_MCD/data/raw/linkedin.db
2026-09-05 22:00:45,289 [INFO] CSV exportado: /media/carlos-a-cicconi/Common1/Repositorios-Ing.Carlos-Cicconi/Trabajo_Final_MCD/data/raw/ofertas_linkedin_20260905.csv
2026-09-05 22:00:45,290 [INFO] Log guardado:  /media/carlos-a-cicconi/Common1/Repositorios-Ing.Carlos-Cicconi/Trabajo_Final_MCD/logs/scraper_20260905_212648.log
2026-09-05 22:00:45,290 [INFO] ============================================================
2026-09-05 22:00:45,291 [INFO] Estadísticas guardadas: /media/carlos-a-cicconi/Common1/Repositorios-Ing.Carlos-Cicconi/Trabajo_Final_MCD/data/raw/stats_linkedin_20260905_220045.json
2026-09-05 22:00:45,291 [INFO]   ✅ linkedin: 398 ofertas recopiladas
2026-09-05 22:00:45,295 [INFO] 
============================================================
2026-09-05 22:00:45,295 [INFO]   EJECUTANDO: computrabajo (ComputrabajoScraper)
2026-09-05 22:00:45,295 [INFO]   Queries: definidas en el módulo
2026-09-05 22:00:45,295 [INFO] ============================================================
2026-09-05 22:00:45,326 [INFO] Base de datos lista: /media/carlos-a-cicconi/Common1/Repositorios-Ing.Carlos-Cicconi/Trabajo_Final_MCD/data/raw/computrabajo.db
2026-09-05 22:00:45,326 [INFO] ComputrabajoScraper inicializado correctamente
2026-09-05 22:00:45,326 [INFO] ============================================================
2026-09-05 22:00:45,326 [INFO] INICIO DEL SCRAPING - Computrabajo Argentina
2026-09-05 22:00:45,326 [INFO] Búsquedas: 10 | Páginas por búsqueda: 5
2026-09-05 22:00:45,326 [INFO] ============================================================
2026-09-05 22:00:45,326 [INFO] 
🔍 Buscando: 'Data Scientist'
2026-09-05 22:00:45,326 [INFO]    Página 1/5 → https://www.computrabajo.com.ar/trabajo-de-data-scientist
2026-09-05 22:00:55,734 [INFO]    → 2 ofertas nuevas encontradas
2026-09-05 22:01:04,743 [INFO]    Página 2/5 → https://www.computrabajo.com.ar/trabajo-de-data-scientist?p=2
2026-09-05 22:01:08,978 [INFO]    → 0 ofertas nuevas encontradas
2026-09-05 22:01:08,978 [INFO]    → Sin más resultados para esta búsqueda.
2026-09-05 22:01:08,978 [INFO] Exportadas 2 ofertas a CSV: /media/carlos-a-cicconi/Common1/Repositorios-Ing.Carlos-Cicconi/Trabajo_Final_MCD/data/raw/ofertas_computrabajo_20260905.csv
2026-09-05 22:01:08,978 [INFO] ✅ 'Data Scientist': 2 ofertas guardadas
2026-09-05 22:01:08,978 [INFO] 
🔍 Buscando: 'Data Analyst'
2026-09-05 22:01:08,978 [INFO]    Página 1/5 → https://www.computrabajo.com.ar/trabajo-de-data-analyst
2026-09-05 22:01:12,563 [INFO]    → 20 ofertas nuevas encontradas
2026-09-05 22:03:00,072 [INFO]    Página 2/5 → https://www.computrabajo.com.ar/trabajo-de-data-analyst?p=2
2026-09-05 22:03:04,479 [INFO]    → 0 ofertas nuevas encontradas
2026-09-05 22:03:04,479 [INFO]    → Sin más resultados para esta búsqueda.
2026-09-05 22:03:04,487 [INFO] Exportadas 20 ofertas a CSV: /media/carlos-a-cicconi/Common1/Repositorios-Ing.Carlos-Cicconi/Trabajo_Final_MCD/data/raw/ofertas_computrabajo_20260905.csv
2026-09-05 22:03:04,487 [INFO] ✅ 'Data Analyst': 20 ofertas guardadas
2026-09-05 22:03:04,487 [INFO] 
🔍 Buscando: 'Machine Learning Engineer'
2026-09-05 22:03:04,487 [INFO]    Página 1/5 → https://www.computrabajo.com.ar/trabajo-de-machine-learning
2026-09-05 22:03:08,831 [INFO]    → 7 ofertas nuevas encontradas
2026-09-05 22:03:45,053 [INFO]    Página 2/5 → https://www.computrabajo.com.ar/trabajo-de-machine-learning?p=2
2026-09-05 22:03:51,370 [INFO]    → 0 ofertas nuevas encontradas
2026-09-05 22:03:51,371 [INFO]    → Sin más resultados para esta búsqueda.
2026-09-05 22:03:51,371 [INFO] Exportadas 7 ofertas a CSV: /media/carlos-a-cicconi/Common1/Repositorios-Ing.Carlos-Cicconi/Trabajo_Final_MCD/data/raw/ofertas_computrabajo_20260905.csv
2026-09-05 22:03:51,371 [INFO] ✅ 'Machine Learning Engineer': 7 ofertas guardadas
2026-09-05 22:03:51,371 [INFO] 
🔍 Buscando: 'NLP Engineer'
2026-09-05 22:03:51,372 [INFO]    Página 1/5 → https://www.computrabajo.com.ar/trabajo-de-nlp-engineer
2026-09-05 22:03:56,473 [INFO]    → 0 ofertas nuevas encontradas
2026-09-05 22:03:56,474 [INFO]    → Sin más resultados para esta búsqueda.
2026-09-05 22:03:56,481 [INFO] ✅ 'NLP Engineer': 0 ofertas guardadas
2026-09-05 22:03:56,481 [INFO] 
🔍 Buscando: 'Data Engineer'
2026-09-05 22:03:56,481 [INFO]    Página 1/5 → https://www.computrabajo.com.ar/trabajo-de-data-engineer
2026-09-05 22:04:01,882 [INFO]    → 0 ofertas nuevas encontradas
2026-09-05 22:04:01,882 [INFO]    → Sin más resultados para esta búsqueda.
2026-09-05 22:04:01,889 [INFO] ✅ 'Data Engineer': 0 ofertas guardadas
2026-09-05 22:04:01,889 [INFO] 
🔍 Buscando: 'Software Engineer'
2026-09-05 22:04:01,889 [INFO]    Página 1/5 → https://www.computrabajo.com.ar/trabajo-de-software-engineer
2026-09-05 22:04:07,487 [INFO]    → 20 ofertas nuevas encontradas
2026-09-05 22:05:48,935 [INFO]    Página 2/5 → https://www.computrabajo.com.ar/trabajo-de-software-engineer?p=2
2026-09-05 22:05:54,110 [INFO]    → 0 ofertas nuevas encontradas
2026-09-05 22:05:54,110 [INFO]    → Sin más resultados para esta búsqueda.
2026-09-05 22:05:54,121 [INFO] Exportadas 20 ofertas a CSV: /media/carlos-a-cicconi/Common1/Repositorios-Ing.Carlos-Cicconi/Trabajo_Final_MCD/data/raw/ofertas_computrabajo_20260905.csv
2026-09-05 22:05:54,121 [INFO] ✅ 'Software Engineer': 20 ofertas guardadas
2026-09-05 22:05:54,121 [INFO] 
🔍 Buscando: 'Python Developer'
2026-09-05 22:05:54,121 [INFO]    Página 1/5 → https://www.computrabajo.com.ar/trabajo-de-python
2026-09-05 22:05:58,661 [INFO]    → 0 ofertas nuevas encontradas
2026-09-05 22:05:58,662 [INFO]    → Sin más resultados para esta búsqueda.
2026-09-05 22:05:58,662 [INFO] ✅ 'Python Developer': 0 ofertas guardadas
2026-09-05 22:05:58,662 [INFO] 
🔍 Buscando: 'Desarrollador Backend'
2026-09-05 22:05:58,662 [INFO]    Página 1/5 → https://www.computrabajo.com.ar/trabajo-de-desarrollador-backend
2026-09-05 22:06:04,483 [INFO]    → 0 ofertas nuevas encontradas
2026-09-05 22:06:04,483 [INFO]    → Sin más resultados para esta búsqueda.
2026-09-05 22:06:04,484 [INFO] ✅ 'Desarrollador Backend': 0 ofertas guardadas
2026-09-05 22:06:04,484 [INFO] 
🔍 Buscando: 'Desarrollador Full Stack'
2026-09-05 22:06:04,484 [INFO]    Página 1/5 → https://www.computrabajo.com.ar/trabajo-de-desarrollador-full-stack
2026-09-05 22:06:08,671 [INFO]    → 0 ofertas nuevas encontradas
2026-09-05 22:06:08,672 [INFO]    → Sin más resultados para esta búsqueda.
2026-09-05 22:06:08,672 [INFO] ✅ 'Desarrollador Full Stack': 0 ofertas guardadas
2026-09-05 22:06:08,672 [INFO] 
🔍 Buscando: 'Ingeniero de Datos'
2026-09-05 22:06:08,672 [INFO]    Página 1/5 → https://www.computrabajo.com.ar/trabajo-de-ingeniero-de-datos
2026-09-05 22:06:14,640 [INFO]    → 0 ofertas nuevas encontradas
2026-09-05 22:06:14,640 [INFO]    → Sin más resultados para esta búsqueda.
2026-09-05 22:06:14,641 [INFO] ✅ 'Ingeniero de Datos': 0 ofertas guardadas
2026-09-05 22:06:14,641 [INFO] 
============================================================
2026-09-05 22:06:14,641 [INFO] SCRAPING FINALIZADO - Computrabajo
2026-09-05 22:06:14,641 [INFO] Total de ofertas únicas recopiladas: 49
2026-09-05 22:06:14,641 [INFO] Base de datos : /media/carlos-a-cicconi/Common1/Repositorios-Ing.Carlos-Cicconi/Trabajo_Final_MCD/data/raw/computrabajo.db
2026-09-05 22:06:14,641 [INFO] CSV exportado : /media/carlos-a-cicconi/Common1/Repositorios-Ing.Carlos-Cicconi/Trabajo_Final_MCD/data/raw/ofertas_computrabajo_20260905.csv
2026-09-05 22:06:14,641 [INFO] Log guardado  : /media/carlos-a-cicconi/Common1/Repositorios-Ing.Carlos-Cicconi/Trabajo_Final_MCD/logs/computrabajo_scraper_20260905_220045.log
2026-09-05 22:06:14,641 [INFO] ============================================================
2026-09-05 22:06:14,648 [INFO] Estadísticas guardadas: /media/carlos-a-cicconi/Common1/Repositorios-Ing.Carlos-Cicconi/Trabajo_Final_MCD/data/raw/stats_computrabajo_20260905_220614.json
2026-09-05 22:06:14,648 [INFO]   ✅ computrabajo: 49 ofertas recopiladas
2026-09-05 22:06:14,651 [INFO] 
============================================================
2026-09-05 22:06:14,651 [INFO]   EJECUTANDO: getonboard (GetOnBoardScraper)
2026-09-05 22:06:14,651 [INFO]   Queries: definidas en el módulo
2026-09-05 22:06:14,651 [INFO] ============================================================
2026-09-05 22:06:14,653 [INFO] Base de datos lista: /media/carlos-a-cicconi/Common1/Repositorios-Ing.Carlos-Cicconi/Trabajo_Final_MCD/data/raw/getonboard.db
2026-09-05 22:06:14,653 [INFO] GetOnBoardScraper inicializado
2026-09-05 22:06:14,653 [INFO] ============================================================
2026-09-05 22:06:14,653 [INFO] INICIO DEL SCRAPING - GetOnBoard (API JSON)
2026-09-05 22:06:14,654 [INFO] Búsquedas: 10 | Páginas: 5
2026-09-05 22:06:14,654 [INFO] ============================================================
2026-09-05 22:06:14,654 [INFO] 
🔍 Buscando: 'Data Scientist'
2026-09-05 22:06:14,654 [INFO]    Página 1/5
2026-09-05 22:06:18,770 [INFO]    → 20 items recibidos
2026-09-05 22:06:18,786 [INFO]    → 20 ofertas nuevas guardadas en esta página
2026-09-05 22:06:18,787 [INFO]    Página 2/5
2026-09-05 22:06:22,044 [INFO]    → 3 items recibidos
2026-09-05 22:06:22,049 [INFO]    → 3 ofertas nuevas guardadas en esta página
2026-09-05 22:06:22,049 [INFO]    Página 3/5
2026-09-05 22:06:23,976 [INFO]    → 0 items recibidos
2026-09-05 22:06:23,977 [INFO]    → Sin más resultados.
2026-09-05 22:06:23,993 [INFO] Exportadas 23 ofertas a CSV: /media/carlos-a-cicconi/Common1/Repositorios-Ing.Carlos-Cicconi/Trabajo_Final_MCD/data/raw/ofertas_getonboard_20260905.csv
2026-09-05 22:06:23,993 [INFO] ✅ 'Data Scientist': 23 ofertas guardadas
2026-09-05 22:06:23,993 [INFO]    💤 Pausa: 4.1s
2026-09-05 22:06:28,115 [INFO] 
🔍 Buscando: 'Data Analyst'
2026-09-05 22:06:28,116 [INFO]    Página 1/5
2026-09-05 22:06:31,001 [INFO]    → 20 items recibidos
2026-09-05 22:06:31,036 [INFO]    → 19 ofertas nuevas guardadas en esta página
2026-09-05 22:06:31,037 [INFO]    Página 2/5
2026-09-05 22:06:34,411 [INFO]    → 20 items recibidos
2026-09-05 22:06:34,418 [INFO]    → 19 ofertas nuevas guardadas en esta página
2026-09-05 22:06:34,418 [INFO]    Página 3/5
2026-09-05 22:06:38,049 [INFO]    → 20 items recibidos
2026-09-05 22:06:38,071 [INFO]    → 19 ofertas nuevas guardadas en esta página
2026-09-05 22:06:38,072 [INFO]    Página 4/5
2026-09-05 22:06:40,568 [INFO]    → 20 items recibidos
2026-09-05 22:06:40,573 [INFO]    → 16 ofertas nuevas guardadas en esta página
2026-09-05 22:06:40,573 [INFO]    Página 5/5
2026-09-05 22:06:43,864 [INFO]    → 20 items recibidos
2026-09-05 22:06:43,882 [INFO]    → 15 ofertas nuevas guardadas en esta página
2026-09-05 22:06:43,899 [INFO] Exportadas 88 ofertas a CSV: /media/carlos-a-cicconi/Common1/Repositorios-Ing.Carlos-Cicconi/Trabajo_Final_MCD/data/raw/ofertas_getonboard_20260905.csv
2026-09-05 22:06:43,899 [INFO] ✅ 'Data Analyst': 88 ofertas guardadas
2026-09-05 22:06:43,899 [INFO]    💤 Pausa: 5.2s
2026-09-05 22:06:49,066 [INFO] 
🔍 Buscando: 'Machine Learning'
2026-09-05 22:06:49,067 [INFO]    Página 1/5
2026-09-05 22:06:51,962 [INFO]    → 20 items recibidos
2026-09-05 22:06:51,966 [INFO]    → 11 ofertas nuevas guardadas en esta página
2026-09-05 22:06:51,966 [INFO]    Página 2/5
2026-09-05 22:06:55,368 [INFO]    → 20 items recibidos
2026-09-05 22:06:55,380 [INFO]    → 10 ofertas nuevas guardadas en esta página
2026-09-05 22:06:55,380 [INFO]    Página 3/5
2026-09-05 22:06:57,891 [INFO]    → 20 items recibidos
2026-09-05 22:06:57,897 [INFO]    → 15 ofertas nuevas guardadas en esta página
2026-09-05 22:06:57,897 [INFO]    Página 4/5
2026-09-05 22:06:59,729 [INFO]    → 5 items recibidos
2026-09-05 22:06:59,732 [INFO]    → 3 ofertas nuevas guardadas en esta página
2026-09-05 22:06:59,732 [INFO]    Página 5/5
2026-09-05 22:07:01,524 [INFO]    → 0 items recibidos
2026-09-05 22:07:01,524 [INFO]    → Sin más resultados.
2026-09-05 22:07:01,538 [INFO] Exportadas 39 ofertas a CSV: /media/carlos-a-cicconi/Common1/Repositorios-Ing.Carlos-Cicconi/Trabajo_Final_MCD/data/raw/ofertas_getonboard_20260905.csv
2026-09-05 22:07:01,538 [INFO] ✅ 'Machine Learning': 39 ofertas guardadas
2026-09-05 22:07:01,538 [INFO]    💤 Pausa: 5.8s
2026-09-05 22:07:07,321 [INFO] 
🔍 Buscando: 'NLP'
2026-09-05 22:07:07,321 [INFO]    Página 1/5
2026-09-05 22:07:10,755 [INFO]    → 20 items recibidos
2026-09-05 22:07:10,776 [INFO]    → 15 ofertas nuevas guardadas en esta página
2026-09-05 22:07:10,777 [INFO]    Página 2/5
2026-09-05 22:07:13,683 [INFO]    → 20 items recibidos
2026-09-05 22:07:13,688 [INFO]    → 15 ofertas nuevas guardadas en esta página
2026-09-05 22:07:13,688 [INFO]    Página 3/5
2026-09-05 22:07:16,531 [INFO]    → 20 items recibidos
2026-09-05 22:07:16,536 [INFO]    → 14 ofertas nuevas guardadas en esta página
2026-09-05 22:07:16,536 [INFO]    Página 4/5
2026-09-05 22:07:20,543 [INFO]    → 20 items recibidos
2026-09-05 22:07:20,548 [INFO]    → 13 ofertas nuevas guardadas en esta página
2026-09-05 22:07:20,548 [INFO]    Página 5/5
2026-09-05 22:07:23,500 [INFO]    → 20 items recibidos
2026-09-05 22:07:23,505 [INFO]    → 15 ofertas nuevas guardadas en esta página
2026-09-05 22:07:23,518 [INFO] Exportadas 72 ofertas a CSV: /media/carlos-a-cicconi/Common1/Repositorios-Ing.Carlos-Cicconi/Trabajo_Final_MCD/data/raw/ofertas_getonboard_20260905.csv
2026-09-05 22:07:23,518 [INFO] ✅ 'NLP': 72 ofertas guardadas
2026-09-05 22:07:23,518 [INFO]    💤 Pausa: 6.2s
2026-09-05 22:07:29,748 [INFO] 
🔍 Buscando: 'Data Engineer'
2026-09-05 22:07:29,748 [INFO]    Página 1/5
2026-09-05 22:07:32,811 [INFO]    → 20 items recibidos
2026-09-05 22:07:32,812 [INFO]    → 3 ofertas nuevas guardadas en esta página
2026-09-05 22:07:32,813 [INFO]    Página 2/5
2026-09-05 22:07:35,269 [INFO]    → 20 items recibidos
2026-09-05 22:07:35,271 [INFO]    → 4 ofertas nuevas guardadas en esta página
2026-09-05 22:07:35,272 [INFO]    Página 3/5
2026-09-05 22:07:38,322 [INFO]    → 20 items recibidos
2026-09-05 22:07:38,324 [INFO]    → 4 ofertas nuevas guardadas en esta página
2026-09-05 22:07:38,324 [INFO]    Página 4/5
2026-09-05 22:07:40,517 [INFO]    → 20 items recibidos
2026-09-05 22:07:40,522 [INFO]    → 15 ofertas nuevas guardadas en esta página
2026-09-05 22:07:40,524 [INFO]    Página 5/5
2026-09-05 22:07:43,056 [INFO]    → 20 items recibidos
2026-09-05 22:07:43,060 [INFO]    → 11 ofertas nuevas guardadas en esta página
2026-09-05 22:07:43,071 [INFO] Exportadas 37 ofertas a CSV: /media/carlos-a-cicconi/Common1/Repositorios-Ing.Carlos-Cicconi/Trabajo_Final_MCD/data/raw/ofertas_getonboard_20260905.csv
2026-09-05 22:07:43,071 [INFO] ✅ 'Data Engineer': 37 ofertas guardadas
2026-09-05 22:07:43,071 [INFO]    💤 Pausa: 4.9s
2026-09-05 22:07:47,957 [INFO] 
🔍 Buscando: 'Software Engineer'
2026-09-05 22:07:47,958 [INFO]    Página 1/5
2026-09-05 22:07:50,528 [INFO]    → 20 items recibidos
2026-09-05 22:07:50,534 [INFO]    → 13 ofertas nuevas guardadas en esta página
2026-09-05 22:07:50,534 [INFO]    Página 2/5
2026-09-05 22:07:53,070 [INFO]    → 20 items recibidos
2026-09-05 22:07:53,081 [INFO]    → 9 ofertas nuevas guardadas en esta página
2026-09-05 22:07:53,082 [INFO]    Página 3/5
2026-09-05 22:07:55,549 [INFO]    → 20 items recibidos
2026-09-05 22:07:55,558 [INFO]    → 7 ofertas nuevas guardadas en esta página
2026-09-05 22:07:55,559 [INFO]    Página 4/5
2026-09-05 22:07:58,625 [INFO]    → 20 items recibidos
2026-09-05 22:07:58,631 [INFO]    → 5 ofertas nuevas guardadas en esta página
2026-09-05 22:07:58,632 [INFO]    Página 5/5
2026-09-05 22:08:01,608 [INFO]    → 20 items recibidos
2026-09-05 22:08:01,622 [INFO]    → 11 ofertas nuevas guardadas en esta página
2026-09-05 22:08:01,642 [INFO] Exportadas 45 ofertas a CSV: /media/carlos-a-cicconi/Common1/Repositorios-Ing.Carlos-Cicconi/Trabajo_Final_MCD/data/raw/ofertas_getonboard_20260905.csv
2026-09-05 22:08:01,642 [INFO] ✅ 'Software Engineer': 45 ofertas guardadas
2026-09-05 22:08:01,642 [INFO]    💤 Pausa: 6.0s
2026-09-05 22:08:07,646 [INFO] 
🔍 Buscando: 'Python'
2026-09-05 22:08:07,646 [INFO]    Página 1/5
2026-09-05 22:08:11,112 [INFO]    → 20 items recibidos
2026-09-05 22:08:11,114 [INFO]    → 5 ofertas nuevas guardadas en esta página
2026-09-05 22:08:11,114 [INFO]    Página 2/5
2026-09-05 22:08:14,627 [INFO]    → 20 items recibidos
2026-09-05 22:08:14,633 [INFO]    → 4 ofertas nuevas guardadas en esta página
2026-09-05 22:08:14,633 [INFO]    Página 3/5
2026-09-05 22:08:18,502 [INFO]    → 20 items recibidos
2026-09-05 22:08:18,505 [INFO]    → 7 ofertas nuevas guardadas en esta página
2026-09-05 22:08:18,505 [INFO]    Página 4/5
2026-09-05 22:08:21,867 [INFO]    → 20 items recibidos
2026-09-05 22:08:21,875 [INFO]    → 6 ofertas nuevas guardadas en esta página
2026-09-05 22:08:21,876 [INFO]    Página 5/5
2026-09-05 22:08:25,635 [INFO]    → 20 items recibidos
2026-09-05 22:08:25,637 [INFO]    → 5 ofertas nuevas guardadas en esta página
2026-09-05 22:08:25,646 [INFO] Exportadas 27 ofertas a CSV: /media/carlos-a-cicconi/Common1/Repositorios-Ing.Carlos-Cicconi/Trabajo_Final_MCD/data/raw/ofertas_getonboard_20260905.csv
2026-09-05 22:08:25,647 [INFO] ✅ 'Python': 27 ofertas guardadas
2026-09-05 22:08:25,647 [INFO]    💤 Pausa: 6.4s
2026-09-05 22:08:31,999 [INFO] 
🔍 Buscando: 'Backend'
2026-09-05 22:08:32,000 [INFO]    Página 1/5
2026-09-05 22:08:34,109 [INFO]    → 20 items recibidos
2026-09-05 22:08:34,120 [INFO]    → 8 ofertas nuevas guardadas en esta página
2026-09-05 22:08:34,121 [INFO]    Página 2/5
2026-09-05 22:08:37,029 [INFO]    → 20 items recibidos
2026-09-05 22:08:37,032 [INFO]    → 8 ofertas nuevas guardadas en esta página
2026-09-05 22:08:37,036 [INFO]    Página 3/5
2026-09-05 22:08:40,931 [INFO]    → 20 items recibidos
2026-09-05 22:08:40,940 [INFO]    → 7 ofertas nuevas guardadas en esta página
2026-09-05 22:08:40,941 [INFO]    Página 4/5
2026-09-05 22:08:43,887 [INFO]    → 20 items recibidos
2026-09-05 22:08:43,896 [INFO]    → 7 ofertas nuevas guardadas en esta página
2026-09-05 22:08:43,896 [INFO]    Página 5/5
2026-09-05 22:08:47,362 [INFO]    → 20 items recibidos
2026-09-05 22:08:47,365 [INFO]    → 8 ofertas nuevas guardadas en esta página
2026-09-05 22:08:47,375 [INFO] Exportadas 38 ofertas a CSV: /media/carlos-a-cicconi/Common1/Repositorios-Ing.Carlos-Cicconi/Trabajo_Final_MCD/data/raw/ofertas_getonboard_20260905.csv
2026-09-05 22:08:47,375 [INFO] ✅ 'Backend': 38 ofertas guardadas
2026-09-05 22:08:47,375 [INFO]    💤 Pausa: 5.7s
2026-09-05 22:08:53,057 [INFO] 
🔍 Buscando: 'Full Stack'
2026-09-05 22:08:53,058 [INFO]    Página 1/5
2026-09-05 22:08:56,883 [INFO]    → 20 items recibidos
2026-09-05 22:08:56,884 [INFO]    → 2 ofertas nuevas guardadas en esta página
2026-09-05 22:08:56,884 [INFO]    Página 2/5
2026-09-05 22:08:59,848 [INFO]    → 20 items recibidos
2026-09-05 22:08:59,849 [INFO]    → 3 ofertas nuevas guardadas en esta página
2026-09-05 22:08:59,849 [INFO]    Página 3/5
2026-09-05 22:09:02,515 [INFO]    → 20 items recibidos
2026-09-05 22:09:02,518 [INFO]    → 2 ofertas nuevas guardadas en esta página
2026-09-05 22:09:02,518 [INFO]    Página 4/5
2026-09-05 22:09:05,124 [INFO]    → 20 items recibidos
2026-09-05 22:09:05,126 [INFO]    → 8 ofertas nuevas guardadas en esta página
2026-09-05 22:09:05,131 [INFO]    Página 5/5
2026-09-05 22:09:09,163 [INFO]    → 20 items recibidos
2026-09-05 22:09:09,169 [INFO]    → 17 ofertas nuevas guardadas en esta página
2026-09-05 22:09:09,179 [INFO] Exportadas 32 ofertas a CSV: /media/carlos-a-cicconi/Common1/Repositorios-Ing.Carlos-Cicconi/Trabajo_Final_MCD/data/raw/ofertas_getonboard_20260905.csv
2026-09-05 22:09:09,180 [INFO] ✅ 'Full Stack': 32 ofertas guardadas
2026-09-05 22:09:09,180 [INFO]    💤 Pausa: 5.2s
2026-09-05 22:09:14,370 [INFO] 
🔍 Buscando: 'Ingeniero de Datos'
2026-09-05 22:09:14,370 [INFO]    Página 1/5
2026-09-05 22:09:17,982 [INFO]    → 20 items recibidos
2026-09-05 22:09:17,984 [INFO]    → 6 ofertas nuevas guardadas en esta página
2026-09-05 22:09:17,984 [INFO]    Página 2/5
2026-09-05 22:09:20,233 [INFO]    → 20 items recibidos
2026-09-05 22:09:20,237 [INFO]    → 13 ofertas nuevas guardadas en esta página
2026-09-05 22:09:20,237 [INFO]    Página 3/5
2026-09-05 22:09:23,861 [INFO]    → 11 items recibidos
2026-09-05 22:09:23,873 [INFO]    → 10 ofertas nuevas guardadas en esta página
2026-09-05 22:09:23,874 [INFO]    Página 4/5
2026-09-05 22:09:27,183 [INFO]    → 0 items recibidos
2026-09-05 22:09:27,183 [INFO]    → Sin más resultados.
2026-09-05 22:09:27,197 [INFO] Exportadas 29 ofertas a CSV: /media/carlos-a-cicconi/Common1/Repositorios-Ing.Carlos-Cicconi/Trabajo_Final_MCD/data/raw/ofertas_getonboard_20260905.csv
2026-09-05 22:09:27,197 [INFO] ✅ 'Ingeniero de Datos': 29 ofertas guardadas
2026-09-05 22:09:27,198 [INFO]    💤 Pausa: 5.4s
2026-09-05 22:09:32,605 [INFO] 
============================================================
2026-09-05 22:09:32,605 [INFO] SCRAPING FINALIZADO - GetOnBoard
2026-09-05 22:09:32,612 [INFO] Total ofertas únicas: 430
2026-09-05 22:09:32,613 [INFO] DB : /media/carlos-a-cicconi/Common1/Repositorios-Ing.Carlos-Cicconi/Trabajo_Final_MCD/data/raw/getonboard.db
2026-09-05 22:09:32,613 [INFO] CSV: /media/carlos-a-cicconi/Common1/Repositorios-Ing.Carlos-Cicconi/Trabajo_Final_MCD/data/raw/ofertas_getonboard_20260905.csv
2026-09-05 22:09:32,613 [INFO] Log: /media/carlos-a-cicconi/Common1/Repositorios-Ing.Carlos-Cicconi/Trabajo_Final_MCD/logs/getonboard_scraper_20260905_220614.log
2026-09-05 22:09:32,614 [INFO] ============================================================
2026-09-05 22:09:32,615 [INFO]   ✅ getonboard: 430 ofertas recopiladas
2026-09-05 22:09:32,616 [INFO] 
============================================================
2026-09-05 22:09:32,616 [INFO]   EJECUTANDO: bumeran (BumeranScraper)
2026-09-05 22:09:32,617 [INFO]   Queries: definidas en el módulo
2026-09-05 22:09:32,617 [INFO] ============================================================
2026-09-05 22:09:32,672 [INFO] Base de datos lista: /media/carlos-a-cicconi/Common1/Repositorios-Ing.Carlos-Cicconi/Trabajo_Final_MCD/data/raw/bumeran.db
2026-09-05 22:09:32,672 [INFO] BumeranScraper (Playwright) inicializado
2026-09-05 22:09:33,200 [INFO] Inicializando sesión en Bumeran...
2026-09-05 22:09:50,907 [INFO] 
🔍 Buscando: 'Data Scientist'
2026-09-05 22:09:50,907 [INFO]    Página 1/5 → https://www.bumeran.com.ar/empleos-busqueda-data-scientist.html
2026-09-05 22:10:12,353 [INFO]    → 0 ofertas encontradas
2026-09-05 22:10:12,353 [INFO]    → Sin más resultados.
2026-09-05 22:10:12,354 [INFO] ✅ 'Data Scientist': 0 ofertas guardadas
2026-09-05 22:10:12,354 [INFO]    💤 Pausa: 12.3s
2026-09-05 22:10:24,766 [INFO] 
🔍 Buscando: 'Data Analyst'
2026-09-05 22:10:24,767 [INFO]    Página 1/5 → https://www.bumeran.com.ar/empleos-busqueda-data-analyst.html
2026-09-05 22:10:46,826 [INFO]    → 0 ofertas encontradas
2026-09-05 22:10:46,827 [INFO]    → Sin más resultados.
2026-09-05 22:10:46,827 [INFO] ✅ 'Data Analyst': 0 ofertas guardadas
2026-09-05 22:10:46,827 [INFO]    💤 Pausa: 9.5s
2026-09-05 22:10:56,340 [INFO] 
🔍 Buscando: 'Machine Learning Engineer'
2026-09-05 22:10:56,340 [INFO]    Página 1/5 → https://www.bumeran.com.ar/empleos-busqueda-machine-learning.html
2026-09-05 22:11:18,414 [INFO]    → 0 ofertas encontradas
2026-09-05 22:11:18,415 [INFO]    → Sin más resultados.
2026-09-05 22:11:18,415 [INFO] ✅ 'Machine Learning Engineer': 0 ofertas guardadas
2026-09-05 22:11:18,415 [INFO]    💤 Pausa: 9.6s
2026-09-05 22:11:28,075 [INFO] 
🔍 Buscando: 'NLP Engineer'
2026-09-05 22:11:28,075 [INFO]    Página 1/5 → https://www.bumeran.com.ar/empleos-busqueda-nlp.html
2026-09-05 22:11:48,596 [INFO]    → 0 ofertas encontradas
2026-09-05 22:11:48,596 [INFO]    → Sin más resultados.
2026-09-05 22:11:48,596 [INFO] ✅ 'NLP Engineer': 0 ofertas guardadas
2026-09-05 22:11:48,596 [INFO]    💤 Pausa: 7.5s
2026-09-05 22:11:56,155 [INFO] 
🔍 Buscando: 'Data Engineer'
2026-09-05 22:11:56,156 [INFO]    Página 1/5 → https://www.bumeran.com.ar/empleos-busqueda-data-engineer.html
2026-09-05 22:12:16,373 [INFO]    → 0 ofertas encontradas
2026-09-05 22:12:16,373 [INFO]    → Sin más resultados.
2026-09-05 22:12:16,373 [INFO] ✅ 'Data Engineer': 0 ofertas guardadas
2026-09-05 22:12:16,373 [INFO]    💤 Pausa: 7.7s
2026-09-05 22:12:24,065 [INFO] 
🔍 Buscando: 'Software Engineer'
2026-09-05 22:12:24,066 [INFO]    Página 1/5 → https://www.bumeran.com.ar/empleos-busqueda-software-engineer.html
2026-09-05 22:12:46,080 [INFO]    → 0 ofertas encontradas
2026-09-05 22:12:46,080 [INFO]    → Sin más resultados.
2026-09-05 22:12:46,080 [INFO] ✅ 'Software Engineer': 0 ofertas guardadas
2026-09-05 22:12:46,080 [INFO]    💤 Pausa: 11.7s
2026-09-05 22:12:57,793 [INFO] 
🔍 Buscando: 'Python Developer'
2026-09-05 22:12:57,794 [INFO]    Página 1/5 → https://www.bumeran.com.ar/empleos-busqueda-python.html
2026-09-05 22:13:18,471 [INFO]    → 0 ofertas encontradas
2026-09-05 22:13:18,471 [INFO]    → Sin más resultados.
2026-09-05 22:13:18,471 [INFO] ✅ 'Python Developer': 0 ofertas guardadas
2026-09-05 22:13:18,471 [INFO]    💤 Pausa: 10.6s
2026-09-05 22:13:29,096 [INFO] 
🔍 Buscando: 'Desarrollador Backend'
2026-09-05 22:13:29,097 [INFO]    Página 1/5 → https://www.bumeran.com.ar/empleos-busqueda-desarrollador-backend.html
2026-09-05 22:13:50,649 [INFO]    → 0 ofertas encontradas
2026-09-05 22:13:50,650 [INFO]    → Sin más resultados.
2026-09-05 22:13:50,650 [INFO] ✅ 'Desarrollador Backend': 0 ofertas guardadas
2026-09-05 22:13:50,650 [INFO]    💤 Pausa: 11.7s
2026-09-05 22:14:02,345 [INFO] 
🔍 Buscando: 'Desarrollador Full Stack'
2026-09-05 22:14:02,346 [INFO]    Página 1/5 → https://www.bumeran.com.ar/empleos-busqueda-desarrollador-full-stack.html
2026-09-05 22:14:24,252 [INFO]    → 0 ofertas encontradas
2026-09-05 22:14:24,252 [INFO]    → Sin más resultados.
2026-09-05 22:14:24,252 [INFO] ✅ 'Desarrollador Full Stack': 0 ofertas guardadas
2026-09-05 22:14:24,252 [INFO]    💤 Pausa: 12.1s
2026-09-05 22:14:36,377 [INFO] 
🔍 Buscando: 'Ingeniero de Datos'
2026-09-05 22:14:36,378 [INFO]    Página 1/5 → https://www.bumeran.com.ar/empleos-busqueda-ingeniero-de-datos.html
2026-09-05 22:14:57,557 [INFO]    → 0 ofertas encontradas
2026-09-05 22:14:57,557 [INFO]    → Sin más resultados.
2026-09-05 22:14:57,557 [INFO] ✅ 'Ingeniero de Datos': 0 ofertas guardadas
2026-09-05 22:14:57,557 [INFO]    💤 Pausa: 10.3s
2026-09-05 22:15:07,940 [INFO] 
============================================================
2026-09-05 22:15:07,941 [INFO] SCRAPING FINALIZADO - Bumeran Argentina
2026-09-05 22:15:07,941 [INFO] Total ofertas únicas: 0
2026-09-05 22:15:07,941 [INFO] DB : /media/carlos-a-cicconi/Common1/Repositorios-Ing.Carlos-Cicconi/Trabajo_Final_MCD/data/raw/bumeran.db
2026-09-05 22:15:07,941 [INFO] CSV: /media/carlos-a-cicconi/Common1/Repositorios-Ing.Carlos-Cicconi/Trabajo_Final_MCD/data/raw/ofertas_bumeran_20260905.csv
2026-09-05 22:15:07,941 [INFO] Log: /media/carlos-a-cicconi/Common1/Repositorios-Ing.Carlos-Cicconi/Trabajo_Final_MCD/logs/bumeran_scraper_20260905_220932.log
2026-09-05 22:15:07,941 [INFO] ============================================================
2026-09-05 22:15:07,942 [INFO]   ✅ bumeran: 0 ofertas recopiladas
2026-09-05 22:15:07,942 [INFO] 
============================================================
2026-09-05 22:15:07,942 [INFO]   EJECUTANDO: zonajobs (ZonaJobsScraper)
2026-09-05 22:15:07,942 [INFO]   Queries: definidas en el módulo
2026-09-05 22:15:07,942 [INFO] ============================================================
2026-09-05 22:15:07,944 [INFO] Base de datos lista: /media/carlos-a-cicconi/Common1/Repositorios-Ing.Carlos-Cicconi/Trabajo_Final_MCD/data/raw/zonajobs.db
2026-09-05 22:15:07,944 [INFO] ZonaJobsScraper (Playwright) inicializado
2026-09-05 22:15:08,457 [INFO] Inicializando sesión en ZonaJobs...
2026-09-05 22:15:25,402 [INFO] 
🔍 Buscando: 'Data Scientist'
2026-09-05 22:15:25,402 [INFO]    Página 1/5 → https://www.zonajobs.com.ar/empleos-busqueda-data-scientist.html
2026-09-05 22:15:46,901 [WARNING]    ⚠️  Sin ofertas. HTML guardado: zonajobs_rendered_Data_Scientist.html
2026-09-05 22:15:46,901 [INFO]    → 0 ofertas encontradas
2026-09-05 22:15:46,901 [INFO]    → Sin más resultados.
2026-09-05 22:15:46,901 [INFO] ✅ 'Data Scientist': 0 ofertas guardadas
2026-09-05 22:15:46,901 [INFO]    💤 Pausa: 11.5s
2026-09-05 22:15:58,395 [INFO] 
🔍 Buscando: 'Data Analyst'
2026-09-05 22:15:58,396 [INFO]    Página 1/5 → https://www.zonajobs.com.ar/empleos-busqueda-data-analyst.html
2026-09-05 22:16:20,361 [WARNING]    ⚠️  Sin ofertas. HTML guardado: zonajobs_rendered_Data_Analyst.html
2026-09-05 22:16:20,361 [INFO]    → 0 ofertas encontradas
2026-09-05 22:16:20,361 [INFO]    → Sin más resultados.
2026-09-05 22:16:20,361 [INFO] ✅ 'Data Analyst': 0 ofertas guardadas
2026-09-05 22:16:20,361 [INFO]    💤 Pausa: 10.0s
2026-09-05 22:16:30,407 [INFO] 
🔍 Buscando: 'Machine Learning Engineer'
2026-09-05 22:16:30,407 [INFO]    Página 1/5 → https://www.zonajobs.com.ar/empleos-busqueda-machine-learning.html
2026-09-05 22:16:50,856 [WARNING]    ⚠️  Sin ofertas. HTML guardado: zonajobs_rendered_Machine_Learning_Engineer.html
2026-09-05 22:16:50,856 [INFO]    → 0 ofertas encontradas
2026-09-05 22:16:50,856 [INFO]    → Sin más resultados.
2026-09-05 22:16:50,856 [INFO] ✅ 'Machine Learning Engineer': 0 ofertas guardadas
2026-09-05 22:16:50,856 [INFO]    💤 Pausa: 11.3s
2026-09-05 22:17:02,172 [INFO] 
🔍 Buscando: 'NLP Engineer'
2026-09-05 22:17:02,173 [INFO]    Página 1/5 → https://www.zonajobs.com.ar/empleos-busqueda-nlp.html
2026-09-05 22:17:24,095 [WARNING]    ⚠️  Sin ofertas. HTML guardado: zonajobs_rendered_NLP_Engineer.html
2026-09-05 22:17:24,095 [INFO]    → 0 ofertas encontradas
2026-09-05 22:17:24,095 [INFO]    → Sin más resultados.
2026-09-05 22:17:24,095 [INFO] ✅ 'NLP Engineer': 0 ofertas guardadas
2026-09-05 22:17:24,096 [INFO]    💤 Pausa: 9.9s
2026-09-05 22:17:34,010 [INFO] 
🔍 Buscando: 'Data Engineer'
2026-09-05 22:17:34,011 [INFO]    Página 1/5 → https://www.zonajobs.com.ar/empleos-busqueda-data-engineer.html
2026-09-05 22:17:54,669 [WARNING]    ⚠️  Sin ofertas. HTML guardado: zonajobs_rendered_Data_Engineer.html
2026-09-05 22:17:54,669 [INFO]    → 0 ofertas encontradas
2026-09-05 22:17:54,669 [INFO]    → Sin más resultados.
2026-09-05 22:17:54,669 [INFO] ✅ 'Data Engineer': 0 ofertas guardadas
2026-09-05 22:17:54,669 [INFO]    💤 Pausa: 11.9s
2026-09-05 22:18:06,592 [INFO] 
🔍 Buscando: 'Software Engineer'
2026-09-05 22:18:06,592 [INFO]    Página 1/5 → https://www.zonajobs.com.ar/empleos-busqueda-software-engineer.html
2026-09-05 22:18:29,004 [WARNING]    ⚠️  Sin ofertas. HTML guardado: zonajobs_rendered_Software_Engineer.html
2026-09-05 22:18:29,004 [INFO]    → 0 ofertas encontradas
2026-09-05 22:18:29,004 [INFO]    → Sin más resultados.
2026-09-05 22:18:29,004 [INFO] ✅ 'Software Engineer': 0 ofertas guardadas
2026-09-05 22:18:29,004 [INFO]    💤 Pausa: 8.8s
2026-09-05 22:18:37,826 [INFO] 
🔍 Buscando: 'Python Developer'
2026-09-05 22:18:37,826 [INFO]    Página 1/5 → https://www.zonajobs.com.ar/empleos-busqueda-python.html
2026-09-05 22:18:57,696 [WARNING]    ⚠️  Sin ofertas. HTML guardado: zonajobs_rendered_Python_Developer.html
2026-09-05 22:18:57,696 [INFO]    → 0 ofertas encontradas
2026-09-05 22:18:57,696 [INFO]    → Sin más resultados.
2026-09-05 22:18:57,696 [INFO] ✅ 'Python Developer': 0 ofertas guardadas
2026-09-05 22:18:57,696 [INFO]    💤 Pausa: 12.3s
2026-09-05 22:19:10,068 [INFO] 
🔍 Buscando: 'Desarrollador Backend'
2026-09-05 22:19:10,069 [INFO]    Página 1/5 → https://www.zonajobs.com.ar/empleos-busqueda-desarrollador-backend.html
2026-09-05 22:19:31,086 [WARNING]    ⚠️  Sin ofertas. HTML guardado: zonajobs_rendered_Desarrollador_Backend.html
2026-09-05 22:19:31,086 [INFO]    → 0 ofertas encontradas
2026-09-05 22:19:31,086 [INFO]    → Sin más resultados.
2026-09-05 22:19:31,086 [INFO] ✅ 'Desarrollador Backend': 0 ofertas guardadas
2026-09-05 22:19:31,086 [INFO]    💤 Pausa: 12.5s
2026-09-05 22:19:43,693 [INFO] 
🔍 Buscando: 'Desarrollador Full Stack'
2026-09-05 22:19:43,694 [INFO]    Página 1/5 → https://www.zonajobs.com.ar/empleos-busqueda-desarrollador-full-stack.html
2026-09-05 22:20:04,708 [WARNING]    ⚠️  Sin ofertas. HTML guardado: zonajobs_rendered_Desarrollador_Full_Stack.html
2026-09-05 22:20:04,708 [INFO]    → 0 ofertas encontradas
2026-09-05 22:20:04,708 [INFO]    → Sin más resultados.
2026-09-05 22:20:04,709 [INFO] ✅ 'Desarrollador Full Stack': 0 ofertas guardadas
2026-09-05 22:20:04,709 [INFO]    💤 Pausa: 8.9s
2026-09-05 22:20:13,691 [INFO] 
🔍 Buscando: 'Ingeniero de Datos'
2026-09-05 22:20:13,692 [INFO]    Página 1/5 → https://www.zonajobs.com.ar/empleos-busqueda-ingeniero-de-datos.html
2026-09-05 22:20:33,950 [WARNING]    ⚠️  Sin ofertas. HTML guardado: zonajobs_rendered_Ingeniero_de_Datos.html
2026-09-05 22:20:33,950 [INFO]    → 0 ofertas encontradas
2026-09-05 22:20:33,950 [INFO]    → Sin más resultados.
2026-09-05 22:20:33,950 [INFO] ✅ 'Ingeniero de Datos': 0 ofertas guardadas
2026-09-05 22:20:33,950 [INFO]    💤 Pausa: 7.9s
2026-09-05 22:20:41,934 [INFO] 
============================================================
2026-09-05 22:20:41,934 [INFO] SCRAPING FINALIZADO - ZonaJobs Argentina
2026-09-05 22:20:41,934 [INFO] Total ofertas únicas: 0
2026-09-05 22:20:41,934 [INFO] DB : /media/carlos-a-cicconi/Common1/Repositorios-Ing.Carlos-Cicconi/Trabajo_Final_MCD/data/raw/zonajobs.db
2026-09-05 22:20:41,934 [INFO] CSV: /media/carlos-a-cicconi/Common1/Repositorios-Ing.Carlos-Cicconi/Trabajo_Final_MCD/data/raw/ofertas_zonajobs_20260905.csv
2026-09-05 22:20:41,934 [INFO] Log: /media/carlos-a-cicconi/Common1/Repositorios-Ing.Carlos-Cicconi/Trabajo_Final_MCD/logs/zonajobs_scraper_20260905_221507.log
2026-09-05 22:20:41,934 [INFO] ============================================================
2026-09-05 22:20:41,935 [INFO]   ✅ zonajobs: 0 ofertas recopiladas
2026-09-05 22:20:41,935 [INFO] 
============================================================
2026-09-05 22:20:41,935 [INFO]   EJECUTANDO: workana (WorkanaScraper)
2026-09-05 22:20:41,935 [INFO]   Queries: definidas en el módulo
2026-09-05 22:20:41,935 [INFO] ============================================================
2026-09-05 22:20:41,938 [INFO] Base de datos lista: /media/carlos-a-cicconi/Common1/Repositorios-Ing.Carlos-Cicconi/Trabajo_Final_MCD/data/raw/workana.db
2026-09-05 22:20:41,938 [INFO] WorkanaScraper (Playwright) inicializado
2026-09-05 22:20:42,853 [INFO] Inicializando sesión en Workana...
2026-09-05 22:21:00,172 [INFO] 
🔍 Buscando: 'Data Scientist'
2026-09-05 22:21:00,172 [INFO]    Página 1/5 → https://www.workana.com/jobs?category=it-programming&language=es&country=AR&search=data+scientist&page=1
2026-09-05 22:21:08,616 [INFO]    → 7 ofertas nuevas encontradas
2026-09-05 22:23:18,406 [INFO]    Página 2/5 → https://www.workana.com/jobs?category=it-programming&language=es&country=AR&search=data+scientist&page=2
2026-09-05 22:23:28,047 [INFO]    → 7 ofertas nuevas encontradas
2026-09-05 22:25:40,307 [INFO]    Página 3/5 → https://www.workana.com/jobs?category=it-programming&language=es&country=AR&search=data+scientist&page=3
2026-09-05 22:25:49,059 [INFO]    → 7 ofertas nuevas encontradas
2026-09-05 22:26:19,478 [ERROR] Error Playwright: Page.wait_for_selector: Target page, context or browser has been closed
Call log:
  - waiting for locator("div.project-description, div.html-desc") to be visible

2026-09-05 22:26:22,098 [ERROR] Error Playwright: Page.goto: Target page, context or browser has been closed
2026-09-05 22:26:25,146 [ERROR] Error Playwright: Page.goto: Target page, context or browser has been closed
2026-09-05 22:26:29,165 [ERROR] Error Playwright: Page.goto: Target page, context or browser has been closed
2026-09-05 22:26:33,122 [ERROR] Error Playwright: Page.goto: Target page, context or browser has been closed
2026-09-05 22:26:35,474 [ERROR] Error Playwright: Page.goto: Target page, context or browser has been closed
2026-09-05 22:26:35,476 [INFO]    Página 4/5 → https://www.workana.com/jobs?category=it-programming&language=es&country=AR&search=data+scientist&page=4
2026-09-05 22:26:39,500 [ERROR] Error Playwright: Page.goto: Target page, context or browser has been closed
2026-09-05 22:26:39,501 [WARNING]    ⚠️  Sin contenido. Saltando.
2026-09-05 22:26:39,501 [INFO]    Página 5/5 → https://www.workana.com/jobs?category=it-programming&language=es&country=AR&search=data+scientist&page=5
2026-09-05 22:26:44,673 [ERROR] Error Playwright: Page.goto: Target page, context or browser has been closed
2026-09-05 22:26:44,673 [WARNING]    ⚠️  Sin contenido. Saltando.
2026-09-05 22:26:44,684 [INFO] Exportadas 21 ofertas → /media/carlos-a-cicconi/Common1/Repositorios-Ing.Carlos-Cicconi/Trabajo_Final_MCD/data/raw/ofertas_workana_20260905.csv
2026-09-05 22:26:44,684 [INFO] ✅ 'Data Scientist': 21 ofertas guardadas
2026-09-05 22:26:44,685 [INFO]    💤 Pausa: 10.3s
2026-09-05 22:26:55,040 [INFO] 
🔍 Buscando: 'Data Analyst'
2026-09-05 22:26:55,041 [INFO]    Página 1/5 → https://www.workana.com/jobs?category=it-programming&language=es&country=AR&search=data+analyst&page=1
2026-09-05 22:26:58,901 [ERROR] Error Playwright: Page.goto: Target page, context or browser has been closed
2026-09-05 22:26:58,902 [WARNING]    ⚠️  Sin contenido. Saltando.
2026-09-05 22:26:58,902 [INFO]    Página 2/5 → https://www.workana.com/jobs?category=it-programming&language=es&country=AR&search=data+analyst&page=2
2026-09-05 22:27:03,326 [ERROR] Error Playwright: Page.goto: Target page, context or browser has been closed
2026-09-05 22:27:03,326 [WARNING]    ⚠️  Sin contenido. Saltando.
2026-09-05 22:27:03,327 [INFO]    Página 3/5 → https://www.workana.com/jobs?category=it-programming&language=es&country=AR&search=data+analyst&page=3
2026-09-05 22:27:07,383 [ERROR] Error Playwright: Page.goto: Target page, context or browser has been closed
2026-09-05 22:27:07,391 [WARNING]    ⚠️  Sin contenido. Saltando.
2026-09-05 22:27:07,392 [INFO]    Página 4/5 → https://www.workana.com/jobs?category=it-programming&language=es&country=AR&search=data+analyst&page=4
2026-09-05 22:27:11,148 [ERROR] Error Playwright: Page.goto: Target page, context or browser has been closed
2026-09-05 22:27:11,148 [WARNING]    ⚠️  Sin contenido. Saltando.
2026-09-05 22:27:11,148 [INFO]    Página 5/5 → https://www.workana.com/jobs?category=it-programming&language=es&country=AR&search=data+analyst&page=5
2026-09-05 22:27:14,971 [ERROR] Error Playwright: Page.goto: Target page, context or browser has been closed
2026-09-05 22:27:14,972 [WARNING]    ⚠️  Sin contenido. Saltando.
2026-09-05 22:27:14,972 [INFO] ✅ 'Data Analyst': 0 ofertas guardadas
2026-09-05 22:27:14,972 [INFO]    💤 Pausa: 6.8s
2026-09-05 22:27:21,786 [INFO] 
🔍 Buscando: 'Machine Learning Engineer'
2026-09-05 22:27:21,787 [INFO]    Página 1/5 → https://www.workana.com/jobs?category=it-programming&language=es&country=AR&search=machine+learning&page=1
2026-09-05 22:27:27,055 [ERROR] Error Playwright: Page.goto: Target page, context or browser has been closed
2026-09-05 22:27:27,056 [WARNING]    ⚠️  Sin contenido. Saltando.
2026-09-05 22:27:27,056 [INFO]    Página 2/5 → https://www.workana.com/jobs?category=it-programming&language=es&country=AR&search=machine+learning&page=2
2026-09-05 22:27:30,259 [ERROR] Error Playwright: Page.goto: Target page, context or browser has been closed
2026-09-05 22:27:30,259 [WARNING]    ⚠️  Sin contenido. Saltando.
2026-09-05 22:27:30,260 [INFO]    Página 3/5 → https://www.workana.com/jobs?category=it-programming&language=es&country=AR&search=machine+learning&page=3
2026-09-05 22:27:34,320 [ERROR] Error Playwright: Page.goto: Target page, context or browser has been closed
2026-09-05 22:27:34,320 [WARNING]    ⚠️  Sin contenido. Saltando.
2026-09-05 22:27:34,320 [INFO]    Página 4/5 → https://www.workana.com/jobs?category=it-programming&language=es&country=AR&search=machine+learning&page=4
2026-09-05 22:27:39,625 [ERROR] Error Playwright: Page.goto: Target page, context or browser has been closed
2026-09-05 22:27:39,625 [WARNING]    ⚠️  Sin contenido. Saltando.
2026-09-05 22:27:39,626 [INFO]    Página 5/5 → https://www.workana.com/jobs?category=it-programming&language=es&country=AR&search=machine+learning&page=5
2026-09-05 22:27:42,791 [ERROR] Error Playwright: Page.goto: Target page, context or browser has been closed
2026-09-05 22:27:42,792 [WARNING]    ⚠️  Sin contenido. Saltando.
2026-09-05 22:27:42,792 [INFO] ✅ 'Machine Learning Engineer': 0 ofertas guardadas
2026-09-05 22:27:42,792 [INFO]    💤 Pausa: 10.2s
2026-09-05 22:27:52,999 [INFO] 
🔍 Buscando: 'NLP Engineer'
2026-09-05 22:27:53,000 [INFO]    Página 1/5 → https://www.workana.com/jobs?category=it-programming&language=es&country=AR&search=nlp&page=1
2026-09-05 22:27:56,753 [ERROR] Error Playwright: Page.goto: Target page, context or browser has been closed
2026-09-05 22:27:56,753 [WARNING]    ⚠️  Sin contenido. Saltando.
2026-09-05 22:27:56,753 [INFO]    Página 2/5 → https://www.workana.com/jobs?category=it-programming&language=es&country=AR&search=nlp&page=2
2026-09-05 22:28:00,928 [ERROR] Error Playwright: Page.goto: Target page, context or browser has been closed
2026-09-05 22:28:00,928 [WARNING]    ⚠️  Sin contenido. Saltando.
2026-09-05 22:28:00,928 [INFO]    Página 3/5 → https://www.workana.com/jobs?category=it-programming&language=es&country=AR&search=nlp&page=3
2026-09-05 22:28:04,746 [ERROR] Error Playwright: Page.goto: Target page, context or browser has been closed
2026-09-05 22:28:04,746 [WARNING]    ⚠️  Sin contenido. Saltando.
2026-09-05 22:28:04,746 [INFO]    Página 4/5 → https://www.workana.com/jobs?category=it-programming&language=es&country=AR&search=nlp&page=4
2026-09-05 22:28:10,053 [ERROR] Error Playwright: Page.goto: Target page, context or browser has been closed
2026-09-05 22:28:10,060 [WARNING]    ⚠️  Sin contenido. Saltando.
2026-09-05 22:28:10,061 [INFO]    Página 5/5 → https://www.workana.com/jobs?category=it-programming&language=es&country=AR&search=nlp&page=5
2026-09-05 22:28:14,718 [ERROR] Error Playwright: Page.goto: Target page, context or browser has been closed
2026-09-05 22:28:14,718 [WARNING]    ⚠️  Sin contenido. Saltando.
2026-09-05 22:28:14,718 [INFO] ✅ 'NLP Engineer': 0 ofertas guardadas
2026-09-05 22:28:14,719 [INFO]    💤 Pausa: 6.9s
2026-09-05 22:28:21,629 [INFO] 
🔍 Buscando: 'Data Engineer'
2026-09-05 22:28:21,630 [INFO]    Página 1/5 → https://www.workana.com/jobs?category=it-programming&language=es&country=AR&search=data+engineer&page=1
2026-09-05 22:28:26,023 [ERROR] Error Playwright: Page.goto: Target page, context or browser has been closed
2026-09-05 22:28:26,023 [WARNING]    ⚠️  Sin contenido. Saltando.
2026-09-05 22:28:26,023 [INFO]    Página 2/5 → https://www.workana.com/jobs?category=it-programming&language=es&country=AR&search=data+engineer&page=2
2026-09-05 22:28:31,486 [ERROR] Error Playwright: Page.goto: Target page, context or browser has been closed
2026-09-05 22:28:31,487 [WARNING]    ⚠️  Sin contenido. Saltando.
2026-09-05 22:28:31,487 [INFO]    Página 3/5 → https://www.workana.com/jobs?category=it-programming&language=es&country=AR&search=data+engineer&page=3
2026-09-05 22:28:34,865 [ERROR] Error Playwright: Page.goto: Target page, context or browser has been closed
2026-09-05 22:28:34,865 [WARNING]    ⚠️  Sin contenido. Saltando.
2026-09-05 22:28:34,865 [INFO]    Página 4/5 → https://www.workana.com/jobs?category=it-programming&language=es&country=AR&search=data+engineer&page=4
2026-09-05 22:28:39,347 [ERROR] Error Playwright: Page.goto: Target page, context or browser has been closed
2026-09-05 22:28:39,347 [WARNING]    ⚠️  Sin contenido. Saltando.
2026-09-05 22:28:39,348 [INFO]    Página 5/5 → https://www.workana.com/jobs?category=it-programming&language=es&country=AR&search=data+engineer&page=5
2026-09-05 22:28:43,706 [ERROR] Error Playwright: Page.goto: Target page, context or browser has been closed
2026-09-05 22:28:43,706 [WARNING]    ⚠️  Sin contenido. Saltando.
2026-09-05 22:28:43,707 [INFO] ✅ 'Data Engineer': 0 ofertas guardadas
2026-09-05 22:28:43,707 [INFO]    💤 Pausa: 7.5s
2026-09-05 22:28:51,222 [INFO] 
🔍 Buscando: 'Python Developer'
2026-09-05 22:28:51,222 [INFO]    Página 1/5 → https://www.workana.com/jobs?category=it-programming&language=es&country=AR&search=python&page=1
2026-09-05 22:28:56,218 [ERROR] Error Playwright: Page.goto: Target page, context or browser has been closed
2026-09-05 22:28:56,219 [WARNING]    ⚠️  Sin contenido. Saltando.
2026-09-05 22:28:56,219 [INFO]    Página 2/5 → https://www.workana.com/jobs?category=it-programming&language=es&country=AR&search=python&page=2
2026-09-05 22:29:00,408 [ERROR] Error Playwright: Page.goto: Target page, context or browser has been closed
2026-09-05 22:29:00,409 [WARNING]    ⚠️  Sin contenido. Saltando.
2026-09-05 22:29:00,409 [INFO]    Página 3/5 → https://www.workana.com/jobs?category=it-programming&language=es&country=AR&search=python&page=3
2026-09-05 22:29:03,710 [ERROR] Error Playwright: Page.goto: Target page, context or browser has been closed
2026-09-05 22:29:03,711 [WARNING]    ⚠️  Sin contenido. Saltando.
2026-09-05 22:29:03,711 [INFO]    Página 4/5 → https://www.workana.com/jobs?category=it-programming&language=es&country=AR&search=python&page=4
2026-09-05 22:29:07,556 [ERROR] Error Playwright: Page.goto: Target page, context or browser has been closed
2026-09-05 22:29:07,556 [WARNING]    ⚠️  Sin contenido. Saltando.
2026-09-05 22:29:07,556 [INFO]    Página 5/5 → https://www.workana.com/jobs?category=it-programming&language=es&country=AR&search=python&page=5
2026-09-05 22:29:11,217 [ERROR] Error Playwright: Page.goto: Target page, context or browser has been closed
2026-09-05 22:29:11,218 [WARNING]    ⚠️  Sin contenido. Saltando.
2026-09-05 22:29:11,218 [INFO] ✅ 'Python Developer': 0 ofertas guardadas
2026-09-05 22:29:11,225 [INFO]    💤 Pausa: 8.5s
2026-09-05 22:29:19,740 [INFO] 
🔍 Buscando: 'Desarrollador Backend'
2026-09-05 22:29:19,740 [INFO]    Página 1/5 → https://www.workana.com/jobs?category=it-programming&language=es&country=AR&search=backend&page=1
2026-09-05 22:29:23,714 [ERROR] Error Playwright: Page.goto: Target page, context or browser has been closed
2026-09-05 22:29:23,715 [WARNING]    ⚠️  Sin contenido. Saltando.
2026-09-05 22:29:23,715 [INFO]    Página 2/5 → https://www.workana.com/jobs?category=it-programming&language=es&country=AR&search=backend&page=2
2026-09-05 22:29:27,314 [ERROR] Error Playwright: Page.goto: Target page, context or browser has been closed
2026-09-05 22:29:27,314 [WARNING]    ⚠️  Sin contenido. Saltando.
2026-09-05 22:29:27,315 [INFO]    Página 3/5 → https://www.workana.com/jobs?category=it-programming&language=es&country=AR&search=backend&page=3
2026-09-05 22:29:32,773 [ERROR] Error Playwright: Page.goto: Target page, context or browser has been closed
2026-09-05 22:29:32,773 [WARNING]    ⚠️  Sin contenido. Saltando.
2026-09-05 22:29:32,774 [INFO]    Página 4/5 → https://www.workana.com/jobs?category=it-programming&language=es&country=AR&search=backend&page=4
2026-09-05 22:29:36,713 [ERROR] Error Playwright: Page.goto: Target page, context or browser has been closed
2026-09-05 22:29:36,713 [WARNING]    ⚠️  Sin contenido. Saltando.
2026-09-05 22:29:36,713 [INFO]    Página 5/5 → https://www.workana.com/jobs?category=it-programming&language=es&country=AR&search=backend&page=5
2026-09-05 22:29:40,757 [ERROR] Error Playwright: Page.goto: Target page, context or browser has been closed
2026-09-05 22:29:40,758 [WARNING]    ⚠️  Sin contenido. Saltando.
2026-09-05 22:29:40,758 [INFO] ✅ 'Desarrollador Backend': 0 ofertas guardadas
2026-09-05 22:29:40,758 [INFO]    💤 Pausa: 6.6s
2026-09-05 22:29:47,440 [INFO] 
🔍 Buscando: 'Desarrollador Full Stack'
2026-09-05 22:29:47,440 [INFO]    Página 1/5 → https://www.workana.com/jobs?category=it-programming&language=es&country=AR&search=full+stack&page=1
2026-09-05 22:29:51,050 [ERROR] Error Playwright: Page.goto: Target page, context or browser has been closed
2026-09-05 22:29:51,051 [WARNING]    ⚠️  Sin contenido. Saltando.
2026-09-05 22:29:51,051 [INFO]    Página 2/5 → https://www.workana.com/jobs?category=it-programming&language=es&country=AR&search=full+stack&page=2
2026-09-05 22:29:56,409 [ERROR] Error Playwright: Page.goto: Target page, context or browser has been closed
2026-09-05 22:29:56,410 [WARNING]    ⚠️  Sin contenido. Saltando.
2026-09-05 22:29:56,410 [INFO]    Página 3/5 → https://www.workana.com/jobs?category=it-programming&language=es&country=AR&search=full+stack&page=3
2026-09-05 22:30:01,778 [ERROR] Error Playwright: Page.goto: Target page, context or browser has been closed
2026-09-05 22:30:01,778 [WARNING]    ⚠️  Sin contenido. Saltando.
2026-09-05 22:30:01,779 [INFO]    Página 4/5 → https://www.workana.com/jobs?category=it-programming&language=es&country=AR&search=full+stack&page=4
2026-09-05 22:30:04,930 [ERROR] Error Playwright: Page.goto: Target page, context or browser has been closed
2026-09-05 22:30:04,930 [WARNING]    ⚠️  Sin contenido. Saltando.
2026-09-05 22:30:04,931 [INFO]    Página 5/5 → https://www.workana.com/jobs?category=it-programming&language=es&country=AR&search=full+stack&page=5
2026-09-05 22:30:09,600 [ERROR] Error Playwright: Page.goto: Target page, context or browser has been closed
2026-09-05 22:30:09,600 [WARNING]    ⚠️  Sin contenido. Saltando.
2026-09-05 22:30:09,601 [INFO] ✅ 'Desarrollador Full Stack': 0 ofertas guardadas
2026-09-05 22:30:09,601 [INFO]    💤 Pausa: 9.5s
2026-09-05 22:30:19,152 [INFO] 
🔍 Buscando: 'Software Engineer'
2026-09-05 22:30:19,152 [INFO]    Página 1/5 → https://www.workana.com/jobs?category=it-programming&language=es&country=AR&search=software+engineer&page=1
2026-09-05 22:30:24,490 [ERROR] Error Playwright: Page.goto: Target page, context or browser has been closed
2026-09-05 22:30:24,498 [WARNING]    ⚠️  Sin contenido. Saltando.
2026-09-05 22:30:24,499 [INFO]    Página 2/5 → https://www.workana.com/jobs?category=it-programming&language=es&country=AR&search=software+engineer&page=2
2026-09-05 22:30:29,747 [ERROR] Error Playwright: Page.goto: Target page, context or browser has been closed
2026-09-05 22:30:29,748 [WARNING]    ⚠️  Sin contenido. Saltando.
2026-09-05 22:30:29,748 [INFO]    Página 3/5 → https://www.workana.com/jobs?category=it-programming&language=es&country=AR&search=software+engineer&page=3
2026-09-05 22:30:33,135 [ERROR] Error Playwright: Page.goto: Target page, context or browser has been closed
2026-09-05 22:30:33,135 [WARNING]    ⚠️  Sin contenido. Saltando.
2026-09-05 22:30:33,135 [INFO]    Página 4/5 → https://www.workana.com/jobs?category=it-programming&language=es&country=AR&search=software+engineer&page=4
2026-09-05 22:30:37,799 [ERROR] Error Playwright: Page.goto: Target page, context or browser has been closed
2026-09-05 22:30:37,799 [WARNING]    ⚠️  Sin contenido. Saltando.
2026-09-05 22:30:37,799 [INFO]    Página 5/5 → https://www.workana.com/jobs?category=it-programming&language=es&country=AR&search=software+engineer&page=5
2026-09-05 22:30:42,630 [ERROR] Error Playwright: Page.goto: Target page, context or browser has been closed
2026-09-05 22:30:42,630 [WARNING]    ⚠️  Sin contenido. Saltando.
2026-09-05 22:30:42,630 [INFO] ✅ 'Software Engineer': 0 ofertas guardadas
2026-09-05 22:30:42,631 [INFO]    💤 Pausa: 9.3s
2026-09-05 22:30:51,986 [INFO] 
🔍 Buscando: 'Ingeniero de Datos'
2026-09-05 22:30:51,986 [INFO]    Página 1/5 → https://www.workana.com/jobs?category=it-programming&language=es&country=AR&search=ingeniero+de+datos&page=1
2026-09-05 22:30:55,894 [ERROR] Error Playwright: Page.goto: Target page, context or browser has been closed
2026-09-05 22:30:55,894 [WARNING]    ⚠️  Sin contenido. Saltando.
2026-09-05 22:30:55,894 [INFO]    Página 2/5 → https://www.workana.com/jobs?category=it-programming&language=es&country=AR&search=ingeniero+de+datos&page=2
2026-09-05 22:31:00,100 [ERROR] Error Playwright: Page.goto: Target page, context or browser has been closed
2026-09-05 22:31:00,100 [WARNING]    ⚠️  Sin contenido. Saltando.
2026-09-05 22:31:00,100 [INFO]    Página 3/5 → https://www.workana.com/jobs?category=it-programming&language=es&country=AR&search=ingeniero+de+datos&page=3
2026-09-05 22:31:04,474 [ERROR] Error Playwright: Page.goto: Target page, context or browser has been closed
2026-09-05 22:31:04,475 [WARNING]    ⚠️  Sin contenido. Saltando.
2026-09-05 22:31:04,482 [INFO]    Página 4/5 → https://www.workana.com/jobs?category=it-programming&language=es&country=AR&search=ingeniero+de+datos&page=4
2026-09-05 22:31:07,956 [ERROR] Error Playwright: Page.goto: Target page, context or browser has been closed
2026-09-05 22:31:07,957 [WARNING]    ⚠️  Sin contenido. Saltando.
2026-09-05 22:31:07,957 [INFO]    Página 5/5 → https://www.workana.com/jobs?category=it-programming&language=es&country=AR&search=ingeniero+de+datos&page=5
2026-09-05 22:31:11,486 [ERROR] Error Playwright: Page.goto: Target page, context or browser has been closed
2026-09-05 22:31:11,486 [WARNING]    ⚠️  Sin contenido. Saltando.
2026-09-05 22:31:11,486 [INFO] ✅ 'Ingeniero de Datos': 0 ofertas guardadas
2026-09-05 22:31:11,487 [INFO]    💤 Pausa: 6.3s
2026-09-05 22:31:17,925 [INFO] 
============================================================
2026-09-05 22:31:17,925 [INFO] SCRAPING FINALIZADO - Workana
2026-09-05 22:31:17,925 [INFO] Total ofertas únicas: 21
2026-09-05 22:31:17,925 [INFO] DB : /media/carlos-a-cicconi/Common1/Repositorios-Ing.Carlos-Cicconi/Trabajo_Final_MCD/data/raw/workana.db
2026-09-05 22:31:17,925 [INFO] CSV: /media/carlos-a-cicconi/Common1/Repositorios-Ing.Carlos-Cicconi/Trabajo_Final_MCD/data/raw/ofertas_workana_20260905.csv
2026-09-05 22:31:17,925 [INFO] Log: /media/carlos-a-cicconi/Common1/Repositorios-Ing.Carlos-Cicconi/Trabajo_Final_MCD/logs/workana_scraper_20260905_222041.log
2026-09-05 22:31:17,925 [INFO] ============================================================
2026-09-05 22:31:17,926 [INFO]   ✅ workana: 21 ofertas recopiladas
2026-09-05 22:31:17,926 [INFO] 
============================================================
2026-09-05 22:31:17,926 [INFO]   EJECUTANDO: opcionempleo (OpcionempleoScraper)
2026-09-05 22:31:17,926 [INFO]   Queries: definidas en el módulo
2026-09-05 22:31:17,926 [INFO] ============================================================
2026-09-05 22:31:17,928 [INFO] Base de datos lista: /media/carlos-a-cicconi/Common1/Repositorios-Ing.Carlos-Cicconi/Trabajo_Final_MCD/data/raw/opcionempleo.db
2026-09-05 22:31:17,928 [INFO] OpcionempleoScraper (Playwright) inicializado
2026-09-05 22:31:18,810 [INFO] Inicializando sesión en OpcionEmpleo...
2026-09-05 22:31:18,810 [INFO] (Puede tardar hasta 20s mientras se resuelve el Turnstile)
2026-09-05 22:31:22,981 [INFO]    ⏳ Turnstile detectado — esperando resolución automática...
2026-09-05 22:31:23,071 [INFO]    ✅ Turnstile resuelto
2026-09-05 22:31:28,546 [ERROR] Error Playwright en https://www.opcionempleo.com.ar: Page.content: Unable to retrieve content because the page is navigating and changing the content.
2026-09-05 22:31:28,547 [INFO] 
🔍 Buscando: 'Data Scientist'
2026-09-05 22:31:28,548 [INFO]    Página 1/5 → https://www.opcionempleo.com.ar/trabajo-data-scientist.html
2026-09-05 22:31:36,587 [INFO]    ⏳ Turnstile detectado — esperando resolución automática...
2026-09-05 22:31:36,617 [INFO]    ✅ Turnstile resuelto
2026-09-05 22:31:41,067 [INFO]    → 20 ofertas encontradas
2026-09-05 22:31:48,825 [INFO]    ⏳ Turnstile detectado — esperando resolución automática...
2026-09-05 22:31:48,846 [INFO]    ✅ Turnstile resuelto
2026-09-05 22:32:00,035 [INFO]    ⏳ Turnstile detectado — esperando resolución automática...
2026-09-05 22:32:00,056 [INFO]    ✅ Turnstile resuelto
2026-09-05 22:32:11,201 [INFO]    ⏳ Turnstile detectado — esperando resolución automática...
2026-09-05 22:32:11,232 [INFO]    ✅ Turnstile resuelto
2026-09-05 22:32:21,762 [INFO]    ⏳ Turnstile detectado — esperando resolución automática...
2026-09-05 22:32:21,794 [INFO]    ✅ Turnstile resuelto
2026-09-05 22:32:32,711 [INFO]    ⏳ Turnstile detectado — esperando resolución automática...
2026-09-05 22:32:32,732 [INFO]    ✅ Turnstile resuelto
2026-09-05 22:32:42,346 [INFO]    ⏳ Turnstile detectado — esperando resolución automática...
2026-09-05 22:32:42,369 [INFO]    ✅ Turnstile resuelto
2026-09-05 22:32:51,671 [INFO]    ⏳ Turnstile detectado — esperando resolución automática...
2026-09-05 22:32:51,691 [INFO]    ✅ Turnstile resuelto
2026-09-05 22:33:01,303 [INFO]    ⏳ Turnstile detectado — esperando resolución automática...
2026-09-05 22:33:01,336 [INFO]    ✅ Turnstile resuelto
2026-09-05 22:33:12,171 [INFO]    ⏳ Turnstile detectado — esperando resolución automática...
2026-09-05 22:33:12,192 [INFO]    ✅ Turnstile resuelto
2026-09-05 22:33:22,390 [INFO]    ⏳ Turnstile detectado — esperando resolución automática...
2026-09-05 22:33:22,410 [INFO]    ✅ Turnstile resuelto
2026-09-05 22:33:33,457 [INFO]    ⏳ Turnstile detectado — esperando resolución automática...
2026-09-05 22:33:33,478 [INFO]    ✅ Turnstile resuelto
2026-09-05 22:33:44,416 [INFO]    ⏳ Turnstile detectado — esperando resolución automática...
2026-09-05 22:33:44,453 [INFO]    ✅ Turnstile resuelto
2026-09-05 22:33:56,440 [INFO]    ⏳ Turnstile detectado — esperando resolución automática...
2026-09-05 22:33:56,461 [INFO]    ✅ Turnstile resuelto
2026-09-05 22:34:08,081 [INFO]    ⏳ Turnstile detectado — esperando resolución automática...
2026-09-05 22:34:08,102 [INFO]    ✅ Turnstile resuelto
2026-09-05 22:34:19,841 [INFO]    ⏳ Turnstile detectado — esperando resolución automática...
2026-09-05 22:34:19,863 [INFO]    ✅ Turnstile resuelto
2026-09-05 22:34:30,701 [INFO]    ⏳ Turnstile detectado — esperando resolución automática...
2026-09-05 22:34:30,723 [INFO]    ✅ Turnstile resuelto
2026-09-05 22:34:42,198 [INFO]    ⏳ Turnstile detectado — esperando resolución automática...
2026-09-05 22:34:42,229 [INFO]    ✅ Turnstile resuelto
2026-09-05 22:34:53,427 [INFO]    ⏳ Turnstile detectado — esperando resolución automática...
2026-09-05 22:34:53,449 [INFO]    ✅ Turnstile resuelto
2026-09-05 22:35:05,202 [INFO]    ⏳ Turnstile detectado — esperando resolución automática...
2026-09-05 22:35:05,224 [INFO]    ✅ Turnstile resuelto
2026-09-05 22:35:15,761 [INFO]    ⏳ Turnstile detectado — esperando resolución automática...
2026-09-05 22:35:15,787 [INFO]    ✅ Turnstile resuelto
2026-09-05 22:35:19,096 [INFO]    Página 2/5 → https://www.opcionempleo.com.ar/trabajo-data-scientist.html?p=2
2026-09-05 22:35:28,196 [INFO]    ⏳ Turnstile detectado — esperando resolución automática...
2026-09-05 22:35:28,222 [INFO]    ✅ Turnstile resuelto
2026-09-05 22:35:32,618 [INFO]    → 20 ofertas encontradas
2026-09-05 22:35:41,410 [INFO]    ⏳ Turnstile detectado — esperando resolución automática...
2026-09-05 22:35:41,445 [INFO]    ✅ Turnstile resuelto
2026-09-05 22:35:52,075 [INFO]    ⏳ Turnstile detectado — esperando resolución automática...
2026-09-05 22:35:52,098 [INFO]    ✅ Turnstile resuelto
2026-09-05 22:36:03,942 [INFO]    ⏳ Turnstile detectado — esperando resolución automática...
2026-09-05 22:36:03,965 [INFO]    ✅ Turnstile resuelto
2026-09-05 22:36:15,828 [INFO]    ⏳ Turnstile detectado — esperando resolución automática...
2026-09-05 22:36:15,850 [INFO]    ✅ Turnstile resuelto
2026-09-05 22:36:27,876 [INFO]    ⏳ Turnstile detectado — esperando resolución automática...
2026-09-05 22:36:27,900 [INFO]    ✅ Turnstile resuelto
2026-09-05 22:36:38,002 [INFO]    ⏳ Turnstile detectado — esperando resolución automática...
2026-09-05 22:36:38,034 [INFO]    ✅ Turnstile resuelto
2026-09-05 22:36:49,116 [INFO]    ⏳ Turnstile detectado — esperando resolución automática...
2026-09-05 22:36:49,140 [INFO]    ✅ Turnstile resuelto
2026-09-05 22:37:01,093 [INFO]    ⏳ Turnstile detectado — esperando resolución automática...
2026-09-05 22:37:01,116 [INFO]    ✅ Turnstile resuelto
2026-09-05 22:37:13,182 [INFO]    ⏳ Turnstile detectado — esperando resolución automática...
2026-09-05 22:37:13,205 [INFO]    ✅ Turnstile resuelto
2026-09-05 22:37:24,074 [INFO]    ⏳ Turnstile detectado — esperando resolución automática...
2026-09-05 22:37:24,106 [INFO]    ✅ Turnstile resuelto
2026-09-05 22:37:35,173 [INFO]    ⏳ Turnstile detectado — esperando resolución automática...
2026-09-05 22:37:35,196 [INFO]    ✅ Turnstile resuelto
2026-09-05 22:37:45,133 [INFO]    ⏳ Turnstile detectado — esperando resolución automática...
2026-09-05 22:37:45,157 [INFO]    ✅ Turnstile resuelto
2026-09-05 22:37:55,455 [INFO]    ⏳ Turnstile detectado — esperando resolución automática...
2026-09-05 22:37:55,478 [INFO]    ✅ Turnstile resuelto
2026-09-05 22:38:07,061 [INFO]    ⏳ Turnstile detectado — esperando resolución automática...
2026-09-05 22:38:07,083 [INFO]    ✅ Turnstile resuelto
2026-09-05 22:38:18,428 [INFO]    ⏳ Turnstile detectado — esperando resolución automática...
2026-09-05 22:38:18,464 [INFO]    ✅ Turnstile resuelto
2026-09-05 22:38:29,492 [INFO]    ⏳ Turnstile detectado — esperando resolución automática...
2026-09-05 22:38:29,517 [INFO]    ✅ Turnstile resuelto
2026-09-05 22:38:40,646 [INFO]    ⏳ Turnstile detectado — esperando resolución automática...
2026-09-05 22:38:40,669 [INFO]    ✅ Turnstile resuelto
2026-09-05 22:38:51,176 [INFO]    ⏳ Turnstile detectado — esperando resolución automática...
2026-09-05 22:38:51,198 [INFO]    ✅ Turnstile resuelto
2026-09-05 22:39:03,159 [INFO]    ⏳ Turnstile detectado — esperando resolución automática...
2026-09-05 22:39:03,194 [INFO]    ✅ Turnstile resuelto
2026-09-05 22:39:15,551 [INFO]    ⏳ Turnstile detectado — esperando resolución automática...
2026-09-05 22:39:15,572 [INFO]    ✅ Turnstile resuelto
2026-09-05 22:39:18,754 [INFO]    Página 3/5 → https://www.opcionempleo.com.ar/trabajo-data-scientist.html?p=3
2026-09-05 22:39:28,067 [INFO]    ⏳ Turnstile detectado — esperando resolución automática...
2026-09-05 22:39:28,092 [INFO]    ✅ Turnstile resuelto
2026-09-05 22:39:32,234 [INFO]    → 20 ofertas encontradas
2026-09-05 22:39:39,916 [INFO]    ⏳ Turnstile detectado — esperando resolución automática...
2026-09-05 22:39:39,938 [INFO]    ✅ Turnstile resuelto
2026-09-05 22:39:50,389 [INFO]    ⏳ Turnstile detectado — esperando resolución automática...
2026-09-05 22:39:50,410 [INFO]    ✅ Turnstile resuelto
2026-09-05 22:40:00,988 [INFO]    ⏳ Turnstile detectado — esperando resolución automática...
2026-09-05 22:40:01,010 [INFO]    ✅ Turnstile resuelto
2026-09-05 22:40:10,916 [INFO]    ⏳ Turnstile detectado — esperando resolución automática...
2026-09-05 22:40:10,939 [INFO]    ✅ Turnstile resuelto
2026-09-05 22:40:23,144 [INFO]    ⏳ Turnstile detectado — esperando resolución automática...
2026-09-05 22:40:23,165 [INFO]    ✅ Turnstile resuelto
2026-09-05 22:40:35,159 [INFO]    ⏳ Turnstile detectado — esperando resolución automática...
2026-09-05 22:40:35,184 [INFO]    ✅ Turnstile resuelto
2026-09-05 22:40:44,689 [INFO]    ⏳ Turnstile detectado — esperando resolución automática...
2026-09-05 22:40:44,712 [INFO]    ✅ Turnstile resuelto
2026-09-05 22:40:55,234 [INFO]    ⏳ Turnstile detectado — esperando resolución automática...
2026-09-05 22:40:55,257 [INFO]    ✅ Turnstile resuelto
2026-09-05 22:41:05,978 [INFO]    ⏳ Turnstile detectado — esperando resolución automática...
2026-09-05 22:41:06,000 [INFO]    ✅ Turnstile resuelto
2026-09-05 22:41:16,368 [INFO]    ⏳ Turnstile detectado — esperando resolución automática...
2026-09-05 22:41:16,393 [INFO]    ✅ Turnstile resuelto
2026-09-05 22:41:26,040 [INFO]    ⏳ Turnstile detectado — esperando resolución automática...
2026-09-05 22:41:26,070 [INFO]    ✅ Turnstile resuelto
2026-09-05 22:41:36,080 [INFO]    ⏳ Turnstile detectado — esperando resolución automática...
2026-09-05 22:41:36,106 [INFO]    ✅ Turnstile resuelto
2026-09-05 22:41:48,567 [INFO]    ⏳ Turnstile detectado — esperando resolución automática...
2026-09-05 22:41:48,593 [INFO]    ✅ Turnstile resuelto
2026-09-05 22:41:59,671 [INFO]    ⏳ Turnstile detectado — esperando resolución automática...
2026-09-05 22:41:59,693 [INFO]    ✅ Turnstile resuelto
2026-09-05 22:42:11,265 [INFO]    ⏳ Turnstile detectado — esperando resolución automática...
2026-09-05 22:42:11,298 [INFO]    ✅ Turnstile resuelto
2026-09-05 22:42:22,457 [INFO]    ⏳ Turnstile detectado — esperando resolución automática...
2026-09-05 22:42:22,481 [INFO]    ✅ Turnstile resuelto
2026-09-05 22:42:32,704 [INFO]    ⏳ Turnstile detectado — esperando resolución automática...
2026-09-05 22:42:32,729 [INFO]    ✅ Turnstile resuelto
2026-09-05 22:42:42,878 [INFO]    ⏳ Turnstile detectado — esperando resolución automática...
2026-09-05 22:42:42,900 [INFO]    ✅ Turnstile resuelto
2026-09-05 22:42:55,626 [INFO]    ⏳ Turnstile detectado — esperando resolución automática...
2026-09-05 22:42:55,650 [INFO]    ✅ Turnstile resuelto
2026-09-05 22:43:06,677 [INFO]    ⏳ Turnstile detectado — esperando resolución automática...
2026-09-05 22:43:06,698 [INFO]    ✅ Turnstile resuelto
2026-09-05 22:43:10,438 [INFO]    Página 4/5 → https://www.opcionempleo.com.ar/trabajo-data-scientist.html?p=4
2026-09-05 22:43:19,965 [INFO]    ⏳ Turnstile detectado — esperando resolución automática...
2026-09-05 22:43:19,989 [INFO]    ✅ Turnstile resuelto
2026-09-05 22:43:24,340 [INFO]    → 20 ofertas encontradas
2026-09-05 22:43:30,489 [INFO]    ⏳ Turnstile detectado — esperando resolución automática...
2026-09-05 22:43:30,515 [INFO]    ✅ Turnstile resuelto
2026-09-05 22:43:40,842 [INFO]    ⏳ Turnstile detectado — esperando resolución automática...
2026-09-05 22:43:40,884 [INFO]    ✅ Turnstile resuelto
2026-09-05 22:43:53,002 [INFO]    ⏳ Turnstile detectado — esperando resolución automática...
2026-09-05 22:43:53,023 [INFO]    ✅ Turnstile resuelto
2026-09-05 22:44:02,179 [INFO]    ⏳ Turnstile detectado — esperando resolución automática...
2026-09-05 22:44:02,201 [INFO]    ✅ Turnstile resuelto
2026-09-05 22:44:14,027 [INFO]    ⏳ Turnstile detectado — esperando resolución automática...
2026-09-05 22:44:14,048 [INFO]    ✅ Turnstile resuelto
2026-09-05 22:44:25,176 [INFO]    ⏳ Turnstile detectado — esperando resolución automática...
2026-09-05 22:44:25,198 [INFO]    ✅ Turnstile resuelto
2026-09-05 22:44:35,863 [INFO]    ⏳ Turnstile detectado — esperando resolución automática...
2026-09-05 22:44:35,893 [INFO]    ✅ Turnstile resuelto
2026-09-05 22:44:46,309 [INFO]    ⏳ Turnstile detectado — esperando resolución automática...
2026-09-05 22:44:46,331 [INFO]    ✅ Turnstile resuelto
2026-09-05 22:44:57,688 [INFO]    ⏳ Turnstile detectado — esperando resolución automática...
2026-09-05 22:44:57,711 [INFO]    ✅ Turnstile resuelto
2026-09-05 22:45:09,561 [INFO]    ⏳ Turnstile detectado — esperando resolución automática...
2026-09-05 22:45:09,583 [INFO]    ✅ Turnstile resuelto
2026-09-05 22:45:20,602 [INFO]    ⏳ Turnstile detectado — esperando resolución automática...
2026-09-05 22:45:20,638 [INFO]    ✅ Turnstile resuelto
2026-09-05 22:45:31,278 [INFO]    ⏳ Turnstile detectado — esperando resolución automática...
2026-09-05 22:45:31,300 [INFO]    ✅ Turnstile resuelto
2026-09-05 22:45:43,858 [INFO]    ⏳ Turnstile detectado — esperando resolución automática...
2026-09-05 22:45:43,880 [INFO]    ✅ Turnstile resuelto
2026-09-05 22:45:56,133 [INFO]    ⏳ Turnstile detectado — esperando resolución automática...
2026-09-05 22:45:56,154 [INFO]    ✅ Turnstile resuelto
2026-09-05 22:46:06,244 [INFO]    ⏳ Turnstile detectado — esperando resolución automática...
2026-09-05 22:46:06,267 [INFO]    ✅ Turnstile resuelto
2026-09-05 22:46:17,295 [INFO]    ⏳ Turnstile detectado — esperando resolución automática...
2026-09-05 22:46:17,319 [INFO]    ✅ Turnstile resuelto
2026-09-05 22:46:27,852 [INFO]    ⏳ Turnstile detectado — esperando resolución automática...
2026-09-05 22:46:27,874 [INFO]    ✅ Turnstile resuelto
2026-09-05 22:46:40,036 [INFO]    ⏳ Turnstile detectado — esperando resolución automática...
2026-09-05 22:46:40,058 [INFO]    ✅ Turnstile resuelto
2026-09-05 22:46:51,942 [INFO]    ⏳ Turnstile detectado — esperando resolución automática...
2026-09-05 22:46:51,965 [INFO]    ✅ Turnstile resuelto
2026-09-05 22:47:03,624 [INFO]    ⏳ Turnstile detectado — esperando resolución automática...
2026-09-05 22:47:03,655 [INFO]    ✅ Turnstile resuelto
2026-09-05 22:47:07,298 [INFO]    Página 5/5 → https://www.opcionempleo.com.ar/trabajo-data-scientist.html?p=5
2026-09-05 22:47:15,052 [INFO]    ⏳ Turnstile detectado — esperando resolución automática...
2026-09-05 22:47:15,075 [INFO]    ✅ Turnstile resuelto
2026-09-05 22:47:19,644 [INFO]    → 20 ofertas encontradas
2026-09-05 22:47:25,742 [INFO]    ⏳ Turnstile detectado — esperando resolución automática...
2026-09-05 22:47:25,765 [INFO]    ✅ Turnstile resuelto
2026-09-05 22:47:36,298 [INFO]    ⏳ Turnstile detectado — esperando resolución automática...
2026-09-05 22:47:36,324 [INFO]    ✅ Turnstile resuelto
2026-09-05 22:47:47,937 [INFO]    ⏳ Turnstile detectado — esperando resolución automática...
2026-09-05 22:47:47,958 [INFO]    ✅ Turnstile resuelto
2026-09-05 22:47:58,410 [INFO]    ⏳ Turnstile detectado — esperando resolución automática...
2026-09-05 22:47:58,438 [INFO]    ✅ Turnstile resuelto
2026-09-05 22:48:09,727 [INFO]    ⏳ Turnstile detectado — esperando resolución automática...
2026-09-05 22:48:09,752 [INFO]    ✅ Turnstile resuelto
2026-09-05 22:48:21,492 [INFO]    ⏳ Turnstile detectado — esperando resolución automática...
2026-09-05 22:48:21,518 [INFO]    ✅ Turnstile resuelto
2026-09-05 22:48:31,538 [INFO]    ⏳ Turnstile detectado — esperando resolución automática...
2026-09-05 22:48:31,560 [INFO]    ✅ Turnstile resuelto
2026-09-05 22:48:42,231 [INFO]    ⏳ Turnstile detectado — esperando resolución automática...
2026-09-05 22:48:42,254 [INFO]    ✅ Turnstile resuelto
2026-09-05 22:48:53,548 [INFO]    ⏳ Turnstile detectado — esperando resolución automática...
2026-09-05 22:48:53,570 [INFO]    ✅ Turnstile resuelto
2026-09-05 22:49:04,920 [INFO]    ⏳ Turnstile detectado — esperando resolución automática...
2026-09-05 22:49:04,942 [INFO]    ✅ Turnstile resuelto
2026-09-05 22:49:17,297 [INFO]    ⏳ Turnstile detectado — esperando resolución automática...
2026-09-05 22:49:17,320 [INFO]    ✅ Turnstile resuelto
2026-09-05 22:49:28,521 [INFO]    ⏳ Turnstile detectado — esperando resolución automática...
2026-09-05 22:49:28,542 [INFO]    ✅ Turnstile resuelto
2026-09-05 22:49:41,006 [INFO]    ⏳ Turnstile detectado — esperando resolución automática...
2026-09-05 22:49:41,026 [INFO]    ✅ Turnstile resuelto
2026-09-05 22:49:52,487 [INFO]    ⏳ Turnstile detectado — esperando resolución automática...
2026-09-05 22:49:52,511 [INFO]    ✅ Turnstile resuelto
2026-09-05 22:50:05,034 [INFO]    ⏳ Turnstile detectado — esperando resolución automática...
2026-09-05 22:50:05,055 [INFO]    ✅ Turnstile resuelto
2026-09-05 22:50:16,546 [INFO]    ⏳ Turnstile detectado — esperando resolución automática...
2026-09-05 22:50:16,567 [INFO]    ✅ Turnstile resuelto
2026-09-05 22:50:28,036 [INFO]    ⏳ Turnstile detectado — esperando resolución automática...
2026-09-05 22:50:28,059 [INFO]    ✅ Turnstile resuelto
2026-09-05 22:50:40,419 [INFO]    ⏳ Turnstile detectado — esperando resolución automática...
2026-09-05 22:50:40,450 [INFO]    ✅ Turnstile resuelto
2026-09-05 22:50:50,831 [INFO]    ⏳ Turnstile detectado — esperando resolución automática...
2026-09-05 22:50:50,853 [INFO]    ✅ Turnstile resuelto
2026-09-05 22:51:02,239 [INFO]    ⏳ Turnstile detectado — esperando resolución automática...
2026-09-05 22:51:02,260 [INFO]    ✅ Turnstile resuelto
2026-09-05 22:51:05,838 [INFO] Exportadas 100 ofertas → /media/carlos-a-cicconi/Common1/Repositorios-Ing.Carlos-Cicconi/Trabajo_Final_MCD/data/raw/ofertas_opcionempleo_20260905.csv
2026-09-05 22:51:05,838 [INFO] ✅ 'Data Scientist': 100 ofertas guardadas
2026-09-05 22:51:05,838 [INFO]    💤 Pausa: 11.7s
2026-09-05 22:51:17,560 [INFO] 
🔍 Buscando: 'Data Analyst'
2026-09-05 22:51:17,561 [INFO]    Página 1/5 → https://www.opcionempleo.com.ar/trabajo-data-analyst.html
2026-09-05 22:51:26,894 [INFO]    ⏳ Turnstile detectado — esperando resolución automática...
2026-09-05 22:51:26,916 [INFO]    ✅ Turnstile resuelto
2026-09-05 22:51:31,215 [INFO]    → 20 ofertas encontradas
2026-09-05 22:51:39,701 [INFO]    ⏳ Turnstile detectado — esperando resolución automática...
2026-09-05 22:51:39,725 [INFO]    ✅ Turnstile resuelto
2026-09-05 22:51:50,487 [INFO]    ⏳ Turnstile detectado — esperando resolución automática...
2026-09-05 22:51:50,511 [INFO]    ✅ Turnstile resuelto
2026-09-05 22:52:00,091 [INFO]    ⏳ Turnstile detectado — esperando resolución automática...
2026-09-05 22:52:00,122 [INFO]    ✅ Turnstile resuelto
2026-09-05 22:52:11,795 [INFO]    ⏳ Turnstile detectado — esperando resolución automática...
2026-09-05 22:52:11,817 [INFO]    ✅ Turnstile resuelto
2026-09-05 22:52:23,406 [INFO]    ⏳ Turnstile detectado — esperando resolución automática...
2026-09-05 22:52:23,428 [INFO]    ✅ Turnstile resuelto
2026-09-05 22:52:34,035 [INFO]    ⏳ Turnstile detectado — esperando resolución automática...
2026-09-05 22:52:34,057 [INFO]    ✅ Turnstile resuelto
2026-09-05 22:52:44,914 [INFO]    ⏳ Turnstile detectado — esperando resolución automática...
2026-09-05 22:52:44,935 [INFO]    ✅ Turnstile resuelto
2026-09-05 22:52:54,381 [INFO]    ⏳ Turnstile detectado — esperando resolución automática...
2026-09-05 22:52:54,402 [INFO]    ✅ Turnstile resuelto
2026-09-05 22:53:08,414 [INFO]    ⏳ Turnstile detectado — esperando resolución automática...
2026-09-05 22:53:08,439 [INFO]    ✅ Turnstile resuelto
2026-09-05 22:53:19,754 [INFO]    ⏳ Turnstile detectado — esperando resolución automática...
2026-09-05 22:53:19,777 [INFO]    ✅ Turnstile resuelto
2026-09-05 22:53:31,535 [INFO]    ⏳ Turnstile detectado — esperando resolución automática...
2026-09-05 22:53:31,566 [INFO]    ✅ Turnstile resuelto
2026-09-05 22:53:43,212 [INFO]    ⏳ Turnstile detectado — esperando resolución automática...
2026-09-05 22:53:43,233 [INFO]    ✅ Turnstile resuelto
2026-09-05 22:53:54,641 [INFO]    ⏳ Turnstile detectado — esperando resolución automática...
2026-09-05 22:53:54,667 [INFO]    ✅ Turnstile resuelto
2026-09-05 22:54:04,178 [INFO]    ⏳ Turnstile detectado — esperando resolución automática...
2026-09-05 22:54:04,200 [INFO]    ✅ Turnstile resuelto
2026-09-05 22:54:13,932 [INFO]    ⏳ Turnstile detectado — esperando resolución automática...
2026-09-05 22:54:13,970 [INFO]    ✅ Turnstile resuelto
2026-09-05 22:54:24,597 [INFO]    ⏳ Turnstile detectado — esperando resolución automática...
2026-09-05 22:54:24,620 [INFO]    ✅ Turnstile resuelto
2026-09-05 22:54:34,881 [INFO]    ⏳ Turnstile detectado — esperando resolución automática...
2026-09-05 22:54:34,903 [INFO]    ✅ Turnstile resuelto
2026-09-05 22:54:45,962 [INFO]    ⏳ Turnstile detectado — esperando resolución automática...
2026-09-05 22:54:45,985 [INFO]    ✅ Turnstile resuelto
2026-09-05 22:54:56,702 [INFO]    ⏳ Turnstile detectado — esperando resolución automática...
2026-09-05 22:54:56,724 [INFO]    ✅ Turnstile resuelto
2026-09-05 22:55:10,556 [INFO]    ⏳ Turnstile detectado — esperando resolución automática...
2026-09-05 22:55:10,589 [INFO]    ✅ Turnstile resuelto
2026-09-05 22:55:14,067 [INFO]    Página 2/5 → https://www.opcionempleo.com.ar/trabajo-data-analyst.html?p=2
2026-09-05 22:55:24,359 [INFO]    ⏳ Turnstile detectado — esperando resolución automática...
2026-09-05 22:55:24,382 [INFO]    ✅ Turnstile resuelto
2026-09-05 22:55:28,300 [INFO]    → 20 ofertas encontradas
2026-09-05 22:55:35,129 [INFO]    ⏳ Turnstile detectado — esperando resolución automática...
2026-09-05 22:55:35,151 [INFO]    ✅ Turnstile resuelto
2026-09-05 22:55:46,814 [INFO]    ⏳ Turnstile detectado — esperando resolución automática...
2026-09-05 22:55:46,845 [INFO]    ✅ Turnstile resuelto
2026-09-05 22:55:58,258 [INFO]    ⏳ Turnstile detectado — esperando resolución automática...
2026-09-05 22:55:58,281 [INFO]    ✅ Turnstile resuelto
2026-09-05 22:56:07,855 [INFO]    ⏳ Turnstile detectado — esperando resolución automática...
2026-09-05 22:56:07,881 [INFO]    ✅ Turnstile resuelto
2026-09-05 22:56:19,890 [INFO]    ⏳ Turnstile detectado — esperando resolución automática...
2026-09-05 22:56:19,916 [INFO]    ✅ Turnstile resuelto
2026-09-05 22:56:31,467 [INFO]    ⏳ Turnstile detectado — esperando resolución automática...
2026-09-05 22:56:31,489 [INFO]    ✅ Turnstile resuelto
2026-09-05 22:56:43,028 [INFO]    ⏳ Turnstile detectado — esperando resolución automática...
2026-09-05 22:56:43,055 [INFO]    ✅ Turnstile resuelto
2026-09-05 22:56:54,627 [INFO]    ⏳ Turnstile detectado — esperando resolución automática...
2026-09-05 22:56:54,658 [INFO]    ✅ Turnstile resuelto
2026-09-05 22:57:07,102 [INFO]    ⏳ Turnstile detectado — esperando resolución automática...
2026-09-05 22:57:07,127 [INFO]    ✅ Turnstile resuelto
2026-09-05 22:57:18,888 [INFO]    ⏳ Turnstile detectado — esperando resolución automática...
2026-09-05 22:57:18,909 [INFO]    ✅ Turnstile resuelto
2026-09-05 22:57:31,039 [INFO]    ⏳ Turnstile detectado — esperando resolución automática...
2026-09-05 22:57:31,060 [INFO]    ✅ Turnstile resuelto
2026-09-05 22:57:42,717 [INFO]    ⏳ Turnstile detectado — esperando resolución automática...
2026-09-05 22:57:42,739 [INFO]    ✅ Turnstile resuelto
2026-09-05 22:57:54,329 [INFO]    ⏳ Turnstile detectado — esperando resolución automática...
2026-09-05 22:57:54,351 [INFO]    ✅ Turnstile resuelto
2026-09-05 22:58:06,245 [INFO]    ⏳ Turnstile detectado — esperando resolución automática...
2026-09-05 22:58:06,269 [INFO]    ✅ Turnstile resuelto
2026-09-05 22:58:17,262 [INFO]    ⏳ Turnstile detectado — esperando resolución automática...
2026-09-05 22:58:17,285 [INFO]    ✅ Turnstile resuelto
2026-09-05 22:58:27,494 [INFO]    ⏳ Turnstile detectado — esperando resolución automática...
2026-09-05 22:58:27,517 [INFO]    ✅ Turnstile resuelto
2026-09-05 22:58:37,554 [INFO]    ⏳ Turnstile detectado — esperando resolución automática...
2026-09-05 22:58:37,579 [INFO]    ✅ Turnstile resuelto
2026-09-05 22:58:49,341 [INFO]    ⏳ Turnstile detectado — esperando resolución automática...
2026-09-05 22:58:49,367 [INFO]    ✅ Turnstile resuelto
2026-09-05 22:58:59,025 [INFO]    ⏳ Turnstile detectado — esperando resolución automática...
2026-09-05 22:58:59,047 [INFO]    ✅ Turnstile resuelto
2026-09-05 22:59:09,448 [INFO]    ⏳ Turnstile detectado — esperando resolución automática...
2026-09-05 22:59:09,470 [INFO]    ✅ Turnstile resuelto
2026-09-05 22:59:12,788 [INFO]    Página 3/5 → https://www.opcionempleo.com.ar/trabajo-data-analyst.html?p=3
2026-09-05 22:59:21,564 [INFO]    ⏳ Turnstile detectado — esperando resolución automática...
2026-09-05 22:59:21,588 [INFO]    ✅ Turnstile resuelto
2026-09-05 22:59:26,005 [INFO]    → 20 ofertas encontradas
2026-09-05 22:59:32,107 [INFO]    ⏳ Turnstile detectado — esperando resolución automática...
2026-09-05 22:59:32,129 [INFO]    ✅ Turnstile resuelto
2026-09-05 22:59:42,539 [INFO]    ⏳ Turnstile detectado — esperando resolución automática...
2026-09-05 22:59:42,564 [INFO]    ✅ Turnstile resuelto
2026-09-05 22:59:53,809 [INFO]    ⏳ Turnstile detectado — esperando resolución automática...
2026-09-05 22:59:53,832 [INFO]    ✅ Turnstile resuelto
2026-09-05 23:00:03,765 [INFO]    ⏳ Turnstile detectado — esperando resolución automática...
2026-09-05 23:00:03,787 [INFO]    ✅ Turnstile resuelto
2026-09-05 23:00:15,014 [INFO]    ⏳ Turnstile detectado — esperando resolución automática...
2026-09-05 23:00:15,038 [INFO]    ✅ Turnstile resuelto
2026-09-05 23:00:25,216 [INFO]    ⏳ Turnstile detectado — esperando resolución automática...
2026-09-05 23:00:25,245 [INFO]    ✅ Turnstile resuelto
2026-09-05 23:00:37,424 [INFO]    ⏳ Turnstile detectado — esperando resolución automática...
2026-09-05 23:00:37,444 [INFO]    ✅ Turnstile resuelto
2026-09-05 23:00:50,284 [INFO]    ⏳ Turnstile detectado — esperando resolución automática...
2026-09-05 23:00:50,306 [INFO]    ✅ Turnstile resuelto
2026-09-05 23:01:01,983 [INFO]    ⏳ Turnstile detectado — esperando resolución automática...
2026-09-05 23:01:02,005 [INFO]    ✅ Turnstile resuelto
2026-09-05 23:01:13,704 [INFO]    ⏳ Turnstile detectado — esperando resolución automática...
2026-09-05 23:01:13,741 [INFO]    ✅ Turnstile resuelto
2026-09-05 23:01:23,693 [INFO]    ⏳ Turnstile detectado — esperando resolución automática...
2026-09-05 23:01:23,718 [INFO]    ✅ Turnstile resuelto
2026-09-05 23:01:34,437 [INFO]    ⏳ Turnstile detectado — esperando resolución automática...
2026-09-05 23:01:34,463 [INFO]    ✅ Turnstile resuelto
2026-09-05 23:01:45,406 [INFO]    ⏳ Turnstile detectado — esperando resolución automática...
2026-09-05 23:01:45,427 [INFO]    ✅ Turnstile resuelto
2026-09-05 23:01:56,493 [INFO]    ⏳ Turnstile detectado — esperando resolución automática...
2026-09-05 23:01:56,526 [INFO]    ✅ Turnstile resuelto
2026-09-05 23:02:05,806 [INFO]    ⏳ Turnstile detectado — esperando resolución automática...
2026-09-05 23:02:05,827 [INFO]    ✅ Turnstile resuelto
2026-09-05 23:02:17,618 [INFO]    ⏳ Turnstile detectado — esperando resolución automática...
2026-09-05 23:02:17,638 [INFO]    ✅ Turnstile resuelto
2026-09-05 23:02:29,460 [INFO]    ⏳ Turnstile detectado — esperando resolución automática...
2026-09-05 23:02:29,488 [INFO]    ✅ Turnstile resuelto
2026-09-05 23:02:39,609 [INFO]    ⏳ Turnstile detectado — esperando resolución automática...
2026-09-05 23:02:39,648 [INFO]    ✅ Turnstile resuelto
2026-09-05 23:02:51,701 [INFO]    ⏳ Turnstile detectado — esperando resolución automática...
2026-09-05 23:02:51,726 [INFO]    ✅ Turnstile resuelto
2026-09-05 23:03:03,292 [INFO]    ⏳ Turnstile detectado — esperando resolución automática...
2026-09-05 23:03:03,315 [INFO]    ✅ Turnstile resuelto
2026-09-05 23:03:07,242 [INFO]    Página 4/5 → https://www.opcionempleo.com.ar/trabajo-data-analyst.html?p=4
2026-09-05 23:03:15,795 [INFO]    ⏳ Turnstile detectado — esperando resolución automática...
2026-09-05 23:03:15,819 [INFO]    ✅ Turnstile resuelto
2026-09-05 23:03:20,262 [INFO]    → 20 ofertas encontradas
2026-09-05 23:03:27,221 [INFO]    ⏳ Turnstile detectado — esperando resolución automática...
2026-09-05 23:03:27,252 [INFO]    ✅ Turnstile resuelto
2026-09-05 23:03:37,609 [INFO]    ⏳ Turnstile detectado — esperando resolución automática...
2026-09-05 23:03:37,631 [INFO]    ✅ Turnstile resuelto
2026-09-05 23:03:49,870 [INFO]    ⏳ Turnstile detectado — esperando resolución automática...
2026-09-05 23:03:49,891 [INFO]    ✅ Turnstile resuelto
2026-09-05 23:04:01,695 [INFO]    ⏳ Turnstile detectado — esperando resolución automática...
2026-09-05 23:04:01,720 [INFO]    ✅ Turnstile resuelto
2026-09-05 23:04:12,430 [INFO]    ⏳ Turnstile detectado — esperando resolución automática...
2026-09-05 23:04:12,463 [INFO]    ✅ Turnstile resuelto
2026-09-05 23:04:22,353 [INFO]    ⏳ Turnstile detectado — esperando resolución automática...
2026-09-05 23:04:22,379 [INFO]    ✅ Turnstile resuelto
2026-09-05 23:04:32,368 [INFO]    ⏳ Turnstile detectado — esperando resolución automática...
2026-09-05 23:04:32,393 [INFO]    ✅ Turnstile resuelto
2026-09-05 23:04:42,555 [INFO]    ⏳ Turnstile detectado — esperando resolución automática...
2026-09-05 23:04:42,577 [INFO]    ✅ Turnstile resuelto
2026-09-05 23:04:54,346 [INFO]    ⏳ Turnstile detectado — esperando resolución automática...
2026-09-05 23:04:54,368 [INFO]    ✅ Turnstile resuelto
2026-09-05 23:05:04,499 [INFO]    ⏳ Turnstile detectado — esperando resolución automática...
2026-09-05 23:05:04,521 [INFO]    ✅ Turnstile resuelto
2026-09-05 23:05:15,174 [INFO]    ⏳ Turnstile detectado — esperando resolución automática...
2026-09-05 23:05:15,198 [INFO]    ✅ Turnstile resuelto
2026-09-05 23:05:26,949 [INFO]    ⏳ Turnstile detectado — esperando resolución automática...
2026-09-05 23:05:26,972 [INFO]    ✅ Turnstile resuelto
2026-09-05 23:05:38,451 [INFO]    ⏳ Turnstile detectado — esperando resolución automática...
2026-09-05 23:05:38,472 [INFO]    ✅ Turnstile resuelto
2026-09-05 23:05:49,713 [INFO]    ⏳ Turnstile detectado — esperando resolución automática...
2026-09-05 23:05:49,735 [INFO]    ✅ Turnstile resuelto
2026-09-05 23:06:01,063 [INFO]    ⏳ Turnstile detectado — esperando resolución automática...
2026-09-05 23:06:01,097 [INFO]    ✅ Turnstile resuelto
2026-09-05 23:06:12,320 [INFO]    ⏳ Turnstile detectado — esperando resolución automática...
2026-09-05 23:06:12,347 [INFO]    ✅ Turnstile resuelto
2026-09-05 23:06:24,666 [INFO]    ⏳ Turnstile detectado — esperando resolución automática...
2026-09-05 23:06:24,688 [INFO]    ✅ Turnstile resuelto
2026-09-05 23:06:35,312 [INFO]    ⏳ Turnstile detectado — esperando resolución automática...
2026-09-05 23:06:35,337 [INFO]    ✅ Turnstile resuelto
2026-09-05 23:06:45,805 [INFO]    ⏳ Turnstile detectado — esperando resolución automática...
2026-09-05 23:06:45,839 [INFO]    ✅ Turnstile resuelto
2026-09-05 23:06:57,376 [INFO]    ⏳ Turnstile detectado — esperando resolución automática...
2026-09-05 23:06:57,399 [INFO]    ✅ Turnstile resuelto
2026-09-05 23:07:00,543 [INFO]    Página 5/5 → https://www.opcionempleo.com.ar/trabajo-data-analyst.html?p=5
2026-09-05 23:07:08,710 [INFO]    ⏳ Turnstile detectado — esperando resolución automática...
2026-09-05 23:07:08,734 [INFO]    ✅ Turnstile resuelto
2026-09-05 23:07:12,819 [INFO]    → 20 ofertas encontradas
2026-09-05 23:07:20,453 [INFO]    ⏳ Turnstile detectado — esperando resolución automática...
2026-09-05 23:07:20,473 [INFO]    ✅ Turnstile resuelto
2026-09-05 23:07:33,025 [INFO]    ⏳ Turnstile detectado — esperando resolución automática...
2026-09-05 23:07:33,047 [INFO]    ✅ Turnstile resuelto
2026-09-05 23:07:43,258 [INFO]    ⏳ Turnstile detectado — esperando resolución automática...
2026-09-05 23:07:43,280 [INFO]    ✅ Turnstile resuelto
2026-09-05 23:07:53,633 [INFO]    ⏳ Turnstile detectado — esperando resolución automática...
2026-09-05 23:07:53,653 [INFO]    ✅ Turnstile resuelto
2026-09-05 23:08:03,724 [INFO]    ⏳ Turnstile detectado — esperando resolución automática...
2026-09-05 23:08:03,749 [INFO]    ✅ Turnstile resuelto
2026-09-05 23:08:14,611 [INFO]    ⏳ Turnstile detectado — esperando resolución automática...
2026-09-05 23:08:14,641 [INFO]    ✅ Turnstile resuelto
2026-09-05 23:08:25,685 [INFO]    ⏳ Turnstile detectado — esperando resolución automática...
2026-09-05 23:08:25,706 [INFO]    ✅ Turnstile resuelto
2026-09-05 23:08:37,487 [INFO]    ⏳ Turnstile detectado — esperando resolución automática...
2026-09-05 23:08:37,509 [INFO]    ✅ Turnstile resuelto
2026-09-05 23:08:49,123 [INFO]    ⏳ Turnstile detectado — esperando resolución automática...
2026-09-05 23:08:49,145 [INFO]    ✅ Turnstile resuelto
2026-09-05 23:08:58,690 [INFO]    ⏳ Turnstile detectado — esperando resolución automática...
2026-09-05 23:08:58,727 [INFO]    ✅ Turnstile resuelto
2026-09-05 23:09:10,576 [INFO]    ⏳ Turnstile detectado — esperando resolución automática...
2026-09-05 23:09:10,597 [INFO]    ✅ Turnstile resuelto
2026-09-05 23:09:22,839 [INFO]    ⏳ Turnstile detectado — esperando resolución automática...
2026-09-05 23:09:22,861 [INFO]    ✅ Turnstile resuelto
2026-09-05 23:09:32,906 [INFO]    ⏳ Turnstile detectado — esperando resolución automática...
2026-09-05 23:09:32,927 [INFO]    ✅ Turnstile resuelto
2026-09-05 23:09:42,399 [INFO]    ⏳ Turnstile detectado — esperando resolución automática...
2026-09-05 23:09:42,426 [INFO]    ✅ Turnstile resuelto
2026-09-05 23:09:54,075 [INFO]    ⏳ Turnstile detectado — esperando resolución automática...
2026-09-05 23:09:54,108 [INFO]    ✅ Turnstile resuelto
2026-09-05 23:10:05,847 [INFO]    ⏳ Turnstile detectado — esperando resolución automática...
2026-09-05 23:10:05,868 [INFO]    ✅ Turnstile resuelto
2026-09-05 23:10:17,535 [INFO]    ⏳ Turnstile detectado — esperando resolución automática...
2026-09-05 23:10:17,558 [INFO]    ✅ Turnstile resuelto
2026-09-05 23:10:27,601 [INFO]    ⏳ Turnstile detectado — esperando resolución automática...
2026-09-05 23:10:27,623 [INFO]    ✅ Turnstile resuelto
2026-09-05 23:10:38,148 [INFO]    ⏳ Turnstile detectado — esperando resolución automática...
2026-09-05 23:10:38,188 [INFO]    ✅ Turnstile resuelto
2026-09-05 23:10:48,681 [INFO]    ⏳ Turnstile detectado — esperando resolución automática...
2026-09-05 23:10:48,705 [INFO]    ✅ Turnstile resuelto
2026-09-05 23:10:52,669 [INFO] Exportadas 100 ofertas → /media/carlos-a-cicconi/Common1/Repositorios-Ing.Carlos-Cicconi/Trabajo_Final_MCD/data/raw/ofertas_opcionempleo_20260905.csv
2026-09-05 23:10:52,669 [INFO] ✅ 'Data Analyst': 100 ofertas guardadas
2026-09-05 23:10:52,669 [INFO]    💤 Pausa: 9.4s
2026-09-05 23:11:02,153 [INFO] 
🔍 Buscando: 'Machine Learning Engineer'
2026-09-05 23:11:02,153 [INFO]    Página 1/5 → https://www.opcionempleo.com.ar/trabajo-machine-learning.html
2026-09-05 23:11:12,336 [INFO]    ⏳ Turnstile detectado — esperando resolución automática...
2026-09-05 23:11:12,360 [INFO]    ✅ Turnstile resuelto
2026-09-05 23:11:16,485 [INFO]    → 20 ofertas encontradas
2026-09-05 23:11:24,309 [INFO]    ⏳ Turnstile detectado — esperando resolución automática...
2026-09-05 23:11:24,333 [INFO]    ✅ Turnstile resuelto
2026-09-05 23:11:36,166 [INFO]    ⏳ Turnstile detectado — esperando resolución automática...
2026-09-05 23:11:36,198 [INFO]    ✅ Turnstile resuelto
2026-09-05 23:11:47,683 [INFO]    ⏳ Turnstile detectado — esperando resolución automática...
2026-09-05 23:11:47,705 [INFO]    ✅ Turnstile resuelto
2026-09-05 23:11:59,670 [INFO]    ⏳ Turnstile detectado — esperando resolución automática...
2026-09-05 23:11:59,692 [INFO]    ✅ Turnstile resuelto
2026-09-05 23:12:10,416 [INFO]    ⏳ Turnstile detectado — esperando resolución automática...
2026-09-05 23:12:10,438 [INFO]    ✅ Turnstile resuelto
2026-09-05 23:12:22,559 [INFO]    ⏳ Turnstile detectado — esperando resolución automática...
2026-09-05 23:12:22,595 [INFO]    ✅ Turnstile resuelto
2026-09-05 23:12:33,145 [INFO]    ⏳ Turnstile detectado — esperando resolución automática...
2026-09-05 23:12:33,166 [INFO]    ✅ Turnstile resuelto
2026-09-05 23:12:43,687 [INFO]    ⏳ Turnstile detectado — esperando resolución automática...
2026-09-05 23:12:43,708 [INFO]    ✅ Turnstile resuelto
2026-09-05 23:12:54,845 [INFO]    ⏳ Turnstile detectado — esperando resolución automática...
2026-09-05 23:12:54,866 [INFO]    ✅ Turnstile resuelto
2026-09-05 23:13:06,366 [INFO]    ⏳ Turnstile detectado — esperando resolución automática...
2026-09-05 23:13:06,414 [INFO]    ✅ Turnstile resuelto
2026-09-05 23:13:15,791 [INFO]    ⏳ Turnstile detectado — esperando resolución automática...
2026-09-05 23:13:15,812 [INFO]    ✅ Turnstile resuelto
2026-09-05 23:13:27,214 [INFO]    ⏳ Turnstile detectado — esperando resolución automática...
2026-09-05 23:13:27,236 [INFO]    ✅ Turnstile resuelto
2026-09-05 23:13:37,629 [INFO]    ⏳ Turnstile detectado — esperando resolución automática...
2026-09-05 23:13:37,654 [INFO]    ✅ Turnstile resuelto
2026-09-05 23:13:48,004 [INFO]    ⏳ Turnstile detectado — esperando resolución automática...
2026-09-05 23:13:48,043 [INFO]    ✅ Turnstile resuelto
2026-09-05 23:13:59,528 [INFO]    ⏳ Turnstile detectado — esperando resolución automática...
2026-09-05 23:13:59,551 [INFO]    ✅ Turnstile resuelto
2026-09-05 23:14:09,993 [INFO]    ⏳ Turnstile detectado — esperando resolución automática...
2026-09-05 23:14:10,018 [INFO]    ✅ Turnstile resuelto
2026-09-05 23:14:21,467 [INFO]    ⏳ Turnstile detectado — esperando resolución automática...
2026-09-05 23:14:21,490 [INFO]    ✅ Turnstile resuelto
2026-09-05 23:14:33,556 [INFO]    ⏳ Turnstile detectado — esperando resolución automática...
2026-09-05 23:14:33,591 [INFO]    ✅ Turnstile resuelto
2026-09-05 23:14:45,018 [INFO]    ⏳ Turnstile detectado — esperando resolución automática...
2026-09-05 23:14:45,040 [INFO]    ✅ Turnstile resuelto
2026-09-05 23:14:56,664 [INFO]    ⏳ Turnstile detectado — esperando resolución automática...
2026-09-05 23:14:56,685 [INFO]    ✅ Turnstile resuelto
2026-09-05 23:14:59,882 [INFO]    Página 2/5 → https://www.opcionempleo.com.ar/trabajo-machine-learning.html?p=2
2026-09-05 23:15:10,100 [INFO]    ⏳ Turnstile detectado — esperando resolución automática...
2026-09-05 23:15:10,127 [INFO]    ✅ Turnstile resuelto
2026-09-05 23:15:14,334 [INFO]    → 20 ofertas encontradas
2026-09-05 23:15:22,833 [INFO]    ⏳ Turnstile detectado — esperando resolución automática...
2026-09-05 23:15:22,857 [INFO]    ✅ Turnstile resuelto
2026-09-05 23:15:33,857 [INFO]    ⏳ Turnstile detectado — esperando resolución automática...
2026-09-05 23:15:33,881 [INFO]    ✅ Turnstile resuelto
2026-09-05 23:15:45,500 [INFO]    ⏳ Turnstile detectado — esperando resolución automática...
2026-09-05 23:15:45,521 [INFO]    ✅ Turnstile resuelto
2026-09-05 23:15:57,077 [INFO]    ⏳ Turnstile detectado — esperando resolución automática...
2026-09-05 23:15:57,098 [INFO]    ✅ Turnstile resuelto
2026-09-05 23:16:07,868 [INFO]    ⏳ Turnstile detectado — esperando resolución automática...
2026-09-05 23:16:07,892 [INFO]    ✅ Turnstile resuelto
2026-09-05 23:16:18,961 [INFO]    ⏳ Turnstile detectado — esperando resolución automática...
2026-09-05 23:16:18,994 [INFO]    ✅ Turnstile resuelto
2026-09-05 23:16:29,689 [INFO]    ⏳ Turnstile detectado — esperando resolución automática...
2026-09-05 23:16:29,714 [INFO]    ✅ Turnstile resuelto
2026-09-05 23:16:40,402 [INFO]    ⏳ Turnstile detectado — esperando resolución automática...
2026-09-05 23:16:40,425 [INFO]    ✅ Turnstile resuelto
2026-09-05 23:16:50,191 [INFO]    ⏳ Turnstile detectado — esperando resolución automática...
2026-09-05 23:16:50,214 [INFO]    ✅ Turnstile resuelto
2026-09-05 23:17:00,055 [INFO]    ⏳ Turnstile detectado — esperando resolución automática...
2026-09-05 23:17:00,077 [INFO]    ✅ Turnstile resuelto
2026-09-05 23:17:11,649 [INFO]    ⏳ Turnstile detectado — esperando resolución automática...
2026-09-05 23:17:11,680 [INFO]    ✅ Turnstile resuelto
2026-09-05 23:17:22,559 [INFO]    ⏳ Turnstile detectado — esperando resolución automática...
2026-09-05 23:17:22,581 [INFO]    ✅ Turnstile resuelto
2026-09-05 23:17:33,724 [INFO]    ⏳ Turnstile detectado — esperando resolución automática...
2026-09-05 23:17:33,753 [INFO]    ✅ Turnstile resuelto
2026-09-05 23:17:45,248 [INFO]    ⏳ Turnstile detectado — esperando resolución automática...
2026-09-05 23:17:45,270 [INFO]    ✅ Turnstile resuelto
2026-09-05 23:17:55,251 [INFO]    ⏳ Turnstile detectado — esperando resolución automática...
2026-09-05 23:17:55,273 [INFO]    ✅ Turnstile resuelto
2026-09-05 23:18:07,016 [INFO]    ⏳ Turnstile detectado — esperando resolución automática...
2026-09-05 23:18:07,048 [INFO]    ✅ Turnstile resuelto
2026-09-05 23:18:17,670 [INFO]    ⏳ Turnstile detectado — esperando resolución automática...
2026-09-05 23:18:17,692 [INFO]    ✅ Turnstile resuelto
2026-09-05 23:18:27,861 [INFO]    ⏳ Turnstile detectado — esperando resolución automática...
2026-09-05 23:18:27,882 [INFO]    ✅ Turnstile resuelto
2026-09-05 23:18:40,240 [INFO]    ⏳ Turnstile detectado — esperando resolución automática...
2026-09-05 23:18:40,273 [INFO]    ✅ Turnstile resuelto
2026-09-05 23:18:50,492 [INFO]    ⏳ Turnstile detectado — esperando resolución automática...
2026-09-05 23:18:50,512 [INFO]    ✅ Turnstile resuelto
2026-09-05 23:18:54,240 [INFO]    Página 3/5 → https://www.opcionempleo.com.ar/trabajo-machine-learning.html?p=3
2026-09-05 23:19:03,166 [INFO]    ⏳ Turnstile detectado — esperando resolución automática...
2026-09-05 23:19:03,196 [INFO]    ✅ Turnstile resuelto
2026-09-05 23:19:07,828 [INFO]    → 20 ofertas encontradas
2026-09-05 23:19:15,619 [INFO]    ⏳ Turnstile detectado — esperando resolución automática...
2026-09-05 23:19:15,640 [INFO]    ✅ Turnstile resuelto
2026-09-05 23:19:26,125 [INFO]    ⏳ Turnstile detectado — esperando resolución automática...
2026-09-05 23:19:26,150 [INFO]    ✅ Turnstile resuelto
2026-09-05 23:19:36,025 [INFO]    ⏳ Turnstile detectado — esperando resolución automática...
2026-09-05 23:19:36,050 [INFO]    ✅ Turnstile resuelto
2026-09-05 23:19:45,498 [INFO]    ⏳ Turnstile detectado — esperando resolución automática...
2026-09-05 23:19:45,530 [INFO]    ✅ Turnstile resuelto
2026-09-05 23:19:55,834 [INFO]    ⏳ Turnstile detectado — esperando resolución automática...
2026-09-05 23:19:55,859 [INFO]    ✅ Turnstile resuelto
2026-09-05 23:20:05,812 [INFO]    ⏳ Turnstile detectado — esperando resolución automática...
2026-09-05 23:20:05,839 [INFO]    ✅ Turnstile resuelto
2026-09-05 23:20:15,787 [INFO]    ⏳ Turnstile detectado — esperando resolución automática...
2026-09-05 23:20:15,808 [INFO]    ✅ Turnstile resuelto
2026-09-05 23:20:25,904 [INFO]    ⏳ Turnstile detectado — esperando resolución automática...
2026-09-05 23:20:25,929 [INFO]    ✅ Turnstile resuelto
2026-09-05 23:20:37,230 [INFO]    ⏳ Turnstile detectado — esperando resolución automática...
2026-09-05 23:20:37,261 [INFO]    ✅ Turnstile resuelto
2026-09-05 23:20:48,330 [INFO]    ⏳ Turnstile detectado — esperando resolución automática...
2026-09-05 23:20:48,360 [INFO]    ✅ Turnstile resuelto
2026-09-05 23:21:01,485 [INFO]    ⏳ Turnstile detectado — esperando resolución automática...
2026-09-05 23:21:01,506 [INFO]    ✅ Turnstile resuelto
2026-09-05 23:21:13,470 [INFO]    ⏳ Turnstile detectado — esperando resolución automática...
2026-09-05 23:21:13,492 [INFO]    ✅ Turnstile resuelto
2026-09-05 23:21:23,932 [INFO]    ⏳ Turnstile detectado — esperando resolución automática...
2026-09-05 23:21:23,956 [INFO]    ✅ Turnstile resuelto
2026-09-05 23:21:34,673 [INFO]    ⏳ Turnstile detectado — esperando resolución automática...
2026-09-05 23:21:34,700 [INFO]    ✅ Turnstile resuelto
2026-09-05 23:21:44,813 [INFO]    ⏳ Turnstile detectado — esperando resolución automática...
2026-09-05 23:21:44,835 [INFO]    ✅ Turnstile resuelto
2026-09-05 23:21:57,820 [INFO]    ⏳ Turnstile detectado — esperando resolución automática...
2026-09-05 23:21:57,844 [INFO]    ✅ Turnstile resuelto
2026-09-05 23:22:08,023 [INFO]    ⏳ Turnstile detectado — esperando resolución automática...
2026-09-05 23:22:08,044 [INFO]    ✅ Turnstile resuelto
2026-09-05 23:22:17,895 [INFO]    ⏳ Turnstile detectado — esperando resolución automática...
2026-09-05 23:22:17,916 [INFO]    ✅ Turnstile resuelto
2026-09-05 23:22:28,547 [INFO]    ⏳ Turnstile detectado — esperando resolución automática...
2026-09-05 23:22:28,579 [INFO]    ✅ Turnstile resuelto
2026-09-05 23:22:39,864 [INFO]    ⏳ Turnstile detectado — esperando resolución automática...
2026-09-05 23:22:39,887 [INFO]    ✅ Turnstile resuelto
2026-09-05 23:22:43,662 [INFO]    Página 4/5 → https://www.opcionempleo.com.ar/trabajo-machine-learning.html?p=4
2026-09-05 23:22:51,096 [INFO]    ⏳ Turnstile detectado — esperando resolución automática...
2026-09-05 23:22:51,120 [INFO]    ✅ Turnstile resuelto
2026-09-05 23:22:55,392 [INFO]    → 20 ofertas encontradas
2026-09-05 23:23:02,459 [INFO]    ⏳ Turnstile detectado — esperando resolución automática...
2026-09-05 23:23:02,483 [INFO]    ✅ Turnstile resuelto
2026-09-05 23:23:14,326 [INFO]    ⏳ Turnstile detectado — esperando resolución automática...
2026-09-05 23:23:14,347 [INFO]    ✅ Turnstile resuelto
2026-09-05 23:23:24,474 [INFO]    ⏳ Turnstile detectado — esperando resolución automática...
2026-09-05 23:23:24,495 [INFO]    ✅ Turnstile resuelto
2026-09-05 23:23:34,992 [INFO]    ⏳ Turnstile detectado — esperando resolución automática...
2026-09-05 23:23:35,017 [INFO]    ✅ Turnstile resuelto
2026-09-05 23:23:45,097 [INFO]    ⏳ Turnstile detectado — esperando resolución automática...
2026-09-05 23:23:45,118 [INFO]    ✅ Turnstile resuelto
2026-09-05 23:23:54,785 [INFO]    ⏳ Turnstile detectado — esperando resolución automática...
2026-09-05 23:23:54,820 [INFO]    ✅ Turnstile resuelto
2026-09-05 23:24:04,785 [INFO]    ⏳ Turnstile detectado — esperando resolución automática...
2026-09-05 23:24:04,807 [INFO]    ✅ Turnstile resuelto
2026-09-05 23:24:18,288 [INFO]    ⏳ Turnstile detectado — esperando resolución automática...
2026-09-05 23:24:18,310 [INFO]    ✅ Turnstile resuelto
2026-09-05 23:24:29,195 [INFO]    ⏳ Turnstile detectado — esperando resolución automática...
2026-09-05 23:24:29,220 [INFO]    ✅ Turnstile resuelto
2026-09-05 23:24:41,788 [INFO]    ⏳ Turnstile detectado — esperando resolución automática...
2026-09-05 23:24:41,811 [INFO]    ✅ Turnstile resuelto
2026-09-05 23:24:53,580 [INFO]    ⏳ Turnstile detectado — esperando resolución automática...
2026-09-05 23:24:53,602 [INFO]    ✅ Turnstile resuelto
2026-09-05 23:25:04,731 [INFO]    ⏳ Turnstile detectado — esperando resolución automática...
2026-09-05 23:25:04,757 [INFO]    ✅ Turnstile resuelto
2026-09-05 23:25:15,145 [INFO]    ⏳ Turnstile detectado — esperando resolución automática...
2026-09-05 23:25:15,174 [INFO]    ✅ Turnstile resuelto
2026-09-05 23:25:26,008 [INFO]    ⏳ Turnstile detectado — esperando resolución automática...
2026-09-05 23:25:26,032 [INFO]    ✅ Turnstile resuelto
2026-09-05 23:25:37,756 [INFO]    ⏳ Turnstile detectado — esperando resolución automática...
2026-09-05 23:25:37,789 [INFO]    ✅ Turnstile resuelto
2026-09-05 23:25:49,097 [INFO]    ⏳ Turnstile detectado — esperando resolución automática...
2026-09-05 23:25:49,119 [INFO]    ✅ Turnstile resuelto
2026-09-05 23:25:59,847 [INFO]    ⏳ Turnstile detectado — esperando resolución automática...
2026-09-05 23:25:59,868 [INFO]    ✅ Turnstile resuelto
2026-09-05 23:26:10,671 [INFO]    ⏳ Turnstile detectado — esperando resolución automática...
2026-09-05 23:26:10,694 [INFO]    ✅ Turnstile resuelto
2026-09-05 23:26:21,668 [INFO]    ⏳ Turnstile detectado — esperando resolución automática...
2026-09-05 23:26:21,704 [INFO]    ✅ Turnstile resuelto
2026-09-05 23:26:33,944 [INFO]    ⏳ Turnstile detectado — esperando resolución automática...
2026-09-05 23:26:33,966 [INFO]    ✅ Turnstile resuelto
2026-09-05 23:26:37,892 [INFO]    Página 5/5 → https://www.opcionempleo.com.ar/trabajo-machine-learning.html?p=5
2026-09-05 23:26:47,161 [INFO]    ⏳ Turnstile detectado — esperando resolución automática...
2026-09-05 23:26:47,184 [INFO]    ✅ Turnstile resuelto
2026-09-05 23:26:51,565 [INFO]    → 20 ofertas encontradas
2026-09-05 23:26:59,761 [INFO]    ⏳ Turnstile detectado — esperando resolución automática...
2026-09-05 23:26:59,782 [INFO]    ✅ Turnstile resuelto
2026-09-05 23:27:10,421 [INFO]    ⏳ Turnstile detectado — esperando resolución automática...
2026-09-05 23:27:10,446 [INFO]    ✅ Turnstile resuelto
2026-09-05 23:27:21,446 [INFO]    ⏳ Turnstile detectado — esperando resolución automática...
2026-09-05 23:27:21,467 [INFO]    ✅ Turnstile resuelto
2026-09-05 23:27:33,935 [INFO]    ⏳ Turnstile detectado — esperando resolución automática...
2026-09-05 23:27:33,957 [INFO]    ✅ Turnstile resuelto
2026-09-05 23:27:44,801 [INFO]    ⏳ Turnstile detectado — esperando resolución automática...
2026-09-05 23:27:44,830 [INFO]    ✅ Turnstile resuelto
2026-09-05 23:27:56,187 [INFO]    ⏳ Turnstile detectado — esperando resolución automática...
2026-09-05 23:27:56,208 [INFO]    ✅ Turnstile resuelto
2026-09-05 23:28:08,069 [INFO]    ⏳ Turnstile detectado — esperando resolución automática...
2026-09-05 23:28:08,094 [INFO]    ✅ Turnstile resuelto
2026-09-05 23:28:18,099 [INFO]    ⏳ Turnstile detectado — esperando resolución automática...
2026-09-05 23:28:18,120 [INFO]    ✅ Turnstile resuelto
2026-09-05 23:28:29,573 [INFO]    ⏳ Turnstile detectado — esperando resolución automática...
2026-09-05 23:28:29,594 [INFO]    ✅ Turnstile resuelto
2026-09-05 23:28:41,876 [INFO]    ⏳ Turnstile detectado — esperando resolución automática...
2026-09-05 23:28:41,898 [INFO]    ✅ Turnstile resuelto
2026-09-05 23:28:51,494 [INFO]    ⏳ Turnstile detectado — esperando resolución automática...
2026-09-05 23:28:51,516 [INFO]    ✅ Turnstile resuelto
2026-09-05 23:29:03,783 [INFO]    ⏳ Turnstile detectado — esperando resolución automática...
2026-09-05 23:29:03,807 [INFO]    ✅ Turnstile resuelto
2026-09-05 23:29:14,217 [INFO]    ⏳ Turnstile detectado — esperando resolución automática...
2026-09-05 23:29:14,241 [INFO]    ✅ Turnstile resuelto
2026-09-05 23:29:25,164 [INFO]    ⏳ Turnstile detectado — esperando resolución automática...
2026-09-05 23:29:25,185 [INFO]    ✅ Turnstile resuelto
2026-09-05 23:29:35,795 [INFO]    ⏳ Turnstile detectado — esperando resolución automática...
2026-09-05 23:29:35,816 [INFO]    ✅ Turnstile resuelto
2026-09-05 23:29:46,264 [INFO]    ⏳ Turnstile detectado — esperando resolución automática...
2026-09-05 23:29:46,289 [INFO]    ✅ Turnstile resuelto
2026-09-05 23:29:56,316 [INFO]    ⏳ Turnstile detectado — esperando resolución automática...
2026-09-05 23:29:56,344 [INFO]    ✅ Turnstile resuelto
2026-09-05 23:30:07,897 [INFO]    ⏳ Turnstile detectado — esperando resolución automática...
2026-09-05 23:30:07,919 [INFO]    ✅ Turnstile resuelto
2026-09-05 23:30:19,807 [INFO]    ⏳ Turnstile detectado — esperando resolución automática...
2026-09-05 23:30:19,829 [INFO]    ✅ Turnstile resuelto
2026-09-05 23:30:30,237 [INFO]    ⏳ Turnstile detectado — esperando resolución automática...
2026-09-05 23:30:30,260 [INFO]    ✅ Turnstile resuelto
2026-09-05 23:30:34,303 [INFO] Exportadas 100 ofertas → /media/carlos-a-cicconi/Common1/Repositorios-Ing.Carlos-Cicconi/Trabajo_Final_MCD/data/raw/ofertas_opcionempleo_20260905.csv
2026-09-05 23:30:34,303 [INFO] ✅ 'Machine Learning Engineer': 100 ofertas guardadas
2026-09-05 23:30:34,303 [INFO]    💤 Pausa: 12.5s
2026-09-05 23:30:46,840 [INFO] 
🔍 Buscando: 'NLP Engineer'
2026-09-05 23:30:46,840 [INFO]    Página 1/5 → https://www.opcionempleo.com.ar/trabajo-nlp.html
2026-09-05 23:30:55,708 [INFO]    ⏳ Turnstile detectado — esperando resolución automática...
2026-09-05 23:30:55,751 [INFO]    ✅ Turnstile resuelto
2026-09-05 23:30:59,515 [INFO]    → 10 ofertas encontradas
2026-09-05 23:31:07,626 [INFO]    ⏳ Turnstile detectado — esperando resolución automática...
2026-09-05 23:31:07,651 [INFO]    ✅ Turnstile resuelto
2026-09-05 23:31:17,745 [INFO]    ⏳ Turnstile detectado — esperando resolución automática...
2026-09-05 23:31:17,767 [INFO]    ✅ Turnstile resuelto
2026-09-05 23:31:27,489 [INFO]    ⏳ Turnstile detectado — esperando resolución automática...
2026-09-05 23:31:27,517 [INFO]    ✅ Turnstile resuelto
2026-09-05 23:31:38,442 [INFO]    ⏳ Turnstile detectado — esperando resolución automática...
2026-09-05 23:31:38,535 [INFO]    ✅ Turnstile resuelto
2026-09-05 23:31:48,323 [INFO]    ⏳ Turnstile detectado — esperando resolución automática...
2026-09-05 23:31:48,363 [INFO]    ✅ Turnstile resuelto
2026-09-05 23:32:00,516 [INFO]    ⏳ Turnstile detectado — esperando resolución automática...
2026-09-05 23:32:00,538 [INFO]    ✅ Turnstile resuelto
2026-09-05 23:32:11,732 [INFO]    ⏳ Turnstile detectado — esperando resolución automática...
2026-09-05 23:32:11,755 [INFO]    ✅ Turnstile resuelto
2026-09-05 23:32:22,922 [INFO]    ⏳ Turnstile detectado — esperando resolución automática...
2026-09-05 23:32:22,944 [INFO]    ✅ Turnstile resuelto
2026-09-05 23:32:34,000 [INFO]    ⏳ Turnstile detectado — esperando resolución automática...
2026-09-05 23:32:34,037 [INFO]    ✅ Turnstile resuelto
2026-09-05 23:32:46,288 [INFO]    ⏳ Turnstile detectado — esperando resolución automática...
2026-09-05 23:32:46,310 [INFO]    ✅ Turnstile resuelto
2026-09-05 23:32:49,581 [INFO]    Página 2/5 → https://www.opcionempleo.com.ar/trabajo-nlp.html?p=2
2026-09-05 23:32:59,037 [INFO]    ⏳ Turnstile detectado — esperando resolución automática...
2026-09-05 23:32:59,062 [INFO]    ✅ Turnstile resuelto
2026-09-05 23:33:02,951 [INFO]    → 17 ofertas encontradas
2026-09-05 23:33:09,221 [INFO]    ⏳ Turnstile detectado — esperando resolución automática...
2026-09-05 23:33:09,242 [INFO]    ✅ Turnstile resuelto
2026-09-05 23:33:20,864 [INFO]    ⏳ Turnstile detectado — esperando resolución automática...
2026-09-05 23:33:20,886 [INFO]    ✅ Turnstile resuelto
2026-09-05 23:33:31,388 [INFO]    ⏳ Turnstile detectado — esperando resolución automática...
2026-09-05 23:33:31,410 [INFO]    ✅ Turnstile resuelto
2026-09-05 23:33:42,881 [INFO]    ⏳ Turnstile detectado — esperando resolución automática...
2026-09-05 23:33:42,904 [INFO]    ✅ Turnstile resuelto
2026-09-05 23:33:54,721 [INFO]    ⏳ Turnstile detectado — esperando resolución automática...
2026-09-05 23:33:54,745 [INFO]    ✅ Turnstile resuelto
2026-09-05 23:34:05,715 [INFO]    ⏳ Turnstile detectado — esperando resolución automática...
2026-09-05 23:34:05,738 [INFO]    ✅ Turnstile resuelto
2026-09-05 23:34:17,223 [INFO]    ⏳ Turnstile detectado — esperando resolución automática...
2026-09-05 23:34:17,251 [INFO]    ✅ Turnstile resuelto
2026-09-05 23:34:27,118 [INFO]    ⏳ Turnstile detectado — esperando resolución automática...
2026-09-05 23:34:27,156 [INFO]    ✅ Turnstile resuelto
2026-09-05 23:34:39,957 [INFO]    ⏳ Turnstile detectado — esperando resolución automática...
2026-09-05 23:34:39,981 [INFO]    ✅ Turnstile resuelto
2026-09-05 23:34:51,906 [INFO]    ⏳ Turnstile detectado — esperando resolución automática...
2026-09-05 23:34:51,928 [INFO]    ✅ Turnstile resuelto
2026-09-05 23:35:04,519 [INFO]    ⏳ Turnstile detectado — esperando resolución automática...
2026-09-05 23:35:04,543 [INFO]    ✅ Turnstile resuelto
2026-09-05 23:35:16,170 [INFO]    ⏳ Turnstile detectado — esperando resolución automática...
2026-09-05 23:35:16,191 [INFO]    ✅ Turnstile resuelto
2026-09-05 23:35:26,635 [INFO]    ⏳ Turnstile detectado — esperando resolución automática...
2026-09-05 23:35:26,665 [INFO]    ✅ Turnstile resuelto
2026-09-05 23:35:37,020 [INFO]    ⏳ Turnstile detectado — esperando resolución automática...
2026-09-05 23:35:37,041 [INFO]    ✅ Turnstile resuelto
2026-09-05 23:35:49,083 [INFO]    ⏳ Turnstile detectado — esperando resolución automática...
2026-09-05 23:35:49,105 [INFO]    ✅ Turnstile resuelto
2026-09-05 23:36:02,287 [INFO]    ⏳ Turnstile detectado — esperando resolución automática...
2026-09-05 23:36:02,310 [INFO]    ✅ Turnstile resuelto
2026-09-05 23:36:13,997 [INFO]    ⏳ Turnstile detectado — esperando resolución automática...
2026-09-05 23:36:14,029 [INFO]    ✅ Turnstile resuelto
2026-09-05 23:36:17,482 [INFO]    Página 3/5 → https://www.opcionempleo.com.ar/trabajo-nlp.html?p=3
2026-09-05 23:36:27,337 [INFO]    ⏳ Turnstile detectado — esperando resolución automática...
2026-09-05 23:36:27,361 [INFO]    ✅ Turnstile resuelto
2026-09-05 23:36:31,959 [INFO]    → 20 ofertas encontradas
2026-09-05 23:36:39,904 [INFO]    ⏳ Turnstile detectado — esperando resolución automática...
2026-09-05 23:36:39,925 [INFO]    ✅ Turnstile resuelto
2026-09-05 23:36:50,459 [INFO]    ⏳ Turnstile detectado — esperando resolución automática...
2026-09-05 23:36:50,492 [INFO]    ✅ Turnstile resuelto
2026-09-05 23:37:00,250 [INFO]    ⏳ Turnstile detectado — esperando resolución automática...
2026-09-05 23:37:00,272 [INFO]    ✅ Turnstile resuelto
2026-09-05 23:37:12,057 [INFO]    ⏳ Turnstile detectado — esperando resolución automática...
2026-09-05 23:37:12,082 [INFO]    ✅ Turnstile resuelto
2026-09-05 23:37:23,520 [INFO]    ⏳ Turnstile detectado — esperando resolución automática...
2026-09-05 23:37:23,543 [INFO]    ✅ Turnstile resuelto
2026-09-05 23:37:34,299 [INFO]    ⏳ Turnstile detectado — esperando resolución automática...
2026-09-05 23:37:34,321 [INFO]    ✅ Turnstile resuelto
2026-09-05 23:37:44,399 [INFO]    ⏳ Turnstile detectado — esperando resolución automática...
2026-09-05 23:37:44,423 [INFO]    ✅ Turnstile resuelto
2026-09-05 23:37:55,043 [INFO]    ⏳ Turnstile detectado — esperando resolución automática...
2026-09-05 23:37:55,064 [INFO]    ✅ Turnstile resuelto
2026-09-05 23:38:04,892 [INFO]    ⏳ Turnstile detectado — esperando resolución automática...
2026-09-05 23:38:04,915 [INFO]    ✅ Turnstile resuelto
2026-09-05 23:38:16,662 [INFO]    ⏳ Turnstile detectado — esperando resolución automática...
2026-09-05 23:38:16,685 [INFO]    ✅ Turnstile resuelto
2026-09-05 23:38:29,128 [INFO]    ⏳ Turnstile detectado — esperando resolución automática...
2026-09-05 23:38:29,150 [INFO]    ✅ Turnstile resuelto
2026-09-05 23:38:38,995 [INFO]    ⏳ Turnstile detectado — esperando resolución automática...
2026-09-05 23:38:39,018 [INFO]    ✅ Turnstile resuelto
2026-09-05 23:38:50,093 [INFO]    ⏳ Turnstile detectado — esperando resolución automática...
2026-09-05 23:38:50,115 [INFO]    ✅ Turnstile resuelto
2026-09-05 23:39:02,150 [INFO]    ⏳ Turnstile detectado — esperando resolución automática...
2026-09-05 23:39:02,178 [INFO]    ✅ Turnstile resuelto
2026-09-05 23:39:12,279 [INFO]    ⏳ Turnstile detectado — esperando resolución automática...
2026-09-05 23:39:12,313 [INFO]    ✅ Turnstile resuelto
2026-09-05 23:39:23,584 [INFO]    ⏳ Turnstile detectado — esperando resolución automática...
2026-09-05 23:39:23,606 [INFO]    ✅ Turnstile resuelto
2026-09-05 23:39:34,595 [INFO]    ⏳ Turnstile detectado — esperando resolución automática...
2026-09-05 23:39:34,619 [INFO]    ✅ Turnstile resuelto
2026-09-05 23:39:44,853 [INFO]    ⏳ Turnstile detectado — esperando resolución automática...
2026-09-05 23:39:44,874 [INFO]    ✅ Turnstile resuelto
2026-09-05 23:39:56,236 [INFO]    ⏳ Turnstile detectado — esperando resolución automática...
2026-09-05 23:39:56,271 [INFO]    ✅ Turnstile resuelto
2026-09-05 23:40:07,867 [INFO]    ⏳ Turnstile detectado — esperando resolución automática...
2026-09-05 23:40:07,889 [INFO]    ✅ Turnstile resuelto
2026-09-05 23:40:11,132 [INFO]    Página 4/5 → https://www.opcionempleo.com.ar/trabajo-nlp.html?p=4
2026-09-05 23:40:20,442 [INFO]    ⏳ Turnstile detectado — esperando resolución automática...
2026-09-05 23:40:20,467 [INFO]    ✅ Turnstile resuelto
2026-09-05 23:40:24,318 [INFO]    → 18 ofertas encontradas
2026-09-05 23:40:32,496 [INFO]    ⏳ Turnstile detectado — esperando resolución automática...
2026-09-05 23:40:32,517 [INFO]    ✅ Turnstile resuelto
2026-09-05 23:40:43,356 [INFO]    ⏳ Turnstile detectado — esperando resolución automática...
2026-09-05 23:40:43,378 [INFO]    ✅ Turnstile resuelto
2026-09-05 23:40:54,254 [INFO]    ⏳ Turnstile detectado — esperando resolución automática...
2026-09-05 23:40:54,275 [INFO]    ✅ Turnstile resuelto
2026-09-05 23:41:05,849 [INFO]    ⏳ Turnstile detectado — esperando resolución automática...
2026-09-05 23:41:05,872 [INFO]    ✅ Turnstile resuelto
2026-09-05 23:41:17,344 [INFO]    ⏳ Turnstile detectado — esperando resolución automática...
2026-09-05 23:41:17,366 [INFO]    ✅ Turnstile resuelto
2026-09-05 23:41:27,932 [INFO]    ⏳ Turnstile detectado — esperando resolución automática...
2026-09-05 23:41:27,954 [INFO]    ✅ Turnstile resuelto
2026-09-05 23:41:38,349 [INFO]    ⏳ Turnstile detectado — esperando resolución automática...
2026-09-05 23:41:38,372 [INFO]    ✅ Turnstile resuelto
2026-09-05 23:41:48,419 [INFO]    ⏳ Turnstile detectado — esperando resolución automática...
2026-09-05 23:41:48,458 [INFO]    ✅ Turnstile resuelto
2026-09-05 23:41:59,711 [INFO]    ⏳ Turnstile detectado — esperando resolución automática...
2026-09-05 23:41:59,732 [INFO]    ✅ Turnstile resuelto
2026-09-05 23:42:09,440 [INFO]    ⏳ Turnstile detectado — esperando resolución automática...
2026-09-05 23:42:09,463 [INFO]    ✅ Turnstile resuelto
2026-09-05 23:42:20,678 [INFO]    ⏳ Turnstile detectado — esperando resolución automática...
2026-09-05 23:42:20,702 [INFO]    ✅ Turnstile resuelto
2026-09-05 23:42:32,545 [INFO]    ⏳ Turnstile detectado — esperando resolución automática...
2026-09-05 23:42:32,574 [INFO]    ✅ Turnstile resuelto
2026-09-05 23:42:42,145 [INFO]    ⏳ Turnstile detectado — esperando resolución automática...
2026-09-05 23:42:42,167 [INFO]    ✅ Turnstile resuelto
2026-09-05 23:42:52,437 [INFO]    ⏳ Turnstile detectado — esperando resolución automática...
2026-09-05 23:42:52,461 [INFO]    ✅ Turnstile resuelto
2026-09-05 23:43:04,453 [INFO]    ⏳ Turnstile detectado — esperando resolución automática...
2026-09-05 23:43:04,475 [INFO]    ✅ Turnstile resuelto
2026-09-05 23:43:16,303 [INFO]    ⏳ Turnstile detectado — esperando resolución automática...
2026-09-05 23:43:16,328 [INFO]    ✅ Turnstile resuelto
2026-09-05 23:43:25,841 [INFO]    ⏳ Turnstile detectado — esperando resolución automática...
2026-09-05 23:43:25,874 [INFO]    ✅ Turnstile resuelto
2026-09-05 23:43:37,478 [INFO]    ⏳ Turnstile detectado — esperando resolución automática...
2026-09-05 23:43:37,506 [INFO]    ✅ Turnstile resuelto
2026-09-05 23:43:40,853 [INFO]    Página 5/5 → https://www.opcionempleo.com.ar/trabajo-nlp.html?p=5
2026-09-05 23:43:48,779 [INFO]    ⏳ Turnstile detectado — esperando resolución automática...
2026-09-05 23:43:48,802 [INFO]    ✅ Turnstile resuelto
2026-09-05 23:43:53,110 [INFO]    → 18 ofertas encontradas
2026-09-05 23:44:01,278 [INFO]    ⏳ Turnstile detectado — esperando resolución automática...
2026-09-05 23:44:01,302 [INFO]    ✅ Turnstile resuelto
2026-09-05 23:44:12,112 [INFO]    ⏳ Turnstile detectado — esperando resolución automática...
2026-09-05 23:44:12,136 [INFO]    ✅ Turnstile resuelto
2026-09-05 23:44:23,906 [INFO]    ⏳ Turnstile detectado — esperando resolución automática...
2026-09-05 23:44:23,929 [INFO]    ✅ Turnstile resuelto
2026-09-05 23:44:34,476 [INFO]    ⏳ Turnstile detectado — esperando resolución automática...
2026-09-05 23:44:34,497 [INFO]    ✅ Turnstile resuelto
2026-09-05 23:44:45,596 [INFO]    ⏳ Turnstile detectado — esperando resolución automática...
2026-09-05 23:44:45,617 [INFO]    ✅ Turnstile resuelto
2026-09-05 23:44:57,866 [INFO]    ⏳ Turnstile detectado — esperando resolución automática...
2026-09-05 23:44:57,907 [INFO]    ✅ Turnstile resuelto
2026-09-05 23:45:09,281 [INFO]    ⏳ Turnstile detectado — esperando resolución automática...
2026-09-05 23:45:09,304 [INFO]    ✅ Turnstile resuelto
2026-09-05 23:45:21,128 [INFO]    ⏳ Turnstile detectado — esperando resolución automática...
2026-09-05 23:45:21,151 [INFO]    ✅ Turnstile resuelto
2026-09-05 23:45:31,270 [INFO]    ⏳ Turnstile detectado — esperando resolución automática...
2026-09-05 23:45:31,295 [INFO]    ✅ Turnstile resuelto
2026-09-05 23:45:41,762 [INFO]    ⏳ Turnstile detectado — esperando resolución automática...
2026-09-05 23:45:41,804 [INFO]    ✅ Turnstile resuelto
2026-09-05 23:45:51,732 [INFO]    ⏳ Turnstile detectado — esperando resolución automática...
2026-09-05 23:45:51,755 [INFO]    ✅ Turnstile resuelto
2026-09-05 23:46:03,358 [INFO]    ⏳ Turnstile detectado — esperando resolución automática...
2026-09-05 23:46:03,379 [INFO]    ✅ Turnstile resuelto
2026-09-05 23:46:14,704 [INFO]    ⏳ Turnstile detectado — esperando resolución automática...
2026-09-05 23:46:14,726 [INFO]    ✅ Turnstile resuelto
2026-09-05 23:46:25,152 [INFO]    ⏳ Turnstile detectado — esperando resolución automática...
2026-09-05 23:46:25,188 [INFO]    ✅ Turnstile resuelto
2026-09-05 23:46:36,402 [INFO]    ⏳ Turnstile detectado — esperando resolución automática...
2026-09-05 23:46:36,424 [INFO]    ✅ Turnstile resuelto
2026-09-05 23:46:47,753 [INFO]    ⏳ Turnstile detectado — esperando resolución automática...
2026-09-05 23:46:47,776 [INFO]    ✅ Turnstile resuelto
2026-09-05 23:46:58,662 [INFO]    ⏳ Turnstile detectado — esperando resolución automática...
2026-09-05 23:46:58,684 [INFO]    ✅ Turnstile resuelto
2026-09-05 23:47:09,344 [INFO]    ⏳ Turnstile detectado — esperando resolución automática...
2026-09-05 23:47:09,388 [INFO]    ✅ Turnstile resuelto
2026-09-05 23:47:13,232 [INFO] Exportadas 83 ofertas → /media/carlos-a-cicconi/Common1/Repositorios-Ing.Carlos-Cicconi/Trabajo_Final_MCD/data/raw/ofertas_opcionempleo_20260905.csv
2026-09-05 23:47:13,232 [INFO] ✅ 'NLP Engineer': 83 ofertas guardadas
2026-09-05 23:47:13,232 [INFO]    💤 Pausa: 10.7s
2026-09-05 23:47:23,962 [INFO] 
🔍 Buscando: 'Data Engineer'
2026-09-05 23:47:23,963 [INFO]    Página 1/5 → https://www.opcionempleo.com.ar/trabajo-data-engineer.html
2026-09-05 23:47:31,456 [INFO]    ⏳ Turnstile detectado — esperando resolución automática...
2026-09-05 23:47:31,477 [INFO]    ✅ Turnstile resuelto
2026-09-05 23:47:35,624 [INFO]    → 20 ofertas encontradas
2026-09-05 23:47:43,625 [INFO]    ⏳ Turnstile detectado — esperando resolución automática...
2026-09-05 23:47:43,646 [INFO]    ✅ Turnstile resuelto
2026-09-05 23:47:55,144 [INFO]    ⏳ Turnstile detectado — esperando resolución automática...
2026-09-05 23:47:55,174 [INFO]    ✅ Turnstile resuelto
2026-09-05 23:48:06,635 [INFO]    ⏳ Turnstile detectado — esperando resolución automática...
2026-09-05 23:48:06,673 [INFO]    ✅ Turnstile resuelto
2026-09-05 23:48:18,204 [INFO]    ⏳ Turnstile detectado — esperando resolución automática...
2026-09-05 23:48:18,228 [INFO]    ✅ Turnstile resuelto
2026-09-05 23:48:28,144 [INFO]    ⏳ Turnstile detectado — esperando resolución automática...
2026-09-05 23:48:28,165 [INFO]    ✅ Turnstile resuelto
2026-09-05 23:48:39,083 [INFO]    ⏳ Turnstile detectado — esperando resolución automática...
2026-09-05 23:48:39,108 [INFO]    ✅ Turnstile resuelto
2026-09-05 23:48:50,990 [INFO]    ⏳ Turnstile detectado — esperando resolución automática...
2026-09-05 23:48:51,025 [INFO]    ✅ Turnstile resuelto
2026-09-05 23:49:03,144 [INFO]    ⏳ Turnstile detectado — esperando resolución automática...
2026-09-05 23:49:03,169 [INFO]    ✅ Turnstile resuelto
2026-09-05 23:49:13,884 [INFO]    ⏳ Turnstile detectado — esperando resolución automática...
2026-09-05 23:49:13,906 [INFO]    ✅ Turnstile resuelto
2026-09-05 23:49:25,342 [INFO]    ⏳ Turnstile detectado — esperando resolución automática...
2026-09-05 23:49:25,362 [INFO]    ✅ Turnstile resuelto
2026-09-05 23:49:36,307 [INFO]    ⏳ Turnstile detectado — esperando resolución automática...
2026-09-05 23:49:36,357 [INFO]    ✅ Turnstile resuelto
2026-09-05 23:49:47,781 [INFO]    ⏳ Turnstile detectado — esperando resolución automática...
2026-09-05 23:49:47,803 [INFO]    ✅ Turnstile resuelto
2026-09-05 23:49:58,855 [INFO]    ⏳ Turnstile detectado — esperando resolución automática...
2026-09-05 23:49:58,894 [INFO]    ✅ Turnstile resuelto
2026-09-05 23:50:10,271 [INFO]    ⏳ Turnstile detectado — esperando resolución automática...
2026-09-05 23:50:10,293 [INFO]    ✅ Turnstile resuelto
2026-09-05 23:50:22,386 [INFO]    ⏳ Turnstile detectado — esperando resolución automática...
2026-09-05 23:50:22,426 [INFO]    ✅ Turnstile resuelto
2026-09-05 23:50:33,868 [INFO]    ⏳ Turnstile detectado — esperando resolución automática...
2026-09-05 23:50:33,894 [INFO]    ✅ Turnstile resuelto
2026-09-05 23:50:43,626 [INFO]    ⏳ Turnstile detectado — esperando resolución automática...
2026-09-05 23:50:43,655 [INFO]    ✅ Turnstile resuelto
2026-09-05 23:50:55,180 [INFO]    ⏳ Turnstile detectado — esperando resolución automática...
2026-09-05 23:50:55,201 [INFO]    ✅ Turnstile resuelto
2026-09-05 23:51:06,040 [INFO]    ⏳ Turnstile detectado — esperando resolución automática...
2026-09-05 23:51:06,064 [INFO]    ✅ Turnstile resuelto
2026-09-05 23:51:17,558 [INFO]    ⏳ Turnstile detectado — esperando resolución automática...
2026-09-05 23:51:17,594 [INFO]    ✅ Turnstile resuelto
2026-09-05 23:51:21,247 [INFO]    Página 2/5 → https://www.opcionempleo.com.ar/trabajo-data-engineer.html?p=2
2026-09-05 23:51:30,068 [INFO]    ⏳ Turnstile detectado — esperando resolución automática...
2026-09-05 23:51:30,092 [INFO]    ✅ Turnstile resuelto
2026-09-05 23:51:33,984 [INFO]    → 20 ofertas encontradas
2026-09-05 23:51:42,113 [INFO]    ⏳ Turnstile detectado — esperando resolución automática...
2026-09-05 23:51:42,136 [INFO]    ✅ Turnstile resuelto
2026-09-05 23:51:52,504 [INFO]    ⏳ Turnstile detectado — esperando resolución automática...
2026-09-05 23:51:52,525 [INFO]    ✅ Turnstile resuelto
2026-09-05 23:52:03,744 [INFO]    ⏳ Turnstile detectado — esperando resolución automática...
2026-09-05 23:52:03,785 [INFO]    ✅ Turnstile resuelto
2026-09-05 23:52:16,290 [INFO]    ⏳ Turnstile detectado — esperando resolución automática...
2026-09-05 23:52:16,312 [INFO]    ✅ Turnstile resuelto
2026-09-05 23:52:26,606 [INFO]    ⏳ Turnstile detectado — esperando resolución automática...
2026-09-05 23:52:26,628 [INFO]    ✅ Turnstile resuelto
2026-09-05 23:52:37,383 [INFO]    ⏳ Turnstile detectado — esperando resolución automática...
2026-09-05 23:52:37,412 [INFO]    ✅ Turnstile resuelto
2026-09-05 23:52:48,073 [INFO]    ⏳ Turnstile detectado — esperando resolución automática...
2026-09-05 23:52:48,095 [INFO]    ✅ Turnstile resuelto
2026-09-05 23:52:59,641 [INFO]    ⏳ Turnstile detectado — esperando resolución automática...
2026-09-05 23:52:59,677 [INFO]    ✅ Turnstile resuelto
2026-09-05 23:53:11,432 [INFO]    ⏳ Turnstile detectado — esperando resolución automática...
2026-09-05 23:53:11,453 [INFO]    ✅ Turnstile resuelto
2026-09-05 23:53:22,154 [INFO]    ⏳ Turnstile detectado — esperando resolución automática...
2026-09-05 23:53:22,176 [INFO]    ✅ Turnstile resuelto
2026-09-05 23:53:33,566 [INFO]    ⏳ Turnstile detectado — esperando resolución automática...
2026-09-05 23:53:33,588 [INFO]    ✅ Turnstile resuelto
2026-09-05 23:53:44,433 [INFO]    ⏳ Turnstile detectado — esperando resolución automática...
2026-09-05 23:53:44,470 [INFO]    ✅ Turnstile resuelto
2026-09-05 23:53:55,655 [INFO]    ⏳ Turnstile detectado — esperando resolución automática...
2026-09-05 23:53:55,676 [INFO]    ✅ Turnstile resuelto
2026-09-05 23:54:05,874 [INFO]    ⏳ Turnstile detectado — esperando resolución automática...
2026-09-05 23:54:05,896 [INFO]    ✅ Turnstile resuelto
2026-09-05 23:54:16,018 [INFO]    ⏳ Turnstile detectado — esperando resolución automática...
2026-09-05 23:54:16,045 [INFO]    ✅ Turnstile resuelto
2026-09-05 23:54:26,709 [INFO]    ⏳ Turnstile detectado — esperando resolución automática...
2026-09-05 23:54:26,747 [INFO]    ✅ Turnstile resuelto
2026-09-05 23:54:37,150 [INFO]    ⏳ Turnstile detectado — esperando resolución automática...
2026-09-05 23:54:37,171 [INFO]    ✅ Turnstile resuelto
2026-09-05 23:54:47,996 [INFO]    ⏳ Turnstile detectado — esperando resolución automática...
2026-09-05 23:54:48,018 [INFO]    ✅ Turnstile resuelto
2026-09-05 23:54:58,811 [INFO]    ⏳ Turnstile detectado — esperando resolución automática...
2026-09-05 23:54:58,832 [INFO]    ✅ Turnstile resuelto
2026-09-05 23:55:08,956 [INFO]    ⏳ Turnstile detectado — esperando resolución automática...
2026-09-05 23:55:08,977 [INFO]    ✅ Turnstile resuelto
2026-09-05 23:55:12,902 [INFO]    Página 3/5 → https://www.opcionempleo.com.ar/trabajo-data-engineer.html?p=3
2026-09-05 23:55:23,560 [INFO]    ⏳ Turnstile detectado — esperando resolución automática...
2026-09-05 23:55:23,584 [INFO]    ✅ Turnstile resuelto
2026-09-05 23:55:28,097 [INFO]    → 20 ofertas encontradas
2026-09-05 23:55:39,108 [INFO]    ⏳ Turnstile detectado — esperando resolución automática...
2026-09-05 23:55:39,129 [INFO]    ✅ Turnstile resuelto
2026-09-05 23:55:50,665 [INFO]    ⏳ Turnstile detectado — esperando resolución automática...
2026-09-05 23:55:50,686 [INFO]    ✅ Turnstile resuelto
2026-09-05 23:56:01,186 [INFO]    ⏳ Turnstile detectado — esperando resolución automática...
2026-09-05 23:56:01,212 [INFO]    ✅ Turnstile resuelto
2026-09-05 23:56:13,409 [INFO]    ⏳ Turnstile detectado — esperando resolución automática...
2026-09-05 23:56:13,442 [INFO]    ✅ Turnstile resuelto
2026-09-05 23:56:25,384 [INFO]    ⏳ Turnstile detectado — esperando resolución automática...
2026-09-05 23:56:25,406 [INFO]    ✅ Turnstile resuelto
2026-09-05 23:56:35,893 [INFO]    ⏳ Turnstile detectado — esperando resolución automática...
2026-09-05 23:56:35,915 [INFO]    ✅ Turnstile resuelto
2026-09-05 23:56:47,092 [INFO]    ⏳ Turnstile detectado — esperando resolución automática...
2026-09-05 23:56:47,118 [INFO]    ✅ Turnstile resuelto
2026-09-05 23:56:57,257 [INFO]    ⏳ Turnstile detectado — esperando resolución automática...
2026-09-05 23:56:57,285 [INFO]    ✅ Turnstile resuelto
2026-09-05 23:57:07,169 [INFO]    ⏳ Turnstile detectado — esperando resolución automática...
2026-09-05 23:57:07,202 [INFO]    ✅ Turnstile resuelto
2026-09-05 23:57:18,220 [INFO]    ⏳ Turnstile detectado — esperando resolución automática...
2026-09-05 23:57:18,242 [INFO]    ✅ Turnstile resuelto
2026-09-05 23:57:28,193 [INFO]    ⏳ Turnstile detectado — esperando resolución automática...
2026-09-05 23:57:28,215 [INFO]    ✅ Turnstile resuelto
2026-09-05 23:57:42,497 [INFO]    ⏳ Turnstile detectado — esperando resolución automática...
2026-09-05 23:57:42,522 [INFO]    ✅ Turnstile resuelto
2026-09-05 23:57:54,034 [INFO]    ⏳ Turnstile detectado — esperando resolución automática...
2026-09-05 23:57:54,056 [INFO]    ✅ Turnstile resuelto
2026-09-05 23:58:06,325 [INFO]    ⏳ Turnstile detectado — esperando resolución automática...
2026-09-05 23:58:06,363 [INFO]    ✅ Turnstile resuelto
2026-09-05 23:58:17,013 [INFO]    ⏳ Turnstile detectado — esperando resolución automática...
2026-09-05 23:58:17,040 [INFO]    ✅ Turnstile resuelto
2026-09-05 23:58:27,757 [INFO]    ⏳ Turnstile detectado — esperando resolución automática...
2026-09-05 23:58:27,779 [INFO]    ✅ Turnstile resuelto
2026-09-05 23:58:37,936 [INFO]    ⏳ Turnstile detectado — esperando resolución automática...
2026-09-05 23:58:37,958 [INFO]    ✅ Turnstile resuelto
2026-09-05 23:58:48,224 [INFO]    ⏳ Turnstile detectado — esperando resolución automática...
2026-09-05 23:58:48,247 [INFO]    ✅ Turnstile resuelto
2026-09-05 23:58:59,102 [INFO]    ⏳ Turnstile detectado — esperando resolución automática...
2026-09-05 23:58:59,137 [INFO]    ✅ Turnstile resuelto
2026-09-05 23:59:10,987 [INFO]    ⏳ Turnstile detectado — esperando resolución automática...
2026-09-05 23:59:11,008 [INFO]    ✅ Turnstile resuelto
2026-09-05 23:59:14,705 [INFO]    Página 4/5 → https://www.opcionempleo.com.ar/trabajo-data-engineer.html?p=4
2026-09-05 23:59:24,388 [INFO]    ⏳ Turnstile detectado — esperando resolución automática...
2026-09-05 23:59:24,412 [INFO]    ✅ Turnstile resuelto
2026-09-05 23:59:28,656 [INFO]    → 18 ofertas encontradas
2026-09-05 23:59:35,481 [INFO]    ⏳ Turnstile detectado — esperando resolución automática...
2026-09-05 23:59:35,503 [INFO]    ✅ Turnstile resuelto
2026-09-05 23:59:46,289 [INFO]    ⏳ Turnstile detectado — esperando resolución automática...
2026-09-05 23:59:46,311 [INFO]    ✅ Turnstile resuelto
2026-09-05 23:59:57,782 [INFO]    ⏳ Turnstile detectado — esperando resolución automática...
2026-09-05 23:59:57,816 [INFO]    ✅ Turnstile resuelto
2026-09-06 00:00:08,755 [INFO]    ⏳ Turnstile detectado — esperando resolución automática...
2026-09-06 00:00:08,779 [INFO]    ✅ Turnstile resuelto
2026-09-06 00:00:18,271 [INFO]    ⏳ Turnstile detectado — esperando resolución automática...
2026-09-06 00:00:18,292 [INFO]    ✅ Turnstile resuelto
2026-09-06 00:00:29,468 [INFO]    ⏳ Turnstile detectado — esperando resolución automática...
2026-09-06 00:00:29,488 [INFO]    ✅ Turnstile resuelto
2026-09-06 00:00:38,931 [INFO]    ⏳ Turnstile detectado — esperando resolución automática...
2026-09-06 00:00:38,963 [INFO]    ✅ Turnstile resuelto
2026-09-06 00:00:51,002 [INFO]    ⏳ Turnstile detectado — esperando resolución automática...
2026-09-06 00:00:51,024 [INFO]    ✅ Turnstile resuelto
2026-09-06 00:01:01,738 [INFO]    ⏳ Turnstile detectado — esperando resolución automática...
2026-09-06 00:01:01,762 [INFO]    ✅ Turnstile resuelto
2026-09-06 00:01:13,647 [INFO]    ⏳ Turnstile detectado — esperando resolución automática...
2026-09-06 00:01:13,678 [INFO]    ✅ Turnstile resuelto
2026-09-06 00:01:23,790 [INFO]    ⏳ Turnstile detectado — esperando resolución automática...
2026-09-06 00:01:23,830 [INFO]    ✅ Turnstile resuelto
2026-09-06 00:01:34,520 [INFO]    ⏳ Turnstile detectado — esperando resolución automática...
2026-09-06 00:01:34,542 [INFO]    ✅ Turnstile resuelto
2026-09-06 00:01:44,977 [INFO]    ⏳ Turnstile detectado — esperando resolución automática...
2026-09-06 00:01:44,999 [INFO]    ✅ Turnstile resuelto
2026-09-06 00:01:54,337 [INFO]    ⏳ Turnstile detectado — esperando resolución automática...
2026-09-06 00:01:54,366 [INFO]    ✅ Turnstile resuelto
2026-09-06 00:02:04,629 [INFO]    ⏳ Turnstile detectado — esperando resolución automática...
2026-09-06 00:02:04,650 [INFO]    ✅ Turnstile resuelto
2026-09-06 00:02:15,168 [INFO]    ⏳ Turnstile detectado — esperando resolución automática...
2026-09-06 00:02:15,200 [INFO]    ✅ Turnstile resuelto
2026-09-06 00:02:25,855 [INFO]    ⏳ Turnstile detectado — esperando resolución automática...
2026-09-06 00:02:25,881 [INFO]    ✅ Turnstile resuelto
2026-09-06 00:02:37,744 [INFO]    ⏳ Turnstile detectado — esperando resolución automática...
2026-09-06 00:02:37,770 [INFO]    ✅ Turnstile resuelto
2026-09-06 00:02:41,003 [INFO]    Página 5/5 → https://www.opcionempleo.com.ar/trabajo-data-engineer.html?p=5
2026-09-06 00:02:49,455 [INFO]    ⏳ Turnstile detectado — esperando resolución automática...
2026-09-06 00:02:49,479 [INFO]    ✅ Turnstile resuelto
2026-09-06 00:02:53,592 [INFO]    → 19 ofertas encontradas
2026-09-06 00:03:01,691 [INFO]    ⏳ Turnstile detectado — esperando resolución automática...
2026-09-06 00:03:01,732 [INFO]    ✅ Turnstile resuelto
2026-09-06 00:03:11,471 [INFO]    ⏳ Turnstile detectado — esperando resolución automática...
2026-09-06 00:03:11,496 [INFO]    ✅ Turnstile resuelto
2026-09-06 00:03:21,604 [INFO]    ⏳ Turnstile detectado — esperando resolución automática...
2026-09-06 00:03:21,627 [INFO]    ✅ Turnstile resuelto
2026-09-06 00:03:32,089 [INFO]    ⏳ Turnstile detectado — esperando resolución automática...
2026-09-06 00:03:32,113 [INFO]    ✅ Turnstile resuelto
2026-09-06 00:03:42,935 [INFO]    ⏳ Turnstile detectado — esperando resolución automática...
2026-09-06 00:03:42,958 [INFO]    ✅ Turnstile resuelto
2026-09-06 00:03:52,832 [INFO]    ⏳ Turnstile detectado — esperando resolución automática...
2026-09-06 00:03:52,872 [INFO]    ✅ Turnstile resuelto
2026-09-06 00:04:03,898 [INFO]    ⏳ Turnstile detectado — esperando resolución automática...
2026-09-06 00:04:03,919 [INFO]    ✅ Turnstile resuelto
2026-09-06 00:04:14,907 [INFO]    ⏳ Turnstile detectado — esperando resolución automática...
2026-09-06 00:04:14,932 [INFO]    ✅ Turnstile resuelto
2026-09-06 00:04:27,104 [INFO]    ⏳ Turnstile detectado — esperando resolución automática...
2026-09-06 00:04:27,126 [INFO]    ✅ Turnstile resuelto
2026-09-06 00:04:38,448 [INFO]    ⏳ Turnstile detectado — esperando resolución automática...
2026-09-06 00:04:38,490 [INFO]    ✅ Turnstile resuelto
2026-09-06 00:04:49,788 [INFO]    ⏳ Turnstile detectado — esperando resolución automática...
2026-09-06 00:04:49,812 [INFO]    ✅ Turnstile resuelto
2026-09-06 00:05:01,606 [INFO]    ⏳ Turnstile detectado — esperando resolución automática...
2026-09-06 00:05:01,629 [INFO]    ✅ Turnstile resuelto
2026-09-06 00:05:12,129 [INFO]    ⏳ Turnstile detectado — esperando resolución automática...
2026-09-06 00:05:12,150 [INFO]    ✅ Turnstile resuelto
2026-09-06 00:05:23,773 [INFO]    ⏳ Turnstile detectado — esperando resolución automática...
2026-09-06 00:05:23,794 [INFO]    ✅ Turnstile resuelto
2026-09-06 00:05:34,809 [INFO]    ⏳ Turnstile detectado — esperando resolución automática...
2026-09-06 00:05:34,846 [INFO]    ✅ Turnstile resuelto
2026-09-06 00:05:46,228 [INFO]    ⏳ Turnstile detectado — esperando resolución automática...
2026-09-06 00:05:46,250 [INFO]    ✅ Turnstile resuelto
2026-09-06 00:05:55,660 [INFO]    ⏳ Turnstile detectado — esperando resolución automática...
2026-09-06 00:05:55,681 [INFO]    ✅ Turnstile resuelto
2026-09-06 00:06:04,834 [INFO]    ⏳ Turnstile detectado — esperando resolución automática...
2026-09-06 00:06:04,859 [INFO]    ✅ Turnstile resuelto
2026-09-06 00:06:14,462 [INFO]    ⏳ Turnstile detectado — esperando resolución automática...
2026-09-06 00:06:14,484 [INFO]    ✅ Turnstile resuelto
2026-09-06 00:06:17,644 [INFO] Exportadas 97 ofertas → /media/carlos-a-cicconi/Common1/Repositorios-Ing.Carlos-Cicconi/Trabajo_Final_MCD/data/raw/ofertas_opcionempleo_20260905.csv
2026-09-06 00:06:17,644 [INFO] ✅ 'Data Engineer': 97 ofertas guardadas
2026-09-06 00:06:17,644 [INFO]    💤 Pausa: 11.7s
2026-09-06 00:06:29,399 [INFO] 
🔍 Buscando: 'Software Engineer'
2026-09-06 00:06:29,400 [INFO]    Página 1/5 → https://www.opcionempleo.com.ar/trabajo-software-engineer.html
2026-09-06 00:06:37,191 [INFO]    ⏳ Turnstile detectado — esperando resolución automática...
2026-09-06 00:06:37,214 [INFO]    ✅ Turnstile resuelto
2026-09-06 00:06:41,304 [INFO]    → 20 ofertas encontradas
2026-09-06 00:06:48,658 [INFO]    ⏳ Turnstile detectado — esperando resolución automática...
2026-09-06 00:06:48,683 [INFO]    ✅ Turnstile resuelto
2026-09-06 00:06:59,370 [INFO]    ⏳ Turnstile detectado — esperando resolución automática...
2026-09-06 00:06:59,392 [INFO]    ✅ Turnstile resuelto
2026-09-06 00:07:10,108 [INFO]    ⏳ Turnstile detectado — esperando resolución automática...
2026-09-06 00:07:10,146 [INFO]    ✅ Turnstile resuelto
2026-09-06 00:07:21,029 [INFO]    ⏳ Turnstile detectado — esperando resolución automática...
2026-09-06 00:07:21,052 [INFO]    ✅ Turnstile resuelto
2026-09-06 00:07:31,586 [INFO]    ⏳ Turnstile detectado — esperando resolución automática...
2026-09-06 00:07:31,607 [INFO]    ✅ Turnstile resuelto
2026-09-06 00:07:42,037 [INFO]    ⏳ Turnstile detectado — esperando resolución automática...
2026-09-06 00:07:42,059 [INFO]    ✅ Turnstile resuelto
2026-09-06 00:07:52,373 [INFO]    ⏳ Turnstile detectado — esperando resolución automática...
2026-09-06 00:07:52,394 [INFO]    ✅ Turnstile resuelto
2026-09-06 00:08:03,000 [INFO]    ⏳ Turnstile detectado — esperando resolución automática...
2026-09-06 00:08:03,035 [INFO]    ✅ Turnstile resuelto
2026-09-06 00:08:14,181 [INFO]    ⏳ Turnstile detectado — esperando resolución automática...
2026-09-06 00:08:14,207 [INFO]    ✅ Turnstile resuelto
2026-09-06 00:08:25,531 [INFO]    ⏳ Turnstile detectado — esperando resolución automática...
2026-09-06 00:08:25,553 [INFO]    ✅ Turnstile resuelto
2026-09-06 00:08:36,119 [INFO]    ⏳ Turnstile detectado — esperando resolución automática...
2026-09-06 00:08:36,141 [INFO]    ✅ Turnstile resuelto
2026-09-06 00:08:47,296 [INFO]    ⏳ Turnstile detectado — esperando resolución automática...
2026-09-06 00:08:47,320 [INFO]    ✅ Turnstile resuelto
2026-09-06 00:08:59,581 [INFO]    ⏳ Turnstile detectado — esperando resolución automática...
2026-09-06 00:08:59,616 [INFO]    ✅ Turnstile resuelto
2026-09-06 00:09:09,693 [INFO]    ⏳ Turnstile detectado — esperando resolución automática...
2026-09-06 00:09:09,716 [INFO]    ✅ Turnstile resuelto
2026-09-06 00:09:20,876 [INFO]    ⏳ Turnstile detectado — esperando resolución automática...
2026-09-06 00:09:20,901 [INFO]    ✅ Turnstile resuelto
2026-09-06 00:09:31,646 [INFO]    ⏳ Turnstile detectado — esperando resolución automática...
2026-09-06 00:09:31,667 [INFO]    ✅ Turnstile resuelto
2026-09-06 00:09:42,371 [INFO]    ⏳ Turnstile detectado — esperando resolución automática...
2026-09-06 00:09:42,391 [INFO]    ✅ Turnstile resuelto
2026-09-06 00:09:52,965 [INFO]    ⏳ Turnstile detectado — esperando resolución automática...
2026-09-06 00:09:53,002 [INFO]    ✅ Turnstile resuelto
2026-09-06 00:10:02,767 [INFO]    ⏳ Turnstile detectado — esperando resolución automática...
2026-09-06 00:10:02,789 [INFO]    ✅ Turnstile resuelto
2026-09-06 00:10:12,629 [INFO]    ⏳ Turnstile detectado — esperando resolución automática...
2026-09-06 00:10:12,651 [INFO]    ✅ Turnstile resuelto
2026-09-06 00:10:16,418 [INFO]    Página 2/5 → https://www.opcionempleo.com.ar/trabajo-software-engineer.html?p=2
2026-09-06 00:10:24,634 [INFO]    ⏳ Turnstile detectado — esperando resolución automática...
2026-09-06 00:10:24,658 [INFO]    ✅ Turnstile resuelto
2026-09-06 00:10:28,922 [INFO]    → 20 ofertas encontradas
2026-09-06 00:10:35,631 [INFO]    ⏳ Turnstile detectado — esperando resolución automática...
2026-09-06 00:10:35,662 [INFO]    ✅ Turnstile resuelto
2026-09-06 00:10:45,898 [INFO]    ⏳ Turnstile detectado — esperando resolución automática...
2026-09-06 00:10:45,922 [INFO]    ✅ Turnstile resuelto
2026-09-06 00:10:57,402 [INFO]    ⏳ Turnstile detectado — esperando resolución automática...
2026-09-06 00:10:57,425 [INFO]    ✅ Turnstile resuelto
2026-09-06 00:11:09,089 [INFO]    ⏳ Turnstile detectado — esperando resolución automática...
2026-09-06 00:11:09,110 [INFO]    ✅ Turnstile resuelto
2026-09-06 00:11:18,799 [INFO]    ⏳ Turnstile detectado — esperando resolución automática...
2026-09-06 00:11:18,821 [INFO]    ✅ Turnstile resuelto
2026-09-06 00:11:28,896 [INFO]    ⏳ Turnstile detectado — esperando resolución automática...
2026-09-06 00:11:28,931 [INFO]    ✅ Turnstile resuelto
2026-09-06 00:11:40,948 [INFO]    ⏳ Turnstile detectado — esperando resolución automática...
2026-09-06 00:11:40,969 [INFO]    ✅ Turnstile resuelto
2026-09-06 00:11:52,923 [INFO]    ⏳ Turnstile detectado — esperando resolución automática...
2026-09-06 00:11:52,945 [INFO]    ✅ Turnstile resuelto
2026-09-06 00:12:03,172 [INFO]    ⏳ Turnstile detectado — esperando resolución automática...
2026-09-06 00:12:03,194 [INFO]    ✅ Turnstile resuelto
2026-09-06 00:12:13,451 [INFO]    ⏳ Turnstile detectado — esperando resolución automática...
2026-09-06 00:12:13,473 [INFO]    ✅ Turnstile resuelto
2026-09-06 00:12:23,060 [INFO]    ⏳ Turnstile detectado — esperando resolución automática...
2026-09-06 00:12:23,094 [INFO]    ✅ Turnstile resuelto
2026-09-06 00:12:34,334 [INFO]    ⏳ Turnstile detectado — esperando resolución automática...
2026-09-06 00:12:34,355 [INFO]    ✅ Turnstile resuelto
2026-09-06 00:12:45,612 [INFO]    ⏳ Turnstile detectado — esperando resolución automática...
2026-09-06 00:12:45,634 [INFO]    ✅ Turnstile resuelto
2026-09-06 00:12:56,881 [INFO]    ⏳ Turnstile detectado — esperando resolución automática...
2026-09-06 00:12:56,904 [INFO]    ✅ Turnstile resuelto
2026-09-06 00:13:07,740 [INFO]    ⏳ Turnstile detectado — esperando resolución automática...
2026-09-06 00:13:07,784 [INFO]    ✅ Turnstile resuelto
2026-09-06 00:13:19,168 [INFO]    ⏳ Turnstile detectado — esperando resolución automática...
2026-09-06 00:13:19,190 [INFO]    ✅ Turnstile resuelto
2026-09-06 00:13:30,654 [INFO]    ⏳ Turnstile detectado — esperando resolución automática...
2026-09-06 00:13:30,676 [INFO]    ✅ Turnstile resuelto
2026-09-06 00:13:40,219 [INFO]    ⏳ Turnstile detectado — esperando resolución automática...
2026-09-06 00:13:40,244 [INFO]    ✅ Turnstile resuelto
2026-09-06 00:13:52,932 [INFO]    ⏳ Turnstile detectado — esperando resolución automática...
2026-09-06 00:13:52,953 [INFO]    ✅ Turnstile resuelto
2026-09-06 00:14:04,269 [INFO]    ⏳ Turnstile detectado — esperando resolución automática...
2026-09-06 00:14:04,304 [INFO]    ✅ Turnstile resuelto
2026-09-06 00:14:08,301 [INFO]    Página 3/5 → https://www.opcionempleo.com.ar/trabajo-software-engineer.html?p=3
2026-09-06 00:14:18,229 [INFO]    ⏳ Turnstile detectado — esperando resolución automática...
2026-09-06 00:14:18,253 [INFO]    ✅ Turnstile resuelto
2026-09-06 00:14:22,145 [INFO]    → 20 ofertas encontradas
2026-09-06 00:14:29,779 [INFO]    ⏳ Turnstile detectado — esperando resolución automática...
2026-09-06 00:14:29,800 [INFO]    ✅ Turnstile resuelto
2026-09-06 00:14:40,757 [INFO]    ⏳ Turnstile detectado — esperando resolución automática...
2026-09-06 00:14:40,778 [INFO]    ✅ Turnstile resuelto
2026-09-06 00:14:51,908 [INFO]    ⏳ Turnstile detectado — esperando resolución automática...
2026-09-06 00:14:51,953 [INFO]    ✅ Turnstile resuelto
2026-09-06 00:15:04,053 [INFO]    ⏳ Turnstile detectado — esperando resolución automática...
2026-09-06 00:15:04,078 [INFO]    ✅ Turnstile resuelto
2026-09-06 00:15:11,864 [ERROR] Error Playwright en https://www.opcionempleo.com.ar/jobad/areafeffc0134fb942d6fe76c858e635a2: Page.goto: net::ERR_NETWORK_CHANGED at https://www.opcionempleo.com.ar/jobad/areafeffc0134fb942d6fe76c858e635a2
Call log:
  - navigating to "https://www.opcionempleo.com.ar/jobad/areafeffc0134fb942d6fe76c858e635a2", waiting until "domcontentloaded"

2026-09-06 00:15:18,746 [INFO]    ⏳ Turnstile detectado — esperando resolución automática...
2026-09-06 00:15:18,768 [INFO]    ✅ Turnstile resuelto
2026-09-06 00:15:29,426 [INFO]    ⏳ Turnstile detectado — esperando resolución automática...
2026-09-06 00:15:29,449 [INFO]    ✅ Turnstile resuelto
2026-09-06 00:15:42,540 [INFO]    ⏳ Turnstile detectado — esperando resolución automática...
2026-09-06 00:15:42,561 [INFO]    ✅ Turnstile resuelto
2026-09-06 00:15:54,989 [INFO]    ⏳ Turnstile detectado — esperando resolución automática...
2026-09-06 00:15:55,012 [INFO]    ✅ Turnstile resuelto
2026-09-06 00:16:06,858 [INFO]    ⏳ Turnstile detectado — esperando resolución automática...
2026-09-06 00:16:06,881 [INFO]    ✅ Turnstile resuelto
2026-09-06 00:16:16,751 [INFO]    ⏳ Turnstile detectado — esperando resolución automática...
2026-09-06 00:16:16,772 [INFO]    ✅ Turnstile resuelto
2026-09-06 00:16:27,737 [INFO]    ⏳ Turnstile detectado — esperando resolución automática...
2026-09-06 00:16:27,758 [INFO]    ✅ Turnstile resuelto
2026-09-06 00:16:37,642 [INFO]    ⏳ Turnstile detectado — esperando resolución automática...
2026-09-06 00:16:37,663 [INFO]    ✅ Turnstile resuelto
2026-09-06 00:16:47,937 [INFO]    ⏳ Turnstile detectado — esperando resolución automática...
2026-09-06 00:16:47,977 [INFO]    ✅ Turnstile resuelto
2026-09-06 00:16:58,815 [INFO]    ⏳ Turnstile detectado — esperando resolución automática...
2026-09-06 00:16:58,837 [INFO]    ✅ Turnstile resuelto
2026-09-06 00:17:11,584 [INFO]    ⏳ Turnstile detectado — esperando resolución automática...
2026-09-06 00:17:11,605 [INFO]    ✅ Turnstile resuelto
2026-09-06 00:17:24,279 [INFO]    ⏳ Turnstile detectado — esperando resolución automática...
2026-09-06 00:17:24,309 [INFO]    ✅ Turnstile resuelto
2026-09-06 00:17:35,385 [INFO]    ⏳ Turnstile detectado — esperando resolución automática...
2026-09-06 00:17:35,430 [INFO]    ✅ Turnstile resuelto
2026-09-06 00:17:47,130 [INFO]    ⏳ Turnstile detectado — esperando resolución automática...
2026-09-06 00:17:47,154 [INFO]    ✅ Turnstile resuelto
2026-09-06 00:18:03,076 [INFO]    ⏳ Turnstile detectado — esperando resolución automática...
2026-09-06 00:18:03,097 [INFO]    ✅ Turnstile resuelto
2026-09-06 00:18:07,028 [INFO]    Página 4/5 → https://www.opcionempleo.com.ar/trabajo-software-engineer.html?p=4
2026-09-06 00:18:14,709 [INFO]    ⏳ Turnstile detectado — esperando resolución automática...
2026-09-06 00:18:14,732 [INFO]    ✅ Turnstile resuelto
2026-09-06 00:18:18,592 [INFO]    → 20 ofertas encontradas
2026-09-06 00:18:25,192 [INFO]    ⏳ Turnstile detectado — esperando resolución automática...
2026-09-06 00:18:25,219 [INFO]    ✅ Turnstile resuelto
2026-09-06 00:18:35,354 [INFO]    ⏳ Turnstile detectado — esperando resolución automática...
2026-09-06 00:18:35,377 [INFO]    ✅ Turnstile resuelto
2026-09-06 00:18:45,919 [INFO]    ⏳ Turnstile detectado — esperando resolución automática...
2026-09-06 00:18:45,942 [INFO]    ✅ Turnstile resuelto
2026-09-06 00:18:57,001 [INFO]    ⏳ Turnstile detectado — esperando resolución automática...
2026-09-06 00:18:57,022 [INFO]    ✅ Turnstile resuelto
2026-09-06 00:19:08,846 [INFO]    ⏳ Turnstile detectado — esperando resolución automática...
2026-09-06 00:19:08,867 [INFO]    ✅ Turnstile resuelto
2026-09-06 00:19:19,322 [INFO]    ⏳ Turnstile detectado — esperando resolución automática...
2026-09-06 00:19:19,358 [INFO]    ✅ Turnstile resuelto
2026-09-06 00:19:30,570 [INFO]    ⏳ Turnstile detectado — esperando resolución automática...
2026-09-06 00:19:30,593 [INFO]    ✅ Turnstile resuelto
2026-09-06 00:19:40,502 [INFO]    ⏳ Turnstile detectado — esperando resolución automática...
2026-09-06 00:19:40,529 [INFO]    ✅ Turnstile resuelto
2026-09-06 00:19:50,743 [INFO]    ⏳ Turnstile detectado — esperando resolución automática...
2026-09-06 00:19:50,765 [INFO]    ✅ Turnstile resuelto
2026-09-06 00:20:02,546 [INFO]    ⏳ Turnstile detectado — esperando resolución automática...
2026-09-06 00:20:02,568 [INFO]    ✅ Turnstile resuelto
2026-09-06 00:20:14,212 [INFO]    ⏳ Turnstile detectado — esperando resolución automática...
2026-09-06 00:20:14,246 [INFO]    ✅ Turnstile resuelto
2026-09-06 00:20:24,423 [INFO]    ⏳ Turnstile detectado — esperando resolución automática...
2026-09-06 00:20:24,448 [INFO]    ✅ Turnstile resuelto
2026-09-06 00:20:34,487 [INFO]    ⏳ Turnstile detectado — esperando resolución automática...
2026-09-06 00:20:34,513 [INFO]    ✅ Turnstile resuelto
2026-09-06 00:20:46,028 [INFO]    ⏳ Turnstile detectado — esperando resolución automática...
2026-09-06 00:20:46,052 [INFO]    ✅ Turnstile resuelto
2026-09-06 00:20:56,065 [INFO]    ⏳ Turnstile detectado — esperando resolución automática...
2026-09-06 00:20:56,108 [INFO]    ✅ Turnstile resuelto
2026-09-06 00:21:07,642 [INFO]    ⏳ Turnstile detectado — esperando resolución automática...
2026-09-06 00:21:07,662 [INFO]    ✅ Turnstile resuelto
2026-09-06 00:21:18,036 [INFO]    ⏳ Turnstile detectado — esperando resolución automática...
2026-09-06 00:21:18,058 [INFO]    ✅ Turnstile resuelto
2026-09-06 00:21:28,880 [INFO]    ⏳ Turnstile detectado — esperando resolución automática...
2026-09-06 00:21:28,902 [INFO]    ✅ Turnstile resuelto
2026-09-06 00:21:41,323 [INFO]    ⏳ Turnstile detectado — esperando resolución automática...
2026-09-06 00:21:41,345 [INFO]    ✅ Turnstile resuelto
2026-09-06 00:21:53,201 [INFO]    ⏳ Turnstile detectado — esperando resolución automática...
2026-09-06 00:21:53,235 [INFO]    ✅ Turnstile resuelto
2026-09-06 00:21:56,327 [INFO]    Página 5/5 → https://www.opcionempleo.com.ar/trabajo-software-engineer.html?p=5
2026-09-06 00:22:06,514 [INFO]    ⏳ Turnstile detectado — esperando resolución automática...
2026-09-06 00:22:06,538 [INFO]    ✅ Turnstile resuelto
2026-09-06 00:22:10,525 [INFO]    → 20 ofertas encontradas
2026-09-06 00:22:17,407 [INFO]    ⏳ Turnstile detectado — esperando resolución automática...
2026-09-06 00:22:17,431 [INFO]    ✅ Turnstile resuelto
2026-09-06 00:22:28,127 [INFO]    ⏳ Turnstile detectado — esperando resolución automática...
2026-09-06 00:22:28,149 [INFO]    ✅ Turnstile resuelto
2026-09-06 00:22:38,071 [INFO]    ⏳ Turnstile detectado — esperando resolución automática...
2026-09-06 00:22:38,095 [INFO]    ✅ Turnstile resuelto
2026-09-06 00:22:51,243 [INFO]    ⏳ Turnstile detectado — esperando resolución automática...
2026-09-06 00:22:51,277 [INFO]    ✅ Turnstile resuelto
2026-09-06 00:23:01,945 [INFO]    ⏳ Turnstile detectado — esperando resolución automática...
2026-09-06 00:23:01,968 [INFO]    ✅ Turnstile resuelto
2026-09-06 00:23:12,311 [INFO]    ⏳ Turnstile detectado — esperando resolución automática...
2026-09-06 00:23:12,337 [INFO]    ✅ Turnstile resuelto
2026-09-06 00:23:23,941 [INFO]    ⏳ Turnstile detectado — esperando resolución automática...
2026-09-06 00:23:23,963 [INFO]    ✅ Turnstile resuelto
2026-09-06 00:23:36,289 [INFO]    ⏳ Turnstile detectado — esperando resolución automática...
2026-09-06 00:23:36,326 [INFO]    ✅ Turnstile resuelto
2026-09-06 00:23:47,583 [INFO]    ⏳ Turnstile detectado — esperando resolución automática...
2026-09-06 00:23:47,607 [INFO]    ✅ Turnstile resuelto
2026-09-06 00:23:57,819 [INFO]    ⏳ Turnstile detectado — esperando resolución automática...
2026-09-06 00:23:57,852 [INFO]    ✅ Turnstile resuelto
2026-09-06 00:24:08,417 [INFO]    ⏳ Turnstile detectado — esperando resolución automática...
2026-09-06 00:24:08,440 [INFO]    ✅ Turnstile resuelto
2026-09-06 00:24:18,092 [INFO]    ⏳ Turnstile detectado — esperando resolución automática...
2026-09-06 00:24:18,141 [INFO]    ✅ Turnstile resuelto
2026-09-06 00:24:30,305 [INFO]    ⏳ Turnstile detectado — esperando resolución automática...
2026-09-06 00:24:30,327 [INFO]    ✅ Turnstile resuelto
2026-09-06 00:24:41,877 [INFO]    ⏳ Turnstile detectado — esperando resolución automática...
2026-09-06 00:24:41,898 [INFO]    ✅ Turnstile resuelto
2026-09-06 00:24:53,030 [INFO]    ⏳ Turnstile detectado — esperando resolución automática...
2026-09-06 00:24:53,052 [INFO]    ✅ Turnstile resuelto
2026-09-06 00:25:04,597 [INFO]    ⏳ Turnstile detectado — esperando resolución automática...
2026-09-06 00:25:04,618 [INFO]    ✅ Turnstile resuelto
2026-09-06 00:25:15,454 [INFO]    ⏳ Turnstile detectado — esperando resolución automática...
2026-09-06 00:25:15,498 [INFO]    ✅ Turnstile resuelto
2026-09-06 00:25:27,530 [INFO]    ⏳ Turnstile detectado — esperando resolución automática...
2026-09-06 00:25:27,554 [INFO]    ✅ Turnstile resuelto
2026-09-06 00:25:38,833 [INFO]    ⏳ Turnstile detectado — esperando resolución automática...
2026-09-06 00:25:38,856 [INFO]    ✅ Turnstile resuelto
2026-09-06 00:25:51,270 [INFO]    ⏳ Turnstile detectado — esperando resolución automática...
2026-09-06 00:25:51,295 [INFO]    ✅ Turnstile resuelto
2026-09-06 00:25:55,055 [INFO] Exportadas 100 ofertas → /media/carlos-a-cicconi/Common1/Repositorios-Ing.Carlos-Cicconi/Trabajo_Final_MCD/data/raw/ofertas_opcionempleo_20260905.csv
2026-09-06 00:25:55,055 [INFO] ✅ 'Software Engineer': 100 ofertas guardadas
2026-09-06 00:25:55,055 [INFO]    💤 Pausa: 9.9s
2026-09-06 00:26:04,930 [INFO] 
🔍 Buscando: 'Python Developer'
2026-09-06 00:26:04,930 [INFO]    Página 1/5 → https://www.opcionempleo.com.ar/trabajo-python.html
2026-09-06 00:26:12,952 [INFO]    ⏳ Turnstile detectado — esperando resolución automática...
2026-09-06 00:26:12,975 [INFO]    ✅ Turnstile resuelto
2026-09-06 00:26:17,125 [INFO]    → 19 ofertas encontradas
2026-09-06 00:26:24,805 [INFO]    ⏳ Turnstile detectado — esperando resolución automática...
2026-09-06 00:26:24,826 [INFO]    ✅ Turnstile resuelto
2026-09-06 00:26:36,451 [INFO]    ⏳ Turnstile detectado — esperando resolución automática...
2026-09-06 00:26:36,473 [INFO]    ✅ Turnstile resuelto
2026-09-06 00:26:46,446 [INFO]    ⏳ Turnstile detectado — esperando resolución automática...
2026-09-06 00:26:46,468 [INFO]    ✅ Turnstile resuelto
2026-09-06 00:27:01,755 [INFO]    ⏳ Turnstile detectado — esperando resolución automática...
2026-09-06 00:27:01,783 [INFO]    ✅ Turnstile resuelto
2026-09-06 00:27:13,638 [INFO]    ⏳ Turnstile detectado — esperando resolución automática...
2026-09-06 00:27:13,672 [INFO]    ✅ Turnstile resuelto
2026-09-06 00:27:24,166 [INFO]    ⏳ Turnstile detectado — esperando resolución automática...
2026-09-06 00:27:24,190 [INFO]    ✅ Turnstile resuelto
2026-09-06 00:27:35,775 [INFO]    ⏳ Turnstile detectado — esperando resolución automática...
2026-09-06 00:27:35,802 [INFO]    ✅ Turnstile resuelto
2026-09-06 00:27:47,168 [INFO]    ⏳ Turnstile detectado — esperando resolución automática...
2026-09-06 00:27:47,196 [INFO]    ✅ Turnstile resuelto
2026-09-06 00:27:57,692 [INFO]    ⏳ Turnstile detectado — esperando resolución automática...
2026-09-06 00:27:57,734 [INFO]    ✅ Turnstile resuelto
2026-09-06 00:28:08,656 [INFO]    ⏳ Turnstile detectado — esperando resolución automática...
2026-09-06 00:28:08,678 [INFO]    ✅ Turnstile resuelto
2026-09-06 00:28:19,235 [INFO]    ⏳ Turnstile detectado — esperando resolución automática...
2026-09-06 00:28:19,256 [INFO]    ✅ Turnstile resuelto
2026-09-06 00:28:30,682 [INFO]    ⏳ Turnstile detectado — esperando resolución automática...
2026-09-06 00:28:30,703 [INFO]    ✅ Turnstile resuelto
2026-09-06 00:28:40,739 [INFO]    ⏳ Turnstile detectado — esperando resolución automática...
2026-09-06 00:28:40,760 [INFO]    ✅ Turnstile resuelto
2026-09-06 00:28:51,949 [INFO]    ⏳ Turnstile detectado — esperando resolución automática...
2026-09-06 00:28:51,986 [INFO]    ✅ Turnstile resuelto
2026-09-06 00:29:01,860 [INFO]    ⏳ Turnstile detectado — esperando resolución automática...
2026-09-06 00:29:01,885 [INFO]    ✅ Turnstile resuelto
2026-09-06 00:29:11,983 [INFO]    ⏳ Turnstile detectado — esperando resolución automática...
2026-09-06 00:29:12,006 [INFO]    ✅ Turnstile resuelto
2026-09-06 00:29:23,141 [INFO]    ⏳ Turnstile detectado — esperando resolución automática...
2026-09-06 00:29:23,162 [INFO]    ✅ Turnstile resuelto
2026-09-06 00:29:33,905 [INFO]    ⏳ Turnstile detectado — esperando resolución automática...
2026-09-06 00:29:33,941 [INFO]    ✅ Turnstile resuelto
2026-09-06 00:29:43,333 [INFO]    ⏳ Turnstile detectado — esperando resolución automática...
2026-09-06 00:29:43,356 [INFO]    ✅ Turnstile resuelto
2026-09-06 00:29:46,772 [INFO]    Página 2/5 → https://www.opcionempleo.com.ar/trabajo-python.html?p=2
2026-09-06 00:29:55,306 [INFO]    ⏳ Turnstile detectado — esperando resolución automática...
2026-09-06 00:29:55,329 [INFO]    ✅ Turnstile resuelto
2026-09-06 00:29:59,770 [INFO]    → 20 ofertas encontradas
2026-09-06 00:30:07,714 [INFO]    ⏳ Turnstile detectado — esperando resolución automática...
2026-09-06 00:30:07,736 [INFO]    ✅ Turnstile resuelto
2026-09-06 00:30:20,206 [INFO]    ⏳ Turnstile detectado — esperando resolución automática...
2026-09-06 00:30:20,244 [INFO]    ✅ Turnstile resuelto
2026-09-06 00:30:29,914 [INFO]    ⏳ Turnstile detectado — esperando resolución automática...
2026-09-06 00:30:29,935 [INFO]    ✅ Turnstile resuelto
2026-09-06 00:30:40,961 [INFO]    ⏳ Turnstile detectado — esperando resolución automática...
2026-09-06 00:30:40,982 [INFO]    ✅ Turnstile resuelto
2026-09-06 00:30:51,529 [INFO]    ⏳ Turnstile detectado — esperando resolución automática...
2026-09-06 00:30:51,555 [INFO]    ✅ Turnstile resuelto
2026-09-06 00:31:01,961 [INFO]    ⏳ Turnstile detectado — esperando resolución automática...
2026-09-06 00:31:01,982 [INFO]    ✅ Turnstile resuelto
2026-09-06 00:31:12,121 [INFO]    ⏳ Turnstile detectado — esperando resolución automática...
2026-09-06 00:31:12,158 [INFO]    ✅ Turnstile resuelto
2026-09-06 00:31:23,765 [INFO]    ⏳ Turnstile detectado — esperando resolución automática...
2026-09-06 00:31:23,788 [INFO]    ✅ Turnstile resuelto
2026-09-06 00:31:34,179 [INFO]    ⏳ Turnstile detectado — esperando resolución automática...
2026-09-06 00:31:34,201 [INFO]    ✅ Turnstile resuelto
2026-09-06 00:31:44,585 [INFO]    ⏳ Turnstile detectado — esperando resolución automática...
2026-09-06 00:31:44,607 [INFO]    ✅ Turnstile resuelto
2026-09-06 00:31:56,461 [INFO]    ⏳ Turnstile detectado — esperando resolución automática...
2026-09-06 00:31:56,519 [INFO]    ✅ Turnstile resuelto
2026-09-06 00:32:08,230 [INFO]    ⏳ Turnstile detectado — esperando resolución automática...
2026-09-06 00:32:08,273 [INFO]    ✅ Turnstile resuelto
2026-09-06 00:32:20,074 [INFO]    ⏳ Turnstile detectado — esperando resolución automática...
2026-09-06 00:32:20,098 [INFO]    ✅ Turnstile resuelto
2026-09-06 00:32:32,458 [INFO]    ⏳ Turnstile detectado — esperando resolución automática...
2026-09-06 00:32:32,481 [INFO]    ✅ Turnstile resuelto
2026-09-06 00:32:45,061 [INFO]    ⏳ Turnstile detectado — esperando resolución automática...
2026-09-06 00:32:45,081 [INFO]    ✅ Turnstile resuelto
2026-09-06 00:32:58,077 [INFO]    ⏳ Turnstile detectado — esperando resolución automática...
2026-09-06 00:32:58,121 [INFO]    ✅ Turnstile resuelto
2026-09-06 00:33:10,557 [INFO]    ⏳ Turnstile detectado — esperando resolución automática...
2026-09-06 00:33:10,580 [INFO]    ✅ Turnstile resuelto
2026-09-06 00:33:21,710 [INFO]    ⏳ Turnstile detectado — esperando resolución automática...
2026-09-06 00:33:21,732 [INFO]    ✅ Turnstile resuelto
2026-09-06 00:33:32,600 [INFO]    ⏳ Turnstile detectado — esperando resolución automática...
2026-09-06 00:33:32,628 [INFO]    ✅ Turnstile resuelto
2026-09-06 00:33:43,509 [INFO]    ⏳ Turnstile detectado — esperando resolución automática...
2026-09-06 00:33:43,532 [INFO]    ✅ Turnstile resuelto
2026-09-06 00:33:47,163 [INFO]    Página 3/5 → https://www.opcionempleo.com.ar/trabajo-python.html?p=3
2026-09-06 00:33:56,805 [INFO]    ⏳ Turnstile detectado — esperando resolución automática...
2026-09-06 00:33:56,830 [INFO]    ✅ Turnstile resuelto
2026-09-06 00:34:01,083 [INFO]    → 20 ofertas encontradas
2026-09-06 00:34:08,237 [INFO]    ⏳ Turnstile detectado — esperando resolución automática...
2026-09-06 00:34:08,258 [INFO]    ✅ Turnstile resuelto
2026-09-06 00:34:18,258 [INFO]    ⏳ Turnstile detectado — esperando resolución automática...
2026-09-06 00:34:18,282 [INFO]    ✅ Turnstile resuelto
2026-09-06 00:34:28,272 [INFO]    ⏳ Turnstile detectado — esperando resolución automática...
2026-09-06 00:34:28,294 [INFO]    ✅ Turnstile resuelto
2026-09-06 00:34:38,527 [INFO]    ⏳ Turnstile detectado — esperando resolución automática...
2026-09-06 00:34:38,569 [INFO]    ✅ Turnstile resuelto
2026-09-06 00:34:50,389 [INFO]    ⏳ Turnstile detectado — esperando resolución automática...
2026-09-06 00:34:50,410 [INFO]    ✅ Turnstile resuelto
2026-09-06 00:35:00,936 [INFO]    ⏳ Turnstile detectado — esperando resolución automática...
2026-09-06 00:35:00,957 [INFO]    ✅ Turnstile resuelto
2026-09-06 00:35:11,329 [INFO]    ⏳ Turnstile detectado — esperando resolución automática...
2026-09-06 00:35:11,352 [INFO]    ✅ Turnstile resuelto
2026-09-06 00:35:23,590 [INFO]    ⏳ Turnstile detectado — esperando resolución automática...
2026-09-06 00:35:23,629 [INFO]    ✅ Turnstile resuelto
2026-09-06 00:35:34,765 [INFO]    ⏳ Turnstile detectado — esperando resolución automática...
2026-09-06 00:35:34,791 [INFO]    ✅ Turnstile resuelto
2026-09-06 00:35:46,504 [INFO]    ⏳ Turnstile detectado — esperando resolución automática...
2026-09-06 00:35:46,526 [INFO]    ✅ Turnstile resuelto
2026-09-06 00:35:56,675 [INFO]    ⏳ Turnstile detectado — esperando resolución automática...
2026-09-06 00:35:56,699 [INFO]    ✅ Turnstile resuelto
2026-09-06 00:36:07,114 [INFO]    ⏳ Turnstile detectado — esperando resolución automática...
2026-09-06 00:36:07,135 [INFO]    ✅ Turnstile resuelto
2026-09-06 00:36:17,565 [INFO]    ⏳ Turnstile detectado — esperando resolución automática...
2026-09-06 00:36:17,604 [INFO]    ✅ Turnstile resuelto
2026-09-06 00:36:28,186 [INFO]    ⏳ Turnstile detectado — esperando resolución automática...
2026-09-06 00:36:28,209 [INFO]    ✅ Turnstile resuelto
2026-09-06 00:36:39,793 [INFO]    ⏳ Turnstile detectado — esperando resolución automática...
2026-09-06 00:36:39,816 [INFO]    ✅ Turnstile resuelto
2026-09-06 00:36:51,585 [INFO]    ⏳ Turnstile detectado — esperando resolución automática...
2026-09-06 00:36:51,607 [INFO]    ✅ Turnstile resuelto
2026-09-06 00:37:02,939 [INFO]    ⏳ Turnstile detectado — esperando resolución automática...
2026-09-06 00:37:02,982 [INFO]    ✅ Turnstile resuelto
2026-09-06 00:37:12,727 [INFO]    ⏳ Turnstile detectado — esperando resolución automática...
2026-09-06 00:37:12,756 [INFO]    ✅ Turnstile resuelto
2026-09-06 00:37:22,790 [INFO]    ⏳ Turnstile detectado — esperando resolución automática...
2026-09-06 00:37:22,812 [INFO]    ✅ Turnstile resuelto
2026-09-06 00:37:33,651 [INFO]    ⏳ Turnstile detectado — esperando resolución automática...
2026-09-06 00:37:33,673 [INFO]    ✅ Turnstile resuelto
2026-09-06 00:37:37,736 [INFO]    Página 4/5 → https://www.opcionempleo.com.ar/trabajo-python.html?p=4
2026-09-06 00:37:47,899 [INFO]    ⏳ Turnstile detectado — esperando resolución automática...
2026-09-06 00:37:47,944 [INFO]    ✅ Turnstile resuelto
2026-09-06 00:37:51,981 [INFO]    → 20 ofertas encontradas
2026-09-06 00:37:59,409 [INFO]    ⏳ Turnstile detectado — esperando resolución automática...
2026-09-06 00:37:59,438 [INFO]    ✅ Turnstile resuelto
2026-09-06 00:38:10,032 [INFO]    ⏳ Turnstile detectado — esperando resolución automática...
2026-09-06 00:38:10,057 [INFO]    ✅ Turnstile resuelto
2026-09-06 00:38:21,497 [INFO]    ⏳ Turnstile detectado — esperando resolución automática...
2026-09-06 00:38:21,522 [INFO]    ✅ Turnstile resuelto
2026-09-06 00:38:32,619 [INFO]    ⏳ Turnstile detectado — esperando resolución automática...
2026-09-06 00:38:32,644 [INFO]    ✅ Turnstile resuelto
2026-09-06 00:38:43,085 [INFO]    ⏳ Turnstile detectado — esperando resolución automática...
2026-09-06 00:38:43,128 [INFO]    ✅ Turnstile resuelto
2026-09-06 00:38:54,238 [INFO]    ⏳ Turnstile detectado — esperando resolución automática...
2026-09-06 00:38:54,259 [INFO]    ✅ Turnstile resuelto
2026-09-06 00:39:05,239 [INFO]    ⏳ Turnstile detectado — esperando resolución automática...
2026-09-06 00:39:05,261 [INFO]    ✅ Turnstile resuelto
2026-09-06 00:39:15,444 [INFO]    ⏳ Turnstile detectado — esperando resolución automática...
2026-09-06 00:39:15,465 [INFO]    ✅ Turnstile resuelto
2026-09-06 00:39:26,692 [INFO]    ⏳ Turnstile detectado — esperando resolución automática...
2026-09-06 00:39:26,715 [INFO]    ✅ Turnstile resuelto
2026-09-06 00:39:38,372 [INFO]    ⏳ Turnstile detectado — esperando resolución automática...
2026-09-06 00:39:38,393 [INFO]    ✅ Turnstile resuelto
2026-09-06 00:39:58,249 [INFO]    ⏳ Turnstile detectado — esperando resolución automática...
2026-09-06 00:39:58,272 [INFO]    ✅ Turnstile resuelto
2026-09-06 00:40:10,711 [INFO]    ⏳ Turnstile detectado — esperando resolución automática...
2026-09-06 00:40:10,732 [INFO]    ✅ Turnstile resuelto
2026-09-06 00:40:22,498 [INFO]    ⏳ Turnstile detectado — esperando resolución automática...
2026-09-06 00:40:22,519 [INFO]    ✅ Turnstile resuelto
2026-09-06 00:40:34,048 [INFO]    ⏳ Turnstile detectado — esperando resolución automática...
2026-09-06 00:40:34,088 [INFO]    ✅ Turnstile resuelto
2026-09-06 00:40:47,180 [INFO]    ⏳ Turnstile detectado — esperando resolución automática...
2026-09-06 00:40:47,205 [INFO]    ✅ Turnstile resuelto
2026-09-06 00:40:58,826 [INFO]    ⏳ Turnstile detectado — esperando resolución automática...
2026-09-06 00:40:58,847 [INFO]    ✅ Turnstile resuelto
2026-09-06 00:41:09,706 [INFO]    ⏳ Turnstile detectado — esperando resolución automática...
2026-09-06 00:41:09,731 [INFO]    ✅ Turnstile resuelto
2026-09-06 00:41:21,372 [INFO]    ⏳ Turnstile detectado — esperando resolución automática...
2026-09-06 00:41:21,397 [INFO]    ✅ Turnstile resuelto
2026-09-06 00:41:33,778 [INFO]    ⏳ Turnstile detectado — esperando resolución automática...
2026-09-06 00:41:33,816 [INFO]    ✅ Turnstile resuelto
2026-09-06 00:41:44,808 [INFO]    ⏳ Turnstile detectado — esperando resolución automática...
2026-09-06 00:41:44,831 [INFO]    ✅ Turnstile resuelto
2026-09-06 00:41:47,989 [INFO]    Página 5/5 → https://www.opcionempleo.com.ar/trabajo-python.html?p=5
2026-09-06 00:41:55,841 [INFO]    ⏳ Turnstile detectado — esperando resolución automática...
2026-09-06 00:41:55,864 [INFO]    ✅ Turnstile resuelto
2026-09-06 00:41:59,527 [INFO]    → 20 ofertas encontradas
2026-09-06 00:42:06,035 [INFO]    ⏳ Turnstile detectado — esperando resolución automática...
2026-09-06 00:42:06,057 [INFO]    ✅ Turnstile resuelto
2026-09-06 00:42:18,330 [INFO]    ⏳ Turnstile detectado — esperando resolución automática...
2026-09-06 00:42:18,355 [INFO]    ✅ Turnstile resuelto
2026-09-06 00:42:31,221 [INFO]    ⏳ Turnstile detectado — esperando resolución automática...
2026-09-06 00:42:31,243 [INFO]    ✅ Turnstile resuelto
2026-09-06 00:42:44,248 [INFO]    ⏳ Turnstile detectado — esperando resolución automática...
2026-09-06 00:42:44,269 [INFO]    ✅ Turnstile resuelto
2026-09-06 00:42:57,507 [INFO]    ⏳ Turnstile detectado — esperando resolución automática...
2026-09-06 00:42:57,535 [INFO]    ✅ Turnstile resuelto
2026-09-06 00:43:09,314 [INFO]    ⏳ Turnstile detectado — esperando resolución automática...
2026-09-06 00:43:09,359 [INFO]    ✅ Turnstile resuelto
2026-09-06 00:43:19,574 [INFO]    ⏳ Turnstile detectado — esperando resolución automática...
2026-09-06 00:43:19,597 [INFO]    ✅ Turnstile resuelto
2026-09-06 00:43:31,168 [INFO]    ⏳ Turnstile detectado — esperando resolución automática...
2026-09-06 00:43:31,191 [INFO]    ✅ Turnstile resuelto
2026-09-06 00:43:42,875 [INFO]    ⏳ Turnstile detectado — esperando resolución automática...
2026-09-06 00:43:42,896 [INFO]    ✅ Turnstile resuelto
2026-09-06 00:43:54,884 [INFO]    ⏳ Turnstile detectado — esperando resolución automática...
2026-09-06 00:43:54,904 [INFO]    ✅ Turnstile resuelto
2026-09-06 00:44:10,736 [INFO]    ⏳ Turnstile detectado — esperando resolución automática...
2026-09-06 00:44:10,773 [INFO]    ✅ Turnstile resuelto
2026-09-06 00:44:22,841 [INFO]    ⏳ Turnstile detectado — esperando resolución automática...
2026-09-06 00:44:22,862 [INFO]    ✅ Turnstile resuelto
2026-09-06 00:44:34,285 [INFO]    ⏳ Turnstile detectado — esperando resolución automática...
2026-09-06 00:44:34,306 [INFO]    ✅ Turnstile resuelto
2026-09-06 00:44:45,284 [INFO]    ⏳ Turnstile detectado — esperando resolución automática...
2026-09-06 00:44:45,305 [INFO]    ✅ Turnstile resuelto
2026-09-06 00:44:55,161 [INFO]    ⏳ Turnstile detectado — esperando resolución automática...
2026-09-06 00:44:55,201 [INFO]    ✅ Turnstile resuelto
2026-09-06 00:45:06,806 [INFO]    ⏳ Turnstile detectado — esperando resolución automática...
2026-09-06 00:45:06,830 [INFO]    ✅ Turnstile resuelto
2026-09-06 00:45:18,427 [INFO]    ⏳ Turnstile detectado — esperando resolución automática...
2026-09-06 00:45:18,448 [INFO]    ✅ Turnstile resuelto
2026-09-06 00:45:29,378 [INFO]    ⏳ Turnstile detectado — esperando resolución automática...
2026-09-06 00:45:29,402 [INFO]    ✅ Turnstile resuelto
2026-09-06 00:45:41,500 [INFO]    ⏳ Turnstile detectado — esperando resolución automática...
2026-09-06 00:45:41,521 [INFO]    ✅ Turnstile resuelto
2026-09-06 00:45:53,185 [INFO]    ⏳ Turnstile detectado — esperando resolución automática...
2026-09-06 00:45:53,206 [INFO]    ✅ Turnstile resuelto
2026-09-06 00:45:56,572 [INFO] Exportadas 99 ofertas → /media/carlos-a-cicconi/Common1/Repositorios-Ing.Carlos-Cicconi/Trabajo_Final_MCD/data/raw/ofertas_opcionempleo_20260905.csv
2026-09-06 00:45:56,572 [INFO] ✅ 'Python Developer': 99 ofertas guardadas
2026-09-06 00:45:56,572 [INFO]    💤 Pausa: 10.4s
2026-09-06 00:46:07,009 [INFO] 
🔍 Buscando: 'Desarrollador Backend'
2026-09-06 00:46:07,009 [INFO]    Página 1/5 → https://www.opcionempleo.com.ar/trabajo-desarrollador-backend.html
2026-09-06 00:46:17,467 [INFO]    ⏳ Turnstile detectado — esperando resolución automática...
2026-09-06 00:46:17,490 [INFO]    ✅ Turnstile resuelto
2026-09-06 00:46:21,494 [INFO]    → 20 ofertas encontradas
2026-09-06 00:46:27,869 [INFO]    ⏳ Turnstile detectado — esperando resolución automática...
2026-09-06 00:46:27,916 [INFO]    ✅ Turnstile resuelto
2026-09-06 00:46:38,825 [INFO]    ⏳ Turnstile detectado — esperando resolución automática...
2026-09-06 00:46:38,845 [INFO]    ✅ Turnstile resuelto
2026-09-06 00:46:50,205 [INFO]    ⏳ Turnstile detectado — esperando resolución automática...
2026-09-06 00:46:50,227 [INFO]    ✅ Turnstile resuelto
2026-09-06 00:47:01,385 [INFO]    ⏳ Turnstile detectado — esperando resolución automática...
2026-09-06 00:47:01,410 [INFO]    ✅ Turnstile resuelto
2026-09-06 00:47:13,636 [INFO]    ⏳ Turnstile detectado — esperando resolución automática...
2026-09-06 00:47:13,657 [INFO]    ✅ Turnstile resuelto
2026-09-06 00:47:23,340 [INFO]    ⏳ Turnstile detectado — esperando resolución automática...
2026-09-06 00:47:23,382 [INFO]    ✅ Turnstile resuelto
2026-09-06 00:47:33,671 [INFO]    ⏳ Turnstile detectado — esperando resolución automática...
2026-09-06 00:47:33,702 [INFO]    ✅ Turnstile resuelto
2026-09-06 00:47:44,148 [INFO]    ⏳ Turnstile detectado — esperando resolución automática...
2026-09-06 00:47:44,170 [INFO]    ✅ Turnstile resuelto
2026-09-06 00:47:54,910 [INFO]    ⏳ Turnstile detectado — esperando resolución automática...
2026-09-06 00:47:54,935 [INFO]    ✅ Turnstile resuelto
2026-09-06 00:48:06,056 [INFO]    ⏳ Turnstile detectado — esperando resolución automática...
2026-09-06 00:48:06,100 [INFO]    ✅ Turnstile resuelto
2026-09-06 00:48:17,159 [INFO]    ⏳ Turnstile detectado — esperando resolución automática...
2026-09-06 00:48:17,180 [INFO]    ✅ Turnstile resuelto
2026-09-06 00:48:28,503 [INFO]    ⏳ Turnstile detectado — esperando resolución automática...
2026-09-06 00:48:28,524 [INFO]    ✅ Turnstile resuelto
2026-09-06 00:48:39,699 [INFO]    ⏳ Turnstile detectado — esperando resolución automática...
2026-09-06 00:48:39,722 [INFO]    ✅ Turnstile resuelto
2026-09-06 00:48:50,318 [INFO]    ⏳ Turnstile detectado — esperando resolución automática...
2026-09-06 00:48:50,343 [INFO]    ✅ Turnstile resuelto
2026-09-06 00:49:02,287 [INFO]    ⏳ Turnstile detectado — esperando resolución automática...
2026-09-06 00:49:02,333 [INFO]    ✅ Turnstile resuelto
2026-09-06 00:49:14,454 [INFO]    ⏳ Turnstile detectado — esperando resolución automática...
2026-09-06 00:49:14,475 [INFO]    ✅ Turnstile resuelto
2026-09-06 00:49:23,970 [INFO]    ⏳ Turnstile detectado — esperando resolución automática...
2026-09-06 00:49:23,991 [INFO]    ✅ Turnstile resuelto
2026-09-06 00:49:35,435 [INFO]    ⏳ Turnstile detectado — esperando resolución automática...
2026-09-06 00:49:35,459 [INFO]    ✅ Turnstile resuelto
2026-09-06 00:49:47,031 [INFO]    ⏳ Turnstile detectado — esperando resolución automática...
2026-09-06 00:49:47,056 [INFO]    ✅ Turnstile resuelto
2026-09-06 00:49:56,752 [INFO]    ⏳ Turnstile detectado — esperando resolución automática...
2026-09-06 00:49:56,789 [INFO]    ✅ Turnstile resuelto
2026-09-06 00:50:00,201 [INFO]    Página 2/5 → https://www.opcionempleo.com.ar/trabajo-desarrollador-backend.html?p=2
2026-09-06 00:50:10,724 [INFO]    ⏳ Turnstile detectado — esperando resolución automática...
2026-09-06 00:50:10,751 [INFO]    ✅ Turnstile resuelto
2026-09-06 00:50:15,261 [INFO]    → 17 ofertas encontradas
2026-09-06 00:50:23,216 [INFO]    ⏳ Turnstile detectado — esperando resolución automática...
2026-09-06 00:50:23,238 [INFO]    ✅ Turnstile resuelto
2026-09-06 00:50:35,149 [INFO]    ⏳ Turnstile detectado — esperando resolución automática...
2026-09-06 00:50:35,173 [INFO]    ✅ Turnstile resuelto
2026-09-06 00:50:46,101 [INFO]    ⏳ Turnstile detectado — esperando resolución automática...
2026-09-06 00:50:46,145 [INFO]    ✅ Turnstile resuelto
2026-09-06 00:50:56,591 [INFO]    ⏳ Turnstile detectado — esperando resolución automática...
2026-09-06 00:50:56,613 [INFO]    ✅ Turnstile resuelto
2026-09-06 00:51:08,244 [INFO]    ⏳ Turnstile detectado — esperando resolución automática...
2026-09-06 00:51:08,271 [INFO]    ✅ Turnstile resuelto
2026-09-06 00:51:18,265 [INFO]    ⏳ Turnstile detectado — esperando resolución automática...
2026-09-06 00:51:18,287 [INFO]    ✅ Turnstile resuelto
2026-09-06 00:51:28,026 [INFO]    ⏳ Turnstile detectado — esperando resolución automática...
2026-09-06 00:51:28,047 [INFO]    ✅ Turnstile resuelto
2026-09-06 00:51:39,955 [INFO]    ⏳ Turnstile detectado — esperando resolución automática...
2026-09-06 00:51:39,994 [INFO]    ✅ Turnstile resuelto
2026-09-06 00:51:51,180 [INFO]    ⏳ Turnstile detectado — esperando resolución automática...
2026-09-06 00:51:51,202 [INFO]    ✅ Turnstile resuelto
2026-09-06 00:52:02,617 [INFO]    ⏳ Turnstile detectado — esperando resolución automática...
2026-09-06 00:52:02,640 [INFO]    ✅ Turnstile resuelto
2026-09-06 00:52:13,384 [INFO]    ⏳ Turnstile detectado — esperando resolución automática...
2026-09-06 00:52:13,415 [INFO]    ✅ Turnstile resuelto
2026-09-06 00:52:25,394 [INFO]    ⏳ Turnstile detectado — esperando resolución automática...
2026-09-06 00:52:25,415 [INFO]    ✅ Turnstile resuelto
2026-09-06 00:52:36,828 [INFO]    ⏳ Turnstile detectado — esperando resolución automática...
2026-09-06 00:52:36,853 [INFO]    ✅ Turnstile resuelto
2026-09-06 00:52:47,440 [INFO]    ⏳ Turnstile detectado — esperando resolución automática...
2026-09-06 00:52:47,461 [INFO]    ✅ Turnstile resuelto
2026-09-06 00:52:57,527 [INFO]    ⏳ Turnstile detectado — esperando resolución automática...
2026-09-06 00:52:57,553 [INFO]    ✅ Turnstile resuelto
2026-09-06 00:53:08,462 [INFO]    ⏳ Turnstile detectado — esperando resolución automática...
2026-09-06 00:53:08,484 [INFO]    ✅ Turnstile resuelto
2026-09-06 00:53:18,503 [INFO]    ⏳ Turnstile detectado — esperando resolución automática...
2026-09-06 00:53:18,543 [INFO]    ✅ Turnstile resuelto
2026-09-06 00:53:22,623 [INFO]    Página 3/5 → https://www.opcionempleo.com.ar/trabajo-desarrollador-backend.html?p=3
2026-09-06 00:53:31,517 [INFO]    ⏳ Turnstile detectado — esperando resolución automática...
2026-09-06 00:53:31,541 [INFO]    ✅ Turnstile resuelto
2026-09-06 00:53:36,149 [INFO]    → 20 ofertas encontradas
2026-09-06 00:53:42,381 [INFO]    ⏳ Turnstile detectado — esperando resolución automática...
2026-09-06 00:53:42,406 [INFO]    ✅ Turnstile resuelto
2026-09-06 00:53:52,597 [INFO]    ⏳ Turnstile detectado — esperando resolución automática...
2026-09-06 00:53:52,622 [INFO]    ✅ Turnstile resuelto
2026-09-06 00:54:02,317 [INFO]    ⏳ Turnstile detectado — esperando resolución automática...
2026-09-06 00:54:02,344 [INFO]    ✅ Turnstile resuelto
2026-09-06 00:54:14,447 [INFO]    ⏳ Turnstile detectado — esperando resolución automática...
2026-09-06 00:54:14,473 [INFO]    ✅ Turnstile resuelto
2026-09-06 00:54:26,628 [INFO]    ⏳ Turnstile detectado — esperando resolución automática...
2026-09-06 00:54:26,649 [INFO]    ✅ Turnstile resuelto
2026-09-06 00:54:36,659 [INFO]    ⏳ Turnstile detectado — esperando resolución automática...
2026-09-06 00:54:36,681 [INFO]    ✅ Turnstile resuelto
2026-09-06 00:54:46,616 [INFO]    ⏳ Turnstile detectado — esperando resolución automática...
2026-09-06 00:54:46,639 [INFO]    ✅ Turnstile resuelto
2026-09-06 00:54:56,905 [INFO]    ⏳ Turnstile detectado — esperando resolución automática...
2026-09-06 00:54:56,948 [INFO]    ✅ Turnstile resuelto
2026-09-06 00:55:07,721 [INFO]    ⏳ Turnstile detectado — esperando resolución automática...
2026-09-06 00:55:07,743 [INFO]    ✅ Turnstile resuelto
2026-09-06 00:55:17,162 [INFO]    ⏳ Turnstile detectado — esperando resolución automática...
2026-09-06 00:55:17,183 [INFO]    ✅ Turnstile resuelto
2026-09-06 00:55:28,141 [INFO]    ⏳ Turnstile detectado — esperando resolución automática...
2026-09-06 00:55:28,163 [INFO]    ✅ Turnstile resuelto
2026-09-06 00:55:38,795 [INFO]    ⏳ Turnstile detectado — esperando resolución automática...
2026-09-06 00:55:38,817 [INFO]    ✅ Turnstile resuelto
2026-09-06 00:55:49,721 [INFO]    ⏳ Turnstile detectado — esperando resolución automática...
2026-09-06 00:55:49,742 [INFO]    ✅ Turnstile resuelto
2026-09-06 00:55:59,977 [INFO]    ⏳ Turnstile detectado — esperando resolución automática...
2026-09-06 00:56:00,023 [INFO]    ✅ Turnstile resuelto
2026-09-06 00:56:11,938 [INFO]    ⏳ Turnstile detectado — esperando resolución automática...
2026-09-06 00:56:11,959 [INFO]    ✅ Turnstile resuelto
2026-09-06 00:56:23,225 [INFO]    ⏳ Turnstile detectado — esperando resolución automática...
2026-09-06 00:56:23,247 [INFO]    ✅ Turnstile resuelto
2026-09-06 00:56:35,087 [INFO]    ⏳ Turnstile detectado — esperando resolución automática...
2026-09-06 00:56:35,108 [INFO]    ✅ Turnstile resuelto
2026-09-06 00:56:46,658 [INFO]    ⏳ Turnstile detectado — esperando resolución automática...
2026-09-06 00:56:46,687 [INFO]    ✅ Turnstile resuelto
2026-09-06 00:56:57,522 [INFO]    ⏳ Turnstile detectado — esperando resolución automática...
2026-09-06 00:56:57,560 [INFO]    ✅ Turnstile resuelto
2026-09-06 00:57:09,098 [INFO]    ⏳ Turnstile detectado — esperando resolución automática...
2026-09-06 00:57:09,119 [INFO]    ✅ Turnstile resuelto
2026-09-06 00:57:12,552 [INFO]    Página 4/5 → https://www.opcionempleo.com.ar/trabajo-desarrollador-backend.html?p=4
2026-09-06 00:57:21,307 [INFO]    ⏳ Turnstile detectado — esperando resolución automática...
2026-09-06 00:57:21,330 [INFO]    ✅ Turnstile resuelto
2026-09-06 00:57:25,309 [INFO]    → 20 ofertas encontradas
2026-09-06 00:57:32,901 [INFO]    ⏳ Turnstile detectado — esperando resolución automática...
2026-09-06 00:57:32,923 [INFO]    ✅ Turnstile resuelto
2026-09-06 00:57:43,310 [INFO]    ⏳ Turnstile detectado — esperando resolución automática...
2026-09-06 00:57:43,332 [INFO]    ✅ Turnstile resuelto
2026-09-06 00:57:53,306 [INFO]    ⏳ Turnstile detectado — esperando resolución automática...
2026-09-06 00:57:53,328 [INFO]    ✅ Turnstile resuelto
2026-09-06 00:58:03,889 [INFO]    ⏳ Turnstile detectado — esperando resolución automática...
2026-09-06 00:58:03,912 [INFO]    ✅ Turnstile resuelto
2026-09-06 00:58:16,283 [INFO]    ⏳ Turnstile detectado — esperando resolución automática...
2026-09-06 00:58:16,306 [INFO]    ✅ Turnstile resuelto
2026-09-06 00:58:27,854 [INFO]    ⏳ Turnstile detectado — esperando resolución automática...
2026-09-06 00:58:27,876 [INFO]    ✅ Turnstile resuelto
2026-09-06 00:58:38,861 [INFO]    ⏳ Turnstile detectado — esperando resolución automática...
2026-09-06 00:58:38,886 [INFO]    ✅ Turnstile resuelto
2026-09-06 00:58:50,390 [INFO]    ⏳ Turnstile detectado — esperando resolución automática...
2026-09-06 00:58:50,415 [INFO]    ✅ Turnstile resuelto
2026-09-06 00:59:00,525 [INFO]    ⏳ Turnstile detectado — esperando resolución automática...
2026-09-06 00:59:00,551 [INFO]    ✅ Turnstile resuelto
2026-09-06 00:59:10,045 [INFO]    ⏳ Turnstile detectado — esperando resolución automática...
2026-09-06 00:59:10,066 [INFO]    ✅ Turnstile resuelto
2026-09-06 00:59:20,690 [INFO]    ⏳ Turnstile detectado — esperando resolución automática...
2026-09-06 00:59:20,713 [INFO]    ✅ Turnstile resuelto
2026-09-06 00:59:30,812 [INFO]    ⏳ Turnstile detectado — esperando resolución automática...
2026-09-06 00:59:30,856 [INFO]    ✅ Turnstile resuelto
2026-09-06 00:59:42,810 [INFO]    ⏳ Turnstile detectado — esperando resolución automática...
2026-09-06 00:59:42,833 [INFO]    ✅ Turnstile resuelto
2026-09-06 00:59:55,613 [INFO]    ⏳ Turnstile detectado — esperando resolución automática...
2026-09-06 00:59:55,637 [INFO]    ✅ Turnstile resuelto
2026-09-06 01:00:05,840 [INFO]    ⏳ Turnstile detectado — esperando resolución automática...
2026-09-06 01:00:05,862 [INFO]    ✅ Turnstile resuelto
2026-09-06 01:00:15,880 [INFO]    ⏳ Turnstile detectado — esperando resolución automática...
2026-09-06 01:00:15,924 [INFO]    ✅ Turnstile resuelto
2026-09-06 01:00:28,248 [INFO]    ⏳ Turnstile detectado — esperando resolución automática...
2026-09-06 01:00:28,273 [INFO]    ✅ Turnstile resuelto
2026-09-06 01:00:38,802 [INFO]    ⏳ Turnstile detectado — esperando resolución automática...
2026-09-06 01:00:38,826 [INFO]    ✅ Turnstile resuelto
2026-09-06 01:00:49,325 [INFO]    ⏳ Turnstile detectado — esperando resolución automática...
2026-09-06 01:00:49,347 [INFO]    ✅ Turnstile resuelto
2026-09-06 01:01:00,108 [INFO]    ⏳ Turnstile detectado — esperando resolución automática...
2026-09-06 01:01:00,130 [INFO]    ✅ Turnstile resuelto
2026-09-06 01:01:03,379 [INFO]    Página 5/5 → https://www.opcionempleo.com.ar/trabajo-desarrollador-backend.html?p=5
2026-09-06 01:01:13,118 [INFO]    ⏳ Turnstile detectado — esperando resolución automática...
2026-09-06 01:01:13,141 [INFO]    ✅ Turnstile resuelto
2026-09-06 01:01:17,342 [INFO]    → 17 ofertas encontradas
2026-09-06 01:01:24,325 [INFO]    ⏳ Turnstile detectado — esperando resolución automática...
2026-09-06 01:01:24,366 [INFO]    ✅ Turnstile resuelto
2026-09-06 01:01:35,224 [INFO]    ⏳ Turnstile detectado — esperando resolución automática...
2026-09-06 01:01:35,245 [INFO]    ✅ Turnstile resuelto
2026-09-06 01:01:45,513 [INFO]    ⏳ Turnstile detectado — esperando resolución automática...
2026-09-06 01:01:45,533 [INFO]    ✅ Turnstile resuelto
2026-09-06 01:01:55,690 [INFO]    ⏳ Turnstile detectado — esperando resolución automática...
2026-09-06 01:01:55,715 [INFO]    ✅ Turnstile resuelto
2026-09-06 01:02:05,967 [INFO]    ⏳ Turnstile detectado — esperando resolución automática...
2026-09-06 01:02:06,006 [INFO]    ✅ Turnstile resuelto
2026-09-06 01:02:17,608 [INFO]    ⏳ Turnstile detectado — esperando resolución automática...
2026-09-06 01:02:17,628 [INFO]    ✅ Turnstile resuelto
2026-09-06 01:02:28,820 [INFO]    ⏳ Turnstile detectado — esperando resolución automática...
2026-09-06 01:02:28,842 [INFO]    ✅ Turnstile resuelto
2026-09-06 01:02:38,097 [INFO]    ⏳ Turnstile detectado — esperando resolución automática...
2026-09-06 01:02:38,118 [INFO]    ✅ Turnstile resuelto
2026-09-06 01:02:47,994 [INFO]    ⏳ Turnstile detectado — esperando resolución automática...
2026-09-06 01:02:48,015 [INFO]    ✅ Turnstile resuelto
2026-09-06 01:03:00,150 [INFO]    ⏳ Turnstile detectado — esperando resolución automática...
2026-09-06 01:03:00,191 [INFO]    ✅ Turnstile resuelto
2026-09-06 01:03:11,292 [INFO]    ⏳ Turnstile detectado — esperando resolución automática...
2026-09-06 01:03:11,313 [INFO]    ✅ Turnstile resuelto
2026-09-06 01:03:23,883 [INFO]    ⏳ Turnstile detectado — esperando resolución automática...
2026-09-06 01:03:23,910 [INFO]    ✅ Turnstile resuelto
2026-09-06 01:03:34,105 [INFO]    ⏳ Turnstile detectado — esperando resolución automática...
2026-09-06 01:03:34,126 [INFO]    ✅ Turnstile resuelto
2026-09-06 01:03:46,302 [INFO]    ⏳ Turnstile detectado — esperando resolución automática...
2026-09-06 01:03:46,323 [INFO]    ✅ Turnstile resuelto
2026-09-06 01:03:56,834 [INFO]    ⏳ Turnstile detectado — esperando resolución automática...
2026-09-06 01:03:56,872 [INFO]    ✅ Turnstile resuelto
2026-09-06 01:04:07,425 [INFO]    ⏳ Turnstile detectado — esperando resolución automática...
2026-09-06 01:04:07,449 [INFO]    ✅ Turnstile resuelto
2026-09-06 01:04:19,297 [INFO]    ⏳ Turnstile detectado — esperando resolución automática...
2026-09-06 01:04:19,320 [INFO]    ✅ Turnstile resuelto
2026-09-06 01:04:23,228 [INFO] Exportadas 94 ofertas → /media/carlos-a-cicconi/Common1/Repositorios-Ing.Carlos-Cicconi/Trabajo_Final_MCD/data/raw/ofertas_opcionempleo_20260905.csv
2026-09-06 01:04:23,228 [INFO] ✅ 'Desarrollador Backend': 94 ofertas guardadas
2026-09-06 01:04:23,228 [INFO]    💤 Pausa: 10.7s
2026-09-06 01:04:34,008 [INFO] 
🔍 Buscando: 'Desarrollador Full Stack'
2026-09-06 01:04:34,009 [INFO]    Página 1/5 → https://www.opcionempleo.com.ar/trabajo-desarrollador-full-stack.html
2026-09-06 01:04:42,995 [INFO]    ⏳ Turnstile detectado — esperando resolución automática...
2026-09-06 01:04:43,019 [INFO]    ✅ Turnstile resuelto
2026-09-06 01:04:46,917 [INFO]    → 20 ofertas encontradas
2026-09-06 01:04:53,567 [INFO]    ⏳ Turnstile detectado — esperando resolución automática...
2026-09-06 01:04:53,588 [INFO]    ✅ Turnstile resuelto
2026-09-06 01:05:04,168 [INFO]    ⏳ Turnstile detectado — esperando resolución automática...
2026-09-06 01:05:04,190 [INFO]    ✅ Turnstile resuelto
2026-09-06 01:05:15,064 [INFO]    ⏳ Turnstile detectado — esperando resolución automática...
2026-09-06 01:05:15,086 [INFO]    ✅ Turnstile resuelto
2026-09-06 01:05:25,055 [INFO]    ⏳ Turnstile detectado — esperando resolución automática...
2026-09-06 01:05:25,077 [INFO]    ✅ Turnstile resuelto
2026-09-06 01:05:36,162 [INFO]    ⏳ Turnstile detectado — esperando resolución automática...
2026-09-06 01:05:36,186 [INFO]    ✅ Turnstile resuelto
2026-09-06 01:05:48,019 [INFO]    ⏳ Turnstile detectado — esperando resolución automática...
2026-09-06 01:05:48,042 [INFO]    ✅ Turnstile resuelto
2026-09-06 01:05:57,807 [INFO]    ⏳ Turnstile detectado — esperando resolución automática...
2026-09-06 01:05:57,830 [INFO]    ✅ Turnstile resuelto
2026-09-06 01:06:09,858 [INFO]    ⏳ Turnstile detectado — esperando resolución automática...
2026-09-06 01:06:09,880 [INFO]    ✅ Turnstile resuelto
2026-09-06 01:06:20,929 [INFO]    ⏳ Turnstile detectado — esperando resolución automática...
2026-09-06 01:06:20,951 [INFO]    ✅ Turnstile resuelto
2026-09-06 01:06:32,673 [INFO]    ⏳ Turnstile detectado — esperando resolución automática...
2026-09-06 01:06:32,693 [INFO]    ✅ Turnstile resuelto
2026-09-06 01:06:43,374 [INFO]    ⏳ Turnstile detectado — esperando resolución automática...
2026-09-06 01:06:43,398 [INFO]    ✅ Turnstile resuelto
2026-09-06 01:06:54,060 [INFO]    ⏳ Turnstile detectado — esperando resolución automática...
2026-09-06 01:06:54,082 [INFO]    ✅ Turnstile resuelto
2026-09-06 01:07:04,784 [INFO]    ⏳ Turnstile detectado — esperando resolución automática...
2026-09-06 01:07:04,805 [INFO]    ✅ Turnstile resuelto
2026-09-06 01:07:14,706 [INFO]    ⏳ Turnstile detectado — esperando resolución automática...
2026-09-06 01:07:14,727 [INFO]    ✅ Turnstile resuelto
2026-09-06 01:07:25,781 [INFO]    ⏳ Turnstile detectado — esperando resolución automática...
2026-09-06 01:07:25,820 [INFO]    ✅ Turnstile resuelto
2026-09-06 01:07:37,353 [INFO]    ⏳ Turnstile detectado — esperando resolución automática...
2026-09-06 01:07:37,374 [INFO]    ✅ Turnstile resuelto
2026-09-06 01:07:47,580 [INFO]    ⏳ Turnstile detectado — esperando resolución automática...
2026-09-06 01:07:47,602 [INFO]    ✅ Turnstile resuelto
2026-09-06 01:07:57,334 [INFO]    ⏳ Turnstile detectado — esperando resolución automática...
2026-09-06 01:07:57,357 [INFO]    ✅ Turnstile resuelto
2026-09-06 01:08:08,238 [INFO]    ⏳ Turnstile detectado — esperando resolución automática...
2026-09-06 01:08:08,265 [INFO]    ✅ Turnstile resuelto
2026-09-06 01:08:19,088 [INFO]    ⏳ Turnstile detectado — esperando resolución automática...
2026-09-06 01:08:19,126 [INFO]    ✅ Turnstile resuelto
2026-09-06 01:08:23,162 [INFO]    Página 2/5 → https://www.opcionempleo.com.ar/trabajo-desarrollador-full-stack.html?p=2
2026-09-06 01:08:31,099 [INFO]    ⏳ Turnstile detectado — esperando resolución automática...
2026-09-06 01:08:31,123 [INFO]    ✅ Turnstile resuelto
2026-09-06 01:08:35,428 [INFO]    → 19 ofertas encontradas
2026-09-06 01:08:43,407 [INFO]    ⏳ Turnstile detectado — esperando resolución automática...
2026-09-06 01:08:43,430 [INFO]    ✅ Turnstile resuelto
2026-09-06 01:08:53,413 [INFO]    ⏳ Turnstile detectado — esperando resolución automática...
2026-09-06 01:08:53,439 [INFO]    ✅ Turnstile resuelto
2026-09-06 01:09:03,236 [INFO]    ⏳ Turnstile detectado — esperando resolución automática...
2026-09-06 01:09:03,286 [INFO]    ✅ Turnstile resuelto
2026-09-06 01:09:14,173 [INFO]    ⏳ Turnstile detectado — esperando resolución automática...
2026-09-06 01:09:14,194 [INFO]    ✅ Turnstile resuelto
2026-09-06 01:09:24,926 [INFO]    ⏳ Turnstile detectado — esperando resolución automática...
2026-09-06 01:09:24,947 [INFO]    ✅ Turnstile resuelto
2026-09-06 01:09:35,464 [INFO]    ⏳ Turnstile detectado — esperando resolución automática...
2026-09-06 01:09:35,490 [INFO]    ✅ Turnstile resuelto
2026-09-06 01:09:46,195 [INFO]    ⏳ Turnstile detectado — esperando resolución automática...
2026-09-06 01:09:46,217 [INFO]    ✅ Turnstile resuelto
2026-09-06 01:09:58,543 [INFO]    ⏳ Turnstile detectado — esperando resolución automática...
2026-09-06 01:09:58,581 [INFO]    ✅ Turnstile resuelto
2026-09-06 01:10:08,464 [INFO]    ⏳ Turnstile detectado — esperando resolución automática...
2026-09-06 01:10:08,489 [INFO]    ✅ Turnstile resuelto
2026-09-06 01:10:19,209 [INFO]    ⏳ Turnstile detectado — esperando resolución automática...
2026-09-06 01:10:19,237 [INFO]    ✅ Turnstile resuelto
2026-09-06 01:10:29,416 [INFO]    ⏳ Turnstile detectado — esperando resolución automática...
2026-09-06 01:10:29,438 [INFO]    ✅ Turnstile resuelto
2026-09-06 01:10:40,043 [INFO]    ⏳ Turnstile detectado — esperando resolución automática...
2026-09-06 01:10:40,074 [INFO]    ✅ Turnstile resuelto
2026-09-06 01:10:50,837 [INFO]    ⏳ Turnstile detectado — esperando resolución automática...
2026-09-06 01:10:50,875 [INFO]    ✅ Turnstile resuelto
2026-09-06 01:11:01,951 [INFO]    ⏳ Turnstile detectado — esperando resolución automática...
2026-09-06 01:11:01,973 [INFO]    ✅ Turnstile resuelto
2026-09-06 01:11:14,067 [INFO]    ⏳ Turnstile detectado — esperando resolución automática...
2026-09-06 01:11:14,089 [INFO]    ✅ Turnstile resuelto
2026-09-06 01:11:25,144 [INFO]    ⏳ Turnstile detectado — esperando resolución automática...
2026-09-06 01:11:25,166 [INFO]    ✅ Turnstile resuelto
2026-09-06 01:11:35,481 [INFO]    ⏳ Turnstile detectado — esperando resolución automática...
2026-09-06 01:11:35,502 [INFO]    ✅ Turnstile resuelto
2026-09-06 01:11:46,988 [INFO]    ⏳ Turnstile detectado — esperando resolución automática...
2026-09-06 01:11:47,029 [INFO]    ✅ Turnstile resuelto
2026-09-06 01:11:58,197 [INFO]    ⏳ Turnstile detectado — esperando resolución automática...
2026-09-06 01:11:58,218 [INFO]    ✅ Turnstile resuelto
2026-09-06 01:12:02,164 [INFO]    Página 3/5 → https://www.opcionempleo.com.ar/trabajo-desarrollador-full-stack.html?p=3
2026-09-06 01:12:11,125 [INFO]    ⏳ Turnstile detectado — esperando resolución automática...
2026-09-06 01:12:11,150 [INFO]    ✅ Turnstile resuelto
2026-09-06 01:12:15,322 [INFO]    → 19 ofertas encontradas
2026-09-06 01:12:21,990 [INFO]    ⏳ Turnstile detectado — esperando resolución automática...
2026-09-06 01:12:22,010 [INFO]    ✅ Turnstile resuelto
2026-09-06 01:12:32,743 [INFO]    ⏳ Turnstile detectado — esperando resolución automática...
2026-09-06 01:12:32,780 [INFO]    ✅ Turnstile resuelto
2026-09-06 01:12:42,985 [INFO]    ⏳ Turnstile detectado — esperando resolución automática...
2026-09-06 01:12:43,007 [INFO]    ✅ Turnstile resuelto
2026-09-06 01:12:53,077 [INFO]    ⏳ Turnstile detectado — esperando resolución automática...
2026-09-06 01:12:53,099 [INFO]    ✅ Turnstile resuelto
2026-09-06 01:13:02,952 [INFO]    ⏳ Turnstile detectado — esperando resolución automática...
2026-09-06 01:13:02,974 [INFO]    ✅ Turnstile resuelto
2026-09-06 01:13:15,389 [INFO]    ⏳ Turnstile detectado — esperando resolución automática...
2026-09-06 01:13:15,412 [INFO]    ✅ Turnstile resuelto
2026-09-06 01:13:27,587 [INFO]    ⏳ Turnstile detectado — esperando resolución automática...
2026-09-06 01:13:27,609 [INFO]    ✅ Turnstile resuelto
2026-09-06 01:13:39,163 [INFO]    ⏳ Turnstile detectado — esperando resolución automática...
2026-09-06 01:13:39,185 [INFO]    ✅ Turnstile resuelto
2026-09-06 01:13:49,361 [INFO]    ⏳ Turnstile detectado — esperando resolución automática...
2026-09-06 01:13:49,383 [INFO]    ✅ Turnstile resuelto
2026-09-06 01:14:01,298 [INFO]    ⏳ Turnstile detectado — esperando resolución automática...
2026-09-06 01:14:01,321 [INFO]    ✅ Turnstile resuelto
2026-09-06 01:14:11,206 [INFO]    ⏳ Turnstile detectado — esperando resolución automática...
2026-09-06 01:14:11,230 [INFO]    ✅ Turnstile resuelto
2026-09-06 01:14:22,448 [INFO]    ⏳ Turnstile detectado — esperando resolución automática...
2026-09-06 01:14:22,492 [INFO]    ✅ Turnstile resuelto
2026-09-06 01:14:33,802 [INFO]    ⏳ Turnstile detectado — esperando resolución automática...
2026-09-06 01:14:33,823 [INFO]    ✅ Turnstile resuelto
2026-09-06 01:14:43,619 [INFO]    ⏳ Turnstile detectado — esperando resolución automática...
2026-09-06 01:14:43,648 [INFO]    ✅ Turnstile resuelto
2026-09-06 01:14:54,134 [INFO]    ⏳ Turnstile detectado — esperando resolución automática...
2026-09-06 01:14:54,155 [INFO]    ✅ Turnstile resuelto
2026-09-06 01:15:03,714 [INFO]    ⏳ Turnstile detectado — esperando resolución automática...
2026-09-06 01:15:03,734 [INFO]    ✅ Turnstile resuelto
2026-09-06 01:15:14,945 [INFO]    ⏳ Turnstile detectado — esperando resolución automática...
2026-09-06 01:15:14,966 [INFO]    ✅ Turnstile resuelto
2026-09-06 01:15:25,288 [INFO]    ⏳ Turnstile detectado — esperando resolución automática...
2026-09-06 01:15:25,335 [INFO]    ✅ Turnstile resuelto
2026-09-06 01:15:36,554 [INFO]    ⏳ Turnstile detectado — esperando resolución automática...
2026-09-06 01:15:36,578 [INFO]    ✅ Turnstile resuelto
2026-09-06 01:15:39,745 [INFO]    Página 4/5 → https://www.opcionempleo.com.ar/trabajo-desarrollador-full-stack.html?p=4
2026-09-06 01:15:49,977 [INFO]    ⏳ Turnstile detectado — esperando resolución automática...
2026-09-06 01:15:50,001 [INFO]    ✅ Turnstile resuelto
2026-09-06 01:15:54,604 [INFO]    → 19 ofertas encontradas
2026-09-06 01:16:01,166 [INFO]    ⏳ Turnstile detectado — esperando resolución automática...
2026-09-06 01:16:01,188 [INFO]    ✅ Turnstile resuelto
2026-09-06 01:16:13,526 [INFO]    ⏳ Turnstile detectado — esperando resolución automática...
2026-09-06 01:16:13,552 [INFO]    ✅ Turnstile resuelto
2026-09-06 01:16:25,284 [INFO]    ⏳ Turnstile detectado — esperando resolución automática...
2026-09-06 01:16:25,305 [INFO]    ✅ Turnstile resuelto
2026-09-06 01:16:36,474 [INFO]    ⏳ Turnstile detectado — esperando resolución automática...
2026-09-06 01:16:36,500 [INFO]    ✅ Turnstile resuelto
2026-09-06 01:16:48,017 [INFO]    ⏳ Turnstile detectado — esperando resolución automática...
2026-09-06 01:16:48,039 [INFO]    ✅ Turnstile resuelto
2026-09-06 01:17:00,009 [INFO]    ⏳ Turnstile detectado — esperando resolución automática...
2026-09-06 01:17:00,050 [INFO]    ✅ Turnstile resuelto
2026-09-06 01:17:11,597 [INFO]    ⏳ Turnstile detectado — esperando resolución automática...
2026-09-06 01:17:11,620 [INFO]    ✅ Turnstile resuelto
2026-09-06 01:17:21,721 [INFO]    ⏳ Turnstile detectado — esperando resolución automática...
2026-09-06 01:17:21,748 [INFO]    ✅ Turnstile resuelto
2026-09-06 01:17:32,228 [INFO]    ⏳ Turnstile detectado — esperando resolución automática...
2026-09-06 01:17:32,264 [INFO]    ✅ Turnstile resuelto
2026-09-06 01:17:44,361 [INFO]    ⏳ Turnstile detectado — esperando resolución automática...
2026-09-06 01:17:44,385 [INFO]    ✅ Turnstile resuelto
2026-09-06 01:17:56,542 [INFO]    ⏳ Turnstile detectado — esperando resolución automática...
2026-09-06 01:17:56,581 [INFO]    ✅ Turnstile resuelto
2026-09-06 01:18:07,714 [INFO]    ⏳ Turnstile detectado — esperando resolución automática...
2026-09-06 01:18:07,736 [INFO]    ✅ Turnstile resuelto
2026-09-06 01:18:17,962 [INFO]    ⏳ Turnstile detectado — esperando resolución automática...
2026-09-06 01:18:17,984 [INFO]    ✅ Turnstile resuelto
2026-09-06 01:18:30,427 [INFO]    ⏳ Turnstile detectado — esperando resolución automática...
2026-09-06 01:18:30,451 [INFO]    ✅ Turnstile resuelto
2026-09-06 01:18:40,862 [INFO]    ⏳ Turnstile detectado — esperando resolución automática...
2026-09-06 01:18:40,886 [INFO]    ✅ Turnstile resuelto
2026-09-06 01:18:51,256 [INFO]    ⏳ Turnstile detectado — esperando resolución automática...
2026-09-06 01:18:51,295 [INFO]    ✅ Turnstile resuelto
2026-09-06 01:19:04,822 [INFO]    ⏳ Turnstile detectado — esperando resolución automática...
2026-09-06 01:19:04,848 [INFO]    ✅ Turnstile resuelto
2026-09-06 01:19:17,390 [INFO]    ⏳ Turnstile detectado — esperando resolución automática...
2026-09-06 01:19:17,411 [INFO]    ✅ Turnstile resuelto
2026-09-06 01:19:28,845 [INFO]    ⏳ Turnstile detectado — esperando resolución automática...
2026-09-06 01:19:28,874 [INFO]    ✅ Turnstile resuelto
2026-09-06 01:19:32,756 [INFO]    Página 5/5 → https://www.opcionempleo.com.ar/trabajo-desarrollador-full-stack.html?p=5
2026-09-06 01:19:42,430 [INFO]    ⏳ Turnstile detectado — esperando resolución automática...
2026-09-06 01:19:42,477 [INFO]    ✅ Turnstile resuelto
2026-09-06 01:19:46,713 [INFO]    → 18 ofertas encontradas
2026-09-06 01:19:54,910 [INFO]    ⏳ Turnstile detectado — esperando resolución automática...
2026-09-06 01:19:54,935 [INFO]    ✅ Turnstile resuelto
2026-09-06 01:20:05,913 [INFO]    ⏳ Turnstile detectado — esperando resolución automática...
2026-09-06 01:20:05,934 [INFO]    ✅ Turnstile resuelto
2026-09-06 01:20:16,231 [INFO]    ⏳ Turnstile detectado — esperando resolución automática...
2026-09-06 01:20:16,256 [INFO]    ✅ Turnstile resuelto
2026-09-06 01:20:25,629 [INFO]    ⏳ Turnstile detectado — esperando resolución automática...
2026-09-06 01:20:25,669 [INFO]    ✅ Turnstile resuelto
2026-09-06 01:20:36,012 [INFO]    ⏳ Turnstile detectado — esperando resolución automática...
2026-09-06 01:20:36,035 [INFO]    ✅ Turnstile resuelto
2026-09-06 01:20:46,662 [INFO]    ⏳ Turnstile detectado — esperando resolución automática...
2026-09-06 01:20:46,683 [INFO]    ✅ Turnstile resuelto
2026-09-06 01:20:57,373 [INFO]    ⏳ Turnstile detectado — esperando resolución automática...
2026-09-06 01:20:57,397 [INFO]    ✅ Turnstile resuelto
2026-09-06 01:21:08,658 [INFO]    ⏳ Turnstile detectado — esperando resolución automática...
2026-09-06 01:21:08,705 [INFO]    ✅ Turnstile resuelto
2026-09-06 01:21:20,824 [INFO]    ⏳ Turnstile detectado — esperando resolución automática...
2026-09-06 01:21:20,845 [INFO]    ✅ Turnstile resuelto
2026-09-06 01:21:32,112 [INFO]    ⏳ Turnstile detectado — esperando resolución automática...
2026-09-06 01:21:32,143 [INFO]    ✅ Turnstile resuelto
2026-09-06 01:21:42,606 [INFO]    ⏳ Turnstile detectado — esperando resolución automática...
2026-09-06 01:21:42,628 [INFO]    ✅ Turnstile resuelto
2026-09-06 01:21:52,279 [INFO]    ⏳ Turnstile detectado — esperando resolución automática...
2026-09-06 01:21:52,301 [INFO]    ✅ Turnstile resuelto
2026-09-06 01:22:03,834 [INFO]    ⏳ Turnstile detectado — esperando resolución automática...
2026-09-06 01:22:03,855 [INFO]    ✅ Turnstile resuelto
2026-09-06 01:22:14,995 [INFO]    ⏳ Turnstile detectado — esperando resolución automática...
2026-09-06 01:22:15,020 [INFO]    ✅ Turnstile resuelto
2026-09-06 01:22:24,925 [INFO]    ⏳ Turnstile detectado — esperando resolución automática...
2026-09-06 01:22:24,949 [INFO]    ✅ Turnstile resuelto
2026-09-06 01:22:37,250 [INFO]    ⏳ Turnstile detectado — esperando resolución automática...
2026-09-06 01:22:37,271 [INFO]    ✅ Turnstile resuelto
2026-09-06 01:22:47,695 [INFO]    ⏳ Turnstile detectado — esperando resolución automática...
2026-09-06 01:22:47,716 [INFO]    ✅ Turnstile resuelto
2026-09-06 01:22:59,113 [INFO]    ⏳ Turnstile detectado — esperando resolución automática...
2026-09-06 01:22:59,135 [INFO]    ✅ Turnstile resuelto
2026-09-06 01:23:02,300 [INFO] Exportadas 95 ofertas → /media/carlos-a-cicconi/Common1/Repositorios-Ing.Carlos-Cicconi/Trabajo_Final_MCD/data/raw/ofertas_opcionempleo_20260905.csv
2026-09-06 01:23:02,300 [INFO] ✅ 'Desarrollador Full Stack': 95 ofertas guardadas
2026-09-06 01:23:02,301 [INFO]    💤 Pausa: 11.8s
2026-09-06 01:23:14,128 [INFO] 
🔍 Buscando: 'Ingeniero de Datos'
2026-09-06 01:23:14,128 [INFO]    Página 1/5 → https://www.opcionempleo.com.ar/trabajo-ingeniero-de-datos.html
2026-09-06 01:23:22,794 [INFO]    ⏳ Turnstile detectado — esperando resolución automática...
2026-09-06 01:23:22,819 [INFO]    ✅ Turnstile resuelto
2026-09-06 01:23:27,359 [INFO]    → 20 ofertas encontradas
2026-09-06 01:23:34,988 [INFO]    ⏳ Turnstile detectado — esperando resolución automática...
2026-09-06 01:23:35,017 [INFO]    ✅ Turnstile resuelto
2026-09-06 01:23:45,009 [INFO]    ⏳ Turnstile detectado — esperando resolución automática...
2026-09-06 01:23:45,034 [INFO]    ✅ Turnstile resuelto
2026-09-06 01:23:55,489 [INFO]    ⏳ Turnstile detectado — esperando resolución automática...
2026-09-06 01:23:55,512 [INFO]    ✅ Turnstile resuelto
2026-09-06 01:24:05,986 [INFO]    ⏳ Turnstile detectado — esperando resolución automática...
2026-09-06 01:24:06,008 [INFO]    ✅ Turnstile resuelto
2026-09-06 01:24:17,527 [INFO]    ⏳ Turnstile detectado — esperando resolución automática...
2026-09-06 01:24:17,567 [INFO]    ✅ Turnstile resuelto
2026-09-06 01:24:29,338 [INFO]    ⏳ Turnstile detectado — esperando resolución automática...
2026-09-06 01:24:29,359 [INFO]    ✅ Turnstile resuelto
2026-09-06 01:24:39,448 [INFO]    ⏳ Turnstile detectado — esperando resolución automática...
2026-09-06 01:24:39,469 [INFO]    ✅ Turnstile resuelto
2026-09-06 01:24:48,945 [INFO]    ⏳ Turnstile detectado — esperando resolución automática...
2026-09-06 01:24:48,967 [INFO]    ✅ Turnstile resuelto
2026-09-06 01:25:00,643 [INFO]    ⏳ Turnstile detectado — esperando resolución automática...
2026-09-06 01:25:00,664 [INFO]    ✅ Turnstile resuelto
2026-09-06 01:25:12,485 [INFO]    ⏳ Turnstile detectado — esperando resolución automática...
2026-09-06 01:25:12,524 [INFO]    ✅ Turnstile resuelto
2026-09-06 01:25:27,311 [INFO]    ⏳ Turnstile detectado — esperando resolución automática...
2026-09-06 01:25:27,332 [INFO]    ✅ Turnstile resuelto
2026-09-06 01:25:38,133 [INFO]    ⏳ Turnstile detectado — esperando resolución automática...
2026-09-06 01:25:38,157 [INFO]    ✅ Turnstile resuelto
2026-09-06 01:25:49,678 [INFO]    ⏳ Turnstile detectado — esperando resolución automática...
2026-09-06 01:25:49,700 [INFO]    ✅ Turnstile resuelto
2026-09-06 01:26:01,463 [INFO]    ⏳ Turnstile detectado — esperando resolución automática...
2026-09-06 01:26:01,484 [INFO]    ✅ Turnstile resuelto
2026-09-06 01:26:13,233 [INFO]    ⏳ Turnstile detectado — esperando resolución automática...
2026-09-06 01:26:13,256 [INFO]    ✅ Turnstile resuelto
2026-09-06 01:26:23,401 [INFO]    ⏳ Turnstile detectado — esperando resolución automática...
2026-09-06 01:26:23,425 [INFO]    ✅ Turnstile resuelto
2026-09-06 01:26:34,724 [INFO]    ⏳ Turnstile detectado — esperando resolución automática...
2026-09-06 01:26:34,745 [INFO]    ✅ Turnstile resuelto
2026-09-06 01:26:46,350 [INFO]    ⏳ Turnstile detectado — esperando resolución automática...
2026-09-06 01:26:46,372 [INFO]    ✅ Turnstile resuelto
2026-09-06 01:26:57,525 [INFO]    ⏳ Turnstile detectado — esperando resolución automática...
2026-09-06 01:26:57,566 [INFO]    ✅ Turnstile resuelto
2026-09-06 01:27:07,550 [INFO]    ⏳ Turnstile detectado — esperando resolución automática...
2026-09-06 01:27:07,571 [INFO]    ✅ Turnstile resuelto
2026-09-06 01:27:11,211 [INFO]    Página 2/5 → https://www.opcionempleo.com.ar/trabajo-ingeniero-de-datos.html?p=2
2026-09-06 01:27:19,863 [INFO]    ⏳ Turnstile detectado — esperando resolución automática...
2026-09-06 01:27:19,887 [INFO]    ✅ Turnstile resuelto
2026-09-06 01:27:24,491 [INFO]    → 20 ofertas encontradas
2026-09-06 01:27:30,972 [INFO]    ⏳ Turnstile detectado — esperando resolución automática...
2026-09-06 01:27:30,993 [INFO]    ✅ Turnstile resuelto
2026-09-06 01:27:41,014 [INFO]    ⏳ Turnstile detectado — esperando resolución automática...
2026-09-06 01:27:41,036 [INFO]    ✅ Turnstile resuelto
2026-09-06 01:27:52,109 [INFO]    ⏳ Turnstile detectado — esperando resolución automática...
2026-09-06 01:27:52,153 [INFO]    ✅ Turnstile resuelto
2026-09-06 01:28:01,713 [INFO]    ⏳ Turnstile detectado — esperando resolución automática...
2026-09-06 01:28:01,735 [INFO]    ✅ Turnstile resuelto
2026-09-06 01:28:12,484 [INFO]    ⏳ Turnstile detectado — esperando resolución automática...
2026-09-06 01:28:12,506 [INFO]    ✅ Turnstile resuelto
2026-09-06 01:28:23,541 [INFO]    ⏳ Turnstile detectado — esperando resolución automática...
2026-09-06 01:28:23,566 [INFO]    ✅ Turnstile resuelto
2026-09-06 01:28:35,630 [INFO]    ⏳ Turnstile detectado — esperando resolución automática...
2026-09-06 01:28:35,651 [INFO]    ✅ Turnstile resuelto
2026-09-06 01:28:46,680 [INFO]    ⏳ Turnstile detectado — esperando resolución automática...
2026-09-06 01:28:46,723 [INFO]    ✅ Turnstile resuelto
2026-09-06 01:28:56,521 [INFO]    ⏳ Turnstile detectado — esperando resolución automática...
2026-09-06 01:28:56,542 [INFO]    ✅ Turnstile resuelto
2026-09-06 01:29:06,340 [INFO]    ⏳ Turnstile detectado — esperando resolución automática...
2026-09-06 01:29:06,364 [INFO]    ✅ Turnstile resuelto
2026-09-06 01:29:17,105 [INFO]    ⏳ Turnstile detectado — esperando resolución automática...
2026-09-06 01:29:17,131 [INFO]    ✅ Turnstile resuelto
2026-09-06 01:29:28,346 [INFO]    ⏳ Turnstile detectado — esperando resolución automática...
2026-09-06 01:29:28,370 [INFO]    ✅ Turnstile resuelto
2026-09-06 01:29:38,922 [INFO]    ⏳ Turnstile detectado — esperando resolución automática...
2026-09-06 01:29:38,963 [INFO]    ✅ Turnstile resuelto
2026-09-06 01:29:49,793 [INFO]    ⏳ Turnstile detectado — esperando resolución automática...
2026-09-06 01:29:49,824 [INFO]    ✅ Turnstile resuelto
2026-09-06 01:29:59,070 [INFO]    ⏳ Turnstile detectado — esperando resolución automática...
2026-09-06 01:29:59,094 [INFO]    ✅ Turnstile resuelto
2026-09-06 01:30:09,176 [INFO]    ⏳ Turnstile detectado — esperando resolución automática...
2026-09-06 01:30:09,197 [INFO]    ✅ Turnstile resuelto
2026-09-06 01:30:20,814 [INFO]    ⏳ Turnstile detectado — esperando resolución automática...
2026-09-06 01:30:20,836 [INFO]    ✅ Turnstile resuelto
2026-09-06 01:30:30,710 [INFO]    ⏳ Turnstile detectado — esperando resolución automática...
2026-09-06 01:30:30,749 [INFO]    ✅ Turnstile resuelto
2026-09-06 01:30:40,652 [INFO]    ⏳ Turnstile detectado — esperando resolución automática...
2026-09-06 01:30:40,674 [INFO]    ✅ Turnstile resuelto
2026-09-06 01:30:51,576 [INFO]    ⏳ Turnstile detectado — esperando resolución automática...
2026-09-06 01:30:51,597 [INFO]    ✅ Turnstile resuelto
2026-09-06 01:30:54,783 [INFO]    Página 3/5 → https://www.opcionempleo.com.ar/trabajo-ingeniero-de-datos.html?p=3
2026-09-06 01:31:03,972 [INFO]    ⏳ Turnstile detectado — esperando resolución automática...
2026-09-06 01:31:03,996 [INFO]    ✅ Turnstile resuelto
2026-09-06 01:31:08,207 [INFO]    → 20 ofertas encontradas
2026-09-06 01:31:16,286 [INFO]    ⏳ Turnstile detectado — esperando resolución automática...
2026-09-06 01:31:16,308 [INFO]    ✅ Turnstile resuelto
2026-09-06 01:31:26,884 [INFO]    ⏳ Turnstile detectado — esperando resolución automática...
2026-09-06 01:31:26,906 [INFO]    ✅ Turnstile resuelto
2026-09-06 01:31:37,319 [INFO]    ⏳ Turnstile detectado — esperando resolución automática...
2026-09-06 01:31:37,342 [INFO]    ✅ Turnstile resuelto
2026-09-06 01:31:47,200 [INFO]    ⏳ Turnstile detectado — esperando resolución automática...
2026-09-06 01:31:47,220 [INFO]    ✅ Turnstile resuelto
2026-09-06 01:31:59,167 [INFO]    ⏳ Turnstile detectado — esperando resolución automática...
2026-09-06 01:31:59,191 [INFO]    ✅ Turnstile resuelto
2026-09-06 01:32:09,552 [INFO]    ⏳ Turnstile detectado — esperando resolución automática...
2026-09-06 01:32:09,695 [INFO]    ✅ Turnstile resuelto
2026-09-06 01:32:19,671 [INFO]    ⏳ Turnstile detectado — esperando resolución automática...
2026-09-06 01:32:19,697 [INFO]    ✅ Turnstile resuelto
2026-09-06 01:32:30,028 [INFO]    ⏳ Turnstile detectado — esperando resolución automática...
2026-09-06 01:32:30,051 [INFO]    ✅ Turnstile resuelto
2026-09-06 01:32:41,779 [INFO]    ⏳ Turnstile detectado — esperando resolución automática...
2026-09-06 01:32:41,802 [INFO]    ✅ Turnstile resuelto
2026-09-06 01:32:52,282 [INFO]    ⏳ Turnstile detectado — esperando resolución automática...
2026-09-06 01:32:52,305 [INFO]    ✅ Turnstile resuelto
2026-09-06 01:33:03,990 [INFO]    ⏳ Turnstile detectado — esperando resolución automática...
2026-09-06 01:33:04,011 [INFO]    ✅ Turnstile resuelto
2026-09-06 01:33:14,279 [INFO]    ⏳ Turnstile detectado — esperando resolución automática...
2026-09-06 01:33:14,324 [INFO]    ✅ Turnstile resuelto
2026-09-06 01:33:23,987 [INFO]    ⏳ Turnstile detectado — esperando resolución automática...
2026-09-06 01:33:24,011 [INFO]    ✅ Turnstile resuelto
2026-09-06 01:33:34,732 [INFO]    ⏳ Turnstile detectado — esperando resolución automática...
2026-09-06 01:33:34,753 [INFO]    ✅ Turnstile resuelto
2026-09-06 01:33:44,415 [INFO]    ⏳ Turnstile detectado — esperando resolución automática...
2026-09-06 01:33:44,436 [INFO]    ✅ Turnstile resuelto
2026-09-06 01:33:55,433 [INFO]    ⏳ Turnstile detectado — esperando resolución automática...
2026-09-06 01:33:55,480 [INFO]    ✅ Turnstile resuelto
2026-09-06 01:34:07,189 [INFO]    ⏳ Turnstile detectado — esperando resolución automática...
2026-09-06 01:34:07,210 [INFO]    ✅ Turnstile resuelto
2026-09-06 01:34:19,143 [INFO]    ⏳ Turnstile detectado — esperando resolución automática...
2026-09-06 01:34:19,165 [INFO]    ✅ Turnstile resuelto
2026-09-06 01:34:29,893 [INFO]    ⏳ Turnstile detectado — esperando resolución automática...
2026-09-06 01:34:29,914 [INFO]    ✅ Turnstile resuelto
2026-09-06 01:34:40,259 [INFO]    ⏳ Turnstile detectado — esperando resolución automática...
2026-09-06 01:34:40,284 [INFO]    ✅ Turnstile resuelto
2026-09-06 01:34:43,786 [INFO]    Página 4/5 → https://www.opcionempleo.com.ar/trabajo-ingeniero-de-datos.html?p=4
2026-09-06 01:34:53,059 [INFO]    ⏳ Turnstile detectado — esperando resolución automática...
2026-09-06 01:34:53,082 [INFO]    ✅ Turnstile resuelto
2026-09-06 01:34:57,103 [INFO]    → 20 ofertas encontradas
2026-09-06 01:35:05,129 [INFO]    ⏳ Turnstile detectado — esperando resolución automática...
2026-09-06 01:35:05,150 [INFO]    ✅ Turnstile resuelto
2026-09-06 01:35:15,888 [INFO]    ⏳ Turnstile detectado — esperando resolución automática...
2026-09-06 01:35:15,911 [INFO]    ✅ Turnstile resuelto
2026-09-06 01:35:27,059 [INFO]    ⏳ Turnstile detectado — esperando resolución automática...
2026-09-06 01:35:27,083 [INFO]    ✅ Turnstile resuelto
2026-09-06 01:35:37,448 [INFO]    ⏳ Turnstile detectado — esperando resolución automática...
2026-09-06 01:35:37,470 [INFO]    ✅ Turnstile resuelto
2026-09-06 01:35:49,052 [INFO]    ⏳ Turnstile detectado — esperando resolución automática...
2026-09-06 01:35:49,077 [INFO]    ✅ Turnstile resuelto
2026-09-06 01:35:59,878 [INFO]    ⏳ Turnstile detectado — esperando resolución automática...
2026-09-06 01:35:59,899 [INFO]    ✅ Turnstile resuelto
2026-09-06 01:36:11,140 [INFO]    ⏳ Turnstile detectado — esperando resolución automática...
2026-09-06 01:36:11,162 [INFO]    ✅ Turnstile resuelto
2026-09-06 01:36:22,561 [INFO]    ⏳ Turnstile detectado — esperando resolución automática...
2026-09-06 01:36:22,601 [INFO]    ✅ Turnstile resuelto
2026-09-06 01:36:32,877 [INFO]    ⏳ Turnstile detectado — esperando resolución automática...
2026-09-06 01:36:32,898 [INFO]    ✅ Turnstile resuelto
2026-09-06 01:36:43,548 [INFO]    ⏳ Turnstile detectado — esperando resolución automática...
2026-09-06 01:36:43,571 [INFO]    ✅ Turnstile resuelto
2026-09-06 01:36:54,449 [INFO]    ⏳ Turnstile detectado — esperando resolución automática...
2026-09-06 01:36:54,470 [INFO]    ✅ Turnstile resuelto
2026-09-06 01:37:04,351 [INFO]    ⏳ Turnstile detectado — esperando resolución automática...
2026-09-06 01:37:04,390 [INFO]    ✅ Turnstile resuelto
2026-09-06 01:37:16,528 [INFO]    ⏳ Turnstile detectado — esperando resolución automática...
2026-09-06 01:37:16,551 [INFO]    ✅ Turnstile resuelto
2026-09-06 01:37:26,560 [INFO]    ⏳ Turnstile detectado — esperando resolución automática...
2026-09-06 01:37:26,582 [INFO]    ✅ Turnstile resuelto
2026-09-06 01:37:36,052 [INFO]    ⏳ Turnstile detectado — esperando resolución automática...
2026-09-06 01:37:36,074 [INFO]    ✅ Turnstile resuelto
2026-09-06 01:37:47,429 [INFO]    ⏳ Turnstile detectado — esperando resolución automática...
2026-09-06 01:37:47,470 [INFO]    ✅ Turnstile resuelto
2026-09-06 01:37:58,811 [INFO]    ⏳ Turnstile detectado — esperando resolución automática...
2026-09-06 01:37:58,833 [INFO]    ✅ Turnstile resuelto
2026-09-06 01:38:11,102 [INFO]    ⏳ Turnstile detectado — esperando resolución automática...
2026-09-06 01:38:11,124 [INFO]    ✅ Turnstile resuelto
2026-09-06 01:38:22,576 [INFO]    ⏳ Turnstile detectado — esperando resolución automática...
2026-09-06 01:38:22,597 [INFO]    ✅ Turnstile resuelto
2026-09-06 01:38:32,831 [INFO]    ⏳ Turnstile detectado — esperando resolución automática...
2026-09-06 01:38:32,857 [INFO]    ✅ Turnstile resuelto
2026-09-06 01:38:36,715 [INFO]    Página 5/5 → https://www.opcionempleo.com.ar/trabajo-ingeniero-de-datos.html?p=5
2026-09-06 01:38:46,357 [INFO]    ⏳ Turnstile detectado — esperando resolución automática...
2026-09-06 01:38:46,380 [INFO]    ✅ Turnstile resuelto
2026-09-06 01:38:50,056 [INFO]    → 20 ofertas encontradas
2026-09-06 01:38:56,455 [INFO]    ⏳ Turnstile detectado — esperando resolución automática...
2026-09-06 01:38:56,478 [INFO]    ✅ Turnstile resuelto
2026-09-06 01:39:06,826 [INFO]    ⏳ Turnstile detectado — esperando resolución automática...
2026-09-06 01:39:06,850 [INFO]    ✅ Turnstile resuelto
2026-09-06 01:39:16,474 [INFO]    ⏳ Turnstile detectado — esperando resolución automática...
2026-09-06 01:39:16,497 [INFO]    ✅ Turnstile resuelto
2026-09-06 01:39:28,008 [INFO]    ⏳ Turnstile detectado — esperando resolución automática...
2026-09-06 01:39:28,030 [INFO]    ✅ Turnstile resuelto
2026-09-06 01:39:40,502 [INFO]    ⏳ Turnstile detectado — esperando resolución automática...
2026-09-06 01:39:40,524 [INFO]    ✅ Turnstile resuelto
2026-09-06 01:39:52,272 [INFO]    ⏳ Turnstile detectado — esperando resolución automática...
2026-09-06 01:39:52,293 [INFO]    ✅ Turnstile resuelto
2026-09-06 01:40:03,924 [INFO]    ⏳ Turnstile detectado — esperando resolución automática...
2026-09-06 01:40:03,945 [INFO]    ✅ Turnstile resuelto
2026-09-06 01:40:14,439 [INFO]    ⏳ Turnstile detectado — esperando resolución automática...
2026-09-06 01:40:14,461 [INFO]    ✅ Turnstile resuelto
2026-09-06 01:40:25,168 [INFO]    ⏳ Turnstile detectado — esperando resolución automática...
2026-09-06 01:40:25,192 [INFO]    ✅ Turnstile resuelto
2026-09-06 01:40:35,594 [INFO]    ⏳ Turnstile detectado — esperando resolución automática...
2026-09-06 01:40:35,617 [INFO]    ✅ Turnstile resuelto
2026-09-06 01:40:45,741 [INFO]    ⏳ Turnstile detectado — esperando resolución automática...
2026-09-06 01:40:45,762 [INFO]    ✅ Turnstile resuelto
2026-09-06 01:40:56,355 [INFO]    ⏳ Turnstile detectado — esperando resolución automática...
2026-09-06 01:40:56,376 [INFO]    ✅ Turnstile resuelto
2026-09-06 01:41:07,771 [INFO]    ⏳ Turnstile detectado — esperando resolución automática...
2026-09-06 01:41:07,792 [INFO]    ✅ Turnstile resuelto
2026-09-06 01:41:17,450 [INFO]    ⏳ Turnstile detectado — esperando resolución automática...
2026-09-06 01:41:17,492 [INFO]    ✅ Turnstile resuelto
2026-09-06 01:41:27,814 [INFO]    ⏳ Turnstile detectado — esperando resolución automática...
2026-09-06 01:41:27,835 [INFO]    ✅ Turnstile resuelto
2026-09-06 01:41:39,305 [INFO]    ⏳ Turnstile detectado — esperando resolución automática...
2026-09-06 01:41:39,327 [INFO]    ✅ Turnstile resuelto
2026-09-06 01:41:50,055 [INFO]    ⏳ Turnstile detectado — esperando resolución automática...
2026-09-06 01:41:50,077 [INFO]    ✅ Turnstile resuelto
2026-09-06 01:42:00,879 [INFO]    ⏳ Turnstile detectado — esperando resolución automática...
2026-09-06 01:42:00,911 [INFO]    ✅ Turnstile resuelto
2026-09-06 01:42:11,380 [INFO]    ⏳ Turnstile detectado — esperando resolución automática...
2026-09-06 01:42:11,402 [INFO]    ✅ Turnstile resuelto
2026-09-06 01:42:23,279 [INFO]    ⏳ Turnstile detectado — esperando resolución automática...
2026-09-06 01:42:23,302 [INFO]    ✅ Turnstile resuelto
2026-09-06 01:42:26,999 [INFO] Exportadas 100 ofertas → /media/carlos-a-cicconi/Common1/Repositorios-Ing.Carlos-Cicconi/Trabajo_Final_MCD/data/raw/ofertas_opcionempleo_20260905.csv
2026-09-06 01:42:26,999 [INFO] ✅ 'Ingeniero de Datos': 100 ofertas guardadas
2026-09-06 01:42:26,999 [INFO]    💤 Pausa: 10.8s
2026-09-06 01:42:38,002 [INFO] 
============================================================
2026-09-06 01:42:38,002 [INFO] SCRAPING FINALIZADO - OpcionEmpleo Argentina
2026-09-06 01:42:38,002 [INFO] Total ofertas únicas: 968
2026-09-06 01:42:38,002 [INFO] DB : /media/carlos-a-cicconi/Common1/Repositorios-Ing.Carlos-Cicconi/Trabajo_Final_MCD/data/raw/opcionempleo.db
2026-09-06 01:42:38,002 [INFO] CSV: /media/carlos-a-cicconi/Common1/Repositorios-Ing.Carlos-Cicconi/Trabajo_Final_MCD/data/raw/ofertas_opcionempleo_20260905.csv
2026-09-06 01:42:38,002 [INFO] Log: /media/carlos-a-cicconi/Common1/Repositorios-Ing.Carlos-Cicconi/Trabajo_Final_MCD/logs/opcionempleo_20260905_223117.log
2026-09-06 01:42:38,002 [INFO] ============================================================
2026-09-06 01:42:38,003 [INFO]   ✅ opcionempleo: 968 ofertas recopiladas
2026-09-06 01:42:38,003 [INFO] 
============================================================
2026-09-06 01:42:38,003 [INFO]   EJECUTANDO: jobomas (JobomasScraper)
2026-09-06 01:42:38,003 [INFO]   Queries: definidas en el módulo
2026-09-06 01:42:38,003 [INFO] ============================================================
2026-09-06 01:42:38,033 [INFO] DB lista: /media/carlos-a-cicconi/Common1/Repositorios-Ing.Carlos-Cicconi/Trabajo_Final_MCD/data/raw/jobomas.db
2026-09-06 01:42:38,033 [INFO] Ejecutando diagnóstico de Jobomas...
2026-09-06 01:42:42,496 [INFO]   https://ar.jobomas.com/python → HTTP 404 | 6,586 | CT:text/html; charset=utf-8
2026-09-06 01:42:43,929 [INFO]   https://ar.jobomas.com/trabajo/python → HTTP 404 | 6,586 | CT:text/html; charset=utf-8
2026-09-06 01:42:46,238 [INFO]   https://ar.jobomas.com/ → HTTP 200 | 90,747 | CT:text/html; charset=utf-8
2026-09-06 01:42:46,289 [INFO]   <title>: Empleos y ofertas de trabajo en Argentina
2026-09-06 01:42:46,315 [INFO]   Links de oferta: 16
2026-09-06 01:42:46,315 [INFO]     /personalized-internet-ads-assessor-german_iid_392249744 | Personalized Internet Ads Assessor | German
2026-09-06 01:42:46,316 [INFO]     https://wa.me/?text=%C2%A1Hola%21%20He%20encontrado%20esta%20oferta%20de%20trabajo%20en%20jobomas%20y%20creo%20que%20puede%20interesarte%3A%0A%0APersonalized%20Internet%20Ads%20Assessor%20%7C%20German%0Ahttps%3A%2F%2Far.jobomas.com%2Fpersonalized-internet-ads-assessor-german_iid_392249744 | Compartir este empleo
2026-09-06 01:42:46,316 [INFO]     /vendedor-tecnico_iid_392252233 | Vendedor Técnico
2026-09-06 01:42:46,316 [INFO] JobomasScraper inicializado (modo: params)
2026-09-06 01:42:46,316 [INFO] ============================================================
2026-09-06 01:42:46,316 [INFO] INICIO - Jobomas Argentina
2026-09-06 01:42:46,316 [INFO] 
🔍 'Data Scientist'
2026-09-06 01:42:46,316 [INFO]    Página 1/5
2026-09-06 01:42:52,471 [INFO]    → 8 encontradas
2026-09-06 01:43:45,596 [INFO]    Página 2/5
2026-09-06 01:43:49,388 [WARNING]    Sin ofertas — HTML guardado en diagnostico/
2026-09-06 01:43:49,388 [INFO]    → 0 encontradas
2026-09-06 01:43:49,389 [INFO] CSV: 8 exportadas
2026-09-06 01:43:49,389 [INFO] ✅ 'Data Scientist': 8 guardadas
2026-09-06 01:43:54,871 [INFO] 
🔍 'Data Analyst'
2026-09-06 01:43:54,872 [INFO]    Página 1/5
2026-09-06 01:43:58,794 [WARNING]    Sin ofertas — HTML guardado en diagnostico/
2026-09-06 01:43:58,794 [INFO]    → 0 encontradas
2026-09-06 01:43:58,794 [INFO] ✅ 'Data Analyst': 0 guardadas
2026-09-06 01:44:07,217 [INFO] 
🔍 'Machine Learning Engineer'
2026-09-06 01:44:07,218 [INFO]    Página 1/5
2026-09-06 01:44:14,505 [WARNING]    Sin ofertas — HTML guardado en diagnostico/
2026-09-06 01:44:14,506 [INFO]    → 0 encontradas
2026-09-06 01:44:14,506 [INFO] ✅ 'Machine Learning Engineer': 0 guardadas
2026-09-06 01:44:23,460 [INFO] 
🔍 'NLP Engineer'
2026-09-06 01:44:23,460 [INFO]    Página 1/5
2026-09-06 01:44:28,327 [WARNING]    Sin ofertas — HTML guardado en diagnostico/
2026-09-06 01:44:28,327 [INFO]    → 0 encontradas
2026-09-06 01:44:28,327 [INFO] ✅ 'NLP Engineer': 0 guardadas
2026-09-06 01:44:37,437 [INFO] 
🔍 'Data Engineer'
2026-09-06 01:44:37,437 [INFO]    Página 1/5
2026-09-06 01:44:42,848 [WARNING]    Sin ofertas — HTML guardado en diagnostico/
2026-09-06 01:44:42,848 [INFO]    → 0 encontradas
2026-09-06 01:44:42,848 [INFO] ✅ 'Data Engineer': 0 guardadas
2026-09-06 01:44:50,484 [INFO] 
🔍 'Software Engineer'
2026-09-06 01:44:50,485 [INFO]    Página 1/5
2026-09-06 01:44:54,437 [WARNING]    Sin ofertas — HTML guardado en diagnostico/
2026-09-06 01:44:54,437 [INFO]    → 0 encontradas
2026-09-06 01:44:54,438 [INFO] ✅ 'Software Engineer': 0 guardadas
2026-09-06 01:45:01,440 [INFO] 
🔍 'Python Developer'
2026-09-06 01:45:01,440 [INFO]    Página 1/5
2026-09-06 01:45:06,084 [WARNING]    Sin ofertas — HTML guardado en diagnostico/
2026-09-06 01:45:06,084 [INFO]    → 0 encontradas
2026-09-06 01:45:06,085 [INFO] ✅ 'Python Developer': 0 guardadas
2026-09-06 01:45:15,786 [INFO] 
🔍 'Desarrollador Backend'
2026-09-06 01:45:15,786 [INFO]    Página 1/5
2026-09-06 01:45:20,140 [WARNING]    Sin ofertas — HTML guardado en diagnostico/
2026-09-06 01:45:20,140 [INFO]    → 0 encontradas
2026-09-06 01:45:20,140 [INFO] ✅ 'Desarrollador Backend': 0 guardadas
2026-09-06 01:45:25,519 [INFO] 
🔍 'Desarrollador Full Stack'
2026-09-06 01:45:25,520 [INFO]    Página 1/5
2026-09-06 01:45:31,472 [WARNING]    Sin ofertas — HTML guardado en diagnostico/
2026-09-06 01:45:31,473 [INFO]    → 0 encontradas
2026-09-06 01:45:31,473 [INFO] ✅ 'Desarrollador Full Stack': 0 guardadas
2026-09-06 01:45:36,755 [INFO] 
🔍 'Ingeniero de Datos'
2026-09-06 01:45:36,755 [INFO]    Página 1/5
2026-09-06 01:45:42,558 [WARNING]    Sin ofertas — HTML guardado en diagnostico/
2026-09-06 01:45:42,558 [INFO]    → 0 encontradas
2026-09-06 01:45:42,558 [INFO] ✅ 'Ingeniero de Datos': 0 guardadas
2026-09-06 01:45:48,451 [INFO] 
============================================================
FINALIZADO — 8 ofertas
2026-09-06 01:45:48,453 [INFO]   ✅ jobomas: 8 ofertas recopiladas
2026-09-06 01:45:48,460 [INFO] 
============================================================
2026-09-06 01:45:48,460 [INFO]   EJECUTANDO: jobrapido (JobrapidoScraper)
2026-09-06 01:45:48,461 [INFO]   Queries: definidas en el módulo
2026-09-06 01:45:48,461 [INFO] ============================================================
2026-09-06 01:45:48,506 [INFO] DB lista: /media/carlos-a-cicconi/Common1/Repositorios-Ing.Carlos-Cicconi/Trabajo_Final_MCD/data/raw/jobrapido.db
2026-09-06 01:45:48,507 [INFO] Ejecutando diagnóstico de Jobrapido...
2026-09-06 01:45:52,053 [INFO]   https://ar.jobrapido.com/Ofertas-de-trabajo-para-Python?l=Argentina → HTTP 200 | 369,648 chars
2026-09-06 01:45:52,110 [INFO]   <title>: Bolsa trabajo para Python, ofertas empleo | Jobrapido.com
2026-09-06 01:45:52,111 [INFO]   JS-only:False
2026-09-06 01:45:52,114 [INFO]   Clase 'job': 56 | ejemplo: search google-one-tap-enabled smartphone-banner-enabled not-
2026-09-06 01:45:52,117 [INFO]   Clase 'result': 261 | ejemplo: wrapper result-list
2026-09-06 01:45:52,123 [INFO]   Clase 'item': 289 | ejemplo: suggested-locations-item
2026-09-06 01:45:52,132 [INFO]   Links de oferta: 20
2026-09-06 01:45:52,132 [INFO]     https://open.app.jobrapido.com/ar/3705923438423048192/?w=python&l=&oc=sponsored&k=web.1.1.0&uuid=arF001a075406b363919&page_item_id=128767301 | Open job preview for: Senior Python Engineer  - Rosario
2026-09-06 01:45:52,132 [INFO]     https://open.app.jobrapido.com/ar/8284025819072823296/?w=python&l=&oc=sponsored&k=web.1.1.1&uuid=arF001a075406b363919&page_item_id=-1471337727 | Open job preview for: Desarrollador/a Fullstack (React + Pyt
2026-09-06 01:45:52,132 [INFO]     https://open.app.jobrapido.com/ar/4397388554326507520/?w=python&l=&oc=sponsored&k=web.1.1.2&uuid=arF001a075406b363919&page_item_id=1494882191 | Open job preview for: Data Engineer: Python + AWS + DBT | Re
2026-09-06 01:45:52,135 [INFO]   Paginación: 1
2026-09-06 01:45:52,135 [INFO] JobrapidoScraper inicializado
2026-09-06 01:45:52,135 [INFO] ============================================================
2026-09-06 01:45:52,135 [INFO] INICIO - Jobrapido Argentina
2026-09-06 01:45:52,135 [INFO] 
🔍 'Data Scientist'
2026-09-06 01:45:52,135 [INFO]    Página 1/5
2026-09-06 01:45:57,645 [INFO]    → 20 encontradas
2026-09-06 01:48:00,774 [INFO]    Página 2/5
2026-09-06 01:48:04,876 [INFO]    → 20 encontradas
2026-09-06 01:50:13,372 [INFO]    Página 3/5
2026-09-06 01:50:18,934 [INFO]    → 5 encontradas
2026-09-06 01:50:44,660 [INFO]    Página 4/5
2026-09-06 01:50:50,434 [INFO]    → 15 encontradas
2026-09-06 01:52:25,207 [INFO]    Página 5/5
2026-09-06 01:52:31,451 [INFO]    → 20 encontradas
2026-09-06 01:54:29,027 [INFO] CSV: 80 exportadas
2026-09-06 01:54:29,027 [INFO] ✅ 'Data Scientist': 80 guardadas
2026-09-06 01:54:34,346 [INFO] 
🔍 'Data Analyst'
2026-09-06 01:54:34,347 [INFO]    Página 1/5
2026-09-06 01:54:39,998 [INFO]    → 20 encontradas
2026-09-06 01:56:44,949 [INFO]    Página 2/5
2026-09-06 01:56:51,335 [INFO]    → 10 encontradas
2026-09-06 01:57:54,893 [INFO]    Página 3/5
2026-09-06 01:58:00,242 [INFO]    → 20 encontradas
2026-09-06 02:00:04,615 [INFO]    Página 4/5
2026-09-06 02:00:09,328 [WARNING]    Sin ofertas — HTML guardado en diagnostico/
2026-09-06 02:00:09,328 [INFO]    → 0 encontradas
2026-09-06 02:00:09,329 [INFO] CSV: 50 exportadas
2026-09-06 02:00:09,329 [INFO] ✅ 'Data Analyst': 50 guardadas
2026-09-06 02:00:14,528 [INFO] 
🔍 'Machine Learning Engineer'
2026-09-06 02:00:14,529 [INFO]    Página 1/5
2026-09-06 02:00:18,164 [INFO]    → 13 encontradas
2026-09-06 02:00:30,196 [WARNING] HTTP 503 (intento 1)
2026-09-06 02:02:02,384 [INFO]    Página 2/5
2026-09-06 02:02:08,613 [INFO]    → 12 encontradas
2026-09-06 02:03:27,581 [INFO]    Página 3/5
2026-09-06 02:03:32,559 [INFO]    → 18 encontradas
2026-09-06 02:05:32,824 [INFO]    Página 4/5
2026-09-06 02:05:38,332 [INFO]    → 15 encontradas
2026-09-06 02:07:12,572 [INFO]    Página 5/5
2026-09-06 02:07:18,430 [INFO]    → 20 encontradas
2026-09-06 02:09:22,936 [INFO] CSV: 78 exportadas
2026-09-06 02:09:22,936 [INFO] ✅ 'Machine Learning Engineer': 78 guardadas
2026-09-06 02:09:30,863 [INFO] 
🔍 'NLP Engineer'
2026-09-06 02:09:30,863 [INFO]    Página 1/5
2026-09-06 02:09:35,580 [INFO]    → 5 encontradas
2026-09-06 02:10:04,895 [INFO]    Página 2/5
2026-09-06 02:10:09,435 [INFO]    → 14 encontradas
2026-09-06 02:11:43,821 [INFO]    Página 3/5
2026-09-06 02:11:48,932 [INFO]    → 13 encontradas
2026-09-06 02:13:08,088 [INFO]    Página 4/5
2026-09-06 02:13:12,976 [INFO]    → 20 encontradas
2026-09-06 02:15:33,310 [INFO]    Página 5/5
2026-09-06 02:15:37,073 [INFO]    → 20 encontradas
2026-09-06 02:16:58,750 [ERROR] Error (intento 1): ('Connection aborted.', RemoteDisconnected('Remote end closed connection without response'))
2026-09-06 02:18:15,816 [INFO] CSV: 72 exportadas
2026-09-06 02:18:15,816 [INFO] ✅ 'NLP Engineer': 72 guardadas
2026-09-06 02:18:21,672 [INFO] 
🔍 'Data Engineer'
2026-09-06 02:18:21,672 [INFO]    Página 1/5
2026-09-06 02:18:26,768 [INFO]    → 13 encontradas
2026-09-06 02:19:50,383 [INFO]    Página 2/5
2026-09-06 02:19:53,603 [INFO]    → 15 encontradas
2026-09-06 02:21:27,404 [INFO]    Página 3/5
2026-09-06 02:21:32,781 [INFO]    → 17 encontradas
2026-09-06 02:23:20,854 [INFO]    Página 4/5
2026-09-06 02:23:25,219 [INFO]    → 20 encontradas
2026-09-06 02:25:32,637 [INFO]    Página 5/5
2026-09-06 02:25:38,276 [INFO]    → 19 encontradas
2026-09-06 02:27:44,576 [INFO] CSV: 84 exportadas
2026-09-06 02:27:44,577 [INFO] ✅ 'Data Engineer': 84 guardadas
2026-09-06 02:27:52,413 [INFO] 
🔍 'Software Engineer'
2026-09-06 02:27:52,413 [INFO]    Página 1/5
2026-09-06 02:27:56,827 [INFO]    → 16 encontradas
2026-09-06 02:29:32,128 [INFO]    Página 2/5
2026-09-06 02:29:37,420 [INFO]    → 3 encontradas
2026-09-06 02:29:56,337 [INFO]    Página 3/5
2026-09-06 02:30:01,711 [INFO]    → 7 encontradas
2026-09-06 02:30:46,305 [INFO]    Página 4/5
2026-09-06 02:30:52,055 [INFO]    → 7 encontradas
2026-09-06 02:31:36,268 [INFO]    Página 5/5
2026-09-06 02:31:40,957 [INFO]    → 9 encontradas
2026-09-06 02:32:36,216 [INFO] CSV: 42 exportadas
2026-09-06 02:32:36,217 [INFO] ✅ 'Software Engineer': 42 guardadas
2026-09-06 02:32:42,827 [INFO] 
🔍 'Python Developer'
2026-09-06 02:32:42,828 [INFO]    Página 1/5
2026-09-06 02:32:47,574 [INFO]    → 10 encontradas
2026-09-06 02:33:47,857 [INFO]    Página 2/5
2026-09-06 02:33:54,828 [INFO]    → 4 encontradas
2026-09-06 02:34:19,495 [INFO]    Página 3/5
2026-09-06 02:34:23,835 [INFO]    → 2 encontradas
2026-09-06 02:34:35,567 [INFO]    Página 4/5
2026-09-06 02:34:40,287 [INFO]    → 4 encontradas
2026-09-06 02:35:04,856 [INFO]    Página 5/5
2026-09-06 02:35:08,970 [INFO]    → 5 encontradas
2026-09-06 02:35:41,550 [INFO] CSV: 25 exportadas
2026-09-06 02:35:41,550 [INFO] ✅ 'Python Developer': 25 guardadas
2026-09-06 02:35:46,985 [INFO] 
🔍 'Desarrollador Backend'
2026-09-06 02:35:46,986 [INFO]    Página 1/5
2026-09-06 02:35:50,835 [INFO]    → 19 encontradas
2026-09-06 02:37:52,382 [INFO]    Página 2/5
2026-09-06 02:37:56,260 [INFO]    → 10 encontradas
2026-09-06 02:38:54,337 [INFO]    Página 3/5
2026-09-06 02:38:58,360 [INFO]    → 20 encontradas
2026-09-06 02:41:03,154 [INFO]    Página 4/5
2026-09-06 02:41:06,801 [WARNING]    Sin ofertas — HTML guardado en diagnostico/
2026-09-06 02:41:06,802 [INFO]    → 0 encontradas
2026-09-06 02:41:06,803 [INFO] CSV: 49 exportadas
2026-09-06 02:41:06,803 [INFO] ✅ 'Desarrollador Backend': 49 guardadas
2026-09-06 02:41:13,271 [INFO] 
🔍 'Desarrollador Full Stack'
2026-09-06 02:41:13,272 [INFO]    Página 1/5
2026-09-06 02:41:18,699 [INFO]    → 17 encontradas
2026-09-06 02:43:05,209 [INFO]    Página 2/5
2026-09-06 02:43:09,900 [INFO]    → 17 encontradas
2026-09-06 02:45:05,756 [INFO]    Página 3/5
2026-09-06 02:45:12,151 [INFO]    → 20 encontradas
2026-09-06 02:45:54,245 [ERROR] Error (intento 1): ('Connection aborted.', RemoteDisconnected('Remote end closed connection without response'))
2026-09-06 02:47:53,103 [INFO]    Página 4/5
2026-09-06 02:47:58,738 [INFO]    → 20 encontradas
2026-09-06 02:48:34,215 [ERROR] Error (intento 1): ('Connection aborted.', RemoteDisconnected('Remote end closed connection without response'))
2026-09-06 02:50:34,441 [INFO]    Página 5/5
2026-09-06 02:50:38,416 [INFO]    → 20 encontradas
2026-09-06 02:52:59,415 [ERROR] Error (intento 1): ('Connection aborted.', RemoteDisconnected('Remote end closed connection without response'))
2026-09-06 02:53:14,377 [INFO] CSV: 94 exportadas
2026-09-06 02:53:14,377 [INFO] ✅ 'Desarrollador Full Stack': 94 guardadas
2026-09-06 02:53:22,108 [INFO] 
🔍 'Ingeniero de Datos'
2026-09-06 02:53:22,108 [INFO]    Página 1/5
2026-09-06 02:53:27,810 [INFO]    → 17 encontradas
2026-09-06 02:55:14,751 [INFO]    Página 2/5
2026-09-06 02:55:19,076 [INFO]    → 20 encontradas
2026-09-06 02:57:24,814 [INFO]    Página 3/5
2026-09-06 02:57:29,533 [INFO]    → 20 encontradas
2026-09-06 02:59:39,278 [INFO]    Página 4/5
2026-09-06 02:59:45,873 [WARNING]    Sin ofertas — HTML guardado en diagnostico/
2026-09-06 02:59:45,874 [INFO]    → 0 encontradas
2026-09-06 02:59:45,875 [INFO] CSV: 57 exportadas
2026-09-06 02:59:45,875 [INFO] ✅ 'Ingeniero de Datos': 57 guardadas
2026-09-06 02:59:54,130 [INFO] 
============================================================
FINALIZADO — 631 ofertas
2026-09-06 02:59:54,139 [INFO]   ✅ jobrapido: 631 ofertas recopiladas
2026-09-06 02:59:54,147 [INFO] 
============================================================
2026-09-06 02:59:54,147 [INFO]   EJECUTANDO: jobleads (JobleadsScraper)
2026-09-06 02:59:54,147 [INFO]   Queries: definidas en el módulo
2026-09-06 02:59:54,148 [INFO] ============================================================
2026-09-06 02:59:54,225 [INFO] DB lista: /media/carlos-a-cicconi/Common1/Repositorios-Ing.Carlos-Cicconi/Trabajo_Final_MCD/data/raw/jobleads.db
2026-09-06 02:59:54,226 [INFO] Ejecutando diagnóstico de JobLeads...
2026-09-06 03:00:01,178 [INFO]   https://www.jobleads.com/ar/jobs?q=python → HTTP 200 | 332,218 chars | Final: https://www.jobleads.com/ar/jobs?q=python
2026-09-06 03:00:01,247 [INFO]   <title>: Trabajos en Argentina | JobLeads
2026-09-06 03:00:01,249 [INFO]   Links oferta detectados: 25
2026-09-06 03:00:01,250 [INFO]     /ar/job/software-engineer-qb-net-20260713--buenos-aires--e5a0da3494f286c6f4d4832bc3497a135 | Software Engineer (QB - .Net - 20260713)
2026-09-06 03:00:01,250 [INFO]     /ar/job/software-engineer-mobile-id76367--rosario--e8b8fb006cc4c78dfa5f5dbb4fb9e21c1 | Software Engineer (Mobile) Id76367
2026-09-06 03:00:01,250 [INFO]     /es/job/frontend-engineer-sr-id-00103--san-telmo--efb22739831726d7091b5771e5b06b75b | Frontend Engineer SR – ID #00103
2026-09-06 03:00:01,250 [INFO] JobleadsScraper inicializado (modo híbrido: requests + Playwright)
2026-09-06 03:00:01,250 [INFO] ============================================================
2026-09-06 03:00:01,250 [INFO] INICIO - JobLeads (modo híbrido: requests + Playwright)
2026-09-06 03:00:01,780 [INFO] Inicializando sesión Playwright en JobLeads...
2026-09-06 03:00:05,363 [INFO] 
🔍 'Data Scientist'
2026-09-06 03:00:05,363 [INFO]    Página 1/5
2026-09-06 03:00:10,104 [INFO]    → 23 encontradas
2026-09-06 03:02:07,929 [INFO]    Página 2/5
2026-09-06 03:02:14,514 [INFO]    → 2 encontradas
2026-09-06 03:02:25,576 [INFO]    Página 3/5
2026-09-06 03:02:30,600 [WARNING]    Sin ofertas HTML — guardado en diagnostico/jobleads_Data_Scientist.html
2026-09-06 03:02:30,600 [INFO]    → 0 encontradas
2026-09-06 03:02:30,601 [INFO] CSV: 25 exportadas
2026-09-06 03:02:30,601 [INFO] ✅ 'Data Scientist': 25 guardadas
2026-09-06 03:02:37,479 [INFO] 
🔍 'Data Analyst'
2026-09-06 03:02:37,479 [INFO]    Página 1/5
2026-09-06 03:02:42,980 [WARNING]    Sin ofertas HTML — guardado en diagnostico/jobleads_Data_Analyst.html
2026-09-06 03:02:42,981 [INFO]    → 0 encontradas
2026-09-06 03:02:42,981 [INFO] ✅ 'Data Analyst': 0 guardadas
2026-09-06 03:02:53,859 [INFO] 
🔍 'Machine Learning Engineer'
2026-09-06 03:02:53,860 [INFO]    Página 1/5
2026-09-06 03:03:00,268 [WARNING]    Sin ofertas HTML — guardado en diagnostico/jobleads_Machine_Learning_Engineer.html
2026-09-06 03:03:00,268 [INFO]    → 0 encontradas
2026-09-06 03:03:00,268 [INFO] ✅ 'Machine Learning Engineer': 0 guardadas
2026-09-06 03:03:09,534 [INFO] 
🔍 'NLP Engineer'
2026-09-06 03:03:09,535 [INFO]    Página 1/5
2026-09-06 03:03:17,041 [WARNING]    Sin ofertas HTML — guardado en diagnostico/jobleads_NLP_Engineer.html
2026-09-06 03:03:17,041 [INFO]    → 0 encontradas
2026-09-06 03:03:17,041 [INFO] ✅ 'NLP Engineer': 0 guardadas
2026-09-06 03:03:24,451 [INFO] 
🔍 'Data Engineer'
2026-09-06 03:03:24,451 [INFO]    Página 1/5
2026-09-06 03:03:30,850 [WARNING]    Sin ofertas HTML — guardado en diagnostico/jobleads_Data_Engineer.html
2026-09-06 03:03:30,850 [INFO]    → 0 encontradas
2026-09-06 03:03:30,850 [INFO] ✅ 'Data Engineer': 0 guardadas
2026-09-06 03:03:39,273 [INFO] 
🔍 'Software Engineer'
2026-09-06 03:03:39,274 [INFO]    Página 1/5
2026-09-06 03:03:45,531 [WARNING]    Sin ofertas HTML — guardado en diagnostico/jobleads_Software_Engineer.html
2026-09-06 03:03:45,532 [INFO]    → 0 encontradas
2026-09-06 03:03:45,532 [INFO] ✅ 'Software Engineer': 0 guardadas
2026-09-06 03:03:51,730 [INFO] 
🔍 'Python Developer'
2026-09-06 03:03:51,730 [INFO]    Página 1/5
2026-09-06 03:03:55,200 [WARNING]    Sin ofertas HTML — guardado en diagnostico/jobleads_Python_Developer.html
2026-09-06 03:03:55,201 [INFO]    → 0 encontradas
2026-09-06 03:03:55,201 [INFO] ✅ 'Python Developer': 0 guardadas
2026-09-06 03:04:04,814 [INFO] 
🔍 'Desarrollador Backend'
2026-09-06 03:04:04,815 [INFO]    Página 1/5
2026-09-06 03:04:08,861 [WARNING]    Sin ofertas HTML — guardado en diagnostico/jobleads_Desarrollador_Backend.html
2026-09-06 03:04:08,861 [INFO]    → 0 encontradas
2026-09-06 03:04:08,861 [INFO] ✅ 'Desarrollador Backend': 0 guardadas
2026-09-06 03:04:16,965 [INFO] 
🔍 'Desarrollador Full Stack'
2026-09-06 03:04:16,965 [INFO]    Página 1/5
2026-09-06 03:04:22,441 [WARNING]    Sin ofertas HTML — guardado en diagnostico/jobleads_Desarrollador_Full_Stack.html
2026-09-06 03:04:22,441 [INFO]    → 0 encontradas
2026-09-06 03:04:22,441 [INFO] ✅ 'Desarrollador Full Stack': 0 guardadas
2026-09-06 03:04:31,597 [INFO] 
🔍 'Ingeniero de Datos'
2026-09-06 03:04:31,597 [INFO]    Página 1/5
2026-09-06 03:04:35,643 [WARNING]    Sin ofertas HTML — guardado en diagnostico/jobleads_Ingeniero_de_Datos.html
2026-09-06 03:04:35,643 [INFO]    → 0 encontradas
2026-09-06 03:04:35,643 [INFO] ✅ 'Ingeniero de Datos': 0 guardadas
2026-09-06 03:04:44,667 [INFO] 
============================================================
FINALIZADO — 25 ofertas
2026-09-06 03:04:44,667 [INFO]   ✅ jobleads: 25 ofertas recopiladas
2026-09-06 03:04:44,670 [INFO] 
=================================================================
2026-09-06 03:04:44,670 [INFO]   FASE 2: CONSOLIDACIÓN
2026-09-06 03:04:44,670 [INFO] =================================================================
2026-09-06 03:04:44,671 [INFO] Consolidado DB lista: /media/carlos-a-cicconi/Common1/Repositorios-Ing.Carlos-Cicconi/Trabajo_Final_MCD/data/raw/consolidado/ofertas_consolidadas.db
2026-09-06 03:04:44,692 [INFO] 
  📂 Procesando: linkedin (linkedin.db)
2026-09-06 03:04:44,703 [INFO]   Leídas 1,005 ofertas de linkedin.db
2026-09-06 03:04:44,721 [INFO]   ✅ linkedin: leídas=1,005 | nuevas=23 | dup=920 | old=62
2026-09-06 03:04:44,721 [INFO] 
  📂 Procesando: computrabajo (computrabajo.db)
2026-09-06 03:04:44,726 [INFO]   Leídas 690 ofertas de computrabajo.db
2026-09-06 03:04:44,736 [INFO]   ✅ computrabajo: leídas=690 | nuevas=23 | dup=667 | old=0
2026-09-06 03:04:44,736 [INFO] 
  📂 Procesando: getonboard (getonboard.db)
2026-09-06 03:04:44,743 [INFO]   Leídas 556 ofertas de getonboard.db
2026-09-06 03:04:44,744 [INFO]   ✅ getonboard: leídas=556 | nuevas=0 | dup=550 | old=6
2026-09-06 03:04:44,744 [INFO] 
  📂 Procesando: bumeran (bumeran.db)
2026-09-06 03:04:44,745 [INFO]   Leídas 0 ofertas de bumeran.db
2026-09-06 03:04:44,745 [INFO]   ✅ bumeran: leídas=0 | nuevas=0 | dup=0 | old=0
2026-09-06 03:04:44,745 [INFO] 
  📂 Procesando: zonajobs (zonajobs.db)
2026-09-06 03:04:44,746 [INFO]   Leídas 0 ofertas de zonajobs.db
2026-09-06 03:04:44,746 [INFO]   ✅ zonajobs: leídas=0 | nuevas=0 | dup=0 | old=0
2026-09-06 03:04:44,746 [INFO] 
  📂 Procesando: workana (workana.db)
2026-09-06 03:04:44,747 [INFO]   Leídas 47 ofertas de workana.db
2026-09-06 03:04:44,754 [INFO]   ✅ workana: leídas=47 | nuevas=7 | dup=40 | old=0
2026-09-06 03:04:44,755 [INFO] 
  📂 Procesando: opcionempleo (opcionempleo.db)
2026-09-06 03:04:44,774 [INFO]   Leídas 1,494 ofertas de opcionempleo.db
2026-09-06 03:04:44,815 [INFO]   ✅ opcionempleo: leídas=1,494 | nuevas=572 | dup=922 | old=0
2026-09-06 03:04:44,816 [INFO] 
  📂 Procesando: jobomas (jobomas.db)
2026-09-06 03:04:44,816 [INFO]   Leídas 16 ofertas de jobomas.db
2026-09-06 03:04:44,817 [INFO]   ✅ jobomas: leídas=16 | nuevas=0 | dup=16 | old=0
2026-09-06 03:04:44,817 [INFO] 
  📂 Procesando: jobrapido (jobrapido.db)
2026-09-06 03:04:44,827 [INFO]   Leídas 1,309 ofertas de jobrapido.db
2026-09-06 03:04:44,834 [INFO]   ✅ jobrapido: leídas=1,309 | nuevas=12 | dup=1,297 | old=0
2026-09-06 03:04:44,835 [INFO] 
  📂 Procesando: jobleads (jobleads.db)
2026-09-06 03:04:44,836 [INFO]   Leídas 25 ofertas de jobleads.db
2026-09-06 03:04:44,846 [INFO]   ✅ jobleads: leídas=25 | nuevas=25 | dup=0 | old=0
2026-09-06 03:04:44,894 [INFO]   CSV consolidado actualizado: +662 filas → /media/carlos-a-cicconi/Common1/Repositorios-Ing.Carlos-Cicconi/Trabajo_Final_MCD/data/raw/consolidado/ofertas_consolidadas.csv
2026-09-06 03:04:44,894 [INFO] 
=================================================================
2026-09-06 03:04:44,894 [INFO]   RESUMEN FINAL
2026-09-06 03:04:44,894 [INFO] =================================================================
2026-09-06 03:04:44,900 [INFO]   Ofertas nuevas incorporadas : 662
2026-09-06 03:04:44,900 [INFO]   Descartadas (antigüedad)    : 68
2026-09-06 03:04:44,900 [INFO]   Descartadas (duplicado)     : 4,412
2026-09-06 03:04:44,900 [INFO]   Total acumulado en DB       : 10,380
2026-09-06 03:04:44,900 [INFO]   Ventana temporal aplicada   : últimos 90 días (desde 2026-06-08)
2026-09-06 03:04:44,900 [INFO]   Duración total              : 337m 56s
2026-09-06 03:04:44,900 [INFO] 
  Archivos de salida:
2026-09-06 03:04:44,900 [INFO]     DB : /media/carlos-a-cicconi/Common1/Repositorios-Ing.Carlos-Cicconi/Trabajo_Final_MCD/data/raw/consolidado/ofertas_consolidadas.db
2026-09-06 03:04:44,900 [INFO]     CSV: /media/carlos-a-cicconi/Common1/Repositorios-Ing.Carlos-Cicconi/Trabajo_Final_MCD/data/raw/consolidado/ofertas_consolidadas.csv
2026-09-06 03:04:44,900 [INFO]     Log: /media/carlos-a-cicconi/Common1/Repositorios-Ing.Carlos-Cicconi/Trabajo_Final_MCD/logs/run_scraping_20260905_212648.log
2026-09-06 03:04:44,900 [INFO] 
  Resultado por scraper:
2026-09-06 03:04:44,900 [INFO]     ✅ linkedin        | 🔧mod | ofertas=398 | tiempo=2036s
2026-09-06 03:04:44,900 [INFO]     ✅ computrabajo    | 🔧mod | ofertas=49 | tiempo=329s
2026-09-06 03:04:44,900 [INFO]     ✅ getonboard      | 🔧mod | ofertas=430 | tiempo=197s
2026-09-06 03:04:44,900 [INFO]     ✅ bumeran         | 🔧mod | ofertas=0 | tiempo=335s
2026-09-06 03:04:44,901 [INFO]     ✅ zonajobs        | 🔧mod | ofertas=0 | tiempo=333s
2026-09-06 03:04:44,901 [INFO]     ✅ workana         | 🔧mod | ofertas=21 | tiempo=635s
2026-09-06 03:04:44,901 [INFO]     ✅ opcionempleo    | 🔧mod | ofertas=968 | tiempo=11480s
2026-09-06 03:04:44,901 [INFO]     ✅ jobomas         | 🔧mod | ofertas=8 | tiempo=190s
2026-09-06 03:04:44,901 [INFO]     ✅ jobrapido       | 🔧mod | ofertas=631 | tiempo=4445s
2026-09-06 03:04:44,901 [INFO]     ✅ jobleads        | 🔧mod | ofertas=25 | tiempo=290s
2026-09-06 03:04:44,901 [INFO] 
  Por fuente (consolidación):
2026-09-06 03:04:44,901 [INFO]     linkedin       : nuevas=23 | dup=920 | old=62
2026-09-06 03:04:44,901 [INFO]     computrabajo   : nuevas=23 | dup=667 | old=0
2026-09-06 03:04:44,901 [INFO]     getonboard     : nuevas=0 | dup=550 | old=6
2026-09-06 03:04:44,901 [INFO]     bumeran        : nuevas=0 | dup=0 | old=0
2026-09-06 03:04:44,901 [INFO]     zonajobs       : nuevas=0 | dup=0 | old=0
2026-09-06 03:04:44,901 [INFO]     workana        : nuevas=7 | dup=40 | old=0
2026-09-06 03:04:44,901 [INFO]     opcionempleo   : nuevas=572 | dup=922 | old=0
2026-09-06 03:04:44,901 [INFO]     jobomas        : nuevas=0 | dup=16 | old=0
2026-09-06 03:04:44,901 [INFO]     jobrapido      : nuevas=12 | dup=1,297 | old=0
2026-09-06 03:04:44,901 [INFO]     jobleads       : nuevas=25 | dup=0 | old=0
2026-09-06 03:04:44,901 [INFO]     Reporte: /media/carlos-a-cicconi/Common1/Repositorios-Ing.Carlos-Cicconi/Trabajo_Final_MCD/data/raw/consolidado/run_20260906_030444.json
2026-09-06 03:04:44,902 [INFO] =================================================================
