2026-09-05 14:02:30,972 [INFO] 
=================================================================
2026-09-05 14:02:30,972 [INFO]   ORQUESTADOR DE SCRAPING — Tesis MCD
2026-09-05 14:02:30,972 [INFO]   Alumno: Cicconi, Carlos Alberto
2026-09-05 14:02:30,972 [INFO]   Universidad Austral — Maestría en Explotación de Datos
2026-09-05 14:02:30,972 [INFO] =================================================================
2026-09-05 14:02:30,972 [INFO]   Fecha/hora inicio : 2026-09-05 14:02:30
2026-09-05 14:02:30,972 [INFO]   Ventana temporal  : 90 días
2026-09-05 14:02:30,972 [INFO]   Scrapers activos  : 10
2026-09-05 14:02:30,972 [INFO]   Solo consolidar   : False
2026-09-05 14:02:30,972 [INFO]   Origen de queries : módulos (por defecto)
2026-09-05 14:02:30,973 [INFO] 
  Scrapers a ejecutar: ['linkedin', 'computrabajo', 'getonboard', 'bumeran', 'zonajobs', 'workana', 'opcionempleo', 'jobomas', 'jobrapido', 'jobleads']
2026-09-05 14:02:30,973 [INFO] 
============================================================
2026-09-05 14:02:30,973 [INFO]   EJECUTANDO: linkedin (LinkedInScraper)
2026-09-05 14:02:30,973 [INFO]   Queries: definidas en el módulo
2026-09-05 14:02:30,973 [INFO] ============================================================
2026-09-05 14:02:31,187 [INFO] Base de datos lista: /media/carlos-a-cicconi/Common1/Repositorios-Ing.Carlos-Cicconi/Trabajo_Final_MCD/data/raw/linkedin.db
2026-09-05 14:02:31,187 [INFO] LinkedInScraper inicializado correctamente
2026-09-05 14:02:31,187 [INFO] ============================================================
2026-09-05 14:02:31,187 [INFO] INICIO DEL SCRAPING - LinkedIn Jobs
2026-09-05 14:02:31,187 [INFO] Búsquedas: 10 | Páginas por búsqueda: 5
2026-09-05 14:02:31,187 [INFO] ============================================================
2026-09-05 14:02:31,187 [INFO] 
🔍 Buscando: 'Data Scientist' en 'Argentina'
2026-09-05 14:02:31,187 [INFO]    Página 1/5 → https://www.linkedin.com/jobs-guest/jobs/api/seeMoreJobPostings/search?keywords=Data%20Scientist&location=Argentina&start=0&f_WT=2
2026-09-05 14:02:36,877 [INFO]    → 10 ofertas nuevas encontradas
2026-09-05 14:03:19,128 [INFO]    Página 2/5 → https://www.linkedin.com/jobs-guest/jobs/api/seeMoreJobPostings/search?keywords=Data%20Scientist&location=Argentina&start=25&f_WT=2
2026-09-05 14:03:23,456 [INFO]    → 10 ofertas nuevas encontradas
2026-09-05 14:04:03,469 [INFO]    Página 3/5 → https://www.linkedin.com/jobs-guest/jobs/api/seeMoreJobPostings/search?keywords=Data%20Scientist&location=Argentina&start=50&f_WT=2
2026-09-05 14:04:06,427 [INFO]    → 10 ofertas nuevas encontradas
2026-09-05 14:04:48,279 [INFO]    Página 4/5 → https://www.linkedin.com/jobs-guest/jobs/api/seeMoreJobPostings/search?keywords=Data%20Scientist&location=Argentina&start=75&f_WT=2
2026-09-05 14:04:53,207 [INFO]    → 10 ofertas nuevas encontradas
2026-09-05 14:05:31,235 [INFO]    Página 5/5 → https://www.linkedin.com/jobs-guest/jobs/api/seeMoreJobPostings/search?keywords=Data%20Scientist&location=Argentina&start=100&f_WT=2
2026-09-05 14:05:35,211 [INFO]    → 10 ofertas nuevas encontradas
2026-09-05 14:06:15,904 [INFO] Exportadas 50 ofertas a CSV: /media/carlos-a-cicconi/Common1/Repositorios-Ing.Carlos-Cicconi/Trabajo_Final_MCD/data/raw/ofertas_linkedin_20260905.csv
2026-09-05 14:06:15,905 [INFO] ✅ 'Data Scientist': 50 ofertas guardadas
2026-09-05 14:06:15,905 [INFO] 
🔍 Buscando: 'Data Analyst' en 'Argentina'
2026-09-05 14:06:15,905 [INFO]    Página 1/5 → https://www.linkedin.com/jobs-guest/jobs/api/seeMoreJobPostings/search?keywords=Data%20Analyst&location=Argentina&start=0&f_WT=2
2026-09-05 14:06:21,376 [INFO]    → 10 ofertas nuevas encontradas
2026-09-05 14:07:02,150 [INFO]    Página 2/5 → https://www.linkedin.com/jobs-guest/jobs/api/seeMoreJobPostings/search?keywords=Data%20Analyst&location=Argentina&start=25&f_WT=2
2026-09-05 14:07:06,623 [INFO]    → 8 ofertas nuevas encontradas
2026-09-05 14:07:41,758 [INFO]    Página 3/5 → https://www.linkedin.com/jobs-guest/jobs/api/seeMoreJobPostings/search?keywords=Data%20Analyst&location=Argentina&start=50&f_WT=2
2026-09-05 14:07:47,151 [INFO]    → 10 ofertas nuevas encontradas
2026-09-05 14:08:32,228 [INFO]    Página 4/5 → https://www.linkedin.com/jobs-guest/jobs/api/seeMoreJobPostings/search?keywords=Data%20Analyst&location=Argentina&start=75&f_WT=2
2026-09-05 14:08:37,035 [INFO]    → 9 ofertas nuevas encontradas
2026-09-05 14:09:13,004 [INFO]    Página 5/5 → https://www.linkedin.com/jobs-guest/jobs/api/seeMoreJobPostings/search?keywords=Data%20Analyst&location=Argentina&start=100&f_WT=2
2026-09-05 14:09:17,232 [INFO]    → 9 ofertas nuevas encontradas
2026-09-05 14:09:57,957 [INFO] Exportadas 46 ofertas a CSV: /media/carlos-a-cicconi/Common1/Repositorios-Ing.Carlos-Cicconi/Trabajo_Final_MCD/data/raw/ofertas_linkedin_20260905.csv
2026-09-05 14:09:57,958 [INFO] ✅ 'Data Analyst': 46 ofertas guardadas
2026-09-05 14:09:57,958 [INFO] 
🔍 Buscando: 'Machine Learning Engineer' en 'Argentina'
2026-09-05 14:09:57,958 [INFO]    Página 1/5 → https://www.linkedin.com/jobs-guest/jobs/api/seeMoreJobPostings/search?keywords=Machine%20Learning%20Engineer&location=Argentina&start=0&f_WT=2
2026-09-05 14:10:03,311 [INFO]    → 7 ofertas nuevas encontradas
2026-09-05 14:10:35,981 [INFO]    Página 2/5 → https://www.linkedin.com/jobs-guest/jobs/api/seeMoreJobPostings/search?keywords=Machine%20Learning%20Engineer&location=Argentina&start=25&f_WT=2
2026-09-05 14:10:39,762 [INFO]    → 9 ofertas nuevas encontradas
2026-09-05 14:11:18,958 [INFO]    Página 3/5 → https://www.linkedin.com/jobs-guest/jobs/api/seeMoreJobPostings/search?keywords=Machine%20Learning%20Engineer&location=Argentina&start=50&f_WT=2
2026-09-05 14:11:23,472 [INFO]    → 9 ofertas nuevas encontradas
2026-09-05 14:12:01,262 [INFO]    Página 4/5 → https://www.linkedin.com/jobs-guest/jobs/api/seeMoreJobPostings/search?keywords=Machine%20Learning%20Engineer&location=Argentina&start=75&f_WT=2
2026-09-05 14:12:06,348 [INFO]    → 8 ofertas nuevas encontradas
2026-09-05 14:12:37,580 [INFO]    Página 5/5 → https://www.linkedin.com/jobs-guest/jobs/api/seeMoreJobPostings/search?keywords=Machine%20Learning%20Engineer&location=Argentina&start=100&f_WT=2
2026-09-05 14:12:41,422 [INFO]    → 9 ofertas nuevas encontradas
2026-09-05 14:13:15,417 [INFO] Exportadas 42 ofertas a CSV: /media/carlos-a-cicconi/Common1/Repositorios-Ing.Carlos-Cicconi/Trabajo_Final_MCD/data/raw/ofertas_linkedin_20260905.csv
2026-09-05 14:13:15,417 [INFO] ✅ 'Machine Learning Engineer': 42 ofertas guardadas
2026-09-05 14:13:15,417 [INFO] 
🔍 Buscando: 'NLP Engineer' en 'Argentina'
2026-09-05 14:13:15,417 [INFO]    Página 1/5 → https://www.linkedin.com/jobs-guest/jobs/api/seeMoreJobPostings/search?keywords=NLP%20Engineer&location=Argentina&start=0&f_WT=2
2026-09-05 14:13:20,228 [INFO]    → 5 ofertas nuevas encontradas
2026-09-05 14:13:36,876 [INFO]    Página 2/5 → https://www.linkedin.com/jobs-guest/jobs/api/seeMoreJobPostings/search?keywords=NLP%20Engineer&location=Argentina&start=25&f_WT=2
2026-09-05 14:13:42,200 [INFO]    → 4 ofertas nuevas encontradas
2026-09-05 14:13:58,768 [INFO]    Página 3/5 → https://www.linkedin.com/jobs-guest/jobs/api/seeMoreJobPostings/search?keywords=NLP%20Engineer&location=Argentina&start=50&f_WT=2
2026-09-05 14:14:03,797 [INFO]    → 7 ofertas nuevas encontradas
2026-09-05 14:14:33,479 [INFO]    Página 4/5 → https://www.linkedin.com/jobs-guest/jobs/api/seeMoreJobPostings/search?keywords=NLP%20Engineer&location=Argentina&start=75&f_WT=2
2026-09-05 14:14:36,782 [INFO]    → 6 ofertas nuevas encontradas
2026-09-05 14:15:00,828 [INFO]    Página 5/5 → https://www.linkedin.com/jobs-guest/jobs/api/seeMoreJobPostings/search?keywords=NLP%20Engineer&location=Argentina&start=100&f_WT=2
2026-09-05 14:15:06,276 [INFO]    → 6 ofertas nuevas encontradas
2026-09-05 14:15:28,524 [INFO] Exportadas 28 ofertas a CSV: /media/carlos-a-cicconi/Common1/Repositorios-Ing.Carlos-Cicconi/Trabajo_Final_MCD/data/raw/ofertas_linkedin_20260905.csv
2026-09-05 14:15:28,524 [INFO] ✅ 'NLP Engineer': 28 ofertas guardadas
2026-09-05 14:15:28,524 [INFO] 
🔍 Buscando: 'Data Engineer' en 'Argentina'
2026-09-05 14:15:28,525 [INFO]    Página 1/5 → https://www.linkedin.com/jobs-guest/jobs/api/seeMoreJobPostings/search?keywords=Data%20Engineer&location=Argentina&start=0&f_WT=2
2026-09-05 14:15:33,911 [INFO]    → 10 ofertas nuevas encontradas
2026-09-05 14:16:15,188 [INFO]    Página 2/5 → https://www.linkedin.com/jobs-guest/jobs/api/seeMoreJobPostings/search?keywords=Data%20Engineer&location=Argentina&start=25&f_WT=2
2026-09-05 14:16:18,768 [INFO]    → 10 ofertas nuevas encontradas
2026-09-05 14:16:59,829 [INFO]    Página 3/5 → https://www.linkedin.com/jobs-guest/jobs/api/seeMoreJobPostings/search?keywords=Data%20Engineer&location=Argentina&start=50&f_WT=2
2026-09-05 14:17:03,530 [INFO]    → 10 ofertas nuevas encontradas
2026-09-05 14:17:50,342 [INFO]    Página 4/5 → https://www.linkedin.com/jobs-guest/jobs/api/seeMoreJobPostings/search?keywords=Data%20Engineer&location=Argentina&start=75&f_WT=2
2026-09-05 14:17:55,236 [INFO]    → 9 ofertas nuevas encontradas
2026-09-05 14:18:33,961 [INFO]    Página 5/5 → https://www.linkedin.com/jobs-guest/jobs/api/seeMoreJobPostings/search?keywords=Data%20Engineer&location=Argentina&start=100&f_WT=2
2026-09-05 14:18:38,431 [INFO]    → 7 ofertas nuevas encontradas
2026-09-05 14:19:09,357 [INFO] Exportadas 46 ofertas a CSV: /media/carlos-a-cicconi/Common1/Repositorios-Ing.Carlos-Cicconi/Trabajo_Final_MCD/data/raw/ofertas_linkedin_20260905.csv
2026-09-05 14:19:09,358 [INFO] ✅ 'Data Engineer': 46 ofertas guardadas
2026-09-05 14:19:09,358 [INFO] 
🔍 Buscando: 'Software Engineer' en 'Argentina'
2026-09-05 14:19:09,358 [INFO]    Página 1/5 → https://www.linkedin.com/jobs-guest/jobs/api/seeMoreJobPostings/search?keywords=Software%20Engineer&location=Argentina&start=0&f_WT=2
2026-09-05 14:19:14,498 [INFO]    → 10 ofertas nuevas encontradas
2026-09-05 14:19:55,544 [INFO]    Página 2/5 → https://www.linkedin.com/jobs-guest/jobs/api/seeMoreJobPostings/search?keywords=Software%20Engineer&location=Argentina&start=25&f_WT=2
2026-09-05 14:19:59,439 [INFO]    → 10 ofertas nuevas encontradas
2026-09-05 14:20:44,370 [INFO]    Página 3/5 → https://www.linkedin.com/jobs-guest/jobs/api/seeMoreJobPostings/search?keywords=Software%20Engineer&location=Argentina&start=50&f_WT=2
2026-09-05 14:20:49,453 [INFO]    → 10 ofertas nuevas encontradas
2026-09-05 14:21:32,545 [INFO]    Página 4/5 → https://www.linkedin.com/jobs-guest/jobs/api/seeMoreJobPostings/search?keywords=Software%20Engineer&location=Argentina&start=75&f_WT=2
2026-09-05 14:21:37,892 [INFO]    → 10 ofertas nuevas encontradas
2026-09-05 14:22:19,259 [INFO]    Página 5/5 → https://www.linkedin.com/jobs-guest/jobs/api/seeMoreJobPostings/search?keywords=Software%20Engineer&location=Argentina&start=100&f_WT=2
2026-09-05 14:22:22,446 [INFO]    → 10 ofertas nuevas encontradas
2026-09-05 14:23:04,401 [INFO] Exportadas 50 ofertas a CSV: /media/carlos-a-cicconi/Common1/Repositorios-Ing.Carlos-Cicconi/Trabajo_Final_MCD/data/raw/ofertas_linkedin_20260905.csv
2026-09-05 14:23:04,401 [INFO] ✅ 'Software Engineer': 50 ofertas guardadas
2026-09-05 14:23:04,401 [INFO] 
🔍 Buscando: 'Python Developer' en 'Argentina'
2026-09-05 14:23:04,401 [INFO]    Página 1/5 → https://www.linkedin.com/jobs-guest/jobs/api/seeMoreJobPostings/search?keywords=Python%20Developer&location=Argentina&start=0&f_WT=2
2026-09-05 14:23:08,453 [INFO]    → 8 ofertas nuevas encontradas
2026-09-05 14:23:41,329 [INFO]    Página 2/5 → https://www.linkedin.com/jobs-guest/jobs/api/seeMoreJobPostings/search?keywords=Python%20Developer&location=Argentina&start=25&f_WT=2
2026-09-05 14:23:45,471 [INFO]    → 10 ofertas nuevas encontradas
2026-09-05 14:24:26,757 [INFO]    Página 3/5 → https://www.linkedin.com/jobs-guest/jobs/api/seeMoreJobPostings/search?keywords=Python%20Developer&location=Argentina&start=50&f_WT=2
2026-09-05 14:24:30,694 [INFO]    → 6 ofertas nuevas encontradas
2026-09-05 14:24:57,866 [INFO]    Página 4/5 → https://www.linkedin.com/jobs-guest/jobs/api/seeMoreJobPostings/search?keywords=Python%20Developer&location=Argentina&start=75&f_WT=2
2026-09-05 14:25:02,231 [INFO]    → 7 ofertas nuevas encontradas
2026-09-05 14:25:30,721 [INFO]    Página 5/5 → https://www.linkedin.com/jobs-guest/jobs/api/seeMoreJobPostings/search?keywords=Python%20Developer&location=Argentina&start=100&f_WT=2
2026-09-05 14:25:34,998 [INFO]    → 10 ofertas nuevas encontradas
2026-09-05 14:26:13,542 [INFO] Exportadas 41 ofertas a CSV: /media/carlos-a-cicconi/Common1/Repositorios-Ing.Carlos-Cicconi/Trabajo_Final_MCD/data/raw/ofertas_linkedin_20260905.csv
2026-09-05 14:26:13,542 [INFO] ✅ 'Python Developer': 41 ofertas guardadas
2026-09-05 14:26:13,542 [INFO] 
🔍 Buscando: 'Desarrollador Backend' en 'Argentina'
2026-09-05 14:26:13,542 [INFO]    Página 1/5 → https://www.linkedin.com/jobs-guest/jobs/api/seeMoreJobPostings/search?keywords=Desarrollador%20Backend&location=Argentina&start=0&f_WT=2
2026-09-05 14:26:18,216 [INFO]    → 8 ofertas nuevas encontradas
2026-09-05 14:26:51,929 [INFO]    Página 2/5 → https://www.linkedin.com/jobs-guest/jobs/api/seeMoreJobPostings/search?keywords=Desarrollador%20Backend&location=Argentina&start=25&f_WT=2
2026-09-05 14:26:56,910 [INFO]    → 8 ofertas nuevas encontradas
2026-09-05 14:27:24,061 [INFO]    Página 3/5 → https://www.linkedin.com/jobs-guest/jobs/api/seeMoreJobPostings/search?keywords=Desarrollador%20Backend&location=Argentina&start=50&f_WT=2
2026-09-05 14:27:27,945 [INFO]    → 7 ofertas nuevas encontradas
2026-09-05 14:27:58,833 [INFO]    Página 4/5 → https://www.linkedin.com/jobs-guest/jobs/api/seeMoreJobPostings/search?keywords=Desarrollador%20Backend&location=Argentina&start=75&f_WT=2
2026-09-05 14:28:03,804 [INFO]    → 9 ofertas nuevas encontradas
2026-09-05 14:28:38,859 [INFO]    Página 5/5 → https://www.linkedin.com/jobs-guest/jobs/api/seeMoreJobPostings/search?keywords=Desarrollador%20Backend&location=Argentina&start=100&f_WT=2
2026-09-05 14:28:44,375 [INFO]    → 7 ofertas nuevas encontradas
2026-09-05 14:29:10,336 [INFO] Exportadas 39 ofertas a CSV: /media/carlos-a-cicconi/Common1/Repositorios-Ing.Carlos-Cicconi/Trabajo_Final_MCD/data/raw/ofertas_linkedin_20260905.csv
2026-09-05 14:29:10,336 [INFO] ✅ 'Desarrollador Backend': 39 ofertas guardadas
2026-09-05 14:29:10,336 [INFO] 
🔍 Buscando: 'Desarrollador Full Stack' en 'Argentina'
2026-09-05 14:29:10,337 [INFO]    Página 1/5 → https://www.linkedin.com/jobs-guest/jobs/api/seeMoreJobPostings/search?keywords=Desarrollador%20Full%20Stack&location=Argentina&start=0&f_WT=2
2026-09-05 14:29:14,680 [INFO]    → 8 ofertas nuevas encontradas
2026-09-05 14:29:49,430 [INFO]    Página 2/5 → https://www.linkedin.com/jobs-guest/jobs/api/seeMoreJobPostings/search?keywords=Desarrollador%20Full%20Stack&location=Argentina&start=25&f_WT=2
2026-09-05 14:29:52,801 [INFO]    → 5 ofertas nuevas encontradas
2026-09-05 14:30:14,198 [INFO]    Página 3/5 → https://www.linkedin.com/jobs-guest/jobs/api/seeMoreJobPostings/search?keywords=Desarrollador%20Full%20Stack&location=Argentina&start=50&f_WT=2
2026-09-05 14:30:19,612 [INFO]    → 9 ofertas nuevas encontradas
2026-09-05 14:30:56,323 [INFO]    Página 4/5 → https://www.linkedin.com/jobs-guest/jobs/api/seeMoreJobPostings/search?keywords=Desarrollador%20Full%20Stack&location=Argentina&start=75&f_WT=2
2026-09-05 14:31:00,721 [INFO]    → 8 ofertas nuevas encontradas
2026-09-05 14:31:35,724 [INFO]    Página 5/5 → https://www.linkedin.com/jobs-guest/jobs/api/seeMoreJobPostings/search?keywords=Desarrollador%20Full%20Stack&location=Argentina&start=100&f_WT=2
2026-09-05 14:31:39,389 [INFO]    → 10 ofertas nuevas encontradas
2026-09-05 14:32:19,280 [INFO] Exportadas 40 ofertas a CSV: /media/carlos-a-cicconi/Common1/Repositorios-Ing.Carlos-Cicconi/Trabajo_Final_MCD/data/raw/ofertas_linkedin_20260905.csv
2026-09-05 14:32:19,280 [INFO] ✅ 'Desarrollador Full Stack': 40 ofertas guardadas
2026-09-05 14:32:19,280 [INFO] 
🔍 Buscando: 'Ingeniero de Datos' en 'Argentina'
2026-09-05 14:32:19,280 [INFO]    Página 1/5 → https://www.linkedin.com/jobs-guest/jobs/api/seeMoreJobPostings/search?keywords=Ingeniero%20de%20Datos&location=Argentina&start=0&f_WT=2
2026-09-05 14:32:24,405 [INFO]    → 4 ofertas nuevas encontradas
2026-09-05 14:32:40,572 [INFO]    Página 2/5 → https://www.linkedin.com/jobs-guest/jobs/api/seeMoreJobPostings/search?keywords=Ingeniero%20de%20Datos&location=Argentina&start=25&f_WT=2
2026-09-05 14:32:44,921 [INFO]    → 4 ofertas nuevas encontradas
2026-09-05 14:32:58,818 [INFO]    Página 3/5 → https://www.linkedin.com/jobs-guest/jobs/api/seeMoreJobPostings/search?keywords=Ingeniero%20de%20Datos&location=Argentina&start=50&f_WT=2
2026-09-05 14:33:03,978 [INFO]    → 3 ofertas nuevas encontradas
2026-09-05 14:33:19,301 [INFO]    Página 4/5 → https://www.linkedin.com/jobs-guest/jobs/api/seeMoreJobPostings/search?keywords=Ingeniero%20de%20Datos&location=Argentina&start=75&f_WT=2
2026-09-05 14:33:23,272 [INFO]    → 2 ofertas nuevas encontradas
2026-09-05 14:33:30,646 [INFO]    Página 5/5 → https://www.linkedin.com/jobs-guest/jobs/api/seeMoreJobPostings/search?keywords=Ingeniero%20de%20Datos&location=Argentina&start=100&f_WT=2
2026-09-05 14:33:35,365 [INFO]    → 5 ofertas nuevas encontradas
2026-09-05 14:33:56,359 [INFO] Exportadas 18 ofertas a CSV: /media/carlos-a-cicconi/Common1/Repositorios-Ing.Carlos-Cicconi/Trabajo_Final_MCD/data/raw/ofertas_linkedin_20260905.csv
2026-09-05 14:33:56,359 [INFO] ✅ 'Ingeniero de Datos': 18 ofertas guardadas
2026-09-05 14:33:56,359 [INFO] 
============================================================
2026-09-05 14:33:56,359 [INFO] SCRAPING FINALIZADO
2026-09-05 14:33:56,359 [INFO] Total de ofertas únicas recopiladas: 400
2026-09-05 14:33:56,359 [INFO] Base de datos: /media/carlos-a-cicconi/Common1/Repositorios-Ing.Carlos-Cicconi/Trabajo_Final_MCD/data/raw/linkedin.db
2026-09-05 14:33:56,359 [INFO] CSV exportado: /media/carlos-a-cicconi/Common1/Repositorios-Ing.Carlos-Cicconi/Trabajo_Final_MCD/data/raw/ofertas_linkedin_20260905.csv
2026-09-05 14:33:56,359 [INFO] Log guardado:  /media/carlos-a-cicconi/Common1/Repositorios-Ing.Carlos-Cicconi/Trabajo_Final_MCD/logs/scraper_20260905_140231.log
2026-09-05 14:33:56,359 [INFO] ============================================================
2026-09-05 14:33:56,360 [INFO] Estadísticas guardadas: /media/carlos-a-cicconi/Common1/Repositorios-Ing.Carlos-Cicconi/Trabajo_Final_MCD/data/raw/stats_linkedin_20260905_143356.json
2026-09-05 14:33:56,360 [INFO]   ✅ linkedin: 400 ofertas recopiladas
2026-09-05 14:33:56,362 [INFO] 
============================================================
2026-09-05 14:33:56,362 [INFO]   EJECUTANDO: computrabajo (ComputrabajoScraper)
2026-09-05 14:33:56,362 [INFO]   Queries: definidas en el módulo
2026-09-05 14:33:56,362 [INFO] ============================================================
2026-09-05 14:33:56,394 [INFO] Base de datos lista: /media/carlos-a-cicconi/Common1/Repositorios-Ing.Carlos-Cicconi/Trabajo_Final_MCD/data/raw/computrabajo.db
2026-09-05 14:33:56,394 [INFO] ComputrabajoScraper inicializado correctamente
2026-09-05 14:33:56,394 [INFO] ============================================================
2026-09-05 14:33:56,394 [INFO] INICIO DEL SCRAPING - Computrabajo Argentina
2026-09-05 14:33:56,394 [INFO] Búsquedas: 10 | Páginas por búsqueda: 5
2026-09-05 14:33:56,394 [INFO] ============================================================
2026-09-05 14:33:56,394 [INFO] 
🔍 Buscando: 'Data Scientist'
2026-09-05 14:33:56,394 [INFO]    Página 1/5 → https://www.computrabajo.com.ar/trabajo-de-data-scientist
2026-09-05 14:34:02,717 [INFO]    → 0 ofertas nuevas encontradas
2026-09-05 14:34:02,717 [INFO]    → Sin más resultados para esta búsqueda.
2026-09-05 14:34:02,717 [INFO] ✅ 'Data Scientist': 0 ofertas guardadas
2026-09-05 14:34:02,718 [INFO] 
🔍 Buscando: 'Data Analyst'
2026-09-05 14:34:02,718 [INFO]    Página 1/5 → https://www.computrabajo.com.ar/trabajo-de-data-analyst
2026-09-05 14:34:07,272 [INFO]    → 20 ofertas nuevas encontradas
2026-09-05 14:35:45,401 [INFO]    Página 2/5 → https://www.computrabajo.com.ar/trabajo-de-data-analyst?p=2
2026-09-05 14:35:51,166 [INFO]    → 18 ofertas nuevas encontradas
2026-09-05 14:37:29,662 [INFO]    Página 3/5 → https://www.computrabajo.com.ar/trabajo-de-data-analyst?p=3
2026-09-05 14:37:35,613 [INFO]    → 0 ofertas nuevas encontradas
2026-09-05 14:37:35,613 [INFO]    → Sin más resultados para esta búsqueda.
2026-09-05 14:37:35,621 [INFO] Exportadas 38 ofertas a CSV: /media/carlos-a-cicconi/Common1/Repositorios-Ing.Carlos-Cicconi/Trabajo_Final_MCD/data/raw/ofertas_computrabajo_20260905.csv
2026-09-05 14:37:35,621 [INFO] ✅ 'Data Analyst': 38 ofertas guardadas
2026-09-05 14:37:35,621 [INFO] 
🔍 Buscando: 'Machine Learning Engineer'
2026-09-05 14:37:35,622 [INFO]    Página 1/5 → https://www.computrabajo.com.ar/trabajo-de-machine-learning
2026-09-05 14:37:39,759 [INFO]    → 0 ofertas nuevas encontradas
2026-09-05 14:37:39,759 [INFO]    → Sin más resultados para esta búsqueda.
2026-09-05 14:37:39,759 [INFO] ✅ 'Machine Learning Engineer': 0 ofertas guardadas
2026-09-05 14:37:39,759 [INFO] 
🔍 Buscando: 'NLP Engineer'
2026-09-05 14:37:39,759 [INFO]    Página 1/5 → https://www.computrabajo.com.ar/trabajo-de-nlp-engineer
2026-09-05 14:37:44,471 [INFO]    → 0 ofertas nuevas encontradas
2026-09-05 14:37:44,471 [INFO]    → Sin más resultados para esta búsqueda.
2026-09-05 14:37:44,471 [INFO] ✅ 'NLP Engineer': 0 ofertas guardadas
2026-09-05 14:37:44,471 [INFO] 
🔍 Buscando: 'Data Engineer'
2026-09-05 14:37:44,471 [INFO]    Página 1/5 → https://www.computrabajo.com.ar/trabajo-de-data-engineer
2026-09-05 14:37:50,410 [INFO]    → 0 ofertas nuevas encontradas
2026-09-05 14:37:50,411 [INFO]    → Sin más resultados para esta búsqueda.
2026-09-05 14:37:50,411 [INFO] ✅ 'Data Engineer': 0 ofertas guardadas
2026-09-05 14:37:50,411 [INFO] 
🔍 Buscando: 'Software Engineer'
2026-09-05 14:37:50,411 [INFO]    Página 1/5 → https://www.computrabajo.com.ar/trabajo-de-software-engineer
2026-09-05 14:37:56,994 [INFO]    → 0 ofertas nuevas encontradas
2026-09-05 14:37:56,994 [INFO]    → Sin más resultados para esta búsqueda.
2026-09-05 14:37:56,994 [INFO] ✅ 'Software Engineer': 0 ofertas guardadas
2026-09-05 14:37:56,994 [INFO] 
🔍 Buscando: 'Python Developer'
2026-09-05 14:37:56,994 [INFO]    Página 1/5 → https://www.computrabajo.com.ar/trabajo-de-python
2026-09-05 14:38:02,875 [INFO]    → 20 ofertas nuevas encontradas
2026-09-05 14:39:38,474 [INFO]    Página 2/5 → https://www.computrabajo.com.ar/trabajo-de-python?p=2
2026-09-05 14:39:44,904 [INFO]    → 20 ofertas nuevas encontradas
2026-09-05 14:41:26,458 [INFO]    Página 3/5 → https://www.computrabajo.com.ar/trabajo-de-python?p=3
2026-09-05 14:41:32,294 [INFO]    → 20 ofertas nuevas encontradas
2026-09-05 14:43:06,505 [INFO]    Página 4/5 → https://www.computrabajo.com.ar/trabajo-de-python?p=4
2026-09-05 14:43:11,450 [INFO]    → 0 ofertas nuevas encontradas
2026-09-05 14:43:11,450 [INFO]    → Sin más resultados para esta búsqueda.
2026-09-05 14:43:11,459 [INFO] Exportadas 60 ofertas a CSV: /media/carlos-a-cicconi/Common1/Repositorios-Ing.Carlos-Cicconi/Trabajo_Final_MCD/data/raw/ofertas_computrabajo_20260905.csv
2026-09-05 14:43:11,459 [INFO] ✅ 'Python Developer': 60 ofertas guardadas
2026-09-05 14:43:11,459 [INFO] 
🔍 Buscando: 'Desarrollador Backend'
2026-09-05 14:43:11,460 [INFO]    Página 1/5 → https://www.computrabajo.com.ar/trabajo-de-desarrollador-backend
2026-09-05 14:43:15,837 [INFO]    → 0 ofertas nuevas encontradas
2026-09-05 14:43:15,837 [INFO]    → Sin más resultados para esta búsqueda.
2026-09-05 14:43:15,837 [INFO] ✅ 'Desarrollador Backend': 0 ofertas guardadas
2026-09-05 14:43:15,837 [INFO] 
🔍 Buscando: 'Desarrollador Full Stack'
2026-09-05 14:43:15,837 [INFO]    Página 1/5 → https://www.computrabajo.com.ar/trabajo-de-desarrollador-full-stack
2026-09-05 14:43:22,313 [INFO]    → 0 ofertas nuevas encontradas
2026-09-05 14:43:22,314 [INFO]    → Sin más resultados para esta búsqueda.
2026-09-05 14:43:22,314 [INFO] ✅ 'Desarrollador Full Stack': 0 ofertas guardadas
2026-09-05 14:43:22,321 [INFO] 
🔍 Buscando: 'Ingeniero de Datos'
2026-09-05 14:43:22,321 [INFO]    Página 1/5 → https://www.computrabajo.com.ar/trabajo-de-ingeniero-de-datos
2026-09-05 14:43:29,153 [INFO]    → 0 ofertas nuevas encontradas
2026-09-05 14:43:29,153 [INFO]    → Sin más resultados para esta búsqueda.
2026-09-05 14:43:29,153 [INFO] ✅ 'Ingeniero de Datos': 0 ofertas guardadas
2026-09-05 14:43:29,153 [INFO] 
============================================================
2026-09-05 14:43:29,153 [INFO] SCRAPING FINALIZADO - Computrabajo
2026-09-05 14:43:29,153 [INFO] Total de ofertas únicas recopiladas: 98
2026-09-05 14:43:29,153 [INFO] Base de datos : /media/carlos-a-cicconi/Common1/Repositorios-Ing.Carlos-Cicconi/Trabajo_Final_MCD/data/raw/computrabajo.db
2026-09-05 14:43:29,153 [INFO] CSV exportado : /media/carlos-a-cicconi/Common1/Repositorios-Ing.Carlos-Cicconi/Trabajo_Final_MCD/data/raw/ofertas_computrabajo_20260905.csv
2026-09-05 14:43:29,154 [INFO] Log guardado  : /media/carlos-a-cicconi/Common1/Repositorios-Ing.Carlos-Cicconi/Trabajo_Final_MCD/logs/computrabajo_scraper_20260905_143356.log
2026-09-05 14:43:29,154 [INFO] ============================================================
2026-09-05 14:43:29,161 [INFO] Estadísticas guardadas: /media/carlos-a-cicconi/Common1/Repositorios-Ing.Carlos-Cicconi/Trabajo_Final_MCD/data/raw/stats_computrabajo_20260905_144329.json
2026-09-05 14:43:29,162 [INFO]   ✅ computrabajo: 98 ofertas recopiladas
2026-09-05 14:43:29,168 [INFO] 
============================================================
2026-09-05 14:43:29,169 [INFO]   EJECUTANDO: getonboard (GetOnBoardScraper)
2026-09-05 14:43:29,169 [INFO]   Queries: definidas en el módulo
2026-09-05 14:43:29,169 [INFO] ============================================================
2026-09-05 14:43:29,174 [INFO] Base de datos lista: /media/carlos-a-cicconi/Common1/Repositorios-Ing.Carlos-Cicconi/Trabajo_Final_MCD/data/raw/getonboard.db
2026-09-05 14:43:29,174 [INFO] GetOnBoardScraper inicializado
2026-09-05 14:43:29,175 [INFO] ============================================================
2026-09-05 14:43:29,175 [INFO] INICIO DEL SCRAPING - GetOnBoard (API JSON)
2026-09-05 14:43:29,175 [INFO] Búsquedas: 10 | Páginas: 5
2026-09-05 14:43:29,175 [INFO] ============================================================
2026-09-05 14:43:29,175 [INFO] 
🔍 Buscando: 'Data Scientist'
2026-09-05 14:43:29,175 [INFO]    Página 1/5
2026-09-05 14:43:32,911 [INFO]    → 20 items recibidos
2026-09-05 14:43:32,940 [INFO]    → 20 ofertas nuevas guardadas en esta página
2026-09-05 14:43:32,940 [INFO]    Página 2/5
2026-09-05 14:43:36,587 [INFO]    → 3 items recibidos
2026-09-05 14:43:36,589 [INFO]    → 3 ofertas nuevas guardadas en esta página
2026-09-05 14:43:36,589 [INFO]    Página 3/5
2026-09-05 14:43:39,141 [INFO]    → 0 items recibidos
2026-09-05 14:43:39,141 [INFO]    → Sin más resultados.
2026-09-05 14:43:39,152 [INFO] Exportadas 23 ofertas a CSV: /media/carlos-a-cicconi/Common1/Repositorios-Ing.Carlos-Cicconi/Trabajo_Final_MCD/data/raw/ofertas_getonboard_20260905.csv
2026-09-05 14:43:39,152 [INFO] ✅ 'Data Scientist': 23 ofertas guardadas
2026-09-05 14:43:39,153 [INFO]    💤 Pausa: 5.6s
2026-09-05 14:43:44,752 [INFO] 
🔍 Buscando: 'Data Analyst'
2026-09-05 14:43:44,752 [INFO]    Página 1/5
2026-09-05 14:43:47,041 [INFO]    → 20 items recibidos
2026-09-05 14:43:47,048 [INFO]    → 19 ofertas nuevas guardadas en esta página
2026-09-05 14:43:47,048 [INFO]    Página 2/5
2026-09-05 14:43:49,286 [INFO]    → 20 items recibidos
2026-09-05 14:43:49,308 [INFO]    → 19 ofertas nuevas guardadas en esta página
2026-09-05 14:43:49,308 [INFO]    Página 3/5
2026-09-05 14:43:52,876 [INFO]    → 20 items recibidos
2026-09-05 14:43:52,881 [INFO]    → 19 ofertas nuevas guardadas en esta página
2026-09-05 14:43:52,881 [INFO]    Página 4/5
2026-09-05 14:43:55,461 [INFO]    → 20 items recibidos
2026-09-05 14:43:55,466 [INFO]    → 16 ofertas nuevas guardadas en esta página
2026-09-05 14:43:55,474 [INFO]    Página 5/5
2026-09-05 14:43:58,509 [INFO]    → 20 items recibidos
2026-09-05 14:43:58,514 [INFO]    → 15 ofertas nuevas guardadas en esta página
2026-09-05 14:43:58,521 [INFO] Exportadas 88 ofertas a CSV: /media/carlos-a-cicconi/Common1/Repositorios-Ing.Carlos-Cicconi/Trabajo_Final_MCD/data/raw/ofertas_getonboard_20260905.csv
2026-09-05 14:43:58,521 [INFO] ✅ 'Data Analyst': 88 ofertas guardadas
2026-09-05 14:43:58,521 [INFO]    💤 Pausa: 4.7s
2026-09-05 14:44:03,181 [INFO] 
🔍 Buscando: 'Machine Learning'
2026-09-05 14:44:03,182 [INFO]    Página 1/5
2026-09-05 14:44:06,495 [INFO]    → 20 items recibidos
2026-09-05 14:44:06,500 [INFO]    → 11 ofertas nuevas guardadas en esta página
2026-09-05 14:44:06,500 [INFO]    Página 2/5
2026-09-05 14:44:09,465 [INFO]    → 20 items recibidos
2026-09-05 14:44:09,469 [INFO]    → 10 ofertas nuevas guardadas en esta página
2026-09-05 14:44:09,469 [INFO]    Página 3/5
2026-09-05 14:44:11,727 [INFO]    → 20 items recibidos
2026-09-05 14:44:11,732 [INFO]    → 15 ofertas nuevas guardadas en esta página
2026-09-05 14:44:11,734 [INFO]    Página 4/5
2026-09-05 14:44:15,292 [INFO]    → 5 items recibidos
2026-09-05 14:44:15,294 [INFO]    → 3 ofertas nuevas guardadas en esta página
2026-09-05 14:44:15,295 [INFO]    Página 5/5
2026-09-05 14:44:17,347 [INFO]    → 0 items recibidos
2026-09-05 14:44:17,347 [INFO]    → Sin más resultados.
2026-09-05 14:44:17,361 [INFO] Exportadas 39 ofertas a CSV: /media/carlos-a-cicconi/Common1/Repositorios-Ing.Carlos-Cicconi/Trabajo_Final_MCD/data/raw/ofertas_getonboard_20260905.csv
2026-09-05 14:44:17,361 [INFO] ✅ 'Machine Learning': 39 ofertas guardadas
2026-09-05 14:44:17,361 [INFO]    💤 Pausa: 5.5s
2026-09-05 14:44:22,878 [INFO] 
🔍 Buscando: 'NLP'
2026-09-05 14:44:22,878 [INFO]    Página 1/5
2026-09-05 14:44:25,545 [INFO]    → 20 items recibidos
2026-09-05 14:44:25,563 [INFO]    → 14 ofertas nuevas guardadas en esta página
2026-09-05 14:44:25,563 [INFO]    Página 2/5
2026-09-05 14:44:28,645 [INFO]    → 20 items recibidos
2026-09-05 14:44:28,666 [INFO]    → 16 ofertas nuevas guardadas en esta página
2026-09-05 14:44:28,666 [INFO]    Página 3/5
2026-09-05 14:44:30,887 [INFO]    → 20 items recibidos
2026-09-05 14:44:30,891 [INFO]    → 14 ofertas nuevas guardadas en esta página
2026-09-05 14:44:30,891 [INFO]    Página 4/5
2026-09-05 14:44:33,329 [INFO]    → 20 items recibidos
2026-09-05 14:44:33,334 [INFO]    → 13 ofertas nuevas guardadas en esta página
2026-09-05 14:44:33,334 [INFO]    Página 5/5
2026-09-05 14:44:37,117 [INFO]    → 20 items recibidos
2026-09-05 14:44:37,122 [INFO]    → 15 ofertas nuevas guardadas en esta página
2026-09-05 14:44:37,135 [INFO] Exportadas 72 ofertas a CSV: /media/carlos-a-cicconi/Common1/Repositorios-Ing.Carlos-Cicconi/Trabajo_Final_MCD/data/raw/ofertas_getonboard_20260905.csv
2026-09-05 14:44:37,135 [INFO] ✅ 'NLP': 72 ofertas guardadas
2026-09-05 14:44:37,135 [INFO]    💤 Pausa: 6.5s
2026-09-05 14:44:43,610 [INFO] 
🔍 Buscando: 'Data Engineer'
2026-09-05 14:44:43,610 [INFO]    Página 1/5
2026-09-05 14:44:46,341 [INFO]    → 20 items recibidos
2026-09-05 14:44:46,344 [INFO]    → 2 ofertas nuevas guardadas en esta página
2026-09-05 14:44:46,345 [INFO]    Página 2/5
2026-09-05 14:44:48,714 [INFO]    → 20 items recibidos
2026-09-05 14:44:48,722 [INFO]    → 5 ofertas nuevas guardadas en esta página
2026-09-05 14:44:48,722 [INFO]    Página 3/5
2026-09-05 14:44:51,354 [INFO]    → 20 items recibidos
2026-09-05 14:44:51,360 [INFO]    → 4 ofertas nuevas guardadas en esta página
2026-09-05 14:44:51,360 [INFO]    Página 4/5
2026-09-05 14:44:53,923 [INFO]    → 20 items recibidos
2026-09-05 14:44:53,928 [INFO]    → 15 ofertas nuevas guardadas en esta página
2026-09-05 14:44:53,930 [INFO]    Página 5/5
2026-09-05 14:44:57,598 [INFO]    → 20 items recibidos
2026-09-05 14:44:57,601 [INFO]    → 11 ofertas nuevas guardadas en esta página
2026-09-05 14:44:57,612 [INFO] Exportadas 37 ofertas a CSV: /media/carlos-a-cicconi/Common1/Repositorios-Ing.Carlos-Cicconi/Trabajo_Final_MCD/data/raw/ofertas_getonboard_20260905.csv
2026-09-05 14:44:57,612 [INFO] ✅ 'Data Engineer': 37 ofertas guardadas
2026-09-05 14:44:57,612 [INFO]    💤 Pausa: 7.8s
2026-09-05 14:45:05,388 [INFO] 
🔍 Buscando: 'Software Engineer'
2026-09-05 14:45:05,388 [INFO]    Página 1/5
2026-09-05 14:45:08,578 [INFO]    → 20 items recibidos
2026-09-05 14:45:08,597 [INFO]    → 12 ofertas nuevas guardadas en esta página
2026-09-05 14:45:08,597 [INFO]    Página 2/5
2026-09-05 14:45:12,138 [INFO]    → 20 items recibidos
2026-09-05 14:45:12,151 [INFO]    → 10 ofertas nuevas guardadas en esta página
2026-09-05 14:45:12,151 [INFO]    Página 3/5
2026-09-05 14:45:14,391 [INFO]    → 20 items recibidos
2026-09-05 14:45:14,400 [INFO]    → 7 ofertas nuevas guardadas en esta página
2026-09-05 14:45:14,400 [INFO]    Página 4/5
2026-09-05 14:45:17,199 [INFO]    → 20 items recibidos
2026-09-05 14:45:17,201 [INFO]    → 5 ofertas nuevas guardadas en esta página
2026-09-05 14:45:17,206 [INFO]    Página 5/5
2026-09-05 14:45:20,553 [INFO]    → 20 items recibidos
2026-09-05 14:45:20,557 [INFO]    → 11 ofertas nuevas guardadas en esta página
2026-09-05 14:45:20,569 [INFO] Exportadas 45 ofertas a CSV: /media/carlos-a-cicconi/Common1/Repositorios-Ing.Carlos-Cicconi/Trabajo_Final_MCD/data/raw/ofertas_getonboard_20260905.csv
2026-09-05 14:45:20,569 [INFO] ✅ 'Software Engineer': 45 ofertas guardadas
2026-09-05 14:45:20,569 [INFO]    💤 Pausa: 5.1s
2026-09-05 14:45:25,639 [INFO] 
🔍 Buscando: 'Python'
2026-09-05 14:45:25,639 [INFO]    Página 1/5
2026-09-05 14:45:28,477 [INFO]    → 20 items recibidos
2026-09-05 14:45:28,479 [INFO]    → 5 ofertas nuevas guardadas en esta página
2026-09-05 14:45:28,479 [INFO]    Página 2/5
2026-09-05 14:45:30,910 [INFO]    → 20 items recibidos
2026-09-05 14:45:30,913 [INFO]    → 4 ofertas nuevas guardadas en esta página
2026-09-05 14:45:30,913 [INFO]    Página 3/5
2026-09-05 14:45:33,089 [INFO]    → 20 items recibidos
2026-09-05 14:45:33,091 [INFO]    → 7 ofertas nuevas guardadas en esta página
2026-09-05 14:45:33,091 [INFO]    Página 4/5
2026-09-05 14:45:35,210 [INFO]    → 20 items recibidos
2026-09-05 14:45:35,215 [INFO]    → 6 ofertas nuevas guardadas en esta página
2026-09-05 14:45:35,215 [INFO]    Página 5/5
2026-09-05 14:45:38,103 [INFO]    → 20 items recibidos
2026-09-05 14:45:38,105 [INFO]    → 5 ofertas nuevas guardadas en esta página
2026-09-05 14:45:38,115 [INFO] Exportadas 27 ofertas a CSV: /media/carlos-a-cicconi/Common1/Repositorios-Ing.Carlos-Cicconi/Trabajo_Final_MCD/data/raw/ofertas_getonboard_20260905.csv
2026-09-05 14:45:38,115 [INFO] ✅ 'Python': 27 ofertas guardadas
2026-09-05 14:45:38,115 [INFO]    💤 Pausa: 4.5s
2026-09-05 14:45:42,650 [INFO] 
🔍 Buscando: 'Backend'
2026-09-05 14:45:42,650 [INFO]    Página 1/5
2026-09-05 14:45:45,047 [INFO]    → 20 items recibidos
2026-09-05 14:45:45,050 [INFO]    → 7 ofertas nuevas guardadas en esta página
2026-09-05 14:45:45,050 [INFO]    Página 2/5
2026-09-05 14:45:47,787 [INFO]    → 20 items recibidos
2026-09-05 14:45:47,799 [INFO]    → 9 ofertas nuevas guardadas en esta página
2026-09-05 14:45:47,800 [INFO]    Página 3/5
2026-09-05 14:45:50,431 [INFO]    → 20 items recibidos
2026-09-05 14:45:50,433 [INFO]    → 7 ofertas nuevas guardadas en esta página
2026-09-05 14:45:50,438 [INFO]    Página 4/5
2026-09-05 14:45:52,978 [INFO]    → 20 items recibidos
2026-09-05 14:45:52,981 [INFO]    → 7 ofertas nuevas guardadas en esta página
2026-09-05 14:45:52,981 [INFO]    Página 5/5
2026-09-05 14:45:56,056 [INFO]    → 20 items recibidos
2026-09-05 14:45:56,066 [INFO]    → 8 ofertas nuevas guardadas en esta página
2026-09-05 14:45:56,084 [INFO] Exportadas 38 ofertas a CSV: /media/carlos-a-cicconi/Common1/Repositorios-Ing.Carlos-Cicconi/Trabajo_Final_MCD/data/raw/ofertas_getonboard_20260905.csv
2026-09-05 14:45:56,084 [INFO] ✅ 'Backend': 38 ofertas guardadas
2026-09-05 14:45:56,084 [INFO]    💤 Pausa: 6.1s
2026-09-05 14:46:02,231 [INFO] 
🔍 Buscando: 'Full Stack'
2026-09-05 14:46:02,232 [INFO]    Página 1/5
2026-09-05 14:46:04,998 [INFO]    → 20 items recibidos
2026-09-05 14:46:05,011 [INFO]    → 2 ofertas nuevas guardadas en esta página
2026-09-05 14:46:05,011 [INFO]    Página 2/5
2026-09-05 14:46:08,054 [INFO]    → 20 items recibidos
2026-09-05 14:46:08,056 [INFO]    → 3 ofertas nuevas guardadas en esta página
2026-09-05 14:46:08,061 [INFO]    Página 3/5
2026-09-05 14:46:12,052 [INFO]    → 20 items recibidos
2026-09-05 14:46:12,056 [INFO]    → 2 ofertas nuevas guardadas en esta página
2026-09-05 14:46:12,056 [INFO]    Página 4/5
2026-09-05 14:46:14,526 [INFO]    → 20 items recibidos
2026-09-05 14:46:14,536 [INFO]    → 8 ofertas nuevas guardadas en esta página
2026-09-05 14:46:14,537 [INFO]    Página 5/5
2026-09-05 14:46:17,377 [INFO]    → 20 items recibidos
2026-09-05 14:46:17,398 [INFO]    → 17 ofertas nuevas guardadas en esta página
2026-09-05 14:46:17,414 [INFO] Exportadas 32 ofertas a CSV: /media/carlos-a-cicconi/Common1/Repositorios-Ing.Carlos-Cicconi/Trabajo_Final_MCD/data/raw/ofertas_getonboard_20260905.csv
2026-09-05 14:46:17,415 [INFO] ✅ 'Full Stack': 32 ofertas guardadas
2026-09-05 14:46:17,415 [INFO]    💤 Pausa: 7.7s
2026-09-05 14:46:25,078 [INFO] 
🔍 Buscando: 'Ingeniero de Datos'
2026-09-05 14:46:25,079 [INFO]    Página 1/5
2026-09-05 14:46:28,439 [INFO]    → 20 items recibidos
2026-09-05 14:46:28,446 [INFO]    → 6 ofertas nuevas guardadas en esta página
2026-09-05 14:46:28,446 [INFO]    Página 2/5
2026-09-05 14:46:32,226 [INFO]    → 20 items recibidos
2026-09-05 14:46:32,230 [INFO]    → 13 ofertas nuevas guardadas en esta página
2026-09-05 14:46:32,230 [INFO]    Página 3/5
2026-09-05 14:46:35,805 [INFO]    → 11 items recibidos
2026-09-05 14:46:35,810 [INFO]    → 10 ofertas nuevas guardadas en esta página
2026-09-05 14:46:35,810 [INFO]    Página 4/5
2026-09-05 14:46:39,480 [INFO]    → 0 items recibidos
2026-09-05 14:46:39,480 [INFO]    → Sin más resultados.
2026-09-05 14:46:39,494 [INFO] Exportadas 29 ofertas a CSV: /media/carlos-a-cicconi/Common1/Repositorios-Ing.Carlos-Cicconi/Trabajo_Final_MCD/data/raw/ofertas_getonboard_20260905.csv
2026-09-05 14:46:39,495 [INFO] ✅ 'Ingeniero de Datos': 29 ofertas guardadas
2026-09-05 14:46:39,495 [INFO]    💤 Pausa: 4.2s
2026-09-05 14:46:43,743 [INFO] 
============================================================
2026-09-05 14:46:43,744 [INFO] SCRAPING FINALIZADO - GetOnBoard
2026-09-05 14:46:43,744 [INFO] Total ofertas únicas: 430
2026-09-05 14:46:43,745 [INFO] DB : /media/carlos-a-cicconi/Common1/Repositorios-Ing.Carlos-Cicconi/Trabajo_Final_MCD/data/raw/getonboard.db
2026-09-05 14:46:43,745 [INFO] CSV: /media/carlos-a-cicconi/Common1/Repositorios-Ing.Carlos-Cicconi/Trabajo_Final_MCD/data/raw/ofertas_getonboard_20260905.csv
2026-09-05 14:46:43,745 [INFO] Log: /media/carlos-a-cicconi/Common1/Repositorios-Ing.Carlos-Cicconi/Trabajo_Final_MCD/logs/getonboard_scraper_20260905_144329.log
2026-09-05 14:46:43,745 [INFO] ============================================================
2026-09-05 14:46:43,754 [INFO]   ✅ getonboard: 430 ofertas recopiladas
2026-09-05 14:46:43,754 [INFO] 
============================================================
2026-09-05 14:46:43,755 [INFO]   EJECUTANDO: bumeran (BumeranScraper)
2026-09-05 14:46:43,755 [INFO]   Queries: definidas en el módulo
2026-09-05 14:46:43,755 [INFO] ============================================================
2026-09-05 14:46:43,811 [INFO] Base de datos lista: /media/carlos-a-cicconi/Common1/Repositorios-Ing.Carlos-Cicconi/Trabajo_Final_MCD/data/raw/bumeran.db
2026-09-05 14:46:43,811 [INFO] BumeranScraper (Playwright) inicializado
2026-09-05 14:46:44,314 [INFO] Inicializando sesión en Bumeran...
2026-09-05 14:47:01,833 [INFO] 
🔍 Buscando: 'Data Scientist'
2026-09-05 14:47:01,833 [INFO]    Página 1/5 → https://www.bumeran.com.ar/empleos-busqueda-data-scientist.html
2026-09-05 14:47:23,850 [INFO]    → 0 ofertas encontradas
2026-09-05 14:47:23,851 [INFO]    → Sin más resultados.
2026-09-05 14:47:23,858 [INFO] ✅ 'Data Scientist': 0 ofertas guardadas
2026-09-05 14:47:23,858 [INFO]    💤 Pausa: 7.2s
2026-09-05 14:47:31,104 [INFO] 
🔍 Buscando: 'Data Analyst'
2026-09-05 14:47:31,104 [INFO]    Página 1/5 → https://www.bumeran.com.ar/empleos-busqueda-data-analyst.html
2026-09-05 14:47:52,525 [INFO]    → 0 ofertas encontradas
2026-09-05 14:47:52,526 [INFO]    → Sin más resultados.
2026-09-05 14:47:52,526 [INFO] ✅ 'Data Analyst': 0 ofertas guardadas
2026-09-05 14:47:52,526 [INFO]    💤 Pausa: 11.4s
2026-09-05 14:48:03,939 [INFO] 
🔍 Buscando: 'Machine Learning Engineer'
2026-09-05 14:48:03,939 [INFO]    Página 1/5 → https://www.bumeran.com.ar/empleos-busqueda-machine-learning.html
2026-09-05 14:48:26,116 [INFO]    → 0 ofertas encontradas
2026-09-05 14:48:26,116 [INFO]    → Sin más resultados.
2026-09-05 14:48:26,116 [INFO] ✅ 'Machine Learning Engineer': 0 ofertas guardadas
2026-09-05 14:48:26,116 [INFO]    💤 Pausa: 12.9s
2026-09-05 14:48:39,115 [INFO] 
🔍 Buscando: 'NLP Engineer'
2026-09-05 14:48:39,115 [INFO]    Página 1/5 → https://www.bumeran.com.ar/empleos-busqueda-nlp.html
2026-09-05 14:49:00,302 [INFO]    → 0 ofertas encontradas
2026-09-05 14:49:00,302 [INFO]    → Sin más resultados.
2026-09-05 14:49:00,302 [INFO] ✅ 'NLP Engineer': 0 ofertas guardadas
2026-09-05 14:49:00,303 [INFO]    💤 Pausa: 12.6s
2026-09-05 14:49:12,989 [INFO] 
🔍 Buscando: 'Data Engineer'
2026-09-05 14:49:12,989 [INFO]    Página 1/5 → https://www.bumeran.com.ar/empleos-busqueda-data-engineer.html
2026-09-05 14:49:33,379 [INFO]    → 0 ofertas encontradas
2026-09-05 14:49:33,380 [INFO]    → Sin más resultados.
2026-09-05 14:49:33,380 [INFO] ✅ 'Data Engineer': 0 ofertas guardadas
2026-09-05 14:49:33,380 [INFO]    💤 Pausa: 8.4s
2026-09-05 14:49:41,795 [INFO] 
🔍 Buscando: 'Software Engineer'
2026-09-05 14:49:41,796 [INFO]    Página 1/5 → https://www.bumeran.com.ar/empleos-busqueda-software-engineer.html
2026-09-05 14:50:03,508 [INFO]    → 0 ofertas encontradas
2026-09-05 14:50:03,508 [INFO]    → Sin más resultados.
2026-09-05 14:50:03,508 [INFO] ✅ 'Software Engineer': 0 ofertas guardadas
2026-09-05 14:50:03,508 [INFO]    💤 Pausa: 9.7s
2026-09-05 14:50:13,222 [INFO] 
🔍 Buscando: 'Python Developer'
2026-09-05 14:50:13,223 [INFO]    Página 1/5 → https://www.bumeran.com.ar/empleos-busqueda-python.html
2026-09-05 14:50:33,754 [INFO]    → 0 ofertas encontradas
2026-09-05 14:50:33,755 [INFO]    → Sin más resultados.
2026-09-05 14:50:33,755 [INFO] ✅ 'Python Developer': 0 ofertas guardadas
2026-09-05 14:50:33,755 [INFO]    💤 Pausa: 7.8s
2026-09-05 14:50:41,607 [INFO] 
🔍 Buscando: 'Desarrollador Backend'
2026-09-05 14:50:41,608 [INFO]    Página 1/5 → https://www.bumeran.com.ar/empleos-busqueda-desarrollador-backend.html
2026-09-05 14:51:01,369 [INFO]    → 0 ofertas encontradas
2026-09-05 14:51:01,369 [INFO]    → Sin más resultados.
2026-09-05 14:51:01,369 [INFO] ✅ 'Desarrollador Backend': 0 ofertas guardadas
2026-09-05 14:51:01,369 [INFO]    💤 Pausa: 9.0s
2026-09-05 14:51:10,353 [INFO] 
🔍 Buscando: 'Desarrollador Full Stack'
2026-09-05 14:51:10,354 [INFO]    Página 1/5 → https://www.bumeran.com.ar/empleos-busqueda-desarrollador-full-stack.html
2026-09-05 14:51:29,720 [INFO]    → 0 ofertas encontradas
2026-09-05 14:51:29,720 [INFO]    → Sin más resultados.
2026-09-05 14:51:29,720 [INFO] ✅ 'Desarrollador Full Stack': 0 ofertas guardadas
2026-09-05 14:51:29,720 [INFO]    💤 Pausa: 9.4s
2026-09-05 14:51:39,091 [INFO] 
🔍 Buscando: 'Ingeniero de Datos'
2026-09-05 14:51:39,091 [INFO]    Página 1/5 → https://www.bumeran.com.ar/empleos-busqueda-ingeniero-de-datos.html
2026-09-05 14:51:59,223 [INFO]    → 0 ofertas encontradas
2026-09-05 14:51:59,223 [INFO]    → Sin más resultados.
2026-09-05 14:51:59,223 [INFO] ✅ 'Ingeniero de Datos': 0 ofertas guardadas
2026-09-05 14:51:59,223 [INFO]    💤 Pausa: 10.1s
2026-09-05 14:52:09,434 [INFO] 
============================================================
2026-09-05 14:52:09,434 [INFO] SCRAPING FINALIZADO - Bumeran Argentina
2026-09-05 14:52:09,434 [INFO] Total ofertas únicas: 0
2026-09-05 14:52:09,434 [INFO] DB : /media/carlos-a-cicconi/Common1/Repositorios-Ing.Carlos-Cicconi/Trabajo_Final_MCD/data/raw/bumeran.db
2026-09-05 14:52:09,434 [INFO] CSV: /media/carlos-a-cicconi/Common1/Repositorios-Ing.Carlos-Cicconi/Trabajo_Final_MCD/data/raw/ofertas_bumeran_20260905.csv
2026-09-05 14:52:09,434 [INFO] Log: /media/carlos-a-cicconi/Common1/Repositorios-Ing.Carlos-Cicconi/Trabajo_Final_MCD/logs/bumeran_scraper_20260905_144643.log
2026-09-05 14:52:09,434 [INFO] ============================================================
2026-09-05 14:52:09,435 [INFO]   ✅ bumeran: 0 ofertas recopiladas
2026-09-05 14:52:09,435 [INFO] 
============================================================
2026-09-05 14:52:09,435 [INFO]   EJECUTANDO: zonajobs (ZonaJobsScraper)
2026-09-05 14:52:09,435 [INFO]   Queries: definidas en el módulo
2026-09-05 14:52:09,435 [INFO] ============================================================
2026-09-05 14:52:09,438 [INFO] Base de datos lista: /media/carlos-a-cicconi/Common1/Repositorios-Ing.Carlos-Cicconi/Trabajo_Final_MCD/data/raw/zonajobs.db
2026-09-05 14:52:09,438 [INFO] ZonaJobsScraper (Playwright) inicializado
2026-09-05 14:52:09,945 [INFO] Inicializando sesión en ZonaJobs...
2026-09-05 14:52:28,096 [INFO] 
🔍 Buscando: 'Data Scientist'
2026-09-05 14:52:28,096 [INFO]    Página 1/5 → https://www.zonajobs.com.ar/empleos-busqueda-data-scientist.html
2026-09-05 14:52:49,868 [WARNING]    ⚠️  Sin ofertas. HTML guardado: zonajobs_rendered_Data_Scientist.html
2026-09-05 14:52:49,868 [INFO]    → 0 ofertas encontradas
2026-09-05 14:52:49,868 [INFO]    → Sin más resultados.
2026-09-05 14:52:49,869 [INFO] ✅ 'Data Scientist': 0 ofertas guardadas
2026-09-05 14:52:49,869 [INFO]    💤 Pausa: 11.2s
2026-09-05 14:53:01,123 [INFO] 
🔍 Buscando: 'Data Analyst'
2026-09-05 14:53:01,123 [INFO]    Página 1/5 → https://www.zonajobs.com.ar/empleos-busqueda-data-analyst.html
2026-09-05 14:53:21,630 [WARNING]    ⚠️  Sin ofertas. HTML guardado: zonajobs_rendered_Data_Analyst.html
2026-09-05 14:53:21,630 [INFO]    → 0 ofertas encontradas
2026-09-05 14:53:21,630 [INFO]    → Sin más resultados.
2026-09-05 14:53:21,630 [INFO] ✅ 'Data Analyst': 0 ofertas guardadas
2026-09-05 14:53:21,631 [INFO]    💤 Pausa: 7.8s
2026-09-05 14:53:29,515 [INFO] 
🔍 Buscando: 'Machine Learning Engineer'
2026-09-05 14:53:29,515 [INFO]    Página 1/5 → https://www.zonajobs.com.ar/empleos-busqueda-machine-learning.html
2026-09-05 14:53:49,377 [WARNING]    ⚠️  Sin ofertas. HTML guardado: zonajobs_rendered_Machine_Learning_Engineer.html
2026-09-05 14:53:49,377 [INFO]    → 0 ofertas encontradas
2026-09-05 14:53:49,378 [INFO]    → Sin más resultados.
2026-09-05 14:53:49,378 [INFO] ✅ 'Machine Learning Engineer': 0 ofertas guardadas
2026-09-05 14:53:49,378 [INFO]    💤 Pausa: 9.2s
2026-09-05 14:53:58,653 [INFO] 
🔍 Buscando: 'NLP Engineer'
2026-09-05 14:53:58,653 [INFO]    Página 1/5 → https://www.zonajobs.com.ar/empleos-busqueda-nlp.html
2026-09-05 14:54:20,421 [WARNING]    ⚠️  Sin ofertas. HTML guardado: zonajobs_rendered_NLP_Engineer.html
2026-09-05 14:54:20,421 [INFO]    → 0 ofertas encontradas
2026-09-05 14:54:20,421 [INFO]    → Sin más resultados.
2026-09-05 14:54:20,421 [INFO] ✅ 'NLP Engineer': 0 ofertas guardadas
2026-09-05 14:54:20,421 [INFO]    💤 Pausa: 11.3s
2026-09-05 14:54:31,763 [INFO] 
🔍 Buscando: 'Data Engineer'
2026-09-05 14:54:31,764 [INFO]    Página 1/5 → https://www.zonajobs.com.ar/empleos-busqueda-data-engineer.html
2026-09-05 14:54:53,886 [WARNING]    ⚠️  Sin ofertas. HTML guardado: zonajobs_rendered_Data_Engineer.html
2026-09-05 14:54:53,886 [INFO]    → 0 ofertas encontradas
2026-09-05 14:54:53,886 [INFO]    → Sin más resultados.
2026-09-05 14:54:53,887 [INFO] ✅ 'Data Engineer': 0 ofertas guardadas
2026-09-05 14:54:53,887 [INFO]    💤 Pausa: 9.3s
2026-09-05 14:55:03,275 [INFO] 
🔍 Buscando: 'Software Engineer'
2026-09-05 14:55:03,283 [INFO]    Página 1/5 → https://www.zonajobs.com.ar/empleos-busqueda-software-engineer.html
2026-09-05 14:55:25,101 [WARNING]    ⚠️  Sin ofertas. HTML guardado: zonajobs_rendered_Software_Engineer.html
2026-09-05 14:55:25,101 [INFO]    → 0 ofertas encontradas
2026-09-05 14:55:25,101 [INFO]    → Sin más resultados.
2026-09-05 14:55:25,101 [INFO] ✅ 'Software Engineer': 0 ofertas guardadas
2026-09-05 14:55:25,101 [INFO]    💤 Pausa: 8.9s
2026-09-05 14:55:34,027 [INFO] 
🔍 Buscando: 'Python Developer'
2026-09-05 14:55:34,028 [INFO]    Página 1/5 → https://www.zonajobs.com.ar/empleos-busqueda-python.html
2026-09-05 14:55:53,665 [WARNING]    ⚠️  Sin ofertas. HTML guardado: zonajobs_rendered_Python_Developer.html
2026-09-05 14:55:53,665 [INFO]    → 0 ofertas encontradas
2026-09-05 14:55:53,665 [INFO]    → Sin más resultados.
2026-09-05 14:55:53,665 [INFO] ✅ 'Python Developer': 0 ofertas guardadas
2026-09-05 14:55:53,665 [INFO]    💤 Pausa: 7.6s
2026-09-05 14:56:01,264 [INFO] 
🔍 Buscando: 'Desarrollador Backend'
2026-09-05 14:56:01,265 [INFO]    Página 1/5 → https://www.zonajobs.com.ar/empleos-busqueda-desarrollador-backend.html
2026-09-05 14:56:22,824 [WARNING]    ⚠️  Sin ofertas. HTML guardado: zonajobs_rendered_Desarrollador_Backend.html
2026-09-05 14:56:22,824 [INFO]    → 0 ofertas encontradas
2026-09-05 14:56:22,824 [INFO]    → Sin más resultados.
2026-09-05 14:56:22,824 [INFO] ✅ 'Desarrollador Backend': 0 ofertas guardadas
2026-09-05 14:56:22,824 [INFO]    💤 Pausa: 11.8s
2026-09-05 14:56:34,697 [INFO] 
🔍 Buscando: 'Desarrollador Full Stack'
2026-09-05 14:56:34,698 [INFO]    Página 1/5 → https://www.zonajobs.com.ar/empleos-busqueda-desarrollador-full-stack.html
2026-09-05 14:56:56,777 [WARNING]    ⚠️  Sin ofertas. HTML guardado: zonajobs_rendered_Desarrollador_Full_Stack.html
2026-09-05 14:56:56,777 [INFO]    → 0 ofertas encontradas
2026-09-05 14:56:56,777 [INFO]    → Sin más resultados.
2026-09-05 14:56:56,777 [INFO] ✅ 'Desarrollador Full Stack': 0 ofertas guardadas
2026-09-05 14:56:56,777 [INFO]    💤 Pausa: 10.7s
2026-09-05 14:57:07,471 [INFO] 
🔍 Buscando: 'Ingeniero de Datos'
2026-09-05 14:57:07,472 [INFO]    Página 1/5 → https://www.zonajobs.com.ar/empleos-busqueda-ingeniero-de-datos.html
2026-09-05 14:57:27,901 [WARNING]    ⚠️  Sin ofertas. HTML guardado: zonajobs_rendered_Ingeniero_de_Datos.html
2026-09-05 14:57:27,901 [INFO]    → 0 ofertas encontradas
2026-09-05 14:57:27,902 [INFO]    → Sin más resultados.
2026-09-05 14:57:27,902 [INFO] ✅ 'Ingeniero de Datos': 0 ofertas guardadas
2026-09-05 14:57:27,902 [INFO]    💤 Pausa: 10.2s
2026-09-05 14:57:38,164 [INFO] 
============================================================
2026-09-05 14:57:38,164 [INFO] SCRAPING FINALIZADO - ZonaJobs Argentina
2026-09-05 14:57:38,164 [INFO] Total ofertas únicas: 0
2026-09-05 14:57:38,164 [INFO] DB : /media/carlos-a-cicconi/Common1/Repositorios-Ing.Carlos-Cicconi/Trabajo_Final_MCD/data/raw/zonajobs.db
2026-09-05 14:57:38,165 [INFO] CSV: /media/carlos-a-cicconi/Common1/Repositorios-Ing.Carlos-Cicconi/Trabajo_Final_MCD/data/raw/ofertas_zonajobs_20260905.csv
2026-09-05 14:57:38,165 [INFO] Log: /media/carlos-a-cicconi/Common1/Repositorios-Ing.Carlos-Cicconi/Trabajo_Final_MCD/logs/zonajobs_scraper_20260905_145209.log
2026-09-05 14:57:38,165 [INFO] ============================================================
2026-09-05 14:57:38,165 [INFO]   ✅ zonajobs: 0 ofertas recopiladas
2026-09-05 14:57:38,165 [INFO] 
============================================================
2026-09-05 14:57:38,165 [INFO]   EJECUTANDO: workana (WorkanaScraper)
2026-09-05 14:57:38,165 [INFO]   Queries: definidas en el módulo
2026-09-05 14:57:38,165 [INFO] ============================================================
2026-09-05 14:57:38,171 [INFO] Base de datos lista: /media/carlos-a-cicconi/Common1/Repositorios-Ing.Carlos-Cicconi/Trabajo_Final_MCD/data/raw/workana.db
2026-09-05 14:57:38,171 [INFO] WorkanaScraper (Playwright) inicializado
2026-09-05 14:57:39,051 [INFO] Inicializando sesión en Workana...
2026-09-05 14:57:57,211 [INFO] 
🔍 Buscando: 'Data Scientist'
2026-09-05 14:57:57,211 [INFO]    Página 1/5 → https://www.workana.com/jobs?category=it-programming&language=es&country=AR&search=data+scientist&page=1
2026-09-05 14:58:08,043 [INFO]    → 7 ofertas nuevas encontradas
2026-09-05 15:00:19,744 [INFO]    Página 2/5 → https://www.workana.com/jobs?category=it-programming&language=es&country=AR&search=data+scientist&page=2
2026-09-05 15:00:29,763 [INFO]    → 7 ofertas nuevas encontradas
2026-09-05 15:02:37,065 [INFO]    Página 3/5 → https://www.workana.com/jobs?category=it-programming&language=es&country=AR&search=data+scientist&page=3
2026-09-05 15:02:47,448 [INFO]    → 7 ofertas nuevas encontradas
2026-09-05 15:04:58,637 [INFO]    Página 4/5 → https://www.workana.com/jobs?category=it-programming&language=es&country=AR&search=data+scientist&page=4
2026-09-05 15:05:07,917 [INFO]    → 7 ofertas nuevas encontradas
2026-09-05 15:07:21,199 [INFO]    Página 5/5 → https://www.workana.com/jobs?category=it-programming&language=es&country=AR&search=data+scientist&page=5
2026-09-05 15:07:30,823 [INFO]    → 7 ofertas nuevas encontradas
2026-09-05 15:09:38,260 [INFO] Exportadas 35 ofertas → /media/carlos-a-cicconi/Common1/Repositorios-Ing.Carlos-Cicconi/Trabajo_Final_MCD/data/raw/ofertas_workana_20260905.csv
2026-09-05 15:09:38,260 [INFO] ✅ 'Data Scientist': 35 ofertas guardadas
2026-09-05 15:09:38,260 [INFO]    💤 Pausa: 8.2s
2026-09-05 15:09:46,528 [INFO] 
🔍 Buscando: 'Data Analyst'
2026-09-05 15:09:46,529 [INFO]    Página 1/5 → https://www.workana.com/jobs?category=it-programming&language=es&country=AR&search=data+analyst&page=1
2026-09-05 15:09:55,113 [WARNING]    ⚠️  Sin ofertas parseadas.
2026-09-05 15:09:55,113 [INFO]    → 0 ofertas nuevas encontradas
2026-09-05 15:09:55,113 [INFO]    → Sin más resultados.
2026-09-05 15:09:55,113 [INFO] ✅ 'Data Analyst': 0 ofertas guardadas
2026-09-05 15:09:55,113 [INFO]    💤 Pausa: 9.3s
2026-09-05 15:10:04,490 [INFO] 
🔍 Buscando: 'Machine Learning Engineer'
2026-09-05 15:10:04,490 [INFO]    Página 1/5 → https://www.workana.com/jobs?category=it-programming&language=es&country=AR&search=machine+learning&page=1
2026-09-05 15:10:13,771 [WARNING]    ⚠️  Sin ofertas parseadas.
2026-09-05 15:10:13,771 [INFO]    → 0 ofertas nuevas encontradas
2026-09-05 15:10:13,771 [INFO]    → Sin más resultados.
2026-09-05 15:10:13,771 [INFO] ✅ 'Machine Learning Engineer': 0 ofertas guardadas
2026-09-05 15:10:13,772 [INFO]    💤 Pausa: 7.6s
2026-09-05 15:10:21,455 [INFO] 
🔍 Buscando: 'NLP Engineer'
2026-09-05 15:10:21,456 [INFO]    Página 1/5 → https://www.workana.com/jobs?category=it-programming&language=es&country=AR&search=nlp&page=1
2026-09-05 15:10:29,967 [WARNING]    ⚠️  Sin ofertas parseadas.
2026-09-05 15:10:29,967 [INFO]    → 0 ofertas nuevas encontradas
2026-09-05 15:10:29,967 [INFO]    → Sin más resultados.
2026-09-05 15:10:29,967 [INFO] ✅ 'NLP Engineer': 0 ofertas guardadas
2026-09-05 15:10:29,967 [INFO]    💤 Pausa: 6.8s
2026-09-05 15:10:36,808 [INFO] 
🔍 Buscando: 'Data Engineer'
2026-09-05 15:10:36,809 [INFO]    Página 1/5 → https://www.workana.com/jobs?category=it-programming&language=es&country=AR&search=data+engineer&page=1
2026-09-05 15:10:45,334 [WARNING]    ⚠️  Sin ofertas parseadas.
2026-09-05 15:10:45,334 [INFO]    → 0 ofertas nuevas encontradas
2026-09-05 15:10:45,334 [INFO]    → Sin más resultados.
2026-09-05 15:10:45,334 [INFO] ✅ 'Data Engineer': 0 ofertas guardadas
2026-09-05 15:10:45,334 [INFO]    💤 Pausa: 10.0s
2026-09-05 15:10:55,348 [INFO] 
🔍 Buscando: 'Python Developer'
2026-09-05 15:10:55,348 [INFO]    Página 1/5 → https://www.workana.com/jobs?category=it-programming&language=es&country=AR&search=python&page=1
2026-09-05 15:11:04,436 [WARNING]    ⚠️  Sin ofertas parseadas.
2026-09-05 15:11:04,436 [INFO]    → 0 ofertas nuevas encontradas
2026-09-05 15:11:04,436 [INFO]    → Sin más resultados.
2026-09-05 15:11:04,443 [INFO] ✅ 'Python Developer': 0 ofertas guardadas
2026-09-05 15:11:04,443 [INFO]    💤 Pausa: 7.0s
2026-09-05 15:11:11,416 [INFO] 
🔍 Buscando: 'Desarrollador Backend'
2026-09-05 15:11:11,416 [INFO]    Página 1/5 → https://www.workana.com/jobs?category=it-programming&language=es&country=AR&search=backend&page=1
2026-09-05 15:11:20,863 [WARNING]    ⚠️  Sin ofertas parseadas.
2026-09-05 15:11:20,864 [INFO]    → 0 ofertas nuevas encontradas
2026-09-05 15:11:20,864 [INFO]    → Sin más resultados.
2026-09-05 15:11:20,864 [INFO] ✅ 'Desarrollador Backend': 0 ofertas guardadas
2026-09-05 15:11:20,864 [INFO]    💤 Pausa: 7.1s
2026-09-05 15:11:28,030 [INFO] 
🔍 Buscando: 'Desarrollador Full Stack'
2026-09-05 15:11:28,031 [INFO]    Página 1/5 → https://www.workana.com/jobs?category=it-programming&language=es&country=AR&search=full+stack&page=1
2026-09-05 15:11:37,339 [WARNING]    ⚠️  Sin ofertas parseadas.
2026-09-05 15:11:37,339 [INFO]    → 0 ofertas nuevas encontradas
2026-09-05 15:11:37,339 [INFO]    → Sin más resultados.
2026-09-05 15:11:37,339 [INFO] ✅ 'Desarrollador Full Stack': 0 ofertas guardadas
2026-09-05 15:11:37,339 [INFO]    💤 Pausa: 9.0s
2026-09-05 15:11:46,384 [INFO] 
🔍 Buscando: 'Software Engineer'
2026-09-05 15:11:46,384 [INFO]    Página 1/5 → https://www.workana.com/jobs?category=it-programming&language=es&country=AR&search=software+engineer&page=1
2026-09-05 15:11:56,665 [WARNING]    ⚠️  Sin ofertas parseadas.
2026-09-05 15:11:56,665 [INFO]    → 0 ofertas nuevas encontradas
2026-09-05 15:11:56,665 [INFO]    → Sin más resultados.
2026-09-05 15:11:56,665 [INFO] ✅ 'Software Engineer': 0 ofertas guardadas
2026-09-05 15:11:56,666 [INFO]    💤 Pausa: 9.7s
2026-09-05 15:12:06,450 [INFO] 
🔍 Buscando: 'Ingeniero de Datos'
2026-09-05 15:12:06,451 [INFO]    Página 1/5 → https://www.workana.com/jobs?category=it-programming&language=es&country=AR&search=ingeniero+de+datos&page=1
2026-09-05 15:12:16,649 [WARNING]    ⚠️  Sin ofertas parseadas.
2026-09-05 15:12:16,650 [INFO]    → 0 ofertas nuevas encontradas
2026-09-05 15:12:16,650 [INFO]    → Sin más resultados.
2026-09-05 15:12:16,650 [INFO] ✅ 'Ingeniero de Datos': 0 ofertas guardadas
2026-09-05 15:12:16,650 [INFO]    💤 Pausa: 8.3s
2026-09-05 15:12:25,074 [INFO] 
============================================================
2026-09-05 15:12:25,075 [INFO] SCRAPING FINALIZADO - Workana
2026-09-05 15:12:25,075 [INFO] Total ofertas únicas: 35
2026-09-05 15:12:25,075 [INFO] DB : /media/carlos-a-cicconi/Common1/Repositorios-Ing.Carlos-Cicconi/Trabajo_Final_MCD/data/raw/workana.db
2026-09-05 15:12:25,075 [INFO] CSV: /media/carlos-a-cicconi/Common1/Repositorios-Ing.Carlos-Cicconi/Trabajo_Final_MCD/data/raw/ofertas_workana_20260905.csv
2026-09-05 15:12:25,075 [INFO] Log: /media/carlos-a-cicconi/Common1/Repositorios-Ing.Carlos-Cicconi/Trabajo_Final_MCD/logs/workana_scraper_20260905_145738.log
2026-09-05 15:12:25,075 [INFO] ============================================================
2026-09-05 15:12:25,075 [INFO]   ✅ workana: 35 ofertas recopiladas
2026-09-05 15:12:25,075 [INFO] 
============================================================
2026-09-05 15:12:25,075 [INFO]   EJECUTANDO: opcionempleo (OpcionempleoScraper)
2026-09-05 15:12:25,076 [INFO]   Queries: definidas en el módulo
2026-09-05 15:12:25,076 [INFO] ============================================================
2026-09-05 15:12:25,081 [INFO] Base de datos lista: /media/carlos-a-cicconi/Common1/Repositorios-Ing.Carlos-Cicconi/Trabajo_Final_MCD/data/raw/opcionempleo.db
2026-09-05 15:12:25,081 [INFO] OpcionempleoScraper (Playwright) inicializado
2026-09-05 15:12:25,938 [INFO] Inicializando sesión en OpcionEmpleo...
2026-09-05 15:12:25,939 [INFO] (Puede tardar hasta 20s mientras se resuelve el Turnstile)
2026-09-05 15:12:30,094 [INFO]    ⏳ Turnstile detectado — esperando resolución automática...
2026-09-05 15:12:30,163 [INFO]    ✅ Turnstile resuelto
2026-09-05 15:12:34,981 [INFO] 
🔍 Buscando: 'Data Scientist'
2026-09-05 15:12:34,988 [INFO]    Página 1/5 → https://www.opcionempleo.com.ar/trabajo-data-scientist.html
2026-09-05 15:12:44,227 [INFO]    ⏳ Turnstile detectado — esperando resolución automática...
2026-09-05 15:12:44,264 [INFO]    ✅ Turnstile resuelto
2026-09-05 15:12:48,089 [INFO]    → 20 ofertas encontradas
2026-09-05 15:12:55,532 [INFO]    ⏳ Turnstile detectado — esperando resolución automática...
2026-09-05 15:12:55,554 [INFO]    ✅ Turnstile resuelto
2026-09-05 15:13:05,875 [INFO]    ⏳ Turnstile detectado — esperando resolución automática...
2026-09-05 15:13:05,896 [INFO]    ✅ Turnstile resuelto
2026-09-05 15:13:16,603 [INFO]    ⏳ Turnstile detectado — esperando resolución automática...
2026-09-05 15:13:16,634 [INFO]    ✅ Turnstile resuelto
2026-09-05 15:13:28,926 [INFO]    ⏳ Turnstile detectado — esperando resolución automática...
2026-09-05 15:13:28,948 [INFO]    ✅ Turnstile resuelto
2026-09-05 15:13:39,912 [INFO]    ⏳ Turnstile detectado — esperando resolución automática...
2026-09-05 15:13:39,933 [INFO]    ✅ Turnstile resuelto
2026-09-05 15:13:51,319 [INFO]    ⏳ Turnstile detectado — esperando resolución automática...
2026-09-05 15:13:51,339 [INFO]    ✅ Turnstile resuelto
2026-09-05 15:14:01,481 [INFO]    ⏳ Turnstile detectado — esperando resolución automática...
2026-09-05 15:14:01,503 [INFO]    ✅ Turnstile resuelto
2026-09-05 15:14:11,627 [INFO]    ⏳ Turnstile detectado — esperando resolución automática...
2026-09-05 15:14:11,656 [INFO]    ✅ Turnstile resuelto
2026-09-05 15:14:22,919 [INFO]    ⏳ Turnstile detectado — esperando resolución automática...
2026-09-05 15:14:22,941 [INFO]    ✅ Turnstile resuelto
2026-09-05 15:14:33,309 [INFO]    ⏳ Turnstile detectado — esperando resolución automática...
2026-09-05 15:14:33,332 [INFO]    ✅ Turnstile resuelto
2026-09-05 15:14:45,089 [INFO]    ⏳ Turnstile detectado — esperando resolución automática...
2026-09-05 15:14:45,111 [INFO]    ✅ Turnstile resuelto
2026-09-05 15:14:56,044 [INFO]    ⏳ Turnstile detectado — esperando resolución automática...
2026-09-05 15:14:56,067 [INFO]    ✅ Turnstile resuelto
2026-09-05 15:15:06,998 [INFO]    ⏳ Turnstile detectado — esperando resolución automática...
2026-09-05 15:15:07,028 [INFO]    ✅ Turnstile resuelto
2026-09-05 15:15:17,319 [INFO]    ⏳ Turnstile detectado — esperando resolución automática...
2026-09-05 15:15:17,340 [INFO]    ✅ Turnstile resuelto
2026-09-05 15:15:30,843 [ERROR] Error Playwright en https://www.opcionempleo.com.ar/jobad/ard3d1d68388ba886e1e347aad5b5658f6: Page.goto: net::ERR_NETWORK_CHANGED at https://www.opcionempleo.com.ar/jobad/ard3d1d68388ba886e1e347aad5b5658f6
Call log:
  - navigating to "https://www.opcionempleo.com.ar/jobad/ard3d1d68388ba886e1e347aad5b5658f6", waiting until "domcontentloaded"

2026-09-05 15:15:39,201 [INFO]    ⏳ Turnstile detectado — esperando resolución automática...
2026-09-05 15:15:39,225 [INFO]    ✅ Turnstile resuelto
2026-09-05 15:15:51,133 [INFO]    ⏳ Turnstile detectado — esperando resolución automática...
2026-09-05 15:15:51,154 [INFO]    ✅ Turnstile resuelto
2026-09-05 15:16:01,145 [INFO]    ⏳ Turnstile detectado — esperando resolución automática...
2026-09-05 15:16:01,167 [INFO]    ✅ Turnstile resuelto
2026-09-05 15:16:12,895 [INFO]    ⏳ Turnstile detectado — esperando resolución automática...
2026-09-05 15:16:12,927 [INFO]    ✅ Turnstile resuelto
2026-09-05 15:16:23,072 [INFO]    ⏳ Turnstile detectado — esperando resolución automática...
2026-09-05 15:16:23,094 [INFO]    ✅ Turnstile resuelto
2026-09-05 15:16:27,110 [INFO]    Página 2/5 → https://www.opcionempleo.com.ar/trabajo-data-scientist.html?p=2
2026-09-05 15:16:36,616 [INFO]    ⏳ Turnstile detectado — esperando resolución automática...
2026-09-05 15:16:36,641 [INFO]    ✅ Turnstile resuelto
2026-09-05 15:16:40,447 [INFO]    → 20 ofertas encontradas
2026-09-05 15:16:48,431 [INFO]    ⏳ Turnstile detectado — esperando resolución automática...
2026-09-05 15:16:48,456 [INFO]    ✅ Turnstile resuelto
2026-09-05 15:16:59,276 [INFO]    ⏳ Turnstile detectado — esperando resolución automática...
2026-09-05 15:16:59,302 [INFO]    ✅ Turnstile resuelto
2026-09-05 15:17:09,649 [INFO]    ⏳ Turnstile detectado — esperando resolución automática...
2026-09-05 15:17:09,684 [INFO]    ✅ Turnstile resuelto
2026-09-05 15:17:22,237 [INFO]    ⏳ Turnstile detectado — esperando resolución automática...
2026-09-05 15:17:22,260 [INFO]    ✅ Turnstile resuelto
2026-09-05 15:17:34,277 [INFO]    ⏳ Turnstile detectado — esperando resolución automática...
2026-09-05 15:17:34,301 [INFO]    ✅ Turnstile resuelto
2026-09-05 15:17:44,213 [INFO]    ⏳ Turnstile detectado — esperando resolución automática...
2026-09-05 15:17:44,239 [INFO]    ✅ Turnstile resuelto
2026-09-05 15:17:55,423 [INFO]    ⏳ Turnstile detectado — esperando resolución automática...
2026-09-05 15:17:55,450 [INFO]    ✅ Turnstile resuelto
2026-09-05 15:18:07,797 [INFO]    ⏳ Turnstile detectado — esperando resolución automática...
2026-09-05 15:18:07,820 [INFO]    ✅ Turnstile resuelto
2026-09-05 15:18:17,781 [INFO]    ⏳ Turnstile detectado — esperando resolución automática...
2026-09-05 15:18:17,804 [INFO]    ✅ Turnstile resuelto
2026-09-05 15:18:27,995 [INFO]    ⏳ Turnstile detectado — esperando resolución automática...
2026-09-05 15:18:28,020 [INFO]    ✅ Turnstile resuelto
2026-09-05 15:18:38,902 [INFO]    ⏳ Turnstile detectado — esperando resolución automática...
2026-09-05 15:18:38,926 [INFO]    ✅ Turnstile resuelto
2026-09-05 15:18:50,473 [INFO]    ⏳ Turnstile detectado — esperando resolución automática...
2026-09-05 15:18:50,496 [INFO]    ✅ Turnstile resuelto
2026-09-05 15:19:01,050 [INFO]    ⏳ Turnstile detectado — esperando resolución automática...
2026-09-05 15:19:01,085 [INFO]    ✅ Turnstile resuelto
2026-09-05 15:19:12,446 [INFO]    ⏳ Turnstile detectado — esperando resolución automática...
2026-09-05 15:19:12,471 [INFO]    ✅ Turnstile resuelto
2026-09-05 15:19:25,445 [INFO]    ⏳ Turnstile detectado — esperando resolución automática...
2026-09-05 15:19:25,468 [INFO]    ✅ Turnstile resuelto
2026-09-05 15:19:37,202 [INFO]    ⏳ Turnstile detectado — esperando resolución automática...
2026-09-05 15:19:37,226 [INFO]    ✅ Turnstile resuelto
2026-09-05 15:19:49,234 [INFO]    ⏳ Turnstile detectado — esperando resolución automática...
2026-09-05 15:19:49,257 [INFO]    ✅ Turnstile resuelto
2026-09-05 15:20:01,340 [INFO]    ⏳ Turnstile detectado — esperando resolución automática...
2026-09-05 15:20:01,375 [INFO]    ✅ Turnstile resuelto
2026-09-05 15:20:11,322 [INFO]    ⏳ Turnstile detectado — esperando resolución automática...
2026-09-05 15:20:11,346 [INFO]    ✅ Turnstile resuelto
2026-09-05 15:20:22,764 [INFO]    ⏳ Turnstile detectado — esperando resolución automática...
2026-09-05 15:20:22,788 [INFO]    ✅ Turnstile resuelto
2026-09-05 15:20:26,130 [INFO]    Página 3/5 → https://www.opcionempleo.com.ar/trabajo-data-scientist.html?p=3
2026-09-05 15:20:35,358 [INFO]    ⏳ Turnstile detectado — esperando resolución automática...
2026-09-05 15:20:35,384 [INFO]    ✅ Turnstile resuelto
2026-09-05 15:20:39,258 [INFO]    → 20 ofertas encontradas
2026-09-05 15:21:28,466 [WARNING] Timeout: https://www.opcionempleo.com.ar/jobad/ar36078254c9c5993a9216724233cbdc5f
2026-09-05 15:21:35,401 [INFO]    ⏳ Turnstile detectado — esperando resolución automática...
2026-09-05 15:21:35,423 [INFO]    ✅ Turnstile resuelto
2026-09-05 15:21:46,089 [INFO]    ⏳ Turnstile detectado — esperando resolución automática...
2026-09-05 15:21:46,116 [INFO]    ✅ Turnstile resuelto
2026-09-05 15:21:56,903 [INFO]    ⏳ Turnstile detectado — esperando resolución automática...
2026-09-05 15:21:56,925 [INFO]    ✅ Turnstile resuelto
2026-09-05 15:22:08,069 [INFO]    ⏳ Turnstile detectado — esperando resolución automática...
2026-09-05 15:22:08,090 [INFO]    ✅ Turnstile resuelto
2026-09-05 15:22:22,714 [INFO]    ⏳ Turnstile detectado — esperando resolución automática...
2026-09-05 15:22:22,740 [INFO]    ✅ Turnstile resuelto
2026-09-05 15:22:34,484 [INFO]    ⏳ Turnstile detectado — esperando resolución automática...
2026-09-05 15:22:34,514 [INFO]    ✅ Turnstile resuelto
2026-09-05 15:22:44,870 [INFO]    ⏳ Turnstile detectado — esperando resolución automática...
2026-09-05 15:22:44,893 [INFO]    ✅ Turnstile resuelto
2026-09-05 15:22:55,866 [INFO]    ⏳ Turnstile detectado — esperando resolución automática...
2026-09-05 15:22:55,891 [INFO]    ✅ Turnstile resuelto
2026-09-05 15:23:07,545 [INFO]    ⏳ Turnstile detectado — esperando resolución automática...
2026-09-05 15:23:07,580 [INFO]    ✅ Turnstile resuelto
2026-09-05 15:23:18,092 [INFO]    ⏳ Turnstile detectado — esperando resolución automática...
2026-09-05 15:23:18,116 [INFO]    ✅ Turnstile resuelto
2026-09-05 15:23:28,364 [INFO]    ⏳ Turnstile detectado — esperando resolución automática...
2026-09-05 15:23:28,388 [INFO]    ✅ Turnstile resuelto
2026-09-05 15:23:40,638 [INFO]    ⏳ Turnstile detectado — esperando resolución automática...
2026-09-05 15:23:40,660 [INFO]    ✅ Turnstile resuelto
2026-09-05 15:23:52,955 [INFO]    ⏳ Turnstile detectado — esperando resolución automática...
2026-09-05 15:23:52,979 [INFO]    ✅ Turnstile resuelto
2026-09-05 15:24:03,923 [INFO]    ⏳ Turnstile detectado — esperando resolución automática...
2026-09-05 15:24:03,948 [INFO]    ✅ Turnstile resuelto
2026-09-05 15:24:15,842 [INFO]    ⏳ Turnstile detectado — esperando resolución automática...
2026-09-05 15:24:15,864 [INFO]    ✅ Turnstile resuelto
2026-09-05 15:24:26,406 [INFO]    ⏳ Turnstile detectado — esperando resolución automática...
2026-09-05 15:24:26,429 [INFO]    ✅ Turnstile resuelto
2026-09-05 15:24:39,287 [INFO]    ⏳ Turnstile detectado — esperando resolución automática...
2026-09-05 15:24:39,310 [INFO]    ✅ Turnstile resuelto
2026-09-05 15:24:51,674 [INFO]    ⏳ Turnstile detectado — esperando resolución automática...
2026-09-05 15:24:51,698 [INFO]    ✅ Turnstile resuelto
2026-09-05 15:25:03,366 [INFO]    ⏳ Turnstile detectado — esperando resolución automática...
2026-09-05 15:25:03,388 [INFO]    ✅ Turnstile resuelto
2026-09-05 15:25:06,508 [INFO]    Página 4/5 → https://www.opcionempleo.com.ar/trabajo-data-scientist.html?p=4
2026-09-05 15:25:15,250 [INFO]    ⏳ Turnstile detectado — esperando resolución automática...
2026-09-05 15:25:15,277 [INFO]    ✅ Turnstile resuelto
2026-09-05 15:25:19,242 [INFO]    → 20 ofertas encontradas
2026-09-05 15:25:25,881 [INFO]    ⏳ Turnstile detectado — esperando resolución automática...
2026-09-05 15:25:25,903 [INFO]    ✅ Turnstile resuelto
2026-09-05 15:25:40,628 [INFO]    ⏳ Turnstile detectado — esperando resolución automática...
2026-09-05 15:25:40,649 [INFO]    ✅ Turnstile resuelto
2026-09-05 15:25:53,329 [INFO]    ⏳ Turnstile detectado — esperando resolución automática...
2026-09-05 15:25:53,366 [INFO]    ✅ Turnstile resuelto
2026-09-05 15:26:05,717 [INFO]    ⏳ Turnstile detectado — esperando resolución automática...
2026-09-05 15:26:05,741 [INFO]    ✅ Turnstile resuelto
2026-09-05 15:26:17,154 [INFO]    ⏳ Turnstile detectado — esperando resolución automática...
2026-09-05 15:26:17,176 [INFO]    ✅ Turnstile resuelto
2026-09-05 15:26:27,600 [INFO]    ⏳ Turnstile detectado — esperando resolución automática...
2026-09-05 15:26:27,623 [INFO]    ✅ Turnstile resuelto
2026-09-05 15:26:37,839 [INFO]    ⏳ Turnstile detectado — esperando resolución automática...
2026-09-05 15:26:37,870 [INFO]    ✅ Turnstile resuelto
2026-09-05 15:26:49,200 [INFO]    ⏳ Turnstile detectado — esperando resolución automática...
2026-09-05 15:26:49,223 [INFO]    ✅ Turnstile resuelto
2026-09-05 15:26:59,447 [INFO]    ⏳ Turnstile detectado — esperando resolución automática...
2026-09-05 15:26:59,468 [INFO]    ✅ Turnstile resuelto
2026-09-05 15:27:10,791 [INFO]    ⏳ Turnstile detectado — esperando resolución automática...
2026-09-05 15:27:10,812 [INFO]    ✅ Turnstile resuelto
2026-09-05 15:27:21,283 [INFO]    ⏳ Turnstile detectado — esperando resolución automática...
2026-09-05 15:27:21,321 [INFO]    ✅ Turnstile resuelto
2026-09-05 15:27:32,500 [INFO]    ⏳ Turnstile detectado — esperando resolución automática...
2026-09-05 15:27:32,522 [INFO]    ✅ Turnstile resuelto
2026-09-05 15:27:43,497 [INFO]    ⏳ Turnstile detectado — esperando resolución automática...
2026-09-05 15:27:43,520 [INFO]    ✅ Turnstile resuelto
2026-09-05 15:27:54,486 [INFO]    ⏳ Turnstile detectado — esperando resolución automática...
2026-09-05 15:27:54,508 [INFO]    ✅ Turnstile resuelto
2026-09-05 15:28:06,332 [INFO]    ⏳ Turnstile detectado — esperando resolución automática...
2026-09-05 15:28:06,354 [INFO]    ✅ Turnstile resuelto
2026-09-05 15:28:16,641 [INFO]    ⏳ Turnstile detectado — esperando resolución automática...
2026-09-05 15:28:16,664 [INFO]    ✅ Turnstile resuelto
2026-09-05 15:28:26,653 [INFO]    ⏳ Turnstile detectado — esperando resolución automática...
2026-09-05 15:28:26,675 [INFO]    ✅ Turnstile resuelto
2026-09-05 15:28:37,449 [INFO]    ⏳ Turnstile detectado — esperando resolución automática...
2026-09-05 15:28:37,471 [INFO]    ✅ Turnstile resuelto
2026-09-05 15:28:47,230 [INFO]    ⏳ Turnstile detectado — esperando resolución automática...
2026-09-05 15:28:47,252 [INFO]    ✅ Turnstile resuelto
2026-09-05 15:28:59,051 [INFO]    ⏳ Turnstile detectado — esperando resolución automática...
2026-09-05 15:28:59,083 [INFO]    ✅ Turnstile resuelto
2026-09-05 15:29:02,242 [INFO]    Página 5/5 → https://www.opcionempleo.com.ar/trabajo-data-scientist.html?p=5
2026-09-05 15:29:09,854 [INFO]    ⏳ Turnstile detectado — esperando resolución automática...
2026-09-05 15:29:09,878 [INFO]    ✅ Turnstile resuelto
2026-09-05 15:29:13,852 [INFO]    → 20 ofertas encontradas
2026-09-05 15:29:20,055 [INFO]    ⏳ Turnstile detectado — esperando resolución automática...
2026-09-05 15:29:20,078 [INFO]    ✅ Turnstile resuelto
2026-09-05 15:29:30,748 [INFO]    ⏳ Turnstile detectado — esperando resolución automática...
2026-09-05 15:29:30,772 [INFO]    ✅ Turnstile resuelto
2026-09-05 15:29:42,895 [INFO]    ⏳ Turnstile detectado — esperando resolución automática...
2026-09-05 15:29:42,933 [INFO]    ✅ Turnstile resuelto
2026-09-05 15:29:53,685 [INFO]    ⏳ Turnstile detectado — esperando resolución automática...
2026-09-05 15:29:53,707 [INFO]    ✅ Turnstile resuelto
2026-09-05 15:30:05,122 [INFO]    ⏳ Turnstile detectado — esperando resolución automática...
2026-09-05 15:30:05,144 [INFO]    ✅ Turnstile resuelto
2026-09-05 15:30:17,368 [INFO]    ⏳ Turnstile detectado — esperando resolución automática...
2026-09-05 15:30:17,392 [INFO]    ✅ Turnstile resuelto
2026-09-05 15:30:29,529 [INFO]    ⏳ Turnstile detectado — esperando resolución automática...
2026-09-05 15:30:29,552 [INFO]    ✅ Turnstile resuelto
2026-09-05 15:30:39,325 [INFO]    ⏳ Turnstile detectado — esperando resolución automática...
2026-09-05 15:30:39,355 [INFO]    ✅ Turnstile resuelto
2026-09-05 15:30:50,156 [INFO]    ⏳ Turnstile detectado — esperando resolución automática...
2026-09-05 15:30:50,181 [INFO]    ✅ Turnstile resuelto
2026-09-05 15:31:01,098 [INFO]    ⏳ Turnstile detectado — esperando resolución automática...
2026-09-05 15:31:01,121 [INFO]    ✅ Turnstile resuelto
2026-09-05 15:31:13,411 [INFO]    ⏳ Turnstile detectado — esperando resolución automática...
2026-09-05 15:31:13,432 [INFO]    ✅ Turnstile resuelto
2026-09-05 15:31:25,578 [INFO]    ⏳ Turnstile detectado — esperando resolución automática...
2026-09-05 15:31:25,601 [INFO]    ✅ Turnstile resuelto
2026-09-05 15:31:37,308 [INFO]    ⏳ Turnstile detectado — esperando resolución automática...
2026-09-05 15:31:37,349 [INFO]    ✅ Turnstile resuelto
2026-09-05 15:31:48,691 [INFO]    ⏳ Turnstile detectado — esperando resolución automática...
2026-09-05 15:31:48,720 [INFO]    ✅ Turnstile resuelto
2026-09-05 15:31:58,175 [INFO]    ⏳ Turnstile detectado — esperando resolución automática...
2026-09-05 15:31:58,197 [INFO]    ✅ Turnstile resuelto
2026-09-05 15:32:07,605 [INFO]    ⏳ Turnstile detectado — esperando resolución automática...
2026-09-05 15:32:07,628 [INFO]    ✅ Turnstile resuelto
2026-09-05 15:32:16,888 [INFO]    ⏳ Turnstile detectado — esperando resolución automática...
2026-09-05 15:32:16,920 [INFO]    ✅ Turnstile resuelto
2026-09-05 15:32:27,088 [INFO]    ⏳ Turnstile detectado — esperando resolución automática...
2026-09-05 15:32:27,113 [INFO]    ✅ Turnstile resuelto
2026-09-05 15:32:36,864 [INFO]    ⏳ Turnstile detectado — esperando resolución automática...
2026-09-05 15:32:36,885 [INFO]    ✅ Turnstile resuelto
2026-09-05 15:32:47,534 [INFO]    ⏳ Turnstile detectado — esperando resolución automática...
2026-09-05 15:32:47,559 [INFO]    ✅ Turnstile resuelto
2026-09-05 15:32:51,009 [INFO] Exportadas 100 ofertas → /media/carlos-a-cicconi/Common1/Repositorios-Ing.Carlos-Cicconi/Trabajo_Final_MCD/data/raw/ofertas_opcionempleo_20260905.csv
2026-09-05 15:32:51,009 [INFO] ✅ 'Data Scientist': 100 ofertas guardadas
2026-09-05 15:32:51,009 [INFO]    💤 Pausa: 13.4s
2026-09-05 15:33:04,455 [INFO] 
🔍 Buscando: 'Data Analyst'
2026-09-05 15:33:04,455 [INFO]    Página 1/5 → https://www.opcionempleo.com.ar/trabajo-data-analyst.html
2026-09-05 15:33:11,975 [INFO]    ⏳ Turnstile detectado — esperando resolución automática...
2026-09-05 15:33:11,999 [INFO]    ✅ Turnstile resuelto
2026-09-05 15:33:15,666 [INFO]    → 20 ofertas encontradas
2026-09-05 15:33:23,673 [INFO]    ⏳ Turnstile detectado — esperando resolución automática...
2026-09-05 15:33:23,696 [INFO]    ✅ Turnstile resuelto
2026-09-05 15:33:33,569 [INFO]    ⏳ Turnstile detectado — esperando resolución automática...
2026-09-05 15:33:33,593 [INFO]    ✅ Turnstile resuelto
2026-09-05 15:33:44,631 [INFO]    ⏳ Turnstile detectado — esperando resolución automática...
2026-09-05 15:33:44,653 [INFO]    ✅ Turnstile resuelto
2026-09-05 15:33:56,494 [INFO]    ⏳ Turnstile detectado — esperando resolución automática...
2026-09-05 15:33:56,518 [INFO]    ✅ Turnstile resuelto
2026-09-05 15:34:07,047 [INFO]    ⏳ Turnstile detectado — esperando resolución automática...
2026-09-05 15:34:07,070 [INFO]    ✅ Turnstile resuelto
2026-09-05 15:34:17,660 [INFO]    ⏳ Turnstile detectado — esperando resolución automática...
2026-09-05 15:34:17,682 [INFO]    ✅ Turnstile resuelto
2026-09-05 15:34:27,847 [INFO]    ⏳ Turnstile detectado — esperando resolución automática...
2026-09-05 15:34:27,870 [INFO]    ✅ Turnstile resuelto
2026-09-05 15:34:37,635 [INFO]    ⏳ Turnstile detectado — esperando resolución automática...
2026-09-05 15:34:37,657 [INFO]    ✅ Turnstile resuelto
2026-09-05 15:34:49,118 [INFO]    ⏳ Turnstile detectado — esperando resolución automática...
2026-09-05 15:34:49,140 [INFO]    ✅ Turnstile resuelto
2026-09-05 15:35:01,286 [INFO]    ⏳ Turnstile detectado — esperando resolución automática...
2026-09-05 15:35:01,311 [INFO]    ✅ Turnstile resuelto
2026-09-05 15:35:12,771 [INFO]    ⏳ Turnstile detectado — esperando resolución automática...
2026-09-05 15:35:12,803 [INFO]    ✅ Turnstile resuelto
2026-09-05 15:35:23,108 [INFO]    ⏳ Turnstile detectado — esperando resolución automática...
2026-09-05 15:35:23,132 [INFO]    ✅ Turnstile resuelto
2026-09-05 15:35:33,030 [INFO]    ⏳ Turnstile detectado — esperando resolución automática...
2026-09-05 15:35:33,052 [INFO]    ✅ Turnstile resuelto
2026-09-05 15:35:44,240 [INFO]    ⏳ Turnstile detectado — esperando resolución automática...
2026-09-05 15:35:44,262 [INFO]    ✅ Turnstile resuelto
2026-09-05 15:35:55,270 [INFO]    ⏳ Turnstile detectado — esperando resolución automática...
2026-09-05 15:35:55,308 [INFO]    ✅ Turnstile resuelto
2026-09-05 15:36:06,622 [INFO]    ⏳ Turnstile detectado — esperando resolución automática...
2026-09-05 15:36:06,647 [INFO]    ✅ Turnstile resuelto
2026-09-05 15:36:18,361 [INFO]    ⏳ Turnstile detectado — esperando resolución automática...
2026-09-05 15:36:18,385 [INFO]    ✅ Turnstile resuelto
2026-09-05 15:36:28,410 [INFO]    ⏳ Turnstile detectado — esperando resolución automática...
2026-09-05 15:36:28,432 [INFO]    ✅ Turnstile resuelto
2026-09-05 15:36:40,390 [INFO]    ⏳ Turnstile detectado — esperando resolución automática...
2026-09-05 15:36:40,418 [INFO]    ✅ Turnstile resuelto
2026-09-05 15:36:52,162 [INFO]    ⏳ Turnstile detectado — esperando resolución automática...
2026-09-05 15:36:52,194 [INFO]    ✅ Turnstile resuelto
2026-09-05 15:36:55,487 [INFO]    Página 2/5 → https://www.opcionempleo.com.ar/trabajo-data-analyst.html?p=2
2026-09-05 15:37:05,165 [INFO]    ⏳ Turnstile detectado — esperando resolución automática...
2026-09-05 15:37:05,191 [INFO]    ✅ Turnstile resuelto
2026-09-05 15:37:09,446 [INFO]    → 20 ofertas encontradas
2026-09-05 15:37:16,373 [INFO]    ⏳ Turnstile detectado — esperando resolución automática...
2026-09-05 15:37:16,396 [INFO]    ✅ Turnstile resuelto
2026-09-05 15:37:27,924 [INFO]    ⏳ Turnstile detectado — esperando resolución automática...
2026-09-05 15:37:27,945 [INFO]    ✅ Turnstile resuelto
2026-09-05 15:37:39,081 [INFO]    ⏳ Turnstile detectado — esperando resolución automática...
2026-09-05 15:37:39,108 [INFO]    ✅ Turnstile resuelto
2026-09-05 15:37:49,278 [INFO]    ⏳ Turnstile detectado — esperando resolución automática...
2026-09-05 15:37:49,302 [INFO]    ✅ Turnstile resuelto
2026-09-05 15:37:59,433 [INFO]    ⏳ Turnstile detectado — esperando resolución automática...
2026-09-05 15:37:59,457 [INFO]    ✅ Turnstile resuelto
2026-09-05 15:38:13,055 [INFO]    ⏳ Turnstile detectado — esperando resolución automática...
2026-09-05 15:38:13,078 [INFO]    ✅ Turnstile resuelto
2026-09-05 15:38:24,092 [INFO]    ⏳ Turnstile detectado — esperando resolución automática...
2026-09-05 15:38:24,114 [INFO]    ✅ Turnstile resuelto
2026-09-05 15:38:34,770 [INFO]    ⏳ Turnstile detectado — esperando resolución automática...
2026-09-05 15:38:34,804 [INFO]    ✅ Turnstile resuelto
2026-09-05 15:38:44,816 [INFO]    ⏳ Turnstile detectado — esperando resolución automática...
2026-09-05 15:38:44,840 [INFO]    ✅ Turnstile resuelto
2026-09-05 15:38:54,949 [INFO]    ⏳ Turnstile detectado — esperando resolución automática...
2026-09-05 15:38:54,972 [INFO]    ✅ Turnstile resuelto
2026-09-05 15:39:05,688 [INFO]    ⏳ Turnstile detectado — esperando resolución automática...
2026-09-05 15:39:05,712 [INFO]    ✅ Turnstile resuelto
2026-09-05 15:39:15,265 [INFO]    ⏳ Turnstile detectado — esperando resolución automática...
2026-09-05 15:39:15,289 [INFO]    ✅ Turnstile resuelto
2026-09-05 15:39:26,981 [INFO]    ⏳ Turnstile detectado — esperando resolución automática...
2026-09-05 15:39:27,014 [INFO]    ✅ Turnstile resuelto
2026-09-05 15:39:38,792 [INFO]    ⏳ Turnstile detectado — esperando resolución automática...
2026-09-05 15:39:38,813 [INFO]    ✅ Turnstile resuelto
2026-09-05 15:39:49,037 [INFO]    ⏳ Turnstile detectado — esperando resolución automática...
2026-09-05 15:39:49,063 [INFO]    ✅ Turnstile resuelto
2026-09-05 15:40:01,273 [INFO]    ⏳ Turnstile detectado — esperando resolución automática...
2026-09-05 15:40:01,297 [INFO]    ✅ Turnstile resuelto
2026-09-05 15:40:12,104 [INFO]    ⏳ Turnstile detectado — esperando resolución automática...
2026-09-05 15:40:12,141 [INFO]    ✅ Turnstile resuelto
2026-09-05 15:40:22,208 [INFO]    ⏳ Turnstile detectado — esperando resolución automática...
2026-09-05 15:40:22,231 [INFO]    ✅ Turnstile resuelto
2026-09-05 15:40:33,607 [INFO]    ⏳ Turnstile detectado — esperando resolución automática...
2026-09-05 15:40:33,636 [INFO]    ✅ Turnstile resuelto
2026-09-05 15:40:43,965 [INFO]    ⏳ Turnstile detectado — esperando resolución automática...
2026-09-05 15:40:43,997 [INFO]    ✅ Turnstile resuelto
2026-09-05 15:40:47,421 [INFO]    Página 3/5 → https://www.opcionempleo.com.ar/trabajo-data-analyst.html?p=3
2026-09-05 15:40:56,916 [INFO]    ⏳ Turnstile detectado — esperando resolución automática...
2026-09-05 15:40:56,942 [INFO]    ✅ Turnstile resuelto
2026-09-05 15:41:01,534 [INFO]    → 20 ofertas encontradas
2026-09-05 15:41:10,711 [INFO]    ⏳ Turnstile detectado — esperando resolución automática...
2026-09-05 15:41:10,733 [INFO]    ✅ Turnstile resuelto
2026-09-05 15:41:21,668 [INFO]    ⏳ Turnstile detectado — esperando resolución automática...
2026-09-05 15:41:21,690 [INFO]    ✅ Turnstile resuelto
2026-09-05 15:41:33,750 [INFO]    ⏳ Turnstile detectado — esperando resolución automática...
2026-09-05 15:41:33,772 [INFO]    ✅ Turnstile resuelto
2026-09-05 15:41:44,407 [INFO]    ⏳ Turnstile detectado — esperando resolución automática...
2026-09-05 15:41:44,432 [INFO]    ✅ Turnstile resuelto
2026-09-05 15:41:56,398 [INFO]    ⏳ Turnstile detectado — esperando resolución automática...
2026-09-05 15:41:56,430 [INFO]    ✅ Turnstile resuelto
2026-09-05 15:42:07,650 [INFO]    ⏳ Turnstile detectado — esperando resolución automática...
2026-09-05 15:42:07,672 [INFO]    ✅ Turnstile resuelto
2026-09-05 15:42:19,192 [INFO]    ⏳ Turnstile detectado — esperando resolución automática...
2026-09-05 15:42:19,216 [INFO]    ✅ Turnstile resuelto
2026-09-05 15:42:30,076 [INFO]    ⏳ Turnstile detectado — esperando resolución automática...
2026-09-05 15:42:30,098 [INFO]    ✅ Turnstile resuelto
2026-09-05 15:42:41,147 [INFO]    ⏳ Turnstile detectado — esperando resolución automática...
2026-09-05 15:42:41,169 [INFO]    ✅ Turnstile resuelto
2026-09-05 15:42:52,634 [INFO]    ⏳ Turnstile detectado — esperando resolución automática...
2026-09-05 15:42:52,666 [INFO]    ✅ Turnstile resuelto
2026-09-05 15:43:04,113 [INFO]    ⏳ Turnstile detectado — esperando resolución automática...
2026-09-05 15:43:04,137 [INFO]    ✅ Turnstile resuelto
2026-09-05 15:43:16,702 [INFO]    ⏳ Turnstile detectado — esperando resolución automática...
2026-09-05 15:43:16,724 [INFO]    ✅ Turnstile resuelto
2026-09-05 15:43:27,365 [INFO]    ⏳ Turnstile detectado — esperando resolución automática...
2026-09-05 15:43:27,388 [INFO]    ✅ Turnstile resuelto
2026-09-05 15:43:38,907 [INFO]    ⏳ Turnstile detectado — esperando resolución automática...
2026-09-05 15:43:38,928 [INFO]    ✅ Turnstile resuelto
2026-09-05 15:43:50,219 [INFO]    ⏳ Turnstile detectado — esperando resolución automática...
2026-09-05 15:43:50,245 [INFO]    ✅ Turnstile resuelto
2026-09-05 15:44:01,554 [INFO]    ⏳ Turnstile detectado — esperando resolución automática...
2026-09-05 15:44:01,576 [INFO]    ✅ Turnstile resuelto
2026-09-05 15:44:11,547 [INFO]    ⏳ Turnstile detectado — esperando resolución automática...
2026-09-05 15:44:11,570 [INFO]    ✅ Turnstile resuelto
2026-09-05 15:44:22,871 [INFO]    ⏳ Turnstile detectado — esperando resolución automática...
2026-09-05 15:44:22,894 [INFO]    ✅ Turnstile resuelto
2026-09-05 15:44:34,733 [INFO]    ⏳ Turnstile detectado — esperando resolución automática...
2026-09-05 15:44:34,756 [INFO]    ✅ Turnstile resuelto
2026-09-05 15:44:45,162 [INFO]    ⏳ Turnstile detectado — esperando resolución automática...
2026-09-05 15:44:45,184 [INFO]    ✅ Turnstile resuelto
2026-09-05 15:44:49,173 [INFO]    Página 4/5 → https://www.opcionempleo.com.ar/trabajo-data-analyst.html?p=4
2026-09-05 15:44:57,983 [INFO]    ⏳ Turnstile detectado — esperando resolución automática...
2026-09-05 15:44:58,014 [INFO]    ✅ Turnstile resuelto
2026-09-05 15:45:02,636 [INFO]    → 20 ofertas encontradas
2026-09-05 15:45:10,167 [INFO]    ⏳ Turnstile detectado — esperando resolución automática...
2026-09-05 15:45:10,188 [INFO]    ✅ Turnstile resuelto
2026-09-05 15:45:20,981 [INFO]    ⏳ Turnstile detectado — esperando resolución automática...
2026-09-05 15:45:21,011 [INFO]    ✅ Turnstile resuelto
2026-09-05 15:45:32,067 [INFO]    ⏳ Turnstile detectado — esperando resolución automática...
2026-09-05 15:45:32,090 [INFO]    ✅ Turnstile resuelto
2026-09-05 15:45:43,654 [INFO]    ⏳ Turnstile detectado — esperando resolución automática...
2026-09-05 15:45:43,676 [INFO]    ✅ Turnstile resuelto
2026-09-05 15:45:54,952 [INFO]    ⏳ Turnstile detectado — esperando resolución automática...
2026-09-05 15:45:54,974 [INFO]    ✅ Turnstile resuelto
2026-09-05 15:46:05,882 [INFO]    ⏳ Turnstile detectado — esperando resolución automática...
2026-09-05 15:46:05,903 [INFO]    ✅ Turnstile resuelto
2026-09-05 15:46:17,267 [INFO]    ⏳ Turnstile detectado — esperando resolución automática...
2026-09-05 15:46:17,291 [INFO]    ✅ Turnstile resuelto
2026-09-05 15:46:29,934 [INFO]    ⏳ Turnstile detectado — esperando resolución automática...
2026-09-05 15:46:29,958 [INFO]    ✅ Turnstile resuelto
2026-09-05 15:46:40,545 [INFO]    ⏳ Turnstile detectado — esperando resolución automática...
2026-09-05 15:46:40,571 [INFO]    ✅ Turnstile resuelto
2026-09-05 15:46:52,620 [INFO]    ⏳ Turnstile detectado — esperando resolución automática...
2026-09-05 15:46:52,642 [INFO]    ✅ Turnstile resuelto
2026-09-05 15:47:04,522 [INFO]    ⏳ Turnstile detectado — esperando resolución automática...
2026-09-05 15:47:04,544 [INFO]    ✅ Turnstile resuelto
2026-09-05 15:47:15,376 [INFO]    ⏳ Turnstile detectado — esperando resolución automática...
2026-09-05 15:47:15,398 [INFO]    ✅ Turnstile resuelto
2026-09-05 15:47:27,364 [INFO]    ⏳ Turnstile detectado — esperando resolución automática...
2026-09-05 15:47:27,403 [INFO]    ✅ Turnstile resuelto
2026-09-05 15:47:38,801 [INFO]    ⏳ Turnstile detectado — esperando resolución automática...
2026-09-05 15:47:38,822 [INFO]    ✅ Turnstile resuelto
2026-09-05 15:47:50,617 [INFO]    ⏳ Turnstile detectado — esperando resolución automática...
2026-09-05 15:47:50,639 [INFO]    ✅ Turnstile resuelto
2026-09-05 15:48:01,336 [INFO]    ⏳ Turnstile detectado — esperando resolución automática...
2026-09-05 15:48:01,358 [INFO]    ✅ Turnstile resuelto
2026-09-05 15:48:11,576 [INFO]    ⏳ Turnstile detectado — esperando resolución automática...
2026-09-05 15:48:11,608 [INFO]    ✅ Turnstile resuelto
2026-09-05 15:48:21,351 [INFO]    ⏳ Turnstile detectado — esperando resolución automática...
2026-09-05 15:48:21,372 [INFO]    ✅ Turnstile resuelto
2026-09-05 15:48:31,903 [INFO]    ⏳ Turnstile detectado — esperando resolución automática...
2026-09-05 15:48:31,926 [INFO]    ✅ Turnstile resuelto
2026-09-05 15:48:42,498 [INFO]    ⏳ Turnstile detectado — esperando resolución automática...
2026-09-05 15:48:42,520 [INFO]    ✅ Turnstile resuelto
2026-09-05 15:48:45,802 [INFO]    Página 5/5 → https://www.opcionempleo.com.ar/trabajo-data-analyst.html?p=5
2026-09-05 15:48:56,046 [INFO]    ⏳ Turnstile detectado — esperando resolución automática...
2026-09-05 15:48:56,071 [INFO]    ✅ Turnstile resuelto
2026-09-05 15:49:00,348 [INFO]    → 20 ofertas encontradas
2026-09-05 15:49:07,510 [INFO]    ⏳ Turnstile detectado — esperando resolución automática...
2026-09-05 15:49:07,533 [INFO]    ✅ Turnstile resuelto
2026-09-05 15:49:18,664 [INFO]    ⏳ Turnstile detectado — esperando resolución automática...
2026-09-05 15:49:18,688 [INFO]    ✅ Turnstile resuelto
2026-09-05 15:49:28,512 [INFO]    ⏳ Turnstile detectado — esperando resolución automática...
2026-09-05 15:49:28,536 [INFO]    ✅ Turnstile resuelto
2026-09-05 15:49:37,981 [INFO]    ⏳ Turnstile detectado — esperando resolución automática...
2026-09-05 15:49:38,014 [INFO]    ✅ Turnstile resuelto
2026-09-05 15:49:48,893 [INFO]    ⏳ Turnstile detectado — esperando resolución automática...
2026-09-05 15:49:48,916 [INFO]    ✅ Turnstile resuelto
2026-09-05 15:50:00,671 [INFO]    ⏳ Turnstile detectado — esperando resolución automática...
2026-09-05 15:50:00,704 [INFO]    ✅ Turnstile resuelto
2026-09-05 15:50:10,725 [INFO]    ⏳ Turnstile detectado — esperando resolución automática...
2026-09-05 15:50:10,746 [INFO]    ✅ Turnstile resuelto
2026-09-05 15:50:21,068 [INFO]    ⏳ Turnstile detectado — esperando resolución automática...
2026-09-05 15:50:21,101 [INFO]    ✅ Turnstile resuelto
2026-09-05 15:50:31,278 [INFO]    ⏳ Turnstile detectado — esperando resolución automática...
2026-09-05 15:50:31,300 [INFO]    ✅ Turnstile resuelto
2026-09-05 15:50:41,275 [INFO]    ⏳ Turnstile detectado — esperando resolución automática...
2026-09-05 15:50:41,297 [INFO]    ✅ Turnstile resuelto
2026-09-05 15:50:52,516 [INFO]    ⏳ Turnstile detectado — esperando resolución automática...
2026-09-05 15:50:52,537 [INFO]    ✅ Turnstile resuelto
2026-09-05 15:51:04,014 [INFO]    ⏳ Turnstile detectado — esperando resolución automática...
2026-09-05 15:51:04,035 [INFO]    ✅ Turnstile resuelto
2026-09-05 15:51:15,625 [INFO]    ⏳ Turnstile detectado — esperando resolución automática...
2026-09-05 15:51:15,648 [INFO]    ✅ Turnstile resuelto
2026-09-05 15:51:26,775 [INFO]    ⏳ Turnstile detectado — esperando resolución automática...
2026-09-05 15:51:26,797 [INFO]    ✅ Turnstile resuelto
2026-09-05 15:51:37,065 [INFO]    ⏳ Turnstile detectado — esperando resolución automática...
2026-09-05 15:51:37,087 [INFO]    ✅ Turnstile resuelto
2026-09-05 15:51:48,786 [INFO]    ⏳ Turnstile detectado — esperando resolución automática...
2026-09-05 15:51:48,810 [INFO]    ✅ Turnstile resuelto
2026-09-05 15:52:00,777 [INFO]    ⏳ Turnstile detectado — esperando resolución automática...
2026-09-05 15:52:00,799 [INFO]    ✅ Turnstile resuelto
2026-09-05 15:52:11,402 [INFO]    ⏳ Turnstile detectado — esperando resolución automática...
2026-09-05 15:52:11,423 [INFO]    ✅ Turnstile resuelto
2026-09-05 15:52:21,478 [INFO]    ⏳ Turnstile detectado — esperando resolución automática...
2026-09-05 15:52:21,500 [INFO]    ✅ Turnstile resuelto
2026-09-05 15:52:32,537 [INFO]    ⏳ Turnstile detectado — esperando resolución automática...
2026-09-05 15:52:32,559 [INFO]    ✅ Turnstile resuelto
2026-09-05 15:52:35,938 [INFO] Exportadas 100 ofertas → /media/carlos-a-cicconi/Common1/Repositorios-Ing.Carlos-Cicconi/Trabajo_Final_MCD/data/raw/ofertas_opcionempleo_20260905.csv
2026-09-05 15:52:35,938 [INFO] ✅ 'Data Analyst': 100 ofertas guardadas
2026-09-05 15:52:35,938 [INFO]    💤 Pausa: 10.2s
2026-09-05 15:52:46,227 [INFO] 
🔍 Buscando: 'Machine Learning Engineer'
2026-09-05 15:52:46,228 [INFO]    Página 1/5 → https://www.opcionempleo.com.ar/trabajo-machine-learning.html
2026-09-05 15:52:56,384 [INFO]    ⏳ Turnstile detectado — esperando resolución automática...
2026-09-05 15:52:56,408 [INFO]    ✅ Turnstile resuelto
2026-09-05 15:53:00,967 [INFO]    → 20 ofertas encontradas
2026-09-05 15:53:08,331 [INFO]    ⏳ Turnstile detectado — esperando resolución automática...
2026-09-05 15:53:08,353 [INFO]    ✅ Turnstile resuelto
2026-09-05 15:53:18,880 [INFO]    ⏳ Turnstile detectado — esperando resolución automática...
2026-09-05 15:53:18,902 [INFO]    ✅ Turnstile resuelto
2026-09-05 15:53:29,173 [INFO]    ⏳ Turnstile detectado — esperando resolución automática...
2026-09-05 15:53:29,196 [INFO]    ✅ Turnstile resuelto
2026-09-05 15:53:38,876 [INFO]    ⏳ Turnstile detectado — esperando resolución automática...
2026-09-05 15:53:38,898 [INFO]    ✅ Turnstile resuelto
2026-09-05 15:53:48,689 [INFO]    ⏳ Turnstile detectado — esperando resolución automática...
2026-09-05 15:53:48,728 [INFO]    ✅ Turnstile resuelto
2026-09-05 15:53:59,494 [INFO]    ⏳ Turnstile detectado — esperando resolución automática...
2026-09-05 15:53:59,516 [INFO]    ✅ Turnstile resuelto
2026-09-05 15:54:10,446 [INFO]    ⏳ Turnstile detectado — esperando resolución automática...
2026-09-05 15:54:10,472 [INFO]    ✅ Turnstile resuelto
2026-09-05 15:54:20,714 [INFO]    ⏳ Turnstile detectado — esperando resolución automática...
2026-09-05 15:54:20,736 [INFO]    ✅ Turnstile resuelto
2026-09-05 15:54:33,237 [INFO]    ⏳ Turnstile detectado — esperando resolución automática...
2026-09-05 15:54:33,260 [INFO]    ✅ Turnstile resuelto
2026-09-05 15:54:45,128 [INFO]    ⏳ Turnstile detectado — esperando resolución automática...
2026-09-05 15:54:45,161 [INFO]    ✅ Turnstile resuelto
2026-09-05 15:54:56,626 [INFO]    ⏳ Turnstile detectado — esperando resolución automática...
2026-09-05 15:54:56,648 [INFO]    ✅ Turnstile resuelto
2026-09-05 15:55:07,313 [INFO]    ⏳ Turnstile detectado — esperando resolución automática...
2026-09-05 15:55:07,338 [INFO]    ✅ Turnstile resuelto
2026-09-05 15:55:18,475 [INFO]    ⏳ Turnstile detectado — esperando resolución automática...
2026-09-05 15:55:18,498 [INFO]    ✅ Turnstile resuelto
2026-09-05 15:55:29,268 [INFO]    ⏳ Turnstile detectado — esperando resolución automática...
2026-09-05 15:55:29,290 [INFO]    ✅ Turnstile resuelto
2026-09-05 15:55:39,783 [INFO]    ⏳ Turnstile detectado — esperando resolución automática...
2026-09-05 15:55:39,816 [INFO]    ✅ Turnstile resuelto
2026-09-05 15:55:49,459 [INFO]    ⏳ Turnstile detectado — esperando resolución automática...
2026-09-05 15:55:49,483 [INFO]    ✅ Turnstile resuelto
2026-09-05 15:56:01,501 [INFO]    ⏳ Turnstile detectado — esperando resolución automática...
2026-09-05 15:56:01,523 [INFO]    ✅ Turnstile resuelto
2026-09-05 15:56:13,294 [INFO]    ⏳ Turnstile detectado — esperando resolución automática...
2026-09-05 15:56:13,317 [INFO]    ✅ Turnstile resuelto
2026-09-05 15:56:24,316 [INFO]    ⏳ Turnstile detectado — esperando resolución automática...
2026-09-05 15:56:24,342 [INFO]    ✅ Turnstile resuelto
2026-09-05 15:56:35,044 [INFO]    ⏳ Turnstile detectado — esperando resolución automática...
2026-09-05 15:56:35,079 [INFO]    ✅ Turnstile resuelto
2026-09-05 15:56:38,710 [INFO]    Página 2/5 → https://www.opcionempleo.com.ar/trabajo-machine-learning.html?p=2
2026-09-05 15:56:49,096 [INFO]    ⏳ Turnstile detectado — esperando resolución automática...
2026-09-05 15:56:49,120 [INFO]    ✅ Turnstile resuelto
2026-09-05 15:56:53,668 [INFO]    → 20 ofertas encontradas
2026-09-05 15:57:00,648 [INFO]    ⏳ Turnstile detectado — esperando resolución automática...
2026-09-05 15:57:00,673 [INFO]    ✅ Turnstile resuelto
2026-09-05 15:57:12,236 [INFO]    ⏳ Turnstile detectado — esperando resolución automática...
2026-09-05 15:57:12,259 [INFO]    ✅ Turnstile resuelto
2026-09-05 15:57:23,993 [INFO]    ⏳ Turnstile detectado — esperando resolución automática...
2026-09-05 15:57:24,028 [INFO]    ✅ Turnstile resuelto
2026-09-05 15:57:37,037 [INFO]    ⏳ Turnstile detectado — esperando resolución automática...
2026-09-05 15:57:37,062 [INFO]    ✅ Turnstile resuelto
2026-09-05 15:57:48,119 [INFO]    ⏳ Turnstile detectado — esperando resolución automática...
2026-09-05 15:57:48,141 [INFO]    ✅ Turnstile resuelto
2026-09-05 15:58:00,282 [INFO]    ⏳ Turnstile detectado — esperando resolución automática...
2026-09-05 15:58:00,303 [INFO]    ✅ Turnstile resuelto
2026-09-05 15:58:11,860 [INFO]    ⏳ Turnstile detectado — esperando resolución automática...
2026-09-05 15:58:11,885 [INFO]    ✅ Turnstile resuelto
2026-09-05 15:58:23,339 [INFO]    ⏳ Turnstile detectado — esperando resolución automática...
2026-09-05 15:58:23,374 [INFO]    ✅ Turnstile resuelto
2026-09-05 15:58:35,569 [INFO]    ⏳ Turnstile detectado — esperando resolución automática...
2026-09-05 15:58:35,591 [INFO]    ✅ Turnstile resuelto
2026-09-05 15:58:46,879 [INFO]    ⏳ Turnstile detectado — esperando resolución automática...
2026-09-05 15:58:46,900 [INFO]    ✅ Turnstile resuelto
2026-09-05 15:58:58,453 [INFO]    ⏳ Turnstile detectado — esperando resolución automática...
2026-09-05 15:58:58,478 [INFO]    ✅ Turnstile resuelto
2026-09-05 15:59:10,593 [INFO]    ⏳ Turnstile detectado — esperando resolución automática...
2026-09-05 15:59:10,620 [INFO]    ✅ Turnstile resuelto
2026-09-05 15:59:22,625 [INFO]    ⏳ Turnstile detectado — esperando resolución automática...
2026-09-05 15:59:22,665 [INFO]    ✅ Turnstile resuelto
2026-09-05 15:59:32,472 [INFO]    ⏳ Turnstile detectado — esperando resolución automática...
2026-09-05 15:59:32,499 [INFO]    ✅ Turnstile resuelto
2026-09-05 15:59:42,286 [INFO]    ⏳ Turnstile detectado — esperando resolución automática...
2026-09-05 15:59:42,308 [INFO]    ✅ Turnstile resuelto
2026-09-05 15:59:52,472 [INFO]    ⏳ Turnstile detectado — esperando resolución automática...
2026-09-05 15:59:52,494 [INFO]    ✅ Turnstile resuelto
2026-09-05 16:00:04,878 [INFO]    ⏳ Turnstile detectado — esperando resolución automática...
2026-09-05 16:00:04,900 [INFO]    ✅ Turnstile resuelto
2026-09-05 16:00:15,579 [INFO]    ⏳ Turnstile detectado — esperando resolución automática...
2026-09-05 16:00:15,614 [INFO]    ✅ Turnstile resuelto
2026-09-05 16:00:26,003 [INFO]    ⏳ Turnstile detectado — esperando resolución automática...
2026-09-05 16:00:26,026 [INFO]    ✅ Turnstile resuelto
2026-09-05 16:00:36,326 [INFO]    ⏳ Turnstile detectado — esperando resolución automática...
2026-09-05 16:00:36,351 [INFO]    ✅ Turnstile resuelto
2026-09-05 16:00:39,763 [INFO]    Página 3/5 → https://www.opcionempleo.com.ar/trabajo-machine-learning.html?p=3
2026-09-05 16:00:48,660 [INFO]    ⏳ Turnstile detectado — esperando resolución automática...
2026-09-05 16:00:48,703 [INFO]    ✅ Turnstile resuelto
2026-09-05 16:00:53,018 [INFO]    → 20 ofertas encontradas
2026-09-05 16:00:59,508 [INFO]    ⏳ Turnstile detectado — esperando resolución automática...
2026-09-05 16:00:59,529 [INFO]    ✅ Turnstile resuelto
2026-09-05 16:01:11,122 [INFO]    ⏳ Turnstile detectado — esperando resolución automática...
2026-09-05 16:01:11,145 [INFO]    ✅ Turnstile resuelto
2026-09-05 16:01:23,690 [INFO]    ⏳ Turnstile detectado — esperando resolución automática...
2026-09-05 16:01:23,714 [INFO]    ✅ Turnstile resuelto
2026-09-05 16:01:34,773 [INFO]    ⏳ Turnstile detectado — esperando resolución automática...
2026-09-05 16:01:34,798 [INFO]    ✅ Turnstile resuelto
2026-09-05 16:01:46,414 [INFO]    ⏳ Turnstile detectado — esperando resolución automática...
2026-09-05 16:01:46,436 [INFO]    ✅ Turnstile resuelto
2026-09-05 16:01:56,750 [INFO]    ⏳ Turnstile detectado — esperando resolución automática...
2026-09-05 16:01:56,789 [INFO]    ✅ Turnstile resuelto
2026-09-05 16:02:07,333 [INFO]    ⏳ Turnstile detectado — esperando resolución automática...
2026-09-05 16:02:07,355 [INFO]    ✅ Turnstile resuelto
2026-09-05 16:02:20,016 [INFO]    ⏳ Turnstile detectado — esperando resolución automática...
2026-09-05 16:02:20,040 [INFO]    ✅ Turnstile resuelto
2026-09-05 16:02:31,493 [INFO]    ⏳ Turnstile detectado — esperando resolución automática...
2026-09-05 16:02:31,515 [INFO]    ✅ Turnstile resuelto
2026-09-05 16:02:41,615 [INFO]    ⏳ Turnstile detectado — esperando resolución automática...
2026-09-05 16:02:41,640 [INFO]    ✅ Turnstile resuelto
2026-09-05 16:02:50,972 [INFO]    ⏳ Turnstile detectado — esperando resolución automática...
2026-09-05 16:02:50,998 [INFO]    ✅ Turnstile resuelto
2026-09-05 16:03:02,721 [INFO]    ⏳ Turnstile detectado — esperando resolución automática...
2026-09-05 16:03:02,744 [INFO]    ✅ Turnstile resuelto
2026-09-05 16:03:15,295 [INFO]    ⏳ Turnstile detectado — esperando resolución automática...
2026-09-05 16:03:15,318 [INFO]    ✅ Turnstile resuelto
2026-09-05 16:03:25,466 [INFO]    ⏳ Turnstile detectado — esperando resolución automática...
2026-09-05 16:03:25,491 [INFO]    ✅ Turnstile resuelto
2026-09-05 16:03:35,936 [INFO]    ⏳ Turnstile detectado — esperando resolución automática...
2026-09-05 16:03:35,971 [INFO]    ✅ Turnstile resuelto
2026-09-05 16:03:45,715 [INFO]    ⏳ Turnstile detectado — esperando resolución automática...
2026-09-05 16:03:45,746 [INFO]    ✅ Turnstile resuelto
2026-09-05 16:03:58,024 [INFO]    ⏳ Turnstile detectado — esperando resolución automática...
2026-09-05 16:03:58,049 [INFO]    ✅ Turnstile resuelto
2026-09-05 16:04:08,033 [INFO]    ⏳ Turnstile detectado — esperando resolución automática...
2026-09-05 16:04:08,055 [INFO]    ✅ Turnstile resuelto
2026-09-05 16:04:20,634 [INFO]    ⏳ Turnstile detectado — esperando resolución automática...
2026-09-05 16:04:20,671 [INFO]    ✅ Turnstile resuelto
2026-09-05 16:05:12,802 [WARNING] Timeout: https://www.opcionempleo.com.ar/jobad/ar65d387df71bb03a9edcd0b40fcff736b
2026-09-05 16:05:12,804 [INFO]    Página 4/5 → https://www.opcionempleo.com.ar/trabajo-machine-learning.html?p=4
2026-09-05 16:05:24,903 [INFO]    ⏳ Turnstile detectado — esperando resolución automática...
2026-09-05 16:05:24,928 [INFO]    ✅ Turnstile resuelto
2026-09-05 16:05:29,230 [INFO]    → 20 ofertas encontradas
2026-09-05 16:05:39,497 [INFO]    ⏳ Turnstile detectado — esperando resolución automática...
2026-09-05 16:05:39,518 [INFO]    ✅ Turnstile resuelto
2026-09-05 16:05:56,885 [INFO]    ⏳ Turnstile detectado — esperando resolución automática...
2026-09-05 16:05:56,906 [INFO]    ✅ Turnstile resuelto
2026-09-05 16:06:08,170 [INFO]    ⏳ Turnstile detectado — esperando resolución automática...
2026-09-05 16:06:08,193 [INFO]    ✅ Turnstile resuelto
2026-09-05 16:06:18,926 [INFO]    ⏳ Turnstile detectado — esperando resolución automática...
2026-09-05 16:06:18,950 [INFO]    ✅ Turnstile resuelto
2026-09-05 16:06:29,418 [INFO]    ⏳ Turnstile detectado — esperando resolución automática...
2026-09-05 16:06:29,440 [INFO]    ✅ Turnstile resuelto
2026-09-05 16:06:44,031 [INFO]    ⏳ Turnstile detectado — esperando resolución automática...
2026-09-05 16:06:44,054 [INFO]    ✅ Turnstile resuelto
2026-09-05 16:06:54,516 [INFO]    ⏳ Turnstile detectado — esperando resolución automática...
2026-09-05 16:06:54,537 [INFO]    ✅ Turnstile resuelto
2026-09-05 16:07:04,958 [INFO]    ⏳ Turnstile detectado — esperando resolución automática...
2026-09-05 16:07:04,983 [INFO]    ✅ Turnstile resuelto
2026-09-05 16:07:17,238 [INFO]    ⏳ Turnstile detectado — esperando resolución automática...
2026-09-05 16:07:17,259 [INFO]    ✅ Turnstile resuelto
2026-09-05 16:07:29,892 [INFO]    ⏳ Turnstile detectado — esperando resolución automática...
2026-09-05 16:07:29,915 [INFO]    ✅ Turnstile resuelto
2026-09-05 16:07:42,281 [INFO]    ⏳ Turnstile detectado — esperando resolución automática...
2026-09-05 16:07:42,303 [INFO]    ✅ Turnstile resuelto
2026-09-05 16:07:52,786 [INFO]    ⏳ Turnstile detectado — esperando resolución automática...
2026-09-05 16:07:52,825 [INFO]    ✅ Turnstile resuelto
2026-09-05 16:08:03,890 [INFO]    ⏳ Turnstile detectado — esperando resolución automática...
2026-09-05 16:08:03,916 [INFO]    ✅ Turnstile resuelto
2026-09-05 16:08:27,863 [INFO]    ⏳ Turnstile detectado — esperando resolución automática...
2026-09-05 16:08:27,885 [INFO]    ✅ Turnstile resuelto
2026-09-05 16:08:40,030 [INFO]    ⏳ Turnstile detectado — esperando resolución automática...
2026-09-05 16:08:40,053 [INFO]    ✅ Turnstile resuelto
2026-09-05 16:08:50,553 [INFO]    ⏳ Turnstile detectado — esperando resolución automática...
2026-09-05 16:08:50,578 [INFO]    ✅ Turnstile resuelto
2026-09-05 16:09:02,500 [INFO]    ⏳ Turnstile detectado — esperando resolución automática...
2026-09-05 16:09:02,532 [INFO]    ✅ Turnstile resuelto
2026-09-05 16:09:15,632 [INFO]    ⏳ Turnstile detectado — esperando resolución automática...
2026-09-05 16:09:15,653 [INFO]    ✅ Turnstile resuelto
2026-09-05 16:09:26,404 [INFO]    ⏳ Turnstile detectado — esperando resolución automática...
2026-09-05 16:09:26,426 [INFO]    ✅ Turnstile resuelto
2026-09-05 16:09:39,201 [INFO]    ⏳ Turnstile detectado — esperando resolución automática...
2026-09-05 16:09:39,224 [INFO]    ✅ Turnstile resuelto
2026-09-05 16:09:42,972 [INFO]    Página 5/5 → https://www.opcionempleo.com.ar/trabajo-machine-learning.html?p=5
2026-09-05 16:09:53,356 [INFO]    ⏳ Turnstile detectado — esperando resolución automática...
2026-09-05 16:09:53,380 [INFO]    ✅ Turnstile resuelto
2026-09-05 16:09:57,403 [INFO]    → 20 ofertas encontradas
2026-09-05 16:10:04,964 [INFO]    ⏳ Turnstile detectado — esperando resolución automática...
2026-09-05 16:10:04,997 [INFO]    ✅ Turnstile resuelto
2026-09-05 16:10:15,646 [INFO]    ⏳ Turnstile detectado — esperando resolución automática...
2026-09-05 16:10:15,668 [INFO]    ✅ Turnstile resuelto
2026-09-05 16:10:26,831 [INFO]    ⏳ Turnstile detectado — esperando resolución automática...
2026-09-05 16:10:26,853 [INFO]    ✅ Turnstile resuelto
2026-09-05 16:10:37,719 [INFO]    ⏳ Turnstile detectado — esperando resolución automática...
2026-09-05 16:10:37,742 [INFO]    ✅ Turnstile resuelto
2026-09-05 16:10:48,620 [INFO]    ⏳ Turnstile detectado — esperando resolución automática...
2026-09-05 16:10:48,659 [INFO]    ✅ Turnstile resuelto
2026-09-05 16:10:56,227 [ERROR] Error Playwright en https://www.opcionempleo.com.ar/jobad/ar5602729c74c81aa243b0c9d1bd0ee8fe: Page.goto: net::ERR_NAME_NOT_RESOLVED at https://www.opcionempleo.com.ar/jobad/ar5602729c74c81aa243b0c9d1bd0ee8fe
Call log:
  - navigating to "https://www.opcionempleo.com.ar/jobad/ar5602729c74c81aa243b0c9d1bd0ee8fe", waiting until "domcontentloaded"

2026-09-05 16:11:15,708 [INFO]    ⏳ Turnstile detectado — esperando resolución automática...
2026-09-05 16:11:15,729 [INFO]    ✅ Turnstile resuelto
2026-09-05 16:11:27,382 [INFO]    ⏳ Turnstile detectado — esperando resolución automática...
2026-09-05 16:11:27,404 [INFO]    ✅ Turnstile resuelto
2026-09-05 16:11:38,507 [INFO]    ⏳ Turnstile detectado — esperando resolución automática...
2026-09-05 16:11:38,529 [INFO]    ✅ Turnstile resuelto
2026-09-05 16:11:48,936 [INFO]    ⏳ Turnstile detectado — esperando resolución automática...
2026-09-05 16:11:48,958 [INFO]    ✅ Turnstile resuelto
2026-09-05 16:12:01,129 [INFO]    ⏳ Turnstile detectado — esperando resolución automática...
2026-09-05 16:12:01,153 [INFO]    ✅ Turnstile resuelto
2026-09-05 16:12:12,814 [INFO]    ⏳ Turnstile detectado — esperando resolución automática...
2026-09-05 16:12:12,835 [INFO]    ✅ Turnstile resuelto
2026-09-05 16:12:23,728 [INFO]    ⏳ Turnstile detectado — esperando resolución automática...
2026-09-05 16:12:23,749 [INFO]    ✅ Turnstile resuelto
2026-09-05 16:12:33,696 [INFO]    ⏳ Turnstile detectado — esperando resolución automática...
2026-09-05 16:12:33,718 [INFO]    ✅ Turnstile resuelto
2026-09-05 16:12:46,932 [INFO]    ⏳ Turnstile detectado — esperando resolución automática...
2026-09-05 16:12:47,005 [INFO]    ✅ Turnstile resuelto
2026-09-05 16:12:57,196 [INFO]    ⏳ Turnstile detectado — esperando resolución automática...
2026-09-05 16:12:57,229 [INFO]    ✅ Turnstile resuelto
2026-09-05 16:13:09,030 [INFO]    ⏳ Turnstile detectado — esperando resolución automática...
2026-09-05 16:13:09,052 [INFO]    ✅ Turnstile resuelto
2026-09-05 16:13:20,395 [INFO]    ⏳ Turnstile detectado — esperando resolución automática...
2026-09-05 16:13:20,417 [INFO]    ✅ Turnstile resuelto
2026-09-05 16:13:30,832 [INFO]    ⏳ Turnstile detectado — esperando resolución automática...
2026-09-05 16:13:30,854 [INFO]    ✅ Turnstile resuelto
2026-09-05 16:13:42,603 [INFO]    ⏳ Turnstile detectado — esperando resolución automática...
2026-09-05 16:13:42,639 [INFO]    ✅ Turnstile resuelto
2026-09-05 16:13:46,344 [INFO] Exportadas 100 ofertas → /media/carlos-a-cicconi/Common1/Repositorios-Ing.Carlos-Cicconi/Trabajo_Final_MCD/data/raw/ofertas_opcionempleo_20260905.csv
2026-09-05 16:13:46,344 [INFO] ✅ 'Machine Learning Engineer': 100 ofertas guardadas
2026-09-05 16:13:46,344 [INFO]    💤 Pausa: 8.0s
2026-09-05 16:13:54,389 [INFO] 
🔍 Buscando: 'NLP Engineer'
2026-09-05 16:13:54,396 [INFO]    Página 1/5 → https://www.opcionempleo.com.ar/trabajo-nlp.html
2026-09-05 16:14:03,937 [INFO]    ⏳ Turnstile detectado — esperando resolución automática...
2026-09-05 16:14:03,961 [INFO]    ✅ Turnstile resuelto
2026-09-05 16:14:08,061 [INFO]    → 17 ofertas encontradas
2026-09-05 16:14:16,728 [INFO]    ⏳ Turnstile detectado — esperando resolución automática...
2026-09-05 16:14:16,749 [INFO]    ✅ Turnstile resuelto
2026-09-05 16:14:26,726 [INFO]    ⏳ Turnstile detectado — esperando resolución automática...
2026-09-05 16:14:26,748 [INFO]    ✅ Turnstile resuelto
2026-09-05 16:14:39,106 [INFO]    ⏳ Turnstile detectado — esperando resolución automática...
2026-09-05 16:14:39,142 [INFO]    ✅ Turnstile resuelto
2026-09-05 16:14:50,887 [INFO]    ⏳ Turnstile detectado — esperando resolución automática...
2026-09-05 16:14:50,909 [INFO]    ✅ Turnstile resuelto
2026-09-05 16:15:01,818 [INFO]    ⏳ Turnstile detectado — esperando resolución automática...
2026-09-05 16:15:01,841 [INFO]    ✅ Turnstile resuelto
2026-09-05 16:15:14,589 [INFO]    ⏳ Turnstile detectado — esperando resolución automática...
2026-09-05 16:15:14,616 [INFO]    ✅ Turnstile resuelto
2026-09-05 16:15:26,368 [INFO]    ⏳ Turnstile detectado — esperando resolución automática...
2026-09-05 16:15:26,394 [INFO]    ✅ Turnstile resuelto
2026-09-05 16:15:36,882 [INFO]    ⏳ Turnstile detectado — esperando resolución automática...
2026-09-05 16:15:36,918 [INFO]    ✅ Turnstile resuelto
2026-09-05 16:15:47,420 [INFO]    ⏳ Turnstile detectado — esperando resolución automática...
2026-09-05 16:15:47,445 [INFO]    ✅ Turnstile resuelto
2026-09-05 16:15:55,165 [ERROR] Error Playwright en https://www.opcionempleo.com.ar/jobad/ar9a7c0846227052b49b773dcead26d984: Page.goto: net::ERR_NETWORK_CHANGED at https://www.opcionempleo.com.ar/jobad/ar9a7c0846227052b49b773dcead26d984
Call log:
  - navigating to "https://www.opcionempleo.com.ar/jobad/ar9a7c0846227052b49b773dcead26d984", waiting until "domcontentloaded"

2026-09-05 16:16:03,027 [INFO]    ⏳ Turnstile detectado — esperando resolución automática...
2026-09-05 16:16:03,049 [INFO]    ✅ Turnstile resuelto
2026-09-05 16:16:13,682 [INFO]    ⏳ Turnstile detectado — esperando resolución automática...
2026-09-05 16:16:13,702 [INFO]    ✅ Turnstile resuelto
2026-09-05 16:16:24,472 [INFO]    ⏳ Turnstile detectado — esperando resolución automática...
2026-09-05 16:16:24,493 [INFO]    ✅ Turnstile resuelto
2026-09-05 16:16:36,560 [INFO]    ⏳ Turnstile detectado — esperando resolución automática...
2026-09-05 16:16:36,581 [INFO]    ✅ Turnstile resuelto
2026-09-05 16:16:47,869 [INFO]    ⏳ Turnstile detectado — esperando resolución automática...
2026-09-05 16:16:47,902 [INFO]    ✅ Turnstile resuelto
2026-09-05 16:16:54,968 [ERROR] Error Playwright en https://www.opcionempleo.com.ar/jobad/ar2a80f59605e0ed529a351159d77ee81d: Page.goto: net::ERR_NETWORK_CHANGED at https://www.opcionempleo.com.ar/jobad/ar2a80f59605e0ed529a351159d77ee81d
Call log:
  - navigating to "https://www.opcionempleo.com.ar/jobad/ar2a80f59605e0ed529a351159d77ee81d", waiting until "domcontentloaded"

2026-09-05 16:17:10,745 [INFO]    ⏳ Turnstile detectado — esperando resolución automática...
2026-09-05 16:17:10,768 [INFO]    ✅ Turnstile resuelto
2026-09-05 16:17:14,832 [INFO]    Página 2/5 → https://www.opcionempleo.com.ar/trabajo-nlp.html?p=2
2026-09-05 16:17:25,999 [INFO]    ⏳ Turnstile detectado — esperando resolución automática...
2026-09-05 16:17:26,048 [INFO]    ✅ Turnstile resuelto
2026-09-05 16:17:30,125 [INFO]    → 11 ofertas encontradas
2026-09-05 16:17:46,030 [INFO]    ⏳ Turnstile detectado — esperando resolución automática...
2026-09-05 16:17:46,053 [INFO]    ✅ Turnstile resuelto
2026-09-05 16:17:56,425 [INFO]    ⏳ Turnstile detectado — esperando resolución automática...
2026-09-05 16:17:56,464 [INFO]    ✅ Turnstile resuelto
2026-09-05 16:18:08,695 [INFO]    ⏳ Turnstile detectado — esperando resolución automática...
2026-09-05 16:18:08,716 [INFO]    ✅ Turnstile resuelto
2026-09-05 16:18:20,395 [INFO]    ⏳ Turnstile detectado — esperando resolución automática...
2026-09-05 16:18:20,416 [INFO]    ✅ Turnstile resuelto
2026-09-05 16:18:32,854 [INFO]    ⏳ Turnstile detectado — esperando resolución automática...
2026-09-05 16:18:32,874 [INFO]    ✅ Turnstile resuelto
2026-09-05 16:18:45,336 [INFO]    ⏳ Turnstile detectado — esperando resolución automática...
2026-09-05 16:18:45,357 [INFO]    ✅ Turnstile resuelto
2026-09-05 16:18:57,196 [INFO]    ⏳ Turnstile detectado — esperando resolución automática...
2026-09-05 16:18:57,233 [INFO]    ✅ Turnstile resuelto
2026-09-05 16:19:09,089 [INFO]    ⏳ Turnstile detectado — esperando resolución automática...
2026-09-05 16:19:09,110 [INFO]    ✅ Turnstile resuelto
2026-09-05 16:19:19,281 [INFO]    ⏳ Turnstile detectado — esperando resolución automática...
2026-09-05 16:19:19,306 [INFO]    ✅ Turnstile resuelto
2026-09-05 16:19:31,304 [INFO]    ⏳ Turnstile detectado — esperando resolución automática...
2026-09-05 16:19:31,325 [INFO]    ✅ Turnstile resuelto
2026-09-05 16:19:44,652 [INFO]    ⏳ Turnstile detectado — esperando resolución automática...
2026-09-05 16:19:44,688 [INFO]    ✅ Turnstile resuelto
2026-09-05 16:19:48,059 [INFO]    Página 3/5 → https://www.opcionempleo.com.ar/trabajo-nlp.html?p=3
2026-09-05 16:20:10,696 [INFO]    ⏳ Turnstile detectado — esperando resolución automática...
2026-09-05 16:20:10,720 [INFO]    ✅ Turnstile resuelto
2026-09-05 16:20:15,160 [INFO]    → 16 ofertas encontradas
2026-09-05 16:20:23,674 [INFO]    ⏳ Turnstile detectado — esperando resolución automática...
2026-09-05 16:20:23,699 [INFO]    ✅ Turnstile resuelto
2026-09-05 16:20:39,433 [INFO]    ⏳ Turnstile detectado — esperando resolución automática...
2026-09-05 16:20:39,455 [INFO]    ✅ Turnstile resuelto
2026-09-05 16:20:52,076 [INFO]    ⏳ Turnstile detectado — esperando resolución automática...
2026-09-05 16:20:52,108 [INFO]    ✅ Turnstile resuelto
2026-09-05 16:21:10,991 [INFO]    ⏳ Turnstile detectado — esperando resolución automática...
2026-09-05 16:21:11,012 [INFO]    ✅ Turnstile resuelto
2026-09-05 16:21:30,081 [INFO]    ⏳ Turnstile detectado — esperando resolución automática...
2026-09-05 16:21:30,102 [INFO]    ✅ Turnstile resuelto
2026-09-05 16:21:41,917 [INFO]    ⏳ Turnstile detectado — esperando resolución automática...
2026-09-05 16:21:41,938 [INFO]    ✅ Turnstile resuelto
2026-09-05 16:21:56,892 [INFO]    ⏳ Turnstile detectado — esperando resolución automática...
2026-09-05 16:21:56,926 [INFO]    ✅ Turnstile resuelto
2026-09-05 16:22:08,120 [INFO]    ⏳ Turnstile detectado — esperando resolución automática...
2026-09-05 16:22:08,141 [INFO]    ✅ Turnstile resuelto
2026-09-05 16:22:17,637 [INFO]    ⏳ Turnstile detectado — esperando resolución automática...
2026-09-05 16:22:17,660 [INFO]    ✅ Turnstile resuelto
2026-09-05 16:22:27,865 [INFO]    ⏳ Turnstile detectado — esperando resolución automática...
2026-09-05 16:22:27,888 [INFO]    ✅ Turnstile resuelto
2026-09-05 16:22:38,246 [INFO]    ⏳ Turnstile detectado — esperando resolución automática...
2026-09-05 16:22:38,271 [INFO]    ✅ Turnstile resuelto
2026-09-05 16:22:47,978 [INFO]    ⏳ Turnstile detectado — esperando resolución automática...
2026-09-05 16:22:48,002 [INFO]    ✅ Turnstile resuelto
2026-09-05 16:22:58,280 [INFO]    ⏳ Turnstile detectado — esperando resolución automática...
2026-09-05 16:22:58,304 [INFO]    ✅ Turnstile resuelto
2026-09-05 16:23:07,569 [INFO]    ⏳ Turnstile detectado — esperando resolución automática...
2026-09-05 16:23:07,592 [INFO]    ✅ Turnstile resuelto
2026-09-05 16:23:17,474 [INFO]    ⏳ Turnstile detectado — esperando resolución automática...
2026-09-05 16:23:17,497 [INFO]    ✅ Turnstile resuelto
2026-09-05 16:23:28,535 [INFO]    ⏳ Turnstile detectado — esperando resolución automática...
2026-09-05 16:23:28,566 [INFO]    ✅ Turnstile resuelto
2026-09-05 16:23:32,237 [INFO]    Página 4/5 → https://www.opcionempleo.com.ar/trabajo-nlp.html?p=4
2026-09-05 16:23:42,856 [INFO]    ⏳ Turnstile detectado — esperando resolución automática...
2026-09-05 16:23:42,881 [INFO]    ✅ Turnstile resuelto
2026-09-05 16:23:47,098 [INFO]    → 12 ofertas encontradas
2026-09-05 16:23:53,973 [INFO]    ⏳ Turnstile detectado — esperando resolución automática...
2026-09-05 16:23:53,996 [INFO]    ✅ Turnstile resuelto
2026-09-05 16:24:04,861 [INFO]    ⏳ Turnstile detectado — esperando resolución automática...
2026-09-05 16:24:04,885 [INFO]    ✅ Turnstile resuelto
2026-09-05 16:24:15,903 [INFO]    ⏳ Turnstile detectado — esperando resolución automática...
2026-09-05 16:24:15,928 [INFO]    ✅ Turnstile resuelto
2026-09-05 16:24:26,298 [INFO]    ⏳ Turnstile detectado — esperando resolución automática...
2026-09-05 16:24:26,333 [INFO]    ✅ Turnstile resuelto
2026-09-05 16:24:35,978 [INFO]    ⏳ Turnstile detectado — esperando resolución automática...
2026-09-05 16:24:36,001 [INFO]    ✅ Turnstile resuelto
2026-09-05 16:24:47,074 [INFO]    ⏳ Turnstile detectado — esperando resolución automática...
2026-09-05 16:24:47,096 [INFO]    ✅ Turnstile resuelto
2026-09-05 16:24:58,526 [INFO]    ⏳ Turnstile detectado — esperando resolución automática...
2026-09-05 16:24:58,549 [INFO]    ✅ Turnstile resuelto
2026-09-05 16:25:09,694 [INFO]    ⏳ Turnstile detectado — esperando resolución automática...
2026-09-05 16:25:09,732 [INFO]    ✅ Turnstile resuelto
2026-09-05 16:25:20,373 [INFO]    ⏳ Turnstile detectado — esperando resolución automática...
2026-09-05 16:25:20,397 [INFO]    ✅ Turnstile resuelto
2026-09-05 16:25:31,250 [INFO]    ⏳ Turnstile detectado — esperando resolución automática...
2026-09-05 16:25:31,283 [INFO]    ✅ Turnstile resuelto
2026-09-05 16:25:41,436 [INFO]    ⏳ Turnstile detectado — esperando resolución automática...
2026-09-05 16:25:41,490 [INFO]    ✅ Turnstile resuelto
2026-09-05 16:25:51,513 [INFO]    ⏳ Turnstile detectado — esperando resolución automática...
2026-09-05 16:25:51,548 [INFO]    ✅ Turnstile resuelto
2026-09-05 16:25:55,452 [INFO]    Página 5/5 → https://www.opcionempleo.com.ar/trabajo-nlp.html?p=5
2026-09-05 16:26:03,038 [INFO]    ⏳ Turnstile detectado — esperando resolución automática...
2026-09-05 16:26:03,061 [INFO]    ✅ Turnstile resuelto
2026-09-05 16:26:07,338 [INFO]    → 0 ofertas encontradas
2026-09-05 16:26:07,338 [INFO]    → Sin más resultados.
2026-09-05 16:26:07,352 [INFO] Exportadas 56 ofertas → /media/carlos-a-cicconi/Common1/Repositorios-Ing.Carlos-Cicconi/Trabajo_Final_MCD/data/raw/ofertas_opcionempleo_20260905.csv
2026-09-05 16:26:07,352 [INFO] ✅ 'NLP Engineer': 56 ofertas guardadas
2026-09-05 16:26:07,352 [INFO]    💤 Pausa: 13.1s
2026-09-05 16:26:20,475 [INFO] 
🔍 Buscando: 'Data Engineer'
2026-09-05 16:26:20,476 [INFO]    Página 1/5 → https://www.opcionempleo.com.ar/trabajo-data-engineer.html
2026-09-05 16:26:28,352 [INFO]    ⏳ Turnstile detectado — esperando resolución automática...
2026-09-05 16:26:28,377 [INFO]    ✅ Turnstile resuelto
2026-09-05 16:26:32,580 [INFO]    → 17 ofertas encontradas
2026-09-05 16:26:39,881 [INFO]    ⏳ Turnstile detectado — esperando resolución automática...
2026-09-05 16:26:39,904 [INFO]    ✅ Turnstile resuelto
2026-09-05 16:26:51,875 [INFO]    ⏳ Turnstile detectado — esperando resolución automática...
2026-09-05 16:26:51,916 [INFO]    ✅ Turnstile resuelto
2026-09-05 16:27:01,923 [INFO]    ⏳ Turnstile detectado — esperando resolución automática...
2026-09-05 16:27:01,944 [INFO]    ✅ Turnstile resuelto
2026-09-05 16:27:11,864 [INFO]    ⏳ Turnstile detectado — esperando resolución automática...
2026-09-05 16:27:11,890 [INFO]    ✅ Turnstile resuelto
2026-09-05 16:27:23,116 [INFO]    ⏳ Turnstile detectado — esperando resolución automática...
2026-09-05 16:27:23,138 [INFO]    ✅ Turnstile resuelto
2026-09-05 16:27:33,203 [INFO]    ⏳ Turnstile detectado — esperando resolución automática...
2026-09-05 16:27:33,243 [INFO]    ✅ Turnstile resuelto
2026-09-05 16:27:43,159 [INFO]    ⏳ Turnstile detectado — esperando resolución automática...
2026-09-05 16:27:43,181 [INFO]    ✅ Turnstile resuelto
2026-09-05 16:27:53,088 [INFO]    ⏳ Turnstile detectado — esperando resolución automática...
2026-09-05 16:27:53,109 [INFO]    ✅ Turnstile resuelto
2026-09-05 16:28:02,973 [INFO]    ⏳ Turnstile detectado — esperando resolución automática...
2026-09-05 16:28:02,997 [INFO]    ✅ Turnstile resuelto
2026-09-05 16:28:12,864 [INFO]    ⏳ Turnstile detectado — esperando resolución automática...
2026-09-05 16:28:12,888 [INFO]    ✅ Turnstile resuelto
2026-09-05 16:28:23,942 [INFO]    ⏳ Turnstile detectado — esperando resolución automática...
2026-09-05 16:28:23,981 [INFO]    ✅ Turnstile resuelto
2026-09-05 16:28:34,901 [INFO]    ⏳ Turnstile detectado — esperando resolución automática...
2026-09-05 16:28:34,930 [INFO]    ✅ Turnstile resuelto
2026-09-05 16:28:44,837 [INFO]    ⏳ Turnstile detectado — esperando resolución automática...
2026-09-05 16:28:44,858 [INFO]    ✅ Turnstile resuelto
2026-09-05 16:28:55,854 [INFO]    ⏳ Turnstile detectado — esperando resolución automática...
2026-09-05 16:28:55,878 [INFO]    ✅ Turnstile resuelto
2026-09-05 16:29:05,525 [INFO]    ⏳ Turnstile detectado — esperando resolución automática...
2026-09-05 16:29:05,562 [INFO]    ✅ Turnstile resuelto
2026-09-05 16:29:17,118 [INFO]    ⏳ Turnstile detectado — esperando resolución automática...
2026-09-05 16:29:17,139 [INFO]    ✅ Turnstile resuelto
2026-09-05 16:29:27,484 [INFO]    ⏳ Turnstile detectado — esperando resolución automática...
2026-09-05 16:29:27,505 [INFO]    ✅ Turnstile resuelto
2026-09-05 16:29:31,089 [INFO]    Página 2/5 → https://www.opcionempleo.com.ar/trabajo-data-engineer.html?p=2
2026-09-05 16:29:39,807 [INFO]    ⏳ Turnstile detectado — esperando resolución automática...
2026-09-05 16:29:39,831 [INFO]    ✅ Turnstile resuelto
2026-09-05 16:29:44,076 [INFO]    → 20 ofertas encontradas
2026-09-05 16:29:50,137 [INFO]    ⏳ Turnstile detectado — esperando resolución automática...
2026-09-05 16:29:50,159 [INFO]    ✅ Turnstile resuelto
2026-09-05 16:30:01,363 [INFO]    ⏳ Turnstile detectado — esperando resolución automática...
2026-09-05 16:30:01,387 [INFO]    ✅ Turnstile resuelto
2026-09-05 16:30:13,214 [INFO]    ⏳ Turnstile detectado — esperando resolución automática...
2026-09-05 16:30:13,236 [INFO]    ✅ Turnstile resuelto
2026-09-05 16:30:25,723 [INFO]    ⏳ Turnstile detectado — esperando resolución automática...
2026-09-05 16:30:25,748 [INFO]    ✅ Turnstile resuelto
2026-09-05 16:30:36,603 [INFO]    ⏳ Turnstile detectado — esperando resolución automática...
2026-09-05 16:30:36,626 [INFO]    ✅ Turnstile resuelto
2026-09-05 16:30:48,781 [INFO]    ⏳ Turnstile detectado — esperando resolución automática...
2026-09-05 16:30:48,805 [INFO]    ✅ Turnstile resuelto
2026-09-05 16:31:01,158 [INFO]    ⏳ Turnstile detectado — esperando resolución automática...
2026-09-05 16:31:01,185 [INFO]    ✅ Turnstile resuelto
2026-09-05 16:31:12,302 [INFO]    ⏳ Turnstile detectado — esperando resolución automática...
2026-09-05 16:31:12,324 [INFO]    ✅ Turnstile resuelto
2026-09-05 16:31:22,930 [INFO]    ⏳ Turnstile detectado — esperando resolución automática...
2026-09-05 16:31:22,952 [INFO]    ✅ Turnstile resuelto
2026-09-05 16:31:33,443 [INFO]    ⏳ Turnstile detectado — esperando resolución automática...
2026-09-05 16:31:33,465 [INFO]    ✅ Turnstile resuelto
2026-09-05 16:31:45,166 [INFO]    ⏳ Turnstile detectado — esperando resolución automática...
2026-09-05 16:31:45,188 [INFO]    ✅ Turnstile resuelto
2026-09-05 16:31:57,008 [INFO]    ⏳ Turnstile detectado — esperando resolución automática...
2026-09-05 16:31:57,029 [INFO]    ✅ Turnstile resuelto
2026-09-05 16:32:08,265 [INFO]    ⏳ Turnstile detectado — esperando resolución automática...
2026-09-05 16:32:08,301 [INFO]    ✅ Turnstile resuelto
2026-09-05 16:32:18,450 [INFO]    ⏳ Turnstile detectado — esperando resolución automática...
2026-09-05 16:32:18,472 [INFO]    ✅ Turnstile resuelto
2026-09-05 16:32:28,333 [INFO]    ⏳ Turnstile detectado — esperando resolución automática...
2026-09-05 16:32:28,354 [INFO]    ✅ Turnstile resuelto
2026-09-05 16:32:39,519 [INFO]    ⏳ Turnstile detectado — esperando resolución automática...
2026-09-05 16:32:39,544 [INFO]    ✅ Turnstile resuelto
2026-09-05 16:32:50,366 [INFO]    ⏳ Turnstile detectado — esperando resolución automática...
2026-09-05 16:32:50,388 [INFO]    ✅ Turnstile resuelto
2026-09-05 16:33:01,819 [INFO]    ⏳ Turnstile detectado — esperando resolución automática...
2026-09-05 16:33:01,857 [INFO]    ✅ Turnstile resuelto
2026-09-05 16:33:12,787 [INFO]    ⏳ Turnstile detectado — esperando resolución automática...
2026-09-05 16:33:12,812 [INFO]    ✅ Turnstile resuelto
2026-09-05 16:33:22,945 [INFO]    ⏳ Turnstile detectado — esperando resolución automática...
2026-09-05 16:33:22,966 [INFO]    ✅ Turnstile resuelto
2026-09-05 16:33:26,587 [INFO]    Página 3/5 → https://www.opcionempleo.com.ar/trabajo-data-engineer.html?p=3
2026-09-05 16:33:36,489 [INFO]    ⏳ Turnstile detectado — esperando resolución automática...
2026-09-05 16:33:36,516 [INFO]    ✅ Turnstile resuelto
2026-09-05 16:33:40,671 [INFO]    → 20 ofertas encontradas
2026-09-05 16:33:48,228 [INFO]    ⏳ Turnstile detectado — esperando resolución automática...
2026-09-05 16:33:48,254 [INFO]    ✅ Turnstile resuelto
2026-09-05 16:33:58,971 [INFO]    ⏳ Turnstile detectado — esperando resolución automática...
2026-09-05 16:33:58,995 [INFO]    ✅ Turnstile resuelto
2026-09-05 16:34:09,405 [INFO]    ⏳ Turnstile detectado — esperando resolución automática...
2026-09-05 16:34:09,426 [INFO]    ✅ Turnstile resuelto
2026-09-05 16:34:19,419 [INFO]    ⏳ Turnstile detectado — esperando resolución automática...
2026-09-05 16:34:19,441 [INFO]    ✅ Turnstile resuelto
2026-09-05 16:34:31,207 [INFO]    ⏳ Turnstile detectado — esperando resolución automática...
2026-09-05 16:34:31,242 [INFO]    ✅ Turnstile resuelto
2026-09-05 16:34:42,655 [INFO]    ⏳ Turnstile detectado — esperando resolución automática...
2026-09-05 16:34:42,677 [INFO]    ✅ Turnstile resuelto
2026-09-05 16:34:53,191 [INFO]    ⏳ Turnstile detectado — esperando resolución automática...
2026-09-05 16:34:53,213 [INFO]    ✅ Turnstile resuelto
2026-09-05 16:35:05,100 [INFO]    ⏳ Turnstile detectado — esperando resolución automática...
2026-09-05 16:35:05,123 [INFO]    ✅ Turnstile resuelto
2026-09-05 16:35:15,841 [INFO]    ⏳ Turnstile detectado — esperando resolución automática...
2026-09-05 16:35:15,867 [INFO]    ✅ Turnstile resuelto
2026-09-05 16:35:26,572 [INFO]    ⏳ Turnstile detectado — esperando resolución automática...
2026-09-05 16:35:26,609 [INFO]    ✅ Turnstile resuelto
2026-09-05 16:35:36,231 [INFO]    ⏳ Turnstile detectado — esperando resolución automática...
2026-09-05 16:35:36,256 [INFO]    ✅ Turnstile resuelto
2026-09-05 16:35:47,834 [INFO]    ⏳ Turnstile detectado — esperando resolución automática...
2026-09-05 16:35:47,858 [INFO]    ✅ Turnstile resuelto
2026-09-05 16:35:57,742 [INFO]    ⏳ Turnstile detectado — esperando resolución automática...
2026-09-05 16:35:57,764 [INFO]    ✅ Turnstile resuelto
2026-09-05 16:36:09,131 [INFO]    ⏳ Turnstile detectado — esperando resolución automática...
2026-09-05 16:36:09,157 [INFO]    ✅ Turnstile resuelto
2026-09-05 16:36:19,973 [INFO]    ⏳ Turnstile detectado — esperando resolución automática...
2026-09-05 16:36:19,994 [INFO]    ✅ Turnstile resuelto
2026-09-05 16:36:31,653 [INFO]    ⏳ Turnstile detectado — esperando resolución automática...
2026-09-05 16:36:31,697 [INFO]    ✅ Turnstile resuelto
2026-09-05 16:36:43,739 [INFO]    ⏳ Turnstile detectado — esperando resolución automática...
2026-09-05 16:36:43,761 [INFO]    ✅ Turnstile resuelto
2026-09-05 16:36:53,936 [INFO]    ⏳ Turnstile detectado — esperando resolución automática...
2026-09-05 16:36:53,959 [INFO]    ✅ Turnstile resuelto
2026-09-05 16:37:04,915 [INFO]    ⏳ Turnstile detectado — esperando resolución automática...
2026-09-05 16:37:04,942 [INFO]    ✅ Turnstile resuelto
2026-09-05 16:37:14,458 [INFO]    ⏳ Turnstile detectado — esperando resolución automática...
2026-09-05 16:37:14,483 [INFO]    ✅ Turnstile resuelto
2026-09-05 16:37:18,192 [INFO]    Página 4/5 → https://www.opcionempleo.com.ar/trabajo-data-engineer.html?p=4
2026-09-05 16:37:27,668 [INFO]    ⏳ Turnstile detectado — esperando resolución automática...
2026-09-05 16:37:27,691 [INFO]    ✅ Turnstile resuelto
2026-09-05 16:37:31,845 [INFO]    → 20 ofertas encontradas
2026-09-05 16:37:40,338 [INFO]    ⏳ Turnstile detectado — esperando resolución automática...
2026-09-05 16:37:40,364 [INFO]    ✅ Turnstile resuelto
2026-09-05 16:37:52,771 [INFO]    ⏳ Turnstile detectado — esperando resolución automática...
2026-09-05 16:37:52,793 [INFO]    ✅ Turnstile resuelto
2026-09-05 16:38:04,794 [INFO]    ⏳ Turnstile detectado — esperando resolución automática...
2026-09-05 16:38:04,817 [INFO]    ✅ Turnstile resuelto
2026-09-05 16:38:16,127 [INFO]    ⏳ Turnstile detectado — esperando resolución automática...
2026-09-05 16:38:16,170 [INFO]    ✅ Turnstile resuelto
2026-09-05 16:38:26,594 [INFO]    ⏳ Turnstile detectado — esperando resolución automática...
2026-09-05 16:38:26,615 [INFO]    ✅ Turnstile resuelto
2026-09-05 16:38:38,213 [INFO]    ⏳ Turnstile detectado — esperando resolución automática...
2026-09-05 16:38:38,234 [INFO]    ✅ Turnstile resuelto
2026-09-05 16:38:48,453 [INFO]    ⏳ Turnstile detectado — esperando resolución automática...
2026-09-05 16:38:48,475 [INFO]    ✅ Turnstile resuelto
2026-09-05 16:38:59,366 [INFO]    ⏳ Turnstile detectado — esperando resolución automática...
2026-09-05 16:38:59,409 [INFO]    ✅ Turnstile resuelto
2026-09-05 16:39:11,812 [INFO]    ⏳ Turnstile detectado — esperando resolución automática...
2026-09-05 16:39:11,834 [INFO]    ✅ Turnstile resuelto
2026-09-05 16:39:23,319 [INFO]    ⏳ Turnstile detectado — esperando resolución automática...
2026-09-05 16:39:23,345 [INFO]    ✅ Turnstile resuelto
2026-09-05 16:39:33,226 [INFO]    ⏳ Turnstile detectado — esperando resolución automática...
2026-09-05 16:39:33,250 [INFO]    ✅ Turnstile resuelto
2026-09-05 16:39:45,311 [INFO]    ⏳ Turnstile detectado — esperando resolución automática...
2026-09-05 16:39:45,354 [INFO]    ✅ Turnstile resuelto
2026-09-05 16:39:57,525 [INFO]    ⏳ Turnstile detectado — esperando resolución automática...
2026-09-05 16:39:57,547 [INFO]    ✅ Turnstile resuelto
2026-09-05 16:40:08,756 [INFO]    ⏳ Turnstile detectado — esperando resolución automática...
2026-09-05 16:40:08,780 [INFO]    ✅ Turnstile resuelto
2026-09-05 16:40:18,929 [INFO]    ⏳ Turnstile detectado — esperando resolución automática...
2026-09-05 16:40:18,952 [INFO]    ✅ Turnstile resuelto
2026-09-05 16:40:29,443 [INFO]    ⏳ Turnstile detectado — esperando resolución automática...
2026-09-05 16:40:29,485 [INFO]    ✅ Turnstile resuelto
2026-09-05 16:40:41,136 [INFO]    ⏳ Turnstile detectado — esperando resolución automática...
2026-09-05 16:40:41,161 [INFO]    ✅ Turnstile resuelto
2026-09-05 16:40:53,171 [INFO]    ⏳ Turnstile detectado — esperando resolución automática...
2026-09-05 16:40:53,194 [INFO]    ✅ Turnstile resuelto
2026-09-05 16:41:04,372 [INFO]    ⏳ Turnstile detectado — esperando resolución automática...
2026-09-05 16:41:04,393 [INFO]    ✅ Turnstile resuelto
2026-09-05 16:41:15,706 [INFO]    ⏳ Turnstile detectado — esperando resolución automática...
2026-09-05 16:41:15,727 [INFO]    ✅ Turnstile resuelto
2026-09-05 16:41:19,809 [INFO]    Página 5/5 → https://www.opcionempleo.com.ar/trabajo-data-engineer.html?p=5
2026-09-05 16:41:27,808 [INFO]    ⏳ Turnstile detectado — esperando resolución automática...
2026-09-05 16:41:27,838 [INFO]    ✅ Turnstile resuelto
2026-09-05 16:41:32,105 [INFO]    → 15 ofertas encontradas
2026-09-05 16:41:39,181 [INFO]    ⏳ Turnstile detectado — esperando resolución automática...
2026-09-05 16:41:39,205 [INFO]    ✅ Turnstile resuelto
2026-09-05 16:41:48,901 [INFO]    ⏳ Turnstile detectado — esperando resolución automática...
2026-09-05 16:41:48,923 [INFO]    ✅ Turnstile resuelto
2026-09-05 16:41:59,776 [INFO]    ⏳ Turnstile detectado — esperando resolución automática...
2026-09-05 16:41:59,801 [INFO]    ✅ Turnstile resuelto
2026-09-05 16:42:12,143 [INFO]    ⏳ Turnstile detectado — esperando resolución automática...
2026-09-05 16:42:12,165 [INFO]    ✅ Turnstile resuelto
2026-09-05 16:42:23,313 [INFO]    ⏳ Turnstile detectado — esperando resolución automática...
2026-09-05 16:42:23,335 [INFO]    ✅ Turnstile resuelto
2026-09-05 16:42:33,766 [INFO]    ⏳ Turnstile detectado — esperando resolución automática...
2026-09-05 16:42:33,788 [INFO]    ✅ Turnstile resuelto
2026-09-05 16:42:44,026 [INFO]    ⏳ Turnstile detectado — esperando resolución automática...
2026-09-05 16:42:44,049 [INFO]    ✅ Turnstile resuelto
2026-09-05 16:42:54,254 [INFO]    ⏳ Turnstile detectado — esperando resolución automática...
2026-09-05 16:42:54,295 [INFO]    ✅ Turnstile resuelto
2026-09-05 16:43:05,786 [INFO]    ⏳ Turnstile detectado — esperando resolución automática...
2026-09-05 16:43:05,809 [INFO]    ✅ Turnstile resuelto
2026-09-05 16:43:16,359 [INFO]    ⏳ Turnstile detectado — esperando resolución automática...
2026-09-05 16:43:16,385 [INFO]    ✅ Turnstile resuelto
2026-09-05 16:43:26,892 [INFO]    ⏳ Turnstile detectado — esperando resolución automática...
2026-09-05 16:43:26,913 [INFO]    ✅ Turnstile resuelto
2026-09-05 16:43:38,673 [INFO]    ⏳ Turnstile detectado — esperando resolución automática...
2026-09-05 16:43:38,695 [INFO]    ✅ Turnstile resuelto
2026-09-05 16:43:50,275 [INFO]    ⏳ Turnstile detectado — esperando resolución automática...
2026-09-05 16:43:50,298 [INFO]    ✅ Turnstile resuelto
2026-09-05 16:44:00,937 [INFO]    ⏳ Turnstile detectado — esperando resolución automática...
2026-09-05 16:44:00,960 [INFO]    ✅ Turnstile resuelto
2026-09-05 16:44:19,277 [INFO]    ⏳ Turnstile detectado — esperando resolución automática...
2026-09-05 16:44:19,298 [INFO]    ✅ Turnstile resuelto
2026-09-05 16:44:22,525 [INFO] Exportadas 92 ofertas → /media/carlos-a-cicconi/Common1/Repositorios-Ing.Carlos-Cicconi/Trabajo_Final_MCD/data/raw/ofertas_opcionempleo_20260905.csv
2026-09-05 16:44:22,525 [INFO] ✅ 'Data Engineer': 92 ofertas guardadas
2026-09-05 16:44:22,525 [INFO]    💤 Pausa: 13.8s
2026-09-05 16:44:36,344 [INFO] 
🔍 Buscando: 'Software Engineer'
2026-09-05 16:44:36,345 [INFO]    Página 1/5 → https://www.opcionempleo.com.ar/trabajo-software-engineer.html
2026-09-05 16:44:44,857 [INFO]    ⏳ Turnstile detectado — esperando resolución automática...
2026-09-05 16:44:44,882 [INFO]    ✅ Turnstile resuelto
2026-09-05 16:44:49,168 [INFO]    → 19 ofertas encontradas
2026-09-05 16:44:57,586 [INFO]    ⏳ Turnstile detectado — esperando resolución automática...
2026-09-05 16:44:57,611 [INFO]    ✅ Turnstile resuelto
2026-09-05 16:45:09,693 [INFO]    ⏳ Turnstile detectado — esperando resolución automática...
2026-09-05 16:45:09,716 [INFO]    ✅ Turnstile resuelto
2026-09-05 16:45:20,579 [INFO]    ⏳ Turnstile detectado — esperando resolución automática...
2026-09-05 16:45:20,600 [INFO]    ✅ Turnstile resuelto
2026-09-05 16:45:31,539 [INFO]    ⏳ Turnstile detectado — esperando resolución automática...
2026-09-05 16:45:31,565 [INFO]    ✅ Turnstile resuelto
2026-09-05 16:45:42,242 [INFO]    ⏳ Turnstile detectado — esperando resolución automática...
2026-09-05 16:45:42,279 [INFO]    ✅ Turnstile resuelto
2026-09-05 16:45:53,034 [INFO]    ⏳ Turnstile detectado — esperando resolución automática...
2026-09-05 16:45:53,059 [INFO]    ✅ Turnstile resuelto
2026-09-05 16:46:05,937 [INFO]    ⏳ Turnstile detectado — esperando resolución automática...
2026-09-05 16:46:05,959 [INFO]    ✅ Turnstile resuelto
2026-09-05 16:46:16,587 [INFO]    ⏳ Turnstile detectado — esperando resolución automática...
2026-09-05 16:46:16,612 [INFO]    ✅ Turnstile resuelto
2026-09-05 16:46:28,901 [INFO]    ⏳ Turnstile detectado — esperando resolución automática...
2026-09-05 16:46:28,936 [INFO]    ✅ Turnstile resuelto
2026-09-05 16:46:40,580 [INFO]    ⏳ Turnstile detectado — esperando resolución automática...
2026-09-05 16:46:40,604 [INFO]    ✅ Turnstile resuelto
2026-09-05 16:46:52,576 [INFO]    ⏳ Turnstile detectado — esperando resolución automática...
2026-09-05 16:46:52,601 [INFO]    ✅ Turnstile resuelto
2026-09-05 16:47:05,664 [INFO]    ⏳ Turnstile detectado — esperando resolución automática...
2026-09-05 16:47:05,685 [INFO]    ✅ Turnstile resuelto
2026-09-05 16:47:18,462 [INFO]    ⏳ Turnstile detectado — esperando resolución automática...
2026-09-05 16:47:18,484 [INFO]    ✅ Turnstile resuelto
2026-09-05 16:47:29,285 [INFO]    ⏳ Turnstile detectado — esperando resolución automática...
2026-09-05 16:47:29,307 [INFO]    ✅ Turnstile resuelto
2026-09-05 16:47:39,842 [INFO]    ⏳ Turnstile detectado — esperando resolución automática...
2026-09-05 16:47:39,864 [INFO]    ✅ Turnstile resuelto
2026-09-05 16:47:50,379 [INFO]    ⏳ Turnstile detectado — esperando resolución automática...
2026-09-05 16:47:50,402 [INFO]    ✅ Turnstile resuelto
2026-09-05 16:48:00,552 [INFO]    ⏳ Turnstile detectado — esperando resolución automática...
2026-09-05 16:48:00,575 [INFO]    ✅ Turnstile resuelto
2026-09-05 16:48:11,687 [INFO]    ⏳ Turnstile detectado — esperando resolución automática...
2026-09-05 16:48:11,708 [INFO]    ✅ Turnstile resuelto
2026-09-05 16:48:22,112 [INFO]    ⏳ Turnstile detectado — esperando resolución automática...
2026-09-05 16:48:22,134 [INFO]    ✅ Turnstile resuelto
2026-09-05 16:48:25,563 [INFO]    Página 2/5 → https://www.opcionempleo.com.ar/trabajo-software-engineer.html?p=2
2026-09-05 16:48:36,037 [INFO]    ⏳ Turnstile detectado — esperando resolución automática...
2026-09-05 16:48:36,078 [INFO]    ✅ Turnstile resuelto
2026-09-05 16:48:40,119 [INFO]    → 20 ofertas encontradas
2026-09-05 16:48:47,672 [INFO]    ⏳ Turnstile detectado — esperando resolución automática...
2026-09-05 16:48:47,694 [INFO]    ✅ Turnstile resuelto
2026-09-05 16:48:59,726 [INFO]    ⏳ Turnstile detectado — esperando resolución automática...
2026-09-05 16:48:59,752 [INFO]    ✅ Turnstile resuelto
2026-09-05 16:49:09,844 [INFO]    ⏳ Turnstile detectado — esperando resolución automática...
2026-09-05 16:49:09,884 [INFO]    ✅ Turnstile resuelto
2026-09-05 16:49:22,043 [INFO]    ⏳ Turnstile detectado — esperando resolución automática...
2026-09-05 16:49:22,065 [INFO]    ✅ Turnstile resuelto
2026-09-05 16:49:35,632 [INFO]    ⏳ Turnstile detectado — esperando resolución automática...
2026-09-05 16:49:35,656 [INFO]    ✅ Turnstile resuelto
2026-09-05 16:49:46,628 [INFO]    ⏳ Turnstile detectado — esperando resolución automática...
2026-09-05 16:49:46,650 [INFO]    ✅ Turnstile resuelto
2026-09-05 16:49:59,089 [INFO]    ⏳ Turnstile detectado — esperando resolución automática...
2026-09-05 16:49:59,128 [INFO]    ✅ Turnstile resuelto
2026-09-05 16:50:10,672 [INFO]    ⏳ Turnstile detectado — esperando resolución automática...
2026-09-05 16:50:10,698 [INFO]    ✅ Turnstile resuelto
2026-09-05 16:50:21,423 [INFO]    ⏳ Turnstile detectado — esperando resolución automática...
2026-09-05 16:50:21,448 [INFO]    ✅ Turnstile resuelto
2026-09-05 16:50:31,772 [INFO]    ⏳ Turnstile detectado — esperando resolución automática...
2026-09-05 16:50:31,795 [INFO]    ✅ Turnstile resuelto
2026-09-05 16:50:43,439 [INFO]    ⏳ Turnstile detectado — esperando resolución automática...
2026-09-05 16:50:43,482 [INFO]    ✅ Turnstile resuelto
2026-09-05 16:50:54,203 [INFO]    ⏳ Turnstile detectado — esperando resolución automática...
2026-09-05 16:50:54,228 [INFO]    ✅ Turnstile resuelto
2026-09-05 16:51:05,240 [INFO]    ⏳ Turnstile detectado — esperando resolución automática...
2026-09-05 16:51:05,262 [INFO]    ✅ Turnstile resuelto
2026-09-05 16:51:16,538 [INFO]    ⏳ Turnstile detectado — esperando resolución automática...
2026-09-05 16:51:16,560 [INFO]    ✅ Turnstile resuelto
2026-09-05 16:51:26,575 [INFO]    ⏳ Turnstile detectado — esperando resolución automática...
2026-09-05 16:51:26,603 [INFO]    ✅ Turnstile resuelto
2026-09-05 16:51:35,948 [INFO]    ⏳ Turnstile detectado — esperando resolución automática...
2026-09-05 16:51:35,984 [INFO]    ✅ Turnstile resuelto
2026-09-05 16:51:48,682 [INFO]    ⏳ Turnstile detectado — esperando resolución automática...
2026-09-05 16:51:48,703 [INFO]    ✅ Turnstile resuelto
2026-09-05 16:51:59,841 [INFO]    ⏳ Turnstile detectado — esperando resolución automática...
2026-09-05 16:51:59,862 [INFO]    ✅ Turnstile resuelto
2026-09-05 16:52:10,268 [INFO]    ⏳ Turnstile detectado — esperando resolución automática...
2026-09-05 16:52:10,294 [INFO]    ✅ Turnstile resuelto
2026-09-05 16:52:24,963 [INFO]    ⏳ Turnstile detectado — esperando resolución automática...
2026-09-05 16:52:24,984 [INFO]    ✅ Turnstile resuelto
2026-09-05 16:52:28,563 [INFO]    Página 3/5 → https://www.opcionempleo.com.ar/trabajo-software-engineer.html?p=3
2026-09-05 16:52:36,419 [INFO]    ⏳ Turnstile detectado — esperando resolución automática...
2026-09-05 16:52:36,443 [INFO]    ✅ Turnstile resuelto
2026-09-05 16:52:40,927 [INFO]    → 20 ofertas encontradas
2026-09-05 16:52:50,164 [INFO]    ⏳ Turnstile detectado — esperando resolución automática...
2026-09-05 16:52:50,186 [INFO]    ✅ Turnstile resuelto
2026-09-05 16:53:01,626 [INFO]    ⏳ Turnstile detectado — esperando resolución automática...
2026-09-05 16:53:01,648 [INFO]    ✅ Turnstile resuelto
2026-09-05 16:53:13,617 [INFO]    ⏳ Turnstile detectado — esperando resolución automática...
2026-09-05 16:53:13,638 [INFO]    ✅ Turnstile resuelto
2026-09-05 16:53:25,962 [INFO]    ⏳ Turnstile detectado — esperando resolución automática...
2026-09-05 16:53:25,998 [INFO]    ✅ Turnstile resuelto
2026-09-05 16:53:36,526 [INFO]    ⏳ Turnstile detectado — esperando resolución automática...
2026-09-05 16:53:36,549 [INFO]    ✅ Turnstile resuelto
2026-09-05 16:53:49,749 [INFO]    ⏳ Turnstile detectado — esperando resolución automática...
2026-09-05 16:53:49,770 [INFO]    ✅ Turnstile resuelto
2026-09-05 16:54:00,819 [INFO]    ⏳ Turnstile detectado — esperando resolución automática...
2026-09-05 16:54:00,841 [INFO]    ✅ Turnstile resuelto
2026-09-05 16:54:12,528 [INFO]    ⏳ Turnstile detectado — esperando resolución automática...
2026-09-05 16:54:12,552 [INFO]    ✅ Turnstile resuelto
2026-09-05 16:54:25,183 [INFO]    ⏳ Turnstile detectado — esperando resolución automática...
2026-09-05 16:54:25,221 [INFO]    ✅ Turnstile resuelto
2026-09-05 16:54:37,054 [INFO]    ⏳ Turnstile detectado — esperando resolución automática...
2026-09-05 16:54:37,077 [INFO]    ✅ Turnstile resuelto
2026-09-05 16:54:48,612 [INFO]    ⏳ Turnstile detectado — esperando resolución automática...
2026-09-05 16:54:48,637 [INFO]    ✅ Turnstile resuelto
2026-09-05 16:54:58,130 [INFO]    ⏳ Turnstile detectado — esperando resolución automática...
2026-09-05 16:54:58,154 [INFO]    ✅ Turnstile resuelto
2026-09-05 16:55:07,958 [INFO]    ⏳ Turnstile detectado — esperando resolución automática...
2026-09-05 16:55:07,980 [INFO]    ✅ Turnstile resuelto
2026-09-05 16:55:19,211 [INFO]    ⏳ Turnstile detectado — esperando resolución automática...
2026-09-05 16:55:19,233 [INFO]    ✅ Turnstile resuelto
2026-09-05 16:55:30,409 [INFO]    ⏳ Turnstile detectado — esperando resolución automática...
2026-09-05 16:55:30,430 [INFO]    ✅ Turnstile resuelto
2026-09-05 16:55:42,671 [INFO]    ⏳ Turnstile detectado — esperando resolución automática...
2026-09-05 16:55:42,692 [INFO]    ✅ Turnstile resuelto
2026-09-05 16:55:55,559 [INFO]    ⏳ Turnstile detectado — esperando resolución automática...
2026-09-05 16:55:55,582 [INFO]    ✅ Turnstile resuelto
2026-09-05 16:56:08,529 [INFO]    ⏳ Turnstile detectado — esperando resolución automática...
2026-09-05 16:56:08,551 [INFO]    ✅ Turnstile resuelto
2026-09-05 16:56:20,871 [INFO]    ⏳ Turnstile detectado — esperando resolución automática...
2026-09-05 16:56:20,892 [INFO]    ✅ Turnstile resuelto
2026-09-05 16:56:31,747 [INFO]    ⏳ Turnstile detectado — esperando resolución automática...
2026-09-05 16:56:31,769 [INFO]    ✅ Turnstile resuelto
2026-09-05 16:56:35,605 [INFO]    Página 4/5 → https://www.opcionempleo.com.ar/trabajo-software-engineer.html?p=4
2026-09-05 16:56:45,796 [INFO]    ⏳ Turnstile detectado — esperando resolución automática...
2026-09-05 16:56:45,822 [INFO]    ✅ Turnstile resuelto
2026-09-05 16:56:50,177 [INFO]    → 20 ofertas encontradas
2026-09-05 16:56:57,219 [INFO]    ⏳ Turnstile detectado — esperando resolución automática...
2026-09-05 16:56:57,241 [INFO]    ✅ Turnstile resuelto
2026-09-05 16:57:07,871 [INFO]    ⏳ Turnstile detectado — esperando resolución automática...
2026-09-05 16:57:07,894 [INFO]    ✅ Turnstile resuelto
2026-09-05 16:57:20,058 [INFO]    ⏳ Turnstile detectado — esperando resolución automática...
2026-09-05 16:57:20,082 [INFO]    ✅ Turnstile resuelto
2026-09-05 16:57:31,688 [INFO]    ⏳ Turnstile detectado — esperando resolución automática...
2026-09-05 16:57:31,712 [INFO]    ✅ Turnstile resuelto
2026-09-05 16:57:41,965 [INFO]    ⏳ Turnstile detectado — esperando resolución automática...
2026-09-05 16:57:41,987 [INFO]    ✅ Turnstile resuelto
2026-09-05 16:57:52,594 [INFO]    ⏳ Turnstile detectado — esperando resolución automática...
2026-09-05 16:57:52,631 [INFO]    ✅ Turnstile resuelto
2026-09-05 16:58:04,005 [INFO]    ⏳ Turnstile detectado — esperando resolución automática...
2026-09-05 16:58:04,026 [INFO]    ✅ Turnstile resuelto
2026-09-05 16:58:16,713 [INFO]    ⏳ Turnstile detectado — esperando resolución automática...
2026-09-05 16:58:16,736 [INFO]    ✅ Turnstile resuelto
2026-09-05 16:58:28,793 [INFO]    ⏳ Turnstile detectado — esperando resolución automática...
2026-09-05 16:58:28,816 [INFO]    ✅ Turnstile resuelto
2026-09-05 16:58:39,945 [INFO]    ⏳ Turnstile detectado — esperando resolución automática...
2026-09-05 16:58:39,978 [INFO]    ✅ Turnstile resuelto
2026-09-05 16:58:52,516 [INFO]    ⏳ Turnstile detectado — esperando resolución automática...
2026-09-05 16:58:52,537 [INFO]    ✅ Turnstile resuelto
2026-09-05 16:59:03,291 [INFO]    ⏳ Turnstile detectado — esperando resolución automática...
2026-09-05 16:59:03,313 [INFO]    ✅ Turnstile resuelto
2026-09-05 16:59:15,328 [INFO]    ⏳ Turnstile detectado — esperando resolución automática...
2026-09-05 16:59:15,349 [INFO]    ✅ Turnstile resuelto
2026-09-05 16:59:27,247 [INFO]    ⏳ Turnstile detectado — esperando resolución automática...
2026-09-05 16:59:27,283 [INFO]    ✅ Turnstile resuelto
2026-09-05 16:59:37,995 [INFO]    ⏳ Turnstile detectado — esperando resolución automática...
2026-09-05 16:59:38,017 [INFO]    ✅ Turnstile resuelto
2026-09-05 16:59:50,052 [INFO]    ⏳ Turnstile detectado — esperando resolución automática...
2026-09-05 16:59:50,074 [INFO]    ✅ Turnstile resuelto
2026-09-05 17:00:02,497 [INFO]    ⏳ Turnstile detectado — esperando resolución automática...
2026-09-05 17:00:02,518 [INFO]    ✅ Turnstile resuelto
2026-09-05 17:00:18,654 [INFO]    ⏳ Turnstile detectado — esperando resolución automática...
2026-09-05 17:00:18,691 [INFO]    ✅ Turnstile resuelto
2026-09-05 17:00:29,398 [INFO]    ⏳ Turnstile detectado — esperando resolución automática...
2026-09-05 17:00:29,420 [INFO]    ✅ Turnstile resuelto
2026-09-05 17:00:41,331 [INFO]    ⏳ Turnstile detectado — esperando resolución automática...
2026-09-05 17:00:41,353 [INFO]    ✅ Turnstile resuelto
2026-09-05 17:00:44,818 [INFO]    Página 5/5 → https://www.opcionempleo.com.ar/trabajo-software-engineer.html?p=5
2026-09-05 17:00:53,479 [INFO]    ⏳ Turnstile detectado — esperando resolución automática...
2026-09-05 17:00:53,503 [INFO]    ✅ Turnstile resuelto
2026-09-05 17:00:57,490 [INFO]    → 20 ofertas encontradas
2026-09-05 17:01:04,919 [INFO]    ⏳ Turnstile detectado — esperando resolución automática...
2026-09-05 17:01:04,940 [INFO]    ✅ Turnstile resuelto
2026-09-05 17:01:18,358 [INFO]    ⏳ Turnstile detectado — esperando resolución automática...
2026-09-05 17:01:18,382 [INFO]    ✅ Turnstile resuelto
2026-09-05 17:01:28,707 [INFO]    ⏳ Turnstile detectado — esperando resolución automática...
2026-09-05 17:01:28,731 [INFO]    ✅ Turnstile resuelto
2026-09-05 17:01:40,476 [INFO]    ⏳ Turnstile detectado — esperando resolución automática...
2026-09-05 17:01:40,511 [INFO]    ✅ Turnstile resuelto
2026-09-05 17:01:50,268 [INFO]    ⏳ Turnstile detectado — esperando resolución automática...
2026-09-05 17:01:50,289 [INFO]    ✅ Turnstile resuelto
2026-09-05 17:02:01,424 [INFO]    ⏳ Turnstile detectado — esperando resolución automática...
2026-09-05 17:02:01,448 [INFO]    ✅ Turnstile resuelto
2026-09-05 17:02:12,993 [INFO]    ⏳ Turnstile detectado — esperando resolución automática...
2026-09-05 17:02:13,019 [INFO]    ✅ Turnstile resuelto
2026-09-05 17:02:24,579 [INFO]    ⏳ Turnstile detectado — esperando resolución automática...
2026-09-05 17:02:24,601 [INFO]    ✅ Turnstile resuelto
2026-09-05 17:02:40,429 [INFO]    ⏳ Turnstile detectado — esperando resolución automática...
2026-09-05 17:02:40,452 [INFO]    ✅ Turnstile resuelto
2026-09-05 17:02:52,771 [INFO]    ⏳ Turnstile detectado — esperando resolución automática...
2026-09-05 17:02:52,795 [INFO]    ✅ Turnstile resuelto
2026-09-05 17:03:05,764 [INFO]    ⏳ Turnstile detectado — esperando resolución automática...
2026-09-05 17:03:05,790 [INFO]    ✅ Turnstile resuelto
2026-09-05 17:03:19,302 [INFO]    ⏳ Turnstile detectado — esperando resolución automática...
2026-09-05 17:03:19,323 [INFO]    ✅ Turnstile resuelto
2026-09-05 17:03:31,165 [INFO]    ⏳ Turnstile detectado — esperando resolución automática...
2026-09-05 17:03:31,186 [INFO]    ✅ Turnstile resuelto
2026-09-05 17:03:41,907 [INFO]    ⏳ Turnstile detectado — esperando resolución automática...
2026-09-05 17:03:41,932 [INFO]    ✅ Turnstile resuelto
2026-09-05 17:03:53,483 [INFO]    ⏳ Turnstile detectado — esperando resolución automática...
2026-09-05 17:03:53,505 [INFO]    ✅ Turnstile resuelto
2026-09-05 17:04:05,146 [INFO]    ⏳ Turnstile detectado — esperando resolución automática...
2026-09-05 17:04:05,167 [INFO]    ✅ Turnstile resuelto
2026-09-05 17:04:15,981 [INFO]    ⏳ Turnstile detectado — esperando resolución automática...
2026-09-05 17:04:16,008 [INFO]    ✅ Turnstile resuelto
2026-09-05 17:04:29,816 [INFO]    ⏳ Turnstile detectado — esperando resolución automática...
2026-09-05 17:04:29,840 [INFO]    ✅ Turnstile resuelto
2026-09-05 17:04:41,708 [ERROR] Error Playwright en https://www.opcionempleo.com.ar/jobad/ar63b4a7882ff03b68472fddab2dd92f6f: Page.goto: net::ERR_NETWORK_CHANGED at https://www.opcionempleo.com.ar/jobad/ar63b4a7882ff03b68472fddab2dd92f6f
Call log:
  - navigating to "https://www.opcionempleo.com.ar/jobad/ar63b4a7882ff03b68472fddab2dd92f6f", waiting until "domcontentloaded"

2026-09-05 17:04:48,958 [INFO]    ⏳ Turnstile detectado — esperando resolución automática...
2026-09-05 17:04:48,979 [INFO]    ✅ Turnstile resuelto
2026-09-05 17:04:52,406 [INFO] Exportadas 99 ofertas → /media/carlos-a-cicconi/Common1/Repositorios-Ing.Carlos-Cicconi/Trabajo_Final_MCD/data/raw/ofertas_opcionempleo_20260905.csv
2026-09-05 17:04:52,406 [INFO] ✅ 'Software Engineer': 99 ofertas guardadas
2026-09-05 17:04:52,406 [INFO]    💤 Pausa: 9.7s
2026-09-05 17:05:02,096 [INFO] 
🔍 Buscando: 'Python Developer'
2026-09-05 17:05:02,096 [INFO]    Página 1/5 → https://www.opcionempleo.com.ar/trabajo-python.html
2026-09-05 17:05:09,630 [INFO]    ⏳ Turnstile detectado — esperando resolución automática...
2026-09-05 17:05:09,652 [INFO]    ✅ Turnstile resuelto
2026-09-05 17:05:13,834 [INFO]    → 20 ofertas encontradas
2026-09-05 17:05:20,494 [INFO]    ⏳ Turnstile detectado — esperando resolución automática...
2026-09-05 17:05:20,517 [INFO]    ✅ Turnstile resuelto
2026-09-05 17:05:29,991 [INFO]    ⏳ Turnstile detectado — esperando resolución automática...
2026-09-05 17:05:30,015 [INFO]    ✅ Turnstile resuelto
2026-09-05 17:05:40,826 [INFO]    ⏳ Turnstile detectado — esperando resolución automática...
2026-09-05 17:05:40,871 [INFO]    ✅ Turnstile resuelto
2026-09-05 17:05:50,987 [ERROR] Error Playwright en https://www.opcionempleo.com.ar/jobad/ard94a291cf08004f4db87ea65f163484f: Page.goto: net::ERR_NETWORK_CHANGED at https://www.opcionempleo.com.ar/jobad/ard94a291cf08004f4db87ea65f163484f
Call log:
  - navigating to "https://www.opcionempleo.com.ar/jobad/ard94a291cf08004f4db87ea65f163484f", waiting until "domcontentloaded"

2026-09-05 17:05:57,936 [INFO]    ⏳ Turnstile detectado — esperando resolución automática...
2026-09-05 17:05:57,957 [INFO]    ✅ Turnstile resuelto
2026-09-05 17:06:10,785 [INFO]    ⏳ Turnstile detectado — esperando resolución automática...
2026-09-05 17:06:10,808 [INFO]    ✅ Turnstile resuelto
2026-09-05 17:06:22,139 [INFO]    ⏳ Turnstile detectado — esperando resolución automática...
2026-09-05 17:06:22,159 [INFO]    ✅ Turnstile resuelto
2026-09-05 17:06:32,824 [INFO]    ⏳ Turnstile detectado — esperando resolución automática...
2026-09-05 17:06:32,845 [INFO]    ✅ Turnstile resuelto
2026-09-05 17:06:44,096 [INFO]    ⏳ Turnstile detectado — esperando resolución automática...
2026-09-05 17:06:44,129 [INFO]    ✅ Turnstile resuelto
2026-09-05 17:06:57,971 [INFO]    ⏳ Turnstile detectado — esperando resolución automática...
2026-09-05 17:06:57,992 [INFO]    ✅ Turnstile resuelto
2026-09-05 17:07:08,995 [INFO]    ⏳ Turnstile detectado — esperando resolución automática...
2026-09-05 17:07:09,019 [INFO]    ✅ Turnstile resuelto
2026-09-05 17:07:20,312 [INFO]    ⏳ Turnstile detectado — esperando resolución automática...
2026-09-05 17:07:20,333 [INFO]    ✅ Turnstile resuelto
2026-09-05 17:07:31,468 [INFO]    ⏳ Turnstile detectado — esperando resolución automática...
2026-09-05 17:07:31,491 [INFO]    ✅ Turnstile resuelto
2026-09-05 17:07:43,768 [INFO]    ⏳ Turnstile detectado — esperando resolución automática...
2026-09-05 17:07:43,791 [INFO]    ✅ Turnstile resuelto
2026-09-05 17:07:58,305 [INFO]    ⏳ Turnstile detectado — esperando resolución automática...
2026-09-05 17:07:58,326 [INFO]    ✅ Turnstile resuelto
2026-09-05 17:08:08,484 [INFO]    ⏳ Turnstile detectado — esperando resolución automática...
2026-09-05 17:08:08,506 [INFO]    ✅ Turnstile resuelto
2026-09-05 17:08:20,401 [INFO]    ⏳ Turnstile detectado — esperando resolución automática...
2026-09-05 17:08:20,423 [INFO]    ✅ Turnstile resuelto
2026-09-05 17:08:31,996 [INFO]    ⏳ Turnstile detectado — esperando resolución automática...
2026-09-05 17:08:32,023 [INFO]    ✅ Turnstile resuelto
2026-09-05 17:08:42,830 [INFO]    ⏳ Turnstile detectado — esperando resolución automática...
2026-09-05 17:08:42,853 [INFO]    ✅ Turnstile resuelto
2026-09-05 17:08:53,349 [INFO]    ⏳ Turnstile detectado — esperando resolución automática...
2026-09-05 17:08:53,373 [INFO]    ✅ Turnstile resuelto
2026-09-05 17:08:57,420 [INFO]    Página 2/5 → https://www.opcionempleo.com.ar/trabajo-python.html?p=2
2026-09-05 17:09:06,514 [INFO]    ⏳ Turnstile detectado — esperando resolución automática...
2026-09-05 17:09:06,539 [INFO]    ✅ Turnstile resuelto
2026-09-05 17:09:10,627 [INFO]    → 19 ofertas encontradas
2026-09-05 17:09:18,514 [INFO]    ⏳ Turnstile detectado — esperando resolución automática...
2026-09-05 17:09:18,537 [INFO]    ✅ Turnstile resuelto
2026-09-05 17:09:28,990 [INFO]    ⏳ Turnstile detectado — esperando resolución automática...
2026-09-05 17:09:29,011 [INFO]    ✅ Turnstile resuelto
2026-09-05 17:09:39,876 [INFO]    ⏳ Turnstile detectado — esperando resolución automática...
2026-09-05 17:09:39,899 [INFO]    ✅ Turnstile resuelto
2026-09-05 17:09:51,141 [INFO]    ⏳ Turnstile detectado — esperando resolución automática...
2026-09-05 17:09:51,165 [INFO]    ✅ Turnstile resuelto
2026-09-05 17:10:02,802 [INFO]    ⏳ Turnstile detectado — esperando resolución automática...
2026-09-05 17:10:02,844 [INFO]    ✅ Turnstile resuelto
2026-09-05 17:10:14,697 [INFO]    ⏳ Turnstile detectado — esperando resolución automática...
2026-09-05 17:10:14,720 [INFO]    ✅ Turnstile resuelto
2026-09-05 17:10:25,971 [INFO]    ⏳ Turnstile detectado — esperando resolución automática...
2026-09-05 17:10:25,994 [INFO]    ✅ Turnstile resuelto
2026-09-05 17:10:40,738 [INFO]    ⏳ Turnstile detectado — esperando resolución automática...
2026-09-05 17:10:40,761 [INFO]    ✅ Turnstile resuelto
2026-09-05 17:10:51,672 [INFO]    ⏳ Turnstile detectado — esperando resolución automática...
2026-09-05 17:10:51,697 [INFO]    ✅ Turnstile resuelto
2026-09-05 17:11:02,840 [INFO]    ⏳ Turnstile detectado — esperando resolución automática...
2026-09-05 17:11:02,864 [INFO]    ✅ Turnstile resuelto
2026-09-05 17:11:14,942 [INFO]    ⏳ Turnstile detectado — esperando resolución automática...
2026-09-05 17:11:14,965 [INFO]    ✅ Turnstile resuelto
2026-09-05 17:11:25,269 [INFO]    ⏳ Turnstile detectado — esperando resolución automática...
2026-09-05 17:11:25,294 [INFO]    ✅ Turnstile resuelto
2026-09-05 17:11:36,312 [INFO]    ⏳ Turnstile detectado — esperando resolución automática...
2026-09-05 17:11:36,334 [INFO]    ✅ Turnstile resuelto
2026-09-05 17:11:48,210 [INFO]    ⏳ Turnstile detectado — esperando resolución automática...
2026-09-05 17:11:48,246 [INFO]    ✅ Turnstile resuelto
2026-09-05 17:12:00,415 [INFO]    ⏳ Turnstile detectado — esperando resolución automática...
2026-09-05 17:12:00,438 [INFO]    ✅ Turnstile resuelto
2026-09-05 17:12:11,832 [INFO]    ⏳ Turnstile detectado — esperando resolución automática...
2026-09-05 17:12:11,855 [INFO]    ✅ Turnstile resuelto
2026-09-05 17:12:23,892 [INFO]    ⏳ Turnstile detectado — esperando resolución automática...
2026-09-05 17:12:23,916 [INFO]    ✅ Turnstile resuelto
2026-09-05 17:12:34,876 [INFO]    ⏳ Turnstile detectado — esperando resolución automática...
2026-09-05 17:12:34,920 [INFO]    ✅ Turnstile resuelto
2026-09-05 17:12:45,517 [INFO]    ⏳ Turnstile detectado — esperando resolución automática...
2026-09-05 17:12:45,541 [INFO]    ✅ Turnstile resuelto
2026-09-05 17:12:49,266 [INFO]    Página 3/5 → https://www.opcionempleo.com.ar/trabajo-python.html?p=3
2026-09-05 17:12:58,104 [INFO]    ⏳ Turnstile detectado — esperando resolución automática...
2026-09-05 17:12:58,181 [INFO]    ✅ Turnstile resuelto
2026-09-05 17:13:02,222 [INFO]    → 0 ofertas encontradas
2026-09-05 17:13:02,223 [INFO]    → Sin más resultados.
2026-09-05 17:13:02,236 [INFO] Exportadas 39 ofertas → /media/carlos-a-cicconi/Common1/Repositorios-Ing.Carlos-Cicconi/Trabajo_Final_MCD/data/raw/ofertas_opcionempleo_20260905.csv
2026-09-05 17:13:02,237 [INFO] ✅ 'Python Developer': 39 ofertas guardadas
2026-09-05 17:13:02,237 [INFO]    💤 Pausa: 10.6s
2026-09-05 17:13:12,861 [INFO] 
🔍 Buscando: 'Desarrollador Backend'
2026-09-05 17:13:12,862 [INFO]    Página 1/5 → https://www.opcionempleo.com.ar/trabajo-desarrollador-backend.html
2026-09-05 17:13:20,454 [INFO]    ⏳ Turnstile detectado — esperando resolución automática...
2026-09-05 17:13:20,478 [INFO]    ✅ Turnstile resuelto
2026-09-05 17:13:24,146 [INFO]    → 19 ofertas encontradas
2026-09-05 17:13:30,658 [INFO]    ⏳ Turnstile detectado — esperando resolución automática...
2026-09-05 17:13:30,681 [INFO]    ✅ Turnstile resuelto
2026-09-05 17:13:39,062 [ERROR] Error Playwright en https://www.opcionempleo.com.ar/jobad/ar0bc5433baa24a6210d455386b831280e: Page.goto: net::ERR_NETWORK_CHANGED at https://www.opcionempleo.com.ar/jobad/ar0bc5433baa24a6210d455386b831280e
Call log:
  - navigating to "https://www.opcionempleo.com.ar/jobad/ar0bc5433baa24a6210d455386b831280e", waiting until "domcontentloaded"

2026-09-05 17:13:54,829 [INFO]    ⏳ Turnstile detectado — esperando resolución automática...
2026-09-05 17:13:54,851 [INFO]    ✅ Turnstile resuelto
2026-09-05 17:14:07,344 [INFO]    ⏳ Turnstile detectado — esperando resolución automática...
2026-09-05 17:14:07,369 [INFO]    ✅ Turnstile resuelto
2026-09-05 17:14:21,558 [INFO]    ⏳ Turnstile detectado — esperando resolución automática...
2026-09-05 17:14:21,580 [INFO]    ✅ Turnstile resuelto
2026-09-05 17:14:34,083 [INFO]    ⏳ Turnstile detectado — esperando resolución automática...
2026-09-05 17:14:34,105 [INFO]    ✅ Turnstile resuelto
2026-09-05 17:14:45,827 [INFO]    ⏳ Turnstile detectado — esperando resolución automática...
2026-09-05 17:14:45,847 [INFO]    ✅ Turnstile resuelto
2026-09-05 17:14:57,741 [INFO]    ⏳ Turnstile detectado — esperando resolución automática...
2026-09-05 17:14:57,770 [INFO]    ✅ Turnstile resuelto
2026-09-05 17:15:09,192 [INFO]    ⏳ Turnstile detectado — esperando resolución automática...
2026-09-05 17:15:09,212 [INFO]    ✅ Turnstile resuelto
2026-09-05 17:15:19,978 [INFO]    ⏳ Turnstile detectado — esperando resolución automática...
2026-09-05 17:15:20,002 [INFO]    ✅ Turnstile resuelto
2026-09-05 17:15:31,028 [INFO]    ⏳ Turnstile detectado — esperando resolución automática...
2026-09-05 17:15:31,049 [INFO]    ✅ Turnstile resuelto
2026-09-05 17:15:43,735 [INFO]    ⏳ Turnstile detectado — esperando resolución automática...
2026-09-05 17:15:43,778 [INFO]    ✅ Turnstile resuelto
2026-09-05 17:15:54,639 [INFO]    ⏳ Turnstile detectado — esperando resolución automática...
2026-09-05 17:15:54,663 [INFO]    ✅ Turnstile resuelto
2026-09-05 17:16:05,593 [INFO]    ⏳ Turnstile detectado — esperando resolución automática...
2026-09-05 17:16:05,616 [INFO]    ✅ Turnstile resuelto
2026-09-05 17:16:18,295 [INFO]    ⏳ Turnstile detectado — esperando resolución automática...
2026-09-05 17:16:18,320 [INFO]    ✅ Turnstile resuelto
2026-09-05 17:16:28,029 [INFO]    ⏳ Turnstile detectado — esperando resolución automática...
2026-09-05 17:16:28,050 [INFO]    ✅ Turnstile resuelto
2026-09-05 17:16:41,077 [INFO]    ⏳ Turnstile detectado — esperando resolución automática...
2026-09-05 17:16:41,122 [INFO]    ✅ Turnstile resuelto
2026-09-05 17:16:51,253 [INFO]    ⏳ Turnstile detectado — esperando resolución automática...
2026-09-05 17:16:51,277 [INFO]    ✅ Turnstile resuelto
2026-09-05 17:17:02,298 [INFO]    ⏳ Turnstile detectado — esperando resolución automática...
2026-09-05 17:17:02,321 [INFO]    ✅ Turnstile resuelto
2026-09-05 17:17:06,040 [INFO]    Página 2/5 → https://www.opcionempleo.com.ar/trabajo-desarrollador-backend.html?p=2
2026-09-05 17:17:55,513 [WARNING] Timeout: https://www.opcionempleo.com.ar/trabajo-desarrollador-backend.html?p=2
2026-09-05 17:17:55,514 [WARNING]    ⚠️  Sin contenido. Saltando.
2026-09-05 17:17:55,514 [INFO]    Página 3/5 → https://www.opcionempleo.com.ar/trabajo-desarrollador-backend.html?p=3
2026-09-05 17:18:11,750 [INFO]    ⏳ Turnstile detectado — esperando resolución automática...
2026-09-05 17:18:11,784 [INFO]    ✅ Turnstile resuelto
2026-09-05 17:18:15,541 [INFO]    → 20 ofertas encontradas
2026-09-05 17:18:23,508 [INFO]    ⏳ Turnstile detectado — esperando resolución automática...
2026-09-05 17:18:23,530 [INFO]    ✅ Turnstile resuelto
2026-09-05 17:18:36,849 [INFO]    ⏳ Turnstile detectado — esperando resolución automática...
2026-09-05 17:18:36,877 [INFO]    ✅ Turnstile resuelto
2026-09-05 17:18:48,288 [INFO]    ⏳ Turnstile detectado — esperando resolución automática...
2026-09-05 17:18:48,310 [INFO]    ✅ Turnstile resuelto
2026-09-05 17:19:41,953 [WARNING] Timeout: https://www.opcionempleo.com.ar/jobad/arb7e0ac1861440d0495c1f5300591d598
2026-09-05 17:19:50,606 [INFO]    ⏳ Turnstile detectado — esperando resolución automática...
2026-09-05 17:19:50,629 [INFO]    ✅ Turnstile resuelto
2026-09-05 17:20:02,659 [INFO]    ⏳ Turnstile detectado — esperando resolución automática...
2026-09-05 17:20:02,682 [INFO]    ✅ Turnstile resuelto
2026-09-05 17:20:12,147 [INFO]    ⏳ Turnstile detectado — esperando resolución automática...
2026-09-05 17:20:12,170 [INFO]    ✅ Turnstile resuelto
2026-09-05 17:20:23,673 [INFO]    ⏳ Turnstile detectado — esperando resolución automática...
2026-09-05 17:20:23,696 [INFO]    ✅ Turnstile resuelto
2026-09-05 17:20:33,536 [INFO]    ⏳ Turnstile detectado — esperando resolución automática...
2026-09-05 17:20:33,560 [INFO]    ✅ Turnstile resuelto
2026-09-05 17:20:45,051 [INFO]    ⏳ Turnstile detectado — esperando resolución automática...
2026-09-05 17:20:45,089 [INFO]    ✅ Turnstile resuelto
2026-09-05 17:20:55,444 [INFO]    ⏳ Turnstile detectado — esperando resolución automática...
2026-09-05 17:20:55,467 [INFO]    ✅ Turnstile resuelto
2026-09-05 17:21:07,172 [INFO]    ⏳ Turnstile detectado — esperando resolución automática...
2026-09-05 17:21:07,197 [INFO]    ✅ Turnstile resuelto
2026-09-05 17:21:17,187 [INFO]    ⏳ Turnstile detectado — esperando resolución automática...
2026-09-05 17:21:17,211 [INFO]    ✅ Turnstile resuelto
2026-09-05 17:21:27,297 [INFO]    ⏳ Turnstile detectado — esperando resolución automática...
2026-09-05 17:21:27,321 [INFO]    ✅ Turnstile resuelto
2026-09-05 17:21:38,737 [INFO]    ⏳ Turnstile detectado — esperando resolución automática...
2026-09-05 17:21:38,762 [INFO]    ✅ Turnstile resuelto
2026-09-05 17:21:48,923 [INFO]    ⏳ Turnstile detectado — esperando resolución automática...
2026-09-05 17:21:48,946 [INFO]    ✅ Turnstile resuelto
2026-09-05 17:21:58,573 [INFO]    ⏳ Turnstile detectado — esperando resolución automática...
2026-09-05 17:21:58,597 [INFO]    ✅ Turnstile resuelto
2026-09-05 17:22:09,062 [INFO]    ⏳ Turnstile detectado — esperando resolución automática...
2026-09-05 17:22:09,086 [INFO]    ✅ Turnstile resuelto
2026-09-05 17:22:21,244 [INFO]    ⏳ Turnstile detectado — esperando resolución automática...
2026-09-05 17:22:21,268 [INFO]    ✅ Turnstile resuelto
2026-09-05 17:22:32,087 [INFO]    ⏳ Turnstile detectado — esperando resolución automática...
2026-09-05 17:22:32,110 [INFO]    ✅ Turnstile resuelto
2026-09-05 17:22:35,533 [INFO]    Página 4/5 → https://www.opcionempleo.com.ar/trabajo-desarrollador-backend.html?p=4
2026-09-05 17:22:43,965 [INFO]    ⏳ Turnstile detectado — esperando resolución automática...
2026-09-05 17:22:43,989 [INFO]    ✅ Turnstile resuelto
2026-09-05 17:22:48,184 [INFO]    → 20 ofertas encontradas
2026-09-05 17:22:54,494 [INFO]    ⏳ Turnstile detectado — esperando resolución automática...
2026-09-05 17:22:54,518 [INFO]    ✅ Turnstile resuelto
2026-09-05 17:23:05,584 [INFO]    ⏳ Turnstile detectado — esperando resolución automática...
2026-09-05 17:23:05,606 [INFO]    ✅ Turnstile resuelto
2026-09-05 17:23:17,498 [INFO]    ⏳ Turnstile detectado — esperando resolución automática...
2026-09-05 17:23:17,545 [INFO]    ✅ Turnstile resuelto
2026-09-05 17:23:27,713 [INFO]    ⏳ Turnstile detectado — esperando resolución automática...
2026-09-05 17:23:27,738 [INFO]    ✅ Turnstile resuelto
2026-09-05 17:23:38,474 [INFO]    ⏳ Turnstile detectado — esperando resolución automática...
2026-09-05 17:23:38,497 [INFO]    ✅ Turnstile resuelto
2026-09-05 17:23:49,764 [INFO]    ⏳ Turnstile detectado — esperando resolución automática...
2026-09-05 17:23:49,797 [INFO]    ✅ Turnstile resuelto
2026-09-05 17:24:01,389 [INFO]    ⏳ Turnstile detectado — esperando resolución automática...
2026-09-05 17:24:01,414 [INFO]    ✅ Turnstile resuelto
2026-09-05 17:24:11,929 [INFO]    ⏳ Turnstile detectado — esperando resolución automática...
2026-09-05 17:24:11,953 [INFO]    ✅ Turnstile resuelto
2026-09-05 17:24:22,905 [INFO]    ⏳ Turnstile detectado — esperando resolución automática...
2026-09-05 17:24:22,940 [INFO]    ✅ Turnstile resuelto
2026-09-05 17:24:32,884 [INFO]    ⏳ Turnstile detectado — esperando resolución automática...
2026-09-05 17:24:32,906 [INFO]    ✅ Turnstile resuelto
2026-09-05 17:24:44,974 [INFO]    ⏳ Turnstile detectado — esperando resolución automática...
2026-09-05 17:24:44,997 [INFO]    ✅ Turnstile resuelto
2026-09-05 17:24:56,970 [INFO]    ⏳ Turnstile detectado — esperando resolución automática...
2026-09-05 17:24:56,990 [INFO]    ✅ Turnstile resuelto
2026-09-05 17:25:07,945 [INFO]    ⏳ Turnstile detectado — esperando resolución automática...
2026-09-05 17:25:07,970 [INFO]    ✅ Turnstile resuelto
2026-09-05 17:25:19,393 [INFO]    ⏳ Turnstile detectado — esperando resolución automática...
2026-09-05 17:25:19,434 [INFO]    ✅ Turnstile resuelto
2026-09-05 17:25:30,077 [INFO]    ⏳ Turnstile detectado — esperando resolución automática...
2026-09-05 17:25:30,103 [INFO]    ✅ Turnstile resuelto
2026-09-05 17:25:39,546 [INFO]    ⏳ Turnstile detectado — esperando resolución automática...
2026-09-05 17:25:39,572 [INFO]    ✅ Turnstile resuelto
2026-09-05 17:25:49,321 [INFO]    ⏳ Turnstile detectado — esperando resolución automática...
2026-09-05 17:25:49,344 [INFO]    ✅ Turnstile resuelto
2026-09-05 17:26:00,885 [INFO]    ⏳ Turnstile detectado — esperando resolución automática...
2026-09-05 17:26:00,906 [INFO]    ✅ Turnstile resuelto
2026-09-05 17:26:12,272 [INFO]    ⏳ Turnstile detectado — esperando resolución automática...
2026-09-05 17:26:12,308 [INFO]    ✅ Turnstile resuelto
2026-09-05 17:26:23,953 [INFO]    ⏳ Turnstile detectado — esperando resolución automática...
2026-09-05 17:26:23,975 [INFO]    ✅ Turnstile resuelto
2026-09-05 17:26:27,709 [INFO]    Página 5/5 → https://www.opcionempleo.com.ar/trabajo-desarrollador-backend.html?p=5
2026-09-05 17:26:35,530 [INFO]    ⏳ Turnstile detectado — esperando resolución automática...
2026-09-05 17:26:35,554 [INFO]    ✅ Turnstile resuelto
2026-09-05 17:26:39,425 [INFO]    → 19 ofertas encontradas
2026-09-05 17:26:49,773 [INFO]    ⏳ Turnstile detectado — esperando resolución automática...
2026-09-05 17:26:49,794 [INFO]    ✅ Turnstile resuelto
2026-09-05 17:27:02,041 [INFO]    ⏳ Turnstile detectado — esperando resolución automática...
2026-09-05 17:27:02,066 [INFO]    ✅ Turnstile resuelto
2026-09-05 17:27:13,258 [INFO]    ⏳ Turnstile detectado — esperando resolución automática...
2026-09-05 17:27:13,299 [INFO]    ✅ Turnstile resuelto
2026-09-05 17:27:23,469 [INFO]    ⏳ Turnstile detectado — esperando resolución automática...
2026-09-05 17:27:23,490 [INFO]    ✅ Turnstile resuelto
2026-09-05 17:27:37,076 [INFO]    ⏳ Turnstile detectado — esperando resolución automática...
2026-09-05 17:27:37,097 [INFO]    ✅ Turnstile resuelto
2026-09-05 17:27:48,174 [INFO]    ⏳ Turnstile detectado — esperando resolución automática...
2026-09-05 17:27:48,197 [INFO]    ✅ Turnstile resuelto
2026-09-05 17:27:58,959 [INFO]    ⏳ Turnstile detectado — esperando resolución automática...
2026-09-05 17:27:58,980 [INFO]    ✅ Turnstile resuelto
2026-09-05 17:28:09,345 [INFO]    ⏳ Turnstile detectado — esperando resolución automática...
2026-09-05 17:28:09,367 [INFO]    ✅ Turnstile resuelto
2026-09-05 17:28:21,809 [INFO]    ⏳ Turnstile detectado — esperando resolución automática...
2026-09-05 17:28:21,832 [INFO]    ✅ Turnstile resuelto
2026-09-05 17:28:32,029 [INFO]    ⏳ Turnstile detectado — esperando resolución automática...
2026-09-05 17:28:32,058 [INFO]    ✅ Turnstile resuelto
2026-09-05 17:28:43,362 [INFO]    ⏳ Turnstile detectado — esperando resolución automática...
2026-09-05 17:28:43,386 [INFO]    ✅ Turnstile resuelto
2026-09-05 17:28:53,750 [INFO]    ⏳ Turnstile detectado — esperando resolución automática...
2026-09-05 17:28:53,794 [INFO]    ✅ Turnstile resuelto
2026-09-05 17:29:05,112 [INFO]    ⏳ Turnstile detectado — esperando resolución automática...
2026-09-05 17:29:05,137 [INFO]    ✅ Turnstile resuelto
2026-09-05 17:29:16,295 [INFO]    ⏳ Turnstile detectado — esperando resolución automática...
2026-09-05 17:29:16,317 [INFO]    ✅ Turnstile resuelto
2026-09-05 17:29:27,617 [INFO]    ⏳ Turnstile detectado — esperando resolución automática...
2026-09-05 17:29:27,637 [INFO]    ✅ Turnstile resuelto
2026-09-05 17:29:37,905 [INFO]    ⏳ Turnstile detectado — esperando resolución automática...
2026-09-05 17:29:37,927 [INFO]    ✅ Turnstile resuelto
2026-09-05 17:29:49,219 [INFO]    ⏳ Turnstile detectado — esperando resolución automática...
2026-09-05 17:29:49,241 [INFO]    ✅ Turnstile resuelto
2026-09-05 17:30:00,852 [INFO]    ⏳ Turnstile detectado — esperando resolución automática...
2026-09-05 17:30:00,874 [INFO]    ✅ Turnstile resuelto
2026-09-05 17:30:11,435 [INFO]    ⏳ Turnstile detectado — esperando resolución automática...
2026-09-05 17:30:11,456 [INFO]    ✅ Turnstile resuelto
2026-09-05 17:30:15,217 [INFO] Exportadas 78 ofertas → /media/carlos-a-cicconi/Common1/Repositorios-Ing.Carlos-Cicconi/Trabajo_Final_MCD/data/raw/ofertas_opcionempleo_20260905.csv
2026-09-05 17:30:15,217 [INFO] ✅ 'Desarrollador Backend': 78 ofertas guardadas
2026-09-05 17:30:15,217 [INFO]    💤 Pausa: 9.3s
2026-09-05 17:30:24,548 [INFO] 
🔍 Buscando: 'Desarrollador Full Stack'
2026-09-05 17:30:24,549 [INFO]    Página 1/5 → https://www.opcionempleo.com.ar/trabajo-desarrollador-full-stack.html
2026-09-05 17:30:33,215 [INFO]    ⏳ Turnstile detectado — esperando resolución automática...
2026-09-05 17:30:33,239 [INFO]    ✅ Turnstile resuelto
2026-09-05 17:30:36,968 [INFO]    → 18 ofertas encontradas
2026-09-05 17:30:43,827 [INFO]    ⏳ Turnstile detectado — esperando resolución automática...
2026-09-05 17:30:43,875 [INFO]    ✅ Turnstile resuelto
2026-09-05 17:30:53,142 [INFO]    ⏳ Turnstile detectado — esperando resolución automática...
2026-09-05 17:30:53,164 [INFO]    ✅ Turnstile resuelto
2026-09-05 17:31:03,237 [INFO]    ⏳ Turnstile detectado — esperando resolución automática...
2026-09-05 17:31:03,261 [INFO]    ✅ Turnstile resuelto
2026-09-05 17:31:13,518 [INFO]    ⏳ Turnstile detectado — esperando resolución automática...
2026-09-05 17:31:13,539 [INFO]    ✅ Turnstile resuelto
2026-09-05 17:31:24,228 [INFO]    ⏳ Turnstile detectado — esperando resolución automática...
2026-09-05 17:31:24,250 [INFO]    ✅ Turnstile resuelto
2026-09-05 17:31:35,723 [INFO]    ⏳ Turnstile detectado — esperando resolución automática...
2026-09-05 17:31:35,751 [INFO]    ✅ Turnstile resuelto
2026-09-05 17:31:47,876 [INFO]    ⏳ Turnstile detectado — esperando resolución automática...
2026-09-05 17:31:47,901 [INFO]    ✅ Turnstile resuelto
2026-09-05 17:31:58,470 [INFO]    ⏳ Turnstile detectado — esperando resolución automática...
2026-09-05 17:31:58,496 [INFO]    ✅ Turnstile resuelto
2026-09-05 17:32:08,464 [INFO]    ⏳ Turnstile detectado — esperando resolución automática...
2026-09-05 17:32:08,487 [INFO]    ✅ Turnstile resuelto
2026-09-05 17:32:18,573 [INFO]    ⏳ Turnstile detectado — esperando resolución automática...
2026-09-05 17:32:18,596 [INFO]    ✅ Turnstile resuelto
2026-09-05 17:32:27,811 [INFO]    ⏳ Turnstile detectado — esperando resolución automática...
2026-09-05 17:32:27,849 [INFO]    ✅ Turnstile resuelto
2026-09-05 17:32:38,422 [INFO]    ⏳ Turnstile detectado — esperando resolución automática...
2026-09-05 17:32:38,445 [INFO]    ✅ Turnstile resuelto
2026-09-05 17:32:49,023 [INFO]    ⏳ Turnstile detectado — esperando resolución automática...
2026-09-05 17:32:49,050 [INFO]    ✅ Turnstile resuelto
2026-09-05 17:32:59,967 [INFO]    ⏳ Turnstile detectado — esperando resolución automática...
2026-09-05 17:32:59,991 [INFO]    ✅ Turnstile resuelto
2026-09-05 17:33:10,273 [INFO]    ⏳ Turnstile detectado — esperando resolución automática...
2026-09-05 17:33:10,296 [INFO]    ✅ Turnstile resuelto
2026-09-05 17:33:20,743 [INFO]    ⏳ Turnstile detectado — esperando resolución automática...
2026-09-05 17:33:20,783 [INFO]    ✅ Turnstile resuelto
2026-09-05 17:33:32,237 [INFO]    ⏳ Turnstile detectado — esperando resolución automática...
2026-09-05 17:33:32,258 [INFO]    ✅ Turnstile resuelto
2026-09-05 17:33:43,705 [INFO]    ⏳ Turnstile detectado — esperando resolución automática...
2026-09-05 17:33:43,726 [INFO]    ✅ Turnstile resuelto
2026-09-05 17:33:46,919 [INFO]    Página 2/5 → https://www.opcionempleo.com.ar/trabajo-desarrollador-full-stack.html?p=2
2026-09-05 17:33:55,627 [INFO]    ⏳ Turnstile detectado — esperando resolución automática...
2026-09-05 17:33:55,651 [INFO]    ✅ Turnstile resuelto
2026-09-05 17:34:00,315 [INFO]    → 20 ofertas encontradas
2026-09-05 17:34:07,972 [INFO]    ⏳ Turnstile detectado — esperando resolución automática...
2026-09-05 17:34:07,993 [INFO]    ✅ Turnstile resuelto
2026-09-05 17:34:18,987 [INFO]    ⏳ Turnstile detectado — esperando resolución automática...
2026-09-05 17:34:19,010 [INFO]    ✅ Turnstile resuelto
2026-09-05 17:34:29,632 [INFO]    ⏳ Turnstile detectado — esperando resolución automática...
2026-09-05 17:34:29,654 [INFO]    ✅ Turnstile resuelto
2026-09-05 17:34:41,405 [INFO]    ⏳ Turnstile detectado — esperando resolución automática...
2026-09-05 17:34:41,427 [INFO]    ✅ Turnstile resuelto
2026-09-05 17:34:51,776 [INFO]    ⏳ Turnstile detectado — esperando resolución automática...
2026-09-05 17:34:51,823 [INFO]    ✅ Turnstile resuelto
2026-09-05 17:35:02,048 [INFO]    ⏳ Turnstile detectado — esperando resolución automática...
2026-09-05 17:35:02,072 [INFO]    ✅ Turnstile resuelto
2026-09-05 17:35:12,884 [INFO]    ⏳ Turnstile detectado — esperando resolución automática...
2026-09-05 17:35:12,907 [INFO]    ✅ Turnstile resuelto
2026-09-05 17:35:24,384 [INFO]    ⏳ Turnstile detectado — esperando resolución automática...
2026-09-05 17:35:24,407 [INFO]    ✅ Turnstile resuelto
2026-09-05 17:35:35,920 [INFO]    ⏳ Turnstile detectado — esperando resolución automática...
2026-09-05 17:35:35,944 [INFO]    ✅ Turnstile resuelto
2026-09-05 17:35:46,531 [INFO]    ⏳ Turnstile detectado — esperando resolución automática...
2026-09-05 17:35:46,570 [INFO]    ✅ Turnstile resuelto
2026-09-05 17:35:58,713 [INFO]    ⏳ Turnstile detectado — esperando resolución automática...
2026-09-05 17:35:58,735 [INFO]    ✅ Turnstile resuelto
2026-09-05 17:36:10,106 [INFO]    ⏳ Turnstile detectado — esperando resolución automática...
2026-09-05 17:36:10,131 [INFO]    ✅ Turnstile resuelto
2026-09-05 17:36:21,297 [INFO]    ⏳ Turnstile detectado — esperando resolución automática...
2026-09-05 17:36:21,318 [INFO]    ✅ Turnstile resuelto
2026-09-05 17:36:31,671 [INFO]    ⏳ Turnstile detectado — esperando resolución automática...
2026-09-05 17:36:31,692 [INFO]    ✅ Turnstile resuelto
2026-09-05 17:36:40,922 [INFO]    ⏳ Turnstile detectado — esperando resolución automática...
2026-09-05 17:36:40,963 [INFO]    ✅ Turnstile resuelto
2026-09-05 17:36:52,324 [INFO]    ⏳ Turnstile detectado — esperando resolución automática...
2026-09-05 17:36:52,346 [INFO]    ✅ Turnstile resuelto
2026-09-05 17:37:03,315 [INFO]    ⏳ Turnstile detectado — esperando resolución automática...
2026-09-05 17:37:03,337 [INFO]    ✅ Turnstile resuelto
2026-09-05 17:37:13,192 [INFO]    ⏳ Turnstile detectado — esperando resolución automática...
2026-09-05 17:37:13,215 [INFO]    ✅ Turnstile resuelto
2026-09-05 17:37:23,396 [INFO]    ⏳ Turnstile detectado — esperando resolución automática...
2026-09-05 17:37:23,428 [INFO]    ✅ Turnstile resuelto
2026-09-05 17:37:33,991 [INFO]    ⏳ Turnstile detectado — esperando resolución automática...
2026-09-05 17:37:34,029 [INFO]    ✅ Turnstile resuelto
2026-09-05 17:37:38,106 [INFO]    Página 3/5 → https://www.opcionempleo.com.ar/trabajo-desarrollador-full-stack.html?p=3
2026-09-05 17:37:48,352 [INFO]    ⏳ Turnstile detectado — esperando resolución automática...
2026-09-05 17:37:48,376 [INFO]    ✅ Turnstile resuelto
2026-09-05 17:37:52,727 [INFO]    → 18 ofertas encontradas
2026-09-05 17:38:00,006 [INFO]    ⏳ Turnstile detectado — esperando resolución automática...
2026-09-05 17:38:00,033 [INFO]    ✅ Turnstile resuelto
2026-09-05 17:38:13,060 [INFO]    ⏳ Turnstile detectado — esperando resolución automática...
2026-09-05 17:38:13,083 [INFO]    ✅ Turnstile resuelto
2026-09-05 17:38:26,323 [INFO]    ⏳ Turnstile detectado — esperando resolución automática...
2026-09-05 17:38:26,349 [INFO]    ✅ Turnstile resuelto
2026-09-05 17:38:39,539 [INFO]    ⏳ Turnstile detectado — esperando resolución automática...
2026-09-05 17:38:39,579 [INFO]    ✅ Turnstile resuelto
2026-09-05 17:38:50,808 [INFO]    ⏳ Turnstile detectado — esperando resolución automática...
2026-09-05 17:38:50,831 [INFO]    ✅ Turnstile resuelto
2026-09-05 17:39:00,753 [INFO]    ⏳ Turnstile detectado — esperando resolución automática...
2026-09-05 17:39:00,775 [INFO]    ✅ Turnstile resuelto
2026-09-05 17:39:12,435 [INFO]    ⏳ Turnstile detectado — esperando resolución automática...
2026-09-05 17:39:12,457 [INFO]    ✅ Turnstile resuelto
2026-09-05 17:39:23,053 [INFO]    ⏳ Turnstile detectado — esperando resolución automática...
2026-09-05 17:39:23,074 [INFO]    ✅ Turnstile resuelto
2026-09-05 17:39:34,450 [INFO]    ⏳ Turnstile detectado — esperando resolución automática...
2026-09-05 17:39:34,471 [INFO]    ✅ Turnstile resuelto
2026-09-05 17:39:45,719 [INFO]    ⏳ Turnstile detectado — esperando resolución automática...
2026-09-05 17:39:45,744 [INFO]    ✅ Turnstile resuelto
2026-09-05 17:39:57,793 [INFO]    ⏳ Turnstile detectado — esperando resolución automática...
2026-09-05 17:39:57,815 [INFO]    ✅ Turnstile resuelto
2026-09-05 17:40:09,540 [INFO]    ⏳ Turnstile detectado — esperando resolución automática...
2026-09-05 17:40:09,565 [INFO]    ✅ Turnstile resuelto
2026-09-05 17:40:19,886 [INFO]    ⏳ Turnstile detectado — esperando resolución automática...
2026-09-05 17:40:19,911 [INFO]    ✅ Turnstile resuelto
2026-09-05 17:40:30,081 [INFO]    ⏳ Turnstile detectado — esperando resolución automática...
2026-09-05 17:40:30,120 [INFO]    ✅ Turnstile resuelto
2026-09-05 17:40:42,011 [INFO]    ⏳ Turnstile detectado — esperando resolución automática...
2026-09-05 17:40:42,033 [INFO]    ✅ Turnstile resuelto
2026-09-05 17:40:52,984 [INFO]    ⏳ Turnstile detectado — esperando resolución automática...
2026-09-05 17:40:53,006 [INFO]    ✅ Turnstile resuelto
2026-09-05 17:41:03,553 [INFO]    ⏳ Turnstile detectado — esperando resolución automática...
2026-09-05 17:41:03,575 [INFO]    ✅ Turnstile resuelto
2026-09-05 17:41:14,321 [INFO]    ⏳ Turnstile detectado — esperando resolución automática...
2026-09-05 17:41:14,344 [INFO]    ✅ Turnstile resuelto
2026-09-05 17:41:18,086 [INFO]    Página 4/5 → https://www.opcionempleo.com.ar/trabajo-desarrollador-full-stack.html?p=4
2026-09-05 17:41:26,829 [INFO]    ⏳ Turnstile detectado — esperando resolución automática...
2026-09-05 17:41:26,853 [INFO]    ✅ Turnstile resuelto
2026-09-05 17:41:31,383 [INFO]    → 16 ofertas encontradas
2026-09-05 17:41:39,318 [INFO]    ⏳ Turnstile detectado — esperando resolución automática...
2026-09-05 17:41:39,347 [INFO]    ✅ Turnstile resuelto
2026-09-05 17:41:51,218 [INFO]    ⏳ Turnstile detectado — esperando resolución automática...
2026-09-05 17:41:51,239 [INFO]    ✅ Turnstile resuelto
2026-09-05 17:42:02,625 [INFO]    ⏳ Turnstile detectado — esperando resolución automática...
2026-09-05 17:42:02,677 [INFO]    ✅ Turnstile resuelto
2026-09-05 17:42:12,947 [INFO]    ⏳ Turnstile detectado — esperando resolución automática...
2026-09-05 17:42:12,976 [INFO]    ✅ Turnstile resuelto
2026-09-05 17:42:23,619 [INFO]    ⏳ Turnstile detectado — esperando resolución automática...
2026-09-05 17:42:23,641 [INFO]    ✅ Turnstile resuelto
2026-09-05 17:42:35,154 [INFO]    ⏳ Turnstile detectado — esperando resolución automática...
2026-09-05 17:42:35,180 [INFO]    ✅ Turnstile resuelto
2026-09-05 17:42:47,270 [INFO]    ⏳ Turnstile detectado — esperando resolución automática...
2026-09-05 17:42:47,315 [INFO]    ✅ Turnstile resuelto
2026-09-05 17:42:58,445 [INFO]    ⏳ Turnstile detectado — esperando resolución automática...
2026-09-05 17:42:58,469 [INFO]    ✅ Turnstile resuelto
2026-09-05 17:43:10,056 [INFO]    ⏳ Turnstile detectado — esperando resolución automática...
2026-09-05 17:43:10,079 [INFO]    ✅ Turnstile resuelto
2026-09-05 17:43:20,404 [INFO]    ⏳ Turnstile detectado — esperando resolución automática...
2026-09-05 17:43:20,427 [INFO]    ✅ Turnstile resuelto
2026-09-05 17:43:32,302 [INFO]    ⏳ Turnstile detectado — esperando resolución automática...
2026-09-05 17:43:32,346 [INFO]    ✅ Turnstile resuelto
2026-09-05 17:43:43,820 [INFO]    ⏳ Turnstile detectado — esperando resolución automática...
2026-09-05 17:43:43,841 [INFO]    ✅ Turnstile resuelto
2026-09-05 17:43:54,291 [INFO]    ⏳ Turnstile detectado — esperando resolución automática...
2026-09-05 17:43:54,313 [INFO]    ✅ Turnstile resuelto
2026-09-05 17:44:05,242 [INFO]    ⏳ Turnstile detectado — esperando resolución automática...
2026-09-05 17:44:05,265 [INFO]    ✅ Turnstile resuelto
2026-09-05 17:44:15,907 [INFO]    ⏳ Turnstile detectado — esperando resolución automática...
2026-09-05 17:44:15,932 [INFO]    ✅ Turnstile resuelto
2026-09-05 17:44:26,188 [INFO]    ⏳ Turnstile detectado — esperando resolución automática...
2026-09-05 17:44:26,212 [INFO]    ✅ Turnstile resuelto
2026-09-05 17:44:29,487 [INFO]    Página 5/5 → https://www.opcionempleo.com.ar/trabajo-desarrollador-full-stack.html?p=5
2026-09-05 17:44:38,513 [INFO]    ⏳ Turnstile detectado — esperando resolución automática...
2026-09-05 17:44:38,536 [INFO]    ✅ Turnstile resuelto
2026-09-05 17:44:42,976 [INFO]    → 20 ofertas encontradas
2026-09-05 17:44:49,563 [INFO]    ⏳ Turnstile detectado — esperando resolución automática...
2026-09-05 17:44:49,587 [INFO]    ✅ Turnstile resuelto
2026-09-05 17:45:00,073 [INFO]    ⏳ Turnstile detectado — esperando resolución automática...
2026-09-05 17:45:00,095 [INFO]    ✅ Turnstile resuelto
2026-09-05 17:45:10,725 [INFO]    ⏳ Turnstile detectado — esperando resolución automática...
2026-09-05 17:45:10,750 [INFO]    ✅ Turnstile resuelto
2026-09-05 17:45:20,193 [INFO]    ⏳ Turnstile detectado — esperando resolución automática...
2026-09-05 17:45:20,233 [INFO]    ✅ Turnstile resuelto
2026-09-05 17:45:29,261 [INFO]    ⏳ Turnstile detectado — esperando resolución automática...
2026-09-05 17:45:29,284 [INFO]    ✅ Turnstile resuelto
2026-09-05 17:45:39,651 [INFO]    ⏳ Turnstile detectado — esperando resolución automática...
2026-09-05 17:45:39,673 [INFO]    ✅ Turnstile resuelto
2026-09-05 17:45:49,983 [INFO]    ⏳ Turnstile detectado — esperando resolución automática...
2026-09-05 17:45:50,005 [INFO]    ✅ Turnstile resuelto
2026-09-05 17:46:00,149 [INFO]    ⏳ Turnstile detectado — esperando resolución automática...
2026-09-05 17:46:00,172 [INFO]    ✅ Turnstile resuelto
2026-09-05 17:46:11,959 [INFO]    ⏳ Turnstile detectado — esperando resolución automática...
2026-09-05 17:46:11,980 [INFO]    ✅ Turnstile resuelto
2026-09-05 17:46:22,103 [INFO]    ⏳ Turnstile detectado — esperando resolución automática...
2026-09-05 17:46:22,151 [INFO]    ✅ Turnstile resuelto
2026-09-05 17:46:32,577 [INFO]    ⏳ Turnstile detectado — esperando resolución automática...
2026-09-05 17:46:32,605 [INFO]    ✅ Turnstile resuelto
2026-09-05 17:46:44,314 [INFO]    ⏳ Turnstile detectado — esperando resolución automática...
2026-09-05 17:46:44,337 [INFO]    ✅ Turnstile resuelto
2026-09-05 17:46:56,021 [INFO]    ⏳ Turnstile detectado — esperando resolución automática...
2026-09-05 17:46:56,047 [INFO]    ✅ Turnstile resuelto
2026-09-05 17:47:05,398 [ERROR] Error Playwright en https://www.opcionempleo.com.ar/jobad/ar452e8707a82dee9b5838b43b89774afd: Page.goto: net::ERR_NETWORK_CHANGED at https://www.opcionempleo.com.ar/jobad/ar452e8707a82dee9b5838b43b89774afd
Call log:
  - navigating to "https://www.opcionempleo.com.ar/jobad/ar452e8707a82dee9b5838b43b89774afd", waiting until "domcontentloaded"

2026-09-05 17:47:12,043 [INFO]    ⏳ Turnstile detectado — esperando resolución automática...
2026-09-05 17:47:12,063 [INFO]    ✅ Turnstile resuelto
2026-09-05 17:47:23,741 [INFO]    ⏳ Turnstile detectado — esperando resolución automática...
2026-09-05 17:47:23,762 [INFO]    ✅ Turnstile resuelto
2026-09-05 17:47:35,691 [INFO]    ⏳ Turnstile detectado — esperando resolución automática...
2026-09-05 17:47:35,712 [INFO]    ✅ Turnstile resuelto
2026-09-05 17:47:47,820 [INFO]    ⏳ Turnstile detectado — esperando resolución automática...
2026-09-05 17:47:47,842 [INFO]    ✅ Turnstile resuelto
2026-09-05 17:48:00,917 [INFO]    ⏳ Turnstile detectado — esperando resolución automática...
2026-09-05 17:48:00,938 [INFO]    ✅ Turnstile resuelto
2026-09-05 17:48:13,892 [INFO]    ⏳ Turnstile detectado — esperando resolución automática...
2026-09-05 17:48:13,937 [INFO]    ✅ Turnstile resuelto
2026-09-05 17:48:17,597 [INFO] Exportadas 92 ofertas → /media/carlos-a-cicconi/Common1/Repositorios-Ing.Carlos-Cicconi/Trabajo_Final_MCD/data/raw/ofertas_opcionempleo_20260905.csv
2026-09-05 17:48:17,597 [INFO] ✅ 'Desarrollador Full Stack': 92 ofertas guardadas
2026-09-05 17:48:17,597 [INFO]    💤 Pausa: 10.2s
2026-09-05 17:48:27,809 [INFO] 
🔍 Buscando: 'Ingeniero de Datos'
2026-09-05 17:48:27,810 [INFO]    Página 1/5 → https://www.opcionempleo.com.ar/trabajo-ingeniero-de-datos.html
2026-09-05 17:48:37,775 [INFO]    ⏳ Turnstile detectado — esperando resolución automática...
2026-09-05 17:48:37,813 [INFO]    ✅ Turnstile resuelto
2026-09-05 17:48:41,731 [INFO]    → 20 ofertas encontradas
2026-09-05 17:48:49,932 [INFO]    ⏳ Turnstile detectado — esperando resolución automática...
2026-09-05 17:48:49,954 [INFO]    ✅ Turnstile resuelto
2026-09-05 17:49:02,616 [INFO]    ⏳ Turnstile detectado — esperando resolución automática...
2026-09-05 17:49:02,642 [INFO]    ✅ Turnstile resuelto
2026-09-05 17:49:12,373 [INFO]    ⏳ Turnstile detectado — esperando resolución automática...
2026-09-05 17:49:12,397 [INFO]    ✅ Turnstile resuelto
2026-09-05 17:49:23,778 [INFO]    ⏳ Turnstile detectado — esperando resolución automática...
2026-09-05 17:49:23,798 [INFO]    ✅ Turnstile resuelto
2026-09-05 17:49:35,011 [INFO]    ⏳ Turnstile detectado — esperando resolución automática...
2026-09-05 17:49:35,038 [INFO]    ✅ Turnstile resuelto
2026-09-05 17:49:47,314 [INFO]    ⏳ Turnstile detectado — esperando resolución automática...
2026-09-05 17:49:47,341 [INFO]    ✅ Turnstile resuelto
2026-09-05 17:49:58,871 [INFO]    ⏳ Turnstile detectado — esperando resolución automática...
2026-09-05 17:49:58,959 [INFO]    ✅ Turnstile resuelto
2026-09-05 17:50:10,071 [INFO]    ⏳ Turnstile detectado — esperando resolución automática...
2026-09-05 17:50:10,096 [INFO]    ✅ Turnstile resuelto
2026-09-05 17:50:21,479 [INFO]    ⏳ Turnstile detectado — esperando resolución automática...
2026-09-05 17:50:21,504 [INFO]    ✅ Turnstile resuelto
2026-09-05 17:50:32,290 [INFO]    ⏳ Turnstile detectado — esperando resolución automática...
2026-09-05 17:50:32,312 [INFO]    ✅ Turnstile resuelto
2026-09-05 17:50:43,105 [INFO]    ⏳ Turnstile detectado — esperando resolución automática...
2026-09-05 17:50:43,144 [INFO]    ✅ Turnstile resuelto
2026-09-05 17:50:54,403 [INFO]    ⏳ Turnstile detectado — esperando resolución automática...
2026-09-05 17:50:54,426 [INFO]    ✅ Turnstile resuelto
2026-09-05 17:51:04,453 [INFO]    ⏳ Turnstile detectado — esperando resolución automática...
2026-09-05 17:51:04,480 [INFO]    ✅ Turnstile resuelto
2026-09-05 17:51:15,921 [INFO]    ⏳ Turnstile detectado — esperando resolución automática...
2026-09-05 17:51:15,943 [INFO]    ✅ Turnstile resuelto
2026-09-05 17:51:26,751 [INFO]    ⏳ Turnstile detectado — esperando resolución automática...
2026-09-05 17:51:26,774 [INFO]    ✅ Turnstile resuelto
2026-09-05 17:51:38,763 [INFO]    ⏳ Turnstile detectado — esperando resolución automática...
2026-09-05 17:51:38,786 [INFO]    ✅ Turnstile resuelto
2026-09-05 17:51:48,312 [INFO]    ⏳ Turnstile detectado — esperando resolución automática...
2026-09-05 17:51:48,361 [INFO]    ✅ Turnstile resuelto
2026-09-05 17:52:02,938 [INFO]    ⏳ Turnstile detectado — esperando resolución automática...
2026-09-05 17:52:02,961 [INFO]    ✅ Turnstile resuelto
2026-09-05 17:52:13,808 [INFO]    ⏳ Turnstile detectado — esperando resolución automática...
2026-09-05 17:52:13,831 [INFO]    ✅ Turnstile resuelto
2026-09-05 17:52:25,146 [INFO]    ⏳ Turnstile detectado — esperando resolución automática...
2026-09-05 17:52:25,169 [INFO]    ✅ Turnstile resuelto
2026-09-05 17:52:28,509 [INFO]    Página 2/5 → https://www.opcionempleo.com.ar/trabajo-ingeniero-de-datos.html?p=2
2026-09-05 17:52:38,889 [INFO]    ⏳ Turnstile detectado — esperando resolución automática...
2026-09-05 17:52:38,940 [INFO]    ✅ Turnstile resuelto
2026-09-05 17:52:43,061 [INFO]    → 20 ofertas encontradas
2026-09-05 17:52:50,946 [INFO]    ⏳ Turnstile detectado — esperando resolución automática...
2026-09-05 17:52:50,970 [INFO]    ✅ Turnstile resuelto
2026-09-05 17:53:02,180 [INFO]    ⏳ Turnstile detectado — esperando resolución automática...
2026-09-05 17:53:02,203 [INFO]    ✅ Turnstile resuelto
2026-09-05 17:53:13,912 [INFO]    ⏳ Turnstile detectado — esperando resolución automática...
2026-09-05 17:53:13,935 [INFO]    ✅ Turnstile resuelto
2026-09-05 17:53:24,127 [INFO]    ⏳ Turnstile detectado — esperando resolución automática...
2026-09-05 17:53:24,169 [INFO]    ✅ Turnstile resuelto
2026-09-05 17:53:36,406 [INFO]    ⏳ Turnstile detectado — esperando resolución automática...
2026-09-05 17:53:36,431 [INFO]    ✅ Turnstile resuelto
2026-09-05 17:53:46,968 [INFO]    ⏳ Turnstile detectado — esperando resolución automática...
2026-09-05 17:53:46,992 [INFO]    ✅ Turnstile resuelto
2026-09-05 17:53:59,049 [INFO]    ⏳ Turnstile detectado — esperando resolución automática...
2026-09-05 17:53:59,070 [INFO]    ✅ Turnstile resuelto
2026-09-05 17:54:10,208 [INFO]    ⏳ Turnstile detectado — esperando resolución automática...
2026-09-05 17:54:10,231 [INFO]    ✅ Turnstile resuelto
2026-09-05 17:54:21,815 [INFO]    ⏳ Turnstile detectado — esperando resolución automática...
2026-09-05 17:54:21,855 [INFO]    ✅ Turnstile resuelto
2026-09-05 17:54:35,611 [INFO]    ⏳ Turnstile detectado — esperando resolución automática...
2026-09-05 17:54:35,633 [INFO]    ✅ Turnstile resuelto
2026-09-05 17:54:47,273 [INFO]    ⏳ Turnstile detectado — esperando resolución automática...
2026-09-05 17:54:47,296 [INFO]    ✅ Turnstile resuelto
2026-09-05 17:54:56,871 [INFO]    ⏳ Turnstile detectado — esperando resolución automática...
2026-09-05 17:54:56,893 [INFO]    ✅ Turnstile resuelto
2026-09-05 17:55:10,155 [INFO]    ⏳ Turnstile detectado — esperando resolución automática...
2026-09-05 17:55:10,204 [INFO]    ✅ Turnstile resuelto
2026-09-05 17:55:20,963 [INFO]    ⏳ Turnstile detectado — esperando resolución automática...
2026-09-05 17:55:20,986 [INFO]    ✅ Turnstile resuelto
2026-09-05 17:55:32,944 [INFO]    ⏳ Turnstile detectado — esperando resolución automática...
2026-09-05 17:55:32,977 [INFO]    ✅ Turnstile resuelto
2026-09-05 17:55:44,209 [INFO]    ⏳ Turnstile detectado — esperando resolución automática...
2026-09-05 17:55:44,232 [INFO]    ✅ Turnstile resuelto
2026-09-05 17:55:55,441 [INFO]    ⏳ Turnstile detectado — esperando resolución automática...
2026-09-05 17:55:55,487 [INFO]    ✅ Turnstile resuelto
2026-09-05 17:56:06,428 [INFO]    ⏳ Turnstile detectado — esperando resolución automática...
2026-09-05 17:56:06,451 [INFO]    ✅ Turnstile resuelto
2026-09-05 17:56:18,575 [INFO]    ⏳ Turnstile detectado — esperando resolución automática...
2026-09-05 17:56:18,596 [INFO]    ✅ Turnstile resuelto
2026-09-05 17:56:28,854 [INFO]    ⏳ Turnstile detectado — esperando resolución automática...
2026-09-05 17:56:28,876 [INFO]    ✅ Turnstile resuelto
2026-09-05 17:56:32,407 [INFO]    Página 3/5 → https://www.opcionempleo.com.ar/trabajo-ingeniero-de-datos.html?p=3
2026-09-05 17:56:41,142 [INFO]    ⏳ Turnstile detectado — esperando resolución automática...
2026-09-05 17:56:41,170 [INFO]    ✅ Turnstile resuelto
2026-09-05 17:56:44,840 [INFO]    → 20 ofertas encontradas
2026-09-05 17:56:51,426 [INFO]    ⏳ Turnstile detectado — esperando resolución automática...
2026-09-05 17:56:51,448 [INFO]    ✅ Turnstile resuelto
2026-09-05 17:57:02,126 [INFO]    ⏳ Turnstile detectado — esperando resolución automática...
2026-09-05 17:57:02,148 [INFO]    ✅ Turnstile resuelto
2026-09-05 17:57:14,119 [INFO]    ⏳ Turnstile detectado — esperando resolución automática...
2026-09-05 17:57:14,141 [INFO]    ✅ Turnstile resuelto
2026-09-05 17:57:24,964 [INFO]    ⏳ Turnstile detectado — esperando resolución automática...
2026-09-05 17:57:25,006 [INFO]    ✅ Turnstile resuelto
2026-09-05 17:57:34,942 [INFO]    ⏳ Turnstile detectado — esperando resolución automática...
2026-09-05 17:57:34,964 [INFO]    ✅ Turnstile resuelto
2026-09-05 17:57:44,586 [INFO]    ⏳ Turnstile detectado — esperando resolución automática...
2026-09-05 17:57:44,609 [INFO]    ✅ Turnstile resuelto
2026-09-05 17:57:55,813 [INFO]    ⏳ Turnstile detectado — esperando resolución automática...
2026-09-05 17:57:55,836 [INFO]    ✅ Turnstile resuelto
2026-09-05 17:58:08,581 [INFO]    ⏳ Turnstile detectado — esperando resolución automática...
2026-09-05 17:58:08,604 [INFO]    ✅ Turnstile resuelto
2026-09-05 17:58:19,963 [INFO]    ⏳ Turnstile detectado — esperando resolución automática...
2026-09-05 17:58:19,984 [INFO]    ✅ Turnstile resuelto
2026-09-05 17:58:32,536 [INFO]    ⏳ Turnstile detectado — esperando resolución automática...
2026-09-05 17:58:32,557 [INFO]    ✅ Turnstile resuelto
2026-09-05 17:58:43,628 [INFO]    ⏳ Turnstile detectado — esperando resolución automática...
2026-09-05 17:58:43,651 [INFO]    ✅ Turnstile resuelto
2026-09-05 17:58:57,640 [INFO]    ⏳ Turnstile detectado — esperando resolución automática...
2026-09-05 17:58:57,663 [INFO]    ✅ Turnstile resuelto
2026-09-05 17:59:09,299 [INFO]    ⏳ Turnstile detectado — esperando resolución automática...
2026-09-05 17:59:09,320 [INFO]    ✅ Turnstile resuelto
2026-09-05 17:59:20,485 [INFO]    ⏳ Turnstile detectado — esperando resolución automática...
2026-09-05 17:59:20,507 [INFO]    ✅ Turnstile resuelto
2026-09-05 17:59:32,565 [INFO]    ⏳ Turnstile detectado — esperando resolución automática...
2026-09-05 17:59:32,587 [INFO]    ✅ Turnstile resuelto
2026-09-05 17:59:45,868 [INFO]    ⏳ Turnstile detectado — esperando resolución automática...
2026-09-05 17:59:45,893 [INFO]    ✅ Turnstile resuelto
2026-09-05 17:59:56,116 [INFO]    ⏳ Turnstile detectado — esperando resolución automática...
2026-09-05 17:59:56,138 [INFO]    ✅ Turnstile resuelto
2026-09-05 18:00:06,889 [INFO]    ⏳ Turnstile detectado — esperando resolución automática...
2026-09-05 18:00:06,910 [INFO]    ✅ Turnstile resuelto
2026-09-05 18:00:17,135 [INFO]    ⏳ Turnstile detectado — esperando resolución automática...
2026-09-05 18:00:17,163 [INFO]    ✅ Turnstile resuelto
2026-09-05 18:00:29,453 [INFO]    ⏳ Turnstile detectado — esperando resolución automática...
2026-09-05 18:00:29,494 [INFO]    ✅ Turnstile resuelto
2026-09-05 18:00:33,196 [INFO]    Página 4/5 → https://www.opcionempleo.com.ar/trabajo-ingeniero-de-datos.html?p=4
2026-09-05 18:00:42,358 [INFO]    ⏳ Turnstile detectado — esperando resolución automática...
2026-09-05 18:00:42,384 [INFO]    ✅ Turnstile resuelto
2026-09-05 18:00:46,411 [INFO]    → 20 ofertas encontradas
2026-09-05 18:00:53,332 [INFO]    ⏳ Turnstile detectado — esperando resolución automática...
2026-09-05 18:00:53,353 [INFO]    ✅ Turnstile resuelto
2026-09-05 18:01:03,877 [INFO]    ⏳ Turnstile detectado — esperando resolución automática...
2026-09-05 18:01:03,899 [INFO]    ✅ Turnstile resuelto
2026-09-05 18:01:15,438 [INFO]    ⏳ Turnstile detectado — esperando resolución automática...
2026-09-05 18:01:15,461 [INFO]    ✅ Turnstile resuelto
2026-09-05 18:01:26,600 [INFO]    ⏳ Turnstile detectado — esperando resolución automática...
2026-09-05 18:01:26,622 [INFO]    ✅ Turnstile resuelto
2026-09-05 18:01:38,551 [INFO]    ⏳ Turnstile detectado — esperando resolución automática...
2026-09-05 18:01:38,572 [INFO]    ✅ Turnstile resuelto
2026-09-05 18:01:50,127 [INFO]    ⏳ Turnstile detectado — esperando resolución automática...
2026-09-05 18:01:50,150 [INFO]    ✅ Turnstile resuelto
2026-09-05 18:02:00,429 [INFO]    ⏳ Turnstile detectado — esperando resolución automática...
2026-09-05 18:02:00,452 [INFO]    ✅ Turnstile resuelto
2026-09-05 18:02:13,136 [INFO]    ⏳ Turnstile detectado — esperando resolución automática...
2026-09-05 18:02:13,158 [INFO]    ✅ Turnstile resuelto
2026-09-05 18:02:25,634 [INFO]    ⏳ Turnstile detectado — esperando resolución automática...
2026-09-05 18:02:25,655 [INFO]    ✅ Turnstile resuelto
2026-09-05 18:02:36,582 [INFO]    ⏳ Turnstile detectado — esperando resolución automática...
2026-09-05 18:02:36,628 [INFO]    ✅ Turnstile resuelto
2026-09-05 18:02:48,128 [INFO]    ⏳ Turnstile detectado — esperando resolución automática...
2026-09-05 18:02:48,149 [INFO]    ✅ Turnstile resuelto
2026-09-05 18:02:58,504 [INFO]    ⏳ Turnstile detectado — esperando resolución automática...
2026-09-05 18:02:58,526 [INFO]    ✅ Turnstile resuelto
2026-09-05 18:03:09,451 [INFO]    ⏳ Turnstile detectado — esperando resolución automática...
2026-09-05 18:03:09,472 [INFO]    ✅ Turnstile resuelto
2026-09-05 18:03:19,994 [INFO]    ⏳ Turnstile detectado — esperando resolución automática...
2026-09-05 18:03:20,016 [INFO]    ✅ Turnstile resuelto
2026-09-05 18:03:32,886 [INFO]    ⏳ Turnstile detectado — esperando resolución automática...
2026-09-05 18:03:32,909 [INFO]    ✅ Turnstile resuelto
2026-09-05 18:03:43,519 [INFO]    ⏳ Turnstile detectado — esperando resolución automática...
2026-09-05 18:03:43,540 [INFO]    ✅ Turnstile resuelto
2026-09-05 18:03:55,324 [INFO]    ⏳ Turnstile detectado — esperando resolución automática...
2026-09-05 18:03:55,345 [INFO]    ✅ Turnstile resuelto
2026-09-05 18:04:05,875 [INFO]    ⏳ Turnstile detectado — esperando resolución automática...
2026-09-05 18:04:05,897 [INFO]    ✅ Turnstile resuelto
2026-09-05 18:04:17,817 [INFO]    ⏳ Turnstile detectado — esperando resolución automática...
2026-09-05 18:04:17,848 [INFO]    ✅ Turnstile resuelto
2026-09-05 18:04:29,435 [INFO]    ⏳ Turnstile detectado — esperando resolución automática...
2026-09-05 18:04:29,462 [INFO]    ✅ Turnstile resuelto
2026-09-05 18:04:32,930 [INFO]    Página 5/5 → https://www.opcionempleo.com.ar/trabajo-ingeniero-de-datos.html?p=5
2026-09-05 18:04:42,477 [INFO]    ⏳ Turnstile detectado — esperando resolución automática...
2026-09-05 18:04:42,504 [INFO]    ✅ Turnstile resuelto
2026-09-05 18:04:46,869 [INFO]    → 19 ofertas encontradas
2026-09-05 18:04:53,694 [INFO]    ⏳ Turnstile detectado — esperando resolución automática...
2026-09-05 18:04:53,722 [INFO]    ✅ Turnstile resuelto
2026-09-05 18:05:04,349 [INFO]    ⏳ Turnstile detectado — esperando resolución automática...
2026-09-05 18:05:04,371 [INFO]    ✅ Turnstile resuelto
2026-09-05 18:05:16,202 [INFO]    ⏳ Turnstile detectado — esperando resolución automática...
2026-09-05 18:05:16,224 [INFO]    ✅ Turnstile resuelto
2026-09-05 18:05:28,413 [INFO]    ⏳ Turnstile detectado — esperando resolución automática...
2026-09-05 18:05:28,436 [INFO]    ✅ Turnstile resuelto
2026-09-05 18:05:38,343 [INFO]    ⏳ Turnstile detectado — esperando resolución automática...
2026-09-05 18:05:38,389 [INFO]    ✅ Turnstile resuelto
2026-09-05 18:05:50,708 [INFO]    ⏳ Turnstile detectado — esperando resolución automática...
2026-09-05 18:05:50,733 [INFO]    ✅ Turnstile resuelto
2026-09-05 18:06:01,084 [INFO]    ⏳ Turnstile detectado — esperando resolución automática...
2026-09-05 18:06:01,109 [INFO]    ✅ Turnstile resuelto
2026-09-05 18:06:11,476 [INFO]    ⏳ Turnstile detectado — esperando resolución automática...
2026-09-05 18:06:11,497 [INFO]    ✅ Turnstile resuelto
2026-09-05 18:06:22,224 [INFO]    ⏳ Turnstile detectado — esperando resolución automática...
2026-09-05 18:06:22,270 [INFO]    ✅ Turnstile resuelto
2026-09-05 18:06:33,562 [INFO]    ⏳ Turnstile detectado — esperando resolución automática...
2026-09-05 18:06:33,587 [INFO]    ✅ Turnstile resuelto
2026-09-05 18:06:43,746 [INFO]    ⏳ Turnstile detectado — esperando resolución automática...
2026-09-05 18:06:43,774 [INFO]    ✅ Turnstile resuelto
2026-09-05 18:06:58,145 [INFO]    ⏳ Turnstile detectado — esperando resolución automática...
2026-09-05 18:06:58,166 [INFO]    ✅ Turnstile resuelto
2026-09-05 18:07:10,213 [INFO]    ⏳ Turnstile detectado — esperando resolución automática...
2026-09-05 18:07:10,252 [INFO]    ✅ Turnstile resuelto
2026-09-05 18:07:20,482 [INFO]    ⏳ Turnstile detectado — esperando resolución automática...
2026-09-05 18:07:20,525 [INFO]    ✅ Turnstile resuelto
2026-09-05 18:07:31,569 [INFO]    ⏳ Turnstile detectado — esperando resolución automática...
2026-09-05 18:07:31,591 [INFO]    ✅ Turnstile resuelto
2026-09-05 18:07:42,434 [INFO]    ⏳ Turnstile detectado — esperando resolución automática...
2026-09-05 18:07:42,462 [INFO]    ✅ Turnstile resuelto
2026-09-05 18:07:53,618 [INFO]    ⏳ Turnstile detectado — esperando resolución automática...
2026-09-05 18:07:53,640 [INFO]    ✅ Turnstile resuelto
2026-09-05 18:08:05,084 [INFO]    ⏳ Turnstile detectado — esperando resolución automática...
2026-09-05 18:08:05,131 [INFO]    ✅ Turnstile resuelto
2026-09-05 18:08:15,839 [INFO]    ⏳ Turnstile detectado — esperando resolución automática...
2026-09-05 18:08:15,863 [INFO]    ✅ Turnstile resuelto
2026-09-05 18:08:19,079 [INFO] Exportadas 99 ofertas → /media/carlos-a-cicconi/Common1/Repositorios-Ing.Carlos-Cicconi/Trabajo_Final_MCD/data/raw/ofertas_opcionempleo_20260905.csv
2026-09-05 18:08:19,079 [INFO] ✅ 'Ingeniero de Datos': 99 ofertas guardadas
2026-09-05 18:08:19,079 [INFO]    💤 Pausa: 8.5s
2026-09-05 18:08:27,783 [INFO] 
============================================================
2026-09-05 18:08:27,783 [INFO] SCRAPING FINALIZADO - OpcionEmpleo Argentina
2026-09-05 18:08:27,783 [INFO] Total ofertas únicas: 855
2026-09-05 18:08:27,784 [INFO] DB : /media/carlos-a-cicconi/Common1/Repositorios-Ing.Carlos-Cicconi/Trabajo_Final_MCD/data/raw/opcionempleo.db
2026-09-05 18:08:27,784 [INFO] CSV: /media/carlos-a-cicconi/Common1/Repositorios-Ing.Carlos-Cicconi/Trabajo_Final_MCD/data/raw/ofertas_opcionempleo_20260905.csv
2026-09-05 18:08:27,784 [INFO] Log: /media/carlos-a-cicconi/Common1/Repositorios-Ing.Carlos-Cicconi/Trabajo_Final_MCD/logs/opcionempleo_20260905_151225.log
2026-09-05 18:08:27,784 [INFO] ============================================================
2026-09-05 18:08:27,785 [INFO]   ✅ opcionempleo: 855 ofertas recopiladas
2026-09-05 18:08:27,785 [INFO] 
============================================================
2026-09-05 18:08:27,785 [INFO]   EJECUTANDO: jobomas (JobomasScraper)
2026-09-05 18:08:27,786 [INFO]   Queries: definidas en el módulo
2026-09-05 18:08:27,786 [INFO] ============================================================
2026-09-05 18:08:27,814 [INFO] DB lista: /media/carlos-a-cicconi/Common1/Repositorios-Ing.Carlos-Cicconi/Trabajo_Final_MCD/data/raw/jobomas.db
2026-09-05 18:08:27,814 [INFO] Ejecutando diagnóstico de Jobomas...
2026-09-05 18:08:30,595 [INFO]   https://ar.jobomas.com/python → HTTP 404 | 6,586 | CT:text/html; charset=utf-8
2026-09-05 18:08:32,136 [INFO]   https://ar.jobomas.com/trabajo/python → HTTP 404 | 6,586 | CT:text/html; charset=utf-8
2026-09-05 18:08:34,894 [INFO]   https://ar.jobomas.com/ → HTTP 200 | 91,093 | CT:text/html; charset=utf-8
2026-09-05 18:08:34,922 [INFO]   <title>: Empleos y ofertas de trabajo en Argentina
2026-09-05 18:08:34,950 [INFO]   Links de oferta: 16
2026-09-05 18:08:34,950 [INFO]     /personalized-internet-ads-assessor-german_iid_392249744 | Personalized Internet Ads Assessor | German
2026-09-05 18:08:34,950 [INFO]     https://wa.me/?text=%C2%A1Hola%21%20He%20encontrado%20esta%20oferta%20de%20trabajo%20en%20jobomas%20y%20creo%20que%20puede%20interesarte%3A%0A%0APersonalized%20Internet%20Ads%20Assessor%20%7C%20German%0Ahttps%3A%2F%2Far.jobomas.com%2Fpersonalized-internet-ads-assessor-german_iid_392249744 | Compartir este empleo
2026-09-05 18:08:34,950 [INFO]     /vendedor-tecnico_iid_392252233 | Vendedor Técnico
2026-09-05 18:08:34,950 [INFO] JobomasScraper inicializado (modo: params)
2026-09-05 18:08:34,950 [INFO] ============================================================
2026-09-05 18:08:34,950 [INFO] INICIO - Jobomas Argentina
2026-09-05 18:08:34,950 [INFO] 
🔍 'Data Scientist'
2026-09-05 18:08:34,950 [INFO]    Página 1/5
2026-09-05 18:08:39,419 [INFO]    → 8 encontradas
2026-09-05 18:09:41,838 [INFO]    Página 2/5
2026-09-05 18:09:50,795 [WARNING]    Sin ofertas — HTML guardado en diagnostico/
2026-09-05 18:09:50,795 [INFO]    → 0 encontradas
2026-09-05 18:09:50,796 [INFO] CSV: 8 exportadas
2026-09-05 18:09:50,796 [INFO] ✅ 'Data Scientist': 8 guardadas
2026-09-05 18:09:56,189 [INFO] 
🔍 'Data Analyst'
2026-09-05 18:09:56,189 [INFO]    Página 1/5
2026-09-05 18:09:59,941 [WARNING]    Sin ofertas — HTML guardado en diagnostico/
2026-09-05 18:09:59,941 [INFO]    → 0 encontradas
2026-09-05 18:09:59,941 [INFO] ✅ 'Data Analyst': 0 guardadas
2026-09-05 18:10:06,273 [INFO] 
🔍 'Machine Learning Engineer'
2026-09-05 18:10:06,274 [INFO]    Página 1/5
2026-09-05 18:10:11,320 [WARNING]    Sin ofertas — HTML guardado en diagnostico/
2026-09-05 18:10:11,321 [INFO]    → 0 encontradas
2026-09-05 18:10:11,321 [INFO] ✅ 'Machine Learning Engineer': 0 guardadas
2026-09-05 18:10:18,587 [INFO] 
🔍 'NLP Engineer'
2026-09-05 18:10:18,588 [INFO]    Página 1/5
2026-09-05 18:10:25,031 [WARNING]    Sin ofertas — HTML guardado en diagnostico/
2026-09-05 18:10:25,031 [INFO]    → 0 encontradas
2026-09-05 18:10:25,031 [INFO] ✅ 'NLP Engineer': 0 guardadas
2026-09-05 18:10:30,628 [INFO] 
🔍 'Data Engineer'
2026-09-05 18:10:30,628 [INFO]    Página 1/5
2026-09-05 18:10:37,158 [WARNING]    Sin ofertas — HTML guardado en diagnostico/
2026-09-05 18:10:37,158 [INFO]    → 0 encontradas
2026-09-05 18:10:37,158 [INFO] ✅ 'Data Engineer': 0 guardadas
2026-09-05 18:10:44,582 [INFO] 
🔍 'Software Engineer'
2026-09-05 18:10:44,583 [INFO]    Página 1/5
2026-09-05 18:10:49,471 [WARNING]    Sin ofertas — HTML guardado en diagnostico/
2026-09-05 18:10:49,471 [INFO]    → 0 encontradas
2026-09-05 18:10:49,471 [INFO] ✅ 'Software Engineer': 0 guardadas
2026-09-05 18:10:58,505 [INFO] 
🔍 'Python Developer'
2026-09-05 18:10:58,506 [INFO]    Página 1/5
2026-09-05 18:11:04,753 [WARNING]    Sin ofertas — HTML guardado en diagnostico/
2026-09-05 18:11:04,754 [INFO]    → 0 encontradas
2026-09-05 18:11:04,754 [INFO] ✅ 'Python Developer': 0 guardadas
2026-09-05 18:11:13,740 [INFO] 
🔍 'Desarrollador Backend'
2026-09-05 18:11:13,740 [INFO]    Página 1/5
2026-09-05 18:11:19,467 [WARNING]    Sin ofertas — HTML guardado en diagnostico/
2026-09-05 18:11:19,467 [INFO]    → 0 encontradas
2026-09-05 18:11:19,467 [INFO] ✅ 'Desarrollador Backend': 0 guardadas
2026-09-05 18:11:27,437 [INFO] 
🔍 'Desarrollador Full Stack'
2026-09-05 18:11:27,438 [INFO]    Página 1/5
2026-09-05 18:11:32,779 [WARNING]    Sin ofertas — HTML guardado en diagnostico/
2026-09-05 18:11:32,779 [INFO]    → 0 encontradas
2026-09-05 18:11:32,779 [INFO] ✅ 'Desarrollador Full Stack': 0 guardadas
2026-09-05 18:11:37,849 [INFO] 
🔍 'Ingeniero de Datos'
2026-09-05 18:11:37,850 [INFO]    Página 1/5
2026-09-05 18:11:43,736 [WARNING]    Sin ofertas — HTML guardado en diagnostico/
2026-09-05 18:11:43,736 [INFO]    → 0 encontradas
2026-09-05 18:11:43,736 [INFO] ✅ 'Ingeniero de Datos': 0 guardadas
2026-09-05 18:11:49,757 [INFO] 
============================================================
FINALIZADO — 8 ofertas
2026-09-05 18:11:49,766 [INFO]   ✅ jobomas: 8 ofertas recopiladas
2026-09-05 18:11:49,771 [INFO] 
============================================================
2026-09-05 18:11:49,772 [INFO]   EJECUTANDO: jobrapido (JobrapidoScraper)
2026-09-05 18:11:49,772 [INFO]   Queries: definidas en el módulo
2026-09-05 18:11:49,772 [INFO] ============================================================
2026-09-05 18:11:49,801 [INFO] DB lista: /media/carlos-a-cicconi/Common1/Repositorios-Ing.Carlos-Cicconi/Trabajo_Final_MCD/data/raw/jobrapido.db
2026-09-05 18:11:49,801 [INFO] Ejecutando diagnóstico de Jobrapido...
2026-09-05 18:11:54,928 [INFO]   https://ar.jobrapido.com/Ofertas-de-trabajo-para-Python?l=Argentina → HTTP 200 | 369,652 chars
2026-09-05 18:11:54,987 [INFO]   <title>: Bolsa trabajo para Python, ofertas empleo | Jobrapido.com
2026-09-05 18:11:54,988 [INFO]   JS-only:False
2026-09-05 18:11:54,991 [INFO]   Clase 'job': 56 | ejemplo: search google-one-tap-enabled smartphone-banner-enabled not-
2026-09-05 18:11:54,994 [INFO]   Clase 'result': 261 | ejemplo: wrapper result-list
2026-09-05 18:11:55,000 [INFO]   Clase 'item': 289 | ejemplo: suggested-locations-item
2026-09-05 18:11:55,008 [INFO]   Links de oferta: 20
2026-09-05 18:11:55,009 [INFO]     https://open.app.jobrapido.com/ar/3705923438423048192/?w=python&l=&oc=sponsored&k=web.1.1.0&uuid=arF001a073a0cf4736c5&page_item_id=286936775 | Open job preview for: Senior Python Engineer  - Rosario
2026-09-05 18:11:55,009 [INFO]     https://open.app.jobrapido.com/ar/8284025819072823296/?w=python&l=&oc=sponsored&k=web.1.1.1&uuid=arF001a073a0cf4736c5&page_item_id=1263964024 | Open job preview for: Desarrollador/a Fullstack (React + Pyt
2026-09-05 18:11:55,009 [INFO]     https://open.app.jobrapido.com/ar/4397388554326507520/?w=python&l=&oc=sponsored&k=web.1.1.2&uuid=arF001a073a0cf4736c5&page_item_id=-654635840 | Open job preview for: Data Engineer: Python + AWS + DBT | Re
2026-09-05 18:11:55,012 [INFO]   Paginación: 1
2026-09-05 18:11:55,012 [INFO] JobrapidoScraper inicializado
2026-09-05 18:11:55,012 [INFO] ============================================================
2026-09-05 18:11:55,012 [INFO] INICIO - Jobrapido Argentina
2026-09-05 18:11:55,012 [INFO] 
🔍 'Data Scientist'
2026-09-05 18:11:55,012 [INFO]    Página 1/5
2026-09-05 18:12:00,145 [INFO]    → 20 encontradas
2026-09-05 18:14:16,276 [INFO]    Página 2/5
2026-09-05 18:14:23,988 [INFO]    → 20 encontradas
2026-09-05 18:16:28,563 [INFO]    Página 3/5
2026-09-05 18:16:34,419 [INFO]    → 5 encontradas
2026-09-05 18:17:06,662 [INFO]    Página 4/5
2026-09-05 18:17:14,545 [INFO]    → 20 encontradas
2026-09-05 18:19:20,791 [INFO]    Página 5/5
2026-09-05 18:19:29,974 [INFO]    → 20 encontradas
2026-09-05 18:21:40,903 [INFO] CSV: 85 exportadas
2026-09-05 18:21:40,904 [INFO] ✅ 'Data Scientist': 85 guardadas
2026-09-05 18:21:47,958 [INFO] 
🔍 'Data Analyst'
2026-09-05 18:21:47,958 [INFO]    Página 1/5
2026-09-05 18:21:54,144 [INFO]    → 15 encontradas
2026-09-05 18:23:29,914 [INFO]    Página 2/5
2026-09-05 18:23:40,247 [INFO]    → 15 encontradas
2026-09-05 18:25:11,795 [INFO]    Página 3/5
2026-09-05 18:25:17,469 [INFO]    → 15 encontradas
2026-09-05 18:26:57,508 [INFO]    Página 4/5
2026-09-05 18:27:03,503 [INFO]    → 20 encontradas
2026-09-05 18:29:02,802 [INFO]    Página 5/5
2026-09-05 18:29:07,462 [WARNING]    Sin ofertas — HTML guardado en diagnostico/
2026-09-05 18:29:07,462 [INFO]    → 0 encontradas
2026-09-05 18:29:07,463 [INFO] CSV: 65 exportadas
2026-09-05 18:29:07,464 [INFO] ✅ 'Data Analyst': 65 guardadas
2026-09-05 18:29:12,657 [INFO] 
🔍 'Machine Learning Engineer'
2026-09-05 18:29:12,657 [INFO]    Página 1/5
2026-09-05 18:29:16,953 [INFO]    → 16 encontradas
2026-09-05 18:31:02,328 [INFO]    Página 2/5
2026-09-05 18:31:07,782 [INFO]    → 19 encontradas
2026-09-05 18:33:04,870 [INFO]    Página 3/5
2026-09-05 18:33:10,374 [INFO]    → 5 encontradas
2026-09-05 18:33:41,836 [INFO]    Página 4/5
2026-09-05 18:33:48,004 [INFO]    → 15 encontradas
2026-09-05 18:35:15,835 [INFO]    Página 5/5
2026-09-05 18:35:21,096 [INFO]    → 20 encontradas
2026-09-05 18:37:22,004 [INFO] CSV: 75 exportadas
2026-09-05 18:37:22,005 [INFO] ✅ 'Machine Learning Engineer': 75 guardadas
2026-09-05 18:37:28,130 [INFO] 
🔍 'NLP Engineer'
2026-09-05 18:37:28,131 [INFO]    Página 1/5
2026-09-05 18:37:34,020 [INFO]    → 13 encontradas
2026-09-05 18:38:55,174 [INFO]    Página 2/5
2026-09-05 18:38:59,856 [INFO]    → 15 encontradas
2026-09-05 18:40:30,505 [INFO]    Página 3/5
2026-09-05 18:40:36,610 [INFO]    → 19 encontradas
2026-09-05 18:42:40,150 [INFO]    Página 4/5
2026-09-05 18:42:43,955 [WARNING]    Sin ofertas — HTML guardado en diagnostico/
2026-09-05 18:42:43,955 [INFO]    → 0 encontradas
2026-09-05 18:42:43,957 [INFO] CSV: 47 exportadas
2026-09-05 18:42:43,957 [INFO] ✅ 'NLP Engineer': 47 guardadas
2026-09-05 18:42:49,473 [INFO] 
🔍 'Data Engineer'
2026-09-05 18:42:49,473 [INFO]    Página 1/5
2026-09-05 18:42:58,662 [INFO]    → 13 encontradas
2026-09-05 18:44:12,607 [INFO]    Página 2/5
2026-09-05 18:44:20,877 [INFO]    → 15 encontradas
2026-09-05 18:45:52,851 [INFO]    Página 3/5
2026-09-05 18:45:58,799 [INFO]    → 17 encontradas
2026-09-05 18:47:46,712 [INFO]    Página 4/5
2026-09-05 18:47:56,964 [INFO]    → 20 encontradas
2026-09-05 18:50:12,216 [INFO]    Página 5/5
2026-09-05 18:50:21,967 [WARNING]    Sin ofertas — HTML guardado en diagnostico/
2026-09-05 18:50:21,968 [INFO]    → 0 encontradas
2026-09-05 18:50:21,969 [INFO] CSV: 65 exportadas
2026-09-05 18:50:21,969 [INFO] ✅ 'Data Engineer': 65 guardadas
2026-09-05 18:50:30,759 [INFO] 
🔍 'Software Engineer'
2026-09-05 18:50:30,759 [INFO]    Página 1/5
2026-09-05 18:50:36,082 [INFO]    → 16 encontradas
2026-09-05 18:52:10,172 [INFO]    Página 2/5
2026-09-05 18:52:15,972 [INFO]    → 3 encontradas
2026-09-05 18:52:34,542 [INFO]    Página 3/5
2026-09-05 18:52:40,455 [INFO]    → 7 encontradas
2026-09-05 18:53:28,507 [INFO]    Página 4/5
2026-09-05 18:53:32,908 [INFO]    → 7 encontradas
2026-09-05 18:54:21,256 [INFO]    Página 5/5
2026-09-05 18:54:25,957 [INFO]    → 12 encontradas
2026-09-05 18:55:38,466 [INFO] CSV: 45 exportadas
2026-09-05 18:55:38,466 [INFO] ✅ 'Software Engineer': 45 guardadas
2026-09-05 18:55:45,287 [INFO] 
🔍 'Python Developer'
2026-09-05 18:55:45,288 [INFO]    Página 1/5
2026-09-05 18:55:50,812 [INFO]    → 10 encontradas
2026-09-05 18:56:56,059 [INFO]    Página 2/5
2026-09-05 18:57:02,538 [INFO]    → 3 encontradas
2026-09-05 18:57:20,126 [INFO]    Página 3/5
2026-09-05 18:57:26,608 [INFO]    → 5 encontradas
2026-09-05 18:58:00,901 [INFO]    Página 4/5
2026-09-05 18:58:05,500 [WARNING]    Sin ofertas — HTML guardado en diagnostico/
2026-09-05 18:58:05,500 [INFO]    → 0 encontradas
2026-09-05 18:58:05,501 [INFO] CSV: 18 exportadas
2026-09-05 18:58:05,501 [INFO] ✅ 'Python Developer': 18 guardadas
2026-09-05 18:58:12,654 [INFO] 
🔍 'Desarrollador Backend'
2026-09-05 18:58:12,654 [INFO]    Página 1/5
2026-09-05 18:58:20,818 [INFO]    → 14 encontradas
2026-09-05 18:59:47,068 [INFO]    Página 2/5
2026-09-05 18:59:52,618 [INFO]    → 20 encontradas
2026-09-05 19:00:32,740 [WARNING] HTTP 503 (intento 1)
2026-09-05 19:02:16,694 [INFO]    Página 3/5
2026-09-05 19:02:21,616 [INFO]    → 5 encontradas
2026-09-05 19:02:51,730 [INFO]    Página 4/5
2026-09-05 19:02:59,403 [INFO]    → 20 encontradas
2026-09-05 19:05:10,199 [INFO]    Página 5/5
2026-09-05 19:05:20,580 [INFO]    → 20 encontradas
2026-09-05 19:07:33,198 [INFO] CSV: 79 exportadas
2026-09-05 19:07:33,199 [INFO] ✅ 'Desarrollador Backend': 79 guardadas
2026-09-05 19:07:41,606 [INFO] 
🔍 'Desarrollador Full Stack'
2026-09-05 19:07:41,606 [INFO]    Página 1/5
2026-09-05 19:07:46,329 [INFO]    → 13 encontradas
2026-09-05 19:09:08,704 [INFO]    Página 2/5
2026-09-05 19:09:16,945 [INFO]    → 14 encontradas
2026-09-05 19:10:45,639 [ERROR] Error (intento 1): ('Connection aborted.', RemoteDisconnected('Remote end closed connection without response'))
2026-09-05 19:11:06,295 [INFO]    Página 3/5
2026-09-05 19:11:10,608 [INFO]    → 20 encontradas
2026-09-05 19:12:12,321 [ERROR] Error (intento 1): ('Connection aborted.', RemoteDisconnected('Remote end closed connection without response'))
2026-09-05 19:12:53,004 [ERROR] Error (intento 1): ('Connection aborted.', RemoteDisconnected('Remote end closed connection without response'))
2026-09-05 19:14:18,097 [INFO]    Página 4/5
2026-09-05 19:14:22,181 [INFO]    → 20 encontradas
2026-09-05 19:17:10,343 [INFO]    Página 5/5
2026-09-05 19:17:14,894 [INFO]    → 20 encontradas
2026-09-05 19:19:35,233 [INFO] CSV: 87 exportadas
2026-09-05 19:19:35,233 [INFO] ✅ 'Desarrollador Full Stack': 87 guardadas
2026-09-05 19:19:43,293 [INFO] 
🔍 'Ingeniero de Datos'
2026-09-05 19:19:43,294 [INFO]    Página 1/5
2026-09-05 19:19:47,553 [INFO]    → 15 encontradas
2026-09-05 19:21:27,205 [INFO]    Página 2/5
2026-09-05 19:21:32,874 [INFO]    → 20 encontradas
2026-09-05 19:23:41,543 [INFO]    Página 3/5
2026-09-05 19:23:47,365 [INFO]    → 5 encontradas
2026-09-05 19:24:18,101 [INFO]    Página 4/5
2026-09-05 19:24:23,804 [INFO]    → 19 encontradas
2026-09-05 19:26:27,386 [ERROR] Error (intento 1): HTTPSConnectionPool(host='open.app.jobrapido.com', port=443): Read timed out. (read timeout=20)
2026-09-05 19:27:03,173 [INFO]    Página 5/5
2026-09-05 19:27:08,178 [INFO]    → 20 encontradas
2026-09-05 19:29:08,002 [INFO] CSV: 79 exportadas
2026-09-05 19:29:08,002 [INFO] ✅ 'Ingeniero de Datos': 79 guardadas
2026-09-05 19:29:15,566 [INFO] 
============================================================
FINALIZADO — 645 ofertas
2026-09-05 19:29:15,575 [INFO]   ✅ jobrapido: 645 ofertas recopiladas
2026-09-05 19:29:15,582 [INFO] 
============================================================
2026-09-05 19:29:15,583 [INFO]   EJECUTANDO: jobleads (JobleadsScraper)
2026-09-05 19:29:15,583 [INFO]   Queries: definidas en el módulo
2026-09-05 19:29:15,583 [INFO] ============================================================
2026-09-05 19:29:15,635 [INFO] DB lista: /media/carlos-a-cicconi/Common1/Repositorios-Ing.Carlos-Cicconi/Trabajo_Final_MCD/data/raw/jobleads.db
2026-09-05 19:29:15,635 [INFO] Ejecutando diagnóstico de JobLeads...
2026-09-05 19:29:18,956 [INFO]   https://www.jobleads.com/ar/jobs?q=python → HTTP 200 | 333,050 chars | Final: https://www.jobleads.com/ar/jobs?q=python
2026-09-05 19:29:19,029 [INFO]   <title>: Trabajos en Argentina | JobLeads
2026-09-05 19:29:19,031 [INFO]   Links oferta detectados: 25
2026-09-05 19:29:19,032 [INFO]     /ar/job/software-engineer-qb-net-20260713--buenos-aires--e5a0da3494f286c6f4d4832bc3497a135 | Software Engineer (QB - .Net - 20260713)
2026-09-05 19:29:19,032 [INFO]     /ar/job/software-engineer-mobile-id76367--rosario--e8b8fb006cc4c78dfa5f5dbb4fb9e21c1 | Software Engineer (Mobile) Id76367
2026-09-05 19:29:19,032 [INFO]     /es/job/frontend-engineer-sr-id-00103--san-telmo--efb22739831726d7091b5771e5b06b75b | Frontend Engineer SR – ID #00103
2026-09-05 19:29:19,032 [INFO] JobleadsScraper inicializado (modo híbrido: requests + Playwright)
2026-09-05 19:29:19,032 [INFO] ============================================================
2026-09-05 19:29:19,032 [INFO] INICIO - JobLeads (modo híbrido: requests + Playwright)
2026-09-05 19:29:19,552 [INFO] Inicializando sesión Playwright en JobLeads...
2026-09-05 19:29:23,620 [INFO] 
🔍 'Data Scientist'
2026-09-05 19:29:23,620 [INFO]    Página 1/5
2026-09-05 19:29:30,262 [WARNING]    Sin ofertas HTML — guardado en diagnostico/jobleads_Data_Scientist.html
2026-09-05 19:29:30,262 [INFO]    → 0 encontradas
2026-09-05 19:29:30,262 [INFO] ✅ 'Data Scientist': 0 guardadas
2026-09-05 19:29:38,966 [INFO] 
🔍 'Data Analyst'
2026-09-05 19:29:38,967 [INFO]    Página 1/5
2026-09-05 19:29:44,405 [WARNING]    Sin ofertas HTML — guardado en diagnostico/jobleads_Data_Analyst.html
2026-09-05 19:29:44,405 [INFO]    → 0 encontradas
2026-09-05 19:29:44,405 [INFO] ✅ 'Data Analyst': 0 guardadas
2026-09-05 19:29:54,602 [INFO] 
🔍 'Machine Learning Engineer'
2026-09-05 19:29:54,602 [INFO]    Página 1/5
2026-09-05 19:30:00,541 [WARNING]    Sin ofertas HTML — guardado en diagnostico/jobleads_Machine_Learning_Engineer.html
2026-09-05 19:30:00,541 [INFO]    → 0 encontradas
2026-09-05 19:30:00,541 [INFO] ✅ 'Machine Learning Engineer': 0 guardadas
2026-09-05 19:30:07,818 [INFO] 
🔍 'NLP Engineer'
2026-09-05 19:30:07,819 [INFO]    Página 1/5
2026-09-05 19:30:14,504 [WARNING]    Sin ofertas HTML — guardado en diagnostico/jobleads_NLP_Engineer.html
2026-09-05 19:30:14,504 [INFO]    → 0 encontradas
2026-09-05 19:30:14,504 [INFO] ✅ 'NLP Engineer': 0 guardadas
2026-09-05 19:30:22,119 [INFO] 
🔍 'Data Engineer'
2026-09-05 19:30:22,120 [INFO]    Página 1/5
2026-09-05 19:30:28,945 [WARNING]    Sin ofertas HTML — guardado en diagnostico/jobleads_Data_Engineer.html
2026-09-05 19:30:28,945 [INFO]    → 0 encontradas
2026-09-05 19:30:28,946 [INFO] ✅ 'Data Engineer': 0 guardadas
2026-09-05 19:30:37,919 [INFO] 
🔍 'Software Engineer'
2026-09-05 19:30:37,920 [INFO]    Página 1/5
2026-09-05 19:30:43,638 [WARNING]    Sin ofertas HTML — guardado en diagnostico/jobleads_Software_Engineer.html
2026-09-05 19:30:43,638 [INFO]    → 0 encontradas
2026-09-05 19:30:43,638 [INFO] ✅ 'Software Engineer': 0 guardadas
2026-09-05 19:30:49,999 [INFO] 
🔍 'Python Developer'
2026-09-05 19:30:50,000 [INFO]    Página 1/5
2026-09-05 19:30:56,496 [WARNING]    Sin ofertas HTML — guardado en diagnostico/jobleads_Python_Developer.html
2026-09-05 19:30:56,496 [INFO]    → 0 encontradas
2026-09-05 19:30:56,496 [INFO] ✅ 'Python Developer': 0 guardadas
2026-09-05 19:31:03,990 [INFO] 
🔍 'Desarrollador Backend'
2026-09-05 19:31:03,990 [INFO]    Página 1/5
2026-09-05 19:31:10,022 [WARNING]    Sin ofertas HTML — guardado en diagnostico/jobleads_Desarrollador_Backend.html
2026-09-05 19:31:10,023 [INFO]    → 0 encontradas
2026-09-05 19:31:10,023 [INFO] ✅ 'Desarrollador Backend': 0 guardadas
2026-09-05 19:31:18,700 [INFO] 
🔍 'Desarrollador Full Stack'
2026-09-05 19:31:18,700 [INFO]    Página 1/5
2026-09-05 19:31:24,627 [WARNING]    Sin ofertas HTML — guardado en diagnostico/jobleads_Desarrollador_Full_Stack.html
2026-09-05 19:31:24,627 [INFO]    → 0 encontradas
2026-09-05 19:31:24,627 [INFO] ✅ 'Desarrollador Full Stack': 0 guardadas
2026-09-05 19:31:33,948 [INFO] 
🔍 'Ingeniero de Datos'
2026-09-05 19:31:33,948 [INFO]    Página 1/5
2026-09-05 19:31:39,604 [WARNING]    Sin ofertas HTML — guardado en diagnostico/jobleads_Ingeniero_de_Datos.html
2026-09-05 19:31:39,604 [INFO]    → 0 encontradas
2026-09-05 19:31:39,604 [INFO] ✅ 'Ingeniero de Datos': 0 guardadas
2026-09-05 19:31:47,075 [INFO] 
============================================================
FINALIZADO — 0 ofertas
2026-09-05 19:31:47,076 [INFO]   ✅ jobleads: 0 ofertas recopiladas
2026-09-05 19:31:47,078 [INFO] 
=================================================================
2026-09-05 19:31:47,078 [INFO]   FASE 2: CONSOLIDACIÓN
2026-09-05 19:31:47,079 [INFO] =================================================================
2026-09-05 19:31:47,079 [INFO] Consolidado DB lista: /media/carlos-a-cicconi/Common1/Repositorios-Ing.Carlos-Cicconi/Trabajo_Final_MCD/data/raw/consolidado/ofertas_consolidadas.db
2026-09-05 19:31:47,095 [INFO] 
  📂 Procesando: linkedin (linkedin.db)
2026-09-05 19:31:47,109 [INFO]   Leídas 982 ofertas de linkedin.db
2026-09-05 19:31:47,136 [INFO]   ✅ linkedin: leídas=982 | nuevas=88 | dup=832 | old=62
2026-09-05 19:31:47,137 [INFO] 
  📂 Procesando: computrabajo (computrabajo.db)
2026-09-05 19:31:47,141 [INFO]   Leídas 667 ofertas de computrabajo.db
2026-09-05 19:31:47,153 [INFO]   ✅ computrabajo: leídas=667 | nuevas=91 | dup=576 | old=0
2026-09-05 19:31:47,153 [INFO] 
  📂 Procesando: getonboard (getonboard.db)
2026-09-05 19:31:47,159 [INFO]   Leídas 556 ofertas de getonboard.db
2026-09-05 19:31:47,165 [INFO]   ✅ getonboard: leídas=556 | nuevas=2 | dup=548 | old=6
2026-09-05 19:31:47,165 [INFO] 
  📂 Procesando: bumeran (bumeran.db)
2026-09-05 19:31:47,167 [INFO]   Leídas 0 ofertas de bumeran.db
2026-09-05 19:31:47,168 [INFO]   ✅ bumeran: leídas=0 | nuevas=0 | dup=0 | old=0
2026-09-05 19:31:47,168 [INFO] 
  📂 Procesando: zonajobs (zonajobs.db)
2026-09-05 19:31:47,170 [INFO]   Leídas 0 ofertas de zonajobs.db
2026-09-05 19:31:47,170 [INFO]   ✅ zonajobs: leídas=0 | nuevas=0 | dup=0 | old=0
2026-09-05 19:31:47,170 [INFO] 
  📂 Procesando: workana (workana.db)
2026-09-05 19:31:47,172 [INFO]   Leídas 40 ofertas de workana.db
2026-09-05 19:31:47,187 [INFO]   ✅ workana: leídas=40 | nuevas=40 | dup=0 | old=0
2026-09-05 19:31:47,187 [INFO] 
  📂 Procesando: opcionempleo (opcionempleo.db)
2026-09-05 19:31:47,206 [INFO]   Leídas 921 ofertas de opcionempleo.db
2026-09-05 19:31:47,261 [INFO]   ✅ opcionempleo: leídas=921 | nuevas=920 | dup=1 | old=0
2026-09-05 19:31:47,262 [INFO] 
  📂 Procesando: jobomas (jobomas.db)
2026-09-05 19:31:47,262 [INFO]   Leídas 16 ofertas de jobomas.db
2026-09-05 19:31:47,263 [INFO]   ✅ jobomas: leídas=16 | nuevas=0 | dup=16 | old=0
2026-09-05 19:31:47,263 [INFO] 
  📂 Procesando: jobrapido (jobrapido.db)
2026-09-05 19:31:47,271 [INFO]   Leídas 1,297 ofertas de jobrapido.db
2026-09-05 19:31:47,281 [INFO]   ✅ jobrapido: leídas=1,297 | nuevas=47 | dup=1,250 | old=0
2026-09-05 19:31:47,281 [INFO] 
  📂 Procesando: jobleads (jobleads.db)
2026-09-05 19:31:47,282 [INFO]   Leídas 0 ofertas de jobleads.db
2026-09-05 19:31:47,282 [INFO]   ✅ jobleads: leídas=0 | nuevas=0 | dup=0 | old=0
2026-09-05 19:31:47,362 [INFO]   CSV consolidado actualizado: +1,188 filas → /media/carlos-a-cicconi/Common1/Repositorios-Ing.Carlos-Cicconi/Trabajo_Final_MCD/data/raw/consolidado/ofertas_consolidadas.csv
2026-09-05 19:31:47,362 [INFO] 
=================================================================
2026-09-05 19:31:47,363 [INFO]   RESUMEN FINAL
2026-09-05 19:31:47,363 [INFO] =================================================================
2026-09-05 19:31:47,363 [INFO]   Ofertas nuevas incorporadas : 1,188
2026-09-05 19:31:47,363 [INFO]   Descartadas (antigüedad)    : 68
2026-09-05 19:31:47,363 [INFO]   Descartadas (duplicado)     : 3,223
2026-09-05 19:31:47,363 [INFO]   Total acumulado en DB       : 9,718
2026-09-05 19:31:47,364 [INFO]   Ventana temporal aplicada   : últimos 90 días (desde 2026-06-07)
2026-09-05 19:31:47,364 [INFO]   Duración total              : 329m 16s
2026-09-05 19:31:47,364 [INFO] 
  Archivos de salida:
2026-09-05 19:31:47,364 [INFO]     DB : /media/carlos-a-cicconi/Common1/Repositorios-Ing.Carlos-Cicconi/Trabajo_Final_MCD/data/raw/consolidado/ofertas_consolidadas.db
2026-09-05 19:31:47,364 [INFO]     CSV: /media/carlos-a-cicconi/Common1/Repositorios-Ing.Carlos-Cicconi/Trabajo_Final_MCD/data/raw/consolidado/ofertas_consolidadas.csv
2026-09-05 19:31:47,364 [INFO]     Log: /media/carlos-a-cicconi/Common1/Repositorios-Ing.Carlos-Cicconi/Trabajo_Final_MCD/logs/run_scraping_20260905_140230.log
2026-09-05 19:31:47,364 [INFO] 
  Resultado por scraper:
2026-09-05 19:31:47,364 [INFO]     ✅ linkedin        | 🔧mod | ofertas=400 | tiempo=1885s
2026-09-05 19:31:47,364 [INFO]     ✅ computrabajo    | 🔧mod | ofertas=98 | tiempo=572s
2026-09-05 19:31:47,364 [INFO]     ✅ getonboard      | 🔧mod | ofertas=430 | tiempo=194s
2026-09-05 19:31:47,364 [INFO]     ✅ bumeran         | 🔧mod | ofertas=0 | tiempo=325s
2026-09-05 19:31:47,364 [INFO]     ✅ zonajobs        | 🔧mod | ofertas=0 | tiempo=328s
2026-09-05 19:31:47,364 [INFO]     ✅ workana         | 🔧mod | ofertas=35 | tiempo=886s
2026-09-05 19:31:47,364 [INFO]     ✅ opcionempleo    | 🔧mod | ofertas=855 | tiempo=10562s
2026-09-05 19:31:47,364 [INFO]     ✅ jobomas         | 🔧mod | ofertas=8 | tiempo=201s
2026-09-05 19:31:47,364 [INFO]     ✅ jobrapido       | 🔧mod | ofertas=645 | tiempo=4645s
2026-09-05 19:31:47,364 [INFO]     ✅ jobleads        | 🔧mod | ofertas=0 | tiempo=151s
2026-09-05 19:31:47,364 [INFO] 
  Por fuente (consolidación):
2026-09-05 19:31:47,364 [INFO]     linkedin       : nuevas=88 | dup=832 | old=62
2026-09-05 19:31:47,364 [INFO]     computrabajo   : nuevas=91 | dup=576 | old=0
2026-09-05 19:31:47,364 [INFO]     getonboard     : nuevas=2 | dup=548 | old=6
2026-09-05 19:31:47,364 [INFO]     bumeran        : nuevas=0 | dup=0 | old=0
2026-09-05 19:31:47,364 [INFO]     zonajobs       : nuevas=0 | dup=0 | old=0
2026-09-05 19:31:47,364 [INFO]     workana        : nuevas=40 | dup=0 | old=0
2026-09-05 19:31:47,364 [INFO]     opcionempleo   : nuevas=920 | dup=1 | old=0
2026-09-05 19:31:47,364 [INFO]     jobomas        : nuevas=0 | dup=16 | old=0
2026-09-05 19:31:47,365 [INFO]     jobrapido      : nuevas=47 | dup=1,250 | old=0
2026-09-05 19:31:47,365 [INFO]     jobleads       : nuevas=0 | dup=0 | old=0
2026-09-05 19:31:47,365 [INFO]     Reporte: /media/carlos-a-cicconi/Common1/Repositorios-Ing.Carlos-Cicconi/Trabajo_Final_MCD/data/raw/consolidado/run_20260905_193147.json
2026-09-05 19:31:47,365 [INFO] =================================================================
