2026-04-11 11:36:21,900 [INFO] ✅ Keywords cargadas desde CV: 42 búsquedas
2026-04-11 11:36:21,900 [INFO]    Ubicación del candidato: Rosario, Santa Fe, Argentina
2026-04-11 11:36:21,900 [INFO] 
=================================================================
2026-04-11 11:36:21,900 [INFO]   ORQUESTADOR DE SCRAPING — Tesis MCD
2026-04-11 11:36:21,900 [INFO]   Alumno: Cicconi, Carlos Alberto
2026-04-11 11:36:21,900 [INFO]   Universidad Austral — Maestría en Explotación de Datos
2026-04-11 11:36:21,900 [INFO] =================================================================
2026-04-11 11:36:21,902 [INFO]   Fecha/hora inicio : 2026-04-11 11:36:21
2026-04-11 11:36:21,902 [INFO]   Ventana temporal  : 90 días
2026-04-11 11:36:21,903 [INFO]   Scrapers activos  : 10
2026-04-11 11:36:21,903 [INFO]   Solo consolidar   : False
2026-04-11 11:36:21,903 [INFO]   Origen de queries : CV → keywords.json
2026-04-11 11:36:21,904 [INFO] 
  Scrapers a ejecutar: ['linkedin', 'computrabajo', 'getonboard', 'bumeran', 'zonajobs', 'workana', 'opcionempleo', 'jobomas', 'jobrapido', 'jobleads']
2026-04-11 11:36:21,904 [INFO] 
============================================================
2026-04-11 11:36:21,904 [INFO]   EJECUTANDO: linkedin (LinkedInScraper)
2026-04-11 11:36:21,905 [INFO]   Queries: desde CV (42 búsquedas)
2026-04-11 11:36:21,905 [INFO] ============================================================
2026-04-11 11:36:22,302 [INFO] Base de datos lista: /media/carlos-a-cicconi/Common1/Repositorios-Ing.Carlos-Cicconi/Trabajo_Final_MCD/data/raw/ofertas_linkedin.db
2026-04-11 11:36:22,302 [INFO] LinkedInScraper inicializado correctamente
2026-04-11 11:36:22,303 [INFO]   ✅ Queries del CV inyectadas en linkedin
2026-04-11 11:36:22,303 [INFO] ============================================================
2026-04-11 11:36:22,303 [INFO] INICIO DEL SCRAPING - LinkedIn Jobs
2026-04-11 11:36:22,303 [INFO] Búsquedas: 42 | Páginas por búsqueda: 5
2026-04-11 11:36:22,303 [INFO] ============================================================
2026-04-11 11:36:22,303 [INFO] 
🔍 Buscando: 'data-scientist' en 'Rosario, Santa Fe, Argentina'
2026-04-11 11:36:22,303 [INFO]    Página 1/5 → https://www.linkedin.com/jobs-guest/jobs/api/seeMoreJobPostings/search?keywords=data-scientist&location=Rosario%2C%20Santa%20Fe%2C%20Argentina&start=0&f_WT=2
2026-04-11 11:36:28,597 [INFO]    → 10 ofertas nuevas encontradas
2026-04-11 11:37:11,164 [INFO]    Página 2/5 → https://www.linkedin.com/jobs-guest/jobs/api/seeMoreJobPostings/search?keywords=data-scientist&location=Rosario%2C%20Santa%20Fe%2C%20Argentina&start=25&f_WT=2
2026-04-11 11:37:15,987 [INFO]    → 10 ofertas nuevas encontradas
2026-04-11 11:37:56,135 [INFO]    Página 3/5 → https://www.linkedin.com/jobs-guest/jobs/api/seeMoreJobPostings/search?keywords=data-scientist&location=Rosario%2C%20Santa%20Fe%2C%20Argentina&start=50&f_WT=2
2026-04-11 11:38:00,921 [INFO]    → 0 ofertas nuevas encontradas
2026-04-11 11:38:00,921 [INFO]    → No hay más resultados para esta búsqueda.
2026-04-11 11:38:00,935 [INFO] Exportadas 20 ofertas a CSV: /media/carlos-a-cicconi/Common1/Repositorios-Ing.Carlos-Cicconi/Trabajo_Final_MCD/data/raw/ofertas_20260411.csv
2026-04-11 11:38:00,936 [INFO] ✅ 'data-scientist': 20 ofertas guardadas
2026-04-11 11:38:00,936 [INFO] 
🔍 Buscando: 'data-scientist' en 'Argentina'
2026-04-11 11:38:00,937 [INFO]    Página 1/5 → https://www.linkedin.com/jobs-guest/jobs/api/seeMoreJobPostings/search?keywords=data-scientist&location=Argentina&start=0&f_WT=2
2026-04-11 11:38:04,335 [INFO]    → 10 ofertas nuevas encontradas
2026-04-11 11:38:43,950 [INFO]    Página 2/5 → https://www.linkedin.com/jobs-guest/jobs/api/seeMoreJobPostings/search?keywords=data-scientist&location=Argentina&start=25&f_WT=2
2026-04-11 11:38:48,662 [INFO]    → 10 ofertas nuevas encontradas
2026-04-11 11:39:30,991 [INFO]    Página 3/5 → https://www.linkedin.com/jobs-guest/jobs/api/seeMoreJobPostings/search?keywords=data-scientist&location=Argentina&start=50&f_WT=2
2026-04-11 11:39:35,570 [INFO]    → 8 ofertas nuevas encontradas
2026-04-11 11:40:08,054 [INFO]    Página 4/5 → https://www.linkedin.com/jobs-guest/jobs/api/seeMoreJobPostings/search?keywords=data-scientist&location=Argentina&start=75&f_WT=2
2026-04-11 11:40:13,429 [INFO]    → 10 ofertas nuevas encontradas
2026-04-11 11:40:56,595 [INFO]    Página 5/5 → https://www.linkedin.com/jobs-guest/jobs/api/seeMoreJobPostings/search?keywords=data-scientist&location=Argentina&start=100&f_WT=2
2026-04-11 11:41:00,972 [INFO]    → 10 ofertas nuevas encontradas
2026-04-11 11:41:43,973 [INFO] Exportadas 48 ofertas a CSV: /media/carlos-a-cicconi/Common1/Repositorios-Ing.Carlos-Cicconi/Trabajo_Final_MCD/data/raw/ofertas_20260411.csv
2026-04-11 11:41:43,973 [INFO] ✅ 'data-scientist': 48 ofertas guardadas
2026-04-11 11:41:43,973 [INFO] 
🔍 Buscando: 'data-scientist' en 'Worldwide'
2026-04-11 11:41:43,974 [INFO]    Página 1/5 → https://www.linkedin.com/jobs-guest/jobs/api/seeMoreJobPostings/search?keywords=data-scientist&location=Worldwide&start=0&f_WT=2
2026-04-11 11:41:49,609 [INFO]    → 10 ofertas nuevas encontradas
2026-04-11 11:42:29,730 [INFO]    Página 2/5 → https://www.linkedin.com/jobs-guest/jobs/api/seeMoreJobPostings/search?keywords=data-scientist&location=Worldwide&start=25&f_WT=2
2026-04-11 11:42:34,662 [INFO]    → 9 ofertas nuevas encontradas
2026-04-11 11:43:09,118 [INFO]    Página 3/5 → https://www.linkedin.com/jobs-guest/jobs/api/seeMoreJobPostings/search?keywords=data-scientist&location=Worldwide&start=50&f_WT=2
2026-04-11 11:43:13,168 [INFO]    → 10 ofertas nuevas encontradas
2026-04-11 11:43:56,501 [INFO]    Página 4/5 → https://www.linkedin.com/jobs-guest/jobs/api/seeMoreJobPostings/search?keywords=data-scientist&location=Worldwide&start=75&f_WT=2
2026-04-11 11:44:01,996 [INFO]    → 10 ofertas nuevas encontradas
2026-04-11 11:44:42,057 [INFO]    Página 5/5 → https://www.linkedin.com/jobs-guest/jobs/api/seeMoreJobPostings/search?keywords=data-scientist&location=Worldwide&start=100&f_WT=2
2026-04-11 11:44:47,665 [INFO]    → 9 ofertas nuevas encontradas
2026-04-11 11:45:25,567 [INFO] Exportadas 48 ofertas a CSV: /media/carlos-a-cicconi/Common1/Repositorios-Ing.Carlos-Cicconi/Trabajo_Final_MCD/data/raw/ofertas_20260411.csv
2026-04-11 11:45:25,567 [INFO] ✅ 'data-scientist': 48 ofertas guardadas
2026-04-11 11:45:25,567 [INFO] 
🔍 Buscando: 'business-intelligence' en 'Rosario, Santa Fe, Argentina'
2026-04-11 11:45:25,567 [INFO]    Página 1/5 → https://www.linkedin.com/jobs-guest/jobs/api/seeMoreJobPostings/search?keywords=business-intelligence&location=Rosario%2C%20Santa%20Fe%2C%20Argentina&start=0&f_WT=2
2026-04-11 11:45:28,740 [INFO]    → 6 ofertas nuevas encontradas
2026-04-11 11:45:53,156 [INFO]    Página 2/5 → https://www.linkedin.com/jobs-guest/jobs/api/seeMoreJobPostings/search?keywords=business-intelligence&location=Rosario%2C%20Santa%20Fe%2C%20Argentina&start=25&f_WT=2
2026-04-11 11:45:57,250 [INFO]    → 0 ofertas nuevas encontradas
2026-04-11 11:45:57,250 [INFO]    → No hay más resultados para esta búsqueda.
2026-04-11 11:45:57,254 [INFO] Exportadas 6 ofertas a CSV: /media/carlos-a-cicconi/Common1/Repositorios-Ing.Carlos-Cicconi/Trabajo_Final_MCD/data/raw/ofertas_20260411.csv
2026-04-11 11:45:57,254 [INFO] ✅ 'business-intelligence': 6 ofertas guardadas
2026-04-11 11:45:57,255 [INFO] 
🔍 Buscando: 'business-intelligence' en 'Argentina'
2026-04-11 11:45:57,255 [INFO]    Página 1/5 → https://www.linkedin.com/jobs-guest/jobs/api/seeMoreJobPostings/search?keywords=business-intelligence&location=Argentina&start=0&f_WT=2
2026-04-11 11:46:01,511 [INFO]    → 10 ofertas nuevas encontradas
2026-04-11 11:46:38,499 [INFO]    Página 2/5 → https://www.linkedin.com/jobs-guest/jobs/api/seeMoreJobPostings/search?keywords=business-intelligence&location=Argentina&start=25&f_WT=2
2026-04-11 11:46:43,478 [INFO]    → 10 ofertas nuevas encontradas
2026-04-11 11:47:22,953 [INFO]    Página 3/5 → https://www.linkedin.com/jobs-guest/jobs/api/seeMoreJobPostings/search?keywords=business-intelligence&location=Argentina&start=50&f_WT=2
2026-04-11 11:47:26,407 [INFO]    → 10 ofertas nuevas encontradas
2026-04-11 11:48:05,826 [INFO]    Página 4/5 → https://www.linkedin.com/jobs-guest/jobs/api/seeMoreJobPostings/search?keywords=business-intelligence&location=Argentina&start=75&f_WT=2
2026-04-11 11:48:10,944 [INFO]    → 10 ofertas nuevas encontradas
2026-04-11 11:48:51,830 [INFO]    Página 5/5 → https://www.linkedin.com/jobs-guest/jobs/api/seeMoreJobPostings/search?keywords=business-intelligence&location=Argentina&start=100&f_WT=2
2026-04-11 11:48:57,432 [INFO]    → 10 ofertas nuevas encontradas
2026-04-11 11:49:38,247 [INFO] Exportadas 50 ofertas a CSV: /media/carlos-a-cicconi/Common1/Repositorios-Ing.Carlos-Cicconi/Trabajo_Final_MCD/data/raw/ofertas_20260411.csv
2026-04-11 11:49:38,247 [INFO] ✅ 'business-intelligence': 50 ofertas guardadas
2026-04-11 11:49:38,248 [INFO] 
🔍 Buscando: 'business-intelligence' en 'Worldwide'
2026-04-11 11:49:38,248 [INFO]    Página 1/5 → https://www.linkedin.com/jobs-guest/jobs/api/seeMoreJobPostings/search?keywords=business-intelligence&location=Worldwide&start=0&f_WT=2
2026-04-11 11:49:42,287 [INFO]    → 8 ofertas nuevas encontradas
2026-04-11 11:50:13,124 [INFO]    Página 2/5 → https://www.linkedin.com/jobs-guest/jobs/api/seeMoreJobPostings/search?keywords=business-intelligence&location=Worldwide&start=25&f_WT=2
2026-04-11 11:50:18,110 [INFO]    → 8 ofertas nuevas encontradas
2026-04-11 11:50:47,780 [INFO]    Página 3/5 → https://www.linkedin.com/jobs-guest/jobs/api/seeMoreJobPostings/search?keywords=business-intelligence&location=Worldwide&start=50&f_WT=2
2026-04-11 11:50:52,630 [INFO]    → 8 ofertas nuevas encontradas
2026-04-11 11:51:24,981 [INFO]    Página 4/5 → https://www.linkedin.com/jobs-guest/jobs/api/seeMoreJobPostings/search?keywords=business-intelligence&location=Worldwide&start=75&f_WT=2
2026-04-11 11:51:29,377 [INFO]    → 9 ofertas nuevas encontradas
2026-04-11 11:52:05,140 [INFO]    Página 5/5 → https://www.linkedin.com/jobs-guest/jobs/api/seeMoreJobPostings/search?keywords=business-intelligence&location=Worldwide&start=100&f_WT=2
2026-04-11 11:52:08,697 [INFO]    → 8 ofertas nuevas encontradas
2026-04-11 11:52:41,255 [INFO] Exportadas 41 ofertas a CSV: /media/carlos-a-cicconi/Common1/Repositorios-Ing.Carlos-Cicconi/Trabajo_Final_MCD/data/raw/ofertas_20260411.csv
2026-04-11 11:52:41,255 [INFO] ✅ 'business-intelligence': 41 ofertas guardadas
2026-04-11 11:52:41,255 [INFO] 
🔍 Buscando: 'python' en 'Rosario, Santa Fe, Argentina'
2026-04-11 11:52:41,256 [INFO]    Página 1/5 → https://www.linkedin.com/jobs-guest/jobs/api/seeMoreJobPostings/search?keywords=python&location=Rosario%2C%20Santa%20Fe%2C%20Argentina&start=0&f_WT=2
2026-04-11 11:52:45,477 [INFO]    → 6 ofertas nuevas encontradas
2026-04-11 11:53:09,095 [INFO]    Página 2/5 → https://www.linkedin.com/jobs-guest/jobs/api/seeMoreJobPostings/search?keywords=python&location=Rosario%2C%20Santa%20Fe%2C%20Argentina&start=25&f_WT=2
2026-04-11 11:53:12,617 [INFO]    → 7 ofertas nuevas encontradas
2026-04-11 11:53:41,789 [INFO]    Página 3/5 → https://www.linkedin.com/jobs-guest/jobs/api/seeMoreJobPostings/search?keywords=python&location=Rosario%2C%20Santa%20Fe%2C%20Argentina&start=50&f_WT=2
2026-04-11 11:53:46,915 [INFO]    → 7 ofertas nuevas encontradas
2026-04-11 11:54:17,979 [INFO]    Página 4/5 → https://www.linkedin.com/jobs-guest/jobs/api/seeMoreJobPostings/search?keywords=python&location=Rosario%2C%20Santa%20Fe%2C%20Argentina&start=75&f_WT=2
2026-04-11 11:54:23,456 [INFO]    → 7 ofertas nuevas encontradas
2026-04-11 11:54:52,787 [INFO]    Página 5/5 → https://www.linkedin.com/jobs-guest/jobs/api/seeMoreJobPostings/search?keywords=python&location=Rosario%2C%20Santa%20Fe%2C%20Argentina&start=100&f_WT=2
2026-04-11 11:54:56,981 [INFO]    → 0 ofertas nuevas encontradas
2026-04-11 11:54:56,981 [INFO]    → No hay más resultados para esta búsqueda.
2026-04-11 11:54:56,996 [INFO] Exportadas 27 ofertas a CSV: /media/carlos-a-cicconi/Common1/Repositorios-Ing.Carlos-Cicconi/Trabajo_Final_MCD/data/raw/ofertas_20260411.csv
2026-04-11 11:54:56,997 [INFO] ✅ 'python': 27 ofertas guardadas
2026-04-11 11:54:56,997 [INFO] 
🔍 Buscando: 'python' en 'Argentina'
2026-04-11 11:54:56,998 [INFO]    Página 1/5 → https://www.linkedin.com/jobs-guest/jobs/api/seeMoreJobPostings/search?keywords=python&location=Argentina&start=0&f_WT=2
2026-04-11 11:55:01,570 [INFO]    → 9 ofertas nuevas encontradas
2026-04-11 11:55:41,857 [INFO]    Página 2/5 → https://www.linkedin.com/jobs-guest/jobs/api/seeMoreJobPostings/search?keywords=python&location=Argentina&start=25&f_WT=2
2026-04-11 11:55:45,787 [INFO]    → 9 ofertas nuevas encontradas
2026-04-11 11:56:22,477 [INFO]    Página 3/5 → https://www.linkedin.com/jobs-guest/jobs/api/seeMoreJobPostings/search?keywords=python&location=Argentina&start=50&f_WT=2
2026-04-11 11:56:26,440 [INFO]    → 9 ofertas nuevas encontradas
2026-04-11 11:57:06,345 [INFO]    Página 4/5 → https://www.linkedin.com/jobs-guest/jobs/api/seeMoreJobPostings/search?keywords=python&location=Argentina&start=75&f_WT=2
2026-04-11 11:57:11,406 [INFO]    → 9 ofertas nuevas encontradas
2026-04-11 11:57:48,295 [INFO]    Página 5/5 → https://www.linkedin.com/jobs-guest/jobs/api/seeMoreJobPostings/search?keywords=python&location=Argentina&start=100&f_WT=2
2026-04-11 11:57:53,391 [INFO]    → 10 ofertas nuevas encontradas
2026-04-11 11:58:34,822 [INFO] Exportadas 46 ofertas a CSV: /media/carlos-a-cicconi/Common1/Repositorios-Ing.Carlos-Cicconi/Trabajo_Final_MCD/data/raw/ofertas_20260411.csv
2026-04-11 11:58:34,823 [INFO] ✅ 'python': 46 ofertas guardadas
2026-04-11 11:58:34,823 [INFO] 
🔍 Buscando: 'python' en 'Worldwide'
2026-04-11 11:58:34,823 [INFO]    Página 1/5 → https://www.linkedin.com/jobs-guest/jobs/api/seeMoreJobPostings/search?keywords=python&location=Worldwide&start=0&f_WT=2
2026-04-11 11:58:38,456 [INFO]    → 9 ofertas nuevas encontradas
2026-04-11 11:59:14,303 [INFO]    Página 2/5 → https://www.linkedin.com/jobs-guest/jobs/api/seeMoreJobPostings/search?keywords=python&location=Worldwide&start=25&f_WT=2
2026-04-11 11:59:19,801 [INFO]    → 10 ofertas nuevas encontradas
2026-04-11 11:59:57,968 [INFO]    Página 3/5 → https://www.linkedin.com/jobs-guest/jobs/api/seeMoreJobPostings/search?keywords=python&location=Worldwide&start=50&f_WT=2
2026-04-11 12:00:02,099 [INFO]    → 6 ofertas nuevas encontradas
2026-04-11 12:00:28,802 [INFO]    Página 4/5 → https://www.linkedin.com/jobs-guest/jobs/api/seeMoreJobPostings/search?keywords=python&location=Worldwide&start=75&f_WT=2
2026-04-11 12:00:33,545 [INFO]    → 9 ofertas nuevas encontradas
2026-04-11 12:01:14,994 [INFO]    Página 5/5 → https://www.linkedin.com/jobs-guest/jobs/api/seeMoreJobPostings/search?keywords=python&location=Worldwide&start=100&f_WT=2
2026-04-11 12:01:19,629 [INFO]    → 10 ofertas nuevas encontradas
2026-04-11 12:02:03,374 [INFO] Exportadas 44 ofertas a CSV: /media/carlos-a-cicconi/Common1/Repositorios-Ing.Carlos-Cicconi/Trabajo_Final_MCD/data/raw/ofertas_20260411.csv
2026-04-11 12:02:03,374 [INFO] ✅ 'python': 44 ofertas guardadas
2026-04-11 12:02:03,374 [INFO] 
🔍 Buscando: 'r' en 'Rosario, Santa Fe, Argentina'
2026-04-11 12:02:03,374 [INFO]    Página 1/5 → https://www.linkedin.com/jobs-guest/jobs/api/seeMoreJobPostings/search?keywords=r&location=Rosario%2C%20Santa%20Fe%2C%20Argentina&start=0&f_WT=2
2026-04-11 12:02:07,630 [INFO]    → 0 ofertas nuevas encontradas
2026-04-11 12:02:07,630 [INFO]    → No hay más resultados para esta búsqueda.
2026-04-11 12:02:07,631 [INFO] ✅ 'r': 0 ofertas guardadas
2026-04-11 12:02:07,631 [INFO] 
🔍 Buscando: 'r' en 'Argentina'
2026-04-11 12:02:07,631 [INFO]    Página 1/5 → https://www.linkedin.com/jobs-guest/jobs/api/seeMoreJobPostings/search?keywords=r&location=Argentina&start=0&f_WT=2
2026-04-11 12:02:13,079 [INFO]    → 8 ofertas nuevas encontradas
2026-04-11 12:02:45,355 [INFO]    Página 2/5 → https://www.linkedin.com/jobs-guest/jobs/api/seeMoreJobPostings/search?keywords=r&location=Argentina&start=25&f_WT=2
2026-04-11 12:02:49,539 [INFO]    → 8 ofertas nuevas encontradas
2026-04-11 12:03:21,644 [INFO]    Página 3/5 → https://www.linkedin.com/jobs-guest/jobs/api/seeMoreJobPostings/search?keywords=r&location=Argentina&start=50&f_WT=2
2026-04-11 12:03:25,083 [INFO]    → 9 ofertas nuevas encontradas
2026-04-11 12:04:01,668 [INFO]    Página 4/5 → https://www.linkedin.com/jobs-guest/jobs/api/seeMoreJobPostings/search?keywords=r&location=Argentina&start=75&f_WT=2
2026-04-11 12:04:06,214 [INFO]    → 9 ofertas nuevas encontradas
2026-04-11 12:04:38,612 [INFO]    Página 5/5 → https://www.linkedin.com/jobs-guest/jobs/api/seeMoreJobPostings/search?keywords=r&location=Argentina&start=100&f_WT=2
2026-04-11 12:04:42,988 [INFO]    → 0 ofertas nuevas encontradas
2026-04-11 12:04:42,988 [INFO]    → No hay más resultados para esta búsqueda.
2026-04-11 12:04:43,002 [INFO] Exportadas 34 ofertas a CSV: /media/carlos-a-cicconi/Common1/Repositorios-Ing.Carlos-Cicconi/Trabajo_Final_MCD/data/raw/ofertas_20260411.csv
2026-04-11 12:04:43,003 [INFO] ✅ 'r': 34 ofertas guardadas
2026-04-11 12:04:43,003 [INFO] 
🔍 Buscando: 'r' en 'Worldwide'
2026-04-11 12:04:43,003 [INFO]    Página 1/5 → https://www.linkedin.com/jobs-guest/jobs/api/seeMoreJobPostings/search?keywords=r&location=Worldwide&start=0&f_WT=2
2026-04-11 12:04:46,764 [INFO]    → 7 ofertas nuevas encontradas
2026-04-11 12:05:13,712 [INFO]    Página 2/5 → https://www.linkedin.com/jobs-guest/jobs/api/seeMoreJobPostings/search?keywords=r&location=Worldwide&start=25&f_WT=2
2026-04-11 12:05:19,134 [INFO]    → 6 ofertas nuevas encontradas
2026-04-11 12:05:44,480 [INFO]    Página 3/5 → https://www.linkedin.com/jobs-guest/jobs/api/seeMoreJobPostings/search?keywords=r&location=Worldwide&start=50&f_WT=2
2026-04-11 12:05:48,552 [INFO]    → 9 ofertas nuevas encontradas
2026-04-11 12:06:26,057 [INFO]    Página 4/5 → https://www.linkedin.com/jobs-guest/jobs/api/seeMoreJobPostings/search?keywords=r&location=Worldwide&start=75&f_WT=2
2026-04-11 12:06:29,373 [INFO]    → 8 ofertas nuevas encontradas
2026-04-11 12:07:00,816 [INFO]    Página 5/5 → https://www.linkedin.com/jobs-guest/jobs/api/seeMoreJobPostings/search?keywords=r&location=Worldwide&start=100&f_WT=2
2026-04-11 12:07:04,601 [INFO]    → 7 ofertas nuevas encontradas
2026-04-11 12:07:33,614 [INFO] Exportadas 37 ofertas a CSV: /media/carlos-a-cicconi/Common1/Repositorios-Ing.Carlos-Cicconi/Trabajo_Final_MCD/data/raw/ofertas_20260411.csv
2026-04-11 12:07:33,614 [INFO] ✅ 'r': 37 ofertas guardadas
2026-04-11 12:07:33,614 [INFO] 
🔍 Buscando: 'julia' en 'Rosario, Santa Fe, Argentina'
2026-04-11 12:07:33,614 [INFO]    Página 1/5 → https://www.linkedin.com/jobs-guest/jobs/api/seeMoreJobPostings/search?keywords=julia&location=Rosario%2C%20Santa%20Fe%2C%20Argentina&start=0&f_WT=2
2026-04-11 12:07:38,590 [INFO]    → 0 ofertas nuevas encontradas
2026-04-11 12:07:38,590 [INFO]    → No hay más resultados para esta búsqueda.
2026-04-11 12:07:38,591 [INFO] ✅ 'julia': 0 ofertas guardadas
2026-04-11 12:07:38,591 [INFO] 
🔍 Buscando: 'julia' en 'Argentina'
2026-04-11 12:07:38,591 [INFO]    Página 1/5 → https://www.linkedin.com/jobs-guest/jobs/api/seeMoreJobPostings/search?keywords=julia&location=Argentina&start=0&f_WT=2
2026-04-11 12:07:42,215 [INFO]    → 0 ofertas nuevas encontradas
2026-04-11 12:07:42,215 [INFO]    → No hay más resultados para esta búsqueda.
2026-04-11 12:07:42,215 [INFO] ✅ 'julia': 0 ofertas guardadas
2026-04-11 12:07:42,216 [INFO] 
🔍 Buscando: 'julia' en 'Worldwide'
2026-04-11 12:07:42,216 [INFO]    Página 1/5 → https://www.linkedin.com/jobs-guest/jobs/api/seeMoreJobPostings/search?keywords=julia&location=Worldwide&start=0&f_WT=2
2026-04-11 12:07:47,621 [INFO]    → 9 ofertas nuevas encontradas
2026-04-11 12:08:26,771 [INFO]    Página 2/5 → https://www.linkedin.com/jobs-guest/jobs/api/seeMoreJobPostings/search?keywords=julia&location=Worldwide&start=25&f_WT=2
2026-04-11 12:08:30,525 [INFO]    → 10 ofertas nuevas encontradas
2026-04-11 12:09:10,884 [INFO]    Página 3/5 → https://www.linkedin.com/jobs-guest/jobs/api/seeMoreJobPostings/search?keywords=julia&location=Worldwide&start=50&f_WT=2
2026-04-11 12:09:16,190 [INFO]    → 10 ofertas nuevas encontradas
2026-04-11 12:09:55,928 [INFO]    Página 4/5 → https://www.linkedin.com/jobs-guest/jobs/api/seeMoreJobPostings/search?keywords=julia&location=Worldwide&start=75&f_WT=2
2026-04-11 12:09:59,524 [INFO]    → 10 ofertas nuevas encontradas
2026-04-11 12:10:40,680 [INFO]    Página 5/5 → https://www.linkedin.com/jobs-guest/jobs/api/seeMoreJobPostings/search?keywords=julia&location=Worldwide&start=100&f_WT=2
2026-04-11 12:10:44,890 [INFO]    → 10 ofertas nuevas encontradas
2026-04-11 12:11:27,527 [INFO] Exportadas 49 ofertas a CSV: /media/carlos-a-cicconi/Common1/Repositorios-Ing.Carlos-Cicconi/Trabajo_Final_MCD/data/raw/ofertas_20260411.csv
2026-04-11 12:11:27,527 [INFO] ✅ 'julia': 49 ofertas guardadas
2026-04-11 12:11:27,527 [INFO] 
🔍 Buscando: 'control-de-gestion' en 'Rosario, Santa Fe, Argentina'
2026-04-11 12:11:27,527 [INFO]    Página 1/5 → https://www.linkedin.com/jobs-guest/jobs/api/seeMoreJobPostings/search?keywords=control-de-gestion&location=Rosario%2C%20Santa%20Fe%2C%20Argentina&start=0&f_WT=2
2026-04-11 12:11:32,872 [INFO]    → 0 ofertas nuevas encontradas
2026-04-11 12:11:32,873 [INFO]    → No hay más resultados para esta búsqueda.
2026-04-11 12:11:32,873 [INFO] ✅ 'control-de-gestion': 0 ofertas guardadas
2026-04-11 12:11:32,873 [INFO] 
🔍 Buscando: 'control-de-gestion' en 'Argentina'
2026-04-11 12:11:32,873 [INFO]    Página 1/5 → https://www.linkedin.com/jobs-guest/jobs/api/seeMoreJobPostings/search?keywords=control-de-gestion&location=Argentina&start=0&f_WT=2
2026-04-11 12:11:36,380 [INFO]    → 8 ofertas nuevas encontradas
2026-04-11 12:12:09,289 [INFO]    Página 2/5 → https://www.linkedin.com/jobs-guest/jobs/api/seeMoreJobPostings/search?keywords=control-de-gestion&location=Argentina&start=25&f_WT=2
2026-04-11 12:12:12,424 [INFO]    → 5 ofertas nuevas encontradas
2026-04-11 12:12:34,565 [INFO]    Página 3/5 → https://www.linkedin.com/jobs-guest/jobs/api/seeMoreJobPostings/search?keywords=control-de-gestion&location=Argentina&start=50&f_WT=2
2026-04-11 12:12:39,813 [INFO]    → 0 ofertas nuevas encontradas
2026-04-11 12:12:39,813 [INFO]    → No hay más resultados para esta búsqueda.
2026-04-11 12:12:39,820 [INFO] Exportadas 13 ofertas a CSV: /media/carlos-a-cicconi/Common1/Repositorios-Ing.Carlos-Cicconi/Trabajo_Final_MCD/data/raw/ofertas_20260411.csv
2026-04-11 12:12:39,821 [INFO] ✅ 'control-de-gestion': 13 ofertas guardadas
2026-04-11 12:12:39,821 [INFO] 
🔍 Buscando: 'control-de-gestion' en 'Worldwide'
2026-04-11 12:12:39,822 [INFO]    Página 1/5 → https://www.linkedin.com/jobs-guest/jobs/api/seeMoreJobPostings/search?keywords=control-de-gestion&location=Worldwide&start=0&f_WT=2
2026-04-11 12:12:44,693 [INFO]    → 7 ofertas nuevas encontradas
2026-04-11 12:13:10,862 [INFO]    Página 2/5 → https://www.linkedin.com/jobs-guest/jobs/api/seeMoreJobPostings/search?keywords=control-de-gestion&location=Worldwide&start=25&f_WT=2
2026-04-11 12:13:14,790 [INFO]    → 9 ofertas nuevas encontradas
2026-04-11 12:13:48,840 [INFO]    Página 3/5 → https://www.linkedin.com/jobs-guest/jobs/api/seeMoreJobPostings/search?keywords=control-de-gestion&location=Worldwide&start=50&f_WT=2
2026-04-11 12:13:53,009 [INFO]    → 10 ofertas nuevas encontradas
2026-04-11 12:14:34,731 [INFO]    Página 4/5 → https://www.linkedin.com/jobs-guest/jobs/api/seeMoreJobPostings/search?keywords=control-de-gestion&location=Worldwide&start=75&f_WT=2
2026-04-11 12:14:39,374 [INFO]    → 10 ofertas nuevas encontradas
2026-04-11 12:15:23,278 [INFO]    Página 5/5 → https://www.linkedin.com/jobs-guest/jobs/api/seeMoreJobPostings/search?keywords=control-de-gestion&location=Worldwide&start=100&f_WT=2
2026-04-11 12:15:28,835 [INFO]    → 10 ofertas nuevas encontradas
2026-04-11 12:16:11,811 [INFO] Exportadas 46 ofertas a CSV: /media/carlos-a-cicconi/Common1/Repositorios-Ing.Carlos-Cicconi/Trabajo_Final_MCD/data/raw/ofertas_20260411.csv
2026-04-11 12:16:11,811 [INFO] ✅ 'control-de-gestion': 46 ofertas guardadas
2026-04-11 12:16:11,811 [INFO] 
🔍 Buscando: 'consultor' en 'Rosario, Santa Fe, Argentina'
2026-04-11 12:16:11,811 [INFO]    Página 1/5 → https://www.linkedin.com/jobs-guest/jobs/api/seeMoreJobPostings/search?keywords=consultor&location=Rosario%2C%20Santa%20Fe%2C%20Argentina&start=0&f_WT=2
2026-04-11 12:16:16,242 [INFO]    → 1 ofertas nuevas encontradas
2026-04-11 12:16:21,137 [INFO]    Página 2/5 → https://www.linkedin.com/jobs-guest/jobs/api/seeMoreJobPostings/search?keywords=consultor&location=Rosario%2C%20Santa%20Fe%2C%20Argentina&start=25&f_WT=2
2026-04-11 12:16:24,647 [INFO]    → 0 ofertas nuevas encontradas
2026-04-11 12:16:24,647 [INFO]    → No hay más resultados para esta búsqueda.
2026-04-11 12:16:24,648 [INFO] Exportadas 1 ofertas a CSV: /media/carlos-a-cicconi/Common1/Repositorios-Ing.Carlos-Cicconi/Trabajo_Final_MCD/data/raw/ofertas_20260411.csv
2026-04-11 12:16:24,648 [INFO] ✅ 'consultor': 1 ofertas guardadas
2026-04-11 12:16:24,649 [INFO] 
🔍 Buscando: 'consultor' en 'Argentina'
2026-04-11 12:16:24,649 [INFO]    Página 1/5 → https://www.linkedin.com/jobs-guest/jobs/api/seeMoreJobPostings/search?keywords=consultor&location=Argentina&start=0&f_WT=2
2026-04-11 12:16:29,473 [INFO]    → 10 ofertas nuevas encontradas
2026-04-11 12:17:13,060 [INFO]    Página 2/5 → https://www.linkedin.com/jobs-guest/jobs/api/seeMoreJobPostings/search?keywords=consultor&location=Argentina&start=25&f_WT=2
2026-04-11 12:17:18,016 [INFO]    → 10 ofertas nuevas encontradas
2026-04-11 12:18:00,257 [INFO]    Página 3/5 → https://www.linkedin.com/jobs-guest/jobs/api/seeMoreJobPostings/search?keywords=consultor&location=Argentina&start=50&f_WT=2
2026-04-11 12:18:03,684 [INFO]    → 10 ofertas nuevas encontradas
2026-04-11 12:18:42,793 [INFO]    Página 4/5 → https://www.linkedin.com/jobs-guest/jobs/api/seeMoreJobPostings/search?keywords=consultor&location=Argentina&start=75&f_WT=2
2026-04-11 12:18:48,228 [INFO]    → 9 ofertas nuevas encontradas
2026-04-11 12:19:21,553 [INFO]    Página 5/5 → https://www.linkedin.com/jobs-guest/jobs/api/seeMoreJobPostings/search?keywords=consultor&location=Argentina&start=100&f_WT=2
2026-04-11 12:19:26,399 [INFO]    → 0 ofertas nuevas encontradas
2026-04-11 12:19:26,400 [INFO]    → No hay más resultados para esta búsqueda.
2026-04-11 12:19:26,420 [INFO] Exportadas 39 ofertas a CSV: /media/carlos-a-cicconi/Common1/Repositorios-Ing.Carlos-Cicconi/Trabajo_Final_MCD/data/raw/ofertas_20260411.csv
2026-04-11 12:19:26,421 [INFO] ✅ 'consultor': 39 ofertas guardadas
2026-04-11 12:19:26,421 [INFO] 
🔍 Buscando: 'consultor' en 'Worldwide'
2026-04-11 12:19:26,421 [INFO]    Página 1/5 → https://www.linkedin.com/jobs-guest/jobs/api/seeMoreJobPostings/search?keywords=consultor&location=Worldwide&start=0&f_WT=2
2026-04-11 12:19:29,961 [INFO]    → 10 ofertas nuevas encontradas
2026-04-11 12:20:11,180 [INFO]    Página 2/5 → https://www.linkedin.com/jobs-guest/jobs/api/seeMoreJobPostings/search?keywords=consultor&location=Worldwide&start=25&f_WT=2
2026-04-11 12:20:15,884 [INFO]    → 10 ofertas nuevas encontradas
2026-04-11 12:20:57,902 [INFO]    Página 3/5 → https://www.linkedin.com/jobs-guest/jobs/api/seeMoreJobPostings/search?keywords=consultor&location=Worldwide&start=50&f_WT=2
2026-04-11 12:21:01,248 [INFO]    → 10 ofertas nuevas encontradas
2026-04-11 12:21:48,111 [INFO]    Página 4/5 → https://www.linkedin.com/jobs-guest/jobs/api/seeMoreJobPostings/search?keywords=consultor&location=Worldwide&start=75&f_WT=2
2026-04-11 12:21:52,242 [INFO]    → 10 ofertas nuevas encontradas
2026-04-11 12:22:36,671 [INFO]    Página 5/5 → https://www.linkedin.com/jobs-guest/jobs/api/seeMoreJobPostings/search?keywords=consultor&location=Worldwide&start=100&f_WT=2
2026-04-11 12:22:40,152 [INFO]    → 10 ofertas nuevas encontradas
2026-04-11 12:23:22,842 [INFO] Exportadas 50 ofertas a CSV: /media/carlos-a-cicconi/Common1/Repositorios-Ing.Carlos-Cicconi/Trabajo_Final_MCD/data/raw/ofertas_20260411.csv
2026-04-11 12:23:22,842 [INFO] ✅ 'consultor': 50 ofertas guardadas
2026-04-11 12:23:22,842 [INFO] 
🔍 Buscando: 'gerente-operaciones' en 'Rosario, Santa Fe, Argentina'
2026-04-11 12:23:22,842 [INFO]    Página 1/5 → https://www.linkedin.com/jobs-guest/jobs/api/seeMoreJobPostings/search?keywords=gerente-operaciones&location=Rosario%2C%20Santa%20Fe%2C%20Argentina&start=0&f_WT=2
2026-04-11 12:23:27,469 [INFO]    → 0 ofertas nuevas encontradas
2026-04-11 12:23:27,469 [INFO]    → No hay más resultados para esta búsqueda.
2026-04-11 12:23:27,470 [INFO] ✅ 'gerente-operaciones': 0 ofertas guardadas
2026-04-11 12:23:27,470 [INFO] 
🔍 Buscando: 'gerente-operaciones' en 'Argentina'
2026-04-11 12:23:27,470 [INFO]    Página 1/5 → https://www.linkedin.com/jobs-guest/jobs/api/seeMoreJobPostings/search?keywords=gerente-operaciones&location=Argentina&start=0&f_WT=2
2026-04-11 12:23:32,337 [INFO]    → 0 ofertas nuevas encontradas
2026-04-11 12:23:32,337 [INFO]    → No hay más resultados para esta búsqueda.
2026-04-11 12:23:32,337 [INFO] ✅ 'gerente-operaciones': 0 ofertas guardadas
2026-04-11 12:23:32,337 [INFO] 
🔍 Buscando: 'gerente-operaciones' en 'Worldwide'
2026-04-11 12:23:32,338 [INFO]    Página 1/5 → https://www.linkedin.com/jobs-guest/jobs/api/seeMoreJobPostings/search?keywords=gerente-operaciones&location=Worldwide&start=0&f_WT=2
2026-04-11 12:23:36,045 [INFO]    → 3 ofertas nuevas encontradas
2026-04-11 12:23:49,365 [INFO]    Página 2/5 → https://www.linkedin.com/jobs-guest/jobs/api/seeMoreJobPostings/search?keywords=gerente-operaciones&location=Worldwide&start=25&f_WT=2
2026-04-11 12:23:54,362 [INFO]    → 0 ofertas nuevas encontradas
2026-04-11 12:23:54,362 [INFO]    → No hay más resultados para esta búsqueda.
2026-04-11 12:23:54,364 [INFO] Exportadas 3 ofertas a CSV: /media/carlos-a-cicconi/Common1/Repositorios-Ing.Carlos-Cicconi/Trabajo_Final_MCD/data/raw/ofertas_20260411.csv
2026-04-11 12:23:54,364 [INFO] ✅ 'gerente-operaciones': 3 ofertas guardadas
2026-04-11 12:23:54,365 [INFO] 
🔍 Buscando: 'compras' en 'Rosario, Santa Fe, Argentina'
2026-04-11 12:23:54,365 [INFO]    Página 1/5 → https://www.linkedin.com/jobs-guest/jobs/api/seeMoreJobPostings/search?keywords=compras&location=Rosario%2C%20Santa%20Fe%2C%20Argentina&start=0&f_WT=2
2026-04-11 12:23:58,043 [INFO]    → 0 ofertas nuevas encontradas
2026-04-11 12:23:58,043 [INFO]    → No hay más resultados para esta búsqueda.
2026-04-11 12:23:58,043 [INFO] ✅ 'compras': 0 ofertas guardadas
2026-04-11 12:23:58,044 [INFO] 
🔍 Buscando: 'compras' en 'Argentina'
2026-04-11 12:23:58,044 [INFO]    Página 1/5 → https://www.linkedin.com/jobs-guest/jobs/api/seeMoreJobPostings/search?keywords=compras&location=Argentina&start=0&f_WT=2
2026-04-11 12:24:03,420 [INFO]    → 9 ofertas nuevas encontradas
2026-04-11 12:24:38,152 [INFO]    Página 2/5 → https://www.linkedin.com/jobs-guest/jobs/api/seeMoreJobPostings/search?keywords=compras&location=Argentina&start=25&f_WT=2
2026-04-11 12:24:42,817 [INFO]    → 0 ofertas nuevas encontradas
2026-04-11 12:24:42,817 [INFO]    → No hay más resultados para esta búsqueda.
2026-04-11 12:24:42,821 [INFO] Exportadas 9 ofertas a CSV: /media/carlos-a-cicconi/Common1/Repositorios-Ing.Carlos-Cicconi/Trabajo_Final_MCD/data/raw/ofertas_20260411.csv
2026-04-11 12:24:42,822 [INFO] ✅ 'compras': 9 ofertas guardadas
2026-04-11 12:24:42,822 [INFO] 
🔍 Buscando: 'compras' en 'Worldwide'
2026-04-11 12:24:42,822 [INFO]    Página 1/5 → https://www.linkedin.com/jobs-guest/jobs/api/seeMoreJobPostings/search?keywords=compras&location=Worldwide&start=0&f_WT=2
2026-04-11 12:24:46,514 [INFO]    → 9 ofertas nuevas encontradas
2026-04-11 12:25:22,160 [INFO]    Página 2/5 → https://www.linkedin.com/jobs-guest/jobs/api/seeMoreJobPostings/search?keywords=compras&location=Worldwide&start=25&f_WT=2
2026-04-11 12:25:27,796 [INFO]    → 9 ofertas nuevas encontradas
2026-04-11 12:26:06,807 [INFO]    Página 3/5 → https://www.linkedin.com/jobs-guest/jobs/api/seeMoreJobPostings/search?keywords=compras&location=Worldwide&start=50&f_WT=2
2026-04-11 12:26:10,295 [INFO]    → 10 ofertas nuevas encontradas
2026-04-11 12:26:50,528 [INFO]    Página 4/5 → https://www.linkedin.com/jobs-guest/jobs/api/seeMoreJobPostings/search?keywords=compras&location=Worldwide&start=75&f_WT=2
2026-04-11 12:26:54,106 [INFO]    → 10 ofertas nuevas encontradas
2026-04-11 12:27:38,910 [INFO]    Página 5/5 → https://www.linkedin.com/jobs-guest/jobs/api/seeMoreJobPostings/search?keywords=compras&location=Worldwide&start=100&f_WT=2
2026-04-11 12:27:42,231 [INFO]    → 10 ofertas nuevas encontradas
2026-04-11 12:28:26,628 [INFO] Exportadas 48 ofertas a CSV: /media/carlos-a-cicconi/Common1/Repositorios-Ing.Carlos-Cicconi/Trabajo_Final_MCD/data/raw/ofertas_20260411.csv
2026-04-11 12:28:26,628 [INFO] ✅ 'compras': 48 ofertas guardadas
2026-04-11 12:28:26,629 [INFO] 
🔍 Buscando: 'ingeniero-industrial' en 'Rosario, Santa Fe, Argentina'
2026-04-11 12:28:26,629 [INFO]    Página 1/5 → https://www.linkedin.com/jobs-guest/jobs/api/seeMoreJobPostings/search?keywords=ingeniero-industrial&location=Rosario%2C%20Santa%20Fe%2C%20Argentina&start=0&f_WT=2
2026-04-11 12:28:30,229 [INFO]    → 0 ofertas nuevas encontradas
2026-04-11 12:28:30,229 [INFO]    → No hay más resultados para esta búsqueda.
2026-04-11 12:28:30,230 [INFO] ✅ 'ingeniero-industrial': 0 ofertas guardadas
2026-04-11 12:28:30,230 [INFO] 
🔍 Buscando: 'ingeniero-industrial' en 'Argentina'
2026-04-11 12:28:30,230 [INFO]    Página 1/5 → https://www.linkedin.com/jobs-guest/jobs/api/seeMoreJobPostings/search?keywords=ingeniero-industrial&location=Argentina&start=0&f_WT=2
2026-04-11 12:28:35,076 [INFO]    → 5 ofertas nuevas encontradas
2026-04-11 12:28:56,072 [INFO]    Página 2/5 → https://www.linkedin.com/jobs-guest/jobs/api/seeMoreJobPostings/search?keywords=ingeniero-industrial&location=Argentina&start=25&f_WT=2
2026-04-11 12:29:00,502 [INFO]    → 0 ofertas nuevas encontradas
2026-04-11 12:29:00,502 [INFO]    → No hay más resultados para esta búsqueda.
2026-04-11 12:29:00,506 [INFO] Exportadas 5 ofertas a CSV: /media/carlos-a-cicconi/Common1/Repositorios-Ing.Carlos-Cicconi/Trabajo_Final_MCD/data/raw/ofertas_20260411.csv
2026-04-11 12:29:00,506 [INFO] ✅ 'ingeniero-industrial': 5 ofertas guardadas
2026-04-11 12:29:00,506 [INFO] 
🔍 Buscando: 'ingeniero-industrial' en 'Worldwide'
2026-04-11 12:29:00,507 [INFO]    Página 1/5 → https://www.linkedin.com/jobs-guest/jobs/api/seeMoreJobPostings/search?keywords=ingeniero-industrial&location=Worldwide&start=0&f_WT=2
2026-04-11 12:29:03,871 [INFO]    → 10 ofertas nuevas encontradas
2026-04-11 12:29:37,912 [INFO]    Página 2/5 → https://www.linkedin.com/jobs-guest/jobs/api/seeMoreJobPostings/search?keywords=ingeniero-industrial&location=Worldwide&start=25&f_WT=2
2026-04-11 12:29:42,058 [INFO]    → 9 ofertas nuevas encontradas
2026-04-11 12:30:20,829 [INFO]    Página 3/5 → https://www.linkedin.com/jobs-guest/jobs/api/seeMoreJobPostings/search?keywords=ingeniero-industrial&location=Worldwide&start=50&f_WT=2
2026-04-11 12:30:26,299 [INFO]    → 10 ofertas nuevas encontradas
2026-04-11 12:31:10,049 [INFO]    Página 4/5 → https://www.linkedin.com/jobs-guest/jobs/api/seeMoreJobPostings/search?keywords=ingeniero-industrial&location=Worldwide&start=75&f_WT=2
2026-04-11 12:31:13,608 [INFO]    → 10 ofertas nuevas encontradas
2026-04-11 12:31:53,692 [INFO]    Página 5/5 → https://www.linkedin.com/jobs-guest/jobs/api/seeMoreJobPostings/search?keywords=ingeniero-industrial&location=Worldwide&start=100&f_WT=2
2026-04-11 12:31:58,976 [INFO]    → 10 ofertas nuevas encontradas
2026-04-11 12:32:41,397 [INFO] Exportadas 49 ofertas a CSV: /media/carlos-a-cicconi/Common1/Repositorios-Ing.Carlos-Cicconi/Trabajo_Final_MCD/data/raw/ofertas_20260411.csv
2026-04-11 12:32:41,397 [INFO] ✅ 'ingeniero-industrial': 49 ofertas guardadas
2026-04-11 12:32:41,397 [INFO] 
🔍 Buscando: 'finanzas' en 'Rosario, Santa Fe, Argentina'
2026-04-11 12:32:41,397 [INFO]    Página 1/5 → https://www.linkedin.com/jobs-guest/jobs/api/seeMoreJobPostings/search?keywords=finanzas&location=Rosario%2C%20Santa%20Fe%2C%20Argentina&start=0&f_WT=2
2026-04-11 12:32:45,662 [INFO]    → 5 ofertas nuevas encontradas
2026-04-11 12:33:04,801 [INFO]    Página 2/5 → https://www.linkedin.com/jobs-guest/jobs/api/seeMoreJobPostings/search?keywords=finanzas&location=Rosario%2C%20Santa%20Fe%2C%20Argentina&start=25&f_WT=2
2026-04-11 12:33:09,813 [INFO]    → 0 ofertas nuevas encontradas
2026-04-11 12:33:09,814 [INFO]    → No hay más resultados para esta búsqueda.
2026-04-11 12:33:09,816 [INFO] Exportadas 5 ofertas a CSV: /media/carlos-a-cicconi/Common1/Repositorios-Ing.Carlos-Cicconi/Trabajo_Final_MCD/data/raw/ofertas_20260411.csv
2026-04-11 12:33:09,817 [INFO] ✅ 'finanzas': 5 ofertas guardadas
2026-04-11 12:33:09,817 [INFO] 
🔍 Buscando: 'finanzas' en 'Argentina'
2026-04-11 12:33:09,817 [INFO]    Página 1/5 → https://www.linkedin.com/jobs-guest/jobs/api/seeMoreJobPostings/search?keywords=finanzas&location=Argentina&start=0&f_WT=2
2026-04-11 12:33:14,949 [INFO]    → 7 ofertas nuevas encontradas
2026-04-11 12:33:46,581 [INFO]    Página 2/5 → https://www.linkedin.com/jobs-guest/jobs/api/seeMoreJobPostings/search?keywords=finanzas&location=Argentina&start=25&f_WT=2
2026-04-11 12:33:51,082 [INFO]    → 9 ofertas nuevas encontradas
2026-04-11 12:34:26,849 [INFO]    Página 3/5 → https://www.linkedin.com/jobs-guest/jobs/api/seeMoreJobPostings/search?keywords=finanzas&location=Argentina&start=50&f_WT=2
2026-04-11 12:34:30,925 [INFO]    → 10 ofertas nuevas encontradas
2026-04-11 12:35:13,729 [INFO]    Página 4/5 → https://www.linkedin.com/jobs-guest/jobs/api/seeMoreJobPostings/search?keywords=finanzas&location=Argentina&start=75&f_WT=2
2026-04-11 12:35:18,152 [INFO]    → 9 ofertas nuevas encontradas
2026-04-11 12:35:55,592 [INFO]    Página 5/5 → https://www.linkedin.com/jobs-guest/jobs/api/seeMoreJobPostings/search?keywords=finanzas&location=Argentina&start=100&f_WT=2
2026-04-11 12:36:00,879 [INFO]    → 0 ofertas nuevas encontradas
2026-04-11 12:36:00,879 [INFO]    → No hay más resultados para esta búsqueda.
2026-04-11 12:36:00,899 [INFO] Exportadas 35 ofertas a CSV: /media/carlos-a-cicconi/Common1/Repositorios-Ing.Carlos-Cicconi/Trabajo_Final_MCD/data/raw/ofertas_20260411.csv
2026-04-11 12:36:00,899 [INFO] ✅ 'finanzas': 35 ofertas guardadas
2026-04-11 12:36:00,900 [INFO] 
🔍 Buscando: 'finanzas' en 'Worldwide'
2026-04-11 12:36:00,900 [INFO]    Página 1/5 → https://www.linkedin.com/jobs-guest/jobs/api/seeMoreJobPostings/search?keywords=finanzas&location=Worldwide&start=0&f_WT=2
2026-04-11 12:36:06,470 [INFO]    → 9 ofertas nuevas encontradas
2026-04-11 12:36:41,985 [INFO]    Página 2/5 → https://www.linkedin.com/jobs-guest/jobs/api/seeMoreJobPostings/search?keywords=finanzas&location=Worldwide&start=25&f_WT=2
2026-04-11 12:36:46,393 [INFO]    → 6 ofertas nuevas encontradas
2026-04-11 12:37:11,178 [INFO]    Página 3/5 → https://www.linkedin.com/jobs-guest/jobs/api/seeMoreJobPostings/search?keywords=finanzas&location=Worldwide&start=50&f_WT=2
2026-04-11 12:37:14,963 [INFO]    → 8 ofertas nuevas encontradas
2026-04-11 12:37:50,135 [INFO]    Página 4/5 → https://www.linkedin.com/jobs-guest/jobs/api/seeMoreJobPostings/search?keywords=finanzas&location=Worldwide&start=75&f_WT=2
2026-04-11 12:37:55,216 [INFO]    → 6 ofertas nuevas encontradas
2026-04-11 12:38:21,246 [INFO]    Página 5/5 → https://www.linkedin.com/jobs-guest/jobs/api/seeMoreJobPostings/search?keywords=finanzas&location=Worldwide&start=100&f_WT=2
2026-04-11 12:38:25,940 [INFO]    → 10 ofertas nuevas encontradas
2026-04-11 12:39:05,436 [INFO] Exportadas 39 ofertas a CSV: /media/carlos-a-cicconi/Common1/Repositorios-Ing.Carlos-Cicconi/Trabajo_Final_MCD/data/raw/ofertas_20260411.csv
2026-04-11 12:39:05,436 [INFO] ✅ 'finanzas': 39 ofertas guardadas
2026-04-11 12:39:05,436 [INFO] 
🔍 Buscando: 'sap' en 'Rosario, Santa Fe, Argentina'
2026-04-11 12:39:05,436 [INFO]    Página 1/5 → https://www.linkedin.com/jobs-guest/jobs/api/seeMoreJobPostings/search?keywords=sap&location=Rosario%2C%20Santa%20Fe%2C%20Argentina&start=0&f_WT=2
2026-04-11 12:39:09,339 [INFO]    → 0 ofertas nuevas encontradas
2026-04-11 12:39:09,339 [INFO]    → No hay más resultados para esta búsqueda.
2026-04-11 12:39:09,339 [INFO] ✅ 'sap': 0 ofertas guardadas
2026-04-11 12:39:09,339 [INFO] 
🔍 Buscando: 'sap' en 'Argentina'
2026-04-11 12:39:09,339 [INFO]    Página 1/5 → https://www.linkedin.com/jobs-guest/jobs/api/seeMoreJobPostings/search?keywords=sap&location=Argentina&start=0&f_WT=2
2026-04-11 12:39:14,068 [INFO]    → 7 ofertas nuevas encontradas
2026-04-11 12:39:43,396 [INFO]    Página 2/5 → https://www.linkedin.com/jobs-guest/jobs/api/seeMoreJobPostings/search?keywords=sap&location=Argentina&start=25&f_WT=2
2026-04-11 12:39:47,758 [INFO]    → 9 ofertas nuevas encontradas
2026-04-11 12:40:22,976 [INFO]    Página 3/5 → https://www.linkedin.com/jobs-guest/jobs/api/seeMoreJobPostings/search?keywords=sap&location=Argentina&start=50&f_WT=2
2026-04-11 12:40:27,887 [INFO]    → 9 ofertas nuevas encontradas
2026-04-11 12:41:06,438 [INFO]    Página 4/5 → https://www.linkedin.com/jobs-guest/jobs/api/seeMoreJobPostings/search?keywords=sap&location=Argentina&start=75&f_WT=2
2026-04-11 12:41:11,511 [INFO]    → 9 ofertas nuevas encontradas
2026-04-11 12:41:47,416 [INFO]    Página 5/5 → https://www.linkedin.com/jobs-guest/jobs/api/seeMoreJobPostings/search?keywords=sap&location=Argentina&start=100&f_WT=2
2026-04-11 12:41:52,591 [INFO]    → 10 ofertas nuevas encontradas
2026-04-11 12:42:36,218 [INFO] Exportadas 44 ofertas a CSV: /media/carlos-a-cicconi/Common1/Repositorios-Ing.Carlos-Cicconi/Trabajo_Final_MCD/data/raw/ofertas_20260411.csv
2026-04-11 12:42:36,218 [INFO] ✅ 'sap': 44 ofertas guardadas
2026-04-11 12:42:36,218 [INFO] 
🔍 Buscando: 'sap' en 'Worldwide'
2026-04-11 12:42:36,218 [INFO]    Página 1/5 → https://www.linkedin.com/jobs-guest/jobs/api/seeMoreJobPostings/search?keywords=sap&location=Worldwide&start=0&f_WT=2
2026-04-11 12:42:40,297 [INFO]    → 9 ofertas nuevas encontradas
2026-04-11 12:43:19,855 [INFO]    Página 2/5 → https://www.linkedin.com/jobs-guest/jobs/api/seeMoreJobPostings/search?keywords=sap&location=Worldwide&start=25&f_WT=2
2026-04-11 12:43:24,449 [INFO]    → 9 ofertas nuevas encontradas
2026-04-11 12:43:58,975 [INFO]    Página 3/5 → https://www.linkedin.com/jobs-guest/jobs/api/seeMoreJobPostings/search?keywords=sap&location=Worldwide&start=50&f_WT=2
2026-04-11 12:44:02,325 [INFO]    → 10 ofertas nuevas encontradas
2026-04-11 12:44:44,999 [INFO]    Página 4/5 → https://www.linkedin.com/jobs-guest/jobs/api/seeMoreJobPostings/search?keywords=sap&location=Worldwide&start=75&f_WT=2
2026-04-11 12:44:48,828 [INFO]    → 9 ofertas nuevas encontradas
2026-04-11 12:45:26,193 [INFO]    Página 5/5 → https://www.linkedin.com/jobs-guest/jobs/api/seeMoreJobPostings/search?keywords=sap&location=Worldwide&start=100&f_WT=2
2026-04-11 12:45:31,413 [INFO]    → 10 ofertas nuevas encontradas
2026-04-11 12:46:09,906 [INFO] Exportadas 47 ofertas a CSV: /media/carlos-a-cicconi/Common1/Repositorios-Ing.Carlos-Cicconi/Trabajo_Final_MCD/data/raw/ofertas_20260411.csv
2026-04-11 12:46:09,906 [INFO] ✅ 'sap': 47 ofertas guardadas
2026-04-11 12:46:09,906 [INFO] 
🔍 Buscando: 'excel' en 'Rosario, Santa Fe, Argentina'
2026-04-11 12:46:09,906 [INFO]    Página 1/5 → https://www.linkedin.com/jobs-guest/jobs/api/seeMoreJobPostings/search?keywords=excel&location=Rosario%2C%20Santa%20Fe%2C%20Argentina&start=0&f_WT=2
2026-04-11 12:46:14,540 [INFO]    → 7 ofertas nuevas encontradas
2026-04-11 12:46:42,815 [INFO]    Página 2/5 → https://www.linkedin.com/jobs-guest/jobs/api/seeMoreJobPostings/search?keywords=excel&location=Rosario%2C%20Santa%20Fe%2C%20Argentina&start=25&f_WT=2
2026-04-11 12:46:47,593 [INFO]    → 0 ofertas nuevas encontradas
2026-04-11 12:46:47,593 [INFO]    → No hay más resultados para esta búsqueda.
2026-04-11 12:46:47,598 [INFO] Exportadas 7 ofertas a CSV: /media/carlos-a-cicconi/Common1/Repositorios-Ing.Carlos-Cicconi/Trabajo_Final_MCD/data/raw/ofertas_20260411.csv
2026-04-11 12:46:47,598 [INFO] ✅ 'excel': 7 ofertas guardadas
2026-04-11 12:46:47,599 [INFO] 
🔍 Buscando: 'excel' en 'Argentina'
2026-04-11 12:46:47,599 [INFO]    Página 1/5 → https://www.linkedin.com/jobs-guest/jobs/api/seeMoreJobPostings/search?keywords=excel&location=Argentina&start=0&f_WT=2
2026-04-11 12:46:50,874 [INFO]    → 6 ofertas nuevas encontradas
2026-04-11 12:46:59,164 [WARNING] Rate limit (429). Esperando 60s antes de reintentar...
2026-04-11 12:48:21,216 [INFO]    Página 2/5 → https://www.linkedin.com/jobs-guest/jobs/api/seeMoreJobPostings/search?keywords=excel&location=Argentina&start=25&f_WT=2
2026-04-11 12:48:26,231 [INFO]    → 9 ofertas nuevas encontradas
2026-04-11 12:48:59,165 [INFO]    Página 3/5 → https://www.linkedin.com/jobs-guest/jobs/api/seeMoreJobPostings/search?keywords=excel&location=Argentina&start=50&f_WT=2
2026-04-11 12:49:03,182 [INFO]    → 9 ofertas nuevas encontradas
2026-04-11 12:49:38,451 [INFO]    Página 4/5 → https://www.linkedin.com/jobs-guest/jobs/api/seeMoreJobPostings/search?keywords=excel&location=Argentina&start=75&f_WT=2
2026-04-11 12:49:42,607 [INFO]    → 9 ofertas nuevas encontradas
2026-04-11 12:50:21,519 [INFO]    Página 5/5 → https://www.linkedin.com/jobs-guest/jobs/api/seeMoreJobPostings/search?keywords=excel&location=Argentina&start=100&f_WT=2
2026-04-11 12:50:24,880 [INFO]    → 10 ofertas nuevas encontradas
2026-04-11 12:51:05,037 [INFO] Exportadas 43 ofertas a CSV: /media/carlos-a-cicconi/Common1/Repositorios-Ing.Carlos-Cicconi/Trabajo_Final_MCD/data/raw/ofertas_20260411.csv
2026-04-11 12:51:05,037 [INFO] ✅ 'excel': 43 ofertas guardadas
2026-04-11 12:51:05,037 [INFO] 
🔍 Buscando: 'excel' en 'Worldwide'
2026-04-11 12:51:05,037 [INFO]    Página 1/5 → https://www.linkedin.com/jobs-guest/jobs/api/seeMoreJobPostings/search?keywords=excel&location=Worldwide&start=0&f_WT=2
2026-04-11 12:51:10,475 [INFO]    → 6 ofertas nuevas encontradas
2026-04-11 12:51:34,984 [INFO]    Página 2/5 → https://www.linkedin.com/jobs-guest/jobs/api/seeMoreJobPostings/search?keywords=excel&location=Worldwide&start=25&f_WT=2
2026-04-11 12:51:39,347 [INFO]    → 6 ofertas nuevas encontradas
2026-04-11 12:52:02,182 [INFO]    Página 3/5 → https://www.linkedin.com/jobs-guest/jobs/api/seeMoreJobPostings/search?keywords=excel&location=Worldwide&start=50&f_WT=2
2026-04-11 12:52:07,509 [INFO]    → 3 ofertas nuevas encontradas
2026-04-11 12:52:19,066 [INFO]    Página 4/5 → https://www.linkedin.com/jobs-guest/jobs/api/seeMoreJobPostings/search?keywords=excel&location=Worldwide&start=75&f_WT=2
2026-04-11 12:52:24,722 [INFO]    → 9 ofertas nuevas encontradas
2026-04-11 12:53:03,563 [INFO]    Página 5/5 → https://www.linkedin.com/jobs-guest/jobs/api/seeMoreJobPostings/search?keywords=excel&location=Worldwide&start=100&f_WT=2
2026-04-11 12:53:09,364 [INFO]    → 7 ofertas nuevas encontradas
2026-04-11 12:53:42,045 [INFO] Exportadas 31 ofertas a CSV: /media/carlos-a-cicconi/Common1/Repositorios-Ing.Carlos-Cicconi/Trabajo_Final_MCD/data/raw/ofertas_20260411.csv
2026-04-11 12:53:42,045 [INFO] ✅ 'excel': 31 ofertas guardadas
2026-04-11 12:53:42,045 [INFO] 
🔍 Buscando: 'automatizacion' en 'Rosario, Santa Fe, Argentina'
2026-04-11 12:53:42,045 [INFO]    Página 1/5 → https://www.linkedin.com/jobs-guest/jobs/api/seeMoreJobPostings/search?keywords=automatizacion&location=Rosario%2C%20Santa%20Fe%2C%20Argentina&start=0&f_WT=2
2026-04-11 12:53:46,225 [INFO]    → 1 ofertas nuevas encontradas
2026-04-11 12:53:50,653 [INFO]    Página 2/5 → https://www.linkedin.com/jobs-guest/jobs/api/seeMoreJobPostings/search?keywords=automatizacion&location=Rosario%2C%20Santa%20Fe%2C%20Argentina&start=25&f_WT=2
2026-04-11 12:53:54,187 [INFO]    → 0 ofertas nuevas encontradas
2026-04-11 12:53:54,188 [INFO]    → No hay más resultados para esta búsqueda.
2026-04-11 12:53:54,189 [INFO] Exportadas 1 ofertas a CSV: /media/carlos-a-cicconi/Common1/Repositorios-Ing.Carlos-Cicconi/Trabajo_Final_MCD/data/raw/ofertas_20260411.csv
2026-04-11 12:53:54,189 [INFO] ✅ 'automatizacion': 1 ofertas guardadas
2026-04-11 12:53:54,189 [INFO] 
🔍 Buscando: 'automatizacion' en 'Argentina'
2026-04-11 12:53:54,189 [INFO]    Página 1/5 → https://www.linkedin.com/jobs-guest/jobs/api/seeMoreJobPostings/search?keywords=automatizacion&location=Argentina&start=0&f_WT=2
2026-04-11 12:53:59,021 [INFO]    → 7 ofertas nuevas encontradas
2026-04-11 12:54:29,038 [INFO]    Página 2/5 → https://www.linkedin.com/jobs-guest/jobs/api/seeMoreJobPostings/search?keywords=automatizacion&location=Argentina&start=25&f_WT=2
2026-04-11 12:54:33,941 [INFO]    → 8 ofertas nuevas encontradas
2026-04-11 12:55:08,440 [INFO]    Página 3/5 → https://www.linkedin.com/jobs-guest/jobs/api/seeMoreJobPostings/search?keywords=automatizacion&location=Argentina&start=50&f_WT=2
2026-04-11 12:55:13,484 [INFO]    → 10 ofertas nuevas encontradas
2026-04-11 12:55:58,795 [INFO]    Página 4/5 → https://www.linkedin.com/jobs-guest/jobs/api/seeMoreJobPostings/search?keywords=automatizacion&location=Argentina&start=75&f_WT=2
2026-04-11 12:56:03,646 [INFO]    → 7 ofertas nuevas encontradas
2026-04-11 12:56:33,632 [INFO]    Página 5/5 → https://www.linkedin.com/jobs-guest/jobs/api/seeMoreJobPostings/search?keywords=automatizacion&location=Argentina&start=100&f_WT=2
2026-04-11 12:56:39,076 [INFO]    → 9 ofertas nuevas encontradas
2026-04-11 12:57:16,815 [INFO] Exportadas 41 ofertas a CSV: /media/carlos-a-cicconi/Common1/Repositorios-Ing.Carlos-Cicconi/Trabajo_Final_MCD/data/raw/ofertas_20260411.csv
2026-04-11 12:57:16,815 [INFO] ✅ 'automatizacion': 41 ofertas guardadas
2026-04-11 12:57:16,815 [INFO] 
🔍 Buscando: 'automatizacion' en 'Worldwide'
2026-04-11 12:57:16,815 [INFO]    Página 1/5 → https://www.linkedin.com/jobs-guest/jobs/api/seeMoreJobPostings/search?keywords=automatizacion&location=Worldwide&start=0&f_WT=2
2026-04-11 12:57:20,979 [INFO]    → 8 ofertas nuevas encontradas
2026-04-11 12:57:53,026 [INFO]    Página 2/5 → https://www.linkedin.com/jobs-guest/jobs/api/seeMoreJobPostings/search?keywords=automatizacion&location=Worldwide&start=25&f_WT=2
2026-04-11 12:57:57,428 [INFO]    → 9 ofertas nuevas encontradas
2026-04-11 12:58:32,909 [INFO]    Página 3/5 → https://www.linkedin.com/jobs-guest/jobs/api/seeMoreJobPostings/search?keywords=automatizacion&location=Worldwide&start=50&f_WT=2
2026-04-11 12:58:37,248 [INFO]    → 10 ofertas nuevas encontradas
2026-04-11 12:59:17,019 [INFO]    Página 4/5 → https://www.linkedin.com/jobs-guest/jobs/api/seeMoreJobPostings/search?keywords=automatizacion&location=Worldwide&start=75&f_WT=2
2026-04-11 12:59:21,854 [INFO]    → 8 ofertas nuevas encontradas
2026-04-11 12:59:54,743 [INFO]    Página 5/5 → https://www.linkedin.com/jobs-guest/jobs/api/seeMoreJobPostings/search?keywords=automatizacion&location=Worldwide&start=100&f_WT=2
2026-04-11 12:59:59,886 [INFO]    → 8 ofertas nuevas encontradas
2026-04-11 13:00:35,679 [INFO] Exportadas 43 ofertas a CSV: /media/carlos-a-cicconi/Common1/Repositorios-Ing.Carlos-Cicconi/Trabajo_Final_MCD/data/raw/ofertas_20260411.csv
2026-04-11 13:00:35,679 [INFO] ✅ 'automatizacion': 43 ofertas guardadas
2026-04-11 13:00:35,679 [INFO] 
============================================================
2026-04-11 13:00:35,679 [INFO] SCRAPING FINALIZADO
2026-04-11 13:00:35,679 [INFO] Total de ofertas únicas recopiladas: 1049
2026-04-11 13:00:35,679 [INFO] Base de datos: /media/carlos-a-cicconi/Common1/Repositorios-Ing.Carlos-Cicconi/Trabajo_Final_MCD/data/raw/ofertas_linkedin.db
2026-04-11 13:00:35,679 [INFO] CSV exportado: /media/carlos-a-cicconi/Common1/Repositorios-Ing.Carlos-Cicconi/Trabajo_Final_MCD/data/raw/ofertas_20260411.csv
2026-04-11 13:00:35,679 [INFO] Log guardado:  /media/carlos-a-cicconi/Common1/Repositorios-Ing.Carlos-Cicconi/Trabajo_Final_MCD/logs/scraper_20260411_113622.log
2026-04-11 13:00:35,679 [INFO] ============================================================
2026-04-11 13:00:35,680 [INFO] Estadísticas guardadas: /media/carlos-a-cicconi/Common1/Repositorios-Ing.Carlos-Cicconi/Trabajo_Final_MCD/data/raw/stats_20260411_130035.json
2026-04-11 13:00:35,680 [INFO]   ✅ linkedin: 1,049 ofertas recopiladas
2026-04-11 13:00:35,682 [INFO] 
============================================================
2026-04-11 13:00:35,682 [INFO]   EJECUTANDO: computrabajo (ComputrabajoScraper)
2026-04-11 13:00:35,683 [INFO]   Queries: desde CV (42 búsquedas)
2026-04-11 13:00:35,683 [INFO] ============================================================
2026-04-11 13:00:35,716 [INFO] Base de datos lista: /media/carlos-a-cicconi/Common1/Repositorios-Ing.Carlos-Cicconi/Trabajo_Final_MCD/data/raw/ofertas_computrabajo.db
2026-04-11 13:00:35,716 [INFO] ComputrabajoScraper inicializado correctamente
2026-04-11 13:00:35,716 [INFO]   ✅ Queries del CV inyectadas en computrabajo
2026-04-11 13:00:35,716 [INFO] ============================================================
2026-04-11 13:00:35,716 [INFO] INICIO DEL SCRAPING - Computrabajo Argentina
2026-04-11 13:00:35,716 [INFO] Búsquedas: 14 | Páginas por búsqueda: 5
2026-04-11 13:00:35,716 [INFO] ============================================================
2026-04-11 13:00:35,717 [INFO] 
🔍 Buscando: 'Data Scientist'
2026-04-11 13:00:35,717 [INFO]    Página 1/5 → https://www.computrabajo.com.ar/trabajo-de-data-scientist
2026-04-11 13:00:41,381 [INFO]    → 0 ofertas nuevas encontradas
2026-04-11 13:00:41,381 [INFO]    → Sin más resultados para esta búsqueda.
2026-04-11 13:00:41,381 [INFO] ✅ 'Data Scientist': 0 ofertas guardadas
2026-04-11 13:00:41,381 [INFO] 
🔍 Buscando: 'BI / Analytics'
2026-04-11 13:00:41,381 [INFO]    Página 1/5 → https://www.computrabajo.com.ar/trabajo-de-business-intelligence
2026-04-11 13:00:47,872 [INFO]    → 16 ofertas nuevas encontradas
2026-04-11 13:02:13,099 [INFO]    Página 2/5 → https://www.computrabajo.com.ar/trabajo-de-business-intelligence?p=2
2026-04-11 13:02:18,818 [INFO]    → 0 ofertas nuevas encontradas
2026-04-11 13:02:18,818 [INFO]    → Sin más resultados para esta búsqueda.
2026-04-11 13:02:18,826 [INFO] Exportadas 16 ofertas a CSV: /media/carlos-a-cicconi/Common1/Repositorios-Ing.Carlos-Cicconi/Trabajo_Final_MCD/data/raw/computrabajo_20260411.csv
2026-04-11 13:02:18,827 [INFO] ✅ 'BI / Analytics': 16 ofertas guardadas
2026-04-11 13:02:18,827 [INFO] 
🔍 Buscando: 'Python Developer'
2026-04-11 13:02:18,827 [INFO]    Página 1/5 → https://www.computrabajo.com.ar/trabajo-de-python
2026-04-11 13:02:23,816 [INFO]    → 0 ofertas nuevas encontradas
2026-04-11 13:02:23,816 [INFO]    → Sin más resultados para esta búsqueda.
2026-04-11 13:02:23,816 [INFO] ✅ 'Python Developer': 0 ofertas guardadas
2026-04-11 13:02:23,816 [INFO] 
🔍 Buscando: 'R Developer'
2026-04-11 13:02:23,816 [INFO]    Página 1/5 → https://www.computrabajo.com.ar/trabajo-de-r
2026-04-11 13:02:30,471 [INFO]    → 0 ofertas nuevas encontradas
2026-04-11 13:02:30,471 [INFO]    → Sin más resultados para esta búsqueda.
2026-04-11 13:02:30,471 [INFO] ✅ 'R Developer': 0 ofertas guardadas
2026-04-11 13:02:30,471 [INFO] 
🔍 Buscando: 'Julia Developer'
2026-04-11 13:02:30,471 [INFO]    Página 1/5 → https://www.computrabajo.com.ar/trabajo-de-julia
2026-04-11 13:02:36,894 [INFO]    → 0 ofertas nuevas encontradas
2026-04-11 13:02:36,894 [INFO]    → Sin más resultados para esta búsqueda.
2026-04-11 13:02:36,894 [INFO] ✅ 'Julia Developer': 0 ofertas guardadas
2026-04-11 13:02:36,894 [INFO] 
🔍 Buscando: 'Control de Gestión'
2026-04-11 13:02:36,894 [INFO]    Página 1/5 → https://www.computrabajo.com.ar/trabajo-de-control-de-gestion
2026-04-11 13:02:42,767 [INFO]    → 0 ofertas nuevas encontradas
2026-04-11 13:02:42,767 [INFO]    → Sin más resultados para esta búsqueda.
2026-04-11 13:02:42,768 [INFO] ✅ 'Control de Gestión': 0 ofertas guardadas
2026-04-11 13:02:42,768 [INFO] 
🔍 Buscando: 'Consultor'
2026-04-11 13:02:42,768 [INFO]    Página 1/5 → https://www.computrabajo.com.ar/trabajo-de-consultor
2026-04-11 13:02:48,270 [INFO]    → 20 ofertas nuevas encontradas
2026-04-11 13:04:29,089 [INFO]    Página 2/5 → https://www.computrabajo.com.ar/trabajo-de-consultor?p=2
2026-04-11 13:04:35,302 [INFO]    → 0 ofertas nuevas encontradas
2026-04-11 13:04:35,302 [INFO]    → Sin más resultados para esta búsqueda.
2026-04-11 13:04:35,303 [INFO] Exportadas 20 ofertas a CSV: /media/carlos-a-cicconi/Common1/Repositorios-Ing.Carlos-Cicconi/Trabajo_Final_MCD/data/raw/computrabajo_20260411.csv
2026-04-11 13:04:35,303 [INFO] ✅ 'Consultor': 20 ofertas guardadas
2026-04-11 13:04:35,303 [INFO] 
🔍 Buscando: 'Gerente de Operaciones'
2026-04-11 13:04:35,303 [INFO]    Página 1/5 → https://www.computrabajo.com.ar/trabajo-de-gerente-operaciones
2026-04-11 13:04:40,317 [INFO]    → 0 ofertas nuevas encontradas
2026-04-11 13:04:40,317 [INFO]    → Sin más resultados para esta búsqueda.
2026-04-11 13:04:40,317 [INFO] ✅ 'Gerente de Operaciones': 0 ofertas guardadas
2026-04-11 13:04:40,317 [INFO] 
🔍 Buscando: 'Compras / Procurement'
2026-04-11 13:04:40,317 [INFO]    Página 1/5 → https://www.computrabajo.com.ar/trabajo-de-compras
2026-04-11 13:04:46,611 [INFO]    → 0 ofertas nuevas encontradas
2026-04-11 13:04:46,611 [INFO]    → Sin más resultados para esta búsqueda.
2026-04-11 13:04:46,611 [INFO] ✅ 'Compras / Procurement': 0 ofertas guardadas
2026-04-11 13:04:46,611 [INFO] 
🔍 Buscando: 'Ingeniero Industrial'
2026-04-11 13:04:46,611 [INFO]    Página 1/5 → https://www.computrabajo.com.ar/trabajo-de-ingeniero-industrial
2026-04-11 13:04:52,249 [INFO]    → 0 ofertas nuevas encontradas
2026-04-11 13:04:52,249 [INFO]    → Sin más resultados para esta búsqueda.
2026-04-11 13:04:52,249 [INFO] ✅ 'Ingeniero Industrial': 0 ofertas guardadas
2026-04-11 13:04:52,249 [INFO] 
🔍 Buscando: 'Finanzas / CAPEX'
2026-04-11 13:04:52,249 [INFO]    Página 1/5 → https://www.computrabajo.com.ar/trabajo-de-finanzas
2026-04-11 13:04:57,824 [INFO]    → 20 ofertas nuevas encontradas
2026-04-11 13:06:35,759 [INFO]    Página 2/5 → https://www.computrabajo.com.ar/trabajo-de-finanzas?p=2
2026-04-11 13:06:42,376 [INFO]    → 20 ofertas nuevas encontradas
2026-04-11 13:08:18,139 [INFO]    Página 3/5 → https://www.computrabajo.com.ar/trabajo-de-finanzas?p=3
2026-04-11 13:08:24,256 [INFO]    → 20 ofertas nuevas encontradas
2026-04-11 13:10:06,064 [INFO]    Página 4/5 → https://www.computrabajo.com.ar/trabajo-de-finanzas?p=4
2026-04-11 13:10:10,758 [INFO]    → 0 ofertas nuevas encontradas
2026-04-11 13:10:10,758 [INFO]    → Sin más resultados para esta búsqueda.
2026-04-11 13:10:10,759 [INFO] Exportadas 60 ofertas a CSV: /media/carlos-a-cicconi/Common1/Repositorios-Ing.Carlos-Cicconi/Trabajo_Final_MCD/data/raw/computrabajo_20260411.csv
2026-04-11 13:10:10,760 [INFO] ✅ 'Finanzas / CAPEX': 60 ofertas guardadas
2026-04-11 13:10:10,760 [INFO] 
🔍 Buscando: 'SAP'
2026-04-11 13:10:10,760 [INFO]    Página 1/5 → https://www.computrabajo.com.ar/trabajo-de-sap
2026-04-11 13:10:15,370 [INFO]    → 19 ofertas nuevas encontradas
2026-04-11 13:11:53,621 [INFO]    Página 2/5 → https://www.computrabajo.com.ar/trabajo-de-sap?p=2
2026-04-11 13:11:58,643 [INFO]    → 20 ofertas nuevas encontradas
2026-04-11 13:13:39,693 [INFO]    Página 3/5 → https://www.computrabajo.com.ar/trabajo-de-sap?p=3
2026-04-11 13:13:44,874 [INFO]    → 0 ofertas nuevas encontradas
2026-04-11 13:13:44,874 [INFO]    → Sin más resultados para esta búsqueda.
2026-04-11 13:13:44,875 [INFO] Exportadas 39 ofertas a CSV: /media/carlos-a-cicconi/Common1/Repositorios-Ing.Carlos-Cicconi/Trabajo_Final_MCD/data/raw/computrabajo_20260411.csv
2026-04-11 13:13:44,875 [INFO] ✅ 'SAP': 39 ofertas guardadas
2026-04-11 13:13:44,875 [INFO] 
🔍 Buscando: 'Excel / VBA'
2026-04-11 13:13:44,875 [INFO]    Página 1/5 → https://www.computrabajo.com.ar/trabajo-de-excel
2026-04-11 13:13:51,332 [INFO]    → 0 ofertas nuevas encontradas
2026-04-11 13:13:51,332 [INFO]    → Sin más resultados para esta búsqueda.
2026-04-11 13:13:51,332 [INFO] ✅ 'Excel / VBA': 0 ofertas guardadas
2026-04-11 13:13:51,332 [INFO] 
🔍 Buscando: 'Google Apps Script'
2026-04-11 13:13:51,332 [INFO]    Página 1/5 → https://www.computrabajo.com.ar/trabajo-de-automatizacion
2026-04-11 13:13:57,463 [INFO]    → 0 ofertas nuevas encontradas
2026-04-11 13:13:57,463 [INFO]    → Sin más resultados para esta búsqueda.
2026-04-11 13:13:57,464 [INFO] ✅ 'Google Apps Script': 0 ofertas guardadas
2026-04-11 13:13:57,464 [INFO] 
============================================================
2026-04-11 13:13:57,464 [INFO] SCRAPING FINALIZADO - Computrabajo
2026-04-11 13:13:57,464 [INFO] Total de ofertas únicas recopiladas: 135
2026-04-11 13:13:57,464 [INFO] Base de datos : /media/carlos-a-cicconi/Common1/Repositorios-Ing.Carlos-Cicconi/Trabajo_Final_MCD/data/raw/ofertas_computrabajo.db
2026-04-11 13:13:57,464 [INFO] CSV exportado : /media/carlos-a-cicconi/Common1/Repositorios-Ing.Carlos-Cicconi/Trabajo_Final_MCD/data/raw/computrabajo_20260411.csv
2026-04-11 13:13:57,464 [INFO] Log guardado  : /media/carlos-a-cicconi/Common1/Repositorios-Ing.Carlos-Cicconi/Trabajo_Final_MCD/logs/computrabajo_scraper_20260411_130035.log
2026-04-11 13:13:57,464 [INFO] ============================================================
2026-04-11 13:13:57,464 [INFO] Estadísticas guardadas: /media/carlos-a-cicconi/Common1/Repositorios-Ing.Carlos-Cicconi/Trabajo_Final_MCD/data/raw/stats_computrabajo_20260411_131357.json
2026-04-11 13:13:57,465 [INFO]   ✅ computrabajo: 135 ofertas recopiladas
2026-04-11 13:13:57,467 [INFO] 
============================================================
2026-04-11 13:13:57,467 [INFO]   EJECUTANDO: getonboard (GetOnBoardScraper)
2026-04-11 13:13:57,467 [INFO]   Queries: desde CV (42 búsquedas)
2026-04-11 13:13:57,467 [INFO] ============================================================
2026-04-11 13:13:57,477 [INFO] Base de datos lista: /media/carlos-a-cicconi/Common1/Repositorios-Ing.Carlos-Cicconi/Trabajo_Final_MCD/data/raw/ofertas_getonboard.db
2026-04-11 13:13:57,477 [INFO] GetOnBoardScraper inicializado
2026-04-11 13:13:57,477 [INFO]   ✅ Queries del CV inyectadas en getonboard
2026-04-11 13:13:57,477 [INFO] ============================================================
2026-04-11 13:13:57,477 [INFO] INICIO DEL SCRAPING - GetOnBoard (API JSON)
2026-04-11 13:13:57,477 [INFO] Búsquedas: 14 | Páginas: 5
2026-04-11 13:13:57,477 [INFO] ============================================================
2026-04-11 13:13:57,477 [INFO] 
🔍 Buscando: '{'keyword': 'data-scientist', 'label': 'Data Scientist'}'
2026-04-11 13:13:57,477 [INFO]    Página 1/5
2026-04-11 13:14:02,337 [INFO]    → 8 items recibidos
2026-04-11 13:14:02,339 [ERROR] DB error: Error binding parameter 8: type 'dict' is not supported
2026-04-11 13:14:02,341 [ERROR] DB error: Error binding parameter 8: type 'dict' is not supported
2026-04-11 13:14:02,343 [ERROR] DB error: Error binding parameter 8: type 'dict' is not supported
2026-04-11 13:14:02,346 [ERROR] DB error: Error binding parameter 8: type 'dict' is not supported
2026-04-11 13:14:02,349 [ERROR] DB error: Error binding parameter 8: type 'dict' is not supported
2026-04-11 13:14:02,352 [ERROR] DB error: Error binding parameter 8: type 'dict' is not supported
2026-04-11 13:14:02,354 [ERROR] DB error: Error binding parameter 8: type 'dict' is not supported
2026-04-11 13:14:02,357 [ERROR] DB error: Error binding parameter 8: type 'dict' is not supported
2026-04-11 13:14:02,357 [INFO]    → 8 ofertas nuevas guardadas en esta página
2026-04-11 13:14:02,358 [INFO]    Página 2/5
2026-04-11 13:14:04,483 [INFO]    → 0 items recibidos
2026-04-11 13:14:04,484 [INFO]    → Sin más resultados.
2026-04-11 13:14:04,494 [INFO] Exportadas 8 ofertas a CSV: /media/carlos-a-cicconi/Common1/Repositorios-Ing.Carlos-Cicconi/Trabajo_Final_MCD/data/raw/getonboard_20260411.csv
2026-04-11 13:14:04,494 [INFO] ✅ '{'keyword': 'data-scientist', 'label': 'Data Scientist'}': 8 ofertas guardadas
2026-04-11 13:14:04,494 [INFO]    💤 Pausa: 6.4s
2026-04-11 13:14:10,860 [INFO] 
🔍 Buscando: '{'keyword': 'business-intelligence', 'label': 'BI / Analytics'}'
2026-04-11 13:14:10,860 [INFO]    Página 1/5
2026-04-11 13:14:13,087 [INFO]    → 8 items recibidos
2026-04-11 13:14:13,088 [INFO]    → 0 ofertas nuevas guardadas en esta página
2026-04-11 13:14:13,088 [INFO]    Página 2/5
2026-04-11 13:14:16,871 [INFO]    → 0 items recibidos
2026-04-11 13:14:16,871 [INFO]    → Sin más resultados.
2026-04-11 13:14:16,871 [INFO] ✅ '{'keyword': 'business-intelligence', 'label': 'BI / Analytics'}': 0 ofertas guardadas
2026-04-11 13:14:16,871 [INFO]    💤 Pausa: 4.6s
2026-04-11 13:14:21,428 [INFO] 
🔍 Buscando: '{'keyword': 'python', 'label': 'Python Developer'}'
2026-04-11 13:14:21,429 [INFO]    Página 1/5
2026-04-11 13:14:24,761 [INFO]    → 8 items recibidos
2026-04-11 13:14:24,761 [INFO]    → 0 ofertas nuevas guardadas en esta página
2026-04-11 13:14:24,761 [INFO]    Página 2/5
2026-04-11 13:14:27,931 [INFO]    → 0 items recibidos
2026-04-11 13:14:27,932 [INFO]    → Sin más resultados.
2026-04-11 13:14:27,932 [INFO] ✅ '{'keyword': 'python', 'label': 'Python Developer'}': 0 ofertas guardadas
2026-04-11 13:14:27,932 [INFO]    💤 Pausa: 7.0s
2026-04-11 13:14:34,970 [INFO] 
🔍 Buscando: '{'keyword': 'r', 'label': 'R Developer'}'
2026-04-11 13:14:34,971 [INFO]    Página 1/5
2026-04-11 13:14:37,355 [INFO]    → 8 items recibidos
2026-04-11 13:14:37,355 [INFO]    → 0 ofertas nuevas guardadas en esta página
2026-04-11 13:14:37,355 [INFO]    Página 2/5
2026-04-11 13:14:39,604 [INFO]    → 0 items recibidos
2026-04-11 13:14:39,604 [INFO]    → Sin más resultados.
2026-04-11 13:14:39,604 [INFO] ✅ '{'keyword': 'r', 'label': 'R Developer'}': 0 ofertas guardadas
2026-04-11 13:14:39,605 [INFO]    💤 Pausa: 8.0s
2026-04-11 13:14:47,570 [INFO] 
🔍 Buscando: '{'keyword': 'julia', 'label': 'Julia Developer'}'
2026-04-11 13:14:47,570 [INFO]    Página 1/5
2026-04-11 13:14:50,359 [INFO]    → 8 items recibidos
2026-04-11 13:14:50,359 [INFO]    → 0 ofertas nuevas guardadas en esta página
2026-04-11 13:14:50,360 [INFO]    Página 2/5
2026-04-11 13:14:52,506 [INFO]    → 0 items recibidos
2026-04-11 13:14:52,506 [INFO]    → Sin más resultados.
2026-04-11 13:14:52,506 [INFO] ✅ '{'keyword': 'julia', 'label': 'Julia Developer'}': 0 ofertas guardadas
2026-04-11 13:14:52,507 [INFO]    💤 Pausa: 7.3s
2026-04-11 13:14:59,823 [INFO] 
🔍 Buscando: '{'keyword': 'control-de-gestion', 'label': 'Control de Gestión'}'
2026-04-11 13:14:59,824 [INFO]    Página 1/5
2026-04-11 13:15:02,850 [INFO]    → 8 items recibidos
2026-04-11 13:15:02,851 [INFO]    → 0 ofertas nuevas guardadas en esta página
2026-04-11 13:15:02,851 [INFO]    Página 2/5
2026-04-11 13:15:05,714 [INFO]    → 0 items recibidos
2026-04-11 13:15:05,714 [INFO]    → Sin más resultados.
2026-04-11 13:15:05,715 [INFO] ✅ '{'keyword': 'control-de-gestion', 'label': 'Control de Gestión'}': 0 ofertas guardadas
2026-04-11 13:15:05,715 [INFO]    💤 Pausa: 6.3s
2026-04-11 13:15:12,032 [INFO] 
🔍 Buscando: '{'keyword': 'consultor', 'label': 'Consultor'}'
2026-04-11 13:15:12,032 [INFO]    Página 1/5
2026-04-11 13:15:14,524 [INFO]    → 8 items recibidos
2026-04-11 13:15:14,524 [INFO]    → 0 ofertas nuevas guardadas en esta página
2026-04-11 13:15:14,525 [INFO]    Página 2/5
2026-04-11 13:15:18,001 [INFO]    → 0 items recibidos
2026-04-11 13:15:18,002 [INFO]    → Sin más resultados.
2026-04-11 13:15:18,002 [INFO] ✅ '{'keyword': 'consultor', 'label': 'Consultor'}': 0 ofertas guardadas
2026-04-11 13:15:18,003 [INFO]    💤 Pausa: 5.8s
2026-04-11 13:15:23,788 [INFO] 
🔍 Buscando: '{'keyword': 'gerente-operaciones', 'label': 'Gerente de Operaciones'}'
2026-04-11 13:15:23,789 [INFO]    Página 1/5
2026-04-11 13:15:27,629 [INFO]    → 8 items recibidos
2026-04-11 13:15:27,629 [INFO]    → 0 ofertas nuevas guardadas en esta página
2026-04-11 13:15:27,629 [INFO]    Página 2/5
2026-04-11 13:15:30,289 [INFO]    → 0 items recibidos
2026-04-11 13:15:30,289 [INFO]    → Sin más resultados.
2026-04-11 13:15:30,290 [INFO] ✅ '{'keyword': 'gerente-operaciones', 'label': 'Gerente de Operaciones'}': 0 ofertas guardadas
2026-04-11 13:15:30,290 [INFO]    💤 Pausa: 7.4s
2026-04-11 13:15:37,695 [INFO] 
🔍 Buscando: '{'keyword': 'compras', 'label': 'Compras / Procurement'}'
2026-04-11 13:15:37,696 [INFO]    Página 1/5
2026-04-11 13:15:40,838 [INFO]    → 8 items recibidos
2026-04-11 13:15:40,838 [INFO]    → 0 ofertas nuevas guardadas en esta página
2026-04-11 13:15:40,838 [INFO]    Página 2/5
2026-04-11 13:15:43,086 [INFO]    → 0 items recibidos
2026-04-11 13:15:43,086 [INFO]    → Sin más resultados.
2026-04-11 13:15:43,086 [INFO] ✅ '{'keyword': 'compras', 'label': 'Compras / Procurement'}': 0 ofertas guardadas
2026-04-11 13:15:43,086 [INFO]    💤 Pausa: 5.7s
2026-04-11 13:15:48,802 [INFO] 
🔍 Buscando: '{'keyword': 'ingeniero-industrial', 'label': 'Ingeniero Industrial'}'
2026-04-11 13:15:48,802 [INFO]    Página 1/5
2026-04-11 13:15:52,040 [INFO]    → 8 items recibidos
2026-04-11 13:15:52,040 [INFO]    → 0 ofertas nuevas guardadas en esta página
2026-04-11 13:15:52,041 [INFO]    Página 2/5
2026-04-11 13:15:54,249 [INFO]    → 0 items recibidos
2026-04-11 13:15:54,249 [INFO]    → Sin más resultados.
2026-04-11 13:15:54,250 [INFO] ✅ '{'keyword': 'ingeniero-industrial', 'label': 'Ingeniero Industrial'}': 0 ofertas guardadas
2026-04-11 13:15:54,250 [INFO]    💤 Pausa: 7.4s
2026-04-11 13:16:01,689 [INFO] 
🔍 Buscando: '{'keyword': 'finanzas', 'label': 'Finanzas / CAPEX'}'
2026-04-11 13:16:01,689 [INFO]    Página 1/5
2026-04-11 13:16:04,389 [INFO]    → 8 items recibidos
2026-04-11 13:16:04,390 [INFO]    → 0 ofertas nuevas guardadas en esta página
2026-04-11 13:16:04,390 [INFO]    Página 2/5
2026-04-11 13:16:06,946 [INFO]    → 0 items recibidos
2026-04-11 13:16:06,946 [INFO]    → Sin más resultados.
2026-04-11 13:16:06,946 [INFO] ✅ '{'keyword': 'finanzas', 'label': 'Finanzas / CAPEX'}': 0 ofertas guardadas
2026-04-11 13:16:06,947 [INFO]    💤 Pausa: 5.6s
2026-04-11 13:16:12,550 [INFO] 
🔍 Buscando: '{'keyword': 'sap', 'label': 'SAP'}'
2026-04-11 13:16:12,551 [INFO]    Página 1/5
2026-04-11 13:16:15,447 [INFO]    → 8 items recibidos
2026-04-11 13:16:15,447 [INFO]    → 0 ofertas nuevas guardadas en esta página
2026-04-11 13:16:15,447 [INFO]    Página 2/5
2026-04-11 13:16:17,836 [INFO]    → 0 items recibidos
2026-04-11 13:16:17,836 [INFO]    → Sin más resultados.
2026-04-11 13:16:17,836 [INFO] ✅ '{'keyword': 'sap', 'label': 'SAP'}': 0 ofertas guardadas
2026-04-11 13:16:17,836 [INFO]    💤 Pausa: 6.4s
2026-04-11 13:16:24,202 [INFO] 
🔍 Buscando: '{'keyword': 'excel', 'label': 'Excel / VBA'}'
2026-04-11 13:16:24,203 [INFO]    Página 1/5
2026-04-11 13:16:27,837 [INFO]    → 8 items recibidos
2026-04-11 13:16:27,837 [INFO]    → 0 ofertas nuevas guardadas en esta página
2026-04-11 13:16:27,837 [INFO]    Página 2/5
2026-04-11 13:16:31,320 [INFO]    → 0 items recibidos
2026-04-11 13:16:31,321 [INFO]    → Sin más resultados.
2026-04-11 13:16:31,321 [INFO] ✅ '{'keyword': 'excel', 'label': 'Excel / VBA'}': 0 ofertas guardadas
2026-04-11 13:16:31,321 [INFO]    💤 Pausa: 5.9s
2026-04-11 13:16:37,236 [INFO] 
🔍 Buscando: '{'keyword': 'automatizacion', 'label': 'Google Apps Script'}'
2026-04-11 13:16:37,237 [INFO]    Página 1/5
2026-04-11 13:16:39,305 [INFO]    → 8 items recibidos
2026-04-11 13:16:39,306 [INFO]    → 0 ofertas nuevas guardadas en esta página
2026-04-11 13:16:39,306 [INFO]    Página 2/5
2026-04-11 13:16:42,160 [INFO]    → 0 items recibidos
2026-04-11 13:16:42,160 [INFO]    → Sin más resultados.
2026-04-11 13:16:42,161 [INFO] ✅ '{'keyword': 'automatizacion', 'label': 'Google Apps Script'}': 0 ofertas guardadas
2026-04-11 13:16:42,161 [INFO]    💤 Pausa: 6.3s
2026-04-11 13:16:48,422 [INFO] 
============================================================
2026-04-11 13:16:48,423 [INFO] SCRAPING FINALIZADO - GetOnBoard
2026-04-11 13:16:48,423 [INFO] Total ofertas únicas: 8
2026-04-11 13:16:48,424 [INFO] DB : /media/carlos-a-cicconi/Common1/Repositorios-Ing.Carlos-Cicconi/Trabajo_Final_MCD/data/raw/ofertas_getonboard.db
2026-04-11 13:16:48,424 [INFO] CSV: /media/carlos-a-cicconi/Common1/Repositorios-Ing.Carlos-Cicconi/Trabajo_Final_MCD/data/raw/getonboard_20260411.csv
2026-04-11 13:16:48,424 [INFO] Log: /media/carlos-a-cicconi/Common1/Repositorios-Ing.Carlos-Cicconi/Trabajo_Final_MCD/logs/getonboard_scraper_20260411_131357.log
2026-04-11 13:16:48,425 [INFO] ============================================================
2026-04-11 13:16:48,434 [INFO]   ✅ getonboard: 8 ofertas recopiladas
2026-04-11 13:16:48,435 [INFO] 
============================================================
2026-04-11 13:16:48,435 [INFO]   EJECUTANDO: bumeran (BumeranScraper)
2026-04-11 13:16:48,436 [INFO]   Queries: desde CV (42 búsquedas)
2026-04-11 13:16:48,436 [INFO] ============================================================
2026-04-11 13:16:48,535 [INFO] Base de datos lista: /media/carlos-a-cicconi/Common1/Repositorios-Ing.Carlos-Cicconi/Trabajo_Final_MCD/data/raw/ofertas_bumeran.db
2026-04-11 13:16:48,535 [INFO] BumeranScraper (Playwright) inicializado
2026-04-11 13:16:48,535 [INFO]   ✅ Queries del CV inyectadas en bumeran
2026-04-11 13:16:49,253 [INFO] Inicializando sesión en Bumeran...
2026-04-11 13:17:06,128 [INFO] 
🔍 Buscando: 'Data Scientist'
2026-04-11 13:17:06,128 [INFO]    Página 1/5 → https://www.bumeran.com.ar/empleos-busqueda-data-scientist.html
2026-04-11 13:17:15,114 [INFO]    → 3 ofertas encontradas
2026-04-11 13:17:41,181 [INFO]    Página 2/5 → https://www.bumeran.com.ar/empleos-busqueda-data-scientist.html?page=2
2026-04-11 13:18:03,020 [INFO]    → 0 ofertas encontradas
2026-04-11 13:18:03,020 [INFO]    → Sin más resultados.
2026-04-11 13:18:03,027 [INFO] Exportadas 3 ofertas → /media/carlos-a-cicconi/Common1/Repositorios-Ing.Carlos-Cicconi/Trabajo_Final_MCD/data/raw/bumeran_20260411.csv
2026-04-11 13:18:03,027 [INFO] ✅ 'Data Scientist': 3 ofertas guardadas
2026-04-11 13:18:03,027 [INFO]    💤 Pausa: 10.9s
2026-04-11 13:18:13,966 [INFO] 
🔍 Buscando: 'BI / Analytics'
2026-04-11 13:18:13,966 [INFO]    Página 1/5 → https://www.bumeran.com.ar/empleos-busqueda-business-intelligence.html
2026-04-11 13:18:22,260 [INFO]    → 3 ofertas encontradas
2026-04-11 13:18:45,233 [INFO]    Página 2/5 → https://www.bumeran.com.ar/empleos-busqueda-business-intelligence.html?page=2
2026-04-11 13:19:05,376 [INFO]    → 0 ofertas encontradas
2026-04-11 13:19:05,377 [INFO]    → Sin más resultados.
2026-04-11 13:19:05,377 [INFO] Exportadas 3 ofertas → /media/carlos-a-cicconi/Common1/Repositorios-Ing.Carlos-Cicconi/Trabajo_Final_MCD/data/raw/bumeran_20260411.csv
2026-04-11 13:19:05,378 [INFO] ✅ 'BI / Analytics': 3 ofertas guardadas
2026-04-11 13:19:05,378 [INFO]    💤 Pausa: 12.3s
2026-04-11 13:19:17,730 [INFO] 
🔍 Buscando: 'Python Developer'
2026-04-11 13:19:17,730 [INFO]    Página 1/5 → https://www.bumeran.com.ar/empleos-busqueda-python.html
2026-04-11 13:19:28,407 [INFO]    → 8 ofertas encontradas
2026-04-11 13:20:38,108 [INFO]    Página 2/5 → https://www.bumeran.com.ar/empleos-busqueda-python.html?page=2
2026-04-11 13:20:58,990 [INFO]    → 0 ofertas encontradas
2026-04-11 13:20:58,990 [INFO]    → Sin más resultados.
2026-04-11 13:20:58,991 [INFO] Exportadas 8 ofertas → /media/carlos-a-cicconi/Common1/Repositorios-Ing.Carlos-Cicconi/Trabajo_Final_MCD/data/raw/bumeran_20260411.csv
2026-04-11 13:20:58,991 [INFO] ✅ 'Python Developer': 8 ofertas guardadas
2026-04-11 13:20:58,991 [INFO]    💤 Pausa: 11.4s
2026-04-11 13:21:10,391 [INFO] 
🔍 Buscando: 'R Developer'
2026-04-11 13:21:10,391 [INFO]    Página 1/5 → https://www.bumeran.com.ar/empleos-busqueda-r.html
2026-04-11 13:21:32,555 [INFO]    → 0 ofertas encontradas
2026-04-11 13:21:32,555 [INFO]    → Sin más resultados.
2026-04-11 13:21:32,555 [INFO] ✅ 'R Developer': 0 ofertas guardadas
2026-04-11 13:21:32,556 [INFO]    💤 Pausa: 13.0s
2026-04-11 13:21:45,519 [INFO] 
🔍 Buscando: 'Julia Developer'
2026-04-11 13:21:45,519 [INFO]    Página 1/5 → https://www.bumeran.com.ar/empleos-busqueda-julia.html
2026-04-11 13:21:54,529 [INFO]    → 3 ofertas encontradas
2026-04-11 13:22:20,910 [INFO]    Página 2/5 → https://www.bumeran.com.ar/empleos-busqueda-julia.html?page=2
2026-04-11 13:22:41,669 [INFO]    → 0 ofertas encontradas
2026-04-11 13:22:41,669 [INFO]    → Sin más resultados.
2026-04-11 13:22:41,670 [INFO] Exportadas 3 ofertas → /media/carlos-a-cicconi/Common1/Repositorios-Ing.Carlos-Cicconi/Trabajo_Final_MCD/data/raw/bumeran_20260411.csv
2026-04-11 13:22:41,671 [INFO] ✅ 'Julia Developer': 3 ofertas guardadas
2026-04-11 13:22:41,671 [INFO]    💤 Pausa: 12.9s
2026-04-11 13:22:54,610 [INFO] 
🔍 Buscando: 'Control de Gestión'
2026-04-11 13:22:54,610 [INFO]    Página 1/5 → https://www.bumeran.com.ar/empleos-busqueda-control-de-gestion.html
2026-04-11 13:23:06,002 [INFO]    → 20 ofertas encontradas
2026-04-11 13:25:50,023 [INFO]    Página 2/5 → https://www.bumeran.com.ar/empleos-busqueda-control-de-gestion.html?page=2
2026-04-11 13:25:59,429 [INFO]    → 20 ofertas encontradas
2026-04-11 13:28:46,218 [INFO]    Página 3/5 → https://www.bumeran.com.ar/empleos-busqueda-control-de-gestion.html?page=3
2026-04-11 13:28:57,436 [INFO]    → 1 ofertas encontradas
2026-04-11 13:29:06,462 [INFO]    Página 4/5 → https://www.bumeran.com.ar/empleos-busqueda-control-de-gestion.html?page=4
2026-04-11 13:29:27,254 [INFO]    → 0 ofertas encontradas
2026-04-11 13:29:27,254 [INFO]    → Sin más resultados.
2026-04-11 13:29:27,257 [INFO] Exportadas 41 ofertas → /media/carlos-a-cicconi/Common1/Repositorios-Ing.Carlos-Cicconi/Trabajo_Final_MCD/data/raw/bumeran_20260411.csv
2026-04-11 13:29:27,257 [INFO] ✅ 'Control de Gestión': 41 ofertas guardadas
2026-04-11 13:29:27,257 [INFO]    💤 Pausa: 7.4s
2026-04-11 13:29:34,705 [INFO] 
🔍 Buscando: 'Consultor'
2026-04-11 13:29:34,705 [INFO]    Página 1/5 → https://www.bumeran.com.ar/empleos-busqueda-consultor.html
2026-04-11 13:29:43,202 [INFO]    → 20 ofertas encontradas
2026-04-11 13:32:39,275 [INFO]    Página 2/5 → https://www.bumeran.com.ar/empleos-busqueda-consultor.html?page=2
2026-04-11 13:32:48,962 [INFO]    → 20 ofertas encontradas
2026-04-11 13:35:35,078 [INFO]    Página 3/5 → https://www.bumeran.com.ar/empleos-busqueda-consultor.html?page=3
2026-04-11 13:35:43,978 [INFO]    → 20 ofertas encontradas
2026-04-11 13:38:32,180 [INFO]    Página 4/5 → https://www.bumeran.com.ar/empleos-busqueda-consultor.html?page=4
2026-04-11 13:38:41,101 [INFO]    → 20 ofertas encontradas
2026-04-11 13:41:38,911 [INFO]    Página 5/5 → https://www.bumeran.com.ar/empleos-busqueda-consultor.html?page=5
2026-04-11 13:41:50,123 [INFO]    → 19 ofertas encontradas
2026-04-11 13:44:26,465 [INFO] Exportadas 99 ofertas → /media/carlos-a-cicconi/Common1/Repositorios-Ing.Carlos-Cicconi/Trabajo_Final_MCD/data/raw/bumeran_20260411.csv
2026-04-11 13:44:26,465 [INFO] ✅ 'Consultor': 99 ofertas guardadas
2026-04-11 13:44:26,465 [INFO]    💤 Pausa: 12.1s
2026-04-11 13:44:38,535 [INFO] 
🔍 Buscando: 'Gerente de Operaciones'
2026-04-11 13:44:38,536 [INFO]    Página 1/5 → https://www.bumeran.com.ar/empleos-busqueda-gerente-operaciones.html
2026-04-11 13:44:49,472 [INFO]    → 16 ofertas encontradas
2026-04-11 13:47:06,379 [INFO]    Página 2/5 → https://www.bumeran.com.ar/empleos-busqueda-gerente-operaciones.html?page=2
2026-04-11 13:47:26,295 [INFO]    → 0 ofertas encontradas
2026-04-11 13:47:26,295 [INFO]    → Sin más resultados.
2026-04-11 13:47:26,296 [INFO] Exportadas 16 ofertas → /media/carlos-a-cicconi/Common1/Repositorios-Ing.Carlos-Cicconi/Trabajo_Final_MCD/data/raw/bumeran_20260411.csv
2026-04-11 13:47:26,296 [INFO] ✅ 'Gerente de Operaciones': 16 ofertas guardadas
2026-04-11 13:47:26,297 [INFO]    💤 Pausa: 8.5s
2026-04-11 13:47:34,848 [INFO] 
🔍 Buscando: 'Compras / Procurement'
2026-04-11 13:47:34,848 [INFO]    Página 1/5 → https://www.bumeran.com.ar/empleos-busqueda-compras.html
2026-04-11 13:47:44,627 [INFO]    → 17 ofertas encontradas
2026-04-11 13:50:07,520 [INFO]    Página 2/5 → https://www.bumeran.com.ar/empleos-busqueda-compras.html?page=2
2026-04-11 13:50:17,869 [INFO]    → 20 ofertas encontradas
2026-04-11 13:53:11,051 [INFO]    Página 3/5 → https://www.bumeran.com.ar/empleos-busqueda-compras.html?page=3
2026-04-11 13:53:21,903 [INFO]    → 20 ofertas encontradas
2026-04-11 13:56:13,879 [INFO]    Página 4/5 → https://www.bumeran.com.ar/empleos-busqueda-compras.html?page=4
2026-04-11 13:56:23,841 [INFO]    → 20 ofertas encontradas
2026-04-11 13:59:15,750 [INFO]    Página 5/5 → https://www.bumeran.com.ar/empleos-busqueda-compras.html?page=5
2026-04-11 13:59:27,555 [INFO]    → 20 ofertas encontradas
2026-04-11 14:02:14,276 [INFO] Exportadas 97 ofertas → /media/carlos-a-cicconi/Common1/Repositorios-Ing.Carlos-Cicconi/Trabajo_Final_MCD/data/raw/bumeran_20260411.csv
2026-04-11 14:02:14,276 [INFO] ✅ 'Compras / Procurement': 97 ofertas guardadas
2026-04-11 14:02:14,276 [INFO]    💤 Pausa: 7.1s
2026-04-11 14:02:21,388 [INFO] 
🔍 Buscando: 'Ingeniero Industrial'
2026-04-11 14:02:21,388 [INFO]    Página 1/5 → https://www.bumeran.com.ar/empleos-busqueda-ingeniero-industrial.html
2026-04-11 14:02:31,938 [INFO]    → 15 ofertas encontradas
2026-04-11 14:04:39,690 [INFO]    Página 2/5 → https://www.bumeran.com.ar/empleos-busqueda-ingeniero-industrial.html?page=2
2026-04-11 14:05:01,957 [INFO]    → 0 ofertas encontradas
2026-04-11 14:05:01,957 [INFO]    → Sin más resultados.
2026-04-11 14:05:01,958 [INFO] Exportadas 15 ofertas → /media/carlos-a-cicconi/Common1/Repositorios-Ing.Carlos-Cicconi/Trabajo_Final_MCD/data/raw/bumeran_20260411.csv
2026-04-11 14:05:01,958 [INFO] ✅ 'Ingeniero Industrial': 15 ofertas guardadas
2026-04-11 14:05:01,958 [INFO]    💤 Pausa: 7.3s
2026-04-11 14:05:09,303 [INFO] 
🔍 Buscando: 'Finanzas / CAPEX'
2026-04-11 14:05:09,304 [INFO]    Página 1/5 → https://www.bumeran.com.ar/empleos-busqueda-finanzas.html
2026-04-11 14:05:18,831 [INFO]    → 20 ofertas encontradas
2026-04-11 14:08:13,112 [INFO]    Página 2/5 → https://www.bumeran.com.ar/empleos-busqueda-finanzas.html?page=2
2026-04-11 14:08:24,742 [INFO]    → 20 ofertas encontradas
2026-04-11 14:11:13,699 [INFO]    Página 3/5 → https://www.bumeran.com.ar/empleos-busqueda-finanzas.html?page=3
2026-04-11 14:11:22,624 [INFO]    → 20 ofertas encontradas
2026-04-11 14:14:08,007 [INFO]    Página 4/5 → https://www.bumeran.com.ar/empleos-busqueda-finanzas.html?page=4
2026-04-11 14:14:17,679 [INFO]    → 6 ofertas encontradas
2026-04-11 14:15:07,608 [INFO]    Página 5/5 → https://www.bumeran.com.ar/empleos-busqueda-finanzas.html?page=5
2026-04-11 14:15:29,099 [INFO]    → 0 ofertas encontradas
2026-04-11 14:15:29,099 [INFO]    → Sin más resultados.
2026-04-11 14:15:29,103 [INFO] Exportadas 66 ofertas → /media/carlos-a-cicconi/Common1/Repositorios-Ing.Carlos-Cicconi/Trabajo_Final_MCD/data/raw/bumeran_20260411.csv
2026-04-11 14:15:29,103 [INFO] ✅ 'Finanzas / CAPEX': 66 ofertas guardadas
2026-04-11 14:15:29,103 [INFO]    💤 Pausa: 10.3s
2026-04-11 14:15:39,387 [INFO] 
🔍 Buscando: 'SAP'
2026-04-11 14:15:39,387 [INFO]    Página 1/5 → https://www.bumeran.com.ar/empleos-busqueda-sap.html
2026-04-11 14:15:50,974 [INFO]    → 14 ofertas encontradas
2026-04-11 14:17:49,586 [INFO]    Página 2/5 → https://www.bumeran.com.ar/empleos-busqueda-sap.html?page=2
2026-04-11 14:17:58,256 [INFO]    → 10 ofertas encontradas
2026-04-11 14:19:21,387 [INFO]    Página 3/5 → https://www.bumeran.com.ar/empleos-busqueda-sap.html?page=3
2026-04-11 14:19:42,682 [INFO]    → 0 ofertas encontradas
2026-04-11 14:19:42,682 [INFO]    → Sin más resultados.
2026-04-11 14:19:42,685 [INFO] Exportadas 24 ofertas → /media/carlos-a-cicconi/Common1/Repositorios-Ing.Carlos-Cicconi/Trabajo_Final_MCD/data/raw/bumeran_20260411.csv
2026-04-11 14:19:42,685 [INFO] ✅ 'SAP': 24 ofertas guardadas
2026-04-11 14:19:42,685 [INFO]    💤 Pausa: 11.3s
2026-04-11 14:19:54,038 [INFO] 
🔍 Buscando: 'Excel / VBA'
2026-04-11 14:19:54,039 [INFO]    Página 1/5 → https://www.bumeran.com.ar/empleos-busqueda-excel.html
2026-04-11 14:20:05,133 [INFO]    → 8 ofertas encontradas
2026-04-11 14:21:12,201 [INFO]    Página 2/5 → https://www.bumeran.com.ar/empleos-busqueda-excel.html?page=2
2026-04-11 14:21:33,932 [INFO]    → 0 ofertas encontradas
2026-04-11 14:21:33,933 [INFO]    → Sin más resultados.
2026-04-11 14:21:33,933 [INFO] Exportadas 8 ofertas → /media/carlos-a-cicconi/Common1/Repositorios-Ing.Carlos-Cicconi/Trabajo_Final_MCD/data/raw/bumeran_20260411.csv
2026-04-11 14:21:33,933 [INFO] ✅ 'Excel / VBA': 8 ofertas guardadas
2026-04-11 14:21:33,933 [INFO]    💤 Pausa: 10.5s
2026-04-11 14:21:44,405 [INFO] 
🔍 Buscando: 'Google Apps Script'
2026-04-11 14:21:44,406 [INFO]    Página 1/5 → https://www.bumeran.com.ar/empleos-busqueda-automatizacion.html
2026-04-11 14:21:53,604 [INFO]    → 19 ofertas encontradas
2026-04-11 14:24:36,956 [INFO]    Página 2/5 → https://www.bumeran.com.ar/empleos-busqueda-automatizacion.html?page=2
2026-04-11 14:24:46,797 [INFO]    → 5 ofertas encontradas
2026-04-11 14:25:24,020 [INFO]    Página 3/5 → https://www.bumeran.com.ar/empleos-busqueda-automatizacion.html?page=3
2026-04-11 14:25:44,335 [INFO]    → 0 ofertas encontradas
2026-04-11 14:25:44,335 [INFO]    → Sin más resultados.
2026-04-11 14:25:44,337 [INFO] Exportadas 24 ofertas → /media/carlos-a-cicconi/Common1/Repositorios-Ing.Carlos-Cicconi/Trabajo_Final_MCD/data/raw/bumeran_20260411.csv
2026-04-11 14:25:44,337 [INFO] ✅ 'Google Apps Script': 24 ofertas guardadas
2026-04-11 14:25:44,337 [INFO]    💤 Pausa: 8.5s
2026-04-11 14:25:52,936 [INFO] 
============================================================
2026-04-11 14:25:52,936 [INFO] SCRAPING FINALIZADO - Bumeran Argentina
2026-04-11 14:25:52,936 [INFO] Total ofertas únicas: 407
2026-04-11 14:25:52,937 [INFO] DB : /media/carlos-a-cicconi/Common1/Repositorios-Ing.Carlos-Cicconi/Trabajo_Final_MCD/data/raw/ofertas_bumeran.db
2026-04-11 14:25:52,937 [INFO] CSV: /media/carlos-a-cicconi/Common1/Repositorios-Ing.Carlos-Cicconi/Trabajo_Final_MCD/data/raw/bumeran_20260411.csv
2026-04-11 14:25:52,937 [INFO] Log: /media/carlos-a-cicconi/Common1/Repositorios-Ing.Carlos-Cicconi/Trabajo_Final_MCD/logs/bumeran_scraper_20260411_131648.log
2026-04-11 14:25:52,937 [INFO] ============================================================
2026-04-11 14:25:52,937 [INFO]   ✅ bumeran: 407 ofertas recopiladas
2026-04-11 14:25:52,937 [INFO] 
============================================================
2026-04-11 14:25:52,937 [INFO]   EJECUTANDO: zonajobs (ZonaJobsScraper)
2026-04-11 14:25:52,938 [INFO]   Queries: desde CV (42 búsquedas)
2026-04-11 14:25:52,938 [INFO] ============================================================
2026-04-11 14:25:52,940 [INFO] Base de datos lista: /media/carlos-a-cicconi/Common1/Repositorios-Ing.Carlos-Cicconi/Trabajo_Final_MCD/data/raw/ofertas_zonajobs.db
2026-04-11 14:25:52,940 [INFO] ZonaJobsScraper (Playwright) inicializado
2026-04-11 14:25:52,940 [INFO]   ✅ Queries del CV inyectadas en zonajobs
2026-04-11 14:25:53,619 [INFO] Inicializando sesión en ZonaJobs...
2026-04-11 14:25:59,667 [INFO] 
🔍 Buscando: 'Data Scientist'
2026-04-11 14:25:59,667 [INFO]    Página 1/5 → https://www.zonajobs.com.ar/empleos-busqueda-data-scientist.html
2026-04-11 14:26:10,029 [INFO]    → 3 ofertas encontradas
2026-04-11 14:26:34,773 [INFO]    Página 2/5 → https://www.zonajobs.com.ar/empleos-busqueda-data-scientist.html?page=2
2026-04-11 14:26:56,675 [WARNING]    ⚠️  Sin ofertas. HTML guardado: zonajobs_rendered_Data_Scientist.html
2026-04-11 14:26:56,675 [INFO]    → 0 ofertas encontradas
2026-04-11 14:26:56,675 [INFO]    → Sin más resultados.
2026-04-11 14:26:56,677 [INFO] Exportadas 3 ofertas → /media/carlos-a-cicconi/Common1/Repositorios-Ing.Carlos-Cicconi/Trabajo_Final_MCD/data/raw/zonajobs_20260411.csv
2026-04-11 14:26:56,677 [INFO] ✅ 'Data Scientist': 3 ofertas guardadas
2026-04-11 14:26:56,677 [INFO]    💤 Pausa: 10.5s
2026-04-11 14:27:07,142 [INFO] 
🔍 Buscando: 'BI / Analytics'
2026-04-11 14:27:07,142 [INFO]    Página 1/5 → https://www.zonajobs.com.ar/empleos-busqueda-business-intelligence.html
2026-04-11 14:27:16,185 [INFO]    → 3 ofertas encontradas
2026-04-11 14:27:43,566 [INFO]    Página 2/5 → https://www.zonajobs.com.ar/empleos-busqueda-business-intelligence.html?page=2
2026-04-11 14:28:04,012 [ERROR]   ❌ zonajobs falló: [Errno 2] No such file or directory: '/media/carlos-a-cicconi/Common1/Repositorios-Ing.Carlos-Cicconi/Trabajo_Final_MCD/data/raw/diagnostico/zonajobs_rendered_BI_/_Analytics.html'
2026-04-11 14:28:04,014 [INFO] 
============================================================
2026-04-11 14:28:04,014 [INFO]   EJECUTANDO: workana (WorkanaScraper)
2026-04-11 14:28:04,014 [INFO]   Queries: desde CV (42 búsquedas)
2026-04-11 14:28:04,015 [INFO] ============================================================
2026-04-11 14:28:04,017 [INFO] Base de datos lista: /media/carlos-a-cicconi/Common1/Repositorios-Ing.Carlos-Cicconi/Trabajo_Final_MCD/data/raw/ofertas_workana.db
2026-04-11 14:28:04,017 [INFO] WorkanaScraper (Playwright) inicializado
2026-04-11 14:28:04,017 [INFO]   ✅ Queries del CV inyectadas en workana
2026-04-11 14:28:04,686 [INFO] Inicializando sesión en Workana...
2026-04-11 14:28:21,469 [INFO] 
🔍 Buscando: 'Data Scientist'
2026-04-11 14:28:21,469 [INFO]    Página 1/5 → https://www.workana.com/jobs?category=it-programming&language=es&country=AR&search=data+scientist&page=1
2026-04-11 14:28:30,726 [INFO]    → 8 ofertas nuevas encontradas
2026-04-11 14:30:58,855 [INFO]    Página 2/5 → https://www.workana.com/jobs?category=it-programming&language=es&country=AR&search=data+scientist&page=2
2026-04-11 14:31:07,482 [INFO]    → 7 ofertas nuevas encontradas
2026-04-11 14:33:17,261 [INFO]    Página 3/5 → https://www.workana.com/jobs?category=it-programming&language=es&country=AR&search=data+scientist&page=3
2026-04-11 14:33:27,059 [INFO]    → 7 ofertas nuevas encontradas
2026-04-11 14:35:37,759 [INFO]    Página 4/5 → https://www.workana.com/jobs?category=it-programming&language=es&country=AR&search=data+scientist&page=4
2026-04-11 14:35:46,298 [INFO]    → 7 ofertas nuevas encontradas
2026-04-11 14:37:58,932 [INFO]    Página 5/5 → https://www.workana.com/jobs?category=it-programming&language=es&country=AR&search=data+scientist&page=5
2026-04-11 14:38:08,426 [INFO]    → 7 ofertas nuevas encontradas
2026-04-11 14:40:20,594 [INFO] Exportadas 36 ofertas → /media/carlos-a-cicconi/Common1/Repositorios-Ing.Carlos-Cicconi/Trabajo_Final_MCD/data/raw/workana_20260411.csv
2026-04-11 14:40:20,594 [INFO] ✅ 'Data Scientist': 36 ofertas guardadas
2026-04-11 14:40:20,595 [INFO]    💤 Pausa: 8.7s
2026-04-11 14:40:29,306 [INFO] 
🔍 Buscando: 'Data Scientist (Remoto AR)'
2026-04-11 14:40:29,307 [INFO]    Página 1/5 → https://www.workana.com/jobs?category=it-programming&language=es&country=AR&search=data+scientist&page=1
2026-04-11 14:40:38,796 [WARNING]    ⚠️  Sin ofertas parseadas.
2026-04-11 14:40:38,797 [INFO]    → 0 ofertas nuevas encontradas
2026-04-11 14:40:38,797 [INFO]    → Sin más resultados.
2026-04-11 14:40:38,797 [INFO] ✅ 'Data Scientist (Remoto AR)': 0 ofertas guardadas
2026-04-11 14:40:38,797 [INFO]    💤 Pausa: 10.1s
2026-04-11 14:40:48,863 [INFO] 
🔍 Buscando: 'Data Scientist (Remoto)'
2026-04-11 14:40:48,864 [INFO]    Página 1/5 → https://www.workana.com/jobs?category=it-programming&language=es&country=AR&search=data+scientist&page=1
2026-04-11 14:40:58,155 [WARNING]    ⚠️  Sin ofertas parseadas.
2026-04-11 14:40:58,155 [INFO]    → 0 ofertas nuevas encontradas
2026-04-11 14:40:58,156 [INFO]    → Sin más resultados.
2026-04-11 14:40:58,156 [INFO] ✅ 'Data Scientist (Remoto)': 0 ofertas guardadas
2026-04-11 14:40:58,156 [INFO]    💤 Pausa: 9.0s
2026-04-11 14:41:07,137 [INFO] 
🔍 Buscando: 'BI / Analytics'
2026-04-11 14:41:07,138 [INFO]    Página 1/5 → https://www.workana.com/jobs?category=it-programming&language=es&country=AR&search=business+intelligence&page=1
2026-04-11 14:41:17,057 [WARNING]    ⚠️  Sin ofertas parseadas.
2026-04-11 14:41:17,057 [INFO]    → 0 ofertas nuevas encontradas
2026-04-11 14:41:17,057 [INFO]    → Sin más resultados.
2026-04-11 14:41:17,058 [INFO] ✅ 'BI / Analytics': 0 ofertas guardadas
2026-04-11 14:41:17,058 [INFO]    💤 Pausa: 9.7s
2026-04-11 14:41:26,720 [INFO] 
🔍 Buscando: 'BI / Analytics (Remoto AR)'
2026-04-11 14:41:26,720 [INFO]    Página 1/5 → https://www.workana.com/jobs?category=it-programming&language=es&country=AR&search=business+intelligence&page=1
2026-04-11 14:41:35,830 [WARNING]    ⚠️  Sin ofertas parseadas.
2026-04-11 14:41:35,830 [INFO]    → 0 ofertas nuevas encontradas
2026-04-11 14:41:35,830 [INFO]    → Sin más resultados.
2026-04-11 14:41:35,830 [INFO] ✅ 'BI / Analytics (Remoto AR)': 0 ofertas guardadas
2026-04-11 14:41:35,830 [INFO]    💤 Pausa: 10.7s
2026-04-11 14:41:46,584 [INFO] 
🔍 Buscando: 'BI / Analytics (Remoto)'
2026-04-11 14:41:46,585 [INFO]    Página 1/5 → https://www.workana.com/jobs?category=it-programming&language=es&country=AR&search=business+intelligence&page=1
2026-04-11 14:41:54,798 [WARNING]    ⚠️  Sin ofertas parseadas.
2026-04-11 14:41:54,798 [INFO]    → 0 ofertas nuevas encontradas
2026-04-11 14:41:54,799 [INFO]    → Sin más resultados.
2026-04-11 14:41:54,799 [INFO] ✅ 'BI / Analytics (Remoto)': 0 ofertas guardadas
2026-04-11 14:41:54,799 [INFO]    💤 Pausa: 7.2s
2026-04-11 14:42:02,047 [INFO] 
🔍 Buscando: 'Python Developer'
2026-04-11 14:42:02,047 [INFO]    Página 1/5 → https://www.workana.com/jobs?category=it-programming&language=es&country=AR&search=python&page=1
2026-04-11 14:42:11,585 [WARNING]    ⚠️  Sin ofertas parseadas.
2026-04-11 14:42:11,585 [INFO]    → 0 ofertas nuevas encontradas
2026-04-11 14:42:11,585 [INFO]    → Sin más resultados.
2026-04-11 14:42:11,585 [INFO] ✅ 'Python Developer': 0 ofertas guardadas
2026-04-11 14:42:11,585 [INFO]    💤 Pausa: 9.1s
2026-04-11 14:42:20,695 [INFO] 
🔍 Buscando: 'Python Developer (Remoto AR)'
2026-04-11 14:42:20,695 [INFO]    Página 1/5 → https://www.workana.com/jobs?category=it-programming&language=es&country=AR&search=python&page=1
2026-04-11 14:42:30,738 [WARNING]    ⚠️  Sin ofertas parseadas.
2026-04-11 14:42:30,738 [INFO]    → 0 ofertas nuevas encontradas
2026-04-11 14:42:30,738 [INFO]    → Sin más resultados.
2026-04-11 14:42:30,738 [INFO] ✅ 'Python Developer (Remoto AR)': 0 ofertas guardadas
2026-04-11 14:42:30,738 [INFO]    💤 Pausa: 6.5s
2026-04-11 14:42:37,279 [INFO] 
🔍 Buscando: 'Python Developer (Remoto)'
2026-04-11 14:42:37,280 [INFO]    Página 1/5 → https://www.workana.com/jobs?category=it-programming&language=es&country=AR&search=python&page=1
2026-04-11 14:42:47,029 [WARNING]    ⚠️  Sin ofertas parseadas.
2026-04-11 14:42:47,029 [INFO]    → 0 ofertas nuevas encontradas
2026-04-11 14:42:47,029 [INFO]    → Sin más resultados.
2026-04-11 14:42:47,029 [INFO] ✅ 'Python Developer (Remoto)': 0 ofertas guardadas
2026-04-11 14:42:47,029 [INFO]    💤 Pausa: 7.8s
2026-04-11 14:42:54,881 [INFO] 
🔍 Buscando: 'R Developer'
2026-04-11 14:42:54,882 [INFO]    Página 1/5 → https://www.workana.com/jobs?category=it-programming&language=es&country=AR&search=r&page=1
2026-04-11 14:43:02,918 [WARNING]    ⚠️  Sin ofertas parseadas.
2026-04-11 14:43:02,918 [INFO]    → 0 ofertas nuevas encontradas
2026-04-11 14:43:02,918 [INFO]    → Sin más resultados.
2026-04-11 14:43:02,918 [INFO] ✅ 'R Developer': 0 ofertas guardadas
2026-04-11 14:43:02,918 [INFO]    💤 Pausa: 8.2s
2026-04-11 14:43:11,096 [INFO] 
🔍 Buscando: 'R Developer (Remoto AR)'
2026-04-11 14:43:11,096 [INFO]    Página 1/5 → https://www.workana.com/jobs?category=it-programming&language=es&country=AR&search=r&page=1
2026-04-11 14:43:20,559 [WARNING]    ⚠️  Sin ofertas parseadas.
2026-04-11 14:43:20,559 [INFO]    → 0 ofertas nuevas encontradas
2026-04-11 14:43:20,559 [INFO]    → Sin más resultados.
2026-04-11 14:43:20,559 [INFO] ✅ 'R Developer (Remoto AR)': 0 ofertas guardadas
2026-04-11 14:43:20,559 [INFO]    💤 Pausa: 10.7s
2026-04-11 14:43:31,315 [INFO] 
🔍 Buscando: 'R Developer (Remoto)'
2026-04-11 14:43:31,315 [INFO]    Página 1/5 → https://www.workana.com/jobs?category=it-programming&language=es&country=AR&search=r&page=1
2026-04-11 14:43:39,832 [WARNING]    ⚠️  Sin ofertas parseadas.
2026-04-11 14:43:39,832 [INFO]    → 0 ofertas nuevas encontradas
2026-04-11 14:43:39,832 [INFO]    → Sin más resultados.
2026-04-11 14:43:39,832 [INFO] ✅ 'R Developer (Remoto)': 0 ofertas guardadas
2026-04-11 14:43:39,832 [INFO]    💤 Pausa: 9.3s
2026-04-11 14:43:49,138 [INFO] 
🔍 Buscando: 'Julia Developer'
2026-04-11 14:43:49,139 [INFO]    Página 1/5 → https://www.workana.com/jobs?category=it-programming&language=es&country=AR&search=julia&page=1
2026-04-11 14:43:57,858 [WARNING]    ⚠️  Sin ofertas parseadas.
2026-04-11 14:43:57,858 [INFO]    → 0 ofertas nuevas encontradas
2026-04-11 14:43:57,858 [INFO]    → Sin más resultados.
2026-04-11 14:43:57,858 [INFO] ✅ 'Julia Developer': 0 ofertas guardadas
2026-04-11 14:43:57,858 [INFO]    💤 Pausa: 7.4s
2026-04-11 14:44:05,258 [INFO] 
🔍 Buscando: 'Julia Developer (Remoto AR)'
2026-04-11 14:44:05,259 [INFO]    Página 1/5 → https://www.workana.com/jobs?category=it-programming&language=es&country=AR&search=julia&page=1
2026-04-11 14:44:13,691 [WARNING]    ⚠️  Sin ofertas parseadas.
2026-04-11 14:44:13,691 [INFO]    → 0 ofertas nuevas encontradas
2026-04-11 14:44:13,691 [INFO]    → Sin más resultados.
2026-04-11 14:44:13,691 [INFO] ✅ 'Julia Developer (Remoto AR)': 0 ofertas guardadas
2026-04-11 14:44:13,691 [INFO]    💤 Pausa: 6.5s
2026-04-11 14:44:20,230 [INFO] 
🔍 Buscando: 'Julia Developer (Remoto)'
2026-04-11 14:44:20,230 [INFO]    Página 1/5 → https://www.workana.com/jobs?category=it-programming&language=es&country=AR&search=julia&page=1
2026-04-11 14:44:29,912 [WARNING]    ⚠️  Sin ofertas parseadas.
2026-04-11 14:44:29,912 [INFO]    → 0 ofertas nuevas encontradas
2026-04-11 14:44:29,912 [INFO]    → Sin más resultados.
2026-04-11 14:44:29,912 [INFO] ✅ 'Julia Developer (Remoto)': 0 ofertas guardadas
2026-04-11 14:44:29,912 [INFO]    💤 Pausa: 10.5s
2026-04-11 14:44:40,395 [INFO] 
🔍 Buscando: 'Control de Gestión'
2026-04-11 14:44:40,395 [INFO]    Página 1/5 → https://www.workana.com/jobs?category=it-programming&language=es&country=AR&search=control+de+gestion&page=1
2026-04-11 14:44:49,726 [WARNING]    ⚠️  Sin ofertas parseadas.
2026-04-11 14:44:49,726 [INFO]    → 0 ofertas nuevas encontradas
2026-04-11 14:44:49,726 [INFO]    → Sin más resultados.
2026-04-11 14:44:49,726 [INFO] ✅ 'Control de Gestión': 0 ofertas guardadas
2026-04-11 14:44:49,726 [INFO]    💤 Pausa: 9.7s
2026-04-11 14:44:59,387 [INFO] 
🔍 Buscando: 'Control de Gestión (Remoto AR)'
2026-04-11 14:44:59,387 [INFO]    Página 1/5 → https://www.workana.com/jobs?category=it-programming&language=es&country=AR&search=control+de+gestion&page=1
2026-04-11 14:45:07,986 [WARNING]    ⚠️  Sin ofertas parseadas.
2026-04-11 14:45:07,986 [INFO]    → 0 ofertas nuevas encontradas
2026-04-11 14:45:07,987 [INFO]    → Sin más resultados.
2026-04-11 14:45:07,987 [INFO] ✅ 'Control de Gestión (Remoto AR)': 0 ofertas guardadas
2026-04-11 14:45:07,987 [INFO]    💤 Pausa: 9.7s
2026-04-11 14:45:17,675 [INFO] 
🔍 Buscando: 'Control de Gestión (Remoto)'
2026-04-11 14:45:17,676 [INFO]    Página 1/5 → https://www.workana.com/jobs?category=it-programming&language=es&country=AR&search=control+de+gestion&page=1
2026-04-11 14:45:27,427 [WARNING]    ⚠️  Sin ofertas parseadas.
2026-04-11 14:45:27,427 [INFO]    → 0 ofertas nuevas encontradas
2026-04-11 14:45:27,427 [INFO]    → Sin más resultados.
2026-04-11 14:45:27,427 [INFO] ✅ 'Control de Gestión (Remoto)': 0 ofertas guardadas
2026-04-11 14:45:27,427 [INFO]    💤 Pausa: 7.7s
2026-04-11 14:45:35,105 [INFO] 
🔍 Buscando: 'Consultor'
2026-04-11 14:45:35,106 [INFO]    Página 1/5 → https://www.workana.com/jobs?category=it-programming&language=es&country=AR&search=consultor&page=1
2026-04-11 14:45:43,523 [WARNING]    ⚠️  Sin ofertas parseadas.
2026-04-11 14:45:43,523 [INFO]    → 0 ofertas nuevas encontradas
2026-04-11 14:45:43,523 [INFO]    → Sin más resultados.
2026-04-11 14:45:43,523 [INFO] ✅ 'Consultor': 0 ofertas guardadas
2026-04-11 14:45:43,524 [INFO]    💤 Pausa: 7.6s
2026-04-11 14:45:51,087 [INFO] 
🔍 Buscando: 'Consultor (Remoto AR)'
2026-04-11 14:45:51,088 [INFO]    Página 1/5 → https://www.workana.com/jobs?category=it-programming&language=es&country=AR&search=consultor&page=1
2026-04-11 14:45:59,663 [WARNING]    ⚠️  Sin ofertas parseadas.
2026-04-11 14:45:59,663 [INFO]    → 0 ofertas nuevas encontradas
2026-04-11 14:45:59,663 [INFO]    → Sin más resultados.
2026-04-11 14:45:59,663 [INFO] ✅ 'Consultor (Remoto AR)': 0 ofertas guardadas
2026-04-11 14:45:59,663 [INFO]    💤 Pausa: 8.5s
2026-04-11 14:46:08,152 [INFO] 
🔍 Buscando: 'Consultor (Remoto)'
2026-04-11 14:46:08,152 [INFO]    Página 1/5 → https://www.workana.com/jobs?category=it-programming&language=es&country=AR&search=consultor&page=1
2026-04-11 14:46:16,365 [WARNING]    ⚠️  Sin ofertas parseadas.
2026-04-11 14:46:16,365 [INFO]    → 0 ofertas nuevas encontradas
2026-04-11 14:46:16,365 [INFO]    → Sin más resultados.
2026-04-11 14:46:16,365 [INFO] ✅ 'Consultor (Remoto)': 0 ofertas guardadas
2026-04-11 14:46:16,365 [INFO]    💤 Pausa: 8.7s
2026-04-11 14:46:25,112 [INFO] 
🔍 Buscando: 'Gerente de Operaciones'
2026-04-11 14:46:25,112 [INFO]    Página 1/5 → https://www.workana.com/jobs?category=it-programming&language=es&country=AR&search=gerente+operaciones&page=1
2026-04-11 14:46:32,848 [WARNING]    ⚠️  Sin ofertas parseadas.
2026-04-11 14:46:32,848 [INFO]    → 0 ofertas nuevas encontradas
2026-04-11 14:46:32,848 [INFO]    → Sin más resultados.
2026-04-11 14:46:32,848 [INFO] ✅ 'Gerente de Operaciones': 0 ofertas guardadas
2026-04-11 14:46:32,848 [INFO]    💤 Pausa: 7.8s
2026-04-11 14:46:40,641 [INFO] 
🔍 Buscando: 'Gerente de Operaciones (Remoto AR)'
2026-04-11 14:46:40,641 [INFO]    Página 1/5 → https://www.workana.com/jobs?category=it-programming&language=es&country=AR&search=gerente+operaciones&page=1
2026-04-11 14:46:50,620 [WARNING]    ⚠️  Sin ofertas parseadas.
2026-04-11 14:46:50,620 [INFO]    → 0 ofertas nuevas encontradas
2026-04-11 14:46:50,620 [INFO]    → Sin más resultados.
2026-04-11 14:46:50,620 [INFO] ✅ 'Gerente de Operaciones (Remoto AR)': 0 ofertas guardadas
2026-04-11 14:46:50,620 [INFO]    💤 Pausa: 6.7s
2026-04-11 14:46:57,366 [INFO] 
🔍 Buscando: 'Gerente de Operaciones (Remoto)'
2026-04-11 14:46:57,367 [INFO]    Página 1/5 → https://www.workana.com/jobs?category=it-programming&language=es&country=AR&search=gerente+operaciones&page=1
2026-04-11 14:47:05,827 [WARNING]    ⚠️  Sin ofertas parseadas.
2026-04-11 14:47:05,827 [INFO]    → 0 ofertas nuevas encontradas
2026-04-11 14:47:05,827 [INFO]    → Sin más resultados.
2026-04-11 14:47:05,828 [INFO] ✅ 'Gerente de Operaciones (Remoto)': 0 ofertas guardadas
2026-04-11 14:47:05,828 [INFO]    💤 Pausa: 6.9s
2026-04-11 14:47:12,711 [INFO] 
🔍 Buscando: 'Compras / Procurement'
2026-04-11 14:47:12,711 [INFO]    Página 1/5 → https://www.workana.com/jobs?category=it-programming&language=es&country=AR&search=compras&page=1
2026-04-11 14:47:22,529 [WARNING]    ⚠️  Sin ofertas parseadas.
2026-04-11 14:47:22,530 [INFO]    → 0 ofertas nuevas encontradas
2026-04-11 14:47:22,530 [INFO]    → Sin más resultados.
2026-04-11 14:47:22,530 [INFO] ✅ 'Compras / Procurement': 0 ofertas guardadas
2026-04-11 14:47:22,530 [INFO]    💤 Pausa: 8.9s
2026-04-11 14:47:31,468 [INFO] 
🔍 Buscando: 'Compras / Procurement (Remoto AR)'
2026-04-11 14:47:31,468 [INFO]    Página 1/5 → https://www.workana.com/jobs?category=it-programming&language=es&country=AR&search=compras&page=1
2026-04-11 14:47:41,751 [WARNING]    ⚠️  Sin ofertas parseadas.
2026-04-11 14:47:41,751 [INFO]    → 0 ofertas nuevas encontradas
2026-04-11 14:47:41,751 [INFO]    → Sin más resultados.
2026-04-11 14:47:41,751 [INFO] ✅ 'Compras / Procurement (Remoto AR)': 0 ofertas guardadas
2026-04-11 14:47:41,751 [INFO]    💤 Pausa: 9.2s
2026-04-11 14:47:50,971 [INFO] 
🔍 Buscando: 'Compras / Procurement (Remoto)'
2026-04-11 14:47:50,972 [INFO]    Página 1/5 → https://www.workana.com/jobs?category=it-programming&language=es&country=AR&search=compras&page=1
2026-04-11 14:48:00,903 [WARNING]    ⚠️  Sin ofertas parseadas.
2026-04-11 14:48:00,903 [INFO]    → 0 ofertas nuevas encontradas
2026-04-11 14:48:00,903 [INFO]    → Sin más resultados.
2026-04-11 14:48:00,903 [INFO] ✅ 'Compras / Procurement (Remoto)': 0 ofertas guardadas
2026-04-11 14:48:00,903 [INFO]    💤 Pausa: 9.3s
2026-04-11 14:48:10,180 [INFO] 
🔍 Buscando: 'Ingeniero Industrial'
2026-04-11 14:48:10,180 [INFO]    Página 1/5 → https://www.workana.com/jobs?category=it-programming&language=es&country=AR&search=ingeniero+industrial&page=1
2026-04-11 14:48:18,971 [WARNING]    ⚠️  Sin ofertas parseadas.
2026-04-11 14:48:18,971 [INFO]    → 0 ofertas nuevas encontradas
2026-04-11 14:48:18,971 [INFO]    → Sin más resultados.
2026-04-11 14:48:18,971 [INFO] ✅ 'Ingeniero Industrial': 0 ofertas guardadas
2026-04-11 14:48:18,971 [INFO]    💤 Pausa: 6.1s
2026-04-11 14:48:25,046 [INFO] 
🔍 Buscando: 'Ingeniero Industrial (Remoto AR)'
2026-04-11 14:48:25,046 [INFO]    Página 1/5 → https://www.workana.com/jobs?category=it-programming&language=es&country=AR&search=ingeniero+industrial&page=1
2026-04-11 14:48:33,839 [WARNING]    ⚠️  Sin ofertas parseadas.
2026-04-11 14:48:33,839 [INFO]    → 0 ofertas nuevas encontradas
2026-04-11 14:48:33,839 [INFO]    → Sin más resultados.
2026-04-11 14:48:33,839 [INFO] ✅ 'Ingeniero Industrial (Remoto AR)': 0 ofertas guardadas
2026-04-11 14:48:33,839 [INFO]    💤 Pausa: 9.3s
2026-04-11 14:48:43,136 [INFO] 
🔍 Buscando: 'Ingeniero Industrial (Remoto)'
2026-04-11 14:48:43,136 [INFO]    Página 1/5 → https://www.workana.com/jobs?category=it-programming&language=es&country=AR&search=ingeniero+industrial&page=1
2026-04-11 14:48:52,769 [WARNING]    ⚠️  Sin ofertas parseadas.
2026-04-11 14:48:52,769 [INFO]    → 0 ofertas nuevas encontradas
2026-04-11 14:48:52,769 [INFO]    → Sin más resultados.
2026-04-11 14:48:52,769 [INFO] ✅ 'Ingeniero Industrial (Remoto)': 0 ofertas guardadas
2026-04-11 14:48:52,769 [INFO]    💤 Pausa: 10.3s
2026-04-11 14:49:03,071 [INFO] 
🔍 Buscando: 'Finanzas / CAPEX'
2026-04-11 14:49:03,071 [INFO]    Página 1/5 → https://www.workana.com/jobs?category=it-programming&language=es&country=AR&search=finanzas&page=1
2026-04-11 14:49:12,799 [WARNING]    ⚠️  Sin ofertas parseadas.
2026-04-11 14:49:12,799 [INFO]    → 0 ofertas nuevas encontradas
2026-04-11 14:49:12,799 [INFO]    → Sin más resultados.
2026-04-11 14:49:12,799 [INFO] ✅ 'Finanzas / CAPEX': 0 ofertas guardadas
2026-04-11 14:49:12,800 [INFO]    💤 Pausa: 6.1s
2026-04-11 14:49:18,918 [INFO] 
🔍 Buscando: 'Finanzas / CAPEX (Remoto AR)'
2026-04-11 14:49:18,919 [INFO]    Página 1/5 → https://www.workana.com/jobs?category=it-programming&language=es&country=AR&search=finanzas&page=1
2026-04-11 14:49:27,324 [WARNING]    ⚠️  Sin ofertas parseadas.
2026-04-11 14:49:27,324 [INFO]    → 0 ofertas nuevas encontradas
2026-04-11 14:49:27,325 [INFO]    → Sin más resultados.
2026-04-11 14:49:27,325 [INFO] ✅ 'Finanzas / CAPEX (Remoto AR)': 0 ofertas guardadas
2026-04-11 14:49:27,325 [INFO]    💤 Pausa: 8.7s
2026-04-11 14:49:36,060 [INFO] 
🔍 Buscando: 'Finanzas / CAPEX (Remoto)'
2026-04-11 14:49:36,061 [INFO]    Página 1/5 → https://www.workana.com/jobs?category=it-programming&language=es&country=AR&search=finanzas&page=1
2026-04-11 14:49:45,411 [WARNING]    ⚠️  Sin ofertas parseadas.
2026-04-11 14:49:45,411 [INFO]    → 0 ofertas nuevas encontradas
2026-04-11 14:49:45,411 [INFO]    → Sin más resultados.
2026-04-11 14:49:45,411 [INFO] ✅ 'Finanzas / CAPEX (Remoto)': 0 ofertas guardadas
2026-04-11 14:49:45,411 [INFO]    💤 Pausa: 6.9s
2026-04-11 14:49:52,318 [INFO] 
🔍 Buscando: 'SAP'
2026-04-11 14:49:52,318 [INFO]    Página 1/5 → https://www.workana.com/jobs?category=it-programming&language=es&country=AR&search=sap&page=1
2026-04-11 14:50:00,601 [WARNING]    ⚠️  Sin ofertas parseadas.
2026-04-11 14:50:00,601 [INFO]    → 0 ofertas nuevas encontradas
2026-04-11 14:50:00,601 [INFO]    → Sin más resultados.
2026-04-11 14:50:00,601 [INFO] ✅ 'SAP': 0 ofertas guardadas
2026-04-11 14:50:00,601 [INFO]    💤 Pausa: 10.3s
2026-04-11 14:50:10,886 [INFO] 
🔍 Buscando: 'SAP (Remoto AR)'
2026-04-11 14:50:10,887 [INFO]    Página 1/5 → https://www.workana.com/jobs?category=it-programming&language=es&country=AR&search=sap&page=1
2026-04-11 14:50:21,129 [WARNING]    ⚠️  Sin ofertas parseadas.
2026-04-11 14:50:21,129 [INFO]    → 0 ofertas nuevas encontradas
2026-04-11 14:50:21,129 [INFO]    → Sin más resultados.
2026-04-11 14:50:21,129 [INFO] ✅ 'SAP (Remoto AR)': 0 ofertas guardadas
2026-04-11 14:50:21,129 [INFO]    💤 Pausa: 9.8s
2026-04-11 14:50:30,961 [INFO] 
🔍 Buscando: 'SAP (Remoto)'
2026-04-11 14:50:30,962 [INFO]    Página 1/5 → https://www.workana.com/jobs?category=it-programming&language=es&country=AR&search=sap&page=1
2026-04-11 14:50:41,389 [WARNING]    ⚠️  Sin ofertas parseadas.
2026-04-11 14:50:41,389 [INFO]    → 0 ofertas nuevas encontradas
2026-04-11 14:50:41,389 [INFO]    → Sin más resultados.
2026-04-11 14:50:41,390 [INFO] ✅ 'SAP (Remoto)': 0 ofertas guardadas
2026-04-11 14:50:41,390 [INFO]    💤 Pausa: 6.5s
2026-04-11 14:50:47,900 [INFO] 
🔍 Buscando: 'Excel / VBA'
2026-04-11 14:50:47,901 [INFO]    Página 1/5 → https://www.workana.com/jobs?category=it-programming&language=es&country=AR&search=excel&page=1
2026-04-11 14:50:57,527 [WARNING]    ⚠️  Sin ofertas parseadas.
2026-04-11 14:50:57,527 [INFO]    → 0 ofertas nuevas encontradas
2026-04-11 14:50:57,527 [INFO]    → Sin más resultados.
2026-04-11 14:50:57,527 [INFO] ✅ 'Excel / VBA': 0 ofertas guardadas
2026-04-11 14:50:57,527 [INFO]    💤 Pausa: 10.8s
2026-04-11 14:51:08,305 [INFO] 
🔍 Buscando: 'Excel / VBA (Remoto AR)'
2026-04-11 14:51:08,305 [INFO]    Página 1/5 → https://www.workana.com/jobs?category=it-programming&language=es&country=AR&search=excel&page=1
2026-04-11 14:51:18,201 [WARNING]    ⚠️  Sin ofertas parseadas.
2026-04-11 14:51:18,201 [INFO]    → 0 ofertas nuevas encontradas
2026-04-11 14:51:18,201 [INFO]    → Sin más resultados.
2026-04-11 14:51:18,202 [INFO] ✅ 'Excel / VBA (Remoto AR)': 0 ofertas guardadas
2026-04-11 14:51:18,202 [INFO]    💤 Pausa: 9.0s
2026-04-11 14:51:27,162 [INFO] 
🔍 Buscando: 'Excel / VBA (Remoto)'
2026-04-11 14:51:27,163 [INFO]    Página 1/5 → https://www.workana.com/jobs?category=it-programming&language=es&country=AR&search=excel&page=1
2026-04-11 14:51:35,264 [WARNING]    ⚠️  Sin ofertas parseadas.
2026-04-11 14:51:35,265 [INFO]    → 0 ofertas nuevas encontradas
2026-04-11 14:51:35,265 [INFO]    → Sin más resultados.
2026-04-11 14:51:35,265 [INFO] ✅ 'Excel / VBA (Remoto)': 0 ofertas guardadas
2026-04-11 14:51:35,265 [INFO]    💤 Pausa: 8.7s
2026-04-11 14:51:43,976 [INFO] 
🔍 Buscando: 'Google Apps Script'
2026-04-11 14:51:43,977 [INFO]    Página 1/5 → https://www.workana.com/jobs?category=it-programming&language=es&country=AR&search=automatizacion&page=1
2026-04-11 14:51:52,294 [WARNING]    ⚠️  Sin ofertas parseadas.
2026-04-11 14:51:52,294 [INFO]    → 0 ofertas nuevas encontradas
2026-04-11 14:51:52,294 [INFO]    → Sin más resultados.
2026-04-11 14:51:52,294 [INFO] ✅ 'Google Apps Script': 0 ofertas guardadas
2026-04-11 14:51:52,295 [INFO]    💤 Pausa: 7.9s
2026-04-11 14:52:00,171 [INFO] 
🔍 Buscando: 'Google Apps Script (Remoto AR)'
2026-04-11 14:52:00,171 [INFO]    Página 1/5 → https://www.workana.com/jobs?category=it-programming&language=es&country=AR&search=automatizacion&page=1
2026-04-11 14:52:10,692 [WARNING]    ⚠️  Sin ofertas parseadas.
2026-04-11 14:52:10,692 [INFO]    → 0 ofertas nuevas encontradas
2026-04-11 14:52:10,692 [INFO]    → Sin más resultados.
2026-04-11 14:52:10,692 [INFO] ✅ 'Google Apps Script (Remoto AR)': 0 ofertas guardadas
2026-04-11 14:52:10,692 [INFO]    💤 Pausa: 9.7s
2026-04-11 14:52:20,443 [INFO] 
🔍 Buscando: 'Google Apps Script (Remoto)'
2026-04-11 14:52:20,444 [INFO]    Página 1/5 → https://www.workana.com/jobs?category=it-programming&language=es&country=AR&search=automatizacion&page=1
2026-04-11 14:52:29,887 [WARNING]    ⚠️  Sin ofertas parseadas.
2026-04-11 14:52:29,887 [INFO]    → 0 ofertas nuevas encontradas
2026-04-11 14:52:29,887 [INFO]    → Sin más resultados.
2026-04-11 14:52:29,887 [INFO] ✅ 'Google Apps Script (Remoto)': 0 ofertas guardadas
2026-04-11 14:52:29,887 [INFO]    💤 Pausa: 8.5s
2026-04-11 14:52:38,520 [INFO] 
============================================================
2026-04-11 14:52:38,520 [INFO] SCRAPING FINALIZADO - Workana
2026-04-11 14:52:38,520 [INFO] Total ofertas únicas: 36
2026-04-11 14:52:38,521 [INFO] DB : /media/carlos-a-cicconi/Common1/Repositorios-Ing.Carlos-Cicconi/Trabajo_Final_MCD/data/raw/ofertas_workana.db
2026-04-11 14:52:38,521 [INFO] CSV: /media/carlos-a-cicconi/Common1/Repositorios-Ing.Carlos-Cicconi/Trabajo_Final_MCD/data/raw/workana_20260411.csv
2026-04-11 14:52:38,521 [INFO] Log: /media/carlos-a-cicconi/Common1/Repositorios-Ing.Carlos-Cicconi/Trabajo_Final_MCD/logs/workana_scraper_20260411_142804.log
2026-04-11 14:52:38,521 [INFO] ============================================================
2026-04-11 14:52:38,522 [INFO]   ✅ workana: 36 ofertas recopiladas
2026-04-11 14:52:38,522 [INFO] 
============================================================
2026-04-11 14:52:38,522 [INFO]   EJECUTANDO: opcionempleo (OpcionempleoScraper)
2026-04-11 14:52:38,522 [INFO]   Queries: desde CV (42 búsquedas)
2026-04-11 14:52:38,522 [INFO] ============================================================
2026-04-11 14:52:38,532 [INFO] Base de datos lista: /media/carlos-a-cicconi/Common1/Repositorios-Ing.Carlos-Cicconi/Trabajo_Final_MCD/data/raw/ofertas_opcionempleo.db
2026-04-11 14:52:38,532 [INFO] OpcionempleoScraper (Playwright) inicializado
2026-04-11 14:52:38,532 [INFO]   ✅ Queries del CV inyectadas en opcionempleo
2026-04-11 14:52:39,130 [INFO] Inicializando sesión en OpcionEmpleo...
2026-04-11 14:52:39,130 [INFO] (Puede tardar hasta 20s mientras se resuelve el Turnstile)
2026-04-11 14:52:42,688 [INFO]    ⏳ Turnstile detectado — esperando resolución automática...
2026-04-11 14:52:42,719 [INFO]    ✅ Turnstile resuelto
2026-04-11 14:52:47,881 [INFO] 
🔍 Buscando: 'Data Scientist'
2026-04-11 14:52:47,882 [INFO]    Página 1/5 → https://www.opcionempleo.com.ar/trabajo-data-scientist.html
2026-04-11 14:52:55,871 [INFO]    ⏳ Turnstile detectado — esperando resolución automática...
2026-04-11 14:52:55,892 [INFO]    ✅ Turnstile resuelto
2026-04-11 14:52:59,698 [INFO]    → 20 ofertas encontradas
2026-04-11 14:53:07,926 [INFO]    ⏳ Turnstile detectado — esperando resolución automática...
2026-04-11 14:53:07,945 [INFO]    ✅ Turnstile resuelto
2026-04-11 14:53:19,787 [INFO]    ⏳ Turnstile detectado — esperando resolución automática...
2026-04-11 14:53:19,816 [INFO]    ✅ Turnstile resuelto
2026-04-11 14:53:30,554 [INFO]    ⏳ Turnstile detectado — esperando resolución automática...
2026-04-11 14:53:30,573 [INFO]    ✅ Turnstile resuelto
2026-04-11 14:53:41,795 [INFO]    ⏳ Turnstile detectado — esperando resolución automática...
2026-04-11 14:53:41,813 [INFO]    ✅ Turnstile resuelto
2026-04-11 14:53:53,870 [INFO]    ⏳ Turnstile detectado — esperando resolución automática...
2026-04-11 14:53:53,890 [INFO]    ✅ Turnstile resuelto
2026-04-11 14:54:04,451 [INFO]    ⏳ Turnstile detectado — esperando resolución automática...
2026-04-11 14:54:04,470 [INFO]    ✅ Turnstile resuelto
2026-04-11 14:54:14,592 [INFO]    ⏳ Turnstile detectado — esperando resolución automática...
2026-04-11 14:54:14,614 [INFO]    ✅ Turnstile resuelto
2026-04-11 14:54:26,364 [INFO]    ⏳ Turnstile detectado — esperando resolución automática...
2026-04-11 14:54:26,384 [INFO]    ✅ Turnstile resuelto
2026-04-11 14:54:38,759 [INFO]    ⏳ Turnstile detectado — esperando resolución automática...
2026-04-11 14:54:38,782 [INFO]    ✅ Turnstile resuelto
2026-04-11 14:54:50,131 [INFO]    ⏳ Turnstile detectado — esperando resolución automática...
2026-04-11 14:54:50,152 [INFO]    ✅ Turnstile resuelto
2026-04-11 14:55:01,389 [INFO]    ⏳ Turnstile detectado — esperando resolución automática...
2026-04-11 14:55:01,435 [INFO]    ✅ Turnstile resuelto
2026-04-11 14:55:13,475 [INFO]    ⏳ Turnstile detectado — esperando resolución automática...
2026-04-11 14:55:13,496 [INFO]    ✅ Turnstile resuelto
2026-04-11 14:55:24,574 [INFO]    ⏳ Turnstile detectado — esperando resolución automática...
2026-04-11 14:55:24,592 [INFO]    ✅ Turnstile resuelto
2026-04-11 14:55:36,490 [INFO]    ⏳ Turnstile detectado — esperando resolución automática...
2026-04-11 14:55:36,510 [INFO]    ✅ Turnstile resuelto
2026-04-11 14:55:46,584 [INFO]    ⏳ Turnstile detectado — esperando resolución automática...
2026-04-11 14:55:46,603 [INFO]    ✅ Turnstile resuelto
2026-04-11 14:55:57,246 [INFO]    ⏳ Turnstile detectado — esperando resolución automática...
2026-04-11 14:55:57,268 [INFO]    ✅ Turnstile resuelto
2026-04-11 14:56:08,213 [INFO]    ⏳ Turnstile detectado — esperando resolución automática...
2026-04-11 14:56:08,232 [INFO]    ✅ Turnstile resuelto
2026-04-11 14:56:20,135 [INFO]    ⏳ Turnstile detectado — esperando resolución automática...
2026-04-11 14:56:20,155 [INFO]    ✅ Turnstile resuelto
2026-04-11 14:56:30,477 [INFO]    ⏳ Turnstile detectado — esperando resolución automática...
2026-04-11 14:56:30,496 [INFO]    ✅ Turnstile resuelto
2026-04-11 14:56:41,846 [INFO]    ⏳ Turnstile detectado — esperando resolución automática...
2026-04-11 14:56:41,868 [INFO]    ✅ Turnstile resuelto
2026-04-11 14:56:45,416 [INFO]    Página 2/5 → https://www.opcionempleo.com.ar/trabajo-data-scientist.html?p=2
2026-04-11 14:56:55,354 [INFO]    ⏳ Turnstile detectado — esperando resolución automática...
2026-04-11 14:56:55,376 [INFO]    ✅ Turnstile resuelto
2026-04-11 14:56:59,020 [INFO]    → 20 ofertas encontradas
2026-04-11 14:57:05,406 [INFO]    ⏳ Turnstile detectado — esperando resolución automática...
2026-04-11 14:57:05,428 [INFO]    ✅ Turnstile resuelto
2026-04-11 14:57:16,565 [INFO]    ⏳ Turnstile detectado — esperando resolución automática...
2026-04-11 14:57:16,584 [INFO]    ✅ Turnstile resuelto
2026-04-11 14:57:28,476 [INFO]    ⏳ Turnstile detectado — esperando resolución automática...
2026-04-11 14:57:28,509 [INFO]    ✅ Turnstile resuelto
2026-04-11 14:57:38,580 [INFO]    ⏳ Turnstile detectado — esperando resolución automática...
2026-04-11 14:57:38,600 [INFO]    ✅ Turnstile resuelto
2026-04-11 14:57:48,590 [INFO]    ⏳ Turnstile detectado — esperando resolución automática...
2026-04-11 14:57:48,613 [INFO]    ✅ Turnstile resuelto
2026-04-11 14:57:59,677 [INFO]    ⏳ Turnstile detectado — esperando resolución automática...
2026-04-11 14:57:59,697 [INFO]    ✅ Turnstile resuelto
2026-04-11 14:58:11,187 [INFO]    ⏳ Turnstile detectado — esperando resolución automática...
2026-04-11 14:58:11,209 [INFO]    ✅ Turnstile resuelto
2026-04-11 14:58:22,098 [INFO]    ⏳ Turnstile detectado — esperando resolución automática...
2026-04-11 14:58:22,118 [INFO]    ✅ Turnstile resuelto
2026-04-11 14:58:33,163 [INFO]    ⏳ Turnstile detectado — esperando resolución automática...
2026-04-11 14:58:33,184 [INFO]    ✅ Turnstile resuelto
2026-04-11 14:58:43,615 [INFO]    ⏳ Turnstile detectado — esperando resolución automática...
2026-04-11 14:58:43,637 [INFO]    ✅ Turnstile resuelto
2026-04-11 14:58:54,265 [INFO]    ⏳ Turnstile detectado — esperando resolución automática...
2026-04-11 14:58:54,288 [INFO]    ✅ Turnstile resuelto
2026-04-11 14:59:05,628 [INFO]    ⏳ Turnstile detectado — esperando resolución automática...
2026-04-11 14:59:05,647 [INFO]    ✅ Turnstile resuelto
2026-04-11 14:59:16,382 [INFO]    ⏳ Turnstile detectado — esperando resolución automática...
2026-04-11 14:59:16,402 [INFO]    ✅ Turnstile resuelto
2026-04-11 14:59:26,632 [INFO]    ⏳ Turnstile detectado — esperando resolución automática...
2026-04-11 14:59:26,652 [INFO]    ✅ Turnstile resuelto
2026-04-11 14:59:38,397 [INFO]    ⏳ Turnstile detectado — esperando resolución automática...
2026-04-11 14:59:38,419 [INFO]    ✅ Turnstile resuelto
2026-04-11 14:59:49,666 [INFO]    ⏳ Turnstile detectado — esperando resolución automática...
2026-04-11 14:59:49,687 [INFO]    ✅ Turnstile resuelto
2026-04-11 15:00:01,443 [INFO]    ⏳ Turnstile detectado — esperando resolución automática...
2026-04-11 15:00:01,462 [INFO]    ✅ Turnstile resuelto
2026-04-11 15:00:11,576 [INFO]    ⏳ Turnstile detectado — esperando resolución automática...
2026-04-11 15:00:11,596 [INFO]    ✅ Turnstile resuelto
2026-04-11 15:00:23,438 [INFO]    ⏳ Turnstile detectado — esperando resolución automática...
2026-04-11 15:00:23,458 [INFO]    ✅ Turnstile resuelto
2026-04-11 15:00:34,213 [INFO]    ⏳ Turnstile detectado — esperando resolución automática...
2026-04-11 15:00:34,233 [INFO]    ✅ Turnstile resuelto
2026-04-11 15:00:37,316 [INFO]    Página 3/5 → https://www.opcionempleo.com.ar/trabajo-data-scientist.html?p=3
2026-04-11 15:00:47,193 [INFO]    ⏳ Turnstile detectado — esperando resolución automática...
2026-04-11 15:00:47,212 [INFO]    ✅ Turnstile resuelto
2026-04-11 15:00:51,266 [INFO]    → 20 ofertas encontradas
2026-04-11 15:00:58,072 [INFO]    ⏳ Turnstile detectado — esperando resolución automática...
2026-04-11 15:00:58,095 [INFO]    ✅ Turnstile resuelto
2026-04-11 15:01:09,845 [INFO]    ⏳ Turnstile detectado — esperando resolución automática...
2026-04-11 15:01:09,866 [INFO]    ✅ Turnstile resuelto
2026-04-11 15:01:21,840 [INFO]    ⏳ Turnstile detectado — esperando resolución automática...
2026-04-11 15:01:21,861 [INFO]    ✅ Turnstile resuelto
2026-04-11 15:01:32,768 [INFO]    ⏳ Turnstile detectado — esperando resolución automática...
2026-04-11 15:01:32,789 [INFO]    ✅ Turnstile resuelto
2026-04-11 15:01:42,925 [INFO]    ⏳ Turnstile detectado — esperando resolución automática...
2026-04-11 15:01:42,944 [INFO]    ✅ Turnstile resuelto
2026-04-11 15:01:53,651 [INFO]    ⏳ Turnstile detectado — esperando resolución automática...
2026-04-11 15:01:53,670 [INFO]    ✅ Turnstile resuelto
2026-04-11 15:02:04,885 [INFO]    ⏳ Turnstile detectado — esperando resolución automática...
2026-04-11 15:02:04,904 [INFO]    ✅ Turnstile resuelto
2026-04-11 15:02:15,643 [INFO]    ⏳ Turnstile detectado — esperando resolución automática...
2026-04-11 15:02:15,665 [INFO]    ✅ Turnstile resuelto
2026-04-11 15:02:27,174 [INFO]    ⏳ Turnstile detectado — esperando resolución automática...
2026-04-11 15:02:27,194 [INFO]    ✅ Turnstile resuelto
2026-04-11 15:02:37,642 [INFO]    ⏳ Turnstile detectado — esperando resolución automática...
2026-04-11 15:02:37,661 [INFO]    ✅ Turnstile resuelto
2026-04-11 15:02:48,172 [INFO]    ⏳ Turnstile detectado — esperando resolución automática...
2026-04-11 15:02:48,194 [INFO]    ✅ Turnstile resuelto
2026-04-11 15:02:58,553 [INFO]    ⏳ Turnstile detectado — esperando resolución automática...
2026-04-11 15:02:58,573 [INFO]    ✅ Turnstile resuelto
2026-04-11 15:03:10,498 [INFO]    ⏳ Turnstile detectado — esperando resolución automática...
2026-04-11 15:03:10,518 [INFO]    ✅ Turnstile resuelto
2026-04-11 15:03:22,371 [INFO]    ⏳ Turnstile detectado — esperando resolución automática...
2026-04-11 15:03:22,389 [INFO]    ✅ Turnstile resuelto
2026-04-11 15:03:35,072 [INFO]    ⏳ Turnstile detectado — esperando resolución automática...
2026-04-11 15:03:35,090 [INFO]    ✅ Turnstile resuelto
2026-04-11 15:03:46,124 [INFO]    ⏳ Turnstile detectado — esperando resolución automática...
2026-04-11 15:03:46,143 [INFO]    ✅ Turnstile resuelto
2026-04-11 15:03:56,961 [INFO]    ⏳ Turnstile detectado — esperando resolución automática...
2026-04-11 15:03:56,982 [INFO]    ✅ Turnstile resuelto
2026-04-11 15:04:07,212 [INFO]    ⏳ Turnstile detectado — esperando resolución automática...
2026-04-11 15:04:07,252 [INFO]    ✅ Turnstile resuelto
2026-04-11 15:04:18,586 [INFO]    ⏳ Turnstile detectado — esperando resolución automática...
2026-04-11 15:04:18,607 [INFO]    ✅ Turnstile resuelto
2026-04-11 15:04:30,056 [INFO]    ⏳ Turnstile detectado — esperando resolución automática...
2026-04-11 15:04:30,075 [INFO]    ✅ Turnstile resuelto
2026-04-11 15:04:33,789 [INFO]    Página 4/5 → https://www.opcionempleo.com.ar/trabajo-data-scientist.html?p=4
2026-04-11 15:04:43,570 [INFO]    ⏳ Turnstile detectado — esperando resolución automática...
2026-04-11 15:04:43,590 [INFO]    ✅ Turnstile resuelto
2026-04-11 15:04:48,193 [INFO]    → 20 ofertas encontradas
2026-04-11 15:04:56,216 [INFO]    ⏳ Turnstile detectado — esperando resolución automática...
2026-04-11 15:04:56,235 [INFO]    ✅ Turnstile resuelto
2026-04-11 15:05:07,434 [INFO]    ⏳ Turnstile detectado — esperando resolución automática...
2026-04-11 15:05:07,452 [INFO]    ✅ Turnstile resuelto
2026-04-11 15:05:18,698 [INFO]    ⏳ Turnstile detectado — esperando resolución automática...
2026-04-11 15:05:18,718 [INFO]    ✅ Turnstile resuelto
2026-04-11 15:05:29,323 [INFO]    ⏳ Turnstile detectado — esperando resolución automática...
2026-04-11 15:05:29,343 [INFO]    ✅ Turnstile resuelto
2026-04-11 15:05:38,916 [INFO]    ⏳ Turnstile detectado — esperando resolución automática...
2026-04-11 15:05:38,938 [INFO]    ✅ Turnstile resuelto
2026-04-11 15:05:49,733 [INFO]    ⏳ Turnstile detectado — esperando resolución automática...
2026-04-11 15:05:49,753 [INFO]    ✅ Turnstile resuelto
2026-04-11 15:06:01,501 [INFO]    ⏳ Turnstile detectado — esperando resolución automática...
2026-04-11 15:06:01,521 [INFO]    ✅ Turnstile resuelto
2026-04-11 15:06:11,438 [INFO]    ⏳ Turnstile detectado — esperando resolución automática...
2026-04-11 15:06:11,457 [INFO]    ✅ Turnstile resuelto
2026-04-11 15:06:21,792 [INFO]    ⏳ Turnstile detectado — esperando resolución automática...
2026-04-11 15:06:21,810 [INFO]    ✅ Turnstile resuelto
2026-04-11 15:06:33,698 [INFO]    ⏳ Turnstile detectado — esperando resolución automática...
2026-04-11 15:06:33,718 [INFO]    ✅ Turnstile resuelto
2026-04-11 15:06:44,519 [INFO]    ⏳ Turnstile detectado — esperando resolución automática...
2026-04-11 15:06:44,540 [INFO]    ✅ Turnstile resuelto
2026-04-11 15:06:56,188 [INFO]    ⏳ Turnstile detectado — esperando resolución automática...
2026-04-11 15:06:56,205 [INFO]    ✅ Turnstile resuelto
2026-04-11 15:07:06,228 [INFO]    ⏳ Turnstile detectado — esperando resolución automática...
2026-04-11 15:07:06,247 [INFO]    ✅ Turnstile resuelto
2026-04-11 15:07:16,875 [INFO]    ⏳ Turnstile detectado — esperando resolución automática...
2026-04-11 15:07:16,894 [INFO]    ✅ Turnstile resuelto
2026-04-11 15:07:28,855 [INFO]    ⏳ Turnstile detectado — esperando resolución automática...
2026-04-11 15:07:28,875 [INFO]    ✅ Turnstile resuelto
2026-04-11 15:07:40,776 [INFO]    ⏳ Turnstile detectado — esperando resolución automática...
2026-04-11 15:07:40,816 [INFO]    ✅ Turnstile resuelto
2026-04-11 15:07:50,880 [INFO]    ⏳ Turnstile detectado — esperando resolución automática...
2026-04-11 15:07:50,900 [INFO]    ✅ Turnstile resuelto
2026-04-11 15:08:01,008 [INFO]    ⏳ Turnstile detectado — esperando resolución automática...
2026-04-11 15:08:01,025 [INFO]    ✅ Turnstile resuelto
2026-04-11 15:08:12,078 [INFO]    ⏳ Turnstile detectado — esperando resolución automática...
2026-04-11 15:08:12,115 [INFO]    ✅ Turnstile resuelto
2026-04-11 15:08:21,802 [INFO]    ⏳ Turnstile detectado — esperando resolución automática...
2026-04-11 15:08:21,822 [INFO]    ✅ Turnstile resuelto
2026-04-11 15:08:25,698 [INFO]    Página 5/5 → https://www.opcionempleo.com.ar/trabajo-data-scientist.html?p=5
2026-04-11 15:08:35,615 [INFO]    ⏳ Turnstile detectado — esperando resolución automática...
2026-04-11 15:08:35,635 [INFO]    ✅ Turnstile resuelto
2026-04-11 15:08:40,192 [INFO]    → 20 ofertas encontradas
2026-04-11 15:08:47,401 [INFO]    ⏳ Turnstile detectado — esperando resolución automática...
2026-04-11 15:08:47,442 [INFO]    ✅ Turnstile resuelto
2026-04-11 15:08:58,045 [INFO]    ⏳ Turnstile detectado — esperando resolución automática...
2026-04-11 15:08:58,064 [INFO]    ✅ Turnstile resuelto
2026-04-11 15:09:10,141 [INFO]    ⏳ Turnstile detectado — esperando resolución automática...
2026-04-11 15:09:10,160 [INFO]    ✅ Turnstile resuelto
2026-04-11 15:09:21,504 [INFO]    ⏳ Turnstile detectado — esperando resolución automática...
2026-04-11 15:09:21,522 [INFO]    ✅ Turnstile resuelto
2026-04-11 15:09:31,943 [INFO]    ⏳ Turnstile detectado — esperando resolución automática...
2026-04-11 15:09:31,964 [INFO]    ✅ Turnstile resuelto
2026-04-11 15:09:42,941 [INFO]    ⏳ Turnstile detectado — esperando resolución automática...
2026-04-11 15:09:42,963 [INFO]    ✅ Turnstile resuelto
2026-04-11 15:09:52,934 [INFO]    ⏳ Turnstile detectado — esperando resolución automática...
2026-04-11 15:09:52,954 [INFO]    ✅ Turnstile resuelto
2026-04-11 15:10:03,180 [INFO]    ⏳ Turnstile detectado — esperando resolución automática...
2026-04-11 15:10:03,198 [INFO]    ✅ Turnstile resuelto
2026-04-11 15:10:13,935 [INFO]    ⏳ Turnstile detectado — esperando resolución automática...
2026-04-11 15:10:13,953 [INFO]    ✅ Turnstile resuelto
2026-04-11 15:10:25,093 [INFO]    ⏳ Turnstile detectado — esperando resolución automática...
2026-04-11 15:10:25,113 [INFO]    ✅ Turnstile resuelto
2026-04-11 15:10:34,622 [INFO]    ⏳ Turnstile detectado — esperando resolución automática...
2026-04-11 15:10:34,643 [INFO]    ✅ Turnstile resuelto
2026-04-11 15:10:45,555 [INFO]    ⏳ Turnstile detectado — esperando resolución automática...
2026-04-11 15:10:45,577 [INFO]    ✅ Turnstile resuelto
2026-04-11 15:10:58,377 [INFO]    ⏳ Turnstile detectado — esperando resolución automática...
2026-04-11 15:10:58,397 [INFO]    ✅ Turnstile resuelto
2026-04-11 15:11:09,025 [INFO]    ⏳ Turnstile detectado — esperando resolución automática...
2026-04-11 15:11:09,044 [INFO]    ✅ Turnstile resuelto
2026-04-11 15:11:19,384 [INFO]    ⏳ Turnstile detectado — esperando resolución automática...
2026-04-11 15:11:19,423 [INFO]    ✅ Turnstile resuelto
2026-04-11 15:11:30,530 [INFO]    ⏳ Turnstile detectado — esperando resolución automática...
2026-04-11 15:11:30,551 [INFO]    ✅ Turnstile resuelto
2026-04-11 15:11:41,900 [INFO]    ⏳ Turnstile detectado — esperando resolución automática...
2026-04-11 15:11:41,924 [INFO]    ✅ Turnstile resuelto
2026-04-11 15:11:52,067 [INFO]    ⏳ Turnstile detectado — esperando resolución automática...
2026-04-11 15:11:52,085 [INFO]    ✅ Turnstile resuelto
2026-04-11 15:12:01,963 [INFO]    ⏳ Turnstile detectado — esperando resolución automática...
2026-04-11 15:12:01,980 [INFO]    ✅ Turnstile resuelto
2026-04-11 15:12:12,825 [INFO]    ⏳ Turnstile detectado — esperando resolución automática...
2026-04-11 15:12:12,843 [INFO]    ✅ Turnstile resuelto
2026-04-11 15:12:16,502 [INFO] Exportadas 100 ofertas → /media/carlos-a-cicconi/Common1/Repositorios-Ing.Carlos-Cicconi/Trabajo_Final_MCD/data/raw/opcionempleo_20260411.csv
2026-04-11 15:12:16,502 [INFO] ✅ 'Data Scientist': 100 ofertas guardadas
2026-04-11 15:12:16,502 [INFO]    💤 Pausa: 10.1s
2026-04-11 15:12:26,579 [INFO] 
🔍 Buscando: 'BI / Analytics'
2026-04-11 15:12:26,579 [INFO]    Página 1/5 → https://www.opcionempleo.com.ar/trabajo-business-intelligence.html
2026-04-11 15:12:34,548 [INFO]    ⏳ Turnstile detectado — esperando resolución automática...
2026-04-11 15:12:34,566 [INFO]    ✅ Turnstile resuelto
2026-04-11 15:12:39,074 [INFO]    → 20 ofertas encontradas
2026-04-11 15:12:45,700 [INFO]    ⏳ Turnstile detectado — esperando resolución automática...
2026-04-11 15:12:45,719 [INFO]    ✅ Turnstile resuelto
2026-04-11 15:12:56,856 [INFO]    ⏳ Turnstile detectado — esperando resolución automática...
2026-04-11 15:12:56,879 [INFO]    ✅ Turnstile resuelto
2026-04-11 15:13:07,134 [INFO]    ⏳ Turnstile detectado — esperando resolución automática...
2026-04-11 15:13:07,154 [INFO]    ✅ Turnstile resuelto
2026-04-11 15:13:19,257 [INFO]    ⏳ Turnstile detectado — esperando resolución automática...
2026-04-11 15:13:19,277 [INFO]    ✅ Turnstile resuelto
2026-04-11 15:13:29,212 [INFO]    ⏳ Turnstile detectado — esperando resolución automática...
2026-04-11 15:13:29,231 [INFO]    ✅ Turnstile resuelto
2026-04-11 15:13:39,085 [INFO]    ⏳ Turnstile detectado — esperando resolución automática...
2026-04-11 15:13:39,104 [INFO]    ✅ Turnstile resuelto
2026-04-11 15:13:50,921 [INFO]    ⏳ Turnstile detectado — esperando resolución automática...
2026-04-11 15:13:50,942 [INFO]    ✅ Turnstile resuelto
2026-04-11 15:14:02,212 [INFO]    ⏳ Turnstile detectado — esperando resolución automática...
2026-04-11 15:14:02,231 [INFO]    ✅ Turnstile resuelto
2026-04-11 15:14:12,424 [INFO]    ⏳ Turnstile detectado — esperando resolución automática...
2026-04-11 15:14:12,442 [INFO]    ✅ Turnstile resuelto
2026-04-11 15:14:24,303 [INFO]    ⏳ Turnstile detectado — esperando resolución automática...
2026-04-11 15:14:24,323 [INFO]    ✅ Turnstile resuelto
2026-04-11 15:14:35,138 [INFO]    ⏳ Turnstile detectado — esperando resolución automática...
2026-04-11 15:14:35,157 [INFO]    ✅ Turnstile resuelto
2026-04-11 15:14:46,426 [INFO]    ⏳ Turnstile detectado — esperando resolución automática...
2026-04-11 15:14:46,448 [INFO]    ✅ Turnstile resuelto
2026-04-11 15:14:56,981 [INFO]    ⏳ Turnstile detectado — esperando resolución automática...
2026-04-11 15:14:56,999 [INFO]    ✅ Turnstile resuelto
2026-04-11 15:15:08,130 [INFO]    ⏳ Turnstile detectado — esperando resolución automática...
2026-04-11 15:15:08,170 [INFO]    ✅ Turnstile resuelto
2026-04-11 15:15:19,698 [INFO]    ⏳ Turnstile detectado — esperando resolución automática...
2026-04-11 15:15:19,716 [INFO]    ✅ Turnstile resuelto
2026-04-11 15:15:31,790 [INFO]    ⏳ Turnstile detectado — esperando resolución automática...
2026-04-11 15:15:31,826 [INFO]    ✅ Turnstile resuelto
2026-04-11 15:15:43,881 [INFO]    ⏳ Turnstile detectado — esperando resolución automática...
2026-04-11 15:15:43,900 [INFO]    ✅ Turnstile resuelto
2026-04-11 15:15:54,024 [INFO]    ⏳ Turnstile detectado — esperando resolución automática...
2026-04-11 15:15:54,041 [INFO]    ✅ Turnstile resuelto
2026-04-11 15:16:03,543 [INFO]    ⏳ Turnstile detectado — esperando resolución automática...
2026-04-11 15:16:03,563 [INFO]    ✅ Turnstile resuelto
2026-04-11 15:16:13,996 [INFO]    ⏳ Turnstile detectado — esperando resolución automática...
2026-04-11 15:16:14,014 [INFO]    ✅ Turnstile resuelto
2026-04-11 15:16:17,836 [INFO]    Página 2/5 → https://www.opcionempleo.com.ar/trabajo-business-intelligence.html?p=2
2026-04-11 15:16:25,549 [INFO]    ⏳ Turnstile detectado — esperando resolución automática...
2026-04-11 15:16:25,593 [INFO]    ✅ Turnstile resuelto
2026-04-11 15:16:29,354 [INFO]    → 20 ofertas encontradas
2026-04-11 15:16:36,302 [INFO]    ⏳ Turnstile detectado — esperando resolución automática...
2026-04-11 15:16:36,321 [INFO]    ✅ Turnstile resuelto
2026-04-11 15:16:46,229 [INFO]    ⏳ Turnstile detectado — esperando resolución automática...
2026-04-11 15:16:46,247 [INFO]    ✅ Turnstile resuelto
2026-04-11 15:16:56,576 [INFO]    ⏳ Turnstile detectado — esperando resolución automática...
2026-04-11 15:16:56,595 [INFO]    ✅ Turnstile resuelto
2026-04-11 15:17:09,311 [INFO]    ⏳ Turnstile detectado — esperando resolución automática...
2026-04-11 15:17:09,331 [INFO]    ✅ Turnstile resuelto
2026-04-11 15:17:19,715 [INFO]    ⏳ Turnstile detectado — esperando resolución automática...
2026-04-11 15:17:19,735 [INFO]    ✅ Turnstile resuelto
2026-04-11 15:17:31,608 [INFO]    ⏳ Turnstile detectado — esperando resolución automática...
2026-04-11 15:17:31,627 [INFO]    ✅ Turnstile resuelto
2026-04-11 15:17:42,360 [INFO]    ⏳ Turnstile detectado — esperando resolución automática...
2026-04-11 15:17:42,379 [INFO]    ✅ Turnstile resuelto
2026-04-11 15:17:53,420 [INFO]    ⏳ Turnstile detectado — esperando resolución automática...
2026-04-11 15:17:53,438 [INFO]    ✅ Turnstile resuelto
2026-04-11 15:18:04,632 [INFO]    ⏳ Turnstile detectado — esperando resolución automática...
2026-04-11 15:18:04,651 [INFO]    ✅ Turnstile resuelto
2026-04-11 15:18:14,298 [INFO]    ⏳ Turnstile detectado — esperando resolución automática...
2026-04-11 15:18:14,318 [INFO]    ✅ Turnstile resuelto
2026-04-11 15:18:24,648 [INFO]    ⏳ Turnstile detectado — esperando resolución automática...
2026-04-11 15:18:24,667 [INFO]    ✅ Turnstile resuelto
2026-04-11 15:18:34,929 [INFO]    ⏳ Turnstile detectado — esperando resolución automática...
2026-04-11 15:18:34,951 [INFO]    ✅ Turnstile resuelto
2026-04-11 15:18:45,742 [INFO]    ⏳ Turnstile detectado — esperando resolución automática...
2026-04-11 15:18:45,764 [INFO]    ✅ Turnstile resuelto
2026-04-11 15:18:57,825 [INFO]    ⏳ Turnstile detectado — esperando resolución automática...
2026-04-11 15:18:57,842 [INFO]    ✅ Turnstile resuelto
2026-04-11 15:19:07,630 [INFO]    ⏳ Turnstile detectado — esperando resolución automática...
2026-04-11 15:19:07,650 [INFO]    ✅ Turnstile resuelto
2026-04-11 15:19:18,718 [INFO]    ⏳ Turnstile detectado — esperando resolución automática...
2026-04-11 15:19:18,738 [INFO]    ✅ Turnstile resuelto
2026-04-11 15:19:29,053 [INFO]    ⏳ Turnstile detectado — esperando resolución automática...
2026-04-11 15:19:29,072 [INFO]    ✅ Turnstile resuelto
2026-04-11 15:19:40,713 [INFO]    ⏳ Turnstile detectado — esperando resolución automática...
2026-04-11 15:19:40,730 [INFO]    ✅ Turnstile resuelto
2026-04-11 15:19:52,412 [INFO]    ⏳ Turnstile detectado — esperando resolución automática...
2026-04-11 15:19:52,429 [INFO]    ✅ Turnstile resuelto
2026-04-11 15:20:03,880 [INFO]    ⏳ Turnstile detectado — esperando resolución automática...
2026-04-11 15:20:03,898 [INFO]    ✅ Turnstile resuelto
2026-04-11 15:20:07,245 [INFO]    Página 3/5 → https://www.opcionempleo.com.ar/trabajo-business-intelligence.html?p=3
2026-04-11 15:20:16,052 [INFO]    ⏳ Turnstile detectado — esperando resolución automática...
2026-04-11 15:20:16,073 [INFO]    ✅ Turnstile resuelto
2026-04-11 15:20:20,217 [INFO]    → 20 ofertas encontradas
2026-04-11 15:20:28,284 [INFO]    ⏳ Turnstile detectado — esperando resolución automática...
2026-04-11 15:20:28,302 [INFO]    ✅ Turnstile resuelto
2026-04-11 15:20:39,194 [INFO]    ⏳ Turnstile detectado — esperando resolución automática...
2026-04-11 15:20:39,213 [INFO]    ✅ Turnstile resuelto
2026-04-11 15:20:50,677 [INFO]    ⏳ Turnstile detectado — esperando resolución automática...
2026-04-11 15:20:50,698 [INFO]    ✅ Turnstile resuelto
2026-04-11 15:21:01,470 [INFO]    ⏳ Turnstile detectado — esperando resolución automática...
2026-04-11 15:21:01,488 [INFO]    ✅ Turnstile resuelto
2026-04-11 15:21:12,910 [INFO]    ⏳ Turnstile detectado — esperando resolución automática...
2026-04-11 15:21:12,941 [INFO]    ✅ Turnstile resuelto
2026-04-11 15:21:23,968 [INFO]    ⏳ Turnstile detectado — esperando resolución automática...
2026-04-11 15:21:23,989 [INFO]    ✅ Turnstile resuelto
2026-04-11 15:21:35,114 [INFO]    ⏳ Turnstile detectado — esperando resolución automática...
2026-04-11 15:21:35,133 [INFO]    ✅ Turnstile resuelto
2026-04-11 15:21:44,797 [INFO]    ⏳ Turnstile detectado — esperando resolución automática...
2026-04-11 15:21:44,816 [INFO]    ✅ Turnstile resuelto
2026-04-11 15:21:54,265 [INFO]    ⏳ Turnstile detectado — esperando resolución automática...
2026-04-11 15:21:54,283 [INFO]    ✅ Turnstile resuelto
2026-04-11 15:22:05,630 [INFO]    ⏳ Turnstile detectado — esperando resolución automática...
2026-04-11 15:22:05,649 [INFO]    ✅ Turnstile resuelto
2026-04-11 15:22:15,611 [INFO]    ⏳ Turnstile detectado — esperando resolución automática...
2026-04-11 15:22:15,630 [INFO]    ✅ Turnstile resuelto
2026-04-11 15:22:25,987 [INFO]    ⏳ Turnstile detectado — esperando resolución automática...
2026-04-11 15:22:26,025 [INFO]    ✅ Turnstile resuelto
2026-04-11 15:22:36,761 [INFO]    ⏳ Turnstile detectado — esperando resolución automática...
2026-04-11 15:22:36,783 [INFO]    ✅ Turnstile resuelto
2026-04-11 15:22:48,339 [INFO]    ⏳ Turnstile detectado — esperando resolución automática...
2026-04-11 15:22:48,357 [INFO]    ✅ Turnstile resuelto
2026-04-11 15:22:59,370 [INFO]    ⏳ Turnstile detectado — esperando resolución automática...
2026-04-11 15:22:59,390 [INFO]    ✅ Turnstile resuelto
2026-04-11 15:23:11,375 [INFO]    ⏳ Turnstile detectado — esperando resolución automática...
2026-04-11 15:23:11,394 [INFO]    ✅ Turnstile resuelto
2026-04-11 15:23:21,817 [INFO]    ⏳ Turnstile detectado — esperando resolución automática...
2026-04-11 15:23:21,836 [INFO]    ✅ Turnstile resuelto
2026-04-11 15:23:32,499 [INFO]    ⏳ Turnstile detectado — esperando resolución automática...
2026-04-11 15:23:32,517 [INFO]    ✅ Turnstile resuelto
2026-04-11 15:23:43,737 [INFO]    ⏳ Turnstile detectado — esperando resolución automática...
2026-04-11 15:23:43,755 [INFO]    ✅ Turnstile resuelto
2026-04-11 15:23:54,582 [INFO]    ⏳ Turnstile detectado — esperando resolución automática...
2026-04-11 15:23:54,602 [INFO]    ✅ Turnstile resuelto
2026-04-11 15:23:57,732 [INFO]    Página 4/5 → https://www.opcionempleo.com.ar/trabajo-business-intelligence.html?p=4
2026-04-11 15:24:07,890 [INFO]    ⏳ Turnstile detectado — esperando resolución automática...
2026-04-11 15:24:07,911 [INFO]    ✅ Turnstile resuelto
2026-04-11 15:24:11,876 [INFO]    → 20 ofertas encontradas
2026-04-11 15:24:18,648 [INFO]    ⏳ Turnstile detectado — esperando resolución automática...
2026-04-11 15:24:18,668 [INFO]    ✅ Turnstile resuelto
2026-04-11 15:24:30,116 [INFO]    ⏳ Turnstile detectado — esperando resolución automática...
2026-04-11 15:24:30,134 [INFO]    ✅ Turnstile resuelto
2026-04-11 15:24:40,771 [INFO]    ⏳ Turnstile detectado — esperando resolución automática...
2026-04-11 15:24:40,793 [INFO]    ✅ Turnstile resuelto
2026-04-11 15:24:52,656 [INFO]    ⏳ Turnstile detectado — esperando resolución automática...
2026-04-11 15:24:52,675 [INFO]    ✅ Turnstile resuelto
2026-04-11 15:25:05,037 [INFO]    ⏳ Turnstile detectado — esperando resolución automática...
2026-04-11 15:25:05,058 [INFO]    ✅ Turnstile resuelto
2026-04-11 15:25:15,174 [INFO]    ⏳ Turnstile detectado — esperando resolución automática...
2026-04-11 15:25:15,191 [INFO]    ✅ Turnstile resuelto
2026-04-11 15:25:27,467 [INFO]    ⏳ Turnstile detectado — esperando resolución automática...
2026-04-11 15:25:27,497 [INFO]    ✅ Turnstile resuelto
2026-04-11 15:25:37,909 [INFO]    ⏳ Turnstile detectado — esperando resolución automática...
2026-04-11 15:25:37,927 [INFO]    ✅ Turnstile resuelto
2026-04-11 15:25:47,333 [INFO]    ⏳ Turnstile detectado — esperando resolución automática...
2026-04-11 15:25:47,351 [INFO]    ✅ Turnstile resuelto
2026-04-11 15:25:59,003 [INFO]    ⏳ Turnstile detectado — esperando resolución automática...
2026-04-11 15:25:59,022 [INFO]    ✅ Turnstile resuelto
2026-04-11 15:26:10,677 [INFO]    ⏳ Turnstile detectado — esperando resolución automática...
2026-04-11 15:26:10,697 [INFO]    ✅ Turnstile resuelto
2026-04-11 15:26:21,843 [INFO]    ⏳ Turnstile detectado — esperando resolución automática...
2026-04-11 15:26:21,860 [INFO]    ✅ Turnstile resuelto
2026-04-11 15:26:32,901 [INFO]    ⏳ Turnstile detectado — esperando resolución automática...
2026-04-11 15:26:32,918 [INFO]    ✅ Turnstile resuelto
2026-04-11 15:26:42,720 [INFO]    ⏳ Turnstile detectado — esperando resolución automática...
2026-04-11 15:26:42,756 [INFO]    ✅ Turnstile resuelto
2026-04-11 15:26:54,812 [INFO]    ⏳ Turnstile detectado — esperando resolución automática...
2026-04-11 15:26:54,829 [INFO]    ✅ Turnstile resuelto
2026-04-11 15:27:05,363 [INFO]    ⏳ Turnstile detectado — esperando resolución automática...
2026-04-11 15:27:05,381 [INFO]    ✅ Turnstile resuelto
2026-04-11 15:27:16,523 [INFO]    ⏳ Turnstile detectado — esperando resolución automática...
2026-04-11 15:27:16,544 [INFO]    ✅ Turnstile resuelto
2026-04-11 15:27:26,640 [INFO]    ⏳ Turnstile detectado — esperando resolución automática...
2026-04-11 15:27:26,660 [INFO]    ✅ Turnstile resuelto
2026-04-11 15:27:37,308 [INFO]    ⏳ Turnstile detectado — esperando resolución automática...
2026-04-11 15:27:37,328 [INFO]    ✅ Turnstile resuelto
2026-04-11 15:27:49,082 [INFO]    ⏳ Turnstile detectado — esperando resolución automática...
2026-04-11 15:27:49,121 [INFO]    ✅ Turnstile resuelto
2026-04-11 15:27:52,227 [INFO]    Página 5/5 → https://www.opcionempleo.com.ar/trabajo-business-intelligence.html?p=5
2026-04-11 15:28:00,749 [INFO]    ⏳ Turnstile detectado — esperando resolución automática...
2026-04-11 15:28:00,770 [INFO]    ✅ Turnstile resuelto
2026-04-11 15:28:04,403 [INFO]    → 20 ofertas encontradas
2026-04-11 15:28:12,797 [INFO]    ⏳ Turnstile detectado — esperando resolución automática...
2026-04-11 15:28:12,815 [INFO]    ✅ Turnstile resuelto
2026-04-11 15:28:23,697 [INFO]    ⏳ Turnstile detectado — esperando resolución automática...
2026-04-11 15:28:23,716 [INFO]    ✅ Turnstile resuelto
2026-04-11 15:28:34,862 [INFO]    ⏳ Turnstile detectado — esperando resolución automática...
2026-04-11 15:28:34,883 [INFO]    ✅ Turnstile resuelto
2026-04-11 15:28:44,707 [INFO]    ⏳ Turnstile detectado — esperando resolución automática...
2026-04-11 15:28:44,748 [INFO]    ✅ Turnstile resuelto
2026-04-11 15:28:54,730 [INFO]    ⏳ Turnstile detectado — esperando resolución automática...
2026-04-11 15:28:54,748 [INFO]    ✅ Turnstile resuelto
2026-04-11 15:29:06,597 [INFO]    ⏳ Turnstile detectado — esperando resolución automática...
2026-04-11 15:29:06,621 [INFO]    ✅ Turnstile resuelto
2026-04-11 15:29:16,590 [INFO]    ⏳ Turnstile detectado — esperando resolución automática...
2026-04-11 15:29:16,607 [INFO]    ✅ Turnstile resuelto
2026-04-11 15:29:27,017 [INFO]    ⏳ Turnstile detectado — esperando resolución automática...
2026-04-11 15:29:27,035 [INFO]    ✅ Turnstile resuelto
2026-04-11 15:29:37,039 [INFO]    ⏳ Turnstile detectado — esperando resolución automática...
2026-04-11 15:29:37,056 [INFO]    ✅ Turnstile resuelto
2026-04-11 15:29:47,246 [INFO]    ⏳ Turnstile detectado — esperando resolución automática...
2026-04-11 15:29:47,266 [INFO]    ✅ Turnstile resuelto
2026-04-11 15:29:57,909 [INFO]    ⏳ Turnstile detectado — esperando resolución automática...
2026-04-11 15:29:57,943 [INFO]    ✅ Turnstile resuelto
2026-04-11 15:30:08,559 [INFO]    ⏳ Turnstile detectado — esperando resolución automática...
2026-04-11 15:30:08,580 [INFO]    ✅ Turnstile resuelto
2026-04-11 15:30:19,324 [INFO]    ⏳ Turnstile detectado — esperando resolución automática...
2026-04-11 15:30:19,343 [INFO]    ✅ Turnstile resuelto
2026-04-11 15:30:29,660 [INFO]    ⏳ Turnstile detectado — esperando resolución automática...
2026-04-11 15:30:29,682 [INFO]    ✅ Turnstile resuelto
2026-04-11 15:30:41,013 [INFO]    ⏳ Turnstile detectado — esperando resolución automática...
2026-04-11 15:30:41,034 [INFO]    ✅ Turnstile resuelto
2026-04-11 15:30:51,670 [INFO]    ⏳ Turnstile detectado — esperando resolución automática...
2026-04-11 15:30:51,689 [INFO]    ✅ Turnstile resuelto
2026-04-11 15:31:02,835 [INFO]    ⏳ Turnstile detectado — esperando resolución automática...
2026-04-11 15:31:02,854 [INFO]    ✅ Turnstile resuelto
2026-04-11 15:31:14,803 [INFO]    ⏳ Turnstile detectado — esperando resolución automática...
2026-04-11 15:31:14,821 [INFO]    ✅ Turnstile resuelto
2026-04-11 15:31:24,679 [INFO]    ⏳ Turnstile detectado — esperando resolución automática...
2026-04-11 15:31:24,701 [INFO]    ✅ Turnstile resuelto
2026-04-11 15:31:36,510 [INFO]    ⏳ Turnstile detectado — esperando resolución automática...
2026-04-11 15:31:36,529 [INFO]    ✅ Turnstile resuelto
2026-04-11 15:31:40,255 [INFO] Exportadas 100 ofertas → /media/carlos-a-cicconi/Common1/Repositorios-Ing.Carlos-Cicconi/Trabajo_Final_MCD/data/raw/opcionempleo_20260411.csv
2026-04-11 15:31:40,255 [INFO] ✅ 'BI / Analytics': 100 ofertas guardadas
2026-04-11 15:31:40,255 [INFO]    💤 Pausa: 8.3s
2026-04-11 15:31:48,572 [INFO] 
🔍 Buscando: 'Python Developer'
2026-04-11 15:31:48,572 [INFO]    Página 1/5 → https://www.opcionempleo.com.ar/trabajo-python.html
2026-04-11 15:31:58,217 [INFO]    ⏳ Turnstile detectado — esperando resolución automática...
2026-04-11 15:31:58,258 [INFO]    ✅ Turnstile resuelto
2026-04-11 15:32:02,873 [INFO]    → 20 ofertas encontradas
2026-04-11 15:32:10,209 [INFO]    ⏳ Turnstile detectado — esperando resolución automática...
2026-04-11 15:32:10,227 [INFO]    ✅ Turnstile resuelto
2026-04-11 15:32:22,186 [INFO]    ⏳ Turnstile detectado — esperando resolución automática...
2026-04-11 15:32:22,206 [INFO]    ✅ Turnstile resuelto
2026-04-11 15:32:33,703 [INFO]    ⏳ Turnstile detectado — esperando resolución automática...
2026-04-11 15:32:33,720 [INFO]    ✅ Turnstile resuelto
2026-04-11 15:32:45,293 [INFO]    ⏳ Turnstile detectado — esperando resolución automática...
2026-04-11 15:32:45,312 [INFO]    ✅ Turnstile resuelto
2026-04-11 15:32:57,099 [INFO]    ⏳ Turnstile detectado — esperando resolución automática...
2026-04-11 15:32:57,118 [INFO]    ✅ Turnstile resuelto
2026-04-11 15:33:07,439 [INFO]    ⏳ Turnstile detectado — esperando resolución automática...
2026-04-11 15:33:07,457 [INFO]    ✅ Turnstile resuelto
2026-04-11 15:33:19,421 [INFO]    ⏳ Turnstile detectado — esperando resolución automática...
2026-04-11 15:33:19,441 [INFO]    ✅ Turnstile resuelto
2026-04-11 15:33:30,686 [INFO]    ⏳ Turnstile detectado — esperando resolución automática...
2026-04-11 15:33:30,704 [INFO]    ✅ Turnstile resuelto
2026-04-11 15:33:42,121 [INFO]    ⏳ Turnstile detectado — esperando resolución automática...
2026-04-11 15:33:42,139 [INFO]    ✅ Turnstile resuelto
2026-04-11 15:33:51,975 [INFO]    ⏳ Turnstile detectado — esperando resolución automática...
2026-04-11 15:33:51,993 [INFO]    ✅ Turnstile resuelto
2026-04-11 15:34:04,061 [INFO]    ⏳ Turnstile detectado — esperando resolución automática...
2026-04-11 15:34:04,081 [INFO]    ✅ Turnstile resuelto
2026-04-11 15:34:14,105 [INFO]    ⏳ Turnstile detectado — esperando resolución automática...
2026-04-11 15:34:14,123 [INFO]    ✅ Turnstile resuelto
2026-04-11 15:34:25,099 [INFO]    ⏳ Turnstile detectado — esperando resolución automática...
2026-04-11 15:34:25,118 [INFO]    ✅ Turnstile resuelto
2026-04-11 15:34:37,038 [INFO]    ⏳ Turnstile detectado — esperando resolución automática...
2026-04-11 15:34:37,056 [INFO]    ✅ Turnstile resuelto
2026-04-11 15:34:47,327 [INFO]    ⏳ Turnstile detectado — esperando resolución automática...
2026-04-11 15:34:47,344 [INFO]    ✅ Turnstile resuelto
2026-04-11 15:34:59,359 [INFO]    ⏳ Turnstile detectado — esperando resolución automática...
2026-04-11 15:34:59,377 [INFO]    ✅ Turnstile resuelto
2026-04-11 15:35:09,816 [INFO]    ⏳ Turnstile detectado — esperando resolución automática...
2026-04-11 15:35:09,841 [INFO]    ✅ Turnstile resuelto
2026-04-11 15:35:19,329 [INFO]    ⏳ Turnstile detectado — esperando resolución automática...
2026-04-11 15:35:19,348 [INFO]    ✅ Turnstile resuelto
2026-04-11 15:35:30,088 [INFO]    ⏳ Turnstile detectado — esperando resolución automática...
2026-04-11 15:35:30,107 [INFO]    ✅ Turnstile resuelto
2026-04-11 15:35:40,330 [INFO]    ⏳ Turnstile detectado — esperando resolución automática...
2026-04-11 15:35:40,350 [INFO]    ✅ Turnstile resuelto
2026-04-11 15:35:43,977 [INFO]    Página 2/5 → https://www.opcionempleo.com.ar/trabajo-python.html?p=2
2026-04-11 15:35:51,426 [INFO]    ⏳ Turnstile detectado — esperando resolución automática...
2026-04-11 15:35:51,482 [INFO]    ✅ Turnstile resuelto
2026-04-11 15:35:55,386 [INFO]    → 20 ofertas encontradas
2026-04-11 15:36:03,767 [INFO]    ⏳ Turnstile detectado — esperando resolución automática...
2026-04-11 15:36:03,785 [INFO]    ✅ Turnstile resuelto
2026-04-11 15:36:15,851 [INFO]    ⏳ Turnstile detectado — esperando resolución automática...
2026-04-11 15:36:15,870 [INFO]    ✅ Turnstile resuelto
2026-04-11 15:36:26,399 [INFO]    ⏳ Turnstile detectado — esperando resolución automática...
2026-04-11 15:36:26,419 [INFO]    ✅ Turnstile resuelto
2026-04-11 15:36:36,945 [INFO]    ⏳ Turnstile detectado — esperando resolución automática...
2026-04-11 15:36:36,964 [INFO]    ✅ Turnstile resuelto
2026-04-11 15:36:47,902 [INFO]    ⏳ Turnstile detectado — esperando resolución automática...
2026-04-11 15:36:47,921 [INFO]    ✅ Turnstile resuelto
2026-04-11 15:36:59,618 [INFO]    ⏳ Turnstile detectado — esperando resolución automática...
2026-04-11 15:36:59,636 [INFO]    ✅ Turnstile resuelto
2026-04-11 15:37:10,400 [INFO]    ⏳ Turnstile detectado — esperando resolución automática...
2026-04-11 15:37:10,419 [INFO]    ✅ Turnstile resuelto
2026-04-11 15:37:20,053 [INFO]    ⏳ Turnstile detectado — esperando resolución automática...
2026-04-11 15:37:20,071 [INFO]    ✅ Turnstile resuelto
2026-04-11 15:37:31,246 [INFO]    ⏳ Turnstile detectado — esperando resolución automática...
2026-04-11 15:37:31,263 [INFO]    ✅ Turnstile resuelto
2026-04-11 15:37:42,099 [INFO]    ⏳ Turnstile detectado — esperando resolución automática...
2026-04-11 15:37:42,160 [INFO]    ✅ Turnstile resuelto
2026-04-11 15:37:52,923 [INFO]    ⏳ Turnstile detectado — esperando resolución automática...
2026-04-11 15:37:52,944 [INFO]    ✅ Turnstile resuelto
2026-04-11 15:38:05,116 [INFO]    ⏳ Turnstile detectado — esperando resolución automática...
2026-04-11 15:38:05,140 [INFO]    ✅ Turnstile resuelto
2026-04-11 15:38:15,868 [INFO]    ⏳ Turnstile detectado — esperando resolución automática...
2026-04-11 15:38:15,885 [INFO]    ✅ Turnstile resuelto
2026-04-11 15:38:26,818 [INFO]    ⏳ Turnstile detectado — esperando resolución automática...
2026-04-11 15:38:26,837 [INFO]    ✅ Turnstile resuelto
2026-04-11 15:38:37,368 [INFO]    ⏳ Turnstile detectado — esperando resolución automática...
2026-04-11 15:38:37,387 [INFO]    ✅ Turnstile resuelto
2026-04-11 15:38:47,526 [INFO]    ⏳ Turnstile detectado — esperando resolución automática...
2026-04-11 15:38:47,547 [INFO]    ✅ Turnstile resuelto
2026-04-11 15:38:58,463 [INFO]    ⏳ Turnstile detectado — esperando resolución automática...
2026-04-11 15:38:58,481 [INFO]    ✅ Turnstile resuelto
2026-04-11 15:39:08,545 [INFO]    ⏳ Turnstile detectado — esperando resolución automática...
2026-04-11 15:39:08,564 [INFO]    ✅ Turnstile resuelto
2026-04-11 15:39:19,083 [INFO]    ⏳ Turnstile detectado — esperando resolución automática...
2026-04-11 15:39:19,101 [INFO]    ✅ Turnstile resuelto
2026-04-11 15:39:29,283 [INFO]    ⏳ Turnstile detectado — esperando resolución automática...
2026-04-11 15:39:29,300 [INFO]    ✅ Turnstile resuelto
2026-04-11 15:39:33,355 [INFO]    Página 3/5 → https://www.opcionempleo.com.ar/trabajo-python.html?p=3
2026-04-11 15:39:42,391 [INFO]    ⏳ Turnstile detectado — esperando resolución automática...
2026-04-11 15:39:42,410 [INFO]    ✅ Turnstile resuelto
2026-04-11 15:39:46,074 [INFO]    → 19 ofertas encontradas
2026-04-11 15:39:52,419 [INFO]    ⏳ Turnstile detectado — esperando resolución automática...
2026-04-11 15:39:52,439 [INFO]    ✅ Turnstile resuelto
2026-04-11 15:40:01,844 [INFO]    ⏳ Turnstile detectado — esperando resolución automática...
2026-04-11 15:40:01,890 [INFO]    ✅ Turnstile resuelto
2026-04-11 15:40:11,816 [INFO]    ⏳ Turnstile detectado — esperando resolución automática...
2026-04-11 15:40:11,837 [INFO]    ✅ Turnstile resuelto
2026-04-11 15:40:22,365 [INFO]    ⏳ Turnstile detectado — esperando resolución automática...
2026-04-11 15:40:22,382 [INFO]    ✅ Turnstile resuelto
2026-04-11 15:40:32,718 [INFO]    ⏳ Turnstile detectado — esperando resolución automática...
2026-04-11 15:40:32,741 [INFO]    ✅ Turnstile resuelto
2026-04-11 15:40:44,033 [INFO]    ⏳ Turnstile detectado — esperando resolución automática...
2026-04-11 15:40:44,053 [INFO]    ✅ Turnstile resuelto
2026-04-11 15:40:55,399 [INFO]    ⏳ Turnstile detectado — esperando resolución automática...
2026-04-11 15:40:55,419 [INFO]    ✅ Turnstile resuelto
2026-04-11 15:41:06,765 [INFO]    ⏳ Turnstile detectado — esperando resolución automática...
2026-04-11 15:41:06,785 [INFO]    ✅ Turnstile resuelto
2026-04-11 15:41:17,213 [INFO]    ⏳ Turnstile detectado — esperando resolución automática...
2026-04-11 15:41:17,234 [INFO]    ✅ Turnstile resuelto
2026-04-11 15:41:28,130 [INFO]    ⏳ Turnstile detectado — esperando resolución automática...
2026-04-11 15:41:28,149 [INFO]    ✅ Turnstile resuelto
2026-04-11 15:41:39,128 [INFO]    ⏳ Turnstile detectado — esperando resolución automática...
2026-04-11 15:41:39,146 [INFO]    ✅ Turnstile resuelto
2026-04-11 15:41:49,576 [INFO]    ⏳ Turnstile detectado — esperando resolución automática...
2026-04-11 15:41:49,599 [INFO]    ✅ Turnstile resuelto
2026-04-11 15:42:00,321 [INFO]    ⏳ Turnstile detectado — esperando resolución automática...
2026-04-11 15:42:00,339 [INFO]    ✅ Turnstile resuelto
2026-04-11 15:42:11,526 [INFO]    ⏳ Turnstile detectado — esperando resolución automática...
2026-04-11 15:42:11,544 [INFO]    ✅ Turnstile resuelto
2026-04-11 15:42:23,477 [INFO]    ⏳ Turnstile detectado — esperando resolución automática...
2026-04-11 15:42:23,499 [INFO]    ✅ Turnstile resuelto
2026-04-11 15:42:35,339 [INFO]    ⏳ Turnstile detectado — esperando resolución automática...
2026-04-11 15:42:35,356 [INFO]    ✅ Turnstile resuelto
2026-04-11 15:42:46,116 [INFO]    ⏳ Turnstile detectado — esperando resolución automática...
2026-04-11 15:42:46,139 [INFO]    ✅ Turnstile resuelto
2026-04-11 15:42:56,233 [INFO]    ⏳ Turnstile detectado — esperando resolución automática...
2026-04-11 15:42:56,252 [INFO]    ✅ Turnstile resuelto
2026-04-11 15:43:06,474 [INFO]    ⏳ Turnstile detectado — esperando resolución automática...
2026-04-11 15:43:06,491 [INFO]    ✅ Turnstile resuelto
2026-04-11 15:43:10,238 [INFO]    Página 4/5 → https://www.opcionempleo.com.ar/trabajo-python.html?p=4
2026-04-11 15:43:17,939 [INFO]    ⏳ Turnstile detectado — esperando resolución automática...
2026-04-11 15:43:17,958 [INFO]    ✅ Turnstile resuelto
2026-04-11 15:43:22,081 [INFO]    → 20 ofertas encontradas
2026-04-11 15:43:29,616 [INFO]    ⏳ Turnstile detectado — esperando resolución automática...
2026-04-11 15:43:29,636 [INFO]    ✅ Turnstile resuelto
2026-04-11 15:43:39,536 [INFO]    ⏳ Turnstile detectado — esperando resolución automática...
2026-04-11 15:43:39,554 [INFO]    ✅ Turnstile resuelto
2026-04-11 15:43:49,874 [INFO]    ⏳ Turnstile detectado — esperando resolución automática...
2026-04-11 15:43:49,891 [INFO]    ✅ Turnstile resuelto
2026-04-11 15:44:01,370 [INFO]    ⏳ Turnstile detectado — esperando resolución automática...
2026-04-11 15:44:01,389 [INFO]    ✅ Turnstile resuelto
2026-04-11 15:44:13,442 [INFO]    ⏳ Turnstile detectado — esperando resolución automática...
2026-04-11 15:44:13,477 [INFO]    ✅ Turnstile resuelto
2026-04-11 15:44:23,802 [INFO]    ⏳ Turnstile detectado — esperando resolución automática...
2026-04-11 15:44:23,821 [INFO]    ✅ Turnstile resuelto
2026-04-11 15:44:35,871 [INFO]    ⏳ Turnstile detectado — esperando resolución automática...
2026-04-11 15:44:35,891 [INFO]    ✅ Turnstile resuelto
2026-04-11 15:44:47,764 [INFO]    ⏳ Turnstile detectado — esperando resolución automática...
2026-04-11 15:44:47,781 [INFO]    ✅ Turnstile resuelto
2026-04-11 15:44:59,494 [INFO]    ⏳ Turnstile detectado — esperando resolución automática...
2026-04-11 15:44:59,513 [INFO]    ✅ Turnstile resuelto
2026-04-11 15:45:11,505 [INFO]    ⏳ Turnstile detectado — esperando resolución automática...
2026-04-11 15:45:11,522 [INFO]    ✅ Turnstile resuelto
2026-04-11 15:45:21,743 [INFO]    ⏳ Turnstile detectado — esperando resolución automática...
2026-04-11 15:45:21,766 [INFO]    ✅ Turnstile resuelto
2026-04-11 15:45:33,616 [INFO]    ⏳ Turnstile detectado — esperando resolución automática...
2026-04-11 15:45:33,634 [INFO]    ✅ Turnstile resuelto
2026-04-11 15:45:45,805 [INFO]    ⏳ Turnstile detectado — esperando resolución automática...
2026-04-11 15:45:45,825 [INFO]    ✅ Turnstile resuelto
2026-04-11 15:45:57,435 [INFO]    ⏳ Turnstile detectado — esperando resolución automática...
2026-04-11 15:45:57,454 [INFO]    ✅ Turnstile resuelto
2026-04-11 15:46:08,640 [INFO]    ⏳ Turnstile detectado — esperando resolución automática...
2026-04-11 15:46:08,661 [INFO]    ✅ Turnstile resuelto
2026-04-11 15:46:20,350 [INFO]    ⏳ Turnstile detectado — esperando resolución automática...
2026-04-11 15:46:20,368 [INFO]    ✅ Turnstile resuelto
2026-04-11 15:46:32,334 [INFO]    ⏳ Turnstile detectado — esperando resolución automática...
2026-04-11 15:46:32,351 [INFO]    ✅ Turnstile resuelto
2026-04-11 15:46:42,528 [INFO]    ⏳ Turnstile detectado — esperando resolución automática...
2026-04-11 15:46:42,547 [INFO]    ✅ Turnstile resuelto
2026-04-11 15:46:53,386 [INFO]    ⏳ Turnstile detectado — esperando resolución automática...
2026-04-11 15:46:53,406 [INFO]    ✅ Turnstile resuelto
2026-04-11 15:47:04,118 [INFO]    ⏳ Turnstile detectado — esperando resolución automática...
2026-04-11 15:47:04,137 [INFO]    ✅ Turnstile resuelto
2026-04-11 15:47:07,395 [INFO]    Página 5/5 → https://www.opcionempleo.com.ar/trabajo-python.html?p=5
2026-04-11 15:47:14,988 [INFO]    ⏳ Turnstile detectado — esperando resolución automática...
2026-04-11 15:47:15,008 [INFO]    ✅ Turnstile resuelto
2026-04-11 15:47:18,759 [INFO]    → 20 ofertas encontradas
2026-04-11 15:47:25,134 [INFO]    ⏳ Turnstile detectado — esperando resolución automática...
2026-04-11 15:47:25,153 [INFO]    ✅ Turnstile resuelto
2026-04-11 15:47:36,706 [INFO]    ⏳ Turnstile detectado — esperando resolución automática...
2026-04-11 15:47:36,723 [INFO]    ✅ Turnstile resuelto
2026-04-11 15:47:48,799 [INFO]    ⏳ Turnstile detectado — esperando resolución automática...
2026-04-11 15:47:48,819 [INFO]    ✅ Turnstile resuelto
2026-04-11 15:48:00,463 [INFO]    ⏳ Turnstile detectado — esperando resolución automática...
2026-04-11 15:48:00,484 [INFO]    ✅ Turnstile resuelto
2026-04-11 15:48:11,319 [INFO]    ⏳ Turnstile detectado — esperando resolución automática...
2026-04-11 15:48:11,341 [INFO]    ✅ Turnstile resuelto
2026-04-11 15:48:22,621 [INFO]    ⏳ Turnstile detectado — esperando resolución automática...
2026-04-11 15:48:22,640 [INFO]    ✅ Turnstile resuelto
2026-04-11 15:48:33,944 [INFO]    ⏳ Turnstile detectado — esperando resolución automática...
2026-04-11 15:48:33,962 [INFO]    ✅ Turnstile resuelto
2026-04-11 15:48:45,174 [INFO]    ⏳ Turnstile detectado — esperando resolución automática...
2026-04-11 15:48:45,190 [INFO]    ✅ Turnstile resuelto
2026-04-11 15:48:55,859 [INFO]    ⏳ Turnstile detectado — esperando resolución automática...
2026-04-11 15:48:55,877 [INFO]    ✅ Turnstile resuelto
2026-04-11 15:49:07,096 [INFO]    ⏳ Turnstile detectado — esperando resolución automática...
2026-04-11 15:49:07,114 [INFO]    ✅ Turnstile resuelto
2026-04-11 15:49:17,469 [INFO]    ⏳ Turnstile detectado — esperando resolución automática...
2026-04-11 15:49:17,488 [INFO]    ✅ Turnstile resuelto
2026-04-11 15:49:29,547 [INFO]    ⏳ Turnstile detectado — esperando resolución automática...
2026-04-11 15:49:29,567 [INFO]    ✅ Turnstile resuelto
2026-04-11 15:49:40,812 [INFO]    ⏳ Turnstile detectado — esperando resolución automática...
2026-04-11 15:49:40,832 [INFO]    ✅ Turnstile resuelto
2026-04-11 15:49:50,953 [INFO]    ⏳ Turnstile detectado — esperando resolución automática...
2026-04-11 15:49:50,973 [INFO]    ✅ Turnstile resuelto
2026-04-11 15:50:03,358 [INFO]    ⏳ Turnstile detectado — esperando resolución automática...
2026-04-11 15:50:03,381 [INFO]    ✅ Turnstile resuelto
2026-04-11 15:50:13,862 [INFO]    ⏳ Turnstile detectado — esperando resolución automática...
2026-04-11 15:50:13,882 [INFO]    ✅ Turnstile resuelto
2026-04-11 15:50:24,202 [INFO]    ⏳ Turnstile detectado — esperando resolución automática...
2026-04-11 15:50:24,220 [INFO]    ✅ Turnstile resuelto
2026-04-11 15:50:34,774 [INFO]    ⏳ Turnstile detectado — esperando resolución automática...
2026-04-11 15:50:34,791 [INFO]    ✅ Turnstile resuelto
2026-04-11 15:50:46,535 [INFO]    ⏳ Turnstile detectado — esperando resolución automática...
2026-04-11 15:50:46,555 [INFO]    ✅ Turnstile resuelto
2026-04-11 15:50:57,712 [INFO]    ⏳ Turnstile detectado — esperando resolución automática...
2026-04-11 15:50:57,733 [INFO]    ✅ Turnstile resuelto
2026-04-11 15:51:01,653 [INFO] Exportadas 99 ofertas → /media/carlos-a-cicconi/Common1/Repositorios-Ing.Carlos-Cicconi/Trabajo_Final_MCD/data/raw/opcionempleo_20260411.csv
2026-04-11 15:51:01,653 [INFO] ✅ 'Python Developer': 99 ofertas guardadas
2026-04-11 15:51:01,653 [INFO]    💤 Pausa: 9.8s
2026-04-11 15:51:11,458 [INFO] 
🔍 Buscando: 'R Developer'
2026-04-11 15:51:11,458 [INFO]    Página 1/5 → https://www.opcionempleo.com.ar/trabajo-r.html
2026-04-11 15:51:20,749 [INFO]    ⏳ Turnstile detectado — esperando resolución automática...
2026-04-11 15:51:20,767 [INFO]    ✅ Turnstile resuelto
2026-04-11 15:51:24,760 [INFO]    → 20 ofertas encontradas
2026-04-11 15:51:32,430 [INFO]    ⏳ Turnstile detectado — esperando resolución automática...
2026-04-11 15:51:32,453 [INFO]    ✅ Turnstile resuelto
2026-04-11 15:51:42,979 [INFO]    ⏳ Turnstile detectado — esperando resolución automática...
2026-04-11 15:51:43,022 [INFO]    ✅ Turnstile resuelto
2026-04-11 15:51:54,552 [INFO]    ⏳ Turnstile detectado — esperando resolución automática...
2026-04-11 15:51:54,571 [INFO]    ✅ Turnstile resuelto
2026-04-11 15:52:04,990 [INFO]    ⏳ Turnstile detectado — esperando resolución automática...
2026-04-11 15:52:05,010 [INFO]    ✅ Turnstile resuelto
2026-04-11 15:52:15,842 [INFO]    ⏳ Turnstile detectado — esperando resolución automática...
2026-04-11 15:52:15,861 [INFO]    ✅ Turnstile resuelto
2026-04-11 15:52:26,704 [INFO]    ⏳ Turnstile detectado — esperando resolución automática...
2026-04-11 15:52:26,721 [INFO]    ✅ Turnstile resuelto
2026-04-11 15:52:37,852 [INFO]    ⏳ Turnstile detectado — esperando resolución automática...
2026-04-11 15:52:37,870 [INFO]    ✅ Turnstile resuelto
2026-04-11 15:52:48,928 [INFO]    ⏳ Turnstile detectado — esperando resolución automática...
2026-04-11 15:52:48,945 [INFO]    ✅ Turnstile resuelto
2026-04-11 15:53:00,391 [INFO]    ⏳ Turnstile detectado — esperando resolución automática...
2026-04-11 15:53:00,410 [INFO]    ✅ Turnstile resuelto
2026-04-11 15:53:10,719 [INFO]    ⏳ Turnstile detectado — esperando resolución automática...
2026-04-11 15:53:10,756 [INFO]    ✅ Turnstile resuelto
2026-04-11 15:53:23,027 [INFO]    ⏳ Turnstile detectado — esperando resolución automática...
2026-04-11 15:53:23,048 [INFO]    ✅ Turnstile resuelto
2026-04-11 15:53:35,489 [INFO]    ⏳ Turnstile detectado — esperando resolución automática...
2026-04-11 15:53:35,508 [INFO]    ✅ Turnstile resuelto
2026-04-11 15:53:46,376 [INFO]    ⏳ Turnstile detectado — esperando resolución automática...
2026-04-11 15:53:46,394 [INFO]    ✅ Turnstile resuelto
2026-04-11 15:53:57,849 [INFO]    ⏳ Turnstile detectado — esperando resolución automática...
2026-04-11 15:53:57,867 [INFO]    ✅ Turnstile resuelto
2026-04-11 15:54:09,866 [INFO]    ⏳ Turnstile detectado — esperando resolución automática...
2026-04-11 15:54:09,883 [INFO]    ✅ Turnstile resuelto
2026-04-11 15:54:20,881 [INFO]    ⏳ Turnstile detectado — esperando resolución automática...
2026-04-11 15:54:20,897 [INFO]    ✅ Turnstile resuelto
2026-04-11 15:54:31,643 [INFO]    ⏳ Turnstile detectado — esperando resolución automática...
2026-04-11 15:54:31,676 [INFO]    ✅ Turnstile resuelto
2026-04-11 15:54:42,589 [INFO]    ⏳ Turnstile detectado — esperando resolución automática...
2026-04-11 15:54:42,607 [INFO]    ✅ Turnstile resuelto
2026-04-11 15:54:53,651 [INFO]    ⏳ Turnstile detectado — esperando resolución automática...
2026-04-11 15:54:53,670 [INFO]    ✅ Turnstile resuelto
2026-04-11 15:55:03,498 [INFO]    ⏳ Turnstile detectado — esperando resolución automática...
2026-04-11 15:55:03,538 [INFO]    ✅ Turnstile resuelto
2026-04-11 15:55:07,415 [INFO]    Página 2/5 → https://www.opcionempleo.com.ar/trabajo-r.html?p=2
2026-04-11 15:55:15,448 [INFO]    ⏳ Turnstile detectado — esperando resolución automática...
2026-04-11 15:55:15,469 [INFO]    ✅ Turnstile resuelto
2026-04-11 15:55:19,892 [INFO]    → 20 ofertas encontradas
2026-04-11 15:55:26,401 [INFO]    ⏳ Turnstile detectado — esperando resolución automática...
2026-04-11 15:55:26,421 [INFO]    ✅ Turnstile resuelto
2026-04-11 15:55:37,993 [INFO]    ⏳ Turnstile detectado — esperando resolución automática...
2026-04-11 15:55:38,029 [INFO]    ✅ Turnstile resuelto
2026-04-11 15:55:49,662 [INFO]    ⏳ Turnstile detectado — esperando resolución automática...
2026-04-11 15:55:49,687 [INFO]    ✅ Turnstile resuelto
2026-04-11 15:55:59,290 [INFO]    ⏳ Turnstile detectado — esperando resolución automática...
2026-04-11 15:55:59,317 [INFO]    ✅ Turnstile resuelto
2026-04-11 15:56:09,912 [INFO]    ⏳ Turnstile detectado — esperando resolución automática...
2026-04-11 15:56:09,932 [INFO]    ✅ Turnstile resuelto
2026-04-11 15:56:19,917 [INFO]    ⏳ Turnstile detectado — esperando resolución automática...
2026-04-11 15:56:19,938 [INFO]    ✅ Turnstile resuelto
2026-04-11 15:56:32,058 [INFO]    ⏳ Turnstile detectado — esperando resolución automática...
2026-04-11 15:56:32,077 [INFO]    ✅ Turnstile resuelto
2026-04-11 15:56:44,449 [INFO]    ⏳ Turnstile detectado — esperando resolución automática...
2026-04-11 15:56:44,469 [INFO]    ✅ Turnstile resuelto
2026-04-11 15:56:54,478 [INFO]    ⏳ Turnstile detectado — esperando resolución automática...
2026-04-11 15:56:54,515 [INFO]    ✅ Turnstile resuelto
2026-04-11 15:57:06,361 [INFO]    ⏳ Turnstile detectado — esperando resolución automática...
2026-04-11 15:57:06,381 [INFO]    ✅ Turnstile resuelto
2026-04-11 15:57:16,802 [INFO]    ⏳ Turnstile detectado — esperando resolución automática...
2026-04-11 15:57:16,819 [INFO]    ✅ Turnstile resuelto
2026-04-11 15:57:27,298 [INFO]    ⏳ Turnstile detectado — esperando resolución automática...
2026-04-11 15:57:27,317 [INFO]    ✅ Turnstile resuelto
2026-04-11 15:57:38,105 [INFO]    ⏳ Turnstile detectado — esperando resolución automática...
2026-04-11 15:57:38,124 [INFO]    ✅ Turnstile resuelto
2026-04-11 15:57:50,447 [INFO]    ⏳ Turnstile detectado — esperando resolución automática...
2026-04-11 15:57:50,466 [INFO]    ✅ Turnstile resuelto
2026-04-11 15:58:00,428 [INFO]    ⏳ Turnstile detectado — esperando resolución automática...
2026-04-11 15:58:00,446 [INFO]    ✅ Turnstile resuelto
2026-04-11 15:58:11,997 [INFO]    ⏳ Turnstile detectado — esperando resolución automática...
2026-04-11 15:58:12,015 [INFO]    ✅ Turnstile resuelto
2026-04-11 15:58:21,983 [INFO]    ⏳ Turnstile detectado — esperando resolución automática...
2026-04-11 15:58:22,004 [INFO]    ✅ Turnstile resuelto
2026-04-11 15:58:32,043 [INFO]    ⏳ Turnstile detectado — esperando resolución automática...
2026-04-11 15:58:32,062 [INFO]    ✅ Turnstile resuelto
2026-04-11 15:58:42,821 [INFO]    ⏳ Turnstile detectado — esperando resolución automática...
2026-04-11 15:58:42,839 [INFO]    ✅ Turnstile resuelto
2026-04-11 15:58:52,522 [INFO]    ⏳ Turnstile detectado — esperando resolución automática...
2026-04-11 15:58:52,544 [INFO]    ✅ Turnstile resuelto
2026-04-11 15:58:55,754 [INFO]    Página 3/5 → https://www.opcionempleo.com.ar/trabajo-r.html?p=3
2026-04-11 15:59:04,415 [INFO]    ⏳ Turnstile detectado — esperando resolución automática...
2026-04-11 15:59:04,450 [INFO]    ✅ Turnstile resuelto
2026-04-11 15:59:08,964 [INFO]    → 20 ofertas encontradas
2026-04-11 15:59:17,023 [INFO]    ⏳ Turnstile detectado — esperando resolución automática...
2026-04-11 15:59:17,047 [INFO]    ✅ Turnstile resuelto
2026-04-11 15:59:27,568 [INFO]    ⏳ Turnstile detectado — esperando resolución automática...
2026-04-11 15:59:27,585 [INFO]    ✅ Turnstile resuelto
2026-04-11 15:59:37,911 [INFO]    ⏳ Turnstile detectado — esperando resolución automática...
2026-04-11 15:59:37,929 [INFO]    ✅ Turnstile resuelto
2026-04-11 15:59:49,370 [INFO]    ⏳ Turnstile detectado — esperando resolución automática...
2026-04-11 15:59:49,389 [INFO]    ✅ Turnstile resuelto
2026-04-11 15:59:59,415 [INFO]    ⏳ Turnstile detectado — esperando resolución automática...
2026-04-11 15:59:59,433 [INFO]    ✅ Turnstile resuelto
2026-04-11 16:00:11,395 [INFO]    ⏳ Turnstile detectado — esperando resolución automática...
2026-04-11 16:00:11,413 [INFO]    ✅ Turnstile resuelto
2026-04-11 16:00:22,395 [INFO]    ⏳ Turnstile detectado — esperando resolución automática...
2026-04-11 16:00:22,413 [INFO]    ✅ Turnstile resuelto
2026-04-11 16:00:34,420 [INFO]    ⏳ Turnstile detectado — esperando resolución automática...
2026-04-11 16:00:34,444 [INFO]    ✅ Turnstile resuelto
2026-04-11 16:00:45,597 [INFO]    ⏳ Turnstile detectado — esperando resolución automática...
2026-04-11 16:00:45,615 [INFO]    ✅ Turnstile resuelto
2026-04-11 16:00:55,837 [INFO]    ⏳ Turnstile detectado — esperando resolución automática...
2026-04-11 16:00:55,856 [INFO]    ✅ Turnstile resuelto
2026-04-11 16:01:07,817 [INFO]    ⏳ Turnstile detectado — esperando resolución automática...
2026-04-11 16:01:07,837 [INFO]    ✅ Turnstile resuelto
2026-04-11 16:01:17,965 [INFO]    ⏳ Turnstile detectado — esperando resolución automática...
2026-04-11 16:01:17,982 [INFO]    ✅ Turnstile resuelto
2026-04-11 16:01:27,789 [INFO]    ⏳ Turnstile detectado — esperando resolución automática...
2026-04-11 16:01:27,808 [INFO]    ✅ Turnstile resuelto
2026-04-11 16:01:38,438 [INFO]    ⏳ Turnstile detectado — esperando resolución automática...
2026-04-11 16:01:38,457 [INFO]    ✅ Turnstile resuelto
2026-04-11 16:01:49,595 [INFO]    ⏳ Turnstile detectado — esperando resolución automática...
2026-04-11 16:01:49,617 [INFO]    ✅ Turnstile resuelto
2026-04-11 16:02:00,145 [INFO]    ⏳ Turnstile detectado — esperando resolución automática...
2026-04-11 16:02:00,161 [INFO]    ✅ Turnstile resuelto
2026-04-11 16:02:10,591 [INFO]    ⏳ Turnstile detectado — esperando resolución automática...
2026-04-11 16:02:10,608 [INFO]    ✅ Turnstile resuelto
2026-04-11 16:02:21,754 [INFO]    ⏳ Turnstile detectado — esperando resolución automática...
2026-04-11 16:02:21,772 [INFO]    ✅ Turnstile resuelto
2026-04-11 16:02:31,895 [INFO]    ⏳ Turnstile detectado — esperando resolución automática...
2026-04-11 16:02:31,913 [INFO]    ✅ Turnstile resuelto
2026-04-11 16:02:42,236 [INFO]    ⏳ Turnstile detectado — esperando resolución automática...
2026-04-11 16:02:42,252 [INFO]    ✅ Turnstile resuelto
2026-04-11 16:02:45,482 [INFO]    Página 4/5 → https://www.opcionempleo.com.ar/trabajo-r.html?p=4
2026-04-11 16:02:53,345 [INFO]    ⏳ Turnstile detectado — esperando resolución automática...
2026-04-11 16:02:53,411 [INFO]    ✅ Turnstile resuelto
2026-04-11 16:02:57,159 [INFO]    → 20 ofertas encontradas
2026-04-11 16:03:04,143 [INFO]    ⏳ Turnstile detectado — esperando resolución automática...
2026-04-11 16:03:04,162 [INFO]    ✅ Turnstile resuelto
2026-04-11 16:03:15,611 [INFO]    ⏳ Turnstile detectado — esperando resolución automática...
2026-04-11 16:03:15,632 [INFO]    ✅ Turnstile resuelto
2026-04-11 16:03:25,750 [INFO]    ⏳ Turnstile detectado — esperando resolución automática...
2026-04-11 16:03:25,768 [INFO]    ✅ Turnstile resuelto
2026-04-11 16:03:36,919 [INFO]    ⏳ Turnstile detectado — esperando resolución automática...
2026-04-11 16:03:36,936 [INFO]    ✅ Turnstile resuelto
2026-04-11 16:03:47,460 [INFO]    ⏳ Turnstile detectado — esperando resolución automática...
2026-04-11 16:03:47,482 [INFO]    ✅ Turnstile resuelto
2026-04-11 16:03:58,307 [INFO]    ⏳ Turnstile detectado — esperando resolución automática...
2026-04-11 16:03:58,325 [INFO]    ✅ Turnstile resuelto
2026-04-11 16:04:09,986 [INFO]    ⏳ Turnstile detectado — esperando resolución automática...
2026-04-11 16:04:10,005 [INFO]    ✅ Turnstile resuelto
2026-04-11 16:04:20,317 [INFO]    ⏳ Turnstile detectado — esperando resolución automática...
2026-04-11 16:04:20,335 [INFO]    ✅ Turnstile resuelto
2026-04-11 16:04:30,876 [INFO]    ⏳ Turnstile detectado — esperando resolución automática...
2026-04-11 16:04:30,898 [INFO]    ✅ Turnstile resuelto
2026-04-11 16:04:42,246 [INFO]    ⏳ Turnstile detectado — esperando resolución automática...
2026-04-11 16:04:42,265 [INFO]    ✅ Turnstile resuelto
2026-04-11 16:04:52,588 [INFO]    ⏳ Turnstile detectado — esperando resolución automática...
2026-04-11 16:04:52,608 [INFO]    ✅ Turnstile resuelto
2026-04-11 16:05:02,520 [INFO]    ⏳ Turnstile detectado — esperando resolución automática...
2026-04-11 16:05:02,538 [INFO]    ✅ Turnstile resuelto
2026-04-11 16:05:12,759 [INFO]    ⏳ Turnstile detectado — esperando resolución automática...
2026-04-11 16:05:12,779 [INFO]    ✅ Turnstile resuelto
2026-04-11 16:05:23,308 [INFO]    ⏳ Turnstile detectado — esperando resolución automática...
2026-04-11 16:05:23,330 [INFO]    ✅ Turnstile resuelto
2026-04-11 16:05:35,381 [INFO]    ⏳ Turnstile detectado — esperando resolución automática...
2026-04-11 16:05:35,400 [INFO]    ✅ Turnstile resuelto
2026-04-11 16:05:46,753 [INFO]    ⏳ Turnstile detectado — esperando resolución automática...
2026-04-11 16:05:46,771 [INFO]    ✅ Turnstile resuelto
2026-04-11 16:05:57,688 [INFO]    ⏳ Turnstile detectado — esperando resolución automática...
2026-04-11 16:05:57,707 [INFO]    ✅ Turnstile resuelto
2026-04-11 16:06:09,590 [INFO]    ⏳ Turnstile detectado — esperando resolución automática...
2026-04-11 16:06:09,611 [INFO]    ✅ Turnstile resuelto
2026-04-11 16:06:19,732 [INFO]    ⏳ Turnstile detectado — esperando resolución automática...
2026-04-11 16:06:19,749 [INFO]    ✅ Turnstile resuelto
2026-04-11 16:06:29,222 [INFO]    ⏳ Turnstile detectado — esperando resolución automática...
2026-04-11 16:06:29,243 [INFO]    ✅ Turnstile resuelto
2026-04-11 16:06:33,046 [INFO]    Página 5/5 → https://www.opcionempleo.com.ar/trabajo-r.html?p=5
2026-04-11 16:06:41,431 [INFO]    ⏳ Turnstile detectado — esperando resolución automática...
2026-04-11 16:06:41,451 [INFO]    ✅ Turnstile resuelto
2026-04-11 16:06:45,067 [INFO]    → 20 ofertas encontradas
2026-04-11 16:06:52,084 [INFO]    ⏳ Turnstile detectado — esperando resolución automática...
2026-04-11 16:06:52,104 [INFO]    ✅ Turnstile resuelto
2026-04-11 16:07:04,036 [INFO]    ⏳ Turnstile detectado — esperando resolución automática...
2026-04-11 16:07:04,058 [INFO]    ✅ Turnstile resuelto
2026-04-11 16:07:16,480 [INFO]    ⏳ Turnstile detectado — esperando resolución automática...
2026-04-11 16:07:16,499 [INFO]    ✅ Turnstile resuelto
2026-04-11 16:07:28,803 [INFO]    ⏳ Turnstile detectado — esperando resolución automática...
2026-04-11 16:07:28,823 [INFO]    ✅ Turnstile resuelto
2026-04-11 16:07:39,293 [INFO]    ⏳ Turnstile detectado — esperando resolución automática...
2026-04-11 16:07:39,312 [INFO]    ✅ Turnstile resuelto
2026-04-11 16:07:51,776 [INFO]    ⏳ Turnstile detectado — esperando resolución automática...
2026-04-11 16:07:51,794 [INFO]    ✅ Turnstile resuelto
2026-04-11 16:08:01,733 [INFO]    ⏳ Turnstile detectado — esperando resolución automática...
2026-04-11 16:08:01,783 [INFO]    ✅ Turnstile resuelto
2026-04-11 16:08:12,368 [INFO]    ⏳ Turnstile detectado — esperando resolución automática...
2026-04-11 16:08:12,387 [INFO]    ✅ Turnstile resuelto
2026-04-11 16:08:22,318 [INFO]    ⏳ Turnstile detectado — esperando resolución automática...
2026-04-11 16:08:22,339 [INFO]    ✅ Turnstile resuelto
2026-04-11 16:08:33,352 [INFO]    ⏳ Turnstile detectado — esperando resolución automática...
2026-04-11 16:08:33,371 [INFO]    ✅ Turnstile resuelto
2026-04-11 16:08:44,005 [INFO]    ⏳ Turnstile detectado — esperando resolución automática...
2026-04-11 16:08:44,025 [INFO]    ✅ Turnstile resuelto
2026-04-11 16:08:53,988 [INFO]    ⏳ Turnstile detectado — esperando resolución automática...
2026-04-11 16:08:54,006 [INFO]    ✅ Turnstile resuelto
2026-04-11 16:09:05,722 [INFO]    ⏳ Turnstile detectado — esperando resolución automática...
2026-04-11 16:09:05,741 [INFO]    ✅ Turnstile resuelto
2026-04-11 16:09:15,731 [INFO]    ⏳ Turnstile detectado — esperando resolución automática...
2026-04-11 16:09:15,752 [INFO]    ✅ Turnstile resuelto
2026-04-11 16:09:27,013 [INFO]    ⏳ Turnstile detectado — esperando resolución automática...
2026-04-11 16:09:27,034 [INFO]    ✅ Turnstile resuelto
2026-04-11 16:09:39,098 [INFO]    ⏳ Turnstile detectado — esperando resolución automática...
2026-04-11 16:09:39,121 [INFO]    ✅ Turnstile resuelto
2026-04-11 16:09:49,543 [INFO]    ⏳ Turnstile detectado — esperando resolución automática...
2026-04-11 16:09:49,562 [INFO]    ✅ Turnstile resuelto
2026-04-11 16:09:59,988 [INFO]    ⏳ Turnstile detectado — esperando resolución automática...
2026-04-11 16:10:00,010 [INFO]    ✅ Turnstile resuelto
2026-04-11 16:10:10,408 [INFO]    ⏳ Turnstile detectado — esperando resolución automática...
2026-04-11 16:10:10,435 [INFO]    ✅ Turnstile resuelto
2026-04-11 16:10:20,876 [INFO]    ⏳ Turnstile detectado — esperando resolución automática...
2026-04-11 16:10:20,894 [INFO]    ✅ Turnstile resuelto
2026-04-11 16:10:24,401 [INFO] Exportadas 100 ofertas → /media/carlos-a-cicconi/Common1/Repositorios-Ing.Carlos-Cicconi/Trabajo_Final_MCD/data/raw/opcionempleo_20260411.csv
2026-04-11 16:10:24,401 [INFO] ✅ 'R Developer': 100 ofertas guardadas
2026-04-11 16:10:24,401 [INFO]    💤 Pausa: 12.5s
2026-04-11 16:10:36,889 [INFO] 
🔍 Buscando: 'Julia Developer'
2026-04-11 16:10:36,890 [INFO]    Página 1/5 → https://www.opcionempleo.com.ar/trabajo-julia.html
2026-04-11 16:10:46,268 [INFO]    ⏳ Turnstile detectado — esperando resolución automática...
2026-04-11 16:10:46,287 [INFO]    ✅ Turnstile resuelto
2026-04-11 16:10:50,718 [INFO]    → 20 ofertas encontradas
2026-04-11 16:10:56,814 [INFO]    ⏳ Turnstile detectado — esperando resolución automática...
2026-04-11 16:10:56,833 [INFO]    ✅ Turnstile resuelto
2026-04-11 16:11:08,180 [INFO]    ⏳ Turnstile detectado — esperando resolución automática...
2026-04-11 16:11:08,227 [INFO]    ✅ Turnstile resuelto
2026-04-11 16:11:18,732 [INFO]    ⏳ Turnstile detectado — esperando resolución automática...
2026-04-11 16:11:18,752 [INFO]    ✅ Turnstile resuelto
2026-04-11 16:11:30,205 [INFO]    ⏳ Turnstile detectado — esperando resolución automática...
2026-04-11 16:11:30,224 [INFO]    ✅ Turnstile resuelto
2026-04-11 16:11:40,432 [INFO]    ⏳ Turnstile detectado — esperando resolución automática...
2026-04-11 16:11:40,451 [INFO]    ✅ Turnstile resuelto
2026-04-11 16:11:50,890 [INFO]    ⏳ Turnstile detectado — esperando resolución automática...
2026-04-11 16:11:50,908 [INFO]    ✅ Turnstile resuelto
2026-04-11 16:12:02,909 [INFO]    ⏳ Turnstile detectado — esperando resolución automática...
2026-04-11 16:12:02,930 [INFO]    ✅ Turnstile resuelto
2026-04-11 16:12:14,137 [INFO]    ⏳ Turnstile detectado — esperando resolución automática...
2026-04-11 16:12:14,156 [INFO]    ✅ Turnstile resuelto
2026-04-11 16:12:24,264 [INFO]    ⏳ Turnstile detectado — esperando resolución automática...
2026-04-11 16:12:24,281 [INFO]    ✅ Turnstile resuelto
2026-04-11 16:12:34,585 [INFO]    ⏳ Turnstile detectado — esperando resolución automática...
2026-04-11 16:12:34,603 [INFO]    ✅ Turnstile resuelto
2026-04-11 16:12:45,160 [INFO]    ⏳ Turnstile detectado — esperando resolución automática...
2026-04-11 16:12:45,179 [INFO]    ✅ Turnstile resuelto
2026-04-11 16:12:55,503 [INFO]    ⏳ Turnstile detectado — esperando resolución automática...
2026-04-11 16:12:55,525 [INFO]    ✅ Turnstile resuelto
2026-04-11 16:13:07,482 [INFO]    ⏳ Turnstile detectado — esperando resolución automática...
2026-04-11 16:13:07,503 [INFO]    ✅ Turnstile resuelto
2026-04-11 16:13:18,311 [INFO]    ⏳ Turnstile detectado — esperando resolución automática...
2026-04-11 16:13:18,334 [INFO]    ✅ Turnstile resuelto
2026-04-11 16:13:27,651 [INFO]    ⏳ Turnstile detectado — esperando resolución automática...
2026-04-11 16:13:27,669 [INFO]    ✅ Turnstile resuelto
2026-04-11 16:13:38,818 [INFO]    ⏳ Turnstile detectado — esperando resolución automática...
2026-04-11 16:13:38,836 [INFO]    ✅ Turnstile resuelto
2026-04-11 16:13:51,103 [INFO]    ⏳ Turnstile detectado — esperando resolución automática...
2026-04-11 16:13:51,148 [INFO]    ✅ Turnstile resuelto
2026-04-11 16:14:02,882 [INFO]    ⏳ Turnstile detectado — esperando resolución automática...
2026-04-11 16:14:02,901 [INFO]    ✅ Turnstile resuelto
2026-04-11 16:14:14,626 [INFO]    ⏳ Turnstile detectado — esperando resolución automática...
2026-04-11 16:14:14,643 [INFO]    ✅ Turnstile resuelto
2026-04-11 16:14:25,817 [INFO]    ⏳ Turnstile detectado — esperando resolución automática...
2026-04-11 16:14:25,835 [INFO]    ✅ Turnstile resuelto
2026-04-11 16:14:29,682 [INFO]    Página 2/5 → https://www.opcionempleo.com.ar/trabajo-julia.html?p=2
2026-04-11 16:14:37,215 [INFO]    ⏳ Turnstile detectado — esperando resolución automática...
2026-04-11 16:14:37,233 [INFO]    ✅ Turnstile resuelto
2026-04-11 16:14:41,149 [INFO]    → 9 ofertas encontradas
2026-04-11 16:14:48,754 [INFO]    ⏳ Turnstile detectado — esperando resolución automática...
2026-04-11 16:14:48,776 [INFO]    ✅ Turnstile resuelto
2026-04-11 16:14:59,604 [INFO]    ⏳ Turnstile detectado — esperando resolución automática...
2026-04-11 16:14:59,623 [INFO]    ✅ Turnstile resuelto
2026-04-11 16:15:09,742 [INFO]    ⏳ Turnstile detectado — esperando resolución automática...
2026-04-11 16:15:09,761 [INFO]    ✅ Turnstile resuelto
2026-04-11 16:15:22,242 [INFO]    ⏳ Turnstile detectado — esperando resolución automática...
2026-04-11 16:15:22,262 [INFO]    ✅ Turnstile resuelto
2026-04-11 16:15:33,604 [INFO]    ⏳ Turnstile detectado — esperando resolución automática...
2026-04-11 16:15:33,623 [INFO]    ✅ Turnstile resuelto
2026-04-11 16:15:44,151 [INFO]    ⏳ Turnstile detectado — esperando resolución automática...
2026-04-11 16:15:44,174 [INFO]    ✅ Turnstile resuelto
2026-04-11 16:15:54,286 [INFO]    ⏳ Turnstile detectado — esperando resolución automática...
2026-04-11 16:15:54,304 [INFO]    ✅ Turnstile resuelto
2026-04-11 16:16:05,677 [INFO]    ⏳ Turnstile detectado — esperando resolución automática...
2026-04-11 16:16:05,698 [INFO]    ✅ Turnstile resuelto
2026-04-11 16:16:15,745 [INFO]    ⏳ Turnstile detectado — esperando resolución automática...
2026-04-11 16:16:15,764 [INFO]    ✅ Turnstile resuelto
2026-04-11 16:16:19,154 [INFO]    Página 3/5 → https://www.opcionempleo.com.ar/trabajo-julia.html?p=3
2026-04-11 16:16:26,987 [INFO]    ⏳ Turnstile detectado — esperando resolución automática...
2026-04-11 16:16:27,006 [INFO]    ✅ Turnstile resuelto
2026-04-11 16:16:31,415 [INFO]    → 0 ofertas encontradas
2026-04-11 16:16:31,416 [INFO]    → Sin más resultados.
2026-04-11 16:16:31,417 [INFO] Exportadas 29 ofertas → /media/carlos-a-cicconi/Common1/Repositorios-Ing.Carlos-Cicconi/Trabajo_Final_MCD/data/raw/opcionempleo_20260411.csv
2026-04-11 16:16:31,417 [INFO] ✅ 'Julia Developer': 29 ofertas guardadas
2026-04-11 16:16:31,417 [INFO]    💤 Pausa: 13.4s
2026-04-11 16:16:44,856 [INFO] 
🔍 Buscando: 'Control de Gestión'
2026-04-11 16:16:44,856 [INFO]    Página 1/5 → https://www.opcionempleo.com.ar/trabajo-control-de-gestion.html
2026-04-11 16:16:53,484 [INFO]    ⏳ Turnstile detectado — esperando resolución automática...
2026-04-11 16:16:53,503 [INFO]    ✅ Turnstile resuelto
2026-04-11 16:16:57,163 [INFO]    → 19 ofertas encontradas
2026-04-11 16:17:03,614 [INFO]    ⏳ Turnstile detectado — esperando resolución automática...
2026-04-11 16:17:03,633 [INFO]    ✅ Turnstile resuelto
2026-04-11 16:17:13,445 [INFO]    ⏳ Turnstile detectado — esperando resolución automática...
2026-04-11 16:17:13,466 [INFO]    ✅ Turnstile resuelto
2026-04-11 16:17:24,095 [INFO]    ⏳ Turnstile detectado — esperando resolución automática...
2026-04-11 16:17:24,138 [INFO]    ✅ Turnstile resuelto
2026-04-11 16:17:34,534 [INFO]    ⏳ Turnstile detectado — esperando resolución automática...
2026-04-11 16:17:34,554 [INFO]    ✅ Turnstile resuelto
2026-04-11 16:17:45,949 [INFO]    ⏳ Turnstile detectado — esperando resolución automática...
2026-04-11 16:17:45,967 [INFO]    ✅ Turnstile resuelto
2026-04-11 16:17:57,977 [INFO]    ⏳ Turnstile detectado — esperando resolución automática...
2026-04-11 16:17:58,001 [INFO]    ✅ Turnstile resuelto
2026-04-11 16:18:09,606 [INFO]    ⏳ Turnstile detectado — esperando resolución automática...
2026-04-11 16:18:09,627 [INFO]    ✅ Turnstile resuelto
2026-04-11 16:18:21,024 [INFO]    ⏳ Turnstile detectado — esperando resolución automática...
2026-04-11 16:18:21,043 [INFO]    ✅ Turnstile resuelto
2026-04-11 16:18:33,111 [INFO]    ⏳ Turnstile detectado — esperando resolución automática...
2026-04-11 16:18:33,130 [INFO]    ✅ Turnstile resuelto
2026-04-11 16:18:43,127 [INFO]    ⏳ Turnstile detectado — esperando resolución automática...
2026-04-11 16:18:43,147 [INFO]    ✅ Turnstile resuelto
2026-04-11 16:18:54,310 [INFO]    ⏳ Turnstile detectado — esperando resolución automática...
2026-04-11 16:18:54,330 [INFO]    ✅ Turnstile resuelto
2026-04-11 16:19:05,381 [INFO]    ⏳ Turnstile detectado — esperando resolución automática...
2026-04-11 16:19:05,442 [INFO]    ✅ Turnstile resuelto
2026-04-11 16:19:17,245 [INFO]    ⏳ Turnstile detectado — esperando resolución automática...
2026-04-11 16:19:17,265 [INFO]    ✅ Turnstile resuelto
2026-04-11 16:19:27,937 [INFO]    ⏳ Turnstile detectado — esperando resolución automática...
2026-04-11 16:19:27,959 [INFO]    ✅ Turnstile resuelto
2026-04-11 16:19:39,363 [INFO]    ⏳ Turnstile detectado — esperando resolución automática...
2026-04-11 16:19:39,382 [INFO]    ✅ Turnstile resuelto
2026-04-11 16:19:50,429 [INFO]    ⏳ Turnstile detectado — esperando resolución automática...
2026-04-11 16:19:50,447 [INFO]    ✅ Turnstile resuelto
2026-04-11 16:20:00,659 [INFO]    ⏳ Turnstile detectado — esperando resolución automática...
2026-04-11 16:20:00,678 [INFO]    ✅ Turnstile resuelto
2026-04-11 16:20:12,030 [INFO]    ⏳ Turnstile detectado — esperando resolución automática...
2026-04-11 16:20:12,050 [INFO]    ✅ Turnstile resuelto
2026-04-11 16:20:23,805 [INFO]    ⏳ Turnstile detectado — esperando resolución automática...
2026-04-11 16:20:23,825 [INFO]    ✅ Turnstile resuelto
2026-04-11 16:20:27,359 [INFO]    Página 2/5 → https://www.opcionempleo.com.ar/trabajo-control-de-gestion.html?p=2
2026-04-11 16:20:37,029 [INFO]    ⏳ Turnstile detectado — esperando resolución automática...
2026-04-11 16:20:37,049 [INFO]    ✅ Turnstile resuelto
2026-04-11 16:20:41,002 [INFO]    → 20 ofertas encontradas
2026-04-11 16:20:48,283 [INFO]    ⏳ Turnstile detectado — esperando resolución automática...
2026-04-11 16:20:48,302 [INFO]    ✅ Turnstile resuelto
2026-04-11 16:20:58,222 [INFO]    ⏳ Turnstile detectado — esperando resolución automática...
2026-04-11 16:20:58,240 [INFO]    ✅ Turnstile resuelto
2026-04-11 16:21:07,633 [INFO]    ⏳ Turnstile detectado — esperando resolución automática...
2026-04-11 16:21:07,655 [INFO]    ✅ Turnstile resuelto
2026-04-11 16:21:19,053 [INFO]    ⏳ Turnstile detectado — esperando resolución automática...
2026-04-11 16:21:19,073 [INFO]    ✅ Turnstile resuelto
2026-04-11 16:21:30,881 [INFO]    ⏳ Turnstile detectado — esperando resolución automática...
2026-04-11 16:21:30,899 [INFO]    ✅ Turnstile resuelto
2026-04-11 16:21:41,320 [INFO]    ⏳ Turnstile detectado — esperando resolución automática...
2026-04-11 16:21:41,339 [INFO]    ✅ Turnstile resuelto
2026-04-11 16:21:51,590 [INFO]    ⏳ Turnstile detectado — esperando resolución automática...
2026-04-11 16:21:51,625 [INFO]    ✅ Turnstile resuelto
2026-04-11 16:22:03,547 [INFO]    ⏳ Turnstile detectado — esperando resolución automática...
2026-04-11 16:22:03,566 [INFO]    ✅ Turnstile resuelto
2026-04-11 16:22:13,660 [INFO]    ⏳ Turnstile detectado — esperando resolución automática...
2026-04-11 16:22:13,684 [INFO]    ✅ Turnstile resuelto
2026-04-11 16:22:25,972 [INFO]    ⏳ Turnstile detectado — esperando resolución automática...
2026-04-11 16:22:25,992 [INFO]    ✅ Turnstile resuelto
2026-04-11 16:22:37,330 [INFO]    ⏳ Turnstile detectado — esperando resolución automática...
2026-04-11 16:22:37,349 [INFO]    ✅ Turnstile resuelto
2026-04-11 16:22:48,311 [INFO]    ⏳ Turnstile detectado — esperando resolución automática...
2026-04-11 16:22:48,329 [INFO]    ✅ Turnstile resuelto
2026-04-11 16:22:59,455 [INFO]    ⏳ Turnstile detectado — esperando resolución automática...
2026-04-11 16:22:59,474 [INFO]    ✅ Turnstile resuelto
2026-04-11 16:23:11,230 [INFO]    ⏳ Turnstile detectado — esperando resolución automática...
2026-04-11 16:23:11,251 [INFO]    ✅ Turnstile resuelto
2026-04-11 16:23:22,644 [INFO]    ⏳ Turnstile detectado — esperando resolución automática...
2026-04-11 16:23:22,663 [INFO]    ✅ Turnstile resuelto
2026-04-11 16:23:33,259 [INFO]    ⏳ Turnstile detectado — esperando resolución automática...
2026-04-11 16:23:33,278 [INFO]    ✅ Turnstile resuelto
2026-04-11 16:23:43,183 [INFO]    ⏳ Turnstile detectado — esperando resolución automática...
2026-04-11 16:23:43,202 [INFO]    ✅ Turnstile resuelto
2026-04-11 16:23:55,572 [INFO]    ⏳ Turnstile detectado — esperando resolución automática...
2026-04-11 16:23:55,591 [INFO]    ✅ Turnstile resuelto
2026-04-11 16:24:06,097 [INFO]    ⏳ Turnstile detectado — esperando resolución automática...
2026-04-11 16:24:06,117 [INFO]    ✅ Turnstile resuelto
2026-04-11 16:24:17,390 [INFO]    ⏳ Turnstile detectado — esperando resolución automática...
2026-04-11 16:24:17,409 [INFO]    ✅ Turnstile resuelto
2026-04-11 16:24:20,812 [INFO]    Página 3/5 → https://www.opcionempleo.com.ar/trabajo-control-de-gestion.html?p=3
2026-04-11 16:24:30,713 [INFO]    ⏳ Turnstile detectado — esperando resolución automática...
2026-04-11 16:24:30,730 [INFO]    ✅ Turnstile resuelto
2026-04-11 16:24:35,316 [INFO]    → 20 ofertas encontradas
2026-04-11 16:24:42,467 [INFO]    ⏳ Turnstile detectado — esperando resolución automática...
2026-04-11 16:24:42,487 [INFO]    ✅ Turnstile resuelto
2026-04-11 16:24:52,615 [INFO]    ⏳ Turnstile detectado — esperando resolución automática...
2026-04-11 16:24:52,633 [INFO]    ✅ Turnstile resuelto
2026-04-11 16:25:03,751 [INFO]    ⏳ Turnstile detectado — esperando resolución automática...
2026-04-11 16:25:03,771 [INFO]    ✅ Turnstile resuelto
2026-04-11 16:25:14,059 [INFO]    ⏳ Turnstile detectado — esperando resolución automática...
2026-04-11 16:25:14,078 [INFO]    ✅ Turnstile resuelto
2026-04-11 16:25:24,862 [INFO]    ⏳ Turnstile detectado — esperando resolución automática...
2026-04-11 16:25:24,881 [INFO]    ✅ Turnstile resuelto
2026-04-11 16:25:34,260 [INFO]    ⏳ Turnstile detectado — esperando resolución automática...
2026-04-11 16:25:34,283 [INFO]    ✅ Turnstile resuelto
2026-04-11 16:25:46,264 [INFO]    ⏳ Turnstile detectado — esperando resolución automática...
2026-04-11 16:25:46,283 [INFO]    ✅ Turnstile resuelto
2026-04-11 16:25:57,580 [INFO]    ⏳ Turnstile detectado — esperando resolución automática...
2026-04-11 16:25:57,600 [INFO]    ✅ Turnstile resuelto
2026-04-11 16:26:08,900 [INFO]    ⏳ Turnstile detectado — esperando resolución automática...
2026-04-11 16:26:08,920 [INFO]    ✅ Turnstile resuelto
2026-04-11 16:26:20,673 [INFO]    ⏳ Turnstile detectado — esperando resolución automática...
2026-04-11 16:26:20,695 [INFO]    ✅ Turnstile resuelto
2026-04-11 16:26:30,488 [INFO]    ⏳ Turnstile detectado — esperando resolución automática...
2026-04-11 16:26:30,506 [INFO]    ✅ Turnstile resuelto
2026-04-11 16:26:41,469 [INFO]    ⏳ Turnstile detectado — esperando resolución automática...
2026-04-11 16:26:41,487 [INFO]    ✅ Turnstile resuelto
2026-04-11 16:26:53,538 [INFO]    ⏳ Turnstile detectado — esperando resolución automática...
2026-04-11 16:26:53,556 [INFO]    ✅ Turnstile resuelto
2026-04-11 16:27:05,419 [INFO]    ⏳ Turnstile detectado — esperando resolución automática...
2026-04-11 16:27:05,437 [INFO]    ✅ Turnstile resuelto
2026-04-11 16:27:17,308 [INFO]    ⏳ Turnstile detectado — esperando resolución automática...
2026-04-11 16:27:17,331 [INFO]    ✅ Turnstile resuelto
2026-04-11 16:27:28,817 [INFO]    ⏳ Turnstile detectado — esperando resolución automática...
2026-04-11 16:27:28,835 [INFO]    ✅ Turnstile resuelto
2026-04-11 16:27:40,237 [INFO]    ⏳ Turnstile detectado — esperando resolución automática...
2026-04-11 16:27:40,258 [INFO]    ✅ Turnstile resuelto
2026-04-11 16:27:50,475 [INFO]    ⏳ Turnstile detectado — esperando resolución automática...
2026-04-11 16:27:50,494 [INFO]    ✅ Turnstile resuelto
2026-04-11 16:28:01,650 [INFO]    ⏳ Turnstile detectado — esperando resolución automática...
2026-04-11 16:28:01,668 [INFO]    ✅ Turnstile resuelto
2026-04-11 16:28:13,011 [INFO]    ⏳ Turnstile detectado — esperando resolución automática...
2026-04-11 16:28:13,030 [INFO]    ✅ Turnstile resuelto
2026-04-11 16:28:16,189 [INFO]    Página 4/5 → https://www.opcionempleo.com.ar/trabajo-control-de-gestion.html?p=4
2026-04-11 16:28:24,492 [INFO]    ⏳ Turnstile detectado — esperando resolución automática...
2026-04-11 16:28:24,514 [INFO]    ✅ Turnstile resuelto
2026-04-11 16:28:28,757 [INFO]    → 20 ofertas encontradas
2026-04-11 16:28:35,039 [INFO]    ⏳ Turnstile detectado — esperando resolución automática...
2026-04-11 16:28:35,058 [INFO]    ✅ Turnstile resuelto
2026-04-11 16:28:47,002 [INFO]    ⏳ Turnstile detectado — esperando resolución automática...
2026-04-11 16:28:47,022 [INFO]    ✅ Turnstile resuelto
2026-04-11 16:28:58,265 [INFO]    ⏳ Turnstile detectado — esperando resolución automática...
2026-04-11 16:28:58,287 [INFO]    ✅ Turnstile resuelto
2026-04-11 16:29:08,710 [INFO]    ⏳ Turnstile detectado — esperando resolución automática...
2026-04-11 16:29:08,729 [INFO]    ✅ Turnstile resuelto
2026-04-11 16:29:19,574 [INFO]    ⏳ Turnstile detectado — esperando resolución automática...
2026-04-11 16:29:19,593 [INFO]    ✅ Turnstile resuelto
2026-04-11 16:29:31,336 [INFO]    ⏳ Turnstile detectado — esperando resolución automática...
2026-04-11 16:29:31,355 [INFO]    ✅ Turnstile resuelto
2026-04-11 16:29:42,412 [INFO]    ⏳ Turnstile detectado — esperando resolución automática...
2026-04-11 16:29:42,431 [INFO]    ✅ Turnstile resuelto
2026-04-11 16:29:53,664 [INFO]    ⏳ Turnstile detectado — esperando resolución automática...
2026-04-11 16:29:53,682 [INFO]    ✅ Turnstile resuelto
2026-04-11 16:30:04,463 [INFO]    ⏳ Turnstile detectado — esperando resolución automática...
2026-04-11 16:30:04,480 [INFO]    ✅ Turnstile resuelto
2026-04-11 16:30:15,347 [INFO]    ⏳ Turnstile detectado — esperando resolución automática...
2026-04-11 16:30:15,367 [INFO]    ✅ Turnstile resuelto
2026-04-11 16:30:25,300 [INFO]    ⏳ Turnstile detectado — esperando resolución automática...
2026-04-11 16:30:25,320 [INFO]    ✅ Turnstile resuelto
2026-04-11 16:30:35,747 [INFO]    ⏳ Turnstile detectado — esperando resolución automática...
2026-04-11 16:30:35,766 [INFO]    ✅ Turnstile resuelto
2026-04-11 16:30:45,623 [INFO]    ⏳ Turnstile detectado — esperando resolución automática...
2026-04-11 16:30:45,643 [INFO]    ✅ Turnstile resuelto
2026-04-11 16:30:55,816 [INFO]    ⏳ Turnstile detectado — esperando resolución automática...
2026-04-11 16:30:55,838 [INFO]    ✅ Turnstile resuelto
2026-04-11 16:31:06,370 [INFO]    ⏳ Turnstile detectado — esperando resolución automática...
2026-04-11 16:31:06,387 [INFO]    ✅ Turnstile resuelto
2026-04-11 16:31:16,510 [INFO]    ⏳ Turnstile detectado — esperando resolución automática...
2026-04-11 16:31:16,530 [INFO]    ✅ Turnstile resuelto
2026-04-11 16:31:27,373 [INFO]    ⏳ Turnstile detectado — esperando resolución automática...
2026-04-11 16:31:27,401 [INFO]    ✅ Turnstile resuelto
2026-04-11 16:31:39,646 [INFO]    ⏳ Turnstile detectado — esperando resolución automática...
2026-04-11 16:31:39,665 [INFO]    ✅ Turnstile resuelto
2026-04-11 16:31:50,951 [INFO]    ⏳ Turnstile detectado — esperando resolución automática...
2026-04-11 16:31:50,972 [INFO]    ✅ Turnstile resuelto
2026-04-11 16:32:02,976 [INFO]    ⏳ Turnstile detectado — esperando resolución automática...
2026-04-11 16:32:02,996 [INFO]    ✅ Turnstile resuelto
2026-04-11 16:32:06,882 [INFO]    Página 5/5 → https://www.opcionempleo.com.ar/trabajo-control-de-gestion.html?p=5
2026-04-11 16:32:15,205 [INFO]    ⏳ Turnstile detectado — esperando resolución automática...
2026-04-11 16:32:15,254 [INFO]    ✅ Turnstile resuelto
2026-04-11 16:32:19,464 [INFO]    → 20 ofertas encontradas
2026-04-11 16:32:26,862 [INFO]    ⏳ Turnstile detectado — esperando resolución automática...
2026-04-11 16:32:26,881 [INFO]    ✅ Turnstile resuelto
2026-04-11 16:32:36,477 [INFO]    ⏳ Turnstile detectado — esperando resolución automática...
2026-04-11 16:32:36,497 [INFO]    ✅ Turnstile resuelto
2026-04-11 16:32:46,312 [INFO]    ⏳ Turnstile detectado — esperando resolución automática...
2026-04-11 16:32:46,331 [INFO]    ✅ Turnstile resuelto
2026-04-11 16:32:58,703 [INFO]    ⏳ Turnstile detectado — esperando resolución automática...
2026-04-11 16:32:58,721 [INFO]    ✅ Turnstile resuelto
2026-04-11 16:33:10,069 [INFO]    ⏳ Turnstile detectado — esperando resolución automática...
2026-04-11 16:33:10,088 [INFO]    ✅ Turnstile resuelto
2026-04-11 16:33:20,978 [INFO]    ⏳ Turnstile detectado — esperando resolución automática...
2026-04-11 16:33:20,995 [INFO]    ✅ Turnstile resuelto
2026-04-11 16:33:33,003 [INFO]    ⏳ Turnstile detectado — esperando resolución automática...
2026-04-11 16:33:33,022 [INFO]    ✅ Turnstile resuelto
2026-04-11 16:33:44,679 [INFO]    ⏳ Turnstile detectado — esperando resolución automática...
2026-04-11 16:33:44,698 [INFO]    ✅ Turnstile resuelto
2026-04-11 16:33:54,719 [INFO]    ⏳ Turnstile detectado — esperando resolución automática...
2026-04-11 16:33:54,737 [INFO]    ✅ Turnstile resuelto
2026-04-11 16:34:04,753 [INFO]    ⏳ Turnstile detectado — esperando resolución automática...
2026-04-11 16:34:04,770 [INFO]    ✅ Turnstile resuelto
2026-04-11 16:34:15,202 [INFO]    ⏳ Turnstile detectado — esperando resolución automática...
2026-04-11 16:34:15,243 [INFO]    ✅ Turnstile resuelto
2026-04-11 16:34:26,638 [INFO]    ⏳ Turnstile detectado — esperando resolución automática...
2026-04-11 16:34:26,657 [INFO]    ✅ Turnstile resuelto
2026-04-11 16:34:37,626 [INFO]    ⏳ Turnstile detectado — esperando resolución automática...
2026-04-11 16:34:37,644 [INFO]    ✅ Turnstile resuelto
2026-04-11 16:34:47,505 [INFO]    ⏳ Turnstile detectado — esperando resolución automática...
2026-04-11 16:34:47,529 [INFO]    ✅ Turnstile resuelto
2026-04-11 16:34:58,919 [INFO]    ⏳ Turnstile detectado — esperando resolución automática...
2026-04-11 16:34:58,940 [INFO]    ✅ Turnstile resuelto
2026-04-11 16:35:09,071 [INFO]    ⏳ Turnstile detectado — esperando resolución automática...
2026-04-11 16:35:09,109 [INFO]    ✅ Turnstile resuelto
2026-04-11 16:35:19,498 [INFO]    ⏳ Turnstile detectado — esperando resolución automática...
2026-04-11 16:35:19,519 [INFO]    ✅ Turnstile resuelto
2026-04-11 16:35:29,437 [INFO]    ⏳ Turnstile detectado — esperando resolución automática...
2026-04-11 16:35:29,456 [INFO]    ✅ Turnstile resuelto
2026-04-11 16:35:38,954 [INFO]    ⏳ Turnstile detectado — esperando resolución automática...
2026-04-11 16:35:38,973 [INFO]    ✅ Turnstile resuelto
2026-04-11 16:35:50,505 [INFO]    ⏳ Turnstile detectado — esperando resolución automática...
2026-04-11 16:35:50,525 [INFO]    ✅ Turnstile resuelto
2026-04-11 16:35:54,406 [INFO] Exportadas 99 ofertas → /media/carlos-a-cicconi/Common1/Repositorios-Ing.Carlos-Cicconi/Trabajo_Final_MCD/data/raw/opcionempleo_20260411.csv
2026-04-11 16:35:54,406 [INFO] ✅ 'Control de Gestión': 99 ofertas guardadas
2026-04-11 16:35:54,406 [INFO]    💤 Pausa: 8.8s
2026-04-11 16:36:03,244 [INFO] 
🔍 Buscando: 'Consultor'
2026-04-11 16:36:03,245 [INFO]    Página 1/5 → https://www.opcionempleo.com.ar/trabajo-consultor.html
2026-04-11 16:36:12,441 [INFO]    ⏳ Turnstile detectado — esperando resolución automática...
2026-04-11 16:36:12,461 [INFO]    ✅ Turnstile resuelto
2026-04-11 16:36:16,175 [INFO]    → 20 ofertas encontradas
2026-04-11 16:36:22,533 [INFO]    ⏳ Turnstile detectado — esperando resolución automática...
2026-04-11 16:36:22,552 [INFO]    ✅ Turnstile resuelto
2026-04-11 16:36:34,568 [INFO]    ⏳ Turnstile detectado — esperando resolución automática...
2026-04-11 16:36:34,586 [INFO]    ✅ Turnstile resuelto
2026-04-11 16:36:45,832 [INFO]    ⏳ Turnstile detectado — esperando resolución automática...
2026-04-11 16:36:45,852 [INFO]    ✅ Turnstile resuelto
2026-04-11 16:36:57,409 [INFO]    ⏳ Turnstile detectado — esperando resolución automática...
2026-04-11 16:36:57,428 [INFO]    ✅ Turnstile resuelto
2026-04-11 16:37:09,381 [INFO]    ⏳ Turnstile detectado — esperando resolución automática...
2026-04-11 16:37:09,401 [INFO]    ✅ Turnstile resuelto
2026-04-11 16:37:21,059 [INFO]    ⏳ Turnstile detectado — esperando resolución automática...
2026-04-11 16:37:21,078 [INFO]    ✅ Turnstile resuelto
2026-04-11 16:37:31,915 [INFO]    ⏳ Turnstile detectado — esperando resolución automática...
2026-04-11 16:37:31,935 [INFO]    ✅ Turnstile resuelto
2026-04-11 16:37:43,176 [INFO]    ⏳ Turnstile detectado — esperando resolución automática...
2026-04-11 16:37:43,193 [INFO]    ✅ Turnstile resuelto
2026-04-11 16:37:52,997 [INFO]    ⏳ Turnstile detectado — esperando resolución automática...
2026-04-11 16:37:53,017 [INFO]    ✅ Turnstile resuelto
2026-04-11 16:38:04,677 [INFO]    ⏳ Turnstile detectado — esperando resolución automática...
2026-04-11 16:38:04,696 [INFO]    ✅ Turnstile resuelto
2026-04-11 16:38:15,264 [INFO]    ⏳ Turnstile detectado — esperando resolución automática...
2026-04-11 16:38:15,283 [INFO]    ✅ Turnstile resuelto
2026-04-11 16:38:27,201 [INFO]    ⏳ Turnstile detectado — esperando resolución automática...
2026-04-11 16:38:27,222 [INFO]    ✅ Turnstile resuelto
2026-04-11 16:38:38,367 [INFO]    ⏳ Turnstile detectado — esperando resolución automática...
2026-04-11 16:38:38,407 [INFO]    ✅ Turnstile resuelto
2026-04-11 16:38:49,223 [INFO]    ⏳ Turnstile detectado — esperando resolución automática...
2026-04-11 16:38:49,243 [INFO]    ✅ Turnstile resuelto
2026-04-11 16:39:00,658 [INFO]    ⏳ Turnstile detectado — esperando resolución automática...
2026-04-11 16:39:00,676 [INFO]    ✅ Turnstile resuelto
2026-04-11 16:39:10,616 [INFO]    ⏳ Turnstile detectado — esperando resolución automática...
2026-04-11 16:39:10,635 [INFO]    ✅ Turnstile resuelto
2026-04-11 16:39:26,971 [INFO]    ⏳ Turnstile detectado — esperando resolución automática...
2026-04-11 16:39:26,988 [INFO]    ✅ Turnstile resuelto
2026-04-11 16:39:42,233 [INFO]    ⏳ Turnstile detectado — esperando resolución automática...
2026-04-11 16:39:42,252 [INFO]    ✅ Turnstile resuelto
2026-04-11 16:39:53,983 [INFO]    ⏳ Turnstile detectado — esperando resolución automática...
2026-04-11 16:39:54,003 [INFO]    ✅ Turnstile resuelto
2026-04-11 16:40:04,866 [INFO]    ⏳ Turnstile detectado — esperando resolución automática...
2026-04-11 16:40:04,884 [INFO]    ✅ Turnstile resuelto
2026-04-11 16:40:08,099 [INFO]    Página 2/5 → https://www.opcionempleo.com.ar/trabajo-consultor.html?p=2
2026-04-11 16:40:16,167 [INFO]    ⏳ Turnstile detectado — esperando resolución automática...
2026-04-11 16:40:16,186 [INFO]    ✅ Turnstile resuelto
2026-04-11 16:40:20,413 [INFO]    → 20 ofertas encontradas
2026-04-11 16:40:27,497 [INFO]    ⏳ Turnstile detectado — esperando resolución automática...
2026-04-11 16:40:27,515 [INFO]    ✅ Turnstile resuelto
2026-04-11 16:40:39,478 [INFO]    ⏳ Turnstile detectado — esperando resolución automática...
2026-04-11 16:40:39,517 [INFO]    ✅ Turnstile resuelto
2026-04-11 16:40:50,951 [INFO]    ⏳ Turnstile detectado — esperando resolución automática...
2026-04-11 16:40:50,974 [INFO]    ✅ Turnstile resuelto
2026-04-11 16:41:01,907 [INFO]    ⏳ Turnstile detectado — esperando resolución automática...
2026-04-11 16:41:01,926 [INFO]    ✅ Turnstile resuelto
2026-04-11 16:41:12,444 [INFO]    ⏳ Turnstile detectado — esperando resolución automática...
2026-04-11 16:41:12,462 [INFO]    ✅ Turnstile resuelto
2026-04-11 16:41:23,608 [INFO]    ⏳ Turnstile detectado — esperando resolución automática...
2026-04-11 16:41:23,626 [INFO]    ✅ Turnstile resuelto
2026-04-11 16:41:33,847 [INFO]    ⏳ Turnstile detectado — esperando resolución automática...
2026-04-11 16:41:33,866 [INFO]    ✅ Turnstile resuelto
2026-04-11 16:41:44,058 [INFO]    ⏳ Turnstile detectado — esperando resolución automática...
2026-04-11 16:41:44,076 [INFO]    ✅ Turnstile resuelto
2026-04-11 16:41:55,819 [INFO]    ⏳ Turnstile detectado — esperando resolución automática...
2026-04-11 16:41:55,839 [INFO]    ✅ Turnstile resuelto
2026-04-11 16:42:06,004 [INFO]    ⏳ Turnstile detectado — esperando resolución automática...
2026-04-11 16:42:06,026 [INFO]    ✅ Turnstile resuelto
2026-04-11 16:42:17,551 [INFO]    ⏳ Turnstile detectado — esperando resolución automática...
2026-04-11 16:42:17,572 [INFO]    ✅ Turnstile resuelto
2026-04-11 16:42:28,536 [INFO]    ⏳ Turnstile detectado — esperando resolución automática...
2026-04-11 16:42:28,558 [INFO]    ✅ Turnstile resuelto
2026-04-11 16:42:38,973 [INFO]    ⏳ Turnstile detectado — esperando resolución automática...
2026-04-11 16:42:38,991 [INFO]    ✅ Turnstile resuelto
2026-04-11 16:42:49,937 [INFO]    ⏳ Turnstile detectado — esperando resolución automática...
2026-04-11 16:42:49,957 [INFO]    ✅ Turnstile resuelto
2026-04-11 16:43:02,029 [INFO]    ⏳ Turnstile detectado — esperando resolución automática...
2026-04-11 16:43:02,095 [INFO]    ✅ Turnstile resuelto
2026-04-11 16:43:13,255 [INFO]    ⏳ Turnstile detectado — esperando resolución automática...
2026-04-11 16:43:13,278 [INFO]    ✅ Turnstile resuelto
2026-04-11 16:43:24,235 [INFO]    ⏳ Turnstile detectado — esperando resolución automática...
2026-04-11 16:43:24,254 [INFO]    ✅ Turnstile resuelto
2026-04-11 16:43:36,115 [INFO]    ⏳ Turnstile detectado — esperando resolución automática...
2026-04-11 16:43:36,133 [INFO]    ✅ Turnstile resuelto
2026-04-11 16:43:45,946 [INFO]    ⏳ Turnstile detectado — esperando resolución automática...
2026-04-11 16:43:45,965 [INFO]    ✅ Turnstile resuelto
2026-04-11 16:43:56,187 [INFO]    ⏳ Turnstile detectado — esperando resolución automática...
2026-04-11 16:43:56,204 [INFO]    ✅ Turnstile resuelto
2026-04-11 16:43:59,451 [INFO]    Página 3/5 → https://www.opcionempleo.com.ar/trabajo-consultor.html?p=3
2026-04-11 16:44:08,853 [INFO]    ⏳ Turnstile detectado — esperando resolución automática...
2026-04-11 16:44:08,876 [INFO]    ✅ Turnstile resuelto
2026-04-11 16:44:13,068 [INFO]    → 20 ofertas encontradas
2026-04-11 16:44:20,767 [INFO]    ⏳ Turnstile detectado — esperando resolución automática...
2026-04-11 16:44:20,786 [INFO]    ✅ Turnstile resuelto
2026-04-11 16:44:33,337 [INFO]    ⏳ Turnstile detectado — esperando resolución automática...
2026-04-11 16:44:33,385 [INFO]    ✅ Turnstile resuelto
2026-04-11 16:44:43,227 [INFO]    ⏳ Turnstile detectado — esperando resolución automática...
2026-04-11 16:44:43,247 [INFO]    ✅ Turnstile resuelto
2026-04-11 16:44:54,250 [INFO]    ⏳ Turnstile detectado — esperando resolución automática...
2026-04-11 16:44:54,268 [INFO]    ✅ Turnstile resuelto
2026-04-11 16:45:05,308 [INFO]    ⏳ Turnstile detectado — esperando resolución automática...
2026-04-11 16:45:05,328 [INFO]    ✅ Turnstile resuelto
2026-04-11 16:45:17,384 [INFO]    ⏳ Turnstile detectado — esperando resolución automática...
2026-04-11 16:45:17,402 [INFO]    ✅ Turnstile resuelto
2026-04-11 16:45:28,958 [INFO]    ⏳ Turnstile detectado — esperando resolución automática...
2026-04-11 16:45:28,976 [INFO]    ✅ Turnstile resuelto
2026-04-11 16:45:38,895 [INFO]    ⏳ Turnstile detectado — esperando resolución automática...
2026-04-11 16:45:38,916 [INFO]    ✅ Turnstile resuelto
2026-04-11 16:45:50,842 [INFO]    ⏳ Turnstile detectado — esperando resolución automática...
2026-04-11 16:45:50,863 [INFO]    ✅ Turnstile resuelto
2026-04-11 16:46:03,065 [INFO]    ⏳ Turnstile detectado — esperando resolución automática...
2026-04-11 16:46:03,088 [INFO]    ✅ Turnstile resuelto
2026-04-11 16:46:15,452 [INFO]    ⏳ Turnstile detectado — esperando resolución automática...
2026-04-11 16:46:15,472 [INFO]    ✅ Turnstile resuelto
2026-04-11 16:46:27,433 [INFO]    ⏳ Turnstile detectado — esperando resolución automática...
2026-04-11 16:46:27,451 [INFO]    ✅ Turnstile resuelto
2026-04-11 16:46:38,801 [INFO]    ⏳ Turnstile detectado — esperando resolución automática...
2026-04-11 16:46:38,820 [INFO]    ✅ Turnstile resuelto
2026-04-11 16:46:50,574 [INFO]    ⏳ Turnstile detectado — esperando resolución automática...
2026-04-11 16:46:50,621 [INFO]    ✅ Turnstile resuelto
2026-04-11 16:47:02,656 [INFO]    ⏳ Turnstile detectado — esperando resolución automática...
2026-04-11 16:47:02,679 [INFO]    ✅ Turnstile resuelto
2026-04-11 16:47:12,692 [INFO]    ⏳ Turnstile detectado — esperando resolución automática...
2026-04-11 16:47:12,711 [INFO]    ✅ Turnstile resuelto
2026-04-11 16:47:24,234 [INFO]    ⏳ Turnstile detectado — esperando resolución automática...
2026-04-11 16:47:24,251 [INFO]    ✅ Turnstile resuelto
2026-04-11 16:47:36,756 [INFO]    ⏳ Turnstile detectado — esperando resolución automática...
2026-04-11 16:47:36,776 [INFO]    ✅ Turnstile resuelto
2026-04-11 16:47:47,143 [INFO]    ⏳ Turnstile detectado — esperando resolución automática...
2026-04-11 16:47:47,162 [INFO]    ✅ Turnstile resuelto
2026-04-11 16:47:58,153 [INFO]    ⏳ Turnstile detectado — esperando resolución automática...
2026-04-11 16:47:58,175 [INFO]    ✅ Turnstile resuelto
2026-04-11 16:48:01,307 [INFO]    Página 4/5 → https://www.opcionempleo.com.ar/trabajo-consultor.html?p=4
2026-04-11 16:48:10,176 [INFO]    ⏳ Turnstile detectado — esperando resolución automática...
2026-04-11 16:48:10,196 [INFO]    ✅ Turnstile resuelto
2026-04-11 16:48:14,298 [INFO]    → 20 ofertas encontradas
2026-04-11 16:48:21,578 [INFO]    ⏳ Turnstile detectado — esperando resolución automática...
2026-04-11 16:48:21,597 [INFO]    ✅ Turnstile resuelto
2026-04-11 16:48:32,899 [INFO]    ⏳ Turnstile detectado — esperando resolución automática...
2026-04-11 16:48:32,917 [INFO]    ✅ Turnstile resuelto
2026-04-11 16:48:44,773 [INFO]    ⏳ Turnstile detectado — esperando resolución automática...
2026-04-11 16:48:44,792 [INFO]    ✅ Turnstile resuelto
2026-04-11 16:48:56,629 [INFO]    ⏳ Turnstile detectado — esperando resolución automática...
2026-04-11 16:48:56,649 [INFO]    ✅ Turnstile resuelto
2026-04-11 16:49:08,531 [INFO]    ⏳ Turnstile detectado — esperando resolución automática...
2026-04-11 16:49:08,556 [INFO]    ✅ Turnstile resuelto
2026-04-11 16:49:18,775 [INFO]    ⏳ Turnstile detectado — esperando resolución automática...
2026-04-11 16:49:18,794 [INFO]    ✅ Turnstile resuelto
2026-04-11 16:49:29,937 [INFO]    ⏳ Turnstile detectado — esperando resolución automática...
2026-04-11 16:49:29,955 [INFO]    ✅ Turnstile resuelto
2026-04-11 16:49:40,585 [INFO]    ⏳ Turnstile detectado — esperando resolución automática...
2026-04-11 16:49:40,606 [INFO]    ✅ Turnstile resuelto
2026-04-11 16:49:52,467 [INFO]    ⏳ Turnstile detectado — esperando resolución automática...
2026-04-11 16:49:52,489 [INFO]    ✅ Turnstile resuelto
2026-04-11 16:50:04,651 [INFO]    ⏳ Turnstile detectado — esperando resolución automática...
2026-04-11 16:50:04,670 [INFO]    ✅ Turnstile resuelto
2026-04-11 16:50:16,218 [INFO]    ⏳ Turnstile detectado — esperando resolución automática...
2026-04-11 16:50:16,237 [INFO]    ✅ Turnstile resuelto
2026-04-11 16:50:26,287 [INFO]    ⏳ Turnstile detectado — esperando resolución automática...
2026-04-11 16:50:26,305 [INFO]    ✅ Turnstile resuelto
2026-04-11 16:50:38,338 [INFO]    ⏳ Turnstile detectado — esperando resolución automática...
2026-04-11 16:50:38,357 [INFO]    ✅ Turnstile resuelto
2026-04-11 16:50:49,390 [INFO]    ⏳ Turnstile detectado — esperando resolución automática...
2026-04-11 16:50:49,411 [INFO]    ✅ Turnstile resuelto
2026-04-11 16:51:00,432 [INFO]    ⏳ Turnstile detectado — esperando resolución automática...
2026-04-11 16:51:00,453 [INFO]    ✅ Turnstile resuelto
2026-04-11 16:51:12,026 [INFO]    ⏳ Turnstile detectado — esperando resolución automática...
2026-04-11 16:51:12,043 [INFO]    ✅ Turnstile resuelto
2026-04-11 16:51:23,095 [INFO]    ⏳ Turnstile detectado — esperando resolución automática...
2026-04-11 16:51:23,114 [INFO]    ✅ Turnstile resuelto
2026-04-11 16:51:34,206 [INFO]    ⏳ Turnstile detectado — esperando resolución automática...
2026-04-11 16:51:34,224 [INFO]    ✅ Turnstile resuelto
2026-04-11 16:51:43,675 [INFO]    ⏳ Turnstile detectado — esperando resolución automática...
2026-04-11 16:51:43,694 [INFO]    ✅ Turnstile resuelto
2026-04-11 16:51:53,913 [INFO]    ⏳ Turnstile detectado — esperando resolución automática...
2026-04-11 16:51:53,955 [INFO]    ✅ Turnstile resuelto
2026-04-11 16:51:57,068 [INFO]    Página 5/5 → https://www.opcionempleo.com.ar/trabajo-consultor.html?p=5
2026-04-11 16:52:06,090 [INFO]    ⏳ Turnstile detectado — esperando resolución automática...
2026-04-11 16:52:06,112 [INFO]    ✅ Turnstile resuelto
2026-04-11 16:52:10,045 [INFO]    → 20 ofertas encontradas
2026-04-11 16:52:18,278 [INFO]    ⏳ Turnstile detectado — esperando resolución automática...
2026-04-11 16:52:18,299 [INFO]    ✅ Turnstile resuelto
2026-04-11 16:52:28,625 [INFO]    ⏳ Turnstile detectado — esperando resolución automática...
2026-04-11 16:52:28,643 [INFO]    ✅ Turnstile resuelto
2026-04-11 16:52:39,577 [INFO]    ⏳ Turnstile detectado — esperando resolución automática...
2026-04-11 16:52:39,595 [INFO]    ✅ Turnstile resuelto
2026-04-11 16:52:51,568 [INFO]    ⏳ Turnstile detectado — esperando resolución automática...
2026-04-11 16:52:51,588 [INFO]    ✅ Turnstile resuelto
2026-04-11 16:53:01,265 [INFO]    ⏳ Turnstile detectado — esperando resolución automática...
2026-04-11 16:53:01,286 [INFO]    ✅ Turnstile resuelto
2026-04-11 16:53:12,241 [INFO]    ⏳ Turnstile detectado — esperando resolución automática...
2026-04-11 16:53:12,259 [INFO]    ✅ Turnstile resuelto
2026-04-11 16:53:23,613 [INFO]    ⏳ Turnstile detectado — esperando resolución automática...
2026-04-11 16:53:23,633 [INFO]    ✅ Turnstile resuelto
2026-04-11 16:53:35,590 [INFO]    ⏳ Turnstile detectado — esperando resolución automática...
2026-04-11 16:53:35,609 [INFO]    ✅ Turnstile resuelto
2026-04-11 16:53:46,237 [INFO]    ⏳ Turnstile detectado — esperando resolución automática...
2026-04-11 16:53:46,285 [INFO]    ✅ Turnstile resuelto
2026-04-11 16:53:57,913 [INFO]    ⏳ Turnstile detectado — esperando resolución automática...
2026-04-11 16:53:57,933 [INFO]    ✅ Turnstile resuelto
2026-04-11 16:54:08,789 [INFO]    ⏳ Turnstile detectado — esperando resolución automática...
2026-04-11 16:54:08,846 [INFO]    ✅ Turnstile resuelto
2026-04-11 16:54:20,316 [INFO]    ⏳ Turnstile detectado — esperando resolución automática...
2026-04-11 16:54:20,335 [INFO]    ✅ Turnstile resuelto
2026-04-11 16:54:32,425 [INFO]    ⏳ Turnstile detectado — esperando resolución automática...
2026-04-11 16:54:32,445 [INFO]    ✅ Turnstile resuelto
2026-04-11 16:54:42,562 [INFO]    ⏳ Turnstile detectado — esperando resolución automática...
2026-04-11 16:54:42,580 [INFO]    ✅ Turnstile resuelto
2026-04-11 16:54:52,594 [INFO]    ⏳ Turnstile detectado — esperando resolución automática...
2026-04-11 16:54:52,612 [INFO]    ✅ Turnstile resuelto
2026-04-11 16:55:03,964 [INFO]    ⏳ Turnstile detectado — esperando resolución automática...
2026-04-11 16:55:03,981 [INFO]    ✅ Turnstile resuelto
2026-04-11 16:55:14,922 [INFO]    ⏳ Turnstile detectado — esperando resolución automática...
2026-04-11 16:55:14,941 [INFO]    ✅ Turnstile resuelto
2026-04-11 16:55:27,318 [INFO]    ⏳ Turnstile detectado — esperando resolución automática...
2026-04-11 16:55:27,336 [INFO]    ✅ Turnstile resuelto
2026-04-11 16:55:39,091 [INFO]    ⏳ Turnstile detectado — esperando resolución automática...
2026-04-11 16:55:39,110 [INFO]    ✅ Turnstile resuelto
2026-04-11 16:55:49,329 [INFO]    ⏳ Turnstile detectado — esperando resolución automática...
2026-04-11 16:55:49,346 [INFO]    ✅ Turnstile resuelto
2026-04-11 16:55:53,181 [INFO] Exportadas 100 ofertas → /media/carlos-a-cicconi/Common1/Repositorios-Ing.Carlos-Cicconi/Trabajo_Final_MCD/data/raw/opcionempleo_20260411.csv
2026-04-11 16:55:53,181 [INFO] ✅ 'Consultor': 100 ofertas guardadas
2026-04-11 16:55:53,181 [INFO]    💤 Pausa: 11.5s
2026-04-11 16:56:04,710 [INFO] 
🔍 Buscando: 'Gerente de Operaciones'
2026-04-11 16:56:04,710 [INFO]    Página 1/5 → https://www.opcionempleo.com.ar/trabajo-gerente-operaciones.html
2026-04-11 16:56:13,057 [INFO]    ⏳ Turnstile detectado — esperando resolución automática...
2026-04-11 16:56:13,076 [INFO]    ✅ Turnstile resuelto
2026-04-11 16:56:17,295 [INFO]    → 20 ofertas encontradas
2026-04-11 16:56:25,120 [INFO]    ⏳ Turnstile detectado — esperando resolución automática...
2026-04-11 16:56:25,140 [INFO]    ✅ Turnstile resuelto
2026-04-11 16:56:35,711 [INFO]    ⏳ Turnstile detectado — esperando resolución automática...
2026-04-11 16:56:35,729 [INFO]    ✅ Turnstile resuelto
2026-04-11 16:56:47,801 [INFO]    ⏳ Turnstile detectado — esperando resolución automática...
2026-04-11 16:56:47,820 [INFO]    ✅ Turnstile resuelto
2026-04-11 16:56:58,118 [INFO]    ⏳ Turnstile detectado — esperando resolución automática...
2026-04-11 16:56:58,141 [INFO]    ✅ Turnstile resuelto
2026-04-11 16:57:09,917 [INFO]    ⏳ Turnstile detectado — esperando resolución automática...
2026-04-11 16:57:09,937 [INFO]    ✅ Turnstile resuelto
2026-04-11 16:57:21,392 [INFO]    ⏳ Turnstile detectado — esperando resolución automática...
2026-04-11 16:57:21,413 [INFO]    ✅ Turnstile resuelto
2026-04-11 16:57:31,795 [INFO]    ⏳ Turnstile detectado — esperando resolución automática...
2026-04-11 16:57:31,817 [INFO]    ✅ Turnstile resuelto
2026-04-11 16:57:41,867 [INFO]    ⏳ Turnstile detectado — esperando resolución automática...
2026-04-11 16:57:41,886 [INFO]    ✅ Turnstile resuelto
2026-04-11 16:57:53,151 [INFO]    ⏳ Turnstile detectado — esperando resolución automática...
2026-04-11 16:57:53,171 [INFO]    ✅ Turnstile resuelto
2026-04-11 16:58:03,887 [INFO]    ⏳ Turnstile detectado — esperando resolución automática...
2026-04-11 16:58:03,911 [INFO]    ✅ Turnstile resuelto
2026-04-11 16:58:14,948 [INFO]    ⏳ Turnstile detectado — esperando resolución automática...
2026-04-11 16:58:14,967 [INFO]    ✅ Turnstile resuelto
2026-04-11 16:58:25,561 [INFO]    ⏳ Turnstile detectado — esperando resolución automática...
2026-04-11 16:58:25,580 [INFO]    ✅ Turnstile resuelto
2026-04-11 16:58:36,032 [INFO]    ⏳ Turnstile detectado — esperando resolución automática...
2026-04-11 16:58:36,054 [INFO]    ✅ Turnstile resuelto
2026-04-11 16:58:46,174 [INFO]    ⏳ Turnstile detectado — esperando resolución automática...
2026-04-11 16:58:46,193 [INFO]    ✅ Turnstile resuelto
2026-04-11 16:58:57,647 [INFO]    ⏳ Turnstile detectado — esperando resolución automática...
2026-04-11 16:58:57,667 [INFO]    ✅ Turnstile resuelto
2026-04-11 16:59:08,188 [INFO]    ⏳ Turnstile detectado — esperando resolución automática...
2026-04-11 16:59:08,206 [INFO]    ✅ Turnstile resuelto
2026-04-11 16:59:17,986 [INFO]    ⏳ Turnstile detectado — esperando resolución automática...
2026-04-11 16:59:18,005 [INFO]    ✅ Turnstile resuelto
2026-04-11 16:59:28,777 [INFO]    ⏳ Turnstile detectado — esperando resolución automática...
2026-04-11 16:59:28,797 [INFO]    ✅ Turnstile resuelto
2026-04-11 16:59:40,039 [INFO]    ⏳ Turnstile detectado — esperando resolución automática...
2026-04-11 16:59:40,058 [INFO]    ✅ Turnstile resuelto
2026-04-11 16:59:52,011 [INFO]    ⏳ Turnstile detectado — esperando resolución automática...
2026-04-11 16:59:52,030 [INFO]    ✅ Turnstile resuelto
2026-04-11 16:59:55,729 [INFO]    Página 2/5 → https://www.opcionempleo.com.ar/trabajo-gerente-operaciones.html?p=2
2026-04-11 17:00:03,215 [INFO]    ⏳ Turnstile detectado — esperando resolución automática...
2026-04-11 17:00:03,235 [INFO]    ✅ Turnstile resuelto
2026-04-11 17:00:07,570 [INFO]    → 20 ofertas encontradas
2026-04-11 17:00:22,177 [INFO]    ⏳ Turnstile detectado — esperando resolución automática...
2026-04-11 17:00:22,195 [INFO]    ✅ Turnstile resuelto
2026-04-11 17:00:32,462 [INFO]    ⏳ Turnstile detectado — esperando resolución automática...
2026-04-11 17:00:32,481 [INFO]    ✅ Turnstile resuelto
2026-04-11 17:00:43,122 [INFO]    ⏳ Turnstile detectado — esperando resolución automática...
2026-04-11 17:00:43,143 [INFO]    ✅ Turnstile resuelto
2026-04-11 17:00:53,273 [INFO]    ⏳ Turnstile detectado — esperando resolución automática...
2026-04-11 17:00:53,292 [INFO]    ✅ Turnstile resuelto
2026-04-11 17:01:04,313 [INFO]    ⏳ Turnstile detectado — esperando resolución automática...
2026-04-11 17:01:04,330 [INFO]    ✅ Turnstile resuelto
2026-04-11 17:01:14,449 [INFO]    ⏳ Turnstile detectado — esperando resolución automática...
2026-04-11 17:01:14,468 [INFO]    ✅ Turnstile resuelto
2026-04-11 17:01:26,024 [INFO]    ⏳ Turnstile detectado — esperando resolución automática...
2026-04-11 17:01:26,043 [INFO]    ✅ Turnstile resuelto
2026-04-11 17:01:36,771 [INFO]    ⏳ Turnstile detectado — esperando resolución automática...
2026-04-11 17:01:36,788 [INFO]    ✅ Turnstile resuelto
2026-04-11 17:01:48,753 [INFO]    ⏳ Turnstile detectado — esperando resolución automática...
2026-04-11 17:01:48,771 [INFO]    ✅ Turnstile resuelto
2026-04-11 17:02:01,139 [INFO]    ⏳ Turnstile detectado — esperando resolución automática...
2026-04-11 17:02:01,159 [INFO]    ✅ Turnstile resuelto
2026-04-11 17:02:11,462 [INFO]    ⏳ Turnstile detectado — esperando resolución automática...
2026-04-11 17:02:11,481 [INFO]    ✅ Turnstile resuelto
2026-04-11 17:02:21,724 [INFO]    ⏳ Turnstile detectado — esperando resolución automática...
2026-04-11 17:02:21,763 [INFO]    ✅ Turnstile resuelto
2026-04-11 17:02:31,865 [INFO]    ⏳ Turnstile detectado — esperando resolución automática...
2026-04-11 17:02:31,884 [INFO]    ✅ Turnstile resuelto
2026-04-11 17:02:41,287 [INFO]    ⏳ Turnstile detectado — esperando resolución automática...
2026-04-11 17:02:41,306 [INFO]    ✅ Turnstile resuelto
2026-04-11 17:02:53,162 [INFO]    ⏳ Turnstile detectado — esperando resolución automática...
2026-04-11 17:02:53,181 [INFO]    ✅ Turnstile resuelto
2026-04-11 17:03:04,017 [INFO]    ⏳ Turnstile detectado — esperando resolución automática...
2026-04-11 17:03:04,037 [INFO]    ✅ Turnstile resuelto
2026-04-11 17:03:15,999 [INFO]    ⏳ Turnstile detectado — esperando resolución automática...
2026-04-11 17:03:16,017 [INFO]    ✅ Turnstile resuelto
2026-04-11 17:03:27,468 [INFO]    ⏳ Turnstile detectado — esperando resolución automática...
2026-04-11 17:03:27,488 [INFO]    ✅ Turnstile resuelto
2026-04-11 17:03:38,477 [INFO]    ⏳ Turnstile detectado — esperando resolución automática...
2026-04-11 17:03:38,496 [INFO]    ✅ Turnstile resuelto
2026-04-11 17:03:48,926 [INFO]    ⏳ Turnstile detectado — esperando resolución automática...
2026-04-11 17:03:48,944 [INFO]    ✅ Turnstile resuelto
2026-04-11 17:03:52,774 [INFO]    Página 3/5 → https://www.opcionempleo.com.ar/trabajo-gerente-operaciones.html?p=3
2026-04-11 17:04:02,790 [INFO]    ⏳ Turnstile detectado — esperando resolución automática...
2026-04-11 17:04:02,814 [INFO]    ✅ Turnstile resuelto
2026-04-11 17:04:07,132 [INFO]    → 20 ofertas encontradas
2026-04-11 17:04:15,194 [INFO]    ⏳ Turnstile detectado — esperando resolución automática...
2026-04-11 17:04:15,213 [INFO]    ✅ Turnstile resuelto
2026-04-11 17:04:25,219 [INFO]    ⏳ Turnstile detectado — esperando resolución automática...
2026-04-11 17:04:25,239 [INFO]    ✅ Turnstile resuelto
2026-04-11 17:04:35,364 [INFO]    ⏳ Turnstile detectado — esperando resolución automática...
2026-04-11 17:04:35,385 [INFO]    ✅ Turnstile resuelto
2026-04-11 17:04:47,116 [INFO]    ⏳ Turnstile detectado — esperando resolución automática...
2026-04-11 17:04:47,137 [INFO]    ✅ Turnstile resuelto
2026-04-11 17:04:56,756 [INFO]    ⏳ Turnstile detectado — esperando resolución automática...
2026-04-11 17:04:56,775 [INFO]    ✅ Turnstile resuelto
2026-04-11 17:05:06,692 [INFO]    ⏳ Turnstile detectado — esperando resolución automática...
2026-04-11 17:05:06,710 [INFO]    ✅ Turnstile resuelto
2026-04-11 17:05:17,241 [INFO]    ⏳ Turnstile detectado — esperando resolución automática...
2026-04-11 17:05:17,258 [INFO]    ✅ Turnstile resuelto
2026-04-11 17:05:28,948 [INFO]    ⏳ Turnstile detectado — esperando resolución automática...
2026-04-11 17:05:28,966 [INFO]    ✅ Turnstile resuelto
2026-04-11 17:05:38,638 [INFO]    ⏳ Turnstile detectado — esperando resolución automática...
2026-04-11 17:05:38,656 [INFO]    ✅ Turnstile resuelto
2026-04-11 17:05:50,108 [INFO]    ⏳ Turnstile detectado — esperando resolución automática...
2026-04-11 17:05:50,154 [INFO]    ✅ Turnstile resuelto
2026-04-11 17:06:02,474 [INFO]    ⏳ Turnstile detectado — esperando resolución automática...
2026-04-11 17:06:02,546 [INFO]    ✅ Turnstile resuelto
2026-04-11 17:06:13,098 [INFO]    ⏳ Turnstile detectado — esperando resolución automática...
2026-04-11 17:06:13,118 [INFO]    ✅ Turnstile resuelto
2026-04-11 17:06:24,161 [INFO]    ⏳ Turnstile detectado — esperando resolución automática...
2026-04-11 17:06:24,182 [INFO]    ✅ Turnstile resuelto
2026-04-11 17:06:35,583 [INFO]    ⏳ Turnstile detectado — esperando resolución automática...
2026-04-11 17:06:35,605 [INFO]    ✅ Turnstile resuelto
2026-04-11 17:06:47,556 [INFO]    ⏳ Turnstile detectado — esperando resolución automática...
2026-04-11 17:06:47,577 [INFO]    ✅ Turnstile resuelto
2026-04-11 17:06:57,490 [INFO]    ⏳ Turnstile detectado — esperando resolución automática...
2026-04-11 17:06:57,511 [INFO]    ✅ Turnstile resuelto
2026-04-11 17:07:08,037 [INFO]    ⏳ Turnstile detectado — esperando resolución automática...
2026-04-11 17:07:08,056 [INFO]    ✅ Turnstile resuelto
2026-04-11 17:07:18,994 [INFO]    ⏳ Turnstile detectado — esperando resolución automática...
2026-04-11 17:07:19,015 [INFO]    ✅ Turnstile resuelto
2026-04-11 17:07:30,359 [INFO]    ⏳ Turnstile detectado — esperando resolución automática...
2026-04-11 17:07:30,377 [INFO]    ✅ Turnstile resuelto
2026-04-11 17:07:42,744 [INFO]    ⏳ Turnstile detectado — esperando resolución automática...
2026-04-11 17:07:42,767 [INFO]    ✅ Turnstile resuelto
2026-04-11 17:07:46,555 [INFO]    Página 4/5 → https://www.opcionempleo.com.ar/trabajo-gerente-operaciones.html?p=4
2026-04-11 17:07:54,326 [INFO]    ⏳ Turnstile detectado — esperando resolución automática...
2026-04-11 17:07:54,365 [INFO]    ✅ Turnstile resuelto
2026-04-11 17:07:58,087 [INFO]    → 20 ofertas encontradas
2026-04-11 17:08:05,543 [INFO]    ⏳ Turnstile detectado — esperando resolución automática...
2026-04-11 17:08:05,563 [INFO]    ✅ Turnstile resuelto
2026-04-11 17:08:15,622 [INFO]    ⏳ Turnstile detectado — esperando resolución automática...
2026-04-11 17:08:15,640 [INFO]    ✅ Turnstile resuelto
2026-04-11 17:08:27,304 [INFO]    ⏳ Turnstile detectado — esperando resolución automática...
2026-04-11 17:08:27,339 [INFO]    ✅ Turnstile resuelto
2026-04-11 17:08:37,083 [INFO]    ⏳ Turnstile detectado — esperando resolución automática...
2026-04-11 17:08:37,101 [INFO]    ✅ Turnstile resuelto
2026-04-11 17:08:46,848 [INFO]    ⏳ Turnstile detectado — esperando resolución automática...
2026-04-11 17:08:46,865 [INFO]    ✅ Turnstile resuelto
2026-04-11 17:08:58,118 [INFO]    ⏳ Turnstile detectado — esperando resolución automática...
2026-04-11 17:08:58,141 [INFO]    ✅ Turnstile resuelto
2026-04-11 17:09:08,047 [INFO]    ⏳ Turnstile detectado — esperando resolución automática...
2026-04-11 17:09:08,065 [INFO]    ✅ Turnstile resuelto
2026-04-11 17:09:18,503 [INFO]    ⏳ Turnstile detectado — esperando resolución automática...
2026-04-11 17:09:18,522 [INFO]    ✅ Turnstile resuelto
2026-04-11 17:09:28,846 [INFO]    ⏳ Turnstile detectado — esperando resolución automática...
2026-04-11 17:09:28,863 [INFO]    ✅ Turnstile resuelto
2026-04-11 17:09:41,230 [INFO]    ⏳ Turnstile detectado — esperando resolución automática...
2026-04-11 17:09:41,249 [INFO]    ✅ Turnstile resuelto
2026-04-11 17:09:52,190 [INFO]    ⏳ Turnstile detectado — esperando resolución automática...
2026-04-11 17:09:52,208 [INFO]    ✅ Turnstile resuelto
2026-04-11 17:10:03,556 [INFO]    ⏳ Turnstile detectado — esperando resolución automática...
2026-04-11 17:10:03,575 [INFO]    ✅ Turnstile resuelto
2026-04-11 17:10:13,396 [INFO]    ⏳ Turnstile detectado — esperando resolución automática...
2026-04-11 17:10:13,414 [INFO]    ✅ Turnstile resuelto
2026-04-11 17:10:23,392 [INFO]    ⏳ Turnstile detectado — esperando resolución automática...
2026-04-11 17:10:23,409 [INFO]    ✅ Turnstile resuelto
2026-04-11 17:10:35,604 [INFO]    ⏳ Turnstile detectado — esperando resolución automática...
2026-04-11 17:10:35,623 [INFO]    ✅ Turnstile resuelto
2026-04-11 17:10:45,281 [INFO]    ⏳ Turnstile detectado — esperando resolución automática...
2026-04-11 17:10:45,301 [INFO]    ✅ Turnstile resuelto
2026-04-11 17:10:55,980 [INFO]    ⏳ Turnstile detectado — esperando resolución automática...
2026-04-11 17:10:55,998 [INFO]    ✅ Turnstile resuelto
2026-04-11 17:11:06,418 [INFO]    ⏳ Turnstile detectado — esperando resolución automática...
2026-04-11 17:11:06,470 [INFO]    ✅ Turnstile resuelto
2026-04-11 17:11:16,971 [INFO]    ⏳ Turnstile detectado — esperando resolución automática...
2026-04-11 17:11:16,991 [INFO]    ✅ Turnstile resuelto
2026-04-11 17:11:28,818 [INFO]    ⏳ Turnstile detectado — esperando resolución automática...
2026-04-11 17:11:28,846 [INFO]    ✅ Turnstile resuelto
2026-04-11 17:11:31,930 [INFO]    Página 5/5 → https://www.opcionempleo.com.ar/trabajo-gerente-operaciones.html?p=5
2026-04-11 17:11:41,926 [INFO]    ⏳ Turnstile detectado — esperando resolución automática...
2026-04-11 17:11:41,945 [INFO]    ✅ Turnstile resuelto
2026-04-11 17:11:46,390 [INFO]    → 20 ofertas encontradas
2026-04-11 17:11:54,554 [INFO]    ⏳ Turnstile detectado — esperando resolución automática...
2026-04-11 17:11:54,572 [INFO]    ✅ Turnstile resuelto
2026-04-11 17:12:05,920 [INFO]    ⏳ Turnstile detectado — esperando resolución automática...
2026-04-11 17:12:05,938 [INFO]    ✅ Turnstile resuelto
2026-04-11 17:12:16,360 [INFO]    ⏳ Turnstile detectado — esperando resolución automática...
2026-04-11 17:12:16,377 [INFO]    ✅ Turnstile resuelto
2026-04-11 17:12:27,625 [INFO]    ⏳ Turnstile detectado — esperando resolución automática...
2026-04-11 17:12:27,643 [INFO]    ✅ Turnstile resuelto
2026-04-11 17:12:37,563 [INFO]    ⏳ Turnstile detectado — esperando resolución automática...
2026-04-11 17:12:37,616 [INFO]    ✅ Turnstile resuelto
2026-04-11 17:12:47,449 [INFO]    ⏳ Turnstile detectado — esperando resolución automática...
2026-04-11 17:12:47,472 [INFO]    ✅ Turnstile resuelto
2026-04-11 17:12:58,038 [INFO]    ⏳ Turnstile detectado — esperando resolución automática...
2026-04-11 17:12:58,056 [INFO]    ✅ Turnstile resuelto
2026-04-11 17:13:08,693 [INFO]    ⏳ Turnstile detectado — esperando resolución automática...
2026-04-11 17:13:08,712 [INFO]    ✅ Turnstile resuelto
2026-04-11 17:13:20,979 [INFO]    ⏳ Turnstile detectado — esperando resolución automática...
2026-04-11 17:13:20,999 [INFO]    ✅ Turnstile resuelto
2026-04-11 17:13:32,237 [INFO]    ⏳ Turnstile detectado — esperando resolución automática...
2026-04-11 17:13:32,256 [INFO]    ✅ Turnstile resuelto
2026-04-11 17:13:44,195 [INFO]    ⏳ Turnstile detectado — esperando resolución automática...
2026-04-11 17:13:44,214 [INFO]    ✅ Turnstile resuelto
2026-04-11 17:13:54,366 [INFO]    ⏳ Turnstile detectado — esperando resolución automática...
2026-04-11 17:13:54,384 [INFO]    ✅ Turnstile resuelto
2026-04-11 17:14:05,574 [INFO]    ⏳ Turnstile detectado — esperando resolución automática...
2026-04-11 17:14:05,595 [INFO]    ✅ Turnstile resuelto
2026-04-11 17:14:15,716 [INFO]    ⏳ Turnstile detectado — esperando resolución automática...
2026-04-11 17:14:15,737 [INFO]    ✅ Turnstile resuelto
2026-04-11 17:14:27,273 [INFO]    ⏳ Turnstile detectado — esperando resolución automática...
2026-04-11 17:14:27,289 [INFO]    ✅ Turnstile resuelto
2026-04-11 17:14:38,471 [INFO]    ⏳ Turnstile detectado — esperando resolución automática...
2026-04-11 17:14:38,492 [INFO]    ✅ Turnstile resuelto
2026-04-11 17:14:48,696 [INFO]    ⏳ Turnstile detectado — esperando resolución automática...
2026-04-11 17:14:48,720 [INFO]    ✅ Turnstile resuelto
2026-04-11 17:14:59,387 [INFO]    ⏳ Turnstile detectado — esperando resolución automática...
2026-04-11 17:14:59,405 [INFO]    ✅ Turnstile resuelto
2026-04-11 17:15:11,370 [INFO]    ⏳ Turnstile detectado — esperando resolución automática...
2026-04-11 17:15:11,388 [INFO]    ✅ Turnstile resuelto
2026-04-11 17:15:21,474 [INFO]    ⏳ Turnstile detectado — esperando resolución automática...
2026-04-11 17:15:21,501 [INFO]    ✅ Turnstile resuelto
2026-04-11 17:15:24,713 [INFO] Exportadas 100 ofertas → /media/carlos-a-cicconi/Common1/Repositorios-Ing.Carlos-Cicconi/Trabajo_Final_MCD/data/raw/opcionempleo_20260411.csv
2026-04-11 17:15:24,713 [INFO] ✅ 'Gerente de Operaciones': 100 ofertas guardadas
2026-04-11 17:15:24,713 [INFO]    💤 Pausa: 11.0s
2026-04-11 17:15:35,769 [INFO] 
🔍 Buscando: 'Compras / Procurement'
2026-04-11 17:15:35,769 [INFO]    Página 1/5 → https://www.opcionempleo.com.ar/trabajo-compras.html
2026-04-11 17:15:44,867 [INFO]    ⏳ Turnstile detectado — esperando resolución automática...
2026-04-11 17:15:44,885 [INFO]    ✅ Turnstile resuelto
2026-04-11 17:15:48,645 [INFO]    → 16 ofertas encontradas
2026-04-11 17:15:55,917 [INFO]    ⏳ Turnstile detectado — esperando resolución automática...
2026-04-11 17:15:55,936 [INFO]    ✅ Turnstile resuelto
2026-04-11 17:16:06,363 [INFO]    ⏳ Turnstile detectado — esperando resolución automática...
2026-04-11 17:16:06,385 [INFO]    ✅ Turnstile resuelto
2026-04-11 17:16:16,977 [INFO]    ⏳ Turnstile detectado — esperando resolución automática...
2026-04-11 17:16:16,995 [INFO]    ✅ Turnstile resuelto
2026-04-11 17:16:27,249 [INFO]    ⏳ Turnstile detectado — esperando resolución automática...
2026-04-11 17:16:27,268 [INFO]    ✅ Turnstile resuelto
2026-04-11 17:16:38,111 [INFO]    ⏳ Turnstile detectado — esperando resolución automática...
2026-04-11 17:16:38,129 [INFO]    ✅ Turnstile resuelto
2026-04-11 17:16:49,475 [INFO]    ⏳ Turnstile detectado — esperando resolución automática...
2026-04-11 17:16:49,495 [INFO]    ✅ Turnstile resuelto
2026-04-11 17:16:59,715 [INFO]    ⏳ Turnstile detectado — esperando resolución automática...
2026-04-11 17:16:59,741 [INFO]    ✅ Turnstile resuelto
2026-04-11 17:17:10,569 [INFO]    ⏳ Turnstile detectado — esperando resolución automática...
2026-04-11 17:17:10,589 [INFO]    ✅ Turnstile resuelto
2026-04-11 17:17:22,015 [INFO]    ⏳ Turnstile detectado — esperando resolución automática...
2026-04-11 17:17:22,035 [INFO]    ✅ Turnstile resuelto
2026-04-11 17:17:34,014 [INFO]    ⏳ Turnstile detectado — esperando resolución automática...
2026-04-11 17:17:34,035 [INFO]    ✅ Turnstile resuelto
2026-04-11 17:17:46,511 [INFO]    ⏳ Turnstile detectado — esperando resolución automática...
2026-04-11 17:17:46,530 [INFO]    ✅ Turnstile resuelto
2026-04-11 17:17:58,277 [INFO]    ⏳ Turnstile detectado — esperando resolución automática...
2026-04-11 17:17:58,296 [INFO]    ✅ Turnstile resuelto
2026-04-11 17:18:10,365 [INFO]    ⏳ Turnstile detectado — esperando resolución automática...
2026-04-11 17:18:10,384 [INFO]    ✅ Turnstile resuelto
2026-04-11 17:18:22,309 [INFO]    ⏳ Turnstile detectado — esperando resolución automática...
2026-04-11 17:18:22,329 [INFO]    ✅ Turnstile resuelto
2026-04-11 17:18:33,308 [INFO]    ⏳ Turnstile detectado — esperando resolución automática...
2026-04-11 17:18:33,327 [INFO]    ✅ Turnstile resuelto
2026-04-11 17:18:43,636 [INFO]    ⏳ Turnstile detectado — esperando resolución automática...
2026-04-11 17:18:43,658 [INFO]    ✅ Turnstile resuelto
2026-04-11 17:18:46,791 [INFO]    Página 2/5 → https://www.opcionempleo.com.ar/trabajo-compras.html?p=2
2026-04-11 17:18:54,295 [INFO]    ⏳ Turnstile detectado — esperando resolución automática...
2026-04-11 17:18:54,315 [INFO]    ✅ Turnstile resuelto
2026-04-11 17:18:57,941 [INFO]    → 18 ofertas encontradas
2026-04-11 17:19:04,535 [INFO]    ⏳ Turnstile detectado — esperando resolución automática...
2026-04-11 17:19:04,555 [INFO]    ✅ Turnstile resuelto
2026-04-11 17:19:15,200 [INFO]    ⏳ Turnstile detectado — esperando resolución automática...
2026-04-11 17:19:15,232 [INFO]    ✅ Turnstile resuelto
2026-04-11 17:19:25,843 [INFO]    ⏳ Turnstile detectado — esperando resolución automática...
2026-04-11 17:19:25,862 [INFO]    ✅ Turnstile resuelto
2026-04-11 17:19:35,822 [INFO]    ⏳ Turnstile detectado — esperando resolución automática...
2026-04-11 17:19:35,841 [INFO]    ✅ Turnstile resuelto
2026-04-11 17:19:45,600 [INFO]    ⏳ Turnstile detectado — esperando resolución automática...
2026-04-11 17:19:45,620 [INFO]    ✅ Turnstile resuelto
2026-04-11 17:19:55,438 [INFO]    ⏳ Turnstile detectado — esperando resolución automática...
2026-04-11 17:19:55,459 [INFO]    ✅ Turnstile resuelto
2026-04-11 17:20:07,007 [INFO]    ⏳ Turnstile detectado — esperando resolución automática...
2026-04-11 17:20:07,028 [INFO]    ✅ Turnstile resuelto
2026-04-11 17:20:17,959 [INFO]    ⏳ Turnstile detectado — esperando resolución automática...
2026-04-11 17:20:17,976 [INFO]    ✅ Turnstile resuelto
2026-04-11 17:20:30,353 [INFO]    ⏳ Turnstile detectado — esperando resolución automática...
2026-04-11 17:20:30,373 [INFO]    ✅ Turnstile resuelto
2026-04-11 17:20:41,305 [INFO]    ⏳ Turnstile detectado — esperando resolución automática...
2026-04-11 17:20:41,324 [INFO]    ✅ Turnstile resuelto
2026-04-11 17:20:52,567 [INFO]    ⏳ Turnstile detectado — esperando resolución automática...
2026-04-11 17:20:52,585 [INFO]    ✅ Turnstile resuelto
2026-04-11 17:21:03,221 [INFO]    ⏳ Turnstile detectado — esperando resolución automática...
2026-04-11 17:21:03,239 [INFO]    ✅ Turnstile resuelto
2026-04-11 17:21:15,098 [INFO]    ⏳ Turnstile detectado — esperando resolución automática...
2026-04-11 17:21:15,117 [INFO]    ✅ Turnstile resuelto
2026-04-11 17:21:24,933 [INFO]    ⏳ Turnstile detectado — esperando resolución automática...
2026-04-11 17:21:24,950 [INFO]    ✅ Turnstile resuelto
2026-04-11 17:21:36,093 [INFO]    ⏳ Turnstile detectado — esperando resolución automática...
2026-04-11 17:21:36,115 [INFO]    ✅ Turnstile resuelto
2026-04-11 17:21:47,563 [INFO]    ⏳ Turnstile detectado — esperando resolución automática...
2026-04-11 17:21:47,583 [INFO]    ✅ Turnstile resuelto
2026-04-11 17:21:58,721 [INFO]    ⏳ Turnstile detectado — esperando resolución automática...
2026-04-11 17:21:58,744 [INFO]    ✅ Turnstile resuelto
2026-04-11 17:22:09,680 [INFO]    ⏳ Turnstile detectado — esperando resolución automática...
2026-04-11 17:22:09,699 [INFO]    ✅ Turnstile resuelto
2026-04-11 17:22:13,479 [INFO]    Página 3/5 → https://www.opcionempleo.com.ar/trabajo-compras.html?p=3
2026-04-11 17:22:23,402 [INFO]    ⏳ Turnstile detectado — esperando resolución automática...
2026-04-11 17:22:23,420 [INFO]    ✅ Turnstile resuelto
2026-04-11 17:22:28,025 [INFO]    → 20 ofertas encontradas
2026-04-11 17:22:34,264 [INFO]    ⏳ Turnstile detectado — esperando resolución automática...
2026-04-11 17:22:34,281 [INFO]    ✅ Turnstile resuelto
2026-04-11 17:22:44,907 [INFO]    ⏳ Turnstile detectado — esperando resolución automática...
2026-04-11 17:22:44,929 [INFO]    ✅ Turnstile resuelto
2026-04-11 17:22:56,277 [INFO]    ⏳ Turnstile detectado — esperando resolución automática...
2026-04-11 17:22:56,297 [INFO]    ✅ Turnstile resuelto
2026-04-11 17:23:08,262 [INFO]    ⏳ Turnstile detectado — esperando resolución automática...
2026-04-11 17:23:08,283 [INFO]    ✅ Turnstile resuelto
2026-04-11 17:23:18,402 [INFO]    ⏳ Turnstile detectado — esperando resolución automática...
2026-04-11 17:23:18,425 [INFO]    ✅ Turnstile resuelto
2026-04-11 17:23:30,075 [INFO]    ⏳ Turnstile detectado — esperando resolución automática...
2026-04-11 17:23:30,116 [INFO]    ✅ Turnstile resuelto
2026-04-11 17:23:41,233 [INFO]    ⏳ Turnstile detectado — esperando resolución automática...
2026-04-11 17:23:41,255 [INFO]    ✅ Turnstile resuelto
2026-04-11 17:23:52,292 [INFO]    ⏳ Turnstile detectado — esperando resolución automática...
2026-04-11 17:23:52,311 [INFO]    ✅ Turnstile resuelto
2026-04-11 17:24:02,686 [INFO]    ⏳ Turnstile detectado — esperando resolución automática...
2026-04-11 17:24:02,706 [INFO]    ✅ Turnstile resuelto
2026-04-11 17:24:13,783 [INFO]    ⏳ Turnstile detectado — esperando resolución automática...
2026-04-11 17:24:13,800 [INFO]    ✅ Turnstile resuelto
2026-04-11 17:24:25,665 [INFO]    ⏳ Turnstile detectado — esperando resolución automática...
2026-04-11 17:24:25,687 [INFO]    ✅ Turnstile resuelto
2026-04-11 17:24:35,301 [INFO]    ⏳ Turnstile detectado — esperando resolución automática...
2026-04-11 17:24:35,321 [INFO]    ✅ Turnstile resuelto
2026-04-11 17:24:46,713 [INFO]    ⏳ Turnstile detectado — esperando resolución automática...
2026-04-11 17:24:46,732 [INFO]    ✅ Turnstile resuelto
2026-04-11 17:24:58,544 [INFO]    ⏳ Turnstile detectado — esperando resolución automática...
2026-04-11 17:24:58,562 [INFO]    ✅ Turnstile resuelto
2026-04-11 17:25:09,140 [INFO]    ⏳ Turnstile detectado — esperando resolución automática...
2026-04-11 17:25:09,163 [INFO]    ✅ Turnstile resuelto
2026-04-11 17:25:19,946 [INFO]    ⏳ Turnstile detectado — esperando resolución automática...
2026-04-11 17:25:19,964 [INFO]    ✅ Turnstile resuelto
2026-04-11 17:25:31,209 [INFO]    ⏳ Turnstile detectado — esperando resolución automática...
2026-04-11 17:25:31,228 [INFO]    ✅ Turnstile resuelto
2026-04-11 17:25:42,477 [INFO]    ⏳ Turnstile detectado — esperando resolución automática...
2026-04-11 17:25:42,498 [INFO]    ✅ Turnstile resuelto
2026-04-11 17:25:54,242 [INFO]    ⏳ Turnstile detectado — esperando resolución automática...
2026-04-11 17:25:54,262 [INFO]    ✅ Turnstile resuelto
2026-04-11 17:26:05,098 [INFO]    ⏳ Turnstile detectado — esperando resolución automática...
2026-04-11 17:26:05,117 [INFO]    ✅ Turnstile resuelto
2026-04-11 17:26:08,978 [INFO]    Página 4/5 → https://www.opcionempleo.com.ar/trabajo-compras.html?p=4
2026-04-11 17:26:16,568 [INFO]    ⏳ Turnstile detectado — esperando resolución automática...
2026-04-11 17:26:16,588 [INFO]    ✅ Turnstile resuelto
2026-04-11 17:26:20,507 [INFO]    → 20 ofertas encontradas
2026-04-11 17:26:28,097 [INFO]    ⏳ Turnstile detectado — esperando resolución automática...
2026-04-11 17:26:28,117 [INFO]    ✅ Turnstile resuelto
2026-04-11 17:26:39,163 [INFO]    ⏳ Turnstile detectado — esperando resolución automática...
2026-04-11 17:26:39,208 [INFO]    ✅ Turnstile resuelto
2026-04-11 17:26:49,416 [INFO]    ⏳ Turnstile detectado — esperando resolución automática...
2026-04-11 17:26:49,434 [INFO]    ✅ Turnstile resuelto
2026-04-11 17:27:01,700 [INFO]    ⏳ Turnstile detectado — esperando resolución automática...
2026-04-11 17:27:01,718 [INFO]    ✅ Turnstile resuelto
2026-04-11 17:27:12,211 [INFO]    ⏳ Turnstile detectado — esperando resolución automática...
2026-04-11 17:27:12,234 [INFO]    ✅ Turnstile resuelto
2026-04-11 17:27:24,754 [INFO]    ⏳ Turnstile detectado — esperando resolución automática...
2026-04-11 17:27:24,771 [INFO]    ✅ Turnstile resuelto
2026-04-11 17:27:35,736 [INFO]    ⏳ Turnstile detectado — esperando resolución automática...
2026-04-11 17:27:35,755 [INFO]    ✅ Turnstile resuelto
2026-04-11 17:27:48,115 [INFO]    ⏳ Turnstile detectado — esperando resolución automática...
2026-04-11 17:27:48,134 [INFO]    ✅ Turnstile resuelto
2026-04-11 17:27:59,030 [INFO]    ⏳ Turnstile detectado — esperando resolución automática...
2026-04-11 17:27:59,050 [INFO]    ✅ Turnstile resuelto
2026-04-11 17:28:10,041 [INFO]    ⏳ Turnstile detectado — esperando resolución automática...
2026-04-11 17:28:10,058 [INFO]    ✅ Turnstile resuelto
2026-04-11 17:28:20,173 [INFO]    ⏳ Turnstile detectado — esperando resolución automática...
2026-04-11 17:28:20,196 [INFO]    ✅ Turnstile resuelto
2026-04-11 17:28:32,220 [INFO]    ⏳ Turnstile detectado — esperando resolución automática...
2026-04-11 17:28:32,244 [INFO]    ✅ Turnstile resuelto
2026-04-11 17:28:43,307 [INFO]    ⏳ Turnstile detectado — esperando resolución automática...
2026-04-11 17:28:43,327 [INFO]    ✅ Turnstile resuelto
2026-04-11 17:28:53,038 [INFO]    ⏳ Turnstile detectado — esperando resolución automática...
2026-04-11 17:28:53,056 [INFO]    ✅ Turnstile resuelto
2026-04-11 17:29:03,075 [INFO]    ⏳ Turnstile detectado — esperando resolución automática...
2026-04-11 17:29:03,094 [INFO]    ✅ Turnstile resuelto
2026-04-11 17:29:12,496 [INFO]    ⏳ Turnstile detectado — esperando resolución automática...
2026-04-11 17:29:12,548 [INFO]    ✅ Turnstile resuelto
2026-04-11 17:29:22,738 [INFO]    ⏳ Turnstile detectado — esperando resolución automática...
2026-04-11 17:29:22,754 [INFO]    ✅ Turnstile resuelto
2026-04-11 17:29:32,978 [INFO]    ⏳ Turnstile detectado — esperando resolución automática...
2026-04-11 17:29:32,996 [INFO]    ✅ Turnstile resuelto
2026-04-11 17:29:44,321 [INFO]    ⏳ Turnstile detectado — esperando resolución automática...
2026-04-11 17:29:44,341 [INFO]    ✅ Turnstile resuelto
2026-04-11 17:29:54,383 [INFO]    ⏳ Turnstile detectado — esperando resolución automática...
2026-04-11 17:29:54,403 [INFO]    ✅ Turnstile resuelto
2026-04-11 17:29:58,030 [INFO]    Página 5/5 → https://www.opcionempleo.com.ar/trabajo-compras.html?p=5
2026-04-11 17:30:07,148 [INFO]    ⏳ Turnstile detectado — esperando resolución automática...
2026-04-11 17:30:07,168 [INFO]    ✅ Turnstile resuelto
2026-04-11 17:30:11,025 [INFO]    → 20 ofertas encontradas
2026-04-11 17:30:17,217 [INFO]    ⏳ Turnstile detectado — esperando resolución automática...
2026-04-11 17:30:17,235 [INFO]    ✅ Turnstile resuelto
2026-04-11 17:30:29,705 [INFO]    ⏳ Turnstile detectado — esperando resolución automática...
2026-04-11 17:30:29,727 [INFO]    ✅ Turnstile resuelto
2026-04-11 17:30:41,379 [INFO]    ⏳ Turnstile detectado — esperando resolución automática...
2026-04-11 17:30:41,399 [INFO]    ✅ Turnstile resuelto
2026-04-11 17:30:53,052 [INFO]    ⏳ Turnstile detectado — esperando resolución automática...
2026-04-11 17:30:53,072 [INFO]    ✅ Turnstile resuelto
2026-04-11 17:31:04,392 [INFO]    ⏳ Turnstile detectado — esperando resolución automática...
2026-04-11 17:31:04,410 [INFO]    ✅ Turnstile resuelto
2026-04-11 17:31:14,148 [INFO]    ⏳ Turnstile detectado — esperando resolución automática...
2026-04-11 17:31:14,167 [INFO]    ✅ Turnstile resuelto
2026-04-11 17:31:24,487 [INFO]    ⏳ Turnstile detectado — esperando resolución automática...
2026-04-11 17:31:24,509 [INFO]    ✅ Turnstile resuelto
2026-04-11 17:31:36,568 [INFO]    ⏳ Turnstile detectado — esperando resolución automática...
2026-04-11 17:31:36,590 [INFO]    ✅ Turnstile resuelto
2026-04-11 17:31:47,832 [INFO]    ⏳ Turnstile detectado — esperando resolución automática...
2026-04-11 17:31:47,865 [INFO]    ✅ Turnstile resuelto
2026-04-11 17:31:58,699 [INFO]    ⏳ Turnstile detectado — esperando resolución automática...
2026-04-11 17:31:58,717 [INFO]    ✅ Turnstile resuelto
2026-04-11 17:32:08,937 [INFO]    ⏳ Turnstile detectado — esperando resolución automática...
2026-04-11 17:32:08,954 [INFO]    ✅ Turnstile resuelto
2026-04-11 17:32:20,708 [INFO]    ⏳ Turnstile detectado — esperando resolución automática...
2026-04-11 17:32:20,728 [INFO]    ✅ Turnstile resuelto
2026-04-11 17:32:32,037 [INFO]    ⏳ Turnstile detectado — esperando resolución automática...
2026-04-11 17:32:32,054 [INFO]    ✅ Turnstile resuelto
2026-04-11 17:32:43,032 [INFO]    ⏳ Turnstile detectado — esperando resolución automática...
2026-04-11 17:32:43,052 [INFO]    ✅ Turnstile resuelto
2026-04-11 17:32:54,605 [INFO]    ⏳ Turnstile detectado — esperando resolución automática...
2026-04-11 17:32:54,625 [INFO]    ✅ Turnstile resuelto
2026-04-11 17:33:06,275 [INFO]    ⏳ Turnstile detectado — esperando resolución automática...
2026-04-11 17:33:06,294 [INFO]    ✅ Turnstile resuelto
2026-04-11 17:33:17,170 [INFO]    ⏳ Turnstile detectado — esperando resolución automática...
2026-04-11 17:33:17,190 [INFO]    ✅ Turnstile resuelto
2026-04-11 17:33:29,114 [INFO]    ⏳ Turnstile detectado — esperando resolución automática...
2026-04-11 17:33:29,157 [INFO]    ✅ Turnstile resuelto
2026-04-11 17:33:41,090 [INFO]    ⏳ Turnstile detectado — esperando resolución automática...
2026-04-11 17:33:41,108 [INFO]    ✅ Turnstile resuelto
2026-04-11 17:33:53,697 [INFO]    ⏳ Turnstile detectado — esperando resolución automática...
2026-04-11 17:33:53,717 [INFO]    ✅ Turnstile resuelto
2026-04-11 17:33:56,902 [INFO] Exportadas 94 ofertas → /media/carlos-a-cicconi/Common1/Repositorios-Ing.Carlos-Cicconi/Trabajo_Final_MCD/data/raw/opcionempleo_20260411.csv
2026-04-11 17:33:56,902 [INFO] ✅ 'Compras / Procurement': 94 ofertas guardadas
2026-04-11 17:33:56,902 [INFO]    💤 Pausa: 10.0s
2026-04-11 17:34:06,883 [INFO] 
🔍 Buscando: 'Ingeniero Industrial'
2026-04-11 17:34:06,883 [INFO]    Página 1/5 → https://www.opcionempleo.com.ar/trabajo-ingeniero-industrial.html
2026-04-11 17:34:15,577 [INFO]    ⏳ Turnstile detectado — esperando resolución automática...
2026-04-11 17:34:15,597 [INFO]    ✅ Turnstile resuelto
2026-04-11 17:34:19,553 [INFO]    → 20 ofertas encontradas
2026-04-11 17:34:26,973 [INFO]    ⏳ Turnstile detectado — esperando resolución automática...
2026-04-11 17:34:26,992 [INFO]    ✅ Turnstile resuelto
2026-04-11 17:34:37,410 [INFO]    ⏳ Turnstile detectado — esperando resolución automática...
2026-04-11 17:34:37,430 [INFO]    ✅ Turnstile resuelto
2026-04-11 17:34:48,267 [INFO]    ⏳ Turnstile detectado — esperando resolución automática...
2026-04-11 17:34:48,287 [INFO]    ✅ Turnstile resuelto
2026-04-11 17:34:58,101 [INFO]    ⏳ Turnstile detectado — esperando resolución automática...
2026-04-11 17:34:58,121 [INFO]    ✅ Turnstile resuelto
2026-04-11 17:35:08,239 [INFO]    ⏳ Turnstile detectado — esperando resolución automática...
2026-04-11 17:35:08,279 [INFO]    ✅ Turnstile resuelto
2026-04-11 17:35:19,800 [INFO]    ⏳ Turnstile detectado — esperando resolución automática...
2026-04-11 17:35:19,818 [INFO]    ✅ Turnstile resuelto
2026-04-11 17:35:31,588 [INFO]    ⏳ Turnstile detectado — esperando resolución automática...
2026-04-11 17:35:31,605 [INFO]    ✅ Turnstile resuelto
2026-04-11 17:35:43,351 [INFO]    ⏳ Turnstile detectado — esperando resolución automática...
2026-04-11 17:35:43,380 [INFO]    ✅ Turnstile resuelto
2026-04-11 17:35:53,587 [INFO]    ⏳ Turnstile detectado — esperando resolución automática...
2026-04-11 17:35:53,605 [INFO]    ✅ Turnstile resuelto
2026-04-11 17:36:04,352 [INFO]    ⏳ Turnstile detectado — esperando resolución automática...
2026-04-11 17:36:04,370 [INFO]    ✅ Turnstile resuelto
2026-04-11 17:36:14,891 [INFO]    ⏳ Turnstile detectado — esperando resolución automática...
2026-04-11 17:36:14,908 [INFO]    ✅ Turnstile resuelto
2026-04-11 17:36:24,732 [INFO]    ⏳ Turnstile detectado — esperando resolución automática...
2026-04-11 17:36:24,753 [INFO]    ✅ Turnstile resuelto
2026-04-11 17:36:36,073 [INFO]    ⏳ Turnstile detectado — esperando resolución automática...
2026-04-11 17:36:36,093 [INFO]    ✅ Turnstile resuelto
2026-04-11 17:36:46,969 [INFO]    ⏳ Turnstile detectado — esperando resolución automática...
2026-04-11 17:36:46,989 [INFO]    ✅ Turnstile resuelto
2026-04-11 17:36:58,213 [INFO]    ⏳ Turnstile detectado — esperando resolución automática...
2026-04-11 17:36:58,231 [INFO]    ✅ Turnstile resuelto
2026-04-11 17:37:09,180 [INFO]    ⏳ Turnstile detectado — esperando resolución automática...
2026-04-11 17:37:09,201 [INFO]    ✅ Turnstile resuelto
2026-04-11 17:37:19,204 [INFO]    ⏳ Turnstile detectado — esperando resolución automática...
2026-04-11 17:37:19,256 [INFO]    ✅ Turnstile resuelto
2026-04-11 17:37:30,470 [INFO]    ⏳ Turnstile detectado — esperando resolución automática...
2026-04-11 17:37:30,490 [INFO]    ✅ Turnstile resuelto
2026-04-11 17:37:40,910 [INFO]    ⏳ Turnstile detectado — esperando resolución automática...
2026-04-11 17:37:40,929 [INFO]    ✅ Turnstile resuelto
2026-04-11 17:37:51,854 [INFO]    ⏳ Turnstile detectado — esperando resolución automática...
2026-04-11 17:37:51,887 [INFO]    ✅ Turnstile resuelto
2026-04-11 17:37:55,531 [INFO]    Página 2/5 → https://www.opcionempleo.com.ar/trabajo-ingeniero-industrial.html?p=2
2026-04-11 17:38:03,447 [INFO]    ⏳ Turnstile detectado — esperando resolución automática...
2026-04-11 17:38:03,467 [INFO]    ✅ Turnstile resuelto
2026-04-11 17:38:07,330 [INFO]    → 20 ofertas encontradas
2026-04-11 17:38:15,471 [INFO]    ⏳ Turnstile detectado — esperando resolución automática...
2026-04-11 17:38:15,492 [INFO]    ✅ Turnstile resuelto
2026-04-11 17:38:26,279 [INFO]    ⏳ Turnstile detectado — esperando resolución automática...
2026-04-11 17:38:26,298 [INFO]    ✅ Turnstile resuelto
2026-04-11 17:38:37,444 [INFO]    ⏳ Turnstile detectado — esperando resolución automática...
2026-04-11 17:38:37,462 [INFO]    ✅ Turnstile resuelto
2026-04-11 17:38:47,941 [INFO]    ⏳ Turnstile detectado — esperando resolución automática...
2026-04-11 17:38:47,960 [INFO]    ✅ Turnstile resuelto
2026-04-11 17:38:59,016 [INFO]    ⏳ Turnstile detectado — esperando resolución automática...
2026-04-11 17:38:59,037 [INFO]    ✅ Turnstile resuelto
2026-04-11 17:39:10,621 [INFO]    ⏳ Turnstile detectado — esperando resolución automática...
2026-04-11 17:39:10,641 [INFO]    ✅ Turnstile resuelto
2026-04-11 17:39:22,498 [INFO]    ⏳ Turnstile detectado — esperando resolución automática...
2026-04-11 17:39:22,517 [INFO]    ✅ Turnstile resuelto
2026-04-11 17:39:32,393 [INFO]    ⏳ Turnstile detectado — esperando resolución automática...
2026-04-11 17:39:32,440 [INFO]    ✅ Turnstile resuelto
2026-04-11 17:39:44,310 [INFO]    ⏳ Turnstile detectado — esperando resolución automática...
2026-04-11 17:39:44,330 [INFO]    ✅ Turnstile resuelto
2026-04-11 17:39:54,447 [INFO]    ⏳ Turnstile detectado — esperando resolución automática...
2026-04-11 17:39:54,465 [INFO]    ✅ Turnstile resuelto
2026-04-11 17:40:04,049 [INFO]    ⏳ Turnstile detectado — esperando resolución automática...
2026-04-11 17:40:04,071 [INFO]    ✅ Turnstile resuelto
2026-04-11 17:40:15,095 [INFO]    ⏳ Turnstile detectado — esperando resolución automática...
2026-04-11 17:40:15,129 [INFO]    ✅ Turnstile resuelto
2026-04-11 17:40:25,578 [INFO]    ⏳ Turnstile detectado — esperando resolución automática...
2026-04-11 17:40:25,600 [INFO]    ✅ Turnstile resuelto
2026-04-11 17:40:37,459 [INFO]    ⏳ Turnstile detectado — esperando resolución automática...
2026-04-11 17:40:37,477 [INFO]    ✅ Turnstile resuelto
2026-04-11 17:40:49,440 [INFO]    ⏳ Turnstile detectado — esperando resolución automática...
2026-04-11 17:40:49,461 [INFO]    ✅ Turnstile resuelto
2026-04-11 17:41:00,596 [INFO]    ⏳ Turnstile detectado — esperando resolución automática...
2026-04-11 17:41:00,617 [INFO]    ✅ Turnstile resuelto
2026-04-11 17:41:11,292 [INFO]    ⏳ Turnstile detectado — esperando resolución automática...
2026-04-11 17:41:11,308 [INFO]    ✅ Turnstile resuelto
2026-04-11 17:41:22,520 [INFO]    ⏳ Turnstile detectado — esperando resolución automática...
2026-04-11 17:41:22,555 [INFO]    ✅ Turnstile resuelto
2026-04-11 17:41:32,555 [INFO]    ⏳ Turnstile detectado — esperando resolución automática...
2026-04-11 17:41:32,573 [INFO]    ✅ Turnstile resuelto
2026-04-11 17:41:44,292 [INFO]    ⏳ Turnstile detectado — esperando resolución automática...
2026-04-11 17:41:44,313 [INFO]    ✅ Turnstile resuelto
2026-04-11 17:41:48,112 [INFO]    Página 3/5 → https://www.opcionempleo.com.ar/trabajo-ingeniero-industrial.html?p=3
2026-04-11 17:41:55,658 [INFO]    ⏳ Turnstile detectado — esperando resolución automática...
2026-04-11 17:41:55,678 [INFO]    ✅ Turnstile resuelto
2026-04-11 17:41:59,366 [INFO]    → 19 ofertas encontradas
2026-04-11 17:42:06,048 [INFO]    ⏳ Turnstile detectado — esperando resolución automática...
2026-04-11 17:42:06,066 [INFO]    ✅ Turnstile resuelto
2026-04-11 17:42:17,723 [INFO]    ⏳ Turnstile detectado — esperando resolución automática...
2026-04-11 17:42:17,741 [INFO]    ✅ Turnstile resuelto
2026-04-11 17:42:29,574 [INFO]    ⏳ Turnstile detectado — esperando resolución automática...
2026-04-11 17:42:29,594 [INFO]    ✅ Turnstile resuelto
2026-04-11 17:42:40,756 [INFO]    ⏳ Turnstile detectado — esperando resolución automática...
2026-04-11 17:42:40,777 [INFO]    ✅ Turnstile resuelto
2026-04-11 17:42:50,585 [INFO]    ⏳ Turnstile detectado — esperando resolución automática...
2026-04-11 17:42:50,603 [INFO]    ✅ Turnstile resuelto
2026-04-11 17:43:01,137 [INFO]    ⏳ Turnstile detectado — esperando resolución automática...
2026-04-11 17:43:01,159 [INFO]    ✅ Turnstile resuelto
2026-04-11 17:43:12,704 [INFO]    ⏳ Turnstile detectado — esperando resolución automática...
2026-04-11 17:43:12,723 [INFO]    ✅ Turnstile resuelto
2026-04-11 17:43:23,762 [INFO]    ⏳ Turnstile detectado — esperando resolución automática...
2026-04-11 17:43:23,780 [INFO]    ✅ Turnstile resuelto
2026-04-11 17:43:34,000 [INFO]    ⏳ Turnstile detectado — esperando resolución automática...
2026-04-11 17:43:34,020 [INFO]    ✅ Turnstile resuelto
2026-04-11 17:43:43,619 [INFO]    ⏳ Turnstile detectado — esperando resolución automática...
2026-04-11 17:43:43,644 [INFO]    ✅ Turnstile resuelto
2026-04-11 17:43:53,870 [INFO]    ⏳ Turnstile detectado — esperando resolución automática...
2026-04-11 17:43:53,893 [INFO]    ✅ Turnstile resuelto
2026-04-11 17:44:04,612 [INFO]    ⏳ Turnstile detectado — esperando resolución automática...
2026-04-11 17:44:04,631 [INFO]    ✅ Turnstile resuelto
2026-04-11 17:44:15,197 [INFO]    ⏳ Turnstile detectado — esperando resolución automática...
2026-04-11 17:44:15,216 [INFO]    ✅ Turnstile resuelto
2026-04-11 17:44:25,296 [INFO]    ⏳ Turnstile detectado — esperando resolución automática...
2026-04-11 17:44:25,316 [INFO]    ✅ Turnstile resuelto
2026-04-11 17:44:37,032 [INFO]    ⏳ Turnstile detectado — esperando resolución automática...
2026-04-11 17:44:37,056 [INFO]    ✅ Turnstile resuelto
2026-04-11 17:44:48,646 [INFO]    ⏳ Turnstile detectado — esperando resolución automática...
2026-04-11 17:44:48,663 [INFO]    ✅ Turnstile resuelto
2026-04-11 17:45:00,015 [INFO]    ⏳ Turnstile detectado — esperando resolución automática...
2026-04-11 17:45:00,031 [INFO]    ✅ Turnstile resuelto
2026-04-11 17:45:11,789 [INFO]    ⏳ Turnstile detectado — esperando resolución automática...
2026-04-11 17:45:11,811 [INFO]    ✅ Turnstile resuelto
2026-04-11 17:45:22,024 [INFO]    ⏳ Turnstile detectado — esperando resolución automática...
2026-04-11 17:45:22,045 [INFO]    ✅ Turnstile resuelto
2026-04-11 17:45:26,001 [INFO]    Página 4/5 → https://www.opcionempleo.com.ar/trabajo-ingeniero-industrial.html?p=4
2026-04-11 17:45:36,067 [INFO]    ⏳ Turnstile detectado — esperando resolución automática...
2026-04-11 17:45:36,113 [INFO]    ✅ Turnstile resuelto
2026-04-11 17:45:40,257 [INFO]    → 20 ofertas encontradas
2026-04-11 17:45:47,431 [INFO]    ⏳ Turnstile detectado — esperando resolución automática...
2026-04-11 17:45:47,450 [INFO]    ✅ Turnstile resuelto
2026-04-11 17:45:59,055 [INFO]    ⏳ Turnstile detectado — esperando resolución automática...
2026-04-11 17:45:59,079 [INFO]    ✅ Turnstile resuelto
2026-04-11 17:46:10,641 [INFO]    ⏳ Turnstile detectado — esperando resolución automática...
2026-04-11 17:46:10,660 [INFO]    ✅ Turnstile resuelto
2026-04-11 17:46:20,783 [INFO]    ⏳ Turnstile detectado — esperando resolución automática...
2026-04-11 17:46:20,802 [INFO]    ✅ Turnstile resuelto
2026-04-11 17:46:33,632 [INFO]    ⏳ Turnstile detectado — esperando resolución automática...
2026-04-11 17:46:33,653 [INFO]    ✅ Turnstile resuelto
2026-04-11 17:46:44,419 [INFO]    ⏳ Turnstile detectado — esperando resolución automática...
2026-04-11 17:46:44,437 [INFO]    ✅ Turnstile resuelto
2026-04-11 17:46:55,288 [INFO]    ⏳ Turnstile detectado — esperando resolución automática...
2026-04-11 17:46:55,305 [INFO]    ✅ Turnstile resuelto
2026-04-11 17:47:06,443 [INFO]    ⏳ Turnstile detectado — esperando resolución automática...
2026-04-11 17:47:06,461 [INFO]    ✅ Turnstile resuelto
2026-04-11 17:47:16,689 [INFO]    ⏳ Turnstile detectado — esperando resolución automática...
2026-04-11 17:47:16,708 [INFO]    ✅ Turnstile resuelto
2026-04-11 17:47:28,463 [INFO]    ⏳ Turnstile detectado — esperando resolución automática...
2026-04-11 17:47:28,482 [INFO]    ✅ Turnstile resuelto
2026-04-11 17:47:39,323 [INFO]    ⏳ Turnstile detectado — esperando resolución automática...
2026-04-11 17:47:39,342 [INFO]    ✅ Turnstile resuelto
2026-04-11 17:47:51,406 [INFO]    ⏳ Turnstile detectado — esperando resolución automática...
2026-04-11 17:47:51,426 [INFO]    ✅ Turnstile resuelto
2026-04-11 17:48:03,277 [INFO]    ⏳ Turnstile detectado — esperando resolución automática...
2026-04-11 17:48:03,299 [INFO]    ✅ Turnstile resuelto
2026-04-11 17:48:14,968 [INFO]    ⏳ Turnstile detectado — esperando resolución automática...
2026-04-11 17:48:15,001 [INFO]    ✅ Turnstile resuelto
2026-04-11 17:48:26,930 [INFO]    ⏳ Turnstile detectado — esperando resolución automática...
2026-04-11 17:48:26,948 [INFO]    ✅ Turnstile resuelto
2026-04-11 17:48:37,476 [INFO]    ⏳ Turnstile detectado — esperando resolución automática...
2026-04-11 17:48:37,493 [INFO]    ✅ Turnstile resuelto
2026-04-11 17:48:49,660 [INFO]    ⏳ Turnstile detectado — esperando resolución automática...
2026-04-11 17:48:49,681 [INFO]    ✅ Turnstile resuelto
2026-04-11 17:49:01,747 [INFO]    ⏳ Turnstile detectado — esperando resolución automática...
2026-04-11 17:49:01,766 [INFO]    ✅ Turnstile resuelto
2026-04-11 17:49:11,780 [INFO]    ⏳ Turnstile detectado — esperando resolución automática...
2026-04-11 17:49:11,828 [INFO]    ✅ Turnstile resuelto
2026-04-11 17:49:22,429 [INFO]    ⏳ Turnstile detectado — esperando resolución automática...
2026-04-11 17:49:22,447 [INFO]    ✅ Turnstile resuelto
2026-04-11 17:49:26,068 [INFO]    Página 5/5 → https://www.opcionempleo.com.ar/trabajo-ingeniero-industrial.html?p=5
2026-04-11 17:49:35,334 [INFO]    ⏳ Turnstile detectado — esperando resolución automática...
2026-04-11 17:49:35,382 [INFO]    ✅ Turnstile resuelto
2026-04-11 17:49:39,839 [INFO]    → 20 ofertas encontradas
2026-04-11 17:49:48,232 [INFO]    ⏳ Turnstile detectado — esperando resolución automática...
2026-04-11 17:49:48,251 [INFO]    ✅ Turnstile resuelto
2026-04-11 17:49:58,061 [INFO]    ⏳ Turnstile detectado — esperando resolución automática...
2026-04-11 17:49:58,079 [INFO]    ✅ Turnstile resuelto
2026-04-11 17:50:08,682 [INFO]    ⏳ Turnstile detectado — esperando resolución automática...
2026-04-11 17:50:08,700 [INFO]    ✅ Turnstile resuelto
2026-04-11 17:50:20,691 [INFO]    ⏳ Turnstile detectado — esperando resolución automática...
2026-04-11 17:50:20,710 [INFO]    ✅ Turnstile resuelto
2026-04-11 17:50:31,136 [INFO]    ⏳ Turnstile detectado — esperando resolución automática...
2026-04-11 17:50:31,154 [INFO]    ✅ Turnstile resuelto
2026-04-11 17:50:43,219 [INFO]    ⏳ Turnstile detectado — esperando resolución automática...
2026-04-11 17:50:43,238 [INFO]    ✅ Turnstile resuelto
2026-04-11 17:50:54,797 [INFO]    ⏳ Turnstile detectado — esperando resolución automática...
2026-04-11 17:50:54,856 [INFO]    ✅ Turnstile resuelto
2026-04-11 17:51:06,439 [INFO]    ⏳ Turnstile detectado — esperando resolución automática...
2026-04-11 17:51:06,459 [INFO]    ✅ Turnstile resuelto
2026-04-11 17:51:18,346 [INFO]    ⏳ Turnstile detectado — esperando resolución automática...
2026-04-11 17:51:18,367 [INFO]    ✅ Turnstile resuelto
2026-04-11 17:51:30,116 [INFO]    ⏳ Turnstile detectado — esperando resolución automática...
2026-04-11 17:51:30,134 [INFO]    ✅ Turnstile resuelto
2026-04-11 17:51:40,233 [INFO]    ⏳ Turnstile detectado — esperando resolución automática...
2026-04-11 17:51:40,250 [INFO]    ✅ Turnstile resuelto
2026-04-11 17:51:52,334 [INFO]    ⏳ Turnstile detectado — esperando resolución automática...
2026-04-11 17:51:52,351 [INFO]    ✅ Turnstile resuelto
2026-04-11 17:52:02,372 [INFO]    ⏳ Turnstile detectado — esperando resolución automática...
2026-04-11 17:52:02,391 [INFO]    ✅ Turnstile resuelto
2026-04-11 17:52:14,838 [INFO]    ⏳ Turnstile detectado — esperando resolución automática...
2026-04-11 17:52:14,855 [INFO]    ✅ Turnstile resuelto
2026-04-11 17:52:26,003 [INFO]    ⏳ Turnstile detectado — esperando resolución automática...
2026-04-11 17:52:26,022 [INFO]    ✅ Turnstile resuelto
2026-04-11 17:52:37,085 [INFO]    ⏳ Turnstile detectado — esperando resolución automática...
2026-04-11 17:52:37,134 [INFO]    ✅ Turnstile resuelto
2026-04-11 17:52:48,762 [INFO]    ⏳ Turnstile detectado — esperando resolución automática...
2026-04-11 17:52:48,780 [INFO]    ✅ Turnstile resuelto
2026-04-11 17:52:59,610 [INFO]    ⏳ Turnstile detectado — esperando resolución automática...
2026-04-11 17:52:59,630 [INFO]    ✅ Turnstile resuelto
2026-04-11 17:53:09,646 [INFO]    ⏳ Turnstile detectado — esperando resolución automática...
2026-04-11 17:53:09,665 [INFO]    ✅ Turnstile resuelto
2026-04-11 17:53:20,398 [INFO]    ⏳ Turnstile detectado — esperando resolución automática...
2026-04-11 17:53:20,417 [INFO]    ✅ Turnstile resuelto
2026-04-11 17:53:24,346 [INFO] Exportadas 99 ofertas → /media/carlos-a-cicconi/Common1/Repositorios-Ing.Carlos-Cicconi/Trabajo_Final_MCD/data/raw/opcionempleo_20260411.csv
2026-04-11 17:53:24,346 [INFO] ✅ 'Ingeniero Industrial': 99 ofertas guardadas
2026-04-11 17:53:24,346 [INFO]    💤 Pausa: 13.6s
2026-04-11 17:53:37,954 [INFO] 
🔍 Buscando: 'Finanzas / CAPEX'
2026-04-11 17:53:37,954 [INFO]    Página 1/5 → https://www.opcionempleo.com.ar/trabajo-finanzas.html
2026-04-11 17:53:46,138 [INFO]    ⏳ Turnstile detectado — esperando resolución automática...
2026-04-11 17:53:46,158 [INFO]    ✅ Turnstile resuelto
2026-04-11 17:53:50,408 [INFO]    → 18 ofertas encontradas
2026-04-11 17:53:57,670 [INFO]    ⏳ Turnstile detectado — esperando resolución automática...
2026-04-11 17:53:57,689 [INFO]    ✅ Turnstile resuelto
2026-04-11 17:54:08,219 [INFO]    ⏳ Turnstile detectado — esperando resolución automática...
2026-04-11 17:54:08,238 [INFO]    ✅ Turnstile resuelto
2026-04-11 17:54:18,953 [INFO]    ⏳ Turnstile detectado — esperando resolución automática...
2026-04-11 17:54:18,976 [INFO]    ✅ Turnstile resuelto
2026-04-11 17:54:29,513 [INFO]    ⏳ Turnstile detectado — esperando resolución automática...
2026-04-11 17:54:29,533 [INFO]    ✅ Turnstile resuelto
2026-04-11 17:54:41,325 [INFO]    ⏳ Turnstile detectado — esperando resolución automática...
2026-04-11 17:54:41,398 [INFO]    ✅ Turnstile resuelto
2026-04-11 17:54:53,782 [INFO]    ⏳ Turnstile detectado — esperando resolución automática...
2026-04-11 17:54:53,803 [INFO]    ✅ Turnstile resuelto
2026-04-11 17:55:04,653 [INFO]    ⏳ Turnstile detectado — esperando resolución automática...
2026-04-11 17:55:04,673 [INFO]    ✅ Turnstile resuelto
2026-04-11 17:55:17,233 [INFO]    ⏳ Turnstile detectado — esperando resolución automática...
2026-04-11 17:55:17,256 [INFO]    ✅ Turnstile resuelto
2026-04-11 17:55:28,397 [INFO]    ⏳ Turnstile detectado — esperando resolución automática...
2026-04-11 17:55:28,419 [INFO]    ✅ Turnstile resuelto
2026-04-11 17:55:39,761 [INFO]    ⏳ Turnstile detectado — esperando resolución automática...
2026-04-11 17:55:39,783 [INFO]    ✅ Turnstile resuelto
2026-04-11 17:55:51,945 [INFO]    ⏳ Turnstile detectado — esperando resolución automática...
2026-04-11 17:55:51,964 [INFO]    ✅ Turnstile resuelto
2026-04-11 17:56:02,294 [INFO]    ⏳ Turnstile detectado — esperando resolución automática...
2026-04-11 17:56:02,316 [INFO]    ✅ Turnstile resuelto
2026-04-11 17:56:13,551 [INFO]    ⏳ Turnstile detectado — esperando resolución automática...
2026-04-11 17:56:13,574 [INFO]    ✅ Turnstile resuelto
2026-04-11 17:56:24,207 [INFO]    ⏳ Turnstile detectado — esperando resolución automática...
2026-04-11 17:56:24,230 [INFO]    ✅ Turnstile resuelto
2026-04-11 17:56:34,476 [INFO]    ⏳ Turnstile detectado — esperando resolución automática...
2026-04-11 17:56:34,523 [INFO]    ✅ Turnstile resuelto
2026-04-11 17:56:47,066 [INFO]    ⏳ Turnstile detectado — esperando resolución automática...
2026-04-11 17:56:47,085 [INFO]    ✅ Turnstile resuelto
2026-04-11 17:56:59,304 [INFO]    ⏳ Turnstile detectado — esperando resolución automática...
2026-04-11 17:56:59,320 [INFO]    ✅ Turnstile resuelto
2026-04-11 17:57:09,924 [INFO]    ⏳ Turnstile detectado — esperando resolución automática...
2026-04-11 17:57:09,942 [INFO]    ✅ Turnstile resuelto
2026-04-11 17:57:13,310 [INFO]    Página 2/5 → https://www.opcionempleo.com.ar/trabajo-finanzas.html?p=2
2026-04-11 17:57:21,461 [INFO]    ⏳ Turnstile detectado — esperando resolución automática...
2026-04-11 17:57:21,478 [INFO]    ✅ Turnstile resuelto
2026-04-11 17:57:25,276 [INFO]    → 18 ofertas encontradas
2026-04-11 17:57:33,920 [INFO]    ⏳ Turnstile detectado — esperando resolución automática...
2026-04-11 17:57:33,965 [INFO]    ✅ Turnstile resuelto
2026-04-11 17:57:45,411 [INFO]    ⏳ Turnstile detectado — esperando resolución automática...
2026-04-11 17:57:45,427 [INFO]    ✅ Turnstile resuelto
2026-04-11 17:57:57,872 [INFO]    ⏳ Turnstile detectado — esperando resolución automática...
2026-04-11 17:57:57,891 [INFO]    ✅ Turnstile resuelto
2026-04-11 17:58:08,134 [INFO]    ⏳ Turnstile detectado — esperando resolución automática...
2026-04-11 17:58:08,151 [INFO]    ✅ Turnstile resuelto
2026-04-11 17:58:18,989 [INFO]    ⏳ Turnstile detectado — esperando resolución automática...
2026-04-11 17:58:19,006 [INFO]    ✅ Turnstile resuelto
2026-04-11 17:58:30,199 [INFO]    ⏳ Turnstile detectado — esperando resolución automática...
2026-04-11 17:58:30,219 [INFO]    ✅ Turnstile resuelto
2026-04-11 17:58:40,213 [INFO]    ⏳ Turnstile detectado — esperando resolución automática...
2026-04-11 17:58:40,231 [INFO]    ✅ Turnstile resuelto
2026-04-11 17:58:51,464 [INFO]    ⏳ Turnstile detectado — esperando resolución automática...
2026-04-11 17:58:51,481 [INFO]    ✅ Turnstile resuelto
2026-04-11 17:59:01,791 [INFO]    ⏳ Turnstile detectado — esperando resolución automática...
2026-04-11 17:59:01,808 [INFO]    ✅ Turnstile resuelto
2026-04-11 17:59:13,467 [INFO]    ⏳ Turnstile detectado — esperando resolución automática...
2026-04-11 17:59:13,490 [INFO]    ✅ Turnstile resuelto
2026-04-11 17:59:23,814 [INFO]    ⏳ Turnstile detectado — esperando resolución automática...
2026-04-11 17:59:23,834 [INFO]    ✅ Turnstile resuelto
2026-04-11 17:59:34,891 [INFO]    ⏳ Turnstile detectado — esperando resolución automática...
2026-04-11 17:59:34,913 [INFO]    ✅ Turnstile resuelto
2026-04-11 17:59:46,238 [INFO]    ⏳ Turnstile detectado — esperando resolución automática...
2026-04-11 17:59:46,263 [INFO]    ✅ Turnstile resuelto
2026-04-11 17:59:57,012 [INFO]    ⏳ Turnstile detectado — esperando resolución automática...
2026-04-11 17:59:57,037 [INFO]    ✅ Turnstile resuelto
2026-04-11 18:00:08,144 [INFO]    ⏳ Turnstile detectado — esperando resolución automática...
2026-04-11 18:00:08,167 [INFO]    ✅ Turnstile resuelto
2026-04-11 18:00:19,906 [INFO]    ⏳ Turnstile detectado — esperando resolución automática...
2026-04-11 18:00:19,928 [INFO]    ✅ Turnstile resuelto
2026-04-11 18:00:31,702 [INFO]    ⏳ Turnstile detectado — esperando resolución automática...
2026-04-11 18:00:31,724 [INFO]    ✅ Turnstile resuelto
2026-04-11 18:00:42,222 [INFO]    ⏳ Turnstile detectado — esperando resolución automática...
2026-04-11 18:00:42,250 [INFO]    ✅ Turnstile resuelto
2026-04-11 18:00:45,654 [INFO]    Página 3/5 → https://www.opcionempleo.com.ar/trabajo-finanzas.html?p=3
2026-04-11 18:00:54,370 [INFO]    ⏳ Turnstile detectado — esperando resolución automática...
2026-04-11 18:00:54,394 [INFO]    ✅ Turnstile resuelto
2026-04-11 18:00:58,447 [INFO]    → 20 ofertas encontradas
2026-04-11 18:01:06,383 [INFO]    ⏳ Turnstile detectado — esperando resolución automática...
2026-04-11 18:01:06,404 [INFO]    ✅ Turnstile resuelto
2026-04-11 18:01:17,160 [INFO]    ⏳ Turnstile detectado — esperando resolución automática...
2026-04-11 18:01:17,185 [INFO]    ✅ Turnstile resuelto
2026-04-11 18:01:28,534 [INFO]    ⏳ Turnstile detectado — esperando resolución automática...
2026-04-11 18:01:28,558 [INFO]    ✅ Turnstile resuelto
2026-04-11 18:01:38,357 [INFO]    ⏳ Turnstile detectado — esperando resolución automática...
2026-04-11 18:01:38,380 [INFO]    ✅ Turnstile resuelto
2026-04-11 18:01:51,033 [INFO]    ⏳ Turnstile detectado — esperando resolución automática...
2026-04-11 18:01:51,058 [INFO]    ✅ Turnstile resuelto
2026-04-11 18:02:02,957 [INFO]    ⏳ Turnstile detectado — esperando resolución automática...
2026-04-11 18:02:02,991 [INFO]    ✅ Turnstile resuelto
2026-04-11 18:02:13,485 [INFO]    ⏳ Turnstile detectado — esperando resolución automática...
2026-04-11 18:02:13,509 [INFO]    ✅ Turnstile resuelto
2026-04-11 18:02:23,519 [INFO]    ⏳ Turnstile detectado — esperando resolución automática...
2026-04-11 18:02:23,539 [INFO]    ✅ Turnstile resuelto
2026-04-11 18:02:34,864 [INFO]    ⏳ Turnstile detectado — esperando resolución automática...
2026-04-11 18:02:34,886 [INFO]    ✅ Turnstile resuelto
2026-04-11 18:02:45,330 [INFO]    ⏳ Turnstile detectado — esperando resolución automática...
2026-04-11 18:02:45,351 [INFO]    ✅ Turnstile resuelto
2026-04-11 18:02:57,122 [INFO]    ⏳ Turnstile detectado — esperando resolución automática...
2026-04-11 18:02:57,155 [INFO]    ✅ Turnstile resuelto
2026-04-11 18:03:08,174 [INFO]    ⏳ Turnstile detectado — esperando resolución automática...
2026-04-11 18:03:08,221 [INFO]    ✅ Turnstile resuelto
2026-04-11 18:03:19,122 [INFO]    ⏳ Turnstile detectado — esperando resolución automática...
2026-04-11 18:03:19,146 [INFO]    ✅ Turnstile resuelto
2026-04-11 18:03:28,566 [INFO]    ⏳ Turnstile detectado — esperando resolución automática...
2026-04-11 18:03:28,591 [INFO]    ✅ Turnstile resuelto
2026-04-11 18:03:40,316 [INFO]    ⏳ Turnstile detectado — esperando resolución automática...
2026-04-11 18:03:40,339 [INFO]    ✅ Turnstile resuelto
2026-04-11 18:03:50,869 [INFO]    ⏳ Turnstile detectado — esperando resolución automática...
2026-04-11 18:03:50,894 [INFO]    ✅ Turnstile resuelto
2026-04-11 18:04:01,190 [INFO]    ⏳ Turnstile detectado — esperando resolución automática...
2026-04-11 18:04:01,212 [INFO]    ✅ Turnstile resuelto
2026-04-11 18:04:14,007 [INFO]    ⏳ Turnstile detectado — esperando resolución automática...
2026-04-11 18:04:14,030 [INFO]    ✅ Turnstile resuelto
2026-04-11 18:04:23,718 [INFO]    ⏳ Turnstile detectado — esperando resolución automática...
2026-04-11 18:04:23,746 [INFO]    ✅ Turnstile resuelto
2026-04-11 18:04:35,616 [INFO]    ⏳ Turnstile detectado — esperando resolución automática...
2026-04-11 18:04:35,640 [INFO]    ✅ Turnstile resuelto
2026-04-11 18:04:39,364 [INFO]    Página 4/5 → https://www.opcionempleo.com.ar/trabajo-finanzas.html?p=4
2026-04-11 18:04:49,973 [INFO]    ⏳ Turnstile detectado — esperando resolución automática...
2026-04-11 18:04:49,999 [INFO]    ✅ Turnstile resuelto
2026-04-11 18:04:54,396 [INFO]    → 20 ofertas encontradas
2026-04-11 18:05:02,131 [INFO]    ⏳ Turnstile detectado — esperando resolución automática...
2026-04-11 18:05:02,151 [INFO]    ✅ Turnstile resuelto
2026-04-11 18:05:13,195 [INFO]    ⏳ Turnstile detectado — esperando resolución automática...
2026-04-11 18:05:13,219 [INFO]    ✅ Turnstile resuelto
2026-04-11 18:05:23,532 [INFO]    ⏳ Turnstile detectado — esperando resolución automática...
2026-04-11 18:05:23,555 [INFO]    ✅ Turnstile resuelto
2026-04-11 18:05:33,364 [INFO]    ⏳ Turnstile detectado — esperando resolución automática...
2026-04-11 18:05:33,383 [INFO]    ✅ Turnstile resuelto
2026-04-11 18:05:43,402 [INFO]    ⏳ Turnstile detectado — esperando resolución automática...
2026-04-11 18:05:43,424 [INFO]    ✅ Turnstile resuelto
2026-04-11 18:05:55,239 [INFO]    ⏳ Turnstile detectado — esperando resolución automática...
2026-04-11 18:05:55,262 [INFO]    ✅ Turnstile resuelto
2026-04-11 18:06:06,745 [INFO]    ⏳ Turnstile detectado — esperando resolución automática...
2026-04-11 18:06:06,767 [INFO]    ✅ Turnstile resuelto
2026-04-11 18:06:17,191 [INFO]    ⏳ Turnstile detectado — esperando resolución automática...
2026-04-11 18:06:17,211 [INFO]    ✅ Turnstile resuelto
2026-04-11 18:06:28,256 [INFO]    ⏳ Turnstile detectado — esperando resolución automática...
2026-04-11 18:06:28,299 [INFO]    ✅ Turnstile resuelto
2026-04-11 18:06:38,188 [INFO]    ⏳ Turnstile detectado — esperando resolución automática...
2026-04-11 18:06:38,215 [INFO]    ✅ Turnstile resuelto
2026-04-11 18:06:49,447 [INFO]    ⏳ Turnstile detectado — esperando resolución automática...
2026-04-11 18:06:49,470 [INFO]    ✅ Turnstile resuelto
2026-04-11 18:07:01,529 [INFO]    ⏳ Turnstile detectado — esperando resolución automática...
2026-04-11 18:07:01,549 [INFO]    ✅ Turnstile resuelto
2026-04-11 18:07:13,066 [INFO]    ⏳ Turnstile detectado — esperando resolución automática...
2026-04-11 18:07:13,087 [INFO]    ✅ Turnstile resuelto
2026-04-11 18:07:25,281 [INFO]    ⏳ Turnstile detectado — esperando resolución automática...
2026-04-11 18:07:25,300 [INFO]    ✅ Turnstile resuelto
2026-04-11 18:07:37,042 [INFO]    ⏳ Turnstile detectado — esperando resolución automática...
2026-04-11 18:07:37,062 [INFO]    ✅ Turnstile resuelto
2026-04-11 18:07:48,197 [INFO]    ⏳ Turnstile detectado — esperando resolución automática...
2026-04-11 18:07:48,218 [INFO]    ✅ Turnstile resuelto
2026-04-11 18:07:59,154 [INFO]    ⏳ Turnstile detectado — esperando resolución automática...
2026-04-11 18:07:59,174 [INFO]    ✅ Turnstile resuelto
2026-04-11 18:08:10,543 [INFO]    ⏳ Turnstile detectado — esperando resolución automática...
2026-04-11 18:08:10,561 [INFO]    ✅ Turnstile resuelto
2026-04-11 18:08:20,792 [INFO]    ⏳ Turnstile detectado — esperando resolución automática...
2026-04-11 18:08:20,811 [INFO]    ✅ Turnstile resuelto
2026-04-11 18:08:33,081 [INFO]    ⏳ Turnstile detectado — esperando resolución automática...
2026-04-11 18:08:33,111 [INFO]    ✅ Turnstile resuelto
2026-04-11 18:08:36,374 [INFO]    Página 5/5 → https://www.opcionempleo.com.ar/trabajo-finanzas.html?p=5
2026-04-11 18:08:46,612 [INFO]    ⏳ Turnstile detectado — esperando resolución automática...
2026-04-11 18:08:46,632 [INFO]    ✅ Turnstile resuelto
2026-04-11 18:08:51,188 [INFO]    → 20 ofertas encontradas
2026-04-11 18:08:59,697 [INFO]    ⏳ Turnstile detectado — esperando resolución automática...
2026-04-11 18:08:59,715 [INFO]    ✅ Turnstile resuelto
2026-04-11 18:09:09,867 [INFO]    ⏳ Turnstile detectado — esperando resolución automática...
2026-04-11 18:09:09,891 [INFO]    ✅ Turnstile resuelto
2026-04-11 18:09:19,977 [INFO]    ⏳ Turnstile detectado — esperando resolución automática...
2026-04-11 18:09:19,995 [INFO]    ✅ Turnstile resuelto
2026-04-11 18:09:30,213 [INFO]    ⏳ Turnstile detectado — esperando resolución automática...
2026-04-11 18:09:30,231 [INFO]    ✅ Turnstile resuelto
2026-04-11 18:09:40,149 [INFO]    ⏳ Turnstile detectado — esperando resolución automática...
2026-04-11 18:09:40,169 [INFO]    ✅ Turnstile resuelto
2026-04-11 18:09:51,823 [INFO]    ⏳ Turnstile detectado — esperando resolución automática...
2026-04-11 18:09:51,841 [INFO]    ✅ Turnstile resuelto
2026-04-11 18:10:03,289 [INFO]    ⏳ Turnstile detectado — esperando resolución automática...
2026-04-11 18:10:03,307 [INFO]    ✅ Turnstile resuelto
2026-04-11 18:10:14,353 [INFO]    ⏳ Turnstile detectado — esperando resolución automática...
2026-04-11 18:10:14,371 [INFO]    ✅ Turnstile resuelto
2026-04-11 18:10:25,921 [INFO]    ⏳ Turnstile detectado — esperando resolución automática...
2026-04-11 18:10:25,940 [INFO]    ✅ Turnstile resuelto
2026-04-11 18:10:37,112 [INFO]    ⏳ Turnstile detectado — esperando resolución automática...
2026-04-11 18:10:37,136 [INFO]    ✅ Turnstile resuelto
2026-04-11 18:10:48,651 [INFO]    ⏳ Turnstile detectado — esperando resolución automática...
2026-04-11 18:10:48,670 [INFO]    ✅ Turnstile resuelto
2026-04-11 18:11:00,638 [INFO]    ⏳ Turnstile detectado — esperando resolución automática...
2026-04-11 18:11:00,659 [INFO]    ✅ Turnstile resuelto
2026-04-11 18:11:11,490 [INFO]    ⏳ Turnstile detectado — esperando resolución automática...
2026-04-11 18:11:11,511 [INFO]    ✅ Turnstile resuelto
2026-04-11 18:11:21,854 [INFO]    ⏳ Turnstile detectado — esperando resolución automática...
2026-04-11 18:11:21,871 [INFO]    ✅ Turnstile resuelto
2026-04-11 18:11:33,623 [INFO]    ⏳ Turnstile detectado — esperando resolución automática...
2026-04-11 18:11:33,642 [INFO]    ✅ Turnstile resuelto
2026-04-11 18:11:44,051 [INFO]    ⏳ Turnstile detectado — esperando resolución automática...
2026-04-11 18:11:44,071 [INFO]    ✅ Turnstile resuelto
2026-04-11 18:11:54,395 [INFO]    ⏳ Turnstile detectado — esperando resolución automática...
2026-04-11 18:11:54,415 [INFO]    ✅ Turnstile resuelto
2026-04-11 18:12:05,865 [INFO]    ⏳ Turnstile detectado — esperando resolución automática...
2026-04-11 18:12:05,885 [INFO]    ✅ Turnstile resuelto
2026-04-11 18:12:17,306 [INFO]    ⏳ Turnstile detectado — esperando resolución automática...
2026-04-11 18:12:17,340 [INFO]    ✅ Turnstile resuelto
2026-04-11 18:12:27,836 [INFO]    ⏳ Turnstile detectado — esperando resolución automática...
2026-04-11 18:12:27,853 [INFO]    ✅ Turnstile resuelto
2026-04-11 18:12:31,374 [INFO] Exportadas 96 ofertas → /media/carlos-a-cicconi/Common1/Repositorios-Ing.Carlos-Cicconi/Trabajo_Final_MCD/data/raw/opcionempleo_20260411.csv
2026-04-11 18:12:31,375 [INFO] ✅ 'Finanzas / CAPEX': 96 ofertas guardadas
2026-04-11 18:12:31,375 [INFO]    💤 Pausa: 9.6s
2026-04-11 18:12:40,931 [INFO] 
🔍 Buscando: 'SAP'
2026-04-11 18:12:40,932 [INFO]    Página 1/5 → https://www.opcionempleo.com.ar/trabajo-sap.html
2026-04-11 18:12:49,077 [INFO]    ⏳ Turnstile detectado — esperando resolución automática...
2026-04-11 18:12:49,120 [INFO]    ✅ Turnstile resuelto
2026-04-11 18:12:53,589 [INFO]    → 4 ofertas encontradas
2026-04-11 18:13:00,900 [INFO]    ⏳ Turnstile detectado — esperando resolución automática...
2026-04-11 18:13:00,918 [INFO]    ✅ Turnstile resuelto
2026-04-11 18:13:12,734 [INFO]    ⏳ Turnstile detectado — esperando resolución automática...
2026-04-11 18:13:12,757 [INFO]    ✅ Turnstile resuelto
2026-04-11 18:13:23,895 [INFO]    ⏳ Turnstile detectado — esperando resolución automática...
2026-04-11 18:13:23,914 [INFO]    ✅ Turnstile resuelto
2026-04-11 18:13:34,953 [INFO]    ⏳ Turnstile detectado — esperando resolución automática...
2026-04-11 18:13:34,973 [INFO]    ✅ Turnstile resuelto
2026-04-11 18:13:38,095 [INFO]    Página 2/5 → https://www.opcionempleo.com.ar/trabajo-sap.html?p=2
2026-04-11 18:13:46,154 [INFO]    ⏳ Turnstile detectado — esperando resolución automática...
2026-04-11 18:13:46,174 [INFO]    ✅ Turnstile resuelto
2026-04-11 18:13:49,881 [INFO]    → 9 ofertas encontradas
2026-04-11 18:13:57,353 [INFO]    ⏳ Turnstile detectado — esperando resolución automática...
2026-04-11 18:13:57,370 [INFO]    ✅ Turnstile resuelto
2026-04-11 18:14:07,211 [INFO]    ⏳ Turnstile detectado — esperando resolución automática...
2026-04-11 18:14:07,230 [INFO]    ✅ Turnstile resuelto
2026-04-11 18:14:17,447 [INFO]    ⏳ Turnstile detectado — esperando resolución automática...
2026-04-11 18:14:17,467 [INFO]    ✅ Turnstile resuelto
2026-04-11 18:14:27,067 [INFO]    ⏳ Turnstile detectado — esperando resolución automática...
2026-04-11 18:14:27,086 [INFO]    ✅ Turnstile resuelto
2026-04-11 18:14:37,517 [INFO]    ⏳ Turnstile detectado — esperando resolución automática...
2026-04-11 18:14:37,565 [INFO]    ✅ Turnstile resuelto
2026-04-11 18:14:49,701 [INFO]    ⏳ Turnstile detectado — esperando resolución automática...
2026-04-11 18:14:49,719 [INFO]    ✅ Turnstile resuelto
2026-04-11 18:15:01,678 [INFO]    ⏳ Turnstile detectado — esperando resolución automática...
2026-04-11 18:15:01,701 [INFO]    ✅ Turnstile resuelto
2026-04-11 18:15:14,176 [INFO]    ⏳ Turnstile detectado — esperando resolución automática...
2026-04-11 18:15:14,194 [INFO]    ✅ Turnstile resuelto
2026-04-11 18:15:25,440 [INFO]    ⏳ Turnstile detectado — esperando resolución automática...
2026-04-11 18:15:25,460 [INFO]    ✅ Turnstile resuelto
2026-04-11 18:15:28,668 [INFO]    Página 3/5 → https://www.opcionempleo.com.ar/trabajo-sap.html?p=3
2026-04-11 18:15:37,969 [INFO]    ⏳ Turnstile detectado — esperando resolución automática...
2026-04-11 18:15:37,990 [INFO]    ✅ Turnstile resuelto
2026-04-11 18:15:42,098 [INFO]    → 8 ofertas encontradas
2026-04-11 18:15:50,530 [INFO]    ⏳ Turnstile detectado — esperando resolución automática...
2026-04-11 18:15:50,551 [INFO]    ✅ Turnstile resuelto
2026-04-11 18:16:02,406 [INFO]    ⏳ Turnstile detectado — esperando resolución automática...
2026-04-11 18:16:02,425 [INFO]    ✅ Turnstile resuelto
2026-04-11 18:16:13,553 [INFO]    ⏳ Turnstile detectado — esperando resolución automática...
2026-04-11 18:16:13,573 [INFO]    ✅ Turnstile resuelto
2026-04-11 18:16:25,794 [INFO]    ⏳ Turnstile detectado — esperando resolución automática...
2026-04-11 18:16:25,824 [INFO]    ✅ Turnstile resuelto
2026-04-11 18:16:35,972 [INFO]    ⏳ Turnstile detectado — esperando resolución automática...
2026-04-11 18:16:36,018 [INFO]    ✅ Turnstile resuelto
2026-04-11 18:16:47,264 [INFO]    ⏳ Turnstile detectado — esperando resolución automática...
2026-04-11 18:16:47,281 [INFO]    ✅ Turnstile resuelto
2026-04-11 18:17:00,157 [INFO]    ⏳ Turnstile detectado — esperando resolución automática...
2026-04-11 18:17:00,175 [INFO]    ✅ Turnstile resuelto
2026-04-11 18:17:10,292 [INFO]    ⏳ Turnstile detectado — esperando resolución automática...
2026-04-11 18:17:10,310 [INFO]    ✅ Turnstile resuelto
2026-04-11 18:17:14,182 [INFO]    Página 4/5 → https://www.opcionempleo.com.ar/trabajo-sap.html?p=4
2026-04-11 18:17:23,030 [INFO]    ⏳ Turnstile detectado — esperando resolución automática...
2026-04-11 18:17:23,051 [INFO]    ✅ Turnstile resuelto
2026-04-11 18:17:26,939 [INFO]    → 9 ofertas encontradas
2026-04-11 18:17:35,195 [INFO]    ⏳ Turnstile detectado — esperando resolución automática...
2026-04-11 18:17:35,237 [INFO]    ✅ Turnstile resuelto
2026-04-11 18:17:45,830 [INFO]    ⏳ Turnstile detectado — esperando resolución automática...
2026-04-11 18:17:45,855 [INFO]    ✅ Turnstile resuelto
2026-04-11 18:17:56,391 [INFO]    ⏳ Turnstile detectado — esperando resolución automática...
2026-04-11 18:17:56,435 [INFO]    ✅ Turnstile resuelto
2026-04-11 18:18:08,469 [INFO]    ⏳ Turnstile detectado — esperando resolución automática...
2026-04-11 18:18:08,489 [INFO]    ✅ Turnstile resuelto
2026-04-11 18:18:20,158 [INFO]    ⏳ Turnstile detectado — esperando resolución automática...
2026-04-11 18:18:20,176 [INFO]    ✅ Turnstile resuelto
2026-04-11 18:18:32,420 [INFO]    ⏳ Turnstile detectado — esperando resolución automática...
2026-04-11 18:18:32,438 [INFO]    ✅ Turnstile resuelto
2026-04-11 18:18:44,270 [INFO]    ⏳ Turnstile detectado — esperando resolución automática...
2026-04-11 18:18:44,287 [INFO]    ✅ Turnstile resuelto
2026-04-11 18:18:56,177 [INFO]    ⏳ Turnstile detectado — esperando resolución automática...
2026-04-11 18:18:56,196 [INFO]    ✅ Turnstile resuelto
2026-04-11 18:19:08,497 [INFO]    ⏳ Turnstile detectado — esperando resolución automática...
2026-04-11 18:19:08,520 [INFO]    ✅ Turnstile resuelto
2026-04-11 18:19:12,296 [INFO]    Página 5/5 → https://www.opcionempleo.com.ar/trabajo-sap.html?p=5
2026-04-11 18:19:21,722 [INFO]    ⏳ Turnstile detectado — esperando resolución automática...
2026-04-11 18:19:21,742 [INFO]    ✅ Turnstile resuelto
2026-04-11 18:19:25,568 [INFO]    → 10 ofertas encontradas
2026-04-11 18:19:33,865 [INFO]    ⏳ Turnstile detectado — esperando resolución automática...
2026-04-11 18:19:33,884 [INFO]    ✅ Turnstile resuelto
2026-04-11 18:19:45,409 [INFO]    ⏳ Turnstile detectado — esperando resolución automática...
2026-04-11 18:19:45,447 [INFO]    ✅ Turnstile resuelto
2026-04-11 18:19:55,058 [INFO]    ⏳ Turnstile detectado — esperando resolución automática...
2026-04-11 18:19:55,075 [INFO]    ✅ Turnstile resuelto
2026-04-11 18:20:05,388 [INFO]    ⏳ Turnstile detectado — esperando resolución automática...
2026-04-11 18:20:05,407 [INFO]    ✅ Turnstile resuelto
2026-04-11 18:20:17,391 [INFO]    ⏳ Turnstile detectado — esperando resolución automática...
2026-04-11 18:20:17,410 [INFO]    ✅ Turnstile resuelto
2026-04-11 18:20:29,745 [INFO]    ⏳ Turnstile detectado — esperando resolución automática...
2026-04-11 18:20:29,765 [INFO]    ✅ Turnstile resuelto
2026-04-11 18:20:40,217 [INFO]    ⏳ Turnstile detectado — esperando resolución automática...
2026-04-11 18:20:40,270 [INFO]    ✅ Turnstile resuelto
2026-04-11 18:20:51,479 [INFO]    ⏳ Turnstile detectado — esperando resolución automática...
2026-04-11 18:20:51,500 [INFO]    ✅ Turnstile resuelto
2026-04-11 18:21:01,854 [INFO]    ⏳ Turnstile detectado — esperando resolución automática...
2026-04-11 18:21:01,872 [INFO]    ✅ Turnstile resuelto
2026-04-11 18:21:13,359 [INFO]    ⏳ Turnstile detectado — esperando resolución automática...
2026-04-11 18:21:13,377 [INFO]    ✅ Turnstile resuelto
2026-04-11 18:21:17,326 [INFO] Exportadas 40 ofertas → /media/carlos-a-cicconi/Common1/Repositorios-Ing.Carlos-Cicconi/Trabajo_Final_MCD/data/raw/opcionempleo_20260411.csv
2026-04-11 18:21:17,326 [INFO] ✅ 'SAP': 40 ofertas guardadas
2026-04-11 18:21:17,326 [INFO]    💤 Pausa: 8.5s
2026-04-11 18:21:25,884 [INFO] 
🔍 Buscando: 'Excel / VBA'
2026-04-11 18:21:25,885 [INFO]    Página 1/5 → https://www.opcionempleo.com.ar/trabajo-excel.html
2026-04-11 18:21:34,405 [INFO]    ⏳ Turnstile detectado — esperando resolución automática...
2026-04-11 18:21:34,426 [INFO]    ✅ Turnstile resuelto
2026-04-11 18:21:39,020 [INFO]    → 20 ofertas encontradas
2026-04-11 18:21:47,495 [INFO]    ⏳ Turnstile detectado — esperando resolución automática...
2026-04-11 18:21:47,515 [INFO]    ✅ Turnstile resuelto
2026-04-11 18:21:58,148 [INFO]    ⏳ Turnstile detectado — esperando resolución automática...
2026-04-11 18:21:58,166 [INFO]    ✅ Turnstile resuelto
2026-04-11 18:22:09,719 [INFO]    ⏳ Turnstile detectado — esperando resolución automática...
2026-04-11 18:22:09,772 [INFO]    ✅ Turnstile resuelto
2026-04-11 18:22:22,007 [INFO]    ⏳ Turnstile detectado — esperando resolución automática...
2026-04-11 18:22:22,027 [INFO]    ✅ Turnstile resuelto
2026-04-11 18:22:32,350 [INFO]    ⏳ Turnstile detectado — esperando resolución automática...
2026-04-11 18:22:32,368 [INFO]    ✅ Turnstile resuelto
2026-04-11 18:22:43,616 [INFO]    ⏳ Turnstile detectado — esperando resolución automática...
2026-04-11 18:22:43,640 [INFO]    ✅ Turnstile resuelto
2026-04-11 18:22:55,292 [INFO]    ⏳ Turnstile detectado — esperando resolución automática...
2026-04-11 18:22:55,313 [INFO]    ✅ Turnstile resuelto
2026-04-11 18:23:07,146 [INFO]    ⏳ Turnstile detectado — esperando resolución automática...
2026-04-11 18:23:07,165 [INFO]    ✅ Turnstile resuelto
2026-04-11 18:23:17,412 [INFO]    ⏳ Turnstile detectado — esperando resolución automática...
2026-04-11 18:23:17,431 [INFO]    ✅ Turnstile resuelto
2026-04-11 18:23:27,587 [INFO]    ⏳ Turnstile detectado — esperando resolución automática...
2026-04-11 18:23:27,607 [INFO]    ✅ Turnstile resuelto
2026-04-11 18:23:38,295 [INFO]    ⏳ Turnstile detectado — esperando resolución automática...
2026-04-11 18:23:38,313 [INFO]    ✅ Turnstile resuelto
2026-04-11 18:23:50,690 [INFO]    ⏳ Turnstile detectado — esperando resolución automática...
2026-04-11 18:23:50,710 [INFO]    ✅ Turnstile resuelto
2026-04-11 18:24:02,062 [INFO]    ⏳ Turnstile detectado — esperando resolución automática...
2026-04-11 18:24:02,082 [INFO]    ✅ Turnstile resuelto
2026-04-11 18:24:12,635 [INFO]    ⏳ Turnstile detectado — esperando resolución automática...
2026-04-11 18:24:12,658 [INFO]    ✅ Turnstile resuelto
2026-04-11 18:24:23,666 [INFO]    ⏳ Turnstile detectado — esperando resolución automática...
2026-04-11 18:24:23,684 [INFO]    ✅ Turnstile resuelto
2026-04-11 18:24:34,733 [INFO]    ⏳ Turnstile detectado — esperando resolución automática...
2026-04-11 18:24:34,754 [INFO]    ✅ Turnstile resuelto
2026-04-11 18:24:45,976 [INFO]    ⏳ Turnstile detectado — esperando resolución automática...
2026-04-11 18:24:45,994 [INFO]    ✅ Turnstile resuelto
2026-04-11 18:24:56,943 [INFO]    ⏳ Turnstile detectado — esperando resolución automática...
2026-04-11 18:24:56,961 [INFO]    ✅ Turnstile resuelto
2026-04-11 18:25:06,880 [INFO]    ⏳ Turnstile detectado — esperando resolución automática...
2026-04-11 18:25:06,901 [INFO]    ✅ Turnstile resuelto
2026-04-11 18:25:18,844 [INFO]    ⏳ Turnstile detectado — esperando resolución automática...
2026-04-11 18:25:18,865 [INFO]    ✅ Turnstile resuelto
2026-04-11 18:25:21,958 [INFO]    Página 2/5 → https://www.opcionempleo.com.ar/trabajo-excel.html?p=2
2026-04-11 18:25:29,756 [INFO]    ⏳ Turnstile detectado — esperando resolución automática...
2026-04-11 18:25:29,774 [INFO]    ✅ Turnstile resuelto
2026-04-11 18:25:33,784 [INFO]    → 20 ofertas encontradas
2026-04-11 18:25:40,206 [INFO]    ⏳ Turnstile detectado — esperando resolución automática...
2026-04-11 18:25:40,256 [INFO]    ✅ Turnstile resuelto
2026-04-11 18:25:51,836 [INFO]    ⏳ Turnstile detectado — esperando resolución automática...
2026-04-11 18:25:51,854 [INFO]    ✅ Turnstile resuelto
2026-04-11 18:26:02,772 [INFO]    ⏳ Turnstile detectado — esperando resolución automática...
2026-04-11 18:26:02,793 [INFO]    ✅ Turnstile resuelto
2026-04-11 18:26:14,852 [INFO]    ⏳ Turnstile detectado — esperando resolución automática...
2026-04-11 18:26:14,872 [INFO]    ✅ Turnstile resuelto
2026-04-11 18:26:24,919 [INFO]    ⏳ Turnstile detectado — esperando resolución automática...
2026-04-11 18:26:24,936 [INFO]    ✅ Turnstile resuelto
2026-04-11 18:26:35,000 [INFO]    ⏳ Turnstile detectado — esperando resolución automática...
2026-04-11 18:26:35,020 [INFO]    ✅ Turnstile resuelto
2026-04-11 18:26:46,191 [INFO]    ⏳ Turnstile detectado — esperando resolución automática...
2026-04-11 18:26:46,211 [INFO]    ✅ Turnstile resuelto
2026-04-11 18:26:55,917 [INFO]    ⏳ Turnstile detectado — esperando resolución automática...
2026-04-11 18:26:55,934 [INFO]    ✅ Turnstile resuelto
2026-04-11 18:27:08,139 [INFO]    ⏳ Turnstile detectado — esperando resolución automática...
2026-04-11 18:27:08,178 [INFO]    ✅ Turnstile resuelto
2026-04-11 18:27:19,009 [INFO]    ⏳ Turnstile detectado — esperando resolución automática...
2026-04-11 18:27:19,034 [INFO]    ✅ Turnstile resuelto
2026-04-11 18:27:31,174 [INFO]    ⏳ Turnstile detectado — esperando resolución automática...
2026-04-11 18:27:31,194 [INFO]    ✅ Turnstile resuelto
2026-04-11 18:27:42,742 [INFO]    ⏳ Turnstile detectado — esperando resolución automática...
2026-04-11 18:27:42,761 [INFO]    ✅ Turnstile resuelto
2026-04-11 18:27:53,882 [INFO]    ⏳ Turnstile detectado — esperando resolución automática...
2026-04-11 18:27:53,899 [INFO]    ✅ Turnstile resuelto
2026-04-11 18:28:05,891 [INFO]    ⏳ Turnstile detectado — esperando resolución automática...
2026-04-11 18:28:05,911 [INFO]    ✅ Turnstile resuelto
2026-04-11 18:28:16,948 [INFO]    ⏳ Turnstile detectado — esperando resolución automática...
2026-04-11 18:28:16,966 [INFO]    ✅ Turnstile resuelto
2026-04-11 18:28:27,234 [INFO]    ⏳ Turnstile detectado — esperando resolución automática...
2026-04-11 18:28:27,253 [INFO]    ✅ Turnstile resuelto
2026-04-11 18:28:39,470 [INFO]    ⏳ Turnstile detectado — esperando resolución automática...
2026-04-11 18:28:39,487 [INFO]    ✅ Turnstile resuelto
2026-04-11 18:28:49,712 [INFO]    ⏳ Turnstile detectado — esperando resolución automática...
2026-04-11 18:28:49,730 [INFO]    ✅ Turnstile resuelto
2026-04-11 18:29:02,084 [INFO]    ⏳ Turnstile detectado — esperando resolución automática...
2026-04-11 18:29:02,101 [INFO]    ✅ Turnstile resuelto
2026-04-11 18:29:12,964 [INFO]    ⏳ Turnstile detectado — esperando resolución automática...
2026-04-11 18:29:12,981 [INFO]    ✅ Turnstile resuelto
2026-04-11 18:29:16,229 [INFO]    Página 3/5 → https://www.opcionempleo.com.ar/trabajo-excel.html?p=3
2026-04-11 18:29:25,597 [INFO]    ⏳ Turnstile detectado — esperando resolución automática...
2026-04-11 18:29:25,616 [INFO]    ✅ Turnstile resuelto
2026-04-11 18:29:29,831 [INFO]    → 16 ofertas encontradas
2026-04-11 18:29:37,229 [INFO]    ⏳ Turnstile detectado — esperando resolución automática...
2026-04-11 18:29:37,247 [INFO]    ✅ Turnstile resuelto
2026-04-11 18:29:49,314 [INFO]    ⏳ Turnstile detectado — esperando resolución automática...
2026-04-11 18:29:49,332 [INFO]    ✅ Turnstile resuelto
2026-04-11 18:29:58,940 [INFO]    ⏳ Turnstile detectado — esperando resolución automática...
2026-04-11 18:29:58,958 [INFO]    ✅ Turnstile resuelto
2026-04-11 18:30:10,177 [INFO]    ⏳ Turnstile detectado — esperando resolución automática...
2026-04-11 18:30:10,194 [INFO]    ✅ Turnstile resuelto
2026-04-11 18:30:22,183 [INFO]    ⏳ Turnstile detectado — esperando resolución automática...
2026-04-11 18:30:22,212 [INFO]    ✅ Turnstile resuelto
2026-04-11 18:30:33,935 [INFO]    ⏳ Turnstile detectado — esperando resolución automática...
2026-04-11 18:30:33,954 [INFO]    ✅ Turnstile resuelto
2026-04-11 18:30:45,426 [INFO]    ⏳ Turnstile detectado — esperando resolución automática...
2026-04-11 18:30:45,444 [INFO]    ✅ Turnstile resuelto
2026-04-11 18:30:55,262 [INFO]    ⏳ Turnstile detectado — esperando resolución automática...
2026-04-11 18:30:55,278 [INFO]    ✅ Turnstile resuelto
2026-04-11 18:31:05,610 [INFO]    ⏳ Turnstile detectado — esperando resolución automática...
2026-04-11 18:31:05,628 [INFO]    ✅ Turnstile resuelto
2026-04-11 18:31:16,354 [INFO]    ⏳ Turnstile detectado — esperando resolución automática...
2026-04-11 18:31:16,372 [INFO]    ✅ Turnstile resuelto
2026-04-11 18:31:26,594 [INFO]    ⏳ Turnstile detectado — esperando resolución automática...
2026-04-11 18:31:26,612 [INFO]    ✅ Turnstile resuelto
2026-04-11 18:31:39,232 [INFO]    ⏳ Turnstile detectado — esperando resolución automática...
2026-04-11 18:31:39,251 [INFO]    ✅ Turnstile resuelto
2026-04-11 18:31:49,509 [INFO]    ⏳ Turnstile detectado — esperando resolución automática...
2026-04-11 18:31:49,529 [INFO]    ✅ Turnstile resuelto
2026-04-11 18:32:01,825 [INFO]    ⏳ Turnstile detectado — esperando resolución automática...
2026-04-11 18:32:01,843 [INFO]    ✅ Turnstile resuelto
2026-04-11 18:32:12,267 [INFO]    ⏳ Turnstile detectado — esperando resolución automática...
2026-04-11 18:32:12,286 [INFO]    ✅ Turnstile resuelto
2026-04-11 18:32:23,941 [INFO]    ⏳ Turnstile detectado — esperando resolución automática...
2026-04-11 18:32:23,960 [INFO]    ✅ Turnstile resuelto
2026-04-11 18:32:27,774 [INFO]    Página 4/5 → https://www.opcionempleo.com.ar/trabajo-excel.html?p=4
2026-04-11 18:32:36,460 [INFO]    ⏳ Turnstile detectado — esperando resolución automática...
2026-04-11 18:32:36,481 [INFO]    ✅ Turnstile resuelto
2026-04-11 18:32:40,739 [INFO]    → 17 ofertas encontradas
2026-04-11 18:32:48,288 [INFO]    ⏳ Turnstile detectado — esperando resolución automática...
2026-04-11 18:32:48,307 [INFO]    ✅ Turnstile resuelto
2026-04-11 18:33:00,607 [INFO]    ⏳ Turnstile detectado — esperando resolución automática...
2026-04-11 18:33:00,625 [INFO]    ✅ Turnstile resuelto
2026-04-11 18:33:13,091 [INFO]    ⏳ Turnstile detectado — esperando resolución automática...
2026-04-11 18:33:13,108 [INFO]    ✅ Turnstile resuelto
2026-04-11 18:33:23,237 [INFO]    ⏳ Turnstile detectado — esperando resolución automática...
2026-04-11 18:33:23,256 [INFO]    ✅ Turnstile resuelto
2026-04-11 18:33:34,704 [INFO]    ⏳ Turnstile detectado — esperando resolución automática...
2026-04-11 18:33:34,728 [INFO]    ✅ Turnstile resuelto
2026-04-11 18:33:45,869 [INFO]    ⏳ Turnstile detectado — esperando resolución automática...
2026-04-11 18:33:45,886 [INFO]    ✅ Turnstile resuelto
2026-04-11 18:33:57,820 [INFO]    ⏳ Turnstile detectado — esperando resolución automática...
2026-04-11 18:33:57,838 [INFO]    ✅ Turnstile resuelto
2026-04-11 18:34:07,728 [INFO]    ⏳ Turnstile detectado — esperando resolución automática...
2026-04-11 18:34:07,747 [INFO]    ✅ Turnstile resuelto
2026-04-11 18:34:18,840 [INFO]    ⏳ Turnstile detectado — esperando resolución automática...
2026-04-11 18:34:18,857 [INFO]    ✅ Turnstile resuelto
2026-04-11 18:34:30,105 [INFO]    ⏳ Turnstile detectado — esperando resolución automática...
2026-04-11 18:34:30,123 [INFO]    ✅ Turnstile resuelto
2026-04-11 18:34:42,391 [INFO]    ⏳ Turnstile detectado — esperando resolución automática...
2026-04-11 18:34:42,415 [INFO]    ✅ Turnstile resuelto
2026-04-11 18:34:53,451 [INFO]    ⏳ Turnstile detectado — esperando resolución automática...
2026-04-11 18:34:53,469 [INFO]    ✅ Turnstile resuelto
2026-04-11 18:35:04,820 [INFO]    ⏳ Turnstile detectado — esperando resolución automática...
2026-04-11 18:35:04,870 [INFO]    ✅ Turnstile resuelto
2026-04-11 18:35:16,801 [INFO]    ⏳ Turnstile detectado — esperando resolución automática...
2026-04-11 18:35:16,818 [INFO]    ✅ Turnstile resuelto
2026-04-11 18:35:27,066 [INFO]    ⏳ Turnstile detectado — esperando resolución automática...
2026-04-11 18:35:27,084 [INFO]    ✅ Turnstile resuelto
2026-04-11 18:35:38,303 [INFO]    ⏳ Turnstile detectado — esperando resolución automática...
2026-04-11 18:35:38,321 [INFO]    ✅ Turnstile resuelto
2026-04-11 18:35:49,073 [INFO]    ⏳ Turnstile detectado — esperando resolución automática...
2026-04-11 18:35:49,091 [INFO]    ✅ Turnstile resuelto
2026-04-11 18:35:52,601 [INFO]    Página 5/5 → https://www.opcionempleo.com.ar/trabajo-excel.html?p=5
2026-04-11 18:36:00,463 [INFO]    ⏳ Turnstile detectado — esperando resolución automática...
2026-04-11 18:36:00,483 [INFO]    ✅ Turnstile resuelto
2026-04-11 18:36:04,895 [INFO]    → 16 ofertas encontradas
2026-04-11 18:36:13,728 [INFO]    ⏳ Turnstile detectado — esperando resolución automática...
2026-04-11 18:36:13,747 [INFO]    ✅ Turnstile resuelto
2026-04-11 18:36:26,329 [INFO]    ⏳ Turnstile detectado — esperando resolución automática...
2026-04-11 18:36:26,345 [INFO]    ✅ Turnstile resuelto
2026-04-11 18:36:38,718 [INFO]    ⏳ Turnstile detectado — esperando resolución automática...
2026-04-11 18:36:38,738 [INFO]    ✅ Turnstile resuelto
2026-04-11 18:36:49,820 [INFO]    ⏳ Turnstile detectado — esperando resolución automática...
2026-04-11 18:36:49,840 [INFO]    ✅ Turnstile resuelto
2026-04-11 18:37:00,940 [INFO]    ⏳ Turnstile detectado — esperando resolución automática...
2026-04-11 18:37:00,960 [INFO]    ✅ Turnstile resuelto
2026-04-11 18:37:11,384 [INFO]    ⏳ Turnstile detectado — esperando resolución automática...
2026-04-11 18:37:11,405 [INFO]    ✅ Turnstile resuelto
2026-04-11 18:37:21,807 [INFO]    ⏳ Turnstile detectado — esperando resolución automática...
2026-04-11 18:37:21,826 [INFO]    ✅ Turnstile resuelto
2026-04-11 18:37:33,915 [INFO]    ⏳ Turnstile detectado — esperando resolución automática...
2026-04-11 18:37:33,938 [INFO]    ✅ Turnstile resuelto
2026-04-11 18:37:45,791 [INFO]    ⏳ Turnstile detectado — esperando resolución automática...
2026-04-11 18:37:45,810 [INFO]    ✅ Turnstile resuelto
2026-04-11 18:37:57,924 [INFO]    ⏳ Turnstile detectado — esperando resolución automática...
2026-04-11 18:37:57,942 [INFO]    ✅ Turnstile resuelto
2026-04-11 18:38:09,656 [INFO]    ⏳ Turnstile detectado — esperando resolución automática...
2026-04-11 18:38:09,673 [INFO]    ✅ Turnstile resuelto
2026-04-11 18:38:19,076 [INFO]    ⏳ Turnstile detectado — esperando resolución automática...
2026-04-11 18:38:19,093 [INFO]    ✅ Turnstile resuelto
2026-04-11 18:38:30,136 [INFO]    ⏳ Turnstile detectado — esperando resolución automática...
2026-04-11 18:38:30,154 [INFO]    ✅ Turnstile resuelto
2026-04-11 18:38:42,015 [INFO]    ⏳ Turnstile detectado — esperando resolución automática...
2026-04-11 18:38:42,033 [INFO]    ✅ Turnstile resuelto
2026-04-11 18:38:52,154 [INFO]    ⏳ Turnstile detectado — esperando resolución automática...
2026-04-11 18:38:52,173 [INFO]    ✅ Turnstile resuelto
2026-04-11 18:39:02,080 [INFO]    ⏳ Turnstile detectado — esperando resolución automática...
2026-04-11 18:39:02,102 [INFO]    ✅ Turnstile resuelto
2026-04-11 18:39:05,721 [INFO] Exportadas 89 ofertas → /media/carlos-a-cicconi/Common1/Repositorios-Ing.Carlos-Cicconi/Trabajo_Final_MCD/data/raw/opcionempleo_20260411.csv
2026-04-11 18:39:05,721 [INFO] ✅ 'Excel / VBA': 89 ofertas guardadas
2026-04-11 18:39:05,721 [INFO]    💤 Pausa: 13.9s
2026-04-11 18:39:19,680 [INFO] 
🔍 Buscando: 'Google Apps Script'
2026-04-11 18:39:19,681 [INFO]    Página 1/5 → https://www.opcionempleo.com.ar/trabajo-automatizacion.html
2026-04-11 18:39:28,622 [INFO]    ⏳ Turnstile detectado — esperando resolución automática...
2026-04-11 18:39:28,641 [INFO]    ✅ Turnstile resuelto
2026-04-11 18:39:32,689 [INFO]    → 19 ofertas encontradas
2026-04-11 18:39:40,998 [INFO]    ⏳ Turnstile detectado — esperando resolución automática...
2026-04-11 18:39:41,021 [INFO]    ✅ Turnstile resuelto
2026-04-11 18:39:51,318 [INFO]    ⏳ Turnstile detectado — esperando resolución automática...
2026-04-11 18:39:51,337 [INFO]    ✅ Turnstile resuelto
2026-04-11 18:40:01,268 [INFO]    ⏳ Turnstile detectado — esperando resolución automática...
2026-04-11 18:40:01,287 [INFO]    ✅ Turnstile resuelto
2026-04-11 18:40:13,171 [INFO]    ⏳ Turnstile detectado — esperando resolución automática...
2026-04-11 18:40:13,194 [INFO]    ✅ Turnstile resuelto
2026-04-11 18:40:24,718 [INFO]    ⏳ Turnstile detectado — esperando resolución automática...
2026-04-11 18:40:24,735 [INFO]    ✅ Turnstile resuelto
2026-04-11 18:40:35,165 [INFO]    ⏳ Turnstile detectado — esperando resolución automática...
2026-04-11 18:40:35,184 [INFO]    ✅ Turnstile resuelto
2026-04-11 18:40:45,614 [INFO]    ⏳ Turnstile detectado — esperando resolución automática...
2026-04-11 18:40:45,632 [INFO]    ✅ Turnstile resuelto
2026-04-11 18:40:57,283 [INFO]    ⏳ Turnstile detectado — esperando resolución automática...
2026-04-11 18:40:57,302 [INFO]    ✅ Turnstile resuelto
2026-04-11 18:41:08,632 [INFO]    ⏳ Turnstile detectado — esperando resolución automática...
2026-04-11 18:41:08,655 [INFO]    ✅ Turnstile resuelto
2026-04-11 18:41:19,134 [INFO]    ⏳ Turnstile detectado — esperando resolución automática...
2026-04-11 18:41:19,153 [INFO]    ✅ Turnstile resuelto
2026-04-11 18:41:29,409 [INFO]    ⏳ Turnstile detectado — esperando resolución automática...
2026-04-11 18:41:29,431 [INFO]    ✅ Turnstile resuelto
2026-04-11 18:41:41,623 [INFO]    ⏳ Turnstile detectado — esperando resolución automática...
2026-04-11 18:41:41,666 [INFO]    ✅ Turnstile resuelto
2026-04-11 18:41:52,579 [INFO]    ⏳ Turnstile detectado — esperando resolución automática...
2026-04-11 18:41:52,598 [INFO]    ✅ Turnstile resuelto
2026-04-11 18:42:02,624 [INFO]    ⏳ Turnstile detectado — esperando resolución automática...
2026-04-11 18:42:02,660 [INFO]    ✅ Turnstile resuelto
2026-04-11 18:42:13,474 [INFO]    ⏳ Turnstile detectado — esperando resolución automática...
2026-04-11 18:42:13,497 [INFO]    ✅ Turnstile resuelto
2026-04-11 18:42:24,815 [INFO]    ⏳ Turnstile detectado — esperando resolución automática...
2026-04-11 18:42:24,836 [INFO]    ✅ Turnstile resuelto
2026-04-11 18:42:37,098 [INFO]    ⏳ Turnstile detectado — esperando resolución automática...
2026-04-11 18:42:37,116 [INFO]    ✅ Turnstile resuelto
2026-04-11 18:42:48,696 [INFO]    ⏳ Turnstile detectado — esperando resolución automática...
2026-04-11 18:42:48,714 [INFO]    ✅ Turnstile resuelto
2026-04-11 18:42:59,969 [INFO]    ⏳ Turnstile detectado — esperando resolución automática...
2026-04-11 18:42:59,996 [INFO]    ✅ Turnstile resuelto
2026-04-11 18:43:03,925 [INFO]    Página 2/5 → https://www.opcionempleo.com.ar/trabajo-automatizacion.html?p=2
2026-04-11 18:43:11,864 [INFO]    ⏳ Turnstile detectado — esperando resolución automática...
2026-04-11 18:43:11,885 [INFO]    ✅ Turnstile resuelto
2026-04-11 18:43:15,627 [INFO]    → 19 ofertas encontradas
2026-04-11 18:43:23,221 [INFO]    ⏳ Turnstile detectado — esperando resolución automática...
2026-04-11 18:43:23,240 [INFO]    ✅ Turnstile resuelto
2026-04-11 18:43:35,187 [INFO]    ⏳ Turnstile detectado — esperando resolución automática...
2026-04-11 18:43:35,209 [INFO]    ✅ Turnstile resuelto
2026-04-11 18:43:45,425 [INFO]    ⏳ Turnstile detectado — esperando resolución automática...
2026-04-11 18:43:45,445 [INFO]    ✅ Turnstile resuelto
2026-04-11 18:43:56,612 [INFO]    ⏳ Turnstile detectado — esperando resolución automática...
2026-04-11 18:43:56,631 [INFO]    ✅ Turnstile resuelto
2026-04-11 18:44:07,980 [INFO]    ⏳ Turnstile detectado — esperando resolución automática...
2026-04-11 18:44:07,998 [INFO]    ✅ Turnstile resuelto
2026-04-11 18:44:18,427 [INFO]    ⏳ Turnstile detectado — esperando resolución automática...
2026-04-11 18:44:18,444 [INFO]    ✅ Turnstile resuelto
2026-04-11 18:44:28,725 [INFO]    ⏳ Turnstile detectado — esperando resolución automática...
2026-04-11 18:44:28,745 [INFO]    ✅ Turnstile resuelto
2026-04-11 18:44:39,929 [INFO]    ⏳ Turnstile detectado — esperando resolución automática...
2026-04-11 18:44:39,947 [INFO]    ✅ Turnstile resuelto
2026-04-11 18:44:50,986 [INFO]    ⏳ Turnstile detectado — esperando resolución automática...
2026-04-11 18:44:51,004 [INFO]    ✅ Turnstile resuelto
2026-04-11 18:45:02,519 [INFO]    ⏳ Turnstile detectado — esperando resolución automática...
2026-04-11 18:45:02,540 [INFO]    ✅ Turnstile resuelto
2026-04-11 18:45:13,418 [INFO]    ⏳ Turnstile detectado — esperando resolución automática...
2026-04-11 18:45:13,438 [INFO]    ✅ Turnstile resuelto
2026-04-11 18:45:24,482 [INFO]    ⏳ Turnstile detectado — esperando resolución automática...
2026-04-11 18:45:24,502 [INFO]    ✅ Turnstile resuelto
2026-04-11 18:45:35,342 [INFO]    ⏳ Turnstile detectado — esperando resolución automática...
2026-04-11 18:45:35,389 [INFO]    ✅ Turnstile resuelto
2026-04-11 18:45:47,313 [INFO]    ⏳ Turnstile detectado — esperando resolución automática...
2026-04-11 18:45:47,330 [INFO]    ✅ Turnstile resuelto
2026-04-11 18:45:57,912 [INFO]    ⏳ Turnstile detectado — esperando resolución automática...
2026-04-11 18:45:57,929 [INFO]    ✅ Turnstile resuelto
2026-04-11 18:46:08,106 [INFO]    ⏳ Turnstile detectado — esperando resolución automática...
2026-04-11 18:46:08,123 [INFO]    ✅ Turnstile resuelto
2026-04-11 18:46:17,467 [INFO]    ⏳ Turnstile detectado — esperando resolución automática...
2026-04-11 18:46:17,487 [INFO]    ✅ Turnstile resuelto
2026-04-11 18:46:27,430 [INFO]    ⏳ Turnstile detectado — esperando resolución automática...
2026-04-11 18:46:27,450 [INFO]    ✅ Turnstile resuelto
2026-04-11 18:46:37,189 [INFO]    ⏳ Turnstile detectado — esperando resolución automática...
2026-04-11 18:46:37,205 [INFO]    ✅ Turnstile resuelto
2026-04-11 18:46:40,750 [INFO]    Página 3/5 → https://www.opcionempleo.com.ar/trabajo-automatizacion.html?p=3
2026-04-11 18:46:50,159 [INFO]    ⏳ Turnstile detectado — esperando resolución automática...
2026-04-11 18:46:50,183 [INFO]    ✅ Turnstile resuelto
2026-04-11 18:46:54,740 [INFO]    → 18 ofertas encontradas
2026-04-11 18:47:03,266 [INFO]    ⏳ Turnstile detectado — esperando resolución automática...
2026-04-11 18:47:03,286 [INFO]    ✅ Turnstile resuelto
2026-04-11 18:47:15,075 [INFO]    ⏳ Turnstile detectado — esperando resolución automática...
2026-04-11 18:47:15,093 [INFO]    ✅ Turnstile resuelto
2026-04-11 18:47:26,331 [INFO]    ⏳ Turnstile detectado — esperando resolución automática...
2026-04-11 18:47:26,352 [INFO]    ✅ Turnstile resuelto
2026-04-11 18:47:36,882 [INFO]    ⏳ Turnstile detectado — esperando resolución automática...
2026-04-11 18:47:36,901 [INFO]    ✅ Turnstile resuelto
2026-04-11 18:47:46,583 [INFO]    ⏳ Turnstile detectado — esperando resolución automática...
2026-04-11 18:47:46,601 [INFO]    ✅ Turnstile resuelto
2026-04-11 18:47:58,385 [INFO]    ⏳ Turnstile detectado — esperando resolución automática...
2026-04-11 18:47:58,403 [INFO]    ✅ Turnstile resuelto
2026-04-11 18:48:09,783 [INFO]    ⏳ Turnstile detectado — esperando resolución automática...
2026-04-11 18:48:09,801 [INFO]    ✅ Turnstile resuelto
2026-04-11 18:48:19,789 [INFO]    ⏳ Turnstile detectado — esperando resolución automática...
2026-04-11 18:48:19,812 [INFO]    ✅ Turnstile resuelto
2026-04-11 18:48:29,615 [INFO]    ⏳ Turnstile detectado — esperando resolución automática...
2026-04-11 18:48:29,634 [INFO]    ✅ Turnstile resuelto
2026-04-11 18:48:39,551 [INFO]    ⏳ Turnstile detectado — esperando resolución automática...
2026-04-11 18:48:39,571 [INFO]    ✅ Turnstile resuelto
2026-04-11 18:48:51,430 [INFO]    ⏳ Turnstile detectado — esperando resolución automática...
2026-04-11 18:48:51,449 [INFO]    ✅ Turnstile resuelto
2026-04-11 18:49:02,083 [INFO]    ⏳ Turnstile detectado — esperando resolución automática...
2026-04-11 18:49:02,100 [INFO]    ✅ Turnstile resuelto
2026-04-11 18:49:12,627 [INFO]    ⏳ Turnstile detectado — esperando resolución automática...
2026-04-11 18:49:12,646 [INFO]    ✅ Turnstile resuelto
2026-04-11 18:49:23,175 [INFO]    ⏳ Turnstile detectado — esperando resolución automática...
2026-04-11 18:49:23,194 [INFO]    ✅ Turnstile resuelto
2026-04-11 18:49:34,643 [INFO]    ⏳ Turnstile detectado — esperando resolución automática...
2026-04-11 18:49:34,663 [INFO]    ✅ Turnstile resuelto
2026-04-11 18:49:44,884 [INFO]    ⏳ Turnstile detectado — esperando resolución automática...
2026-04-11 18:49:44,902 [INFO]    ✅ Turnstile resuelto
2026-04-11 18:49:55,017 [INFO]    ⏳ Turnstile detectado — esperando resolución automática...
2026-04-11 18:49:55,036 [INFO]    ✅ Turnstile resuelto
2026-04-11 18:50:06,186 [INFO]    ⏳ Turnstile detectado — esperando resolución automática...
2026-04-11 18:50:06,204 [INFO]    ✅ Turnstile resuelto
2026-04-11 18:50:09,818 [INFO]    Página 4/5 → https://www.opcionempleo.com.ar/trabajo-automatizacion.html?p=4
2026-04-11 18:50:17,543 [INFO]    ⏳ Turnstile detectado — esperando resolución automática...
2026-04-11 18:50:17,563 [INFO]    ✅ Turnstile resuelto
2026-04-11 18:50:21,528 [INFO]    → 20 ofertas encontradas
2026-04-11 18:50:28,840 [INFO]    ⏳ Turnstile detectado — esperando resolución automática...
2026-04-11 18:50:28,859 [INFO]    ✅ Turnstile resuelto
2026-04-11 18:50:41,000 [INFO]    ⏳ Turnstile detectado — esperando resolución automática...
2026-04-11 18:50:41,018 [INFO]    ✅ Turnstile resuelto
2026-04-11 18:50:52,059 [INFO]    ⏳ Turnstile detectado — esperando resolución automática...
2026-04-11 18:50:52,079 [INFO]    ✅ Turnstile resuelto
2026-04-11 18:51:04,455 [INFO]    ⏳ Turnstile detectado — esperando resolución automática...
2026-04-11 18:51:04,490 [INFO]    ✅ Turnstile resuelto
2026-04-11 18:51:15,200 [INFO]    ⏳ Turnstile detectado — esperando resolución automática...
2026-04-11 18:51:15,220 [INFO]    ✅ Turnstile resuelto
2026-04-11 18:51:25,800 [INFO]    ⏳ Turnstile detectado — esperando resolución automática...
2026-04-11 18:51:25,817 [INFO]    ✅ Turnstile resuelto
2026-04-11 18:51:36,298 [INFO]    ⏳ Turnstile detectado — esperando resolución automática...
2026-04-11 18:51:36,315 [INFO]    ✅ Turnstile resuelto
2026-04-11 18:51:48,270 [INFO]    ⏳ Turnstile detectado — esperando resolución automática...
2026-04-11 18:51:48,290 [INFO]    ✅ Turnstile resuelto
2026-04-11 18:51:59,031 [INFO]    ⏳ Turnstile detectado — esperando resolución automática...
2026-04-11 18:51:59,050 [INFO]    ✅ Turnstile resuelto
2026-04-11 18:52:10,698 [INFO]    ⏳ Turnstile detectado — esperando resolución automática...
2026-04-11 18:52:10,717 [INFO]    ✅ Turnstile resuelto
2026-04-11 18:52:22,170 [INFO]    ⏳ Turnstile detectado — esperando resolución automática...
2026-04-11 18:52:22,189 [INFO]    ✅ Turnstile resuelto
2026-04-11 18:52:32,897 [INFO]    ⏳ Turnstile detectado — esperando resolución automática...
2026-04-11 18:52:32,914 [INFO]    ✅ Turnstile resuelto
2026-04-11 18:52:45,053 [INFO]    ⏳ Turnstile detectado — esperando resolución automática...
2026-04-11 18:52:45,074 [INFO]    ✅ Turnstile resuelto
2026-04-11 18:52:56,884 [INFO]    ⏳ Turnstile detectado — esperando resolución automática...
2026-04-11 18:52:56,902 [INFO]    ✅ Turnstile resuelto
2026-04-11 18:53:08,486 [INFO]    ⏳ Turnstile detectado — esperando resolución automática...
2026-04-11 18:53:08,504 [INFO]    ✅ Turnstile resuelto
2026-04-11 18:53:19,098 [INFO]    ⏳ Turnstile detectado — esperando resolución automática...
2026-04-11 18:53:19,122 [INFO]    ✅ Turnstile resuelto
2026-04-11 18:53:31,088 [INFO]    ⏳ Turnstile detectado — esperando resolución automática...
2026-04-11 18:53:31,106 [INFO]    ✅ Turnstile resuelto
2026-04-11 18:53:42,452 [INFO]    ⏳ Turnstile detectado — esperando resolución automática...
2026-04-11 18:53:42,470 [INFO]    ✅ Turnstile resuelto
2026-04-11 18:53:53,001 [INFO]    ⏳ Turnstile detectado — esperando resolución automática...
2026-04-11 18:53:53,020 [INFO]    ✅ Turnstile resuelto
2026-04-11 18:54:03,536 [INFO]    ⏳ Turnstile detectado — esperando resolución automática...
2026-04-11 18:54:03,553 [INFO]    ✅ Turnstile resuelto
2026-04-11 18:54:07,170 [INFO]    Página 5/5 → https://www.opcionempleo.com.ar/trabajo-automatizacion.html?p=5
2026-04-11 18:54:15,684 [INFO]    ⏳ Turnstile detectado — esperando resolución automática...
2026-04-11 18:54:15,704 [INFO]    ✅ Turnstile resuelto
2026-04-11 18:54:19,510 [INFO]    → 19 ofertas encontradas
2026-04-11 18:54:27,421 [INFO]    ⏳ Turnstile detectado — esperando resolución automática...
2026-04-11 18:54:27,452 [INFO]    ✅ Turnstile resuelto
2026-04-11 18:54:37,030 [INFO]    ⏳ Turnstile detectado — esperando resolución automática...
2026-04-11 18:54:37,049 [INFO]    ✅ Turnstile resuelto
2026-04-11 18:54:48,916 [INFO]    ⏳ Turnstile detectado — esperando resolución automática...
2026-04-11 18:54:48,934 [INFO]    ✅ Turnstile resuelto
2026-04-11 18:54:58,830 [INFO]    ⏳ Turnstile detectado — esperando resolución automática...
2026-04-11 18:54:58,849 [INFO]    ✅ Turnstile resuelto
2026-04-11 18:55:08,674 [INFO]    ⏳ Turnstile detectado — esperando resolución automática...
2026-04-11 18:55:08,695 [INFO]    ✅ Turnstile resuelto
2026-04-11 18:55:20,350 [INFO]    ⏳ Turnstile detectado — esperando resolución automática...
2026-04-11 18:55:20,368 [INFO]    ✅ Turnstile resuelto
2026-04-11 18:55:32,542 [INFO]    ⏳ Turnstile detectado — esperando resolución automática...
2026-04-11 18:55:32,561 [INFO]    ✅ Turnstile resuelto
2026-04-11 18:55:44,830 [INFO]    ⏳ Turnstile detectado — esperando resolución automática...
2026-04-11 18:55:44,848 [INFO]    ✅ Turnstile resuelto
2026-04-11 18:55:56,466 [INFO]    ⏳ Turnstile detectado — esperando resolución automática...
2026-04-11 18:55:56,484 [INFO]    ✅ Turnstile resuelto
2026-04-11 18:56:06,950 [INFO]    ⏳ Turnstile detectado — esperando resolución automática...
2026-04-11 18:56:06,970 [INFO]    ✅ Turnstile resuelto
2026-04-11 18:56:17,193 [INFO]    ⏳ Turnstile detectado — esperando resolución automática...
2026-04-11 18:56:17,211 [INFO]    ✅ Turnstile resuelto
2026-04-11 18:56:27,210 [INFO]    ⏳ Turnstile detectado — esperando resolución automática...
2026-04-11 18:56:27,234 [INFO]    ✅ Turnstile resuelto
2026-04-11 18:56:37,622 [INFO]    ⏳ Turnstile detectado — esperando resolución automática...
2026-04-11 18:56:37,641 [INFO]    ✅ Turnstile resuelto
2026-04-11 18:56:48,436 [INFO]    ⏳ Turnstile detectado — esperando resolución automática...
2026-04-11 18:56:48,454 [INFO]    ✅ Turnstile resuelto
2026-04-11 18:56:59,891 [INFO]    ⏳ Turnstile detectado — esperando resolución automática...
2026-04-11 18:56:59,910 [INFO]    ✅ Turnstile resuelto
2026-04-11 18:57:18,124 [INFO]    ⏳ Turnstile detectado — esperando resolución automática...
2026-04-11 18:57:18,142 [INFO]    ✅ Turnstile resuelto
2026-04-11 18:57:27,853 [INFO]    ⏳ Turnstile detectado — esperando resolución automática...
2026-04-11 18:57:27,872 [INFO]    ✅ Turnstile resuelto
2026-04-11 18:57:39,421 [INFO]    ⏳ Turnstile detectado — esperando resolución automática...
2026-04-11 18:57:39,440 [INFO]    ✅ Turnstile resuelto
2026-04-11 18:57:50,248 [INFO]    ⏳ Turnstile detectado — esperando resolución automática...
2026-04-11 18:57:50,270 [INFO]    ✅ Turnstile resuelto
2026-04-11 18:57:53,536 [INFO] Exportadas 95 ofertas → /media/carlos-a-cicconi/Common1/Repositorios-Ing.Carlos-Cicconi/Trabajo_Final_MCD/data/raw/opcionempleo_20260411.csv
2026-04-11 18:57:53,536 [INFO] ✅ 'Google Apps Script': 95 ofertas guardadas
2026-04-11 18:57:53,536 [INFO]    💤 Pausa: 12.5s
2026-04-11 18:58:06,141 [INFO] 
============================================================
2026-04-11 18:58:06,141 [INFO] SCRAPING FINALIZADO - OpcionEmpleo Argentina
2026-04-11 18:58:06,141 [INFO] Total ofertas únicas: 1240
2026-04-11 18:58:06,141 [INFO] DB : /media/carlos-a-cicconi/Common1/Repositorios-Ing.Carlos-Cicconi/Trabajo_Final_MCD/data/raw/ofertas_opcionempleo.db
2026-04-11 18:58:06,141 [INFO] CSV: /media/carlos-a-cicconi/Common1/Repositorios-Ing.Carlos-Cicconi/Trabajo_Final_MCD/data/raw/opcionempleo_20260411.csv
2026-04-11 18:58:06,141 [INFO] Log: /media/carlos-a-cicconi/Common1/Repositorios-Ing.Carlos-Cicconi/Trabajo_Final_MCD/logs/opcionempleo_20260411_145238.log
2026-04-11 18:58:06,141 [INFO] ============================================================
2026-04-11 18:58:06,142 [INFO]   ✅ opcionempleo: 1,240 ofertas recopiladas
2026-04-11 18:58:06,142 [INFO] 
============================================================
2026-04-11 18:58:06,142 [INFO]   EJECUTANDO: jobomas (JobomasScraper)
2026-04-11 18:58:06,142 [INFO]   Queries: desde CV (42 búsquedas)
2026-04-11 18:58:06,142 [INFO] ============================================================
2026-04-11 18:58:06,339 [INFO] DB lista: /media/carlos-a-cicconi/Common1/Repositorios-Ing.Carlos-Cicconi/Trabajo_Final_MCD/data/raw/ofertas_jobomas.db
2026-04-11 18:58:06,339 [INFO] Ejecutando diagnóstico de Jobomas...
2026-04-11 18:58:09,448 [INFO]   https://ar.jobomas.com/python → HTTP 404 | 27,618 | CT:text/html; charset=ISO-8859-1
2026-04-11 18:58:11,598 [INFO]   https://ar.jobomas.com/trabajo/python → HTTP 404 | 27,618 | CT:text/html; charset=ISO-8859-1
2026-04-11 18:58:13,927 [INFO]   https://ar.jobomas.com/ → HTTP 200 | 50,113 | CT:text/html; charset=ISO-8859-1
2026-04-11 18:58:13,943 [INFO]   <title>: Empleos y Ofertas de Trabajo en Argentina
2026-04-11 18:58:13,945 [INFO]   Clase 'job': 8
2026-04-11 18:58:13,958 [INFO]   Links de oferta: 5
2026-04-11 18:58:13,958 [INFO]     /empresa/perfil/2180025/cba_markets_b_s | CBA Markets B&S,
2026-04-11 18:58:13,958 [INFO]     ./asistente-administrativa-comercial-preferentemente-experiencia-en-inmobiliaria_iid_392245014 | Asistente Administrativa Comercial | Preferentemente Experie
2026-04-11 18:58:13,958 [INFO]     ./asistente-administrativo-a-contable-con-ingles-hibrido-caba_iid_392245065 | Asistente Administrativo/a Contable | Con Inglés (Híbrido - 
2026-04-11 18:58:13,959 [INFO] JobomasScraper inicializado (modo: params)
2026-04-11 18:58:13,959 [INFO]   ✅ Queries del CV inyectadas en jobomas
2026-04-11 18:58:13,959 [INFO] ============================================================
2026-04-11 18:58:13,959 [INFO] INICIO - Jobomas Argentina
2026-04-11 18:58:13,959 [INFO] 
🔍 'Data Scientist'
2026-04-11 18:58:13,959 [INFO]    Página 1/5
2026-04-11 18:58:18,421 [INFO]    → 3 encontradas
2026-04-11 18:58:26,241 [WARNING] HTTP 404 (intento 1)
2026-04-11 18:58:40,578 [WARNING] HTTP 404 (intento 2)
2026-04-11 18:59:06,075 [WARNING] HTTP 404 (intento 3)
2026-04-11 18:59:52,402 [INFO]    Página 2/5
2026-04-11 18:59:57,001 [ERROR] Error (intento 1): ('Connection aborted.', RemoteDisconnected('Remote end closed connection without response'))
2026-04-11 19:00:12,672 [WARNING]    Sin ofertas — HTML guardado en diagnostico/
2026-04-11 19:00:12,672 [INFO]    → 0 encontradas
2026-04-11 19:00:12,674 [INFO] CSV: 3 exportadas
2026-04-11 19:00:12,674 [INFO] ✅ 'Data Scientist': 3 guardadas
2026-04-11 19:00:22,112 [INFO] 
🔍 'BI / Analytics'
2026-04-11 19:00:22,113 [INFO]    Página 1/5
2026-04-11 19:00:27,523 [WARNING]    Sin ofertas — HTML guardado en diagnostico/
2026-04-11 19:00:27,523 [INFO]    → 0 encontradas
2026-04-11 19:00:27,523 [INFO] ✅ 'BI / Analytics': 0 guardadas
2026-04-11 19:00:34,940 [INFO] 
🔍 'Python Developer'
2026-04-11 19:00:34,940 [INFO]    Página 1/5
2026-04-11 19:00:40,790 [WARNING]    Sin ofertas — HTML guardado en diagnostico/
2026-04-11 19:00:40,790 [INFO]    → 0 encontradas
2026-04-11 19:00:40,790 [INFO] ✅ 'Python Developer': 0 guardadas
2026-04-11 19:00:49,985 [INFO] 
🔍 'R Developer'
2026-04-11 19:00:49,986 [INFO]    Página 1/5
2026-04-11 19:00:54,684 [WARNING]    Sin ofertas — HTML guardado en diagnostico/
2026-04-11 19:00:54,684 [INFO]    → 0 encontradas
2026-04-11 19:00:54,685 [INFO] ✅ 'R Developer': 0 guardadas
2026-04-11 19:01:03,322 [INFO] 
🔍 'Julia Developer'
2026-04-11 19:01:03,322 [INFO]    Página 1/5
2026-04-11 19:01:07,544 [WARNING]    Sin ofertas — HTML guardado en diagnostico/
2026-04-11 19:01:07,544 [INFO]    → 0 encontradas
2026-04-11 19:01:07,544 [INFO] ✅ 'Julia Developer': 0 guardadas
2026-04-11 19:01:14,211 [INFO] 
🔍 'Control de Gestión'
2026-04-11 19:01:14,212 [INFO]    Página 1/5
2026-04-11 19:01:19,411 [WARNING]    Sin ofertas — HTML guardado en diagnostico/
2026-04-11 19:01:19,411 [INFO]    → 0 encontradas
2026-04-11 19:01:19,411 [INFO] ✅ 'Control de Gestión': 0 guardadas
2026-04-11 19:01:25,563 [INFO] 
🔍 'Consultor'
2026-04-11 19:01:25,564 [INFO]    Página 1/5
2026-04-11 19:01:30,751 [WARNING]    Sin ofertas — HTML guardado en diagnostico/
2026-04-11 19:01:30,752 [INFO]    → 0 encontradas
2026-04-11 19:01:30,752 [INFO] ✅ 'Consultor': 0 guardadas
2026-04-11 19:01:39,696 [INFO] 
🔍 'Gerente de Operaciones'
2026-04-11 19:01:39,696 [INFO]    Página 1/5
2026-04-11 19:01:44,068 [WARNING]    Sin ofertas — HTML guardado en diagnostico/
2026-04-11 19:01:44,068 [INFO]    → 0 encontradas
2026-04-11 19:01:44,069 [INFO] ✅ 'Gerente de Operaciones': 0 guardadas
2026-04-11 19:01:50,330 [INFO] 
🔍 'Compras / Procurement'
2026-04-11 19:01:50,331 [INFO]    Página 1/5
2026-04-11 19:01:54,551 [WARNING]    Sin ofertas — HTML guardado en diagnostico/
2026-04-11 19:01:54,551 [INFO]    → 0 encontradas
2026-04-11 19:01:54,552 [INFO] ✅ 'Compras / Procurement': 0 guardadas
2026-04-11 19:02:02,441 [INFO] 
🔍 'Ingeniero Industrial'
2026-04-11 19:02:02,441 [INFO]    Página 1/5
2026-04-11 19:02:06,447 [WARNING]    Sin ofertas — HTML guardado en diagnostico/
2026-04-11 19:02:06,447 [INFO]    → 0 encontradas
2026-04-11 19:02:06,447 [INFO] ✅ 'Ingeniero Industrial': 0 guardadas
2026-04-11 19:02:14,524 [INFO] 
🔍 'Finanzas / CAPEX'
2026-04-11 19:02:14,524 [INFO]    Página 1/5
2026-04-11 19:02:18,627 [WARNING]    Sin ofertas — HTML guardado en diagnostico/
2026-04-11 19:02:18,627 [INFO]    → 0 encontradas
2026-04-11 19:02:18,627 [INFO] ✅ 'Finanzas / CAPEX': 0 guardadas
2026-04-11 19:02:26,204 [INFO] 
🔍 'SAP'
2026-04-11 19:02:26,205 [INFO]    Página 1/5
2026-04-11 19:02:32,434 [WARNING]    Sin ofertas — HTML guardado en diagnostico/
2026-04-11 19:02:32,435 [INFO]    → 0 encontradas
2026-04-11 19:02:32,435 [INFO] ✅ 'SAP': 0 guardadas
2026-04-11 19:02:38,994 [INFO] 
🔍 'Excel / VBA'
2026-04-11 19:02:38,995 [INFO]    Página 1/5
2026-04-11 19:02:42,974 [WARNING]    Sin ofertas — HTML guardado en diagnostico/
2026-04-11 19:02:42,974 [INFO]    → 0 encontradas
2026-04-11 19:02:42,974 [INFO] ✅ 'Excel / VBA': 0 guardadas
2026-04-11 19:02:52,117 [INFO] 
🔍 'Google Apps Script'
2026-04-11 19:02:52,118 [INFO]    Página 1/5
2026-04-11 19:02:55,958 [WARNING]    Sin ofertas — HTML guardado en diagnostico/
2026-04-11 19:02:55,958 [INFO]    → 0 encontradas
2026-04-11 19:02:55,958 [INFO] ✅ 'Google Apps Script': 0 guardadas
2026-04-11 19:03:01,875 [INFO] 
============================================================
FINALIZADO — 3 ofertas
2026-04-11 19:03:01,876 [INFO]   ✅ jobomas: 3 ofertas recopiladas
2026-04-11 19:03:01,881 [INFO] 
============================================================
2026-04-11 19:03:01,881 [INFO]   EJECUTANDO: jobrapido (JobrapidoScraper)
2026-04-11 19:03:01,881 [INFO]   Queries: desde CV (42 búsquedas)
2026-04-11 19:03:01,881 [INFO] ============================================================
2026-04-11 19:03:01,958 [INFO] DB lista: /media/carlos-a-cicconi/Common1/Repositorios-Ing.Carlos-Cicconi/Trabajo_Final_MCD/data/raw/ofertas_jobrapido.db
2026-04-11 19:03:01,959 [INFO] Ejecutando diagnóstico de Jobrapido...
2026-04-11 19:03:04,407 [INFO]   https://ar.jobrapido.com/Ofertas-de-trabajo-para-Python?l=Argentina → HTTP 200 | 357,360 chars
2026-04-11 19:03:04,497 [INFO]   <title>: Bolsa trabajo para Python, ofertas empleo | Jobrapido.com
2026-04-11 19:03:04,498 [INFO]   JS-only:False
2026-04-11 19:03:04,502 [INFO]   Clase 'job': 56 | ejemplo: search google-one-tap-enabled smartphone-banner-enabled not-
2026-04-11 19:03:04,506 [INFO]   Clase 'result': 261 | ejemplo: wrapper result-list
2026-04-11 19:03:04,516 [INFO]   Clase 'item': 289 | ejemplo: suggested-locations-item
2026-04-11 19:03:04,525 [INFO]   Links de oferta: 20
2026-04-11 19:03:04,525 [INFO]     https://open.app.jobrapido.com/ar/8141247611366539264/?w=python&l=&oc=sponsored&k=web.1.1.0&uuid=arF0019d7e91e433daf8&page_item_id=584909118 | Open job preview for: Python/ArcGIS developer  - Mendoza
2026-04-11 19:03:04,525 [INFO]     https://open.app.jobrapido.com/ar/290773346830778368/?w=python&l=&oc=sponsored&k=web.1.1.1&uuid=arF0019d7e91e433daf8&page_item_id=-597135336 | Open job preview for: Sr/Lead Odoo (Python) Engineer  - Mend
2026-04-11 19:03:04,525 [INFO]     https://open.app.jobrapido.com/ar/6036539127510335488/?w=python&l=&oc=sponsored&k=web.1.1.2&uuid=arF0019d7e91e433daf8&page_item_id=-1950447284 | Open job preview for: Software Engineer - Python/Django  - M
2026-04-11 19:03:04,531 [INFO]   Paginación: 1
2026-04-11 19:03:04,531 [INFO] JobrapidoScraper inicializado
2026-04-11 19:03:04,531 [INFO]   ✅ Queries del CV inyectadas en jobrapido
2026-04-11 19:03:04,531 [INFO] ============================================================
2026-04-11 19:03:04,532 [INFO] INICIO - Jobrapido Argentina
2026-04-11 19:03:04,532 [INFO] 
🔍 'Data Scientist'
2026-04-11 19:03:04,532 [INFO]    Página 1/5
2026-04-11 19:03:08,571 [INFO]    → 15 encontradas
2026-04-11 19:04:39,304 [INFO]    Página 2/5
2026-04-11 19:04:42,541 [INFO]    → 20 encontradas
2026-04-11 19:06:49,142 [INFO]    Página 3/5
2026-04-11 19:06:54,104 [INFO]    → 5 encontradas
2026-04-11 19:07:26,109 [INFO]    Página 4/5
2026-04-11 19:07:30,965 [INFO]    → 15 encontradas
2026-04-11 19:09:01,035 [INFO]    Página 5/5
2026-04-11 19:09:05,759 [INFO]    → 20 encontradas
2026-04-11 19:11:11,920 [INFO] CSV: 75 exportadas
2026-04-11 19:11:11,921 [INFO] ✅ 'Data Scientist': 75 guardadas
2026-04-11 19:11:20,274 [INFO] 
🔍 'BI / Analytics'
2026-04-11 19:11:20,275 [INFO]    Página 1/5
2026-04-11 19:11:26,406 [INFO]    → 20 encontradas
2026-04-11 19:13:29,224 [INFO]    Página 2/5
2026-04-11 19:13:33,259 [INFO]    → 10 encontradas
2026-04-11 19:14:33,425 [INFO]    Página 3/5
2026-04-11 19:14:37,727 [INFO]    → 15 encontradas
2026-04-11 19:16:11,739 [INFO]    Página 4/5
2026-04-11 19:16:17,551 [INFO]    → 15 encontradas
2026-04-11 19:17:49,125 [INFO]    Página 5/5
2026-04-11 19:17:54,888 [INFO]    → 20 encontradas
2026-04-11 19:20:00,190 [INFO] CSV: 80 exportadas
2026-04-11 19:20:00,190 [INFO] ✅ 'BI / Analytics': 80 guardadas
2026-04-11 19:20:08,499 [INFO] 
🔍 'Python Developer'
2026-04-11 19:20:08,500 [INFO]    Página 1/5
2026-04-11 19:20:13,676 [INFO]    → 20 encontradas
2026-04-11 19:22:15,258 [INFO]    Página 2/5
2026-04-11 19:22:19,278 [INFO]    → 9 encontradas
2026-04-11 19:23:15,302 [INFO]    Página 3/5
2026-04-11 19:23:20,406 [INFO]    → 20 encontradas
2026-04-11 19:25:25,592 [INFO]    Página 4/5
2026-04-11 19:25:29,748 [INFO]    → 19 encontradas
2026-04-11 19:27:26,508 [INFO]    Página 5/5
2026-04-11 19:27:33,118 [INFO]    → 20 encontradas
2026-04-11 19:29:35,844 [INFO] CSV: 88 exportadas
2026-04-11 19:29:35,844 [INFO] ✅ 'Python Developer': 88 guardadas
2026-04-11 19:29:41,118 [INFO] 
🔍 'R Developer'
2026-04-11 19:29:41,119 [INFO]    Página 1/5
2026-04-11 19:29:44,803 [INFO]    → 10 encontradas
2026-04-11 19:30:43,954 [INFO]    Página 2/5
2026-04-11 19:30:48,131 [INFO]    → 20 encontradas
2026-04-11 19:32:45,494 [INFO]    Página 3/5
2026-04-11 19:32:50,586 [INFO]    → 5 encontradas
2026-04-11 19:33:21,696 [INFO]    Página 4/5
2026-04-11 19:33:27,336 [INFO]    → 19 encontradas
2026-04-11 19:35:22,654 [INFO]    Página 5/5
2026-04-11 19:35:29,460 [WARNING]    Sin ofertas — HTML guardado en diagnostico/
2026-04-11 19:35:29,461 [INFO]    → 0 encontradas
2026-04-11 19:35:29,462 [INFO] CSV: 54 exportadas
2026-04-11 19:35:29,462 [INFO] ✅ 'R Developer': 54 guardadas
2026-04-11 19:35:36,875 [INFO] 
🔍 'Julia Developer'
2026-04-11 19:35:36,875 [INFO]    Página 1/5
2026-04-11 19:35:40,163 [INFO]    → 15 encontradas
2026-04-11 19:37:17,238 [INFO]    Página 2/5
2026-04-11 19:37:20,773 [INFO]    → 20 encontradas
2026-04-11 19:39:21,734 [INFO]    Página 3/5
2026-04-11 19:39:26,709 [INFO]    → 20 encontradas
2026-04-11 19:41:27,395 [INFO]    Página 4/5
2026-04-11 19:41:31,371 [INFO]    → 20 encontradas
2026-04-11 19:43:39,040 [INFO]    Página 5/5
2026-04-11 19:43:43,293 [WARNING]    Sin ofertas — HTML guardado en diagnostico/
2026-04-11 19:43:43,293 [INFO]    → 0 encontradas
2026-04-11 19:43:43,294 [INFO] CSV: 75 exportadas
2026-04-11 19:43:43,294 [INFO] ✅ 'Julia Developer': 75 guardadas
2026-04-11 19:43:50,361 [INFO] 
🔍 'Control de Gestión'
2026-04-11 19:43:50,361 [INFO]    Página 1/5
2026-04-11 19:43:56,449 [INFO]    → 20 encontradas
2026-04-11 19:45:56,933 [INFO]    Página 2/5
2026-04-11 19:46:00,989 [INFO]    → 19 encontradas
2026-04-11 19:47:52,155 [INFO]    Página 3/5
2026-04-11 19:47:55,550 [INFO]    → 4 encontradas
2026-04-11 19:48:18,919 [INFO]    Página 4/5
2026-04-11 19:48:24,112 [INFO]    → 17 encontradas
2026-04-11 19:50:07,687 [INFO]    Página 5/5
2026-04-11 19:50:15,623 [WARNING]    Sin ofertas — HTML guardado en diagnostico/
2026-04-11 19:50:15,623 [INFO]    → 0 encontradas
2026-04-11 19:50:15,625 [INFO] CSV: 60 exportadas
2026-04-11 19:50:15,625 [INFO] ✅ 'Control de Gestión': 60 guardadas
2026-04-11 19:50:24,265 [INFO] 
🔍 'Consultor'
2026-04-11 19:50:24,266 [INFO]    Página 1/5
2026-04-11 19:50:27,623 [INFO]    → 18 encontradas
2026-04-11 19:52:23,880 [INFO]    Página 2/5
2026-04-11 19:52:27,759 [INFO]    → 19 encontradas
2026-04-11 19:54:25,301 [INFO]    Página 3/5
2026-04-11 19:54:29,778 [INFO]    → 20 encontradas
2026-04-11 19:56:33,734 [INFO]    Página 4/5
2026-04-11 19:56:39,297 [INFO]    → 20 encontradas
2026-04-11 19:58:45,025 [INFO]    Página 5/5
2026-04-11 19:58:48,513 [INFO]    → 19 encontradas
2026-04-11 20:00:40,334 [INFO] CSV: 96 exportadas
2026-04-11 20:00:40,334 [INFO] ✅ 'Consultor': 96 guardadas
2026-04-11 20:00:46,062 [INFO] 
🔍 'Gerente de Operaciones'
2026-04-11 20:00:46,063 [INFO]    Página 1/5
2026-04-11 20:00:49,832 [INFO]    → 11 encontradas
2026-04-11 20:01:58,863 [INFO]    Página 2/5
2026-04-11 20:02:03,475 [INFO]    → 17 encontradas
2026-04-11 20:03:49,148 [INFO]    Página 3/5
2026-04-11 20:03:52,563 [INFO]    → 5 encontradas
2026-04-11 20:04:27,443 [INFO]    Página 4/5
2026-04-11 20:04:33,133 [INFO]    → 15 encontradas
2026-04-11 20:06:12,294 [INFO]    Página 5/5
2026-04-11 20:06:17,289 [INFO]    → 15 encontradas
2026-04-11 20:07:52,349 [INFO] CSV: 63 exportadas
2026-04-11 20:07:52,350 [INFO] ✅ 'Gerente de Operaciones': 63 guardadas
2026-04-11 20:07:58,345 [INFO] 
🔍 'Compras / Procurement'
2026-04-11 20:07:58,345 [INFO]    Página 1/5
2026-04-11 20:08:03,434 [INFO]    → 10 encontradas
2026-04-11 20:09:03,288 [INFO]    Página 2/5
2026-04-11 20:09:07,542 [INFO]    → 11 encontradas
2026-04-11 20:10:18,247 [INFO]    Página 3/5
2026-04-11 20:10:23,533 [INFO]    → 17 encontradas
2026-04-11 20:12:12,006 [INFO]    Página 4/5
2026-04-11 20:12:17,434 [WARNING]    Sin ofertas — HTML guardado en diagnostico/
2026-04-11 20:12:17,434 [INFO]    → 0 encontradas
2026-04-11 20:12:17,435 [INFO] CSV: 38 exportadas
2026-04-11 20:12:17,435 [INFO] ✅ 'Compras / Procurement': 38 guardadas
2026-04-11 20:12:24,391 [INFO] 
🔍 'Ingeniero Industrial'
2026-04-11 20:12:24,392 [INFO]    Página 1/5
2026-04-11 20:12:29,778 [INFO]    → 12 encontradas
2026-04-11 20:13:43,139 [INFO]    Página 2/5
2026-04-11 20:13:48,237 [INFO]    → 20 encontradas
2026-04-11 20:15:50,419 [INFO]    Página 3/5
2026-04-11 20:15:53,803 [INFO]    → 5 encontradas
2026-04-11 20:16:25,849 [INFO]    Página 4/5
2026-04-11 20:16:29,455 [INFO]    → 19 encontradas
2026-04-11 20:18:26,076 [INFO]    Página 5/5
2026-04-11 20:18:30,865 [WARNING]    Sin ofertas — HTML guardado en diagnostico/
2026-04-11 20:18:30,865 [INFO]    → 0 encontradas
2026-04-11 20:18:30,866 [INFO] CSV: 56 exportadas
2026-04-11 20:18:30,866 [INFO] ✅ 'Ingeniero Industrial': 56 guardadas
2026-04-11 20:18:38,485 [INFO] 
🔍 'Finanzas / CAPEX'
2026-04-11 20:18:38,485 [INFO]    Página 1/5
2026-04-11 20:18:42,130 [INFO]    → 11 encontradas
2026-04-11 20:19:50,650 [INFO]    Página 2/5
2026-04-11 20:19:56,100 [INFO]    → 19 encontradas
2026-04-11 20:21:57,837 [INFO]    Página 3/5
2026-04-11 20:22:01,786 [INFO]    → 3 encontradas
2026-04-11 20:22:21,788 [INFO]    Página 4/5
2026-04-11 20:22:26,795 [INFO]    → 19 encontradas
2026-04-11 20:24:24,159 [INFO]    Página 5/5
2026-04-11 20:24:27,687 [INFO]    → 19 encontradas
2026-04-11 20:26:26,736 [INFO] CSV: 71 exportadas
2026-04-11 20:26:26,737 [INFO] ✅ 'Finanzas / CAPEX': 71 guardadas
2026-04-11 20:26:33,721 [INFO] 
🔍 'SAP'
2026-04-11 20:26:33,722 [INFO]    Página 1/5
2026-04-11 20:26:38,157 [INFO]    → 6 encontradas
2026-04-11 20:27:16,700 [INFO]    Página 2/5
2026-04-11 20:27:24,485 [INFO]    → 9 encontradas
2026-04-11 20:28:19,162 [INFO]    Página 3/5
2026-04-11 20:28:23,026 [INFO]    → 10 encontradas
2026-04-11 20:29:26,541 [INFO]    Página 4/5
2026-04-11 20:29:31,492 [INFO]    → 17 encontradas
2026-04-11 20:31:15,806 [INFO]    Página 5/5
2026-04-11 20:31:20,373 [WARNING]    Sin ofertas — HTML guardado en diagnostico/
2026-04-11 20:31:20,373 [INFO]    → 0 encontradas
2026-04-11 20:31:20,374 [INFO] CSV: 42 exportadas
2026-04-11 20:31:20,374 [INFO] ✅ 'SAP': 42 guardadas
2026-04-11 20:31:26,738 [INFO] 
🔍 'Excel / VBA'
2026-04-11 20:31:26,739 [INFO]    Página 1/5
2026-04-11 20:31:32,374 [INFO]    → 11 encontradas
2026-04-11 20:32:39,885 [INFO]    Página 2/5
2026-04-11 20:32:43,923 [INFO]    → 7 encontradas
2026-04-11 20:33:26,570 [INFO]    Página 3/5
2026-04-11 20:33:31,229 [INFO]    → 13 encontradas
2026-04-11 20:34:46,955 [INFO]    Página 4/5
2026-04-11 20:34:51,726 [INFO]    → 7 encontradas
2026-04-11 20:35:33,338 [INFO]    Página 5/5
2026-04-11 20:35:38,028 [INFO]    → 11 encontradas
2026-04-11 20:36:48,420 [INFO] CSV: 49 exportadas
2026-04-11 20:36:48,420 [INFO] ✅ 'Excel / VBA': 49 guardadas
2026-04-11 20:36:54,673 [INFO] 
🔍 'Google Apps Script'
2026-04-11 20:36:54,673 [INFO]    Página 1/5
2026-04-11 20:36:58,905 [INFO]    → 12 encontradas
2026-04-11 20:38:14,317 [INFO]    Página 2/5
2026-04-11 20:38:18,117 [INFO]    → 13 encontradas
2026-04-11 20:39:37,570 [INFO]    Página 3/5
2026-04-11 20:39:42,667 [INFO]    → 4 encontradas
2026-04-11 20:40:07,479 [INFO]    Página 4/5
2026-04-11 20:40:12,759 [INFO]    → 12 encontradas
2026-04-11 20:41:26,335 [INFO]    Página 5/5
2026-04-11 20:41:34,594 [INFO]    → 14 encontradas
2026-04-11 20:43:03,205 [INFO] CSV: 55 exportadas
2026-04-11 20:43:03,205 [INFO] ✅ 'Google Apps Script': 55 guardadas
2026-04-11 20:43:08,563 [INFO] 
============================================================
FINALIZADO — 902 ofertas
2026-04-11 20:43:08,565 [INFO]   ✅ jobrapido: 902 ofertas recopiladas
2026-04-11 20:43:08,575 [INFO] 
============================================================
2026-04-11 20:43:08,575 [INFO]   EJECUTANDO: jobleads (JobleadsScraper)
2026-04-11 20:43:08,575 [INFO]   Queries: desde CV (42 búsquedas)
2026-04-11 20:43:08,576 [INFO] ============================================================
2026-04-11 20:43:08,640 [INFO] DB lista: /media/carlos-a-cicconi/Common1/Repositorios-Ing.Carlos-Cicconi/Trabajo_Final_MCD/data/raw/ofertas_jobleads.db
2026-04-11 20:43:08,640 [INFO] Ejecutando diagnóstico de JobLeads...
2026-04-11 20:43:11,978 [INFO]   https://www.jobleads.com/ar/jobs?q=python → HTTP 200 | 495,857 chars | Final: https://www.jobleads.com/ar/jobs?q=python
2026-04-11 20:43:12,039 [INFO]   <title>: Puestos: python | Argentina | JobLeads
2026-04-11 20:43:12,041 [INFO]   Links oferta detectados: 25
2026-04-11 20:43:12,041 [INFO]     https://www.jobleads.com/ar/job/python-developer-ssr-sr-hibrido-amba-id-00246--buenos-aires--ef8bc6f0ab4d523380add8ebfeff62540 | Senior Python Engineer — Automation & Infra
2026-04-11 20:43:12,041 [INFO]     https://www.jobleads.com/ar/job/lead-python-developer-ai-cloud-mentorship--argentina--e1c5bedfd14722089ccf275bd4cbe0868 | Lead Python Developer: AI, Cloud & Mentorship
2026-04-11 20:43:12,041 [INFO]     https://www.jobleads.com/ar/job/senior-python-engineer-api-aws-data-warehousing-remote--argentina--e84040a3461eff7d89d12bb4672fc15ba | Senior Python Engineer: API, AWS & Data Warehousing Remote
2026-04-11 20:43:12,041 [INFO] JobleadsScraper inicializado (modo híbrido: requests + Playwright)
2026-04-11 20:43:12,041 [INFO]   ✅ Queries del CV inyectadas en jobleads
2026-04-11 20:43:12,042 [INFO] ============================================================
2026-04-11 20:43:12,042 [INFO] INICIO - JobLeads (modo híbrido: requests + Playwright)
2026-04-11 20:43:12,690 [INFO] Inicializando sesión Playwright en JobLeads...
2026-04-11 20:43:18,625 [INFO] 
🔍 'Data Scientist'
2026-04-11 20:43:18,625 [INFO]    Página 1/5
2026-04-11 20:43:22,681 [WARNING] HTTP 403 (intento 1)
2026-04-11 20:43:35,667 [WARNING] HTTP 403 (intento 2)
2026-04-11 20:44:00,993 [WARNING] HTTP 403 (intento 3)
2026-04-11 20:44:30,994 [INFO]    Página 2/5
2026-04-11 20:44:36,828 [INFO]    → 1 encontradas
2026-04-11 20:44:41,668 [INFO]    Página 3/5
2026-04-11 20:44:46,161 [WARNING]    Sin ofertas HTML — guardado en diagnostico/jobleads_Data_Scientist.html
2026-04-11 20:44:46,161 [INFO]    → 0 encontradas
2026-04-11 20:44:46,161 [INFO] CSV: 1 exportadas
2026-04-11 20:44:46,161 [INFO] ✅ 'Data Scientist': 1 guardadas
2026-04-11 20:44:54,515 [INFO] 
🔍 'BI / Analytics'
2026-04-11 20:44:54,516 [INFO]    Página 1/5
2026-04-11 20:44:59,054 [INFO]    → 1 encontradas
2026-04-11 20:45:03,321 [INFO]    Página 2/5
2026-04-11 20:45:07,728 [WARNING]    Sin ofertas HTML — guardado en diagnostico/jobleads_BI__Analytics.html
2026-04-11 20:45:07,728 [INFO]    → 0 encontradas
2026-04-11 20:45:07,728 [INFO] CSV: 1 exportadas
2026-04-11 20:45:07,728 [INFO] ✅ 'BI / Analytics': 1 guardadas
2026-04-11 20:45:15,308 [INFO] 
🔍 'Python Developer'
2026-04-11 20:45:15,309 [INFO]    Página 1/5
2026-04-11 20:45:19,314 [INFO]    → 1 encontradas
2026-04-11 20:45:23,830 [INFO]    Página 2/5
2026-04-11 20:45:28,793 [WARNING]    Sin ofertas HTML — guardado en diagnostico/jobleads_Python_Developer.html
2026-04-11 20:45:28,793 [INFO]    → 0 encontradas
2026-04-11 20:45:28,793 [INFO] CSV: 1 exportadas
2026-04-11 20:45:28,793 [INFO] ✅ 'Python Developer': 1 guardadas
2026-04-11 20:45:39,000 [INFO] 
🔍 'R Developer'
2026-04-11 20:45:39,001 [INFO]    Página 1/5
2026-04-11 20:45:44,101 [INFO]    → 1 encontradas
2026-04-11 20:45:48,194 [INFO]    Página 2/5
2026-04-11 20:45:52,751 [WARNING]    Sin ofertas HTML — guardado en diagnostico/jobleads_R_Developer.html
2026-04-11 20:45:52,751 [INFO]    → 0 encontradas
2026-04-11 20:45:52,751 [INFO] CSV: 1 exportadas
2026-04-11 20:45:52,751 [INFO] ✅ 'R Developer': 1 guardadas
2026-04-11 20:46:01,769 [INFO] 
🔍 'Julia Developer'
2026-04-11 20:46:01,769 [INFO]    Página 1/5
2026-04-11 20:46:06,918 [INFO]    → 1 encontradas
2026-04-11 20:46:11,739 [INFO]    Página 2/5
2026-04-11 20:46:16,863 [WARNING]    Sin ofertas HTML — guardado en diagnostico/jobleads_Julia_Developer.html
2026-04-11 20:46:16,863 [INFO]    → 0 encontradas
2026-04-11 20:46:16,863 [INFO] CSV: 1 exportadas
2026-04-11 20:46:16,863 [INFO] ✅ 'Julia Developer': 1 guardadas
2026-04-11 20:46:25,571 [INFO] 
🔍 'Control de Gestión'
2026-04-11 20:46:25,571 [INFO]    Página 1/5
2026-04-11 20:46:29,836 [INFO]    → 1 encontradas
2026-04-11 20:46:34,517 [INFO]    Página 2/5
2026-04-11 20:46:38,566 [WARNING]    Sin ofertas HTML — guardado en diagnostico/jobleads_Control_de_Gestión.html
2026-04-11 20:46:38,566 [INFO]    → 0 encontradas
2026-04-11 20:46:38,566 [INFO] CSV: 1 exportadas
2026-04-11 20:46:38,566 [INFO] ✅ 'Control de Gestión': 1 guardadas
2026-04-11 20:46:45,702 [INFO] 
🔍 'Consultor'
2026-04-11 20:46:45,703 [INFO]    Página 1/5
2026-04-11 20:46:50,273 [INFO]    → 1 encontradas
2026-04-11 20:46:55,618 [INFO]    Página 2/5
2026-04-11 20:47:00,513 [WARNING]    Sin ofertas HTML — guardado en diagnostico/jobleads_Consultor.html
2026-04-11 20:47:00,513 [INFO]    → 0 encontradas
2026-04-11 20:47:00,513 [INFO] CSV: 1 exportadas
2026-04-11 20:47:00,513 [INFO] ✅ 'Consultor': 1 guardadas
2026-04-11 20:47:08,060 [INFO] 
🔍 'Gerente de Operaciones'
2026-04-11 20:47:08,060 [INFO]    Página 1/5
2026-04-11 20:47:13,651 [INFO]    → 1 encontradas
2026-04-11 20:47:18,873 [INFO]    Página 2/5
2026-04-11 20:47:23,592 [WARNING]    Sin ofertas HTML — guardado en diagnostico/jobleads_Gerente_de_Operaciones.html
2026-04-11 20:47:23,592 [INFO]    → 0 encontradas
2026-04-11 20:47:23,592 [INFO] CSV: 1 exportadas
2026-04-11 20:47:23,592 [INFO] ✅ 'Gerente de Operaciones': 1 guardadas
2026-04-11 20:47:30,844 [INFO] 
🔍 'Compras / Procurement'
2026-04-11 20:47:30,844 [INFO]    Página 1/5
2026-04-11 20:47:36,190 [INFO]    → 1 encontradas
2026-04-11 20:47:41,196 [INFO]    Página 2/5
2026-04-11 20:47:45,775 [WARNING]    Sin ofertas HTML — guardado en diagnostico/jobleads_Compras__Procurement.html
2026-04-11 20:47:45,775 [INFO]    → 0 encontradas
2026-04-11 20:47:45,776 [INFO] CSV: 1 exportadas
2026-04-11 20:47:45,776 [INFO] ✅ 'Compras / Procurement': 1 guardadas
2026-04-11 20:47:55,728 [INFO] 
🔍 'Ingeniero Industrial'
2026-04-11 20:47:55,728 [INFO]    Página 1/5
2026-04-11 20:47:59,255 [INFO]    → 1 encontradas
2026-04-11 20:48:03,763 [INFO]    Página 2/5
2026-04-11 20:48:08,630 [WARNING] HTTP 500 (intento 1)
2026-04-11 20:48:22,413 [WARNING]    Sin ofertas HTML — guardado en diagnostico/jobleads_Ingeniero_Industrial.html
2026-04-11 20:48:22,413 [INFO]    → 0 encontradas
2026-04-11 20:48:22,413 [INFO] CSV: 1 exportadas
2026-04-11 20:48:22,413 [INFO] ✅ 'Ingeniero Industrial': 1 guardadas
2026-04-11 20:48:32,358 [INFO] 
🔍 'Finanzas / CAPEX'
2026-04-11 20:48:32,358 [INFO]    Página 1/5
2026-04-11 20:48:36,331 [INFO]    → 1 encontradas
2026-04-11 20:48:42,086 [INFO]    Página 2/5
2026-04-11 20:48:45,736 [WARNING]    Sin ofertas HTML — guardado en diagnostico/jobleads_Finanzas__CAPEX.html
2026-04-11 20:48:45,736 [INFO]    → 0 encontradas
2026-04-11 20:48:45,736 [INFO] CSV: 1 exportadas
2026-04-11 20:48:45,736 [INFO] ✅ 'Finanzas / CAPEX': 1 guardadas
2026-04-11 20:48:52,793 [INFO] 
🔍 'SAP'
2026-04-11 20:48:52,793 [INFO]    Página 1/5
2026-04-11 20:48:58,705 [INFO]    → 1 encontradas
2026-04-11 20:49:04,120 [INFO]    Página 2/5
2026-04-11 20:49:09,795 [WARNING]    Sin ofertas HTML — guardado en diagnostico/jobleads_SAP.html
2026-04-11 20:49:09,796 [INFO]    → 0 encontradas
2026-04-11 20:49:09,796 [INFO] CSV: 1 exportadas
2026-04-11 20:49:09,796 [INFO] ✅ 'SAP': 1 guardadas
2026-04-11 20:49:17,087 [INFO] 
🔍 'Excel / VBA'
2026-04-11 20:49:17,087 [INFO]    Página 1/5
2026-04-11 20:49:21,620 [INFO]    → 1 encontradas
2026-04-11 20:49:26,841 [INFO]    Página 2/5
2026-04-11 20:49:31,330 [WARNING]    Sin ofertas HTML — guardado en diagnostico/jobleads_Excel__VBA.html
2026-04-11 20:49:31,330 [INFO]    → 0 encontradas
2026-04-11 20:49:31,331 [INFO] CSV: 1 exportadas
2026-04-11 20:49:31,331 [INFO] ✅ 'Excel / VBA': 1 guardadas
2026-04-11 20:49:39,013 [INFO] 
🔍 'Google Apps Script'
2026-04-11 20:49:39,013 [INFO]    Página 1/5
2026-04-11 20:49:42,789 [INFO]    → 1 encontradas
2026-04-11 20:49:47,643 [INFO]    Página 2/5
2026-04-11 20:49:51,861 [WARNING]    Sin ofertas HTML — guardado en diagnostico/jobleads_Google_Apps_Script.html
2026-04-11 20:49:51,861 [INFO]    → 0 encontradas
2026-04-11 20:49:51,862 [INFO] CSV: 1 exportadas
2026-04-11 20:49:51,862 [INFO] ✅ 'Google Apps Script': 1 guardadas
2026-04-11 20:50:00,307 [INFO] 
============================================================
FINALIZADO — 14 ofertas
2026-04-11 20:50:00,307 [INFO]   ✅ jobleads: 14 ofertas recopiladas
2026-04-11 20:50:00,307 [INFO] 
=================================================================
2026-04-11 20:50:00,307 [INFO]   FASE 2: CONSOLIDACIÓN
2026-04-11 20:50:00,308 [INFO] =================================================================
2026-04-11 20:50:00,308 [INFO] Consolidado DB lista: /media/carlos-a-cicconi/Common1/Repositorios-Ing.Carlos-Cicconi/Trabajo_Final_MCD/data/raw/consolidado/ofertas_consolidadas.db
2026-04-11 20:50:00,321 [INFO] 
  📂 Procesando: linkedin (ofertas_linkedin.db)
2026-04-11 20:50:00,344 [INFO]   Leídas 1,538 ofertas de ofertas_linkedin.db
2026-04-11 20:50:00,378 [INFO]   ✅ linkedin: leídas=1,538 | nuevas=172 | dup=1,206 | old=160
2026-04-11 20:50:00,378 [INFO] 
  📂 Procesando: computrabajo (ofertas_computrabajo.db)
2026-04-11 20:50:00,384 [INFO]   Leídas 433 ofertas de ofertas_computrabajo.db
2026-04-11 20:50:00,398 [INFO]   ✅ computrabajo: leídas=433 | nuevas=135 | dup=298 | old=0
2026-04-11 20:50:00,398 [INFO] 
  📂 Procesando: getonboard (ofertas_getonboard.db)
2026-04-11 20:50:00,403 [INFO]   Leídas 427 ofertas de ofertas_getonboard.db
2026-04-11 20:50:00,405 [INFO]   ✅ getonboard: leídas=427 | nuevas=0 | dup=382 | old=45
2026-04-11 20:50:00,405 [INFO] 
  📂 Procesando: bumeran (ofertas_bumeran.db)
2026-04-11 20:50:00,410 [INFO]   Leídas 437 ofertas de ofertas_bumeran.db
2026-04-11 20:50:00,416 [INFO]   ✅ bumeran: leídas=437 | nuevas=2 | dup=435 | old=0
2026-04-11 20:50:00,416 [INFO] 
  📂 Procesando: zonajobs (ofertas_zonajobs.db)
2026-04-11 20:50:00,417 [INFO]   Leídas 39 ofertas de ofertas_zonajobs.db
2026-04-11 20:50:00,418 [INFO]   ✅ zonajobs: leídas=39 | nuevas=0 | dup=39 | old=0
2026-04-11 20:50:00,418 [INFO] 
  📂 Procesando: workana (ofertas_workana.db)
2026-04-11 20:50:00,419 [INFO]   Leídas 69 ofertas de ofertas_workana.db
2026-04-11 20:50:00,425 [INFO]   ✅ workana: leídas=69 | nuevas=5 | dup=64 | old=0
2026-04-11 20:50:00,425 [INFO] 
  📂 Procesando: opcionempleo (ofertas_opcionempleo.db)
2026-04-11 20:50:00,457 [INFO]   Leídas 2,172 ofertas de ofertas_opcionempleo.db
2026-04-11 20:50:00,459 [INFO]   ✅ opcionempleo: leídas=2,172 | nuevas=0 | dup=2,172 | old=0
2026-04-11 20:50:00,459 [INFO] 
  📂 Procesando: jobomas (ofertas_jobomas.db)
2026-04-11 20:50:00,460 [INFO]   Leídas 8 ofertas de ofertas_jobomas.db
2026-04-11 20:50:00,466 [INFO]   ✅ jobomas: leídas=8 | nuevas=2 | dup=6 | old=0
2026-04-11 20:50:00,466 [INFO] 
  📂 Procesando: jobrapido (ofertas_jobrapido.db)
2026-04-11 20:50:00,478 [INFO]   Leídas 1,590 ofertas de ofertas_jobrapido.db
2026-04-11 20:50:00,491 [INFO]   ✅ jobrapido: leídas=1,590 | nuevas=210 | dup=1,380 | old=0
2026-04-11 20:50:00,491 [INFO] 
  📂 Procesando: jobleads (ofertas_jobleads.db)
2026-04-11 20:50:00,492 [INFO]   Leídas 24 ofertas de ofertas_jobleads.db
2026-04-11 20:50:00,498 [INFO]   ✅ jobleads: leídas=24 | nuevas=11 | dup=13 | old=0
2026-04-11 20:50:00,525 [INFO]   CSV consolidado actualizado: +537 filas → /media/carlos-a-cicconi/Common1/Repositorios-Ing.Carlos-Cicconi/Trabajo_Final_MCD/data/raw/consolidado/ofertas_consolidadas.csv
2026-04-11 20:50:00,526 [INFO] 
=================================================================
2026-04-11 20:50:00,526 [INFO]   RESUMEN FINAL
2026-04-11 20:50:00,526 [INFO] =================================================================
2026-04-11 20:50:00,527 [INFO]   Ofertas nuevas incorporadas : 537
2026-04-11 20:50:00,527 [INFO]   Descartadas (antigüedad)    : 205
2026-04-11 20:50:00,527 [INFO]   Descartadas (duplicado)     : 5,995
2026-04-11 20:50:00,527 [INFO]   Total acumulado en DB       : 6,532
2026-04-11 20:50:00,527 [INFO]   Ventana temporal aplicada   : últimos 90 días (desde 2026-01-11)
2026-04-11 20:50:00,527 [INFO]   Duración total              : 553m 38s
2026-04-11 20:50:00,527 [INFO] 
  Archivos de salida:
2026-04-11 20:50:00,527 [INFO]     DB : /media/carlos-a-cicconi/Common1/Repositorios-Ing.Carlos-Cicconi/Trabajo_Final_MCD/data/raw/consolidado/ofertas_consolidadas.db
2026-04-11 20:50:00,527 [INFO]     CSV: /media/carlos-a-cicconi/Common1/Repositorios-Ing.Carlos-Cicconi/Trabajo_Final_MCD/data/raw/consolidado/ofertas_consolidadas.csv
2026-04-11 20:50:00,527 [INFO]     Log: /media/carlos-a-cicconi/Common1/Repositorios-Ing.Carlos-Cicconi/Trabajo_Final_MCD/logs/run_scraping_20260411_113621.log
2026-04-11 20:50:00,528 [INFO] 
  Resultado por scraper:
2026-04-11 20:50:00,528 [INFO]     ✅ linkedin        | 📄CV | ofertas=1,049 | tiempo=5053s
2026-04-11 20:50:00,528 [INFO]     ✅ computrabajo    | 📄CV | ofertas=135 | tiempo=801s
2026-04-11 20:50:00,528 [INFO]     ✅ getonboard      | 📄CV | ofertas=8 | tiempo=170s
2026-04-11 20:50:00,528 [INFO]     ✅ bumeran         | 📄CV | ofertas=407 | tiempo=4144s
2026-04-11 20:50:00,528 [INFO]     ❌ zonajobs        | 📄CV | ofertas=0 | tiempo=131s | error=[Errno 2] No such file or directory: '/media/carlos-a-ciccon
2026-04-11 20:50:00,528 [INFO]     ✅ workana         | 📄CV | ofertas=36 | tiempo=1474s
2026-04-11 20:50:00,528 [INFO]     ✅ opcionempleo    | 📄CV | ofertas=1,240 | tiempo=14727s
2026-04-11 20:50:00,528 [INFO]     ✅ jobomas         | 📄CV | ofertas=3 | tiempo=295s
2026-04-11 20:50:00,528 [INFO]     ✅ jobrapido       | 📄CV | ofertas=902 | tiempo=6006s
2026-04-11 20:50:00,528 [INFO]     ✅ jobleads        | 📄CV | ofertas=14 | tiempo=411s
2026-04-11 20:50:00,528 [INFO] 
  Por fuente (consolidación):
2026-04-11 20:50:00,528 [INFO]     linkedin       : nuevas=172 | dup=1,206 | old=160
2026-04-11 20:50:00,528 [INFO]     computrabajo   : nuevas=135 | dup=298 | old=0
2026-04-11 20:50:00,528 [INFO]     getonboard     : nuevas=0 | dup=382 | old=45
2026-04-11 20:50:00,529 [INFO]     bumeran        : nuevas=2 | dup=435 | old=0
2026-04-11 20:50:00,529 [INFO]     zonajobs       : nuevas=0 | dup=39 | old=0
2026-04-11 20:50:00,529 [INFO]     workana        : nuevas=5 | dup=64 | old=0
2026-04-11 20:50:00,529 [INFO]     opcionempleo   : nuevas=0 | dup=2,172 | old=0
2026-04-11 20:50:00,529 [INFO]     jobomas        : nuevas=2 | dup=6 | old=0
2026-04-11 20:50:00,529 [INFO]     jobrapido      : nuevas=210 | dup=1,380 | old=0
2026-04-11 20:50:00,529 [INFO]     jobleads       : nuevas=11 | dup=13 | old=0
2026-04-11 20:50:00,529 [INFO]     Reporte: /media/carlos-a-cicconi/Common1/Repositorios-Ing.Carlos-Cicconi/Trabajo_Final_MCD/data/raw/consolidado/run_20260411_205000.json
2026-04-11 20:50:00,529 [INFO] =================================================================
