2026-09-14 22:39:29,899 [INFO] 
=================================================================
2026-09-14 22:39:29,899 [INFO]   ORQUESTADOR DE SCRAPING — Tesis MCD
2026-09-14 22:39:29,899 [INFO]   Alumno: Cicconi, Carlos Alberto
2026-09-14 22:39:29,899 [INFO]   Universidad Austral — Maestría en Explotación de Datos
2026-09-14 22:39:29,899 [INFO] =================================================================
2026-09-14 22:39:29,899 [INFO]   Fecha/hora inicio : 2026-09-14 22:39:29
2026-09-14 22:39:29,899 [INFO]   Ventana temporal  : 90 días
2026-09-14 22:39:29,899 [INFO]   Verificar links   : Sí (8 hilos)
2026-09-14 22:39:29,899 [INFO]   Scrapers activos  : 10
2026-09-14 22:39:29,900 [INFO]   Solo consolidar   : False
2026-09-14 22:39:29,900 [INFO]   Origen de queries : módulos (por defecto)
2026-09-14 22:39:29,900 [INFO] 
  Scrapers a ejecutar: ['linkedin', 'computrabajo', 'getonboard', 'bumeran', 'zonajobs', 'opcionempleo', 'jobrapido', 'freelancer_ar', 'randstad', 'adecco']
2026-09-14 22:39:29,900 [INFO] 
============================================================
2026-09-14 22:39:29,900 [INFO]   EJECUTANDO: linkedin (LinkedInScraper)
2026-09-14 22:39:29,900 [INFO]   Queries: definidas en el módulo
2026-09-14 22:39:29,900 [INFO] ============================================================
2026-09-14 22:39:29,986 [INFO] Base de datos lista: /media/carlos-a-cicconi/Common1/Repositorios-Ing.Carlos-Cicconi/Trabajo_Final_MCD/data/raw/db_linkedin.db
2026-09-14 22:39:29,986 [INFO] LinkedInScraper inicializado correctamente
2026-09-14 22:39:29,986 [INFO] ============================================================
2026-09-14 22:39:29,986 [INFO] INICIO DEL SCRAPING - LinkedIn Jobs
2026-09-14 22:39:29,986 [INFO] Búsquedas: 10 | Páginas por búsqueda: 5
2026-09-14 22:39:29,986 [INFO] ============================================================
2026-09-14 22:39:29,986 [INFO] 
🔍 Buscando: 'Data Scientist' en 'Argentina'
2026-09-14 22:39:29,986 [INFO]    Página 1/5 → https://www.linkedin.com/jobs-guest/jobs/api/seeMoreJobPostings/search?keywords=Data%20Scientist&location=Argentina&start=0&f_WT=2
2026-09-14 22:39:34,306 [INFO]    → 10 ofertas nuevas encontradas
2026-09-14 22:40:14,097 [INFO]    Página 2/5 → https://www.linkedin.com/jobs-guest/jobs/api/seeMoreJobPostings/search?keywords=Data%20Scientist&location=Argentina&start=25&f_WT=2
2026-09-14 22:40:19,060 [INFO]    → 10 ofertas nuevas encontradas
2026-09-14 22:41:01,612 [INFO]    Página 3/5 → https://www.linkedin.com/jobs-guest/jobs/api/seeMoreJobPostings/search?keywords=Data%20Scientist&location=Argentina&start=50&f_WT=2
2026-09-14 22:41:04,673 [INFO]    → 10 ofertas nuevas encontradas
2026-09-14 22:41:42,672 [INFO]    Página 4/5 → https://www.linkedin.com/jobs-guest/jobs/api/seeMoreJobPostings/search?keywords=Data%20Scientist&location=Argentina&start=75&f_WT=2
2026-09-14 22:41:47,433 [INFO]    → 10 ofertas nuevas encontradas
2026-09-14 22:42:33,170 [INFO]    Página 5/5 → https://www.linkedin.com/jobs-guest/jobs/api/seeMoreJobPostings/search?keywords=Data%20Scientist&location=Argentina&start=100&f_WT=2
2026-09-14 22:42:36,212 [INFO]    → 10 ofertas nuevas encontradas
2026-09-14 22:43:20,890 [INFO] Exportadas 50 ofertas a CSV: /media/carlos-a-cicconi/Common1/Repositorios-Ing.Carlos-Cicconi/Trabajo_Final_MCD/data/raw/ofertas_linkedin_20260914.csv
2026-09-14 22:43:20,891 [INFO] ✅ 'Data Scientist': 50 ofertas guardadas
2026-09-14 22:43:20,891 [INFO] 
🔍 Buscando: 'Data Analyst' en 'Argentina'
2026-09-14 22:43:20,891 [INFO]    Página 1/5 → https://www.linkedin.com/jobs-guest/jobs/api/seeMoreJobPostings/search?keywords=Data%20Analyst&location=Argentina&start=0&f_WT=2
2026-09-14 22:43:24,326 [INFO]    → 9 ofertas nuevas encontradas
2026-09-14 22:44:03,070 [INFO]    Página 2/5 → https://www.linkedin.com/jobs-guest/jobs/api/seeMoreJobPostings/search?keywords=Data%20Analyst&location=Argentina&start=25&f_WT=2
2026-09-14 22:44:06,928 [INFO]    → 9 ofertas nuevas encontradas
2026-09-14 22:44:48,785 [INFO]    Página 3/5 → https://www.linkedin.com/jobs-guest/jobs/api/seeMoreJobPostings/search?keywords=Data%20Analyst&location=Argentina&start=50&f_WT=2
2026-09-14 22:44:52,411 [INFO]    → 10 ofertas nuevas encontradas
2026-09-14 22:45:32,544 [INFO]    Página 4/5 → https://www.linkedin.com/jobs-guest/jobs/api/seeMoreJobPostings/search?keywords=Data%20Analyst&location=Argentina&start=75&f_WT=2
2026-09-14 22:45:37,983 [INFO]    → 10 ofertas nuevas encontradas
2026-09-14 22:46:16,035 [INFO]    Página 5/5 → https://www.linkedin.com/jobs-guest/jobs/api/seeMoreJobPostings/search?keywords=Data%20Analyst&location=Argentina&start=100&f_WT=2
2026-09-14 22:46:19,055 [INFO]    → 9 ofertas nuevas encontradas
2026-09-14 22:46:58,472 [INFO] Exportadas 47 ofertas a CSV: /media/carlos-a-cicconi/Common1/Repositorios-Ing.Carlos-Cicconi/Trabajo_Final_MCD/data/raw/ofertas_linkedin_20260914.csv
2026-09-14 22:46:58,473 [INFO] ✅ 'Data Analyst': 47 ofertas guardadas
2026-09-14 22:46:58,473 [INFO] 
🔍 Buscando: 'Machine Learning Engineer' en 'Argentina'
2026-09-14 22:46:58,473 [INFO]    Página 1/5 → https://www.linkedin.com/jobs-guest/jobs/api/seeMoreJobPostings/search?keywords=Machine%20Learning%20Engineer&location=Argentina&start=0&f_WT=2
2026-09-14 22:47:01,687 [INFO]    → 8 ofertas nuevas encontradas
2026-09-14 22:47:39,542 [INFO]    Página 2/5 → https://www.linkedin.com/jobs-guest/jobs/api/seeMoreJobPostings/search?keywords=Machine%20Learning%20Engineer&location=Argentina&start=25&f_WT=2
2026-09-14 22:47:43,529 [INFO]    → 9 ofertas nuevas encontradas
2026-09-14 22:48:21,693 [INFO]    Página 3/5 → https://www.linkedin.com/jobs-guest/jobs/api/seeMoreJobPostings/search?keywords=Machine%20Learning%20Engineer&location=Argentina&start=50&f_WT=2
2026-09-14 22:48:25,009 [INFO]    → 9 ofertas nuevas encontradas
2026-09-14 22:48:58,755 [INFO]    Página 4/5 → https://www.linkedin.com/jobs-guest/jobs/api/seeMoreJobPostings/search?keywords=Machine%20Learning%20Engineer&location=Argentina&start=75&f_WT=2
2026-09-14 22:49:03,583 [INFO]    → 8 ofertas nuevas encontradas
2026-09-14 22:49:33,939 [INFO]    Página 5/5 → https://www.linkedin.com/jobs-guest/jobs/api/seeMoreJobPostings/search?keywords=Machine%20Learning%20Engineer&location=Argentina&start=100&f_WT=2
2026-09-14 22:49:37,168 [INFO]    → 8 ofertas nuevas encontradas
2026-09-14 22:50:10,969 [INFO] Exportadas 42 ofertas a CSV: /media/carlos-a-cicconi/Common1/Repositorios-Ing.Carlos-Cicconi/Trabajo_Final_MCD/data/raw/ofertas_linkedin_20260914.csv
2026-09-14 22:50:10,969 [INFO] ✅ 'Machine Learning Engineer': 42 ofertas guardadas
2026-09-14 22:50:10,969 [INFO] 
🔍 Buscando: 'NLP Engineer' en 'Argentina'
2026-09-14 22:50:10,969 [INFO]    Página 1/5 → https://www.linkedin.com/jobs-guest/jobs/api/seeMoreJobPostings/search?keywords=NLP%20Engineer&location=Argentina&start=0&f_WT=2
2026-09-14 22:50:15,538 [INFO]    → 6 ofertas nuevas encontradas
2026-09-14 22:50:40,311 [INFO]    Página 2/5 → https://www.linkedin.com/jobs-guest/jobs/api/seeMoreJobPostings/search?keywords=NLP%20Engineer&location=Argentina&start=25&f_WT=2
2026-09-14 22:50:44,131 [INFO]    → 4 ofertas nuevas encontradas
2026-09-14 22:50:59,097 [INFO]    Página 3/5 → https://www.linkedin.com/jobs-guest/jobs/api/seeMoreJobPostings/search?keywords=NLP%20Engineer&location=Argentina&start=50&f_WT=2
2026-09-14 22:51:03,674 [INFO]    → 8 ofertas nuevas encontradas
2026-09-14 22:51:37,068 [INFO]    Página 4/5 → https://www.linkedin.com/jobs-guest/jobs/api/seeMoreJobPostings/search?keywords=NLP%20Engineer&location=Argentina&start=75&f_WT=2
2026-09-14 22:51:42,225 [INFO]    → 5 ofertas nuevas encontradas
2026-09-14 22:52:02,932 [INFO]    Página 5/5 → https://www.linkedin.com/jobs-guest/jobs/api/seeMoreJobPostings/search?keywords=NLP%20Engineer&location=Argentina&start=100&f_WT=2
2026-09-14 22:52:06,551 [INFO]    → 7 ofertas nuevas encontradas
2026-09-14 22:52:35,075 [INFO] Exportadas 30 ofertas a CSV: /media/carlos-a-cicconi/Common1/Repositorios-Ing.Carlos-Cicconi/Trabajo_Final_MCD/data/raw/ofertas_linkedin_20260914.csv
2026-09-14 22:52:35,076 [INFO] ✅ 'NLP Engineer': 30 ofertas guardadas
2026-09-14 22:52:35,076 [INFO] 
🔍 Buscando: 'Data Engineer' en 'Argentina'
2026-09-14 22:52:35,076 [INFO]    Página 1/5 → https://www.linkedin.com/jobs-guest/jobs/api/seeMoreJobPostings/search?keywords=Data%20Engineer&location=Argentina&start=0&f_WT=2
2026-09-14 22:52:39,693 [INFO]    → 10 ofertas nuevas encontradas
2026-09-14 22:53:19,308 [INFO]    Página 2/5 → https://www.linkedin.com/jobs-guest/jobs/api/seeMoreJobPostings/search?keywords=Data%20Engineer&location=Argentina&start=25&f_WT=2
2026-09-14 22:53:23,028 [INFO]    → 10 ofertas nuevas encontradas
2026-09-14 22:54:01,866 [INFO]    Página 3/5 → https://www.linkedin.com/jobs-guest/jobs/api/seeMoreJobPostings/search?keywords=Data%20Engineer&location=Argentina&start=50&f_WT=2
2026-09-14 22:54:07,200 [INFO]    → 10 ofertas nuevas encontradas
2026-09-14 22:54:50,279 [INFO]    Página 4/5 → https://www.linkedin.com/jobs-guest/jobs/api/seeMoreJobPostings/search?keywords=Data%20Engineer&location=Argentina&start=75&f_WT=2
2026-09-14 22:54:53,730 [INFO]    → 9 ofertas nuevas encontradas
2026-09-14 22:55:33,166 [INFO]    Página 5/5 → https://www.linkedin.com/jobs-guest/jobs/api/seeMoreJobPostings/search?keywords=Data%20Engineer&location=Argentina&start=100&f_WT=2
2026-09-14 22:55:36,570 [INFO]    → 7 ofertas nuevas encontradas
2026-09-14 22:56:03,805 [INFO] Exportadas 46 ofertas a CSV: /media/carlos-a-cicconi/Common1/Repositorios-Ing.Carlos-Cicconi/Trabajo_Final_MCD/data/raw/ofertas_linkedin_20260914.csv
2026-09-14 22:56:03,805 [INFO] ✅ 'Data Engineer': 46 ofertas guardadas
2026-09-14 22:56:03,805 [INFO] 
🔍 Buscando: 'Software Engineer' en 'Argentina'
2026-09-14 22:56:03,805 [INFO]    Página 1/5 → https://www.linkedin.com/jobs-guest/jobs/api/seeMoreJobPostings/search?keywords=Software%20Engineer&location=Argentina&start=0&f_WT=2
2026-09-14 22:56:07,899 [INFO]    → 10 ofertas nuevas encontradas
2026-09-14 22:56:51,302 [INFO]    Página 2/5 → https://www.linkedin.com/jobs-guest/jobs/api/seeMoreJobPostings/search?keywords=Software%20Engineer&location=Argentina&start=25&f_WT=2
2026-09-14 22:56:54,351 [INFO]    → 10 ofertas nuevas encontradas
2026-09-14 22:57:37,462 [INFO]    Página 3/5 → https://www.linkedin.com/jobs-guest/jobs/api/seeMoreJobPostings/search?keywords=Software%20Engineer&location=Argentina&start=50&f_WT=2
2026-09-14 22:57:40,893 [INFO]    → 9 ofertas nuevas encontradas
2026-09-14 22:58:18,001 [INFO]    Página 4/5 → https://www.linkedin.com/jobs-guest/jobs/api/seeMoreJobPostings/search?keywords=Software%20Engineer&location=Argentina&start=75&f_WT=2
2026-09-14 22:58:22,433 [INFO]    → 10 ofertas nuevas encontradas
2026-09-14 22:59:06,950 [INFO]    Página 5/5 → https://www.linkedin.com/jobs-guest/jobs/api/seeMoreJobPostings/search?keywords=Software%20Engineer&location=Argentina&start=100&f_WT=2
2026-09-14 22:59:11,214 [INFO]    → 9 ofertas nuevas encontradas
2026-09-14 22:59:49,869 [INFO] Exportadas 48 ofertas a CSV: /media/carlos-a-cicconi/Common1/Repositorios-Ing.Carlos-Cicconi/Trabajo_Final_MCD/data/raw/ofertas_linkedin_20260914.csv
2026-09-14 22:59:49,869 [INFO] ✅ 'Software Engineer': 48 ofertas guardadas
2026-09-14 22:59:49,869 [INFO] 
🔍 Buscando: 'Python Developer' en 'Argentina'
2026-09-14 22:59:49,870 [INFO]    Página 1/5 → https://www.linkedin.com/jobs-guest/jobs/api/seeMoreJobPostings/search?keywords=Python%20Developer&location=Argentina&start=0&f_WT=2
2026-09-14 22:59:55,412 [INFO]    → 8 ofertas nuevas encontradas
2026-09-14 23:00:28,349 [INFO]    Página 2/5 → https://www.linkedin.com/jobs-guest/jobs/api/seeMoreJobPostings/search?keywords=Python%20Developer&location=Argentina&start=25&f_WT=2
2026-09-14 23:00:33,584 [INFO]    → 8 ofertas nuevas encontradas
2026-09-14 23:01:06,579 [INFO]    Página 3/5 → https://www.linkedin.com/jobs-guest/jobs/api/seeMoreJobPostings/search?keywords=Python%20Developer&location=Argentina&start=50&f_WT=2
2026-09-14 23:01:11,005 [INFO]    → 8 ofertas nuevas encontradas
2026-09-14 23:01:49,780 [INFO]    Página 4/5 → https://www.linkedin.com/jobs-guest/jobs/api/seeMoreJobPostings/search?keywords=Python%20Developer&location=Argentina&start=75&f_WT=2
2026-09-14 23:01:55,217 [INFO]    → 6 ofertas nuevas encontradas
2026-09-14 23:02:18,270 [INFO]    Página 5/5 → https://www.linkedin.com/jobs-guest/jobs/api/seeMoreJobPostings/search?keywords=Python%20Developer&location=Argentina&start=100&f_WT=2
2026-09-14 23:02:23,509 [INFO]    → 5 ofertas nuevas encontradas
2026-09-14 23:02:43,843 [INFO] Exportadas 35 ofertas a CSV: /media/carlos-a-cicconi/Common1/Repositorios-Ing.Carlos-Cicconi/Trabajo_Final_MCD/data/raw/ofertas_linkedin_20260914.csv
2026-09-14 23:02:43,843 [INFO] ✅ 'Python Developer': 35 ofertas guardadas
2026-09-14 23:02:43,843 [INFO] 
🔍 Buscando: 'Desarrollador Backend' en 'Argentina'
2026-09-14 23:02:43,843 [INFO]    Página 1/5 → https://www.linkedin.com/jobs-guest/jobs/api/seeMoreJobPostings/search?keywords=Desarrollador%20Backend&location=Argentina&start=0&f_WT=2
2026-09-14 23:02:48,164 [INFO]    → 7 ofertas nuevas encontradas
2026-09-14 23:03:15,670 [INFO]    Página 2/5 → https://www.linkedin.com/jobs-guest/jobs/api/seeMoreJobPostings/search?keywords=Desarrollador%20Backend&location=Argentina&start=25&f_WT=2
2026-09-14 23:03:21,041 [INFO]    → 10 ofertas nuevas encontradas
2026-09-14 23:04:03,351 [INFO]    Página 3/5 → https://www.linkedin.com/jobs-guest/jobs/api/seeMoreJobPostings/search?keywords=Desarrollador%20Backend&location=Argentina&start=50&f_WT=2
2026-09-14 23:04:08,809 [INFO]    → 8 ofertas nuevas encontradas
2026-09-14 23:04:44,718 [INFO]    Página 4/5 → https://www.linkedin.com/jobs-guest/jobs/api/seeMoreJobPostings/search?keywords=Desarrollador%20Backend&location=Argentina&start=75&f_WT=2
2026-09-14 23:04:48,705 [INFO]    → 9 ofertas nuevas encontradas
2026-09-14 23:05:26,791 [INFO]    Página 5/5 → https://www.linkedin.com/jobs-guest/jobs/api/seeMoreJobPostings/search?keywords=Desarrollador%20Backend&location=Argentina&start=100&f_WT=2
2026-09-14 23:05:31,756 [INFO]    → 5 ofertas nuevas encontradas
2026-09-14 23:05:53,006 [INFO] Exportadas 39 ofertas a CSV: /media/carlos-a-cicconi/Common1/Repositorios-Ing.Carlos-Cicconi/Trabajo_Final_MCD/data/raw/ofertas_linkedin_20260914.csv
2026-09-14 23:05:53,006 [INFO] ✅ 'Desarrollador Backend': 39 ofertas guardadas
2026-09-14 23:05:53,007 [INFO] 
🔍 Buscando: 'Desarrollador Full Stack' en 'Argentina'
2026-09-14 23:05:53,007 [INFO]    Página 1/5 → https://www.linkedin.com/jobs-guest/jobs/api/seeMoreJobPostings/search?keywords=Desarrollador%20Full%20Stack&location=Argentina&start=0&f_WT=2
2026-09-14 23:05:56,730 [INFO]    → 7 ofertas nuevas encontradas
2026-09-14 23:06:26,999 [INFO]    Página 2/5 → https://www.linkedin.com/jobs-guest/jobs/api/seeMoreJobPostings/search?keywords=Desarrollador%20Full%20Stack&location=Argentina&start=25&f_WT=2
2026-09-14 23:06:31,635 [INFO]    → 9 ofertas nuevas encontradas
2026-09-14 23:07:08,555 [INFO]    Página 3/5 → https://www.linkedin.com/jobs-guest/jobs/api/seeMoreJobPostings/search?keywords=Desarrollador%20Full%20Stack&location=Argentina&start=50&f_WT=2
2026-09-14 23:07:12,672 [INFO]    → 8 ofertas nuevas encontradas
2026-09-14 23:07:45,199 [INFO]    Página 4/5 → https://www.linkedin.com/jobs-guest/jobs/api/seeMoreJobPostings/search?keywords=Desarrollador%20Full%20Stack&location=Argentina&start=75&f_WT=2
2026-09-14 23:07:48,911 [INFO]    → 9 ofertas nuevas encontradas
2026-09-14 23:08:27,628 [INFO]    Página 5/5 → https://www.linkedin.com/jobs-guest/jobs/api/seeMoreJobPostings/search?keywords=Desarrollador%20Full%20Stack&location=Argentina&start=100&f_WT=2
2026-09-14 23:08:32,379 [INFO]    → 9 ofertas nuevas encontradas
2026-09-14 23:09:06,601 [INFO] Exportadas 42 ofertas a CSV: /media/carlos-a-cicconi/Common1/Repositorios-Ing.Carlos-Cicconi/Trabajo_Final_MCD/data/raw/ofertas_linkedin_20260914.csv
2026-09-14 23:09:06,601 [INFO] ✅ 'Desarrollador Full Stack': 42 ofertas guardadas
2026-09-14 23:09:06,601 [INFO] 
🔍 Buscando: 'Ingeniero de Datos' en 'Argentina'
2026-09-14 23:09:06,601 [INFO]    Página 1/5 → https://www.linkedin.com/jobs-guest/jobs/api/seeMoreJobPostings/search?keywords=Ingeniero%20de%20Datos&location=Argentina&start=0&f_WT=2
2026-09-14 23:09:09,815 [INFO]    → 2 ofertas nuevas encontradas
2026-09-14 23:09:17,069 [INFO]    Página 2/5 → https://www.linkedin.com/jobs-guest/jobs/api/seeMoreJobPostings/search?keywords=Ingeniero%20de%20Datos&location=Argentina&start=25&f_WT=2
2026-09-14 23:09:20,054 [INFO]    → 6 ofertas nuevas encontradas
2026-09-14 23:09:44,609 [INFO]    Página 3/5 → https://www.linkedin.com/jobs-guest/jobs/api/seeMoreJobPostings/search?keywords=Ingeniero%20de%20Datos&location=Argentina&start=50&f_WT=2
2026-09-14 23:09:49,336 [INFO]    → 4 ofertas nuevas encontradas
2026-09-14 23:10:04,610 [INFO]    Página 4/5 → https://www.linkedin.com/jobs-guest/jobs/api/seeMoreJobPostings/search?keywords=Ingeniero%20de%20Datos&location=Argentina&start=75&f_WT=2
2026-09-14 23:10:09,486 [INFO]    → 4 ofertas nuevas encontradas
2026-09-14 23:10:25,818 [INFO]    Página 5/5 → https://www.linkedin.com/jobs-guest/jobs/api/seeMoreJobPostings/search?keywords=Ingeniero%20de%20Datos&location=Argentina&start=100&f_WT=2
2026-09-14 23:10:28,920 [INFO]    → 3 ofertas nuevas encontradas
2026-09-14 23:10:41,030 [INFO] Exportadas 19 ofertas a CSV: /media/carlos-a-cicconi/Common1/Repositorios-Ing.Carlos-Cicconi/Trabajo_Final_MCD/data/raw/ofertas_linkedin_20260914.csv
2026-09-14 23:10:41,030 [INFO] ✅ 'Ingeniero de Datos': 19 ofertas guardadas
2026-09-14 23:10:41,030 [INFO] 
============================================================
2026-09-14 23:10:41,030 [INFO] SCRAPING FINALIZADO
2026-09-14 23:10:41,030 [INFO] Total de ofertas únicas recopiladas: 398
2026-09-14 23:10:41,030 [INFO] Base de datos: /media/carlos-a-cicconi/Common1/Repositorios-Ing.Carlos-Cicconi/Trabajo_Final_MCD/data/raw/db_linkedin.db
2026-09-14 23:10:41,030 [INFO] CSV exportado: /media/carlos-a-cicconi/Common1/Repositorios-Ing.Carlos-Cicconi/Trabajo_Final_MCD/data/raw/ofertas_linkedin_20260914.csv
2026-09-14 23:10:41,030 [INFO] Log guardado:  /media/carlos-a-cicconi/Common1/Repositorios-Ing.Carlos-Cicconi/Trabajo_Final_MCD/logs/linkedin_20260914_223929.log
2026-09-14 23:10:41,030 [INFO] ============================================================
2026-09-14 23:10:41,030 [INFO] Estadísticas guardadas: /media/carlos-a-cicconi/Common1/Repositorios-Ing.Carlos-Cicconi/Trabajo_Final_MCD/data/raw/stats_linkedin_20260914_231041.json
2026-09-14 23:10:41,031 [INFO]   ✅ linkedin: 398 ofertas recopiladas
2026-09-14 23:10:41,033 [INFO] 
============================================================
2026-09-14 23:10:41,033 [INFO]   EJECUTANDO: computrabajo (ComputrabajoScraper)
2026-09-14 23:10:41,033 [INFO]   Queries: definidas en el módulo
2026-09-14 23:10:41,033 [INFO] ============================================================
2026-09-14 23:10:41,060 [INFO] Base de datos lista: /media/carlos-a-cicconi/Common1/Repositorios-Ing.Carlos-Cicconi/Trabajo_Final_MCD/data/raw/db_computrabajo.db
2026-09-14 23:10:41,060 [INFO] ComputrabajoScraper inicializado correctamente
2026-09-14 23:10:41,060 [INFO] ============================================================
2026-09-14 23:10:41,060 [INFO] INICIO DEL SCRAPING - Computrabajo Argentina
2026-09-14 23:10:41,060 [INFO] Búsquedas: 10 | Páginas por búsqueda: 5
2026-09-14 23:10:41,060 [INFO] ============================================================
2026-09-14 23:10:41,060 [INFO] 
🔍 Buscando: 'Data Scientist'
2026-09-14 23:10:41,060 [INFO]    Página 1/5 → https://www.computrabajo.com.ar/trabajo-de-data-scientist
2026-09-14 23:10:48,034 [INFO]    → 0 ofertas nuevas encontradas
2026-09-14 23:10:48,034 [INFO]    → Sin más resultados para esta búsqueda.
2026-09-14 23:10:48,034 [INFO] ✅ 'Data Scientist': 0 ofertas guardadas
2026-09-14 23:10:48,034 [INFO] 
🔍 Buscando: 'Data Analyst'
2026-09-14 23:10:48,034 [INFO]    Página 1/5 → https://www.computrabajo.com.ar/trabajo-de-data-analyst
2026-09-14 23:10:52,400 [INFO]    → 0 ofertas nuevas encontradas
2026-09-14 23:10:52,407 [INFO]    → Sin más resultados para esta búsqueda.
2026-09-14 23:10:52,407 [INFO] ✅ 'Data Analyst': 0 ofertas guardadas
2026-09-14 23:10:52,407 [INFO] 
🔍 Buscando: 'Machine Learning Engineer'
2026-09-14 23:10:52,407 [INFO]    Página 1/5 → https://www.computrabajo.com.ar/trabajo-de-machine-learning
2026-09-14 23:10:57,077 [INFO]    → 5 ofertas nuevas encontradas
2026-09-14 23:11:21,522 [INFO]    Página 2/5 → https://www.computrabajo.com.ar/trabajo-de-machine-learning?p=2
2026-09-14 23:11:26,271 [INFO]    → 0 ofertas nuevas encontradas
2026-09-14 23:11:26,271 [INFO]    → Sin más resultados para esta búsqueda.
2026-09-14 23:11:26,278 [INFO] Exportadas 5 ofertas a CSV: /media/carlos-a-cicconi/Common1/Repositorios-Ing.Carlos-Cicconi/Trabajo_Final_MCD/data/raw/ofertas_computrabajo_20260914.csv
2026-09-14 23:11:26,279 [INFO] ✅ 'Machine Learning Engineer': 5 ofertas guardadas
2026-09-14 23:11:26,279 [INFO] 
🔍 Buscando: 'NLP Engineer'
2026-09-14 23:11:26,279 [INFO]    Página 1/5 → https://www.computrabajo.com.ar/trabajo-de-nlp-engineer
2026-09-14 23:11:32,238 [INFO]    → 0 ofertas nuevas encontradas
2026-09-14 23:11:32,238 [INFO]    → Sin más resultados para esta búsqueda.
2026-09-14 23:11:32,245 [INFO] ✅ 'NLP Engineer': 0 ofertas guardadas
2026-09-14 23:11:32,245 [INFO] 
🔍 Buscando: 'Data Engineer'
2026-09-14 23:11:32,246 [INFO]    Página 1/5 → https://www.computrabajo.com.ar/trabajo-de-data-engineer
2026-09-14 23:11:37,055 [INFO]    → 8 ofertas nuevas encontradas
2026-09-14 23:12:12,244 [INFO]    Página 2/5 → https://www.computrabajo.com.ar/trabajo-de-data-engineer?p=2
2026-09-14 23:12:16,921 [INFO]    → 0 ofertas nuevas encontradas
2026-09-14 23:12:16,921 [INFO]    → Sin más resultados para esta búsqueda.
2026-09-14 23:12:16,929 [INFO] Exportadas 8 ofertas a CSV: /media/carlos-a-cicconi/Common1/Repositorios-Ing.Carlos-Cicconi/Trabajo_Final_MCD/data/raw/ofertas_computrabajo_20260914.csv
2026-09-14 23:12:16,929 [INFO] ✅ 'Data Engineer': 8 ofertas guardadas
2026-09-14 23:12:16,929 [INFO] 
🔍 Buscando: 'Software Engineer'
2026-09-14 23:12:16,929 [INFO]    Página 1/5 → https://www.computrabajo.com.ar/trabajo-de-software-engineer
2026-09-14 23:12:21,713 [INFO]    → 20 ofertas nuevas encontradas
2026-09-14 23:14:01,576 [INFO]    Página 2/5 → https://www.computrabajo.com.ar/trabajo-de-software-engineer?p=2
2026-09-14 23:14:06,170 [INFO]    → 0 ofertas nuevas encontradas
2026-09-14 23:14:06,171 [INFO]    → Sin más resultados para esta búsqueda.
2026-09-14 23:14:06,178 [INFO] Exportadas 20 ofertas a CSV: /media/carlos-a-cicconi/Common1/Repositorios-Ing.Carlos-Cicconi/Trabajo_Final_MCD/data/raw/ofertas_computrabajo_20260914.csv
2026-09-14 23:14:06,179 [INFO] ✅ 'Software Engineer': 20 ofertas guardadas
2026-09-14 23:14:06,179 [INFO] 
🔍 Buscando: 'Python Developer'
2026-09-14 23:14:06,179 [INFO]    Página 1/5 → https://www.computrabajo.com.ar/trabajo-de-python
2026-09-14 23:14:12,159 [INFO]    → 0 ofertas nuevas encontradas
2026-09-14 23:14:12,159 [INFO]    → Sin más resultados para esta búsqueda.
2026-09-14 23:14:12,159 [INFO] ✅ 'Python Developer': 0 ofertas guardadas
2026-09-14 23:14:12,159 [INFO] 
🔍 Buscando: 'Desarrollador Backend'
2026-09-14 23:14:12,159 [INFO]    Página 1/5 → https://www.computrabajo.com.ar/trabajo-de-desarrollador-backend
2026-09-14 23:14:17,662 [INFO]    → 0 ofertas nuevas encontradas
2026-09-14 23:14:17,662 [INFO]    → Sin más resultados para esta búsqueda.
2026-09-14 23:14:17,662 [INFO] ✅ 'Desarrollador Backend': 0 ofertas guardadas
2026-09-14 23:14:17,662 [INFO] 
🔍 Buscando: 'Desarrollador Full Stack'
2026-09-14 23:14:17,662 [INFO]    Página 1/5 → https://www.computrabajo.com.ar/trabajo-de-desarrollador-full-stack
2026-09-14 23:14:22,965 [INFO]    → 20 ofertas nuevas encontradas
2026-09-14 23:15:56,333 [INFO]    Página 2/5 → https://www.computrabajo.com.ar/trabajo-de-desarrollador-full-stack?p=2
2026-09-14 23:16:02,758 [INFO]    → 14 ofertas nuevas encontradas
2026-09-14 23:17:14,375 [INFO]    Página 3/5 → https://www.computrabajo.com.ar/trabajo-de-desarrollador-full-stack?p=3
2026-09-14 23:17:19,171 [INFO]    → 0 ofertas nuevas encontradas
2026-09-14 23:17:19,171 [INFO]    → Sin más resultados para esta búsqueda.
2026-09-14 23:17:19,179 [INFO] Exportadas 34 ofertas a CSV: /media/carlos-a-cicconi/Common1/Repositorios-Ing.Carlos-Cicconi/Trabajo_Final_MCD/data/raw/ofertas_computrabajo_20260914.csv
2026-09-14 23:17:19,179 [INFO] ✅ 'Desarrollador Full Stack': 34 ofertas guardadas
2026-09-14 23:17:19,180 [INFO] 
🔍 Buscando: 'Ingeniero de Datos'
2026-09-14 23:17:19,180 [INFO]    Página 1/5 → https://www.computrabajo.com.ar/trabajo-de-ingeniero-de-datos
2026-09-14 23:17:24,712 [INFO]    → 18 ofertas nuevas encontradas
2026-09-14 23:18:56,169 [INFO]    Página 2/5 → https://www.computrabajo.com.ar/trabajo-de-ingeniero-de-datos?p=2
2026-09-14 23:19:01,480 [INFO]    → 0 ofertas nuevas encontradas
2026-09-14 23:19:01,480 [INFO]    → Sin más resultados para esta búsqueda.
2026-09-14 23:19:01,487 [INFO] Exportadas 18 ofertas a CSV: /media/carlos-a-cicconi/Common1/Repositorios-Ing.Carlos-Cicconi/Trabajo_Final_MCD/data/raw/ofertas_computrabajo_20260914.csv
2026-09-14 23:19:01,487 [INFO] ✅ 'Ingeniero de Datos': 18 ofertas guardadas
2026-09-14 23:19:01,487 [INFO] 
============================================================
2026-09-14 23:19:01,487 [INFO] SCRAPING FINALIZADO - Computrabajo
2026-09-14 23:19:01,488 [INFO] Total de ofertas únicas recopiladas: 85
2026-09-14 23:19:01,488 [INFO] Base de datos : /media/carlos-a-cicconi/Common1/Repositorios-Ing.Carlos-Cicconi/Trabajo_Final_MCD/data/raw/db_computrabajo.db
2026-09-14 23:19:01,488 [INFO] CSV exportado : /media/carlos-a-cicconi/Common1/Repositorios-Ing.Carlos-Cicconi/Trabajo_Final_MCD/data/raw/ofertas_computrabajo_20260914.csv
2026-09-14 23:19:01,488 [INFO] Log guardado  : /media/carlos-a-cicconi/Common1/Repositorios-Ing.Carlos-Cicconi/Trabajo_Final_MCD/logs/computrabajo_scraper_20260914_231041.log
2026-09-14 23:19:01,488 [INFO] ============================================================
2026-09-14 23:19:01,488 [INFO] Estadísticas guardadas: /media/carlos-a-cicconi/Common1/Repositorios-Ing.Carlos-Cicconi/Trabajo_Final_MCD/data/raw/stats_computrabajo_20260914_231901.json
2026-09-14 23:19:01,488 [INFO]   ✅ computrabajo: 85 ofertas recopiladas
2026-09-14 23:19:01,490 [INFO] 
============================================================
2026-09-14 23:19:01,491 [INFO]   EJECUTANDO: getonboard (GetOnBoardScraper)
2026-09-14 23:19:01,491 [INFO]   Queries: definidas en el módulo
2026-09-14 23:19:01,491 [INFO] ============================================================
2026-09-14 23:19:01,493 [INFO] Base de datos lista: /media/carlos-a-cicconi/Common1/Repositorios-Ing.Carlos-Cicconi/Trabajo_Final_MCD/data/raw/db_getonboard.db
2026-09-14 23:19:01,493 [INFO] GetOnBoardScraper inicializado
2026-09-14 23:19:01,493 [INFO] ============================================================
2026-09-14 23:19:01,493 [INFO] INICIO DEL SCRAPING - GetOnBoard (API JSON)
2026-09-14 23:19:01,493 [INFO] Búsquedas: 10 | Páginas: 5
2026-09-14 23:19:01,493 [INFO] ============================================================
2026-09-14 23:19:01,493 [INFO] 
🔍 Buscando: 'Data Scientist'
2026-09-14 23:19:01,493 [INFO]    Página 1/5
2026-09-14 23:19:05,749 [INFO]    → 20 items recibidos
2026-09-14 23:19:05,797 [INFO]    → 20 ofertas nuevas guardadas en esta página
2026-09-14 23:19:05,798 [INFO]    Página 2/5
2026-09-14 23:19:09,419 [INFO]    → 5 items recibidos
2026-09-14 23:19:09,430 [INFO]    → 5 ofertas nuevas guardadas en esta página
2026-09-14 23:19:09,430 [INFO]    Página 3/5
2026-09-14 23:19:11,765 [INFO]    → 0 items recibidos
2026-09-14 23:19:11,765 [INFO]    → Sin más resultados.
2026-09-14 23:19:11,785 [INFO] Exportadas 25 ofertas a CSV: /media/carlos-a-cicconi/Common1/Repositorios-Ing.Carlos-Cicconi/Trabajo_Final_MCD/data/raw/ofertas_getonboard_20260914.csv
2026-09-14 23:19:11,785 [INFO] ✅ 'Data Scientist': 25 ofertas guardadas
2026-09-14 23:19:11,786 [INFO]    💤 Pausa: 5.5s
2026-09-14 23:19:17,246 [INFO] 
🔍 Buscando: 'Data Analyst'
2026-09-14 23:19:17,246 [INFO]    Página 1/5
2026-09-14 23:19:20,738 [INFO]    → 20 items recibidos
2026-09-14 23:19:20,763 [INFO]    → 17 ofertas nuevas guardadas en esta página
2026-09-14 23:19:20,763 [INFO]    Página 2/5
2026-09-14 23:19:23,961 [INFO]    → 20 items recibidos
2026-09-14 23:19:23,967 [INFO]    → 20 ofertas nuevas guardadas en esta página
2026-09-14 23:19:23,967 [INFO]    Página 3/5
2026-09-14 23:19:27,018 [INFO]    → 20 items recibidos
2026-09-14 23:19:27,052 [INFO]    → 19 ofertas nuevas guardadas en esta página
2026-09-14 23:19:27,052 [INFO]    Página 4/5
2026-09-14 23:19:29,479 [INFO]    → 20 items recibidos
2026-09-14 23:19:29,507 [INFO]    → 17 ofertas nuevas guardadas en esta página
2026-09-14 23:19:29,508 [INFO]    Página 5/5
2026-09-14 23:19:31,791 [INFO]    → 20 items recibidos
2026-09-14 23:19:31,832 [INFO]    → 14 ofertas nuevas guardadas en esta página
2026-09-14 23:19:31,868 [INFO] Exportadas 87 ofertas a CSV: /media/carlos-a-cicconi/Common1/Repositorios-Ing.Carlos-Cicconi/Trabajo_Final_MCD/data/raw/ofertas_getonboard_20260914.csv
2026-09-14 23:19:31,868 [INFO] ✅ 'Data Analyst': 87 ofertas guardadas
2026-09-14 23:19:31,868 [INFO]    💤 Pausa: 5.4s
2026-09-14 23:19:37,316 [INFO] 
🔍 Buscando: 'Machine Learning'
2026-09-14 23:19:37,317 [INFO]    Página 1/5
2026-09-14 23:19:39,575 [INFO]    → 20 items recibidos
2026-09-14 23:19:39,622 [INFO]    → 15 ofertas nuevas guardadas en esta página
2026-09-14 23:19:39,623 [INFO]    Página 2/5
2026-09-14 23:19:43,176 [INFO]    → 20 items recibidos
2026-09-14 23:19:43,193 [INFO]    → 8 ofertas nuevas guardadas en esta página
2026-09-14 23:19:43,194 [INFO]    Página 3/5
2026-09-14 23:19:46,866 [INFO]    → 20 items recibidos
2026-09-14 23:19:46,890 [INFO]    → 15 ofertas nuevas guardadas en esta página
2026-09-14 23:19:46,890 [INFO]    Página 4/5
2026-09-14 23:19:49,842 [INFO]    → 9 items recibidos
2026-09-14 23:19:49,854 [INFO]    → 6 ofertas nuevas guardadas en esta página
2026-09-14 23:19:49,854 [INFO]    Página 5/5
2026-09-14 23:19:53,316 [INFO]    → 0 items recibidos
2026-09-14 23:19:53,316 [INFO]    → Sin más resultados.
2026-09-14 23:19:53,343 [INFO] Exportadas 44 ofertas a CSV: /media/carlos-a-cicconi/Common1/Repositorios-Ing.Carlos-Cicconi/Trabajo_Final_MCD/data/raw/ofertas_getonboard_20260914.csv
2026-09-14 23:19:53,343 [INFO] ✅ 'Machine Learning': 44 ofertas guardadas
2026-09-14 23:19:53,344 [INFO]    💤 Pausa: 4.7s
2026-09-14 23:19:58,029 [INFO] 
🔍 Buscando: 'NLP'
2026-09-14 23:19:58,029 [INFO]    Página 1/5
2026-09-14 23:20:01,556 [INFO]    → 20 items recibidos
2026-09-14 23:20:01,592 [INFO]    → 14 ofertas nuevas guardadas en esta página
2026-09-14 23:20:01,592 [INFO]    Página 2/5
2026-09-14 23:20:04,152 [INFO]    → 20 items recibidos
2026-09-14 23:20:04,181 [INFO]    → 16 ofertas nuevas guardadas en esta página
2026-09-14 23:20:04,181 [INFO]    Página 3/5
2026-09-14 23:20:06,775 [INFO]    → 20 items recibidos
2026-09-14 23:20:06,801 [INFO]    → 12 ofertas nuevas guardadas en esta página
2026-09-14 23:20:06,801 [INFO]    Página 4/5
2026-09-14 23:20:10,770 [INFO]    → 20 items recibidos
2026-09-14 23:20:10,783 [INFO]    → 12 ofertas nuevas guardadas en esta página
2026-09-14 23:20:10,783 [INFO]    Página 5/5
2026-09-14 23:20:13,073 [INFO]    → 20 items recibidos
2026-09-14 23:20:13,105 [INFO]    → 12 ofertas nuevas guardadas en esta página
2026-09-14 23:20:13,136 [INFO] Exportadas 66 ofertas a CSV: /media/carlos-a-cicconi/Common1/Repositorios-Ing.Carlos-Cicconi/Trabajo_Final_MCD/data/raw/ofertas_getonboard_20260914.csv
2026-09-14 23:20:13,136 [INFO] ✅ 'NLP': 66 ofertas guardadas
2026-09-14 23:20:13,136 [INFO]    💤 Pausa: 5.7s
2026-09-14 23:20:18,858 [INFO] 
🔍 Buscando: 'Data Engineer'
2026-09-14 23:20:18,859 [INFO]    Página 1/5
2026-09-14 23:20:21,900 [INFO]    → 20 items recibidos
2026-09-14 23:20:21,916 [INFO]    → 4 ofertas nuevas guardadas en esta página
2026-09-14 23:20:21,916 [INFO]    Página 2/5
2026-09-14 23:20:25,479 [INFO]    → 20 items recibidos
2026-09-14 23:20:25,486 [INFO]    → 4 ofertas nuevas guardadas en esta página
2026-09-14 23:20:25,487 [INFO]    Página 3/5
2026-09-14 23:20:28,966 [INFO]    → 20 items recibidos
2026-09-14 23:20:28,977 [INFO]    → 5 ofertas nuevas guardadas en esta página
2026-09-14 23:20:28,977 [INFO]    Página 4/5
2026-09-14 23:20:31,844 [INFO]    → 20 items recibidos
2026-09-14 23:20:31,862 [INFO]    → 10 ofertas nuevas guardadas en esta página
2026-09-14 23:20:31,862 [INFO]    Página 5/5
2026-09-14 23:20:34,007 [INFO]    → 20 items recibidos
2026-09-14 23:20:34,036 [INFO]    → 11 ofertas nuevas guardadas en esta página
2026-09-14 23:20:34,050 [INFO] Exportadas 34 ofertas a CSV: /media/carlos-a-cicconi/Common1/Repositorios-Ing.Carlos-Cicconi/Trabajo_Final_MCD/data/raw/ofertas_getonboard_20260914.csv
2026-09-14 23:20:34,050 [INFO] ✅ 'Data Engineer': 34 ofertas guardadas
2026-09-14 23:20:34,050 [INFO]    💤 Pausa: 4.3s
2026-09-14 23:20:38,304 [INFO] 
🔍 Buscando: 'Software Engineer'
2026-09-14 23:20:38,304 [INFO]    Página 1/5
2026-09-14 23:20:41,246 [INFO]    → 20 items recibidos
2026-09-14 23:20:41,276 [INFO]    → 8 ofertas nuevas guardadas en esta página
2026-09-14 23:20:41,276 [INFO]    Página 2/5
2026-09-14 23:20:44,520 [INFO]    → 20 items recibidos
2026-09-14 23:20:44,536 [INFO]    → 9 ofertas nuevas guardadas en esta página
2026-09-14 23:20:44,536 [INFO]    Página 3/5
2026-09-14 23:20:47,675 [INFO]    → 20 items recibidos
2026-09-14 23:20:47,709 [INFO]    → 12 ofertas nuevas guardadas en esta página
2026-09-14 23:20:47,709 [INFO]    Página 4/5
2026-09-14 23:20:49,981 [INFO]    → 20 items recibidos
2026-09-14 23:20:49,988 [INFO]    → 4 ofertas nuevas guardadas en esta página
2026-09-14 23:20:49,989 [INFO]    Página 5/5
2026-09-14 23:20:53,448 [INFO]    → 20 items recibidos
2026-09-14 23:20:53,464 [INFO]    → 12 ofertas nuevas guardadas en esta página
2026-09-14 23:20:53,478 [INFO] Exportadas 45 ofertas a CSV: /media/carlos-a-cicconi/Common1/Repositorios-Ing.Carlos-Cicconi/Trabajo_Final_MCD/data/raw/ofertas_getonboard_20260914.csv
2026-09-14 23:20:53,479 [INFO] ✅ 'Software Engineer': 45 ofertas guardadas
2026-09-14 23:20:53,479 [INFO]    💤 Pausa: 7.3s
2026-09-14 23:21:00,797 [INFO] 
🔍 Buscando: 'Python'
2026-09-14 23:21:00,798 [INFO]    Página 1/5
2026-09-14 23:21:04,492 [INFO]    → 20 items recibidos
2026-09-14 23:21:04,505 [INFO]    → 7 ofertas nuevas guardadas en esta página
2026-09-14 23:21:04,505 [INFO]    Página 2/5
2026-09-14 23:21:07,591 [INFO]    → 20 items recibidos
2026-09-14 23:21:07,602 [INFO]    → 6 ofertas nuevas guardadas en esta página
2026-09-14 23:21:07,602 [INFO]    Página 3/5
2026-09-14 23:21:11,440 [INFO]    → 20 items recibidos
2026-09-14 23:21:11,457 [INFO]    → 5 ofertas nuevas guardadas en esta página
2026-09-14 23:21:11,458 [INFO]    Página 4/5
2026-09-14 23:21:14,373 [INFO]    → 20 items recibidos
2026-09-14 23:21:14,377 [INFO]    → 4 ofertas nuevas guardadas en esta página
2026-09-14 23:21:14,377 [INFO]    Página 5/5
2026-09-14 23:21:17,720 [INFO]    → 20 items recibidos
2026-09-14 23:21:17,738 [INFO]    → 5 ofertas nuevas guardadas en esta página
2026-09-14 23:21:17,753 [INFO] Exportadas 27 ofertas a CSV: /media/carlos-a-cicconi/Common1/Repositorios-Ing.Carlos-Cicconi/Trabajo_Final_MCD/data/raw/ofertas_getonboard_20260914.csv
2026-09-14 23:21:17,753 [INFO] ✅ 'Python': 27 ofertas guardadas
2026-09-14 23:21:17,754 [INFO]    💤 Pausa: 5.9s
2026-09-14 23:21:23,631 [INFO] 
🔍 Buscando: 'Backend'
2026-09-14 23:21:23,631 [INFO]    Página 1/5
2026-09-14 23:21:26,736 [INFO]    → 20 items recibidos
2026-09-14 23:21:26,751 [INFO]    → 8 ofertas nuevas guardadas en esta página
2026-09-14 23:21:26,751 [INFO]    Página 2/5
2026-09-14 23:21:29,479 [INFO]    → 20 items recibidos
2026-09-14 23:21:29,510 [INFO]    → 8 ofertas nuevas guardadas en esta página
2026-09-14 23:21:29,510 [INFO]    Página 3/5
2026-09-14 23:21:32,629 [INFO]    → 20 items recibidos
2026-09-14 23:21:32,643 [INFO]    → 6 ofertas nuevas guardadas en esta página
2026-09-14 23:21:32,643 [INFO]    Página 4/5
2026-09-14 23:21:34,834 [INFO]    → 20 items recibidos
2026-09-14 23:21:34,857 [INFO]    → 12 ofertas nuevas guardadas en esta página
2026-09-14 23:21:34,857 [INFO]    Página 5/5
2026-09-14 23:21:37,953 [INFO]    → 20 items recibidos
2026-09-14 23:21:37,959 [INFO]    → 6 ofertas nuevas guardadas en esta página
2026-09-14 23:21:37,973 [INFO] Exportadas 40 ofertas a CSV: /media/carlos-a-cicconi/Common1/Repositorios-Ing.Carlos-Cicconi/Trabajo_Final_MCD/data/raw/ofertas_getonboard_20260914.csv
2026-09-14 23:21:37,973 [INFO] ✅ 'Backend': 40 ofertas guardadas
2026-09-14 23:21:37,973 [INFO]    💤 Pausa: 4.0s
2026-09-14 23:21:41,991 [INFO] 
🔍 Buscando: 'Full Stack'
2026-09-14 23:21:41,992 [INFO]    Página 1/5
2026-09-14 23:21:44,474 [INFO]    → 20 items recibidos
2026-09-14 23:21:44,483 [INFO]    → 3 ofertas nuevas guardadas en esta página
2026-09-14 23:21:44,484 [INFO]    Página 2/5
2026-09-14 23:21:47,511 [INFO]    → 20 items recibidos
2026-09-14 23:21:47,515 [INFO]    → 1 ofertas nuevas guardadas en esta página
2026-09-14 23:21:47,516 [INFO]    Página 3/5
2026-09-14 23:21:50,992 [INFO]    → 20 items recibidos
2026-09-14 23:21:50,995 [INFO]    → 1 ofertas nuevas guardadas en esta página
2026-09-14 23:21:50,995 [INFO]    Página 4/5
2026-09-14 23:21:54,198 [INFO]    → 20 items recibidos
2026-09-14 23:21:54,207 [INFO]    → 4 ofertas nuevas guardadas en esta página
2026-09-14 23:21:54,207 [INFO]    Página 5/5
2026-09-14 23:21:56,808 [INFO]    → 20 items recibidos
2026-09-14 23:21:56,856 [INFO]    → 14 ofertas nuevas guardadas en esta página
2026-09-14 23:21:56,870 [INFO] Exportadas 23 ofertas a CSV: /media/carlos-a-cicconi/Common1/Repositorios-Ing.Carlos-Cicconi/Trabajo_Final_MCD/data/raw/ofertas_getonboard_20260914.csv
2026-09-14 23:21:56,871 [INFO] ✅ 'Full Stack': 23 ofertas guardadas
2026-09-14 23:21:56,871 [INFO]    💤 Pausa: 4.8s
2026-09-14 23:22:01,690 [INFO] 
🔍 Buscando: 'Ingeniero de Datos'
2026-09-14 23:22:01,691 [INFO]    Página 1/5
2026-09-14 23:22:05,574 [INFO]    → 20 items recibidos
2026-09-14 23:22:05,577 [INFO]    → 4 ofertas nuevas guardadas en esta página
2026-09-14 23:22:05,577 [INFO]    Página 2/5
2026-09-14 23:22:09,234 [INFO]    → 20 items recibidos
2026-09-14 23:22:09,251 [INFO]    → 14 ofertas nuevas guardadas en esta página
2026-09-14 23:22:09,251 [INFO]    Página 3/5
2026-09-14 23:22:12,651 [INFO]    → 12 items recibidos
2026-09-14 23:22:12,656 [INFO]    → 11 ofertas nuevas guardadas en esta página
2026-09-14 23:22:12,656 [INFO]    Página 4/5
2026-09-14 23:22:14,549 [INFO]    → 0 items recibidos
2026-09-14 23:22:14,549 [INFO]    → Sin más resultados.
2026-09-14 23:22:14,560 [INFO] Exportadas 29 ofertas a CSV: /media/carlos-a-cicconi/Common1/Repositorios-Ing.Carlos-Cicconi/Trabajo_Final_MCD/data/raw/ofertas_getonboard_20260914.csv
2026-09-14 23:22:14,560 [INFO] ✅ 'Ingeniero de Datos': 29 ofertas guardadas
2026-09-14 23:22:14,561 [INFO]    💤 Pausa: 4.0s
2026-09-14 23:22:18,575 [INFO] 
============================================================
2026-09-14 23:22:18,576 [INFO] SCRAPING FINALIZADO - GetOnBoard
2026-09-14 23:22:18,576 [INFO] Total ofertas únicas: 420
2026-09-14 23:22:18,576 [INFO] DB : /media/carlos-a-cicconi/Common1/Repositorios-Ing.Carlos-Cicconi/Trabajo_Final_MCD/data/raw/db_getonboard.db
2026-09-14 23:22:18,576 [INFO] CSV: /media/carlos-a-cicconi/Common1/Repositorios-Ing.Carlos-Cicconi/Trabajo_Final_MCD/data/raw/ofertas_getonboard_20260914.csv
2026-09-14 23:22:18,576 [INFO] Log: /media/carlos-a-cicconi/Common1/Repositorios-Ing.Carlos-Cicconi/Trabajo_Final_MCD/logs/getonboard_scraper_20260914_231901.log
2026-09-14 23:22:18,576 [INFO] ============================================================
2026-09-14 23:22:18,584 [INFO]   ✅ getonboard: 420 ofertas recopiladas
2026-09-14 23:22:18,584 [INFO] 
============================================================
2026-09-14 23:22:18,584 [INFO]   EJECUTANDO: bumeran (BumeranScraper)
2026-09-14 23:22:18,584 [INFO]   Queries: definidas en el módulo
2026-09-14 23:22:18,585 [INFO] ============================================================
2026-09-14 23:22:18,655 [INFO] Base de datos lista: /media/carlos-a-cicconi/Common1/Repositorios-Ing.Carlos-Cicconi/Trabajo_Final_MCD/data/raw/db_bumeran.db
2026-09-14 23:22:18,655 [INFO] BumeranScraper (Playwright) inicializado
2026-09-14 23:22:19,288 [INFO] Inicializando sesión en Bumeran...
2026-09-14 23:22:36,523 [INFO] 
🔍 Buscando: 'Data Scientist'
2026-09-14 23:22:36,523 [INFO]    Página 1/5 → https://www.bumeran.com.ar/empleos-busqueda-data-scientist.html
2026-09-14 23:22:56,151 [INFO]    → 0 ofertas encontradas
2026-09-14 23:22:56,151 [INFO]    → Sin más resultados.
2026-09-14 23:22:56,151 [INFO] ✅ 'Data Scientist': 0 ofertas guardadas
2026-09-14 23:22:56,151 [INFO]    💤 Pausa: 8.4s
2026-09-14 23:23:04,589 [INFO] 
🔍 Buscando: 'Data Analyst'
2026-09-14 23:23:04,589 [INFO]    Página 1/5 → https://www.bumeran.com.ar/empleos-busqueda-data-analyst.html
2026-09-14 23:23:25,726 [INFO]    → 5 ofertas encontradas
2026-09-14 23:24:04,571 [INFO]    Página 2/5 → https://www.bumeran.com.ar/empleos-busqueda-data-analyst.html?page=2
2026-09-14 23:24:26,268 [INFO]    → 0 ofertas encontradas
2026-09-14 23:24:26,269 [INFO]    → Sin más resultados.
2026-09-14 23:24:26,277 [INFO] Exportadas 5 ofertas → /media/carlos-a-cicconi/Common1/Repositorios-Ing.Carlos-Cicconi/Trabajo_Final_MCD/data/raw/ofertas_bumeran_20260914.csv
2026-09-14 23:24:26,278 [INFO] ✅ 'Data Analyst': 5 ofertas guardadas
2026-09-14 23:24:26,278 [INFO]    💤 Pausa: 12.4s
2026-09-14 23:24:38,668 [INFO] 
🔍 Buscando: 'Machine Learning Engineer'
2026-09-14 23:24:38,668 [INFO]    Página 1/5 → https://www.bumeran.com.ar/empleos-busqueda-machine-learning.html
2026-09-14 23:25:00,660 [INFO]    → 1 ofertas encontradas
2026-09-14 23:25:07,418 [INFO]    Página 2/5 → https://www.bumeran.com.ar/empleos-busqueda-machine-learning.html?page=2
2026-09-14 23:25:29,097 [INFO]    → 0 ofertas encontradas
2026-09-14 23:25:29,097 [INFO]    → Sin más resultados.
2026-09-14 23:25:29,105 [INFO] Exportadas 1 ofertas → /media/carlos-a-cicconi/Common1/Repositorios-Ing.Carlos-Cicconi/Trabajo_Final_MCD/data/raw/ofertas_bumeran_20260914.csv
2026-09-14 23:25:29,105 [INFO] ✅ 'Machine Learning Engineer': 1 ofertas guardadas
2026-09-14 23:25:29,106 [INFO]    💤 Pausa: 7.5s
2026-09-14 23:25:36,663 [INFO] 
🔍 Buscando: 'NLP Engineer'
2026-09-14 23:25:36,663 [INFO]    Página 1/5 → https://www.bumeran.com.ar/empleos-busqueda-nlp.html
2026-09-14 23:25:58,674 [INFO]    → 0 ofertas encontradas
2026-09-14 23:25:58,674 [INFO]    → Sin más resultados.
2026-09-14 23:25:58,674 [INFO] ✅ 'NLP Engineer': 0 ofertas guardadas
2026-09-14 23:25:58,674 [INFO]    💤 Pausa: 8.4s
2026-09-14 23:26:07,055 [INFO] 
🔍 Buscando: 'Data Engineer'
2026-09-14 23:26:07,055 [INFO]    Página 1/5 → https://www.bumeran.com.ar/empleos-busqueda-data-engineer.html
2026-09-14 23:26:27,719 [INFO]    → 6 ofertas encontradas
2026-09-14 23:27:13,524 [INFO]    Página 2/5 → https://www.bumeran.com.ar/empleos-busqueda-data-engineer.html?page=2
2026-09-14 23:27:33,273 [INFO]    → 0 ofertas encontradas
2026-09-14 23:27:33,273 [INFO]    → Sin más resultados.
2026-09-14 23:27:33,280 [INFO] Exportadas 6 ofertas → /media/carlos-a-cicconi/Common1/Repositorios-Ing.Carlos-Cicconi/Trabajo_Final_MCD/data/raw/ofertas_bumeran_20260914.csv
2026-09-14 23:27:33,280 [INFO] ✅ 'Data Engineer': 6 ofertas guardadas
2026-09-14 23:27:33,280 [INFO]    💤 Pausa: 12.3s
2026-09-14 23:27:45,589 [INFO] 
🔍 Buscando: 'Software Engineer'
2026-09-14 23:27:45,589 [INFO]    Página 1/5 → https://www.bumeran.com.ar/empleos-busqueda-software-engineer.html
2026-09-14 23:28:05,176 [INFO]    → 20 ofertas encontradas
2026-09-14 23:30:41,212 [INFO]    Página 2/5 → https://www.bumeran.com.ar/empleos-busqueda-software-engineer.html?page=2
2026-09-14 23:31:01,976 [INFO]    → 20 ofertas encontradas
2026-09-14 23:33:34,606 [INFO]    Página 3/5 → https://www.bumeran.com.ar/empleos-busqueda-software-engineer.html?page=3
2026-09-14 23:33:55,345 [INFO]    → 20 ofertas encontradas
2026-09-14 23:36:28,898 [INFO]    Página 4/5 → https://www.bumeran.com.ar/empleos-busqueda-software-engineer.html?page=4
2026-09-14 23:36:48,765 [INFO]    → 20 ofertas encontradas
2026-09-14 23:39:23,621 [INFO]    Página 5/5 → https://www.bumeran.com.ar/empleos-busqueda-software-engineer.html?page=5
2026-09-14 23:39:45,612 [INFO]    → 20 ofertas encontradas
2026-09-14 23:42:16,438 [INFO] Exportadas 100 ofertas → /media/carlos-a-cicconi/Common1/Repositorios-Ing.Carlos-Cicconi/Trabajo_Final_MCD/data/raw/ofertas_bumeran_20260914.csv
2026-09-14 23:42:16,438 [INFO] ✅ 'Software Engineer': 100 ofertas guardadas
2026-09-14 23:42:16,438 [INFO]    💤 Pausa: 8.7s
2026-09-14 23:42:25,135 [INFO] 
🔍 Buscando: 'Python Developer'
2026-09-14 23:42:25,136 [INFO]    Página 1/5 → https://www.bumeran.com.ar/empleos-busqueda-python.html
2026-09-14 23:42:45,174 [INFO]    → 4 ofertas encontradas
2026-09-14 23:43:16,804 [INFO]    Página 2/5 → https://www.bumeran.com.ar/empleos-busqueda-python.html?page=2
2026-09-14 23:43:36,505 [INFO]    → 0 ofertas encontradas
2026-09-14 23:43:36,505 [INFO]    → Sin más resultados.
2026-09-14 23:43:36,513 [INFO] Exportadas 4 ofertas → /media/carlos-a-cicconi/Common1/Repositorios-Ing.Carlos-Cicconi/Trabajo_Final_MCD/data/raw/ofertas_bumeran_20260914.csv
2026-09-14 23:43:36,513 [INFO] ✅ 'Python Developer': 4 ofertas guardadas
2026-09-14 23:43:36,513 [INFO]    💤 Pausa: 11.5s
2026-09-14 23:43:47,980 [INFO] 
🔍 Buscando: 'Desarrollador Backend'
2026-09-14 23:43:47,980 [INFO]    Página 1/5 → https://www.bumeran.com.ar/empleos-busqueda-desarrollador-backend.html
2026-09-14 23:44:09,969 [INFO]    → 0 ofertas encontradas
2026-09-14 23:44:09,969 [INFO]    → Sin más resultados.
2026-09-14 23:44:09,970 [INFO] ✅ 'Desarrollador Backend': 0 ofertas guardadas
2026-09-14 23:44:09,970 [INFO]    💤 Pausa: 12.3s
2026-09-14 23:44:22,265 [INFO] 
🔍 Buscando: 'Desarrollador Full Stack'
2026-09-14 23:44:22,266 [INFO]    Página 1/5 → https://www.bumeran.com.ar/empleos-busqueda-desarrollador-full-stack.html
2026-09-14 23:44:42,818 [INFO]    → 1 ofertas encontradas
2026-09-14 23:44:49,961 [INFO]    Página 2/5 → https://www.bumeran.com.ar/empleos-busqueda-desarrollador-full-stack.html?page=2
2026-09-14 23:45:12,400 [INFO]    → 0 ofertas encontradas
2026-09-14 23:45:12,401 [INFO]    → Sin más resultados.
2026-09-14 23:45:12,402 [INFO] Exportadas 1 ofertas → /media/carlos-a-cicconi/Common1/Repositorios-Ing.Carlos-Cicconi/Trabajo_Final_MCD/data/raw/ofertas_bumeran_20260914.csv
2026-09-14 23:45:12,403 [INFO] ✅ 'Desarrollador Full Stack': 1 ofertas guardadas
2026-09-14 23:45:12,403 [INFO]    💤 Pausa: 10.2s
2026-09-14 23:45:22,619 [INFO] 
🔍 Buscando: 'Ingeniero de Datos'
2026-09-14 23:45:22,620 [INFO]    Página 1/5 → https://www.bumeran.com.ar/empleos-busqueda-ingeniero-de-datos.html
2026-09-14 23:45:45,067 [INFO]    → 0 ofertas encontradas
2026-09-14 23:45:45,067 [INFO]    → Sin más resultados.
2026-09-14 23:45:45,067 [INFO] ✅ 'Ingeniero de Datos': 0 ofertas guardadas
2026-09-14 23:45:45,067 [INFO]    💤 Pausa: 12.8s
2026-09-14 23:45:58,007 [INFO] 
============================================================
2026-09-14 23:45:58,007 [INFO] SCRAPING FINALIZADO - Bumeran Argentina
2026-09-14 23:45:58,007 [INFO] Total ofertas únicas: 117
2026-09-14 23:45:58,007 [INFO] DB : /media/carlos-a-cicconi/Common1/Repositorios-Ing.Carlos-Cicconi/Trabajo_Final_MCD/data/raw/db_bumeran.db
2026-09-14 23:45:58,007 [INFO] CSV: /media/carlos-a-cicconi/Common1/Repositorios-Ing.Carlos-Cicconi/Trabajo_Final_MCD/data/raw/ofertas_bumeran_20260914.csv
2026-09-14 23:45:58,007 [INFO] Log: /media/carlos-a-cicconi/Common1/Repositorios-Ing.Carlos-Cicconi/Trabajo_Final_MCD/logs/bumeran_scraper_20260914_232218.log
2026-09-14 23:45:58,009 [INFO] ============================================================
2026-09-14 23:45:58,009 [INFO]   ✅ bumeran: 117 ofertas recopiladas
2026-09-14 23:45:58,009 [INFO] 
============================================================
2026-09-14 23:45:58,009 [INFO]   EJECUTANDO: zonajobs (ZonaJobsScraper)
2026-09-14 23:45:58,009 [INFO]   Queries: definidas en el módulo
2026-09-14 23:45:58,009 [INFO] ============================================================
2026-09-14 23:45:58,012 [INFO] Base de datos lista: /media/carlos-a-cicconi/Common1/Repositorios-Ing.Carlos-Cicconi/Trabajo_Final_MCD/data/raw/db_zonajobs.db
2026-09-14 23:45:58,012 [INFO] ZonaJobsScraper (Playwright) inicializado
2026-09-14 23:45:58,580 [INFO] Inicializando sesión en ZonaJobs...
2026-09-14 23:46:15,675 [INFO] 
🔍 Buscando: 'Data Scientist'
2026-09-14 23:46:15,676 [INFO]    Página 1/5 → https://www.zonajobs.com.ar/empleos-busqueda-data-scientist.html
2026-09-14 23:46:37,949 [WARNING]    ⚠️  Sin ofertas. HTML guardado: zonajobs_rendered_Data_Scientist.html
2026-09-14 23:46:37,949 [INFO]    → 0 ofertas encontradas
2026-09-14 23:46:37,950 [INFO]    → Sin más resultados.
2026-09-14 23:46:37,950 [INFO] ✅ 'Data Scientist': 0 ofertas guardadas
2026-09-14 23:46:37,950 [INFO]    💤 Pausa: 10.3s
2026-09-14 23:46:48,303 [INFO] 
🔍 Buscando: 'Data Analyst'
2026-09-14 23:46:48,303 [INFO]    Página 1/5 → https://www.zonajobs.com.ar/empleos-busqueda-data-analyst.html
2026-09-14 23:47:08,289 [INFO]    → 5 ofertas encontradas
2026-09-14 23:47:49,180 [INFO]    Página 2/5 → https://www.zonajobs.com.ar/empleos-busqueda-data-analyst.html?page=2
2026-09-14 23:48:11,803 [WARNING]    ⚠️  Sin ofertas. HTML guardado: zonajobs_rendered_Data_Analyst.html
2026-09-14 23:48:11,804 [INFO]    → 0 ofertas encontradas
2026-09-14 23:48:11,804 [INFO]    → Sin más resultados.
2026-09-14 23:48:11,804 [INFO] Exportadas 5 ofertas → /media/carlos-a-cicconi/Common1/Repositorios-Ing.Carlos-Cicconi/Trabajo_Final_MCD/data/raw/ofertas_zonajobs_20260914.csv
2026-09-14 23:48:11,804 [INFO] ✅ 'Data Analyst': 5 ofertas guardadas
2026-09-14 23:48:11,804 [INFO]    💤 Pausa: 7.3s
2026-09-14 23:48:19,066 [INFO] 
🔍 Buscando: 'Machine Learning Engineer'
2026-09-14 23:48:19,066 [INFO]    Página 1/5 → https://www.zonajobs.com.ar/empleos-busqueda-machine-learning.html
2026-09-14 23:48:40,689 [INFO]    → 1 ofertas encontradas
2026-09-14 23:48:48,052 [INFO]    Página 2/5 → https://www.zonajobs.com.ar/empleos-busqueda-machine-learning.html?page=2
2026-09-14 23:49:08,919 [WARNING]    ⚠️  Sin ofertas. HTML guardado: zonajobs_rendered_Machine_Learning_Engineer.html
2026-09-14 23:49:08,919 [INFO]    → 0 ofertas encontradas
2026-09-14 23:49:08,920 [INFO]    → Sin más resultados.
2026-09-14 23:49:08,920 [INFO] Exportadas 1 ofertas → /media/carlos-a-cicconi/Common1/Repositorios-Ing.Carlos-Cicconi/Trabajo_Final_MCD/data/raw/ofertas_zonajobs_20260914.csv
2026-09-14 23:49:08,920 [INFO] ✅ 'Machine Learning Engineer': 1 ofertas guardadas
2026-09-14 23:49:08,920 [INFO]    💤 Pausa: 8.6s
2026-09-14 23:49:17,515 [INFO] 
🔍 Buscando: 'NLP Engineer'
2026-09-14 23:49:17,515 [INFO]    Página 1/5 → https://www.zonajobs.com.ar/empleos-busqueda-nlp.html
2026-09-14 23:49:38,946 [WARNING]    ⚠️  Sin ofertas. HTML guardado: zonajobs_rendered_NLP_Engineer.html
2026-09-14 23:49:38,946 [INFO]    → 0 ofertas encontradas
2026-09-14 23:49:38,946 [INFO]    → Sin más resultados.
2026-09-14 23:49:38,947 [INFO] ✅ 'NLP Engineer': 0 ofertas guardadas
2026-09-14 23:49:38,947 [INFO]    💤 Pausa: 9.6s
2026-09-14 23:49:48,592 [INFO] 
🔍 Buscando: 'Data Engineer'
2026-09-14 23:49:48,593 [INFO]    Página 1/5 → https://www.zonajobs.com.ar/empleos-busqueda-data-engineer.html
2026-09-14 23:50:08,116 [INFO]    → 6 ofertas encontradas
2026-09-14 23:50:54,232 [INFO]    Página 2/5 → https://www.zonajobs.com.ar/empleos-busqueda-data-engineer.html?page=2
2026-09-14 23:51:16,664 [WARNING]    ⚠️  Sin ofertas. HTML guardado: zonajobs_rendered_Data_Engineer.html
2026-09-14 23:51:16,664 [INFO]    → 0 ofertas encontradas
2026-09-14 23:51:16,664 [INFO]    → Sin más resultados.
2026-09-14 23:51:16,665 [INFO] Exportadas 6 ofertas → /media/carlos-a-cicconi/Common1/Repositorios-Ing.Carlos-Cicconi/Trabajo_Final_MCD/data/raw/ofertas_zonajobs_20260914.csv
2026-09-14 23:51:16,665 [INFO] ✅ 'Data Engineer': 6 ofertas guardadas
2026-09-14 23:51:16,665 [INFO]    💤 Pausa: 8.4s
2026-09-14 23:51:25,039 [INFO] 
🔍 Buscando: 'Software Engineer'
2026-09-14 23:51:25,039 [INFO]    Página 1/5 → https://www.zonajobs.com.ar/empleos-busqueda-software-engineer.html
2026-09-14 23:51:46,032 [INFO]    → 20 ofertas encontradas
2026-09-14 23:54:17,242 [INFO]    Página 2/5 → https://www.zonajobs.com.ar/empleos-busqueda-software-engineer.html?page=2
2026-09-14 23:54:37,224 [INFO]    → 20 ofertas encontradas
2026-09-14 23:57:09,237 [INFO]    Página 3/5 → https://www.zonajobs.com.ar/empleos-busqueda-software-engineer.html?page=3
2026-09-14 23:57:30,314 [INFO]    → 20 ofertas encontradas
2026-09-15 00:00:06,249 [INFO]    Página 4/5 → https://www.zonajobs.com.ar/empleos-busqueda-software-engineer.html?page=4
2026-09-15 00:00:29,518 [INFO]    → 20 ofertas encontradas
2026-09-15 00:03:04,043 [INFO]    Página 5/5 → https://www.zonajobs.com.ar/empleos-busqueda-software-engineer.html?page=5
2026-09-15 00:03:24,966 [INFO]    → 20 ofertas encontradas
2026-09-15 00:05:57,703 [INFO] Exportadas 100 ofertas → /media/carlos-a-cicconi/Common1/Repositorios-Ing.Carlos-Cicconi/Trabajo_Final_MCD/data/raw/ofertas_zonajobs_20260914.csv
2026-09-15 00:05:57,704 [INFO] ✅ 'Software Engineer': 100 ofertas guardadas
2026-09-15 00:05:57,704 [INFO]    💤 Pausa: 9.0s
2026-09-15 00:06:06,727 [INFO] 
🔍 Buscando: 'Python Developer'
2026-09-15 00:06:06,728 [INFO]    Página 1/5 → https://www.zonajobs.com.ar/empleos-busqueda-python.html
2026-09-15 00:06:29,568 [INFO]    → 3 ofertas encontradas
2026-09-15 00:06:54,617 [INFO]    Página 2/5 → https://www.zonajobs.com.ar/empleos-busqueda-python.html?page=2
2026-09-15 00:07:16,682 [WARNING]    ⚠️  Sin ofertas. HTML guardado: zonajobs_rendered_Python_Developer.html
2026-09-15 00:07:16,682 [INFO]    → 0 ofertas encontradas
2026-09-15 00:07:16,683 [INFO]    → Sin más resultados.
2026-09-15 00:07:16,683 [INFO] Exportadas 3 ofertas → /media/carlos-a-cicconi/Common1/Repositorios-Ing.Carlos-Cicconi/Trabajo_Final_MCD/data/raw/ofertas_zonajobs_20260914.csv
2026-09-15 00:07:16,683 [INFO] ✅ 'Python Developer': 3 ofertas guardadas
2026-09-15 00:07:16,683 [INFO]    💤 Pausa: 8.8s
2026-09-15 00:07:25,520 [INFO] 
🔍 Buscando: 'Desarrollador Backend'
2026-09-15 00:07:25,520 [INFO]    Página 1/5 → https://www.zonajobs.com.ar/empleos-busqueda-desarrollador-backend.html
2026-09-15 00:07:47,456 [WARNING]    ⚠️  Sin ofertas. HTML guardado: zonajobs_rendered_Desarrollador_Backend.html
2026-09-15 00:07:47,456 [INFO]    → 0 ofertas encontradas
2026-09-15 00:07:47,457 [INFO]    → Sin más resultados.
2026-09-15 00:07:47,457 [INFO] ✅ 'Desarrollador Backend': 0 ofertas guardadas
2026-09-15 00:07:47,457 [INFO]    💤 Pausa: 7.5s
2026-09-15 00:07:54,987 [INFO] 
🔍 Buscando: 'Desarrollador Full Stack'
2026-09-15 00:07:54,988 [INFO]    Página 1/5 → https://www.zonajobs.com.ar/empleos-busqueda-desarrollador-full-stack.html
2026-09-15 00:08:15,413 [WARNING]    ⚠️  Sin ofertas. HTML guardado: zonajobs_rendered_Desarrollador_Full_Stack.html
2026-09-15 00:08:15,413 [INFO]    → 0 ofertas encontradas
2026-09-15 00:08:15,413 [INFO]    → Sin más resultados.
2026-09-15 00:08:15,413 [INFO] ✅ 'Desarrollador Full Stack': 0 ofertas guardadas
2026-09-15 00:08:15,413 [INFO]    💤 Pausa: 9.2s
2026-09-15 00:08:24,605 [INFO] 
🔍 Buscando: 'Ingeniero de Datos'
2026-09-15 00:08:24,605 [INFO]    Página 1/5 → https://www.zonajobs.com.ar/empleos-busqueda-ingeniero-de-datos.html
2026-09-15 00:08:45,809 [WARNING]    ⚠️  Sin ofertas. HTML guardado: zonajobs_rendered_Ingeniero_de_Datos.html
2026-09-15 00:08:45,809 [INFO]    → 0 ofertas encontradas
2026-09-15 00:08:45,809 [INFO]    → Sin más resultados.
2026-09-15 00:08:45,809 [INFO] ✅ 'Ingeniero de Datos': 0 ofertas guardadas
2026-09-15 00:08:45,809 [INFO]    💤 Pausa: 7.2s
2026-09-15 00:08:53,150 [INFO] 
============================================================
2026-09-15 00:08:53,150 [INFO] SCRAPING FINALIZADO - ZonaJobs Argentina
2026-09-15 00:08:53,150 [INFO] Total ofertas únicas: 115
2026-09-15 00:08:53,151 [INFO] DB : /media/carlos-a-cicconi/Common1/Repositorios-Ing.Carlos-Cicconi/Trabajo_Final_MCD/data/raw/db_zonajobs.db
2026-09-15 00:08:53,151 [INFO] CSV: /media/carlos-a-cicconi/Common1/Repositorios-Ing.Carlos-Cicconi/Trabajo_Final_MCD/data/raw/ofertas_zonajobs_20260914.csv
2026-09-15 00:08:53,151 [INFO] Log: /media/carlos-a-cicconi/Common1/Repositorios-Ing.Carlos-Cicconi/Trabajo_Final_MCD/logs/zonajobs_scraper_20260914_234558.log
2026-09-15 00:08:53,151 [INFO] ============================================================
2026-09-15 00:08:53,153 [INFO]   ✅ zonajobs: 115 ofertas recopiladas
2026-09-15 00:08:53,153 [INFO] 
============================================================
2026-09-15 00:08:53,154 [INFO]   EJECUTANDO: opcionempleo (OpcionempleoScraper)
2026-09-15 00:08:53,154 [INFO]   Queries: definidas en el módulo
2026-09-15 00:08:53,154 [INFO] ============================================================
2026-09-15 00:08:53,156 [INFO] Base de datos lista: /media/carlos-a-cicconi/Common1/Repositorios-Ing.Carlos-Cicconi/Trabajo_Final_MCD/data/raw/db_opcionempleo.db
2026-09-15 00:08:53,156 [INFO] OpcionempleoScraper (Playwright) inicializado
2026-09-15 00:08:54,184 [INFO] Inicializando sesión en OpcionEmpleo...
2026-09-15 00:08:54,184 [INFO] (Puede tardar hasta 20s mientras se resuelve el Turnstile)
2026-09-15 00:08:58,114 [INFO]    ⏳ Turnstile detectado — esperando resolución automática...
2026-09-15 00:08:58,194 [INFO]    ✅ Turnstile resuelto
2026-09-15 00:09:03,632 [INFO] 
🔍 Buscando: 'Data Scientist'
2026-09-15 00:09:03,632 [INFO]    Página 1/5 → https://www.opcionempleo.com.ar/trabajo-data-scientist.html
2026-09-15 00:09:12,696 [INFO]    ⏳ Turnstile detectado — esperando resolución automática...
2026-09-15 00:09:12,727 [INFO]    ✅ Turnstile resuelto
2026-09-15 00:09:16,452 [INFO]    → 20 ofertas encontradas
2026-09-15 00:09:22,570 [INFO]    ⏳ Turnstile detectado — esperando resolución automática...
2026-09-15 00:09:22,591 [INFO]    ✅ Turnstile resuelto
2026-09-15 00:09:33,567 [INFO]    ⏳ Turnstile detectado — esperando resolución automática...
2026-09-15 00:09:33,604 [INFO]    ✅ Turnstile resuelto
2026-09-15 00:09:43,621 [INFO]    ⏳ Turnstile detectado — esperando resolución automática...
2026-09-15 00:09:43,653 [INFO]    ✅ Turnstile resuelto
2026-09-15 00:09:55,041 [INFO]    ⏳ Turnstile detectado — esperando resolución automática...
2026-09-15 00:09:55,064 [INFO]    ✅ Turnstile resuelto
2026-09-15 00:10:06,504 [INFO]    ⏳ Turnstile detectado — esperando resolución automática...
2026-09-15 00:10:06,526 [INFO]    ✅ Turnstile resuelto
2026-09-15 00:10:17,195 [INFO]    ⏳ Turnstile detectado — esperando resolución automática...
2026-09-15 00:10:17,218 [INFO]    ✅ Turnstile resuelto
2026-09-15 00:10:27,010 [INFO]    ⏳ Turnstile detectado — esperando resolución automática...
2026-09-15 00:10:27,035 [INFO]    ✅ Turnstile resuelto
2026-09-15 00:10:38,024 [INFO]    ⏳ Turnstile detectado — esperando resolución automática...
2026-09-15 00:10:38,046 [INFO]    ✅ Turnstile resuelto
2026-09-15 00:10:49,024 [INFO]    ⏳ Turnstile detectado — esperando resolución automática...
2026-09-15 00:10:49,045 [INFO]    ✅ Turnstile resuelto
2026-09-15 00:11:00,739 [INFO]    ⏳ Turnstile detectado — esperando resolución automática...
2026-09-15 00:11:00,761 [INFO]    ✅ Turnstile resuelto
2026-09-15 00:11:11,792 [INFO]    ⏳ Turnstile detectado — esperando resolución automática...
2026-09-15 00:11:11,813 [INFO]    ✅ Turnstile resuelto
2026-09-15 00:11:22,566 [INFO]    ⏳ Turnstile detectado — esperando resolución automática...
2026-09-15 00:11:22,599 [INFO]    ✅ Turnstile resuelto
2026-09-15 00:11:33,485 [INFO]    ⏳ Turnstile detectado — esperando resolución automática...
2026-09-15 00:11:33,508 [INFO]    ✅ Turnstile resuelto
2026-09-15 00:11:43,588 [INFO]    ⏳ Turnstile detectado — esperando resolución automática...
2026-09-15 00:11:43,610 [INFO]    ✅ Turnstile resuelto
2026-09-15 00:11:54,899 [INFO]    ⏳ Turnstile detectado — esperando resolución automática...
2026-09-15 00:11:54,921 [INFO]    ✅ Turnstile resuelto
2026-09-15 00:12:06,599 [INFO]    ⏳ Turnstile detectado — esperando resolución automática...
2026-09-15 00:12:06,643 [INFO]    ✅ Turnstile resuelto
2026-09-15 00:12:17,075 [INFO]    ⏳ Turnstile detectado — esperando resolución automática...
2026-09-15 00:12:17,105 [INFO]    ✅ Turnstile resuelto
2026-09-15 00:12:27,216 [INFO]    ⏳ Turnstile detectado — esperando resolución automática...
2026-09-15 00:12:27,239 [INFO]    ✅ Turnstile resuelto
2026-09-15 00:12:37,454 [INFO]    ⏳ Turnstile detectado — esperando resolución automática...
2026-09-15 00:12:37,477 [INFO]    ✅ Turnstile resuelto
2026-09-15 00:12:48,622 [INFO]    ⏳ Turnstile detectado — esperando resolución automática...
2026-09-15 00:12:48,672 [INFO]    ✅ Turnstile resuelto
2026-09-15 00:12:51,999 [INFO]    Página 2/5 → https://www.opcionempleo.com.ar/trabajo-data-scientist.html?p=2
2026-09-15 00:12:59,553 [INFO]    ⏳ Turnstile detectado — esperando resolución automática...
2026-09-15 00:12:59,583 [INFO]    ✅ Turnstile resuelto
2026-09-15 00:13:03,930 [INFO]    → 20 ofertas encontradas
2026-09-15 00:13:11,646 [INFO]    ⏳ Turnstile detectado — esperando resolución automática...
2026-09-15 00:13:11,672 [INFO]    ✅ Turnstile resuelto
2026-09-15 00:13:24,000 [INFO]    ⏳ Turnstile detectado — esperando resolución automática...
2026-09-15 00:13:24,026 [INFO]    ✅ Turnstile resuelto
2026-09-15 00:13:34,609 [INFO]    ⏳ Turnstile detectado — esperando resolución automática...
2026-09-15 00:13:34,649 [INFO]    ✅ Turnstile resuelto
2026-09-15 00:13:45,443 [INFO]    ⏳ Turnstile detectado — esperando resolución automática...
2026-09-15 00:13:45,466 [INFO]    ✅ Turnstile resuelto
2026-09-15 00:13:56,212 [INFO]    ⏳ Turnstile detectado — esperando resolución automática...
2026-09-15 00:13:56,237 [INFO]    ✅ Turnstile resuelto
2026-09-15 00:14:07,377 [INFO]    ⏳ Turnstile detectado — esperando resolución automática...
2026-09-15 00:14:07,404 [INFO]    ✅ Turnstile resuelto
2026-09-15 00:14:18,891 [INFO]    ⏳ Turnstile detectado — esperando resolución automática...
2026-09-15 00:14:18,917 [INFO]    ✅ Turnstile resuelto
2026-09-15 00:14:30,428 [INFO]    ⏳ Turnstile detectado — esperando resolución automática...
2026-09-15 00:14:30,463 [INFO]    ✅ Turnstile resuelto
2026-09-15 00:14:40,481 [INFO]    ⏳ Turnstile detectado — esperando resolución automática...
2026-09-15 00:14:40,522 [INFO]    ✅ Turnstile resuelto
2026-09-15 00:14:51,537 [INFO]    ⏳ Turnstile detectado — esperando resolución automática...
2026-09-15 00:14:51,565 [INFO]    ✅ Turnstile resuelto
2026-09-15 00:15:01,012 [INFO]    ⏳ Turnstile detectado — esperando resolución automática...
2026-09-15 00:15:01,035 [INFO]    ✅ Turnstile resuelto
2026-09-15 00:15:12,996 [INFO]    ⏳ Turnstile detectado — esperando resolución automática...
2026-09-15 00:15:13,020 [INFO]    ✅ Turnstile resuelto
2026-09-15 00:15:25,398 [INFO]    ⏳ Turnstile detectado — esperando resolución automática...
2026-09-15 00:15:25,430 [INFO]    ✅ Turnstile resuelto
2026-09-15 00:15:37,063 [INFO]    ⏳ Turnstile detectado — esperando resolución automática...
2026-09-15 00:15:37,089 [INFO]    ✅ Turnstile resuelto
2026-09-15 00:15:47,501 [INFO]    ⏳ Turnstile detectado — esperando resolución automática...
2026-09-15 00:15:47,531 [INFO]    ✅ Turnstile resuelto
2026-09-15 00:15:57,444 [INFO]    ⏳ Turnstile detectado — esperando resolución automática...
2026-09-15 00:15:57,470 [INFO]    ✅ Turnstile resuelto
2026-09-15 00:16:08,785 [INFO]    ⏳ Turnstile detectado — esperando resolución automática...
2026-09-15 00:16:08,813 [INFO]    ✅ Turnstile resuelto
2026-09-15 00:16:21,280 [INFO]    ⏳ Turnstile detectado — esperando resolución automática...
2026-09-15 00:16:21,304 [INFO]    ✅ Turnstile resuelto
2026-09-15 00:16:32,271 [INFO]    ⏳ Turnstile detectado — esperando resolución automática...
2026-09-15 00:16:32,295 [INFO]    ✅ Turnstile resuelto
2026-09-15 00:16:43,155 [INFO]    ⏳ Turnstile detectado — esperando resolución automática...
2026-09-15 00:16:43,178 [INFO]    ✅ Turnstile resuelto
2026-09-15 00:16:47,072 [INFO]    Página 3/5 → https://www.opcionempleo.com.ar/trabajo-data-scientist.html?p=3
2026-09-15 00:16:56,808 [INFO]    ⏳ Turnstile detectado — esperando resolución automática...
2026-09-15 00:16:56,833 [INFO]    ✅ Turnstile resuelto
2026-09-15 00:17:00,626 [INFO]    → 20 ofertas encontradas
2026-09-15 00:17:08,277 [INFO]    ⏳ Turnstile detectado — esperando resolución automática...
2026-09-15 00:17:08,301 [INFO]    ✅ Turnstile resuelto
2026-09-15 00:17:17,734 [INFO]    ⏳ Turnstile detectado — esperando resolución automática...
2026-09-15 00:17:17,761 [INFO]    ✅ Turnstile resuelto
2026-09-15 00:17:29,904 [INFO]    ⏳ Turnstile detectado — esperando resolución automática...
2026-09-15 00:17:29,928 [INFO]    ✅ Turnstile resuelto
2026-09-15 00:17:40,945 [INFO]    ⏳ Turnstile detectado — esperando resolución automática...
2026-09-15 00:17:40,974 [INFO]    ✅ Turnstile resuelto
2026-09-15 00:17:53,249 [INFO]    ⏳ Turnstile detectado — esperando resolución automática...
2026-09-15 00:17:53,273 [INFO]    ✅ Turnstile resuelto
2026-09-15 00:18:04,907 [INFO]    ⏳ Turnstile detectado — esperando resolución automática...
2026-09-15 00:18:04,934 [INFO]    ✅ Turnstile resuelto
2026-09-15 00:18:16,260 [INFO]    ⏳ Turnstile detectado — esperando resolución automática...
2026-09-15 00:18:16,300 [INFO]    ✅ Turnstile resuelto
2026-09-15 00:18:27,526 [INFO]    ⏳ Turnstile detectado — esperando resolución automática...
2026-09-15 00:18:27,564 [INFO]    ✅ Turnstile resuelto
2026-09-15 00:18:39,786 [INFO]    ⏳ Turnstile detectado — esperando resolución automática...
2026-09-15 00:18:39,813 [INFO]    ✅ Turnstile resuelto
2026-09-15 00:18:51,659 [INFO]    ⏳ Turnstile detectado — esperando resolución automática...
2026-09-15 00:18:51,683 [INFO]    ✅ Turnstile resuelto
2026-09-15 00:19:01,112 [INFO]    ⏳ Turnstile detectado — esperando resolución automática...
2026-09-15 00:19:01,134 [INFO]    ✅ Turnstile resuelto
2026-09-15 00:19:11,348 [INFO]    ⏳ Turnstile detectado — esperando resolución automática...
2026-09-15 00:19:11,391 [INFO]    ✅ Turnstile resuelto
2026-09-15 00:19:23,779 [INFO]    ⏳ Turnstile detectado — esperando resolución automática...
2026-09-15 00:19:23,802 [INFO]    ✅ Turnstile resuelto
2026-09-15 00:19:34,700 [INFO]    ⏳ Turnstile detectado — esperando resolución automática...
2026-09-15 00:19:34,727 [INFO]    ✅ Turnstile resuelto
2026-09-15 00:19:45,067 [INFO]    ⏳ Turnstile detectado — esperando resolución automática...
2026-09-15 00:19:45,089 [INFO]    ✅ Turnstile resuelto
2026-09-15 00:19:55,844 [INFO]    ⏳ Turnstile detectado — esperando resolución automática...
2026-09-15 00:19:55,881 [INFO]    ✅ Turnstile resuelto
2026-09-15 00:20:06,028 [INFO]    ⏳ Turnstile detectado — esperando resolución automática...
2026-09-15 00:20:06,056 [INFO]    ✅ Turnstile resuelto
2026-09-15 00:20:15,863 [INFO]    ⏳ Turnstile detectado — esperando resolución automática...
2026-09-15 00:20:15,894 [INFO]    ✅ Turnstile resuelto
2026-09-15 00:20:28,003 [INFO]    ⏳ Turnstile detectado — esperando resolución automática...
2026-09-15 00:20:28,025 [INFO]    ✅ Turnstile resuelto
2026-09-15 00:20:38,435 [INFO]    ⏳ Turnstile detectado — esperando resolución automática...
2026-09-15 00:20:38,481 [INFO]    ✅ Turnstile resuelto
2026-09-15 00:20:42,556 [INFO]    Página 4/5 → https://www.opcionempleo.com.ar/trabajo-data-scientist.html?p=4
2026-09-15 00:20:51,451 [INFO]    ⏳ Turnstile detectado — esperando resolución automática...
2026-09-15 00:20:51,476 [INFO]    ✅ Turnstile resuelto
2026-09-15 00:20:55,411 [INFO]    → 20 ofertas encontradas
2026-09-15 00:21:03,207 [INFO]    ⏳ Turnstile detectado — esperando resolución automática...
2026-09-15 00:21:03,228 [INFO]    ✅ Turnstile resuelto
2026-09-15 00:21:13,685 [INFO]    ⏳ Turnstile detectado — esperando resolución automática...
2026-09-15 00:21:13,707 [INFO]    ✅ Turnstile resuelto
2026-09-15 00:21:25,376 [INFO]    ⏳ Turnstile detectado — esperando resolución automática...
2026-09-15 00:21:25,400 [INFO]    ✅ Turnstile resuelto
2026-09-15 00:21:36,762 [INFO]    ⏳ Turnstile detectado — esperando resolución automática...
2026-09-15 00:21:36,785 [INFO]    ✅ Turnstile resuelto
2026-09-15 00:21:48,088 [INFO]    ⏳ Turnstile detectado — esperando resolución automática...
2026-09-15 00:21:48,113 [INFO]    ✅ Turnstile resuelto
2026-09-15 00:21:58,355 [INFO]    ⏳ Turnstile detectado — esperando resolución automática...
2026-09-15 00:21:58,382 [INFO]    ✅ Turnstile resuelto
2026-09-15 00:22:09,245 [INFO]    ⏳ Turnstile detectado — esperando resolución automática...
2026-09-15 00:22:09,266 [INFO]    ✅ Turnstile resuelto
2026-09-15 00:22:19,798 [INFO]    ⏳ Turnstile detectado — esperando resolución automática...
2026-09-15 00:22:19,831 [INFO]    ✅ Turnstile resuelto
2026-09-15 00:22:31,394 [INFO]    ⏳ Turnstile detectado — esperando resolución automática...
2026-09-15 00:22:31,416 [INFO]    ✅ Turnstile resuelto
2026-09-15 00:22:42,734 [INFO]    ⏳ Turnstile detectado — esperando resolución automática...
2026-09-15 00:22:42,755 [INFO]    ✅ Turnstile resuelto
2026-09-15 00:22:53,760 [INFO]    ⏳ Turnstile detectado — esperando resolución automática...
2026-09-15 00:22:53,783 [INFO]    ✅ Turnstile resuelto
2026-09-15 00:23:05,199 [INFO]    ⏳ Turnstile detectado — esperando resolución automática...
2026-09-15 00:23:05,224 [INFO]    ✅ Turnstile resuelto
2026-09-15 00:23:16,748 [INFO]    ⏳ Turnstile detectado — esperando resolución automática...
2026-09-15 00:23:16,772 [INFO]    ✅ Turnstile resuelto
2026-09-15 00:23:28,316 [INFO]    ⏳ Turnstile detectado — esperando resolución automática...
2026-09-15 00:23:28,340 [INFO]    ✅ Turnstile resuelto
2026-09-15 00:23:39,278 [INFO]    ⏳ Turnstile detectado — esperando resolución automática...
2026-09-15 00:23:39,304 [INFO]    ✅ Turnstile resuelto
2026-09-15 00:23:49,846 [INFO]    ⏳ Turnstile detectado — esperando resolución automática...
2026-09-15 00:23:49,869 [INFO]    ✅ Turnstile resuelto
2026-09-15 00:24:01,178 [INFO]    ⏳ Turnstile detectado — esperando resolución automática...
2026-09-15 00:24:01,214 [INFO]    ✅ Turnstile resuelto
2026-09-15 00:24:12,272 [INFO]    ⏳ Turnstile detectado — esperando resolución automática...
2026-09-15 00:24:12,293 [INFO]    ✅ Turnstile resuelto
2026-09-15 00:24:22,925 [INFO]    ⏳ Turnstile detectado — esperando resolución automática...
2026-09-15 00:24:22,949 [INFO]    ✅ Turnstile resuelto
2026-09-15 00:24:33,609 [INFO]    ⏳ Turnstile detectado — esperando resolución automática...
2026-09-15 00:24:33,636 [INFO]    ✅ Turnstile resuelto
2026-09-15 00:24:37,300 [INFO]    Página 5/5 → https://www.opcionempleo.com.ar/trabajo-data-scientist.html?p=5
2026-09-15 00:24:45,949 [INFO]    ⏳ Turnstile detectado — esperando resolución automática...
2026-09-15 00:24:45,990 [INFO]    ✅ Turnstile resuelto
2026-09-15 00:24:50,195 [INFO]    → 20 ofertas encontradas
2026-09-15 00:24:56,952 [INFO]    ⏳ Turnstile detectado — esperando resolución automática...
2026-09-15 00:24:56,979 [INFO]    ✅ Turnstile resuelto
2026-09-15 00:25:07,013 [INFO]    ⏳ Turnstile detectado — esperando resolución automática...
2026-09-15 00:25:07,042 [INFO]    ✅ Turnstile resuelto
2026-09-15 00:25:18,335 [INFO]    ⏳ Turnstile detectado — esperando resolución automática...
2026-09-15 00:25:18,359 [INFO]    ✅ Turnstile resuelto
2026-09-15 00:25:29,881 [INFO]    ⏳ Turnstile detectado — esperando resolución automática...
2026-09-15 00:25:29,914 [INFO]    ✅ Turnstile resuelto
2026-09-15 00:25:40,565 [INFO]    ⏳ Turnstile detectado — esperando resolución automática...
2026-09-15 00:25:40,591 [INFO]    ✅ Turnstile resuelto
2026-09-15 00:25:52,216 [INFO]    ⏳ Turnstile detectado — esperando resolución automática...
2026-09-15 00:25:52,241 [INFO]    ✅ Turnstile resuelto
2026-09-15 00:26:03,167 [INFO]    ⏳ Turnstile detectado — esperando resolución automática...
2026-09-15 00:26:03,189 [INFO]    ✅ Turnstile resuelto
2026-09-15 00:26:14,034 [INFO]    ⏳ Turnstile detectado — esperando resolución automática...
2026-09-15 00:26:14,057 [INFO]    ✅ Turnstile resuelto
2026-09-15 00:26:23,836 [INFO]    ⏳ Turnstile detectado — esperando resolución automática...
2026-09-15 00:26:23,859 [INFO]    ✅ Turnstile resuelto
2026-09-15 00:26:34,340 [INFO]    ⏳ Turnstile detectado — esperando resolución automática...
2026-09-15 00:26:34,361 [INFO]    ✅ Turnstile resuelto
2026-09-15 00:26:44,685 [INFO]    ⏳ Turnstile detectado — esperando resolución automática...
2026-09-15 00:26:44,710 [INFO]    ✅ Turnstile resuelto
2026-09-15 00:26:55,750 [INFO]    ⏳ Turnstile detectado — esperando resolución automática...
2026-09-15 00:26:55,772 [INFO]    ✅ Turnstile resuelto
2026-09-15 00:27:06,576 [INFO]    ⏳ Turnstile detectado — esperando resolución automática...
2026-09-15 00:27:06,599 [INFO]    ✅ Turnstile resuelto
2026-09-15 00:27:19,018 [INFO]    ⏳ Turnstile detectado — esperando resolución automática...
2026-09-15 00:27:19,050 [INFO]    ✅ Turnstile resuelto
2026-09-15 00:27:30,290 [INFO]    ⏳ Turnstile detectado — esperando resolución automática...
2026-09-15 00:27:30,313 [INFO]    ✅ Turnstile resuelto
2026-09-15 00:27:40,496 [INFO]    ⏳ Turnstile detectado — esperando resolución automática...
2026-09-15 00:27:40,520 [INFO]    ✅ Turnstile resuelto
2026-09-15 00:27:50,919 [INFO]    ⏳ Turnstile detectado — esperando resolución automática...
2026-09-15 00:27:50,941 [INFO]    ✅ Turnstile resuelto
2026-09-15 00:28:01,577 [INFO]    ⏳ Turnstile detectado — esperando resolución automática...
2026-09-15 00:28:01,599 [INFO]    ✅ Turnstile resuelto
2026-09-15 00:28:13,047 [INFO]    ⏳ Turnstile detectado — esperando resolución automática...
2026-09-15 00:28:13,069 [INFO]    ✅ Turnstile resuelto
2026-09-15 00:28:24,897 [INFO]    ⏳ Turnstile detectado — esperando resolución automática...
2026-09-15 00:28:24,920 [INFO]    ✅ Turnstile resuelto
2026-09-15 00:28:28,127 [INFO] Exportadas 100 ofertas → /media/carlos-a-cicconi/Common1/Repositorios-Ing.Carlos-Cicconi/Trabajo_Final_MCD/data/raw/ofertas_opcionempleo_20260915.csv
2026-09-15 00:28:28,127 [INFO] ✅ 'Data Scientist': 100 ofertas guardadas
2026-09-15 00:28:28,127 [INFO]    💤 Pausa: 10.5s
2026-09-15 00:28:38,683 [INFO] 
🔍 Buscando: 'Data Analyst'
2026-09-15 00:28:38,683 [INFO]    Página 1/5 → https://www.opcionempleo.com.ar/trabajo-data-analyst.html
2026-09-15 00:28:46,504 [INFO]    ⏳ Turnstile detectado — esperando resolución automática...
2026-09-15 00:28:46,528 [INFO]    ✅ Turnstile resuelto
2026-09-15 00:28:51,117 [INFO]    → 20 ofertas encontradas
2026-09-15 00:28:57,699 [INFO]    ⏳ Turnstile detectado — esperando resolución automática...
2026-09-15 00:28:57,733 [INFO]    ✅ Turnstile resuelto
2026-09-15 00:29:09,854 [INFO]    ⏳ Turnstile detectado — esperando resolución automática...
2026-09-15 00:29:09,876 [INFO]    ✅ Turnstile resuelto
2026-09-15 00:29:20,085 [INFO]    ⏳ Turnstile detectado — esperando resolución automática...
2026-09-15 00:29:20,107 [INFO]    ✅ Turnstile resuelto
2026-09-15 00:29:29,350 [INFO]    ⏳ Turnstile detectado — esperando resolución automática...
2026-09-15 00:29:29,381 [INFO]    ✅ Turnstile resuelto
2026-09-15 00:29:39,781 [INFO]    ⏳ Turnstile detectado — esperando resolución automática...
2026-09-15 00:29:39,823 [INFO]    ✅ Turnstile resuelto
2026-09-15 00:29:51,008 [INFO]    ⏳ Turnstile detectado — esperando resolución automática...
2026-09-15 00:29:51,030 [INFO]    ✅ Turnstile resuelto
2026-09-15 00:30:02,629 [INFO]    ⏳ Turnstile detectado — esperando resolución automática...
2026-09-15 00:30:02,651 [INFO]    ✅ Turnstile resuelto
2026-09-15 00:30:13,872 [INFO]    ⏳ Turnstile detectado — esperando resolución automática...
2026-09-15 00:30:13,896 [INFO]    ✅ Turnstile resuelto
2026-09-15 00:30:24,255 [INFO]    ⏳ Turnstile detectado — esperando resolución automática...
2026-09-15 00:30:24,278 [INFO]    ✅ Turnstile resuelto
2026-09-15 00:30:35,486 [INFO]    ⏳ Turnstile detectado — esperando resolución automática...
2026-09-15 00:30:35,538 [INFO]    ✅ Turnstile resuelto
2026-09-15 00:30:46,994 [INFO]    ⏳ Turnstile detectado — esperando resolución automática...
2026-09-15 00:30:47,017 [INFO]    ✅ Turnstile resuelto
2026-09-15 00:30:59,207 [INFO]    ⏳ Turnstile detectado — esperando resolución automática...
2026-09-15 00:30:59,229 [INFO]    ✅ Turnstile resuelto
2026-09-15 00:31:11,000 [INFO]    ⏳ Turnstile detectado — esperando resolución automática...
2026-09-15 00:31:11,022 [INFO]    ✅ Turnstile resuelto
2026-09-15 00:31:22,030 [INFO]    ⏳ Turnstile detectado — esperando resolución automática...
2026-09-15 00:31:22,069 [INFO]    ✅ Turnstile resuelto
2026-09-15 00:31:33,172 [INFO]    ⏳ Turnstile detectado — esperando resolución automática...
2026-09-15 00:31:33,198 [INFO]    ✅ Turnstile resuelto
2026-09-15 00:31:44,345 [INFO]    ⏳ Turnstile detectado — esperando resolución automática...
2026-09-15 00:31:44,368 [INFO]    ✅ Turnstile resuelto
2026-09-15 00:31:56,107 [INFO]    ⏳ Turnstile detectado — esperando resolución automática...
2026-09-15 00:31:56,130 [INFO]    ✅ Turnstile resuelto
2026-09-15 00:32:06,600 [INFO]    ⏳ Turnstile detectado — esperando resolución automática...
2026-09-15 00:32:06,641 [INFO]    ✅ Turnstile resuelto
2026-09-15 00:32:17,614 [INFO]    ⏳ Turnstile detectado — esperando resolución automática...
2026-09-15 00:32:17,637 [INFO]    ✅ Turnstile resuelto
2026-09-15 00:32:27,356 [INFO]    ⏳ Turnstile detectado — esperando resolución automática...
2026-09-15 00:32:27,384 [INFO]    ✅ Turnstile resuelto
2026-09-15 00:32:31,321 [INFO]    Página 2/5 → https://www.opcionempleo.com.ar/trabajo-data-analyst.html?p=2
2026-09-15 00:32:39,845 [INFO]    ⏳ Turnstile detectado — esperando resolución automática...
2026-09-15 00:32:39,871 [INFO]    ✅ Turnstile resuelto
2026-09-15 00:32:43,729 [INFO]    → 19 ofertas encontradas
2026-09-15 00:32:50,192 [INFO]    ⏳ Turnstile detectado — esperando resolución automática...
2026-09-15 00:32:50,215 [INFO]    ✅ Turnstile resuelto
2026-09-15 00:33:01,151 [INFO]    ⏳ Turnstile detectado — esperando resolución automática...
2026-09-15 00:33:01,176 [INFO]    ✅ Turnstile resuelto
2026-09-15 00:33:13,393 [INFO]    ⏳ Turnstile detectado — esperando resolución automática...
2026-09-15 00:33:13,420 [INFO]    ✅ Turnstile resuelto
2026-09-15 00:33:24,125 [INFO]    ⏳ Turnstile detectado — esperando resolución automática...
2026-09-15 00:33:24,148 [INFO]    ✅ Turnstile resuelto
2026-09-15 00:33:35,424 [INFO]    ⏳ Turnstile detectado — esperando resolución automática...
2026-09-15 00:33:35,456 [INFO]    ✅ Turnstile resuelto
2026-09-15 00:33:44,919 [INFO]    ⏳ Turnstile detectado — esperando resolución automática...
2026-09-15 00:33:44,953 [INFO]    ✅ Turnstile resuelto
2026-09-15 00:33:56,459 [INFO]    ⏳ Turnstile detectado — esperando resolución automática...
2026-09-15 00:33:56,484 [INFO]    ✅ Turnstile resuelto
2026-09-15 00:34:07,678 [INFO]    ⏳ Turnstile detectado — esperando resolución automática...
2026-09-15 00:34:07,710 [INFO]    ✅ Turnstile resuelto
2026-09-15 00:34:18,815 [INFO]    ⏳ Turnstile detectado — esperando resolución automática...
2026-09-15 00:34:18,837 [INFO]    ✅ Turnstile resuelto
2026-09-15 00:34:28,766 [INFO]    ⏳ Turnstile detectado — esperando resolución automática...
2026-09-15 00:34:28,788 [INFO]    ✅ Turnstile resuelto
2026-09-15 00:34:40,841 [INFO]    ⏳ Turnstile detectado — esperando resolución automática...
2026-09-15 00:34:40,879 [INFO]    ✅ Turnstile resuelto
2026-09-15 00:34:52,230 [INFO]    ⏳ Turnstile detectado — esperando resolución automática...
2026-09-15 00:34:52,256 [INFO]    ✅ Turnstile resuelto
2026-09-15 00:35:02,442 [INFO]    ⏳ Turnstile detectado — esperando resolución automática...
2026-09-15 00:35:02,471 [INFO]    ✅ Turnstile resuelto
2026-09-15 00:35:12,073 [INFO]    ⏳ Turnstile detectado — esperando resolución automática...
2026-09-15 00:35:12,095 [INFO]    ✅ Turnstile resuelto
2026-09-15 00:35:23,182 [INFO]    ⏳ Turnstile detectado — esperando resolución automática...
2026-09-15 00:35:23,203 [INFO]    ✅ Turnstile resuelto
2026-09-15 00:35:34,691 [INFO]    ⏳ Turnstile detectado — esperando resolución automática...
2026-09-15 00:35:34,736 [INFO]    ✅ Turnstile resuelto
2026-09-15 00:35:45,958 [INFO]    ⏳ Turnstile detectado — esperando resolución automática...
2026-09-15 00:35:45,981 [INFO]    ✅ Turnstile resuelto
2026-09-15 00:35:55,825 [INFO]    ⏳ Turnstile detectado — esperando resolución automática...
2026-09-15 00:35:55,847 [INFO]    ✅ Turnstile resuelto
2026-09-15 00:36:06,769 [INFO]    ⏳ Turnstile detectado — esperando resolución automática...
2026-09-15 00:36:06,790 [INFO]    ✅ Turnstile resuelto
2026-09-15 00:36:10,046 [INFO]    Página 3/5 → https://www.opcionempleo.com.ar/trabajo-data-analyst.html?p=3
2026-09-15 00:36:17,619 [INFO]    ⏳ Turnstile detectado — esperando resolución automática...
2026-09-15 00:36:17,647 [INFO]    ✅ Turnstile resuelto
2026-09-15 00:36:21,720 [INFO]    → 20 ofertas encontradas
2026-09-15 00:36:28,403 [INFO]    ⏳ Turnstile detectado — esperando resolución automática...
2026-09-15 00:36:28,432 [INFO]    ✅ Turnstile resuelto
2026-09-15 00:36:40,422 [INFO]    ⏳ Turnstile detectado — esperando resolución automática...
2026-09-15 00:36:40,444 [INFO]    ✅ Turnstile resuelto
2026-09-15 00:36:51,163 [INFO]    ⏳ Turnstile detectado — esperando resolución automática...
2026-09-15 00:36:51,184 [INFO]    ✅ Turnstile resuelto
2026-09-15 00:37:00,944 [INFO]    ⏳ Turnstile detectado — esperando resolución automática...
2026-09-15 00:37:00,966 [INFO]    ✅ Turnstile resuelto
2026-09-15 00:37:12,330 [INFO]    ⏳ Turnstile detectado — esperando resolución automática...
2026-09-15 00:37:12,368 [INFO]    ✅ Turnstile resuelto
2026-09-15 00:37:24,271 [INFO]    ⏳ Turnstile detectado — esperando resolución automática...
2026-09-15 00:37:24,297 [INFO]    ✅ Turnstile resuelto
2026-09-15 00:37:34,496 [INFO]    ⏳ Turnstile detectado — esperando resolución automática...
2026-09-15 00:37:34,523 [INFO]    ✅ Turnstile resuelto
2026-09-15 00:37:46,195 [INFO]    ⏳ Turnstile detectado — esperando resolución automática...
2026-09-15 00:37:46,218 [INFO]    ✅ Turnstile resuelto
2026-09-15 00:37:56,719 [INFO]    ⏳ Turnstile detectado — esperando resolución automática...
2026-09-15 00:37:56,741 [INFO]    ✅ Turnstile resuelto
2026-09-15 00:38:07,779 [INFO]    ⏳ Turnstile detectado — esperando resolución automática...
2026-09-15 00:38:07,818 [INFO]    ✅ Turnstile resuelto
2026-09-15 00:38:18,879 [INFO]    ⏳ Turnstile detectado — esperando resolución automática...
2026-09-15 00:38:18,905 [INFO]    ✅ Turnstile resuelto
2026-09-15 00:38:31,078 [INFO]    ⏳ Turnstile detectado — esperando resolución automática...
2026-09-15 00:38:31,102 [INFO]    ✅ Turnstile resuelto
2026-09-15 00:38:41,116 [INFO]    ⏳ Turnstile detectado — esperando resolución automática...
2026-09-15 00:38:41,147 [INFO]    ✅ Turnstile resuelto
2026-09-15 00:38:51,725 [INFO]    ⏳ Turnstile detectado — esperando resolución automática...
2026-09-15 00:38:51,747 [INFO]    ✅ Turnstile resuelto
2026-09-15 00:39:03,631 [INFO]    ⏳ Turnstile detectado — esperando resolución automática...
2026-09-15 00:39:03,653 [INFO]    ✅ Turnstile resuelto
2026-09-15 00:39:14,669 [INFO]    ⏳ Turnstile detectado — esperando resolución automática...
2026-09-15 00:39:14,691 [INFO]    ✅ Turnstile resuelto
2026-09-15 00:39:25,851 [INFO]    ⏳ Turnstile detectado — esperando resolución automática...
2026-09-15 00:39:25,873 [INFO]    ✅ Turnstile resuelto
2026-09-15 00:39:38,141 [INFO]    ⏳ Turnstile detectado — esperando resolución automática...
2026-09-15 00:39:38,165 [INFO]    ✅ Turnstile resuelto
2026-09-15 00:39:48,898 [INFO]    ⏳ Turnstile detectado — esperando resolución automática...
2026-09-15 00:39:48,920 [INFO]    ✅ Turnstile resuelto
2026-09-15 00:39:58,611 [INFO]    ⏳ Turnstile detectado — esperando resolución automática...
2026-09-15 00:39:58,633 [INFO]    ✅ Turnstile resuelto
2026-09-15 00:40:02,259 [INFO]    Página 4/5 → https://www.opcionempleo.com.ar/trabajo-data-analyst.html?p=4
2026-09-15 00:40:10,578 [INFO]    ⏳ Turnstile detectado — esperando resolución automática...
2026-09-15 00:40:10,608 [INFO]    ✅ Turnstile resuelto
2026-09-15 00:40:14,346 [INFO]    → 20 ofertas encontradas
2026-09-15 00:40:21,784 [INFO]    ⏳ Turnstile detectado — esperando resolución automática...
2026-09-15 00:40:21,805 [INFO]    ✅ Turnstile resuelto
2026-09-15 00:40:33,943 [INFO]    ⏳ Turnstile detectado — esperando resolución automática...
2026-09-15 00:40:33,969 [INFO]    ✅ Turnstile resuelto
2026-09-15 00:40:43,596 [INFO]    ⏳ Turnstile detectado — esperando resolución automática...
2026-09-15 00:40:43,618 [INFO]    ✅ Turnstile resuelto
2026-09-15 00:40:54,491 [INFO]    ⏳ Turnstile detectado — esperando resolución automática...
2026-09-15 00:40:54,514 [INFO]    ✅ Turnstile resuelto
2026-09-15 00:41:04,033 [INFO]    ⏳ Turnstile detectado — esperando resolución automática...
2026-09-15 00:41:04,055 [INFO]    ✅ Turnstile resuelto
2026-09-15 00:41:15,628 [INFO]    ⏳ Turnstile detectado — esperando resolución automática...
2026-09-15 00:41:15,653 [INFO]    ✅ Turnstile resuelto
2026-09-15 00:41:26,441 [INFO]    ⏳ Turnstile detectado — esperando resolución automática...
2026-09-15 00:41:26,466 [INFO]    ✅ Turnstile resuelto
2026-09-15 00:41:35,789 [INFO]    ⏳ Turnstile detectado — esperando resolución automática...
2026-09-15 00:41:35,811 [INFO]    ✅ Turnstile resuelto
2026-09-15 00:41:47,907 [INFO]    ⏳ Turnstile detectado — esperando resolución automática...
2026-09-15 00:41:47,931 [INFO]    ✅ Turnstile resuelto
2026-09-15 00:41:59,402 [INFO]    ⏳ Turnstile detectado — esperando resolución automática...
2026-09-15 00:41:59,428 [INFO]    ✅ Turnstile resuelto
2026-09-15 00:42:09,742 [INFO]    ⏳ Turnstile detectado — esperando resolución automática...
2026-09-15 00:42:09,767 [INFO]    ✅ Turnstile resuelto
2026-09-15 00:42:20,357 [INFO]    ⏳ Turnstile detectado — esperando resolución automática...
2026-09-15 00:42:20,384 [INFO]    ✅ Turnstile resuelto
2026-09-15 00:42:30,552 [INFO]    ⏳ Turnstile detectado — esperando resolución automática...
2026-09-15 00:42:30,575 [INFO]    ✅ Turnstile resuelto
2026-09-15 00:42:42,421 [INFO]    ⏳ Turnstile detectado — esperando resolución automática...
2026-09-15 00:42:42,445 [INFO]    ✅ Turnstile resuelto
2026-09-15 00:42:52,880 [INFO]    ⏳ Turnstile detectado — esperando resolución automática...
2026-09-15 00:42:52,903 [INFO]    ✅ Turnstile resuelto
2026-09-15 00:43:03,727 [INFO]    ⏳ Turnstile detectado — esperando resolución automática...
2026-09-15 00:43:03,751 [INFO]    ✅ Turnstile resuelto
2026-09-15 00:43:13,464 [INFO]    ⏳ Turnstile detectado — esperando resolución automática...
2026-09-15 00:43:13,493 [INFO]    ✅ Turnstile resuelto
2026-09-15 00:43:25,149 [INFO]    ⏳ Turnstile detectado — esperando resolución automática...
2026-09-15 00:43:25,171 [INFO]    ✅ Turnstile resuelto
2026-09-15 00:43:36,564 [INFO]    ⏳ Turnstile detectado — esperando resolución automática...
2026-09-15 00:43:36,586 [INFO]    ✅ Turnstile resuelto
2026-09-15 00:43:48,071 [INFO]    ⏳ Turnstile detectado — esperando resolución automática...
2026-09-15 00:43:48,094 [INFO]    ✅ Turnstile resuelto
2026-09-15 00:43:51,336 [INFO]    Página 5/5 → https://www.opcionempleo.com.ar/trabajo-data-analyst.html?p=5
2026-09-15 00:44:00,070 [INFO]    ⏳ Turnstile detectado — esperando resolución automática...
2026-09-15 00:44:00,094 [INFO]    ✅ Turnstile resuelto
2026-09-15 00:44:04,671 [INFO]    → 20 ofertas encontradas
2026-09-15 00:44:12,577 [INFO]    ⏳ Turnstile detectado — esperando resolución automática...
2026-09-15 00:44:12,600 [INFO]    ✅ Turnstile resuelto
2026-09-15 00:44:23,476 [INFO]    ⏳ Turnstile detectado — esperando resolución automática...
2026-09-15 00:44:23,504 [INFO]    ✅ Turnstile resuelto
2026-09-15 00:44:35,928 [INFO]    ⏳ Turnstile detectado — esperando resolución automática...
2026-09-15 00:44:35,949 [INFO]    ✅ Turnstile resuelto
2026-09-15 00:44:47,628 [INFO]    ⏳ Turnstile detectado — esperando resolución automática...
2026-09-15 00:44:47,653 [INFO]    ✅ Turnstile resuelto
2026-09-15 00:44:59,048 [INFO]    ⏳ Turnstile detectado — esperando resolución automática...
2026-09-15 00:44:59,072 [INFO]    ✅ Turnstile resuelto
2026-09-15 00:45:10,329 [INFO]    ⏳ Turnstile detectado — esperando resolución automática...
2026-09-15 00:45:10,353 [INFO]    ✅ Turnstile resuelto
2026-09-15 00:45:22,253 [INFO]    ⏳ Turnstile detectado — esperando resolución automática...
2026-09-15 00:45:22,282 [INFO]    ✅ Turnstile resuelto
2026-09-15 00:45:34,452 [INFO]    ⏳ Turnstile detectado — esperando resolución automática...
2026-09-15 00:45:34,478 [INFO]    ✅ Turnstile resuelto
2026-09-15 00:45:46,040 [INFO]    ⏳ Turnstile detectado — esperando resolución automática...
2026-09-15 00:45:46,063 [INFO]    ✅ Turnstile resuelto
2026-09-15 00:45:58,301 [INFO]    ⏳ Turnstile detectado — esperando resolución automática...
2026-09-15 00:45:58,327 [INFO]    ✅ Turnstile resuelto
2026-09-15 00:46:10,127 [INFO]    ⏳ Turnstile detectado — esperando resolución automática...
2026-09-15 00:46:10,148 [INFO]    ✅ Turnstile resuelto
2026-09-15 00:46:21,925 [INFO]    ⏳ Turnstile detectado — esperando resolución automática...
2026-09-15 00:46:21,957 [INFO]    ✅ Turnstile resuelto
2026-09-15 00:46:33,319 [INFO]    ⏳ Turnstile detectado — esperando resolución automática...
2026-09-15 00:46:33,342 [INFO]    ✅ Turnstile resuelto
2026-09-15 00:46:45,817 [INFO]    ⏳ Turnstile detectado — esperando resolución automática...
2026-09-15 00:46:45,839 [INFO]    ✅ Turnstile resuelto
2026-09-15 00:46:57,732 [INFO]    ⏳ Turnstile detectado — esperando resolución automática...
2026-09-15 00:46:57,756 [INFO]    ✅ Turnstile resuelto
2026-09-15 00:47:08,369 [INFO]    ⏳ Turnstile detectado — esperando resolución automática...
2026-09-15 00:47:08,391 [INFO]    ✅ Turnstile resuelto
2026-09-15 00:47:20,158 [INFO]    ⏳ Turnstile detectado — esperando resolución automática...
2026-09-15 00:47:20,188 [INFO]    ✅ Turnstile resuelto
2026-09-15 00:47:29,952 [INFO]    ⏳ Turnstile detectado — esperando resolución automática...
2026-09-15 00:47:29,986 [INFO]    ✅ Turnstile resuelto
2026-09-15 00:47:40,028 [INFO]    ⏳ Turnstile detectado — esperando resolución automática...
2026-09-15 00:47:40,050 [INFO]    ✅ Turnstile resuelto
2026-09-15 00:47:50,526 [INFO]    ⏳ Turnstile detectado — esperando resolución automática...
2026-09-15 00:47:50,548 [INFO]    ✅ Turnstile resuelto
2026-09-15 00:47:53,726 [INFO] Exportadas 99 ofertas → /media/carlos-a-cicconi/Common1/Repositorios-Ing.Carlos-Cicconi/Trabajo_Final_MCD/data/raw/ofertas_opcionempleo_20260915.csv
2026-09-15 00:47:53,726 [INFO] ✅ 'Data Analyst': 99 ofertas guardadas
2026-09-15 00:47:53,726 [INFO]    💤 Pausa: 11.1s
2026-09-15 00:48:04,843 [INFO] 
🔍 Buscando: 'Machine Learning Engineer'
2026-09-15 00:48:04,844 [INFO]    Página 1/5 → https://www.opcionempleo.com.ar/trabajo-machine-learning.html
2026-09-15 00:48:15,217 [INFO]    ⏳ Turnstile detectado — esperando resolución automática...
2026-09-15 00:48:15,243 [INFO]    ✅ Turnstile resuelto
2026-09-15 00:48:19,407 [INFO]    → 20 ofertas encontradas
2026-09-15 00:48:27,479 [INFO]    ⏳ Turnstile detectado — esperando resolución automática...
2026-09-15 00:48:27,515 [INFO]    ✅ Turnstile resuelto
2026-09-15 00:48:38,123 [INFO]    ⏳ Turnstile detectado — esperando resolución automática...
2026-09-15 00:48:38,144 [INFO]    ✅ Turnstile resuelto
2026-09-15 00:48:49,643 [INFO]    ⏳ Turnstile detectado — esperando resolución automática...
2026-09-15 00:48:49,667 [INFO]    ✅ Turnstile resuelto
2026-09-15 00:48:59,280 [INFO]    ⏳ Turnstile detectado — esperando resolución automática...
2026-09-15 00:48:59,305 [INFO]    ✅ Turnstile resuelto
2026-09-15 00:49:09,488 [INFO]    ⏳ Turnstile detectado — esperando resolución automática...
2026-09-15 00:49:09,525 [INFO]    ✅ Turnstile resuelto
2026-09-15 00:49:20,936 [INFO]    ⏳ Turnstile detectado — esperando resolución automática...
2026-09-15 00:49:20,969 [INFO]    ✅ Turnstile resuelto
2026-09-15 00:49:31,388 [INFO]    ⏳ Turnstile detectado — esperando resolución automática...
2026-09-15 00:49:31,412 [INFO]    ✅ Turnstile resuelto
2026-09-15 00:49:41,318 [INFO]    ⏳ Turnstile detectado — esperando resolución automática...
2026-09-15 00:49:41,340 [INFO]    ✅ Turnstile resuelto
2026-09-15 00:49:51,431 [INFO]    ⏳ Turnstile detectado — esperando resolución automática...
2026-09-15 00:49:51,474 [INFO]    ✅ Turnstile resuelto
2026-09-15 00:50:02,540 [INFO]    ⏳ Turnstile detectado — esperando resolución automática...
2026-09-15 00:50:02,562 [INFO]    ✅ Turnstile resuelto
2026-09-15 00:50:14,356 [INFO]    ⏳ Turnstile detectado — esperando resolución automática...
2026-09-15 00:50:14,378 [INFO]    ✅ Turnstile resuelto
2026-09-15 00:50:24,442 [INFO]    ⏳ Turnstile detectado — esperando resolución automática...
2026-09-15 00:50:24,472 [INFO]    ✅ Turnstile resuelto
2026-09-15 00:50:33,865 [INFO]    ⏳ Turnstile detectado — esperando resolución automática...
2026-09-15 00:50:33,909 [INFO]    ✅ Turnstile resuelto
2026-09-15 00:50:44,025 [INFO]    ⏳ Turnstile detectado — esperando resolución automática...
2026-09-15 00:50:44,047 [INFO]    ✅ Turnstile resuelto
2026-09-15 00:50:55,377 [INFO]    ⏳ Turnstile detectado — esperando resolución automática...
2026-09-15 00:50:55,402 [INFO]    ✅ Turnstile resuelto
2026-09-15 00:51:05,874 [INFO]    ⏳ Turnstile detectado — esperando resolución automática...
2026-09-15 00:51:05,900 [INFO]    ✅ Turnstile resuelto
2026-09-15 00:51:18,397 [INFO]    ⏳ Turnstile detectado — esperando resolución automática...
2026-09-15 00:51:18,421 [INFO]    ✅ Turnstile resuelto
2026-09-15 00:51:28,775 [INFO]    ⏳ Turnstile detectado — esperando resolución automática...
2026-09-15 00:51:28,801 [INFO]    ✅ Turnstile resuelto
2026-09-15 00:51:41,135 [INFO]    ⏳ Turnstile detectado — esperando resolución automática...
2026-09-15 00:51:41,157 [INFO]    ✅ Turnstile resuelto
2026-09-15 00:51:51,630 [INFO]    ⏳ Turnstile detectado — esperando resolución automática...
2026-09-15 00:51:51,651 [INFO]    ✅ Turnstile resuelto
2026-09-15 00:51:55,635 [INFO]    Página 2/5 → https://www.opcionempleo.com.ar/trabajo-machine-learning.html?p=2
2026-09-15 00:52:04,971 [INFO]    ⏳ Turnstile detectado — esperando resolución automática...
2026-09-15 00:52:05,003 [INFO]    ✅ Turnstile resuelto
2026-09-15 00:52:08,867 [INFO]    → 20 ofertas encontradas
2026-09-15 00:52:15,876 [INFO]    ⏳ Turnstile detectado — esperando resolución automática...
2026-09-15 00:52:15,900 [INFO]    ✅ Turnstile resuelto
2026-09-15 00:52:27,199 [INFO]    ⏳ Turnstile detectado — esperando resolución automática...
2026-09-15 00:52:27,222 [INFO]    ✅ Turnstile resuelto
2026-09-15 00:52:38,832 [INFO]    ⏳ Turnstile detectado — esperando resolución automática...
2026-09-15 00:52:38,858 [INFO]    ✅ Turnstile resuelto
2026-09-15 00:52:50,744 [INFO]    ⏳ Turnstile detectado — esperando resolución automática...
2026-09-15 00:52:50,770 [INFO]    ✅ Turnstile resuelto
2026-09-15 00:53:03,041 [INFO]    ⏳ Turnstile detectado — esperando resolución automática...
2026-09-15 00:53:03,063 [INFO]    ✅ Turnstile resuelto
2026-09-15 00:53:13,782 [INFO]    ⏳ Turnstile detectado — esperando resolución automática...
2026-09-15 00:53:13,808 [INFO]    ✅ Turnstile resuelto
2026-09-15 00:53:24,022 [INFO]    ⏳ Turnstile detectado — esperando resolución automática...
2026-09-15 00:53:24,046 [INFO]    ✅ Turnstile resuelto
2026-09-15 00:53:36,009 [INFO]    ⏳ Turnstile detectado — esperando resolución automática...
2026-09-15 00:53:36,032 [INFO]    ✅ Turnstile resuelto
2026-09-15 00:53:47,977 [INFO]    ⏳ Turnstile detectado — esperando resolución automática...
2026-09-15 00:53:47,999 [INFO]    ✅ Turnstile resuelto
2026-09-15 00:53:58,074 [INFO]    ⏳ Turnstile detectado — esperando resolución automática...
2026-09-15 00:53:58,110 [INFO]    ✅ Turnstile resuelto
2026-09-15 00:54:08,470 [INFO]    ⏳ Turnstile detectado — esperando resolución automática...
2026-09-15 00:54:08,493 [INFO]    ✅ Turnstile resuelto
2026-09-15 00:54:18,959 [INFO]    ⏳ Turnstile detectado — esperando resolución automática...
2026-09-15 00:54:18,981 [INFO]    ✅ Turnstile resuelto
2026-09-15 00:54:29,855 [INFO]    ⏳ Turnstile detectado — esperando resolución automática...
2026-09-15 00:54:29,878 [INFO]    ✅ Turnstile resuelto
2026-09-15 00:54:40,360 [INFO]    ⏳ Turnstile detectado — esperando resolución automática...
2026-09-15 00:54:40,383 [INFO]    ✅ Turnstile resuelto
2026-09-15 00:54:51,540 [INFO]    ⏳ Turnstile detectado — esperando resolución automática...
2026-09-15 00:54:51,580 [INFO]    ✅ Turnstile resuelto
2026-09-15 00:55:01,486 [INFO]    ⏳ Turnstile detectado — esperando resolución automática...
2026-09-15 00:55:01,513 [INFO]    ✅ Turnstile resuelto
2026-09-15 00:55:12,463 [INFO]    ⏳ Turnstile detectado — esperando resolución automática...
2026-09-15 00:55:12,485 [INFO]    ✅ Turnstile resuelto
2026-09-15 00:55:23,357 [INFO]    ⏳ Turnstile detectado — esperando resolución automática...
2026-09-15 00:55:23,391 [INFO]    ✅ Turnstile resuelto
2026-09-15 00:55:33,726 [INFO]    ⏳ Turnstile detectado — esperando resolución automática...
2026-09-15 00:55:33,748 [INFO]    ✅ Turnstile resuelto
2026-09-15 00:55:45,200 [INFO]    ⏳ Turnstile detectado — esperando resolución automática...
2026-09-15 00:55:45,225 [INFO]    ✅ Turnstile resuelto
2026-09-15 00:55:48,906 [INFO]    Página 3/5 → https://www.opcionempleo.com.ar/trabajo-machine-learning.html?p=3
2026-09-15 00:55:56,821 [INFO]    ⏳ Turnstile detectado — esperando resolución automática...
2026-09-15 00:55:56,847 [INFO]    ✅ Turnstile resuelto
2026-09-15 00:56:01,446 [INFO]    → 18 ofertas encontradas
2026-09-15 00:56:10,111 [INFO]    ⏳ Turnstile detectado — esperando resolución automática...
2026-09-15 00:56:10,135 [INFO]    ✅ Turnstile resuelto
2026-09-15 00:56:20,423 [INFO]    ⏳ Turnstile detectado — esperando resolución automática...
2026-09-15 00:56:20,445 [INFO]    ✅ Turnstile resuelto
2026-09-15 00:56:32,468 [INFO]    ⏳ Turnstile detectado — esperando resolución automática...
2026-09-15 00:56:32,490 [INFO]    ✅ Turnstile resuelto
2026-09-15 00:56:43,684 [INFO]    ⏳ Turnstile detectado — esperando resolución automática...
2026-09-15 00:56:43,709 [INFO]    ✅ Turnstile resuelto
2026-09-15 00:56:54,118 [INFO]    ⏳ Turnstile detectado — esperando resolución automática...
2026-09-15 00:56:54,151 [INFO]    ✅ Turnstile resuelto
2026-09-15 00:57:03,849 [INFO]    ⏳ Turnstile detectado — esperando resolución automática...
2026-09-15 00:57:03,874 [INFO]    ✅ Turnstile resuelto
2026-09-15 00:57:13,614 [INFO]    ⏳ Turnstile detectado — esperando resolución automática...
2026-09-15 00:57:13,648 [INFO]    ✅ Turnstile resuelto
2026-09-15 00:57:25,937 [INFO]    ⏳ Turnstile detectado — esperando resolución automática...
2026-09-15 00:57:25,963 [INFO]    ✅ Turnstile resuelto
2026-09-15 00:57:37,752 [INFO]    ⏳ Turnstile detectado — esperando resolución automática...
2026-09-15 00:57:37,774 [INFO]    ✅ Turnstile resuelto
2026-09-15 00:57:49,308 [INFO]    ⏳ Turnstile detectado — esperando resolución automática...
2026-09-15 00:57:49,332 [INFO]    ✅ Turnstile resuelto
2026-09-15 00:58:01,496 [INFO]    ⏳ Turnstile detectado — esperando resolución automática...
2026-09-15 00:58:01,520 [INFO]    ✅ Turnstile resuelto
2026-09-15 00:58:13,058 [INFO]    ⏳ Turnstile detectado — esperando resolución automática...
2026-09-15 00:58:13,086 [INFO]    ✅ Turnstile resuelto
2026-09-15 00:58:24,527 [INFO]    ⏳ Turnstile detectado — esperando resolución automática...
2026-09-15 00:58:24,550 [INFO]    ✅ Turnstile resuelto
2026-09-15 00:58:35,403 [INFO]    ⏳ Turnstile detectado — esperando resolución automática...
2026-09-15 00:58:35,429 [INFO]    ✅ Turnstile resuelto
2026-09-15 00:58:45,406 [INFO]    ⏳ Turnstile detectado — esperando resolución automática...
2026-09-15 00:58:45,429 [INFO]    ✅ Turnstile resuelto
2026-09-15 00:58:55,675 [INFO]    ⏳ Turnstile detectado — esperando resolución automática...
2026-09-15 00:58:55,711 [INFO]    ✅ Turnstile resuelto
2026-09-15 00:59:06,790 [INFO]    ⏳ Turnstile detectado — esperando resolución automática...
2026-09-15 00:59:06,812 [INFO]    ✅ Turnstile resuelto
2026-09-15 00:59:18,835 [INFO]    ⏳ Turnstile detectado — esperando resolución automática...
2026-09-15 00:59:18,859 [INFO]    ✅ Turnstile resuelto
2026-09-15 00:59:22,332 [INFO]    Página 4/5 → https://www.opcionempleo.com.ar/trabajo-machine-learning.html?p=4
2026-09-15 00:59:30,450 [INFO]    ⏳ Turnstile detectado — esperando resolución automática...
2026-09-15 00:59:30,474 [INFO]    ✅ Turnstile resuelto
2026-09-15 00:59:34,389 [INFO]    → 15 ofertas encontradas
2026-09-15 00:59:42,144 [INFO]    ⏳ Turnstile detectado — esperando resolución automática...
2026-09-15 00:59:42,166 [INFO]    ✅ Turnstile resuelto
2026-09-15 00:59:52,137 [INFO]    ⏳ Turnstile detectado — esperando resolución automática...
2026-09-15 00:59:52,160 [INFO]    ✅ Turnstile resuelto
2026-09-15 01:00:03,732 [INFO]    ⏳ Turnstile detectado — esperando resolución automática...
2026-09-15 01:00:03,756 [INFO]    ✅ Turnstile resuelto
2026-09-15 01:00:13,932 [INFO]    ⏳ Turnstile detectado — esperando resolución automática...
2026-09-15 01:00:13,959 [INFO]    ✅ Turnstile resuelto
2026-09-15 01:00:23,343 [INFO]    ⏳ Turnstile detectado — esperando resolución automática...
2026-09-15 01:00:23,369 [INFO]    ✅ Turnstile resuelto
2026-09-15 01:00:34,934 [INFO]    ⏳ Turnstile detectado — esperando resolución automática...
2026-09-15 01:00:34,957 [INFO]    ✅ Turnstile resuelto
2026-09-15 01:00:44,643 [INFO]    ⏳ Turnstile detectado — esperando resolución automática...
2026-09-15 01:00:44,667 [INFO]    ✅ Turnstile resuelto
2026-09-15 01:00:55,652 [INFO]    ⏳ Turnstile detectado — esperando resolución automática...
2026-09-15 01:00:55,693 [INFO]    ✅ Turnstile resuelto
2026-09-15 01:01:05,675 [INFO]    ⏳ Turnstile detectado — esperando resolución automática...
2026-09-15 01:01:05,701 [INFO]    ✅ Turnstile resuelto
2026-09-15 01:01:16,493 [INFO]    ⏳ Turnstile detectado — esperando resolución automática...
2026-09-15 01:01:16,516 [INFO]    ✅ Turnstile resuelto
2026-09-15 01:01:27,410 [INFO]    ⏳ Turnstile detectado — esperando resolución automática...
2026-09-15 01:01:27,438 [INFO]    ✅ Turnstile resuelto
2026-09-15 01:01:37,088 [INFO]    ⏳ Turnstile detectado — esperando resolución automática...
2026-09-15 01:01:37,121 [INFO]    ✅ Turnstile resuelto
2026-09-15 01:01:49,331 [INFO]    ⏳ Turnstile detectado — esperando resolución automática...
2026-09-15 01:01:49,355 [INFO]    ✅ Turnstile resuelto
2026-09-15 01:02:00,171 [INFO]    ⏳ Turnstile detectado — esperando resolución automática...
2026-09-15 01:02:00,198 [INFO]    ✅ Turnstile resuelto
2026-09-15 01:02:12,254 [INFO]    ⏳ Turnstile detectado — esperando resolución automática...
2026-09-15 01:02:12,276 [INFO]    ✅ Turnstile resuelto
2026-09-15 01:02:16,287 [INFO]    Página 5/5 → https://www.opcionempleo.com.ar/trabajo-machine-learning.html?p=5
2026-09-15 01:02:25,661 [INFO]    ⏳ Turnstile detectado — esperando resolución automática...
2026-09-15 01:02:25,685 [INFO]    ✅ Turnstile resuelto
2026-09-15 01:02:29,384 [INFO]    → 18 ofertas encontradas
2026-09-15 01:02:37,374 [INFO]    ⏳ Turnstile detectado — esperando resolución automática...
2026-09-15 01:02:37,398 [INFO]    ✅ Turnstile resuelto
2026-09-15 01:02:48,540 [INFO]    ⏳ Turnstile detectado — esperando resolución automática...
2026-09-15 01:02:48,567 [INFO]    ✅ Turnstile resuelto
2026-09-15 01:02:58,570 [INFO]    ⏳ Turnstile detectado — esperando resolución automática...
2026-09-15 01:02:58,593 [INFO]    ✅ Turnstile resuelto
2026-09-15 01:03:09,278 [INFO]    ⏳ Turnstile detectado — esperando resolución automática...
2026-09-15 01:03:09,301 [INFO]    ✅ Turnstile resuelto
2026-09-15 01:03:19,727 [INFO]    ⏳ Turnstile detectado — esperando resolución automática...
2026-09-15 01:03:19,755 [INFO]    ✅ Turnstile resuelto
2026-09-15 01:03:29,663 [INFO]    ⏳ Turnstile detectado — esperando resolución automática...
2026-09-15 01:03:29,690 [INFO]    ✅ Turnstile resuelto
2026-09-15 01:03:41,331 [INFO]    ⏳ Turnstile detectado — esperando resolución automática...
2026-09-15 01:03:41,356 [INFO]    ✅ Turnstile resuelto
2026-09-15 01:03:52,606 [INFO]    ⏳ Turnstile detectado — esperando resolución automática...
2026-09-15 01:03:52,631 [INFO]    ✅ Turnstile resuelto
2026-09-15 01:04:03,325 [INFO]    ⏳ Turnstile detectado — esperando resolución automática...
2026-09-15 01:04:03,431 [INFO]    ✅ Turnstile resuelto
2026-09-15 01:04:13,228 [INFO]    ⏳ Turnstile detectado — esperando resolución automática...
2026-09-15 01:04:13,250 [INFO]    ✅ Turnstile resuelto
2026-09-15 01:04:24,578 [INFO]    ⏳ Turnstile detectado — esperando resolución automática...
2026-09-15 01:04:24,614 [INFO]    ✅ Turnstile resuelto
2026-09-15 01:04:35,375 [INFO]    ⏳ Turnstile detectado — esperando resolución automática...
2026-09-15 01:04:35,397 [INFO]    ✅ Turnstile resuelto
2026-09-15 01:04:46,978 [INFO]    ⏳ Turnstile detectado — esperando resolución automática...
2026-09-15 01:04:47,001 [INFO]    ✅ Turnstile resuelto
2026-09-15 01:04:57,448 [INFO]    ⏳ Turnstile detectado — esperando resolución automática...
2026-09-15 01:04:57,482 [INFO]    ✅ Turnstile resuelto
2026-09-15 01:05:09,123 [INFO]    ⏳ Turnstile detectado — esperando resolución automática...
2026-09-15 01:05:09,145 [INFO]    ✅ Turnstile resuelto
2026-09-15 01:05:20,559 [INFO]    ⏳ Turnstile detectado — esperando resolución automática...
2026-09-15 01:05:20,582 [INFO]    ✅ Turnstile resuelto
2026-09-15 01:05:31,186 [INFO]    ⏳ Turnstile detectado — esperando resolución automática...
2026-09-15 01:05:31,213 [INFO]    ✅ Turnstile resuelto
2026-09-15 01:05:41,576 [INFO]    ⏳ Turnstile detectado — esperando resolución automática...
2026-09-15 01:05:41,616 [INFO]    ✅ Turnstile resuelto
2026-09-15 01:05:45,606 [INFO] Exportadas 91 ofertas → /media/carlos-a-cicconi/Common1/Repositorios-Ing.Carlos-Cicconi/Trabajo_Final_MCD/data/raw/ofertas_opcionempleo_20260915.csv
2026-09-15 01:05:45,606 [INFO] ✅ 'Machine Learning Engineer': 91 ofertas guardadas
2026-09-15 01:05:45,606 [INFO]    💤 Pausa: 14.0s
2026-09-15 01:05:59,582 [INFO] 
🔍 Buscando: 'NLP Engineer'
2026-09-15 01:05:59,583 [INFO]    Página 1/5 → https://www.opcionempleo.com.ar/trabajo-nlp.html
2026-09-15 01:06:09,392 [INFO]    ⏳ Turnstile detectado — esperando resolución automática...
2026-09-15 01:06:09,419 [INFO]    ✅ Turnstile resuelto
2026-09-15 01:06:13,526 [INFO]    → 11 ofertas encontradas
2026-09-15 01:06:20,014 [INFO]    ⏳ Turnstile detectado — esperando resolución automática...
2026-09-15 01:06:20,036 [INFO]    ✅ Turnstile resuelto
2026-09-15 01:06:32,214 [INFO]    ⏳ Turnstile detectado — esperando resolución automática...
2026-09-15 01:06:32,236 [INFO]    ✅ Turnstile resuelto
2026-09-15 01:06:42,466 [INFO]    ⏳ Turnstile detectado — esperando resolución automática...
2026-09-15 01:06:42,509 [INFO]    ✅ Turnstile resuelto
2026-09-15 01:06:53,627 [INFO]    ⏳ Turnstile detectado — esperando resolución automática...
2026-09-15 01:06:53,648 [INFO]    ✅ Turnstile resuelto
2026-09-15 01:07:03,724 [INFO]    ⏳ Turnstile detectado — esperando resolución automática...
2026-09-15 01:07:03,751 [INFO]    ✅ Turnstile resuelto
2026-09-15 01:07:15,479 [INFO]    ⏳ Turnstile detectado — esperando resolución automática...
2026-09-15 01:07:15,501 [INFO]    ✅ Turnstile resuelto
2026-09-15 01:07:25,772 [INFO]    ⏳ Turnstile detectado — esperando resolución automática...
2026-09-15 01:07:25,793 [INFO]    ✅ Turnstile resuelto
2026-09-15 01:07:35,842 [INFO]    ⏳ Turnstile detectado — esperando resolución automática...
2026-09-15 01:07:35,876 [INFO]    ✅ Turnstile resuelto
2026-09-15 01:07:46,842 [INFO]    ⏳ Turnstile detectado — esperando resolución automática...
2026-09-15 01:07:46,865 [INFO]    ✅ Turnstile resuelto
2026-09-15 01:07:58,112 [INFO]    ⏳ Turnstile detectado — esperando resolución automática...
2026-09-15 01:07:58,134 [INFO]    ✅ Turnstile resuelto
2026-09-15 01:08:08,490 [INFO]    ⏳ Turnstile detectado — esperando resolución automática...
2026-09-15 01:08:08,517 [INFO]    ✅ Turnstile resuelto
2026-09-15 01:08:12,035 [INFO]    Página 2/5 → https://www.opcionempleo.com.ar/trabajo-nlp.html?p=2
2026-09-15 01:08:21,703 [INFO]    ⏳ Turnstile detectado — esperando resolución automática...
2026-09-15 01:08:21,727 [INFO]    ✅ Turnstile resuelto
2026-09-15 01:08:25,540 [INFO]    → 15 ofertas encontradas
2026-09-15 01:08:32,212 [INFO]    ⏳ Turnstile detectado — esperando resolución automática...
2026-09-15 01:08:32,234 [INFO]    ✅ Turnstile resuelto
2026-09-15 01:08:42,781 [INFO]    ⏳ Turnstile detectado — esperando resolución automática...
2026-09-15 01:08:42,803 [INFO]    ✅ Turnstile resuelto
2026-09-15 01:08:53,273 [INFO]    ⏳ Turnstile detectado — esperando resolución automática...
2026-09-15 01:08:53,297 [INFO]    ✅ Turnstile resuelto
2026-09-15 01:09:05,900 [INFO]    ⏳ Turnstile detectado — esperando resolución automática...
2026-09-15 01:09:06,002 [INFO]    ✅ Turnstile resuelto
2026-09-15 01:09:17,622 [INFO]    ⏳ Turnstile detectado — esperando resolución automática...
2026-09-15 01:09:17,644 [INFO]    ✅ Turnstile resuelto
2026-09-15 01:09:29,187 [INFO]    ⏳ Turnstile detectado — esperando resolución automática...
2026-09-15 01:09:29,217 [INFO]    ✅ Turnstile resuelto
2026-09-15 01:09:40,175 [INFO]    ⏳ Turnstile detectado — esperando resolución automática...
2026-09-15 01:09:40,198 [INFO]    ✅ Turnstile resuelto
2026-09-15 01:09:51,133 [INFO]    ⏳ Turnstile detectado — esperando resolución automática...
2026-09-15 01:09:51,155 [INFO]    ✅ Turnstile resuelto
2026-09-15 01:10:00,959 [INFO]    ⏳ Turnstile detectado — esperando resolución automática...
2026-09-15 01:10:00,990 [INFO]    ✅ Turnstile resuelto
2026-09-15 01:10:10,597 [INFO]    ⏳ Turnstile detectado — esperando resolución automática...
2026-09-15 01:10:10,624 [INFO]    ✅ Turnstile resuelto
2026-09-15 01:10:20,931 [INFO]    ⏳ Turnstile detectado — esperando resolución automática...
2026-09-15 01:10:20,967 [INFO]    ✅ Turnstile resuelto
2026-09-15 01:10:31,701 [INFO]    ⏳ Turnstile detectado — esperando resolución automática...
2026-09-15 01:10:31,724 [INFO]    ✅ Turnstile resuelto
2026-09-15 01:10:43,383 [INFO]    ⏳ Turnstile detectado — esperando resolución automática...
2026-09-15 01:10:43,405 [INFO]    ✅ Turnstile resuelto
2026-09-15 01:10:54,679 [INFO]    ⏳ Turnstile detectado — esperando resolución automática...
2026-09-15 01:10:54,705 [INFO]    ✅ Turnstile resuelto
2026-09-15 01:11:06,184 [INFO]    ⏳ Turnstile detectado — esperando resolución automática...
2026-09-15 01:11:06,215 [INFO]    ✅ Turnstile resuelto
2026-09-15 01:11:09,806 [INFO]    Página 3/5 → https://www.opcionempleo.com.ar/trabajo-nlp.html?p=3
2026-09-15 01:11:19,092 [INFO]    ⏳ Turnstile detectado — esperando resolución automática...
2026-09-15 01:11:19,118 [INFO]    ✅ Turnstile resuelto
2026-09-15 01:11:23,255 [INFO]    → 19 ofertas encontradas
2026-09-15 01:11:31,597 [INFO]    ⏳ Turnstile detectado — esperando resolución automática...
2026-09-15 01:11:31,619 [INFO]    ✅ Turnstile resuelto
2026-09-15 01:11:43,329 [INFO]    ⏳ Turnstile detectado — esperando resolución automática...
2026-09-15 01:11:43,356 [INFO]    ✅ Turnstile resuelto
2026-09-15 01:11:53,356 [INFO]    ⏳ Turnstile detectado — esperando resolución automática...
2026-09-15 01:11:53,379 [INFO]    ✅ Turnstile resuelto
2026-09-15 01:12:03,096 [INFO]    ⏳ Turnstile detectado — esperando resolución automática...
2026-09-15 01:12:03,124 [INFO]    ✅ Turnstile resuelto
2026-09-15 01:12:14,246 [INFO]    ⏳ Turnstile detectado — esperando resolución automática...
2026-09-15 01:12:14,267 [INFO]    ✅ Turnstile resuelto
2026-09-15 01:12:26,356 [INFO]    ⏳ Turnstile detectado — esperando resolución automática...
2026-09-15 01:12:26,393 [INFO]    ✅ Turnstile resuelto
2026-09-15 01:12:37,065 [INFO]    ⏳ Turnstile detectado — esperando resolución automática...
2026-09-15 01:12:37,092 [INFO]    ✅ Turnstile resuelto
2026-09-15 01:12:49,134 [INFO]    ⏳ Turnstile detectado — esperando resolución automática...
2026-09-15 01:12:49,176 [INFO]    ✅ Turnstile resuelto
2026-09-15 01:12:59,605 [INFO]    ⏳ Turnstile detectado — esperando resolución automática...
2026-09-15 01:12:59,627 [INFO]    ✅ Turnstile resuelto
2026-09-15 01:13:10,518 [INFO]    ⏳ Turnstile detectado — esperando resolución automática...
2026-09-15 01:13:10,545 [INFO]    ✅ Turnstile resuelto
2026-09-15 01:13:22,358 [INFO]    ⏳ Turnstile detectado — esperando resolución automática...
2026-09-15 01:13:22,385 [INFO]    ✅ Turnstile resuelto
2026-09-15 01:13:33,025 [INFO]    ⏳ Turnstile detectado — esperando resolución automática...
2026-09-15 01:13:33,068 [INFO]    ✅ Turnstile resuelto
2026-09-15 01:13:43,495 [INFO]    ⏳ Turnstile detectado — esperando resolución automática...
2026-09-15 01:13:43,520 [INFO]    ✅ Turnstile resuelto
2026-09-15 01:13:55,374 [INFO]    ⏳ Turnstile detectado — esperando resolución automática...
2026-09-15 01:13:55,396 [INFO]    ✅ Turnstile resuelto
2026-09-15 01:14:05,256 [INFO]    ⏳ Turnstile detectado — esperando resolución automática...
2026-09-15 01:14:05,283 [INFO]    ✅ Turnstile resuelto
2026-09-15 01:14:16,968 [INFO]    ⏳ Turnstile detectado — esperando resolución automática...
2026-09-15 01:14:16,995 [INFO]    ✅ Turnstile resuelto
2026-09-15 01:14:27,500 [INFO]    ⏳ Turnstile detectado — esperando resolución automática...
2026-09-15 01:14:27,528 [INFO]    ✅ Turnstile resuelto
2026-09-15 01:14:37,874 [INFO]    ⏳ Turnstile detectado — esperando resolución automática...
2026-09-15 01:14:37,896 [INFO]    ✅ Turnstile resuelto
2026-09-15 01:14:48,943 [INFO]    ⏳ Turnstile detectado — esperando resolución automática...
2026-09-15 01:14:48,967 [INFO]    ✅ Turnstile resuelto
2026-09-15 01:14:52,624 [INFO]    Página 4/5 → https://www.opcionempleo.com.ar/trabajo-nlp.html?p=4
2026-09-15 01:15:01,631 [INFO]    ⏳ Turnstile detectado — esperando resolución automática...
2026-09-15 01:15:01,658 [INFO]    ✅ Turnstile resuelto
2026-09-15 01:15:06,246 [INFO]    → 16 ofertas encontradas
2026-09-15 01:15:12,460 [INFO]    ⏳ Turnstile detectado — esperando resolución automática...
2026-09-15 01:15:12,482 [INFO]    ✅ Turnstile resuelto
2026-09-15 01:15:22,846 [INFO]    ⏳ Turnstile detectado — esperando resolución automática...
2026-09-15 01:15:22,869 [INFO]    ✅ Turnstile resuelto
2026-09-15 01:15:33,751 [INFO]    ⏳ Turnstile detectado — esperando resolución automática...
2026-09-15 01:15:33,779 [INFO]    ✅ Turnstile resuelto
2026-09-15 01:15:44,316 [INFO]    ⏳ Turnstile detectado — esperando resolución automática...
2026-09-15 01:15:44,339 [INFO]    ✅ Turnstile resuelto
2026-09-15 01:15:54,621 [INFO]    ⏳ Turnstile detectado — esperando resolución automática...
2026-09-15 01:15:54,644 [INFO]    ✅ Turnstile resuelto
2026-09-15 01:16:05,585 [INFO]    ⏳ Turnstile detectado — esperando resolución automática...
2026-09-15 01:16:05,609 [INFO]    ✅ Turnstile resuelto
2026-09-15 01:16:15,328 [INFO]    ⏳ Turnstile detectado — esperando resolución automática...
2026-09-15 01:16:15,352 [INFO]    ✅ Turnstile resuelto
2026-09-15 01:16:25,816 [INFO]    ⏳ Turnstile detectado — esperando resolución automática...
2026-09-15 01:16:25,852 [INFO]    ✅ Turnstile resuelto
2026-09-15 01:16:36,830 [INFO]    ⏳ Turnstile detectado — esperando resolución automática...
2026-09-15 01:16:36,851 [INFO]    ✅ Turnstile resuelto
2026-09-15 01:16:46,488 [INFO]    ⏳ Turnstile detectado — esperando resolución automática...
2026-09-15 01:16:46,519 [INFO]    ✅ Turnstile resuelto
2026-09-15 01:16:56,870 [INFO]    ⏳ Turnstile detectado — esperando resolución automática...
2026-09-15 01:16:56,892 [INFO]    ✅ Turnstile resuelto
2026-09-15 01:17:08,335 [INFO]    ⏳ Turnstile detectado — esperando resolución automática...
2026-09-15 01:17:08,357 [INFO]    ✅ Turnstile resuelto
2026-09-15 01:17:18,920 [INFO]    ⏳ Turnstile detectado — esperando resolución automática...
2026-09-15 01:17:18,945 [INFO]    ✅ Turnstile resuelto
2026-09-15 01:17:28,868 [INFO]    ⏳ Turnstile detectado — esperando resolución automática...
2026-09-15 01:17:28,890 [INFO]    ✅ Turnstile resuelto
2026-09-15 01:17:39,142 [INFO]    ⏳ Turnstile detectado — esperando resolución automática...
2026-09-15 01:17:39,164 [INFO]    ✅ Turnstile resuelto
2026-09-15 01:17:49,694 [INFO]    ⏳ Turnstile detectado — esperando resolución automática...
2026-09-15 01:17:49,716 [INFO]    ✅ Turnstile resuelto
2026-09-15 01:17:53,628 [INFO]    Página 5/5 → https://www.opcionempleo.com.ar/trabajo-nlp.html?p=5
2026-09-15 01:18:03,069 [INFO]    ⏳ Turnstile detectado — esperando resolución automática...
2026-09-15 01:18:03,096 [INFO]    ✅ Turnstile resuelto
2026-09-15 01:18:07,203 [INFO]    → 18 ofertas encontradas
2026-09-15 01:18:15,461 [INFO]    ⏳ Turnstile detectado — esperando resolución automática...
2026-09-15 01:18:15,486 [INFO]    ✅ Turnstile resuelto
2026-09-15 01:18:26,275 [INFO]    ⏳ Turnstile detectado — esperando resolución automática...
2026-09-15 01:18:26,309 [INFO]    ✅ Turnstile resuelto
2026-09-15 01:18:36,434 [INFO]    ⏳ Turnstile detectado — esperando resolución automática...
2026-09-15 01:18:36,462 [INFO]    ✅ Turnstile resuelto
2026-09-15 01:18:47,421 [INFO]    ⏳ Turnstile detectado — esperando resolución automática...
2026-09-15 01:18:47,444 [INFO]    ✅ Turnstile resuelto
2026-09-15 01:18:59,013 [INFO]    ⏳ Turnstile detectado — esperando resolución automática...
2026-09-15 01:18:59,052 [INFO]    ✅ Turnstile resuelto
2026-09-15 01:19:08,885 [INFO]    ⏳ Turnstile detectado — esperando resolución automática...
2026-09-15 01:19:08,906 [INFO]    ✅ Turnstile resuelto
2026-09-15 01:19:20,081 [INFO]    ⏳ Turnstile detectado — esperando resolución automática...
2026-09-15 01:19:20,104 [INFO]    ✅ Turnstile resuelto
2026-09-15 01:19:31,069 [INFO]    ⏳ Turnstile detectado — esperando resolución automática...
2026-09-15 01:19:31,098 [INFO]    ✅ Turnstile resuelto
2026-09-15 01:19:40,881 [INFO]    ⏳ Turnstile detectado — esperando resolución automática...
2026-09-15 01:19:40,908 [INFO]    ✅ Turnstile resuelto
2026-09-15 01:19:52,255 [INFO]    ⏳ Turnstile detectado — esperando resolución automática...
2026-09-15 01:19:52,278 [INFO]    ✅ Turnstile resuelto
2026-09-15 01:20:02,691 [INFO]    ⏳ Turnstile detectado — esperando resolución automática...
2026-09-15 01:20:02,719 [INFO]    ✅ Turnstile resuelto
2026-09-15 01:20:14,159 [INFO]    ⏳ Turnstile detectado — esperando resolución automática...
2026-09-15 01:20:14,187 [INFO]    ✅ Turnstile resuelto
2026-09-15 01:20:26,117 [INFO]    ⏳ Turnstile detectado — esperando resolución automática...
2026-09-15 01:20:26,138 [INFO]    ✅ Turnstile resuelto
2026-09-15 01:20:36,020 [INFO]    ⏳ Turnstile detectado — esperando resolución automática...
2026-09-15 01:20:36,061 [INFO]    ✅ Turnstile resuelto
2026-09-15 01:20:46,047 [INFO]    ⏳ Turnstile detectado — esperando resolución automática...
2026-09-15 01:20:46,069 [INFO]    ✅ Turnstile resuelto
2026-09-15 01:20:58,232 [INFO]    ⏳ Turnstile detectado — esperando resolución automática...
2026-09-15 01:20:58,254 [INFO]    ✅ Turnstile resuelto
2026-09-15 01:21:08,608 [INFO]    ⏳ Turnstile detectado — esperando resolución automática...
2026-09-15 01:21:08,629 [INFO]    ✅ Turnstile resuelto
2026-09-15 01:21:20,034 [INFO]    ⏳ Turnstile detectado — esperando resolución automática...
2026-09-15 01:21:20,070 [INFO]    ✅ Turnstile resuelto
2026-09-15 01:21:23,950 [INFO] Exportadas 79 ofertas → /media/carlos-a-cicconi/Common1/Repositorios-Ing.Carlos-Cicconi/Trabajo_Final_MCD/data/raw/ofertas_opcionempleo_20260915.csv
2026-09-15 01:21:23,950 [INFO] ✅ 'NLP Engineer': 79 ofertas guardadas
2026-09-15 01:21:23,950 [INFO]    💤 Pausa: 12.6s
2026-09-15 01:21:36,532 [INFO] 
🔍 Buscando: 'Data Engineer'
2026-09-15 01:21:36,532 [INFO]    Página 1/5 → https://www.opcionempleo.com.ar/trabajo-data-engineer.html
2026-09-15 01:21:44,354 [INFO]    ⏳ Turnstile detectado — esperando resolución automática...
2026-09-15 01:21:44,380 [INFO]    ✅ Turnstile resuelto
2026-09-15 01:21:48,571 [INFO]    → 20 ofertas encontradas
2026-09-15 01:21:55,751 [INFO]    ⏳ Turnstile detectado — esperando resolución automática...
2026-09-15 01:21:55,775 [INFO]    ✅ Turnstile resuelto
2026-09-15 01:22:07,171 [INFO]    ⏳ Turnstile detectado — esperando resolución automática...
2026-09-15 01:22:07,197 [INFO]    ✅ Turnstile resuelto
2026-09-15 01:22:19,635 [INFO]    ⏳ Turnstile detectado — esperando resolución automática...
2026-09-15 01:22:19,680 [INFO]    ✅ Turnstile resuelto
2026-09-15 01:22:31,223 [INFO]    ⏳ Turnstile detectado — esperando resolución automática...
2026-09-15 01:22:31,244 [INFO]    ✅ Turnstile resuelto
2026-09-15 01:22:42,728 [INFO]    ⏳ Turnstile detectado — esperando resolución automática...
2026-09-15 01:22:42,750 [INFO]    ✅ Turnstile resuelto
2026-09-15 01:22:54,561 [INFO]    ⏳ Turnstile detectado — esperando resolución automática...
2026-09-15 01:22:54,586 [INFO]    ✅ Turnstile resuelto
2026-09-15 01:23:04,649 [INFO]    ⏳ Turnstile detectado — esperando resolución automática...
2026-09-15 01:23:04,672 [INFO]    ✅ Turnstile resuelto
2026-09-15 01:23:14,516 [INFO]    ⏳ Turnstile detectado — esperando resolución automática...
2026-09-15 01:23:14,561 [INFO]    ✅ Turnstile resuelto
2026-09-15 01:23:24,639 [INFO]    ⏳ Turnstile detectado — esperando resolución automática...
2026-09-15 01:23:24,661 [INFO]    ✅ Turnstile resuelto
2026-09-15 01:23:35,842 [INFO]    ⏳ Turnstile detectado — esperando resolución automática...
2026-09-15 01:23:35,867 [INFO]    ✅ Turnstile resuelto
2026-09-15 01:23:46,548 [INFO]    ⏳ Turnstile detectado — esperando resolución automática...
2026-09-15 01:23:46,578 [INFO]    ✅ Turnstile resuelto
2026-09-15 01:23:58,005 [INFO]    ⏳ Turnstile detectado — esperando resolución automática...
2026-09-15 01:23:58,042 [INFO]    ✅ Turnstile resuelto
2026-09-15 01:24:08,071 [INFO]    ⏳ Turnstile detectado — esperando resolución automática...
2026-09-15 01:24:08,097 [INFO]    ✅ Turnstile resuelto
2026-09-15 01:24:18,988 [INFO]    ⏳ Turnstile detectado — esperando resolución automática...
2026-09-15 01:24:19,009 [INFO]    ✅ Turnstile resuelto
2026-09-15 01:24:30,591 [INFO]    ⏳ Turnstile detectado — esperando resolución automática...
2026-09-15 01:24:30,615 [INFO]    ✅ Turnstile resuelto
2026-09-15 01:24:42,111 [INFO]    ⏳ Turnstile detectado — esperando resolución automática...
2026-09-15 01:24:42,138 [INFO]    ✅ Turnstile resuelto
2026-09-15 01:24:52,083 [INFO]    ⏳ Turnstile detectado — esperando resolución automática...
2026-09-15 01:24:52,120 [INFO]    ✅ Turnstile resuelto
2026-09-15 01:25:03,116 [INFO]    ⏳ Turnstile detectado — esperando resolución automática...
2026-09-15 01:25:03,140 [INFO]    ✅ Turnstile resuelto
2026-09-15 01:25:14,640 [INFO]    ⏳ Turnstile detectado — esperando resolución automática...
2026-09-15 01:25:14,662 [INFO]    ✅ Turnstile resuelto
2026-09-15 01:25:24,300 [INFO]    ⏳ Turnstile detectado — esperando resolución automática...
2026-09-15 01:25:24,322 [INFO]    ✅ Turnstile resuelto
2026-09-15 01:25:27,559 [INFO]    Página 2/5 → https://www.opcionempleo.com.ar/trabajo-data-engineer.html?p=2
2026-09-15 01:25:36,942 [INFO]    ⏳ Turnstile detectado — esperando resolución automática...
2026-09-15 01:25:36,967 [INFO]    ✅ Turnstile resuelto
2026-09-15 01:25:40,986 [INFO]    → 19 ofertas encontradas
2026-09-15 01:25:48,389 [INFO]    ⏳ Turnstile detectado — esperando resolución automática...
2026-09-15 01:25:48,420 [INFO]    ✅ Turnstile resuelto
2026-09-15 01:25:58,040 [INFO]    ⏳ Turnstile detectado — esperando resolución automática...
2026-09-15 01:25:58,069 [INFO]    ✅ Turnstile resuelto
2026-09-15 01:26:09,252 [INFO]    ⏳ Turnstile detectado — esperando resolución automática...
2026-09-15 01:26:09,277 [INFO]    ✅ Turnstile resuelto
2026-09-15 01:26:18,450 [INFO]    ⏳ Turnstile detectado — esperando resolución automática...
2026-09-15 01:26:18,472 [INFO]    ✅ Turnstile resuelto
2026-09-15 01:26:28,016 [INFO]    ⏳ Turnstile detectado — esperando resolución automática...
2026-09-15 01:26:28,058 [INFO]    ✅ Turnstile resuelto
2026-09-15 01:26:39,019 [INFO]    ⏳ Turnstile detectado — esperando resolución automática...
2026-09-15 01:26:39,042 [INFO]    ✅ Turnstile resuelto
2026-09-15 01:26:49,849 [INFO]    ⏳ Turnstile detectado — esperando resolución automática...
2026-09-15 01:26:49,871 [INFO]    ✅ Turnstile resuelto
2026-09-15 01:27:00,167 [INFO]    ⏳ Turnstile detectado — esperando resolución automática...
2026-09-15 01:27:00,189 [INFO]    ✅ Turnstile resuelto
2026-09-15 01:27:12,128 [INFO]    ⏳ Turnstile detectado — esperando resolución automática...
2026-09-15 01:27:12,150 [INFO]    ✅ Turnstile resuelto
2026-09-15 01:27:22,406 [INFO]    ⏳ Turnstile detectado — esperando resolución automática...
2026-09-15 01:27:22,446 [INFO]    ✅ Turnstile resuelto
2026-09-15 01:27:33,606 [INFO]    ⏳ Turnstile detectado — esperando resolución automática...
2026-09-15 01:27:33,632 [INFO]    ✅ Turnstile resuelto
2026-09-15 01:27:44,849 [INFO]    ⏳ Turnstile detectado — esperando resolución automática...
2026-09-15 01:27:44,871 [INFO]    ✅ Turnstile resuelto
2026-09-15 01:27:55,050 [INFO]    ⏳ Turnstile detectado — esperando resolución automática...
2026-09-15 01:27:55,074 [INFO]    ✅ Turnstile resuelto
2026-09-15 01:28:06,042 [INFO]    ⏳ Turnstile detectado — esperando resolución automática...
2026-09-15 01:28:06,064 [INFO]    ✅ Turnstile resuelto
2026-09-15 01:28:16,433 [INFO]    ⏳ Turnstile detectado — esperando resolución automática...
2026-09-15 01:28:16,470 [INFO]    ✅ Turnstile resuelto
2026-09-15 01:28:28,782 [INFO]    ⏳ Turnstile detectado — esperando resolución automática...
2026-09-15 01:28:28,806 [INFO]    ✅ Turnstile resuelto
2026-09-15 01:28:41,358 [INFO]    ⏳ Turnstile detectado — esperando resolución automática...
2026-09-15 01:28:41,382 [INFO]    ✅ Turnstile resuelto
2026-09-15 01:28:52,977 [INFO]    ⏳ Turnstile detectado — esperando resolución automática...
2026-09-15 01:28:53,005 [INFO]    ✅ Turnstile resuelto
2026-09-15 01:29:04,048 [INFO]    ⏳ Turnstile detectado — esperando resolución automática...
2026-09-15 01:29:04,072 [INFO]    ✅ Turnstile resuelto
2026-09-15 01:29:07,858 [INFO]    Página 3/5 → https://www.opcionempleo.com.ar/trabajo-data-engineer.html?p=3
2026-09-15 01:29:16,311 [INFO]    ⏳ Turnstile detectado — esperando resolución automática...
2026-09-15 01:29:16,353 [INFO]    ✅ Turnstile resuelto
2026-09-15 01:29:20,253 [INFO]    → 19 ofertas encontradas
2026-09-15 01:29:27,868 [INFO]    ⏳ Turnstile detectado — esperando resolución automática...
2026-09-15 01:29:27,894 [INFO]    ✅ Turnstile resuelto
2026-09-15 01:29:40,140 [INFO]    ⏳ Turnstile detectado — esperando resolución automática...
2026-09-15 01:29:40,163 [INFO]    ✅ Turnstile resuelto
2026-09-15 01:29:50,027 [INFO]    ⏳ Turnstile detectado — esperando resolución automática...
2026-09-15 01:29:50,050 [INFO]    ✅ Turnstile resuelto
2026-09-15 01:30:00,573 [INFO]    ⏳ Turnstile detectado — esperando resolución automática...
2026-09-15 01:30:00,612 [INFO]    ✅ Turnstile resuelto
2026-09-15 01:30:10,810 [INFO]    ⏳ Turnstile detectado — esperando resolución automática...
2026-09-15 01:30:10,835 [INFO]    ✅ Turnstile resuelto
2026-09-15 01:30:21,080 [INFO]    ⏳ Turnstile detectado — esperando resolución automática...
2026-09-15 01:30:21,101 [INFO]    ✅ Turnstile resuelto
2026-09-15 01:30:31,395 [INFO]    ⏳ Turnstile detectado — esperando resolución automática...
2026-09-15 01:30:31,421 [INFO]    ✅ Turnstile resuelto
2026-09-15 01:30:42,286 [INFO]    ⏳ Turnstile detectado — esperando resolución automática...
2026-09-15 01:30:42,332 [INFO]    ✅ Turnstile resuelto
2026-09-15 01:30:53,490 [INFO]    ⏳ Turnstile detectado — esperando resolución automática...
2026-09-15 01:30:53,517 [INFO]    ✅ Turnstile resuelto
2026-09-15 01:31:04,860 [INFO]    ⏳ Turnstile detectado — esperando resolución automática...
2026-09-15 01:31:04,886 [INFO]    ✅ Turnstile resuelto
2026-09-15 01:31:15,143 [INFO]    ⏳ Turnstile detectado — esperando resolución automática...
2026-09-15 01:31:15,165 [INFO]    ✅ Turnstile resuelto
2026-09-15 01:31:26,785 [INFO]    ⏳ Turnstile detectado — esperando resolución automática...
2026-09-15 01:31:26,830 [INFO]    ✅ Turnstile resuelto
2026-09-15 01:31:39,086 [INFO]    ⏳ Turnstile detectado — esperando resolución automática...
2026-09-15 01:31:39,111 [INFO]    ✅ Turnstile resuelto
2026-09-15 01:31:49,948 [INFO]    ⏳ Turnstile detectado — esperando resolución automática...
2026-09-15 01:31:49,973 [INFO]    ✅ Turnstile resuelto
2026-09-15 01:32:00,551 [INFO]    ⏳ Turnstile detectado — esperando resolución automática...
2026-09-15 01:32:00,575 [INFO]    ✅ Turnstile resuelto
2026-09-15 01:32:11,820 [INFO]    ⏳ Turnstile detectado — esperando resolución automática...
2026-09-15 01:32:11,862 [INFO]    ✅ Turnstile resuelto
2026-09-15 01:32:22,137 [INFO]    ⏳ Turnstile detectado — esperando resolución automática...
2026-09-15 01:32:22,160 [INFO]    ✅ Turnstile resuelto
2026-09-15 01:32:32,017 [INFO]    ⏳ Turnstile detectado — esperando resolución automática...
2026-09-15 01:32:32,041 [INFO]    ✅ Turnstile resuelto
2026-09-15 01:32:44,225 [INFO]    ⏳ Turnstile detectado — esperando resolución automática...
2026-09-15 01:32:44,248 [INFO]    ✅ Turnstile resuelto
2026-09-15 01:32:48,177 [INFO]    Página 4/5 → https://www.opcionempleo.com.ar/trabajo-data-engineer.html?p=4
2026-09-15 01:32:57,476 [INFO]    ⏳ Turnstile detectado — esperando resolución automática...
2026-09-15 01:32:57,509 [INFO]    ✅ Turnstile resuelto
2026-09-15 01:33:01,543 [INFO]    → 20 ofertas encontradas
2026-09-15 01:33:09,841 [INFO]    ⏳ Turnstile detectado — esperando resolución automática...
2026-09-15 01:33:09,864 [INFO]    ✅ Turnstile resuelto
2026-09-15 01:33:20,902 [INFO]    ⏳ Turnstile detectado — esperando resolución automática...
2026-09-15 01:33:20,928 [INFO]    ✅ Turnstile resuelto
2026-09-15 01:33:31,378 [INFO]    ⏳ Turnstile detectado — esperando resolución automática...
2026-09-15 01:33:31,404 [INFO]    ✅ Turnstile resuelto
2026-09-15 01:33:41,706 [INFO]    ⏳ Turnstile detectado — esperando resolución automática...
2026-09-15 01:33:41,733 [INFO]    ✅ Turnstile resuelto
2026-09-15 01:33:51,266 [INFO]    ⏳ Turnstile detectado — esperando resolución automática...
2026-09-15 01:33:51,306 [INFO]    ✅ Turnstile resuelto
2026-09-15 01:34:02,654 [INFO]    ⏳ Turnstile detectado — esperando resolución automática...
2026-09-15 01:34:02,675 [INFO]    ✅ Turnstile resuelto
2026-09-15 01:34:12,161 [INFO]    ⏳ Turnstile detectado — esperando resolución automática...
2026-09-15 01:34:12,188 [INFO]    ✅ Turnstile resuelto
2026-09-15 01:34:22,690 [INFO]    ⏳ Turnstile detectado — esperando resolución automática...
2026-09-15 01:34:22,714 [INFO]    ✅ Turnstile resuelto
2026-09-15 01:34:33,461 [INFO]    ⏳ Turnstile detectado — esperando resolución automática...
2026-09-15 01:34:33,483 [INFO]    ✅ Turnstile resuelto
2026-09-15 01:34:43,540 [INFO]    ⏳ Turnstile detectado — esperando resolución automática...
2026-09-15 01:34:43,564 [INFO]    ✅ Turnstile resuelto
2026-09-15 01:34:54,722 [INFO]    ⏳ Turnstile detectado — esperando resolución automática...
2026-09-15 01:34:54,747 [INFO]    ✅ Turnstile resuelto
2026-09-15 01:35:07,546 [INFO]    ⏳ Turnstile detectado — esperando resolución automática...
2026-09-15 01:35:07,574 [INFO]    ✅ Turnstile resuelto
2026-09-15 01:35:19,015 [INFO]    ⏳ Turnstile detectado — esperando resolución automática...
2026-09-15 01:35:19,038 [INFO]    ✅ Turnstile resuelto
2026-09-15 01:35:29,808 [INFO]    ⏳ Turnstile detectado — esperando resolución automática...
2026-09-15 01:35:29,904 [INFO]    ✅ Turnstile resuelto
2026-09-15 01:35:40,046 [INFO]    ⏳ Turnstile detectado — esperando resolución automática...
2026-09-15 01:35:40,068 [INFO]    ✅ Turnstile resuelto
2026-09-15 01:35:51,261 [INFO]    ⏳ Turnstile detectado — esperando resolución automática...
2026-09-15 01:35:51,285 [INFO]    ✅ Turnstile resuelto
2026-09-15 01:36:03,425 [INFO]    ⏳ Turnstile detectado — esperando resolución automática...
2026-09-15 01:36:03,447 [INFO]    ✅ Turnstile resuelto
2026-09-15 01:36:13,872 [INFO]    ⏳ Turnstile detectado — esperando resolución automática...
2026-09-15 01:36:13,894 [INFO]    ✅ Turnstile resuelto
2026-09-15 01:36:24,167 [INFO]    ⏳ Turnstile detectado — esperando resolución automática...
2026-09-15 01:36:24,205 [INFO]    ✅ Turnstile resuelto
2026-09-15 01:36:34,695 [INFO]    ⏳ Turnstile detectado — esperando resolución automática...
2026-09-15 01:36:34,716 [INFO]    ✅ Turnstile resuelto
2026-09-15 01:36:38,529 [INFO]    Página 5/5 → https://www.opcionempleo.com.ar/trabajo-data-engineer.html?p=5
2026-09-15 01:36:46,150 [INFO]    ⏳ Turnstile detectado — esperando resolución automática...
2026-09-15 01:36:46,174 [INFO]    ✅ Turnstile resuelto
2026-09-15 01:36:50,285 [INFO]    → 20 ofertas encontradas
2026-09-15 01:36:58,765 [INFO]    ⏳ Turnstile detectado — esperando resolución automática...
2026-09-15 01:36:58,790 [INFO]    ✅ Turnstile resuelto
2026-09-15 01:37:09,239 [INFO]    ⏳ Turnstile detectado — esperando resolución automática...
2026-09-15 01:37:09,261 [INFO]    ✅ Turnstile resuelto
2026-09-15 01:37:21,015 [INFO]    ⏳ Turnstile detectado — esperando resolución automática...
2026-09-15 01:37:21,037 [INFO]    ✅ Turnstile resuelto
2026-09-15 01:37:32,055 [INFO]    ⏳ Turnstile detectado — esperando resolución automática...
2026-09-15 01:37:32,076 [INFO]    ✅ Turnstile resuelto
2026-09-15 01:37:44,076 [INFO]    ⏳ Turnstile detectado — esperando resolución automática...
2026-09-15 01:37:44,097 [INFO]    ✅ Turnstile resuelto
2026-09-15 01:37:55,793 [INFO]    ⏳ Turnstile detectado — esperando resolución automática...
2026-09-15 01:37:55,831 [INFO]    ✅ Turnstile resuelto
2026-09-15 01:38:05,607 [INFO]    ⏳ Turnstile detectado — esperando resolución automática...
2026-09-15 01:38:05,630 [INFO]    ✅ Turnstile resuelto
2026-09-15 01:38:15,060 [INFO]    ⏳ Turnstile detectado — esperando resolución automática...
2026-09-15 01:38:15,082 [INFO]    ✅ Turnstile resuelto
2026-09-15 01:38:25,223 [INFO]    ⏳ Turnstile detectado — esperando resolución automática...
2026-09-15 01:38:25,247 [INFO]    ✅ Turnstile resuelto
2026-09-15 01:38:34,821 [INFO]    ⏳ Turnstile detectado — esperando resolución automática...
2026-09-15 01:38:34,845 [INFO]    ✅ Turnstile resuelto
2026-09-15 01:38:45,251 [INFO]    ⏳ Turnstile detectado — esperando resolución automática...
2026-09-15 01:38:45,285 [INFO]    ✅ Turnstile resuelto
2026-09-15 01:38:55,627 [INFO]    ⏳ Turnstile detectado — esperando resolución automática...
2026-09-15 01:38:55,648 [INFO]    ✅ Turnstile resuelto
2026-09-15 01:39:06,937 [INFO]    ⏳ Turnstile detectado — esperando resolución automática...
2026-09-15 01:39:06,959 [INFO]    ✅ Turnstile resuelto
2026-09-15 01:39:18,233 [INFO]    ⏳ Turnstile detectado — esperando resolución automática...
2026-09-15 01:39:18,255 [INFO]    ✅ Turnstile resuelto
2026-09-15 01:39:29,974 [INFO]    ⏳ Turnstile detectado — esperando resolución automática...
2026-09-15 01:39:29,997 [INFO]    ✅ Turnstile resuelto
2026-09-15 01:39:41,363 [INFO]    ⏳ Turnstile detectado — esperando resolución automática...
2026-09-15 01:39:41,386 [INFO]    ✅ Turnstile resuelto
2026-09-15 01:39:52,300 [INFO]    ⏳ Turnstile detectado — esperando resolución automática...
2026-09-15 01:39:52,323 [INFO]    ✅ Turnstile resuelto
2026-09-15 01:40:03,723 [INFO]    ⏳ Turnstile detectado — esperando resolución automática...
2026-09-15 01:40:03,748 [INFO]    ✅ Turnstile resuelto
2026-09-15 01:40:14,201 [INFO]    ⏳ Turnstile detectado — esperando resolución automática...
2026-09-15 01:40:14,226 [INFO]    ✅ Turnstile resuelto
2026-09-15 01:40:24,216 [INFO]    ⏳ Turnstile detectado — esperando resolución automática...
2026-09-15 01:40:24,241 [INFO]    ✅ Turnstile resuelto
2026-09-15 01:40:28,031 [INFO] Exportadas 98 ofertas → /media/carlos-a-cicconi/Common1/Repositorios-Ing.Carlos-Cicconi/Trabajo_Final_MCD/data/raw/ofertas_opcionempleo_20260915.csv
2026-09-15 01:40:28,031 [INFO] ✅ 'Data Engineer': 98 ofertas guardadas
2026-09-15 01:40:28,031 [INFO]    💤 Pausa: 13.3s
2026-09-15 01:40:41,378 [INFO] 
🔍 Buscando: 'Software Engineer'
2026-09-15 01:40:41,379 [INFO]    Página 1/5 → https://www.opcionempleo.com.ar/trabajo-software-engineer.html
2026-09-15 01:40:50,558 [INFO]    ⏳ Turnstile detectado — esperando resolución automática...
2026-09-15 01:40:50,604 [INFO]    ✅ Turnstile resuelto
2026-09-15 01:40:54,735 [INFO]    → 18 ofertas encontradas
2026-09-15 01:41:02,217 [INFO]    ⏳ Turnstile detectado — esperando resolución automática...
2026-09-15 01:41:02,242 [INFO]    ✅ Turnstile resuelto
2026-09-15 01:41:13,282 [INFO]    ⏳ Turnstile detectado — esperando resolución automática...
2026-09-15 01:41:13,303 [INFO]    ✅ Turnstile resuelto
2026-09-15 01:41:24,924 [INFO]    ⏳ Turnstile detectado — esperando resolución automática...
2026-09-15 01:41:24,949 [INFO]    ✅ Turnstile resuelto
2026-09-15 01:41:34,452 [INFO]    ⏳ Turnstile detectado — esperando resolución automática...
2026-09-15 01:41:34,494 [INFO]    ✅ Turnstile resuelto
2026-09-15 01:41:46,246 [INFO]    ⏳ Turnstile detectado — esperando resolución automática...
2026-09-15 01:41:46,282 [INFO]    ✅ Turnstile resuelto
2026-09-15 01:41:58,074 [INFO]    ⏳ Turnstile detectado — esperando resolución automática...
2026-09-15 01:41:58,096 [INFO]    ✅ Turnstile resuelto
2026-09-15 01:42:09,673 [INFO]    ⏳ Turnstile detectado — esperando resolución automática...
2026-09-15 01:42:09,695 [INFO]    ✅ Turnstile resuelto
2026-09-15 01:42:19,957 [INFO]    ⏳ Turnstile detectado — esperando resolución automática...
2026-09-15 01:42:19,982 [INFO]    ✅ Turnstile resuelto
2026-09-15 01:42:31,705 [INFO]    ⏳ Turnstile detectado — esperando resolución automática...
2026-09-15 01:42:31,733 [INFO]    ✅ Turnstile resuelto
2026-09-15 01:42:42,074 [INFO]    ⏳ Turnstile detectado — esperando resolución automática...
2026-09-15 01:42:42,097 [INFO]    ✅ Turnstile resuelto
2026-09-15 01:42:54,139 [INFO]    ⏳ Turnstile detectado — esperando resolución automática...
2026-09-15 01:42:54,161 [INFO]    ✅ Turnstile resuelto
2026-09-15 01:43:04,862 [INFO]    ⏳ Turnstile detectado — esperando resolución automática...
2026-09-15 01:43:04,886 [INFO]    ✅ Turnstile resuelto
2026-09-15 01:43:16,131 [INFO]    ⏳ Turnstile detectado — esperando resolución automática...
2026-09-15 01:43:16,152 [INFO]    ✅ Turnstile resuelto
2026-09-15 01:43:27,559 [INFO]    ⏳ Turnstile detectado — esperando resolución automática...
2026-09-15 01:43:27,596 [INFO]    ✅ Turnstile resuelto
2026-09-15 01:43:37,744 [INFO]    ⏳ Turnstile detectado — esperando resolución automática...
2026-09-15 01:43:37,769 [INFO]    ✅ Turnstile resuelto
2026-09-15 01:43:49,326 [INFO]    ⏳ Turnstile detectado — esperando resolución automática...
2026-09-15 01:43:49,348 [INFO]    ✅ Turnstile resuelto
2026-09-15 01:44:00,746 [INFO]    ⏳ Turnstile detectado — esperando resolución automática...
2026-09-15 01:44:00,771 [INFO]    ✅ Turnstile resuelto
2026-09-15 01:44:11,027 [INFO]    ⏳ Turnstile detectado — esperando resolución automática...
2026-09-15 01:44:11,049 [INFO]    ✅ Turnstile resuelto
2026-09-15 01:44:14,248 [INFO]    Página 2/5 → https://www.opcionempleo.com.ar/trabajo-software-engineer.html?p=2
2026-09-15 01:44:23,117 [INFO]    ⏳ Turnstile detectado — esperando resolución automática...
2026-09-15 01:44:23,143 [INFO]    ✅ Turnstile resuelto
2026-09-15 01:44:27,463 [INFO]    → 20 ofertas encontradas
2026-09-15 01:44:34,015 [INFO]    ⏳ Turnstile detectado — esperando resolución automática...
2026-09-15 01:44:34,039 [INFO]    ✅ Turnstile resuelto
2026-09-15 01:44:44,926 [INFO]    ⏳ Turnstile detectado — esperando resolución automática...
2026-09-15 01:44:44,950 [INFO]    ✅ Turnstile resuelto
2026-09-15 01:44:56,803 [INFO]    ⏳ Turnstile detectado — esperando resolución automática...
2026-09-15 01:44:56,827 [INFO]    ✅ Turnstile resuelto
2026-09-15 01:45:07,772 [INFO]    ⏳ Turnstile detectado — esperando resolución automática...
2026-09-15 01:45:07,804 [INFO]    ✅ Turnstile resuelto
2026-09-15 01:45:18,737 [INFO]    ⏳ Turnstile detectado — esperando resolución automática...
2026-09-15 01:45:18,760 [INFO]    ✅ Turnstile resuelto
2026-09-15 01:45:28,988 [INFO]    ⏳ Turnstile detectado — esperando resolución automática...
2026-09-15 01:45:29,017 [INFO]    ✅ Turnstile resuelto
2026-09-15 01:45:38,317 [INFO]    ⏳ Turnstile detectado — esperando resolución automática...
2026-09-15 01:45:38,342 [INFO]    ✅ Turnstile resuelto
2026-09-15 01:45:48,086 [INFO]    ⏳ Turnstile detectado — esperando resolución automática...
2026-09-15 01:45:48,107 [INFO]    ✅ Turnstile resuelto
2026-09-15 01:45:59,525 [INFO]    ⏳ Turnstile detectado — esperando resolución automática...
2026-09-15 01:45:59,552 [INFO]    ✅ Turnstile resuelto
2026-09-15 01:46:10,378 [INFO]    ⏳ Turnstile detectado — esperando resolución automática...
2026-09-15 01:46:10,415 [INFO]    ✅ Turnstile resuelto
2026-09-15 01:46:20,842 [INFO]    ⏳ Turnstile detectado — esperando resolución automática...
2026-09-15 01:46:20,863 [INFO]    ✅ Turnstile resuelto
2026-09-15 01:46:30,971 [INFO]    ⏳ Turnstile detectado — esperando resolución automática...
2026-09-15 01:46:30,993 [INFO]    ✅ Turnstile resuelto
2026-09-15 01:46:42,327 [INFO]    ⏳ Turnstile detectado — esperando resolución automática...
2026-09-15 01:46:42,351 [INFO]    ✅ Turnstile resuelto
2026-09-15 01:46:53,863 [INFO]    ⏳ Turnstile detectado — esperando resolución automática...
2026-09-15 01:46:53,914 [INFO]    ✅ Turnstile resuelto
2026-09-15 01:47:05,516 [INFO]    ⏳ Turnstile detectado — esperando resolución automática...
2026-09-15 01:47:05,542 [INFO]    ✅ Turnstile resuelto
2026-09-15 01:47:16,625 [INFO]    ⏳ Turnstile detectado — esperando resolución automática...
2026-09-15 01:47:16,649 [INFO]    ✅ Turnstile resuelto
2026-09-15 01:47:28,912 [INFO]    ⏳ Turnstile detectado — esperando resolución automática...
2026-09-15 01:47:28,934 [INFO]    ✅ Turnstile resuelto
2026-09-15 01:47:39,079 [INFO]    ⏳ Turnstile detectado — esperando resolución automática...
2026-09-15 01:47:39,101 [INFO]    ✅ Turnstile resuelto
2026-09-15 01:47:50,426 [INFO]    ⏳ Turnstile detectado — esperando resolución automática...
2026-09-15 01:47:50,468 [INFO]    ✅ Turnstile resuelto
2026-09-15 01:48:00,785 [INFO]    ⏳ Turnstile detectado — esperando resolución automática...
2026-09-15 01:48:00,808 [INFO]    ✅ Turnstile resuelto
2026-09-15 01:48:03,994 [INFO]    Página 3/5 → https://www.opcionempleo.com.ar/trabajo-software-engineer.html?p=3
2026-09-15 01:48:13,756 [INFO]    ⏳ Turnstile detectado — esperando resolución automática...
2026-09-15 01:48:13,780 [INFO]    ✅ Turnstile resuelto
2026-09-15 01:48:18,389 [INFO]    → 20 ofertas encontradas
2026-09-15 01:48:24,956 [INFO]    ⏳ Turnstile detectado — esperando resolución automática...
2026-09-15 01:48:24,980 [INFO]    ✅ Turnstile resuelto
2026-09-15 01:48:36,385 [INFO]    ⏳ Turnstile detectado — esperando resolución automática...
2026-09-15 01:48:36,406 [INFO]    ✅ Turnstile resuelto
2026-09-15 01:48:47,267 [INFO]    ⏳ Turnstile detectado — esperando resolución automática...
2026-09-15 01:48:47,289 [INFO]    ✅ Turnstile resuelto
2026-09-15 01:48:58,102 [INFO]    ⏳ Turnstile detectado — esperando resolución automática...
2026-09-15 01:48:58,127 [INFO]    ✅ Turnstile resuelto
2026-09-15 01:49:09,747 [INFO]    ⏳ Turnstile detectado — esperando resolución automática...
2026-09-15 01:49:09,769 [INFO]    ✅ Turnstile resuelto
2026-09-15 01:49:21,301 [INFO]    ⏳ Turnstile detectado — esperando resolución automática...
2026-09-15 01:49:21,326 [INFO]    ✅ Turnstile resuelto
2026-09-15 01:49:32,527 [INFO]    ⏳ Turnstile detectado — esperando resolución automática...
2026-09-15 01:49:32,550 [INFO]    ✅ Turnstile resuelto
2026-09-15 01:49:42,145 [INFO]    ⏳ Turnstile detectado — esperando resolución automática...
2026-09-15 01:49:42,167 [INFO]    ✅ Turnstile resuelto
2026-09-15 01:49:53,002 [INFO]    ⏳ Turnstile detectado — esperando resolución automática...
2026-09-15 01:49:53,025 [INFO]    ✅ Turnstile resuelto
2026-09-15 01:50:05,122 [INFO]    ⏳ Turnstile detectado — esperando resolución automática...
2026-09-15 01:50:05,143 [INFO]    ✅ Turnstile resuelto
2026-09-15 01:50:14,722 [INFO]    ⏳ Turnstile detectado — esperando resolución automática...
2026-09-15 01:50:14,744 [INFO]    ✅ Turnstile resuelto
2026-09-15 01:50:25,917 [INFO]    ⏳ Turnstile detectado — esperando resolución automática...
2026-09-15 01:50:25,944 [INFO]    ✅ Turnstile resuelto
2026-09-15 01:50:35,471 [INFO]    ⏳ Turnstile detectado — esperando resolución automática...
2026-09-15 01:50:35,502 [INFO]    ✅ Turnstile resuelto
2026-09-15 01:50:45,513 [INFO]    ⏳ Turnstile detectado — esperando resolución automática...
2026-09-15 01:50:45,535 [INFO]    ✅ Turnstile resuelto
2026-09-15 01:50:55,323 [INFO]    ⏳ Turnstile detectado — esperando resolución automática...
2026-09-15 01:50:55,346 [INFO]    ✅ Turnstile resuelto
2026-09-15 01:51:05,444 [INFO]    ⏳ Turnstile detectado — esperando resolución automática...
2026-09-15 01:51:05,468 [INFO]    ✅ Turnstile resuelto
2026-09-15 01:51:15,402 [INFO]    ⏳ Turnstile detectado — esperando resolución automática...
2026-09-15 01:51:15,426 [INFO]    ✅ Turnstile resuelto
2026-09-15 01:51:25,024 [INFO]    ⏳ Turnstile detectado — esperando resolución automática...
2026-09-15 01:51:25,046 [INFO]    ✅ Turnstile resuelto
2026-09-15 01:51:36,531 [INFO]    ⏳ Turnstile detectado — esperando resolución automática...
2026-09-15 01:51:36,554 [INFO]    ✅ Turnstile resuelto
2026-09-15 01:51:47,056 [INFO]    ⏳ Turnstile detectado — esperando resolución automática...
2026-09-15 01:51:47,078 [INFO]    ✅ Turnstile resuelto
2026-09-15 01:51:50,765 [INFO]    Página 4/5 → https://www.opcionempleo.com.ar/trabajo-software-engineer.html?p=4
2026-09-15 01:51:59,212 [INFO]    ⏳ Turnstile detectado — esperando resolución automática...
2026-09-15 01:51:59,237 [INFO]    ✅ Turnstile resuelto
2026-09-15 01:52:03,068 [INFO]    → 20 ofertas encontradas
2026-09-15 01:52:09,823 [INFO]    ⏳ Turnstile detectado — esperando resolución automática...
2026-09-15 01:52:09,847 [INFO]    ✅ Turnstile resuelto
2026-09-15 01:52:19,554 [INFO]    ⏳ Turnstile detectado — esperando resolución automática...
2026-09-15 01:52:19,581 [INFO]    ✅ Turnstile resuelto
2026-09-15 01:52:31,657 [INFO]    ⏳ Turnstile detectado — esperando resolución automática...
2026-09-15 01:52:31,683 [INFO]    ✅ Turnstile resuelto
2026-09-15 01:52:42,634 [INFO]    ⏳ Turnstile detectado — esperando resolución automática...
2026-09-15 01:52:42,660 [INFO]    ✅ Turnstile resuelto
2026-09-15 01:52:54,267 [INFO]    ⏳ Turnstile detectado — esperando resolución automática...
2026-09-15 01:52:54,310 [INFO]    ✅ Turnstile resuelto
2026-09-15 01:53:06,060 [INFO]    ⏳ Turnstile detectado — esperando resolución automática...
2026-09-15 01:53:06,083 [INFO]    ✅ Turnstile resuelto
2026-09-15 01:53:17,778 [INFO]    ⏳ Turnstile detectado — esperando resolución automática...
2026-09-15 01:53:17,801 [INFO]    ✅ Turnstile resuelto
2026-09-15 01:53:28,279 [INFO]    ⏳ Turnstile detectado — esperando resolución automática...
2026-09-15 01:53:28,301 [INFO]    ✅ Turnstile resuelto
2026-09-15 01:53:39,633 [INFO]    ⏳ Turnstile detectado — esperando resolución automática...
2026-09-15 01:53:39,655 [INFO]    ✅ Turnstile resuelto
2026-09-15 01:53:50,380 [INFO]    ⏳ Turnstile detectado — esperando resolución automática...
2026-09-15 01:53:50,421 [INFO]    ✅ Turnstile resuelto
2026-09-15 01:54:00,725 [INFO]    ⏳ Turnstile detectado — esperando resolución automática...
2026-09-15 01:54:00,749 [INFO]    ✅ Turnstile resuelto
2026-09-15 01:54:11,549 [INFO]    ⏳ Turnstile detectado — esperando resolución automática...
2026-09-15 01:54:11,572 [INFO]    ✅ Turnstile resuelto
2026-09-15 01:54:22,357 [INFO]    ⏳ Turnstile detectado — esperando resolución automática...
2026-09-15 01:54:22,381 [INFO]    ✅ Turnstile resuelto
2026-09-15 01:54:34,241 [INFO]    ⏳ Turnstile detectado — esperando resolución automática...
2026-09-15 01:54:34,265 [INFO]    ✅ Turnstile resuelto
2026-09-15 01:54:45,728 [INFO]    ⏳ Turnstile detectado — esperando resolución automática...
2026-09-15 01:54:45,770 [INFO]    ✅ Turnstile resuelto
2026-09-15 01:54:56,651 [INFO]    ⏳ Turnstile detectado — esperando resolución automática...
2026-09-15 01:54:56,673 [INFO]    ✅ Turnstile resuelto
2026-09-15 01:55:07,018 [INFO]    ⏳ Turnstile detectado — esperando resolución automática...
2026-09-15 01:55:07,040 [INFO]    ✅ Turnstile resuelto
2026-09-15 01:55:18,433 [INFO]    ⏳ Turnstile detectado — esperando resolución automática...
2026-09-15 01:55:18,461 [INFO]    ✅ Turnstile resuelto
2026-09-15 01:55:30,228 [INFO]    ⏳ Turnstile detectado — esperando resolución automática...
2026-09-15 01:55:30,249 [INFO]    ✅ Turnstile resuelto
2026-09-15 01:55:40,442 [INFO]    ⏳ Turnstile detectado — esperando resolución automática...
2026-09-15 01:55:40,486 [INFO]    ✅ Turnstile resuelto
2026-09-15 01:55:43,965 [INFO]    Página 5/5 → https://www.opcionempleo.com.ar/trabajo-software-engineer.html?p=5
2026-09-15 01:55:53,844 [INFO]    ⏳ Turnstile detectado — esperando resolución automática...
2026-09-15 01:55:53,869 [INFO]    ✅ Turnstile resuelto
2026-09-15 01:55:58,003 [INFO]    → 19 ofertas encontradas
2026-09-15 01:56:04,546 [INFO]    ⏳ Turnstile detectado — esperando resolución automática...
2026-09-15 01:56:04,569 [INFO]    ✅ Turnstile resuelto
2026-09-15 01:56:14,999 [INFO]    ⏳ Turnstile detectado — esperando resolución automática...
2026-09-15 01:56:15,024 [INFO]    ✅ Turnstile resuelto
2026-09-15 01:56:26,616 [INFO]    ⏳ Turnstile detectado — esperando resolución automática...
2026-09-15 01:56:26,686 [INFO]    ✅ Turnstile resuelto
2026-09-15 01:56:38,997 [INFO]    ⏳ Turnstile detectado — esperando resolución automática...
2026-09-15 01:56:39,027 [INFO]    ✅ Turnstile resuelto
2026-09-15 01:56:50,955 [INFO]    ⏳ Turnstile detectado — esperando resolución automática...
2026-09-15 01:56:50,982 [INFO]    ✅ Turnstile resuelto
2026-09-15 01:57:01,723 [INFO]    ⏳ Turnstile detectado — esperando resolución automática...
2026-09-15 01:57:01,745 [INFO]    ✅ Turnstile resuelto
2026-09-15 01:57:13,962 [INFO]    ⏳ Turnstile detectado — esperando resolución automática...
2026-09-15 01:57:13,984 [INFO]    ✅ Turnstile resuelto
2026-09-15 01:57:24,449 [INFO]    ⏳ Turnstile detectado — esperando resolución automática...
2026-09-15 01:57:24,472 [INFO]    ✅ Turnstile resuelto
2026-09-15 01:57:36,316 [INFO]    ⏳ Turnstile detectado — esperando resolución automática...
2026-09-15 01:57:36,343 [INFO]    ✅ Turnstile resuelto
2026-09-15 01:57:46,828 [INFO]    ⏳ Turnstile detectado — esperando resolución automática...
2026-09-15 01:57:46,851 [INFO]    ✅ Turnstile resuelto
2026-09-15 01:57:56,161 [INFO]    ⏳ Turnstile detectado — esperando resolución automática...
2026-09-15 01:57:56,189 [INFO]    ✅ Turnstile resuelto
2026-09-15 01:58:06,506 [INFO]    ⏳ Turnstile detectado — esperando resolución automática...
2026-09-15 01:58:06,543 [INFO]    ✅ Turnstile resuelto
2026-09-15 01:58:17,728 [INFO]    ⏳ Turnstile detectado — esperando resolución automática...
2026-09-15 01:58:17,749 [INFO]    ✅ Turnstile resuelto
2026-09-15 01:58:27,326 [INFO]    ⏳ Turnstile detectado — esperando resolución automática...
2026-09-15 01:58:27,348 [INFO]    ✅ Turnstile resuelto
2026-09-15 01:58:37,256 [INFO]    ⏳ Turnstile detectado — esperando resolución automática...
2026-09-15 01:58:37,280 [INFO]    ✅ Turnstile resuelto
2026-09-15 01:58:47,321 [INFO]    ⏳ Turnstile detectado — esperando resolución automática...
2026-09-15 01:58:47,364 [INFO]    ✅ Turnstile resuelto
2026-09-15 01:58:58,560 [INFO]    ⏳ Turnstile detectado — esperando resolución automática...
2026-09-15 01:58:58,587 [INFO]    ✅ Turnstile resuelto
2026-09-15 01:59:10,425 [INFO]    ⏳ Turnstile detectado — esperando resolución automática...
2026-09-15 01:59:10,447 [INFO]    ✅ Turnstile resuelto
2026-09-15 01:59:20,775 [INFO]    ⏳ Turnstile detectado — esperando resolución automática...
2026-09-15 01:59:20,798 [INFO]    ✅ Turnstile resuelto
2026-09-15 01:59:24,422 [INFO] Exportadas 97 ofertas → /media/carlos-a-cicconi/Common1/Repositorios-Ing.Carlos-Cicconi/Trabajo_Final_MCD/data/raw/ofertas_opcionempleo_20260915.csv
2026-09-15 01:59:24,422 [INFO] ✅ 'Software Engineer': 97 ofertas guardadas
2026-09-15 01:59:24,423 [INFO]    💤 Pausa: 8.9s
2026-09-15 01:59:33,371 [INFO] 
🔍 Buscando: 'Python Developer'
2026-09-15 01:59:33,371 [INFO]    Página 1/5 → https://www.opcionempleo.com.ar/trabajo-python.html
2026-09-15 01:59:40,807 [INFO]    ⏳ Turnstile detectado — esperando resolución automática...
2026-09-15 01:59:40,847 [INFO]    ✅ Turnstile resuelto
2026-09-15 01:59:44,744 [INFO]    → 16 ofertas encontradas
2026-09-15 01:59:53,000 [INFO]    ⏳ Turnstile detectado — esperando resolución automática...
2026-09-15 01:59:53,024 [INFO]    ✅ Turnstile resuelto
2026-09-15 02:00:03,279 [INFO]    ⏳ Turnstile detectado — esperando resolución automática...
2026-09-15 02:00:03,302 [INFO]    ✅ Turnstile resuelto
2026-09-15 02:00:14,223 [INFO]    ⏳ Turnstile detectado — esperando resolución automática...
2026-09-15 02:00:14,245 [INFO]    ✅ Turnstile resuelto
2026-09-15 02:00:23,647 [INFO]    ⏳ Turnstile detectado — esperando resolución automática...
2026-09-15 02:00:23,672 [INFO]    ✅ Turnstile resuelto
2026-09-15 02:00:34,721 [INFO]    ⏳ Turnstile detectado — esperando resolución automática...
2026-09-15 02:00:34,762 [INFO]    ✅ Turnstile resuelto
2026-09-15 02:00:46,646 [INFO]    ⏳ Turnstile detectado — esperando resolución automática...
2026-09-15 02:00:46,672 [INFO]    ✅ Turnstile resuelto
2026-09-15 02:00:57,109 [INFO]    ⏳ Turnstile detectado — esperando resolución automática...
2026-09-15 02:00:57,130 [INFO]    ✅ Turnstile resuelto
2026-09-15 02:01:07,769 [INFO]    ⏳ Turnstile detectado — esperando resolución automática...
2026-09-15 02:01:07,793 [INFO]    ✅ Turnstile resuelto
2026-09-15 02:01:17,610 [INFO]    ⏳ Turnstile detectado — esperando resolución automática...
2026-09-15 02:01:17,655 [INFO]    ✅ Turnstile resuelto
2026-09-15 02:01:28,441 [INFO]    ⏳ Turnstile detectado — esperando resolución automática...
2026-09-15 02:01:28,483 [INFO]    ✅ Turnstile resuelto
2026-09-15 02:01:38,370 [INFO]    ⏳ Turnstile detectado — esperando resolución automática...
2026-09-15 02:01:38,395 [INFO]    ✅ Turnstile resuelto
2026-09-15 02:01:49,672 [INFO]    ⏳ Turnstile detectado — esperando resolución automática...
2026-09-15 02:01:49,693 [INFO]    ✅ Turnstile resuelto
2026-09-15 02:02:01,489 [INFO]    ⏳ Turnstile detectado — esperando resolución automática...
2026-09-15 02:02:01,515 [INFO]    ✅ Turnstile resuelto
2026-09-15 02:02:11,941 [INFO]    ⏳ Turnstile detectado — esperando resolución automática...
2026-09-15 02:02:11,983 [INFO]    ✅ Turnstile resuelto
2026-09-15 02:02:22,421 [INFO]    ⏳ Turnstile detectado — esperando resolución automática...
2026-09-15 02:02:22,443 [INFO]    ✅ Turnstile resuelto
2026-09-15 02:02:33,943 [INFO]    ⏳ Turnstile detectado — esperando resolución automática...
2026-09-15 02:02:33,965 [INFO]    ✅ Turnstile resuelto
2026-09-15 02:02:37,288 [INFO]    Página 2/5 → https://www.opcionempleo.com.ar/trabajo-python.html?p=2
2026-09-15 02:02:44,630 [INFO]    ⏳ Turnstile detectado — esperando resolución automática...
2026-09-15 02:02:44,658 [INFO]    ✅ Turnstile resuelto
2026-09-15 02:02:49,136 [INFO]    → 15 ofertas encontradas
2026-09-15 02:02:57,345 [INFO]    ⏳ Turnstile detectado — esperando resolución automática...
2026-09-15 02:02:57,372 [INFO]    ✅ Turnstile resuelto
2026-09-15 02:03:08,000 [INFO]    ⏳ Turnstile detectado — esperando resolución automática...
2026-09-15 02:03:08,025 [INFO]    ✅ Turnstile resuelto
2026-09-15 02:03:19,959 [INFO]    ⏳ Turnstile detectado — esperando resolución automática...
2026-09-15 02:03:19,983 [INFO]    ✅ Turnstile resuelto
2026-09-15 02:03:31,900 [INFO]    ⏳ Turnstile detectado — esperando resolución automática...
2026-09-15 02:03:31,922 [INFO]    ✅ Turnstile resuelto
2026-09-15 02:03:43,435 [INFO]    ⏳ Turnstile detectado — esperando resolución automática...
2026-09-15 02:03:43,460 [INFO]    ✅ Turnstile resuelto
2026-09-15 02:03:53,427 [INFO]    ⏳ Turnstile detectado — esperando resolución automática...
2026-09-15 02:03:53,478 [INFO]    ✅ Turnstile resuelto
2026-09-15 02:04:05,166 [INFO]    ⏳ Turnstile detectado — esperando resolución automática...
2026-09-15 02:04:05,189 [INFO]    ✅ Turnstile resuelto
2026-09-15 02:04:17,249 [INFO]    ⏳ Turnstile detectado — esperando resolución automática...
2026-09-15 02:04:17,278 [INFO]    ✅ Turnstile resuelto
2026-09-15 02:04:27,553 [INFO]    ⏳ Turnstile detectado — esperando resolución automática...
2026-09-15 02:04:27,576 [INFO]    ✅ Turnstile resuelto
2026-09-15 02:04:37,312 [INFO]    ⏳ Turnstile detectado — esperando resolución automática...
2026-09-15 02:04:37,356 [INFO]    ✅ Turnstile resuelto
2026-09-15 02:04:48,417 [INFO]    ⏳ Turnstile detectado — esperando resolución automática...
2026-09-15 02:04:48,439 [INFO]    ✅ Turnstile resuelto
2026-09-15 02:04:59,568 [INFO]    ⏳ Turnstile detectado — esperando resolución automática...
2026-09-15 02:04:59,590 [INFO]    ✅ Turnstile resuelto
2026-09-15 02:05:11,383 [INFO]    ⏳ Turnstile detectado — esperando resolución automática...
2026-09-15 02:05:11,405 [INFO]    ✅ Turnstile resuelto
2026-09-15 02:05:22,732 [INFO]    ⏳ Turnstile detectado — esperando resolución automática...
2026-09-15 02:05:22,755 [INFO]    ✅ Turnstile resuelto
2026-09-15 02:05:33,056 [INFO]    ⏳ Turnstile detectado — esperando resolución automática...
2026-09-15 02:05:33,078 [INFO]    ✅ Turnstile resuelto
2026-09-15 02:05:36,984 [INFO]    Página 3/5 → https://www.opcionempleo.com.ar/trabajo-python.html?p=3
2026-09-15 02:05:45,367 [INFO]    ⏳ Turnstile detectado — esperando resolución automática...
2026-09-15 02:05:45,398 [INFO]    ✅ Turnstile resuelto
2026-09-15 02:05:49,342 [INFO]    → 18 ofertas encontradas
2026-09-15 02:05:56,122 [INFO]    ⏳ Turnstile detectado — esperando resolución automática...
2026-09-15 02:05:56,148 [INFO]    ✅ Turnstile resuelto
2026-09-15 02:06:06,900 [INFO]    ⏳ Turnstile detectado — esperando resolución automática...
2026-09-15 02:06:06,924 [INFO]    ✅ Turnstile resuelto
2026-09-15 02:06:18,159 [INFO]    ⏳ Turnstile detectado — esperando resolución automática...
2026-09-15 02:06:18,181 [INFO]    ✅ Turnstile resuelto
2026-09-15 02:06:27,979 [INFO]    ⏳ Turnstile detectado — esperando resolución automática...
2026-09-15 02:06:28,005 [INFO]    ✅ Turnstile resuelto
2026-09-15 02:06:37,877 [INFO]    ⏳ Turnstile detectado — esperando resolución automática...
2026-09-15 02:06:37,900 [INFO]    ✅ Turnstile resuelto
2026-09-15 02:06:47,236 [INFO]    ⏳ Turnstile detectado — esperando resolución automática...
2026-09-15 02:06:47,261 [INFO]    ✅ Turnstile resuelto
2026-09-15 02:06:57,860 [INFO]    ⏳ Turnstile detectado — esperando resolución automática...
2026-09-15 02:06:57,898 [INFO]    ✅ Turnstile resuelto
2026-09-15 02:07:09,951 [INFO]    ⏳ Turnstile detectado — esperando resolución automática...
2026-09-15 02:07:09,974 [INFO]    ✅ Turnstile resuelto
2026-09-15 02:07:20,573 [INFO]    ⏳ Turnstile detectado — esperando resolución automática...
2026-09-15 02:07:20,602 [INFO]    ✅ Turnstile resuelto
2026-09-15 02:07:30,769 [INFO]    ⏳ Turnstile detectado — esperando resolución automática...
2026-09-15 02:07:30,793 [INFO]    ✅ Turnstile resuelto
2026-09-15 02:07:40,421 [INFO]    ⏳ Turnstile detectado — esperando resolución automática...
2026-09-15 02:07:40,468 [INFO]    ✅ Turnstile resuelto
2026-09-15 02:07:50,957 [INFO]    ⏳ Turnstile detectado — esperando resolución automática...
2026-09-15 02:07:50,984 [INFO]    ✅ Turnstile resuelto
2026-09-15 02:08:03,249 [INFO]    ⏳ Turnstile detectado — esperando resolución automática...
2026-09-15 02:08:03,271 [INFO]    ✅ Turnstile resuelto
2026-09-15 02:08:14,142 [INFO]    ⏳ Turnstile detectado — esperando resolución automática...
2026-09-15 02:08:14,168 [INFO]    ✅ Turnstile resuelto
2026-09-15 02:08:26,165 [INFO]    ⏳ Turnstile detectado — esperando resolución automática...
2026-09-15 02:08:26,214 [INFO]    ✅ Turnstile resuelto
2026-09-15 02:08:38,198 [INFO]    ⏳ Turnstile detectado — esperando resolución automática...
2026-09-15 02:08:38,220 [INFO]    ✅ Turnstile resuelto
2026-09-15 02:08:49,914 [INFO]    ⏳ Turnstile detectado — esperando resolución automática...
2026-09-15 02:08:49,939 [INFO]    ✅ Turnstile resuelto
2026-09-15 02:09:00,424 [INFO]    ⏳ Turnstile detectado — esperando resolución automática...
2026-09-15 02:09:00,451 [INFO]    ✅ Turnstile resuelto
2026-09-15 02:09:04,147 [INFO]    Página 4/5 → https://www.opcionempleo.com.ar/trabajo-python.html?p=4
2026-09-15 02:09:11,507 [INFO]    ⏳ Turnstile detectado — esperando resolución automática...
2026-09-15 02:09:11,536 [INFO]    ✅ Turnstile resuelto
2026-09-15 02:09:15,748 [INFO]    → 20 ofertas encontradas
2026-09-15 02:09:23,329 [INFO]    ⏳ Turnstile detectado — esperando resolución automática...
2026-09-15 02:09:23,378 [INFO]    ✅ Turnstile resuelto
2026-09-15 02:09:33,061 [INFO]    ⏳ Turnstile detectado — esperando resolución automática...
2026-09-15 02:09:33,083 [INFO]    ✅ Turnstile resuelto
2026-09-15 02:09:44,180 [INFO]    ⏳ Turnstile detectado — esperando resolución automática...
2026-09-15 02:09:44,206 [INFO]    ✅ Turnstile resuelto
2026-09-15 02:09:53,937 [INFO]    ⏳ Turnstile detectado — esperando resolución automática...
2026-09-15 02:09:53,960 [INFO]    ✅ Turnstile resuelto
2026-09-15 02:10:04,596 [INFO]    ⏳ Turnstile detectado — esperando resolución automática...
2026-09-15 02:10:04,619 [INFO]    ✅ Turnstile resuelto
2026-09-15 02:10:15,937 [INFO]    ⏳ Turnstile detectado — esperando resolución automática...
2026-09-15 02:10:15,976 [INFO]    ✅ Turnstile resuelto
2026-09-15 02:10:27,852 [INFO]    ⏳ Turnstile detectado — esperando resolución automática...
2026-09-15 02:10:27,881 [INFO]    ✅ Turnstile resuelto
2026-09-15 02:10:38,466 [INFO]    ⏳ Turnstile detectado — esperando resolución automática...
2026-09-15 02:10:38,492 [INFO]    ✅ Turnstile resuelto
2026-09-15 02:10:48,391 [INFO]    ⏳ Turnstile detectado — esperando resolución automática...
2026-09-15 02:10:48,416 [INFO]    ✅ Turnstile resuelto
2026-09-15 02:10:58,367 [INFO]    ⏳ Turnstile detectado — esperando resolución automática...
2026-09-15 02:10:58,410 [INFO]    ✅ Turnstile resuelto
2026-09-15 02:11:09,541 [INFO]    ⏳ Turnstile detectado — esperando resolución automática...
2026-09-15 02:11:09,562 [INFO]    ✅ Turnstile resuelto
2026-09-15 02:11:20,635 [INFO]    ⏳ Turnstile detectado — esperando resolución automática...
2026-09-15 02:11:20,659 [INFO]    ✅ Turnstile resuelto
2026-09-15 02:11:30,378 [INFO]    ⏳ Turnstile detectado — esperando resolución automática...
2026-09-15 02:11:30,403 [INFO]    ✅ Turnstile resuelto
2026-09-15 02:11:41,308 [INFO]    ⏳ Turnstile detectado — esperando resolución automática...
2026-09-15 02:11:41,330 [INFO]    ✅ Turnstile resuelto
2026-09-15 02:11:53,660 [INFO]    ⏳ Turnstile detectado — esperando resolución automática...
2026-09-15 02:11:53,701 [INFO]    ✅ Turnstile resuelto
2026-09-15 02:12:04,779 [INFO]    ⏳ Turnstile detectado — esperando resolución automática...
2026-09-15 02:12:04,805 [INFO]    ✅ Turnstile resuelto
2026-09-15 02:12:17,093 [INFO]    ⏳ Turnstile detectado — esperando resolución automática...
2026-09-15 02:12:17,121 [INFO]    ✅ Turnstile resuelto
2026-09-15 02:12:27,775 [INFO]    ⏳ Turnstile detectado — esperando resolución automática...
2026-09-15 02:12:27,797 [INFO]    ✅ Turnstile resuelto
2026-09-15 02:12:39,964 [INFO]    ⏳ Turnstile detectado — esperando resolución automática...
2026-09-15 02:12:40,012 [INFO]    ✅ Turnstile resuelto
2026-09-15 02:12:51,309 [INFO]    ⏳ Turnstile detectado — esperando resolución automática...
2026-09-15 02:12:51,334 [INFO]    ✅ Turnstile resuelto
2026-09-15 02:12:54,543 [INFO]    Página 5/5 → https://www.opcionempleo.com.ar/trabajo-python.html?p=5
2026-09-15 02:13:04,045 [INFO]    ⏳ Turnstile detectado — esperando resolución automática...
2026-09-15 02:13:04,071 [INFO]    ✅ Turnstile resuelto
2026-09-15 02:13:08,663 [INFO]    → 17 ofertas encontradas
2026-09-15 02:13:16,304 [INFO]    ⏳ Turnstile detectado — esperando resolución automática...
2026-09-15 02:13:16,326 [INFO]    ✅ Turnstile resuelto
2026-09-15 02:13:27,090 [INFO]    ⏳ Turnstile detectado — esperando resolución automática...
2026-09-15 02:13:27,124 [INFO]    ✅ Turnstile resuelto
2026-09-15 02:13:36,784 [INFO]    ⏳ Turnstile detectado — esperando resolución automática...
2026-09-15 02:13:36,805 [INFO]    ✅ Turnstile resuelto
2026-09-15 02:13:46,952 [INFO]    ⏳ Turnstile detectado — esperando resolución automática...
2026-09-15 02:13:46,974 [INFO]    ✅ Turnstile resuelto
2026-09-15 02:13:57,459 [INFO]    ⏳ Turnstile detectado — esperando resolución automática...
2026-09-15 02:13:57,480 [INFO]    ✅ Turnstile resuelto
2026-09-15 02:14:08,227 [INFO]    ⏳ Turnstile detectado — esperando resolución automática...
2026-09-15 02:14:08,258 [INFO]    ✅ Turnstile resuelto
2026-09-15 02:14:19,389 [INFO]    ⏳ Turnstile detectado — esperando resolución automática...
2026-09-15 02:14:19,412 [INFO]    ✅ Turnstile resuelto
2026-09-15 02:14:30,534 [INFO]    ⏳ Turnstile detectado — esperando resolución automática...
2026-09-15 02:14:30,556 [INFO]    ✅ Turnstile resuelto
2026-09-15 02:14:42,292 [INFO]    ⏳ Turnstile detectado — esperando resolución automática...
2026-09-15 02:14:42,313 [INFO]    ✅ Turnstile resuelto
2026-09-15 02:14:54,339 [INFO]    ⏳ Turnstile detectado — esperando resolución automática...
2026-09-15 02:14:54,380 [INFO]    ✅ Turnstile resuelto
2026-09-15 02:15:04,199 [INFO]    ⏳ Turnstile detectado — esperando resolución automática...
2026-09-15 02:15:04,220 [INFO]    ✅ Turnstile resuelto
2026-09-15 02:15:14,931 [INFO]    ⏳ Turnstile detectado — esperando resolución automática...
2026-09-15 02:15:14,953 [INFO]    ✅ Turnstile resuelto
2026-09-15 02:15:26,196 [INFO]    ⏳ Turnstile detectado — esperando resolución automática...
2026-09-15 02:15:26,218 [INFO]    ✅ Turnstile resuelto
2026-09-15 02:15:36,697 [INFO]    ⏳ Turnstile detectado — esperando resolución automática...
2026-09-15 02:15:36,745 [INFO]    ✅ Turnstile resuelto
2026-09-15 02:15:46,885 [INFO]    ⏳ Turnstile detectado — esperando resolución automática...
2026-09-15 02:15:46,912 [INFO]    ✅ Turnstile resuelto
2026-09-15 02:15:57,735 [INFO]    ⏳ Turnstile detectado — esperando resolución automática...
2026-09-15 02:15:57,757 [INFO]    ✅ Turnstile resuelto
2026-09-15 02:16:08,029 [INFO]    ⏳ Turnstile detectado — esperando resolución automática...
2026-09-15 02:16:08,060 [INFO]    ✅ Turnstile resuelto
2026-09-15 02:16:11,943 [INFO] Exportadas 86 ofertas → /media/carlos-a-cicconi/Common1/Repositorios-Ing.Carlos-Cicconi/Trabajo_Final_MCD/data/raw/ofertas_opcionempleo_20260915.csv
2026-09-15 02:16:11,944 [INFO] ✅ 'Python Developer': 86 ofertas guardadas
2026-09-15 02:16:11,944 [INFO]    💤 Pausa: 8.6s
2026-09-15 02:16:20,570 [INFO] 
🔍 Buscando: 'Desarrollador Backend'
2026-09-15 02:16:20,570 [INFO]    Página 1/5 → https://www.opcionempleo.com.ar/trabajo-desarrollador-backend.html
2026-09-15 02:16:27,701 [INFO]    ⏳ Turnstile detectado — esperando resolución automática...
2026-09-15 02:16:27,731 [INFO]    ✅ Turnstile resuelto
2026-09-15 02:16:32,088 [INFO]    → 18 ofertas encontradas
2026-09-15 02:16:38,900 [INFO]    ⏳ Turnstile detectado — esperando resolución automática...
2026-09-15 02:16:38,932 [INFO]    ✅ Turnstile resuelto
2026-09-15 02:16:51,099 [INFO]    ⏳ Turnstile detectado — esperando resolución automática...
2026-09-15 02:16:51,121 [INFO]    ✅ Turnstile resuelto
2026-09-15 02:17:02,741 [INFO]    ⏳ Turnstile detectado — esperando resolución automática...
2026-09-15 02:17:02,767 [INFO]    ✅ Turnstile resuelto
2026-09-15 02:17:13,815 [INFO]    ⏳ Turnstile detectado — esperando resolución automática...
2026-09-15 02:17:13,838 [INFO]    ✅ Turnstile resuelto
2026-09-15 02:17:25,537 [INFO]    ⏳ Turnstile detectado — esperando resolución automática...
2026-09-15 02:17:25,562 [INFO]    ✅ Turnstile resuelto
2026-09-15 02:17:35,863 [INFO]    ⏳ Turnstile detectado — esperando resolución automática...
2026-09-15 02:17:35,886 [INFO]    ✅ Turnstile resuelto
2026-09-15 02:17:47,229 [INFO]    ⏳ Turnstile detectado — esperando resolución automática...
2026-09-15 02:17:47,270 [INFO]    ✅ Turnstile resuelto
2026-09-15 02:17:57,114 [INFO]    ⏳ Turnstile detectado — esperando resolución automática...
2026-09-15 02:17:57,137 [INFO]    ✅ Turnstile resuelto
2026-09-15 02:18:07,489 [INFO]    ⏳ Turnstile detectado — esperando resolución automática...
2026-09-15 02:18:07,517 [INFO]    ✅ Turnstile resuelto
2026-09-15 02:18:20,627 [INFO]    ⏳ Turnstile detectado — esperando resolución automática...
2026-09-15 02:18:20,655 [INFO]    ✅ Turnstile resuelto
2026-09-15 02:18:32,717 [INFO]    ⏳ Turnstile detectado — esperando resolución automática...
2026-09-15 02:18:32,760 [INFO]    ✅ Turnstile resuelto
2026-09-15 02:18:44,288 [INFO]    ⏳ Turnstile detectado — esperando resolución automática...
2026-09-15 02:18:44,312 [INFO]    ✅ Turnstile resuelto
2026-09-15 02:18:55,315 [INFO]    ⏳ Turnstile detectado — esperando resolución automática...
2026-09-15 02:18:55,337 [INFO]    ✅ Turnstile resuelto
2026-09-15 02:19:06,724 [INFO]    ⏳ Turnstile detectado — esperando resolución automática...
2026-09-15 02:19:06,746 [INFO]    ✅ Turnstile resuelto
2026-09-15 02:19:17,714 [INFO]    ⏳ Turnstile detectado — esperando resolución automática...
2026-09-15 02:19:17,759 [INFO]    ✅ Turnstile resuelto
2026-09-15 02:19:28,694 [INFO]    ⏳ Turnstile detectado — esperando resolución automática...
2026-09-15 02:19:28,716 [INFO]    ✅ Turnstile resuelto
2026-09-15 02:19:39,247 [INFO]    ⏳ Turnstile detectado — esperando resolución automática...
2026-09-15 02:19:39,273 [INFO]    ✅ Turnstile resuelto
2026-09-15 02:19:49,559 [INFO]    ⏳ Turnstile detectado — esperando resolución automática...
2026-09-15 02:19:49,581 [INFO]    ✅ Turnstile resuelto
2026-09-15 02:19:53,542 [INFO]    Página 2/5 → https://www.opcionempleo.com.ar/trabajo-desarrollador-backend.html?p=2
2026-09-15 02:20:02,174 [INFO]    ⏳ Turnstile detectado — esperando resolución automática...
2026-09-15 02:20:02,198 [INFO]    ✅ Turnstile resuelto
2026-09-15 02:20:06,357 [INFO]    → 19 ofertas encontradas
2026-09-15 02:20:13,926 [INFO]    ⏳ Turnstile detectado — esperando resolución automática...
2026-09-15 02:20:13,949 [INFO]    ✅ Turnstile resuelto
2026-09-15 02:20:25,003 [INFO]    ⏳ Turnstile detectado — esperando resolución automática...
2026-09-15 02:20:25,027 [INFO]    ✅ Turnstile resuelto
2026-09-15 02:20:35,544 [INFO]    ⏳ Turnstile detectado — esperando resolución automática...
2026-09-15 02:20:35,571 [INFO]    ✅ Turnstile resuelto
2026-09-15 02:20:46,362 [INFO]    ⏳ Turnstile detectado — esperando resolución automática...
2026-09-15 02:20:46,395 [INFO]    ✅ Turnstile resuelto
2026-09-15 02:20:57,203 [INFO]    ⏳ Turnstile detectado — esperando resolución automática...
2026-09-15 02:20:57,243 [INFO]    ✅ Turnstile resuelto
2026-09-15 02:21:09,048 [INFO]    ⏳ Turnstile detectado — esperando resolución automática...
2026-09-15 02:21:09,073 [INFO]    ✅ Turnstile resuelto
2026-09-15 02:21:21,746 [INFO]    ⏳ Turnstile detectado — esperando resolución automática...
2026-09-15 02:21:21,767 [INFO]    ✅ Turnstile resuelto
2026-09-15 02:21:31,325 [INFO]    ⏳ Turnstile detectado — esperando resolución automática...
2026-09-15 02:21:31,347 [INFO]    ✅ Turnstile resuelto
2026-09-15 02:21:41,975 [INFO]    ⏳ Turnstile detectado — esperando resolución automática...
2026-09-15 02:21:42,005 [INFO]    ✅ Turnstile resuelto
2026-09-15 02:21:52,741 [INFO]    ⏳ Turnstile detectado — esperando resolución automática...
2026-09-15 02:21:52,785 [INFO]    ✅ Turnstile resuelto
2026-09-15 02:22:03,774 [INFO]    ⏳ Turnstile detectado — esperando resolución automática...
2026-09-15 02:22:03,797 [INFO]    ✅ Turnstile resuelto
2026-09-15 02:22:14,578 [INFO]    ⏳ Turnstile detectado — esperando resolución automática...
2026-09-15 02:22:14,602 [INFO]    ✅ Turnstile resuelto
2026-09-15 02:22:25,968 [INFO]    ⏳ Turnstile detectado — esperando resolución automática...
2026-09-15 02:22:25,989 [INFO]    ✅ Turnstile resuelto
2026-09-15 02:22:37,343 [INFO]    ⏳ Turnstile detectado — esperando resolución automática...
2026-09-15 02:22:37,394 [INFO]    ✅ Turnstile resuelto
2026-09-15 02:22:48,497 [INFO]    ⏳ Turnstile detectado — esperando resolución automática...
2026-09-15 02:22:48,524 [INFO]    ✅ Turnstile resuelto
2026-09-15 02:22:59,689 [INFO]    ⏳ Turnstile detectado — esperando resolución automática...
2026-09-15 02:22:59,711 [INFO]    ✅ Turnstile resuelto
2026-09-15 02:23:09,938 [INFO]    ⏳ Turnstile detectado — esperando resolución automática...
2026-09-15 02:23:09,965 [INFO]    ✅ Turnstile resuelto
2026-09-15 02:23:20,170 [INFO]    ⏳ Turnstile detectado — esperando resolución automática...
2026-09-15 02:23:20,195 [INFO]    ✅ Turnstile resuelto
2026-09-15 02:23:29,890 [INFO]    ⏳ Turnstile detectado — esperando resolución automática...
2026-09-15 02:23:29,928 [INFO]    ✅ Turnstile resuelto
2026-09-15 02:23:33,734 [INFO]    Página 3/5 → https://www.opcionempleo.com.ar/trabajo-desarrollador-backend.html?p=3
2026-09-15 02:23:42,559 [INFO]    ⏳ Turnstile detectado — esperando resolución automática...
2026-09-15 02:23:42,584 [INFO]    ✅ Turnstile resuelto
2026-09-15 02:23:46,586 [INFO]    → 20 ofertas encontradas
2026-09-15 02:23:53,723 [INFO]    ⏳ Turnstile detectado — esperando resolución automática...
2026-09-15 02:23:53,746 [INFO]    ✅ Turnstile resuelto
2026-09-15 02:24:05,215 [INFO]    ⏳ Turnstile detectado — esperando resolución automática...
2026-09-15 02:24:05,240 [INFO]    ✅ Turnstile resuelto
2026-09-15 02:24:16,641 [INFO]    ⏳ Turnstile detectado — esperando resolución automática...
2026-09-15 02:24:16,690 [INFO]    ✅ Turnstile resuelto
2026-09-15 02:24:27,823 [INFO]    ⏳ Turnstile detectado — esperando resolución automática...
2026-09-15 02:24:27,845 [INFO]    ✅ Turnstile resuelto
2026-09-15 02:24:37,975 [INFO]    ⏳ Turnstile detectado — esperando resolución automática...
2026-09-15 02:24:38,000 [INFO]    ✅ Turnstile resuelto
2026-09-15 02:24:49,912 [INFO]    ⏳ Turnstile detectado — esperando resolución automática...
2026-09-15 02:24:49,939 [INFO]    ✅ Turnstile resuelto
2026-09-15 02:25:00,428 [INFO]    ⏳ Turnstile detectado — esperando resolución automática...
2026-09-15 02:25:00,473 [INFO]    ✅ Turnstile resuelto
2026-09-15 02:25:10,099 [INFO]    ⏳ Turnstile detectado — esperando resolución automática...
2026-09-15 02:25:10,123 [INFO]    ✅ Turnstile resuelto
2026-09-15 02:25:20,489 [INFO]    ⏳ Turnstile detectado — esperando resolución automática...
2026-09-15 02:25:20,517 [INFO]    ✅ Turnstile resuelto
2026-09-15 02:25:31,034 [INFO]    ⏳ Turnstile detectado — esperando resolución automática...
2026-09-15 02:25:31,057 [INFO]    ✅ Turnstile resuelto
2026-09-15 02:25:43,042 [INFO]    ⏳ Turnstile detectado — esperando resolución automática...
2026-09-15 02:25:43,065 [INFO]    ✅ Turnstile resuelto
2026-09-15 02:25:53,598 [INFO]    ⏳ Turnstile detectado — esperando resolución automática...
2026-09-15 02:25:53,647 [INFO]    ✅ Turnstile resuelto
2026-09-15 02:26:05,089 [INFO]    ⏳ Turnstile detectado — esperando resolución automática...
2026-09-15 02:26:05,111 [INFO]    ✅ Turnstile resuelto
2026-09-15 02:26:16,627 [INFO]    ⏳ Turnstile detectado — esperando resolución automática...
2026-09-15 02:26:16,649 [INFO]    ✅ Turnstile resuelto
2026-09-15 02:26:27,834 [INFO]    ⏳ Turnstile detectado — esperando resolución automática...
2026-09-15 02:26:27,857 [INFO]    ✅ Turnstile resuelto
2026-09-15 02:26:37,962 [INFO]    ⏳ Turnstile detectado — esperando resolución automática...
2026-09-15 02:26:37,986 [INFO]    ✅ Turnstile resuelto
2026-09-15 02:26:49,478 [INFO]    ⏳ Turnstile detectado — esperando resolución automática...
2026-09-15 02:26:49,505 [INFO]    ✅ Turnstile resuelto
2026-09-15 02:27:00,750 [INFO]    ⏳ Turnstile detectado — esperando resolución automática...
2026-09-15 02:27:00,776 [INFO]    ✅ Turnstile resuelto
2026-09-15 02:27:11,507 [INFO]    ⏳ Turnstile detectado — esperando resolución automática...
2026-09-15 02:27:11,530 [INFO]    ✅ Turnstile resuelto
2026-09-15 02:27:23,508 [INFO]    ⏳ Turnstile detectado — esperando resolución automática...
2026-09-15 02:27:23,531 [INFO]    ✅ Turnstile resuelto
2026-09-15 02:27:26,785 [INFO]    Página 4/5 → https://www.opcionempleo.com.ar/trabajo-desarrollador-backend.html?p=4
2026-09-15 02:27:35,768 [INFO]    ⏳ Turnstile detectado — esperando resolución automática...
2026-09-15 02:27:35,793 [INFO]    ✅ Turnstile resuelto
2026-09-15 02:27:40,429 [INFO]    → 19 ofertas encontradas
2026-09-15 02:27:47,599 [INFO]    ⏳ Turnstile detectado — esperando resolución automática...
2026-09-15 02:27:47,623 [INFO]    ✅ Turnstile resuelto
2026-09-15 02:27:58,435 [INFO]    ⏳ Turnstile detectado — esperando resolución automática...
2026-09-15 02:27:58,461 [INFO]    ✅ Turnstile resuelto
2026-09-15 02:28:08,749 [INFO]    ⏳ Turnstile detectado — esperando resolución automática...
2026-09-15 02:28:08,776 [INFO]    ✅ Turnstile resuelto
2026-09-15 02:28:19,835 [INFO]    ⏳ Turnstile detectado — esperando resolución automática...
2026-09-15 02:28:19,857 [INFO]    ✅ Turnstile resuelto
2026-09-15 02:28:29,948 [INFO]    ⏳ Turnstile detectado — esperando resolución automática...
2026-09-15 02:28:29,974 [INFO]    ✅ Turnstile resuelto
2026-09-15 02:28:40,723 [INFO]    ⏳ Turnstile detectado — esperando resolución automática...
2026-09-15 02:28:40,761 [INFO]    ✅ Turnstile resuelto
2026-09-15 02:28:51,121 [INFO]    ⏳ Turnstile detectado — esperando resolución automática...
2026-09-15 02:28:51,144 [INFO]    ✅ Turnstile resuelto
2026-09-15 02:29:01,573 [INFO]    ⏳ Turnstile detectado — esperando resolución automática...
2026-09-15 02:29:01,597 [INFO]    ✅ Turnstile resuelto
2026-09-15 02:29:12,286 [INFO]    ⏳ Turnstile detectado — esperando resolución automática...
2026-09-15 02:29:12,311 [INFO]    ✅ Turnstile resuelto
2026-09-15 02:29:24,049 [INFO]    ⏳ Turnstile detectado — esperando resolución automática...
2026-09-15 02:29:24,072 [INFO]    ✅ Turnstile resuelto
2026-09-15 02:29:35,356 [INFO]    ⏳ Turnstile detectado — esperando resolución automática...
2026-09-15 02:29:35,395 [INFO]    ✅ Turnstile resuelto
2026-09-15 02:29:46,122 [INFO]    ⏳ Turnstile detectado — esperando resolución automática...
2026-09-15 02:29:46,143 [INFO]    ✅ Turnstile resuelto
2026-09-15 02:29:57,110 [INFO]    ⏳ Turnstile detectado — esperando resolución automática...
2026-09-15 02:29:57,131 [INFO]    ✅ Turnstile resuelto
2026-09-15 02:30:07,614 [INFO]    ⏳ Turnstile detectado — esperando resolución automática...
2026-09-15 02:30:07,638 [INFO]    ✅ Turnstile resuelto
2026-09-15 02:30:17,728 [INFO]    ⏳ Turnstile detectado — esperando resolución automática...
2026-09-15 02:30:17,750 [INFO]    ✅ Turnstile resuelto
2026-09-15 02:30:28,545 [INFO]    ⏳ Turnstile detectado — esperando resolución automática...
2026-09-15 02:30:28,589 [INFO]    ✅ Turnstile resuelto
2026-09-15 02:30:39,893 [INFO]    ⏳ Turnstile detectado — esperando resolución automática...
2026-09-15 02:30:39,917 [INFO]    ✅ Turnstile resuelto
2026-09-15 02:30:49,850 [INFO]    ⏳ Turnstile detectado — esperando resolución automática...
2026-09-15 02:30:49,874 [INFO]    ✅ Turnstile resuelto
2026-09-15 02:31:00,557 [INFO]    ⏳ Turnstile detectado — esperando resolución automática...
2026-09-15 02:31:00,590 [INFO]    ✅ Turnstile resuelto
2026-09-15 02:31:04,433 [INFO]    Página 5/5 → https://www.opcionempleo.com.ar/trabajo-desarrollador-backend.html?p=5
2026-09-15 02:31:12,237 [INFO]    ⏳ Turnstile detectado — esperando resolución automática...
2026-09-15 02:31:12,262 [INFO]    ✅ Turnstile resuelto
2026-09-15 02:31:16,339 [INFO]    → 18 ofertas encontradas
2026-09-15 02:31:23,885 [INFO]    ⏳ Turnstile detectado — esperando resolución automática...
2026-09-15 02:31:23,909 [INFO]    ✅ Turnstile resuelto
2026-09-15 02:31:33,807 [INFO]    ⏳ Turnstile detectado — esperando resolución automática...
2026-09-15 02:31:33,829 [INFO]    ✅ Turnstile resuelto
2026-09-15 02:31:43,496 [INFO]    ⏳ Turnstile detectado — esperando resolución automática...
2026-09-15 02:31:43,521 [INFO]    ✅ Turnstile resuelto
2026-09-15 02:31:54,857 [INFO]    ⏳ Turnstile detectado — esperando resolución automática...
2026-09-15 02:31:54,882 [INFO]    ✅ Turnstile resuelto
2026-09-15 02:32:04,661 [INFO]    ⏳ Turnstile detectado — esperando resolución automática...
2026-09-15 02:32:04,683 [INFO]    ✅ Turnstile resuelto
2026-09-15 02:32:15,375 [INFO]    ⏳ Turnstile detectado — esperando resolución automática...
2026-09-15 02:32:15,418 [INFO]    ✅ Turnstile resuelto
2026-09-15 02:32:27,100 [INFO]    ⏳ Turnstile detectado — esperando resolución automática...
2026-09-15 02:32:27,124 [INFO]    ✅ Turnstile resuelto
2026-09-15 02:32:37,361 [INFO]    ⏳ Turnstile detectado — esperando resolución automática...
2026-09-15 02:32:37,382 [INFO]    ✅ Turnstile resuelto
2026-09-15 02:32:48,853 [INFO]    ⏳ Turnstile detectado — esperando resolución automática...
2026-09-15 02:32:48,874 [INFO]    ✅ Turnstile resuelto
2026-09-15 02:33:00,668 [INFO]    ⏳ Turnstile detectado — esperando resolución automática...
2026-09-15 02:33:00,690 [INFO]    ✅ Turnstile resuelto
2026-09-15 02:33:12,622 [INFO]    ⏳ Turnstile detectado — esperando resolución automática...
2026-09-15 02:33:12,667 [INFO]    ✅ Turnstile resuelto
2026-09-15 02:33:22,409 [INFO]    ⏳ Turnstile detectado — esperando resolución automática...
2026-09-15 02:33:22,432 [INFO]    ✅ Turnstile resuelto
2026-09-15 02:33:34,448 [INFO]    ⏳ Turnstile detectado — esperando resolución automática...
2026-09-15 02:33:34,473 [INFO]    ✅ Turnstile resuelto
2026-09-15 02:33:45,152 [INFO]    ⏳ Turnstile detectado — esperando resolución automática...
2026-09-15 02:33:45,174 [INFO]    ✅ Turnstile resuelto
2026-09-15 02:33:55,981 [INFO]    ⏳ Turnstile detectado — esperando resolución automática...
2026-09-15 02:33:56,007 [INFO]    ✅ Turnstile resuelto
2026-09-15 02:34:07,441 [INFO]    ⏳ Turnstile detectado — esperando resolución automática...
2026-09-15 02:34:07,468 [INFO]    ✅ Turnstile resuelto
2026-09-15 02:34:19,155 [INFO]    ⏳ Turnstile detectado — esperando resolución automática...
2026-09-15 02:34:19,198 [INFO]    ✅ Turnstile resuelto
2026-09-15 02:34:28,579 [INFO]    ⏳ Turnstile detectado — esperando resolución automática...
2026-09-15 02:34:28,601 [INFO]    ✅ Turnstile resuelto
2026-09-15 02:34:32,433 [INFO] Exportadas 94 ofertas → /media/carlos-a-cicconi/Common1/Repositorios-Ing.Carlos-Cicconi/Trabajo_Final_MCD/data/raw/ofertas_opcionempleo_20260915.csv
2026-09-15 02:34:32,433 [INFO] ✅ 'Desarrollador Backend': 94 ofertas guardadas
2026-09-15 02:34:32,433 [INFO]    💤 Pausa: 9.2s
2026-09-15 02:34:41,654 [INFO] 
🔍 Buscando: 'Desarrollador Full Stack'
2026-09-15 02:34:41,655 [INFO]    Página 1/5 → https://www.opcionempleo.com.ar/trabajo-desarrollador-full-stack.html
2026-09-15 02:34:50,769 [INFO]    ⏳ Turnstile detectado — esperando resolución automática...
2026-09-15 02:34:50,794 [INFO]    ✅ Turnstile resuelto
2026-09-15 02:34:55,042 [INFO]    → 19 ofertas encontradas
2026-09-15 02:35:02,205 [INFO]    ⏳ Turnstile detectado — esperando resolución automática...
2026-09-15 02:35:02,241 [INFO]    ✅ Turnstile resuelto
2026-09-15 02:35:13,538 [INFO]    ⏳ Turnstile detectado — esperando resolución automática...
2026-09-15 02:35:13,560 [INFO]    ✅ Turnstile resuelto
2026-09-15 02:35:24,552 [INFO]    ⏳ Turnstile detectado — esperando resolución automática...
2026-09-15 02:35:24,596 [INFO]    ✅ Turnstile resuelto
2026-09-15 02:35:34,960 [INFO]    ⏳ Turnstile detectado — esperando resolución automática...
2026-09-15 02:35:34,985 [INFO]    ✅ Turnstile resuelto
2026-09-15 02:35:45,466 [INFO]    ⏳ Turnstile detectado — esperando resolución automática...
2026-09-15 02:35:45,491 [INFO]    ✅ Turnstile resuelto
2026-09-15 02:35:55,118 [INFO]    ⏳ Turnstile detectado — esperando resolución automática...
2026-09-15 02:35:55,139 [INFO]    ✅ Turnstile resuelto
2026-09-15 02:36:06,154 [INFO]    ⏳ Turnstile detectado — esperando resolución automática...
2026-09-15 02:36:06,190 [INFO]    ✅ Turnstile resuelto
2026-09-15 02:36:15,761 [INFO]    ⏳ Turnstile detectado — esperando resolución automática...
2026-09-15 02:36:15,795 [INFO]    ✅ Turnstile resuelto
2026-09-15 02:36:26,392 [INFO]    ⏳ Turnstile detectado — esperando resolución automática...
2026-09-15 02:36:26,414 [INFO]    ✅ Turnstile resuelto
2026-09-15 02:36:37,773 [INFO]    ⏳ Turnstile detectado — esperando resolución automática...
2026-09-15 02:36:37,795 [INFO]    ✅ Turnstile resuelto
2026-09-15 02:36:48,604 [INFO]    ⏳ Turnstile detectado — esperando resolución automática...
2026-09-15 02:36:48,625 [INFO]    ✅ Turnstile resuelto
2026-09-15 02:36:59,292 [INFO]    ⏳ Turnstile detectado — esperando resolución automática...
2026-09-15 02:36:59,317 [INFO]    ✅ Turnstile resuelto
2026-09-15 02:37:09,072 [INFO]    ⏳ Turnstile detectado — esperando resolución automática...
2026-09-15 02:37:09,096 [INFO]    ✅ Turnstile resuelto
2026-09-15 02:37:20,909 [INFO]    ⏳ Turnstile detectado — esperando resolución automática...
2026-09-15 02:37:20,933 [INFO]    ✅ Turnstile resuelto
2026-09-15 02:37:31,006 [INFO]    ⏳ Turnstile detectado — esperando resolución automática...
2026-09-15 02:37:31,028 [INFO]    ✅ Turnstile resuelto
2026-09-15 02:37:42,048 [INFO]    ⏳ Turnstile detectado — esperando resolución automática...
2026-09-15 02:37:42,070 [INFO]    ✅ Turnstile resuelto
2026-09-15 02:37:52,045 [INFO]    ⏳ Turnstile detectado — esperando resolución automática...
2026-09-15 02:37:52,069 [INFO]    ✅ Turnstile resuelto
2026-09-15 02:38:03,371 [INFO]    ⏳ Turnstile detectado — esperando resolución automática...
2026-09-15 02:38:03,427 [INFO]    ✅ Turnstile resuelto
2026-09-15 02:38:15,958 [INFO]    ⏳ Turnstile detectado — esperando resolución automática...
2026-09-15 02:38:15,983 [INFO]    ✅ Turnstile resuelto
2026-09-15 02:38:19,954 [INFO]    Página 2/5 → https://www.opcionempleo.com.ar/trabajo-desarrollador-full-stack.html?p=2
2026-09-15 02:38:29,415 [INFO]    ⏳ Turnstile detectado — esperando resolución automática...
2026-09-15 02:38:29,439 [INFO]    ✅ Turnstile resuelto
2026-09-15 02:38:33,780 [INFO]    → 20 ofertas encontradas
2026-09-15 02:38:40,329 [INFO]    ⏳ Turnstile detectado — esperando resolución automática...
2026-09-15 02:38:40,352 [INFO]    ✅ Turnstile resuelto
2026-09-15 02:38:51,196 [INFO]    ⏳ Turnstile detectado — esperando resolución automática...
2026-09-15 02:38:51,219 [INFO]    ✅ Turnstile resuelto
2026-09-15 02:39:02,370 [INFO]    ⏳ Turnstile detectado — esperando resolución automática...
2026-09-15 02:39:02,412 [INFO]    ✅ Turnstile resuelto
2026-09-15 02:39:14,015 [INFO]    ⏳ Turnstile detectado — esperando resolución automática...
2026-09-15 02:39:14,037 [INFO]    ✅ Turnstile resuelto
2026-09-15 02:39:23,514 [INFO]    ⏳ Turnstile detectado — esperando resolución automática...
2026-09-15 02:39:23,536 [INFO]    ✅ Turnstile resuelto
2026-09-15 02:39:34,814 [INFO]    ⏳ Turnstile detectado — esperando resolución automática...
2026-09-15 02:39:34,839 [INFO]    ✅ Turnstile resuelto
2026-09-15 02:39:46,418 [INFO]    ⏳ Turnstile detectado — esperando resolución automática...
2026-09-15 02:39:46,458 [INFO]    ✅ Turnstile resuelto
2026-09-15 02:39:56,587 [INFO]    ⏳ Turnstile detectado — esperando resolución automática...
2026-09-15 02:39:56,608 [INFO]    ✅ Turnstile resuelto
2026-09-15 02:40:07,257 [INFO]    ⏳ Turnstile detectado — esperando resolución automática...
2026-09-15 02:40:07,287 [INFO]    ✅ Turnstile resuelto
2026-09-15 02:40:17,659 [INFO]    ⏳ Turnstile detectado — esperando resolución automática...
2026-09-15 02:40:17,684 [INFO]    ✅ Turnstile resuelto
2026-09-15 02:40:28,161 [INFO]    ⏳ Turnstile detectado — esperando resolución automática...
2026-09-15 02:40:28,190 [INFO]    ✅ Turnstile resuelto
2026-09-15 02:40:38,684 [INFO]    ⏳ Turnstile detectado — esperando resolución automática...
2026-09-15 02:40:38,720 [INFO]    ✅ Turnstile resuelto
2026-09-15 02:40:48,853 [INFO]    ⏳ Turnstile detectado — esperando resolución automática...
2026-09-15 02:40:48,874 [INFO]    ✅ Turnstile resuelto
2026-09-15 02:41:00,317 [INFO]    ⏳ Turnstile detectado — esperando resolución automática...
2026-09-15 02:41:00,342 [INFO]    ✅ Turnstile resuelto
2026-09-15 02:41:11,803 [INFO]    ⏳ Turnstile detectado — esperando resolución automática...
2026-09-15 02:41:11,824 [INFO]    ✅ Turnstile resuelto
2026-09-15 02:41:24,074 [INFO]    ⏳ Turnstile detectado — esperando resolución automática...
2026-09-15 02:41:24,110 [INFO]    ✅ Turnstile resuelto
2026-09-15 02:41:34,579 [INFO]    ⏳ Turnstile detectado — esperando resolución automática...
2026-09-15 02:41:34,618 [INFO]    ✅ Turnstile resuelto
2026-09-15 02:41:44,036 [INFO]    ⏳ Turnstile detectado — esperando resolución automática...
2026-09-15 02:41:44,067 [INFO]    ✅ Turnstile resuelto
2026-09-15 02:41:54,088 [INFO]    ⏳ Turnstile detectado — esperando resolución automática...
2026-09-15 02:41:54,110 [INFO]    ✅ Turnstile resuelto
2026-09-15 02:42:04,868 [INFO]    ⏳ Turnstile detectado — esperando resolución automática...
2026-09-15 02:42:04,893 [INFO]    ✅ Turnstile resuelto
2026-09-15 02:42:08,216 [INFO]    Página 3/5 → https://www.opcionempleo.com.ar/trabajo-desarrollador-full-stack.html?p=3
2026-09-15 02:42:16,971 [INFO]    ⏳ Turnstile detectado — esperando resolución automática...
2026-09-15 02:42:16,995 [INFO]    ✅ Turnstile resuelto
2026-09-15 02:42:20,857 [INFO]    → 20 ofertas encontradas
2026-09-15 02:42:28,164 [INFO]    ⏳ Turnstile detectado — esperando resolución automática...
2026-09-15 02:42:28,186 [INFO]    ✅ Turnstile resuelto
2026-09-15 02:42:39,155 [INFO]    ⏳ Turnstile detectado — esperando resolución automática...
2026-09-15 02:42:39,180 [INFO]    ✅ Turnstile resuelto
2026-09-15 02:42:51,495 [INFO]    ⏳ Turnstile detectado — esperando resolución automática...
2026-09-15 02:42:51,522 [INFO]    ✅ Turnstile resuelto
2026-09-15 02:43:02,009 [INFO]    ⏳ Turnstile detectado — esperando resolución automática...
2026-09-15 02:43:02,030 [INFO]    ✅ Turnstile resuelto
2026-09-15 02:43:13,110 [INFO]    ⏳ Turnstile detectado — esperando resolución automática...
2026-09-15 02:43:13,149 [INFO]    ✅ Turnstile resuelto
2026-09-15 02:43:24,470 [INFO]    ⏳ Turnstile detectado — esperando resolución automática...
2026-09-15 02:43:24,492 [INFO]    ✅ Turnstile resuelto
2026-09-15 02:43:34,105 [INFO]    ⏳ Turnstile detectado — esperando resolución automática...
2026-09-15 02:43:34,127 [INFO]    ✅ Turnstile resuelto
2026-09-15 02:43:45,850 [INFO]    ⏳ Turnstile detectado — esperando resolución automática...
2026-09-15 02:43:45,872 [INFO]    ✅ Turnstile resuelto
2026-09-15 02:43:55,621 [INFO]    ⏳ Turnstile detectado — esperando resolución automática...
2026-09-15 02:43:55,669 [INFO]    ✅ Turnstile resuelto
2026-09-15 02:44:05,166 [INFO]    ⏳ Turnstile detectado — esperando resolución automática...
2026-09-15 02:44:05,187 [INFO]    ✅ Turnstile resuelto
2026-09-15 02:44:15,778 [INFO]    ⏳ Turnstile detectado — esperando resolución automática...
2026-09-15 02:44:15,801 [INFO]    ✅ Turnstile resuelto
2026-09-15 02:44:27,342 [INFO]    ⏳ Turnstile detectado — esperando resolución automática...
2026-09-15 02:44:27,369 [INFO]    ✅ Turnstile resuelto
2026-09-15 02:44:37,225 [INFO]    ⏳ Turnstile detectado — esperando resolución automática...
2026-09-15 02:44:37,278 [INFO]    ✅ Turnstile resuelto
2026-09-15 02:44:49,452 [INFO]    ⏳ Turnstile detectado — esperando resolución automática...
2026-09-15 02:44:49,483 [INFO]    ✅ Turnstile resuelto
2026-09-15 02:45:01,622 [INFO]    ⏳ Turnstile detectado — esperando resolución automática...
2026-09-15 02:45:01,646 [INFO]    ✅ Turnstile resuelto
2026-09-15 02:45:11,949 [INFO]    ⏳ Turnstile detectado — esperando resolución automática...
2026-09-15 02:45:11,974 [INFO]    ✅ Turnstile resuelto
2026-09-15 02:45:22,977 [INFO]    ⏳ Turnstile detectado — esperando resolución automática...
2026-09-15 02:45:23,001 [INFO]    ✅ Turnstile resuelto
2026-09-15 02:45:32,347 [INFO]    ⏳ Turnstile detectado — esperando resolución automática...
2026-09-15 02:45:32,367 [INFO]    ✅ Turnstile resuelto
2026-09-15 02:45:42,694 [INFO]    ⏳ Turnstile detectado — esperando resolución automática...
2026-09-15 02:45:42,715 [INFO]    ✅ Turnstile resuelto
2026-09-15 02:45:53,196 [INFO]    ⏳ Turnstile detectado — esperando resolución automática...
2026-09-15 02:45:53,223 [INFO]    ✅ Turnstile resuelto
2026-09-15 02:45:56,609 [INFO]    Página 4/5 → https://www.opcionempleo.com.ar/trabajo-desarrollador-full-stack.html?p=4
2026-09-15 02:46:05,601 [INFO]    ⏳ Turnstile detectado — esperando resolución automática...
2026-09-15 02:46:05,625 [INFO]    ✅ Turnstile resuelto
2026-09-15 02:46:10,100 [INFO]    → 19 ofertas encontradas
2026-09-15 02:46:17,957 [INFO]    ⏳ Turnstile detectado — esperando resolución automática...
2026-09-15 02:46:17,980 [INFO]    ✅ Turnstile resuelto
2026-09-15 02:46:27,904 [INFO]    ⏳ Turnstile detectado — esperando resolución automática...
2026-09-15 02:46:27,926 [INFO]    ✅ Turnstile resuelto
2026-09-15 02:46:37,539 [INFO]    ⏳ Turnstile detectado — esperando resolución automática...
2026-09-15 02:46:37,566 [INFO]    ✅ Turnstile resuelto
2026-09-15 02:46:47,309 [INFO]    ⏳ Turnstile detectado — esperando resolución automática...
2026-09-15 02:46:47,331 [INFO]    ✅ Turnstile resuelto
2026-09-15 02:46:59,146 [INFO]    ⏳ Turnstile detectado — esperando resolución automática...
2026-09-15 02:46:59,168 [INFO]    ✅ Turnstile resuelto
2026-09-15 02:47:10,242 [INFO]    ⏳ Turnstile detectado — esperando resolución automática...
2026-09-15 02:47:10,263 [INFO]    ✅ Turnstile resuelto
2026-09-15 02:47:22,310 [INFO]    ⏳ Turnstile detectado — esperando resolución automática...
2026-09-15 02:47:22,345 [INFO]    ✅ Turnstile resuelto
2026-09-15 02:47:33,798 [INFO]    ⏳ Turnstile detectado — esperando resolución automática...
2026-09-15 02:47:33,822 [INFO]    ✅ Turnstile resuelto
2026-09-15 02:47:45,756 [INFO]    ⏳ Turnstile detectado — esperando resolución automática...
2026-09-15 02:47:45,778 [INFO]    ✅ Turnstile resuelto
2026-09-15 02:47:57,976 [INFO]    ⏳ Turnstile detectado — esperando resolución automática...
2026-09-15 02:47:57,998 [INFO]    ✅ Turnstile resuelto
2026-09-15 02:48:08,826 [INFO]    ⏳ Turnstile detectado — esperando resolución automática...
2026-09-15 02:48:08,853 [INFO]    ✅ Turnstile resuelto
2026-09-15 02:48:18,358 [INFO]    ⏳ Turnstile detectado — esperando resolución automática...
2026-09-15 02:48:18,399 [INFO]    ✅ Turnstile resuelto
2026-09-15 02:48:30,262 [INFO]    ⏳ Turnstile detectado — esperando resolución automática...
2026-09-15 02:48:30,287 [INFO]    ✅ Turnstile resuelto
2026-09-15 02:48:42,604 [INFO]    ⏳ Turnstile detectado — esperando resolución automática...
2026-09-15 02:48:42,629 [INFO]    ✅ Turnstile resuelto
2026-09-15 02:48:54,022 [INFO]    ⏳ Turnstile detectado — esperando resolución automática...
2026-09-15 02:48:54,046 [INFO]    ✅ Turnstile resuelto
2026-09-15 02:49:04,107 [INFO]    ⏳ Turnstile detectado — esperando resolución automática...
2026-09-15 02:49:04,130 [INFO]    ✅ Turnstile resuelto
2026-09-15 02:49:15,796 [INFO]    ⏳ Turnstile detectado — esperando resolución automática...
2026-09-15 02:49:15,836 [INFO]    ✅ Turnstile resuelto
2026-09-15 02:49:25,556 [INFO]    ⏳ Turnstile detectado — esperando resolución automática...
2026-09-15 02:49:25,581 [INFO]    ✅ Turnstile resuelto
2026-09-15 02:49:37,879 [INFO]    ⏳ Turnstile detectado — esperando resolución automática...
2026-09-15 02:49:37,900 [INFO]    ✅ Turnstile resuelto
2026-09-15 02:49:41,657 [INFO]    Página 5/5 → https://www.opcionempleo.com.ar/trabajo-desarrollador-full-stack.html?p=5
2026-09-15 02:49:51,320 [INFO]    ⏳ Turnstile detectado — esperando resolución automática...
2026-09-15 02:49:51,344 [INFO]    ✅ Turnstile resuelto
2026-09-15 02:49:55,297 [INFO]    → 20 ofertas encontradas
2026-09-15 02:50:01,368 [INFO]    ⏳ Turnstile detectado — esperando resolución automática...
2026-09-15 02:50:01,393 [INFO]    ✅ Turnstile resuelto
2026-09-15 02:50:13,357 [INFO]    ⏳ Turnstile detectado — esperando resolución automática...
2026-09-15 02:50:13,379 [INFO]    ✅ Turnstile resuelto
2026-09-15 02:50:24,628 [INFO]    ⏳ Turnstile detectado — esperando resolución automática...
2026-09-15 02:50:24,650 [INFO]    ✅ Turnstile resuelto
2026-09-15 02:50:34,339 [INFO]    ⏳ Turnstile detectado — esperando resolución automática...
2026-09-15 02:50:34,366 [INFO]    ✅ Turnstile resuelto
2026-09-15 02:50:45,284 [INFO]    ⏳ Turnstile detectado — esperando resolución automática...
2026-09-15 02:50:45,309 [INFO]    ✅ Turnstile resuelto
2026-09-15 02:50:56,385 [INFO]    ⏳ Turnstile detectado — esperando resolución automática...
2026-09-15 02:50:56,429 [INFO]    ✅ Turnstile resuelto
2026-09-15 02:51:06,745 [INFO]    ⏳ Turnstile detectado — esperando resolución automática...
2026-09-15 02:51:06,771 [INFO]    ✅ Turnstile resuelto
2026-09-15 02:51:16,544 [INFO]    ⏳ Turnstile detectado — esperando resolución automática...
2026-09-15 02:51:16,566 [INFO]    ✅ Turnstile resuelto
2026-09-15 02:51:28,049 [INFO]    ⏳ Turnstile detectado — esperando resolución automática...
2026-09-15 02:51:28,071 [INFO]    ✅ Turnstile resuelto
2026-09-15 02:51:39,089 [INFO]    ⏳ Turnstile detectado — esperando resolución automática...
2026-09-15 02:51:39,111 [INFO]    ✅ Turnstile resuelto
2026-09-15 02:51:48,255 [INFO]    ⏳ Turnstile detectado — esperando resolución automática...
2026-09-15 02:51:48,304 [INFO]    ✅ Turnstile resuelto
2026-09-15 02:51:59,375 [INFO]    ⏳ Turnstile detectado — esperando resolución automática...
2026-09-15 02:51:59,400 [INFO]    ✅ Turnstile resuelto
2026-09-15 02:52:10,486 [INFO]    ⏳ Turnstile detectado — esperando resolución automática...
2026-09-15 02:52:10,510 [INFO]    ✅ Turnstile resuelto
2026-09-15 02:52:20,642 [INFO]    ⏳ Turnstile detectado — esperando resolución automática...
2026-09-15 02:52:20,664 [INFO]    ✅ Turnstile resuelto
2026-09-15 02:52:32,133 [INFO]    ⏳ Turnstile detectado — esperando resolución automática...
2026-09-15 02:52:32,155 [INFO]    ✅ Turnstile resuelto
2026-09-15 02:52:42,950 [INFO]    ⏳ Turnstile detectado — esperando resolución automática...
2026-09-15 02:52:42,992 [INFO]    ✅ Turnstile resuelto
2026-09-15 02:52:55,221 [INFO]    ⏳ Turnstile detectado — esperando resolución automática...
2026-09-15 02:52:55,248 [INFO]    ✅ Turnstile resuelto
2026-09-15 02:53:05,274 [INFO]    ⏳ Turnstile detectado — esperando resolución automática...
2026-09-15 02:53:05,296 [INFO]    ✅ Turnstile resuelto
2026-09-15 02:53:14,810 [INFO]    ⏳ Turnstile detectado — esperando resolución automática...
2026-09-15 02:53:14,838 [INFO]    ✅ Turnstile resuelto
2026-09-15 02:53:24,758 [INFO]    ⏳ Turnstile detectado — esperando resolución automática...
2026-09-15 02:53:24,783 [INFO]    ✅ Turnstile resuelto
2026-09-15 02:53:27,935 [INFO] Exportadas 98 ofertas → /media/carlos-a-cicconi/Common1/Repositorios-Ing.Carlos-Cicconi/Trabajo_Final_MCD/data/raw/ofertas_opcionempleo_20260915.csv
2026-09-15 02:53:27,935 [INFO] ✅ 'Desarrollador Full Stack': 98 ofertas guardadas
2026-09-15 02:53:27,935 [INFO]    💤 Pausa: 10.7s
2026-09-15 02:53:38,601 [INFO] 
🔍 Buscando: 'Ingeniero de Datos'
2026-09-15 02:53:38,601 [INFO]    Página 1/5 → https://www.opcionempleo.com.ar/trabajo-ingeniero-de-datos.html
2026-09-15 02:53:48,624 [INFO]    ⏳ Turnstile detectado — esperando resolución automática...
2026-09-15 02:53:48,667 [INFO]    ✅ Turnstile resuelto
2026-09-15 02:53:52,858 [INFO]    → 19 ofertas encontradas
2026-09-15 02:54:00,768 [INFO]    ⏳ Turnstile detectado — esperando resolución automática...
2026-09-15 02:54:00,793 [INFO]    ✅ Turnstile resuelto
2026-09-15 02:54:12,589 [INFO]    ⏳ Turnstile detectado — esperando resolución automática...
2026-09-15 02:54:12,613 [INFO]    ✅ Turnstile resuelto
2026-09-15 02:54:22,020 [INFO]    ⏳ Turnstile detectado — esperando resolución automática...
2026-09-15 02:54:22,044 [INFO]    ✅ Turnstile resuelto
2026-09-15 02:54:32,382 [INFO]    ⏳ Turnstile detectado — esperando resolución automática...
2026-09-15 02:54:32,409 [INFO]    ✅ Turnstile resuelto
2026-09-15 02:54:42,639 [INFO]    ⏳ Turnstile detectado — esperando resolución automática...
2026-09-15 02:54:42,665 [INFO]    ✅ Turnstile resuelto
2026-09-15 02:54:55,087 [INFO]    ⏳ Turnstile detectado — esperando resolución automática...
2026-09-15 02:54:55,109 [INFO]    ✅ Turnstile resuelto
2026-09-15 02:55:06,044 [INFO]    ⏳ Turnstile detectado — esperando resolución automática...
2026-09-15 02:55:06,079 [INFO]    ✅ Turnstile resuelto
2026-09-15 02:55:16,491 [INFO]    ⏳ Turnstile detectado — esperando resolución automática...
2026-09-15 02:55:16,515 [INFO]    ✅ Turnstile resuelto
2026-09-15 02:55:27,768 [INFO]    ⏳ Turnstile detectado — esperando resolución automática...
2026-09-15 02:55:27,794 [INFO]    ✅ Turnstile resuelto
2026-09-15 02:55:39,432 [INFO]    ⏳ Turnstile detectado — esperando resolución automática...
2026-09-15 02:55:39,457 [INFO]    ✅ Turnstile resuelto
2026-09-15 02:55:49,816 [INFO]    ⏳ Turnstile detectado — esperando resolución automática...
2026-09-15 02:55:49,862 [INFO]    ✅ Turnstile resuelto
2026-09-15 02:56:00,095 [INFO]    ⏳ Turnstile detectado — esperando resolución automática...
2026-09-15 02:56:00,117 [INFO]    ✅ Turnstile resuelto
2026-09-15 02:56:10,068 [INFO]    ⏳ Turnstile detectado — esperando resolución automática...
2026-09-15 02:56:10,090 [INFO]    ✅ Turnstile resuelto
2026-09-15 02:56:21,916 [INFO]    ⏳ Turnstile detectado — esperando resolución automática...
2026-09-15 02:56:21,938 [INFO]    ✅ Turnstile resuelto
2026-09-15 02:56:33,443 [INFO]    ⏳ Turnstile detectado — esperando resolución automática...
2026-09-15 02:56:33,494 [INFO]    ✅ Turnstile resuelto
2026-09-15 02:56:44,681 [INFO]    ⏳ Turnstile detectado — esperando resolución automática...
2026-09-15 02:56:44,707 [INFO]    ✅ Turnstile resuelto
2026-09-15 02:56:54,217 [INFO]    ⏳ Turnstile detectado — esperando resolución automática...
2026-09-15 02:56:54,245 [INFO]    ✅ Turnstile resuelto
2026-09-15 02:57:16,969 [INFO]    ⏳ Turnstile detectado — esperando resolución automática...
2026-09-15 02:57:16,991 [INFO]    ✅ Turnstile resuelto
2026-09-15 02:57:27,171 [INFO]    ⏳ Turnstile detectado — esperando resolución automática...
2026-09-15 02:57:27,193 [INFO]    ✅ Turnstile resuelto
2026-09-15 02:57:30,884 [INFO]    Página 2/5 → https://www.opcionempleo.com.ar/trabajo-ingeniero-de-datos.html?p=2
2026-09-15 02:57:39,371 [INFO]    ⏳ Turnstile detectado — esperando resolución automática...
2026-09-15 02:57:39,418 [INFO]    ✅ Turnstile resuelto
2026-09-15 02:57:43,215 [INFO]    → 20 ofertas encontradas
2026-09-15 02:57:49,542 [INFO]    ⏳ Turnstile detectado — esperando resolución automática...
2026-09-15 02:57:49,564 [INFO]    ✅ Turnstile resuelto
2026-09-15 02:57:59,059 [INFO]    ⏳ Turnstile detectado — esperando resolución automática...
2026-09-15 02:57:59,081 [INFO]    ✅ Turnstile resuelto
2026-09-15 02:58:09,585 [INFO]    ⏳ Turnstile detectado — esperando resolución automática...
2026-09-15 02:58:09,615 [INFO]    ✅ Turnstile resuelto
2026-09-15 02:58:20,527 [INFO]    ⏳ Turnstile detectado — esperando resolución automática...
2026-09-15 02:58:20,554 [INFO]    ✅ Turnstile resuelto
2026-09-15 02:58:31,842 [INFO]    ⏳ Turnstile detectado — esperando resolución automática...
2026-09-15 02:58:31,881 [INFO]    ✅ Turnstile resuelto
2026-09-15 02:58:42,204 [INFO]    ⏳ Turnstile detectado — esperando resolución automática...
2026-09-15 02:58:42,229 [INFO]    ✅ Turnstile resuelto
2026-09-15 02:58:53,474 [INFO]    ⏳ Turnstile detectado — esperando resolución automática...
2026-09-15 02:58:53,496 [INFO]    ✅ Turnstile resuelto
2026-09-15 02:59:04,232 [INFO]    ⏳ Turnstile detectado — esperando resolución automática...
2026-09-15 02:59:04,252 [INFO]    ✅ Turnstile resuelto
2026-09-15 02:59:14,363 [INFO]    ⏳ Turnstile detectado — esperando resolución automática...
2026-09-15 02:59:14,386 [INFO]    ✅ Turnstile resuelto
2026-09-15 02:59:23,977 [INFO]    ⏳ Turnstile detectado — esperando resolución automática...
2026-09-15 02:59:24,015 [INFO]    ✅ Turnstile resuelto
2026-09-15 02:59:35,004 [INFO]    ⏳ Turnstile detectado — esperando resolución automática...
2026-09-15 02:59:35,026 [INFO]    ✅ Turnstile resuelto
2026-09-15 02:59:45,216 [INFO]    ⏳ Turnstile detectado — esperando resolución automática...
2026-09-15 02:59:45,242 [INFO]    ✅ Turnstile resuelto
2026-09-15 02:59:56,483 [INFO]    ⏳ Turnstile detectado — esperando resolución automática...
2026-09-15 02:59:56,505 [INFO]    ✅ Turnstile resuelto
2026-09-15 03:00:07,278 [INFO]    ⏳ Turnstile detectado — esperando resolución automática...
2026-09-15 03:00:07,304 [INFO]    ✅ Turnstile resuelto
2026-09-15 03:00:19,125 [INFO]    ⏳ Turnstile detectado — esperando resolución automática...
2026-09-15 03:00:19,155 [INFO]    ✅ Turnstile resuelto
2026-09-15 03:00:29,871 [INFO]    ⏳ Turnstile detectado — esperando resolución automática...
2026-09-15 03:00:29,897 [INFO]    ✅ Turnstile resuelto
2026-09-15 03:00:39,338 [INFO]    ⏳ Turnstile detectado — esperando resolución automática...
2026-09-15 03:00:39,360 [INFO]    ✅ Turnstile resuelto
2026-09-15 03:00:49,284 [INFO]    ⏳ Turnstile detectado — esperando resolución automática...
2026-09-15 03:00:49,307 [INFO]    ✅ Turnstile resuelto
2026-09-15 03:00:59,080 [INFO]    ⏳ Turnstile detectado — esperando resolución automática...
2026-09-15 03:00:59,103 [INFO]    ✅ Turnstile resuelto
2026-09-15 03:01:08,874 [INFO]    ⏳ Turnstile detectado — esperando resolución automática...
2026-09-15 03:01:08,895 [INFO]    ✅ Turnstile resuelto
2026-09-15 03:01:12,511 [INFO]    Página 3/5 → https://www.opcionempleo.com.ar/trabajo-ingeniero-de-datos.html?p=3
2026-09-15 03:01:21,140 [INFO]    ⏳ Turnstile detectado — esperando resolución automática...
2026-09-15 03:01:21,166 [INFO]    ✅ Turnstile resuelto
2026-09-15 03:01:25,045 [INFO]    → 20 ofertas encontradas
2026-09-15 03:01:32,599 [INFO]    ⏳ Turnstile detectado — esperando resolución automática...
2026-09-15 03:01:32,621 [INFO]    ✅ Turnstile resuelto
2026-09-15 03:01:43,987 [INFO]    ⏳ Turnstile detectado — esperando resolución automática...
2026-09-15 03:01:44,014 [INFO]    ✅ Turnstile resuelto
2026-09-15 03:01:53,365 [INFO]    ⏳ Turnstile detectado — esperando resolución automática...
2026-09-15 03:01:53,391 [INFO]    ✅ Turnstile resuelto
2026-09-15 03:02:04,326 [INFO]    ⏳ Turnstile detectado — esperando resolución automática...
2026-09-15 03:02:04,370 [INFO]    ✅ Turnstile resuelto
2026-09-15 03:02:15,245 [INFO]    ⏳ Turnstile detectado — esperando resolución automática...
2026-09-15 03:02:15,267 [INFO]    ✅ Turnstile resuelto
2026-09-15 03:02:26,794 [INFO]    ⏳ Turnstile detectado — esperando resolución automática...
2026-09-15 03:02:26,816 [INFO]    ✅ Turnstile resuelto
2026-09-15 03:02:37,066 [INFO]    ⏳ Turnstile detectado — esperando resolución automática...
2026-09-15 03:02:37,121 [INFO]    ✅ Turnstile resuelto
2026-09-15 03:02:47,446 [INFO]    ⏳ Turnstile detectado — esperando resolución automática...
2026-09-15 03:02:47,491 [INFO]    ✅ Turnstile resuelto
2026-09-15 03:02:59,508 [INFO]    ⏳ Turnstile detectado — esperando resolución automática...
2026-09-15 03:02:59,541 [INFO]    ✅ Turnstile resuelto
2026-09-15 03:03:11,095 [INFO]    ⏳ Turnstile detectado — esperando resolución automática...
2026-09-15 03:03:11,119 [INFO]    ✅ Turnstile resuelto
2026-09-15 03:03:22,818 [INFO]    ⏳ Turnstile detectado — esperando resolución automática...
2026-09-15 03:03:22,840 [INFO]    ✅ Turnstile resuelto
2026-09-15 03:03:34,883 [INFO]    ⏳ Turnstile detectado — esperando resolución automática...
2026-09-15 03:03:34,928 [INFO]    ✅ Turnstile resuelto
2026-09-15 03:03:47,278 [INFO]    ⏳ Turnstile detectado — esperando resolución automática...
2026-09-15 03:03:47,303 [INFO]    ✅ Turnstile resuelto
2026-09-15 03:03:59,146 [INFO]    ⏳ Turnstile detectado — esperando resolución automática...
2026-09-15 03:03:59,167 [INFO]    ✅ Turnstile resuelto
2026-09-15 03:04:09,288 [INFO]    ⏳ Turnstile detectado — esperando resolución automática...
2026-09-15 03:04:09,312 [INFO]    ✅ Turnstile resuelto
2026-09-15 03:04:20,677 [INFO]    ⏳ Turnstile detectado — esperando resolución automática...
2026-09-15 03:04:20,725 [INFO]    ✅ Turnstile resuelto
2026-09-15 03:04:32,745 [INFO]    ⏳ Turnstile detectado — esperando resolución automática...
2026-09-15 03:04:32,769 [INFO]    ✅ Turnstile resuelto
2026-09-15 03:04:42,520 [INFO]    ⏳ Turnstile detectado — esperando resolución automática...
2026-09-15 03:04:42,544 [INFO]    ✅ Turnstile resuelto
2026-09-15 03:04:54,110 [INFO]    ⏳ Turnstile detectado — esperando resolución automática...
2026-09-15 03:04:54,133 [INFO]    ✅ Turnstile resuelto
2026-09-15 03:05:05,636 [INFO]    ⏳ Turnstile detectado — esperando resolución automática...
2026-09-15 03:05:05,658 [INFO]    ✅ Turnstile resuelto
2026-09-15 03:05:09,715 [INFO]    Página 4/5 → https://www.opcionempleo.com.ar/trabajo-ingeniero-de-datos.html?p=4
2026-09-15 03:05:18,635 [INFO]    ⏳ Turnstile detectado — esperando resolución automática...
2026-09-15 03:05:18,674 [INFO]    ✅ Turnstile resuelto
2026-09-15 03:05:22,756 [INFO]    → 19 ofertas encontradas
2026-09-15 03:05:30,125 [INFO]    ⏳ Turnstile detectado — esperando resolución automática...
2026-09-15 03:05:30,148 [INFO]    ✅ Turnstile resuelto
2026-09-15 03:05:41,042 [INFO]    ⏳ Turnstile detectado — esperando resolución automática...
2026-09-15 03:05:41,070 [INFO]    ✅ Turnstile resuelto
2026-09-15 03:05:52,275 [INFO]    ⏳ Turnstile detectado — esperando resolución automática...
2026-09-15 03:05:52,302 [INFO]    ✅ Turnstile resuelto
2026-09-15 03:06:01,747 [INFO]    ⏳ Turnstile detectado — esperando resolución automática...
2026-09-15 03:06:01,771 [INFO]    ✅ Turnstile resuelto
2026-09-15 03:06:13,785 [INFO]    ⏳ Turnstile detectado — esperando resolución automática...
2026-09-15 03:06:13,829 [INFO]    ✅ Turnstile resuelto
2026-09-15 03:06:24,656 [INFO]    ⏳ Turnstile detectado — esperando resolución automática...
2026-09-15 03:06:24,678 [INFO]    ✅ Turnstile resuelto
2026-09-15 03:06:34,864 [INFO]    ⏳ Turnstile detectado — esperando resolución automática...
2026-09-15 03:06:34,890 [INFO]    ✅ Turnstile resuelto
2026-09-15 03:06:44,470 [INFO]    ⏳ Turnstile detectado — esperando resolución automática...
2026-09-15 03:06:44,495 [INFO]    ✅ Turnstile resuelto
2026-09-15 03:06:54,817 [INFO]    ⏳ Turnstile detectado — esperando resolución automática...
2026-09-15 03:06:54,862 [INFO]    ✅ Turnstile resuelto
2026-09-15 03:07:04,930 [INFO]    ⏳ Turnstile detectado — esperando resolución automática...
2026-09-15 03:07:04,963 [INFO]    ✅ Turnstile resuelto
2026-09-15 03:07:16,890 [INFO]    ⏳ Turnstile detectado — esperando resolución automática...
2026-09-15 03:07:16,920 [INFO]    ✅ Turnstile resuelto
2026-09-15 03:07:28,749 [INFO]    ⏳ Turnstile detectado — esperando resolución automática...
2026-09-15 03:07:28,770 [INFO]    ✅ Turnstile resuelto
2026-09-15 03:07:38,702 [INFO]    ⏳ Turnstile detectado — esperando resolución automática...
2026-09-15 03:07:38,746 [INFO]    ✅ Turnstile resuelto
2026-09-15 03:07:50,744 [INFO]    ⏳ Turnstile detectado — esperando resolución automática...
2026-09-15 03:07:50,765 [INFO]    ✅ Turnstile resuelto
2026-09-15 03:08:00,303 [INFO]    ⏳ Turnstile detectado — esperando resolución automática...
2026-09-15 03:08:00,329 [INFO]    ✅ Turnstile resuelto
2026-09-15 03:08:11,438 [INFO]    ⏳ Turnstile detectado — esperando resolución automática...
2026-09-15 03:08:11,460 [INFO]    ✅ Turnstile resuelto
2026-09-15 03:08:21,343 [INFO]    ⏳ Turnstile detectado — esperando resolución automática...
2026-09-15 03:08:21,367 [INFO]    ✅ Turnstile resuelto
2026-09-15 03:08:31,373 [INFO]    ⏳ Turnstile detectado — esperando resolución automática...
2026-09-15 03:08:31,414 [INFO]    ✅ Turnstile resuelto
2026-09-15 03:08:41,277 [INFO]    ⏳ Turnstile detectado — esperando resolución automática...
2026-09-15 03:08:41,299 [INFO]    ✅ Turnstile resuelto
2026-09-15 03:08:45,240 [INFO]    Página 5/5 → https://www.opcionempleo.com.ar/trabajo-ingeniero-de-datos.html?p=5
2026-09-15 03:08:54,858 [INFO]    ⏳ Turnstile detectado — esperando resolución automática...
2026-09-15 03:08:54,883 [INFO]    ✅ Turnstile resuelto
2026-09-15 03:08:59,091 [INFO]    → 17 ofertas encontradas
2026-09-15 03:09:07,035 [INFO]    ⏳ Turnstile detectado — esperando resolución automática...
2026-09-15 03:09:07,058 [INFO]    ✅ Turnstile resuelto
2026-09-15 03:09:17,384 [INFO]    ⏳ Turnstile detectado — esperando resolución automática...
2026-09-15 03:09:17,406 [INFO]    ✅ Turnstile resuelto
2026-09-15 03:09:27,888 [INFO]    ⏳ Turnstile detectado — esperando resolución automática...
2026-09-15 03:09:27,912 [INFO]    ✅ Turnstile resuelto
2026-09-15 03:09:37,683 [INFO]    ⏳ Turnstile detectado — esperando resolución automática...
2026-09-15 03:09:37,722 [INFO]    ✅ Turnstile resuelto
2026-09-15 03:09:41,773 [ERROR] Error Playwright en https://www.opcionempleo.com.ar/jobad/ar8198930404e29054cfebbc183e7c77a1: Page.content: Unable to retrieve content because the page is navigating and changing the content.
2026-09-15 03:09:49,726 [INFO]    ⏳ Turnstile detectado — esperando resolución automática...
2026-09-15 03:09:49,785 [INFO]    ✅ Turnstile resuelto
2026-09-15 03:09:59,450 [INFO]    ⏳ Turnstile detectado — esperando resolución automática...
2026-09-15 03:09:59,493 [INFO]    ✅ Turnstile resuelto
2026-09-15 03:10:09,033 [INFO]    ⏳ Turnstile detectado — esperando resolución automática...
2026-09-15 03:10:09,055 [INFO]    ✅ Turnstile resuelto
2026-09-15 03:10:20,085 [INFO]    ⏳ Turnstile detectado — esperando resolución automática...
2026-09-15 03:10:20,107 [INFO]    ✅ Turnstile resuelto
2026-09-15 03:10:32,299 [INFO]    ⏳ Turnstile detectado — esperando resolución automática...
2026-09-15 03:10:32,322 [INFO]    ✅ Turnstile resuelto
2026-09-15 03:10:43,820 [INFO]    ⏳ Turnstile detectado — esperando resolución automática...
2026-09-15 03:10:43,862 [INFO]    ✅ Turnstile resuelto
2026-09-15 03:10:56,068 [INFO]    ⏳ Turnstile detectado — esperando resolución automática...
2026-09-15 03:10:56,097 [INFO]    ✅ Turnstile resuelto
2026-09-15 03:11:07,728 [INFO]    ⏳ Turnstile detectado — esperando resolución automática...
2026-09-15 03:11:07,751 [INFO]    ✅ Turnstile resuelto
2026-09-15 03:11:19,603 [INFO]    ⏳ Turnstile detectado — esperando resolución automática...
2026-09-15 03:11:19,624 [INFO]    ✅ Turnstile resuelto
2026-09-15 03:11:29,780 [INFO]    ⏳ Turnstile detectado — esperando resolución automática...
2026-09-15 03:11:29,828 [INFO]    ✅ Turnstile resuelto
2026-09-15 03:11:42,181 [INFO]    ⏳ Turnstile detectado — esperando resolución automática...
2026-09-15 03:11:42,210 [INFO]    ✅ Turnstile resuelto
2026-09-15 03:11:52,400 [INFO]    ⏳ Turnstile detectado — esperando resolución automática...
2026-09-15 03:11:52,424 [INFO]    ✅ Turnstile resuelto
2026-09-15 03:12:02,178 [INFO]    ⏳ Turnstile detectado — esperando resolución automática...
2026-09-15 03:12:02,200 [INFO]    ✅ Turnstile resuelto
2026-09-15 03:12:05,324 [INFO] Exportadas 95 ofertas → /media/carlos-a-cicconi/Common1/Repositorios-Ing.Carlos-Cicconi/Trabajo_Final_MCD/data/raw/ofertas_opcionempleo_20260915.csv
2026-09-15 03:12:05,324 [INFO] ✅ 'Ingeniero de Datos': 95 ofertas guardadas
2026-09-15 03:12:05,324 [INFO]    💤 Pausa: 8.3s
2026-09-15 03:12:13,957 [INFO] 
============================================================
2026-09-15 03:12:13,957 [INFO] SCRAPING FINALIZADO - OpcionEmpleo Argentina
2026-09-15 03:12:13,957 [INFO] Total ofertas únicas: 937
2026-09-15 03:12:13,957 [INFO] DB : /media/carlos-a-cicconi/Common1/Repositorios-Ing.Carlos-Cicconi/Trabajo_Final_MCD/data/raw/db_opcionempleo.db
2026-09-15 03:12:13,957 [INFO] CSV: /media/carlos-a-cicconi/Common1/Repositorios-Ing.Carlos-Cicconi/Trabajo_Final_MCD/data/raw/ofertas_opcionempleo_20260915.csv
2026-09-15 03:12:13,957 [INFO] Log: /media/carlos-a-cicconi/Common1/Repositorios-Ing.Carlos-Cicconi/Trabajo_Final_MCD/logs/opcionempleo_20260915_000853.log
2026-09-15 03:12:13,957 [INFO] ============================================================
2026-09-15 03:12:13,958 [INFO]   ✅ opcionempleo: 937 ofertas recopiladas
2026-09-15 03:12:13,958 [INFO] 
============================================================
2026-09-15 03:12:13,958 [INFO]   EJECUTANDO: jobrapido (JobrapidoScraper)
2026-09-15 03:12:13,958 [INFO]   Queries: definidas en el módulo
2026-09-15 03:12:13,958 [INFO] ============================================================
2026-09-15 03:12:13,991 [INFO] DB lista: /media/carlos-a-cicconi/Common1/Repositorios-Ing.Carlos-Cicconi/Trabajo_Final_MCD/data/raw/db_jobrapido.db
2026-09-15 03:12:13,992 [INFO] Ejecutando diagnóstico de Jobrapido...
2026-09-15 03:12:17,466 [INFO]   https://ar.jobrapido.com/Ofertas-de-trabajo-para-Python?l=Argentina → HTTP 200 | 351,520 chars
2026-09-15 03:12:17,576 [INFO]   <title>: Bolsa trabajo para Python, ofertas empleo | Jobrapido.com
2026-09-15 03:12:17,577 [INFO]   JS-only:False
2026-09-15 03:12:17,582 [INFO]   Clase 'job': 45 | ejemplo: search google-one-tap-enabled not-is-jobseeker open-sans-ena
2026-09-15 03:12:17,585 [INFO]   Clase 'result': 196 | ejemplo: wrapper result-list
2026-09-15 03:12:17,593 [INFO]   Clase 'item': 230 | ejemplo: suggested-locations-item
2026-09-15 03:12:17,601 [INFO]   Links de oferta: 15
2026-09-15 03:12:17,601 [INFO]     https://open.app.jobrapido.com/ar/6751791494580928512/?w=python&l=&oc=sponsored&k=web.1.1.0&uuid=arF001a0a3e8c6fe350f&page_item_id=1751279261 | Open job preview for: Senior Data Governance & Analytics, PR
2026-09-15 03:12:17,601 [INFO]     https://open.app.jobrapido.com/ar/1747493169777344512/?w=python&l=&oc=sponsored&k=web.1.1.1&uuid=arF001a0a3e8c6fe350f&page_item_id=1648226728 | Open job preview for: Pasante de Ciencia de Datos  - Beccar
2026-09-15 03:12:17,601 [INFO]     https://open.app.jobrapido.com/ar/2648909180601106432/?w=python&l=&oc=sponsored&k=web.1.1.2&uuid=arF001a0a3e8c6fe350f&page_item_id=-1476636901 | Open job preview for: Administrador de Sistemas  - General R
2026-09-15 03:12:17,606 [INFO]   Paginación: 12345678910
2026-09-15 03:12:17,606 [INFO] JobrapidoScraper inicializado
2026-09-15 03:12:17,606 [INFO] ============================================================
2026-09-15 03:12:17,606 [INFO] INICIO - Jobrapido Argentina
2026-09-15 03:12:17,607 [INFO] 
🔍 'Data Scientist'
2026-09-15 03:12:17,607 [INFO]    Página 1/5
2026-09-15 03:12:22,944 [INFO]    → 15 encontradas
2026-09-15 03:13:55,540 [INFO]    Página 2/5
2026-09-15 03:14:00,349 [INFO]    → 20 encontradas
2026-09-15 03:16:06,855 [INFO]    Página 3/5
2026-09-15 03:16:10,479 [INFO]    → 19 encontradas
2026-09-15 03:18:06,753 [INFO]    Página 4/5
2026-09-15 03:18:11,954 [WARNING]    Sin ofertas — HTML guardado en diagnostico/
2026-09-15 03:18:11,954 [INFO]    → 0 encontradas
2026-09-15 03:18:11,958 [INFO] CSV: 54 exportadas
2026-09-15 03:18:11,959 [INFO] ✅ 'Data Scientist': 54 guardadas
2026-09-15 03:18:18,192 [INFO] 
🔍 'Data Analyst'
2026-09-15 03:18:18,192 [INFO]    Página 1/5
2026-09-15 03:18:22,495 [INFO]    → 15 encontradas
2026-09-15 03:19:56,121 [INFO]    Página 2/5
2026-09-15 03:20:01,063 [INFO]    → 20 encontradas
2026-09-15 03:21:54,411 [INFO]    Página 3/5
2026-09-15 03:22:00,401 [INFO]    → 5 encontradas
2026-09-15 03:22:28,501 [INFO]    Página 4/5
2026-09-15 03:22:33,394 [INFO]    → 15 encontradas
2026-09-15 03:24:04,043 [INFO]    Página 5/5
2026-09-15 03:24:09,546 [INFO]    → 20 encontradas
2026-09-15 03:26:12,583 [INFO] CSV: 75 exportadas
2026-09-15 03:26:12,583 [INFO] ✅ 'Data Analyst': 75 guardadas
2026-09-15 03:26:21,382 [INFO] 
🔍 'Machine Learning Engineer'
2026-09-15 03:26:21,383 [INFO]    Página 1/5
2026-09-15 03:26:28,204 [INFO]    → 14 encontradas
2026-09-15 03:27:51,903 [INFO]    Página 2/5
2026-09-15 03:27:57,232 [INFO]    → 14 encontradas
2026-09-15 03:29:21,103 [INFO]    Página 3/5
2026-09-15 03:29:24,766 [INFO]    → 19 encontradas
2026-09-15 03:31:19,580 [INFO]    Página 4/5
2026-09-15 03:31:23,091 [INFO]    → 20 encontradas
2026-09-15 03:33:29,095 [INFO]    Página 5/5
2026-09-15 03:33:34,078 [INFO]    → 13 encontradas
2026-09-15 03:34:55,787 [INFO] CSV: 80 exportadas
2026-09-15 03:34:55,787 [INFO] ✅ 'Machine Learning Engineer': 80 guardadas
2026-09-15 03:35:03,482 [INFO] 
🔍 'NLP Engineer'
2026-09-15 03:35:03,483 [INFO]    Página 1/5
2026-09-15 03:35:09,772 [INFO]    → 10 encontradas
2026-09-15 03:36:09,080 [INFO]    Página 2/5
2026-09-15 03:36:15,076 [INFO]    → 7 encontradas
2026-09-15 03:36:53,909 [INFO]    Página 3/5
2026-09-15 03:36:58,057 [INFO]    → 20 encontradas
2026-09-15 03:39:07,428 [INFO]    Página 4/5
2026-09-15 03:39:12,838 [WARNING]    Sin ofertas — HTML guardado en diagnostico/
2026-09-15 03:39:12,839 [INFO]    → 0 encontradas
2026-09-15 03:39:12,841 [INFO] CSV: 37 exportadas
2026-09-15 03:39:12,841 [INFO] ✅ 'NLP Engineer': 37 guardadas
2026-09-15 03:39:20,493 [INFO] 
🔍 'Data Engineer'
2026-09-15 03:39:20,493 [INFO]    Página 1/5
2026-09-15 03:39:25,020 [INFO]    → 13 encontradas
2026-09-15 03:40:42,902 [INFO]    Página 2/5
2026-09-15 03:40:47,051 [INFO]    → 14 encontradas
2026-09-15 03:42:08,848 [INFO]    Página 3/5
2026-09-15 03:42:12,709 [INFO]    → 13 encontradas
2026-09-15 03:43:39,432 [INFO]    Página 4/5
2026-09-15 03:43:42,918 [INFO]    → 14 encontradas
2026-09-15 03:45:10,389 [INFO]    Página 5/5
2026-09-15 03:45:15,959 [INFO]    → 20 encontradas
2026-09-15 03:47:13,224 [INFO] CSV: 74 exportadas
2026-09-15 03:47:13,225 [INFO] ✅ 'Data Engineer': 74 guardadas
2026-09-15 03:47:18,572 [INFO] 
🔍 'Software Engineer'
2026-09-15 03:47:18,573 [INFO]    Página 1/5
2026-09-15 03:47:24,564 [INFO]    → 14 encontradas
2026-09-15 03:48:45,321 [INFO]    Página 2/5
2026-09-15 03:48:50,856 [INFO]    → 15 encontradas
2026-09-15 03:50:18,880 [INFO]    Página 3/5
2026-09-15 03:50:23,773 [INFO]    → 5 encontradas
2026-09-15 03:50:56,977 [INFO]    Página 4/5
2026-09-15 03:51:02,742 [INFO]    → 18 encontradas
2026-09-15 03:52:43,663 [INFO]    Página 5/5
2026-09-15 03:52:49,610 [WARNING]    Sin ofertas — HTML guardado en diagnostico/
2026-09-15 03:52:49,610 [INFO]    → 0 encontradas
2026-09-15 03:52:49,612 [INFO] CSV: 52 exportadas
2026-09-15 03:52:49,612 [INFO] ✅ 'Software Engineer': 52 guardadas
2026-09-15 03:52:57,503 [INFO] 
🔍 'Python Developer'
2026-09-15 03:52:57,504 [INFO]    Página 1/5
2026-09-15 03:53:02,782 [INFO]    → 15 encontradas
2026-09-15 03:54:41,276 [INFO]    Página 2/5
2026-09-15 03:54:45,828 [INFO]    → 8 encontradas
2026-09-15 03:55:32,571 [INFO]    Página 3/5
2026-09-15 03:55:38,154 [INFO]    → 17 encontradas
2026-09-15 03:57:17,397 [INFO]    Página 4/5
2026-09-15 03:57:23,597 [WARNING]    Sin ofertas — HTML guardado en diagnostico/
2026-09-15 03:57:23,597 [INFO]    → 0 encontradas
2026-09-15 03:57:23,598 [INFO] CSV: 40 exportadas
2026-09-15 03:57:23,598 [INFO] ✅ 'Python Developer': 40 guardadas
2026-09-15 03:57:30,005 [INFO] 
🔍 'Desarrollador Backend'
2026-09-15 03:57:30,006 [INFO]    Página 1/5
2026-09-15 03:57:35,079 [INFO]    → 19 encontradas
2026-09-15 03:59:24,972 [INFO]    Página 2/5
2026-09-15 03:59:30,827 [INFO]    → 20 encontradas
2026-09-15 04:01:35,843 [INFO]    Página 3/5
2026-09-15 04:01:41,483 [INFO]    → 20 encontradas
2026-09-15 04:03:42,707 [INFO]    Página 4/5
2026-09-15 04:03:48,746 [INFO]    → 20 encontradas
2026-09-15 04:05:55,445 [INFO]    Página 5/5
2026-09-15 04:06:00,139 [INFO]    → 20 encontradas
2026-09-15 04:08:10,442 [INFO] CSV: 99 exportadas
2026-09-15 04:08:10,443 [INFO] ✅ 'Desarrollador Backend': 99 guardadas
2026-09-15 04:08:16,018 [INFO] 
🔍 'Desarrollador Full Stack'
2026-09-15 04:08:16,019 [INFO]    Página 1/5
2026-09-15 04:08:21,438 [INFO]    → 16 encontradas
2026-09-15 04:09:55,064 [INFO]    Página 2/5
2026-09-15 04:10:01,089 [INFO]    → 12 encontradas
2026-09-15 04:11:19,509 [INFO]    Página 3/5
2026-09-15 04:11:23,120 [INFO]    → 20 encontradas
2026-09-15 04:13:49,817 [INFO]    Página 4/5
2026-09-15 04:13:55,281 [INFO]    → 20 encontradas
2026-09-15 04:16:23,521 [INFO]    Página 5/5
2026-09-15 04:16:28,093 [WARNING]    Sin ofertas — HTML guardado en diagnostico/
2026-09-15 04:16:28,094 [INFO]    → 0 encontradas
2026-09-15 04:16:28,098 [INFO] CSV: 68 exportadas
2026-09-15 04:16:28,099 [INFO] ✅ 'Desarrollador Full Stack': 68 guardadas
2026-09-15 04:16:34,491 [INFO] 
🔍 'Ingeniero de Datos'
2026-09-15 04:16:34,492 [INFO]    Página 1/5
2026-09-15 04:16:39,653 [INFO]    → 9 encontradas
2026-09-15 04:17:38,630 [INFO]    Página 2/5
2026-09-15 04:17:45,313 [INFO]    → 17 encontradas
2026-09-15 04:19:30,822 [INFO]    Página 3/5
2026-09-15 04:19:35,511 [INFO]    → 18 encontradas
2026-09-15 04:21:24,830 [INFO]    Página 4/5
2026-09-15 04:21:30,860 [INFO]    → 18 encontradas
2026-09-15 04:23:22,476 [INFO]    Página 5/5
2026-09-15 04:23:26,290 [WARNING]    Sin ofertas — HTML guardado en diagnostico/
2026-09-15 04:23:26,290 [INFO]    → 0 encontradas
2026-09-15 04:23:26,291 [INFO] CSV: 62 exportadas
2026-09-15 04:23:26,292 [INFO] ✅ 'Ingeniero de Datos': 62 guardadas
2026-09-15 04:23:33,468 [INFO] 
============================================================
FINALIZADO — 641 ofertas
2026-09-15 04:23:33,477 [INFO]   ✅ jobrapido: 641 ofertas recopiladas
2026-09-15 04:23:33,486 [INFO] 
============================================================
2026-09-15 04:23:33,486 [INFO]   EJECUTANDO: freelancer_ar (FreelancerArScraper)
2026-09-15 04:23:33,486 [INFO]   Queries: definidas en el módulo
2026-09-15 04:23:33,487 [INFO] ============================================================
2026-09-15 04:23:33,496 [INFO] Base de datos lista: /media/carlos-a-cicconi/Common1/Repositorios-Ing.Carlos-Cicconi/Trabajo_Final_MCD/data/raw/db_freelancer_ar.db
2026-09-15 04:23:33,497 [INFO] FreelancerArScraper inicializado correctamente
2026-09-15 04:23:33,497 [INFO] ============================================================
2026-09-15 04:23:33,497 [INFO] INICIO DEL SCRAPING - freelancer.ar
2026-09-15 04:23:33,497 [INFO] Búsquedas: 10 | Páginas por búsqueda: 5
2026-09-15 04:23:33,498 [INFO] ============================================================
2026-09-15 04:23:33,498 [INFO] 
🔍 Buscando: 'Data Scientist'
2026-09-15 04:23:33,498 [INFO]    Página 1/5 → search='data scientist'
2026-09-15 04:23:39,745 [INFO]    → 4 ofertas argentinas nuevas de 4 recibidas
2026-09-15 04:23:39,749 [INFO] Exportadas 4 ofertas a CSV: /media/carlos-a-cicconi/Common1/Repositorios-Ing.Carlos-Cicconi/Trabajo_Final_MCD/data/raw/ofertas_freelancer_ar_20260915.csv
2026-09-15 04:23:39,749 [INFO] ✅ 'Data Scientist': 4 ofertas guardadas
2026-09-15 04:23:39,750 [INFO] 
🔍 Buscando: 'Data Analyst'
2026-09-15 04:23:39,750 [INFO]    Página 1/5 → search='data analyst'
2026-09-15 04:23:45,560 [INFO]    → 20 ofertas argentinas nuevas de 20 recibidas
2026-09-15 04:23:45,561 [INFO]    Página 2/5 → search='data analyst'
2026-09-15 04:23:50,344 [INFO]    → 6 ofertas argentinas nuevas de 6 recibidas
2026-09-15 04:23:50,364 [INFO] Exportadas 26 ofertas a CSV: /media/carlos-a-cicconi/Common1/Repositorios-Ing.Carlos-Cicconi/Trabajo_Final_MCD/data/raw/ofertas_freelancer_ar_20260915.csv
2026-09-15 04:23:50,365 [INFO] ✅ 'Data Analyst': 26 ofertas guardadas
2026-09-15 04:23:50,365 [INFO] 
🔍 Buscando: 'Machine Learning Engineer'
2026-09-15 04:23:50,366 [INFO]    Página 1/5 → search='machine learning'
2026-09-15 04:23:54,633 [INFO]    → 14 ofertas argentinas nuevas de 17 recibidas
2026-09-15 04:23:54,642 [INFO] Exportadas 14 ofertas a CSV: /media/carlos-a-cicconi/Common1/Repositorios-Ing.Carlos-Cicconi/Trabajo_Final_MCD/data/raw/ofertas_freelancer_ar_20260915.csv
2026-09-15 04:23:54,643 [INFO] ✅ 'Machine Learning Engineer': 14 ofertas guardadas
2026-09-15 04:23:54,643 [INFO] 
🔍 Buscando: 'NLP Engineer'
2026-09-15 04:23:54,643 [INFO]    Página 1/5 → search='nlp'
2026-09-15 04:23:59,714 [INFO]    → 1 ofertas argentinas nuevas de 3 recibidas
2026-09-15 04:23:59,721 [INFO] Exportadas 1 ofertas a CSV: /media/carlos-a-cicconi/Common1/Repositorios-Ing.Carlos-Cicconi/Trabajo_Final_MCD/data/raw/ofertas_freelancer_ar_20260915.csv
2026-09-15 04:23:59,722 [INFO] ✅ 'NLP Engineer': 1 ofertas guardadas
2026-09-15 04:23:59,722 [INFO] 
🔍 Buscando: 'Data Engineer'
2026-09-15 04:23:59,722 [INFO]    Página 1/5 → search='data engineer'
2026-09-15 04:24:04,813 [INFO]    → 16 ofertas argentinas nuevas de 20 recibidas
2026-09-15 04:24:04,814 [INFO]    Página 2/5 → search='data engineer'
2026-09-15 04:24:09,792 [INFO]    → 6 ofertas argentinas nuevas de 10 recibidas
2026-09-15 04:24:09,814 [INFO] Exportadas 22 ofertas a CSV: /media/carlos-a-cicconi/Common1/Repositorios-Ing.Carlos-Cicconi/Trabajo_Final_MCD/data/raw/ofertas_freelancer_ar_20260915.csv
2026-09-15 04:24:09,814 [INFO] ✅ 'Data Engineer': 22 ofertas guardadas
2026-09-15 04:24:09,815 [INFO] 
🔍 Buscando: 'Software Engineer'
2026-09-15 04:24:09,815 [INFO]    Página 1/5 → search='software engineer'
2026-09-15 04:24:14,760 [INFO]    → 14 ofertas argentinas nuevas de 20 recibidas
2026-09-15 04:24:14,760 [INFO]    Página 2/5 → search='software engineer'
2026-09-15 04:24:19,387 [INFO]    → 6 ofertas argentinas nuevas de 18 recibidas
2026-09-15 04:24:19,404 [INFO] Exportadas 20 ofertas a CSV: /media/carlos-a-cicconi/Common1/Repositorios-Ing.Carlos-Cicconi/Trabajo_Final_MCD/data/raw/ofertas_freelancer_ar_20260915.csv
2026-09-15 04:24:19,404 [INFO] ✅ 'Software Engineer': 20 ofertas guardadas
2026-09-15 04:24:19,405 [INFO] 
🔍 Buscando: 'Python Developer'
2026-09-15 04:24:19,405 [INFO]    Página 1/5 → search='python'
2026-09-15 04:24:24,376 [INFO]    → 19 ofertas argentinas nuevas de 20 recibidas
2026-09-15 04:24:24,376 [INFO]    Página 2/5 → search='python'
2026-09-15 04:24:28,376 [INFO]    → 16 ofertas argentinas nuevas de 20 recibidas
2026-09-15 04:24:28,376 [INFO]    Página 3/5 → search='python'
2026-09-15 04:24:34,174 [INFO]    → 19 ofertas argentinas nuevas de 20 recibidas
2026-09-15 04:24:34,175 [INFO]    Página 4/5 → search='python'
2026-09-15 04:24:40,172 [INFO]    → 16 ofertas argentinas nuevas de 20 recibidas
2026-09-15 04:24:40,173 [INFO]    Página 5/5 → search='python'
2026-09-15 04:24:45,521 [INFO]    → 18 ofertas argentinas nuevas de 20 recibidas
2026-09-15 04:24:45,558 [INFO] Exportadas 88 ofertas a CSV: /media/carlos-a-cicconi/Common1/Repositorios-Ing.Carlos-Cicconi/Trabajo_Final_MCD/data/raw/ofertas_freelancer_ar_20260915.csv
2026-09-15 04:24:45,558 [INFO] ✅ 'Python Developer': 88 ofertas guardadas
2026-09-15 04:24:45,558 [INFO] 
🔍 Buscando: 'Desarrollador Backend'
2026-09-15 04:24:45,558 [INFO]    Página 1/5 → search='desarrollador backend'
2026-09-15 04:24:50,393 [INFO]    → 17 ofertas argentinas nuevas de 20 recibidas
2026-09-15 04:24:50,400 [INFO]    Página 2/5 → search='desarrollador backend'
2026-09-15 04:24:55,759 [INFO]    → 13 ofertas argentinas nuevas de 14 recibidas
2026-09-15 04:24:55,770 [INFO] Exportadas 30 ofertas a CSV: /media/carlos-a-cicconi/Common1/Repositorios-Ing.Carlos-Cicconi/Trabajo_Final_MCD/data/raw/ofertas_freelancer_ar_20260915.csv
2026-09-15 04:24:55,770 [INFO] ✅ 'Desarrollador Backend': 30 ofertas guardadas
2026-09-15 04:24:55,770 [INFO] 
🔍 Buscando: 'Desarrollador Full Stack'
2026-09-15 04:24:55,770 [INFO]    Página 1/5 → search='desarrollador full stack'
2026-09-15 04:25:00,460 [INFO]    → 15 ofertas argentinas nuevas de 20 recibidas
2026-09-15 04:25:00,460 [INFO]    Página 2/5 → search='desarrollador full stack'
2026-09-15 04:25:05,345 [INFO]    → 13 ofertas argentinas nuevas de 20 recibidas
2026-09-15 04:25:05,345 [INFO]    Página 3/5 → search='desarrollador full stack'
2026-09-15 04:25:09,613 [INFO]    → 1 ofertas argentinas nuevas de 3 recibidas
2026-09-15 04:25:09,632 [INFO] Exportadas 29 ofertas a CSV: /media/carlos-a-cicconi/Common1/Repositorios-Ing.Carlos-Cicconi/Trabajo_Final_MCD/data/raw/ofertas_freelancer_ar_20260915.csv
2026-09-15 04:25:09,632 [INFO] ✅ 'Desarrollador Full Stack': 29 ofertas guardadas
2026-09-15 04:25:09,633 [INFO] 
🔍 Buscando: 'Ingeniero de Datos'
2026-09-15 04:25:09,633 [INFO]    Página 1/5 → search='ingeniero de datos'
2026-09-15 04:25:15,344 [INFO]    → 14 ofertas argentinas nuevas de 20 recibidas
2026-09-15 04:25:15,344 [INFO]    Página 2/5 → search='ingeniero de datos'
2026-09-15 04:25:21,224 [INFO]    → 17 ofertas argentinas nuevas de 20 recibidas
2026-09-15 04:25:21,224 [INFO]    Página 3/5 → search='ingeniero de datos'
2026-09-15 04:25:26,357 [INFO]    → 19 ofertas argentinas nuevas de 20 recibidas
2026-09-15 04:25:26,357 [INFO]    Página 4/5 → search='ingeniero de datos'
2026-09-15 04:25:32,158 [INFO]    → 20 ofertas argentinas nuevas de 20 recibidas
2026-09-15 04:25:32,159 [INFO]    Página 5/5 → search='ingeniero de datos'
2026-09-15 04:25:36,613 [INFO]    → 19 ofertas argentinas nuevas de 20 recibidas
2026-09-15 04:25:36,633 [INFO] Exportadas 89 ofertas a CSV: /media/carlos-a-cicconi/Common1/Repositorios-Ing.Carlos-Cicconi/Trabajo_Final_MCD/data/raw/ofertas_freelancer_ar_20260915.csv
2026-09-15 04:25:36,633 [INFO] ✅ 'Ingeniero de Datos': 89 ofertas guardadas
2026-09-15 04:25:36,633 [INFO] 
============================================================
2026-09-15 04:25:36,633 [INFO] SCRAPING FINALIZADO - freelancer.ar
2026-09-15 04:25:36,633 [INFO] Total de ofertas únicas recopiladas: 323
2026-09-15 04:25:36,633 [INFO] Descartadas por no ser de Argentina : 0
2026-09-15 04:25:36,633 [INFO] Base de datos : /media/carlos-a-cicconi/Common1/Repositorios-Ing.Carlos-Cicconi/Trabajo_Final_MCD/data/raw/db_freelancer_ar.db
2026-09-15 04:25:36,633 [INFO] CSV exportado : /media/carlos-a-cicconi/Common1/Repositorios-Ing.Carlos-Cicconi/Trabajo_Final_MCD/data/raw/ofertas_freelancer_ar_20260915.csv
2026-09-15 04:25:36,633 [INFO] Log guardado  : /media/carlos-a-cicconi/Common1/Repositorios-Ing.Carlos-Cicconi/Trabajo_Final_MCD/logs/freelancer_ar_scraper_20260915_042333.log
2026-09-15 04:25:36,633 [INFO] ============================================================
2026-09-15 04:25:36,634 [INFO] Estadísticas guardadas: /media/carlos-a-cicconi/Common1/Repositorios-Ing.Carlos-Cicconi/Trabajo_Final_MCD/data/raw/stats_freelancer_ar_20260915_042536.json
2026-09-15 04:25:36,634 [INFO]   ✅ freelancer_ar: 323 ofertas recopiladas
2026-09-15 04:25:36,634 [INFO] 
============================================================
2026-09-15 04:25:36,635 [INFO]   EJECUTANDO: randstad (RandstadScraper)
2026-09-15 04:25:36,635 [INFO]   Queries: definidas en el módulo
2026-09-15 04:25:36,635 [INFO] ============================================================
2026-09-15 04:25:36,639 [INFO] Base de datos lista: /media/carlos-a-cicconi/Common1/Repositorios-Ing.Carlos-Cicconi/Trabajo_Final_MCD/data/raw/db_randstad.db
2026-09-15 04:25:36,639 [INFO] RandstadScraper inicializado correctamente
2026-09-15 04:25:36,639 [INFO] ============================================================
2026-09-15 04:25:36,639 [INFO] INICIO DEL SCRAPING - Randstad Argentina
2026-09-15 04:25:36,639 [INFO] Búsquedas: 10 | Páginas por búsqueda: 5
2026-09-15 04:25:36,639 [INFO] ============================================================
2026-09-15 04:25:36,639 [INFO] 
🔍 Buscando: 'Data Scientist'
2026-09-15 04:25:36,639 [INFO]    Página 1/5 → query='data scientist'
2026-09-15 04:25:39,796 [INFO]    → Sin más resultados para esta búsqueda.
2026-09-15 04:25:39,796 [INFO] ✅ 'Data Scientist': 0 ofertas guardadas
2026-09-15 04:25:39,797 [INFO] 
🔍 Buscando: 'Data Analyst'
2026-09-15 04:25:39,797 [INFO]    Página 1/5 → query='data analyst'
2026-09-15 04:25:42,399 [INFO]    → Sin más resultados para esta búsqueda.
2026-09-15 04:25:42,399 [INFO] ✅ 'Data Analyst': 0 ofertas guardadas
2026-09-15 04:25:42,400 [INFO] 
🔍 Buscando: 'Machine Learning Engineer'
2026-09-15 04:25:42,400 [INFO]    Página 1/5 → query='machine learning'
2026-09-15 04:25:49,620 [INFO]    → 1 ofertas nuevas (total en el sitio: 1)
2026-09-15 04:25:49,621 [INFO] Exportadas 1 ofertas a CSV: /media/carlos-a-cicconi/Common1/Repositorios-Ing.Carlos-Cicconi/Trabajo_Final_MCD/data/raw/ofertas_randstad_20260915.csv
2026-09-15 04:25:49,621 [INFO] ✅ 'Machine Learning Engineer': 1 ofertas guardadas
2026-09-15 04:25:49,622 [INFO] 
🔍 Buscando: 'NLP Engineer'
2026-09-15 04:25:49,622 [INFO]    Página 1/5 → query='nlp'
2026-09-15 04:25:53,573 [INFO]    → Sin más resultados para esta búsqueda.
2026-09-15 04:25:53,574 [INFO] ✅ 'NLP Engineer': 0 ofertas guardadas
2026-09-15 04:25:53,574 [INFO] 
🔍 Buscando: 'Data Engineer'
2026-09-15 04:25:53,575 [INFO]    Página 1/5 → query='data engineer'
2026-09-15 04:25:57,113 [INFO]    → Sin más resultados para esta búsqueda.
2026-09-15 04:25:57,113 [INFO] ✅ 'Data Engineer': 0 ofertas guardadas
2026-09-15 04:25:57,114 [INFO] 
🔍 Buscando: 'Software Engineer'
2026-09-15 04:25:57,114 [INFO]    Página 1/5 → query='software engineer'
2026-09-15 04:26:01,637 [INFO]    → Sin más resultados para esta búsqueda.
2026-09-15 04:26:01,637 [INFO] ✅ 'Software Engineer': 0 ofertas guardadas
2026-09-15 04:26:01,637 [INFO] 
🔍 Buscando: 'Python Developer'
2026-09-15 04:26:01,637 [INFO]    Página 1/5 → query='python'
2026-09-15 04:26:11,148 [INFO]    → 2 ofertas nuevas (total en el sitio: 3)
2026-09-15 04:26:11,157 [INFO] Exportadas 2 ofertas a CSV: /media/carlos-a-cicconi/Common1/Repositorios-Ing.Carlos-Cicconi/Trabajo_Final_MCD/data/raw/ofertas_randstad_20260915.csv
2026-09-15 04:26:11,157 [INFO] ✅ 'Python Developer': 2 ofertas guardadas
2026-09-15 04:26:11,158 [INFO] 
🔍 Buscando: 'Desarrollador Backend'
2026-09-15 04:26:11,158 [INFO]    Página 1/5 → query='desarrollador backend'
2026-09-15 04:26:15,537 [INFO]    → Sin más resultados para esta búsqueda.
2026-09-15 04:26:15,537 [INFO] ✅ 'Desarrollador Backend': 0 ofertas guardadas
2026-09-15 04:26:15,538 [INFO] 
🔍 Buscando: 'Desarrollador Full Stack'
2026-09-15 04:26:15,538 [INFO]    Página 1/5 → query='desarrollador full stack'
2026-09-15 04:26:18,621 [INFO]    → Sin más resultados para esta búsqueda.
2026-09-15 04:26:18,622 [INFO] ✅ 'Desarrollador Full Stack': 0 ofertas guardadas
2026-09-15 04:26:18,622 [INFO] 
🔍 Buscando: 'Ingeniero de Datos'
2026-09-15 04:26:18,622 [INFO]    Página 1/5 → query='ingeniero de datos'
2026-09-15 04:26:22,488 [INFO]    → Sin más resultados para esta búsqueda.
2026-09-15 04:26:22,488 [INFO] ✅ 'Ingeniero de Datos': 0 ofertas guardadas
2026-09-15 04:26:22,488 [INFO] 
============================================================
2026-09-15 04:26:22,488 [INFO] SCRAPING FINALIZADO - Randstad
2026-09-15 04:26:22,488 [INFO] Total de ofertas únicas recopiladas: 3
2026-09-15 04:26:22,489 [INFO] Base de datos : /media/carlos-a-cicconi/Common1/Repositorios-Ing.Carlos-Cicconi/Trabajo_Final_MCD/data/raw/db_randstad.db
2026-09-15 04:26:22,489 [INFO] CSV exportado : /media/carlos-a-cicconi/Common1/Repositorios-Ing.Carlos-Cicconi/Trabajo_Final_MCD/data/raw/ofertas_randstad_20260915.csv
2026-09-15 04:26:22,489 [INFO] Log guardado  : /media/carlos-a-cicconi/Common1/Repositorios-Ing.Carlos-Cicconi/Trabajo_Final_MCD/logs/randstad_scraper_20260915_042536.log
2026-09-15 04:26:22,489 [INFO] ============================================================
2026-09-15 04:26:22,489 [INFO] Estadísticas guardadas: /media/carlos-a-cicconi/Common1/Repositorios-Ing.Carlos-Cicconi/Trabajo_Final_MCD/data/raw/stats_randstad_20260915_042622.json
2026-09-15 04:26:22,489 [INFO]   ✅ randstad: 3 ofertas recopiladas
2026-09-15 04:26:22,490 [INFO] 
============================================================
2026-09-15 04:26:22,490 [INFO]   EJECUTANDO: adecco (AdeccoScraper)
2026-09-15 04:26:22,490 [INFO]   Queries: definidas en el módulo
2026-09-15 04:26:22,490 [INFO] ============================================================
2026-09-15 04:26:22,496 [INFO] Base de datos lista: /media/carlos-a-cicconi/Common1/Repositorios-Ing.Carlos-Cicconi/Trabajo_Final_MCD/data/raw/db_adecco.db
2026-09-15 04:26:22,496 [INFO] AdeccoScraper inicializado correctamente
2026-09-15 04:26:22,496 [INFO] ============================================================
2026-09-15 04:26:22,496 [INFO] INICIO DEL SCRAPING - Adecco Argentina
2026-09-15 04:26:22,496 [INFO] Búsquedas: 10
2026-09-15 04:26:22,496 [INFO] ============================================================
2026-09-15 04:26:22,496 [INFO] 
🔍 Buscando: 'Data Scientist'
2026-09-15 04:26:26,422 [INFO]    → 0 ofertas encontradas
2026-09-15 04:26:26,423 [INFO] ✅ 'Data Scientist': 0 ofertas guardadas
2026-09-15 04:26:26,424 [INFO] 
🔍 Buscando: 'Data Analyst'
2026-09-15 04:26:28,571 [INFO]    → 1 ofertas encontradas
2026-09-15 04:26:30,311 [INFO] Exportadas 1 ofertas a CSV: /media/carlos-a-cicconi/Common1/Repositorios-Ing.Carlos-Cicconi/Trabajo_Final_MCD/data/raw/ofertas_adecco_20260915.csv
2026-09-15 04:26:30,311 [INFO] ✅ 'Data Analyst': 1 ofertas guardadas
2026-09-15 04:26:30,311 [INFO] 
🔍 Buscando: 'Machine Learning Engineer'
2026-09-15 04:26:32,310 [INFO]    → 0 ofertas encontradas
2026-09-15 04:26:32,311 [INFO] ✅ 'Machine Learning Engineer': 0 ofertas guardadas
2026-09-15 04:26:32,311 [INFO] 
🔍 Buscando: 'NLP Engineer'
2026-09-15 04:26:35,460 [INFO]    → 0 ofertas encontradas
2026-09-15 04:26:35,460 [INFO] ✅ 'NLP Engineer': 0 ofertas guardadas
2026-09-15 04:26:35,460 [INFO] 
🔍 Buscando: 'Data Engineer'
2026-09-15 04:26:37,399 [INFO]    → 2 ofertas encontradas
2026-09-15 04:26:40,107 [INFO] Exportadas 1 ofertas a CSV: /media/carlos-a-cicconi/Common1/Repositorios-Ing.Carlos-Cicconi/Trabajo_Final_MCD/data/raw/ofertas_adecco_20260915.csv
2026-09-15 04:26:40,108 [INFO] ✅ 'Data Engineer': 1 ofertas guardadas
2026-09-15 04:26:40,108 [INFO] 
🔍 Buscando: 'Software Engineer'
2026-09-15 04:26:43,080 [INFO]    → 0 ofertas encontradas
2026-09-15 04:26:43,080 [INFO] ✅ 'Software Engineer': 0 ofertas guardadas
2026-09-15 04:26:43,081 [INFO] 
🔍 Buscando: 'Python Developer'
2026-09-15 04:26:45,993 [INFO]    → 1 ofertas encontradas
2026-09-15 04:26:48,403 [INFO] Exportadas 1 ofertas a CSV: /media/carlos-a-cicconi/Common1/Repositorios-Ing.Carlos-Cicconi/Trabajo_Final_MCD/data/raw/ofertas_adecco_20260915.csv
2026-09-15 04:26:48,403 [INFO] ✅ 'Python Developer': 1 ofertas guardadas
2026-09-15 04:26:48,404 [INFO] 
🔍 Buscando: 'Desarrollador Backend'
2026-09-15 04:26:50,266 [INFO]    → 1 ofertas encontradas
2026-09-15 04:26:53,461 [INFO] Exportadas 1 ofertas a CSV: /media/carlos-a-cicconi/Common1/Repositorios-Ing.Carlos-Cicconi/Trabajo_Final_MCD/data/raw/ofertas_adecco_20260915.csv
2026-09-15 04:26:53,462 [INFO] ✅ 'Desarrollador Backend': 1 ofertas guardadas
2026-09-15 04:26:53,462 [INFO] 
🔍 Buscando: 'Desarrollador Full Stack'
2026-09-15 04:26:56,104 [INFO]    → 0 ofertas encontradas
2026-09-15 04:26:56,105 [INFO] ✅ 'Desarrollador Full Stack': 0 ofertas guardadas
2026-09-15 04:26:56,105 [INFO] 
🔍 Buscando: 'Ingeniero de Datos'
2026-09-15 04:26:58,056 [INFO]    → 0 ofertas encontradas
2026-09-15 04:26:58,056 [INFO] ✅ 'Ingeniero de Datos': 0 ofertas guardadas
2026-09-15 04:26:58,057 [INFO] 
============================================================
2026-09-15 04:26:58,057 [INFO] SCRAPING FINALIZADO - Adecco
2026-09-15 04:26:58,058 [INFO] Total de ofertas únicas recopiladas: 4
2026-09-15 04:26:58,058 [INFO] Base de datos : /media/carlos-a-cicconi/Common1/Repositorios-Ing.Carlos-Cicconi/Trabajo_Final_MCD/data/raw/db_adecco.db
2026-09-15 04:26:58,059 [INFO] CSV exportado : /media/carlos-a-cicconi/Common1/Repositorios-Ing.Carlos-Cicconi/Trabajo_Final_MCD/data/raw/ofertas_adecco_20260915.csv
2026-09-15 04:26:58,059 [INFO] Log guardado  : /media/carlos-a-cicconi/Common1/Repositorios-Ing.Carlos-Cicconi/Trabajo_Final_MCD/logs/adecco_scraper_20260915_042622.log
2026-09-15 04:26:58,060 [INFO] ============================================================
2026-09-15 04:26:58,069 [INFO] Estadísticas guardadas: /media/carlos-a-cicconi/Common1/Repositorios-Ing.Carlos-Cicconi/Trabajo_Final_MCD/data/raw/stats_adecco_20260915_042658.json
2026-09-15 04:26:58,069 [INFO]   ✅ adecco: 4 ofertas recopiladas
2026-09-15 04:26:58,071 [INFO] 
=================================================================
2026-09-15 04:26:58,071 [INFO]   FASE 2: CONSOLIDACIÓN
2026-09-15 04:26:58,072 [INFO] =================================================================
2026-09-15 04:26:58,073 [INFO] Consolidado DB lista: /media/carlos-a-cicconi/Common1/Repositorios-Ing.Carlos-Cicconi/Trabajo_Final_MCD/data/raw/consolidado/ofertas_consolidadas.db
2026-09-15 04:26:58,092 [INFO] 
  📂 Procesando: linkedin (db_linkedin.db)
2026-09-15 04:26:58,122 [INFO]   Leídas 610 ofertas de db_linkedin.db
2026-09-15 04:26:58,132 [INFO]     🔗 Verificando 48 links...
2026-09-15 04:27:01,478 [INFO]   ✅ linkedin: leídas=610 | nuevas=48 | dup=510 | old=52 | link-inactivo=0
2026-09-15 04:27:01,479 [INFO] 
  📂 Procesando: computrabajo (db_computrabajo.db)
2026-09-15 04:27:01,487 [INFO]   Leídas 200 ofertas de db_computrabajo.db
2026-09-15 04:27:01,492 [INFO]     🔗 Verificando 76 links...
2026-09-15 04:27:17,113 [INFO]   ✅ computrabajo: leídas=200 | nuevas=76 | dup=124 | old=0 | link-inactivo=0
2026-09-15 04:27:17,114 [INFO] 
  📂 Procesando: getonboard (db_getonboard.db)
2026-09-15 04:27:17,139 [INFO]   Leídas 480 ofertas de db_getonboard.db
2026-09-15 04:27:17,147 [INFO]     🔗 Verificando 7 links...
2026-09-15 04:27:19,773 [INFO]   ✅ getonboard: leídas=480 | nuevas=7 | dup=422 | old=51 | link-inactivo=0
2026-09-15 04:27:19,773 [INFO] 
  📂 Procesando: bumeran (db_bumeran.db)
2026-09-15 04:27:19,777 [INFO]   Leídas 126 ofertas de db_bumeran.db
2026-09-15 04:27:19,780 [INFO]     🔗 Verificando 1 links...
2026-09-15 04:27:20,195 [INFO]   ✅ bumeran: leídas=126 | nuevas=1 | dup=125 | old=0 | link-inactivo=0
2026-09-15 04:27:20,195 [INFO] 
  📂 Procesando: zonajobs (db_zonajobs.db)
2026-09-15 04:27:20,201 [INFO]   Leídas 124 ofertas de db_zonajobs.db
2026-09-15 04:27:20,203 [INFO]     🔗 Verificando 1 links...
2026-09-15 04:27:20,573 [INFO]   ✅ zonajobs: leídas=124 | nuevas=1 | dup=123 | old=0 | link-inactivo=0
2026-09-15 04:27:20,574 [INFO] 
  📂 Procesando: opcionempleo (db_opcionempleo.db)
2026-09-15 04:27:20,640 [INFO]   Leídas 2,269 ofertas de db_opcionempleo.db
2026-09-15 04:27:20,644 [INFO]     🔗 Verificando 751 links...
2026-09-15 04:28:34,282 [INFO]   ✅ opcionempleo: leídas=2,269 | nuevas=751 | dup=1,518 | old=0 | link-inactivo=0
2026-09-15 04:28:34,282 [INFO] 
  📂 Procesando: jobrapido (db_jobrapido.db)
2026-09-15 04:28:34,295 [INFO]   Leídas 1,295 ofertas de db_jobrapido.db
2026-09-15 04:28:34,297 [INFO]     🔗 Verificando 106 links...
2026-09-15 04:28:34,920 [INFO]     🔗❌ Link inactivo, descartada: Desarrollador/A Full Stack Php (Rosario) → https://ar.jobrapido.com/jobpreview/7516925349834260480?redirectTo=https%253A%252F%252Fwww.kitempleo.com.ar%252Fempleo%252F52580871%252Fdesarrollador-a-full-stack-php-rosario&w=Python&p=2
2026-09-15 04:28:34,938 [INFO]     🔗❌ Link inactivo, descartada: Backend/Full-stack Developer (Rosario) → https://ar.jobrapido.com/jobpreview/6698011838245765120?redirectTo=https%253A%252F%252Fwww.kitempleo.com.ar%252Fempleo%252F52561530%252Fbackend-full-stack-developer-rosario&w=Python&p=4
2026-09-15 04:28:35,370 [INFO]     🔗❌ Link inactivo, descartada: Desarrollador/a Full Stack | IA & Data (Buenos Aires) → https://ar.jobrapido.com/jobpreview/2151388458319347712?redirectTo=https%253A%252F%252Fwww.kitempleo.com.ar%252Fempleo%252F52762028%252Fdesarrollador-a-full-stack-ia-data-buenos-aires&w=Python&p=5
2026-09-15 04:28:35,663 [INFO]     🔗❌ Link inactivo, descartada: Business Data Scientist - Marketing (Rosario) → https://ar.jobrapido.com/jobpreview/9038955656664580096?redirectTo=https%253A%252F%252Fwww.kitempleo.com.ar%252Fempleo%252F52525647%252Fbusiness-data-scientist-marketing-rosario&w=Python&p=4
2026-09-15 04:28:35,672 [INFO]     🔗❌ Link inactivo, descartada: Principal Nlp Scientist (Chubut) → https://ar.jobrapido.com/jobpreview/3698465640030404608?redirectTo=https%253A%252F%252Fwww.kitempleo.com.ar%252Fempleo%252F52643527%252Fprincipal-nlp-scientist-chubut&w=Python&p=4
2026-09-15 04:28:35,692 [INFO]     🔗❌ Link inactivo, descartada: Senior NLP Scientist: Production-Ready LLMs (Buenos Aires) → https://ar.jobrapido.com/jobpreview/2137288733521608704?redirectTo=https%253A%252F%252Fwww.kitempleo.com.ar%252Fempleo%252F52614416%252Fsenior-nlp-scientist-production-ready-llms-buenos-aires&w=Python&p=4
2026-09-15 04:28:35,812 [INFO]     🔗❌ Link inactivo, descartada: Desarrollador Full Stack | Ai & Automation (Avellaneda) → https://ar.jobrapido.com/jobpreview/9043995886685782016?redirectTo=https%253A%252F%252Fwww.kitempleo.com.ar%252Fempleo%252F52612107%252Fdesarrollador-full-stack-ai-automation-avellaneda&w=Python&p=5
2026-09-15 04:28:35,985 [INFO]     🔗❌ Link inactivo, descartada: Desarrollador Full Stack .Net Semi Senior (100% Remote) (Ros → https://ar.jobrapido.com/jobpreview/8660515161817219072?redirectTo=https%253A%252F%252Fwww.kitempleo.com.ar%252Fempleo%252F52607699%252Fdesarrollador-full-stack-net-semi-senior-100-remote-rosario&w=Python&p=2
2026-09-15 04:28:36,166 [INFO]     🔗❌ Link inactivo, descartada: Desarrollador Full Stack Ai & Automation Avellaneda (Argenti → https://ar.jobrapido.com/jobpreview/5541165626883571712?redirectTo=https%253A%252F%252Fwww.kitempleo.com.ar%252Fempleo%252F52625305%252Fdesarrollador-full-stack-ai-automation-avellaneda-argentina&w=Python&p=5
2026-09-15 04:28:36,721 [INFO]     🔗❌ Link inactivo, descartada: Senior Nlp Scientist: Production-Ready Llms & Ai (Buenos Air → https://ar.jobrapido.com/jobpreview/1642190742161981440?redirectTo=https%253A%252F%252Fwww.kitempleo.com.ar%252Fempleo%252F52642384%252Fsenior-nlp-scientist-production-ready-llms-ai-buenos-aires&w=Python&p=4
2026-09-15 04:28:36,762 [INFO]     🔗❌ Link inactivo, descartada: Desarrollador SSR Full Stack (Buenos Aires) → https://ar.jobrapido.com/jobpreview/5653279529033007104?redirectTo=https%253A%252F%252Fwww.kitempleo.com.ar%252Fempleo%252F52565390%252Fdesarrollador-ssr-full-stack-buenos-aires&w=Python&p=5
2026-09-15 04:28:46,551 [INFO]   ✅ jobrapido: leídas=1,295 | nuevas=95 | dup=1,189 | old=0 | link-inactivo=11
2026-09-15 04:28:46,552 [INFO] 
  📂 Procesando: freelancer_ar (db_freelancer_ar.db)
2026-09-15 04:28:46,580 [INFO]   Leídas 323 ofertas de db_freelancer_ar.db
2026-09-15 04:28:46,598 [INFO]   ✅ freelancer_ar: leídas=323 | nuevas=0 | dup=0 | old=323 | link-inactivo=0
2026-09-15 04:28:46,598 [INFO] 
  📂 Procesando: randstad (db_randstad.db)
2026-09-15 04:28:46,599 [INFO]   Leídas 3 ofertas de db_randstad.db
2026-09-15 04:28:46,600 [INFO]   ✅ randstad: leídas=3 | nuevas=0 | dup=3 | old=0 | link-inactivo=0
2026-09-15 04:28:46,600 [INFO] 
  📂 Procesando: adecco (db_adecco.db)
2026-09-15 04:28:46,600 [INFO]   Leídas 4 ofertas de db_adecco.db
2026-09-15 04:28:46,601 [INFO]   ✅ adecco: leídas=4 | nuevas=0 | dup=4 | old=0 | link-inactivo=0
2026-09-15 04:28:46,679 [INFO]   CSV consolidado actualizado: +979 filas → /media/carlos-a-cicconi/Common1/Repositorios-Ing.Carlos-Cicconi/Trabajo_Final_MCD/data/raw/consolidado/ofertas_consolidadas.csv
2026-09-15 04:28:46,679 [INFO] 
=================================================================
2026-09-15 04:28:46,679 [INFO]   RESUMEN FINAL
2026-09-15 04:28:46,680 [INFO] =================================================================
2026-09-15 04:28:46,680 [INFO]   Ofertas nuevas incorporadas : 979
2026-09-15 04:28:46,680 [INFO]   Descartadas (antigüedad)    : 426
2026-09-15 04:28:46,680 [INFO]   Descartadas (duplicado)     : 4,018
2026-09-15 04:28:46,680 [INFO]   Descartadas (link inactivo) : 11
2026-09-15 04:28:46,680 [INFO]   Total acumulado en DB       : 4,997
2026-09-15 04:28:46,680 [INFO]   Ventana temporal aplicada   : últimos 90 días (desde 2026-06-17)
2026-09-15 04:28:46,680 [INFO]   Duración total              : 349m 16s
2026-09-15 04:28:46,680 [INFO] 
  Archivos de salida:
2026-09-15 04:28:46,681 [INFO]     DB : /media/carlos-a-cicconi/Common1/Repositorios-Ing.Carlos-Cicconi/Trabajo_Final_MCD/data/raw/consolidado/ofertas_consolidadas.db
2026-09-15 04:28:46,681 [INFO]     CSV: /media/carlos-a-cicconi/Common1/Repositorios-Ing.Carlos-Cicconi/Trabajo_Final_MCD/data/raw/consolidado/ofertas_consolidadas.csv
2026-09-15 04:28:46,681 [INFO]     Log: /media/carlos-a-cicconi/Common1/Repositorios-Ing.Carlos-Cicconi/Trabajo_Final_MCD/logs/run_scraping_20260914_223929.log
2026-09-15 04:28:46,681 [INFO] 
  Resultado por scraper:
2026-09-15 04:28:46,681 [INFO]     ✅ linkedin        | 🔧mod | ofertas=398 | tiempo=1871s
2026-09-15 04:28:46,681 [INFO]     ✅ computrabajo    | 🔧mod | ofertas=85 | tiempo=500s
2026-09-15 04:28:46,681 [INFO]     ✅ getonboard      | 🔧mod | ofertas=420 | tiempo=197s
2026-09-15 04:28:46,681 [INFO]     ✅ bumeran         | 🔧mod | ofertas=117 | tiempo=1419s
2026-09-15 04:28:46,681 [INFO]     ✅ zonajobs        | 🔧mod | ofertas=115 | tiempo=1375s
2026-09-15 04:28:46,681 [INFO]     ✅ opcionempleo    | 🔧mod | ofertas=937 | tiempo=11000s
2026-09-15 04:28:46,681 [INFO]     ✅ jobrapido       | 🔧mod | ofertas=641 | tiempo=4279s
2026-09-15 04:28:46,681 [INFO]     ✅ freelancer_ar   | 🔧mod | ofertas=323 | tiempo=123s
2026-09-15 04:28:46,681 [INFO]     ✅ randstad        | 🔧mod | ofertas=3 | tiempo=45s
2026-09-15 04:28:46,681 [INFO]     ✅ adecco          | 🔧mod | ofertas=4 | tiempo=35s
2026-09-15 04:28:46,682 [INFO] 
  Por fuente (consolidación):
2026-09-15 04:28:46,682 [INFO]     linkedin       : nuevas=48 | dup=510 | old=52 | link-inactivo=0
2026-09-15 04:28:46,682 [INFO]     computrabajo   : nuevas=76 | dup=124 | old=0 | link-inactivo=0
2026-09-15 04:28:46,682 [INFO]     getonboard     : nuevas=7 | dup=422 | old=51 | link-inactivo=0
2026-09-15 04:28:46,682 [INFO]     bumeran        : nuevas=1 | dup=125 | old=0 | link-inactivo=0
2026-09-15 04:28:46,682 [INFO]     zonajobs       : nuevas=1 | dup=123 | old=0 | link-inactivo=0
2026-09-15 04:28:46,682 [INFO]     opcionempleo   : nuevas=751 | dup=1,518 | old=0 | link-inactivo=0
2026-09-15 04:28:46,682 [INFO]     jobrapido      : nuevas=95 | dup=1,189 | old=0 | link-inactivo=11
2026-09-15 04:28:46,682 [INFO]     freelancer_ar  : nuevas=0 | dup=0 | old=323 | link-inactivo=0
2026-09-15 04:28:46,682 [INFO]     randstad       : nuevas=0 | dup=3 | old=0 | link-inactivo=0
2026-09-15 04:28:46,682 [INFO]     adecco         : nuevas=0 | dup=4 | old=0 | link-inactivo=0
2026-09-15 04:28:46,683 [INFO]     Reporte: /media/carlos-a-cicconi/Common1/Repositorios-Ing.Carlos-Cicconi/Trabajo_Final_MCD/data/raw/consolidado/run_20260915_042846.json
2026-09-15 04:28:46,683 [INFO] =================================================================
