2026-04-12 12:13:29,594 [INFO] ✅ Keywords cargadas desde CV: 22 búsquedas
2026-04-12 12:13:29,596 [INFO]    Ubicación del candidato: Rosario, Santa Fe, Argentina
2026-04-12 12:13:29,597 [INFO] 
=================================================================
2026-04-12 12:13:29,599 [INFO]   ORQUESTADOR DE SCRAPING — Tesis MCD
2026-04-12 12:13:29,600 [INFO]   Alumno: Cicconi, Carlos Alberto
2026-04-12 12:13:29,600 [INFO]   Universidad Austral — Maestría en Explotación de Datos
2026-04-12 12:13:29,600 [INFO] =================================================================
2026-04-12 12:13:29,600 [INFO]   Fecha/hora inicio : 2026-04-12 12:13:29
2026-04-12 12:13:29,600 [INFO]   Ventana temporal  : 90 días
2026-04-12 12:13:29,600 [INFO]   Scrapers activos  : 10
2026-04-12 12:13:29,602 [INFO]   Solo consolidar   : False
2026-04-12 12:13:29,602 [INFO]   Origen de queries : CV → keywords.json
2026-04-12 12:13:29,603 [INFO] 
  Scrapers a ejecutar: ['linkedin', 'computrabajo', 'getonboard', 'bumeran', 'zonajobs', 'workana', 'opcionempleo', 'jobomas', 'jobrapido', 'jobleads']
2026-04-12 12:13:29,603 [INFO] 
============================================================
2026-04-12 12:13:29,604 [INFO]   EJECUTANDO: linkedin (LinkedInScraper)
2026-04-12 12:13:29,604 [INFO]   Queries: desde CV (22 búsquedas)
2026-04-12 12:13:29,607 [INFO] ============================================================
2026-04-12 12:13:30,092 [INFO] Base de datos lista: /media/carlos-a-cicconi/Common1/Repositorios-Ing.Carlos-Cicconi/Trabajo_Final_MCD/data/raw/ofertas_linkedin.db
2026-04-12 12:13:30,092 [INFO] LinkedInScraper inicializado correctamente
2026-04-12 12:13:30,092 [INFO]   ✅ Queries del CV inyectadas en linkedin
2026-04-12 12:13:30,092 [INFO] ============================================================
2026-04-12 12:13:30,092 [INFO] INICIO DEL SCRAPING - LinkedIn Jobs
2026-04-12 12:13:30,092 [INFO] Búsquedas: 22 | Páginas por búsqueda: 5
2026-04-12 12:13:30,093 [INFO] ============================================================
2026-04-12 12:13:30,093 [INFO] 
🔍 Buscando: 'data-scientist' en 'Rosario, Santa Fe, Argentina'
2026-04-12 12:13:30,093 [INFO]    Página 1/5 → https://www.linkedin.com/jobs-guest/jobs/api/seeMoreJobPostings/search?keywords=data-scientist&location=Rosario%2C%20Santa%20Fe%2C%20Argentina&start=0&f_WT=2
2026-04-12 12:13:36,227 [INFO]    → 10 ofertas nuevas encontradas
2026-04-12 12:14:18,169 [INFO]    Página 2/5 → https://www.linkedin.com/jobs-guest/jobs/api/seeMoreJobPostings/search?keywords=data-scientist&location=Rosario%2C%20Santa%20Fe%2C%20Argentina&start=25&f_WT=2
2026-04-12 12:14:23,112 [INFO]    → 10 ofertas nuevas encontradas
2026-04-12 12:15:05,687 [INFO]    Página 3/5 → https://www.linkedin.com/jobs-guest/jobs/api/seeMoreJobPostings/search?keywords=data-scientist&location=Rosario%2C%20Santa%20Fe%2C%20Argentina&start=50&f_WT=2
2026-04-12 12:15:10,555 [INFO]    → 0 ofertas nuevas encontradas
2026-04-12 12:15:10,556 [INFO]    → No hay más resultados para esta búsqueda.
2026-04-12 12:15:10,565 [INFO] Exportadas 20 ofertas a CSV: /media/carlos-a-cicconi/Common1/Repositorios-Ing.Carlos-Cicconi/Trabajo_Final_MCD/data/raw/ofertas_linkedin_20260412.csv
2026-04-12 12:15:10,565 [INFO] ✅ 'data-scientist': 20 ofertas guardadas
2026-04-12 12:15:10,566 [INFO] 
🔍 Buscando: 'business-intelligence' en 'Rosario, Santa Fe, Argentina'
2026-04-12 12:15:10,566 [INFO]    Página 1/5 → https://www.linkedin.com/jobs-guest/jobs/api/seeMoreJobPostings/search?keywords=business-intelligence&location=Rosario%2C%20Santa%20Fe%2C%20Argentina&start=0&f_WT=2
2026-04-12 12:15:14,915 [INFO]    → 8 ofertas nuevas encontradas
2026-04-12 12:15:48,316 [INFO]    Página 2/5 → https://www.linkedin.com/jobs-guest/jobs/api/seeMoreJobPostings/search?keywords=business-intelligence&location=Rosario%2C%20Santa%20Fe%2C%20Argentina&start=25&f_WT=2
2026-04-12 12:15:52,778 [INFO]    → 0 ofertas nuevas encontradas
2026-04-12 12:15:52,778 [INFO]    → No hay más resultados para esta búsqueda.
2026-04-12 12:15:52,786 [INFO] Exportadas 8 ofertas a CSV: /media/carlos-a-cicconi/Common1/Repositorios-Ing.Carlos-Cicconi/Trabajo_Final_MCD/data/raw/ofertas_linkedin_20260412.csv
2026-04-12 12:15:52,787 [INFO] ✅ 'business-intelligence': 8 ofertas guardadas
2026-04-12 12:15:52,787 [INFO] 
🔍 Buscando: 'python' en 'Rosario, Santa Fe, Argentina'
2026-04-12 12:15:52,787 [INFO]    Página 1/5 → https://www.linkedin.com/jobs-guest/jobs/api/seeMoreJobPostings/search?keywords=python&location=Rosario%2C%20Santa%20Fe%2C%20Argentina&start=0&f_WT=2
2026-04-12 12:15:55,869 [INFO]    → 6 ofertas nuevas encontradas
2026-04-12 12:16:20,650 [INFO]    Página 2/5 → https://www.linkedin.com/jobs-guest/jobs/api/seeMoreJobPostings/search?keywords=python&location=Rosario%2C%20Santa%20Fe%2C%20Argentina&start=25&f_WT=2
2026-04-12 12:16:24,954 [INFO]    → 7 ofertas nuevas encontradas
2026-04-12 12:16:53,889 [INFO]    Página 3/5 → https://www.linkedin.com/jobs-guest/jobs/api/seeMoreJobPostings/search?keywords=python&location=Rosario%2C%20Santa%20Fe%2C%20Argentina&start=50&f_WT=2
2026-04-12 12:16:57,611 [INFO]    → 7 ofertas nuevas encontradas
2026-04-12 12:17:22,558 [INFO]    Página 4/5 → https://www.linkedin.com/jobs-guest/jobs/api/seeMoreJobPostings/search?keywords=python&location=Rosario%2C%20Santa%20Fe%2C%20Argentina&start=75&f_WT=2
2026-04-12 12:17:26,184 [INFO]    → 7 ofertas nuevas encontradas
2026-04-12 12:17:58,096 [INFO]    Página 5/5 → https://www.linkedin.com/jobs-guest/jobs/api/seeMoreJobPostings/search?keywords=python&location=Rosario%2C%20Santa%20Fe%2C%20Argentina&start=100&f_WT=2
2026-04-12 12:18:02,501 [INFO]    → 0 ofertas nuevas encontradas
2026-04-12 12:18:02,502 [INFO]    → No hay más resultados para esta búsqueda.
2026-04-12 12:18:02,513 [INFO] Exportadas 27 ofertas a CSV: /media/carlos-a-cicconi/Common1/Repositorios-Ing.Carlos-Cicconi/Trabajo_Final_MCD/data/raw/ofertas_linkedin_20260412.csv
2026-04-12 12:18:02,514 [INFO] ✅ 'python': 27 ofertas guardadas
2026-04-12 12:18:02,514 [INFO] 
🔍 Buscando: 'control-de-gestion' en 'Rosario, Santa Fe, Argentina'
2026-04-12 12:18:02,515 [INFO]    Página 1/5 → https://www.linkedin.com/jobs-guest/jobs/api/seeMoreJobPostings/search?keywords=control-de-gestion&location=Rosario%2C%20Santa%20Fe%2C%20Argentina&start=0&f_WT=2
2026-04-12 12:18:05,577 [INFO]    → 0 ofertas nuevas encontradas
2026-04-12 12:18:05,578 [INFO]    → No hay más resultados para esta búsqueda.
2026-04-12 12:18:05,578 [INFO] ✅ 'control-de-gestion': 0 ofertas guardadas
2026-04-12 12:18:05,578 [INFO] 
🔍 Buscando: 'gerente-operaciones' en 'Rosario, Santa Fe, Argentina'
2026-04-12 12:18:05,579 [INFO]    Página 1/5 → https://www.linkedin.com/jobs-guest/jobs/api/seeMoreJobPostings/search?keywords=gerente-operaciones&location=Rosario%2C%20Santa%20Fe%2C%20Argentina&start=0&f_WT=2
2026-04-12 12:18:10,629 [INFO]    → 0 ofertas nuevas encontradas
2026-04-12 12:18:10,629 [INFO]    → No hay más resultados para esta búsqueda.
2026-04-12 12:18:10,630 [INFO] ✅ 'gerente-operaciones': 0 ofertas guardadas
2026-04-12 12:18:10,630 [INFO] 
🔍 Buscando: 'compras' en 'Rosario, Santa Fe, Argentina'
2026-04-12 12:18:10,630 [INFO]    Página 1/5 → https://www.linkedin.com/jobs-guest/jobs/api/seeMoreJobPostings/search?keywords=compras&location=Rosario%2C%20Santa%20Fe%2C%20Argentina&start=0&f_WT=2
2026-04-12 12:18:13,924 [INFO]    → 0 ofertas nuevas encontradas
2026-04-12 12:18:13,924 [INFO]    → No hay más resultados para esta búsqueda.
2026-04-12 12:18:13,925 [INFO] ✅ 'compras': 0 ofertas guardadas
2026-04-12 12:18:13,925 [INFO] 
🔍 Buscando: 'ingeniero-industrial' en 'Rosario, Santa Fe, Argentina'
2026-04-12 12:18:13,926 [INFO]    Página 1/5 → https://www.linkedin.com/jobs-guest/jobs/api/seeMoreJobPostings/search?keywords=ingeniero-industrial&location=Rosario%2C%20Santa%20Fe%2C%20Argentina&start=0&f_WT=2
2026-04-12 12:18:17,341 [INFO]    → 0 ofertas nuevas encontradas
2026-04-12 12:18:17,341 [INFO]    → No hay más resultados para esta búsqueda.
2026-04-12 12:18:17,341 [INFO] ✅ 'ingeniero-industrial': 0 ofertas guardadas
2026-04-12 12:18:17,342 [INFO] 
🔍 Buscando: 'finanzas' en 'Rosario, Santa Fe, Argentina'
2026-04-12 12:18:17,342 [INFO]    Página 1/5 → https://www.linkedin.com/jobs-guest/jobs/api/seeMoreJobPostings/search?keywords=finanzas&location=Rosario%2C%20Santa%20Fe%2C%20Argentina&start=0&f_WT=2
2026-04-12 12:18:20,737 [INFO]    → 5 ofertas nuevas encontradas
2026-04-12 12:18:39,979 [INFO]    Página 2/5 → https://www.linkedin.com/jobs-guest/jobs/api/seeMoreJobPostings/search?keywords=finanzas&location=Rosario%2C%20Santa%20Fe%2C%20Argentina&start=25&f_WT=2
2026-04-12 12:18:44,361 [INFO]    → 0 ofertas nuevas encontradas
2026-04-12 12:18:44,361 [INFO]    → No hay más resultados para esta búsqueda.
2026-04-12 12:18:44,364 [INFO] Exportadas 5 ofertas a CSV: /media/carlos-a-cicconi/Common1/Repositorios-Ing.Carlos-Cicconi/Trabajo_Final_MCD/data/raw/ofertas_linkedin_20260412.csv
2026-04-12 12:18:44,364 [INFO] ✅ 'finanzas': 5 ofertas guardadas
2026-04-12 12:18:44,365 [INFO] 
🔍 Buscando: 'excel' en 'Rosario, Santa Fe, Argentina'
2026-04-12 12:18:44,365 [INFO]    Página 1/5 → https://www.linkedin.com/jobs-guest/jobs/api/seeMoreJobPostings/search?keywords=excel&location=Rosario%2C%20Santa%20Fe%2C%20Argentina&start=0&f_WT=2
2026-04-12 12:18:47,889 [INFO]    → 6 ofertas nuevas encontradas
2026-04-12 12:19:10,964 [INFO]    Página 2/5 → https://www.linkedin.com/jobs-guest/jobs/api/seeMoreJobPostings/search?keywords=excel&location=Rosario%2C%20Santa%20Fe%2C%20Argentina&start=25&f_WT=2
2026-04-12 12:19:15,367 [INFO]    → 0 ofertas nuevas encontradas
2026-04-12 12:19:15,368 [INFO]    → No hay más resultados para esta búsqueda.
2026-04-12 12:19:15,371 [INFO] Exportadas 6 ofertas a CSV: /media/carlos-a-cicconi/Common1/Repositorios-Ing.Carlos-Cicconi/Trabajo_Final_MCD/data/raw/ofertas_linkedin_20260412.csv
2026-04-12 12:19:15,372 [INFO] ✅ 'excel': 6 ofertas guardadas
2026-04-12 12:19:15,372 [INFO] 
🔍 Buscando: 'supply-chain' en 'Rosario, Santa Fe, Argentina'
2026-04-12 12:19:15,372 [INFO]    Página 1/5 → https://www.linkedin.com/jobs-guest/jobs/api/seeMoreJobPostings/search?keywords=supply-chain&location=Rosario%2C%20Santa%20Fe%2C%20Argentina&start=0&f_WT=2
2026-04-12 12:19:20,843 [INFO]    → 0 ofertas nuevas encontradas
2026-04-12 12:19:20,844 [INFO]    → No hay más resultados para esta búsqueda.
2026-04-12 12:19:20,844 [INFO] ✅ 'supply-chain': 0 ofertas guardadas
2026-04-12 12:19:20,845 [INFO] 
🔍 Buscando: 'continuous-improvement' en 'Rosario, Santa Fe, Argentina'
2026-04-12 12:19:20,845 [INFO]    Página 1/5 → https://www.linkedin.com/jobs-guest/jobs/api/seeMoreJobPostings/search?keywords=continuous-improvement&location=Rosario%2C%20Santa%20Fe%2C%20Argentina&start=0&f_WT=2
2026-04-12 12:19:24,854 [INFO]    → 5 ofertas nuevas encontradas
2026-04-12 12:19:48,964 [INFO]    Página 2/5 → https://www.linkedin.com/jobs-guest/jobs/api/seeMoreJobPostings/search?keywords=continuous-improvement&location=Rosario%2C%20Santa%20Fe%2C%20Argentina&start=25&f_WT=2
2026-04-12 12:19:52,846 [INFO]    → 0 ofertas nuevas encontradas
2026-04-12 12:19:52,846 [INFO]    → No hay más resultados para esta búsqueda.
2026-04-12 12:19:52,849 [INFO] Exportadas 5 ofertas a CSV: /media/carlos-a-cicconi/Common1/Repositorios-Ing.Carlos-Cicconi/Trabajo_Final_MCD/data/raw/ofertas_linkedin_20260412.csv
2026-04-12 12:19:52,849 [INFO] ✅ 'continuous-improvement': 5 ofertas guardadas
2026-04-12 12:19:52,850 [INFO] 
🔍 Buscando: 'data-scientist' en 'Remoto'
2026-04-12 12:19:52,850 [INFO]    Página 1/5 → https://www.linkedin.com/jobs-guest/jobs/api/seeMoreJobPostings/search?keywords=data-scientist&location=Remoto&start=0&f_WT=2
2026-04-12 12:19:58,147 [INFO]    → 10 ofertas nuevas encontradas
2026-04-12 12:20:37,546 [INFO]    Página 2/5 → https://www.linkedin.com/jobs-guest/jobs/api/seeMoreJobPostings/search?keywords=data-scientist&location=Remoto&start=25&f_WT=2
2026-04-12 12:20:42,495 [INFO]    → 10 ofertas nuevas encontradas
2026-04-12 12:21:26,179 [INFO]    Página 3/5 → https://www.linkedin.com/jobs-guest/jobs/api/seeMoreJobPostings/search?keywords=data-scientist&location=Remoto&start=50&f_WT=2
2026-04-12 12:21:31,948 [INFO]    → 10 ofertas nuevas encontradas
2026-04-12 12:22:12,510 [INFO]    Página 4/5 → https://www.linkedin.com/jobs-guest/jobs/api/seeMoreJobPostings/search?keywords=data-scientist&location=Remoto&start=75&f_WT=2
2026-04-12 12:22:18,339 [INFO]    → 10 ofertas nuevas encontradas
2026-04-12 12:22:56,651 [INFO]    Página 5/5 → https://www.linkedin.com/jobs-guest/jobs/api/seeMoreJobPostings/search?keywords=data-scientist&location=Remoto&start=100&f_WT=2
2026-04-12 12:23:01,495 [INFO]    → 10 ofertas nuevas encontradas
2026-04-12 12:23:43,388 [INFO] Exportadas 50 ofertas a CSV: /media/carlos-a-cicconi/Common1/Repositorios-Ing.Carlos-Cicconi/Trabajo_Final_MCD/data/raw/ofertas_linkedin_20260412.csv
2026-04-12 12:23:43,388 [INFO] ✅ 'data-scientist': 50 ofertas guardadas
2026-04-12 12:23:43,388 [INFO] 
🔍 Buscando: 'business-intelligence' en 'Remoto'
2026-04-12 12:23:43,388 [INFO]    Página 1/5 → https://www.linkedin.com/jobs-guest/jobs/api/seeMoreJobPostings/search?keywords=business-intelligence&location=Remoto&start=0&f_WT=2
2026-04-12 12:23:46,816 [INFO]    → 9 ofertas nuevas encontradas
2026-04-12 12:24:23,205 [INFO]    Página 2/5 → https://www.linkedin.com/jobs-guest/jobs/api/seeMoreJobPostings/search?keywords=business-intelligence&location=Remoto&start=25&f_WT=2
2026-04-12 12:24:26,856 [INFO]    → 10 ofertas nuevas encontradas
2026-04-12 12:25:11,473 [INFO]    Página 3/5 → https://www.linkedin.com/jobs-guest/jobs/api/seeMoreJobPostings/search?keywords=business-intelligence&location=Remoto&start=50&f_WT=2
2026-04-12 12:25:16,725 [INFO]    → 9 ofertas nuevas encontradas
2026-04-12 12:25:50,995 [INFO]    Página 4/5 → https://www.linkedin.com/jobs-guest/jobs/api/seeMoreJobPostings/search?keywords=business-intelligence&location=Remoto&start=75&f_WT=2
2026-04-12 12:25:56,252 [INFO]    → 9 ofertas nuevas encontradas
2026-04-12 12:26:33,785 [INFO]    Página 5/5 → https://www.linkedin.com/jobs-guest/jobs/api/seeMoreJobPostings/search?keywords=business-intelligence&location=Remoto&start=100&f_WT=2
2026-04-12 12:26:38,966 [INFO]    → 9 ofertas nuevas encontradas
2026-04-12 12:27:17,013 [INFO] Exportadas 46 ofertas a CSV: /media/carlos-a-cicconi/Common1/Repositorios-Ing.Carlos-Cicconi/Trabajo_Final_MCD/data/raw/ofertas_linkedin_20260412.csv
2026-04-12 12:27:17,013 [INFO] ✅ 'business-intelligence': 46 ofertas guardadas
2026-04-12 12:27:17,013 [INFO] 
🔍 Buscando: 'python' en 'Remoto'
2026-04-12 12:27:17,013 [INFO]    Página 1/5 → https://www.linkedin.com/jobs-guest/jobs/api/seeMoreJobPostings/search?keywords=python&location=Remoto&start=0&f_WT=2
2026-04-12 12:27:22,487 [INFO]    → 8 ofertas nuevas encontradas
2026-04-12 12:27:56,255 [INFO]    Página 2/5 → https://www.linkedin.com/jobs-guest/jobs/api/seeMoreJobPostings/search?keywords=python&location=Remoto&start=25&f_WT=2
2026-04-12 12:28:01,078 [INFO]    → 8 ofertas nuevas encontradas
2026-04-12 12:28:38,070 [INFO]    Página 3/5 → https://www.linkedin.com/jobs-guest/jobs/api/seeMoreJobPostings/search?keywords=python&location=Remoto&start=50&f_WT=2
2026-04-12 12:28:43,265 [INFO]    → 8 ofertas nuevas encontradas
2026-04-12 12:29:18,052 [INFO]    Página 4/5 → https://www.linkedin.com/jobs-guest/jobs/api/seeMoreJobPostings/search?keywords=python&location=Remoto&start=75&f_WT=2
2026-04-12 12:29:21,766 [INFO]    → 9 ofertas nuevas encontradas
2026-04-12 12:30:03,026 [INFO]    Página 5/5 → https://www.linkedin.com/jobs-guest/jobs/api/seeMoreJobPostings/search?keywords=python&location=Remoto&start=100&f_WT=2
2026-04-12 12:30:08,871 [INFO]    → 8 ofertas nuevas encontradas
2026-04-12 12:30:39,111 [INFO] Exportadas 41 ofertas a CSV: /media/carlos-a-cicconi/Common1/Repositorios-Ing.Carlos-Cicconi/Trabajo_Final_MCD/data/raw/ofertas_linkedin_20260412.csv
2026-04-12 12:30:39,112 [INFO] ✅ 'python': 41 ofertas guardadas
2026-04-12 12:30:39,112 [INFO] 
🔍 Buscando: 'control-de-gestion' en 'Remoto'
2026-04-12 12:30:39,113 [INFO]    Página 1/5 → https://www.linkedin.com/jobs-guest/jobs/api/seeMoreJobPostings/search?keywords=control-de-gestion&location=Remoto&start=0&f_WT=2
2026-04-12 12:30:42,970 [INFO]    → 8 ofertas nuevas encontradas
2026-04-12 12:31:20,269 [INFO]    Página 2/5 → https://www.linkedin.com/jobs-guest/jobs/api/seeMoreJobPostings/search?keywords=control-de-gestion&location=Remoto&start=25&f_WT=2
2026-04-12 12:31:24,028 [INFO]    → 10 ofertas nuevas encontradas
2026-04-12 12:32:04,487 [INFO]    Página 3/5 → https://www.linkedin.com/jobs-guest/jobs/api/seeMoreJobPostings/search?keywords=control-de-gestion&location=Remoto&start=50&f_WT=2
2026-04-12 12:32:08,774 [INFO]    → 10 ofertas nuevas encontradas
2026-04-12 12:32:51,000 [INFO]    Página 4/5 → https://www.linkedin.com/jobs-guest/jobs/api/seeMoreJobPostings/search?keywords=control-de-gestion&location=Remoto&start=75&f_WT=2
2026-04-12 12:32:55,777 [INFO]    → 10 ofertas nuevas encontradas
2026-04-12 12:33:38,832 [INFO]    Página 5/5 → https://www.linkedin.com/jobs-guest/jobs/api/seeMoreJobPostings/search?keywords=control-de-gestion&location=Remoto&start=100&f_WT=2
2026-04-12 12:33:42,266 [INFO]    → 10 ofertas nuevas encontradas
2026-04-12 12:34:24,726 [INFO] Exportadas 48 ofertas a CSV: /media/carlos-a-cicconi/Common1/Repositorios-Ing.Carlos-Cicconi/Trabajo_Final_MCD/data/raw/ofertas_linkedin_20260412.csv
2026-04-12 12:34:24,726 [INFO] ✅ 'control-de-gestion': 48 ofertas guardadas
2026-04-12 12:34:24,726 [INFO] 
🔍 Buscando: 'gerente-operaciones' en 'Remoto'
2026-04-12 12:34:24,726 [INFO]    Página 1/5 → https://www.linkedin.com/jobs-guest/jobs/api/seeMoreJobPostings/search?keywords=gerente-operaciones&location=Remoto&start=0&f_WT=2
2026-04-12 12:34:28,227 [INFO]    → 0 ofertas nuevas encontradas
2026-04-12 12:34:28,228 [INFO]    → No hay más resultados para esta búsqueda.
2026-04-12 12:34:28,228 [INFO] ✅ 'gerente-operaciones': 0 ofertas guardadas
2026-04-12 12:34:28,228 [INFO] 
🔍 Buscando: 'compras' en 'Remoto'
2026-04-12 12:34:28,229 [INFO]    Página 1/5 → https://www.linkedin.com/jobs-guest/jobs/api/seeMoreJobPostings/search?keywords=compras&location=Remoto&start=0&f_WT=2
2026-04-12 12:34:32,537 [INFO]    → 1 ofertas nuevas encontradas
2026-04-12 12:34:36,220 [INFO]    Página 2/5 → https://www.linkedin.com/jobs-guest/jobs/api/seeMoreJobPostings/search?keywords=compras&location=Remoto&start=25&f_WT=2
2026-04-12 12:34:40,863 [INFO]    → 0 ofertas nuevas encontradas
2026-04-12 12:34:40,863 [INFO]    → No hay más resultados para esta búsqueda.
2026-04-12 12:34:40,864 [INFO] Exportadas 1 ofertas a CSV: /media/carlos-a-cicconi/Common1/Repositorios-Ing.Carlos-Cicconi/Trabajo_Final_MCD/data/raw/ofertas_linkedin_20260412.csv
2026-04-12 12:34:40,865 [INFO] ✅ 'compras': 1 ofertas guardadas
2026-04-12 12:34:40,865 [INFO] 
🔍 Buscando: 'ingeniero-industrial' en 'Remoto'
2026-04-12 12:34:40,865 [INFO]    Página 1/5 → https://www.linkedin.com/jobs-guest/jobs/api/seeMoreJobPostings/search?keywords=ingeniero-industrial&location=Remoto&start=0&f_WT=2
2026-04-12 12:34:46,367 [INFO]    → 10 ofertas nuevas encontradas
2026-04-12 12:35:29,220 [INFO]    Página 2/5 → https://www.linkedin.com/jobs-guest/jobs/api/seeMoreJobPostings/search?keywords=ingeniero-industrial&location=Remoto&start=25&f_WT=2
2026-04-12 12:35:32,360 [INFO]    → 10 ofertas nuevas encontradas
2026-04-12 12:36:13,166 [INFO]    Página 3/5 → https://www.linkedin.com/jobs-guest/jobs/api/seeMoreJobPostings/search?keywords=ingeniero-industrial&location=Remoto&start=50&f_WT=2
2026-04-12 12:36:17,808 [INFO]    → 10 ofertas nuevas encontradas
2026-04-12 12:36:54,454 [INFO]    Página 4/5 → https://www.linkedin.com/jobs-guest/jobs/api/seeMoreJobPostings/search?keywords=ingeniero-industrial&location=Remoto&start=75&f_WT=2
2026-04-12 12:36:59,176 [INFO]    → 10 ofertas nuevas encontradas
2026-04-12 12:37:42,266 [INFO]    Página 5/5 → https://www.linkedin.com/jobs-guest/jobs/api/seeMoreJobPostings/search?keywords=ingeniero-industrial&location=Remoto&start=100&f_WT=2
2026-04-12 12:37:47,202 [INFO]    → 10 ofertas nuevas encontradas
2026-04-12 12:38:27,406 [INFO] Exportadas 50 ofertas a CSV: /media/carlos-a-cicconi/Common1/Repositorios-Ing.Carlos-Cicconi/Trabajo_Final_MCD/data/raw/ofertas_linkedin_20260412.csv
2026-04-12 12:38:27,406 [INFO] ✅ 'ingeniero-industrial': 50 ofertas guardadas
2026-04-12 12:38:27,406 [INFO] 
🔍 Buscando: 'finanzas' en 'Remoto'
2026-04-12 12:38:27,406 [INFO]    Página 1/5 → https://www.linkedin.com/jobs-guest/jobs/api/seeMoreJobPostings/search?keywords=finanzas&location=Remoto&start=0&f_WT=2
2026-04-12 12:38:32,667 [INFO]    → 7 ofertas nuevas encontradas
2026-04-12 12:38:57,662 [INFO]    Página 2/5 → https://www.linkedin.com/jobs-guest/jobs/api/seeMoreJobPostings/search?keywords=finanzas&location=Remoto&start=25&f_WT=2
2026-04-12 12:39:02,091 [INFO]    → 0 ofertas nuevas encontradas
2026-04-12 12:39:02,091 [INFO]    → No hay más resultados para esta búsqueda.
2026-04-12 12:39:02,095 [INFO] Exportadas 7 ofertas a CSV: /media/carlos-a-cicconi/Common1/Repositorios-Ing.Carlos-Cicconi/Trabajo_Final_MCD/data/raw/ofertas_linkedin_20260412.csv
2026-04-12 12:39:02,095 [INFO] ✅ 'finanzas': 7 ofertas guardadas
2026-04-12 12:39:02,096 [INFO] 
🔍 Buscando: 'excel' en 'Remoto'
2026-04-12 12:39:02,096 [INFO]    Página 1/5 → https://www.linkedin.com/jobs-guest/jobs/api/seeMoreJobPostings/search?keywords=excel&location=Remoto&start=0&f_WT=2
2026-04-12 12:39:06,044 [INFO]    → 5 ofertas nuevas encontradas
2026-04-12 12:39:26,451 [INFO]    Página 2/5 → https://www.linkedin.com/jobs-guest/jobs/api/seeMoreJobPostings/search?keywords=excel&location=Remoto&start=25&f_WT=2
2026-04-12 12:39:29,905 [INFO]    → 7 ofertas nuevas encontradas
2026-04-12 12:39:56,519 [INFO]    Página 3/5 → https://www.linkedin.com/jobs-guest/jobs/api/seeMoreJobPostings/search?keywords=excel&location=Remoto&start=50&f_WT=2
2026-04-12 12:40:01,966 [INFO]    → 6 ofertas nuevas encontradas
2026-04-12 12:40:24,085 [INFO]    Página 4/5 → https://www.linkedin.com/jobs-guest/jobs/api/seeMoreJobPostings/search?keywords=excel&location=Remoto&start=75&f_WT=2
2026-04-12 12:40:29,615 [INFO]    → 8 ofertas nuevas encontradas
2026-04-12 12:40:59,751 [INFO]    Página 5/5 → https://www.linkedin.com/jobs-guest/jobs/api/seeMoreJobPostings/search?keywords=excel&location=Remoto&start=100&f_WT=2
2026-04-12 12:41:03,090 [INFO]    → 8 ofertas nuevas encontradas
2026-04-12 12:41:35,330 [INFO] Exportadas 34 ofertas a CSV: /media/carlos-a-cicconi/Common1/Repositorios-Ing.Carlos-Cicconi/Trabajo_Final_MCD/data/raw/ofertas_linkedin_20260412.csv
2026-04-12 12:41:35,330 [INFO] ✅ 'excel': 34 ofertas guardadas
2026-04-12 12:41:35,330 [INFO] 
🔍 Buscando: 'supply-chain' en 'Remoto'
2026-04-12 12:41:35,331 [INFO]    Página 1/5 → https://www.linkedin.com/jobs-guest/jobs/api/seeMoreJobPostings/search?keywords=supply-chain&location=Remoto&start=0&f_WT=2
2026-04-12 12:41:39,529 [INFO]    → 9 ofertas nuevas encontradas
2026-04-12 12:42:15,670 [INFO]    Página 2/5 → https://www.linkedin.com/jobs-guest/jobs/api/seeMoreJobPostings/search?keywords=supply-chain&location=Remoto&start=25&f_WT=2
2026-04-12 12:42:20,005 [INFO]    → 8 ofertas nuevas encontradas
2026-04-12 12:42:54,488 [INFO]    Página 3/5 → https://www.linkedin.com/jobs-guest/jobs/api/seeMoreJobPostings/search?keywords=supply-chain&location=Remoto&start=50&f_WT=2
2026-04-12 12:42:58,083 [INFO]    → 8 ofertas nuevas encontradas
2026-04-12 12:43:33,533 [INFO]    Página 4/5 → https://www.linkedin.com/jobs-guest/jobs/api/seeMoreJobPostings/search?keywords=supply-chain&location=Remoto&start=75&f_WT=2
2026-04-12 12:43:38,342 [INFO]    → 9 ofertas nuevas encontradas
2026-04-12 12:44:17,995 [INFO]    Página 5/5 → https://www.linkedin.com/jobs-guest/jobs/api/seeMoreJobPostings/search?keywords=supply-chain&location=Remoto&start=100&f_WT=2
2026-04-12 12:44:21,539 [INFO]    → 10 ofertas nuevas encontradas
2026-04-12 12:45:06,353 [INFO] Exportadas 44 ofertas a CSV: /media/carlos-a-cicconi/Common1/Repositorios-Ing.Carlos-Cicconi/Trabajo_Final_MCD/data/raw/ofertas_linkedin_20260412.csv
2026-04-12 12:45:06,354 [INFO] ✅ 'supply-chain': 44 ofertas guardadas
2026-04-12 12:45:06,354 [INFO] 
🔍 Buscando: 'continuous-improvement' en 'Remoto'
2026-04-12 12:45:06,354 [INFO]    Página 1/5 → https://www.linkedin.com/jobs-guest/jobs/api/seeMoreJobPostings/search?keywords=continuous-improvement&location=Remoto&start=0&f_WT=2
2026-04-12 12:45:10,896 [INFO]    → 9 ofertas nuevas encontradas
2026-04-12 12:45:51,144 [INFO]    Página 2/5 → https://www.linkedin.com/jobs-guest/jobs/api/seeMoreJobPostings/search?keywords=continuous-improvement&location=Remoto&start=25&f_WT=2
2026-04-12 12:45:54,828 [INFO]    → 10 ofertas nuevas encontradas
2026-04-12 12:46:35,386 [INFO]    Página 3/5 → https://www.linkedin.com/jobs-guest/jobs/api/seeMoreJobPostings/search?keywords=continuous-improvement&location=Remoto&start=50&f_WT=2
2026-04-12 12:46:40,086 [INFO]    → 6 ofertas nuevas encontradas
2026-04-12 12:47:05,706 [INFO]    Página 4/5 → https://www.linkedin.com/jobs-guest/jobs/api/seeMoreJobPostings/search?keywords=continuous-improvement&location=Remoto&start=75&f_WT=2
2026-04-12 12:47:09,887 [INFO]    → 10 ofertas nuevas encontradas
2026-04-12 12:47:56,092 [INFO]    Página 5/5 → https://www.linkedin.com/jobs-guest/jobs/api/seeMoreJobPostings/search?keywords=continuous-improvement&location=Remoto&start=100&f_WT=2
2026-04-12 12:48:00,166 [INFO]    → 9 ofertas nuevas encontradas
2026-04-12 12:48:40,779 [INFO] Exportadas 44 ofertas a CSV: /media/carlos-a-cicconi/Common1/Repositorios-Ing.Carlos-Cicconi/Trabajo_Final_MCD/data/raw/ofertas_linkedin_20260412.csv
2026-04-12 12:48:40,779 [INFO] ✅ 'continuous-improvement': 44 ofertas guardadas
2026-04-12 12:48:40,779 [INFO] 
============================================================
2026-04-12 12:48:40,779 [INFO] SCRAPING FINALIZADO
2026-04-12 12:48:40,780 [INFO] Total de ofertas únicas recopiladas: 436
2026-04-12 12:48:40,780 [INFO] Base de datos: /media/carlos-a-cicconi/Common1/Repositorios-Ing.Carlos-Cicconi/Trabajo_Final_MCD/data/raw/ofertas_linkedin.db
2026-04-12 12:48:40,780 [INFO] CSV exportado: /media/carlos-a-cicconi/Common1/Repositorios-Ing.Carlos-Cicconi/Trabajo_Final_MCD/data/raw/ofertas_linkedin_20260412.csv
2026-04-12 12:48:40,780 [INFO] Log guardado:  /media/carlos-a-cicconi/Common1/Repositorios-Ing.Carlos-Cicconi/Trabajo_Final_MCD/logs/scraper_20260412_121330.log
2026-04-12 12:48:40,780 [INFO] ============================================================
2026-04-12 12:48:40,781 [INFO] Estadísticas guardadas: /media/carlos-a-cicconi/Common1/Repositorios-Ing.Carlos-Cicconi/Trabajo_Final_MCD/data/raw/stats_20260412_124840.json
2026-04-12 12:48:40,781 [INFO]   ✅ linkedin: 436 ofertas recopiladas
2026-04-12 12:48:40,784 [INFO] 
============================================================
2026-04-12 12:48:40,784 [INFO]   EJECUTANDO: computrabajo (ComputrabajoScraper)
2026-04-12 12:48:40,785 [INFO]   Queries: desde CV (22 búsquedas)
2026-04-12 12:48:40,785 [INFO] ============================================================
2026-04-12 12:48:40,824 [INFO] Base de datos lista: /media/carlos-a-cicconi/Common1/Repositorios-Ing.Carlos-Cicconi/Trabajo_Final_MCD/data/raw/ofertas_computrabajo.db
2026-04-12 12:48:40,824 [INFO] ComputrabajoScraper inicializado correctamente
2026-04-12 12:48:40,824 [INFO]   ✅ Queries del CV inyectadas en computrabajo
2026-04-12 12:48:40,825 [INFO] ============================================================
2026-04-12 12:48:40,825 [INFO] INICIO DEL SCRAPING - Computrabajo Argentina
2026-04-12 12:48:40,825 [INFO] Búsquedas: 11 | Páginas por búsqueda: 5
2026-04-12 12:48:40,825 [INFO] ============================================================
2026-04-12 12:48:40,825 [INFO] 
🔍 Buscando: 'Data Scientist'
2026-04-12 12:48:40,825 [INFO]    Página 1/5 → https://www.computrabajo.com.ar/trabajo-de-data-scientist
2026-04-12 12:48:46,478 [INFO]    → 12 ofertas nuevas encontradas
2026-04-12 12:49:46,426 [INFO]    Página 2/5 → https://www.computrabajo.com.ar/trabajo-de-data-scientist?p=2
2026-04-12 12:49:51,924 [INFO]    → 0 ofertas nuevas encontradas
2026-04-12 12:49:51,924 [INFO]    → Sin más resultados para esta búsqueda.
2026-04-12 12:49:51,925 [INFO] Exportadas 12 ofertas a CSV: /media/carlos-a-cicconi/Common1/Repositorios-Ing.Carlos-Cicconi/Trabajo_Final_MCD/data/raw/computrabajo_20260412.csv
2026-04-12 12:49:51,925 [INFO] ✅ 'Data Scientist': 12 ofertas guardadas
2026-04-12 12:49:51,925 [INFO] 
🔍 Buscando: 'BI / Analytics'
2026-04-12 12:49:51,925 [INFO]    Página 1/5 → https://www.computrabajo.com.ar/trabajo-de-business-intelligence
2026-04-12 12:49:56,513 [INFO]    → 16 ofertas nuevas encontradas
2026-04-12 12:51:17,676 [INFO]    Página 2/5 → https://www.computrabajo.com.ar/trabajo-de-business-intelligence?p=2
2026-04-12 12:51:23,033 [INFO]    → 0 ofertas nuevas encontradas
2026-04-12 12:51:23,033 [INFO]    → Sin más resultados para esta búsqueda.
2026-04-12 12:51:23,033 [INFO] Exportadas 16 ofertas a CSV: /media/carlos-a-cicconi/Common1/Repositorios-Ing.Carlos-Cicconi/Trabajo_Final_MCD/data/raw/computrabajo_20260412.csv
2026-04-12 12:51:23,034 [INFO] ✅ 'BI / Analytics': 16 ofertas guardadas
2026-04-12 12:51:23,034 [INFO] 
🔍 Buscando: 'Python Developer'
2026-04-12 12:51:23,034 [INFO]    Página 1/5 → https://www.computrabajo.com.ar/trabajo-de-python
2026-04-12 12:51:27,373 [INFO]    → 0 ofertas nuevas encontradas
2026-04-12 12:51:27,374 [INFO]    → Sin más resultados para esta búsqueda.
2026-04-12 12:51:27,374 [INFO] ✅ 'Python Developer': 0 ofertas guardadas
2026-04-12 12:51:27,374 [INFO] 
🔍 Buscando: 'Control de Gestión'
2026-04-12 12:51:27,374 [INFO]    Página 1/5 → https://www.computrabajo.com.ar/trabajo-de-control-de-gestion
2026-04-12 12:51:33,429 [INFO]    → 0 ofertas nuevas encontradas
2026-04-12 12:51:33,429 [INFO]    → Sin más resultados para esta búsqueda.
2026-04-12 12:51:33,429 [INFO] ✅ 'Control de Gestión': 0 ofertas guardadas
2026-04-12 12:51:33,429 [INFO] 
🔍 Buscando: 'Gerente de Operaciones'
2026-04-12 12:51:33,429 [INFO]    Página 1/5 → https://www.computrabajo.com.ar/trabajo-de-gerente-operaciones
2026-04-12 12:51:39,549 [INFO]    → 0 ofertas nuevas encontradas
2026-04-12 12:51:39,549 [INFO]    → Sin más resultados para esta búsqueda.
2026-04-12 12:51:39,549 [INFO] ✅ 'Gerente de Operaciones': 0 ofertas guardadas
2026-04-12 12:51:39,550 [INFO] 
🔍 Buscando: 'Compras / Procurement'
2026-04-12 12:51:39,550 [INFO]    Página 1/5 → https://www.computrabajo.com.ar/trabajo-de-compras
2026-04-12 12:51:43,424 [INFO]    → 0 ofertas nuevas encontradas
2026-04-12 12:51:43,424 [INFO]    → Sin más resultados para esta búsqueda.
2026-04-12 12:51:43,424 [INFO] ✅ 'Compras / Procurement': 0 ofertas guardadas
2026-04-12 12:51:43,424 [INFO] 
🔍 Buscando: 'Ingeniero Industrial'
2026-04-12 12:51:43,424 [INFO]    Página 1/5 → https://www.computrabajo.com.ar/trabajo-de-ingeniero-industrial
2026-04-12 12:51:49,389 [INFO]    → 0 ofertas nuevas encontradas
2026-04-12 12:51:49,389 [INFO]    → Sin más resultados para esta búsqueda.
2026-04-12 12:51:49,389 [INFO] ✅ 'Ingeniero Industrial': 0 ofertas guardadas
2026-04-12 12:51:49,389 [INFO] 
🔍 Buscando: 'Finanzas / CAPEX'
2026-04-12 12:51:49,389 [INFO]    Página 1/5 → https://www.computrabajo.com.ar/trabajo-de-finanzas
2026-04-12 12:51:54,997 [INFO]    → 20 ofertas nuevas encontradas
2026-04-12 12:53:40,611 [INFO]    Página 2/5 → https://www.computrabajo.com.ar/trabajo-de-finanzas?p=2
2026-04-12 12:53:45,574 [INFO]    → 0 ofertas nuevas encontradas
2026-04-12 12:53:45,574 [INFO]    → Sin más resultados para esta búsqueda.
2026-04-12 12:53:45,575 [INFO] Exportadas 20 ofertas a CSV: /media/carlos-a-cicconi/Common1/Repositorios-Ing.Carlos-Cicconi/Trabajo_Final_MCD/data/raw/computrabajo_20260412.csv
2026-04-12 12:53:45,575 [INFO] ✅ 'Finanzas / CAPEX': 20 ofertas guardadas
2026-04-12 12:53:45,575 [INFO] 
🔍 Buscando: 'Excel / VBA'
2026-04-12 12:53:45,575 [INFO]    Página 1/5 → https://www.computrabajo.com.ar/trabajo-de-excel
2026-04-12 12:53:51,869 [INFO]    → 0 ofertas nuevas encontradas
2026-04-12 12:53:51,869 [INFO]    → Sin más resultados para esta búsqueda.
2026-04-12 12:53:51,869 [INFO] ✅ 'Excel / VBA': 0 ofertas guardadas
2026-04-12 12:53:51,869 [INFO] 
🔍 Buscando: 'Supply Chain'
2026-04-12 12:53:51,869 [INFO]    Página 1/5 → https://www.computrabajo.com.ar/trabajo-de-supply-chain
2026-04-12 12:53:57,265 [INFO]    → 0 ofertas nuevas encontradas
2026-04-12 12:53:57,265 [INFO]    → Sin más resultados para esta búsqueda.
2026-04-12 12:53:57,265 [INFO] ✅ 'Supply Chain': 0 ofertas guardadas
2026-04-12 12:53:57,266 [INFO] 
🔍 Buscando: 'Continuous Improvement'
2026-04-12 12:53:57,266 [INFO]    Página 1/5 → https://www.computrabajo.com.ar/trabajo-de-continuous-improvement
2026-04-12 12:54:01,192 [INFO]    → 2 ofertas nuevas encontradas
2026-04-12 12:54:10,812 [INFO]    Página 2/5 → https://www.computrabajo.com.ar/trabajo-de-continuous-improvement?p=2
2026-04-12 12:54:16,857 [INFO]    → 0 ofertas nuevas encontradas
2026-04-12 12:54:16,857 [INFO]    → Sin más resultados para esta búsqueda.
2026-04-12 12:54:16,857 [INFO] Exportadas 2 ofertas a CSV: /media/carlos-a-cicconi/Common1/Repositorios-Ing.Carlos-Cicconi/Trabajo_Final_MCD/data/raw/computrabajo_20260412.csv
2026-04-12 12:54:16,858 [INFO] ✅ 'Continuous Improvement': 2 ofertas guardadas
2026-04-12 12:54:16,858 [INFO] 
============================================================
2026-04-12 12:54:16,858 [INFO] SCRAPING FINALIZADO - Computrabajo
2026-04-12 12:54:16,858 [INFO] Total de ofertas únicas recopiladas: 50
2026-04-12 12:54:16,858 [INFO] Base de datos : /media/carlos-a-cicconi/Common1/Repositorios-Ing.Carlos-Cicconi/Trabajo_Final_MCD/data/raw/ofertas_computrabajo.db
2026-04-12 12:54:16,858 [INFO] CSV exportado : /media/carlos-a-cicconi/Common1/Repositorios-Ing.Carlos-Cicconi/Trabajo_Final_MCD/data/raw/computrabajo_20260412.csv
2026-04-12 12:54:16,858 [INFO] Log guardado  : /media/carlos-a-cicconi/Common1/Repositorios-Ing.Carlos-Cicconi/Trabajo_Final_MCD/logs/computrabajo_scraper_20260412_124840.log
2026-04-12 12:54:16,858 [INFO] ============================================================
2026-04-12 12:54:16,858 [INFO] Estadísticas guardadas: /media/carlos-a-cicconi/Common1/Repositorios-Ing.Carlos-Cicconi/Trabajo_Final_MCD/data/raw/stats_computrabajo_20260412_125416.json
2026-04-12 12:54:16,858 [INFO]   ✅ computrabajo: 50 ofertas recopiladas
2026-04-12 12:54:16,862 [INFO] 
============================================================
2026-04-12 12:54:16,863 [INFO]   EJECUTANDO: getonboard (GetOnBoardScraper)
2026-04-12 12:54:16,863 [INFO]   Queries: desde CV (22 búsquedas)
2026-04-12 12:54:16,863 [INFO] ============================================================
2026-04-12 12:54:16,878 [INFO] Base de datos lista: /media/carlos-a-cicconi/Common1/Repositorios-Ing.Carlos-Cicconi/Trabajo_Final_MCD/data/raw/ofertas_getonboard.db
2026-04-12 12:54:16,878 [INFO] GetOnBoardScraper inicializado
2026-04-12 12:54:16,878 [INFO]   ✅ Queries del CV inyectadas en getonboard
2026-04-12 12:54:16,878 [INFO] ============================================================
2026-04-12 12:54:16,878 [INFO] INICIO DEL SCRAPING - GetOnBoard (API JSON)
2026-04-12 12:54:16,878 [INFO] Búsquedas: 11 | Páginas: 5
2026-04-12 12:54:16,879 [INFO] ============================================================
2026-04-12 12:54:16,879 [INFO] 
🔍 Buscando: '{'keyword': 'data-scientist', 'label': 'Data Scientist'}'
2026-04-12 12:54:16,879 [INFO]    Página 1/5
2026-04-12 12:54:19,760 [INFO]    → 8 items recibidos
2026-04-12 12:54:19,761 [ERROR] DB error: Error binding parameter 8: type 'dict' is not supported
2026-04-12 12:54:19,761 [ERROR] DB error: Error binding parameter 8: type 'dict' is not supported
2026-04-12 12:54:19,762 [ERROR] DB error: Error binding parameter 8: type 'dict' is not supported
2026-04-12 12:54:19,763 [ERROR] DB error: Error binding parameter 8: type 'dict' is not supported
2026-04-12 12:54:19,763 [ERROR] DB error: Error binding parameter 8: type 'dict' is not supported
2026-04-12 12:54:19,764 [ERROR] DB error: Error binding parameter 8: type 'dict' is not supported
2026-04-12 12:54:19,764 [ERROR] DB error: Error binding parameter 8: type 'dict' is not supported
2026-04-12 12:54:19,765 [ERROR] DB error: Error binding parameter 8: type 'dict' is not supported
2026-04-12 12:54:19,765 [INFO]    → 8 ofertas nuevas guardadas en esta página
2026-04-12 12:54:19,765 [INFO]    Página 2/5
2026-04-12 12:54:22,315 [INFO]    → 0 items recibidos
2026-04-12 12:54:22,315 [INFO]    → Sin más resultados.
2026-04-12 12:54:22,317 [INFO] Exportadas 8 ofertas a CSV: /media/carlos-a-cicconi/Common1/Repositorios-Ing.Carlos-Cicconi/Trabajo_Final_MCD/data/raw/getonboard_20260412.csv
2026-04-12 12:54:22,317 [INFO] ✅ '{'keyword': 'data-scientist', 'label': 'Data Scientist'}': 8 ofertas guardadas
2026-04-12 12:54:22,317 [INFO]    💤 Pausa: 7.8s
2026-04-12 12:54:30,137 [INFO] 
🔍 Buscando: '{'keyword': 'business-intelligence', 'label': 'BI / Analytics'}'
2026-04-12 12:54:30,138 [INFO]    Página 1/5
2026-04-12 12:54:33,993 [INFO]    → 8 items recibidos
2026-04-12 12:54:33,993 [INFO]    → 0 ofertas nuevas guardadas en esta página
2026-04-12 12:54:33,993 [INFO]    Página 2/5
2026-04-12 12:54:36,039 [INFO]    → 0 items recibidos
2026-04-12 12:54:36,039 [INFO]    → Sin más resultados.
2026-04-12 12:54:36,040 [INFO] ✅ '{'keyword': 'business-intelligence', 'label': 'BI / Analytics'}': 0 ofertas guardadas
2026-04-12 12:54:36,040 [INFO]    💤 Pausa: 6.2s
2026-04-12 12:54:42,217 [INFO] 
🔍 Buscando: '{'keyword': 'python', 'label': 'Python Developer'}'
2026-04-12 12:54:42,218 [INFO]    Página 1/5
2026-04-12 12:54:44,336 [INFO]    → 8 items recibidos
2026-04-12 12:54:44,336 [INFO]    → 0 ofertas nuevas guardadas en esta página
2026-04-12 12:54:44,336 [INFO]    Página 2/5
2026-04-12 12:54:46,176 [INFO]    → 0 items recibidos
2026-04-12 12:54:46,177 [INFO]    → Sin más resultados.
2026-04-12 12:54:46,177 [INFO] ✅ '{'keyword': 'python', 'label': 'Python Developer'}': 0 ofertas guardadas
2026-04-12 12:54:46,178 [INFO]    💤 Pausa: 7.9s
2026-04-12 12:54:54,102 [INFO] 
🔍 Buscando: '{'keyword': 'control-de-gestion', 'label': 'Control de Gestión'}'
2026-04-12 12:54:54,103 [INFO]    Página 1/5
2026-04-12 12:54:56,931 [INFO]    → 8 items recibidos
2026-04-12 12:54:56,931 [INFO]    → 0 ofertas nuevas guardadas en esta página
2026-04-12 12:54:56,932 [INFO]    Página 2/5
2026-04-12 12:54:58,771 [INFO]    → 0 items recibidos
2026-04-12 12:54:58,772 [INFO]    → Sin más resultados.
2026-04-12 12:54:58,772 [INFO] ✅ '{'keyword': 'control-de-gestion', 'label': 'Control de Gestión'}': 0 ofertas guardadas
2026-04-12 12:54:58,773 [INFO]    💤 Pausa: 4.9s
2026-04-12 12:55:03,702 [INFO] 
🔍 Buscando: '{'keyword': 'gerente-operaciones', 'label': 'Gerente de Operaciones'}'
2026-04-12 12:55:03,703 [INFO]    Página 1/5
2026-04-12 12:55:06,045 [INFO]    → 8 items recibidos
2026-04-12 12:55:06,046 [INFO]    → 0 ofertas nuevas guardadas en esta página
2026-04-12 12:55:06,046 [INFO]    Página 2/5
2026-04-12 12:55:08,909 [INFO]    → 0 items recibidos
2026-04-12 12:55:08,910 [INFO]    → Sin más resultados.
2026-04-12 12:55:08,910 [INFO] ✅ '{'keyword': 'gerente-operaciones', 'label': 'Gerente de Operaciones'}': 0 ofertas guardadas
2026-04-12 12:55:08,910 [INFO]    💤 Pausa: 6.6s
2026-04-12 12:55:15,471 [INFO] 
🔍 Buscando: '{'keyword': 'compras', 'label': 'Compras / Procurement'}'
2026-04-12 12:55:15,471 [INFO]    Página 1/5
2026-04-12 12:55:17,923 [INFO]    → 8 items recibidos
2026-04-12 12:55:17,924 [INFO]    → 0 ofertas nuevas guardadas en esta página
2026-04-12 12:55:17,924 [INFO]    Página 2/5
2026-04-12 12:55:21,709 [INFO]    → 0 items recibidos
2026-04-12 12:55:21,709 [INFO]    → Sin más resultados.
2026-04-12 12:55:21,710 [INFO] ✅ '{'keyword': 'compras', 'label': 'Compras / Procurement'}': 0 ofertas guardadas
2026-04-12 12:55:21,710 [INFO]    💤 Pausa: 7.5s
2026-04-12 12:55:29,248 [INFO] 
🔍 Buscando: '{'keyword': 'ingeniero-industrial', 'label': 'Ingeniero Industrial'}'
2026-04-12 12:55:29,249 [INFO]    Página 1/5
2026-04-12 12:55:31,338 [INFO]    → 8 items recibidos
2026-04-12 12:55:31,338 [INFO]    → 0 ofertas nuevas guardadas en esta página
2026-04-12 12:55:31,338 [INFO]    Página 2/5
2026-04-12 12:55:33,178 [INFO]    → 0 items recibidos
2026-04-12 12:55:33,178 [INFO]    → Sin más resultados.
2026-04-12 12:55:33,179 [INFO] ✅ '{'keyword': 'ingeniero-industrial', 'label': 'Ingeniero Industrial'}': 0 ofertas guardadas
2026-04-12 12:55:33,179 [INFO]    💤 Pausa: 6.8s
2026-04-12 12:55:39,932 [INFO] 
🔍 Buscando: '{'keyword': 'finanzas', 'label': 'Finanzas / CAPEX'}'
2026-04-12 12:55:39,932 [INFO]    Página 1/5
2026-04-12 12:55:43,830 [INFO]    → 8 items recibidos
2026-04-12 12:55:43,831 [INFO]    → 0 ofertas nuevas guardadas en esta página
2026-04-12 12:55:43,831 [INFO]    Página 2/5
2026-04-12 12:55:45,978 [INFO]    → 0 items recibidos
2026-04-12 12:55:45,978 [INFO]    → Sin más resultados.
2026-04-12 12:55:45,979 [INFO] ✅ '{'keyword': 'finanzas', 'label': 'Finanzas / CAPEX'}': 0 ofertas guardadas
2026-04-12 12:55:45,979 [INFO]    💤 Pausa: 6.8s
2026-04-12 12:55:52,791 [INFO] 
🔍 Buscando: '{'keyword': 'excel', 'label': 'Excel / VBA'}'
2026-04-12 12:55:52,792 [INFO]    Página 1/5
2026-04-12 12:55:55,095 [INFO]    → 8 items recibidos
2026-04-12 12:55:55,095 [INFO]    → 0 ofertas nuevas guardadas en esta página
2026-04-12 12:55:55,096 [INFO]    Página 2/5
2026-04-12 12:55:58,676 [INFO]    → 0 items recibidos
2026-04-12 12:55:58,676 [INFO]    → Sin más resultados.
2026-04-12 12:55:58,677 [INFO] ✅ '{'keyword': 'excel', 'label': 'Excel / VBA'}': 0 ofertas guardadas
2026-04-12 12:55:58,677 [INFO]    💤 Pausa: 4.6s
2026-04-12 12:56:03,273 [INFO] 
🔍 Buscando: '{'keyword': 'supply-chain', 'label': 'Supply Chain'}'
2026-04-12 12:56:03,274 [INFO]    Página 1/5
2026-04-12 12:56:05,845 [INFO]    → 8 items recibidos
2026-04-12 12:56:05,845 [INFO]    → 0 ofertas nuevas guardadas en esta página
2026-04-12 12:56:05,845 [INFO]    Página 2/5
2026-04-12 12:56:09,325 [INFO]    → 0 items recibidos
2026-04-12 12:56:09,326 [INFO]    → Sin más resultados.
2026-04-12 12:56:09,326 [INFO] ✅ '{'keyword': 'supply-chain', 'label': 'Supply Chain'}': 0 ofertas guardadas
2026-04-12 12:56:09,327 [INFO]    💤 Pausa: 6.0s
2026-04-12 12:56:15,342 [INFO] 
🔍 Buscando: '{'keyword': 'continuous-improvement', 'label': 'Continuous Improvement'}'
2026-04-12 12:56:15,342 [INFO]    Página 1/5
2026-04-12 12:56:18,953 [INFO]    → 8 items recibidos
2026-04-12 12:56:18,953 [INFO]    → 0 ofertas nuevas guardadas en esta página
2026-04-12 12:56:18,954 [INFO]    Página 2/5
2026-04-12 12:56:20,896 [INFO]    → 0 items recibidos
2026-04-12 12:56:20,897 [INFO]    → Sin más resultados.
2026-04-12 12:56:20,897 [INFO] ✅ '{'keyword': 'continuous-improvement', 'label': 'Continuous Improvement'}': 0 ofertas guardadas
2026-04-12 12:56:20,898 [INFO]    💤 Pausa: 7.6s
2026-04-12 12:56:28,504 [INFO] 
============================================================
2026-04-12 12:56:28,504 [INFO] SCRAPING FINALIZADO - GetOnBoard
2026-04-12 12:56:28,505 [INFO] Total ofertas únicas: 8
2026-04-12 12:56:28,505 [INFO] DB : /media/carlos-a-cicconi/Common1/Repositorios-Ing.Carlos-Cicconi/Trabajo_Final_MCD/data/raw/ofertas_getonboard.db
2026-04-12 12:56:28,506 [INFO] CSV: /media/carlos-a-cicconi/Common1/Repositorios-Ing.Carlos-Cicconi/Trabajo_Final_MCD/data/raw/getonboard_20260412.csv
2026-04-12 12:56:28,506 [INFO] Log: /media/carlos-a-cicconi/Common1/Repositorios-Ing.Carlos-Cicconi/Trabajo_Final_MCD/logs/getonboard_scraper_20260412_125416.log
2026-04-12 12:56:28,506 [INFO] ============================================================
2026-04-12 12:56:28,507 [INFO]   ✅ getonboard: 8 ofertas recopiladas
2026-04-12 12:56:28,508 [INFO] 
============================================================
2026-04-12 12:56:28,508 [INFO]   EJECUTANDO: bumeran (BumeranScraper)
2026-04-12 12:56:28,508 [INFO]   Queries: desde CV (22 búsquedas)
2026-04-12 12:56:28,508 [INFO] ============================================================
2026-04-12 12:56:28,641 [INFO] Base de datos lista: /media/carlos-a-cicconi/Common1/Repositorios-Ing.Carlos-Cicconi/Trabajo_Final_MCD/data/raw/ofertas_bumeran.db
2026-04-12 12:56:28,641 [INFO] BumeranScraper (Playwright) inicializado
2026-04-12 12:56:28,641 [INFO]   ✅ Queries del CV inyectadas en bumeran
2026-04-12 12:56:29,699 [INFO] Inicializando sesión en Bumeran...
2026-04-12 12:56:46,667 [INFO] 
🔍 Buscando: 'Data Scientist'
2026-04-12 12:56:46,667 [INFO]    Página 1/5 → https://www.bumeran.com.ar/empleos-busqueda-data-scientist.html
2026-04-12 12:56:57,819 [INFO]    → 3 ofertas encontradas
2026-04-12 12:57:25,379 [INFO]    Página 2/5 → https://www.bumeran.com.ar/empleos-busqueda-data-scientist.html?page=2
2026-04-12 12:57:45,843 [INFO]    → 0 ofertas encontradas
2026-04-12 12:57:45,844 [INFO]    → Sin más resultados.
2026-04-12 12:57:45,844 [INFO] Exportadas 3 ofertas → /media/carlos-a-cicconi/Common1/Repositorios-Ing.Carlos-Cicconi/Trabajo_Final_MCD/data/raw/bumeran_20260412.csv
2026-04-12 12:57:45,844 [INFO] ✅ 'Data Scientist': 3 ofertas guardadas
2026-04-12 12:57:45,844 [INFO]    💤 Pausa: 10.7s
2026-04-12 12:57:56,586 [INFO] 
🔍 Buscando: 'BI / Analytics'
2026-04-12 12:57:56,586 [INFO]    Página 1/5 → https://www.bumeran.com.ar/empleos-busqueda-business-intelligence.html
2026-04-12 12:58:07,390 [INFO]    → 3 ofertas encontradas
2026-04-12 12:58:35,026 [INFO]    Página 2/5 → https://www.bumeran.com.ar/empleos-busqueda-business-intelligence.html?page=2
2026-04-12 12:58:55,765 [INFO]    → 0 ofertas encontradas
2026-04-12 12:58:55,765 [INFO]    → Sin más resultados.
2026-04-12 12:58:55,765 [INFO] Exportadas 3 ofertas → /media/carlos-a-cicconi/Common1/Repositorios-Ing.Carlos-Cicconi/Trabajo_Final_MCD/data/raw/bumeran_20260412.csv
2026-04-12 12:58:55,765 [INFO] ✅ 'BI / Analytics': 3 ofertas guardadas
2026-04-12 12:58:55,765 [INFO]    💤 Pausa: 10.8s
2026-04-12 12:59:06,534 [INFO] 
🔍 Buscando: 'Python Developer'
2026-04-12 12:59:06,534 [INFO]    Página 1/5 → https://www.bumeran.com.ar/empleos-busqueda-python.html
2026-04-12 12:59:17,159 [INFO]    → 6 ofertas encontradas
2026-04-12 13:00:05,929 [INFO]    Página 2/5 → https://www.bumeran.com.ar/empleos-busqueda-python.html?page=2
2026-04-12 13:00:26,825 [INFO]    → 0 ofertas encontradas
2026-04-12 13:00:26,825 [INFO]    → Sin más resultados.
2026-04-12 13:00:26,826 [INFO] Exportadas 6 ofertas → /media/carlos-a-cicconi/Common1/Repositorios-Ing.Carlos-Cicconi/Trabajo_Final_MCD/data/raw/bumeran_20260412.csv
2026-04-12 13:00:26,826 [INFO] ✅ 'Python Developer': 6 ofertas guardadas
2026-04-12 13:00:26,826 [INFO]    💤 Pausa: 9.7s
2026-04-12 13:00:36,493 [INFO] 
🔍 Buscando: 'Control de Gestión'
2026-04-12 13:00:36,493 [INFO]    Página 1/5 → https://www.bumeran.com.ar/empleos-busqueda-control-de-gestion.html
2026-04-12 13:00:47,171 [INFO]    → 20 ofertas encontradas
2026-04-12 13:03:40,117 [INFO]    Página 2/5 → https://www.bumeran.com.ar/empleos-busqueda-control-de-gestion.html?page=2
2026-04-12 13:03:48,745 [INFO]    → 20 ofertas encontradas
2026-04-12 13:06:37,798 [INFO]    Página 3/5 → https://www.bumeran.com.ar/empleos-busqueda-control-de-gestion.html?page=3
2026-04-12 13:06:48,500 [INFO]    → 1 ofertas encontradas
2026-04-12 13:06:55,332 [INFO]    Página 4/5 → https://www.bumeran.com.ar/empleos-busqueda-control-de-gestion.html?page=4
2026-04-12 13:07:17,420 [INFO]    → 0 ofertas encontradas
2026-04-12 13:07:17,420 [INFO]    → Sin más resultados.
2026-04-12 13:07:17,422 [INFO] Exportadas 41 ofertas → /media/carlos-a-cicconi/Common1/Repositorios-Ing.Carlos-Cicconi/Trabajo_Final_MCD/data/raw/bumeran_20260412.csv
2026-04-12 13:07:17,422 [INFO] ✅ 'Control de Gestión': 41 ofertas guardadas
2026-04-12 13:07:17,422 [INFO]    💤 Pausa: 7.7s
2026-04-12 13:07:25,077 [INFO] 
🔍 Buscando: 'Gerente de Operaciones'
2026-04-12 13:07:25,078 [INFO]    Página 1/5 → https://www.bumeran.com.ar/empleos-busqueda-gerente-operaciones.html
2026-04-12 13:07:34,360 [INFO]    → 16 ofertas encontradas
2026-04-12 13:09:51,165 [INFO]    Página 2/5 → https://www.bumeran.com.ar/empleos-busqueda-gerente-operaciones.html?page=2
2026-04-12 13:10:12,621 [INFO]    → 0 ofertas encontradas
2026-04-12 13:10:12,622 [INFO]    → Sin más resultados.
2026-04-12 13:10:12,625 [INFO] Exportadas 16 ofertas → /media/carlos-a-cicconi/Common1/Repositorios-Ing.Carlos-Cicconi/Trabajo_Final_MCD/data/raw/bumeran_20260412.csv
2026-04-12 13:10:12,625 [INFO] ✅ 'Gerente de Operaciones': 16 ofertas guardadas
2026-04-12 13:10:12,625 [INFO]    💤 Pausa: 12.5s
2026-04-12 13:10:25,112 [INFO] 
🔍 Buscando: 'Compras / Procurement'
2026-04-12 13:10:25,113 [INFO]    Página 1/5 → https://www.bumeran.com.ar/empleos-busqueda-compras.html
2026-04-12 13:10:35,395 [INFO]    → 20 ofertas encontradas
2026-04-12 13:13:25,226 [INFO]    Página 2/5 → https://www.bumeran.com.ar/empleos-busqueda-compras.html?page=2
2026-04-12 13:13:34,544 [INFO]    → 20 ofertas encontradas
2026-04-12 13:16:25,068 [INFO]    Página 3/5 → https://www.bumeran.com.ar/empleos-busqueda-compras.html?page=3
2026-04-12 13:16:35,010 [INFO]    → 20 ofertas encontradas
2026-04-12 13:19:23,598 [INFO]    Página 4/5 → https://www.bumeran.com.ar/empleos-busqueda-compras.html?page=4
2026-04-12 13:19:35,341 [INFO]    → 20 ofertas encontradas
2026-04-12 13:22:21,852 [INFO]    Página 5/5 → https://www.bumeran.com.ar/empleos-busqueda-compras.html?page=5
2026-04-12 13:22:33,812 [INFO]    → 20 ofertas encontradas
2026-04-12 13:25:13,170 [INFO] Exportadas 100 ofertas → /media/carlos-a-cicconi/Common1/Repositorios-Ing.Carlos-Cicconi/Trabajo_Final_MCD/data/raw/bumeran_20260412.csv
2026-04-12 13:25:13,170 [INFO] ✅ 'Compras / Procurement': 100 ofertas guardadas
2026-04-12 13:25:13,170 [INFO]    💤 Pausa: 10.9s
2026-04-12 13:25:24,062 [INFO] 
🔍 Buscando: 'Ingeniero Industrial'
2026-04-12 13:25:24,063 [INFO]    Página 1/5 → https://www.bumeran.com.ar/empleos-busqueda-ingeniero-industrial.html
2026-04-12 13:25:35,736 [INFO]    → 15 ofertas encontradas
2026-04-12 13:27:41,627 [INFO]    Página 2/5 → https://www.bumeran.com.ar/empleos-busqueda-ingeniero-industrial.html?page=2
2026-04-12 13:28:01,310 [INFO]    → 0 ofertas encontradas
2026-04-12 13:28:01,310 [INFO]    → Sin más resultados.
2026-04-12 13:28:01,311 [INFO] Exportadas 15 ofertas → /media/carlos-a-cicconi/Common1/Repositorios-Ing.Carlos-Cicconi/Trabajo_Final_MCD/data/raw/bumeran_20260412.csv
2026-04-12 13:28:01,311 [INFO] ✅ 'Ingeniero Industrial': 15 ofertas guardadas
2026-04-12 13:28:01,311 [INFO]    💤 Pausa: 9.2s
2026-04-12 13:28:10,564 [INFO] 
🔍 Buscando: 'Finanzas / CAPEX'
2026-04-12 13:28:10,565 [INFO]    Página 1/5 → https://www.bumeran.com.ar/empleos-busqueda-finanzas.html
2026-04-12 13:28:21,130 [INFO]    → 20 ofertas encontradas
2026-04-12 13:31:12,320 [INFO]    Página 2/5 → https://www.bumeran.com.ar/empleos-busqueda-finanzas.html?page=2
2026-04-12 13:31:21,714 [INFO]    → 20 ofertas encontradas
2026-04-12 13:34:13,030 [INFO]    Página 3/5 → https://www.bumeran.com.ar/empleos-busqueda-finanzas.html?page=3
2026-04-12 13:34:22,514 [INFO]    → 20 ofertas encontradas
2026-04-12 13:37:10,345 [INFO]    Página 4/5 → https://www.bumeran.com.ar/empleos-busqueda-finanzas.html?page=4
2026-04-12 13:37:20,342 [INFO]    → 6 ofertas encontradas
2026-04-12 13:38:09,710 [INFO]    Página 5/5 → https://www.bumeran.com.ar/empleos-busqueda-finanzas.html?page=5
2026-04-12 13:38:29,661 [INFO]    → 0 ofertas encontradas
2026-04-12 13:38:29,661 [INFO]    → Sin más resultados.
2026-04-12 13:38:29,665 [INFO] Exportadas 66 ofertas → /media/carlos-a-cicconi/Common1/Repositorios-Ing.Carlos-Cicconi/Trabajo_Final_MCD/data/raw/bumeran_20260412.csv
2026-04-12 13:38:29,665 [INFO] ✅ 'Finanzas / CAPEX': 66 ofertas guardadas
2026-04-12 13:38:29,665 [INFO]    💤 Pausa: 8.8s
2026-04-12 13:38:38,426 [INFO] 
🔍 Buscando: 'Excel / VBA'
2026-04-12 13:38:38,426 [INFO]    Página 1/5 → https://www.bumeran.com.ar/empleos-busqueda-excel.html
2026-04-12 13:38:48,755 [INFO]    → 8 ofertas encontradas
2026-04-12 13:39:58,317 [INFO]    Página 2/5 → https://www.bumeran.com.ar/empleos-busqueda-excel.html?page=2
2026-04-12 13:40:20,146 [INFO]    → 0 ofertas encontradas
2026-04-12 13:40:20,146 [INFO]    → Sin más resultados.
2026-04-12 13:40:20,147 [INFO] Exportadas 8 ofertas → /media/carlos-a-cicconi/Common1/Repositorios-Ing.Carlos-Cicconi/Trabajo_Final_MCD/data/raw/bumeran_20260412.csv
2026-04-12 13:40:20,147 [INFO] ✅ 'Excel / VBA': 8 ofertas guardadas
2026-04-12 13:40:20,147 [INFO]    💤 Pausa: 7.8s
2026-04-12 13:40:27,915 [INFO] 
🔍 Buscando: 'Supply Chain'
2026-04-12 13:40:27,916 [INFO]    Página 1/5 → https://www.bumeran.com.ar/empleos-busqueda-supply-chain.html
2026-04-12 13:40:36,661 [INFO]    → 13 ofertas encontradas
2026-04-12 13:42:30,962 [INFO]    Página 2/5 → https://www.bumeran.com.ar/empleos-busqueda-supply-chain.html?page=2
2026-04-12 13:42:53,147 [INFO]    → 0 ofertas encontradas
2026-04-12 13:42:53,147 [INFO]    → Sin más resultados.
2026-04-12 13:42:53,148 [INFO] Exportadas 13 ofertas → /media/carlos-a-cicconi/Common1/Repositorios-Ing.Carlos-Cicconi/Trabajo_Final_MCD/data/raw/bumeran_20260412.csv
2026-04-12 13:42:53,148 [INFO] ✅ 'Supply Chain': 13 ofertas guardadas
2026-04-12 13:42:53,148 [INFO]    💤 Pausa: 10.5s
2026-04-12 13:43:03,611 [INFO] 
🔍 Buscando: 'Continuous Improvement'
2026-04-12 13:43:03,611 [INFO]    Página 1/5 → https://www.bumeran.com.ar/empleos-busqueda-continuous-improvement.html
2026-04-12 13:43:24,649 [INFO]    → 0 ofertas encontradas
2026-04-12 13:43:24,649 [INFO]    → Sin más resultados.
2026-04-12 13:43:24,649 [INFO] ✅ 'Continuous Improvement': 0 ofertas guardadas
2026-04-12 13:43:24,649 [INFO]    💤 Pausa: 12.6s
2026-04-12 13:43:37,334 [INFO] 
============================================================
2026-04-12 13:43:37,334 [INFO] SCRAPING FINALIZADO - Bumeran Argentina
2026-04-12 13:43:37,334 [INFO] Total ofertas únicas: 271
2026-04-12 13:43:37,334 [INFO] DB : /media/carlos-a-cicconi/Common1/Repositorios-Ing.Carlos-Cicconi/Trabajo_Final_MCD/data/raw/ofertas_bumeran.db
2026-04-12 13:43:37,334 [INFO] CSV: /media/carlos-a-cicconi/Common1/Repositorios-Ing.Carlos-Cicconi/Trabajo_Final_MCD/data/raw/bumeran_20260412.csv
2026-04-12 13:43:37,334 [INFO] Log: /media/carlos-a-cicconi/Common1/Repositorios-Ing.Carlos-Cicconi/Trabajo_Final_MCD/logs/bumeran_scraper_20260412_125628.log
2026-04-12 13:43:37,334 [INFO] ============================================================
2026-04-12 13:43:37,335 [INFO]   ✅ bumeran: 271 ofertas recopiladas
2026-04-12 13:43:37,335 [INFO] 
============================================================
2026-04-12 13:43:37,335 [INFO]   EJECUTANDO: zonajobs (ZonaJobsScraper)
2026-04-12 13:43:37,335 [INFO]   Queries: desde CV (22 búsquedas)
2026-04-12 13:43:37,335 [INFO] ============================================================
2026-04-12 13:43:37,341 [INFO] Base de datos lista: /media/carlos-a-cicconi/Common1/Repositorios-Ing.Carlos-Cicconi/Trabajo_Final_MCD/data/raw/ofertas_zonajobs.db
2026-04-12 13:43:37,342 [INFO] ZonaJobsScraper (Playwright) inicializado
2026-04-12 13:43:37,342 [INFO]   ✅ Queries del CV inyectadas en zonajobs
2026-04-12 13:43:37,935 [INFO] Inicializando sesión en ZonaJobs...
2026-04-12 13:43:44,391 [INFO] 
🔍 Buscando: 'Data Scientist'
2026-04-12 13:43:44,391 [INFO]    Página 1/5 → https://www.zonajobs.com.ar/empleos-busqueda-data-scientist.html
2026-04-12 13:43:53,025 [INFO]    → 3 ofertas encontradas
2026-04-12 13:44:16,377 [INFO]    Página 2/5 → https://www.zonajobs.com.ar/empleos-busqueda-data-scientist.html?page=2
2026-04-12 13:44:37,172 [WARNING]    ⚠️  Sin ofertas. HTML guardado: zonajobs_rendered_Data_Scientist.html
2026-04-12 13:44:37,172 [INFO]    → 0 ofertas encontradas
2026-04-12 13:44:37,172 [INFO]    → Sin más resultados.
2026-04-12 13:44:37,172 [INFO] Exportadas 3 ofertas → /media/carlos-a-cicconi/Common1/Repositorios-Ing.Carlos-Cicconi/Trabajo_Final_MCD/data/raw/zonajobs_20260412.csv
2026-04-12 13:44:37,172 [INFO] ✅ 'Data Scientist': 3 ofertas guardadas
2026-04-12 13:44:37,173 [INFO]    💤 Pausa: 8.3s
2026-04-12 13:44:45,456 [INFO] 
🔍 Buscando: 'BI / Analytics'
2026-04-12 13:44:45,457 [INFO]    Página 1/5 → https://www.zonajobs.com.ar/empleos-busqueda-business-intelligence.html
2026-04-12 13:44:56,235 [INFO]    → 3 ofertas encontradas
2026-04-12 13:45:21,043 [INFO]    Página 2/5 → https://www.zonajobs.com.ar/empleos-busqueda-business-intelligence.html?page=2
2026-04-12 13:45:41,743 [ERROR]   ❌ zonajobs falló: [Errno 2] No such file or directory: '/media/carlos-a-cicconi/Common1/Repositorios-Ing.Carlos-Cicconi/Trabajo_Final_MCD/data/raw/diagnostico/zonajobs_rendered_BI_/_Analytics.html'
2026-04-12 13:45:41,752 [INFO] 
============================================================
2026-04-12 13:45:41,753 [INFO]   EJECUTANDO: workana (WorkanaScraper)
2026-04-12 13:45:41,753 [INFO]   Queries: desde CV (22 búsquedas)
2026-04-12 13:45:41,753 [INFO] ============================================================
2026-04-12 13:45:41,760 [INFO] Base de datos lista: /media/carlos-a-cicconi/Common1/Repositorios-Ing.Carlos-Cicconi/Trabajo_Final_MCD/data/raw/ofertas_workana.db
2026-04-12 13:45:41,760 [INFO] WorkanaScraper (Playwright) inicializado
2026-04-12 13:45:41,760 [INFO]   ✅ Queries del CV inyectadas en workana
2026-04-12 13:45:42,363 [INFO] Inicializando sesión en Workana...
2026-04-12 13:45:59,506 [INFO] 
🔍 Buscando: 'Data Scientist'
2026-04-12 13:45:59,506 [INFO]    Página 1/5 → https://www.workana.com/jobs?category=it-programming&language=es&country=AR&search=data+scientist&page=1
2026-04-12 13:46:09,370 [INFO]    → 7 ofertas nuevas encontradas
2026-04-12 13:48:14,717 [INFO]    Página 2/5 → https://www.workana.com/jobs?category=it-programming&language=es&country=AR&search=data+scientist&page=2
2026-04-12 13:48:25,416 [INFO]    → 7 ofertas nuevas encontradas
2026-04-12 13:50:35,453 [INFO]    Página 3/5 → https://www.workana.com/jobs?category=it-programming&language=es&country=AR&search=data+scientist&page=3
2026-04-12 13:50:44,617 [INFO]    → 7 ofertas nuevas encontradas
2026-04-12 13:52:54,119 [INFO]    Página 4/5 → https://www.workana.com/jobs?category=it-programming&language=es&country=AR&search=data+scientist&page=4
2026-04-12 13:53:02,536 [INFO]    → 7 ofertas nuevas encontradas
2026-04-12 13:55:10,345 [INFO]    Página 5/5 → https://www.workana.com/jobs?category=it-programming&language=es&country=AR&search=data+scientist&page=5
2026-04-12 13:55:19,305 [INFO]    → 7 ofertas nuevas encontradas
2026-04-12 13:57:30,011 [INFO] Exportadas 35 ofertas → /media/carlos-a-cicconi/Common1/Repositorios-Ing.Carlos-Cicconi/Trabajo_Final_MCD/data/raw/workana_20260412.csv
2026-04-12 13:57:30,011 [INFO] ✅ 'Data Scientist': 35 ofertas guardadas
2026-04-12 13:57:30,011 [INFO]    💤 Pausa: 6.5s
2026-04-12 13:57:36,487 [INFO] 
🔍 Buscando: 'BI / Analytics'
2026-04-12 13:57:36,487 [INFO]    Página 1/5 → https://www.workana.com/jobs?category=it-programming&language=es&country=AR&search=business+intelligence&page=1
2026-04-12 13:57:46,525 [INFO]    → 1 ofertas nuevas encontradas
2026-04-12 13:58:06,058 [INFO]    Página 2/5 → https://www.workana.com/jobs?category=it-programming&language=es&country=AR&search=business+intelligence&page=2
2026-04-12 13:58:13,822 [INFO]    → 1 ofertas nuevas encontradas
2026-04-12 13:58:33,222 [INFO]    Página 3/5 → https://www.workana.com/jobs?category=it-programming&language=es&country=AR&search=business+intelligence&page=3
2026-04-12 13:58:42,605 [WARNING]    ⚠️  Sin ofertas parseadas.
2026-04-12 13:58:42,606 [INFO]    → 0 ofertas nuevas encontradas
2026-04-12 13:58:42,606 [INFO]    → Sin más resultados.
2026-04-12 13:58:42,606 [INFO] Exportadas 2 ofertas → /media/carlos-a-cicconi/Common1/Repositorios-Ing.Carlos-Cicconi/Trabajo_Final_MCD/data/raw/workana_20260412.csv
2026-04-12 13:58:42,606 [INFO] ✅ 'BI / Analytics': 2 ofertas guardadas
2026-04-12 13:58:42,606 [INFO]    💤 Pausa: 8.7s
2026-04-12 13:58:51,344 [INFO] 
🔍 Buscando: 'Python Developer'
2026-04-12 13:58:51,345 [INFO]    Página 1/5 → https://www.workana.com/jobs?category=it-programming&language=es&country=AR&search=python&page=1
2026-04-12 13:59:00,285 [WARNING]    ⚠️  Sin ofertas parseadas.
2026-04-12 13:59:00,285 [INFO]    → 0 ofertas nuevas encontradas
2026-04-12 13:59:00,285 [INFO]    → Sin más resultados.
2026-04-12 13:59:00,285 [INFO] ✅ 'Python Developer': 0 ofertas guardadas
2026-04-12 13:59:00,285 [INFO]    💤 Pausa: 9.8s
2026-04-12 13:59:10,143 [INFO] 
🔍 Buscando: 'Control de Gestión'
2026-04-12 13:59:10,144 [INFO]    Página 1/5 → https://www.workana.com/jobs?category=it-programming&language=es&country=AR&search=control+de+gestion&page=1
2026-04-12 13:59:19,074 [WARNING]    ⚠️  Sin ofertas parseadas.
2026-04-12 13:59:19,074 [INFO]    → 0 ofertas nuevas encontradas
2026-04-12 13:59:19,074 [INFO]    → Sin más resultados.
2026-04-12 13:59:19,074 [INFO] ✅ 'Control de Gestión': 0 ofertas guardadas
2026-04-12 13:59:19,075 [INFO]    💤 Pausa: 9.6s
2026-04-12 13:59:28,697 [INFO] 
🔍 Buscando: 'Gerente de Operaciones'
2026-04-12 13:59:28,698 [INFO]    Página 1/5 → https://www.workana.com/jobs?category=it-programming&language=es&country=AR&search=gerente+operaciones&page=1
2026-04-12 13:59:38,861 [WARNING]    ⚠️  Sin ofertas parseadas.
2026-04-12 13:59:38,862 [INFO]    → 0 ofertas nuevas encontradas
2026-04-12 13:59:38,862 [INFO]    → Sin más resultados.
2026-04-12 13:59:38,862 [INFO] ✅ 'Gerente de Operaciones': 0 ofertas guardadas
2026-04-12 13:59:38,862 [INFO]    💤 Pausa: 6.5s
2026-04-12 13:59:45,335 [INFO] 
🔍 Buscando: 'Compras / Procurement'
2026-04-12 13:59:45,336 [INFO]    Página 1/5 → https://www.workana.com/jobs?category=it-programming&language=es&country=AR&search=compras&page=1
2026-04-12 13:59:55,358 [WARNING]    ⚠️  Sin ofertas parseadas.
2026-04-12 13:59:55,358 [INFO]    → 0 ofertas nuevas encontradas
2026-04-12 13:59:55,358 [INFO]    → Sin más resultados.
2026-04-12 13:59:55,359 [INFO] ✅ 'Compras / Procurement': 0 ofertas guardadas
2026-04-12 13:59:55,359 [INFO]    💤 Pausa: 6.0s
2026-04-12 14:00:01,366 [INFO] 
🔍 Buscando: 'Ingeniero Industrial'
2026-04-12 14:00:01,367 [INFO]    Página 1/5 → https://www.workana.com/jobs?category=it-programming&language=es&country=AR&search=ingeniero+industrial&page=1
2026-04-12 14:00:09,568 [WARNING]    ⚠️  Sin ofertas parseadas.
2026-04-12 14:00:09,568 [INFO]    → 0 ofertas nuevas encontradas
2026-04-12 14:00:09,568 [INFO]    → Sin más resultados.
2026-04-12 14:00:09,568 [INFO] ✅ 'Ingeniero Industrial': 0 ofertas guardadas
2026-04-12 14:00:09,568 [INFO]    💤 Pausa: 10.7s
2026-04-12 14:00:20,255 [INFO] 
🔍 Buscando: 'Finanzas / CAPEX'
2026-04-12 14:00:20,256 [INFO]    Página 1/5 → https://www.workana.com/jobs?category=it-programming&language=es&country=AR&search=finanzas&page=1
2026-04-12 14:00:28,515 [WARNING]    ⚠️  Sin ofertas parseadas.
2026-04-12 14:00:28,515 [INFO]    → 0 ofertas nuevas encontradas
2026-04-12 14:00:28,515 [INFO]    → Sin más resultados.
2026-04-12 14:00:28,515 [INFO] ✅ 'Finanzas / CAPEX': 0 ofertas guardadas
2026-04-12 14:00:28,515 [INFO]    💤 Pausa: 9.4s
2026-04-12 14:00:37,911 [INFO] 
🔍 Buscando: 'Excel / VBA'
2026-04-12 14:00:37,912 [INFO]    Página 1/5 → https://www.workana.com/jobs?category=it-programming&language=es&country=AR&search=excel&page=1
2026-04-12 14:00:48,334 [WARNING]    ⚠️  Sin ofertas parseadas.
2026-04-12 14:00:48,334 [INFO]    → 0 ofertas nuevas encontradas
2026-04-12 14:00:48,334 [INFO]    → Sin más resultados.
2026-04-12 14:00:48,334 [INFO] ✅ 'Excel / VBA': 0 ofertas guardadas
2026-04-12 14:00:48,335 [INFO]    💤 Pausa: 10.2s
2026-04-12 14:00:58,576 [INFO] 
🔍 Buscando: 'Supply Chain'
2026-04-12 14:00:58,576 [INFO]    Página 1/5 → https://www.workana.com/jobs?category=it-programming&language=es&country=AR&search=supply+chain&page=1
2026-04-12 14:01:07,864 [WARNING]    ⚠️  Sin ofertas parseadas.
2026-04-12 14:01:07,865 [INFO]    → 0 ofertas nuevas encontradas
2026-04-12 14:01:07,865 [INFO]    → Sin más resultados.
2026-04-12 14:01:07,865 [INFO] ✅ 'Supply Chain': 0 ofertas guardadas
2026-04-12 14:01:07,865 [INFO]    💤 Pausa: 10.4s
2026-04-12 14:01:18,249 [INFO] 
🔍 Buscando: 'Continuous Improvement'
2026-04-12 14:01:18,250 [INFO]    Página 1/5 → https://www.workana.com/jobs?category=it-programming&language=es&country=AR&search=continuous+improvement&page=1
2026-04-12 14:01:27,529 [WARNING]    ⚠️  Sin ofertas parseadas.
2026-04-12 14:01:27,529 [INFO]    → 0 ofertas nuevas encontradas
2026-04-12 14:01:27,529 [INFO]    → Sin más resultados.
2026-04-12 14:01:27,529 [INFO] ✅ 'Continuous Improvement': 0 ofertas guardadas
2026-04-12 14:01:27,530 [INFO]    💤 Pausa: 9.9s
2026-04-12 14:01:37,464 [INFO] 
🔍 Buscando: 'Data Scientist (Remoto)'
2026-04-12 14:01:37,465 [INFO]    Página 1/5 → https://www.workana.com/jobs?category=it-programming&language=es&country=AR&search=data+scientist&page=1
2026-04-12 14:01:46,985 [WARNING]    ⚠️  Sin ofertas parseadas.
2026-04-12 14:01:46,985 [INFO]    → 0 ofertas nuevas encontradas
2026-04-12 14:01:46,986 [INFO]    → Sin más resultados.
2026-04-12 14:01:46,986 [INFO] ✅ 'Data Scientist (Remoto)': 0 ofertas guardadas
2026-04-12 14:01:46,986 [INFO]    💤 Pausa: 6.9s
2026-04-12 14:01:53,868 [INFO] 
🔍 Buscando: 'BI / Analytics (Remoto)'
2026-04-12 14:01:53,869 [INFO]    Página 1/5 → https://www.workana.com/jobs?category=it-programming&language=es&country=AR&search=business+intelligence&page=1
2026-04-12 14:02:04,122 [WARNING]    ⚠️  Sin ofertas parseadas.
2026-04-12 14:02:04,122 [INFO]    → 0 ofertas nuevas encontradas
2026-04-12 14:02:04,122 [INFO]    → Sin más resultados.
2026-04-12 14:02:04,122 [INFO] ✅ 'BI / Analytics (Remoto)': 0 ofertas guardadas
2026-04-12 14:02:04,122 [INFO]    💤 Pausa: 7.7s
2026-04-12 14:02:11,868 [INFO] 
🔍 Buscando: 'Python Developer (Remoto)'
2026-04-12 14:02:11,869 [INFO]    Página 1/5 → https://www.workana.com/jobs?category=it-programming&language=es&country=AR&search=python&page=1
2026-04-12 14:02:19,875 [WARNING]    ⚠️  Sin ofertas parseadas.
2026-04-12 14:02:19,875 [INFO]    → 0 ofertas nuevas encontradas
2026-04-12 14:02:19,875 [INFO]    → Sin más resultados.
2026-04-12 14:02:19,875 [INFO] ✅ 'Python Developer (Remoto)': 0 ofertas guardadas
2026-04-12 14:02:19,875 [INFO]    💤 Pausa: 9.8s
2026-04-12 14:02:29,684 [INFO] 
🔍 Buscando: 'Control de Gestión (Remoto)'
2026-04-12 14:02:29,685 [INFO]    Página 1/5 → https://www.workana.com/jobs?category=it-programming&language=es&country=AR&search=control+de+gestion&page=1
2026-04-12 14:02:37,793 [WARNING]    ⚠️  Sin ofertas parseadas.
2026-04-12 14:02:37,793 [INFO]    → 0 ofertas nuevas encontradas
2026-04-12 14:02:37,793 [INFO]    → Sin más resultados.
2026-04-12 14:02:37,793 [INFO] ✅ 'Control de Gestión (Remoto)': 0 ofertas guardadas
2026-04-12 14:02:37,794 [INFO]    💤 Pausa: 8.5s
2026-04-12 14:02:46,290 [INFO] 
🔍 Buscando: 'Gerente de Operaciones (Remoto)'
2026-04-12 14:02:46,290 [INFO]    Página 1/5 → https://www.workana.com/jobs?category=it-programming&language=es&country=AR&search=gerente+operaciones&page=1
2026-04-12 14:02:56,342 [WARNING]    ⚠️  Sin ofertas parseadas.
2026-04-12 14:02:56,342 [INFO]    → 0 ofertas nuevas encontradas
2026-04-12 14:02:56,343 [INFO]    → Sin más resultados.
2026-04-12 14:02:56,343 [INFO] ✅ 'Gerente de Operaciones (Remoto)': 0 ofertas guardadas
2026-04-12 14:02:56,343 [INFO]    💤 Pausa: 6.3s
2026-04-12 14:03:02,610 [INFO] 
🔍 Buscando: 'Compras / Procurement (Remoto)'
2026-04-12 14:03:02,611 [INFO]    Página 1/5 → https://www.workana.com/jobs?category=it-programming&language=es&country=AR&search=compras&page=1
2026-04-12 14:03:12,355 [WARNING]    ⚠️  Sin ofertas parseadas.
2026-04-12 14:03:12,355 [INFO]    → 0 ofertas nuevas encontradas
2026-04-12 14:03:12,355 [INFO]    → Sin más resultados.
2026-04-12 14:03:12,355 [INFO] ✅ 'Compras / Procurement (Remoto)': 0 ofertas guardadas
2026-04-12 14:03:12,355 [INFO]    💤 Pausa: 9.4s
2026-04-12 14:03:21,753 [INFO] 
🔍 Buscando: 'Ingeniero Industrial (Remoto)'
2026-04-12 14:03:21,753 [INFO]    Página 1/5 → https://www.workana.com/jobs?category=it-programming&language=es&country=AR&search=ingeniero+industrial&page=1
2026-04-12 14:03:31,686 [WARNING]    ⚠️  Sin ofertas parseadas.
2026-04-12 14:03:31,687 [INFO]    → 0 ofertas nuevas encontradas
2026-04-12 14:03:31,687 [INFO]    → Sin más resultados.
2026-04-12 14:03:31,687 [INFO] ✅ 'Ingeniero Industrial (Remoto)': 0 ofertas guardadas
2026-04-12 14:03:31,687 [INFO]    💤 Pausa: 10.8s
2026-04-12 14:03:42,509 [INFO] 
🔍 Buscando: 'Finanzas / CAPEX (Remoto)'
2026-04-12 14:03:42,509 [INFO]    Página 1/5 → https://www.workana.com/jobs?category=it-programming&language=es&country=AR&search=finanzas&page=1
2026-04-12 14:03:50,717 [WARNING]    ⚠️  Sin ofertas parseadas.
2026-04-12 14:03:50,717 [INFO]    → 0 ofertas nuevas encontradas
2026-04-12 14:03:50,717 [INFO]    → Sin más resultados.
2026-04-12 14:03:50,717 [INFO] ✅ 'Finanzas / CAPEX (Remoto)': 0 ofertas guardadas
2026-04-12 14:03:50,717 [INFO]    💤 Pausa: 6.3s
2026-04-12 14:03:57,056 [INFO] 
🔍 Buscando: 'Excel / VBA (Remoto)'
2026-04-12 14:03:57,057 [INFO]    Página 1/5 → https://www.workana.com/jobs?category=it-programming&language=es&country=AR&search=excel&page=1
2026-04-12 14:04:06,366 [WARNING]    ⚠️  Sin ofertas parseadas.
2026-04-12 14:04:06,366 [INFO]    → 0 ofertas nuevas encontradas
2026-04-12 14:04:06,366 [INFO]    → Sin más resultados.
2026-04-12 14:04:06,366 [INFO] ✅ 'Excel / VBA (Remoto)': 0 ofertas guardadas
2026-04-12 14:04:06,366 [INFO]    💤 Pausa: 8.3s
2026-04-12 14:04:14,698 [INFO] 
🔍 Buscando: 'Supply Chain (Remoto)'
2026-04-12 14:04:14,699 [INFO]    Página 1/5 → https://www.workana.com/jobs?category=it-programming&language=es&country=AR&search=supply+chain&page=1
2026-04-12 14:04:22,601 [WARNING]    ⚠️  Sin ofertas parseadas.
2026-04-12 14:04:22,601 [INFO]    → 0 ofertas nuevas encontradas
2026-04-12 14:04:22,601 [INFO]    → Sin más resultados.
2026-04-12 14:04:22,601 [INFO] ✅ 'Supply Chain (Remoto)': 0 ofertas guardadas
2026-04-12 14:04:22,601 [INFO]    💤 Pausa: 10.5s
2026-04-12 14:04:33,080 [INFO] 
🔍 Buscando: 'Continuous Improvement (Remoto)'
2026-04-12 14:04:33,081 [INFO]    Página 1/5 → https://www.workana.com/jobs?category=it-programming&language=es&country=AR&search=continuous+improvement&page=1
2026-04-12 14:04:41,928 [WARNING]    ⚠️  Sin ofertas parseadas.
2026-04-12 14:04:41,928 [INFO]    → 0 ofertas nuevas encontradas
2026-04-12 14:04:41,929 [INFO]    → Sin más resultados.
2026-04-12 14:04:41,929 [INFO] ✅ 'Continuous Improvement (Remoto)': 0 ofertas guardadas
2026-04-12 14:04:41,929 [INFO]    💤 Pausa: 9.9s
2026-04-12 14:04:51,879 [INFO] 
============================================================
2026-04-12 14:04:51,879 [INFO] SCRAPING FINALIZADO - Workana
2026-04-12 14:04:51,879 [INFO] Total ofertas únicas: 37
2026-04-12 14:04:51,879 [INFO] DB : /media/carlos-a-cicconi/Common1/Repositorios-Ing.Carlos-Cicconi/Trabajo_Final_MCD/data/raw/ofertas_workana.db
2026-04-12 14:04:51,879 [INFO] CSV: /media/carlos-a-cicconi/Common1/Repositorios-Ing.Carlos-Cicconi/Trabajo_Final_MCD/data/raw/workana_20260412.csv
2026-04-12 14:04:51,880 [INFO] Log: /media/carlos-a-cicconi/Common1/Repositorios-Ing.Carlos-Cicconi/Trabajo_Final_MCD/logs/workana_scraper_20260412_134541.log
2026-04-12 14:04:51,880 [INFO] ============================================================
2026-04-12 14:04:51,880 [INFO]   ✅ workana: 37 ofertas recopiladas
2026-04-12 14:04:51,880 [INFO] 
============================================================
2026-04-12 14:04:51,880 [INFO]   EJECUTANDO: opcionempleo (OpcionempleoScraper)
2026-04-12 14:04:51,880 [INFO]   Queries: desde CV (22 búsquedas)
2026-04-12 14:04:51,880 [INFO] ============================================================
2026-04-12 14:04:51,888 [INFO] Base de datos lista: /media/carlos-a-cicconi/Common1/Repositorios-Ing.Carlos-Cicconi/Trabajo_Final_MCD/data/raw/ofertas_opcionempleo.db
2026-04-12 14:04:51,888 [INFO] OpcionempleoScraper (Playwright) inicializado
2026-04-12 14:04:51,888 [INFO]   ✅ Queries del CV inyectadas en opcionempleo
2026-04-12 14:04:52,491 [INFO] Inicializando sesión en OpcionEmpleo...
2026-04-12 14:04:52,491 [INFO] (Puede tardar hasta 20s mientras se resuelve el Turnstile)
2026-04-12 14:04:56,122 [INFO]    ⏳ Turnstile detectado — esperando resolución automática...
2026-04-12 14:04:56,151 [INFO]    ✅ Turnstile resuelto
2026-04-12 14:05:00,967 [INFO] 
🔍 Buscando: 'Data Scientist'
2026-04-12 14:05:00,967 [INFO]    Página 1/5 → https://www.opcionempleo.com.ar/trabajo-data-scientist.html
2026-04-12 14:05:09,164 [INFO]    ⏳ Turnstile detectado — esperando resolución automática...
2026-04-12 14:05:09,185 [INFO]    ✅ Turnstile resuelto
2026-04-12 14:05:13,214 [INFO]    → 20 ofertas encontradas
2026-04-12 14:05:19,296 [INFO]    ⏳ Turnstile detectado — esperando resolución automática...
2026-04-12 14:05:19,313 [INFO]    ✅ Turnstile resuelto
2026-04-12 14:05:29,309 [INFO]    ⏳ Turnstile detectado — esperando resolución automática...
2026-04-12 14:05:29,330 [INFO]    ✅ Turnstile resuelto
2026-04-12 14:05:39,775 [INFO]    ⏳ Turnstile detectado — esperando resolución automática...
2026-04-12 14:05:39,793 [INFO]    ✅ Turnstile resuelto
2026-04-12 14:05:50,604 [INFO]    ⏳ Turnstile detectado — esperando resolución automática...
2026-04-12 14:05:50,622 [INFO]    ✅ Turnstile resuelto
2026-04-12 14:06:00,738 [INFO]    ⏳ Turnstile detectado — esperando resolución automática...
2026-04-12 14:06:00,756 [INFO]    ✅ Turnstile resuelto
2026-04-12 14:06:12,032 [INFO]    ⏳ Turnstile detectado — esperando resolución automática...
2026-04-12 14:06:12,053 [INFO]    ✅ Turnstile resuelto
2026-04-12 14:06:24,401 [INFO]    ⏳ Turnstile detectado — esperando resolución automática...
2026-04-12 14:06:24,421 [INFO]    ✅ Turnstile resuelto
2026-04-12 14:06:34,646 [INFO]    ⏳ Turnstile detectado — esperando resolución automática...
2026-04-12 14:06:34,664 [INFO]    ✅ Turnstile resuelto
2026-04-12 14:06:46,900 [INFO]    ⏳ Turnstile detectado — esperando resolución automática...
2026-04-12 14:06:46,919 [INFO]    ✅ Turnstile resuelto
2026-04-12 14:06:57,603 [INFO]    ⏳ Turnstile detectado — esperando resolución automática...
2026-04-12 14:06:57,622 [INFO]    ✅ Turnstile resuelto
2026-04-12 14:07:09,610 [INFO]    ⏳ Turnstile detectado — esperando resolución automática...
2026-04-12 14:07:09,629 [INFO]    ✅ Turnstile resuelto
2026-04-12 14:07:20,923 [INFO]    ⏳ Turnstile detectado — esperando resolución automática...
2026-04-12 14:07:20,941 [INFO]    ✅ Turnstile resuelto
2026-04-12 14:07:32,075 [INFO]    ⏳ Turnstile detectado — esperando resolución automática...
2026-04-12 14:07:32,093 [INFO]    ✅ Turnstile resuelto
2026-04-12 14:07:43,611 [INFO]    ⏳ Turnstile detectado — esperando resolución automática...
2026-04-12 14:07:43,632 [INFO]    ✅ Turnstile resuelto
2026-04-12 14:07:54,679 [INFO]    ⏳ Turnstile detectado — esperando resolución automática...
2026-04-12 14:07:54,700 [INFO]    ✅ Turnstile resuelto
2026-04-12 14:08:03,926 [INFO]    ⏳ Turnstile detectado — esperando resolución automática...
2026-04-12 14:08:03,945 [INFO]    ✅ Turnstile resuelto
2026-04-12 14:08:14,617 [INFO]    ⏳ Turnstile detectado — esperando resolución automática...
2026-04-12 14:08:14,636 [INFO]    ✅ Turnstile resuelto
2026-04-12 14:08:25,265 [INFO]    ⏳ Turnstile detectado — esperando resolución automática...
2026-04-12 14:08:25,285 [INFO]    ✅ Turnstile resuelto
2026-04-12 14:08:36,598 [INFO]    ⏳ Turnstile detectado — esperando resolución automática...
2026-04-12 14:08:36,618 [INFO]    ✅ Turnstile resuelto
2026-04-12 14:08:47,696 [INFO]    ⏳ Turnstile detectado — esperando resolución automática...
2026-04-12 14:08:47,715 [INFO]    ✅ Turnstile resuelto
2026-04-12 14:08:51,337 [INFO]    Página 2/5 → https://www.opcionempleo.com.ar/trabajo-data-scientist.html?p=2
2026-04-12 14:08:58,846 [INFO]    ⏳ Turnstile detectado — esperando resolución automática...
2026-04-12 14:08:58,867 [INFO]    ✅ Turnstile resuelto
2026-04-12 14:09:02,922 [INFO]    → 20 ofertas encontradas
2026-04-12 14:09:08,920 [INFO]    ⏳ Turnstile detectado — esperando resolución automática...
2026-04-12 14:09:08,937 [INFO]    ✅ Turnstile resuelto
2026-04-12 14:09:18,874 [INFO]    ⏳ Turnstile detectado — esperando resolución automática...
2026-04-12 14:09:18,912 [INFO]    ✅ Turnstile resuelto
2026-04-12 14:09:30,237 [INFO]    ⏳ Turnstile detectado — esperando resolución automática...
2026-04-12 14:09:30,258 [INFO]    ✅ Turnstile resuelto
2026-04-12 14:09:40,737 [INFO]    ⏳ Turnstile detectado — esperando resolución automática...
2026-04-12 14:09:40,755 [INFO]    ✅ Turnstile resuelto
2026-04-12 14:09:51,531 [INFO]    ⏳ Turnstile detectado — esperando resolución automática...
2026-04-12 14:09:51,550 [INFO]    ✅ Turnstile resuelto
2026-04-12 14:10:02,098 [INFO]    ⏳ Turnstile detectado — esperando resolución automática...
2026-04-12 14:10:02,116 [INFO]    ✅ Turnstile resuelto
2026-04-12 14:10:13,073 [INFO]    ⏳ Turnstile detectado — esperando resolución automática...
2026-04-12 14:10:13,095 [INFO]    ✅ Turnstile resuelto
2026-04-12 14:10:24,441 [INFO]    ⏳ Turnstile detectado — esperando resolución automática...
2026-04-12 14:10:24,461 [INFO]    ✅ Turnstile resuelto
2026-04-12 14:10:34,342 [INFO]    ⏳ Turnstile detectado — esperando resolución automática...
2026-04-12 14:10:34,361 [INFO]    ✅ Turnstile resuelto
2026-04-12 14:10:45,283 [INFO]    ⏳ Turnstile detectado — esperando resolución automática...
2026-04-12 14:10:45,301 [INFO]    ✅ Turnstile resuelto
2026-04-12 14:10:57,613 [INFO]    ⏳ Turnstile detectado — esperando resolución automática...
2026-04-12 14:10:57,633 [INFO]    ✅ Turnstile resuelto
2026-04-12 14:11:07,721 [INFO]    ⏳ Turnstile detectado — esperando resolución automática...
2026-04-12 14:11:07,741 [INFO]    ✅ Turnstile resuelto
2026-04-12 14:11:18,631 [INFO]    ⏳ Turnstile detectado — esperando resolución automática...
2026-04-12 14:11:18,651 [INFO]    ✅ Turnstile resuelto
2026-04-12 14:11:28,234 [INFO]    ⏳ Turnstile detectado — esperando resolución automática...
2026-04-12 14:11:28,256 [INFO]    ✅ Turnstile resuelto
2026-04-12 14:11:37,862 [INFO]    ⏳ Turnstile detectado — esperando resolución automática...
2026-04-12 14:11:37,882 [INFO]    ✅ Turnstile resuelto
2026-04-12 14:11:47,584 [INFO]    ⏳ Turnstile detectado — esperando resolución automática...
2026-04-12 14:11:47,601 [INFO]    ✅ Turnstile resuelto
2026-04-12 14:11:57,622 [INFO]    ⏳ Turnstile detectado — esperando resolución automática...
2026-04-12 14:11:57,642 [INFO]    ✅ Turnstile resuelto
2026-04-12 14:12:08,170 [INFO]    ⏳ Turnstile detectado — esperando resolución automática...
2026-04-12 14:12:08,189 [INFO]    ✅ Turnstile resuelto
2026-04-12 14:12:20,255 [INFO]    ⏳ Turnstile detectado — esperando resolución automática...
2026-04-12 14:12:20,277 [INFO]    ✅ Turnstile resuelto
2026-04-12 14:12:30,574 [INFO]    ⏳ Turnstile detectado — esperando resolución automática...
2026-04-12 14:12:30,593 [INFO]    ✅ Turnstile resuelto
2026-04-12 14:12:34,636 [INFO]    Página 3/5 → https://www.opcionempleo.com.ar/trabajo-data-scientist.html?p=3
2026-04-12 14:12:43,598 [INFO]    ⏳ Turnstile detectado — esperando resolución automática...
2026-04-12 14:12:43,618 [INFO]    ✅ Turnstile resuelto
2026-04-12 14:12:48,116 [INFO]    → 20 ofertas encontradas
2026-04-12 14:12:54,586 [INFO]    ⏳ Turnstile detectado — esperando resolución automática...
2026-04-12 14:12:54,630 [INFO]    ✅ Turnstile resuelto
2026-04-12 14:13:05,741 [INFO]    ⏳ Turnstile detectado — esperando resolución automática...
2026-04-12 14:13:05,781 [INFO]    ✅ Turnstile resuelto
2026-04-12 14:13:16,474 [INFO]    ⏳ Turnstile detectado — esperando resolución automática...
2026-04-12 14:13:16,493 [INFO]    ✅ Turnstile resuelto
2026-04-12 14:13:26,480 [INFO]    ⏳ Turnstile detectado — esperando resolución automática...
2026-04-12 14:13:26,502 [INFO]    ✅ Turnstile resuelto
2026-04-12 14:13:35,715 [INFO]    ⏳ Turnstile detectado — esperando resolución automática...
2026-04-12 14:13:35,735 [INFO]    ✅ Turnstile resuelto
2026-04-12 14:13:47,407 [INFO]    ⏳ Turnstile detectado — esperando resolución automática...
2026-04-12 14:13:47,426 [INFO]    ✅ Turnstile resuelto
2026-04-12 14:13:57,470 [INFO]    ⏳ Turnstile detectado — esperando resolución automática...
2026-04-12 14:13:57,493 [INFO]    ✅ Turnstile resuelto
2026-04-12 14:14:09,108 [INFO]    ⏳ Turnstile detectado — esperando resolución automática...
2026-04-12 14:14:09,127 [INFO]    ✅ Turnstile resuelto
2026-04-12 14:14:20,554 [INFO]    ⏳ Turnstile detectado — esperando resolución automática...
2026-04-12 14:14:20,573 [INFO]    ✅ Turnstile resuelto
2026-04-12 14:14:30,339 [INFO]    ⏳ Turnstile detectado — esperando resolución automática...
2026-04-12 14:14:30,359 [INFO]    ✅ Turnstile resuelto
2026-04-12 14:14:40,316 [INFO]    ⏳ Turnstile detectado — esperando resolución automática...
2026-04-12 14:14:40,339 [INFO]    ✅ Turnstile resuelto
2026-04-12 14:14:50,483 [INFO]    ⏳ Turnstile detectado — esperando resolución automática...
2026-04-12 14:14:50,506 [INFO]    ✅ Turnstile resuelto
2026-04-12 14:15:02,469 [INFO]    ⏳ Turnstile detectado — esperando resolución automática...
2026-04-12 14:15:02,508 [INFO]    ✅ Turnstile resuelto
2026-04-12 14:15:13,549 [INFO]    ⏳ Turnstile detectado — esperando resolución automática...
2026-04-12 14:15:13,570 [INFO]    ✅ Turnstile resuelto
2026-04-12 14:15:23,566 [INFO]    ⏳ Turnstile detectado — esperando resolución automática...
2026-04-12 14:15:23,586 [INFO]    ✅ Turnstile resuelto
2026-04-12 14:15:33,692 [INFO]    ⏳ Turnstile detectado — esperando resolución automática...
2026-04-12 14:15:33,730 [INFO]    ✅ Turnstile resuelto
2026-04-12 14:15:45,477 [INFO]    ⏳ Turnstile detectado — esperando resolución automática...
2026-04-12 14:15:45,494 [INFO]    ✅ Turnstile resuelto
2026-04-12 14:15:55,124 [INFO]    ⏳ Turnstile detectado — esperando resolución automática...
2026-04-12 14:15:55,141 [INFO]    ✅ Turnstile resuelto
2026-04-12 14:16:06,266 [INFO]    ⏳ Turnstile detectado — esperando resolución automática...
2026-04-12 14:16:06,284 [INFO]    ✅ Turnstile resuelto
2026-04-12 14:16:16,941 [INFO]    ⏳ Turnstile detectado — esperando resolución automática...
2026-04-12 14:16:16,961 [INFO]    ✅ Turnstile resuelto
2026-04-12 14:16:20,417 [INFO]    Página 4/5 → https://www.opcionempleo.com.ar/trabajo-data-scientist.html?p=4
2026-04-12 14:16:28,273 [INFO]    ⏳ Turnstile detectado — esperando resolución automática...
2026-04-12 14:16:28,293 [INFO]    ✅ Turnstile resuelto
2026-04-12 14:16:32,460 [INFO]    → 20 ofertas encontradas
2026-04-12 14:16:39,000 [INFO]    ⏳ Turnstile detectado — esperando resolución automática...
2026-04-12 14:16:39,020 [INFO]    ✅ Turnstile resuelto
2026-04-12 14:16:50,530 [INFO]    ⏳ Turnstile detectado — esperando resolución automática...
2026-04-12 14:16:50,567 [INFO]    ✅ Turnstile resuelto
2026-04-12 14:17:00,532 [INFO]    ⏳ Turnstile detectado — esperando resolución automática...
2026-04-12 14:17:00,549 [INFO]    ✅ Turnstile resuelto
2026-04-12 14:17:12,210 [INFO]    ⏳ Turnstile detectado — esperando resolución automática...
2026-04-12 14:17:12,229 [INFO]    ✅ Turnstile resuelto
2026-04-12 14:17:22,069 [INFO]    ⏳ Turnstile detectado — esperando resolución automática...
2026-04-12 14:17:22,087 [INFO]    ✅ Turnstile resuelto
2026-04-12 14:17:32,690 [INFO]    ⏳ Turnstile detectado — esperando resolución automática...
2026-04-12 14:17:32,709 [INFO]    ✅ Turnstile resuelto
2026-04-12 14:17:43,416 [INFO]    ⏳ Turnstile detectado — esperando resolución automática...
2026-04-12 14:17:43,434 [INFO]    ✅ Turnstile resuelto
2026-04-12 14:17:55,087 [INFO]    ⏳ Turnstile detectado — esperando resolución automática...
2026-04-12 14:17:55,123 [INFO]    ✅ Turnstile resuelto
2026-04-12 14:18:05,233 [INFO]    ⏳ Turnstile detectado — esperando resolución automática...
2026-04-12 14:18:05,253 [INFO]    ✅ Turnstile resuelto
2026-04-12 14:18:16,110 [INFO]    ⏳ Turnstile detectado — esperando resolución automática...
2026-04-12 14:18:16,128 [INFO]    ✅ Turnstile resuelto
2026-04-12 14:18:25,374 [INFO]    ⏳ Turnstile detectado — esperando resolución automática...
2026-04-12 14:18:25,395 [INFO]    ✅ Turnstile resuelto
2026-04-12 14:18:36,485 [INFO]    ⏳ Turnstile detectado — esperando resolución automática...
2026-04-12 14:18:36,502 [INFO]    ✅ Turnstile resuelto
2026-04-12 14:18:48,207 [INFO]    ⏳ Turnstile detectado — esperando resolución automática...
2026-04-12 14:18:48,226 [INFO]    ✅ Turnstile resuelto
2026-04-12 14:18:59,400 [INFO]    ⏳ Turnstile detectado — esperando resolución automática...
2026-04-12 14:18:59,417 [INFO]    ✅ Turnstile resuelto
2026-04-12 14:19:11,000 [INFO]    ⏳ Turnstile detectado — esperando resolución automática...
2026-04-12 14:19:11,028 [INFO]    ✅ Turnstile resuelto
2026-04-12 14:19:21,143 [INFO]    ⏳ Turnstile detectado — esperando resolución automática...
2026-04-12 14:19:21,161 [INFO]    ✅ Turnstile resuelto
2026-04-12 14:19:32,279 [INFO]    ⏳ Turnstile detectado — esperando resolución automática...
2026-04-12 14:19:32,306 [INFO]    ✅ Turnstile resuelto
2026-04-12 14:19:42,978 [INFO]    ⏳ Turnstile detectado — esperando resolución automática...
2026-04-12 14:19:42,998 [INFO]    ✅ Turnstile resuelto
2026-04-12 14:19:54,625 [INFO]    ⏳ Turnstile detectado — esperando resolución automática...
2026-04-12 14:19:54,647 [INFO]    ✅ Turnstile resuelto
2026-04-12 14:20:06,881 [INFO]    ⏳ Turnstile detectado — esperando resolución automática...
2026-04-12 14:20:06,903 [INFO]    ✅ Turnstile resuelto
2026-04-12 14:20:10,367 [INFO]    Página 5/5 → https://www.opcionempleo.com.ar/trabajo-data-scientist.html?p=5
2026-04-12 14:20:20,397 [INFO]    ⏳ Turnstile detectado — esperando resolución automática...
2026-04-12 14:20:20,417 [INFO]    ✅ Turnstile resuelto
2026-04-12 14:20:24,602 [INFO]    → 20 ofertas encontradas
2026-04-12 14:20:31,861 [INFO]    ⏳ Turnstile detectado — esperando resolución automática...
2026-04-12 14:20:31,883 [INFO]    ✅ Turnstile resuelto
2026-04-12 14:20:41,957 [INFO]    ⏳ Turnstile detectado — esperando resolución automática...
2026-04-12 14:20:41,987 [INFO]    ✅ Turnstile resuelto
2026-04-12 14:20:53,699 [INFO]    ⏳ Turnstile detectado — esperando resolución automática...
2026-04-12 14:20:53,719 [INFO]    ✅ Turnstile resuelto
2026-04-12 14:21:04,077 [INFO]    ⏳ Turnstile detectado — esperando resolución automática...
2026-04-12 14:21:04,096 [INFO]    ✅ Turnstile resuelto
2026-04-12 14:21:14,174 [INFO]    ⏳ Turnstile detectado — esperando resolución automática...
2026-04-12 14:21:14,198 [INFO]    ✅ Turnstile resuelto
2026-04-12 14:21:24,110 [INFO]    ⏳ Turnstile detectado — esperando resolución automática...
2026-04-12 14:21:24,129 [INFO]    ✅ Turnstile resuelto
2026-04-12 14:21:35,364 [INFO]    ⏳ Turnstile detectado — esperando resolución automática...
2026-04-12 14:21:35,384 [INFO]    ✅ Turnstile resuelto
2026-04-12 14:21:46,422 [INFO]    ⏳ Turnstile detectado — esperando resolución automática...
2026-04-12 14:21:46,439 [INFO]    ✅ Turnstile resuelto
2026-04-12 14:21:58,279 [INFO]    ⏳ Turnstile detectado — esperando resolución automática...
2026-04-12 14:21:58,297 [INFO]    ✅ Turnstile resuelto
2026-04-12 14:22:10,531 [INFO]    ⏳ Turnstile detectado — esperando resolución automática...
2026-04-12 14:22:10,550 [INFO]    ✅ Turnstile resuelto
2026-04-12 14:22:22,002 [INFO]    ⏳ Turnstile detectado — esperando resolución automática...
2026-04-12 14:22:22,022 [INFO]    ✅ Turnstile resuelto
2026-04-12 14:22:33,879 [INFO]    ⏳ Turnstile detectado — esperando resolución automática...
2026-04-12 14:22:33,902 [INFO]    ✅ Turnstile resuelto
2026-04-12 14:22:44,578 [INFO]    ⏳ Turnstile detectado — esperando resolución automática...
2026-04-12 14:22:44,598 [INFO]    ✅ Turnstile resuelto
2026-04-12 14:22:56,061 [INFO]    ⏳ Turnstile detectado — esperando resolución automática...
2026-04-12 14:22:56,078 [INFO]    ✅ Turnstile resuelto
2026-04-12 14:23:07,693 [INFO]    ⏳ Turnstile detectado — esperando resolución automática...
2026-04-12 14:23:07,713 [INFO]    ✅ Turnstile resuelto
2026-04-12 14:23:17,710 [INFO]    ⏳ Turnstile detectado — esperando resolución automática...
2026-04-12 14:23:17,732 [INFO]    ✅ Turnstile resuelto
2026-04-12 14:23:27,641 [INFO]    ⏳ Turnstile detectado — esperando resolución automática...
2026-04-12 14:23:27,661 [INFO]    ✅ Turnstile resuelto
2026-04-12 14:23:39,466 [INFO]    ⏳ Turnstile detectado — esperando resolución automática...
2026-04-12 14:23:39,484 [INFO]    ✅ Turnstile resuelto
2026-04-12 14:23:50,247 [INFO]    ⏳ Turnstile detectado — esperando resolución automática...
2026-04-12 14:23:50,265 [INFO]    ✅ Turnstile resuelto
2026-04-12 14:24:00,383 [INFO]    ⏳ Turnstile detectado — esperando resolución automática...
2026-04-12 14:24:00,405 [INFO]    ✅ Turnstile resuelto
2026-04-12 14:24:04,417 [INFO] Exportadas 100 ofertas → /media/carlos-a-cicconi/Common1/Repositorios-Ing.Carlos-Cicconi/Trabajo_Final_MCD/data/raw/opcionempleo_20260412.csv
2026-04-12 14:24:04,417 [INFO] ✅ 'Data Scientist': 100 ofertas guardadas
2026-04-12 14:24:04,417 [INFO]    💤 Pausa: 9.9s
2026-04-12 14:24:14,371 [INFO] 
🔍 Buscando: 'BI / Analytics'
2026-04-12 14:24:14,371 [INFO]    Página 1/5 → https://www.opcionempleo.com.ar/trabajo-business-intelligence.html
2026-04-12 14:24:22,098 [INFO]    ⏳ Turnstile detectado — esperando resolución automática...
2026-04-12 14:24:22,139 [INFO]    ✅ Turnstile resuelto
2026-04-12 14:24:25,912 [INFO]    → 20 ofertas encontradas
2026-04-12 14:24:33,021 [INFO]    ⏳ Turnstile detectado — esperando resolución automática...
2026-04-12 14:24:33,040 [INFO]    ✅ Turnstile resuelto
2026-04-12 14:24:43,334 [INFO]    ⏳ Turnstile detectado — esperando resolución automática...
2026-04-12 14:24:43,353 [INFO]    ✅ Turnstile resuelto
2026-04-12 14:24:54,248 [INFO]    ⏳ Turnstile detectado — esperando resolución automática...
2026-04-12 14:24:54,271 [INFO]    ✅ Turnstile resuelto
2026-04-12 14:25:04,315 [INFO]    ⏳ Turnstile detectado — esperando resolución automática...
2026-04-12 14:25:04,352 [INFO]    ✅ Turnstile resuelto
2026-04-12 14:25:16,058 [INFO]    ⏳ Turnstile detectado — esperando resolución automática...
2026-04-12 14:25:16,077 [INFO]    ✅ Turnstile resuelto
2026-04-12 14:25:27,965 [INFO]    ⏳ Turnstile detectado — esperando resolución automática...
2026-04-12 14:25:27,984 [INFO]    ✅ Turnstile resuelto
2026-04-12 14:25:37,750 [INFO]    ⏳ Turnstile detectado — esperando resolución automática...
2026-04-12 14:25:37,767 [INFO]    ✅ Turnstile resuelto
2026-04-12 14:25:49,163 [INFO]    ⏳ Turnstile detectado — esperando resolución automática...
2026-04-12 14:25:49,181 [INFO]    ✅ Turnstile resuelto
2026-04-12 14:25:59,378 [INFO]    ⏳ Turnstile detectado — esperando resolución automática...
2026-04-12 14:25:59,394 [INFO]    ✅ Turnstile resuelto
2026-04-12 14:26:11,743 [INFO]    ⏳ Turnstile detectado — esperando resolución automática...
2026-04-12 14:26:11,761 [INFO]    ✅ Turnstile resuelto
2026-04-12 14:26:21,596 [INFO]    ⏳ Turnstile detectado — esperando resolución automática...
2026-04-12 14:26:21,613 [INFO]    ✅ Turnstile resuelto
2026-04-12 14:26:33,169 [INFO]    ⏳ Turnstile detectado — esperando resolución automática...
2026-04-12 14:26:33,187 [INFO]    ✅ Turnstile resuelto
2026-04-12 14:26:42,976 [INFO]    ⏳ Turnstile detectado — esperando resolución automática...
2026-04-12 14:26:43,007 [INFO]    ✅ Turnstile resuelto
2026-04-12 14:26:52,838 [INFO]    ⏳ Turnstile detectado — esperando resolución automática...
2026-04-12 14:26:52,860 [INFO]    ✅ Turnstile resuelto
2026-04-12 14:27:03,162 [INFO]    ⏳ Turnstile detectado — esperando resolución automática...
2026-04-12 14:27:03,183 [INFO]    ✅ Turnstile resuelto
2026-04-12 14:27:14,158 [INFO]    ⏳ Turnstile detectado — esperando resolución automática...
2026-04-12 14:27:14,176 [INFO]    ✅ Turnstile resuelto
2026-04-12 14:27:24,506 [INFO]    ⏳ Turnstile detectado — esperando resolución automática...
2026-04-12 14:27:24,524 [INFO]    ✅ Turnstile resuelto
2026-04-12 14:27:35,453 [INFO]    ⏳ Turnstile detectado — esperando resolución automática...
2026-04-12 14:27:35,473 [INFO]    ✅ Turnstile resuelto
2026-04-12 14:27:47,107 [INFO]    ⏳ Turnstile detectado — esperando resolución automática...
2026-04-12 14:27:47,125 [INFO]    ✅ Turnstile resuelto
2026-04-12 14:27:59,082 [INFO]    ⏳ Turnstile detectado — esperando resolución automática...
2026-04-12 14:27:59,102 [INFO]    ✅ Turnstile resuelto
2026-04-12 14:28:02,255 [INFO]    Página 2/5 → https://www.opcionempleo.com.ar/trabajo-business-intelligence.html?p=2
2026-04-12 14:28:12,515 [INFO]    ⏳ Turnstile detectado — esperando resolución automática...
2026-04-12 14:28:12,537 [INFO]    ✅ Turnstile resuelto
2026-04-12 14:28:16,826 [INFO]    → 20 ofertas encontradas
2026-04-12 14:28:23,663 [INFO]    ⏳ Turnstile detectado — esperando resolución automática...
2026-04-12 14:28:23,681 [INFO]    ✅ Turnstile resuelto
2026-04-12 14:28:35,163 [INFO]    ⏳ Turnstile detectado — esperando resolución automática...
2026-04-12 14:28:35,185 [INFO]    ✅ Turnstile resuelto
2026-04-12 14:28:45,983 [INFO]    ⏳ Turnstile detectado — esperando resolución automática...
2026-04-12 14:28:46,021 [INFO]    ✅ Turnstile resuelto
2026-04-12 14:28:56,026 [INFO]    ⏳ Turnstile detectado — esperando resolución automática...
2026-04-12 14:28:56,045 [INFO]    ✅ Turnstile resuelto
2026-04-12 14:29:06,262 [INFO]    ⏳ Turnstile detectado — esperando resolución automática...
2026-04-12 14:29:06,278 [INFO]    ✅ Turnstile resuelto
2026-04-12 14:29:17,627 [INFO]    ⏳ Turnstile detectado — esperando resolución automática...
2026-04-12 14:29:17,645 [INFO]    ✅ Turnstile resuelto
2026-04-12 14:29:27,966 [INFO]    ⏳ Turnstile detectado — esperando resolución automática...
2026-04-12 14:29:27,984 [INFO]    ✅ Turnstile resuelto
2026-04-12 14:29:37,775 [INFO]    ⏳ Turnstile detectado — esperando resolución automática...
2026-04-12 14:29:37,792 [INFO]    ✅ Turnstile resuelto
2026-04-12 14:29:48,132 [INFO]    ⏳ Turnstile detectado — esperando resolución automática...
2026-04-12 14:29:48,149 [INFO]    ✅ Turnstile resuelto
2026-04-12 14:30:00,151 [INFO]    ⏳ Turnstile detectado — esperando resolución automática...
2026-04-12 14:30:00,170 [INFO]    ✅ Turnstile resuelto
2026-04-12 14:30:10,363 [INFO]    ⏳ Turnstile detectado — esperando resolución automática...
2026-04-12 14:30:10,381 [INFO]    ✅ Turnstile resuelto
2026-04-12 14:30:20,374 [INFO]    ⏳ Turnstile detectado — esperando resolución automática...
2026-04-12 14:30:20,394 [INFO]    ✅ Turnstile resuelto
2026-04-12 14:30:30,950 [INFO]    ⏳ Turnstile detectado — esperando resolución automática...
2026-04-12 14:30:30,968 [INFO]    ✅ Turnstile resuelto
2026-04-12 14:30:42,184 [INFO]    ⏳ Turnstile detectado — esperando resolución automática...
2026-04-12 14:30:42,201 [INFO]    ✅ Turnstile resuelto
2026-04-12 14:30:54,298 [INFO]    ⏳ Turnstile detectado — esperando resolución automática...
2026-04-12 14:30:54,315 [INFO]    ✅ Turnstile resuelto
2026-04-12 14:31:04,242 [INFO]    ⏳ Turnstile detectado — esperando resolución automática...
2026-04-12 14:31:04,261 [INFO]    ✅ Turnstile resuelto
2026-04-12 14:31:14,290 [INFO]    ⏳ Turnstile detectado — esperando resolución automática...
2026-04-12 14:31:14,309 [INFO]    ✅ Turnstile resuelto
2026-04-12 14:31:26,452 [INFO]    ⏳ Turnstile detectado — esperando resolución automática...
2026-04-12 14:31:26,471 [INFO]    ✅ Turnstile resuelto
2026-04-12 14:31:36,564 [INFO]    ⏳ Turnstile detectado — esperando resolución automática...
2026-04-12 14:31:36,582 [INFO]    ✅ Turnstile resuelto
2026-04-12 14:31:48,669 [INFO]    ⏳ Turnstile detectado — esperando resolución automática...
2026-04-12 14:31:48,687 [INFO]    ✅ Turnstile resuelto
2026-04-12 14:31:52,409 [INFO]    Página 3/5 → https://www.opcionempleo.com.ar/trabajo-business-intelligence.html?p=3
2026-04-12 14:32:01,674 [INFO]    ⏳ Turnstile detectado — esperando resolución automática...
2026-04-12 14:32:01,693 [INFO]    ✅ Turnstile resuelto
2026-04-12 14:32:05,847 [INFO]    → 20 ofertas encontradas
2026-04-12 14:32:13,222 [INFO]    ⏳ Turnstile detectado — esperando resolución automática...
2026-04-12 14:32:13,243 [INFO]    ✅ Turnstile resuelto
2026-04-12 14:32:24,692 [INFO]    ⏳ Turnstile detectado — esperando resolución automática...
2026-04-12 14:32:24,710 [INFO]    ✅ Turnstile resuelto
2026-04-12 14:32:37,130 [INFO]    ⏳ Turnstile detectado — esperando resolución automática...
2026-04-12 14:32:37,148 [INFO]    ✅ Turnstile resuelto
2026-04-12 14:32:48,969 [INFO]    ⏳ Turnstile detectado — esperando resolución automática...
2026-04-12 14:32:48,987 [INFO]    ✅ Turnstile resuelto
2026-04-12 14:32:59,631 [INFO]    ⏳ Turnstile detectado — esperando resolución automática...
2026-04-12 14:32:59,668 [INFO]    ✅ Turnstile resuelto
2026-04-12 14:33:09,977 [INFO]    ⏳ Turnstile detectado — esperando resolución automática...
2026-04-12 14:33:09,994 [INFO]    ✅ Turnstile resuelto
2026-04-12 14:33:20,529 [INFO]    ⏳ Turnstile detectado — esperando resolución automática...
2026-04-12 14:33:20,549 [INFO]    ✅ Turnstile resuelto
2026-04-12 14:33:29,810 [INFO]    ⏳ Turnstile detectado — esperando resolución automática...
2026-04-12 14:33:29,827 [INFO]    ✅ Turnstile resuelto
2026-04-12 14:33:39,792 [INFO]    ⏳ Turnstile detectado — esperando resolución automática...
2026-04-12 14:33:39,811 [INFO]    ✅ Turnstile resuelto
2026-04-12 14:33:50,241 [INFO]    ⏳ Turnstile detectado — esperando resolución automática...
2026-04-12 14:33:50,262 [INFO]    ✅ Turnstile resuelto
2026-04-12 14:34:01,194 [INFO]    ⏳ Turnstile detectado — esperando resolución automática...
2026-04-12 14:34:01,216 [INFO]    ✅ Turnstile resuelto
2026-04-12 14:34:13,478 [INFO]    ⏳ Turnstile detectado — esperando resolución automática...
2026-04-12 14:34:13,495 [INFO]    ✅ Turnstile resuelto
2026-04-12 14:34:24,629 [INFO]    ⏳ Turnstile detectado — esperando resolución automática...
2026-04-12 14:34:24,645 [INFO]    ✅ Turnstile resuelto
2026-04-12 14:34:36,336 [INFO]    ⏳ Turnstile detectado — esperando resolución automática...
2026-04-12 14:34:36,359 [INFO]    ✅ Turnstile resuelto
2026-04-12 14:34:46,578 [INFO]    ⏳ Turnstile detectado — esperando resolución automática...
2026-04-12 14:34:46,595 [INFO]    ✅ Turnstile resuelto
2026-04-12 14:34:56,963 [INFO]    ⏳ Turnstile detectado — esperando resolución automática...
2026-04-12 14:34:56,983 [INFO]    ✅ Turnstile resuelto
2026-04-12 14:35:09,098 [INFO]    ⏳ Turnstile detectado — esperando resolución automática...
2026-04-12 14:35:09,117 [INFO]    ✅ Turnstile resuelto
2026-04-12 14:35:19,801 [INFO]    ⏳ Turnstile detectado — esperando resolución automática...
2026-04-12 14:35:19,818 [INFO]    ✅ Turnstile resuelto
2026-04-12 14:35:31,522 [INFO]    ⏳ Turnstile detectado — esperando resolución automática...
2026-04-12 14:35:31,545 [INFO]    ✅ Turnstile resuelto
2026-04-12 14:35:42,519 [INFO]    ⏳ Turnstile detectado — esperando resolución automática...
2026-04-12 14:35:42,537 [INFO]    ✅ Turnstile resuelto
2026-04-12 14:35:46,082 [INFO]    Página 4/5 → https://www.opcionempleo.com.ar/trabajo-business-intelligence.html?p=4
2026-04-12 14:35:55,349 [INFO]    ⏳ Turnstile detectado — esperando resolución automática...
2026-04-12 14:35:55,370 [INFO]    ✅ Turnstile resuelto
2026-04-12 14:35:58,987 [INFO]    → 20 ofertas encontradas
2026-04-12 14:36:06,128 [INFO]    ⏳ Turnstile detectado — esperando resolución automática...
2026-04-12 14:36:06,149 [INFO]    ✅ Turnstile resuelto
2026-04-12 14:36:15,735 [INFO]    ⏳ Turnstile detectado — esperando resolución automática...
2026-04-12 14:36:15,751 [INFO]    ✅ Turnstile resuelto
2026-04-12 14:36:25,735 [INFO]    ⏳ Turnstile detectado — esperando resolución automática...
2026-04-12 14:36:25,753 [INFO]    ✅ Turnstile resuelto
2026-04-12 14:36:37,158 [INFO]    ⏳ Turnstile detectado — esperando resolución automática...
2026-04-12 14:36:37,180 [INFO]    ✅ Turnstile resuelto
2026-04-12 14:36:48,427 [INFO]    ⏳ Turnstile detectado — esperando resolución automática...
2026-04-12 14:36:48,451 [INFO]    ✅ Turnstile resuelto
2026-04-12 14:36:58,528 [INFO]    ⏳ Turnstile detectado — esperando resolución automática...
2026-04-12 14:36:58,547 [INFO]    ✅ Turnstile resuelto
2026-04-12 14:37:08,364 [INFO]    ⏳ Turnstile detectado — esperando resolución automática...
2026-04-12 14:37:08,382 [INFO]    ✅ Turnstile resuelto
2026-04-12 14:37:19,021 [INFO]    ⏳ Turnstile detectado — esperando resolución automática...
2026-04-12 14:37:19,039 [INFO]    ✅ Turnstile resuelto
2026-04-12 14:37:30,086 [INFO]    ⏳ Turnstile detectado — esperando resolución automática...
2026-04-12 14:37:30,103 [INFO]    ✅ Turnstile resuelto
2026-04-12 14:37:39,784 [INFO]    ⏳ Turnstile detectado — esperando resolución automática...
2026-04-12 14:37:39,804 [INFO]    ✅ Turnstile resuelto
2026-04-12 14:37:50,532 [INFO]    ⏳ Turnstile detectado — esperando resolución automática...
2026-04-12 14:37:50,550 [INFO]    ✅ Turnstile resuelto
2026-04-12 14:38:00,490 [INFO]    ⏳ Turnstile detectado — esperando resolución automática...
2026-04-12 14:38:00,510 [INFO]    ✅ Turnstile resuelto
2026-04-12 14:38:11,963 [INFO]    ⏳ Turnstile detectado — esperando resolución automática...
2026-04-12 14:38:11,981 [INFO]    ✅ Turnstile resuelto
2026-04-12 14:38:24,148 [INFO]    ⏳ Turnstile detectado — esperando resolución automática...
2026-04-12 14:38:24,165 [INFO]    ✅ Turnstile resuelto
2026-04-12 14:38:33,746 [INFO]    ⏳ Turnstile detectado — esperando resolución automática...
2026-04-12 14:38:33,771 [INFO]    ✅ Turnstile resuelto
2026-04-12 14:38:44,297 [INFO]    ⏳ Turnstile detectado — esperando resolución automática...
2026-04-12 14:38:44,314 [INFO]    ✅ Turnstile resuelto
2026-04-12 14:38:55,996 [INFO]    ⏳ Turnstile detectado — esperando resolución automática...
2026-04-12 14:38:56,036 [INFO]    ✅ Turnstile resuelto
2026-04-12 14:39:08,049 [INFO]    ⏳ Turnstile detectado — esperando resolución automática...
2026-04-12 14:39:08,065 [INFO]    ✅ Turnstile resuelto
2026-04-12 14:39:19,549 [INFO]    ⏳ Turnstile detectado — esperando resolución automática...
2026-04-12 14:39:19,567 [INFO]    ✅ Turnstile resuelto
2026-04-12 14:39:30,010 [INFO]    ⏳ Turnstile detectado — esperando resolución automática...
2026-04-12 14:39:30,028 [INFO]    ✅ Turnstile resuelto
2026-04-12 14:39:33,164 [INFO]    Página 5/5 → https://www.opcionempleo.com.ar/trabajo-business-intelligence.html?p=5
2026-04-12 14:39:42,886 [INFO]    ⏳ Turnstile detectado — esperando resolución automática...
2026-04-12 14:39:42,906 [INFO]    ✅ Turnstile resuelto
2026-04-12 14:39:46,629 [INFO]    → 20 ofertas encontradas
2026-04-12 14:39:54,702 [INFO]    ⏳ Turnstile detectado — esperando resolución automática...
2026-04-12 14:39:54,724 [INFO]    ✅ Turnstile resuelto
2026-04-12 14:40:06,882 [INFO]    ⏳ Turnstile detectado — esperando resolución automática...
2026-04-12 14:40:06,900 [INFO]    ✅ Turnstile resuelto
2026-04-12 14:40:17,738 [INFO]    ⏳ Turnstile detectado — esperando resolución automática...
2026-04-12 14:40:17,756 [INFO]    ✅ Turnstile resuelto
2026-04-12 14:40:28,936 [INFO]    ⏳ Turnstile detectado — esperando resolución automática...
2026-04-12 14:40:28,981 [INFO]    ✅ Turnstile resuelto
2026-04-12 14:40:40,647 [INFO]    ⏳ Turnstile detectado — esperando resolución automática...
2026-04-12 14:40:40,665 [INFO]    ✅ Turnstile resuelto
2026-04-12 14:40:51,165 [INFO]    ⏳ Turnstile detectado — esperando resolución automática...
2026-04-12 14:40:51,182 [INFO]    ✅ Turnstile resuelto
2026-04-12 14:41:03,070 [INFO]    ⏳ Turnstile detectado — esperando resolución automática...
2026-04-12 14:41:03,089 [INFO]    ✅ Turnstile resuelto
2026-04-12 14:41:14,511 [INFO]    ⏳ Turnstile detectado — esperando resolución automática...
2026-04-12 14:41:14,528 [INFO]    ✅ Turnstile resuelto
2026-04-12 14:41:25,830 [INFO]    ⏳ Turnstile detectado — esperando resolución automática...
2026-04-12 14:41:25,850 [INFO]    ✅ Turnstile resuelto
2026-04-12 14:41:37,479 [INFO]    ⏳ Turnstile detectado — esperando resolución automática...
2026-04-12 14:41:37,496 [INFO]    ✅ Turnstile resuelto
2026-04-12 14:41:46,934 [INFO]    ⏳ Turnstile detectado — esperando resolución automática...
2026-04-12 14:41:46,953 [INFO]    ✅ Turnstile resuelto
2026-04-12 14:41:59,319 [INFO]    ⏳ Turnstile detectado — esperando resolución automática...
2026-04-12 14:41:59,341 [INFO]    ✅ Turnstile resuelto
2026-04-12 14:42:08,927 [INFO]    ⏳ Turnstile detectado — esperando resolución automática...
2026-04-12 14:42:08,944 [INFO]    ✅ Turnstile resuelto
2026-04-12 14:42:19,004 [INFO]    ⏳ Turnstile detectado — esperando resolución automática...
2026-04-12 14:42:19,022 [INFO]    ✅ Turnstile resuelto
2026-04-12 14:42:29,838 [INFO]    ⏳ Turnstile detectado — esperando resolución automática...
2026-04-12 14:42:29,855 [INFO]    ✅ Turnstile resuelto
2026-04-12 14:42:39,871 [INFO]    ⏳ Turnstile detectado — esperando resolución automática...
2026-04-12 14:42:39,889 [INFO]    ✅ Turnstile resuelto
2026-04-12 14:42:51,522 [INFO]    ⏳ Turnstile detectado — esperando resolución automática...
2026-04-12 14:42:51,539 [INFO]    ✅ Turnstile resuelto
2026-04-12 14:43:02,578 [INFO]    ⏳ Turnstile detectado — esperando resolución automática...
2026-04-12 14:43:02,597 [INFO]    ✅ Turnstile resuelto
2026-04-12 14:43:13,233 [INFO]    ⏳ Turnstile detectado — esperando resolución automática...
2026-04-12 14:43:13,260 [INFO]    ✅ Turnstile resuelto
2026-04-12 14:43:24,996 [INFO]    ⏳ Turnstile detectado — esperando resolución automática...
2026-04-12 14:43:25,015 [INFO]    ✅ Turnstile resuelto
2026-04-12 14:43:28,848 [INFO] Exportadas 100 ofertas → /media/carlos-a-cicconi/Common1/Repositorios-Ing.Carlos-Cicconi/Trabajo_Final_MCD/data/raw/opcionempleo_20260412.csv
2026-04-12 14:43:28,848 [INFO] ✅ 'BI / Analytics': 100 ofertas guardadas
2026-04-12 14:43:28,848 [INFO]    💤 Pausa: 11.0s
2026-04-12 14:43:39,826 [INFO] 
🔍 Buscando: 'Python Developer'
2026-04-12 14:43:39,827 [INFO]    Página 1/5 → https://www.opcionempleo.com.ar/trabajo-python.html
2026-04-12 14:43:50,089 [INFO]    ⏳ Turnstile detectado — esperando resolución automática...
2026-04-12 14:43:50,109 [INFO]    ✅ Turnstile resuelto
2026-04-12 14:43:54,668 [INFO]    → 20 ofertas encontradas
2026-04-12 14:44:01,730 [INFO]    ⏳ Turnstile detectado — esperando resolución automática...
2026-04-12 14:44:01,751 [INFO]    ✅ Turnstile resuelto
2026-04-12 14:44:11,672 [INFO]    ⏳ Turnstile detectado — esperando resolución automática...
2026-04-12 14:44:11,689 [INFO]    ✅ Turnstile resuelto
2026-04-12 14:44:24,120 [INFO]    ⏳ Turnstile detectado — esperando resolución automática...
2026-04-12 14:44:24,138 [INFO]    ✅ Turnstile resuelto
2026-04-12 14:44:35,452 [INFO]    ⏳ Turnstile detectado — esperando resolución automática...
2026-04-12 14:44:35,473 [INFO]    ✅ Turnstile resuelto
2026-04-12 14:44:47,456 [INFO]    ⏳ Turnstile detectado — esperando resolución automática...
2026-04-12 14:44:47,474 [INFO]    ✅ Turnstile resuelto
2026-04-12 14:44:59,546 [INFO]    ⏳ Turnstile detectado — esperando resolución automática...
2026-04-12 14:44:59,565 [INFO]    ✅ Turnstile resuelto
2026-04-12 14:45:09,223 [INFO]    ⏳ Turnstile detectado — esperando resolución automática...
2026-04-12 14:45:09,244 [INFO]    ✅ Turnstile resuelto
2026-04-12 14:45:19,891 [INFO]    ⏳ Turnstile detectado — esperando resolución automática...
2026-04-12 14:45:19,911 [INFO]    ✅ Turnstile resuelto
2026-04-12 14:45:31,030 [INFO]    ⏳ Turnstile detectado — esperando resolución automática...
2026-04-12 14:45:31,049 [INFO]    ✅ Turnstile resuelto
2026-04-12 14:45:43,119 [INFO]    ⏳ Turnstile detectado — esperando resolución automática...
2026-04-12 14:45:43,137 [INFO]    ✅ Turnstile resuelto
2026-04-12 14:45:54,710 [INFO]    ⏳ Turnstile detectado — esperando resolución automática...
2026-04-12 14:45:54,727 [INFO]    ✅ Turnstile resuelto
2026-04-12 14:46:05,160 [INFO]    ⏳ Turnstile detectado — esperando resolución automática...
2026-04-12 14:46:05,179 [INFO]    ✅ Turnstile resuelto
2026-04-12 14:46:14,987 [INFO]    ⏳ Turnstile detectado — esperando resolución automática...
2026-04-12 14:46:15,006 [INFO]    ✅ Turnstile resuelto
2026-04-12 14:46:24,914 [INFO]    ⏳ Turnstile detectado — esperando resolución automática...
2026-04-12 14:46:24,934 [INFO]    ✅ Turnstile resuelto
2026-04-12 14:46:35,335 [INFO]    ⏳ Turnstile detectado — esperando resolución automática...
2026-04-12 14:46:35,353 [INFO]    ✅ Turnstile resuelto
2026-04-12 14:46:46,933 [INFO]    ⏳ Turnstile detectado — esperando resolución automática...
2026-04-12 14:46:46,951 [INFO]    ✅ Turnstile resuelto
2026-04-12 14:46:57,714 [INFO]    ⏳ Turnstile detectado — esperando resolución automática...
2026-04-12 14:46:57,732 [INFO]    ✅ Turnstile resuelto
2026-04-12 14:47:08,520 [INFO]    ⏳ Turnstile detectado — esperando resolución automática...
2026-04-12 14:47:08,538 [INFO]    ✅ Turnstile resuelto
2026-04-12 14:47:20,060 [INFO]    ⏳ Turnstile detectado — esperando resolución automática...
2026-04-12 14:47:20,077 [INFO]    ✅ Turnstile resuelto
2026-04-12 14:47:31,202 [INFO]    ⏳ Turnstile detectado — esperando resolución automática...
2026-04-12 14:47:31,223 [INFO]    ✅ Turnstile resuelto
2026-04-12 14:47:35,154 [INFO]    Página 2/5 → https://www.opcionempleo.com.ar/trabajo-python.html?p=2
2026-04-12 14:47:44,388 [INFO]    ⏳ Turnstile detectado — esperando resolución automática...
2026-04-12 14:47:44,410 [INFO]    ✅ Turnstile resuelto
2026-04-12 14:47:48,160 [INFO]    → 20 ofertas encontradas
2026-04-12 14:47:54,906 [INFO]    ⏳ Turnstile detectado — esperando resolución automática...
2026-04-12 14:47:54,923 [INFO]    ✅ Turnstile resuelto
2026-04-12 14:48:06,218 [INFO]    ⏳ Turnstile detectado — esperando resolución automática...
2026-04-12 14:48:06,240 [INFO]    ✅ Turnstile resuelto
2026-04-12 14:48:17,255 [INFO]    ⏳ Turnstile detectado — esperando resolución automática...
2026-04-12 14:48:17,272 [INFO]    ✅ Turnstile resuelto
2026-04-12 14:48:29,060 [INFO]    ⏳ Turnstile detectado — esperando resolución automática...
2026-04-12 14:48:29,080 [INFO]    ✅ Turnstile resuelto
2026-04-12 14:48:40,585 [INFO]    ⏳ Turnstile detectado — esperando resolución automática...
2026-04-12 14:48:40,603 [INFO]    ✅ Turnstile resuelto
2026-04-12 14:48:52,177 [INFO]    ⏳ Turnstile detectado — esperando resolución automática...
2026-04-12 14:48:52,194 [INFO]    ✅ Turnstile resuelto
2026-04-12 14:49:02,285 [INFO]    ⏳ Turnstile detectado — esperando resolución automática...
2026-04-12 14:49:02,303 [INFO]    ✅ Turnstile resuelto
2026-04-12 14:49:11,659 [INFO]    ⏳ Turnstile detectado — esperando resolución automática...
2026-04-12 14:49:11,676 [INFO]    ✅ Turnstile resuelto
2026-04-12 14:49:23,229 [INFO]    ⏳ Turnstile detectado — esperando resolución automática...
2026-04-12 14:49:23,249 [INFO]    ✅ Turnstile resuelto
2026-04-12 14:49:34,566 [INFO]    ⏳ Turnstile detectado — esperando resolución automática...
2026-04-12 14:49:34,585 [INFO]    ✅ Turnstile resuelto
2026-04-12 14:49:46,185 [INFO]    ⏳ Turnstile detectado — esperando resolución automática...
2026-04-12 14:49:46,205 [INFO]    ✅ Turnstile resuelto
2026-04-12 14:49:57,299 [INFO]    ⏳ Turnstile detectado — esperando resolución automática...
2026-04-12 14:49:57,316 [INFO]    ✅ Turnstile resuelto
2026-04-12 14:50:07,825 [INFO]    ⏳ Turnstile detectado — esperando resolución automática...
2026-04-12 14:50:07,842 [INFO]    ✅ Turnstile resuelto
2026-04-12 14:50:18,834 [INFO]    ⏳ Turnstile detectado — esperando resolución automática...
2026-04-12 14:50:18,854 [INFO]    ✅ Turnstile resuelto
2026-04-12 14:50:29,401 [INFO]    ⏳ Turnstile detectado — esperando resolución automática...
2026-04-12 14:50:29,419 [INFO]    ✅ Turnstile resuelto
2026-04-12 14:50:39,514 [INFO]    ⏳ Turnstile detectado — esperando resolución automática...
2026-04-12 14:50:39,533 [INFO]    ✅ Turnstile resuelto
2026-04-12 14:50:51,225 [INFO]    ⏳ Turnstile detectado — esperando resolución automática...
2026-04-12 14:50:51,242 [INFO]    ✅ Turnstile resuelto
2026-04-12 14:51:01,920 [INFO]    ⏳ Turnstile detectado — esperando resolución automática...
2026-04-12 14:51:01,938 [INFO]    ✅ Turnstile resuelto
2026-04-12 14:51:11,961 [INFO]    ⏳ Turnstile detectado — esperando resolución automática...
2026-04-12 14:51:11,980 [INFO]    ✅ Turnstile resuelto
2026-04-12 14:51:22,325 [INFO]    ⏳ Turnstile detectado — esperando resolución automática...
2026-04-12 14:51:22,346 [INFO]    ✅ Turnstile resuelto
2026-04-12 14:51:25,562 [INFO]    Página 3/5 → https://www.opcionempleo.com.ar/trabajo-python.html?p=3
2026-04-12 14:51:33,689 [INFO]    ⏳ Turnstile detectado — esperando resolución automática...
2026-04-12 14:51:33,721 [INFO]    ✅ Turnstile resuelto
2026-04-12 14:51:37,403 [INFO]    → 20 ofertas encontradas
2026-04-12 14:51:43,745 [INFO]    ⏳ Turnstile detectado — esperando resolución automática...
2026-04-12 14:51:43,765 [INFO]    ✅ Turnstile resuelto
2026-04-12 14:51:54,681 [INFO]    ⏳ Turnstile detectado — esperando resolución automática...
2026-04-12 14:51:54,701 [INFO]    ✅ Turnstile resuelto
2026-04-12 14:52:06,400 [INFO]    ⏳ Turnstile detectado — esperando resolución automática...
2026-04-12 14:52:06,419 [INFO]    ✅ Turnstile resuelto
2026-04-12 14:52:17,094 [INFO]    ⏳ Turnstile detectado — esperando resolución automática...
2026-04-12 14:52:17,113 [INFO]    ✅ Turnstile resuelto
2026-04-12 14:52:28,384 [INFO]    ⏳ Turnstile detectado — esperando resolución automática...
2026-04-12 14:52:28,402 [INFO]    ✅ Turnstile resuelto
2026-04-12 14:52:38,373 [INFO]    ⏳ Turnstile detectado — esperando resolución automática...
2026-04-12 14:52:38,392 [INFO]    ✅ Turnstile resuelto
2026-04-12 14:52:49,975 [INFO]    ⏳ Turnstile detectado — esperando resolución automática...
2026-04-12 14:52:49,995 [INFO]    ✅ Turnstile resuelto
2026-04-12 14:53:01,312 [INFO]    ⏳ Turnstile detectado — esperando resolución automática...
2026-04-12 14:53:01,337 [INFO]    ✅ Turnstile resuelto
2026-04-12 14:53:11,544 [INFO]    ⏳ Turnstile detectado — esperando resolución automática...
2026-04-12 14:53:11,563 [INFO]    ✅ Turnstile resuelto
2026-04-12 14:53:21,200 [INFO]    ⏳ Turnstile detectado — esperando resolución automática...
2026-04-12 14:53:21,221 [INFO]    ✅ Turnstile resuelto
2026-04-12 14:53:30,896 [INFO]    ⏳ Turnstile detectado — esperando resolución automática...
2026-04-12 14:53:30,914 [INFO]    ✅ Turnstile resuelto
2026-04-12 14:53:41,233 [INFO]    ⏳ Turnstile detectado — esperando resolución automática...
2026-04-12 14:53:41,249 [INFO]    ✅ Turnstile resuelto
2026-04-12 14:53:52,494 [INFO]    ⏳ Turnstile detectado — esperando resolución automática...
2026-04-12 14:53:52,512 [INFO]    ✅ Turnstile resuelto
2026-04-12 14:54:03,515 [INFO]    ⏳ Turnstile detectado — esperando resolución automática...
2026-04-12 14:54:03,532 [INFO]    ✅ Turnstile resuelto
2026-04-12 14:54:13,064 [INFO]    ⏳ Turnstile detectado — esperando resolución automática...
2026-04-12 14:54:13,082 [INFO]    ✅ Turnstile resuelto
2026-04-12 14:54:23,837 [INFO]    ⏳ Turnstile detectado — esperando resolución automática...
2026-04-12 14:54:23,857 [INFO]    ✅ Turnstile resuelto
2026-04-12 14:54:35,175 [INFO]    ⏳ Turnstile detectado — esperando resolución automática...
2026-04-12 14:54:35,191 [INFO]    ✅ Turnstile resuelto
2026-04-12 14:54:46,846 [INFO]    ⏳ Turnstile detectado — esperando resolución automática...
2026-04-12 14:54:46,864 [INFO]    ✅ Turnstile resuelto
2026-04-12 14:54:56,772 [INFO]    ⏳ Turnstile detectado — esperando resolución automática...
2026-04-12 14:54:56,791 [INFO]    ✅ Turnstile resuelto
2026-04-12 14:55:06,241 [INFO]    ⏳ Turnstile detectado — esperando resolución automática...
2026-04-12 14:55:06,261 [INFO]    ✅ Turnstile resuelto
2026-04-12 14:55:09,344 [INFO]    Página 4/5 → https://www.opcionempleo.com.ar/trabajo-python.html?p=4
2026-04-12 14:55:19,086 [INFO]    ⏳ Turnstile detectado — esperando resolución automática...
2026-04-12 14:55:19,105 [INFO]    ✅ Turnstile resuelto
2026-04-12 14:55:22,887 [INFO]    → 20 ofertas encontradas
2026-04-12 14:55:31,298 [INFO]    ⏳ Turnstile detectado — esperando resolución automática...
2026-04-12 14:55:31,319 [INFO]    ✅ Turnstile resuelto
2026-04-12 14:55:42,230 [INFO]    ⏳ Turnstile detectado — esperando resolución automática...
2026-04-12 14:55:42,247 [INFO]    ✅ Turnstile resuelto
2026-04-12 14:55:52,295 [INFO]    ⏳ Turnstile detectado — esperando resolución automática...
2026-04-12 14:55:52,316 [INFO]    ✅ Turnstile resuelto
2026-04-12 14:56:03,795 [INFO]    ⏳ Turnstile detectado — esperando resolución automática...
2026-04-12 14:56:03,818 [INFO]    ✅ Turnstile resuelto
2026-04-12 14:56:14,272 [INFO]    ⏳ Turnstile detectado — esperando resolución automática...
2026-04-12 14:56:14,291 [INFO]    ✅ Turnstile resuelto
2026-04-12 14:56:24,946 [INFO]    ⏳ Turnstile detectado — esperando resolución automática...
2026-04-12 14:56:24,964 [INFO]    ✅ Turnstile resuelto
2026-04-12 14:56:35,465 [INFO]    ⏳ Turnstile detectado — esperando resolución automática...
2026-04-12 14:56:35,485 [INFO]    ✅ Turnstile resuelto
2026-04-12 14:56:46,085 [INFO]    ⏳ Turnstile detectado — esperando resolución automática...
2026-04-12 14:56:46,103 [INFO]    ✅ Turnstile resuelto
2026-04-12 14:56:56,099 [INFO]    ⏳ Turnstile detectado — esperando resolución automática...
2026-04-12 14:56:56,118 [INFO]    ✅ Turnstile resuelto
2026-04-12 14:57:07,718 [INFO]    ⏳ Turnstile detectado — esperando resolución automática...
2026-04-12 14:57:07,736 [INFO]    ✅ Turnstile resuelto
2026-04-12 14:57:18,470 [INFO]    ⏳ Turnstile detectado — esperando resolución automática...
2026-04-12 14:57:18,486 [INFO]    ✅ Turnstile resuelto
2026-04-12 14:57:30,138 [INFO]    ⏳ Turnstile detectado — esperando resolución automática...
2026-04-12 14:57:30,154 [INFO]    ✅ Turnstile resuelto
2026-04-12 14:57:40,072 [INFO]    ⏳ Turnstile detectado — esperando resolución automática...
2026-04-12 14:57:40,089 [INFO]    ✅ Turnstile resuelto
2026-04-12 14:57:51,423 [INFO]    ⏳ Turnstile detectado — esperando resolución automática...
2026-04-12 14:57:51,440 [INFO]    ✅ Turnstile resuelto
2026-04-12 14:58:02,421 [INFO]    ⏳ Turnstile detectado — esperando resolución automática...
2026-04-12 14:58:02,442 [INFO]    ✅ Turnstile resuelto
2026-04-12 14:58:14,090 [INFO]    ⏳ Turnstile detectado — esperando resolución automática...
2026-04-12 14:58:14,108 [INFO]    ✅ Turnstile resuelto
2026-04-12 14:58:25,914 [INFO]    ⏳ Turnstile detectado — esperando resolución automática...
2026-04-12 14:58:25,935 [INFO]    ✅ Turnstile resuelto
2026-04-12 14:58:37,607 [INFO]    ⏳ Turnstile detectado — esperando resolución automática...
2026-04-12 14:58:37,627 [INFO]    ✅ Turnstile resuelto
2026-04-12 14:58:47,543 [INFO]    ⏳ Turnstile detectado — esperando resolución automática...
2026-04-12 14:58:47,560 [INFO]    ✅ Turnstile resuelto
2026-04-12 14:58:57,583 [INFO]    ⏳ Turnstile detectado — esperando resolución automática...
2026-04-12 14:58:57,605 [INFO]    ✅ Turnstile resuelto
2026-04-12 14:59:00,874 [INFO]    Página 5/5 → https://www.opcionempleo.com.ar/trabajo-python.html?p=5
2026-04-12 14:59:10,762 [INFO]    ⏳ Turnstile detectado — esperando resolución automática...
2026-04-12 14:59:10,785 [INFO]    ✅ Turnstile resuelto
2026-04-12 14:59:15,141 [INFO]    → 20 ofertas encontradas
2026-04-12 14:59:22,667 [INFO]    ⏳ Turnstile detectado — esperando resolución automática...
2026-04-12 14:59:22,684 [INFO]    ✅ Turnstile resuelto
2026-04-12 14:59:34,241 [INFO]    ⏳ Turnstile detectado — esperando resolución automática...
2026-04-12 14:59:34,259 [INFO]    ✅ Turnstile resuelto
2026-04-12 14:59:44,397 [INFO]    ⏳ Turnstile detectado — esperando resolución automática...
2026-04-12 14:59:44,415 [INFO]    ✅ Turnstile resuelto
2026-04-12 14:59:55,620 [INFO]    ⏳ Turnstile detectado — esperando resolución automática...
2026-04-12 14:59:55,639 [INFO]    ✅ Turnstile resuelto
2026-04-12 15:00:06,081 [INFO]    ⏳ Turnstile detectado — esperando resolución automática...
2026-04-12 15:00:06,098 [INFO]    ✅ Turnstile resuelto
2026-04-12 15:00:16,982 [INFO]    ⏳ Turnstile detectado — esperando resolución automática...
2026-04-12 15:00:16,999 [INFO]    ✅ Turnstile resuelto
2026-04-12 15:00:27,173 [INFO]    ⏳ Turnstile detectado — esperando resolución automática...
2026-04-12 15:00:27,191 [INFO]    ✅ Turnstile resuelto
2026-04-12 15:00:37,829 [INFO]    ⏳ Turnstile detectado — esperando resolución automática...
2026-04-12 15:00:37,846 [INFO]    ✅ Turnstile resuelto
2026-04-12 15:00:49,397 [INFO]    ⏳ Turnstile detectado — esperando resolución automática...
2026-04-12 15:00:49,413 [INFO]    ✅ Turnstile resuelto
2026-04-12 15:01:01,089 [INFO]    ⏳ Turnstile detectado — esperando resolución automática...
2026-04-12 15:01:01,108 [INFO]    ✅ Turnstile resuelto
2026-04-12 15:01:12,539 [INFO]    ⏳ Turnstile detectado — esperando resolución automática...
2026-04-12 15:01:12,557 [INFO]    ✅ Turnstile resuelto
2026-04-12 15:01:22,159 [INFO]    ⏳ Turnstile detectado — esperando resolución automática...
2026-04-12 15:01:22,220 [INFO]    ✅ Turnstile resuelto
2026-04-12 15:01:33,340 [INFO]    ⏳ Turnstile detectado — esperando resolución automática...
2026-04-12 15:01:33,362 [INFO]    ✅ Turnstile resuelto
2026-04-12 15:01:43,939 [INFO]    ⏳ Turnstile detectado — esperando resolución automática...
2026-04-12 15:01:43,959 [INFO]    ✅ Turnstile resuelto
2026-04-12 15:01:54,571 [INFO]    ⏳ Turnstile detectado — esperando resolución automática...
2026-04-12 15:01:54,589 [INFO]    ✅ Turnstile resuelto
2026-04-12 15:02:06,301 [INFO]    ⏳ Turnstile detectado — esperando resolución automática...
2026-04-12 15:02:06,320 [INFO]    ✅ Turnstile resuelto
2026-04-12 15:02:15,903 [INFO]    ⏳ Turnstile detectado — esperando resolución automática...
2026-04-12 15:02:15,919 [INFO]    ✅ Turnstile resuelto
2026-04-12 15:02:27,815 [INFO]    ⏳ Turnstile detectado — esperando resolución automática...
2026-04-12 15:02:27,835 [INFO]    ✅ Turnstile resuelto
2026-04-12 15:02:38,262 [INFO]    ⏳ Turnstile detectado — esperando resolución automática...
2026-04-12 15:02:38,280 [INFO]    ✅ Turnstile resuelto
2026-04-12 15:02:50,254 [INFO]    ⏳ Turnstile detectado — esperando resolución automática...
2026-04-12 15:02:50,272 [INFO]    ✅ Turnstile resuelto
2026-04-12 15:02:54,130 [INFO] Exportadas 100 ofertas → /media/carlos-a-cicconi/Common1/Repositorios-Ing.Carlos-Cicconi/Trabajo_Final_MCD/data/raw/opcionempleo_20260412.csv
2026-04-12 15:02:54,130 [INFO] ✅ 'Python Developer': 100 ofertas guardadas
2026-04-12 15:02:54,130 [INFO]    💤 Pausa: 10.2s
2026-04-12 15:03:04,380 [INFO] 
🔍 Buscando: 'Control de Gestión'
2026-04-12 15:03:04,381 [INFO]    Página 1/5 → https://www.opcionempleo.com.ar/trabajo-control-de-gestion.html
2026-04-12 15:03:13,827 [INFO]    ⏳ Turnstile detectado — esperando resolución automática...
2026-04-12 15:03:13,850 [INFO]    ✅ Turnstile resuelto
2026-04-12 15:03:18,387 [INFO]    → 20 ofertas encontradas
2026-04-12 15:03:24,951 [INFO]    ⏳ Turnstile detectado — esperando resolución automática...
2026-04-12 15:03:24,973 [INFO]    ✅ Turnstile resuelto
2026-04-12 15:03:35,540 [INFO]    ⏳ Turnstile detectado — esperando resolución automática...
2026-04-12 15:03:35,556 [INFO]    ✅ Turnstile resuelto
2026-04-12 15:03:47,919 [INFO]    ⏳ Turnstile detectado — esperando resolución automática...
2026-04-12 15:03:47,936 [INFO]    ✅ Turnstile resuelto
2026-04-12 15:03:59,903 [INFO]    ⏳ Turnstile detectado — esperando resolución automática...
2026-04-12 15:03:59,922 [INFO]    ✅ Turnstile resuelto
2026-04-12 15:04:10,639 [INFO]    ⏳ Turnstile detectado — esperando resolución automática...
2026-04-12 15:04:10,658 [INFO]    ✅ Turnstile resuelto
2026-04-12 15:04:22,020 [INFO]    ⏳ Turnstile detectado — esperando resolución automática...
2026-04-12 15:04:22,037 [INFO]    ✅ Turnstile resuelto
2026-04-12 15:04:32,467 [INFO]    ⏳ Turnstile detectado — esperando resolución automática...
2026-04-12 15:04:32,484 [INFO]    ✅ Turnstile resuelto
2026-04-12 15:04:42,477 [INFO]    ⏳ Turnstile detectado — esperando resolución automática...
2026-04-12 15:04:42,497 [INFO]    ✅ Turnstile resuelto
2026-04-12 15:04:54,626 [INFO]    ⏳ Turnstile detectado — esperando resolución automática...
2026-04-12 15:04:54,668 [INFO]    ✅ Turnstile resuelto
2026-04-12 15:05:05,655 [INFO]    ⏳ Turnstile detectado — esperando resolución automática...
2026-04-12 15:05:05,678 [INFO]    ✅ Turnstile resuelto
2026-04-12 15:05:15,145 [INFO]    ⏳ Turnstile detectado — esperando resolución automática...
2026-04-12 15:05:15,162 [INFO]    ✅ Turnstile resuelto
2026-04-12 15:05:26,030 [INFO]    ⏳ Turnstile detectado — esperando resolución automática...
2026-04-12 15:05:26,048 [INFO]    ✅ Turnstile resuelto
2026-04-12 15:05:37,496 [INFO]    ⏳ Turnstile detectado — esperando resolución automática...
2026-04-12 15:05:37,515 [INFO]    ✅ Turnstile resuelto
2026-04-12 15:05:47,508 [INFO]    ⏳ Turnstile detectado — esperando resolución automática...
2026-04-12 15:05:47,528 [INFO]    ✅ Turnstile resuelto
2026-04-12 15:05:58,299 [INFO]    ⏳ Turnstile detectado — esperando resolución automática...
2026-04-12 15:05:58,316 [INFO]    ✅ Turnstile resuelto
2026-04-12 15:06:07,637 [INFO]    ⏳ Turnstile detectado — esperando resolución automática...
2026-04-12 15:06:07,657 [INFO]    ✅ Turnstile resuelto
2026-04-12 15:06:17,879 [INFO]    ⏳ Turnstile detectado — esperando resolución automática...
2026-04-12 15:06:17,898 [INFO]    ✅ Turnstile resuelto
2026-04-12 15:06:28,317 [INFO]    ⏳ Turnstile detectado — esperando resolución automática...
2026-04-12 15:06:28,335 [INFO]    ✅ Turnstile resuelto
2026-04-12 15:06:39,787 [INFO]    ⏳ Turnstile detectado — esperando resolución automática...
2026-04-12 15:06:39,809 [INFO]    ✅ Turnstile resuelto
2026-04-12 15:06:49,518 [INFO]    ⏳ Turnstile detectado — esperando resolución automática...
2026-04-12 15:06:49,559 [INFO]    ✅ Turnstile resuelto
2026-04-12 15:06:53,427 [INFO]    Página 2/5 → https://www.opcionempleo.com.ar/trabajo-control-de-gestion.html?p=2
2026-04-12 15:07:02,799 [INFO]    ⏳ Turnstile detectado — esperando resolución automática...
2026-04-12 15:07:02,818 [INFO]    ✅ Turnstile resuelto
2026-04-12 15:07:06,487 [INFO]    → 20 ofertas encontradas
2026-04-12 15:07:12,868 [INFO]    ⏳ Turnstile detectado — esperando resolución automática...
2026-04-12 15:07:12,888 [INFO]    ✅ Turnstile resuelto
2026-04-12 15:07:24,310 [INFO]    ⏳ Turnstile detectado — esperando resolución automática...
2026-04-12 15:07:24,328 [INFO]    ✅ Turnstile resuelto
2026-04-12 15:07:35,675 [INFO]    ⏳ Turnstile detectado — esperando resolución automática...
2026-04-12 15:07:35,692 [INFO]    ✅ Turnstile resuelto
2026-04-12 15:07:46,528 [INFO]    ⏳ Turnstile detectado — esperando resolución automática...
2026-04-12 15:07:46,545 [INFO]    ✅ Turnstile resuelto
2026-04-12 15:07:57,897 [INFO]    ⏳ Turnstile detectado — esperando resolución automática...
2026-04-12 15:07:57,914 [INFO]    ✅ Turnstile resuelto
2026-04-12 15:08:09,162 [INFO]    ⏳ Turnstile detectado — esperando resolución automática...
2026-04-12 15:08:09,178 [INFO]    ✅ Turnstile resuelto
2026-04-12 15:08:21,142 [INFO]    ⏳ Turnstile detectado — esperando resolución automática...
2026-04-12 15:08:21,158 [INFO]    ✅ Turnstile resuelto
2026-04-12 15:08:33,073 [INFO]    ⏳ Turnstile detectado — esperando resolución automática...
2026-04-12 15:08:33,093 [INFO]    ✅ Turnstile resuelto
2026-04-12 15:08:42,968 [INFO]    ⏳ Turnstile detectado — esperando resolución automática...
2026-04-12 15:08:43,002 [INFO]    ✅ Turnstile resuelto
2026-04-12 15:08:53,476 [INFO]    ⏳ Turnstile detectado — esperando resolución automática...
2026-04-12 15:08:53,493 [INFO]    ✅ Turnstile resuelto
2026-04-12 15:09:04,895 [INFO]    ⏳ Turnstile detectado — esperando resolución automática...
2026-04-12 15:09:04,914 [INFO]    ✅ Turnstile resuelto
2026-04-12 15:09:15,516 [INFO]    ⏳ Turnstile detectado — esperando resolución automática...
2026-04-12 15:09:15,535 [INFO]    ✅ Turnstile resuelto
2026-04-12 15:09:25,009 [INFO]    ⏳ Turnstile detectado — esperando resolución automática...
2026-04-12 15:09:25,026 [INFO]    ✅ Turnstile resuelto
2026-04-12 15:09:35,516 [INFO]    ⏳ Turnstile detectado — esperando resolución automática...
2026-04-12 15:09:35,538 [INFO]    ✅ Turnstile resuelto
2026-04-12 15:09:45,756 [INFO]    ⏳ Turnstile detectado — esperando resolución automática...
2026-04-12 15:09:45,774 [INFO]    ✅ Turnstile resuelto
2026-04-12 15:09:57,935 [INFO]    ⏳ Turnstile detectado — esperando resolución automática...
2026-04-12 15:09:57,957 [INFO]    ✅ Turnstile resuelto
2026-04-12 15:10:08,379 [INFO]    ⏳ Turnstile detectado — esperando resolución automática...
2026-04-12 15:10:08,400 [INFO]    ✅ Turnstile resuelto
2026-04-12 15:10:20,472 [INFO]    ⏳ Turnstile detectado — esperando resolución automática...
2026-04-12 15:10:20,491 [INFO]    ✅ Turnstile resuelto
2026-04-12 15:10:31,745 [INFO]    ⏳ Turnstile detectado — esperando resolución automática...
2026-04-12 15:10:31,763 [INFO]    ✅ Turnstile resuelto
2026-04-12 15:10:41,975 [INFO]    ⏳ Turnstile detectado — esperando resolución automática...
2026-04-12 15:10:41,992 [INFO]    ✅ Turnstile resuelto
2026-04-12 15:10:45,462 [INFO]    Página 3/5 → https://www.opcionempleo.com.ar/trabajo-control-de-gestion.html?p=3
2026-04-12 15:10:53,134 [INFO]    ⏳ Turnstile detectado — esperando resolución automática...
2026-04-12 15:10:53,154 [INFO]    ✅ Turnstile resuelto
2026-04-12 15:10:57,736 [INFO]    → 20 ofertas encontradas
2026-04-12 15:11:04,606 [INFO]    ⏳ Turnstile detectado — esperando resolución automática...
2026-04-12 15:11:04,626 [INFO]    ✅ Turnstile resuelto
2026-04-12 15:11:14,587 [INFO]    ⏳ Turnstile detectado — esperando resolución automática...
2026-04-12 15:11:14,604 [INFO]    ✅ Turnstile resuelto
2026-04-12 15:11:25,806 [INFO]    ⏳ Turnstile detectado — esperando resolución automática...
2026-04-12 15:11:25,826 [INFO]    ✅ Turnstile resuelto
2026-04-12 15:11:36,832 [INFO]    ⏳ Turnstile detectado — esperando resolución automática...
2026-04-12 15:11:36,861 [INFO]    ✅ Turnstile resuelto
2026-04-12 15:11:47,921 [INFO]    ⏳ Turnstile detectado — esperando resolución automática...
2026-04-12 15:11:47,938 [INFO]    ✅ Turnstile resuelto
2026-04-12 15:11:58,165 [INFO]    ⏳ Turnstile detectado — esperando resolución automática...
2026-04-12 15:11:58,185 [INFO]    ✅ Turnstile resuelto
2026-04-12 15:12:08,793 [INFO]    ⏳ Turnstile detectado — esperando resolución automática...
2026-04-12 15:12:08,818 [INFO]    ✅ Turnstile resuelto
2026-04-12 15:12:19,443 [INFO]    ⏳ Turnstile detectado — esperando resolución automática...
2026-04-12 15:12:19,462 [INFO]    ✅ Turnstile resuelto
2026-04-12 15:12:30,510 [INFO]    ⏳ Turnstile detectado — esperando resolución automática...
2026-04-12 15:12:30,533 [INFO]    ✅ Turnstile resuelto
2026-04-12 15:12:40,430 [INFO]    ⏳ Turnstile detectado — esperando resolución automática...
2026-04-12 15:12:40,447 [INFO]    ✅ Turnstile resuelto
2026-04-12 15:12:51,212 [INFO]    ⏳ Turnstile detectado — esperando resolución automática...
2026-04-12 15:12:51,231 [INFO]    ✅ Turnstile resuelto
2026-04-12 15:13:01,344 [INFO]    ⏳ Turnstile detectado — esperando resolución automática...
2026-04-12 15:13:01,363 [INFO]    ✅ Turnstile resuelto
2026-04-12 15:13:11,451 [INFO]    ⏳ Turnstile detectado — esperando resolución automática...
2026-04-12 15:13:11,469 [INFO]    ✅ Turnstile resuelto
2026-04-12 15:13:22,622 [INFO]    ⏳ Turnstile detectado — esperando resolución automática...
2026-04-12 15:13:22,642 [INFO]    ✅ Turnstile resuelto
2026-04-12 15:13:34,400 [INFO]    ⏳ Turnstile detectado — esperando resolución automática...
2026-04-12 15:13:34,442 [INFO]    ✅ Turnstile resuelto
2026-04-12 15:13:45,363 [INFO]    ⏳ Turnstile detectado — esperando resolución automática...
2026-04-12 15:13:45,381 [INFO]    ✅ Turnstile resuelto
2026-04-12 15:13:56,826 [INFO]    ⏳ Turnstile detectado — esperando resolución automática...
2026-04-12 15:13:56,844 [INFO]    ✅ Turnstile resuelto
2026-04-12 15:14:08,928 [INFO]    ⏳ Turnstile detectado — esperando resolución automática...
2026-04-12 15:14:08,945 [INFO]    ✅ Turnstile resuelto
2026-04-12 15:14:20,503 [INFO]    ⏳ Turnstile detectado — esperando resolución automática...
2026-04-12 15:14:20,523 [INFO]    ✅ Turnstile resuelto
2026-04-12 15:14:30,621 [INFO]    ⏳ Turnstile detectado — esperando resolución automática...
2026-04-12 15:14:30,640 [INFO]    ✅ Turnstile resuelto
2026-04-12 15:14:34,509 [INFO]    Página 4/5 → https://www.opcionempleo.com.ar/trabajo-control-de-gestion.html?p=4
2026-04-12 15:14:43,648 [INFO]    ⏳ Turnstile detectado — esperando resolución automática...
2026-04-12 15:14:43,668 [INFO]    ✅ Turnstile resuelto
2026-04-12 15:14:47,884 [INFO]    → 20 ofertas encontradas
2026-04-12 15:14:55,633 [INFO]    ⏳ Turnstile detectado — esperando resolución automática...
2026-04-12 15:14:55,655 [INFO]    ✅ Turnstile resuelto
2026-04-12 15:15:06,457 [INFO]    ⏳ Turnstile detectado — esperando resolución automática...
2026-04-12 15:15:06,475 [INFO]    ✅ Turnstile resuelto
2026-04-12 15:15:15,971 [INFO]    ⏳ Turnstile detectado — esperando resolución automática...
2026-04-12 15:15:15,992 [INFO]    ✅ Turnstile resuelto
2026-04-12 15:15:28,153 [INFO]    ⏳ Turnstile detectado — esperando resolución automática...
2026-04-12 15:15:28,197 [INFO]    ✅ Turnstile resuelto
2026-04-12 15:15:38,946 [INFO]    ⏳ Turnstile detectado — esperando resolución automática...
2026-04-12 15:15:38,965 [INFO]    ✅ Turnstile resuelto
2026-04-12 15:15:49,240 [INFO]    ⏳ Turnstile detectado — esperando resolución automática...
2026-04-12 15:15:49,258 [INFO]    ✅ Turnstile resuelto
2026-04-12 15:15:59,384 [INFO]    ⏳ Turnstile detectado — esperando resolución automática...
2026-04-12 15:15:59,403 [INFO]    ✅ Turnstile resuelto
2026-04-12 15:16:10,592 [INFO]    ⏳ Turnstile detectado — esperando resolución automática...
2026-04-12 15:16:10,610 [INFO]    ✅ Turnstile resuelto
2026-04-12 15:16:22,136 [INFO]    ⏳ Turnstile detectado — esperando resolución automática...
2026-04-12 15:16:22,153 [INFO]    ✅ Turnstile resuelto
2026-04-12 15:16:33,735 [INFO]    ⏳ Turnstile detectado — esperando resolución automática...
2026-04-12 15:16:33,754 [INFO]    ✅ Turnstile resuelto
2026-04-12 15:16:45,355 [INFO]    ⏳ Turnstile detectado — esperando resolución automática...
2026-04-12 15:16:45,375 [INFO]    ✅ Turnstile resuelto
2026-04-12 15:16:55,019 [INFO]    ⏳ Turnstile detectado — esperando resolución automática...
2026-04-12 15:16:55,037 [INFO]    ✅ Turnstile resuelto
2026-04-12 15:17:06,463 [INFO]    ⏳ Turnstile detectado — esperando resolución automática...
2026-04-12 15:17:06,485 [INFO]    ✅ Turnstile resuelto
2026-04-12 15:17:18,265 [INFO]    ⏳ Turnstile detectado — esperando resolución automática...
2026-04-12 15:17:18,283 [INFO]    ✅ Turnstile resuelto
2026-04-12 15:17:30,240 [INFO]    ⏳ Turnstile detectado — esperando resolución automática...
2026-04-12 15:17:30,257 [INFO]    ✅ Turnstile resuelto
2026-04-12 15:17:40,586 [INFO]    ⏳ Turnstile detectado — esperando resolución automática...
2026-04-12 15:17:40,604 [INFO]    ✅ Turnstile resuelto
2026-04-12 15:17:52,261 [INFO]    ⏳ Turnstile detectado — esperando resolución automática...
2026-04-12 15:17:52,278 [INFO]    ✅ Turnstile resuelto
2026-04-12 15:18:02,603 [INFO]    ⏳ Turnstile detectado — esperando resolución automática...
2026-04-12 15:18:02,622 [INFO]    ✅ Turnstile resuelto
2026-04-12 15:18:13,806 [INFO]    ⏳ Turnstile detectado — esperando resolución automática...
2026-04-12 15:18:13,846 [INFO]    ✅ Turnstile resuelto
2026-04-12 15:18:25,543 [INFO]    ⏳ Turnstile detectado — esperando resolución automática...
2026-04-12 15:18:25,564 [INFO]    ✅ Turnstile resuelto
2026-04-12 15:18:29,638 [INFO]    Página 5/5 → https://www.opcionempleo.com.ar/trabajo-control-de-gestion.html?p=5
2026-04-12 15:18:38,852 [INFO]    ⏳ Turnstile detectado — esperando resolución automática...
2026-04-12 15:18:38,895 [INFO]    ✅ Turnstile resuelto
2026-04-12 15:18:43,171 [INFO]    → 20 ofertas encontradas
2026-04-12 15:18:49,919 [INFO]    ⏳ Turnstile detectado — esperando resolución automática...
2026-04-12 15:18:49,936 [INFO]    ✅ Turnstile resuelto
2026-04-12 15:19:01,000 [INFO]    ⏳ Turnstile detectado — esperando resolución automática...
2026-04-12 15:19:01,018 [INFO]    ✅ Turnstile resuelto
2026-04-12 15:19:12,055 [INFO]    ⏳ Turnstile detectado — esperando resolución automática...
2026-04-12 15:19:12,073 [INFO]    ✅ Turnstile resuelto
2026-04-12 15:19:22,525 [INFO]    ⏳ Turnstile detectado — esperando resolución automática...
2026-04-12 15:19:22,544 [INFO]    ✅ Turnstile resuelto
2026-04-12 15:19:33,005 [INFO]    ⏳ Turnstile detectado — esperando resolución automática...
2026-04-12 15:19:33,023 [INFO]    ✅ Turnstile resuelto
2026-04-12 15:19:43,167 [INFO]    ⏳ Turnstile detectado — esperando resolución automática...
2026-04-12 15:19:43,183 [INFO]    ✅ Turnstile resuelto
2026-04-12 15:19:54,938 [INFO]    ⏳ Turnstile detectado — esperando resolución automática...
2026-04-12 15:19:54,958 [INFO]    ✅ Turnstile resuelto
2026-04-12 15:20:06,024 [INFO]    ⏳ Turnstile detectado — esperando resolución automática...
2026-04-12 15:20:06,043 [INFO]    ✅ Turnstile resuelto
2026-04-12 15:20:18,085 [INFO]    ⏳ Turnstile detectado — esperando resolución automática...
2026-04-12 15:20:18,108 [INFO]    ✅ Turnstile resuelto
2026-04-12 15:20:27,811 [INFO]    ⏳ Turnstile detectado — esperando resolución automática...
2026-04-12 15:20:27,830 [INFO]    ✅ Turnstile resuelto
2026-04-12 15:20:38,362 [INFO]    ⏳ Turnstile detectado — esperando resolución automática...
2026-04-12 15:20:38,379 [INFO]    ✅ Turnstile resuelto
2026-04-12 15:20:47,982 [INFO]    ⏳ Turnstile detectado — esperando resolución automática...
2026-04-12 15:20:47,999 [INFO]    ✅ Turnstile resuelto
2026-04-12 15:20:57,824 [INFO]    ⏳ Turnstile detectado — esperando resolución automática...
2026-04-12 15:20:57,842 [INFO]    ✅ Turnstile resuelto
2026-04-12 15:21:07,845 [INFO]    ⏳ Turnstile detectado — esperando resolución automática...
2026-04-12 15:21:07,861 [INFO]    ✅ Turnstile resuelto
2026-04-12 15:21:18,273 [INFO]    ⏳ Turnstile detectado — esperando resolución automática...
2026-04-12 15:21:18,292 [INFO]    ✅ Turnstile resuelto
2026-04-12 15:21:28,048 [INFO]    ⏳ Turnstile detectado — esperando resolución automática...
2026-04-12 15:21:28,066 [INFO]    ✅ Turnstile resuelto
2026-04-12 15:21:39,291 [INFO]    ⏳ Turnstile detectado — esperando resolución automática...
2026-04-12 15:21:39,308 [INFO]    ✅ Turnstile resuelto
2026-04-12 15:21:50,375 [INFO]    ⏳ Turnstile detectado — esperando resolución automática...
2026-04-12 15:21:50,393 [INFO]    ✅ Turnstile resuelto
2026-04-12 15:22:02,101 [INFO]    ⏳ Turnstile detectado — esperando resolución automática...
2026-04-12 15:22:02,122 [INFO]    ✅ Turnstile resuelto
2026-04-12 15:22:12,053 [INFO]    ⏳ Turnstile detectado — esperando resolución automática...
2026-04-12 15:22:12,071 [INFO]    ✅ Turnstile resuelto
2026-04-12 15:22:15,974 [INFO] Exportadas 100 ofertas → /media/carlos-a-cicconi/Common1/Repositorios-Ing.Carlos-Cicconi/Trabajo_Final_MCD/data/raw/opcionempleo_20260412.csv
2026-04-12 15:22:15,974 [INFO] ✅ 'Control de Gestión': 100 ofertas guardadas
2026-04-12 15:22:15,974 [INFO]    💤 Pausa: 9.3s
2026-04-12 15:22:25,280 [INFO] 
🔍 Buscando: 'Gerente de Operaciones'
2026-04-12 15:22:25,281 [INFO]    Página 1/5 → https://www.opcionempleo.com.ar/trabajo-gerente-operaciones.html
2026-04-12 15:22:34,620 [INFO]    ⏳ Turnstile detectado — esperando resolución automática...
2026-04-12 15:22:34,653 [INFO]    ✅ Turnstile resuelto
2026-04-12 15:22:39,113 [INFO]    → 20 ofertas encontradas
2026-04-12 15:22:45,154 [INFO]    ⏳ Turnstile detectado — esperando resolución automática...
2026-04-12 15:22:45,175 [INFO]    ✅ Turnstile resuelto
2026-04-12 15:22:56,846 [INFO]    ⏳ Turnstile detectado — esperando resolución automática...
2026-04-12 15:22:56,864 [INFO]    ✅ Turnstile resuelto
2026-04-12 15:23:09,069 [INFO]    ⏳ Turnstile detectado — esperando resolución automática...
2026-04-12 15:23:09,087 [INFO]    ✅ Turnstile resuelto
2026-04-12 15:23:19,430 [INFO]    ⏳ Turnstile detectado — esperando resolución automática...
2026-04-12 15:23:19,448 [INFO]    ✅ Turnstile resuelto
2026-04-12 15:23:29,470 [INFO]    ⏳ Turnstile detectado — esperando resolución automática...
2026-04-12 15:23:29,488 [INFO]    ✅ Turnstile resuelto
2026-04-12 15:23:41,651 [INFO]    ⏳ Turnstile detectado — esperando resolución automática...
2026-04-12 15:23:41,670 [INFO]    ✅ Turnstile resuelto
2026-04-12 15:23:53,236 [INFO]    ⏳ Turnstile detectado — esperando resolución automática...
2026-04-12 15:23:53,254 [INFO]    ✅ Turnstile resuelto
2026-04-12 15:24:03,085 [INFO]    ⏳ Turnstile detectado — esperando resolución automática...
2026-04-12 15:24:03,104 [INFO]    ✅ Turnstile resuelto
2026-04-12 15:24:14,119 [INFO]    ⏳ Turnstile detectado — esperando resolución automática...
2026-04-12 15:24:14,137 [INFO]    ✅ Turnstile resuelto
2026-04-12 15:24:24,172 [INFO]    ⏳ Turnstile detectado — esperando resolución automática...
2026-04-12 15:24:24,190 [INFO]    ✅ Turnstile resuelto
2026-04-12 15:24:35,237 [INFO]    ⏳ Turnstile detectado — esperando resolución automática...
2026-04-12 15:24:35,255 [INFO]    ✅ Turnstile resuelto
2026-04-12 15:24:45,807 [INFO]    ⏳ Turnstile detectado — esperando resolución automática...
2026-04-12 15:24:45,826 [INFO]    ✅ Turnstile resuelto
2026-04-12 15:24:55,384 [INFO]    ⏳ Turnstile detectado — esperando resolución automática...
2026-04-12 15:24:55,401 [INFO]    ✅ Turnstile resuelto
2026-04-12 15:25:05,117 [INFO]    ⏳ Turnstile detectado — esperando resolución automática...
2026-04-12 15:25:05,135 [INFO]    ✅ Turnstile resuelto
2026-04-12 15:25:15,321 [INFO]    ⏳ Turnstile detectado — esperando resolución automática...
2026-04-12 15:25:15,338 [INFO]    ✅ Turnstile resuelto
2026-04-12 15:25:25,074 [INFO]    ⏳ Turnstile detectado — esperando resolución automática...
2026-04-12 15:25:25,091 [INFO]    ✅ Turnstile resuelto
2026-04-12 15:25:35,631 [INFO]    ⏳ Turnstile detectado — esperando resolución automática...
2026-04-12 15:25:35,650 [INFO]    ✅ Turnstile resuelto
2026-04-12 15:25:46,275 [INFO]    ⏳ Turnstile detectado — esperando resolución automática...
2026-04-12 15:25:46,294 [INFO]    ✅ Turnstile resuelto
2026-04-12 15:25:55,797 [INFO]    ⏳ Turnstile detectado — esperando resolución automática...
2026-04-12 15:25:55,815 [INFO]    ✅ Turnstile resuelto
2026-04-12 15:26:06,461 [INFO]    ⏳ Turnstile detectado — esperando resolución automática...
2026-04-12 15:26:06,479 [INFO]    ✅ Turnstile resuelto
2026-04-12 15:26:10,277 [INFO]    Página 2/5 → https://www.opcionempleo.com.ar/trabajo-gerente-operaciones.html?p=2
2026-04-12 15:26:18,626 [INFO]    ⏳ Turnstile detectado — esperando resolución automática...
2026-04-12 15:26:18,670 [INFO]    ✅ Turnstile resuelto
2026-04-12 15:26:22,494 [INFO]    → 20 ofertas encontradas
2026-04-12 15:26:30,774 [INFO]    ⏳ Turnstile detectado — esperando resolución automática...
2026-04-12 15:26:30,794 [INFO]    ✅ Turnstile resuelto
2026-04-12 15:26:41,400 [INFO]    ⏳ Turnstile detectado — esperando resolución automática...
2026-04-12 15:26:41,418 [INFO]    ✅ Turnstile resuelto
2026-04-12 15:26:52,006 [INFO]    ⏳ Turnstile detectado — esperando resolución automática...
2026-04-12 15:26:52,027 [INFO]    ✅ Turnstile resuelto
2026-04-12 15:27:01,343 [INFO]    ⏳ Turnstile detectado — esperando resolución automática...
2026-04-12 15:27:01,361 [INFO]    ✅ Turnstile resuelto
2026-04-12 15:27:11,552 [INFO]    ⏳ Turnstile detectado — esperando resolución automática...
2026-04-12 15:27:11,570 [INFO]    ✅ Turnstile resuelto
2026-04-12 15:27:21,281 [INFO]    ⏳ Turnstile detectado — esperando resolución automática...
2026-04-12 15:27:21,298 [INFO]    ✅ Turnstile resuelto
2026-04-12 15:27:33,004 [INFO]    ⏳ Turnstile detectado — esperando resolución automática...
2026-04-12 15:27:33,022 [INFO]    ✅ Turnstile resuelto
2026-04-12 15:27:43,934 [INFO]    ⏳ Turnstile detectado — esperando resolución automática...
2026-04-12 15:27:43,951 [INFO]    ✅ Turnstile resuelto
2026-04-12 15:27:54,240 [INFO]    ⏳ Turnstile detectado — esperando resolución automática...
2026-04-12 15:27:54,257 [INFO]    ✅ Turnstile resuelto
2026-04-12 15:28:06,164 [INFO]    ⏳ Turnstile detectado — esperando resolución automática...
2026-04-12 15:28:06,181 [INFO]    ✅ Turnstile resuelto
2026-04-12 15:28:18,064 [INFO]    ⏳ Turnstile detectado — esperando resolución automática...
2026-04-12 15:28:18,081 [INFO]    ✅ Turnstile resuelto
2026-04-12 15:28:29,695 [INFO]    ⏳ Turnstile detectado — esperando resolución automática...
2026-04-12 15:28:29,737 [INFO]    ✅ Turnstile resuelto
2026-04-12 15:28:40,857 [INFO]    ⏳ Turnstile detectado — esperando resolución automática...
2026-04-12 15:28:40,875 [INFO]    ✅ Turnstile resuelto
2026-04-12 15:28:51,803 [INFO]    ⏳ Turnstile detectado — esperando resolución automática...
2026-04-12 15:28:51,822 [INFO]    ✅ Turnstile resuelto
2026-04-12 15:29:03,920 [INFO]    ⏳ Turnstile detectado — esperando resolución automática...
2026-04-12 15:29:03,938 [INFO]    ✅ Turnstile resuelto
2026-04-12 15:29:14,162 [INFO]    ⏳ Turnstile detectado — esperando resolución automática...
2026-04-12 15:29:14,180 [INFO]    ✅ Turnstile resuelto
2026-04-12 15:29:25,651 [INFO]    ⏳ Turnstile detectado — esperando resolución automática...
2026-04-12 15:29:25,670 [INFO]    ✅ Turnstile resuelto
2026-04-12 15:29:35,689 [INFO]    ⏳ Turnstile detectado — esperando resolución automática...
2026-04-12 15:29:35,708 [INFO]    ✅ Turnstile resuelto
2026-04-12 15:29:46,027 [INFO]    ⏳ Turnstile detectado — esperando resolución automática...
2026-04-12 15:29:46,046 [INFO]    ✅ Turnstile resuelto
2026-04-12 15:29:57,174 [INFO]    ⏳ Turnstile detectado — esperando resolución automática...
2026-04-12 15:29:57,191 [INFO]    ✅ Turnstile resuelto
2026-04-12 15:30:00,743 [INFO]    Página 3/5 → https://www.opcionempleo.com.ar/trabajo-gerente-operaciones.html?p=3
2026-04-12 15:30:10,364 [INFO]    ⏳ Turnstile detectado — esperando resolución automática...
2026-04-12 15:30:10,385 [INFO]    ✅ Turnstile resuelto
2026-04-12 15:30:14,847 [INFO]    → 20 ofertas encontradas
2026-04-12 15:30:21,568 [INFO]    ⏳ Turnstile detectado — esperando resolución automática...
2026-04-12 15:30:21,587 [INFO]    ✅ Turnstile resuelto
2026-04-12 15:30:32,511 [INFO]    ⏳ Turnstile detectado — esperando resolución automática...
2026-04-12 15:30:32,533 [INFO]    ✅ Turnstile resuelto
2026-04-12 15:30:44,970 [INFO]    ⏳ Turnstile detectado — esperando resolución automática...
2026-04-12 15:30:44,990 [INFO]    ✅ Turnstile resuelto
2026-04-12 15:30:56,343 [INFO]    ⏳ Turnstile detectado — esperando resolución automática...
2026-04-12 15:30:56,363 [INFO]    ✅ Turnstile resuelto
2026-04-12 15:31:07,320 [INFO]    ⏳ Turnstile detectado — esperando resolución automática...
2026-04-12 15:31:07,339 [INFO]    ✅ Turnstile resuelto
2026-04-12 15:31:19,416 [INFO]    ⏳ Turnstile detectado — esperando resolución automática...
2026-04-12 15:31:19,435 [INFO]    ✅ Turnstile resuelto
2026-04-12 15:31:30,071 [INFO]    ⏳ Turnstile detectado — esperando resolución automática...
2026-04-12 15:31:30,089 [INFO]    ✅ Turnstile resuelto
2026-04-12 15:31:41,020 [INFO]    ⏳ Turnstile detectado — esperando resolución automática...
2026-04-12 15:31:41,037 [INFO]    ✅ Turnstile resuelto
2026-04-12 15:31:52,204 [INFO]    ⏳ Turnstile detectado — esperando resolución automática...
2026-04-12 15:31:52,222 [INFO]    ✅ Turnstile resuelto
2026-04-12 15:32:03,219 [INFO]    ⏳ Turnstile detectado — esperando resolución automática...
2026-04-12 15:32:03,237 [INFO]    ✅ Turnstile resuelto
2026-04-12 15:32:14,404 [INFO]    ⏳ Turnstile detectado — esperando resolución automática...
2026-04-12 15:32:14,422 [INFO]    ✅ Turnstile resuelto
2026-04-12 15:32:23,891 [INFO]    ⏳ Turnstile detectado — esperando resolución automática...
2026-04-12 15:32:23,908 [INFO]    ✅ Turnstile resuelto
2026-04-12 15:32:33,733 [INFO]    ⏳ Turnstile detectado — esperando resolución automática...
2026-04-12 15:32:33,749 [INFO]    ✅ Turnstile resuelto
2026-04-12 15:32:44,179 [INFO]    ⏳ Turnstile detectado — esperando resolución automática...
2026-04-12 15:32:44,197 [INFO]    ✅ Turnstile resuelto
2026-04-12 15:32:55,260 [INFO]    ⏳ Turnstile detectado — esperando resolución automática...
2026-04-12 15:32:55,279 [INFO]    ✅ Turnstile resuelto
2026-04-12 15:33:06,647 [INFO]    ⏳ Turnstile detectado — esperando resolución automática...
2026-04-12 15:33:06,665 [INFO]    ✅ Turnstile resuelto
2026-04-12 15:33:16,923 [INFO]    ⏳ Turnstile detectado — esperando resolución automática...
2026-04-12 15:33:16,940 [INFO]    ✅ Turnstile resuelto
2026-04-12 15:33:27,835 [INFO]    ⏳ Turnstile detectado — esperando resolución automática...
2026-04-12 15:33:27,853 [INFO]    ✅ Turnstile resuelto
2026-04-12 15:33:38,920 [INFO]    ⏳ Turnstile detectado — esperando resolución automática...
2026-04-12 15:33:38,941 [INFO]    ✅ Turnstile resuelto
2026-04-12 15:33:49,719 [INFO]    ⏳ Turnstile detectado — esperando resolución automática...
2026-04-12 15:33:49,735 [INFO]    ✅ Turnstile resuelto
2026-04-12 15:33:53,481 [INFO]    Página 4/5 → https://www.opcionempleo.com.ar/trabajo-gerente-operaciones.html?p=4
2026-04-12 15:34:02,737 [INFO]    ⏳ Turnstile detectado — esperando resolución automática...
2026-04-12 15:34:02,757 [INFO]    ✅ Turnstile resuelto
2026-04-12 15:34:06,491 [INFO]    → 20 ofertas encontradas
2026-04-12 15:34:12,875 [INFO]    ⏳ Turnstile detectado — esperando resolución automática...
2026-04-12 15:34:12,897 [INFO]    ✅ Turnstile resuelto
2026-04-12 15:34:23,005 [INFO]    ⏳ Turnstile detectado — esperando resolución automática...
2026-04-12 15:34:23,026 [INFO]    ✅ Turnstile resuelto
2026-04-12 15:34:32,411 [INFO]    ⏳ Turnstile detectado — esperando resolución automática...
2026-04-12 15:34:32,428 [INFO]    ✅ Turnstile resuelto
2026-04-12 15:34:42,545 [INFO]    ⏳ Turnstile detectado — esperando resolución automática...
2026-04-12 15:34:42,562 [INFO]    ✅ Turnstile resuelto
2026-04-12 15:34:52,551 [INFO]    ⏳ Turnstile detectado — esperando resolución automática...
2026-04-12 15:34:52,569 [INFO]    ✅ Turnstile resuelto
2026-04-12 15:35:02,995 [INFO]    ⏳ Turnstile detectado — esperando resolución automática...
2026-04-12 15:35:03,013 [INFO]    ✅ Turnstile resuelto
2026-04-12 15:35:12,248 [INFO]    ⏳ Turnstile detectado — esperando resolución automática...
2026-04-12 15:35:12,266 [INFO]    ✅ Turnstile resuelto
2026-04-12 15:35:22,317 [INFO]    ⏳ Turnstile detectado — esperando resolución automática...
2026-04-12 15:35:22,337 [INFO]    ✅ Turnstile resuelto
2026-04-12 15:35:31,908 [INFO]    ⏳ Turnstile detectado — esperando resolución automática...
2026-04-12 15:35:31,943 [INFO]    ✅ Turnstile resuelto
2026-04-12 15:35:43,781 [INFO]    ⏳ Turnstile detectado — esperando resolución automática...
2026-04-12 15:35:43,798 [INFO]    ✅ Turnstile resuelto
2026-04-12 15:35:55,550 [INFO]    ⏳ Turnstile detectado — esperando resolución automática...
2026-04-12 15:35:55,571 [INFO]    ✅ Turnstile resuelto
2026-04-12 15:36:07,279 [INFO]    ⏳ Turnstile detectado — esperando resolución automática...
2026-04-12 15:36:07,298 [INFO]    ✅ Turnstile resuelto
2026-04-12 15:36:19,001 [INFO]    ⏳ Turnstile detectado — esperando resolución automática...
2026-04-12 15:36:19,021 [INFO]    ✅ Turnstile resuelto
2026-04-12 15:36:29,581 [INFO]    ⏳ Turnstile detectado — esperando resolución automática...
2026-04-12 15:36:29,601 [INFO]    ✅ Turnstile resuelto
2026-04-12 15:36:40,817 [INFO]    ⏳ Turnstile detectado — esperando resolución automática...
2026-04-12 15:36:40,836 [INFO]    ✅ Turnstile resuelto
2026-04-12 15:36:52,205 [INFO]    ⏳ Turnstile detectado — esperando resolución automática...
2026-04-12 15:36:52,224 [INFO]    ✅ Turnstile resuelto
2026-04-12 15:37:02,841 [INFO]    ⏳ Turnstile detectado — esperando resolución automática...
2026-04-12 15:37:02,858 [INFO]    ✅ Turnstile resuelto
2026-04-12 15:37:15,275 [INFO]    ⏳ Turnstile detectado — esperando resolución automática...
2026-04-12 15:37:15,293 [INFO]    ✅ Turnstile resuelto
2026-04-12 15:37:26,792 [INFO]    ⏳ Turnstile detectado — esperando resolución automática...
2026-04-12 15:37:26,810 [INFO]    ✅ Turnstile resuelto
2026-04-12 15:37:38,374 [INFO]    ⏳ Turnstile detectado — esperando resolución automática...
2026-04-12 15:37:38,391 [INFO]    ✅ Turnstile resuelto
2026-04-12 15:37:42,347 [INFO]    Página 5/5 → https://www.opcionempleo.com.ar/trabajo-gerente-operaciones.html?p=5
2026-04-12 15:37:50,343 [INFO]    ⏳ Turnstile detectado — esperando resolución automática...
2026-04-12 15:37:50,363 [INFO]    ✅ Turnstile resuelto
2026-04-12 15:37:54,066 [INFO]    → 20 ofertas encontradas
2026-04-12 15:38:00,275 [INFO]    ⏳ Turnstile detectado — esperando resolución automática...
2026-04-12 15:38:00,293 [INFO]    ✅ Turnstile resuelto
2026-04-12 15:38:11,127 [INFO]    ⏳ Turnstile detectado — esperando resolución automática...
2026-04-12 15:38:11,144 [INFO]    ✅ Turnstile resuelto
2026-04-12 15:38:23,553 [INFO]    ⏳ Turnstile detectado — esperando resolución automática...
2026-04-12 15:38:23,572 [INFO]    ✅ Turnstile resuelto
2026-04-12 15:38:33,798 [INFO]    ⏳ Turnstile detectado — esperando resolución automática...
2026-04-12 15:38:33,817 [INFO]    ✅ Turnstile resuelto
2026-04-12 15:38:43,929 [INFO]    ⏳ Turnstile detectado — esperando resolución automática...
2026-04-12 15:38:43,950 [INFO]    ✅ Turnstile resuelto
2026-04-12 15:38:55,593 [INFO]    ⏳ Turnstile detectado — esperando resolución automática...
2026-04-12 15:38:55,628 [INFO]    ✅ Turnstile resuelto
2026-04-12 15:39:06,605 [INFO]    ⏳ Turnstile detectado — esperando resolución automática...
2026-04-12 15:39:06,626 [INFO]    ✅ Turnstile resuelto
2026-04-12 15:39:18,185 [INFO]    ⏳ Turnstile detectado — esperando resolución automática...
2026-04-12 15:39:18,204 [INFO]    ✅ Turnstile resuelto
2026-04-12 15:39:29,393 [INFO]    ⏳ Turnstile detectado — esperando resolución automática...
2026-04-12 15:39:29,412 [INFO]    ✅ Turnstile resuelto
2026-04-12 15:39:40,919 [INFO]    ⏳ Turnstile detectado — esperando resolución automática...
2026-04-12 15:39:40,940 [INFO]    ✅ Turnstile resuelto
2026-04-12 15:39:52,790 [INFO]    ⏳ Turnstile detectado — esperando resolución automática...
2026-04-12 15:39:52,807 [INFO]    ✅ Turnstile resuelto
2026-04-12 15:40:03,980 [INFO]    ⏳ Turnstile detectado — esperando resolución automática...
2026-04-12 15:40:03,997 [INFO]    ✅ Turnstile resuelto
2026-04-12 15:40:13,612 [INFO]    ⏳ Turnstile detectado — esperando resolución automática...
2026-04-12 15:40:13,630 [INFO]    ✅ Turnstile resuelto
2026-04-12 15:40:24,908 [INFO]    ⏳ Turnstile detectado — esperando resolución automática...
2026-04-12 15:40:24,927 [INFO]    ✅ Turnstile resuelto
2026-04-12 15:40:36,564 [INFO]    ⏳ Turnstile detectado — esperando resolución automática...
2026-04-12 15:40:36,585 [INFO]    ✅ Turnstile resuelto
2026-04-12 15:40:47,804 [INFO]    ⏳ Turnstile detectado — esperando resolución automática...
2026-04-12 15:40:47,823 [INFO]    ✅ Turnstile resuelto
2026-04-12 15:40:57,629 [INFO]    ⏳ Turnstile detectado — esperando resolución automática...
2026-04-12 15:40:57,645 [INFO]    ✅ Turnstile resuelto
2026-04-12 15:41:07,677 [INFO]    ⏳ Turnstile detectado — esperando resolución automática...
2026-04-12 15:41:07,695 [INFO]    ✅ Turnstile resuelto
2026-04-12 15:41:18,316 [INFO]    ⏳ Turnstile detectado — esperando resolución automática...
2026-04-12 15:41:18,334 [INFO]    ✅ Turnstile resuelto
2026-04-12 15:41:28,109 [INFO]    ⏳ Turnstile detectado — esperando resolución automática...
2026-04-12 15:41:28,128 [INFO]    ✅ Turnstile resuelto
2026-04-12 15:41:31,211 [INFO] Exportadas 100 ofertas → /media/carlos-a-cicconi/Common1/Repositorios-Ing.Carlos-Cicconi/Trabajo_Final_MCD/data/raw/opcionempleo_20260412.csv
2026-04-12 15:41:31,212 [INFO] ✅ 'Gerente de Operaciones': 100 ofertas guardadas
2026-04-12 15:41:31,212 [INFO]    💤 Pausa: 10.0s
2026-04-12 15:41:41,235 [INFO] 
🔍 Buscando: 'Compras / Procurement'
2026-04-12 15:41:41,236 [INFO]    Página 1/5 → https://www.opcionempleo.com.ar/trabajo-compras.html
2026-04-12 15:41:50,816 [INFO]    ⏳ Turnstile detectado — esperando resolución automática...
2026-04-12 15:41:50,834 [INFO]    ✅ Turnstile resuelto
2026-04-12 15:41:55,069 [INFO]    → 20 ofertas encontradas
2026-04-12 15:42:03,479 [INFO]    ⏳ Turnstile detectado — esperando resolución automática...
2026-04-12 15:42:03,496 [INFO]    ✅ Turnstile resuelto
2026-04-12 15:42:13,893 [INFO]    ⏳ Turnstile detectado — esperando resolución automática...
2026-04-12 15:42:13,911 [INFO]    ✅ Turnstile resuelto
2026-04-12 15:42:24,999 [INFO]    ⏳ Turnstile detectado — esperando resolución automática...
2026-04-12 15:42:25,028 [INFO]    ✅ Turnstile resuelto
2026-04-12 15:42:35,638 [INFO]    ⏳ Turnstile detectado — esperando resolución automática...
2026-04-12 15:42:35,656 [INFO]    ✅ Turnstile resuelto
2026-04-12 15:42:47,381 [INFO]    ⏳ Turnstile detectado — esperando resolución automática...
2026-04-12 15:42:47,398 [INFO]    ✅ Turnstile resuelto
2026-04-12 15:42:59,701 [INFO]    ⏳ Turnstile detectado — esperando resolución automática...
2026-04-12 15:42:59,720 [INFO]    ✅ Turnstile resuelto
2026-04-12 15:43:11,498 [INFO]    ⏳ Turnstile detectado — esperando resolución automática...
2026-04-12 15:43:11,516 [INFO]    ✅ Turnstile resuelto
2026-04-12 15:43:22,430 [INFO]    ⏳ Turnstile detectado — esperando resolución automática...
2026-04-12 15:43:22,448 [INFO]    ✅ Turnstile resuelto
2026-04-12 15:43:32,470 [INFO]    ⏳ Turnstile detectado — esperando resolución automática...
2026-04-12 15:43:32,487 [INFO]    ✅ Turnstile resuelto
2026-04-12 15:43:44,654 [INFO]    ⏳ Turnstile detectado — esperando resolución automática...
2026-04-12 15:43:44,672 [INFO]    ✅ Turnstile resuelto
2026-04-12 15:43:55,615 [INFO]    ⏳ Turnstile detectado — esperando resolución automática...
2026-04-12 15:43:55,635 [INFO]    ✅ Turnstile resuelto
2026-04-12 15:44:07,587 [INFO]    ⏳ Turnstile detectado — esperando resolución automática...
2026-04-12 15:44:07,606 [INFO]    ✅ Turnstile resuelto
2026-04-12 15:44:18,784 [INFO]    ⏳ Turnstile detectado — esperando resolución automática...
2026-04-12 15:44:18,822 [INFO]    ✅ Turnstile resuelto
2026-04-12 15:44:30,040 [INFO]    ⏳ Turnstile detectado — esperando resolución automática...
2026-04-12 15:44:30,062 [INFO]    ✅ Turnstile resuelto
2026-04-12 15:44:42,001 [INFO]    ⏳ Turnstile detectado — esperando resolución automática...
2026-04-12 15:44:42,018 [INFO]    ✅ Turnstile resuelto
2026-04-12 15:44:53,972 [INFO]    ⏳ Turnstile detectado — esperando resolución automática...
2026-04-12 15:44:53,996 [INFO]    ✅ Turnstile resuelto
2026-04-12 15:45:04,187 [INFO]    ⏳ Turnstile detectado — esperando resolución automática...
2026-04-12 15:45:04,204 [INFO]    ✅ Turnstile resuelto
2026-04-12 15:45:15,277 [INFO]    ⏳ Turnstile detectado — esperando resolución automática...
2026-04-12 15:45:15,296 [INFO]    ✅ Turnstile resuelto
2026-04-12 15:45:24,477 [INFO]    ⏳ Turnstile detectado — esperando resolución automática...
2026-04-12 15:45:24,495 [INFO]    ✅ Turnstile resuelto
2026-04-12 15:45:34,808 [INFO]    ⏳ Turnstile detectado — esperando resolución automática...
2026-04-12 15:45:34,875 [INFO]    ✅ Turnstile resuelto
2026-04-12 15:45:38,402 [INFO]    Página 2/5 → https://www.opcionempleo.com.ar/trabajo-compras.html?p=2
2026-04-12 15:45:47,870 [INFO]    ⏳ Turnstile detectado — esperando resolución automática...
2026-04-12 15:45:47,889 [INFO]    ✅ Turnstile resuelto
2026-04-12 15:45:51,948 [INFO]    → 20 ofertas encontradas
2026-04-12 15:46:00,433 [INFO]    ⏳ Turnstile detectado — esperando resolución automática...
2026-04-12 15:46:00,483 [INFO]    ✅ Turnstile resuelto
2026-04-12 15:46:11,911 [INFO]    ⏳ Turnstile detectado — esperando resolución automática...
2026-04-12 15:46:11,928 [INFO]    ✅ Turnstile resuelto
2026-04-12 15:46:22,457 [INFO]    ⏳ Turnstile detectado — esperando resolución automática...
2026-04-12 15:46:22,480 [INFO]    ✅ Turnstile resuelto
2026-04-12 15:46:33,519 [INFO]    ⏳ Turnstile detectado — esperando resolución automática...
2026-04-12 15:46:33,536 [INFO]    ✅ Turnstile resuelto
2026-04-12 15:46:45,373 [INFO]    ⏳ Turnstile detectado — esperando resolución automática...
2026-04-12 15:46:45,392 [INFO]    ✅ Turnstile resuelto
2026-04-12 15:46:57,305 [INFO]    ⏳ Turnstile detectado — esperando resolución automática...
2026-04-12 15:46:57,322 [INFO]    ✅ Turnstile resuelto
2026-04-12 15:47:08,158 [INFO]    ⏳ Turnstile detectado — esperando resolución automática...
2026-04-12 15:47:08,178 [INFO]    ✅ Turnstile resuelto
2026-04-12 15:47:18,285 [INFO]    ⏳ Turnstile detectado — esperando resolución automática...
2026-04-12 15:47:18,303 [INFO]    ✅ Turnstile resuelto
2026-04-12 15:47:28,429 [INFO]    ⏳ Turnstile detectado — esperando resolución automática...
2026-04-12 15:47:28,448 [INFO]    ✅ Turnstile resuelto
2026-04-12 15:47:37,725 [INFO]    ⏳ Turnstile detectado — esperando resolución automática...
2026-04-12 15:47:37,743 [INFO]    ✅ Turnstile resuelto
2026-04-12 15:47:48,661 [INFO]    ⏳ Turnstile detectado — esperando resolución automática...
2026-04-12 15:47:48,702 [INFO]    ✅ Turnstile resuelto
2026-04-12 15:48:00,483 [INFO]    ⏳ Turnstile detectado — esperando resolución automática...
2026-04-12 15:48:00,502 [INFO]    ✅ Turnstile resuelto
2026-04-12 15:48:11,735 [INFO]    ⏳ Turnstile detectado — esperando resolución automática...
2026-04-12 15:48:11,753 [INFO]    ✅ Turnstile resuelto
2026-04-12 15:48:22,670 [INFO]    ⏳ Turnstile detectado — esperando resolución automática...
2026-04-12 15:48:22,687 [INFO]    ✅ Turnstile resuelto
2026-04-12 15:48:35,067 [INFO]    ⏳ Turnstile detectado — esperando resolución automática...
2026-04-12 15:48:35,083 [INFO]    ✅ Turnstile resuelto
2026-04-12 15:48:46,046 [INFO]    ⏳ Turnstile detectado — esperando resolución automática...
2026-04-12 15:48:46,067 [INFO]    ✅ Turnstile resuelto
2026-04-12 15:48:56,130 [INFO]    ⏳ Turnstile detectado — esperando resolución automática...
2026-04-12 15:48:56,151 [INFO]    ✅ Turnstile resuelto
2026-04-12 15:49:06,006 [INFO]    ⏳ Turnstile detectado — esperando resolución automática...
2026-04-12 15:49:06,030 [INFO]    ✅ Turnstile resuelto
2026-04-12 15:49:16,884 [INFO]    ⏳ Turnstile detectado — esperando resolución automática...
2026-04-12 15:49:16,901 [INFO]    ✅ Turnstile resuelto
2026-04-12 15:49:28,854 [INFO]    ⏳ Turnstile detectado — esperando resolución automática...
2026-04-12 15:49:28,874 [INFO]    ✅ Turnstile resuelto
2026-04-12 15:49:32,779 [INFO]    Página 3/5 → https://www.opcionempleo.com.ar/trabajo-compras.html?p=3
2026-04-12 15:49:41,687 [INFO]    ⏳ Turnstile detectado — esperando resolución automática...
2026-04-12 15:49:41,707 [INFO]    ✅ Turnstile resuelto
2026-04-12 15:49:45,644 [INFO]    → 20 ofertas encontradas
2026-04-12 15:49:53,404 [INFO]    ⏳ Turnstile detectado — esperando resolución automática...
2026-04-12 15:49:53,425 [INFO]    ✅ Turnstile resuelto
2026-04-12 15:50:04,051 [INFO]    ⏳ Turnstile detectado — esperando resolución automática...
2026-04-12 15:50:04,068 [INFO]    ✅ Turnstile resuelto
2026-04-12 15:50:15,628 [INFO]    ⏳ Turnstile detectado — esperando resolución automática...
2026-04-12 15:50:15,646 [INFO]    ✅ Turnstile resuelto
2026-04-12 15:50:26,472 [INFO]    ⏳ Turnstile detectado — esperando resolución automática...
2026-04-12 15:50:26,489 [INFO]    ✅ Turnstile resuelto
2026-04-12 15:50:36,514 [INFO]    ⏳ Turnstile detectado — esperando resolución automática...
2026-04-12 15:50:36,535 [INFO]    ✅ Turnstile resuelto
2026-04-12 15:50:47,093 [INFO]    ⏳ Turnstile detectado — esperando resolución automática...
2026-04-12 15:50:47,110 [INFO]    ✅ Turnstile resuelto
2026-04-12 15:50:58,190 [INFO]    ⏳ Turnstile detectado — esperando resolución automática...
2026-04-12 15:50:58,209 [INFO]    ✅ Turnstile resuelto
2026-04-12 15:51:08,772 [INFO]    ⏳ Turnstile detectado — esperando resolución automática...
2026-04-12 15:51:08,789 [INFO]    ✅ Turnstile resuelto
2026-04-12 15:51:19,905 [INFO]    ⏳ Turnstile detectado — esperando resolución automática...
2026-04-12 15:51:19,925 [INFO]    ✅ Turnstile resuelto
2026-04-12 15:51:31,011 [INFO]    ⏳ Turnstile detectado — esperando resolución automática...
2026-04-12 15:51:31,029 [INFO]    ✅ Turnstile resuelto
2026-04-12 15:51:41,331 [INFO]    ⏳ Turnstile detectado — esperando resolución automática...
2026-04-12 15:51:41,350 [INFO]    ✅ Turnstile resuelto
2026-04-12 15:51:51,448 [INFO]    ⏳ Turnstile detectado — esperando resolución automática...
2026-04-12 15:51:51,468 [INFO]    ✅ Turnstile resuelto
2026-04-12 15:52:02,098 [INFO]    ⏳ Turnstile detectado — esperando resolución automática...
2026-04-12 15:52:02,116 [INFO]    ✅ Turnstile resuelto
2026-04-12 15:52:13,488 [INFO]    ⏳ Turnstile detectado — esperando resolución automática...
2026-04-12 15:52:13,505 [INFO]    ✅ Turnstile resuelto
2026-04-12 15:52:24,807 [INFO]    ⏳ Turnstile detectado — esperando resolución automática...
2026-04-12 15:52:24,824 [INFO]    ✅ Turnstile resuelto
2026-04-12 15:52:36,830 [INFO]    ⏳ Turnstile detectado — esperando resolución automática...
2026-04-12 15:52:36,849 [INFO]    ✅ Turnstile resuelto
2026-04-12 15:52:47,591 [INFO]    ⏳ Turnstile detectado — esperando resolución automática...
2026-04-12 15:52:47,608 [INFO]    ✅ Turnstile resuelto
2026-04-12 15:52:58,109 [INFO]    ⏳ Turnstile detectado — esperando resolución automática...
2026-04-12 15:52:58,127 [INFO]    ✅ Turnstile resuelto
2026-04-12 15:53:08,576 [INFO]    ⏳ Turnstile detectado — esperando resolución automática...
2026-04-12 15:53:08,598 [INFO]    ✅ Turnstile resuelto
2026-04-12 15:53:21,098 [INFO]    ⏳ Turnstile detectado — esperando resolución automática...
2026-04-12 15:53:21,116 [INFO]    ✅ Turnstile resuelto
2026-04-12 15:53:24,584 [INFO]    Página 4/5 → https://www.opcionempleo.com.ar/trabajo-compras.html?p=4
2026-04-12 15:53:33,290 [INFO]    ⏳ Turnstile detectado — esperando resolución automática...
2026-04-12 15:53:33,327 [INFO]    ✅ Turnstile resuelto
2026-04-12 15:53:37,066 [INFO]    → 20 ofertas encontradas
2026-04-12 15:53:44,481 [INFO]    ⏳ Turnstile detectado — esperando resolución automática...
2026-04-12 15:53:44,498 [INFO]    ✅ Turnstile resuelto
2026-04-12 15:53:55,200 [INFO]    ⏳ Turnstile detectado — esperando resolución automática...
2026-04-12 15:53:55,217 [INFO]    ✅ Turnstile resuelto
2026-04-12 15:54:04,580 [INFO]    ⏳ Turnstile detectado — esperando resolución automática...
2026-04-12 15:54:04,599 [INFO]    ✅ Turnstile resuelto
2026-04-12 15:54:16,289 [INFO]    ⏳ Turnstile detectado — esperando resolución automática...
2026-04-12 15:54:16,311 [INFO]    ✅ Turnstile resuelto
2026-04-12 15:54:26,989 [INFO]    ⏳ Turnstile detectado — esperando resolución automática...
2026-04-12 15:54:27,007 [INFO]    ✅ Turnstile resuelto
2026-04-12 15:54:37,671 [INFO]    ⏳ Turnstile detectado — esperando resolución automática...
2026-04-12 15:54:37,688 [INFO]    ✅ Turnstile resuelto
2026-04-12 15:54:47,904 [INFO]    ⏳ Turnstile detectado — esperando resolución automática...
2026-04-12 15:54:47,920 [INFO]    ✅ Turnstile resuelto
2026-04-12 15:54:58,499 [INFO]    ⏳ Turnstile detectado — esperando resolución automática...
2026-04-12 15:54:58,516 [INFO]    ✅ Turnstile resuelto
2026-04-12 15:55:09,924 [INFO]    ⏳ Turnstile detectado — esperando resolución automática...
2026-04-12 15:55:09,944 [INFO]    ✅ Turnstile resuelto
2026-04-12 15:55:20,957 [INFO]    ⏳ Turnstile detectado — esperando resolución automática...
2026-04-12 15:55:20,978 [INFO]    ✅ Turnstile resuelto
2026-04-12 15:55:31,427 [INFO]    ⏳ Turnstile detectado — esperando resolución automática...
2026-04-12 15:55:31,444 [INFO]    ✅ Turnstile resuelto
2026-04-12 15:55:42,883 [INFO]    ⏳ Turnstile detectado — esperando resolución automática...
2026-04-12 15:55:42,928 [INFO]    ✅ Turnstile resuelto
2026-04-12 15:55:54,483 [INFO]    ⏳ Turnstile detectado — esperando resolución automática...
2026-04-12 15:55:54,500 [INFO]    ✅ Turnstile resuelto
2026-04-12 15:56:04,540 [INFO]    ⏳ Turnstile detectado — esperando resolución automática...
2026-04-12 15:56:04,566 [INFO]    ✅ Turnstile resuelto
2026-04-12 15:56:15,251 [INFO]    ⏳ Turnstile detectado — esperando resolución automática...
2026-04-12 15:56:15,267 [INFO]    ✅ Turnstile resuelto
2026-04-12 15:56:25,341 [INFO]    ⏳ Turnstile detectado — esperando resolución automática...
2026-04-12 15:56:25,362 [INFO]    ✅ Turnstile resuelto
2026-04-12 15:56:37,856 [INFO]    ⏳ Turnstile detectado — esperando resolución automática...
2026-04-12 15:56:37,874 [INFO]    ✅ Turnstile resuelto
2026-04-12 15:56:49,660 [INFO]    ⏳ Turnstile detectado — esperando resolución automática...
2026-04-12 15:56:49,677 [INFO]    ✅ Turnstile resuelto
2026-04-12 15:57:00,643 [INFO]    ⏳ Turnstile detectado — esperando resolución automática...
2026-04-12 15:57:00,662 [INFO]    ✅ Turnstile resuelto
2026-04-12 15:57:10,648 [INFO]    ⏳ Turnstile detectado — esperando resolución automática...
2026-04-12 15:57:10,665 [INFO]    ✅ Turnstile resuelto
2026-04-12 15:57:14,688 [INFO]    Página 5/5 → https://www.opcionempleo.com.ar/trabajo-compras.html?p=5
2026-04-12 15:57:23,346 [INFO]    ⏳ Turnstile detectado — esperando resolución automática...
2026-04-12 15:57:23,377 [INFO]    ✅ Turnstile resuelto
2026-04-12 15:57:27,389 [INFO]    → 20 ofertas encontradas
2026-04-12 15:57:34,825 [INFO]    ⏳ Turnstile detectado — esperando resolución automática...
2026-04-12 15:57:34,843 [INFO]    ✅ Turnstile resuelto
2026-04-12 15:57:45,439 [INFO]    ⏳ Turnstile detectado — esperando resolución automática...
2026-04-12 15:57:45,456 [INFO]    ✅ Turnstile resuelto
2026-04-12 15:57:55,625 [INFO]    ⏳ Turnstile detectado — esperando resolución automática...
2026-04-12 15:57:55,643 [INFO]    ✅ Turnstile resuelto
2026-04-12 15:58:06,896 [INFO]    ⏳ Turnstile detectado — esperando resolución automática...
2026-04-12 15:58:06,918 [INFO]    ✅ Turnstile resuelto
2026-04-12 15:58:18,761 [INFO]    ⏳ Turnstile detectado — esperando resolución automática...
2026-04-12 15:58:18,779 [INFO]    ✅ Turnstile resuelto
2026-04-12 15:58:28,366 [INFO]    ⏳ Turnstile detectado — esperando resolución automática...
2026-04-12 15:58:28,384 [INFO]    ✅ Turnstile resuelto
2026-04-12 15:58:39,715 [INFO]    ⏳ Turnstile detectado — esperando resolución automática...
2026-04-12 15:58:39,733 [INFO]    ✅ Turnstile resuelto
2026-04-12 15:58:51,317 [INFO]    ⏳ Turnstile detectado — esperando resolución automática...
2026-04-12 15:58:51,339 [INFO]    ✅ Turnstile resuelto
2026-04-12 15:59:01,456 [INFO]    ⏳ Turnstile detectado — esperando resolución automática...
2026-04-12 15:59:01,475 [INFO]    ✅ Turnstile resuelto
2026-04-12 15:59:10,937 [INFO]    ⏳ Turnstile detectado — esperando resolución automática...
2026-04-12 15:59:10,955 [INFO]    ✅ Turnstile resuelto
2026-04-12 15:59:20,596 [INFO]    ⏳ Turnstile detectado — esperando resolución automática...
2026-04-12 15:59:20,615 [INFO]    ✅ Turnstile resuelto
2026-04-12 15:59:30,725 [INFO]    ⏳ Turnstile detectado — esperando resolución automática...
2026-04-12 15:59:30,742 [INFO]    ✅ Turnstile resuelto
2026-04-12 15:59:41,581 [INFO]    ⏳ Turnstile detectado — esperando resolución automática...
2026-04-12 15:59:41,601 [INFO]    ✅ Turnstile resuelto
2026-04-12 15:59:53,189 [INFO]    ⏳ Turnstile detectado — esperando resolución automática...
2026-04-12 15:59:53,207 [INFO]    ✅ Turnstile resuelto
2026-04-12 16:00:03,170 [INFO]    ⏳ Turnstile detectado — esperando resolución automática...
2026-04-12 16:00:03,193 [INFO]    ✅ Turnstile resuelto
2026-04-12 16:00:14,935 [INFO]    ⏳ Turnstile detectado — esperando resolución automática...
2026-04-12 16:00:14,952 [INFO]    ✅ Turnstile resuelto
2026-04-12 16:00:24,679 [INFO]    ⏳ Turnstile detectado — esperando resolución automática...
2026-04-12 16:00:24,697 [INFO]    ✅ Turnstile resuelto
2026-04-12 16:00:36,096 [INFO]    ⏳ Turnstile detectado — esperando resolución automática...
2026-04-12 16:00:36,115 [INFO]    ✅ Turnstile resuelto
2026-04-12 16:00:47,030 [INFO]    ⏳ Turnstile detectado — esperando resolución automática...
2026-04-12 16:00:47,048 [INFO]    ✅ Turnstile resuelto
2026-04-12 16:00:59,010 [INFO]    ⏳ Turnstile detectado — esperando resolución automática...
2026-04-12 16:00:59,028 [INFO]    ✅ Turnstile resuelto
2026-04-12 16:01:02,642 [INFO] Exportadas 100 ofertas → /media/carlos-a-cicconi/Common1/Repositorios-Ing.Carlos-Cicconi/Trabajo_Final_MCD/data/raw/opcionempleo_20260412.csv
2026-04-12 16:01:02,642 [INFO] ✅ 'Compras / Procurement': 100 ofertas guardadas
2026-04-12 16:01:02,642 [INFO]    💤 Pausa: 10.4s
2026-04-12 16:01:13,063 [INFO] 
🔍 Buscando: 'Ingeniero Industrial'
2026-04-12 16:01:13,063 [INFO]    Página 1/5 → https://www.opcionempleo.com.ar/trabajo-ingeniero-industrial.html
2026-04-12 16:01:21,841 [INFO]    ⏳ Turnstile detectado — esperando resolución automática...
2026-04-12 16:01:21,864 [INFO]    ✅ Turnstile resuelto
2026-04-12 16:01:25,957 [INFO]    → 20 ofertas encontradas
2026-04-12 16:01:33,721 [INFO]    ⏳ Turnstile detectado — esperando resolución automática...
2026-04-12 16:01:33,739 [INFO]    ✅ Turnstile resuelto
2026-04-12 16:01:45,116 [INFO]    ⏳ Turnstile detectado — esperando resolución automática...
2026-04-12 16:01:45,135 [INFO]    ✅ Turnstile resuelto
2026-04-12 16:01:56,866 [INFO]    ⏳ Turnstile detectado — esperando resolución automática...
2026-04-12 16:01:56,884 [INFO]    ✅ Turnstile resuelto
2026-04-12 16:02:08,559 [INFO]    ⏳ Turnstile detectado — esperando resolución automática...
2026-04-12 16:02:08,578 [INFO]    ✅ Turnstile resuelto
2026-04-12 16:02:19,188 [INFO]    ⏳ Turnstile detectado — esperando resolución automática...
2026-04-12 16:02:19,207 [INFO]    ✅ Turnstile resuelto
2026-04-12 16:02:29,866 [INFO]    ⏳ Turnstile detectado — esperando resolución automática...
2026-04-12 16:02:29,888 [INFO]    ✅ Turnstile resuelto
2026-04-12 16:02:40,996 [INFO]    ⏳ Turnstile detectado — esperando resolución automática...
2026-04-12 16:02:41,013 [INFO]    ✅ Turnstile resuelto
2026-04-12 16:02:50,729 [INFO]    ⏳ Turnstile detectado — esperando resolución automática...
2026-04-12 16:02:50,772 [INFO]    ✅ Turnstile resuelto
2026-04-12 16:03:01,031 [INFO]    ⏳ Turnstile detectado — esperando resolución automática...
2026-04-12 16:03:01,049 [INFO]    ✅ Turnstile resuelto
2026-04-12 16:03:12,835 [INFO]    ⏳ Turnstile detectado — esperando resolución automática...
2026-04-12 16:03:12,855 [INFO]    ✅ Turnstile resuelto
2026-04-12 16:03:23,914 [INFO]    ⏳ Turnstile detectado — esperando resolución automática...
2026-04-12 16:03:23,931 [INFO]    ✅ Turnstile resuelto
2026-04-12 16:03:35,165 [INFO]    ⏳ Turnstile detectado — esperando resolución automática...
2026-04-12 16:03:35,189 [INFO]    ✅ Turnstile resuelto
2026-04-12 16:03:47,166 [INFO]    ⏳ Turnstile detectado — esperando resolución automática...
2026-04-12 16:03:47,184 [INFO]    ✅ Turnstile resuelto
2026-04-12 16:03:58,098 [INFO]    ⏳ Turnstile detectado — esperando resolución automática...
2026-04-12 16:03:58,116 [INFO]    ✅ Turnstile resuelto
2026-04-12 16:04:08,440 [INFO]    ⏳ Turnstile detectado — esperando resolución automática...
2026-04-12 16:04:08,459 [INFO]    ✅ Turnstile resuelto
2026-04-12 16:04:19,495 [INFO]    ⏳ Turnstile detectado — esperando resolución automática...
2026-04-12 16:04:19,513 [INFO]    ✅ Turnstile resuelto
2026-04-12 16:04:31,174 [INFO]    ⏳ Turnstile detectado — esperando resolución automática...
2026-04-12 16:04:31,190 [INFO]    ✅ Turnstile resuelto
2026-04-12 16:04:42,009 [INFO]    ⏳ Turnstile detectado — esperando resolución automática...
2026-04-12 16:04:42,026 [INFO]    ✅ Turnstile resuelto
2026-04-12 16:04:54,000 [INFO]    ⏳ Turnstile detectado — esperando resolución automática...
2026-04-12 16:04:54,018 [INFO]    ✅ Turnstile resuelto
2026-04-12 16:05:05,232 [INFO]    ⏳ Turnstile detectado — esperando resolución automática...
2026-04-12 16:05:05,251 [INFO]    ✅ Turnstile resuelto
2026-04-12 16:05:09,180 [INFO]    Página 2/5 → https://www.opcionempleo.com.ar/trabajo-ingeniero-industrial.html?p=2
2026-04-12 16:05:18,276 [INFO]    ⏳ Turnstile detectado — esperando resolución automática...
2026-04-12 16:05:18,295 [INFO]    ✅ Turnstile resuelto
2026-04-12 16:05:22,463 [INFO]    → 19 ofertas encontradas
2026-04-12 16:05:29,344 [INFO]    ⏳ Turnstile detectado — esperando resolución automática...
2026-04-12 16:05:29,361 [INFO]    ✅ Turnstile resuelto
2026-04-12 16:05:40,833 [INFO]    ⏳ Turnstile detectado — esperando resolución automática...
2026-04-12 16:05:40,853 [INFO]    ✅ Turnstile resuelto
2026-04-12 16:05:51,833 [INFO]    ⏳ Turnstile detectado — esperando resolución automática...
2026-04-12 16:05:51,852 [INFO]    ✅ Turnstile resuelto
2026-04-12 16:06:02,579 [INFO]    ⏳ Turnstile detectado — esperando resolución automática...
2026-04-12 16:06:02,597 [INFO]    ✅ Turnstile resuelto
2026-04-12 16:06:14,107 [INFO]    ⏳ Turnstile detectado — esperando resolución automática...
2026-04-12 16:06:14,125 [INFO]    ✅ Turnstile resuelto
2026-04-12 16:06:26,321 [INFO]    ⏳ Turnstile detectado — esperando resolución automática...
2026-04-12 16:06:26,339 [INFO]    ✅ Turnstile resuelto
2026-04-12 16:06:36,710 [INFO]    ⏳ Turnstile detectado — esperando resolución automática...
2026-04-12 16:06:36,730 [INFO]    ✅ Turnstile resuelto
2026-04-12 16:06:48,609 [INFO]    ⏳ Turnstile detectado — esperando resolución automática...
2026-04-12 16:06:48,628 [INFO]    ✅ Turnstile resuelto
2026-04-12 16:06:59,169 [INFO]    ⏳ Turnstile detectado — esperando resolución automática...
2026-04-12 16:06:59,188 [INFO]    ✅ Turnstile resuelto
2026-04-12 16:07:10,827 [INFO]    ⏳ Turnstile detectado — esperando resolución automática...
2026-04-12 16:07:10,849 [INFO]    ✅ Turnstile resuelto
2026-04-12 16:07:21,613 [INFO]    ⏳ Turnstile detectado — esperando resolución automática...
2026-04-12 16:07:21,631 [INFO]    ✅ Turnstile resuelto
2026-04-12 16:07:31,104 [INFO]    ⏳ Turnstile detectado — esperando resolución automática...
2026-04-12 16:07:31,121 [INFO]    ✅ Turnstile resuelto
2026-04-12 16:07:41,343 [INFO]    ⏳ Turnstile detectado — esperando resolución automática...
2026-04-12 16:07:41,362 [INFO]    ✅ Turnstile resuelto
2026-04-12 16:07:52,873 [INFO]    ⏳ Turnstile detectado — esperando resolución automática...
2026-04-12 16:07:52,889 [INFO]    ✅ Turnstile resuelto
2026-04-12 16:08:04,035 [INFO]    ⏳ Turnstile detectado — esperando resolución automática...
2026-04-12 16:08:04,052 [INFO]    ✅ Turnstile resuelto
2026-04-12 16:08:14,196 [INFO]    ⏳ Turnstile detectado — esperando resolución automática...
2026-04-12 16:08:14,217 [INFO]    ✅ Turnstile resuelto
2026-04-12 16:08:23,804 [INFO]    ⏳ Turnstile detectado — esperando resolución automática...
2026-04-12 16:08:23,820 [INFO]    ✅ Turnstile resuelto
2026-04-12 16:08:34,059 [INFO]    ⏳ Turnstile detectado — esperando resolución automática...
2026-04-12 16:08:34,078 [INFO]    ✅ Turnstile resuelto
2026-04-12 16:08:45,827 [INFO]    ⏳ Turnstile detectado — esperando resolución automática...
2026-04-12 16:08:45,845 [INFO]    ✅ Turnstile resuelto
2026-04-12 16:08:49,298 [INFO]    Página 3/5 → https://www.opcionempleo.com.ar/trabajo-ingeniero-industrial.html?p=3
2026-04-12 16:08:59,154 [INFO]    ⏳ Turnstile detectado — esperando resolución automática...
2026-04-12 16:08:59,174 [INFO]    ✅ Turnstile resuelto
2026-04-12 16:09:03,302 [INFO]    → 20 ofertas encontradas
2026-04-12 16:09:11,864 [INFO]    ⏳ Turnstile detectado — esperando resolución automática...
2026-04-12 16:09:11,882 [INFO]    ✅ Turnstile resuelto
2026-04-12 16:09:23,843 [INFO]    ⏳ Turnstile detectado — esperando resolución automática...
2026-04-12 16:09:23,862 [INFO]    ✅ Turnstile resuelto
2026-04-12 16:09:33,983 [INFO]    ⏳ Turnstile detectado — esperando resolución automática...
2026-04-12 16:09:34,002 [INFO]    ✅ Turnstile resuelto
2026-04-12 16:09:43,680 [INFO]    ⏳ Turnstile detectado — esperando resolución automática...
2026-04-12 16:09:43,697 [INFO]    ✅ Turnstile resuelto
2026-04-12 16:09:54,947 [INFO]    ⏳ Turnstile detectado — esperando resolución automática...
2026-04-12 16:09:54,964 [INFO]    ✅ Turnstile resuelto
2026-04-12 16:10:06,954 [INFO]    ⏳ Turnstile detectado — esperando resolución automática...
2026-04-12 16:10:06,984 [INFO]    ✅ Turnstile resuelto
2026-04-12 16:10:17,893 [INFO]    ⏳ Turnstile detectado — esperando resolución automática...
2026-04-12 16:10:17,911 [INFO]    ✅ Turnstile resuelto
2026-04-12 16:10:29,454 [INFO]    ⏳ Turnstile detectado — esperando resolución automática...
2026-04-12 16:10:29,473 [INFO]    ✅ Turnstile resuelto
2026-04-12 16:10:39,594 [INFO]    ⏳ Turnstile detectado — esperando resolución automática...
2026-04-12 16:10:39,612 [INFO]    ✅ Turnstile resuelto
2026-04-12 16:10:48,989 [INFO]    ⏳ Turnstile detectado — esperando resolución automática...
2026-04-12 16:10:49,008 [INFO]    ✅ Turnstile resuelto
2026-04-12 16:10:59,990 [INFO]    ⏳ Turnstile detectado — esperando resolución automática...
2026-04-12 16:11:00,009 [INFO]    ✅ Turnstile resuelto
2026-04-12 16:11:10,077 [INFO]    ⏳ Turnstile detectado — esperando resolución automática...
2026-04-12 16:11:10,094 [INFO]    ✅ Turnstile resuelto
2026-04-12 16:11:21,779 [INFO]    ⏳ Turnstile detectado — esperando resolución automática...
2026-04-12 16:11:21,796 [INFO]    ✅ Turnstile resuelto
2026-04-12 16:11:32,347 [INFO]    ⏳ Turnstile detectado — esperando resolución automática...
2026-04-12 16:11:32,366 [INFO]    ✅ Turnstile resuelto
2026-04-12 16:11:43,004 [INFO]    ⏳ Turnstile detectado — esperando resolución automática...
2026-04-12 16:11:43,022 [INFO]    ✅ Turnstile resuelto
2026-04-12 16:11:55,263 [INFO]    ⏳ Turnstile detectado — esperando resolución automática...
2026-04-12 16:11:55,279 [INFO]    ✅ Turnstile resuelto
2026-04-12 16:12:05,502 [INFO]    ⏳ Turnstile detectado — esperando resolución automática...
2026-04-12 16:12:05,520 [INFO]    ✅ Turnstile resuelto
2026-04-12 16:12:16,694 [INFO]    ⏳ Turnstile detectado — esperando resolución automática...
2026-04-12 16:12:16,714 [INFO]    ✅ Turnstile resuelto
2026-04-12 16:12:26,663 [INFO]    ⏳ Turnstile detectado — esperando resolución automática...
2026-04-12 16:12:26,681 [INFO]    ✅ Turnstile resuelto
2026-04-12 16:12:37,144 [INFO]    ⏳ Turnstile detectado — esperando resolución automática...
2026-04-12 16:12:37,161 [INFO]    ✅ Turnstile resuelto
2026-04-12 16:12:40,263 [INFO]    Página 4/5 → https://www.opcionempleo.com.ar/trabajo-ingeniero-industrial.html?p=4
2026-04-12 16:12:50,068 [INFO]    ⏳ Turnstile detectado — esperando resolución automática...
2026-04-12 16:12:50,088 [INFO]    ✅ Turnstile resuelto
2026-04-12 16:12:53,954 [INFO]    → 19 ofertas encontradas
2026-04-12 16:13:00,513 [INFO]    ⏳ Turnstile detectado — esperando resolución automática...
2026-04-12 16:13:00,533 [INFO]    ✅ Turnstile resuelto
2026-04-12 16:13:12,675 [INFO]    ⏳ Turnstile detectado — esperando resolución automática...
2026-04-12 16:13:12,693 [INFO]    ✅ Turnstile resuelto
2026-04-12 16:13:22,839 [INFO]    ⏳ Turnstile detectado — esperando resolución automática...
2026-04-12 16:13:22,857 [INFO]    ✅ Turnstile resuelto
2026-04-12 16:13:33,582 [INFO]    ⏳ Turnstile detectado — esperando resolución automática...
2026-04-12 16:13:33,600 [INFO]    ✅ Turnstile resuelto
2026-04-12 16:13:43,695 [INFO]    ⏳ Turnstile detectado — esperando resolución automática...
2026-04-12 16:13:43,713 [INFO]    ✅ Turnstile resuelto
2026-04-12 16:13:56,090 [INFO]    ⏳ Turnstile detectado — esperando resolución automática...
2026-04-12 16:13:56,109 [INFO]    ✅ Turnstile resuelto
2026-04-12 16:14:07,593 [INFO]    ⏳ Turnstile detectado — esperando resolución automática...
2026-04-12 16:14:07,613 [INFO]    ✅ Turnstile resuelto
2026-04-12 16:14:17,626 [INFO]    ⏳ Turnstile detectado — esperando resolución automática...
2026-04-12 16:14:17,646 [INFO]    ✅ Turnstile resuelto
2026-04-12 16:14:27,342 [INFO]    ⏳ Turnstile detectado — esperando resolución automática...
2026-04-12 16:14:27,363 [INFO]    ✅ Turnstile resuelto
2026-04-12 16:14:39,149 [INFO]    ⏳ Turnstile detectado — esperando resolución automática...
2026-04-12 16:14:39,166 [INFO]    ✅ Turnstile resuelto
2026-04-12 16:14:50,945 [INFO]    ⏳ Turnstile detectado — esperando resolución automática...
2026-04-12 16:14:50,963 [INFO]    ✅ Turnstile resuelto
2026-04-12 16:15:02,936 [INFO]    ⏳ Turnstile detectado — esperando resolución automática...
2026-04-12 16:15:02,952 [INFO]    ✅ Turnstile resuelto
2026-04-12 16:15:13,200 [INFO]    ⏳ Turnstile detectado — esperando resolución automática...
2026-04-12 16:15:13,217 [INFO]    ✅ Turnstile resuelto
2026-04-12 16:15:22,855 [INFO]    ⏳ Turnstile detectado — esperando resolución automática...
2026-04-12 16:15:22,874 [INFO]    ✅ Turnstile resuelto
2026-04-12 16:15:34,191 [INFO]    ⏳ Turnstile detectado — esperando resolución automática...
2026-04-12 16:15:34,210 [INFO]    ✅ Turnstile resuelto
2026-04-12 16:15:45,831 [INFO]    ⏳ Turnstile detectado — esperando resolución automática...
2026-04-12 16:15:45,848 [INFO]    ✅ Turnstile resuelto
2026-04-12 16:15:57,639 [INFO]    ⏳ Turnstile detectado — esperando resolución automática...
2026-04-12 16:15:57,658 [INFO]    ✅ Turnstile resuelto
2026-04-12 16:16:08,090 [INFO]    ⏳ Turnstile detectado — esperando resolución automática...
2026-04-12 16:16:08,109 [INFO]    ✅ Turnstile resuelto
2026-04-12 16:16:18,061 [INFO]    ⏳ Turnstile detectado — esperando resolución automática...
2026-04-12 16:16:18,082 [INFO]    ✅ Turnstile resuelto
2026-04-12 16:16:22,099 [INFO]    Página 5/5 → https://www.opcionempleo.com.ar/trabajo-ingeniero-industrial.html?p=5
2026-04-12 16:16:29,685 [INFO]    ⏳ Turnstile detectado — esperando resolución automática...
2026-04-12 16:16:29,706 [INFO]    ✅ Turnstile resuelto
2026-04-12 16:16:33,631 [INFO]    → 20 ofertas encontradas
2026-04-12 16:16:41,776 [INFO]    ⏳ Turnstile detectado — esperando resolución automática...
2026-04-12 16:16:41,793 [INFO]    ✅ Turnstile resuelto
2026-04-12 16:16:52,231 [INFO]    ⏳ Turnstile detectado — esperando resolución automática...
2026-04-12 16:16:52,249 [INFO]    ✅ Turnstile resuelto
2026-04-12 16:17:03,151 [INFO]    ⏳ Turnstile detectado — esperando resolución automática...
2026-04-12 16:17:03,169 [INFO]    ✅ Turnstile resuelto
2026-04-12 16:17:14,723 [INFO]    ⏳ Turnstile detectado — esperando resolución automática...
2026-04-12 16:17:14,776 [INFO]    ✅ Turnstile resuelto
2026-04-12 16:17:25,921 [INFO]    ⏳ Turnstile detectado — esperando resolución automática...
2026-04-12 16:17:25,939 [INFO]    ✅ Turnstile resuelto
2026-04-12 16:17:35,354 [INFO]    ⏳ Turnstile detectado — esperando resolución automática...
2026-04-12 16:17:35,373 [INFO]    ✅ Turnstile resuelto
2026-04-12 16:17:46,566 [INFO]    ⏳ Turnstile detectado — esperando resolución automática...
2026-04-12 16:17:46,584 [INFO]    ✅ Turnstile resuelto
2026-04-12 16:17:58,481 [INFO]    ⏳ Turnstile detectado — esperando resolución automática...
2026-04-12 16:17:58,501 [INFO]    ✅ Turnstile resuelto
2026-04-12 16:18:09,318 [INFO]    ⏳ Turnstile detectado — esperando resolución automática...
2026-04-12 16:18:09,336 [INFO]    ✅ Turnstile resuelto
2026-04-12 16:18:20,561 [INFO]    ⏳ Turnstile detectado — esperando resolución automática...
2026-04-12 16:18:20,582 [INFO]    ✅ Turnstile resuelto
2026-04-12 16:18:31,131 [INFO]    ⏳ Turnstile detectado — esperando resolución automática...
2026-04-12 16:18:31,151 [INFO]    ✅ Turnstile resuelto
2026-04-12 16:18:41,855 [INFO]    ⏳ Turnstile detectado — esperando resolución automática...
2026-04-12 16:18:41,872 [INFO]    ✅ Turnstile resuelto
2026-04-12 16:18:51,593 [INFO]    ⏳ Turnstile detectado — esperando resolución automática...
2026-04-12 16:18:51,633 [INFO]    ✅ Turnstile resuelto
2026-04-12 16:19:02,459 [INFO]    ⏳ Turnstile detectado — esperando resolución automática...
2026-04-12 16:19:02,477 [INFO]    ✅ Turnstile resuelto
2026-04-12 16:19:13,363 [INFO]    ⏳ Turnstile detectado — esperando resolución automática...
2026-04-12 16:19:13,385 [INFO]    ✅ Turnstile resuelto
2026-04-12 16:19:24,311 [INFO]    ⏳ Turnstile detectado — esperando resolución automática...
2026-04-12 16:19:24,328 [INFO]    ✅ Turnstile resuelto
2026-04-12 16:19:35,254 [INFO]    ⏳ Turnstile detectado — esperando resolución automática...
2026-04-12 16:19:35,277 [INFO]    ✅ Turnstile resuelto
2026-04-12 16:19:45,761 [INFO]    ⏳ Turnstile detectado — esperando resolución automática...
2026-04-12 16:19:45,778 [INFO]    ✅ Turnstile resuelto
2026-04-12 16:19:56,568 [INFO]    ⏳ Turnstile detectado — esperando resolución automática...
2026-04-12 16:19:56,586 [INFO]    ✅ Turnstile resuelto
2026-04-12 16:20:08,114 [INFO]    ⏳ Turnstile detectado — esperando resolución automática...
2026-04-12 16:20:08,133 [INFO]    ✅ Turnstile resuelto
2026-04-12 16:20:12,040 [INFO] Exportadas 98 ofertas → /media/carlos-a-cicconi/Common1/Repositorios-Ing.Carlos-Cicconi/Trabajo_Final_MCD/data/raw/opcionempleo_20260412.csv
2026-04-12 16:20:12,040 [INFO] ✅ 'Ingeniero Industrial': 98 ofertas guardadas
2026-04-12 16:20:12,040 [INFO]    💤 Pausa: 10.6s
2026-04-12 16:20:22,683 [INFO] 
🔍 Buscando: 'Finanzas / CAPEX'
2026-04-12 16:20:22,683 [INFO]    Página 1/5 → https://www.opcionempleo.com.ar/trabajo-finanzas.html
2026-04-12 16:20:32,506 [INFO]    ⏳ Turnstile detectado — esperando resolución automática...
2026-04-12 16:20:32,526 [INFO]    ✅ Turnstile resuelto
2026-04-12 16:20:36,911 [INFO]    → 19 ofertas encontradas
2026-04-12 16:20:43,946 [INFO]    ⏳ Turnstile detectado — esperando resolución automática...
2026-04-12 16:20:43,964 [INFO]    ✅ Turnstile resuelto
2026-04-12 16:20:55,483 [INFO]    ⏳ Turnstile detectado — esperando resolución automática...
2026-04-12 16:20:55,505 [INFO]    ✅ Turnstile resuelto
2026-04-12 16:21:05,067 [INFO]    ⏳ Turnstile detectado — esperando resolución automática...
2026-04-12 16:21:05,084 [INFO]    ✅ Turnstile resuelto
2026-04-12 16:21:15,888 [INFO]    ⏳ Turnstile detectado — esperando resolución automática...
2026-04-12 16:21:15,929 [INFO]    ✅ Turnstile resuelto
2026-04-12 16:21:28,411 [INFO]    ⏳ Turnstile detectado — esperando resolución automática...
2026-04-12 16:21:28,429 [INFO]    ✅ Turnstile resuelto
2026-04-12 16:21:38,087 [INFO]    ⏳ Turnstile detectado — esperando resolución automática...
2026-04-12 16:21:38,105 [INFO]    ✅ Turnstile resuelto
2026-04-12 16:21:49,435 [INFO]    ⏳ Turnstile detectado — esperando resolución automática...
2026-04-12 16:21:49,453 [INFO]    ✅ Turnstile resuelto
2026-04-12 16:21:59,761 [INFO]    ⏳ Turnstile detectado — esperando resolución automática...
2026-04-12 16:21:59,782 [INFO]    ✅ Turnstile resuelto
2026-04-12 16:22:11,851 [INFO]    ⏳ Turnstile detectado — esperando resolución automática...
2026-04-12 16:22:11,869 [INFO]    ✅ Turnstile resuelto
2026-04-12 16:22:23,301 [INFO]    ⏳ Turnstile detectado — esperando resolución automática...
2026-04-12 16:22:23,319 [INFO]    ✅ Turnstile resuelto
2026-04-12 16:22:33,720 [INFO]    ⏳ Turnstile detectado — esperando resolución automática...
2026-04-12 16:22:33,751 [INFO]    ✅ Turnstile resuelto
2026-04-12 16:22:44,573 [INFO]    ⏳ Turnstile detectado — esperando resolución automática...
2026-04-12 16:22:44,594 [INFO]    ✅ Turnstile resuelto
2026-04-12 16:22:55,427 [INFO]    ⏳ Turnstile detectado — esperando resolución automática...
2026-04-12 16:22:55,445 [INFO]    ✅ Turnstile resuelto
2026-04-12 16:23:06,415 [INFO]    ⏳ Turnstile detectado — esperando resolución automática...
2026-04-12 16:23:06,433 [INFO]    ✅ Turnstile resuelto
2026-04-12 16:23:19,046 [INFO]    ⏳ Turnstile detectado — esperando resolución automática...
2026-04-12 16:23:19,063 [INFO]    ✅ Turnstile resuelto
2026-04-12 16:23:28,631 [INFO]    ⏳ Turnstile detectado — esperando resolución automática...
2026-04-12 16:23:28,648 [INFO]    ✅ Turnstile resuelto
2026-04-12 16:23:40,179 [INFO]    ⏳ Turnstile detectado — esperando resolución automática...
2026-04-12 16:23:40,196 [INFO]    ✅ Turnstile resuelto
2026-04-12 16:23:49,808 [INFO]    ⏳ Turnstile detectado — esperando resolución automática...
2026-04-12 16:23:49,826 [INFO]    ✅ Turnstile resuelto
2026-04-12 16:23:59,710 [INFO]    ⏳ Turnstile detectado — esperando resolución automática...
2026-04-12 16:23:59,728 [INFO]    ✅ Turnstile resuelto
2026-04-12 16:24:03,595 [INFO]    Página 2/5 → https://www.opcionempleo.com.ar/trabajo-finanzas.html?p=2
2026-04-12 16:24:13,560 [INFO]    ⏳ Turnstile detectado — esperando resolución automática...
2026-04-12 16:24:13,610 [INFO]    ✅ Turnstile resuelto
2026-04-12 16:24:18,108 [INFO]    → 17 ofertas encontradas
2026-04-12 16:24:25,142 [INFO]    ⏳ Turnstile detectado — esperando resolución automática...
2026-04-12 16:24:25,162 [INFO]    ✅ Turnstile resuelto
2026-04-12 16:24:37,169 [INFO]    ⏳ Turnstile detectado — esperando resolución automática...
2026-04-12 16:24:37,188 [INFO]    ✅ Turnstile resuelto
2026-04-12 16:24:47,430 [INFO]    ⏳ Turnstile detectado — esperando resolución automática...
2026-04-12 16:24:47,449 [INFO]    ✅ Turnstile resuelto
2026-04-12 16:24:58,541 [INFO]    ⏳ Turnstile detectado — esperando resolución automática...
2026-04-12 16:24:58,559 [INFO]    ✅ Turnstile resuelto
2026-04-12 16:25:10,622 [INFO]    ⏳ Turnstile detectado — esperando resolución automática...
2026-04-12 16:25:10,643 [INFO]    ✅ Turnstile resuelto
2026-04-12 16:25:21,548 [INFO]    ⏳ Turnstile detectado — esperando resolución automática...
2026-04-12 16:25:21,565 [INFO]    ✅ Turnstile resuelto
2026-04-12 16:25:31,930 [INFO]    ⏳ Turnstile detectado — esperando resolución automática...
2026-04-12 16:25:31,945 [INFO]    ✅ Turnstile resuelto
2026-04-12 16:25:43,473 [INFO]    ⏳ Turnstile detectado — esperando resolución automática...
2026-04-12 16:25:43,491 [INFO]    ✅ Turnstile resuelto
2026-04-12 16:25:53,708 [INFO]    ⏳ Turnstile detectado — esperando resolución automática...
2026-04-12 16:25:53,725 [INFO]    ✅ Turnstile resuelto
2026-04-12 16:26:04,364 [INFO]    ⏳ Turnstile detectado — esperando resolución automática...
2026-04-12 16:26:04,382 [INFO]    ✅ Turnstile resuelto
2026-04-12 16:26:14,186 [INFO]    ⏳ Turnstile detectado — esperando resolución automática...
2026-04-12 16:26:14,204 [INFO]    ✅ Turnstile resuelto
2026-04-12 16:26:25,982 [INFO]    ⏳ Turnstile detectado — esperando resolución automática...
2026-04-12 16:26:26,001 [INFO]    ✅ Turnstile resuelto
2026-04-12 16:26:35,479 [INFO]    ⏳ Turnstile detectado — esperando resolución automática...
2026-04-12 16:26:35,497 [INFO]    ✅ Turnstile resuelto
2026-04-12 16:26:46,474 [INFO]    ⏳ Turnstile detectado — esperando resolución automática...
2026-04-12 16:26:46,496 [INFO]    ✅ Turnstile resuelto
2026-04-12 16:26:55,867 [INFO]    ⏳ Turnstile detectado — esperando resolución automática...
2026-04-12 16:26:55,886 [INFO]    ✅ Turnstile resuelto
2026-04-12 16:27:06,213 [INFO]    ⏳ Turnstile detectado — esperando resolución automática...
2026-04-12 16:27:06,262 [INFO]    ✅ Turnstile resuelto
2026-04-12 16:27:18,585 [INFO]    ⏳ Turnstile detectado — esperando resolución automática...
2026-04-12 16:27:18,603 [INFO]    ✅ Turnstile resuelto
2026-04-12 16:27:22,311 [INFO]    Página 3/5 → https://www.opcionempleo.com.ar/trabajo-finanzas.html?p=3
2026-04-12 16:27:32,214 [INFO]    ⏳ Turnstile detectado — esperando resolución automática...
2026-04-12 16:27:32,234 [INFO]    ✅ Turnstile resuelto
2026-04-12 16:27:36,423 [INFO]    → 20 ofertas encontradas
2026-04-12 16:27:43,790 [INFO]    ⏳ Turnstile detectado — esperando resolución automática...
2026-04-12 16:27:43,807 [INFO]    ✅ Turnstile resuelto
2026-04-12 16:27:55,189 [INFO]    ⏳ Turnstile detectado — esperando resolución automática...
2026-04-12 16:27:55,205 [INFO]    ✅ Turnstile resuelto
2026-04-12 16:28:07,056 [INFO]    ⏳ Turnstile detectado — esperando resolución automática...
2026-04-12 16:28:07,073 [INFO]    ✅ Turnstile resuelto
2026-04-12 16:28:17,948 [INFO]    ⏳ Turnstile detectado — esperando resolución automática...
2026-04-12 16:28:17,967 [INFO]    ✅ Turnstile resuelto
2026-04-12 16:28:28,749 [INFO]    ⏳ Turnstile detectado — esperando resolución automática...
2026-04-12 16:28:28,768 [INFO]    ✅ Turnstile resuelto
2026-04-12 16:28:38,698 [INFO]    ⏳ Turnstile detectado — esperando resolución automática...
2026-04-12 16:28:38,719 [INFO]    ✅ Turnstile resuelto
2026-04-12 16:28:49,800 [INFO]    ⏳ Turnstile detectado — esperando resolución automática...
2026-04-12 16:28:49,818 [INFO]    ✅ Turnstile resuelto
2026-04-12 16:29:00,829 [INFO]    ⏳ Turnstile detectado — esperando resolución automática...
2026-04-12 16:29:00,850 [INFO]    ✅ Turnstile resuelto
2026-04-12 16:29:11,019 [INFO]    ⏳ Turnstile detectado — esperando resolución automática...
2026-04-12 16:29:11,035 [INFO]    ✅ Turnstile resuelto
2026-04-12 16:29:22,264 [INFO]    ⏳ Turnstile detectado — esperando resolución automática...
2026-04-12 16:29:22,281 [INFO]    ✅ Turnstile resuelto
2026-04-12 16:29:32,715 [INFO]    ⏳ Turnstile detectado — esperando resolución automática...
2026-04-12 16:29:32,736 [INFO]    ✅ Turnstile resuelto
2026-04-12 16:29:44,511 [INFO]    ⏳ Turnstile detectado — esperando resolución automática...
2026-04-12 16:29:44,528 [INFO]    ✅ Turnstile resuelto
2026-04-12 16:29:54,863 [INFO]    ⏳ Turnstile detectado — esperando resolución automática...
2026-04-12 16:29:54,902 [INFO]    ✅ Turnstile resuelto
2026-04-12 16:30:04,498 [INFO]    ⏳ Turnstile detectado — esperando resolución automática...
2026-04-12 16:30:04,517 [INFO]    ✅ Turnstile resuelto
2026-04-12 16:30:15,853 [INFO]    ⏳ Turnstile detectado — esperando resolución automática...
2026-04-12 16:30:15,875 [INFO]    ✅ Turnstile resuelto
2026-04-12 16:30:27,321 [INFO]    ⏳ Turnstile detectado — esperando resolución automática...
2026-04-12 16:30:27,342 [INFO]    ✅ Turnstile resuelto
2026-04-12 16:30:37,983 [INFO]    ⏳ Turnstile detectado — esperando resolución automática...
2026-04-12 16:30:38,002 [INFO]    ✅ Turnstile resuelto
2026-04-12 16:30:47,414 [INFO]    ⏳ Turnstile detectado — esperando resolución automática...
2026-04-12 16:30:47,433 [INFO]    ✅ Turnstile resuelto
2026-04-12 16:30:56,985 [INFO]    ⏳ Turnstile detectado — esperando resolución automática...
2026-04-12 16:30:57,005 [INFO]    ✅ Turnstile resuelto
2026-04-12 16:31:08,380 [INFO]    ⏳ Turnstile detectado — esperando resolución automática...
2026-04-12 16:31:08,397 [INFO]    ✅ Turnstile resuelto
2026-04-12 16:31:11,683 [INFO]    Página 4/5 → https://www.opcionempleo.com.ar/trabajo-finanzas.html?p=4
2026-04-12 16:31:21,478 [INFO]    ⏳ Turnstile detectado — esperando resolución automática...
2026-04-12 16:31:21,497 [INFO]    ✅ Turnstile resuelto
2026-04-12 16:31:25,925 [INFO]    → 20 ofertas encontradas
2026-04-12 16:31:32,485 [INFO]    ⏳ Turnstile detectado — esperando resolución automática...
2026-04-12 16:31:32,508 [INFO]    ✅ Turnstile resuelto
2026-04-12 16:31:42,832 [INFO]    ⏳ Turnstile detectado — esperando resolución automática...
2026-04-12 16:31:42,850 [INFO]    ✅ Turnstile resuelto
2026-04-12 16:31:54,443 [INFO]    ⏳ Turnstile detectado — esperando resolución automática...
2026-04-12 16:31:54,461 [INFO]    ✅ Turnstile resuelto
2026-04-12 16:32:04,268 [INFO]    ⏳ Turnstile detectado — esperando resolución automática...
2026-04-12 16:32:04,288 [INFO]    ✅ Turnstile resuelto
2026-04-12 16:32:14,639 [INFO]    ⏳ Turnstile detectado — esperando resolución automática...
2026-04-12 16:32:14,657 [INFO]    ✅ Turnstile resuelto
2026-04-12 16:32:25,171 [INFO]    ⏳ Turnstile detectado — esperando resolución automática...
2026-04-12 16:32:25,189 [INFO]    ✅ Turnstile resuelto
2026-04-12 16:32:36,639 [INFO]    ⏳ Turnstile detectado — esperando resolución automática...
2026-04-12 16:32:36,655 [INFO]    ✅ Turnstile resuelto
2026-04-12 16:32:46,765 [INFO]    ⏳ Turnstile detectado — esperando resolución automática...
2026-04-12 16:32:46,782 [INFO]    ✅ Turnstile resuelto
2026-04-12 16:32:57,664 [INFO]    ⏳ Turnstile detectado — esperando resolución automática...
2026-04-12 16:32:57,687 [INFO]    ✅ Turnstile resuelto
2026-04-12 16:33:08,106 [INFO]    ⏳ Turnstile detectado — esperando resolución automática...
2026-04-12 16:33:08,126 [INFO]    ✅ Turnstile resuelto
2026-04-12 16:33:18,365 [INFO]    ⏳ Turnstile detectado — esperando resolución automática...
2026-04-12 16:33:18,386 [INFO]    ✅ Turnstile resuelto
2026-04-12 16:33:28,702 [INFO]    ⏳ Turnstile detectado — esperando resolución automática...
2026-04-12 16:33:28,721 [INFO]    ✅ Turnstile resuelto
2026-04-12 16:33:39,620 [INFO]    ⏳ Turnstile detectado — esperando resolución automática...
2026-04-12 16:33:39,637 [INFO]    ✅ Turnstile resuelto
2026-04-12 16:33:49,637 [INFO]    ⏳ Turnstile detectado — esperando resolución automática...
2026-04-12 16:33:49,654 [INFO]    ✅ Turnstile resuelto
2026-04-12 16:33:59,801 [INFO]    ⏳ Turnstile detectado — esperando resolución automática...
2026-04-12 16:33:59,819 [INFO]    ✅ Turnstile resuelto
2026-04-12 16:34:11,807 [INFO]    ⏳ Turnstile detectado — esperando resolución automática...
2026-04-12 16:34:11,824 [INFO]    ✅ Turnstile resuelto
2026-04-12 16:34:22,221 [INFO]    ⏳ Turnstile detectado — esperando resolución automática...
2026-04-12 16:34:22,237 [INFO]    ✅ Turnstile resuelto
2026-04-12 16:34:34,721 [INFO]    ⏳ Turnstile detectado — esperando resolución automática...
2026-04-12 16:34:34,747 [INFO]    ✅ Turnstile resuelto
2026-04-12 16:34:45,781 [INFO]    ⏳ Turnstile detectado — esperando resolución automática...
2026-04-12 16:34:45,828 [INFO]    ✅ Turnstile resuelto
2026-04-12 16:34:56,856 [INFO]    ⏳ Turnstile detectado — esperando resolución automática...
2026-04-12 16:34:56,873 [INFO]    ✅ Turnstile resuelto
2026-04-12 16:35:00,040 [INFO]    Página 5/5 → https://www.opcionempleo.com.ar/trabajo-finanzas.html?p=5
2026-04-12 16:35:07,482 [INFO]    ⏳ Turnstile detectado — esperando resolución automática...
2026-04-12 16:35:07,500 [INFO]    ✅ Turnstile resuelto
2026-04-12 16:35:11,553 [INFO]    → 20 ofertas encontradas
2026-04-12 16:35:19,332 [INFO]    ⏳ Turnstile detectado — esperando resolución automática...
2026-04-12 16:35:19,351 [INFO]    ✅ Turnstile resuelto
2026-04-12 16:35:29,783 [INFO]    ⏳ Turnstile detectado — esperando resolución automática...
2026-04-12 16:35:29,803 [INFO]    ✅ Turnstile resuelto
2026-04-12 16:35:40,968 [INFO]    ⏳ Turnstile detectado — esperando resolución automática...
2026-04-12 16:35:40,987 [INFO]    ✅ Turnstile resuelto
2026-04-12 16:35:51,639 [INFO]    ⏳ Turnstile detectado — esperando resolución automática...
2026-04-12 16:35:51,662 [INFO]    ✅ Turnstile resuelto
2026-04-12 16:36:01,411 [INFO]    ⏳ Turnstile detectado — esperando resolución automática...
2026-04-12 16:36:01,430 [INFO]    ✅ Turnstile resuelto
2026-04-12 16:36:13,959 [INFO]    ⏳ Turnstile detectado — esperando resolución automática...
2026-04-12 16:36:13,977 [INFO]    ✅ Turnstile resuelto
2026-04-12 16:36:25,644 [INFO]    ⏳ Turnstile detectado — esperando resolución automática...
2026-04-12 16:36:25,695 [INFO]    ✅ Turnstile resuelto
2026-04-12 16:36:37,521 [INFO]    ⏳ Turnstile detectado — esperando resolución automática...
2026-04-12 16:36:37,540 [INFO]    ✅ Turnstile resuelto
2026-04-12 16:36:48,863 [INFO]    ⏳ Turnstile detectado — esperando resolución automática...
2026-04-12 16:36:48,882 [INFO]    ✅ Turnstile resuelto
2026-04-12 16:36:59,372 [INFO]    ⏳ Turnstile detectado — esperando resolución automática...
2026-04-12 16:36:59,390 [INFO]    ✅ Turnstile resuelto
2026-04-12 16:37:10,045 [INFO]    ⏳ Turnstile detectado — esperando resolución automática...
2026-04-12 16:37:10,061 [INFO]    ✅ Turnstile resuelto
2026-04-12 16:37:20,325 [INFO]    ⏳ Turnstile detectado — esperando resolución automática...
2026-04-12 16:37:20,343 [INFO]    ✅ Turnstile resuelto
2026-04-12 16:37:31,925 [INFO]    ⏳ Turnstile detectado — esperando resolución automática...
2026-04-12 16:37:31,943 [INFO]    ✅ Turnstile resuelto
2026-04-12 16:37:44,514 [INFO]    ⏳ Turnstile detectado — esperando resolución automática...
2026-04-12 16:37:44,533 [INFO]    ✅ Turnstile resuelto
2026-04-12 16:37:55,859 [INFO]    ⏳ Turnstile detectado — esperando resolución automática...
2026-04-12 16:37:55,877 [INFO]    ✅ Turnstile resuelto
2026-04-12 16:38:07,709 [INFO]    ⏳ Turnstile detectado — esperando resolución automática...
2026-04-12 16:38:07,726 [INFO]    ✅ Turnstile resuelto
2026-04-12 16:38:19,323 [INFO]    ⏳ Turnstile detectado — esperando resolución automática...
2026-04-12 16:38:19,341 [INFO]    ✅ Turnstile resuelto
2026-04-12 16:38:29,222 [INFO]    ⏳ Turnstile detectado — esperando resolución automática...
2026-04-12 16:38:29,246 [INFO]    ✅ Turnstile resuelto
2026-04-12 16:38:39,998 [INFO]    ⏳ Turnstile detectado — esperando resolución automática...
2026-04-12 16:38:40,015 [INFO]    ✅ Turnstile resuelto
2026-04-12 16:38:50,317 [INFO]    ⏳ Turnstile detectado — esperando resolución automática...
2026-04-12 16:38:50,338 [INFO]    ✅ Turnstile resuelto
2026-04-12 16:38:53,434 [INFO] Exportadas 96 ofertas → /media/carlos-a-cicconi/Common1/Repositorios-Ing.Carlos-Cicconi/Trabajo_Final_MCD/data/raw/opcionempleo_20260412.csv
2026-04-12 16:38:53,434 [INFO] ✅ 'Finanzas / CAPEX': 96 ofertas guardadas
2026-04-12 16:38:53,434 [INFO]    💤 Pausa: 11.7s
2026-04-12 16:39:05,184 [INFO] 
🔍 Buscando: 'Excel / VBA'
2026-04-12 16:39:05,184 [INFO]    Página 1/5 → https://www.opcionempleo.com.ar/trabajo-excel.html
2026-04-12 16:39:13,680 [INFO]    ⏳ Turnstile detectado — esperando resolución automática...
2026-04-12 16:39:13,697 [INFO]    ✅ Turnstile resuelto
2026-04-12 16:39:17,743 [INFO]    → 20 ofertas encontradas
2026-04-12 16:39:24,316 [INFO]    ⏳ Turnstile detectado — esperando resolución automática...
2026-04-12 16:39:24,338 [INFO]    ✅ Turnstile resuelto
2026-04-12 16:39:34,574 [INFO]    ⏳ Turnstile detectado — esperando resolución automática...
2026-04-12 16:39:34,597 [INFO]    ✅ Turnstile resuelto
2026-04-12 16:39:46,807 [INFO]    ⏳ Turnstile detectado — esperando resolución automática...
2026-04-12 16:39:46,831 [INFO]    ✅ Turnstile resuelto
2026-04-12 16:39:58,737 [INFO]    ⏳ Turnstile detectado — esperando resolución automática...
2026-04-12 16:39:58,756 [INFO]    ✅ Turnstile resuelto
2026-04-12 16:40:08,449 [INFO]    ⏳ Turnstile detectado — esperando resolución automática...
2026-04-12 16:40:08,467 [INFO]    ✅ Turnstile resuelto
2026-04-12 16:40:20,329 [INFO]    ⏳ Turnstile detectado — esperando resolución automática...
2026-04-12 16:40:20,363 [INFO]    ✅ Turnstile resuelto
2026-04-12 16:40:30,579 [INFO]    ⏳ Turnstile detectado — esperando resolución automática...
2026-04-12 16:40:30,599 [INFO]    ✅ Turnstile resuelto
2026-04-12 16:40:42,417 [INFO]    ⏳ Turnstile detectado — esperando resolución automática...
2026-04-12 16:40:42,437 [INFO]    ✅ Turnstile resuelto
2026-04-12 16:40:54,524 [INFO]    ⏳ Turnstile detectado — esperando resolución automática...
2026-04-12 16:40:54,542 [INFO]    ✅ Turnstile resuelto
2026-04-12 16:41:06,301 [INFO]    ⏳ Turnstile detectado — esperando resolución automática...
2026-04-12 16:41:06,319 [INFO]    ✅ Turnstile resuelto
2026-04-12 16:41:16,548 [INFO]    ⏳ Turnstile detectado — esperando resolución automática...
2026-04-12 16:41:16,565 [INFO]    ✅ Turnstile resuelto
2026-04-12 16:41:26,187 [INFO]    ⏳ Turnstile detectado — esperando resolución automática...
2026-04-12 16:41:26,208 [INFO]    ✅ Turnstile resuelto
2026-04-12 16:41:36,922 [INFO]    ⏳ Turnstile detectado — esperando resolución automática...
2026-04-12 16:41:36,940 [INFO]    ✅ Turnstile resuelto
2026-04-12 16:41:47,266 [INFO]    ⏳ Turnstile detectado — esperando resolución automática...
2026-04-12 16:41:47,284 [INFO]    ✅ Turnstile resuelto
2026-04-12 16:41:58,202 [INFO]    ⏳ Turnstile detectado — esperando resolución automática...
2026-04-12 16:41:58,218 [INFO]    ✅ Turnstile resuelto
2026-04-12 16:42:08,520 [INFO]    ⏳ Turnstile detectado — esperando resolución automática...
2026-04-12 16:42:08,537 [INFO]    ✅ Turnstile resuelto
2026-04-12 16:42:19,934 [INFO]    ⏳ Turnstile detectado — esperando resolución automática...
2026-04-12 16:42:19,951 [INFO]    ✅ Turnstile resuelto
2026-04-12 16:42:29,901 [INFO]    ⏳ Turnstile detectado — esperando resolución automática...
2026-04-12 16:42:29,918 [INFO]    ✅ Turnstile resuelto
2026-04-12 16:42:41,713 [INFO]    ⏳ Turnstile detectado — esperando resolución automática...
2026-04-12 16:42:41,730 [INFO]    ✅ Turnstile resuelto
2026-04-12 16:42:53,347 [INFO]    ⏳ Turnstile detectado — esperando resolución automática...
2026-04-12 16:42:53,365 [INFO]    ✅ Turnstile resuelto
2026-04-12 16:42:56,683 [INFO]    Página 2/5 → https://www.opcionempleo.com.ar/trabajo-excel.html?p=2
2026-04-12 16:43:04,577 [INFO]    ⏳ Turnstile detectado — esperando resolución automática...
2026-04-12 16:43:04,622 [INFO]    ✅ Turnstile resuelto
2026-04-12 16:43:08,537 [INFO]    → 18 ofertas encontradas
2026-04-12 16:43:15,697 [INFO]    ⏳ Turnstile detectado — esperando resolución automática...
2026-04-12 16:43:15,714 [INFO]    ✅ Turnstile resuelto
2026-04-12 16:43:27,030 [INFO]    ⏳ Turnstile detectado — esperando resolución automática...
2026-04-12 16:43:27,051 [INFO]    ✅ Turnstile resuelto
2026-04-12 16:43:37,168 [INFO]    ⏳ Turnstile detectado — esperando resolución automática...
2026-04-12 16:43:37,186 [INFO]    ✅ Turnstile resuelto
2026-04-12 16:43:47,584 [INFO]    ⏳ Turnstile detectado — esperando resolución automática...
2026-04-12 16:43:47,603 [INFO]    ✅ Turnstile resuelto
2026-04-12 16:43:58,530 [INFO]    ⏳ Turnstile detectado — esperando resolución automática...
2026-04-12 16:43:58,548 [INFO]    ✅ Turnstile resuelto
2026-04-12 16:44:09,819 [INFO]    ⏳ Turnstile detectado — esperando resolución automática...
2026-04-12 16:44:09,838 [INFO]    ✅ Turnstile resuelto
2026-04-12 16:44:21,073 [INFO]    ⏳ Turnstile detectado — esperando resolución automática...
2026-04-12 16:44:21,091 [INFO]    ✅ Turnstile resuelto
2026-04-12 16:44:31,619 [INFO]    ⏳ Turnstile detectado — esperando resolución automática...
2026-04-12 16:44:31,637 [INFO]    ✅ Turnstile resuelto
2026-04-12 16:44:43,292 [INFO]    ⏳ Turnstile detectado — esperando resolución automática...
2026-04-12 16:44:43,309 [INFO]    ✅ Turnstile resuelto
2026-04-12 16:44:54,861 [INFO]    ⏳ Turnstile detectado — esperando resolución automática...
2026-04-12 16:44:54,878 [INFO]    ✅ Turnstile resuelto
2026-04-12 16:45:05,927 [INFO]    ⏳ Turnstile detectado — esperando resolución automática...
2026-04-12 16:45:05,945 [INFO]    ✅ Turnstile resuelto
2026-04-12 16:45:17,679 [INFO]    ⏳ Turnstile detectado — esperando resolución automática...
2026-04-12 16:45:17,696 [INFO]    ✅ Turnstile resuelto
2026-04-12 16:45:29,261 [INFO]    ⏳ Turnstile detectado — esperando resolución automática...
2026-04-12 16:45:29,280 [INFO]    ✅ Turnstile resuelto
2026-04-12 16:45:39,738 [INFO]    ⏳ Turnstile detectado — esperando resolución automática...
2026-04-12 16:45:39,758 [INFO]    ✅ Turnstile resuelto
2026-04-12 16:45:51,926 [INFO]    ⏳ Turnstile detectado — esperando resolución automática...
2026-04-12 16:45:51,944 [INFO]    ✅ Turnstile resuelto
2026-04-12 16:46:03,594 [INFO]    ⏳ Turnstile detectado — esperando resolución automática...
2026-04-12 16:46:03,615 [INFO]    ✅ Turnstile resuelto
2026-04-12 16:46:14,866 [INFO]    ⏳ Turnstile detectado — esperando resolución automática...
2026-04-12 16:46:14,886 [INFO]    ✅ Turnstile resuelto
2026-04-12 16:46:26,019 [INFO]    ⏳ Turnstile detectado — esperando resolución automática...
2026-04-12 16:46:26,041 [INFO]    ✅ Turnstile resuelto
2026-04-12 16:46:29,469 [INFO]    Página 3/5 → https://www.opcionempleo.com.ar/trabajo-excel.html?p=3
2026-04-12 16:46:39,820 [INFO]    ⏳ Turnstile detectado — esperando resolución automática...
2026-04-12 16:46:39,840 [INFO]    ✅ Turnstile resuelto
2026-04-12 16:46:43,722 [INFO]    → 17 ofertas encontradas
2026-04-12 16:46:51,014 [INFO]    ⏳ Turnstile detectado — esperando resolución automática...
2026-04-12 16:46:51,034 [INFO]    ✅ Turnstile resuelto
2026-04-12 16:47:02,250 [INFO]    ⏳ Turnstile detectado — esperando resolución automática...
2026-04-12 16:47:02,268 [INFO]    ✅ Turnstile resuelto
2026-04-12 16:47:14,123 [INFO]    ⏳ Turnstile detectado — esperando resolución automática...
2026-04-12 16:47:14,173 [INFO]    ✅ Turnstile resuelto
2026-04-12 16:47:26,258 [INFO]    ⏳ Turnstile detectado — esperando resolución automática...
2026-04-12 16:47:26,275 [INFO]    ✅ Turnstile resuelto
2026-04-12 16:47:35,656 [INFO]    ⏳ Turnstile detectado — esperando resolución automática...
2026-04-12 16:47:35,674 [INFO]    ✅ Turnstile resuelto
2026-04-12 16:47:45,902 [INFO]    ⏳ Turnstile detectado — esperando resolución automática...
2026-04-12 16:47:45,923 [INFO]    ✅ Turnstile resuelto
2026-04-12 16:47:57,448 [INFO]    ⏳ Turnstile detectado — esperando resolución automática...
2026-04-12 16:47:57,467 [INFO]    ✅ Turnstile resuelto
2026-04-12 16:48:07,735 [INFO]    ⏳ Turnstile detectado — esperando resolución automática...
2026-04-12 16:48:07,752 [INFO]    ✅ Turnstile resuelto
2026-04-12 16:48:18,209 [INFO]    ⏳ Turnstile detectado — esperando resolución automática...
2026-04-12 16:48:18,226 [INFO]    ✅ Turnstile resuelto
2026-04-12 16:48:29,789 [INFO]    ⏳ Turnstile detectado — esperando resolución automática...
2026-04-12 16:48:29,806 [INFO]    ✅ Turnstile resuelto
2026-04-12 16:48:41,372 [INFO]    ⏳ Turnstile detectado — esperando resolución automática...
2026-04-12 16:48:41,389 [INFO]    ✅ Turnstile resuelto
2026-04-12 16:48:52,817 [INFO]    ⏳ Turnstile detectado — esperando resolución automática...
2026-04-12 16:48:52,873 [INFO]    ✅ Turnstile resuelto
2026-04-12 16:49:03,960 [INFO]    ⏳ Turnstile detectado — esperando resolución automática...
2026-04-12 16:49:03,979 [INFO]    ✅ Turnstile resuelto
2026-04-12 16:49:15,602 [INFO]    ⏳ Turnstile detectado — esperando resolución automática...
2026-04-12 16:49:15,619 [INFO]    ✅ Turnstile resuelto
2026-04-12 16:49:26,121 [INFO]    ⏳ Turnstile detectado — esperando resolución automática...
2026-04-12 16:49:26,138 [INFO]    ✅ Turnstile resuelto
2026-04-12 16:49:36,666 [INFO]    ⏳ Turnstile detectado — esperando resolución automática...
2026-04-12 16:49:36,685 [INFO]    ✅ Turnstile resuelto
2026-04-12 16:49:47,927 [INFO]    ⏳ Turnstile detectado — esperando resolución automática...
2026-04-12 16:49:47,948 [INFO]    ✅ Turnstile resuelto
2026-04-12 16:49:51,506 [INFO]    Página 4/5 → https://www.opcionempleo.com.ar/trabajo-excel.html?p=4
2026-04-12 16:50:01,140 [INFO]    ⏳ Turnstile detectado — esperando resolución automática...
2026-04-12 16:50:01,160 [INFO]    ✅ Turnstile resuelto
2026-04-12 16:50:04,977 [INFO]    → 19 ofertas encontradas
2026-04-12 16:50:11,616 [INFO]    ⏳ Turnstile detectado — esperando resolución automática...
2026-04-12 16:50:11,650 [INFO]    ✅ Turnstile resuelto
2026-04-12 16:50:22,314 [INFO]    ⏳ Turnstile detectado — esperando resolución automática...
2026-04-12 16:50:22,334 [INFO]    ✅ Turnstile resuelto
2026-04-12 16:50:32,990 [INFO]    ⏳ Turnstile detectado — esperando resolución automática...
2026-04-12 16:50:33,010 [INFO]    ✅ Turnstile resuelto
2026-04-12 16:50:44,555 [INFO]    ⏳ Turnstile detectado — esperando resolución automática...
2026-04-12 16:50:44,576 [INFO]    ✅ Turnstile resuelto
2026-04-12 16:50:55,464 [INFO]    ⏳ Turnstile detectado — esperando resolución automática...
2026-04-12 16:50:55,482 [INFO]    ✅ Turnstile resuelto
2026-04-12 16:51:05,685 [INFO]    ⏳ Turnstile detectado — esperando resolución automática...
2026-04-12 16:51:05,708 [INFO]    ✅ Turnstile resuelto
2026-04-12 16:51:16,126 [INFO]    ⏳ Turnstile detectado — esperando resolución automática...
2026-04-12 16:51:16,145 [INFO]    ✅ Turnstile resuelto
2026-04-12 16:51:27,638 [INFO]    ⏳ Turnstile detectado — esperando resolución automática...
2026-04-12 16:51:27,657 [INFO]    ✅ Turnstile resuelto
2026-04-12 16:51:37,296 [INFO]    ⏳ Turnstile detectado — esperando resolución automática...
2026-04-12 16:51:37,313 [INFO]    ✅ Turnstile resuelto
2026-04-12 16:51:49,184 [INFO]    ⏳ Turnstile detectado — esperando resolución automática...
2026-04-12 16:51:49,200 [INFO]    ✅ Turnstile resuelto
2026-04-12 16:51:59,259 [INFO]    ⏳ Turnstile detectado — esperando resolución automática...
2026-04-12 16:51:59,289 [INFO]    ✅ Turnstile resuelto
2026-04-12 16:52:08,803 [INFO]    ⏳ Turnstile detectado — esperando resolución automática...
2026-04-12 16:52:08,827 [INFO]    ✅ Turnstile resuelto
2026-04-12 16:52:20,706 [INFO]    ⏳ Turnstile detectado — esperando resolución automática...
2026-04-12 16:52:20,724 [INFO]    ✅ Turnstile resuelto
2026-04-12 16:52:30,264 [INFO]    ⏳ Turnstile detectado — esperando resolución automática...
2026-04-12 16:52:30,282 [INFO]    ✅ Turnstile resuelto
2026-04-12 16:52:40,862 [INFO]    ⏳ Turnstile detectado — esperando resolución automática...
2026-04-12 16:52:40,880 [INFO]    ✅ Turnstile resuelto
2026-04-12 16:52:52,075 [INFO]    ⏳ Turnstile detectado — esperando resolución automática...
2026-04-12 16:52:52,093 [INFO]    ✅ Turnstile resuelto
2026-04-12 16:53:02,719 [INFO]    ⏳ Turnstile detectado — esperando resolución automática...
2026-04-12 16:53:02,736 [INFO]    ✅ Turnstile resuelto
2026-04-12 16:53:14,050 [INFO]    ⏳ Turnstile detectado — esperando resolución automática...
2026-04-12 16:53:14,069 [INFO]    ✅ Turnstile resuelto
2026-04-12 16:53:24,133 [INFO]    ⏳ Turnstile detectado — esperando resolución automática...
2026-04-12 16:53:24,153 [INFO]    ✅ Turnstile resuelto
2026-04-12 16:53:27,842 [INFO]    Página 5/5 → https://www.opcionempleo.com.ar/trabajo-excel.html?p=5
2026-04-12 16:53:36,911 [INFO]    ⏳ Turnstile detectado — esperando resolución automática...
2026-04-12 16:53:36,945 [INFO]    ✅ Turnstile resuelto
2026-04-12 16:53:41,046 [INFO]    → 19 ofertas encontradas
2026-04-12 16:53:48,062 [INFO]    ⏳ Turnstile detectado — esperando resolución automática...
2026-04-12 16:53:48,080 [INFO]    ✅ Turnstile resuelto
2026-04-12 16:53:58,838 [INFO]    ⏳ Turnstile detectado — esperando resolución automática...
2026-04-12 16:53:58,857 [INFO]    ✅ Turnstile resuelto
2026-04-12 16:54:09,244 [INFO]    ⏳ Turnstile detectado — esperando resolución automática...
2026-04-12 16:54:09,269 [INFO]    ✅ Turnstile resuelto
2026-04-12 16:54:20,954 [INFO]    ⏳ Turnstile detectado — esperando resolución automática...
2026-04-12 16:54:20,972 [INFO]    ✅ Turnstile resuelto
2026-04-12 16:54:31,210 [INFO]    ⏳ Turnstile detectado — esperando resolución automática...
2026-04-12 16:54:31,228 [INFO]    ✅ Turnstile resuelto
2026-04-12 16:54:43,177 [INFO]    ⏳ Turnstile detectado — esperando resolución automática...
2026-04-12 16:54:43,197 [INFO]    ✅ Turnstile resuelto
2026-04-12 16:54:54,649 [INFO]    ⏳ Turnstile detectado — esperando resolución automática...
2026-04-12 16:54:54,667 [INFO]    ✅ Turnstile resuelto
2026-04-12 16:55:06,093 [INFO]    ⏳ Turnstile detectado — esperando resolución automática...
2026-04-12 16:55:06,114 [INFO]    ✅ Turnstile resuelto
2026-04-12 16:55:18,011 [INFO]    ⏳ Turnstile detectado — esperando resolución automática...
2026-04-12 16:55:18,030 [INFO]    ✅ Turnstile resuelto
2026-04-12 16:55:28,954 [INFO]    ⏳ Turnstile detectado — esperando resolución automática...
2026-04-12 16:55:28,972 [INFO]    ✅ Turnstile resuelto
2026-04-12 16:55:40,190 [INFO]    ⏳ Turnstile detectado — esperando resolución automática...
2026-04-12 16:55:40,232 [INFO]    ✅ Turnstile resuelto
2026-04-12 16:55:51,761 [INFO]    ⏳ Turnstile detectado — esperando resolución automática...
2026-04-12 16:55:51,780 [INFO]    ✅ Turnstile resuelto
2026-04-12 16:56:03,459 [INFO]    ⏳ Turnstile detectado — esperando resolución automática...
2026-04-12 16:56:03,478 [INFO]    ✅ Turnstile resuelto
2026-04-12 16:56:14,293 [INFO]    ⏳ Turnstile detectado — esperando resolución automática...
2026-04-12 16:56:14,313 [INFO]    ✅ Turnstile resuelto
2026-04-12 16:56:24,915 [INFO]    ⏳ Turnstile detectado — esperando resolución automática...
2026-04-12 16:56:24,936 [INFO]    ✅ Turnstile resuelto
2026-04-12 16:56:35,151 [INFO]    ⏳ Turnstile detectado — esperando resolución automática...
2026-04-12 16:56:35,169 [INFO]    ✅ Turnstile resuelto
2026-04-12 16:56:46,827 [INFO]    ⏳ Turnstile detectado — esperando resolución automática...
2026-04-12 16:56:46,845 [INFO]    ✅ Turnstile resuelto
2026-04-12 16:56:56,919 [INFO]    ⏳ Turnstile detectado — esperando resolución automática...
2026-04-12 16:56:56,936 [INFO]    ✅ Turnstile resuelto
2026-04-12 16:57:09,280 [INFO]    ⏳ Turnstile detectado — esperando resolución automática...
2026-04-12 16:57:09,297 [INFO]    ✅ Turnstile resuelto
2026-04-12 16:57:12,860 [INFO] Exportadas 93 ofertas → /media/carlos-a-cicconi/Common1/Repositorios-Ing.Carlos-Cicconi/Trabajo_Final_MCD/data/raw/opcionempleo_20260412.csv
2026-04-12 16:57:12,861 [INFO] ✅ 'Excel / VBA': 93 ofertas guardadas
2026-04-12 16:57:12,861 [INFO]    💤 Pausa: 11.5s
2026-04-12 16:57:24,403 [INFO] 
🔍 Buscando: 'Supply Chain'
2026-04-12 16:57:24,404 [INFO]    Página 1/5 → https://www.opcionempleo.com.ar/trabajo-supply-chain.html
2026-04-12 16:57:34,809 [INFO]    ⏳ Turnstile detectado — esperando resolución automática...
2026-04-12 16:57:34,829 [INFO]    ✅ Turnstile resuelto
2026-04-12 16:57:38,704 [INFO]    → 9 ofertas encontradas
2026-04-12 16:57:45,449 [INFO]    ⏳ Turnstile detectado — esperando resolución automática...
2026-04-12 16:57:45,468 [INFO]    ✅ Turnstile resuelto
2026-04-12 16:57:55,798 [INFO]    ⏳ Turnstile detectado — esperando resolución automática...
2026-04-12 16:57:55,818 [INFO]    ✅ Turnstile resuelto
2026-04-12 16:58:07,861 [INFO]    ⏳ Turnstile detectado — esperando resolución automática...
2026-04-12 16:58:07,880 [INFO]    ✅ Turnstile resuelto
2026-04-12 16:58:19,524 [INFO]    ⏳ Turnstile detectado — esperando resolución automática...
2026-04-12 16:58:19,541 [INFO]    ✅ Turnstile resuelto
2026-04-12 16:58:30,460 [INFO]    ⏳ Turnstile detectado — esperando resolución automática...
2026-04-12 16:58:30,480 [INFO]    ✅ Turnstile resuelto
2026-04-12 16:58:42,161 [INFO]    ⏳ Turnstile detectado — esperando resolución automática...
2026-04-12 16:58:42,178 [INFO]    ✅ Turnstile resuelto
2026-04-12 16:58:52,263 [INFO]    ⏳ Turnstile detectado — esperando resolución automática...
2026-04-12 16:58:52,280 [INFO]    ✅ Turnstile resuelto
2026-04-12 16:59:03,576 [INFO]    ⏳ Turnstile detectado — esperando resolución automática...
2026-04-12 16:59:03,595 [INFO]    ✅ Turnstile resuelto
2026-04-12 16:59:14,215 [INFO]    ⏳ Turnstile detectado — esperando resolución automática...
2026-04-12 16:59:14,232 [INFO]    ✅ Turnstile resuelto
2026-04-12 16:59:17,943 [INFO]    Página 2/5 → https://www.opcionempleo.com.ar/trabajo-supply-chain.html?p=2
2026-04-12 16:59:25,982 [INFO]    ⏳ Turnstile detectado — esperando resolución automática...
2026-04-12 16:59:26,027 [INFO]    ✅ Turnstile resuelto
2026-04-12 16:59:29,951 [INFO]    → 20 ofertas encontradas
2026-04-12 16:59:36,763 [INFO]    ⏳ Turnstile detectado — esperando resolución automática...
2026-04-12 16:59:36,782 [INFO]    ✅ Turnstile resuelto
2026-04-12 16:59:47,769 [INFO]    ⏳ Turnstile detectado — esperando resolución automática...
2026-04-12 16:59:47,791 [INFO]    ✅ Turnstile resuelto
2026-04-12 16:59:58,426 [INFO]    ⏳ Turnstile detectado — esperando resolución automática...
2026-04-12 16:59:58,444 [INFO]    ✅ Turnstile resuelto
2026-04-12 17:00:24,584 [INFO]    ⏳ Turnstile detectado — esperando resolución automática...
2026-04-12 17:00:24,606 [INFO]    ✅ Turnstile resuelto
2026-04-12 17:00:35,384 [INFO]    ⏳ Turnstile detectado — esperando resolución automática...
2026-04-12 17:00:35,401 [INFO]    ✅ Turnstile resuelto
2026-04-12 17:00:47,770 [INFO]    ⏳ Turnstile detectado — esperando resolución automática...
2026-04-12 17:00:47,787 [INFO]    ✅ Turnstile resuelto
2026-04-12 17:00:57,571 [INFO]    ⏳ Turnstile detectado — esperando resolución automática...
2026-04-12 17:00:57,590 [INFO]    ✅ Turnstile resuelto
2026-04-12 17:01:08,688 [INFO]    ⏳ Turnstile detectado — esperando resolución automática...
2026-04-12 17:01:08,706 [INFO]    ✅ Turnstile resuelto
2026-04-12 17:01:19,881 [INFO]    ⏳ Turnstile detectado — esperando resolución automática...
2026-04-12 17:01:19,902 [INFO]    ✅ Turnstile resuelto
2026-04-12 17:01:29,967 [INFO]    ⏳ Turnstile detectado — esperando resolución automática...
2026-04-12 17:01:29,987 [INFO]    ✅ Turnstile resuelto
2026-04-12 17:01:39,795 [INFO]    ⏳ Turnstile detectado — esperando resolución automática...
2026-04-12 17:01:39,814 [INFO]    ✅ Turnstile resuelto
2026-04-12 17:01:50,851 [INFO]    ⏳ Turnstile detectado — esperando resolución automática...
2026-04-12 17:01:50,887 [INFO]    ✅ Turnstile resuelto
2026-04-12 17:02:02,688 [INFO]    ⏳ Turnstile detectado — esperando resolución automática...
2026-04-12 17:02:02,709 [INFO]    ✅ Turnstile resuelto
2026-04-12 17:02:14,219 [INFO]    ⏳ Turnstile detectado — esperando resolución automática...
2026-04-12 17:02:14,236 [INFO]    ✅ Turnstile resuelto
2026-04-12 17:02:24,364 [INFO]    ⏳ Turnstile detectado — esperando resolución automática...
2026-04-12 17:02:24,385 [INFO]    ✅ Turnstile resuelto
2026-04-12 17:02:34,817 [INFO]    ⏳ Turnstile detectado — esperando resolución automática...
2026-04-12 17:02:34,834 [INFO]    ✅ Turnstile resuelto
2026-04-12 17:02:44,967 [INFO]    ⏳ Turnstile detectado — esperando resolución automática...
2026-04-12 17:02:44,985 [INFO]    ✅ Turnstile resuelto
2026-04-12 17:02:57,057 [INFO]    ⏳ Turnstile detectado — esperando resolución automática...
2026-04-12 17:02:57,086 [INFO]    ✅ Turnstile resuelto
2026-04-12 17:03:07,065 [INFO]    ⏳ Turnstile detectado — esperando resolución automática...
2026-04-12 17:03:07,087 [INFO]    ✅ Turnstile resuelto
2026-04-12 17:03:17,134 [INFO]    ⏳ Turnstile detectado — esperando resolución automática...
2026-04-12 17:03:17,151 [INFO]    ✅ Turnstile resuelto
2026-04-12 17:03:20,943 [INFO]    Página 3/5 → https://www.opcionempleo.com.ar/trabajo-supply-chain.html?p=3
2026-04-12 17:03:30,102 [INFO]    ⏳ Turnstile detectado — esperando resolución automática...
2026-04-12 17:03:30,129 [INFO]    ✅ Turnstile resuelto
2026-04-12 17:03:34,224 [INFO]    → 19 ofertas encontradas
2026-04-12 17:03:40,788 [INFO]    ⏳ Turnstile detectado — esperando resolución automática...
2026-04-12 17:03:40,809 [INFO]    ✅ Turnstile resuelto
2026-04-12 17:03:52,766 [INFO]    ⏳ Turnstile detectado — esperando resolución automática...
2026-04-12 17:03:52,806 [INFO]    ✅ Turnstile resuelto
2026-04-12 17:04:04,718 [INFO]    ⏳ Turnstile detectado — esperando resolución automática...
2026-04-12 17:04:04,738 [INFO]    ✅ Turnstile resuelto
2026-04-12 17:04:16,593 [INFO]    ⏳ Turnstile detectado — esperando resolución automática...
2026-04-12 17:04:16,611 [INFO]    ✅ Turnstile resuelto
2026-04-12 17:04:28,752 [INFO]    ⏳ Turnstile detectado — esperando resolución automática...
2026-04-12 17:04:28,768 [INFO]    ✅ Turnstile resuelto
2026-04-12 17:04:38,692 [INFO]    ⏳ Turnstile detectado — esperando resolución automática...
2026-04-12 17:04:38,713 [INFO]    ✅ Turnstile resuelto
2026-04-12 17:04:49,061 [INFO]    ⏳ Turnstile detectado — esperando resolución automática...
2026-04-12 17:04:49,079 [INFO]    ✅ Turnstile resuelto
2026-04-12 17:05:01,368 [INFO]    ⏳ Turnstile detectado — esperando resolución automática...
2026-04-12 17:05:01,388 [INFO]    ✅ Turnstile resuelto
2026-04-12 17:05:11,280 [INFO]    ⏳ Turnstile detectado — esperando resolución automática...
2026-04-12 17:05:11,297 [INFO]    ✅ Turnstile resuelto
2026-04-12 17:05:23,410 [INFO]    ⏳ Turnstile detectado — esperando resolución automática...
2026-04-12 17:05:23,428 [INFO]    ✅ Turnstile resuelto
2026-04-12 17:05:34,530 [INFO]    ⏳ Turnstile detectado — esperando resolución automática...
2026-04-12 17:05:34,549 [INFO]    ✅ Turnstile resuelto
2026-04-12 17:05:45,680 [INFO]    ⏳ Turnstile detectado — esperando resolución automática...
2026-04-12 17:05:45,698 [INFO]    ✅ Turnstile resuelto
2026-04-12 17:05:55,718 [INFO]    ⏳ Turnstile detectado — esperando resolución automática...
2026-04-12 17:05:55,736 [INFO]    ✅ Turnstile resuelto
2026-04-12 17:06:06,835 [INFO]    ⏳ Turnstile detectado — esperando resolución automática...
2026-04-12 17:06:06,851 [INFO]    ✅ Turnstile resuelto
2026-04-12 17:06:16,709 [INFO]    ⏳ Turnstile detectado — esperando resolución automática...
2026-04-12 17:06:16,729 [INFO]    ✅ Turnstile resuelto
2026-04-12 17:06:27,143 [INFO]    ⏳ Turnstile detectado — esperando resolución automática...
2026-04-12 17:06:27,186 [INFO]    ✅ Turnstile resuelto
2026-04-12 17:06:38,807 [INFO]    ⏳ Turnstile detectado — esperando resolución automática...
2026-04-12 17:06:38,825 [INFO]    ✅ Turnstile resuelto
2026-04-12 17:06:50,114 [INFO]    ⏳ Turnstile detectado — esperando resolución automática...
2026-04-12 17:06:50,135 [INFO]    ✅ Turnstile resuelto
2026-04-12 17:07:00,771 [INFO]    ⏳ Turnstile detectado — esperando resolución automática...
2026-04-12 17:07:00,791 [INFO]    ✅ Turnstile resuelto
2026-04-12 17:07:04,586 [INFO]    Página 4/5 → https://www.opcionempleo.com.ar/trabajo-supply-chain.html?p=4
2026-04-12 17:07:12,391 [INFO]    ⏳ Turnstile detectado — esperando resolución automática...
2026-04-12 17:07:12,415 [INFO]    ✅ Turnstile resuelto
2026-04-12 17:07:16,540 [INFO]    → 20 ofertas encontradas
2026-04-12 17:07:23,275 [INFO]    ⏳ Turnstile detectado — esperando resolución automática...
2026-04-12 17:07:23,291 [INFO]    ✅ Turnstile resuelto
2026-04-12 17:07:33,643 [INFO]    ⏳ Turnstile detectado — esperando resolución automática...
2026-04-12 17:07:33,661 [INFO]    ✅ Turnstile resuelto
2026-04-12 17:07:44,281 [INFO]    ⏳ Turnstile detectado — esperando resolución automática...
2026-04-12 17:07:44,301 [INFO]    ✅ Turnstile resuelto
2026-04-12 17:07:55,215 [INFO]    ⏳ Turnstile detectado — esperando resolución automática...
2026-04-12 17:07:55,233 [INFO]    ✅ Turnstile resuelto
2026-04-12 17:08:04,951 [INFO]    ⏳ Turnstile detectado — esperando resolución automática...
2026-04-12 17:08:04,968 [INFO]    ✅ Turnstile resuelto
2026-04-12 17:08:14,593 [INFO]    ⏳ Turnstile detectado — esperando resolución automática...
2026-04-12 17:08:14,612 [INFO]    ✅ Turnstile resuelto
2026-04-12 17:08:24,683 [INFO]    ⏳ Turnstile detectado — esperando resolución automática...
2026-04-12 17:08:24,703 [INFO]    ✅ Turnstile resuelto
2026-04-12 17:08:35,689 [INFO]    ⏳ Turnstile detectado — esperando resolución automática...
2026-04-12 17:08:35,707 [INFO]    ✅ Turnstile resuelto
2026-04-12 17:08:46,864 [INFO]    ⏳ Turnstile detectado — esperando resolución automática...
2026-04-12 17:08:46,888 [INFO]    ✅ Turnstile resuelto
2026-04-12 17:08:57,819 [INFO]    ⏳ Turnstile detectado — esperando resolución automática...
2026-04-12 17:08:57,836 [INFO]    ✅ Turnstile resuelto
2026-04-12 17:09:08,335 [INFO]    ⏳ Turnstile detectado — esperando resolución automática...
2026-04-12 17:09:08,352 [INFO]    ✅ Turnstile resuelto
2026-04-12 17:09:20,006 [INFO]    ⏳ Turnstile detectado — esperando resolución automática...
2026-04-12 17:09:20,022 [INFO]    ✅ Turnstile resuelto
2026-04-12 17:09:32,119 [INFO]    ⏳ Turnstile detectado — esperando resolución automática...
2026-04-12 17:09:32,138 [INFO]    ✅ Turnstile resuelto
2026-04-12 17:09:43,044 [INFO]    ⏳ Turnstile detectado — esperando resolución automática...
2026-04-12 17:09:43,062 [INFO]    ✅ Turnstile resuelto
2026-04-12 17:09:54,127 [INFO]    ⏳ Turnstile detectado — esperando resolución automática...
2026-04-12 17:09:54,146 [INFO]    ✅ Turnstile resuelto
2026-04-12 17:10:05,506 [INFO]    ⏳ Turnstile detectado — esperando resolución automática...
2026-04-12 17:10:05,528 [INFO]    ✅ Turnstile resuelto
2026-04-12 17:10:16,196 [INFO]    ⏳ Turnstile detectado — esperando resolución automática...
2026-04-12 17:10:16,214 [INFO]    ✅ Turnstile resuelto
2026-04-12 17:10:26,903 [INFO]    ⏳ Turnstile detectado — esperando resolución automática...
2026-04-12 17:10:26,958 [INFO]    ✅ Turnstile resuelto
2026-04-12 17:10:37,192 [INFO]    ⏳ Turnstile detectado — esperando resolución automática...
2026-04-12 17:10:37,210 [INFO]    ✅ Turnstile resuelto
2026-04-12 17:10:48,852 [INFO]    ⏳ Turnstile detectado — esperando resolución automática...
2026-04-12 17:10:48,869 [INFO]    ✅ Turnstile resuelto
2026-04-12 17:10:52,098 [INFO]    Página 5/5 → https://www.opcionempleo.com.ar/trabajo-supply-chain.html?p=5
2026-04-12 17:11:02,229 [INFO]    ⏳ Turnstile detectado — esperando resolución automática...
2026-04-12 17:11:02,248 [INFO]    ✅ Turnstile resuelto
2026-04-12 17:11:06,635 [INFO]    → 19 ofertas encontradas
2026-04-12 17:11:12,759 [INFO]    ⏳ Turnstile detectado — esperando resolución automática...
2026-04-12 17:11:12,778 [INFO]    ✅ Turnstile resuelto
2026-04-12 17:11:22,688 [INFO]    ⏳ Turnstile detectado — esperando resolución automática...
2026-04-12 17:11:22,708 [INFO]    ✅ Turnstile resuelto
2026-04-12 17:11:33,745 [INFO]    ⏳ Turnstile detectado — esperando resolución automática...
2026-04-12 17:11:33,796 [INFO]    ✅ Turnstile resuelto
2026-04-12 17:11:43,771 [INFO]    ⏳ Turnstile detectado — esperando resolución automática...
2026-04-12 17:11:43,793 [INFO]    ✅ Turnstile resuelto
2026-04-12 17:11:55,021 [INFO]    ⏳ Turnstile detectado — esperando resolución automática...
2026-04-12 17:11:55,042 [INFO]    ✅ Turnstile resuelto
2026-04-12 17:12:06,364 [INFO]    ⏳ Turnstile detectado — esperando resolución automática...
2026-04-12 17:12:06,381 [INFO]    ✅ Turnstile resuelto
2026-04-12 17:12:17,198 [INFO]    ⏳ Turnstile detectado — esperando resolución automática...
2026-04-12 17:12:17,215 [INFO]    ✅ Turnstile resuelto
2026-04-12 17:12:27,845 [INFO]    ⏳ Turnstile detectado — esperando resolución automática...
2026-04-12 17:12:27,866 [INFO]    ✅ Turnstile resuelto
2026-04-12 17:12:37,247 [INFO]    ⏳ Turnstile detectado — esperando resolución automática...
2026-04-12 17:12:37,265 [INFO]    ✅ Turnstile resuelto
2026-04-12 17:12:48,782 [INFO]    ⏳ Turnstile detectado — esperando resolución automática...
2026-04-12 17:12:48,800 [INFO]    ✅ Turnstile resuelto
2026-04-12 17:13:00,006 [INFO]    ⏳ Turnstile detectado — esperando resolución automática...
2026-04-12 17:13:00,024 [INFO]    ✅ Turnstile resuelto
2026-04-12 17:13:10,628 [INFO]    ⏳ Turnstile detectado — esperando resolución automática...
2026-04-12 17:13:10,646 [INFO]    ✅ Turnstile resuelto
2026-04-12 17:13:22,015 [INFO]    ⏳ Turnstile detectado — esperando resolución automática...
2026-04-12 17:13:22,036 [INFO]    ✅ Turnstile resuelto
2026-04-12 17:13:31,417 [INFO]    ⏳ Turnstile detectado — esperando resolución automática...
2026-04-12 17:13:31,433 [INFO]    ✅ Turnstile resuelto
2026-04-12 17:13:41,445 [INFO]    ⏳ Turnstile detectado — esperando resolución automática...
2026-04-12 17:13:41,464 [INFO]    ✅ Turnstile resuelto
2026-04-12 17:13:52,617 [INFO]    ⏳ Turnstile detectado — esperando resolución automática...
2026-04-12 17:13:52,645 [INFO]    ✅ Turnstile resuelto
2026-04-12 17:14:03,585 [INFO]    ⏳ Turnstile detectado — esperando resolución automática...
2026-04-12 17:14:03,604 [INFO]    ✅ Turnstile resuelto
2026-04-12 17:14:15,622 [INFO]    ⏳ Turnstile detectado — esperando resolución automática...
2026-04-12 17:14:15,674 [INFO]    ✅ Turnstile resuelto
2026-04-12 17:14:25,623 [INFO]    ⏳ Turnstile detectado — esperando resolución automática...
2026-04-12 17:14:25,641 [INFO]    ✅ Turnstile resuelto
2026-04-12 17:14:29,477 [INFO] Exportadas 87 ofertas → /media/carlos-a-cicconi/Common1/Repositorios-Ing.Carlos-Cicconi/Trabajo_Final_MCD/data/raw/opcionempleo_20260412.csv
2026-04-12 17:14:29,477 [INFO] ✅ 'Supply Chain': 87 ofertas guardadas
2026-04-12 17:14:29,477 [INFO]    💤 Pausa: 8.4s
2026-04-12 17:14:37,853 [INFO] 
🔍 Buscando: 'Continuous Improvement'
2026-04-12 17:14:37,854 [INFO]    Página 1/5 → https://www.opcionempleo.com.ar/trabajo-continuous-improvement.html
2026-04-12 17:14:45,889 [INFO]    ⏳ Turnstile detectado — esperando resolución automática...
2026-04-12 17:14:45,908 [INFO]    ✅ Turnstile resuelto
2026-04-12 17:14:50,317 [INFO]    → 20 ofertas encontradas
2026-04-12 17:14:57,124 [INFO]    ⏳ Turnstile detectado — esperando resolución automática...
2026-04-12 17:14:57,141 [INFO]    ✅ Turnstile resuelto
2026-04-12 17:15:07,478 [INFO]    ⏳ Turnstile detectado — esperando resolución automática...
2026-04-12 17:15:07,495 [INFO]    ✅ Turnstile resuelto
2026-04-12 17:15:17,504 [INFO]    ⏳ Turnstile detectado — esperando resolución automática...
2026-04-12 17:15:17,523 [INFO]    ✅ Turnstile resuelto
2026-04-12 17:15:28,790 [INFO]    ⏳ Turnstile detectado — esperando resolución automática...
2026-04-12 17:15:28,810 [INFO]    ✅ Turnstile resuelto
2026-04-12 17:15:38,794 [INFO]    ⏳ Turnstile detectado — esperando resolución automática...
2026-04-12 17:15:38,813 [INFO]    ✅ Turnstile resuelto
2026-04-12 17:15:51,297 [INFO]    ⏳ Turnstile detectado — esperando resolución automática...
2026-04-12 17:15:51,318 [INFO]    ✅ Turnstile resuelto
2026-04-12 17:16:01,728 [INFO]    ⏳ Turnstile detectado — esperando resolución automática...
2026-04-12 17:16:01,748 [INFO]    ✅ Turnstile resuelto
2026-04-12 17:16:13,960 [INFO]    ⏳ Turnstile detectado — esperando resolución automática...
2026-04-12 17:16:13,980 [INFO]    ✅ Turnstile resuelto
2026-04-12 17:16:25,937 [INFO]    ⏳ Turnstile detectado — esperando resolución automática...
2026-04-12 17:16:25,957 [INFO]    ✅ Turnstile resuelto
2026-04-12 17:16:35,176 [INFO]    ⏳ Turnstile detectado — esperando resolución automática...
2026-04-12 17:16:35,194 [INFO]    ✅ Turnstile resuelto
2026-04-12 17:16:46,997 [INFO]    ⏳ Turnstile detectado — esperando resolución automática...
2026-04-12 17:16:47,016 [INFO]    ✅ Turnstile resuelto
2026-04-12 17:16:57,538 [INFO]    ⏳ Turnstile detectado — esperando resolución automática...
2026-04-12 17:16:57,555 [INFO]    ✅ Turnstile resuelto
2026-04-12 17:17:09,475 [INFO]    ⏳ Turnstile detectado — esperando resolución automática...
2026-04-12 17:17:09,493 [INFO]    ✅ Turnstile resuelto
2026-04-12 17:17:21,552 [INFO]    ⏳ Turnstile detectado — esperando resolución automática...
2026-04-12 17:17:21,575 [INFO]    ✅ Turnstile resuelto
2026-04-12 17:17:33,677 [INFO]    ⏳ Turnstile detectado — esperando resolución automática...
2026-04-12 17:17:33,723 [INFO]    ✅ Turnstile resuelto
2026-04-12 17:17:45,708 [INFO]    ⏳ Turnstile detectado — esperando resolución automática...
2026-04-12 17:17:45,730 [INFO]    ✅ Turnstile resuelto
2026-04-12 17:17:56,300 [INFO]    ⏳ Turnstile detectado — esperando resolución automática...
2026-04-12 17:17:56,317 [INFO]    ✅ Turnstile resuelto
2026-04-12 17:18:07,875 [INFO]    ⏳ Turnstile detectado — esperando resolución automática...
2026-04-12 17:18:07,896 [INFO]    ✅ Turnstile resuelto
2026-04-12 17:18:20,121 [INFO]    ⏳ Turnstile detectado — esperando resolución automática...
2026-04-12 17:18:20,140 [INFO]    ✅ Turnstile resuelto
2026-04-12 17:18:31,459 [INFO]    ⏳ Turnstile detectado — esperando resolución automática...
2026-04-12 17:18:31,477 [INFO]    ✅ Turnstile resuelto
2026-04-12 17:18:34,780 [INFO]    Página 2/5 → https://www.opcionempleo.com.ar/trabajo-continuous-improvement.html?p=2
2026-04-12 17:18:43,234 [INFO]    ⏳ Turnstile detectado — esperando resolución automática...
2026-04-12 17:18:43,276 [INFO]    ✅ Turnstile resuelto
2026-04-12 17:18:47,410 [INFO]    → 20 ofertas encontradas
2026-04-12 17:18:54,579 [INFO]    ⏳ Turnstile detectado — esperando resolución automática...
2026-04-12 17:18:54,596 [INFO]    ✅ Turnstile resuelto
2026-04-12 17:19:04,923 [INFO]    ⏳ Turnstile detectado — esperando resolución automática...
2026-04-12 17:19:04,942 [INFO]    ✅ Turnstile resuelto
2026-04-12 17:19:15,396 [INFO]    ⏳ Turnstile detectado — esperando resolución automática...
2026-04-12 17:19:15,418 [INFO]    ✅ Turnstile resuelto
2026-04-12 17:19:26,651 [INFO]    ⏳ Turnstile detectado — esperando resolución automática...
2026-04-12 17:19:26,668 [INFO]    ✅ Turnstile resuelto
2026-04-12 17:19:35,846 [INFO]    ⏳ Turnstile detectado — esperando resolución automática...
2026-04-12 17:19:35,865 [INFO]    ✅ Turnstile resuelto
2026-04-12 17:19:47,604 [INFO]    ⏳ Turnstile detectado — esperando resolución automática...
2026-04-12 17:19:47,625 [INFO]    ✅ Turnstile resuelto
2026-04-12 17:19:56,957 [INFO]    ⏳ Turnstile detectado — esperando resolución automática...
2026-04-12 17:19:56,975 [INFO]    ✅ Turnstile resuelto
2026-04-12 17:20:07,405 [INFO]    ⏳ Turnstile detectado — esperando resolución automática...
2026-04-12 17:20:07,425 [INFO]    ✅ Turnstile resuelto
2026-04-12 17:20:19,546 [INFO]    ⏳ Turnstile detectado — esperando resolución automática...
2026-04-12 17:20:19,563 [INFO]    ✅ Turnstile resuelto
2026-04-12 17:20:29,912 [INFO]    ⏳ Turnstile detectado — esperando resolución automática...
2026-04-12 17:20:29,929 [INFO]    ✅ Turnstile resuelto
2026-04-12 17:20:39,938 [INFO]    ⏳ Turnstile detectado — esperando resolución automática...
2026-04-12 17:20:39,957 [INFO]    ✅ Turnstile resuelto
2026-04-12 17:20:50,521 [INFO]    ⏳ Turnstile detectado — esperando resolución automática...
2026-04-12 17:20:50,541 [INFO]    ✅ Turnstile resuelto
2026-04-12 17:21:02,265 [INFO]    ⏳ Turnstile detectado — esperando resolución automática...
2026-04-12 17:21:02,284 [INFO]    ✅ Turnstile resuelto
2026-04-12 17:21:13,767 [INFO]    ⏳ Turnstile detectado — esperando resolución automática...
2026-04-12 17:21:13,787 [INFO]    ✅ Turnstile resuelto
2026-04-12 17:21:24,080 [INFO]    ⏳ Turnstile detectado — esperando resolución automática...
2026-04-12 17:21:24,103 [INFO]    ✅ Turnstile resuelto
2026-04-12 17:21:35,919 [INFO]    ⏳ Turnstile detectado — esperando resolución automática...
2026-04-12 17:21:35,937 [INFO]    ✅ Turnstile resuelto
2026-04-12 17:21:46,456 [INFO]    ⏳ Turnstile detectado — esperando resolución automática...
2026-04-12 17:21:46,476 [INFO]    ✅ Turnstile resuelto
2026-04-12 17:21:58,750 [INFO]    ⏳ Turnstile detectado — esperando resolución automática...
2026-04-12 17:21:58,769 [INFO]    ✅ Turnstile resuelto
2026-04-12 17:22:09,159 [INFO]    ⏳ Turnstile detectado — esperando resolución automática...
2026-04-12 17:22:09,178 [INFO]    ✅ Turnstile resuelto
2026-04-12 17:22:20,118 [INFO]    ⏳ Turnstile detectado — esperando resolución automática...
2026-04-12 17:22:20,137 [INFO]    ✅ Turnstile resuelto
2026-04-12 17:22:23,888 [INFO]    Página 3/5 → https://www.opcionempleo.com.ar/trabajo-continuous-improvement.html?p=3
2026-04-12 17:22:34,236 [INFO]    ⏳ Turnstile detectado — esperando resolución automática...
2026-04-12 17:22:34,255 [INFO]    ✅ Turnstile resuelto
2026-04-12 17:22:37,937 [INFO]    → 20 ofertas encontradas
2026-04-12 17:22:44,262 [INFO]    ⏳ Turnstile detectado — esperando resolución automática...
2026-04-12 17:22:44,281 [INFO]    ✅ Turnstile resuelto
2026-04-12 17:22:54,733 [INFO]    ⏳ Turnstile detectado — esperando resolución automática...
2026-04-12 17:22:54,751 [INFO]    ✅ Turnstile resuelto
2026-04-12 17:23:05,280 [INFO]    ⏳ Turnstile detectado — esperando resolución automática...
2026-04-12 17:23:05,325 [INFO]    ✅ Turnstile resuelto
2026-04-12 17:23:16,447 [INFO]    ⏳ Turnstile detectado — esperando resolución automática...
2026-04-12 17:23:16,466 [INFO]    ✅ Turnstile resuelto
2026-04-12 17:23:28,248 [INFO]    ⏳ Turnstile detectado — esperando resolución automática...
2026-04-12 17:23:28,265 [INFO]    ✅ Turnstile resuelto
2026-04-12 17:23:39,376 [INFO]    ⏳ Turnstile detectado — esperando resolución automática...
2026-04-12 17:23:39,392 [INFO]    ✅ Turnstile resuelto
2026-04-12 17:23:48,996 [INFO]    ⏳ Turnstile detectado — esperando resolución automática...
2026-04-12 17:23:49,015 [INFO]    ✅ Turnstile resuelto
2026-04-12 17:23:59,395 [INFO]    ⏳ Turnstile detectado — esperando resolución automática...
2026-04-12 17:23:59,414 [INFO]    ✅ Turnstile resuelto
2026-04-12 17:24:10,840 [INFO]    ⏳ Turnstile detectado — esperando resolución automática...
2026-04-12 17:24:10,861 [INFO]    ✅ Turnstile resuelto
2026-04-12 17:24:20,439 [INFO]    ⏳ Turnstile detectado — esperando resolución automática...
2026-04-12 17:24:20,461 [INFO]    ✅ Turnstile resuelto
2026-04-12 17:24:31,981 [INFO]    ⏳ Turnstile detectado — esperando resolución automática...
2026-04-12 17:24:31,998 [INFO]    ✅ Turnstile resuelto
2026-04-12 17:24:43,046 [INFO]    ⏳ Turnstile detectado — esperando resolución automática...
2026-04-12 17:24:43,086 [INFO]    ✅ Turnstile resuelto
2026-04-12 17:24:54,534 [INFO]    ⏳ Turnstile detectado — esperando resolución automática...
2026-04-12 17:24:54,553 [INFO]    ✅ Turnstile resuelto
2026-04-12 17:25:05,039 [INFO]    ⏳ Turnstile detectado — esperando resolución automática...
2026-04-12 17:25:05,056 [INFO]    ✅ Turnstile resuelto
2026-04-12 17:25:15,737 [INFO]    ⏳ Turnstile detectado — esperando resolución automática...
2026-04-12 17:25:15,754 [INFO]    ✅ Turnstile resuelto
2026-04-12 17:25:27,323 [INFO]    ⏳ Turnstile detectado — esperando resolución automática...
2026-04-12 17:25:27,342 [INFO]    ✅ Turnstile resuelto
2026-04-12 17:25:38,426 [INFO]    ⏳ Turnstile detectado — esperando resolución automática...
2026-04-12 17:25:38,446 [INFO]    ✅ Turnstile resuelto
2026-04-12 17:25:49,046 [INFO]    ⏳ Turnstile detectado — esperando resolución automática...
2026-04-12 17:25:49,064 [INFO]    ✅ Turnstile resuelto
2026-04-12 17:26:00,073 [INFO]    ⏳ Turnstile detectado — esperando resolución automática...
2026-04-12 17:26:00,101 [INFO]    ✅ Turnstile resuelto
2026-04-12 17:26:10,932 [INFO]    ⏳ Turnstile detectado — esperando resolución automática...
2026-04-12 17:26:10,949 [INFO]    ✅ Turnstile resuelto
2026-04-12 17:26:14,193 [INFO]    Página 4/5 → https://www.opcionempleo.com.ar/trabajo-continuous-improvement.html?p=4
2026-04-12 17:26:21,812 [INFO]    ⏳ Turnstile detectado — esperando resolución automática...
2026-04-12 17:26:21,831 [INFO]    ✅ Turnstile resuelto
2026-04-12 17:26:25,652 [INFO]    → 20 ofertas encontradas
2026-04-12 17:26:32,268 [INFO]    ⏳ Turnstile detectado — esperando resolución automática...
2026-04-12 17:26:32,315 [INFO]    ✅ Turnstile resuelto
2026-04-12 17:26:43,285 [INFO]    ⏳ Turnstile detectado — esperando resolución automática...
2026-04-12 17:26:43,305 [INFO]    ✅ Turnstile resuelto
2026-04-12 17:26:52,858 [INFO]    ⏳ Turnstile detectado — esperando resolución automática...
2026-04-12 17:26:52,875 [INFO]    ✅ Turnstile resuelto
2026-04-12 17:27:04,614 [INFO]    ⏳ Turnstile detectado — esperando resolución automática...
2026-04-12 17:27:04,633 [INFO]    ✅ Turnstile resuelto
2026-04-12 17:27:16,293 [INFO]    ⏳ Turnstile detectado — esperando resolución automática...
2026-04-12 17:27:16,309 [INFO]    ✅ Turnstile resuelto
2026-04-12 17:27:26,291 [INFO]    ⏳ Turnstile detectado — esperando resolución automática...
2026-04-12 17:27:26,309 [INFO]    ✅ Turnstile resuelto
2026-04-12 17:27:36,299 [INFO]    ⏳ Turnstile detectado — esperando resolución automática...
2026-04-12 17:27:36,316 [INFO]    ✅ Turnstile resuelto
2026-04-12 17:27:47,319 [INFO]    ⏳ Turnstile detectado — esperando resolución automática...
2026-04-12 17:27:47,338 [INFO]    ✅ Turnstile resuelto
2026-04-12 17:27:57,950 [INFO]    ⏳ Turnstile detectado — esperando resolución automática...
2026-04-12 17:27:57,993 [INFO]    ✅ Turnstile resuelto
2026-04-12 17:28:08,055 [INFO]    ⏳ Turnstile detectado — esperando resolución automática...
2026-04-12 17:28:08,071 [INFO]    ✅ Turnstile resuelto
2026-04-12 17:28:19,265 [INFO]    ⏳ Turnstile detectado — esperando resolución automática...
2026-04-12 17:28:19,285 [INFO]    ✅ Turnstile resuelto
2026-04-12 17:28:29,378 [INFO]    ⏳ Turnstile detectado — esperando resolución automática...
2026-04-12 17:28:29,396 [INFO]    ✅ Turnstile resuelto
2026-04-12 17:28:41,392 [INFO]    ⏳ Turnstile detectado — esperando resolución automática...
2026-04-12 17:28:41,409 [INFO]    ✅ Turnstile resuelto
2026-04-12 17:28:51,364 [INFO]    ⏳ Turnstile detectado — esperando resolución automática...
2026-04-12 17:28:51,382 [INFO]    ✅ Turnstile resuelto
2026-04-12 17:29:01,734 [INFO]    ⏳ Turnstile detectado — esperando resolución automática...
2026-04-12 17:29:01,753 [INFO]    ✅ Turnstile resuelto
2026-04-12 17:29:12,464 [INFO]    ⏳ Turnstile detectado — esperando resolución automática...
2026-04-12 17:29:12,482 [INFO]    ✅ Turnstile resuelto
2026-04-12 17:29:22,532 [INFO]    ⏳ Turnstile detectado — esperando resolución automática...
2026-04-12 17:29:22,569 [INFO]    ✅ Turnstile resuelto
2026-04-12 17:29:32,692 [INFO]    ⏳ Turnstile detectado — esperando resolución automática...
2026-04-12 17:29:32,709 [INFO]    ✅ Turnstile resuelto
2026-04-12 17:29:42,293 [INFO]    ⏳ Turnstile detectado — esperando resolución automática...
2026-04-12 17:29:42,311 [INFO]    ✅ Turnstile resuelto
2026-04-12 17:29:51,735 [INFO]    ⏳ Turnstile detectado — esperando resolución automática...
2026-04-12 17:29:51,753 [INFO]    ✅ Turnstile resuelto
2026-04-12 17:29:55,251 [INFO]    Página 5/5 → https://www.opcionempleo.com.ar/trabajo-continuous-improvement.html?p=5
2026-04-12 17:30:04,019 [INFO]    ⏳ Turnstile detectado — esperando resolución automática...
2026-04-12 17:30:04,042 [INFO]    ✅ Turnstile resuelto
2026-04-12 17:30:08,017 [INFO]    → 20 ofertas encontradas
2026-04-12 17:30:16,211 [INFO]    ⏳ Turnstile detectado — esperando resolución automática...
2026-04-12 17:30:16,231 [INFO]    ✅ Turnstile resuelto
2026-04-12 17:30:26,956 [INFO]    ⏳ Turnstile detectado — esperando resolución automática...
2026-04-12 17:30:26,973 [INFO]    ✅ Turnstile resuelto
2026-04-12 17:30:38,062 [INFO]    ⏳ Turnstile detectado — esperando resolución automática...
2026-04-12 17:30:38,079 [INFO]    ✅ Turnstile resuelto
2026-04-12 17:30:48,972 [INFO]    ⏳ Turnstile detectado — esperando resolución automática...
2026-04-12 17:30:49,022 [INFO]    ✅ Turnstile resuelto
2026-04-12 17:31:00,013 [INFO]    ⏳ Turnstile detectado — esperando resolución automática...
2026-04-12 17:31:00,030 [INFO]    ✅ Turnstile resuelto
2026-04-12 17:31:10,662 [INFO]    ⏳ Turnstile detectado — esperando resolución automática...
2026-04-12 17:31:10,680 [INFO]    ✅ Turnstile resuelto
2026-04-12 17:31:21,640 [INFO]    ⏳ Turnstile detectado — esperando resolución automática...
2026-04-12 17:31:21,659 [INFO]    ✅ Turnstile resuelto
2026-04-12 17:31:32,039 [INFO]    ⏳ Turnstile detectado — esperando resolución automática...
2026-04-12 17:31:32,057 [INFO]    ✅ Turnstile resuelto
2026-04-12 17:31:43,299 [INFO]    ⏳ Turnstile detectado — esperando resolución automática...
2026-04-12 17:31:43,317 [INFO]    ✅ Turnstile resuelto
2026-04-12 17:31:54,396 [INFO]    ⏳ Turnstile detectado — esperando resolución automática...
2026-04-12 17:31:54,417 [INFO]    ✅ Turnstile resuelto
2026-04-12 17:32:04,840 [INFO]    ⏳ Turnstile detectado — esperando resolución automática...
2026-04-12 17:32:04,858 [INFO]    ✅ Turnstile resuelto
2026-04-12 17:32:14,478 [INFO]    ⏳ Turnstile detectado — esperando resolución automática...
2026-04-12 17:32:14,515 [INFO]    ✅ Turnstile resuelto
2026-04-12 17:32:25,406 [INFO]    ⏳ Turnstile detectado — esperando resolución automática...
2026-04-12 17:32:25,426 [INFO]    ✅ Turnstile resuelto
2026-04-12 17:32:36,890 [INFO]    ⏳ Turnstile detectado — esperando resolución automática...
2026-04-12 17:32:36,910 [INFO]    ✅ Turnstile resuelto
2026-04-12 17:32:47,966 [INFO]    ⏳ Turnstile detectado — esperando resolución automática...
2026-04-12 17:32:47,983 [INFO]    ✅ Turnstile resuelto
2026-04-12 17:32:57,664 [INFO]    ⏳ Turnstile detectado — esperando resolución automática...
2026-04-12 17:32:57,684 [INFO]    ✅ Turnstile resuelto
2026-04-12 17:33:09,252 [INFO]    ⏳ Turnstile detectado — esperando resolución automática...
2026-04-12 17:33:09,268 [INFO]    ✅ Turnstile resuelto
2026-04-12 17:33:19,377 [INFO]    ⏳ Turnstile detectado — esperando resolución automática...
2026-04-12 17:33:19,393 [INFO]    ✅ Turnstile resuelto
2026-04-12 17:33:29,715 [INFO]    ⏳ Turnstile detectado — esperando resolución automática...
2026-04-12 17:33:29,743 [INFO]    ✅ Turnstile resuelto
2026-04-12 17:33:40,983 [INFO]    ⏳ Turnstile detectado — esperando resolución automática...
2026-04-12 17:33:41,000 [INFO]    ✅ Turnstile resuelto
2026-04-12 17:33:44,263 [INFO] Exportadas 100 ofertas → /media/carlos-a-cicconi/Common1/Repositorios-Ing.Carlos-Cicconi/Trabajo_Final_MCD/data/raw/opcionempleo_20260412.csv
2026-04-12 17:33:44,263 [INFO] ✅ 'Continuous Improvement': 100 ofertas guardadas
2026-04-12 17:33:44,263 [INFO]    💤 Pausa: 13.4s
2026-04-12 17:33:57,805 [INFO] 
============================================================
2026-04-12 17:33:57,805 [INFO] SCRAPING FINALIZADO - OpcionEmpleo Argentina
2026-04-12 17:33:57,805 [INFO] Total ofertas únicas: 1074
2026-04-12 17:33:57,805 [INFO] DB : /media/carlos-a-cicconi/Common1/Repositorios-Ing.Carlos-Cicconi/Trabajo_Final_MCD/data/raw/ofertas_opcionempleo.db
2026-04-12 17:33:57,805 [INFO] CSV: /media/carlos-a-cicconi/Common1/Repositorios-Ing.Carlos-Cicconi/Trabajo_Final_MCD/data/raw/opcionempleo_20260412.csv
2026-04-12 17:33:57,805 [INFO] Log: /media/carlos-a-cicconi/Common1/Repositorios-Ing.Carlos-Cicconi/Trabajo_Final_MCD/logs/opcionempleo_20260412_140451.log
2026-04-12 17:33:57,806 [INFO] ============================================================
2026-04-12 17:33:57,806 [INFO]   ✅ opcionempleo: 1,074 ofertas recopiladas
2026-04-12 17:33:57,807 [INFO] 
============================================================
2026-04-12 17:33:57,807 [INFO]   EJECUTANDO: jobomas (JobomasScraper)
2026-04-12 17:33:57,807 [INFO]   Queries: desde CV (22 búsquedas)
2026-04-12 17:33:57,807 [INFO] ============================================================
2026-04-12 17:33:57,853 [INFO] DB lista: /media/carlos-a-cicconi/Common1/Repositorios-Ing.Carlos-Cicconi/Trabajo_Final_MCD/data/raw/ofertas_jobomas.db
2026-04-12 17:33:57,853 [INFO] Ejecutando diagnóstico de Jobomas...
2026-04-12 17:34:01,220 [INFO]   https://ar.jobomas.com/python → HTTP 404 | 27,618 | CT:text/html; charset=ISO-8859-1
2026-04-12 17:34:03,372 [INFO]   https://ar.jobomas.com/trabajo/python → HTTP 404 | 27,618 | CT:text/html; charset=ISO-8859-1
2026-04-12 17:34:05,699 [INFO]   https://ar.jobomas.com/ → HTTP 200 | 48,084 | CT:text/html; charset=ISO-8859-1
2026-04-12 17:34:05,714 [INFO]   <title>: Empleos y Ofertas de Trabajo en Argentina
2026-04-12 17:34:05,716 [INFO]   Clase 'job': 8
2026-04-12 17:34:05,726 [INFO]   Links de oferta: 3
2026-04-12 17:34:05,727 [INFO]     /empresa/perfil/2180025/cba_markets_b_s | CBA Markets B&S,
2026-04-12 17:34:05,727 [INFO]     https://itunes.apple.com/mx/app/jobomas/id971392629?utm_source=click_ios&utm_medium=footer_desktop | 
2026-04-12 17:34:05,727 [INFO]     https://itunes.apple.com/mx/app/jobomas/id971392629?utm_source=click_ios&utm_medium=footer_mobile | 
2026-04-12 17:34:05,727 [INFO] JobomasScraper inicializado (modo: params)
2026-04-12 17:34:05,727 [INFO]   ✅ Queries del CV inyectadas en jobomas
2026-04-12 17:34:05,727 [INFO] ============================================================
2026-04-12 17:34:05,727 [INFO] INICIO - Jobomas Argentina
2026-04-12 17:34:05,727 [INFO] 
🔍 'Data Scientist'
2026-04-12 17:34:05,727 [INFO]    Página 1/5
2026-04-12 17:34:10,634 [INFO]    → 1 encontradas
2026-04-12 17:34:18,835 [WARNING] HTTP 404 (intento 1)
2026-04-12 17:34:32,966 [WARNING] HTTP 404 (intento 2)
2026-04-12 17:34:57,645 [WARNING] HTTP 404 (intento 3)
2026-04-12 17:35:27,659 [INFO]    Página 2/5
2026-04-12 17:35:32,678 [WARNING]    Sin ofertas — HTML guardado en diagnostico/
2026-04-12 17:35:32,678 [INFO]    → 0 encontradas
2026-04-12 17:35:32,678 [INFO] CSV: 1 exportadas
2026-04-12 17:35:32,678 [INFO] ✅ 'Data Scientist': 1 guardadas
2026-04-12 17:35:41,200 [INFO] 
🔍 'BI / Analytics'
2026-04-12 17:35:41,200 [INFO]    Página 1/5
2026-04-12 17:35:45,067 [WARNING]    Sin ofertas — HTML guardado en diagnostico/
2026-04-12 17:35:45,067 [INFO]    → 0 encontradas
2026-04-12 17:35:45,067 [INFO] ✅ 'BI / Analytics': 0 guardadas
2026-04-12 17:35:50,391 [INFO] 
🔍 'Python Developer'
2026-04-12 17:35:50,392 [INFO]    Página 1/5
2026-04-12 17:35:54,678 [WARNING]    Sin ofertas — HTML guardado en diagnostico/
2026-04-12 17:35:54,678 [INFO]    → 0 encontradas
2026-04-12 17:35:54,678 [INFO] ✅ 'Python Developer': 0 guardadas
2026-04-12 17:36:00,519 [INFO] 
🔍 'Control de Gestión'
2026-04-12 17:36:00,519 [INFO]    Página 1/5
2026-04-12 17:36:04,628 [WARNING]    Sin ofertas — HTML guardado en diagnostico/
2026-04-12 17:36:04,628 [INFO]    → 0 encontradas
2026-04-12 17:36:04,628 [INFO] ✅ 'Control de Gestión': 0 guardadas
2026-04-12 17:36:10,707 [INFO] 
🔍 'Gerente de Operaciones'
2026-04-12 17:36:10,707 [INFO]    Página 1/5
2026-04-12 17:36:16,774 [WARNING]    Sin ofertas — HTML guardado en diagnostico/
2026-04-12 17:36:16,775 [INFO]    → 0 encontradas
2026-04-12 17:36:16,775 [INFO] ✅ 'Gerente de Operaciones': 0 guardadas
2026-04-12 17:36:25,404 [INFO] 
🔍 'Compras / Procurement'
2026-04-12 17:36:25,404 [INFO]    Página 1/5
2026-04-12 17:36:31,233 [WARNING]    Sin ofertas — HTML guardado en diagnostico/
2026-04-12 17:36:31,234 [INFO]    → 0 encontradas
2026-04-12 17:36:31,234 [INFO] ✅ 'Compras / Procurement': 0 guardadas
2026-04-12 17:36:40,464 [INFO] 
🔍 'Ingeniero Industrial'
2026-04-12 17:36:40,465 [INFO]    Página 1/5
2026-04-12 17:36:45,531 [WARNING]    Sin ofertas — HTML guardado en diagnostico/
2026-04-12 17:36:45,531 [INFO]    → 0 encontradas
2026-04-12 17:36:45,531 [INFO] ✅ 'Ingeniero Industrial': 0 guardadas
2026-04-12 17:36:52,304 [INFO] 
🔍 'Finanzas / CAPEX'
2026-04-12 17:36:52,305 [INFO]    Página 1/5
2026-04-12 17:36:58,338 [WARNING]    Sin ofertas — HTML guardado en diagnostico/
2026-04-12 17:36:58,338 [INFO]    → 0 encontradas
2026-04-12 17:36:58,338 [INFO] ✅ 'Finanzas / CAPEX': 0 guardadas
2026-04-12 17:37:05,808 [INFO] 
🔍 'Excel / VBA'
2026-04-12 17:37:05,809 [INFO]    Página 1/5
2026-04-12 17:37:11,544 [WARNING]    Sin ofertas — HTML guardado en diagnostico/
2026-04-12 17:37:11,545 [INFO]    → 0 encontradas
2026-04-12 17:37:11,545 [INFO] ✅ 'Excel / VBA': 0 guardadas
2026-04-12 17:37:18,990 [INFO] 
🔍 'Supply Chain'
2026-04-12 17:37:18,990 [INFO]    Página 1/5
2026-04-12 17:37:23,272 [WARNING]    Sin ofertas — HTML guardado en diagnostico/
2026-04-12 17:37:23,272 [INFO]    → 0 encontradas
2026-04-12 17:37:23,272 [INFO] ✅ 'Supply Chain': 0 guardadas
2026-04-12 17:37:30,328 [INFO] 
🔍 'Continuous Improvement'
2026-04-12 17:37:30,329 [INFO]    Página 1/5
2026-04-12 17:37:34,842 [WARNING]    Sin ofertas — HTML guardado en diagnostico/
2026-04-12 17:37:34,842 [INFO]    → 0 encontradas
2026-04-12 17:37:34,842 [INFO] ✅ 'Continuous Improvement': 0 guardadas
2026-04-12 17:37:41,590 [INFO] 
============================================================
FINALIZADO — 1 ofertas
2026-04-12 17:37:41,599 [INFO]   ✅ jobomas: 1 ofertas recopiladas
2026-04-12 17:37:41,604 [INFO] 
============================================================
2026-04-12 17:37:41,605 [INFO]   EJECUTANDO: jobrapido (JobrapidoScraper)
2026-04-12 17:37:41,605 [INFO]   Queries: desde CV (22 búsquedas)
2026-04-12 17:37:41,605 [INFO] ============================================================
2026-04-12 17:37:41,641 [INFO] DB lista: /media/carlos-a-cicconi/Common1/Repositorios-Ing.Carlos-Cicconi/Trabajo_Final_MCD/data/raw/ofertas_jobrapido.db
2026-04-12 17:37:41,642 [INFO] Ejecutando diagnóstico de Jobrapido...
2026-04-12 17:37:44,181 [INFO]   https://ar.jobrapido.com/Ofertas-de-trabajo-para-Python?l=Argentina → HTTP 200 | 409,608 chars
2026-04-12 17:37:44,209 [INFO]   <title>: Bolsa trabajo para Python, ofertas empleo | Jobrapido.com
2026-04-12 17:37:44,209 [INFO]   JS-only:False
2026-04-12 17:37:44,212 [INFO]   Clase 'job': 56 | ejemplo: search google-one-tap-enabled smartphone-banner-enabled not-
2026-04-12 17:37:44,216 [INFO]   Clase 'result': 261 | ejemplo: wrapper result-list
2026-04-12 17:37:44,224 [INFO]   Clase 'item': 289 | ejemplo: suggested-locations-item
2026-04-12 17:37:44,234 [INFO]   Links de oferta: 20
2026-04-12 17:37:44,234 [INFO]     https://open.app.jobrapido.com/ar/8141247611366539264/?w=python&l=&oc=sponsored&k=web.1.1.0&uuid=arF0019d836a1ed3c1fb&page_item_id=-1588022165 | Open job preview for: Python/ArcGIS developer  - Mendoza
2026-04-12 17:37:44,234 [INFO]     https://open.app.jobrapido.com/ar/290773346830778368/?w=python&l=&oc=sponsored&k=web.1.1.1&uuid=arF0019d836a1ed3c1fb&page_item_id=-1653117293 | Open job preview for: Sr/Lead Odoo (Python) Engineer  - Mend
2026-04-12 17:37:44,234 [INFO]     https://open.app.jobrapido.com/ar/6036539127510335488/?w=python&l=&oc=sponsored&k=web.1.1.2&uuid=arF0019d836a1ed3c1fb&page_item_id=-464401614 | Open job preview for: Software Engineer - Python/Django  - M
2026-04-12 17:37:44,238 [INFO]   Paginación: 1
2026-04-12 17:37:44,238 [INFO] JobrapidoScraper inicializado
2026-04-12 17:37:44,238 [INFO]   ✅ Queries del CV inyectadas en jobrapido
2026-04-12 17:37:44,238 [INFO] ============================================================
2026-04-12 17:37:44,238 [INFO] INICIO - Jobrapido Argentina
2026-04-12 17:37:44,238 [INFO] 
🔍 'Data Scientist'
2026-04-12 17:37:44,238 [INFO]    Página 1/5
2026-04-12 17:37:47,435 [INFO]    → 15 encontradas
2026-04-12 17:39:21,644 [INFO]    Página 2/5
2026-04-12 17:39:25,825 [INFO]    → 15 encontradas
2026-04-12 17:40:53,806 [INFO]    Página 3/5
2026-04-12 17:40:58,895 [INFO]    → 20 encontradas
2026-04-12 17:43:02,007 [INFO]    Página 4/5
2026-04-12 17:43:08,488 [INFO]    → 20 encontradas
2026-04-12 17:45:06,110 [INFO]    Página 5/5
2026-04-12 17:45:09,421 [INFO]    → 20 encontradas
2026-04-12 17:47:13,082 [INFO] CSV: 90 exportadas
2026-04-12 17:47:13,082 [INFO] ✅ 'Data Scientist': 90 guardadas
2026-04-12 17:47:21,367 [INFO] 
🔍 'BI / Analytics'
2026-04-12 17:47:21,368 [INFO]    Página 1/5
2026-04-12 17:47:26,004 [INFO]    → 20 encontradas
2026-04-12 17:49:27,225 [INFO]    Página 2/5
2026-04-12 17:49:31,979 [INFO]    → 20 encontradas
2026-04-12 17:51:44,638 [INFO]    Página 3/5
2026-04-12 17:51:48,803 [INFO]    → 5 encontradas
2026-04-12 17:52:19,043 [INFO]    Página 4/5
2026-04-12 17:52:24,563 [INFO]    → 15 encontradas
2026-04-12 17:53:53,550 [INFO]    Página 5/5
2026-04-12 17:53:59,281 [INFO]    → 20 encontradas
2026-04-12 17:55:52,343 [INFO] CSV: 80 exportadas
2026-04-12 17:55:52,343 [INFO] ✅ 'BI / Analytics': 80 guardadas
2026-04-12 17:56:00,461 [INFO] 
🔍 'Python Developer'
2026-04-12 17:56:00,462 [INFO]    Página 1/5
2026-04-12 17:56:05,079 [INFO]    → 20 encontradas
2026-04-12 17:58:08,311 [INFO]    Página 2/5
2026-04-12 17:58:13,111 [INFO]    → 19 encontradas
2026-04-12 18:00:09,153 [INFO]    Página 3/5
2026-04-12 18:00:14,689 [INFO]    → 20 encontradas
2026-04-12 18:02:19,195 [INFO]    Página 4/5
2026-04-12 18:02:23,408 [WARNING]    Sin ofertas — HTML guardado en diagnostico/
2026-04-12 18:02:23,408 [INFO]    → 0 encontradas
2026-04-12 18:02:23,410 [INFO] CSV: 59 exportadas
2026-04-12 18:02:23,410 [INFO] ✅ 'Python Developer': 59 guardadas
2026-04-12 18:02:30,048 [INFO] 
🔍 'Control de Gestión'
2026-04-12 18:02:30,049 [INFO]    Página 1/5
2026-04-12 18:02:33,305 [INFO]    → 15 encontradas
2026-04-12 18:04:02,111 [INFO]    Página 2/5
2026-04-12 18:04:08,077 [INFO]    → 20 encontradas
2026-04-12 18:06:07,547 [INFO]    Página 3/5
2026-04-12 18:06:11,658 [INFO]    → 19 encontradas
2026-04-12 18:08:00,801 [INFO]    Página 4/5
2026-04-12 18:08:05,316 [WARNING]    Sin ofertas — HTML guardado en diagnostico/
2026-04-12 18:08:05,316 [INFO]    → 0 encontradas
2026-04-12 18:08:05,318 [INFO] CSV: 54 exportadas
2026-04-12 18:08:05,318 [INFO] ✅ 'Control de Gestión': 54 guardadas
2026-04-12 18:08:14,175 [INFO] 
🔍 'Gerente de Operaciones'
2026-04-12 18:08:14,175 [INFO]    Página 1/5
2026-04-12 18:08:19,410 [INFO]    → 17 encontradas
2026-04-12 18:10:07,260 [INFO]    Página 2/5
2026-04-12 18:10:12,198 [INFO]    → 19 encontradas
2026-04-12 18:12:11,367 [INFO]    Página 3/5
2026-04-12 18:12:17,000 [INFO]    → 20 encontradas
2026-04-12 18:14:16,201 [INFO]    Página 4/5
2026-04-12 18:14:22,157 [WARNING]    Sin ofertas — HTML guardado en diagnostico/
2026-04-12 18:14:22,157 [INFO]    → 0 encontradas
2026-04-12 18:14:22,158 [INFO] CSV: 56 exportadas
2026-04-12 18:14:22,158 [INFO] ✅ 'Gerente de Operaciones': 56 guardadas
2026-04-12 18:14:27,615 [INFO] 
🔍 'Compras / Procurement'
2026-04-12 18:14:27,615 [INFO]    Página 1/5
2026-04-12 18:14:32,605 [INFO]    → 14 encontradas
2026-04-12 18:15:58,909 [INFO]    Página 2/5
2026-04-12 18:16:04,127 [INFO]    → 17 encontradas
2026-04-12 18:17:46,429 [INFO]    Página 3/5
2026-04-12 18:17:51,441 [INFO]    → 4 encontradas
2026-04-12 18:18:16,225 [INFO]    Página 4/5
2026-04-12 18:18:22,196 [INFO]    → 19 encontradas
2026-04-12 18:20:19,722 [INFO]    Página 5/5
2026-04-12 18:20:25,676 [INFO]    → 20 encontradas
2026-04-12 18:22:29,281 [INFO] CSV: 74 exportadas
2026-04-12 18:22:29,281 [INFO] ✅ 'Compras / Procurement': 74 guardadas
2026-04-12 18:22:38,202 [INFO] 
🔍 'Ingeniero Industrial'
2026-04-12 18:22:38,203 [INFO]    Página 1/5
2026-04-12 18:22:42,458 [INFO]    → 14 encontradas
2026-04-12 18:24:09,735 [INFO]    Página 2/5
2026-04-12 18:24:14,614 [INFO]    → 20 encontradas
2026-04-12 18:26:25,006 [INFO]    Página 3/5
2026-04-12 18:26:29,273 [INFO]    → 5 encontradas
2026-04-12 18:26:57,880 [INFO]    Página 4/5
2026-04-12 18:27:02,931 [INFO]    → 20 encontradas
2026-04-12 18:29:03,838 [INFO]    Página 5/5
2026-04-12 18:29:07,897 [WARNING]    Sin ofertas — HTML guardado en diagnostico/
2026-04-12 18:29:07,897 [INFO]    → 0 encontradas
2026-04-12 18:29:07,898 [INFO] CSV: 59 exportadas
2026-04-12 18:29:07,899 [INFO] ✅ 'Ingeniero Industrial': 59 guardadas
2026-04-12 18:29:14,579 [INFO] 
🔍 'Finanzas / CAPEX'
2026-04-12 18:29:14,580 [INFO]    Página 1/5
2026-04-12 18:29:19,323 [INFO]    → 14 encontradas
2026-04-12 18:30:42,554 [INFO]    Página 2/5
2026-04-12 18:30:49,083 [INFO]    → 18 encontradas
2026-04-12 18:32:34,070 [INFO]    Página 3/5
2026-04-12 18:32:39,674 [INFO]    → 19 encontradas
2026-04-12 18:34:33,164 [INFO]    Página 4/5
2026-04-12 18:34:38,477 [WARNING]    Sin ofertas — HTML guardado en diagnostico/
2026-04-12 18:34:38,477 [INFO]    → 0 encontradas
2026-04-12 18:34:38,478 [INFO] CSV: 51 exportadas
2026-04-12 18:34:38,478 [INFO] ✅ 'Finanzas / CAPEX': 51 guardadas
2026-04-12 18:34:43,651 [INFO] 
🔍 'Excel / VBA'
2026-04-12 18:34:43,652 [INFO]    Página 1/5
2026-04-12 18:34:46,988 [INFO]    → 12 encontradas
2026-04-12 18:36:01,323 [INFO]    Página 2/5
2026-04-12 18:36:06,515 [INFO]    → 8 encontradas
2026-04-12 18:36:58,268 [INFO]    Página 3/5
2026-04-12 18:37:03,599 [INFO]    → 13 encontradas
2026-04-12 18:38:27,654 [INFO]    Página 4/5
2026-04-12 18:38:31,980 [INFO]    → 16 encontradas
2026-04-12 18:40:16,824 [INFO]    Página 5/5
2026-04-12 18:40:20,497 [WARNING]    Sin ofertas — HTML guardado en diagnostico/
2026-04-12 18:40:20,497 [INFO]    → 0 encontradas
2026-04-12 18:40:20,498 [INFO] CSV: 49 exportadas
2026-04-12 18:40:20,498 [INFO] ✅ 'Excel / VBA': 49 guardadas
2026-04-12 18:40:26,228 [INFO] 
🔍 'Supply Chain'
2026-04-12 18:40:26,229 [INFO]    Página 1/5
2026-04-12 18:40:30,507 [INFO]    → 18 encontradas
2026-04-12 18:42:18,983 [INFO]    Página 2/5
2026-04-12 18:42:23,364 [INFO]    → 20 encontradas
2026-04-12 18:44:22,789 [INFO]    Página 3/5
2026-04-12 18:44:28,308 [INFO]    → 20 encontradas
2026-04-12 18:46:33,350 [INFO]    Página 4/5
2026-04-12 18:46:37,685 [INFO]    → 20 encontradas
2026-04-12 18:48:40,741 [INFO]    Página 5/5
2026-04-12 18:48:45,756 [WARNING]    Sin ofertas — HTML guardado en diagnostico/
2026-04-12 18:48:45,756 [INFO]    → 0 encontradas
2026-04-12 18:48:45,757 [INFO] CSV: 78 exportadas
2026-04-12 18:48:45,757 [INFO] ✅ 'Supply Chain': 78 guardadas
2026-04-12 18:48:54,284 [INFO] 
🔍 'Continuous Improvement'
2026-04-12 18:48:54,285 [INFO]    Página 1/5
2026-04-12 18:48:57,852 [INFO]    → 16 encontradas
2026-04-12 18:50:30,715 [INFO]    Página 2/5
2026-04-12 18:50:34,513 [INFO]    → 18 encontradas
2026-04-12 18:52:30,829 [INFO]    Página 3/5
2026-04-12 18:52:36,679 [INFO]    → 18 encontradas
2026-04-12 18:54:24,790 [INFO]    Página 4/5
2026-04-12 18:54:29,102 [WARNING]    Sin ofertas — HTML guardado en diagnostico/
2026-04-12 18:54:29,102 [INFO]    → 0 encontradas
2026-04-12 18:54:29,103 [INFO] CSV: 52 exportadas
2026-04-12 18:54:29,103 [INFO] ✅ 'Continuous Improvement': 52 guardadas
2026-04-12 18:54:35,091 [INFO] 
============================================================
FINALIZADO — 702 ofertas
2026-04-12 18:54:35,100 [INFO]   ✅ jobrapido: 702 ofertas recopiladas
2026-04-12 18:54:35,108 [INFO] 
============================================================
2026-04-12 18:54:35,108 [INFO]   EJECUTANDO: jobleads (JobleadsScraper)
2026-04-12 18:54:35,108 [INFO]   Queries: desde CV (22 búsquedas)
2026-04-12 18:54:35,108 [INFO] ============================================================
2026-04-12 18:54:35,146 [INFO] DB lista: /media/carlos-a-cicconi/Common1/Repositorios-Ing.Carlos-Cicconi/Trabajo_Final_MCD/data/raw/ofertas_jobleads.db
2026-04-12 18:54:35,146 [INFO] Ejecutando diagnóstico de JobLeads...
2026-04-12 18:54:39,412 [INFO]   https://www.jobleads.com/ar/jobs?q=python → HTTP 200 | 472,594 chars | Final: https://www.jobleads.com/ar/jobs?q=python
2026-04-12 18:54:39,442 [INFO]   <title>: Puestos: python | Argentina | JobLeads
2026-04-12 18:54:39,444 [INFO]   Links oferta detectados: 25
2026-04-12 18:54:39,444 [INFO]     https://www.jobleads.com/ar/job/python-developer-ssr-sr-hibrido-amba-id-00246--buenos-aires--ef8bc6f0ab4d523380add8ebfeff62540 | Senior Python Engineer — Automation & Infra
2026-04-12 18:54:39,444 [INFO]     https://www.jobleads.com/ar/job/lead-python-developer-ai-cloud-mentorship--argentina--e1c5bedfd14722089ccf275bd4cbe0868 | Lead Python Developer: AI, Cloud & Mentorship
2026-04-12 18:54:39,444 [INFO]     https://www.jobleads.com/ar/job/senior-python-engineer-api-aws-data-warehousing-remote--argentina--e84040a3461eff7d89d12bb4672fc15ba | Senior Python Engineer: API, AWS & Data Warehousing Remote
2026-04-12 18:54:39,445 [INFO] JobleadsScraper inicializado (modo híbrido: requests + Playwright)
2026-04-12 18:54:39,445 [INFO]   ✅ Queries del CV inyectadas en jobleads
2026-04-12 18:54:39,445 [INFO] ============================================================
2026-04-12 18:54:39,445 [INFO] INICIO - JobLeads (modo híbrido: requests + Playwright)
2026-04-12 18:54:40,020 [INFO] Inicializando sesión Playwright en JobLeads...
2026-04-12 18:54:44,701 [INFO] 
🔍 'Data Scientist'
2026-04-12 18:54:44,701 [INFO]    Página 1/5
2026-04-12 18:54:48,918 [WARNING] HTTP 403 (intento 1)
2026-04-12 18:55:03,846 [WARNING] HTTP 403 (intento 2)
2026-04-12 18:55:27,885 [WARNING] HTTP 403 (intento 3)
2026-04-12 18:55:57,886 [INFO]    Página 2/5
2026-04-12 18:56:04,341 [INFO]    → 1 encontradas
2026-04-12 18:56:08,418 [INFO]    Página 3/5
2026-04-12 18:56:14,680 [WARNING]    Sin ofertas HTML — guardado en diagnostico/jobleads_Data_Scientist.html
2026-04-12 18:56:14,680 [INFO]    → 0 encontradas
2026-04-12 18:56:14,680 [INFO] CSV: 1 exportadas
2026-04-12 18:56:14,680 [INFO] ✅ 'Data Scientist': 1 guardadas
2026-04-12 18:56:21,194 [INFO] 
🔍 'BI / Analytics'
2026-04-12 18:56:21,194 [INFO]    Página 1/5
2026-04-12 18:56:24,771 [INFO]    → 1 encontradas
2026-04-12 18:56:30,304 [INFO]    Página 2/5
2026-04-12 18:56:34,298 [INFO]    → 1 encontradas
2026-04-12 18:56:38,392 [INFO]    Página 3/5
2026-04-12 18:56:43,192 [WARNING]    Sin ofertas HTML — guardado en diagnostico/jobleads_BI__Analytics.html
2026-04-12 18:56:43,193 [INFO]    → 0 encontradas
2026-04-12 18:56:43,193 [INFO] CSV: 2 exportadas
2026-04-12 18:56:43,193 [INFO] ✅ 'BI / Analytics': 2 guardadas
2026-04-12 18:56:53,807 [INFO] 
🔍 'Python Developer'
2026-04-12 18:56:53,808 [INFO]    Página 1/5
2026-04-12 18:56:58,361 [INFO]    → 1 encontradas
2026-04-12 18:57:03,514 [INFO]    Página 2/5
2026-04-12 18:57:07,296 [WARNING]    Sin ofertas HTML — guardado en diagnostico/jobleads_Python_Developer.html
2026-04-12 18:57:07,296 [INFO]    → 0 encontradas
2026-04-12 18:57:07,297 [INFO] CSV: 1 exportadas
2026-04-12 18:57:07,297 [INFO] ✅ 'Python Developer': 1 guardadas
2026-04-12 18:57:16,518 [INFO] 
🔍 'Control de Gestión'
2026-04-12 18:57:16,518 [INFO]    Página 1/5
2026-04-12 18:57:22,431 [INFO]    → 1 encontradas
2026-04-12 18:57:27,402 [INFO]    Página 2/5
2026-04-12 18:57:31,784 [WARNING]    Sin ofertas HTML — guardado en diagnostico/jobleads_Control_de_Gestión.html
2026-04-12 18:57:31,784 [INFO]    → 0 encontradas
2026-04-12 18:57:31,785 [INFO] CSV: 1 exportadas
2026-04-12 18:57:31,785 [INFO] ✅ 'Control de Gestión': 1 guardadas
2026-04-12 18:57:38,917 [INFO] 
🔍 'Gerente de Operaciones'
2026-04-12 18:57:38,918 [INFO]    Página 1/5
2026-04-12 18:57:44,838 [INFO]    → 1 encontradas
2026-04-12 18:57:49,599 [INFO]    Página 2/5
2026-04-12 18:57:53,544 [WARNING]    Sin ofertas HTML — guardado en diagnostico/jobleads_Gerente_de_Operaciones.html
2026-04-12 18:57:53,544 [INFO]    → 0 encontradas
2026-04-12 18:57:53,544 [INFO] CSV: 1 exportadas
2026-04-12 18:57:53,544 [INFO] ✅ 'Gerente de Operaciones': 1 guardadas
2026-04-12 18:58:00,538 [INFO] 
🔍 'Compras / Procurement'
2026-04-12 18:58:00,539 [INFO]    Página 1/5
2026-04-12 18:58:05,323 [INFO]    → 1 encontradas
2026-04-12 18:58:10,522 [INFO]    Página 2/5
2026-04-12 18:58:15,886 [WARNING]    Sin ofertas HTML — guardado en diagnostico/jobleads_Compras__Procurement.html
2026-04-12 18:58:15,886 [INFO]    → 0 encontradas
2026-04-12 18:58:15,886 [INFO] CSV: 1 exportadas
2026-04-12 18:58:15,886 [INFO] ✅ 'Compras / Procurement': 1 guardadas
2026-04-12 18:58:22,447 [INFO] 
🔍 'Ingeniero Industrial'
2026-04-12 18:58:22,448 [INFO]    Página 1/5
2026-04-12 18:58:27,758 [INFO]    → 1 encontradas
2026-04-12 18:58:32,999 [INFO]    Página 2/5
2026-04-12 18:58:37,369 [WARNING]    Sin ofertas HTML — guardado en diagnostico/jobleads_Ingeniero_Industrial.html
2026-04-12 18:58:37,369 [INFO]    → 0 encontradas
2026-04-12 18:58:37,369 [INFO] CSV: 1 exportadas
2026-04-12 18:58:37,369 [INFO] ✅ 'Ingeniero Industrial': 1 guardadas
2026-04-12 18:58:48,128 [INFO] 
🔍 'Finanzas / CAPEX'
2026-04-12 18:58:48,128 [INFO]    Página 1/5
2026-04-12 18:58:53,067 [INFO]    → 1 encontradas
2026-04-12 18:58:58,544 [INFO]    Página 2/5
2026-04-12 18:59:02,110 [WARNING]    Sin ofertas HTML — guardado en diagnostico/jobleads_Finanzas__CAPEX.html
2026-04-12 18:59:02,110 [INFO]    → 0 encontradas
2026-04-12 18:59:02,110 [INFO] CSV: 1 exportadas
2026-04-12 18:59:02,110 [INFO] ✅ 'Finanzas / CAPEX': 1 guardadas
2026-04-12 18:59:12,678 [INFO] 
🔍 'Excel / VBA'
2026-04-12 18:59:12,678 [INFO]    Página 1/5
2026-04-12 18:59:17,042 [INFO]    → 1 encontradas
2026-04-12 18:59:21,431 [INFO]    Página 2/5
2026-04-12 18:59:28,088 [WARNING]    Sin ofertas HTML — guardado en diagnostico/jobleads_Excel__VBA.html
2026-04-12 18:59:28,088 [INFO]    → 0 encontradas
2026-04-12 18:59:28,088 [INFO] CSV: 1 exportadas
2026-04-12 18:59:28,088 [INFO] ✅ 'Excel / VBA': 1 guardadas
2026-04-12 18:59:36,924 [INFO] 
🔍 'Supply Chain'
2026-04-12 18:59:36,925 [INFO]    Página 1/5
2026-04-12 18:59:42,810 [WARNING] HTTP 500 (intento 1)
2026-04-12 18:59:57,123 [INFO]    → 1 encontradas
2026-04-12 19:00:01,364 [INFO]    Página 2/5
2026-04-12 19:00:05,125 [WARNING]    Sin ofertas HTML — guardado en diagnostico/jobleads_Supply_Chain.html
2026-04-12 19:00:05,125 [INFO]    → 0 encontradas
2026-04-12 19:00:05,125 [INFO] CSV: 1 exportadas
2026-04-12 19:00:05,125 [INFO] ✅ 'Supply Chain': 1 guardadas
2026-04-12 19:00:15,992 [INFO] 
🔍 'Continuous Improvement'
2026-04-12 19:00:15,993 [INFO]    Página 1/5
2026-04-12 19:00:20,476 [INFO]    → 1 encontradas
2026-04-12 19:00:24,681 [INFO]    Página 2/5
2026-04-12 19:00:30,160 [WARNING]    Sin ofertas HTML — guardado en diagnostico/jobleads_Continuous_Improvement.html
2026-04-12 19:00:30,161 [INFO]    → 0 encontradas
2026-04-12 19:00:30,161 [INFO] CSV: 1 exportadas
2026-04-12 19:00:30,161 [INFO] ✅ 'Continuous Improvement': 1 guardadas
2026-04-12 19:00:38,380 [INFO] 
============================================================
FINALIZADO — 12 ofertas
2026-04-12 19:00:38,380 [INFO]   ✅ jobleads: 12 ofertas recopiladas
2026-04-12 19:00:38,381 [INFO] 
=================================================================
2026-04-12 19:00:38,381 [INFO]   FASE 2: CONSOLIDACIÓN
2026-04-12 19:00:38,381 [INFO] =================================================================
2026-04-12 19:00:38,398 [INFO] Consolidado DB lista: /media/carlos-a-cicconi/Common1/Repositorios-Ing.Carlos-Cicconi/Trabajo_Final_MCD/data/raw/consolidado/ofertas_consolidadas.db
2026-04-12 19:00:38,399 [INFO] 
  📂 Procesando: linkedin (ofertas_linkedin.db)
2026-04-12 19:00:38,408 [INFO]   Leídas 436 ofertas de ofertas_linkedin.db
2026-04-12 19:00:38,463 [INFO]   ✅ linkedin: leídas=436 | nuevas=423 | dup=0 | old=13
2026-04-12 19:00:38,463 [INFO] 
  📂 Procesando: computrabajo (ofertas_computrabajo.db)
2026-04-12 19:00:38,464 [INFO]   Leídas 50 ofertas de ofertas_computrabajo.db
2026-04-12 19:00:38,476 [INFO]   ✅ computrabajo: leídas=50 | nuevas=50 | dup=0 | old=0
2026-04-12 19:00:38,477 [INFO] 
  📂 Procesando: getonboard (ofertas_getonboard.db)
2026-04-12 19:00:38,477 [INFO]   Leídas 0 ofertas de ofertas_getonboard.db
2026-04-12 19:00:38,477 [INFO]   ✅ getonboard: leídas=0 | nuevas=0 | dup=0 | old=0
2026-04-12 19:00:38,478 [INFO] 
  📂 Procesando: bumeran (ofertas_bumeran.db)
2026-04-12 19:00:38,488 [INFO]   Leídas 271 ofertas de ofertas_bumeran.db
2026-04-12 19:00:38,536 [INFO]   ✅ bumeran: leídas=271 | nuevas=271 | dup=0 | old=0
2026-04-12 19:00:38,536 [INFO] 
  📂 Procesando: zonajobs (ofertas_zonajobs.db)
2026-04-12 19:00:38,537 [INFO]   Leídas 6 ofertas de ofertas_zonajobs.db
2026-04-12 19:00:38,542 [INFO]   ✅ zonajobs: leídas=6 | nuevas=6 | dup=0 | old=0
2026-04-12 19:00:38,542 [INFO] 
  📂 Procesando: workana (ofertas_workana.db)
2026-04-12 19:00:38,544 [INFO]   Leídas 37 ofertas de ofertas_workana.db
2026-04-12 19:00:38,555 [INFO]   ✅ workana: leídas=37 | nuevas=37 | dup=0 | old=0
2026-04-12 19:00:38,555 [INFO] 
  📂 Procesando: opcionempleo (ofertas_opcionempleo.db)
2026-04-12 19:00:38,569 [INFO]   Leídas 1,074 ofertas de ofertas_opcionempleo.db
2026-04-12 19:00:38,609 [INFO]   ✅ opcionempleo: leídas=1,074 | nuevas=1,074 | dup=0 | old=0
2026-04-12 19:00:38,609 [INFO] 
  📂 Procesando: jobomas (ofertas_jobomas.db)
2026-04-12 19:00:38,610 [INFO]   Leídas 1 ofertas de ofertas_jobomas.db
2026-04-12 19:00:38,615 [INFO]   ✅ jobomas: leídas=1 | nuevas=1 | dup=0 | old=0
2026-04-12 19:00:38,615 [INFO] 
  📂 Procesando: jobrapido (ofertas_jobrapido.db)
2026-04-12 19:00:38,619 [INFO]   Leídas 702 ofertas de ofertas_jobrapido.db
2026-04-12 19:00:38,637 [INFO]   ✅ jobrapido: leídas=702 | nuevas=702 | dup=0 | old=0
2026-04-12 19:00:38,637 [INFO] 
  📂 Procesando: jobleads (ofertas_jobleads.db)
2026-04-12 19:00:38,638 [INFO]   Leídas 12 ofertas de ofertas_jobleads.db
2026-04-12 19:00:38,643 [INFO]   ✅ jobleads: leídas=12 | nuevas=12 | dup=0 | old=0
2026-04-12 19:00:38,785 [INFO]   CSV consolidado actualizado: +2,576 filas → /media/carlos-a-cicconi/Common1/Repositorios-Ing.Carlos-Cicconi/Trabajo_Final_MCD/data/raw/consolidado/ofertas_consolidadas.csv
2026-04-12 19:00:38,785 [INFO] 
=================================================================
2026-04-12 19:00:38,785 [INFO]   RESUMEN FINAL
2026-04-12 19:00:38,785 [INFO] =================================================================
2026-04-12 19:00:38,786 [INFO]   Ofertas nuevas incorporadas : 2,576
2026-04-12 19:00:38,786 [INFO]   Descartadas (antigüedad)    : 13
2026-04-12 19:00:38,786 [INFO]   Descartadas (duplicado)     : 0
2026-04-12 19:00:38,786 [INFO]   Total acumulado en DB       : 2,576
2026-04-12 19:00:38,786 [INFO]   Ventana temporal aplicada   : últimos 90 días (desde 2026-01-12)
2026-04-12 19:00:38,786 [INFO]   Duración total              : 407m 9s
2026-04-12 19:00:38,786 [INFO] 
  Archivos de salida:
2026-04-12 19:00:38,786 [INFO]     DB : /media/carlos-a-cicconi/Common1/Repositorios-Ing.Carlos-Cicconi/Trabajo_Final_MCD/data/raw/consolidado/ofertas_consolidadas.db
2026-04-12 19:00:38,786 [INFO]     CSV: /media/carlos-a-cicconi/Common1/Repositorios-Ing.Carlos-Cicconi/Trabajo_Final_MCD/data/raw/consolidado/ofertas_consolidadas.csv
2026-04-12 19:00:38,786 [INFO]     Log: /media/carlos-a-cicconi/Common1/Repositorios-Ing.Carlos-Cicconi/Trabajo_Final_MCD/logs/run_scraping_20260412_121329.log
2026-04-12 19:00:38,786 [INFO] 
  Resultado por scraper:
2026-04-12 19:00:38,786 [INFO]     ✅ linkedin        | 📄CV | ofertas=436 | tiempo=2111s
2026-04-12 19:00:38,786 [INFO]     ✅ computrabajo    | 📄CV | ofertas=50 | tiempo=336s
2026-04-12 19:00:38,787 [INFO]     ✅ getonboard      | 📄CV | ofertas=8 | tiempo=131s
2026-04-12 19:00:38,787 [INFO]     ✅ bumeran         | 📄CV | ofertas=271 | tiempo=2828s
2026-04-12 19:00:38,787 [INFO]     ❌ zonajobs        | 📄CV | ofertas=0 | tiempo=124s | error=[Errno 2] No such file or directory: '/media/carlos-a-ciccon
2026-04-12 19:00:38,787 [INFO]     ✅ workana         | 📄CV | ofertas=37 | tiempo=1150s
2026-04-12 19:00:38,787 [INFO]     ✅ opcionempleo    | 📄CV | ofertas=1,074 | tiempo=12545s
2026-04-12 19:00:38,787 [INFO]     ✅ jobomas         | 📄CV | ofertas=1 | tiempo=223s
2026-04-12 19:00:38,787 [INFO]     ✅ jobrapido       | 📄CV | ofertas=702 | tiempo=4613s
2026-04-12 19:00:38,787 [INFO]     ✅ jobleads        | 📄CV | ofertas=12 | tiempo=363s
2026-04-12 19:00:38,787 [INFO] 
  Por fuente (consolidación):
2026-04-12 19:00:38,787 [INFO]     linkedin       : nuevas=423 | dup=0 | old=13
2026-04-12 19:00:38,787 [INFO]     computrabajo   : nuevas=50 | dup=0 | old=0
2026-04-12 19:00:38,787 [INFO]     getonboard     : nuevas=0 | dup=0 | old=0
2026-04-12 19:00:38,787 [INFO]     bumeran        : nuevas=271 | dup=0 | old=0
2026-04-12 19:00:38,788 [INFO]     zonajobs       : nuevas=6 | dup=0 | old=0
2026-04-12 19:00:38,788 [INFO]     workana        : nuevas=37 | dup=0 | old=0
2026-04-12 19:00:38,788 [INFO]     opcionempleo   : nuevas=1,074 | dup=0 | old=0
2026-04-12 19:00:38,788 [INFO]     jobomas        : nuevas=1 | dup=0 | old=0
2026-04-12 19:00:38,788 [INFO]     jobrapido      : nuevas=702 | dup=0 | old=0
2026-04-12 19:00:38,788 [INFO]     jobleads       : nuevas=12 | dup=0 | old=0
2026-04-12 19:00:38,789 [INFO]     Reporte: /media/carlos-a-cicconi/Common1/Repositorios-Ing.Carlos-Cicconi/Trabajo_Final_MCD/data/raw/consolidado/run_20260412_190038.json
2026-04-12 19:00:38,789 [INFO] =================================================================
