2026-09-09 23:30:22,470 [INFO] 
=================================================================
2026-09-09 23:30:22,471 [INFO]   ORQUESTADOR DE SCRAPING — Tesis MCD
2026-09-09 23:30:22,472 [INFO]   Alumno: Cicconi, Carlos Alberto
2026-09-09 23:30:22,472 [INFO]   Universidad Austral — Maestría en Explotación de Datos
2026-09-09 23:30:22,473 [INFO] =================================================================
2026-09-09 23:30:22,473 [INFO]   Fecha/hora inicio : 2026-09-09 23:30:22
2026-09-09 23:30:22,474 [INFO]   Ventana temporal  : 90 días
2026-09-09 23:30:22,474 [INFO]   Scrapers activos  : 10
2026-09-09 23:30:22,475 [INFO]   Solo consolidar   : False
2026-09-09 23:30:22,475 [INFO]   Origen de queries : módulos (por defecto)
2026-09-09 23:30:22,476 [INFO] 
  Scrapers a ejecutar: ['linkedin', 'computrabajo', 'getonboard', 'bumeran', 'zonajobs', 'opcionempleo', 'jobrapido', 'freelancer_ar', 'randstad', 'adecco']
2026-09-09 23:30:22,476 [INFO] 
============================================================
2026-09-09 23:30:22,477 [INFO]   EJECUTANDO: linkedin (LinkedInScraper)
2026-09-09 23:30:22,478 [INFO]   Queries: definidas en el módulo
2026-09-09 23:30:22,478 [INFO] ============================================================
2026-09-09 23:30:23,202 [INFO] Base de datos lista: /media/carlos-a-cicconi/Common1/Repositorios-Ing.Carlos-Cicconi/Trabajo_Final_MCD/data/raw/db_linkedin.db
2026-09-09 23:30:23,202 [INFO] LinkedInScraper inicializado correctamente
2026-09-09 23:30:23,203 [INFO] ============================================================
2026-09-09 23:30:23,203 [INFO] INICIO DEL SCRAPING - LinkedIn Jobs
2026-09-09 23:30:23,203 [INFO] Búsquedas: 10 | Páginas por búsqueda: 5
2026-09-09 23:30:23,203 [INFO] ============================================================
2026-09-09 23:30:23,203 [INFO] 
🔍 Buscando: 'Data Scientist' en 'Argentina'
2026-09-09 23:30:23,204 [INFO]    Página 1/5 → https://www.linkedin.com/jobs-guest/jobs/api/seeMoreJobPostings/search?keywords=Data%20Scientist&location=Argentina&start=0&f_WT=2
2026-09-09 23:30:28,123 [INFO]    → 10 ofertas nuevas encontradas
2026-09-09 23:31:08,081 [INFO]    Página 2/5 → https://www.linkedin.com/jobs-guest/jobs/api/seeMoreJobPostings/search?keywords=Data%20Scientist&location=Argentina&start=25&f_WT=2
2026-09-09 23:31:11,384 [INFO]    → 10 ofertas nuevas encontradas
2026-09-09 23:31:54,875 [INFO]    Página 3/5 → https://www.linkedin.com/jobs-guest/jobs/api/seeMoreJobPostings/search?keywords=Data%20Scientist&location=Argentina&start=50&f_WT=2
2026-09-09 23:31:58,551 [INFO]    → 10 ofertas nuevas encontradas
2026-09-09 23:32:43,020 [INFO]    Página 4/5 → https://www.linkedin.com/jobs-guest/jobs/api/seeMoreJobPostings/search?keywords=Data%20Scientist&location=Argentina&start=75&f_WT=2
2026-09-09 23:32:46,588 [INFO]    → 10 ofertas nuevas encontradas
2026-09-09 23:33:30,428 [INFO]    Página 5/5 → https://www.linkedin.com/jobs-guest/jobs/api/seeMoreJobPostings/search?keywords=Data%20Scientist&location=Argentina&start=100&f_WT=2
2026-09-09 23:33:35,837 [INFO]    → 10 ofertas nuevas encontradas
2026-09-09 23:34:17,204 [INFO] Exportadas 50 ofertas a CSV: /media/carlos-a-cicconi/Common1/Repositorios-Ing.Carlos-Cicconi/Trabajo_Final_MCD/data/raw/ofertas_linkedin_20260909.csv
2026-09-09 23:34:17,204 [INFO] ✅ 'Data Scientist': 50 ofertas guardadas
2026-09-09 23:34:17,204 [INFO] 
🔍 Buscando: 'Data Analyst' en 'Argentina'
2026-09-09 23:34:17,204 [INFO]    Página 1/5 → https://www.linkedin.com/jobs-guest/jobs/api/seeMoreJobPostings/search?keywords=Data%20Analyst&location=Argentina&start=0&f_WT=2
2026-09-09 23:34:22,708 [INFO]    → 10 ofertas nuevas encontradas
2026-09-09 23:35:02,674 [INFO]    Página 2/5 → https://www.linkedin.com/jobs-guest/jobs/api/seeMoreJobPostings/search?keywords=Data%20Analyst&location=Argentina&start=25&f_WT=2
2026-09-09 23:35:05,923 [INFO]    → 9 ofertas nuevas encontradas
2026-09-09 23:35:45,696 [INFO]    Página 3/5 → https://www.linkedin.com/jobs-guest/jobs/api/seeMoreJobPostings/search?keywords=Data%20Analyst&location=Argentina&start=50&f_WT=2
2026-09-09 23:35:48,827 [INFO]    → 9 ofertas nuevas encontradas
2026-09-09 23:36:27,347 [INFO]    Página 4/5 → https://www.linkedin.com/jobs-guest/jobs/api/seeMoreJobPostings/search?keywords=Data%20Analyst&location=Argentina&start=75&f_WT=2
2026-09-09 23:36:30,919 [INFO]    → 9 ofertas nuevas encontradas
2026-09-09 23:37:04,527 [INFO]    Página 5/5 → https://www.linkedin.com/jobs-guest/jobs/api/seeMoreJobPostings/search?keywords=Data%20Analyst&location=Argentina&start=100&f_WT=2
2026-09-09 23:37:10,071 [INFO]    → 10 ofertas nuevas encontradas
2026-09-09 23:37:47,861 [INFO] Exportadas 47 ofertas a CSV: /media/carlos-a-cicconi/Common1/Repositorios-Ing.Carlos-Cicconi/Trabajo_Final_MCD/data/raw/ofertas_linkedin_20260909.csv
2026-09-09 23:37:47,861 [INFO] ✅ 'Data Analyst': 47 ofertas guardadas
2026-09-09 23:37:47,861 [INFO] 
🔍 Buscando: 'Machine Learning Engineer' en 'Argentina'
2026-09-09 23:37:47,861 [INFO]    Página 1/5 → https://www.linkedin.com/jobs-guest/jobs/api/seeMoreJobPostings/search?keywords=Machine%20Learning%20Engineer&location=Argentina&start=0&f_WT=2
2026-09-09 23:37:51,104 [INFO]    → 6 ofertas nuevas encontradas
2026-09-09 23:38:16,342 [INFO]    Página 2/5 → https://www.linkedin.com/jobs-guest/jobs/api/seeMoreJobPostings/search?keywords=Machine%20Learning%20Engineer&location=Argentina&start=25&f_WT=2
2026-09-09 23:38:21,029 [INFO]    → 9 ofertas nuevas encontradas
2026-09-09 23:38:57,203 [INFO]    Página 3/5 → https://www.linkedin.com/jobs-guest/jobs/api/seeMoreJobPostings/search?keywords=Machine%20Learning%20Engineer&location=Argentina&start=50&f_WT=2
2026-09-09 23:39:00,849 [INFO]    → 9 ofertas nuevas encontradas
2026-09-09 23:39:37,496 [INFO]    Página 4/5 → https://www.linkedin.com/jobs-guest/jobs/api/seeMoreJobPostings/search?keywords=Machine%20Learning%20Engineer&location=Argentina&start=75&f_WT=2
2026-09-09 23:39:41,362 [INFO]    → 8 ofertas nuevas encontradas
2026-09-09 23:40:13,839 [INFO]    Página 5/5 → https://www.linkedin.com/jobs-guest/jobs/api/seeMoreJobPostings/search?keywords=Machine%20Learning%20Engineer&location=Argentina&start=100&f_WT=2
2026-09-09 23:40:18,942 [INFO]    → 5 ofertas nuevas encontradas
2026-09-09 23:40:44,012 [INFO] Exportadas 37 ofertas a CSV: /media/carlos-a-cicconi/Common1/Repositorios-Ing.Carlos-Cicconi/Trabajo_Final_MCD/data/raw/ofertas_linkedin_20260909.csv
2026-09-09 23:40:44,012 [INFO] ✅ 'Machine Learning Engineer': 37 ofertas guardadas
2026-09-09 23:40:44,012 [INFO] 
🔍 Buscando: 'NLP Engineer' en 'Argentina'
2026-09-09 23:40:44,013 [INFO]    Página 1/5 → https://www.linkedin.com/jobs-guest/jobs/api/seeMoreJobPostings/search?keywords=NLP%20Engineer&location=Argentina&start=0&f_WT=2
2026-09-09 23:40:47,935 [INFO]    → 8 ofertas nuevas encontradas
2026-09-09 23:41:19,717 [INFO]    Página 2/5 → https://www.linkedin.com/jobs-guest/jobs/api/seeMoreJobPostings/search?keywords=NLP%20Engineer&location=Argentina&start=25&f_WT=2
2026-09-09 23:41:24,497 [INFO]    → 10 ofertas nuevas encontradas
2026-09-09 23:42:11,529 [INFO]    Página 3/5 → https://www.linkedin.com/jobs-guest/jobs/api/seeMoreJobPostings/search?keywords=NLP%20Engineer&location=Argentina&start=50&f_WT=2
2026-09-09 23:42:15,817 [INFO]    → 5 ofertas nuevas encontradas
2026-09-09 23:42:37,680 [INFO]    Página 4/5 → https://www.linkedin.com/jobs-guest/jobs/api/seeMoreJobPostings/search?keywords=NLP%20Engineer&location=Argentina&start=75&f_WT=2
2026-09-09 23:42:41,473 [INFO]    → 7 ofertas nuevas encontradas
2026-09-09 23:43:10,099 [INFO]    Página 5/5 → https://www.linkedin.com/jobs-guest/jobs/api/seeMoreJobPostings/search?keywords=NLP%20Engineer&location=Argentina&start=100&f_WT=2
2026-09-09 23:43:14,045 [INFO]    → 8 ofertas nuevas encontradas
2026-09-09 23:43:46,643 [INFO] Exportadas 38 ofertas a CSV: /media/carlos-a-cicconi/Common1/Repositorios-Ing.Carlos-Cicconi/Trabajo_Final_MCD/data/raw/ofertas_linkedin_20260909.csv
2026-09-09 23:43:46,643 [INFO] ✅ 'NLP Engineer': 38 ofertas guardadas
2026-09-09 23:43:46,643 [INFO] 
🔍 Buscando: 'Data Engineer' en 'Argentina'
2026-09-09 23:43:46,643 [INFO]    Página 1/5 → https://www.linkedin.com/jobs-guest/jobs/api/seeMoreJobPostings/search?keywords=Data%20Engineer&location=Argentina&start=0&f_WT=2
2026-09-09 23:43:50,656 [INFO]    → 10 ofertas nuevas encontradas
2026-09-09 23:44:34,284 [INFO]    Página 2/5 → https://www.linkedin.com/jobs-guest/jobs/api/seeMoreJobPostings/search?keywords=Data%20Engineer&location=Argentina&start=25&f_WT=2
2026-09-09 23:44:39,359 [INFO]    → 10 ofertas nuevas encontradas
2026-09-09 23:45:19,855 [INFO]    Página 3/5 → https://www.linkedin.com/jobs-guest/jobs/api/seeMoreJobPostings/search?keywords=Data%20Engineer&location=Argentina&start=50&f_WT=2
2026-09-09 23:45:24,117 [INFO]    → 10 ofertas nuevas encontradas
2026-09-09 23:46:12,210 [INFO]    Página 4/5 → https://www.linkedin.com/jobs-guest/jobs/api/seeMoreJobPostings/search?keywords=Data%20Engineer&location=Argentina&start=75&f_WT=2
2026-09-09 23:46:17,695 [INFO]    → 9 ofertas nuevas encontradas
2026-09-09 23:46:53,079 [INFO]    Página 5/5 → https://www.linkedin.com/jobs-guest/jobs/api/seeMoreJobPostings/search?keywords=Data%20Engineer&location=Argentina&start=100&f_WT=2
2026-09-09 23:46:58,288 [INFO]    → 8 ofertas nuevas encontradas
2026-09-09 23:47:27,884 [INFO] Exportadas 47 ofertas a CSV: /media/carlos-a-cicconi/Common1/Repositorios-Ing.Carlos-Cicconi/Trabajo_Final_MCD/data/raw/ofertas_linkedin_20260909.csv
2026-09-09 23:47:27,885 [INFO] ✅ 'Data Engineer': 47 ofertas guardadas
2026-09-09 23:47:27,885 [INFO] 
🔍 Buscando: 'Software Engineer' en 'Argentina'
2026-09-09 23:47:27,885 [INFO]    Página 1/5 → https://www.linkedin.com/jobs-guest/jobs/api/seeMoreJobPostings/search?keywords=Software%20Engineer&location=Argentina&start=0&f_WT=2
2026-09-09 23:47:32,922 [INFO]    → 10 ofertas nuevas encontradas
2026-09-09 23:48:13,160 [INFO]    Página 2/5 → https://www.linkedin.com/jobs-guest/jobs/api/seeMoreJobPostings/search?keywords=Software%20Engineer&location=Argentina&start=25&f_WT=2
2026-09-09 23:48:18,108 [INFO]    → 10 ofertas nuevas encontradas
2026-09-09 23:48:58,833 [INFO]    Página 3/5 → https://www.linkedin.com/jobs-guest/jobs/api/seeMoreJobPostings/search?keywords=Software%20Engineer&location=Argentina&start=50&f_WT=2
2026-09-09 23:49:02,194 [INFO]    → 10 ofertas nuevas encontradas
2026-09-09 23:49:39,921 [INFO]    Página 4/5 → https://www.linkedin.com/jobs-guest/jobs/api/seeMoreJobPostings/search?keywords=Software%20Engineer&location=Argentina&start=75&f_WT=2
2026-09-09 23:49:43,174 [INFO]    → 10 ofertas nuevas encontradas
2026-09-09 23:50:23,259 [INFO]    Página 5/5 → https://www.linkedin.com/jobs-guest/jobs/api/seeMoreJobPostings/search?keywords=Software%20Engineer&location=Argentina&start=100&f_WT=2
2026-09-09 23:50:28,548 [INFO]    → 10 ofertas nuevas encontradas
2026-09-09 23:51:07,508 [INFO] Exportadas 50 ofertas a CSV: /media/carlos-a-cicconi/Common1/Repositorios-Ing.Carlos-Cicconi/Trabajo_Final_MCD/data/raw/ofertas_linkedin_20260909.csv
2026-09-09 23:51:07,508 [INFO] ✅ 'Software Engineer': 50 ofertas guardadas
2026-09-09 23:51:07,508 [INFO] 
🔍 Buscando: 'Python Developer' en 'Argentina'
2026-09-09 23:51:07,508 [INFO]    Página 1/5 → https://www.linkedin.com/jobs-guest/jobs/api/seeMoreJobPostings/search?keywords=Python%20Developer&location=Argentina&start=0&f_WT=2
2026-09-09 23:51:12,436 [INFO]    → 9 ofertas nuevas encontradas
2026-09-09 23:51:50,437 [INFO]    Página 2/5 → https://www.linkedin.com/jobs-guest/jobs/api/seeMoreJobPostings/search?keywords=Python%20Developer&location=Argentina&start=25&f_WT=2
2026-09-09 23:51:54,443 [INFO]    → 9 ofertas nuevas encontradas
2026-09-09 23:52:30,582 [INFO]    Página 3/5 → https://www.linkedin.com/jobs-guest/jobs/api/seeMoreJobPostings/search?keywords=Python%20Developer&location=Argentina&start=50&f_WT=2
2026-09-09 23:52:35,771 [INFO]    → 7 ofertas nuevas encontradas
2026-09-09 23:53:05,555 [INFO]    Página 4/5 → https://www.linkedin.com/jobs-guest/jobs/api/seeMoreJobPostings/search?keywords=Python%20Developer&location=Argentina&start=75&f_WT=2
2026-09-09 23:53:10,049 [INFO]    → 6 ofertas nuevas encontradas
2026-09-09 23:53:34,760 [INFO]    Página 5/5 → https://www.linkedin.com/jobs-guest/jobs/api/seeMoreJobPostings/search?keywords=Python%20Developer&location=Argentina&start=100&f_WT=2
2026-09-09 23:53:40,269 [INFO]    → 8 ofertas nuevas encontradas
2026-09-09 23:54:09,892 [INFO] Exportadas 39 ofertas a CSV: /media/carlos-a-cicconi/Common1/Repositorios-Ing.Carlos-Cicconi/Trabajo_Final_MCD/data/raw/ofertas_linkedin_20260909.csv
2026-09-09 23:54:09,893 [INFO] ✅ 'Python Developer': 39 ofertas guardadas
2026-09-09 23:54:09,893 [INFO] 
🔍 Buscando: 'Desarrollador Backend' en 'Argentina'
2026-09-09 23:54:09,893 [INFO]    Página 1/5 → https://www.linkedin.com/jobs-guest/jobs/api/seeMoreJobPostings/search?keywords=Desarrollador%20Backend&location=Argentina&start=0&f_WT=2
2026-09-09 23:54:14,988 [INFO]    → 8 ofertas nuevas encontradas
2026-09-09 23:54:48,897 [INFO]    Página 2/5 → https://www.linkedin.com/jobs-guest/jobs/api/seeMoreJobPostings/search?keywords=Desarrollador%20Backend&location=Argentina&start=25&f_WT=2
2026-09-09 23:54:54,192 [INFO]    → 7 ofertas nuevas encontradas
2026-09-09 23:55:24,740 [INFO]    Página 3/5 → https://www.linkedin.com/jobs-guest/jobs/api/seeMoreJobPostings/search?keywords=Desarrollador%20Backend&location=Argentina&start=50&f_WT=2
2026-09-09 23:55:29,519 [INFO]    → 8 ofertas nuevas encontradas
2026-09-09 23:56:01,485 [INFO]    Página 4/5 → https://www.linkedin.com/jobs-guest/jobs/api/seeMoreJobPostings/search?keywords=Desarrollador%20Backend&location=Argentina&start=75&f_WT=2
2026-09-09 23:56:05,373 [INFO]    → 8 ofertas nuevas encontradas
2026-09-09 23:56:39,679 [INFO]    Página 5/5 → https://www.linkedin.com/jobs-guest/jobs/api/seeMoreJobPostings/search?keywords=Desarrollador%20Backend&location=Argentina&start=100&f_WT=2
2026-09-09 23:56:44,875 [INFO]    → 9 ofertas nuevas encontradas
2026-09-09 23:57:25,142 [INFO] Exportadas 40 ofertas a CSV: /media/carlos-a-cicconi/Common1/Repositorios-Ing.Carlos-Cicconi/Trabajo_Final_MCD/data/raw/ofertas_linkedin_20260909.csv
2026-09-09 23:57:25,142 [INFO] ✅ 'Desarrollador Backend': 40 ofertas guardadas
2026-09-09 23:57:25,142 [INFO] 
🔍 Buscando: 'Desarrollador Full Stack' en 'Argentina'
2026-09-09 23:57:25,142 [INFO]    Página 1/5 → https://www.linkedin.com/jobs-guest/jobs/api/seeMoreJobPostings/search?keywords=Desarrollador%20Full%20Stack&location=Argentina&start=0&f_WT=2
2026-09-09 23:57:29,141 [INFO]    → 7 ofertas nuevas encontradas
2026-09-09 23:58:00,904 [INFO]    Página 2/5 → https://www.linkedin.com/jobs-guest/jobs/api/seeMoreJobPostings/search?keywords=Desarrollador%20Full%20Stack&location=Argentina&start=25&f_WT=2
2026-09-09 23:58:05,885 [INFO]    → 9 ofertas nuevas encontradas
2026-09-09 23:58:42,030 [INFO]    Página 3/5 → https://www.linkedin.com/jobs-guest/jobs/api/seeMoreJobPostings/search?keywords=Desarrollador%20Full%20Stack&location=Argentina&start=50&f_WT=2
2026-09-09 23:58:45,110 [INFO]    → 8 ofertas nuevas encontradas
2026-09-09 23:59:18,415 [INFO]    Página 4/5 → https://www.linkedin.com/jobs-guest/jobs/api/seeMoreJobPostings/search?keywords=Desarrollador%20Full%20Stack&location=Argentina&start=75&f_WT=2
2026-09-09 23:59:22,317 [INFO]    → 9 ofertas nuevas encontradas
2026-09-09 23:59:56,706 [INFO]    Página 5/5 → https://www.linkedin.com/jobs-guest/jobs/api/seeMoreJobPostings/search?keywords=Desarrollador%20Full%20Stack&location=Argentina&start=100&f_WT=2
2026-09-10 00:00:01,880 [INFO]    → 10 ofertas nuevas encontradas
2026-09-10 00:00:38,140 [INFO] Exportadas 43 ofertas a CSV: /media/carlos-a-cicconi/Common1/Repositorios-Ing.Carlos-Cicconi/Trabajo_Final_MCD/data/raw/ofertas_linkedin_20260909.csv
2026-09-10 00:00:38,140 [INFO] ✅ 'Desarrollador Full Stack': 43 ofertas guardadas
2026-09-10 00:00:38,140 [INFO] 
🔍 Buscando: 'Ingeniero de Datos' en 'Argentina'
2026-09-10 00:00:38,140 [INFO]    Página 1/5 → https://www.linkedin.com/jobs-guest/jobs/api/seeMoreJobPostings/search?keywords=Ingeniero%20de%20Datos&location=Argentina&start=0&f_WT=2
2026-09-10 00:00:42,133 [INFO]    → 2 ofertas nuevas encontradas
2026-09-10 00:00:50,799 [INFO]    Página 2/5 → https://www.linkedin.com/jobs-guest/jobs/api/seeMoreJobPostings/search?keywords=Ingeniero%20de%20Datos&location=Argentina&start=25&f_WT=2
2026-09-10 00:00:55,414 [INFO]    → 5 ofertas nuevas encontradas
2026-09-10 00:01:16,045 [INFO]    Página 3/5 → https://www.linkedin.com/jobs-guest/jobs/api/seeMoreJobPostings/search?keywords=Ingeniero%20de%20Datos&location=Argentina&start=50&f_WT=2
2026-09-10 00:01:19,732 [INFO]    → 4 ofertas nuevas encontradas
2026-09-10 00:01:35,796 [INFO]    Página 4/5 → https://www.linkedin.com/jobs-guest/jobs/api/seeMoreJobPostings/search?keywords=Ingeniero%20de%20Datos&location=Argentina&start=75&f_WT=2
2026-09-10 00:01:40,480 [INFO]    → 2 ofertas nuevas encontradas
2026-09-10 00:01:48,789 [INFO]    Página 5/5 → https://www.linkedin.com/jobs-guest/jobs/api/seeMoreJobPostings/search?keywords=Ingeniero%20de%20Datos&location=Argentina&start=100&f_WT=2
2026-09-10 00:01:53,676 [INFO]    → 1 ofertas nuevas encontradas
2026-09-10 00:01:56,978 [INFO] Exportadas 14 ofertas a CSV: /media/carlos-a-cicconi/Common1/Repositorios-Ing.Carlos-Cicconi/Trabajo_Final_MCD/data/raw/ofertas_linkedin_20260909.csv
2026-09-10 00:01:56,978 [INFO] ✅ 'Ingeniero de Datos': 14 ofertas guardadas
2026-09-10 00:01:56,978 [INFO] 
============================================================
2026-09-10 00:01:56,979 [INFO] SCRAPING FINALIZADO
2026-09-10 00:01:56,979 [INFO] Total de ofertas únicas recopiladas: 405
2026-09-10 00:01:56,979 [INFO] Base de datos: /media/carlos-a-cicconi/Common1/Repositorios-Ing.Carlos-Cicconi/Trabajo_Final_MCD/data/raw/db_linkedin.db
2026-09-10 00:01:56,979 [INFO] CSV exportado: /media/carlos-a-cicconi/Common1/Repositorios-Ing.Carlos-Cicconi/Trabajo_Final_MCD/data/raw/ofertas_linkedin_20260909.csv
2026-09-10 00:01:56,979 [INFO] Log guardado:  /media/carlos-a-cicconi/Common1/Repositorios-Ing.Carlos-Cicconi/Trabajo_Final_MCD/logs/scraper_20260909_233023.log
2026-09-10 00:01:56,979 [INFO] ============================================================
2026-09-10 00:01:56,980 [INFO] Estadísticas guardadas: /media/carlos-a-cicconi/Common1/Repositorios-Ing.Carlos-Cicconi/Trabajo_Final_MCD/data/raw/stats_linkedin_20260910_000156.json
2026-09-10 00:01:56,980 [INFO]   ✅ linkedin: 405 ofertas recopiladas
2026-09-10 00:01:56,985 [INFO] 
============================================================
2026-09-10 00:01:56,985 [INFO]   EJECUTANDO: computrabajo (ComputrabajoScraper)
2026-09-10 00:01:56,985 [INFO]   Queries: definidas en el módulo
2026-09-10 00:01:56,985 [INFO] ============================================================
2026-09-10 00:01:57,020 [INFO] Base de datos lista: /media/carlos-a-cicconi/Common1/Repositorios-Ing.Carlos-Cicconi/Trabajo_Final_MCD/data/raw/db_computrabajo.db
2026-09-10 00:01:57,020 [INFO] ComputrabajoScraper inicializado correctamente
2026-09-10 00:01:57,020 [INFO] ============================================================
2026-09-10 00:01:57,020 [INFO] INICIO DEL SCRAPING - Computrabajo Argentina
2026-09-10 00:01:57,020 [INFO] Búsquedas: 10 | Páginas por búsqueda: 5
2026-09-10 00:01:57,020 [INFO] ============================================================
2026-09-10 00:01:57,020 [INFO] 
🔍 Buscando: 'Data Scientist'
2026-09-10 00:01:57,020 [INFO]    Página 1/5 → https://www.computrabajo.com.ar/trabajo-de-data-scientist
2026-09-10 00:02:02,370 [INFO]    → 2 ofertas nuevas encontradas
2026-09-10 00:02:12,335 [INFO]    Página 2/5 → https://www.computrabajo.com.ar/trabajo-de-data-scientist?p=2
2026-09-10 00:02:16,944 [INFO]    → 0 ofertas nuevas encontradas
2026-09-10 00:02:16,944 [INFO]    → Sin más resultados para esta búsqueda.
2026-09-10 00:02:16,951 [INFO] Exportadas 2 ofertas a CSV: /media/carlos-a-cicconi/Common1/Repositorios-Ing.Carlos-Cicconi/Trabajo_Final_MCD/data/raw/ofertas_computrabajo_20260910.csv
2026-09-10 00:02:16,952 [INFO] ✅ 'Data Scientist': 2 ofertas guardadas
2026-09-10 00:02:16,952 [INFO] 
🔍 Buscando: 'Data Analyst'
2026-09-10 00:02:16,952 [INFO]    Página 1/5 → https://www.computrabajo.com.ar/trabajo-de-data-analyst
2026-09-10 00:02:22,517 [INFO]    → 0 ofertas nuevas encontradas
2026-09-10 00:02:22,517 [INFO]    → Sin más resultados para esta búsqueda.
2026-09-10 00:02:22,517 [INFO] ✅ 'Data Analyst': 0 ofertas guardadas
2026-09-10 00:02:22,517 [INFO] 
🔍 Buscando: 'Machine Learning Engineer'
2026-09-10 00:02:22,517 [INFO]    Página 1/5 → https://www.computrabajo.com.ar/trabajo-de-machine-learning
2026-09-10 00:02:26,825 [INFO]    → 6 ofertas nuevas encontradas
2026-09-10 00:02:59,182 [INFO]    Página 2/5 → https://www.computrabajo.com.ar/trabajo-de-machine-learning?p=2
2026-09-10 00:03:04,504 [INFO]    → 0 ofertas nuevas encontradas
2026-09-10 00:03:04,505 [INFO]    → Sin más resultados para esta búsqueda.
2026-09-10 00:03:04,505 [INFO] Exportadas 6 ofertas a CSV: /media/carlos-a-cicconi/Common1/Repositorios-Ing.Carlos-Cicconi/Trabajo_Final_MCD/data/raw/ofertas_computrabajo_20260910.csv
2026-09-10 00:03:04,505 [INFO] ✅ 'Machine Learning Engineer': 6 ofertas guardadas
2026-09-10 00:03:04,505 [INFO] 
🔍 Buscando: 'NLP Engineer'
2026-09-10 00:03:04,505 [INFO]    Página 1/5 → https://www.computrabajo.com.ar/trabajo-de-nlp-engineer
2026-09-10 00:03:10,082 [INFO]    → 0 ofertas nuevas encontradas
2026-09-10 00:03:10,082 [INFO]    → Sin más resultados para esta búsqueda.
2026-09-10 00:03:10,082 [INFO] ✅ 'NLP Engineer': 0 ofertas guardadas
2026-09-10 00:03:10,082 [INFO] 
🔍 Buscando: 'Data Engineer'
2026-09-10 00:03:10,082 [INFO]    Página 1/5 → https://www.computrabajo.com.ar/trabajo-de-data-engineer
2026-09-10 00:03:16,428 [INFO]    → 10 ofertas nuevas encontradas
2026-09-10 00:04:06,367 [INFO]    Página 2/5 → https://www.computrabajo.com.ar/trabajo-de-data-engineer?p=2
2026-09-10 00:04:10,914 [INFO]    → 0 ofertas nuevas encontradas
2026-09-10 00:04:10,914 [INFO]    → Sin más resultados para esta búsqueda.
2026-09-10 00:04:10,921 [INFO] Exportadas 10 ofertas a CSV: /media/carlos-a-cicconi/Common1/Repositorios-Ing.Carlos-Cicconi/Trabajo_Final_MCD/data/raw/ofertas_computrabajo_20260910.csv
2026-09-10 00:04:10,921 [INFO] ✅ 'Data Engineer': 10 ofertas guardadas
2026-09-10 00:04:10,921 [INFO] 
🔍 Buscando: 'Software Engineer'
2026-09-10 00:04:10,922 [INFO]    Página 1/5 → https://www.computrabajo.com.ar/trabajo-de-software-engineer
2026-09-10 00:04:16,218 [INFO]    → 20 ofertas nuevas encontradas
2026-09-10 00:06:00,442 [INFO]    Página 2/5 → https://www.computrabajo.com.ar/trabajo-de-software-engineer?p=2
2026-09-10 00:06:06,292 [INFO]    → 0 ofertas nuevas encontradas
2026-09-10 00:06:06,292 [INFO]    → Sin más resultados para esta búsqueda.
2026-09-10 00:06:06,300 [INFO] Exportadas 20 ofertas a CSV: /media/carlos-a-cicconi/Common1/Repositorios-Ing.Carlos-Cicconi/Trabajo_Final_MCD/data/raw/ofertas_computrabajo_20260910.csv
2026-09-10 00:06:06,300 [INFO] ✅ 'Software Engineer': 20 ofertas guardadas
2026-09-10 00:06:06,300 [INFO] 
🔍 Buscando: 'Python Developer'
2026-09-10 00:06:06,300 [INFO]    Página 1/5 → https://www.computrabajo.com.ar/trabajo-de-python
2026-09-10 00:06:12,032 [INFO]    → 0 ofertas nuevas encontradas
2026-09-10 00:06:12,032 [INFO]    → Sin más resultados para esta búsqueda.
2026-09-10 00:06:12,032 [INFO] ✅ 'Python Developer': 0 ofertas guardadas
2026-09-10 00:06:12,032 [INFO] 
🔍 Buscando: 'Desarrollador Backend'
2026-09-10 00:06:12,032 [INFO]    Página 1/5 → https://www.computrabajo.com.ar/trabajo-de-desarrollador-backend
2026-09-10 00:06:17,838 [INFO]    → 20 ofertas nuevas encontradas
2026-09-10 00:08:02,773 [INFO]    Página 2/5 → https://www.computrabajo.com.ar/trabajo-de-desarrollador-backend?p=2
2026-09-10 00:08:07,701 [INFO]    → 0 ofertas nuevas encontradas
2026-09-10 00:08:07,701 [INFO]    → Sin más resultados para esta búsqueda.
2026-09-10 00:08:07,708 [INFO] Exportadas 20 ofertas a CSV: /media/carlos-a-cicconi/Common1/Repositorios-Ing.Carlos-Cicconi/Trabajo_Final_MCD/data/raw/ofertas_computrabajo_20260910.csv
2026-09-10 00:08:07,709 [INFO] ✅ 'Desarrollador Backend': 20 ofertas guardadas
2026-09-10 00:08:07,709 [INFO] 
🔍 Buscando: 'Desarrollador Full Stack'
2026-09-10 00:08:07,709 [INFO]    Página 1/5 → https://www.computrabajo.com.ar/trabajo-de-desarrollador-full-stack
2026-09-10 00:08:13,907 [INFO]    → 0 ofertas nuevas encontradas
2026-09-10 00:08:13,907 [INFO]    → Sin más resultados para esta búsqueda.
2026-09-10 00:08:13,907 [INFO] ✅ 'Desarrollador Full Stack': 0 ofertas guardadas
2026-09-10 00:08:13,907 [INFO] 
🔍 Buscando: 'Ingeniero de Datos'
2026-09-10 00:08:13,907 [INFO]    Página 1/5 → https://www.computrabajo.com.ar/trabajo-de-ingeniero-de-datos
2026-09-10 00:08:19,856 [INFO]    → 0 ofertas nuevas encontradas
2026-09-10 00:08:19,856 [INFO]    → Sin más resultados para esta búsqueda.
2026-09-10 00:08:19,856 [INFO] ✅ 'Ingeniero de Datos': 0 ofertas guardadas
2026-09-10 00:08:19,856 [INFO] 
============================================================
2026-09-10 00:08:19,856 [INFO] SCRAPING FINALIZADO - Computrabajo
2026-09-10 00:08:19,856 [INFO] Total de ofertas únicas recopiladas: 58
2026-09-10 00:08:19,856 [INFO] Base de datos : /media/carlos-a-cicconi/Common1/Repositorios-Ing.Carlos-Cicconi/Trabajo_Final_MCD/data/raw/db_computrabajo.db
2026-09-10 00:08:19,857 [INFO] CSV exportado : /media/carlos-a-cicconi/Common1/Repositorios-Ing.Carlos-Cicconi/Trabajo_Final_MCD/data/raw/ofertas_computrabajo_20260910.csv
2026-09-10 00:08:19,857 [INFO] Log guardado  : /media/carlos-a-cicconi/Common1/Repositorios-Ing.Carlos-Cicconi/Trabajo_Final_MCD/logs/computrabajo_scraper_20260910_000156.log
2026-09-10 00:08:19,857 [INFO] ============================================================
2026-09-10 00:08:19,864 [INFO] Estadísticas guardadas: /media/carlos-a-cicconi/Common1/Repositorios-Ing.Carlos-Cicconi/Trabajo_Final_MCD/data/raw/stats_computrabajo_20260910_000819.json
2026-09-10 00:08:19,864 [INFO]   ✅ computrabajo: 58 ofertas recopiladas
2026-09-10 00:08:19,867 [INFO] 
============================================================
2026-09-10 00:08:19,867 [INFO]   EJECUTANDO: getonboard (GetOnBoardScraper)
2026-09-10 00:08:19,867 [INFO]   Queries: definidas en el módulo
2026-09-10 00:08:19,867 [INFO] ============================================================
2026-09-10 00:08:19,873 [INFO] Base de datos lista: /media/carlos-a-cicconi/Common1/Repositorios-Ing.Carlos-Cicconi/Trabajo_Final_MCD/data/raw/db_getonboard.db
2026-09-10 00:08:19,874 [INFO] GetOnBoardScraper inicializado
2026-09-10 00:08:19,874 [INFO] ============================================================
2026-09-10 00:08:19,874 [INFO] INICIO DEL SCRAPING - GetOnBoard (API JSON)
2026-09-10 00:08:19,874 [INFO] Búsquedas: 10 | Páginas: 5
2026-09-10 00:08:19,874 [INFO] ============================================================
2026-09-10 00:08:19,874 [INFO] 
🔍 Buscando: 'Data Scientist'
2026-09-10 00:08:19,874 [INFO]    Página 1/5
2026-09-10 00:08:23,494 [INFO]    → 20 items recibidos
2026-09-10 00:08:23,697 [INFO]    → 20 ofertas nuevas guardadas en esta página
2026-09-10 00:08:23,698 [INFO]    Página 2/5
2026-09-10 00:08:26,178 [INFO]    → 4 items recibidos
2026-09-10 00:08:26,223 [INFO]    → 4 ofertas nuevas guardadas en esta página
2026-09-10 00:08:26,224 [INFO]    Página 3/5
2026-09-10 00:08:28,137 [INFO]    → 0 items recibidos
2026-09-10 00:08:28,137 [INFO]    → Sin más resultados.
2026-09-10 00:08:28,148 [INFO] Exportadas 24 ofertas a CSV: /media/carlos-a-cicconi/Common1/Repositorios-Ing.Carlos-Cicconi/Trabajo_Final_MCD/data/raw/ofertas_getonboard_20260910.csv
2026-09-10 00:08:28,148 [INFO] ✅ 'Data Scientist': 24 ofertas guardadas
2026-09-10 00:08:28,149 [INFO]    💤 Pausa: 4.5s
2026-09-10 00:08:32,656 [INFO] 
🔍 Buscando: 'Data Analyst'
2026-09-10 00:08:32,657 [INFO]    Página 1/5
2026-09-10 00:08:35,140 [INFO]    → 20 items recibidos
2026-09-10 00:08:35,310 [INFO]    → 17 ofertas nuevas guardadas en esta página
2026-09-10 00:08:35,311 [INFO]    Página 2/5
2026-09-10 00:08:37,750 [INFO]    → 20 items recibidos
2026-09-10 00:08:37,931 [INFO]    → 19 ofertas nuevas guardadas en esta página
2026-09-10 00:08:37,931 [INFO]    Página 3/5
2026-09-10 00:08:41,183 [INFO]    → 20 items recibidos
2026-09-10 00:08:41,369 [INFO]    → 20 ofertas nuevas guardadas en esta página
2026-09-10 00:08:41,369 [INFO]    Página 4/5
2026-09-10 00:08:44,449 [INFO]    → 20 items recibidos
2026-09-10 00:08:44,609 [INFO]    → 17 ofertas nuevas guardadas en esta página
2026-09-10 00:08:44,609 [INFO]    Página 5/5
2026-09-10 00:08:48,105 [INFO]    → 20 items recibidos
2026-09-10 00:08:48,233 [INFO]    → 14 ofertas nuevas guardadas en esta página
2026-09-10 00:08:48,249 [INFO] Exportadas 87 ofertas a CSV: /media/carlos-a-cicconi/Common1/Repositorios-Ing.Carlos-Cicconi/Trabajo_Final_MCD/data/raw/ofertas_getonboard_20260910.csv
2026-09-10 00:08:48,249 [INFO] ✅ 'Data Analyst': 87 ofertas guardadas
2026-09-10 00:08:48,250 [INFO]    💤 Pausa: 5.3s
2026-09-10 00:08:53,571 [INFO] 
🔍 Buscando: 'Machine Learning'
2026-09-10 00:08:53,572 [INFO]    Página 1/5
2026-09-10 00:08:56,102 [INFO]    → 20 items recibidos
2026-09-10 00:08:56,253 [INFO]    → 14 ofertas nuevas guardadas en esta página
2026-09-10 00:08:56,253 [INFO]    Página 2/5
2026-09-10 00:08:58,998 [INFO]    → 20 items recibidos
2026-09-10 00:08:59,089 [INFO]    → 8 ofertas nuevas guardadas en esta página
2026-09-10 00:08:59,089 [INFO]    Página 3/5
2026-09-10 00:09:01,480 [INFO]    → 20 items recibidos
2026-09-10 00:09:01,634 [INFO]    → 15 ofertas nuevas guardadas en esta página
2026-09-10 00:09:01,634 [INFO]    Página 4/5
2026-09-10 00:09:04,968 [INFO]    → 6 items recibidos
2026-09-10 00:09:05,020 [INFO]    → 4 ofertas nuevas guardadas en esta página
2026-09-10 00:09:05,021 [INFO]    Página 5/5
2026-09-10 00:09:07,778 [INFO]    → 0 items recibidos
2026-09-10 00:09:07,778 [INFO]    → Sin más resultados.
2026-09-10 00:09:07,806 [INFO] Exportadas 41 ofertas a CSV: /media/carlos-a-cicconi/Common1/Repositorios-Ing.Carlos-Cicconi/Trabajo_Final_MCD/data/raw/ofertas_getonboard_20260910.csv
2026-09-10 00:09:07,807 [INFO] ✅ 'Machine Learning': 41 ofertas guardadas
2026-09-10 00:09:07,807 [INFO]    💤 Pausa: 6.7s
2026-09-10 00:09:14,491 [INFO] 
🔍 Buscando: 'NLP'
2026-09-10 00:09:14,491 [INFO]    Página 1/5
2026-09-10 00:09:17,678 [INFO]    → 20 items recibidos
2026-09-10 00:09:17,818 [INFO]    → 13 ofertas nuevas guardadas en esta página
2026-09-10 00:09:17,819 [INFO]    Página 2/5
2026-09-10 00:09:20,641 [INFO]    → 20 items recibidos
2026-09-10 00:09:20,744 [INFO]    → 17 ofertas nuevas guardadas en esta página
2026-09-10 00:09:20,744 [INFO]    Página 3/5
2026-09-10 00:09:24,380 [INFO]    → 20 items recibidos
2026-09-10 00:09:24,534 [INFO]    → 13 ofertas nuevas guardadas en esta página
2026-09-10 00:09:24,535 [INFO]    Página 4/5
2026-09-10 00:09:26,756 [INFO]    → 20 items recibidos
2026-09-10 00:09:26,838 [INFO]    → 13 ofertas nuevas guardadas en esta página
2026-09-10 00:09:26,838 [INFO]    Página 5/5
2026-09-10 00:09:30,650 [INFO]    → 20 items recibidos
2026-09-10 00:09:30,727 [INFO]    → 12 ofertas nuevas guardadas en esta página
2026-09-10 00:09:30,736 [INFO] Exportadas 68 ofertas a CSV: /media/carlos-a-cicconi/Common1/Repositorios-Ing.Carlos-Cicconi/Trabajo_Final_MCD/data/raw/ofertas_getonboard_20260910.csv
2026-09-10 00:09:30,736 [INFO] ✅ 'NLP': 68 ofertas guardadas
2026-09-10 00:09:30,737 [INFO]    💤 Pausa: 4.5s
2026-09-10 00:09:35,242 [INFO] 
🔍 Buscando: 'Data Engineer'
2026-09-10 00:09:35,243 [INFO]    Página 1/5
2026-09-10 00:09:38,320 [INFO]    → 20 items recibidos
2026-09-10 00:09:38,346 [INFO]    → 2 ofertas nuevas guardadas en esta página
2026-09-10 00:09:38,346 [INFO]    Página 2/5
2026-09-10 00:09:41,343 [INFO]    → 20 items recibidos
2026-09-10 00:09:41,430 [INFO]    → 6 ofertas nuevas guardadas en esta página
2026-09-10 00:09:41,431 [INFO]    Página 3/5
2026-09-10 00:09:44,175 [INFO]    → 20 items recibidos
2026-09-10 00:09:44,213 [INFO]    → 3 ofertas nuevas guardadas en esta página
2026-09-10 00:09:44,214 [INFO]    Página 4/5
2026-09-10 00:09:47,959 [INFO]    → 20 items recibidos
2026-09-10 00:09:48,102 [INFO]    → 14 ofertas nuevas guardadas en esta página
2026-09-10 00:09:48,102 [INFO]    Página 5/5
2026-09-10 00:09:51,590 [INFO]    → 20 items recibidos
2026-09-10 00:09:51,725 [INFO]    → 12 ofertas nuevas guardadas en esta página
2026-09-10 00:09:51,743 [INFO] Exportadas 37 ofertas a CSV: /media/carlos-a-cicconi/Common1/Repositorios-Ing.Carlos-Cicconi/Trabajo_Final_MCD/data/raw/ofertas_getonboard_20260910.csv
2026-09-10 00:09:51,743 [INFO] ✅ 'Data Engineer': 37 ofertas guardadas
2026-09-10 00:09:51,744 [INFO]    💤 Pausa: 5.5s
2026-09-10 00:09:57,199 [INFO] 
🔍 Buscando: 'Software Engineer'
2026-09-10 00:09:57,200 [INFO]    Página 1/5
2026-09-10 00:09:59,234 [INFO]    → 20 items recibidos
2026-09-10 00:09:59,347 [INFO]    → 10 ofertas nuevas guardadas en esta página
2026-09-10 00:09:59,348 [INFO]    Página 2/5
2026-09-10 00:10:02,334 [INFO]    → 20 items recibidos
2026-09-10 00:10:02,458 [INFO]    → 11 ofertas nuevas guardadas en esta página
2026-09-10 00:10:02,459 [INFO]    Página 3/5
2026-09-10 00:10:06,449 [INFO]    → 20 items recibidos
2026-09-10 00:10:06,544 [INFO]    → 8 ofertas nuevas guardadas en esta página
2026-09-10 00:10:06,545 [INFO]    Página 4/5
2026-09-10 00:10:09,633 [INFO]    → 20 items recibidos
2026-09-10 00:10:09,689 [INFO]    → 5 ofertas nuevas guardadas en esta página
2026-09-10 00:10:09,689 [INFO]    Página 5/5
2026-09-10 00:10:13,026 [INFO]    → 20 items recibidos
2026-09-10 00:10:13,116 [INFO]    → 13 ofertas nuevas guardadas en esta página
2026-09-10 00:10:13,120 [INFO] Exportadas 47 ofertas a CSV: /media/carlos-a-cicconi/Common1/Repositorios-Ing.Carlos-Cicconi/Trabajo_Final_MCD/data/raw/ofertas_getonboard_20260910.csv
2026-09-10 00:10:13,120 [INFO] ✅ 'Software Engineer': 47 ofertas guardadas
2026-09-10 00:10:13,120 [INFO]    💤 Pausa: 4.6s
2026-09-10 00:10:17,671 [INFO] 
🔍 Buscando: 'Python'
2026-09-10 00:10:17,671 [INFO]    Página 1/5
2026-09-10 00:10:19,728 [INFO]    → 20 items recibidos
2026-09-10 00:10:19,794 [INFO]    → 7 ofertas nuevas guardadas en esta página
2026-09-10 00:10:19,794 [INFO]    Página 2/5
2026-09-10 00:10:22,553 [INFO]    → 20 items recibidos
2026-09-10 00:10:22,639 [INFO]    → 6 ofertas nuevas guardadas en esta página
2026-09-10 00:10:22,639 [INFO]    Página 3/5
2026-09-10 00:10:25,473 [INFO]    → 20 items recibidos
2026-09-10 00:10:25,511 [INFO]    → 3 ofertas nuevas guardadas en esta página
2026-09-10 00:10:25,512 [INFO]    Página 4/5
2026-09-10 00:10:28,848 [INFO]    → 20 items recibidos
2026-09-10 00:10:28,896 [INFO]    → 8 ofertas nuevas guardadas en esta página
2026-09-10 00:10:28,897 [INFO]    Página 5/5
2026-09-10 00:10:31,923 [INFO]    → 20 items recibidos
2026-09-10 00:10:31,963 [INFO]    → 3 ofertas nuevas guardadas en esta página
2026-09-10 00:10:31,982 [INFO] Exportadas 27 ofertas a CSV: /media/carlos-a-cicconi/Common1/Repositorios-Ing.Carlos-Cicconi/Trabajo_Final_MCD/data/raw/ofertas_getonboard_20260910.csv
2026-09-10 00:10:31,983 [INFO] ✅ 'Python': 27 ofertas guardadas
2026-09-10 00:10:31,984 [INFO]    💤 Pausa: 7.6s
2026-09-10 00:10:39,597 [INFO] 
🔍 Buscando: 'Backend'
2026-09-10 00:10:39,597 [INFO]    Página 1/5
2026-09-10 00:10:41,760 [INFO]    → 20 items recibidos
2026-09-10 00:10:41,889 [INFO]    → 9 ofertas nuevas guardadas en esta página
2026-09-10 00:10:41,889 [INFO]    Página 2/5
2026-09-10 00:10:45,264 [INFO]    → 20 items recibidos
2026-09-10 00:10:45,373 [INFO]    → 10 ofertas nuevas guardadas en esta página
2026-09-10 00:10:45,373 [INFO]    Página 3/5
2026-09-10 00:10:47,824 [INFO]    → 20 items recibidos
2026-09-10 00:10:47,894 [INFO]    → 6 ofertas nuevas guardadas en esta página
2026-09-10 00:10:47,894 [INFO]    Página 4/5
2026-09-10 00:10:51,091 [INFO]    → 20 items recibidos
2026-09-10 00:10:51,134 [INFO]    → 8 ofertas nuevas guardadas en esta página
2026-09-10 00:10:51,134 [INFO]    Página 5/5
2026-09-10 00:10:54,993 [INFO]    → 20 items recibidos
2026-09-10 00:10:55,078 [INFO]    → 7 ofertas nuevas guardadas en esta página
2026-09-10 00:10:55,097 [INFO] Exportadas 40 ofertas a CSV: /media/carlos-a-cicconi/Common1/Repositorios-Ing.Carlos-Cicconi/Trabajo_Final_MCD/data/raw/ofertas_getonboard_20260910.csv
2026-09-10 00:10:55,098 [INFO] ✅ 'Backend': 40 ofertas guardadas
2026-09-10 00:10:55,098 [INFO]    💤 Pausa: 7.2s
2026-09-10 00:11:02,312 [INFO] 
🔍 Buscando: 'Full Stack'
2026-09-10 00:11:02,313 [INFO]    Página 1/5
2026-09-10 00:11:04,353 [INFO]    → 20 items recibidos
2026-09-10 00:11:04,380 [INFO]    → 2 ofertas nuevas guardadas en esta página
2026-09-10 00:11:04,380 [INFO]    Página 2/5
2026-09-10 00:11:07,541 [INFO]    → 20 items recibidos
2026-09-10 00:11:07,558 [INFO]    → 1 ofertas nuevas guardadas en esta página
2026-09-10 00:11:07,558 [INFO]    Página 3/5
2026-09-10 00:11:11,529 [INFO]    → 20 items recibidos
2026-09-10 00:11:11,564 [INFO]    → 3 ofertas nuevas guardadas en esta página
2026-09-10 00:11:11,564 [INFO]    Página 4/5
2026-09-10 00:11:14,078 [INFO]    → 20 items recibidos
2026-09-10 00:11:14,211 [INFO]    → 12 ofertas nuevas guardadas en esta página
2026-09-10 00:11:14,212 [INFO]    Página 5/5
2026-09-10 00:11:16,399 [INFO]    → 20 items recibidos
2026-09-10 00:11:16,525 [INFO]    → 16 ofertas nuevas guardadas en esta página
2026-09-10 00:11:16,529 [INFO] Exportadas 34 ofertas a CSV: /media/carlos-a-cicconi/Common1/Repositorios-Ing.Carlos-Cicconi/Trabajo_Final_MCD/data/raw/ofertas_getonboard_20260910.csv
2026-09-10 00:11:16,530 [INFO] ✅ 'Full Stack': 34 ofertas guardadas
2026-09-10 00:11:16,530 [INFO]    💤 Pausa: 5.4s
2026-09-10 00:11:21,883 [INFO] 
🔍 Buscando: 'Ingeniero de Datos'
2026-09-10 00:11:21,883 [INFO]    Página 1/5
2026-09-10 00:11:24,001 [INFO]    → 20 items recibidos
2026-09-10 00:11:24,049 [INFO]    → 4 ofertas nuevas guardadas en esta página
2026-09-10 00:11:24,050 [INFO]    Página 2/5
2026-09-10 00:11:27,254 [INFO]    → 20 items recibidos
2026-09-10 00:11:27,344 [INFO]    → 13 ofertas nuevas guardadas en esta página
2026-09-10 00:11:27,345 [INFO]    Página 3/5
2026-09-10 00:11:30,218 [INFO]    → 11 items recibidos
2026-09-10 00:11:30,330 [INFO]    → 10 ofertas nuevas guardadas en esta página
2026-09-10 00:11:30,331 [INFO]    Página 4/5
2026-09-10 00:11:32,307 [INFO]    → 0 items recibidos
2026-09-10 00:11:32,307 [INFO]    → Sin más resultados.
2026-09-10 00:11:32,311 [INFO] Exportadas 27 ofertas a CSV: /media/carlos-a-cicconi/Common1/Repositorios-Ing.Carlos-Cicconi/Trabajo_Final_MCD/data/raw/ofertas_getonboard_20260910.csv
2026-09-10 00:11:32,311 [INFO] ✅ 'Ingeniero de Datos': 27 ofertas guardadas
2026-09-10 00:11:32,311 [INFO]    💤 Pausa: 5.5s
2026-09-10 00:11:37,848 [INFO] 
============================================================
2026-09-10 00:11:37,849 [INFO] SCRAPING FINALIZADO - GetOnBoard
2026-09-10 00:11:37,850 [INFO] Total ofertas únicas: 432
2026-09-10 00:11:37,850 [INFO] DB : /media/carlos-a-cicconi/Common1/Repositorios-Ing.Carlos-Cicconi/Trabajo_Final_MCD/data/raw/db_getonboard.db
2026-09-10 00:11:37,850 [INFO] CSV: /media/carlos-a-cicconi/Common1/Repositorios-Ing.Carlos-Cicconi/Trabajo_Final_MCD/data/raw/ofertas_getonboard_20260910.csv
2026-09-10 00:11:37,851 [INFO] Log: /media/carlos-a-cicconi/Common1/Repositorios-Ing.Carlos-Cicconi/Trabajo_Final_MCD/logs/getonboard_scraper_20260910_000819.log
2026-09-10 00:11:37,851 [INFO] ============================================================
2026-09-10 00:11:37,855 [INFO]   ✅ getonboard: 432 ofertas recopiladas
2026-09-10 00:11:37,856 [INFO] 
============================================================
2026-09-10 00:11:37,856 [INFO]   EJECUTANDO: bumeran (BumeranScraper)
2026-09-10 00:11:37,857 [INFO]   Queries: definidas en el módulo
2026-09-10 00:11:37,857 [INFO] ============================================================
2026-09-10 00:11:38,047 [INFO] Base de datos lista: /media/carlos-a-cicconi/Common1/Repositorios-Ing.Carlos-Cicconi/Trabajo_Final_MCD/data/raw/db_bumeran.db
2026-09-10 00:11:38,047 [INFO] BumeranScraper (Playwright) inicializado
2026-09-10 00:11:39,074 [INFO] Inicializando sesión en Bumeran...
2026-09-10 00:11:56,800 [INFO] 
🔍 Buscando: 'Data Scientist'
2026-09-10 00:11:56,800 [INFO]    Página 1/5 → https://www.bumeran.com.ar/empleos-busqueda-data-scientist.html
2026-09-10 00:12:18,034 [INFO]    → 0 ofertas encontradas
2026-09-10 00:12:18,034 [INFO]    → Sin más resultados.
2026-09-10 00:12:18,034 [INFO] ✅ 'Data Scientist': 0 ofertas guardadas
2026-09-10 00:12:18,035 [INFO]    💤 Pausa: 13.0s
2026-09-10 00:12:31,013 [INFO] 
🔍 Buscando: 'Data Analyst'
2026-09-10 00:12:31,013 [INFO]    Página 1/5 → https://www.bumeran.com.ar/empleos-busqueda-data-analyst.html
2026-09-10 00:12:53,258 [INFO]    → 5 ofertas encontradas
2026-09-10 00:13:30,187 [INFO]    Página 2/5 → https://www.bumeran.com.ar/empleos-busqueda-data-analyst.html?page=2
2026-09-10 00:13:52,086 [INFO]    → 0 ofertas encontradas
2026-09-10 00:13:52,086 [INFO]    → Sin más resultados.
2026-09-10 00:13:52,095 [INFO] Exportadas 5 ofertas → /media/carlos-a-cicconi/Common1/Repositorios-Ing.Carlos-Cicconi/Trabajo_Final_MCD/data/raw/ofertas_bumeran_20260910.csv
2026-09-10 00:13:52,095 [INFO] ✅ 'Data Analyst': 5 ofertas guardadas
2026-09-10 00:13:52,095 [INFO]    💤 Pausa: 12.2s
2026-09-10 00:14:04,275 [INFO] 
🔍 Buscando: 'Machine Learning Engineer'
2026-09-10 00:14:04,275 [INFO]    Página 1/5 → https://www.bumeran.com.ar/empleos-busqueda-machine-learning.html
2026-09-10 00:14:24,740 [INFO]    → 1 ofertas encontradas
2026-09-10 00:14:32,987 [INFO]    Página 2/5 → https://www.bumeran.com.ar/empleos-busqueda-machine-learning.html?page=2
2026-09-10 00:14:55,512 [INFO]    → 0 ofertas encontradas
2026-09-10 00:14:55,512 [INFO]    → Sin más resultados.
2026-09-10 00:14:55,520 [INFO] Exportadas 1 ofertas → /media/carlos-a-cicconi/Common1/Repositorios-Ing.Carlos-Cicconi/Trabajo_Final_MCD/data/raw/ofertas_bumeran_20260910.csv
2026-09-10 00:14:55,520 [INFO] ✅ 'Machine Learning Engineer': 1 ofertas guardadas
2026-09-10 00:14:55,520 [INFO]    💤 Pausa: 12.7s
2026-09-10 00:15:08,245 [INFO] 
🔍 Buscando: 'NLP Engineer'
2026-09-10 00:15:08,245 [INFO]    Página 1/5 → https://www.bumeran.com.ar/empleos-busqueda-nlp.html
2026-09-10 00:15:30,474 [INFO]    → 0 ofertas encontradas
2026-09-10 00:15:30,474 [INFO]    → Sin más resultados.
2026-09-10 00:15:30,475 [INFO] ✅ 'NLP Engineer': 0 ofertas guardadas
2026-09-10 00:15:30,475 [INFO]    💤 Pausa: 8.4s
2026-09-10 00:15:38,837 [INFO] 
🔍 Buscando: 'Data Engineer'
2026-09-10 00:15:38,837 [INFO]    Página 1/5 → https://www.bumeran.com.ar/empleos-busqueda-data-engineer.html
2026-09-10 00:15:58,488 [INFO]    → 6 ofertas encontradas
2026-09-10 00:16:44,732 [INFO]    Página 2/5 → https://www.bumeran.com.ar/empleos-busqueda-data-engineer.html?page=2
2026-09-10 00:17:05,685 [INFO]    → 0 ofertas encontradas
2026-09-10 00:17:05,685 [INFO]    → Sin más resultados.
2026-09-10 00:17:05,694 [INFO] Exportadas 6 ofertas → /media/carlos-a-cicconi/Common1/Repositorios-Ing.Carlos-Cicconi/Trabajo_Final_MCD/data/raw/ofertas_bumeran_20260910.csv
2026-09-10 00:17:05,694 [INFO] ✅ 'Data Engineer': 6 ofertas guardadas
2026-09-10 00:17:05,694 [INFO]    💤 Pausa: 10.4s
2026-09-10 00:17:16,145 [INFO] 
🔍 Buscando: 'Software Engineer'
2026-09-10 00:17:16,145 [INFO]    Página 1/5 → https://www.bumeran.com.ar/empleos-busqueda-software-engineer.html
2026-09-10 00:17:36,875 [INFO]    → 20 ofertas encontradas
2026-09-10 00:20:13,387 [INFO]    Página 2/5 → https://www.bumeran.com.ar/empleos-busqueda-software-engineer.html?page=2
2026-09-10 00:20:35,053 [INFO]    → 20 ofertas encontradas
2026-09-10 00:23:08,752 [INFO]    Página 3/5 → https://www.bumeran.com.ar/empleos-busqueda-software-engineer.html?page=3
2026-09-10 00:23:30,595 [INFO]    → 20 ofertas encontradas
2026-09-10 00:26:04,600 [INFO]    Página 4/5 → https://www.bumeran.com.ar/empleos-busqueda-software-engineer.html?page=4
2026-09-10 00:26:26,332 [INFO]    → 20 ofertas encontradas
2026-09-10 00:28:56,305 [INFO]    Página 5/5 → https://www.bumeran.com.ar/empleos-busqueda-software-engineer.html?page=5
2026-09-10 00:29:17,579 [INFO]    → 20 ofertas encontradas
2026-09-10 00:31:54,414 [INFO] Exportadas 100 ofertas → /media/carlos-a-cicconi/Common1/Repositorios-Ing.Carlos-Cicconi/Trabajo_Final_MCD/data/raw/ofertas_bumeran_20260910.csv
2026-09-10 00:31:54,415 [INFO] ✅ 'Software Engineer': 100 ofertas guardadas
2026-09-10 00:31:54,415 [INFO]    💤 Pausa: 9.4s
2026-09-10 00:32:03,861 [INFO] 
🔍 Buscando: 'Python Developer'
2026-09-10 00:32:03,861 [INFO]    Página 1/5 → https://www.bumeran.com.ar/empleos-busqueda-python.html
2026-09-10 00:32:26,179 [INFO]    → 3 ofertas encontradas
2026-09-10 00:32:50,882 [INFO]    Página 2/5 → https://www.bumeran.com.ar/empleos-busqueda-python.html?page=2
2026-09-10 00:33:12,193 [INFO]    → 0 ofertas encontradas
2026-09-10 00:33:12,194 [INFO]    → Sin más resultados.
2026-09-10 00:33:12,204 [INFO] Exportadas 3 ofertas → /media/carlos-a-cicconi/Common1/Repositorios-Ing.Carlos-Cicconi/Trabajo_Final_MCD/data/raw/ofertas_bumeran_20260910.csv
2026-09-10 00:33:12,204 [INFO] ✅ 'Python Developer': 3 ofertas guardadas
2026-09-10 00:33:12,205 [INFO]    💤 Pausa: 9.9s
2026-09-10 00:33:22,108 [INFO] 
🔍 Buscando: 'Desarrollador Backend'
2026-09-10 00:33:22,108 [INFO]    Página 1/5 → https://www.bumeran.com.ar/empleos-busqueda-desarrollador-backend.html
2026-09-10 00:33:42,280 [INFO]    → 0 ofertas encontradas
2026-09-10 00:33:42,280 [INFO]    → Sin más resultados.
2026-09-10 00:33:42,280 [INFO] ✅ 'Desarrollador Backend': 0 ofertas guardadas
2026-09-10 00:33:42,280 [INFO]    💤 Pausa: 11.1s
2026-09-10 00:33:53,425 [INFO] 
🔍 Buscando: 'Desarrollador Full Stack'
2026-09-10 00:33:53,425 [INFO]    Página 1/5 → https://www.bumeran.com.ar/empleos-busqueda-desarrollador-full-stack.html
2026-09-10 00:34:13,597 [INFO]    → 1 ofertas encontradas
2026-09-10 00:34:21,901 [INFO]    Página 2/5 → https://www.bumeran.com.ar/empleos-busqueda-desarrollador-full-stack.html?page=2
2026-09-10 00:34:44,569 [INFO]    → 0 ofertas encontradas
2026-09-10 00:34:44,569 [INFO]    → Sin más resultados.
2026-09-10 00:34:44,570 [INFO] Exportadas 1 ofertas → /media/carlos-a-cicconi/Common1/Repositorios-Ing.Carlos-Cicconi/Trabajo_Final_MCD/data/raw/ofertas_bumeran_20260910.csv
2026-09-10 00:34:44,570 [INFO] ✅ 'Desarrollador Full Stack': 1 ofertas guardadas
2026-09-10 00:34:44,570 [INFO]    💤 Pausa: 8.6s
2026-09-10 00:34:53,194 [INFO] 
🔍 Buscando: 'Ingeniero de Datos'
2026-09-10 00:34:53,194 [INFO]    Página 1/5 → https://www.bumeran.com.ar/empleos-busqueda-ingeniero-de-datos.html
2026-09-10 00:35:13,025 [INFO]    → 0 ofertas encontradas
2026-09-10 00:35:13,025 [INFO]    → Sin más resultados.
2026-09-10 00:35:13,026 [INFO] ✅ 'Ingeniero de Datos': 0 ofertas guardadas
2026-09-10 00:35:13,026 [INFO]    💤 Pausa: 11.7s
2026-09-10 00:35:24,873 [INFO] 
============================================================
2026-09-10 00:35:24,873 [INFO] SCRAPING FINALIZADO - Bumeran Argentina
2026-09-10 00:35:24,873 [INFO] Total ofertas únicas: 116
2026-09-10 00:35:24,874 [INFO] DB : /media/carlos-a-cicconi/Common1/Repositorios-Ing.Carlos-Cicconi/Trabajo_Final_MCD/data/raw/db_bumeran.db
2026-09-10 00:35:24,874 [INFO] CSV: /media/carlos-a-cicconi/Common1/Repositorios-Ing.Carlos-Cicconi/Trabajo_Final_MCD/data/raw/ofertas_bumeran_20260910.csv
2026-09-10 00:35:24,874 [INFO] Log: /media/carlos-a-cicconi/Common1/Repositorios-Ing.Carlos-Cicconi/Trabajo_Final_MCD/logs/bumeran_scraper_20260910_001138.log
2026-09-10 00:35:24,874 [INFO] ============================================================
2026-09-10 00:35:24,875 [INFO]   ✅ bumeran: 116 ofertas recopiladas
2026-09-10 00:35:24,875 [INFO] 
============================================================
2026-09-10 00:35:24,875 [INFO]   EJECUTANDO: zonajobs (ZonaJobsScraper)
2026-09-10 00:35:24,875 [INFO]   Queries: definidas en el módulo
2026-09-10 00:35:24,875 [INFO] ============================================================
2026-09-10 00:35:24,883 [INFO] Base de datos lista: /media/carlos-a-cicconi/Common1/Repositorios-Ing.Carlos-Cicconi/Trabajo_Final_MCD/data/raw/db_zonajobs.db
2026-09-10 00:35:24,883 [INFO] ZonaJobsScraper (Playwright) inicializado
2026-09-10 00:35:25,477 [INFO] Inicializando sesión en ZonaJobs...
2026-09-10 00:35:42,731 [INFO] 
🔍 Buscando: 'Data Scientist'
2026-09-10 00:35:42,731 [INFO]    Página 1/5 → https://www.zonajobs.com.ar/empleos-busqueda-data-scientist.html
2026-09-10 00:36:03,923 [WARNING]    ⚠️  Sin ofertas. HTML guardado: zonajobs_rendered_Data_Scientist.html
2026-09-10 00:36:03,923 [INFO]    → 0 ofertas encontradas
2026-09-10 00:36:03,924 [INFO]    → Sin más resultados.
2026-09-10 00:36:03,924 [INFO] ✅ 'Data Scientist': 0 ofertas guardadas
2026-09-10 00:36:03,924 [INFO]    💤 Pausa: 9.2s
2026-09-10 00:36:13,184 [INFO] 
🔍 Buscando: 'Data Analyst'
2026-09-10 00:36:13,184 [INFO]    Página 1/5 → https://www.zonajobs.com.ar/empleos-busqueda-data-analyst.html
2026-09-10 00:36:33,598 [INFO]    → 5 ofertas encontradas
2026-09-10 00:37:12,115 [INFO]    Página 2/5 → https://www.zonajobs.com.ar/empleos-busqueda-data-analyst.html?page=2
2026-09-10 00:37:34,645 [WARNING]    ⚠️  Sin ofertas. HTML guardado: zonajobs_rendered_Data_Analyst.html
2026-09-10 00:37:34,646 [INFO]    → 0 ofertas encontradas
2026-09-10 00:37:34,646 [INFO]    → Sin más resultados.
2026-09-10 00:37:34,648 [INFO] Exportadas 5 ofertas → /media/carlos-a-cicconi/Common1/Repositorios-Ing.Carlos-Cicconi/Trabajo_Final_MCD/data/raw/ofertas_zonajobs_20260910.csv
2026-09-10 00:37:34,649 [INFO] ✅ 'Data Analyst': 5 ofertas guardadas
2026-09-10 00:37:34,649 [INFO]    💤 Pausa: 9.9s
2026-09-10 00:37:44,521 [INFO] 
🔍 Buscando: 'Machine Learning Engineer'
2026-09-10 00:37:44,521 [INFO]    Página 1/5 → https://www.zonajobs.com.ar/empleos-busqueda-machine-learning.html
2026-09-10 00:38:05,602 [INFO]    → 1 ofertas encontradas
2026-09-10 00:38:12,867 [INFO]    Página 2/5 → https://www.zonajobs.com.ar/empleos-busqueda-machine-learning.html?page=2
2026-09-10 00:38:35,789 [WARNING]    ⚠️  Sin ofertas. HTML guardado: zonajobs_rendered_Machine_Learning_Engineer.html
2026-09-10 00:38:35,789 [INFO]    → 0 ofertas encontradas
2026-09-10 00:38:35,789 [INFO]    → Sin más resultados.
2026-09-10 00:38:35,790 [INFO] Exportadas 1 ofertas → /media/carlos-a-cicconi/Common1/Repositorios-Ing.Carlos-Cicconi/Trabajo_Final_MCD/data/raw/ofertas_zonajobs_20260910.csv
2026-09-10 00:38:35,790 [INFO] ✅ 'Machine Learning Engineer': 1 ofertas guardadas
2026-09-10 00:38:35,791 [INFO]    💤 Pausa: 11.8s
2026-09-10 00:38:47,603 [INFO] 
🔍 Buscando: 'NLP Engineer'
2026-09-10 00:38:47,603 [INFO]    Página 1/5 → https://www.zonajobs.com.ar/empleos-busqueda-nlp.html
2026-09-10 00:39:08,906 [WARNING]    ⚠️  Sin ofertas. HTML guardado: zonajobs_rendered_NLP_Engineer.html
2026-09-10 00:39:08,906 [INFO]    → 0 ofertas encontradas
2026-09-10 00:39:08,906 [INFO]    → Sin más resultados.
2026-09-10 00:39:08,906 [INFO] ✅ 'NLP Engineer': 0 ofertas guardadas
2026-09-10 00:39:08,906 [INFO]    💤 Pausa: 7.4s
2026-09-10 00:39:16,270 [INFO] 
🔍 Buscando: 'Data Engineer'
2026-09-10 00:39:16,270 [INFO]    Página 1/5 → https://www.zonajobs.com.ar/empleos-busqueda-data-engineer.html
2026-09-10 00:39:38,145 [INFO]    → 6 ofertas encontradas
2026-09-10 00:40:23,161 [INFO]    Página 2/5 → https://www.zonajobs.com.ar/empleos-busqueda-data-engineer.html?page=2
2026-09-10 00:40:43,821 [WARNING]    ⚠️  Sin ofertas. HTML guardado: zonajobs_rendered_Data_Engineer.html
2026-09-10 00:40:43,821 [INFO]    → 0 ofertas encontradas
2026-09-10 00:40:43,821 [INFO]    → Sin más resultados.
2026-09-10 00:40:43,822 [INFO] Exportadas 6 ofertas → /media/carlos-a-cicconi/Common1/Repositorios-Ing.Carlos-Cicconi/Trabajo_Final_MCD/data/raw/ofertas_zonajobs_20260910.csv
2026-09-10 00:40:43,822 [INFO] ✅ 'Data Engineer': 6 ofertas guardadas
2026-09-10 00:40:43,822 [INFO]    💤 Pausa: 11.4s
2026-09-10 00:40:55,232 [INFO] 
🔍 Buscando: 'Software Engineer'
2026-09-10 00:40:55,233 [INFO]    Página 1/5 → https://www.zonajobs.com.ar/empleos-busqueda-software-engineer.html
2026-09-10 00:41:15,902 [INFO]    → 20 ofertas encontradas
2026-09-10 00:43:51,421 [INFO]    Página 2/5 → https://www.zonajobs.com.ar/empleos-busqueda-software-engineer.html?page=2
2026-09-10 00:44:12,176 [INFO]    → 20 ofertas encontradas
2026-09-10 00:46:44,713 [INFO]    Página 3/5 → https://www.zonajobs.com.ar/empleos-busqueda-software-engineer.html?page=3
2026-09-10 00:47:07,386 [INFO]    → 20 ofertas encontradas
2026-09-10 00:49:46,491 [INFO]    Página 4/5 → https://www.zonajobs.com.ar/empleos-busqueda-software-engineer.html?page=4
2026-09-10 00:50:09,337 [INFO]    → 20 ofertas encontradas
2026-09-10 00:52:40,437 [INFO]    Página 5/5 → https://www.zonajobs.com.ar/empleos-busqueda-software-engineer.html?page=5
2026-09-10 00:53:02,140 [INFO]    → 20 ofertas encontradas
2026-09-10 00:55:32,733 [INFO] Exportadas 100 ofertas → /media/carlos-a-cicconi/Common1/Repositorios-Ing.Carlos-Cicconi/Trabajo_Final_MCD/data/raw/ofertas_zonajobs_20260910.csv
2026-09-10 00:55:32,733 [INFO] ✅ 'Software Engineer': 100 ofertas guardadas
2026-09-10 00:55:32,734 [INFO]    💤 Pausa: 8.3s
2026-09-10 00:55:41,083 [INFO] 
🔍 Buscando: 'Python Developer'
2026-09-10 00:55:41,083 [INFO]    Página 1/5 → https://www.zonajobs.com.ar/empleos-busqueda-python.html
2026-09-10 00:56:02,805 [INFO]    → 2 ofertas encontradas
2026-09-10 00:56:18,625 [INFO]    Página 2/5 → https://www.zonajobs.com.ar/empleos-busqueda-python.html?page=2
2026-09-10 00:56:40,131 [WARNING]    ⚠️  Sin ofertas. HTML guardado: zonajobs_rendered_Python_Developer.html
2026-09-10 00:56:40,132 [INFO]    → 0 ofertas encontradas
2026-09-10 00:56:40,132 [INFO]    → Sin más resultados.
2026-09-10 00:56:40,133 [INFO] Exportadas 2 ofertas → /media/carlos-a-cicconi/Common1/Repositorios-Ing.Carlos-Cicconi/Trabajo_Final_MCD/data/raw/ofertas_zonajobs_20260910.csv
2026-09-10 00:56:40,133 [INFO] ✅ 'Python Developer': 2 ofertas guardadas
2026-09-10 00:56:40,133 [INFO]    💤 Pausa: 8.8s
2026-09-10 00:56:48,908 [INFO] 
🔍 Buscando: 'Desarrollador Backend'
2026-09-10 00:56:48,908 [INFO]    Página 1/5 → https://www.zonajobs.com.ar/empleos-busqueda-desarrollador-backend.html
2026-09-10 00:57:10,585 [WARNING]    ⚠️  Sin ofertas. HTML guardado: zonajobs_rendered_Desarrollador_Backend.html
2026-09-10 00:57:10,585 [INFO]    → 0 ofertas encontradas
2026-09-10 00:57:10,585 [INFO]    → Sin más resultados.
2026-09-10 00:57:10,585 [INFO] ✅ 'Desarrollador Backend': 0 ofertas guardadas
2026-09-10 00:57:10,586 [INFO]    💤 Pausa: 10.6s
2026-09-10 00:57:21,179 [INFO] 
🔍 Buscando: 'Desarrollador Full Stack'
2026-09-10 00:57:21,179 [INFO]    Página 1/5 → https://www.zonajobs.com.ar/empleos-busqueda-desarrollador-full-stack.html
2026-09-10 00:57:42,522 [WARNING]    ⚠️  Sin ofertas. HTML guardado: zonajobs_rendered_Desarrollador_Full_Stack.html
2026-09-10 00:57:42,523 [INFO]    → 0 ofertas encontradas
2026-09-10 00:57:42,523 [INFO]    → Sin más resultados.
2026-09-10 00:57:42,523 [INFO] ✅ 'Desarrollador Full Stack': 0 ofertas guardadas
2026-09-10 00:57:42,523 [INFO]    💤 Pausa: 9.4s
2026-09-10 00:57:51,942 [INFO] 
🔍 Buscando: 'Ingeniero de Datos'
2026-09-10 00:57:51,943 [INFO]    Página 1/5 → https://www.zonajobs.com.ar/empleos-busqueda-ingeniero-de-datos.html
2026-09-10 00:58:12,594 [WARNING]    ⚠️  Sin ofertas. HTML guardado: zonajobs_rendered_Ingeniero_de_Datos.html
2026-09-10 00:58:12,594 [INFO]    → 0 ofertas encontradas
2026-09-10 00:58:12,595 [INFO]    → Sin más resultados.
2026-09-10 00:58:12,595 [INFO] ✅ 'Ingeniero de Datos': 0 ofertas guardadas
2026-09-10 00:58:12,595 [INFO]    💤 Pausa: 11.1s
2026-09-10 00:58:23,973 [INFO] 
============================================================
2026-09-10 00:58:23,973 [INFO] SCRAPING FINALIZADO - ZonaJobs Argentina
2026-09-10 00:58:23,973 [INFO] Total ofertas únicas: 114
2026-09-10 00:58:23,973 [INFO] DB : /media/carlos-a-cicconi/Common1/Repositorios-Ing.Carlos-Cicconi/Trabajo_Final_MCD/data/raw/db_zonajobs.db
2026-09-10 00:58:23,973 [INFO] CSV: /media/carlos-a-cicconi/Common1/Repositorios-Ing.Carlos-Cicconi/Trabajo_Final_MCD/data/raw/ofertas_zonajobs_20260910.csv
2026-09-10 00:58:23,974 [INFO] Log: /media/carlos-a-cicconi/Common1/Repositorios-Ing.Carlos-Cicconi/Trabajo_Final_MCD/logs/zonajobs_scraper_20260910_003524.log
2026-09-10 00:58:23,974 [INFO] ============================================================
2026-09-10 00:58:23,976 [INFO]   ✅ zonajobs: 114 ofertas recopiladas
2026-09-10 00:58:23,976 [INFO] 
============================================================
2026-09-10 00:58:23,976 [INFO]   EJECUTANDO: opcionempleo (OpcionempleoScraper)
2026-09-10 00:58:23,976 [INFO]   Queries: definidas en el módulo
2026-09-10 00:58:23,976 [INFO] ============================================================
2026-09-10 00:58:23,990 [INFO] Base de datos lista: /media/carlos-a-cicconi/Common1/Repositorios-Ing.Carlos-Cicconi/Trabajo_Final_MCD/data/raw/db_opcionempleo.db
2026-09-10 00:58:23,991 [INFO] OpcionempleoScraper (Playwright) inicializado
2026-09-10 00:58:25,574 [INFO] Inicializando sesión en OpcionEmpleo...
2026-09-10 00:58:25,574 [INFO] (Puede tardar hasta 20s mientras se resuelve el Turnstile)
2026-09-10 00:58:29,241 [INFO]    ⏳ Turnstile detectado — esperando resolución automática...
2026-09-10 00:58:29,280 [INFO]    ✅ Turnstile resuelto
2026-09-10 00:58:34,699 [INFO] 
🔍 Buscando: 'Data Scientist'
2026-09-10 00:58:34,700 [INFO]    Página 1/5 → https://www.opcionempleo.com.ar/trabajo-data-scientist.html
2026-09-10 00:58:42,445 [INFO]    ⏳ Turnstile detectado — esperando resolución automática...
2026-09-10 00:58:42,481 [INFO]    ✅ Turnstile resuelto
2026-09-10 00:58:46,891 [INFO]    → 20 ofertas encontradas
2026-09-10 00:58:54,757 [INFO]    ⏳ Turnstile detectado — esperando resolución automática...
2026-09-10 00:58:54,778 [INFO]    ✅ Turnstile resuelto
2026-09-10 00:59:05,055 [INFO]    ⏳ Turnstile detectado — esperando resolución automática...
2026-09-10 00:59:05,078 [INFO]    ✅ Turnstile resuelto
2026-09-10 00:59:17,378 [INFO]    ⏳ Turnstile detectado — esperando resolución automática...
2026-09-10 00:59:17,401 [INFO]    ✅ Turnstile resuelto
2026-09-10 00:59:28,078 [INFO]    ⏳ Turnstile detectado — esperando resolución automática...
2026-09-10 00:59:28,100 [INFO]    ✅ Turnstile resuelto
2026-09-10 00:59:39,576 [INFO]    ⏳ Turnstile detectado — esperando resolución automática...
2026-09-10 00:59:39,614 [INFO]    ✅ Turnstile resuelto
2026-09-10 00:59:50,051 [INFO]    ⏳ Turnstile detectado — esperando resolución automática...
2026-09-10 00:59:50,091 [INFO]    ✅ Turnstile resuelto
2026-09-10 00:59:59,973 [INFO]    ⏳ Turnstile detectado — esperando resolución automática...
2026-09-10 01:00:00,005 [INFO]    ✅ Turnstile resuelto
2026-09-10 01:00:11,165 [INFO]    ⏳ Turnstile detectado — esperando resolución automática...
2026-09-10 01:00:11,193 [INFO]    ✅ Turnstile resuelto
2026-09-10 01:00:21,188 [INFO]    ⏳ Turnstile detectado — esperando resolución automática...
2026-09-10 01:00:21,271 [INFO]    ✅ Turnstile resuelto
2026-09-10 01:00:32,890 [INFO]    ⏳ Turnstile detectado — esperando resolución automática...
2026-09-10 01:00:32,915 [INFO]    ✅ Turnstile resuelto
2026-09-10 01:00:42,432 [INFO]    ⏳ Turnstile detectado — esperando resolución automática...
2026-09-10 01:00:42,463 [INFO]    ✅ Turnstile resuelto
2026-09-10 01:00:53,983 [INFO]    ⏳ Turnstile detectado — esperando resolución automática...
2026-09-10 01:00:54,014 [INFO]    ✅ Turnstile resuelto
2026-09-10 01:01:03,358 [INFO]    ⏳ Turnstile detectado — esperando resolución automática...
2026-09-10 01:01:03,388 [INFO]    ✅ Turnstile resuelto
2026-09-10 01:01:14,177 [INFO]    ⏳ Turnstile detectado — esperando resolución automática...
2026-09-10 01:01:14,212 [INFO]    ✅ Turnstile resuelto
2026-09-10 01:01:26,007 [INFO]    ⏳ Turnstile detectado — esperando resolución automática...
2026-09-10 01:01:26,033 [INFO]    ✅ Turnstile resuelto
2026-09-10 01:01:36,844 [INFO]    ⏳ Turnstile detectado — esperando resolución automática...
2026-09-10 01:01:36,872 [INFO]    ✅ Turnstile resuelto
2026-09-10 01:01:46,814 [INFO]    ⏳ Turnstile detectado — esperando resolución automática...
2026-09-10 01:01:46,854 [INFO]    ✅ Turnstile resuelto
2026-09-10 01:01:56,814 [INFO]    ⏳ Turnstile detectado — esperando resolución automática...
2026-09-10 01:01:56,845 [INFO]    ✅ Turnstile resuelto
2026-09-10 01:02:06,804 [INFO]    ⏳ Turnstile detectado — esperando resolución automática...
2026-09-10 01:02:06,847 [INFO]    ✅ Turnstile resuelto
2026-09-10 01:02:18,596 [INFO]    ⏳ Turnstile detectado — esperando resolución automática...
2026-09-10 01:02:18,629 [INFO]    ✅ Turnstile resuelto
2026-09-10 01:02:22,663 [INFO]    Página 2/5 → https://www.opcionempleo.com.ar/trabajo-data-scientist.html?p=2
2026-09-10 01:02:31,592 [INFO]    ⏳ Turnstile detectado — esperando resolución automática...
2026-09-10 01:02:31,627 [INFO]    ✅ Turnstile resuelto
2026-09-10 01:02:35,637 [INFO]    → 20 ofertas encontradas
2026-09-10 01:02:43,824 [INFO]    ⏳ Turnstile detectado — esperando resolución automática...
2026-09-10 01:02:43,848 [INFO]    ✅ Turnstile resuelto
2026-09-10 01:02:53,237 [INFO]    ⏳ Turnstile detectado — esperando resolución automática...
2026-09-10 01:02:53,264 [INFO]    ✅ Turnstile resuelto
2026-09-10 01:03:05,343 [INFO]    ⏳ Turnstile detectado — esperando resolución automática...
2026-09-10 01:03:05,373 [INFO]    ✅ Turnstile resuelto
2026-09-10 01:03:15,860 [INFO]    ⏳ Turnstile detectado — esperando resolución automática...
2026-09-10 01:03:15,896 [INFO]    ✅ Turnstile resuelto
2026-09-10 01:03:25,385 [INFO]    ⏳ Turnstile detectado — esperando resolución automática...
2026-09-10 01:03:25,414 [INFO]    ✅ Turnstile resuelto
2026-09-10 01:03:35,722 [INFO]    ⏳ Turnstile detectado — esperando resolución automática...
2026-09-10 01:03:35,749 [INFO]    ✅ Turnstile resuelto
2026-09-10 01:03:45,889 [INFO]    ⏳ Turnstile detectado — esperando resolución automática...
2026-09-10 01:03:45,927 [INFO]    ✅ Turnstile resuelto
2026-09-10 01:03:56,041 [INFO]    ⏳ Turnstile detectado — esperando resolución automática...
2026-09-10 01:03:56,087 [INFO]    ✅ Turnstile resuelto
2026-09-10 01:04:08,673 [INFO]    ⏳ Turnstile detectado — esperando resolución automática...
2026-09-10 01:04:08,708 [INFO]    ✅ Turnstile resuelto
2026-09-10 01:04:20,232 [INFO]    ⏳ Turnstile detectado — esperando resolución automática...
2026-09-10 01:04:20,267 [INFO]    ✅ Turnstile resuelto
2026-09-10 01:04:30,617 [INFO]    ⏳ Turnstile detectado — esperando resolución automática...
2026-09-10 01:04:30,650 [INFO]    ✅ Turnstile resuelto
2026-09-10 01:04:43,250 [INFO]    ⏳ Turnstile detectado — esperando resolución automática...
2026-09-10 01:04:43,280 [INFO]    ✅ Turnstile resuelto
2026-09-10 01:04:54,651 [INFO]    ⏳ Turnstile detectado — esperando resolución automática...
2026-09-10 01:04:54,684 [INFO]    ✅ Turnstile resuelto
2026-09-10 01:05:06,669 [INFO]    ⏳ Turnstile detectado — esperando resolución automática...
2026-09-10 01:05:06,699 [INFO]    ✅ Turnstile resuelto
2026-09-10 01:05:17,335 [INFO]    ⏳ Turnstile detectado — esperando resolución automática...
2026-09-10 01:05:17,369 [INFO]    ✅ Turnstile resuelto
2026-09-10 01:05:27,867 [INFO]    ⏳ Turnstile detectado — esperando resolución automática...
2026-09-10 01:05:27,903 [INFO]    ✅ Turnstile resuelto
2026-09-10 01:05:38,504 [INFO]    ⏳ Turnstile detectado — esperando resolución automática...
2026-09-10 01:05:38,532 [INFO]    ✅ Turnstile resuelto
2026-09-10 01:05:50,699 [INFO]    ⏳ Turnstile detectado — esperando resolución automática...
2026-09-10 01:05:50,728 [INFO]    ✅ Turnstile resuelto
2026-09-10 01:06:02,069 [INFO]    ⏳ Turnstile detectado — esperando resolución automática...
2026-09-10 01:06:02,107 [INFO]    ✅ Turnstile resuelto
2026-09-10 01:06:13,223 [INFO]    ⏳ Turnstile detectado — esperando resolución automática...
2026-09-10 01:06:13,264 [INFO]    ✅ Turnstile resuelto
2026-09-10 01:06:16,478 [INFO]    Página 3/5 → https://www.opcionempleo.com.ar/trabajo-data-scientist.html?p=3
2026-09-10 01:06:25,253 [INFO]    ⏳ Turnstile detectado — esperando resolución automática...
2026-09-10 01:06:25,286 [INFO]    ✅ Turnstile resuelto
2026-09-10 01:06:29,307 [INFO]    → 20 ofertas encontradas
2026-09-10 01:06:37,748 [INFO]    ⏳ Turnstile detectado — esperando resolución automática...
2026-09-10 01:06:37,777 [INFO]    ✅ Turnstile resuelto
2026-09-10 01:06:47,537 [INFO]    ⏳ Turnstile detectado — esperando resolución automática...
2026-09-10 01:06:47,572 [INFO]    ✅ Turnstile resuelto
2026-09-10 01:06:57,872 [INFO]    ⏳ Turnstile detectado — esperando resolución automática...
2026-09-10 01:06:57,897 [INFO]    ✅ Turnstile resuelto
2026-09-10 01:07:09,164 [INFO]    ⏳ Turnstile detectado — esperando resolución automática...
2026-09-10 01:07:09,192 [INFO]    ✅ Turnstile resuelto
2026-09-10 01:07:20,893 [INFO]    ⏳ Turnstile detectado — esperando resolución automática...
2026-09-10 01:07:20,918 [INFO]    ✅ Turnstile resuelto
2026-09-10 01:07:32,246 [INFO]    ⏳ Turnstile detectado — esperando resolución automática...
2026-09-10 01:07:32,292 [INFO]    ✅ Turnstile resuelto
2026-09-10 01:07:41,885 [INFO]    ⏳ Turnstile detectado — esperando resolución automática...
2026-09-10 01:07:41,914 [INFO]    ✅ Turnstile resuelto
2026-09-10 01:07:53,368 [INFO]    ⏳ Turnstile detectado — esperando resolución automática...
2026-09-10 01:07:53,394 [INFO]    ✅ Turnstile resuelto
2026-09-10 01:08:03,487 [INFO]    ⏳ Turnstile detectado — esperando resolución automática...
2026-09-10 01:08:03,541 [INFO]    ✅ Turnstile resuelto
2026-09-10 01:08:14,148 [INFO]    ⏳ Turnstile detectado — esperando resolución automática...
2026-09-10 01:08:14,175 [INFO]    ✅ Turnstile resuelto
2026-09-10 01:08:25,772 [INFO]    ⏳ Turnstile detectado — esperando resolución automática...
2026-09-10 01:08:25,812 [INFO]    ✅ Turnstile resuelto
2026-09-10 01:08:37,265 [INFO]    ⏳ Turnstile detectado — esperando resolución automática...
2026-09-10 01:08:37,290 [INFO]    ✅ Turnstile resuelto
2026-09-10 01:08:48,301 [INFO]    ⏳ Turnstile detectado — esperando resolución automática...
2026-09-10 01:08:48,341 [INFO]    ✅ Turnstile resuelto
2026-09-10 01:08:59,098 [INFO]    ⏳ Turnstile detectado — esperando resolución automática...
2026-09-10 01:08:59,170 [INFO]    ✅ Turnstile resuelto
2026-09-10 01:09:10,610 [INFO]    ⏳ Turnstile detectado — esperando resolución automática...
2026-09-10 01:09:10,633 [INFO]    ✅ Turnstile resuelto
2026-09-10 01:09:22,575 [INFO]    ⏳ Turnstile detectado — esperando resolución automática...
2026-09-10 01:09:22,621 [INFO]    ✅ Turnstile resuelto
2026-09-10 01:09:34,136 [INFO]    ⏳ Turnstile detectado — esperando resolución automática...
2026-09-10 01:09:34,161 [INFO]    ✅ Turnstile resuelto
2026-09-10 01:09:44,362 [INFO]    ⏳ Turnstile detectado — esperando resolución automática...
2026-09-10 01:09:44,404 [INFO]    ✅ Turnstile resuelto
2026-09-10 01:09:54,269 [INFO]    ⏳ Turnstile detectado — esperando resolución automática...
2026-09-10 01:09:54,297 [INFO]    ✅ Turnstile resuelto
2026-09-10 01:10:04,035 [INFO]    ⏳ Turnstile detectado — esperando resolución automática...
2026-09-10 01:10:04,060 [INFO]    ✅ Turnstile resuelto
2026-09-10 01:10:08,000 [INFO]    Página 4/5 → https://www.opcionempleo.com.ar/trabajo-data-scientist.html?p=4
2026-09-10 01:10:15,209 [INFO]    ⏳ Turnstile detectado — esperando resolución automática...
2026-09-10 01:10:15,234 [INFO]    ✅ Turnstile resuelto
2026-09-10 01:10:19,078 [INFO]    → 20 ofertas encontradas
2026-09-10 01:10:25,321 [INFO]    ⏳ Turnstile detectado — esperando resolución automática...
2026-09-10 01:10:25,348 [INFO]    ✅ Turnstile resuelto
2026-09-10 01:10:36,588 [INFO]    ⏳ Turnstile detectado — esperando resolución automática...
2026-09-10 01:10:36,618 [INFO]    ✅ Turnstile resuelto
2026-09-10 01:10:48,783 [INFO]    ⏳ Turnstile detectado — esperando resolución automática...
2026-09-10 01:10:48,817 [INFO]    ✅ Turnstile resuelto
2026-09-10 01:10:59,574 [INFO]    ⏳ Turnstile detectado — esperando resolución automática...
2026-09-10 01:10:59,596 [INFO]    ✅ Turnstile resuelto
2026-09-10 01:11:10,539 [INFO]    ⏳ Turnstile detectado — esperando resolución automática...
2026-09-10 01:11:10,565 [INFO]    ✅ Turnstile resuelto
2026-09-10 01:11:21,683 [INFO]    ⏳ Turnstile detectado — esperando resolución automática...
2026-09-10 01:11:21,728 [INFO]    ✅ Turnstile resuelto
2026-09-10 01:11:32,809 [INFO]    ⏳ Turnstile detectado — esperando resolución automática...
2026-09-10 01:11:32,834 [INFO]    ✅ Turnstile resuelto
2026-09-10 01:11:43,662 [INFO]    ⏳ Turnstile detectado — esperando resolución automática...
2026-09-10 01:11:43,687 [INFO]    ✅ Turnstile resuelto
2026-09-10 01:11:54,331 [INFO]    ⏳ Turnstile detectado — esperando resolución automática...
2026-09-10 01:11:54,354 [INFO]    ✅ Turnstile resuelto
2026-09-10 01:12:05,268 [INFO]    ⏳ Turnstile detectado — esperando resolución automática...
2026-09-10 01:12:05,311 [INFO]    ✅ Turnstile resuelto
2026-09-10 01:12:16,935 [INFO]    ⏳ Turnstile detectado — esperando resolución automática...
2026-09-10 01:12:16,959 [INFO]    ✅ Turnstile resuelto
2026-09-10 01:12:27,249 [INFO]    ⏳ Turnstile detectado — esperando resolución automática...
2026-09-10 01:12:27,275 [INFO]    ✅ Turnstile resuelto
2026-09-10 01:12:37,702 [INFO]    ⏳ Turnstile detectado — esperando resolución automática...
2026-09-10 01:12:37,738 [INFO]    ✅ Turnstile resuelto
2026-09-10 01:12:48,215 [INFO]    ⏳ Turnstile detectado — esperando resolución automática...
2026-09-10 01:12:48,254 [INFO]    ✅ Turnstile resuelto
2026-09-10 01:13:00,376 [INFO]    ⏳ Turnstile detectado — esperando resolución automática...
2026-09-10 01:13:00,399 [INFO]    ✅ Turnstile resuelto
2026-09-10 01:13:12,851 [INFO]    ⏳ Turnstile detectado — esperando resolución automática...
2026-09-10 01:13:12,896 [INFO]    ✅ Turnstile resuelto
2026-09-10 01:13:24,437 [INFO]    ⏳ Turnstile detectado — esperando resolución automática...
2026-09-10 01:13:24,472 [INFO]    ✅ Turnstile resuelto
2026-09-10 01:13:35,698 [INFO]    ⏳ Turnstile detectado — esperando resolución automática...
2026-09-10 01:13:35,722 [INFO]    ✅ Turnstile resuelto
2026-09-10 01:13:46,278 [INFO]    ⏳ Turnstile detectado — esperando resolución automática...
2026-09-10 01:13:46,303 [INFO]    ✅ Turnstile resuelto
2026-09-10 01:13:57,126 [INFO]    ⏳ Turnstile detectado — esperando resolución automática...
2026-09-10 01:13:57,170 [INFO]    ✅ Turnstile resuelto
2026-09-10 01:14:00,376 [INFO]    Página 5/5 → https://www.opcionempleo.com.ar/trabajo-data-scientist.html?p=5
2026-09-10 01:14:09,935 [INFO]    ⏳ Turnstile detectado — esperando resolución automática...
2026-09-10 01:14:09,960 [INFO]    ✅ Turnstile resuelto
2026-09-10 01:14:14,142 [INFO]    → 20 ofertas encontradas
2026-09-10 01:14:20,740 [INFO]    ⏳ Turnstile detectado — esperando resolución automática...
2026-09-10 01:14:20,780 [INFO]    ✅ Turnstile resuelto
2026-09-10 01:14:34,183 [INFO]    ⏳ Turnstile detectado — esperando resolución automática...
2026-09-10 01:14:34,211 [INFO]    ✅ Turnstile resuelto
2026-09-10 01:14:45,462 [INFO]    ⏳ Turnstile detectado — esperando resolución automática...
2026-09-10 01:14:45,492 [INFO]    ✅ Turnstile resuelto
2026-09-10 01:14:57,040 [INFO]    ⏳ Turnstile detectado — esperando resolución automática...
2026-09-10 01:14:57,067 [INFO]    ✅ Turnstile resuelto
2026-09-10 01:15:09,252 [INFO]    ⏳ Turnstile detectado — esperando resolución automática...
2026-09-10 01:15:09,284 [INFO]    ✅ Turnstile resuelto
2026-09-10 01:15:21,282 [INFO]    ⏳ Turnstile detectado — esperando resolución automática...
2026-09-10 01:15:21,328 [INFO]    ✅ Turnstile resuelto
2026-09-10 01:15:32,406 [INFO]    ⏳ Turnstile detectado — esperando resolución automática...
2026-09-10 01:15:32,457 [INFO]    ✅ Turnstile resuelto
2026-09-10 01:15:43,819 [INFO]    ⏳ Turnstile detectado — esperando resolución automática...
2026-09-10 01:15:43,855 [INFO]    ✅ Turnstile resuelto
2026-09-10 01:15:55,007 [INFO]    ⏳ Turnstile detectado — esperando resolución automática...
2026-09-10 01:15:55,042 [INFO]    ✅ Turnstile resuelto
2026-09-10 01:16:06,756 [INFO]    ⏳ Turnstile detectado — esperando resolución automática...
2026-09-10 01:16:06,789 [INFO]    ✅ Turnstile resuelto
2026-09-10 01:16:17,109 [INFO]    ⏳ Turnstile detectado — esperando resolución automática...
2026-09-10 01:16:17,146 [INFO]    ✅ Turnstile resuelto
2026-09-10 01:16:28,073 [INFO]    ⏳ Turnstile detectado — esperando resolución automática...
2026-09-10 01:16:28,101 [INFO]    ✅ Turnstile resuelto
2026-09-10 01:16:38,766 [INFO]    ⏳ Turnstile detectado — esperando resolución automática...
2026-09-10 01:16:38,802 [INFO]    ✅ Turnstile resuelto
2026-09-10 01:16:49,351 [INFO]    ⏳ Turnstile detectado — esperando resolución automática...
2026-09-10 01:16:49,381 [INFO]    ✅ Turnstile resuelto
2026-09-10 01:17:00,099 [INFO]    ⏳ Turnstile detectado — esperando resolución automática...
2026-09-10 01:17:00,149 [INFO]    ✅ Turnstile resuelto
2026-09-10 01:17:10,353 [INFO]    ⏳ Turnstile detectado — esperando resolución automática...
2026-09-10 01:17:10,396 [INFO]    ✅ Turnstile resuelto
2026-09-10 01:17:21,020 [INFO]    ⏳ Turnstile detectado — esperando resolución automática...
2026-09-10 01:17:21,060 [INFO]    ✅ Turnstile resuelto
2026-09-10 01:17:31,582 [INFO]    ⏳ Turnstile detectado — esperando resolución automática...
2026-09-10 01:17:31,607 [INFO]    ✅ Turnstile resuelto
2026-09-10 01:17:41,635 [INFO]    ⏳ Turnstile detectado — esperando resolución automática...
2026-09-10 01:17:41,671 [INFO]    ✅ Turnstile resuelto
2026-09-10 01:17:51,384 [INFO]    ⏳ Turnstile detectado — esperando resolución automática...
2026-09-10 01:17:51,412 [INFO]    ✅ Turnstile resuelto
2026-09-10 01:17:54,707 [INFO] Exportadas 100 ofertas → /media/carlos-a-cicconi/Common1/Repositorios-Ing.Carlos-Cicconi/Trabajo_Final_MCD/data/raw/ofertas_opcionempleo_20260910.csv
2026-09-10 01:17:54,707 [INFO] ✅ 'Data Scientist': 100 ofertas guardadas
2026-09-10 01:17:54,707 [INFO]    💤 Pausa: 13.3s
2026-09-10 01:18:07,986 [INFO] 
🔍 Buscando: 'Data Analyst'
2026-09-10 01:18:07,986 [INFO]    Página 1/5 → https://www.opcionempleo.com.ar/trabajo-data-analyst.html
2026-09-10 01:18:16,633 [INFO]    ⏳ Turnstile detectado — esperando resolución automática...
2026-09-10 01:18:16,667 [INFO]    ✅ Turnstile resuelto
2026-09-10 01:18:20,964 [INFO]    → 20 ofertas encontradas
2026-09-10 01:18:27,729 [INFO]    ⏳ Turnstile detectado — esperando resolución automática...
2026-09-10 01:18:27,759 [INFO]    ✅ Turnstile resuelto
2026-09-10 01:18:39,398 [INFO]    ⏳ Turnstile detectado — esperando resolución automática...
2026-09-10 01:18:39,440 [INFO]    ✅ Turnstile resuelto
2026-09-10 01:18:50,595 [INFO]    ⏳ Turnstile detectado — esperando resolución automática...
2026-09-10 01:18:50,628 [INFO]    ✅ Turnstile resuelto
2026-09-10 01:19:02,527 [INFO]    ⏳ Turnstile detectado — esperando resolución automática...
2026-09-10 01:19:02,552 [INFO]    ✅ Turnstile resuelto
2026-09-10 01:19:12,816 [INFO]    ⏳ Turnstile detectado — esperando resolución automática...
2026-09-10 01:19:12,858 [INFO]    ✅ Turnstile resuelto
2026-09-10 01:19:24,372 [INFO]    ⏳ Turnstile detectado — esperando resolución automática...
2026-09-10 01:19:24,397 [INFO]    ✅ Turnstile resuelto
2026-09-10 01:19:34,225 [INFO]    ⏳ Turnstile detectado — esperando resolución automática...
2026-09-10 01:19:34,251 [INFO]    ✅ Turnstile resuelto
2026-09-10 01:19:44,872 [INFO]    ⏳ Turnstile detectado — esperando resolución automática...
2026-09-10 01:19:44,895 [INFO]    ✅ Turnstile resuelto
2026-09-10 01:19:54,649 [INFO]    ⏳ Turnstile detectado — esperando resolución automática...
2026-09-10 01:19:54,673 [INFO]    ✅ Turnstile resuelto
2026-09-10 01:20:06,558 [INFO]    ⏳ Turnstile detectado — esperando resolución automática...
2026-09-10 01:20:06,596 [INFO]    ✅ Turnstile resuelto
2026-09-10 01:20:18,803 [INFO]    ⏳ Turnstile detectado — esperando resolución automática...
2026-09-10 01:20:18,837 [INFO]    ✅ Turnstile resuelto
2026-09-10 01:20:30,315 [INFO]    ⏳ Turnstile detectado — esperando resolución automática...
2026-09-10 01:20:30,339 [INFO]    ✅ Turnstile resuelto
2026-09-10 01:20:40,556 [INFO]    ⏳ Turnstile detectado — esperando resolución automática...
2026-09-10 01:20:40,588 [INFO]    ✅ Turnstile resuelto
2026-09-10 01:20:52,041 [INFO]    ⏳ Turnstile detectado — esperando resolución automática...
2026-09-10 01:20:52,083 [INFO]    ✅ Turnstile resuelto
2026-09-10 01:21:03,636 [INFO]    ⏳ Turnstile detectado — esperando resolución automática...
2026-09-10 01:21:03,674 [INFO]    ✅ Turnstile resuelto
2026-09-10 01:21:15,221 [INFO]    ⏳ Turnstile detectado — esperando resolución automática...
2026-09-10 01:21:15,268 [INFO]    ✅ Turnstile resuelto
2026-09-10 01:21:26,796 [INFO]    ⏳ Turnstile detectado — esperando resolución automática...
2026-09-10 01:21:26,822 [INFO]    ✅ Turnstile resuelto
2026-09-10 01:21:36,667 [INFO]    ⏳ Turnstile detectado — esperando resolución automática...
2026-09-10 01:21:36,691 [INFO]    ✅ Turnstile resuelto
2026-09-10 01:21:46,770 [INFO]    ⏳ Turnstile detectado — esperando resolución automática...
2026-09-10 01:21:46,807 [INFO]    ✅ Turnstile resuelto
2026-09-10 01:21:58,774 [INFO]    ⏳ Turnstile detectado — esperando resolución automática...
2026-09-10 01:21:58,813 [INFO]    ✅ Turnstile resuelto
2026-09-10 01:22:02,103 [INFO]    Página 2/5 → https://www.opcionempleo.com.ar/trabajo-data-analyst.html?p=2
2026-09-10 01:22:10,630 [INFO]    ⏳ Turnstile detectado — esperando resolución automática...
2026-09-10 01:22:10,656 [INFO]    ✅ Turnstile resuelto
2026-09-10 01:22:14,818 [INFO]    → 20 ofertas encontradas
2026-09-10 01:22:21,293 [INFO]    ⏳ Turnstile detectado — esperando resolución automática...
2026-09-10 01:22:21,320 [INFO]    ✅ Turnstile resuelto
2026-09-10 01:22:32,129 [INFO]    ⏳ Turnstile detectado — esperando resolución automática...
2026-09-10 01:22:32,160 [INFO]    ✅ Turnstile resuelto
2026-09-10 01:22:41,801 [INFO]    ⏳ Turnstile detectado — esperando resolución automática...
2026-09-10 01:22:41,840 [INFO]    ✅ Turnstile resuelto
2026-09-10 01:22:53,090 [INFO]    ⏳ Turnstile detectado — esperando resolución automática...
2026-09-10 01:22:53,115 [INFO]    ✅ Turnstile resuelto
2026-09-10 01:23:05,206 [INFO]    ⏳ Turnstile detectado — esperando resolución automática...
2026-09-10 01:23:05,235 [INFO]    ✅ Turnstile resuelto
2026-09-10 01:23:16,472 [INFO]    ⏳ Turnstile detectado — esperando resolución automática...
2026-09-10 01:23:16,502 [INFO]    ✅ Turnstile resuelto
2026-09-10 01:23:25,966 [INFO]    ⏳ Turnstile detectado — esperando resolución automática...
2026-09-10 01:23:26,004 [INFO]    ✅ Turnstile resuelto
2026-09-10 01:23:36,843 [INFO]    ⏳ Turnstile detectado — esperando resolución automática...
2026-09-10 01:23:36,871 [INFO]    ✅ Turnstile resuelto
2026-09-10 01:23:46,930 [INFO]    ⏳ Turnstile detectado — esperando resolución automática...
2026-09-10 01:23:46,968 [INFO]    ✅ Turnstile resuelto
2026-09-10 01:23:58,398 [INFO]    ⏳ Turnstile detectado — esperando resolución automática...
2026-09-10 01:23:58,433 [INFO]    ✅ Turnstile resuelto
2026-09-10 01:24:09,133 [INFO]    ⏳ Turnstile detectado — esperando resolución automática...
2026-09-10 01:24:09,169 [INFO]    ✅ Turnstile resuelto
2026-09-10 01:24:20,188 [INFO]    ⏳ Turnstile detectado — esperando resolución automática...
2026-09-10 01:24:20,228 [INFO]    ✅ Turnstile resuelto
2026-09-10 01:24:30,935 [INFO]    ⏳ Turnstile detectado — esperando resolución automática...
2026-09-10 01:24:30,961 [INFO]    ✅ Turnstile resuelto
2026-09-10 01:24:42,456 [INFO]    ⏳ Turnstile detectado — esperando resolución automática...
2026-09-10 01:24:42,487 [INFO]    ✅ Turnstile resuelto
2026-09-10 01:24:53,691 [INFO]    ⏳ Turnstile detectado — esperando resolución automática...
2026-09-10 01:24:53,717 [INFO]    ✅ Turnstile resuelto
2026-09-10 01:25:03,500 [INFO]    ⏳ Turnstile detectado — esperando resolución automática...
2026-09-10 01:25:03,544 [INFO]    ✅ Turnstile resuelto
2026-09-10 01:25:14,033 [INFO]    ⏳ Turnstile detectado — esperando resolución automática...
2026-09-10 01:25:14,059 [INFO]    ✅ Turnstile resuelto
2026-09-10 01:25:25,746 [INFO]    ⏳ Turnstile detectado — esperando resolución automática...
2026-09-10 01:25:25,770 [INFO]    ✅ Turnstile resuelto
2026-09-10 01:25:35,762 [INFO]    ⏳ Turnstile detectado — esperando resolución automática...
2026-09-10 01:25:35,786 [INFO]    ✅ Turnstile resuelto
2026-09-10 01:25:47,219 [INFO]    ⏳ Turnstile detectado — esperando resolución automática...
2026-09-10 01:25:47,264 [INFO]    ✅ Turnstile resuelto
2026-09-10 01:25:50,725 [INFO]    Página 3/5 → https://www.opcionempleo.com.ar/trabajo-data-analyst.html?p=3
2026-09-10 01:25:58,945 [INFO]    ⏳ Turnstile detectado — esperando resolución automática...
2026-09-10 01:25:58,974 [INFO]    ✅ Turnstile resuelto
2026-09-10 01:26:03,483 [INFO]    → 20 ofertas encontradas
2026-09-10 01:26:10,167 [INFO]    ⏳ Turnstile detectado — esperando resolución automática...
2026-09-10 01:26:10,192 [INFO]    ✅ Turnstile resuelto
2026-09-10 01:26:19,623 [INFO]    ⏳ Turnstile detectado — esperando resolución automática...
2026-09-10 01:26:19,656 [INFO]    ✅ Turnstile resuelto
2026-09-10 01:26:31,323 [INFO]    ⏳ Turnstile detectado — esperando resolución automática...
2026-09-10 01:26:31,349 [INFO]    ✅ Turnstile resuelto
2026-09-10 01:26:43,044 [INFO]    ⏳ Turnstile detectado — esperando resolución automática...
2026-09-10 01:26:43,070 [INFO]    ✅ Turnstile resuelto
2026-09-10 01:26:53,834 [INFO]    ⏳ Turnstile detectado — esperando resolución automática...
2026-09-10 01:26:53,864 [INFO]    ✅ Turnstile resuelto
2026-09-10 01:27:05,890 [INFO]    ⏳ Turnstile detectado — esperando resolución automática...
2026-09-10 01:27:05,917 [INFO]    ✅ Turnstile resuelto
2026-09-10 01:27:17,653 [INFO]    ⏳ Turnstile detectado — esperando resolución automática...
2026-09-10 01:27:17,697 [INFO]    ✅ Turnstile resuelto
2026-09-10 01:27:29,655 [INFO]    ⏳ Turnstile detectado — esperando resolución automática...
2026-09-10 01:27:29,693 [INFO]    ✅ Turnstile resuelto
2026-09-10 01:27:39,641 [INFO]    ⏳ Turnstile detectado — esperando resolución automática...
2026-09-10 01:27:39,664 [INFO]    ✅ Turnstile resuelto
2026-09-10 01:27:50,691 [INFO]    ⏳ Turnstile detectado — esperando resolución automática...
2026-09-10 01:27:50,720 [INFO]    ✅ Turnstile resuelto
2026-09-10 01:28:00,306 [INFO]    ⏳ Turnstile detectado — esperando resolución automática...
2026-09-10 01:28:00,343 [INFO]    ✅ Turnstile resuelto
2026-09-10 01:28:10,640 [INFO]    ⏳ Turnstile detectado — esperando resolución automática...
2026-09-10 01:28:10,694 [INFO]    ✅ Turnstile resuelto
2026-09-10 01:28:21,360 [INFO]    ⏳ Turnstile detectado — esperando resolución automática...
2026-09-10 01:28:21,390 [INFO]    ✅ Turnstile resuelto
2026-09-10 01:28:31,932 [INFO]    ⏳ Turnstile detectado — esperando resolución automática...
2026-09-10 01:28:31,979 [INFO]    ✅ Turnstile resuelto
2026-09-10 01:28:43,891 [INFO]    ⏳ Turnstile detectado — esperando resolución automática...
2026-09-10 01:28:43,913 [INFO]    ✅ Turnstile resuelto
2026-09-10 01:28:56,194 [INFO]    ⏳ Turnstile detectado — esperando resolución automática...
2026-09-10 01:28:56,226 [INFO]    ✅ Turnstile resuelto
2026-09-10 01:29:08,497 [INFO]    ⏳ Turnstile detectado — esperando resolución automática...
2026-09-10 01:29:08,556 [INFO]    ✅ Turnstile resuelto
2026-09-10 01:29:20,463 [INFO]    ⏳ Turnstile detectado — esperando resolución automática...
2026-09-10 01:29:20,494 [INFO]    ✅ Turnstile resuelto
2026-09-10 01:29:30,649 [INFO]    ⏳ Turnstile detectado — esperando resolución automática...
2026-09-10 01:29:30,692 [INFO]    ✅ Turnstile resuelto
2026-09-10 01:29:41,929 [INFO]    ⏳ Turnstile detectado — esperando resolución automática...
2026-09-10 01:29:41,955 [INFO]    ✅ Turnstile resuelto
2026-09-10 01:29:46,086 [INFO]    Página 4/5 → https://www.opcionempleo.com.ar/trabajo-data-analyst.html?p=4
2026-09-10 01:29:54,810 [INFO]    ⏳ Turnstile detectado — esperando resolución automática...
2026-09-10 01:29:54,852 [INFO]    ✅ Turnstile resuelto
2026-09-10 01:29:59,042 [INFO]    → 20 ofertas encontradas
2026-09-10 01:30:06,993 [INFO]    ⏳ Turnstile detectado — esperando resolución automática...
2026-09-10 01:30:07,033 [INFO]    ✅ Turnstile resuelto
2026-09-10 01:30:19,543 [INFO]    ⏳ Turnstile detectado — esperando resolución automática...
2026-09-10 01:30:19,569 [INFO]    ✅ Turnstile resuelto
2026-09-10 01:30:31,883 [INFO]    ⏳ Turnstile detectado — esperando resolución automática...
2026-09-10 01:30:31,913 [INFO]    ✅ Turnstile resuelto
2026-09-10 01:30:42,504 [INFO]    ⏳ Turnstile detectado — esperando resolución automática...
2026-09-10 01:30:42,550 [INFO]    ✅ Turnstile resuelto
2026-09-10 01:30:52,840 [INFO]    ⏳ Turnstile detectado — esperando resolución automática...
2026-09-10 01:30:52,864 [INFO]    ✅ Turnstile resuelto
2026-09-10 01:31:03,365 [INFO]    ⏳ Turnstile detectado — esperando resolución automática...
2026-09-10 01:31:03,392 [INFO]    ✅ Turnstile resuelto
2026-09-10 01:31:14,744 [INFO]    ⏳ Turnstile detectado — esperando resolución automática...
2026-09-10 01:31:14,769 [INFO]    ✅ Turnstile resuelto
2026-09-10 01:31:27,043 [INFO]    ⏳ Turnstile detectado — esperando resolución automática...
2026-09-10 01:31:27,071 [INFO]    ✅ Turnstile resuelto
2026-09-10 01:31:37,624 [INFO]    ⏳ Turnstile detectado — esperando resolución automática...
2026-09-10 01:31:37,685 [INFO]    ✅ Turnstile resuelto
2026-09-10 01:31:49,056 [INFO]    ⏳ Turnstile detectado — esperando resolución automática...
2026-09-10 01:31:49,082 [INFO]    ✅ Turnstile resuelto
2026-09-10 01:32:01,343 [INFO]    ⏳ Turnstile detectado — esperando resolución automática...
2026-09-10 01:32:01,369 [INFO]    ✅ Turnstile resuelto
2026-09-10 01:32:13,442 [INFO]    ⏳ Turnstile detectado — esperando resolución automática...
2026-09-10 01:32:13,473 [INFO]    ✅ Turnstile resuelto
2026-09-10 01:32:23,460 [INFO]    ⏳ Turnstile detectado — esperando resolución automática...
2026-09-10 01:32:23,485 [INFO]    ✅ Turnstile resuelto
2026-09-10 01:32:34,643 [INFO]    ⏳ Turnstile detectado — esperando resolución automática...
2026-09-10 01:32:34,666 [INFO]    ✅ Turnstile resuelto
2026-09-10 01:32:46,798 [INFO]    ⏳ Turnstile detectado — esperando resolución automática...
2026-09-10 01:32:46,824 [INFO]    ✅ Turnstile resuelto
2026-09-10 01:32:59,007 [INFO]    ⏳ Turnstile detectado — esperando resolución automática...
2026-09-10 01:32:59,049 [INFO]    ✅ Turnstile resuelto
2026-09-10 01:33:10,294 [INFO]    ⏳ Turnstile detectado — esperando resolución automática...
2026-09-10 01:33:10,317 [INFO]    ✅ Turnstile resuelto
2026-09-10 01:33:22,220 [INFO]    ⏳ Turnstile detectado — esperando resolución automática...
2026-09-10 01:33:22,263 [INFO]    ✅ Turnstile resuelto
2026-09-10 01:33:33,184 [INFO]    ⏳ Turnstile detectado — esperando resolución automática...
2026-09-10 01:33:33,215 [INFO]    ✅ Turnstile resuelto
2026-09-10 01:33:45,658 [INFO]    ⏳ Turnstile detectado — esperando resolución automática...
2026-09-10 01:33:45,684 [INFO]    ✅ Turnstile resuelto
2026-09-10 01:33:49,274 [INFO]    Página 5/5 → https://www.opcionempleo.com.ar/trabajo-data-analyst.html?p=5
2026-09-10 01:33:58,824 [INFO]    ⏳ Turnstile detectado — esperando resolución automática...
2026-09-10 01:33:58,853 [INFO]    ✅ Turnstile resuelto
2026-09-10 01:34:03,235 [INFO]    → 20 ofertas encontradas
2026-09-10 01:34:11,160 [INFO]    ⏳ Turnstile detectado — esperando resolución automática...
2026-09-10 01:34:11,188 [INFO]    ✅ Turnstile resuelto
2026-09-10 01:34:22,513 [INFO]    ⏳ Turnstile detectado — esperando resolución automática...
2026-09-10 01:34:22,538 [INFO]    ✅ Turnstile resuelto
2026-09-10 01:34:33,931 [INFO]    ⏳ Turnstile detectado — esperando resolución automática...
2026-09-10 01:34:33,953 [INFO]    ✅ Turnstile resuelto
2026-09-10 01:34:45,645 [INFO]    ⏳ Turnstile detectado — esperando resolución automática...
2026-09-10 01:34:45,673 [INFO]    ✅ Turnstile resuelto
2026-09-10 01:34:56,544 [INFO]    ⏳ Turnstile detectado — esperando resolución automática...
2026-09-10 01:34:56,570 [INFO]    ✅ Turnstile resuelto
2026-09-10 01:35:07,419 [INFO]    ⏳ Turnstile detectado — esperando resolución automática...
2026-09-10 01:35:07,447 [INFO]    ✅ Turnstile resuelto
2026-09-10 01:35:18,472 [INFO]    ⏳ Turnstile detectado — esperando resolución automática...
2026-09-10 01:35:18,510 [INFO]    ✅ Turnstile resuelto
2026-09-10 01:35:28,313 [INFO]    ⏳ Turnstile detectado — esperando resolución automática...
2026-09-10 01:35:28,346 [INFO]    ✅ Turnstile resuelto
2026-09-10 01:35:38,783 [INFO]    ⏳ Turnstile detectado — esperando resolución automática...
2026-09-10 01:35:38,818 [INFO]    ✅ Turnstile resuelto
2026-09-10 01:35:49,847 [INFO]    ⏳ Turnstile detectado — esperando resolución automática...
2026-09-10 01:35:49,872 [INFO]    ✅ Turnstile resuelto
2026-09-10 01:36:00,397 [INFO]    ⏳ Turnstile detectado — esperando resolución automática...
2026-09-10 01:36:00,427 [INFO]    ✅ Turnstile resuelto
2026-09-10 01:36:10,778 [INFO]    ⏳ Turnstile detectado — esperando resolución automática...
2026-09-10 01:36:10,800 [INFO]    ✅ Turnstile resuelto
2026-09-10 01:36:22,815 [INFO]    ⏳ Turnstile detectado — esperando resolución automática...
2026-09-10 01:36:22,839 [INFO]    ✅ Turnstile resuelto
2026-09-10 01:36:34,230 [INFO]    ⏳ Turnstile detectado — esperando resolución automática...
2026-09-10 01:36:34,257 [INFO]    ✅ Turnstile resuelto
2026-09-10 01:36:45,236 [INFO]    ⏳ Turnstile detectado — esperando resolución automática...
2026-09-10 01:36:45,261 [INFO]    ✅ Turnstile resuelto
2026-09-10 01:36:55,566 [INFO]    ⏳ Turnstile detectado — esperando resolución automática...
2026-09-10 01:36:55,593 [INFO]    ✅ Turnstile resuelto
2026-09-10 01:37:05,620 [INFO]    ⏳ Turnstile detectado — esperando resolución automática...
2026-09-10 01:37:05,651 [INFO]    ✅ Turnstile resuelto
2026-09-10 01:37:16,918 [INFO]    ⏳ Turnstile detectado — esperando resolución automática...
2026-09-10 01:37:16,955 [INFO]    ✅ Turnstile resuelto
2026-09-10 01:37:28,042 [INFO]    ⏳ Turnstile detectado — esperando resolución automática...
2026-09-10 01:37:28,077 [INFO]    ✅ Turnstile resuelto
2026-09-10 01:37:39,402 [INFO]    ⏳ Turnstile detectado — esperando resolución automática...
2026-09-10 01:37:39,429 [INFO]    ✅ Turnstile resuelto
2026-09-10 01:37:42,612 [INFO] Exportadas 100 ofertas → /media/carlos-a-cicconi/Common1/Repositorios-Ing.Carlos-Cicconi/Trabajo_Final_MCD/data/raw/ofertas_opcionempleo_20260910.csv
2026-09-10 01:37:42,612 [INFO] ✅ 'Data Analyst': 100 ofertas guardadas
2026-09-10 01:37:42,612 [INFO]    💤 Pausa: 9.9s
2026-09-10 01:37:52,494 [INFO] 
🔍 Buscando: 'Machine Learning Engineer'
2026-09-10 01:37:52,494 [INFO]    Página 1/5 → https://www.opcionempleo.com.ar/trabajo-machine-learning.html
2026-09-10 01:38:00,818 [INFO]    ⏳ Turnstile detectado — esperando resolución automática...
2026-09-10 01:38:00,875 [INFO]    ✅ Turnstile resuelto
2026-09-10 01:38:04,832 [INFO]    → 18 ofertas encontradas
2026-09-10 01:38:12,997 [INFO]    ⏳ Turnstile detectado — esperando resolución automática...
2026-09-10 01:38:13,027 [INFO]    ✅ Turnstile resuelto
2026-09-10 01:38:24,364 [INFO]    ⏳ Turnstile detectado — esperando resolución automática...
2026-09-10 01:38:24,391 [INFO]    ✅ Turnstile resuelto
2026-09-10 01:38:34,825 [INFO]    ⏳ Turnstile detectado — esperando resolución automática...
2026-09-10 01:38:34,856 [INFO]    ✅ Turnstile resuelto
2026-09-10 01:38:46,585 [INFO]    ⏳ Turnstile detectado — esperando resolución automática...
2026-09-10 01:38:46,626 [INFO]    ✅ Turnstile resuelto
2026-09-10 01:38:58,707 [INFO]    ⏳ Turnstile detectado — esperando resolución automática...
2026-09-10 01:38:58,733 [INFO]    ✅ Turnstile resuelto
2026-09-10 01:39:09,572 [INFO]    ⏳ Turnstile detectado — esperando resolución automática...
2026-09-10 01:39:09,597 [INFO]    ✅ Turnstile resuelto
2026-09-10 01:39:20,200 [INFO]    ⏳ Turnstile detectado — esperando resolución automática...
2026-09-10 01:39:20,227 [INFO]    ✅ Turnstile resuelto
2026-09-10 01:39:31,604 [INFO]    ⏳ Turnstile detectado — esperando resolución automática...
2026-09-10 01:39:31,647 [INFO]    ✅ Turnstile resuelto
2026-09-10 01:39:41,726 [INFO]    ⏳ Turnstile detectado — esperando resolución automática...
2026-09-10 01:39:41,756 [INFO]    ✅ Turnstile resuelto
2026-09-10 01:39:51,031 [INFO]    ⏳ Turnstile detectado — esperando resolución automática...
2026-09-10 01:39:51,065 [INFO]    ✅ Turnstile resuelto
2026-09-10 01:40:03,343 [INFO]    ⏳ Turnstile detectado — esperando resolución automática...
2026-09-10 01:40:03,379 [INFO]    ✅ Turnstile resuelto
2026-09-10 01:40:13,454 [INFO]    ⏳ Turnstile detectado — esperando resolución automática...
2026-09-10 01:40:13,483 [INFO]    ✅ Turnstile resuelto
2026-09-10 01:40:24,037 [INFO]    ⏳ Turnstile detectado — esperando resolución automática...
2026-09-10 01:40:24,070 [INFO]    ✅ Turnstile resuelto
2026-09-10 01:40:36,682 [INFO]    ⏳ Turnstile detectado — esperando resolución automática...
2026-09-10 01:40:36,708 [INFO]    ✅ Turnstile resuelto
2026-09-10 01:40:47,046 [INFO]    ⏳ Turnstile detectado — esperando resolución automática...
2026-09-10 01:40:47,072 [INFO]    ✅ Turnstile resuelto
2026-09-10 01:40:57,471 [INFO]    ⏳ Turnstile detectado — esperando resolución automática...
2026-09-10 01:40:57,504 [INFO]    ✅ Turnstile resuelto
2026-09-10 01:41:07,637 [INFO]    ⏳ Turnstile detectado — esperando resolución automática...
2026-09-10 01:41:07,691 [INFO]    ✅ Turnstile resuelto
2026-09-10 01:41:18,107 [INFO]    ⏳ Turnstile detectado — esperando resolución automática...
2026-09-10 01:41:18,138 [INFO]    ✅ Turnstile resuelto
2026-09-10 01:41:21,906 [INFO]    Página 2/5 → https://www.opcionempleo.com.ar/trabajo-machine-learning.html?p=2
2026-09-10 01:41:30,443 [INFO]    ⏳ Turnstile detectado — esperando resolución automática...
2026-09-10 01:41:30,472 [INFO]    ✅ Turnstile resuelto
2026-09-10 01:41:34,581 [INFO]    → 19 ofertas encontradas
2026-09-10 01:41:40,932 [INFO]    ⏳ Turnstile detectado — esperando resolución automática...
2026-09-10 01:41:40,968 [INFO]    ✅ Turnstile resuelto
2026-09-10 01:41:50,954 [INFO]    ⏳ Turnstile detectado — esperando resolución automática...
2026-09-10 01:41:50,997 [INFO]    ✅ Turnstile resuelto
2026-09-10 01:42:02,442 [INFO]    ⏳ Turnstile detectado — esperando resolución automática...
2026-09-10 01:42:02,479 [INFO]    ✅ Turnstile resuelto
2026-09-10 01:42:14,513 [INFO]    ⏳ Turnstile detectado — esperando resolución automática...
2026-09-10 01:42:14,535 [INFO]    ✅ Turnstile resuelto
2026-09-10 01:42:25,743 [INFO]    ⏳ Turnstile detectado — esperando resolución automática...
2026-09-10 01:42:25,764 [INFO]    ✅ Turnstile resuelto
2026-09-10 01:42:37,221 [INFO]    ⏳ Turnstile detectado — esperando resolución automática...
2026-09-10 01:42:37,273 [INFO]    ✅ Turnstile resuelto
2026-09-10 01:42:48,204 [INFO]    ⏳ Turnstile detectado — esperando resolución automática...
2026-09-10 01:42:48,225 [INFO]    ✅ Turnstile resuelto
2026-09-10 01:42:58,877 [INFO]    ⏳ Turnstile detectado — esperando resolución automática...
2026-09-10 01:42:58,930 [INFO]    ✅ Turnstile resuelto
2026-09-10 01:43:11,132 [INFO]    ⏳ Turnstile detectado — esperando resolución automática...
2026-09-10 01:43:11,157 [INFO]    ✅ Turnstile resuelto
2026-09-10 01:43:22,561 [INFO]    ⏳ Turnstile detectado — esperando resolución automática...
2026-09-10 01:43:22,612 [INFO]    ✅ Turnstile resuelto
2026-09-10 01:43:34,470 [INFO]    ⏳ Turnstile detectado — esperando resolución automática...
2026-09-10 01:43:34,515 [INFO]    ✅ Turnstile resuelto
2026-09-10 01:43:45,043 [INFO]    ⏳ Turnstile detectado — esperando resolución automática...
2026-09-10 01:43:45,076 [INFO]    ✅ Turnstile resuelto
2026-09-10 01:43:54,903 [INFO]    ⏳ Turnstile detectado — esperando resolución automática...
2026-09-10 01:43:54,933 [INFO]    ✅ Turnstile resuelto
2026-09-10 01:44:06,767 [INFO]    ⏳ Turnstile detectado — esperando resolución automática...
2026-09-10 01:44:06,806 [INFO]    ✅ Turnstile resuelto
2026-09-10 01:44:17,224 [INFO]    ⏳ Turnstile detectado — esperando resolución automática...
2026-09-10 01:44:17,252 [INFO]    ✅ Turnstile resuelto
2026-09-10 01:44:27,316 [INFO]    ⏳ Turnstile detectado — esperando resolución automática...
2026-09-10 01:44:27,349 [INFO]    ✅ Turnstile resuelto
2026-09-10 01:44:37,358 [INFO]    ⏳ Turnstile detectado — esperando resolución automática...
2026-09-10 01:44:37,391 [INFO]    ✅ Turnstile resuelto
2026-09-10 01:44:48,648 [INFO]    ⏳ Turnstile detectado — esperando resolución automática...
2026-09-10 01:44:48,681 [INFO]    ✅ Turnstile resuelto
2026-09-10 01:44:59,228 [INFO]    ⏳ Turnstile detectado — esperando resolución automática...
2026-09-10 01:44:59,278 [INFO]    ✅ Turnstile resuelto
2026-09-10 01:45:02,697 [INFO]    Página 3/5 → https://www.opcionempleo.com.ar/trabajo-machine-learning.html?p=3
2026-09-10 01:45:12,014 [INFO]    ⏳ Turnstile detectado — esperando resolución automática...
2026-09-10 01:45:12,042 [INFO]    ✅ Turnstile resuelto
2026-09-10 01:45:16,418 [INFO]    → 20 ofertas encontradas
2026-09-10 01:45:22,363 [INFO]    ⏳ Turnstile detectado — esperando resolución automática...
2026-09-10 01:45:22,389 [INFO]    ✅ Turnstile resuelto
2026-09-10 01:45:32,762 [INFO]    ⏳ Turnstile detectado — esperando resolución automática...
2026-09-10 01:45:32,807 [INFO]    ✅ Turnstile resuelto
2026-09-10 01:45:43,671 [INFO]    ⏳ Turnstile detectado — esperando resolución automática...
2026-09-10 01:45:43,711 [INFO]    ✅ Turnstile resuelto
2026-09-10 01:45:55,461 [INFO]    ⏳ Turnstile detectado — esperando resolución automática...
2026-09-10 01:45:55,516 [INFO]    ✅ Turnstile resuelto
2026-09-10 01:46:06,174 [INFO]    ⏳ Turnstile detectado — esperando resolución automática...
2026-09-10 01:46:06,202 [INFO]    ✅ Turnstile resuelto
2026-09-10 01:46:16,160 [INFO]    ⏳ Turnstile detectado — esperando resolución automática...
2026-09-10 01:46:16,195 [INFO]    ✅ Turnstile resuelto
2026-09-10 01:46:28,626 [INFO]    ⏳ Turnstile detectado — esperando resolución automática...
2026-09-10 01:46:28,670 [INFO]    ✅ Turnstile resuelto
2026-09-10 01:46:37,930 [INFO]    ⏳ Turnstile detectado — esperando resolución automática...
2026-09-10 01:46:37,968 [INFO]    ✅ Turnstile resuelto
2026-09-10 01:46:48,413 [INFO]    ⏳ Turnstile detectado — esperando resolución automática...
2026-09-10 01:46:48,439 [INFO]    ✅ Turnstile resuelto
2026-09-10 01:46:58,852 [INFO]    ⏳ Turnstile detectado — esperando resolución automática...
2026-09-10 01:46:58,891 [INFO]    ✅ Turnstile resuelto
2026-09-10 01:47:10,222 [INFO]    ⏳ Turnstile detectado — esperando resolución automática...
2026-09-10 01:47:10,251 [INFO]    ✅ Turnstile resuelto
2026-09-10 01:47:21,800 [INFO]    ⏳ Turnstile detectado — esperando resolución automática...
2026-09-10 01:47:21,828 [INFO]    ✅ Turnstile resuelto
2026-09-10 01:47:33,969 [INFO]    ⏳ Turnstile detectado — esperando resolución automática...
2026-09-10 01:47:34,006 [INFO]    ✅ Turnstile resuelto
2026-09-10 01:47:45,990 [INFO]    ⏳ Turnstile detectado — esperando resolución automática...
2026-09-10 01:47:46,024 [INFO]    ✅ Turnstile resuelto
2026-09-10 01:47:57,371 [INFO]    ⏳ Turnstile detectado — esperando resolución automática...
2026-09-10 01:47:57,395 [INFO]    ✅ Turnstile resuelto
2026-09-10 01:48:09,499 [INFO]    ⏳ Turnstile detectado — esperando resolución automática...
2026-09-10 01:48:09,533 [INFO]    ✅ Turnstile resuelto
2026-09-10 01:48:20,336 [INFO]    ⏳ Turnstile detectado — esperando resolución automática...
2026-09-10 01:48:20,376 [INFO]    ✅ Turnstile resuelto
2026-09-10 01:48:31,459 [INFO]    ⏳ Turnstile detectado — esperando resolución automática...
2026-09-10 01:48:31,513 [INFO]    ✅ Turnstile resuelto
2026-09-10 01:48:42,778 [INFO]    ⏳ Turnstile detectado — esperando resolución automática...
2026-09-10 01:48:42,806 [INFO]    ✅ Turnstile resuelto
2026-09-10 01:48:55,117 [INFO]    ⏳ Turnstile detectado — esperando resolución automática...
2026-09-10 01:48:55,146 [INFO]    ✅ Turnstile resuelto
2026-09-10 01:48:58,962 [INFO]    Página 4/5 → https://www.opcionempleo.com.ar/trabajo-machine-learning.html?p=4
2026-09-10 01:49:07,325 [INFO]    ⏳ Turnstile detectado — esperando resolución automática...
2026-09-10 01:49:07,365 [INFO]    ✅ Turnstile resuelto
2026-09-10 01:49:11,098 [INFO]    → 20 ofertas encontradas
2026-09-10 01:49:18,461 [INFO]    ⏳ Turnstile detectado — esperando resolución automática...
2026-09-10 01:49:18,503 [INFO]    ✅ Turnstile resuelto
2026-09-10 01:49:29,176 [INFO]    ⏳ Turnstile detectado — esperando resolución automática...
2026-09-10 01:49:29,202 [INFO]    ✅ Turnstile resuelto
2026-09-10 01:49:40,903 [INFO]    ⏳ Turnstile detectado — esperando resolución automática...
2026-09-10 01:49:40,942 [INFO]    ✅ Turnstile resuelto
2026-09-10 01:49:51,079 [INFO]    ⏳ Turnstile detectado — esperando resolución automática...
2026-09-10 01:49:51,110 [INFO]    ✅ Turnstile resuelto
2026-09-10 01:50:00,880 [INFO]    ⏳ Turnstile detectado — esperando resolución automática...
2026-09-10 01:50:00,960 [INFO]    ✅ Turnstile resuelto
2026-09-10 01:50:10,354 [INFO]    ⏳ Turnstile detectado — esperando resolución automática...
2026-09-10 01:50:10,392 [INFO]    ✅ Turnstile resuelto
2026-09-10 01:50:21,264 [INFO]    ⏳ Turnstile detectado — esperando resolución automática...
2026-09-10 01:50:21,296 [INFO]    ✅ Turnstile resuelto
2026-09-10 01:50:31,574 [INFO]    ⏳ Turnstile detectado — esperando resolución automática...
2026-09-10 01:50:31,605 [INFO]    ✅ Turnstile resuelto
2026-09-10 01:50:41,437 [INFO]    ⏳ Turnstile detectado — esperando resolución automática...
2026-09-10 01:50:41,464 [INFO]    ✅ Turnstile resuelto
2026-09-10 01:50:51,562 [INFO]    ⏳ Turnstile detectado — esperando resolución automática...
2026-09-10 01:50:51,603 [INFO]    ✅ Turnstile resuelto
2026-09-10 01:51:02,840 [INFO]    ⏳ Turnstile detectado — esperando resolución automática...
2026-09-10 01:51:02,872 [INFO]    ✅ Turnstile resuelto
2026-09-10 01:51:14,734 [INFO]    ⏳ Turnstile detectado — esperando resolución automática...
2026-09-10 01:51:14,758 [INFO]    ✅ Turnstile resuelto
2026-09-10 01:51:24,430 [INFO]    ⏳ Turnstile detectado — esperando resolución automática...
2026-09-10 01:51:24,461 [INFO]    ✅ Turnstile resuelto
2026-09-10 01:51:34,428 [INFO]    ⏳ Turnstile detectado — esperando resolución automática...
2026-09-10 01:51:34,455 [INFO]    ✅ Turnstile resuelto
2026-09-10 01:51:44,966 [INFO]    ⏳ Turnstile detectado — esperando resolución automática...
2026-09-10 01:51:45,023 [INFO]    ✅ Turnstile resuelto
2026-09-10 01:51:54,574 [INFO]    ⏳ Turnstile detectado — esperando resolución automática...
2026-09-10 01:51:54,606 [INFO]    ✅ Turnstile resuelto
2026-09-10 01:52:05,129 [INFO]    ⏳ Turnstile detectado — esperando resolución automática...
2026-09-10 01:52:05,155 [INFO]    ✅ Turnstile resuelto
2026-09-10 01:52:16,364 [INFO]    ⏳ Turnstile detectado — esperando resolución automática...
2026-09-10 01:52:16,394 [INFO]    ✅ Turnstile resuelto
2026-09-10 01:52:27,537 [INFO]    ⏳ Turnstile detectado — esperando resolución automática...
2026-09-10 01:52:27,563 [INFO]    ✅ Turnstile resuelto
2026-09-10 01:52:39,143 [INFO]    ⏳ Turnstile detectado — esperando resolución automática...
2026-09-10 01:52:39,207 [INFO]    ✅ Turnstile resuelto
2026-09-10 01:52:43,307 [INFO]    Página 5/5 → https://www.opcionempleo.com.ar/trabajo-machine-learning.html?p=5
2026-09-10 01:52:52,715 [INFO]    ⏳ Turnstile detectado — esperando resolución automática...
2026-09-10 01:52:52,746 [INFO]    ✅ Turnstile resuelto
2026-09-10 01:52:56,753 [INFO]    → 20 ofertas encontradas
2026-09-10 01:53:03,087 [INFO]    ⏳ Turnstile detectado — esperando resolución automática...
2026-09-10 01:53:03,119 [INFO]    ✅ Turnstile resuelto
2026-09-10 01:53:14,519 [INFO]    ⏳ Turnstile detectado — esperando resolución automática...
2026-09-10 01:53:14,558 [INFO]    ✅ Turnstile resuelto
2026-09-10 01:53:26,711 [INFO]    ⏳ Turnstile detectado — esperando resolución automática...
2026-09-10 01:53:26,746 [INFO]    ✅ Turnstile resuelto
2026-09-10 01:53:38,819 [INFO]    ⏳ Turnstile detectado — esperando resolución automática...
2026-09-10 01:53:38,850 [INFO]    ✅ Turnstile resuelto
2026-09-10 01:53:49,886 [INFO]    ⏳ Turnstile detectado — esperando resolución automática...
2026-09-10 01:53:49,915 [INFO]    ✅ Turnstile resuelto
2026-09-10 01:54:00,776 [INFO]    ⏳ Turnstile detectado — esperando resolución automática...
2026-09-10 01:54:00,802 [INFO]    ✅ Turnstile resuelto
2026-09-10 01:54:10,692 [INFO]    ⏳ Turnstile detectado — esperando resolución automática...
2026-09-10 01:54:10,724 [INFO]    ✅ Turnstile resuelto
2026-09-10 01:54:21,741 [INFO]    ⏳ Turnstile detectado — esperando resolución automática...
2026-09-10 01:54:21,779 [INFO]    ✅ Turnstile resuelto
2026-09-10 01:54:33,528 [INFO]    ⏳ Turnstile detectado — esperando resolución automática...
2026-09-10 01:54:33,553 [INFO]    ✅ Turnstile resuelto
2026-09-10 01:54:47,363 [INFO]    ⏳ Turnstile detectado — esperando resolución automática...
2026-09-10 01:54:47,407 [INFO]    ✅ Turnstile resuelto
2026-09-10 01:54:58,423 [INFO]    ⏳ Turnstile detectado — esperando resolución automática...
2026-09-10 01:54:58,466 [INFO]    ✅ Turnstile resuelto
2026-09-10 01:55:10,405 [INFO]    ⏳ Turnstile detectado — esperando resolución automática...
2026-09-10 01:55:10,431 [INFO]    ✅ Turnstile resuelto
2026-09-10 01:55:21,390 [INFO]    ⏳ Turnstile detectado — esperando resolución automática...
2026-09-10 01:55:21,426 [INFO]    ✅ Turnstile resuelto
2026-09-10 01:55:31,205 [INFO]    ⏳ Turnstile detectado — esperando resolución automática...
2026-09-10 01:55:31,230 [INFO]    ✅ Turnstile resuelto
2026-09-10 01:55:42,840 [INFO]    ⏳ Turnstile detectado — esperando resolución automática...
2026-09-10 01:55:42,872 [INFO]    ✅ Turnstile resuelto
2026-09-10 01:55:55,224 [INFO]    ⏳ Turnstile detectado — esperando resolución automática...
2026-09-10 01:55:55,254 [INFO]    ✅ Turnstile resuelto
2026-09-10 01:56:06,622 [INFO]    ⏳ Turnstile detectado — esperando resolución automática...
2026-09-10 01:56:06,685 [INFO]    ✅ Turnstile resuelto
2026-09-10 01:56:17,997 [INFO]    ⏳ Turnstile detectado — esperando resolución automática...
2026-09-10 01:56:18,034 [INFO]    ✅ Turnstile resuelto
2026-09-10 01:56:29,958 [INFO]    ⏳ Turnstile detectado — esperando resolución automática...
2026-09-10 01:56:29,986 [INFO]    ✅ Turnstile resuelto
2026-09-10 01:56:42,696 [INFO]    ⏳ Turnstile detectado — esperando resolución automática...
2026-09-10 01:56:42,732 [INFO]    ✅ Turnstile resuelto
2026-09-10 01:56:46,392 [INFO] Exportadas 97 ofertas → /media/carlos-a-cicconi/Common1/Repositorios-Ing.Carlos-Cicconi/Trabajo_Final_MCD/data/raw/ofertas_opcionempleo_20260910.csv
2026-09-10 01:56:46,392 [INFO] ✅ 'Machine Learning Engineer': 97 ofertas guardadas
2026-09-10 01:56:46,392 [INFO]    💤 Pausa: 8.9s
2026-09-10 01:56:55,312 [INFO] 
🔍 Buscando: 'NLP Engineer'
2026-09-10 01:56:55,312 [INFO]    Página 1/5 → https://www.opcionempleo.com.ar/trabajo-nlp.html
2026-09-10 01:57:05,249 [INFO]    ⏳ Turnstile detectado — esperando resolución automática...
2026-09-10 01:57:05,280 [INFO]    ✅ Turnstile resuelto
2026-09-10 01:57:09,872 [INFO]    → 17 ofertas encontradas
2026-09-10 01:57:17,000 [INFO]    ⏳ Turnstile detectado — esperando resolución automática...
2026-09-10 01:57:17,041 [INFO]    ✅ Turnstile resuelto
2026-09-10 01:57:26,903 [INFO]    ⏳ Turnstile detectado — esperando resolución automática...
2026-09-10 01:57:26,929 [INFO]    ✅ Turnstile resuelto
2026-09-10 01:57:38,818 [INFO]    ⏳ Turnstile detectado — esperando resolución automática...
2026-09-10 01:57:38,847 [INFO]    ✅ Turnstile resuelto
2026-09-10 01:57:50,205 [INFO]    ⏳ Turnstile detectado — esperando resolución automática...
2026-09-10 01:57:50,231 [INFO]    ✅ Turnstile resuelto
2026-09-10 01:58:01,948 [INFO]    ⏳ Turnstile detectado — esperando resolución automática...
2026-09-10 01:58:02,002 [INFO]    ✅ Turnstile resuelto
2026-09-10 01:58:12,392 [INFO]    ⏳ Turnstile detectado — esperando resolución automática...
2026-09-10 01:58:12,435 [INFO]    ✅ Turnstile resuelto
2026-09-10 01:58:23,504 [INFO]    ⏳ Turnstile detectado — esperando resolución automática...
2026-09-10 01:58:23,532 [INFO]    ✅ Turnstile resuelto
2026-09-10 01:58:35,703 [INFO]    ⏳ Turnstile detectado — esperando resolución automática...
2026-09-10 01:58:35,727 [INFO]    ✅ Turnstile resuelto
2026-09-10 01:58:47,909 [INFO]    ⏳ Turnstile detectado — esperando resolución automática...
2026-09-10 01:58:48,036 [INFO]    ✅ Turnstile resuelto
2026-09-10 01:58:57,960 [INFO]    ⏳ Turnstile detectado — esperando resolución automática...
2026-09-10 01:58:58,044 [INFO]    ✅ Turnstile resuelto
2026-09-10 01:59:10,187 [INFO]    ⏳ Turnstile detectado — esperando resolución automática...
2026-09-10 01:59:10,242 [INFO]    ✅ Turnstile resuelto
2026-09-10 01:59:20,218 [INFO]    ⏳ Turnstile detectado — esperando resolución automática...
2026-09-10 01:59:20,246 [INFO]    ✅ Turnstile resuelto
2026-09-10 01:59:30,336 [INFO]    ⏳ Turnstile detectado — esperando resolución automática...
2026-09-10 01:59:30,370 [INFO]    ✅ Turnstile resuelto
2026-09-10 01:59:40,845 [INFO]    ⏳ Turnstile detectado — esperando resolución automática...
2026-09-10 01:59:40,875 [INFO]    ✅ Turnstile resuelto
2026-09-10 01:59:52,576 [INFO]    ⏳ Turnstile detectado — esperando resolución automática...
2026-09-10 01:59:52,609 [INFO]    ✅ Turnstile resuelto
2026-09-10 02:00:04,588 [INFO]    ⏳ Turnstile detectado — esperando resolución automática...
2026-09-10 02:00:04,634 [INFO]    ✅ Turnstile resuelto
2026-09-10 02:00:15,445 [INFO]    ⏳ Turnstile detectado — esperando resolución automática...
2026-09-10 02:00:15,472 [INFO]    ✅ Turnstile resuelto
2026-09-10 02:00:18,969 [INFO]    Página 2/5 → https://www.opcionempleo.com.ar/trabajo-nlp.html?p=2
2026-09-10 02:00:26,315 [INFO]    ⏳ Turnstile detectado — esperando resolución automática...
2026-09-10 02:00:26,351 [INFO]    ✅ Turnstile resuelto
2026-09-10 02:00:30,278 [INFO]    → 19 ofertas encontradas
2026-09-10 02:00:38,452 [INFO]    ⏳ Turnstile detectado — esperando resolución automática...
2026-09-10 02:00:38,477 [INFO]    ✅ Turnstile resuelto
2026-09-10 02:00:50,472 [INFO]    ⏳ Turnstile detectado — esperando resolución automática...
2026-09-10 02:00:50,504 [INFO]    ✅ Turnstile resuelto
2026-09-10 02:01:01,666 [INFO]    ⏳ Turnstile detectado — esperando resolución automática...
2026-09-10 02:01:01,697 [INFO]    ✅ Turnstile resuelto
2026-09-10 02:01:11,987 [INFO]    ⏳ Turnstile detectado — esperando resolución automática...
2026-09-10 02:01:12,018 [INFO]    ✅ Turnstile resuelto
2026-09-10 02:01:22,491 [INFO]    ⏳ Turnstile detectado — esperando resolución automática...
2026-09-10 02:01:22,526 [INFO]    ✅ Turnstile resuelto
2026-09-10 02:01:33,811 [INFO]    ⏳ Turnstile detectado — esperando resolución automática...
2026-09-10 02:01:33,858 [INFO]    ✅ Turnstile resuelto
2026-09-10 02:01:44,777 [INFO]    ⏳ Turnstile detectado — esperando resolución automática...
2026-09-10 02:01:44,806 [INFO]    ✅ Turnstile resuelto
2026-09-10 02:01:54,759 [INFO]    ⏳ Turnstile detectado — esperando resolución automática...
2026-09-10 02:01:54,795 [INFO]    ✅ Turnstile resuelto
2026-09-10 02:02:06,664 [INFO]    ⏳ Turnstile detectado — esperando resolución automática...
2026-09-10 02:02:06,696 [INFO]    ✅ Turnstile resuelto
2026-09-10 02:02:16,642 [INFO]    ⏳ Turnstile detectado — esperando resolución automática...
2026-09-10 02:02:16,672 [INFO]    ✅ Turnstile resuelto
2026-09-10 02:02:27,151 [INFO]    ⏳ Turnstile detectado — esperando resolución automática...
2026-09-10 02:02:27,208 [INFO]    ✅ Turnstile resuelto
2026-09-10 02:02:38,236 [INFO]    ⏳ Turnstile detectado — esperando resolución automática...
2026-09-10 02:02:38,268 [INFO]    ✅ Turnstile resuelto
2026-09-10 02:02:49,134 [INFO]    ⏳ Turnstile detectado — esperando resolución automática...
2026-09-10 02:02:49,160 [INFO]    ✅ Turnstile resuelto
2026-09-10 02:03:00,132 [INFO]    ⏳ Turnstile detectado — esperando resolución automática...
2026-09-10 02:03:00,156 [INFO]    ✅ Turnstile resuelto
2026-09-10 02:03:12,058 [INFO]    ⏳ Turnstile detectado — esperando resolución automática...
2026-09-10 02:03:12,084 [INFO]    ✅ Turnstile resuelto
2026-09-10 02:03:22,709 [INFO]    ⏳ Turnstile detectado — esperando resolución automática...
2026-09-10 02:03:22,748 [INFO]    ✅ Turnstile resuelto
2026-09-10 02:03:34,736 [INFO]    ⏳ Turnstile detectado — esperando resolución automática...
2026-09-10 02:03:34,786 [INFO]    ✅ Turnstile resuelto
2026-09-10 02:03:47,092 [INFO]    ⏳ Turnstile detectado — esperando resolución automática...
2026-09-10 02:03:47,124 [INFO]    ✅ Turnstile resuelto
2026-09-10 02:03:58,457 [INFO]    ⏳ Turnstile detectado — esperando resolución automática...
2026-09-10 02:03:58,483 [INFO]    ✅ Turnstile resuelto
2026-09-10 02:04:01,951 [INFO]    Página 3/5 → https://www.opcionempleo.com.ar/trabajo-nlp.html?p=3
2026-09-10 02:04:09,902 [INFO]    ⏳ Turnstile detectado — esperando resolución automática...
2026-09-10 02:04:09,936 [INFO]    ✅ Turnstile resuelto
2026-09-10 02:04:14,328 [INFO]    → 19 ofertas encontradas
2026-09-10 02:04:20,534 [INFO]    ⏳ Turnstile detectado — esperando resolución automática...
2026-09-10 02:04:20,578 [INFO]    ✅ Turnstile resuelto
2026-09-10 02:04:31,937 [INFO]    ⏳ Turnstile detectado — esperando resolución automática...
2026-09-10 02:04:31,963 [INFO]    ✅ Turnstile resuelto
2026-09-10 02:04:43,226 [INFO]    ⏳ Turnstile detectado — esperando resolución automática...
2026-09-10 02:04:43,261 [INFO]    ✅ Turnstile resuelto
2026-09-10 02:04:54,332 [INFO]    ⏳ Turnstile detectado — esperando resolución automática...
2026-09-10 02:04:54,357 [INFO]    ✅ Turnstile resuelto
2026-09-10 02:05:05,819 [INFO]    ⏳ Turnstile detectado — esperando resolución automática...
2026-09-10 02:05:05,860 [INFO]    ✅ Turnstile resuelto
2026-09-10 02:05:17,567 [INFO]    ⏳ Turnstile detectado — esperando resolución automática...
2026-09-10 02:05:17,606 [INFO]    ✅ Turnstile resuelto
2026-09-10 02:05:27,574 [INFO]    ⏳ Turnstile detectado — esperando resolución automática...
2026-09-10 02:05:27,602 [INFO]    ✅ Turnstile resuelto
2026-09-10 02:05:38,311 [INFO]    ⏳ Turnstile detectado — esperando resolución automática...
2026-09-10 02:05:38,341 [INFO]    ✅ Turnstile resuelto
2026-09-10 02:05:48,875 [INFO]    ⏳ Turnstile detectado — esperando resolución automática...
2026-09-10 02:05:48,913 [INFO]    ✅ Turnstile resuelto
2026-09-10 02:06:00,235 [INFO]    ⏳ Turnstile detectado — esperando resolución automática...
2026-09-10 02:06:00,290 [INFO]    ✅ Turnstile resuelto
2026-09-10 02:06:11,084 [INFO]    ⏳ Turnstile detectado — esperando resolución automática...
2026-09-10 02:06:11,109 [INFO]    ✅ Turnstile resuelto
2026-09-10 02:06:21,097 [INFO]    ⏳ Turnstile detectado — esperando resolución automática...
2026-09-10 02:06:21,122 [INFO]    ✅ Turnstile resuelto
2026-09-10 02:06:31,777 [INFO]    ⏳ Turnstile detectado — esperando resolución automática...
2026-09-10 02:06:31,804 [INFO]    ✅ Turnstile resuelto
2026-09-10 02:06:44,345 [INFO]    ⏳ Turnstile detectado — esperando resolución automática...
2026-09-10 02:06:44,372 [INFO]    ✅ Turnstile resuelto
2026-09-10 02:06:56,190 [INFO]    ⏳ Turnstile detectado — esperando resolución automática...
2026-09-10 02:06:56,236 [INFO]    ✅ Turnstile resuelto
2026-09-10 02:07:06,085 [INFO]    ⏳ Turnstile detectado — esperando resolución automática...
2026-09-10 02:07:06,131 [INFO]    ✅ Turnstile resuelto
2026-09-10 02:07:16,926 [INFO]    ⏳ Turnstile detectado — esperando resolución automática...
2026-09-10 02:07:16,949 [INFO]    ✅ Turnstile resuelto
2026-09-10 02:07:28,586 [INFO]    ⏳ Turnstile detectado — esperando resolución automática...
2026-09-10 02:07:28,619 [INFO]    ✅ Turnstile resuelto
2026-09-10 02:07:40,539 [INFO]    ⏳ Turnstile detectado — esperando resolución automática...
2026-09-10 02:07:40,562 [INFO]    ✅ Turnstile resuelto
2026-09-10 02:07:44,265 [INFO]    Página 4/5 → https://www.opcionempleo.com.ar/trabajo-nlp.html?p=4
2026-09-10 02:07:54,392 [INFO]    ⏳ Turnstile detectado — esperando resolución automática...
2026-09-10 02:07:54,418 [INFO]    ✅ Turnstile resuelto
2026-09-10 02:07:58,144 [INFO]    → 11 ofertas encontradas
2026-09-10 02:08:05,582 [INFO]    ⏳ Turnstile detectado — esperando resolución automática...
2026-09-10 02:08:05,608 [INFO]    ✅ Turnstile resuelto
2026-09-10 02:08:15,934 [INFO]    ⏳ Turnstile detectado — esperando resolución automática...
2026-09-10 02:08:15,958 [INFO]    ✅ Turnstile resuelto
2026-09-10 02:08:26,257 [INFO]    ⏳ Turnstile detectado — esperando resolución automática...
2026-09-10 02:08:26,304 [INFO]    ✅ Turnstile resuelto
2026-09-10 02:08:37,855 [INFO]    ⏳ Turnstile detectado — esperando resolución automática...
2026-09-10 02:08:37,880 [INFO]    ✅ Turnstile resuelto
2026-09-10 02:08:48,270 [INFO]    ⏳ Turnstile detectado — esperando resolución automática...
2026-09-10 02:08:48,296 [INFO]    ✅ Turnstile resuelto
2026-09-10 02:08:59,832 [INFO]    ⏳ Turnstile detectado — esperando resolución automática...
2026-09-10 02:08:59,861 [INFO]    ✅ Turnstile resuelto
2026-09-10 02:09:12,293 [INFO]    ⏳ Turnstile detectado — esperando resolución automática...
2026-09-10 02:09:12,322 [INFO]    ✅ Turnstile resuelto
2026-09-10 02:09:24,610 [INFO]    ⏳ Turnstile detectado — esperando resolución automática...
2026-09-10 02:09:24,648 [INFO]    ✅ Turnstile resuelto
2026-09-10 02:09:36,487 [INFO]    ⏳ Turnstile detectado — esperando resolución automática...
2026-09-10 02:09:36,516 [INFO]    ✅ Turnstile resuelto
2026-09-10 02:09:45,956 [INFO]    ⏳ Turnstile detectado — esperando resolución automática...
2026-09-10 02:09:45,989 [INFO]    ✅ Turnstile resuelto
2026-09-10 02:09:56,878 [INFO]    ⏳ Turnstile detectado — esperando resolución automática...
2026-09-10 02:09:56,903 [INFO]    ✅ Turnstile resuelto
2026-09-10 02:10:00,189 [INFO]    Página 5/5 → https://www.opcionempleo.com.ar/trabajo-nlp.html?p=5
2026-09-10 02:10:07,760 [INFO]    ⏳ Turnstile detectado — esperando resolución automática...
2026-09-10 02:10:07,796 [INFO]    ✅ Turnstile resuelto
2026-09-10 02:10:12,176 [INFO]    → 19 ofertas encontradas
2026-09-10 02:10:19,432 [INFO]    ⏳ Turnstile detectado — esperando resolución automática...
2026-09-10 02:10:19,454 [INFO]    ✅ Turnstile resuelto
2026-09-10 02:10:30,796 [INFO]    ⏳ Turnstile detectado — esperando resolución automática...
2026-09-10 02:10:30,830 [INFO]    ✅ Turnstile resuelto
2026-09-10 02:10:41,762 [INFO]    ⏳ Turnstile detectado — esperando resolución automática...
2026-09-10 02:10:41,787 [INFO]    ✅ Turnstile resuelto
2026-09-10 02:10:52,845 [INFO]    ⏳ Turnstile detectado — esperando resolución automática...
2026-09-10 02:10:52,888 [INFO]    ✅ Turnstile resuelto
2026-09-10 02:11:03,419 [INFO]    ⏳ Turnstile detectado — esperando resolución automática...
2026-09-10 02:11:03,443 [INFO]    ✅ Turnstile resuelto
2026-09-10 02:11:12,980 [INFO]    ⏳ Turnstile detectado — esperando resolución automática...
2026-09-10 02:11:13,016 [INFO]    ✅ Turnstile resuelto
2026-09-10 02:11:25,035 [INFO]    ⏳ Turnstile detectado — esperando resolución automática...
2026-09-10 02:11:25,059 [INFO]    ✅ Turnstile resuelto
2026-09-10 02:11:37,492 [INFO]    ⏳ Turnstile detectado — esperando resolución automática...
2026-09-10 02:11:37,540 [INFO]    ✅ Turnstile resuelto
2026-09-10 02:11:49,754 [INFO]    ⏳ Turnstile detectado — esperando resolución automática...
2026-09-10 02:11:49,789 [INFO]    ✅ Turnstile resuelto
2026-09-10 02:12:00,590 [INFO]    ⏳ Turnstile detectado — esperando resolución automática...
2026-09-10 02:12:00,622 [INFO]    ✅ Turnstile resuelto
2026-09-10 02:12:10,593 [INFO]    ⏳ Turnstile detectado — esperando resolución automática...
2026-09-10 02:12:10,624 [INFO]    ✅ Turnstile resuelto
2026-09-10 02:12:21,471 [INFO]    ⏳ Turnstile detectado — esperando resolución automática...
2026-09-10 02:12:21,510 [INFO]    ✅ Turnstile resuelto
2026-09-10 02:12:32,007 [INFO]    ⏳ Turnstile detectado — esperando resolución automática...
2026-09-10 02:12:32,034 [INFO]    ✅ Turnstile resuelto
2026-09-10 02:12:42,399 [INFO]    ⏳ Turnstile detectado — esperando resolución automática...
2026-09-10 02:12:42,431 [INFO]    ✅ Turnstile resuelto
2026-09-10 02:12:52,928 [INFO]    ⏳ Turnstile detectado — esperando resolución automática...
2026-09-10 02:12:52,962 [INFO]    ✅ Turnstile resuelto
2026-09-10 02:13:04,739 [INFO]    ⏳ Turnstile detectado — esperando resolución automática...
2026-09-10 02:13:04,761 [INFO]    ✅ Turnstile resuelto
2026-09-10 02:13:14,644 [INFO]    ⏳ Turnstile detectado — esperando resolución automática...
2026-09-10 02:13:14,685 [INFO]    ✅ Turnstile resuelto
2026-09-10 02:13:25,536 [INFO]    ⏳ Turnstile detectado — esperando resolución automática...
2026-09-10 02:13:25,565 [INFO]    ✅ Turnstile resuelto
2026-09-10 02:13:35,415 [INFO]    ⏳ Turnstile detectado — esperando resolución automática...
2026-09-10 02:13:35,463 [INFO]    ✅ Turnstile resuelto
2026-09-10 02:13:38,918 [INFO] Exportadas 85 ofertas → /media/carlos-a-cicconi/Common1/Repositorios-Ing.Carlos-Cicconi/Trabajo_Final_MCD/data/raw/ofertas_opcionempleo_20260910.csv
2026-09-10 02:13:38,918 [INFO] ✅ 'NLP Engineer': 85 ofertas guardadas
2026-09-10 02:13:38,918 [INFO]    💤 Pausa: 11.6s
2026-09-10 02:13:50,512 [INFO] 
🔍 Buscando: 'Data Engineer'
2026-09-10 02:13:50,513 [INFO]    Página 1/5 → https://www.opcionempleo.com.ar/trabajo-data-engineer.html
2026-09-10 02:14:00,181 [INFO]    ⏳ Turnstile detectado — esperando resolución automática...
2026-09-10 02:14:00,231 [INFO]    ✅ Turnstile resuelto
2026-09-10 02:14:04,143 [INFO]    → 18 ofertas encontradas
2026-09-10 02:14:10,268 [INFO]    ⏳ Turnstile detectado — esperando resolución automática...
2026-09-10 02:14:10,291 [INFO]    ✅ Turnstile resuelto
2026-09-10 02:14:21,221 [INFO]    ⏳ Turnstile detectado — esperando resolución automática...
2026-09-10 02:14:21,253 [INFO]    ✅ Turnstile resuelto
2026-09-10 02:14:32,408 [INFO]    ⏳ Turnstile detectado — esperando resolución automática...
2026-09-10 02:14:32,447 [INFO]    ✅ Turnstile resuelto
2026-09-10 02:14:44,286 [INFO]    ⏳ Turnstile detectado — esperando resolución automática...
2026-09-10 02:14:44,315 [INFO]    ✅ Turnstile resuelto
2026-09-10 02:14:54,036 [INFO]    ⏳ Turnstile detectado — esperando resolución automática...
2026-09-10 02:14:54,059 [INFO]    ✅ Turnstile resuelto
2026-09-10 02:15:05,246 [INFO]    ⏳ Turnstile detectado — esperando resolución automática...
2026-09-10 02:15:05,271 [INFO]    ✅ Turnstile resuelto
2026-09-10 02:15:15,619 [INFO]    ⏳ Turnstile detectado — esperando resolución automática...
2026-09-10 02:15:15,649 [INFO]    ✅ Turnstile resuelto
2026-09-10 02:15:26,446 [INFO]    ⏳ Turnstile detectado — esperando resolución automática...
2026-09-10 02:15:26,487 [INFO]    ✅ Turnstile resuelto
2026-09-10 02:15:36,714 [INFO]    ⏳ Turnstile detectado — esperando resolución automática...
2026-09-10 02:15:36,743 [INFO]    ✅ Turnstile resuelto
2026-09-10 02:15:48,511 [INFO]    ⏳ Turnstile detectado — esperando resolución automática...
2026-09-10 02:15:48,547 [INFO]    ✅ Turnstile resuelto
2026-09-10 02:15:59,833 [INFO]    ⏳ Turnstile detectado — esperando resolución automática...
2026-09-10 02:15:59,882 [INFO]    ✅ Turnstile resuelto
2026-09-10 02:16:10,058 [INFO]    ⏳ Turnstile detectado — esperando resolución automática...
2026-09-10 02:16:10,122 [INFO]    ✅ Turnstile resuelto
2026-09-10 02:16:21,927 [INFO]    ⏳ Turnstile detectado — esperando resolución automática...
2026-09-10 02:16:21,959 [INFO]    ✅ Turnstile resuelto
2026-09-10 02:16:31,801 [INFO]    ⏳ Turnstile detectado — esperando resolución automática...
2026-09-10 02:16:31,828 [INFO]    ✅ Turnstile resuelto
2026-09-10 02:16:41,786 [INFO]    ⏳ Turnstile detectado — esperando resolución automática...
2026-09-10 02:16:41,811 [INFO]    ✅ Turnstile resuelto
2026-09-10 02:16:51,914 [INFO]    ⏳ Turnstile detectado — esperando resolución automática...
2026-09-10 02:16:51,967 [INFO]    ✅ Turnstile resuelto
2026-09-10 02:17:03,230 [INFO]    ⏳ Turnstile detectado — esperando resolución automática...
2026-09-10 02:17:03,266 [INFO]    ✅ Turnstile resuelto
2026-09-10 02:17:13,683 [INFO]    ⏳ Turnstile detectado — esperando resolución automática...
2026-09-10 02:17:13,709 [INFO]    ✅ Turnstile resuelto
2026-09-10 02:17:17,546 [INFO]    Página 2/5 → https://www.opcionempleo.com.ar/trabajo-data-engineer.html?p=2
2026-09-10 02:17:26,541 [INFO]    ⏳ Turnstile detectado — esperando resolución automática...
2026-09-10 02:17:26,568 [INFO]    ✅ Turnstile resuelto
2026-09-10 02:17:30,703 [INFO]    → 20 ofertas encontradas
2026-09-10 02:17:37,842 [INFO]    ⏳ Turnstile detectado — esperando resolución automática...
2026-09-10 02:17:37,867 [INFO]    ✅ Turnstile resuelto
2026-09-10 02:17:48,362 [INFO]    ⏳ Turnstile detectado — esperando resolución automática...
2026-09-10 02:17:48,394 [INFO]    ✅ Turnstile resuelto
2026-09-10 02:17:58,205 [INFO]    ⏳ Turnstile detectado — esperando resolución automática...
2026-09-10 02:17:58,242 [INFO]    ✅ Turnstile resuelto
2026-09-10 02:18:07,771 [INFO]    ⏳ Turnstile detectado — esperando resolución automática...
2026-09-10 02:18:07,799 [INFO]    ✅ Turnstile resuelto
2026-09-10 02:18:19,779 [INFO]    ⏳ Turnstile detectado — esperando resolución automática...
2026-09-10 02:18:19,810 [INFO]    ✅ Turnstile resuelto
2026-09-10 02:18:30,439 [INFO]    ⏳ Turnstile detectado — esperando resolución automática...
2026-09-10 02:18:30,477 [INFO]    ✅ Turnstile resuelto
2026-09-10 02:18:41,625 [INFO]    ⏳ Turnstile detectado — esperando resolución automática...
2026-09-10 02:18:41,651 [INFO]    ✅ Turnstile resuelto
2026-09-10 02:18:52,709 [INFO]    ⏳ Turnstile detectado — esperando resolución automática...
2026-09-10 02:18:52,735 [INFO]    ✅ Turnstile resuelto
2026-09-10 02:19:04,088 [INFO]    ⏳ Turnstile detectado — esperando resolución automática...
2026-09-10 02:19:04,118 [INFO]    ✅ Turnstile resuelto
2026-09-10 02:19:14,083 [INFO]    ⏳ Turnstile detectado — esperando resolución automática...
2026-09-10 02:19:14,115 [INFO]    ✅ Turnstile resuelto
2026-09-10 02:19:25,592 [INFO]    ⏳ Turnstile detectado — esperando resolución automática...
2026-09-10 02:19:25,640 [INFO]    ✅ Turnstile resuelto
2026-09-10 02:19:37,336 [INFO]    ⏳ Turnstile detectado — esperando resolución automática...
2026-09-10 02:19:37,363 [INFO]    ✅ Turnstile resuelto
2026-09-10 02:19:47,433 [INFO]    ⏳ Turnstile detectado — esperando resolución automática...
2026-09-10 02:19:47,455 [INFO]    ✅ Turnstile resuelto
2026-09-10 02:19:58,709 [INFO]    ⏳ Turnstile detectado — esperando resolución automática...
2026-09-10 02:19:58,732 [INFO]    ✅ Turnstile resuelto
2026-09-10 02:20:09,077 [INFO]    ⏳ Turnstile detectado — esperando resolución automática...
2026-09-10 02:20:09,108 [INFO]    ✅ Turnstile resuelto
2026-09-10 02:20:19,253 [INFO]    ⏳ Turnstile detectado — esperando resolución automática...
2026-09-10 02:20:19,292 [INFO]    ✅ Turnstile resuelto
2026-09-10 02:20:28,969 [INFO]    ⏳ Turnstile detectado — esperando resolución automática...
2026-09-10 02:20:29,005 [INFO]    ✅ Turnstile resuelto
2026-09-10 02:20:40,249 [INFO]    ⏳ Turnstile detectado — esperando resolución automática...
2026-09-10 02:20:40,287 [INFO]    ✅ Turnstile resuelto
2026-09-10 02:20:51,397 [INFO]    ⏳ Turnstile detectado — esperando resolución automática...
2026-09-10 02:20:51,429 [INFO]    ✅ Turnstile resuelto
2026-09-10 02:21:03,896 [INFO]    ⏳ Turnstile detectado — esperando resolución automática...
2026-09-10 02:21:03,925 [INFO]    ✅ Turnstile resuelto
2026-09-10 02:21:07,815 [INFO]    Página 3/5 → https://www.opcionempleo.com.ar/trabajo-data-engineer.html?p=3
2026-09-10 02:21:15,942 [INFO]    ⏳ Turnstile detectado — esperando resolución automática...
2026-09-10 02:21:15,969 [INFO]    ✅ Turnstile resuelto
2026-09-10 02:21:19,665 [INFO]    → 20 ofertas encontradas
2026-09-10 02:21:28,017 [INFO]    ⏳ Turnstile detectado — esperando resolución automática...
2026-09-10 02:21:28,046 [INFO]    ✅ Turnstile resuelto
2026-09-10 02:21:38,791 [INFO]    ⏳ Turnstile detectado — esperando resolución automática...
2026-09-10 02:21:38,813 [INFO]    ✅ Turnstile resuelto
2026-09-10 02:21:49,259 [INFO]    ⏳ Turnstile detectado — esperando resolución automática...
2026-09-10 02:21:49,286 [INFO]    ✅ Turnstile resuelto
2026-09-10 02:21:58,903 [INFO]    ⏳ Turnstile detectado — esperando resolución automática...
2026-09-10 02:21:58,956 [INFO]    ✅ Turnstile resuelto
2026-09-10 02:22:10,667 [INFO]    ⏳ Turnstile detectado — esperando resolución automática...
2026-09-10 02:22:10,697 [INFO]    ✅ Turnstile resuelto
2026-09-10 02:22:20,195 [INFO]    ⏳ Turnstile detectado — esperando resolución automática...
2026-09-10 02:22:20,243 [INFO]    ✅ Turnstile resuelto
2026-09-10 02:22:32,829 [INFO]    ⏳ Turnstile detectado — esperando resolución automática...
2026-09-10 02:22:32,857 [INFO]    ✅ Turnstile resuelto
2026-09-10 02:22:44,867 [INFO]    ⏳ Turnstile detectado — esperando resolución automática...
2026-09-10 02:22:44,892 [INFO]    ✅ Turnstile resuelto
2026-09-10 02:22:55,215 [INFO]    ⏳ Turnstile detectado — esperando resolución automática...
2026-09-10 02:22:55,254 [INFO]    ✅ Turnstile resuelto
2026-09-10 02:23:06,853 [INFO]    ⏳ Turnstile detectado — esperando resolución automática...
2026-09-10 02:23:06,885 [INFO]    ✅ Turnstile resuelto
2026-09-10 02:23:18,391 [INFO]    ⏳ Turnstile detectado — esperando resolución automática...
2026-09-10 02:23:18,427 [INFO]    ✅ Turnstile resuelto
2026-09-10 02:23:29,509 [INFO]    ⏳ Turnstile detectado — esperando resolución automática...
2026-09-10 02:23:29,540 [INFO]    ✅ Turnstile resuelto
2026-09-10 02:23:40,439 [INFO]    ⏳ Turnstile detectado — esperando resolución automática...
2026-09-10 02:23:40,461 [INFO]    ✅ Turnstile resuelto
2026-09-10 02:23:52,347 [INFO]    ⏳ Turnstile detectado — esperando resolución automática...
2026-09-10 02:23:52,388 [INFO]    ✅ Turnstile resuelto
2026-09-10 02:24:02,953 [INFO]    ⏳ Turnstile detectado — esperando resolución automática...
2026-09-10 02:24:03,001 [INFO]    ✅ Turnstile resuelto
2026-09-10 02:24:12,528 [INFO]    ⏳ Turnstile detectado — esperando resolución automática...
2026-09-10 02:24:12,568 [INFO]    ✅ Turnstile resuelto
2026-09-10 02:24:24,481 [INFO]    ⏳ Turnstile detectado — esperando resolución automática...
2026-09-10 02:24:24,513 [INFO]    ✅ Turnstile resuelto
2026-09-10 02:24:36,805 [INFO]    ⏳ Turnstile detectado — esperando resolución automática...
2026-09-10 02:24:36,849 [INFO]    ✅ Turnstile resuelto
2026-09-10 02:24:50,947 [INFO]    ⏳ Turnstile detectado — esperando resolución automática...
2026-09-10 02:24:50,996 [INFO]    ✅ Turnstile resuelto
2026-09-10 02:25:01,719 [INFO]    ⏳ Turnstile detectado — esperando resolución automática...
2026-09-10 02:25:01,745 [INFO]    ✅ Turnstile resuelto
2026-09-10 02:25:05,452 [INFO]    Página 4/5 → https://www.opcionempleo.com.ar/trabajo-data-engineer.html?p=4
2026-09-10 02:25:16,593 [INFO]    ⏳ Turnstile detectado — esperando resolución automática...
2026-09-10 02:25:16,618 [INFO]    ✅ Turnstile resuelto
2026-09-10 02:25:20,902 [INFO]    → 20 ofertas encontradas
2026-09-10 02:25:28,396 [INFO]    ⏳ Turnstile detectado — esperando resolución automática...
2026-09-10 02:25:28,419 [INFO]    ✅ Turnstile resuelto
2026-09-10 02:25:38,560 [INFO]    ⏳ Turnstile detectado — esperando resolución automática...
2026-09-10 02:25:38,593 [INFO]    ✅ Turnstile resuelto
2026-09-10 02:25:49,421 [INFO]    ⏳ Turnstile detectado — esperando resolución automática...
2026-09-10 02:25:49,463 [INFO]    ✅ Turnstile resuelto
2026-09-10 02:26:00,893 [INFO]    ⏳ Turnstile detectado — esperando resolución automática...
2026-09-10 02:26:00,940 [INFO]    ✅ Turnstile resuelto
2026-09-10 02:26:11,494 [INFO]    ⏳ Turnstile detectado — esperando resolución automática...
2026-09-10 02:26:11,557 [INFO]    ✅ Turnstile resuelto
2026-09-10 02:26:23,273 [INFO]    ⏳ Turnstile detectado — esperando resolución automática...
2026-09-10 02:26:23,295 [INFO]    ✅ Turnstile resuelto
2026-09-10 02:26:34,528 [INFO]    ⏳ Turnstile detectado — esperando resolución automática...
2026-09-10 02:26:34,562 [INFO]    ✅ Turnstile resuelto
2026-09-10 02:26:46,522 [INFO]    ⏳ Turnstile detectado — esperando resolución automática...
2026-09-10 02:26:46,562 [INFO]    ✅ Turnstile resuelto
2026-09-10 02:26:58,484 [INFO]    ⏳ Turnstile detectado — esperando resolución automática...
2026-09-10 02:26:58,516 [INFO]    ✅ Turnstile resuelto
2026-09-10 02:27:08,645 [INFO]    ⏳ Turnstile detectado — esperando resolución automática...
2026-09-10 02:27:08,674 [INFO]    ✅ Turnstile resuelto
2026-09-10 02:27:19,391 [INFO]    ⏳ Turnstile detectado — esperando resolución automática...
2026-09-10 02:27:19,425 [INFO]    ✅ Turnstile resuelto
2026-09-10 02:27:29,676 [INFO]    ⏳ Turnstile detectado — esperando resolución automática...
2026-09-10 02:27:29,697 [INFO]    ✅ Turnstile resuelto
2026-09-10 02:27:39,835 [INFO]    ⏳ Turnstile detectado — esperando resolución automática...
2026-09-10 02:27:39,877 [INFO]    ✅ Turnstile resuelto
2026-09-10 02:27:50,514 [INFO]    ⏳ Turnstile detectado — esperando resolución automática...
2026-09-10 02:27:50,550 [INFO]    ✅ Turnstile resuelto
2026-09-10 02:28:00,453 [INFO]    ⏳ Turnstile detectado — esperando resolución automática...
2026-09-10 02:28:00,484 [INFO]    ✅ Turnstile resuelto
2026-09-10 02:28:11,817 [INFO]    ⏳ Turnstile detectado — esperando resolución automática...
2026-09-10 02:28:11,843 [INFO]    ✅ Turnstile resuelto
2026-09-10 02:28:23,136 [INFO]    ⏳ Turnstile detectado — esperando resolución automática...
2026-09-10 02:28:23,178 [INFO]    ✅ Turnstile resuelto
2026-09-10 02:28:33,128 [INFO]    ⏳ Turnstile detectado — esperando resolución automática...
2026-09-10 02:28:33,167 [INFO]    ✅ Turnstile resuelto
2026-09-10 02:28:43,685 [INFO]    ⏳ Turnstile detectado — esperando resolución automática...
2026-09-10 02:28:43,712 [INFO]    ✅ Turnstile resuelto
2026-09-10 02:28:53,732 [INFO]    ⏳ Turnstile detectado — esperando resolución automática...
2026-09-10 02:28:53,755 [INFO]    ✅ Turnstile resuelto
2026-09-10 02:28:57,037 [INFO]    Página 5/5 → https://www.opcionempleo.com.ar/trabajo-data-engineer.html?p=5
2026-09-10 02:29:06,901 [INFO]    ⏳ Turnstile detectado — esperando resolución automática...
2026-09-10 02:29:06,926 [INFO]    ✅ Turnstile resuelto
2026-09-10 02:29:10,957 [INFO]    → 20 ofertas encontradas
2026-09-10 02:29:17,004 [INFO]    ⏳ Turnstile detectado — esperando resolución automática...
2026-09-10 02:29:17,030 [INFO]    ✅ Turnstile resuelto
2026-09-10 02:29:28,507 [INFO]    ⏳ Turnstile detectado — esperando resolución automática...
2026-09-10 02:29:28,533 [INFO]    ✅ Turnstile resuelto
2026-09-10 02:29:39,900 [INFO]    ⏳ Turnstile detectado — esperando resolución automática...
2026-09-10 02:29:39,926 [INFO]    ✅ Turnstile resuelto
2026-09-10 02:29:49,556 [INFO]    ⏳ Turnstile detectado — esperando resolución automática...
2026-09-10 02:29:49,582 [INFO]    ✅ Turnstile resuelto
2026-09-10 02:29:59,774 [INFO]    ⏳ Turnstile detectado — esperando resolución automática...
2026-09-10 02:29:59,804 [INFO]    ✅ Turnstile resuelto
2026-09-10 02:30:11,524 [INFO]    ⏳ Turnstile detectado — esperando resolución automática...
2026-09-10 02:30:11,570 [INFO]    ✅ Turnstile resuelto
2026-09-10 02:30:21,971 [INFO]    ⏳ Turnstile detectado — esperando resolución automática...
2026-09-10 02:30:22,009 [INFO]    ✅ Turnstile resuelto
2026-09-10 02:30:34,004 [INFO]    ⏳ Turnstile detectado — esperando resolución automática...
2026-09-10 02:30:34,034 [INFO]    ✅ Turnstile resuelto
2026-09-10 02:30:46,550 [INFO]    ⏳ Turnstile detectado — esperando resolución automática...
2026-09-10 02:30:46,592 [INFO]    ✅ Turnstile resuelto
2026-09-10 02:30:57,865 [INFO]    ⏳ Turnstile detectado — esperando resolución automática...
2026-09-10 02:30:57,888 [INFO]    ✅ Turnstile resuelto
2026-09-10 02:31:09,458 [INFO]    ⏳ Turnstile detectado — esperando resolución automática...
2026-09-10 02:31:09,502 [INFO]    ✅ Turnstile resuelto
2026-09-10 02:31:18,964 [INFO]    ⏳ Turnstile detectado — esperando resolución automática...
2026-09-10 02:31:18,986 [INFO]    ✅ Turnstile resuelto
2026-09-10 02:31:30,044 [INFO]    ⏳ Turnstile detectado — esperando resolución automática...
2026-09-10 02:31:30,070 [INFO]    ✅ Turnstile resuelto
2026-09-10 02:31:40,930 [INFO]    ⏳ Turnstile detectado — esperando resolución automática...
2026-09-10 02:31:40,963 [INFO]    ✅ Turnstile resuelto
2026-09-10 02:31:50,995 [INFO]    ⏳ Turnstile detectado — esperando resolución automática...
2026-09-10 02:31:51,017 [INFO]    ✅ Turnstile resuelto
2026-09-10 02:32:02,586 [INFO]    ⏳ Turnstile detectado — esperando resolución automática...
2026-09-10 02:32:02,629 [INFO]    ✅ Turnstile resuelto
2026-09-10 02:32:13,512 [INFO]    ⏳ Turnstile detectado — esperando resolución automática...
2026-09-10 02:32:13,560 [INFO]    ✅ Turnstile resuelto
2026-09-10 02:32:23,502 [INFO]    ⏳ Turnstile detectado — esperando resolución automática...
2026-09-10 02:32:23,524 [INFO]    ✅ Turnstile resuelto
2026-09-10 02:32:34,843 [INFO]    ⏳ Turnstile detectado — esperando resolución automática...
2026-09-10 02:32:34,866 [INFO]    ✅ Turnstile resuelto
2026-09-10 02:32:46,183 [INFO]    ⏳ Turnstile detectado — esperando resolución automática...
2026-09-10 02:32:46,210 [INFO]    ✅ Turnstile resuelto
2026-09-10 02:32:50,095 [INFO] Exportadas 98 ofertas → /media/carlos-a-cicconi/Common1/Repositorios-Ing.Carlos-Cicconi/Trabajo_Final_MCD/data/raw/ofertas_opcionempleo_20260910.csv
2026-09-10 02:32:50,095 [INFO] ✅ 'Data Engineer': 98 ofertas guardadas
2026-09-10 02:32:50,095 [INFO]    💤 Pausa: 12.6s
2026-09-10 02:33:02,734 [INFO] 
🔍 Buscando: 'Software Engineer'
2026-09-10 02:33:02,735 [INFO]    Página 1/5 → https://www.opcionempleo.com.ar/trabajo-software-engineer.html
2026-09-10 02:33:11,254 [INFO]    ⏳ Turnstile detectado — esperando resolución automática...
2026-09-10 02:33:11,284 [INFO]    ✅ Turnstile resuelto
2026-09-10 02:33:15,326 [INFO]    → 20 ofertas encontradas
2026-09-10 02:33:23,482 [INFO]    ⏳ Turnstile detectado — esperando resolución automática...
2026-09-10 02:33:23,510 [INFO]    ✅ Turnstile resuelto
2026-09-10 02:33:34,844 [INFO]    ⏳ Turnstile detectado — esperando resolución automática...
2026-09-10 02:33:34,888 [INFO]    ✅ Turnstile resuelto
2026-09-10 02:33:45,456 [INFO]    ⏳ Turnstile detectado — esperando resolución automática...
2026-09-10 02:33:45,483 [INFO]    ✅ Turnstile resuelto
2026-09-10 02:33:55,446 [INFO]    ⏳ Turnstile detectado — esperando resolución automática...
2026-09-10 02:33:55,480 [INFO]    ✅ Turnstile resuelto
2026-09-10 02:34:04,942 [INFO]    ⏳ Turnstile detectado — esperando resolución automática...
2026-09-10 02:34:05,002 [INFO]    ✅ Turnstile resuelto
2026-09-10 02:34:15,397 [INFO]    ⏳ Turnstile detectado — esperando resolución automática...
2026-09-10 02:34:15,422 [INFO]    ✅ Turnstile resuelto
2026-09-10 02:34:27,294 [INFO]    ⏳ Turnstile detectado — esperando resolución automática...
2026-09-10 02:34:27,320 [INFO]    ✅ Turnstile resuelto
2026-09-10 02:34:39,043 [INFO]    ⏳ Turnstile detectado — esperando resolución automática...
2026-09-10 02:34:39,081 [INFO]    ✅ Turnstile resuelto
2026-09-10 02:34:48,919 [INFO]    ⏳ Turnstile detectado — esperando resolución automática...
2026-09-10 02:34:48,986 [INFO]    ✅ Turnstile resuelto
2026-09-10 02:34:59,030 [INFO]    ⏳ Turnstile detectado — esperando resolución automática...
2026-09-10 02:34:59,061 [INFO]    ✅ Turnstile resuelto
2026-09-10 02:35:10,118 [INFO]    ⏳ Turnstile detectado — esperando resolución automática...
2026-09-10 02:35:10,141 [INFO]    ✅ Turnstile resuelto
2026-09-10 02:35:20,320 [INFO]    ⏳ Turnstile detectado — esperando resolución automática...
2026-09-10 02:35:20,342 [INFO]    ✅ Turnstile resuelto
2026-09-10 02:35:32,437 [INFO]    ⏳ Turnstile detectado — esperando resolución automática...
2026-09-10 02:35:32,459 [INFO]    ✅ Turnstile resuelto
2026-09-10 02:35:43,012 [INFO]    ⏳ Turnstile detectado — esperando resolución automática...
2026-09-10 02:35:43,053 [INFO]    ✅ Turnstile resuelto
2026-09-10 02:35:52,729 [INFO]    ⏳ Turnstile detectado — esperando resolución automática...
2026-09-10 02:35:52,752 [INFO]    ✅ Turnstile resuelto
2026-09-10 02:36:03,326 [INFO]    ⏳ Turnstile detectado — esperando resolución automática...
2026-09-10 02:36:03,357 [INFO]    ✅ Turnstile resuelto
2026-09-10 02:36:15,271 [INFO]    ⏳ Turnstile detectado — esperando resolución automática...
2026-09-10 02:36:15,296 [INFO]    ✅ Turnstile resuelto
2026-09-10 02:36:26,911 [INFO]    ⏳ Turnstile detectado — esperando resolución automática...
2026-09-10 02:36:26,936 [INFO]    ✅ Turnstile resuelto
2026-09-10 02:36:36,798 [INFO]    ⏳ Turnstile detectado — esperando resolución automática...
2026-09-10 02:36:36,838 [INFO]    ✅ Turnstile resuelto
2026-09-10 02:36:46,891 [INFO]    ⏳ Turnstile detectado — esperando resolución automática...
2026-09-10 02:36:46,917 [INFO]    ✅ Turnstile resuelto
2026-09-10 02:36:50,840 [INFO]    Página 2/5 → https://www.opcionempleo.com.ar/trabajo-software-engineer.html?p=2
2026-09-10 02:36:58,646 [INFO]    ⏳ Turnstile detectado — esperando resolución automática...
2026-09-10 02:36:58,676 [INFO]    ✅ Turnstile resuelto
2026-09-10 02:37:03,197 [INFO]    → 20 ofertas encontradas
2026-09-10 02:37:10,426 [INFO]    ⏳ Turnstile detectado — esperando resolución automática...
2026-09-10 02:37:10,464 [INFO]    ✅ Turnstile resuelto
2026-09-10 02:37:22,565 [INFO]    ⏳ Turnstile detectado — esperando resolución automática...
2026-09-10 02:37:22,606 [INFO]    ✅ Turnstile resuelto
2026-09-10 02:37:32,882 [INFO]    ⏳ Turnstile detectado — esperando resolución automática...
2026-09-10 02:37:32,910 [INFO]    ✅ Turnstile resuelto
2026-09-10 02:37:44,505 [INFO]    ⏳ Turnstile detectado — esperando resolución automática...
2026-09-10 02:37:44,531 [INFO]    ✅ Turnstile resuelto
2026-09-10 02:37:54,962 [INFO]    ⏳ Turnstile detectado — esperando resolución automática...
2026-09-10 02:37:54,987 [INFO]    ✅ Turnstile resuelto
2026-09-10 02:38:06,257 [INFO]    ⏳ Turnstile detectado — esperando resolución automática...
2026-09-10 02:38:06,292 [INFO]    ✅ Turnstile resuelto
2026-09-10 02:38:17,221 [INFO]    ⏳ Turnstile detectado — esperando resolución automática...
2026-09-10 02:38:17,248 [INFO]    ✅ Turnstile resuelto
2026-09-10 02:38:29,163 [INFO]    ⏳ Turnstile detectado — esperando resolución automática...
2026-09-10 02:38:29,190 [INFO]    ✅ Turnstile resuelto
2026-09-10 02:38:41,489 [INFO]    ⏳ Turnstile detectado — esperando resolución automática...
2026-09-10 02:38:41,530 [INFO]    ✅ Turnstile resuelto
2026-09-10 02:38:52,139 [INFO]    ⏳ Turnstile detectado — esperando resolución automática...
2026-09-10 02:38:52,164 [INFO]    ✅ Turnstile resuelto
2026-09-10 02:39:01,929 [INFO]    ⏳ Turnstile detectado — esperando resolución automática...
2026-09-10 02:39:01,969 [INFO]    ✅ Turnstile resuelto
2026-09-10 02:39:13,041 [INFO]    ⏳ Turnstile detectado — esperando resolución automática...
2026-09-10 02:39:13,066 [INFO]    ✅ Turnstile resuelto
2026-09-10 02:39:24,298 [INFO]    ⏳ Turnstile detectado — esperando resolución automática...
2026-09-10 02:39:24,323 [INFO]    ✅ Turnstile resuelto
2026-09-10 02:39:35,452 [INFO]    ⏳ Turnstile detectado — esperando resolución automática...
2026-09-10 02:39:35,480 [INFO]    ✅ Turnstile resuelto
2026-09-10 02:39:46,840 [INFO]    ⏳ Turnstile detectado — esperando resolución automática...
2026-09-10 02:39:46,886 [INFO]    ✅ Turnstile resuelto
2026-09-10 02:39:58,022 [INFO]    ⏳ Turnstile detectado — esperando resolución automática...
2026-09-10 02:39:58,061 [INFO]    ✅ Turnstile resuelto
2026-09-10 02:40:08,973 [INFO]    ⏳ Turnstile detectado — esperando resolución automática...
2026-09-10 02:40:09,004 [INFO]    ✅ Turnstile resuelto
2026-09-10 02:40:18,781 [INFO]    ⏳ Turnstile detectado — esperando resolución automática...
2026-09-10 02:40:18,830 [INFO]    ✅ Turnstile resuelto
2026-09-10 02:40:28,631 [INFO]    ⏳ Turnstile detectado — esperando resolución automática...
2026-09-10 02:40:28,655 [INFO]    ✅ Turnstile resuelto
2026-09-10 02:40:40,572 [INFO]    ⏳ Turnstile detectado — esperando resolución automática...
2026-09-10 02:40:40,610 [INFO]    ✅ Turnstile resuelto
2026-09-10 02:40:43,924 [INFO]    Página 3/5 → https://www.opcionempleo.com.ar/trabajo-software-engineer.html?p=3
2026-09-10 02:40:52,610 [INFO]    ⏳ Turnstile detectado — esperando resolución automática...
2026-09-10 02:40:52,647 [INFO]    ✅ Turnstile resuelto
2026-09-10 02:40:57,348 [INFO]    → 20 ofertas encontradas
2026-09-10 02:41:04,805 [INFO]    ⏳ Turnstile detectado — esperando resolución automática...
2026-09-10 02:41:04,840 [INFO]    ✅ Turnstile resuelto
2026-09-10 02:41:14,963 [INFO]    ⏳ Turnstile detectado — esperando resolución automática...
2026-09-10 02:41:14,999 [INFO]    ✅ Turnstile resuelto
2026-09-10 02:41:25,114 [INFO]    ⏳ Turnstile detectado — esperando resolución automática...
2026-09-10 02:41:25,138 [INFO]    ✅ Turnstile resuelto
2026-09-10 02:41:35,406 [INFO]    ⏳ Turnstile detectado — esperando resolución automática...
2026-09-10 02:41:35,429 [INFO]    ✅ Turnstile resuelto
2026-09-10 02:41:45,575 [INFO]    ⏳ Turnstile detectado — esperando resolución automática...
2026-09-10 02:41:45,601 [INFO]    ✅ Turnstile resuelto
2026-09-10 02:41:56,512 [INFO]    ⏳ Turnstile detectado — esperando resolución automática...
2026-09-10 02:41:56,541 [INFO]    ✅ Turnstile resuelto
2026-09-10 02:42:06,802 [INFO]    ⏳ Turnstile detectado — esperando resolución automática...
2026-09-10 02:42:06,833 [INFO]    ✅ Turnstile resuelto
2026-09-10 02:42:17,265 [INFO]    ⏳ Turnstile detectado — esperando resolución automática...
2026-09-10 02:42:17,323 [INFO]    ✅ Turnstile resuelto
2026-09-10 02:42:26,987 [INFO]    ⏳ Turnstile detectado — esperando resolución automática...
2026-09-10 02:42:27,018 [INFO]    ✅ Turnstile resuelto
2026-09-10 02:42:39,085 [INFO]    ⏳ Turnstile detectado — esperando resolución automática...
2026-09-10 02:42:39,120 [INFO]    ✅ Turnstile resuelto
2026-09-10 02:42:50,981 [INFO]    ⏳ Turnstile detectado — esperando resolución automática...
2026-09-10 02:42:51,008 [INFO]    ✅ Turnstile resuelto
2026-09-10 02:43:00,666 [INFO]    ⏳ Turnstile detectado — esperando resolución automática...
2026-09-10 02:43:00,699 [INFO]    ✅ Turnstile resuelto
2026-09-10 02:43:10,552 [INFO]    ⏳ Turnstile detectado — esperando resolución automática...
2026-09-10 02:43:10,593 [INFO]    ✅ Turnstile resuelto
2026-09-10 02:43:22,279 [INFO]    ⏳ Turnstile detectado — esperando resolución automática...
2026-09-10 02:43:22,309 [INFO]    ✅ Turnstile resuelto
2026-09-10 02:43:31,532 [INFO]    ⏳ Turnstile detectado — esperando resolución automática...
2026-09-10 02:43:31,558 [INFO]    ✅ Turnstile resuelto
2026-09-10 02:43:42,767 [INFO]    ⏳ Turnstile detectado — esperando resolución automática...
2026-09-10 02:43:42,797 [INFO]    ✅ Turnstile resuelto
2026-09-10 02:43:53,177 [INFO]    ⏳ Turnstile detectado — esperando resolución automática...
2026-09-10 02:43:53,203 [INFO]    ✅ Turnstile resuelto
2026-09-10 02:44:05,029 [INFO]    ⏳ Turnstile detectado — esperando resolución automática...
2026-09-10 02:44:05,069 [INFO]    ✅ Turnstile resuelto
2026-09-10 02:44:17,101 [INFO]    ⏳ Turnstile detectado — esperando resolución automática...
2026-09-10 02:44:17,128 [INFO]    ✅ Turnstile resuelto
2026-09-10 02:44:28,272 [INFO]    ⏳ Turnstile detectado — esperando resolución automática...
2026-09-10 02:44:28,303 [INFO]    ✅ Turnstile resuelto
2026-09-10 02:44:32,335 [INFO]    Página 4/5 → https://www.opcionempleo.com.ar/trabajo-software-engineer.html?p=4
2026-09-10 02:44:42,142 [INFO]    ⏳ Turnstile detectado — esperando resolución automática...
2026-09-10 02:44:42,172 [INFO]    ✅ Turnstile resuelto
2026-09-10 02:44:46,279 [INFO]    → 20 ofertas encontradas
2026-09-10 02:44:53,031 [INFO]    ⏳ Turnstile detectado — esperando resolución automática...
2026-09-10 02:44:53,061 [INFO]    ✅ Turnstile resuelto
2026-09-10 02:45:03,245 [INFO]    ⏳ Turnstile detectado — esperando resolución automática...
2026-09-10 02:45:03,272 [INFO]    ✅ Turnstile resuelto
2026-09-10 02:45:13,805 [INFO]    ⏳ Turnstile detectado — esperando resolución automática...
2026-09-10 02:45:13,832 [INFO]    ✅ Turnstile resuelto
2026-09-10 02:45:24,983 [INFO]    ⏳ Turnstile detectado — esperando resolución automática...
2026-09-10 02:45:25,008 [INFO]    ✅ Turnstile resuelto
2026-09-10 02:45:34,780 [INFO]    ⏳ Turnstile detectado — esperando resolución automática...
2026-09-10 02:45:34,806 [INFO]    ✅ Turnstile resuelto
2026-09-10 02:45:45,669 [INFO]    ⏳ Turnstile detectado — esperando resolución automática...
2026-09-10 02:45:45,718 [INFO]    ✅ Turnstile resuelto
2026-09-10 02:45:55,605 [INFO]    ⏳ Turnstile detectado — esperando resolución automática...
2026-09-10 02:45:55,641 [INFO]    ✅ Turnstile resuelto
2026-09-10 02:46:05,487 [INFO]    ⏳ Turnstile detectado — esperando resolución automática...
2026-09-10 02:46:05,512 [INFO]    ✅ Turnstile resuelto
2026-09-10 02:46:16,438 [INFO]    ⏳ Turnstile detectado — esperando resolución automática...
2026-09-10 02:46:16,461 [INFO]    ✅ Turnstile resuelto
2026-09-10 02:46:26,395 [INFO]    ⏳ Turnstile detectado — esperando resolución automática...
2026-09-10 02:46:26,424 [INFO]    ✅ Turnstile resuelto
2026-09-10 02:46:36,720 [INFO]    ⏳ Turnstile detectado — esperando resolución automática...
2026-09-10 02:46:36,751 [INFO]    ✅ Turnstile resuelto
2026-09-10 02:46:48,699 [INFO]    ⏳ Turnstile detectado — esperando resolución automática...
2026-09-10 02:46:48,728 [INFO]    ✅ Turnstile resuelto
2026-09-10 02:46:59,908 [INFO]    ⏳ Turnstile detectado — esperando resolución automática...
2026-09-10 02:46:59,940 [INFO]    ✅ Turnstile resuelto
2026-09-10 02:47:11,134 [INFO]    ⏳ Turnstile detectado — esperando resolución automática...
2026-09-10 02:47:11,162 [INFO]    ✅ Turnstile resuelto
2026-09-10 02:47:23,049 [INFO]    ⏳ Turnstile detectado — esperando resolución automática...
2026-09-10 02:47:23,077 [INFO]    ✅ Turnstile resuelto
2026-09-10 02:47:35,221 [INFO]    ⏳ Turnstile detectado — esperando resolución automática...
2026-09-10 02:47:35,272 [INFO]    ✅ Turnstile resuelto
2026-09-10 02:47:44,777 [INFO]    ⏳ Turnstile detectado — esperando resolución automática...
2026-09-10 02:47:44,820 [INFO]    ✅ Turnstile resuelto
2026-09-10 02:47:54,404 [INFO]    ⏳ Turnstile detectado — esperando resolución automática...
2026-09-10 02:47:54,430 [INFO]    ✅ Turnstile resuelto
2026-09-10 02:48:05,063 [INFO]    ⏳ Turnstile detectado — esperando resolución automática...
2026-09-10 02:48:05,093 [INFO]    ✅ Turnstile resuelto
2026-09-10 02:48:15,376 [INFO]    ⏳ Turnstile detectado — esperando resolución automática...
2026-09-10 02:48:15,401 [INFO]    ✅ Turnstile resuelto
2026-09-10 02:48:18,843 [INFO]    Página 5/5 → https://www.opcionempleo.com.ar/trabajo-software-engineer.html?p=5
2026-09-10 02:48:27,961 [INFO]    ⏳ Turnstile detectado — esperando resolución automática...
2026-09-10 02:48:28,014 [INFO]    ✅ Turnstile resuelto
2026-09-10 02:48:31,902 [INFO]    → 20 ofertas encontradas
2026-09-10 02:48:39,332 [INFO]    ⏳ Turnstile detectado — esperando resolución automática...
2026-09-10 02:48:39,356 [INFO]    ✅ Turnstile resuelto
2026-09-10 02:48:51,463 [INFO]    ⏳ Turnstile detectado — esperando resolución automática...
2026-09-10 02:48:51,493 [INFO]    ✅ Turnstile resuelto
2026-09-10 02:49:02,841 [INFO]    ⏳ Turnstile detectado — esperando resolución automática...
2026-09-10 02:49:02,865 [INFO]    ✅ Turnstile resuelto
2026-09-10 02:49:14,440 [INFO]    ⏳ Turnstile detectado — esperando resolución automática...
2026-09-10 02:49:14,461 [INFO]    ✅ Turnstile resuelto
2026-09-10 02:49:26,392 [INFO]    ⏳ Turnstile detectado — esperando resolución automática...
2026-09-10 02:49:26,441 [INFO]    ✅ Turnstile resuelto
2026-09-10 02:49:36,653 [INFO]    ⏳ Turnstile detectado — esperando resolución automática...
2026-09-10 02:49:36,684 [INFO]    ✅ Turnstile resuelto
2026-09-10 02:49:48,836 [INFO]    ⏳ Turnstile detectado — esperando resolución automática...
2026-09-10 02:49:48,885 [INFO]    ✅ Turnstile resuelto
2026-09-10 02:49:59,355 [INFO]    ⏳ Turnstile detectado — esperando resolución automática...
2026-09-10 02:49:59,383 [INFO]    ✅ Turnstile resuelto
2026-09-10 02:50:09,255 [INFO]    ⏳ Turnstile detectado — esperando resolución automática...
2026-09-10 02:50:09,296 [INFO]    ✅ Turnstile resuelto
2026-09-10 02:50:20,968 [INFO]    ⏳ Turnstile detectado — esperando resolución automática...
2026-09-10 02:50:20,993 [INFO]    ✅ Turnstile resuelto
2026-09-10 02:50:31,721 [INFO]    ⏳ Turnstile detectado — esperando resolución automática...
2026-09-10 02:50:31,745 [INFO]    ✅ Turnstile resuelto
2026-09-10 02:50:42,573 [INFO]    ⏳ Turnstile detectado — esperando resolución automática...
2026-09-10 02:50:42,601 [INFO]    ✅ Turnstile resuelto
2026-09-10 02:50:54,712 [INFO]    ⏳ Turnstile detectado — esperando resolución automática...
2026-09-10 02:50:54,767 [INFO]    ✅ Turnstile resuelto
2026-09-10 02:51:05,454 [INFO]    ⏳ Turnstile detectado — esperando resolución automática...
2026-09-10 02:51:05,483 [INFO]    ✅ Turnstile resuelto
2026-09-10 02:51:15,212 [INFO]    ⏳ Turnstile detectado — esperando resolución automática...
2026-09-10 02:51:15,234 [INFO]    ✅ Turnstile resuelto
2026-09-10 02:51:27,109 [INFO]    ⏳ Turnstile detectado — esperando resolución automática...
2026-09-10 02:51:27,138 [INFO]    ✅ Turnstile resuelto
2026-09-10 02:51:37,149 [INFO]    ⏳ Turnstile detectado — esperando resolución automática...
2026-09-10 02:51:37,175 [INFO]    ✅ Turnstile resuelto
2026-09-10 02:51:49,417 [INFO]    ⏳ Turnstile detectado — esperando resolución automática...
2026-09-10 02:51:49,458 [INFO]    ✅ Turnstile resuelto
2026-09-10 02:51:59,875 [INFO]    ⏳ Turnstile detectado — esperando resolución automática...
2026-09-10 02:51:59,903 [INFO]    ✅ Turnstile resuelto
2026-09-10 02:52:11,735 [INFO]    ⏳ Turnstile detectado — esperando resolución automática...
2026-09-10 02:52:11,767 [INFO]    ✅ Turnstile resuelto
2026-09-10 02:52:15,180 [INFO] Exportadas 100 ofertas → /media/carlos-a-cicconi/Common1/Repositorios-Ing.Carlos-Cicconi/Trabajo_Final_MCD/data/raw/ofertas_opcionempleo_20260910.csv
2026-09-10 02:52:15,180 [INFO] ✅ 'Software Engineer': 100 ofertas guardadas
2026-09-10 02:52:15,180 [INFO]    💤 Pausa: 10.0s
2026-09-10 02:52:25,168 [INFO] 
🔍 Buscando: 'Python Developer'
2026-09-10 02:52:25,168 [INFO]    Página 1/5 → https://www.opcionempleo.com.ar/trabajo-python.html
2026-09-10 02:52:35,228 [INFO]    ⏳ Turnstile detectado — esperando resolución automática...
2026-09-10 02:52:35,259 [INFO]    ✅ Turnstile resuelto
2026-09-10 02:52:39,786 [INFO]    → 17 ofertas encontradas
2026-09-10 02:52:46,724 [INFO]    ⏳ Turnstile detectado — esperando resolución automática...
2026-09-10 02:52:46,755 [INFO]    ✅ Turnstile resuelto
2026-09-10 02:52:56,966 [INFO]    ⏳ Turnstile detectado — esperando resolución automática...
2026-09-10 02:52:56,996 [INFO]    ✅ Turnstile resuelto
2026-09-10 02:53:06,517 [INFO]    ⏳ Turnstile detectado — esperando resolución automática...
2026-09-10 02:53:06,540 [INFO]    ✅ Turnstile resuelto
2026-09-10 02:53:15,890 [INFO]    ⏳ Turnstile detectado — esperando resolución automática...
2026-09-10 02:53:15,915 [INFO]    ✅ Turnstile resuelto
2026-09-10 02:53:26,317 [INFO]    ⏳ Turnstile detectado — esperando resolución automática...
2026-09-10 02:53:26,349 [INFO]    ✅ Turnstile resuelto
2026-09-10 02:53:38,310 [INFO]    ⏳ Turnstile detectado — esperando resolución automática...
2026-09-10 02:53:38,346 [INFO]    ✅ Turnstile resuelto
2026-09-10 02:53:48,284 [INFO]    ⏳ Turnstile detectado — esperando resolución automática...
2026-09-10 02:53:48,308 [INFO]    ✅ Turnstile resuelto
2026-09-10 02:53:59,040 [INFO]    ⏳ Turnstile detectado — esperando resolución automática...
2026-09-10 02:53:59,090 [INFO]    ✅ Turnstile resuelto
2026-09-10 02:54:09,482 [INFO]    ⏳ Turnstile detectado — esperando resolución automática...
2026-09-10 02:54:09,515 [INFO]    ✅ Turnstile resuelto
2026-09-10 02:54:19,863 [INFO]    ⏳ Turnstile detectado — esperando resolución automática...
2026-09-10 02:54:19,898 [INFO]    ✅ Turnstile resuelto
2026-09-10 02:54:32,441 [INFO]    ⏳ Turnstile detectado — esperando resolución automática...
2026-09-10 02:54:32,489 [INFO]    ✅ Turnstile resuelto
2026-09-10 02:54:42,548 [INFO]    ⏳ Turnstile detectado — esperando resolución automática...
2026-09-10 02:54:42,579 [INFO]    ✅ Turnstile resuelto
2026-09-10 02:54:55,436 [INFO]    ⏳ Turnstile detectado — esperando resolución automática...
2026-09-10 02:54:55,469 [INFO]    ✅ Turnstile resuelto
2026-09-10 02:55:06,007 [INFO]    ⏳ Turnstile detectado — esperando resolución automática...
2026-09-10 02:55:06,043 [INFO]    ✅ Turnstile resuelto
2026-09-10 02:55:15,821 [INFO]    ⏳ Turnstile detectado — esperando resolución automática...
2026-09-10 02:55:15,869 [INFO]    ✅ Turnstile resuelto
2026-09-10 02:55:27,326 [INFO]    ⏳ Turnstile detectado — esperando resolución automática...
2026-09-10 02:55:27,351 [INFO]    ✅ Turnstile resuelto
2026-09-10 02:55:38,939 [INFO]    ⏳ Turnstile detectado — esperando resolución automática...
2026-09-10 02:55:38,970 [INFO]    ✅ Turnstile resuelto
2026-09-10 02:55:42,530 [INFO]    Página 2/5 → https://www.opcionempleo.com.ar/trabajo-python.html?p=2
2026-09-10 02:55:51,017 [INFO]    ⏳ Turnstile detectado — esperando resolución automática...
2026-09-10 02:55:51,041 [INFO]    ✅ Turnstile resuelto
2026-09-10 02:55:55,155 [INFO]    → 14 ofertas encontradas
2026-09-10 02:56:02,551 [INFO]    ⏳ Turnstile detectado — esperando resolución automática...
2026-09-10 02:56:02,591 [INFO]    ✅ Turnstile resuelto
2026-09-10 02:56:13,338 [INFO]    ⏳ Turnstile detectado — esperando resolución automática...
2026-09-10 02:56:13,364 [INFO]    ✅ Turnstile resuelto
2026-09-10 02:56:25,763 [INFO]    ⏳ Turnstile detectado — esperando resolución automática...
2026-09-10 02:56:25,795 [INFO]    ✅ Turnstile resuelto
2026-09-10 02:56:37,302 [INFO]    ⏳ Turnstile detectado — esperando resolución automática...
2026-09-10 02:56:37,331 [INFO]    ✅ Turnstile resuelto
2026-09-10 02:56:48,329 [INFO]    ⏳ Turnstile detectado — esperando resolución automática...
2026-09-10 02:56:48,368 [INFO]    ✅ Turnstile resuelto
2026-09-10 02:56:58,303 [INFO]    ⏳ Turnstile detectado — esperando resolución automática...
2026-09-10 02:56:58,342 [INFO]    ✅ Turnstile resuelto
2026-09-10 02:57:19,157 [INFO]    ⏳ Turnstile detectado — esperando resolución automática...
2026-09-10 02:57:19,183 [INFO]    ✅ Turnstile resuelto
2026-09-10 02:57:29,613 [INFO]    ⏳ Turnstile detectado — esperando resolución automática...
2026-09-10 02:57:29,636 [INFO]    ✅ Turnstile resuelto
2026-09-10 02:57:41,523 [INFO]    ⏳ Turnstile detectado — esperando resolución automática...
2026-09-10 02:57:41,547 [INFO]    ✅ Turnstile resuelto
2026-09-10 02:57:53,666 [INFO]    ⏳ Turnstile detectado — esperando resolución automática...
2026-09-10 02:57:53,690 [INFO]    ✅ Turnstile resuelto
2026-09-10 02:58:04,265 [INFO]    ⏳ Turnstile detectado — esperando resolución automática...
2026-09-10 02:58:04,310 [INFO]    ✅ Turnstile resuelto
2026-09-10 02:58:16,063 [INFO]    ⏳ Turnstile detectado — esperando resolución automática...
2026-09-10 02:58:16,087 [INFO]    ✅ Turnstile resuelto
2026-09-10 02:58:27,590 [INFO]    ⏳ Turnstile detectado — esperando resolución automática...
2026-09-10 02:58:27,616 [INFO]    ✅ Turnstile resuelto
2026-09-10 02:58:40,020 [INFO]    ⏳ Turnstile detectado — esperando resolución automática...
2026-09-10 02:58:40,053 [INFO]    ✅ Turnstile resuelto
2026-09-10 02:58:43,849 [INFO]    Página 3/5 → https://www.opcionempleo.com.ar/trabajo-python.html?p=3
2026-09-10 02:58:52,117 [INFO]    ⏳ Turnstile detectado — esperando resolución automática...
2026-09-10 02:58:52,154 [INFO]    ✅ Turnstile resuelto
2026-09-10 02:58:56,816 [INFO]    → 16 ofertas encontradas
2026-09-10 02:59:04,178 [INFO]    ⏳ Turnstile detectado — esperando resolución automática...
2026-09-10 02:59:04,217 [INFO]    ✅ Turnstile resuelto
2026-09-10 02:59:14,618 [INFO]    ⏳ Turnstile detectado — esperando resolución automática...
2026-09-10 02:59:14,652 [INFO]    ✅ Turnstile resuelto
2026-09-10 02:59:25,032 [INFO]    ⏳ Turnstile detectado — esperando resolución automática...
2026-09-10 02:59:25,078 [INFO]    ✅ Turnstile resuelto
2026-09-10 02:59:37,029 [INFO]    ⏳ Turnstile detectado — esperando resolución automática...
2026-09-10 02:59:37,064 [INFO]    ✅ Turnstile resuelto
2026-09-10 02:59:49,201 [INFO]    ⏳ Turnstile detectado — esperando resolución automática...
2026-09-10 02:59:49,228 [INFO]    ✅ Turnstile resuelto
2026-09-10 02:59:59,327 [INFO]    ⏳ Turnstile detectado — esperando resolución automática...
2026-09-10 02:59:59,354 [INFO]    ✅ Turnstile resuelto
2026-09-10 03:00:10,399 [INFO]    ⏳ Turnstile detectado — esperando resolución automática...
2026-09-10 03:00:10,429 [INFO]    ✅ Turnstile resuelto
2026-09-10 03:00:20,459 [INFO]    ⏳ Turnstile detectado — esperando resolución automática...
2026-09-10 03:00:20,503 [INFO]    ✅ Turnstile resuelto
2026-09-10 03:00:31,634 [INFO]    ⏳ Turnstile detectado — esperando resolución automática...
2026-09-10 03:00:31,662 [INFO]    ✅ Turnstile resuelto
2026-09-10 03:00:43,001 [INFO]    ⏳ Turnstile detectado — esperando resolución automática...
2026-09-10 03:00:43,036 [INFO]    ✅ Turnstile resuelto
2026-09-10 03:00:53,545 [INFO]    ⏳ Turnstile detectado — esperando resolución automática...
2026-09-10 03:00:53,567 [INFO]    ✅ Turnstile resuelto
2026-09-10 03:01:04,912 [INFO]    ⏳ Turnstile detectado — esperando resolución automática...
2026-09-10 03:01:04,975 [INFO]    ✅ Turnstile resuelto
2026-09-10 03:01:16,325 [INFO]    ⏳ Turnstile detectado — esperando resolución automática...
2026-09-10 03:01:16,353 [INFO]    ✅ Turnstile resuelto
2026-09-10 03:01:27,940 [INFO]    ⏳ Turnstile detectado — esperando resolución automática...
2026-09-10 03:01:27,980 [INFO]    ✅ Turnstile resuelto
2026-09-10 03:01:37,913 [INFO]    ⏳ Turnstile detectado — esperando resolución automática...
2026-09-10 03:01:37,943 [INFO]    ✅ Turnstile resuelto
2026-09-10 03:01:47,821 [INFO]    ⏳ Turnstile detectado — esperando resolución automática...
2026-09-10 03:01:47,874 [INFO]    ✅ Turnstile resuelto
2026-09-10 03:01:51,631 [INFO]    Página 4/5 → https://www.opcionempleo.com.ar/trabajo-python.html?p=4
2026-09-10 03:02:01,626 [INFO]    ⏳ Turnstile detectado — esperando resolución automática...
2026-09-10 03:02:01,653 [INFO]    ✅ Turnstile resuelto
2026-09-10 03:02:06,250 [INFO]    → 0 ofertas encontradas
2026-09-10 03:02:06,250 [INFO]    → Sin más resultados.
2026-09-10 03:02:06,260 [INFO] Exportadas 47 ofertas → /media/carlos-a-cicconi/Common1/Repositorios-Ing.Carlos-Cicconi/Trabajo_Final_MCD/data/raw/ofertas_opcionempleo_20260910.csv
2026-09-10 03:02:06,260 [INFO] ✅ 'Python Developer': 47 ofertas guardadas
2026-09-10 03:02:06,261 [INFO]    💤 Pausa: 10.8s
2026-09-10 03:02:17,120 [INFO] 
🔍 Buscando: 'Desarrollador Backend'
2026-09-10 03:02:17,120 [INFO]    Página 1/5 → https://www.opcionempleo.com.ar/trabajo-desarrollador-backend.html
2026-09-10 03:02:25,089 [INFO]    ⏳ Turnstile detectado — esperando resolución automática...
2026-09-10 03:02:25,113 [INFO]    ✅ Turnstile resuelto
2026-09-10 03:02:29,257 [INFO]    → 18 ofertas encontradas
2026-09-10 03:02:35,465 [INFO]    ⏳ Turnstile detectado — esperando resolución automática...
2026-09-10 03:02:35,487 [INFO]    ✅ Turnstile resuelto
2026-09-10 03:02:46,706 [INFO]    ⏳ Turnstile detectado — esperando resolución automática...
2026-09-10 03:02:46,737 [INFO]    ✅ Turnstile resuelto
2026-09-10 03:02:57,249 [INFO]    ⏳ Turnstile detectado — esperando resolución automática...
2026-09-10 03:02:57,274 [INFO]    ✅ Turnstile resuelto
2026-09-10 03:03:08,375 [INFO]    ⏳ Turnstile detectado — esperando resolución automática...
2026-09-10 03:03:08,405 [INFO]    ✅ Turnstile resuelto
2026-09-10 03:03:19,193 [INFO]    ⏳ Turnstile detectado — esperando resolución automática...
2026-09-10 03:03:19,246 [INFO]    ✅ Turnstile resuelto
2026-09-10 03:03:31,245 [INFO]    ⏳ Turnstile detectado — esperando resolución automática...
2026-09-10 03:03:31,270 [INFO]    ✅ Turnstile resuelto
2026-09-10 03:03:42,971 [INFO]    ⏳ Turnstile detectado — esperando resolución automática...
2026-09-10 03:03:43,003 [INFO]    ✅ Turnstile resuelto
2026-09-10 03:03:52,563 [INFO]    ⏳ Turnstile detectado — esperando resolución automática...
2026-09-10 03:03:52,596 [INFO]    ✅ Turnstile resuelto
2026-09-10 03:04:03,747 [INFO]    ⏳ Turnstile detectado — esperando resolución automática...
2026-09-10 03:04:03,776 [INFO]    ✅ Turnstile resuelto
2026-09-10 03:04:14,214 [INFO]    ⏳ Turnstile detectado — esperando resolución automática...
2026-09-10 03:04:14,261 [INFO]    ✅ Turnstile resuelto
2026-09-10 03:04:24,015 [INFO]    ⏳ Turnstile detectado — esperando resolución automática...
2026-09-10 03:04:24,040 [INFO]    ✅ Turnstile resuelto
2026-09-10 03:04:34,524 [INFO]    ⏳ Turnstile detectado — esperando resolución automática...
2026-09-10 03:04:34,550 [INFO]    ✅ Turnstile resuelto
2026-09-10 03:04:46,156 [INFO]    ⏳ Turnstile detectado — esperando resolución automática...
2026-09-10 03:04:46,191 [INFO]    ✅ Turnstile resuelto
2026-09-10 03:04:57,478 [INFO]    ⏳ Turnstile detectado — esperando resolución automática...
2026-09-10 03:04:57,509 [INFO]    ✅ Turnstile resuelto
2026-09-10 03:05:09,294 [INFO]    ⏳ Turnstile detectado — esperando resolución automática...
2026-09-10 03:05:09,339 [INFO]    ✅ Turnstile resuelto
2026-09-10 03:05:21,400 [INFO]    ⏳ Turnstile detectado — esperando resolución automática...
2026-09-10 03:05:21,434 [INFO]    ✅ Turnstile resuelto
2026-09-10 03:05:31,770 [INFO]    ⏳ Turnstile detectado — esperando resolución automática...
2026-09-10 03:05:31,804 [INFO]    ✅ Turnstile resuelto
2026-09-10 03:05:43,178 [INFO]    ⏳ Turnstile detectado — esperando resolución automática...
2026-09-10 03:05:43,213 [INFO]    ✅ Turnstile resuelto
2026-09-10 03:05:46,459 [INFO]    Página 2/5 → https://www.opcionempleo.com.ar/trabajo-desarrollador-backend.html?p=2
2026-09-10 03:05:55,556 [INFO]    ⏳ Turnstile detectado — esperando resolución automática...
2026-09-10 03:05:55,623 [INFO]    ✅ Turnstile resuelto
2026-09-10 03:06:00,248 [INFO]    → 19 ofertas encontradas
2026-09-10 03:06:08,875 [INFO]    ⏳ Turnstile detectado — esperando resolución automática...
2026-09-10 03:06:08,903 [INFO]    ✅ Turnstile resuelto
2026-09-10 03:06:20,266 [INFO]    ⏳ Turnstile detectado — esperando resolución automática...
2026-09-10 03:06:20,289 [INFO]    ✅ Turnstile resuelto
2026-09-10 03:06:31,323 [INFO]    ⏳ Turnstile detectado — esperando resolución automática...
2026-09-10 03:06:31,349 [INFO]    ✅ Turnstile resuelto
2026-09-10 03:06:42,567 [INFO]    ⏳ Turnstile detectado — esperando resolución automática...
2026-09-10 03:06:42,612 [INFO]    ✅ Turnstile resuelto
2026-09-10 03:06:53,530 [INFO]    ⏳ Turnstile detectado — esperando resolución automática...
2026-09-10 03:06:53,564 [INFO]    ✅ Turnstile resuelto
2026-09-10 03:07:04,985 [INFO]    ⏳ Turnstile detectado — esperando resolución automática...
2026-09-10 03:07:05,028 [INFO]    ✅ Turnstile resuelto
2026-09-10 03:07:16,354 [INFO]    ⏳ Turnstile detectado — esperando resolución automática...
2026-09-10 03:07:16,377 [INFO]    ✅ Turnstile resuelto
2026-09-10 03:07:28,055 [INFO]    ⏳ Turnstile detectado — esperando resolución automática...
2026-09-10 03:07:28,117 [INFO]    ✅ Turnstile resuelto
2026-09-10 03:07:38,920 [INFO]    ⏳ Turnstile detectado — esperando resolución automática...
2026-09-10 03:07:38,944 [INFO]    ✅ Turnstile resuelto
2026-09-10 03:07:50,773 [INFO]    ⏳ Turnstile detectado — esperando resolución automática...
2026-09-10 03:07:50,801 [INFO]    ✅ Turnstile resuelto
2026-09-10 03:08:02,575 [INFO]    ⏳ Turnstile detectado — esperando resolución automática...
2026-09-10 03:08:02,613 [INFO]    ✅ Turnstile resuelto
2026-09-10 03:08:14,220 [INFO]    ⏳ Turnstile detectado — esperando resolución automática...
2026-09-10 03:08:14,270 [INFO]    ✅ Turnstile resuelto
2026-09-10 03:08:25,775 [INFO]    ⏳ Turnstile detectado — esperando resolución automática...
2026-09-10 03:08:25,805 [INFO]    ✅ Turnstile resuelto
2026-09-10 03:08:36,245 [INFO]    ⏳ Turnstile detectado — esperando resolución automática...
2026-09-10 03:08:36,285 [INFO]    ✅ Turnstile resuelto
2026-09-10 03:08:47,317 [INFO]    ⏳ Turnstile detectado — esperando resolución automática...
2026-09-10 03:08:47,355 [INFO]    ✅ Turnstile resuelto
2026-09-10 03:08:59,892 [INFO]    ⏳ Turnstile detectado — esperando resolución automática...
2026-09-10 03:08:59,942 [INFO]    ✅ Turnstile resuelto
2026-09-10 03:09:09,719 [INFO]    ⏳ Turnstile detectado — esperando resolución automática...
2026-09-10 03:09:09,749 [INFO]    ✅ Turnstile resuelto
2026-09-10 03:09:19,492 [INFO]    ⏳ Turnstile detectado — esperando resolución automática...
2026-09-10 03:09:19,519 [INFO]    ✅ Turnstile resuelto
2026-09-10 03:09:31,924 [INFO]    ⏳ Turnstile detectado — esperando resolución automática...
2026-09-10 03:09:31,956 [INFO]    ✅ Turnstile resuelto
2026-09-10 03:09:35,665 [INFO]    Página 3/5 → https://www.opcionempleo.com.ar/trabajo-desarrollador-backend.html?p=3
2026-09-10 03:09:45,468 [INFO]    ⏳ Turnstile detectado — esperando resolución automática...
2026-09-10 03:09:45,525 [INFO]    ✅ Turnstile resuelto
2026-09-10 03:09:49,315 [INFO]    → 19 ofertas encontradas
2026-09-10 03:09:57,628 [INFO]    ⏳ Turnstile detectado — esperando resolución automática...
2026-09-10 03:09:57,672 [INFO]    ✅ Turnstile resuelto
2026-09-10 03:10:09,416 [INFO]    ⏳ Turnstile detectado — esperando resolución automática...
2026-09-10 03:10:09,467 [INFO]    ✅ Turnstile resuelto
2026-09-10 03:10:20,363 [INFO]    ⏳ Turnstile detectado — esperando resolución automática...
2026-09-10 03:10:20,389 [INFO]    ✅ Turnstile resuelto
2026-09-10 03:10:31,657 [INFO]    ⏳ Turnstile detectado — esperando resolución automática...
2026-09-10 03:10:31,706 [INFO]    ✅ Turnstile resuelto
2026-09-10 03:10:42,784 [INFO]    ⏳ Turnstile detectado — esperando resolución automática...
2026-09-10 03:10:42,814 [INFO]    ✅ Turnstile resuelto
2026-09-10 03:10:52,161 [INFO]    ⏳ Turnstile detectado — esperando resolución automática...
2026-09-10 03:10:52,192 [INFO]    ✅ Turnstile resuelto
2026-09-10 03:11:02,729 [INFO]    ⏳ Turnstile detectado — esperando resolución automática...
2026-09-10 03:11:02,756 [INFO]    ✅ Turnstile resuelto
2026-09-10 03:11:13,811 [INFO]    ⏳ Turnstile detectado — esperando resolución automática...
2026-09-10 03:11:13,876 [INFO]    ✅ Turnstile resuelto
2026-09-10 03:11:24,784 [INFO]    ⏳ Turnstile detectado — esperando resolución automática...
2026-09-10 03:11:24,811 [INFO]    ✅ Turnstile resuelto
2026-09-10 03:11:36,061 [INFO]    ⏳ Turnstile detectado — esperando resolución automática...
2026-09-10 03:11:36,093 [INFO]    ✅ Turnstile resuelto
2026-09-10 03:11:46,887 [INFO]    ⏳ Turnstile detectado — esperando resolución automática...
2026-09-10 03:11:46,923 [INFO]    ✅ Turnstile resuelto
2026-09-10 03:11:57,881 [INFO]    ⏳ Turnstile detectado — esperando resolución automática...
2026-09-10 03:11:57,929 [INFO]    ✅ Turnstile resuelto
2026-09-10 03:12:09,858 [INFO]    ⏳ Turnstile detectado — esperando resolución automática...
2026-09-10 03:12:09,899 [INFO]    ✅ Turnstile resuelto
2026-09-10 03:12:20,857 [INFO]    ⏳ Turnstile detectado — esperando resolución automática...
2026-09-10 03:12:20,881 [INFO]    ✅ Turnstile resuelto
2026-09-10 03:12:31,860 [INFO]    ⏳ Turnstile detectado — esperando resolución automática...
2026-09-10 03:12:31,890 [INFO]    ✅ Turnstile resuelto
2026-09-10 03:12:43,136 [INFO]    ⏳ Turnstile detectado — esperando resolución automática...
2026-09-10 03:12:43,178 [INFO]    ✅ Turnstile resuelto
2026-09-10 03:12:54,442 [INFO]    ⏳ Turnstile detectado — esperando resolución automática...
2026-09-10 03:12:54,495 [INFO]    ✅ Turnstile resuelto
2026-09-10 03:13:05,868 [INFO]    ⏳ Turnstile detectado — esperando resolución automática...
2026-09-10 03:13:05,890 [INFO]    ✅ Turnstile resuelto
2026-09-10 03:13:16,720 [INFO]    ⏳ Turnstile detectado — esperando resolución automática...
2026-09-10 03:13:16,743 [INFO]    ✅ Turnstile resuelto
2026-09-10 03:13:20,316 [INFO]    Página 4/5 → https://www.opcionempleo.com.ar/trabajo-desarrollador-backend.html?p=4
2026-09-10 03:13:30,088 [INFO]    ⏳ Turnstile detectado — esperando resolución automática...
2026-09-10 03:13:30,116 [INFO]    ✅ Turnstile resuelto
2026-09-10 03:13:33,857 [INFO]    → 17 ofertas encontradas
2026-09-10 03:13:41,206 [INFO]    ⏳ Turnstile detectado — esperando resolución automática...
2026-09-10 03:13:41,233 [INFO]    ✅ Turnstile resuelto
2026-09-10 03:13:53,052 [INFO]    ⏳ Turnstile detectado — esperando resolución automática...
2026-09-10 03:13:53,087 [INFO]    ✅ Turnstile resuelto
2026-09-10 03:14:04,208 [INFO]    ⏳ Turnstile detectado — esperando resolución automática...
2026-09-10 03:14:04,240 [INFO]    ✅ Turnstile resuelto
2026-09-10 03:14:14,511 [INFO]    ⏳ Turnstile detectado — esperando resolución automática...
2026-09-10 03:14:14,540 [INFO]    ✅ Turnstile resuelto
2026-09-10 03:14:24,669 [INFO]    ⏳ Turnstile detectado — esperando resolución automática...
2026-09-10 03:14:24,693 [INFO]    ✅ Turnstile resuelto
2026-09-10 03:14:36,688 [INFO]    ⏳ Turnstile detectado — esperando resolución automática...
2026-09-10 03:14:36,730 [INFO]    ✅ Turnstile resuelto
2026-09-10 03:14:48,387 [INFO]    ⏳ Turnstile detectado — esperando resolución automática...
2026-09-10 03:14:48,411 [INFO]    ✅ Turnstile resuelto
2026-09-10 03:14:58,705 [INFO]    ⏳ Turnstile detectado — esperando resolución automática...
2026-09-10 03:14:58,756 [INFO]    ✅ Turnstile resuelto
2026-09-10 03:15:10,036 [INFO]    ⏳ Turnstile detectado — esperando resolución automática...
2026-09-10 03:15:10,070 [INFO]    ✅ Turnstile resuelto
2026-09-10 03:15:21,918 [INFO]    ⏳ Turnstile detectado — esperando resolución automática...
2026-09-10 03:15:21,941 [INFO]    ✅ Turnstile resuelto
2026-09-10 03:15:33,766 [INFO]    ⏳ Turnstile detectado — esperando resolución automática...
2026-09-10 03:15:33,803 [INFO]    ✅ Turnstile resuelto
2026-09-10 03:15:45,921 [INFO]    ⏳ Turnstile detectado — esperando resolución automática...
2026-09-10 03:15:45,955 [INFO]    ✅ Turnstile resuelto
2026-09-10 03:15:58,293 [INFO]    ⏳ Turnstile detectado — esperando resolución automática...
2026-09-10 03:15:58,322 [INFO]    ✅ Turnstile resuelto
2026-09-10 03:16:09,120 [INFO]    ⏳ Turnstile detectado — esperando resolución automática...
2026-09-10 03:16:09,147 [INFO]    ✅ Turnstile resuelto
2026-09-10 03:16:19,595 [INFO]    ⏳ Turnstile detectado — esperando resolución automática...
2026-09-10 03:16:19,643 [INFO]    ✅ Turnstile resuelto
2026-09-10 03:16:30,054 [INFO]    ⏳ Turnstile detectado — esperando resolución automática...
2026-09-10 03:16:30,080 [INFO]    ✅ Turnstile resuelto
2026-09-10 03:16:39,948 [INFO]    ⏳ Turnstile detectado — esperando resolución automática...
2026-09-10 03:16:39,974 [INFO]    ✅ Turnstile resuelto
2026-09-10 03:16:43,209 [INFO]    Página 5/5 → https://www.opcionempleo.com.ar/trabajo-desarrollador-backend.html?p=5
2026-09-10 03:16:50,998 [INFO]    ⏳ Turnstile detectado — esperando resolución automática...
2026-09-10 03:16:51,029 [INFO]    ✅ Turnstile resuelto
2026-09-10 03:16:54,910 [INFO]    → 15 ofertas encontradas
2026-09-10 03:17:02,719 [INFO]    ⏳ Turnstile detectado — esperando resolución automática...
2026-09-10 03:17:02,753 [INFO]    ✅ Turnstile resuelto
2026-09-10 03:17:15,015 [INFO]    ⏳ Turnstile detectado — esperando resolución automática...
2026-09-10 03:17:15,053 [INFO]    ✅ Turnstile resuelto
2026-09-10 03:17:26,678 [INFO]    ⏳ Turnstile detectado — esperando resolución automática...
2026-09-10 03:17:26,711 [INFO]    ✅ Turnstile resuelto
2026-09-10 03:17:37,295 [INFO]    ⏳ Turnstile detectado — esperando resolución automática...
2026-09-10 03:17:37,319 [INFO]    ✅ Turnstile resuelto
2026-09-10 03:17:48,827 [INFO]    ⏳ Turnstile detectado — esperando resolución automática...
2026-09-10 03:17:48,883 [INFO]    ✅ Turnstile resuelto
2026-09-10 03:17:58,504 [INFO]    ⏳ Turnstile detectado — esperando resolución automática...
2026-09-10 03:17:58,558 [INFO]    ✅ Turnstile resuelto
2026-09-10 03:18:09,757 [INFO]    ⏳ Turnstile detectado — esperando resolución automática...
2026-09-10 03:18:09,788 [INFO]    ✅ Turnstile resuelto
2026-09-10 03:18:21,919 [INFO]    ⏳ Turnstile detectado — esperando resolución automática...
2026-09-10 03:18:21,952 [INFO]    ✅ Turnstile resuelto
2026-09-10 03:18:33,343 [INFO]    ⏳ Turnstile detectado — esperando resolución automática...
2026-09-10 03:18:33,366 [INFO]    ✅ Turnstile resuelto
2026-09-10 03:18:43,928 [INFO]    ⏳ Turnstile detectado — esperando resolución automática...
2026-09-10 03:18:43,978 [INFO]    ✅ Turnstile resuelto
2026-09-10 03:18:54,783 [INFO]    ⏳ Turnstile detectado — esperando resolución automática...
2026-09-10 03:18:54,809 [INFO]    ✅ Turnstile resuelto
2026-09-10 03:19:06,855 [INFO]    ⏳ Turnstile detectado — esperando resolución automática...
2026-09-10 03:19:06,893 [INFO]    ✅ Turnstile resuelto
2026-09-10 03:19:16,955 [INFO]    ⏳ Turnstile detectado — esperando resolución automática...
2026-09-10 03:19:16,983 [INFO]    ✅ Turnstile resuelto
2026-09-10 03:19:29,177 [INFO]    ⏳ Turnstile detectado — esperando resolución automática...
2026-09-10 03:19:29,203 [INFO]    ✅ Turnstile resuelto
2026-09-10 03:19:40,025 [INFO]    ⏳ Turnstile detectado — esperando resolución automática...
2026-09-10 03:19:40,070 [INFO]    ✅ Turnstile resuelto
2026-09-10 03:19:44,081 [INFO] Exportadas 88 ofertas → /media/carlos-a-cicconi/Common1/Repositorios-Ing.Carlos-Cicconi/Trabajo_Final_MCD/data/raw/ofertas_opcionempleo_20260910.csv
2026-09-10 03:19:44,081 [INFO] ✅ 'Desarrollador Backend': 88 ofertas guardadas
2026-09-10 03:19:44,081 [INFO]    💤 Pausa: 11.6s
2026-09-10 03:19:55,685 [INFO] 
🔍 Buscando: 'Desarrollador Full Stack'
2026-09-10 03:19:55,685 [INFO]    Página 1/5 → https://www.opcionempleo.com.ar/trabajo-desarrollador-full-stack.html
2026-09-10 03:20:05,578 [INFO]    ⏳ Turnstile detectado — esperando resolución automática...
2026-09-10 03:20:05,613 [INFO]    ✅ Turnstile resuelto
2026-09-10 03:20:09,948 [INFO]    → 17 ofertas encontradas
2026-09-10 03:20:17,357 [INFO]    ⏳ Turnstile detectado — esperando resolución automática...
2026-09-10 03:20:17,389 [INFO]    ✅ Turnstile resuelto
2026-09-10 03:20:27,771 [INFO]    ⏳ Turnstile detectado — esperando resolución automática...
2026-09-10 03:20:27,795 [INFO]    ✅ Turnstile resuelto
2026-09-10 03:20:39,645 [INFO]    ⏳ Turnstile detectado — esperando resolución automática...
2026-09-10 03:20:39,697 [INFO]    ✅ Turnstile resuelto
2026-09-10 03:20:51,946 [INFO]    ⏳ Turnstile detectado — esperando resolución automática...
2026-09-10 03:20:51,983 [INFO]    ✅ Turnstile resuelto
2026-09-10 03:21:03,047 [INFO]    ⏳ Turnstile detectado — esperando resolución automática...
2026-09-10 03:21:03,072 [INFO]    ✅ Turnstile resuelto
2026-09-10 03:21:13,142 [INFO]    ⏳ Turnstile detectado — esperando resolución automática...
2026-09-10 03:21:13,167 [INFO]    ✅ Turnstile resuelto
2026-09-10 03:21:24,403 [INFO]    ⏳ Turnstile detectado — esperando resolución automática...
2026-09-10 03:21:24,457 [INFO]    ✅ Turnstile resuelto
2026-09-10 03:21:35,730 [INFO]    ⏳ Turnstile detectado — esperando resolución automática...
2026-09-10 03:21:35,753 [INFO]    ✅ Turnstile resuelto
2026-09-10 03:21:47,277 [INFO]    ⏳ Turnstile detectado — esperando resolución automática...
2026-09-10 03:21:47,300 [INFO]    ✅ Turnstile resuelto
2026-09-10 03:21:58,768 [INFO]    ⏳ Turnstile detectado — esperando resolución automática...
2026-09-10 03:21:58,798 [INFO]    ✅ Turnstile resuelto
2026-09-10 03:22:10,917 [INFO]    ⏳ Turnstile detectado — esperando resolución automática...
2026-09-10 03:22:10,948 [INFO]    ✅ Turnstile resuelto
2026-09-10 03:22:21,620 [INFO]    ⏳ Turnstile detectado — esperando resolución automática...
2026-09-10 03:22:21,665 [INFO]    ✅ Turnstile resuelto
2026-09-10 03:22:32,067 [INFO]    ⏳ Turnstile detectado — esperando resolución automática...
2026-09-10 03:22:32,092 [INFO]    ✅ Turnstile resuelto
2026-09-10 03:22:42,473 [INFO]    ⏳ Turnstile detectado — esperando resolución automática...
2026-09-10 03:22:42,503 [INFO]    ✅ Turnstile resuelto
2026-09-10 03:22:53,041 [INFO]    ⏳ Turnstile detectado — esperando resolución automática...
2026-09-10 03:22:53,070 [INFO]    ✅ Turnstile resuelto
2026-09-10 03:23:03,851 [INFO]    ⏳ Turnstile detectado — esperando resolución automática...
2026-09-10 03:23:03,907 [INFO]    ✅ Turnstile resuelto
2026-09-10 03:23:14,030 [INFO]    ⏳ Turnstile detectado — esperando resolución automática...
2026-09-10 03:23:14,055 [INFO]    ✅ Turnstile resuelto
2026-09-10 03:23:18,061 [INFO]    Página 2/5 → https://www.opcionempleo.com.ar/trabajo-desarrollador-full-stack.html?p=2
2026-09-10 03:23:25,327 [INFO]    ⏳ Turnstile detectado — esperando resolución automática...
2026-09-10 03:23:25,355 [INFO]    ✅ Turnstile resuelto
2026-09-10 03:23:29,824 [INFO]    → 19 ofertas encontradas
2026-09-10 03:23:37,109 [INFO]    ⏳ Turnstile detectado — esperando resolución automática...
2026-09-10 03:23:37,145 [INFO]    ✅ Turnstile resuelto
2026-09-10 03:23:47,778 [INFO]    ⏳ Turnstile detectado — esperando resolución automática...
2026-09-10 03:23:47,839 [INFO]    ✅ Turnstile resuelto
2026-09-10 03:23:57,714 [INFO]    ⏳ Turnstile detectado — esperando resolución automática...
2026-09-10 03:23:57,740 [INFO]    ✅ Turnstile resuelto
2026-09-10 03:24:09,028 [INFO]    ⏳ Turnstile detectado — esperando resolución automática...
2026-09-10 03:24:09,053 [INFO]    ✅ Turnstile resuelto
2026-09-10 03:24:21,074 [INFO]    ⏳ Turnstile detectado — esperando resolución automática...
2026-09-10 03:24:21,101 [INFO]    ✅ Turnstile resuelto
2026-09-10 03:24:32,653 [INFO]    ⏳ Turnstile detectado — esperando resolución automática...
2026-09-10 03:24:32,681 [INFO]    ✅ Turnstile resuelto
2026-09-10 03:24:43,022 [INFO]    ⏳ Turnstile detectado — esperando resolución automática...
2026-09-10 03:24:43,068 [INFO]    ✅ Turnstile resuelto
2026-09-10 03:24:54,981 [INFO]    ⏳ Turnstile detectado — esperando resolución automática...
2026-09-10 03:24:55,016 [INFO]    ✅ Turnstile resuelto
2026-09-10 03:25:05,351 [INFO]    ⏳ Turnstile detectado — esperando resolución automática...
2026-09-10 03:25:05,386 [INFO]    ✅ Turnstile resuelto
2026-09-10 03:25:16,254 [INFO]    ⏳ Turnstile detectado — esperando resolución automática...
2026-09-10 03:25:16,282 [INFO]    ✅ Turnstile resuelto
2026-09-10 03:25:27,810 [INFO]    ⏳ Turnstile detectado — esperando resolución automática...
2026-09-10 03:25:27,868 [INFO]    ✅ Turnstile resuelto
2026-09-10 03:25:40,353 [INFO]    ⏳ Turnstile detectado — esperando resolución automática...
2026-09-10 03:25:40,380 [INFO]    ✅ Turnstile resuelto
2026-09-10 03:25:53,863 [INFO]    ⏳ Turnstile detectado — esperando resolución automática...
2026-09-10 03:25:53,889 [INFO]    ✅ Turnstile resuelto
2026-09-10 03:26:06,049 [INFO]    ⏳ Turnstile detectado — esperando resolución automática...
2026-09-10 03:26:06,080 [INFO]    ✅ Turnstile resuelto
2026-09-10 03:26:18,532 [INFO]    ⏳ Turnstile detectado — esperando resolución automática...
2026-09-10 03:26:18,558 [INFO]    ✅ Turnstile resuelto
2026-09-10 03:26:30,567 [INFO]    ⏳ Turnstile detectado — esperando resolución automática...
2026-09-10 03:26:30,625 [INFO]    ✅ Turnstile resuelto
2026-09-10 03:26:42,357 [INFO]    ⏳ Turnstile detectado — esperando resolución automática...
2026-09-10 03:26:42,389 [INFO]    ✅ Turnstile resuelto
2026-09-10 03:26:55,025 [INFO]    ⏳ Turnstile detectado — esperando resolución automática...
2026-09-10 03:26:55,055 [INFO]    ✅ Turnstile resuelto
2026-09-10 03:27:07,119 [INFO]    ⏳ Turnstile detectado — esperando resolución automática...
2026-09-10 03:27:07,160 [INFO]    ✅ Turnstile resuelto
2026-09-10 03:27:10,669 [INFO]    Página 3/5 → https://www.opcionempleo.com.ar/trabajo-desarrollador-full-stack.html?p=3
2026-09-10 03:27:21,004 [INFO]    ⏳ Turnstile detectado — esperando resolución automática...
2026-09-10 03:27:21,072 [INFO]    ✅ Turnstile resuelto
2026-09-10 03:27:25,379 [INFO]    → 12 ofertas encontradas
2026-09-10 03:27:35,618 [INFO]    ⏳ Turnstile detectado — esperando resolución automática...
2026-09-10 03:27:35,663 [INFO]    ✅ Turnstile resuelto
2026-09-10 03:27:48,157 [INFO]    ⏳ Turnstile detectado — esperando resolución automática...
2026-09-10 03:27:48,182 [INFO]    ✅ Turnstile resuelto
2026-09-10 03:28:00,324 [INFO]    ⏳ Turnstile detectado — esperando resolución automática...
2026-09-10 03:28:00,350 [INFO]    ✅ Turnstile resuelto
2026-09-10 03:28:12,529 [INFO]    ⏳ Turnstile detectado — esperando resolución automática...
2026-09-10 03:28:12,600 [INFO]    ✅ Turnstile resuelto
2026-09-10 03:28:22,459 [INFO]    ⏳ Turnstile detectado — esperando resolución automática...
2026-09-10 03:28:22,492 [INFO]    ✅ Turnstile resuelto
2026-09-10 03:28:32,709 [INFO]    ⏳ Turnstile detectado — esperando resolución automática...
2026-09-10 03:28:32,731 [INFO]    ✅ Turnstile resuelto
2026-09-10 03:28:44,861 [INFO]    ⏳ Turnstile detectado — esperando resolución automática...
2026-09-10 03:28:44,884 [INFO]    ✅ Turnstile resuelto
2026-09-10 03:28:57,159 [INFO]    ⏳ Turnstile detectado — esperando resolución automática...
2026-09-10 03:28:57,215 [INFO]    ✅ Turnstile resuelto
2026-09-10 03:29:09,329 [INFO]    ⏳ Turnstile detectado — esperando resolución automática...
2026-09-10 03:29:09,354 [INFO]    ✅ Turnstile resuelto
2026-09-10 03:29:21,537 [INFO]    ⏳ Turnstile detectado — esperando resolución automática...
2026-09-10 03:29:21,570 [INFO]    ✅ Turnstile resuelto
2026-09-10 03:29:35,780 [INFO]    ⏳ Turnstile detectado — esperando resolución automática...
2026-09-10 03:29:35,824 [INFO]    ✅ Turnstile resuelto
2026-09-10 03:29:46,719 [INFO]    ⏳ Turnstile detectado — esperando resolución automática...
2026-09-10 03:29:46,743 [INFO]    ✅ Turnstile resuelto
2026-09-10 03:29:50,126 [INFO]    Página 4/5 → https://www.opcionempleo.com.ar/trabajo-desarrollador-full-stack.html?p=4
2026-09-10 03:30:00,146 [INFO]    ⏳ Turnstile detectado — esperando resolución automática...
2026-09-10 03:30:00,205 [INFO]    ✅ Turnstile resuelto
2026-09-10 03:30:04,075 [INFO]    → 18 ofertas encontradas
2026-09-10 03:30:11,265 [INFO]    ⏳ Turnstile detectado — esperando resolución automática...
2026-09-10 03:30:11,299 [INFO]    ✅ Turnstile resuelto
2026-09-10 03:30:21,825 [INFO]    ⏳ Turnstile detectado — esperando resolución automática...
2026-09-10 03:30:21,886 [INFO]    ✅ Turnstile resuelto
2026-09-10 03:30:33,025 [INFO]    ⏳ Turnstile detectado — esperando resolución automática...
2026-09-10 03:30:33,056 [INFO]    ✅ Turnstile resuelto
2026-09-10 03:30:43,638 [INFO]    ⏳ Turnstile detectado — esperando resolución automática...
2026-09-10 03:30:43,681 [INFO]    ✅ Turnstile resuelto
2026-09-10 03:30:53,500 [INFO]    ⏳ Turnstile detectado — esperando resolución automática...
2026-09-10 03:30:53,522 [INFO]    ✅ Turnstile resuelto
2026-09-10 03:31:05,410 [INFO]    ⏳ Turnstile detectado — esperando resolución automática...
2026-09-10 03:31:05,441 [INFO]    ✅ Turnstile resuelto
2026-09-10 03:31:15,487 [INFO]    ⏳ Turnstile detectado — esperando resolución automática...
2026-09-10 03:31:15,513 [INFO]    ✅ Turnstile resuelto
2026-09-10 03:31:25,496 [INFO]    ⏳ Turnstile detectado — esperando resolución automática...
2026-09-10 03:31:25,574 [INFO]    ✅ Turnstile resuelto
2026-09-10 03:31:37,224 [INFO]    ⏳ Turnstile detectado — esperando resolución automática...
2026-09-10 03:31:37,247 [INFO]    ✅ Turnstile resuelto
2026-09-10 03:31:48,342 [INFO]    ⏳ Turnstile detectado — esperando resolución automática...
2026-09-10 03:31:48,363 [INFO]    ✅ Turnstile resuelto
2026-09-10 03:31:58,027 [INFO]    ⏳ Turnstile detectado — esperando resolución automática...
2026-09-10 03:31:58,056 [INFO]    ✅ Turnstile resuelto
2026-09-10 03:32:08,568 [INFO]    ⏳ Turnstile detectado — esperando resolución automática...
2026-09-10 03:32:08,609 [INFO]    ✅ Turnstile resuelto
2026-09-10 03:32:19,916 [INFO]    ⏳ Turnstile detectado — esperando resolución automática...
2026-09-10 03:32:19,955 [INFO]    ✅ Turnstile resuelto
2026-09-10 03:32:31,234 [INFO]    ⏳ Turnstile detectado — esperando resolución automática...
2026-09-10 03:32:31,260 [INFO]    ✅ Turnstile resuelto
2026-09-10 03:32:41,145 [INFO]    ⏳ Turnstile detectado — esperando resolución automática...
2026-09-10 03:32:41,170 [INFO]    ✅ Turnstile resuelto
2026-09-10 03:32:52,305 [INFO]    ⏳ Turnstile detectado — esperando resolución automática...
2026-09-10 03:32:52,333 [INFO]    ✅ Turnstile resuelto
2026-09-10 03:33:04,484 [INFO]    ⏳ Turnstile detectado — esperando resolución automática...
2026-09-10 03:33:04,507 [INFO]    ✅ Turnstile resuelto
2026-09-10 03:33:16,273 [INFO]    ⏳ Turnstile detectado — esperando resolución automática...
2026-09-10 03:33:16,299 [INFO]    ✅ Turnstile resuelto
2026-09-10 03:33:19,688 [INFO]    Página 5/5 → https://www.opcionempleo.com.ar/trabajo-desarrollador-full-stack.html?p=5
2026-09-10 03:33:28,432 [INFO]    ⏳ Turnstile detectado — esperando resolución automática...
2026-09-10 03:33:28,464 [INFO]    ✅ Turnstile resuelto
2026-09-10 03:33:32,387 [INFO]    → 16 ofertas encontradas
2026-09-10 03:33:39,303 [INFO]    ⏳ Turnstile detectado — esperando resolución automática...
2026-09-10 03:33:39,332 [INFO]    ✅ Turnstile resuelto
2026-09-10 03:33:49,507 [INFO]    ⏳ Turnstile detectado — esperando resolución automática...
2026-09-10 03:33:49,538 [INFO]    ✅ Turnstile resuelto
2026-09-10 03:34:00,244 [INFO]    ⏳ Turnstile detectado — esperando resolución automática...
2026-09-10 03:34:00,274 [INFO]    ✅ Turnstile resuelto
2026-09-10 03:34:11,547 [INFO]    ⏳ Turnstile detectado — esperando resolución automática...
2026-09-10 03:34:11,587 [INFO]    ✅ Turnstile resuelto
2026-09-10 03:34:22,397 [INFO]    ⏳ Turnstile detectado — esperando resolución automática...
2026-09-10 03:34:22,450 [INFO]    ✅ Turnstile resuelto
2026-09-10 03:34:32,966 [INFO]    ⏳ Turnstile detectado — esperando resolución automática...
2026-09-10 03:34:33,006 [INFO]    ✅ Turnstile resuelto
2026-09-10 03:34:43,513 [INFO]    ⏳ Turnstile detectado — esperando resolución automática...
2026-09-10 03:34:43,541 [INFO]    ✅ Turnstile resuelto
2026-09-10 03:34:55,991 [INFO]    ⏳ Turnstile detectado — esperando resolución automática...
2026-09-10 03:34:56,020 [INFO]    ✅ Turnstile resuelto
2026-09-10 03:35:05,899 [INFO]    ⏳ Turnstile detectado — esperando resolución automática...
2026-09-10 03:35:05,951 [INFO]    ✅ Turnstile resuelto
2026-09-10 03:35:19,163 [INFO]    ⏳ Turnstile detectado — esperando resolución automática...
2026-09-10 03:35:19,192 [INFO]    ✅ Turnstile resuelto
2026-09-10 03:35:31,544 [INFO]    ⏳ Turnstile detectado — esperando resolución automática...
2026-09-10 03:35:31,575 [INFO]    ✅ Turnstile resuelto
2026-09-10 03:35:42,393 [INFO]    ⏳ Turnstile detectado — esperando resolución automática...
2026-09-10 03:35:42,439 [INFO]    ✅ Turnstile resuelto
2026-09-10 03:35:53,270 [INFO]    ⏳ Turnstile detectado — esperando resolución automática...
2026-09-10 03:35:53,310 [INFO]    ✅ Turnstile resuelto
2026-09-10 03:36:05,432 [INFO]    ⏳ Turnstile detectado — esperando resolución automática...
2026-09-10 03:36:05,460 [INFO]    ✅ Turnstile resuelto
2026-09-10 03:36:17,558 [INFO]    ⏳ Turnstile detectado — esperando resolución automática...
2026-09-10 03:36:17,580 [INFO]    ✅ Turnstile resuelto
2026-09-10 03:36:29,864 [INFO]    ⏳ Turnstile detectado — esperando resolución automática...
2026-09-10 03:36:29,892 [INFO]    ✅ Turnstile resuelto
2026-09-10 03:36:33,646 [INFO] Exportadas 82 ofertas → /media/carlos-a-cicconi/Common1/Repositorios-Ing.Carlos-Cicconi/Trabajo_Final_MCD/data/raw/ofertas_opcionempleo_20260910.csv
2026-09-10 03:36:33,646 [INFO] ✅ 'Desarrollador Full Stack': 82 ofertas guardadas
2026-09-10 03:36:33,646 [INFO]    💤 Pausa: 10.1s
2026-09-10 03:36:43,715 [INFO] 
🔍 Buscando: 'Ingeniero de Datos'
2026-09-10 03:36:43,715 [INFO]    Página 1/5 → https://www.opcionempleo.com.ar/trabajo-ingeniero-de-datos.html
2026-09-10 03:36:51,145 [INFO]    ⏳ Turnstile detectado — esperando resolución automática...
2026-09-10 03:36:51,169 [INFO]    ✅ Turnstile resuelto
2026-09-10 03:36:55,670 [INFO]    → 19 ofertas encontradas
2026-09-10 03:37:03,642 [INFO]    ⏳ Turnstile detectado — esperando resolución automática...
2026-09-10 03:37:03,667 [INFO]    ✅ Turnstile resuelto
2026-09-10 03:37:14,644 [INFO]    ⏳ Turnstile detectado — esperando resolución automática...
2026-09-10 03:37:14,673 [INFO]    ✅ Turnstile resuelto
2026-09-10 03:37:26,512 [INFO]    ⏳ Turnstile detectado — esperando resolución automática...
2026-09-10 03:37:26,535 [INFO]    ✅ Turnstile resuelto
2026-09-10 03:37:37,551 [INFO]    ⏳ Turnstile detectado — esperando resolución automática...
2026-09-10 03:37:37,574 [INFO]    ✅ Turnstile resuelto
2026-09-10 03:37:48,358 [INFO]    ⏳ Turnstile detectado — esperando resolución automática...
2026-09-10 03:37:48,399 [INFO]    ✅ Turnstile resuelto
2026-09-10 03:37:59,622 [INFO]    ⏳ Turnstile detectado — esperando resolución automática...
2026-09-10 03:37:59,653 [INFO]    ✅ Turnstile resuelto
2026-09-10 03:38:11,059 [INFO]    ⏳ Turnstile detectado — esperando resolución automática...
2026-09-10 03:38:11,085 [INFO]    ✅ Turnstile resuelto
2026-09-10 03:38:23,163 [INFO]    ⏳ Turnstile detectado — esperando resolución automática...
2026-09-10 03:38:23,190 [INFO]    ✅ Turnstile resuelto
2026-09-10 03:38:34,539 [INFO]    ⏳ Turnstile detectado — esperando resolución automática...
2026-09-10 03:38:34,568 [INFO]    ✅ Turnstile resuelto
2026-09-10 03:38:44,429 [INFO]    ⏳ Turnstile detectado — esperando resolución automática...
2026-09-10 03:38:44,487 [INFO]    ✅ Turnstile resuelto
2026-09-10 03:38:54,197 [INFO]    ⏳ Turnstile detectado — esperando resolución automática...
2026-09-10 03:38:54,226 [INFO]    ✅ Turnstile resuelto
2026-09-10 03:39:06,172 [INFO]    ⏳ Turnstile detectado — esperando resolución automática...
2026-09-10 03:39:06,193 [INFO]    ✅ Turnstile resuelto
2026-09-10 03:39:16,707 [INFO]    ⏳ Turnstile detectado — esperando resolución automática...
2026-09-10 03:39:16,734 [INFO]    ✅ Turnstile resuelto
2026-09-10 03:39:28,569 [INFO]    ⏳ Turnstile detectado — esperando resolución automática...
2026-09-10 03:39:28,620 [INFO]    ✅ Turnstile resuelto
2026-09-10 03:39:39,347 [INFO]    ⏳ Turnstile detectado — esperando resolución automática...
2026-09-10 03:39:39,379 [INFO]    ✅ Turnstile resuelto
2026-09-10 03:39:50,101 [INFO]    ⏳ Turnstile detectado — esperando resolución automática...
2026-09-10 03:39:50,132 [INFO]    ✅ Turnstile resuelto
2026-09-10 03:39:59,786 [INFO]    ⏳ Turnstile detectado — esperando resolución automática...
2026-09-10 03:39:59,835 [INFO]    ✅ Turnstile resuelto
2026-09-10 03:40:11,201 [INFO]    ⏳ Turnstile detectado — esperando resolución automática...
2026-09-10 03:40:11,225 [INFO]    ✅ Turnstile resuelto
2026-09-10 03:40:22,096 [INFO]    ⏳ Turnstile detectado — esperando resolución automática...
2026-09-10 03:40:22,144 [INFO]    ✅ Turnstile resuelto
2026-09-10 03:40:26,110 [INFO]    Página 2/5 → https://www.opcionempleo.com.ar/trabajo-ingeniero-de-datos.html?p=2
2026-09-10 03:40:35,912 [INFO]    ⏳ Turnstile detectado — esperando resolución automática...
2026-09-10 03:40:35,965 [INFO]    ✅ Turnstile resuelto
2026-09-10 03:40:40,605 [INFO]    → 17 ofertas encontradas
2026-09-10 03:40:48,224 [INFO]    ⏳ Turnstile detectado — esperando resolución automática...
2026-09-10 03:40:48,252 [INFO]    ✅ Turnstile resuelto
2026-09-10 03:40:59,583 [INFO]    ⏳ Turnstile detectado — esperando resolución automática...
2026-09-10 03:40:59,612 [INFO]    ✅ Turnstile resuelto
2026-09-10 03:41:09,612 [INFO]    ⏳ Turnstile detectado — esperando resolución automática...
2026-09-10 03:41:09,658 [INFO]    ✅ Turnstile resuelto
2026-09-10 03:41:19,517 [INFO]    ⏳ Turnstile detectado — esperando resolución automática...
2026-09-10 03:41:19,552 [INFO]    ✅ Turnstile resuelto
2026-09-10 03:41:31,774 [INFO]    ⏳ Turnstile detectado — esperando resolución automática...
2026-09-10 03:41:31,806 [INFO]    ✅ Turnstile resuelto
2026-09-10 03:41:41,766 [INFO]    ⏳ Turnstile detectado — esperando resolución automática...
2026-09-10 03:41:41,793 [INFO]    ✅ Turnstile resuelto
2026-09-10 03:41:51,612 [INFO]    ⏳ Turnstile detectado — esperando resolución automática...
2026-09-10 03:41:51,653 [INFO]    ✅ Turnstile resuelto
2026-09-10 03:42:01,679 [INFO]    ⏳ Turnstile detectado — esperando resolución automática...
2026-09-10 03:42:01,726 [INFO]    ✅ Turnstile resuelto
2026-09-10 03:42:13,619 [INFO]    ⏳ Turnstile detectado — esperando resolución automática...
2026-09-10 03:42:13,650 [INFO]    ✅ Turnstile resuelto
2026-09-10 03:42:24,565 [INFO]    ⏳ Turnstile detectado — esperando resolución automática...
2026-09-10 03:42:24,625 [INFO]    ✅ Turnstile resuelto
2026-09-10 03:42:34,570 [INFO]    ⏳ Turnstile detectado — esperando resolución automática...
2026-09-10 03:42:34,603 [INFO]    ✅ Turnstile resuelto
2026-09-10 03:42:45,631 [INFO]    ⏳ Turnstile detectado — esperando resolución automática...
2026-09-10 03:42:45,662 [INFO]    ✅ Turnstile resuelto
2026-09-10 03:42:57,595 [INFO]    ⏳ Turnstile detectado — esperando resolución automática...
2026-09-10 03:42:57,623 [INFO]    ✅ Turnstile resuelto
2026-09-10 03:43:10,084 [INFO]    ⏳ Turnstile detectado — esperando resolución automática...
2026-09-10 03:43:10,106 [INFO]    ✅ Turnstile resuelto
2026-09-10 03:43:20,167 [INFO]    ⏳ Turnstile detectado — esperando resolución automática...
2026-09-10 03:43:20,193 [INFO]    ✅ Turnstile resuelto
2026-09-10 03:43:29,965 [INFO]    ⏳ Turnstile detectado — esperando resolución automática...
2026-09-10 03:43:29,997 [INFO]    ✅ Turnstile resuelto
2026-09-10 03:43:41,428 [INFO]    ⏳ Turnstile detectado — esperando resolución automática...
2026-09-10 03:43:41,476 [INFO]    ✅ Turnstile resuelto
2026-09-10 03:43:45,325 [INFO]    Página 3/5 → https://www.opcionempleo.com.ar/trabajo-ingeniero-de-datos.html?p=3
2026-09-10 03:43:53,712 [INFO]    ⏳ Turnstile detectado — esperando resolución automática...
2026-09-10 03:43:53,753 [INFO]    ✅ Turnstile resuelto
2026-09-10 03:43:58,397 [INFO]    → 20 ofertas encontradas
2026-09-10 03:44:04,922 [INFO]    ⏳ Turnstile detectado — esperando resolución automática...
2026-09-10 03:44:04,956 [INFO]    ✅ Turnstile resuelto
2026-09-10 03:44:16,908 [INFO]    ⏳ Turnstile detectado — esperando resolución automática...
2026-09-10 03:44:16,950 [INFO]    ✅ Turnstile resuelto
2026-09-10 03:44:29,158 [INFO]    ⏳ Turnstile detectado — esperando resolución automática...
2026-09-10 03:44:29,195 [INFO]    ✅ Turnstile resuelto
2026-09-10 03:44:41,578 [INFO]    ⏳ Turnstile detectado — esperando resolución automática...
2026-09-10 03:44:41,618 [INFO]    ✅ Turnstile resuelto
2026-09-10 03:44:53,362 [INFO]    ⏳ Turnstile detectado — esperando resolución automática...
2026-09-10 03:44:53,393 [INFO]    ✅ Turnstile resuelto
2026-09-10 03:45:04,597 [INFO]    ⏳ Turnstile detectado — esperando resolución automática...
2026-09-10 03:45:04,640 [INFO]    ✅ Turnstile resuelto
2026-09-10 03:45:16,370 [INFO]    ⏳ Turnstile detectado — esperando resolución automática...
2026-09-10 03:45:16,396 [INFO]    ✅ Turnstile resuelto
2026-09-10 03:45:28,860 [INFO]    ⏳ Turnstile detectado — esperando resolución automática...
2026-09-10 03:45:28,930 [INFO]    ✅ Turnstile resuelto
2026-09-10 03:45:40,628 [INFO]    ⏳ Turnstile detectado — esperando resolución automática...
2026-09-10 03:45:40,662 [INFO]    ✅ Turnstile resuelto
2026-09-10 03:45:53,440 [INFO]    ⏳ Turnstile detectado — esperando resolución automática...
2026-09-10 03:45:53,469 [INFO]    ✅ Turnstile resuelto
2026-09-10 03:46:04,877 [INFO]    ⏳ Turnstile detectado — esperando resolución automática...
2026-09-10 03:46:04,911 [INFO]    ✅ Turnstile resuelto
2026-09-10 03:46:16,710 [INFO]    ⏳ Turnstile detectado — esperando resolución automática...
2026-09-10 03:46:16,744 [INFO]    ✅ Turnstile resuelto
2026-09-10 03:46:27,927 [INFO]    ⏳ Turnstile detectado — esperando resolución automática...
2026-09-10 03:46:28,030 [INFO]    ✅ Turnstile resuelto
2026-09-10 03:46:39,531 [INFO]    ⏳ Turnstile detectado — esperando resolución automática...
2026-09-10 03:46:39,559 [INFO]    ✅ Turnstile resuelto
2026-09-10 03:46:50,257 [INFO]    ⏳ Turnstile detectado — esperando resolución automática...
2026-09-10 03:46:50,291 [INFO]    ✅ Turnstile resuelto
2026-09-10 03:47:01,554 [INFO]    ⏳ Turnstile detectado — esperando resolución automática...
2026-09-10 03:47:01,582 [INFO]    ✅ Turnstile resuelto
2026-09-10 03:47:12,577 [INFO]    ⏳ Turnstile detectado — esperando resolución automática...
2026-09-10 03:47:12,619 [INFO]    ✅ Turnstile resuelto
2026-09-10 03:47:22,518 [INFO]    ⏳ Turnstile detectado — esperando resolución automática...
2026-09-10 03:47:22,548 [INFO]    ✅ Turnstile resuelto
2026-09-10 03:47:32,969 [INFO]    ⏳ Turnstile detectado — esperando resolución automática...
2026-09-10 03:47:32,997 [INFO]    ✅ Turnstile resuelto
2026-09-10 03:47:44,804 [INFO]    ⏳ Turnstile detectado — esperando resolución automática...
2026-09-10 03:47:44,837 [INFO]    ✅ Turnstile resuelto
2026-09-10 03:47:48,855 [INFO]    Página 4/5 → https://www.opcionempleo.com.ar/trabajo-ingeniero-de-datos.html?p=4
2026-09-10 03:47:58,339 [INFO]    ⏳ Turnstile detectado — esperando resolución automática...
2026-09-10 03:47:58,395 [INFO]    ✅ Turnstile resuelto
2026-09-10 03:48:02,103 [INFO]    → 20 ofertas encontradas
2026-09-10 03:48:09,589 [INFO]    ⏳ Turnstile detectado — esperando resolución automática...
2026-09-10 03:48:09,617 [INFO]    ✅ Turnstile resuelto
2026-09-10 03:48:20,591 [INFO]    ⏳ Turnstile detectado — esperando resolución automática...
2026-09-10 03:48:20,617 [INFO]    ✅ Turnstile resuelto
2026-09-10 03:48:30,507 [INFO]    ⏳ Turnstile detectado — esperando resolución automática...
2026-09-10 03:48:30,531 [INFO]    ✅ Turnstile resuelto
2026-09-10 03:48:42,625 [INFO]    ⏳ Turnstile detectado — esperando resolución automática...
2026-09-10 03:48:42,686 [INFO]    ✅ Turnstile resuelto
2026-09-10 03:48:53,882 [INFO]    ⏳ Turnstile detectado — esperando resolución automática...
2026-09-10 03:48:53,907 [INFO]    ✅ Turnstile resuelto
2026-09-10 03:49:03,515 [INFO]    ⏳ Turnstile detectado — esperando resolución automática...
2026-09-10 03:49:03,538 [INFO]    ✅ Turnstile resuelto
2026-09-10 03:49:14,214 [INFO]    ⏳ Turnstile detectado — esperando resolución automática...
2026-09-10 03:49:14,245 [INFO]    ✅ Turnstile resuelto
2026-09-10 03:49:25,456 [INFO]    ⏳ Turnstile detectado — esperando resolución automática...
2026-09-10 03:49:25,504 [INFO]    ✅ Turnstile resuelto
2026-09-10 03:49:37,465 [INFO]    ⏳ Turnstile detectado — esperando resolución automática...
2026-09-10 03:49:37,502 [INFO]    ✅ Turnstile resuelto
2026-09-10 03:49:48,814 [INFO]    ⏳ Turnstile detectado — esperando resolución automática...
2026-09-10 03:49:48,850 [INFO]    ✅ Turnstile resuelto
2026-09-10 03:50:00,710 [INFO]    ⏳ Turnstile detectado — esperando resolución automática...
2026-09-10 03:50:00,739 [INFO]    ✅ Turnstile resuelto
2026-09-10 03:50:11,848 [INFO]    ⏳ Turnstile detectado — esperando resolución automática...
2026-09-10 03:50:11,905 [INFO]    ✅ Turnstile resuelto
2026-09-10 03:50:23,389 [INFO]    ⏳ Turnstile detectado — esperando resolución automática...
2026-09-10 03:50:23,416 [INFO]    ✅ Turnstile resuelto
2026-09-10 03:50:34,865 [INFO]    ⏳ Turnstile detectado — esperando resolución automática...
2026-09-10 03:50:34,892 [INFO]    ✅ Turnstile resuelto
2026-09-10 03:50:45,770 [INFO]    ⏳ Turnstile detectado — esperando resolución automática...
2026-09-10 03:50:45,804 [INFO]    ✅ Turnstile resuelto
2026-09-10 03:50:57,379 [INFO]    ⏳ Turnstile detectado — esperando resolución automática...
2026-09-10 03:50:57,405 [INFO]    ✅ Turnstile resuelto
2026-09-10 03:51:07,723 [INFO]    ⏳ Turnstile detectado — esperando resolución automática...
2026-09-10 03:51:07,765 [INFO]    ✅ Turnstile resuelto
2026-09-10 03:51:19,574 [INFO]    ⏳ Turnstile detectado — esperando resolución automática...
2026-09-10 03:51:19,600 [INFO]    ✅ Turnstile resuelto
2026-09-10 03:51:31,379 [INFO]    ⏳ Turnstile detectado — esperando resolución automática...
2026-09-10 03:51:31,415 [INFO]    ✅ Turnstile resuelto
2026-09-10 03:51:42,114 [INFO]    ⏳ Turnstile detectado — esperando resolución automática...
2026-09-10 03:51:42,147 [INFO]    ✅ Turnstile resuelto
2026-09-10 03:51:45,835 [INFO]    Página 5/5 → https://www.opcionempleo.com.ar/trabajo-ingeniero-de-datos.html?p=5
2026-09-10 03:51:53,547 [INFO]    ⏳ Turnstile detectado — esperando resolución automática...
2026-09-10 03:51:53,575 [INFO]    ✅ Turnstile resuelto
2026-09-10 03:51:57,740 [INFO]    → 19 ofertas encontradas
2026-09-10 03:52:05,660 [INFO]    ⏳ Turnstile detectado — esperando resolución automática...
2026-09-10 03:52:05,686 [INFO]    ✅ Turnstile resuelto
2026-09-10 03:52:16,548 [INFO]    ⏳ Turnstile detectado — esperando resolución automática...
2026-09-10 03:52:16,584 [INFO]    ✅ Turnstile resuelto
2026-09-10 03:52:26,230 [INFO]    ⏳ Turnstile detectado — esperando resolución automática...
2026-09-10 03:52:26,270 [INFO]    ✅ Turnstile resuelto
2026-09-10 03:52:38,245 [INFO]    ⏳ Turnstile detectado — esperando resolución automática...
2026-09-10 03:52:38,277 [INFO]    ✅ Turnstile resuelto
2026-09-10 03:52:49,071 [INFO]    ⏳ Turnstile detectado — esperando resolución automática...
2026-09-10 03:52:49,097 [INFO]    ✅ Turnstile resuelto
2026-09-10 03:53:00,954 [INFO]    ⏳ Turnstile detectado — esperando resolución automática...
2026-09-10 03:53:00,978 [INFO]    ✅ Turnstile resuelto
2026-09-10 03:53:12,546 [INFO]    ⏳ Turnstile detectado — esperando resolución automática...
2026-09-10 03:53:12,583 [INFO]    ✅ Turnstile resuelto
2026-09-10 03:53:24,219 [INFO]    ⏳ Turnstile detectado — esperando resolución automática...
2026-09-10 03:53:24,245 [INFO]    ✅ Turnstile resuelto
2026-09-10 03:53:34,782 [INFO]    ⏳ Turnstile detectado — esperando resolución automática...
2026-09-10 03:53:34,828 [INFO]    ✅ Turnstile resuelto
2026-09-10 03:53:46,518 [INFO]    ⏳ Turnstile detectado — esperando resolución automática...
2026-09-10 03:53:46,544 [INFO]    ✅ Turnstile resuelto
2026-09-10 03:54:00,662 [INFO]    ⏳ Turnstile detectado — esperando resolución automática...
2026-09-10 03:54:00,687 [INFO]    ✅ Turnstile resuelto
2026-09-10 03:54:14,821 [INFO]    ⏳ Turnstile detectado — esperando resolución automática...
2026-09-10 03:54:14,854 [INFO]    ✅ Turnstile resuelto
2026-09-10 03:54:26,905 [INFO]    ⏳ Turnstile detectado — esperando resolución automática...
2026-09-10 03:54:26,950 [INFO]    ✅ Turnstile resuelto
2026-09-10 03:54:39,366 [INFO]    ⏳ Turnstile detectado — esperando resolución automática...
2026-09-10 03:54:39,408 [INFO]    ✅ Turnstile resuelto
2026-09-10 03:54:49,703 [INFO]    ⏳ Turnstile detectado — esperando resolución automática...
2026-09-10 03:54:49,734 [INFO]    ✅ Turnstile resuelto
2026-09-10 03:55:00,783 [INFO]    ⏳ Turnstile detectado — esperando resolución automática...
2026-09-10 03:55:00,813 [INFO]    ✅ Turnstile resuelto
2026-09-10 03:55:12,057 [INFO]    ⏳ Turnstile detectado — esperando resolución automática...
2026-09-10 03:55:12,135 [INFO]    ✅ Turnstile resuelto
2026-09-10 03:55:25,153 [INFO]    ⏳ Turnstile detectado — esperando resolución automática...
2026-09-10 03:55:25,179 [INFO]    ✅ Turnstile resuelto
2026-09-10 03:55:36,094 [INFO]    ⏳ Turnstile detectado — esperando resolución automática...
2026-09-10 03:55:36,140 [INFO]    ✅ Turnstile resuelto
2026-09-10 03:55:39,587 [INFO] Exportadas 95 ofertas → /media/carlos-a-cicconi/Common1/Repositorios-Ing.Carlos-Cicconi/Trabajo_Final_MCD/data/raw/ofertas_opcionempleo_20260910.csv
2026-09-10 03:55:39,587 [INFO] ✅ 'Ingeniero de Datos': 95 ofertas guardadas
2026-09-10 03:55:39,587 [INFO]    💤 Pausa: 12.2s
2026-09-10 03:55:52,331 [INFO] 
============================================================
2026-09-10 03:55:52,331 [INFO] SCRAPING FINALIZADO - OpcionEmpleo Argentina
2026-09-10 03:55:52,331 [INFO] Total ofertas únicas: 892
2026-09-10 03:55:52,331 [INFO] DB : /media/carlos-a-cicconi/Common1/Repositorios-Ing.Carlos-Cicconi/Trabajo_Final_MCD/data/raw/db_opcionempleo.db
2026-09-10 03:55:52,331 [INFO] CSV: /media/carlos-a-cicconi/Common1/Repositorios-Ing.Carlos-Cicconi/Trabajo_Final_MCD/data/raw/ofertas_opcionempleo_20260910.csv
2026-09-10 03:55:52,331 [INFO] Log: /media/carlos-a-cicconi/Common1/Repositorios-Ing.Carlos-Cicconi/Trabajo_Final_MCD/logs/opcionempleo_20260910_005823.log
2026-09-10 03:55:52,331 [INFO] ============================================================
2026-09-10 03:55:52,332 [INFO]   ✅ opcionempleo: 892 ofertas recopiladas
2026-09-10 03:55:52,333 [INFO] 
============================================================
2026-09-10 03:55:52,333 [INFO]   EJECUTANDO: jobrapido (JobrapidoScraper)
2026-09-10 03:55:52,333 [INFO]   Queries: definidas en el módulo
2026-09-10 03:55:52,333 [INFO] ============================================================
2026-09-10 03:55:52,396 [INFO] DB lista: /media/carlos-a-cicconi/Common1/Repositorios-Ing.Carlos-Cicconi/Trabajo_Final_MCD/data/raw/db_jobrapido.db
2026-09-10 03:55:52,397 [INFO] Ejecutando diagnóstico de Jobrapido...
2026-09-10 03:55:58,018 [INFO]   https://ar.jobrapido.com/Ofertas-de-trabajo-para-Python?l=Argentina → HTTP 200 | 372,008 chars
2026-09-10 03:55:58,138 [INFO]   <title>: Bolsa trabajo para Python, ofertas empleo | Jobrapido.com
2026-09-10 03:55:58,139 [INFO]   JS-only:False
2026-09-10 03:55:58,146 [INFO]   Clase 'job': 56 | ejemplo: search google-one-tap-enabled smartphone-banner-enabled not-
2026-09-10 03:55:58,151 [INFO]   Clase 'result': 261 | ejemplo: wrapper result-list
2026-09-10 03:55:58,165 [INFO]   Clase 'item': 289 | ejemplo: suggested-locations-item
2026-09-10 03:55:58,175 [INFO]   Links de oferta: 20
2026-09-10 03:55:58,175 [INFO]     https://open.app.jobrapido.com/ar/3705923438423048192/?w=python&l=&oc=sponsored&k=web.1.1.0&uuid=arF001a08a50f5f8ac8d&page_item_id=-1380132032 | Open job preview for: Senior Python Engineer  - Rosario
2026-09-10 03:55:58,175 [INFO]     https://open.app.jobrapido.com/ar/1716458285852262400/?w=python&l=&oc=sponsored&k=web.1.1.1&uuid=arF001a08a50f5f8ac8d&page_item_id=1724858324 | Open job preview for: Desarrollador/a Fullstack (React + Pyt
2026-09-10 03:55:58,175 [INFO]     https://open.app.jobrapido.com/ar/8297758375706361856/?w=python&l=&oc=sponsored&k=web.1.1.2&uuid=arF001a08a50f5f8ac8d&page_item_id=-1221126027 | Open job preview for: Senior Full Stack Engineer — Python/Re
2026-09-10 03:55:58,182 [INFO]   Paginación: 1
2026-09-10 03:55:58,183 [INFO] JobrapidoScraper inicializado
2026-09-10 03:55:58,183 [INFO] ============================================================
2026-09-10 03:55:58,183 [INFO] INICIO - Jobrapido Argentina
2026-09-10 03:55:58,183 [INFO] 
🔍 'Data Scientist'
2026-09-10 03:55:58,183 [INFO]    Página 1/5
2026-09-10 03:56:03,755 [INFO]    → 20 encontradas
2026-09-10 03:58:08,293 [INFO]    Página 2/5
2026-09-10 03:58:11,839 [INFO]    → 20 encontradas
2026-09-10 04:00:09,641 [INFO]    Página 3/5
2026-09-10 04:00:33,882 [ERROR] Error (intento 1): HTTPSConnectionPool(host='ar.jobrapido.com', port=443): Read timed out. (read timeout=20)
2026-09-10 04:01:07,266 [ERROR] Error (intento 2): HTTPSConnectionPool(host='ar.jobrapido.com', port=443): Read timed out. (read timeout=20)
2026-09-10 04:01:32,701 [INFO]    → 5 encontradas
2026-09-10 04:02:06,075 [INFO]    Página 4/5
2026-09-10 04:02:12,110 [INFO]    → 15 encontradas
2026-09-10 04:03:45,613 [INFO]    Página 5/5
2026-09-10 04:03:51,633 [INFO]    → 15 encontradas
2026-09-10 04:05:28,033 [INFO] CSV: 75 exportadas
2026-09-10 04:05:28,034 [INFO] ✅ 'Data Scientist': 75 guardadas
2026-09-10 04:05:35,394 [INFO] 
🔍 'Data Analyst'
2026-09-10 04:05:35,394 [INFO]    Página 1/5
2026-09-10 04:05:41,447 [INFO]    → 20 encontradas
2026-09-10 04:07:41,756 [INFO]    Página 2/5
2026-09-10 04:07:46,127 [INFO]    → 20 encontradas
2026-09-10 04:09:53,323 [INFO]    Página 3/5
2026-09-10 04:09:59,093 [INFO]    → 20 encontradas
2026-09-10 04:11:59,297 [INFO]    Página 4/5
2026-09-10 04:12:04,623 [INFO]    → 19 encontradas
2026-09-10 04:14:01,234 [INFO]    Página 5/5
2026-09-10 04:14:07,525 [INFO]    → 1 encontradas
2026-09-10 04:14:13,907 [INFO] CSV: 80 exportadas
2026-09-10 04:14:13,907 [INFO] ✅ 'Data Analyst': 80 guardadas
2026-09-10 04:14:19,150 [INFO] 
🔍 'Machine Learning Engineer'
2026-09-10 04:14:19,150 [INFO]    Página 1/5
2026-09-10 04:14:25,272 [INFO]    → 11 encontradas
2026-09-10 04:15:33,780 [INFO]    Página 2/5
2026-09-10 04:15:38,118 [INFO]    → 20 encontradas
2026-09-10 04:17:46,509 [INFO]    Página 3/5
2026-09-10 04:17:51,839 [INFO]    → 18 encontradas
2026-09-10 04:19:45,376 [INFO]    Página 4/5
2026-09-10 04:19:50,002 [INFO]    → 17 encontradas
2026-09-10 04:21:37,423 [INFO]    Página 5/5
2026-09-10 04:21:43,667 [INFO]    → 20 encontradas
2026-09-10 04:23:44,800 [INFO] CSV: 86 exportadas
2026-09-10 04:23:44,800 [INFO] ✅ 'Machine Learning Engineer': 86 guardadas
2026-09-10 04:23:52,645 [INFO] 
🔍 'NLP Engineer'
2026-09-10 04:23:52,646 [INFO]    Página 1/5
2026-09-10 04:23:56,946 [INFO]    → 11 encontradas
2026-09-10 04:25:03,849 [INFO]    Página 2/5
2026-09-10 04:25:08,694 [INFO]    → 7 encontradas
2026-09-10 04:25:53,825 [INFO]    Página 3/5
2026-09-10 04:25:58,962 [INFO]    → 12 encontradas
2026-09-10 04:27:17,529 [INFO]    Página 4/5
2026-09-10 04:27:23,245 [INFO]    → 20 encontradas
2026-09-10 04:29:43,185 [INFO]    Página 5/5
2026-09-10 04:29:48,628 [WARNING]    Sin ofertas — HTML guardado en diagnostico/
2026-09-10 04:29:48,628 [INFO]    → 0 encontradas
2026-09-10 04:29:48,633 [INFO] CSV: 50 exportadas
2026-09-10 04:29:48,633 [INFO] ✅ 'NLP Engineer': 50 guardadas
2026-09-10 04:29:56,190 [INFO] 
🔍 'Data Engineer'
2026-09-10 04:29:56,190 [INFO]    Página 1/5
2026-09-10 04:30:01,404 [INFO]    → 18 encontradas
2026-09-10 04:31:45,877 [INFO]    Página 2/5
2026-09-10 04:31:50,618 [INFO]    → 10 encontradas
2026-09-10 04:32:50,738 [INFO]    Página 3/5
2026-09-10 04:32:56,754 [INFO]    → 15 encontradas
2026-09-10 04:34:28,795 [INFO]    Página 4/5
2026-09-10 04:34:34,617 [INFO]    → 20 encontradas
2026-09-10 04:36:40,645 [INFO]    Página 5/5
2026-09-10 04:36:46,938 [INFO]    → 18 encontradas
2026-09-10 04:38:41,305 [INFO] CSV: 81 exportadas
2026-09-10 04:38:41,306 [INFO] ✅ 'Data Engineer': 81 guardadas
2026-09-10 04:38:48,379 [INFO] 
🔍 'Software Engineer'
2026-09-10 04:38:48,380 [INFO]    Página 1/5
2026-09-10 04:38:53,900 [INFO]    → 13 encontradas
2026-09-10 04:40:14,086 [INFO]    Página 2/5
2026-09-10 04:40:18,998 [INFO]    → 6 encontradas
2026-09-10 04:40:52,426 [INFO]    Página 3/5
2026-09-10 04:40:56,540 [INFO]    → 1 encontradas
2026-09-10 04:41:01,382 [INFO]    Página 4/5
2026-09-10 04:41:06,906 [INFO]    → 11 encontradas
2026-09-10 04:42:16,376 [INFO]    Página 5/5
2026-09-10 04:42:22,141 [INFO]    → 16 encontradas
2026-09-10 04:44:01,691 [INFO] CSV: 47 exportadas
2026-09-10 04:44:01,692 [INFO] ✅ 'Software Engineer': 47 guardadas
2026-09-10 04:44:08,250 [INFO] 
🔍 'Python Developer'
2026-09-10 04:44:08,250 [INFO]    Página 1/5
2026-09-10 04:44:13,956 [INFO]    → 9 encontradas
2026-09-10 04:45:09,815 [INFO]    Página 2/5
2026-09-10 04:45:15,447 [INFO]    → 3 encontradas
2026-09-10 04:45:32,386 [INFO]    Página 3/5
2026-09-10 04:45:36,978 [INFO]    → 6 encontradas
2026-09-10 04:46:12,860 [INFO]    Página 4/5
2026-09-10 04:46:18,574 [INFO]    → 9 encontradas
2026-09-10 04:47:13,583 [INFO]    Página 5/5
2026-09-10 04:47:20,277 [INFO]    → 12 encontradas
2026-09-10 04:48:32,891 [INFO] CSV: 39 exportadas
2026-09-10 04:48:32,892 [INFO] ✅ 'Python Developer': 39 guardadas
2026-09-10 04:48:38,615 [INFO] 
🔍 'Desarrollador Backend'
2026-09-10 04:48:38,615 [INFO]    Página 1/5
2026-09-10 04:48:44,093 [INFO]    → 19 encontradas
2026-09-10 04:50:48,170 [INFO]    Página 2/5
2026-09-10 04:50:53,810 [INFO]    → 20 encontradas
2026-09-10 04:52:53,420 [INFO]    Página 3/5
2026-09-10 04:52:59,489 [INFO]    → 20 encontradas
2026-09-10 04:55:05,161 [INFO]    Página 4/5
2026-09-10 04:55:10,622 [INFO]    → 1 encontradas
2026-09-10 04:55:16,306 [INFO]    Página 5/5
2026-09-10 04:55:19,802 [INFO]    → 20 encontradas
2026-09-10 04:57:20,881 [INFO] CSV: 80 exportadas
2026-09-10 04:57:20,881 [INFO] ✅ 'Desarrollador Backend': 80 guardadas
2026-09-10 04:57:29,647 [INFO] 
🔍 'Desarrollador Full Stack'
2026-09-10 04:57:29,648 [INFO]    Página 1/5
2026-09-10 04:57:34,980 [INFO]    → 13 encontradas
2026-09-10 04:58:56,826 [INFO]    Página 2/5
2026-09-10 04:59:01,901 [INFO]    → 17 encontradas
2026-09-10 05:00:51,900 [INFO]    Página 3/5
2026-09-10 05:00:55,244 [INFO]    → 5 encontradas
2026-09-10 05:01:32,148 [INFO]    Página 4/5
2026-09-10 05:01:35,883 [INFO]    → 15 encontradas
2026-09-10 05:03:23,512 [INFO]    Página 5/5
2026-09-10 05:03:27,170 [INFO]    → 20 encontradas
2026-09-10 05:05:28,635 [ERROR] Error (intento 1): ('Connection aborted.', RemoteDisconnected('Remote end closed connection without response'))
2026-09-10 05:05:49,902 [ERROR] Error (intento 1): ('Connection aborted.', RemoteDisconnected('Remote end closed connection without response'))
2026-09-10 05:06:28,839 [INFO] CSV: 70 exportadas
2026-09-10 05:06:28,839 [INFO] ✅ 'Desarrollador Full Stack': 70 guardadas
2026-09-10 05:06:36,591 [INFO] 
🔍 'Ingeniero de Datos'
2026-09-10 05:06:36,592 [INFO]    Página 1/5
2026-09-10 05:06:39,815 [INFO]    → 17 encontradas
2026-09-10 05:08:16,558 [INFO]    Página 2/5
2026-09-10 05:08:22,747 [INFO]    → 10 encontradas
2026-09-10 05:09:18,835 [INFO]    Página 3/5
2026-09-10 05:09:23,328 [INFO]    → 15 encontradas
2026-09-10 05:10:50,229 [INFO]    Página 4/5
2026-09-10 05:10:54,979 [INFO]    → 15 encontradas
2026-09-10 05:12:28,697 [INFO]    Página 5/5
2026-09-10 05:12:34,219 [INFO]    → 14 encontradas
2026-09-10 05:14:05,318 [INFO] CSV: 71 exportadas
2026-09-10 05:14:05,319 [INFO] ✅ 'Ingeniero de Datos': 71 guardadas
2026-09-10 05:14:11,330 [INFO] 
============================================================
FINALIZADO — 679 ofertas
2026-09-10 05:14:11,340 [INFO]   ✅ jobrapido: 679 ofertas recopiladas
2026-09-10 05:14:11,355 [INFO] 
============================================================
2026-09-10 05:14:11,356 [INFO]   EJECUTANDO: freelancer_ar (FreelancerArScraper)
2026-09-10 05:14:11,357 [INFO]   Queries: definidas en el módulo
2026-09-10 05:14:11,357 [INFO] ============================================================
2026-09-10 05:14:11,384 [INFO] Base de datos lista: /media/carlos-a-cicconi/Common1/Repositorios-Ing.Carlos-Cicconi/Trabajo_Final_MCD/data/raw/db_freelancer_ar.db
2026-09-10 05:14:11,385 [INFO] FreelancerArScraper inicializado correctamente
2026-09-10 05:14:11,386 [INFO] ============================================================
2026-09-10 05:14:11,387 [INFO] INICIO DEL SCRAPING - freelancer.ar
2026-09-10 05:14:11,387 [INFO] Búsquedas: 10 | Páginas por búsqueda: 5
2026-09-10 05:14:11,388 [INFO] ============================================================
2026-09-10 05:14:11,388 [INFO] 
🔍 Buscando: 'Data Scientist'
2026-09-10 05:14:11,389 [INFO]    Página 1/5 → search='data scientist'
2026-09-10 05:14:17,624 [INFO]    → 4 ofertas argentinas nuevas de 4 recibidas
2026-09-10 05:14:17,629 [INFO] Exportadas 4 ofertas a CSV: /media/carlos-a-cicconi/Common1/Repositorios-Ing.Carlos-Cicconi/Trabajo_Final_MCD/data/raw/ofertas_freelancer_ar_20260910.csv
2026-09-10 05:14:17,629 [INFO] ✅ 'Data Scientist': 4 ofertas guardadas
2026-09-10 05:14:17,629 [INFO] 
🔍 Buscando: 'Data Analyst'
2026-09-10 05:14:17,630 [INFO]    Página 1/5 → search='data analyst'
2026-09-10 05:14:22,281 [INFO]    → 20 ofertas argentinas nuevas de 20 recibidas
2026-09-10 05:14:22,281 [INFO]    Página 2/5 → search='data analyst'
2026-09-10 05:14:26,068 [INFO]    → 6 ofertas argentinas nuevas de 6 recibidas
2026-09-10 05:14:26,083 [INFO] Exportadas 26 ofertas a CSV: /media/carlos-a-cicconi/Common1/Repositorios-Ing.Carlos-Cicconi/Trabajo_Final_MCD/data/raw/ofertas_freelancer_ar_20260910.csv
2026-09-10 05:14:26,083 [INFO] ✅ 'Data Analyst': 26 ofertas guardadas
2026-09-10 05:14:26,084 [INFO] 
🔍 Buscando: 'Machine Learning Engineer'
2026-09-10 05:14:26,084 [INFO]    Página 1/5 → search='machine learning'
2026-09-10 05:14:30,338 [INFO]    → 14 ofertas argentinas nuevas de 17 recibidas
2026-09-10 05:14:30,348 [INFO] Exportadas 14 ofertas a CSV: /media/carlos-a-cicconi/Common1/Repositorios-Ing.Carlos-Cicconi/Trabajo_Final_MCD/data/raw/ofertas_freelancer_ar_20260910.csv
2026-09-10 05:14:30,348 [INFO] ✅ 'Machine Learning Engineer': 14 ofertas guardadas
2026-09-10 05:14:30,349 [INFO] 
🔍 Buscando: 'NLP Engineer'
2026-09-10 05:14:30,349 [INFO]    Página 1/5 → search='nlp'
2026-09-10 05:14:35,205 [INFO]    → 1 ofertas argentinas nuevas de 3 recibidas
2026-09-10 05:14:35,206 [INFO] Exportadas 1 ofertas a CSV: /media/carlos-a-cicconi/Common1/Repositorios-Ing.Carlos-Cicconi/Trabajo_Final_MCD/data/raw/ofertas_freelancer_ar_20260910.csv
2026-09-10 05:14:35,207 [INFO] ✅ 'NLP Engineer': 1 ofertas guardadas
2026-09-10 05:14:35,207 [INFO] 
🔍 Buscando: 'Data Engineer'
2026-09-10 05:14:35,208 [INFO]    Página 1/5 → search='data engineer'
2026-09-10 05:14:40,047 [INFO]    → 16 ofertas argentinas nuevas de 20 recibidas
2026-09-10 05:14:40,047 [INFO]    Página 2/5 → search='data engineer'
2026-09-10 05:14:45,690 [INFO]    → 6 ofertas argentinas nuevas de 10 recibidas
2026-09-10 05:14:45,703 [INFO] Exportadas 22 ofertas a CSV: /media/carlos-a-cicconi/Common1/Repositorios-Ing.Carlos-Cicconi/Trabajo_Final_MCD/data/raw/ofertas_freelancer_ar_20260910.csv
2026-09-10 05:14:45,704 [INFO] ✅ 'Data Engineer': 22 ofertas guardadas
2026-09-10 05:14:45,705 [INFO] 
🔍 Buscando: 'Software Engineer'
2026-09-10 05:14:45,705 [INFO]    Página 1/5 → search='software engineer'
2026-09-10 05:14:51,190 [INFO]    → 14 ofertas argentinas nuevas de 20 recibidas
2026-09-10 05:14:51,190 [INFO]    Página 2/5 → search='software engineer'
2026-09-10 05:14:55,164 [INFO]    → 6 ofertas argentinas nuevas de 18 recibidas
2026-09-10 05:14:55,174 [INFO] Exportadas 20 ofertas a CSV: /media/carlos-a-cicconi/Common1/Repositorios-Ing.Carlos-Cicconi/Trabajo_Final_MCD/data/raw/ofertas_freelancer_ar_20260910.csv
2026-09-10 05:14:55,174 [INFO] ✅ 'Software Engineer': 20 ofertas guardadas
2026-09-10 05:14:55,175 [INFO] 
🔍 Buscando: 'Python Developer'
2026-09-10 05:14:55,175 [INFO]    Página 1/5 → search='python'
2026-09-10 05:14:59,678 [INFO]    → 19 ofertas argentinas nuevas de 20 recibidas
2026-09-10 05:14:59,678 [INFO]    Página 2/5 → search='python'
2026-09-10 05:15:05,826 [INFO]    → 16 ofertas argentinas nuevas de 20 recibidas
2026-09-10 05:15:05,827 [INFO]    Página 3/5 → search='python'
2026-09-10 05:15:10,324 [INFO]    → 19 ofertas argentinas nuevas de 20 recibidas
2026-09-10 05:15:10,325 [INFO]    Página 4/5 → search='python'
2026-09-10 05:15:15,098 [INFO]    → 16 ofertas argentinas nuevas de 20 recibidas
2026-09-10 05:15:15,099 [INFO]    Página 5/5 → search='python'
2026-09-10 05:15:19,683 [INFO]    → 18 ofertas argentinas nuevas de 20 recibidas
2026-09-10 05:15:19,706 [INFO] Exportadas 88 ofertas a CSV: /media/carlos-a-cicconi/Common1/Repositorios-Ing.Carlos-Cicconi/Trabajo_Final_MCD/data/raw/ofertas_freelancer_ar_20260910.csv
2026-09-10 05:15:19,706 [INFO] ✅ 'Python Developer': 88 ofertas guardadas
2026-09-10 05:15:19,706 [INFO] 
🔍 Buscando: 'Desarrollador Backend'
2026-09-10 05:15:19,707 [INFO]    Página 1/5 → search='desarrollador backend'
2026-09-10 05:15:24,257 [INFO]    → 17 ofertas argentinas nuevas de 20 recibidas
2026-09-10 05:15:24,258 [INFO]    Página 2/5 → search='desarrollador backend'
2026-09-10 05:15:28,473 [INFO]    → 13 ofertas argentinas nuevas de 14 recibidas
2026-09-10 05:15:28,489 [INFO] Exportadas 30 ofertas a CSV: /media/carlos-a-cicconi/Common1/Repositorios-Ing.Carlos-Cicconi/Trabajo_Final_MCD/data/raw/ofertas_freelancer_ar_20260910.csv
2026-09-10 05:15:28,489 [INFO] ✅ 'Desarrollador Backend': 30 ofertas guardadas
2026-09-10 05:15:28,490 [INFO] 
🔍 Buscando: 'Desarrollador Full Stack'
2026-09-10 05:15:28,490 [INFO]    Página 1/5 → search='desarrollador full stack'
2026-09-10 05:15:34,099 [INFO]    → 15 ofertas argentinas nuevas de 20 recibidas
2026-09-10 05:15:34,100 [INFO]    Página 2/5 → search='desarrollador full stack'
2026-09-10 05:15:39,477 [INFO]    → 13 ofertas argentinas nuevas de 20 recibidas
2026-09-10 05:15:39,478 [INFO]    Página 3/5 → search='desarrollador full stack'
2026-09-10 05:15:43,519 [INFO]    → 1 ofertas argentinas nuevas de 3 recibidas
2026-09-10 05:15:43,529 [INFO] Exportadas 29 ofertas a CSV: /media/carlos-a-cicconi/Common1/Repositorios-Ing.Carlos-Cicconi/Trabajo_Final_MCD/data/raw/ofertas_freelancer_ar_20260910.csv
2026-09-10 05:15:43,530 [INFO] ✅ 'Desarrollador Full Stack': 29 ofertas guardadas
2026-09-10 05:15:43,530 [INFO] 
🔍 Buscando: 'Ingeniero de Datos'
2026-09-10 05:15:43,530 [INFO]    Página 1/5 → search='ingeniero de datos'
2026-09-10 05:15:47,993 [INFO]    → 14 ofertas argentinas nuevas de 20 recibidas
2026-09-10 05:15:47,994 [INFO]    Página 2/5 → search='ingeniero de datos'
2026-09-10 05:15:53,281 [INFO]    → 17 ofertas argentinas nuevas de 20 recibidas
2026-09-10 05:15:53,281 [INFO]    Página 3/5 → search='ingeniero de datos'
2026-09-10 05:15:57,778 [INFO]    → 19 ofertas argentinas nuevas de 20 recibidas
2026-09-10 05:15:57,779 [INFO]    Página 4/5 → search='ingeniero de datos'
2026-09-10 05:16:02,903 [INFO]    → 20 ofertas argentinas nuevas de 20 recibidas
2026-09-10 05:16:02,904 [INFO]    Página 5/5 → search='ingeniero de datos'
2026-09-10 05:16:07,157 [INFO]    → 19 ofertas argentinas nuevas de 20 recibidas
2026-09-10 05:16:07,167 [INFO] Exportadas 89 ofertas a CSV: /media/carlos-a-cicconi/Common1/Repositorios-Ing.Carlos-Cicconi/Trabajo_Final_MCD/data/raw/ofertas_freelancer_ar_20260910.csv
2026-09-10 05:16:07,167 [INFO] ✅ 'Ingeniero de Datos': 89 ofertas guardadas
2026-09-10 05:16:07,167 [INFO] 
============================================================
2026-09-10 05:16:07,167 [INFO] SCRAPING FINALIZADO - freelancer.ar
2026-09-10 05:16:07,167 [INFO] Total de ofertas únicas recopiladas: 323
2026-09-10 05:16:07,167 [INFO] Descartadas por no ser de Argentina : 0
2026-09-10 05:16:07,167 [INFO] Base de datos : /media/carlos-a-cicconi/Common1/Repositorios-Ing.Carlos-Cicconi/Trabajo_Final_MCD/data/raw/db_freelancer_ar.db
2026-09-10 05:16:07,167 [INFO] CSV exportado : /media/carlos-a-cicconi/Common1/Repositorios-Ing.Carlos-Cicconi/Trabajo_Final_MCD/data/raw/ofertas_freelancer_ar_20260910.csv
2026-09-10 05:16:07,167 [INFO] Log guardado  : /media/carlos-a-cicconi/Common1/Repositorios-Ing.Carlos-Cicconi/Trabajo_Final_MCD/logs/freelancer_ar_scraper_20260910_051411.log
2026-09-10 05:16:07,168 [INFO] ============================================================
2026-09-10 05:16:07,168 [INFO] Estadísticas guardadas: /media/carlos-a-cicconi/Common1/Repositorios-Ing.Carlos-Cicconi/Trabajo_Final_MCD/data/raw/stats_freelancer_ar_20260910_051607.json
2026-09-10 05:16:07,168 [INFO]   ✅ freelancer_ar: 323 ofertas recopiladas
2026-09-10 05:16:07,169 [INFO] 
============================================================
2026-09-10 05:16:07,169 [INFO]   EJECUTANDO: randstad (RandstadScraper)
2026-09-10 05:16:07,169 [INFO]   Queries: definidas en el módulo
2026-09-10 05:16:07,169 [INFO] ============================================================
2026-09-10 05:16:07,181 [INFO] Base de datos lista: /media/carlos-a-cicconi/Common1/Repositorios-Ing.Carlos-Cicconi/Trabajo_Final_MCD/data/raw/db_randstad.db
2026-09-10 05:16:07,181 [INFO] RandstadScraper inicializado correctamente
2026-09-10 05:16:07,181 [INFO] ============================================================
2026-09-10 05:16:07,181 [INFO] INICIO DEL SCRAPING - Randstad Argentina
2026-09-10 05:16:07,181 [INFO] Búsquedas: 10 | Páginas por búsqueda: 5
2026-09-10 05:16:07,181 [INFO] ============================================================
2026-09-10 05:16:07,181 [INFO] 
🔍 Buscando: 'Data Scientist'
2026-09-10 05:16:07,181 [INFO]    Página 1/5 → query='data scientist'
2026-09-10 05:16:11,132 [INFO]    → Sin más resultados para esta búsqueda.
2026-09-10 05:16:11,132 [INFO] ✅ 'Data Scientist': 0 ofertas guardadas
2026-09-10 05:16:11,133 [INFO] 
🔍 Buscando: 'Data Analyst'
2026-09-10 05:16:11,134 [INFO]    Página 1/5 → query='data analyst'
2026-09-10 05:16:15,840 [INFO]    → Sin más resultados para esta búsqueda.
2026-09-10 05:16:15,841 [INFO] ✅ 'Data Analyst': 0 ofertas guardadas
2026-09-10 05:16:15,841 [INFO] 
🔍 Buscando: 'Machine Learning Engineer'
2026-09-10 05:16:15,842 [INFO]    Página 1/5 → query='machine learning'
2026-09-10 05:16:23,473 [INFO]    → 1 ofertas nuevas (total en el sitio: 1)
2026-09-10 05:16:23,475 [INFO] Exportadas 1 ofertas a CSV: /media/carlos-a-cicconi/Common1/Repositorios-Ing.Carlos-Cicconi/Trabajo_Final_MCD/data/raw/ofertas_randstad_20260910.csv
2026-09-10 05:16:23,476 [INFO] ✅ 'Machine Learning Engineer': 1 ofertas guardadas
2026-09-10 05:16:23,476 [INFO] 
🔍 Buscando: 'NLP Engineer'
2026-09-10 05:16:23,477 [INFO]    Página 1/5 → query='nlp'
2026-09-10 05:16:26,390 [INFO]    → Sin más resultados para esta búsqueda.
2026-09-10 05:16:26,390 [INFO] ✅ 'NLP Engineer': 0 ofertas guardadas
2026-09-10 05:16:26,391 [INFO] 
🔍 Buscando: 'Data Engineer'
2026-09-10 05:16:26,391 [INFO]    Página 1/5 → query='data engineer'
2026-09-10 05:16:30,183 [INFO]    → Sin más resultados para esta búsqueda.
2026-09-10 05:16:30,183 [INFO] ✅ 'Data Engineer': 0 ofertas guardadas
2026-09-10 05:16:30,184 [INFO] 
🔍 Buscando: 'Software Engineer'
2026-09-10 05:16:30,184 [INFO]    Página 1/5 → query='software engineer'
2026-09-10 05:16:33,662 [INFO]    → Sin más resultados para esta búsqueda.
2026-09-10 05:16:33,662 [INFO] ✅ 'Software Engineer': 0 ofertas guardadas
2026-09-10 05:16:33,663 [INFO] 
🔍 Buscando: 'Python Developer'
2026-09-10 05:16:33,663 [INFO]    Página 1/5 → query='python'
2026-09-10 05:16:46,178 [INFO]    → 2 ofertas nuevas (total en el sitio: 3)
2026-09-10 05:16:46,180 [INFO] Exportadas 2 ofertas a CSV: /media/carlos-a-cicconi/Common1/Repositorios-Ing.Carlos-Cicconi/Trabajo_Final_MCD/data/raw/ofertas_randstad_20260910.csv
2026-09-10 05:16:46,181 [INFO] ✅ 'Python Developer': 2 ofertas guardadas
2026-09-10 05:16:46,181 [INFO] 
🔍 Buscando: 'Desarrollador Backend'
2026-09-10 05:16:46,182 [INFO]    Página 1/5 → query='desarrollador backend'
2026-09-10 05:16:50,718 [INFO]    → Sin más resultados para esta búsqueda.
2026-09-10 05:16:50,719 [INFO] ✅ 'Desarrollador Backend': 0 ofertas guardadas
2026-09-10 05:16:50,719 [INFO] 
🔍 Buscando: 'Desarrollador Full Stack'
2026-09-10 05:16:50,720 [INFO]    Página 1/5 → query='desarrollador full stack'
2026-09-10 05:16:54,657 [INFO]    → Sin más resultados para esta búsqueda.
2026-09-10 05:16:54,658 [INFO] ✅ 'Desarrollador Full Stack': 0 ofertas guardadas
2026-09-10 05:16:54,658 [INFO] 
🔍 Buscando: 'Ingeniero de Datos'
2026-09-10 05:16:54,659 [INFO]    Página 1/5 → query='ingeniero de datos'
2026-09-10 05:16:58,746 [INFO]    → Sin más resultados para esta búsqueda.
2026-09-10 05:16:58,747 [INFO] ✅ 'Ingeniero de Datos': 0 ofertas guardadas
2026-09-10 05:16:58,747 [INFO] 
============================================================
2026-09-10 05:16:58,748 [INFO] SCRAPING FINALIZADO - Randstad
2026-09-10 05:16:58,748 [INFO] Total de ofertas únicas recopiladas: 3
2026-09-10 05:16:58,748 [INFO] Base de datos : /media/carlos-a-cicconi/Common1/Repositorios-Ing.Carlos-Cicconi/Trabajo_Final_MCD/data/raw/db_randstad.db
2026-09-10 05:16:58,749 [INFO] CSV exportado : /media/carlos-a-cicconi/Common1/Repositorios-Ing.Carlos-Cicconi/Trabajo_Final_MCD/data/raw/ofertas_randstad_20260910.csv
2026-09-10 05:16:58,749 [INFO] Log guardado  : /media/carlos-a-cicconi/Common1/Repositorios-Ing.Carlos-Cicconi/Trabajo_Final_MCD/logs/randstad_scraper_20260910_051607.log
2026-09-10 05:16:58,749 [INFO] ============================================================
2026-09-10 05:16:58,751 [INFO] Estadísticas guardadas: /media/carlos-a-cicconi/Common1/Repositorios-Ing.Carlos-Cicconi/Trabajo_Final_MCD/data/raw/stats_randstad_20260910_051658.json
2026-09-10 05:16:58,752 [INFO]   ✅ randstad: 3 ofertas recopiladas
2026-09-10 05:16:58,753 [INFO] 
============================================================
2026-09-10 05:16:58,753 [INFO]   EJECUTANDO: adecco (AdeccoScraper)
2026-09-10 05:16:58,754 [INFO]   Queries: definidas en el módulo
2026-09-10 05:16:58,754 [INFO] ============================================================
2026-09-10 05:16:58,783 [INFO] Base de datos lista: /media/carlos-a-cicconi/Common1/Repositorios-Ing.Carlos-Cicconi/Trabajo_Final_MCD/data/raw/db_adecco.db
2026-09-10 05:16:58,784 [INFO] AdeccoScraper inicializado correctamente
2026-09-10 05:16:58,787 [INFO] ============================================================
2026-09-10 05:16:58,789 [INFO] INICIO DEL SCRAPING - Adecco Argentina
2026-09-10 05:16:58,789 [INFO] Búsquedas: 10
2026-09-10 05:16:58,791 [INFO] ============================================================
2026-09-10 05:16:58,794 [INFO] 
🔍 Buscando: 'Data Scientist'
2026-09-10 05:17:01,679 [INFO]    → 0 ofertas encontradas
2026-09-10 05:17:01,680 [INFO] ✅ 'Data Scientist': 0 ofertas guardadas
2026-09-10 05:17:01,681 [INFO] 
🔍 Buscando: 'Data Analyst'
2026-09-10 05:17:03,981 [INFO]    → 1 ofertas encontradas
2026-09-10 05:17:06,032 [INFO] Exportadas 1 ofertas a CSV: /media/carlos-a-cicconi/Common1/Repositorios-Ing.Carlos-Cicconi/Trabajo_Final_MCD/data/raw/ofertas_adecco_20260910.csv
2026-09-10 05:17:06,033 [INFO] ✅ 'Data Analyst': 1 ofertas guardadas
2026-09-10 05:17:06,033 [INFO] 
🔍 Buscando: 'Machine Learning Engineer'
2026-09-10 05:17:08,417 [INFO]    → 0 ofertas encontradas
2026-09-10 05:17:08,417 [INFO] ✅ 'Machine Learning Engineer': 0 ofertas guardadas
2026-09-10 05:17:08,417 [INFO] 
🔍 Buscando: 'NLP Engineer'
2026-09-10 05:17:10,624 [INFO]    → 0 ofertas encontradas
2026-09-10 05:17:10,625 [INFO] ✅ 'NLP Engineer': 0 ofertas guardadas
2026-09-10 05:17:10,625 [INFO] 
🔍 Buscando: 'Data Engineer'
2026-09-10 05:17:13,566 [INFO]    → 2 ofertas encontradas
2026-09-10 05:17:15,679 [INFO] Exportadas 1 ofertas a CSV: /media/carlos-a-cicconi/Common1/Repositorios-Ing.Carlos-Cicconi/Trabajo_Final_MCD/data/raw/ofertas_adecco_20260910.csv
2026-09-10 05:17:15,679 [INFO] ✅ 'Data Engineer': 1 ofertas guardadas
2026-09-10 05:17:15,679 [INFO] 
🔍 Buscando: 'Software Engineer'
2026-09-10 05:17:17,809 [INFO]    → 0 ofertas encontradas
2026-09-10 05:17:17,809 [INFO] ✅ 'Software Engineer': 0 ofertas guardadas
2026-09-10 05:17:17,810 [INFO] 
🔍 Buscando: 'Python Developer'
2026-09-10 05:17:20,112 [INFO]    → 1 ofertas encontradas
2026-09-10 05:17:23,318 [INFO] Exportadas 1 ofertas a CSV: /media/carlos-a-cicconi/Common1/Repositorios-Ing.Carlos-Cicconi/Trabajo_Final_MCD/data/raw/ofertas_adecco_20260910.csv
2026-09-10 05:17:23,318 [INFO] ✅ 'Python Developer': 1 ofertas guardadas
2026-09-10 05:17:23,319 [INFO] 
🔍 Buscando: 'Desarrollador Backend'
2026-09-10 05:17:26,001 [INFO]    → 1 ofertas encontradas
2026-09-10 05:17:27,844 [INFO] Exportadas 1 ofertas a CSV: /media/carlos-a-cicconi/Common1/Repositorios-Ing.Carlos-Cicconi/Trabajo_Final_MCD/data/raw/ofertas_adecco_20260910.csv
2026-09-10 05:17:27,844 [INFO] ✅ 'Desarrollador Backend': 1 ofertas guardadas
2026-09-10 05:17:27,845 [INFO] 
🔍 Buscando: 'Desarrollador Full Stack'
2026-09-10 05:17:29,662 [INFO]    → 0 ofertas encontradas
2026-09-10 05:17:29,662 [INFO] ✅ 'Desarrollador Full Stack': 0 ofertas guardadas
2026-09-10 05:17:29,663 [INFO] 
🔍 Buscando: 'Ingeniero de Datos'
2026-09-10 05:17:32,859 [INFO]    → 0 ofertas encontradas
2026-09-10 05:17:32,859 [INFO] ✅ 'Ingeniero de Datos': 0 ofertas guardadas
2026-09-10 05:17:32,860 [INFO] 
============================================================
2026-09-10 05:17:32,860 [INFO] SCRAPING FINALIZADO - Adecco
2026-09-10 05:17:32,860 [INFO] Total de ofertas únicas recopiladas: 4
2026-09-10 05:17:32,861 [INFO] Base de datos : /media/carlos-a-cicconi/Common1/Repositorios-Ing.Carlos-Cicconi/Trabajo_Final_MCD/data/raw/db_adecco.db
2026-09-10 05:17:32,861 [INFO] CSV exportado : /media/carlos-a-cicconi/Common1/Repositorios-Ing.Carlos-Cicconi/Trabajo_Final_MCD/data/raw/ofertas_adecco_20260910.csv
2026-09-10 05:17:32,861 [INFO] Log guardado  : /media/carlos-a-cicconi/Common1/Repositorios-Ing.Carlos-Cicconi/Trabajo_Final_MCD/logs/adecco_scraper_20260910_051658.log
2026-09-10 05:17:32,861 [INFO] ============================================================
2026-09-10 05:17:32,869 [INFO] Estadísticas guardadas: /media/carlos-a-cicconi/Common1/Repositorios-Ing.Carlos-Cicconi/Trabajo_Final_MCD/data/raw/stats_adecco_20260910_051732.json
2026-09-10 05:17:32,870 [INFO]   ✅ adecco: 4 ofertas recopiladas
2026-09-10 05:17:32,871 [INFO] 
=================================================================
2026-09-10 05:17:32,872 [INFO]   FASE 2: CONSOLIDACIÓN
2026-09-10 05:17:32,872 [INFO] =================================================================
2026-09-10 05:17:32,907 [INFO] Consolidado DB lista: /media/carlos-a-cicconi/Common1/Repositorios-Ing.Carlos-Cicconi/Trabajo_Final_MCD/data/raw/consolidado/ofertas_consolidadas.db
2026-09-10 05:17:32,910 [INFO] 
  📂 Procesando: linkedin (db_linkedin.db)
2026-09-10 05:17:32,982 [INFO]   Leídas 405 ofertas de db_linkedin.db
2026-09-10 05:17:33,053 [INFO]   ✅ linkedin: leídas=405 | nuevas=372 | dup=0 | old=33
2026-09-10 05:17:33,054 [INFO] 
  📂 Procesando: computrabajo (db_computrabajo.db)
2026-09-10 05:17:33,056 [INFO]   Leídas 58 ofertas de db_computrabajo.db
2026-09-10 05:17:33,063 [INFO]   ✅ computrabajo: leídas=58 | nuevas=58 | dup=0 | old=0
2026-09-10 05:17:33,063 [INFO] 
  📂 Procesando: getonboard (db_getonboard.db)
2026-09-10 05:17:33,070 [INFO]   Leídas 432 ofertas de db_getonboard.db
2026-09-10 05:17:33,097 [INFO]   ✅ getonboard: leídas=432 | nuevas=383 | dup=0 | old=49
2026-09-10 05:17:33,098 [INFO] 
  📂 Procesando: bumeran (db_bumeran.db)
2026-09-10 05:17:33,101 [INFO]   Leídas 116 ofertas de db_bumeran.db
2026-09-10 05:17:33,117 [INFO]   ✅ bumeran: leídas=116 | nuevas=116 | dup=0 | old=0
2026-09-10 05:17:33,117 [INFO] 
  📂 Procesando: zonajobs (db_zonajobs.db)
2026-09-10 05:17:33,119 [INFO]   Leídas 114 ofertas de db_zonajobs.db
2026-09-10 05:17:33,130 [INFO]   ✅ zonajobs: leídas=114 | nuevas=114 | dup=0 | old=0
2026-09-10 05:17:33,130 [INFO] 
  📂 Procesando: opcionempleo (db_opcionempleo.db)
2026-09-10 05:17:33,149 [INFO]   Leídas 892 ofertas de db_opcionempleo.db
2026-09-10 05:17:33,193 [INFO]   ✅ opcionempleo: leídas=892 | nuevas=892 | dup=0 | old=0
2026-09-10 05:17:33,193 [INFO] 
  📂 Procesando: jobrapido (db_jobrapido.db)
2026-09-10 05:17:33,197 [INFO]   Leídas 679 ofertas de db_jobrapido.db
2026-09-10 05:17:33,218 [INFO]   ✅ jobrapido: leídas=679 | nuevas=679 | dup=0 | old=0
2026-09-10 05:17:33,219 [INFO] 
  📂 Procesando: freelancer_ar (db_freelancer_ar.db)
2026-09-10 05:17:33,225 [INFO]   Leídas 323 ofertas de db_freelancer_ar.db
2026-09-10 05:17:33,236 [INFO]   ✅ freelancer_ar: leídas=323 | nuevas=0 | dup=0 | old=323
2026-09-10 05:17:33,236 [INFO] 
  📂 Procesando: randstad (db_randstad.db)
2026-09-10 05:17:33,237 [INFO]   Leídas 3 ofertas de db_randstad.db
2026-09-10 05:17:33,242 [INFO]   ✅ randstad: leídas=3 | nuevas=3 | dup=0 | old=0
2026-09-10 05:17:33,242 [INFO] 
  📂 Procesando: adecco (db_adecco.db)
2026-09-10 05:17:33,243 [INFO]   Leídas 4 ofertas de db_adecco.db
2026-09-10 05:17:33,249 [INFO]   ✅ adecco: leídas=4 | nuevas=4 | dup=0 | old=0
2026-09-10 05:17:33,430 [INFO]   CSV consolidado actualizado: +2,621 filas → /media/carlos-a-cicconi/Common1/Repositorios-Ing.Carlos-Cicconi/Trabajo_Final_MCD/data/raw/consolidado/ofertas_consolidadas.csv
2026-09-10 05:17:33,431 [INFO] 
=================================================================
2026-09-10 05:17:33,431 [INFO]   RESUMEN FINAL
2026-09-10 05:17:33,431 [INFO] =================================================================
2026-09-10 05:17:33,431 [INFO]   Ofertas nuevas incorporadas : 2,621
2026-09-10 05:17:33,431 [INFO]   Descartadas (antigüedad)    : 405
2026-09-10 05:17:33,431 [INFO]   Descartadas (duplicado)     : 0
2026-09-10 05:17:33,431 [INFO]   Total acumulado en DB       : 2,621
2026-09-10 05:17:33,431 [INFO]   Ventana temporal aplicada   : últimos 90 días (desde 2026-06-12)
2026-09-10 05:17:33,431 [INFO]   Duración total              : 347m 10s
2026-09-10 05:17:33,431 [INFO] 
  Archivos de salida:
2026-09-10 05:17:33,432 [INFO]     DB : /media/carlos-a-cicconi/Common1/Repositorios-Ing.Carlos-Cicconi/Trabajo_Final_MCD/data/raw/consolidado/ofertas_consolidadas.db
2026-09-10 05:17:33,432 [INFO]     CSV: /media/carlos-a-cicconi/Common1/Repositorios-Ing.Carlos-Cicconi/Trabajo_Final_MCD/data/raw/consolidado/ofertas_consolidadas.csv
2026-09-10 05:17:33,432 [INFO]     Log: /media/carlos-a-cicconi/Common1/Repositorios-Ing.Carlos-Cicconi/Trabajo_Final_MCD/logs/run_scraping_20260909_233022.log
2026-09-10 05:17:33,432 [INFO] 
  Resultado por scraper:
2026-09-10 05:17:33,432 [INFO]     ✅ linkedin        | 🔧mod | ofertas=405 | tiempo=1894s
2026-09-10 05:17:33,432 [INFO]     ✅ computrabajo    | 🔧mod | ofertas=58 | tiempo=382s
2026-09-10 05:17:33,432 [INFO]     ✅ getonboard      | 🔧mod | ofertas=432 | tiempo=197s
2026-09-10 05:17:33,432 [INFO]     ✅ bumeran         | 🔧mod | ofertas=116 | tiempo=1427s
2026-09-10 05:17:33,432 [INFO]     ✅ zonajobs        | 🔧mod | ofertas=114 | tiempo=1379s
2026-09-10 05:17:33,432 [INFO]     ✅ opcionempleo    | 🔧mod | ofertas=892 | tiempo=10648s
2026-09-10 05:17:33,432 [INFO]     ✅ jobrapido       | 🔧mod | ofertas=679 | tiempo=4699s
2026-09-10 05:17:33,432 [INFO]     ✅ freelancer_ar   | 🔧mod | ofertas=323 | tiempo=115s
2026-09-10 05:17:33,433 [INFO]     ✅ randstad        | 🔧mod | ofertas=3 | tiempo=51s
2026-09-10 05:17:33,433 [INFO]     ✅ adecco          | 🔧mod | ofertas=4 | tiempo=34s
2026-09-10 05:17:33,433 [INFO] 
  Por fuente (consolidación):
2026-09-10 05:17:33,433 [INFO]     linkedin       : nuevas=372 | dup=0 | old=33
2026-09-10 05:17:33,433 [INFO]     computrabajo   : nuevas=58 | dup=0 | old=0
2026-09-10 05:17:33,433 [INFO]     getonboard     : nuevas=383 | dup=0 | old=49
2026-09-10 05:17:33,433 [INFO]     bumeran        : nuevas=116 | dup=0 | old=0
2026-09-10 05:17:33,433 [INFO]     zonajobs       : nuevas=114 | dup=0 | old=0
2026-09-10 05:17:33,433 [INFO]     opcionempleo   : nuevas=892 | dup=0 | old=0
2026-09-10 05:17:33,433 [INFO]     jobrapido      : nuevas=679 | dup=0 | old=0
2026-09-10 05:17:33,433 [INFO]     freelancer_ar  : nuevas=0 | dup=0 | old=323
2026-09-10 05:17:33,433 [INFO]     randstad       : nuevas=3 | dup=0 | old=0
2026-09-10 05:17:33,433 [INFO]     adecco         : nuevas=4 | dup=0 | old=0
2026-09-10 05:17:33,434 [INFO]     Reporte: /media/carlos-a-cicconi/Common1/Repositorios-Ing.Carlos-Cicconi/Trabajo_Final_MCD/data/raw/consolidado/run_20260910_051733.json
2026-09-10 05:17:33,434 [INFO] =================================================================
