2026-04-10 22:42:14,972 [INFO] ✅ Keywords cargadas desde CV: 42 búsquedas
2026-04-10 22:42:14,972 [INFO]    Ubicación del candidato: Rosario, Santa Fe, Argentina
2026-04-10 22:42:14,973 [INFO] 
=================================================================
2026-04-10 22:42:14,973 [INFO]   ORQUESTADOR DE SCRAPING — Tesis MCD
2026-04-10 22:42:14,973 [INFO]   Alumno: Cicconi, Carlos Alberto
2026-04-10 22:42:14,973 [INFO]   Universidad Austral — Maestría en Explotación de Datos
2026-04-10 22:42:14,973 [INFO] =================================================================
2026-04-10 22:42:14,973 [INFO]   Fecha/hora inicio : 2026-04-10 22:42:14
2026-04-10 22:42:14,974 [INFO]   Ventana temporal  : 90 días
2026-04-10 22:42:14,974 [INFO]   Scrapers activos  : 10
2026-04-10 22:42:14,974 [INFO]   Solo consolidar   : False
2026-04-10 22:42:14,974 [INFO]   Origen de queries : CV → keywords.json
2026-04-10 22:42:14,974 [INFO] 
  Scrapers a ejecutar: ['linkedin', 'computrabajo', 'getonboard', 'bumeran', 'zonajobs', 'workana', 'opcionempleo', 'jobomas', 'jobrapido', 'jobleads']
2026-04-10 22:42:14,974 [INFO] 
============================================================
2026-04-10 22:42:14,974 [INFO]   EJECUTANDO: linkedin (LinkedInScraper)
2026-04-10 22:42:14,974 [INFO]   Queries: desde CV (42 búsquedas)
2026-04-10 22:42:14,975 [INFO] ============================================================
2026-04-10 22:42:15,500 [INFO] Base de datos lista: /media/carlos-a-cicconi/Common1/Repositorios-Ing.Carlos-Cicconi/Trabajo_Final_MCD/data/raw/ofertas_linkedin.db
2026-04-10 22:42:15,500 [INFO] LinkedInScraper inicializado correctamente
2026-04-10 22:42:15,501 [INFO]   ✅ Queries del CV inyectadas en linkedin
2026-04-10 22:42:15,501 [INFO] ============================================================
2026-04-10 22:42:15,501 [INFO] INICIO DEL SCRAPING - LinkedIn Jobs
2026-04-10 22:42:15,501 [INFO] Búsquedas: 42 | Páginas por búsqueda: 5
2026-04-10 22:42:15,501 [INFO] ============================================================
2026-04-10 22:42:15,501 [INFO] 
🔍 Buscando: 'data-scientist' en 'Rosario, Santa Fe, Argentina'
2026-04-10 22:42:15,502 [INFO]    Página 1/5 → https://www.linkedin.com/jobs-guest/jobs/api/seeMoreJobPostings/search?keywords=data-scientist&location=Rosario%2C%20Santa%20Fe%2C%20Argentina&start=0&f_WT=2
2026-04-10 22:42:19,091 [INFO]    → 10 ofertas nuevas encontradas
2026-04-10 22:42:59,245 [INFO]    Página 2/5 → https://www.linkedin.com/jobs-guest/jobs/api/seeMoreJobPostings/search?keywords=data-scientist&location=Rosario%2C%20Santa%20Fe%2C%20Argentina&start=25&f_WT=2
2026-04-10 22:43:04,571 [INFO]    → 10 ofertas nuevas encontradas
2026-04-10 22:43:44,991 [INFO]    Página 3/5 → https://www.linkedin.com/jobs-guest/jobs/api/seeMoreJobPostings/search?keywords=data-scientist&location=Rosario%2C%20Santa%20Fe%2C%20Argentina&start=50&f_WT=2
2026-04-10 22:43:48,009 [INFO]    → 0 ofertas nuevas encontradas
2026-04-10 22:43:48,009 [INFO]    → No hay más resultados para esta búsqueda.
2026-04-10 22:43:48,022 [INFO] Exportadas 20 ofertas a CSV: /media/carlos-a-cicconi/Common1/Repositorios-Ing.Carlos-Cicconi/Trabajo_Final_MCD/data/raw/ofertas_20260410.csv
2026-04-10 22:43:48,023 [INFO] ✅ 'data-scientist': 20 ofertas guardadas
2026-04-10 22:43:48,023 [INFO] 
🔍 Buscando: 'data-scientist' en 'Argentina'
2026-04-10 22:43:48,023 [INFO]    Página 1/5 → https://www.linkedin.com/jobs-guest/jobs/api/seeMoreJobPostings/search?keywords=data-scientist&location=Argentina&start=0&f_WT=2
2026-04-10 22:43:53,170 [INFO]    → 10 ofertas nuevas encontradas
2026-04-10 22:44:33,797 [INFO]    Página 2/5 → https://www.linkedin.com/jobs-guest/jobs/api/seeMoreJobPostings/search?keywords=data-scientist&location=Argentina&start=25&f_WT=2
2026-04-10 22:44:38,116 [INFO]    → 10 ofertas nuevas encontradas
2026-04-10 22:45:20,523 [INFO]    Página 3/5 → https://www.linkedin.com/jobs-guest/jobs/api/seeMoreJobPostings/search?keywords=data-scientist&location=Argentina&start=50&f_WT=2
2026-04-10 22:45:25,702 [INFO]    → 9 ofertas nuevas encontradas
2026-04-10 22:46:01,371 [INFO]    Página 4/5 → https://www.linkedin.com/jobs-guest/jobs/api/seeMoreJobPostings/search?keywords=data-scientist&location=Argentina&start=75&f_WT=2
2026-04-10 22:46:05,868 [INFO]    → 10 ofertas nuevas encontradas
2026-04-10 22:46:50,016 [INFO]    Página 5/5 → https://www.linkedin.com/jobs-guest/jobs/api/seeMoreJobPostings/search?keywords=data-scientist&location=Argentina&start=100&f_WT=2
2026-04-10 22:46:54,101 [INFO]    → 10 ofertas nuevas encontradas
2026-04-10 22:47:33,233 [INFO] Exportadas 49 ofertas a CSV: /media/carlos-a-cicconi/Common1/Repositorios-Ing.Carlos-Cicconi/Trabajo_Final_MCD/data/raw/ofertas_20260410.csv
2026-04-10 22:47:33,233 [INFO] ✅ 'data-scientist': 49 ofertas guardadas
2026-04-10 22:47:33,234 [INFO] 
🔍 Buscando: 'data-scientist' en 'Worldwide'
2026-04-10 22:47:33,234 [INFO]    Página 1/5 → https://www.linkedin.com/jobs-guest/jobs/api/seeMoreJobPostings/search?keywords=data-scientist&location=Worldwide&start=0&f_WT=2
2026-04-10 22:47:38,437 [INFO]    → 10 ofertas nuevas encontradas
2026-04-10 22:48:21,222 [INFO]    Página 2/5 → https://www.linkedin.com/jobs-guest/jobs/api/seeMoreJobPostings/search?keywords=data-scientist&location=Worldwide&start=25&f_WT=2
2026-04-10 22:48:26,169 [INFO]    → 9 ofertas nuevas encontradas
2026-04-10 22:49:07,483 [INFO]    Página 3/5 → https://www.linkedin.com/jobs-guest/jobs/api/seeMoreJobPostings/search?keywords=data-scientist&location=Worldwide&start=50&f_WT=2
2026-04-10 22:49:13,051 [INFO]    → 10 ofertas nuevas encontradas
2026-04-10 22:49:53,675 [INFO]    Página 4/5 → https://www.linkedin.com/jobs-guest/jobs/api/seeMoreJobPostings/search?keywords=data-scientist&location=Worldwide&start=75&f_WT=2
2026-04-10 22:49:57,905 [INFO]    → 10 ofertas nuevas encontradas
2026-04-10 22:50:35,532 [INFO]    Página 5/5 → https://www.linkedin.com/jobs-guest/jobs/api/seeMoreJobPostings/search?keywords=data-scientist&location=Worldwide&start=100&f_WT=2
2026-04-10 22:50:39,495 [INFO]    → 10 ofertas nuevas encontradas
2026-04-10 22:51:21,540 [INFO] Exportadas 49 ofertas a CSV: /media/carlos-a-cicconi/Common1/Repositorios-Ing.Carlos-Cicconi/Trabajo_Final_MCD/data/raw/ofertas_20260410.csv
2026-04-10 22:51:21,540 [INFO] ✅ 'data-scientist': 49 ofertas guardadas
2026-04-10 22:51:21,540 [INFO] 
🔍 Buscando: 'business-intelligence' en 'Rosario, Santa Fe, Argentina'
2026-04-10 22:51:21,541 [INFO]    Página 1/5 → https://www.linkedin.com/jobs-guest/jobs/api/seeMoreJobPostings/search?keywords=business-intelligence&location=Rosario%2C%20Santa%20Fe%2C%20Argentina&start=0&f_WT=2
2026-04-10 22:51:25,624 [INFO]    → 6 ofertas nuevas encontradas
2026-04-10 22:51:47,648 [INFO]    Página 2/5 → https://www.linkedin.com/jobs-guest/jobs/api/seeMoreJobPostings/search?keywords=business-intelligence&location=Rosario%2C%20Santa%20Fe%2C%20Argentina&start=25&f_WT=2
2026-04-10 22:51:52,584 [INFO]    → 0 ofertas nuevas encontradas
2026-04-10 22:51:52,584 [INFO]    → No hay más resultados para esta búsqueda.
2026-04-10 22:51:52,588 [INFO] Exportadas 6 ofertas a CSV: /media/carlos-a-cicconi/Common1/Repositorios-Ing.Carlos-Cicconi/Trabajo_Final_MCD/data/raw/ofertas_20260410.csv
2026-04-10 22:51:52,588 [INFO] ✅ 'business-intelligence': 6 ofertas guardadas
2026-04-10 22:51:52,588 [INFO] 
🔍 Buscando: 'business-intelligence' en 'Argentina'
2026-04-10 22:51:52,589 [INFO]    Página 1/5 → https://www.linkedin.com/jobs-guest/jobs/api/seeMoreJobPostings/search?keywords=business-intelligence&location=Argentina&start=0&f_WT=2
2026-04-10 22:51:56,281 [INFO]    → 9 ofertas nuevas encontradas
2026-04-10 22:52:33,039 [INFO]    Página 2/5 → https://www.linkedin.com/jobs-guest/jobs/api/seeMoreJobPostings/search?keywords=business-intelligence&location=Argentina&start=25&f_WT=2
2026-04-10 22:52:37,341 [INFO]    → 10 ofertas nuevas encontradas
2026-04-10 22:53:20,989 [INFO]    Página 3/5 → https://www.linkedin.com/jobs-guest/jobs/api/seeMoreJobPostings/search?keywords=business-intelligence&location=Argentina&start=50&f_WT=2
2026-04-10 22:53:26,493 [INFO]    → 10 ofertas nuevas encontradas
2026-04-10 22:54:11,286 [INFO]    Página 4/5 → https://www.linkedin.com/jobs-guest/jobs/api/seeMoreJobPostings/search?keywords=business-intelligence&location=Argentina&start=75&f_WT=2
2026-04-10 22:54:15,134 [INFO]    → 10 ofertas nuevas encontradas
2026-04-10 22:54:57,217 [INFO]    Página 5/5 → https://www.linkedin.com/jobs-guest/jobs/api/seeMoreJobPostings/search?keywords=business-intelligence&location=Argentina&start=100&f_WT=2
2026-04-10 22:55:00,935 [INFO]    → 10 ofertas nuevas encontradas
2026-04-10 22:55:41,282 [INFO] Exportadas 49 ofertas a CSV: /media/carlos-a-cicconi/Common1/Repositorios-Ing.Carlos-Cicconi/Trabajo_Final_MCD/data/raw/ofertas_20260410.csv
2026-04-10 22:55:41,282 [INFO] ✅ 'business-intelligence': 49 ofertas guardadas
2026-04-10 22:55:41,282 [INFO] 
🔍 Buscando: 'business-intelligence' en 'Worldwide'
2026-04-10 22:55:41,283 [INFO]    Página 1/5 → https://www.linkedin.com/jobs-guest/jobs/api/seeMoreJobPostings/search?keywords=business-intelligence&location=Worldwide&start=0&f_WT=2
2026-04-10 22:55:45,549 [INFO]    → 7 ofertas nuevas encontradas
2026-04-10 22:56:13,221 [INFO]    Página 2/5 → https://www.linkedin.com/jobs-guest/jobs/api/seeMoreJobPostings/search?keywords=business-intelligence&location=Worldwide&start=25&f_WT=2
2026-04-10 22:56:18,234 [INFO]    → 10 ofertas nuevas encontradas
2026-04-10 22:57:04,339 [INFO]    Página 3/5 → https://www.linkedin.com/jobs-guest/jobs/api/seeMoreJobPostings/search?keywords=business-intelligence&location=Worldwide&start=50&f_WT=2
2026-04-10 22:57:09,926 [INFO]    → 9 ofertas nuevas encontradas
2026-04-10 22:57:46,973 [INFO]    Página 4/5 → https://www.linkedin.com/jobs-guest/jobs/api/seeMoreJobPostings/search?keywords=business-intelligence&location=Worldwide&start=75&f_WT=2
2026-04-10 22:57:51,300 [INFO]    → 9 ofertas nuevas encontradas
2026-04-10 22:58:27,086 [INFO]    Página 5/5 → https://www.linkedin.com/jobs-guest/jobs/api/seeMoreJobPostings/search?keywords=business-intelligence&location=Worldwide&start=100&f_WT=2
2026-04-10 22:58:30,943 [INFO]    → 8 ofertas nuevas encontradas
2026-04-10 22:59:06,683 [INFO] Exportadas 43 ofertas a CSV: /media/carlos-a-cicconi/Common1/Repositorios-Ing.Carlos-Cicconi/Trabajo_Final_MCD/data/raw/ofertas_20260410.csv
2026-04-10 22:59:06,683 [INFO] ✅ 'business-intelligence': 43 ofertas guardadas
2026-04-10 22:59:06,684 [INFO] 
🔍 Buscando: 'python' en 'Rosario, Santa Fe, Argentina'
2026-04-10 22:59:06,684 [INFO]    Página 1/5 → https://www.linkedin.com/jobs-guest/jobs/api/seeMoreJobPostings/search?keywords=python&location=Rosario%2C%20Santa%20Fe%2C%20Argentina&start=0&f_WT=2
2026-04-10 22:59:11,909 [INFO]    → 6 ofertas nuevas encontradas
2026-04-10 22:59:38,369 [INFO]    Página 2/5 → https://www.linkedin.com/jobs-guest/jobs/api/seeMoreJobPostings/search?keywords=python&location=Rosario%2C%20Santa%20Fe%2C%20Argentina&start=25&f_WT=2
2026-04-10 22:59:41,585 [INFO]    → 6 ofertas nuevas encontradas
2026-04-10 23:00:04,494 [INFO]    Página 3/5 → https://www.linkedin.com/jobs-guest/jobs/api/seeMoreJobPostings/search?keywords=python&location=Rosario%2C%20Santa%20Fe%2C%20Argentina&start=50&f_WT=2
2026-04-10 23:00:09,043 [INFO]    → 6 ofertas nuevas encontradas
2026-04-10 23:00:33,927 [INFO]    Página 4/5 → https://www.linkedin.com/jobs-guest/jobs/api/seeMoreJobPostings/search?keywords=python&location=Rosario%2C%20Santa%20Fe%2C%20Argentina&start=75&f_WT=2
2026-04-10 23:00:39,149 [INFO]    → 7 ofertas nuevas encontradas
2026-04-10 23:01:06,832 [INFO]    Página 5/5 → https://www.linkedin.com/jobs-guest/jobs/api/seeMoreJobPostings/search?keywords=python&location=Rosario%2C%20Santa%20Fe%2C%20Argentina&start=100&f_WT=2
2026-04-10 23:01:11,962 [INFO]    → 0 ofertas nuevas encontradas
2026-04-10 23:01:11,962 [INFO]    → No hay más resultados para esta búsqueda.
2026-04-10 23:01:11,977 [INFO] Exportadas 25 ofertas a CSV: /media/carlos-a-cicconi/Common1/Repositorios-Ing.Carlos-Cicconi/Trabajo_Final_MCD/data/raw/ofertas_20260410.csv
2026-04-10 23:01:11,978 [INFO] ✅ 'python': 25 ofertas guardadas
2026-04-10 23:01:11,978 [INFO] 
🔍 Buscando: 'python' en 'Argentina'
2026-04-10 23:01:11,979 [INFO]    Página 1/5 → https://www.linkedin.com/jobs-guest/jobs/api/seeMoreJobPostings/search?keywords=python&location=Argentina&start=0&f_WT=2
2026-04-10 23:01:16,013 [INFO]    → 9 ofertas nuevas encontradas
2026-04-10 23:01:53,168 [INFO]    Página 2/5 → https://www.linkedin.com/jobs-guest/jobs/api/seeMoreJobPostings/search?keywords=python&location=Argentina&start=25&f_WT=2
2026-04-10 23:01:57,698 [INFO]    → 8 ofertas nuevas encontradas
2026-04-10 23:02:29,986 [INFO]    Página 3/5 → https://www.linkedin.com/jobs-guest/jobs/api/seeMoreJobPostings/search?keywords=python&location=Argentina&start=50&f_WT=2
2026-04-10 23:02:33,927 [INFO]    → 10 ofertas nuevas encontradas
2026-04-10 23:03:14,006 [INFO]    Página 4/5 → https://www.linkedin.com/jobs-guest/jobs/api/seeMoreJobPostings/search?keywords=python&location=Argentina&start=75&f_WT=2
2026-04-10 23:03:17,564 [INFO]    → 9 ofertas nuevas encontradas
2026-04-10 23:03:54,036 [INFO]    Página 5/5 → https://www.linkedin.com/jobs-guest/jobs/api/seeMoreJobPostings/search?keywords=python&location=Argentina&start=100&f_WT=2
2026-04-10 23:03:59,432 [INFO]    → 10 ofertas nuevas encontradas
2026-04-10 23:04:39,712 [INFO] Exportadas 46 ofertas a CSV: /media/carlos-a-cicconi/Common1/Repositorios-Ing.Carlos-Cicconi/Trabajo_Final_MCD/data/raw/ofertas_20260410.csv
2026-04-10 23:04:39,712 [INFO] ✅ 'python': 46 ofertas guardadas
2026-04-10 23:04:39,712 [INFO] 
🔍 Buscando: 'python' en 'Worldwide'
2026-04-10 23:04:39,712 [INFO]    Página 1/5 → https://www.linkedin.com/jobs-guest/jobs/api/seeMoreJobPostings/search?keywords=python&location=Worldwide&start=0&f_WT=2
2026-04-10 23:04:43,378 [INFO]    → 9 ofertas nuevas encontradas
2026-04-10 23:05:24,168 [INFO]    Página 2/5 → https://www.linkedin.com/jobs-guest/jobs/api/seeMoreJobPostings/search?keywords=python&location=Worldwide&start=25&f_WT=2
2026-04-10 23:05:29,183 [INFO]    → 10 ofertas nuevas encontradas
2026-04-10 23:06:06,568 [INFO]    Página 3/5 → https://www.linkedin.com/jobs-guest/jobs/api/seeMoreJobPostings/search?keywords=python&location=Worldwide&start=50&f_WT=2
2026-04-10 23:06:10,717 [INFO]    → 5 ofertas nuevas encontradas
2026-04-10 23:06:30,360 [INFO]    Página 4/5 → https://www.linkedin.com/jobs-guest/jobs/api/seeMoreJobPostings/search?keywords=python&location=Worldwide&start=75&f_WT=2
2026-04-10 23:06:35,813 [INFO]    → 9 ofertas nuevas encontradas
2026-04-10 23:07:13,122 [INFO]    Página 5/5 → https://www.linkedin.com/jobs-guest/jobs/api/seeMoreJobPostings/search?keywords=python&location=Worldwide&start=100&f_WT=2
2026-04-10 23:07:16,460 [INFO]    → 9 ofertas nuevas encontradas
2026-04-10 23:07:52,006 [INFO] Exportadas 42 ofertas a CSV: /media/carlos-a-cicconi/Common1/Repositorios-Ing.Carlos-Cicconi/Trabajo_Final_MCD/data/raw/ofertas_20260410.csv
2026-04-10 23:07:52,006 [INFO] ✅ 'python': 42 ofertas guardadas
2026-04-10 23:07:52,006 [INFO] 
🔍 Buscando: 'r' en 'Rosario, Santa Fe, Argentina'
2026-04-10 23:07:52,006 [INFO]    Página 1/5 → https://www.linkedin.com/jobs-guest/jobs/api/seeMoreJobPostings/search?keywords=r&location=Rosario%2C%20Santa%20Fe%2C%20Argentina&start=0&f_WT=2
2026-04-10 23:07:55,155 [INFO]    → 0 ofertas nuevas encontradas
2026-04-10 23:07:55,156 [INFO]    → No hay más resultados para esta búsqueda.
2026-04-10 23:07:55,156 [INFO] ✅ 'r': 0 ofertas guardadas
2026-04-10 23:07:55,156 [INFO] 
🔍 Buscando: 'r' en 'Argentina'
2026-04-10 23:07:55,157 [INFO]    Página 1/5 → https://www.linkedin.com/jobs-guest/jobs/api/seeMoreJobPostings/search?keywords=r&location=Argentina&start=0&f_WT=2
2026-04-10 23:07:59,670 [INFO]    → 7 ofertas nuevas encontradas
2026-04-10 23:08:28,869 [INFO]    Página 2/5 → https://www.linkedin.com/jobs-guest/jobs/api/seeMoreJobPostings/search?keywords=r&location=Argentina&start=25&f_WT=2
2026-04-10 23:08:32,742 [INFO]    → 9 ofertas nuevas encontradas
2026-04-10 23:09:09,091 [INFO]    Página 3/5 → https://www.linkedin.com/jobs-guest/jobs/api/seeMoreJobPostings/search?keywords=r&location=Argentina&start=50&f_WT=2
2026-04-10 23:09:13,205 [INFO]    → 9 ofertas nuevas encontradas
2026-04-10 23:09:52,083 [INFO]    Página 4/5 → https://www.linkedin.com/jobs-guest/jobs/api/seeMoreJobPostings/search?keywords=r&location=Argentina&start=75&f_WT=2
2026-04-10 23:09:56,486 [INFO]    → 10 ofertas nuevas encontradas
2026-04-10 23:10:40,123 [INFO]    Página 5/5 → https://www.linkedin.com/jobs-guest/jobs/api/seeMoreJobPostings/search?keywords=r&location=Argentina&start=100&f_WT=2
2026-04-10 23:10:43,590 [INFO]    → 0 ofertas nuevas encontradas
2026-04-10 23:10:43,590 [INFO]    → No hay más resultados para esta búsqueda.
2026-04-10 23:10:43,610 [INFO] Exportadas 35 ofertas a CSV: /media/carlos-a-cicconi/Common1/Repositorios-Ing.Carlos-Cicconi/Trabajo_Final_MCD/data/raw/ofertas_20260410.csv
2026-04-10 23:10:43,611 [INFO] ✅ 'r': 35 ofertas guardadas
2026-04-10 23:10:43,611 [INFO] 
🔍 Buscando: 'r' en 'Worldwide'
2026-04-10 23:10:43,612 [INFO]    Página 1/5 → https://www.linkedin.com/jobs-guest/jobs/api/seeMoreJobPostings/search?keywords=r&location=Worldwide&start=0&f_WT=2
2026-04-10 23:10:47,821 [INFO]    → 6 ofertas nuevas encontradas
2026-04-10 23:11:12,386 [INFO]    Página 2/5 → https://www.linkedin.com/jobs-guest/jobs/api/seeMoreJobPostings/search?keywords=r&location=Worldwide&start=25&f_WT=2
2026-04-10 23:11:17,720 [INFO]    → 6 ofertas nuevas encontradas
2026-04-10 23:11:45,184 [INFO]    Página 3/5 → https://www.linkedin.com/jobs-guest/jobs/api/seeMoreJobPostings/search?keywords=r&location=Worldwide&start=50&f_WT=2
2026-04-10 23:11:48,853 [INFO]    → 9 ofertas nuevas encontradas
2026-04-10 23:12:20,573 [INFO]    Página 4/5 → https://www.linkedin.com/jobs-guest/jobs/api/seeMoreJobPostings/search?keywords=r&location=Worldwide&start=75&f_WT=2
2026-04-10 23:12:26,229 [INFO]    → 8 ofertas nuevas encontradas
2026-04-10 23:12:57,032 [INFO]    Página 5/5 → https://www.linkedin.com/jobs-guest/jobs/api/seeMoreJobPostings/search?keywords=r&location=Worldwide&start=100&f_WT=2
2026-04-10 23:13:01,760 [INFO]    → 8 ofertas nuevas encontradas
2026-04-10 23:13:35,791 [INFO] Exportadas 37 ofertas a CSV: /media/carlos-a-cicconi/Common1/Repositorios-Ing.Carlos-Cicconi/Trabajo_Final_MCD/data/raw/ofertas_20260410.csv
2026-04-10 23:13:35,791 [INFO] ✅ 'r': 37 ofertas guardadas
2026-04-10 23:13:35,791 [INFO] 
🔍 Buscando: 'julia' en 'Rosario, Santa Fe, Argentina'
2026-04-10 23:13:35,791 [INFO]    Página 1/5 → https://www.linkedin.com/jobs-guest/jobs/api/seeMoreJobPostings/search?keywords=julia&location=Rosario%2C%20Santa%20Fe%2C%20Argentina&start=0&f_WT=2
2026-04-10 23:13:40,125 [INFO]    → 0 ofertas nuevas encontradas
2026-04-10 23:13:40,126 [INFO]    → No hay más resultados para esta búsqueda.
2026-04-10 23:13:40,126 [INFO] ✅ 'julia': 0 ofertas guardadas
2026-04-10 23:13:40,126 [INFO] 
🔍 Buscando: 'julia' en 'Argentina'
2026-04-10 23:13:40,127 [INFO]    Página 1/5 → https://www.linkedin.com/jobs-guest/jobs/api/seeMoreJobPostings/search?keywords=julia&location=Argentina&start=0&f_WT=2
2026-04-10 23:13:44,729 [INFO]    → 0 ofertas nuevas encontradas
2026-04-10 23:13:44,729 [INFO]    → No hay más resultados para esta búsqueda.
2026-04-10 23:13:44,729 [INFO] ✅ 'julia': 0 ofertas guardadas
2026-04-10 23:13:44,730 [INFO] 
🔍 Buscando: 'julia' en 'Worldwide'
2026-04-10 23:13:44,730 [INFO]    Página 1/5 → https://www.linkedin.com/jobs-guest/jobs/api/seeMoreJobPostings/search?keywords=julia&location=Worldwide&start=0&f_WT=2
2026-04-10 23:13:47,844 [INFO]    → 9 ofertas nuevas encontradas
2026-04-10 23:14:24,258 [INFO]    Página 2/5 → https://www.linkedin.com/jobs-guest/jobs/api/seeMoreJobPostings/search?keywords=julia&location=Worldwide&start=25&f_WT=2
2026-04-10 23:14:27,477 [INFO]    → 10 ofertas nuevas encontradas
2026-04-10 23:15:09,545 [INFO]    Página 3/5 → https://www.linkedin.com/jobs-guest/jobs/api/seeMoreJobPostings/search?keywords=julia&location=Worldwide&start=50&f_WT=2
2026-04-10 23:15:14,681 [INFO]    → 10 ofertas nuevas encontradas
2026-04-10 23:15:56,317 [INFO]    Página 4/5 → https://www.linkedin.com/jobs-guest/jobs/api/seeMoreJobPostings/search?keywords=julia&location=Worldwide&start=75&f_WT=2
2026-04-10 23:15:59,741 [INFO]    → 10 ofertas nuevas encontradas
2026-04-10 23:16:40,031 [INFO]    Página 5/5 → https://www.linkedin.com/jobs-guest/jobs/api/seeMoreJobPostings/search?keywords=julia&location=Worldwide&start=100&f_WT=2
2026-04-10 23:16:43,773 [INFO]    → 10 ofertas nuevas encontradas
2026-04-10 23:17:25,488 [INFO] Exportadas 49 ofertas a CSV: /media/carlos-a-cicconi/Common1/Repositorios-Ing.Carlos-Cicconi/Trabajo_Final_MCD/data/raw/ofertas_20260410.csv
2026-04-10 23:17:25,488 [INFO] ✅ 'julia': 49 ofertas guardadas
2026-04-10 23:17:25,488 [INFO] 
🔍 Buscando: 'control-de-gestion' en 'Rosario, Santa Fe, Argentina'
2026-04-10 23:17:25,488 [INFO]    Página 1/5 → https://www.linkedin.com/jobs-guest/jobs/api/seeMoreJobPostings/search?keywords=control-de-gestion&location=Rosario%2C%20Santa%20Fe%2C%20Argentina&start=0&f_WT=2
2026-04-10 23:17:29,827 [INFO]    → 0 ofertas nuevas encontradas
2026-04-10 23:17:29,827 [INFO]    → No hay más resultados para esta búsqueda.
2026-04-10 23:17:29,828 [INFO] ✅ 'control-de-gestion': 0 ofertas guardadas
2026-04-10 23:17:29,828 [INFO] 
🔍 Buscando: 'control-de-gestion' en 'Argentina'
2026-04-10 23:17:29,828 [INFO]    Página 1/5 → https://www.linkedin.com/jobs-guest/jobs/api/seeMoreJobPostings/search?keywords=control-de-gestion&location=Argentina&start=0&f_WT=2
2026-04-10 23:17:33,332 [INFO]    → 8 ofertas nuevas encontradas
2026-04-10 23:18:05,103 [INFO]    Página 2/5 → https://www.linkedin.com/jobs-guest/jobs/api/seeMoreJobPostings/search?keywords=control-de-gestion&location=Argentina&start=25&f_WT=2
2026-04-10 23:18:10,493 [INFO]    → 5 ofertas nuevas encontradas
2026-04-10 23:18:30,794 [INFO]    Página 3/5 → https://www.linkedin.com/jobs-guest/jobs/api/seeMoreJobPostings/search?keywords=control-de-gestion&location=Argentina&start=50&f_WT=2
2026-04-10 23:18:34,740 [INFO]    → 0 ofertas nuevas encontradas
2026-04-10 23:18:34,741 [INFO]    → No hay más resultados para esta búsqueda.
2026-04-10 23:18:34,745 [INFO] Exportadas 13 ofertas a CSV: /media/carlos-a-cicconi/Common1/Repositorios-Ing.Carlos-Cicconi/Trabajo_Final_MCD/data/raw/ofertas_20260410.csv
2026-04-10 23:18:34,745 [INFO] ✅ 'control-de-gestion': 13 ofertas guardadas
2026-04-10 23:18:34,745 [INFO] 
🔍 Buscando: 'control-de-gestion' en 'Worldwide'
2026-04-10 23:18:34,745 [INFO]    Página 1/5 → https://www.linkedin.com/jobs-guest/jobs/api/seeMoreJobPostings/search?keywords=control-de-gestion&location=Worldwide&start=0&f_WT=2
2026-04-10 23:18:38,046 [INFO]    → 8 ofertas nuevas encontradas
2026-04-10 23:19:10,429 [INFO]    Página 2/5 → https://www.linkedin.com/jobs-guest/jobs/api/seeMoreJobPostings/search?keywords=control-de-gestion&location=Worldwide&start=25&f_WT=2
2026-04-10 23:19:15,002 [INFO]    → 9 ofertas nuevas encontradas
2026-04-10 23:19:51,038 [INFO]    Página 3/5 → https://www.linkedin.com/jobs-guest/jobs/api/seeMoreJobPostings/search?keywords=control-de-gestion&location=Worldwide&start=50&f_WT=2
2026-04-10 23:19:56,371 [INFO]    → 10 ofertas nuevas encontradas
2026-04-10 23:20:39,531 [INFO]    Página 4/5 → https://www.linkedin.com/jobs-guest/jobs/api/seeMoreJobPostings/search?keywords=control-de-gestion&location=Worldwide&start=75&f_WT=2
2026-04-10 23:20:44,520 [INFO]    → 10 ofertas nuevas encontradas
2026-04-10 23:21:23,517 [INFO]    Página 5/5 → https://www.linkedin.com/jobs-guest/jobs/api/seeMoreJobPostings/search?keywords=control-de-gestion&location=Worldwide&start=100&f_WT=2
2026-04-10 23:21:29,047 [INFO]    → 10 ofertas nuevas encontradas
2026-04-10 23:22:08,154 [INFO] Exportadas 47 ofertas a CSV: /media/carlos-a-cicconi/Common1/Repositorios-Ing.Carlos-Cicconi/Trabajo_Final_MCD/data/raw/ofertas_20260410.csv
2026-04-10 23:22:08,154 [INFO] ✅ 'control-de-gestion': 47 ofertas guardadas
2026-04-10 23:22:08,154 [INFO] 
🔍 Buscando: 'consultor' en 'Rosario, Santa Fe, Argentina'
2026-04-10 23:22:08,154 [INFO]    Página 1/5 → https://www.linkedin.com/jobs-guest/jobs/api/seeMoreJobPostings/search?keywords=consultor&location=Rosario%2C%20Santa%20Fe%2C%20Argentina&start=0&f_WT=2
2026-04-10 23:22:12,556 [INFO]    → 0 ofertas nuevas encontradas
2026-04-10 23:22:12,557 [INFO]    → No hay más resultados para esta búsqueda.
2026-04-10 23:22:12,557 [INFO] ✅ 'consultor': 0 ofertas guardadas
2026-04-10 23:22:12,557 [INFO] 
🔍 Buscando: 'consultor' en 'Argentina'
2026-04-10 23:22:12,558 [INFO]    Página 1/5 → https://www.linkedin.com/jobs-guest/jobs/api/seeMoreJobPostings/search?keywords=consultor&location=Argentina&start=0&f_WT=2
2026-04-10 23:22:16,149 [INFO]    → 9 ofertas nuevas encontradas
2026-04-10 23:22:50,509 [INFO]    Página 2/5 → https://www.linkedin.com/jobs-guest/jobs/api/seeMoreJobPostings/search?keywords=consultor&location=Argentina&start=25&f_WT=2
2026-04-10 23:22:55,859 [INFO]    → 9 ofertas nuevas encontradas
2026-04-10 23:23:33,062 [INFO]    Página 3/5 → https://www.linkedin.com/jobs-guest/jobs/api/seeMoreJobPostings/search?keywords=consultor&location=Argentina&start=50&f_WT=2
2026-04-10 23:23:36,858 [INFO]    → 10 ofertas nuevas encontradas
2026-04-10 23:24:19,959 [INFO]    Página 4/5 → https://www.linkedin.com/jobs-guest/jobs/api/seeMoreJobPostings/search?keywords=consultor&location=Argentina&start=75&f_WT=2
2026-04-10 23:24:23,040 [INFO]    → 9 ofertas nuevas encontradas
2026-04-10 23:25:03,713 [INFO]    Página 5/5 → https://www.linkedin.com/jobs-guest/jobs/api/seeMoreJobPostings/search?keywords=consultor&location=Argentina&start=100&f_WT=2
2026-04-10 23:25:08,277 [INFO]    → 0 ofertas nuevas encontradas
2026-04-10 23:25:08,278 [INFO]    → No hay más resultados para esta búsqueda.
2026-04-10 23:25:08,293 [INFO] Exportadas 37 ofertas a CSV: /media/carlos-a-cicconi/Common1/Repositorios-Ing.Carlos-Cicconi/Trabajo_Final_MCD/data/raw/ofertas_20260410.csv
2026-04-10 23:25:08,293 [INFO] ✅ 'consultor': 37 ofertas guardadas
2026-04-10 23:25:08,293 [INFO] 
🔍 Buscando: 'consultor' en 'Worldwide'
2026-04-10 23:25:08,294 [INFO]    Página 1/5 → https://www.linkedin.com/jobs-guest/jobs/api/seeMoreJobPostings/search?keywords=consultor&location=Worldwide&start=0&f_WT=2
2026-04-10 23:25:13,320 [INFO]    → 10 ofertas nuevas encontradas
2026-04-10 23:25:58,447 [INFO]    Página 2/5 → https://www.linkedin.com/jobs-guest/jobs/api/seeMoreJobPostings/search?keywords=consultor&location=Worldwide&start=25&f_WT=2
2026-04-10 23:26:02,865 [INFO]    → 10 ofertas nuevas encontradas
2026-04-10 23:26:40,504 [INFO]    Página 3/5 → https://www.linkedin.com/jobs-guest/jobs/api/seeMoreJobPostings/search?keywords=consultor&location=Worldwide&start=50&f_WT=2
2026-04-10 23:26:45,887 [INFO]    → 10 ofertas nuevas encontradas
2026-04-10 23:27:25,213 [INFO]    Página 4/5 → https://www.linkedin.com/jobs-guest/jobs/api/seeMoreJobPostings/search?keywords=consultor&location=Worldwide&start=75&f_WT=2
2026-04-10 23:27:29,596 [INFO]    → 10 ofertas nuevas encontradas
2026-04-10 23:28:07,863 [INFO]    Página 5/5 → https://www.linkedin.com/jobs-guest/jobs/api/seeMoreJobPostings/search?keywords=consultor&location=Worldwide&start=100&f_WT=2
2026-04-10 23:28:12,314 [INFO]    → 10 ofertas nuevas encontradas
2026-04-10 23:28:51,778 [INFO] Exportadas 50 ofertas a CSV: /media/carlos-a-cicconi/Common1/Repositorios-Ing.Carlos-Cicconi/Trabajo_Final_MCD/data/raw/ofertas_20260410.csv
2026-04-10 23:28:51,778 [INFO] ✅ 'consultor': 50 ofertas guardadas
2026-04-10 23:28:51,778 [INFO] 
🔍 Buscando: 'gerente-operaciones' en 'Rosario, Santa Fe, Argentina'
2026-04-10 23:28:51,778 [INFO]    Página 1/5 → https://www.linkedin.com/jobs-guest/jobs/api/seeMoreJobPostings/search?keywords=gerente-operaciones&location=Rosario%2C%20Santa%20Fe%2C%20Argentina&start=0&f_WT=2
2026-04-10 23:28:57,142 [INFO]    → 0 ofertas nuevas encontradas
2026-04-10 23:28:57,142 [INFO]    → No hay más resultados para esta búsqueda.
2026-04-10 23:28:57,143 [INFO] ✅ 'gerente-operaciones': 0 ofertas guardadas
2026-04-10 23:28:57,143 [INFO] 
🔍 Buscando: 'gerente-operaciones' en 'Argentina'
2026-04-10 23:28:57,143 [INFO]    Página 1/5 → https://www.linkedin.com/jobs-guest/jobs/api/seeMoreJobPostings/search?keywords=gerente-operaciones&location=Argentina&start=0&f_WT=2
2026-04-10 23:29:00,112 [INFO]    → 0 ofertas nuevas encontradas
2026-04-10 23:29:00,112 [INFO]    → No hay más resultados para esta búsqueda.
2026-04-10 23:29:00,113 [INFO] ✅ 'gerente-operaciones': 0 ofertas guardadas
2026-04-10 23:29:00,113 [INFO] 
🔍 Buscando: 'gerente-operaciones' en 'Worldwide'
2026-04-10 23:29:00,113 [INFO]    Página 1/5 → https://www.linkedin.com/jobs-guest/jobs/api/seeMoreJobPostings/search?keywords=gerente-operaciones&location=Worldwide&start=0&f_WT=2
2026-04-10 23:29:04,300 [INFO]    → 3 ofertas nuevas encontradas
2026-04-10 23:29:15,441 [INFO]    Página 2/5 → https://www.linkedin.com/jobs-guest/jobs/api/seeMoreJobPostings/search?keywords=gerente-operaciones&location=Worldwide&start=25&f_WT=2
2026-04-10 23:29:19,126 [INFO]    → 0 ofertas nuevas encontradas
2026-04-10 23:29:19,126 [INFO]    → No hay más resultados para esta búsqueda.
2026-04-10 23:29:19,129 [INFO] Exportadas 3 ofertas a CSV: /media/carlos-a-cicconi/Common1/Repositorios-Ing.Carlos-Cicconi/Trabajo_Final_MCD/data/raw/ofertas_20260410.csv
2026-04-10 23:29:19,129 [INFO] ✅ 'gerente-operaciones': 3 ofertas guardadas
2026-04-10 23:29:19,130 [INFO] 
🔍 Buscando: 'compras' en 'Rosario, Santa Fe, Argentina'
2026-04-10 23:29:19,130 [INFO]    Página 1/5 → https://www.linkedin.com/jobs-guest/jobs/api/seeMoreJobPostings/search?keywords=compras&location=Rosario%2C%20Santa%20Fe%2C%20Argentina&start=0&f_WT=2
2026-04-10 23:29:24,093 [INFO]    → 0 ofertas nuevas encontradas
2026-04-10 23:29:24,093 [INFO]    → No hay más resultados para esta búsqueda.
2026-04-10 23:29:24,094 [INFO] ✅ 'compras': 0 ofertas guardadas
2026-04-10 23:29:24,094 [INFO] 
🔍 Buscando: 'compras' en 'Argentina'
2026-04-10 23:29:24,094 [INFO]    Página 1/5 → https://www.linkedin.com/jobs-guest/jobs/api/seeMoreJobPostings/search?keywords=compras&location=Argentina&start=0&f_WT=2
2026-04-10 23:29:29,203 [INFO]    → 9 ofertas nuevas encontradas
2026-04-10 23:30:01,845 [INFO]    Página 2/5 → https://www.linkedin.com/jobs-guest/jobs/api/seeMoreJobPostings/search?keywords=compras&location=Argentina&start=25&f_WT=2
2026-04-10 23:30:06,238 [INFO]    → 0 ofertas nuevas encontradas
2026-04-10 23:30:06,238 [INFO]    → No hay más resultados para esta búsqueda.
2026-04-10 23:30:06,241 [INFO] Exportadas 9 ofertas a CSV: /media/carlos-a-cicconi/Common1/Repositorios-Ing.Carlos-Cicconi/Trabajo_Final_MCD/data/raw/ofertas_20260410.csv
2026-04-10 23:30:06,241 [INFO] ✅ 'compras': 9 ofertas guardadas
2026-04-10 23:30:06,241 [INFO] 
🔍 Buscando: 'compras' en 'Worldwide'
2026-04-10 23:30:06,241 [INFO]    Página 1/5 → https://www.linkedin.com/jobs-guest/jobs/api/seeMoreJobPostings/search?keywords=compras&location=Worldwide&start=0&f_WT=2
2026-04-10 23:30:11,493 [INFO]    → 10 ofertas nuevas encontradas
2026-04-10 23:30:51,296 [INFO]    Página 2/5 → https://www.linkedin.com/jobs-guest/jobs/api/seeMoreJobPostings/search?keywords=compras&location=Worldwide&start=25&f_WT=2
2026-04-10 23:30:56,462 [INFO]    → 9 ofertas nuevas encontradas
2026-04-10 23:31:34,488 [INFO]    Página 3/5 → https://www.linkedin.com/jobs-guest/jobs/api/seeMoreJobPostings/search?keywords=compras&location=Worldwide&start=50&f_WT=2
2026-04-10 23:31:38,755 [INFO]    → 10 ofertas nuevas encontradas
2026-04-10 23:32:20,978 [INFO]    Página 4/5 → https://www.linkedin.com/jobs-guest/jobs/api/seeMoreJobPostings/search?keywords=compras&location=Worldwide&start=75&f_WT=2
2026-04-10 23:32:25,024 [INFO]    → 10 ofertas nuevas encontradas
2026-04-10 23:33:05,107 [INFO]    Página 5/5 → https://www.linkedin.com/jobs-guest/jobs/api/seeMoreJobPostings/search?keywords=compras&location=Worldwide&start=100&f_WT=2
2026-04-10 23:33:08,663 [INFO]    → 10 ofertas nuevas encontradas
2026-04-10 23:33:48,966 [INFO] Exportadas 49 ofertas a CSV: /media/carlos-a-cicconi/Common1/Repositorios-Ing.Carlos-Cicconi/Trabajo_Final_MCD/data/raw/ofertas_20260410.csv
2026-04-10 23:33:48,966 [INFO] ✅ 'compras': 49 ofertas guardadas
2026-04-10 23:33:48,966 [INFO] 
🔍 Buscando: 'ingeniero-industrial' en 'Rosario, Santa Fe, Argentina'
2026-04-10 23:33:48,966 [INFO]    Página 1/5 → https://www.linkedin.com/jobs-guest/jobs/api/seeMoreJobPostings/search?keywords=ingeniero-industrial&location=Rosario%2C%20Santa%20Fe%2C%20Argentina&start=0&f_WT=2
2026-04-10 23:33:53,898 [INFO]    → 0 ofertas nuevas encontradas
2026-04-10 23:33:53,899 [INFO]    → No hay más resultados para esta búsqueda.
2026-04-10 23:33:53,899 [INFO] ✅ 'ingeniero-industrial': 0 ofertas guardadas
2026-04-10 23:33:53,899 [INFO] 
🔍 Buscando: 'ingeniero-industrial' en 'Argentina'
2026-04-10 23:33:53,899 [INFO]    Página 1/5 → https://www.linkedin.com/jobs-guest/jobs/api/seeMoreJobPostings/search?keywords=ingeniero-industrial&location=Argentina&start=0&f_WT=2
2026-04-10 23:33:57,597 [INFO]    → 3 ofertas nuevas encontradas
2026-04-10 23:34:08,424 [INFO]    Página 2/5 → https://www.linkedin.com/jobs-guest/jobs/api/seeMoreJobPostings/search?keywords=ingeniero-industrial&location=Argentina&start=25&f_WT=2
2026-04-10 23:34:11,350 [INFO]    → 0 ofertas nuevas encontradas
2026-04-10 23:34:11,350 [INFO]    → No hay más resultados para esta búsqueda.
2026-04-10 23:34:11,352 [INFO] Exportadas 3 ofertas a CSV: /media/carlos-a-cicconi/Common1/Repositorios-Ing.Carlos-Cicconi/Trabajo_Final_MCD/data/raw/ofertas_20260410.csv
2026-04-10 23:34:11,353 [INFO] ✅ 'ingeniero-industrial': 3 ofertas guardadas
2026-04-10 23:34:11,353 [INFO] 
🔍 Buscando: 'ingeniero-industrial' en 'Worldwide'
2026-04-10 23:34:11,353 [INFO]    Página 1/5 → https://www.linkedin.com/jobs-guest/jobs/api/seeMoreJobPostings/search?keywords=ingeniero-industrial&location=Worldwide&start=0&f_WT=2
2026-04-10 23:34:15,618 [INFO]    → 4 ofertas nuevas encontradas
2026-04-10 23:34:32,174 [INFO]    Página 2/5 → https://www.linkedin.com/jobs-guest/jobs/api/seeMoreJobPostings/search?keywords=ingeniero-industrial&location=Worldwide&start=25&f_WT=2
2026-04-10 23:34:36,113 [INFO]    → 9 ofertas nuevas encontradas
2026-04-10 23:35:14,414 [INFO]    Página 3/5 → https://www.linkedin.com/jobs-guest/jobs/api/seeMoreJobPostings/search?keywords=ingeniero-industrial&location=Worldwide&start=50&f_WT=2
2026-04-10 23:35:19,328 [INFO]    → 9 ofertas nuevas encontradas
2026-04-10 23:35:56,883 [INFO]    Página 4/5 → https://www.linkedin.com/jobs-guest/jobs/api/seeMoreJobPostings/search?keywords=ingeniero-industrial&location=Worldwide&start=75&f_WT=2
2026-04-10 23:36:00,447 [INFO]    → 10 ofertas nuevas encontradas
2026-04-10 23:36:40,319 [INFO]    Página 5/5 → https://www.linkedin.com/jobs-guest/jobs/api/seeMoreJobPostings/search?keywords=ingeniero-industrial&location=Worldwide&start=100&f_WT=2
2026-04-10 23:36:44,222 [INFO]    → 10 ofertas nuevas encontradas
2026-04-10 23:37:26,102 [INFO] Exportadas 42 ofertas a CSV: /media/carlos-a-cicconi/Common1/Repositorios-Ing.Carlos-Cicconi/Trabajo_Final_MCD/data/raw/ofertas_20260410.csv
2026-04-10 23:37:26,102 [INFO] ✅ 'ingeniero-industrial': 42 ofertas guardadas
2026-04-10 23:37:26,102 [INFO] 
🔍 Buscando: 'finanzas' en 'Rosario, Santa Fe, Argentina'
2026-04-10 23:37:26,102 [INFO]    Página 1/5 → https://www.linkedin.com/jobs-guest/jobs/api/seeMoreJobPostings/search?keywords=finanzas&location=Rosario%2C%20Santa%20Fe%2C%20Argentina&start=0&f_WT=2
2026-04-10 23:37:30,606 [INFO]    → 6 ofertas nuevas encontradas
2026-04-10 23:37:52,858 [INFO]    Página 2/5 → https://www.linkedin.com/jobs-guest/jobs/api/seeMoreJobPostings/search?keywords=finanzas&location=Rosario%2C%20Santa%20Fe%2C%20Argentina&start=25&f_WT=2
2026-04-10 23:37:57,479 [INFO]    → 0 ofertas nuevas encontradas
2026-04-10 23:37:57,479 [INFO]    → No hay más resultados para esta búsqueda.
2026-04-10 23:37:57,482 [INFO] Exportadas 6 ofertas a CSV: /media/carlos-a-cicconi/Common1/Repositorios-Ing.Carlos-Cicconi/Trabajo_Final_MCD/data/raw/ofertas_20260410.csv
2026-04-10 23:37:57,482 [INFO] ✅ 'finanzas': 6 ofertas guardadas
2026-04-10 23:37:57,482 [INFO] 
🔍 Buscando: 'finanzas' en 'Argentina'
2026-04-10 23:37:57,482 [INFO]    Página 1/5 → https://www.linkedin.com/jobs-guest/jobs/api/seeMoreJobPostings/search?keywords=finanzas&location=Argentina&start=0&f_WT=2
2026-04-10 23:38:02,653 [INFO]    → 7 ofertas nuevas encontradas
2026-04-10 23:38:33,299 [INFO]    Página 2/5 → https://www.linkedin.com/jobs-guest/jobs/api/seeMoreJobPostings/search?keywords=finanzas&location=Argentina&start=25&f_WT=2
2026-04-10 23:38:37,686 [INFO]    → 10 ofertas nuevas encontradas
2026-04-10 23:39:20,752 [INFO]    Página 3/5 → https://www.linkedin.com/jobs-guest/jobs/api/seeMoreJobPostings/search?keywords=finanzas&location=Argentina&start=50&f_WT=2
2026-04-10 23:39:25,237 [INFO]    → 10 ofertas nuevas encontradas
2026-04-10 23:40:09,162 [INFO]    Página 4/5 → https://www.linkedin.com/jobs-guest/jobs/api/seeMoreJobPostings/search?keywords=finanzas&location=Argentina&start=75&f_WT=2
2026-04-10 23:40:13,564 [INFO]    → 9 ofertas nuevas encontradas
2026-04-10 23:40:48,067 [INFO]    Página 5/5 → https://www.linkedin.com/jobs-guest/jobs/api/seeMoreJobPostings/search?keywords=finanzas&location=Argentina&start=100&f_WT=2
2026-04-10 23:40:51,176 [INFO]    → 0 ofertas nuevas encontradas
2026-04-10 23:40:51,177 [INFO]    → No hay más resultados para esta búsqueda.
2026-04-10 23:40:51,182 [INFO] Exportadas 36 ofertas a CSV: /media/carlos-a-cicconi/Common1/Repositorios-Ing.Carlos-Cicconi/Trabajo_Final_MCD/data/raw/ofertas_20260410.csv
2026-04-10 23:40:51,183 [INFO] ✅ 'finanzas': 36 ofertas guardadas
2026-04-10 23:40:51,183 [INFO] 
🔍 Buscando: 'finanzas' en 'Worldwide'
2026-04-10 23:40:51,183 [INFO]    Página 1/5 → https://www.linkedin.com/jobs-guest/jobs/api/seeMoreJobPostings/search?keywords=finanzas&location=Worldwide&start=0&f_WT=2
2026-04-10 23:40:55,107 [INFO]    → 9 ofertas nuevas encontradas
2026-04-10 23:41:32,072 [INFO]    Página 2/5 → https://www.linkedin.com/jobs-guest/jobs/api/seeMoreJobPostings/search?keywords=finanzas&location=Worldwide&start=25&f_WT=2
2026-04-10 23:41:35,918 [INFO]    → 7 ofertas nuevas encontradas
2026-04-10 23:42:06,815 [INFO]    Página 3/5 → https://www.linkedin.com/jobs-guest/jobs/api/seeMoreJobPostings/search?keywords=finanzas&location=Worldwide&start=50&f_WT=2
2026-04-10 23:42:11,501 [INFO]    → 8 ofertas nuevas encontradas
2026-04-10 23:42:39,531 [INFO]    Página 4/5 → https://www.linkedin.com/jobs-guest/jobs/api/seeMoreJobPostings/search?keywords=finanzas&location=Worldwide&start=75&f_WT=2
2026-04-10 23:42:42,837 [INFO]    → 6 ofertas nuevas encontradas
2026-04-10 23:43:10,228 [INFO]    Página 5/5 → https://www.linkedin.com/jobs-guest/jobs/api/seeMoreJobPostings/search?keywords=finanzas&location=Worldwide&start=100&f_WT=2
2026-04-10 23:43:15,302 [INFO]    → 10 ofertas nuevas encontradas
2026-04-10 23:43:58,580 [INFO] Exportadas 40 ofertas a CSV: /media/carlos-a-cicconi/Common1/Repositorios-Ing.Carlos-Cicconi/Trabajo_Final_MCD/data/raw/ofertas_20260410.csv
2026-04-10 23:43:58,580 [INFO] ✅ 'finanzas': 40 ofertas guardadas
2026-04-10 23:43:58,580 [INFO] 
🔍 Buscando: 'sap' en 'Rosario, Santa Fe, Argentina'
2026-04-10 23:43:58,580 [INFO]    Página 1/5 → https://www.linkedin.com/jobs-guest/jobs/api/seeMoreJobPostings/search?keywords=sap&location=Rosario%2C%20Santa%20Fe%2C%20Argentina&start=0&f_WT=2
2026-04-10 23:44:02,390 [INFO]    → 0 ofertas nuevas encontradas
2026-04-10 23:44:02,390 [INFO]    → No hay más resultados para esta búsqueda.
2026-04-10 23:44:02,390 [INFO] ✅ 'sap': 0 ofertas guardadas
2026-04-10 23:44:02,390 [INFO] 
🔍 Buscando: 'sap' en 'Argentina'
2026-04-10 23:44:02,391 [INFO]    Página 1/5 → https://www.linkedin.com/jobs-guest/jobs/api/seeMoreJobPostings/search?keywords=sap&location=Argentina&start=0&f_WT=2
2026-04-10 23:44:06,908 [INFO]    → 7 ofertas nuevas encontradas
2026-04-10 23:44:32,200 [INFO]    Página 2/5 → https://www.linkedin.com/jobs-guest/jobs/api/seeMoreJobPostings/search?keywords=sap&location=Argentina&start=25&f_WT=2
2026-04-10 23:44:36,399 [INFO]    → 8 ofertas nuevas encontradas
2026-04-10 23:45:10,571 [INFO]    Página 3/5 → https://www.linkedin.com/jobs-guest/jobs/api/seeMoreJobPostings/search?keywords=sap&location=Argentina&start=50&f_WT=2
2026-04-10 23:45:14,376 [INFO]    → 9 ofertas nuevas encontradas
2026-04-10 23:45:51,421 [INFO]    Página 4/5 → https://www.linkedin.com/jobs-guest/jobs/api/seeMoreJobPostings/search?keywords=sap&location=Argentina&start=75&f_WT=2
2026-04-10 23:45:57,096 [INFO]    → 9 ofertas nuevas encontradas
2026-04-10 23:46:34,199 [INFO]    Página 5/5 → https://www.linkedin.com/jobs-guest/jobs/api/seeMoreJobPostings/search?keywords=sap&location=Argentina&start=100&f_WT=2
2026-04-10 23:46:39,165 [INFO]    → 9 ofertas nuevas encontradas
2026-04-10 23:47:15,712 [INFO] Exportadas 42 ofertas a CSV: /media/carlos-a-cicconi/Common1/Repositorios-Ing.Carlos-Cicconi/Trabajo_Final_MCD/data/raw/ofertas_20260410.csv
2026-04-10 23:47:15,712 [INFO] ✅ 'sap': 42 ofertas guardadas
2026-04-10 23:47:15,712 [INFO] 
🔍 Buscando: 'sap' en 'Worldwide'
2026-04-10 23:47:15,712 [INFO]    Página 1/5 → https://www.linkedin.com/jobs-guest/jobs/api/seeMoreJobPostings/search?keywords=sap&location=Worldwide&start=0&f_WT=2
2026-04-10 23:47:20,842 [INFO]    → 9 ofertas nuevas encontradas
2026-04-10 23:47:54,205 [INFO]    Página 2/5 → https://www.linkedin.com/jobs-guest/jobs/api/seeMoreJobPostings/search?keywords=sap&location=Worldwide&start=25&f_WT=2
2026-04-10 23:47:59,564 [INFO]    → 8 ofertas nuevas encontradas
2026-04-10 23:48:35,917 [INFO]    Página 3/5 → https://www.linkedin.com/jobs-guest/jobs/api/seeMoreJobPostings/search?keywords=sap&location=Worldwide&start=50&f_WT=2
2026-04-10 23:48:39,914 [INFO]    → 10 ofertas nuevas encontradas
2026-04-10 23:49:22,271 [INFO]    Página 4/5 → https://www.linkedin.com/jobs-guest/jobs/api/seeMoreJobPostings/search?keywords=sap&location=Worldwide&start=75&f_WT=2
2026-04-10 23:49:27,115 [INFO]    → 10 ofertas nuevas encontradas
2026-04-10 23:50:09,644 [INFO]    Página 5/5 → https://www.linkedin.com/jobs-guest/jobs/api/seeMoreJobPostings/search?keywords=sap&location=Worldwide&start=100&f_WT=2
2026-04-10 23:50:14,621 [INFO]    → 9 ofertas nuevas encontradas
2026-04-10 23:50:50,143 [INFO] Exportadas 46 ofertas a CSV: /media/carlos-a-cicconi/Common1/Repositorios-Ing.Carlos-Cicconi/Trabajo_Final_MCD/data/raw/ofertas_20260410.csv
2026-04-10 23:50:50,144 [INFO] ✅ 'sap': 46 ofertas guardadas
2026-04-10 23:50:50,144 [INFO] 
🔍 Buscando: 'excel' en 'Rosario, Santa Fe, Argentina'
2026-04-10 23:50:50,144 [INFO]    Página 1/5 → https://www.linkedin.com/jobs-guest/jobs/api/seeMoreJobPostings/search?keywords=excel&location=Rosario%2C%20Santa%20Fe%2C%20Argentina&start=0&f_WT=2
2026-04-10 23:50:54,470 [INFO]    → 7 ofertas nuevas encontradas
2026-04-10 23:51:23,682 [INFO]    Página 2/5 → https://www.linkedin.com/jobs-guest/jobs/api/seeMoreJobPostings/search?keywords=excel&location=Rosario%2C%20Santa%20Fe%2C%20Argentina&start=25&f_WT=2
2026-04-10 23:51:28,750 [INFO]    → 0 ofertas nuevas encontradas
2026-04-10 23:51:28,750 [INFO]    → No hay más resultados para esta búsqueda.
2026-04-10 23:51:28,754 [INFO] Exportadas 7 ofertas a CSV: /media/carlos-a-cicconi/Common1/Repositorios-Ing.Carlos-Cicconi/Trabajo_Final_MCD/data/raw/ofertas_20260410.csv
2026-04-10 23:51:28,755 [INFO] ✅ 'excel': 7 ofertas guardadas
2026-04-10 23:51:28,755 [INFO] 
🔍 Buscando: 'excel' en 'Argentina'
2026-04-10 23:51:28,755 [INFO]    Página 1/5 → https://www.linkedin.com/jobs-guest/jobs/api/seeMoreJobPostings/search?keywords=excel&location=Argentina&start=0&f_WT=2
2026-04-10 23:51:34,300 [INFO]    → 5 ofertas nuevas encontradas
2026-04-10 23:51:55,117 [INFO]    Página 2/5 → https://www.linkedin.com/jobs-guest/jobs/api/seeMoreJobPostings/search?keywords=excel&location=Argentina&start=25&f_WT=2
2026-04-10 23:51:59,888 [INFO]    → 9 ofertas nuevas encontradas
2026-04-10 23:52:37,925 [INFO]    Página 3/5 → https://www.linkedin.com/jobs-guest/jobs/api/seeMoreJobPostings/search?keywords=excel&location=Argentina&start=50&f_WT=2
2026-04-10 23:52:41,272 [INFO]    → 8 ofertas nuevas encontradas
2026-04-10 23:53:13,870 [INFO]    Página 4/5 → https://www.linkedin.com/jobs-guest/jobs/api/seeMoreJobPostings/search?keywords=excel&location=Argentina&start=75&f_WT=2
2026-04-10 23:53:18,634 [INFO]    → 8 ofertas nuevas encontradas
2026-04-10 23:53:51,060 [INFO]    Página 5/5 → https://www.linkedin.com/jobs-guest/jobs/api/seeMoreJobPostings/search?keywords=excel&location=Argentina&start=100&f_WT=2
2026-04-10 23:53:55,909 [INFO]    → 10 ofertas nuevas encontradas
2026-04-10 23:54:35,536 [INFO] Exportadas 40 ofertas a CSV: /media/carlos-a-cicconi/Common1/Repositorios-Ing.Carlos-Cicconi/Trabajo_Final_MCD/data/raw/ofertas_20260410.csv
2026-04-10 23:54:35,536 [INFO] ✅ 'excel': 40 ofertas guardadas
2026-04-10 23:54:35,536 [INFO] 
🔍 Buscando: 'excel' en 'Worldwide'
2026-04-10 23:54:35,536 [INFO]    Página 1/5 → https://www.linkedin.com/jobs-guest/jobs/api/seeMoreJobPostings/search?keywords=excel&location=Worldwide&start=0&f_WT=2
2026-04-10 23:54:38,915 [INFO]    → 4 ofertas nuevas encontradas
2026-04-10 23:54:55,757 [INFO]    Página 2/5 → https://www.linkedin.com/jobs-guest/jobs/api/seeMoreJobPostings/search?keywords=excel&location=Worldwide&start=25&f_WT=2
2026-04-10 23:54:59,817 [INFO]    → 6 ofertas nuevas encontradas
2026-04-10 23:55:22,520 [INFO]    Página 3/5 → https://www.linkedin.com/jobs-guest/jobs/api/seeMoreJobPostings/search?keywords=excel&location=Worldwide&start=50&f_WT=2
2026-04-10 23:55:27,565 [INFO]    → 5 ofertas nuevas encontradas
2026-04-10 23:55:47,168 [INFO]    Página 4/5 → https://www.linkedin.com/jobs-guest/jobs/api/seeMoreJobPostings/search?keywords=excel&location=Worldwide&start=75&f_WT=2
2026-04-10 23:55:51,728 [INFO]    → 9 ofertas nuevas encontradas
2026-04-10 23:56:28,507 [INFO]    Página 5/5 → https://www.linkedin.com/jobs-guest/jobs/api/seeMoreJobPostings/search?keywords=excel&location=Worldwide&start=100&f_WT=2
2026-04-10 23:56:33,397 [INFO]    → 5 ofertas nuevas encontradas
2026-04-10 23:56:56,211 [INFO] Exportadas 29 ofertas a CSV: /media/carlos-a-cicconi/Common1/Repositorios-Ing.Carlos-Cicconi/Trabajo_Final_MCD/data/raw/ofertas_20260410.csv
2026-04-10 23:56:56,211 [INFO] ✅ 'excel': 29 ofertas guardadas
2026-04-10 23:56:56,211 [INFO] 
🔍 Buscando: 'automatizacion' en 'Rosario, Santa Fe, Argentina'
2026-04-10 23:56:56,212 [INFO]    Página 1/5 → https://www.linkedin.com/jobs-guest/jobs/api/seeMoreJobPostings/search?keywords=automatizacion&location=Rosario%2C%20Santa%20Fe%2C%20Argentina&start=0&f_WT=2
2026-04-10 23:57:00,953 [INFO]    → 2 ofertas nuevas encontradas
2026-04-10 23:57:09,468 [INFO]    Página 2/5 → https://www.linkedin.com/jobs-guest/jobs/api/seeMoreJobPostings/search?keywords=automatizacion&location=Rosario%2C%20Santa%20Fe%2C%20Argentina&start=25&f_WT=2
2026-04-10 23:57:12,557 [INFO]    → 0 ofertas nuevas encontradas
2026-04-10 23:57:12,557 [INFO]    → No hay más resultados para esta búsqueda.
2026-04-10 23:57:12,559 [INFO] Exportadas 2 ofertas a CSV: /media/carlos-a-cicconi/Common1/Repositorios-Ing.Carlos-Cicconi/Trabajo_Final_MCD/data/raw/ofertas_20260410.csv
2026-04-10 23:57:12,559 [INFO] ✅ 'automatizacion': 2 ofertas guardadas
2026-04-10 23:57:12,560 [INFO] 
🔍 Buscando: 'automatizacion' en 'Argentina'
2026-04-10 23:57:12,560 [INFO]    Página 1/5 → https://www.linkedin.com/jobs-guest/jobs/api/seeMoreJobPostings/search?keywords=automatizacion&location=Argentina&start=0&f_WT=2
2026-04-10 23:57:17,756 [INFO]    → 8 ofertas nuevas encontradas
2026-04-10 23:57:47,381 [INFO]    Página 2/5 → https://www.linkedin.com/jobs-guest/jobs/api/seeMoreJobPostings/search?keywords=automatizacion&location=Argentina&start=25&f_WT=2
2026-04-10 23:57:51,958 [INFO]    → 9 ofertas nuevas encontradas
2026-04-10 23:58:31,606 [INFO]    Página 3/5 → https://www.linkedin.com/jobs-guest/jobs/api/seeMoreJobPostings/search?keywords=automatizacion&location=Argentina&start=50&f_WT=2
2026-04-10 23:58:35,991 [INFO]    → 10 ofertas nuevas encontradas
2026-04-10 23:59:14,075 [INFO]    Página 4/5 → https://www.linkedin.com/jobs-guest/jobs/api/seeMoreJobPostings/search?keywords=automatizacion&location=Argentina&start=75&f_WT=2
2026-04-10 23:59:18,598 [INFO]    → 7 ofertas nuevas encontradas
2026-04-10 23:59:46,554 [INFO]    Página 5/5 → https://www.linkedin.com/jobs-guest/jobs/api/seeMoreJobPostings/search?keywords=automatizacion&location=Argentina&start=100&f_WT=2
2026-04-10 23:59:51,050 [INFO]    → 9 ofertas nuevas encontradas
2026-04-11 00:00:27,345 [INFO] Exportadas 43 ofertas a CSV: /media/carlos-a-cicconi/Common1/Repositorios-Ing.Carlos-Cicconi/Trabajo_Final_MCD/data/raw/ofertas_20260410.csv
2026-04-11 00:00:27,345 [INFO] ✅ 'automatizacion': 43 ofertas guardadas
2026-04-11 00:00:27,346 [INFO] 
🔍 Buscando: 'automatizacion' en 'Worldwide'
2026-04-11 00:00:27,346 [INFO]    Página 1/5 → https://www.linkedin.com/jobs-guest/jobs/api/seeMoreJobPostings/search?keywords=automatizacion&location=Worldwide&start=0&f_WT=2
2026-04-11 00:00:31,383 [INFO]    → 8 ofertas nuevas encontradas
2026-04-11 00:01:06,113 [INFO]    Página 2/5 → https://www.linkedin.com/jobs-guest/jobs/api/seeMoreJobPostings/search?keywords=automatizacion&location=Worldwide&start=25&f_WT=2
2026-04-11 00:01:11,218 [INFO]    → 10 ofertas nuevas encontradas
2026-04-11 00:01:52,538 [INFO]    Página 3/5 → https://www.linkedin.com/jobs-guest/jobs/api/seeMoreJobPostings/search?keywords=automatizacion&location=Worldwide&start=50&f_WT=2
2026-04-11 00:01:55,989 [INFO]    → 9 ofertas nuevas encontradas
2026-04-11 00:02:31,239 [INFO]    Página 4/5 → https://www.linkedin.com/jobs-guest/jobs/api/seeMoreJobPostings/search?keywords=automatizacion&location=Worldwide&start=75&f_WT=2
2026-04-11 00:02:35,925 [INFO]    → 7 ofertas nuevas encontradas
2026-04-11 00:03:04,593 [INFO]    Página 5/5 → https://www.linkedin.com/jobs-guest/jobs/api/seeMoreJobPostings/search?keywords=automatizacion&location=Worldwide&start=100&f_WT=2
2026-04-11 00:03:08,262 [INFO]    → 7 ofertas nuevas encontradas
2026-04-11 00:03:36,296 [INFO] Exportadas 41 ofertas a CSV: /media/carlos-a-cicconi/Common1/Repositorios-Ing.Carlos-Cicconi/Trabajo_Final_MCD/data/raw/ofertas_20260410.csv
2026-04-11 00:03:36,297 [INFO] ✅ 'automatizacion': 41 ofertas guardadas
2026-04-11 00:03:36,297 [INFO] 
============================================================
2026-04-11 00:03:36,297 [INFO] SCRAPING FINALIZADO
2026-04-11 00:03:36,297 [INFO] Total de ofertas únicas recopiladas: 1035
2026-04-11 00:03:36,297 [INFO] Base de datos: /media/carlos-a-cicconi/Common1/Repositorios-Ing.Carlos-Cicconi/Trabajo_Final_MCD/data/raw/ofertas_linkedin.db
2026-04-11 00:03:36,297 [INFO] CSV exportado: /media/carlos-a-cicconi/Common1/Repositorios-Ing.Carlos-Cicconi/Trabajo_Final_MCD/data/raw/ofertas_20260410.csv
2026-04-11 00:03:36,297 [INFO] Log guardado:  /media/carlos-a-cicconi/Common1/Repositorios-Ing.Carlos-Cicconi/Trabajo_Final_MCD/logs/scraper_20260410_224215.log
2026-04-11 00:03:36,297 [INFO] ============================================================
2026-04-11 00:03:36,298 [INFO] Estadísticas guardadas: /media/carlos-a-cicconi/Common1/Repositorios-Ing.Carlos-Cicconi/Trabajo_Final_MCD/data/raw/stats_20260411_000336.json
2026-04-11 00:03:36,298 [INFO]   ✅ linkedin: 1,035 ofertas recopiladas
2026-04-11 00:03:36,302 [INFO] 
============================================================
2026-04-11 00:03:36,302 [INFO]   EJECUTANDO: computrabajo (ComputrabajoScraper)
2026-04-11 00:03:36,302 [INFO]   Queries: desde CV (42 búsquedas)
2026-04-11 00:03:36,302 [INFO] ============================================================
2026-04-11 00:03:36,338 [INFO] Base de datos lista: /media/carlos-a-cicconi/Common1/Repositorios-Ing.Carlos-Cicconi/Trabajo_Final_MCD/data/raw/ofertas_computrabajo.db
2026-04-11 00:03:36,338 [INFO] ComputrabajoScraper inicializado correctamente
2026-04-11 00:03:36,338 [INFO]   ✅ Queries del CV inyectadas en computrabajo
2026-04-11 00:03:36,338 [INFO] ============================================================
2026-04-11 00:03:36,338 [INFO] INICIO DEL SCRAPING - Computrabajo Argentina
2026-04-11 00:03:36,338 [INFO] Búsquedas: 14 | Páginas por búsqueda: 5
2026-04-11 00:03:36,338 [INFO] ============================================================
2026-04-11 00:03:36,338 [INFO] 
🔍 Buscando: 'Data Scientist'
2026-04-11 00:03:36,338 [INFO]    Página 1/5 → https://www.computrabajo.com.ar/trabajo-de-data-scientist
2026-04-11 00:03:43,540 [INFO]    → 0 ofertas nuevas encontradas
2026-04-11 00:03:43,540 [INFO]    → Sin más resultados para esta búsqueda.
2026-04-11 00:03:43,540 [INFO] ✅ 'Data Scientist': 0 ofertas guardadas
2026-04-11 00:03:43,540 [INFO] 
🔍 Buscando: 'BI / Analytics'
2026-04-11 00:03:43,540 [INFO]    Página 1/5 → https://www.computrabajo.com.ar/trabajo-de-business-intelligence
2026-04-11 00:03:47,659 [INFO]    → 0 ofertas nuevas encontradas
2026-04-11 00:03:47,659 [INFO]    → Sin más resultados para esta búsqueda.
2026-04-11 00:03:47,659 [INFO] ✅ 'BI / Analytics': 0 ofertas guardadas
2026-04-11 00:03:47,659 [INFO] 
🔍 Buscando: 'Python Developer'
2026-04-11 00:03:47,659 [INFO]    Página 1/5 → https://www.computrabajo.com.ar/trabajo-de-python
2026-04-11 00:03:52,661 [INFO]    → 0 ofertas nuevas encontradas
2026-04-11 00:03:52,661 [INFO]    → Sin más resultados para esta búsqueda.
2026-04-11 00:03:52,661 [INFO] ✅ 'Python Developer': 0 ofertas guardadas
2026-04-11 00:03:52,662 [INFO] 
🔍 Buscando: 'R Developer'
2026-04-11 00:03:52,662 [INFO]    Página 1/5 → https://www.computrabajo.com.ar/trabajo-de-r
2026-04-11 00:03:57,679 [INFO]    → 0 ofertas nuevas encontradas
2026-04-11 00:03:57,680 [INFO]    → Sin más resultados para esta búsqueda.
2026-04-11 00:03:57,680 [INFO] ✅ 'R Developer': 0 ofertas guardadas
2026-04-11 00:03:57,680 [INFO] 
🔍 Buscando: 'Julia Developer'
2026-04-11 00:03:57,680 [INFO]    Página 1/5 → https://www.computrabajo.com.ar/trabajo-de-julia
2026-04-11 00:04:02,254 [INFO]    → 0 ofertas nuevas encontradas
2026-04-11 00:04:02,254 [INFO]    → Sin más resultados para esta búsqueda.
2026-04-11 00:04:02,254 [INFO] ✅ 'Julia Developer': 0 ofertas guardadas
2026-04-11 00:04:02,254 [INFO] 
🔍 Buscando: 'Control de Gestión'
2026-04-11 00:04:02,254 [INFO]    Página 1/5 → https://www.computrabajo.com.ar/trabajo-de-control-de-gestion
2026-04-11 00:04:08,637 [INFO]    → 20 ofertas nuevas encontradas
2026-04-11 00:05:56,768 [INFO]    Página 2/5 → https://www.computrabajo.com.ar/trabajo-de-control-de-gestion?p=2
2026-04-11 00:06:02,084 [INFO]    → 20 ofertas nuevas encontradas
2026-04-11 00:07:42,484 [INFO]    Página 3/5 → https://www.computrabajo.com.ar/trabajo-de-control-de-gestion?p=3
2026-04-11 00:07:48,805 [INFO]    → 20 ofertas nuevas encontradas
2026-04-11 00:09:27,304 [INFO]    Página 4/5 → https://www.computrabajo.com.ar/trabajo-de-control-de-gestion?p=4
2026-04-11 00:09:33,751 [INFO]    → 20 ofertas nuevas encontradas
2026-04-11 00:11:22,631 [INFO]    Página 5/5 → https://www.computrabajo.com.ar/trabajo-de-control-de-gestion?p=5
2026-04-11 00:11:28,026 [INFO]    → 0 ofertas nuevas encontradas
2026-04-11 00:11:28,026 [INFO]    → Sin más resultados para esta búsqueda.
2026-04-11 00:11:28,028 [INFO] Exportadas 80 ofertas a CSV: /media/carlos-a-cicconi/Common1/Repositorios-Ing.Carlos-Cicconi/Trabajo_Final_MCD/data/raw/computrabajo_20260411.csv
2026-04-11 00:11:28,028 [INFO] ✅ 'Control de Gestión': 80 ofertas guardadas
2026-04-11 00:11:28,028 [INFO] 
🔍 Buscando: 'Consultor'
2026-04-11 00:11:28,028 [INFO]    Página 1/5 → https://www.computrabajo.com.ar/trabajo-de-consultor
2026-04-11 00:11:31,686 [INFO]    → 0 ofertas nuevas encontradas
2026-04-11 00:11:31,686 [INFO]    → Sin más resultados para esta búsqueda.
2026-04-11 00:11:31,686 [INFO] ✅ 'Consultor': 0 ofertas guardadas
2026-04-11 00:11:31,686 [INFO] 
🔍 Buscando: 'Gerente de Operaciones'
2026-04-11 00:11:31,686 [INFO]    Página 1/5 → https://www.computrabajo.com.ar/trabajo-de-gerente-operaciones
2026-04-11 00:11:35,983 [INFO]    → 0 ofertas nuevas encontradas
2026-04-11 00:11:35,984 [INFO]    → Sin más resultados para esta búsqueda.
2026-04-11 00:11:35,984 [INFO] ✅ 'Gerente de Operaciones': 0 ofertas guardadas
2026-04-11 00:11:35,984 [INFO] 
🔍 Buscando: 'Compras / Procurement'
2026-04-11 00:11:35,984 [INFO]    Página 1/5 → https://www.computrabajo.com.ar/trabajo-de-compras
2026-04-11 00:11:42,038 [INFO]    → 0 ofertas nuevas encontradas
2026-04-11 00:11:42,038 [INFO]    → Sin más resultados para esta búsqueda.
2026-04-11 00:11:42,039 [INFO] ✅ 'Compras / Procurement': 0 ofertas guardadas
2026-04-11 00:11:42,039 [INFO] 
🔍 Buscando: 'Ingeniero Industrial'
2026-04-11 00:11:42,039 [INFO]    Página 1/5 → https://www.computrabajo.com.ar/trabajo-de-ingeniero-industrial
2026-04-11 00:11:48,202 [INFO]    → 20 ofertas nuevas encontradas
2026-04-11 00:13:20,187 [INFO]    Página 2/5 → https://www.computrabajo.com.ar/trabajo-de-ingeniero-industrial?p=2
2026-04-11 00:13:25,974 [INFO]    → 20 ofertas nuevas encontradas
2026-04-11 00:15:02,026 [INFO]    Página 3/5 → https://www.computrabajo.com.ar/trabajo-de-ingeniero-industrial?p=3
2026-04-11 00:15:07,956 [INFO]    → 0 ofertas nuevas encontradas
2026-04-11 00:15:07,956 [INFO]    → Sin más resultados para esta búsqueda.
2026-04-11 00:15:07,957 [INFO] Exportadas 40 ofertas a CSV: /media/carlos-a-cicconi/Common1/Repositorios-Ing.Carlos-Cicconi/Trabajo_Final_MCD/data/raw/computrabajo_20260411.csv
2026-04-11 00:15:07,957 [INFO] ✅ 'Ingeniero Industrial': 40 ofertas guardadas
2026-04-11 00:15:07,957 [INFO] 
🔍 Buscando: 'Finanzas / CAPEX'
2026-04-11 00:15:07,957 [INFO]    Página 1/5 → https://www.computrabajo.com.ar/trabajo-de-finanzas
2026-04-11 00:15:11,843 [INFO]    → 0 ofertas nuevas encontradas
2026-04-11 00:15:11,843 [INFO]    → Sin más resultados para esta búsqueda.
2026-04-11 00:15:11,844 [INFO] ✅ 'Finanzas / CAPEX': 0 ofertas guardadas
2026-04-11 00:15:11,844 [INFO] 
🔍 Buscando: 'SAP'
2026-04-11 00:15:11,844 [INFO]    Página 1/5 → https://www.computrabajo.com.ar/trabajo-de-sap
2026-04-11 00:15:17,135 [INFO]    → 0 ofertas nuevas encontradas
2026-04-11 00:15:17,135 [INFO]    → Sin más resultados para esta búsqueda.
2026-04-11 00:15:17,135 [INFO] ✅ 'SAP': 0 ofertas guardadas
2026-04-11 00:15:17,135 [INFO] 
🔍 Buscando: 'Excel / VBA'
2026-04-11 00:15:17,135 [INFO]    Página 1/5 → https://www.computrabajo.com.ar/trabajo-de-excel
2026-04-11 00:15:21,929 [INFO]    → 0 ofertas nuevas encontradas
2026-04-11 00:15:21,929 [INFO]    → Sin más resultados para esta búsqueda.
2026-04-11 00:15:21,929 [INFO] ✅ 'Excel / VBA': 0 ofertas guardadas
2026-04-11 00:15:21,930 [INFO] 
🔍 Buscando: 'Google Apps Script'
2026-04-11 00:15:21,930 [INFO]    Página 1/5 → https://www.computrabajo.com.ar/trabajo-de-automatizacion
2026-04-11 00:15:27,741 [INFO]    → 19 ofertas nuevas encontradas
2026-04-11 00:17:08,784 [INFO]    Página 2/5 → https://www.computrabajo.com.ar/trabajo-de-automatizacion?p=2
2026-04-11 00:17:12,794 [INFO]    → 0 ofertas nuevas encontradas
2026-04-11 00:17:12,794 [INFO]    → Sin más resultados para esta búsqueda.
2026-04-11 00:17:12,795 [INFO] Exportadas 19 ofertas a CSV: /media/carlos-a-cicconi/Common1/Repositorios-Ing.Carlos-Cicconi/Trabajo_Final_MCD/data/raw/computrabajo_20260411.csv
2026-04-11 00:17:12,795 [INFO] ✅ 'Google Apps Script': 19 ofertas guardadas
2026-04-11 00:17:12,795 [INFO] 
============================================================
2026-04-11 00:17:12,795 [INFO] SCRAPING FINALIZADO - Computrabajo
2026-04-11 00:17:12,795 [INFO] Total de ofertas únicas recopiladas: 139
2026-04-11 00:17:12,795 [INFO] Base de datos : /media/carlos-a-cicconi/Common1/Repositorios-Ing.Carlos-Cicconi/Trabajo_Final_MCD/data/raw/ofertas_computrabajo.db
2026-04-11 00:17:12,795 [INFO] CSV exportado : /media/carlos-a-cicconi/Common1/Repositorios-Ing.Carlos-Cicconi/Trabajo_Final_MCD/data/raw/computrabajo_20260411.csv
2026-04-11 00:17:12,795 [INFO] Log guardado  : /media/carlos-a-cicconi/Common1/Repositorios-Ing.Carlos-Cicconi/Trabajo_Final_MCD/logs/computrabajo_scraper_20260411_000336.log
2026-04-11 00:17:12,795 [INFO] ============================================================
2026-04-11 00:17:12,795 [INFO] Estadísticas guardadas: /media/carlos-a-cicconi/Common1/Repositorios-Ing.Carlos-Cicconi/Trabajo_Final_MCD/data/raw/stats_computrabajo_20260411_001712.json
2026-04-11 00:17:12,796 [INFO]   ✅ computrabajo: 139 ofertas recopiladas
2026-04-11 00:17:12,798 [INFO] 
============================================================
2026-04-11 00:17:12,798 [INFO]   EJECUTANDO: getonboard (GetOnBoardScraper)
2026-04-11 00:17:12,798 [INFO]   Queries: desde CV (42 búsquedas)
2026-04-11 00:17:12,798 [INFO] ============================================================
2026-04-11 00:17:12,812 [INFO] Base de datos lista: /media/carlos-a-cicconi/Common1/Repositorios-Ing.Carlos-Cicconi/Trabajo_Final_MCD/data/raw/ofertas_getonboard.db
2026-04-11 00:17:12,812 [INFO] GetOnBoardScraper inicializado
2026-04-11 00:17:12,812 [INFO]   ✅ Queries del CV inyectadas en getonboard
2026-04-11 00:17:12,812 [INFO] ============================================================
2026-04-11 00:17:12,812 [INFO] INICIO DEL SCRAPING - GetOnBoard (API JSON)
2026-04-11 00:17:12,812 [INFO] Búsquedas: 14 | Páginas: 5
2026-04-11 00:17:12,812 [INFO] ============================================================
2026-04-11 00:17:12,813 [INFO] 
🔍 Buscando: '{'keyword': 'data-scientist', 'label': 'Data Scientist'}'
2026-04-11 00:17:12,813 [INFO]    Página 1/5
2026-04-11 00:17:15,701 [INFO]    → 8 items recibidos
2026-04-11 00:17:15,705 [ERROR] DB error: Error binding parameter 8: type 'dict' is not supported
2026-04-11 00:17:15,707 [ERROR] DB error: Error binding parameter 8: type 'dict' is not supported
2026-04-11 00:17:15,710 [ERROR] DB error: Error binding parameter 8: type 'dict' is not supported
2026-04-11 00:17:15,713 [ERROR] DB error: Error binding parameter 8: type 'dict' is not supported
2026-04-11 00:17:15,715 [ERROR] DB error: Error binding parameter 8: type 'dict' is not supported
2026-04-11 00:17:15,718 [ERROR] DB error: Error binding parameter 8: type 'dict' is not supported
2026-04-11 00:17:15,721 [ERROR] DB error: Error binding parameter 8: type 'dict' is not supported
2026-04-11 00:17:15,724 [ERROR] DB error: Error binding parameter 8: type 'dict' is not supported
2026-04-11 00:17:15,725 [INFO]    → 8 ofertas nuevas guardadas en esta página
2026-04-11 00:17:15,726 [INFO]    Página 2/5
2026-04-11 00:17:18,053 [INFO]    → 0 items recibidos
2026-04-11 00:17:18,054 [INFO]    → Sin más resultados.
2026-04-11 00:17:18,065 [INFO] Exportadas 8 ofertas a CSV: /media/carlos-a-cicconi/Common1/Repositorios-Ing.Carlos-Cicconi/Trabajo_Final_MCD/data/raw/getonboard_20260411.csv
2026-04-11 00:17:18,065 [INFO] ✅ '{'keyword': 'data-scientist', 'label': 'Data Scientist'}': 8 ofertas guardadas
2026-04-11 00:17:18,065 [INFO]    💤 Pausa: 5.6s
2026-04-11 00:17:23,635 [INFO] 
🔍 Buscando: '{'keyword': 'business-intelligence', 'label': 'BI / Analytics'}'
2026-04-11 00:17:23,635 [INFO]    Página 1/5
2026-04-11 00:17:26,453 [INFO]    → 8 items recibidos
2026-04-11 00:17:26,454 [INFO]    → 0 ofertas nuevas guardadas en esta página
2026-04-11 00:17:26,454 [INFO]    Página 2/5
2026-04-11 00:17:28,907 [INFO]    → 0 items recibidos
2026-04-11 00:17:28,907 [INFO]    → Sin más resultados.
2026-04-11 00:17:28,908 [INFO] ✅ '{'keyword': 'business-intelligence', 'label': 'BI / Analytics'}': 0 ofertas guardadas
2026-04-11 00:17:28,908 [INFO]    💤 Pausa: 5.1s
2026-04-11 00:17:34,017 [INFO] 
🔍 Buscando: '{'keyword': 'python', 'label': 'Python Developer'}'
2026-04-11 00:17:34,018 [INFO]    Página 1/5
2026-04-11 00:17:36,384 [INFO]    → 8 items recibidos
2026-04-11 00:17:36,384 [INFO]    → 0 ofertas nuevas guardadas en esta página
2026-04-11 00:17:36,385 [INFO]    Página 2/5
2026-04-11 00:17:39,145 [INFO]    → 0 items recibidos
2026-04-11 00:17:39,145 [INFO]    → Sin más resultados.
2026-04-11 00:17:39,146 [INFO] ✅ '{'keyword': 'python', 'label': 'Python Developer'}': 0 ofertas guardadas
2026-04-11 00:17:39,146 [INFO]    💤 Pausa: 4.3s
2026-04-11 00:17:43,427 [INFO] 
🔍 Buscando: '{'keyword': 'r', 'label': 'R Developer'}'
2026-04-11 00:17:43,427 [INFO]    Página 1/5
2026-04-11 00:17:46,113 [INFO]    → 8 items recibidos
2026-04-11 00:17:46,113 [INFO]    → 0 ofertas nuevas guardadas en esta página
2026-04-11 00:17:46,113 [INFO]    Página 2/5
2026-04-11 00:17:48,567 [INFO]    → 0 items recibidos
2026-04-11 00:17:48,568 [INFO]    → Sin más resultados.
2026-04-11 00:17:48,568 [INFO] ✅ '{'keyword': 'r', 'label': 'R Developer'}': 0 ofertas guardadas
2026-04-11 00:17:48,568 [INFO]    💤 Pausa: 5.2s
2026-04-11 00:17:53,778 [INFO] 
🔍 Buscando: '{'keyword': 'julia', 'label': 'Julia Developer'}'
2026-04-11 00:17:53,779 [INFO]    Página 1/5
2026-04-11 00:17:56,865 [INFO]    → 8 items recibidos
2026-04-11 00:17:56,865 [INFO]    → 0 ofertas nuevas guardadas en esta página
2026-04-11 00:17:56,865 [INFO]    Página 2/5
2026-04-11 00:18:00,035 [INFO]    → 0 items recibidos
2026-04-11 00:18:00,035 [INFO]    → Sin más resultados.
2026-04-11 00:18:00,035 [INFO] ✅ '{'keyword': 'julia', 'label': 'Julia Developer'}': 0 ofertas guardadas
2026-04-11 00:18:00,036 [INFO]    💤 Pausa: 5.9s
2026-04-11 00:18:05,909 [INFO] 
🔍 Buscando: '{'keyword': 'control-de-gestion', 'label': 'Control de Gestión'}'
2026-04-11 00:18:05,909 [INFO]    Página 1/5
2026-04-11 00:18:08,231 [INFO]    → 8 items recibidos
2026-04-11 00:18:08,231 [INFO]    → 0 ofertas nuevas guardadas en esta página
2026-04-11 00:18:08,231 [INFO]    Página 2/5
2026-04-11 00:18:11,402 [INFO]    → 0 items recibidos
2026-04-11 00:18:11,403 [INFO]    → Sin más resultados.
2026-04-11 00:18:11,403 [INFO] ✅ '{'keyword': 'control-de-gestion', 'label': 'Control de Gestión'}': 0 ofertas guardadas
2026-04-11 00:18:11,403 [INFO]    💤 Pausa: 4.9s
2026-04-11 00:18:16,268 [INFO] 
🔍 Buscando: '{'keyword': 'consultor', 'label': 'Consultor'}'
2026-04-11 00:18:16,268 [INFO]    Página 1/5
2026-04-11 00:18:18,572 [INFO]    → 8 items recibidos
2026-04-11 00:18:18,573 [INFO]    → 0 ofertas nuevas guardadas en esta página
2026-04-11 00:18:18,573 [INFO]    Página 2/5
2026-04-11 00:18:21,846 [INFO]    → 0 items recibidos
2026-04-11 00:18:21,847 [INFO]    → Sin más resultados.
2026-04-11 00:18:21,847 [INFO] ✅ '{'keyword': 'consultor', 'label': 'Consultor'}': 0 ofertas guardadas
2026-04-11 00:18:21,848 [INFO]    💤 Pausa: 6.4s
2026-04-11 00:18:28,235 [INFO] 
🔍 Buscando: '{'keyword': 'gerente-operaciones', 'label': 'Gerente de Operaciones'}'
2026-04-11 00:18:28,236 [INFO]    Página 1/5
2026-04-11 00:18:30,243 [INFO]    → 8 items recibidos
2026-04-11 00:18:30,243 [INFO]    → 0 ofertas nuevas guardadas en esta página
2026-04-11 00:18:30,243 [INFO]    Página 2/5
2026-04-11 00:18:32,087 [INFO]    → 0 items recibidos
2026-04-11 00:18:32,087 [INFO]    → Sin más resultados.
2026-04-11 00:18:32,087 [INFO] ✅ '{'keyword': 'gerente-operaciones', 'label': 'Gerente de Operaciones'}': 0 ofertas guardadas
2026-04-11 00:18:32,087 [INFO]    💤 Pausa: 7.0s
2026-04-11 00:18:39,043 [INFO] 
🔍 Buscando: '{'keyword': 'compras', 'label': 'Compras / Procurement'}'
2026-04-11 00:18:39,044 [INFO]    Página 1/5
2026-04-11 00:18:41,818 [INFO]    → 8 items recibidos
2026-04-11 00:18:41,818 [INFO]    → 0 ofertas nuevas guardadas en esta página
2026-04-11 00:18:41,818 [INFO]    Página 2/5
2026-04-11 00:18:44,886 [INFO]    → 0 items recibidos
2026-04-11 00:18:44,886 [INFO]    → Sin más resultados.
2026-04-11 00:18:44,886 [INFO] ✅ '{'keyword': 'compras', 'label': 'Compras / Procurement'}': 0 ofertas guardadas
2026-04-11 00:18:44,887 [INFO]    💤 Pausa: 5.4s
2026-04-11 00:18:50,328 [INFO] 
🔍 Buscando: '{'keyword': 'ingeniero-industrial', 'label': 'Ingeniero Industrial'}'
2026-04-11 00:18:50,329 [INFO]    Página 1/5
2026-04-11 00:18:52,978 [INFO]    → 8 items recibidos
2026-04-11 00:18:52,979 [INFO]    → 0 ofertas nuevas guardadas en esta página
2026-04-11 00:18:52,979 [INFO]    Página 2/5
2026-04-11 00:18:54,818 [INFO]    → 0 items recibidos
2026-04-11 00:18:54,819 [INFO]    → Sin más resultados.
2026-04-11 00:18:54,819 [INFO] ✅ '{'keyword': 'ingeniero-industrial', 'label': 'Ingeniero Industrial'}': 0 ofertas guardadas
2026-04-11 00:18:54,819 [INFO]    💤 Pausa: 6.6s
2026-04-11 00:19:01,445 [INFO] 
🔍 Buscando: '{'keyword': 'finanzas', 'label': 'Finanzas / CAPEX'}'
2026-04-11 00:19:01,445 [INFO]    Página 1/5
2026-04-11 00:19:04,447 [INFO]    → 8 items recibidos
2026-04-11 00:19:04,447 [INFO]    → 0 ofertas nuevas guardadas en esta página
2026-04-11 00:19:04,447 [INFO]    Página 2/5
2026-04-11 00:19:06,594 [INFO]    → 0 items recibidos
2026-04-11 00:19:06,594 [INFO]    → Sin más resultados.
2026-04-11 00:19:06,595 [INFO] ✅ '{'keyword': 'finanzas', 'label': 'Finanzas / CAPEX'}': 0 ofertas guardadas
2026-04-11 00:19:06,595 [INFO]    💤 Pausa: 6.2s
2026-04-11 00:19:12,771 [INFO] 
🔍 Buscando: '{'keyword': 'sap', 'label': 'SAP'}'
2026-04-11 00:19:12,772 [INFO]    Página 1/5
2026-04-11 00:19:15,484 [INFO]    → 8 items recibidos
2026-04-11 00:19:15,485 [INFO]    → 0 ofertas nuevas guardadas en esta página
2026-04-11 00:19:15,485 [INFO]    Página 2/5
2026-04-11 00:19:17,756 [INFO]    → 0 items recibidos
2026-04-11 00:19:17,756 [INFO]    → Sin más resultados.
2026-04-11 00:19:17,756 [INFO] ✅ '{'keyword': 'sap', 'label': 'SAP'}': 0 ofertas guardadas
2026-04-11 00:19:17,756 [INFO]    💤 Pausa: 5.0s
2026-04-11 00:19:22,726 [INFO] 
🔍 Buscando: '{'keyword': 'excel', 'label': 'Excel / VBA'}'
2026-04-11 00:19:22,726 [INFO]    Página 1/5
2026-04-11 00:19:25,338 [INFO]    → 8 items recibidos
2026-04-11 00:19:25,339 [INFO]    → 0 ofertas nuevas guardadas en esta página
2026-04-11 00:19:25,339 [INFO]    Página 2/5
2026-04-11 00:19:27,791 [INFO]    → 0 items recibidos
2026-04-11 00:19:27,791 [INFO]    → Sin más resultados.
2026-04-11 00:19:27,791 [INFO] ✅ '{'keyword': 'excel', 'label': 'Excel / VBA'}': 0 ofertas guardadas
2026-04-11 00:19:27,792 [INFO]    💤 Pausa: 4.3s
2026-04-11 00:19:32,078 [INFO] 
🔍 Buscando: '{'keyword': 'automatizacion', 'label': 'Google Apps Script'}'
2026-04-11 00:19:32,078 [INFO]    Página 1/5
2026-04-11 00:19:35,371 [INFO]    → 8 items recibidos
2026-04-11 00:19:35,371 [INFO]    → 0 ofertas nuevas guardadas en esta página
2026-04-11 00:19:35,372 [INFO]    Página 2/5
2026-04-11 00:19:38,543 [INFO]    → 0 items recibidos
2026-04-11 00:19:38,543 [INFO]    → Sin más resultados.
2026-04-11 00:19:38,544 [INFO] ✅ '{'keyword': 'automatizacion', 'label': 'Google Apps Script'}': 0 ofertas guardadas
2026-04-11 00:19:38,544 [INFO]    💤 Pausa: 5.9s
2026-04-11 00:19:44,493 [INFO] 
============================================================
2026-04-11 00:19:44,494 [INFO] SCRAPING FINALIZADO - GetOnBoard
2026-04-11 00:19:44,494 [INFO] Total ofertas únicas: 8
2026-04-11 00:19:44,495 [INFO] DB : /media/carlos-a-cicconi/Common1/Repositorios-Ing.Carlos-Cicconi/Trabajo_Final_MCD/data/raw/ofertas_getonboard.db
2026-04-11 00:19:44,495 [INFO] CSV: /media/carlos-a-cicconi/Common1/Repositorios-Ing.Carlos-Cicconi/Trabajo_Final_MCD/data/raw/getonboard_20260411.csv
2026-04-11 00:19:44,495 [INFO] Log: /media/carlos-a-cicconi/Common1/Repositorios-Ing.Carlos-Cicconi/Trabajo_Final_MCD/logs/getonboard_scraper_20260411_001712.log
2026-04-11 00:19:44,496 [INFO] ============================================================
2026-04-11 00:19:44,498 [INFO]   ✅ getonboard: 8 ofertas recopiladas
2026-04-11 00:19:44,498 [INFO] 
============================================================
2026-04-11 00:19:44,499 [INFO]   EJECUTANDO: bumeran (BumeranScraper)
2026-04-11 00:19:44,499 [INFO]   Queries: desde CV (42 búsquedas)
2026-04-11 00:19:44,499 [INFO] ============================================================
2026-04-11 00:19:44,594 [INFO] Base de datos lista: /media/carlos-a-cicconi/Common1/Repositorios-Ing.Carlos-Cicconi/Trabajo_Final_MCD/data/raw/ofertas_bumeran.db
2026-04-11 00:19:44,594 [INFO] BumeranScraper (Playwright) inicializado
2026-04-11 00:19:44,594 [INFO]   ✅ Queries del CV inyectadas en bumeran
2026-04-11 00:19:45,686 [INFO] Inicializando sesión en Bumeran...
2026-04-11 00:20:02,927 [INFO] 
🔍 Buscando: 'Data Scientist'
2026-04-11 00:20:02,927 [INFO]    Página 1/5 → https://www.bumeran.com.ar/empleos-busqueda-data-scientist.html
2026-04-11 00:20:11,533 [INFO]    → 3 ofertas encontradas
2026-04-11 00:20:37,185 [INFO]    Página 2/5 → https://www.bumeran.com.ar/empleos-busqueda-data-scientist.html?page=2
2026-04-11 00:20:59,034 [INFO]    → 0 ofertas encontradas
2026-04-11 00:20:59,035 [INFO]    → Sin más resultados.
2026-04-11 00:20:59,035 [INFO] Exportadas 3 ofertas → /media/carlos-a-cicconi/Common1/Repositorios-Ing.Carlos-Cicconi/Trabajo_Final_MCD/data/raw/bumeran_20260411.csv
2026-04-11 00:20:59,036 [INFO] ✅ 'Data Scientist': 3 ofertas guardadas
2026-04-11 00:20:59,036 [INFO]    💤 Pausa: 10.8s
2026-04-11 00:21:09,798 [INFO] 
🔍 Buscando: 'BI / Analytics'
2026-04-11 00:21:09,798 [INFO]    Página 1/5 → https://www.bumeran.com.ar/empleos-busqueda-business-intelligence.html
2026-04-11 00:21:18,310 [INFO]    → 3 ofertas encontradas
2026-04-11 00:21:44,809 [INFO]    Página 2/5 → https://www.bumeran.com.ar/empleos-busqueda-business-intelligence.html?page=2
2026-04-11 00:22:06,449 [INFO]    → 0 ofertas encontradas
2026-04-11 00:22:06,449 [INFO]    → Sin más resultados.
2026-04-11 00:22:06,450 [INFO] Exportadas 3 ofertas → /media/carlos-a-cicconi/Common1/Repositorios-Ing.Carlos-Cicconi/Trabajo_Final_MCD/data/raw/bumeran_20260411.csv
2026-04-11 00:22:06,451 [INFO] ✅ 'BI / Analytics': 3 ofertas guardadas
2026-04-11 00:22:06,451 [INFO]    💤 Pausa: 8.2s
2026-04-11 00:22:14,687 [INFO] 
🔍 Buscando: 'Python Developer'
2026-04-11 00:22:14,687 [INFO]    Página 1/5 → https://www.bumeran.com.ar/empleos-busqueda-python.html
2026-04-11 00:22:25,821 [INFO]    → 8 ofertas encontradas
2026-04-11 00:23:31,138 [INFO]    Página 2/5 → https://www.bumeran.com.ar/empleos-busqueda-python.html?page=2
2026-04-11 00:23:50,608 [INFO]    → 0 ofertas encontradas
2026-04-11 00:23:50,608 [INFO]    → Sin más resultados.
2026-04-11 00:23:50,610 [INFO] Exportadas 8 ofertas → /media/carlos-a-cicconi/Common1/Repositorios-Ing.Carlos-Cicconi/Trabajo_Final_MCD/data/raw/bumeran_20260411.csv
2026-04-11 00:23:50,610 [INFO] ✅ 'Python Developer': 8 ofertas guardadas
2026-04-11 00:23:50,610 [INFO]    💤 Pausa: 7.6s
2026-04-11 00:23:58,181 [INFO] 
🔍 Buscando: 'R Developer'
2026-04-11 00:23:58,181 [INFO]    Página 1/5 → https://www.bumeran.com.ar/empleos-busqueda-r.html
2026-04-11 00:24:18,575 [INFO]    → 0 ofertas encontradas
2026-04-11 00:24:18,575 [INFO]    → Sin más resultados.
2026-04-11 00:24:18,575 [INFO] ✅ 'R Developer': 0 ofertas guardadas
2026-04-11 00:24:18,576 [INFO]    💤 Pausa: 10.3s
2026-04-11 00:24:28,887 [INFO] 
🔍 Buscando: 'Julia Developer'
2026-04-11 00:24:28,887 [INFO]    Página 1/5 → https://www.bumeran.com.ar/empleos-busqueda-julia.html
2026-04-11 00:24:38,279 [INFO]    → 3 ofertas encontradas
2026-04-11 00:25:02,877 [INFO]    Página 2/5 → https://www.bumeran.com.ar/empleos-busqueda-julia.html?page=2
2026-04-11 00:25:24,131 [INFO]    → 0 ofertas encontradas
2026-04-11 00:25:24,131 [INFO]    → Sin más resultados.
2026-04-11 00:25:24,132 [INFO] Exportadas 3 ofertas → /media/carlos-a-cicconi/Common1/Repositorios-Ing.Carlos-Cicconi/Trabajo_Final_MCD/data/raw/bumeran_20260411.csv
2026-04-11 00:25:24,132 [INFO] ✅ 'Julia Developer': 3 ofertas guardadas
2026-04-11 00:25:24,132 [INFO]    💤 Pausa: 8.6s
2026-04-11 00:25:32,739 [INFO] 
🔍 Buscando: 'Control de Gestión'
2026-04-11 00:25:32,739 [INFO]    Página 1/5 → https://www.bumeran.com.ar/empleos-busqueda-control-de-gestion.html
2026-04-11 00:25:41,701 [INFO]    → 20 ofertas encontradas
2026-04-11 00:28:20,927 [INFO]    Página 2/5 → https://www.bumeran.com.ar/empleos-busqueda-control-de-gestion.html?page=2
2026-04-11 00:28:32,151 [INFO]    → 20 ofertas encontradas
2026-04-11 00:31:31,055 [INFO]    Página 3/5 → https://www.bumeran.com.ar/empleos-busqueda-control-de-gestion.html?page=3
2026-04-11 00:31:41,386 [INFO]    → 1 ofertas encontradas
2026-04-11 00:31:50,389 [INFO]    Página 4/5 → https://www.bumeran.com.ar/empleos-busqueda-control-de-gestion.html?page=4
2026-04-11 00:32:11,751 [INFO]    → 0 ofertas encontradas
2026-04-11 00:32:11,751 [INFO]    → Sin más resultados.
2026-04-11 00:32:11,754 [INFO] Exportadas 41 ofertas → /media/carlos-a-cicconi/Common1/Repositorios-Ing.Carlos-Cicconi/Trabajo_Final_MCD/data/raw/bumeran_20260411.csv
2026-04-11 00:32:11,754 [INFO] ✅ 'Control de Gestión': 41 ofertas guardadas
2026-04-11 00:32:11,754 [INFO]    💤 Pausa: 11.1s
2026-04-11 00:32:22,848 [INFO] 
🔍 Buscando: 'Consultor'
2026-04-11 00:32:22,849 [INFO]    Página 1/5 → https://www.bumeran.com.ar/empleos-busqueda-consultor.html
2026-04-11 00:32:35,168 [INFO]    → 20 ofertas encontradas
2026-04-11 00:35:33,998 [INFO]    Página 2/5 → https://www.bumeran.com.ar/empleos-busqueda-consultor.html?page=2
2026-04-11 00:35:43,556 [INFO]    → 20 ofertas encontradas
2026-04-11 00:38:30,709 [INFO]    Página 3/5 → https://www.bumeran.com.ar/empleos-busqueda-consultor.html?page=3
2026-04-11 00:38:42,162 [INFO]    → 20 ofertas encontradas
2026-04-11 00:41:34,200 [INFO]    Página 4/5 → https://www.bumeran.com.ar/empleos-busqueda-consultor.html?page=4
2026-04-11 00:41:46,244 [INFO]    → 20 ofertas encontradas
2026-04-11 00:44:38,475 [INFO]    Página 5/5 → https://www.bumeran.com.ar/empleos-busqueda-consultor.html?page=5
2026-04-11 00:44:49,501 [INFO]    → 19 ofertas encontradas
2026-04-11 00:47:29,601 [INFO] Exportadas 99 ofertas → /media/carlos-a-cicconi/Common1/Repositorios-Ing.Carlos-Cicconi/Trabajo_Final_MCD/data/raw/bumeran_20260411.csv
2026-04-11 00:47:29,601 [INFO] ✅ 'Consultor': 99 ofertas guardadas
2026-04-11 00:47:29,601 [INFO]    💤 Pausa: 10.4s
2026-04-11 00:47:40,047 [INFO] 
🔍 Buscando: 'Gerente de Operaciones'
2026-04-11 00:47:40,048 [INFO]    Página 1/5 → https://www.bumeran.com.ar/empleos-busqueda-gerente-operaciones.html
2026-04-11 00:47:49,214 [INFO]    → 16 ofertas encontradas
2026-04-11 00:50:02,451 [INFO]    Página 2/5 → https://www.bumeran.com.ar/empleos-busqueda-gerente-operaciones.html?page=2
2026-04-11 00:50:22,379 [INFO]    → 0 ofertas encontradas
2026-04-11 00:50:22,380 [INFO]    → Sin más resultados.
2026-04-11 00:50:22,382 [INFO] Exportadas 16 ofertas → /media/carlos-a-cicconi/Common1/Repositorios-Ing.Carlos-Cicconi/Trabajo_Final_MCD/data/raw/bumeran_20260411.csv
2026-04-11 00:50:22,382 [INFO] ✅ 'Gerente de Operaciones': 16 ofertas guardadas
2026-04-11 00:50:22,382 [INFO]    💤 Pausa: 11.1s
2026-04-11 00:50:33,468 [INFO] 
🔍 Buscando: 'Compras / Procurement'
2026-04-11 00:50:33,468 [INFO]    Página 1/5 → https://www.bumeran.com.ar/empleos-busqueda-compras.html
2026-04-11 00:50:44,060 [INFO]    → 17 ofertas encontradas
2026-04-11 00:53:09,021 [INFO]    Página 2/5 → https://www.bumeran.com.ar/empleos-busqueda-compras.html?page=2
2026-04-11 00:53:20,568 [INFO]    → 20 ofertas encontradas
2026-04-11 00:56:11,843 [INFO]    Página 3/5 → https://www.bumeran.com.ar/empleos-busqueda-compras.html?page=3
2026-04-11 00:56:20,796 [INFO]    → 20 ofertas encontradas
2026-04-11 00:59:13,621 [INFO]    Página 4/5 → https://www.bumeran.com.ar/empleos-busqueda-compras.html?page=4
2026-04-11 00:59:22,822 [INFO]    → 20 ofertas encontradas
2026-04-11 01:02:18,064 [INFO]    Página 5/5 → https://www.bumeran.com.ar/empleos-busqueda-compras.html?page=5
2026-04-11 01:02:29,292 [INFO]    → 20 ofertas encontradas
2026-04-11 01:05:13,816 [INFO] Exportadas 97 ofertas → /media/carlos-a-cicconi/Common1/Repositorios-Ing.Carlos-Cicconi/Trabajo_Final_MCD/data/raw/bumeran_20260411.csv
2026-04-11 01:05:13,816 [INFO] ✅ 'Compras / Procurement': 97 ofertas guardadas
2026-04-11 01:05:13,816 [INFO]    💤 Pausa: 7.6s
2026-04-11 01:05:21,467 [INFO] 
🔍 Buscando: 'Ingeniero Industrial'
2026-04-11 01:05:21,467 [INFO]    Página 1/5 → https://www.bumeran.com.ar/empleos-busqueda-ingeniero-industrial.html
2026-04-11 01:05:30,872 [INFO]    → 15 ofertas encontradas
2026-04-11 01:07:38,563 [INFO]    Página 2/5 → https://www.bumeran.com.ar/empleos-busqueda-ingeniero-industrial.html?page=2
2026-04-11 01:07:59,816 [INFO]    → 0 ofertas encontradas
2026-04-11 01:07:59,816 [INFO]    → Sin más resultados.
2026-04-11 01:07:59,818 [INFO] Exportadas 15 ofertas → /media/carlos-a-cicconi/Common1/Repositorios-Ing.Carlos-Cicconi/Trabajo_Final_MCD/data/raw/bumeran_20260411.csv
2026-04-11 01:07:59,818 [INFO] ✅ 'Ingeniero Industrial': 15 ofertas guardadas
2026-04-11 01:07:59,818 [INFO]    💤 Pausa: 8.7s
2026-04-11 01:08:08,516 [INFO] 
🔍 Buscando: 'Finanzas / CAPEX'
2026-04-11 01:08:08,516 [INFO]    Página 1/5 → https://www.bumeran.com.ar/empleos-busqueda-finanzas.html
2026-04-11 01:08:19,159 [INFO]    → 20 ofertas encontradas
2026-04-11 01:11:08,193 [INFO]    Página 2/5 → https://www.bumeran.com.ar/empleos-busqueda-finanzas.html?page=2
2026-04-11 01:11:17,680 [INFO]    → 20 ofertas encontradas
2026-04-11 01:14:07,914 [INFO]    Página 3/5 → https://www.bumeran.com.ar/empleos-busqueda-finanzas.html?page=3
2026-04-11 01:14:19,317 [INFO]    → 20 ofertas encontradas
2026-04-11 01:17:06,310 [INFO]    Página 4/5 → https://www.bumeran.com.ar/empleos-busqueda-finanzas.html?page=4
2026-04-11 01:17:15,405 [INFO]    → 6 ofertas encontradas
2026-04-11 01:18:04,646 [INFO]    Página 5/5 → https://www.bumeran.com.ar/empleos-busqueda-finanzas.html?page=5
2026-04-11 01:18:24,902 [INFO]    → 0 ofertas encontradas
2026-04-11 01:18:24,902 [INFO]    → Sin más resultados.
2026-04-11 01:18:24,906 [INFO] Exportadas 66 ofertas → /media/carlos-a-cicconi/Common1/Repositorios-Ing.Carlos-Cicconi/Trabajo_Final_MCD/data/raw/bumeran_20260411.csv
2026-04-11 01:18:24,906 [INFO] ✅ 'Finanzas / CAPEX': 66 ofertas guardadas
2026-04-11 01:18:24,906 [INFO]    💤 Pausa: 11.6s
2026-04-11 01:18:36,520 [INFO] 
🔍 Buscando: 'SAP'
2026-04-11 01:18:36,520 [INFO]    Página 1/5 → https://www.bumeran.com.ar/empleos-busqueda-sap.html
2026-04-11 01:18:47,067 [INFO]    → 14 ofertas encontradas
2026-04-11 01:20:48,343 [INFO]    Página 2/5 → https://www.bumeran.com.ar/empleos-busqueda-sap.html?page=2
2026-04-11 01:20:58,078 [INFO]    → 10 ofertas encontradas
2026-04-11 01:22:22,378 [INFO]    Página 3/5 → https://www.bumeran.com.ar/empleos-busqueda-sap.html?page=3
2026-04-11 01:22:44,244 [INFO]    → 0 ofertas encontradas
2026-04-11 01:22:44,244 [INFO]    → Sin más resultados.
2026-04-11 01:22:44,247 [INFO] Exportadas 24 ofertas → /media/carlos-a-cicconi/Common1/Repositorios-Ing.Carlos-Cicconi/Trabajo_Final_MCD/data/raw/bumeran_20260411.csv
2026-04-11 01:22:44,247 [INFO] ✅ 'SAP': 24 ofertas guardadas
2026-04-11 01:22:44,247 [INFO]    💤 Pausa: 7.0s
2026-04-11 01:22:51,297 [INFO] 
🔍 Buscando: 'Excel / VBA'
2026-04-11 01:22:51,297 [INFO]    Página 1/5 → https://www.bumeran.com.ar/empleos-busqueda-excel.html
2026-04-11 01:23:01,783 [INFO]    → 8 ofertas encontradas
2026-04-11 01:24:12,683 [INFO]    Página 2/5 → https://www.bumeran.com.ar/empleos-busqueda-excel.html?page=2
2026-04-11 01:24:34,809 [INFO]    → 0 ofertas encontradas
2026-04-11 01:24:34,809 [INFO]    → Sin más resultados.
2026-04-11 01:24:34,811 [INFO] Exportadas 8 ofertas → /media/carlos-a-cicconi/Common1/Repositorios-Ing.Carlos-Cicconi/Trabajo_Final_MCD/data/raw/bumeran_20260411.csv
2026-04-11 01:24:34,811 [INFO] ✅ 'Excel / VBA': 8 ofertas guardadas
2026-04-11 01:24:34,811 [INFO]    💤 Pausa: 8.2s
2026-04-11 01:24:43,000 [INFO] 
🔍 Buscando: 'Google Apps Script'
2026-04-11 01:24:43,000 [INFO]    Página 1/5 → https://www.bumeran.com.ar/empleos-busqueda-automatizacion.html
2026-04-11 01:24:54,581 [INFO]    → 19 ofertas encontradas
2026-04-11 01:27:33,866 [INFO]    Página 2/5 → https://www.bumeran.com.ar/empleos-busqueda-automatizacion.html?page=2
2026-04-11 01:27:44,592 [INFO]    → 5 ofertas encontradas
2026-04-11 01:28:28,498 [INFO]    Página 3/5 → https://www.bumeran.com.ar/empleos-busqueda-automatizacion.html?page=3
2026-04-11 01:28:49,382 [INFO]    → 0 ofertas encontradas
2026-04-11 01:28:49,382 [INFO]    → Sin más resultados.
2026-04-11 01:28:49,384 [INFO] Exportadas 24 ofertas → /media/carlos-a-cicconi/Common1/Repositorios-Ing.Carlos-Cicconi/Trabajo_Final_MCD/data/raw/bumeran_20260411.csv
2026-04-11 01:28:49,384 [INFO] ✅ 'Google Apps Script': 24 ofertas guardadas
2026-04-11 01:28:49,385 [INFO]    💤 Pausa: 8.6s
2026-04-11 01:28:58,071 [INFO] 
============================================================
2026-04-11 01:28:58,071 [INFO] SCRAPING FINALIZADO - Bumeran Argentina
2026-04-11 01:28:58,071 [INFO] Total ofertas únicas: 407
2026-04-11 01:28:58,071 [INFO] DB : /media/carlos-a-cicconi/Common1/Repositorios-Ing.Carlos-Cicconi/Trabajo_Final_MCD/data/raw/ofertas_bumeran.db
2026-04-11 01:28:58,072 [INFO] CSV: /media/carlos-a-cicconi/Common1/Repositorios-Ing.Carlos-Cicconi/Trabajo_Final_MCD/data/raw/bumeran_20260411.csv
2026-04-11 01:28:58,072 [INFO] Log: /media/carlos-a-cicconi/Common1/Repositorios-Ing.Carlos-Cicconi/Trabajo_Final_MCD/logs/bumeran_scraper_20260411_001944.log
2026-04-11 01:28:58,072 [INFO] ============================================================
2026-04-11 01:28:58,072 [INFO]   ✅ bumeran: 407 ofertas recopiladas
2026-04-11 01:28:58,072 [INFO] 
============================================================
2026-04-11 01:28:58,072 [INFO]   EJECUTANDO: zonajobs (ZonaJobsScraper)
2026-04-11 01:28:58,073 [INFO]   Queries: desde CV (42 búsquedas)
2026-04-11 01:28:58,073 [INFO] ============================================================
2026-04-11 01:28:58,080 [INFO] Base de datos lista: /media/carlos-a-cicconi/Common1/Repositorios-Ing.Carlos-Cicconi/Trabajo_Final_MCD/data/raw/ofertas_zonajobs.db
2026-04-11 01:28:58,080 [INFO] ZonaJobsScraper (Playwright) inicializado
2026-04-11 01:28:58,081 [INFO]   ✅ Queries del CV inyectadas en zonajobs
2026-04-11 01:28:58,664 [INFO] Inicializando sesión en ZonaJobs...
2026-04-11 01:29:04,388 [INFO] 
🔍 Buscando: 'Data Scientist'
2026-04-11 01:29:04,388 [INFO]    Página 1/5 → https://www.zonajobs.com.ar/empleos-busqueda-data-scientist.html
2026-04-11 01:29:14,809 [INFO]    → 3 ofertas encontradas
2026-04-11 01:29:41,741 [INFO]    Página 2/5 → https://www.zonajobs.com.ar/empleos-busqueda-data-scientist.html?page=2
2026-04-11 01:30:02,818 [WARNING]    ⚠️  Sin ofertas. HTML guardado: zonajobs_rendered_Data_Scientist.html
2026-04-11 01:30:02,819 [INFO]    → 0 ofertas encontradas
2026-04-11 01:30:02,819 [INFO]    → Sin más resultados.
2026-04-11 01:30:02,827 [INFO] Exportadas 3 ofertas → /media/carlos-a-cicconi/Common1/Repositorios-Ing.Carlos-Cicconi/Trabajo_Final_MCD/data/raw/zonajobs_20260411.csv
2026-04-11 01:30:02,828 [INFO] ✅ 'Data Scientist': 3 ofertas guardadas
2026-04-11 01:30:02,828 [INFO]    💤 Pausa: 7.1s
2026-04-11 01:30:09,908 [INFO] 
🔍 Buscando: 'BI / Analytics'
2026-04-11 01:30:09,908 [INFO]    Página 1/5 → https://www.zonajobs.com.ar/empleos-busqueda-business-intelligence.html
2026-04-11 01:30:19,494 [INFO]    → 3 ofertas encontradas
2026-04-11 01:30:47,333 [INFO]    Página 2/5 → https://www.zonajobs.com.ar/empleos-busqueda-business-intelligence.html?page=2
2026-04-11 01:31:09,277 [ERROR]   ❌ zonajobs falló: [Errno 2] No such file or directory: '/media/carlos-a-cicconi/Common1/Repositorios-Ing.Carlos-Cicconi/Trabajo_Final_MCD/data/raw/diagnostico/zonajobs_rendered_BI_/_Analytics.html'
2026-04-11 01:31:09,279 [INFO] 
============================================================
2026-04-11 01:31:09,279 [INFO]   EJECUTANDO: workana (WorkanaScraper)
2026-04-11 01:31:09,279 [INFO]   Queries: desde CV (42 búsquedas)
2026-04-11 01:31:09,279 [INFO] ============================================================
2026-04-11 01:31:09,286 [INFO] Base de datos lista: /media/carlos-a-cicconi/Common1/Repositorios-Ing.Carlos-Cicconi/Trabajo_Final_MCD/data/raw/ofertas_workana.db
2026-04-11 01:31:09,286 [INFO] WorkanaScraper (Playwright) inicializado
2026-04-11 01:31:09,287 [INFO]   ✅ Queries del CV inyectadas en workana
2026-04-11 01:31:09,865 [INFO] Inicializando sesión en Workana...
2026-04-11 01:31:26,396 [INFO] 
🔍 Buscando: 'Data Scientist'
2026-04-11 01:31:26,396 [INFO]    Página 1/5 → https://www.workana.com/jobs?category=it-programming&language=es&country=AR&search=data+scientist&page=1
2026-04-11 01:31:36,226 [INFO]    → 8 ofertas nuevas encontradas
2026-04-11 01:34:04,098 [INFO]    Página 2/5 → https://www.workana.com/jobs?category=it-programming&language=es&country=AR&search=data+scientist&page=2
2026-04-11 01:34:12,937 [INFO]    → 7 ofertas nuevas encontradas
2026-04-11 01:36:27,187 [INFO]    Página 3/5 → https://www.workana.com/jobs?category=it-programming&language=es&country=AR&search=data+scientist&page=3
2026-04-11 01:36:36,716 [INFO]    → 7 ofertas nuevas encontradas
2026-04-11 01:38:42,593 [INFO]    Página 4/5 → https://www.workana.com/jobs?category=it-programming&language=es&country=AR&search=data+scientist&page=4
2026-04-11 01:38:52,302 [INFO]    → 7 ofertas nuevas encontradas
2026-04-11 01:41:03,990 [INFO]    Página 5/5 → https://www.workana.com/jobs?category=it-programming&language=es&country=AR&search=data+scientist&page=5
2026-04-11 01:41:12,849 [INFO]    → 7 ofertas nuevas encontradas
2026-04-11 01:43:24,432 [INFO] Exportadas 36 ofertas → /media/carlos-a-cicconi/Common1/Repositorios-Ing.Carlos-Cicconi/Trabajo_Final_MCD/data/raw/workana_20260411.csv
2026-04-11 01:43:24,433 [INFO] ✅ 'Data Scientist': 36 ofertas guardadas
2026-04-11 01:43:24,433 [INFO]    💤 Pausa: 10.1s
2026-04-11 01:43:34,571 [INFO] 
🔍 Buscando: 'Data Scientist (Remoto AR)'
2026-04-11 01:43:34,571 [INFO]    Página 1/5 → https://www.workana.com/jobs?category=it-programming&language=es&country=AR&search=data+scientist&page=1
2026-04-11 01:43:42,273 [WARNING]    ⚠️  Sin ofertas parseadas.
2026-04-11 01:43:42,273 [INFO]    → 0 ofertas nuevas encontradas
2026-04-11 01:43:42,273 [INFO]    → Sin más resultados.
2026-04-11 01:43:42,273 [INFO] ✅ 'Data Scientist (Remoto AR)': 0 ofertas guardadas
2026-04-11 01:43:42,273 [INFO]    💤 Pausa: 7.2s
2026-04-11 01:43:49,473 [INFO] 
🔍 Buscando: 'Data Scientist (Remoto)'
2026-04-11 01:43:49,474 [INFO]    Página 1/5 → https://www.workana.com/jobs?category=it-programming&language=es&country=AR&search=data+scientist&page=1
2026-04-11 01:43:59,596 [WARNING]    ⚠️  Sin ofertas parseadas.
2026-04-11 01:43:59,596 [INFO]    → 0 ofertas nuevas encontradas
2026-04-11 01:43:59,596 [INFO]    → Sin más resultados.
2026-04-11 01:43:59,596 [INFO] ✅ 'Data Scientist (Remoto)': 0 ofertas guardadas
2026-04-11 01:43:59,597 [INFO]    💤 Pausa: 7.2s
2026-04-11 01:44:06,798 [INFO] 
🔍 Buscando: 'BI / Analytics'
2026-04-11 01:44:06,799 [INFO]    Página 1/5 → https://www.workana.com/jobs?category=it-programming&language=es&country=AR&search=business+intelligence&page=1
2026-04-11 01:44:16,098 [WARNING]    ⚠️  Sin ofertas parseadas.
2026-04-11 01:44:16,098 [INFO]    → 0 ofertas nuevas encontradas
2026-04-11 01:44:16,098 [INFO]    → Sin más resultados.
2026-04-11 01:44:16,098 [INFO] ✅ 'BI / Analytics': 0 ofertas guardadas
2026-04-11 01:44:16,098 [INFO]    💤 Pausa: 7.7s
2026-04-11 01:44:23,827 [INFO] 
🔍 Buscando: 'BI / Analytics (Remoto AR)'
2026-04-11 01:44:23,828 [INFO]    Página 1/5 → https://www.workana.com/jobs?category=it-programming&language=es&country=AR&search=business+intelligence&page=1
2026-04-11 01:44:33,144 [WARNING]    ⚠️  Sin ofertas parseadas.
2026-04-11 01:44:33,144 [INFO]    → 0 ofertas nuevas encontradas
2026-04-11 01:44:33,144 [INFO]    → Sin más resultados.
2026-04-11 01:44:33,144 [INFO] ✅ 'BI / Analytics (Remoto AR)': 0 ofertas guardadas
2026-04-11 01:44:33,144 [INFO]    💤 Pausa: 10.1s
2026-04-11 01:44:43,240 [INFO] 
🔍 Buscando: 'BI / Analytics (Remoto)'
2026-04-11 01:44:43,240 [INFO]    Página 1/5 → https://www.workana.com/jobs?category=it-programming&language=es&country=AR&search=business+intelligence&page=1
2026-04-11 01:44:51,421 [WARNING]    ⚠️  Sin ofertas parseadas.
2026-04-11 01:44:51,421 [INFO]    → 0 ofertas nuevas encontradas
2026-04-11 01:44:51,421 [INFO]    → Sin más resultados.
2026-04-11 01:44:51,421 [INFO] ✅ 'BI / Analytics (Remoto)': 0 ofertas guardadas
2026-04-11 01:44:51,421 [INFO]    💤 Pausa: 10.7s
2026-04-11 01:45:02,107 [INFO] 
🔍 Buscando: 'Python Developer'
2026-04-11 01:45:02,108 [INFO]    Página 1/5 → https://www.workana.com/jobs?category=it-programming&language=es&country=AR&search=python&page=1
2026-04-11 01:45:11,331 [WARNING]    ⚠️  Sin ofertas parseadas.
2026-04-11 01:45:11,331 [INFO]    → 0 ofertas nuevas encontradas
2026-04-11 01:45:11,331 [INFO]    → Sin más resultados.
2026-04-11 01:45:11,331 [INFO] ✅ 'Python Developer': 0 ofertas guardadas
2026-04-11 01:45:11,331 [INFO]    💤 Pausa: 9.9s
2026-04-11 01:45:21,207 [INFO] 
🔍 Buscando: 'Python Developer (Remoto AR)'
2026-04-11 01:45:21,208 [INFO]    Página 1/5 → https://www.workana.com/jobs?category=it-programming&language=es&country=AR&search=python&page=1
2026-04-11 01:45:30,591 [WARNING]    ⚠️  Sin ofertas parseadas.
2026-04-11 01:45:30,591 [INFO]    → 0 ofertas nuevas encontradas
2026-04-11 01:45:30,591 [INFO]    → Sin más resultados.
2026-04-11 01:45:30,591 [INFO] ✅ 'Python Developer (Remoto AR)': 0 ofertas guardadas
2026-04-11 01:45:30,591 [INFO]    💤 Pausa: 9.8s
2026-04-11 01:45:40,440 [INFO] 
🔍 Buscando: 'Python Developer (Remoto)'
2026-04-11 01:45:40,441 [INFO]    Página 1/5 → https://www.workana.com/jobs?category=it-programming&language=es&country=AR&search=python&page=1
2026-04-11 01:45:49,289 [WARNING]    ⚠️  Sin ofertas parseadas.
2026-04-11 01:45:49,289 [INFO]    → 0 ofertas nuevas encontradas
2026-04-11 01:45:49,289 [INFO]    → Sin más resultados.
2026-04-11 01:45:49,290 [INFO] ✅ 'Python Developer (Remoto)': 0 ofertas guardadas
2026-04-11 01:45:49,290 [INFO]    💤 Pausa: 10.0s
2026-04-11 01:45:59,269 [INFO] 
🔍 Buscando: 'R Developer'
2026-04-11 01:45:59,270 [INFO]    Página 1/5 → https://www.workana.com/jobs?category=it-programming&language=es&country=AR&search=r&page=1
2026-04-11 01:46:07,838 [WARNING]    ⚠️  Sin ofertas parseadas.
2026-04-11 01:46:07,838 [INFO]    → 0 ofertas nuevas encontradas
2026-04-11 01:46:07,838 [INFO]    → Sin más resultados.
2026-04-11 01:46:07,838 [INFO] ✅ 'R Developer': 0 ofertas guardadas
2026-04-11 01:46:07,838 [INFO]    💤 Pausa: 7.2s
2026-04-11 01:46:15,005 [INFO] 
🔍 Buscando: 'R Developer (Remoto AR)'
2026-04-11 01:46:15,006 [INFO]    Página 1/5 → https://www.workana.com/jobs?category=it-programming&language=es&country=AR&search=r&page=1
2026-04-11 01:46:24,007 [WARNING]    ⚠️  Sin ofertas parseadas.
2026-04-11 01:46:24,007 [INFO]    → 0 ofertas nuevas encontradas
2026-04-11 01:46:24,007 [INFO]    → Sin más resultados.
2026-04-11 01:46:24,007 [INFO] ✅ 'R Developer (Remoto AR)': 0 ofertas guardadas
2026-04-11 01:46:24,007 [INFO]    💤 Pausa: 8.6s
2026-04-11 01:46:32,589 [INFO] 
🔍 Buscando: 'R Developer (Remoto)'
2026-04-11 01:46:32,589 [INFO]    Página 1/5 → https://www.workana.com/jobs?category=it-programming&language=es&country=AR&search=r&page=1
2026-04-11 01:46:40,545 [WARNING]    ⚠️  Sin ofertas parseadas.
2026-04-11 01:46:40,545 [INFO]    → 0 ofertas nuevas encontradas
2026-04-11 01:46:40,545 [INFO]    → Sin más resultados.
2026-04-11 01:46:40,545 [INFO] ✅ 'R Developer (Remoto)': 0 ofertas guardadas
2026-04-11 01:46:40,545 [INFO]    💤 Pausa: 6.8s
2026-04-11 01:46:47,318 [INFO] 
🔍 Buscando: 'Julia Developer'
2026-04-11 01:46:47,319 [INFO]    Página 1/5 → https://www.workana.com/jobs?category=it-programming&language=es&country=AR&search=julia&page=1
2026-04-11 01:46:57,083 [WARNING]    ⚠️  Sin ofertas parseadas.
2026-04-11 01:46:57,083 [INFO]    → 0 ofertas nuevas encontradas
2026-04-11 01:46:57,083 [INFO]    → Sin más resultados.
2026-04-11 01:46:57,083 [INFO] ✅ 'Julia Developer': 0 ofertas guardadas
2026-04-11 01:46:57,083 [INFO]    💤 Pausa: 7.8s
2026-04-11 01:47:04,867 [INFO] 
🔍 Buscando: 'Julia Developer (Remoto AR)'
2026-04-11 01:47:04,868 [INFO]    Página 1/5 → https://www.workana.com/jobs?category=it-programming&language=es&country=AR&search=julia&page=1
2026-04-11 01:47:13,865 [WARNING]    ⚠️  Sin ofertas parseadas.
2026-04-11 01:47:13,865 [INFO]    → 0 ofertas nuevas encontradas
2026-04-11 01:47:13,865 [INFO]    → Sin más resultados.
2026-04-11 01:47:13,865 [INFO] ✅ 'Julia Developer (Remoto AR)': 0 ofertas guardadas
2026-04-11 01:47:13,865 [INFO]    💤 Pausa: 8.6s
2026-04-11 01:47:22,436 [INFO] 
🔍 Buscando: 'Julia Developer (Remoto)'
2026-04-11 01:47:22,436 [INFO]    Página 1/5 → https://www.workana.com/jobs?category=it-programming&language=es&country=AR&search=julia&page=1
2026-04-11 01:47:31,340 [WARNING]    ⚠️  Sin ofertas parseadas.
2026-04-11 01:47:31,340 [INFO]    → 0 ofertas nuevas encontradas
2026-04-11 01:47:31,340 [INFO]    → Sin más resultados.
2026-04-11 01:47:31,340 [INFO] ✅ 'Julia Developer (Remoto)': 0 ofertas guardadas
2026-04-11 01:47:31,340 [INFO]    💤 Pausa: 7.7s
2026-04-11 01:47:39,026 [INFO] 
🔍 Buscando: 'Control de Gestión'
2026-04-11 01:47:39,027 [INFO]    Página 1/5 → https://www.workana.com/jobs?category=it-programming&language=es&country=AR&search=control+de+gestion&page=1
2026-04-11 01:47:46,766 [WARNING]    ⚠️  Sin ofertas parseadas.
2026-04-11 01:47:46,766 [INFO]    → 0 ofertas nuevas encontradas
2026-04-11 01:47:46,766 [INFO]    → Sin más resultados.
2026-04-11 01:47:46,766 [INFO] ✅ 'Control de Gestión': 0 ofertas guardadas
2026-04-11 01:47:46,766 [INFO]    💤 Pausa: 10.9s
2026-04-11 01:47:57,691 [INFO] 
🔍 Buscando: 'Control de Gestión (Remoto AR)'
2026-04-11 01:47:57,691 [INFO]    Página 1/5 → https://www.workana.com/jobs?category=it-programming&language=es&country=AR&search=control+de+gestion&page=1
2026-04-11 01:48:05,605 [WARNING]    ⚠️  Sin ofertas parseadas.
2026-04-11 01:48:05,605 [INFO]    → 0 ofertas nuevas encontradas
2026-04-11 01:48:05,605 [INFO]    → Sin más resultados.
2026-04-11 01:48:05,605 [INFO] ✅ 'Control de Gestión (Remoto AR)': 0 ofertas guardadas
2026-04-11 01:48:05,605 [INFO]    💤 Pausa: 10.0s
2026-04-11 01:48:15,568 [INFO] 
🔍 Buscando: 'Control de Gestión (Remoto)'
2026-04-11 01:48:15,568 [INFO]    Página 1/5 → https://www.workana.com/jobs?category=it-programming&language=es&country=AR&search=control+de+gestion&page=1
2026-04-11 01:48:24,569 [WARNING]    ⚠️  Sin ofertas parseadas.
2026-04-11 01:48:24,570 [INFO]    → 0 ofertas nuevas encontradas
2026-04-11 01:48:24,570 [INFO]    → Sin más resultados.
2026-04-11 01:48:24,570 [INFO] ✅ 'Control de Gestión (Remoto)': 0 ofertas guardadas
2026-04-11 01:48:24,570 [INFO]    💤 Pausa: 10.0s
2026-04-11 01:48:34,584 [INFO] 
🔍 Buscando: 'Consultor'
2026-04-11 01:48:34,584 [INFO]    Página 1/5 → https://www.workana.com/jobs?category=it-programming&language=es&country=AR&search=consultor&page=1
2026-04-11 01:48:44,237 [WARNING]    ⚠️  Sin ofertas parseadas.
2026-04-11 01:48:44,237 [INFO]    → 0 ofertas nuevas encontradas
2026-04-11 01:48:44,237 [INFO]    → Sin más resultados.
2026-04-11 01:48:44,237 [INFO] ✅ 'Consultor': 0 ofertas guardadas
2026-04-11 01:48:44,237 [INFO]    💤 Pausa: 6.6s
2026-04-11 01:48:50,875 [INFO] 
🔍 Buscando: 'Consultor (Remoto AR)'
2026-04-11 01:48:50,876 [INFO]    Página 1/5 → https://www.workana.com/jobs?category=it-programming&language=es&country=AR&search=consultor&page=1
2026-04-11 01:49:01,534 [WARNING]    ⚠️  Sin ofertas parseadas.
2026-04-11 01:49:01,534 [INFO]    → 0 ofertas nuevas encontradas
2026-04-11 01:49:01,534 [INFO]    → Sin más resultados.
2026-04-11 01:49:01,534 [INFO] ✅ 'Consultor (Remoto AR)': 0 ofertas guardadas
2026-04-11 01:49:01,534 [INFO]    💤 Pausa: 6.8s
2026-04-11 01:49:08,299 [INFO] 
🔍 Buscando: 'Consultor (Remoto)'
2026-04-11 01:49:08,300 [INFO]    Página 1/5 → https://www.workana.com/jobs?category=it-programming&language=es&country=AR&search=consultor&page=1
2026-04-11 01:49:16,040 [WARNING]    ⚠️  Sin ofertas parseadas.
2026-04-11 01:49:16,040 [INFO]    → 0 ofertas nuevas encontradas
2026-04-11 01:49:16,040 [INFO]    → Sin más resultados.
2026-04-11 01:49:16,040 [INFO] ✅ 'Consultor (Remoto)': 0 ofertas guardadas
2026-04-11 01:49:16,040 [INFO]    💤 Pausa: 7.1s
2026-04-11 01:49:23,149 [INFO] 
🔍 Buscando: 'Gerente de Operaciones'
2026-04-11 01:49:23,149 [INFO]    Página 1/5 → https://www.workana.com/jobs?category=it-programming&language=es&country=AR&search=gerente+operaciones&page=1
2026-04-11 01:49:32,556 [WARNING]    ⚠️  Sin ofertas parseadas.
2026-04-11 01:49:32,556 [INFO]    → 0 ofertas nuevas encontradas
2026-04-11 01:49:32,556 [INFO]    → Sin más resultados.
2026-04-11 01:49:32,556 [INFO] ✅ 'Gerente de Operaciones': 0 ofertas guardadas
2026-04-11 01:49:32,556 [INFO]    💤 Pausa: 9.0s
2026-04-11 01:49:41,534 [INFO] 
🔍 Buscando: 'Gerente de Operaciones (Remoto AR)'
2026-04-11 01:49:41,534 [INFO]    Página 1/5 → https://www.workana.com/jobs?category=it-programming&language=es&country=AR&search=gerente+operaciones&page=1
2026-04-11 01:49:50,110 [WARNING]    ⚠️  Sin ofertas parseadas.
2026-04-11 01:49:50,110 [INFO]    → 0 ofertas nuevas encontradas
2026-04-11 01:49:50,110 [INFO]    → Sin más resultados.
2026-04-11 01:49:50,110 [INFO] ✅ 'Gerente de Operaciones (Remoto AR)': 0 ofertas guardadas
2026-04-11 01:49:50,110 [INFO]    💤 Pausa: 9.6s
2026-04-11 01:49:59,730 [INFO] 
🔍 Buscando: 'Gerente de Operaciones (Remoto)'
2026-04-11 01:49:59,731 [INFO]    Página 1/5 → https://www.workana.com/jobs?category=it-programming&language=es&country=AR&search=gerente+operaciones&page=1
2026-04-11 01:50:08,684 [WARNING]    ⚠️  Sin ofertas parseadas.
2026-04-11 01:50:08,685 [INFO]    → 0 ofertas nuevas encontradas
2026-04-11 01:50:08,685 [INFO]    → Sin más resultados.
2026-04-11 01:50:08,685 [INFO] ✅ 'Gerente de Operaciones (Remoto)': 0 ofertas guardadas
2026-04-11 01:50:08,685 [INFO]    💤 Pausa: 10.6s
2026-04-11 01:50:19,293 [INFO] 
🔍 Buscando: 'Compras / Procurement'
2026-04-11 01:50:19,293 [INFO]    Página 1/5 → https://www.workana.com/jobs?category=it-programming&language=es&country=AR&search=compras&page=1
2026-04-11 01:50:28,890 [WARNING]    ⚠️  Sin ofertas parseadas.
2026-04-11 01:50:28,890 [INFO]    → 0 ofertas nuevas encontradas
2026-04-11 01:50:28,890 [INFO]    → Sin más resultados.
2026-04-11 01:50:28,890 [INFO] ✅ 'Compras / Procurement': 0 ofertas guardadas
2026-04-11 01:50:28,890 [INFO]    💤 Pausa: 8.2s
2026-04-11 01:50:37,112 [INFO] 
🔍 Buscando: 'Compras / Procurement (Remoto AR)'
2026-04-11 01:50:37,113 [INFO]    Página 1/5 → https://www.workana.com/jobs?category=it-programming&language=es&country=AR&search=compras&page=1
2026-04-11 01:50:46,915 [WARNING]    ⚠️  Sin ofertas parseadas.
2026-04-11 01:50:46,915 [INFO]    → 0 ofertas nuevas encontradas
2026-04-11 01:50:46,915 [INFO]    → Sin más resultados.
2026-04-11 01:50:46,915 [INFO] ✅ 'Compras / Procurement (Remoto AR)': 0 ofertas guardadas
2026-04-11 01:50:46,915 [INFO]    💤 Pausa: 9.6s
2026-04-11 01:50:56,501 [INFO] 
🔍 Buscando: 'Compras / Procurement (Remoto)'
2026-04-11 01:50:56,501 [INFO]    Página 1/5 → https://www.workana.com/jobs?category=it-programming&language=es&country=AR&search=compras&page=1
2026-04-11 01:51:05,166 [WARNING]    ⚠️  Sin ofertas parseadas.
2026-04-11 01:51:05,166 [INFO]    → 0 ofertas nuevas encontradas
2026-04-11 01:51:05,166 [INFO]    → Sin más resultados.
2026-04-11 01:51:05,166 [INFO] ✅ 'Compras / Procurement (Remoto)': 0 ofertas guardadas
2026-04-11 01:51:05,166 [INFO]    💤 Pausa: 7.0s
2026-04-11 01:51:12,216 [INFO] 
🔍 Buscando: 'Ingeniero Industrial'
2026-04-11 01:51:12,216 [INFO]    Página 1/5 → https://www.workana.com/jobs?category=it-programming&language=es&country=AR&search=ingeniero+industrial&page=1
2026-04-11 01:51:20,543 [WARNING]    ⚠️  Sin ofertas parseadas.
2026-04-11 01:51:20,543 [INFO]    → 0 ofertas nuevas encontradas
2026-04-11 01:51:20,543 [INFO]    → Sin más resultados.
2026-04-11 01:51:20,543 [INFO] ✅ 'Ingeniero Industrial': 0 ofertas guardadas
2026-04-11 01:51:20,543 [INFO]    💤 Pausa: 9.8s
2026-04-11 01:51:30,313 [INFO] 
🔍 Buscando: 'Ingeniero Industrial (Remoto AR)'
2026-04-11 01:51:30,314 [INFO]    Página 1/5 → https://www.workana.com/jobs?category=it-programming&language=es&country=AR&search=ingeniero+industrial&page=1
2026-04-11 01:51:39,036 [WARNING]    ⚠️  Sin ofertas parseadas.
2026-04-11 01:51:39,036 [INFO]    → 0 ofertas nuevas encontradas
2026-04-11 01:51:39,036 [INFO]    → Sin más resultados.
2026-04-11 01:51:39,037 [INFO] ✅ 'Ingeniero Industrial (Remoto AR)': 0 ofertas guardadas
2026-04-11 01:51:39,037 [INFO]    💤 Pausa: 9.7s
2026-04-11 01:51:48,794 [INFO] 
🔍 Buscando: 'Ingeniero Industrial (Remoto)'
2026-04-11 01:51:48,794 [INFO]    Página 1/5 → https://www.workana.com/jobs?category=it-programming&language=es&country=AR&search=ingeniero+industrial&page=1
2026-04-11 01:51:56,324 [WARNING]    ⚠️  Sin ofertas parseadas.
2026-04-11 01:51:56,324 [INFO]    → 0 ofertas nuevas encontradas
2026-04-11 01:51:56,324 [INFO]    → Sin más resultados.
2026-04-11 01:51:56,324 [INFO] ✅ 'Ingeniero Industrial (Remoto)': 0 ofertas guardadas
2026-04-11 01:51:56,324 [INFO]    💤 Pausa: 9.5s
2026-04-11 01:52:05,878 [INFO] 
🔍 Buscando: 'Finanzas / CAPEX'
2026-04-11 01:52:05,878 [INFO]    Página 1/5 → https://www.workana.com/jobs?category=it-programming&language=es&country=AR&search=finanzas&page=1
2026-04-11 01:52:13,908 [WARNING]    ⚠️  Sin ofertas parseadas.
2026-04-11 01:52:13,908 [INFO]    → 0 ofertas nuevas encontradas
2026-04-11 01:52:13,908 [INFO]    → Sin más resultados.
2026-04-11 01:52:13,908 [INFO] ✅ 'Finanzas / CAPEX': 0 ofertas guardadas
2026-04-11 01:52:13,908 [INFO]    💤 Pausa: 10.0s
2026-04-11 01:52:23,958 [INFO] 
🔍 Buscando: 'Finanzas / CAPEX (Remoto AR)'
2026-04-11 01:52:23,959 [INFO]    Página 1/5 → https://www.workana.com/jobs?category=it-programming&language=es&country=AR&search=finanzas&page=1
2026-04-11 01:52:32,720 [WARNING]    ⚠️  Sin ofertas parseadas.
2026-04-11 01:52:32,720 [INFO]    → 0 ofertas nuevas encontradas
2026-04-11 01:52:32,720 [INFO]    → Sin más resultados.
2026-04-11 01:52:32,720 [INFO] ✅ 'Finanzas / CAPEX (Remoto AR)': 0 ofertas guardadas
2026-04-11 01:52:32,720 [INFO]    💤 Pausa: 6.3s
2026-04-11 01:52:39,018 [INFO] 
🔍 Buscando: 'Finanzas / CAPEX (Remoto)'
2026-04-11 01:52:39,018 [INFO]    Página 1/5 → https://www.workana.com/jobs?category=it-programming&language=es&country=AR&search=finanzas&page=1
2026-04-11 01:52:49,516 [WARNING]    ⚠️  Sin ofertas parseadas.
2026-04-11 01:52:49,517 [INFO]    → 0 ofertas nuevas encontradas
2026-04-11 01:52:49,517 [INFO]    → Sin más resultados.
2026-04-11 01:52:49,517 [INFO] ✅ 'Finanzas / CAPEX (Remoto)': 0 ofertas guardadas
2026-04-11 01:52:49,517 [INFO]    💤 Pausa: 10.9s
2026-04-11 01:53:00,466 [INFO] 
🔍 Buscando: 'SAP'
2026-04-11 01:53:00,467 [INFO]    Página 1/5 → https://www.workana.com/jobs?category=it-programming&language=es&country=AR&search=sap&page=1
2026-04-11 01:53:09,554 [WARNING]    ⚠️  Sin ofertas parseadas.
2026-04-11 01:53:09,554 [INFO]    → 0 ofertas nuevas encontradas
2026-04-11 01:53:09,554 [INFO]    → Sin más resultados.
2026-04-11 01:53:09,554 [INFO] ✅ 'SAP': 0 ofertas guardadas
2026-04-11 01:53:09,554 [INFO]    💤 Pausa: 7.3s
2026-04-11 01:53:16,910 [INFO] 
🔍 Buscando: 'SAP (Remoto AR)'
2026-04-11 01:53:16,911 [INFO]    Página 1/5 → https://www.workana.com/jobs?category=it-programming&language=es&country=AR&search=sap&page=1
2026-04-11 01:53:27,481 [WARNING]    ⚠️  Sin ofertas parseadas.
2026-04-11 01:53:27,481 [INFO]    → 0 ofertas nuevas encontradas
2026-04-11 01:53:27,481 [INFO]    → Sin más resultados.
2026-04-11 01:53:27,481 [INFO] ✅ 'SAP (Remoto AR)': 0 ofertas guardadas
2026-04-11 01:53:27,481 [INFO]    💤 Pausa: 10.2s
2026-04-11 01:53:37,661 [INFO] 
🔍 Buscando: 'SAP (Remoto)'
2026-04-11 01:53:37,661 [INFO]    Página 1/5 → https://www.workana.com/jobs?category=it-programming&language=es&country=AR&search=sap&page=1
2026-04-11 01:53:46,434 [WARNING]    ⚠️  Sin ofertas parseadas.
2026-04-11 01:53:46,434 [INFO]    → 0 ofertas nuevas encontradas
2026-04-11 01:53:46,434 [INFO]    → Sin más resultados.
2026-04-11 01:53:46,434 [INFO] ✅ 'SAP (Remoto)': 0 ofertas guardadas
2026-04-11 01:53:46,434 [INFO]    💤 Pausa: 7.5s
2026-04-11 01:53:53,938 [INFO] 
🔍 Buscando: 'Excel / VBA'
2026-04-11 01:53:53,939 [INFO]    Página 1/5 → https://www.workana.com/jobs?category=it-programming&language=es&country=AR&search=excel&page=1
2026-04-11 01:54:01,457 [WARNING]    ⚠️  Sin ofertas parseadas.
2026-04-11 01:54:01,457 [INFO]    → 0 ofertas nuevas encontradas
2026-04-11 01:54:01,457 [INFO]    → Sin más resultados.
2026-04-11 01:54:01,457 [INFO] ✅ 'Excel / VBA': 0 ofertas guardadas
2026-04-11 01:54:01,457 [INFO]    💤 Pausa: 8.9s
2026-04-11 01:54:10,370 [INFO] 
🔍 Buscando: 'Excel / VBA (Remoto AR)'
2026-04-11 01:54:10,370 [INFO]    Página 1/5 → https://www.workana.com/jobs?category=it-programming&language=es&country=AR&search=excel&page=1
2026-04-11 01:54:19,071 [WARNING]    ⚠️  Sin ofertas parseadas.
2026-04-11 01:54:19,071 [INFO]    → 0 ofertas nuevas encontradas
2026-04-11 01:54:19,071 [INFO]    → Sin más resultados.
2026-04-11 01:54:19,071 [INFO] ✅ 'Excel / VBA (Remoto AR)': 0 ofertas guardadas
2026-04-11 01:54:19,072 [INFO]    💤 Pausa: 10.8s
2026-04-11 01:54:29,896 [INFO] 
🔍 Buscando: 'Excel / VBA (Remoto)'
2026-04-11 01:54:29,897 [INFO]    Página 1/5 → https://www.workana.com/jobs?category=it-programming&language=es&country=AR&search=excel&page=1
2026-04-11 01:54:38,269 [WARNING]    ⚠️  Sin ofertas parseadas.
2026-04-11 01:54:38,269 [INFO]    → 0 ofertas nuevas encontradas
2026-04-11 01:54:38,269 [INFO]    → Sin más resultados.
2026-04-11 01:54:38,269 [INFO] ✅ 'Excel / VBA (Remoto)': 0 ofertas guardadas
2026-04-11 01:54:38,270 [INFO]    💤 Pausa: 8.1s
2026-04-11 01:54:46,401 [INFO] 
🔍 Buscando: 'Google Apps Script'
2026-04-11 01:54:46,401 [INFO]    Página 1/5 → https://www.workana.com/jobs?category=it-programming&language=es&country=AR&search=automatizacion&page=1
2026-04-11 01:54:55,196 [WARNING]    ⚠️  Sin ofertas parseadas.
2026-04-11 01:54:55,196 [INFO]    → 0 ofertas nuevas encontradas
2026-04-11 01:54:55,196 [INFO]    → Sin más resultados.
2026-04-11 01:54:55,196 [INFO] ✅ 'Google Apps Script': 0 ofertas guardadas
2026-04-11 01:54:55,196 [INFO]    💤 Pausa: 8.8s
2026-04-11 01:55:03,985 [INFO] 
🔍 Buscando: 'Google Apps Script (Remoto AR)'
2026-04-11 01:55:03,986 [INFO]    Página 1/5 → https://www.workana.com/jobs?category=it-programming&language=es&country=AR&search=automatizacion&page=1
2026-04-11 01:55:13,484 [WARNING]    ⚠️  Sin ofertas parseadas.
2026-04-11 01:55:13,484 [INFO]    → 0 ofertas nuevas encontradas
2026-04-11 01:55:13,484 [INFO]    → Sin más resultados.
2026-04-11 01:55:13,484 [INFO] ✅ 'Google Apps Script (Remoto AR)': 0 ofertas guardadas
2026-04-11 01:55:13,485 [INFO]    💤 Pausa: 6.7s
2026-04-11 01:55:20,210 [INFO] 
🔍 Buscando: 'Google Apps Script (Remoto)'
2026-04-11 01:55:20,211 [INFO]    Página 1/5 → https://www.workana.com/jobs?category=it-programming&language=es&country=AR&search=automatizacion&page=1
2026-04-11 01:55:27,957 [WARNING]    ⚠️  Sin ofertas parseadas.
2026-04-11 01:55:27,957 [INFO]    → 0 ofertas nuevas encontradas
2026-04-11 01:55:27,957 [INFO]    → Sin más resultados.
2026-04-11 01:55:27,957 [INFO] ✅ 'Google Apps Script (Remoto)': 0 ofertas guardadas
2026-04-11 01:55:27,957 [INFO]    💤 Pausa: 10.5s
2026-04-11 01:55:38,498 [INFO] 
============================================================
2026-04-11 01:55:38,498 [INFO] SCRAPING FINALIZADO - Workana
2026-04-11 01:55:38,498 [INFO] Total ofertas únicas: 36
2026-04-11 01:55:38,498 [INFO] DB : /media/carlos-a-cicconi/Common1/Repositorios-Ing.Carlos-Cicconi/Trabajo_Final_MCD/data/raw/ofertas_workana.db
2026-04-11 01:55:38,498 [INFO] CSV: /media/carlos-a-cicconi/Common1/Repositorios-Ing.Carlos-Cicconi/Trabajo_Final_MCD/data/raw/workana_20260411.csv
2026-04-11 01:55:38,499 [INFO] Log: /media/carlos-a-cicconi/Common1/Repositorios-Ing.Carlos-Cicconi/Trabajo_Final_MCD/logs/workana_scraper_20260411_013109.log
2026-04-11 01:55:38,499 [INFO] ============================================================
2026-04-11 01:55:38,506 [INFO]   ✅ workana: 36 ofertas recopiladas
2026-04-11 01:55:38,507 [INFO] 
============================================================
2026-04-11 01:55:38,507 [INFO]   EJECUTANDO: opcionempleo (OpcionempleoScraper)
2026-04-11 01:55:38,507 [INFO]   Queries: desde CV (42 búsquedas)
2026-04-11 01:55:38,507 [INFO] ============================================================
2026-04-11 01:55:38,514 [INFO] Base de datos lista: /media/carlos-a-cicconi/Common1/Repositorios-Ing.Carlos-Cicconi/Trabajo_Final_MCD/data/raw/ofertas_opcionempleo.db
2026-04-11 01:55:38,515 [INFO] OpcionempleoScraper (Playwright) inicializado
2026-04-11 01:55:38,515 [INFO]   ✅ Queries del CV inyectadas en opcionempleo
2026-04-11 01:55:39,099 [INFO] Inicializando sesión en OpcionEmpleo...
2026-04-11 01:55:39,099 [INFO] (Puede tardar hasta 20s mientras se resuelve el Turnstile)
2026-04-11 01:55:42,661 [INFO]    ⏳ Turnstile detectado — esperando resolución automática...
2026-04-11 01:55:42,692 [INFO]    ✅ Turnstile resuelto
2026-04-11 01:55:47,330 [INFO] 
🔍 Buscando: 'Data Scientist'
2026-04-11 01:55:47,330 [INFO]    Página 1/5 → https://www.opcionempleo.com.ar/trabajo-data-scientist.html
2026-04-11 01:55:54,830 [INFO]    ⏳ Turnstile detectado — esperando resolución automática...
2026-04-11 01:55:54,854 [INFO]    ✅ Turnstile resuelto
2026-04-11 01:55:58,970 [INFO]    → 20 ofertas encontradas
2026-04-11 01:56:06,271 [INFO]    ⏳ Turnstile detectado — esperando resolución automática...
2026-04-11 01:56:06,296 [INFO]    ✅ Turnstile resuelto
2026-04-11 01:56:18,153 [INFO]    ⏳ Turnstile detectado — esperando resolución automática...
2026-04-11 01:56:18,176 [INFO]    ✅ Turnstile resuelto
2026-04-11 01:56:30,130 [INFO]    ⏳ Turnstile detectado — esperando resolución automática...
2026-04-11 01:56:30,150 [INFO]    ✅ Turnstile resuelto
2026-04-11 01:56:40,269 [INFO]    ⏳ Turnstile detectado — esperando resolución automática...
2026-04-11 01:56:40,289 [INFO]    ✅ Turnstile resuelto
2026-04-11 01:56:51,635 [INFO]    ⏳ Turnstile detectado — esperando resolución automática...
2026-04-11 01:56:51,654 [INFO]    ✅ Turnstile resuelto
2026-04-11 01:57:02,494 [INFO]    ⏳ Turnstile detectado — esperando resolución automática...
2026-04-11 01:57:02,514 [INFO]    ✅ Turnstile resuelto
2026-04-11 01:57:12,987 [INFO]    ⏳ Turnstile detectado — esperando resolución automática...
2026-04-11 01:57:13,008 [INFO]    ✅ Turnstile resuelto
2026-04-11 01:57:24,711 [INFO]    ⏳ Turnstile detectado — esperando resolución automática...
2026-04-11 01:57:24,731 [INFO]    ✅ Turnstile resuelto
2026-04-11 01:57:35,370 [INFO]    ⏳ Turnstile detectado — esperando resolución automática...
2026-04-11 01:57:35,392 [INFO]    ✅ Turnstile resuelto
2026-04-11 01:57:45,182 [INFO]    ⏳ Turnstile detectado — esperando resolución automática...
2026-04-11 01:57:45,205 [INFO]    ✅ Turnstile resuelto
2026-04-11 01:57:57,378 [INFO]    ⏳ Turnstile detectado — esperando resolución automática...
2026-04-11 01:57:57,398 [INFO]    ✅ Turnstile resuelto
2026-04-11 01:58:08,652 [INFO]    ⏳ Turnstile detectado — esperando resolución automática...
2026-04-11 01:58:08,672 [INFO]    ✅ Turnstile resuelto
2026-04-11 01:58:20,319 [INFO]    ⏳ Turnstile detectado — esperando resolución automática...
2026-04-11 01:58:20,338 [INFO]    ✅ Turnstile resuelto
2026-04-11 01:58:30,736 [INFO]    ⏳ Turnstile detectado — esperando resolución automática...
2026-04-11 01:58:30,765 [INFO]    ✅ Turnstile resuelto
2026-04-11 01:58:40,691 [INFO]    ⏳ Turnstile detectado — esperando resolución automática...
2026-04-11 01:58:40,711 [INFO]    ✅ Turnstile resuelto
2026-04-11 01:58:51,442 [INFO]    ⏳ Turnstile detectado — esperando resolución automática...
2026-04-11 01:58:51,461 [INFO]    ✅ Turnstile resuelto
2026-04-11 01:59:03,377 [INFO]    ⏳ Turnstile detectado — esperando resolución automática...
2026-04-11 01:59:03,397 [INFO]    ✅ Turnstile resuelto
2026-04-11 01:59:14,056 [INFO]    ⏳ Turnstile detectado — esperando resolución automática...
2026-04-11 01:59:14,078 [INFO]    ✅ Turnstile resuelto
2026-04-11 01:59:25,545 [INFO]    ⏳ Turnstile detectado — esperando resolución automática...
2026-04-11 01:59:25,565 [INFO]    ✅ Turnstile resuelto
2026-04-11 01:59:36,919 [INFO]    ⏳ Turnstile detectado — esperando resolución automática...
2026-04-11 01:59:36,939 [INFO]    ✅ Turnstile resuelto
2026-04-11 01:59:40,488 [INFO]    Página 2/5 → https://www.opcionempleo.com.ar/trabajo-data-scientist.html?p=2
2026-04-11 01:59:48,052 [INFO]    ⏳ Turnstile detectado — esperando resolución automática...
2026-04-11 01:59:48,072 [INFO]    ✅ Turnstile resuelto
2026-04-11 01:59:51,851 [INFO]    → 20 ofertas encontradas
2026-04-11 01:59:58,130 [INFO]    ⏳ Turnstile detectado — esperando resolución automática...
2026-04-11 01:59:58,152 [INFO]    ✅ Turnstile resuelto
2026-04-11 02:00:08,047 [INFO]    ⏳ Turnstile detectado — esperando resolución automática...
2026-04-11 02:00:08,068 [INFO]    ✅ Turnstile resuelto
2026-04-11 02:00:19,307 [INFO]    ⏳ Turnstile detectado — esperando resolución automática...
2026-04-11 02:00:19,326 [INFO]    ✅ Turnstile resuelto
2026-04-11 02:00:29,856 [INFO]    ⏳ Turnstile detectado — esperando resolución automática...
2026-04-11 02:00:29,874 [INFO]    ✅ Turnstile resuelto
2026-04-11 02:00:41,322 [INFO]    ⏳ Turnstile detectado — esperando resolución automática...
2026-04-11 02:00:41,345 [INFO]    ✅ Turnstile resuelto
2026-04-11 02:00:53,613 [INFO]    ⏳ Turnstile detectado — esperando resolución automática...
2026-04-11 02:00:53,634 [INFO]    ✅ Turnstile resuelto
2026-04-11 02:01:02,930 [INFO]    ⏳ Turnstile detectado — esperando resolución automática...
2026-04-11 02:01:02,953 [INFO]    ✅ Turnstile resuelto
2026-04-11 02:01:12,760 [INFO]    ⏳ Turnstile detectado — esperando resolución automática...
2026-04-11 02:01:12,783 [INFO]    ✅ Turnstile resuelto
2026-04-11 02:01:23,432 [INFO]    ⏳ Turnstile detectado — esperando resolución automática...
2026-04-11 02:01:23,454 [INFO]    ✅ Turnstile resuelto
2026-04-11 02:01:35,806 [INFO]    ⏳ Turnstile detectado — esperando resolución automática...
2026-04-11 02:01:35,828 [INFO]    ✅ Turnstile resuelto
2026-04-11 02:01:46,346 [INFO]    ⏳ Turnstile detectado — esperando resolución automática...
2026-04-11 02:01:46,368 [INFO]    ✅ Turnstile resuelto
2026-04-11 02:01:57,612 [INFO]    ⏳ Turnstile detectado — esperando resolución automática...
2026-04-11 02:01:57,633 [INFO]    ✅ Turnstile resuelto
2026-04-11 02:02:08,566 [INFO]    ⏳ Turnstile detectado — esperando resolución automática...
2026-04-11 02:02:08,587 [INFO]    ✅ Turnstile resuelto
2026-04-11 02:02:19,125 [INFO]    ⏳ Turnstile detectado — esperando resolución automática...
2026-04-11 02:02:19,148 [INFO]    ✅ Turnstile resuelto
2026-04-11 02:02:30,479 [INFO]    ⏳ Turnstile detectado — esperando resolución automática...
2026-04-11 02:02:30,501 [INFO]    ✅ Turnstile resuelto
2026-04-11 02:02:40,752 [INFO]    ⏳ Turnstile detectado — esperando resolución automática...
2026-04-11 02:02:40,770 [INFO]    ✅ Turnstile resuelto
2026-04-11 02:02:50,838 [INFO]    ⏳ Turnstile detectado — esperando resolución automática...
2026-04-11 02:02:50,858 [INFO]    ✅ Turnstile resuelto
2026-04-11 02:03:00,996 [INFO]    ⏳ Turnstile detectado — esperando resolución automática...
2026-04-11 02:03:01,017 [INFO]    ✅ Turnstile resuelto
2026-04-11 02:03:10,878 [INFO]    ⏳ Turnstile detectado — esperando resolución automática...
2026-04-11 02:03:10,902 [INFO]    ✅ Turnstile resuelto
2026-04-11 02:03:20,507 [INFO]    ⏳ Turnstile detectado — esperando resolución automática...
2026-04-11 02:03:20,526 [INFO]    ✅ Turnstile resuelto
2026-04-11 02:03:24,018 [INFO]    Página 3/5 → https://www.opcionempleo.com.ar/trabajo-data-scientist.html?p=3
2026-04-11 02:03:33,965 [INFO]    ⏳ Turnstile detectado — esperando resolución automática...
2026-04-11 02:03:33,991 [INFO]    ✅ Turnstile resuelto
2026-04-11 02:03:37,838 [INFO]    → 20 ofertas encontradas
2026-04-11 02:03:44,418 [INFO]    ⏳ Turnstile detectado — esperando resolución automática...
2026-04-11 02:03:44,437 [INFO]    ✅ Turnstile resuelto
2026-04-11 02:03:54,734 [INFO]    ⏳ Turnstile detectado — esperando resolución automática...
2026-04-11 02:03:54,757 [INFO]    ✅ Turnstile resuelto
2026-04-11 02:04:06,925 [INFO]    ⏳ Turnstile detectado — esperando resolución automática...
2026-04-11 02:04:06,945 [INFO]    ✅ Turnstile resuelto
2026-04-11 02:04:17,879 [INFO]    ⏳ Turnstile detectado — esperando resolución automática...
2026-04-11 02:04:17,901 [INFO]    ✅ Turnstile resuelto
2026-04-11 02:04:28,420 [INFO]    ⏳ Turnstile detectado — esperando resolución automática...
2026-04-11 02:04:28,453 [INFO]    ✅ Turnstile resuelto
2026-04-11 02:04:39,377 [INFO]    ⏳ Turnstile detectado — esperando resolución automática...
2026-04-11 02:04:39,398 [INFO]    ✅ Turnstile resuelto
2026-04-11 02:04:50,332 [INFO]    ⏳ Turnstile detectado — esperando resolución automática...
2026-04-11 02:04:50,352 [INFO]    ✅ Turnstile resuelto
2026-04-11 02:05:00,189 [INFO]    ⏳ Turnstile detectado — esperando resolución automática...
2026-04-11 02:05:00,209 [INFO]    ✅ Turnstile resuelto
2026-04-11 02:05:10,929 [INFO]    ⏳ Turnstile detectado — esperando resolución automática...
2026-04-11 02:05:10,946 [INFO]    ✅ Turnstile resuelto
2026-04-11 02:05:23,060 [INFO]    ⏳ Turnstile detectado — esperando resolución automática...
2026-04-11 02:05:23,077 [INFO]    ✅ Turnstile resuelto
2026-04-11 02:05:33,584 [INFO]    ⏳ Turnstile detectado — esperando resolución automática...
2026-04-11 02:05:33,604 [INFO]    ✅ Turnstile resuelto
2026-04-11 02:05:44,639 [INFO]    ⏳ Turnstile detectado — esperando resolución automática...
2026-04-11 02:05:44,657 [INFO]    ✅ Turnstile resuelto
2026-04-11 02:05:55,350 [INFO]    ⏳ Turnstile detectado — esperando resolución automática...
2026-04-11 02:05:55,371 [INFO]    ✅ Turnstile resuelto
2026-04-11 02:06:06,553 [INFO]    ⏳ Turnstile detectado — esperando resolución automática...
2026-04-11 02:06:06,571 [INFO]    ✅ Turnstile resuelto
2026-04-11 02:06:16,844 [INFO]    ⏳ Turnstile detectado — esperando resolución automática...
2026-04-11 02:06:16,862 [INFO]    ✅ Turnstile resuelto
2026-04-11 02:06:28,371 [INFO]    ⏳ Turnstile detectado — esperando resolución automática...
2026-04-11 02:06:28,390 [INFO]    ✅ Turnstile resuelto
2026-04-11 02:06:40,139 [INFO]    ⏳ Turnstile detectado — esperando resolución automática...
2026-04-11 02:06:40,158 [INFO]    ✅ Turnstile resuelto
2026-04-11 02:06:50,993 [INFO]    ⏳ Turnstile detectado — esperando resolución automática...
2026-04-11 02:06:51,030 [INFO]    ✅ Turnstile resuelto
2026-04-11 02:07:02,254 [INFO]    ⏳ Turnstile detectado — esperando resolución automática...
2026-04-11 02:07:02,272 [INFO]    ✅ Turnstile resuelto
2026-04-11 02:07:14,639 [INFO]    ⏳ Turnstile detectado — esperando resolución automática...
2026-04-11 02:07:14,658 [INFO]    ✅ Turnstile resuelto
2026-04-11 02:07:17,970 [INFO]    Página 4/5 → https://www.opcionempleo.com.ar/trabajo-data-scientist.html?p=4
2026-04-11 02:07:26,901 [INFO]    ⏳ Turnstile detectado — esperando resolución automática...
2026-04-11 02:07:26,922 [INFO]    ✅ Turnstile resuelto
2026-04-11 02:07:31,257 [INFO]    → 20 ofertas encontradas
2026-04-11 02:07:38,922 [INFO]    ⏳ Turnstile detectado — esperando resolución automática...
2026-04-11 02:07:38,941 [INFO]    ✅ Turnstile resuelto
2026-04-11 02:07:48,846 [INFO]    ⏳ Turnstile detectado — esperando resolución automática...
2026-04-11 02:07:48,866 [INFO]    ✅ Turnstile resuelto
2026-04-11 02:08:00,294 [INFO]    ⏳ Turnstile detectado — esperando resolución automática...
2026-04-11 02:08:00,320 [INFO]    ✅ Turnstile resuelto
2026-04-11 02:08:11,250 [INFO]    ⏳ Turnstile detectado — esperando resolución automática...
2026-04-11 02:08:11,268 [INFO]    ✅ Turnstile resuelto
2026-04-11 02:08:22,420 [INFO]    ⏳ Turnstile detectado — esperando resolución automática...
2026-04-11 02:08:22,441 [INFO]    ✅ Turnstile resuelto
2026-04-11 02:08:33,909 [INFO]    ⏳ Turnstile detectado — esperando resolución automática...
2026-04-11 02:08:33,930 [INFO]    ✅ Turnstile resuelto
2026-04-11 02:08:43,393 [INFO]    ⏳ Turnstile detectado — esperando resolución automática...
2026-04-11 02:08:43,413 [INFO]    ✅ Turnstile resuelto
2026-04-11 02:08:53,680 [INFO]    ⏳ Turnstile detectado — esperando resolución automática...
2026-04-11 02:08:53,702 [INFO]    ✅ Turnstile resuelto
2026-04-11 02:09:04,108 [INFO]    ⏳ Turnstile detectado — esperando resolución automática...
2026-04-11 02:09:04,125 [INFO]    ✅ Turnstile resuelto
2026-04-11 02:09:15,273 [INFO]    ⏳ Turnstile detectado — esperando resolución automática...
2026-04-11 02:09:15,290 [INFO]    ✅ Turnstile resuelto
2026-04-11 02:09:26,033 [INFO]    ⏳ Turnstile detectado — esperando resolución automática...
2026-04-11 02:09:26,051 [INFO]    ✅ Turnstile resuelto
2026-04-11 02:09:37,088 [INFO]    ⏳ Turnstile detectado — esperando resolución automática...
2026-04-11 02:09:37,104 [INFO]    ✅ Turnstile resuelto
2026-04-11 02:09:48,122 [INFO]    ⏳ Turnstile detectado — esperando resolución automática...
2026-04-11 02:09:48,139 [INFO]    ✅ Turnstile resuelto
2026-04-11 02:10:00,027 [INFO]    ⏳ Turnstile detectado — esperando resolución automática...
2026-04-11 02:10:00,046 [INFO]    ✅ Turnstile resuelto
2026-04-11 02:10:11,993 [INFO]    ⏳ Turnstile detectado — esperando resolución automática...
2026-04-11 02:10:12,010 [INFO]    ✅ Turnstile resuelto
2026-04-11 02:10:23,099 [INFO]    ⏳ Turnstile detectado — esperando resolución automática...
2026-04-11 02:10:23,121 [INFO]    ✅ Turnstile resuelto
2026-04-11 02:10:34,125 [INFO]    ⏳ Turnstile detectado — esperando resolución automática...
2026-04-11 02:10:34,146 [INFO]    ✅ Turnstile resuelto
2026-04-11 02:10:44,164 [INFO]    ⏳ Turnstile detectado — esperando resolución automática...
2026-04-11 02:10:44,183 [INFO]    ✅ Turnstile resuelto
2026-04-11 02:10:54,503 [INFO]    ⏳ Turnstile detectado — esperando resolución automática...
2026-04-11 02:10:54,525 [INFO]    ✅ Turnstile resuelto
2026-04-11 02:11:04,949 [INFO]    ⏳ Turnstile detectado — esperando resolución automática...
2026-04-11 02:11:04,967 [INFO]    ✅ Turnstile resuelto
2026-04-11 02:11:08,497 [INFO]    Página 5/5 → https://www.opcionempleo.com.ar/trabajo-data-scientist.html?p=5
2026-04-11 02:11:17,126 [INFO]    ⏳ Turnstile detectado — esperando resolución automática...
2026-04-11 02:11:17,163 [INFO]    ✅ Turnstile resuelto
2026-04-11 02:11:21,187 [INFO]    → 20 ofertas encontradas
2026-04-11 02:11:29,457 [INFO]    ⏳ Turnstile detectado — esperando resolución automática...
2026-04-11 02:11:29,476 [INFO]    ✅ Turnstile resuelto
2026-04-11 02:11:41,501 [INFO]    ⏳ Turnstile detectado — esperando resolución automática...
2026-04-11 02:11:41,519 [INFO]    ✅ Turnstile resuelto
2026-04-11 02:11:51,032 [INFO]    ⏳ Turnstile detectado — esperando resolución automática...
2026-04-11 02:11:51,049 [INFO]    ✅ Turnstile resuelto
2026-04-11 02:12:03,109 [INFO]    ⏳ Turnstile detectado — esperando resolución automática...
2026-04-11 02:12:03,128 [INFO]    ✅ Turnstile resuelto
2026-04-11 02:12:13,447 [INFO]    ⏳ Turnstile detectado — esperando resolución automática...
2026-04-11 02:12:13,464 [INFO]    ✅ Turnstile resuelto
2026-04-11 02:12:23,847 [INFO]    ⏳ Turnstile detectado — esperando resolución automática...
2026-04-11 02:12:23,865 [INFO]    ✅ Turnstile resuelto
2026-04-11 02:12:35,663 [INFO]    ⏳ Turnstile detectado — esperando resolución automática...
2026-04-11 02:12:35,680 [INFO]    ✅ Turnstile resuelto
2026-04-11 02:12:45,162 [INFO]    ⏳ Turnstile detectado — esperando resolución automática...
2026-04-11 02:12:45,179 [INFO]    ✅ Turnstile resuelto
2026-04-11 02:12:55,897 [INFO]    ⏳ Turnstile detectado — esperando resolución automática...
2026-04-11 02:12:55,915 [INFO]    ✅ Turnstile resuelto
2026-04-11 02:13:07,211 [INFO]    ⏳ Turnstile detectado — esperando resolución automática...
2026-04-11 02:13:07,231 [INFO]    ✅ Turnstile resuelto
2026-04-11 02:13:18,753 [INFO]    ⏳ Turnstile detectado — esperando resolución automática...
2026-04-11 02:13:18,771 [INFO]    ✅ Turnstile resuelto
2026-04-11 02:13:30,048 [INFO]    ⏳ Turnstile detectado — esperando resolución automática...
2026-04-11 02:13:30,065 [INFO]    ✅ Turnstile resuelto
2026-04-11 02:13:42,130 [INFO]    ⏳ Turnstile detectado — esperando resolución automática...
2026-04-11 02:13:42,147 [INFO]    ✅ Turnstile resuelto
2026-04-11 02:13:52,542 [INFO]    ⏳ Turnstile detectado — esperando resolución automática...
2026-04-11 02:13:52,561 [INFO]    ✅ Turnstile resuelto
2026-04-11 02:14:02,713 [INFO]    ⏳ Turnstile detectado — esperando resolución automática...
2026-04-11 02:14:02,733 [INFO]    ✅ Turnstile resuelto
2026-04-11 02:14:13,458 [INFO]    ⏳ Turnstile detectado — esperando resolución automática...
2026-04-11 02:14:13,476 [INFO]    ✅ Turnstile resuelto
2026-04-11 02:14:23,899 [INFO]    ⏳ Turnstile detectado — esperando resolución automática...
2026-04-11 02:14:23,918 [INFO]    ✅ Turnstile resuelto
2026-04-11 02:14:34,765 [INFO]    ⏳ Turnstile detectado — esperando resolución automática...
2026-04-11 02:14:34,791 [INFO]    ✅ Turnstile resuelto
2026-04-11 02:14:46,230 [INFO]    ⏳ Turnstile detectado — esperando resolución automática...
2026-04-11 02:14:46,249 [INFO]    ✅ Turnstile resuelto
2026-04-11 02:14:56,578 [INFO]    ⏳ Turnstile detectado — esperando resolución automática...
2026-04-11 02:14:56,595 [INFO]    ✅ Turnstile resuelto
2026-04-11 02:14:59,779 [INFO] Exportadas 100 ofertas → /media/carlos-a-cicconi/Common1/Repositorios-Ing.Carlos-Cicconi/Trabajo_Final_MCD/data/raw/opcionempleo_20260411.csv
2026-04-11 02:14:59,779 [INFO] ✅ 'Data Scientist': 100 ofertas guardadas
2026-04-11 02:14:59,779 [INFO]    💤 Pausa: 8.5s
2026-04-11 02:15:08,259 [INFO] 
🔍 Buscando: 'BI / Analytics'
2026-04-11 02:15:08,259 [INFO]    Página 1/5 → https://www.opcionempleo.com.ar/trabajo-business-intelligence.html
2026-04-11 02:15:18,483 [INFO]    ⏳ Turnstile detectado — esperando resolución automática...
2026-04-11 02:15:18,504 [INFO]    ✅ Turnstile resuelto
2026-04-11 02:15:22,646 [INFO]    → 20 ofertas encontradas
2026-04-11 02:15:30,348 [INFO]    ⏳ Turnstile detectado — esperando resolución automática...
2026-04-11 02:15:30,366 [INFO]    ✅ Turnstile resuelto
2026-04-11 02:15:40,398 [INFO]    ⏳ Turnstile detectado — esperando resolución automática...
2026-04-11 02:15:40,418 [INFO]    ✅ Turnstile resuelto
2026-04-11 02:15:52,487 [INFO]    ⏳ Turnstile detectado — esperando resolución automática...
2026-04-11 02:15:52,506 [INFO]    ✅ Turnstile resuelto
2026-04-11 02:16:03,954 [INFO]    ⏳ Turnstile detectado — esperando resolución automática...
2026-04-11 02:16:03,973 [INFO]    ✅ Turnstile resuelto
2026-04-11 02:16:16,239 [INFO]    ⏳ Turnstile detectado — esperando resolución automática...
2026-04-11 02:16:16,258 [INFO]    ✅ Turnstile resuelto
2026-04-11 02:16:27,511 [INFO]    ⏳ Turnstile detectado — esperando resolución automática...
2026-04-11 02:16:27,531 [INFO]    ✅ Turnstile resuelto
2026-04-11 02:16:39,491 [INFO]    ⏳ Turnstile detectado — esperando resolución automática...
2026-04-11 02:16:39,511 [INFO]    ✅ Turnstile resuelto
2026-04-11 02:16:51,061 [INFO]    ⏳ Turnstile detectado — esperando resolución automática...
2026-04-11 02:16:51,087 [INFO]    ✅ Turnstile resuelto
2026-04-11 02:17:02,728 [INFO]    ⏳ Turnstile detectado — esperando resolución automática...
2026-04-11 02:17:02,746 [INFO]    ✅ Turnstile resuelto
2026-04-11 02:17:14,198 [INFO]    ⏳ Turnstile detectado — esperando resolución automática...
2026-04-11 02:17:14,218 [INFO]    ✅ Turnstile resuelto
2026-04-11 02:17:24,654 [INFO]    ⏳ Turnstile detectado — esperando resolución automática...
2026-04-11 02:17:24,676 [INFO]    ✅ Turnstile resuelto
2026-04-11 02:17:35,989 [INFO]    ⏳ Turnstile detectado — esperando resolución automática...
2026-04-11 02:17:36,017 [INFO]    ✅ Turnstile resuelto
2026-04-11 02:17:48,198 [INFO]    ⏳ Turnstile detectado — esperando resolución automática...
2026-04-11 02:17:48,216 [INFO]    ✅ Turnstile resuelto
2026-04-11 02:17:58,483 [INFO]    ⏳ Turnstile detectado — esperando resolución automática...
2026-04-11 02:17:58,501 [INFO]    ✅ Turnstile resuelto
2026-04-11 02:18:10,392 [INFO]    ⏳ Turnstile detectado — esperando resolución automática...
2026-04-11 02:18:10,425 [INFO]    ✅ Turnstile resuelto
2026-04-11 02:18:22,098 [INFO]    ⏳ Turnstile detectado — esperando resolución automática...
2026-04-11 02:18:22,118 [INFO]    ✅ Turnstile resuelto
2026-04-11 02:18:32,646 [INFO]    ⏳ Turnstile detectado — esperando resolución automática...
2026-04-11 02:18:32,663 [INFO]    ✅ Turnstile resuelto
2026-04-11 02:18:44,216 [INFO]    ⏳ Turnstile detectado — esperando resolución automática...
2026-04-11 02:18:44,234 [INFO]    ✅ Turnstile resuelto
2026-04-11 02:18:56,099 [INFO]    ⏳ Turnstile detectado — esperando resolución automática...
2026-04-11 02:18:56,117 [INFO]    ✅ Turnstile resuelto
2026-04-11 02:19:06,106 [INFO]    ⏳ Turnstile detectado — esperando resolución automática...
2026-04-11 02:19:06,126 [INFO]    ✅ Turnstile resuelto
2026-04-11 02:19:10,189 [INFO]    Página 2/5 → https://www.opcionempleo.com.ar/trabajo-business-intelligence.html?p=2
2026-04-11 02:19:19,541 [INFO]    ⏳ Turnstile detectado — esperando resolución automática...
2026-04-11 02:19:19,573 [INFO]    ✅ Turnstile resuelto
2026-04-11 02:19:23,814 [INFO]    → 20 ofertas encontradas
2026-04-11 02:19:30,084 [INFO]    ⏳ Turnstile detectado — esperando resolución automática...
2026-04-11 02:19:30,104 [INFO]    ✅ Turnstile resuelto
2026-04-11 02:19:40,024 [INFO]    ⏳ Turnstile detectado — esperando resolución automática...
2026-04-11 02:19:40,042 [INFO]    ✅ Turnstile resuelto
2026-04-11 02:19:50,721 [INFO]    ⏳ Turnstile detectado — esperando resolución automática...
2026-04-11 02:19:50,740 [INFO]    ✅ Turnstile resuelto
2026-04-11 02:20:01,841 [INFO]    ⏳ Turnstile detectado — esperando resolución automática...
2026-04-11 02:20:01,860 [INFO]    ✅ Turnstile resuelto
2026-04-11 02:20:12,375 [INFO]    ⏳ Turnstile detectado — esperando resolución automática...
2026-04-11 02:20:12,395 [INFO]    ✅ Turnstile resuelto
2026-04-11 02:20:22,513 [INFO]    ⏳ Turnstile detectado — esperando resolución automática...
2026-04-11 02:20:22,530 [INFO]    ✅ Turnstile resuelto
2026-04-11 02:20:33,161 [INFO]    ⏳ Turnstile detectado — esperando resolución automática...
2026-04-11 02:20:33,183 [INFO]    ✅ Turnstile resuelto
2026-04-11 02:20:44,890 [INFO]    ⏳ Turnstile detectado — esperando resolución automática...
2026-04-11 02:20:44,909 [INFO]    ✅ Turnstile resuelto
2026-04-11 02:20:56,381 [INFO]    ⏳ Turnstile detectado — esperando resolución automática...
2026-04-11 02:20:56,401 [INFO]    ✅ Turnstile resuelto
2026-04-11 02:21:07,061 [INFO]    ⏳ Turnstile detectado — esperando resolución automática...
2026-04-11 02:21:07,087 [INFO]    ✅ Turnstile resuelto
2026-04-11 02:21:18,530 [INFO]    ⏳ Turnstile detectado — esperando resolución automática...
2026-04-11 02:21:18,571 [INFO]    ✅ Turnstile resuelto
2026-04-11 02:21:30,562 [INFO]    ⏳ Turnstile detectado — esperando resolución automática...
2026-04-11 02:21:30,582 [INFO]    ✅ Turnstile resuelto
2026-04-11 02:21:42,394 [INFO]    ⏳ Turnstile detectado — esperando resolución automática...
2026-04-11 02:21:42,417 [INFO]    ✅ Turnstile resuelto
2026-04-11 02:21:53,143 [INFO]    ⏳ Turnstile detectado — esperando resolución automática...
2026-04-11 02:21:53,162 [INFO]    ✅ Turnstile resuelto
2026-04-11 02:22:05,131 [INFO]    ⏳ Turnstile detectado — esperando resolución automática...
2026-04-11 02:22:05,149 [INFO]    ✅ Turnstile resuelto
2026-04-11 02:22:16,284 [INFO]    ⏳ Turnstile detectado — esperando resolución automática...
2026-04-11 02:22:16,302 [INFO]    ✅ Turnstile resuelto
2026-04-11 02:22:27,201 [INFO]    ⏳ Turnstile detectado — esperando resolución automática...
2026-04-11 02:22:27,219 [INFO]    ✅ Turnstile resuelto
2026-04-11 02:22:38,543 [INFO]    ⏳ Turnstile detectado — esperando resolución automática...
2026-04-11 02:22:38,562 [INFO]    ✅ Turnstile resuelto
2026-04-11 02:22:48,339 [INFO]    ⏳ Turnstile detectado — esperando resolución automática...
2026-04-11 02:22:48,371 [INFO]    ✅ Turnstile resuelto
2026-04-11 02:22:59,893 [INFO]    ⏳ Turnstile detectado — esperando resolución automática...
2026-04-11 02:22:59,912 [INFO]    ✅ Turnstile resuelto
2026-04-11 02:23:03,510 [INFO]    Página 3/5 → https://www.opcionempleo.com.ar/trabajo-business-intelligence.html?p=3
2026-04-11 02:23:13,521 [INFO]    ⏳ Turnstile detectado — esperando resolución automática...
2026-04-11 02:23:13,540 [INFO]    ✅ Turnstile resuelto
2026-04-11 02:23:17,534 [INFO]    → 20 ofertas encontradas
2026-04-11 02:23:26,016 [INFO]    ⏳ Turnstile detectado — esperando resolución automática...
2026-04-11 02:23:26,033 [INFO]    ✅ Turnstile resuelto
2026-04-11 02:23:37,898 [INFO]    ⏳ Turnstile detectado — esperando resolución automática...
2026-04-11 02:23:37,918 [INFO]    ✅ Turnstile resuelto
2026-04-11 02:23:47,928 [INFO]    ⏳ Turnstile detectado — esperando resolución automática...
2026-04-11 02:23:47,947 [INFO]    ✅ Turnstile resuelto
2026-04-11 02:23:58,481 [INFO]    ⏳ Turnstile detectado — esperando resolución automática...
2026-04-11 02:23:58,501 [INFO]    ✅ Turnstile resuelto
2026-04-11 02:24:08,728 [INFO]    ⏳ Turnstile detectado — esperando resolución automática...
2026-04-11 02:24:08,747 [INFO]    ✅ Turnstile resuelto
2026-04-11 02:24:20,912 [INFO]    ⏳ Turnstile detectado — esperando resolución automática...
2026-04-11 02:24:20,930 [INFO]    ✅ Turnstile resuelto
2026-04-11 02:24:32,584 [INFO]    ⏳ Turnstile detectado — esperando resolución automática...
2026-04-11 02:24:32,603 [INFO]    ✅ Turnstile resuelto
2026-04-11 02:24:43,221 [INFO]    ⏳ Turnstile detectado — esperando resolución automática...
2026-04-11 02:24:43,238 [INFO]    ✅ Turnstile resuelto
2026-04-11 02:24:54,189 [INFO]    ⏳ Turnstile detectado — esperando resolución automática...
2026-04-11 02:24:54,209 [INFO]    ✅ Turnstile resuelto
2026-04-11 02:25:03,603 [INFO]    ⏳ Turnstile detectado — esperando resolución automática...
2026-04-11 02:25:03,621 [INFO]    ✅ Turnstile resuelto
2026-04-11 02:25:15,079 [INFO]    ⏳ Turnstile detectado — esperando resolución automática...
2026-04-11 02:25:15,098 [INFO]    ✅ Turnstile resuelto
2026-04-11 02:25:27,330 [INFO]    ⏳ Turnstile detectado — esperando resolución automática...
2026-04-11 02:25:27,350 [INFO]    ✅ Turnstile resuelto
2026-04-11 02:25:39,137 [INFO]    ⏳ Turnstile detectado — esperando resolución automática...
2026-04-11 02:25:39,157 [INFO]    ✅ Turnstile resuelto
2026-04-11 02:25:50,722 [INFO]    ⏳ Turnstile detectado — esperando resolución automática...
2026-04-11 02:25:50,742 [INFO]    ✅ Turnstile resuelto
2026-04-11 02:26:01,443 [INFO]    ⏳ Turnstile detectado — esperando resolución automática...
2026-04-11 02:26:01,460 [INFO]    ✅ Turnstile resuelto
2026-04-11 02:26:13,109 [INFO]    ⏳ Turnstile detectado — esperando resolución automática...
2026-04-11 02:26:13,126 [INFO]    ✅ Turnstile resuelto
2026-04-11 02:26:23,786 [INFO]    ⏳ Turnstile detectado — esperando resolución automática...
2026-04-11 02:26:23,806 [INFO]    ✅ Turnstile resuelto
2026-04-11 02:26:36,084 [INFO]    ⏳ Turnstile detectado — esperando resolución automática...
2026-04-11 02:26:36,104 [INFO]    ✅ Turnstile resuelto
2026-04-11 02:26:47,954 [INFO]    ⏳ Turnstile detectado — esperando resolución automática...
2026-04-11 02:26:47,990 [INFO]    ✅ Turnstile resuelto
2026-04-11 02:26:59,943 [INFO]    ⏳ Turnstile detectado — esperando resolución automática...
2026-04-11 02:26:59,961 [INFO]    ✅ Turnstile resuelto
2026-04-11 02:27:03,369 [INFO]    Página 4/5 → https://www.opcionempleo.com.ar/trabajo-business-intelligence.html?p=4
2026-04-11 02:27:13,144 [INFO]    ⏳ Turnstile detectado — esperando resolución automática...
2026-04-11 02:27:13,163 [INFO]    ✅ Turnstile resuelto
2026-04-11 02:27:16,841 [INFO]    → 20 ofertas encontradas
2026-04-11 02:27:23,056 [INFO]    ⏳ Turnstile detectado — esperando resolución automática...
2026-04-11 02:27:23,075 [INFO]    ✅ Turnstile resuelto
2026-04-11 02:27:34,144 [INFO]    ⏳ Turnstile detectado — esperando resolución automática...
2026-04-11 02:27:34,162 [INFO]    ✅ Turnstile resuelto
2026-04-11 02:27:45,382 [INFO]    ⏳ Turnstile detectado — esperando resolución automática...
2026-04-11 02:27:45,402 [INFO]    ✅ Turnstile resuelto
2026-04-11 02:27:57,293 [INFO]    ⏳ Turnstile detectado — esperando resolución automática...
2026-04-11 02:27:57,335 [INFO]    ✅ Turnstile resuelto
2026-04-11 02:28:06,816 [INFO]    ⏳ Turnstile detectado — esperando resolución automática...
2026-04-11 02:28:06,836 [INFO]    ✅ Turnstile resuelto
2026-04-11 02:28:17,239 [INFO]    ⏳ Turnstile detectado — esperando resolución automática...
2026-04-11 02:28:17,256 [INFO]    ✅ Turnstile resuelto
2026-04-11 02:28:29,236 [INFO]    ⏳ Turnstile detectado — esperando resolución automática...
2026-04-11 02:28:29,254 [INFO]    ✅ Turnstile resuelto
2026-04-11 02:28:40,809 [INFO]    ⏳ Turnstile detectado — esperando resolución automática...
2026-04-11 02:28:40,828 [INFO]    ✅ Turnstile resuelto
2026-04-11 02:28:51,362 [INFO]    ⏳ Turnstile detectado — esperando resolución automática...
2026-04-11 02:28:51,384 [INFO]    ✅ Turnstile resuelto
2026-04-11 02:29:02,931 [INFO]    ⏳ Turnstile detectado — esperando resolución automática...
2026-04-11 02:29:02,949 [INFO]    ✅ Turnstile resuelto
2026-04-11 02:29:12,097 [INFO]    ⏳ Turnstile detectado — esperando resolución automática...
2026-04-11 02:29:12,145 [INFO]    ✅ Turnstile resuelto
2026-04-11 02:29:23,692 [INFO]    ⏳ Turnstile detectado — esperando resolución automática...
2026-04-11 02:29:23,711 [INFO]    ✅ Turnstile resuelto
2026-04-11 02:29:33,862 [INFO]    ⏳ Turnstile detectado — esperando resolución automática...
2026-04-11 02:29:33,882 [INFO]    ✅ Turnstile resuelto
2026-04-11 02:29:44,047 [INFO]    ⏳ Turnstile detectado — esperando resolución automática...
2026-04-11 02:29:44,066 [INFO]    ✅ Turnstile resuelto
2026-04-11 02:29:54,139 [INFO]    ⏳ Turnstile detectado — esperando resolución automática...
2026-04-11 02:29:54,157 [INFO]    ✅ Turnstile resuelto
2026-04-11 02:30:06,015 [INFO]    ⏳ Turnstile detectado — esperando resolución automática...
2026-04-11 02:30:06,032 [INFO]    ✅ Turnstile resuelto
2026-04-11 02:30:16,354 [INFO]    ⏳ Turnstile detectado — esperando resolución automática...
2026-04-11 02:30:16,376 [INFO]    ✅ Turnstile resuelto
2026-04-11 02:30:26,810 [INFO]    ⏳ Turnstile detectado — esperando resolución automática...
2026-04-11 02:30:26,842 [INFO]    ✅ Turnstile resuelto
2026-04-11 02:30:37,811 [INFO]    ⏳ Turnstile detectado — esperando resolución automática...
2026-04-11 02:30:37,834 [INFO]    ✅ Turnstile resuelto
2026-04-11 02:30:50,028 [INFO]    ⏳ Turnstile detectado — esperando resolución automática...
2026-04-11 02:30:50,048 [INFO]    ✅ Turnstile resuelto
2026-04-11 02:30:53,694 [INFO]    Página 5/5 → https://www.opcionempleo.com.ar/trabajo-business-intelligence.html?p=5
2026-04-11 02:31:02,429 [INFO]    ⏳ Turnstile detectado — esperando resolución automática...
2026-04-11 02:31:02,451 [INFO]    ✅ Turnstile resuelto
2026-04-11 02:31:06,386 [INFO]    → 20 ofertas encontradas
2026-04-11 02:31:14,727 [INFO]    ⏳ Turnstile detectado — esperando resolución automática...
2026-04-11 02:31:14,745 [INFO]    ✅ Turnstile resuelto
2026-04-11 02:31:25,121 [INFO]    ⏳ Turnstile detectado — esperando resolución automática...
2026-04-11 02:31:25,143 [INFO]    ✅ Turnstile resuelto
2026-04-11 02:31:35,212 [INFO]    ⏳ Turnstile detectado — esperando resolución automática...
2026-04-11 02:31:35,229 [INFO]    ✅ Turnstile resuelto
2026-04-11 02:31:46,168 [INFO]    ⏳ Turnstile detectado — esperando resolución automática...
2026-04-11 02:31:46,215 [INFO]    ✅ Turnstile resuelto
2026-04-11 02:31:56,814 [INFO]    ⏳ Turnstile detectado — esperando resolución automática...
2026-04-11 02:31:56,832 [INFO]    ✅ Turnstile resuelto
2026-04-11 02:32:07,465 [INFO]    ⏳ Turnstile detectado — esperando resolución automática...
2026-04-11 02:32:07,482 [INFO]    ✅ Turnstile resuelto
2026-04-11 02:32:18,630 [INFO]    ⏳ Turnstile detectado — esperando resolución automática...
2026-04-11 02:32:18,649 [INFO]    ✅ Turnstile resuelto
2026-04-11 02:32:28,714 [INFO]    ⏳ Turnstile detectado — esperando resolución automática...
2026-04-11 02:32:28,732 [INFO]    ✅ Turnstile resuelto
2026-04-11 02:32:40,336 [INFO]    ⏳ Turnstile detectado — esperando resolución automática...
2026-04-11 02:32:40,357 [INFO]    ✅ Turnstile resuelto
2026-04-11 02:32:51,913 [INFO]    ⏳ Turnstile detectado — esperando resolución automática...
2026-04-11 02:32:51,933 [INFO]    ✅ Turnstile resuelto
2026-04-11 02:33:02,513 [INFO]    ⏳ Turnstile detectado — esperando resolución automática...
2026-04-11 02:33:02,533 [INFO]    ✅ Turnstile resuelto
2026-04-11 02:33:12,802 [INFO]    ⏳ Turnstile detectado — esperando resolución automática...
2026-04-11 02:33:12,822 [INFO]    ✅ Turnstile resuelto
2026-04-11 02:33:25,408 [INFO]    ⏳ Turnstile detectado — esperando resolución automática...
2026-04-11 02:33:25,451 [INFO]    ✅ Turnstile resuelto
2026-04-11 02:33:35,642 [INFO]    ⏳ Turnstile detectado — esperando resolución automática...
2026-04-11 02:33:35,658 [INFO]    ✅ Turnstile resuelto
2026-04-11 02:33:46,876 [INFO]    ⏳ Turnstile detectado — esperando resolución automática...
2026-04-11 02:33:46,901 [INFO]    ✅ Turnstile resuelto
2026-04-11 02:33:56,997 [INFO]    ⏳ Turnstile detectado — esperando resolución automática...
2026-04-11 02:33:57,014 [INFO]    ✅ Turnstile resuelto
2026-04-11 02:34:07,173 [INFO]    ⏳ Turnstile detectado — esperando resolución automática...
2026-04-11 02:34:07,192 [INFO]    ✅ Turnstile resuelto
2026-04-11 02:34:17,518 [INFO]    ⏳ Turnstile detectado — esperando resolución automática...
2026-04-11 02:34:17,537 [INFO]    ✅ Turnstile resuelto
2026-04-11 02:34:29,504 [INFO]    ⏳ Turnstile detectado — esperando resolución automática...
2026-04-11 02:34:29,525 [INFO]    ✅ Turnstile resuelto
2026-04-11 02:34:40,561 [INFO]    ⏳ Turnstile detectado — esperando resolución automática...
2026-04-11 02:34:40,584 [INFO]    ✅ Turnstile resuelto
2026-04-11 02:34:44,363 [INFO] Exportadas 100 ofertas → /media/carlos-a-cicconi/Common1/Repositorios-Ing.Carlos-Cicconi/Trabajo_Final_MCD/data/raw/opcionempleo_20260411.csv
2026-04-11 02:34:44,364 [INFO] ✅ 'BI / Analytics': 100 ofertas guardadas
2026-04-11 02:34:44,364 [INFO]    💤 Pausa: 11.5s
2026-04-11 02:34:55,880 [INFO] 
🔍 Buscando: 'Python Developer'
2026-04-11 02:34:55,881 [INFO]    Página 1/5 → https://www.opcionempleo.com.ar/trabajo-python.html
2026-04-11 02:35:04,840 [INFO]    ⏳ Turnstile detectado — esperando resolución automática...
2026-04-11 02:35:04,871 [INFO]    ✅ Turnstile resuelto
2026-04-11 02:35:08,800 [INFO]    → 20 ofertas encontradas
2026-04-11 02:35:16,810 [INFO]    ⏳ Turnstile detectado — esperando resolución automática...
2026-04-11 02:35:16,827 [INFO]    ✅ Turnstile resuelto
2026-04-11 02:35:28,245 [INFO]    ⏳ Turnstile detectado — esperando resolución automática...
2026-04-11 02:35:28,262 [INFO]    ✅ Turnstile resuelto
2026-04-11 02:35:39,745 [INFO]    ⏳ Turnstile detectado — esperando resolución automática...
2026-04-11 02:35:39,763 [INFO]    ✅ Turnstile resuelto
2026-04-11 02:35:51,829 [INFO]    ⏳ Turnstile detectado — esperando resolución automática...
2026-04-11 02:35:51,852 [INFO]    ✅ Turnstile resuelto
2026-04-11 02:36:02,172 [INFO]    ⏳ Turnstile detectado — esperando resolución automática...
2026-04-11 02:36:02,190 [INFO]    ✅ Turnstile resuelto
2026-04-11 02:36:12,109 [INFO]    ⏳ Turnstile detectado — esperando resolución automática...
2026-04-11 02:36:12,129 [INFO]    ✅ Turnstile resuelto
2026-04-11 02:36:23,376 [INFO]    ⏳ Turnstile detectado — esperando resolución automática...
2026-04-11 02:36:23,398 [INFO]    ✅ Turnstile resuelto
2026-04-11 02:36:33,716 [INFO]    ⏳ Turnstile detectado — esperando resolución automática...
2026-04-11 02:36:33,740 [INFO]    ✅ Turnstile resuelto
2026-04-11 02:36:44,673 [INFO]    ⏳ Turnstile detectado — esperando resolución automática...
2026-04-11 02:36:44,694 [INFO]    ✅ Turnstile resuelto
2026-04-11 02:36:56,141 [INFO]    ⏳ Turnstile detectado — esperando resolución automática...
2026-04-11 02:36:56,160 [INFO]    ✅ Turnstile resuelto
2026-04-11 02:37:05,825 [INFO]    ⏳ Turnstile detectado — esperando resolución automática...
2026-04-11 02:37:05,847 [INFO]    ✅ Turnstile resuelto
2026-04-11 02:37:15,597 [INFO]    ⏳ Turnstile detectado — esperando resolución automática...
2026-04-11 02:37:15,615 [INFO]    ✅ Turnstile resuelto
2026-04-11 02:37:26,251 [INFO]    ⏳ Turnstile detectado — esperando resolución automática...
2026-04-11 02:37:26,270 [INFO]    ✅ Turnstile resuelto
2026-04-11 02:37:38,127 [INFO]    ⏳ Turnstile detectado — esperando resolución automática...
2026-04-11 02:37:38,146 [INFO]    ✅ Turnstile resuelto
2026-04-11 02:37:48,426 [INFO]    ⏳ Turnstile detectado — esperando resolución automática...
2026-04-11 02:37:48,444 [INFO]    ✅ Turnstile resuelto
2026-04-11 02:37:59,018 [INFO]    ⏳ Turnstile detectado — esperando resolución automática...
2026-04-11 02:37:59,037 [INFO]    ✅ Turnstile resuelto
2026-04-11 02:38:09,565 [INFO]    ⏳ Turnstile detectado — esperando resolución automática...
2026-04-11 02:38:09,585 [INFO]    ✅ Turnstile resuelto
2026-04-11 02:38:20,211 [INFO]    ⏳ Turnstile detectado — esperando resolución automática...
2026-04-11 02:38:20,230 [INFO]    ✅ Turnstile resuelto
2026-04-11 02:38:30,454 [INFO]    ⏳ Turnstile detectado — esperando resolución automática...
2026-04-11 02:38:30,473 [INFO]    ✅ Turnstile resuelto
2026-04-11 02:38:40,969 [INFO]    ⏳ Turnstile detectado — esperando resolución automática...
2026-04-11 02:38:40,987 [INFO]    ✅ Turnstile resuelto
2026-04-11 02:38:44,396 [INFO]    Página 2/5 → https://www.opcionempleo.com.ar/trabajo-python.html?p=2
2026-04-11 02:38:54,616 [INFO]    ⏳ Turnstile detectado — esperando resolución automática...
2026-04-11 02:38:54,636 [INFO]    ✅ Turnstile resuelto
2026-04-11 02:38:58,514 [INFO]    → 20 ofertas encontradas
2026-04-11 02:39:06,158 [INFO]    ⏳ Turnstile detectado — esperando resolución automática...
2026-04-11 02:39:06,178 [INFO]    ✅ Turnstile resuelto
2026-04-11 02:39:16,946 [INFO]    ⏳ Turnstile detectado — esperando resolución automática...
2026-04-11 02:39:16,964 [INFO]    ✅ Turnstile resuelto
2026-04-11 02:39:28,804 [INFO]    ⏳ Turnstile detectado — esperando resolución automática...
2026-04-11 02:39:28,824 [INFO]    ✅ Turnstile resuelto
2026-04-11 02:39:40,708 [INFO]    ⏳ Turnstile detectado — esperando resolución automática...
2026-04-11 02:39:40,728 [INFO]    ✅ Turnstile resuelto
2026-04-11 02:39:52,792 [INFO]    ⏳ Turnstile detectado — esperando resolución automática...
2026-04-11 02:39:52,810 [INFO]    ✅ Turnstile resuelto
2026-04-11 02:40:05,057 [INFO]    ⏳ Turnstile detectado — esperando resolución automática...
2026-04-11 02:40:05,085 [INFO]    ✅ Turnstile resuelto
2026-04-11 02:40:16,854 [INFO]    ⏳ Turnstile detectado — esperando resolución automática...
2026-04-11 02:40:16,875 [INFO]    ✅ Turnstile resuelto
2026-04-11 02:40:26,782 [INFO]    ⏳ Turnstile detectado — esperando resolución automática...
2026-04-11 02:40:26,799 [INFO]    ✅ Turnstile resuelto
2026-04-11 02:40:38,563 [INFO]    ⏳ Turnstile detectado — esperando resolución automática...
2026-04-11 02:40:38,590 [INFO]    ✅ Turnstile resuelto
2026-04-11 02:40:48,703 [INFO]    ⏳ Turnstile detectado — esperando resolución automática...
2026-04-11 02:40:48,726 [INFO]    ✅ Turnstile resuelto
2026-04-11 02:40:59,860 [INFO]    ⏳ Turnstile detectado — esperando resolución automática...
2026-04-11 02:40:59,879 [INFO]    ✅ Turnstile resuelto
2026-04-11 02:41:09,793 [INFO]    ⏳ Turnstile detectado — esperando resolución automática...
2026-04-11 02:41:09,813 [INFO]    ✅ Turnstile resuelto
2026-04-11 02:41:19,689 [INFO]    ⏳ Turnstile detectado — esperando resolución automática...
2026-04-11 02:41:19,707 [INFO]    ✅ Turnstile resuelto
2026-04-11 02:41:30,376 [INFO]    ⏳ Turnstile detectado — esperando resolución automática...
2026-04-11 02:41:30,395 [INFO]    ✅ Turnstile resuelto
2026-04-11 02:41:40,409 [INFO]    ⏳ Turnstile detectado — esperando resolución automática...
2026-04-11 02:41:40,427 [INFO]    ✅ Turnstile resuelto
2026-04-11 02:41:50,756 [INFO]    ⏳ Turnstile detectado — esperando resolución automática...
2026-04-11 02:41:50,774 [INFO]    ✅ Turnstile resuelto
2026-04-11 02:42:02,660 [INFO]    ⏳ Turnstile detectado — esperando resolución automática...
2026-04-11 02:42:02,679 [INFO]    ✅ Turnstile resuelto
2026-04-11 02:42:12,770 [INFO]    ⏳ Turnstile detectado — esperando resolución automática...
2026-04-11 02:42:12,788 [INFO]    ✅ Turnstile resuelto
2026-04-11 02:42:23,014 [INFO]    ⏳ Turnstile detectado — esperando resolución automática...
2026-04-11 02:42:23,036 [INFO]    ✅ Turnstile resuelto
2026-04-11 02:42:35,200 [INFO]    ⏳ Turnstile detectado — esperando resolución automática...
2026-04-11 02:42:35,220 [INFO]    ✅ Turnstile resuelto
2026-04-11 02:42:39,157 [INFO]    Página 3/5 → https://www.opcionempleo.com.ar/trabajo-python.html?p=3
2026-04-11 02:42:48,520 [INFO]    ⏳ Turnstile detectado — esperando resolución automática...
2026-04-11 02:42:48,548 [INFO]    ✅ Turnstile resuelto
2026-04-11 02:42:52,771 [INFO]    → 19 ofertas encontradas
2026-04-11 02:42:58,953 [INFO]    ⏳ Turnstile detectado — esperando resolución automática...
2026-04-11 02:42:58,972 [INFO]    ✅ Turnstile resuelto
2026-04-11 02:43:09,090 [INFO]    ⏳ Turnstile detectado — esperando resolución automática...
2026-04-11 02:43:09,107 [INFO]    ✅ Turnstile resuelto
2026-04-11 02:43:20,765 [INFO]    ⏳ Turnstile detectado — esperando resolución automática...
2026-04-11 02:43:20,784 [INFO]    ✅ Turnstile resuelto
2026-04-11 02:43:33,157 [INFO]    ⏳ Turnstile detectado — esperando resolución automática...
2026-04-11 02:43:33,177 [INFO]    ✅ Turnstile resuelto
2026-04-11 02:43:43,140 [INFO]    ⏳ Turnstile detectado — esperando resolución automática...
2026-04-11 02:43:43,157 [INFO]    ✅ Turnstile resuelto
2026-04-11 02:43:55,322 [INFO]    ⏳ Turnstile detectado — esperando resolución automática...
2026-04-11 02:43:55,339 [INFO]    ✅ Turnstile resuelto
2026-04-11 02:44:06,974 [INFO]    ⏳ Turnstile detectado — esperando resolución automática...
2026-04-11 02:44:06,995 [INFO]    ✅ Turnstile resuelto
2026-04-11 02:44:17,303 [INFO]    ⏳ Turnstile detectado — esperando resolución automática...
2026-04-11 02:44:17,322 [INFO]    ✅ Turnstile resuelto
2026-04-11 02:44:28,868 [INFO]    ⏳ Turnstile detectado — esperando resolución automática...
2026-04-11 02:44:28,894 [INFO]    ✅ Turnstile resuelto
2026-04-11 02:44:40,031 [INFO]    ⏳ Turnstile detectado — esperando resolución automática...
2026-04-11 02:44:40,052 [INFO]    ✅ Turnstile resuelto
2026-04-11 02:44:49,649 [INFO]    ⏳ Turnstile detectado — esperando resolución automática...
2026-04-11 02:44:49,669 [INFO]    ✅ Turnstile resuelto
2026-04-11 02:45:00,506 [INFO]    ⏳ Turnstile detectado — esperando resolución automática...
2026-04-11 02:45:00,541 [INFO]    ✅ Turnstile resuelto
2026-04-11 02:45:10,038 [INFO]    ⏳ Turnstile detectado — esperando resolución automática...
2026-04-11 02:45:10,057 [INFO]    ✅ Turnstile resuelto
2026-04-11 02:45:20,786 [INFO]    ⏳ Turnstile detectado — esperando resolución automática...
2026-04-11 02:45:20,804 [INFO]    ✅ Turnstile resuelto
2026-04-11 02:45:33,075 [INFO]    ⏳ Turnstile detectado — esperando resolución automática...
2026-04-11 02:45:33,094 [INFO]    ✅ Turnstile resuelto
2026-04-11 02:45:44,531 [INFO]    ⏳ Turnstile detectado — esperando resolución automática...
2026-04-11 02:45:44,551 [INFO]    ✅ Turnstile resuelto
2026-04-11 02:45:56,006 [INFO]    ⏳ Turnstile detectado — esperando resolución automática...
2026-04-11 02:45:56,026 [INFO]    ✅ Turnstile resuelto
2026-04-11 02:46:07,890 [INFO]    ⏳ Turnstile detectado — esperando resolución automática...
2026-04-11 02:46:07,908 [INFO]    ✅ Turnstile resuelto
2026-04-11 02:46:19,470 [INFO]    ⏳ Turnstile detectado — esperando resolución automática...
2026-04-11 02:46:19,489 [INFO]    ✅ Turnstile resuelto
2026-04-11 02:46:23,330 [INFO]    Página 4/5 → https://www.opcionempleo.com.ar/trabajo-python.html?p=4
2026-04-11 02:46:31,236 [INFO]    ⏳ Turnstile detectado — esperando resolución automática...
2026-04-11 02:46:31,257 [INFO]    ✅ Turnstile resuelto
2026-04-11 02:46:35,202 [INFO]    → 20 ofertas encontradas
2026-04-11 02:46:42,192 [INFO]    ⏳ Turnstile detectado — esperando resolución automática...
2026-04-11 02:46:42,211 [INFO]    ✅ Turnstile resuelto
2026-04-11 02:46:52,717 [INFO]    ⏳ Turnstile detectado — esperando resolución automática...
2026-04-11 02:46:52,735 [INFO]    ✅ Turnstile resuelto
2026-04-11 02:47:04,284 [INFO]    ⏳ Turnstile detectado — esperando resolución automática...
2026-04-11 02:47:04,305 [INFO]    ✅ Turnstile resuelto
2026-04-11 02:47:16,094 [INFO]    ⏳ Turnstile detectado — esperando resolución automática...
2026-04-11 02:47:16,112 [INFO]    ✅ Turnstile resuelto
2026-04-11 02:47:28,486 [INFO]    ⏳ Turnstile detectado — esperando resolución automática...
2026-04-11 02:47:28,521 [INFO]    ✅ Turnstile resuelto
2026-04-11 02:47:39,233 [INFO]    ⏳ Turnstile detectado — esperando resolución automática...
2026-04-11 02:47:39,253 [INFO]    ✅ Turnstile resuelto
2026-04-11 02:47:51,211 [INFO]    ⏳ Turnstile detectado — esperando resolución automática...
2026-04-11 02:47:51,229 [INFO]    ✅ Turnstile resuelto
2026-04-11 02:48:03,243 [INFO]    ⏳ Turnstile detectado — esperando resolución automática...
2026-04-11 02:48:03,262 [INFO]    ✅ Turnstile resuelto
2026-04-11 02:48:13,638 [INFO]    ⏳ Turnstile detectado — esperando resolución automática...
2026-04-11 02:48:13,658 [INFO]    ✅ Turnstile resuelto
2026-04-11 02:48:24,493 [INFO]    ⏳ Turnstile detectado — esperando resolución automática...
2026-04-11 02:48:24,511 [INFO]    ✅ Turnstile resuelto
2026-04-11 02:48:35,347 [INFO]    ⏳ Turnstile detectado — esperando resolución automática...
2026-04-11 02:48:35,365 [INFO]    ✅ Turnstile resuelto
2026-04-11 02:48:45,788 [INFO]    ⏳ Turnstile detectado — esperando resolución automática...
2026-04-11 02:48:45,806 [INFO]    ✅ Turnstile resuelto
2026-04-11 02:48:56,805 [INFO]    ⏳ Turnstile detectado — esperando resolución automática...
2026-04-11 02:48:56,828 [INFO]    ✅ Turnstile resuelto
2026-04-11 02:49:06,527 [INFO]    ⏳ Turnstile detectado — esperando resolución automática...
2026-04-11 02:49:06,545 [INFO]    ✅ Turnstile resuelto
2026-04-11 02:49:17,233 [INFO]    ⏳ Turnstile detectado — esperando resolución automática...
2026-04-11 02:49:17,253 [INFO]    ✅ Turnstile resuelto
2026-04-11 02:49:27,770 [INFO]    ⏳ Turnstile detectado — esperando resolución automática...
2026-04-11 02:49:27,788 [INFO]    ✅ Turnstile resuelto
2026-04-11 02:49:38,424 [INFO]    ⏳ Turnstile detectado — esperando resolución automática...
2026-04-11 02:49:38,445 [INFO]    ✅ Turnstile resuelto
2026-04-11 02:49:48,358 [INFO]    ⏳ Turnstile detectado — esperando resolución automática...
2026-04-11 02:49:48,376 [INFO]    ✅ Turnstile resuelto
2026-04-11 02:49:59,115 [INFO]    ⏳ Turnstile detectado — esperando resolución automática...
2026-04-11 02:49:59,134 [INFO]    ✅ Turnstile resuelto
2026-04-11 02:50:11,298 [INFO]    ⏳ Turnstile detectado — esperando resolución automática...
2026-04-11 02:50:11,316 [INFO]    ✅ Turnstile resuelto
2026-04-11 02:50:15,154 [INFO]    Página 5/5 → https://www.opcionempleo.com.ar/trabajo-python.html?p=5
2026-04-11 02:50:25,221 [INFO]    ⏳ Turnstile detectado — esperando resolución automática...
2026-04-11 02:50:25,240 [INFO]    ✅ Turnstile resuelto
2026-04-11 02:50:28,990 [INFO]    → 20 ofertas encontradas
2026-04-11 02:50:36,566 [INFO]    ⏳ Turnstile detectado — esperando resolución automática...
2026-04-11 02:50:36,588 [INFO]    ✅ Turnstile resuelto
2026-04-11 02:50:46,434 [INFO]    ⏳ Turnstile detectado — esperando resolución automática...
2026-04-11 02:50:46,470 [INFO]    ✅ Turnstile resuelto
2026-04-11 02:50:58,199 [INFO]    ⏳ Turnstile detectado — esperando resolución automática...
2026-04-11 02:50:58,217 [INFO]    ✅ Turnstile resuelto
2026-04-11 02:51:09,667 [INFO]    ⏳ Turnstile detectado — esperando resolución automática...
2026-04-11 02:51:09,687 [INFO]    ✅ Turnstile resuelto
2026-04-11 02:51:19,805 [INFO]    ⏳ Turnstile detectado — esperando resolución automática...
2026-04-11 02:51:19,823 [INFO]    ✅ Turnstile resuelto
2026-04-11 02:51:30,591 [INFO]    ⏳ Turnstile detectado — esperando resolución automática...
2026-04-11 02:51:30,612 [INFO]    ✅ Turnstile resuelto
2026-04-11 02:51:42,128 [INFO]    ⏳ Turnstile detectado — esperando resolución automática...
2026-04-11 02:51:42,146 [INFO]    ✅ Turnstile resuelto
2026-04-11 02:51:53,497 [INFO]    ⏳ Turnstile detectado — esperando resolución automática...
2026-04-11 02:51:53,515 [INFO]    ✅ Turnstile resuelto
2026-04-11 02:52:05,781 [INFO]    ⏳ Turnstile detectado — esperando resolución automática...
2026-04-11 02:52:05,800 [INFO]    ✅ Turnstile resuelto
2026-04-11 02:52:16,431 [INFO]    ⏳ Turnstile detectado — esperando resolución automática...
2026-04-11 02:52:16,448 [INFO]    ✅ Turnstile resuelto
2026-04-11 02:52:25,749 [INFO]    ⏳ Turnstile detectado — esperando resolución automática...
2026-04-11 02:52:25,767 [INFO]    ✅ Turnstile resuelto
2026-04-11 02:52:38,038 [INFO]    ⏳ Turnstile detectado — esperando resolución automática...
2026-04-11 02:52:38,083 [INFO]    ✅ Turnstile resuelto
2026-04-11 02:52:48,995 [INFO]    ⏳ Turnstile detectado — esperando resolución automática...
2026-04-11 02:52:49,015 [INFO]    ✅ Turnstile resuelto
2026-04-11 02:52:59,499 [INFO]    ⏳ Turnstile detectado — esperando resolución automática...
2026-04-11 02:52:59,534 [INFO]    ✅ Turnstile resuelto
2026-04-11 02:53:09,356 [INFO]    ⏳ Turnstile detectado — esperando resolución automática...
2026-04-11 02:53:09,375 [INFO]    ✅ Turnstile resuelto
2026-04-11 02:53:21,563 [INFO]    ⏳ Turnstile detectado — esperando resolución automática...
2026-04-11 02:53:21,584 [INFO]    ✅ Turnstile resuelto
2026-04-11 02:53:31,796 [INFO]    ⏳ Turnstile detectado — esperando resolución automática...
2026-04-11 02:53:31,814 [INFO]    ✅ Turnstile resuelto
2026-04-11 02:53:42,547 [INFO]    ⏳ Turnstile detectado — esperando resolución automática...
2026-04-11 02:53:42,565 [INFO]    ✅ Turnstile resuelto
2026-04-11 02:53:53,706 [INFO]    ⏳ Turnstile detectado — esperando resolución automática...
2026-04-11 02:53:53,739 [INFO]    ✅ Turnstile resuelto
2026-04-11 02:54:06,002 [INFO]    ⏳ Turnstile detectado — esperando resolución automática...
2026-04-11 02:54:06,021 [INFO]    ✅ Turnstile resuelto
2026-04-11 02:54:09,966 [INFO] Exportadas 99 ofertas → /media/carlos-a-cicconi/Common1/Repositorios-Ing.Carlos-Cicconi/Trabajo_Final_MCD/data/raw/opcionempleo_20260411.csv
2026-04-11 02:54:09,966 [INFO] ✅ 'Python Developer': 99 ofertas guardadas
2026-04-11 02:54:09,966 [INFO]    💤 Pausa: 12.3s
2026-04-11 02:54:22,225 [INFO] 
🔍 Buscando: 'R Developer'
2026-04-11 02:54:22,226 [INFO]    Página 1/5 → https://www.opcionempleo.com.ar/trabajo-r.html
2026-04-11 02:54:29,761 [INFO]    ⏳ Turnstile detectado — esperando resolución automática...
2026-04-11 02:54:29,781 [INFO]    ✅ Turnstile resuelto
2026-04-11 02:54:33,786 [INFO]    → 20 ofertas encontradas
2026-04-11 02:54:42,047 [INFO]    ⏳ Turnstile detectado — esperando resolución automática...
2026-04-11 02:54:42,064 [INFO]    ✅ Turnstile resuelto
2026-04-11 02:54:53,465 [INFO]    ⏳ Turnstile detectado — esperando resolución automática...
2026-04-11 02:54:53,502 [INFO]    ✅ Turnstile resuelto
2026-04-11 02:55:05,095 [INFO]    ⏳ Turnstile detectado — esperando resolución automática...
2026-04-11 02:55:05,114 [INFO]    ✅ Turnstile resuelto
2026-04-11 02:55:15,536 [INFO]    ⏳ Turnstile detectado — esperando resolución automática...
2026-04-11 02:55:15,556 [INFO]    ✅ Turnstile resuelto
2026-04-11 02:55:26,797 [INFO]    ⏳ Turnstile detectado — esperando resolución automática...
2026-04-11 02:55:26,817 [INFO]    ✅ Turnstile resuelto
2026-04-11 02:55:39,091 [INFO]    ⏳ Turnstile detectado — esperando resolución automática...
2026-04-11 02:55:39,110 [INFO]    ✅ Turnstile resuelto
2026-04-11 02:55:50,760 [INFO]    ⏳ Turnstile detectado — esperando resolución automática...
2026-04-11 02:55:50,777 [INFO]    ✅ Turnstile resuelto
2026-04-11 02:56:02,333 [INFO]    ⏳ Turnstile detectado — esperando resolución automática...
2026-04-11 02:56:02,353 [INFO]    ✅ Turnstile resuelto
2026-04-11 02:56:13,805 [INFO]    ⏳ Turnstile detectado — esperando resolución automática...
2026-04-11 02:56:13,823 [INFO]    ✅ Turnstile resuelto
2026-04-11 02:56:23,637 [INFO]    ⏳ Turnstile detectado — esperando resolución automática...
2026-04-11 02:56:23,673 [INFO]    ✅ Turnstile resuelto
2026-04-11 02:56:35,970 [INFO]    ⏳ Turnstile detectado — esperando resolución automática...
2026-04-11 02:56:35,990 [INFO]    ✅ Turnstile resuelto
2026-04-11 02:56:47,535 [INFO]    ⏳ Turnstile detectado — esperando resolución automática...
2026-04-11 02:56:47,554 [INFO]    ✅ Turnstile resuelto
2026-04-11 02:56:59,691 [INFO]    ⏳ Turnstile detectado — esperando resolución automática...
2026-04-11 02:56:59,714 [INFO]    ✅ Turnstile resuelto
2026-04-11 02:57:27,254 [INFO]    ⏳ Turnstile detectado — esperando resolución automática...
2026-04-11 02:57:27,272 [INFO]    ✅ Turnstile resuelto
2026-04-11 02:57:38,485 [INFO]    ⏳ Turnstile detectado — esperando resolución automática...
2026-04-11 02:57:38,503 [INFO]    ✅ Turnstile resuelto
2026-04-11 02:57:49,957 [INFO]    ⏳ Turnstile detectado — esperando resolución automática...
2026-04-11 02:57:49,977 [INFO]    ✅ Turnstile resuelto
2026-04-11 02:58:00,298 [INFO]    ⏳ Turnstile detectado — esperando resolución automática...
2026-04-11 02:58:00,315 [INFO]    ✅ Turnstile resuelto
2026-04-11 02:58:10,522 [INFO]    ⏳ Turnstile detectado — esperando resolución automática...
2026-04-11 02:58:10,554 [INFO]    ✅ Turnstile resuelto
2026-04-11 02:58:20,577 [INFO]    ⏳ Turnstile detectado — esperando resolución automática...
2026-04-11 02:58:20,600 [INFO]    ✅ Turnstile resuelto
2026-04-11 02:58:31,023 [INFO]    ⏳ Turnstile detectado — esperando resolución automática...
2026-04-11 02:58:31,043 [INFO]    ✅ Turnstile resuelto
2026-04-11 02:58:34,730 [INFO]    Página 2/5 → https://www.opcionempleo.com.ar/trabajo-r.html?p=2
2026-04-11 02:58:43,811 [INFO]    ⏳ Turnstile detectado — esperando resolución automática...
2026-04-11 02:58:43,832 [INFO]    ✅ Turnstile resuelto
2026-04-11 02:58:47,855 [INFO]    → 20 ofertas encontradas
2026-04-11 02:58:55,594 [INFO]    ⏳ Turnstile detectado — esperando resolución automática...
2026-04-11 02:58:55,612 [INFO]    ✅ Turnstile resuelto
2026-04-11 02:59:06,351 [INFO]    ⏳ Turnstile detectado — esperando resolución automática...
2026-04-11 02:59:06,394 [INFO]    ✅ Turnstile resuelto
2026-04-11 02:59:17,617 [INFO]    ⏳ Turnstile detectado — esperando resolución automática...
2026-04-11 02:59:17,659 [INFO]    ✅ Turnstile resuelto
2026-04-11 02:59:27,547 [INFO]    ⏳ Turnstile detectado — esperando resolución automática...
2026-04-11 02:59:27,567 [INFO]    ✅ Turnstile resuelto
2026-04-11 02:59:39,580 [INFO]    ⏳ Turnstile detectado — esperando resolución automática...
2026-04-11 02:59:39,598 [INFO]    ✅ Turnstile resuelto
2026-04-11 02:59:50,184 [INFO]    ⏳ Turnstile detectado — esperando resolución automática...
2026-04-11 02:59:50,202 [INFO]    ✅ Turnstile resuelto
2026-04-11 03:00:00,722 [INFO]    ⏳ Turnstile detectado — esperando resolución automática...
2026-04-11 03:00:00,741 [INFO]    ✅ Turnstile resuelto
2026-04-11 03:00:12,582 [INFO]    ⏳ Turnstile detectado — esperando resolución automática...
2026-04-11 03:00:12,599 [INFO]    ✅ Turnstile resuelto
2026-04-11 03:00:24,558 [INFO]    ⏳ Turnstile detectado — esperando resolución automática...
2026-04-11 03:00:24,601 [INFO]    ✅ Turnstile resuelto
2026-04-11 03:00:35,545 [INFO]    ⏳ Turnstile detectado — esperando resolución automática...
2026-04-11 03:00:35,563 [INFO]    ✅ Turnstile resuelto
2026-04-11 03:00:46,396 [INFO]    ⏳ Turnstile detectado — esperando resolución automática...
2026-04-11 03:00:46,412 [INFO]    ✅ Turnstile resuelto
2026-04-11 03:00:57,149 [INFO]    ⏳ Turnstile detectado — esperando resolución automática...
2026-04-11 03:00:57,167 [INFO]    ✅ Turnstile resuelto
2026-04-11 03:01:06,567 [INFO]    ⏳ Turnstile detectado — esperando resolución automática...
2026-04-11 03:01:06,585 [INFO]    ✅ Turnstile resuelto
2026-04-11 03:01:17,010 [INFO]    ⏳ Turnstile detectado — esperando resolución automática...
2026-04-11 03:01:17,029 [INFO]    ✅ Turnstile resuelto
2026-04-11 03:01:27,502 [INFO]    ⏳ Turnstile detectado — esperando resolución automática...
2026-04-11 03:01:27,520 [INFO]    ✅ Turnstile resuelto
2026-04-11 03:01:39,623 [INFO]    ⏳ Turnstile detectado — esperando resolución automática...
2026-04-11 03:01:39,640 [INFO]    ✅ Turnstile resuelto
2026-04-11 03:01:49,039 [INFO]    ⏳ Turnstile detectado — esperando resolución automática...
2026-04-11 03:01:49,058 [INFO]    ✅ Turnstile resuelto
2026-04-11 03:02:00,702 [INFO]    ⏳ Turnstile detectado — esperando resolución automática...
2026-04-11 03:02:00,719 [INFO]    ✅ Turnstile resuelto
2026-04-11 03:02:11,261 [INFO]    ⏳ Turnstile detectado — esperando resolución automática...
2026-04-11 03:02:11,282 [INFO]    ✅ Turnstile resuelto
2026-04-11 03:02:23,172 [INFO]    ⏳ Turnstile detectado — esperando resolución automática...
2026-04-11 03:02:23,189 [INFO]    ✅ Turnstile resuelto
2026-04-11 03:02:26,799 [INFO]    Página 3/5 → https://www.opcionempleo.com.ar/trabajo-r.html?p=3
2026-04-11 03:02:36,670 [INFO]    ⏳ Turnstile detectado — esperando resolución automática...
2026-04-11 03:02:36,714 [INFO]    ✅ Turnstile resuelto
2026-04-11 03:02:41,087 [INFO]    → 20 ofertas encontradas
2026-04-11 03:02:47,537 [INFO]    ⏳ Turnstile detectado — esperando resolución automática...
2026-04-11 03:02:47,555 [INFO]    ✅ Turnstile resuelto
2026-04-11 03:02:57,877 [INFO]    ⏳ Turnstile detectado — esperando resolución automática...
2026-04-11 03:02:57,897 [INFO]    ✅ Turnstile resuelto
2026-04-11 03:03:08,728 [INFO]    ⏳ Turnstile detectado — esperando resolución automática...
2026-04-11 03:03:08,747 [INFO]    ✅ Turnstile resuelto
2026-04-11 03:03:19,028 [INFO]    ⏳ Turnstile detectado — esperando resolución automática...
2026-04-11 03:03:19,047 [INFO]    ✅ Turnstile resuelto
2026-04-11 03:03:29,832 [INFO]    ⏳ Turnstile detectado — esperando resolución automática...
2026-04-11 03:03:29,853 [INFO]    ✅ Turnstile resuelto
2026-04-11 03:03:39,553 [INFO]    ⏳ Turnstile detectado — esperando resolución automática...
2026-04-11 03:03:39,570 [INFO]    ✅ Turnstile resuelto
2026-04-11 03:03:50,464 [INFO]    ⏳ Turnstile detectado — esperando resolución automática...
2026-04-11 03:03:50,481 [INFO]    ✅ Turnstile resuelto
2026-04-11 03:04:02,759 [INFO]    ⏳ Turnstile detectado — esperando resolución automática...
2026-04-11 03:04:02,784 [INFO]    ✅ Turnstile resuelto
2026-04-11 03:04:12,994 [INFO]    ⏳ Turnstile detectado — esperando resolución automática...
2026-04-11 03:04:13,018 [INFO]    ✅ Turnstile resuelto
2026-04-11 03:04:24,278 [INFO]    ⏳ Turnstile detectado — esperando resolución automática...
2026-04-11 03:04:24,298 [INFO]    ✅ Turnstile resuelto
2026-04-11 03:04:35,878 [INFO]    ⏳ Turnstile detectado — esperando resolución automática...
2026-04-11 03:04:35,896 [INFO]    ✅ Turnstile resuelto
2026-04-11 03:04:45,773 [INFO]    ⏳ Turnstile detectado — esperando resolución automática...
2026-04-11 03:04:45,790 [INFO]    ✅ Turnstile resuelto
2026-04-11 03:04:57,586 [INFO]    ⏳ Turnstile detectado — esperando resolución automática...
2026-04-11 03:04:57,603 [INFO]    ✅ Turnstile resuelto
2026-04-11 03:05:08,028 [INFO]    ⏳ Turnstile detectado — esperando resolución automática...
2026-04-11 03:05:08,047 [INFO]    ✅ Turnstile resuelto
2026-04-11 03:05:19,493 [INFO]    ⏳ Turnstile detectado — esperando resolución automática...
2026-04-11 03:05:19,512 [INFO]    ✅ Turnstile resuelto
2026-04-11 03:05:31,835 [INFO]    ⏳ Turnstile detectado — esperando resolución automática...
2026-04-11 03:05:31,853 [INFO]    ✅ Turnstile resuelto
2026-04-11 03:05:43,772 [INFO]    ⏳ Turnstile detectado — esperando resolución automática...
2026-04-11 03:05:43,793 [INFO]    ✅ Turnstile resuelto
2026-04-11 03:05:55,286 [INFO]    ⏳ Turnstile detectado — esperando resolución automática...
2026-04-11 03:05:55,303 [INFO]    ✅ Turnstile resuelto
2026-04-11 03:06:05,577 [INFO]    ⏳ Turnstile detectado — esperando resolución automática...
2026-04-11 03:06:05,599 [INFO]    ✅ Turnstile resuelto
2026-04-11 03:06:17,350 [INFO]    ⏳ Turnstile detectado — esperando resolución automática...
2026-04-11 03:06:17,368 [INFO]    ✅ Turnstile resuelto
2026-04-11 03:06:20,529 [INFO]    Página 4/5 → https://www.opcionempleo.com.ar/trabajo-r.html?p=4
2026-04-11 03:06:29,633 [INFO]    ⏳ Turnstile detectado — esperando resolución automática...
2026-04-11 03:06:29,652 [INFO]    ✅ Turnstile resuelto
2026-04-11 03:06:33,535 [INFO]    → 20 ofertas encontradas
2026-04-11 03:06:41,416 [INFO]    ⏳ Turnstile detectado — esperando resolución automática...
2026-04-11 03:06:41,440 [INFO]    ✅ Turnstile resuelto
2026-04-11 03:06:51,857 [INFO]    ⏳ Turnstile detectado — esperando resolución automática...
2026-04-11 03:06:51,875 [INFO]    ✅ Turnstile resuelto
2026-04-11 03:07:03,123 [INFO]    ⏳ Turnstile detectado — esperando resolución automática...
2026-04-11 03:07:03,143 [INFO]    ✅ Turnstile resuelto
2026-04-11 03:07:14,495 [INFO]    ⏳ Turnstile detectado — esperando resolución automática...
2026-04-11 03:07:14,531 [INFO]    ✅ Turnstile resuelto
2026-04-11 03:07:24,526 [INFO]    ⏳ Turnstile detectado — esperando resolución automática...
2026-04-11 03:07:24,545 [INFO]    ✅ Turnstile resuelto
2026-04-11 03:07:34,013 [INFO]    ⏳ Turnstile detectado — esperando resolución automática...
2026-04-11 03:07:34,031 [INFO]    ✅ Turnstile resuelto
2026-04-11 03:07:45,715 [INFO]    ⏳ Turnstile detectado — esperando resolución automática...
2026-04-11 03:07:45,733 [INFO]    ✅ Turnstile resuelto
2026-04-11 03:07:55,840 [INFO]    ⏳ Turnstile detectado — esperando resolución automática...
2026-04-11 03:07:55,858 [INFO]    ✅ Turnstile resuelto
2026-04-11 03:08:07,572 [INFO]    ⏳ Turnstile detectado — esperando resolución automática...
2026-04-11 03:08:07,591 [INFO]    ✅ Turnstile resuelto
2026-04-11 03:08:17,871 [INFO]    ⏳ Turnstile detectado — esperando resolución automática...
2026-04-11 03:08:17,890 [INFO]    ✅ Turnstile resuelto
2026-04-11 03:08:30,265 [INFO]    ⏳ Turnstile detectado — esperando resolución automática...
2026-04-11 03:08:30,286 [INFO]    ✅ Turnstile resuelto
2026-04-11 03:08:40,709 [INFO]    ⏳ Turnstile detectado — esperando resolución automática...
2026-04-11 03:08:40,728 [INFO]    ✅ Turnstile resuelto
2026-04-11 03:08:50,797 [INFO]    ⏳ Turnstile detectado — esperando resolución automática...
2026-04-11 03:08:50,820 [INFO]    ✅ Turnstile resuelto
2026-04-11 03:09:02,417 [INFO]    ⏳ Turnstile detectado — esperando resolución automática...
2026-04-11 03:09:02,437 [INFO]    ✅ Turnstile resuelto
2026-04-11 03:09:12,920 [INFO]    ⏳ Turnstile detectado — esperando resolución automática...
2026-04-11 03:09:12,939 [INFO]    ✅ Turnstile resuelto
2026-04-11 03:09:24,228 [INFO]    ⏳ Turnstile detectado — esperando resolución automática...
2026-04-11 03:09:24,250 [INFO]    ✅ Turnstile resuelto
2026-04-11 03:09:35,084 [INFO]    ⏳ Turnstile detectado — esperando resolución automática...
2026-04-11 03:09:35,107 [INFO]    ✅ Turnstile resuelto
2026-04-11 03:09:46,967 [INFO]    ⏳ Turnstile detectado — esperando resolución automática...
2026-04-11 03:09:46,989 [INFO]    ✅ Turnstile resuelto
2026-04-11 03:09:58,168 [INFO]    ⏳ Turnstile detectado — esperando resolución automática...
2026-04-11 03:09:58,186 [INFO]    ✅ Turnstile resuelto
2026-04-11 03:10:10,000 [INFO]    ⏳ Turnstile detectado — esperando resolución automática...
2026-04-11 03:10:10,020 [INFO]    ✅ Turnstile resuelto
2026-04-11 03:10:13,461 [INFO]    Página 5/5 → https://www.opcionempleo.com.ar/trabajo-r.html?p=5
2026-04-11 03:10:21,473 [INFO]    ⏳ Turnstile detectado — esperando resolución automática...
2026-04-11 03:10:21,492 [INFO]    ✅ Turnstile resuelto
2026-04-11 03:10:25,886 [INFO]    → 20 ofertas encontradas
2026-04-11 03:10:33,916 [INFO]    ⏳ Turnstile detectado — esperando resolución automática...
2026-04-11 03:10:33,934 [INFO]    ✅ Turnstile resuelto
2026-04-11 03:10:44,308 [INFO]    ⏳ Turnstile detectado — esperando resolución automática...
2026-04-11 03:10:44,331 [INFO]    ✅ Turnstile resuelto
2026-04-11 03:10:55,750 [INFO]    ⏳ Turnstile detectado — esperando resolución automática...
2026-04-11 03:10:55,775 [INFO]    ✅ Turnstile resuelto
2026-04-11 03:11:06,775 [INFO]    ⏳ Turnstile detectado — esperando resolución automática...
2026-04-11 03:11:06,797 [INFO]    ✅ Turnstile resuelto
2026-04-11 03:11:17,257 [INFO]    ⏳ Turnstile detectado — esperando resolución automática...
2026-04-11 03:11:17,274 [INFO]    ✅ Turnstile resuelto
2026-04-11 03:11:28,237 [INFO]    ⏳ Turnstile detectado — esperando resolución automática...
2026-04-11 03:11:28,261 [INFO]    ✅ Turnstile resuelto
2026-04-11 03:11:38,273 [INFO]    ⏳ Turnstile detectado — esperando resolución automática...
2026-04-11 03:11:38,294 [INFO]    ✅ Turnstile resuelto
2026-04-11 03:11:48,927 [INFO]    ⏳ Turnstile detectado — esperando resolución automática...
2026-04-11 03:11:48,946 [INFO]    ✅ Turnstile resuelto
2026-04-11 03:12:01,002 [INFO]    ⏳ Turnstile detectado — esperando resolución automática...
2026-04-11 03:12:01,020 [INFO]    ✅ Turnstile resuelto
2026-04-11 03:12:11,225 [INFO]    ⏳ Turnstile detectado — esperando resolución automática...
2026-04-11 03:12:11,248 [INFO]    ✅ Turnstile resuelto
2026-04-11 03:12:21,280 [INFO]    ⏳ Turnstile detectado — esperando resolución automática...
2026-04-11 03:12:21,298 [INFO]    ✅ Turnstile resuelto
2026-04-11 03:12:32,352 [INFO]    ⏳ Turnstile detectado — esperando resolución automática...
2026-04-11 03:12:32,372 [INFO]    ✅ Turnstile resuelto
2026-04-11 03:12:43,402 [INFO]    ⏳ Turnstile detectado — esperando resolución automática...
2026-04-11 03:12:43,423 [INFO]    ✅ Turnstile resuelto
2026-04-11 03:12:53,532 [INFO]    ⏳ Turnstile detectado — esperando resolución automática...
2026-04-11 03:12:53,551 [INFO]    ✅ Turnstile resuelto
2026-04-11 03:13:04,643 [INFO]    ⏳ Turnstile detectado — esperando resolución automática...
2026-04-11 03:13:04,663 [INFO]    ✅ Turnstile resuelto
2026-04-11 03:13:16,369 [INFO]    ⏳ Turnstile detectado — esperando resolución automática...
2026-04-11 03:13:16,388 [INFO]    ✅ Turnstile resuelto
2026-04-11 03:13:27,534 [INFO]    ⏳ Turnstile detectado — esperando resolución automática...
2026-04-11 03:13:27,553 [INFO]    ✅ Turnstile resuelto
2026-04-11 03:13:37,877 [INFO]    ⏳ Turnstile detectado — esperando resolución automática...
2026-04-11 03:13:37,895 [INFO]    ✅ Turnstile resuelto
2026-04-11 03:13:48,112 [INFO]    ⏳ Turnstile detectado — esperando resolución automática...
2026-04-11 03:13:48,130 [INFO]    ✅ Turnstile resuelto
2026-04-11 03:13:59,383 [INFO]    ⏳ Turnstile detectado — esperando resolución automática...
2026-04-11 03:13:59,402 [INFO]    ✅ Turnstile resuelto
2026-04-11 03:14:03,236 [INFO] Exportadas 100 ofertas → /media/carlos-a-cicconi/Common1/Repositorios-Ing.Carlos-Cicconi/Trabajo_Final_MCD/data/raw/opcionempleo_20260411.csv
2026-04-11 03:14:03,236 [INFO] ✅ 'R Developer': 100 ofertas guardadas
2026-04-11 03:14:03,236 [INFO]    💤 Pausa: 12.7s
2026-04-11 03:14:15,978 [INFO] 
🔍 Buscando: 'Julia Developer'
2026-04-11 03:14:15,979 [INFO]    Página 1/5 → https://www.opcionempleo.com.ar/trabajo-julia.html
2026-04-11 03:14:24,565 [INFO]    ⏳ Turnstile detectado — esperando resolución automática...
2026-04-11 03:14:24,583 [INFO]    ✅ Turnstile resuelto
2026-04-11 03:14:29,002 [INFO]    → 20 ofertas encontradas
2026-04-11 03:14:35,295 [INFO]    ⏳ Turnstile detectado — esperando resolución automática...
2026-04-11 03:14:35,315 [INFO]    ✅ Turnstile resuelto
2026-04-11 03:14:45,152 [INFO]    ⏳ Turnstile detectado — esperando resolución automática...
2026-04-11 03:14:45,171 [INFO]    ✅ Turnstile resuelto
2026-04-11 03:14:55,497 [INFO]    ⏳ Turnstile detectado — esperando resolución automática...
2026-04-11 03:14:55,521 [INFO]    ✅ Turnstile resuelto
2026-04-11 03:15:07,062 [INFO]    ⏳ Turnstile detectado — esperando resolución automática...
2026-04-11 03:15:07,081 [INFO]    ✅ Turnstile resuelto
2026-04-11 03:15:16,895 [INFO]    ⏳ Turnstile detectado — esperando resolución automática...
2026-04-11 03:15:16,914 [INFO]    ✅ Turnstile resuelto
2026-04-11 03:15:29,035 [INFO]    ⏳ Turnstile detectado — esperando resolución automática...
2026-04-11 03:15:29,055 [INFO]    ✅ Turnstile resuelto
2026-04-11 03:15:40,760 [INFO]    ⏳ Turnstile detectado — esperando resolución automática...
2026-04-11 03:15:40,778 [INFO]    ✅ Turnstile resuelto
2026-04-11 03:15:50,386 [INFO]    ⏳ Turnstile detectado — esperando resolución automática...
2026-04-11 03:15:50,407 [INFO]    ✅ Turnstile resuelto
2026-04-11 03:16:00,626 [INFO]    ⏳ Turnstile detectado — esperando resolución automática...
2026-04-11 03:16:00,646 [INFO]    ✅ Turnstile resuelto
2026-04-11 03:16:11,887 [INFO]    ⏳ Turnstile detectado — esperando resolución automática...
2026-04-11 03:16:11,907 [INFO]    ✅ Turnstile resuelto
2026-04-11 03:16:22,609 [INFO]    ⏳ Turnstile detectado — esperando resolución automática...
2026-04-11 03:16:22,626 [INFO]    ✅ Turnstile resuelto
2026-04-11 03:16:34,148 [INFO]    ⏳ Turnstile detectado — esperando resolución automática...
2026-04-11 03:16:34,169 [INFO]    ✅ Turnstile resuelto
2026-04-11 03:16:43,408 [INFO]    ⏳ Turnstile detectado — esperando resolución automática...
2026-04-11 03:16:43,427 [INFO]    ✅ Turnstile resuelto
2026-04-11 03:16:55,205 [INFO]    ⏳ Turnstile detectado — esperando resolución automática...
2026-04-11 03:16:55,224 [INFO]    ✅ Turnstile resuelto
2026-04-11 03:17:06,656 [INFO]    ⏳ Turnstile detectado — esperando resolución automática...
2026-04-11 03:17:06,675 [INFO]    ✅ Turnstile resuelto
2026-04-11 03:17:16,707 [INFO]    ⏳ Turnstile detectado — esperando resolución automática...
2026-04-11 03:17:16,733 [INFO]    ✅ Turnstile resuelto
2026-04-11 03:17:26,737 [INFO]    ⏳ Turnstile detectado — esperando resolución automática...
2026-04-11 03:17:26,757 [INFO]    ✅ Turnstile resuelto
2026-04-11 03:17:37,468 [INFO]    ⏳ Turnstile detectado — esperando resolución automática...
2026-04-11 03:17:37,486 [INFO]    ✅ Turnstile resuelto
2026-04-11 03:17:48,344 [INFO]    ⏳ Turnstile detectado — esperando resolución automática...
2026-04-11 03:17:48,364 [INFO]    ✅ Turnstile resuelto
2026-04-11 03:17:59,262 [INFO]    ⏳ Turnstile detectado — esperando resolución automática...
2026-04-11 03:17:59,282 [INFO]    ✅ Turnstile resuelto
2026-04-11 03:18:03,028 [INFO]    Página 2/5 → https://www.opcionempleo.com.ar/trabajo-julia.html?p=2
2026-04-11 03:18:11,922 [INFO]    ⏳ Turnstile detectado — esperando resolución automática...
2026-04-11 03:18:11,940 [INFO]    ✅ Turnstile resuelto
2026-04-11 03:18:15,896 [INFO]    → 9 ofertas encontradas
2026-04-11 03:18:22,761 [INFO]    ⏳ Turnstile detectado — esperando resolución automática...
2026-04-11 03:18:22,780 [INFO]    ✅ Turnstile resuelto
2026-04-11 03:18:34,151 [INFO]    ⏳ Turnstile detectado — esperando resolución automática...
2026-04-11 03:18:34,167 [INFO]    ✅ Turnstile resuelto
2026-04-11 03:18:45,035 [INFO]    ⏳ Turnstile detectado — esperando resolución automática...
2026-04-11 03:18:45,053 [INFO]    ✅ Turnstile resuelto
2026-04-11 03:18:56,936 [INFO]    ⏳ Turnstile detectado — esperando resolución automática...
2026-04-11 03:18:56,956 [INFO]    ✅ Turnstile resuelto
2026-04-11 03:19:06,582 [INFO]    ⏳ Turnstile detectado — esperando resolución automática...
2026-04-11 03:19:06,602 [INFO]    ✅ Turnstile resuelto
2026-04-11 03:19:16,827 [INFO]    ⏳ Turnstile detectado — esperando resolución automática...
2026-04-11 03:19:16,846 [INFO]    ✅ Turnstile resuelto
2026-04-11 03:19:27,131 [INFO]    ⏳ Turnstile detectado — esperando resolución automática...
2026-04-11 03:19:27,153 [INFO]    ✅ Turnstile resuelto
2026-04-11 03:19:37,733 [INFO]    ⏳ Turnstile detectado — esperando resolución automática...
2026-04-11 03:19:37,750 [INFO]    ✅ Turnstile resuelto
2026-04-11 03:19:48,326 [INFO]    ⏳ Turnstile detectado — esperando resolución automática...
2026-04-11 03:19:48,349 [INFO]    ✅ Turnstile resuelto
2026-04-11 03:19:51,527 [INFO]    Página 3/5 → https://www.opcionempleo.com.ar/trabajo-julia.html?p=3
2026-04-11 03:19:59,886 [INFO]    ⏳ Turnstile detectado — esperando resolución automática...
2026-04-11 03:19:59,904 [INFO]    ✅ Turnstile resuelto
2026-04-11 03:20:03,561 [INFO]    → 0 ofertas encontradas
2026-04-11 03:20:03,561 [INFO]    → Sin más resultados.
2026-04-11 03:20:03,564 [INFO] Exportadas 29 ofertas → /media/carlos-a-cicconi/Common1/Repositorios-Ing.Carlos-Cicconi/Trabajo_Final_MCD/data/raw/opcionempleo_20260411.csv
2026-04-11 03:20:03,564 [INFO] ✅ 'Julia Developer': 29 ofertas guardadas
2026-04-11 03:20:03,564 [INFO]    💤 Pausa: 13.8s
2026-04-11 03:20:17,372 [INFO] 
🔍 Buscando: 'Control de Gestión'
2026-04-11 03:20:17,373 [INFO]    Página 1/5 → https://www.opcionempleo.com.ar/trabajo-control-de-gestion.html
2026-04-11 03:20:25,521 [INFO]    ⏳ Turnstile detectado — esperando resolución automática...
2026-04-11 03:20:25,542 [INFO]    ✅ Turnstile resuelto
2026-04-11 03:20:29,207 [INFO]    → 19 ofertas encontradas
2026-04-11 03:20:35,826 [INFO]    ⏳ Turnstile detectado — esperando resolución automática...
2026-04-11 03:20:35,845 [INFO]    ✅ Turnstile resuelto
2026-04-11 03:20:48,221 [INFO]    ⏳ Turnstile detectado — esperando resolución automática...
2026-04-11 03:20:48,256 [INFO]    ✅ Turnstile resuelto
2026-04-11 03:20:59,913 [INFO]    ⏳ Turnstile detectado — esperando resolución automática...
2026-04-11 03:20:59,936 [INFO]    ✅ Turnstile resuelto
2026-04-11 03:21:11,276 [INFO]    ⏳ Turnstile detectado — esperando resolución automática...
2026-04-11 03:21:11,298 [INFO]    ✅ Turnstile resuelto
2026-04-11 03:21:23,189 [INFO]    ⏳ Turnstile detectado — esperando resolución automática...
2026-04-11 03:21:23,212 [INFO]    ✅ Turnstile resuelto
2026-04-11 03:21:32,818 [INFO]    ⏳ Turnstile detectado — esperando resolución automática...
2026-04-11 03:21:32,838 [INFO]    ✅ Turnstile resuelto
2026-04-11 03:21:44,052 [INFO]    ⏳ Turnstile detectado — esperando resolución automática...
2026-04-11 03:21:44,073 [INFO]    ✅ Turnstile resuelto
2026-04-11 03:21:55,209 [INFO]    ⏳ Turnstile detectado — esperando resolución automática...
2026-04-11 03:21:55,229 [INFO]    ✅ Turnstile resuelto
2026-04-11 03:22:06,091 [INFO]    ⏳ Turnstile detectado — esperando resolución automática...
2026-04-11 03:22:06,112 [INFO]    ✅ Turnstile resuelto
2026-04-11 03:22:17,640 [INFO]    ⏳ Turnstile detectado — esperando resolución automática...
2026-04-11 03:22:17,658 [INFO]    ✅ Turnstile resuelto
2026-04-11 03:22:29,737 [INFO]    ⏳ Turnstile detectado — esperando resolución automática...
2026-04-11 03:22:29,756 [INFO]    ✅ Turnstile resuelto
2026-04-11 03:22:39,592 [INFO]    ⏳ Turnstile detectado — esperando resolución automática...
2026-04-11 03:22:39,611 [INFO]    ✅ Turnstile resuelto
2026-04-11 03:22:51,193 [INFO]    ⏳ Turnstile detectado — esperando resolución automática...
2026-04-11 03:22:51,212 [INFO]    ✅ Turnstile resuelto
2026-04-11 03:23:01,254 [INFO]    ⏳ Turnstile detectado — esperando resolución automática...
2026-04-11 03:23:01,273 [INFO]    ✅ Turnstile resuelto
2026-04-11 03:23:11,464 [INFO]    ⏳ Turnstile detectado — esperando resolución automática...
2026-04-11 03:23:11,485 [INFO]    ✅ Turnstile resuelto
2026-04-11 03:23:23,480 [INFO]    ⏳ Turnstile detectado — esperando resolución automática...
2026-04-11 03:23:23,529 [INFO]    ✅ Turnstile resuelto
2026-04-11 03:23:34,705 [INFO]    ⏳ Turnstile detectado — esperando resolución automática...
2026-04-11 03:23:34,725 [INFO]    ✅ Turnstile resuelto
2026-04-11 03:23:43,964 [INFO]    ⏳ Turnstile detectado — esperando resolución automática...
2026-04-11 03:23:43,986 [INFO]    ✅ Turnstile resuelto
2026-04-11 03:23:54,991 [INFO]    ⏳ Turnstile detectado — esperando resolución automática...
2026-04-11 03:23:55,010 [INFO]    ✅ Turnstile resuelto
2026-04-11 03:23:58,093 [INFO]    Página 2/5 → https://www.opcionempleo.com.ar/trabajo-control-de-gestion.html?p=2
2026-04-11 03:24:07,463 [INFO]    ⏳ Turnstile detectado — esperando resolución automática...
2026-04-11 03:24:07,484 [INFO]    ✅ Turnstile resuelto
2026-04-11 03:24:11,566 [INFO]    → 20 ofertas encontradas
2026-04-11 03:24:18,807 [INFO]    ⏳ Turnstile detectado — esperando resolución automática...
2026-04-11 03:24:18,825 [INFO]    ✅ Turnstile resuelto
2026-04-11 03:24:28,965 [INFO]    ⏳ Turnstile detectado — esperando resolución automática...
2026-04-11 03:24:28,984 [INFO]    ✅ Turnstile resuelto
2026-04-11 03:24:40,494 [INFO]    ⏳ Turnstile detectado — esperando resolución automática...
2026-04-11 03:24:40,510 [INFO]    ✅ Turnstile resuelto
2026-04-11 03:24:52,389 [INFO]    ⏳ Turnstile detectado — esperando resolución automática...
2026-04-11 03:24:52,408 [INFO]    ✅ Turnstile resuelto
2026-04-11 03:25:03,215 [INFO]    ⏳ Turnstile detectado — esperando resolución automática...
2026-04-11 03:25:03,235 [INFO]    ✅ Turnstile resuelto
2026-04-11 03:25:13,986 [INFO]    ⏳ Turnstile detectado — esperando resolución automática...
2026-04-11 03:25:14,004 [INFO]    ✅ Turnstile resuelto
2026-04-11 03:25:23,803 [INFO]    ⏳ Turnstile detectado — esperando resolución automática...
2026-04-11 03:25:23,823 [INFO]    ✅ Turnstile resuelto
2026-04-11 03:25:34,269 [INFO]    ⏳ Turnstile detectado — esperando resolución automática...
2026-04-11 03:25:34,286 [INFO]    ✅ Turnstile resuelto
2026-04-11 03:25:44,303 [INFO]    ⏳ Turnstile detectado — esperando resolución automática...
2026-04-11 03:25:44,321 [INFO]    ✅ Turnstile resuelto
2026-04-11 03:25:55,632 [INFO]    ⏳ Turnstile detectado — esperando resolución automática...
2026-04-11 03:25:55,651 [INFO]    ✅ Turnstile resuelto
2026-04-11 03:26:06,048 [INFO]    ⏳ Turnstile detectado — esperando resolución automática...
2026-04-11 03:26:06,069 [INFO]    ✅ Turnstile resuelto
2026-04-11 03:26:15,932 [INFO]    ⏳ Turnstile detectado — esperando resolución automática...
2026-04-11 03:26:15,951 [INFO]    ✅ Turnstile resuelto
2026-04-11 03:26:26,491 [INFO]    ⏳ Turnstile detectado — esperando resolución automática...
2026-04-11 03:26:26,511 [INFO]    ✅ Turnstile resuelto
2026-04-11 03:26:37,295 [INFO]    ⏳ Turnstile detectado — esperando resolución automática...
2026-04-11 03:26:37,314 [INFO]    ✅ Turnstile resuelto
2026-04-11 03:26:48,185 [INFO]    ⏳ Turnstile detectado — esperando resolución automática...
2026-04-11 03:26:48,203 [INFO]    ✅ Turnstile resuelto
2026-04-11 03:26:58,777 [INFO]    ⏳ Turnstile detectado — esperando resolución automática...
2026-04-11 03:26:58,795 [INFO]    ✅ Turnstile resuelto
2026-04-11 03:27:10,145 [INFO]    ⏳ Turnstile detectado — esperando resolución automática...
2026-04-11 03:27:10,166 [INFO]    ✅ Turnstile resuelto
2026-04-11 03:27:19,831 [INFO]    ⏳ Turnstile detectado — esperando resolución automática...
2026-04-11 03:27:19,851 [INFO]    ✅ Turnstile resuelto
2026-04-11 03:27:29,386 [INFO]    ⏳ Turnstile detectado — esperando resolución automática...
2026-04-11 03:27:29,406 [INFO]    ✅ Turnstile resuelto
2026-04-11 03:27:41,007 [INFO]    ⏳ Turnstile detectado — esperando resolución automática...
2026-04-11 03:27:41,027 [INFO]    ✅ Turnstile resuelto
2026-04-11 03:27:44,137 [INFO]    Página 3/5 → https://www.opcionempleo.com.ar/trabajo-control-de-gestion.html?p=3
2026-04-11 03:27:54,014 [INFO]    ⏳ Turnstile detectado — esperando resolución automática...
2026-04-11 03:27:54,035 [INFO]    ✅ Turnstile resuelto
2026-04-11 03:27:58,357 [INFO]    → 20 ofertas encontradas
2026-04-11 03:28:05,163 [INFO]    ⏳ Turnstile detectado — esperando resolución automática...
2026-04-11 03:28:05,182 [INFO]    ✅ Turnstile resuelto
2026-04-11 03:28:15,537 [INFO]    ⏳ Turnstile detectado — esperando resolución automática...
2026-04-11 03:28:15,556 [INFO]    ✅ Turnstile resuelto
2026-04-11 03:28:27,639 [INFO]    ⏳ Turnstile detectado — esperando resolución automática...
2026-04-11 03:28:27,658 [INFO]    ✅ Turnstile resuelto
2026-04-11 03:28:37,560 [INFO]    ⏳ Turnstile detectado — esperando resolución automática...
2026-04-11 03:28:37,598 [INFO]    ✅ Turnstile resuelto
2026-04-11 03:28:49,810 [INFO]    ⏳ Turnstile detectado — esperando resolución automática...
2026-04-11 03:28:49,829 [INFO]    ✅ Turnstile resuelto
2026-04-11 03:29:01,135 [INFO]    ⏳ Turnstile detectado — esperando resolución automática...
2026-04-11 03:29:01,157 [INFO]    ✅ Turnstile resuelto
2026-04-11 03:29:12,477 [INFO]    ⏳ Turnstile detectado — esperando resolución automática...
2026-04-11 03:29:12,495 [INFO]    ✅ Turnstile resuelto
2026-04-11 03:29:24,559 [INFO]    ⏳ Turnstile detectado — esperando resolución automática...
2026-04-11 03:29:24,577 [INFO]    ✅ Turnstile resuelto
2026-04-11 03:29:33,859 [INFO]    ⏳ Turnstile detectado — esperando resolución automática...
2026-04-11 03:29:33,878 [INFO]    ✅ Turnstile resuelto
2026-04-11 03:29:43,525 [INFO]    ⏳ Turnstile detectado — esperando resolución automática...
2026-04-11 03:29:43,546 [INFO]    ✅ Turnstile resuelto
2026-04-11 03:29:53,829 [INFO]    ⏳ Turnstile detectado — esperando resolución automática...
2026-04-11 03:29:53,847 [INFO]    ✅ Turnstile resuelto
2026-04-11 03:30:03,551 [INFO]    ⏳ Turnstile detectado — esperando resolución automática...
2026-04-11 03:30:03,569 [INFO]    ✅ Turnstile resuelto
2026-04-11 03:30:13,482 [INFO]    ⏳ Turnstile detectado — esperando resolución automática...
2026-04-11 03:30:13,503 [INFO]    ✅ Turnstile resuelto
2026-04-11 03:30:24,537 [INFO]    ⏳ Turnstile detectado — esperando resolución automática...
2026-04-11 03:30:24,555 [INFO]    ✅ Turnstile resuelto
2026-04-11 03:30:36,501 [INFO]    ⏳ Turnstile detectado — esperando resolución automática...
2026-04-11 03:30:36,524 [INFO]    ✅ Turnstile resuelto
2026-04-11 03:30:48,336 [INFO]    ⏳ Turnstile detectado — esperando resolución automática...
2026-04-11 03:30:48,376 [INFO]    ✅ Turnstile resuelto
2026-04-11 03:31:00,505 [INFO]    ⏳ Turnstile detectado — esperando resolución automática...
2026-04-11 03:31:00,523 [INFO]    ✅ Turnstile resuelto
2026-04-11 03:31:09,621 [INFO]    ⏳ Turnstile detectado — esperando resolución automática...
2026-04-11 03:31:09,640 [INFO]    ✅ Turnstile resuelto
2026-04-11 03:31:19,256 [INFO]    ⏳ Turnstile detectado — esperando resolución automática...
2026-04-11 03:31:19,276 [INFO]    ✅ Turnstile resuelto
2026-04-11 03:31:30,839 [INFO]    ⏳ Turnstile detectado — esperando resolución automática...
2026-04-11 03:31:30,858 [INFO]    ✅ Turnstile resuelto
2026-04-11 03:31:34,565 [INFO]    Página 4/5 → https://www.opcionempleo.com.ar/trabajo-control-de-gestion.html?p=4
2026-04-11 03:31:41,833 [INFO]    ⏳ Turnstile detectado — esperando resolución automática...
2026-04-11 03:31:41,855 [INFO]    ✅ Turnstile resuelto
2026-04-11 03:31:45,734 [INFO]    → 20 ofertas encontradas
2026-04-11 03:31:51,842 [INFO]    ⏳ Turnstile detectado — esperando resolución automática...
2026-04-11 03:31:51,862 [INFO]    ✅ Turnstile resuelto
2026-04-11 03:32:01,778 [INFO]    ⏳ Turnstile detectado — esperando resolución automática...
2026-04-11 03:32:01,798 [INFO]    ✅ Turnstile resuelto
2026-04-11 03:32:12,325 [INFO]    ⏳ Turnstile detectado — esperando resolución automática...
2026-04-11 03:32:12,344 [INFO]    ✅ Turnstile resuelto
2026-04-11 03:32:23,306 [INFO]    ⏳ Turnstile detectado — esperando resolución automática...
2026-04-11 03:32:23,346 [INFO]    ✅ Turnstile resuelto
2026-04-11 03:32:34,819 [INFO]    ⏳ Turnstile detectado — esperando resolución automática...
2026-04-11 03:32:34,840 [INFO]    ✅ Turnstile resuelto
2026-04-11 03:32:45,920 [INFO]    ⏳ Turnstile detectado — esperando resolución automática...
2026-04-11 03:32:45,940 [INFO]    ✅ Turnstile resuelto
2026-04-11 03:32:58,058 [INFO]    ⏳ Turnstile detectado — esperando resolución automática...
2026-04-11 03:32:58,080 [INFO]    ✅ Turnstile resuelto
2026-04-11 03:33:08,705 [INFO]    ⏳ Turnstile detectado — esperando resolución automática...
2026-04-11 03:33:08,724 [INFO]    ✅ Turnstile resuelto
2026-04-11 03:33:20,483 [INFO]    ⏳ Turnstile detectado — esperando resolución automática...
2026-04-11 03:33:20,501 [INFO]    ✅ Turnstile resuelto
2026-04-11 03:33:31,359 [INFO]    ⏳ Turnstile detectado — esperando resolución automática...
2026-04-11 03:33:31,379 [INFO]    ✅ Turnstile resuelto
2026-04-11 03:33:41,617 [INFO]    ⏳ Turnstile detectado — esperando resolución automática...
2026-04-11 03:33:41,636 [INFO]    ✅ Turnstile resuelto
2026-04-11 03:33:52,450 [INFO]    ⏳ Turnstile detectado — esperando resolución automática...
2026-04-11 03:33:52,468 [INFO]    ✅ Turnstile resuelto
2026-04-11 03:34:02,871 [INFO]    ⏳ Turnstile detectado — esperando resolución automática...
2026-04-11 03:34:02,892 [INFO]    ✅ Turnstile resuelto
2026-04-11 03:34:12,423 [INFO]    ⏳ Turnstile detectado — esperando resolución automática...
2026-04-11 03:34:12,445 [INFO]    ✅ Turnstile resuelto
2026-04-11 03:34:23,900 [INFO]    ⏳ Turnstile detectado — esperando resolución automática...
2026-04-11 03:34:23,917 [INFO]    ✅ Turnstile resuelto
2026-04-11 03:34:35,641 [INFO]    ⏳ Turnstile detectado — esperando resolución automática...
2026-04-11 03:34:35,661 [INFO]    ✅ Turnstile resuelto
2026-04-11 03:34:45,647 [INFO]    ⏳ Turnstile detectado — esperando resolución automática...
2026-04-11 03:34:45,682 [INFO]    ✅ Turnstile resuelto
2026-04-11 03:34:57,893 [INFO]    ⏳ Turnstile detectado — esperando resolución automática...
2026-04-11 03:34:57,913 [INFO]    ✅ Turnstile resuelto
2026-04-11 03:35:08,562 [INFO]    ⏳ Turnstile detectado — esperando resolución automática...
2026-04-11 03:35:08,580 [INFO]    ✅ Turnstile resuelto
2026-04-11 03:35:19,695 [INFO]    ⏳ Turnstile detectado — esperando resolución automática...
2026-04-11 03:35:19,715 [INFO]    ✅ Turnstile resuelto
2026-04-11 03:35:23,707 [INFO]    Página 5/5 → https://www.opcionempleo.com.ar/trabajo-control-de-gestion.html?p=5
2026-04-11 03:35:31,936 [INFO]    ⏳ Turnstile detectado — esperando resolución automática...
2026-04-11 03:35:31,957 [INFO]    ✅ Turnstile resuelto
2026-04-11 03:35:35,574 [INFO]    → 20 ofertas encontradas
2026-04-11 03:35:42,637 [INFO]    ⏳ Turnstile detectado — esperando resolución automática...
2026-04-11 03:35:42,658 [INFO]    ✅ Turnstile resuelto
2026-04-11 03:35:54,166 [INFO]    ⏳ Turnstile detectado — esperando resolución automática...
2026-04-11 03:35:54,186 [INFO]    ✅ Turnstile resuelto
2026-04-11 03:36:05,345 [INFO]    ⏳ Turnstile detectado — esperando resolución automática...
2026-04-11 03:36:05,363 [INFO]    ✅ Turnstile resuelto
2026-04-11 03:36:16,585 [INFO]    ⏳ Turnstile detectado — esperando resolución automática...
2026-04-11 03:36:16,608 [INFO]    ✅ Turnstile resuelto
2026-04-11 03:36:27,461 [INFO]    ⏳ Turnstile detectado — esperando resolución automática...
2026-04-11 03:36:27,479 [INFO]    ✅ Turnstile resuelto
2026-04-11 03:36:39,448 [INFO]    ⏳ Turnstile detectado — esperando resolución automática...
2026-04-11 03:36:39,466 [INFO]    ✅ Turnstile resuelto
2026-04-11 03:36:50,189 [INFO]    ⏳ Turnstile detectado — esperando resolución automática...
2026-04-11 03:36:50,211 [INFO]    ✅ Turnstile resuelto
2026-04-11 03:37:00,839 [INFO]    ⏳ Turnstile detectado — esperando resolución automática...
2026-04-11 03:37:00,858 [INFO]    ✅ Turnstile resuelto
2026-04-11 03:37:12,117 [INFO]    ⏳ Turnstile detectado — esperando resolución automática...
2026-04-11 03:37:12,140 [INFO]    ✅ Turnstile resuelto
2026-04-11 03:37:22,996 [INFO]    ⏳ Turnstile detectado — esperando resolución automática...
2026-04-11 03:37:23,014 [INFO]    ✅ Turnstile resuelto
2026-04-11 03:37:33,439 [INFO]    ⏳ Turnstile detectado — esperando resolución automática...
2026-04-11 03:37:33,457 [INFO]    ✅ Turnstile resuelto
2026-04-11 03:37:43,775 [INFO]    ⏳ Turnstile detectado — esperando resolución automática...
2026-04-11 03:37:43,793 [INFO]    ✅ Turnstile resuelto
2026-04-11 03:37:53,541 [INFO]    ⏳ Turnstile detectado — esperando resolución automática...
2026-04-11 03:37:53,558 [INFO]    ✅ Turnstile resuelto
2026-04-11 03:38:05,059 [INFO]    ⏳ Turnstile detectado — esperando resolución automática...
2026-04-11 03:38:05,081 [INFO]    ✅ Turnstile resuelto
2026-04-11 03:38:15,552 [INFO]    ⏳ Turnstile detectado — esperando resolución automática...
2026-04-11 03:38:15,571 [INFO]    ✅ Turnstile resuelto
2026-04-11 03:38:25,547 [INFO]    ⏳ Turnstile detectado — esperando resolución automática...
2026-04-11 03:38:25,566 [INFO]    ✅ Turnstile resuelto
2026-04-11 03:38:35,934 [INFO]    ⏳ Turnstile detectado — esperando resolución automática...
2026-04-11 03:38:35,956 [INFO]    ✅ Turnstile resuelto
2026-04-11 03:38:47,353 [INFO]    ⏳ Turnstile detectado — esperando resolución automática...
2026-04-11 03:38:47,372 [INFO]    ✅ Turnstile resuelto
2026-04-11 03:38:58,571 [INFO]    ⏳ Turnstile detectado — esperando resolución automática...
2026-04-11 03:38:58,589 [INFO]    ✅ Turnstile resuelto
2026-04-11 03:39:08,671 [INFO]    ⏳ Turnstile detectado — esperando resolución automática...
2026-04-11 03:39:08,690 [INFO]    ✅ Turnstile resuelto
2026-04-11 03:39:12,506 [INFO] Exportadas 99 ofertas → /media/carlos-a-cicconi/Common1/Repositorios-Ing.Carlos-Cicconi/Trabajo_Final_MCD/data/raw/opcionempleo_20260411.csv
2026-04-11 03:39:12,506 [INFO] ✅ 'Control de Gestión': 99 ofertas guardadas
2026-04-11 03:39:12,506 [INFO]    💤 Pausa: 12.7s
2026-04-11 03:39:25,251 [INFO] 
🔍 Buscando: 'Consultor'
2026-04-11 03:39:25,252 [INFO]    Página 1/5 → https://www.opcionempleo.com.ar/trabajo-consultor.html
2026-04-11 03:39:33,542 [INFO]    ⏳ Turnstile detectado — esperando resolución automática...
2026-04-11 03:39:33,562 [INFO]    ✅ Turnstile resuelto
2026-04-11 03:39:37,301 [INFO]    → 20 ofertas encontradas
2026-04-11 03:39:45,690 [INFO]    ⏳ Turnstile detectado — esperando resolución automática...
2026-04-11 03:39:45,712 [INFO]    ✅ Turnstile resuelto
2026-04-11 03:39:55,411 [INFO]    ⏳ Turnstile detectado — esperando resolución automática...
2026-04-11 03:39:55,433 [INFO]    ✅ Turnstile resuelto
2026-04-11 03:40:06,472 [INFO]    ⏳ Turnstile detectado — esperando resolución automática...
2026-04-11 03:40:06,489 [INFO]    ✅ Turnstile resuelto
2026-04-11 03:40:17,978 [INFO]    ⏳ Turnstile detectado — esperando resolución automática...
2026-04-11 03:40:18,001 [INFO]    ✅ Turnstile resuelto
2026-04-11 03:40:28,306 [INFO]    ⏳ Turnstile detectado — esperando resolución automática...
2026-04-11 03:40:28,326 [INFO]    ✅ Turnstile resuelto
2026-04-11 03:40:37,883 [INFO]    ⏳ Turnstile detectado — esperando resolución automática...
2026-04-11 03:40:37,900 [INFO]    ✅ Turnstile resuelto
2026-04-11 03:40:48,101 [INFO]    ⏳ Turnstile detectado — esperando resolución automática...
2026-04-11 03:40:48,119 [INFO]    ✅ Turnstile resuelto
2026-04-11 03:41:00,615 [INFO]    ⏳ Turnstile detectado — esperando resolución automática...
2026-04-11 03:41:00,645 [INFO]    ✅ Turnstile resuelto
2026-04-11 03:41:10,219 [INFO]    ⏳ Turnstile detectado — esperando resolución automática...
2026-04-11 03:41:10,239 [INFO]    ✅ Turnstile resuelto
2026-04-11 03:41:19,579 [INFO]    ⏳ Turnstile detectado — esperando resolución automática...
2026-04-11 03:41:19,618 [INFO]    ✅ Turnstile resuelto
2026-04-11 03:41:29,246 [INFO]    ⏳ Turnstile detectado — esperando resolución automática...
2026-04-11 03:41:29,263 [INFO]    ✅ Turnstile resuelto
2026-04-11 03:41:40,682 [INFO]    ⏳ Turnstile detectado — esperando resolución automática...
2026-04-11 03:41:40,701 [INFO]    ✅ Turnstile resuelto
2026-04-11 03:41:51,571 [INFO]    ⏳ Turnstile detectado — esperando resolución automática...
2026-04-11 03:41:51,590 [INFO]    ✅ Turnstile resuelto
2026-04-11 03:42:02,692 [INFO]    ⏳ Turnstile detectado — esperando resolución automática...
2026-04-11 03:42:02,714 [INFO]    ✅ Turnstile resuelto
2026-04-11 03:42:13,303 [INFO]    ⏳ Turnstile detectado — esperando resolución automática...
2026-04-11 03:42:13,322 [INFO]    ✅ Turnstile resuelto
2026-04-11 03:42:24,473 [INFO]    ⏳ Turnstile detectado — esperando resolución automática...
2026-04-11 03:42:24,493 [INFO]    ✅ Turnstile resuelto
2026-04-11 03:42:34,057 [INFO]    ⏳ Turnstile detectado — esperando resolución automática...
2026-04-11 03:42:34,080 [INFO]    ✅ Turnstile resuelto
2026-04-11 03:42:44,333 [INFO]    ⏳ Turnstile detectado — esperando resolución automática...
2026-04-11 03:42:44,350 [INFO]    ✅ Turnstile resuelto
2026-04-11 03:42:56,444 [INFO]    ⏳ Turnstile detectado — esperando resolución automática...
2026-04-11 03:42:56,463 [INFO]    ✅ Turnstile resuelto
2026-04-11 03:43:07,547 [INFO]    ⏳ Turnstile detectado — esperando resolución automática...
2026-04-11 03:43:07,564 [INFO]    ✅ Turnstile resuelto
2026-04-11 03:43:11,598 [INFO]    Página 2/5 → https://www.opcionempleo.com.ar/trabajo-consultor.html?p=2
2026-04-11 03:43:19,474 [INFO]    ⏳ Turnstile detectado — esperando resolución automática...
2026-04-11 03:43:19,523 [INFO]    ✅ Turnstile resuelto
2026-04-11 03:43:23,539 [INFO]    → 20 ofertas encontradas
2026-04-11 03:43:31,015 [INFO]    ⏳ Turnstile detectado — esperando resolución automática...
2026-04-11 03:43:31,037 [INFO]    ✅ Turnstile resuelto
2026-04-11 03:43:41,943 [INFO]    ⏳ Turnstile detectado — esperando resolución automática...
2026-04-11 03:43:41,962 [INFO]    ✅ Turnstile resuelto
2026-04-11 03:43:53,425 [INFO]    ⏳ Turnstile detectado — esperando resolución automática...
2026-04-11 03:43:53,442 [INFO]    ✅ Turnstile resuelto
2026-04-11 03:44:05,326 [INFO]    ⏳ Turnstile detectado — esperando resolución automática...
2026-04-11 03:44:05,344 [INFO]    ✅ Turnstile resuelto
2026-04-11 03:44:14,695 [INFO]    ⏳ Turnstile detectado — esperando resolución automática...
2026-04-11 03:44:14,713 [INFO]    ✅ Turnstile resuelto
2026-04-11 03:44:25,823 [INFO]    ⏳ Turnstile detectado — esperando resolución automática...
2026-04-11 03:44:25,841 [INFO]    ✅ Turnstile resuelto
2026-04-11 03:44:37,229 [INFO]    ⏳ Turnstile detectado — esperando resolución automática...
2026-04-11 03:44:37,250 [INFO]    ✅ Turnstile resuelto
2026-04-11 03:44:47,812 [INFO]    ⏳ Turnstile detectado — esperando resolución automática...
2026-04-11 03:44:47,834 [INFO]    ✅ Turnstile resuelto
2026-04-11 03:44:57,709 [INFO]    ⏳ Turnstile detectado — esperando resolución automática...
2026-04-11 03:44:57,727 [INFO]    ✅ Turnstile resuelto
2026-04-11 03:45:09,738 [INFO]    ⏳ Turnstile detectado — esperando resolución automática...
2026-04-11 03:45:09,757 [INFO]    ✅ Turnstile resuelto
2026-04-11 03:45:19,763 [INFO]    ⏳ Turnstile detectado — esperando resolución automática...
2026-04-11 03:45:19,783 [INFO]    ✅ Turnstile resuelto
2026-04-11 03:45:31,066 [INFO]    ⏳ Turnstile detectado — esperando resolución automática...
2026-04-11 03:45:31,088 [INFO]    ✅ Turnstile resuelto
2026-04-11 03:45:43,007 [INFO]    ⏳ Turnstile detectado — esperando resolución automática...
2026-04-11 03:45:43,024 [INFO]    ✅ Turnstile resuelto
2026-04-11 03:45:54,700 [INFO]    ⏳ Turnstile detectado — esperando resolución automática...
2026-04-11 03:45:54,720 [INFO]    ✅ Turnstile resuelto
2026-04-11 03:46:05,449 [INFO]    ⏳ Turnstile detectado — esperando resolución automática...
2026-04-11 03:46:05,468 [INFO]    ✅ Turnstile resuelto
2026-04-11 03:46:15,720 [INFO]    ⏳ Turnstile detectado — esperando resolución automática...
2026-04-11 03:46:15,739 [INFO]    ✅ Turnstile resuelto
2026-04-11 03:46:25,593 [INFO]    ⏳ Turnstile detectado — esperando resolución automática...
2026-04-11 03:46:25,615 [INFO]    ✅ Turnstile resuelto
2026-04-11 03:46:35,142 [INFO]    ⏳ Turnstile detectado — esperando resolución automática...
2026-04-11 03:46:35,162 [INFO]    ✅ Turnstile resuelto
2026-04-11 03:46:45,006 [INFO]    ⏳ Turnstile detectado — esperando resolución automática...
2026-04-11 03:46:45,027 [INFO]    ✅ Turnstile resuelto
2026-04-11 03:46:56,582 [INFO]    ⏳ Turnstile detectado — esperando resolución automática...
2026-04-11 03:46:56,609 [INFO]    ✅ Turnstile resuelto
2026-04-11 03:47:00,299 [INFO]    Página 3/5 → https://www.opcionempleo.com.ar/trabajo-consultor.html?p=3
2026-04-11 03:47:09,849 [INFO]    ⏳ Turnstile detectado — esperando resolución automática...
2026-04-11 03:47:09,869 [INFO]    ✅ Turnstile resuelto
2026-04-11 03:47:13,972 [INFO]    → 20 ofertas encontradas
2026-04-11 03:47:21,954 [INFO]    ⏳ Turnstile detectado — esperando resolución automática...
2026-04-11 03:47:21,973 [INFO]    ✅ Turnstile resuelto
2026-04-11 03:47:32,081 [INFO]    ⏳ Turnstile detectado — esperando resolución automática...
2026-04-11 03:47:32,099 [INFO]    ✅ Turnstile resuelto
2026-04-11 03:47:41,955 [INFO]    ⏳ Turnstile detectado — esperando resolución automática...
2026-04-11 03:47:41,974 [INFO]    ✅ Turnstile resuelto
2026-04-11 03:47:52,552 [INFO]    ⏳ Turnstile detectado — esperando resolución automática...
2026-04-11 03:47:52,570 [INFO]    ✅ Turnstile resuelto
2026-04-11 03:48:03,381 [INFO]    ⏳ Turnstile detectado — esperando resolución automática...
2026-04-11 03:48:03,400 [INFO]    ✅ Turnstile resuelto
2026-04-11 03:48:15,413 [INFO]    ⏳ Turnstile detectado — esperando resolución automática...
2026-04-11 03:48:15,431 [INFO]    ✅ Turnstile resuelto
2026-04-11 03:48:24,990 [INFO]    ⏳ Turnstile detectado — esperando resolución automática...
2026-04-11 03:48:25,009 [INFO]    ✅ Turnstile resuelto
2026-04-11 03:48:35,866 [INFO]    ⏳ Turnstile detectado — esperando resolución automática...
2026-04-11 03:48:35,884 [INFO]    ✅ Turnstile resuelto
2026-04-11 03:48:46,178 [INFO]    ⏳ Turnstile detectado — esperando resolución automática...
2026-04-11 03:48:46,197 [INFO]    ✅ Turnstile resuelto
2026-04-11 03:48:57,580 [INFO]    ⏳ Turnstile detectado — esperando resolución automática...
2026-04-11 03:48:57,600 [INFO]    ✅ Turnstile resuelto
2026-04-11 03:49:08,466 [INFO]    ⏳ Turnstile detectado — esperando resolución automática...
2026-04-11 03:49:08,490 [INFO]    ✅ Turnstile resuelto
2026-04-11 03:49:18,014 [INFO]    ⏳ Turnstile detectado — esperando resolución automática...
2026-04-11 03:49:18,033 [INFO]    ✅ Turnstile resuelto
2026-04-11 03:49:29,801 [INFO]    ⏳ Turnstile detectado — esperando resolución automática...
2026-04-11 03:49:29,822 [INFO]    ✅ Turnstile resuelto
2026-04-11 03:49:41,243 [INFO]    ⏳ Turnstile detectado — esperando resolución automática...
2026-04-11 03:49:41,263 [INFO]    ✅ Turnstile resuelto
2026-04-11 03:49:51,308 [INFO]    ⏳ Turnstile detectado — esperando resolución automática...
2026-04-11 03:49:51,327 [INFO]    ✅ Turnstile resuelto
2026-04-11 03:50:01,342 [INFO]    ⏳ Turnstile detectado — esperando resolución automática...
2026-04-11 03:50:01,361 [INFO]    ✅ Turnstile resuelto
2026-04-11 03:50:13,177 [INFO]    ⏳ Turnstile detectado — esperando resolución automática...
2026-04-11 03:50:13,202 [INFO]    ✅ Turnstile resuelto
2026-04-11 03:50:23,455 [INFO]    ⏳ Turnstile detectado — esperando resolución automática...
2026-04-11 03:50:23,482 [INFO]    ✅ Turnstile resuelto
2026-04-11 03:50:34,347 [INFO]    ⏳ Turnstile detectado — esperando resolución automática...
2026-04-11 03:50:34,385 [INFO]    ✅ Turnstile resuelto
2026-04-11 03:50:45,976 [INFO]    ⏳ Turnstile detectado — esperando resolución automática...
2026-04-11 03:50:45,994 [INFO]    ✅ Turnstile resuelto
2026-04-11 03:50:49,932 [INFO]    Página 4/5 → https://www.opcionempleo.com.ar/trabajo-consultor.html?p=4
2026-04-11 03:50:57,884 [INFO]    ⏳ Turnstile detectado — esperando resolución automática...
2026-04-11 03:50:57,906 [INFO]    ✅ Turnstile resuelto
2026-04-11 03:51:01,584 [INFO]    → 20 ofertas encontradas
2026-04-11 03:51:09,465 [INFO]    ⏳ Turnstile detectado — esperando resolución automática...
2026-04-11 03:51:09,488 [INFO]    ✅ Turnstile resuelto
2026-04-11 03:51:21,451 [INFO]    ⏳ Turnstile detectado — esperando resolución automática...
2026-04-11 03:51:21,470 [INFO]    ✅ Turnstile resuelto
2026-04-11 03:51:32,942 [INFO]    ⏳ Turnstile detectado — esperando resolución automática...
2026-04-11 03:51:32,959 [INFO]    ✅ Turnstile resuelto
2026-04-11 03:51:44,736 [INFO]    ⏳ Turnstile detectado — esperando resolución automática...
2026-04-11 03:51:44,754 [INFO]    ✅ Turnstile resuelto
2026-04-11 03:51:55,289 [INFO]    ⏳ Turnstile detectado — esperando resolución automática...
2026-04-11 03:51:55,307 [INFO]    ✅ Turnstile resuelto
2026-04-11 03:52:07,435 [INFO]    ⏳ Turnstile detectado — esperando resolución automática...
2026-04-11 03:52:07,455 [INFO]    ✅ Turnstile resuelto
2026-04-11 03:52:18,079 [INFO]    ⏳ Turnstile detectado — esperando resolución automática...
2026-04-11 03:52:18,117 [INFO]    ✅ Turnstile resuelto
2026-04-11 03:52:30,259 [INFO]    ⏳ Turnstile detectado — esperando resolución automática...
2026-04-11 03:52:30,281 [INFO]    ✅ Turnstile resuelto
2026-04-11 03:52:40,824 [INFO]    ⏳ Turnstile detectado — esperando resolución automática...
2026-04-11 03:52:40,849 [INFO]    ✅ Turnstile resuelto
2026-04-11 03:52:51,797 [INFO]    ⏳ Turnstile detectado — esperando resolución automática...
2026-04-11 03:52:51,817 [INFO]    ✅ Turnstile resuelto
2026-04-11 03:53:01,774 [INFO]    ⏳ Turnstile detectado — esperando resolución automática...
2026-04-11 03:53:01,794 [INFO]    ✅ Turnstile resuelto
2026-04-11 03:53:13,167 [INFO]    ⏳ Turnstile detectado — esperando resolución automática...
2026-04-11 03:53:13,187 [INFO]    ✅ Turnstile resuelto
2026-04-11 03:53:22,991 [INFO]    ⏳ Turnstile detectado — esperando resolución automática...
2026-04-11 03:53:23,010 [INFO]    ✅ Turnstile resuelto
2026-04-11 03:53:33,190 [INFO]    ⏳ Turnstile detectado — esperando resolución automática...
2026-04-11 03:53:33,207 [INFO]    ✅ Turnstile resuelto
2026-04-11 03:53:43,521 [INFO]    ⏳ Turnstile detectado — esperando resolución automática...
2026-04-11 03:53:43,539 [INFO]    ✅ Turnstile resuelto
2026-04-11 03:53:55,714 [INFO]    ⏳ Turnstile detectado — esperando resolución automática...
2026-04-11 03:53:55,733 [INFO]    ✅ Turnstile resuelto
2026-04-11 03:54:05,550 [INFO]    ⏳ Turnstile detectado — esperando resolución automática...
2026-04-11 03:54:05,568 [INFO]    ✅ Turnstile resuelto
2026-04-11 03:54:16,558 [INFO]    ⏳ Turnstile detectado — esperando resolución automática...
2026-04-11 03:54:16,577 [INFO]    ✅ Turnstile resuelto
2026-04-11 03:54:26,593 [INFO]    ⏳ Turnstile detectado — esperando resolución automática...
2026-04-11 03:54:26,611 [INFO]    ✅ Turnstile resuelto
2026-04-11 03:54:38,040 [INFO]    ⏳ Turnstile detectado — esperando resolución automática...
2026-04-11 03:54:38,060 [INFO]    ✅ Turnstile resuelto
2026-04-11 03:54:41,331 [INFO]    Página 5/5 → https://www.opcionempleo.com.ar/trabajo-consultor.html?p=5
2026-04-11 03:54:49,257 [INFO]    ⏳ Turnstile detectado — esperando resolución automática...
2026-04-11 03:54:49,277 [INFO]    ✅ Turnstile resuelto
2026-04-11 03:54:53,475 [INFO]    → 20 ofertas encontradas
2026-04-11 03:55:00,446 [INFO]    ⏳ Turnstile detectado — esperando resolución automática...
2026-04-11 03:55:00,465 [INFO]    ✅ Turnstile resuelto
2026-04-11 03:55:10,721 [INFO]    ⏳ Turnstile detectado — esperando resolución automática...
2026-04-11 03:55:10,740 [INFO]    ✅ Turnstile resuelto
2026-04-11 03:55:22,082 [INFO]    ⏳ Turnstile detectado — esperando resolución automática...
2026-04-11 03:55:22,101 [INFO]    ✅ Turnstile resuelto
2026-04-11 03:55:31,551 [INFO]    ⏳ Turnstile detectado — esperando resolución automática...
2026-04-11 03:55:31,572 [INFO]    ✅ Turnstile resuelto
2026-04-11 03:55:43,486 [INFO]    ⏳ Turnstile detectado — esperando resolución automática...
2026-04-11 03:55:43,507 [INFO]    ✅ Turnstile resuelto
2026-04-11 03:55:55,494 [INFO]    ⏳ Turnstile detectado — esperando resolución automática...
2026-04-11 03:55:55,513 [INFO]    ✅ Turnstile resuelto
2026-04-11 03:56:07,600 [INFO]    ⏳ Turnstile detectado — esperando resolución automática...
2026-04-11 03:56:07,617 [INFO]    ✅ Turnstile resuelto
2026-04-11 03:56:18,133 [INFO]    ⏳ Turnstile detectado — esperando resolución automática...
2026-04-11 03:56:18,150 [INFO]    ✅ Turnstile resuelto
2026-04-11 03:56:29,920 [INFO]    ⏳ Turnstile detectado — esperando resolución automática...
2026-04-11 03:56:29,940 [INFO]    ✅ Turnstile resuelto
2026-04-11 03:56:42,048 [INFO]    ⏳ Turnstile detectado — esperando resolución automática...
2026-04-11 03:56:42,066 [INFO]    ✅ Turnstile resuelto
2026-04-11 03:56:53,977 [INFO]    ⏳ Turnstile detectado — esperando resolución automática...
2026-04-11 03:56:53,997 [INFO]    ✅ Turnstile resuelto
2026-04-11 03:57:04,886 [INFO]    ⏳ Turnstile detectado — esperando resolución automática...
2026-04-11 03:57:04,905 [INFO]    ✅ Turnstile resuelto
2026-04-11 03:57:16,826 [INFO]    ⏳ Turnstile detectado — esperando resolución automática...
2026-04-11 03:57:16,843 [INFO]    ✅ Turnstile resuelto
2026-04-11 03:57:28,737 [INFO]    ⏳ Turnstile detectado — esperando resolución automática...
2026-04-11 03:57:28,757 [INFO]    ✅ Turnstile resuelto
2026-04-11 03:57:40,111 [INFO]    ⏳ Turnstile detectado — esperando resolución automática...
2026-04-11 03:57:40,146 [INFO]    ✅ Turnstile resuelto
2026-04-11 03:57:52,105 [INFO]    ⏳ Turnstile detectado — esperando resolución automática...
2026-04-11 03:57:52,123 [INFO]    ✅ Turnstile resuelto
2026-04-11 03:58:02,474 [INFO]    ⏳ Turnstile detectado — esperando resolución automática...
2026-04-11 03:58:02,493 [INFO]    ✅ Turnstile resuelto
2026-04-11 03:58:14,218 [INFO]    ⏳ Turnstile detectado — esperando resolución automática...
2026-04-11 03:58:14,236 [INFO]    ✅ Turnstile resuelto
2026-04-11 03:58:23,899 [INFO]    ⏳ Turnstile detectado — esperando resolución automática...
2026-04-11 03:58:23,918 [INFO]    ✅ Turnstile resuelto
2026-04-11 03:58:34,247 [INFO]    ⏳ Turnstile detectado — esperando resolución automática...
2026-04-11 03:58:34,267 [INFO]    ✅ Turnstile resuelto
2026-04-11 03:58:38,036 [INFO] Exportadas 100 ofertas → /media/carlos-a-cicconi/Common1/Repositorios-Ing.Carlos-Cicconi/Trabajo_Final_MCD/data/raw/opcionempleo_20260411.csv
2026-04-11 03:58:38,036 [INFO] ✅ 'Consultor': 100 ofertas guardadas
2026-04-11 03:58:38,036 [INFO]    💤 Pausa: 8.5s
2026-04-11 03:58:46,501 [INFO] 
🔍 Buscando: 'Gerente de Operaciones'
2026-04-11 03:58:46,501 [INFO]    Página 1/5 → https://www.opcionempleo.com.ar/trabajo-gerente-operaciones.html
2026-04-11 03:58:56,561 [INFO]    ⏳ Turnstile detectado — esperando resolución automática...
2026-04-11 03:58:56,581 [INFO]    ✅ Turnstile resuelto
2026-04-11 03:59:00,327 [INFO]    → 20 ofertas encontradas
2026-04-11 03:59:08,599 [INFO]    ⏳ Turnstile detectado — esperando resolución automática...
2026-04-11 03:59:08,618 [INFO]    ✅ Turnstile resuelto
2026-04-11 03:59:19,755 [INFO]    ⏳ Turnstile detectado — esperando resolución automática...
2026-04-11 03:59:19,772 [INFO]    ✅ Turnstile resuelto
2026-04-11 03:59:30,715 [INFO]    ⏳ Turnstile detectado — esperando resolución automática...
2026-04-11 03:59:30,733 [INFO]    ✅ Turnstile resuelto
2026-04-11 03:59:42,698 [INFO]    ⏳ Turnstile detectado — esperando resolución automática...
2026-04-11 03:59:42,716 [INFO]    ✅ Turnstile resuelto
2026-04-11 03:59:54,004 [INFO]    ⏳ Turnstile detectado — esperando resolución automática...
2026-04-11 03:59:54,021 [INFO]    ✅ Turnstile resuelto
2026-04-11 04:00:04,618 [INFO]    ⏳ Turnstile detectado — esperando resolución automática...
2026-04-11 04:00:04,638 [INFO]    ✅ Turnstile resuelto
2026-04-11 04:00:15,879 [INFO]    ⏳ Turnstile detectado — esperando resolución automática...
2026-04-11 04:00:15,898 [INFO]    ✅ Turnstile resuelto
2026-04-11 04:00:27,246 [INFO]    ⏳ Turnstile detectado — esperando resolución automática...
2026-04-11 04:00:27,265 [INFO]    ✅ Turnstile resuelto
2026-04-11 04:00:37,948 [INFO]    ⏳ Turnstile detectado — esperando resolución automática...
2026-04-11 04:00:37,968 [INFO]    ✅ Turnstile resuelto
2026-04-11 04:00:47,837 [INFO]    ⏳ Turnstile detectado — esperando resolución automática...
2026-04-11 04:00:47,886 [INFO]    ✅ Turnstile resuelto
2026-04-11 04:00:58,137 [INFO]    ⏳ Turnstile detectado — esperando resolución automática...
2026-04-11 04:00:58,155 [INFO]    ✅ Turnstile resuelto
2026-04-11 04:01:09,328 [INFO]    ⏳ Turnstile detectado — esperando resolución automática...
2026-04-11 04:01:09,346 [INFO]    ✅ Turnstile resuelto
2026-04-11 04:01:20,899 [INFO]    ⏳ Turnstile detectado — esperando resolución automática...
2026-04-11 04:01:20,917 [INFO]    ✅ Turnstile resuelto
2026-04-11 04:01:32,104 [INFO]    ⏳ Turnstile detectado — esperando resolución automática...
2026-04-11 04:01:32,124 [INFO]    ✅ Turnstile resuelto
2026-04-11 04:01:43,642 [INFO]    ⏳ Turnstile detectado — esperando resolución automática...
2026-04-11 04:01:43,661 [INFO]    ✅ Turnstile resuelto
2026-04-11 04:01:54,671 [INFO]    ⏳ Turnstile detectado — esperando resolución automática...
2026-04-11 04:01:54,692 [INFO]    ✅ Turnstile resuelto
2026-04-11 04:02:06,164 [INFO]    ⏳ Turnstile detectado — esperando resolución automática...
2026-04-11 04:02:06,183 [INFO]    ✅ Turnstile resuelto
2026-04-11 04:02:17,015 [INFO]    ⏳ Turnstile detectado — esperando resolución automática...
2026-04-11 04:02:17,032 [INFO]    ✅ Turnstile resuelto
2026-04-11 04:02:28,391 [INFO]    ⏳ Turnstile detectado — esperando resolución automática...
2026-04-11 04:02:28,409 [INFO]    ✅ Turnstile resuelto
2026-04-11 04:02:39,692 [INFO]    ⏳ Turnstile detectado — esperando resolución automática...
2026-04-11 04:02:39,764 [INFO]    ✅ Turnstile resuelto
2026-04-11 04:02:42,846 [INFO]    Página 2/5 → https://www.opcionempleo.com.ar/trabajo-gerente-operaciones.html?p=2
2026-04-11 04:02:51,930 [INFO]    ⏳ Turnstile detectado — esperando resolución automática...
2026-04-11 04:02:51,950 [INFO]    ✅ Turnstile resuelto
2026-04-11 04:02:55,670 [INFO]    → 20 ofertas encontradas
2026-04-11 04:03:03,977 [INFO]    ⏳ Turnstile detectado — esperando resolución automática...
2026-04-11 04:03:03,995 [INFO]    ✅ Turnstile resuelto
2026-04-11 04:03:14,871 [INFO]    ⏳ Turnstile detectado — esperando resolución automática...
2026-04-11 04:03:14,891 [INFO]    ✅ Turnstile resuelto
2026-04-11 04:03:25,217 [INFO]    ⏳ Turnstile detectado — esperando resolución automática...
2026-04-11 04:03:25,237 [INFO]    ✅ Turnstile resuelto
2026-04-11 04:03:35,808 [INFO]    ⏳ Turnstile detectado — esperando resolución automática...
2026-04-11 04:03:35,828 [INFO]    ✅ Turnstile resuelto
2026-04-11 04:03:46,113 [INFO]    ⏳ Turnstile detectado — esperando resolución automática...
2026-04-11 04:03:46,132 [INFO]    ✅ Turnstile resuelto
2026-04-11 04:03:56,553 [INFO]    ⏳ Turnstile detectado — esperando resolución automática...
2026-04-11 04:03:56,572 [INFO]    ✅ Turnstile resuelto
2026-04-11 04:04:08,330 [INFO]    ⏳ Turnstile detectado — esperando resolución automática...
2026-04-11 04:04:08,347 [INFO]    ✅ Turnstile resuelto
2026-04-11 04:04:18,366 [INFO]    ⏳ Turnstile detectado — esperando resolución automática...
2026-04-11 04:04:18,406 [INFO]    ✅ Turnstile resuelto
2026-04-11 04:04:28,652 [INFO]    ⏳ Turnstile detectado — esperando resolución automática...
2026-04-11 04:04:28,672 [INFO]    ✅ Turnstile resuelto
2026-04-11 04:04:40,068 [INFO]    ⏳ Turnstile detectado — esperando resolución automática...
2026-04-11 04:04:40,087 [INFO]    ✅ Turnstile resuelto
2026-04-11 04:04:51,230 [INFO]    ⏳ Turnstile detectado — esperando resolución automática...
2026-04-11 04:04:51,252 [INFO]    ✅ Turnstile resuelto
2026-04-11 04:05:01,377 [INFO]    ⏳ Turnstile detectado — esperando resolución automática...
2026-04-11 04:05:01,407 [INFO]    ✅ Turnstile resuelto
2026-04-11 04:05:10,691 [INFO]    ⏳ Turnstile detectado — esperando resolución automática...
2026-04-11 04:05:10,710 [INFO]    ✅ Turnstile resuelto
2026-04-11 04:05:22,677 [INFO]    ⏳ Turnstile detectado — esperando resolución automática...
2026-04-11 04:05:22,695 [INFO]    ✅ Turnstile resuelto
2026-04-11 04:05:33,323 [INFO]    ⏳ Turnstile detectado — esperando resolución automática...
2026-04-11 04:05:33,341 [INFO]    ✅ Turnstile resuelto
2026-04-11 04:05:44,406 [INFO]    ⏳ Turnstile detectado — esperando resolución automática...
2026-04-11 04:05:44,423 [INFO]    ✅ Turnstile resuelto
2026-04-11 04:05:54,941 [INFO]    ⏳ Turnstile detectado — esperando resolución automática...
2026-04-11 04:05:54,960 [INFO]    ✅ Turnstile resuelto
2026-04-11 04:06:05,015 [INFO]    ⏳ Turnstile detectado — esperando resolución automática...
2026-04-11 04:06:05,056 [INFO]    ✅ Turnstile resuelto
2026-04-11 04:06:16,810 [INFO]    ⏳ Turnstile detectado — esperando resolución automática...
2026-04-11 04:06:16,833 [INFO]    ✅ Turnstile resuelto
2026-04-11 04:06:27,086 [INFO]    ⏳ Turnstile detectado — esperando resolución automática...
2026-04-11 04:06:27,110 [INFO]    ✅ Turnstile resuelto
2026-04-11 04:06:30,467 [INFO]    Página 3/5 → https://www.opcionempleo.com.ar/trabajo-gerente-operaciones.html?p=3
2026-04-11 04:06:40,296 [INFO]    ⏳ Turnstile detectado — esperando resolución automática...
2026-04-11 04:06:40,316 [INFO]    ✅ Turnstile resuelto
2026-04-11 04:06:44,423 [INFO]    → 20 ofertas encontradas
2026-04-11 04:06:50,534 [INFO]    ⏳ Turnstile detectado — esperando resolución automática...
2026-04-11 04:06:50,552 [INFO]    ✅ Turnstile resuelto
2026-04-11 04:07:02,509 [INFO]    ⏳ Turnstile detectado — esperando resolución automática...
2026-04-11 04:07:02,529 [INFO]    ✅ Turnstile resuelto
2026-04-11 04:07:13,268 [INFO]    ⏳ Turnstile detectado — esperando resolución automática...
2026-04-11 04:07:13,286 [INFO]    ✅ Turnstile resuelto
2026-04-11 04:07:24,318 [INFO]    ⏳ Turnstile detectado — esperando resolución automática...
2026-04-11 04:07:24,338 [INFO]    ✅ Turnstile resuelto
2026-04-11 04:07:35,892 [INFO]    ⏳ Turnstile detectado — esperando resolución automática...
2026-04-11 04:07:35,911 [INFO]    ✅ Turnstile resuelto
2026-04-11 04:07:46,846 [INFO]    ⏳ Turnstile detectado — esperando resolución automática...
2026-04-11 04:07:46,864 [INFO]    ✅ Turnstile resuelto
2026-04-11 04:07:58,827 [INFO]    ⏳ Turnstile detectado — esperando resolución automática...
2026-04-11 04:07:58,848 [INFO]    ✅ Turnstile resuelto
2026-04-11 04:08:10,504 [INFO]    ⏳ Turnstile detectado — esperando resolución automática...
2026-04-11 04:08:10,522 [INFO]    ✅ Turnstile resuelto
2026-04-11 04:08:22,686 [INFO]    ⏳ Turnstile detectado — esperando resolución automática...
2026-04-11 04:08:22,706 [INFO]    ✅ Turnstile resuelto
2026-04-11 04:08:32,252 [INFO]    ⏳ Turnstile detectado — esperando resolución automática...
2026-04-11 04:08:32,272 [INFO]    ✅ Turnstile resuelto
2026-04-11 04:08:43,987 [INFO]    ⏳ Turnstile detectado — esperando resolución automática...
2026-04-11 04:08:44,016 [INFO]    ✅ Turnstile resuelto
2026-04-11 04:08:55,757 [INFO]    ⏳ Turnstile detectado — esperando resolución automática...
2026-04-11 04:08:55,775 [INFO]    ✅ Turnstile resuelto
2026-04-11 04:09:06,303 [INFO]    ⏳ Turnstile detectado — esperando resolución automática...
2026-04-11 04:09:06,327 [INFO]    ✅ Turnstile resuelto
2026-04-11 04:09:18,177 [INFO]    ⏳ Turnstile detectado — esperando resolución automática...
2026-04-11 04:09:18,196 [INFO]    ✅ Turnstile resuelto
2026-04-11 04:09:28,625 [INFO]    ⏳ Turnstile detectado — esperando resolución automática...
2026-04-11 04:09:28,644 [INFO]    ✅ Turnstile resuelto
2026-04-11 04:09:38,756 [INFO]    ⏳ Turnstile detectado — esperando resolución automática...
2026-04-11 04:09:38,776 [INFO]    ✅ Turnstile resuelto
2026-04-11 04:09:49,507 [INFO]    ⏳ Turnstile detectado — esperando resolución automática...
2026-04-11 04:09:49,544 [INFO]    ✅ Turnstile resuelto
2026-04-11 04:10:00,367 [INFO]    ⏳ Turnstile detectado — esperando resolución automática...
2026-04-11 04:10:00,384 [INFO]    ✅ Turnstile resuelto
2026-04-11 04:10:11,162 [INFO]    ⏳ Turnstile detectado — esperando resolución automática...
2026-04-11 04:10:11,180 [INFO]    ✅ Turnstile resuelto
2026-04-11 04:10:22,785 [INFO]    ⏳ Turnstile detectado — esperando resolución automática...
2026-04-11 04:10:22,805 [INFO]    ✅ Turnstile resuelto
2026-04-11 04:10:26,669 [INFO]    Página 4/5 → https://www.opcionempleo.com.ar/trabajo-gerente-operaciones.html?p=4
2026-04-11 04:10:36,297 [INFO]    ⏳ Turnstile detectado — esperando resolución automática...
2026-04-11 04:10:36,316 [INFO]    ✅ Turnstile resuelto
2026-04-11 04:10:39,952 [INFO]    → 20 ofertas encontradas
2026-04-11 04:10:46,455 [INFO]    ⏳ Turnstile detectado — esperando resolución automática...
2026-04-11 04:10:46,474 [INFO]    ✅ Turnstile resuelto
2026-04-11 04:10:56,378 [INFO]    ⏳ Turnstile detectado — esperando resolución automática...
2026-04-11 04:10:56,396 [INFO]    ✅ Turnstile resuelto
2026-04-11 04:11:08,144 [INFO]    ⏳ Turnstile detectado — esperando resolución automática...
2026-04-11 04:11:08,163 [INFO]    ✅ Turnstile resuelto
2026-04-11 04:11:18,393 [INFO]    ⏳ Turnstile detectado — esperando resolución automática...
2026-04-11 04:11:18,410 [INFO]    ✅ Turnstile resuelto
2026-04-11 04:11:28,829 [INFO]    ⏳ Turnstile detectado — esperando resolución automática...
2026-04-11 04:11:28,851 [INFO]    ✅ Turnstile resuelto
2026-04-11 04:11:39,584 [INFO]    ⏳ Turnstile detectado — esperando resolución automática...
2026-04-11 04:11:39,611 [INFO]    ✅ Turnstile resuelto
2026-04-11 04:11:50,531 [INFO]    ⏳ Turnstile detectado — esperando resolución automática...
2026-04-11 04:11:50,550 [INFO]    ✅ Turnstile resuelto
2026-04-11 04:12:01,150 [INFO]    ⏳ Turnstile detectado — esperando resolución automática...
2026-04-11 04:12:01,169 [INFO]    ✅ Turnstile resuelto
2026-04-11 04:12:11,330 [INFO]    ⏳ Turnstile detectado — esperando resolución automática...
2026-04-11 04:12:11,349 [INFO]    ✅ Turnstile resuelto
2026-04-11 04:12:20,920 [INFO]    ⏳ Turnstile detectado — esperando resolución automática...
2026-04-11 04:12:20,938 [INFO]    ✅ Turnstile resuelto
2026-04-11 04:12:30,997 [INFO]    ⏳ Turnstile detectado — esperando resolución automática...
2026-04-11 04:12:31,037 [INFO]    ✅ Turnstile resuelto
2026-04-11 04:12:42,663 [INFO]    ⏳ Turnstile detectado — esperando resolución automática...
2026-04-11 04:12:42,684 [INFO]    ✅ Turnstile resuelto
2026-04-11 04:12:54,946 [INFO]    ⏳ Turnstile detectado — esperando resolución automática...
2026-04-11 04:12:54,967 [INFO]    ✅ Turnstile resuelto
2026-04-11 04:13:05,972 [INFO]    ⏳ Turnstile detectado — esperando resolución automática...
2026-04-11 04:13:05,991 [INFO]    ✅ Turnstile resuelto
2026-04-11 04:13:16,650 [INFO]    ⏳ Turnstile detectado — esperando resolución automática...
2026-04-11 04:13:16,671 [INFO]    ✅ Turnstile resuelto
2026-04-11 04:13:26,680 [INFO]    ⏳ Turnstile detectado — esperando resolución automática...
2026-04-11 04:13:26,702 [INFO]    ✅ Turnstile resuelto
2026-04-11 04:13:37,942 [INFO]    ⏳ Turnstile detectado — esperando resolución automática...
2026-04-11 04:13:37,965 [INFO]    ✅ Turnstile resuelto
2026-04-11 04:13:49,389 [INFO]    ⏳ Turnstile detectado — esperando resolución automática...
2026-04-11 04:13:49,409 [INFO]    ✅ Turnstile resuelto
2026-04-11 04:14:00,220 [INFO]    ⏳ Turnstile detectado — esperando resolución automática...
2026-04-11 04:14:00,240 [INFO]    ✅ Turnstile resuelto
2026-04-11 04:14:11,531 [INFO]    ⏳ Turnstile detectado — esperando resolución automática...
2026-04-11 04:14:11,550 [INFO]    ✅ Turnstile resuelto
2026-04-11 04:14:14,978 [INFO]    Página 5/5 → https://www.opcionempleo.com.ar/trabajo-gerente-operaciones.html?p=5
2026-04-11 04:14:24,839 [INFO]    ⏳ Turnstile detectado — esperando resolución automática...
2026-04-11 04:14:24,858 [INFO]    ✅ Turnstile resuelto
2026-04-11 04:14:29,441 [INFO]    → 20 ofertas encontradas
2026-04-11 04:14:35,441 [INFO]    ⏳ Turnstile detectado — esperando resolución automática...
2026-04-11 04:14:35,460 [INFO]    ✅ Turnstile resuelto
2026-04-11 04:14:47,557 [INFO]    ⏳ Turnstile detectado — esperando resolución automática...
2026-04-11 04:14:47,578 [INFO]    ✅ Turnstile resuelto
2026-04-11 04:14:58,785 [INFO]    ⏳ Turnstile detectado — esperando resolución automática...
2026-04-11 04:14:58,804 [INFO]    ✅ Turnstile resuelto
2026-04-11 04:15:09,462 [INFO]    ⏳ Turnstile detectado — esperando resolución automática...
2026-04-11 04:15:09,483 [INFO]    ✅ Turnstile resuelto
2026-04-11 04:15:19,458 [INFO]    ⏳ Turnstile detectado — esperando resolución automática...
2026-04-11 04:15:19,477 [INFO]    ✅ Turnstile resuelto
2026-04-11 04:15:29,868 [INFO]    ⏳ Turnstile detectado — esperando resolución automática...
2026-04-11 04:15:29,890 [INFO]    ✅ Turnstile resuelto
2026-04-11 04:15:41,534 [INFO]    ⏳ Turnstile detectado — esperando resolución automática...
2026-04-11 04:15:41,553 [INFO]    ✅ Turnstile resuelto
2026-04-11 04:15:52,520 [INFO]    ⏳ Turnstile detectado — esperando resolución automática...
2026-04-11 04:15:52,543 [INFO]    ✅ Turnstile resuelto
2026-04-11 04:16:04,367 [INFO]    ⏳ Turnstile detectado — esperando resolución automática...
2026-04-11 04:16:04,385 [INFO]    ✅ Turnstile resuelto
2026-04-11 04:16:15,424 [INFO]    ⏳ Turnstile detectado — esperando resolución automática...
2026-04-11 04:16:15,442 [INFO]    ✅ Turnstile resuelto
2026-04-11 04:16:25,971 [INFO]    ⏳ Turnstile detectado — esperando resolución automática...
2026-04-11 04:16:25,991 [INFO]    ✅ Turnstile resuelto
2026-04-11 04:16:37,311 [INFO]    ⏳ Turnstile detectado — esperando resolución automática...
2026-04-11 04:16:37,332 [INFO]    ✅ Turnstile resuelto
2026-04-11 04:16:49,624 [INFO]    ⏳ Turnstile detectado — esperando resolución automática...
2026-04-11 04:16:49,643 [INFO]    ✅ Turnstile resuelto
2026-04-11 04:17:00,176 [INFO]    ⏳ Turnstile detectado — esperando resolución automática...
2026-04-11 04:17:00,196 [INFO]    ✅ Turnstile resuelto
2026-04-11 04:17:12,178 [INFO]    ⏳ Turnstile detectado — esperando resolución automática...
2026-04-11 04:17:12,199 [INFO]    ✅ Turnstile resuelto
2026-04-11 04:17:24,130 [INFO]    ⏳ Turnstile detectado — esperando resolución automática...
2026-04-11 04:17:24,149 [INFO]    ✅ Turnstile resuelto
2026-04-11 04:17:34,784 [INFO]    ⏳ Turnstile detectado — esperando resolución automática...
2026-04-11 04:17:34,804 [INFO]    ✅ Turnstile resuelto
2026-04-11 04:17:46,761 [INFO]    ⏳ Turnstile detectado — esperando resolución automática...
2026-04-11 04:17:46,779 [INFO]    ✅ Turnstile resuelto
2026-04-11 04:17:58,537 [INFO]    ⏳ Turnstile detectado — esperando resolución automática...
2026-04-11 04:17:58,557 [INFO]    ✅ Turnstile resuelto
2026-04-11 04:18:10,213 [INFO]    ⏳ Turnstile detectado — esperando resolución automática...
2026-04-11 04:18:10,231 [INFO]    ✅ Turnstile resuelto
2026-04-11 04:18:14,008 [INFO] Exportadas 100 ofertas → /media/carlos-a-cicconi/Common1/Repositorios-Ing.Carlos-Cicconi/Trabajo_Final_MCD/data/raw/opcionempleo_20260411.csv
2026-04-11 04:18:14,008 [INFO] ✅ 'Gerente de Operaciones': 100 ofertas guardadas
2026-04-11 04:18:14,009 [INFO]    💤 Pausa: 12.3s
2026-04-11 04:18:26,356 [INFO] 
🔍 Buscando: 'Compras / Procurement'
2026-04-11 04:18:26,357 [INFO]    Página 1/5 → https://www.opcionempleo.com.ar/trabajo-compras.html
2026-04-11 04:18:35,279 [INFO]    ⏳ Turnstile detectado — esperando resolución automática...
2026-04-11 04:18:35,298 [INFO]    ✅ Turnstile resuelto
2026-04-11 04:18:39,306 [INFO]    → 16 ofertas encontradas
2026-04-11 04:18:46,684 [INFO]    ⏳ Turnstile detectado — esperando resolución automática...
2026-04-11 04:18:46,704 [INFO]    ✅ Turnstile resuelto
2026-04-11 04:18:58,144 [INFO]    ⏳ Turnstile detectado — esperando resolución automática...
2026-04-11 04:18:58,163 [INFO]    ✅ Turnstile resuelto
2026-04-11 04:19:09,265 [INFO]    ⏳ Turnstile detectado — esperando resolución automática...
2026-04-11 04:19:09,284 [INFO]    ✅ Turnstile resuelto
2026-04-11 04:19:20,341 [INFO]    ⏳ Turnstile detectado — esperando resolución automática...
2026-04-11 04:19:20,358 [INFO]    ✅ Turnstile resuelto
2026-04-11 04:19:31,519 [INFO]    ⏳ Turnstile detectado — esperando resolución automática...
2026-04-11 04:19:31,541 [INFO]    ✅ Turnstile resuelto
2026-04-11 04:19:43,495 [INFO]    ⏳ Turnstile detectado — esperando resolución automática...
2026-04-11 04:19:43,516 [INFO]    ✅ Turnstile resuelto
2026-04-11 04:19:54,657 [INFO]    ⏳ Turnstile detectado — esperando resolución automática...
2026-04-11 04:19:54,676 [INFO]    ✅ Turnstile resuelto
2026-04-11 04:20:04,487 [INFO]    ⏳ Turnstile detectado — esperando resolución automática...
2026-04-11 04:20:04,506 [INFO]    ✅ Turnstile resuelto
2026-04-11 04:20:15,235 [INFO]    ⏳ Turnstile detectado — esperando resolución automática...
2026-04-11 04:20:15,255 [INFO]    ✅ Turnstile resuelto
2026-04-11 04:20:26,199 [INFO]    ⏳ Turnstile detectado — esperando resolución automática...
2026-04-11 04:20:26,219 [INFO]    ✅ Turnstile resuelto
2026-04-11 04:20:38,069 [INFO]    ⏳ Turnstile detectado — esperando resolución automática...
2026-04-11 04:20:38,112 [INFO]    ✅ Turnstile resuelto
2026-04-11 04:20:47,944 [INFO]    ⏳ Turnstile detectado — esperando resolución automática...
2026-04-11 04:20:47,963 [INFO]    ✅ Turnstile resuelto
2026-04-11 04:20:59,549 [INFO]    ⏳ Turnstile detectado — esperando resolución automática...
2026-04-11 04:20:59,569 [INFO]    ✅ Turnstile resuelto
2026-04-11 04:21:09,816 [INFO]    ⏳ Turnstile detectado — esperando resolución automática...
2026-04-11 04:21:09,838 [INFO]    ✅ Turnstile resuelto
2026-04-11 04:21:19,390 [INFO]    ⏳ Turnstile detectado — esperando resolución automática...
2026-04-11 04:21:19,408 [INFO]    ✅ Turnstile resuelto
2026-04-11 04:21:30,290 [INFO]    ⏳ Turnstile detectado — esperando resolución automática...
2026-04-11 04:21:30,311 [INFO]    ✅ Turnstile resuelto
2026-04-11 04:21:33,476 [INFO]    Página 2/5 → https://www.opcionempleo.com.ar/trabajo-compras.html?p=2
2026-04-11 04:21:42,220 [INFO]    ⏳ Turnstile detectado — esperando resolución automática...
2026-04-11 04:21:42,251 [INFO]    ✅ Turnstile resuelto
2026-04-11 04:21:46,477 [INFO]    → 18 ofertas encontradas
2026-04-11 04:21:53,023 [INFO]    ⏳ Turnstile detectado — esperando resolución automática...
2026-04-11 04:21:53,045 [INFO]    ✅ Turnstile resuelto
2026-04-11 04:22:02,750 [INFO]    ⏳ Turnstile detectado — esperando resolución automática...
2026-04-11 04:22:02,767 [INFO]    ✅ Turnstile resuelto
2026-04-11 04:22:13,455 [INFO]    ⏳ Turnstile detectado — esperando resolución automática...
2026-04-11 04:22:13,479 [INFO]    ✅ Turnstile resuelto
2026-04-11 04:22:24,769 [INFO]    ⏳ Turnstile detectado — esperando resolución automática...
2026-04-11 04:22:24,815 [INFO]    ✅ Turnstile resuelto
2026-04-11 04:22:35,216 [INFO]    ⏳ Turnstile detectado — esperando resolución automática...
2026-04-11 04:22:35,235 [INFO]    ✅ Turnstile resuelto
2026-04-11 04:22:45,867 [INFO]    ⏳ Turnstile detectado — esperando resolución automática...
2026-04-11 04:22:45,901 [INFO]    ✅ Turnstile resuelto
2026-04-11 04:22:56,603 [INFO]    ⏳ Turnstile detectado — esperando resolución automática...
2026-04-11 04:22:56,629 [INFO]    ✅ Turnstile resuelto
2026-04-11 04:23:09,108 [INFO]    ⏳ Turnstile detectado — esperando resolución automática...
2026-04-11 04:23:09,127 [INFO]    ✅ Turnstile resuelto
2026-04-11 04:23:20,765 [INFO]    ⏳ Turnstile detectado — esperando resolución automática...
2026-04-11 04:23:20,783 [INFO]    ✅ Turnstile resuelto
2026-04-11 04:23:30,304 [INFO]    ⏳ Turnstile detectado — esperando resolución automática...
2026-04-11 04:23:30,323 [INFO]    ✅ Turnstile resuelto
2026-04-11 04:23:42,485 [INFO]    ⏳ Turnstile detectado — esperando resolución automática...
2026-04-11 04:23:42,506 [INFO]    ✅ Turnstile resuelto
2026-04-11 04:23:53,041 [INFO]    ⏳ Turnstile detectado — esperando resolución automática...
2026-04-11 04:23:53,061 [INFO]    ✅ Turnstile resuelto
2026-04-11 04:24:03,303 [INFO]    ⏳ Turnstile detectado — esperando resolución automática...
2026-04-11 04:24:03,381 [INFO]    ✅ Turnstile resuelto
2026-04-11 04:24:14,643 [INFO]    ⏳ Turnstile detectado — esperando resolución automática...
2026-04-11 04:24:14,661 [INFO]    ✅ Turnstile resuelto
2026-04-11 04:24:25,297 [INFO]    ⏳ Turnstile detectado — esperando resolución automática...
2026-04-11 04:24:25,319 [INFO]    ✅ Turnstile resuelto
2026-04-11 04:24:35,540 [INFO]    ⏳ Turnstile detectado — esperando resolución automática...
2026-04-11 04:24:35,560 [INFO]    ✅ Turnstile resuelto
2026-04-11 04:24:46,995 [INFO]    ⏳ Turnstile detectado — esperando resolución automática...
2026-04-11 04:24:47,013 [INFO]    ✅ Turnstile resuelto
2026-04-11 04:24:57,958 [INFO]    ⏳ Turnstile detectado — esperando resolución automática...
2026-04-11 04:24:57,978 [INFO]    ✅ Turnstile resuelto
2026-04-11 04:25:01,795 [INFO]    Página 3/5 → https://www.opcionempleo.com.ar/trabajo-compras.html?p=3
2026-04-11 04:25:09,400 [INFO]    ⏳ Turnstile detectado — esperando resolución automática...
2026-04-11 04:25:09,420 [INFO]    ✅ Turnstile resuelto
2026-04-11 04:25:13,141 [INFO]    → 20 ofertas encontradas
2026-04-11 04:25:19,869 [INFO]    ⏳ Turnstile detectado — esperando resolución automática...
2026-04-11 04:25:19,889 [INFO]    ✅ Turnstile resuelto
2026-04-11 04:25:31,237 [INFO]    ⏳ Turnstile detectado — esperando resolución automática...
2026-04-11 04:25:31,259 [INFO]    ✅ Turnstile resuelto
2026-04-11 04:25:42,400 [INFO]    ⏳ Turnstile detectado — esperando resolución automática...
2026-04-11 04:25:42,422 [INFO]    ✅ Turnstile resuelto
2026-04-11 04:25:53,023 [INFO]    ⏳ Turnstile detectado — esperando resolución automática...
2026-04-11 04:25:53,042 [INFO]    ✅ Turnstile resuelto
2026-04-11 04:26:03,593 [INFO]    ⏳ Turnstile detectado — esperando resolución automática...
2026-04-11 04:26:03,612 [INFO]    ✅ Turnstile resuelto
2026-04-11 04:26:14,865 [INFO]    ⏳ Turnstile detectado — esperando resolución automática...
2026-04-11 04:26:14,884 [INFO]    ✅ Turnstile resuelto
2026-04-11 04:26:25,097 [INFO]    ⏳ Turnstile detectado — esperando resolución automática...
2026-04-11 04:26:25,116 [INFO]    ✅ Turnstile resuelto
2026-04-11 04:26:37,027 [INFO]    ⏳ Turnstile detectado — esperando resolución automática...
2026-04-11 04:26:37,077 [INFO]    ✅ Turnstile resuelto
2026-04-11 04:26:48,544 [INFO]    ⏳ Turnstile detectado — esperando resolución automática...
2026-04-11 04:26:48,564 [INFO]    ✅ Turnstile resuelto
2026-04-11 04:26:58,886 [INFO]    ⏳ Turnstile detectado — esperando resolución automática...
2026-04-11 04:26:58,905 [INFO]    ✅ Turnstile resuelto
2026-04-11 04:27:09,691 [INFO]    ⏳ Turnstile detectado — esperando resolución automática...
2026-04-11 04:27:09,709 [INFO]    ✅ Turnstile resuelto
2026-04-11 04:27:19,578 [INFO]    ⏳ Turnstile detectado — esperando resolución automática...
2026-04-11 04:27:19,600 [INFO]    ✅ Turnstile resuelto
2026-04-11 04:27:30,944 [INFO]    ⏳ Turnstile detectado — esperando resolución automática...
2026-04-11 04:27:30,963 [INFO]    ✅ Turnstile resuelto
2026-04-11 04:27:41,334 [INFO]    ⏳ Turnstile detectado — esperando resolución automática...
2026-04-11 04:27:41,352 [INFO]    ✅ Turnstile resuelto
2026-04-11 04:27:53,264 [INFO]    ⏳ Turnstile detectado — esperando resolución automática...
2026-04-11 04:27:53,283 [INFO]    ✅ Turnstile resuelto
2026-04-11 04:28:03,808 [INFO]    ⏳ Turnstile detectado — esperando resolución automática...
2026-04-11 04:28:03,828 [INFO]    ✅ Turnstile resuelto
2026-04-11 04:28:14,045 [INFO]    ⏳ Turnstile detectado — esperando resolución automática...
2026-04-11 04:28:14,064 [INFO]    ✅ Turnstile resuelto
2026-04-11 04:28:25,108 [INFO]    ⏳ Turnstile detectado — esperando resolución automática...
2026-04-11 04:28:25,128 [INFO]    ✅ Turnstile resuelto
2026-04-11 04:28:36,778 [INFO]    ⏳ Turnstile detectado — esperando resolución automática...
2026-04-11 04:28:36,797 [INFO]    ✅ Turnstile resuelto
2026-04-11 04:28:46,615 [INFO]    ⏳ Turnstile detectado — esperando resolución automática...
2026-04-11 04:28:46,637 [INFO]    ✅ Turnstile resuelto
2026-04-11 04:28:50,045 [INFO]    Página 4/5 → https://www.opcionempleo.com.ar/trabajo-compras.html?p=4
2026-04-11 04:29:00,127 [INFO]    ⏳ Turnstile detectado — esperando resolución automática...
2026-04-11 04:29:00,146 [INFO]    ✅ Turnstile resuelto
2026-04-11 04:29:04,619 [INFO]    → 20 ofertas encontradas
2026-04-11 04:29:11,899 [INFO]    ⏳ Turnstile detectado — esperando resolución automática...
2026-04-11 04:29:11,916 [INFO]    ✅ Turnstile resuelto
2026-04-11 04:29:24,071 [INFO]    ⏳ Turnstile detectado — esperando resolución automática...
2026-04-11 04:29:24,089 [INFO]    ✅ Turnstile resuelto
2026-04-11 04:29:35,251 [INFO]    ⏳ Turnstile detectado — esperando resolución automática...
2026-04-11 04:29:35,268 [INFO]    ✅ Turnstile resuelto
2026-04-11 04:29:46,113 [INFO]    ⏳ Turnstile detectado — esperando resolución automática...
2026-04-11 04:29:46,131 [INFO]    ✅ Turnstile resuelto
2026-04-11 04:29:58,297 [INFO]    ⏳ Turnstile detectado — esperando resolución automática...
2026-04-11 04:29:58,315 [INFO]    ✅ Turnstile resuelto
2026-04-11 04:30:09,047 [INFO]    ⏳ Turnstile detectado — esperando resolución automática...
2026-04-11 04:30:09,066 [INFO]    ✅ Turnstile resuelto
2026-04-11 04:30:20,104 [INFO]    ⏳ Turnstile detectado — esperando resolución automática...
2026-04-11 04:30:20,124 [INFO]    ✅ Turnstile resuelto
2026-04-11 04:30:30,956 [INFO]    ⏳ Turnstile detectado — esperando resolución automática...
2026-04-11 04:30:30,975 [INFO]    ✅ Turnstile resuelto
2026-04-11 04:30:42,009 [INFO]    ⏳ Turnstile detectado — esperando resolución automática...
2026-04-11 04:30:42,028 [INFO]    ✅ Turnstile resuelto
2026-04-11 04:30:53,483 [INFO]    ⏳ Turnstile detectado — esperando resolución automática...
2026-04-11 04:30:53,503 [INFO]    ✅ Turnstile resuelto
2026-04-11 04:31:04,646 [INFO]    ⏳ Turnstile detectado — esperando resolución automática...
2026-04-11 04:31:04,664 [INFO]    ✅ Turnstile resuelto
2026-04-11 04:31:14,897 [INFO]    ⏳ Turnstile detectado — esperando resolución automática...
2026-04-11 04:31:14,917 [INFO]    ✅ Turnstile resuelto
2026-04-11 04:31:26,635 [INFO]    ⏳ Turnstile detectado — esperando resolución automática...
2026-04-11 04:31:26,654 [INFO]    ✅ Turnstile resuelto
2026-04-11 04:31:36,656 [INFO]    ⏳ Turnstile detectado — esperando resolución automática...
2026-04-11 04:31:36,713 [INFO]    ✅ Turnstile resuelto
2026-04-11 04:31:46,386 [INFO]    ⏳ Turnstile detectado — esperando resolución automática...
2026-04-11 04:31:46,404 [INFO]    ✅ Turnstile resuelto
2026-04-11 04:31:56,870 [INFO]    ⏳ Turnstile detectado — esperando resolución automática...
2026-04-11 04:31:56,921 [INFO]    ✅ Turnstile resuelto
2026-04-11 04:32:08,342 [INFO]    ⏳ Turnstile detectado — esperando resolución automática...
2026-04-11 04:32:08,359 [INFO]    ✅ Turnstile resuelto
2026-04-11 04:32:20,318 [INFO]    ⏳ Turnstile detectado — esperando resolución automática...
2026-04-11 04:32:20,337 [INFO]    ✅ Turnstile resuelto
2026-04-11 04:32:32,098 [INFO]    ⏳ Turnstile detectado — esperando resolución automática...
2026-04-11 04:32:32,117 [INFO]    ✅ Turnstile resuelto
2026-04-11 04:32:44,078 [INFO]    ⏳ Turnstile detectado — esperando resolución automática...
2026-04-11 04:32:44,095 [INFO]    ✅ Turnstile resuelto
2026-04-11 04:32:48,027 [INFO]    Página 5/5 → https://www.opcionempleo.com.ar/trabajo-compras.html?p=5
2026-04-11 04:32:56,565 [INFO]    ⏳ Turnstile detectado — esperando resolución automática...
2026-04-11 04:32:56,590 [INFO]    ✅ Turnstile resuelto
2026-04-11 04:33:00,617 [INFO]    → 20 ofertas encontradas
2026-04-11 04:33:07,983 [INFO]    ⏳ Turnstile detectado — esperando resolución automática...
2026-04-11 04:33:08,003 [INFO]    ✅ Turnstile resuelto
2026-04-11 04:33:18,062 [INFO]    ⏳ Turnstile detectado — esperando resolución automática...
2026-04-11 04:33:18,081 [INFO]    ✅ Turnstile resuelto
2026-04-11 04:33:28,923 [INFO]    ⏳ Turnstile detectado — esperando resolución automática...
2026-04-11 04:33:28,941 [INFO]    ✅ Turnstile resuelto
2026-04-11 04:33:40,207 [INFO]    ⏳ Turnstile detectado — esperando resolución automática...
2026-04-11 04:33:40,227 [INFO]    ✅ Turnstile resuelto
2026-04-11 04:33:50,032 [INFO]    ⏳ Turnstile detectado — esperando resolución automática...
2026-04-11 04:33:50,053 [INFO]    ✅ Turnstile resuelto
2026-04-11 04:34:00,104 [INFO]    ⏳ Turnstile detectado — esperando resolución automática...
2026-04-11 04:34:00,124 [INFO]    ✅ Turnstile resuelto
2026-04-11 04:34:11,816 [INFO]    ⏳ Turnstile detectado — esperando resolución automática...
2026-04-11 04:34:11,835 [INFO]    ✅ Turnstile resuelto
2026-04-11 04:34:23,713 [INFO]    ⏳ Turnstile detectado — esperando resolución automática...
2026-04-11 04:34:23,732 [INFO]    ✅ Turnstile resuelto
2026-04-11 04:34:34,357 [INFO]    ⏳ Turnstile detectado — esperando resolución automática...
2026-04-11 04:34:34,380 [INFO]    ✅ Turnstile resuelto
2026-04-11 04:34:45,356 [INFO]    ⏳ Turnstile detectado — esperando resolución automática...
2026-04-11 04:34:45,373 [INFO]    ✅ Turnstile resuelto
2026-04-11 04:34:55,658 [INFO]    ⏳ Turnstile detectado — esperando resolución automática...
2026-04-11 04:34:55,677 [INFO]    ✅ Turnstile resuelto
2026-04-11 04:35:06,001 [INFO]    ⏳ Turnstile detectado — esperando resolución automática...
2026-04-11 04:35:06,050 [INFO]    ✅ Turnstile resuelto
2026-04-11 04:35:17,163 [INFO]    ⏳ Turnstile detectado — esperando resolución automática...
2026-04-11 04:35:17,183 [INFO]    ✅ Turnstile resuelto
2026-04-11 04:35:28,942 [INFO]    ⏳ Turnstile detectado — esperando resolución automática...
2026-04-11 04:35:28,959 [INFO]    ✅ Turnstile resuelto
2026-04-11 04:35:40,441 [INFO]    ⏳ Turnstile detectado — esperando resolución automática...
2026-04-11 04:35:40,461 [INFO]    ✅ Turnstile resuelto
2026-04-11 04:35:51,567 [INFO]    ⏳ Turnstile detectado — esperando resolución automática...
2026-04-11 04:35:51,585 [INFO]    ✅ Turnstile resuelto
2026-04-11 04:36:03,451 [INFO]    ⏳ Turnstile detectado — esperando resolución automática...
2026-04-11 04:36:03,469 [INFO]    ✅ Turnstile resuelto
2026-04-11 04:36:14,399 [INFO]    ⏳ Turnstile detectado — esperando resolución automática...
2026-04-11 04:36:14,418 [INFO]    ✅ Turnstile resuelto
2026-04-11 04:36:26,196 [INFO]    ⏳ Turnstile detectado — esperando resolución automática...
2026-04-11 04:36:26,215 [INFO]    ✅ Turnstile resuelto
2026-04-11 04:36:37,385 [INFO]    ⏳ Turnstile detectado — esperando resolución automática...
2026-04-11 04:36:37,403 [INFO]    ✅ Turnstile resuelto
2026-04-11 04:36:41,477 [INFO] Exportadas 94 ofertas → /media/carlos-a-cicconi/Common1/Repositorios-Ing.Carlos-Cicconi/Trabajo_Final_MCD/data/raw/opcionempleo_20260411.csv
2026-04-11 04:36:41,477 [INFO] ✅ 'Compras / Procurement': 94 ofertas guardadas
2026-04-11 04:36:41,477 [INFO]    💤 Pausa: 13.2s
2026-04-11 04:36:54,713 [INFO] 
🔍 Buscando: 'Ingeniero Industrial'
2026-04-11 04:36:54,714 [INFO]    Página 1/5 → https://www.opcionempleo.com.ar/trabajo-ingeniero-industrial.html
2026-04-11 04:37:04,781 [INFO]    ⏳ Turnstile detectado — esperando resolución automática...
2026-04-11 04:37:04,823 [INFO]    ✅ Turnstile resuelto
2026-04-11 04:37:09,134 [INFO]    → 20 ofertas encontradas
2026-04-11 04:37:17,065 [INFO]    ⏳ Turnstile detectado — esperando resolución automática...
2026-04-11 04:37:17,084 [INFO]    ✅ Turnstile resuelto
2026-04-11 04:37:29,251 [INFO]    ⏳ Turnstile detectado — esperando resolución automática...
2026-04-11 04:37:29,269 [INFO]    ✅ Turnstile resuelto
2026-04-11 04:37:39,903 [INFO]    ⏳ Turnstile detectado — esperando resolución automática...
2026-04-11 04:37:39,922 [INFO]    ✅ Turnstile resuelto
2026-04-11 04:37:50,454 [INFO]    ⏳ Turnstile detectado — esperando resolución automática...
2026-04-11 04:37:50,474 [INFO]    ✅ Turnstile resuelto
2026-04-11 04:38:01,976 [INFO]    ⏳ Turnstile detectado — esperando resolución automática...
2026-04-11 04:38:01,993 [INFO]    ✅ Turnstile resuelto
2026-04-11 04:38:13,696 [INFO]    ⏳ Turnstile detectado — esperando resolución automática...
2026-04-11 04:38:13,715 [INFO]    ✅ Turnstile resuelto
2026-04-11 04:38:25,471 [INFO]    ⏳ Turnstile detectado — esperando resolución automática...
2026-04-11 04:38:25,490 [INFO]    ✅ Turnstile resuelto
2026-04-11 04:38:36,895 [INFO]    ⏳ Turnstile detectado — esperando resolución automática...
2026-04-11 04:38:36,912 [INFO]    ✅ Turnstile resuelto
2026-04-11 04:38:48,412 [INFO]    ⏳ Turnstile detectado — esperando resolución automática...
2026-04-11 04:38:48,431 [INFO]    ✅ Turnstile resuelto
2026-04-11 04:39:00,592 [INFO]    ⏳ Turnstile detectado — esperando resolución automática...
2026-04-11 04:39:00,610 [INFO]    ✅ Turnstile resuelto
2026-04-11 04:39:12,163 [INFO]    ⏳ Turnstile detectado — esperando resolución automática...
2026-04-11 04:39:12,181 [INFO]    ✅ Turnstile resuelto
2026-04-11 04:39:23,837 [INFO]    ⏳ Turnstile detectado — esperando resolución automática...
2026-04-11 04:39:23,855 [INFO]    ✅ Turnstile resuelto
2026-04-11 04:39:34,030 [INFO]    ⏳ Turnstile detectado — esperando resolución automática...
2026-04-11 04:39:34,049 [INFO]    ✅ Turnstile resuelto
2026-04-11 04:39:45,135 [INFO]    ⏳ Turnstile detectado — esperando resolución automática...
2026-04-11 04:39:45,154 [INFO]    ✅ Turnstile resuelto
2026-04-11 04:39:55,998 [INFO]    ⏳ Turnstile detectado — esperando resolución automática...
2026-04-11 04:39:56,017 [INFO]    ✅ Turnstile resuelto
2026-04-11 04:40:06,335 [INFO]    ⏳ Turnstile detectado — esperando resolución automática...
2026-04-11 04:40:06,355 [INFO]    ✅ Turnstile resuelto
2026-04-11 04:40:17,492 [INFO]    ⏳ Turnstile detectado — esperando resolución automática...
2026-04-11 04:40:17,509 [INFO]    ✅ Turnstile resuelto
2026-04-11 04:40:27,535 [INFO]    ⏳ Turnstile detectado — esperando resolución automática...
2026-04-11 04:40:27,554 [INFO]    ✅ Turnstile resuelto
2026-04-11 04:40:37,973 [INFO]    ⏳ Turnstile detectado — esperando resolución automática...
2026-04-11 04:40:38,013 [INFO]    ✅ Turnstile resuelto
2026-04-11 04:40:49,752 [INFO]    ⏳ Turnstile detectado — esperando resolución automática...
2026-04-11 04:40:49,790 [INFO]    ✅ Turnstile resuelto
2026-04-11 04:40:53,333 [INFO]    Página 2/5 → https://www.opcionempleo.com.ar/trabajo-ingeniero-industrial.html?p=2
2026-04-11 04:41:02,184 [INFO]    ⏳ Turnstile detectado — esperando resolución automática...
2026-04-11 04:41:02,203 [INFO]    ✅ Turnstile resuelto
2026-04-11 04:41:06,152 [INFO]    → 20 ofertas encontradas
2026-04-11 04:41:14,475 [INFO]    ⏳ Turnstile detectado — esperando resolución automática...
2026-04-11 04:41:14,497 [INFO]    ✅ Turnstile resuelto
2026-04-11 04:41:26,720 [INFO]    ⏳ Turnstile detectado — esperando resolución automática...
2026-04-11 04:41:26,738 [INFO]    ✅ Turnstile resuelto
2026-04-11 04:41:36,241 [INFO]    ⏳ Turnstile detectado — esperando resolución automática...
2026-04-11 04:41:36,261 [INFO]    ✅ Turnstile resuelto
2026-04-11 04:41:47,312 [INFO]    ⏳ Turnstile detectado — esperando resolución automática...
2026-04-11 04:41:47,338 [INFO]    ✅ Turnstile resuelto
2026-04-11 04:41:59,282 [INFO]    ⏳ Turnstile detectado — esperando resolución automática...
2026-04-11 04:41:59,302 [INFO]    ✅ Turnstile resuelto
2026-04-11 04:42:10,434 [INFO]    ⏳ Turnstile detectado — esperando resolución automática...
2026-04-11 04:42:10,454 [INFO]    ✅ Turnstile resuelto
2026-04-11 04:42:20,478 [INFO]    ⏳ Turnstile detectado — esperando resolución automática...
2026-04-11 04:42:20,497 [INFO]    ✅ Turnstile resuelto
2026-04-11 04:42:31,029 [INFO]    ⏳ Turnstile detectado — esperando resolución automática...
2026-04-11 04:42:31,047 [INFO]    ✅ Turnstile resuelto
2026-04-11 04:42:41,878 [INFO]    ⏳ Turnstile detectado — esperando resolución automática...
2026-04-11 04:42:41,897 [INFO]    ✅ Turnstile resuelto
2026-04-11 04:42:52,531 [INFO]    ⏳ Turnstile detectado — esperando resolución automática...
2026-04-11 04:42:52,548 [INFO]    ✅ Turnstile resuelto
2026-04-11 04:43:02,671 [INFO]    ⏳ Turnstile detectado — esperando resolución automática...
2026-04-11 04:43:02,688 [INFO]    ✅ Turnstile resuelto
2026-04-11 04:43:14,745 [INFO]    ⏳ Turnstile detectado — esperando resolución automática...
2026-04-11 04:43:14,762 [INFO]    ✅ Turnstile resuelto
2026-04-11 04:43:25,091 [INFO]    ⏳ Turnstile detectado — esperando resolución automática...
2026-04-11 04:43:25,110 [INFO]    ✅ Turnstile resuelto
2026-04-11 04:43:36,949 [INFO]    ⏳ Turnstile detectado — esperando resolución automática...
2026-04-11 04:43:36,975 [INFO]    ✅ Turnstile resuelto
2026-04-11 04:43:47,924 [INFO]    ⏳ Turnstile detectado — esperando resolución automática...
2026-04-11 04:43:47,943 [INFO]    ✅ Turnstile resuelto
2026-04-11 04:43:58,205 [INFO]    ⏳ Turnstile detectado — esperando resolución automática...
2026-04-11 04:43:58,224 [INFO]    ✅ Turnstile resuelto
2026-04-11 04:44:09,840 [INFO]    ⏳ Turnstile detectado — esperando resolución automática...
2026-04-11 04:44:09,864 [INFO]    ✅ Turnstile resuelto
2026-04-11 04:44:21,987 [INFO]    ⏳ Turnstile detectado — esperando resolución automática...
2026-04-11 04:44:22,007 [INFO]    ✅ Turnstile resuelto
2026-04-11 04:44:33,202 [INFO]    ⏳ Turnstile detectado — esperando resolución automática...
2026-04-11 04:44:33,223 [INFO]    ✅ Turnstile resuelto
2026-04-11 04:44:43,226 [INFO]    ⏳ Turnstile detectado — esperando resolución automática...
2026-04-11 04:44:43,245 [INFO]    ✅ Turnstile resuelto
2026-04-11 04:44:46,814 [INFO]    Página 3/5 → https://www.opcionempleo.com.ar/trabajo-ingeniero-industrial.html?p=3
2026-04-11 04:44:56,735 [INFO]    ⏳ Turnstile detectado — esperando resolución automática...
2026-04-11 04:44:56,755 [INFO]    ✅ Turnstile resuelto
2026-04-11 04:45:01,294 [INFO]    → 19 ofertas encontradas
2026-04-11 04:45:07,601 [INFO]    ⏳ Turnstile detectado — esperando resolución automática...
2026-04-11 04:45:07,651 [INFO]    ✅ Turnstile resuelto
2026-04-11 04:45:18,633 [INFO]    ⏳ Turnstile detectado — esperando resolución automática...
2026-04-11 04:45:18,654 [INFO]    ✅ Turnstile resuelto
2026-04-11 04:45:29,822 [INFO]    ⏳ Turnstile detectado — esperando resolución automática...
2026-04-11 04:45:29,840 [INFO]    ✅ Turnstile resuelto
2026-04-11 04:45:42,009 [INFO]    ⏳ Turnstile detectado — esperando resolución automática...
2026-04-11 04:45:42,026 [INFO]    ✅ Turnstile resuelto
2026-04-11 04:45:52,139 [INFO]    ⏳ Turnstile detectado — esperando resolución automática...
2026-04-11 04:45:52,157 [INFO]    ✅ Turnstile resuelto
2026-04-11 04:46:03,540 [INFO]    ⏳ Turnstile detectado — esperando resolución automática...
2026-04-11 04:46:03,559 [INFO]    ✅ Turnstile resuelto
2026-04-11 04:46:14,264 [INFO]    ⏳ Turnstile detectado — esperando resolución automática...
2026-04-11 04:46:14,280 [INFO]    ✅ Turnstile resuelto
2026-04-11 04:46:24,195 [INFO]    ⏳ Turnstile detectado — esperando resolución automática...
2026-04-11 04:46:24,213 [INFO]    ✅ Turnstile resuelto
2026-04-11 04:46:35,357 [INFO]    ⏳ Turnstile detectado — esperando resolución automática...
2026-04-11 04:46:35,377 [INFO]    ✅ Turnstile resuelto
2026-04-11 04:46:45,795 [INFO]    ⏳ Turnstile detectado — esperando resolución automática...
2026-04-11 04:46:45,813 [INFO]    ✅ Turnstile resuelto
2026-04-11 04:46:57,781 [INFO]    ⏳ Turnstile detectado — esperando resolución automática...
2026-04-11 04:46:57,799 [INFO]    ✅ Turnstile resuelto
2026-04-11 04:47:08,735 [INFO]    ⏳ Turnstile detectado — esperando resolución automática...
2026-04-11 04:47:08,753 [INFO]    ✅ Turnstile resuelto
2026-04-11 04:47:19,083 [INFO]    ⏳ Turnstile detectado — esperando resolución automática...
2026-04-11 04:47:19,104 [INFO]    ✅ Turnstile resuelto
2026-04-11 04:47:30,240 [INFO]    ⏳ Turnstile detectado — esperando resolución automática...
2026-04-11 04:47:30,258 [INFO]    ✅ Turnstile resuelto
2026-04-11 04:47:41,913 [INFO]    ⏳ Turnstile detectado — esperando resolución automática...
2026-04-11 04:47:41,934 [INFO]    ✅ Turnstile resuelto
2026-04-11 04:47:53,840 [INFO]    ⏳ Turnstile detectado — esperando resolución automática...
2026-04-11 04:47:53,860 [INFO]    ✅ Turnstile resuelto
2026-04-11 04:48:04,225 [INFO]    ⏳ Turnstile detectado — esperando resolución automática...
2026-04-11 04:48:04,243 [INFO]    ✅ Turnstile resuelto
2026-04-11 04:48:15,605 [INFO]    ⏳ Turnstile detectado — esperando resolución automática...
2026-04-11 04:48:15,624 [INFO]    ✅ Turnstile resuelto
2026-04-11 04:48:26,560 [INFO]    ⏳ Turnstile detectado — esperando resolución automática...
2026-04-11 04:48:26,580 [INFO]    ✅ Turnstile resuelto
2026-04-11 04:48:30,532 [INFO]    Página 4/5 → https://www.opcionempleo.com.ar/trabajo-ingeniero-industrial.html?p=4
2026-04-11 04:48:39,452 [INFO]    ⏳ Turnstile detectado — esperando resolución automática...
2026-04-11 04:48:39,516 [INFO]    ✅ Turnstile resuelto
2026-04-11 04:48:43,476 [INFO]    → 20 ofertas encontradas
2026-04-11 04:48:49,595 [INFO]    ⏳ Turnstile detectado — esperando resolución automática...
2026-04-11 04:48:49,615 [INFO]    ✅ Turnstile resuelto
2026-04-11 04:48:59,631 [INFO]    ⏳ Turnstile detectado — esperando resolución automática...
2026-04-11 04:48:59,651 [INFO]    ✅ Turnstile resuelto
2026-04-11 04:49:10,071 [INFO]    ⏳ Turnstile detectado — esperando resolución automática...
2026-04-11 04:49:10,089 [INFO]    ✅ Turnstile resuelto
2026-04-11 04:49:22,537 [INFO]    ⏳ Turnstile detectado — esperando resolución automática...
2026-04-11 04:49:22,553 [INFO]    ✅ Turnstile resuelto
2026-04-11 04:49:32,681 [INFO]    ⏳ Turnstile detectado — esperando resolución automática...
2026-04-11 04:49:32,702 [INFO]    ✅ Turnstile resuelto
2026-04-11 04:49:44,382 [INFO]    ⏳ Turnstile detectado — esperando resolución automática...
2026-04-11 04:49:44,399 [INFO]    ✅ Turnstile resuelto
2026-04-11 04:49:56,059 [INFO]    ⏳ Turnstile detectado — esperando resolución automática...
2026-04-11 04:49:56,078 [INFO]    ✅ Turnstile resuelto
2026-04-11 04:50:07,011 [INFO]    ⏳ Turnstile detectado — esperando resolución automática...
2026-04-11 04:50:07,030 [INFO]    ✅ Turnstile resuelto
2026-04-11 04:50:18,271 [INFO]    ⏳ Turnstile detectado — esperando resolución automática...
2026-04-11 04:50:18,291 [INFO]    ✅ Turnstile resuelto
2026-04-11 04:50:28,616 [INFO]    ⏳ Turnstile detectado — esperando resolución automática...
2026-04-11 04:50:28,634 [INFO]    ✅ Turnstile resuelto
2026-04-11 04:50:38,511 [INFO]    ⏳ Turnstile detectado — esperando resolución automática...
2026-04-11 04:50:38,529 [INFO]    ✅ Turnstile resuelto
2026-04-11 04:50:50,536 [INFO]    ⏳ Turnstile detectado — esperando resolución automática...
2026-04-11 04:50:50,553 [INFO]    ✅ Turnstile resuelto
2026-04-11 04:51:01,900 [INFO]    ⏳ Turnstile detectado — esperando resolución automática...
2026-04-11 04:51:01,919 [INFO]    ✅ Turnstile resuelto
2026-04-11 04:51:13,032 [INFO]    ⏳ Turnstile detectado — esperando resolución automática...
2026-04-11 04:51:13,052 [INFO]    ✅ Turnstile resuelto
2026-04-11 04:51:22,892 [INFO]    ⏳ Turnstile detectado — esperando resolución automática...
2026-04-11 04:51:22,912 [INFO]    ✅ Turnstile resuelto
2026-04-11 04:51:33,495 [INFO]    ⏳ Turnstile detectado — esperando resolución automática...
2026-04-11 04:51:33,514 [INFO]    ✅ Turnstile resuelto
2026-04-11 04:51:43,904 [INFO]    ⏳ Turnstile detectado — esperando resolución automática...
2026-04-11 04:51:43,943 [INFO]    ✅ Turnstile resuelto
2026-04-11 04:51:54,635 [INFO]    ⏳ Turnstile detectado — esperando resolución automática...
2026-04-11 04:51:54,659 [INFO]    ✅ Turnstile resuelto
2026-04-11 04:52:05,797 [INFO]    ⏳ Turnstile detectado — esperando resolución automática...
2026-04-11 04:52:05,845 [INFO]    ✅ Turnstile resuelto
2026-04-11 04:52:17,677 [INFO]    ⏳ Turnstile detectado — esperando resolución automática...
2026-04-11 04:52:17,700 [INFO]    ✅ Turnstile resuelto
2026-04-11 04:52:21,318 [INFO]    Página 5/5 → https://www.opcionempleo.com.ar/trabajo-ingeniero-industrial.html?p=5
2026-04-11 04:52:30,462 [INFO]    ⏳ Turnstile detectado — esperando resolución automática...
2026-04-11 04:52:30,480 [INFO]    ✅ Turnstile resuelto
2026-04-11 04:52:34,403 [INFO]    → 20 ofertas encontradas
2026-04-11 04:52:41,735 [INFO]    ⏳ Turnstile detectado — esperando resolución automática...
2026-04-11 04:52:41,754 [INFO]    ✅ Turnstile resuelto
2026-04-11 04:52:51,722 [INFO]    ⏳ Turnstile detectado — esperando resolución automática...
2026-04-11 04:52:51,739 [INFO]    ✅ Turnstile resuelto
2026-04-11 04:53:03,362 [INFO]    ⏳ Turnstile detectado — esperando resolución automática...
2026-04-11 04:53:03,413 [INFO]    ✅ Turnstile resuelto
2026-04-11 04:53:14,194 [INFO]    ⏳ Turnstile detectado — esperando resolución automática...
2026-04-11 04:53:14,212 [INFO]    ✅ Turnstile resuelto
2026-04-11 04:53:25,072 [INFO]    ⏳ Turnstile detectado — esperando resolución automática...
2026-04-11 04:53:25,091 [INFO]    ✅ Turnstile resuelto
2026-04-11 04:53:37,336 [INFO]    ⏳ Turnstile detectado — esperando resolución automática...
2026-04-11 04:53:37,356 [INFO]    ✅ Turnstile resuelto
2026-04-11 04:53:47,580 [INFO]    ⏳ Turnstile detectado — esperando resolución automática...
2026-04-11 04:53:47,601 [INFO]    ✅ Turnstile resuelto
2026-04-11 04:53:57,920 [INFO]    ⏳ Turnstile detectado — esperando resolución automática...
2026-04-11 04:53:57,940 [INFO]    ✅ Turnstile resuelto
2026-04-11 04:54:10,005 [INFO]    ⏳ Turnstile detectado — esperando resolución automática...
2026-04-11 04:54:10,024 [INFO]    ✅ Turnstile resuelto
2026-04-11 04:54:20,961 [INFO]    ⏳ Turnstile detectado — esperando resolución automática...
2026-04-11 04:54:20,983 [INFO]    ✅ Turnstile resuelto
2026-04-11 04:54:30,394 [INFO]    ⏳ Turnstile detectado — esperando resolución automática...
2026-04-11 04:54:30,412 [INFO]    ✅ Turnstile resuelto
2026-04-11 04:54:41,305 [INFO]    ⏳ Turnstile detectado — esperando resolución automática...
2026-04-11 04:54:41,324 [INFO]    ✅ Turnstile resuelto
2026-04-11 04:54:51,783 [INFO]    ⏳ Turnstile detectado — esperando resolución automática...
2026-04-11 04:54:51,804 [INFO]    ✅ Turnstile resuelto
2026-04-11 04:55:02,024 [INFO]    ⏳ Turnstile detectado — esperando resolución automática...
2026-04-11 04:55:02,041 [INFO]    ✅ Turnstile resuelto
2026-04-11 04:55:13,288 [INFO]    ⏳ Turnstile detectado — esperando resolución automática...
2026-04-11 04:55:13,306 [INFO]    ✅ Turnstile resuelto
2026-04-11 04:55:23,408 [INFO]    ⏳ Turnstile detectado — esperando resolución automática...
2026-04-11 04:55:23,463 [INFO]    ✅ Turnstile resuelto
2026-04-11 04:55:35,103 [INFO]    ⏳ Turnstile detectado — esperando resolución automática...
2026-04-11 04:55:35,150 [INFO]    ✅ Turnstile resuelto
2026-04-11 04:55:44,807 [INFO]    ⏳ Turnstile detectado — esperando resolución automática...
2026-04-11 04:55:44,827 [INFO]    ✅ Turnstile resuelto
2026-04-11 04:55:56,808 [INFO]    ⏳ Turnstile detectado — esperando resolución automática...
2026-04-11 04:55:56,828 [INFO]    ✅ Turnstile resuelto
2026-04-11 04:56:07,453 [INFO]    ⏳ Turnstile detectado — esperando resolución automática...
2026-04-11 04:56:07,476 [INFO]    ✅ Turnstile resuelto
2026-04-11 04:56:11,277 [INFO] Exportadas 99 ofertas → /media/carlos-a-cicconi/Common1/Repositorios-Ing.Carlos-Cicconi/Trabajo_Final_MCD/data/raw/opcionempleo_20260411.csv
2026-04-11 04:56:11,277 [INFO] ✅ 'Ingeniero Industrial': 99 ofertas guardadas
2026-04-11 04:56:11,277 [INFO]    💤 Pausa: 8.4s
2026-04-11 04:56:19,672 [INFO] 
🔍 Buscando: 'Finanzas / CAPEX'
2026-04-11 04:56:19,673 [INFO]    Página 1/5 → https://www.opcionempleo.com.ar/trabajo-finanzas.html
2026-04-11 04:56:28,421 [INFO]    ⏳ Turnstile detectado — esperando resolución automática...
2026-04-11 04:56:28,443 [INFO]    ✅ Turnstile resuelto
2026-04-11 04:56:32,256 [INFO]    → 18 ofertas encontradas
2026-04-11 04:56:40,129 [INFO]    ⏳ Turnstile detectado — esperando resolución automática...
2026-04-11 04:56:40,146 [INFO]    ✅ Turnstile resuelto
2026-04-11 04:56:51,170 [INFO]    ⏳ Turnstile detectado — esperando resolución automática...
2026-04-11 04:56:51,187 [INFO]    ✅ Turnstile resuelto
2026-04-11 04:57:02,649 [INFO]    ⏳ Turnstile detectado — esperando resolución automática...
2026-04-11 04:57:02,667 [INFO]    ✅ Turnstile resuelto
2026-04-11 04:57:12,989 [INFO]    ⏳ Turnstile detectado — esperando resolución automática...
2026-04-11 04:57:13,028 [INFO]    ✅ Turnstile resuelto
2026-04-11 04:57:22,614 [INFO]    ⏳ Turnstile detectado — esperando resolución automática...
2026-04-11 04:57:22,632 [INFO]    ✅ Turnstile resuelto
2026-04-11 04:57:32,733 [INFO]    ⏳ Turnstile detectado — esperando resolución automática...
2026-04-11 04:57:32,751 [INFO]    ✅ Turnstile resuelto
2026-04-11 04:57:43,605 [INFO]    ⏳ Turnstile detectado — esperando resolución automática...
2026-04-11 04:57:43,624 [INFO]    ✅ Turnstile resuelto
2026-04-11 04:57:55,283 [INFO]    ⏳ Turnstile detectado — esperando resolución automática...
2026-04-11 04:57:55,302 [INFO]    ✅ Turnstile resuelto
2026-04-11 04:58:05,369 [INFO]    ⏳ Turnstile detectado — esperando resolución automática...
2026-04-11 04:58:05,390 [INFO]    ✅ Turnstile resuelto
2026-04-11 04:58:16,072 [INFO]    ⏳ Turnstile detectado — esperando resolución automática...
2026-04-11 04:58:16,090 [INFO]    ✅ Turnstile resuelto
2026-04-11 04:58:27,948 [INFO]    ⏳ Turnstile detectado — esperando resolución automática...
2026-04-11 04:58:27,965 [INFO]    ✅ Turnstile resuelto
2026-04-11 04:58:39,316 [INFO]    ⏳ Turnstile detectado — esperando resolución automática...
2026-04-11 04:58:39,352 [INFO]    ✅ Turnstile resuelto
2026-04-11 04:58:49,861 [INFO]    ⏳ Turnstile detectado — esperando resolución automática...
2026-04-11 04:58:49,879 [INFO]    ✅ Turnstile resuelto
2026-04-11 04:59:02,048 [INFO]    ⏳ Turnstile detectado — esperando resolución automática...
2026-04-11 04:59:02,099 [INFO]    ✅ Turnstile resuelto
2026-04-11 04:59:14,038 [INFO]    ⏳ Turnstile detectado — esperando resolución automática...
2026-04-11 04:59:14,057 [INFO]    ✅ Turnstile resuelto
2026-04-11 04:59:24,383 [INFO]    ⏳ Turnstile detectado — esperando resolución automática...
2026-04-11 04:59:24,402 [INFO]    ✅ Turnstile resuelto
2026-04-11 04:59:35,441 [INFO]    ⏳ Turnstile detectado — esperando resolución automática...
2026-04-11 04:59:35,458 [INFO]    ✅ Turnstile resuelto
2026-04-11 04:59:46,306 [INFO]    ⏳ Turnstile detectado — esperando resolución automática...
2026-04-11 04:59:46,323 [INFO]    ✅ Turnstile resuelto
2026-04-11 04:59:50,385 [INFO]    Página 2/5 → https://www.opcionempleo.com.ar/trabajo-finanzas.html?p=2
2026-04-11 04:59:58,689 [INFO]    ⏳ Turnstile detectado — esperando resolución automática...
2026-04-11 04:59:58,710 [INFO]    ✅ Turnstile resuelto
2026-04-11 05:00:02,380 [INFO]    → 18 ofertas encontradas
2026-04-11 05:00:09,146 [INFO]    ⏳ Turnstile detectado — esperando resolución automática...
2026-04-11 05:00:09,167 [INFO]    ✅ Turnstile resuelto
2026-04-11 05:00:20,594 [INFO]    ⏳ Turnstile detectado — esperando resolución automática...
2026-04-11 05:00:20,612 [INFO]    ✅ Turnstile resuelto
2026-04-11 05:00:31,678 [INFO]    ⏳ Turnstile detectado — esperando resolución automática...
2026-04-11 05:00:31,696 [INFO]    ✅ Turnstile resuelto
2026-04-11 05:00:42,640 [INFO]    ⏳ Turnstile detectado — esperando resolución automática...
2026-04-11 05:00:42,683 [INFO]    ✅ Turnstile resuelto
2026-04-11 05:00:54,206 [INFO]    ⏳ Turnstile detectado — esperando resolución automática...
2026-04-11 05:00:54,223 [INFO]    ✅ Turnstile resuelto
2026-04-11 05:01:04,345 [INFO]    ⏳ Turnstile detectado — esperando resolución automática...
2026-04-11 05:01:04,363 [INFO]    ✅ Turnstile resuelto
2026-04-11 05:01:15,303 [INFO]    ⏳ Turnstile detectado — esperando resolución automática...
2026-04-11 05:01:15,323 [INFO]    ✅ Turnstile resuelto
2026-04-11 05:01:26,260 [INFO]    ⏳ Turnstile detectado — esperando resolución automática...
2026-04-11 05:01:26,280 [INFO]    ✅ Turnstile resuelto
2026-04-11 05:01:37,629 [INFO]    ⏳ Turnstile detectado — esperando resolución automática...
2026-04-11 05:01:37,649 [INFO]    ✅ Turnstile resuelto
2026-04-11 05:01:49,350 [INFO]    ⏳ Turnstile detectado — esperando resolución automática...
2026-04-11 05:01:49,368 [INFO]    ✅ Turnstile resuelto
2026-04-11 05:02:01,573 [INFO]    ⏳ Turnstile detectado — esperando resolución automática...
2026-04-11 05:02:01,590 [INFO]    ✅ Turnstile resuelto
2026-04-11 05:02:13,272 [INFO]    ⏳ Turnstile detectado — esperando resolución automática...
2026-04-11 05:02:13,290 [INFO]    ✅ Turnstile resuelto
2026-04-11 05:02:23,308 [INFO]    ⏳ Turnstile detectado — esperando resolución automática...
2026-04-11 05:02:23,327 [INFO]    ✅ Turnstile resuelto
2026-04-11 05:02:34,067 [INFO]    ⏳ Turnstile detectado — esperando resolución automática...
2026-04-11 05:02:34,087 [INFO]    ✅ Turnstile resuelto
2026-04-11 05:02:44,508 [INFO]    ⏳ Turnstile detectado — esperando resolución automática...
2026-04-11 05:02:44,558 [INFO]    ✅ Turnstile resuelto
2026-04-11 05:02:54,924 [INFO]    ⏳ Turnstile detectado — esperando resolución automática...
2026-04-11 05:02:54,949 [INFO]    ✅ Turnstile resuelto
2026-04-11 05:03:05,248 [INFO]    ⏳ Turnstile detectado — esperando resolución automática...
2026-04-11 05:03:05,265 [INFO]    ✅ Turnstile resuelto
2026-04-11 05:03:16,460 [INFO]    ⏳ Turnstile detectado — esperando resolución automática...
2026-04-11 05:03:16,480 [INFO]    ✅ Turnstile resuelto
2026-04-11 05:03:20,284 [INFO]    Página 3/5 → https://www.opcionempleo.com.ar/trabajo-finanzas.html?p=3
2026-04-11 05:03:28,238 [INFO]    ⏳ Turnstile detectado — esperando resolución automática...
2026-04-11 05:03:28,257 [INFO]    ✅ Turnstile resuelto
2026-04-11 05:03:32,316 [INFO]    → 20 ofertas encontradas
2026-04-11 05:03:40,158 [INFO]    ⏳ Turnstile detectado — esperando resolución automática...
2026-04-11 05:03:40,177 [INFO]    ✅ Turnstile resuelto
2026-04-11 05:03:52,001 [INFO]    ⏳ Turnstile detectado — esperando resolución automática...
2026-04-11 05:03:52,021 [INFO]    ✅ Turnstile resuelto
2026-04-11 05:04:03,474 [INFO]    ⏳ Turnstile detectado — esperando resolución automática...
2026-04-11 05:04:03,494 [INFO]    ✅ Turnstile resuelto
2026-04-11 05:04:13,655 [INFO]    ⏳ Turnstile detectado — esperando resolución automática...
2026-04-11 05:04:13,675 [INFO]    ✅ Turnstile resuelto
2026-04-11 05:04:23,645 [INFO]    ⏳ Turnstile detectado — esperando resolución automática...
2026-04-11 05:04:23,664 [INFO]    ✅ Turnstile resuelto
2026-04-11 05:04:35,728 [INFO]    ⏳ Turnstile detectado — esperando resolución automática...
2026-04-11 05:04:35,749 [INFO]    ✅ Turnstile resuelto
2026-04-11 05:04:47,753 [INFO]    ⏳ Turnstile detectado — esperando resolución automática...
2026-04-11 05:04:47,794 [INFO]    ✅ Turnstile resuelto
2026-04-11 05:04:58,883 [INFO]    ⏳ Turnstile detectado — esperando resolución automática...
2026-04-11 05:04:58,900 [INFO]    ✅ Turnstile resuelto
2026-04-11 05:05:09,222 [INFO]    ⏳ Turnstile detectado — esperando resolución automática...
2026-04-11 05:05:09,240 [INFO]    ✅ Turnstile resuelto
2026-04-11 05:05:19,045 [INFO]    ⏳ Turnstile detectado — esperando resolución automática...
2026-04-11 05:05:19,064 [INFO]    ✅ Turnstile resuelto
2026-04-11 05:05:29,906 [INFO]    ⏳ Turnstile detectado — esperando resolución automática...
2026-04-11 05:05:29,925 [INFO]    ✅ Turnstile resuelto
2026-04-11 05:05:41,172 [INFO]    ⏳ Turnstile detectado — esperando resolución automática...
2026-04-11 05:05:41,191 [INFO]    ✅ Turnstile resuelto
2026-04-11 05:05:51,499 [INFO]    ⏳ Turnstile detectado — esperando resolución automática...
2026-04-11 05:05:51,519 [INFO]    ✅ Turnstile resuelto
2026-04-11 05:06:03,897 [INFO]    ⏳ Turnstile detectado — esperando resolución automática...
2026-04-11 05:06:03,914 [INFO]    ✅ Turnstile resuelto
2026-04-11 05:06:14,042 [INFO]    ⏳ Turnstile detectado — esperando resolución automática...
2026-04-11 05:06:14,064 [INFO]    ✅ Turnstile resuelto
2026-04-11 05:06:25,824 [INFO]    ⏳ Turnstile detectado — esperando resolución automática...
2026-04-11 05:06:25,843 [INFO]    ✅ Turnstile resuelto
2026-04-11 05:06:37,191 [INFO]    ⏳ Turnstile detectado — esperando resolución automática...
2026-04-11 05:06:37,211 [INFO]    ✅ Turnstile resuelto
2026-04-11 05:06:48,757 [INFO]    ⏳ Turnstile detectado — esperando resolución automática...
2026-04-11 05:06:48,776 [INFO]    ✅ Turnstile resuelto
2026-04-11 05:06:58,490 [INFO]    ⏳ Turnstile detectado — esperando resolución automática...
2026-04-11 05:06:58,508 [INFO]    ✅ Turnstile resuelto
2026-04-11 05:07:10,265 [INFO]    ⏳ Turnstile detectado — esperando resolución automática...
2026-04-11 05:07:10,284 [INFO]    ✅ Turnstile resuelto
2026-04-11 05:07:13,477 [INFO]    Página 4/5 → https://www.opcionempleo.com.ar/trabajo-finanzas.html?p=4
2026-04-11 05:07:23,785 [INFO]    ⏳ Turnstile detectado — esperando resolución automática...
2026-04-11 05:07:23,805 [INFO]    ✅ Turnstile resuelto
2026-04-11 05:07:27,852 [INFO]    → 20 ofertas encontradas
2026-04-11 05:07:36,274 [INFO]    ⏳ Turnstile detectado — esperando resolución automática...
2026-04-11 05:07:36,293 [INFO]    ✅ Turnstile resuelto
2026-04-11 05:07:47,357 [INFO]    ⏳ Turnstile detectado — esperando resolución automática...
2026-04-11 05:07:47,375 [INFO]    ✅ Turnstile resuelto
2026-04-11 05:07:57,783 [INFO]    ⏳ Turnstile detectado — esperando resolución automática...
2026-04-11 05:07:57,804 [INFO]    ✅ Turnstile resuelto
2026-04-11 05:08:07,508 [INFO]    ⏳ Turnstile detectado — esperando resolución automática...
2026-04-11 05:08:07,527 [INFO]    ✅ Turnstile resuelto
2026-04-11 05:08:18,061 [INFO]    ⏳ Turnstile detectado — esperando resolución automática...
2026-04-11 05:08:18,081 [INFO]    ✅ Turnstile resuelto
2026-04-11 05:08:29,012 [INFO]    ⏳ Turnstile detectado — esperando resolución automática...
2026-04-11 05:08:29,032 [INFO]    ✅ Turnstile resuelto
2026-04-11 05:08:39,203 [INFO]    ⏳ Turnstile detectado — esperando resolución automática...
2026-04-11 05:08:39,221 [INFO]    ✅ Turnstile resuelto
2026-04-11 05:08:48,978 [INFO]    ⏳ Turnstile detectado — esperando resolución automática...
2026-04-11 05:08:48,998 [INFO]    ✅ Turnstile resuelto
2026-04-11 05:08:59,741 [INFO]    ⏳ Turnstile detectado — esperando resolución automática...
2026-04-11 05:08:59,758 [INFO]    ✅ Turnstile resuelto
2026-04-11 05:09:10,390 [INFO]    ⏳ Turnstile detectado — esperando resolución automática...
2026-04-11 05:09:10,430 [INFO]    ✅ Turnstile resuelto
2026-04-11 05:09:20,837 [INFO]    ⏳ Turnstile detectado — esperando resolución automática...
2026-04-11 05:09:20,858 [INFO]    ✅ Turnstile resuelto
2026-04-11 05:09:30,766 [INFO]    ⏳ Turnstile detectado — esperando resolución automática...
2026-04-11 05:09:30,785 [INFO]    ✅ Turnstile resuelto
2026-04-11 05:09:41,723 [INFO]    ⏳ Turnstile detectado — esperando resolución automática...
2026-04-11 05:09:41,747 [INFO]    ✅ Turnstile resuelto
2026-04-11 05:09:51,867 [INFO]    ⏳ Turnstile detectado — esperando resolución automática...
2026-04-11 05:09:51,885 [INFO]    ✅ Turnstile resuelto
2026-04-11 05:10:02,199 [INFO]    ⏳ Turnstile detectado — esperando resolución automática...
2026-04-11 05:10:02,218 [INFO]    ✅ Turnstile resuelto
2026-04-11 05:10:13,567 [INFO]    ⏳ Turnstile detectado — esperando resolución automática...
2026-04-11 05:10:13,586 [INFO]    ✅ Turnstile resuelto
2026-04-11 05:10:25,005 [INFO]    ⏳ Turnstile detectado — esperando resolución automática...
2026-04-11 05:10:25,080 [INFO]    ✅ Turnstile resuelto
2026-04-11 05:10:37,231 [INFO]    ⏳ Turnstile detectado — esperando resolución automática...
2026-04-11 05:10:37,250 [INFO]    ✅ Turnstile resuelto
2026-04-11 05:10:48,601 [INFO]    ⏳ Turnstile detectado — esperando resolución automática...
2026-04-11 05:10:48,619 [INFO]    ✅ Turnstile resuelto
2026-04-11 05:10:59,040 [INFO]    ⏳ Turnstile detectado — esperando resolución automática...
2026-04-11 05:10:59,058 [INFO]    ✅ Turnstile resuelto
2026-04-11 05:11:02,348 [INFO]    Página 5/5 → https://www.opcionempleo.com.ar/trabajo-finanzas.html?p=5
2026-04-11 05:11:11,428 [INFO]    ⏳ Turnstile detectado — esperando resolución automática...
2026-04-11 05:11:11,449 [INFO]    ✅ Turnstile resuelto
2026-04-11 05:11:15,121 [INFO]    → 20 ofertas encontradas
2026-04-11 05:11:22,552 [INFO]    ⏳ Turnstile detectado — esperando resolución automática...
2026-04-11 05:11:22,577 [INFO]    ✅ Turnstile resuelto
2026-04-11 05:11:33,753 [INFO]    ⏳ Turnstile detectado — esperando resolución automática...
2026-04-11 05:11:33,776 [INFO]    ✅ Turnstile resuelto
2026-04-11 05:11:45,024 [INFO]    ⏳ Turnstile detectado — esperando resolución automática...
2026-04-11 05:11:45,046 [INFO]    ✅ Turnstile resuelto
2026-04-11 05:11:55,506 [INFO]    ⏳ Turnstile detectado — esperando resolución automática...
2026-04-11 05:11:55,526 [INFO]    ✅ Turnstile resuelto
2026-04-11 05:12:06,831 [INFO]    ⏳ Turnstile detectado — esperando resolución automática...
2026-04-11 05:12:06,849 [INFO]    ✅ Turnstile resuelto
2026-04-11 05:12:18,807 [INFO]    ⏳ Turnstile detectado — esperando resolución automática...
2026-04-11 05:12:18,828 [INFO]    ✅ Turnstile resuelto
2026-04-11 05:12:30,704 [INFO]    ⏳ Turnstile detectado — esperando resolución automática...
2026-04-11 05:12:30,724 [INFO]    ✅ Turnstile resuelto
2026-04-11 05:12:42,571 [INFO]    ⏳ Turnstile detectado — esperando resolución automática...
2026-04-11 05:12:42,591 [INFO]    ✅ Turnstile resuelto
2026-04-11 05:12:53,988 [INFO]    ⏳ Turnstile detectado — esperando resolución automática...
2026-04-11 05:12:54,010 [INFO]    ✅ Turnstile resuelto
2026-04-11 05:13:05,299 [INFO]    ⏳ Turnstile detectado — esperando resolución automática...
2026-04-11 05:13:05,324 [INFO]    ✅ Turnstile resuelto
2026-04-11 05:13:16,160 [INFO]    ⏳ Turnstile detectado — esperando resolución automática...
2026-04-11 05:13:16,182 [INFO]    ✅ Turnstile resuelto
2026-04-11 05:13:26,098 [INFO]    ⏳ Turnstile detectado — esperando resolución automática...
2026-04-11 05:13:26,115 [INFO]    ✅ Turnstile resuelto
2026-04-11 05:13:37,354 [INFO]    ⏳ Turnstile detectado — esperando resolución automática...
2026-04-11 05:13:37,376 [INFO]    ✅ Turnstile resuelto
2026-04-11 05:13:48,615 [INFO]    ⏳ Turnstile detectado — esperando resolución automática...
2026-04-11 05:13:48,635 [INFO]    ✅ Turnstile resuelto
2026-04-11 05:13:59,761 [INFO]    ⏳ Turnstile detectado — esperando resolución automática...
2026-04-11 05:13:59,778 [INFO]    ✅ Turnstile resuelto
2026-04-11 05:14:11,356 [INFO]    ⏳ Turnstile detectado — esperando resolución automática...
2026-04-11 05:14:11,375 [INFO]    ✅ Turnstile resuelto
2026-04-11 05:14:22,414 [INFO]    ⏳ Turnstile detectado — esperando resolución automática...
2026-04-11 05:14:22,434 [INFO]    ✅ Turnstile resuelto
2026-04-11 05:14:33,066 [INFO]    ⏳ Turnstile detectado — esperando resolución automática...
2026-04-11 05:14:33,085 [INFO]    ✅ Turnstile resuelto
2026-04-11 05:14:45,053 [INFO]    ⏳ Turnstile detectado — esperando resolución automática...
2026-04-11 05:14:45,075 [INFO]    ✅ Turnstile resuelto
2026-04-11 05:14:55,188 [INFO]    ⏳ Turnstile detectado — esperando resolución automática...
2026-04-11 05:14:55,207 [INFO]    ✅ Turnstile resuelto
2026-04-11 05:14:59,093 [INFO] Exportadas 96 ofertas → /media/carlos-a-cicconi/Common1/Repositorios-Ing.Carlos-Cicconi/Trabajo_Final_MCD/data/raw/opcionempleo_20260411.csv
2026-04-11 05:14:59,093 [INFO] ✅ 'Finanzas / CAPEX': 96 ofertas guardadas
2026-04-11 05:14:59,093 [INFO]    💤 Pausa: 13.1s
2026-04-11 05:15:12,180 [INFO] 
🔍 Buscando: 'SAP'
2026-04-11 05:15:12,180 [INFO]    Página 1/5 → https://www.opcionempleo.com.ar/trabajo-sap.html
2026-04-11 05:15:19,766 [INFO]    ⏳ Turnstile detectado — esperando resolución automática...
2026-04-11 05:15:19,784 [INFO]    ✅ Turnstile resuelto
2026-04-11 05:15:23,833 [INFO]    → 4 ofertas encontradas
2026-04-11 05:15:30,312 [INFO]    ⏳ Turnstile detectado — esperando resolución automática...
2026-04-11 05:15:30,332 [INFO]    ✅ Turnstile resuelto
2026-04-11 05:15:41,471 [INFO]    ⏳ Turnstile detectado — esperando resolución automática...
2026-04-11 05:15:41,489 [INFO]    ✅ Turnstile resuelto
2026-04-11 05:15:53,356 [INFO]    ⏳ Turnstile detectado — esperando resolución automática...
2026-04-11 05:15:53,410 [INFO]    ✅ Turnstile resuelto
2026-04-11 05:16:03,593 [INFO]    ⏳ Turnstile detectado — esperando resolución automática...
2026-04-11 05:16:03,615 [INFO]    ✅ Turnstile resuelto
2026-04-11 05:16:07,051 [INFO]    Página 2/5 → https://www.opcionempleo.com.ar/trabajo-sap.html?p=2
2026-04-11 05:16:15,950 [INFO]    ⏳ Turnstile detectado — esperando resolución automática...
2026-04-11 05:16:15,974 [INFO]    ✅ Turnstile resuelto
2026-04-11 05:16:19,992 [INFO]    → 9 ofertas encontradas
2026-04-11 05:16:28,066 [INFO]    ⏳ Turnstile detectado — esperando resolución automática...
2026-04-11 05:16:28,102 [INFO]    ✅ Turnstile resuelto
2026-04-11 05:16:38,249 [INFO]    ⏳ Turnstile detectado — esperando resolución automática...
2026-04-11 05:16:38,273 [INFO]    ✅ Turnstile resuelto
2026-04-11 05:16:48,540 [INFO]    ⏳ Turnstile detectado — esperando resolución automática...
2026-04-11 05:16:48,559 [INFO]    ✅ Turnstile resuelto
2026-04-11 05:16:59,877 [INFO]    ⏳ Turnstile detectado — esperando resolución automática...
2026-04-11 05:16:59,924 [INFO]    ✅ Turnstile resuelto
2026-04-11 05:17:11,749 [INFO]    ⏳ Turnstile detectado — esperando resolución automática...
2026-04-11 05:17:11,767 [INFO]    ✅ Turnstile resuelto
2026-04-11 05:17:22,943 [INFO]    ⏳ Turnstile detectado — esperando resolución automática...
2026-04-11 05:17:22,962 [INFO]    ✅ Turnstile resuelto
2026-04-11 05:17:33,288 [INFO]    ⏳ Turnstile detectado — esperando resolución automática...
2026-04-11 05:17:33,308 [INFO]    ✅ Turnstile resuelto
2026-04-11 05:17:43,828 [INFO]    ⏳ Turnstile detectado — esperando resolución automática...
2026-04-11 05:17:43,848 [INFO]    ✅ Turnstile resuelto
2026-04-11 05:17:55,710 [INFO]    ⏳ Turnstile detectado — esperando resolución automática...
2026-04-11 05:17:55,731 [INFO]    ✅ Turnstile resuelto
2026-04-11 05:17:59,041 [INFO]    Página 3/5 → https://www.opcionempleo.com.ar/trabajo-sap.html?p=3
2026-04-11 05:18:08,609 [INFO]    ⏳ Turnstile detectado — esperando resolución automática...
2026-04-11 05:18:08,627 [INFO]    ✅ Turnstile resuelto
2026-04-11 05:18:12,337 [INFO]    → 8 ofertas encontradas
2026-04-11 05:18:19,058 [INFO]    ⏳ Turnstile detectado — esperando resolución automática...
2026-04-11 05:18:19,114 [INFO]    ✅ Turnstile resuelto
2026-04-11 05:18:30,728 [INFO]    ⏳ Turnstile detectado — esperando resolución automática...
2026-04-11 05:18:30,748 [INFO]    ✅ Turnstile resuelto
2026-04-11 05:18:40,866 [INFO]    ⏳ Turnstile detectado — esperando resolución automática...
2026-04-11 05:18:40,884 [INFO]    ✅ Turnstile resuelto
2026-04-11 05:18:51,620 [INFO]    ⏳ Turnstile detectado — esperando resolución automática...
2026-04-11 05:18:51,642 [INFO]    ✅ Turnstile resuelto
2026-04-11 05:19:02,981 [INFO]    ⏳ Turnstile detectado — esperando resolución automática...
2026-04-11 05:19:02,999 [INFO]    ✅ Turnstile resuelto
2026-04-11 05:19:14,350 [INFO]    ⏳ Turnstile detectado — esperando resolución automática...
2026-04-11 05:19:14,373 [INFO]    ✅ Turnstile resuelto
2026-04-11 05:19:25,511 [INFO]    ⏳ Turnstile detectado — esperando resolución automática...
2026-04-11 05:19:25,530 [INFO]    ✅ Turnstile resuelto
2026-04-11 05:19:36,568 [INFO]    ⏳ Turnstile detectado — esperando resolución automática...
2026-04-11 05:19:36,588 [INFO]    ✅ Turnstile resuelto
2026-04-11 05:19:40,196 [INFO]    Página 4/5 → https://www.opcionempleo.com.ar/trabajo-sap.html?p=4
2026-04-11 05:19:48,241 [INFO]    ⏳ Turnstile detectado — esperando resolución automática...
2026-04-11 05:19:48,261 [INFO]    ✅ Turnstile resuelto
2026-04-11 05:19:52,299 [INFO]    → 9 ofertas encontradas
2026-04-11 05:19:58,484 [INFO]    ⏳ Turnstile detectado — esperando resolución automática...
2026-04-11 05:19:58,539 [INFO]    ✅ Turnstile resuelto
2026-04-11 05:20:10,258 [INFO]    ⏳ Turnstile detectado — esperando resolución automática...
2026-04-11 05:20:10,278 [INFO]    ✅ Turnstile resuelto
2026-04-11 05:20:22,498 [INFO]    ⏳ Turnstile detectado — esperando resolución automática...
2026-04-11 05:20:22,515 [INFO]    ✅ Turnstile resuelto
2026-04-11 05:20:33,093 [INFO]    ⏳ Turnstile detectado — esperando resolución automática...
2026-04-11 05:20:33,118 [INFO]    ✅ Turnstile resuelto
2026-04-11 05:20:43,947 [INFO]    ⏳ Turnstile detectado — esperando resolución automática...
2026-04-11 05:20:43,965 [INFO]    ✅ Turnstile resuelto
2026-04-11 05:20:54,492 [INFO]    ⏳ Turnstile detectado — esperando resolución automática...
2026-04-11 05:20:54,510 [INFO]    ✅ Turnstile resuelto
2026-04-11 05:21:05,857 [INFO]    ⏳ Turnstile detectado — esperando resolución automática...
2026-04-11 05:21:05,876 [INFO]    ✅ Turnstile resuelto
2026-04-11 05:21:17,330 [INFO]    ⏳ Turnstile detectado — esperando resolución automática...
2026-04-11 05:21:17,348 [INFO]    ✅ Turnstile resuelto
2026-04-11 05:21:28,465 [INFO]    ⏳ Turnstile detectado — esperando resolución automática...
2026-04-11 05:21:28,493 [INFO]    ✅ Turnstile resuelto
2026-04-11 05:21:32,089 [INFO]    Página 5/5 → https://www.opcionempleo.com.ar/trabajo-sap.html?p=5
2026-04-11 05:21:40,157 [INFO]    ⏳ Turnstile detectado — esperando resolución automática...
2026-04-11 05:21:40,177 [INFO]    ✅ Turnstile resuelto
2026-04-11 05:21:44,317 [INFO]    → 10 ofertas encontradas
2026-04-11 05:21:51,740 [INFO]    ⏳ Turnstile detectado — esperando resolución automática...
2026-04-11 05:21:51,759 [INFO]    ✅ Turnstile resuelto
2026-04-11 05:22:02,286 [INFO]    ⏳ Turnstile detectado — esperando resolución automática...
2026-04-11 05:22:02,306 [INFO]    ✅ Turnstile resuelto
2026-04-11 05:22:12,318 [INFO]    ⏳ Turnstile detectado — esperando resolución automática...
2026-04-11 05:22:12,354 [INFO]    ✅ Turnstile resuelto
2026-04-11 05:22:22,762 [INFO]    ⏳ Turnstile detectado — esperando resolución automática...
2026-04-11 05:22:22,808 [INFO]    ✅ Turnstile resuelto
2026-04-11 05:22:33,520 [INFO]    ⏳ Turnstile detectado — esperando resolución automática...
2026-04-11 05:22:33,538 [INFO]    ✅ Turnstile resuelto
2026-04-11 05:22:43,657 [INFO]    ⏳ Turnstile detectado — esperando resolución automática...
2026-04-11 05:22:43,675 [INFO]    ✅ Turnstile resuelto
2026-04-11 05:22:55,122 [INFO]    ⏳ Turnstile detectado — esperando resolución automática...
2026-04-11 05:22:55,140 [INFO]    ✅ Turnstile resuelto
2026-04-11 05:23:05,194 [INFO]    ⏳ Turnstile detectado — esperando resolución automática...
2026-04-11 05:23:05,214 [INFO]    ✅ Turnstile resuelto
2026-04-11 05:23:15,907 [INFO]    ⏳ Turnstile detectado — esperando resolución automática...
2026-04-11 05:23:15,926 [INFO]    ✅ Turnstile resuelto
2026-04-11 05:23:26,972 [INFO]    ⏳ Turnstile detectado — esperando resolución automática...
2026-04-11 05:23:26,991 [INFO]    ✅ Turnstile resuelto
2026-04-11 05:23:30,491 [INFO] Exportadas 40 ofertas → /media/carlos-a-cicconi/Common1/Repositorios-Ing.Carlos-Cicconi/Trabajo_Final_MCD/data/raw/opcionempleo_20260411.csv
2026-04-11 05:23:30,491 [INFO] ✅ 'SAP': 40 ofertas guardadas
2026-04-11 05:23:30,491 [INFO]    💤 Pausa: 12.5s
2026-04-11 05:23:42,950 [INFO] 
🔍 Buscando: 'Excel / VBA'
2026-04-11 05:23:42,951 [INFO]    Página 1/5 → https://www.opcionempleo.com.ar/trabajo-excel.html
2026-04-11 05:23:52,058 [INFO]    ⏳ Turnstile detectado — esperando resolución automática...
2026-04-11 05:23:52,116 [INFO]    ✅ Turnstile resuelto
2026-04-11 05:23:56,495 [INFO]    → 20 ofertas encontradas
2026-04-11 05:24:03,114 [INFO]    ⏳ Turnstile detectado — esperando resolución automática...
2026-04-11 05:24:03,133 [INFO]    ✅ Turnstile resuelto
2026-04-11 05:24:13,151 [INFO]    ⏳ Turnstile detectado — esperando resolución automática...
2026-04-11 05:24:13,170 [INFO]    ✅ Turnstile resuelto
2026-04-11 05:24:24,504 [INFO]    ⏳ Turnstile detectado — esperando resolución automática...
2026-04-11 05:24:24,523 [INFO]    ✅ Turnstile resuelto
2026-04-11 05:24:34,567 [INFO]    ⏳ Turnstile detectado — esperando resolución automática...
2026-04-11 05:24:34,583 [INFO]    ✅ Turnstile resuelto
2026-04-11 05:24:46,636 [INFO]    ⏳ Turnstile detectado — esperando resolución automática...
2026-04-11 05:24:46,656 [INFO]    ✅ Turnstile resuelto
2026-04-11 05:24:56,158 [INFO]    ⏳ Turnstile detectado — esperando resolución automática...
2026-04-11 05:24:56,178 [INFO]    ✅ Turnstile resuelto
2026-04-11 05:25:08,351 [INFO]    ⏳ Turnstile detectado — esperando resolución automática...
2026-04-11 05:25:08,375 [INFO]    ✅ Turnstile resuelto
2026-04-11 05:25:18,276 [INFO]    ⏳ Turnstile detectado — esperando resolución automática...
2026-04-11 05:25:18,295 [INFO]    ✅ Turnstile resuelto
2026-04-11 05:25:28,313 [INFO]    ⏳ Turnstile detectado — esperando resolución automática...
2026-04-11 05:25:28,331 [INFO]    ✅ Turnstile resuelto
2026-04-11 05:25:39,472 [INFO]    ⏳ Turnstile detectado — esperando resolución automática...
2026-04-11 05:25:39,530 [INFO]    ✅ Turnstile resuelto
2026-04-11 05:25:50,632 [INFO]    ⏳ Turnstile detectado — esperando resolución automática...
2026-04-11 05:25:50,651 [INFO]    ✅ Turnstile resuelto
2026-04-11 05:26:02,087 [INFO]    ⏳ Turnstile detectado — esperando resolución automática...
2026-04-11 05:26:02,108 [INFO]    ✅ Turnstile resuelto
2026-04-11 05:26:14,231 [INFO]    ⏳ Turnstile detectado — esperando resolución automática...
2026-04-11 05:26:14,248 [INFO]    ✅ Turnstile resuelto
2026-04-11 05:26:24,322 [INFO]    ⏳ Turnstile detectado — esperando resolución automática...
2026-04-11 05:26:24,341 [INFO]    ✅ Turnstile resuelto
2026-04-11 05:26:35,534 [INFO]    ⏳ Turnstile detectado — esperando resolución automática...
2026-04-11 05:26:35,551 [INFO]    ✅ Turnstile resuelto
2026-04-11 05:26:47,567 [INFO]    ⏳ Turnstile detectado — esperando resolución automática...
2026-04-11 05:26:47,587 [INFO]    ✅ Turnstile resuelto
2026-04-11 05:26:59,236 [INFO]    ⏳ Turnstile detectado — esperando resolución automática...
2026-04-11 05:26:59,255 [INFO]    ✅ Turnstile resuelto
2026-04-11 05:27:09,273 [INFO]    ⏳ Turnstile detectado — esperando resolución automática...
2026-04-11 05:27:09,292 [INFO]    ✅ Turnstile resuelto
2026-04-11 05:27:20,636 [INFO]    ⏳ Turnstile detectado — esperando resolución automática...
2026-04-11 05:27:20,656 [INFO]    ✅ Turnstile resuelto
2026-04-11 05:27:33,132 [INFO]    ⏳ Turnstile detectado — esperando resolución automática...
2026-04-11 05:27:33,153 [INFO]    ✅ Turnstile resuelto
2026-04-11 05:27:36,588 [INFO]    Página 2/5 → https://www.opcionempleo.com.ar/trabajo-excel.html?p=2
2026-04-11 05:27:46,857 [INFO]    ⏳ Turnstile detectado — esperando resolución automática...
2026-04-11 05:27:46,903 [INFO]    ✅ Turnstile resuelto
2026-04-11 05:27:50,570 [INFO]    → 20 ofertas encontradas
2026-04-11 05:27:57,307 [INFO]    ⏳ Turnstile detectado — esperando resolución automática...
2026-04-11 05:27:57,329 [INFO]    ✅ Turnstile resuelto
2026-04-11 05:28:07,540 [INFO]    ⏳ Turnstile detectado — esperando resolución automática...
2026-04-11 05:28:07,569 [INFO]    ✅ Turnstile resuelto
2026-04-11 05:28:19,524 [INFO]    ⏳ Turnstile detectado — esperando resolución automática...
2026-04-11 05:28:19,542 [INFO]    ✅ Turnstile resuelto
2026-04-11 05:28:29,770 [INFO]    ⏳ Turnstile detectado — esperando resolución automática...
2026-04-11 05:28:29,787 [INFO]    ✅ Turnstile resuelto
2026-04-11 05:28:39,899 [INFO]    ⏳ Turnstile detectado — esperando resolución automática...
2026-04-11 05:28:39,918 [INFO]    ✅ Turnstile resuelto
2026-04-11 05:28:51,371 [INFO]    ⏳ Turnstile detectado — esperando resolución automática...
2026-04-11 05:28:51,391 [INFO]    ✅ Turnstile resuelto
2026-04-11 05:29:01,907 [INFO]    ⏳ Turnstile detectado — esperando resolución automática...
2026-04-11 05:29:01,924 [INFO]    ✅ Turnstile resuelto
2026-04-11 05:29:13,280 [INFO]    ⏳ Turnstile detectado — esperando resolución automática...
2026-04-11 05:29:13,301 [INFO]    ✅ Turnstile resuelto
2026-04-11 05:29:24,654 [INFO]    ⏳ Turnstile detectado — esperando resolución automática...
2026-04-11 05:29:24,689 [INFO]    ✅ Turnstile resuelto
2026-04-11 05:29:36,516 [INFO]    ⏳ Turnstile detectado — esperando resolución automática...
2026-04-11 05:29:36,535 [INFO]    ✅ Turnstile resuelto
2026-04-11 05:29:47,392 [INFO]    ⏳ Turnstile detectado — esperando resolución automática...
2026-04-11 05:29:47,411 [INFO]    ✅ Turnstile resuelto
2026-04-11 05:29:58,191 [INFO]    ⏳ Turnstile detectado — esperando resolución automática...
2026-04-11 05:29:58,208 [INFO]    ✅ Turnstile resuelto
2026-04-11 05:30:09,716 [INFO]    ⏳ Turnstile detectado — esperando resolución automática...
2026-04-11 05:30:09,734 [INFO]    ✅ Turnstile resuelto
2026-04-11 05:30:19,802 [INFO]    ⏳ Turnstile detectado — esperando resolución automática...
2026-04-11 05:30:19,820 [INFO]    ✅ Turnstile resuelto
2026-04-11 05:30:31,003 [INFO]    ⏳ Turnstile detectado — esperando resolución automática...
2026-04-11 05:30:31,023 [INFO]    ✅ Turnstile resuelto
2026-04-11 05:30:40,320 [INFO]    ⏳ Turnstile detectado — esperando resolución automática...
2026-04-11 05:30:40,338 [INFO]    ✅ Turnstile resuelto
2026-04-11 05:30:50,973 [INFO]    ⏳ Turnstile detectado — esperando resolución automática...
2026-04-11 05:30:50,991 [INFO]    ✅ Turnstile resuelto
2026-04-11 05:31:00,704 [INFO]    ⏳ Turnstile detectado — esperando resolución automática...
2026-04-11 05:31:00,722 [INFO]    ✅ Turnstile resuelto
2026-04-11 05:31:11,351 [INFO]    ⏳ Turnstile detectado — esperando resolución automática...
2026-04-11 05:31:11,368 [INFO]    ✅ Turnstile resuelto
2026-04-11 05:31:22,105 [INFO]    ⏳ Turnstile detectado — esperando resolución automática...
2026-04-11 05:31:22,123 [INFO]    ✅ Turnstile resuelto
2026-04-11 05:31:25,776 [INFO]    Página 3/5 → https://www.opcionempleo.com.ar/trabajo-excel.html?p=3
2026-04-11 05:31:35,615 [INFO]    ⏳ Turnstile detectado — esperando resolución automática...
2026-04-11 05:31:35,635 [INFO]    ✅ Turnstile resuelto
2026-04-11 05:31:39,641 [INFO]    → 16 ofertas encontradas
2026-04-11 05:31:45,938 [INFO]    ⏳ Turnstile detectado — esperando resolución automática...
2026-04-11 05:31:45,959 [INFO]    ✅ Turnstile resuelto
2026-04-11 05:31:56,349 [INFO]    ⏳ Turnstile detectado — esperando resolución automática...
2026-04-11 05:31:56,367 [INFO]    ✅ Turnstile resuelto
2026-04-11 05:32:06,139 [INFO]    ⏳ Turnstile detectado — esperando resolución automática...
2026-04-11 05:32:06,159 [INFO]    ✅ Turnstile resuelto
2026-04-11 05:32:18,083 [INFO]    ⏳ Turnstile detectado — esperando resolución automática...
2026-04-11 05:32:18,099 [INFO]    ✅ Turnstile resuelto
2026-04-11 05:32:29,688 [INFO]    ⏳ Turnstile detectado — esperando resolución automática...
2026-04-11 05:32:29,709 [INFO]    ✅ Turnstile resuelto
2026-04-11 05:32:40,949 [INFO]    ⏳ Turnstile detectado — esperando resolución automática...
2026-04-11 05:32:40,968 [INFO]    ✅ Turnstile resuelto
2026-04-11 05:32:50,682 [INFO]    ⏳ Turnstile detectado — esperando resolución automática...
2026-04-11 05:32:50,702 [INFO]    ✅ Turnstile resuelto
2026-04-11 05:33:01,520 [INFO]    ⏳ Turnstile detectado — esperando resolución automática...
2026-04-11 05:33:01,547 [INFO]    ✅ Turnstile resuelto
2026-04-11 05:33:12,084 [INFO]    ⏳ Turnstile detectado — esperando resolución automática...
2026-04-11 05:33:12,101 [INFO]    ✅ Turnstile resuelto
2026-04-11 05:33:22,040 [INFO]    ⏳ Turnstile detectado — esperando resolución automática...
2026-04-11 05:33:22,060 [INFO]    ✅ Turnstile resuelto
2026-04-11 05:33:31,991 [INFO]    ⏳ Turnstile detectado — esperando resolución automática...
2026-04-11 05:33:32,011 [INFO]    ✅ Turnstile resuelto
2026-04-11 05:33:42,901 [INFO]    ⏳ Turnstile detectado — esperando resolución automática...
2026-04-11 05:33:42,918 [INFO]    ✅ Turnstile resuelto
2026-04-11 05:33:54,634 [INFO]    ⏳ Turnstile detectado — esperando resolución automática...
2026-04-11 05:33:54,655 [INFO]    ✅ Turnstile resuelto
2026-04-11 05:34:05,130 [INFO]    ⏳ Turnstile detectado — esperando resolución automática...
2026-04-11 05:34:05,168 [INFO]    ✅ Turnstile resuelto
2026-04-11 05:34:16,844 [INFO]    ⏳ Turnstile detectado — esperando resolución automática...
2026-04-11 05:34:16,863 [INFO]    ✅ Turnstile resuelto
2026-04-11 05:34:26,938 [INFO]    ⏳ Turnstile detectado — esperando resolución automática...
2026-04-11 05:34:26,957 [INFO]    ✅ Turnstile resuelto
2026-04-11 05:34:30,531 [INFO]    Página 4/5 → https://www.opcionempleo.com.ar/trabajo-excel.html?p=4
2026-04-11 05:34:39,603 [INFO]    ⏳ Turnstile detectado — esperando resolución automática...
2026-04-11 05:34:39,626 [INFO]    ✅ Turnstile resuelto
2026-04-11 05:34:43,419 [INFO]    → 17 ofertas encontradas
2026-04-11 05:34:51,208 [INFO]    ⏳ Turnstile detectado — esperando resolución automática...
2026-04-11 05:34:51,226 [INFO]    ✅ Turnstile resuelto
2026-04-11 05:35:01,352 [INFO]    ⏳ Turnstile detectado — esperando resolución automática...
2026-04-11 05:35:01,397 [INFO]    ✅ Turnstile resuelto
2026-04-11 05:35:11,791 [INFO]    ⏳ Turnstile detectado — esperando resolución automática...
2026-04-11 05:35:11,808 [INFO]    ✅ Turnstile resuelto
2026-04-11 05:35:23,673 [INFO]    ⏳ Turnstile detectado — esperando resolución automática...
2026-04-11 05:35:23,692 [INFO]    ✅ Turnstile resuelto
2026-04-11 05:35:33,924 [INFO]    ⏳ Turnstile detectado — esperando resolución automática...
2026-04-11 05:35:33,942 [INFO]    ✅ Turnstile resuelto
2026-04-11 05:35:45,688 [INFO]    ⏳ Turnstile detectado — esperando resolución automática...
2026-04-11 05:35:45,706 [INFO]    ✅ Turnstile resuelto
2026-04-11 05:35:56,234 [INFO]    ⏳ Turnstile detectado — esperando resolución automática...
2026-04-11 05:35:56,256 [INFO]    ✅ Turnstile resuelto
2026-04-11 05:36:08,111 [INFO]    ⏳ Turnstile detectado — esperando resolución automática...
2026-04-11 05:36:08,135 [INFO]    ✅ Turnstile resuelto
2026-04-11 05:36:18,760 [INFO]    ⏳ Turnstile detectado — esperando resolución automática...
2026-04-11 05:36:18,780 [INFO]    ✅ Turnstile resuelto
2026-04-11 05:36:30,788 [INFO]    ⏳ Turnstile detectado — esperando resolución automática...
2026-04-11 05:36:30,836 [INFO]    ✅ Turnstile resuelto
2026-04-11 05:36:40,894 [INFO]    ⏳ Turnstile detectado — esperando resolución automática...
2026-04-11 05:36:40,916 [INFO]    ✅ Turnstile resuelto
2026-04-11 05:36:51,914 [INFO]    ⏳ Turnstile detectado — esperando resolución automática...
2026-04-11 05:36:51,932 [INFO]    ✅ Turnstile resuelto
2026-04-11 05:37:03,992 [INFO]    ⏳ Turnstile detectado — esperando resolución automática...
2026-04-11 05:37:04,014 [INFO]    ✅ Turnstile resuelto
2026-04-11 05:37:13,551 [INFO]    ⏳ Turnstile detectado — esperando resolución automática...
2026-04-11 05:37:13,568 [INFO]    ✅ Turnstile resuelto
2026-04-11 05:37:22,915 [INFO]    ⏳ Turnstile detectado — esperando resolución automática...
2026-04-11 05:37:22,933 [INFO]    ✅ Turnstile resuelto
2026-04-11 05:37:34,438 [INFO]    ⏳ Turnstile detectado — esperando resolución automática...
2026-04-11 05:37:34,456 [INFO]    ✅ Turnstile resuelto
2026-04-11 05:37:46,621 [INFO]    ⏳ Turnstile detectado — esperando resolución automática...
2026-04-11 05:37:46,645 [INFO]    ✅ Turnstile resuelto
2026-04-11 05:37:50,562 [INFO]    Página 5/5 → https://www.opcionempleo.com.ar/trabajo-excel.html?p=5
2026-04-11 05:37:59,723 [INFO]    ⏳ Turnstile detectado — esperando resolución automática...
2026-04-11 05:37:59,745 [INFO]    ✅ Turnstile resuelto
2026-04-11 05:38:03,978 [INFO]    → 16 ofertas encontradas
2026-04-11 05:38:10,790 [INFO]    ⏳ Turnstile detectado — esperando resolución automática...
2026-04-11 05:38:10,811 [INFO]    ✅ Turnstile resuelto
2026-04-11 05:38:20,724 [INFO]    ⏳ Turnstile detectado — esperando resolución automática...
2026-04-11 05:38:20,743 [INFO]    ✅ Turnstile resuelto
2026-04-11 05:38:31,066 [INFO]    ⏳ Turnstile detectado — esperando resolución automática...
2026-04-11 05:38:31,084 [INFO]    ✅ Turnstile resuelto
2026-04-11 05:38:40,907 [INFO]    ⏳ Turnstile detectado — esperando resolución automática...
2026-04-11 05:38:40,927 [INFO]    ✅ Turnstile resuelto
2026-04-11 05:38:52,816 [INFO]    ⏳ Turnstile detectado — esperando resolución automática...
2026-04-11 05:38:52,835 [INFO]    ✅ Turnstile resuelto
2026-04-11 05:39:03,011 [INFO]    ⏳ Turnstile detectado — esperando resolución automática...
2026-04-11 05:39:03,031 [INFO]    ✅ Turnstile resuelto
2026-04-11 05:39:15,169 [INFO]    ⏳ Turnstile detectado — esperando resolución automática...
2026-04-11 05:39:15,186 [INFO]    ✅ Turnstile resuelto
2026-04-11 05:39:25,743 [INFO]    ⏳ Turnstile detectado — esperando resolución automática...
2026-04-11 05:39:25,761 [INFO]    ✅ Turnstile resuelto
2026-04-11 05:39:36,803 [INFO]    ⏳ Turnstile detectado — esperando resolución automática...
2026-04-11 05:39:36,822 [INFO]    ✅ Turnstile resuelto
2026-04-11 05:39:47,149 [INFO]    ⏳ Turnstile detectado — esperando resolución automática...
2026-04-11 05:39:47,168 [INFO]    ✅ Turnstile resuelto
2026-04-11 05:39:57,493 [INFO]    ⏳ Turnstile detectado — esperando resolución automática...
2026-04-11 05:39:57,511 [INFO]    ✅ Turnstile resuelto
2026-04-11 05:40:07,218 [INFO]    ⏳ Turnstile detectado — esperando resolución automática...
2026-04-11 05:40:07,237 [INFO]    ✅ Turnstile resuelto
2026-04-11 05:40:17,930 [INFO]    ⏳ Turnstile detectado — esperando resolución automática...
2026-04-11 05:40:17,946 [INFO]    ✅ Turnstile resuelto
2026-04-11 05:40:29,138 [INFO]    ⏳ Turnstile detectado — esperando resolución automática...
2026-04-11 05:40:29,156 [INFO]    ✅ Turnstile resuelto
2026-04-11 05:40:40,609 [INFO]    ⏳ Turnstile detectado — esperando resolución automática...
2026-04-11 05:40:40,627 [INFO]    ✅ Turnstile resuelto
2026-04-11 05:40:51,250 [INFO]    ⏳ Turnstile detectado — esperando resolución automática...
2026-04-11 05:40:51,271 [INFO]    ✅ Turnstile resuelto
2026-04-11 05:40:54,945 [INFO] Exportadas 89 ofertas → /media/carlos-a-cicconi/Common1/Repositorios-Ing.Carlos-Cicconi/Trabajo_Final_MCD/data/raw/opcionempleo_20260411.csv
2026-04-11 05:40:54,945 [INFO] ✅ 'Excel / VBA': 89 ofertas guardadas
2026-04-11 05:40:54,945 [INFO]    💤 Pausa: 13.6s
2026-04-11 05:41:08,559 [INFO] 
🔍 Buscando: 'Google Apps Script'
2026-04-11 05:41:08,559 [INFO]    Página 1/5 → https://www.opcionempleo.com.ar/trabajo-automatizacion.html
2026-04-11 05:41:18,273 [INFO]    ⏳ Turnstile detectado — esperando resolución automática...
2026-04-11 05:41:18,314 [INFO]    ✅ Turnstile resuelto
2026-04-11 05:41:22,386 [INFO]    → 19 ofertas encontradas
2026-04-11 05:41:29,322 [INFO]    ⏳ Turnstile detectado — esperando resolución automática...
2026-04-11 05:41:29,340 [INFO]    ✅ Turnstile resuelto
2026-04-11 05:41:40,202 [INFO]    ⏳ Turnstile detectado — esperando resolución automática...
2026-04-11 05:41:40,221 [INFO]    ✅ Turnstile resuelto
2026-04-11 05:41:51,360 [INFO]    ⏳ Turnstile detectado — esperando resolución automática...
2026-04-11 05:41:51,380 [INFO]    ✅ Turnstile resuelto
2026-04-11 05:42:02,009 [INFO]    ⏳ Turnstile detectado — esperando resolución automática...
2026-04-11 05:42:02,026 [INFO]    ✅ Turnstile resuelto
2026-04-11 05:42:11,839 [INFO]    ⏳ Turnstile detectado — esperando resolución automática...
2026-04-11 05:42:11,856 [INFO]    ✅ Turnstile resuelto
2026-04-11 05:42:22,052 [INFO]    ⏳ Turnstile detectado — esperando resolución automática...
2026-04-11 05:42:22,070 [INFO]    ✅ Turnstile resuelto
2026-04-11 05:42:32,941 [INFO]    ⏳ Turnstile detectado — esperando resolución automática...
2026-04-11 05:42:32,958 [INFO]    ✅ Turnstile resuelto
2026-04-11 05:42:44,514 [INFO]    ⏳ Turnstile detectado — esperando resolución automática...
2026-04-11 05:42:44,538 [INFO]    ✅ Turnstile resuelto
2026-04-11 05:42:54,395 [INFO]    ⏳ Turnstile detectado — esperando resolución automática...
2026-04-11 05:42:54,411 [INFO]    ✅ Turnstile resuelto
2026-04-11 05:43:04,990 [INFO]    ⏳ Turnstile detectado — esperando resolución automática...
2026-04-11 05:43:05,009 [INFO]    ✅ Turnstile resuelto
2026-04-11 05:43:15,845 [INFO]    ⏳ Turnstile detectado — esperando resolución automática...
2026-04-11 05:43:15,896 [INFO]    ✅ Turnstile resuelto
2026-04-11 05:43:27,109 [INFO]    ⏳ Turnstile detectado — esperando resolución automática...
2026-04-11 05:43:27,127 [INFO]    ✅ Turnstile resuelto
2026-04-11 05:43:38,471 [INFO]    ⏳ Turnstile detectado — esperando resolución automática...
2026-04-11 05:43:38,489 [INFO]    ✅ Turnstile resuelto
2026-04-11 05:43:49,224 [INFO]    ⏳ Turnstile detectado — esperando resolución automática...
2026-04-11 05:43:49,241 [INFO]    ✅ Turnstile resuelto
2026-04-11 05:43:59,921 [INFO]    ⏳ Turnstile detectado — esperando resolución automática...
2026-04-11 05:43:59,940 [INFO]    ✅ Turnstile resuelto
2026-04-11 05:44:10,378 [INFO]    ⏳ Turnstile detectado — esperando resolución automática...
2026-04-11 05:44:10,397 [INFO]    ✅ Turnstile resuelto
2026-04-11 05:44:22,301 [INFO]    ⏳ Turnstile detectado — esperando resolución automática...
2026-04-11 05:44:22,322 [INFO]    ✅ Turnstile resuelto
2026-04-11 05:44:31,839 [INFO]    ⏳ Turnstile detectado — esperando resolución automática...
2026-04-11 05:44:31,867 [INFO]    ✅ Turnstile resuelto
2026-04-11 05:44:42,997 [INFO]    ⏳ Turnstile detectado — esperando resolución automática...
2026-04-11 05:44:43,020 [INFO]    ✅ Turnstile resuelto
2026-04-11 05:44:46,177 [INFO]    Página 2/5 → https://www.opcionempleo.com.ar/trabajo-automatizacion.html?p=2
2026-04-11 05:44:55,276 [INFO]    ⏳ Turnstile detectado — esperando resolución automática...
2026-04-11 05:44:55,327 [INFO]    ✅ Turnstile resuelto
2026-04-11 05:44:59,263 [INFO]    → 19 ofertas encontradas
2026-04-11 05:45:05,930 [INFO]    ⏳ Turnstile detectado — esperando resolución automática...
2026-04-11 05:45:05,952 [INFO]    ✅ Turnstile resuelto
2026-04-11 05:45:17,794 [INFO]    ⏳ Turnstile detectado — esperando resolución automática...
2026-04-11 05:45:17,813 [INFO]    ✅ Turnstile resuelto
2026-04-11 05:45:29,067 [INFO]    ⏳ Turnstile detectado — esperando resolución automática...
2026-04-11 05:45:29,085 [INFO]    ✅ Turnstile resuelto
2026-04-11 05:45:39,103 [INFO]    ⏳ Turnstile detectado — esperando resolución automática...
2026-04-11 05:45:39,122 [INFO]    ✅ Turnstile resuelto
2026-04-11 05:45:49,622 [INFO]    ⏳ Turnstile detectado — esperando resolución automática...
2026-04-11 05:45:49,656 [INFO]    ✅ Turnstile resuelto
2026-04-11 05:46:00,405 [INFO]    ⏳ Turnstile detectado — esperando resolución automática...
2026-04-11 05:46:00,424 [INFO]    ✅ Turnstile resuelto
2026-04-11 05:46:11,767 [INFO]    ⏳ Turnstile detectado — esperando resolución automática...
2026-04-11 05:46:11,787 [INFO]    ✅ Turnstile resuelto
2026-04-11 05:46:21,600 [INFO]    ⏳ Turnstile detectado — esperando resolución automática...
2026-04-11 05:46:21,618 [INFO]    ✅ Turnstile resuelto
2026-04-11 05:46:33,171 [INFO]    ⏳ Turnstile detectado — esperando resolución automática...
2026-04-11 05:46:33,191 [INFO]    ✅ Turnstile resuelto
2026-04-11 05:46:45,534 [INFO]    ⏳ Turnstile detectado — esperando resolución automática...
2026-04-11 05:46:45,583 [INFO]    ✅ Turnstile resuelto
2026-04-11 05:46:57,443 [INFO]    ⏳ Turnstile detectado — esperando resolución automática...
2026-04-11 05:46:57,462 [INFO]    ✅ Turnstile resuelto
2026-04-11 05:47:07,890 [INFO]    ⏳ Turnstile detectado — esperando resolución automática...
2026-04-11 05:47:07,909 [INFO]    ✅ Turnstile resuelto
2026-04-11 05:47:18,227 [INFO]    ⏳ Turnstile detectado — esperando resolución automática...
2026-04-11 05:47:18,244 [INFO]    ✅ Turnstile resuelto
2026-04-11 05:47:29,693 [INFO]    ⏳ Turnstile detectado — esperando resolución automática...
2026-04-11 05:47:29,712 [INFO]    ✅ Turnstile resuelto
2026-04-11 05:47:40,453 [INFO]    ⏳ Turnstile detectado — esperando resolución automática...
2026-04-11 05:47:40,472 [INFO]    ✅ Turnstile resuelto
2026-04-11 05:47:50,179 [INFO]    ⏳ Turnstile detectado — esperando resolución automática...
2026-04-11 05:47:50,198 [INFO]    ✅ Turnstile resuelto
2026-04-11 05:48:00,621 [INFO]    ⏳ Turnstile detectado — esperando resolución automática...
2026-04-11 05:48:00,640 [INFO]    ✅ Turnstile resuelto
2026-04-11 05:48:11,683 [INFO]    ⏳ Turnstile detectado — esperando resolución automática...
2026-04-11 05:48:11,702 [INFO]    ✅ Turnstile resuelto
2026-04-11 05:48:24,076 [INFO]    ⏳ Turnstile detectado — esperando resolución automática...
2026-04-11 05:48:24,096 [INFO]    ✅ Turnstile resuelto
2026-04-11 05:48:28,061 [INFO]    Página 3/5 → https://www.opcionempleo.com.ar/trabajo-automatizacion.html?p=3
2026-04-11 05:48:37,585 [INFO]    ⏳ Turnstile detectado — esperando resolución automática...
2026-04-11 05:48:37,605 [INFO]    ✅ Turnstile resuelto
2026-04-11 05:48:41,612 [INFO]    → 18 ofertas encontradas
2026-04-11 05:48:48,648 [INFO]    ⏳ Turnstile detectado — esperando resolución automática...
2026-04-11 05:48:48,669 [INFO]    ✅ Turnstile resuelto
2026-04-11 05:48:58,280 [INFO]    ⏳ Turnstile detectado — esperando resolución automática...
2026-04-11 05:48:58,297 [INFO]    ✅ Turnstile resuelto
2026-04-11 05:49:08,621 [INFO]    ⏳ Turnstile detectado — esperando resolución automática...
2026-04-11 05:49:08,642 [INFO]    ✅ Turnstile resuelto
2026-04-11 05:49:19,791 [INFO]    ⏳ Turnstile detectado — esperando resolución automática...
2026-04-11 05:49:19,810 [INFO]    ✅ Turnstile resuelto
2026-04-11 05:49:30,831 [INFO]    ⏳ Turnstile detectado — esperando resolución automática...
2026-04-11 05:49:30,850 [INFO]    ✅ Turnstile resuelto
2026-04-11 05:49:41,698 [INFO]    ⏳ Turnstile detectado — esperando resolución automática...
2026-04-11 05:49:41,720 [INFO]    ✅ Turnstile resuelto
2026-04-11 05:49:52,339 [INFO]    ⏳ Turnstile detectado — esperando resolución automática...
2026-04-11 05:49:52,358 [INFO]    ✅ Turnstile resuelto
2026-04-11 05:50:02,580 [INFO]    ⏳ Turnstile detectado — esperando resolución automática...
2026-04-11 05:50:02,599 [INFO]    ✅ Turnstile resuelto
2026-04-11 05:50:14,358 [INFO]    ⏳ Turnstile detectado — esperando resolución automática...
2026-04-11 05:50:14,377 [INFO]    ✅ Turnstile resuelto
2026-04-11 05:50:25,617 [INFO]    ⏳ Turnstile detectado — esperando resolución automática...
2026-04-11 05:50:25,635 [INFO]    ✅ Turnstile resuelto
2026-04-11 05:50:37,368 [INFO]    ⏳ Turnstile detectado — esperando resolución automática...
2026-04-11 05:50:37,385 [INFO]    ✅ Turnstile resuelto
2026-04-11 05:50:48,661 [INFO]    ⏳ Turnstile detectado — esperando resolución automática...
2026-04-11 05:50:48,680 [INFO]    ✅ Turnstile resuelto
2026-04-11 05:50:58,593 [INFO]    ⏳ Turnstile detectado — esperando resolución automática...
2026-04-11 05:50:58,614 [INFO]    ✅ Turnstile resuelto
2026-04-11 05:51:10,624 [INFO]    ⏳ Turnstile detectado — esperando resolución automática...
2026-04-11 05:51:10,641 [INFO]    ✅ Turnstile resuelto
2026-04-11 05:51:21,335 [INFO]    ⏳ Turnstile detectado — esperando resolución automática...
2026-04-11 05:51:21,355 [INFO]    ✅ Turnstile resuelto
2026-04-11 05:51:33,612 [INFO]    ⏳ Turnstile detectado — esperando resolución automática...
2026-04-11 05:51:33,632 [INFO]    ✅ Turnstile resuelto
2026-04-11 05:51:44,129 [INFO]    ⏳ Turnstile detectado — esperando resolución automática...
2026-04-11 05:51:44,146 [INFO]    ✅ Turnstile resuelto
2026-04-11 05:51:53,961 [INFO]    ⏳ Turnstile detectado — esperando resolución automática...
2026-04-11 05:51:54,001 [INFO]    ✅ Turnstile resuelto
2026-04-11 05:51:57,874 [INFO]    Página 4/5 → https://www.opcionempleo.com.ar/trabajo-automatizacion.html?p=4
2026-04-11 05:52:06,683 [INFO]    ⏳ Turnstile detectado — esperando resolución automática...
2026-04-11 05:52:06,721 [INFO]    ✅ Turnstile resuelto
2026-04-11 05:52:10,712 [INFO]    → 20 ofertas encontradas
2026-04-11 05:52:18,771 [INFO]    ⏳ Turnstile detectado — esperando resolución automática...
2026-04-11 05:52:18,794 [INFO]    ✅ Turnstile resuelto
2026-04-11 05:52:31,054 [INFO]    ⏳ Turnstile detectado — esperando resolución automática...
2026-04-11 05:52:31,075 [INFO]    ✅ Turnstile resuelto
2026-04-11 05:52:42,621 [INFO]    ⏳ Turnstile detectado — esperando resolución automática...
2026-04-11 05:52:42,641 [INFO]    ✅ Turnstile resuelto
2026-04-11 05:52:53,064 [INFO]    ⏳ Turnstile detectado — esperando resolución automática...
2026-04-11 05:52:53,085 [INFO]    ✅ Turnstile resuelto
2026-04-11 05:53:05,247 [INFO]    ⏳ Turnstile detectado — esperando resolución automática...
2026-04-11 05:53:05,265 [INFO]    ✅ Turnstile resuelto
2026-04-11 05:53:15,593 [INFO]    ⏳ Turnstile detectado — esperando resolución automática...
2026-04-11 05:53:15,612 [INFO]    ✅ Turnstile resuelto
2026-04-11 05:53:26,115 [INFO]    ⏳ Turnstile detectado — esperando resolución automática...
2026-04-11 05:53:26,135 [INFO]    ✅ Turnstile resuelto
2026-04-11 05:53:38,117 [INFO]    ⏳ Turnstile detectado — esperando resolución automática...
2026-04-11 05:53:38,135 [INFO]    ✅ Turnstile resuelto
2026-04-11 05:53:48,261 [INFO]    ⏳ Turnstile detectado — esperando resolución automática...
2026-04-11 05:53:48,278 [INFO]    ✅ Turnstile resuelto
2026-04-11 05:53:57,989 [INFO]    ⏳ Turnstile detectado — esperando resolución automática...
2026-04-11 05:53:58,008 [INFO]    ✅ Turnstile resuelto
2026-04-11 05:54:09,014 [INFO]    ⏳ Turnstile detectado — esperando resolución automática...
2026-04-11 05:54:09,032 [INFO]    ✅ Turnstile resuelto
2026-04-11 05:54:18,983 [INFO]    ⏳ Turnstile detectado — esperando resolución automática...
2026-04-11 05:54:19,001 [INFO]    ✅ Turnstile resuelto
2026-04-11 05:54:30,851 [INFO]    ⏳ Turnstile detectado — esperando resolución automática...
2026-04-11 05:54:30,871 [INFO]    ✅ Turnstile resuelto
2026-04-11 05:54:40,890 [INFO]    ⏳ Turnstile detectado — esperando resolución automática...
2026-04-11 05:54:40,908 [INFO]    ✅ Turnstile resuelto
2026-04-11 05:54:51,143 [INFO]    ⏳ Turnstile detectado — esperando resolución automática...
2026-04-11 05:54:51,160 [INFO]    ✅ Turnstile resuelto
2026-04-11 05:55:00,877 [INFO]    ⏳ Turnstile detectado — esperando resolución automática...
2026-04-11 05:55:00,895 [INFO]    ✅ Turnstile resuelto
2026-04-11 05:55:10,996 [INFO]    ⏳ Turnstile detectado — esperando resolución automática...
2026-04-11 05:55:11,012 [INFO]    ✅ Turnstile resuelto
2026-04-11 05:55:22,723 [INFO]    ⏳ Turnstile detectado — esperando resolución automática...
2026-04-11 05:55:22,744 [INFO]    ✅ Turnstile resuelto
2026-04-11 05:55:33,421 [INFO]    ⏳ Turnstile detectado — esperando resolución automática...
2026-04-11 05:55:33,439 [INFO]    ✅ Turnstile resuelto
2026-04-11 05:55:45,198 [INFO]    ⏳ Turnstile detectado — esperando resolución automática...
2026-04-11 05:55:45,215 [INFO]    ✅ Turnstile resuelto
2026-04-11 05:55:48,610 [INFO]    Página 5/5 → https://www.opcionempleo.com.ar/trabajo-automatizacion.html?p=5
2026-04-11 05:55:57,964 [INFO]    ⏳ Turnstile detectado — esperando resolución automática...
2026-04-11 05:55:57,985 [INFO]    ✅ Turnstile resuelto
2026-04-11 05:56:01,880 [INFO]    → 19 ofertas encontradas
2026-04-11 05:56:09,623 [INFO]    ⏳ Turnstile detectado — esperando resolución automática...
2026-04-11 05:56:09,640 [INFO]    ✅ Turnstile resuelto
2026-04-11 05:56:21,515 [INFO]    ⏳ Turnstile detectado — esperando resolución automática...
2026-04-11 05:56:21,533 [INFO]    ✅ Turnstile resuelto
2026-04-11 05:56:33,375 [INFO]    ⏳ Turnstile detectado — esperando resolución automática...
2026-04-11 05:56:33,394 [INFO]    ✅ Turnstile resuelto
2026-04-11 05:56:44,353 [INFO]    ⏳ Turnstile detectado — esperando resolución automática...
2026-04-11 05:56:44,373 [INFO]    ✅ Turnstile resuelto
2026-04-11 05:56:55,842 [INFO]    ⏳ Turnstile detectado — esperando resolución automática...
2026-04-11 05:56:55,861 [INFO]    ✅ Turnstile resuelto
2026-04-11 05:57:06,697 [INFO]    ⏳ Turnstile detectado — esperando resolución automática...
2026-04-11 05:57:06,715 [INFO]    ✅ Turnstile resuelto
2026-04-11 05:57:18,207 [INFO]    ⏳ Turnstile detectado — esperando resolución automática...
2026-04-11 05:57:18,224 [INFO]    ✅ Turnstile resuelto
2026-04-11 05:57:28,209 [INFO]    ⏳ Turnstile detectado — esperando resolución automática...
2026-04-11 05:57:28,226 [INFO]    ✅ Turnstile resuelto
2026-04-11 05:57:40,081 [INFO]    ⏳ Turnstile detectado — esperando resolución automática...
2026-04-11 05:57:40,103 [INFO]    ✅ Turnstile resuelto
2026-04-11 05:57:51,955 [INFO]    ⏳ Turnstile detectado — esperando resolución automática...
2026-04-11 05:57:51,975 [INFO]    ✅ Turnstile resuelto
2026-04-11 05:58:02,731 [INFO]    ⏳ Turnstile detectado — esperando resolución automática...
2026-04-11 05:58:02,753 [INFO]    ✅ Turnstile resuelto
2026-04-11 05:58:13,779 [INFO]    ⏳ Turnstile detectado — esperando resolución automática...
2026-04-11 05:58:13,798 [INFO]    ✅ Turnstile resuelto
2026-04-11 05:58:26,124 [INFO]    ⏳ Turnstile detectado — esperando resolución automática...
2026-04-11 05:58:26,142 [INFO]    ✅ Turnstile resuelto
2026-04-11 05:58:37,331 [INFO]    ⏳ Turnstile detectado — esperando resolución automática...
2026-04-11 05:58:37,350 [INFO]    ✅ Turnstile resuelto
2026-04-11 05:58:47,473 [INFO]    ⏳ Turnstile detectado — esperando resolución automática...
2026-04-11 05:58:47,490 [INFO]    ✅ Turnstile resuelto
2026-04-11 05:58:59,339 [INFO]    ⏳ Turnstile detectado — esperando resolución automática...
2026-04-11 05:58:59,356 [INFO]    ✅ Turnstile resuelto
2026-04-11 05:59:10,754 [INFO]    ⏳ Turnstile detectado — esperando resolución automática...
2026-04-11 05:59:10,812 [INFO]    ✅ Turnstile resuelto
2026-04-11 05:59:20,855 [INFO]    ⏳ Turnstile detectado — esperando resolución automática...
2026-04-11 05:59:20,872 [INFO]    ✅ Turnstile resuelto
2026-04-11 05:59:31,245 [INFO]    ⏳ Turnstile detectado — esperando resolución automática...
2026-04-11 05:59:31,264 [INFO]    ✅ Turnstile resuelto
2026-04-11 05:59:35,237 [INFO] Exportadas 95 ofertas → /media/carlos-a-cicconi/Common1/Repositorios-Ing.Carlos-Cicconi/Trabajo_Final_MCD/data/raw/opcionempleo_20260411.csv
2026-04-11 05:59:35,238 [INFO] ✅ 'Google Apps Script': 95 ofertas guardadas
2026-04-11 05:59:35,238 [INFO]    💤 Pausa: 9.4s
2026-04-11 05:59:44,704 [INFO] 
============================================================
2026-04-11 05:59:44,704 [INFO] SCRAPING FINALIZADO - OpcionEmpleo Argentina
2026-04-11 05:59:44,704 [INFO] Total ofertas únicas: 1240
2026-04-11 05:59:44,704 [INFO] DB : /media/carlos-a-cicconi/Common1/Repositorios-Ing.Carlos-Cicconi/Trabajo_Final_MCD/data/raw/ofertas_opcionempleo.db
2026-04-11 05:59:44,704 [INFO] CSV: /media/carlos-a-cicconi/Common1/Repositorios-Ing.Carlos-Cicconi/Trabajo_Final_MCD/data/raw/opcionempleo_20260411.csv
2026-04-11 05:59:44,704 [INFO] Log: /media/carlos-a-cicconi/Common1/Repositorios-Ing.Carlos-Cicconi/Trabajo_Final_MCD/logs/opcionempleo_20260411_015538.log
2026-04-11 05:59:44,704 [INFO] ============================================================
2026-04-11 05:59:44,705 [INFO]   ✅ opcionempleo: 1,240 ofertas recopiladas
2026-04-11 05:59:44,705 [INFO] 
============================================================
2026-04-11 05:59:44,705 [INFO]   EJECUTANDO: jobomas (JobomasScraper)
2026-04-11 05:59:44,705 [INFO]   Queries: desde CV (42 búsquedas)
2026-04-11 05:59:44,705 [INFO] ============================================================
2026-04-11 05:59:44,742 [INFO] DB lista: /media/carlos-a-cicconi/Common1/Repositorios-Ing.Carlos-Cicconi/Trabajo_Final_MCD/data/raw/ofertas_jobomas.db
2026-04-11 05:59:44,742 [INFO] Ejecutando diagnóstico de Jobomas...
2026-04-11 05:59:47,495 [INFO]   https://ar.jobomas.com/python → HTTP 404 | 27,618 | CT:text/html; charset=ISO-8859-1
2026-04-11 05:59:49,953 [INFO]   https://ar.jobomas.com/trabajo/python → HTTP 404 | 27,618 | CT:text/html; charset=ISO-8859-1
2026-04-11 05:59:52,253 [INFO]   https://ar.jobomas.com/ → HTTP 200 | 50,119 | CT:text/html; charset=ISO-8859-1
2026-04-11 05:59:52,268 [INFO]   <title>: Empleos y Ofertas de Trabajo en Argentina
2026-04-11 05:59:52,268 [INFO]   JS-only:False | __NEXT_DATA__:False
2026-04-11 05:59:52,270 [INFO]   Clase 'job': 8
2026-04-11 05:59:52,281 [INFO]   Links de oferta: 5
2026-04-11 05:59:52,282 [INFO]     /empresa/perfil/2180025/cba_markets_b_s | CBA Markets B&S,
2026-04-11 05:59:52,282 [INFO]     ./asistente-administrativa-comercial-preferentemente-experiencia-en-inmobiliaria_iid_392245014 | Asistente Administrativa Comercial | Preferentemente Experie
2026-04-11 05:59:52,282 [INFO]     ./asistente-administrativo-a-contable-con-ingles-hibrido-caba_iid_392245065 | Asistente Administrativo/a Contable | Con Inglés (Híbrido - 
2026-04-11 05:59:52,282 [INFO] JobomasScraper inicializado (modo: params)
2026-04-11 05:59:52,282 [INFO]   ✅ Queries del CV inyectadas en jobomas
2026-04-11 05:59:52,282 [INFO] ============================================================
2026-04-11 05:59:52,282 [INFO] INICIO - Jobomas Argentina
2026-04-11 05:59:52,282 [ERROR]   ❌ jobomas falló: 'slug'
2026-04-11 05:59:52,287 [INFO] 
============================================================
2026-04-11 05:59:52,287 [INFO]   EJECUTANDO: jobrapido (JobrapidoScraper)
2026-04-11 05:59:52,287 [INFO]   Queries: desde CV (42 búsquedas)
2026-04-11 05:59:52,287 [INFO] ============================================================
2026-04-11 05:59:52,332 [INFO] DB lista: /media/carlos-a-cicconi/Common1/Repositorios-Ing.Carlos-Cicconi/Trabajo_Final_MCD/data/raw/ofertas_jobrapido.db
2026-04-11 05:59:52,332 [INFO] Ejecutando diagnóstico de Jobrapido...
2026-04-11 05:59:55,270 [INFO]   https://ar.jobrapido.com/Ofertas-de-trabajo-para-Python?l=Argentina → HTTP 200 | 357,368 chars
2026-04-11 05:59:55,325 [INFO]   <title>: Bolsa trabajo para Python, ofertas empleo | Jobrapido.com
2026-04-11 05:59:55,325 [INFO]   JS-only:False
2026-04-11 05:59:55,329 [INFO]   Clase 'job': 56 | ejemplo: search google-one-tap-enabled smartphone-banner-enabled not-
2026-04-11 05:59:55,333 [INFO]   Clase 'result': 261 | ejemplo: wrapper result-list
2026-04-11 05:59:55,342 [INFO]   Clase 'item': 289 | ejemplo: suggested-locations-item
2026-04-11 05:59:55,352 [INFO]   Links de oferta: 20
2026-04-11 05:59:55,352 [INFO]     https://open.app.jobrapido.com/ar/8141247611366539264/?w=python&l=&oc=sponsored&k=web.1.1.0&uuid=arF0019d7bc4e3926990&page_item_id=1607539864 | Open job preview for: Python/ArcGIS developer  - Mendoza
2026-04-11 05:59:55,352 [INFO]     https://open.app.jobrapido.com/ar/290773346830778368/?w=python&l=&oc=sponsored&k=web.1.1.1&uuid=arF0019d7bc4e3926990&page_item_id=-1869941887 | Open job preview for: Sr/Lead Odoo (Python) Engineer  - Mend
2026-04-11 05:59:55,352 [INFO]     https://open.app.jobrapido.com/ar/6036539127510335488/?w=python&l=&oc=sponsored&k=web.1.1.2&uuid=arF0019d7bc4e3926990&page_item_id=-1644572077 | Open job preview for: Software Engineer - Python/Django  - M
2026-04-11 05:59:55,357 [INFO]   Paginación: 1
2026-04-11 05:59:55,357 [INFO] JobrapidoScraper inicializado
2026-04-11 05:59:55,358 [INFO]   ✅ Queries del CV inyectadas en jobrapido
2026-04-11 05:59:55,358 [INFO] ============================================================
2026-04-11 05:59:55,358 [INFO] INICIO - Jobrapido Argentina
2026-04-11 05:59:55,358 [INFO] 
🔍 'Data Scientist'
2026-04-11 05:59:55,358 [INFO]    Página 1/5
2026-04-11 06:00:01,108 [INFO]    → 15 encontradas
2026-04-11 06:01:37,282 [INFO]    Página 2/5
2026-04-11 06:01:42,011 [INFO]    → 20 encontradas
2026-04-11 06:03:48,346 [INFO]    Página 3/5
2026-04-11 06:03:53,307 [INFO]    → 20 encontradas
2026-04-11 06:05:57,776 [INFO]    Página 4/5
2026-04-11 06:06:02,407 [WARNING]    Sin ofertas — HTML guardado en diagnostico/
2026-04-11 06:06:02,407 [INFO]    → 0 encontradas
2026-04-11 06:06:02,408 [INFO] CSV: 55 exportadas
2026-04-11 06:06:02,408 [INFO] ✅ 'Data Scientist': 55 guardadas
2026-04-11 06:06:07,979 [INFO] 
🔍 'BI / Analytics'
2026-04-11 06:06:07,980 [INFO]    Página 1/5
2026-04-11 06:06:13,608 [INFO]    → 20 encontradas
2026-04-11 06:08:21,352 [INFO]    Página 2/5
2026-04-11 06:08:25,908 [INFO]    → 20 encontradas
2026-04-11 06:10:31,905 [INFO]    Página 3/5
2026-04-11 06:10:37,220 [INFO]    → 5 encontradas
2026-04-11 06:11:05,501 [INFO]    Página 4/5
2026-04-11 06:11:10,926 [INFO]    → 19 encontradas
2026-04-11 06:13:08,175 [INFO]    Página 5/5
2026-04-11 06:13:14,427 [INFO]    → 14 encontradas
2026-04-11 06:14:48,223 [INFO] CSV: 78 exportadas
2026-04-11 06:14:48,224 [INFO] ✅ 'BI / Analytics': 78 guardadas
2026-04-11 06:14:55,097 [INFO] 
🔍 'Python Developer'
2026-04-11 06:14:55,098 [INFO]    Página 1/5
2026-04-11 06:14:58,934 [INFO]    → 20 encontradas
2026-04-11 06:16:59,804 [INFO]    Página 2/5
2026-04-11 06:17:06,401 [INFO]    → 19 encontradas
2026-04-11 06:19:01,353 [INFO]    Página 3/5
2026-04-11 06:19:07,268 [INFO]    → 5 encontradas
2026-04-11 06:19:38,609 [INFO]    Página 4/5
2026-04-11 06:19:42,260 [INFO]    → 19 encontradas
2026-04-11 06:21:39,552 [INFO]    Página 5/5
2026-04-11 06:21:44,327 [WARNING]    Sin ofertas — HTML guardado en diagnostico/
2026-04-11 06:21:44,327 [INFO]    → 0 encontradas
2026-04-11 06:21:44,329 [INFO] CSV: 63 exportadas
2026-04-11 06:21:44,329 [INFO] ✅ 'Python Developer': 63 guardadas
2026-04-11 06:21:50,709 [INFO] 
🔍 'R Developer'
2026-04-11 06:21:50,709 [INFO]    Página 1/5
2026-04-11 06:21:56,927 [INFO]    → 12 encontradas
2026-04-11 06:23:14,182 [INFO]    Página 2/5
2026-04-11 06:23:18,913 [INFO]    → 20 encontradas
2026-04-11 06:25:16,345 [INFO]    Página 3/5
2026-04-11 06:25:21,721 [INFO]    → 5 encontradas
2026-04-11 06:25:48,909 [INFO]    Página 4/5
2026-04-11 06:25:52,711 [INFO]    → 19 encontradas
2026-04-11 06:27:56,091 [INFO]    Página 5/5
2026-04-11 06:28:01,454 [WARNING]    Sin ofertas — HTML guardado en diagnostico/
2026-04-11 06:28:01,454 [INFO]    → 0 encontradas
2026-04-11 06:28:01,455 [INFO] CSV: 56 exportadas
2026-04-11 06:28:01,455 [INFO] ✅ 'R Developer': 56 guardadas
2026-04-11 06:28:09,841 [INFO] 
🔍 'Julia Developer'
2026-04-11 06:28:09,841 [INFO]    Página 1/5
2026-04-11 06:28:17,781 [INFO]    → 15 encontradas
2026-04-11 06:29:45,666 [INFO]    Página 2/5
2026-04-11 06:29:51,579 [INFO]    → 20 encontradas
2026-04-11 06:32:02,783 [INFO]    Página 3/5
2026-04-11 06:32:08,055 [INFO]    → 20 encontradas
2026-04-11 06:34:13,050 [INFO]    Página 4/5
2026-04-11 06:34:18,209 [WARNING]    Sin ofertas — HTML guardado en diagnostico/
2026-04-11 06:34:18,209 [INFO]    → 0 encontradas
2026-04-11 06:34:18,211 [INFO] CSV: 55 exportadas
2026-04-11 06:34:18,211 [INFO] ✅ 'Julia Developer': 55 guardadas
2026-04-11 06:34:24,067 [INFO] 
🔍 'Control de Gestión'
2026-04-11 06:34:24,068 [INFO]    Página 1/5
2026-04-11 06:34:29,884 [INFO]    → 19 encontradas
2026-04-11 06:36:25,547 [INFO]    Página 2/5
2026-04-11 06:36:30,118 [INFO]    → 10 encontradas
2026-04-11 06:37:29,758 [INFO]    Página 3/5
2026-04-11 06:37:33,873 [INFO]    → 15 encontradas
2026-04-11 06:39:08,976 [INFO]    Página 4/5
2026-04-11 06:39:13,646 [INFO]    → 20 encontradas
2026-04-11 06:41:21,688 [INFO]    Página 5/5
2026-04-11 06:41:26,017 [INFO]    → 20 encontradas
2026-04-11 06:43:24,375 [INFO] CSV: 84 exportadas
2026-04-11 06:43:24,376 [INFO] ✅ 'Control de Gestión': 84 guardadas
2026-04-11 06:43:29,847 [INFO] 
🔍 'Consultor'
2026-04-11 06:43:29,848 [INFO]    Página 1/5
2026-04-11 06:43:35,671 [INFO]    → 19 encontradas
2026-04-11 06:45:26,534 [INFO]    Página 2/5
2026-04-11 06:45:32,101 [INFO]    → 9 encontradas
2026-04-11 06:46:27,763 [INFO]    Página 3/5
2026-04-11 06:46:33,468 [INFO]    → 18 encontradas
2026-04-11 06:48:27,067 [INFO]    Página 4/5
2026-04-11 06:48:32,458 [INFO]    → 20 encontradas
2026-04-11 06:50:31,275 [INFO]    Página 5/5
2026-04-11 06:50:36,428 [INFO]    → 19 encontradas
2026-04-11 06:52:42,257 [INFO] CSV: 85 exportadas
2026-04-11 06:52:42,258 [INFO] ✅ 'Consultor': 85 guardadas
2026-04-11 06:52:48,370 [INFO] 
🔍 'Gerente de Operaciones'
2026-04-11 06:52:48,370 [INFO]    Página 1/5
2026-04-11 06:52:55,065 [INFO]    → 10 encontradas
2026-04-11 06:53:55,365 [INFO]    Página 2/5
2026-04-11 06:54:00,152 [INFO]    → 18 encontradas
2026-04-11 06:55:47,183 [INFO]    Página 3/5
2026-04-11 06:55:51,328 [INFO]    → 20 encontradas
2026-04-11 06:57:57,646 [INFO]    Página 4/5
2026-04-11 06:58:05,575 [WARNING]    Sin ofertas — HTML guardado en diagnostico/
2026-04-11 06:58:05,575 [INFO]    → 0 encontradas
2026-04-11 06:58:05,576 [INFO] CSV: 48 exportadas
2026-04-11 06:58:05,576 [INFO] ✅ 'Gerente de Operaciones': 48 guardadas
2026-04-11 06:58:14,426 [INFO] 
🔍 'Compras / Procurement'
2026-04-11 06:58:14,426 [INFO]    Página 1/5
2026-04-11 06:58:18,849 [INFO]    → 10 encontradas
2026-04-11 06:59:13,727 [INFO]    Página 2/5
2026-04-11 06:59:18,550 [INFO]    → 10 encontradas
2026-04-11 07:00:17,724 [INFO]    Página 3/5
2026-04-11 07:00:24,089 [INFO]    → 18 encontradas
2026-04-11 07:02:18,850 [INFO]    Página 4/5
2026-04-11 07:02:22,211 [INFO]    → 13 encontradas
2026-04-11 07:03:38,832 [INFO]    Página 5/5
2026-04-11 07:03:43,136 [INFO]    → 17 encontradas
2026-04-11 07:05:30,036 [INFO] CSV: 68 exportadas
2026-04-11 07:05:30,036 [INFO] ✅ 'Compras / Procurement': 68 guardadas
2026-04-11 07:05:35,962 [INFO] 
🔍 'Ingeniero Industrial'
2026-04-11 07:05:35,962 [INFO]    Página 1/5
2026-04-11 07:05:41,486 [INFO]    → 12 encontradas
2026-04-11 07:06:52,769 [INFO]    Página 2/5
2026-04-11 07:06:57,925 [INFO]    → 20 encontradas
2026-04-11 07:08:52,369 [INFO]    Página 3/5
2026-04-11 07:08:57,844 [INFO]    → 20 encontradas
2026-04-11 07:10:59,851 [INFO]    Página 4/5
2026-04-11 07:11:04,058 [WARNING]    Sin ofertas — HTML guardado en diagnostico/
2026-04-11 07:11:04,059 [INFO]    → 0 encontradas
2026-04-11 07:11:04,060 [INFO] CSV: 52 exportadas
2026-04-11 07:11:04,060 [INFO] ✅ 'Ingeniero Industrial': 52 guardadas
2026-04-11 07:11:12,355 [INFO] 
🔍 'Finanzas / CAPEX'
2026-04-11 07:11:12,356 [INFO]    Página 1/5
2026-04-11 07:11:20,072 [INFO]    → 11 encontradas
2026-04-11 07:12:32,729 [INFO]    Página 2/5
2026-04-11 07:12:37,441 [INFO]    → 8 encontradas
2026-04-11 07:13:25,466 [INFO]    Página 3/5
2026-04-11 07:13:28,731 [INFO]    → 18 encontradas
2026-04-11 07:15:15,647 [INFO]    Página 4/5
2026-04-11 07:15:21,673 [INFO]    → 20 encontradas
2026-04-11 07:17:30,099 [INFO]    Página 5/5
2026-04-11 07:17:33,971 [INFO]    → 19 encontradas
2026-04-11 07:19:27,649 [INFO] CSV: 76 exportadas
2026-04-11 07:19:27,649 [INFO] ✅ 'Finanzas / CAPEX': 76 guardadas
2026-04-11 07:19:33,053 [INFO] 
🔍 'SAP'
2026-04-11 07:19:33,053 [INFO]    Página 1/5
2026-04-11 07:19:36,827 [INFO]    → 7 encontradas
2026-04-11 07:20:18,742 [INFO]    Página 2/5
2026-04-11 07:20:24,160 [INFO]    → 8 encontradas
2026-04-11 07:21:15,984 [INFO]    Página 3/5
2026-04-11 07:21:20,146 [INFO]    → 9 encontradas
2026-04-11 07:22:15,275 [INFO]    Página 4/5
2026-04-11 07:22:19,872 [INFO]    → 19 encontradas
2026-04-11 07:24:20,099 [INFO]    Página 5/5
2026-04-11 07:24:24,568 [WARNING]    Sin ofertas — HTML guardado en diagnostico/
2026-04-11 07:24:24,568 [INFO]    → 0 encontradas
2026-04-11 07:24:24,569 [INFO] CSV: 43 exportadas
2026-04-11 07:24:24,569 [INFO] ✅ 'SAP': 43 guardadas
2026-04-11 07:24:30,304 [INFO] 
🔍 'Excel / VBA'
2026-04-11 07:24:30,305 [INFO]    Página 1/5
2026-04-11 07:24:34,376 [INFO]    → 13 encontradas
2026-04-11 07:25:56,770 [INFO]    Página 2/5
2026-04-11 07:26:02,292 [INFO]    → 12 encontradas
2026-04-11 07:27:14,696 [INFO]    Página 3/5
2026-04-11 07:27:19,567 [INFO]    → 12 encontradas
2026-04-11 07:28:37,634 [INFO]    Página 4/5
2026-04-11 07:28:42,407 [ERROR]   ❌ jobrapido falló: [Errno 2] No such file or directory: '/media/carlos-a-cicconi/Common1/Repositorios-Ing.Carlos-Cicconi/Trabajo_Final_MCD/data/raw/diagnostico/jobrapido_Excel_/_VBA.html'
2026-04-11 07:28:42,410 [INFO] 
============================================================
2026-04-11 07:28:42,411 [INFO]   EJECUTANDO: jobleads (JobleadsScraper)
2026-04-11 07:28:42,411 [INFO]   Queries: desde CV (42 búsquedas)
2026-04-11 07:28:42,411 [INFO] ============================================================
2026-04-11 07:28:42,450 [INFO] DB lista: /media/carlos-a-cicconi/Common1/Repositorios-Ing.Carlos-Cicconi/Trabajo_Final_MCD/data/raw/ofertas_jobleads.db
2026-04-11 07:28:42,451 [INFO] Ejecutando diagnóstico de JobLeads...
2026-04-11 07:28:44,985 [INFO]   https://www.jobleads.com/ar/jobs?q=python → HTTP 200 | 495,916 chars | Final: https://www.jobleads.com/ar/jobs?q=python
2026-04-11 07:28:45,044 [INFO]   <title>: Puestos: python | Argentina | JobLeads
2026-04-11 07:28:45,046 [INFO]   __NEXT_DATA__:False | JS-only:False
2026-04-11 07:28:45,054 [INFO]   Clase 'job': 10 | countryCode-jobs-canonical lang-es
2026-04-11 07:28:45,098 [INFO]   Links oferta: 25
2026-04-11 07:28:45,098 [INFO]     https://www.jobleads.com/ar/job/python-developer-ssr-sr-hibrido-amba-id-00246--buenos-aires--ef8bc6f0ab4d523380add8ebfeff62540 | Senior Python Engineer — Automation & Infra
2026-04-11 07:28:45,098 [INFO]     https://www.jobleads.com/ar/job/lead-python-developer-ai-cloud-mentorship--argentina--e1c5bedfd14722089ccf275bd4cbe0868 | Lead Python Developer: AI, Cloud & Mentorship
2026-04-11 07:28:45,098 [INFO]     https://www.jobleads.com/ar/job/senior-python-engineer-api-aws-data-warehousing-remote--argentina--e84040a3461eff7d89d12bb4672fc15ba | Senior Python Engineer: API, AWS & Data Warehousing Remote
2026-04-11 07:28:45,098 [INFO] JobleadsScraper inicializado (modo: requests)
2026-04-11 07:28:45,099 [INFO]   ✅ Queries del CV inyectadas en jobleads
2026-04-11 07:28:45,099 [INFO] ============================================================
2026-04-11 07:28:45,099 [INFO] INICIO - JobLeads (modo: requests)
2026-04-11 07:28:45,099 [INFO] 
🔍 'Data Scientist'
2026-04-11 07:28:45,099 [INFO]    Página 1/5
2026-04-11 07:28:50,936 [INFO]    → 1 encontradas
2026-04-11 07:28:56,796 [WARNING] HTTP 403 (intento 1)
2026-04-11 07:29:10,464 [WARNING] HTTP 403 (intento 2)
2026-04-11 07:29:35,204 [WARNING] HTTP 403 (intento 3)
2026-04-11 07:30:05,218 [INFO]    Página 2/5
2026-04-11 07:30:10,566 [WARNING]    Sin ofertas HTML — guardado en diagnostico/
2026-04-11 07:30:10,566 [INFO]    → 0 encontradas
2026-04-11 07:30:10,566 [INFO] CSV: 1 exportadas
2026-04-11 07:30:10,566 [INFO] ✅ 'Data Scientist': 1 guardadas
2026-04-11 07:30:20,512 [INFO] 
🔍 'BI / Analytics'
2026-04-11 07:30:20,512 [INFO]    Página 1/5
2026-04-11 07:30:24,684 [INFO]    → 1 encontradas
2026-04-11 07:30:32,589 [WARNING] HTTP 403 (intento 1)
2026-04-11 07:30:46,514 [WARNING] HTTP 403 (intento 2)
2026-04-11 07:31:09,478 [WARNING] HTTP 403 (intento 3)
2026-04-11 07:31:39,492 [INFO]    Página 2/5
2026-04-11 07:31:44,985 [ERROR]   ❌ jobleads falló: [Errno 2] No such file or directory: '/media/carlos-a-cicconi/Common1/Repositorios-Ing.Carlos-Cicconi/Trabajo_Final_MCD/data/raw/diagnostico/jobleads_BI_/_Analytics.html'
2026-04-11 07:31:44,989 [INFO] 
=================================================================
2026-04-11 07:31:44,989 [INFO]   FASE 2: CONSOLIDACIÓN
2026-04-11 07:31:44,989 [INFO] =================================================================
2026-04-11 07:31:44,997 [INFO] Consolidado DB lista: /media/carlos-a-cicconi/Common1/Repositorios-Ing.Carlos-Cicconi/Trabajo_Final_MCD/data/raw/consolidado/ofertas_consolidadas.db
2026-04-11 07:31:45,003 [INFO] 
  📂 Procesando: linkedin (ofertas_linkedin.db)
2026-04-11 07:31:45,024 [INFO]   Leídas 1,353 ofertas de ofertas_linkedin.db
2026-04-11 07:31:45,100 [INFO]   ✅ linkedin: leídas=1,353 | nuevas=889 | dup=317 | old=147
2026-04-11 07:31:45,100 [INFO] 
  📂 Procesando: computrabajo (ofertas_computrabajo.db)
2026-04-11 07:31:45,103 [INFO]   Leídas 298 ofertas de ofertas_computrabajo.db
2026-04-11 07:31:45,118 [INFO]   ✅ computrabajo: leídas=298 | nuevas=198 | dup=100 | old=0
2026-04-11 07:31:45,118 [INFO] 
  📂 Procesando: getonboard (ofertas_getonboard.db)
2026-04-11 07:31:45,123 [INFO]   Leídas 427 ofertas de ofertas_getonboard.db
2026-04-11 07:31:45,125 [INFO]   ✅ getonboard: leídas=427 | nuevas=0 | dup=382 | old=45
2026-04-11 07:31:45,125 [INFO] 
  📂 Procesando: bumeran (ofertas_bumeran.db)
2026-04-11 07:31:45,129 [INFO]   Leídas 435 ofertas de ofertas_bumeran.db
2026-04-11 07:31:45,153 [INFO]   ✅ bumeran: leídas=435 | nuevas=395 | dup=40 | old=0
2026-04-11 07:31:45,153 [INFO] 
  📂 Procesando: zonajobs (ofertas_zonajobs.db)
2026-04-11 07:31:45,154 [INFO]   Leídas 39 ofertas de ofertas_zonajobs.db
2026-04-11 07:31:45,159 [INFO]   ✅ zonajobs: leídas=39 | nuevas=3 | dup=36 | old=0
2026-04-11 07:31:45,159 [INFO] 
  📂 Procesando: workana (ofertas_workana.db)
2026-04-11 07:31:45,161 [INFO]   Leídas 64 ofertas de ofertas_workana.db
2026-04-11 07:31:45,167 [INFO]   ✅ workana: leídas=64 | nuevas=28 | dup=36 | old=0
2026-04-11 07:31:45,167 [INFO] 
  📂 Procesando: opcionempleo (ofertas_opcionempleo.db)
2026-04-11 07:31:45,193 [INFO]   Leídas 2,172 ofertas de ofertas_opcionempleo.db
2026-04-11 07:31:45,238 [INFO]   ✅ opcionempleo: leídas=2,172 | nuevas=1,231 | dup=941 | old=0
2026-04-11 07:31:45,238 [INFO] 
  📂 Procesando: jobomas (ofertas_jobomas.db)
2026-04-11 07:31:45,239 [INFO]   Leídas 6 ofertas de ofertas_jobomas.db
2026-04-11 07:31:45,240 [INFO]   ✅ jobomas: leídas=6 | nuevas=0 | dup=6 | old=0
2026-04-11 07:31:45,240 [INFO] 
  📂 Procesando: jobrapido (ofertas_jobrapido.db)
2026-04-11 07:31:45,253 [INFO]   Leídas 1,380 ofertas de ofertas_jobrapido.db
2026-04-11 07:31:45,276 [INFO]   ✅ jobrapido: leídas=1,380 | nuevas=710 | dup=670 | old=0
2026-04-11 07:31:45,276 [INFO] 
  📂 Procesando: jobleads (ofertas_jobleads.db)
2026-04-11 07:31:45,277 [INFO]   Leídas 13 ofertas de ofertas_jobleads.db
2026-04-11 07:31:45,285 [INFO]   ✅ jobleads: leídas=13 | nuevas=2 | dup=11 | old=0
2026-04-11 07:31:45,521 [INFO]   CSV consolidado actualizado: +3,456 filas → /media/carlos-a-cicconi/Common1/Repositorios-Ing.Carlos-Cicconi/Trabajo_Final_MCD/data/raw/consolidado/ofertas_consolidadas.csv
2026-04-11 07:31:45,522 [INFO] 
=================================================================
2026-04-11 07:31:45,522 [INFO]   RESUMEN FINAL
2026-04-11 07:31:45,522 [INFO] =================================================================
2026-04-11 07:31:45,523 [INFO]   Ofertas nuevas incorporadas : 3,456
2026-04-11 07:31:45,523 [INFO]   Descartadas (antigüedad)    : 192
2026-04-11 07:31:45,523 [INFO]   Descartadas (duplicado)     : 2,539
2026-04-11 07:31:45,523 [INFO]   Total acumulado en DB       : 5,995
2026-04-11 07:31:45,523 [INFO]   Ventana temporal aplicada   : últimos 90 días (desde 2026-01-11)
2026-04-11 07:31:45,523 [INFO]   Duración total              : 529m 30s
2026-04-11 07:31:45,523 [INFO] 
  Archivos de salida:
2026-04-11 07:31:45,523 [INFO]     DB : /media/carlos-a-cicconi/Common1/Repositorios-Ing.Carlos-Cicconi/Trabajo_Final_MCD/data/raw/consolidado/ofertas_consolidadas.db
2026-04-11 07:31:45,523 [INFO]     CSV: /media/carlos-a-cicconi/Common1/Repositorios-Ing.Carlos-Cicconi/Trabajo_Final_MCD/data/raw/consolidado/ofertas_consolidadas.csv
2026-04-11 07:31:45,523 [INFO]     Log: /media/carlos-a-cicconi/Common1/Repositorios-Ing.Carlos-Cicconi/Trabajo_Final_MCD/logs/run_scraping_20260410_224214.log
2026-04-11 07:31:45,523 [INFO] 
  Resultado por scraper:
2026-04-11 07:31:45,523 [INFO]     ✅ linkedin        | 📄CV | ofertas=1,035 | tiempo=4881s
2026-04-11 07:31:45,523 [INFO]     ✅ computrabajo    | 📄CV | ofertas=139 | tiempo=816s
2026-04-11 07:31:45,524 [INFO]     ✅ getonboard      | 📄CV | ofertas=8 | tiempo=151s
2026-04-11 07:31:45,524 [INFO]     ✅ bumeran         | 📄CV | ofertas=407 | tiempo=4153s
2026-04-11 07:31:45,524 [INFO]     ❌ zonajobs        | 📄CV | ofertas=0 | tiempo=131s | error=[Errno 2] No such file or directory: '/media/carlos-a-ciccon
2026-04-11 07:31:45,524 [INFO]     ✅ workana         | 📄CV | ofertas=36 | tiempo=1469s
2026-04-11 07:31:45,524 [INFO]     ✅ opcionempleo    | 📄CV | ofertas=1,240 | tiempo=14646s
2026-04-11 07:31:45,524 [INFO]     ❌ jobomas         | 📄CV | ofertas=0 | tiempo=7s | error='slug'
2026-04-11 07:31:45,524 [INFO]     ❌ jobrapido       | 📄CV | ofertas=0 | tiempo=5330s | error=[Errno 2] No such file or directory: '/media/carlos-a-ciccon
2026-04-11 07:31:45,524 [INFO]     ❌ jobleads        | 📄CV | ofertas=0 | tiempo=182s | error=[Errno 2] No such file or directory: '/media/carlos-a-ciccon
2026-04-11 07:31:45,524 [INFO] 
  Por fuente (consolidación):
2026-04-11 07:31:45,524 [INFO]     linkedin       : nuevas=889 | dup=317 | old=147
2026-04-11 07:31:45,524 [INFO]     computrabajo   : nuevas=198 | dup=100 | old=0
2026-04-11 07:31:45,524 [INFO]     getonboard     : nuevas=0 | dup=382 | old=45
2026-04-11 07:31:45,524 [INFO]     bumeran        : nuevas=395 | dup=40 | old=0
2026-04-11 07:31:45,524 [INFO]     zonajobs       : nuevas=3 | dup=36 | old=0
2026-04-11 07:31:45,525 [INFO]     workana        : nuevas=28 | dup=36 | old=0
2026-04-11 07:31:45,525 [INFO]     opcionempleo   : nuevas=1,231 | dup=941 | old=0
2026-04-11 07:31:45,525 [INFO]     jobomas        : nuevas=0 | dup=6 | old=0
2026-04-11 07:31:45,525 [INFO]     jobrapido      : nuevas=710 | dup=670 | old=0
2026-04-11 07:31:45,525 [INFO]     jobleads       : nuevas=2 | dup=11 | old=0
2026-04-11 07:31:45,525 [INFO]     Reporte: /media/carlos-a-cicconi/Common1/Repositorios-Ing.Carlos-Cicconi/Trabajo_Final_MCD/data/raw/consolidado/run_20260411_073145.json
2026-04-11 07:31:45,525 [INFO] =================================================================
