2026-09-15 22:45:19,788 [INFO] 
=================================================================
2026-09-15 22:45:19,788 [INFO]   ORQUESTADOR DE SCRAPING — Tesis MCD
2026-09-15 22:45:19,788 [INFO]   Alumno: Cicconi, Carlos Alberto
2026-09-15 22:45:19,788 [INFO]   Universidad Austral — Maestría en Explotación de Datos
2026-09-15 22:45:19,788 [INFO] =================================================================
2026-09-15 22:45:19,788 [INFO]   Fecha/hora inicio : 2026-09-15 22:45:19
2026-09-15 22:45:19,789 [INFO]   Ventana temporal  : 90 días
2026-09-15 22:45:19,789 [INFO]   Verificar links   : Sí (8 hilos)
2026-09-15 22:45:19,789 [INFO]   Scrapers activos  : 10
2026-09-15 22:45:19,789 [INFO]   Solo consolidar   : False
2026-09-15 22:45:19,789 [INFO]   Origen de queries : módulos (por defecto)
2026-09-15 22:45:19,789 [INFO] 
=================================================================
2026-09-15 22:45:19,789 [INFO]   MODO PURGA — revalidando el consolidado existente
2026-09-15 22:45:19,789 [INFO] =================================================================
2026-09-15 22:45:19,837 [INFO]   Revisando 3,212 ofertas ya consolidadas...
2026-09-15 22:45:19,844 [INFO]   🔗 Verificando 3,212 links...
2026-09-15 22:46:19,958 [INFO]     ⚛️⚠️  SPA sin SSR (no concluyente), se conserva: https://www.bumeran.com.ar/empleos/data-visualization-analyst-baires-hr-1118426453.html
2026-09-15 22:46:20,114 [INFO]     ⚛️⚠️  SPA sin SSR (no concluyente), se conserva: https://www.bumeran.com.ar/empleos/data-visualization-analyst-baires-hr-2189245.html
2026-09-15 22:46:20,132 [INFO]     ⚛️⚠️  SPA sin SSR (no concluyente), se conserva: https://www.bumeran.com.ar/empleos/bi-analyst-data-visualization-baires-hr-1118424251.html
2026-09-15 22:46:20,172 [INFO]     ⚛️⚠️  SPA sin SSR (no concluyente), se conserva: https://www.bumeran.com.ar/empleos/bi-analyst-data-visualization-baires-hr-2189150.html
2026-09-15 22:46:20,230 [INFO]     ⚛️⚠️  SPA sin SSR (no concluyente), se conserva: https://www.bumeran.com.ar/empleos/data-business-intelligence-analyst-jr-ssr-neuquen-capital-adecco-recursos-humanos-argentina-sa-1118373125.html
2026-09-15 22:46:20,266 [INFO]     ⚛️⚠️  SPA sin SSR (no concluyente), se conserva: https://www.bumeran.com.ar/empleos/data-engineer-senior-itsm-consulting-sa-1118425270.html
2026-09-15 22:46:20,326 [INFO]     ⚛️⚠️  SPA sin SSR (no concluyente), se conserva: https://www.bumeran.com.ar/empleos/data-engineer-gcp-remoto-1775-aliantec-1118428803.html
2026-09-15 22:46:20,337 [INFO]     ⚛️⚠️  SPA sin SSR (no concluyente), se conserva: https://www.bumeran.com.ar/empleos/data-engineer-senior-it-sm-consulting-s.a.-2189190.html
2026-09-15 22:46:20,443 [INFO]     ⚛️⚠️  SPA sin SSR (no concluyente), se conserva: https://www.bumeran.com.ar/empleos/cloud-data-engineer-|-ai-real-time-marco-marketing-2188711.html
2026-09-15 22:46:20,479 [INFO]     ⚛️⚠️  SPA sin SSR (no concluyente), se conserva: https://www.bumeran.com.ar/empleos/frontend-software-engineer--angular-gvg-consultora-1118421640.html
2026-09-15 22:46:20,501 [INFO]     ⚛️⚠️  SPA sin SSR (no concluyente), se conserva: https://www.bumeran.com.ar/empleos/desarrollador-backend-python-iaagentes-sr-software-financiero-remoto-para-argentina-kaizen-recursos-humanos-1118430946.html
2026-09-15 22:46:20,508 [INFO]     ⚛️⚠️  SPA sin SSR (no concluyente), se conserva: https://www.bumeran.com.ar/empleos/especialista-en-machine-learning-bumeran-selecta-1118338178.html
2026-09-15 22:46:20,523 [INFO]     ⚛️⚠️  SPA sin SSR (no concluyente), se conserva: https://www.bumeran.com.ar/empleos/desarrollador-a-de-software-jr-hipodromo-palermo-1118391216.html
2026-09-15 22:46:20,543 [INFO]     ⚛️⚠️  SPA sin SSR (no concluyente), se conserva: https://www.bumeran.com.ar/empleos/data-engineer-emede-consultora-1118434647.html
2026-09-15 22:46:20,635 [INFO]     ⚛️⚠️  SPA sin SSR (no concluyente), se conserva: https://www.bumeran.com.ar/empleos/ingeniero-a-de-sistemas-aeroespaciales-management-en-red-1118430953.html
2026-09-15 22:46:20,685 [INFO]     ⚛️⚠️  SPA sin SSR (no concluyente), se conserva: https://www.bumeran.com.ar/empleos/data-engineer-gcp-remoto-1775-aliantec-2189365.html
2026-09-15 22:46:20,693 [INFO]     ⚛️⚠️  SPA sin SSR (no concluyente), se conserva: https://www.bumeran.com.ar/empleos/.net-software-engineer-angular-remoto-argentina-todo-el-pais-aliantec-1118436298.html
2026-09-15 22:46:20,718 [INFO]     ⚛️⚠️  SPA sin SSR (no concluyente), se conserva: https://www.bumeran.com.ar/empleos/desarrollador-a-de-software-semi-senior-hipodromo-palermo-1118391235.html
2026-09-15 22:46:20,727 [INFO]     ⚛️⚠️  SPA sin SSR (no concluyente), se conserva: https://www.bumeran.com.ar/empleos/analista-desarrollador-semi-sr-senior-botmaker-hibrido-business-commercial-management-1118416634.html
2026-09-15 22:46:20,736 [INFO]     ⚛️⚠️  SPA sin SSR (no concluyente), se conserva: https://www.bumeran.com.ar/empleos/programador-a-de-abastecimiento-maincal-sa-1118425687.html
2026-09-15 22:46:20,743 [INFO]     ⚛️⚠️  SPA sin SSR (no concluyente), se conserva: https://www.bumeran.com.ar/empleos/programador-a-genexus-bb-consultores-1118425671.html
2026-09-15 22:46:20,816 [INFO]     ⚛️⚠️  SPA sin SSR (no concluyente), se conserva: https://www.bumeran.com.ar/empleos/backend-software-engineer--java-python-gvg-consultora-1118421641.html
2026-09-15 22:46:20,853 [INFO]     ⚛️⚠️  SPA sin SSR (no concluyente), se conserva: https://www.bumeran.com.ar/empleos/desarrollador-grupo-taraborelli-1118424509.html
2026-09-15 22:46:20,900 [INFO]     ⚛️⚠️  SPA sin SSR (no concluyente), se conserva: https://www.bumeran.com.ar/empleos/programador-de-plc-1118419701.html
2026-09-15 22:46:20,916 [INFO]     ⚛️⚠️  SPA sin SSR (no concluyente), se conserva: https://www.bumeran.com.ar/empleos/planificador-programador-de-produccion-cortes-de-precision-s.a.-1118432844.html
2026-09-15 22:46:20,929 [INFO]     ⚛️⚠️  SPA sin SSR (no concluyente), se conserva: https://www.bumeran.com.ar/empleos/programador-plc-jl-consultores-1118418222.html
2026-09-15 22:46:20,938 [INFO]     ⚛️⚠️  SPA sin SSR (no concluyente), se conserva: https://www.bumeran.com.ar/empleos/operador-programador-cnc-1118427650.html
2026-09-15 22:46:20,953 [INFO]     ⚛️⚠️  SPA sin SSR (no concluyente), se conserva: https://www.bumeran.com.ar/empleos/software-engineer-|-laravel-backend-focus-caba-hibrido-speedwork-rrhh-1118395478.html
2026-09-15 22:46:20,957 [INFO]     ⚛️⚠️  SPA sin SSR (no concluyente), se conserva: https://www.bumeran.com.ar/empleos/node-js-software-engineer-remoto-1834-aliantec-1118392928.html
2026-09-15 22:46:21,029 [INFO]     ⚛️⚠️  SPA sin SSR (no concluyente), se conserva: https://www.bumeran.com.ar/empleos/desarrollador-ssr-grupomulti-1118421570.html
2026-09-15 22:46:21,060 [INFO]     ⚛️⚠️  SPA sin SSR (no concluyente), se conserva: https://www.bumeran.com.ar/empleos/desarrollador-formulas-cosmeticas-soledad-maldonado-1118435687.html
2026-09-15 22:46:21,133 [INFO]     ⚛️⚠️  SPA sin SSR (no concluyente), se conserva: https://www.bumeran.com.ar/empleos/desarrollador-fullstack-senior-itsm-consulting-sa-1118435676.html
2026-09-15 22:46:21,142 [INFO]     ⚛️⚠️  SPA sin SSR (no concluyente), se conserva: https://www.bumeran.com.ar/empleos/preparador-programador-cnc-1118406996.html
2026-09-15 22:46:21,151 [INFO]     ⚛️⚠️  SPA sin SSR (no concluyente), se conserva: https://www.bumeran.com.ar/empleos/desarrollador-sr-frontend-developer-react-evolucionar-consultora-1118431707.html
2026-09-15 22:46:21,167 [INFO]     ⚛️⚠️  SPA sin SSR (no concluyente), se conserva: https://www.bumeran.com.ar/empleos/desarrollador-backend-python-con-ia-sr-multinacional-de-software-financiero-remoto-para-argentina-kaizen-recursos-humanos-1118383518.html
2026-09-15 22:46:21,169 [INFO]     ⚛️⚠️  SPA sin SSR (no concluyente), se conserva: https://www.bumeran.com.ar/empleos/desarrollador-a-frontend-ssr.-gst-1118414039.html
2026-09-15 22:46:21,197 [INFO]     ⚛️⚠️  SPA sin SSR (no concluyente), se conserva: https://www.bumeran.com.ar/empleos/instrumentista-programador-a-plc-zona-pilar-grupo-gestion-1118422626.html
2026-09-15 22:46:21,241 [INFO]     ⚛️⚠️  SPA sin SSR (no concluyente), se conserva: https://www.bumeran.com.ar/empleos/programador-cnc-y-autocad-matricer-1118399613.html
2026-09-15 22:46:21,299 [INFO]     ⚛️⚠️  SPA sin SSR (no concluyente), se conserva: https://www.bumeran.com.ar/empleos/analista-programador-c-ideafix--full-remoto-solutix-s.a.-1118373677.html
2026-09-15 22:46:21,337 [INFO]     ⚛️⚠️  SPA sin SSR (no concluyente), se conserva: https://www.bumeran.com.ar/empleos/desarrollador-rpa-semi-senior-senior-tax-bdo-argentina-1118426307.html
2026-09-15 22:46:21,366 [INFO]     ⚛️⚠️  SPA sin SSR (no concluyente), se conserva: https://www.bumeran.com.ar/empleos/desarrollador-web-junior-estudiante-avanzado-de-programacion-los-elegidos-1118424319.html
2026-09-15 22:46:21,383 [INFO]     ⚛️⚠️  SPA sin SSR (no concluyente), se conserva: https://www.bumeran.com.ar/empleos/desarrollador-full-stack-.net-angular-hibrido-1885-aliantec-1118436275.html
2026-09-15 22:46:21,389 [INFO]     ⚛️⚠️  SPA sin SSR (no concluyente), se conserva: https://www.bumeran.com.ar/empleos/desarrollador-a-full-stack-|-ia-data-1118416664.html
2026-09-15 22:46:21,400 [INFO]     ⚛️⚠️  SPA sin SSR (no concluyente), se conserva: https://www.bumeran.com.ar/empleos/desarrollador-a-web-senior-ui-ux--freelancer-dobohomes-1118421638.html
2026-09-15 22:46:21,422 [INFO]     ⚛️⚠️  SPA sin SSR (no concluyente), se conserva: https://www.bumeran.com.ar/empleos/project-manager-para-desarrolladora-de-elizalde-desarrollo-del-talento-1118399084.html
2026-09-15 22:46:21,436 [INFO]     ⚛️⚠️  SPA sin SSR (no concluyente), se conserva: https://www.bumeran.com.ar/empleos/desarrollador-a-backend-find-me-1118392714.html
2026-09-15 22:46:21,501 [INFO]     ⚛️⚠️  SPA sin SSR (no concluyente), se conserva: https://www.bumeran.com.ar/empleos/asistente-de-compras-senior-desarrollador-proveedores-y-categorias-rh-talentum-1118414456.html
2026-09-15 22:46:21,546 [INFO]     ⚛️⚠️  SPA sin SSR (no concluyente), se conserva: https://www.bumeran.com.ar/empleos/desarrollador-a-fullstack-senior-vue-3-typescript-persat-1118410267.html
2026-09-15 22:46:21,581 [INFO]     ⚛️⚠️  SPA sin SSR (no concluyente), se conserva: https://www.bumeran.com.ar/empleos/desarrollador-full-stack-java-react-senior-mix-onsite-remoto-1778-aliantec-1118436307.html
2026-09-15 22:46:21,602 [INFO]     ⚛️⚠️  SPA sin SSR (no concluyente), se conserva: https://www.bumeran.com.ar/empleos/desarrollador-salesforce-sr.-reglas-de-negocio-mix-onsite-remoto-retiro-1808-aliantec-1118436302.html
2026-09-15 22:46:21,612 [INFO]     ⚛️⚠️  SPA sin SSR (no concluyente), se conserva: https://www.bumeran.com.ar/empleos/programador-cnc-centro-de-mecanizado-1118388330.html
2026-09-15 22:46:21,623 [INFO]     ⚛️⚠️  SPA sin SSR (no concluyente), se conserva: https://www.bumeran.com.ar/empleos/ejecutivo-comercial-b2b-desarrollador-de-nuevos-negocios-1118404937.html
2026-09-15 22:46:21,657 [INFO]     ⚛️⚠️  SPA sin SSR (no concluyente), se conserva: https://www.bumeran.com.ar/empleos/go-software-engineer-remoto-1859-aliantec-1118368517.html
2026-09-15 22:46:21,662 [INFO]     ⚛️⚠️  SPA sin SSR (no concluyente), se conserva: https://www.bumeran.com.ar/empleos/desarrollador-java-senior-hibrido-y-remoto-business-commercial-management-1118400632.html
2026-09-15 22:46:21,718 [INFO]     ⚛️⚠️  SPA sin SSR (no concluyente), se conserva: https://www.bumeran.com.ar/empleos/programador-a-java-senior--apis-david-rochwarger-1118385278.html
2026-09-15 22:46:21,797 [INFO]     ⚛️⚠️  SPA sin SSR (no concluyente), se conserva: https://www.bumeran.com.ar/empleos/desarrollador-fisico-a-matematico-a-jr.-bb-consultores-1118391671.html
2026-09-15 22:46:21,833 [INFO]     ⚛️⚠️  SPA sin SSR (no concluyente), se conserva: https://www.bumeran.com.ar/empleos/desarrollador-a-rpg-cobol-senior--as-400-1118399189.html
2026-09-15 22:46:21,872 [INFO]     ⚛️⚠️  SPA sin SSR (no concluyente), se conserva: https://www.bumeran.com.ar/empleos/desarrollador-de-canal-mayorista-dynamic-box-hr-consulting-1118385233.html
2026-09-15 22:46:21,883 [INFO]     ⚛️⚠️  SPA sin SSR (no concluyente), se conserva: https://www.bumeran.com.ar/empleos/desarrollador-backend-ssr-gst-1118383011.html
2026-09-15 22:46:21,910 [INFO]     ⚛️⚠️  SPA sin SSR (no concluyente), se conserva: https://www.bumeran.com.ar/empleos/desarrollador-a-|-junior-semi-senior-1118392518.html
2026-09-15 22:46:21,919 [INFO]     ⚛️⚠️  SPA sin SSR (no concluyente), se conserva: https://www.bumeran.com.ar/empleos/desarrollador-a-full-stack-para-empresa-de-servicios-de-gas-generacion-talento-1118400545.html
2026-09-15 22:46:21,928 [INFO]     ⚛️⚠️  SPA sin SSR (no concluyente), se conserva: https://www.bumeran.com.ar/empleos/desarrollador-a-android-senior-1118385856.html
2026-09-15 22:46:21,935 [INFO]     ⚛️⚠️  SPA sin SSR (no concluyente), se conserva: https://www.bumeran.com.ar/empleos/desarrollador-php-laravel-sr-hibrido-1819-aliantec-1118392937.html
2026-09-15 22:46:22,014 [INFO]     ⚛️⚠️  SPA sin SSR (no concluyente), se conserva: https://www.bumeran.com.ar/empleos/desarrollador-node-js-ssr-mix-onsite-remoto-1807-aliantec-1118401600.html
2026-09-15 22:46:22,061 [INFO]     ⚛️⚠️  SPA sin SSR (no concluyente), se conserva: https://www.bumeran.com.ar/empleos/desarrollador-a-mobile-1118378005.html
2026-09-15 22:46:22,103 [INFO]     ⚛️⚠️  SPA sin SSR (no concluyente), se conserva: https://www.bumeran.com.ar/empleos/ingeniero-junior-de-sistema-de-gestion-integrado-randstad-argentina-1118370503.html
2026-09-15 22:46:22,111 [INFO]     ⚛️⚠️  SPA sin SSR (no concluyente), se conserva: https://www.bumeran.com.ar/empleos/desarrollador-plsql-sr-remoto-argentina-acciona-it-1118384297.html
2026-09-15 22:46:22,133 [INFO]     ⚛️⚠️  SPA sin SSR (no concluyente), se conserva: https://www.bumeran.com.ar/empleos/instrumentista-programador-a-plc-zona-pilar-grupo-gestion-1118371183.html
2026-09-15 22:46:22,140 [INFO]     ⚛️⚠️  SPA sin SSR (no concluyente), se conserva: https://www.bumeran.com.ar/empleos/instrumentista-programador-a-plc-zona-pilar-grupo-gestion-1118380159.html
2026-09-15 22:46:22,152 [INFO]     ⚛️⚠️  SPA sin SSR (no concluyente), se conserva: https://www.bumeran.com.ar/empleos/desarrollador-backend-lenox-1118370489.html
2026-09-15 22:46:22,157 [INFO]     ⚛️⚠️  SPA sin SSR (no concluyente), se conserva: https://www.bumeran.com.ar/empleos/programador-tornos-cnc-turno-noche-mecanizados-gabriel-s.a-1118368719.html
2026-09-15 22:46:22,226 [INFO]     ⚛️⚠️  SPA sin SSR (no concluyente), se conserva: https://www.bumeran.com.ar/empleos/desarrollador-web-fullstack-sesnich-villalonga-cereales-sa-1118360815.html
2026-09-15 22:46:22,276 [INFO]     ⚛️⚠️  SPA sin SSR (no concluyente), se conserva: https://www.bumeran.com.ar/empleos/desarrolladores-java-para-empresa-lider-en-el-desarrollo-de-soluciones-para-la-industria-de-oilgas-bt-consultores-buscadores-de-talentos-1118368050.html
2026-09-15 22:46:22,332 [INFO]     ⚛️⚠️  SPA sin SSR (no concluyente), se conserva: https://www.bumeran.com.ar/empleos/programador-de-cnc-ceta-capital-humano-1118336985.html
2026-09-15 22:46:22,345 [INFO]     ⚛️⚠️  SPA sin SSR (no concluyente), se conserva: https://www.bumeran.com.ar/empleos/analista-programador-ferrovias-s.a.c.-2188012.html
2026-09-15 22:46:22,351 [INFO]     ⚛️⚠️  SPA sin SSR (no concluyente), se conserva: https://www.bumeran.com.ar/empleos/desarrollador-fullstack-sr-node-angular-remoto-argentina-acciona-it-1118348901.html
2026-09-15 22:46:22,364 [INFO]     ⚛️⚠️  SPA sin SSR (no concluyente), se conserva: https://www.bumeran.com.ar/empleos/programador-a-de-abastecimiento-maincal-sa-2189210.html
2026-09-15 22:46:22,366 [INFO]     ⚛️⚠️  SPA sin SSR (no concluyente), se conserva: https://www.bumeran.com.ar/empleos/desarrollador-de-software-bumeran-selecta-1118338055.html
2026-09-15 22:46:22,374 [INFO]     ⚛️⚠️  SPA sin SSR (no concluyente), se conserva: https://www.bumeran.com.ar/empleos/.net-software-engineer-angular-remoto-argentina-todo-el-pais-aliantec-2189733.html
2026-09-15 22:46:22,435 [INFO]     ⚛️⚠️  SPA sin SSR (no concluyente), se conserva: https://www.bumeran.com.ar/empleos/programador-a-genexus-bb-consultores-2189209.html
2026-09-15 22:46:22,479 [INFO]     ⚛️⚠️  SPA sin SSR (no concluyente), se conserva: https://www.bumeran.com.ar/empleos/programador-a-de-mantenimiento-mec-consultores-asociados-2189140.html
2026-09-15 22:46:22,558 [INFO]     ⚛️⚠️  SPA sin SSR (no concluyente), se conserva: https://www.bumeran.com.ar/empleos/estudiante-de-ingenieria-en-sistemas-desarrollador-full-stack-veronica-guagliardi-2187139.html
2026-09-15 22:46:22,580 [INFO]     ⚛️⚠️  SPA sin SSR (no concluyente), se conserva: https://www.bumeran.com.ar/empleos/programador-centro-mecanizado-matripre-srlsrl-s.r.l-2188948.html
2026-09-15 22:46:22,585 [INFO]     ⚛️⚠️  SPA sin SSR (no concluyente), se conserva: https://www.bumeran.com.ar/empleos/desarrollador-ssr-grupomulti-2189003.html
2026-09-15 22:46:22,594 [INFO]     ⚛️⚠️  SPA sin SSR (no concluyente), se conserva: https://www.bumeran.com.ar/empleos/desarrollador-grupo-taraborelli-2189173.html
2026-09-15 22:46:22,599 [INFO]     ⚛️⚠️  SPA sin SSR (no concluyente), se conserva: https://www.bumeran.com.ar/empleos/programador-cnc-mb-consultores-en-recursos-humanos-2188907.html
2026-09-15 22:46:22,603 [INFO]     ⚛️⚠️  SPA sin SSR (no concluyente), se conserva: https://www.bumeran.com.ar/empleos/node-js-software-engineer-remoto-1834-aliantec-2187521.html
2026-09-15 22:46:22,643 [INFO]     ⚛️⚠️  SPA sin SSR (no concluyente), se conserva: https://www.bumeran.com.ar/empleos/desarrollador-a-pl-sql-la-caja-de-ahorro-y-seguros-s.a.-2189415.html
2026-09-15 22:46:22,781 [INFO]     ⚛️⚠️  SPA sin SSR (no concluyente), se conserva: https://www.bumeran.com.ar/empleos/programador-cnc-y-autocad-matriceria-cr-srl-2187915.html
2026-09-15 22:46:22,809 [INFO]     ⚛️⚠️  SPA sin SSR (no concluyente), se conserva: https://www.bumeran.com.ar/empleos/project-manager-para-desarrolladora-de-elizalde-desarrollo-del-talento-2187887.html
2026-09-15 22:46:22,824 [INFO]     ⚛️⚠️  SPA sin SSR (no concluyente), se conserva: https://www.bumeran.com.ar/empleos/operador-programador-cnc-carpinteria-centro-de-trabajo-oromanta-2188279.html
2026-09-15 22:46:22,834 [INFO]     ⚛️⚠️  SPA sin SSR (no concluyente), se conserva: https://www.bumeran.com.ar/empleos/desarrollador-full-stack-.net-angular-hibrido-1885-aliantec-2189728.html
2026-09-15 22:46:22,839 [INFO]     ⚛️⚠️  SPA sin SSR (no concluyente), se conserva: https://www.bumeran.com.ar/empleos/desarrollador-rpa-semi-senior-senior-tax-bdo-2189239.html
2026-09-15 22:46:22,843 [INFO]     ⚛️⚠️  SPA sin SSR (no concluyente), se conserva: https://www.bumeran.com.ar/empleos/desarrolladores-todo-el-pais-2187688.html
2026-09-15 22:46:22,908 [INFO]     ⚛️⚠️  SPA sin SSR (no concluyente), se conserva: https://www.bumeran.com.ar/empleos/desarrolladores-backend-go-sr.-solutix-s.a.-2187772.html
2026-09-15 22:46:22,955 [INFO]     ⚛️⚠️  SPA sin SSR (no concluyente), se conserva: https://www.bumeran.com.ar/empleos/programador-de-centro-de-mecanizado-cnc-matripre-srlsrl-s.r.l-2188940.html
2026-09-15 22:46:23,013 [INFO]     ⚛️⚠️  SPA sin SSR (no concluyente), se conserva: https://www.bumeran.com.ar/empleos/desarrollador-full-stack-java-react-senior-mix-onsite-remoto-1778-aliantec-2189735.html
2026-09-15 22:46:23,030 [INFO]     ⚛️⚠️  SPA sin SSR (no concluyente), se conserva: https://www.bumeran.com.ar/empleos/desarrollador-salesforce-sr.-reglas-de-negocio-mix-onsite-remoto-retiro-1808-aliantec-2189734.html
2026-09-15 22:46:23,045 [INFO]     ⚛️⚠️  SPA sin SSR (no concluyente), se conserva: https://www.bumeran.com.ar/empleos/go-software-engineer-remoto-1858-aliantec-2185759.html
2026-09-15 22:46:23,048 [INFO]     ⚛️⚠️  SPA sin SSR (no concluyente), se conserva: https://www.bumeran.com.ar/empleos/desarrollador-full-stack-veronica-guagliardi-2187138.html
2026-09-15 22:46:23,063 [INFO]     ⚛️⚠️  SPA sin SSR (no concluyente), se conserva: https://www.bumeran.com.ar/empleos/desarrollador-fisico-a-matematico-a-jr.-bb-consultores-2187413.html
2026-09-15 22:46:23,067 [INFO]     ⚛️⚠️  SPA sin SSR (no concluyente), se conserva: https://www.bumeran.com.ar/empleos/go-software-engineer-remoto-1859-aliantec-2185897.html
2026-09-15 22:46:23,116 [INFO]     ⚛️⚠️  SPA sin SSR (no concluyente), se conserva: https://www.bumeran.com.ar/empleos/desarrollador-a-full-stack-para-empresa-de-servicios-de-gas-generacion-talento-2187956.html
2026-09-15 22:46:23,196 [INFO]     ⚛️⚠️  SPA sin SSR (no concluyente), se conserva: https://www.bumeran.com.ar/empleos/desarrollador-canal-mayorista-dynamic-box-hr-consulting-2187057.html
2026-09-15 22:46:23,252 [INFO]     ⚛️⚠️  SPA sin SSR (no concluyente), se conserva: https://www.bumeran.com.ar/empleos/desarrollador-backend-ssr-grupo-financiero-st-2186850.html
2026-09-15 22:46:23,280 [INFO]     ⚛️⚠️  SPA sin SSR (no concluyente), se conserva: https://www.bumeran.com.ar/empleos/desarrollador-node-js-ssr-mix-onsite-remoto-1807-aliantec-2188026.html
2026-09-15 22:46:23,287 [INFO]     ⚛️⚠️  SPA sin SSR (no concluyente), se conserva: https://www.bumeran.com.ar/empleos/soporte-it-desarrollador-jr.-2187066.html
2026-09-15 22:46:23,299 [INFO]     ⚛️⚠️  SPA sin SSR (no concluyente), se conserva: https://www.bumeran.com.ar/empleos/programador-de-centros-y-tornos-cnc.-10-anos-de-experfiencia.-pariani-sa-2186763.html
2026-09-15 22:46:23,316 [INFO]     ⚛️⚠️  SPA sin SSR (no concluyente), se conserva: https://www.bumeran.com.ar/empleos/desarrollador-php-laravel-sr-hibrido-1819-aliantec-2187524.html
2026-09-15 22:46:23,319 [INFO]     ⚛️⚠️  SPA sin SSR (no concluyente), se conserva: https://www.bumeran.com.ar/empleos/plegador-cnc-operador-programador-sorrento-maquinarias-2186632.html
2026-09-15 22:46:23,328 [INFO]     ⚛️⚠️  SPA sin SSR (no concluyente), se conserva: https://www.bumeran.com.ar/empleos/desarrolladores-backend-go-sr.-solutix-s.a.-2186558.html
2026-09-15 22:46:23,416 [INFO]     ⚛️⚠️  SPA sin SSR (no concluyente), se conserva: https://www.bumeran.com.ar/empleos/desarrollador-full-stack-sr.-con-ia-python-node.js-javascript-solutix-s.a.-2187263.html
2026-09-15 22:46:23,463 [INFO]     ⚛️⚠️  SPA sin SSR (no concluyente), se conserva: https://www.bumeran.com.ar/empleos/data-science-python-ia-remoto-1731-aliantec-1118436309.html
2026-09-15 22:46:23,504 [INFO]     ⚛️⚠️  SPA sin SSR (no concluyente), se conserva: https://www.bumeran.com.ar/empleos/desarrollador-full-stack-sr.-con-ia-python-node.js-javascript-solutix-s.a.-2186564.html
2026-09-15 22:46:23,511 [INFO]     ⚛️⚠️  SPA sin SSR (no concluyente), se conserva: https://www.bumeran.com.ar/empleos/desarrollador-a-full-stack-pistacho-app-2186103.html
2026-09-15 22:46:23,519 [INFO]     ⚛️⚠️  SPA sin SSR (no concluyente), se conserva: https://www.bumeran.com.ar/empleos/data-science-python-ia-remoto-1731-aliantec-2189736.html
2026-09-15 22:46:23,540 [INFO]     ⚛️⚠️  SPA sin SSR (no concluyente), se conserva: https://www.bumeran.com.ar/empleos/data-visualization-analyst-baires-hr-1118426453.html?utm_source=zonajobs&utm_medium=free&utm_campaign=crossbrand
2026-09-15 22:46:23,619 [INFO]     ⚛️⚠️  SPA sin SSR (no concluyente), se conserva: https://www.bumeran.com.ar/empleos/bi-analyst-data-visualization-baires-hr-1118424251.html?utm_source=zonajobs&utm_medium=free&utm_campaign=crossbrand
2026-09-15 22:46:23,685 [INFO]     ⚛️⚠️  SPA sin SSR (no concluyente), se conserva: https://www.bumeran.com.ar/empleos/data-business-intelligence-analyst-jr-ssr-neuquen-capital-adecco-recursos-humanos-argentina-sa-1118373125.html?utm_source=zonajobs&utm_medium=free&utm_campaign=crossbrand
2026-09-15 22:46:23,694 [INFO]     ⚛️⚠️  SPA sin SSR (no concluyente), se conserva: https://www.zonajobs.com.ar/empleos/data-visualization-analyst-baires-hr-2189245.html
2026-09-15 22:46:23,705 [INFO]     ⚛️⚠️  SPA sin SSR (no concluyente), se conserva: https://www.zonajobs.com.ar/empleos/bi-analyst-data-visualization-baires-hr-2189150.html
2026-09-15 22:46:23,745 [INFO]     ⚛️⚠️  SPA sin SSR (no concluyente), se conserva: https://www.bumeran.com.ar/empleos/especialista-en-machine-learning-bumeran-selecta-1118338178.html?utm_source=zonajobs&utm_medium=free&utm_campaign=crossbrand
2026-09-15 22:46:23,818 [INFO]     ⚛️⚠️  SPA sin SSR (no concluyente), se conserva: https://www.bumeran.com.ar/empleos/data-engineer-emede-consultora-1118434647.html?utm_source=zonajobs&utm_medium=free&utm_campaign=crossbrand
2026-09-15 22:46:23,910 [INFO]     ⚛️⚠️  SPA sin SSR (no concluyente), se conserva: https://www.bumeran.com.ar/empleos/data-engineer-senior-itsm-consulting-sa-1118425270.html?utm_source=zonajobs&utm_medium=free&utm_campaign=crossbrand
2026-09-15 22:46:23,920 [INFO]     ⚛️⚠️  SPA sin SSR (no concluyente), se conserva: https://www.bumeran.com.ar/empleos/data-engineer-gcp-remoto-1775-aliantec-1118428803.html?utm_source=zonajobs&utm_medium=free&utm_campaign=crossbrand
2026-09-15 22:46:23,993 [INFO]     ⚛️⚠️  SPA sin SSR (no concluyente), se conserva: https://www.zonajobs.com.ar/empleos/data-engineer-gcp-remoto-1775-aliantec-2189365.html
2026-09-15 22:46:24,006 [INFO]     ⚛️⚠️  SPA sin SSR (no concluyente), se conserva: https://www.zonajobs.com.ar/empleos/data-engineer-senior-it-sm-consulting-s.a.-2189190.html
2026-09-15 22:46:24,035 [INFO]     ⚛️⚠️  SPA sin SSR (no concluyente), se conserva: https://www.zonajobs.com.ar/empleos/cloud-data-engineer-|-ai-real-time-marco-marketing-2188711.html
2026-09-15 22:46:24,051 [INFO]     ⚛️⚠️  SPA sin SSR (no concluyente), se conserva: https://www.zonajobs.com.ar/empleos/analista-programador-ferrovias-s.a.c.-2188012.html
2026-09-15 22:46:24,080 [INFO]     ⚛️⚠️  SPA sin SSR (no concluyente), se conserva: https://www.zonajobs.com.ar/empleos/.net-software-engineer-angular-remoto-argentina-todo-el-pais-aliantec-2189733.html
2026-09-15 22:46:24,133 [INFO]     ⚛️⚠️  SPA sin SSR (no concluyente), se conserva: https://www.zonajobs.com.ar/empleos/programador-a-de-mantenimiento-mec-consultores-asociados-2189140.html
2026-09-15 22:46:24,172 [INFO]     ⚛️⚠️  SPA sin SSR (no concluyente), se conserva: https://www.zonajobs.com.ar/empleos/programador-a-de-abastecimiento-maincal-sa-2189210.html
2026-09-15 22:46:24,215 [INFO]     ⚛️⚠️  SPA sin SSR (no concluyente), se conserva: https://www.zonajobs.com.ar/empleos/programador-cnc-mb-consultores-en-recursos-humanos-2188907.html
2026-09-15 22:46:24,259 [INFO]     ⚛️⚠️  SPA sin SSR (no concluyente), se conserva: https://www.zonajobs.com.ar/empleos/programador-a-genexus-bb-consultores-2189209.html
2026-09-15 22:46:24,307 [INFO]     ⚛️⚠️  SPA sin SSR (no concluyente), se conserva: https://www.zonajobs.com.ar/empleos/desarrollador-ssr-grupomulti-2189003.html
2026-09-15 22:46:24,347 [INFO]     ⚛️⚠️  SPA sin SSR (no concluyente), se conserva: https://www.zonajobs.com.ar/empleos/desarrollador-grupo-taraborelli-2189173.html
2026-09-15 22:46:24,383 [INFO]     ⚛️⚠️  SPA sin SSR (no concluyente), se conserva: https://www.zonajobs.com.ar/empleos/estudiante-de-ingenieria-en-sistemas-desarrollador-full-stack-veronica-guagliardi-2187139.html
2026-09-15 22:46:24,398 [INFO]     ⚛️⚠️  SPA sin SSR (no concluyente), se conserva: https://www.zonajobs.com.ar/empleos/desarrollador-a-pl-sql-la-caja-de-ahorro-y-seguros-s.a.-2189415.html
2026-09-15 22:46:24,408 [INFO]     ⚛️⚠️  SPA sin SSR (no concluyente), se conserva: https://www.zonajobs.com.ar/empleos/programador-centro-mecanizado-matripre-srlsrl-s.r.l-2188948.html
2026-09-15 22:46:24,428 [INFO]     ⚛️⚠️  SPA sin SSR (no concluyente), se conserva: https://www.zonajobs.com.ar/empleos/programador-de-centro-de-mecanizado-cnc-matripre-srlsrl-s.r.l-2188940.html
2026-09-15 22:46:24,473 [INFO]     ⚛️⚠️  SPA sin SSR (no concluyente), se conserva: https://www.zonajobs.com.ar/empleos/programador-cnc-y-autocad-matriceria-cr-srl-2187915.html
2026-09-15 22:46:24,486 [INFO]     ⚛️⚠️  SPA sin SSR (no concluyente), se conserva: https://www.zonajobs.com.ar/empleos/node-js-software-engineer-remoto-1834-aliantec-2187521.html
2026-09-15 22:46:24,512 [INFO]     ⚛️⚠️  SPA sin SSR (no concluyente), se conserva: https://www.zonajobs.com.ar/empleos/desarrolladores-todo-el-pais-2187688.html
2026-09-15 22:46:24,555 [INFO]     ⚛️⚠️  SPA sin SSR (no concluyente), se conserva: https://www.zonajobs.com.ar/empleos/desarrollador-rpa-semi-senior-senior-tax-bdo-2189239.html
2026-09-15 22:46:24,599 [INFO]     ⚛️⚠️  SPA sin SSR (no concluyente), se conserva: https://www.zonajobs.com.ar/empleos/desarrollador-full-stack-.net-angular-hibrido-1885-aliantec-2189728.html
2026-09-15 22:46:24,612 [INFO]     ⚛️⚠️  SPA sin SSR (no concluyente), se conserva: https://www.zonajobs.com.ar/empleos/project-manager-para-desarrolladora-de-elizalde-desarrollo-del-talento-2187887.html
2026-09-15 22:46:24,619 [INFO]     ⚛️⚠️  SPA sin SSR (no concluyente), se conserva: https://www.zonajobs.com.ar/empleos/operador-programador-cnc-carpinteria-centro-de-trabajo-oromanta-2188279.html
2026-09-15 22:46:24,649 [INFO]     ⚛️⚠️  SPA sin SSR (no concluyente), se conserva: https://www.zonajobs.com.ar/empleos/desarrolladores-backend-go-sr.-solutix-s.a.-2187772.html
2026-09-15 22:46:24,667 [INFO]     ⚛️⚠️  SPA sin SSR (no concluyente), se conserva: https://www.zonajobs.com.ar/empleos/desarrollador-full-stack-java-react-senior-mix-onsite-remoto-1778-aliantec-2189735.html
2026-09-15 22:46:24,681 [INFO]     ⚛️⚠️  SPA sin SSR (no concluyente), se conserva: https://www.zonajobs.com.ar/empleos/desarrollador-salesforce-sr.-reglas-de-negocio-mix-onsite-remoto-retiro-1808-aliantec-2189734.html
2026-09-15 22:46:24,721 [INFO]     ⚛️⚠️  SPA sin SSR (no concluyente), se conserva: https://www.zonajobs.com.ar/empleos/go-software-engineer-remoto-1859-aliantec-2185897.html
2026-09-15 22:46:24,824 [INFO]     ⚛️⚠️  SPA sin SSR (no concluyente), se conserva: https://www.zonajobs.com.ar/empleos/desarrollador-full-stack-veronica-guagliardi-2187138.html
2026-09-15 22:46:24,834 [INFO]     ⚛️⚠️  SPA sin SSR (no concluyente), se conserva: https://www.zonajobs.com.ar/empleos/desarrollador-a-full-stack-para-empresa-de-servicios-de-gas-generacion-talento-2187956.html
2026-09-15 22:46:24,853 [INFO]     ⚛️⚠️  SPA sin SSR (no concluyente), se conserva: https://www.zonajobs.com.ar/empleos/desarrollador-fisico-a-matematico-a-jr.-bb-consultores-2187413.html
2026-09-15 22:46:24,862 [INFO]     ⚛️⚠️  SPA sin SSR (no concluyente), se conserva: https://www.zonajobs.com.ar/empleos/desarrollador-canal-mayorista-dynamic-box-hr-consulting-2187057.html
2026-09-15 22:46:24,871 [INFO]     ⚛️⚠️  SPA sin SSR (no concluyente), se conserva: https://www.zonajobs.com.ar/empleos/plegador-cnc-operador-programador-sorrento-maquinarias-2186632.html
2026-09-15 22:46:24,897 [INFO]     ⚛️⚠️  SPA sin SSR (no concluyente), se conserva: https://www.zonajobs.com.ar/empleos/go-software-engineer-remoto-1858-aliantec-2185759.html
2026-09-15 22:46:24,899 [INFO]     ⚛️⚠️  SPA sin SSR (no concluyente), se conserva: https://www.zonajobs.com.ar/empleos/desarrollador-backend-ssr-grupo-financiero-st-2186850.html
2026-09-15 22:46:24,921 [INFO]     ⚛️⚠️  SPA sin SSR (no concluyente), se conserva: https://www.zonajobs.com.ar/empleos/soporte-it-desarrollador-jr.-2187066.html
2026-09-15 22:46:25,059 [INFO]     ⚛️⚠️  SPA sin SSR (no concluyente), se conserva: https://www.zonajobs.com.ar/empleos/desarrollador-node-js-ssr-mix-onsite-remoto-1807-aliantec-2188026.html
2026-09-15 22:46:25,071 [INFO]     ⚛️⚠️  SPA sin SSR (no concluyente), se conserva: https://www.zonajobs.com.ar/empleos/desarrollador-php-laravel-sr-hibrido-1819-aliantec-2187524.html
2026-09-15 22:46:25,087 [INFO]     ⚛️⚠️  SPA sin SSR (no concluyente), se conserva: https://www.zonajobs.com.ar/empleos/desarrollador-full-stack-sr.-con-ia-python-node.js-javascript-solutix-s.a.-2187263.html
2026-09-15 22:46:25,093 [INFO]     ⚛️⚠️  SPA sin SSR (no concluyente), se conserva: https://www.zonajobs.com.ar/empleos/desarrolladores-backend-go-sr.-solutix-s.a.-2186558.html
2026-09-15 22:46:25,114 [INFO]     ⚛️⚠️  SPA sin SSR (no concluyente), se conserva: https://www.zonajobs.com.ar/empleos/desarrollador-a-odoo-integraciones-con-ia-fadav-2186265.html
2026-09-15 22:46:25,121 [INFO]     ⚛️⚠️  SPA sin SSR (no concluyente), se conserva: https://www.zonajobs.com.ar/empleos/desarrollador-a-full-stack-pistacho-app-2186103.html
2026-09-15 22:46:25,128 [INFO]     ⚛️⚠️  SPA sin SSR (no concluyente), se conserva: https://www.zonajobs.com.ar/empleos/programador-de-centros-y-tornos-cnc.-10-anos-de-experfiencia.-pariani-sa-2186763.html
2026-09-15 22:46:25,136 [INFO]     ⚛️⚠️  SPA sin SSR (no concluyente), se conserva: https://www.zonajobs.com.ar/empleos/desarrollador-full-stack-sr.-con-ia-python-node.js-javascript-solutix-s.a.-2186564.html
2026-09-15 22:46:25,358 [INFO]     ⚛️⚠️  SPA sin SSR (no concluyente), se conserva: https://www.bumeran.com.ar/empleos/.net-software-engineer-angular-remoto-argentina-todo-el-pais-aliantec-1118436298.html?utm_source=zonajobs&utm_medium=free&utm_campaign=crossbrand
2026-09-15 22:46:25,420 [INFO]     ⚛️⚠️  SPA sin SSR (no concluyente), se conserva: https://www.bumeran.com.ar/empleos/frontend-software-engineer--angular-gvg-consultora-1118421640.html?utm_source=zonajobs&utm_medium=free&utm_campaign=crossbrand
2026-09-15 22:46:25,426 [INFO]     ⚛️⚠️  SPA sin SSR (no concluyente), se conserva: https://www.bumeran.com.ar/empleos/desarrollador-backend-python-iaagentes-sr-software-financiero-remoto-para-argentina-kaizen-recursos-humanos-1118430946.html?utm_source=zonajobs&utm_medium=free&utm_campaign=crossbrand
2026-09-15 22:46:25,434 [INFO]     ⚛️⚠️  SPA sin SSR (no concluyente), se conserva: https://www.bumeran.com.ar/empleos/backend-software-engineer--java-python-gvg-consultora-1118421641.html?utm_source=zonajobs&utm_medium=free&utm_campaign=crossbrand
2026-09-15 22:46:25,461 [INFO]     ⚛️⚠️  SPA sin SSR (no concluyente), se conserva: https://www.bumeran.com.ar/empleos/desarrollador-a-de-software-jr-hipodromo-palermo-1118391216.html?utm_source=zonajobs&utm_medium=free&utm_campaign=crossbrand
2026-09-15 22:46:25,471 [INFO]     ⚛️⚠️  SPA sin SSR (no concluyente), se conserva: https://www.bumeran.com.ar/empleos/analista-desarrollador-semi-sr-senior-botmaker-hibrido-business-commercial-management-1118416634.html?utm_source=zonajobs&utm_medium=free&utm_campaign=crossbrand
2026-09-15 22:46:25,473 [INFO]     ⚛️⚠️  SPA sin SSR (no concluyente), se conserva: https://www.bumeran.com.ar/empleos/desarrollador-a-de-software-semi-senior-hipodromo-palermo-1118391235.html?utm_source=zonajobs&utm_medium=free&utm_campaign=crossbrand
2026-09-15 22:46:25,484 [INFO]     ⚛️⚠️  SPA sin SSR (no concluyente), se conserva: https://www.bumeran.com.ar/empleos/ingeniero-a-de-sistemas-aeroespaciales-management-en-red-1118430953.html?utm_source=zonajobs&utm_medium=free&utm_campaign=crossbrand
2026-09-15 22:46:25,560 [INFO]     ⚛️⚠️  SPA sin SSR (no concluyente), se conserva: https://www.bumeran.com.ar/empleos/programador-a-de-abastecimiento-maincal-sa-1118425687.html?utm_source=zonajobs&utm_medium=free&utm_campaign=crossbrand
2026-09-15 22:46:25,636 [INFO]     ⚛️⚠️  SPA sin SSR (no concluyente), se conserva: https://www.bumeran.com.ar/empleos/desarrollador-grupo-taraborelli-1118424509.html?utm_source=zonajobs&utm_medium=free&utm_campaign=crossbrand
2026-09-15 22:46:25,647 [INFO]     ⚛️⚠️  SPA sin SSR (no concluyente), se conserva: https://www.bumeran.com.ar/empleos/programador-a-genexus-bb-consultores-1118425671.html?utm_source=zonajobs&utm_medium=free&utm_campaign=crossbrand
2026-09-15 22:46:25,650 [INFO]     ⚛️⚠️  SPA sin SSR (no concluyente), se conserva: https://www.bumeran.com.ar/empleos/planificador-programador-de-produccion-cortes-de-precision-s.a.-1118432844.html?utm_source=zonajobs&utm_medium=free&utm_campaign=crossbrand
2026-09-15 22:46:25,675 [INFO]     ⚛️⚠️  SPA sin SSR (no concluyente), se conserva: https://www.bumeran.com.ar/empleos/programador-de-plc-1118419701.html?utm_source=zonajobs&utm_medium=free&utm_campaign=crossbrand
2026-09-15 22:46:25,694 [INFO]     ⚛️⚠️  SPA sin SSR (no concluyente), se conserva: https://www.bumeran.com.ar/empleos/programador-plc-jl-consultores-1118418222.html?utm_source=zonajobs&utm_medium=free&utm_campaign=crossbrand
2026-09-15 22:46:25,701 [INFO]     ⚛️⚠️  SPA sin SSR (no concluyente), se conserva: https://www.bumeran.com.ar/empleos/operador-programador-cnc-1118427650.html?utm_source=zonajobs&utm_medium=free&utm_campaign=crossbrand
2026-09-15 22:46:25,703 [INFO]     ⚛️⚠️  SPA sin SSR (no concluyente), se conserva: https://www.bumeran.com.ar/empleos/node-js-software-engineer-remoto-1834-aliantec-1118392928.html?utm_source=zonajobs&utm_medium=free&utm_campaign=crossbrand
2026-09-15 22:46:25,760 [INFO]     ⚛️⚠️  SPA sin SSR (no concluyente), se conserva: https://www.bumeran.com.ar/empleos/software-engineer-|-laravel-backend-focus-caba-hibrido-speedwork-rrhh-1118395478.html?utm_source=zonajobs&utm_medium=free&utm_campaign=crossbrand
2026-09-15 22:46:25,859 [INFO]     ⚛️⚠️  SPA sin SSR (no concluyente), se conserva: https://www.bumeran.com.ar/empleos/desarrollador-ssr-grupomulti-1118421570.html?utm_source=zonajobs&utm_medium=free&utm_campaign=crossbrand
2026-09-15 22:46:25,871 [INFO]     ⚛️⚠️  SPA sin SSR (no concluyente), se conserva: https://www.bumeran.com.ar/empleos/desarrollador-fullstack-senior-itsm-consulting-sa-1118435676.html?utm_source=zonajobs&utm_medium=free&utm_campaign=crossbrand
2026-09-15 22:46:25,883 [INFO]     ⚛️⚠️  SPA sin SSR (no concluyente), se conserva: https://www.bumeran.com.ar/empleos/instrumentista-programador-a-plc-zona-pilar-grupo-gestion-1118422626.html?utm_source=zonajobs&utm_medium=free&utm_campaign=crossbrand
2026-09-15 22:46:25,897 [INFO]     ⚛️⚠️  SPA sin SSR (no concluyente), se conserva: https://www.bumeran.com.ar/empleos/preparador-programador-cnc-1118406996.html?utm_source=zonajobs&utm_medium=free&utm_campaign=crossbrand
2026-09-15 22:46:25,911 [INFO]     ⚛️⚠️  SPA sin SSR (no concluyente), se conserva: https://www.bumeran.com.ar/empleos/desarrollador-sr-frontend-developer-react-evolucionar-consultora-1118431707.html?utm_source=zonajobs&utm_medium=free&utm_campaign=crossbrand
2026-09-15 22:46:25,915 [INFO]     ⚛️⚠️  SPA sin SSR (no concluyente), se conserva: https://www.bumeran.com.ar/empleos/desarrollador-backend-python-con-ia-sr-multinacional-de-software-financiero-remoto-para-argentina-kaizen-recursos-humanos-1118383518.html?utm_source=zonajobs&utm_medium=free&utm_campaign=crossbrand
2026-09-15 22:46:25,960 [INFO]     ⚛️⚠️  SPA sin SSR (no concluyente), se conserva: https://www.bumeran.com.ar/empleos/desarrollador-a-frontend-ssr.-gst-1118414039.html?utm_source=zonajobs&utm_medium=free&utm_campaign=crossbrand
2026-09-15 22:46:26,061 [INFO]     ⚛️⚠️  SPA sin SSR (no concluyente), se conserva: https://www.bumeran.com.ar/empleos/desarrollador-formulas-cosmeticas-soledad-maldonado-1118435687.html?utm_source=zonajobs&utm_medium=free&utm_campaign=crossbrand
2026-09-15 22:46:26,087 [INFO]     ⚛️⚠️  SPA sin SSR (no concluyente), se conserva: https://www.bumeran.com.ar/empleos/analista-programador-c-ideafix--full-remoto-solutix-s.a.-1118373677.html?utm_source=zonajobs&utm_medium=free&utm_campaign=crossbrand
2026-09-15 22:46:26,100 [INFO]     ⚛️⚠️  SPA sin SSR (no concluyente), se conserva: https://www.bumeran.com.ar/empleos/programador-cnc-y-autocad-matricer-1118399613.html?utm_source=zonajobs&utm_medium=free&utm_campaign=crossbrand
2026-09-15 22:46:26,112 [INFO]     ⚛️⚠️  SPA sin SSR (no concluyente), se conserva: https://www.bumeran.com.ar/empleos/desarrollador-rpa-semi-senior-senior-tax-bdo-argentina-1118426307.html?utm_source=zonajobs&utm_medium=free&utm_campaign=crossbrand
2026-09-15 22:46:26,120 [INFO]     ⚛️⚠️  SPA sin SSR (no concluyente), se conserva: https://www.bumeran.com.ar/empleos/desarrollador-full-stack-.net-angular-hibrido-1885-aliantec-1118436275.html?utm_source=zonajobs&utm_medium=free&utm_campaign=crossbrand
2026-09-15 22:46:26,121 [INFO]     ⚛️⚠️  SPA sin SSR (no concluyente), se conserva: https://www.bumeran.com.ar/empleos/desarrollador-a-web-senior-ui-ux--freelancer-dobohomes-1118421638.html?utm_source=zonajobs&utm_medium=free&utm_campaign=crossbrand
2026-09-15 22:46:26,129 [INFO]     ⚛️⚠️  SPA sin SSR (no concluyente), se conserva: https://www.bumeran.com.ar/empleos/desarrollador-web-junior-estudiante-avanzado-de-programacion-los-elegidos-1118424319.html?utm_source=zonajobs&utm_medium=free&utm_campaign=crossbrand
2026-09-15 22:46:26,185 [INFO]     ⚛️⚠️  SPA sin SSR (no concluyente), se conserva: https://www.bumeran.com.ar/empleos/desarrollador-a-full-stack-|-ia-data-1118416664.html?utm_source=zonajobs&utm_medium=free&utm_campaign=crossbrand
2026-09-15 22:46:26,279 [INFO]     ⚛️⚠️  SPA sin SSR (no concluyente), se conserva: https://www.bumeran.com.ar/empleos/project-manager-para-desarrolladora-de-elizalde-desarrollo-del-talento-1118399084.html?utm_source=zonajobs&utm_medium=free&utm_campaign=crossbrand
2026-09-15 22:46:26,328 [INFO]     ⚛️⚠️  SPA sin SSR (no concluyente), se conserva: https://www.bumeran.com.ar/empleos/asistente-de-compras-senior-desarrollador-proveedores-y-categorias-rh-talentum-1118414456.html?utm_source=zonajobs&utm_medium=free&utm_campaign=crossbrand
2026-09-15 22:46:26,336 [INFO]     ⚛️⚠️  SPA sin SSR (no concluyente), se conserva: https://www.bumeran.com.ar/empleos/desarrollador-a-backend-find-me-1118392714.html?utm_source=zonajobs&utm_medium=free&utm_campaign=crossbrand
2026-09-15 22:46:26,346 [INFO]     ⚛️⚠️  SPA sin SSR (no concluyente), se conserva: https://www.bumeran.com.ar/empleos/desarrollador-salesforce-sr.-reglas-de-negocio-mix-onsite-remoto-retiro-1808-aliantec-1118436302.html?utm_source=zonajobs&utm_medium=free&utm_campaign=crossbrand
2026-09-15 22:46:26,351 [INFO]     ⚛️⚠️  SPA sin SSR (no concluyente), se conserva: https://www.bumeran.com.ar/empleos/desarrollador-full-stack-java-react-senior-mix-onsite-remoto-1778-aliantec-1118436307.html?utm_source=zonajobs&utm_medium=free&utm_campaign=crossbrand
2026-09-15 22:46:26,355 [INFO]     ⚛️⚠️  SPA sin SSR (no concluyente), se conserva: https://www.bumeran.com.ar/empleos/desarrollador-a-fullstack-senior-vue-3-typescript-persat-1118410267.html?utm_source=zonajobs&utm_medium=free&utm_campaign=crossbrand
2026-09-15 22:46:26,358 [INFO]     ⚛️⚠️  SPA sin SSR (no concluyente), se conserva: https://www.bumeran.com.ar/empleos/programador-cnc-centro-de-mecanizado-1118388330.html?utm_source=zonajobs&utm_medium=free&utm_campaign=crossbrand
2026-09-15 22:46:26,404 [INFO]     ⚛️⚠️  SPA sin SSR (no concluyente), se conserva: https://www.bumeran.com.ar/empleos/ejecutivo-comercial-b2b-desarrollador-de-nuevos-negocios-1118404937.html?utm_source=zonajobs&utm_medium=free&utm_campaign=crossbrand
2026-09-15 22:46:26,517 [INFO]     ⚛️⚠️  SPA sin SSR (no concluyente), se conserva: https://www.bumeran.com.ar/empleos/go-software-engineer-remoto-1859-aliantec-1118368517.html?utm_source=zonajobs&utm_medium=free&utm_campaign=crossbrand
2026-09-15 22:46:26,542 [INFO]     ⚛️⚠️  SPA sin SSR (no concluyente), se conserva: https://www.bumeran.com.ar/empleos/desarrollador-java-senior-hibrido-y-remoto-business-commercial-management-1118400632.html?utm_source=zonajobs&utm_medium=free&utm_campaign=crossbrand
2026-09-15 22:46:26,546 [INFO]     ⚛️⚠️  SPA sin SSR (no concluyente), se conserva: https://www.bumeran.com.ar/empleos/desarrollador-a-full-stack-para-empresa-de-servicios-de-gas-generacion-talento-1118400545.html?utm_source=zonajobs&utm_medium=free&utm_campaign=crossbrand
2026-09-15 22:46:26,549 [INFO]     ⚛️⚠️  SPA sin SSR (no concluyente), se conserva: https://www.bumeran.com.ar/empleos/desarrollador-fisico-a-matematico-a-jr.-bb-consultores-1118391671.html?utm_source=zonajobs&utm_medium=free&utm_campaign=crossbrand
2026-09-15 22:46:26,554 [INFO]     ⚛️⚠️  SPA sin SSR (no concluyente), se conserva: https://www.bumeran.com.ar/empleos/desarrollador-a-|-junior-semi-senior-1118392518.html?utm_source=zonajobs&utm_medium=free&utm_campaign=crossbrand
2026-09-15 22:46:26,557 [INFO]     ⚛️⚠️  SPA sin SSR (no concluyente), se conserva: https://www.bumeran.com.ar/empleos/programador-a-java-senior--apis-david-rochwarger-1118385278.html?utm_source=zonajobs&utm_medium=free&utm_campaign=crossbrand
2026-09-15 22:46:26,561 [INFO]     ⚛️⚠️  SPA sin SSR (no concluyente), se conserva: https://www.bumeran.com.ar/empleos/desarrollador-a-android-senior-1118385856.html?utm_source=zonajobs&utm_medium=free&utm_campaign=crossbrand
2026-09-15 22:46:26,609 [INFO]     ⚛️⚠️  SPA sin SSR (no concluyente), se conserva: https://www.bumeran.com.ar/empleos/desarrollador-a-rpg-cobol-senior--as-400-1118399189.html?utm_source=zonajobs&utm_medium=free&utm_campaign=crossbrand
2026-09-15 22:46:26,718 [INFO]     ⚛️⚠️  SPA sin SSR (no concluyente), se conserva: https://www.bumeran.com.ar/empleos/desarrollador-de-canal-mayorista-dynamic-box-hr-consulting-1118385233.html?utm_source=zonajobs&utm_medium=free&utm_campaign=crossbrand
2026-09-15 22:46:26,747 [INFO]     ⚛️⚠️  SPA sin SSR (no concluyente), se conserva: https://www.bumeran.com.ar/empleos/desarrollador-php-laravel-sr-hibrido-1819-aliantec-1118392937.html?utm_source=zonajobs&utm_medium=free&utm_campaign=crossbrand
2026-09-15 22:46:26,754 [INFO]     ⚛️⚠️  SPA sin SSR (no concluyente), se conserva: https://www.bumeran.com.ar/empleos/desarrollador-backend-ssr-gst-1118383011.html?utm_source=zonajobs&utm_medium=free&utm_campaign=crossbrand
2026-09-15 22:46:26,770 [INFO]     ⚛️⚠️  SPA sin SSR (no concluyente), se conserva: https://www.bumeran.com.ar/empleos/desarrollador-a-mobile-1118378005.html?utm_source=zonajobs&utm_medium=free&utm_campaign=crossbrand
2026-09-15 22:46:26,773 [INFO]     ⚛️⚠️  SPA sin SSR (no concluyente), se conserva: https://www.bumeran.com.ar/empleos/ingeniero-junior-de-sistema-de-gestion-integrado-randstad-argentina-1118370503.html?utm_source=zonajobs&utm_medium=free&utm_campaign=crossbrand
2026-09-15 22:46:26,776 [INFO]     ⚛️⚠️  SPA sin SSR (no concluyente), se conserva: https://www.bumeran.com.ar/empleos/desarrollador-node-js-ssr-mix-onsite-remoto-1807-aliantec-1118401600.html?utm_source=zonajobs&utm_medium=free&utm_campaign=crossbrand
2026-09-15 22:46:26,781 [INFO]     ⚛️⚠️  SPA sin SSR (no concluyente), se conserva: https://www.bumeran.com.ar/empleos/desarrollador-plsql-sr-remoto-argentina-acciona-it-1118384297.html?utm_source=zonajobs&utm_medium=free&utm_campaign=crossbrand
2026-09-15 22:46:26,824 [INFO]     ⚛️⚠️  SPA sin SSR (no concluyente), se conserva: https://www.bumeran.com.ar/empleos/instrumentista-programador-a-plc-zona-pilar-grupo-gestion-1118380159.html?utm_source=zonajobs&utm_medium=free&utm_campaign=crossbrand
2026-09-15 22:46:26,943 [INFO]     ⚛️⚠️  SPA sin SSR (no concluyente), se conserva: https://www.bumeran.com.ar/empleos/desarrollador-backend-lenox-1118370489.html?utm_source=zonajobs&utm_medium=free&utm_campaign=crossbrand
2026-09-15 22:46:26,961 [INFO]     ⚛️⚠️  SPA sin SSR (no concluyente), se conserva: https://www.bumeran.com.ar/empleos/instrumentista-programador-a-plc-zona-pilar-grupo-gestion-1118371183.html?utm_source=zonajobs&utm_medium=free&utm_campaign=crossbrand
2026-09-15 22:46:26,969 [INFO]     ⚛️⚠️  SPA sin SSR (no concluyente), se conserva: https://www.bumeran.com.ar/empleos/programador-tornos-cnc-turno-noche-mecanizados-gabriel-s.a-1118368719.html?utm_source=zonajobs&utm_medium=free&utm_campaign=crossbrand
2026-09-15 22:46:27,023 [INFO]     ⚛️⚠️  SPA sin SSR (no concluyente), se conserva: https://www.bumeran.com.ar/empleos/desarrolladores-java-para-empresa-lider-en-el-desarrollo-de-soluciones-para-la-industria-de-oilgas-bt-consultores-buscadores-de-talentos-1118368050.html?utm_source=zonajobs&utm_medium=free&utm_campaign=crossbrand
2026-09-15 22:46:27,029 [INFO]     ⚛️⚠️  SPA sin SSR (no concluyente), se conserva: https://www.bumeran.com.ar/empleos/data-science-python-ia-remoto-1731-aliantec-1118436309.html?utm_source=zonajobs&utm_medium=free&utm_campaign=crossbrand
2026-09-15 22:46:27,034 [INFO]     ⚛️⚠️  SPA sin SSR (no concluyente), se conserva: https://www.bumeran.com.ar/empleos/desarrollador-web-fullstack-sesnich-villalonga-cereales-sa-1118360815.html?utm_source=zonajobs&utm_medium=free&utm_campaign=crossbrand
2026-09-15 22:46:27,113 [INFO]     ⚛️⚠️  SPA sin SSR (no concluyente), se conserva: https://www.zonajobs.com.ar/empleos/data-science-python-ia-remoto-1731-aliantec-2189736.html
2026-09-15 22:46:27,247 [INFO]     🔗❌ Link inactivo, descartada: Data Scientist → https://open.app.jobrapido.com/ar/676655499583684608/?w=data%20scientist&l=&oc=sponsored&k=web.1.1.0&uuid=arF001a08a510d5dacac&page_item_id=-1084823543
2026-09-15 22:46:27,368 [INFO]     🔗❌ Link inactivo, descartada: Senior Data Scientist - MMM ID71005 → https://open.app.jobrapido.com/ar/2606064210353848320/?w=data%20scientist&l=&oc=sponsored&k=web.1.1.1&uuid=arF001a08a510d5dacac&page_item_id=854290182
2026-09-15 22:46:27,410 [INFO]     🔗❌ Link inactivo, descartada: Remote GenAI Data Scientist - Python & Open-Source Tools → https://open.app.jobrapido.com/ar/2139995524990763008/?w=data%20scientist&l=&oc=sponsored&k=web.1.1.3&uuid=arF001a08a510d5dacac&page_item_id=-51993976
2026-09-15 22:46:27,424 [INFO]     🔗❌ Link inactivo, descartada: Senior Data Scientist — MMM & Time‑Series (Remote) → https://open.app.jobrapido.com/ar/9160370671270756352/?w=data%20scientist&l=&oc=sponsored&k=web.1.1.2&uuid=arF001a08a510d5dacac&page_item_id=-2007401986
2026-09-15 22:46:27,431 [INFO]     🔗❌ Link inactivo, descartada: Senior Data Scientist ID71658 → https://open.app.jobrapido.com/ar/7243563583525617664/?w=data%20scientist&l=&oc=sponsored&k=web.1.1.4&uuid=arF001a08a510d5dacac&page_item_id=1451767452
2026-09-15 22:46:27,438 [INFO]     🔗❌ Link inactivo, descartada: Senior Data Scientist ID80052 → https://open.app.jobrapido.com/ar/4238912455901708288/?w=data%20scientist&l=&oc=sponsored&k=web.1.1.5&uuid=arF001a08a510d5dacac&page_item_id=-1541465891
2026-09-15 22:46:27,458 [INFO]     🔗❌ Link inactivo, descartada: Senior Data Scientist – MMM ID71005 → https://open.app.jobrapido.com/ar/8762344249380306944/?w=data%20scientist&l=&oc=sponsored&k=web.1.1.6&uuid=arF001a08a510d5dacac&page_item_id=290809280
2026-09-15 22:46:27,528 [INFO]     🔗❌ Link inactivo, descartada: Senior Data Scientist (MMM) ID71005 → https://open.app.jobrapido.com/ar/156745499334934528/?w=data%20scientist&l=&oc=sponsored&k=web.1.1.7&uuid=arF001a08a510d5dacac&page_item_id=-1006283420
2026-09-15 22:46:27,708 [INFO]     🔗❌ Link inactivo, descartada: Data Scientist → https://open.app.jobrapido.com/ar/8883203031361912832/?w=data%20scientist&l=&oc=sponsored&k=web.1.1.8&uuid=arF001a08a510d5dacac&page_item_id=-903294007
2026-09-15 22:46:28,081 [INFO]     🔗❌ Link inactivo, descartada: Data Scientist → https://open.app.jobrapido.com/ar/5723614806825500672/?w=data%20scientist&l=&oc=sponsored&k=web.1.1.9&uuid=arF001a08a510d5dacac&page_item_id=1136891034
2026-09-15 22:46:28,085 [INFO]     🔗❌ Link inactivo, descartada: Data Scientist → https://open.app.jobrapido.com/ar/1779930480783654912/?w=data%20scientist&l=&oc=sponsored&k=web.1.1.10&uuid=arF001a08a510d5dacac&page_item_id=-1771084862
2026-09-15 22:46:28,090 [INFO]     🔗❌ Link inactivo, descartada: Data Scientist → https://open.app.jobrapido.com/ar/3974851458452422656/?w=data%20scientist&l=&oc=sponsored&k=web.1.1.12&uuid=arF001a08a510d5dacac&page_item_id=2069222050
2026-09-15 22:46:28,092 [INFO]     🔗❌ Link inactivo, descartada: Data Scientist → https://open.app.jobrapido.com/ar/2942462767136768/?w=data%20scientist&l=&oc=sponsored&k=web.1.1.11&uuid=arF001a08a510d5dacac&page_item_id=1942858844
2026-09-15 22:46:28,108 [INFO]     🔗❌ Link inactivo, descartada: Data Scientist Specialist, SoCo → https://open.app.jobrapido.com/ar/4066642606149337088/?w=data%20scientist&l=&oc=sponsored&k=web.1.1.16&uuid=arF001a08a510d5dacac&page_item_id=1072221553
2026-09-15 22:46:28,801 [INFO]     🔗❌ Link inactivo, descartada: Product Data Scientist → https://open.app.jobrapido.com/ar/6829997832519286784/?w=data%20scientist&l=&oc=sponsored&k=web.1.1.19&uuid=arF001a08a510d5dacac&page_item_id=213959655
2026-09-15 22:46:28,812 [INFO]     🔗❌ Link inactivo, descartada: Data Scientist – Senior Associate → https://open.app.jobrapido.com/ar/2316703811126689792/?w=data%20scientist&l=&oc=sponsored&k=web.1.1.17&uuid=arF001a08a510d5dacac&page_item_id=587328520
2026-09-15 22:46:28,824 [INFO]     🔗❌ Link inactivo, descartada: GenAI Data Scientist — Remote (Argentina) → https://open.app.jobrapido.com/ar/4147909091106226176/?w=data%20scientist&l=&oc=sponsored&k=web.1.2.0&uuid=arF001a08a530157ad62&page_item_id=-420866342
2026-09-15 22:46:28,825 [INFO]     🔗❌ Link inactivo, descartada: Data Scientist Sr → https://open.app.jobrapido.com/ar/6265491245510950912/?w=data%20scientist&l=&oc=sponsored&k=web.1.2.1&uuid=arF001a08a530157ad62&page_item_id=-186856523
2026-09-15 22:46:29,065 [INFO]     🔗❌ Link inactivo, descartada: Data Scientist → https://open.app.jobrapido.com/ar/5439588688260497408/?w=data%20scientist&l=&oc=sponsored&k=web.1.1.13&uuid=arF001a08a510d5dacac&page_item_id=1424192365
2026-09-15 22:46:29,078 [INFO]     🔗❌ Link inactivo, descartada: Data Scientist → https://open.app.jobrapido.com/ar/1248778334918148096/?w=data%20scientist&l=&oc=sponsored&k=web.1.1.14&uuid=arF001a08a510d5dacac&page_item_id=-1122387051
2026-09-15 22:46:29,085 [INFO]     🔗❌ Link inactivo, descartada: Senior Data Scientist, DTC → https://open.app.jobrapido.com/ar/8513175587173433344/?w=data%20scientist&l=&oc=sponsored&k=web.1.1.15&uuid=arF001a08a510d5dacac&page_item_id=-861533176
2026-09-15 22:46:29,215 [INFO]     🔗❌ Link inactivo, descartada: Senior Data Scientist – MMM ID71005 → https://open.app.jobrapido.com/ar/7362341505391919104/?w=data%20scientist&l=&oc=sponsored&k=web.1.2.3&uuid=arF001a08a530157ad62&page_item_id=-364968769
2026-09-15 22:46:29,493 [INFO]     🔗❌ Link inactivo, descartada: Senior Data Scientist - Actuarial Tech → https://open.app.jobrapido.com/ar/3574542914279178240/?w=data%20scientist&l=&oc=sponsored&k=web.1.1.18&uuid=arF001a08a510d5dacac&page_item_id=-1260993528
2026-09-15 22:46:29,601 [INFO]     🔗❌ Link inactivo, descartada: Senior Data Scientist – MMM ID71005 → https://open.app.jobrapido.com/ar/4585498501164564480/?w=data%20scientist&l=&oc=sponsored&k=web.1.2.4&uuid=arF001a08a530157ad62&page_item_id=-490661919
2026-09-15 22:46:29,605 [INFO]     🔗❌ Link inactivo, descartada: Senior Data Scientist – MMM ID71005 → https://open.app.jobrapido.com/ar/1811588993960116224/?w=data%20scientist&l=&oc=sponsored&k=web.1.2.5&uuid=arF001a08a530157ad62&page_item_id=1117658872
2026-09-15 22:46:29,608 [INFO]     🔗❌ Link inactivo, descartada: Manager, Clinical Data Scientist, Clinical Data Sciences → https://open.app.jobrapido.com/ar/4913435695348973568/?w=data%20scientist&l=&oc=sponsored&k=web.1.2.8&uuid=arF001a08a530157ad62&page_item_id=2128131444
2026-09-15 22:46:29,611 [INFO]     🔗❌ Link inactivo, descartada: Data Scientist (LATAM) → https://open.app.jobrapido.com/ar/2403457202703564800/?w=data%20scientist&l=&oc=sponsored&k=web.1.2.7&uuid=arF001a08a530157ad62&page_item_id=146740775
2026-09-15 22:46:29,618 [INFO]     🔗❌ Link inactivo, descartada: Data Scientist Specialist — Hybrid, Forecasting Pro → https://open.app.jobrapido.com/ar/675316638018437120/?w=data%20scientist&l=&oc=sponsored&k=web.1.2.9&uuid=arF001a08a530157ad62&page_item_id=77807759
2026-09-15 22:46:29,922 [INFO]     🔗❌ Link inactivo, descartada: Senior Data Scientist - Remote MMM & MultiObjective Analytic → https://open.app.jobrapido.com/ar/7177883036669706240/?w=data%20scientist&l=&oc=sponsored&k=web.1.2.10&uuid=arF001a08a530157ad62&page_item_id=1417129103
2026-09-15 22:46:29,992 [INFO]     🔗❌ Link inactivo, descartada: Senior Data Scientist: Cost Insights & Experimentation (1Y) → https://open.app.jobrapido.com/ar/2151793628354183168/?w=data%20scientist&l=&oc=sponsored&k=web.1.2.12&uuid=arF001a08a530157ad62&page_item_id=-1714394129
2026-09-15 22:46:30,000 [INFO]     🔗❌ Link inactivo, descartada: Senior Data Scientist – MMM ID71005 → https://open.app.jobrapido.com/ar/8398077060710400000/?w=data%20scientist&l=&oc=sponsored&k=web.1.2.2&uuid=arF001a08a530157ad62&page_item_id=-27231696
2026-09-15 22:46:30,014 [INFO]     🔗❌ Link inactivo, descartada: Senior Data Scientist — MMM Attribution & AI (Remote) → https://open.app.jobrapido.com/ar/2209660581726650368/?w=data%20scientist&l=&oc=sponsored&k=web.1.2.13&uuid=arF001a08a530157ad62&page_item_id=-900870137
2026-09-15 22:46:30,014 [INFO]     🔗❌ Link inactivo, descartada: Senior Data Scientist - Meridian MMM TimeSeries (Remote) → https://open.app.jobrapido.com/ar/9142360670807785472/?w=data%20scientist&l=&oc=sponsored&k=web.1.2.11&uuid=arF001a08a530157ad62&page_item_id=250659484
2026-09-15 22:46:30,204 [INFO]     🔗❌ Link inactivo, descartada: Data Scientist — Python, AI & Big Data (Remoto) → https://open.app.jobrapido.com/ar/7977488024562827264/?w=data%20scientist&l=&oc=sponsored&k=web.1.2.15&uuid=arF001a08a530157ad62&page_item_id=362274870
2026-09-15 22:46:30,213 [INFO]     🔗❌ Link inactivo, descartada: Senior Data Scientist — Global ML & AI Lead → https://open.app.jobrapido.com/ar/6897366078184226816/?w=data%20scientist&l=&oc=sponsored&k=web.1.2.14&uuid=arF001a08a530157ad62&page_item_id=471281305
2026-09-15 22:46:30,372 [INFO]     🔗❌ Link inactivo, descartada: Senior Data Scientist – MMM ID71005 → https://open.app.jobrapido.com/ar/1705538898437865472/?w=data%20scientist&l=&oc=sponsored&k=web.1.2.6&uuid=arF001a08a530157ad62&page_item_id=86666253
2026-09-15 22:46:30,405 [INFO]     🔗❌ Link inactivo, descartada: Remote Data Scientist: Travel Personalization & Insights → https://open.app.jobrapido.com/ar/3150241256861335552/?w=data%20scientist&l=&oc=sponsored&k=web.1.2.18&uuid=arF001a08a530157ad62&page_item_id=-518317857
2026-09-15 22:46:30,416 [INFO]     🔗❌ Link inactivo, descartada: Remote Data Scientist — GenAI & Open-Source Tools → https://open.app.jobrapido.com/ar/1349482398747721728/?w=data%20scientist&l=&oc=sponsored&k=web.1.3.10&uuid=arF001a08a56114c007a&page_item_id=-1938524427
2026-09-15 22:46:30,422 [INFO]     🔗❌ Link inactivo, descartada: Remote Senior Data Scientist — Risk & Threat ML → https://open.app.jobrapido.com/ar/1290509199238758400/?w=data%20scientist&l=&oc=sponsored&k=web.1.2.17&uuid=arF001a08a530157ad62&page_item_id=-1010342639
2026-09-15 22:46:30,609 [INFO]     🔗❌ Link inactivo, descartada: Remote Data Scientist: NLP & Production Analytics → https://open.app.jobrapido.com/ar/8356604736241139712/?w=data%20scientist&l=&oc=sponsored&k=web.1.3.11&uuid=arF001a08a56114c007a&page_item_id=-25902964
2026-09-15 22:46:30,779 [INFO]     🔗❌ Link inactivo, descartada: Senior Data Scientist New Buenos Aires, Argentina → https://open.app.jobrapido.com/ar/5369469052186001408/?w=data%20scientist&l=&oc=sponsored&k=web.1.3.13&uuid=arF001a08a56114c007a&page_item_id=-699007600
2026-09-15 22:46:30,790 [INFO]     🔗❌ Link inactivo, descartada: Senior Data Scientist - MMM ID71005 → https://open.app.jobrapido.com/ar/8724133935392489472/?w=data%20scientist&l=&oc=sponsored&k=web.1.3.14&uuid=arF001a08a56114c007a&page_item_id=1093714453
2026-09-15 22:46:30,811 [INFO]     🔗❌ Link inactivo, descartada: Anuncios Google → https://open.app.jobrapido.com/ar/4692849318942474240/?w=data%20scientist&l=&oc=sponsored&k=web.1.4.0&uuid=arF001a08a56ac1000bd&page_item_id=-487633820
2026-09-15 22:46:30,818 [INFO]     🔗❌ Link inactivo, descartada: Senior Data Scientist - MMM ID71005 → https://open.app.jobrapido.com/ar/3347243899126022144/?w=data%20scientist&l=&oc=sponsored&k=web.1.4.1&uuid=arF001a08a56ac1000bd&page_item_id=-376291096
2026-09-15 22:46:31,007 [INFO]     🔗❌ Link inactivo, descartada: Senior Data Scientist - MMM ID71005 → https://open.app.jobrapido.com/ar/3206491017607905280/?w=data%20scientist&l=&oc=sponsored&k=web.1.4.2&uuid=arF001a08a56ac1000bd&page_item_id=-2042142330
2026-09-15 22:46:31,104 [INFO]     🔗❌ Link inactivo, descartada: Senior Data Scientist - Meridian MMM (Remote) → https://open.app.jobrapido.com/ar/4438808256856457216/?w=data%20scientist&l=&oc=sponsored&k=web.1.2.16&uuid=arF001a08a530157ad62&page_item_id=596817828
2026-09-15 22:46:31,183 [INFO]     🔗❌ Link inactivo, descartada: Senior Data Scientist Lead — Remote, AWS & ML Strategy → https://open.app.jobrapido.com/ar/112108161925644288/?w=data%20scientist&l=&oc=sponsored&k=web.1.4.6&uuid=arF001a08a56ac1000bd&page_item_id=-729272027
2026-09-15 22:46:31,193 [INFO]     🔗❌ Link inactivo, descartada: Senior Data Scientist, Meridian MMM & Time‑Series → https://open.app.jobrapido.com/ar/1759582093966311424/?w=data%20scientist&l=&oc=sponsored&k=web.1.2.19&uuid=arF001a08a530157ad62&page_item_id=2113120537
2026-09-15 22:46:31,214 [INFO]     🔗❌ Link inactivo, descartada: Senior Data Scientist - MMM ID71005 → https://open.app.jobrapido.com/ar/286640033513865216/?w=data%20scientist&l=&oc=sponsored&k=web.1.4.3&uuid=arF001a08a56ac1000bd&page_item_id=1536956672
2026-09-15 22:46:31,225 [INFO]     🔗❌ Link inactivo, descartada: Senior Data Scientist – MMM ID71005 → https://open.app.jobrapido.com/ar/3615423306355703808/?w=data%20scientist&l=&oc=sponsored&k=web.1.4.4&uuid=arF001a08a56ac1000bd&page_item_id=946058995
2026-09-15 22:46:31,384 [INFO]     🔗❌ Link inactivo, descartada: Clinical Data Scientist & Trial Lead | Data Management & RBM → https://open.app.jobrapido.com/ar/1402334428046295040/?w=data%20scientist&l=&oc=sponsored&k=web.1.3.12&uuid=arF001a08a56114c007a&page_item_id=-1511906130
2026-09-15 22:46:31,423 [INFO]     🔗❌ Link inactivo, descartada: Hybrid Data Scientist — Travel Tech & End-to-End ML → https://open.app.jobrapido.com/ar/4241528589201178624/?w=data%20scientist&l=&oc=sponsored&k=web.1.4.7&uuid=arF001a08a56ac1000bd&page_item_id=-897924061
2026-09-15 22:46:31,532 [INFO]     🔗❌ Link inactivo, descartada: Remote Senior Data Scientist Lead - AWS ML & Strategy → https://open.app.jobrapido.com/ar/2670930654748737536/?w=data%20scientist&l=&oc=sponsored&k=web.1.4.8&uuid=arF001a08a56ac1000bd&page_item_id=947092605
2026-09-15 22:46:31,606 [INFO]     🔗❌ Link inactivo, descartada: Senior Data Scientist Meridian MMM & AI Analytics (Remote) → https://open.app.jobrapido.com/ar/2992442491958984704/?w=data%20scientist&l=&oc=sponsored&k=web.1.4.12&uuid=arF001a08a56ac1000bd&page_item_id=-913621274
2026-09-15 22:46:31,607 [INFO]     🔗❌ Link inactivo, descartada: Staff Data Scientist: End-to-End ML for ROAS (Remote) → https://open.app.jobrapido.com/ar/8388692883586154496/?w=data%20scientist&l=&oc=sponsored&k=web.1.4.9&uuid=arF001a08a56ac1000bd&page_item_id=-157209172
2026-09-15 22:46:31,623 [INFO]     🔗❌ Link inactivo, descartada: Senior Data Scientist, Cyber Risk & Threat Intelligence → https://open.app.jobrapido.com/ar/8252492306624544768/?w=data%20scientist&l=&oc=sponsored&k=web.1.4.11&uuid=arF001a08a56ac1000bd&page_item_id=1864921130
2026-09-15 22:46:31,799 [INFO]     🔗❌ Link inactivo, descartada: Senior Data Scientist, Meridian MMM & Time‑Series → https://open.app.jobrapido.com/ar/4476676536828690432/?w=data%20scientist&l=&oc=sponsored&k=web.1.4.13&uuid=arF001a08a56ac1000bd&page_item_id=-1365636277
2026-09-15 22:46:31,913 [INFO]     🔗❌ Link inactivo, descartada: Anuncios Google → https://open.app.jobrapido.com/ar/7192321548487753728/?w=data%20scientist&l=&oc=sponsored&k=web.1.5.0&uuid=arF001a08a583116012d&page_item_id=-595681634
2026-09-15 22:46:31,962 [INFO]     🔗❌ Link inactivo, descartada: Senior Data Scientist — 1-Year Contract (Pricing & Modeling) → https://open.app.jobrapido.com/ar/1375720388318724096/?w=data%20scientist&l=&oc=sponsored&k=web.1.4.5&uuid=arF001a08a56ac1000bd&page_item_id=-1698605266
2026-09-15 22:46:32,000 [INFO]     🔗❌ Link inactivo, descartada: Data Scientist IA Generativa y RAG - Diseña Soluciones IA → https://open.app.jobrapido.com/ar/8268904991570264064/?w=data%20scientist&l=&oc=sponsored&k=web.1.5.1&uuid=arF001a08a583116012d&page_item_id=1665785618
2026-09-15 22:46:32,284 [INFO]     🔗❌ Link inactivo, descartada: Data Scientist (SR) – Python / ML / GCP (Híbrido) · Inglés a → https://open.app.jobrapido.com/ar/7255971400446377984/?w=data%20scientist&l=&oc=sponsored&k=web.1.5.4&uuid=arF001a08a583116012d&page_item_id=928638196
2026-09-15 22:46:32,302 [INFO]     🔗❌ Link inactivo, descartada: Senior Data Scientist - Meridian MMM (Remote) → https://open.app.jobrapido.com/ar/3743715697474142208/?w=data%20scientist&l=&oc=sponsored&k=web.1.4.10&uuid=arF001a08a56ac1000bd&page_item_id=725561791
2026-09-15 22:46:32,307 [INFO]     🔗❌ Link inactivo, descartada: Data Scientist (SSR) – Python / LLMs / Hugging Face (Híbrido → https://open.app.jobrapido.com/ar/8155681476029972480/?w=data%20scientist&l=&oc=sponsored&k=web.1.5.5&uuid=arF001a08a583116012d&page_item_id=1385024868
2026-09-15 22:46:32,356 [INFO]     🔗❌ Link inactivo, descartada: Data Scientist → https://open.app.jobrapido.com/ar/604350670048329728/?w=data%20scientist&l=&oc=sponsored&k=web.1.5.6&uuid=arF001a08a583116012d&page_item_id=-114035117
2026-09-15 22:46:32,391 [INFO]     🔗❌ Link inactivo, descartada: Remote Data Scientist: Python, Spark & Big Data → https://open.app.jobrapido.com/ar/5608423801126649856/?w=data%20scientist&l=&oc=sponsored&k=web.1.5.7&uuid=arF001a08a583116012d&page_item_id=-1786056885
2026-09-15 22:46:32,573 [INFO]     🔗❌ Link inactivo, descartada: Senior Data Scientist: Churn & AI Content Tagging - Remote → https://open.app.jobrapido.com/ar/8569811035983183872/?w=data%20scientist&l=&oc=sponsored&k=web.1.4.14&uuid=arF001a08a56ac1000bd&page_item_id=822106948
2026-09-15 22:46:32,675 [INFO]     🔗❌ Link inactivo, descartada: Senior Data Scientist → https://open.app.jobrapido.com/ar/52098964765278208/?w=data%20scientist&l=&oc=sponsored&k=web.1.5.8&uuid=arF001a08a583116012d&page_item_id=1667258744
2026-09-15 22:46:32,717 [INFO]     🔗❌ Link inactivo, descartada: Senior Data Scientist, Cyber Risk & Threat Intelligence → https://open.app.jobrapido.com/ar/3091755209722953728/?w=data%20scientist&l=&oc=sponsored&k=web.1.5.10&uuid=arF001a08a583116012d&page_item_id=363617299
2026-09-15 22:46:32,725 [INFO]     🔗❌ Link inactivo, descartada: Líder de Data Science y ML en Producción — Híbrido → https://open.app.jobrapido.com/ar/4070886257176084480/?w=data%20scientist&l=&oc=sponsored&k=web.1.5.9&uuid=arF001a08a583116012d&page_item_id=-145320529
2026-09-15 22:46:32,740 [INFO]     🔗❌ Link inactivo, descartada: Lead Applied Scientist: Adtech & ROAS Modeling → https://open.app.jobrapido.com/ar/6387397003080368128/?w=data%20scientist&l=&oc=sponsored&k=web.1.5.11&uuid=arF001a08a583116012d&page_item_id=-382784317
2026-09-15 22:46:32,762 [INFO]     🔗❌ Link inactivo, descartada: Senior Data Scientist Meridian MMM & AI Analytics (Remote) → https://open.app.jobrapido.com/ar/3414430656652902400/?w=data%20scientist&l=&oc=sponsored&k=web.1.5.3&uuid=arF001a08a583116012d&page_item_id=1515585785
2026-09-15 22:46:32,766 [INFO]     🔗❌ Link inactivo, descartada: Hybrid Data Scientist — Travel Tech & End-to-End ML → https://open.app.jobrapido.com/ar/4536395617538146304/?w=data%20scientist&l=&oc=sponsored&k=web.1.5.2&uuid=arF001a08a583116012d&page_item_id=-2117301799
2026-09-15 22:46:32,790 [INFO]     🔗❌ Link inactivo, descartada: Remote Senior AdTech Applied Scientist - ROAS & ML → https://open.app.jobrapido.com/ar/2579407805068869632/?w=data%20scientist&l=&oc=sponsored&k=web.1.5.12&uuid=arF001a08a583116012d&page_item_id=-1607911104
2026-09-15 22:46:33,317 [INFO]     🔗❌ Link inactivo, descartada: Sr Web Analyst | Remote for Marketing Agency for Education → https://open.app.jobrapido.com/ar/4579711496589672448/?w=data%20analyst&l=&oc=sponsored&k=web.1.1.3&uuid=arF001a08a59dc2801c6&page_item_id=1365696809
2026-09-15 22:46:33,318 [INFO]     🔗❌ Link inactivo, descartada: Remote Staff Applied Scientist, AdTech & ROAS Impact → https://open.app.jobrapido.com/ar/3337754168885510144/?w=data%20scientist&l=&oc=sponsored&k=web.1.5.13&uuid=arF001a08a583116012d&page_item_id=-2013837482
2026-09-15 22:46:33,320 [INFO]     🔗❌ Link inactivo, descartada: Senior Revenue Analytics & Promotions Lead → https://open.app.jobrapido.com/ar/8460275608859967488/?w=data%20analyst&l=&oc=sponsored&k=web.1.1.0&uuid=arF001a08a59dc2801c6&page_item_id=290769040
2026-09-15 22:46:33,709 [INFO]     🔗❌ Link inactivo, descartada: Senior Data Analyst ID80370 → https://open.app.jobrapido.com/ar/8874994283707367424/?w=data%20analyst&l=&oc=sponsored&k=web.1.1.7&uuid=arF001a08a59dc2801c6&page_item_id=-787715817
2026-09-15 22:46:33,713 [INFO]     🔗❌ Link inactivo, descartada: Web Analyst | Remote for Marketing Agency for Education → https://open.app.jobrapido.com/ar/607470654551228416/?w=data%20analyst&l=&oc=sponsored&k=web.1.1.6&uuid=arF001a08a59dc2801c6&page_item_id=-457758060
2026-09-15 22:46:33,728 [INFO]     🔗❌ Link inactivo, descartada: Data Analyst - Semi Senior → https://open.app.jobrapido.com/ar/8886524243672563712/?w=data%20analyst&l=&oc=sponsored&k=web.1.1.8&uuid=arF001a08a59dc2801c6&page_item_id=897910476
2026-09-15 22:46:34,065 [INFO]     🔗❌ Link inactivo, descartada: Inventory Analyst I → https://open.app.jobrapido.com/ar/5084718716235546624/?w=data%20analyst&l=&oc=sponsored&k=web.1.1.2&uuid=arF001a08a59dc2801c6&page_item_id=1866052005
2026-09-15 22:46:34,072 [INFO]     🔗❌ Link inactivo, descartada: Web Analyst | Remote for Marketing Agency for Education → https://open.app.jobrapido.com/ar/4029769178041810944/?w=data%20analyst&l=&oc=sponsored&k=web.1.1.4&uuid=arF001a08a59dc2801c6&page_item_id=1741373657
2026-09-15 22:46:34,106 [INFO]     🔗❌ Link inactivo, descartada: Senior Business Analyst ID77078 → https://open.app.jobrapido.com/ar/6980965572196433920/?w=data%20analyst&l=&oc=sponsored&k=web.1.1.9&uuid=arF001a08a59dc2801c6&page_item_id=-348352922
2026-09-15 22:46:34,128 [INFO]     🔗❌ Link inactivo, descartada: Data Analyst → https://open.app.jobrapido.com/ar/3677629482367188992/?w=data%20analyst&l=&oc=sponsored&k=web.1.1.11&uuid=arF001a08a59dc2801c6&page_item_id=839119348
2026-09-15 22:46:34,133 [INFO]     🔗❌ Link inactivo, descartada: Revenue Management Analyst ID86906 → https://open.app.jobrapido.com/ar/4219479601493049344/?w=data%20analyst&l=&oc=sponsored&k=web.1.1.10&uuid=arF001a08a59dc2801c6&page_item_id=754674849
2026-09-15 22:46:34,317 [INFO]     🔗❌ Link inactivo, descartada: Senior Business Analyst ID85837 → https://open.app.jobrapido.com/ar/7591358576182951936/?w=data%20analyst&l=&oc=sponsored&k=web.1.1.5&uuid=arF001a08a59dc2801c6&page_item_id=-607096947
2026-09-15 22:46:34,330 [INFO]     🔗❌ Link inactivo, descartada: Senior Medical Scientist — 100% Remote → https://open.app.jobrapido.com/ar/1485879719571226624/?w=data%20scientist&l=&oc=sponsored&k=web.1.5.14&uuid=arF001a08a583116012d&page_item_id=1432740679
2026-09-15 22:46:34,450 [INFO]     🔗❌ Link inactivo, descartada: Strategic Data & Projects Analyst → https://open.app.jobrapido.com/ar/1365118553606324224/?w=data%20analyst&l=&oc=sponsored&k=web.1.1.13&uuid=arF001a08a59dc2801c6&page_item_id=2095574022
2026-09-15 22:46:34,501 [INFO]     🔗❌ Link inactivo, descartada: Data Analyst Excel - Remote → https://open.app.jobrapido.com/ar/1262614176925220864/?w=data%20analyst&l=&oc=sponsored&k=web.1.1.16&uuid=arF001a08a59dc2801c6&page_item_id=-1433544192
2026-09-15 22:46:34,512 [INFO]     🔗❌ Link inactivo, descartada: Strategic Data & Projects Analyst → https://open.app.jobrapido.com/ar/378997360979607552/?w=data%20analyst&l=&oc=sponsored&k=web.1.1.14&uuid=arF001a08a59dc2801c6&page_item_id=-750390284
2026-09-15 22:46:34,715 [INFO]     🔗❌ Link inactivo, descartada: Senior Data Governance Analyst → https://open.app.jobrapido.com/ar/7545525794756362240/?w=data%20analyst&l=&oc=sponsored&k=web.1.1.17&uuid=arF001a08a59dc2801c6&page_item_id=-970483288
2026-09-15 22:46:34,721 [INFO]     🔗❌ Link inactivo, descartada: Data Analyst/ Analytics Engineer → https://open.app.jobrapido.com/ar/877989410207956992/?w=data%20analyst&l=&oc=sponsored&k=web.1.1.18&uuid=arF001a08a59dc2801c6&page_item_id=2117114073
2026-09-15 22:46:34,915 [INFO]     🔗❌ Link inactivo, descartada: Campaign Data Analyst → https://open.app.jobrapido.com/ar/6090159427673915392/?w=data%20analyst&l=&oc=sponsored&k=web.1.2.0&uuid=arF001a08a5bc479027a&page_item_id=-1853441959
2026-09-15 22:46:34,922 [INFO]     🔗❌ Link inactivo, descartada: Sr. Data Analyst → https://open.app.jobrapido.com/ar/7576767318147989504/?w=data%20analyst&l=&oc=sponsored&k=web.1.2.1&uuid=arF001a08a5bc479027a&page_item_id=-1678616986
2026-09-15 22:46:35,065 [INFO]     🔗❌ Link inactivo, descartada: Remote Senior Revenue Analytics (Subscriptions) → https://open.app.jobrapido.com/ar/5777292414737711104/?w=data%20analyst&l=&oc=sponsored&k=web.1.1.1&uuid=arF001a08a59dc2801c6&page_item_id=-225808999
2026-09-15 22:46:35,130 [INFO]     🔗❌ Link inactivo, descartada: Business, Data & Projects Analyst → https://open.app.jobrapido.com/ar/3255108673009090560/?w=data%20analyst&l=&oc=sponsored&k=web.1.2.3&uuid=arF001a08a5bc479027a&page_item_id=-322613527
2026-09-15 22:46:35,134 [INFO]     🔗❌ Link inactivo, descartada: Business, Data & Projects Analyst → https://open.app.jobrapido.com/ar/7782323404962529280/?w=data%20analyst&l=&oc=sponsored&k=web.1.2.2&uuid=arF001a08a5bc479027a&page_item_id=1874815019
2026-09-15 22:46:35,198 [INFO]     🔗❌ Link inactivo, descartada: Data Analyst → https://open.app.jobrapido.com/ar/2060086455857840128/?w=data%20analyst&l=&oc=sponsored&k=web.1.1.12&uuid=arF001a08a59dc2801c6&page_item_id=-452148528
2026-09-15 22:46:35,264 [INFO]     🔗❌ Link inactivo, descartada: Infrastructure Data & Analytics Analyst → https://open.app.jobrapido.com/ar/6277780091837612032/?w=data%20analyst&l=&oc=sponsored&k=web.1.1.15&uuid=arF001a08a59dc2801c6&page_item_id=-692866862
2026-09-15 22:46:35,317 [INFO]     🔗❌ Link inactivo, descartada: Targeting & Alignment Data Analyst II → https://open.app.jobrapido.com/ar/2679129163201249280/?w=data%20analyst&l=&oc=sponsored&k=web.1.2.5&uuid=arF001a08a5bc479027a&page_item_id=893099894
2026-09-15 22:46:35,328 [INFO]     🔗❌ Link inactivo, descartada: Data Analyst: Data Pipelines, CRM & BigQuery (Hybrid) → https://open.app.jobrapido.com/ar/2491756782506999808/?w=data%20analyst&l=&oc=sponsored&k=web.1.2.4&uuid=arF001a08a5bc479027a&page_item_id=-1397795969
2026-09-15 22:46:35,500 [INFO]     🔗❌ Link inactivo, descartada: Remote Eligibility & Accumulator Data Analyst → https://open.app.jobrapido.com/ar/6292396999417266176/?w=data%20analyst&l=&oc=sponsored&k=web.1.2.6&uuid=arF001a08a5bc479027a&page_item_id=2093196867
2026-09-15 22:46:35,526 [INFO]     🔗❌ Link inactivo, descartada: Cyber Resilience Data Analyst (Hybrid) → https://open.app.jobrapido.com/ar/2554983253769453568/?w=data%20analyst&l=&oc=sponsored&k=web.1.2.8&uuid=arF001a08a5bc479027a&page_item_id=-1810208959
2026-09-15 22:46:35,581 [INFO]     🔗❌ Link inactivo, descartada: Data Analyst, Operations → https://open.app.jobrapido.com/ar/6870944470171385856/?w=data%20analyst&l=&oc=sponsored&k=web.1.1.19&uuid=arF001a08a59dc2801c6&page_item_id=-1092569011
2026-09-15 22:46:35,598 [INFO]     🔗❌ Link inactivo, descartada: Clinical Data & Reporting Operations Analyst → https://open.app.jobrapido.com/ar/4933666709300051968/?w=data%20analyst&l=&oc=sponsored&k=web.1.2.7&uuid=arF001a08a5bc479027a&page_item_id=315231503
2026-09-15 22:46:35,606 [INFO]     🔗❌ Link inactivo, descartada: Data Analyst II, Targeting & Alignment → https://open.app.jobrapido.com/ar/6117506944736428032/?w=data%20analyst&l=&oc=sponsored&k=web.1.2.9&uuid=arF001a08a5bc479027a&page_item_id=-143833979
2026-09-15 22:46:35,677 [INFO]     🔗❌ Link inactivo, descartada: Aquiva, Argentina - Salesforce Data Analyst → https://open.app.jobrapido.com/ar/3429796486269894656/?w=data%20analyst&l=&oc=sponsored&k=web.1.2.10&uuid=arF001a08a5bc479027a&page_item_id=-1233323561
2026-09-15 22:46:35,730 [INFO]     🔗❌ Link inactivo, descartada: Data and Reporting Analyst Jr → https://open.app.jobrapido.com/ar/1155337936959438848/?w=data%20analyst&l=&oc=sponsored&k=web.1.2.11&uuid=arF001a08a5bc479027a&page_item_id=-1800481767
2026-09-15 22:46:35,740 [INFO]     🔗❌ Link inactivo, descartada: Trading Insights Data Analyst → https://open.app.jobrapido.com/ar/7135166185296887808/?w=data%20analyst&l=&oc=sponsored&k=web.1.2.12&uuid=arF001a08a5bc479027a&page_item_id=-1051825091
2026-09-15 22:46:35,919 [INFO]     🔗❌ Link inactivo, descartada: Senior Data Analyst → https://open.app.jobrapido.com/ar/7176158177803632640/?w=data%20analyst&l=&oc=sponsored&k=web.1.2.14&uuid=arF001a08a5bc479027a&page_item_id=953720374
2026-09-15 22:46:35,983 [INFO]     🔗❌ Link inactivo, descartada: Data Analyst - Open application → https://open.app.jobrapido.com/ar/6064140034758410240/?w=data%20analyst&l=&oc=sponsored&k=web.1.2.15&uuid=arF001a08a5bc479027a&page_item_id=-1025317092
2026-09-15 22:46:36,001 [INFO]     🔗❌ Link inactivo, descartada: Remote Data Quality Analyst – SQL, Python & Observability → https://open.app.jobrapido.com/ar/6351332248595202048/?w=data%20analyst&l=&oc=sponsored&k=web.1.2.17&uuid=arF001a08a5bc479027a&page_item_id=-103967154
2026-09-15 22:46:36,078 [INFO]     🔗❌ Link inactivo, descartada: Senior Performance Data Analyst → https://open.app.jobrapido.com/ar/6177466337456029696/?w=data%20analyst&l=&oc=sponsored&k=web.1.2.18&uuid=arF001a08a5bc479027a&page_item_id=1153193855
2026-09-15 22:46:36,127 [INFO]     🔗❌ Link inactivo, descartada: Data Analyst Ssr → https://open.app.jobrapido.com/ar/8753527884112461824/?w=data%20analyst&l=&oc=sponsored&k=web.1.3.0&uuid=arF001a08a5dcb670321&page_item_id=1974097843
2026-09-15 22:46:36,137 [INFO]     🔗❌ Link inactivo, descartada: Data Analyst (Talent pool) → https://open.app.jobrapido.com/ar/2967479334580781056/?w=data%20analyst&l=&oc=sponsored&k=web.1.2.19&uuid=arF001a08a5bc479027a&page_item_id=-1544331291
2026-09-15 22:46:36,381 [INFO]     🔗❌ Link inactivo, descartada: Data Quality Assurance Analyst → https://open.app.jobrapido.com/ar/2477716156459253760/?w=data%20analyst&l=&oc=sponsored&k=web.1.3.2&uuid=arF001a08a5dcb670321&page_item_id=-1831325256
2026-09-15 22:46:36,400 [INFO]     🔗❌ Link inactivo, descartada: Hybrid Data Analyst: AI-Driven Insights & Quality → https://open.app.jobrapido.com/ar/7602978764821102592/?w=data%20analyst&l=&oc=sponsored&k=web.1.3.3&uuid=arF001a08a5dcb670321&page_item_id=-1248220235
2026-09-15 22:46:36,553 [INFO]     🔗❌ Link inactivo, descartada: Senior Salesforce Data Cloud Analyst — Marketing Data Flows → https://open.app.jobrapido.com/ar/7820808321979383808/?w=data%20analyst&l=&oc=sponsored&k=web.1.3.6&uuid=arF001a08a5dcb670321&page_item_id=1355119608
2026-09-15 22:46:36,554 [INFO]     🔗❌ Link inactivo, descartada: Remote Senior Data Analyst — BI, Snowflake & Visualization → https://open.app.jobrapido.com/ar/1690292125314318336/?w=data%20analyst&l=&oc=sponsored&k=web.1.3.5&uuid=arF001a08a5dcb670321&page_item_id=-1595075022
2026-09-15 22:46:36,677 [INFO]     🔗❌ Link inactivo, descartada: Data and Reporting Analyst Jr → https://open.app.jobrapido.com/ar/5753656093016326144/?w=data%20analyst&l=&oc=sponsored&k=web.1.2.13&uuid=arF001a08a5bc479027a&page_item_id=879483606
2026-09-15 22:46:36,736 [INFO]     🔗❌ Link inactivo, descartada: Data-Driven Tech Business Analyst | Process & Automation → https://open.app.jobrapido.com/ar/4477868132555292672/?w=data%20analyst&l=&oc=sponsored&k=web.1.2.16&uuid=arF001a08a5bc479027a&page_item_id=2122388068
2026-09-15 22:46:36,789 [INFO]     🔗❌ Link inactivo, descartada: Financial & Data Analyst → https://open.app.jobrapido.com/ar/8284229503601868800/?w=data%20analyst&l=&oc=sponsored&k=web.1.3.7&uuid=arF001a08a5dcb670321&page_item_id=-2073112445
2026-09-15 22:46:36,817 [INFO]     🔗❌ Link inactivo, descartada: Senior Data Analyst - Education Growth & AI Insights → https://open.app.jobrapido.com/ar/4278650300778151936/?w=data%20analyst&l=&oc=sponsored&k=web.1.3.8&uuid=arF001a08a5dcb670321&page_item_id=734429791
2026-09-15 22:46:36,927 [INFO]     🔗❌ Link inactivo, descartada: Remote Data Migration Analyst - SQL, Python, ETL → https://open.app.jobrapido.com/ar/2833317252177068032/?w=data%20analyst&l=&oc=sponsored&k=web.1.3.9&uuid=arF001a08a5dcb670321&page_item_id=-2065691955
2026-09-15 22:46:36,937 [INFO]     🔗❌ Link inactivo, descartada: Senior AI-Driven Data Governance Analyst → https://open.app.jobrapido.com/ar/4516582366466015232/?w=data%20analyst&l=&oc=sponsored&k=web.1.3.10&uuid=arF001a08a5dcb670321&page_item_id=-9248711
2026-09-15 22:46:37,084 [INFO]     🔗❌ Link inactivo, descartada: Campaign Data Analyst: SQL, ETL & Validation → https://open.app.jobrapido.com/ar/3180279914532175872/?w=data%20analyst&l=&oc=sponsored&k=web.1.3.11&uuid=arF001a08a5dcb670321&page_item_id=-1209829904
2026-09-15 22:46:37,088 [INFO]     🔗❌ Link inactivo, descartada: Senior Data & Reporting Analyst → https://open.app.jobrapido.com/ar/6377084683523457024/?w=data%20analyst&l=&oc=sponsored&k=web.1.3.1&uuid=arF001a08a5dcb670321&page_item_id=-1755706510
2026-09-15 22:46:37,143 [INFO]     🔗❌ Link inactivo, descartada: Global SCM Data Analyst: Procurement & Analytics → https://open.app.jobrapido.com/ar/2986415037934993408/?w=data%20analyst&l=&oc=sponsored&k=web.1.3.12&uuid=arF001a08a5dcb670321&page_item_id=2032312187
2026-09-15 22:46:37,177 [INFO]     🔗❌ Link inactivo, descartada: Junior Data Analyst → https://open.app.jobrapido.com/ar/6710914401039286272/?w=data%20analyst&l=&oc=sponsored&k=web.1.3.13&uuid=arF001a08a5dcb670321&page_item_id=-1908491488
2026-09-15 22:46:37,200 [INFO]     🔗❌ Link inactivo, descartada: Data & Analytics Analyst – Banking Risk & Modeling → https://open.app.jobrapido.com/ar/7008342329396297728/?w=data%20analyst&l=&oc=sponsored&k=web.1.3.14&uuid=arF001a08a5dcb670321&page_item_id=372278891
2026-09-15 22:46:37,230 [INFO]     🔗❌ Link inactivo, descartada: AI Data Security & DLP Analyst (Remote) → https://open.app.jobrapido.com/ar/7447980060897705984/?w=data%20analyst&l=&oc=sponsored&k=web.1.3.4&uuid=arF001a08a5dcb670321&page_item_id=87088378
2026-09-15 22:46:37,319 [INFO]     🔗❌ Link inactivo, descartada: Remote CRO Data and Integration Business Analyst → https://open.app.jobrapido.com/ar/6768652660011696128/?w=data%20analyst&l=&oc=sponsored&k=web.1.3.16&uuid=arF001a08a5dcb670321&page_item_id=1566396904
2026-09-15 22:46:37,339 [INFO]     🔗❌ Link inactivo, descartada: Remote Data Analyst — Product & Customer Analytics → https://open.app.jobrapido.com/ar/9149930962983845888/?w=data%20analyst&l=&oc=sponsored&k=web.1.3.15&uuid=arF001a08a5dcb670321&page_item_id=-880654697
2026-09-15 22:46:37,486 [INFO]     🔗❌ Link inactivo, descartada: Senior Data Analyst, B2B — Remote Growth & Insights → https://open.app.jobrapido.com/ar/3141715557800214528/?w=data%20analyst&l=&oc=sponsored&k=web.1.3.17&uuid=arF001a08a5dcb670321&page_item_id=-1074117796
2026-09-15 22:46:37,490 [INFO]     🔗❌ Link inactivo, descartada: Junior Data & Reporting Analyst (Part-Time) — Hybrid → https://open.app.jobrapido.com/ar/8344351778661203968/?w=data%20analyst&l=&oc=sponsored&k=web.1.3.18&uuid=arF001a08a5dcb670321&page_item_id=907885985
2026-09-15 22:46:37,540 [INFO]     🔗❌ Link inactivo, descartada: SCM Data Analytics Analyst – Procurement & Supply Chain → https://open.app.jobrapido.com/ar/3908991880179744768/?w=data%20analyst&l=&oc=sponsored&k=web.1.3.19&uuid=arF001a08a5dcb670321&page_item_id=1535480831
2026-09-15 22:46:37,585 [INFO]     🔗❌ Link inactivo, descartada: Senior Data Analyst - Enterprise Risk & Insights → https://open.app.jobrapido.com/ar/8219227355420295168/?w=data%20analyst&l=&oc=sponsored&k=web.1.4.1&uuid=arF001a08a5fb66903b1&page_item_id=-794630432
2026-09-15 22:46:37,595 [INFO]     🔗❌ Link inactivo, descartada: Data Analyst Lead → https://open.app.jobrapido.com/ar/8963651428128129024/?w=data%20analyst&l=&oc=sponsored&k=web.1.4.2&uuid=arF001a08a5fb66903b1&page_item_id=-514382353
2026-09-15 22:46:37,625 [INFO]     🔗❌ Link inactivo, descartada: Data Analyst - POSICIÓN CUBIERTA → https://open.app.jobrapido.com/ar/5654771145405104128/?w=data%20analyst&l=&oc=sponsored&k=web.1.4.3&uuid=arF001a08a5fb66903b1&page_item_id=2073458350
2026-09-15 22:46:37,736 [INFO]     🔗❌ Link inactivo, descartada: FP&A Data Analyst → https://open.app.jobrapido.com/ar/7571120647334526976/?w=data%20analyst&l=&oc=sponsored&k=web.1.4.5&uuid=arF001a08a5fb66903b1&page_item_id=1862960833
2026-09-15 22:46:37,913 [INFO]     🔗❌ Link inactivo, descartada: Remote Revenue Operations Analyst – Growth & Data → https://open.app.jobrapido.com/ar/2319362309983567872/?w=data%20analyst&l=&oc=sponsored&k=web.1.4.7&uuid=arF001a08a5fb66903b1&page_item_id=1780022474
2026-09-15 22:46:37,957 [INFO]     🔗❌ Link inactivo, descartada: BI Analyst & Data Visualization → https://open.app.jobrapido.com/ar/6756288222260625408/?w=data%20analyst&l=&oc=sponsored&k=web.1.4.8&uuid=arF001a08a5fb66903b1&page_item_id=1976569530
2026-09-15 22:46:38,046 [INFO]     🔗❌ Link inactivo, descartada: Data Analyst (Product Mapping) + Data Engineer (IBTE) → https://open.app.jobrapido.com/ar/4521194388247805952/?w=data%20analyst&l=&oc=sponsored&k=web.1.4.11&uuid=arF001a08a5fb66903b1&page_item_id=-2123552432
2026-09-15 22:46:38,151 [INFO]     🔗❌ Link inactivo, descartada: Aquiva, Argentina - Salesforce Data Analyst → https://open.app.jobrapido.com/ar/3692546625340702720/?w=data%20analyst&l=&oc=sponsored&k=web.1.4.12&uuid=arF001a08a5fb66903b1&page_item_id=-1519344346
2026-09-15 22:46:38,322 [INFO]     🔗❌ Link inactivo, descartada: Remote Data Analyst, Excel Insights for AI Training → https://open.app.jobrapido.com/ar/2747934350304608256/?w=data%20analyst&l=&oc=sponsored&k=web.1.4.13&uuid=arF001a08a5fb66903b1&page_item_id=-1350041515
2026-09-15 22:46:38,362 [INFO]     🔗❌ Link inactivo, descartada: Data Analyst SR – (IB- 5782313) → https://open.app.jobrapido.com/ar/2205394476610879488/?w=data%20analyst&l=&oc=sponsored&k=web.1.4.14&uuid=arF001a08a5fb66903b1&page_item_id=553399815
2026-09-15 22:46:38,449 [INFO]     🔗❌ Link inactivo, descartada: Data Analyst | AI-Driven Insights for Global Subscriptions → https://open.app.jobrapido.com/ar/841807437475348480/?w=data%20analyst&l=&oc=sponsored&k=web.1.4.15&uuid=arF001a08a5fb66903b1&page_item_id=-656157523
2026-09-15 22:46:38,493 [INFO]     🔗❌ Link inactivo, descartada: Data Risk Analyst → https://open.app.jobrapido.com/ar/8635815681071251456/?w=data%20analyst&l=&oc=sponsored&k=web.1.4.4&uuid=arF001a08a5fb66903b1&page_item_id=1900263853
2026-09-15 22:46:38,567 [INFO]     🔗❌ Link inactivo, descartada: HubSpot Data & Reporting Analyst Jr - Part-Time (Hybrid) → https://open.app.jobrapido.com/ar/2350623624584495104/?w=data%20analyst&l=&oc=sponsored&k=web.1.4.16&uuid=arF001a08a5fb66903b1&page_item_id=1600661244
2026-09-15 22:46:38,599 [INFO]     🔗❌ Link inactivo, descartada: Accounting Analyst: Data-Driven Finance & Dashboards → https://open.app.jobrapido.com/ar/4544204074240704512/?w=data%20analyst&l=&oc=sponsored&k=web.1.4.6&uuid=arF001a08a5fb66903b1&page_item_id=-621357231
2026-09-15 22:46:38,732 [INFO]     🔗❌ Link inactivo, descartada: Remote Fraud Data Analyst — Detect & Prevent FinTech Fraud → https://open.app.jobrapido.com/ar/6358373314901049344/?w=data%20analyst&l=&oc=sponsored&k=web.1.4.17&uuid=arF001a08a5fb66903b1&page_item_id=311537180
2026-09-15 22:46:38,766 [INFO]     🔗❌ Link inactivo, descartada: Senior Data & Analytics Strategy Analyst → https://open.app.jobrapido.com/ar/7524269125435129856/?w=data%20analyst&l=&oc=sponsored&k=web.1.4.9&uuid=arF001a08a5fb66903b1&page_item_id=-1739660433
2026-09-15 22:46:38,775 [INFO]     🔗❌ Link inactivo, descartada: Data & Analytics Analyst - Financial Institutions Advisory → https://open.app.jobrapido.com/ar/3838949072480239616/?w=data%20analyst&l=&oc=sponsored&k=web.1.4.10&uuid=arF001a08a5fb66903b1&page_item_id=-1222672162
2026-09-15 22:46:38,778 [INFO]     🔗❌ Link inactivo, descartada: Argentina (Remote) CookUnity Staff Data Analyst, Marketplace → https://open.app.jobrapido.com/ar/7516665813550497792/?w=data%20analyst&l=&oc=sponsored&k=web.1.4.18&uuid=arF001a08a5fb66903b1&page_item_id=2012623039
2026-09-15 22:46:38,854 [INFO]     🔗❌ Link inactivo, descartada: Data Operations Analyst - Pipelines & Insights (Argentina) → https://open.app.jobrapido.com/ar/5260601664276004864/?w=data%20analyst&l=&oc=sponsored&k=web.1.4.19&uuid=arF001a08a5fb66903b1&page_item_id=-1195420695
2026-09-15 22:46:38,904 [INFO]     🔗❌ Link inactivo, descartada: Data Visualization Analyst → https://open.app.jobrapido.com/ar/2358935777871659008/?w=data%20analyst&l=&oc=sponsored&k=web.1.5.1&uuid=arF001a08a61963a047c&page_item_id=9715432
2026-09-15 22:46:38,978 [INFO]     🔗❌ Link inactivo, descartada: Anuncios Google → https://open.app.jobrapido.com/ar/244336804671520768/?w=machine%20learning&l=&oc=sponsored&k=web.1.1.0&uuid=arF001a08a61dc230487&page_item_id=2063128032
2026-09-15 22:46:38,987 [INFO]     🔗❌ Link inactivo, descartada: Analista de Innovación, Automatización e Inteligencia Artifi → https://open.app.jobrapido.com/ar/6712486290350145536/?w=machine%20learning&l=&oc=sponsored&k=web.1.1.1&uuid=arF001a08a61dc230487&page_item_id=1498241671
2026-09-15 22:46:39,126 [INFO]     🔗❌ Link inactivo, descartada: Backend Developer - Part Time → https://open.app.jobrapido.com/ar/1227670254285488128/?w=machine%20learning&l=&oc=sponsored&k=web.1.1.2&uuid=arF001a08a61dc230487&page_item_id=-607591818
2026-09-15 22:46:39,160 [INFO]     🔗❌ Link inactivo, descartada: Senior Databricks Data Engineer ID86297 → https://open.app.jobrapido.com/ar/960470374477201408/?w=machine%20learning&l=&oc=sponsored&k=web.1.1.3&uuid=arF001a08a61dc230487&page_item_id=-591528270
2026-09-15 22:46:39,170 [INFO]     🔗❌ Link inactivo, descartada: Senior BI Product Manager ID65844 → https://open.app.jobrapido.com/ar/4477228560385310720/?w=machine%20learning&l=&oc=sponsored&k=web.1.1.5&uuid=arF001a08a61dc230487&page_item_id=-1251017021
2026-09-15 22:46:39,280 [INFO]     🔗❌ Link inactivo, descartada: Senior Salesforce Developer ID88016 → https://open.app.jobrapido.com/ar/5806348521330180096/?w=machine%20learning&l=&oc=sponsored&k=web.1.1.6&uuid=arF001a08a61dc230487&page_item_id=-1223144883
2026-09-15 22:46:39,308 [INFO]     🔗❌ Link inactivo, descartada: AI Machine Learning Engineer - Remote - Latin America → https://open.app.jobrapido.com/ar/5178302669181157376/?w=machine%20learning&l=&oc=sponsored&k=web.1.1.8&uuid=arF001a08a61dc230487&page_item_id=1302783346
2026-09-15 22:46:39,371 [INFO]     🔗❌ Link inactivo, descartada: Ex-MBB Strategy Consultant - AI Training (Remote) → https://open.app.jobrapido.com/ar/3081607112535572480/?w=machine%20learning&l=&oc=sponsored&k=web.1.1.11&uuid=arF001a08a61dc230487&page_item_id=872413446
2026-09-15 22:46:39,391 [INFO]     🔗❌ Link inactivo, descartada: Remote AI/ML Engineer - Build Production-Grade Models → https://open.app.jobrapido.com/ar/2697750560848740352/?w=machine%20learning&l=&oc=sponsored&k=web.1.1.9&uuid=arF001a08a61dc230487&page_item_id=-1903012982
2026-09-15 22:46:39,544 [INFO]     🔗❌ Link inactivo, descartada: Senior Machine Learning Engineer → https://open.app.jobrapido.com/ar/6681249302443982848/?w=machine%20learning&l=&oc=sponsored&k=web.1.1.14&uuid=arF001a08a61dc230487&page_item_id=73414513
2026-09-15 22:46:39,567 [INFO]     🔗❌ Link inactivo, descartada: Machine Learning Engineer → https://open.app.jobrapido.com/ar/3473693577475784704/?w=machine%20learning&l=&oc=sponsored&k=web.1.2.1&uuid=arF001a08a62f7b00512&page_item_id=-1229348783
2026-09-15 22:46:39,677 [INFO]     🔗❌ Link inactivo, descartada: Machine Learning Specialist → https://open.app.jobrapido.com/ar/5430239128572657664/?w=machine%20learning&l=&oc=sponsored&k=web.1.2.2&uuid=arF001a08a62f7b00512&page_item_id=-288134103
2026-09-15 22:46:39,753 [INFO]     🔗❌ Link inactivo, descartada: Machine Learning Manager, Security & Research → https://open.app.jobrapido.com/ar/2577351718324928512/?w=machine%20learning&l=&oc=sponsored&k=web.1.2.4&uuid=arF001a08a62f7b00512&page_item_id=-1398003500
2026-09-15 22:46:39,811 [INFO]     🔗❌ Link inactivo, descartada: Machine Learning Engineer - Production ML & Data Solutions → https://open.app.jobrapido.com/ar/8657487381672230912/?w=machine%20learning&l=&oc=sponsored&k=web.1.2.5&uuid=arF001a08a62f7b00512&page_item_id=607778817
2026-09-15 22:46:39,932 [INFO]     🔗❌ Link inactivo, descartada: Middle Databricks Data Engineer ID86295 → https://open.app.jobrapido.com/ar/8828269506292875264/?w=machine%20learning&l=&oc=sponsored&k=web.1.1.4&uuid=arF001a08a61dc230487&page_item_id=-2115548204
2026-09-15 22:46:39,980 [INFO]     🔗❌ Link inactivo, descartada: Machine Learning Engineer Sr. (IA Generativa) → https://open.app.jobrapido.com/ar/1802589628725723136/?w=machine%20learning&l=&oc=sponsored&k=web.1.2.7&uuid=arF001a08a62f7b00512&page_item_id=-793893353
2026-09-15 22:46:40,065 [INFO]     🔗❌ Link inactivo, descartada: Machine Learning Research Scientist, Mechanical Intuition in → https://open.app.jobrapido.com/ar/2661369799849803776/?w=machine%20learning&l=&oc=sponsored&k=web.1.2.8&uuid=arF001a08a62f7b00512&page_item_id=-1430186326
2026-09-15 22:46:40,163 [INFO]     🔗❌ Link inactivo, descartada: Principal Machine Learning Engineer - Applied AI & LLMs (x/f → https://open.app.jobrapido.com/ar/8295372933690294272/?w=machine%20learning&l=&oc=sponsored&k=web.1.2.9&uuid=arF001a08a62f7b00512&page_item_id=117281464
2026-09-15 22:46:40,230 [INFO]     🔗❌ Link inactivo, descartada: Senior Machine Learning Engineer New Buenos Aires, Argentina → https://open.app.jobrapido.com/ar/9089593063386382336/?w=machine%20learning&l=&oc=sponsored&k=web.1.2.10&uuid=arF001a08a62f7b00512&page_item_id=226893566
2026-09-15 22:46:40,300 [INFO]     🔗❌ Link inactivo, descartada: Machine Learning Engineer → https://open.app.jobrapido.com/ar/4011138640703913984/?w=machine%20learning&l=&oc=sponsored&k=web.1.2.0&uuid=arF001a08a62f7b00512&page_item_id=486630177
2026-09-15 22:46:40,330 [INFO]     🔗❌ Link inactivo, descartada: Senior Machine Learning Engineer → https://open.app.jobrapido.com/ar/326534850855043072/?w=machine%20learning&l=&oc=sponsored&k=web.1.2.11&uuid=arF001a08a62f7b00512&page_item_id=1379240115
2026-09-15 22:46:40,362 [INFO]     🔗❌ Link inactivo, descartada: Machine Learning Python, C++ with Azure → https://open.app.jobrapido.com/ar/7814052922538328064/?w=machine%20learning&l=&oc=sponsored&k=web.1.2.12&uuid=arF001a08a62f7b00512&page_item_id=-1552433039
2026-09-15 22:46:40,482 [INFO]     🔗❌ Link inactivo, descartada: Machine Learning Engineer Sr. (IA Generativa) → https://open.app.jobrapido.com/ar/7192164644742496256/?w=machine%20learning&l=&oc=sponsored&k=web.1.2.13&uuid=arF001a08a62f7b00512&page_item_id=-1012001840
2026-09-15 22:46:40,490 [INFO]     🔗❌ Link inactivo, descartada: Semi-Senior Machine Learning Engineer → https://open.app.jobrapido.com/ar/4309687263467405312/?w=machine%20learning&l=&oc=sponsored&k=web.1.2.3&uuid=arF001a08a62f7b00512&page_item_id=936562196
2026-09-15 22:46:40,560 [INFO]     🔗❌ Link inactivo, descartada: Remote Senior ML Engineer - Social Fundraising Innovator → https://open.app.jobrapido.com/ar/5441638882309308416/?w=machine%20learning&l=&oc=sponsored&k=web.1.2.14&uuid=arF001a08a62f7b00512&page_item_id=1714838063
2026-09-15 22:46:40,659 [INFO]     🔗❌ Link inactivo, descartada: ML Research Scientist: Mechanical Intuition in Multimodal AI → https://open.app.jobrapido.com/ar/5238987894193913856/?w=machine%20learning&l=&oc=sponsored&k=web.1.2.15&uuid=arF001a08a62f7b00512&page_item_id=16129964
2026-09-15 22:46:40,682 [INFO]     🔗❌ Link inactivo, descartada: Python Developer (IA) - Machine Learning ID #00335 → https://open.app.jobrapido.com/ar/4042857764458856448/?w=machine%20learning&l=&oc=sponsored&k=web.1.2.6&uuid=arF001a08a62f7b00512&page_item_id=35489325
2026-09-15 22:46:40,689 [INFO]     🔗❌ Link inactivo, descartada: Remote AI ML Engineer – Growth & Impact with Top Clients → https://open.app.jobrapido.com/ar/8092299733109833728/?w=machine%20learning&l=&oc=sponsored&k=web.1.2.16&uuid=arF001a08a62f7b00512&page_item_id=-1441207014
2026-09-15 22:46:40,716 [INFO]     🔗❌ Link inactivo, descartada: Data Science Manager → https://open.app.jobrapido.com/ar/3152941502800330752/?w=machine%20learning&l=&oc=sponsored&k=web.1.2.17&uuid=arF001a08a62f7b00512&page_item_id=-119129548
2026-09-15 22:46:40,770 [INFO]     🔗❌ Link inactivo, descartada: Data Science Manager → https://open.app.jobrapido.com/ar/2530010991060582400/?w=machine%20learning&l=&oc=sponsored&k=web.1.2.18&uuid=arF001a08a62f7b00512&page_item_id=-165764268
2026-09-15 22:46:40,884 [INFO]     🔗❌ Link inactivo, descartada: MLOps Gen AI — Híbrido y Desarrollo Profesional → https://open.app.jobrapido.com/ar/4259746416689152/?w=machine%20learning&l=&oc=sponsored&k=web.1.3.1&uuid=arF001a08a6501f205c7&page_item_id=-789052744
2026-09-15 22:46:40,891 [INFO]     🔗❌ Link inactivo, descartada: Cloud AI/ML Engineer (AWS) - GenAI & SageMaker Expert → https://open.app.jobrapido.com/ar/4241655033038372864/?w=machine%20learning&l=&oc=sponsored&k=web.1.2.19&uuid=arF001a08a62f7b00512&page_item_id=728952769
2026-09-15 22:46:40,955 [INFO]     🔗❌ Link inactivo, descartada: Hybrid ML Engineer for Low-Latency LLM Systems → https://open.app.jobrapido.com/ar/8746514219697963008/?w=machine%20learning&l=&oc=sponsored&k=web.1.3.2&uuid=arF001a08a6501f205c7&page_item_id=2135875492
2026-09-15 22:46:41,082 [INFO]     🔗❌ Link inactivo, descartada: Senior ML Engineer: Search, Recommendations & Personalizatio → https://open.app.jobrapido.com/ar/250125406974246912/?w=machine%20learning&l=&oc=sponsored&k=web.1.3.3&uuid=arF001a08a6501f205c7&page_item_id=35986704
2026-09-15 22:46:41,089 [INFO]     🔗❌ Link inactivo, descartada: Senior ML Engineer — Real-Time Bidding, Remote → https://open.app.jobrapido.com/ar/2497594914372583424/?w=machine%20learning&l=&oc=sponsored&k=web.1.3.5&uuid=arF001a08a6501f205c7&page_item_id=1829338145
2026-09-15 22:46:41,129 [INFO]     🔗❌ Link inactivo, descartada: AI & GenAI Engineer, AWS Cloud — Remote Ready → https://open.app.jobrapido.com/ar/713269030630195200/?w=machine%20learning&l=&oc=sponsored&k=web.1.3.6&uuid=arF001a08a6501f205c7&page_item_id=749634254
2026-09-15 22:46:41,174 [INFO]     🔗❌ Link inactivo, descartada: FinTech NLP ML Engineer: Python & Document Processing → https://open.app.jobrapido.com/ar/1959664141882884096/?w=machine%20learning&l=&oc=sponsored&k=web.1.3.8&uuid=arF001a08a6501f205c7&page_item_id=-1496890428
2026-09-15 22:46:41,283 [INFO]     🔗❌ Link inactivo, descartada: Senior ML Ops Engineer - Remote, End-to-End ML Architect → https://open.app.jobrapido.com/ar/4841102725187895296/?w=machine%20learning&l=&oc=sponsored&k=web.1.3.10&uuid=arF001a08a6501f205c7&page_item_id=-1920880797
2026-09-15 22:46:41,304 [INFO]     🔗❌ Link inactivo, descartada: Senior ML Ops Engineer - Production ML in the Cloud (Remote) → https://open.app.jobrapido.com/ar/3900559038311563264/?w=machine%20learning&l=&oc=sponsored&k=web.1.3.9&uuid=arF001a08a6501f205c7&page_item_id=1448082397
2026-09-15 22:46:41,341 [INFO]     🔗❌ Link inactivo, descartada: Senior ML Engineer — Shape Discovery & Personalization → https://open.app.jobrapido.com/ar/3847723931184136192/?w=machine%20learning&l=&oc=sponsored&k=web.1.3.11&uuid=arF001a08a6501f205c7&page_item_id=-197085626
2026-09-15 22:46:41,479 [INFO]     🔗❌ Link inactivo, descartada: End-to-End Data & ML Engineer (LATAM) — AI-Driven Pipelines → https://open.app.jobrapido.com/ar/7606746602190929920/?w=machine%20learning&l=&oc=sponsored&k=web.1.3.13&uuid=arF001a08a6501f205c7&page_item_id=2062709202
2026-09-15 22:46:41,486 [INFO]     🔗❌ Link inactivo, descartada: Senior ML Engineer: Computer Vision & Production Models → https://open.app.jobrapido.com/ar/8921102802034360320/?w=machine%20learning&l=&oc=sponsored&k=web.1.3.12&uuid=arF001a08a6501f205c7&page_item_id=-1481989331
2026-09-15 22:46:41,685 [INFO]     🔗❌ Link inactivo, descartada: Principal ML Engineer: Cross-Product AI & LLM Architect → https://open.app.jobrapido.com/ar/4562128536135008256/?w=machine%20learning&l=&oc=sponsored&k=web.1.3.16&uuid=arF001a08a6501f205c7&page_item_id=-762895671
2026-09-15 22:46:41,704 [INFO]     🔗❌ Link inactivo, descartada: Production ML Engineer — MLOps → https://open.app.jobrapido.com/ar/3470328882916229120/?w=machine%20learning&l=&oc=sponsored&k=web.1.3.17&uuid=arF001a08a6501f205c7&page_item_id=-713343637
2026-09-15 22:46:41,741 [INFO]     🔗❌ Link inactivo, descartada: Remote Cloud ML Architect (AWS) → https://open.app.jobrapido.com/ar/2118351793216815104/?w=machine%20learning&l=&oc=sponsored&k=web.1.3.18&uuid=arF001a08a6501f205c7&page_item_id=1306632693
2026-09-15 22:46:41,828 [INFO]     🔗❌ Link inactivo, descartada: Python Developer (IA) → https://open.app.jobrapido.com/ar/5921720894908006400/?w=machine%20learning&l=&oc=sponsored&k=web.1.3.4&uuid=arF001a08a6501f205c7&page_item_id=664794409
2026-09-15 22:46:41,908 [INFO]     🔗❌ Link inactivo, descartada: Data Science Mentor & Live Instructor – Remote → https://open.app.jobrapido.com/ar/660874363809038336/?w=machine%20learning&l=&oc=sponsored&k=web.1.3.19&uuid=arF001a08a6501f205c7&page_item_id=-1572388649
2026-09-15 22:46:42,108 [INFO]     🔗❌ Link inactivo, descartada: Data Engineer: Remote-First Cloud & ML Infrastructure → https://open.app.jobrapido.com/ar/462489480809414656/?w=machine%20learning&l=&oc=sponsored&k=web.1.4.2&uuid=arF001a08a66cf740658&page_item_id=-1350835960
2026-09-15 22:46:42,113 [INFO]     🔗❌ Link inactivo, descartada: Remote Data Developer for ML & Big Data Systems → https://open.app.jobrapido.com/ar/6824817912981749760/?w=machine%20learning&l=&oc=sponsored&k=web.1.4.1&uuid=arF001a08a66cf740658&page_item_id=492524737
2026-09-15 22:46:42,150 [INFO]     🔗❌ Link inactivo, descartada: Software Engineer C#, Python, C++ with Azure → https://open.app.jobrapido.com/ar/8709723890617679872/?w=machine%20learning&l=&oc=sponsored&k=web.1.4.3&uuid=arF001a08a66cf740658&page_item_id=-1355569101
2026-09-15 22:46:42,234 [INFO]     🔗❌ Link inactivo, descartada: Client Partner SR → https://open.app.jobrapido.com/ar/1880320290446114816/?w=machine%20learning&l=&oc=sponsored&k=web.1.4.4&uuid=arF001a08a66cf740658&page_item_id=-413624550
2026-09-15 22:46:42,307 [INFO]     🔗❌ Link inactivo, descartada: Account Manager → https://open.app.jobrapido.com/ar/8299867239008436224/?w=machine%20learning&l=&oc=sponsored&k=web.1.4.5&uuid=arF001a08a66cf740658&page_item_id=-1730138841
2026-09-15 22:46:42,314 [INFO]     🔗❌ Link inactivo, descartada: Remote AI Engineer: LLMs, ML Infra & Automation → https://open.app.jobrapido.com/ar/7212831168377389056/?w=machine%20learning&l=&oc=sponsored&k=web.1.3.14&uuid=arF001a08a6501f205c7&page_item_id=363331687
2026-09-15 22:46:42,327 [INFO]     🔗❌ Link inactivo, descartada: AI Economics Researcher: Data-Driven Insights → https://open.app.jobrapido.com/ar/6110003413532016640/?w=machine%20learning&l=&oc=sponsored&k=web.1.3.15&uuid=arF001a08a6501f205c7&page_item_id=1851647578
2026-09-15 22:46:42,576 [INFO]     🔗❌ Link inactivo, descartada: MLOps Gen IA - Híbrido - 1889 Aliantec Saavedra | AR VER TRA → https://open.app.jobrapido.com/ar/71336140463931392/?w=machine%20learning&l=&oc=sponsored&k=web.1.4.0&uuid=arF001a08a66cf740658&page_item_id=-1039385926
2026-09-15 22:46:42,650 [INFO]     🔗❌ Link inactivo, descartada: AI Go-to-Market Specialist SOLA, WWSO Latam (AWS) → https://open.app.jobrapido.com/ar/5618897319396114432/?w=machine%20learning&l=&oc=sponsored&k=web.1.4.12&uuid=arF001a08a66cf740658&page_item_id=-1517643157
2026-09-15 22:46:42,719 [INFO]     🔗❌ Link inactivo, descartada: AI Go-to-Market Specialist SOLA, WWSO Latam → https://open.app.jobrapido.com/ar/1278969137510481920/?w=machine%20learning&l=&oc=sponsored&k=web.1.4.13&uuid=arF001a08a66cf740658&page_item_id=1206768235
2026-09-15 22:46:42,729 [INFO]     🔗❌ Link inactivo, descartada: Principal NLP Scientist → https://open.app.jobrapido.com/ar/7610544315353268224/?w=machine%20learning&l=&oc=sponsored&k=web.1.4.14&uuid=arF001a08a66cf740658&page_item_id=511036080
2026-09-15 22:46:42,733 [INFO]     🔗❌ Link inactivo, descartada: Advanced Data Science Associate → https://open.app.jobrapido.com/ar/6415685238239789056/?w=machine%20learning&l=&oc=sponsored&k=web.1.4.15&uuid=arF001a08a66cf740658&page_item_id=-1579866010
2026-09-15 22:46:42,980 [INFO]     🔗❌ Link inactivo, descartada: Hardware Designer → https://open.app.jobrapido.com/ar/2854642348917260288/?w=machine%20learning&l=&oc=sponsored&k=web.1.4.16&uuid=arF001a08a66cf740658&page_item_id=1450872067
2026-09-15 22:46:43,069 [INFO]     🔗❌ Link inactivo, descartada: Technical Leader - Latin America - Remote → https://open.app.jobrapido.com/ar/1247860586306338816/?w=machine%20learning&l=&oc=sponsored&k=web.1.4.17&uuid=arF001a08a66cf740658&page_item_id=216678376
2026-09-15 22:46:43,133 [INFO]     🔗❌ Link inactivo, descartada: B2B Content Writer (Remote, Contract) → https://open.app.jobrapido.com/ar/111878638873346048/?w=machine%20learning&l=&oc=sponsored&k=web.1.4.19&uuid=arF001a08a66cf740658&page_item_id=969661376
2026-09-15 22:46:43,139 [INFO]     🔗❌ Link inactivo, descartada: B2B Content Writer (Remote, Contract) → https://open.app.jobrapido.com/ar/598267398629359616/?w=machine%20learning&l=&oc=sponsored&k=web.1.4.18&uuid=arF001a08a66cf740658&page_item_id=1115640391
2026-09-15 22:46:43,144 [INFO]     🔗❌ Link inactivo, descartada: Software Engineer → https://open.app.jobrapido.com/ar/3647660317267197952/?w=machine%20learning&l=&oc=sponsored&k=web.1.5.0&uuid=arF001a08a688bbd06e4&page_item_id=549995577
2026-09-15 22:46:43,264 [INFO]     🔗❌ Link inactivo, descartada: Learning Specialist, Expert-Level → https://open.app.jobrapido.com/ar/3969793773684129792/?w=machine%20learning&l=&oc=sponsored&k=web.1.4.11&uuid=arF001a08a66cf740658&page_item_id=-1098222671
2026-09-15 22:46:43,281 [INFO]     🔗❌ Link inactivo, descartada: Semi-Senior Full Stack AI Engineer → https://open.app.jobrapido.com/ar/5191700098106523648/?w=machine%20learning&l=&oc=sponsored&k=web.1.4.7&uuid=arF001a08a66cf740658&page_item_id=1465134569
2026-09-15 22:46:43,289 [INFO]     🔗❌ Link inactivo, descartada: Technical Product Manager → https://open.app.jobrapido.com/ar/5000370832761946112/?w=machine%20learning&l=&oc=sponsored&k=web.1.4.9&uuid=arF001a08a66cf740658&page_item_id=158447853
2026-09-15 22:46:43,397 [INFO]     🔗❌ Link inactivo, descartada: AI Agent Systems Architect - Remote → https://open.app.jobrapido.com/ar/1641304484250386432/?w=machine%20learning&l=&oc=sponsored&k=web.1.5.1&uuid=arF001a08a688bbd06e4&page_item_id=42521121
2026-09-15 22:46:43,475 [INFO]     🔗❌ Link inactivo, descartada: Document Reviewer - Remote → https://open.app.jobrapido.com/ar/2842950692023304192/?w=machine%20learning&l=&oc=sponsored&k=web.1.5.2&uuid=arF001a08a688bbd06e4&page_item_id=-292133464
2026-09-15 22:46:43,531 [INFO]     🔗❌ Link inactivo, descartada: Marketing/ Digital Marketing Expert - Remote → https://open.app.jobrapido.com/ar/8457536794114654208/?w=machine%20learning&l=&oc=sponsored&k=web.1.5.3&uuid=arF001a08a688bbd06e4&page_item_id=-1749046514
2026-09-15 22:46:43,558 [INFO]     🔗❌ Link inactivo, descartada: Cocos2d-x Junior Game Developer - Remote → https://open.app.jobrapido.com/ar/7762551797893300224/?w=machine%20learning&l=&oc=sponsored&k=web.1.5.4&uuid=arF001a08a688bbd06e4&page_item_id=-923899242
2026-09-15 22:46:43,565 [INFO]     🔗❌ Link inactivo, descartada: Remote Document Reviewer for AI Training & Privacy → https://open.app.jobrapido.com/ar/5394773298686984192/?w=machine%20learning&l=&oc=sponsored&k=web.1.5.5&uuid=arF001a08a688bbd06e4&page_item_id=-773096468
2026-09-15 22:46:43,696 [INFO]     🔗❌ Link inactivo, descartada: Senior AI Engineer - LLM & Production Systems (Remote) → https://open.app.jobrapido.com/ar/566309766750535680/?w=machine%20learning&l=&oc=sponsored&k=web.1.5.7&uuid=arF001a08a688bbd06e4&page_item_id=4536407
2026-09-15 22:46:43,700 [INFO]     🔗❌ Link inactivo, descartada: Data Engineer Microsoft Fabric → https://open.app.jobrapido.com/ar/3544066032505192448/?w=machine%20learning&l=&oc=sponsored&k=web.1.5.8&uuid=arF001a08a688bbd06e4&page_item_id=1485372179
2026-09-15 22:46:43,809 [INFO]     🔗❌ Link inactivo, descartada: Facilities Management Coordinator → https://open.app.jobrapido.com/ar/3036294468828397568/?w=machine%20learning&l=&oc=sponsored&k=web.1.5.9&uuid=arF001a08a688bbd06e4&page_item_id=1088673961
2026-09-15 22:46:43,877 [INFO]     🔗❌ Link inactivo, descartada: AWS Cloud Architect → https://open.app.jobrapido.com/ar/4562848699071332352/?w=machine%20learning&l=&oc=sponsored&k=web.1.5.10&uuid=arF001a08a688bbd06e4&page_item_id=-1462463144
2026-09-15 22:46:43,949 [INFO]     🔗❌ Link inactivo, descartada: Remote AWS Cloud Architect: Lead Migrations & Modernization → https://open.app.jobrapido.com/ar/3347079109820809216/?w=machine%20learning&l=&oc=sponsored&k=web.1.5.11&uuid=arF001a08a688bbd06e4&page_item_id=-926697140
2026-09-15 22:46:43,966 [INFO]     🔗❌ Link inactivo, descartada: Freelance Agent Evaluation Engineer → https://open.app.jobrapido.com/ar/2202419473024024576/?w=machine%20learning&l=&oc=sponsored&k=web.1.5.12&uuid=arF001a08a688bbd06e4&page_item_id=-531590472
2026-09-15 22:46:44,104 [INFO]     🔗❌ Link inactivo, descartada: Release Engineer → https://open.app.jobrapido.com/ar/4853906675532300288/?w=machine%20learning&l=&oc=sponsored&k=web.1.5.14&uuid=arF001a08a688bbd06e4&page_item_id=1874485151
2026-09-15 22:46:44,109 [INFO]     🔗❌ Link inactivo, descartada: Data Engineer (GCP & AWS) → https://open.app.jobrapido.com/ar/9061839465755967488/?w=machine%20learning&l=&oc=sponsored&k=web.1.5.15&uuid=arF001a08a688bbd06e4&page_item_id=1270438874
2026-09-15 22:46:44,219 [INFO]     🔗❌ Link inactivo, descartada: Software Engineer III - Front End UI - C#/.Net - Neovest - A → https://open.app.jobrapido.com/ar/1950216674120564736/?w=machine%20learning&l=&oc=sponsored&k=web.1.5.16&uuid=arF001a08a688bbd06e4&page_item_id=1923713414
2026-09-15 22:46:44,353 [INFO]     🔗❌ Link inactivo, descartada: Associate – SIEM/SOAR Engineering → https://open.app.jobrapido.com/ar/3141005359188017152/?w=machine%20learning&l=&oc=sponsored&k=web.1.5.18&uuid=arF001a08a688bbd06e4&page_item_id=-1156012420
2026-09-15 22:46:44,360 [INFO]     🔗❌ Link inactivo, descartada: Advanced Data Science Associate Consultant → https://open.app.jobrapido.com/ar/3840189201337286656/?w=machine%20learning&l=&oc=sponsored&k=web.1.5.19&uuid=arF001a08a688bbd06e4&page_item_id=-1067219068
2026-09-15 22:46:44,446 [INFO]     🔗❌ Link inactivo, descartada: SAP CPI Consultant Senior → https://open.app.jobrapido.com/ar/3601225742202961920/?w=machine%20learning&l=&oc=sponsored&k=web.1.5.6&uuid=arF001a08a688bbd06e4&page_item_id=-210125750
2026-09-15 22:46:44,505 [INFO]     🔗❌ Link inactivo, descartada: (fluent English) CX Solutions Consultant (LATAM, remote) → https://open.app.jobrapido.com/ar/6526627885627736064/?w=nlp&l=&oc=sponsored&k=web.1.1.0&uuid=arF001a08a6a93a4076f&page_item_id=-1865019048
2026-09-15 22:46:44,512 [INFO]     🔗❌ Link inactivo, descartada: Senior NLP Scientist: Production-Grade LLMs → https://open.app.jobrapido.com/ar/2452374629642141696/?w=nlp&l=&oc=sponsored&k=web.1.1.2&uuid=arF001a08a6a93a4076f&page_item_id=2041992125
2026-09-15 22:46:44,631 [INFO]     🔗❌ Link inactivo, descartada: Lead AI Engineer — Remote RAG/NLP/LLM Systems → https://open.app.jobrapido.com/ar/613228126930993152/?w=nlp&l=&oc=sponsored&k=web.1.1.5&uuid=arF001a08a6a93a4076f&page_item_id=1976471862
2026-09-15 22:46:44,738 [INFO]     🔗❌ Link inactivo, descartada: Software Engineer III - Front End UI - C#/.Net/React - Neove → https://open.app.jobrapido.com/ar/8161726934556868608/?w=machine%20learning&l=&oc=sponsored&k=web.1.5.13&uuid=arF001a08a688bbd06e4&page_item_id=-1285922661
2026-09-15 22:46:44,753 [INFO]     🔗❌ Link inactivo, descartada: Senior AI Platform Engineer: Inference & Production → https://open.app.jobrapido.com/ar/6805843623641350144/?w=nlp&l=&oc=sponsored&k=web.1.1.9&uuid=arF001a08a6a93a4076f&page_item_id=599469607
2026-09-15 22:46:44,856 [INFO]     🔗❌ Link inactivo, descartada: Machine Learning Engineer → https://open.app.jobrapido.com/ar/4077324842649518080/?w=nlp&l=&oc=sponsored&k=web.1.1.11&uuid=arF001a08a6a93a4076f&page_item_id=1134562198
2026-09-15 22:46:45,010 [INFO]     🔗❌ Link inactivo, descartada: ServiceNow Discovery Engineer ID80139 → https://open.app.jobrapido.com/ar/4612017828273324032/?w=machine%20learning&l=&oc=sponsored&k=web.1.5.17&uuid=arF001a08a688bbd06e4&page_item_id=1815517126
2026-09-15 22:46:45,130 [INFO]     🔗❌ Link inactivo, descartada: Client Technology - Engineering - Software Engineering - EY  → https://open.app.jobrapido.com/ar/7040990695095533568/?w=nlp&l=&oc=sponsored&k=web.1.1.18&uuid=arF001a08a6a93a4076f&page_item_id=-10963226
2026-09-15 22:46:45,167 [INFO]     🔗❌ Link inactivo, descartada: Full Stack AI Engineer – BuilderEx → https://open.app.jobrapido.com/ar/6258208784863199232/?w=nlp&l=&oc=sponsored&k=web.1.1.19&uuid=arF001a08a6a93a4076f&page_item_id=246061875
2026-09-15 22:46:45,256 [INFO]     🔗❌ Link inactivo, descartada: Client Technology - Software Engineering - EY Global Deliver → https://open.app.jobrapido.com/ar/6213023255008116736/?w=nlp&l=&oc=sponsored&k=web.1.2.5&uuid=arF001a08a6bab3507e1&page_item_id=2098745694
2026-09-15 22:46:45,502 [INFO]     🔗❌ Link inactivo, descartada: Client Technology Software Engineering Assurance Sr. Enginee → https://open.app.jobrapido.com/ar/6816058997196455936/?w=nlp&l=&oc=sponsored&k=web.1.1.6&uuid=arF001a08a6a93a4076f&page_item_id=-1395979420
2026-09-15 22:46:45,516 [INFO]     🔗❌ Link inactivo, descartada: AI Engineer II - Marketing Argentina, Remote → https://open.app.jobrapido.com/ar/8697752408014454784/?w=nlp&l=&oc=sponsored&k=web.1.2.8&uuid=arF001a08a6bab3507e1&page_item_id=2117375525
2026-09-15 22:46:45,651 [INFO]     🔗❌ Link inactivo, descartada: Product Group Team Lead / Architect → https://open.app.jobrapido.com/ar/2193558388556693504/?w=nlp&l=&oc=sponsored&k=web.1.1.12&uuid=arF001a08a6a93a4076f&page_item_id=-440189661
2026-09-15 22:46:45,691 [INFO]     🔗❌ Link inactivo, descartada: Sr. Software Engineer, AI / ML Inference Platform → https://open.app.jobrapido.com/ar/4644115802503512064/?w=nlp&l=&oc=sponsored&k=web.1.1.15&uuid=arF001a08a6a93a4076f&page_item_id=-18054642
2026-09-15 22:46:45,804 [INFO]     🔗❌ Link inactivo, descartada: Analista desarrollador Semi Sr / Senior Botmaker - Híbrido → https://open.app.jobrapido.com/ar/8952684469655961600/?w=nlp&l=&oc=sponsored&k=web.1.1.17&uuid=arF001a08a6a93a4076f&page_item_id=803677466
2026-09-15 22:46:45,884 [INFO]     🔗❌ Link inactivo, descartada: Senior Software Engineer → https://open.app.jobrapido.com/ar/367920468524531712/?w=nlp&l=&oc=sponsored&k=web.1.2.13&uuid=arF001a08a6bab3507e1&page_item_id=191009131
2026-09-15 22:46:45,912 [INFO]     🔗❌ Link inactivo, descartada: Full Stack AI Engineer - BuilderEx → https://open.app.jobrapido.com/ar/3720739357607329792/?w=nlp&l=&oc=sponsored&k=web.1.2.14&uuid=arF001a08a6bab3507e1&page_item_id=120249789
2026-09-15 22:46:46,057 [INFO]     🔗❌ Link inactivo, descartada: Anuncios Google → https://open.app.jobrapido.com/ar/578445076586299392/?w=nlp&l=&oc=sponsored&k=web.1.3.0&uuid=arF001a08a6c71c60830&page_item_id=313196566
2026-09-15 22:46:46,082 [INFO]     🔗❌ Link inactivo, descartada: Senior AI Engineer → https://open.app.jobrapido.com/ar/9183823804047032320/?w=nlp&l=&oc=sponsored&k=web.1.3.1&uuid=arF001a08a6c71c60830&page_item_id=-1136600391
2026-09-15 22:46:46,161 [INFO]     🔗❌ Link inactivo, descartada: AI & NLP Talent Acquisition Coordinator → https://open.app.jobrapido.com/ar/3644704830011736064/?w=nlp&l=&oc=sponsored&k=web.1.2.7&uuid=arF001a08a6bab3507e1&page_item_id=-1175188190
2026-09-15 22:46:46,216 [INFO]     🔗❌ Link inactivo, descartada: Senior AI Engineer → https://open.app.jobrapido.com/ar/3725173069526859776/?w=nlp&l=&oc=sponsored&k=web.1.3.2&uuid=arF001a08a6c71c60830&page_item_id=-359860443
2026-09-15 22:46:46,290 [INFO]     🔗❌ Link inactivo, descartada: Customer Experience Cloud & AI SME → https://open.app.jobrapido.com/ar/1651662553798934528/?w=nlp&l=&oc=sponsored&k=web.1.3.4&uuid=arF001a08a6c71c60830&page_item_id=1394675155
2026-09-15 22:46:46,351 [INFO]     🔗❌ Link inactivo, descartada: Full Stack AI Engineer - Security → https://open.app.jobrapido.com/ar/2760861308512370688/?w=nlp&l=&oc=sponsored&k=web.1.2.11&uuid=arF001a08a6bab3507e1&page_item_id=88139890
2026-09-15 22:46:46,373 [INFO]     🔗❌ Link inactivo, descartada: Gerente de Arquitectura de Datos e IA → https://open.app.jobrapido.com/ar/4142562097340874752/?w=nlp&l=&oc=sponsored&k=web.1.2.12&uuid=arF001a08a6bab3507e1&page_item_id=637943644
2026-09-15 22:46:46,431 [INFO]     🔗❌ Link inactivo, descartada: Data Science Manager → https://open.app.jobrapido.com/ar/2664272493367263232/?w=nlp&l=&oc=sponsored&k=web.1.3.6&uuid=arF001a08a6c71c60830&page_item_id=1770436888
2026-09-15 22:46:46,478 [INFO]     🔗❌ Link inactivo, descartada: Python Backend Engineer - Latin America - Remote → https://open.app.jobrapido.com/ar/6936676711253671936/?w=nlp&l=&oc=sponsored&k=web.1.3.8&uuid=arF001a08a6c71c60830&page_item_id=-302184799
2026-09-15 22:46:46,567 [INFO]     🔗❌ Link inactivo, descartada: Freelance Agent Evaluation Engineer → https://open.app.jobrapido.com/ar/4451615093418885120/?w=nlp&l=&oc=sponsored&k=web.1.3.10&uuid=arF001a08a6c71c60830&page_item_id=1766266733
2026-09-15 22:46:46,625 [INFO]     🔗❌ Link inactivo, descartada: Delivery Lead → https://open.app.jobrapido.com/ar/1302058349117833216/?w=nlp&l=&oc=sponsored&k=web.1.3.11&uuid=arF001a08a6c71c60830&page_item_id=-433171079
2026-09-15 22:46:46,752 [INFO]     🔗❌ Link inactivo, descartada: Client Technology Software engineering_Assurance Sr. Enginee → https://open.app.jobrapido.com/ar/3913593679939371008/?w=nlp&l=&oc=sponsored&k=web.1.3.13&uuid=arF001a08a6c71c60830&page_item_id=518390733
2026-09-15 22:46:47,101 [INFO]     🔗❌ Link inactivo, descartada: AI/ML Engineer | Talent Marketplace → https://open.app.jobrapido.com/ar/8438826542183743488/?w=nlp&l=&oc=sponsored&k=web.1.3.5&uuid=arF001a08a6c71c60830&page_item_id=988107770
2026-09-15 22:46:47,437 [INFO]     🔗❌ Link inactivo, descartada: AI Forward Deployed Engineer → https://open.app.jobrapido.com/ar/1913578730479943680/?w=nlp&l=&oc=sponsored&k=web.1.3.12&uuid=arF001a08a6c71c60830&page_item_id=-200511806
2026-09-15 22:46:47,528 [INFO]     🔗❌ Link inactivo, descartada: AI Software Engineer - Remote → https://open.app.jobrapido.com/ar/2895039643072331776/?w=nlp&l=&oc=sponsored&k=web.1.3.14&uuid=arF001a08a6c71c60830&page_item_id=-156997419
2026-09-15 22:46:48,740 [INFO]     🔗❌ Link inactivo, descartada: Lead Data Engineer - Remote & Flexible Hours → https://open.app.jobrapido.com/ar/2004191751467696128/?w=data%20engineer&l=&oc=sponsored&k=web.1.1.1&uuid=arF001a08a70250b0999&page_item_id=-136664161
2026-09-15 22:46:48,797 [INFO]     🔗❌ Link inactivo, descartada: Senior Data Engineer AWS → https://open.app.jobrapido.com/ar/7187918416735371264/?w=data%20engineer&l=&oc=sponsored&k=web.1.1.2&uuid=arF001a08a70250b0999&page_item_id=955878473
2026-09-15 22:46:48,801 [INFO]     🔗❌ Link inactivo, descartada: Senior Data Engineer - Remote Data Pipelines & ServiceNow → https://open.app.jobrapido.com/ar/3433494968507826176/?w=data%20engineer&l=&oc=sponsored&k=web.1.1.3&uuid=arF001a08a70250b0999&page_item_id=706329632
2026-09-15 22:46:48,810 [INFO]     🔗❌ Link inactivo, descartada: Senior Data Engineer AWS → https://open.app.jobrapido.com/ar/3572293038610841600/?w=data%20engineer&l=&oc=sponsored&k=web.1.1.4&uuid=arF001a08a70250b0999&page_item_id=-642166728
2026-09-15 22:46:49,142 [INFO]     🔗❌ Link inactivo, descartada: Senior Data Engineer ID84751 → https://open.app.jobrapido.com/ar/1301117081265111040/?w=data%20engineer&l=&oc=sponsored&k=web.1.1.5&uuid=arF001a08a70250b0999&page_item_id=-1368797770
2026-09-15 22:46:49,230 [INFO]     🔗❌ Link inactivo, descartada: Senior Python Data Scraping Engineer (Freelance) → https://open.app.jobrapido.com/ar/8470228113236688896/?w=data%20engineer&l=&oc=sponsored&k=web.1.1.10&uuid=arF001a08a70250b0999&page_item_id=-2115967480
2026-09-15 22:46:49,237 [INFO]     🔗❌ Link inactivo, descartada: Remote Data Engineer – Databricks Lakehouse & AI Pipelines → https://open.app.jobrapido.com/ar/6925934070333440000/?w=data%20engineer&l=&oc=sponsored&k=web.1.1.0&uuid=arF001a08a70250b0999&page_item_id=527928592
2026-09-15 22:46:49,422 [INFO]     🔗❌ Link inactivo, descartada: Senior Databricks Data Engineer — Remote, High-Impact Pipeli → https://open.app.jobrapido.com/ar/2024898372917264384/?w=data%20engineer&l=&oc=sponsored&k=web.1.1.11&uuid=arF001a08a70250b0999&page_item_id=-350544738
2026-09-15 22:46:49,429 [INFO]     🔗❌ Link inactivo, descartada: Remote Senior Salesforce Data Cloud Engineer → https://open.app.jobrapido.com/ar/1458941804949798912/?w=data%20engineer&l=&oc=sponsored&k=web.1.1.12&uuid=arF001a08a70250b0999&page_item_id=618371080
2026-09-15 22:46:49,555 [INFO]     🔗❌ Link inactivo, descartada: Remote Agentic AI Engineer for Discovery & Troubleshooting → https://open.app.jobrapido.com/ar/1781755670085763072/?w=data%20engineer&l=&oc=sponsored&k=web.1.1.13&uuid=arF001a08a70250b0999&page_item_id=-1035447127
2026-09-15 22:46:49,633 [INFO]     🔗❌ Link inactivo, descartada: Senior Backend Engineer - TypeScript & AI, Remote → https://open.app.jobrapido.com/ar/6116751236650762240/?w=data%20engineer&l=&oc=sponsored&k=web.1.1.14&uuid=arF001a08a70250b0999&page_item_id=-547497241
2026-09-15 22:46:49,821 [INFO]     🔗❌ Link inactivo, descartada: ServiceNow Discovery Engineer — Remote, Flexible Hours → https://open.app.jobrapido.com/ar/982594060256542720/?w=data%20engineer&l=&oc=sponsored&k=web.1.1.16&uuid=arF001a08a70250b0999&page_item_id=-2135689653
2026-09-15 22:46:49,908 [INFO]     🔗❌ Link inactivo, descartada: Mid-Level Full Stack Engineer — Remote & Flexible Hours → https://open.app.jobrapido.com/ar/4942108759578116096/?w=data%20engineer&l=&oc=sponsored&k=web.1.1.18&uuid=arF001a08a70250b0999&page_item_id=-957656388
2026-09-15 22:46:49,952 [INFO]     🔗❌ Link inactivo, descartada: Data Engineer - ETL & Analytics (Remote) → https://open.app.jobrapido.com/ar/1070330827545509888/?w=data%20engineer&l=&oc=sponsored&k=web.1.1.6&uuid=arF001a08a70250b0999&page_item_id=2144612496
2026-09-15 22:46:49,976 [INFO]     🔗❌ Link inactivo, descartada: Senior/Lead Full Stack Engineer ID79143 → https://open.app.jobrapido.com/ar/6252568410471792640/?w=data%20engineer&l=&oc=sponsored&k=web.1.1.19&uuid=arF001a08a70250b0999&page_item_id=-1403075845
2026-09-15 22:46:49,984 [INFO]     🔗❌ Link inactivo, descartada: Remote Data Engineer - Databricks Lakehouse & AI Pipelines → https://open.app.jobrapido.com/ar/1980718896201596928/?w=data%20engineer&l=&oc=sponsored&k=web.1.1.9&uuid=arF001a08a70250b0999&page_item_id=-560151639
2026-09-15 22:46:50,046 [INFO]     🔗❌ Link inactivo, descartada: Senior/Lead Full Stack Engineer ID79143 → https://open.app.jobrapido.com/ar/1433794324755120128/?w=data%20engineer&l=&oc=sponsored&k=web.1.2.5&uuid=arF001a08a71ce380a3b&page_item_id=1497771183
2026-09-15 22:46:50,225 [INFO]     🔗❌ Link inactivo, descartada: Senior Backend Engineer (TypeScript & AI) → https://open.app.jobrapido.com/ar/6308668792255807488/?w=data%20engineer&l=&oc=sponsored&k=web.1.2.6&uuid=arF001a08a71ce380a3b&page_item_id=-1943393936
2026-09-15 22:46:50,310 [INFO]     🔗❌ Link inactivo, descartada: Full Stack Engineer ID83016 → https://open.app.jobrapido.com/ar/4773683008634880000/?w=data%20engineer&l=&oc=sponsored&k=web.1.2.7&uuid=arF001a08a71ce380a3b&page_item_id=899374502
2026-09-15 22:46:50,328 [INFO]     🔗❌ Link inactivo, descartada: Ingeniero de Software (Entrenamiento de IA) → https://open.app.jobrapido.com/ar/7998146353400119296/?w=data%20engineer&l=&oc=sponsored&k=web.1.2.8&uuid=arF001a08a71ce380a3b&page_item_id=-1259177800
2026-09-15 22:46:50,363 [INFO]     🔗❌ Link inactivo, descartada: Senior Full-Stack Engineer — Remote & Cloud-Native Impact → https://open.app.jobrapido.com/ar/3893103868438904832/?w=data%20engineer&l=&oc=sponsored&k=web.1.1.15&uuid=arF001a08a70250b0999&page_item_id=1061969260
2026-09-15 22:46:50,386 [INFO]     🔗❌ Link inactivo, descartada: Middle Full Stack Engineer - Franchise Menu ID74267 → https://open.app.jobrapido.com/ar/8875081643342168064/?w=data%20engineer&l=&oc=sponsored&k=web.1.2.10&uuid=arF001a08a71ce380a3b&page_item_id=-156946213
2026-09-15 22:46:50,392 [INFO]     🔗❌ Link inactivo, descartada: Environment, Health and Safety Engineer → https://open.app.jobrapido.com/ar/7027489774638202880/?w=data%20engineer&l=&oc=sponsored&k=web.1.2.9&uuid=arF001a08a71ce380a3b&page_item_id=-75053086
2026-09-15 22:46:50,454 [INFO]     🔗❌ Link inactivo, descartada: Software Engineer (Mobile) Id76367 → https://open.app.jobrapido.com/ar/6588774756730798080/?w=data%20engineer&l=&oc=sponsored&k=web.1.2.11&uuid=arF001a08a71ce380a3b&page_item_id=1270577472
2026-09-15 22:46:50,611 [INFO]     🔗❌ Link inactivo, descartada: Remote Full Stack Engineer - React, Node/Python, AWS → https://open.app.jobrapido.com/ar/8664793086682988544/?w=data%20engineer&l=&oc=sponsored&k=web.1.1.17&uuid=arF001a08a70250b0999&page_item_id=-945058726
2026-09-15 22:46:50,621 [INFO]     🔗❌ Link inactivo, descartada: Senior Industrial Engineer → https://open.app.jobrapido.com/ar/2118341674273865728/?w=data%20engineer&l=&oc=sponsored&k=web.1.2.12&uuid=arF001a08a71ce380a3b&page_item_id=-346060349
2026-09-15 22:46:50,718 [INFO]     🔗❌ Link inactivo, descartada: Senior QA Automation Engineer ID72456 → https://open.app.jobrapido.com/ar/8886470384782671872/?w=data%20engineer&l=&oc=sponsored&k=web.1.2.13&uuid=arF001a08a71ce380a3b&page_item_id=-1881451786
2026-09-15 22:46:50,728 [INFO]     🔗❌ Link inactivo, descartada: Manager, Supplier Quality → https://open.app.jobrapido.com/ar/6279730625465286656/?w=data%20engineer&l=&oc=sponsored&k=web.1.2.14&uuid=arF001a08a71ce380a3b&page_item_id=-1454209929
2026-09-15 22:46:50,767 [INFO]     🔗❌ Link inactivo, descartada: Remote AI Engineer — Build AI Agents for Troubleshooting → https://open.app.jobrapido.com/ar/4528145913075466240/?w=data%20engineer&l=&oc=sponsored&k=web.1.3.2&uuid=arF001a08a72d1390a93&page_item_id=2048202265
2026-09-15 22:46:50,774 [INFO]     🔗❌ Link inactivo, descartada: Anuncios Google → https://open.app.jobrapido.com/ar/3018150327946838016/?w=data%20engineer&l=&oc=sponsored&k=web.1.3.0&uuid=arF001a08a72d1390a93&page_item_id=1741476306
2026-09-15 22:46:50,781 [INFO]     🔗❌ Link inactivo, descartada: Engineer II, NPI Quality → https://open.app.jobrapido.com/ar/1309034269359734784/?w=data%20engineer&l=&oc=sponsored&k=web.1.3.1&uuid=arF001a08a72d1390a93&page_item_id=-638628330
2026-09-15 22:46:50,871 [INFO]     🔗❌ Link inactivo, descartada: Full Stack Software Engineer ID85839 → https://open.app.jobrapido.com/ar/1327645548064276480/?w=data%20engineer&l=&oc=sponsored&k=web.1.3.3&uuid=arF001a08a72d1390a93&page_item_id=-1187654592
2026-09-15 22:46:51,010 [INFO]     🔗❌ Link inactivo, descartada: Software Engineer - Microsoft Fabric Platform - Senior 2 → https://open.app.jobrapido.com/ar/2379734345981100032/?w=data%20engineer&l=&oc=sponsored&k=web.1.3.4&uuid=arF001a08a72d1390a93&page_item_id=268208032
2026-09-15 22:46:51,018 [INFO]     🔗❌ Link inactivo, descartada: Full Stack Software Engineer ID85839 → https://open.app.jobrapido.com/ar/5064667592694693888/?w=data%20engineer&l=&oc=sponsored&k=web.1.3.5&uuid=arF001a08a72d1390a93&page_item_id=-1012697077
2026-09-15 22:46:51,117 [INFO]     🔗❌ Link inactivo, descartada: Senior Backend Engineer ID84684 → https://open.app.jobrapido.com/ar/7114781583315304448/?w=data%20engineer&l=&oc=sponsored&k=web.1.3.6&uuid=arF001a08a72d1390a93&page_item_id=-623169331
2026-09-15 22:46:51,152 [INFO]     🔗❌ Link inactivo, descartada: Tech Lead - Node.js - US SaaS startup | Remote → https://open.app.jobrapido.com/ar/7134438858355113984/?w=data%20engineer&l=&oc=sponsored&k=web.1.3.8&uuid=arF001a08a72d1390a93&page_item_id=-1974805930
2026-09-15 22:46:51,164 [INFO]     🔗❌ Link inactivo, descartada: Sr. Backend Developer → https://open.app.jobrapido.com/ar/4616277954794618880/?w=data%20engineer&l=&oc=sponsored&k=web.1.3.9&uuid=arF001a08a72d1390a93&page_item_id=-109894193
2026-09-15 22:46:51,189 [INFO]     🔗❌ Link inactivo, descartada: ServiceNow Discovery Engineer ID80139 → https://open.app.jobrapido.com/ar/7762041538598666240/?w=data%20engineer&l=&oc=sponsored&k=web.1.3.10&uuid=arF001a08a72d1390a93&page_item_id=1119338617
2026-09-15 22:46:51,274 [INFO]     🔗❌ Link inactivo, descartada: Senior Backend Engineer (Python & AI) - LATAM - 100% Remote → https://open.app.jobrapido.com/ar/1628853339699544064/?w=data%20engineer&l=&oc=sponsored&k=web.1.3.11&uuid=arF001a08a72d1390a93&page_item_id=-2046468535
2026-09-15 22:46:51,427 [INFO]     🔗❌ Link inactivo, descartada: Senior Data Engineer ID82554 → https://open.app.jobrapido.com/ar/6893686923299127296/?w=data%20engineer&l=&oc=sponsored&k=web.1.3.13&uuid=arF001a08a72d1390a93&page_item_id=296014531
2026-09-15 22:46:51,431 [INFO]     🔗❌ Link inactivo, descartada: Automotive HIL Engineer - Automotive Sector (Relocation Swed → https://open.app.jobrapido.com/ar/7791367094259417088/?w=data%20engineer&l=&oc=sponsored&k=web.1.3.12&uuid=arF001a08a72d1390a93&page_item_id=557129972
2026-09-15 22:46:51,542 [INFO]     🔗❌ Link inactivo, descartada: Senior Frontend Engineer ID77771 → https://open.app.jobrapido.com/ar/3138956934665732096/?w=data%20engineer&l=&oc=sponsored&k=web.1.4.1&uuid=arF001a08a744f530b00&page_item_id=1123835978
2026-09-15 22:46:51,560 [INFO]     🔗❌ Link inactivo, descartada: Senior Software Engineer ID73490 → https://open.app.jobrapido.com/ar/5379577687213867008/?w=data%20engineer&l=&oc=sponsored&k=web.1.4.0&uuid=arF001a08a744f530b00&page_item_id=-2100459574
2026-09-15 22:46:51,678 [INFO]     🔗❌ Link inactivo, descartada: Artificial Intelligence Engineer ID87374 → https://open.app.jobrapido.com/ar/3130869631506448384/?w=data%20engineer&l=&oc=sponsored&k=web.1.4.3&uuid=arF001a08a744f530b00&page_item_id=1931855690
2026-09-15 22:46:51,828 [INFO]     🔗❌ Link inactivo, descartada: Full Stack Engineer ID82571 → https://open.app.jobrapido.com/ar/8293423224696340480/?w=data%20engineer&l=&oc=sponsored&k=web.1.4.4&uuid=arF001a08a744f530b00&page_item_id=26028632
2026-09-15 22:46:51,904 [INFO]     🔗❌ Link inactivo, descartada: AI Principal Software Engineer - US SaaS startup | Remote → https://open.app.jobrapido.com/ar/7153769647160950784/?w=data%20engineer&l=&oc=sponsored&k=web.1.3.7&uuid=arF001a08a72d1390a93&page_item_id=372380341
2026-09-15 22:46:51,970 [INFO]     🔗❌ Link inactivo, descartada: Accounts Payable Analyst → https://open.app.jobrapido.com/ar/485918012013019136/?w=data%20engineer&l=&oc=sponsored&k=web.1.4.7&uuid=arF001a08a744f530b00&page_item_id=919279435
2026-09-15 22:46:52,243 [INFO]     🔗❌ Link inactivo, descartada: Senior Software Engineer ID81650 → https://open.app.jobrapido.com/ar/7329059030721101824/?w=data%20engineer&l=&oc=sponsored&k=web.1.4.9&uuid=arF001a08a744f530b00&page_item_id=-499482931
2026-09-15 22:46:52,272 [INFO]     🔗❌ Link inactivo, descartada: Middle Data Engineer ID87373 → https://open.app.jobrapido.com/ar/5418416767233949696/?w=data%20engineer&l=&oc=sponsored&k=web.1.3.14&uuid=arF001a08a72d1390a93&page_item_id=-2035686467
2026-09-15 22:46:52,324 [INFO]     🔗❌ Link inactivo, descartada: Senior React Native Engineer ID74262 → https://open.app.jobrapido.com/ar/3422297920047677440/?w=data%20engineer&l=&oc=sponsored&k=web.1.4.2&uuid=arF001a08a744f530b00&page_item_id=516560417
2026-09-15 22:46:52,329 [INFO]     🔗❌ Link inactivo, descartada: Senior Backend Engineer ID68432 → https://open.app.jobrapido.com/ar/7826179573720023040/?w=data%20engineer&l=&oc=sponsored&k=web.1.4.10&uuid=arF001a08a744f530b00&page_item_id=843768924
2026-09-15 22:46:52,613 [INFO]     🔗❌ Link inactivo, descartada: Full Stack Engineer ID83016 → https://open.app.jobrapido.com/ar/5461112057870942208/?w=data%20engineer&l=&oc=sponsored&k=web.1.4.5&uuid=arF001a08a744f530b00&page_item_id=-4464493
2026-09-15 22:46:52,690 [INFO]     🔗❌ Link inactivo, descartada: Senior Security Software Engineer ID80138 → https://open.app.jobrapido.com/ar/604089810914639872/?w=data%20engineer&l=&oc=sponsored&k=web.1.4.6&uuid=arF001a08a744f530b00&page_item_id=-296113700
2026-09-15 22:46:52,713 [INFO]     🔗❌ Link inactivo, descartada: Manual QA Engineer (Mid-level) ID67829 → https://open.app.jobrapido.com/ar/6440130731799740416/?w=data%20engineer&l=&oc=sponsored&k=web.1.4.12&uuid=arF001a08a744f530b00&page_item_id=1011404531
2026-09-15 22:46:52,726 [INFO]     🔗❌ Link inactivo, descartada: Senior/Lead QA Automation Engineer ID71661 → https://open.app.jobrapido.com/ar/229862197948317696/?w=data%20engineer&l=&oc=sponsored&k=web.1.4.14&uuid=arF001a08a744f530b00&page_item_id=1422793954
2026-09-15 22:46:52,738 [INFO]     🔗❌ Link inactivo, descartada: Lead Python Engineer (AppSec) ID71666 → https://open.app.jobrapido.com/ar/1012473958756253696/?w=data%20engineer&l=&oc=sponsored&k=web.1.4.13&uuid=arF001a08a744f530b00&page_item_id=1611620539
2026-09-15 22:46:52,815 [INFO]     🔗❌ Link inactivo, descartada: Senior Backend Engineer ID81650 → https://open.app.jobrapido.com/ar/1332559007830769664/?w=data%20engineer&l=&oc=sponsored&k=web.1.4.8&uuid=arF001a08a744f530b00&page_item_id=2052020952
2026-09-15 22:46:53,022 [INFO]     🔗❌ Link inactivo, descartada: Talent Community | Senior InRiver PIM Engineer ID76563 → https://open.app.jobrapido.com/ar/439135407158853632/?w=data%20engineer&l=&oc=sponsored&k=web.1.4.16&uuid=arF001a08a744f530b00&page_item_id=408589040
2026-09-15 22:46:53,091 [INFO]     🔗❌ Link inactivo, descartada: Data Center Engineer → https://open.app.jobrapido.com/ar/2222702043762524160/?w=data%20engineer&l=&oc=sponsored&k=web.1.4.17&uuid=arF001a08a744f530b00&page_item_id=909496220
2026-09-15 22:46:53,098 [INFO]     🔗❌ Link inactivo, descartada: Senior Backend AdTech Engineer ID52365 → https://open.app.jobrapido.com/ar/157654211335553024/?w=data%20engineer&l=&oc=sponsored&k=web.1.4.11&uuid=arF001a08a744f530b00&page_item_id=-978295749
2026-09-15 22:46:53,110 [INFO]     🔗❌ Link inactivo, descartada: Data Engineer → https://open.app.jobrapido.com/ar/5012665640503214080/?w=data%20engineer&l=&oc=sponsored&k=web.1.4.19&uuid=arF001a08a744f530b00&page_item_id=835980666
2026-09-15 22:46:53,114 [INFO]     🔗❌ Link inactivo, descartada: On-Demand Data Center & Network Technician → https://open.app.jobrapido.com/ar/3043049868269453312/?w=data%20engineer&l=&oc=sponsored&k=web.1.4.18&uuid=arF001a08a744f530b00&page_item_id=1843759487
2026-09-15 22:46:53,145 [INFO]     🔗❌ Link inactivo, descartada: Data Engineer → https://open.app.jobrapido.com/ar/1066294657798897664/?w=data%20engineer&l=&oc=sponsored&k=web.1.5.0&uuid=arF001a08a76541b0bbb&page_item_id=-1698790411
2026-09-15 22:46:53,430 [INFO]     🔗❌ Link inactivo, descartada: Data Engineer → https://open.app.jobrapido.com/ar/848389474856468480/?w=data%20engineer&l=&oc=sponsored&k=web.1.5.2&uuid=arF001a08a76541b0bbb&page_item_id=1350014193
2026-09-15 22:46:53,454 [INFO]     🔗❌ Link inactivo, descartada: Lead Backend Engineer ID76299 → https://open.app.jobrapido.com/ar/1752516752505307136/?w=data%20engineer&l=&oc=sponsored&k=web.1.4.15&uuid=arF001a08a744f530b00&page_item_id=-1239990918
2026-09-15 22:46:53,503 [INFO]     🔗❌ Link inactivo, descartada: Data Engineer → https://open.app.jobrapido.com/ar/3110038146767650816/?w=data%20engineer&l=&oc=sponsored&k=web.1.5.3&uuid=arF001a08a76541b0bbb&page_item_id=-2020551097
2026-09-15 22:46:53,504 [INFO]     🔗❌ Link inactivo, descartada: Data Engineer → https://open.app.jobrapido.com/ar/1562789028925800448/?w=data%20engineer&l=&oc=sponsored&k=web.1.5.7&uuid=arF001a08a76541b0bbb&page_item_id=-2029752815
2026-09-15 22:46:53,563 [INFO]     🔗❌ Link inactivo, descartada: ENT1691 Associate Data Engineer → https://open.app.jobrapido.com/ar/7336530624548700160/?w=data%20engineer&l=&oc=sponsored&k=web.1.5.8&uuid=arF001a08a76541b0bbb&page_item_id=89092091
2026-09-15 22:46:53,860 [INFO]     🔗❌ Link inactivo, descartada: AI Data Engineer Ssr. → https://open.app.jobrapido.com/ar/3645984438208167936/?w=data%20engineer&l=&oc=sponsored&k=web.1.5.10&uuid=arF001a08a76541b0bbb&page_item_id=-1833024875
2026-09-15 22:46:53,900 [INFO]     🔗❌ Link inactivo, descartada: Data Engineer → https://open.app.jobrapido.com/ar/9093971301508317184/?w=data%20engineer&l=&oc=sponsored&k=web.1.5.12&uuid=arF001a08a76541b0bbb&page_item_id=1200172748
2026-09-15 22:46:53,902 [INFO]     🔗❌ Link inactivo, descartada: Data Engineer: Big Data Pipelines & ML Production → https://open.app.jobrapido.com/ar/425334783883608064/?w=data%20engineer&l=&oc=sponsored&k=web.1.5.11&uuid=arF001a08a76541b0bbb&page_item_id=-2103798426
2026-09-15 22:46:53,954 [INFO]     🔗❌ Link inactivo, descartada: Data Engineer → https://open.app.jobrapido.com/ar/7457714398115659776/?w=data%20engineer&l=&oc=sponsored&k=web.1.5.1&uuid=arF001a08a76541b0bbb&page_item_id=641672927
2026-09-15 22:46:53,968 [INFO]     🔗❌ Link inactivo, descartada: Senior Data Engineer ID82554 → https://open.app.jobrapido.com/ar/5356103113960849408/?w=data%20engineer&l=&oc=sponsored&k=web.1.5.13&uuid=arF001a08a76541b0bbb&page_item_id=1297996515
2026-09-15 22:46:54,246 [INFO]     🔗❌ Link inactivo, descartada: Data Engineer → https://open.app.jobrapido.com/ar/7506321608156381184/?w=data%20engineer&l=&oc=sponsored&k=web.1.5.4&uuid=arF001a08a76541b0bbb&page_item_id=1715118750
2026-09-15 22:46:54,274 [INFO]     🔗❌ Link inactivo, descartada: Data Engineer → https://open.app.jobrapido.com/ar/3765740014890123264/?w=data%20engineer&l=&oc=sponsored&k=web.1.5.15&uuid=arF001a08a76541b0bbb&page_item_id=-970045348
2026-09-15 22:46:54,289 [INFO]     🔗❌ Link inactivo, descartada: Data Engineer (Buenos Aires) → https://open.app.jobrapido.com/ar/8753053444845076480/?w=data%20engineer&l=&oc=sponsored&k=web.1.5.5&uuid=arF001a08a76541b0bbb&page_item_id=-509605211
2026-09-15 22:46:54,306 [INFO]     🔗❌ Link inactivo, descartada: Senior Data Engineer ID82548 → https://open.app.jobrapido.com/ar/8080101802650894336/?w=data%20engineer&l=&oc=sponsored&k=web.1.5.16&uuid=arF001a08a76541b0bbb&page_item_id=-239316084
2026-09-15 22:46:54,314 [INFO]     🔗❌ Link inactivo, descartada: Senior Data Engineer → https://open.app.jobrapido.com/ar/2582004851533676544/?w=data%20engineer&l=&oc=sponsored&k=web.1.5.17&uuid=arF001a08a76541b0bbb&page_item_id=800038650
2026-09-15 22:46:54,363 [INFO]     🔗❌ Link inactivo, descartada: Data Engineer: Build Scalable Pipelines & Data Lakes → https://open.app.jobrapido.com/ar/5077271723980619776/?w=data%20engineer&l=&oc=sponsored&k=web.1.5.19&uuid=arF001a08a76541b0bbb&page_item_id=-1624726517
2026-09-15 22:46:54,368 [INFO]     🔗❌ Link inactivo, descartada: Data & Machine Learning Engineer → https://open.app.jobrapido.com/ar/1658615195318091776/?w=data%20engineer&l=&oc=sponsored&k=web.1.5.18&uuid=arF001a08a76541b0bbb&page_item_id=-148405214
2026-09-15 22:46:54,567 [INFO]     🔗❌ Link inactivo, descartada: Data Engineer → https://open.app.jobrapido.com/ar/6600502680328601600/?w=data%20engineer&l=&oc=sponsored&k=web.1.5.9&uuid=arF001a08a76541b0bbb&page_item_id=516652740
2026-09-15 22:46:54,659 [INFO]     🔗❌ Link inactivo, descartada: Sr. Software Engineer - Java/AWS → https://open.app.jobrapido.com/ar/9119623594979098624/?w=software%20engineer&l=&oc=sponsored&k=web.1.1.2&uuid=arF001a08a7843a40c7c&page_item_id=784358648
2026-09-15 22:46:54,679 [INFO]     🔗❌ Link inactivo, descartada: Remote Software Engineer for AI Training & Code Evaluation → https://open.app.jobrapido.com/ar/3847734050127085568/?w=software%20engineer&l=&oc=sponsored&k=web.1.1.3&uuid=arF001a08a7843a40c7c&page_item_id=-945031768
2026-09-15 22:46:54,688 [INFO]     🔗❌ Link inactivo, descartada: Senior Full Stack Engineer - React + Node.js (CRM) - Remote → https://open.app.jobrapido.com/ar/6265197744625811456/?w=software%20engineer&l=&oc=sponsored&k=web.1.1.8&uuid=arF001a08a7843a40c7c&page_item_id=526257729
2026-09-15 22:46:54,699 [INFO]     🔗❌ Link inactivo, descartada: Full Stack Software Engineer ID85596 → https://open.app.jobrapido.com/ar/1710535216713433088/?w=software%20engineer&l=&oc=sponsored&k=web.1.1.5&uuid=arF001a08a7843a40c7c&page_item_id=-335932011
2026-09-15 22:46:54,711 [INFO]     🔗❌ Link inactivo, descartada: Web React Engineer — TypeScript, AI Tools, Remote & Flexible → https://open.app.jobrapido.com/ar/9164286186796089344/?w=software%20engineer&l=&oc=sponsored&k=web.1.1.9&uuid=arF001a08a7843a40c7c&page_item_id=159677560
2026-09-15 22:46:54,785 [INFO]     🔗❌ Link inactivo, descartada: Senior Cloud Engineer: AWS, CI/CD, Docker & Kubernetes → https://open.app.jobrapido.com/ar/6228642917192302592/?w=software%20engineer&l=&oc=sponsored&k=web.1.1.10&uuid=arF001a08a7843a40c7c&page_item_id=501294204
2026-09-15 22:46:54,964 [INFO]     🔗❌ Link inactivo, descartada: Remote Senior Full-Stack Engineer (Node + Vue) → https://open.app.jobrapido.com/ar/6184743815941718016/?w=software%20engineer&l=&oc=sponsored&k=web.1.1.12&uuid=arF001a08a7843a40c7c&page_item_id=601594806
2026-09-15 22:46:55,062 [INFO]     🔗❌ Link inactivo, descartada: Senior AppSec Engineer: AI-Driven Secure Coding & CI/CD → https://open.app.jobrapido.com/ar/2577771731766738944/?w=software%20engineer&l=&oc=sponsored&k=web.1.1.13&uuid=arF001a08a7843a40c7c&page_item_id=47902841
2026-09-15 22:46:55,089 [INFO]     🔗❌ Link inactivo, descartada: Senior QA Automation Engineer — Serverless API Testing → https://open.app.jobrapido.com/ar/7415915364074127360/?w=software%20engineer&l=&oc=sponsored&k=web.1.1.14&uuid=arF001a08a7843a40c7c&page_item_id=1067091448
2026-09-15 22:46:55,090 [INFO]     🔗❌ Link inactivo, descartada: Senior AppSec Engineer ID71672 → https://open.app.jobrapido.com/ar/5967251619874603008/?w=software%20engineer&l=&oc=sponsored&k=web.1.1.15&uuid=arF001a08a7843a40c7c&page_item_id=-794887676
2026-09-15 22:46:55,103 [INFO]     🔗❌ Link inactivo, descartada: Senior Quality Engineer ID84192 → https://open.app.jobrapido.com/ar/526721695973638144/?w=software%20engineer&l=&oc=sponsored&k=web.1.1.17&uuid=arF001a08a7843a40c7c&page_item_id=-313399868
2026-09-15 22:46:55,111 [INFO]     🔗❌ Link inactivo, descartada: Senior/Lead AppSec Engineer ID71672 → https://open.app.jobrapido.com/ar/2690154739387072512/?w=software%20engineer&l=&oc=sponsored&k=web.1.1.18&uuid=arF001a08a7843a40c7c&page_item_id=-968358802
2026-09-15 22:46:55,381 [INFO]     🔗❌ Link inactivo, descartada: Senior Full Stack Engineer ID82556 → https://open.app.jobrapido.com/ar/5276628300381290496/?w=software%20engineer&l=&oc=sponsored&k=web.1.2.4&uuid=arF001a08a7991400d06&page_item_id=1506972502
2026-09-15 22:46:55,460 [INFO]     🔗❌ Link inactivo, descartada: Senior Platform Engineer - AI-Driven Cloud & Fabric → https://open.app.jobrapido.com/ar/3444339090915328000/?w=software%20engineer&l=&oc=sponsored&k=web.1.2.8&uuid=arF001a08a7991400d06&page_item_id=1053930366
2026-09-15 22:46:55,492 [INFO]     🔗❌ Link inactivo, descartada: DevOps / Site Reliability Engineer ID70127 → https://open.app.jobrapido.com/ar/553322180784422912/?w=software%20engineer&l=&oc=sponsored&k=web.1.2.15&uuid=arF001a08a7991400d06&page_item_id=-1492762612
2026-09-15 22:46:55,502 [INFO]     🔗❌ Link inactivo, descartada: Cloud Engineer Senior → https://open.app.jobrapido.com/ar/3394755050692673536/?w=software%20engineer&l=&oc=sponsored&k=web.1.1.11&uuid=arF001a08a7843a40c7c&page_item_id=-1656924317
2026-09-15 22:46:55,510 [INFO]     🔗❌ Link inactivo, descartada: Senior Java Engineer ID84680 → https://open.app.jobrapido.com/ar/8979421568786497536/?w=software%20engineer&l=&oc=sponsored&k=web.1.2.19&uuid=arF001a08a7991400d06&page_item_id=682919122
2026-09-15 22:46:55,513 [INFO]     🔗❌ Link inactivo, descartada: Senior Software Engineer ID87210 → https://open.app.jobrapido.com/ar/5849005861636145152/?w=software%20engineer&l=&oc=sponsored&k=web.1.3.14&uuid=arF001a08a7a23ea0d57&page_item_id=-1302092046
2026-09-15 22:46:55,881 [INFO]     🔗❌ Link inactivo, descartada: Senior Software Engineer ID74260 → https://open.app.jobrapido.com/ar/1029805938502008832/?w=software%20engineer&l=&oc=sponsored&k=web.1.4.2&uuid=arF001a08a7a4cb00d66&page_item_id=1499485489
2026-09-15 22:46:55,909 [INFO]     🔗❌ Link inactivo, descartada: Senior Software Engineer ID72455 → https://open.app.jobrapido.com/ar/6401484959667716096/?w=software%20engineer&l=&oc=sponsored&k=web.1.4.3&uuid=arF001a08a7a4cb00d66&page_item_id=-926331216
2026-09-15 22:46:55,917 [INFO]     🔗❌ Link inactivo, descartada: Senior Software Engineer (Mobile) ID74260 → https://open.app.jobrapido.com/ar/6543246797723140096/?w=software%20engineer&l=&oc=sponsored&k=web.1.4.8&uuid=arF001a08a7a4cb00d66&page_item_id=-1014830610
2026-09-15 22:46:55,926 [INFO]     🔗❌ Link inactivo, descartada: Senior AI Software Engineer ID87002 → https://open.app.jobrapido.com/ar/49495441489788928/?w=software%20engineer&l=&oc=sponsored&k=web.1.4.7&uuid=arF001a08a7a4cb00d66&page_item_id=1209970519
2026-09-15 22:46:55,927 [INFO]     🔗❌ Link inactivo, descartada: Software Engineer (Web) ID76971 → https://open.app.jobrapido.com/ar/8312777068886622208/?w=software%20engineer&l=&oc=sponsored&k=web.1.4.5&uuid=arF001a08a7a4cb00d66&page_item_id=-1913321787
2026-09-15 22:46:55,934 [INFO]     🔗❌ Link inactivo, descartada: AppSec Engineer ID71671 → https://open.app.jobrapido.com/ar/7933961262617067520/?w=software%20engineer&l=&oc=sponsored&k=web.1.2.0&uuid=arF001a08a7991400d06&page_item_id=864129683
2026-09-15 22:46:56,271 [INFO]     🔗❌ Link inactivo, descartada: Middle Full Stack Engineer ID84407 → https://open.app.jobrapido.com/ar/1337651791071805440/?w=software%20engineer&l=&oc=sponsored&k=web.1.2.11&uuid=arF001a08a7991400d06&page_item_id=47765236
2026-09-15 22:46:56,288 [INFO]     🔗❌ Link inactivo, descartada: Senior Agentic AI Software Engineer ID81654 → https://open.app.jobrapido.com/ar/3353770205011509248/?w=software%20engineer&l=&oc=sponsored&k=web.1.4.9&uuid=arF001a08a7a4cb00d66&page_item_id=-728230502
2026-09-15 22:46:56,326 [INFO]     🔗❌ Link inactivo, descartada: Software Engineer (Elixir/Phoenix) - Latin America (REMOTE) → https://open.app.jobrapido.com/ar/8578206838053404672/?w=software%20engineer&l=&oc=sponsored&k=web.1.4.11&uuid=arF001a08a7a4cb00d66&page_item_id=-302513464
2026-09-15 22:46:56,339 [INFO]     🔗❌ Link inactivo, descartada: Senior Mobile Engineer ID82572 → https://open.app.jobrapido.com/ar/8076722677001224192/?w=software%20engineer&l=&oc=sponsored&k=web.1.5.0&uuid=arF001a08a7b71370dbc&page_item_id=-1761920824
2026-09-15 22:46:56,353 [INFO]     🔗❌ Link inactivo, descartada: Senior/Lead AppSec Engineer ID71672 → https://open.app.jobrapido.com/ar/5787064478948392960/?w=software%20engineer&l=&oc=sponsored&k=web.1.4.13&uuid=arF001a08a7a4cb00d66&page_item_id=232907639
2026-09-15 22:46:56,353 [INFO]     🔗❌ Link inactivo, descartada: Senior Quality Engineer ID84192 → https://open.app.jobrapido.com/ar/8690899203578134528/?w=software%20engineer&l=&oc=sponsored&k=web.1.4.12&uuid=arF001a08a7a4cb00d66&page_item_id=1592159986
2026-09-15 22:46:56,357 [INFO]     🔗❌ Link inactivo, descartada: Tech Lead Security Software Engineer ID80140 → https://open.app.jobrapido.com/ar/306698166441345024/?w=software%20engineer&l=&oc=sponsored&k=web.1.4.10&uuid=arF001a08a7a4cb00d66&page_item_id=500937818
2026-09-15 22:46:56,524 [INFO]     🔗❌ Link inactivo, descartada: Senior Software Engineer ID74262 → https://open.app.jobrapido.com/ar/2363295015058276352/?w=software%20engineer&l=&oc=sponsored&k=web.1.4.1&uuid=arF001a08a7a4cb00d66&page_item_id=1999567515
2026-09-15 22:46:56,682 [INFO]     🔗❌ Link inactivo, descartada: Senior Full Stack Engineer ID82556 → https://open.app.jobrapido.com/ar/5012730391430168576/?w=software%20engineer&l=&oc=sponsored&k=web.1.5.2&uuid=arF001a08a7b71370dbc&page_item_id=-349282499
2026-09-15 22:46:56,701 [INFO]     🔗❌ Link inactivo, descartada: Senior Site Reliability Engineer ID82566 → https://open.app.jobrapido.com/ar/6660203430117638144/?w=software%20engineer&l=&oc=sponsored&k=web.1.5.1&uuid=arF001a08a7b71370dbc&page_item_id=-82038629
2026-09-15 22:46:56,736 [INFO]     🔗❌ Link inactivo, descartada: Senior Data Engineer ID81743 → https://open.app.jobrapido.com/ar/2064065055862816768/?w=software%20engineer&l=&oc=sponsored&k=web.1.5.7&uuid=arF001a08a7b71370dbc&page_item_id=1807412166
2026-09-15 22:46:56,743 [INFO]     🔗❌ Link inactivo, descartada: Platform Engineer ID82552 → https://open.app.jobrapido.com/ar/1215347907213918208/?w=software%20engineer&l=&oc=sponsored&k=web.1.5.3&uuid=arF001a08a7b71370dbc&page_item_id=-1611919508
2026-09-15 22:46:56,756 [INFO]     🔗❌ Link inactivo, descartada: Senior Data Engineer ID81652 → https://open.app.jobrapido.com/ar/3686473627483504640/?w=software%20engineer&l=&oc=sponsored&k=web.1.5.6&uuid=arF001a08a7b71370dbc&page_item_id=1585365260
2026-09-15 22:46:56,928 [INFO]     🔗❌ Link inactivo, descartada: Mobile Engineer ID74264 → https://open.app.jobrapido.com/ar/4201833075522404352/?w=software%20engineer&l=&oc=sponsored&k=web.1.5.9&uuid=arF001a08a7b71370dbc&page_item_id=675146083
2026-09-15 22:46:57,100 [INFO]     🔗❌ Link inactivo, descartada: Lead Data Engineer ID71008 → https://open.app.jobrapido.com/ar/9108558470734413824/?w=software%20engineer&l=&oc=sponsored&k=web.1.5.12&uuid=arF001a08a7b71370dbc&page_item_id=1863355339
2026-09-15 22:46:57,149 [INFO]     🔗❌ Link inactivo, descartada: Senior Data Engineer ID71670 → https://open.app.jobrapido.com/ar/3635979724208996352/?w=software%20engineer&l=&oc=sponsored&k=web.1.5.15&uuid=arF001a08a7b71370dbc&page_item_id=1389395079
2026-09-15 22:46:57,157 [INFO]     🔗❌ Link inactivo, descartada: Senior Mobile Engineer ID74261 → https://open.app.jobrapido.com/ar/5784953210464632832/?w=software%20engineer&l=&oc=sponsored&k=web.1.5.14&uuid=arF001a08a7b71370dbc&page_item_id=1405667169
2026-09-15 22:46:57,165 [INFO]     🔗❌ Link inactivo, descartada: Senior Backend Engineer ID77083 → https://open.app.jobrapido.com/ar/8175104967409926144/?w=software%20engineer&l=&oc=sponsored&k=web.1.5.16&uuid=arF001a08a7b71370dbc&page_item_id=922511932
2026-09-15 22:46:57,471 [INFO]     🔗❌ Link inactivo, descartada: Senior React Native Engineer ID74262 → https://open.app.jobrapido.com/ar/8099114626437873664/?w=software%20engineer&l=&oc=sponsored&k=web.1.5.4&uuid=arF001a08a7b71370dbc&page_item_id=-541836708
2026-09-15 22:46:57,493 [INFO]     🔗❌ Link inactivo, descartada: Senior Data Engineer ID82269 → https://open.app.jobrapido.com/ar/6388633403905802240/?w=software%20engineer&l=&oc=sponsored&k=web.1.5.5&uuid=arF001a08a7b71370dbc&page_item_id=76750673
2026-09-15 22:46:57,562 [INFO]     🔗❌ Link inactivo, descartada: Desarrollador/a Fullstack (React + Python) → https://open.app.jobrapido.com/ar/1716458285852262400/?w=python&l=&oc=sponsored&k=web.1.1.1&uuid=arF001a08a7d26f10e64&page_item_id=428048820
2026-09-15 22:46:57,773 [INFO]     🔗❌ Link inactivo, descartada: Senior Full Stack Engineer ID78855 → https://open.app.jobrapido.com/ar/3480160372294418432/?w=software%20engineer&l=&oc=sponsored&k=web.1.5.10&uuid=arF001a08a7b71370dbc&page_item_id=-1010581391
2026-09-15 22:46:57,889 [INFO]     🔗❌ Link inactivo, descartada: Senior Python Engineer - Real-Time Voice on AWS → https://open.app.jobrapido.com/ar/2058883607316922368/?w=python&l=&oc=sponsored&k=web.1.1.3&uuid=arF001a08a7d26f10e64&page_item_id=1932079465
2026-09-15 22:46:57,895 [INFO]     🔗❌ Link inactivo, descartada: Remote DevSecOps Engineer (Python) — CI/CD Security & Remedi → https://open.app.jobrapido.com/ar/7261796819208765440/?w=python&l=&oc=sponsored&k=web.1.1.4&uuid=arF001a08a7d26f10e64&page_item_id=449914903
2026-09-15 22:46:58,011 [INFO]     🔗❌ Link inactivo, descartada: Senior Python/Flask+React Fullstack Engineer - Remote, Latin → https://open.app.jobrapido.com/ar/5242644783968550912/?w=python&l=&oc=sponsored&k=web.1.1.7&uuid=arF001a08a7d26f10e64&page_item_id=1424723988
2026-09-15 22:46:58,092 [INFO]     🔗❌ Link inactivo, descartada: Senior Automation QA Engineer ID72469 → https://open.app.jobrapido.com/ar/1770236430358937600/?w=software%20engineer&l=&oc=sponsored&k=web.1.5.17&uuid=arF001a08a7b71370dbc&page_item_id=1758656746
2026-09-15 22:46:58,177 [INFO]     🔗❌ Link inactivo, descartada: Senior Python/React Full-Stack Engineer — Impact & Growth → https://open.app.jobrapido.com/ar/432791585843838976/?w=python&l=&oc=sponsored&k=web.1.1.10&uuid=arF001a08a7d26f10e64&page_item_id=814379698
2026-09-15 22:46:58,281 [INFO]     🔗❌ Link inactivo, descartada: Senior Full Stack Engineer (backend focus) ID77506 → https://open.app.jobrapido.com/ar/1539932862243930112/?w=software%20engineer&l=&oc=sponsored&k=web.1.5.18&uuid=arF001a08a7b71370dbc&page_item_id=978174365
2026-09-15 22:46:58,301 [INFO]     🔗❌ Link inactivo, descartada: Senior AppSec Engineer - Remote, AI-Driven Secure Coding → https://open.app.jobrapido.com/ar/1402503477959065600/?w=python&l=&oc=sponsored&k=web.1.1.14&uuid=arF001a08a7d26f10e64&page_item_id=210314987
2026-09-15 22:46:58,308 [INFO]     🔗❌ Link inactivo, descartada: Technical Lead - Remote AI-Powered Marketing Platform → https://open.app.jobrapido.com/ar/2148329479531921408/?w=python&l=&oc=sponsored&k=web.1.1.13&uuid=arF001a08a7d26f10e64&page_item_id=-1373254846
2026-09-15 22:46:58,336 [INFO]     🔗❌ Link inactivo, descartada: Anuncios Google → https://open.app.jobrapido.com/ar/3705923438423048192/?w=python&l=&oc=sponsored&k=web.1.1.0&uuid=arF001a08a7d26f10e64&page_item_id=-1381752161
2026-09-15 22:46:58,355 [INFO]     🔗❌ Link inactivo, descartada: Senior Full Stack Engineer — Python/React (Remote) → https://open.app.jobrapido.com/ar/8297758375706361856/?w=python&l=&oc=sponsored&k=web.1.1.2&uuid=arF001a08a7d26f10e64&page_item_id=849978919
2026-09-15 22:46:58,401 [INFO]     🔗❌ Link inactivo, descartada: Fullstack Developer → https://open.app.jobrapido.com/ar/7942257747863535616/?w=python&l=&oc=sponsored&k=web.1.2.4&uuid=arF001a08a7e161f0eb6&page_item_id=-786823164
2026-09-15 22:46:58,515 [INFO]     🔗❌ Link inactivo, descartada: Automation Specialist → https://open.app.jobrapido.com/ar/6396353470181408768/?w=python&l=&oc=sponsored&k=web.1.2.5&uuid=arF001a08a7e161f0eb6&page_item_id=-880797418
2026-09-15 22:46:58,604 [INFO]     🔗❌ Link inactivo, descartada: JSOC - Cybersecurity Specialist - Incident Response → https://open.app.jobrapido.com/ar/8109424953129959424/?w=python&l=&oc=sponsored&k=web.1.2.9&uuid=arF001a08a7e161f0eb6&page_item_id=616737182
2026-09-15 22:46:58,691 [INFO]     🔗❌ Link inactivo, descartada: Desarrollador/a Backend → https://open.app.jobrapido.com/ar/4271207242713268224/?w=python&l=&oc=sponsored&k=web.1.3.0&uuid=arF001a08a7e69a60ec9&page_item_id=1208579145
2026-09-15 22:46:58,714 [INFO]     🔗❌ Link inactivo, descartada: AI Platform Tech Lead ID84742 → https://open.app.jobrapido.com/ar/2808709838350057472/?w=python&l=&oc=sponsored&k=web.1.3.9&uuid=arF001a08a7e69a60ec9&page_item_id=971882857
2026-09-15 22:46:58,721 [INFO]     🔗❌ Link inactivo, descartada: Marketing Technologist | Regulated DTC Consumer Brand → https://open.app.jobrapido.com/ar/4716508335271051264/?w=python&l=&oc=sponsored&k=web.1.3.10&uuid=arF001a08a7e69a60ec9&page_item_id=1694549720
2026-09-15 22:46:58,744 [INFO]     🔗❌ Link inactivo, descartada: Python Engineer (AppSec) ID71670 → https://open.app.jobrapido.com/ar/388968127557271552/?w=python&l=&oc=sponsored&k=web.1.3.12&uuid=arF001a08a7e69a60ec9&page_item_id=66068687
2026-09-15 22:46:58,772 [INFO]     🔗❌ Link inactivo, descartada: Senior Full Stack Engineer ID87215 → https://open.app.jobrapido.com/ar/3396846442067787776/?w=python&l=&oc=sponsored&k=web.1.3.15&uuid=arF001a08a7e69a60ec9&page_item_id=-1008403814
2026-09-15 22:46:58,914 [INFO]     🔗❌ Link inactivo, descartada: Analista Técnico Funcional BI → https://open.app.jobrapido.com/ar/5013144821414494208/?w=python&l=&oc=sponsored&k=web.1.4.1&uuid=arF001a08a7f0d390f42&page_item_id=1106845321
2026-09-15 22:46:59,006 [INFO]     🔗❌ Link inactivo, descartada: Remote AI/ML Engineer: Build Production AI Systems → https://open.app.jobrapido.com/ar/7307662792142618624/?w=python&l=&oc=sponsored&k=web.1.4.3&uuid=arF001a08a7f0d390f42&page_item_id=-702695447
2026-09-15 22:46:59,086 [INFO]     🔗❌ Link inactivo, descartada: Senior Full-Stack Engineer — Financial Analytics → https://open.app.jobrapido.com/ar/6912735412494532608/?w=python&l=&oc=sponsored&k=web.1.4.4&uuid=arF001a08a7f0d390f42&page_item_id=-2000899693
2026-09-15 22:46:59,113 [INFO]     🔗❌ Link inactivo, descartada: Senior Infrastructure Engineer ID82562 → https://open.app.jobrapido.com/ar/6894627881914204160/?w=python&l=&oc=sponsored&k=web.1.4.12&uuid=arF001a08a7f0d390f42&page_item_id=1271169239
2026-09-15 22:46:59,119 [INFO]     🔗❌ Link inactivo, descartada: Detection Researcher: Coding-Focused Security Analysis → https://open.app.jobrapido.com/ar/797410068478820352/?w=python&l=&oc=sponsored&k=web.1.4.5&uuid=arF001a08a7f0d390f42&page_item_id=1075362340
2026-09-15 22:46:59,141 [INFO]     🔗❌ Link inactivo, descartada: Senior Site Reliability Engineer ID82562 → https://open.app.jobrapido.com/ar/4749269813228994560/?w=python&l=&oc=sponsored&k=web.1.4.13&uuid=arF001a08a7f0d390f42&page_item_id=787026343
2026-09-15 22:46:59,176 [INFO]     🔗❌ Link inactivo, descartada: Senior Data Engineer ID71671 → https://open.app.jobrapido.com/ar/911350534319898624/?w=python&l=&oc=sponsored&k=web.1.4.14&uuid=arF001a08a7f0d390f42&page_item_id=1731581846
2026-09-15 22:46:59,335 [INFO]     🔗❌ Link inactivo, descartada: Analista de investigación de mercado → https://open.app.jobrapido.com/ar/2832204615129235456/?w=python&l=&oc=sponsored&k=web.1.4.16&uuid=arF001a08a7f0d390f42&page_item_id=-1988858436
2026-09-15 22:46:59,406 [INFO]     🔗❌ Link inactivo, descartada: Senior Data Engineer ID82547 → https://open.app.jobrapido.com/ar/5912144921724190720/?w=python&l=&oc=sponsored&k=web.1.4.17&uuid=arF001a08a7f0d390f42&page_item_id=-654199236
2026-09-15 22:46:59,500 [INFO]     🔗❌ Link inactivo, descartada: Senior Full Stack Developer ID71007 → https://open.app.jobrapido.com/ar/5993210951967440896/?w=python&l=&oc=sponsored&k=web.1.5.1&uuid=arF001a08a7ffe450f7a&page_item_id=-1468787730
2026-09-15 22:46:59,507 [INFO]     🔗❌ Link inactivo, descartada: Technical Lead ID71009 → https://open.app.jobrapido.com/ar/4208307824620470272/?w=python&l=&oc=sponsored&k=web.1.5.5&uuid=arF001a08a7ffe450f7a&page_item_id=2105097041
2026-09-15 22:46:59,511 [INFO]     🔗❌ Link inactivo, descartada: Senior DevOps Engineer ID77081 → https://open.app.jobrapido.com/ar/1367878997806940160/?w=python&l=&oc=sponsored&k=web.1.5.8&uuid=arF001a08a7ffe450f7a&page_item_id=472373415
2026-09-15 22:46:59,533 [INFO]     🔗❌ Link inactivo, descartada: Data Engineer (Senior) - ETL (Python+Snowflake) - Remote, La → https://open.app.jobrapido.com/ar/1712019093554462720/?w=python&l=&oc=sponsored&k=web.1.3.14&uuid=arF001a08a7e69a60ec9&page_item_id=1982540698
2026-09-15 22:46:59,541 [INFO]     🔗❌ Link inactivo, descartada: Desarrollador/a Python → https://open.app.jobrapido.com/ar/7543547403970805760/?w=python&l=&oc=sponsored&k=web.1.5.10&uuid=arF001a08a7ffe450f7a&page_item_id=-1335039880
2026-09-15 22:46:59,587 [INFO]     🔗❌ Link inactivo, descartada: Senior Fullstack Python Engineer → https://open.app.jobrapido.com/ar/875046979653074944/?w=python&l=&oc=sponsored&k=web.1.5.11&uuid=arF001a08a7ffe450f7a&page_item_id=-1482052213
2026-09-15 22:46:59,744 [INFO]     🔗❌ Link inactivo, descartada: Senior Python Engineer → https://open.app.jobrapido.com/ar/8147881471823052800/?w=python&l=&oc=sponsored&k=web.1.5.13&uuid=arF001a08a7ffe450f7a&page_item_id=-1091423994
2026-09-15 22:46:59,923 [INFO]     🔗❌ Link inactivo, descartada: Fullstack Developer (Python/React) → https://open.app.jobrapido.com/ar/5885476456171044864/?w=python&l=&oc=sponsored&k=web.1.5.16&uuid=arF001a08a7ffe450f7a&page_item_id=-841223361
2026-09-15 22:46:59,944 [INFO]     🔗❌ Link inactivo, descartada: Python Software Engineering Manager → https://open.app.jobrapido.com/ar/1358010915307388928/?w=python&l=&oc=sponsored&k=web.1.5.19&uuid=arF001a08a7ffe450f7a&page_item_id=-1833256167
2026-09-15 22:46:59,950 [INFO]     🔗❌ Link inactivo, descartada: Software Engineer - Backend, Python → https://open.app.jobrapido.com/ar/7495291307506532352/?w=python&l=&oc=sponsored&k=web.1.5.18&uuid=arF001a08a7ffe450f7a&page_item_id=1834686080
2026-09-15 22:46:59,990 [INFO]     🔗❌ Link inactivo, descartada: QA Analyst SRR - Rosario, Santa Fe → https://open.app.jobrapido.com/ar/7243921491740327936/?w=desarrollador%20backend&l=&oc=sponsored&k=web.1.1.1&uuid=arF001a08a8145730fe8&page_item_id=-1356081428
2026-09-15 22:47:00,315 [INFO]     🔗❌ Link inactivo, descartada: DESARROLLADOR BackEnd → https://open.app.jobrapido.com/ar/8947491811245424640/?w=desarrollador%20backend&l=&oc=sponsored&k=web.1.1.3&uuid=arF001a08a8145730fe8&page_item_id=468230630
2026-09-15 22:47:00,326 [INFO]     🔗❌ Link inactivo, descartada: Desarrollador/a Backend Python → https://open.app.jobrapido.com/ar/4994298006703439872/?w=desarrollador%20backend&l=&oc=sponsored&k=web.1.1.5&uuid=arF001a08a8145730fe8&page_item_id=1634919129
2026-09-15 22:47:00,393 [INFO]     🔗❌ Link inactivo, descartada: Desarrollador/a Backend Ssr. → https://open.app.jobrapido.com/ar/7563414230464987136/?w=desarrollador%20backend&l=&oc=sponsored&k=web.1.1.6&uuid=arF001a08a8145730fe8&page_item_id=1987270523
2026-09-15 22:47:00,567 [INFO]     🔗❌ Link inactivo, descartada: Fullstack Python Engineer → https://open.app.jobrapido.com/ar/300359894224076800/?w=python&l=&oc=sponsored&k=web.1.5.14&uuid=arF001a08a7ffe450f7a&page_item_id=-488991711
2026-09-15 22:47:00,662 [INFO]     🔗❌ Link inactivo, descartada: Junior Python Developer → https://open.app.jobrapido.com/ar/8215147188028702720/?w=python&l=&oc=sponsored&k=web.1.5.15&uuid=arF001a08a7ffe450f7a&page_item_id=1181198739
2026-09-15 22:47:00,666 [INFO]     🔗❌ Link inactivo, descartada: Fullstack Developer (Python/React) → https://open.app.jobrapido.com/ar/5742535546513653760/?w=python&l=&oc=sponsored&k=web.1.5.17&uuid=arF001a08a7ffe450f7a&page_item_id=-1663275228
2026-09-15 22:47:00,709 [INFO]     🔗❌ Link inactivo, descartada: Desarrollador/a Backend Ssr. → https://open.app.jobrapido.com/ar/782485503801819136/?w=desarrollador%20backend&l=&oc=sponsored&k=web.1.1.8&uuid=arF001a08a8145730fe8&page_item_id=354938756
2026-09-15 22:47:00,719 [INFO]     🔗❌ Link inactivo, descartada: Desarrollador/a Backend Java SSR → https://open.app.jobrapido.com/ar/1176624602332266496/?w=desarrollador%20backend&l=&oc=sponsored&k=web.1.1.7&uuid=arF001a08a8145730fe8&page_item_id=1532497649
2026-09-15 22:47:00,790 [INFO]     🔗❌ Link inactivo, descartada: Desarrollador Backend Java - Referente técnico → https://open.app.jobrapido.com/ar/299621743964717056/?w=desarrollador%20backend&l=&oc=sponsored&k=web.1.1.9&uuid=arF001a08a8145730fe8&page_item_id=750110206
2026-09-15 22:47:00,940 [INFO]     🔗❌ Link inactivo, descartada: Desarrollador Backend → https://open.app.jobrapido.com/ar/8582622133153169408/?w=desarrollador%20backend&l=&oc=sponsored&k=web.1.1.2&uuid=arF001a08a8145730fe8&page_item_id=730840710
2026-09-15 22:47:00,988 [INFO]     🔗❌ Link inactivo, descartada: Desarrollador Backend (SSR) – Computer Vision & AI / Python  → https://open.app.jobrapido.com/ar/8945503782553255936/?w=desarrollador%20backend&l=&oc=sponsored&k=web.1.1.10&uuid=arF001a08a8145730fe8&page_item_id=-679023846
2026-09-15 22:47:01,073 [INFO]     🔗❌ Link inactivo, descartada: Desarrollador Backend (SR) – Node.js / Java Spring Boot (Híb → https://open.app.jobrapido.com/ar/8632384036561485824/?w=desarrollador%20backend&l=&oc=sponsored&k=web.1.1.12&uuid=arF001a08a8145730fe8&page_item_id=1522419247
2026-09-15 22:47:01,074 [INFO]     🔗❌ Link inactivo, descartada: Desarrollador Backend - NODE JS - Córdoba excluyente-POSICIÓ → https://open.app.jobrapido.com/ar/29951682435612672/?w=desarrollador%20backend&l=&oc=sponsored&k=web.1.1.11&uuid=arF001a08a8145730fe8&page_item_id=418765657
2026-09-15 22:47:01,092 [INFO]     🔗❌ Link inactivo, descartada: Desarrollador Backend Java Senior → https://open.app.jobrapido.com/ar/2923272971369840640/?w=desarrollador%20backend&l=&oc=sponsored&k=web.1.1.4&uuid=arF001a08a8145730fe8&page_item_id=-1934056148
2026-09-15 22:47:01,122 [INFO]     🔗❌ Link inactivo, descartada: Desarrollador Backend Senior NodeJS, APIs y Cloud (Remote) → https://open.app.jobrapido.com/ar/5487004508733046784/?w=desarrollador%20backend&l=&oc=sponsored&k=web.1.1.14&uuid=arF001a08a8145730fe8&page_item_id=156967898
2026-09-15 22:47:01,129 [INFO]     🔗❌ Link inactivo, descartada: Desarrollador/a Backend Senior (Node.js/Nest.js) → https://open.app.jobrapido.com/ar/1916602181297897472/?w=desarrollador%20backend&l=&oc=sponsored&k=web.1.1.13&uuid=arF001a08a8145730fe8&page_item_id=910801696
2026-09-15 22:47:01,184 [INFO]     🔗❌ Link inactivo, descartada: Desarrollador Backend Senior: Smalltalk, REST y APIs → https://open.app.jobrapido.com/ar/5148661914460487680/?w=desarrollador%20backend&l=&oc=sponsored&k=web.1.1.15&uuid=arF001a08a8145730fe8&page_item_id=-2101917239
2026-09-15 22:47:01,365 [INFO]     🔗❌ Link inactivo, descartada: Desarrollador/a Backend GO SSR ID #00267 → https://open.app.jobrapido.com/ar/9084348186763460608/?w=desarrollador%20backend&l=&oc=sponsored&k=web.1.1.16&uuid=arF001a08a8145730fe8&page_item_id=1474426893
2026-09-15 22:47:01,384 [INFO]     🔗❌ Link inactivo, descartada: Desarrollador Backend (PL/SQL) Ssr - POSICIÓN CUBIERTA → https://open.app.jobrapido.com/ar/2002941185840119808/?w=desarrollador%20backend&l=&oc=sponsored&k=web.1.1.17&uuid=arF001a08a8145730fe8&page_item_id=-713628293
2026-09-15 22:47:01,481 [INFO]     🔗❌ Link inactivo, descartada: Backend Senior Engineer: Lidera Arquitectura y Rendimiento → https://open.app.jobrapido.com/ar/8827045406253776896/?w=desarrollador%20backend&l=&oc=sponsored&k=web.1.1.19&uuid=arF001a08a8145730fe8&page_item_id=-1567684705
2026-09-15 22:47:01,483 [INFO]     🔗❌ Link inactivo, descartada: Senior Backend Architect & Tech Lead → https://open.app.jobrapido.com/ar/1869243191832608768/?w=desarrollador%20backend&l=&oc=sponsored&k=web.1.1.18&uuid=arF001a08a8145730fe8&page_item_id=-880356991
2026-09-15 22:47:01,489 [INFO]     🔗❌ Link inactivo, descartada: Senior Backend Engineer (Java) – End-to-End Ownership → https://open.app.jobrapido.com/ar/5941962852435755008/?w=desarrollador%20backend&l=&oc=sponsored&k=web.1.2.0&uuid=arF001a08a8340c21087&page_item_id=2024276311
2026-09-15 22:47:01,523 [INFO]     🔗❌ Link inactivo, descartada: Senior Backend Go Engineer – Microservicios (Remoto) → https://open.app.jobrapido.com/ar/3444098933524004864/?w=desarrollador%20backend&l=&oc=sponsored&k=web.1.2.2&uuid=arF001a08a8340c21087&page_item_id=-1069364698
2026-09-15 22:47:01,532 [INFO]     🔗❌ Link inactivo, descartada: Ingeniero Backend Node.js y TypeScript — Remoto, Freelance → https://open.app.jobrapido.com/ar/6917938215617822720/?w=desarrollador%20backend&l=&oc=sponsored&k=web.1.2.1&uuid=arF001a08a8340c21087&page_item_id=718327876
2026-09-15 22:47:01,577 [INFO]     🔗❌ Link inactivo, descartada: Desarrollador Java Sr. → https://open.app.jobrapido.com/ar/421059882674814976/?w=desarrollador%20backend&l=&oc=sponsored&k=web.1.2.3&uuid=arF001a08a8340c21087&page_item_id=969475983
2026-09-15 22:47:01,759 [INFO]     🔗❌ Link inactivo, descartada: Desarrollador Full Stack Junior (Presencial) → https://open.app.jobrapido.com/ar/8597904777843572736/?w=desarrollador%20backend&l=&oc=sponsored&k=web.1.2.4&uuid=arF001a08a8340c21087&page_item_id=2030361008
2026-09-15 22:47:01,809 [INFO]     🔗❌ Link inactivo, descartada: Backend Dev SR/lead (Colombia) → https://open.app.jobrapido.com/ar/7933321398389309440/?w=desarrollador%20backend&l=&oc=sponsored&k=web.1.2.5&uuid=arF001a08a8340c21087&page_item_id=-1559509543
2026-09-15 22:47:01,875 [INFO]     🔗❌ Link inactivo, descartada: Backend Dev SR (Colombia) → https://open.app.jobrapido.com/ar/885369675850973184/?w=desarrollador%20backend&l=&oc=sponsored&k=web.1.2.6&uuid=arF001a08a8340c21087&page_item_id=700357291
2026-09-15 22:47:01,891 [INFO]     🔗❌ Link inactivo, descartada: Senior Sotware Engineer-Productivity GenAI - AI Assets Core  → https://open.app.jobrapido.com/ar/5932783150114537472/?w=desarrollador%20backend&l=&oc=sponsored&k=web.1.2.7&uuid=arF001a08a8340c21087&page_item_id=605305357
2026-09-15 22:47:01,895 [INFO]     🔗❌ Link inactivo, descartada: Sotware Engineer-Productivity GenAI - AI Assets Core Team -  → https://open.app.jobrapido.com/ar/2471485361503600640/?w=desarrollador%20backend&l=&oc=sponsored&k=web.1.2.8&uuid=arF001a08a8340c21087&page_item_id=-1560817473
2026-09-15 22:47:01,992 [INFO]     🔗❌ Link inactivo, descartada: Senior IA & .NET/Python Full-Stack Engineer (Remote) → https://open.app.jobrapido.com/ar/2267701601533689856/?w=desarrollador%20backend&l=&oc=sponsored&k=web.1.2.11&uuid=arF001a08a8340c21087&page_item_id=1482617553
2026-09-15 22:47:02,171 [INFO]     🔗❌ Link inactivo, descartada: Senior Backend Engineer (Java) - End-to-End Ownership → https://open.app.jobrapido.com/ar/5815968715497275392/?w=desarrollador%20backend&l=&oc=sponsored&k=web.1.2.12&uuid=arF001a08a8340c21087&page_item_id=1907296100
2026-09-15 22:47:02,201 [INFO]     🔗❌ Link inactivo, descartada: Desarrollador Web React.js | UI dinámica, APIs y MySQL → https://open.app.jobrapido.com/ar/3461034831385722880/?w=desarrollador%20backend&l=&oc=sponsored&k=web.1.2.13&uuid=arF001a08a8340c21087&page_item_id=1569188970
2026-09-15 22:47:02,277 [INFO]     🔗❌ Link inactivo, descartada: Senior PHP/Laravel Backend Engineer - Hybrid (Belgrano) → https://open.app.jobrapido.com/ar/7329178190293762048/?w=desarrollador%20backend&l=&oc=sponsored&k=web.1.2.14&uuid=arF001a08a8340c21087&page_item_id=1447927852
2026-09-15 22:47:02,286 [INFO]     🔗❌ Link inactivo, descartada: Frontend Engineer: Angular & Microfrontends (Hybrid) → https://open.app.jobrapido.com/ar/3574775340729368576/?w=desarrollador%20backend&l=&oc=sponsored&k=web.1.2.16&uuid=arF001a08a8340c21087&page_item_id=-1458676867
2026-09-15 22:47:02,301 [INFO]     🔗❌ Link inactivo, descartada: Backend Java 21 + Drools Engineer (Hybrid) → https://open.app.jobrapido.com/ar/5080047990840754176/?w=desarrollador%20backend&l=&oc=sponsored&k=web.1.2.15&uuid=arF001a08a8340c21087&page_item_id=1491683144
2026-09-15 22:47:02,391 [INFO]     🔗❌ Link inactivo, descartada: Desarrollador Java Full Stack Senior - Remoto → https://open.app.jobrapido.com/ar/2515744982309011456/?w=desarrollador%20backend&l=&oc=sponsored&k=web.1.2.17&uuid=arF001a08a8340c21087&page_item_id=1287358507
2026-09-15 22:47:02,589 [INFO]     🔗❌ Link inactivo, descartada: Senior Fullstack Developer → https://open.app.jobrapido.com/ar/8580008576834076672/?w=desarrollador%20backend&l=&oc=sponsored&k=web.1.2.19&uuid=arF001a08a8340c21087&page_item_id=931682696
2026-09-15 22:47:02,679 [INFO]     🔗❌ Link inactivo, descartada: Sr Software Engineer -Productivity GenAI - AI Assets Core Te → https://open.app.jobrapido.com/ar/8545652205720436736/?w=desarrollador%20backend&l=&oc=sponsored&k=web.1.2.9&uuid=arF001a08a8340c21087&page_item_id=1386237836
2026-09-15 22:47:02,689 [INFO]     🔗❌ Link inactivo, descartada: Desarrollador Backend.NET Ssr → https://open.app.jobrapido.com/ar/2436465426532663296/?w=desarrollador%20backend&l=&oc=sponsored&k=web.1.3.0&uuid=arF001a08a852b271116&page_item_id=449913630
2026-09-15 22:47:02,707 [INFO]     🔗❌ Link inactivo, descartada: Backend/Full-stack Developer → https://open.app.jobrapido.com/ar/3469064444544286720/?w=desarrollador%20backend&l=&oc=sponsored&k=web.1.2.10&uuid=arF001a08a8340c21087&page_item_id=-576421044
2026-09-15 22:47:02,787 [INFO]     🔗❌ Link inactivo, descartada: Mobile iOS Developer - Semi Senior → https://open.app.jobrapido.com/ar/3398290530331787264/?w=desarrollador%20backend&l=&oc=sponsored&k=web.1.3.3&uuid=arF001a08a852b271116&page_item_id=-1716687783
2026-09-15 22:47:02,988 [INFO]     🔗❌ Link inactivo, descartada: Technical Lead Backend Cripto → https://open.app.jobrapido.com/ar/4091563397970132992/?w=desarrollador%20backend&l=&oc=sponsored&k=web.1.3.4&uuid=arF001a08a852b271116&page_item_id=876381382
2026-09-15 22:47:03,093 [INFO]     🔗❌ Link inactivo, descartada: Desarrollador Backend.NET Sr → https://open.app.jobrapido.com/ar/3098160320221282304/?w=desarrollador%20backend&l=&oc=sponsored&k=web.1.3.5&uuid=arF001a08a852b271116&page_item_id=-1098609455
2026-09-15 22:47:03,102 [INFO]     🔗❌ Link inactivo, descartada: Desarrollador Fullstack Ssr → https://open.app.jobrapido.com/ar/2873871278278705152/?w=desarrollador%20backend&l=&oc=sponsored&k=web.1.3.7&uuid=arF001a08a852b271116&page_item_id=741096099
2026-09-15 22:47:03,168 [INFO]     🔗❌ Link inactivo, descartada: Fullstack Developer - Argentina → https://open.app.jobrapido.com/ar/4110536965756026880/?w=desarrollador%20backend&l=&oc=sponsored&k=web.1.3.8&uuid=arF001a08a852b271116&page_item_id=-187379853
2026-09-15 22:47:03,346 [INFO]     🔗❌ Link inactivo, descartada: SEO|ME - Desarrollador Ssr java + Drools → https://open.app.jobrapido.com/ar/2074232239884861440/?w=desarrollador%20backend&l=&oc=sponsored&k=web.1.2.18&uuid=arF001a08a8340c21087&page_item_id=1968205700
2026-09-15 22:47:03,367 [INFO]     🔗❌ Link inactivo, descartada: Fullstack Engineer - Backend Oriented → https://open.app.jobrapido.com/ar/4682350237027663872/?w=desarrollador%20backend&l=&oc=sponsored&k=web.1.3.1&uuid=arF001a08a852b271116&page_item_id=820815276
2026-09-15 22:47:03,396 [INFO]     🔗❌ Link inactivo, descartada: Senior Backend Developer .NET - AI-First → https://open.app.jobrapido.com/ar/5969474952645050368/?w=desarrollador%20backend&l=&oc=sponsored&k=web.1.3.9&uuid=arF001a08a852b271116&page_item_id=-2090983678
2026-09-15 22:47:03,453 [INFO]     🔗❌ Link inactivo, descartada: Líder de Desarrollo / Tech Lead de IA → https://open.app.jobrapido.com/ar/2055411744733396992/?w=desarrollador%20backend&l=&oc=sponsored&k=web.1.3.2&uuid=arF001a08a852b271116&page_item_id=-1143732885
2026-09-15 22:47:03,474 [INFO]     🔗❌ Link inactivo, descartada: Desarrollador Full Stack .NET Semi Senior (100% Remote) → https://open.app.jobrapido.com/ar/6011693381653102592/?w=desarrollador%20backend&l=&oc=sponsored&k=web.1.3.11&uuid=arF001a08a852b271116&page_item_id=984833172
2026-09-15 22:47:03,491 [INFO]     🔗❌ Link inactivo, descartada: Desarrollador/a Mobile React Native → https://open.app.jobrapido.com/ar/2213916516359864320/?w=desarrollador%20backend&l=&oc=sponsored&k=web.1.3.10&uuid=arF001a08a852b271116&page_item_id=-773009356
2026-09-15 22:47:03,583 [INFO]     🔗❌ Link inactivo, descartada: iOS Developer (Semi-Senior) - SwiftUI, MVVM, REST | Hybrid → https://open.app.jobrapido.com/ar/2556088262955368448/?w=desarrollador%20backend&l=&oc=sponsored&k=web.1.3.12&uuid=arF001a08a852b271116&page_item_id=-816889615
2026-09-15 22:47:03,761 [INFO]     🔗❌ Link inactivo, descartada: AI Coach → https://open.app.jobrapido.com/ar/5380120227482697728/?w=desarrollador%20backend&l=&oc=sponsored&k=web.1.3.13&uuid=arF001a08a852b271116&page_item_id=-1803075544
2026-09-15 22:47:03,776 [INFO]     🔗❌ Link inactivo, descartada: React & React Native → https://open.app.jobrapido.com/ar/2428424362991288320/?w=desarrollador%20backend&l=&oc=sponsored&k=web.1.3.14&uuid=arF001a08a852b271116&page_item_id=17720254
2026-09-15 22:47:03,795 [INFO]     🔗❌ Link inactivo, descartada: Backend Developer (Senior) – Python / AWS / Terraform (Híbri → https://open.app.jobrapido.com/ar/5123721675027775488/?w=desarrollador%20backend&l=&oc=sponsored&k=web.1.3.15&uuid=arF001a08a852b271116&page_item_id=-550450645
2026-09-15 22:47:03,825 [INFO]     🔗❌ Link inactivo, descartada: Desarrollador Fullstack Senior → https://open.app.jobrapido.com/ar/4786139307146477568/?w=desarrollador%20backend&l=&oc=sponsored&k=web.1.3.6&uuid=arF001a08a852b271116&page_item_id=-776113937
2026-09-15 22:47:03,860 [INFO]     🔗❌ Link inactivo, descartada: Dev backend.net SR → https://open.app.jobrapido.com/ar/6282723633555046400/?w=desarrollador%20backend&l=&oc=sponsored&k=web.1.3.16&uuid=arF001a08a852b271116&page_item_id=146814747
2026-09-15 22:47:03,864 [INFO]     🔗❌ Link inactivo, descartada: Full Stack Engineer Sr → https://open.app.jobrapido.com/ar/7204169061154947072/?w=desarrollador%20backend&l=&oc=sponsored&k=web.1.3.17&uuid=arF001a08a852b271116&page_item_id=-1259652529
2026-09-15 22:47:03,887 [INFO]     🔗❌ Link inactivo, descartada: Backend/Full-stack Developer → https://open.app.jobrapido.com/ar/5147002253197967360/?w=desarrollador%20backend&l=&oc=sponsored&k=web.1.3.18&uuid=arF001a08a852b271116&page_item_id=1791911674
2026-09-15 22:47:03,972 [INFO]     🔗❌ Link inactivo, descartada: Technical Lead Mobile Cripto → https://open.app.jobrapido.com/ar/7168737453568688128/?w=desarrollador%20backend&l=&oc=sponsored&k=web.1.3.19&uuid=arF001a08a852b271116&page_item_id=1574113065
2026-09-15 22:47:04,209 [INFO]     🔗❌ Link inactivo, descartada: Desarrollador Fullstack (SR) – Python / React / Data Warehou → https://open.app.jobrapido.com/ar/6085577333224243200/?w=desarrollador%20backend&l=&oc=sponsored&k=web.1.5.1&uuid=arF001a08a874fcb11e0&page_item_id=-77433458
2026-09-15 22:47:04,225 [INFO]     🔗❌ Link inactivo, descartada: Desarrollador Fullstack (SR) – Python / Node.js / TypeScript → https://open.app.jobrapido.com/ar/131606694974193664/?w=desarrollador%20backend&l=&oc=sponsored&k=web.1.5.2&uuid=arF001a08a874fcb11e0&page_item_id=415050877
2026-09-15 22:47:04,259 [INFO]     🔗❌ Link inactivo, descartada: Desarrollador Fullstack (Senior) – React / Python (Híbrido) → https://open.app.jobrapido.com/ar/613615773499260928/?w=desarrollador%20backend&l=&oc=sponsored&k=web.1.5.3&uuid=arF001a08a874fcb11e0&page_item_id=1049018686
2026-09-15 22:47:04,282 [INFO]     🔗❌ Link inactivo, descartada: Hardware / Software Engineer – Creative Technology (Hibrido) → https://open.app.jobrapido.com/ar/4761401807350005760/?w=desarrollador%20backend&l=&oc=sponsored&k=web.1.5.4&uuid=arF001a08a874fcb11e0&page_item_id=1672524562
2026-09-15 22:47:04,286 [INFO]     🔗❌ Link inactivo, descartada: Tech Lead – Ciberseguridad / IA / Azure /.NET → https://open.app.jobrapido.com/ar/6570699386865582080/?w=desarrollador%20backend&l=&oc=sponsored&k=web.1.5.5&uuid=arF001a08a874fcb11e0&page_item_id=-939766202
2026-09-15 22:47:04,373 [INFO]     🔗❌ Link inactivo, descartada: Referente técnico Java → https://open.app.jobrapido.com/ar/1434887101874176000/?w=desarrollador%20backend&l=&oc=sponsored&k=web.1.5.6&uuid=arF001a08a874fcb11e0&page_item_id=-252836340
2026-09-15 22:47:04,613 [INFO]     🔗❌ Link inactivo, descartada: Desarrollador de Software → https://open.app.jobrapido.com/ar/164439306180493312/?w=desarrollador%20backend&l=&oc=sponsored&k=web.1.5.7&uuid=arF001a08a874fcb11e0&page_item_id=1205151572
2026-09-15 22:47:04,620 [INFO]     🔗❌ Link inactivo, descartada: Senior.Net Developer (AI First) → https://open.app.jobrapido.com/ar/4259030546572640256/?w=desarrollador%20backend&l=&oc=sponsored&k=web.1.5.8&uuid=arF001a08a874fcb11e0&page_item_id=-1615628921
2026-09-15 22:47:04,675 [INFO]     🔗❌ Link inactivo, descartada: Desarrollador Fullstack (SR) – Python / React / Data Warehou → https://open.app.jobrapido.com/ar/4410475766354018304/?w=desarrollador%20backend&l=&oc=sponsored&k=web.1.5.9&uuid=arF001a08a874fcb11e0&page_item_id=-807927843
2026-09-15 22:47:04,777 [INFO]     🔗❌ Link inactivo, descartada: Desarrollador Backend .NET Senior → https://open.app.jobrapido.com/ar/1869847321932464128/?w=desarrollador%20backend&l=&oc=sponsored&k=web.1.5.12&uuid=arF001a08a874fcb11e0&page_item_id=-1381056952
2026-09-15 22:47:04,916 [INFO]     🔗❌ Link inactivo, descartada: Desarrollador Full Stack | AI & Automation → https://open.app.jobrapido.com/ar/4189787702301818880/?w=desarrollador%20backend&l=&oc=sponsored&k=web.1.5.0&uuid=arF001a08a874fcb11e0&page_item_id=-1285055692
2026-09-15 22:47:04,945 [INFO]     🔗❌ Link inactivo, descartada: Desarrollador Backend.NET Senior → https://open.app.jobrapido.com/ar/3629953163538202624/?w=desarrollador%20backend&l=&oc=sponsored&k=web.1.4.12&uuid=arF001a08a872c4811d5&page_item_id=-776446038
2026-09-15 22:47:05,030 [INFO]     🔗❌ Link inactivo, descartada: Desarrollador Backend .NET Senior – Azure & Microservicios → https://open.app.jobrapido.com/ar/7816648989750591488/?w=desarrollador%20backend&l=&oc=sponsored&k=web.1.5.13&uuid=arF001a08a874fcb11e0&page_item_id=-1622988125
2026-09-15 22:47:05,086 [INFO]     🔗❌ Link inactivo, descartada: Java Backend Engineer - Semi Senior, APIs & Modernización → https://open.app.jobrapido.com/ar/3650938786063319040/?w=desarrollador%20backend&l=&oc=sponsored&k=web.1.5.15&uuid=arF001a08a874fcb11e0&page_item_id=-1259334697
2026-09-15 22:47:05,174 [INFO]     🔗❌ Link inactivo, descartada: Senior Go Backend Engineer - Microservices & APIs (Remote) → https://open.app.jobrapido.com/ar/4600882472723415040/?w=desarrollador%20backend&l=&oc=sponsored&k=web.1.5.16&uuid=arF001a08a874fcb11e0&page_item_id=1172459098
2026-09-15 22:47:05,328 [INFO]     🔗❌ Link inactivo, descartada: DESARROLLADOR FULL STACK (PYTHON + ANGULAR + GO) → https://open.app.jobrapido.com/ar/5429244689024811008/?w=desarrollador%20backend&l=&oc=sponsored&k=web.1.5.17&uuid=arF001a08a874fcb11e0&page_item_id=-1245662935
2026-09-15 22:47:05,361 [INFO]     🔗❌ Link inactivo, descartada: Backend (SR) – Java / Node.js / Alta Concurrencia (Híbrido,  → https://open.app.jobrapido.com/ar/2046528790292594688/?w=desarrollador%20backend&l=&oc=sponsored&k=web.1.5.18&uuid=arF001a08a874fcb11e0&page_item_id=-2066652348
2026-09-15 22:47:05,419 [INFO]     🔗❌ Link inactivo, descartada: Developer Back end Nodes JS Sr. → https://open.app.jobrapido.com/ar/7338985335797317632/?w=desarrollador%20backend&l=&oc=sponsored&k=web.1.5.19&uuid=arF001a08a874fcb11e0&page_item_id=-643953030
2026-09-15 22:47:05,455 [INFO]     🔗❌ Link inactivo, descartada: Tutor /a de Curso Big Data – Elastic Stack (ELK) → https://open.app.jobrapido.com/ar/4027872168296579072/?w=desarrollador%20backend&l=&oc=sponsored&k=web.1.5.10&uuid=arF001a08a874fcb11e0&page_item_id=-426746367
2026-09-15 22:47:05,473 [INFO]     🔗❌ Link inactivo, descartada: Hardware / Software Engineer – Creative Technology (Hibrido) → https://open.app.jobrapido.com/ar/762782942626840576/?w=desarrollador%20backend&l=&oc=sponsored&k=web.1.5.11&uuid=arF001a08a874fcb11e0&page_item_id=-1539476665
2026-09-15 22:47:05,503 [INFO]     🔗❌ Link inactivo, descartada: Desarrollador/a Full Stack PHP → https://open.app.jobrapido.com/ar/9117792315413364736/?w=desarrollador%20full%20stack&l=&oc=sponsored&k=web.1.1.0&uuid=arF001a08a895ed412bd&page_item_id=1802717989
2026-09-15 22:47:05,575 [INFO]     🔗❌ Link inactivo, descartada: Desarrollador Full Stack Junior – ERP & IA → https://open.app.jobrapido.com/ar/7606739025868619776/?w=desarrollador%20full%20stack&l=&oc=sponsored&k=web.1.1.3&uuid=arF001a08a895ed412bd&page_item_id=821794550
2026-09-15 22:47:05,726 [INFO]     🔗❌ Link inactivo, descartada: Desarrollador Full Stack (SR) – Next.js / NestJS / Python /  → https://open.app.jobrapido.com/ar/7143143004717449216/?w=desarrollador%20full%20stack&l=&oc=sponsored&k=web.1.1.7&uuid=arF001a08a895ed412bd&page_item_id=-681518328
2026-09-15 22:47:05,756 [INFO]     🔗❌ Link inactivo, descartada: Desarrollador/a Java Backend Semi Senior / Senior → https://open.app.jobrapido.com/ar/6450621945334464512/?w=desarrollador%20backend&l=&oc=sponsored&k=web.1.5.14&uuid=arF001a08a874fcb11e0&page_item_id=435503806
2026-09-15 22:47:05,771 [INFO]     🔗❌ Link inactivo, descartada: Desarrollador/a Full Stack Senior - Next.js / React (Part-Ti → https://open.app.jobrapido.com/ar/636375921892261888/?w=desarrollador%20full%20stack&l=&oc=sponsored&k=web.1.1.8&uuid=arF001a08a895ed412bd&page_item_id=-1884344503
2026-09-15 22:47:05,812 [INFO]     🔗❌ Link inactivo, descartada: Desarrollador Java Full Stack (Senior) - (Remoto) | Ref. 191 → https://open.app.jobrapido.com/ar/5842265717918924800/?w=desarrollador%20full%20stack&l=&oc=sponsored&k=web.1.1.9&uuid=arF001a08a895ed412bd&page_item_id=331708729
2026-09-15 22:47:05,856 [INFO]     🔗❌ Link inactivo, descartada: Desarrollador Full-Stack → https://open.app.jobrapido.com/ar/8666321820162457600/?w=desarrollador%20full%20stack&l=&oc=sponsored&k=web.1.1.10&uuid=arF001a08a895ed412bd&page_item_id=362751542
2026-09-15 22:47:05,889 [INFO]     🔗❌ Link inactivo, descartada: Desarrollador .NET Full Stack Semi Senior — Remoto → https://open.app.jobrapido.com/ar/3041006477448839168/?w=desarrollador%20full%20stack&l=&oc=sponsored&k=web.1.1.12&uuid=arF001a08a895ed412bd&page_item_id=-139401459
2026-09-15 22:47:06,123 [INFO]     🔗❌ Link inactivo, descartada: Remote Azure Java Architect - Cloud Migration & Leadership → https://open.app.jobrapido.com/ar/1780539885103349760/?w=desarrollador%20full%20stack&l=&oc=sponsored&k=web.1.1.14&uuid=arF001a08a895ed412bd&page_item_id=-605372296
2026-09-15 22:47:06,175 [INFO]     🔗❌ Link inactivo, descartada: Desarrollador/a Fullstack .NET y React → https://open.app.jobrapido.com/ar/3078607644814999552/?w=desarrollador%20full%20stack&l=&oc=sponsored&k=web.1.1.17&uuid=arF001a08a895ed412bd&page_item_id=488747261
2026-09-15 22:47:06,222 [INFO]     🔗❌ Link inactivo, descartada: Fullstack SSR y SR GOLAN, NET Y React → https://open.app.jobrapido.com/ar/2739816286589550592/?w=desarrollador%20full%20stack&l=&oc=sponsored&k=web.1.1.18&uuid=arF001a08a895ed412bd&page_item_id=65134328
2026-09-15 22:47:06,272 [INFO]     🔗❌ Link inactivo, descartada: Full Stack Developer SSr. → https://open.app.jobrapido.com/ar/7057011661843988480/?w=desarrollador%20full%20stack&l=&oc=sponsored&k=web.1.2.2&uuid=arF001a08a8ab35e1329&page_item_id=-379622540
2026-09-15 22:47:06,291 [INFO]     🔗❌ Link inactivo, descartada: Full Stack Developer Sr. → https://open.app.jobrapido.com/ar/5826048952201379840/?w=desarrollador%20full%20stack&l=&oc=sponsored&k=web.1.2.3&uuid=arF001a08a8ab35e1329&page_item_id=638610773
2026-09-15 22:47:06,540 [INFO]     🔗❌ Link inactivo, descartada: Desarrollador Ssr → https://open.app.jobrapido.com/ar/948421032706834432/?w=desarrollador%20full%20stack&l=&oc=sponsored&k=web.1.2.4&uuid=arF001a08a8ab35e1329&page_item_id=-1795624643
2026-09-15 22:47:06,578 [INFO]     🔗❌ Link inactivo, descartada: Fullstack Developer (Laravel - Vue.js) → https://open.app.jobrapido.com/ar/3372088249118883840/?w=desarrollador%20full%20stack&l=&oc=sponsored&k=web.1.2.5&uuid=arF001a08a8ab35e1329&page_item_id=-2122648005
2026-09-15 22:47:06,630 [INFO]     🔗❌ Link inactivo, descartada: Desarrollador Fullstack (Senior) – React / Java (Híbrido, CA → https://open.app.jobrapido.com/ar/335043559025541120/?w=desarrollador%20full%20stack&l=&oc=sponsored&k=web.1.2.6&uuid=arF001a08a8ab35e1329&page_item_id=1532132030
2026-09-15 22:47:06,661 [INFO]     🔗❌ Link inactivo, descartada: Desarrollador Full-Stack Senior para Soluciones de Streaming → https://open.app.jobrapido.com/ar/7470300559258419200/?w=desarrollador%20full%20stack&l=&oc=sponsored&k=web.1.1.11&uuid=arF001a08a895ed412bd&page_item_id=1237139742
2026-09-15 22:47:06,695 [INFO]     🔗❌ Link inactivo, descartada: Desarrollador de Software Semi senior– Node.js & TypeScript → https://open.app.jobrapido.com/ar/3572451505724194816/?w=desarrollador%20full%20stack&l=&oc=sponsored&k=web.1.2.8&uuid=arF001a08a8ab35e1329&page_item_id=366245785
2026-09-15 22:47:06,760 [INFO]     🔗❌ Link inactivo, descartada: Remote Fullstack Engineer: Java + React → https://open.app.jobrapido.com/ar/7667870497983430656/?w=desarrollador%20full%20stack&l=&oc=sponsored&k=web.1.1.13&uuid=arF001a08a895ed412bd&page_item_id=1589801440
2026-09-15 22:47:06,905 [INFO]     🔗❌ Link inactivo, descartada: Fullstack Software Engineer - Verticals - IT → https://open.app.jobrapido.com/ar/4298610422551937024/?w=desarrollador%20full%20stack&l=&oc=sponsored&k=web.1.1.16&uuid=arF001a08a895ed412bd&page_item_id=-1996297785
2026-09-15 22:47:06,932 [INFO]     🔗❌ Link inactivo, descartada: Desarrollador/a Full Stack Semi-Senior → https://open.app.jobrapido.com/ar/4690936718465957888/?w=desarrollador%20full%20stack&l=&oc=sponsored&k=web.1.2.9&uuid=arF001a08a8ab35e1329&page_item_id=-1839530737
2026-09-15 22:47:06,977 [INFO]     🔗❌ Link inactivo, descartada: Desarrollador Full Stack → https://open.app.jobrapido.com/ar/386160404356661248/?w=desarrollador%20full%20stack&l=&oc=sponsored&k=web.1.2.11&uuid=arF001a08a8ab35e1329&page_item_id=-2096519469
2026-09-15 22:47:07,023 [INFO]     🔗❌ Link inactivo, descartada: Desarrollador Full Stack Senior — Liderazgo Técnico → https://open.app.jobrapido.com/ar/4437289006664777728/?w=desarrollador%20full%20stack&l=&oc=sponsored&k=web.1.2.12&uuid=arF001a08a8ab35e1329&page_item_id=-1693509030
2026-09-15 22:47:07,071 [INFO]     🔗❌ Link inactivo, descartada: : Jefe de Desarrollo/ Desarrollador Senior .NET / Belgrano C → https://open.app.jobrapido.com/ar/2576918905880576000/?w=desarrollador%20full%20stack&l=&oc=sponsored&k=web.1.2.13&uuid=arF001a08a8ab35e1329&page_item_id=-413711529
2026-09-15 22:47:07,357 [INFO]     🔗❌ Link inactivo, descartada: Desarrollador Fullstack (SR)– Node.js / Java Spring Boot / R → https://open.app.jobrapido.com/ar/4859927738644955136/?w=desarrollador%20full%20stack&l=&oc=sponsored&k=web.1.2.7&uuid=arF001a08a8ab35e1329&page_item_id=-723075585
2026-09-15 22:47:11,112 [INFO]     🔗❌ Link inactivo, descartada: Ingeniero de Datos → https://open.app.jobrapido.com/ar/12354763337236480/?w=ingeniero%20datos&l=&oc=sponsored&k=web.1.1.1&uuid=arF001a08a91b0da168c&page_item_id=-1356347927
2026-09-15 22:47:11,267 [INFO]     🔗❌ Link inactivo, descartada: Ingeniero de datos → https://open.app.jobrapido.com/ar/2678481129945694208/?w=ingeniero%20datos&l=&oc=sponsored&k=web.1.1.2&uuid=arF001a08a91b0da168c&page_item_id=-742792439
2026-09-15 22:47:11,531 [INFO]     🔗❌ Link inactivo, descartada: Ingeniero de Datos → https://open.app.jobrapido.com/ar/1919221716211466240/?w=ingeniero%20datos&l=&oc=sponsored&k=web.1.1.3&uuid=arF001a08a91b0da168c&page_item_id=-1991054121
2026-09-15 22:47:11,656 [INFO]     🔗❌ Link inactivo, descartada: Ingeniero de Perforación: Impacto en Operaciones y Datos → https://open.app.jobrapido.com/ar/6907934394971848704/?w=ingeniero%20datos&l=&oc=sponsored&k=web.1.1.5&uuid=arF001a08a91b0da168c&page_item_id=1332739159
2026-09-15 22:47:11,758 [INFO]     🔗❌ Link inactivo, descartada: Ingeniero de Datos: Snowflake, Airflow y DataOps (Remoto) → https://open.app.jobrapido.com/ar/5326389018378633216/?w=ingeniero%20datos&l=&oc=sponsored&k=web.1.1.6&uuid=arF001a08a91b0da168c&page_item_id=-342450415
2026-09-15 22:47:11,837 [INFO]     🔗❌ Link inactivo, descartada: Ingeniero de Datos Senior | Lidera Pipelines Lakehouse → https://open.app.jobrapido.com/ar/2800355955160645632/?w=ingeniero%20datos&l=&oc=sponsored&k=web.1.1.7&uuid=arF001a08a91b0da168c&page_item_id=1374587865
2026-09-15 22:47:11,842 [INFO]     🔗❌ Link inactivo, descartada: Ingeniero de Datos Senior: Lidera Pipelines Lakehouse → https://open.app.jobrapido.com/ar/54348754534268928/?w=ingeniero%20datos&l=&oc=sponsored&k=web.1.1.8&uuid=arF001a08a91b0da168c&page_item_id=-1897515467
2026-09-15 22:47:11,852 [INFO]     🔗❌ Link inactivo, descartada: Ingeniero de Datos (SSR) – Python / SQL / Big Data / Lakehou → https://open.app.jobrapido.com/ar/2644615287046930432/?w=ingeniero%20datos&l=&oc=sponsored&k=web.1.1.9&uuid=arF001a08a91b0da168c&page_item_id=-1652958984
2026-09-15 22:47:11,939 [INFO]     🔗❌ Link inactivo, descartada: Ingeniero Senior de Datos e IA (Híbrido) → https://open.app.jobrapido.com/ar/7906422533610536960/?w=ingeniero%20datos&l=&oc=sponsored&k=web.1.1.11&uuid=arF001a08a91b0da168c&page_item_id=743562760
2026-09-15 22:47:12,237 [INFO]     🔗❌ Link inactivo, descartada: Ingeniero Geotécnico Senior – Minería LATAM (En terreno) → https://open.app.jobrapido.com/ar/9158704704996245504/?w=ingeniero%20datos&l=&oc=sponsored&k=web.1.1.15&uuid=arF001a08a91b0da168c&page_item_id=-164841681
2026-09-15 22:47:12,245 [INFO]     🔗❌ Link inactivo, descartada: Senior Full-Stack Engineer - React/Node/C# | Remote → https://open.app.jobrapido.com/ar/1265042379635687424/?w=ingeniero%20datos&l=&oc=sponsored&k=web.1.1.14&uuid=arF001a08a91b0da168c&page_item_id=763696975
2026-09-15 22:47:12,321 [INFO]     🔗❌ Link inactivo, descartada: ITO Civil Linares → https://open.app.jobrapido.com/ar/1498640222026465280/?w=ingeniero%20datos&l=&oc=sponsored&k=web.1.1.18&uuid=arF001a08a91b0da168c&page_item_id=1950448568
2026-09-15 22:47:12,344 [INFO]     🔗❌ Link inactivo, descartada: Ingeniero de datos + Ingles → https://open.app.jobrapido.com/ar/4189175824080961536/?w=ingeniero%20datos&l=&oc=sponsored&k=web.1.1.4&uuid=arF001a08a91b0da168c&page_item_id=-1088181826
2026-09-15 22:47:12,638 [INFO]     🔗❌ Link inactivo, descartada: Ingeniero de Datos (SR) – Informatica Cloud / Cloudera / Pyt → https://open.app.jobrapido.com/ar/562949453057622016/?w=ingeniero%20datos&l=&oc=sponsored&k=web.1.1.10&uuid=arF001a08a91b0da168c&page_item_id=-1487817565
2026-09-15 22:47:12,643 [INFO]     🔗❌ Link inactivo, descartada: Principal Project Planner → https://open.app.jobrapido.com/ar/4441841964056313856/?w=ingeniero%20datos&l=&oc=sponsored&k=web.1.2.5&uuid=arF001a08a934267171d&page_item_id=625230287
2026-09-15 22:47:12,730 [INFO]     🔗❌ Link inactivo, descartada: Ingeniero de Integración de Sistemas → https://open.app.jobrapido.com/ar/2797322213601050624/?w=ingeniero%20datos&l=&oc=sponsored&k=web.1.2.7&uuid=arF001a08a934267171d&page_item_id=-700517735
2026-09-15 22:47:12,762 [INFO]     🔗❌ Link inactivo, descartada: Cost Estimation & Control Specialist → https://open.app.jobrapido.com/ar/1878587889617469440/?w=ingeniero%20datos&l=&oc=sponsored&k=web.1.2.8&uuid=arF001a08a934267171d&page_item_id=-1464161410
2026-09-15 22:47:12,830 [INFO]     🔗❌ Link inactivo, descartada: Ingeniero de Datos (SSR/SR) – SAP HANA / Cloudera / Apache N → https://open.app.jobrapido.com/ar/5415449597667442688/?w=ingeniero%20datos&l=&oc=sponsored&k=web.1.1.12&uuid=arF001a08a91b0da168c&page_item_id=488857134
2026-09-15 22:47:12,915 [INFO]     🔗❌ Link inactivo, descartada: Ingeniero de Datos (AWS & Databricks) Bilingüe → https://open.app.jobrapido.com/ar/6768770582633775104/?w=ingeniero%20datos&l=&oc=sponsored&k=web.1.1.13&uuid=arF001a08a91b0da168c&page_item_id=12668538
2026-09-15 22:47:13,038 [INFO]     🔗❌ Link inactivo, descartada: Senior Implementation Analyst | Octave InConcert (SDx) → https://open.app.jobrapido.com/ar/8990426855546814464/?w=ingeniero%20datos&l=&oc=sponsored&k=web.1.2.10&uuid=arF001a08a934267171d&page_item_id=-372760191
2026-09-15 22:47:13,046 [INFO]     🔗❌ Link inactivo, descartada: Junior Web Application Developer → https://open.app.jobrapido.com/ar/8899931619742187520/?w=ingeniero%20datos&l=&oc=sponsored&k=web.1.1.17&uuid=arF001a08a91b0da168c&page_item_id=-83129575
2026-09-15 22:47:13,154 [INFO]     🔗❌ Link inactivo, descartada: Staff Software Engineer → https://open.app.jobrapido.com/ar/6108413708696813568/?w=ingeniero%20datos&l=&oc=sponsored&k=web.1.2.11&uuid=arF001a08a934267171d&page_item_id=-742516543
2026-09-15 22:47:13,168 [INFO]     🔗❌ Link inactivo, descartada: -Especialista de Soporte TI en Sitio con ingles → https://open.app.jobrapido.com/ar/1523664299220795392/?w=ingeniero%20datos&l=&oc=sponsored&k=web.1.2.12&uuid=arF001a08a934267171d&page_item_id=-2146738466
2026-09-15 22:47:13,233 [INFO]     🔗❌ Link inactivo, descartada: Ingeniero de Operaciones Digitales Industriales → https://open.app.jobrapido.com/ar/6684670862370537472/?w=ingeniero%20datos&l=&oc=sponsored&k=web.1.2.13&uuid=arF001a08a934267171d&page_item_id=990930961
2026-09-15 22:47:13,315 [INFO]     🔗❌ Link inactivo, descartada: AWS Data Engineer — Scale Data Lakes & Pipelines → https://open.app.jobrapido.com/ar/7629684802748153856/?w=ingeniero%20datos&l=&oc=sponsored&k=web.1.2.14&uuid=arF001a08a934267171d&page_item_id=-150526483
2026-09-15 22:47:13,393 [INFO]     🔗❌ Link inactivo, descartada: Services Presales Engineer → https://open.app.jobrapido.com/ar/783557647897985024/?w=ingeniero%20datos&l=&oc=sponsored&k=web.1.2.6&uuid=arF001a08a934267171d&page_item_id=1617471641
2026-09-15 22:47:13,454 [INFO]     🔗❌ Link inactivo, descartada: Analista de Logística y Puerto: Planificación y Operaciones → https://open.app.jobrapido.com/ar/8681516452383031296/?w=ingeniero%20datos&l=&oc=sponsored&k=web.1.3.1&uuid=arF001a08a942eda178d&page_item_id=-1423801596
2026-09-15 22:47:13,549 [INFO]     🔗❌ Link inactivo, descartada: ML Engineer: Build Scalable Data Pipelines & Models → https://open.app.jobrapido.com/ar/1177670787646095360/?w=ingeniero%20datos&l=&oc=sponsored&k=web.1.3.3&uuid=arF001a08a942eda178d&page_item_id=263258822
2026-09-15 22:47:13,559 [INFO]     🔗❌ Link inactivo, descartada: Ingeniero Mantenimiento Tiempo Real y Diagnóstico → https://open.app.jobrapido.com/ar/5695824650433462272/?w=ingeniero%20datos&l=&oc=sponsored&k=web.1.3.2&uuid=arF001a08a942eda178d&page_item_id=-2027066596
2026-09-15 22:47:13,653 [INFO]     🔗❌ Link inactivo, descartada: GenAI Gateway Engineer — High-Perf Microservices (Hybrid) → https://open.app.jobrapido.com/ar/8472716308050345984/?w=ingeniero%20datos&l=&oc=sponsored&k=web.1.3.4&uuid=arF001a08a942eda178d&page_item_id=-1437686858
2026-09-15 22:47:13,731 [INFO]     🔗❌ Link inactivo, descartada: Ingeniero Geotécnico Senior - Minería LATAM (En terreno) → https://open.app.jobrapido.com/ar/7858821926465044480/?w=ingeniero%20datos&l=&oc=sponsored&k=web.1.3.5&uuid=arF001a08a942eda178d&page_item_id=-791671375
2026-09-15 22:47:13,747 [INFO]     🔗❌ Link inactivo, descartada: Senior Implementation Analyst | Octave Sequence Enterprise ( → https://open.app.jobrapido.com/ar/2750873465144737792/?w=ingeniero%20datos&l=&oc=sponsored&k=web.1.2.9&uuid=arF001a08a934267171d&page_item_id=489688636
2026-09-15 22:47:13,796 [INFO]     🔗❌ Link inactivo, descartada: AI Engineer / Ingeniero de IA — Horario Flexible & Hybrid → https://open.app.jobrapido.com/ar/3888143353010716672/?w=ingeniero%20datos&l=&oc=sponsored&k=web.1.3.6&uuid=arF001a08a942eda178d&page_item_id=1845413846
2026-09-15 22:47:13,877 [INFO]     🔗❌ Link inactivo, descartada: Ingeniero de Laboratorio de Análisis de Marcha y Movimiento → https://open.app.jobrapido.com/ar/1137764992368508928/?w=ingeniero%20datos&l=&oc=sponsored&k=web.1.3.7&uuid=arF001a08a942eda178d&page_item_id=152111714
2026-09-15 22:47:13,933 [INFO]     🔗❌ Link inactivo, descartada: Ing. de Datos Senior → https://open.app.jobrapido.com/ar/5801773109849620480/?w=ingeniero%20datos&l=&oc=sponsored&k=web.1.3.8&uuid=arF001a08a942eda178d&page_item_id=-1679255005
2026-09-15 22:47:13,950 [INFO]     🔗❌ Link inactivo, descartada: Ing. de Datos Senior → https://open.app.jobrapido.com/ar/1758580232714977280/?w=ingeniero%20datos&l=&oc=sponsored&k=web.1.3.9&uuid=arF001a08a942eda178d&page_item_id=-1448665933
2026-09-15 22:47:14,051 [INFO]     🔗❌ Link inactivo, descartada: Ingeniero de Reservorios → https://open.app.jobrapido.com/ar/7124198075773485056/?w=ingeniero%20datos&l=&oc=sponsored&k=web.1.3.10&uuid=arF001a08a942eda178d&page_item_id=-1946798549
2026-09-15 22:47:14,190 [INFO]     🔗❌ Link inactivo, descartada: Anuncios Google → https://open.app.jobrapido.com/ar/6085424020071645184/?w=ingeniero%20datos&l=&oc=sponsored&k=web.1.3.0&uuid=arF001a08a942eda178d&page_item_id=9691110
2026-09-15 22:47:14,214 [INFO]     🔗❌ Link inactivo, descartada: Ingeniero Estimador de Costos Senior → https://open.app.jobrapido.com/ar/3985824240900243456/?w=ingeniero%20datos&l=&oc=sponsored&k=web.1.3.13&uuid=arF001a08a942eda178d&page_item_id=-438859223
2026-09-15 22:47:14,282 [INFO]     🔗❌ Link inactivo, descartada: Ing. de Datos JR. → https://open.app.jobrapido.com/ar/262851274813210624/?w=ingeniero%20datos&l=&oc=sponsored&k=web.1.3.14&uuid=arF001a08a942eda178d&page_item_id=-271665600
2026-09-15 22:47:14,335 [INFO]     🔗❌ Link inactivo, descartada: Anuncios Google → https://open.app.jobrapido.com/ar/923909431010263040/?w=ingeniero%20datos&l=&oc=sponsored&k=web.1.4.0&uuid=arF001a08a959564181d&page_item_id=-762367746
2026-09-15 22:47:14,448 [INFO]     🔗❌ Link inactivo, descartada: Business Analytics Translator Senior → https://open.app.jobrapido.com/ar/1044152211602407424/?w=ingeniero%20datos&l=&oc=sponsored&k=web.1.4.2&uuid=arF001a08a959564181d&page_item_id=2143617690
2026-09-15 22:47:14,591 [INFO]     🔗❌ Link inactivo, descartada: Data Architect → https://open.app.jobrapido.com/ar/8334917058361819136/?w=ingeniero%20datos&l=&oc=sponsored&k=web.1.4.3&uuid=arF001a08a959564181d&page_item_id=-289092848
2026-09-15 22:47:14,609 [INFO]     🔗❌ Link inactivo, descartada: Data Architect → https://open.app.jobrapido.com/ar/6679899170884550656/?w=ingeniero%20datos&l=&oc=sponsored&k=web.1.4.4&uuid=arF001a08a959564181d&page_item_id=1949602841
2026-09-15 22:47:14,693 [INFO]     🔗❌ Link inactivo, descartada: Analista Sr de Presupuesto y Control de Gestión → https://open.app.jobrapido.com/ar/6217825372042428416/?w=ingeniero%20datos&l=&oc=sponsored&k=web.1.4.5&uuid=arF001a08a959564181d&page_item_id=1538722470
2026-09-15 22:47:14,719 [INFO]     🔗❌ Link inactivo, descartada: Senior Data Analytics Translator - Platform & Dashboards → https://open.app.jobrapido.com/ar/7642649144351260672/?w=ingeniero%20datos&l=&oc=sponsored&k=web.1.4.6&uuid=arF001a08a959564181d&page_item_id=-1008482383
2026-09-15 22:47:14,872 [INFO]     🔗❌ Link inactivo, descartada: Business Analytics Translator Senior → https://open.app.jobrapido.com/ar/2022746147625369600/?w=ingeniero%20datos&l=&oc=sponsored&k=web.1.4.7&uuid=arF001a08a959564181d&page_item_id=260607775
2026-09-15 22:47:14,913 [INFO]     🔗❌ Link inactivo, descartada: AI Engineer - Ingeniero de Inteligencia Artificial → https://open.app.jobrapido.com/ar/5281656693472624640/?w=ingeniero%20datos&l=&oc=sponsored&k=web.1.3.11&uuid=arF001a08a942eda178d&page_item_id=-419027081
2026-09-15 22:47:14,932 [INFO]     🔗❌ Link inactivo, descartada: Ingeniero Estimador de Costos Senior → https://open.app.jobrapido.com/ar/7758114564100587520/?w=ingeniero%20datos&l=&oc=sponsored&k=web.1.3.12&uuid=arF001a08a942eda178d&page_item_id=692632006
2026-09-15 22:47:14,995 [INFO]     🔗❌ Link inactivo, descartada: Supervisión de Planta de Fluidos → https://open.app.jobrapido.com/ar/8893564828942073856/?w=ingeniero%20datos&l=&oc=sponsored&k=web.1.4.8&uuid=arF001a08a959564181d&page_item_id=-1519476917
2026-09-15 22:47:15,087 [INFO]     🔗❌ Link inactivo, descartada: Consultor / Consultora Oracle DBA → https://open.app.jobrapido.com/ar/6254799182125596672/?w=ingeniero%20datos&l=&oc=sponsored&k=web.1.4.1&uuid=arF001a08a959564181d&page_item_id=2060624608
2026-09-15 22:47:15,113 [INFO]     🔗❌ Link inactivo, descartada: Ingeniero/a de Proyectos ARMX (Agregados & Hormigones) → https://open.app.jobrapido.com/ar/3755863720413102080/?w=ingeniero%20datos&l=&oc=sponsored&k=web.1.4.10&uuid=arF001a08a959564181d&page_item_id=1763215636
2026-09-15 22:47:15,128 [INFO]     🔗❌ Link inactivo, descartada: Ingeniero/a de Proyectos RMX → https://open.app.jobrapido.com/ar/5589959753901015040/?w=ingeniero%20datos&l=&oc=sponsored&k=web.1.4.11&uuid=arF001a08a959564181d&page_item_id=-244837562
2026-09-15 22:47:15,290 [INFO]     🔗❌ Link inactivo, descartada: Field Service Supervisor - Supervisor de campo → https://open.app.jobrapido.com/ar/1642086013679435776/?w=ingeniero%20datos&l=&oc=sponsored&k=web.1.4.12&uuid=arF001a08a959564181d&page_item_id=-1960368752
2026-09-15 22:47:15,310 [INFO]     🔗❌ Link inactivo, descartada: Supervisión de Planta de Fluidos → https://open.app.jobrapido.com/ar/2226951656203878400/?w=ingeniero%20datos&l=&oc=sponsored&k=web.1.4.13&uuid=arF001a08a959564181d&page_item_id=1582328516
2026-09-15 22:47:15,333 [INFO]     🔗❌ Link inactivo, descartada: Analista Ssr de Business Intelligence → https://open.app.jobrapido.com/ar/1112732050361679872/?w=ingeniero%20datos&l=&oc=sponsored&k=web.1.4.14&uuid=arF001a08a959564181d&page_item_id=2114878434
2026-09-15 22:47:15,519 [INFO]     🔗❌ Link inactivo, descartada: Mobile Equipment Reliability Engineer → https://open.app.jobrapido.com/ar/1499168743522041856/?w=ingeniero%20datos&l=&oc=sponsored&k=web.1.5.2&uuid=arF001a08a97188f18a0&page_item_id=-512609461
2026-09-15 22:47:15,680 [INFO]     🔗❌ Link inactivo, descartada: Analista Planificador de Logística y Puerto RENOVA → https://open.app.jobrapido.com/ar/3465295438943354880/?w=ingeniero%20datos&l=&oc=sponsored&k=web.1.5.4&uuid=arF001a08a97188f18a0&page_item_id=-1572005670
2026-09-15 22:47:15,708 [INFO]     🔗❌ Link inactivo, descartada: Ingeniero/a de RTOC (Centro de Operaciones en Tiempo Real) → https://open.app.jobrapido.com/ar/6845081895101792256/?w=ingeniero%20datos&l=&oc=sponsored&k=web.1.5.5&uuid=arF001a08a97188f18a0&page_item_id=1996652418
2026-09-15 22:47:15,713 [INFO]     🔗❌ Link inactivo, descartada: Ref. 21465: Proyectista Mecánico / Parque Industrial de Plát → https://open.app.jobrapido.com/ar/4816198374501908480/?w=ingeniero%20datos&l=&oc=sponsored&k=web.1.4.9&uuid=arF001a08a959564181d&page_item_id=-1433567708
2026-09-15 22:47:15,744 [INFO]     🔗❌ Link inactivo, descartada: Head of Data & Analytics → https://open.app.jobrapido.com/ar/2148877379919937536/?w=ingeniero%20datos&l=&oc=sponsored&k=web.1.5.6&uuid=arF001a08a97188f18a0&page_item_id=1288639597
2026-09-15 22:47:15,907 [INFO]     🔗❌ Link inactivo, descartada: Ingeniería de Ciberseguridad (Security Engineer) Nivel 1.5 → https://open.app.jobrapido.com/ar/2064771474903793664/?w=ingeniero%20datos&l=&oc=sponsored&k=web.1.5.7&uuid=arF001a08a97188f18a0&page_item_id=1275693870
2026-09-15 22:47:16,104 [INFO]     🔗❌ Link inactivo, descartada: Ingeniero/a en Sistemas → https://open.app.jobrapido.com/ar/2054451106578169856/?w=ingeniero%20datos&l=&oc=sponsored&k=web.1.5.9&uuid=arF001a08a97188f18a0&page_item_id=-1553341657
2026-09-15 22:47:16,141 [INFO]     🔗❌ Link inactivo, descartada: Ingeniero/a Confiabilidad - Cel NA → https://open.app.jobrapido.com/ar/3502425809174396928/?w=ingeniero%20datos&l=&oc=sponsored&k=web.1.5.11&uuid=arF001a08a97188f18a0&page_item_id=1763536574
2026-09-15 22:47:16,149 [INFO]     🔗❌ Link inactivo, descartada: Anuncios Google → https://open.app.jobrapido.com/ar/5477264708316692480/?w=ingeniero%20datos&l=&oc=sponsored&k=web.1.5.0&uuid=arF001a08a97188f18a0&page_item_id=-904826175
2026-09-15 22:47:16,256 [INFO]     🔗❌ Link inactivo, descartada: Ingeniero/a de Planificación Mina (Corto y Mediano Plazo) → https://open.app.jobrapido.com/ar/4104763584817397760/?w=ingeniero%20datos&l=&oc=sponsored&k=web.1.5.1&uuid=arF001a08a97188f18a0&page_item_id=785211683
2026-09-15 22:47:16,275 [INFO]     🔗❌ Link inactivo, descartada: Senior Software Engineer Fullstack → https://open.app.jobrapido.com/ar/447884650677796864/?w=ingeniero%20datos&l=&oc=sponsored&k=web.1.5.3&uuid=arF001a08a97188f18a0&page_item_id=-31161672
2026-09-15 22:47:16,304 [INFO]     🔗❌ Link inactivo, descartada: Consultor / Consultora Oracle DBA → https://open.app.jobrapido.com/ar/6214211346041405440/?w=ingeniero%20datos&l=&oc=sponsored&k=web.1.5.13&uuid=arF001a08a97188f18a0&page_item_id=-870568561
2026-09-15 22:47:16,508 [INFO]     🔗❌ Link inactivo, descartada: Ingeniero de campo JR (Bariloche) → https://open.app.jobrapido.com/ar/2364923855635480576/?w=ingeniero%20datos&l=&oc=sponsored&k=web.1.5.14&uuid=arF001a08a97188f18a0&page_item_id=-1773271618
2026-09-15 22:47:16,799 [INFO]     🔗❌ Link inactivo, descartada: Ingeniero Agrónomo → https://open.app.jobrapido.com/ar/2351322432943423488/?w=ingeniero%20datos&l=&oc=sponsored&k=web.1.5.8&uuid=arF001a08a97188f18a0&page_item_id=-741749205
2026-09-15 22:47:16,852 [INFO]     🔗❌ Link inactivo, descartada: Software Engineer → https://open.app.jobrapido.com/ar/4957214520335400960/?w=ingeniero%20datos&l=&oc=sponsored&k=web.1.5.10&uuid=arF001a08a97188f18a0&page_item_id=1992004328
2026-09-15 22:47:16,980 [INFO]     ⚛️⚠️  SPA sin SSR (no concluyente), se conserva: https://www.randstad.com.ar/trabajos/research-analyst-commercial-deligence_vicente-lopez_47373277/
2026-09-15 22:47:17,045 [INFO]     ⚛️⚠️  SPA sin SSR (no concluyente), se conserva: https://www.randstad.com.ar/trabajos/ai-analytics-product-specialist_capital-federal_47408855/
2026-09-15 22:47:17,075 [INFO]     ⚛️⚠️  SPA sin SSR (no concluyente), se conserva: https://www.randstad.com.ar/trabajos/analista-de-datos_rosario_47364576/
2026-09-15 22:47:39,476 [INFO]     ⚛️⚠️  SPA sin SSR (no concluyente), se conserva: https://www.bumeran.com.ar/empleos/desarrollador-a-remoto-a-padicama-software-sac-1118435746.html
2026-09-15 22:47:39,595 [INFO]     ⚛️⚠️  SPA sin SSR (no concluyente), se conserva: https://www.bumeran.com.ar/empleos/desarrollador-python-sr-hibrido-cap.-federal-origin-software-1118438425.html
2026-09-15 22:47:39,597 [INFO]     ⚛️⚠️  SPA sin SSR (no concluyente), se conserva: https://www.bumeran.com.ar/empleos/software-engineer-java-kotlin-mindit-hr-agency-2189859.html
2026-09-15 22:47:39,603 [INFO]     ⚛️⚠️  SPA sin SSR (no concluyente), se conserva: https://www.bumeran.com.ar/empleos/asistente-de-compras-senior-desarrollador-proveedores-y-categorias-rh-talentum-1118440364.html
2026-09-15 22:47:39,763 [INFO]     ⚛️⚠️  SPA sin SSR (no concluyente), se conserva: https://www.bumeran.com.ar/empleos/desarrollador-frontend-angular-remoto-1897-aliantec-1118439626.html
2026-09-15 22:47:39,800 [INFO]     ⚛️⚠️  SPA sin SSR (no concluyente), se conserva: https://www.bumeran.com.ar/empleos/senior-backend-python-ia-agentes-developer-remoto-para-argentina-kaizenrh-2189743.html
2026-09-15 22:47:39,803 [INFO]     ⚛️⚠️  SPA sin SSR (no concluyente), se conserva: https://www.bumeran.com.ar/empleos/software-engineer-java-kotlin-mindit-hr-agency-1118438882.html
2026-09-15 22:47:39,813 [INFO]     ⚛️⚠️  SPA sin SSR (no concluyente), se conserva: https://www.bumeran.com.ar/empleos/desarrollador-frontend-angular-remoto-1897-aliantec-1118439626.html?utm_source=zonajobs&utm_medium=free&utm_campaign=crossbrand
2026-09-15 22:47:39,858 [INFO]     ⚛️⚠️  SPA sin SSR (no concluyente), se conserva: https://www.bumeran.com.ar/empleos/desarrollador-a-remoto-a-padicama-software-sac-2189752.html
2026-09-15 22:47:39,929 [INFO]     ⚛️⚠️  SPA sin SSR (no concluyente), se conserva: https://www.bumeran.com.ar/empleos/desarrollador-frontend-angular-remoto-1897-aliantec-2189887.html
2026-09-15 22:47:39,953 [INFO]     ⚛️⚠️  SPA sin SSR (no concluyente), se conserva: https://www.zonajobs.com.ar/empleos/software-engineer-java-kotlin-mindit-hr-agency-2189859.html
2026-09-15 22:47:40,010 [INFO]     ⚛️⚠️  SPA sin SSR (no concluyente), se conserva: https://www.bumeran.com.ar/empleos/desarrollador-a-remoto-a-padicama-software-sac-1118435746.html?utm_source=zonajobs&utm_medium=free&utm_campaign=crossbrand
2026-09-15 22:47:40,025 [INFO]     ⚛️⚠️  SPA sin SSR (no concluyente), se conserva: https://www.bumeran.com.ar/empleos/software-engineer-java-kotlin-mindit-hr-agency-1118438882.html?utm_source=zonajobs&utm_medium=free&utm_campaign=crossbrand
2026-09-15 22:47:40,135 [INFO]     ⚛️⚠️  SPA sin SSR (no concluyente), se conserva: https://www.zonajobs.com.ar/empleos/desarrollador-frontend-angular-remoto-1897-aliantec-2189887.html
2026-09-15 22:47:40,150 [INFO]     ⚛️⚠️  SPA sin SSR (no concluyente), se conserva: https://www.bumeran.com.ar/empleos/desarrollador-python-sr-hibrido-cap.-federal-origin-software-1118438425.html?utm_source=zonajobs&utm_medium=free&utm_campaign=crossbrand
2026-09-15 22:47:40,157 [INFO]     ⚛️⚠️  SPA sin SSR (no concluyente), se conserva: https://www.bumeran.com.ar/empleos/asistente-de-compras-senior-desarrollador-proveedores-y-categorias-rh-talentum-1118440364.html?utm_source=zonajobs&utm_medium=free&utm_campaign=crossbrand
2026-09-15 22:47:40,205 [INFO]     ⚛️⚠️  SPA sin SSR (no concluyente), se conserva: https://www.zonajobs.com.ar/empleos/senior-backend-python-ia-agentes-developer-remoto-para-argentina-kaizenrh-2189743.html
2026-09-15 22:47:40,282 [INFO]     ⚛️⚠️  SPA sin SSR (no concluyente), se conserva: https://www.zonajobs.com.ar/empleos/desarrollador-a-remoto-a-padicama-software-sac-2189752.html
2026-09-15 22:47:40,351 [INFO]     🔗❌ Link inactivo, descartada: Data Scientist → https://open.app.jobrapido.com/ar/944085727077990400/?w=data%20scientist&l=&oc=sponsored&k=web.1.1.4&uuid=arF001a0a2444840628f&page_item_id=-1390801176
2026-09-15 22:47:40,403 [INFO]     🔗❌ Link inactivo, descartada: Data Scientist – Senior Associate → https://open.app.jobrapido.com/ar/940628862520262656/?w=data%20scientist&l=&oc=sponsored&k=web.1.1.7&uuid=arF001a0a2444840628f&page_item_id=1560171494
2026-09-15 22:47:40,415 [INFO]     🔗❌ Link inactivo, descartada: Data Scientist - Tech Lead → https://open.app.jobrapido.com/ar/1021098820022304768/?w=data%20scientist&l=&oc=sponsored&k=web.1.1.6&uuid=arF001a0a2444840628f&page_item_id=1838401652
2026-09-15 22:47:40,527 [INFO]     🔗❌ Link inactivo, descartada: Data Scientist AWS - SR → https://open.app.jobrapido.com/ar/3600888999587086336/?w=data%20scientist&l=&oc=sponsored&k=web.1.1.10&uuid=arF001a0a2444840628f&page_item_id=-12510221
2026-09-15 22:47:40,612 [INFO]     🔗❌ Link inactivo, descartada: Data Scientist (LATAM) → https://open.app.jobrapido.com/ar/4167448099926573056/?w=data%20scientist&l=&oc=sponsored&k=web.1.1.15&uuid=arF001a0a2444840628f&page_item_id=50281381
2026-09-15 22:47:40,702 [INFO]     🔗❌ Link inactivo, descartada: Data Scientist (AI + ML) → https://open.app.jobrapido.com/ar/3907547843455352832/?w=data%20scientist&l=&oc=sponsored&k=web.1.1.16&uuid=arF001a0a2444840628f&page_item_id=262823050
2026-09-15 22:47:40,743 [INFO]     🔗❌ Link inactivo, descartada: Senior Data Scientist - AWS & SageMaker, Remote → https://open.app.jobrapido.com/ar/8262854138564444160/?w=data%20scientist&l=&oc=sponsored&k=web.1.1.18&uuid=arF001a0a2444840628f&page_item_id=-622627009
2026-09-15 22:47:40,792 [INFO]     🔗❌ Link inactivo, descartada: Data Scientist Sr → https://open.app.jobrapido.com/ar/5410107448625201152/?w=data%20scientist&l=&oc=sponsored&k=web.1.1.11&uuid=arF001a0a2444840628f&page_item_id=-1760552916
2026-09-15 22:47:40,819 [INFO]     🔗❌ Link inactivo, descartada: Data Scientist, Applied AI - Remote → https://open.app.jobrapido.com/ar/768908785761648640/?w=data%20scientist&l=&oc=sponsored&k=web.1.2.11&uuid=arF001a0a246584265e1&page_item_id=1635686352
2026-09-15 22:47:40,921 [INFO]     🔗❌ Link inactivo, descartada: Data Scientist SSR/SR - ID #00267 → https://open.app.jobrapido.com/ar/1484893165583335424/?w=data%20scientist&l=&oc=sponsored&k=web.1.2.14&uuid=arF001a0a246584265e1&page_item_id=791269604
2026-09-15 22:47:41,025 [INFO]     🔗❌ Link inactivo, descartada: Software Engineer → https://open.app.jobrapido.com/ar/7436373238197780480/?w=data%20scientist&l=&oc=sponsored&k=web.1.3.1&uuid=arF001a0a247598e675e&page_item_id=-495349407
2026-09-15 22:47:41,197 [INFO]     🔗❌ Link inactivo, descartada: Data Science (Python IA) → https://open.app.jobrapido.com/ar/8453928746708107264/?w=data%20scientist&l=&oc=sponsored&k=web.1.3.3&uuid=arF001a0a247598e675e&page_item_id=-659542893
2026-09-15 22:47:41,212 [INFO]     🔗❌ Link inactivo, descartada: Machine Learning Specialist → https://open.app.jobrapido.com/ar/5571792729433702400/?w=data%20scientist&l=&oc=sponsored&k=web.1.3.4&uuid=arF001a0a247598e675e&page_item_id=965952630
2026-09-15 22:47:41,262 [INFO]     🔗❌ Link inactivo, descartada: Data Scientist - Senior Associate → https://open.app.jobrapido.com/ar/4888434158143012864/?w=data%20scientist&l=&oc=sponsored&k=web.1.1.14&uuid=arF001a0a2444840628f&page_item_id=995189753
2026-09-15 22:47:41,306 [INFO]     🔗❌ Link inactivo, descartada: SR Data Scientist → https://open.app.jobrapido.com/ar/4400458906187333632/?w=data%20scientist&l=&oc=sponsored&k=web.1.1.12&uuid=arF001a0a2444840628f&page_item_id=-1263281716
2026-09-15 22:47:41,314 [INFO]     🔗❌ Link inactivo, descartada: Senior Data Scientist, Innovation & Tech Delivery → https://open.app.jobrapido.com/ar/6282566523651358720/?w=data%20scientist&l=&oc=sponsored&k=web.1.2.5&uuid=arF001a0a246584265e1&page_item_id=-718703282
2026-09-15 22:47:41,430 [INFO]     🔗❌ Link inactivo, descartada: Data Science Teaching Experts → https://open.app.jobrapido.com/ar/4707880055211032576/?w=data%20scientist&l=&oc=sponsored&k=web.1.3.6&uuid=arF001a0a247598e675e&page_item_id=-1532981122
2026-09-15 22:47:41,626 [INFO]     🔗❌ Link inactivo, descartada: Senior Data Scientist → https://open.app.jobrapido.com/ar/1813470138096156672/?w=data%20scientist&l=&oc=sponsored&k=web.1.3.8&uuid=arF001a0a247598e675e&page_item_id=-337441100
2026-09-15 22:47:41,656 [INFO]     🔗❌ Link inactivo, descartada: Senior Data Scientist ID71658 → https://open.app.jobrapido.com/ar/6352772248050335744/?w=data%20scientist&l=&oc=sponsored&k=web.1.3.9&uuid=arF001a0a247598e675e&page_item_id=-76291318
2026-09-15 22:47:41,714 [INFO]     🔗❌ Link inactivo, descartada: Clinical Scientist → https://open.app.jobrapido.com/ar/6581636984941314048/?w=data%20scientist&l=&oc=sponsored&k=web.1.3.0&uuid=arF001a0a247598e675e&page_item_id=656766722
2026-09-15 22:47:41,840 [INFO]     🔗❌ Link inactivo, descartada: Senior Data Scientist (MMM) ID71005 → https://open.app.jobrapido.com/ar/8026162974827741184/?w=data%20scientist&l=&oc=sponsored&k=web.1.3.12&uuid=arF001a0a247598e675e&page_item_id=1538766422
2026-09-15 22:47:41,872 [INFO]     🔗❌ Link inactivo, descartada: SR Marketing Operations IRC301285 → https://open.app.jobrapido.com/ar/3654846725266341888/?w=data%20scientist&l=&oc=sponsored&k=web.1.3.2&uuid=arF001a0a247598e675e&page_item_id=-182431564
2026-09-15 22:47:41,931 [INFO]     🔗❌ Link inactivo, descartada: Neuroscience Clinical Scientist: Data Insights & Strategy → https://open.app.jobrapido.com/ar/1800503030534111232/?w=data%20scientist&l=&oc=sponsored&k=web.1.1.17&uuid=arF001a0a2444840628f&page_item_id=-1713694632
2026-09-15 22:47:42,027 [INFO]     🔗❌ Link inactivo, descartada: Lead Fraud Data Scientist → https://open.app.jobrapido.com/ar/1788073189021057024/?w=data%20scientist&l=&oc=sponsored&k=web.1.3.14&uuid=arF001a0a247598e675e&page_item_id=299196644
2026-09-15 22:47:42,058 [INFO]     🔗❌ Link inactivo, descartada: Staff Applied Scientist, AdTech & ROAS Optimization → https://open.app.jobrapido.com/ar/5775143969017036800/?w=data%20scientist&l=&oc=sponsored&k=web.1.3.15&uuid=arF001a0a247598e675e&page_item_id=1366042449
2026-09-15 22:47:42,113 [INFO]     🔗❌ Link inactivo, descartada: Software Engineer → https://open.app.jobrapido.com/ar/7047781536606715904/?w=data%20scientist&l=&oc=sponsored&k=web.1.3.5&uuid=arF001a0a247598e675e&page_item_id=491820109
2026-09-15 22:47:42,238 [INFO]     🔗❌ Link inactivo, descartada: Senior Applied Scientist, ROAS & AdTech → https://open.app.jobrapido.com/ar/4626862403479404544/?w=data%20scientist&l=&oc=sponsored&k=web.1.3.16&uuid=arF001a0a247598e675e&page_item_id=-1288563093
2026-09-15 22:47:42,265 [INFO]     🔗❌ Link inactivo, descartada: AI Engineer – Azure AI Foundry / LangGraph / RAG (Híbrido) → https://open.app.jobrapido.com/ar/5969211310372552704/?w=data%20scientist&l=&oc=sponsored&k=web.1.3.7&uuid=arF001a0a247598e675e&page_item_id=-2036614353
2026-09-15 22:47:42,337 [INFO]     🔗❌ Link inactivo, descartada: Bayesian ML Data Scientist - Remote & Flexible → https://open.app.jobrapido.com/ar/8913960632198365184/?w=data%20scientist&l=&oc=sponsored&k=web.1.2.13&uuid=arF001a0a246584265e1&page_item_id=2112465799
2026-09-15 22:47:42,432 [INFO]     🔗❌ Link inactivo, descartada: Data Scientist - Provincia → https://open.app.jobrapido.com/ar/5303621843419136000/?w=data%20scientist&l=&oc=sponsored&k=web.1.4.2&uuid=arF001a0a24952c469b8&page_item_id=1693137881
2026-09-15 22:47:42,473 [INFO]     🔗❌ Link inactivo, descartada: Marketing Data Scientist → https://open.app.jobrapido.com/ar/2472737292930777088/?w=data%20scientist&l=&oc=sponsored&k=web.1.4.9&uuid=arF001a0a24952c469b8&page_item_id=1814884658
2026-09-15 22:47:42,501 [INFO]     🔗❌ Link inactivo, descartada: Senior Data Scientist ID80052 → https://open.app.jobrapido.com/ar/4640174826412048384/?w=data%20scientist&l=&oc=sponsored&k=web.1.3.10&uuid=arF001a0a247598e675e&page_item_id=27267333
2026-09-15 22:47:42,505 [INFO]     🔗❌ Link inactivo, descartada: Senior Forecasting & Econometrics Data Scientist → https://open.app.jobrapido.com/ar/3801994727188856832/?w=data%20scientist&l=&oc=sponsored&k=web.1.4.17&uuid=arF001a0a24952c469b8&page_item_id=2077331552
2026-09-15 22:47:42,622 [INFO]     🔗❌ Link inactivo, descartada: Senior Data Scientist – MMM ID71005 → https://open.app.jobrapido.com/ar/1830369837973504000/?w=data%20scientist&l=&oc=sponsored&k=web.1.3.11&uuid=arF001a0a247598e675e&page_item_id=-1005059094
2026-09-15 22:47:42,661 [INFO]     🔗❌ Link inactivo, descartada: Data Scientist: ML, MLOps & Cloud Big Data → https://open.app.jobrapido.com/ar/89902734328725504/?w=data%20scientist&l=&oc=sponsored&k=web.1.4.19&uuid=arF001a0a24952c469b8&page_item_id=-1680178954
2026-09-15 22:47:42,721 [INFO]     🔗❌ Link inactivo, descartada: Lead Fraud Data Scientist - Remote, Stock Options, PTO → https://open.app.jobrapido.com/ar/8040279209479766016/?w=data%20scientist&l=&oc=sponsored&k=web.1.3.13&uuid=arF001a0a247598e675e&page_item_id=824143293
2026-09-15 22:47:42,834 [INFO]     🔗❌ Link inactivo, descartada: Anuncios Google → https://open.app.jobrapido.com/ar/8585239743921389568/?w=data%20analyst&l=&oc=sponsored&k=web.1.1.0&uuid=arF001a0a24b463c6c4a&page_item_id=-1382267331
2026-09-15 22:47:42,869 [INFO]     🔗❌ Link inactivo, descartada: Benefits Senior Analyst: Global Programs & HRIS → https://open.app.jobrapido.com/ar/1781376063696273408/?w=data%20analyst&l=&oc=sponsored&k=web.1.1.3&uuid=arF001a0a24b463c6c4a&page_item_id=729282921
2026-09-15 22:47:42,893 [INFO]     🔗❌ Link inactivo, descartada: Billing & Collections Senior Analyst - US Client (Olivos/Bar → https://open.app.jobrapido.com/ar/7779752197020975104/?w=data%20analyst&l=&oc=sponsored&k=web.1.1.5&uuid=arF001a0a24b463c6c4a&page_item_id=825890207
2026-09-15 22:47:42,906 [INFO]     🔗❌ Link inactivo, descartada: Benefits Senior Analyst — Enrollments & Compliance (Colombia → https://open.app.jobrapido.com/ar/4949664328606285824/?w=data%20analyst&l=&oc=sponsored&k=web.1.1.6&uuid=arF001a0a24b463c6c4a&page_item_id=-456035696
2026-09-15 22:47:43,003 [INFO]     🔗❌ Link inactivo, descartada: Senior Billing & Financial Planning Analyst → https://open.app.jobrapido.com/ar/4818892177989959680/?w=data%20analyst&l=&oc=sponsored&k=web.1.1.4&uuid=arF001a0a24b463c6c4a&page_item_id=-1637030194
2026-09-15 22:47:43,047 [INFO]     🔗❌ Link inactivo, descartada: Data Analyst → https://open.app.jobrapido.com/ar/2121406494216814592/?w=data%20analyst&l=&oc=sponsored&k=web.1.1.10&uuid=arF001a0a24b463c6c4a&page_item_id=341589765
2026-09-15 22:47:43,122 [INFO]     🔗❌ Link inactivo, descartada: Data Scientist AWS - SR → https://open.app.jobrapido.com/ar/5717237227067539456/?w=data%20scientist&l=&oc=sponsored&k=web.1.4.8&uuid=arF001a0a24952c469b8&page_item_id=-1358480740
2026-09-15 22:47:43,128 [INFO]     🔗❌ Link inactivo, descartada: Data Scientist AWS - SR → https://open.app.jobrapido.com/ar/3392676131902586880/?w=data%20scientist&l=&oc=sponsored&k=web.1.4.1&uuid=arF001a0a24952c469b8&page_item_id=1969969257
2026-09-15 22:47:43,259 [INFO]     🔗❌ Link inactivo, descartada: Data Quality Assurance Analyst → https://open.app.jobrapido.com/ar/3944185769916104704/?w=data%20analyst&l=&oc=sponsored&k=web.1.2.9&uuid=arF001a0a24cdfba6e2b&page_item_id=1429748142
2026-09-15 22:47:43,280 [INFO]     🔗❌ Link inactivo, descartada: Chief Data Scientist — LLM & AI Chatbot Architect → https://open.app.jobrapido.com/ar/1849042070853910528/?w=data%20scientist&l=&oc=sponsored&k=web.1.4.15&uuid=arF001a0a24952c469b8&page_item_id=-1401940668
2026-09-15 22:47:43,302 [INFO]     🔗❌ Link inactivo, descartada: Data & Analytics Analyst - Financial Institutions Advisory → https://open.app.jobrapido.com/ar/2860141418884628480/?w=data%20analyst&l=&oc=sponsored&k=web.1.2.16&uuid=arF001a0a24cdfba6e2b&page_item_id=150397411
2026-09-15 22:47:43,393 [INFO]     🔗❌ Link inactivo, descartada: Aquiva, Argentina - Salesforce Data Analyst → https://open.app.jobrapido.com/ar/7793074601457614848/?w=data%20analyst&l=&oc=sponsored&k=web.1.3.0&uuid=arF001a0a24ecc937076&page_item_id=1179251145
2026-09-15 22:47:43,531 [INFO]     🔗❌ Link inactivo, descartada: Senior Performance Data Analyst: Growth & Automation → https://open.app.jobrapido.com/ar/8230368895723110400/?w=data%20analyst&l=&oc=sponsored&k=web.1.3.3&uuid=arF001a0a24ecc937076&page_item_id=506236062
2026-09-15 22:47:43,686 [INFO]     🔗❌ Link inactivo, descartada: Senior Data Analyst: BI & Automation Architect → https://open.app.jobrapido.com/ar/272952367878504448/?w=data%20analyst&l=&oc=sponsored&k=web.1.3.4&uuid=arF001a0a24ecc937076&page_item_id=1962973269
2026-09-15 22:47:43,702 [INFO]     🔗❌ Link inactivo, descartada: Data Analyst → https://open.app.jobrapido.com/ar/763432049624219648/?w=data%20analyst&l=&oc=sponsored&k=web.1.3.6&uuid=arF001a0a24ecc937076&page_item_id=-1707222372
2026-09-15 22:47:43,865 [INFO]     🔗❌ Link inactivo, descartada: Junior Data Analyst → https://open.app.jobrapido.com/ar/4161313666857172992/?w=data%20analyst&l=&oc=sponsored&k=web.1.2.15&uuid=arF001a0a24cdfba6e2b&page_item_id=-797619312
2026-09-15 22:47:43,926 [INFO]     🔗❌ Link inactivo, descartada: Data Business Analyst, Professional Business (KCP) → https://open.app.jobrapido.com/ar/8262623138043396096/?w=data%20analyst&l=&oc=sponsored&k=web.1.3.8&uuid=arF001a0a24ecc937076&page_item_id=-1951689233
2026-09-15 22:47:44,104 [INFO]     🔗❌ Link inactivo, descartada: BI Analyst & Data Visualization → https://open.app.jobrapido.com/ar/8660610888048312320/?w=data%20analyst&l=&oc=sponsored&k=web.1.2.14&uuid=arF001a0a24cdfba6e2b&page_item_id=964048487
2026-09-15 22:47:44,109 [INFO]     🔗❌ Link inactivo, descartada: Analyst, GSS Audit Ops & Data Analytics → https://open.app.jobrapido.com/ar/7309744579970859008/?w=data%20analyst&l=&oc=sponsored&k=web.1.3.9&uuid=arF001a0a24ecc937076&page_item_id=1691773638
2026-09-15 22:47:44,205 [INFO]     🔗❌ Link inactivo, descartada: Data Analyst SR – (IB- 5782313) → https://open.app.jobrapido.com/ar/637417743519318016/?w=data%20analyst&l=&oc=sponsored&k=web.1.3.2&uuid=arF001a0a24ecc937076&page_item_id=-1996497693
2026-09-15 22:47:44,246 [INFO]     🔗❌ Link inactivo, descartada: ARG SSR Data Oversight Analyst → https://open.app.jobrapido.com/ar/6622671858401542144/?w=data%20analyst&l=&oc=sponsored&k=web.1.3.1&uuid=arF001a0a24ecc937076&page_item_id=399735649
2026-09-15 22:47:44,258 [INFO]     🔗❌ Link inactivo, descartada: Senior Operations Analyst — Data & Optimization → https://open.app.jobrapido.com/ar/7268379303266484224/?w=data%20analyst&l=&oc=sponsored&k=web.1.2.17&uuid=arF001a0a24cdfba6e2b&page_item_id=-2051961077
2026-09-15 22:47:44,335 [INFO]     🔗❌ Link inactivo, descartada: Senior Campaign Data and Operations Analyst → https://open.app.jobrapido.com/ar/8940372001009172480/?w=data%20analyst&l=&oc=sponsored&k=web.1.3.10&uuid=arF001a0a24ecc937076&page_item_id=259882711
2026-09-15 22:47:44,444 [INFO]     🔗❌ Link inactivo, descartada: Data Analyst → https://open.app.jobrapido.com/ar/5161324079344517120/?w=data%20analyst&l=&oc=sponsored&k=web.1.3.5&uuid=arF001a0a24ecc937076&page_item_id=-1951760255
2026-09-15 22:47:44,511 [INFO]     🔗❌ Link inactivo, descartada: Junior Data Analyst - Hybrid (Olivos) with SQL & Python → https://open.app.jobrapido.com/ar/6580822538882908160/?w=data%20analyst&l=&oc=sponsored&k=web.1.3.11&uuid=arF001a0a24ecc937076&page_item_id=-1422580800
2026-09-15 22:47:44,517 [INFO]     🔗❌ Link inactivo, descartada: Senior Data Analyst/BI Developer → https://open.app.jobrapido.com/ar/7307332869934809088/?w=data%20analyst&l=&oc=sponsored&k=web.1.3.13&uuid=arF001a0a24ecc937076&page_item_id=1062925142
2026-09-15 22:47:44,547 [INFO]     🔗❌ Link inactivo, descartada: Data Analyst | 100% Remote | LATAM - PH → https://open.app.jobrapido.com/ar/605731914350854144/?w=data%20analyst&l=&oc=sponsored&k=web.1.3.7&uuid=arF001a0a24ecc937076&page_item_id=805279029
2026-09-15 22:47:44,611 [INFO]     🔗❌ Link inactivo, descartada: AI Tax Data Architect & NLP Analyst → https://open.app.jobrapido.com/ar/8085351627076141056/?w=data%20analyst&l=&oc=sponsored&k=web.1.3.15&uuid=arF001a0a24ecc937076&page_item_id=683484904
2026-09-15 22:47:44,639 [INFO]     🔗❌ Link inactivo, descartada: Data Insights Analyst: Power BI & SQL → https://open.app.jobrapido.com/ar/5192406517147500544/?w=data%20analyst&l=&oc=sponsored&k=web.1.3.16&uuid=arF001a0a24ecc937076&page_item_id=1893762838
2026-09-15 22:47:44,735 [INFO]     🔗❌ Link inactivo, descartada: Remote Product Analyst — SaaS, Data-Driven, Impact → https://open.app.jobrapido.com/ar/4465485862100008960/?w=data%20analyst&l=&oc=sponsored&k=web.1.3.18&uuid=arF001a0a24ecc937076&page_item_id=-1898335651
2026-09-15 22:47:44,845 [INFO]     🔗❌ Link inactivo, descartada: Compliance Data Analyst → https://open.app.jobrapido.com/ar/8842387665090248704/?w=data%20analyst&l=&oc=sponsored&k=web.1.4.0&uuid=arF001a0a250e23172dd&page_item_id=-381036278
2026-09-15 22:47:44,907 [INFO]     🔗❌ Link inactivo, descartada: Data Analyst Senior → https://open.app.jobrapido.com/ar/2481400671463538688/?w=data%20analyst&l=&oc=sponsored&k=web.1.4.2&uuid=arF001a0a250e23172dd&page_item_id=-1438764766
2026-09-15 22:47:44,913 [INFO]     🔗❌ Link inactivo, descartada: Senior Data Analyst → https://open.app.jobrapido.com/ar/5423221512788246528/?w=data%20analyst&l=&oc=sponsored&k=web.1.4.1&uuid=arF001a0a250e23172dd&page_item_id=-1010319218
2026-09-15 22:47:44,950 [INFO]     🔗❌ Link inactivo, descartada: Data Analyst – SQL / Python / Power BI (Híbrido, CABA) → https://open.app.jobrapido.com/ar/6743567559922024448/?w=data%20analyst&l=&oc=sponsored&k=web.1.3.12&uuid=arF001a0a24ecc937076&page_item_id=-1696363686
2026-09-15 22:47:45,021 [INFO]     🔗❌ Link inactivo, descartada: Automation Analyst: Data Integrity & Regression Testing → https://open.app.jobrapido.com/ar/980986539896995840/?w=data%20analyst&l=&oc=sponsored&k=web.1.3.14&uuid=arF001a0a24ecc937076&page_item_id=-33621357
2026-09-15 22:47:45,024 [INFO]     🔗❌ Link inactivo, descartada: BI Analyst & Data Strategy Partner → https://open.app.jobrapido.com/ar/3246492212699070464/?w=data%20analyst&l=&oc=sponsored&k=web.1.4.4&uuid=arF001a0a250e23172dd&page_item_id=-1050180625
2026-09-15 22:47:45,131 [INFO]     🔗❌ Link inactivo, descartada: Power BI Data Insights Analyst → https://open.app.jobrapido.com/ar/810936930538618880/?w=data%20analyst&l=&oc=sponsored&k=web.1.4.5&uuid=arF001a0a250e23172dd&page_item_id=1690823017
2026-09-15 22:47:45,225 [INFO]     🔗❌ Link inactivo, descartada: Data Governance & Risk Analyst → https://open.app.jobrapido.com/ar/7288754353240801280/?w=data%20analyst&l=&oc=sponsored&k=web.1.3.19&uuid=arF001a0a24ecc937076&page_item_id=902238790
2026-09-15 22:47:45,303 [INFO]     🔗❌ Link inactivo, descartada: Senior BI Analyst: Transform Data into Actionable Insights → https://open.app.jobrapido.com/ar/2453980311755685888/?w=data%20analyst&l=&oc=sponsored&k=web.1.4.10&uuid=arF001a0a250e23172dd&page_item_id=-1229713497
2026-09-15 22:47:45,319 [INFO]     🔗❌ Link inactivo, descartada: BI Analyst: Insights, Dashboards & Data Projects → https://open.app.jobrapido.com/ar/7289812427024105472/?w=data%20analyst&l=&oc=sponsored&k=web.1.4.8&uuid=arF001a0a250e23172dd&page_item_id=190399032
2026-09-15 22:47:45,401 [INFO]     🔗❌ Link inactivo, descartada: BI Analyst: Data Governance & Strategic Insights → https://open.app.jobrapido.com/ar/6587873277455106048/?w=data%20analyst&l=&oc=sponsored&k=web.1.3.17&uuid=arF001a0a24ecc937076&page_item_id=1013494817
2026-09-15 22:47:45,622 [INFO]     🔗❌ Link inactivo, descartada: Data Analyst (Data Quality) – Operations & Finance → https://open.app.jobrapido.com/ar/912562178953838592/?w=data%20analyst&l=&oc=sponsored&k=web.1.4.7&uuid=arF001a0a250e23172dd&page_item_id=-370474041
2026-09-15 22:47:45,704 [INFO]     🔗❌ Link inactivo, descartada: Global Order Management Analyst - Contracts, Billing & Growt → https://open.app.jobrapido.com/ar/3928626477792231424/?w=data%20analyst&l=&oc=sponsored&k=web.1.4.15&uuid=arF001a0a250e23172dd&page_item_id=-948574365
2026-09-15 22:47:45,787 [INFO]     🔗❌ Link inactivo, descartada: SR People & Culture Data Analyst - Esquema híbrido 3x2 → https://open.app.jobrapido.com/ar/3170365326126743552/?w=data%20analyst&l=&oc=sponsored&k=web.1.4.11&uuid=arF001a0a250e23172dd&page_item_id=-1692597722
2026-09-15 22:47:46,031 [INFO]     🔗❌ Link inactivo, descartada: Brand & Pricing Operations Analyst → https://open.app.jobrapido.com/ar/2643968636770844672/?w=data%20analyst&l=&oc=sponsored&k=web.1.4.17&uuid=arF001a0a250e23172dd&page_item_id=-96289685
2026-09-15 22:47:46,044 [INFO]     🔗❌ Link inactivo, descartada: Growth & Retention Analytics Analyst → https://open.app.jobrapido.com/ar/6553265324337135616/?w=data%20analyst&l=&oc=sponsored&k=web.1.4.12&uuid=arF001a0a250e23172dd&page_item_id=-772363607
2026-09-15 22:47:46,152 [INFO]     🔗❌ Link inactivo, descartada: Data Scientist Analyst → https://open.app.jobrapido.com/ar/6513029658391347200/?w=data%20analyst&l=&oc=sponsored&k=web.1.4.3&uuid=arF001a0a250e23172dd&page_item_id=1435713327
2026-09-15 22:47:46,165 [INFO]     🔗❌ Link inactivo, descartada: Salesforce Analytics Lead: Data Products & Dashboards → https://open.app.jobrapido.com/ar/7489793749367652352/?w=data%20analyst&l=&oc=sponsored&k=web.1.4.14&uuid=arF001a0a250e23172dd&page_item_id=1064770275
2026-09-15 22:47:46,184 [INFO]     🔗❌ Link inactivo, descartada: AML/KYC Risk & Compliance Analyst → https://open.app.jobrapido.com/ar/6793987606938910720/?w=data%20analyst&l=&oc=sponsored&k=web.1.5.0&uuid=arF001a0a252cef574fa&page_item_id=527635980
2026-09-15 22:47:46,274 [INFO]     🔗❌ Link inactivo, descartada: Fraud Analytics & Compliance Data Analyst → https://open.app.jobrapido.com/ar/8739278213416484864/?w=data%20analyst&l=&oc=sponsored&k=web.1.4.6&uuid=arF001a0a250e23172dd&page_item_id=-116103667
2026-09-15 22:47:46,415 [INFO]     🔗❌ Link inactivo, descartada: Risk Data Analyst - Power BI & Automation → https://open.app.jobrapido.com/ar/3342436988908208128/?w=data%20analyst&l=&oc=sponsored&k=web.1.4.9&uuid=arF001a0a250e23172dd&page_item_id=-33301015
2026-09-15 22:47:46,433 [INFO]     🔗❌ Link inactivo, descartada: Junior Business Analytics & Development Analyst – LatAm → https://open.app.jobrapido.com/ar/3583423669696724992/?w=data%20analyst&l=&oc=sponsored&k=web.1.5.2&uuid=arF001a0a252cef574fa&page_item_id=1780176590
2026-09-15 22:47:46,558 [INFO]     🔗❌ Link inactivo, descartada: Remote RevOps Tech Stack Lead (Salesforce + Gong) → https://open.app.jobrapido.com/ar/9147586580855128064/?w=data%20analyst&l=&oc=sponsored&k=web.1.5.4&uuid=arF001a0a252cef574fa&page_item_id=-147114458
2026-09-15 22:47:46,605 [INFO]     🔗❌ Link inactivo, descartada: Financial Risk Data & Analytics Specialist → https://open.app.jobrapido.com/ar/2771265694988238848/?w=data%20analyst&l=&oc=sponsored&k=web.1.4.16&uuid=arF001a0a250e23172dd&page_item_id=1790948308
2026-09-15 22:47:46,675 [INFO]     🔗❌ Link inactivo, descartada: Lifecycle Marketing Associate — Email & SMS (Remote) → https://open.app.jobrapido.com/ar/8534676949371453440/?w=data%20analyst&l=&oc=sponsored&k=web.1.5.8&uuid=arF001a0a252cef574fa&page_item_id=-725638935
2026-09-15 22:47:46,817 [INFO]     🔗❌ Link inactivo, descartada: Incentive & Commissions Analytics Analyst → https://open.app.jobrapido.com/ar/1086511927854628864/?w=data%20analyst&l=&oc=sponsored&k=web.1.4.19&uuid=arF001a0a250e23172dd&page_item_id=965296480
2026-09-15 22:47:46,829 [INFO]     🔗❌ Link inactivo, descartada: Cyber Resilience Analytics & Exposure Analyst → https://open.app.jobrapido.com/ar/387071779237003264/?w=data%20analyst&l=&oc=sponsored&k=web.1.5.7&uuid=arF001a0a252cef574fa&page_item_id=-315251271
2026-09-15 22:47:46,841 [INFO]     🔗❌ Link inactivo, descartada: Global Manufacturing & Supply Chain Finance Analyst → https://open.app.jobrapido.com/ar/6776914510641889280/?w=data%20analyst&l=&oc=sponsored&k=web.1.4.18&uuid=arF001a0a250e23172dd&page_item_id=-347238082
2026-09-15 22:47:46,949 [INFO]     🔗❌ Link inactivo, descartada: AML Risk & Compliance Analyst → https://open.app.jobrapido.com/ar/4352240270427815936/?w=data%20analyst&l=&oc=sponsored&k=web.1.5.9&uuid=arF001a0a252cef574fa&page_item_id=1440426458
2026-09-15 22:47:47,005 [INFO]     🔗❌ Link inactivo, descartada: Trading Access & Broker Governance Analyst → https://open.app.jobrapido.com/ar/1168969390062829568/?w=data%20analyst&l=&oc=sponsored&k=web.1.5.10&uuid=arF001a0a252cef574fa&page_item_id=-1884387136
2026-09-15 22:47:47,066 [INFO]     🔗❌ Link inactivo, descartada: Billing & Collections Analyst: Finance Strategy & Forecastin → https://open.app.jobrapido.com/ar/8313521833395617792/?w=data%20analyst&l=&oc=sponsored&k=web.1.5.1&uuid=arF001a0a252cef574fa&page_item_id=-791803336
2026-09-15 22:47:47,187 [INFO]     🔗❌ Link inactivo, descartada: Senior Revenue Analytics Analyst - Remote → https://open.app.jobrapido.com/ar/3770817147270332416/?w=data%20analyst&l=&oc=sponsored&k=web.1.4.13&uuid=arF001a0a250e23172dd&page_item_id=1598268430
2026-09-15 22:47:47,211 [INFO]     🔗❌ Link inactivo, descartada: Finance Analytics & AI Modeling Specialist → https://open.app.jobrapido.com/ar/3462199901394305024/?w=data%20analyst&l=&oc=sponsored&k=web.1.5.11&uuid=arF001a0a252cef574fa&page_item_id=1855998507
2026-09-15 22:47:47,225 [INFO]     🔗❌ Link inactivo, descartada: Hands-On Paid Media Analyst (Google & Meta) → https://open.app.jobrapido.com/ar/1577919837932355584/?w=data%20analyst&l=&oc=sponsored&k=web.1.5.14&uuid=arF001a0a252cef574fa&page_item_id=-2057670406
2026-09-15 22:47:47,232 [INFO]     🔗❌ Link inactivo, descartada: Senior Data Analytics | GA4, GTM & BigQuery Lead → https://open.app.jobrapido.com/ar/2932007989957099520/?w=data%20analyst&l=&oc=sponsored&k=web.1.5.5&uuid=arF001a0a252cef574fa&page_item_id=-118415443
2026-09-15 22:47:47,323 [INFO]     🔗❌ Link inactivo, descartada: Lead Shale Market Analyst — Argentina & LATAM → https://open.app.jobrapido.com/ar/1965674003720830976/?w=data%20analyst&l=&oc=sponsored&k=web.1.5.3&uuid=arF001a0a252cef574fa&page_item_id=-662696486
2026-09-15 22:47:47,353 [INFO]     🔗❌ Link inactivo, descartada: Cyber Security Resiliency Technical Analyst- Buenos Aires (H → https://open.app.jobrapido.com/ar/461222843414216704/?w=data%20analyst&l=&oc=sponsored&k=web.1.5.16&uuid=arF001a0a252cef574fa&page_item_id=2094294559
2026-09-15 22:47:47,399 [INFO]     🔗❌ Link inactivo, descartada: Sales Operations Lead: Data Enrichment & CRM Mastery → https://open.app.jobrapido.com/ar/599717328048881664/?w=data%20analyst&l=&oc=sponsored&k=web.1.5.6&uuid=arF001a0a252cef574fa&page_item_id=-1125485910
2026-09-15 22:47:47,481 [INFO]     🔗❌ Link inactivo, descartada: Sales Operations Analyst (Sales Leads and Pipeline) → https://open.app.jobrapido.com/ar/411823985001496576/?w=data%20analyst&l=&oc=sponsored&k=web.1.5.17&uuid=arF001a0a252cef574fa&page_item_id=-1955366509
2026-09-15 22:47:47,590 [INFO]     🔗❌ Link inactivo, descartada: Business Analyst → https://open.app.jobrapido.com/ar/1747264059041906688/?w=data%20analyst&l=&oc=sponsored&k=web.1.5.18&uuid=arF001a0a252cef574fa&page_item_id=1285987873
2026-09-15 22:47:47,607 [INFO]     🔗❌ Link inactivo, descartada: Senior Solution Analyst → https://open.app.jobrapido.com/ar/871504215749427200/?w=data%20analyst&l=&oc=sponsored&k=web.1.5.19&uuid=arF001a0a252cef574fa&page_item_id=-1742513252
2026-09-15 22:47:47,612 [INFO]     🔗❌ Link inactivo, descartada: Risk & Regulatory - IT Audit Associate → https://open.app.jobrapido.com/ar/2419217464937152512/?w=machine%20learning&l=&oc=sponsored&k=web.1.1.3&uuid=arF001a0a254ddfa7773&page_item_id=-1602340425
2026-09-15 22:47:47,726 [INFO]     🔗❌ Link inactivo, descartada: Risk & Regulatory - IT Audit Senior Associate → https://open.app.jobrapido.com/ar/5367236837423185920/?w=machine%20learning&l=&oc=sponsored&k=web.1.1.4&uuid=arF001a0a254ddfa7773&page_item_id=-1423703807
2026-09-15 22:47:47,752 [INFO]     🔗❌ Link inactivo, descartada: Senior ATM Claims Analyst — Investigations & Insights → https://open.app.jobrapido.com/ar/6472609274492092416/?w=data%20analyst&l=&oc=sponsored&k=web.1.5.13&uuid=arF001a0a252cef574fa&page_item_id=860463563
2026-09-15 22:47:47,774 [INFO]     🔗❌ Link inactivo, descartada: Technical Owner → https://open.app.jobrapido.com/ar/8983203476469186560/?w=machine%20learning&l=&oc=sponsored&k=web.1.1.5&uuid=arF001a0a254ddfa7773&page_item_id=-1109543149
2026-09-15 22:47:47,875 [INFO]     🔗❌ Link inactivo, descartada: Senior FP&A Analyst: Regional Growth & AI Insights → https://open.app.jobrapido.com/ar/1081039538224103424/?w=data%20analyst&l=&oc=sponsored&k=web.1.5.15&uuid=arF001a0a252cef574fa&page_item_id=1001994238
2026-09-15 22:47:47,984 [INFO]     🔗❌ Link inactivo, descartada: Senior Machine Learning Engineer → https://open.app.jobrapido.com/ar/7052316541034954752/?w=machine%20learning&l=&oc=sponsored&k=web.1.1.8&uuid=arF001a0a254ddfa7773&page_item_id=-124036773
2026-09-15 22:47:48,002 [INFO]     🔗❌ Link inactivo, descartada: Sr. Machine Learning Engineer → https://open.app.jobrapido.com/ar/9124411555801202688/?w=machine%20learning&l=&oc=sponsored&k=web.1.1.7&uuid=arF001a0a254ddfa7773&page_item_id=-635116703
2026-09-15 22:47:48,136 [INFO]     🔗❌ Link inactivo, descartada: Cloud AI Engineer — Travel‑Ready for Cloud AI Projects → https://open.app.jobrapido.com/ar/5603648879825256448/?w=machine%20learning&l=&oc=sponsored&k=web.1.2.3&uuid=arF001a0a256b1d97998&page_item_id=2135436495
2026-09-15 22:47:48,147 [INFO]     🔗❌ Link inactivo, descartada: Senior Data Governance & Analytics, PRESENCIAL - Gral Pachec → https://open.app.jobrapido.com/ar/6751791494580928512/?w=machine%20learning&l=&oc=sponsored&k=web.1.1.0&uuid=arF001a0a254ddfa7773&page_item_id=-244345612
2026-09-15 22:47:48,181 [INFO]     🔗❌ Link inactivo, descartada: Customer Engineer, Practice, Application Modernization, Goog → https://open.app.jobrapido.com/ar/1492708047556968448/?w=machine%20learning&l=&oc=sponsored&k=web.1.3.11&uuid=arF001a0a258a7837baf&page_item_id=-532275088
2026-09-15 22:47:48,289 [INFO]     🔗❌ Link inactivo, descartada: SAP Tech Manager → https://open.app.jobrapido.com/ar/2511096504844812288/?w=machine%20learning&l=&oc=sponsored&k=web.1.3.12&uuid=arF001a0a258a7837baf&page_item_id=776737039
2026-09-15 22:47:48,350 [INFO]     🔗❌ Link inactivo, descartada: Data Analytics Engineer: BI Dashboards Migration → https://open.app.jobrapido.com/ar/5550183752535113728/?w=data%20analyst&l=&oc=sponsored&k=web.1.5.12&uuid=arF001a0a252cef574fa&page_item_id=190084354
2026-09-15 22:47:48,365 [INFO]     🔗❌ Link inactivo, descartada: Integrated Talent Insights Sr. Advisor → https://open.app.jobrapido.com/ar/4948081564438233088/?w=machine%20learning&l=&oc=sponsored&k=web.1.3.14&uuid=arF001a0a258a7837baf&page_item_id=306576917
2026-09-15 22:47:48,412 [INFO]     🔗❌ Link inactivo, descartada: Data Engineer (AI & Agentic Solutions) → https://open.app.jobrapido.com/ar/2083450253314359296/?w=machine%20learning&l=&oc=sponsored&k=web.1.4.0&uuid=arF001a0a25944847c57&page_item_id=-1082931937
2026-09-15 22:47:48,537 [INFO]     🔗❌ Link inactivo, descartada: Lead Software Engineer - SRE - Java/Python → https://open.app.jobrapido.com/ar/7809721654178742272/?w=machine%20learning&l=&oc=sponsored&k=web.1.4.2&uuid=arF001a0a25944847c57&page_item_id=-764990644
2026-09-15 22:47:48,546 [INFO]     🔗❌ Link inactivo, descartada: Senior ML Engineer: Lead Production ML & Client Tech → https://open.app.jobrapido.com/ar/7734683833873727488/?w=machine%20learning&l=&oc=sponsored&k=web.1.2.2&uuid=arF001a0a256b1d97998&page_item_id=-1436640557
2026-09-15 22:47:48,587 [INFO]     🔗❌ Link inactivo, descartada: Director, Enterprise Data Platform → https://open.app.jobrapido.com/ar/1498794291093307392/?w=machine%20learning&l=&oc=sponsored&k=web.1.4.3&uuid=arF001a0a25944847c57&page_item_id=1027716208
2026-09-15 22:47:48,705 [INFO]     🔗❌ Link inactivo, descartada: Cloud AI Engineer, Google Cloud (English) → https://open.app.jobrapido.com/ar/3815627468782436352/?w=machine%20learning&l=&oc=sponsored&k=web.1.2.10&uuid=arF001a0a256b1d97998&page_item_id=-2137265040
2026-09-15 22:47:48,742 [INFO]     🔗❌ Link inactivo, descartada: Senior Salesforce Developer ID88016 → https://open.app.jobrapido.com/ar/6880585125562679296/?w=machine%20learning&l=&oc=sponsored&k=web.1.4.4&uuid=arF001a0a25944847c57&page_item_id=-240632208
2026-09-15 22:47:48,748 [INFO]     🔗❌ Link inactivo, descartada: Machine Learning Engineer (Edge AI & Computer Vision) → https://open.app.jobrapido.com/ar/8471468224913866752/?w=machine%20learning&l=&oc=sponsored&k=web.1.1.15&uuid=arF001a0a254ddfa7773&page_item_id=1723408534
2026-09-15 22:47:48,934 [INFO]     🔗❌ Link inactivo, descartada: Software Engineer III - Front End UI - C#/.Net/React - Neove → https://open.app.jobrapido.com/ar/3212948329138749440/?w=machine%20learning&l=&oc=sponsored&k=web.1.4.6&uuid=arF001a0a25944847c57&page_item_id=-1515121018
2026-09-15 22:47:48,937 [INFO]     🔗❌ Link inactivo, descartada: Senior AI Specialist → https://open.app.jobrapido.com/ar/6919406956994101248/?w=machine%20learning&l=&oc=sponsored&k=web.1.3.13&uuid=arF001a0a258a7837baf&page_item_id=1395971527
2026-09-15 22:47:49,103 [INFO]     🔗❌ Link inactivo, descartada: Software Engineer - AI → https://open.app.jobrapido.com/ar/5314669323938168832/?w=machine%20learning&l=&oc=sponsored&k=web.1.4.8&uuid=arF001a0a25944847c57&page_item_id=1246270796
2026-09-15 22:47:49,123 [INFO]     🔗❌ Link inactivo, descartada: Software Engineer in Test → https://open.app.jobrapido.com/ar/6639044428352716800/?w=machine%20learning&l=&oc=sponsored&k=web.1.4.9&uuid=arF001a0a25944847c57&page_item_id=-555507473
2026-09-15 22:47:49,155 [INFO]     🔗❌ Link inactivo, descartada: Senior Salesforce Developer ID88016 → https://open.app.jobrapido.com/ar/6787561768928411648/?w=machine%20learning&l=&oc=sponsored&k=web.1.4.1&uuid=arF001a0a25944847c57&page_item_id=-121476691
2026-09-15 22:47:49,333 [INFO]     🔗❌ Link inactivo, descartada: Senior AI Engineer → https://open.app.jobrapido.com/ar/3779161547171954688/?w=machine%20learning&l=&oc=sponsored&k=web.1.4.11&uuid=arF001a0a25944847c57&page_item_id=-710838822
2026-09-15 22:47:49,354 [INFO]     🔗❌ Link inactivo, descartada: Software Engineer - AI → https://open.app.jobrapido.com/ar/3713525461817491456/?w=machine%20learning&l=&oc=sponsored&k=web.1.4.10&uuid=arF001a0a25944847c57&page_item_id=-135201220
2026-09-15 22:47:49,489 [INFO]     🔗❌ Link inactivo, descartada: Senior Backend Engineer, Security Automation → https://open.app.jobrapido.com/ar/2605813659141668864/?w=machine%20learning&l=&oc=sponsored&k=web.1.2.19&uuid=arF001a0a256b1d97998&page_item_id=-1577395201
2026-09-15 22:47:49,511 [INFO]     🔗❌ Link inactivo, descartada: Forward Deployed Engineer II, Generative AI, Global Service  → https://open.app.jobrapido.com/ar/4970988377374457856/?w=machine%20learning&l=&oc=sponsored&k=web.1.4.12&uuid=arF001a0a25944847c57&page_item_id=1617965551
2026-09-15 22:47:49,579 [INFO]     🔗❌ Link inactivo, descartada: Data Engineer – Data Platforms & AI Tooling (Remote, LATAM) → https://open.app.jobrapido.com/ar/9052327590664077312/?w=machine%20learning&l=&oc=sponsored&k=web.1.4.15&uuid=arF001a0a25944847c57&page_item_id=1444093665
2026-09-15 22:47:49,586 [INFO]     🔗❌ Link inactivo, descartada: Data Architect (Databricks) → https://open.app.jobrapido.com/ar/8079123099863220224/?w=machine%20learning&l=&oc=sponsored&k=web.1.4.5&uuid=arF001a0a25944847c57&page_item_id=-1046879801
2026-09-15 22:47:49,737 [INFO]     🔗❌ Link inactivo, descartada: Global Client Service Finance Lead - Associate Director - EY → https://open.app.jobrapido.com/ar/8407681449397846016/?w=machine%20learning&l=&oc=sponsored&k=web.1.4.16&uuid=arF001a0a25944847c57&page_item_id=-1677318252
2026-09-15 22:47:49,743 [INFO]     🔗❌ Link inactivo, descartada: Sr Software Engineer Java - Finance → https://open.app.jobrapido.com/ar/956055852471549952/?w=machine%20learning&l=&oc=sponsored&k=web.1.4.7&uuid=arF001a0a25944847c57&page_item_id=-142161179
2026-09-15 22:47:49,753 [INFO]     🔗❌ Link inactivo, descartada: DevOps Engineer → https://open.app.jobrapido.com/ar/339634449568235520/?w=machine%20learning&l=&oc=sponsored&k=web.1.4.18&uuid=arF001a0a25944847c57&page_item_id=-281508487
2026-09-15 22:47:49,893 [INFO]     🔗❌ Link inactivo, descartada: Group Director, Data Analytics → https://open.app.jobrapido.com/ar/4864063225215320064/?w=machine%20learning&l=&oc=sponsored&k=web.1.4.19&uuid=arF001a0a25944847c57&page_item_id=-1602531604
2026-09-15 22:47:49,917 [INFO]     🔗❌ Link inactivo, descartada: Senior ML Engineer - Personalization & Search → https://open.app.jobrapido.com/ar/7398443024797138944/?w=machine%20learning&l=&oc=sponsored&k=web.1.5.2&uuid=arF001a0a25b39a17efd&page_item_id=169956749
2026-09-15 22:47:49,962 [INFO]     🔗❌ Link inactivo, descartada: Especialista en IA → https://open.app.jobrapido.com/ar/8293858846049304576/?w=machine%20learning&l=&oc=sponsored&k=web.1.5.6&uuid=arF001a0a25b39a17efd&page_item_id=-1789707418
2026-09-15 22:47:49,970 [INFO]     🔗❌ Link inactivo, descartada: Analista Geo AI → https://open.app.jobrapido.com/ar/6157490066605211648/?w=machine%20learning&l=&oc=sponsored&k=web.1.5.5&uuid=arF001a0a25b39a17efd&page_item_id=227279312
2026-09-15 22:47:50,126 [INFO]     🔗❌ Link inactivo, descartada: Cybersecurity Solution Architect - EY Global Delivery Servic → https://open.app.jobrapido.com/ar/9218183817292939264/?w=machine%20learning&l=&oc=sponsored&k=web.1.4.13&uuid=arF001a0a25944847c57&page_item_id=-1467589114
2026-09-15 22:47:50,154 [INFO]     🔗❌ Link inactivo, descartada: Científico de datos IA → https://open.app.jobrapido.com/ar/7759720186084589568/?w=machine%20learning&l=&oc=sponsored&k=web.1.5.7&uuid=arF001a0a25b39a17efd&page_item_id=-1755715016
2026-09-15 22:47:50,164 [INFO]     🔗❌ Link inactivo, descartada: Data Science Manager → https://open.app.jobrapido.com/ar/9001846795629756416/?w=machine%20learning&l=&oc=sponsored&k=web.1.5.10&uuid=arF001a0a25b39a17efd&page_item_id=1945681176
2026-09-15 22:47:50,256 [INFO]     🔗❌ Link inactivo, descartada: Technical Lead - Java → https://open.app.jobrapido.com/ar/7082889904954277888/?w=machine%20learning&l=&oc=sponsored&k=web.1.4.14&uuid=arF001a0a25944847c57&page_item_id=-407668419
2026-09-15 22:47:50,334 [INFO]     🔗❌ Link inactivo, descartada: Lead Data Scientist (AWS) – Advanced English – 100% Remote L → https://open.app.jobrapido.com/ar/938055008878854144/?w=machine%20learning&l=&oc=sponsored&k=web.1.5.16&uuid=arF001a0a25b39a17efd&page_item_id=-623438020
2026-09-15 22:47:50,353 [INFO]     🔗❌ Link inactivo, descartada: Senior Cybersecurity Engineer-AR → https://open.app.jobrapido.com/ar/6331709195854807040/?w=machine%20learning&l=&oc=sponsored&k=web.1.5.17&uuid=arF001a0a25b39a17efd&page_item_id=143051329
2026-09-15 22:47:50,526 [INFO]     🔗❌ Link inactivo, descartada: AI Engineer - SSR/SR, Python, LLMs, RAG, Azure → https://open.app.jobrapido.com/ar/4831158140730867712/?w=machine%20learning&l=&oc=sponsored&k=web.1.5.4&uuid=arF001a0a25b39a17efd&page_item_id=1499802440
2026-09-15 22:47:50,552 [INFO]     🔗❌ Link inactivo, descartada: Sr Software Engineer Backend → https://open.app.jobrapido.com/ar/6022305318128582656/?w=machine%20learning&l=&oc=sponsored&k=web.1.5.19&uuid=arF001a0a25b39a17efd&page_item_id=39163978
2026-09-15 22:47:50,748 [INFO]     🔗❌ Link inactivo, descartada: Sr. AI Engineer → https://open.app.jobrapido.com/ar/7290109501322035200/?w=nlp&l=&oc=sponsored&k=web.1.1.15&uuid=arF001a0a25c9d9b8118&page_item_id=658644330
2026-09-15 22:47:50,922 [INFO]     🔗❌ Link inactivo, descartada: AI Software Engineer - Remote → https://open.app.jobrapido.com/ar/3380486945997062144/?w=nlp&l=&oc=sponsored&k=web.1.1.16&uuid=arF001a0a25c9d9b8118&page_item_id=203065852
2026-09-15 22:47:50,959 [INFO]     🔗❌ Link inactivo, descartada: Client Technology Software Engineering Assurance Sr. Enginee → https://open.app.jobrapido.com/ar/8837741386649305088/?w=nlp&l=&oc=sponsored&k=web.1.1.18&uuid=arF001a0a25c9d9b8118&page_item_id=2040811024
2026-09-15 22:47:51,030 [INFO]     🔗❌ Link inactivo, descartada: Principal Engineer, Data & Event Intelligence → https://open.app.jobrapido.com/ar/1499865507476537344/?w=machine%20learning&l=&oc=sponsored&k=web.1.4.17&uuid=arF001a0a25944847c57&page_item_id=-1053780
2026-09-15 22:47:51,099 [INFO]     🔗❌ Link inactivo, descartada: Individuals Modeling Manager → https://open.app.jobrapido.com/ar/5325635165718839296/?w=machine%20learning&l=&oc=sponsored&k=web.1.5.18&uuid=arF001a0a25b39a17efd&page_item_id=2144239430
2026-09-15 22:47:51,132 [INFO]     🔗❌ Link inactivo, descartada: AI Engineer / Especialista en IA Generativa, Prompt Engineer → https://open.app.jobrapido.com/ar/6251566755378888704/?w=machine%20learning&l=&oc=sponsored&k=web.1.5.11&uuid=arF001a0a25b39a17efd&page_item_id=1108792830
2026-09-15 22:47:51,293 [INFO]     🔗❌ Link inactivo, descartada: Senior AI/ML Inference Platform Engineer → https://open.app.jobrapido.com/ar/4177053158628917248/?w=nlp&l=&oc=sponsored&k=web.1.1.4&uuid=arF001a0a25c9d9b8118&page_item_id=-2058778865
2026-09-15 22:47:51,421 [INFO]     🔗❌ Link inactivo, descartada: Spanish Linguistic Specialist - Fully Remote | Upto $50/hr → https://open.app.jobrapido.com/ar/6758857918373691392/?w=nlp&l=&oc=sponsored&k=web.1.2.1&uuid=arF001a0a25ddc0b82df&page_item_id=-1958264801
2026-09-15 22:47:51,441 [INFO]     🔗❌ Link inactivo, descartada: AI Tax Transformation Analyst → https://open.app.jobrapido.com/ar/6969801698063679488/?w=nlp&l=&oc=sponsored&k=web.1.1.7&uuid=arF001a0a25c9d9b8118&page_item_id=-1030157544
2026-09-15 22:47:51,508 [INFO]     🔗❌ Link inactivo, descartada: Data Scientist Senior -AWS – Advanced English – 100% Remote  → https://open.app.jobrapido.com/ar/8049074890185113600/?w=machine%20learning&l=&oc=sponsored&k=web.1.5.9&uuid=arF001a0a25b39a17efd&page_item_id=-76562166
2026-09-15 22:47:51,525 [INFO]     🔗❌ Link inactivo, descartada: AI Agent Systems Architect - Remote → https://open.app.jobrapido.com/ar/8253811651858399232/?w=nlp&l=&oc=sponsored&k=web.1.2.8&uuid=arF001a0a25ddc0b82df&page_item_id=-872948479
2026-09-15 22:47:51,696 [INFO]     🔗❌ Link inactivo, descartada: Full Stack MERN Developer → https://open.app.jobrapido.com/ar/543280753404805120/?w=nlp&l=&oc=sponsored&k=web.1.2.9&uuid=arF001a0a25ddc0b82df&page_item_id=422776827
2026-09-15 22:47:51,832 [INFO]     🔗❌ Link inactivo, descartada: Sr. Software Engineer, AI / ML Inference Platform → https://open.app.jobrapido.com/ar/131739598442201088/?w=nlp&l=&oc=sponsored&k=web.1.1.11&uuid=arF001a0a25c9d9b8118&page_item_id=1719703032
2026-09-15 22:47:51,837 [INFO]     🔗❌ Link inactivo, descartada: AI Forward Deployed Engineer → https://open.app.jobrapido.com/ar/7450883939826139136/?w=nlp&l=&oc=sponsored&k=web.1.2.10&uuid=arF001a0a25ddc0b82df&page_item_id=1682174156
2026-09-15 22:47:51,928 [INFO]     🔗❌ Link inactivo, descartada: Machine Learning Engineer - IT → https://open.app.jobrapido.com/ar/5371032368742137856/?w=nlp&l=&oc=sponsored&k=web.1.2.13&uuid=arF001a0a25ddc0b82df&page_item_id=-916658751
2026-09-15 22:47:52,099 [INFO]     🔗❌ Link inactivo, descartada: Desarrallador IA → https://open.app.jobrapido.com/ar/5741302787820486656/?w=nlp&l=&oc=sponsored&k=web.1.3.1&uuid=arF001a0a25f763384b5&page_item_id=1167762217
2026-09-15 22:47:52,104 [INFO]     🔗❌ Link inactivo, descartada: Spanish Linguistic Expert - LLM → https://open.app.jobrapido.com/ar/7157200535756472320/?w=nlp&l=&oc=sponsored&k=web.1.2.0&uuid=arF001a0a25ddc0b82df&page_item_id=1779957315
2026-09-15 22:47:52,158 [INFO]     🔗❌ Link inactivo, descartada: Python Backend Engineer - Latin America - Remote → https://open.app.jobrapido.com/ar/1652286664086650880/?w=nlp&l=&oc=sponsored&k=web.1.2.4&uuid=arF001a0a25ddc0b82df&page_item_id=-149785412
2026-09-15 22:47:52,231 [INFO]     🔗❌ Link inactivo, descartada: AI Context Governance Analyst → https://open.app.jobrapido.com/ar/7611202081004716032/?w=nlp&l=&oc=sponsored&k=web.1.3.2&uuid=arF001a0a25f763384b5&page_item_id=-1966766657
2026-09-15 22:47:52,272 [INFO]     🔗❌ Link inactivo, descartada: Delivery Lead → https://open.app.jobrapido.com/ar/154550616427855872/?w=nlp&l=&oc=sponsored&k=web.1.2.6&uuid=arF001a0a25ddc0b82df&page_item_id=226205562
2026-09-15 22:47:52,320 [INFO]     🔗❌ Link inactivo, descartada: Senior AI Specialist → https://open.app.jobrapido.com/ar/3493981834750984192/?w=nlp&l=&oc=sponsored&k=web.1.3.5&uuid=arF001a0a25f763384b5&page_item_id=264079667
2026-09-15 22:47:52,514 [INFO]     🔗❌ Link inactivo, descartada: Client Technology Software engineering_Assurance Sr. Enginee → https://open.app.jobrapido.com/ar/7967848468683161600/?w=nlp&l=&oc=sponsored&k=web.1.2.7&uuid=arF001a0a25ddc0b82df&page_item_id=-1308107421
2026-09-15 22:47:52,567 [INFO]     🔗❌ Link inactivo, descartada: Client Technology - Software Engineering - EY Global Deliver → https://open.app.jobrapido.com/ar/440810667742593024/?w=nlp&l=&oc=sponsored&k=web.1.2.11&uuid=arF001a0a25ddc0b82df&page_item_id=697438791
2026-09-15 22:47:52,603 [INFO]     🔗❌ Link inactivo, descartada: AI Research Engineer (MultiModal Reinforcement Learning) 100 → https://open.app.jobrapido.com/ar/8822954054767345664/?w=nlp&l=&oc=sponsored&k=web.1.2.12&uuid=arF001a0a25ddc0b82df&page_item_id=-1245995598
2026-09-15 22:47:52,647 [INFO]     🔗❌ Link inactivo, descartada: AI Context Governance Analyst → https://open.app.jobrapido.com/ar/7810947059887898624/?w=nlp&l=&oc=sponsored&k=web.1.3.14&uuid=arF001a0a25f763384b5&page_item_id=-116791946
2026-09-15 22:47:52,704 [INFO]     🔗❌ Link inactivo, descartada: Senior Software Engineer → https://open.app.jobrapido.com/ar/652901066261659648/?w=nlp&l=&oc=sponsored&k=web.1.3.16&uuid=arF001a0a25f763384b5&page_item_id=-1119370510
2026-09-15 22:47:52,915 [INFO]     🔗❌ Link inactivo, descartada: Líder Técnico de IA → https://open.app.jobrapido.com/ar/8903465243955429376/?w=nlp&l=&oc=sponsored&k=web.1.3.17&uuid=arF001a0a25f763384b5&page_item_id=-913909977
2026-09-15 22:47:52,975 [INFO]     🔗❌ Link inactivo, descartada: Chief Data Scientist → https://open.app.jobrapido.com/ar/1723660361892102144/?w=nlp&l=&oc=sponsored&k=web.1.3.3&uuid=arF001a0a25f763384b5&page_item_id=-803045745
2026-09-15 22:47:53,004 [INFO]     🔗❌ Link inactivo, descartada: Sr. AI Engineer → https://open.app.jobrapido.com/ar/3305472868271259648/?w=nlp&l=&oc=sponsored&k=web.1.3.18&uuid=arF001a0a25f763384b5&page_item_id=1336413736
2026-09-15 22:47:53,063 [INFO]     🔗❌ Link inactivo, descartada: Sr. Machine Learning Engineer → https://open.app.jobrapido.com/ar/68926148414799872/?w=nlp&l=&oc=sponsored&k=web.1.3.19&uuid=arF001a0a25f763384b5&page_item_id=73035499
2026-09-15 22:47:53,082 [INFO]     🔗❌ Link inactivo, descartada: Data Engineer Sr - → https://open.app.jobrapido.com/ar/6543748286694555648/?w=data%20engineer&l=&oc=sponsored&k=web.1.1.6&uuid=arF001a0a2617d90872c&page_item_id=508122962
2026-09-15 22:47:53,273 [INFO]     🔗❌ Link inactivo, descartada: Sr. Machine Learning Engineer → https://open.app.jobrapido.com/ar/8384904327294091264/?w=nlp&l=&oc=sponsored&k=web.1.3.7&uuid=arF001a0a25f763384b5&page_item_id=1799792908
2026-09-15 22:47:53,368 [INFO]     🔗❌ Link inactivo, descartada: Python Developer (IA) - Machine Learning ID #00335 → https://open.app.jobrapido.com/ar/1040984587322261504/?w=nlp&l=&oc=sponsored&k=web.1.3.13&uuid=arF001a0a25f763384b5&page_item_id=-390094405
2026-09-15 22:47:53,377 [INFO]     🔗❌ Link inactivo, descartada: Desarrallador IA → https://open.app.jobrapido.com/ar/3205509016285347840/?w=nlp&l=&oc=sponsored&k=web.1.3.15&uuid=arF001a0a25f763384b5&page_item_id=-380734632
2026-09-15 22:47:53,409 [INFO]     🔗❌ Link inactivo, descartada: Senior Full Stack Software Engineer → https://open.app.jobrapido.com/ar/210321711659220992/?w=data%20engineer&l=&oc=sponsored&k=web.1.1.7&uuid=arF001a0a2617d90872c&page_item_id=-1832661381
2026-09-15 22:47:53,472 [INFO]     🔗❌ Link inactivo, descartada: Data Engineer → https://open.app.jobrapido.com/ar/3027153386853105664/?w=data%20engineer&l=&oc=sponsored&k=web.1.1.13&uuid=arF001a0a2617d90872c&page_item_id=2091987500
2026-09-15 22:47:53,675 [INFO]     🔗❌ Link inactivo, descartada: Senior Data Engineer: Cloud Data Pipelines & Lakehouse → https://open.app.jobrapido.com/ar/5270070589694935040/?w=data%20engineer&l=&oc=sponsored&k=web.1.1.16&uuid=arF001a0a2617d90872c&page_item_id=-859392983
2026-09-15 22:47:53,717 [INFO]     🔗❌ Link inactivo, descartada: (fluent English) CX Solutions Consultant (LATAM, remote) → https://open.app.jobrapido.com/ar/7465974736917364736/?w=nlp&l=&oc=sponsored&k=web.1.2.14&uuid=arF001a0a25ddc0b82df&page_item_id=782135064
2026-09-15 22:47:53,755 [INFO]     🔗❌ Link inactivo, descartada: AWS Data Engineer → https://open.app.jobrapido.com/ar/660091769228099584/?w=data%20engineer&l=&oc=sponsored&k=web.1.1.17&uuid=arF001a0a2617d90872c&page_item_id=-1870574883
2026-09-15 22:47:53,771 [INFO]     🔗❌ Link inactivo, descartada: Jefe de Línea - Turno Tarde → https://open.app.jobrapido.com/ar/8408578496267288576/?w=data%20engineer&l=&oc=sponsored&k=web.1.1.0&uuid=arF001a0a2617d90872c&page_item_id=1512219257
2026-09-15 22:47:53,818 [INFO]     🔗❌ Link inactivo, descartada: Sr. Data Engineer → https://open.app.jobrapido.com/ar/4295827077585698816/?w=data%20engineer&l=&oc=sponsored&k=web.1.1.18&uuid=arF001a0a2617d90872c&page_item_id=-517456379
2026-09-15 22:47:53,881 [INFO]     🔗❌ Link inactivo, descartada: Senior Data Engineer: Scalable Cloud Pipelines & Security → https://open.app.jobrapido.com/ar/2067316861501964288/?w=data%20engineer&l=&oc=sponsored&k=web.1.1.4&uuid=arF001a0a2617d90872c&page_item_id=-626146659
2026-09-15 22:47:54,068 [INFO]     🔗❌ Link inactivo, descartada: Data Engineer SSr /Sr → https://open.app.jobrapido.com/ar/9097069373088071680/?w=data%20engineer&l=&oc=sponsored&k=web.1.1.5&uuid=arF001a0a2617d90872c&page_item_id=70583769
2026-09-15 22:47:54,112 [INFO]     🔗❌ Link inactivo, descartada: Sr. AI Engineer → https://open.app.jobrapido.com/ar/1789705929428566016/?w=nlp&l=&oc=sponsored&k=web.1.3.8&uuid=arF001a0a25f763384b5&page_item_id=-633371707
2026-09-15 22:47:54,122 [INFO]     🔗❌ Link inactivo, descartada: Lead Backend Data Engineer → https://open.app.jobrapido.com/ar/6609503007635668992/?w=data%20engineer&l=&oc=sponsored&k=web.1.1.19&uuid=arF001a0a2617d90872c&page_item_id=-691138065
2026-09-15 22:47:54,158 [INFO]     🔗❌ Link inactivo, descartada: Senior Data Engineer ID88015 → https://open.app.jobrapido.com/ar/4821191428602331136/?w=data%20engineer&l=&oc=sponsored&k=web.1.2.3&uuid=arF001a0a26360cb89aa&page_item_id=447239177
2026-09-15 22:47:54,180 [INFO]     🔗❌ Link inactivo, descartada: Senior Data Engineer: Architect Data Platform (Hybrid) → https://open.app.jobrapido.com/ar/3669215400916156416/?w=data%20engineer&l=&oc=sponsored&k=web.1.2.1&uuid=arF001a0a26360cb89aa&page_item_id=-469579917
2026-09-15 22:47:54,223 [INFO]     🔗❌ Link inactivo, descartada: Senior Data Engineer ID88015 → https://open.app.jobrapido.com/ar/3831344987501494272/?w=data%20engineer&l=&oc=sponsored&k=web.1.2.4&uuid=arF001a0a26360cb89aa&page_item_id=-1531246802
2026-09-15 22:47:54,235 [INFO]     🔗❌ Link inactivo, descartada: AWS Cloud Engineer - Data → https://open.app.jobrapido.com/ar/6157722218177495040/?w=data%20engineer&l=&oc=sponsored&k=web.1.1.15&uuid=arF001a0a2617d90872c&page_item_id=-1469248835
2026-09-15 22:47:54,463 [INFO]     🔗❌ Link inactivo, descartada: Lead Data Engineer → https://open.app.jobrapido.com/ar/8482101189549228032/?w=data%20engineer&l=&oc=sponsored&k=web.1.1.14&uuid=arF001a0a2617d90872c&page_item_id=-397572080
2026-09-15 22:47:54,513 [INFO]     🔗❌ Link inactivo, descartada: Data Engineer → https://open.app.jobrapido.com/ar/8914151947221598208/?w=data%20engineer&l=&oc=sponsored&k=web.1.2.8&uuid=arF001a0a26360cb89aa&page_item_id=1290604602
2026-09-15 22:47:54,524 [INFO]     🔗❌ Link inactivo, descartada: Cloud Data Engineer - ETL & Big Data (Hybrid) → https://open.app.jobrapido.com/ar/7923828163455483904/?w=data%20engineer&l=&oc=sponsored&k=web.1.2.10&uuid=arF001a0a26360cb89aa&page_item_id=-513054015
2026-09-15 22:47:54,589 [INFO]     🔗❌ Link inactivo, descartada: Lead Backend Data Engineer → https://open.app.jobrapido.com/ar/3460547197978804224/?w=data%20engineer&l=&oc=sponsored&k=web.1.2.0&uuid=arF001a0a26360cb89aa&page_item_id=-338693698
2026-09-15 22:47:54,862 [INFO]     🔗❌ Link inactivo, descartada: Data Platforms & AI Tooling Engineer → https://open.app.jobrapido.com/ar/6427338137348866048/?w=data%20engineer&l=&oc=sponsored&k=web.1.2.14&uuid=arF001a0a26360cb89aa&page_item_id=-167213846
2026-09-15 22:47:54,902 [INFO]     🔗❌ Link inactivo, descartada: Senior Data Platform Engineer: Streaming & Data Contracts → https://open.app.jobrapido.com/ar/6336230044070838272/?w=data%20engineer&l=&oc=sponsored&k=web.1.2.7&uuid=arF001a0a26360cb89aa&page_item_id=-1336519722
2026-09-15 22:47:54,998 [INFO]     🔗❌ Link inactivo, descartada: Python Engineer: Data Workflows & GIS → https://open.app.jobrapido.com/ar/420277030395838464/?w=data%20engineer&l=&oc=sponsored&k=web.1.2.16&uuid=arF001a0a26360cb89aa&page_item_id=-132553329
2026-09-15 22:47:55,037 [INFO]     🔗❌ Link inactivo, descartada: Data & AI Engineer Senior → https://open.app.jobrapido.com/ar/2718275762879725568/?w=data%20engineer&l=&oc=sponsored&k=web.1.2.6&uuid=arF001a0a26360cb89aa&page_item_id=-619558984
2026-09-15 22:47:55,271 [INFO]     🔗❌ Link inactivo, descartada: Secure Access Data & SQL Engineer → https://open.app.jobrapido.com/ar/246719721246818304/?w=data%20engineer&l=&oc=sponsored&k=web.1.2.18&uuid=arF001a0a26360cb89aa&page_item_id=1115568978
2026-09-15 22:47:55,312 [INFO]     🔗❌ Link inactivo, descartada: Data Engineer → https://open.app.jobrapido.com/ar/1210644179290423296/?w=data%20engineer&l=&oc=sponsored&k=web.1.2.11&uuid=arF001a0a26360cb89aa&page_item_id=-1447941263
2026-09-15 22:47:55,339 [INFO]     🔗❌ Link inactivo, descartada: Senior Data Engineer – AI Data Platform (Remote) → https://open.app.jobrapido.com/ar/5955049239829544960/?w=data%20engineer&l=&oc=sponsored&k=web.1.2.13&uuid=arF001a0a26360cb89aa&page_item_id=-552139490
2026-09-15 22:47:55,339 [INFO]     🔗❌ Link inactivo, descartada: Data Engineer → https://open.app.jobrapido.com/ar/6686550288519659520/?w=data%20engineer&l=&oc=sponsored&k=web.1.2.9&uuid=arF001a0a26360cb89aa&page_item_id=-1607128927
2026-09-15 22:47:55,377 [INFO]     🔗❌ Link inactivo, descartada: Senior Data Platform Engineer → https://open.app.jobrapido.com/ar/9010629350915047424/?w=data%20engineer&l=&oc=sponsored&k=web.1.2.5&uuid=arF001a0a26360cb89aa&page_item_id=-549936266
2026-09-15 22:47:55,398 [INFO]     🔗❌ Link inactivo, descartada: Data Engineer III - Senior Associate → https://open.app.jobrapido.com/ar/2861608854590849024/?w=data%20engineer&l=&oc=sponsored&k=web.1.2.17&uuid=arF001a0a26360cb89aa&page_item_id=-290188243
2026-09-15 22:47:55,649 [INFO]     🔗❌ Link inactivo, descartada: Data Engineer for Analytics & BI → https://open.app.jobrapido.com/ar/7303628615260831744/?w=data%20engineer&l=&oc=sponsored&k=web.1.2.15&uuid=arF001a0a26360cb89aa&page_item_id=237781480
2026-09-15 22:47:55,676 [INFO]     🔗❌ Link inactivo, descartada: Data Engineer Ingeniería · Buenos Aires → https://open.app.jobrapido.com/ar/3497352679703707648/?w=data%20engineer&l=&oc=sponsored&k=web.1.3.11&uuid=arF001a0a2650e138bbf&page_item_id=-771625790
2026-09-15 22:47:55,729 [INFO]     🔗❌ Link inactivo, descartada: Remote Data Engineer: Azure SQL & Cloud Pipelines → https://open.app.jobrapido.com/ar/3507466588951412736/?w=data%20engineer&l=&oc=sponsored&k=web.1.4.2&uuid=arF001a0a26583fc8c30&page_item_id=-1080227245
2026-09-15 22:47:55,744 [INFO]     🔗❌ Link inactivo, descartada: Senior Data Engineer - AWS & Databricks Lead → https://open.app.jobrapido.com/ar/3867210799101509632/?w=data%20engineer&l=&oc=sponsored&k=web.1.3.14&uuid=arF001a0a2650e138bbf&page_item_id=132681203
2026-09-15 22:47:55,745 [INFO]     🔗❌ Link inactivo, descartada: Remote Azure Data Engineer: ETL, Synapse & Warehousing → https://open.app.jobrapido.com/ar/1482552597385576448/?w=data%20engineer&l=&oc=sponsored&k=web.1.4.3&uuid=arF001a0a26583fc8c30&page_item_id=509274877
2026-09-15 22:47:55,769 [INFO]     🔗❌ Link inactivo, descartada: Data Analytics Engineer → https://open.app.jobrapido.com/ar/8274754393430032384/?w=data%20engineer&l=&oc=sponsored&k=web.1.4.4&uuid=arF001a0a26583fc8c30&page_item_id=27564338
2026-09-15 22:47:55,817 [INFO]     🔗❌ Link inactivo, descartada: Databricks Lakehouse Data Engineer (Remote, Flexible) → https://open.app.jobrapido.com/ar/5444945783788929024/?w=data%20engineer&l=&oc=sponsored&k=web.1.4.5&uuid=arF001a0a26583fc8c30&page_item_id=-928234567
2026-09-15 22:47:56,061 [INFO]     🔗❌ Link inactivo, descartada: Senior Data Engineer - AWS & Databricks | Autonomy & Mentors → https://open.app.jobrapido.com/ar/7700545234781863936/?w=data%20engineer&l=&oc=sponsored&k=web.1.4.6&uuid=arF001a0a26583fc8c30&page_item_id=1196887229
2026-09-15 22:47:56,081 [INFO]     🔗❌ Link inactivo, descartada: Data Engineer III - Senior Associate → https://open.app.jobrapido.com/ar/8336327542801694720/?w=data%20engineer&l=&oc=sponsored&k=web.1.3.10&uuid=arF001a0a2650e138bbf&page_item_id=-1686081924
2026-09-15 22:47:56,121 [INFO]     🔗❌ Link inactivo, descartada: Remote Senior Data Engineer: Data Warehouse & ELT Lead → https://open.app.jobrapido.com/ar/7718630706410160128/?w=data%20engineer&l=&oc=sponsored&k=web.1.3.13&uuid=arF001a0a2650e138bbf&page_item_id=1087853369
2026-09-15 22:47:56,133 [INFO]     🔗❌ Link inactivo, descartada: AWS Cloud Engineer - Data → https://open.app.jobrapido.com/ar/1996821518868283392/?w=data%20engineer&l=&oc=sponsored&k=web.1.4.10&uuid=arF001a0a26583fc8c30&page_item_id=-497352798
2026-09-15 22:47:56,137 [INFO]     🔗❌ Link inactivo, descartada: Data Platform & AI Engineer → https://open.app.jobrapido.com/ar/1417388030720737280/?w=data%20engineer&l=&oc=sponsored&k=web.1.4.8&uuid=arF001a0a26583fc8c30&page_item_id=1064533803
2026-09-15 22:47:56,166 [INFO]     🔗❌ Link inactivo, descartada: Lead Data Engineer - Snowflake, AWS & Medallion Architect → https://open.app.jobrapido.com/ar/7193045851772551168/?w=data%20engineer&l=&oc=sponsored&k=web.1.4.1&uuid=arF001a0a26583fc8c30&page_item_id=2112490399
2026-09-15 22:47:56,209 [INFO]     🔗❌ Link inactivo, descartada: Lead Backend Data Engineer — Scalable Java Systems → https://open.app.jobrapido.com/ar/2292421646583070720/?w=data%20engineer&l=&oc=sponsored&k=web.1.4.0&uuid=arF001a0a26583fc8c30&page_item_id=1422466127
2026-09-15 22:47:56,221 [INFO]     🔗❌ Link inactivo, descartada: Azure Data Engineer — Remote ETL & Data Warehousing → https://open.app.jobrapido.com/ar/7442505953280262144/?w=data%20engineer&l=&oc=sponsored&k=web.1.2.12&uuid=arF001a0a26360cb89aa&page_item_id=751624868
2026-09-15 22:47:56,456 [INFO]     🔗❌ Link inactivo, descartada: TTT - Data Engineer - EY Global Delivery Services → https://open.app.jobrapido.com/ar/1827487725939326976/?w=data%20engineer&l=&oc=sponsored&k=web.1.4.11&uuid=arF001a0a26583fc8c30&page_item_id=-2035576615
2026-09-15 22:47:56,487 [INFO]     🔗❌ Link inactivo, descartada: Data Engineer (Databricks) → https://open.app.jobrapido.com/ar/8307975243910086656/?w=data%20engineer&l=&oc=sponsored&k=web.1.4.12&uuid=arF001a0a26583fc8c30&page_item_id=413075896
2026-09-15 22:47:56,531 [INFO]     🔗❌ Link inactivo, descartada: Data Engineer Sr → https://open.app.jobrapido.com/ar/3303380394564386816/?w=data%20engineer&l=&oc=sponsored&k=web.1.4.13&uuid=arF001a0a26583fc8c30&page_item_id=1051809382
2026-09-15 22:47:56,537 [INFO]     🔗❌ Link inactivo, descartada: Data Engineer Senior → https://open.app.jobrapido.com/ar/5795302071603298304/?w=data%20engineer&l=&oc=sponsored&k=web.1.4.15&uuid=arF001a0a26583fc8c30&page_item_id=98894698
2026-09-15 22:47:56,558 [INFO]     🔗❌ Link inactivo, descartada: Sr Data Engineer → https://open.app.jobrapido.com/ar/9047010438331498496/?w=data%20engineer&l=&oc=sponsored&k=web.1.4.17&uuid=arF001a0a26583fc8c30&page_item_id=577866469
2026-09-15 22:47:56,627 [INFO]     🔗❌ Link inactivo, descartada: SR Data Engineer (AWS) → https://open.app.jobrapido.com/ar/5680848889746292736/?w=data%20engineer&l=&oc=sponsored&k=web.1.4.18&uuid=arF001a0a26583fc8c30&page_item_id=1332800468
2026-09-15 22:47:56,862 [INFO]     🔗❌ Link inactivo, descartada: Data Growth Engineer: AI-Driven Automation → https://open.app.jobrapido.com/ar/2702335404077481984/?w=data%20engineer&l=&oc=sponsored&k=web.1.4.7&uuid=arF001a0a26583fc8c30&page_item_id=-809144180
2026-09-15 22:47:56,878 [INFO]     🔗❌ Link inactivo, descartada: Senior Data Engineer AWS → https://open.app.jobrapido.com/ar/4604002044909453312/?w=data%20engineer&l=&oc=sponsored&k=web.1.4.19&uuid=arF001a0a26583fc8c30&page_item_id=35373233
2026-09-15 22:47:56,915 [INFO]     🔗❌ Link inactivo, descartada: Anuncios Google → https://open.app.jobrapido.com/ar/8070896210266816512/?w=data%20engineer&l=&oc=sponsored&k=web.1.5.0&uuid=arF001a0a26760918e26&page_item_id=85183296
2026-09-15 22:47:56,927 [INFO]     🔗❌ Link inactivo, descartada: Technical Lead - Smalltalk & Software Craftsmanship → https://open.app.jobrapido.com/ar/8718890519058448384/?w=software%20engineer&l=&oc=sponsored&k=web.1.1.4&uuid=arF001a0a267aac88e7b&page_item_id=-127176489
2026-09-15 22:47:56,967 [INFO]     🔗❌ Link inactivo, descartada: Technical Leader - Smalltalk - ID #00350 → https://open.app.jobrapido.com/ar/3566838516044267520/?w=software%20engineer&l=&oc=sponsored&k=web.1.1.5&uuid=arF001a0a267aac88e7b&page_item_id=-137768006
2026-09-15 22:47:57,271 [INFO]     🔗❌ Link inactivo, descartada: Lead Software Engineer – Java → https://open.app.jobrapido.com/ar/493919896862720000/?w=software%20engineer&l=&oc=sponsored&k=web.1.1.14&uuid=arF001a0a267aac88e7b&page_item_id=-1140282163
2026-09-15 22:47:57,282 [INFO]     🔗❌ Link inactivo, descartada: Data Engineer Semisenior → https://open.app.jobrapido.com/ar/9032827185009786880/?w=data%20engineer&l=&oc=sponsored&k=web.1.4.14&uuid=arF001a0a26583fc8c30&page_item_id=95257711
2026-09-15 22:47:57,328 [INFO]     🔗❌ Link inactivo, descartada: Senior Backend Software Engineer → https://open.app.jobrapido.com/ar/324574713680494592/?w=software%20engineer&l=&oc=sponsored&k=web.1.2.0&uuid=arF001a0a26898cc8fad&page_item_id=1790208812
2026-09-15 22:47:57,338 [INFO]     🔗❌ Link inactivo, descartada: Sr Software Engineer Android → https://open.app.jobrapido.com/ar/1420131947887198208/?w=software%20engineer&l=&oc=sponsored&k=web.1.2.1&uuid=arF001a0a26898cc8fad&page_item_id=510783878
2026-09-15 22:47:57,352 [INFO]     🔗❌ Link inactivo, descartada: Senior Data Engineer - Azure, ETL & Data Warehouse → https://open.app.jobrapido.com/ar/5871944354251145216/?w=data%20engineer&l=&oc=sponsored&k=web.1.4.16&uuid=arF001a0a26583fc8c30&page_item_id=1309752905
2026-09-15 22:47:57,368 [INFO]     🔗❌ Link inactivo, descartada: Anuncios Google → https://open.app.jobrapido.com/ar/2303581277288136704/?w=software%20engineer&l=&oc=sponsored&k=web.1.1.0&uuid=arF001a0a267aac88e7b&page_item_id=990907446
2026-09-15 22:47:57,678 [INFO]     🔗❌ Link inactivo, descartada: Delivery & Devops Engineer - ID #00346 → https://open.app.jobrapido.com/ar/7991653994936139776/?w=software%20engineer&l=&oc=sponsored&k=web.1.1.1&uuid=arF001a0a267aac88e7b&page_item_id=-1244755812
2026-09-15 22:47:57,740 [INFO]     🔗❌ Link inactivo, descartada: Staff Software Engineer - Insurance → https://open.app.jobrapido.com/ar/2094282435712778240/?w=software%20engineer&l=&oc=sponsored&k=web.1.2.6&uuid=arF001a0a26898cc8fad&page_item_id=-679874397
2026-09-15 22:47:57,742 [INFO]     🔗❌ Link inactivo, descartada: Senior, Java Software Engineer → https://open.app.jobrapido.com/ar/7540788806606127104/?w=software%20engineer&l=&oc=sponsored&k=web.1.2.3&uuid=arF001a0a26898cc8fad&page_item_id=692368381
2026-09-15 22:47:57,752 [INFO]     🔗❌ Link inactivo, descartada: Software Engineer → https://open.app.jobrapido.com/ar/4919217752121540608/?w=software%20engineer&l=&oc=sponsored&k=web.1.1.7&uuid=arF001a0a267aac88e7b&page_item_id=-1651603203
2026-09-15 22:47:57,765 [INFO]     🔗❌ Link inactivo, descartada: Software Engineer → https://open.app.jobrapido.com/ar/4541398739041910784/?w=software%20engineer&l=&oc=sponsored&k=web.1.1.11&uuid=arF001a0a267aac88e7b&page_item_id=-524029524
2026-09-15 22:47:57,784 [INFO]     🔗❌ Link inactivo, descartada: Software Engineer → https://open.app.jobrapido.com/ar/8268819985577541632/?w=software%20engineer&l=&oc=sponsored&k=web.1.1.10&uuid=arF001a0a267aac88e7b&page_item_id=1575068808
2026-09-15 22:47:58,036 [INFO]     🔗❌ Link inactivo, descartada: Sr Software Engineer → https://open.app.jobrapido.com/ar/1317242381359120384/?w=software%20engineer&l=&oc=sponsored&k=web.1.1.12&uuid=arF001a0a267aac88e7b&page_item_id=726368512
2026-09-15 22:47:58,094 [INFO]     🔗❌ Link inactivo, descartada: Staff Software Engineer (Payments) → https://open.app.jobrapido.com/ar/2161481236327956480/?w=software%20engineer&l=&oc=sponsored&k=web.1.2.8&uuid=arF001a0a26898cc8fad&page_item_id=2040452586
2026-09-15 22:47:58,134 [INFO]     🔗❌ Link inactivo, descartada: Software Defined Networking : Software Engineer III → https://open.app.jobrapido.com/ar/6409038810708967424/?w=software%20engineer&l=&oc=sponsored&k=web.1.2.10&uuid=arF001a0a26898cc8fad&page_item_id=1395535731
2026-09-15 22:47:58,161 [INFO]     🔗❌ Link inactivo, descartada: Software Engineer — Hybrid, Cloud & Impact → https://open.app.jobrapido.com/ar/3784382509416972288/?w=software%20engineer&l=&oc=sponsored&k=web.1.2.11&uuid=arF001a0a26898cc8fad&page_item_id=1222794510
2026-09-15 22:47:58,172 [INFO]     🔗❌ Link inactivo, descartada: Staff Software Engineer, Payments Infrastructure → https://open.app.jobrapido.com/ar/4897840222420598784/?w=software%20engineer&l=&oc=sponsored&k=web.1.2.13&uuid=arF001a0a26898cc8fad&page_item_id=439404905
2026-09-15 22:47:58,197 [INFO]     🔗❌ Link inactivo, descartada: Sr Software Engineer .NET / C# → https://open.app.jobrapido.com/ar/4331244546139619328/?w=software%20engineer&l=&oc=sponsored&k=web.1.2.14&uuid=arF001a0a26898cc8fad&page_item_id=131811468
2026-09-15 22:47:58,420 [INFO]     🔗❌ Link inactivo, descartada: Senior Software Engineer (C#) → https://open.app.jobrapido.com/ar/4533100930945515520/?w=software%20engineer&l=&oc=sponsored&k=web.1.2.2&uuid=arF001a0a26898cc8fad&page_item_id=1864192183
2026-09-15 22:47:58,427 [INFO]     🔗❌ Link inactivo, descartada: AWS Database SRE Software Engineer → https://open.app.jobrapido.com/ar/1378300461072777216/?w=software%20engineer&l=&oc=sponsored&k=web.1.2.15&uuid=arF001a0a26898cc8fad&page_item_id=1384399220
2026-09-15 22:47:58,507 [INFO]     🔗❌ Link inactivo, descartada: Software Engineer III - Smalltalk Developer → https://open.app.jobrapido.com/ar/5791544147017990144/?w=software%20engineer&l=&oc=sponsored&k=web.1.2.16&uuid=arF001a0a26898cc8fad&page_item_id=817758660
2026-09-15 22:47:58,587 [INFO]     🔗❌ Link inactivo, descartada: Full Stack Software Engineer ID85839 → https://open.app.jobrapido.com/ar/8330023888020832256/?w=software%20engineer&l=&oc=sponsored&k=web.1.2.19&uuid=arF001a0a26898cc8fad&page_item_id=607024908
2026-09-15 22:47:58,591 [INFO]     🔗❌ Link inactivo, descartada: Software Engineer, ML Inference Platform → https://open.app.jobrapido.com/ar/3523433559371022336/?w=software%20engineer&l=&oc=sponsored&k=web.1.3.1&uuid=arF001a0a26a28df914a&page_item_id=-67124262
2026-09-15 22:47:58,804 [INFO]     🔗❌ Link inactivo, descartada: Staff Software Engineer (Integrations Platform) → https://open.app.jobrapido.com/ar/1739682187634016256/?w=software%20engineer&l=&oc=sponsored&k=web.1.3.2&uuid=arF001a0a26a28df914a&page_item_id=-2056931405
2026-09-15 22:47:58,824 [INFO]     🔗❌ Link inactivo, descartada: Industrial Automation Software Engineer (C++, C#, Python) → https://open.app.jobrapido.com/ar/6581201320638676992/?w=software%20engineer&l=&oc=sponsored&k=web.1.3.3&uuid=arF001a0a26a28df914a&page_item_id=1334362729
2026-09-15 22:47:58,833 [INFO]     🔗❌ Link inactivo, descartada: Software Engineer, Argentina → https://open.app.jobrapido.com/ar/5624459078706135040/?w=software%20engineer&l=&oc=sponsored&k=web.1.2.9&uuid=arF001a0a26898cc8fad&page_item_id=-1492273585
2026-09-15 22:47:58,918 [INFO]     🔗❌ Link inactivo, descartada: Senior Security Software Engineer - Embedded & Crypto → https://open.app.jobrapido.com/ar/5708910367812354048/?w=software%20engineer&l=&oc=sponsored&k=web.1.3.4&uuid=arF001a0a26a28df914a&page_item_id=2034057826
2026-09-15 22:47:59,223 [INFO]     🔗❌ Link inactivo, descartada: Industrial Automation Software Engineer – Vision & ML → https://open.app.jobrapido.com/ar/3804723354271744000/?w=software%20engineer&l=&oc=sponsored&k=web.1.3.8&uuid=arF001a0a26a28df914a&page_item_id=-1733644138
2026-09-15 22:47:59,232 [INFO]     🔗❌ Link inactivo, descartada: Lead Software Engineer, Cloud Reliability & Secure Systems → https://open.app.jobrapido.com/ar/6813087294291968/?w=software%20engineer&l=&oc=sponsored&k=web.1.3.7&uuid=arF001a0a26a28df914a&page_item_id=1535956679
2026-09-15 22:47:59,276 [INFO]     🔗❌ Link inactivo, descartada: Product Lead / Senior Software Engineer → https://open.app.jobrapido.com/ar/7566223001637617664/?w=software%20engineer&l=&oc=sponsored&k=web.1.2.18&uuid=arF001a0a26898cc8fad&page_item_id=1829942960
2026-09-15 22:47:59,296 [INFO]     🔗❌ Link inactivo, descartada: AWS Database SRE Software Engineer → https://open.app.jobrapido.com/ar/4824797465964183552/?w=software%20engineer&l=&oc=sponsored&k=web.1.2.17&uuid=arF001a0a26898cc8fad&page_item_id=-1183578679
2026-09-15 22:47:59,349 [INFO]     🔗❌ Link inactivo, descartada: Full Stack Software Engineer ID85596 → https://open.app.jobrapido.com/ar/7251016915152273408/?w=software%20engineer&l=&oc=sponsored&k=web.1.3.0&uuid=arF001a0a26a28df914a&page_item_id=-76198336
2026-09-15 22:47:59,618 [INFO]     🔗❌ Link inactivo, descartada: Senior FP&A Data & Reporting Analyst → https://open.app.jobrapido.com/ar/2363485419548442624/?w=data%20analyst&l=&oc=sponsored&k=web.1.1.18&uuid=arF001a0a27fbda1a885&page_item_id=925892977
2026-09-15 22:47:59,665 [INFO]     🔗❌ Link inactivo, descartada: RPA Developer (UiPath)- Latin America- Remote → https://open.app.jobrapido.com/ar/3546771690102980608/?w=machine%20learning&l=&oc=sponsored&k=web.1.3.12&uuid=arF001a0a28d30b6b4d6&page_item_id=649739222
2026-09-15 22:47:59,700 [INFO]     🔗❌ Link inactivo, descartada: Senior, Python Backend Engineer → https://open.app.jobrapido.com/ar/7055537594708262912/?w=machine%20learning&l=&oc=sponsored&k=web.1.3.17&uuid=arF001a0a28d30b6b4d6&page_item_id=1216114235
2026-09-15 22:47:59,723 [INFO]     🔗❌ Link inactivo, descartada: Senior Software Engineer → https://open.app.jobrapido.com/ar/63955050187194368/?w=software%20engineer&l=&oc=sponsored&k=web.1.3.6&uuid=arF001a0a26a28df914a&page_item_id=-497580043
2026-09-15 22:47:59,764 [INFO]     🔗❌ Link inactivo, descartada: Software Engineer Sr → https://open.app.jobrapido.com/ar/6585641509368889344/?w=software%20engineer&l=&oc=sponsored&k=web.1.3.5&uuid=arF001a0a26a28df914a&page_item_id=1050232332
2026-09-15 22:47:59,967 [INFO]     🔗❌ Link inactivo, descartada: Generative AI Software Engineer - Production Systems → https://open.app.jobrapido.com/ar/60550068834402304/?w=software%20engineer&l=&oc=sponsored&k=web.1.3.9&uuid=arF001a0a26a28df914a&page_item_id=-1365729793
2026-09-15 22:48:00,068 [INFO]     🔗❌ Link inactivo, descartada: Salesforce AI & Automation Associate → https://open.app.jobrapido.com/ar/3794906072645369856/?w=nlp&l=&oc=sponsored&k=web.1.4.3&uuid=arF001a0a2928605b9af&page_item_id=546172817
2026-09-15 22:48:00,108 [INFO]     🔗❌ Link inactivo, descartada: Senior ML Engineer with Python (IR-536) → https://open.app.jobrapido.com/ar/3562889877731147776/?w=nlp&l=&oc=sponsored&k=web.1.4.5&uuid=arF001a0a2928605b9af&page_item_id=1043755155
2026-09-15 22:48:00,140 [INFO]     🔗❌ Link inactivo, descartada: Gerente de Modelos de Riesgo de Crédito - Fintech → https://open.app.jobrapido.com/ar/7033824439082942464/?w=machine%20learning&l=&oc=sponsored&k=web.1.3.6&uuid=arF001a0a28d30b6b4d6&page_item_id=767472057
2026-09-15 22:48:00,429 [INFO]     🔗❌ Link inactivo, descartada: Integrated Talent Insights Sr. Advisor → https://open.app.jobrapido.com/ar/7127848523097178112/?w=machine%20learning&l=&oc=sponsored&k=web.1.3.5&uuid=arF001a0a28d30b6b4d6&page_item_id=-1400618814
2026-09-15 22:48:00,443 [INFO]     🔗❌ Link inactivo, descartada: Senior Applied AI Engineer → https://open.app.jobrapido.com/ar/6450111308082708480/?w=nlp&l=&oc=sponsored&k=web.1.4.1&uuid=arF001a0a2928605b9af&page_item_id=-1604991793
2026-09-15 22:48:00,497 [INFO]     🔗❌ Link inactivo, descartada: Senior BI Developer → https://open.app.jobrapido.com/ar/7224676464841457664/?w=machine%20learning&l=&oc=sponsored&k=web.1.3.16&uuid=arF001a0a28d30b6b4d6&page_item_id=-1557906992
2026-09-15 22:48:00,504 [INFO]     🔗❌ Link inactivo, descartada: Senior Python Backend Developer / ML Engineer (IR-535) → https://open.app.jobrapido.com/ar/4185167279563997184/?w=nlp&l=&oc=sponsored&k=web.1.4.4&uuid=arF001a0a2928605b9af&page_item_id=-1102993276
2026-09-15 22:48:00,736 [INFO]     🔗❌ Link inactivo, descartada: Customer Experience Cloud & AI SME → https://open.app.jobrapido.com/ar/1517526670695727104/?w=nlp&l=&oc=sponsored&k=web.1.4.2&uuid=arF001a0a2928605b9af&page_item_id=-959323784
2026-09-15 22:48:00,898 [INFO]     🔗❌ Link inactivo, descartada: Data Intelligence Platform Engineer → https://open.app.jobrapido.com/ar/88007176282439680/?w=machine%20learning&l=&oc=sponsored&k=web.1.3.7&uuid=arF001a0a28d30b6b4d6&page_item_id=710671548
2026-09-15 22:48:01,152 [INFO]     🔗❌ Link inactivo, descartada: Senior NLP Scientist: Production-Grade LLMs → https://open.app.jobrapido.com/ar/1559528770791014400/?w=nlp&l=&oc=sponsored&k=web.1.4.6&uuid=arF001a0a2928605b9af&page_item_id=-1256152286
2026-09-15 22:48:03,568 [INFO]     🔗❌ Link inactivo, descartada: Lead Backend Data Engineer - Scalable Java & Data Systems → https://open.app.jobrapido.com/ar/3215757117491249152/?w=data%20engineer&l=&oc=sponsored&k=web.1.3.6&uuid=arF001a0a29a6987c3b7&page_item_id=-1763051353
2026-09-15 22:48:03,594 [INFO]     🔗❌ Link inactivo, descartada: Senior Data Engineer: Build Scalable AWS ETL & DSP Data → https://open.app.jobrapido.com/ar/3529885287444381696/?w=data%20engineer&l=&oc=sponsored&k=web.1.3.7&uuid=arF001a0a29a6987c3b7&page_item_id=295015320
2026-09-15 22:48:03,917 [INFO]     🔗❌ Link inactivo, descartada: Lead Backend Data Engineer: Scalable Java & Data Pipelines → https://open.app.jobrapido.com/ar/5913696865206927360/?w=data%20engineer&l=&oc=sponsored&k=web.1.3.5&uuid=arF001a0a29a6987c3b7&page_item_id=-562054871
2026-09-15 22:48:03,965 [INFO]     🔗❌ Link inactivo, descartada: Senior Data Engineer — Databricks + AI/ML (Remote) → https://open.app.jobrapido.com/ar/4333633784906776576/?w=data%20engineer&l=&oc=sponsored&k=web.1.3.9&uuid=arF001a0a29a6987c3b7&page_item_id=-1024004620
2026-09-15 22:48:03,992 [INFO]     🔗❌ Link inactivo, descartada: Data Engineer for AI & Agentic Solutions → https://open.app.jobrapido.com/ar/3194766237926162432/?w=data%20engineer&l=&oc=sponsored&k=web.1.3.8&uuid=arF001a0a29a6987c3b7&page_item_id=-1855455835
2026-09-15 22:48:04,165 [INFO]     🔗❌ Link inactivo, descartada: Remote Data Engineer — Python + AWS + DBT → https://open.app.jobrapido.com/ar/8548483070204837888/?w=data%20engineer&l=&oc=sponsored&k=web.1.3.13&uuid=arF001a0a29a6987c3b7&page_item_id=1802765987
2026-09-15 22:48:04,323 [INFO]     🔗❌ Link inactivo, descartada: Senior Analytics Engineer: Build Scalable Data & Insights → https://open.app.jobrapido.com/ar/7571289551218409472/?w=data%20engineer&l=&oc=sponsored&k=web.1.3.11&uuid=arF001a0a29a6987c3b7&page_item_id=949016496
2026-09-15 22:48:04,384 [INFO]     🔗❌ Link inactivo, descartada: Senior Analytics Engineer — Remote Data Product Lead → https://open.app.jobrapido.com/ar/7319642125946060800/?w=data%20engineer&l=&oc=sponsored&k=web.1.3.15&uuid=arF001a0a29a6987c3b7&page_item_id=-1157715616
2026-09-15 22:48:04,402 [INFO]     🔗❌ Link inactivo, descartada: AWS Data Engineer - Lakehouse & Time-Series ETL → https://open.app.jobrapido.com/ar/4401331815340572672/?w=data%20engineer&l=&oc=sponsored&k=web.1.3.18&uuid=arF001a0a29a6987c3b7&page_item_id=257837434
2026-09-15 22:48:04,543 [INFO]     🔗❌ Link inactivo, descartada: iOS Software Engineer IRC300022 → https://open.app.jobrapido.com/ar/1534548502263103488/?w=software%20engineer&l=&oc=sponsored&k=web.1.1.15&uuid=arF001a0a29e359bc9e0&page_item_id=-1690027525
2026-09-15 22:48:04,566 [INFO]     🔗❌ Link inactivo, descartada: Senior Data Engineer, Tax Technology & Analytics → https://open.app.jobrapido.com/ar/3374937367214292992/?w=data%20engineer&l=&oc=sponsored&k=web.1.3.10&uuid=arF001a0a29a6987c3b7&page_item_id=254507101
2026-09-15 22:48:04,699 [INFO]     🔗❌ Link inactivo, descartada: Sr Software Engineer → https://open.app.jobrapido.com/ar/1084181100642697216/?w=software%20engineer&l=&oc=sponsored&k=web.1.1.18&uuid=arF001a0a29e359bc9e0&page_item_id=-1631887657
2026-09-15 22:48:04,713 [INFO]     🔗❌ Link inactivo, descartada: Software Security Engineer → https://open.app.jobrapido.com/ar/3926943331648536576/?w=software%20engineer&l=&oc=sponsored&k=web.1.3.7&uuid=arF001a0a2a14638cef9&page_item_id=1388457581
2026-09-15 22:48:04,890 [INFO]     🔗❌ Link inactivo, descartada: Senior Data & Insight Engineer — 100% Remote → https://open.app.jobrapido.com/ar/5408286296592351232/?w=data%20engineer&l=&oc=sponsored&k=web.1.3.12&uuid=arF001a0a29a6987c3b7&page_item_id=-1075905380
2026-09-15 22:48:04,937 [INFO]     🔗❌ Link inactivo, descartada: SR Java Software Engineer → https://open.app.jobrapido.com/ar/7600644673434025984/?w=software%20engineer&l=&oc=sponsored&k=web.1.3.11&uuid=arF001a0a2a14638cef9&page_item_id=763124475
2026-09-15 22:48:04,958 [INFO]     🔗❌ Link inactivo, descartada: Senior Software Engineer III: Secure, Scalable Systems → https://open.app.jobrapido.com/ar/6193949047548542976/?w=software%20engineer&l=&oc=sponsored&k=web.1.3.15&uuid=arF001a0a2a14638cef9&page_item_id=1783652165
2026-09-15 22:48:05,102 [INFO]     🔗❌ Link inactivo, descartada: Sr Software Engineer → https://open.app.jobrapido.com/ar/973305386025091072/?w=software%20engineer&l=&oc=sponsored&k=web.1.1.17&uuid=arF001a0a29e359bc9e0&page_item_id=1241648849
2026-09-15 22:48:05,109 [INFO]     🔗❌ Link inactivo, descartada: Staff Software Engineer — AI-Driven Insurance Platform → https://open.app.jobrapido.com/ar/4265834393244794880/?w=software%20engineer&l=&oc=sponsored&k=web.1.3.16&uuid=arF001a0a2a14638cef9&page_item_id=-1102164534
2026-09-15 22:48:05,307 [INFO]     🔗❌ Link inactivo, descartada: Senior Software Engineer - AI/ML & Platform Delivery → https://open.app.jobrapido.com/ar/6236664954028556288/?w=software%20engineer&l=&oc=sponsored&k=web.1.3.18&uuid=arF001a0a2a14638cef9&page_item_id=1776018734
2026-09-15 22:48:05,345 [INFO]     🔗❌ Link inactivo, descartada: Senior Software Engineer ID87667 → https://open.app.jobrapido.com/ar/43900164254990336/?w=software%20engineer&l=&oc=sponsored&k=web.1.4.3&uuid=arF001a0a2a32695d19a&page_item_id=1447225667
2026-09-15 22:48:05,351 [INFO]     🔗❌ Link inactivo, descartada: Senior Software Engineer - AI-Driven eDiscovery → https://open.app.jobrapido.com/ar/2037414251215192064/?w=software%20engineer&l=&oc=sponsored&k=web.1.3.14&uuid=arF001a0a2a14638cef9&page_item_id=77086240
2026-09-15 22:48:05,460 [INFO]     🔗❌ Link inactivo, descartada: Software Engineer → https://open.app.jobrapido.com/ar/5959167993207324672/?w=software%20engineer&l=&oc=sponsored&k=web.1.2.1&uuid=arF001a0a29f7753cbbf&page_item_id=-277042638
2026-09-15 22:48:05,486 [INFO]     🔗❌ Link inactivo, descartada: Software Engineer - AI → https://open.app.jobrapido.com/ar/6032141497611059200/?w=software%20engineer&l=&oc=sponsored&k=web.1.4.4&uuid=arF001a0a2a32695d19a&page_item_id=-256940880
2026-09-15 22:48:05,506 [INFO]     🔗❌ Link inactivo, descartada: Software Engineer II - C#/.Net - Neovest → https://open.app.jobrapido.com/ar/1317369237513175040/?w=software%20engineer&l=&oc=sponsored&k=web.1.4.5&uuid=arF001a0a2a32695d19a&page_item_id=-1295933215
2026-09-15 22:48:05,518 [INFO]     🔗❌ Link inactivo, descartada: Software Engineer III: Data & AI Pipelines → https://open.app.jobrapido.com/ar/1578599696895574016/?w=data%20engineer&l=&oc=sponsored&k=web.1.3.14&uuid=arF001a0a29a6987c3b7&page_item_id=128143132
2026-09-15 22:48:05,580 [INFO]     🔗❌ Link inactivo, descartada: Data Engineer — Remote, Scalable Pipelines & Analytics → https://open.app.jobrapido.com/ar/988152795909586944/?w=data%20engineer&l=&oc=sponsored&k=web.1.3.16&uuid=arF001a0a29a6987c3b7&page_item_id=35854608
2026-09-15 22:48:05,749 [INFO]     🔗❌ Link inactivo, descartada: Staff Software Engineer — AI-First SaaS Platform → https://open.app.jobrapido.com/ar/3777127313221615616/?w=software%20engineer&l=&oc=sponsored&k=web.1.3.17&uuid=arF001a0a2a14638cef9&page_item_id=-709830676
2026-09-15 22:48:05,753 [INFO]     🔗❌ Link inactivo, descartada: Software Engineer II - Python → https://open.app.jobrapido.com/ar/4845703940831969280/?w=software%20engineer&l=&oc=sponsored&k=web.1.4.2&uuid=arF001a0a2a32695d19a&page_item_id=1348911915
2026-09-15 22:48:05,887 [INFO]     🔗❌ Link inactivo, descartada: Software Engineer Backend - Personal Banker IT → https://open.app.jobrapido.com/ar/6978514606159298560/?w=software%20engineer&l=&oc=sponsored&k=web.1.4.9&uuid=arF001a0a2a32695d19a&page_item_id=-255270778
2026-09-15 22:48:06,288 [INFO]     🔗❌ Link inactivo, descartada: Software Engineer I Full Stack - Buenos Aires → https://open.app.jobrapido.com/ar/8178876635890581504/?w=software%20engineer&l=&oc=sponsored&k=web.1.4.14&uuid=arF001a0a2a32695d19a&page_item_id=-1210512116
2026-09-15 22:48:06,289 [INFO]     🔗❌ Link inactivo, descartada: Software Engineer – Backend NET – ID #00061 → https://open.app.jobrapido.com/ar/4524449904738697216/?w=software%20engineer&l=&oc=sponsored&k=web.1.4.15&uuid=arF001a0a2a32695d19a&page_item_id=-1746260224
2026-09-15 22:48:06,453 [INFO]     🔗❌ Link inactivo, descartada: Senior Software Engineer (Payments) → https://open.app.jobrapido.com/ar/3529054898467373056/?w=software%20engineer&l=&oc=sponsored&k=web.1.4.7&uuid=arF001a0a2a32695d19a&page_item_id=909872254
2026-09-15 22:48:06,603 [INFO]     🔗❌ Link inactivo, descartada: Team Lead Software Engineer → https://open.app.jobrapido.com/ar/4915051066908737536/?w=software%20engineer&l=&oc=sponsored&k=web.1.3.19&uuid=arF001a0a2a14638cef9&page_item_id=-2032607254
2026-09-15 22:48:06,678 [INFO]     🔗❌ Link inactivo, descartada: Back-End Software Engineer → https://open.app.jobrapido.com/ar/5618728681800204288/?w=software%20engineer&l=&oc=sponsored&k=web.1.4.11&uuid=arF001a0a2a32695d19a&page_item_id=185279814
2026-09-15 22:48:06,688 [INFO]     🔗❌ Link inactivo, descartada: Sr Software Engineer iOS → https://open.app.jobrapido.com/ar/7574512477497458688/?w=software%20engineer&l=&oc=sponsored&k=web.1.4.10&uuid=arF001a0a2a32695d19a&page_item_id=2026223793
2026-09-15 22:48:06,692 [INFO]     🔗❌ Link inactivo, descartada: Staff Software Engineer - R2 → https://open.app.jobrapido.com/ar/235988247241555968/?w=software%20engineer&l=&oc=sponsored&k=web.1.4.18&uuid=arF001a0a2a32695d19a&page_item_id=1722752553
2026-09-15 22:48:06,696 [INFO]     🔗❌ Link inactivo, descartada: Fullstack Software Engineer → https://open.app.jobrapido.com/ar/7691434543995158528/?w=software%20engineer&l=&oc=sponsored&k=web.1.4.12&uuid=arF001a0a2a32695d19a&page_item_id=-49626889
2026-09-15 22:48:06,731 [INFO]     🔗❌ Link inactivo, descartada: Senior Software Engineer (EU) → https://open.app.jobrapido.com/ar/6672666652116516864/?w=software%20engineer&l=&oc=sponsored&k=web.1.4.6&uuid=arF001a0a2a32695d19a&page_item_id=537387674
2026-09-15 22:48:06,856 [INFO]     🔗❌ Link inactivo, descartada: Ingeniería de Datos Junior: ETL, Lakehouse y Power BI → https://open.app.jobrapido.com/ar/91395630601076736/?w=python&l=&oc=sponsored&k=web.1.1.3&uuid=arF001a0a2a514c1d4b9&page_item_id=-944944040
2026-09-15 22:48:07,000 [INFO]     🔗❌ Link inactivo, descartada: Administrador de Sistemas → https://open.app.jobrapido.com/ar/2648909180601106432/?w=python&l=&oc=sponsored&k=web.1.1.2&uuid=arF001a0a2a514c1d4b9&page_item_id=722257475
2026-09-15 22:48:07,013 [INFO]     🔗❌ Link inactivo, descartada: Senior Software Engineer - AI → https://open.app.jobrapido.com/ar/1353584642271215616/?w=software%20engineer&l=&oc=sponsored&k=web.1.4.17&uuid=arF001a0a2a32695d19a&page_item_id=-804314981
2026-09-15 22:48:07,084 [INFO]     🔗❌ Link inactivo, descartada: Líder de Business Analytics Translator → https://open.app.jobrapido.com/ar/7436087399534297088/?w=python&l=&oc=sponsored&k=web.1.1.7&uuid=arF001a0a2a514c1d4b9&page_item_id=-1219829321
2026-09-15 22:48:07,096 [INFO]     🔗❌ Link inactivo, descartada: BackEnd Developer ( Python) → https://open.app.jobrapido.com/ar/8318395238297108480/?w=python&l=&oc=sponsored&k=web.1.1.14&uuid=arF001a0a2a514c1d4b9&page_item_id=-871990007
2026-09-15 22:48:07,116 [INFO]     🔗❌ Link inactivo, descartada: Desarrollador Java y Python - Automatización e Infraestructu → https://open.app.jobrapido.com/ar/8570929497006669824/?w=python&l=&oc=sponsored&k=web.1.1.15&uuid=arF001a0a2a514c1d4b9&page_item_id=1075509446
2026-09-15 22:48:07,524 [INFO]     🔗❌ Link inactivo, descartada: Pasante de Ciencia de Datos → https://open.app.jobrapido.com/ar/1747493169777344512/?w=python&l=&oc=sponsored&k=web.1.1.1&uuid=arF001a0a2a514c1d4b9&page_item_id=-1624047998
2026-09-15 22:48:07,528 [INFO]     🔗❌ Link inactivo, descartada: Data Solutions Manager - Experience & Analytics Lead → https://open.app.jobrapido.com/ar/3933029334666706944/?w=python&l=&oc=sponsored&k=web.1.2.0&uuid=arF001a0a2a69aa1d7b2&page_item_id=-242551463
2026-09-15 22:48:07,532 [INFO]     🔗❌ Link inactivo, descartada: CX Operations Sr. Manager → https://open.app.jobrapido.com/ar/3705113356051415040/?w=python&l=&oc=sponsored&k=web.1.1.19&uuid=arF001a0a2a514c1d4b9&page_item_id=-1883536384
2026-09-15 22:48:07,534 [INFO]     🔗❌ Link inactivo, descartada: Data Solutions Manager → https://open.app.jobrapido.com/ar/4711725459690225664/?w=python&l=&oc=sponsored&k=web.1.2.1&uuid=arF001a0a2a69aa1d7b2&page_item_id=-1137957939
2026-09-15 22:48:07,768 [INFO]     🔗❌ Link inactivo, descartada: Sr Software Engineer Backend → https://open.app.jobrapido.com/ar/4649680705729593344/?w=software%20engineer&l=&oc=sponsored&k=web.1.4.13&uuid=arF001a0a2a32695d19a&page_item_id=-1031762639
2026-09-15 22:48:07,867 [INFO]     🔗❌ Link inactivo, descartada: Sr Lead Software Engineer - Networking Infrastructure Develo → https://open.app.jobrapido.com/ar/7207025592363909120/?w=software%20engineer&l=&oc=sponsored&k=web.1.4.16&uuid=arF001a0a2a32695d19a&page_item_id=-663127036
2026-09-15 22:48:07,918 [INFO]     🔗❌ Link inactivo, descartada: Desarrollador/a Fullstack Sr → https://open.app.jobrapido.com/ar/3406803859887095808/?w=python&l=&oc=sponsored&k=web.1.2.4&uuid=arF001a0a2a69aa1d7b2&page_item_id=1889328895
2026-09-15 22:48:07,925 [INFO]     🔗❌ Link inactivo, descartada: Python Developer (Oil & Gas Industry) → https://open.app.jobrapido.com/ar/3553506937557483520/?w=python&l=&oc=sponsored&k=web.1.2.14&uuid=arF001a0a2a69aa1d7b2&page_item_id=1603049002
2026-09-15 22:48:07,933 [INFO]     🔗❌ Link inactivo, descartada: Big Data Software Engineer - Python → https://open.app.jobrapido.com/ar/6036392742139985920/?w=python&l=&oc=sponsored&k=web.1.2.15&uuid=arF001a0a2a69aa1d7b2&page_item_id=837250446
2026-09-15 22:48:07,937 [INFO]     🔗❌ Link inactivo, descartada: Desarrollador Java Ssr - Aprendé Python y Automatización → https://open.app.jobrapido.com/ar/5622950806450864128/?w=python&l=&oc=sponsored&k=web.1.1.16&uuid=arF001a0a2a514c1d4b9&page_item_id=1692902568
2026-09-15 22:48:08,000 [INFO]     🔗❌ Link inactivo, descartada: Senior Full Stack Engineer - Remote (Argentina) → https://open.app.jobrapido.com/ar/1138471789366607872/?w=python&l=&oc=sponsored&k=web.1.1.17&uuid=arF001a0a2a514c1d4b9&page_item_id=770660093
2026-09-15 22:48:08,174 [INFO]     🔗❌ Link inactivo, descartada: Desarrollador Python y datos → https://open.app.jobrapido.com/ar/4469198543499821056/?w=python&l=&oc=sponsored&k=web.1.2.16&uuid=arF001a0a2a69aa1d7b2&page_item_id=-221950745
2026-09-15 22:48:08,275 [INFO]     🔗❌ Link inactivo, descartada: Senior Python Developer → https://open.app.jobrapido.com/ar/1802399610782613504/?w=python&l=&oc=sponsored&k=web.1.2.17&uuid=arF001a0a2a69aa1d7b2&page_item_id=-1986733159
2026-09-15 22:48:08,309 [INFO]     🔗❌ Link inactivo, descartada: Detection Researcher: Coding-Focused Security Analysis → https://open.app.jobrapido.com/ar/8799177682752372736/?w=python&l=&oc=sponsored&k=web.1.2.2&uuid=arF001a0a2a69aa1d7b2&page_item_id=796605923
2026-09-15 22:48:08,326 [INFO]     🔗❌ Link inactivo, descartada: Data Developer (Python & Databricks) → https://open.app.jobrapido.com/ar/244911883612585984/?w=python&l=&oc=sponsored&k=web.1.3.10&uuid=arF001a0a2a820a7da4d&page_item_id=-1502357265
2026-09-15 22:48:08,333 [INFO]     🔗❌ Link inactivo, descartada: Software Engineer - Backend, Python → https://open.app.jobrapido.com/ar/8195827256900190208/?w=python&l=&oc=sponsored&k=web.1.3.12&uuid=arF001a0a2a820a7da4d&page_item_id=-855658566
2026-09-15 22:48:08,341 [INFO]     🔗❌ Link inactivo, descartada: Python Developer (Oil & Gas Industry) → https://open.app.jobrapido.com/ar/7557778752336297984/?w=python&l=&oc=sponsored&k=web.1.2.13&uuid=arF001a0a2a69aa1d7b2&page_item_id=-1295037806
2026-09-15 22:48:08,352 [INFO]     🔗❌ Link inactivo, descartada: Backend Engineer - Python → https://open.app.jobrapido.com/ar/8438662938289504256/?w=python&l=&oc=sponsored&k=web.1.3.11&uuid=arF001a0a2a820a7da4d&page_item_id=-1911205172
2026-09-15 22:48:08,402 [INFO]     🔗❌ Link inactivo, descartada: Fullstack Python Developer → https://open.app.jobrapido.com/ar/3525023350105571328/?w=python&l=&oc=sponsored&k=web.1.3.14&uuid=arF001a0a2a820a7da4d&page_item_id=-90572341
2026-09-15 22:48:08,565 [INFO]     🔗❌ Link inactivo, descartada: Desarrollador Python → https://open.app.jobrapido.com/ar/3857928979637862400/?w=python&l=&oc=sponsored&k=web.1.2.5&uuid=arF001a0a2a69aa1d7b2&page_item_id=-190732660
2026-09-15 22:48:08,672 [INFO]     🔗❌ Link inactivo, descartada: Senior Backend Python Engineer → https://open.app.jobrapido.com/ar/2755674328048599040/?w=python&l=&oc=sponsored&k=web.1.2.19&uuid=arF001a0a2a69aa1d7b2&page_item_id=397796093
2026-09-15 22:48:08,727 [INFO]     🔗❌ Link inactivo, descartada: Backend Python Engineer - AI & GCP at Scale → https://open.app.jobrapido.com/ar/3958828704997572608/?w=python&l=&oc=sponsored&k=web.1.4.3&uuid=arF001a0a2a8a770db31&page_item_id=2070340062
2026-09-15 22:48:08,734 [INFO]     🔗❌ Link inactivo, descartada: Remote Fullstack PWA Engineer - React, TS, Python → https://open.app.jobrapido.com/ar/5397306573477380096/?w=python&l=&oc=sponsored&k=web.1.4.1&uuid=arF001a0a2a8a770db31&page_item_id=1476200519
2026-09-15 22:48:08,739 [INFO]     🔗❌ Link inactivo, descartada: AI Engineer — Vertex AI, LLMs & Python → https://open.app.jobrapido.com/ar/4414820366292090880/?w=python&l=&oc=sponsored&k=web.1.4.2&uuid=arF001a0a2a8a770db31&page_item_id=990276524
2026-09-15 22:48:08,817 [INFO]     🔗❌ Link inactivo, descartada: Forward-Deployed AI Engineer (Python/Node) → https://open.app.jobrapido.com/ar/5049827913751330816/?w=python&l=&oc=sponsored&k=web.1.4.7&uuid=arF001a0a2a8a770db31&page_item_id=2024954289
2026-09-15 22:48:08,957 [INFO]     🔗❌ Link inactivo, descartada: Senior Python Engineer: Innovate & Architect → https://open.app.jobrapido.com/ar/462103552228065280/?w=python&l=&oc=sponsored&k=web.1.4.9&uuid=arF001a0a2a8a770db31&page_item_id=1081662750
2026-09-15 22:48:09,057 [INFO]     🔗❌ Link inactivo, descartada: Python Backend Developer → https://open.app.jobrapido.com/ar/8117333774628290560/?w=python&l=&oc=sponsored&k=web.1.3.13&uuid=arF001a0a2a820a7da4d&page_item_id=-1087260223
2026-09-15 22:48:09,133 [INFO]     🔗❌ Link inactivo, descartada: Python Automation Engineer – AI Integrations → https://open.app.jobrapido.com/ar/304254725186912256/?w=python&l=&oc=sponsored&k=web.1.4.14&uuid=arF001a0a2a8a770db31&page_item_id=2034863627
2026-09-15 22:48:09,141 [INFO]     🔗❌ Link inactivo, descartada: Senior Python Dev. (AI Engineer) → https://open.app.jobrapido.com/ar/4696546289351917568/?w=python&l=&oc=sponsored&k=web.1.4.13&uuid=arF001a0a2a8a770db31&page_item_id=209919468
2026-09-15 22:48:09,360 [INFO]     🔗❌ Link inactivo, descartada: Software Engineering - Sr Python Developer → https://open.app.jobrapido.com/ar/3280915465043443712/?w=python&l=&oc=sponsored&k=web.1.4.12&uuid=arF001a0a2a8a770db31&page_item_id=-480729216
2026-09-15 22:48:09,457 [INFO]     🔗❌ Link inactivo, descartada: Senior Full-Stack Engineer: React & Python, Remote → https://open.app.jobrapido.com/ar/30986142488723456/?w=python&l=&oc=sponsored&k=web.1.4.4&uuid=arF001a0a2a8a770db31&page_item_id=-1180986823
2026-09-15 22:48:09,484 [INFO]     🔗❌ Link inactivo, descartada: SR FS Engineer (Node.Js, Python) (Latam based) → https://open.app.jobrapido.com/ar/4117158379397316608/?w=python&l=&oc=sponsored&k=web.1.4.8&uuid=arF001a0a2a8a770db31&page_item_id=-1927112902
2026-09-15 22:48:09,521 [INFO]     🔗❌ Link inactivo, descartada: AI-Driven Trading Fullstack Engineer (Python/React) - Remote → https://open.app.jobrapido.com/ar/6718005770002104320/?w=python&l=&oc=sponsored&k=web.1.4.16&uuid=arF001a0a2a8a770db31&page_item_id=908967935
2026-09-15 22:48:09,528 [INFO]     🔗❌ Link inactivo, descartada: Senior Cloud Software Lead — Java/Python/React on AWS → https://open.app.jobrapido.com/ar/8240496308347994112/?w=python&l=&oc=sponsored&k=web.1.4.18&uuid=arF001a0a2a8a770db31&page_item_id=440897887
2026-09-15 22:48:09,780 [INFO]     🔗❌ Link inactivo, descartada: Programador Java Sr → https://open.app.jobrapido.com/ar/47304252254584832/?w=desarrollador%20backend&l=&oc=sponsored&k=web.1.1.5&uuid=arF001a0a2aa88e2de4c&page_item_id=-1305675575
2026-09-15 22:48:09,849 [INFO]     🔗❌ Link inactivo, descartada: Desarrollador Backend .NET Senior → https://open.app.jobrapido.com/ar/3485355616275267584/?w=desarrollador%20backend&l=&oc=sponsored&k=web.1.1.2&uuid=arF001a0a2aa88e2de4c&page_item_id=1247120576
2026-09-15 22:48:09,870 [INFO]     🔗❌ Link inactivo, descartada: Senior Dev with Python y React → https://open.app.jobrapido.com/ar/2104323382056058880/?w=python&l=&oc=sponsored&k=web.1.4.10&uuid=arF001a0a2a8a770db31&page_item_id=5391960
2026-09-15 22:48:09,888 [INFO]     🔗❌ Link inactivo, descartada: Automation QA Teaching Experts (Python) → https://open.app.jobrapido.com/ar/7391972759644930048/?w=python&l=&oc=sponsored&k=web.1.4.19&uuid=arF001a0a2a8a770db31&page_item_id=582571220
2026-09-15 22:48:09,912 [INFO]     🔗❌ Link inactivo, descartada: Desarrollador .NET Senior — Backend, APIs y Nube → https://open.app.jobrapido.com/ar/3649678728558018560/?w=desarrollador%20backend&l=&oc=sponsored&k=web.1.1.11&uuid=arF001a0a2aa88e2de4c&page_item_id=736412506
2026-09-15 22:48:09,922 [INFO]     🔗❌ Link inactivo, descartada: Desarrollador/a Backend Java SSR → https://open.app.jobrapido.com/ar/7160532055988633600/?w=desarrollador%20backend&l=&oc=sponsored&k=web.1.1.10&uuid=arF001a0a2aa88e2de4c&page_item_id=-508916554
2026-09-15 22:48:09,929 [INFO]     🔗❌ Link inactivo, descartada: Senior Python Engineer - Real-Time AI Voice on AWS (Remote) → https://open.app.jobrapido.com/ar/1922508981100609536/?w=python&l=&oc=sponsored&k=web.1.4.15&uuid=arF001a0a2a8a770db31&page_item_id=549525998
2026-09-15 22:48:10,181 [INFO]     🔗❌ Link inactivo, descartada: Desarrollador Backend (SR) – Node.js / Java Spring Boot (Híb → https://open.app.jobrapido.com/ar/2081354584151818240/?w=desarrollador%20backend&l=&oc=sponsored&k=web.1.1.16&uuid=arF001a0a2aa88e2de4c&page_item_id=1158039973
2026-09-15 22:48:10,185 [INFO]     🔗❌ Link inactivo, descartada: Senior Full-Stack Engineer - Python/Django + React (Remote) → https://open.app.jobrapido.com/ar/2143171601766547456/?w=python&l=&oc=sponsored&k=web.1.4.17&uuid=arF001a0a2a8a770db31&page_item_id=1393921574
2026-09-15 22:48:10,258 [INFO]     🔗❌ Link inactivo, descartada: Desarrollador Senior .Net → https://open.app.jobrapido.com/ar/4688023974725025792/?w=desarrollador%20backend&l=&oc=sponsored&k=web.1.2.8&uuid=arF001a0a2ac78cae0dd&page_item_id=841345008
2026-09-15 22:48:10,272 [INFO]     🔗❌ Link inactivo, descartada: Desarrollador Backend Senior → https://open.app.jobrapido.com/ar/2842862043898314752/?w=desarrollador%20backend&l=&oc=sponsored&k=web.1.1.7&uuid=arF001a0a2aa88e2de4c&page_item_id=545877934
2026-09-15 22:48:10,290 [INFO]     🔗❌ Link inactivo, descartada: Desarrollador Backend (SSR) – Computer Vision & AI / Python  → https://open.app.jobrapido.com/ar/1583190604618137600/?w=desarrollador%20backend&l=&oc=sponsored&k=web.1.1.15&uuid=arF001a0a2aa88e2de4c&page_item_id=11260888
2026-09-15 22:48:10,294 [INFO]     🔗❌ Link inactivo, descartada: Desarrollador Backend – Golang / Microservicios / APIs REST  → https://open.app.jobrapido.com/ar/1864759589572968448/?w=desarrollador%20backend&l=&oc=sponsored&k=web.1.1.14&uuid=arF001a0a2aa88e2de4c&page_item_id=806572681
2026-09-15 22:48:10,320 [INFO]     🔗❌ Link inactivo, descartada: DESARROLLADOR FrontEnd → https://open.app.jobrapido.com/ar/7601478472615067648/?w=desarrollador%20backend&l=&oc=sponsored&k=web.1.3.5&uuid=arF001a0a2ad6dace1eb&page_item_id=289352774
2026-09-15 22:48:10,592 [INFO]     🔗❌ Link inactivo, descartada: Desarrollador .Net → https://open.app.jobrapido.com/ar/2286227788346163200/?w=desarrollador%20backend&l=&oc=sponsored&k=web.1.2.14&uuid=arF001a0a2ac78cae0dd&page_item_id=-1573981066
2026-09-15 22:48:10,596 [INFO]     🔗❌ Link inactivo, descartada: Desarrollador Backend (SSR) – Computer Vision & AI / Python  → https://open.app.jobrapido.com/ar/6071978521872302080/?w=desarrollador%20backend&l=&oc=sponsored&k=web.1.1.13&uuid=arF001a0a2aa88e2de4c&page_item_id=188180723
2026-09-15 22:48:10,669 [INFO]     🔗❌ Link inactivo, descartada: AI FullStack SR → https://open.app.jobrapido.com/ar/60788662857629696/?w=desarrollador%20backend&l=&oc=sponsored&k=web.1.3.2&uuid=arF001a0a2ad6dace1eb&page_item_id=-1564542621
2026-09-15 22:48:10,676 [INFO]     🔗❌ Link inactivo, descartada: Desarrollador/a Frontend SSr. → https://open.app.jobrapido.com/ar/3626266483870400512/?w=desarrollador%20backend&l=&oc=sponsored&k=web.1.3.4&uuid=arF001a0a2ad6dace1eb&page_item_id=2122932075
2026-09-15 22:48:10,692 [INFO]     🔗❌ Link inactivo, descartada: Desarrollador/a Backend GO SSR ID #00267 → https://open.app.jobrapido.com/ar/8100493551458058240/?w=desarrollador%20backend&l=&oc=sponsored&k=web.1.1.17&uuid=arF001a0a2aa88e2de4c&page_item_id=1944061738
2026-09-15 22:48:10,696 [INFO]     🔗❌ Link inactivo, descartada: Desarrollador Fullstack Senior → https://open.app.jobrapido.com/ar/4738089137184178176/?w=desarrollador%20backend&l=&oc=sponsored&k=web.1.3.6&uuid=arF001a0a2ad6dace1eb&page_item_id=1330880
2026-09-15 22:48:10,720 [INFO]     🔗❌ Link inactivo, descartada: Desarrollador .Net → https://open.app.jobrapido.com/ar/444378582974726144/?w=desarrollador%20backend&l=&oc=sponsored&k=web.1.3.14&uuid=arF001a0a2ad6dace1eb&page_item_id=1881156806
2026-09-15 22:48:10,986 [INFO]     🔗❌ Link inactivo, descartada: Desarrollador Fullstack (Senior) – React / Python (Híbrido) → https://open.app.jobrapido.com/ar/9213799652116135936/?w=desarrollador%20backend&l=&oc=sponsored&k=web.1.3.19&uuid=arF001a0a2ad6dace1eb&page_item_id=376819663
2026-09-15 22:48:10,992 [INFO]     🔗❌ Link inactivo, descartada: Fullstack Developer SR – Node.js / React / TypeScript (Híbri → https://open.app.jobrapido.com/ar/742941069892648960/?w=desarrollador%20backend&l=&oc=sponsored&k=web.1.3.15&uuid=arF001a0a2ad6dace1eb&page_item_id=-771326543
2026-09-15 22:48:11,049 [INFO]     🔗❌ Link inactivo, descartada: Senior Software Engineer- Backend, Python → https://open.app.jobrapido.com/ar/2313711627670650880/?w=python&l=&oc=sponsored&k=web.1.4.11&uuid=arF001a0a2a8a770db31&page_item_id=692730731
2026-09-15 22:48:11,092 [INFO]     🔗❌ Link inactivo, descartada: Dev backend.net SR → https://open.app.jobrapido.com/ar/2821100612840587264/?w=desarrollador%20backend&l=&oc=sponsored&k=web.1.3.13&uuid=arF001a0a2ad6dace1eb&page_item_id=-1309800158
2026-09-15 22:48:11,106 [INFO]     🔗❌ Link inactivo, descartada: Desarrollador Fullstack (SR)– Node.js / Java Spring Boot / R → https://open.app.jobrapido.com/ar/1663264188178366464/?w=desarrollador%20backend&l=&oc=sponsored&k=web.1.4.1&uuid=arF001a0a2af6219e536&page_item_id=703788346
2026-09-15 22:48:11,128 [INFO]     🔗❌ Link inactivo, descartada: Desarrollador Fullstack (Senior) – React / Java (Híbrido, CA → https://open.app.jobrapido.com/ar/1926943569193467904/?w=desarrollador%20backend&l=&oc=sponsored&k=web.1.4.3&uuid=arF001a0a2af6219e536&page_item_id=1008958856
2026-09-15 22:48:11,409 [INFO]     🔗❌ Link inactivo, descartada: Developer Java SR (IB-S) → https://open.app.jobrapido.com/ar/240210818568814592/?w=desarrollador%20backend&l=&oc=sponsored&k=web.1.4.4&uuid=arF001a0a2af6219e536&page_item_id=-15721819
2026-09-15 22:48:11,418 [INFO]     🔗❌ Link inactivo, descartada: Desarrollador Java Fullstack SR – Spring Boot / REST APIs (R → https://open.app.jobrapido.com/ar/7999779935621218304/?w=desarrollador%20backend&l=&oc=sponsored&k=web.1.4.2&uuid=arF001a0a2af6219e536&page_item_id=-1292981414
2026-09-15 22:48:11,493 [INFO]     🔗❌ Link inactivo, descartada: Backend Developer (Senior) – Python / AWS / Terraform (Híbri → https://open.app.jobrapido.com/ar/2472797319393705984/?w=desarrollador%20backend&l=&oc=sponsored&k=web.1.3.12&uuid=arF001a0a2ad6dace1eb&page_item_id=553398011
2026-09-15 22:48:11,500 [INFO]     🔗❌ Link inactivo, descartada: Modelista De Prendas: Desarrollo De Moldes Y Calce → https://open.app.jobrapido.com/ar/947972500682178560/?w=desarrollador%20backend&l=&oc=sponsored&k=web.1.3.9&uuid=arF001a0a2ad6dace1eb&page_item_id=-562493765
2026-09-15 22:48:11,536 [INFO]     🔗❌ Link inactivo, descartada: Desarrollador Fullstack (SR) – Python / Node.js / TypeScript → https://open.app.jobrapido.com/ar/5475572370942984192/?w=desarrollador%20backend&l=&oc=sponsored&k=web.1.4.11&uuid=arF001a0a2af6219e536&page_item_id=-852359088
2026-09-15 22:48:11,811 [INFO]     🔗❌ Link inactivo, descartada: Desarrollador de Software Semi senior– Node.js & TypeScript → https://open.app.jobrapido.com/ar/5691745153056768000/?w=desarrollador%20backend&l=&oc=sponsored&k=web.1.4.8&uuid=arF001a0a2af6219e536&page_item_id=-2108526991
2026-09-15 22:48:11,814 [INFO]     🔗❌ Link inactivo, descartada: Tech Lead – Ciberseguridad / IA / Azure /.NET → https://open.app.jobrapido.com/ar/2985770517962686464/?w=desarrollador%20backend&l=&oc=sponsored&k=web.1.4.14&uuid=arF001a0a2af6219e536&page_item_id=1404882282
2026-09-15 22:48:11,832 [INFO]     🔗❌ Link inactivo, descartada: Backend (SR) – Java / Node.js / Alta Concurrencia (Híbrido,  → https://open.app.jobrapido.com/ar/4587685842109071360/?w=desarrollador%20backend&l=&oc=sponsored&k=web.1.3.18&uuid=arF001a0a2ad6dace1eb&page_item_id=1235083867
2026-09-15 22:48:11,848 [INFO]     🔗❌ Link inactivo, descartada: Senior Security Engineer → https://open.app.jobrapido.com/ar/6757481982650744832/?w=desarrollador%20backend&l=&oc=sponsored&k=web.1.3.8&uuid=arF001a0a2ad6dace1eb&page_item_id=-1484385108
2026-09-15 22:48:11,897 [INFO]     🔗❌ Link inactivo, descartada: Líder Técnico de Desarrollo- 5816806 → https://open.app.jobrapido.com/ar/4612265424548003840/?w=desarrollador%20backend&l=&oc=sponsored&k=web.1.4.6&uuid=arF001a0a2af6219e536&page_item_id=-1424120386
2026-09-15 22:48:11,912 [INFO]     🔗❌ Link inactivo, descartada: Desarrollador.NET Backend Semi Sr/Sr - Conocimiento normativ → https://open.app.jobrapido.com/ar/4537864771231285248/?w=desarrollador%20backend&l=&oc=sponsored&k=web.1.4.0&uuid=arF001a0a2af6219e536&page_item_id=-1815459909
2026-09-15 22:48:11,934 [INFO]     🔗❌ Link inactivo, descartada: Desarrollador Fullstack (SR) – Python / React / Data Warehou → https://open.app.jobrapido.com/ar/6307779424787890176/?w=desarrollador%20backend&l=&oc=sponsored&k=web.1.4.12&uuid=arF001a0a2af6219e536&page_item_id=-51150068
2026-09-15 22:48:12,201 [INFO]     🔗❌ Link inactivo, descartada: Appian Developer (BPM) - Banking - España (Latam Talent) → https://open.app.jobrapido.com/ar/2548172586689232896/?w=desarrollador%20backend&l=&oc=sponsored&k=web.1.4.5&uuid=arF001a0a2af6219e536&page_item_id=-822592494
2026-09-15 22:48:12,224 [INFO]     🔗❌ Link inactivo, descartada: Desarrollador Full Stack SSR - APIs e Integraciones → https://open.app.jobrapido.com/ar/2856661017906118656/?w=desarrollador%20full%20stack&l=&oc=sponsored&k=web.1.1.2&uuid=arF001a0a2b15eefe849&page_item_id=-239112338
2026-09-15 22:48:12,232 [INFO]     🔗❌ Link inactivo, descartada: Desarrollador Java → https://open.app.jobrapido.com/ar/8796846030906720256/?w=desarrollador%20backend&l=&oc=sponsored&k=web.1.4.18&uuid=arF001a0a2af6219e536&page_item_id=-444636666
2026-09-15 22:48:12,236 [INFO]     🔗❌ Link inactivo, descartada: Senior Backend Developer .NET – AI-First → https://open.app.jobrapido.com/ar/46168319304138752/?w=desarrollador%20backend&l=&oc=sponsored&k=web.1.4.19&uuid=arF001a0a2af6219e536&page_item_id=-1872473077
2026-09-15 22:48:12,289 [INFO]     🔗❌ Link inactivo, descartada: Desarrollador Full Stack (SR) – Next.js / NestJS / Python /  → https://open.app.jobrapido.com/ar/5872955561351315456/?w=desarrollador%20full%20stack&l=&oc=sponsored&k=web.1.1.4&uuid=arF001a0a2b15eefe849&page_item_id=-2135233756
2026-09-15 22:48:12,321 [INFO]     🔗❌ Link inactivo, descartada: Desarrollador Full Stack (.NET + Angular) - Híbrido - 1885 → https://open.app.jobrapido.com/ar/8761827255576952832/?w=desarrollador%20full%20stack&l=&oc=sponsored&k=web.1.1.6&uuid=arF001a0a2b15eefe849&page_item_id=-512192231
2026-09-15 22:48:12,598 [INFO]     🔗❌ Link inactivo, descartada: Desarrollador Fullstack (SR) – Python / React / Data Warehou → https://open.app.jobrapido.com/ar/4294865554667208704/?w=desarrollador%20backend&l=&oc=sponsored&k=web.1.4.10&uuid=arF001a0a2af6219e536&page_item_id=1844067314
2026-09-15 22:48:12,643 [INFO]     🔗❌ Link inactivo, descartada: Developer Full Stack → https://open.app.jobrapido.com/ar/8941985087646334976/?w=desarrollador%20full%20stack&l=&oc=sponsored&k=web.1.1.12&uuid=arF001a0a2b15eefe849&page_item_id=-50444128
2026-09-15 22:48:12,650 [INFO]     🔗❌ Link inactivo, descartada: Hardware / Software Engineer – Creative Technology (Hibrido) → https://open.app.jobrapido.com/ar/8917951859407192064/?w=desarrollador%20backend&l=&oc=sponsored&k=web.1.4.13&uuid=arF001a0a2af6219e536&page_item_id=-114809926
2026-09-15 22:48:12,727 [INFO]     🔗❌ Link inactivo, descartada: Analista/Desarrollador Full Stack – Marketing Automation & C → https://open.app.jobrapido.com/ar/991599283826327552/?w=desarrollador%20full%20stack&l=&oc=sponsored&k=web.1.1.3&uuid=arF001a0a2b15eefe849&page_item_id=1080408135
2026-09-15 22:48:12,952 [INFO]     🔗❌ Link inactivo, descartada: Technical Delivery Manager Semi Senior / Senior (Remoto) → https://open.app.jobrapido.com/ar/3705613633842053120/?w=desarrollador%20backend&l=&oc=sponsored&k=web.1.4.9&uuid=arF001a0a2af6219e536&page_item_id=-1856847767
2026-09-15 22:48:13,004 [INFO]     🔗❌ Link inactivo, descartada: Senior Full Stack Developer → https://open.app.jobrapido.com/ar/5091729460072284160/?w=desarrollador%20full%20stack&l=&oc=sponsored&k=web.1.2.0&uuid=arF001a0a2b31ed7eafa&page_item_id=-1190726492
2026-09-15 22:48:13,042 [INFO]     🔗❌ Link inactivo, descartada: AI FullStack SR → https://open.app.jobrapido.com/ar/4821019251953369088/?w=desarrollador%20full%20stack&l=&oc=sponsored&k=web.1.2.2&uuid=arF001a0a2b31ed7eafa&page_item_id=-1549220269
2026-09-15 22:48:13,051 [INFO]     🔗❌ Link inactivo, descartada: Desarrollador Full Stack Senior | Híbrido, Impacto Real → https://open.app.jobrapido.com/ar/1584162023141277696/?w=desarrollador%20full%20stack&l=&oc=sponsored&k=web.1.1.7&uuid=arF001a0a2b15eefe849&page_item_id=921048766
2026-09-15 22:48:13,066 [INFO]     🔗❌ Link inactivo, descartada: Desarrollador Full Stack (JAVA / React) Senior - Mix (Onsite → https://open.app.jobrapido.com/ar/5980740136466382848/?w=desarrollador%20full%20stack&l=&oc=sponsored&k=web.1.1.8&uuid=arF001a0a2b15eefe849&page_item_id=1089062145
2026-09-15 22:48:13,112 [INFO]     🔗❌ Link inactivo, descartada: Jefe de Desarrollo/ Desarrollador Senior .NET / Belgrano CAB → https://open.app.jobrapido.com/ar/8602842822002868224/?w=desarrollador%20full%20stack&l=&oc=sponsored&k=web.1.2.6&uuid=arF001a0a2b31ed7eafa&page_item_id=277236640
2026-09-15 22:48:13,348 [INFO]     🔗❌ Link inactivo, descartada: Desarrollador Full Stack | AI & Automation → https://open.app.jobrapido.com/ar/6295759013917229056/?w=desarrollador%20full%20stack&l=&oc=sponsored&k=web.1.2.8&uuid=arF001a0a2b31ed7eafa&page_item_id=-1238821021
2026-09-15 22:48:13,382 [INFO]     🔗❌ Link inactivo, descartada: Full Stack Developer - Azure/OpenShift Web & Mobile → https://open.app.jobrapido.com/ar/5310957888078872576/?w=desarrollador%20full%20stack&l=&oc=sponsored&k=web.1.1.9&uuid=arF001a0a2b15eefe849&page_item_id=-1459720593
2026-09-15 22:48:13,451 [INFO]     🔗❌ Link inactivo, descartada: Desarrollador Full Stack → https://open.app.jobrapido.com/ar/138008567067181056/?w=desarrollador%20full%20stack&l=&oc=sponsored&k=web.1.2.11&uuid=arF001a0a2b31ed7eafa&page_item_id=1228798906
2026-09-15 22:48:13,471 [INFO]     🔗❌ Link inactivo, descartada: Fullstack Software Engineer - Verticals - IT → https://open.app.jobrapido.com/ar/6593480924195717120/?w=desarrollador%20full%20stack&l=&oc=sponsored&k=web.1.1.18&uuid=arF001a0a2b15eefe849&page_item_id=16114925
2026-09-15 22:48:13,481 [INFO]     🔗❌ Link inactivo, descartada: Ref. 21425: Jefe de Desarrollo/ Desarrollador Senior .NET /  → https://open.app.jobrapido.com/ar/1869899909512036352/?w=desarrollador%20full%20stack&l=&oc=sponsored&k=web.1.2.18&uuid=arF001a0a2b31ed7eafa&page_item_id=1510807980
2026-09-15 22:48:13,529 [INFO]     🔗❌ Link inactivo, descartada: Desarrollador Full Stack Senior - Integraciones & IA → https://open.app.jobrapido.com/ar/4525198397279305728/?w=desarrollador%20full%20stack&l=&oc=sponsored&k=web.1.2.9&uuid=arF001a0a2b31ed7eafa&page_item_id=917730606
2026-09-15 22:48:13,871 [INFO]     🔗❌ Link inactivo, descartada: Desarrollador Full Stack → https://open.app.jobrapido.com/ar/5288604816686186496/?w=desarrollador%20full%20stack&l=&oc=sponsored&k=web.1.2.12&uuid=arF001a0a2b31ed7eafa&page_item_id=1450449181
2026-09-15 22:48:14,202 [INFO]     🔗❌ Link inactivo, descartada: Desarrollador Ssr → https://open.app.jobrapido.com/ar/8409788474453917696/?w=desarrollador%20full%20stack&l=&oc=sponsored&k=web.1.1.17&uuid=arF001a0a2b15eefe849&page_item_id=1948142545
2026-09-15 22:48:14,204 [INFO]     🔗❌ Link inactivo, descartada: Desarrollador/a Full Stack | Integraciones, Ecommerce e IA → https://open.app.jobrapido.com/ar/2751378278420840448/?w=desarrollador%20full%20stack&l=&oc=sponsored&k=web.1.2.10&uuid=arF001a0a2b31ed7eafa&page_item_id=1554164774
2026-09-15 22:48:14,599 [INFO]     🔗❌ Link inactivo, descartada: Desarrollador Web React - Full Stack (API/MySQL) → https://open.app.jobrapido.com/ar/238338900022525952/?w=desarrollador%20full%20stack&l=&oc=sponsored&k=web.1.2.14&uuid=arF001a0a2b31ed7eafa&page_item_id=-1559301610
2026-09-15 22:48:15,227 [INFO]     🔗❌ Link inactivo, descartada: Ingeniero de Proyectos Logísticos - Zona Norte → https://open.app.jobrapido.com/ar/8868495276634013696/?w=ingeniero%20datos&l=&oc=sponsored&k=web.1.1.0&uuid=arF001a0a2b70b0cf042&page_item_id=-1082040163
2026-09-15 22:48:15,487 [INFO]     🔗❌ Link inactivo, descartada: Ingeniero de Datos (SSR/SR) – SAP HANA / Cloudera / Apache N → https://open.app.jobrapido.com/ar/832037795626221568/?w=ingeniero%20datos&l=&oc=sponsored&k=web.1.2.6&uuid=arF001a0a2b80999f189&page_item_id=-993679280
2026-09-15 22:48:15,492 [INFO]     🔗❌ Link inactivo, descartada: Ingeniero de Datos (SSR) – Python / SQL / Big Data / Lakehou → https://open.app.jobrapido.com/ar/1746905240294129664/?w=ingeniero%20datos&l=&oc=sponsored&k=web.1.2.3&uuid=arF001a0a2b80999f189&page_item_id=1453187772
2026-09-15 22:48:15,516 [INFO]     🔗❌ Link inactivo, descartada: Ingeniero de datos + Ingles → https://open.app.jobrapido.com/ar/6469860735940820992/?w=ingeniero%20datos&l=&oc=sponsored&k=web.1.2.1&uuid=arF001a0a2b80999f189&page_item_id=2088603915
2026-09-15 22:48:15,645 [INFO]     🔗❌ Link inactivo, descartada: Ingeniero de Datos (AWS & Databricks) Bilingüe → https://open.app.jobrapido.com/ar/4071729015658905600/?w=ingeniero%20datos&l=&oc=sponsored&k=web.1.2.7&uuid=arF001a0a2b80999f189&page_item_id=136174383
2026-09-15 22:48:15,802 [INFO]     🔗❌ Link inactivo, descartada: Coordinador en ciberseguridad y Arquitectura de Seguridad In → https://open.app.jobrapido.com/ar/1481332397176782848/?w=ingeniero%20datos&l=&oc=sponsored&k=web.1.1.16&uuid=arF001a0a2b70b0cf042&page_item_id=-526289168
2026-09-15 22:48:15,887 [INFO]     🔗❌ Link inactivo, descartada: Especialista I&C SSR → https://open.app.jobrapido.com/ar/7752816429883195392/?w=ingeniero%20datos&l=&oc=sponsored&k=web.1.2.11&uuid=arF001a0a2b80999f189&page_item_id=1461670117
2026-09-15 22:48:15,903 [INFO]     🔗❌ Link inactivo, descartada: Ingeniero de Datos Senior - Migración a Cloud & ETL → https://open.app.jobrapido.com/ar/8512494852036886528/?w=ingeniero%20datos&l=&oc=sponsored&k=web.1.2.8&uuid=arF001a0a2b80999f189&page_item_id=-321181994
2026-09-15 22:48:15,910 [INFO]     🔗❌ Link inactivo, descartada: Cloud DevOps Engineer — Hybrid, Migration & Automation → https://open.app.jobrapido.com/ar/1112809084895100928/?w=ingeniero%20datos&l=&oc=sponsored&k=web.1.3.10&uuid=arF001a0a2b9d23af301&page_item_id=-621497134
2026-09-15 22:48:15,994 [INFO]     🔗❌ Link inactivo, descartada: Software Engineer → https://open.app.jobrapido.com/ar/6438092993156087808/?w=ingeniero%20datos&l=&oc=sponsored&k=web.1.3.13&uuid=arF001a0a2b9d23af301&page_item_id=1830607521
2026-09-15 22:48:16,064 [INFO]     🔗❌ Link inactivo, descartada: Especialista en Inteligencia Artificial Agentica (Remoto)(Ex → https://open.app.jobrapido.com/ar/1175760626711003136/?w=ingeniero%20datos&l=&oc=sponsored&k=web.1.4.0&uuid=arF001a0a2ba5fe7f38c&page_item_id=275172405
2026-09-15 22:48:16,297 [INFO]     🔗❌ Link inactivo, descartada: Arquitecto de Soluciones (Ingeniero en Sistemas) → https://open.app.jobrapido.com/ar/7961728054387015680/?w=ingeniero%20datos&l=&oc=sponsored&k=web.1.1.12&uuid=arF001a0a2b70b0cf042&page_item_id=261698868
2026-09-15 22:48:16,326 [INFO]     🔗❌ Link inactivo, descartada: Devops Cloud → https://open.app.jobrapido.com/ar/7500309839352954880/?w=ingeniero%20datos&l=&oc=sponsored&k=web.1.4.3&uuid=arF001a0a2ba5fe7f38c&page_item_id=1080518719
2026-09-15 22:48:16,420 [INFO]     🔗❌ Link inactivo, descartada: Ingeniero de Datos (SR) – Informatica Cloud / Cloudera / Pyt → https://open.app.jobrapido.com/ar/611955150164066304/?w=ingeniero%20datos&l=&oc=sponsored&k=web.1.2.4&uuid=arF001a0a2b80999f189&page_item_id=-1127840084
2026-09-15 22:48:16,713 [INFO]     🔗❌ Link inactivo, descartada: Coordinador Técnico Industrial - Rubro Panificación → https://open.app.jobrapido.com/ar/3569309376369917952/?w=ingeniero%20datos&l=&oc=sponsored&k=web.1.4.11&uuid=arF001a0a2ba5fe7f38c&page_item_id=-1466652042
2026-09-15 22:48:16,716 [INFO]     🔗❌ Link inactivo, descartada: Principal Project Planner → https://open.app.jobrapido.com/ar/6604655810624618496/?w=ingeniero%20datos&l=&oc=sponsored&k=web.1.4.9&uuid=arF001a0a2ba5fe7f38c&page_item_id=-2118266335
2026-09-15 22:48:16,986 [INFO]     🔗❌ Link inactivo, descartada: Head of Data & Analytics → https://open.app.jobrapido.com/ar/7393709610059694080/?w=ingeniero%20datos&l=&oc=sponsored&k=web.1.4.1&uuid=arF001a0a2ba5fe7f38c&page_item_id=-1862388531
2026-09-15 22:48:17,028 [INFO]     🔗❌ Link inactivo, descartada: Líder técnico en informática Data Cloud → https://open.app.jobrapido.com/ar/3988790104796692480/?w=ingeniero%20datos&l=&oc=sponsored&k=web.1.4.12&uuid=arF001a0a2ba5fe7f38c&page_item_id=-2062396593
2026-09-15 22:48:17,074 [INFO]     🔗❌ Link inactivo, descartada: Analista Control Gestion - Santiago de Chile → https://open.app.jobrapido.com/ar/6501074668462538752/?w=ingeniero%20datos&l=&oc=sponsored&k=web.1.4.4&uuid=arF001a0a2ba5fe7f38c&page_item_id=-1343406718
2026-09-15 22:48:17,113 [INFO]     🔗❌ Link inactivo, descartada: Gerente/a de Control de Proyectos → https://open.app.jobrapido.com/ar/2137255954331205632/?w=ingeniero%20datos&l=&oc=sponsored&k=web.1.4.10&uuid=arF001a0a2ba5fe7f38c&page_item_id=-411592488
2026-09-15 22:48:17,211 [INFO]     🔗❌ Link inactivo, descartada: Ingeniero/a de Perforación - Comodoro Rivadavia → https://open.app.jobrapido.com/ar/2320882092751192064/?w=ingeniero%20datos&l=&oc=sponsored&k=web.1.4.5&uuid=arF001a0a2ba5fe7f38c&page_item_id=-655148393
2026-09-15 22:48:17,218 [INFO]     🔗❌ Link inactivo, descartada: Consultor / Consultora Oracle DBA → https://open.app.jobrapido.com/ar/673048517329027072/?w=ingeniero%20datos&l=&oc=sponsored&k=web.1.4.7&uuid=arF001a0a2ba5fe7f38c&page_item_id=-806534701
2026-09-15 22:48:17,431 [INFO]     🔗❌ Link inactivo, descartada: Inspector/a de Ventas - Zona PBA Centro y Sur → https://open.app.jobrapido.com/ar/1233792060151037952/?w=ingeniero%20datos&l=&oc=sponsored&k=web.1.4.14&uuid=arF001a0a2ba5fe7f38c&page_item_id=828869993
2026-09-15 22:48:17,470 [INFO]     🔗❌ Link inactivo, descartada: Developer Full Stack Sr. 4/ MS → https://open.app.jobrapido.com/ar/5593096402877022208/?w=ingeniero%20datos&l=&oc=sponsored&k=web.1.4.15&uuid=arF001a0a2ba5fe7f38c&page_item_id=1401214336
2026-09-15 22:48:17,528 [INFO]     🔗❌ Link inactivo, descartada: Sr Engineer → https://open.app.jobrapido.com/ar/4719550838563930112/?w=ingeniero%20datos&l=&oc=sponsored&k=web.1.4.16&uuid=arF001a0a2ba5fe7f38c&page_item_id=128912029
2026-09-15 22:48:17,564 [INFO]     🔗❌ Link inactivo, descartada: Developer Full Stack Nodes JS - Angular Ssr. → https://open.app.jobrapido.com/ar/5640981697634762752/?w=ingeniero%20datos&l=&oc=sponsored&k=web.1.4.13&uuid=arF001a0a2ba5fe7f38c&page_item_id=237863368
2026-09-15 22:48:17,857 [INFO]     🔗❌ Link inactivo, descartada: Probabilistic Safety Analyst (PSA) / Analista Evaluación Pro → https://open.app.jobrapido.com/ar/4846775861589835776/?w=ingeniero%20datos&l=&oc=sponsored&k=web.1.2.16&uuid=arF001a0a2b80999f189&page_item_id=-297617057
2026-09-15 22:48:17,923 [INFO]     🔗❌ Link inactivo, descartada: Responsable Sistema de Calidad inocuidad y Medio Ambiente M/ → https://open.app.jobrapido.com/ar/8460902571005968384/?w=ingeniero%20datos&l=&oc=sponsored&k=web.1.5.6&uuid=arF001a0a2bc510ff5b4&page_item_id=-1649076817
2026-09-15 22:48:17,956 [INFO]     🔗❌ Link inactivo, descartada: Supervisor (Rosario) de Instalación de Puntos de Monitoreo d → https://open.app.jobrapido.com/ar/2545373779840729088/?w=ingeniero%20datos&l=&oc=sponsored&k=web.1.4.8&uuid=arF001a0a2ba5fe7f38c&page_item_id=496594835
2026-09-15 22:48:18,179 [INFO]     🔗❌ Link inactivo, descartada: Ingeniería de Ciberseguridad (Security Engineer) Nivel 1.5 → https://open.app.jobrapido.com/ar/4153161045835251712/?w=ingeniero%20datos&l=&oc=sponsored&k=web.1.4.2&uuid=arF001a0a2ba5fe7f38c&page_item_id=53341229
2026-09-15 22:48:18,263 [INFO]     🔗❌ Link inactivo, descartada: RISK MANAGEMENT CROSS ASSOCIATE II → https://open.app.jobrapido.com/ar/2642361803606065152/?w=ingeniero%20datos&l=&oc=sponsored&k=web.1.5.5&uuid=arF001a0a2bc510ff5b4&page_item_id=-397442630
2026-09-15 22:48:18,318 [INFO]     🔗❌ Link inactivo, descartada: DATA SPECIALIST MANAGER I (Campañas Digitales - Riesgos) → https://open.app.jobrapido.com/ar/6483683693046005760/?w=ingeniero%20datos&l=&oc=sponsored&k=web.1.5.9&uuid=arF001a0a2bc510ff5b4&page_item_id=1731639228
2026-09-15 22:48:18,339 [INFO]     🔗❌ Link inactivo, descartada: Superintendente de Desarrollo de Recursos → https://open.app.jobrapido.com/ar/7166305591546085376/?w=ingeniero%20datos&l=&oc=sponsored&k=web.1.5.8&uuid=arF001a0a2bc510ff5b4&page_item_id=-1229782352
2026-09-15 22:48:18,353 [INFO]     🔗❌ Link inactivo, descartada: Especialista de red → https://open.app.jobrapido.com/ar/4333113818986053632/?w=ingeniero%20datos&l=&oc=sponsored&k=web.1.5.0&uuid=arF001a0a2bc510ff5b4&page_item_id=-917414837
2026-09-15 22:48:18,361 [INFO]     🔗❌ Link inactivo, descartada: Ingeniero(a) de Recursos Hidricos → https://open.app.jobrapido.com/ar/4382639567912566784/?w=ingeniero%20datos&l=&oc=sponsored&k=web.1.5.2&uuid=arF001a0a2bc510ff5b4&page_item_id=927087938
2026-09-15 22:48:18,590 [INFO]     🔗❌ Link inactivo, descartada: Analista De Reclutamiento Y Selección - Cusco → https://open.app.jobrapido.com/ar/1442757680983703552/?w=ingeniero%20datos&l=&oc=sponsored&k=web.1.5.1&uuid=arF001a0a2bc510ff5b4&page_item_id=-304981428
2026-09-15 22:48:18,617 [INFO]     🔗❌ Link inactivo, descartada: Coordinador(a) Geotécnico(a) de Presas → https://open.app.jobrapido.com/ar/2893073991159775232/?w=ingeniero%20datos&l=&oc=sponsored&k=web.1.5.3&uuid=arF001a0a2bc510ff5b4&page_item_id=893046160
2026-09-15 22:48:18,717 [INFO]     🔗❌ Link inactivo, descartada: Ingeniero de Optimización de Perforación No Convencional → https://open.app.jobrapido.com/ar/4926768734124638208/?w=ingeniero%20datos&l=&oc=sponsored&k=web.1.5.15&uuid=arF001a0a2bc510ff5b4&page_item_id=2063164040
2026-09-15 22:48:18,735 [INFO]     🔗❌ Link inactivo, descartada: TRANSACTION BANKER VICE PRESIDENT → https://open.app.jobrapido.com/ar/8906857237327118336/?w=ingeniero%20datos&l=&oc=sponsored&k=web.1.5.14&uuid=arF001a0a2bc510ff5b4&page_item_id=-9275169
2026-09-15 22:48:18,749 [INFO]     🔗❌ Link inactivo, descartada: Ingeniero Instrumentista Hidrogeología - SCADA & PLC → https://open.app.jobrapido.com/ar/2721008117994225664/?w=ingeniero%20datos&l=&oc=sponsored&k=web.1.5.17&uuid=arF001a0a2bc510ff5b4&page_item_id=-1802911983
2026-09-15 22:48:18,759 [INFO]     🔗❌ Link inactivo, descartada: OPS ENG SENIOR MANAGER II → https://open.app.jobrapido.com/ar/8081453308599861248/?w=ingeniero%20datos&l=&oc=sponsored&k=web.1.5.7&uuid=arF001a0a2bc510ff5b4&page_item_id=-1679322487
2026-09-15 22:48:18,994 [INFO]     🔗❌ Link inactivo, descartada: PREMISES & SERVICES MANAGER I → https://open.app.jobrapido.com/ar/2338582134014345216/?w=ingeniero%20datos&l=&oc=sponsored&k=web.1.5.10&uuid=arF001a0a2bc510ff5b4&page_item_id=1404441194
2026-09-15 22:48:19,331 [INFO]     🔗❌ Link inactivo, descartada: TRANSACTION BANKER SENIOR VICE PRESIDENT → https://open.app.jobrapido.com/ar/5864056217315311616/?w=ingeniero%20datos&l=&oc=sponsored&k=web.1.5.13&uuid=arF001a0a2bc510ff5b4&page_item_id=-1197392133
2026-09-15 22:48:19,370 [INFO]     🔗❌ Link inactivo, descartada: Senior Software Engineer - RPA & ETL Automation → https://open.app.jobrapido.com/ar/1869573251479371776/?w=ingeniero%20datos&l=&oc=sponsored&k=web.1.5.16&uuid=arF001a0a2bc510ff5b4&page_item_id=-586323240
2026-09-15 22:48:35,436 [INFO]     ⚛️⚠️  SPA sin SSR (no concluyente), se conserva: https://www.bumeran.com.ar/empleos/desarrollador-a-odoo-integraciones-con-ia-fadav-2186265.html
2026-09-15 22:48:35,455 [INFO]     ⚛️⚠️  SPA sin SSR (no concluyente), se conserva: https://www.bumeran.com.ar/empleos/desarrollador-fullstack-sr-node-angular-remoto-argentina-acciona-it-1118348901.html?utm_source=zonajobs&utm_medium=free&utm_campaign=crossbrand
2026-09-15 22:48:35,618 [INFO]     🔗❌ Link inactivo, descartada: Data Scientist (SSR) – Python / LLMs / Hugging Face (Híbrido → https://open.app.jobrapido.com/ar/2892315980971638784/?w=data%20scientist&l=&oc=sponsored&k=web.1.2.14&uuid=arF001a0a3ea57b93744&page_item_id=273143578
2026-09-15 22:48:35,765 [INFO]     🔗❌ Link inactivo, descartada: Senior Data Scientist - Hybrid ML & LLMs for E-commerce → https://open.app.jobrapido.com/ar/2126655665807032320/?w=data%20scientist&l=&oc=sponsored&k=web.1.2.11&uuid=arF001a0a3ea57b93744&page_item_id=1727986313
2026-09-15 22:48:35,900 [INFO]     🔗❌ Link inactivo, descartada: Cyber Security Resiliency Technical Analyst- Buenos Aires (H → https://open.app.jobrapido.com/ar/5870186733374537728/?w=data%20analyst&l=&oc=sponsored&k=web.1.5.15&uuid=arF001a0a3f3a3974be6&page_item_id=895474519
2026-09-15 22:48:36,011 [INFO]     🔗❌ Link inactivo, descartada: Staff Data Engineer (Accounting) → https://open.app.jobrapido.com/ar/6173488991581503488/?w=data%20engineer&l=&oc=sponsored&k=web.1.5.1&uuid=arF001a0a406f5ec6346&page_item_id=910319728
2026-09-15 22:48:36,107 [INFO]     🔗❌ Link inactivo, descartada: Data Engineer SSR | COE → https://open.app.jobrapido.com/ar/5341230569927737344/?w=data%20engineer&l=&oc=sponsored&k=web.1.5.2&uuid=arF001a0a406f5ec6346&page_item_id=-821638952
2026-09-15 22:48:36,121 [INFO]     🔗❌ Link inactivo, descartada: Client Technology Software Engineering Assurance Sr. Enginee → https://open.app.jobrapido.com/ar/1598075329178501120/?w=nlp&l=&oc=sponsored&k=web.1.2.7&uuid=arF001a0a3feb6715af6&page_item_id=1720045383
2026-09-15 22:48:36,298 [INFO]     🔗❌ Link inactivo, descartada: Client Technology Software Engineering Assurance Sr. Enginee → https://open.app.jobrapido.com/ar/8339744086206447616/?w=nlp&l=&oc=sponsored&k=web.1.1.18&uuid=arF001a0a3fdb6915969&page_item_id=-643604418
2026-09-15 22:48:36,401 [INFO]     🔗❌ Link inactivo, descartada: Senior Data Engineer - Hybrid Data Platform & AI → https://open.app.jobrapido.com/ar/1981433166442790912/?w=data%20engineer&l=&oc=sponsored&k=web.1.5.6&uuid=arF001a0a406f5ec6346&page_item_id=382102394
2026-09-15 22:48:36,509 [INFO]     🔗❌ Link inactivo, descartada: Data Engineer - Open application → https://open.app.jobrapido.com/ar/7958485869474611200/?w=data%20engineer&l=&oc=sponsored&k=web.1.5.0&uuid=arF001a0a406f5ec6346&page_item_id=-1285170416
2026-09-15 22:48:36,570 [INFO]     🔗❌ Link inactivo, descartada: Lead Data Scientist & Tech Lead — Hybrid → https://open.app.jobrapido.com/ar/4940919345694900224/?w=data%20scientist&l=&oc=sponsored&k=web.1.2.15&uuid=arF001a0a3ea57b93744&page_item_id=-1391303499
2026-09-15 22:48:36,609 [INFO]     🔗❌ Link inactivo, descartada: Freelance Agent Evaluation Engineer → https://open.app.jobrapido.com/ar/4379339486841012224/?w=nlp&l=&oc=sponsored&k=web.1.2.9&uuid=arF001a0a3feb6715af6&page_item_id=-291661979
2026-09-15 22:48:36,618 [INFO]     🔗❌ Link inactivo, descartada: Staff Engineer - Java → https://open.app.jobrapido.com/ar/7542770779394408448/?w=machine%20learning&l=&oc=sponsored&k=web.1.4.15&uuid=arF001a0a3fa40cb54ed&page_item_id=826418586
2026-09-15 22:48:36,706 [INFO]     🔗❌ Link inactivo, descartada: Staff Data Platform Engineer → https://open.app.jobrapido.com/ar/4895900941607239680/?w=data%20engineer&l=&oc=sponsored&k=web.1.5.7&uuid=arF001a0a406f5ec6346&page_item_id=-1409164094
2026-09-15 22:48:36,801 [INFO]     🔗❌ Link inactivo, descartada: Senior Data Engineer: Scale Airflow, dbt & BigQuery on GCP → https://open.app.jobrapido.com/ar/729274982172983296/?w=data%20engineer&l=&oc=sponsored&k=web.1.5.9&uuid=arF001a0a406f5ec6346&page_item_id=-577382021
2026-09-15 22:48:36,905 [INFO]     🔗❌ Link inactivo, descartada: Data Scientist Senior -AWS – Advanced English – 100% Remote  → https://open.app.jobrapido.com/ar/1688157234510430208/?w=machine%20learning&l=&oc=sponsored&k=web.1.5.10&uuid=arF001a0a3fc40785764&page_item_id=-1148957757
2026-09-15 22:48:36,909 [INFO]     🔗❌ Link inactivo, descartada: Senior Data Engineer → https://open.app.jobrapido.com/ar/1755762545190240256/?w=data%20engineer&l=&oc=sponsored&k=web.1.5.3&uuid=arF001a0a406f5ec6346&page_item_id=262333187
2026-09-15 22:48:36,964 [INFO]     🔗❌ Link inactivo, descartada: Data Engineer, Accounting & Finance Platform → https://open.app.jobrapido.com/ar/2749535840530071552/?w=data%20engineer&l=&oc=sponsored&k=web.1.5.10&uuid=arF001a0a406f5ec6346&page_item_id=-1300653462
2026-09-15 22:48:36,994 [INFO]     🔗❌ Link inactivo, descartada: Senior Data Engineer - Remote Mexico for AI-Driven Pipelines → https://open.app.jobrapido.com/ar/6524561078645424128/?w=data%20engineer&l=&oc=sponsored&k=web.1.5.12&uuid=arF001a0a406f5ec6346&page_item_id=-1382858957
2026-09-15 22:48:37,020 [INFO]     🔗❌ Link inactivo, descartada: ARG SSR Data Engineer → https://open.app.jobrapido.com/ar/3934052155358445568/?w=data%20engineer&l=&oc=sponsored&k=web.1.5.4&uuid=arF001a0a406f5ec6346&page_item_id=-775928430
2026-09-15 22:48:37,200 [INFO]     🔗❌ Link inactivo, descartada: Data Engineer – Informatica IDMC / Data Quality / Data Gover → https://open.app.jobrapido.com/ar/5183277546979983360/?w=data%20engineer&l=&oc=sponsored&k=web.1.5.15&uuid=arF001a0a406f5ec6346&page_item_id=-10795688
2026-09-15 22:48:37,264 [INFO]     🔗❌ Link inactivo, descartada: Senior Data Engineer: Airflow, dbt & BigQuery on GCP → https://open.app.jobrapido.com/ar/2241648828132360192/?w=data%20engineer&l=&oc=sponsored&k=web.1.5.8&uuid=arF001a0a406f5ec6346&page_item_id=-1491683281
2026-09-15 22:48:37,314 [INFO]     🔗❌ Link inactivo, descartada: LT Data Integration Engineer + Inglés → https://open.app.jobrapido.com/ar/5778298708395294720/?w=data%20engineer&l=&oc=sponsored&k=web.1.5.16&uuid=arF001a0a406f5ec6346&page_item_id=-384250723
2026-09-15 22:48:37,328 [INFO]     🔗❌ Link inactivo, descartada: Data Engineer - Latin America - Remote → https://open.app.jobrapido.com/ar/38022175092899840/?w=data%20engineer&l=&oc=sponsored&k=web.1.5.18&uuid=arF001a0a406f5ec6346&page_item_id=1277538956
2026-09-15 22:48:37,390 [INFO]     🔗❌ Link inactivo, descartada: Lead AWS Cloud Engineer - Data Platform & AI Delivery → https://open.app.jobrapido.com/ar/8558833511891468288/?w=data%20engineer&l=&oc=sponsored&k=web.1.5.11&uuid=arF001a0a406f5ec6346&page_item_id=-1303646555
2026-09-15 22:48:37,398 [INFO]     🔗❌ Link inactivo, descartada: Senior Databricks Data Engineer ID86297 → https://open.app.jobrapido.com/ar/7423733252524867584/?w=data%20engineer&l=&oc=sponsored&k=web.1.5.19&uuid=arF001a0a406f5ec6346&page_item_id=-592377419
2026-09-15 22:48:37,930 [INFO]     🔗❌ Link inactivo, descartada: Sr Data Engineer → https://open.app.jobrapido.com/ar/8835561158170640384/?w=data%20engineer&l=&oc=sponsored&k=web.1.5.5&uuid=arF001a0a406f5ec6346&page_item_id=-416446488
2026-09-15 22:48:37,991 [INFO]     🔗❌ Link inactivo, descartada: Data Developer (Python & Databricks) → https://open.app.jobrapido.com/ar/8408176590407598080/?w=python&l=&oc=sponsored&k=web.1.3.3&uuid=arF001a0a41075966d38&page_item_id=-2089578409
2026-09-15 22:48:38,001 [INFO]     🔗❌ Link inactivo, descartada: Staff Software Engineer - Integrations Platform → https://open.app.jobrapido.com/ar/3922940645466963968/?w=software%20engineer&l=&oc=sponsored&k=web.1.2.11&uuid=arF001a0a40a3da16656&page_item_id=-173174972
2026-09-15 22:48:38,006 [INFO]     🔗❌ Link inactivo, descartada: Senior Data Engineer — Flexible Hours, AWS ETL Leader → https://open.app.jobrapido.com/ar/8037001256079720448/?w=data%20engineer&l=&oc=sponsored&k=web.1.5.14&uuid=arF001a0a406f5ec6346&page_item_id=450727614
2026-09-15 22:48:38,010 [INFO]     🔗❌ Link inactivo, descartada: Python Engineer - GIS & Data Automation (Oil & Gas) → https://open.app.jobrapido.com/ar/4687991831189782528/?w=python&l=&oc=sponsored&k=web.1.3.9&uuid=arF001a0a41075966d38&page_item_id=452192996
2026-09-15 22:48:38,173 [INFO]     🔗❌ Link inactivo, descartada: Data Engineer SR – Informatica IDMC | Data Quality | Data Go → https://open.app.jobrapido.com/ar/8319242489315721216/?w=data%20engineer&l=&oc=sponsored&k=web.1.5.13&uuid=arF001a0a406f5ec6346&page_item_id=-2060306264
2026-09-15 22:48:38,739 [INFO]     🔗❌ Link inactivo, descartada: Python Developer - Remote → https://open.app.jobrapido.com/ar/2764065543093747712/?w=python&l=&oc=sponsored&k=web.1.3.7&uuid=arF001a0a41075966d38&page_item_id=-1754630726
2026-09-15 22:48:38,757 [INFO]     🔗❌ Link inactivo, descartada: Python Automation Engineer — AI Agent Systems → https://open.app.jobrapido.com/ar/3820876399854485504/?w=python&l=&oc=sponsored&k=web.1.3.15&uuid=arF001a0a41075966d38&page_item_id=1568278525
2026-09-15 22:48:38,763 [INFO]     🔗❌ Link inactivo, descartada: Python Software Engineer → https://open.app.jobrapido.com/ar/2059429325861552128/?w=python&l=&oc=sponsored&k=web.1.3.6&uuid=arF001a0a41075966d38&page_item_id=686129928
2026-09-15 22:48:38,773 [INFO]     🔗❌ Link inactivo, descartada: Senior Software Engineer (EU) → https://open.app.jobrapido.com/ar/7231858577873305600/?w=software%20engineer&l=&oc=sponsored&k=web.1.4.7&uuid=arF001a0a40c4160685c&page_item_id=-1531846493
2026-09-15 22:48:39,066 [INFO]     🔗❌ Link inactivo, descartada: Data Engineer (Python + AWS + DBT) - Remote - Latin America → https://open.app.jobrapido.com/ar/4408265438744543232/?w=data%20engineer&l=&oc=sponsored&k=web.1.5.17&uuid=arF001a0a406f5ec6346&page_item_id=-1600397446
2026-09-15 22:48:39,157 [INFO]     🔗❌ Link inactivo, descartada: Senior Fullstack Engineer - Remote (React/Node/Python) → https://open.app.jobrapido.com/ar/6874664599044489216/?w=python&l=&oc=sponsored&k=web.1.3.19&uuid=arF001a0a41075966d38&page_item_id=-210977577
2026-09-15 22:48:39,160 [INFO]     🔗❌ Link inactivo, descartada: Desarrollador/a Fullstack (React + Python) → https://open.app.jobrapido.com/ar/1191680902246170624/?w=python&l=&oc=sponsored&k=web.1.3.10&uuid=arF001a0a41075966d38&page_item_id=605803412
2026-09-15 22:48:39,167 [INFO]     🔗❌ Link inactivo, descartada: Backend AI Engineer (SR) – Python / LangGraph / Azure → https://open.app.jobrapido.com/ar/3013055792359145472/?w=python&l=&oc=sponsored&k=web.1.3.11&uuid=arF001a0a41075966d38&page_item_id=1167760344
2026-09-15 22:48:39,171 [INFO]     🔗❌ Link inactivo, descartada: Desarrollador Backend (SSR) – Computer Vision & AI / Python  → https://open.app.jobrapido.com/ar/1868754218395893760/?w=desarrollador%20backend&l=&oc=sponsored&k=web.1.1.16&uuid=arF001a0a4123a9f6f90&page_item_id=31546774
2026-09-15 22:48:39,481 [INFO]     🔗❌ Link inactivo, descartada: Senior Backend AI Engineer — Python, LangGraph, Azure → https://open.app.jobrapido.com/ar/7170968963956867072/?w=python&l=&oc=sponsored&k=web.1.3.12&uuid=arF001a0a41075966d38&page_item_id=7694107
2026-09-15 22:48:39,516 [INFO]     🔗❌ Link inactivo, descartada: GenAI Backend Engineer (Python/.NET) — Remote & Growth → https://open.app.jobrapido.com/ar/2553188696174100480/?w=python&l=&oc=sponsored&k=web.1.3.8&uuid=arF001a0a41075966d38&page_item_id=725860336
2026-09-15 22:48:39,522 [INFO]     🔗❌ Link inactivo, descartada: SR Java Software Engineer → https://open.app.jobrapido.com/ar/7612703017455845376/?w=software%20engineer&l=&oc=sponsored&k=web.1.4.4&uuid=arF001a0a40c4160685c&page_item_id=677482957
2026-09-15 22:48:39,557 [INFO]     🔗❌ Link inactivo, descartada: Remote Senior AI Engineer: LLMs, Python & AWS → https://open.app.jobrapido.com/ar/7329784021200666624/?w=python&l=&oc=sponsored&k=web.1.3.14&uuid=arF001a0a41075966d38&page_item_id=-1679430718
2026-09-15 22:48:39,567 [INFO]     🔗❌ Link inactivo, descartada: Desarrollador Fullstack Sr/SSr — Home Office y Beneficios → https://open.app.jobrapido.com/ar/7511742561258569728/?w=desarrollador%20backend&l=&oc=sponsored&k=web.1.2.15&uuid=arF001a0a41401d97186&page_item_id=-458120405
2026-09-15 22:48:39,577 [INFO]     🔗❌ Link inactivo, descartada: Desarrollador .Net → https://open.app.jobrapido.com/ar/9162084672459505664/?w=desarrollador%20backend&l=&oc=sponsored&k=web.1.2.11&uuid=arF001a0a41401d97186&page_item_id=1152809990
2026-09-15 22:48:39,772 [INFO]     🔗❌ Link inactivo, descartada: Backend AI Engineer – Python / LangGraph / Azure → https://open.app.jobrapido.com/ar/6299557620432764928/?w=python&l=&oc=sponsored&k=web.1.3.13&uuid=arF001a0a41075966d38&page_item_id=-799895678
2026-09-15 22:48:39,881 [INFO]     🔗❌ Link inactivo, descartada: Senior Java/Scala Engineer — AI-Driven Transformation → https://open.app.jobrapido.com/ar/5680607100267397120/?w=desarrollador%20backend&l=&oc=sponsored&k=web.1.2.16&uuid=arF001a0a41401d97186&page_item_id=228204794
2026-09-15 22:48:39,935 [INFO]     🔗❌ Link inactivo, descartada: Remote System Engineer: Python & DevOps Automation → https://open.app.jobrapido.com/ar/3111819767921508352/?w=python&l=&oc=sponsored&k=web.1.3.17&uuid=arF001a0a41075966d38&page_item_id=-1279037855
2026-09-15 22:48:39,939 [INFO]     🔗❌ Link inactivo, descartada: Desarrollador/a Backend Java SSR → https://open.app.jobrapido.com/ar/1039638888169078784/?w=desarrollador%20backend&l=&oc=sponsored&k=web.1.1.10&uuid=arF001a0a4123a9f6f90&page_item_id=-1589856957
2026-09-15 22:48:39,955 [INFO]     🔗❌ Link inactivo, descartada: Desarrollador Fullstack (SR) – Python / React / Data Warehou → https://open.app.jobrapido.com/ar/2639625703280082944/?w=desarrollador%20backend&l=&oc=sponsored&k=web.1.3.17&uuid=arF001a0a415ff70016b&page_item_id=-2083504362
2026-09-15 22:48:39,962 [INFO]     🔗❌ Link inactivo, descartada: Senior Backend Engineer — Fintech APIs & Architecture → https://open.app.jobrapido.com/ar/3089911414622519296/?w=desarrollador%20backend&l=&oc=sponsored&k=web.1.2.17&uuid=arF001a0a41401d97186&page_item_id=-2014413926
2026-09-15 22:48:39,968 [INFO]     🔗❌ Link inactivo, descartada: Desarrollador/a Backend GO SSR ID #00267 → https://open.app.jobrapido.com/ar/3164125133782646784/?w=desarrollador%20backend&l=&oc=sponsored&k=web.1.1.17&uuid=arF001a0a4123a9f6f90&page_item_id=179419043
2026-09-15 22:48:40,181 [INFO]     🔗❌ Link inactivo, descartada: Desarrollador Fullstack (SR) – Python / React / Data Warehou → https://open.app.jobrapido.com/ar/8124912708278550528/?w=desarrollador%20backend&l=&oc=sponsored&k=web.1.4.14&uuid=arF001a0a417f14203b6&page_item_id=-138118028
2026-09-15 22:48:40,270 [INFO]     🔗❌ Link inactivo, descartada: Desarrollador/a Backend GO SSR ID #00267 → https://open.app.jobrapido.com/ar/3916646302175199232/?w=desarrollador%20backend&l=&oc=sponsored&k=web.1.1.18&uuid=arF001a0a4123a9f6f90&page_item_id=2065122300
2026-09-15 22:48:40,287 [INFO]     🔗❌ Link inactivo, descartada: Full Stack Engineer → https://open.app.jobrapido.com/ar/4527443067447279616/?w=desarrollador%20backend&l=&oc=sponsored&k=web.1.5.5&uuid=arF001a0a419f25c05cc&page_item_id=1589043277
2026-09-15 22:48:40,326 [INFO]     🔗❌ Link inactivo, descartada: Desarrollador/A Backend Node.Js → https://open.app.jobrapido.com/ar/3973937901728694272/?w=desarrollador%20backend&l=&oc=sponsored&k=web.1.5.8&uuid=arF001a0a419f25c05cc&page_item_id=1406855909
2026-09-15 22:48:40,342 [INFO]     🔗❌ Link inactivo, descartada: Desarrollador Mobile React Native / Híbrido Belgrano CABA → https://open.app.jobrapido.com/ar/5224745181344956416/?w=desarrollador%20backend&l=&oc=sponsored&k=web.1.5.6&uuid=arF001a0a419f25c05cc&page_item_id=1872542264
2026-09-15 22:48:40,353 [INFO]     🔗❌ Link inactivo, descartada: Desarrollador Fullstack (SR)– Node.js / Java Spring Boot / R → https://open.app.jobrapido.com/ar/7903797054462230528/?w=desarrollador%20backend&l=&oc=sponsored&k=web.1.3.9&uuid=arF001a0a415ff70016b&page_item_id=-951008713
2026-09-15 22:48:40,360 [INFO]     🔗❌ Link inactivo, descartada: Dev . Net Sr → https://open.app.jobrapido.com/ar/3110228087401349120/?w=desarrollador%20backend&l=&oc=sponsored&k=web.1.3.0&uuid=arF001a0a415ff70016b&page_item_id=-621706420
2026-09-15 22:48:40,378 [INFO]     🔗❌ Link inactivo, descartada: Desarrollador Fullstack Senior: Innovación y Impacto → https://open.app.jobrapido.com/ar/5308075965023256576/?w=desarrollador%20backend&l=&oc=sponsored&k=web.1.2.18&uuid=arF001a0a41401d97186&page_item_id=-1782585929
2026-09-15 22:48:40,558 [INFO]     🔗❌ Link inactivo, descartada: Desarrollador Fullstack (SR)– Node.js / Java Spring Boot / R → https://open.app.jobrapido.com/ar/9061675724422774784/?w=desarrollador%20backend&l=&oc=sponsored&k=web.1.4.3&uuid=arF001a0a417f14203b6&page_item_id=1723587548
2026-09-15 22:48:40,665 [INFO]     🔗❌ Link inactivo, descartada: Desarrollador/a .NET → https://open.app.jobrapido.com/ar/3898550419546177536/?w=desarrollador%20backend&l=&oc=sponsored&k=web.1.5.4&uuid=arF001a0a419f25c05cc&page_item_id=1429616640
2026-09-15 22:48:40,701 [INFO]     🔗❌ Link inactivo, descartada: Desarrollador BackEnd – PHP (Jr / Ssr / Sr) Presencial Córdo → https://open.app.jobrapido.com/ar/5170388444613967872/?w=desarrollador%20backend&l=&oc=sponsored&k=web.1.5.14&uuid=arF001a0a419f25c05cc&page_item_id=-130044389
2026-09-15 22:48:40,716 [INFO]     🔗❌ Link inactivo, descartada: Desarrollador Backend Node.js — Innovación Híbrida en Lima → https://open.app.jobrapido.com/ar/4327356123267989504/?w=desarrollador%20backend&l=&oc=sponsored&k=web.1.5.11&uuid=arF001a0a419f25c05cc&page_item_id=2113972084
2026-09-15 22:48:40,720 [INFO]     🔗❌ Link inactivo, descartada: Desarrollador Backend Node.js — Innovación Híbrida en Lima → https://open.app.jobrapido.com/ar/3772753662124752896/?w=desarrollador%20backend&l=&oc=sponsored&k=web.1.5.10&uuid=arF001a0a419f25c05cc&page_item_id=-1884422724
2026-09-15 22:48:40,733 [INFO]     🔗❌ Link inactivo, descartada: Desarrollador/A Backend Node.Js → https://open.app.jobrapido.com/ar/7498973829645991936/?w=desarrollador%20backend&l=&oc=sponsored&k=web.1.5.9&uuid=arF001a0a419f25c05cc&page_item_id=1274370382
2026-09-15 22:48:40,765 [INFO]     🔗❌ Link inactivo, descartada: Fullstack AI-Native: Lidera una orquesta de IA → https://open.app.jobrapido.com/ar/7501393957817942016/?w=desarrollador%20backend&l=&oc=sponsored&k=web.1.5.16&uuid=arF001a0a419f25c05cc&page_item_id=1416348116
2026-09-15 22:48:40,776 [INFO]     🔗❌ Link inactivo, descartada: Senior Python Backend Engineer - APIs, Cloud, AI → https://open.app.jobrapido.com/ar/8407598247291387904/?w=desarrollador%20backend&l=&oc=sponsored&k=web.1.5.15&uuid=arF001a0a419f25c05cc&page_item_id=1890132591
2026-09-15 22:48:41,918 [INFO]     🔗❌ Link inactivo, descartada: Planificador/a de Mantenimiento - Rubro Alimenticio → https://open.app.jobrapido.com/ar/4454413487950528512/?w=ingeniero%20datos&l=&oc=sponsored&k=web.1.3.7&uuid=arF001a0a426639b1131&page_item_id=1003169343
2026-09-15 22:48:42,312 [INFO]     🔗❌ Link inactivo, descartada: Software Engineer Backend - Personal Banker IT → https://open.app.jobrapido.com/ar/4355468986322780160/?w=ingeniero%20datos&l=&oc=sponsored&k=web.1.3.11&uuid=arF001a0a426639b1131&page_item_id=164611410
2026-09-15 22:48:42,662 [INFO]     🔗❌ Link inactivo, descartada: Devops Cloud → https://open.app.jobrapido.com/ar/621486816465256448/?w=ingeniero%20datos&l=&oc=sponsored&k=web.1.3.6&uuid=arF001a0a426639b1131&page_item_id=-1261499883
2026-09-15 22:48:42,681 [INFO]     🔗❌ Link inactivo, descartada: Analista de Piping → https://open.app.jobrapido.com/ar/3737910413518438400/?w=ingeniero%20datos&l=&oc=sponsored&k=web.1.3.14&uuid=arF001a0a426639b1131&page_item_id=-1963959857
2026-09-15 22:48:42,714 [INFO]     🔗❌ Link inactivo, descartada: Ingeniero de Datos (SR) – Informatica Cloud / Cloudera / Pyt → https://open.app.jobrapido.com/ar/7740995133696376832/?w=ingeniero%20datos&l=&oc=sponsored&k=web.1.2.5&uuid=arF001a0a424b48e0fb8&page_item_id=-1127373401
2026-09-15 22:48:42,729 [INFO]     🔗❌ Link inactivo, descartada: Ingeniero/a de RTOC (Centro de Operaciones en Tiempo Real) → https://open.app.jobrapido.com/ar/3496824896942505984/?w=ingeniero%20datos&l=&oc=sponsored&k=web.1.3.18&uuid=arF001a0a426639b1131&page_item_id=-599123886
2026-09-15 22:48:43,100 [INFO]     🔗❌ Link inactivo, descartada: Ingeniero(a) Comercial Servicios Bahía Blanca → https://open.app.jobrapido.com/ar/3921098671432663040/?w=ingeniero%20datos&l=&oc=sponsored&k=web.1.3.19&uuid=arF001a0a426639b1131&page_item_id=510576154
2026-09-15 22:48:43,113 [INFO]     🔗❌ Link inactivo, descartada: Planificador de Mantenimiento eventual por 6 meses para mari → https://open.app.jobrapido.com/ar/99802737025220608/?w=ingeniero%20datos&l=&oc=sponsored&k=web.1.3.10&uuid=arF001a0a426639b1131&page_item_id=1556197361
2026-09-15 22:48:43,126 [INFO]     🔗❌ Link inactivo, descartada: Water Engineer – Ingeniero de Ventas Bs As - 0203 → https://open.app.jobrapido.com/ar/1805937641632301056/?w=ingeniero%20datos&l=&oc=sponsored&k=web.1.3.13&uuid=arF001a0a426639b1131&page_item_id=-771961275
2026-09-15 22:48:43,475 [INFO]     🔗❌ Link inactivo, descartada: Especialista en Inteligencia Artificial Agentica (Remoto)(Ex → https://open.app.jobrapido.com/ar/385758223619063808/?w=ingeniero%20datos&l=&oc=sponsored&k=web.1.4.1&uuid=arF001a0a42825791325&page_item_id=-1227327755
2026-09-15 22:48:43,508 [INFO]     🔗❌ Link inactivo, descartada: Inspector/a de Ventas - Zona PBA Centro y Sur → https://open.app.jobrapido.com/ar/7764638061077463040/?w=ingeniero%20datos&l=&oc=sponsored&k=web.1.3.17&uuid=arF001a0a426639b1131&page_item_id=289048778
2026-09-15 22:48:43,549 [INFO]     🔗❌ Link inactivo, descartada: AI Engineer - Ingeniero de Inteligencia Artificial → https://open.app.jobrapido.com/ar/1020462125480411136/?w=ingeniero%20datos&l=&oc=sponsored&k=web.1.3.9&uuid=arF001a0a426639b1131&page_item_id=-1009209735
2026-09-15 22:48:44,235 [INFO]     🔗❌ Link inactivo, descartada: Ingeniero Comercial Servicios AMBA → https://open.app.jobrapido.com/ar/411701647153037312/?w=ingeniero%20datos&l=&oc=sponsored&k=web.1.4.0&uuid=arF001a0a42825791325&page_item_id=1229758757
2026-09-15 22:48:46,938 [INFO]   CSV consolidado reescrito: 2,040 filas → /media/carlos-a-cicconi/Common1/Repositorios-Ing.Carlos-Cicconi/Trabajo_Final_MCD/data/raw/consolidado/ofertas_consolidadas.csv
2026-09-15 22:48:46,938 [INFO]   🗑️  Purgadas 1,172 ofertas (antigüedad=0 | link-inactivo=1,172)
2026-09-15 22:48:46,938 [INFO]   Consolidado actualizado: 2,040 ofertas vigentes
2026-09-15 22:48:46,941 [INFO] 
=================================================================
2026-09-15 22:48:46,941 [INFO]   RESUMEN DE LA PURGA
2026-09-15 22:48:46,941 [INFO] =================================================================
2026-09-15 22:48:46,941 [INFO]   Ofertas revisadas           : 3,212
2026-09-15 22:48:46,941 [INFO]   Eliminadas (antigüedad)     : 0
2026-09-15 22:48:46,942 [INFO]   Eliminadas (link inactivo)  : 1,172
2026-09-15 22:48:46,942 [INFO]   Total eliminadas            : 1,172
2026-09-15 22:48:46,942 [INFO]   Ofertas conservadas         : 2,040
2026-09-15 22:48:46,942 [INFO]   Duración total              : 3m 27s
2026-09-15 22:48:46,942 [INFO]   Reporte: /media/carlos-a-cicconi/Common1/Repositorios-Ing.Carlos-Cicconi/Trabajo_Final_MCD/data/raw/consolidado/purga_20260915_224846.json
