job_id,titulo,empresa,ubicacion,descripcion,fecha_pub,url,keyword,fuente,fecha_scrap,nivel,tipo_empleo,modalidad,salario
7126016092480208896,Anuncios Google,EYM Consultora,Capital Federal,,,https://open.app.jobrapido.com/ar/7126016092480208896/?w=data%20scientist&l=&oc=sponsored&k=web.1.1.0&uuid=arF0019d6ae984e3bd68&page_item_id=-2055145339,Data Scientist,jobrapido,2026-04-07T23:26:23.049700,,,,
5416673740656214016,Data Analyst / Data Scientist,Cider,Capital Federal,,,https://open.app.jobrapido.com/ar/5416673740656214016/?w=data%20scientist&l=&oc=sponsored&k=web.1.1.1&uuid=arF0019d6ae984e3bd68&page_item_id=464458816,Data Scientist,jobrapido,2026-04-07T23:26:23.052159,,,,
4006822756917182464,Data Scientist Senior (Argentina) (E),REKLUT,Capital Federal,,,https://open.app.jobrapido.com/ar/4006822756917182464/?w=data%20scientist&l=&oc=sponsored&k=web.1.1.2&uuid=arF0019d6ae984e3bd68&page_item_id=-1686229701,Data Scientist,jobrapido,2026-04-07T23:26:23.054255,,,,
1515666752288063488,Data Scientist (LATAM),Startups BPO,Capital Federal,,,https://open.app.jobrapido.com/ar/1515666752288063488/?w=data%20scientist&l=&oc=sponsored&k=web.1.1.3&uuid=arF0019d6ae984e3bd68&page_item_id=1272640546,Data Scientist,jobrapido,2026-04-07T23:26:23.056074,,,,
523513076230651904,Data Scientist,SubQdocs,Capital Federal,,,https://open.app.jobrapido.com/ar/523513076230651904/?w=data%20scientist&l=&oc=sponsored&k=web.1.1.4&uuid=arF0019d6ae984e3bd68&page_item_id=839994838,Data Scientist,jobrapido,2026-04-07T23:26:23.057411,,,,
8140083847028015104,Data Scientist,Sophilabs,Córdoba,,,https://open.app.jobrapido.com/ar/8140083847028015104/?w=data%20scientist&l=&oc=sponsored&k=web.1.1.5&uuid=arF0019d6ae984e3bd68&page_item_id=-174818808,Data Scientist,jobrapido,2026-04-07T23:26:23.058736,,,,
7875347835338620928,Data Scientist,Sophilabs,Rosario,,,https://open.app.jobrapido.com/ar/7875347835338620928/?w=data%20scientist&l=&oc=sponsored&k=web.1.1.6&uuid=arF0019d6ae984e3bd68&page_item_id=111092157,Data Scientist,jobrapido,2026-04-07T23:26:23.060060,,,,
3350580410110181376,Data Scientist,Sophilabs,Tigre,,,https://open.app.jobrapido.com/ar/3350580410110181376/?w=data%20scientist&l=&oc=sponsored&k=web.1.1.7&uuid=arF0019d6ae984e3bd68&page_item_id=-40676209,Data Scientist,jobrapido,2026-04-07T23:26:23.061365,,,,
4560552961742209024,Data Scientist,Sophilabs,Rosario,,,https://open.app.jobrapido.com/ar/4560552961742209024/?w=data%20scientist&l=&oc=sponsored&k=web.1.1.8&uuid=arF0019d6ae984e3bd68&page_item_id=1493085946,Data Scientist,jobrapido,2026-04-07T23:26:23.062672,,,,
430218840303992832,Data Scientist,Sophilabs,Capital Federal,,,https://open.app.jobrapido.com/ar/430218840303992832/?w=data%20scientist&l=&oc=sponsored&k=web.1.1.9&uuid=arF0019d6ae984e3bd68&page_item_id=-785926744,Data Scientist,jobrapido,2026-04-07T23:26:23.064004,,,,
2791448635370373120,Data Scientist,Sophilabs,Concepción Del Uruguay,,,https://open.app.jobrapido.com/ar/2791448635370373120/?w=data%20scientist&l=&oc=sponsored&k=web.1.1.10&uuid=arF0019d6ae984e3bd68&page_item_id=-911258931,Data Scientist,jobrapido,2026-04-07T23:26:23.065203,,,,
5981651507051757568,Data Scientist,Wizeline,Capital Federal,,,https://open.app.jobrapido.com/ar/5981651507051757568/?w=data%20scientist&l=&oc=sponsored&k=web.1.1.11&uuid=arF0019d6ae984e3bd68&page_item_id=558403458,Data Scientist,jobrapido,2026-04-07T23:26:23.066206,,,,
8146341854896455680,Data Scientist,Talentus Global,Entre Ríos,,,https://open.app.jobrapido.com/ar/8146341854896455680/?w=data%20scientist&l=&oc=sponsored&k=web.1.1.12&uuid=arF0019d6ae984e3bd68&page_item_id=-261907886,Data Scientist,jobrapido,2026-04-07T23:26:23.067217,,,,
7229085274540605440,Data Scientist,Talentus Global,Rosario,,,https://open.app.jobrapido.com/ar/7229085274540605440/?w=data%20scientist&l=&oc=sponsored&k=web.1.1.13&uuid=arF0019d6ae984e3bd68&page_item_id=41432419,Data Scientist,jobrapido,2026-04-07T23:26:23.068313,,,,
6384892341362098176,Data Scientist,Talentus Global,Rosario,,,https://open.app.jobrapido.com/ar/6384892341362098176/?w=data%20scientist&l=&oc=sponsored&k=web.1.1.14&uuid=arF0019d6ae984e3bd68&page_item_id=1546518814,Data Scientist,jobrapido,2026-04-07T23:26:23.069412,,,,
2720660234233184256,Data Scientist SSR/SR - ID #00267,Werben HR,Capital Federal,,,https://open.app.jobrapido.com/ar/2720660234233184256/?w=data%20scientist&l=&oc=sponsored&k=web.1.2.0&uuid=arF0019d6aeafad5c074&page_item_id=1423571752,Data Scientist,jobrapido,2026-04-07T23:27:58.868352,,,,
7659672307358498816,Data Scientist (26DS01S),Eureka Labs,Córdoba,,,https://open.app.jobrapido.com/ar/7659672307358498816/?w=data%20scientist&l=&oc=sponsored&k=web.1.2.1&uuid=arF0019d6aeafad5c074&page_item_id=-880698582,Data Scientist,jobrapido,2026-04-07T23:27:58.869461,,,,
5093020866543878144,Associate Principal Data Scientist,EPAM Systems,Capital Federal,,,https://open.app.jobrapido.com/ar/5093020866543878144/?w=data%20scientist&l=&oc=sponsored&k=web.1.2.2&uuid=arF0019d6aeafad5c074&page_item_id=-1064030484,Data Scientist,jobrapido,2026-04-07T23:27:58.870440,,,,
7336506048745832448,Data Scientist - Kaggle Grandmaster,YO IT Consulting,Capital Federal,,,https://open.app.jobrapido.com/ar/7336506048745832448/?w=data%20scientist&l=&oc=sponsored&k=web.1.2.3&uuid=arF0019d6aeafad5c074&page_item_id=155310203,Data Scientist,jobrapido,2026-04-07T23:27:58.871420,,,,
6847677885004644352,Data Scientist (Customer Acquisition),Trafilea,Entre Ríos,,,https://open.app.jobrapido.com/ar/6847677885004644352/?w=data%20scientist&l=&oc=sponsored&k=web.1.2.4&uuid=arF0019d6aeafad5c074&page_item_id=-1917864556,Data Scientist,jobrapido,2026-04-07T23:27:58.872392,,,,
6445670045610672128,Data Scientist (Customer Acquisition),Trafilea,Tigre,,,https://open.app.jobrapido.com/ar/6445670045610672128/?w=data%20scientist&l=&oc=sponsored&k=web.1.2.5&uuid=arF0019d6aeafad5c074&page_item_id=-1802066460,Data Scientist,jobrapido,2026-04-07T23:27:58.873175,,,,
4323691768840192000,Data Scientist (Customer Acquisition),Trafilea,Córdoba,,,https://open.app.jobrapido.com/ar/4323691768840192000/?w=data%20scientist&l=&oc=sponsored&k=web.1.2.6&uuid=arF0019d6aeafad5c074&page_item_id=158381994,Data Scientist,jobrapido,2026-04-07T23:27:58.874481,,,,
3728542617399459840,Data Scientist (Customer Acquisition),Trafilea,Rosario,,,https://open.app.jobrapido.com/ar/3728542617399459840/?w=data%20scientist&l=&oc=sponsored&k=web.1.2.7&uuid=arF0019d6aeafad5c074&page_item_id=-188974211,Data Scientist,jobrapido,2026-04-07T23:27:58.875320,,,,
617258962328223744,Data Scientist (Customer Acquisition),Trafilea,Rosario,,,https://open.app.jobrapido.com/ar/617258962328223744/?w=data%20scientist&l=&oc=sponsored&k=web.1.2.8&uuid=arF0019d6aeafad5c074&page_item_id=-1456317106,Data Scientist,jobrapido,2026-04-07T23:27:58.876142,,,,
3209573940838006784,Data Scientist (Customer Acquisition),Trafilea,Capital Federal,,,https://open.app.jobrapido.com/ar/3209573940838006784/?w=data%20scientist&l=&oc=sponsored&k=web.1.2.9&uuid=arF0019d6aeafad5c074&page_item_id=-1190456616,Data Scientist,jobrapido,2026-04-07T23:27:58.876928,,,,
4388180999142375424,Fraud Data Scientist L2,Vana,Capital Federal,,,https://open.app.jobrapido.com/ar/4388180999142375424/?w=data%20scientist&l=&oc=sponsored&k=web.1.2.10&uuid=arF0019d6aeafad5c074&page_item_id=1790030521,Data Scientist,jobrapido,2026-04-07T23:27:58.877724,,,,
8049444094163812352,Senior Data Scientist,Kake,Tigre,,,https://open.app.jobrapido.com/ar/8049444094163812352/?w=data%20scientist&l=&oc=sponsored&k=web.1.2.11&uuid=arF0019d6aeafad5c074&page_item_id=1724499479,Data Scientist,jobrapido,2026-04-07T23:27:58.878526,,,,
5446354713450643456,Senior Data Scientist,Kake,Córdoba,,,https://open.app.jobrapido.com/ar/5446354713450643456/?w=data%20scientist&l=&oc=sponsored&k=web.1.2.12&uuid=arF0019d6aeafad5c074&page_item_id=294615367,Data Scientist,jobrapido,2026-04-07T23:27:58.879348,,,,
3096068344730615808,Senior Data Scientist,Kake,Rosario,,,https://open.app.jobrapido.com/ar/3096068344730615808/?w=data%20scientist&l=&oc=sponsored&k=web.1.2.13&uuid=arF0019d6aeafad5c074&page_item_id=684869350,Data Scientist,jobrapido,2026-04-07T23:27:58.880146,,,,
2294709086035378176,Senior Data Scientist,Kake,Rosario,,,https://open.app.jobrapido.com/ar/2294709086035378176/?w=data%20scientist&l=&oc=sponsored&k=web.1.2.14&uuid=arF0019d6aeafad5c074&page_item_id=-8735207,Data Scientist,jobrapido,2026-04-07T23:27:58.880924,,,,
675081179321335808,Senior Data Scientist,Kake,Entre Ríos,,,https://open.app.jobrapido.com/ar/675081179321335808/?w=data%20scientist&l=&oc=sponsored&k=web.1.2.15&uuid=arF0019d6aeafad5c074&page_item_id=-1116374401,Data Scientist,jobrapido,2026-04-07T23:27:58.881651,,,,
5876799758944698368,Senior Data Scientist,Kake,Capital Federal,,,https://open.app.jobrapido.com/ar/5876799758944698368/?w=data%20scientist&l=&oc=sponsored&k=web.1.2.16&uuid=arF0019d6aeafad5c074&page_item_id=-1564724147,Data Scientist,jobrapido,2026-04-07T23:27:58.882319,,,,
5973339869160669184,Sr Data Scientist,Arcos Dorados,Olivos,,,https://open.app.jobrapido.com/ar/5973339869160669184/?w=data%20scientist&l=&oc=sponsored&k=web.1.2.17&uuid=arF0019d6aeafad5c074&page_item_id=1557553191,Data Scientist,jobrapido,2026-04-07T23:27:58.882975,,,,
7325771929040715776,Business Data Scientist - Marketing,Accenture Argentina,Capital Federal,,,https://open.app.jobrapido.com/ar/7325771929040715776/?w=data%20scientist&l=&oc=sponsored&k=web.1.2.18&uuid=arF0019d6aeafad5c074&page_item_id=-1929374989,Data Scientist,jobrapido,2026-04-07T23:27:58.883637,,,,
6573410207014060032,Business Data Scientist - Marketing,Accenture Argentina,Córdoba,,,https://open.app.jobrapido.com/ar/6573410207014060032/?w=data%20scientist&l=&oc=sponsored&k=web.1.2.19&uuid=arF0019d6aeafad5c074&page_item_id=488119656,Data Scientist,jobrapido,2026-04-07T23:27:58.884359,,,,
4338217416954740736,Business Data Scientist - Marketing,Accenture Argentina,Entre Ríos,,,https://open.app.jobrapido.com/ar/4338217416954740736/?w=data%20scientist&l=&oc=sponsored&k=web.1.3.10&uuid=arF0019d6aece364c4d4&page_item_id=-269088811,Data Scientist,jobrapido,2026-04-07T23:30:03.696002,,,,
2998959477765439488,Business Data Scientist - Marketing,Accenture Argentina,Rosario,,,https://open.app.jobrapido.com/ar/2998959477765439488/?w=data%20scientist&l=&oc=sponsored&k=web.1.3.11&uuid=arF0019d6aece364c4d4&page_item_id=877139892,Data Scientist,jobrapido,2026-04-07T23:30:03.697969,,,,
1277599257691422720,Business Data Scientist - Marketing,Accenture Argentina,Tigre,,,https://open.app.jobrapido.com/ar/1277599257691422720/?w=data%20scientist&l=&oc=sponsored&k=web.1.3.12&uuid=arF0019d6aece364c4d4&page_item_id=-647753742,Data Scientist,jobrapido,2026-04-07T23:30:03.699903,,,,
693447421551706112,Business Data Scientist - Marketing,Accenture Argentina,Rosario,,,https://open.app.jobrapido.com/ar/693447421551706112/?w=data%20scientist&l=&oc=sponsored&k=web.1.3.13&uuid=arF0019d6aece364c4d4&page_item_id=-823554818,Data Scientist,jobrapido,2026-04-07T23:30:03.702418,,,,
1165654817771618304,AI Data Scientist,Prepverse,Mercedes,,,https://open.app.jobrapido.com/ar/1165654817771618304/?w=data%20scientist&l=&oc=sponsored&k=web.1.3.14&uuid=arF0019d6aece364c4d4&page_item_id=-1930732388,Data Scientist,jobrapido,2026-04-07T23:30:03.704406,,,,
3242586777461981184,Associate Principal Data Scientist & Global Tech Leader,EPAM Systems,Capital Federal,,,https://open.app.jobrapido.com/ar/3242586777461981184/?w=data%20scientist&l=&oc=sponsored&k=web.1.4.0&uuid=arF0019d6aed7ecdc610&page_item_id=1187539552,Data Scientist,jobrapido,2026-04-07T23:30:43.550081,,,,
1405767975226572800,Senior Data Scientist - ML + Azure (Remote),Werben HR,Capital Federal,,,https://open.app.jobrapido.com/ar/1405767975226572800/?w=data%20scientist&l=&oc=sponsored&k=web.1.4.1&uuid=arF0019d6aed7ecdc610&page_item_id=1751383657,Data Scientist,jobrapido,2026-04-07T23:30:43.550990,,,,
2926101782859874304,Resource Management Data Scientist - Dashboards & Pipelines,Kps life,Capital Federal,,,https://open.app.jobrapido.com/ar/2926101782859874304/?w=data%20scientist&l=&oc=sponsored&k=web.1.4.2&uuid=arF0019d6aed7ecdc610&page_item_id=160941919,Data Scientist,jobrapido,2026-04-07T23:30:43.551797,,,,
9159713343705972736,Sr. Data Scientist ML & Cloud MLOps — Remoto,MaxIT Consulting - Max Corporate Group,Entre Ríos,,,https://open.app.jobrapido.com/ar/9159713343705972736/?w=data%20scientist&l=&oc=sponsored&k=web.1.4.3&uuid=arF0019d6aed7ecdc610&page_item_id=-1692951662,Data Scientist,jobrapido,2026-04-07T23:30:43.552618,,,,
7472974545767366656,Sr. Data Scientist ML & Cloud MLOps — Remoto,MaxIT Consulting - Max Corporate Group,Rosario,,,https://open.app.jobrapido.com/ar/7472974545767366656/?w=data%20scientist&l=&oc=sponsored&k=web.1.4.4&uuid=arF0019d6aed7ecdc610&page_item_id=-60779768,Data Scientist,jobrapido,2026-04-07T23:30:43.553427,,,,
7067377900420333568,Sr. Data Scientist ML & Cloud MLOps — Remoto,MaxIT Consulting - Max Corporate Group,Córdoba,,,https://open.app.jobrapido.com/ar/7067377900420333568/?w=data%20scientist&l=&oc=sponsored&k=web.1.4.5&uuid=arF0019d6aed7ecdc610&page_item_id=44854445,Data Scientist,jobrapido,2026-04-07T23:30:43.554248,,,,
5445870928334422016,Sr. Data Scientist ML & Cloud MLOps — Remoto,MaxIT Consulting - Max Corporate Group,Tigre,,,https://open.app.jobrapido.com/ar/5445870928334422016/?w=data%20scientist&l=&oc=sponsored&k=web.1.4.6&uuid=arF0019d6aed7ecdc610&page_item_id=211713148,Data Scientist,jobrapido,2026-04-07T23:30:43.555055,,,,
2404484326952534016,Sr. Data Scientist ML & Cloud MLOps — Remoto,MaxIT Consulting - Max Corporate Group,Rosario,,,https://open.app.jobrapido.com/ar/2404484326952534016/?w=data%20scientist&l=&oc=sponsored&k=web.1.4.7&uuid=arF0019d6aed7ecdc610&page_item_id=-850027149,Data Scientist,jobrapido,2026-04-07T23:30:43.555845,,,,
840135453951655936,Fraud Data Scientist (L2): ML & Anomaly Detection,Vana,Capital Federal,,,https://open.app.jobrapido.com/ar/840135453951655936/?w=data%20scientist&l=&oc=sponsored&k=web.1.4.8&uuid=arF0019d6aed7ecdc610&page_item_id=1829585067,Data Scientist,jobrapido,2026-04-07T23:30:43.556515,,,,
7572071742072422400,Kaggle Grandmaster Data Scientist - Remote & Flexible,YO IT Consulting,Córdoba,,,https://open.app.jobrapido.com/ar/7572071742072422400/?w=data%20scientist&l=&oc=sponsored&k=web.1.4.9&uuid=arF0019d6aed7ecdc610&page_item_id=67741746,Data Scientist,jobrapido,2026-04-07T23:30:43.557191,,,,
5728692119594336256,Kaggle Grandmaster Data Scientist - Remote & Flexible,YO IT Consulting,Entre Ríos,,,https://open.app.jobrapido.com/ar/5728692119594336256/?w=data%20scientist&l=&oc=sponsored&k=web.1.4.10&uuid=arF0019d6aed7ecdc610&page_item_id=1186854261,Data Scientist,jobrapido,2026-04-07T23:30:43.557855,,,,
5497319688738177024,Kaggle Grandmaster Data Scientist - Remote & Flexible,YO IT Consulting,Rosario,,,https://open.app.jobrapido.com/ar/5497319688738177024/?w=data%20scientist&l=&oc=sponsored&k=web.1.4.11&uuid=arF0019d6aed7ecdc610&page_item_id=1736262486,Data Scientist,jobrapido,2026-04-07T23:30:43.558527,,,,
1712607151886696448,Kaggle Grandmaster Data Scientist - Remote & Flexible,YO IT Consulting,Rosario,,,https://open.app.jobrapido.com/ar/1712607151886696448/?w=data%20scientist&l=&oc=sponsored&k=web.1.4.12&uuid=arF0019d6aed7ecdc610&page_item_id=2063363248,Data Scientist,jobrapido,2026-04-07T23:30:43.559195,,,,
1390036828576284672,Kaggle Grandmaster Data Scientist - Remote & Flexible,YO IT Consulting,Capital Federal,,,https://open.app.jobrapido.com/ar/1390036828576284672/?w=data%20scientist&l=&oc=sponsored&k=web.1.4.13&uuid=arF0019d6aed7ecdc610&page_item_id=1568707781,Data Scientist,jobrapido,2026-04-07T23:30:43.560084,,,,
1357231799649959936,Kaggle Grandmaster Data Scientist - Remote & Flexible,YO IT Consulting,Tigre,,,https://open.app.jobrapido.com/ar/1357231799649959936/?w=data%20scientist&l=&oc=sponsored&k=web.1.4.14&uuid=arF0019d6aed7ecdc610&page_item_id=-1363776252,Data Scientist,jobrapido,2026-04-07T23:30:43.560922,,,,
9096803686411141120,Remote Data Scientist — ML Insights & SQL Analytics,Sophilabs,Tigre,,,https://open.app.jobrapido.com/ar/9096803686411141120/?w=data%20scientist&l=&oc=sponsored&k=web.1.4.15&uuid=arF0019d6aed7ecdc610&page_item_id=971894294,Data Scientist,jobrapido,2026-04-07T23:30:43.561627,,,,
8685568745436872704,Remote Data Scientist — ML Insights & SQL Analytics,Sophilabs,Córdoba,,,https://open.app.jobrapido.com/ar/8685568745436872704/?w=data%20scientist&l=&oc=sponsored&k=web.1.4.16&uuid=arF0019d6aed7ecdc610&page_item_id=-517597393,Data Scientist,jobrapido,2026-04-07T23:30:43.562309,,,,
8255504667836940288,"Remote Data Scientist — ML, Analytics & Business Impact",Sophilabs,Entre Ríos,,,https://open.app.jobrapido.com/ar/8255504667836940288/?w=data%20scientist&l=&oc=sponsored&k=web.1.4.17&uuid=arF0019d6aed7ecdc610&page_item_id=1499644713,Data Scientist,jobrapido,2026-04-07T23:30:43.562988,,,,
8153329251290972160,Remote Product Data Scientist — Growth & Experimentation,Kake,Entre Ríos,,,https://open.app.jobrapido.com/ar/8153329251290972160/?w=data%20scientist&l=&oc=sponsored&k=web.1.4.18&uuid=arF0019d6aed7ecdc610&page_item_id=-1337718082,Data Scientist,jobrapido,2026-04-07T23:30:43.563671,,,,
7985710902659776512,Remote Product Data Scientist — Growth & Experimentation,Kake,Rosario,,,https://open.app.jobrapido.com/ar/7985710902659776512/?w=data%20scientist&l=&oc=sponsored&k=web.1.4.19&uuid=arF0019d6aed7ecdc610&page_item_id=-82161353,Data Scientist,jobrapido,2026-04-07T23:30:43.564349,,,,
5773359710753259520,Data Analyst (Senior) ID54349,AgileEngine,Mendoza,,,https://open.app.jobrapido.com/ar/5773359710753259520/?w=data%20analyst&l=&oc=sponsored&k=web.1.1.0&uuid=arF0019d6aefab1bcc4e&page_item_id=1523231162,Data Analyst,jobrapido,2026-04-07T23:33:06.175628,,,,
7951553818028670976,Data Analyst | 100% Remote | Mendoza,Prometeo Talent,Mendoza,,,https://open.app.jobrapido.com/ar/7951553818028670976/?w=data%20analyst&l=&oc=sponsored&k=web.1.1.1&uuid=arF0019d6aefab1bcc4e&page_item_id=283324094,Data Analyst,jobrapido,2026-04-07T23:33:06.177110,,,,
1521154620980723712,Data Analyst | 100% Remote | LATAM,Prometeo Talent,Mendoza,,,https://open.app.jobrapido.com/ar/1521154620980723712/?w=data%20analyst&l=&oc=sponsored&k=web.1.1.2&uuid=arF0019d6aefab1bcc4e&page_item_id=-565292023,Data Analyst,jobrapido,2026-04-07T23:33:06.178956,,,,
7543870093453688832,Salesforce Data Cloud Analyst ID50023,AgileEngine,Mendoza,,,https://open.app.jobrapido.com/ar/7543870093453688832/?w=data%20analyst&l=&oc=sponsored&k=web.1.1.3&uuid=arF0019d6aefab1bcc4e&page_item_id=1018822365,Data Analyst,jobrapido,2026-04-07T23:33:06.180006,,,,
587397313144553472,Data Analyst (Senior) ID54349,"AgileEngine, LLC.",Mendoza,,,https://open.app.jobrapido.com/ar/587397313144553472/?w=data%20analyst&l=&oc=sponsored&k=web.1.1.4&uuid=arF0019d6aefab1bcc4e&page_item_id=1773573144,Data Analyst,jobrapido,2026-04-07T23:33:06.181016,,,,
2473253268826882048,E-Commerce Data Analyst,Scale Up Recruiting Partners,Mendoza,,,https://open.app.jobrapido.com/ar/2473253268826882048/?w=data%20analyst&l=&oc=sponsored&k=web.1.1.5&uuid=arF0019d6aefab1bcc4e&page_item_id=1358095566,Data Analyst,jobrapido,2026-04-07T23:33:06.182015,,,,
1704595835288813568,Data Analyst – Ecommerce (Amazon & Shopify),Scale Up Recruiting Partners,Mendoza,,,https://open.app.jobrapido.com/ar/1704595835288813568/?w=data%20analyst&l=&oc=sponsored&k=web.1.1.6&uuid=arF0019d6aefab1bcc4e&page_item_id=-163709714,Data Analyst,jobrapido,2026-04-07T23:33:06.183097,,,,
2059665798170935296,Senior Ecommerce Data Analyst: Amazon & Shopify (Remote),Scale Up Recruiting Partners,Mendoza,,,https://open.app.jobrapido.com/ar/2059665798170935296/?w=data%20analyst&l=&oc=sponsored&k=web.1.1.7&uuid=arF0019d6aefab1bcc4e&page_item_id=1373192908,Data Analyst,jobrapido,2026-04-07T23:33:06.184125,,,,
1651534915960832000,Senior Data Analyst — Employee Communications Insights,"AgileEngine, LLC.",Mendoza,,,https://open.app.jobrapido.com/ar/1651534915960832000/?w=data%20analyst&l=&oc=sponsored&k=web.1.1.8&uuid=arF0019d6aefab1bcc4e&page_item_id=1073590980,Data Analyst,jobrapido,2026-04-07T23:33:06.185137,,,,
7147225521456152576,Senior Data Analyst: Employee Communications Insights,AgileEngine,Mendoza,,,https://open.app.jobrapido.com/ar/7147225521456152576/?w=data%20analyst&l=&oc=sponsored&k=web.1.1.9&uuid=arF0019d6aefab1bcc4e&page_item_id=809705335,Data Analyst,jobrapido,2026-04-07T23:33:06.186135,,,,
2410279302986727424,Remote Data & Digital Transformation Business Analyst,"AgileEngine, LLC.",Mendoza,,,https://open.app.jobrapido.com/ar/2410279302986727424/?w=data%20analyst&l=&oc=sponsored&k=web.1.1.10&uuid=arF0019d6aefab1bcc4e&page_item_id=-8555811,Data Analyst,jobrapido,2026-04-07T23:33:06.187130,,,,
2718136498565152768,Remote E‑commerce Data Analyst: Profitability & LTV,Scale Up Recruiting Partners,Mendoza,,,https://open.app.jobrapido.com/ar/2718136498565152768/?w=data%20analyst&l=&oc=sponsored&k=web.1.1.11&uuid=arF0019d6aefab1bcc4e&page_item_id=-1935725116,Data Analyst,jobrapido,2026-04-07T23:33:06.188099,,,,
3942646462227152896,Technical Business Analyst ID52085,AgileEngine,Mendoza,,,https://open.app.jobrapido.com/ar/3942646462227152896/?w=data%20analyst&l=&oc=sponsored&k=web.1.1.12&uuid=arF0019d6aefab1bcc4e&page_item_id=207426325,Data Analyst,jobrapido,2026-04-07T23:33:06.188897,,,,
4549126974345314304,Sr. Business Quality Assurance Analyst - Argentina,Built,Mendoza,,,https://open.app.jobrapido.com/ar/4549126974345314304/?w=data%20analyst&l=&oc=sponsored&k=web.1.1.13&uuid=arF0019d6aefab1bcc4e&page_item_id=2075377008,Data Analyst,jobrapido,2026-04-07T23:33:06.189691,,,,
1723497745840340992,Search Engine Optimization (SEO) Specialist,Wisevu,Mendoza,,,https://open.app.jobrapido.com/ar/1723497745840340992/?w=data%20analyst&l=&oc=sponsored&k=web.1.1.14&uuid=arF0019d6aefab1bcc4e&page_item_id=-1765410256,Data Analyst,jobrapido,2026-04-07T23:33:06.190489,,,,
4161774731596398592,Social Media Senior Associate,PwC,Mendoza,,,https://open.app.jobrapido.com/ar/4161774731596398592/?w=data%20analyst&l=&oc=sponsored&k=web.1.1.15&uuid=arF0019d6aefab1bcc4e&page_item_id=791584485,Data Analyst,jobrapido,2026-04-07T23:33:06.191286,,,,
1951000501357117440,Salesforce Data Cloud Architect & Data Engineer (Remote),AgileEngine,Mendoza,,,https://open.app.jobrapido.com/ar/1951000501357117440/?w=data%20analyst&l=&oc=sponsored&k=web.1.1.16&uuid=arF0019d6aefab1bcc4e&page_item_id=661139418,Data Analyst,jobrapido,2026-04-07T23:33:06.192087,,,,
573647383368302592,Technical Business Analyst ID52085,"AgileEngine, LLC.",Mendoza,,,https://open.app.jobrapido.com/ar/573647383368302592/?w=data%20analyst&l=&oc=sponsored&k=web.1.1.17&uuid=arF0019d6aefab1bcc4e&page_item_id=-1244010649,Data Analyst,jobrapido,2026-04-07T23:33:06.192875,,,,
5999864487669137408,Sr. Business Quality Assurance Analyst - Argentina,Launch Tennessee,Mendoza,,,https://open.app.jobrapido.com/ar/5999864487669137408/?w=data%20analyst&l=&oc=sponsored&k=web.1.1.18&uuid=arF0019d6aefab1bcc4e&page_item_id=2093809300,Data Analyst,jobrapido,2026-04-07T23:33:06.193678,,,,
1252157108380499968,Data Analyst (Senior) ID54349,"AgileEngine, LLC.",Mendoza Capital,,,https://open.app.jobrapido.com/ar/1252157108380499968/?w=data%20analyst&l=&oc=sponsored&k=web.1.1.19&uuid=arF0019d6aefab1bcc4e&page_item_id=594258065,Data Analyst,jobrapido,2026-04-07T23:33:06.194532,,,,
7076876568487788544,Data Analyst (Senior) ID54349,AgileEngine,Mendoza Capital,,,https://open.app.jobrapido.com/ar/7076876568487788544/?w=data%20analyst&l=&oc=sponsored&k=web.1.2.0&uuid=arF0019d6af184bed10e&page_item_id=-276293561,Data Analyst,jobrapido,2026-04-07T23:35:07.308674,,,,
4365048786322456576,E-Commerce Data Analyst,Scale Up Recruiting Partners,Mendoza Capital,,,https://open.app.jobrapido.com/ar/4365048786322456576/?w=data%20analyst&l=&oc=sponsored&k=web.1.2.1&uuid=arF0019d6af184bed10e&page_item_id=335853487,Data Analyst,jobrapido,2026-04-07T23:35:07.310190,,,,
3671621849617268736,Salesforce Data Cloud Analyst ID50023,AgileEngine,Mendoza Capital,,,https://open.app.jobrapido.com/ar/3671621849617268736/?w=data%20analyst&l=&oc=sponsored&k=web.1.2.2&uuid=arF0019d6af184bed10e&page_item_id=1418466259,Data Analyst,jobrapido,2026-04-07T23:35:07.311505,,,,
8402050463804948480,Data Analyst – Ecommerce (Amazon & Shopify),Scale Up Recruiting Partners,Mendoza Capital,,,https://open.app.jobrapido.com/ar/8402050463804948480/?w=data%20analyst&l=&oc=sponsored&k=web.1.2.3&uuid=arF0019d6af184bed10e&page_item_id=221358780,Data Analyst,jobrapido,2026-04-07T23:35:07.313373,,,,
7630906609274716160,Senior Ecommerce Data Analyst: Amazon & Shopify (Remote),Scale Up Recruiting Partners,Mendoza Capital,,,https://open.app.jobrapido.com/ar/7630906609274716160/?w=data%20analyst&l=&oc=sponsored&k=web.1.2.4&uuid=arF0019d6af184bed10e&page_item_id=1902633274,Data Analyst,jobrapido,2026-04-07T23:35:07.314739,,,,
1818766236499050496,Senior Data Analyst — Employee Communications Insights,"AgileEngine, LLC.",Mendoza Capital,,,https://open.app.jobrapido.com/ar/1818766236499050496/?w=data%20analyst&l=&oc=sponsored&k=web.1.2.5&uuid=arF0019d6af184bed10e&page_item_id=-1268293803,Data Analyst,jobrapido,2026-04-07T23:35:07.316083,,,,
593323143947354112,Remote Data & Digital Transformation Business Analyst,"AgileEngine, LLC.",Mendoza Capital,,,https://open.app.jobrapido.com/ar/593323143947354112/?w=data%20analyst&l=&oc=sponsored&k=web.1.2.6&uuid=arF0019d6af184bed10e&page_item_id=1928352694,Data Analyst,jobrapido,2026-04-07T23:35:07.317284,,,,
5037185741940064256,Senior Data Analyst: Employee Communications Insights,AgileEngine,Mendoza Capital,,,https://open.app.jobrapido.com/ar/5037185741940064256/?w=data%20analyst&l=&oc=sponsored&k=web.1.2.7&uuid=arF0019d6af184bed10e&page_item_id=1952136080,Data Analyst,jobrapido,2026-04-07T23:35:07.318275,,,,
2759374781676519424,Remote E‑commerce Data Analyst: Profitability & LTV,Scale Up Recruiting Partners,Mendoza Capital,,,https://open.app.jobrapido.com/ar/2759374781676519424/?w=data%20analyst&l=&oc=sponsored&k=web.1.2.8&uuid=arF0019d6af184bed10e&page_item_id=2086819667,Data Analyst,jobrapido,2026-04-07T23:35:07.319444,,,,
8452817376675627008,Salesforce Data Cloud Architect & Data Engineer (Remote),AgileEngine,Mendoza Capital,,,https://open.app.jobrapido.com/ar/8452817376675627008/?w=data%20analyst&l=&oc=sponsored&k=web.1.2.9&uuid=arF0019d6af184bed10e&page_item_id=924776270,Data Analyst,jobrapido,2026-04-07T23:35:07.321001,,,,
8163986267743191040,Technical Business Analyst ID52085,"AgileEngine, LLC.",Mendoza Capital,,,https://open.app.jobrapido.com/ar/8163986267743191040/?w=data%20analyst&l=&oc=sponsored&k=web.1.2.10&uuid=arF0019d6af184bed10e&page_item_id=1716741073,Data Analyst,jobrapido,2026-04-07T23:35:07.322065,,,,
747151417742983168,Sr. Business Quality Assurance Analyst - Argentina,Built,Mendoza Capital,,,https://open.app.jobrapido.com/ar/747151417742983168/?w=data%20analyst&l=&oc=sponsored&k=web.1.2.11&uuid=arF0019d6af184bed10e&page_item_id=-919679690,Data Analyst,jobrapido,2026-04-07T23:35:07.323086,,,,
4561377376419708928,Sr. Business Quality Assurance Analyst - Argentina,Launch Tennessee,Mendoza Capital,,,https://open.app.jobrapido.com/ar/4561377376419708928/?w=data%20analyst&l=&oc=sponsored&k=web.1.2.12&uuid=arF0019d6af184bed10e&page_item_id=1490766106,Data Analyst,jobrapido,2026-04-07T23:35:07.324100,,,,
8278220921664176128,Data Operations Analyst,JPMorgan Chase & Co.,Capital Federal,,,https://open.app.jobrapido.com/ar/8278220921664176128/?w=data%20analyst&l=&oc=sponsored&k=web.1.2.14&uuid=arF0019d6af184bed10e&page_item_id=1783138327,Data Analyst,jobrapido,2026-04-07T23:35:07.325476,,,,
6900319546805059584,Data Analyst - Semi Senior,PwC,Rosario,,,https://open.app.jobrapido.com/ar/6900319546805059584/?w=data%20analyst&l=&oc=sponsored&k=web.1.2.15&uuid=arF0019d6af184bed10e&page_item_id=1165786466,Data Analyst,jobrapido,2026-04-07T23:35:07.326382,,,,
652766934433005568,Senior Data & Insights Analyst,Hires,Ramos Mejía,,,https://open.app.jobrapido.com/ar/652766934433005568/?w=data%20analyst&l=&oc=sponsored&k=web.1.2.16&uuid=arF0019d6af184bed10e&page_item_id=48965246,Data Analyst,jobrapido,2026-04-07T23:35:07.327307,,,,
3405169994198155264,Associate Data Analyst,Blue Orange Digital,Capital Federal,,,https://open.app.jobrapido.com/ar/3405169994198155264/?w=data%20analyst&l=&oc=sponsored&k=web.1.2.17&uuid=arF0019d6af184bed10e&page_item_id=67547328,Data Analyst,jobrapido,2026-04-07T23:35:07.328384,,,,
498591008804569088,Senior Data Analyst (BI),Remitee,Capital Federal,,,https://open.app.jobrapido.com/ar/498591008804569088/?w=data%20analyst&l=&oc=sponsored&k=web.1.2.18&uuid=arF0019d6af184bed10e&page_item_id=-2144636153,Data Analyst,jobrapido,2026-04-07T23:35:07.329587,,,,
3272557690613661696,ACCOUNT EXECUTIVE-REMOTE,Toolbox OTT,Remoto,,,https://open.app.jobrapido.com/ar/3272557690613661696/?w=data%20analyst&l=&oc=sponsored&k=web.1.2.19&uuid=arF0019d6af184bed10e&page_item_id=2014438183,Data Analyst,jobrapido,2026-04-07T23:35:07.330418,,,,
6052994104999018496,Data Analyst Jr/Ssr,CFO TECH LATAM,Capital Federal,,,https://open.app.jobrapido.com/ar/6052994104999018496/?w=data%20analyst&l=&oc=sponsored&k=web.1.3.9&uuid=arF0019d6af367edd68b&page_item_id=523205148,Data Analyst,jobrapido,2026-04-07T23:37:11.138560,,,,
1952466644278181888,Senior Data Analyst & BI,Emergencias,Capital Federal,,,https://open.app.jobrapido.com/ar/1952466644278181888/?w=data%20analyst&l=&oc=sponsored&k=web.1.3.10&uuid=arF0019d6af367edd68b&page_item_id=-1058371976,Data Analyst,jobrapido,2026-04-07T23:37:11.140525,,,,
2285394160963813376,Data Analyst (Senior) ID54349,AgileEngine,Rosario,,,https://open.app.jobrapido.com/ar/2285394160963813376/?w=data%20analyst&l=&oc=sponsored&k=web.1.3.11&uuid=arF0019d6af367edd68b&page_item_id=1614187614,Data Analyst,jobrapido,2026-04-07T23:37:11.142455,,,,
5056020732606152704,Data Analyst (Senior) ID54349,AgileEngine,Córdoba,,,https://open.app.jobrapido.com/ar/5056020732606152704/?w=data%20analyst&l=&oc=sponsored&k=web.1.3.13&uuid=arF0019d6af367edd68b&page_item_id=1842313627,Data Analyst,jobrapido,2026-04-07T23:37:11.144954,,,,
5766535935432851456,Data Analyst (Senior) ID54349,AgileEngine,Santiago Del Estero,,,https://open.app.jobrapido.com/ar/5766535935432851456/?w=data%20analyst&l=&oc=sponsored&k=web.1.3.14&uuid=arF0019d6af367edd68b&page_item_id=-795292343,Data Analyst,jobrapido,2026-04-07T23:37:11.146901,,,,
658330463269552128,Salesforce Data Cloud Analyst ID50023,AgileEngine,Salta,,,https://open.app.jobrapido.com/ar/658330463269552128/?w=data%20analyst&l=&oc=sponsored&k=web.1.4.0&uuid=arF0019d6af3f013d801&page_item_id=1693463347,Data Analyst,jobrapido,2026-04-07T23:37:46.043417,,,,
428890973855023104,Salesforce Data Cloud Analyst ID50023,AgileEngine,Corrientes,,,https://open.app.jobrapido.com/ar/428890973855023104/?w=data%20analyst&l=&oc=sponsored&k=web.1.4.1&uuid=arF0019d6af3f013d801&page_item_id=-283338869,Data Analyst,jobrapido,2026-04-07T23:37:46.045292,,,,
7639923429256200192,Salesforce Data Cloud Analyst ID50023,AgileEngine,Resistencia,,,https://open.app.jobrapido.com/ar/7639923429256200192/?w=data%20analyst&l=&oc=sponsored&k=web.1.4.2&uuid=arF0019d6af3f013d801&page_item_id=1631124415,Data Analyst,jobrapido,2026-04-07T23:37:46.046497,,,,
3439300827989147648,Salesforce Data Cloud Analyst ID50023,AgileEngine,Córdoba,,,https://open.app.jobrapido.com/ar/3439300827989147648/?w=data%20analyst&l=&oc=sponsored&k=web.1.4.3&uuid=arF0019d6af3f013d801&page_item_id=-1513555661,Data Analyst,jobrapido,2026-04-07T23:37:46.048159,,,,
451725425182244864,Salesforce Data Cloud Analyst ID50023,AgileEngine,Santiago Del Estero,,,https://open.app.jobrapido.com/ar/451725425182244864/?w=data%20analyst&l=&oc=sponsored&k=web.1.4.4&uuid=arF0019d6af3f013d801&page_item_id=297250267,Data Analyst,jobrapido,2026-04-07T23:37:46.049398,,,,
2492898599562641408,Data Analyst | 100% Remote | Buenos Aires,Prometeo Talent,Capital Federal,,,https://open.app.jobrapido.com/ar/2492898599562641408/?w=data%20analyst&l=&oc=sponsored&k=web.1.4.5&uuid=arF0019d6af3f013d801&page_item_id=-1416646530,Data Analyst,jobrapido,2026-04-07T23:37:46.050622,,,,
6989690806848192512,Data Analyst,Soft Industry Alliance LLC,Rosario,,,https://open.app.jobrapido.com/ar/6989690806848192512/?w=data%20analyst&l=&oc=sponsored&k=web.1.4.6&uuid=arF0019d6af3f013d801&page_item_id=2082844809,Data Analyst,jobrapido,2026-04-07T23:37:46.052774,,,,
5739751694741274624,Data Analyst,Soft Industry Alliance LLC,Entre Ríos,,,https://open.app.jobrapido.com/ar/5739751694741274624/?w=data%20analyst&l=&oc=sponsored&k=web.1.4.7&uuid=arF0019d6af3f013d801&page_item_id=-1650501194,Data Analyst,jobrapido,2026-04-07T23:37:46.054064,,,,
4593001748901134336,Data Analyst,Soft Industry Alliance LLC,Córdoba,,,https://open.app.jobrapido.com/ar/4593001748901134336/?w=data%20analyst&l=&oc=sponsored&k=web.1.4.8&uuid=arF0019d6af3f013d801&page_item_id=1446978401,Data Analyst,jobrapido,2026-04-07T23:37:46.054989,,,,
2662285718805544960,Data Analyst,Soft Industry Alliance LLC,Tigre,,,https://open.app.jobrapido.com/ar/2662285718805544960/?w=data%20analyst&l=&oc=sponsored&k=web.1.4.9&uuid=arF0019d6af3f013d801&page_item_id=-279330941,Data Analyst,jobrapido,2026-04-07T23:37:46.055924,,,,
945318047684493312,Data Analyst,Soft Industry Alliance LLC,Rosario,,,https://open.app.jobrapido.com/ar/945318047684493312/?w=data%20analyst&l=&oc=sponsored&k=web.1.4.10&uuid=arF0019d6af3f013d801&page_item_id=1043498338,Data Analyst,jobrapido,2026-04-07T23:37:46.056883,,,,
4153697895272415232,Data Analyst,Soft Industry Alliance LLC,Capital Federal,,,https://open.app.jobrapido.com/ar/4153697895272415232/?w=data%20analyst&l=&oc=sponsored&k=web.1.4.11&uuid=arF0019d6af3f013d801&page_item_id=2121038394,Data Analyst,jobrapido,2026-04-07T23:37:46.057812,,,,
1588774379930517504,CRM Data Quality & Operations Analyst - Canada Client,PwC Argentina,Olivos,,,https://open.app.jobrapido.com/ar/1588774379930517504/?w=data%20analyst&l=&oc=sponsored&k=web.1.4.12&uuid=arF0019d6af3f013d801&page_item_id=-2141539189,Data Analyst,jobrapido,2026-04-07T23:37:46.058749,,,,
605230992315121664,Data Analyst,YO IT Consulting,Capital Federal,,,https://open.app.jobrapido.com/ar/605230992315121664/?w=data%20analyst&l=&oc=sponsored&k=web.1.4.13&uuid=arF0019d6af3f013d801&page_item_id=-1289031127,Data Analyst,jobrapido,2026-04-07T23:37:46.059683,,,,
4624617243685158912,Data Analyst,AgileEngine,Capital Federal,,,https://open.app.jobrapido.com/ar/4624617243685158912/?w=data%20analyst&l=&oc=sponsored&k=web.1.4.14&uuid=arF0019d6af3f013d801&page_item_id=-525043045,Data Analyst,jobrapido,2026-04-07T23:37:46.060617,,,,
7099486938486276096,Data Analyst,IPSY,Córdoba,,,https://open.app.jobrapido.com/ar/7099486938486276096/?w=data%20analyst&l=&oc=sponsored&k=web.1.4.15&uuid=arF0019d6af3f013d801&page_item_id=-1760509449,Data Analyst,jobrapido,2026-04-07T23:37:46.061548,,,,
5802450245803573248,Data Analyst,IPSY,Entre Ríos,,,https://open.app.jobrapido.com/ar/5802450245803573248/?w=data%20analyst&l=&oc=sponsored&k=web.1.4.16&uuid=arF0019d6af3f013d801&page_item_id=-1413854463,Data Analyst,jobrapido,2026-04-07T23:37:46.062557,,,,
4263676026149666816,Data Analyst,IPSY,Tigre,,,https://open.app.jobrapido.com/ar/4263676026149666816/?w=data%20analyst&l=&oc=sponsored&k=web.1.4.17&uuid=arF0019d6af3f013d801&page_item_id=268169033,Data Analyst,jobrapido,2026-04-07T23:37:46.063870,,,,
3366706534837911552,Data Analyst,IPSY,Rosario,,,https://open.app.jobrapido.com/ar/3366706534837911552/?w=data%20analyst&l=&oc=sponsored&k=web.1.4.18&uuid=arF0019d6af3f013d801&page_item_id=586793820,Data Analyst,jobrapido,2026-04-07T23:37:46.064791,,,,
3153741028142350336,Data Analyst,IPSY,Rosario,,,https://open.app.jobrapido.com/ar/3153741028142350336/?w=data%20analyst&l=&oc=sponsored&k=web.1.4.19&uuid=arF0019d6af3f013d801&page_item_id=-1384949190,Data Analyst,jobrapido,2026-04-07T23:37:46.065568,,,,
966893008442097664,Product Manager | Remote | US Startup Helping Frontline Workers,Atomic HR,Mendoza,,,https://open.app.jobrapido.com/ar/966893008442097664/?w=machine%20learning&l=&oc=sponsored&k=web.1.1.0&uuid=arF0019d6af61ec6dd3e&page_item_id=731931857,Machine Learning Engineer,jobrapido,2026-04-07T23:40:08.873908,,,,
8115636343423369216,Personalized Internet Ads Assessor - Italian (AR) - WFH,TELUS Digital,Mendoza,,,https://open.app.jobrapido.com/ar/8115636343423369216/?w=machine%20learning&l=&oc=sponsored&k=web.1.1.1&uuid=arF0019d6af61ec6dd3e&page_item_id=329781535,Machine Learning Engineer,jobrapido,2026-04-07T23:40:08.875403,,,,
7985418982322601984,Personalized Internet Ads Assessor - Italian (AR) - WFH,TELUS Digital,Mendoza Capital,,,https://open.app.jobrapido.com/ar/7985418982322601984/?w=machine%20learning&l=&oc=sponsored&k=web.1.1.2&uuid=arF0019d6af61ec6dd3e&page_item_id=1138267773,Machine Learning Engineer,jobrapido,2026-04-07T23:40:08.876714,,,,
122109637519474688,Machine Learning Specialist,Pacifica Continental,Capital Federal,,,https://open.app.jobrapido.com/ar/122109637519474688/?w=machine%20learning&l=&oc=sponsored&k=web.1.1.3&uuid=arF0019d6af61ec6dd3e&page_item_id=-2122261674,Machine Learning Engineer,jobrapido,2026-04-07T23:40:08.878005,,,,
5790248209355898880,Machine Learning Engineer,REKLUT,Pilar,,,https://open.app.jobrapido.com/ar/5790248209355898880/?w=machine%20learning&l=&oc=sponsored&k=web.1.1.4&uuid=arF0019d6af61ec6dd3e&page_item_id=-1860887118,Machine Learning Engineer,jobrapido,2026-04-07T23:40:08.879421,,,,
403322930462720000,Machine Learning Engineer,REKLUT,Capital Federal,,,https://open.app.jobrapido.com/ar/403322930462720000/?w=machine%20learning&l=&oc=sponsored&k=web.1.1.5&uuid=arF0019d6af61ec6dd3e&page_item_id=536495321,Machine Learning Engineer,jobrapido,2026-04-07T23:40:08.881134,,,,
1615765191369162752,Lead Machine Learning Engineer,Marathon Talent,Capital Federal,,,https://open.app.jobrapido.com/ar/1615765191369162752/?w=machine%20learning&l=&oc=sponsored&k=web.1.1.6&uuid=arF0019d6af61ec6dd3e&page_item_id=611308941,Machine Learning Engineer,jobrapido,2026-04-07T23:40:08.882159,,,,
6693497011573882880,Sr. Machine Learning Engineer,Xometry,Ciudadela,,,https://open.app.jobrapido.com/ar/6693497011573882880/?w=machine%20learning&l=&oc=sponsored&k=web.1.1.7&uuid=arF0019d6af61ec6dd3e&page_item_id=1807279229,Machine Learning Engineer,jobrapido,2026-04-07T23:40:08.883176,,,,
6803558125514260480,Senior Machine Learning Engineer,Fusemachines,Capital Federal,,,https://open.app.jobrapido.com/ar/6803558125514260480/?w=machine%20learning&l=&oc=sponsored&k=web.1.1.8&uuid=arF0019d6af61ec6dd3e&page_item_id=333105933,Machine Learning Engineer,jobrapido,2026-04-07T23:40:08.884167,,,,
2540478865743020032,Machine Learning Engineer,Blue Orange Digital,Capital Federal,,,https://open.app.jobrapido.com/ar/2540478865743020032/?w=machine%20learning&l=&oc=sponsored&k=web.1.1.9&uuid=arF0019d6af61ec6dd3e&page_item_id=1588917767,Machine Learning Engineer,jobrapido,2026-04-07T23:40:08.885520,,,,
5849289578585784320,MLOps Engineer (Machine Learning – AI),REKLUT,Pilar,,,https://open.app.jobrapido.com/ar/5849289578585784320/?w=machine%20learning&l=&oc=sponsored&k=web.1.1.10&uuid=arF0019d6af61ec6dd3e&page_item_id=-2041609354,Machine Learning Engineer,jobrapido,2026-04-07T23:40:08.886525,,,,
49500088644403200,Machine Learning Engineer — Campaign Delivery,Techunting,Capital Federal,,,https://open.app.jobrapido.com/ar/49500088644403200/?w=machine%20learning&l=&oc=sponsored&k=web.1.1.11&uuid=arF0019d6af61ec6dd3e&page_item_id=300554865,Machine Learning Engineer,jobrapido,2026-04-07T23:40:08.887548,,,,
652428284851650560,MLOps Engineer (Machine Learning – AI),REKLUT,Capital Federal,,,https://open.app.jobrapido.com/ar/652428284851650560/?w=machine%20learning&l=&oc=sponsored&k=web.1.1.12&uuid=arF0019d6af61ec6dd3e&page_item_id=-1994826756,Machine Learning Engineer,jobrapido,2026-04-07T23:40:08.888538,,,,
9040649428557365248,Machine Learning Engineer,YO IT Consulting,Rosario,,,https://open.app.jobrapido.com/ar/9040649428557365248/?w=machine%20learning&l=&oc=sponsored&k=web.1.1.13&uuid=arF0019d6af61ec6dd3e&page_item_id=517248238,Machine Learning Engineer,jobrapido,2026-04-07T23:40:08.889476,,,,
8367581186591031296,Machine Learning Engineer,YO IT Consulting,Entre Ríos,,,https://open.app.jobrapido.com/ar/8367581186591031296/?w=machine%20learning&l=&oc=sponsored&k=web.1.1.14&uuid=arF0019d6af61ec6dd3e&page_item_id=631058018,Machine Learning Engineer,jobrapido,2026-04-07T23:40:08.890269,,,,
6487108439838294016,Machine Learning Engineer,YO IT Consulting,Rosario,,,https://open.app.jobrapido.com/ar/6487108439838294016/?w=machine%20learning&l=&oc=sponsored&k=web.1.1.15&uuid=arF0019d6af61ec6dd3e&page_item_id=-2123233285,Machine Learning Engineer,jobrapido,2026-04-07T23:40:08.891058,,,,
4216449802713432064,Machine Learning Engineer,YO IT Consulting,Tigre,,,https://open.app.jobrapido.com/ar/4216449802713432064/?w=machine%20learning&l=&oc=sponsored&k=web.1.1.16&uuid=arF0019d6af61ec6dd3e&page_item_id=-914226449,Machine Learning Engineer,jobrapido,2026-04-07T23:40:08.891840,,,,
3776082201649610752,Machine Learning Engineer,YO IT Consulting,Córdoba,,,https://open.app.jobrapido.com/ar/3776082201649610752/?w=machine%20learning&l=&oc=sponsored&k=web.1.1.17&uuid=arF0019d6af61ec6dd3e&page_item_id=1130262558,Machine Learning Engineer,jobrapido,2026-04-07T23:40:08.892633,,,,
4846929617124065280,Machine Learning Engineer,YO IT Consulting,Capital Federal,,,https://open.app.jobrapido.com/ar/4846929617124065280/?w=machine%20learning&l=&oc=sponsored&k=web.1.1.18&uuid=arF0019d6af61ec6dd3e&page_item_id=-1260778908,Machine Learning Engineer,jobrapido,2026-04-07T23:40:08.893437,,,,
9097396323178512384,Machine Learning Engineer,Mutt Data,Entre Ríos,,,https://open.app.jobrapido.com/ar/9097396323178512384/?w=machine%20learning&l=&oc=sponsored&k=web.1.1.19&uuid=arF0019d6af61ec6dd3e&page_item_id=548393537,Machine Learning Engineer,jobrapido,2026-04-07T23:40:08.894225,,,,
7129041811040894976,Machine Learning Engineer,Mutt Data,Rosario,,,https://open.app.jobrapido.com/ar/7129041811040894976/?w=machine%20learning&l=&oc=sponsored&k=web.1.2.0&uuid=arF0019d6af8273ff9b6&page_item_id=2067461230,Machine Learning Engineer,jobrapido,2026-04-07T23:42:22.313420,,,,
5226382019151265792,Machine Learning Engineer,Mutt Data,Tigre,,,https://open.app.jobrapido.com/ar/5226382019151265792/?w=machine%20learning&l=&oc=sponsored&k=web.1.2.1&uuid=arF0019d6af8273ff9b6&page_item_id=-579581151,Machine Learning Engineer,jobrapido,2026-04-07T23:42:22.314927,,,,
1994345599071158272,Machine Learning Engineer,Mutt Data,Córdoba,,,https://open.app.jobrapido.com/ar/1994345599071158272/?w=machine%20learning&l=&oc=sponsored&k=web.1.2.2&uuid=arF0019d6af8273ff9b6&page_item_id=-628518123,Machine Learning Engineer,jobrapido,2026-04-07T23:42:22.316824,,,,
1598691837374103552,Machine Learning Engineer,Mutt Data,Rosario,,,https://open.app.jobrapido.com/ar/1598691837374103552/?w=machine%20learning&l=&oc=sponsored&k=web.1.2.3&uuid=arF0019d6af8273ff9b6&page_item_id=2004564441,Machine Learning Engineer,jobrapido,2026-04-07T23:42:22.317864,,,,
8109248730621804544,Machine Learning Engineer Sr.,Flux IT,Córdoba,,,https://open.app.jobrapido.com/ar/8109248730621804544/?w=machine%20learning&l=&oc=sponsored&k=web.1.2.4&uuid=arF0019d6af8273ff9b6&page_item_id=1966603851,Machine Learning Engineer,jobrapido,2026-04-07T23:42:22.318910,,,,
7030918094843281408,Machine Learning Engineer Sr.,Flux IT,Entre Ríos,,,https://open.app.jobrapido.com/ar/7030918094843281408/?w=machine%20learning&l=&oc=sponsored&k=web.1.2.5&uuid=arF0019d6af8273ff9b6&page_item_id=-689074227,Machine Learning Engineer,jobrapido,2026-04-07T23:42:22.319902,,,,
5105629254142394368,Machine Learning Engineer Sr.,Flux IT,Tigre,,,https://open.app.jobrapido.com/ar/5105629254142394368/?w=machine%20learning&l=&oc=sponsored&k=web.1.2.6&uuid=arF0019d6af8273ff9b6&page_item_id=-1276692345,Machine Learning Engineer,jobrapido,2026-04-07T23:42:22.320898,,,,
2797393707626659840,Machine Learning Engineer Sr.,Flux IT,Rosario,,,https://open.app.jobrapido.com/ar/2797393707626659840/?w=machine%20learning&l=&oc=sponsored&k=web.1.2.7&uuid=arF0019d6af8273ff9b6&page_item_id=-932562817,Machine Learning Engineer,jobrapido,2026-04-07T23:42:22.321889,,,,
1960568601865879552,Machine Learning Engineer Sr.,Flux IT,Rosario,,,https://open.app.jobrapido.com/ar/1960568601865879552/?w=machine%20learning&l=&oc=sponsored&k=web.1.2.8&uuid=arF0019d6af8273ff9b6&page_item_id=-1669591747,Machine Learning Engineer,jobrapido,2026-04-07T23:42:22.322873,,,,
1376722554512736256,Machine Learning Engineer Sr.,Flux IT,Capital Federal,,,https://open.app.jobrapido.com/ar/1376722554512736256/?w=machine%20learning&l=&oc=sponsored&k=web.1.2.9&uuid=arF0019d6af8273ff9b6&page_item_id=-1360746998,Machine Learning Engineer,jobrapido,2026-04-07T23:42:22.323857,,,,
8304310889482289152,Senior Machine Learning Engineer,North Eastern Services,Tigre,,,https://open.app.jobrapido.com/ar/8304310889482289152/?w=machine%20learning&l=&oc=sponsored&k=web.1.2.10&uuid=arF0019d6af8273ff9b6&page_item_id=-469490917,Machine Learning Engineer,jobrapido,2026-04-07T23:42:22.324970,,,,
6962458102851436544,Senior Machine Learning Engineer,North Eastern Services,Rosario,,,https://open.app.jobrapido.com/ar/6962458102851436544/?w=machine%20learning&l=&oc=sponsored&k=web.1.2.11&uuid=arF0019d6af8273ff9b6&page_item_id=2113355358,Machine Learning Engineer,jobrapido,2026-04-07T23:42:22.325906,,,,
6786184398686388224,Senior Machine Learning Engineer,North Eastern Services,Rosario,,,https://open.app.jobrapido.com/ar/6786184398686388224/?w=machine%20learning&l=&oc=sponsored&k=web.1.2.12&uuid=arF0019d6af8273ff9b6&page_item_id=1985702000,Machine Learning Engineer,jobrapido,2026-04-07T23:42:22.326705,,,,
1192734552213159936,Senior Machine Learning Engineer,North Eastern Services,Córdoba,,,https://open.app.jobrapido.com/ar/1192734552213159936/?w=machine%20learning&l=&oc=sponsored&k=web.1.2.13&uuid=arF0019d6af8273ff9b6&page_item_id=1470210886,Machine Learning Engineer,jobrapido,2026-04-07T23:42:22.327496,,,,
663954121648242688,Senior Machine Learning Engineer,North Eastern Services,Entre Ríos,,,https://open.app.jobrapido.com/ar/663954121648242688/?w=machine%20learning&l=&oc=sponsored&k=web.1.2.14&uuid=arF0019d6af8273ff9b6&page_item_id=-343015221,Machine Learning Engineer,jobrapido,2026-04-07T23:42:22.328289,,,,
8978944836006576128,Machine Learning Engineer Lead,Mutt Data,Tigre,,,https://open.app.jobrapido.com/ar/8978944836006576128/?w=machine%20learning&l=&oc=sponsored&k=web.1.2.15&uuid=arF0019d6af8273ff9b6&page_item_id=-1757206838,Machine Learning Engineer,jobrapido,2026-04-07T23:42:22.329108,,,,
6085945025374453760,Machine Learning Engineer Lead,Mutt Data,Entre Ríos,,,https://open.app.jobrapido.com/ar/6085945025374453760/?w=machine%20learning&l=&oc=sponsored&k=web.1.2.16&uuid=arF0019d6af8273ff9b6&page_item_id=-1000472119,Machine Learning Engineer,jobrapido,2026-04-07T23:42:22.329902,,,,
2617279409345789952,Machine Learning Engineer Lead,Mutt Data,Rosario,,,https://open.app.jobrapido.com/ar/2617279409345789952/?w=machine%20learning&l=&oc=sponsored&k=web.1.2.17&uuid=arF0019d6af8273ff9b6&page_item_id=1246371807,Machine Learning Engineer,jobrapido,2026-04-07T23:42:22.330720,,,,
2342248670285529088,Machine Learning Engineer Lead,Mutt Data,Córdoba,,,https://open.app.jobrapido.com/ar/2342248670285529088/?w=machine%20learning&l=&oc=sponsored&k=web.1.2.18&uuid=arF0019d6af8273ff9b6&page_item_id=-642820458,Machine Learning Engineer,jobrapido,2026-04-07T23:42:22.331516,,,,
1434662294695968768,Machine Learning Engineer Lead,Mutt Data,Rosario,,,https://open.app.jobrapido.com/ar/1434662294695968768/?w=machine%20learning&l=&oc=sponsored&k=web.1.2.19&uuid=arF0019d6af8273ff9b6&page_item_id=1302470569,Machine Learning Engineer,jobrapido,2026-04-07T23:42:22.332695,,,,
5226317513037447168,Machine Learning Engineer Lead,Mutt Data,Capital Federal,,,https://open.app.jobrapido.com/ar/5226317513037447168/?w=machine%20learning&l=&oc=sponsored&k=web.1.3.0&uuid=arF0019d6afa27211139&page_item_id=-287999906,Machine Learning Engineer,jobrapido,2026-04-07T23:44:33.318464,,,,
417646199718281216,Senior Machine Learning Engineer,Olenick,Capital Federal,,,https://open.app.jobrapido.com/ar/417646199718281216/?w=machine%20learning&l=&oc=sponsored&k=web.1.3.1&uuid=arF0019d6afa27211139&page_item_id=-1547170246,Machine Learning Engineer,jobrapido,2026-04-07T23:44:33.319174,,,,
8707040008504082432,Machine Learning Expert,Accenture Argentina,Córdoba,,,https://open.app.jobrapido.com/ar/8707040008504082432/?w=machine%20learning&l=&oc=sponsored&k=web.1.3.2&uuid=arF0019d6afa27211139&page_item_id=994374624,Machine Learning Engineer,jobrapido,2026-04-07T23:44:33.319766,,,,
7907008959855198208,Machine Learning Expert,Accenture Argentina,Entre Ríos,,,https://open.app.jobrapido.com/ar/7907008959855198208/?w=machine%20learning&l=&oc=sponsored&k=web.1.3.3&uuid=arF0019d6afa27211139&page_item_id=-1621125434,Machine Learning Engineer,jobrapido,2026-04-07T23:44:33.320350,,,,
7902514156320849920,Machine Learning Expert,Accenture Argentina,Capital Federal,,,https://open.app.jobrapido.com/ar/7902514156320849920/?w=machine%20learning&l=&oc=sponsored&k=web.1.3.4&uuid=arF0019d6afa27211139&page_item_id=-529491815,Machine Learning Engineer,jobrapido,2026-04-07T23:44:33.320917,,,,
7828477441352925184,Machine Learning Engineer,Understanding Solutions,Córdoba,,,https://open.app.jobrapido.com/ar/7828477441352925184/?w=machine%20learning&l=&oc=sponsored&k=web.1.3.5&uuid=arF0019d6afa27211139&page_item_id=466059979,Machine Learning Engineer,jobrapido,2026-04-07T23:44:33.321501,,,,
7686974692904665088,Machine Learning Expert,Accenture Argentina,Tigre,,,https://open.app.jobrapido.com/ar/7686974692904665088/?w=machine%20learning&l=&oc=sponsored&k=web.1.3.6&uuid=arF0019d6afa27211139&page_item_id=940548039,Machine Learning Engineer,jobrapido,2026-04-07T23:44:33.322177,,,,
6059978958772895744,Machine Learning Engineer,Understanding Solutions,Tigre,,,https://open.app.jobrapido.com/ar/6059978958772895744/?w=machine%20learning&l=&oc=sponsored&k=web.1.3.7&uuid=arF0019d6afa27211139&page_item_id=1988758066,Machine Learning Engineer,jobrapido,2026-04-07T23:44:33.322778,,,,
5755162449716183040,Machine Learning Engineer,Understanding Solutions,Rosario,,,https://open.app.jobrapido.com/ar/5755162449716183040/?w=machine%20learning&l=&oc=sponsored&k=web.1.3.8&uuid=arF0019d6afa27211139&page_item_id=1790013337,Machine Learning Engineer,jobrapido,2026-04-07T23:44:33.323559,,,,
5273608242587500544,Machine Learning Engineer,Understanding Solutions,Rosario,,,https://open.app.jobrapido.com/ar/5273608242587500544/?w=machine%20learning&l=&oc=sponsored&k=web.1.3.9&uuid=arF0019d6afa27211139&page_item_id=1424633057,Machine Learning Engineer,jobrapido,2026-04-07T23:44:33.324167,,,,
4827139451501150208,Machine Learning Expert,Accenture Argentina,Rosario,,,https://open.app.jobrapido.com/ar/4827139451501150208/?w=machine%20learning&l=&oc=sponsored&k=web.1.3.10&uuid=arF0019d6afa27211139&page_item_id=1297450349,Machine Learning Engineer,jobrapido,2026-04-07T23:44:33.324829,,,,
4267537510986416128,Machine Learning Engineer,Understanding Solutions,Entre Ríos,,,https://open.app.jobrapido.com/ar/4267537510986416128/?w=machine%20learning&l=&oc=sponsored&k=web.1.3.11&uuid=arF0019d6afa27211139&page_item_id=-1812983364,Machine Learning Engineer,jobrapido,2026-04-07T23:44:33.325523,,,,
2308219884917489664,Machine Learning Expert,Accenture Argentina,Rosario,,,https://open.app.jobrapido.com/ar/2308219884917489664/?w=machine%20learning&l=&oc=sponsored&k=web.1.3.12&uuid=arF0019d6afa27211139&page_item_id=-1298083916,Machine Learning Engineer,jobrapido,2026-04-07T23:44:33.326108,,,,
3282489497542983680,Machine Learning Engineer,Understanding Solutions,Capital Federal,,,https://open.app.jobrapido.com/ar/3282489497542983680/?w=machine%20learning&l=&oc=sponsored&k=web.1.3.13&uuid=arF0019d6afa27211139&page_item_id=750504360,Machine Learning Engineer,jobrapido,2026-04-07T23:44:33.326691,,,,
9149443462720913408,Senior Machine Learning Engineer,Stensul,Capital Federal,,,https://open.app.jobrapido.com/ar/9149443462720913408/?w=machine%20learning&l=&oc=sponsored&k=web.1.3.14&uuid=arF0019d6afa27211139&page_item_id=-1307575322,Machine Learning Engineer,jobrapido,2026-04-07T23:44:33.327281,,,,
4338566155414274048,Sr. Machine Learning Engineer,TenOneTen,Capital Federal,,,https://open.app.jobrapido.com/ar/4338566155414274048/?w=machine%20learning&l=&oc=sponsored&k=web.1.3.15&uuid=arF0019d6afa27211139&page_item_id=203234716,Machine Learning Engineer,jobrapido,2026-04-07T23:44:33.327853,,,,
8776493959007436800,Machine Learning Engineer (Remote),TWOSENSE.AI,Rosario,,,https://open.app.jobrapido.com/ar/8776493959007436800/?w=machine%20learning&l=&oc=sponsored&k=web.1.3.16&uuid=arF0019d6afa27211139&page_item_id=-835438380,Machine Learning Engineer,jobrapido,2026-04-07T23:44:33.328429,,,,
5975325359527165952,Machine Learning Engineer (Remote),TWOSENSE.AI,Tigre,,,https://open.app.jobrapido.com/ar/5975325359527165952/?w=machine%20learning&l=&oc=sponsored&k=web.1.3.17&uuid=arF0019d6afa27211139&page_item_id=-1543605719,Machine Learning Engineer,jobrapido,2026-04-07T23:44:33.328994,,,,
5742918288229269504,Machine Learning Engineer (Remote),TWOSENSE.AI,Entre Ríos,,,https://open.app.jobrapido.com/ar/5742918288229269504/?w=machine%20learning&l=&oc=sponsored&k=web.1.3.18&uuid=arF0019d6afa27211139&page_item_id=-1232079262,Machine Learning Engineer,jobrapido,2026-04-07T23:44:33.329567,,,,
4540647403232952320,Machine Learning Engineer (Remote),TWOSENSE.AI,Córdoba,,,https://open.app.jobrapido.com/ar/4540647403232952320/?w=machine%20learning&l=&oc=sponsored&k=web.1.3.19&uuid=arF0019d6afa27211139&page_item_id=-1901596082,Machine Learning Engineer,jobrapido,2026-04-07T23:44:33.330138,,,,
2532666492030287872,Machine Learning Engineer (Remote),TWOSENSE.AI,Rosario,,,https://open.app.jobrapido.com/ar/2532666492030287872/?w=machine%20learning&l=&oc=sponsored&k=web.1.4.0&uuid=arF0019d6afc2feb343a&page_item_id=1248772071,Machine Learning Engineer,jobrapido,2026-04-07T23:46:46.676865,,,,
5092675010007400448,Machine Learning Engineer (Remote),TWOSENSE.AI,Capital Federal,,,https://open.app.jobrapido.com/ar/5092675010007400448/?w=machine%20learning&l=&oc=sponsored&k=web.1.4.1&uuid=arF0019d6afc2feb343a&page_item_id=224806358,Machine Learning Engineer,jobrapido,2026-04-07T23:46:46.678738,,,,
2646173033030483968,Machine Learning Software Developer,ChrysaLabs inc.,Capital Federal,,,https://open.app.jobrapido.com/ar/2646173033030483968/?w=machine%20learning&l=&oc=sponsored&k=web.1.4.2&uuid=arF0019d6afc2feb343a&page_item_id=-519374498,Machine Learning Engineer,jobrapido,2026-04-07T23:46:46.680093,,,,
8001162339564912640,Machine Learning Architect,Caylent,Tigre,,,https://open.app.jobrapido.com/ar/8001162339564912640/?w=machine%20learning&l=&oc=sponsored&k=web.1.4.3&uuid=arF0019d6afc2feb343a&page_item_id=433711576,Machine Learning Engineer,jobrapido,2026-04-07T23:46:46.681393,,,,
5213020753850531840,Machine Learning Architect,Caylent,Rosario,,,https://open.app.jobrapido.com/ar/5213020753850531840/?w=machine%20learning&l=&oc=sponsored&k=web.1.4.4&uuid=arF0019d6afc2feb343a&page_item_id=1133057801,Machine Learning Engineer,jobrapido,2026-04-07T23:46:46.682698,,,,
4974743389971939328,Machine Learning Architect,Caylent,Rosario,,,https://open.app.jobrapido.com/ar/4974743389971939328/?w=machine%20learning&l=&oc=sponsored&k=web.1.4.5&uuid=arF0019d6afc2feb343a&page_item_id=878410927,Machine Learning Engineer,jobrapido,2026-04-07T23:46:46.683970,,,,
4619662706851446784,Machine Learning Architect,Caylent,Córdoba,,,https://open.app.jobrapido.com/ar/4619662706851446784/?w=machine%20learning&l=&oc=sponsored&k=web.1.4.6&uuid=arF0019d6afc2feb343a&page_item_id=165213881,Machine Learning Engineer,jobrapido,2026-04-07T23:46:46.685049,,,,
2587703646070243328,Machine Learning Architect,Caylent,Entre Ríos,,,https://open.app.jobrapido.com/ar/2587703646070243328/?w=machine%20learning&l=&oc=sponsored&k=web.1.4.7&uuid=arF0019d6afc2feb343a&page_item_id=-1684176908,Machine Learning Engineer,jobrapido,2026-04-07T23:46:46.686045,,,,
2573051197636214784,Machine Learning Architect,Caylent,Capital Federal,,,https://open.app.jobrapido.com/ar/2573051197636214784/?w=machine%20learning&l=&oc=sponsored&k=web.1.4.8&uuid=arF0019d6afc2feb343a&page_item_id=1594867489,Machine Learning Engineer,jobrapido,2026-04-07T23:46:46.687029,,,,
8867332654756790272,Senior Machine Learning Engineer (LLM Engineer),Blue Orange Digital,Capital Federal,,,https://open.app.jobrapido.com/ar/8867332654756790272/?w=machine%20learning&l=&oc=sponsored&k=web.1.4.9&uuid=arF0019d6afc2feb343a&page_item_id=-1201220541,Machine Learning Engineer,jobrapido,2026-04-07T23:46:46.687999,,,,
3646383054122909696,Machine Learning Engineer / AI Engineer (M),REKLUT,Remoto,,,https://open.app.jobrapido.com/ar/3646383054122909696/?w=machine%20learning&l=&oc=sponsored&k=web.1.4.10&uuid=arF0019d6afc2feb343a&page_item_id=663937928,Machine Learning Engineer,jobrapido,2026-04-07T23:46:46.688977,,,,
6261437320369537024,Machine Learning Engineer (100% remote Worldwide),Tether Operations Limited,Capital Federal,,,https://open.app.jobrapido.com/ar/6261437320369537024/?w=machine%20learning&l=&oc=sponsored&k=web.1.4.11&uuid=arF0019d6afc2feb343a&page_item_id=800649927,Machine Learning Engineer,jobrapido,2026-04-07T23:46:46.689956,,,,
2390525064765243392,"Consultor SAP Data Science & Machine Learning (Híbrida, CABA, Ref. 145159)",Talent Connect,Capital Federal,,,https://open.app.jobrapido.com/ar/2390525064765243392/?w=machine%20learning&l=&oc=sponsored&k=web.1.4.12&uuid=arF0019d6afc2feb343a&page_item_id=-379461711,Machine Learning Engineer,jobrapido,2026-04-07T23:46:46.690940,,,,
2777382737735057408,Analista de BI & Machine Learning (Remote) (E),REKLUT,Capital Federal,,,https://open.app.jobrapido.com/ar/2777382737735057408/?w=machine%20learning&l=&oc=sponsored&k=web.1.4.13&uuid=arF0019d6afc2feb343a&page_item_id=-309176109,Machine Learning Engineer,jobrapido,2026-04-07T23:46:46.691923,,,,
6969213502292492288,Machine Learning Engineer - Python / Remote LATAM,Zarego,Rosario,,,https://open.app.jobrapido.com/ar/6969213502292492288/?w=machine%20learning&l=&oc=sponsored&k=web.1.4.14&uuid=arF0019d6afc2feb343a&page_item_id=-1694437702,Machine Learning Engineer,jobrapido,2026-04-07T23:46:46.692903,,,,
6763235391991447552,Machine Learning Engineer - Python / Remote LATAM,Zarego,Entre Ríos,,,https://open.app.jobrapido.com/ar/6763235391991447552/?w=machine%20learning&l=&oc=sponsored&k=web.1.4.15&uuid=arF0019d6afc2feb343a&page_item_id=299217704,Machine Learning Engineer,jobrapido,2026-04-07T23:46:46.693698,,,,
6616727666613551104,Machine Learning Engineer - Python / Remote LATAM,Zarego,Rosario,,,https://open.app.jobrapido.com/ar/6616727666613551104/?w=machine%20learning&l=&oc=sponsored&k=web.1.4.16&uuid=arF0019d6afc2feb343a&page_item_id=1916011480,Machine Learning Engineer,jobrapido,2026-04-07T23:46:46.694595,,,,
4204376065528823808,Machine Learning Engineer - Python / Remote LATAM,Zarego,Tigre,,,https://open.app.jobrapido.com/ar/4204376065528823808/?w=machine%20learning&l=&oc=sponsored&k=web.1.4.17&uuid=arF0019d6afc2feb343a&page_item_id=-1215133542,Machine Learning Engineer,jobrapido,2026-04-07T23:46:46.695602,,,,
3862213544523071488,Machine Learning Engineer - Python / Remote LATAM,Zarego,Córdoba,,,https://open.app.jobrapido.com/ar/3862213544523071488/?w=machine%20learning&l=&oc=sponsored&k=web.1.4.18&uuid=arF0019d6afc2feb343a&page_item_id=-983786588,Machine Learning Engineer,jobrapido,2026-04-07T23:46:46.696411,,,,
8619451812723818496,Data Scientist (Sr) - Machine Learning y Cloud MLOps,MaxIT Consulting - Max Corporate Group,Rosario,,,https://open.app.jobrapido.com/ar/8619451812723818496/?w=machine%20learning&l=&oc=sponsored&k=web.1.4.19&uuid=arF0019d6afc2feb343a&page_item_id=-1432098996,Machine Learning Engineer,jobrapido,2026-04-07T23:46:46.697226,,,,
1216774411881807872,Senior Python Backend Engineer - NLP,GreenCode,Capital Federal,,,https://open.app.jobrapido.com/ar/1216774411881807872/?w=nlp&l=&oc=sponsored&k=web.1.1.0&uuid=arF0019d6afe4f4196ad&page_item_id=304275545,NLP Engineer,jobrapido,2026-04-07T23:49:05.554352,,,,
1294461505453948928,"NLP Engineer / Research Scientist ( Remote, US Client) (E)",REKLUT,Remoto,,,https://open.app.jobrapido.com/ar/1294461505453948928/?w=nlp&l=&oc=sponsored&k=web.1.1.1&uuid=arF0019d6afe4f4196ad&page_item_id=1644487559,NLP Engineer,jobrapido,2026-04-07T23:49:05.555890,,,,
7197692018544345088,Senior Python Backend Engineer - NLP,Greencode Software,Entre Ríos,,,https://open.app.jobrapido.com/ar/7197692018544345088/?w=nlp&l=&oc=sponsored&k=web.1.1.2&uuid=arF0019d6afe4f4196ad&page_item_id=269893454,NLP Engineer,jobrapido,2026-04-07T23:49:05.557074,,,,
7021356741728141312,Senior Python Backend Engineer - NLP,Greencode Software,Rosario,,,https://open.app.jobrapido.com/ar/7021356741728141312/?w=nlp&l=&oc=sponsored&k=web.1.1.3&uuid=arF0019d6afe4f4196ad&page_item_id=100114661,NLP Engineer,jobrapido,2026-04-07T23:49:05.558137,,,,
1177364479168479232,Senior Python Backend Engineer - NLP,Greencode Software,Córdoba,,,https://open.app.jobrapido.com/ar/1177364479168479232/?w=nlp&l=&oc=sponsored&k=web.1.1.4&uuid=arF0019d6afe4f4196ad&page_item_id=1790808869,NLP Engineer,jobrapido,2026-04-07T23:49:05.559147,,,,
844831480998789120,Senior Python Backend Engineer - NLP,Greencode Software,Rosario,,,https://open.app.jobrapido.com/ar/844831480998789120/?w=nlp&l=&oc=sponsored&k=web.1.1.5&uuid=arF0019d6afe4f4196ad&page_item_id=-52349860,NLP Engineer,jobrapido,2026-04-07T23:49:05.560141,,,,
130427099386216448,Senior Python Backend Engineer - NLP,Greencode Software,Tigre,,,https://open.app.jobrapido.com/ar/130427099386216448/?w=nlp&l=&oc=sponsored&k=web.1.1.6&uuid=arF0019d6afe4f4196ad&page_item_id=-637044469,NLP Engineer,jobrapido,2026-04-07T23:49:05.561138,,,,
9071852469042020352,Remote Senior Python Backend Engineer (NLP & Data),Greencode Software,Entre Ríos,,,https://open.app.jobrapido.com/ar/9071852469042020352/?w=nlp&l=&oc=sponsored&k=web.1.1.7&uuid=arF0019d6afe4f4196ad&page_item_id=-282865819,NLP Engineer,jobrapido,2026-04-07T23:49:05.562147,,,,
2380819538187911168,Remote Senior Python Backend Engineer (NLP & Data),Greencode Software,Córdoba,,,https://open.app.jobrapido.com/ar/2380819538187911168/?w=nlp&l=&oc=sponsored&k=web.1.1.8&uuid=arF0019d6afe4f4196ad&page_item_id=1451927215,NLP Engineer,jobrapido,2026-04-07T23:49:05.563136,,,,
2092870637012910080,Remote Senior Python Backend Engineer (NLP & Data),Greencode Software,Rosario,,,https://open.app.jobrapido.com/ar/2092870637012910080/?w=nlp&l=&oc=sponsored&k=web.1.1.9&uuid=arF0019d6afe4f4196ad&page_item_id=154073665,NLP Engineer,jobrapido,2026-04-07T23:49:05.564120,,,,
332939549036511232,Remote Senior Python Backend Engineer (NLP & Data),Greencode Software,Rosario,,,https://open.app.jobrapido.com/ar/332939549036511232/?w=nlp&l=&oc=sponsored&k=web.1.1.10&uuid=arF0019d6afe4f4196ad&page_item_id=-39995186,NLP Engineer,jobrapido,2026-04-07T23:49:05.565216,,,,
220801457631264768,Remote Senior Python Backend Engineer (NLP & Data),Greencode Software,Tigre,,,https://open.app.jobrapido.com/ar/220801457631264768/?w=nlp&l=&oc=sponsored&k=web.1.1.11&uuid=arF0019d6afe4f4196ad&page_item_id=1503231571,NLP Engineer,jobrapido,2026-04-07T23:49:05.566397,,,,
3508791199815172096,Lead Data Scientist - Product Growth & NLP (Remote),Félix,Capital Federal,,,https://open.app.jobrapido.com/ar/3508791199815172096/?w=nlp&l=&oc=sponsored&k=web.1.1.12&uuid=arF0019d6afe4f4196ad&page_item_id=1467177598,NLP Engineer,jobrapido,2026-04-07T23:49:05.567227,,,,
8199021243689598976,Desarrollador AI Multilingüe - RAG y NLP Avanzado,Encode S.A.,Córdoba,,,https://open.app.jobrapido.com/ar/8199021243689598976/?w=nlp&l=&oc=sponsored&k=web.1.1.13&uuid=arF0019d6afe4f4196ad&page_item_id=1998258038,NLP Engineer,jobrapido,2026-04-07T23:49:05.568056,,,,
9037864365604208640,Senior ML Engineer - Remote NLP & Generative AI Lead,Flux IT,Entre Ríos,,,https://open.app.jobrapido.com/ar/9037864365604208640/?w=nlp&l=&oc=sponsored&k=web.1.1.14&uuid=arF0019d6afe4f4196ad&page_item_id=-159363549,NLP Engineer,jobrapido,2026-04-07T23:49:05.568867,,,,
5077701658796883968,Senior ML Engineer - Remote NLP & Generative AI Lead,Flux IT,Rosario,,,https://open.app.jobrapido.com/ar/5077701658796883968/?w=nlp&l=&oc=sponsored&k=web.1.1.15&uuid=arF0019d6afe4f4196ad&page_item_id=-1921650768,NLP Engineer,jobrapido,2026-04-07T23:49:05.569685,,,,
497540837761089536,Senior ML Engineer - Remote NLP & Generative AI Lead,Flux IT,Córdoba,,,https://open.app.jobrapido.com/ar/497540837761089536/?w=nlp&l=&oc=sponsored&k=web.1.1.16&uuid=arF0019d6afe4f4196ad&page_item_id=-1041319313,NLP Engineer,jobrapido,2026-04-07T23:49:05.570888,,,,
398954227168182272,Senior ML Engineer - Remote NLP & Generative AI Lead,Flux IT,Tigre,,,https://open.app.jobrapido.com/ar/398954227168182272/?w=nlp&l=&oc=sponsored&k=web.1.1.17&uuid=arF0019d6afe4f4196ad&page_item_id=-1253037054,NLP Engineer,jobrapido,2026-04-07T23:49:05.571743,,,,
367309183009161216,Senior ML Engineer - Remote NLP & Generative AI Lead,Flux IT,Rosario,,,https://open.app.jobrapido.com/ar/367309183009161216/?w=nlp&l=&oc=sponsored&k=web.1.1.18&uuid=arF0019d6afe4f4196ad&page_item_id=1611520885,NLP Engineer,jobrapido,2026-04-07T23:49:05.572566,,,,
3482718330261864448,Senior ML Engineer - Remote NLP & Generative AI Lead,Flux IT,Capital Federal,,,https://open.app.jobrapido.com/ar/3482718330261864448/?w=nlp&l=&oc=sponsored&k=web.1.1.19&uuid=arF0019d6afe4f4196ad&page_item_id=-1565291051,NLP Engineer,jobrapido,2026-04-07T23:49:05.573391,,,,
7616711639282221056,Remote Software Engineer — NLP & Integrations,Kognitos,Rosario,,,https://open.app.jobrapido.com/ar/7616711639282221056/?w=nlp&l=&oc=sponsored&k=web.1.2.0&uuid=arF0019d6b0042fad05c&page_item_id=-1888408957,NLP Engineer,jobrapido,2026-04-07T23:51:13.695809,,,,
5455916204004737024,Remote Software Engineer — NLP & Integrations,Kognitos,Tigre,,,https://open.app.jobrapido.com/ar/5455916204004737024/?w=nlp&l=&oc=sponsored&k=web.1.2.1&uuid=arF0019d6b0042fad05c&page_item_id=-1473124711,NLP Engineer,jobrapido,2026-04-07T23:51:13.697001,,,,
2820043784597798912,Remote Software Engineer — NLP & Integrations,Kognitos,Entre Ríos,,,https://open.app.jobrapido.com/ar/2820043784597798912/?w=nlp&l=&oc=sponsored&k=web.1.2.2&uuid=arF0019d6b0042fad05c&page_item_id=1659776015,NLP Engineer,jobrapido,2026-04-07T23:51:13.698026,,,,
1153197351028916224,Remote Software Engineer — NLP & Integrations,Kognitos,Capital Federal,,,https://open.app.jobrapido.com/ar/1153197351028916224/?w=nlp&l=&oc=sponsored&k=web.1.2.3&uuid=arF0019d6b0042fad05c&page_item_id=1741540566,NLP Engineer,jobrapido,2026-04-07T23:51:13.699037,,,,
967423866399883264,Remote Software Engineer — NLP & Integrations,Kognitos,Rosario,,,https://open.app.jobrapido.com/ar/967423866399883264/?w=nlp&l=&oc=sponsored&k=web.1.2.4&uuid=arF0019d6b0042fad05c&page_item_id=322751318,NLP Engineer,jobrapido,2026-04-07T23:51:13.700081,,,,
288506222573780992,Remote Software Engineer — NLP & Integrations,Kognitos,Córdoba,,,https://open.app.jobrapido.com/ar/288506222573780992/?w=nlp&l=&oc=sponsored&k=web.1.2.5&uuid=arF0019d6b0042fad05c&page_item_id=1266878133,NLP Engineer,jobrapido,2026-04-07T23:51:13.701081,,,,
5695424471150624768,Integration Engineer - Python NLP & APIs (Remote),Kognitos,Rosario,,,https://open.app.jobrapido.com/ar/5695424471150624768/?w=nlp&l=&oc=sponsored&k=web.1.2.6&uuid=arF0019d6b0042fad05c&page_item_id=1215052265,NLP Engineer,jobrapido,2026-04-07T23:51:13.702088,,,,
5651033888202424320,Integration Engineer - Python NLP & APIs (Remote),Kognitos,Tigre,,,https://open.app.jobrapido.com/ar/5651033888202424320/?w=nlp&l=&oc=sponsored&k=web.1.2.7&uuid=arF0019d6b0042fad05c&page_item_id=-1936466449,NLP Engineer,jobrapido,2026-04-07T23:51:13.703085,,,,
5454282879481675776,Integration Engineer - Python NLP & APIs (Remote),Kognitos,Capital Federal,,,https://open.app.jobrapido.com/ar/5454282879481675776/?w=nlp&l=&oc=sponsored&k=web.1.2.8&uuid=arF0019d6b0042fad05c&page_item_id=994076686,NLP Engineer,jobrapido,2026-04-07T23:51:13.704233,,,,
5380817910560194560,Integration Engineer - Python NLP & APIs (Remote),Kognitos,Rosario,,,https://open.app.jobrapido.com/ar/5380817910560194560/?w=nlp&l=&oc=sponsored&k=web.1.2.9&uuid=arF0019d6b0042fad05c&page_item_id=-377656137,NLP Engineer,jobrapido,2026-04-07T23:51:13.705070,,,,
3177349329497096192,Integration Engineer - Python NLP & APIs (Remote),Kognitos,Entre Ríos,,,https://open.app.jobrapido.com/ar/3177349329497096192/?w=nlp&l=&oc=sponsored&k=web.1.2.10&uuid=arF0019d6b0042fad05c&page_item_id=-1531341956,NLP Engineer,jobrapido,2026-04-07T23:51:13.705879,,,,
1345311169459519488,Integration Engineer - Python NLP & APIs (Remote),Kognitos,Córdoba,,,https://open.app.jobrapido.com/ar/1345311169459519488/?w=nlp&l=&oc=sponsored&k=web.1.2.11&uuid=arF0019d6b0042fad05c&page_item_id=-780403157,NLP Engineer,jobrapido,2026-04-07T23:51:13.706695,,,,
6285343370332078080,"AI Engineer (LatAm) - LLMs, LangChain & NLP Expert",Rad Hires,Capital Federal,,,https://open.app.jobrapido.com/ar/6285343370332078080/?w=nlp&l=&oc=sponsored&k=web.1.2.12&uuid=arF0019d6b0042fad05c&page_item_id=-1773416757,NLP Engineer,jobrapido,2026-04-07T23:51:13.707509,,,,
7752839837454958592,Argentine Spanish Data Annotator (Part-Time NLP Labeling),Innodata Inc.,Córdoba,,,https://open.app.jobrapido.com/ar/7752839837454958592/?w=nlp&l=&oc=sponsored&k=web.1.2.13&uuid=arF0019d6b0042fad05c&page_item_id=161505286,NLP Engineer,jobrapido,2026-04-07T23:51:13.708513,,,,
7242868752306405376,Argentine Spanish Data Annotator (Part-Time NLP Labeling),Innodata Inc.,Tigre,,,https://open.app.jobrapido.com/ar/7242868752306405376/?w=nlp&l=&oc=sponsored&k=web.1.2.14&uuid=arF0019d6b0042fad05c&page_item_id=1192690184,NLP Engineer,jobrapido,2026-04-07T23:51:13.709429,,,,
5338860959161122816,Remote Golang Backend Engineer for AI/NLP Platforms,"Azumo, LLC",Tigre,,,https://open.app.jobrapido.com/ar/5338860959161122816/?w=nlp&l=&oc=sponsored&k=web.1.2.15&uuid=arF0019d6b0042fad05c&page_item_id=61963684,NLP Engineer,jobrapido,2026-04-07T23:51:13.710257,,,,
4177544683276206080,Argentine Spanish Data Annotator (Part-Time NLP Labeling),Innodata Inc.,Rosario,,,https://open.app.jobrapido.com/ar/4177544683276206080/?w=nlp&l=&oc=sponsored&k=web.1.2.16&uuid=arF0019d6b0042fad05c&page_item_id=-1679952485,NLP Engineer,jobrapido,2026-04-07T23:51:13.711068,,,,
3883895913822814208,Remote Golang Backend Engineer for AI/NLP Platforms,"Azumo, LLC",Rosario,,,https://open.app.jobrapido.com/ar/3883895913822814208/?w=nlp&l=&oc=sponsored&k=web.1.2.17&uuid=arF0019d6b0042fad05c&page_item_id=217382284,NLP Engineer,jobrapido,2026-04-07T23:51:13.711887,,,,
3740299695235268608,Argentine Spanish Data Annotator (Part-Time NLP Labeling),Innodata Inc.,Entre Ríos,,,https://open.app.jobrapido.com/ar/3740299695235268608/?w=nlp&l=&oc=sponsored&k=web.1.2.18&uuid=arF0019d6b0042fad05c&page_item_id=1002316374,NLP Engineer,jobrapido,2026-04-07T23:51:13.712707,,,,
3411290631832600576,Remote Golang Backend Engineer for AI/NLP Platforms,"Azumo, LLC",Córdoba,,,https://open.app.jobrapido.com/ar/3411290631832600576/?w=nlp&l=&oc=sponsored&k=web.1.2.19&uuid=arF0019d6b0042fad05c&page_item_id=-419880004,NLP Engineer,jobrapido,2026-04-07T23:51:13.713591,,,,
2518481692520349696,Argentine Spanish Data Annotator (Part-Time NLP Labeling),Innodata Inc.,Rosario,,,https://open.app.jobrapido.com/ar/2518481692520349696/?w=nlp&l=&oc=sponsored&k=web.1.3.10&uuid=arF0019d6b0220801cae&page_item_id=-1262758684,NLP Engineer,jobrapido,2026-04-07T23:53:15.562671,,,,
1831732227369598976,Remote Golang Backend Engineer for AI/NLP Platforms,"Azumo, LLC",Entre Ríos,,,https://open.app.jobrapido.com/ar/1831732227369598976/?w=nlp&l=&oc=sponsored&k=web.1.3.11&uuid=arF0019d6b0220801cae&page_item_id=-1958207715,NLP Engineer,jobrapido,2026-04-07T23:53:15.564664,,,,
1165712954448936960,Remote Golang Backend Engineer for AI/NLP Platforms,"Azumo, LLC",Rosario,,,https://open.app.jobrapido.com/ar/1165712954448936960/?w=nlp&l=&oc=sponsored&k=web.1.3.12&uuid=arF0019d6b0220801cae&page_item_id=1624480855,NLP Engineer,jobrapido,2026-04-07T23:53:15.566620,,,,
5898091114421813248,"Senior Python Backend Engineer - AI/ML, NLP & Vision",Intellectsoft,Capital Federal,,,https://open.app.jobrapido.com/ar/5898091114421813248/?w=nlp&l=&oc=sponsored&k=web.1.3.13&uuid=arF0019d6b0220801cae&page_item_id=-885289278,NLP Engineer,jobrapido,2026-04-07T23:53:15.567975,,,,
5275675174123864064,Argentine Spanish Data Annotator (Part-Time NLP Labeling),Innodata Inc.,Capital Federal,,,https://open.app.jobrapido.com/ar/5275675174123864064/?w=nlp&l=&oc=sponsored&k=web.1.3.14&uuid=arF0019d6b0220801cae&page_item_id=-1447686501,NLP Engineer,jobrapido,2026-04-07T23:53:15.569688,,,,
8132376545395212288,Ingeniero De Inteligencia Artificial,Novacomp,Rosario,,,https://open.app.jobrapido.com/ar/8132376545395212288/?w=nlp&l=&oc=sponsored&k=web.1.4.0&uuid=arF0019d6b02aff21f7f&page_item_id=1228780288,NLP Engineer,jobrapido,2026-04-07T23:53:52.241740,,,,
7043847939269066752,Ingeniero De Inteligencia Artificial,Novacomp,Jesús María,,,https://open.app.jobrapido.com/ar/7043847939269066752/?w=nlp&l=&oc=sponsored&k=web.1.4.1&uuid=arF0019d6b02aff21f7f&page_item_id=-314845034,NLP Engineer,jobrapido,2026-04-07T23:53:52.243267,,,,
6985705764392271872,Ingeniero De Inteligencia Artificial,Novacomp,Capital Federal,,,https://open.app.jobrapido.com/ar/6985705764392271872/?w=nlp&l=&oc=sponsored&k=web.1.4.2&uuid=arF0019d6b02aff21f7f&page_item_id=1172959052,NLP Engineer,jobrapido,2026-04-07T23:53:52.244582,,,,
6733961582096678912,Ingeniero De Inteligencia Artificial,Novacomp,Tigre,,,https://open.app.jobrapido.com/ar/6733961582096678912/?w=nlp&l=&oc=sponsored&k=web.1.4.3&uuid=arF0019d6b02aff21f7f&page_item_id=-744866906,NLP Engineer,jobrapido,2026-04-07T23:53:52.245632,,,,
5574777259258019840,Ingeniero De Inteligencia Artificial,Novacomp,Entre Ríos,,,https://open.app.jobrapido.com/ar/5574777259258019840/?w=nlp&l=&oc=sponsored&k=web.1.4.4&uuid=arF0019d6b02aff21f7f&page_item_id=1711444533,NLP Engineer,jobrapido,2026-04-07T23:53:52.246632,,,,
8592198218006134784,Remote AI Research Engineer: Large-Scale LLM Architectures,Tether.io,Entre Ríos,,,https://open.app.jobrapido.com/ar/8592198218006134784/?w=nlp&l=&oc=sponsored&k=web.1.4.5&uuid=arF0019d6b02aff21f7f&page_item_id=-1553499920,NLP Engineer,jobrapido,2026-04-07T23:53:52.247634,,,,
8543242462779408384,Remote AI Research Engineer: Large-Scale LLM Architectures,Tether.io,Rosario,,,https://open.app.jobrapido.com/ar/8543242462779408384/?w=nlp&l=&oc=sponsored&k=web.1.4.6&uuid=arF0019d6b02aff21f7f&page_item_id=-1179513553,NLP Engineer,jobrapido,2026-04-07T23:53:52.248626,,,,
7151841284154458112,Remote AI Research Engineer: Large-Scale LLM Architectures,Tether.io,Rosario,,,https://open.app.jobrapido.com/ar/7151841284154458112/?w=nlp&l=&oc=sponsored&k=web.1.4.7&uuid=arF0019d6b02aff21f7f&page_item_id=-1533231562,NLP Engineer,jobrapido,2026-04-07T23:53:52.249745,,,,
6686985360116809728,Remote AI Research Engineer: Large-Scale LLM Architectures,Tether.io,Tigre,,,https://open.app.jobrapido.com/ar/6686985360116809728/?w=nlp&l=&oc=sponsored&k=web.1.4.8&uuid=arF0019d6b02aff21f7f&page_item_id=-107670562,NLP Engineer,jobrapido,2026-04-07T23:53:52.250912,,,,
2169563772073541632,Remote AI Research Engineer: Large-Scale LLM Architectures,Tether.io,Córdoba,,,https://open.app.jobrapido.com/ar/2169563772073541632/?w=nlp&l=&oc=sponsored&k=web.1.4.9&uuid=arF0019d6b02aff21f7f&page_item_id=491769436,NLP Engineer,jobrapido,2026-04-07T23:53:52.251951,,,,
6637769677764296704,Remote AI Research Engineer: Large-Scale LLM Architectures,Tether.io,Capital Federal,,,https://open.app.jobrapido.com/ar/6637769677764296704/?w=nlp&l=&oc=sponsored&k=web.1.4.10&uuid=arF0019d6b02aff21f7f&page_item_id=1780118031,NLP Engineer,jobrapido,2026-04-07T23:53:52.252975,,,,
9004128600084971520,Head of Engineering,ITalent Connection,Tortuguitas,,,https://open.app.jobrapido.com/ar/9004128600084971520/?w=nlp&l=&oc=sponsored&k=web.1.4.11&uuid=arF0019d6b02aff21f7f&page_item_id=-704342102,NLP Engineer,jobrapido,2026-04-07T23:53:52.253939,,,,
5937341188452384768,AI/ML Engineer,Perform,Capital Federal,,,https://open.app.jobrapido.com/ar/5937341188452384768/?w=nlp&l=&oc=sponsored&k=web.1.4.12&uuid=arF0019d6b02aff21f7f&page_item_id=1626453683,NLP Engineer,jobrapido,2026-04-07T23:53:52.254744,,,,
9211042656774258688,AI Engineer,Rad Hires,Capital Federal,,,https://open.app.jobrapido.com/ar/9211042656774258688/?w=nlp&l=&oc=sponsored&k=web.1.4.13&uuid=arF0019d6b02aff21f7f&page_item_id=953954984,NLP Engineer,jobrapido,2026-04-07T23:53:52.255546,,,,
3897163308318326784,Desarrollador AI Semi Sr,Encode S.A.,Córdoba,,,https://open.app.jobrapido.com/ar/3897163308318326784/?w=nlp&l=&oc=sponsored&k=web.1.4.14&uuid=arF0019d6b02aff21f7f&page_item_id=-1908036223,NLP Engineer,jobrapido,2026-04-07T23:53:52.256346,,,,
468986748421013504,AI Engineer Mid-SR,Metova,Capital Federal,,,https://open.app.jobrapido.com/ar/468986748421013504/?w=nlp&l=&oc=sponsored&k=web.1.4.15&uuid=arF0019d6b02aff21f7f&page_item_id=-1119725104,NLP Engineer,jobrapido,2026-04-07T23:53:52.257145,,,,
3372072001257603072,Senior Python Backend Developer / ML Engineer,Intellectsoft,Capital Federal,,,https://open.app.jobrapido.com/ar/3372072001257603072/?w=nlp&l=&oc=sponsored&k=web.1.4.16&uuid=arF0019d6b02aff21f7f&page_item_id=1974613400,NLP Engineer,jobrapido,2026-04-07T23:53:52.257947,,,,
104006522165526528,Ai Prompt Engineer - Remote,YO IT Consulting,Capital Federal,,,https://open.app.jobrapido.com/ar/104006522165526528/?w=nlp&l=&oc=sponsored&k=web.1.4.17&uuid=arF0019d6b02aff21f7f&page_item_id=-1409095962,NLP Engineer,jobrapido,2026-04-07T23:53:52.258745,,,,
8368909396637384704,Data Annotator,Innodata Inc.,Rosario,,,https://open.app.jobrapido.com/ar/8368909396637384704/?w=nlp&l=&oc=sponsored&k=web.1.4.18&uuid=arF0019d6b02aff21f7f&page_item_id=517045902,NLP Engineer,jobrapido,2026-04-07T23:53:52.259539,,,,
6506679746812706816,Data Annotator,Innodata Inc.,Entre Ríos,,,https://open.app.jobrapido.com/ar/6506679746812706816/?w=nlp&l=&oc=sponsored&k=web.1.5.1&uuid=arF0019d6b04972723bd&page_item_id=1838559433,NLP Engineer,jobrapido,2026-04-07T23:55:57.166898,,,,
5113378612094959616,Data Annotator,Innodata Inc.,Rosario,,,https://open.app.jobrapido.com/ar/5113378612094959616/?w=nlp&l=&oc=sponsored&k=web.1.5.2&uuid=arF0019d6b04972723bd&page_item_id=-1172200430,NLP Engineer,jobrapido,2026-04-07T23:55:57.168640,,,,
4987409763923918848,Data Annotator,Innodata Inc.,Córdoba,,,https://open.app.jobrapido.com/ar/4987409763923918848/?w=nlp&l=&oc=sponsored&k=web.1.5.4&uuid=arF0019d6b04972723bd&page_item_id=1509728058,NLP Engineer,jobrapido,2026-04-07T23:55:57.170824,,,,
2701551478056681472,Data Annotator,Innodata Inc.,Tigre,,,https://open.app.jobrapido.com/ar/2701551478056681472/?w=nlp&l=&oc=sponsored&k=web.1.5.6&uuid=arF0019d6b04972723bd&page_item_id=178621558,NLP Engineer,jobrapido,2026-04-07T23:55:57.172991,,,,
2363328356889395200,Data Annotator,Innodata Inc.,Capital Federal,,,https://open.app.jobrapido.com/ar/2363328356889395200/?w=nlp&l=&oc=sponsored&k=web.1.5.9&uuid=arF0019d6b04972723bd&page_item_id=373796064,NLP Engineer,jobrapido,2026-04-07T23:55:57.176316,,,,
8980000367169241088,Senior AI Engineer,Athenaworks,Córdoba,,,https://open.app.jobrapido.com/ar/8980000367169241088/?w=nlp&l=&oc=sponsored&k=web.1.5.10&uuid=arF0019d6b04972723bd&page_item_id=-723813682,NLP Engineer,jobrapido,2026-04-07T23:55:57.178066,,,,
7527610378063183872,Senior AI Engineer,Athenaworks,Entre Ríos,,,https://open.app.jobrapido.com/ar/7527610378063183872/?w=nlp&l=&oc=sponsored&k=web.1.5.11&uuid=arF0019d6b04972723bd&page_item_id=698779003,NLP Engineer,jobrapido,2026-04-07T23:55:57.179696,,,,
7053655995305689088,Senior AI Engineer,Athenaworks,Rosario,,,https://open.app.jobrapido.com/ar/7053655995305689088/?w=nlp&l=&oc=sponsored&k=web.1.5.12&uuid=arF0019d6b04972723bd&page_item_id=-138312384,NLP Engineer,jobrapido,2026-04-07T23:55:57.180895,,,,
6132872181647933440,Senior AI Engineer,Athenaworks,Tigre,,,https://open.app.jobrapido.com/ar/6132872181647933440/?w=nlp&l=&oc=sponsored&k=web.1.5.13&uuid=arF0019d6b04972723bd&page_item_id=-93186305,NLP Engineer,jobrapido,2026-04-07T23:55:57.182130,,,,
3143356140818006016,Senior AI Engineer,Athenaworks,Rosario,,,https://open.app.jobrapido.com/ar/3143356140818006016/?w=nlp&l=&oc=sponsored&k=web.1.5.14&uuid=arF0019d6b04972723bd&page_item_id=1405169367,NLP Engineer,jobrapido,2026-04-07T23:55:57.183350,,,,
1399407553862959104,Senior AI Engineer,Athenaworks,Capital Federal,,,https://open.app.jobrapido.com/ar/1399407553862959104/?w=nlp&l=&oc=sponsored&k=web.1.5.15&uuid=arF0019d6b04972723bd&page_item_id=3869743,NLP Engineer,jobrapido,2026-04-07T23:55:57.184547,,,,
9022875823094366208,Golang Backend Engineer - Latin America- Remote,"Azumo, LLC",Entre Ríos,,,https://open.app.jobrapido.com/ar/9022875823094366208/?w=nlp&l=&oc=sponsored&k=web.1.5.16&uuid=arF0019d6b04972723bd&page_item_id=1278039680,NLP Engineer,jobrapido,2026-04-07T23:55:57.185919,,,,
6207563106034384896,Python Engineer - Latin America - Remote,"Azumo, LLC",Rosario,,,https://open.app.jobrapido.com/ar/6207563106034384896/?w=nlp&l=&oc=sponsored&k=web.1.5.19&uuid=arF0019d6b04972723bd&page_item_id=1206953041,NLP Engineer,jobrapido,2026-04-07T23:55:57.187885,,,,
3572788342829350912,Data Engineer (Middle) ID50589,AgileEngine,Mendoza,,,https://open.app.jobrapido.com/ar/3572788342829350912/?w=data%20engineer&l=&oc=sponsored&k=web.1.1.0&uuid=arF0019d6b060d752637&page_item_id=567033346,Data Engineer,jobrapido,2026-04-07T23:57:33.011748,,,,
8728846966215147520,Data Engineer (Senior) ID54349,AgileEngine,Mendoza,,,https://open.app.jobrapido.com/ar/8728846966215147520/?w=data%20engineer&l=&oc=sponsored&k=web.1.1.1&uuid=arF0019d6b060d752637&page_item_id=63296995,Data Engineer,jobrapido,2026-04-07T23:57:33.013558,,,,
1046200575995150336,Data Engineer (Senior) ID53687,AgileEngine,Mendoza,,,https://open.app.jobrapido.com/ar/1046200575995150336/?w=data%20engineer&l=&oc=sponsored&k=web.1.1.2&uuid=arF0019d6b060d752637&page_item_id=1025733917,Data Engineer,jobrapido,2026-04-07T23:57:33.014903,,,,
6923127816011644928,Data Engineer (FinOps) ID56348,AgileEngine,Mendoza,,,https://open.app.jobrapido.com/ar/6923127816011644928/?w=data%20engineer&l=&oc=sponsored&k=web.1.1.3&uuid=arF0019d6b060d752637&page_item_id=1912200632,Data Engineer,jobrapido,2026-04-07T23:57:33.016064,,,,
3079925233407229952,AI Data Engineer ID51654,AgileEngine,Mendoza,,,https://open.app.jobrapido.com/ar/3079925233407229952/?w=data%20engineer&l=&oc=sponsored&k=web.1.1.4&uuid=arF0019d6b060d752637&page_item_id=798028280,Data Engineer,jobrapido,2026-04-07T23:57:33.017064,,,,
4867362335624265728,AI Data Engineer ID51654,"AgileEngine, LLC.",Mendoza,,,https://open.app.jobrapido.com/ar/4867362335624265728/?w=data%20engineer&l=&oc=sponsored&k=web.1.1.5&uuid=arF0019d6b060d752637&page_item_id=-57921455,Data Engineer,jobrapido,2026-04-07T23:57:33.018055,,,,
4638802442627055616,Data Engineer (Senior) ID54349,"AgileEngine, LLC.",Mendoza,,,https://open.app.jobrapido.com/ar/4638802442627055616/?w=data%20engineer&l=&oc=sponsored&k=web.1.1.6&uuid=arF0019d6b060d752637&page_item_id=1920998024,Data Engineer,jobrapido,2026-04-07T23:57:33.019050,,,,
1075501998234664960,Data Engineer (Senior) ID53687,"AgileEngine, LLC.",Mendoza,,,https://open.app.jobrapido.com/ar/1075501998234664960/?w=data%20engineer&l=&oc=sponsored&k=web.1.1.7&uuid=arF0019d6b060d752637&page_item_id=-1589754908,Data Engineer,jobrapido,2026-04-07T23:57:33.020036,,,,
1308462892680478720,Azure Data Integration Engineer (Semi- Senior) | 100% Remote | LATAM,Prometeo Talent,Mendoza,,,https://open.app.jobrapido.com/ar/1308462892680478720/?w=data%20engineer&l=&oc=sponsored&k=web.1.1.9&uuid=arF0019d6b060d752637&page_item_id=1228623359,Data Engineer,jobrapido,2026-04-07T23:57:33.021333,,,,
4366640466842615808,"Senior AI Data Engineer — Remote, Growth, Impact",AgileEngine,Mendoza,,,https://open.app.jobrapido.com/ar/4366640466842615808/?w=data%20engineer&l=&oc=sponsored&k=web.1.1.10&uuid=arF0019d6b060d752637&page_item_id=-1732306270,Data Engineer,jobrapido,2026-04-07T23:57:33.022339,,,,
3440367766584950784,Senior AI Data Engineer (Python) — Remote & Flexible,"AgileEngine, LLC.",Mendoza,,,https://open.app.jobrapido.com/ar/3440367766584950784/?w=data%20engineer&l=&oc=sponsored&k=web.1.1.11&uuid=arF0019d6b060d752637&page_item_id=270858929,Data Engineer,jobrapido,2026-04-07T23:57:33.023334,,,,
5021482873354452992,.NET Engineer ID52846,AgileEngine,Mendoza,,,https://open.app.jobrapido.com/ar/5021482873354452992/?w=data%20engineer&l=&oc=sponsored&k=web.1.1.13&uuid=arF0019d6b060d752637&page_item_id=-1843711162,Data Engineer,jobrapido,2026-04-07T23:57:33.024622,,,,
334071290098876416,Backend Software Engineer (Middle) ID51653,AgileEngine,Mendoza,,,https://open.app.jobrapido.com/ar/334071290098876416/?w=data%20engineer&l=&oc=sponsored&k=web.1.1.14&uuid=arF0019d6b060d752637&page_item_id=541716433,Data Engineer,jobrapido,2026-04-07T23:57:33.025428,,,,
2856377352496087040,Full Stack Engineer (Senior) ID52039,AgileEngine,Mendoza,,,https://open.app.jobrapido.com/ar/2856377352496087040/?w=data%20engineer&l=&oc=sponsored&k=web.1.1.15&uuid=arF0019d6b060d752637&page_item_id=-557244968,Data Engineer,jobrapido,2026-04-07T23:57:33.026230,,,,
2262414367943294976,Software Engineer (Go) ID50984,AgileEngine,Mendoza,,,https://open.app.jobrapido.com/ar/2262414367943294976/?w=data%20engineer&l=&oc=sponsored&k=web.1.1.16&uuid=arF0019d6b060d752637&page_item_id=1142871832,Data Engineer,jobrapido,2026-04-07T23:57:33.027029,,,,
6346176681522233344,Senior Java Backend Engineer (AI-Focused),Wakapi,Mendoza,,,https://open.app.jobrapido.com/ar/6346176681522233344/?w=data%20engineer&l=&oc=sponsored&k=web.1.1.17&uuid=arF0019d6b060d752637&page_item_id=734456610,Data Engineer,jobrapido,2026-04-07T23:57:33.027823,,,,
7558188140029018112,Account Manager - Remote | LATAM | Performance Marketing for Universities,Atomic HR,Mendoza,,,https://open.app.jobrapido.com/ar/7558188140029018112/?w=data%20engineer&l=&oc=sponsored&k=web.1.1.18&uuid=arF0019d6b060d752637&page_item_id=934753590,Data Engineer,jobrapido,2026-04-07T23:57:33.028959,,,,
5867587857253662720,Backend Engineer (Senior) ID55642,AgileEngine,Mendoza,,,https://open.app.jobrapido.com/ar/5867587857253662720/?w=data%20engineer&l=&oc=sponsored&k=web.1.1.19&uuid=arF0019d6b060d752637&page_item_id=1856050530,Data Engineer,jobrapido,2026-04-07T23:57:33.029913,,,,
3454282979587653632,"QA Engineer, Staff",Flowserve,Mendoza,,,https://open.app.jobrapido.com/ar/3454282979587653632/?w=data%20engineer&l=&oc=sponsored&k=web.1.2.5&uuid=arF0019d6b07e8302956&page_item_id=-1519166628,Data Engineer,jobrapido,2026-04-07T23:59:34.556595,,,,
2155495864393531392,Full Stack Engineer ID55146,AgileEngine,Mendoza,,,https://open.app.jobrapido.com/ar/2155495864393531392/?w=data%20engineer&l=&oc=sponsored&k=web.1.2.6&uuid=arF0019d6b07e8302956&page_item_id=1201380135,Data Engineer,jobrapido,2026-04-07T23:59:34.559231,,,,
1628499941200494592,SEO Copy Editor (Content Editing) – Remote | LATAM | Higher Education Marketing,Atomic HR,Mendoza,,,https://open.app.jobrapido.com/ar/1628499941200494592/?w=data%20engineer&l=&oc=sponsored&k=web.1.2.7&uuid=arF0019d6b07e8302956&page_item_id=-969591487,Data Engineer,jobrapido,2026-04-07T23:59:34.561223,,,,
1562709563440889856,Full Stack Engineer ID52453,AgileEngine,Mendoza,,,https://open.app.jobrapido.com/ar/1562709563440889856/?w=data%20engineer&l=&oc=sponsored&k=web.1.2.8&uuid=arF0019d6b07e8302956&page_item_id=-1529251346,Data Engineer,jobrapido,2026-04-07T23:59:34.563148,,,,
8386507423837323264,Full Stack Engineer ID55426,AgileEngine,Mendoza,,,https://open.app.jobrapido.com/ar/8386507423837323264/?w=data%20engineer&l=&oc=sponsored&k=web.1.2.9&uuid=arF0019d6b07e8302956&page_item_id=1898710080,Data Engineer,jobrapido,2026-04-07T23:59:34.565055,,,,
4657771023955918848,SDET Engineer (Senior) ID50250,AgileEngine,Mendoza,,,https://open.app.jobrapido.com/ar/4657771023955918848/?w=data%20engineer&l=&oc=sponsored&k=web.1.2.10&uuid=arF0019d6b07e8302956&page_item_id=1052581307,Data Engineer,jobrapido,2026-04-07T23:59:34.566950,,,,
6068193753741393920,Automotive HIL Engineer - Automotive Sector (Relocation Sweden or Polony),Prometeo Talent,Mendoza,,,https://open.app.jobrapido.com/ar/6068193753741393920/?w=data%20engineer&l=&oc=sponsored&k=web.1.2.11&uuid=arF0019d6b07e8302956&page_item_id=274571644,Data Engineer,jobrapido,2026-04-07T23:59:34.568862,,,,
7401410976047693824,Deployment & Maintenance Software Engineer,Derq,Mendoza,,,https://open.app.jobrapido.com/ar/7401410976047693824/?w=data%20engineer&l=&oc=sponsored&k=web.1.2.12&uuid=arF0019d6b07e8302956&page_item_id=400963753,Data Engineer,jobrapido,2026-04-07T23:59:34.570564,,,,
6585357843958857728,Technical Support Engineer ID53664,AgileEngine,Mendoza,,,https://open.app.jobrapido.com/ar/6585357843958857728/?w=data%20engineer&l=&oc=sponsored&k=web.1.2.13&uuid=arF0019d6b07e8302956&page_item_id=6218706,Data Engineer,jobrapido,2026-04-07T23:59:34.571868,,,,
8564281467453046784,"Senior Backend Engineer, AdTech Platform (Remote)",AgileEngine,Mendoza,,,https://open.app.jobrapido.com/ar/8564281467453046784/?w=data%20engineer&l=&oc=sponsored&k=web.1.3.0&uuid=arF0019d6b08c5902ab0&page_item_id=-359611577,Data Engineer,jobrapido,2026-04-08T00:00:31.326122,,,,
3167720768733708288,.NET Engineer ID52846,"AgileEngine, LLC.",Mendoza,,,https://open.app.jobrapido.com/ar/3167720768733708288/?w=data%20engineer&l=&oc=sponsored&k=web.1.3.1&uuid=arF0019d6b08c5902ab0&page_item_id=-1005032235,Data Engineer,jobrapido,2026-04-08T00:00:31.326899,,,,
6387546150114689024,DevOps/SRE Specialist DF025BG,Coderio | Software Company,Mendoza,,,https://open.app.jobrapido.com/ar/6387546150114689024/?w=data%20engineer&l=&oc=sponsored&k=web.1.3.2&uuid=arF0019d6b08c5902ab0&page_item_id=-2028580649,Data Engineer,jobrapido,2026-04-08T00:00:31.327594,,,,
7854131384091148288,Mobile & Full Stack Engineer Sr. DF010LG,Coderio,Mendoza,,,https://open.app.jobrapido.com/ar/7854131384091148288/?w=data%20engineer&l=&oc=sponsored&k=web.1.3.3&uuid=arF0019d6b08c5902ab0&page_item_id=39068762,Data Engineer,jobrapido,2026-04-08T00:00:31.328284,,,,
2164403351687528448,Backend Engineer (Senior) ID55642,"AgileEngine, LLC.",Mendoza,,,https://open.app.jobrapido.com/ar/2164403351687528448/?w=data%20engineer&l=&oc=sponsored&k=web.1.3.4&uuid=arF0019d6b08c5902ab0&page_item_id=1270894659,Data Engineer,jobrapido,2026-04-08T00:00:31.328962,,,,
2326504076092637184,Senior Mobile & Full Stack Engineer DF010LG,Coderio,Mendoza,,,https://open.app.jobrapido.com/ar/2326504076092637184/?w=data%20engineer&l=&oc=sponsored&k=web.1.3.5&uuid=arF0019d6b08c5902ab0&page_item_id=463641590,Data Engineer,jobrapido,2026-04-08T00:00:31.329553,,,,
3404535232391544832,Senior Mobile & Full Stack Engineer DF010LG,Coderio | Software Company,Mendoza,,,https://open.app.jobrapido.com/ar/3404535232391544832/?w=data%20engineer&l=&oc=sponsored&k=web.1.3.6&uuid=arF0019d6b08c5902ab0&page_item_id=-316286012,Data Engineer,jobrapido,2026-04-08T00:00:31.330143,,,,
5722507504127049728,Full Stack Engineer ID52453,"AgileEngine, LLC.",Mendoza,,,https://open.app.jobrapido.com/ar/5722507504127049728/?w=data%20engineer&l=&oc=sponsored&k=web.1.3.7&uuid=arF0019d6b08c5902ab0&page_item_id=1127564551,Data Engineer,jobrapido,2026-04-08T00:00:31.330727,,,,
333669899635261440,Full Stack Engineer ID55426,"AgileEngine, LLC.",Mendoza,,,https://open.app.jobrapido.com/ar/333669899635261440/?w=data%20engineer&l=&oc=sponsored&k=web.1.3.8&uuid=arF0019d6b08c5902ab0&page_item_id=-1522620172,Data Engineer,jobrapido,2026-04-08T00:00:31.331317,,,,
8762169796398678016,Frontend Engineer: Shape Geospatial Dashboards (Remote),AgileEngine,Mendoza,,,https://open.app.jobrapido.com/ar/8762169796398678016/?w=data%20engineer&l=&oc=sponsored&k=web.1.3.9&uuid=arF0019d6b08c5902ab0&page_item_id=1751400193,Data Engineer,jobrapido,2026-04-08T00:00:31.331896,,,,
6220892908552192,Full Stack Engineer (Senior) ID52039,"AgileEngine, LLC.",Mendoza,,,https://open.app.jobrapido.com/ar/6220892908552192/?w=data%20engineer&l=&oc=sponsored&k=web.1.3.10&uuid=arF0019d6b08c5902ab0&page_item_id=-1121185683,Data Engineer,jobrapido,2026-04-08T00:00:31.332488,,,,
8256357738536239104,Backend Engineer (Adtech) Id52365,AgileEngine,Mendoza,,,https://open.app.jobrapido.com/ar/8256357738536239104/?w=data%20engineer&l=&oc=sponsored&k=web.1.3.11&uuid=arF0019d6b08c5902ab0&page_item_id=182032145,Data Engineer,jobrapido,2026-04-08T00:00:31.333078,,,,
5435640659832733696,Full Stack Engineer ID55149,"AgileEngine, LLC.",Mendoza,,,https://open.app.jobrapido.com/ar/5435640659832733696/?w=data%20engineer&l=&oc=sponsored&k=web.1.3.12&uuid=arF0019d6b08c5902ab0&page_item_id=-1505777087,Data Engineer,jobrapido,2026-04-08T00:00:31.334096,,,,
2311690630809518080,Full Stack Engineer (Senior) ID55150,"AgileEngine, LLC.",Mendoza,,,https://open.app.jobrapido.com/ar/2311690630809518080/?w=data%20engineer&l=&oc=sponsored&k=web.1.3.13&uuid=arF0019d6b08c5902ab0&page_item_id=-70999040,Data Engineer,jobrapido,2026-04-08T00:00:31.335120,,,,
6305305291697160192,Senior Security Automation Engineer JP033CA,Coderio | Software Company,Mendoza,,,https://open.app.jobrapido.com/ar/6305305291697160192/?w=data%20engineer&l=&oc=sponsored&k=web.1.3.14&uuid=arF0019d6b08c5902ab0&page_item_id=1768517061,Data Engineer,jobrapido,2026-04-08T00:00:31.335735,,,,
3367873790984847360,Technical Support Engineer ID53664,"AgileEngine, LLC.",Mendoza,,,https://open.app.jobrapido.com/ar/3367873790984847360/?w=data%20engineer&l=&oc=sponsored&k=web.1.3.15&uuid=arF0019d6b08c5902ab0&page_item_id=1659308603,Data Engineer,jobrapido,2026-04-08T00:00:31.336334,,,,
1651392928636993536,Mobile Engineer (Middle) ID52836,"AgileEngine, LLC.",Mendoza,,,https://open.app.jobrapido.com/ar/1651392928636993536/?w=data%20engineer&l=&oc=sponsored&k=web.1.3.16&uuid=arF0019d6b08c5902ab0&page_item_id=259303709,Data Engineer,jobrapido,2026-04-08T00:00:31.336921,,,,
3923488777783214080,Full Stack Engineer ID55149,AgileEngine,Mendoza,,,https://open.app.jobrapido.com/ar/3923488777783214080/?w=data%20engineer&l=&oc=sponsored&k=web.1.3.17&uuid=arF0019d6b08c5902ab0&page_item_id=-1232239798,Data Engineer,jobrapido,2026-04-08T00:00:31.337518,,,,
3522231492514152448,Senior Technical Account Manager MS036IO,Coderio | Software Company,Mendoza,,,https://open.app.jobrapido.com/ar/3522231492514152448/?w=data%20engineer&l=&oc=sponsored&k=web.1.3.18&uuid=arF0019d6b08c5902ab0&page_item_id=598960494,Data Engineer,jobrapido,2026-04-08T00:00:31.338111,,,,
36343950981726208,Sr Client Partner MS036IO,Coderio | Software Company,Mendoza,,,https://open.app.jobrapido.com/ar/36343950981726208/?w=data%20engineer&l=&oc=sponsored&k=web.1.3.19&uuid=arF0019d6b08c5902ab0&page_item_id=626032656,Data Engineer,jobrapido,2026-04-08T00:00:31.338688,,,,
4856254145742503936,Executive Assistant | Marketing Operations | Remote | High-Growth AI Company,Atomic HR,Mendoza,,,https://open.app.jobrapido.com/ar/4856254145742503936/?w=data%20engineer&l=&oc=sponsored&k=web.1.4.0&uuid=arF0019d6b0ac5c73494&page_item_id=647299678,Data Engineer,jobrapido,2026-04-08T00:02:42.314205,,,,
2303503529790144512,AI Data Engineer ID51654,"AgileEngine, LLC.",Mendoza Capital,,,https://open.app.jobrapido.com/ar/2303503529790144512/?w=data%20engineer&l=&oc=sponsored&k=web.1.4.1&uuid=arF0019d6b0ac5c73494&page_item_id=1399176209,Data Engineer,jobrapido,2026-04-08T00:02:42.314752,,,,
7139317421512327168,AI Data Engineer ID51654,AgileEngine,Mendoza Capital,,,https://open.app.jobrapido.com/ar/7139317421512327168/?w=data%20engineer&l=&oc=sponsored&k=web.1.4.2&uuid=arF0019d6b0ac5c73494&page_item_id=-1871517595,Data Engineer,jobrapido,2026-04-08T00:02:42.315234,,,,
5137567318150217728,Data Engineer (Senior) ID54349,"AgileEngine, LLC.",Mendoza Capital,,,https://open.app.jobrapido.com/ar/5137567318150217728/?w=data%20engineer&l=&oc=sponsored&k=web.1.4.3&uuid=arF0019d6b0ac5c73494&page_item_id=2076286513,Data Engineer,jobrapido,2026-04-08T00:02:42.315707,,,,
3544052812595855360,Data Engineer (Senior) ID53687,"AgileEngine, LLC.",Mendoza Capital,,,https://open.app.jobrapido.com/ar/3544052812595855360/?w=data%20engineer&l=&oc=sponsored&k=web.1.4.4&uuid=arF0019d6b0ac5c73494&page_item_id=-519157030,Data Engineer,jobrapido,2026-04-08T00:02:42.316180,,,,
2619157362321129472,Data Engineer (Senior) ID53687,AgileEngine,Mendoza Capital,,,https://open.app.jobrapido.com/ar/2619157362321129472/?w=data%20engineer&l=&oc=sponsored&k=web.1.4.5&uuid=arF0019d6b0ac5c73494&page_item_id=-1575416962,Data Engineer,jobrapido,2026-04-08T00:02:42.316650,,,,
6169905382538870784,Senior AI Data Engineer (Python) — Remote & Flexible,"AgileEngine, LLC.",Mendoza Capital,,,https://open.app.jobrapido.com/ar/6169905382538870784/?w=data%20engineer&l=&oc=sponsored&k=web.1.4.7&uuid=arF0019d6b0ac5c73494&page_item_id=-1665141499,Data Engineer,jobrapido,2026-04-08T00:02:42.317267,,,,
3185712202053058560,"Senior AI Data Engineer — Remote, Growth, Impact",AgileEngine,Mendoza Capital,,,https://open.app.jobrapido.com/ar/3185712202053058560/?w=data%20engineer&l=&oc=sponsored&k=web.1.4.8&uuid=arF0019d6b0ac5c73494&page_item_id=147324755,Data Engineer,jobrapido,2026-04-08T00:02:42.317738,,,,
2837863419225309184,Senior Data Engineer - Spark/Java on AWS EMR | Flexible,AgileEngine,Mendoza Capital,,,https://open.app.jobrapido.com/ar/2837863419225309184/?w=data%20engineer&l=&oc=sponsored&k=web.1.4.9&uuid=arF0019d6b0ac5c73494&page_item_id=-1315086934,Data Engineer,jobrapido,2026-04-08T00:02:42.318212,,,,
7395540326984712192,Senior SQL Data Engineer (Hybrid/Remote),Trinetix,Mendoza Capital,,,https://open.app.jobrapido.com/ar/7395540326984712192/?w=data%20engineer&l=&oc=sponsored&k=web.1.4.10&uuid=arF0019d6b0ac5c73494&page_item_id=1876189542,Data Engineer,jobrapido,2026-04-08T00:02:42.318678,,,,
3646249257301704704,Remote Senior React Native & Full-Stack Engineer,Coderio,Mendoza Capital,,,https://open.app.jobrapido.com/ar/3646249257301704704/?w=data%20engineer&l=&oc=sponsored&k=web.1.4.11&uuid=arF0019d6b0ac5c73494&page_item_id=2082846229,Data Engineer,jobrapido,2026-04-08T00:02:42.319148,,,,
4223974997732884480,Senior Technical Account Manager MS036IO,Coderio | Software Company,Mendoza Capital,,,https://open.app.jobrapido.com/ar/4223974997732884480/?w=data%20engineer&l=&oc=sponsored&k=web.1.4.13&uuid=arF0019d6b0ac5c73494&page_item_id=1864265088,Data Engineer,jobrapido,2026-04-08T00:02:42.319751,,,,
1939247009819000832,Remote Senior React Native & Full-Stack Engineer,Coderio | Software Company,Mendoza Capital,,,https://open.app.jobrapido.com/ar/1939247009819000832/?w=data%20engineer&l=&oc=sponsored&k=web.1.4.14&uuid=arF0019d6b0ac5c73494&page_item_id=-2073010289,Data Engineer,jobrapido,2026-04-08T00:02:42.320227,,,,
1290728663477649408,Mobile & Full Stack Engineer Sr. DF010LG,Coderio | Software Company,Mendoza Capital,,,https://open.app.jobrapido.com/ar/1290728663477649408/?w=data%20engineer&l=&oc=sponsored&k=web.1.4.15&uuid=arF0019d6b0ac5c73494&page_item_id=-32662389,Data Engineer,jobrapido,2026-04-08T00:02:42.320782,,,,
4061845411147546624,Mobile & Full Stack Engineer Sr. DF010LG,Coderio,Mendoza Capital,,,https://open.app.jobrapido.com/ar/4061845411147546624/?w=data%20engineer&l=&oc=sponsored&k=web.1.4.16&uuid=arF0019d6b0ac5c73494&page_item_id=714174886,Data Engineer,jobrapido,2026-04-08T00:02:42.321293,,,,
7613824871503495168,Deployment & Maintenance Software Engineer,Derq,Mendoza Capital,,,https://open.app.jobrapido.com/ar/7613824871503495168/?w=data%20engineer&l=&oc=sponsored&k=web.1.4.17&uuid=arF0019d6b0ac5c73494&page_item_id=-2143817298,Data Engineer,jobrapido,2026-04-08T00:02:42.321825,,,,
358127848600371200,DevOps/SRE Specialist DF025BG,Coderio | Software Company,Mendoza Capital,,,https://open.app.jobrapido.com/ar/358127848600371200/?w=data%20engineer&l=&oc=sponsored&k=web.1.4.18&uuid=arF0019d6b0ac5c73494&page_item_id=2057476029,Data Engineer,jobrapido,2026-04-08T00:02:42.322306,,,,
6274944064802521088,Backend Engineer (Senior) ID55642,"AgileEngine, LLC.",Mendoza Capital,,,https://open.app.jobrapido.com/ar/6274944064802521088/?w=data%20engineer&l=&oc=sponsored&k=web.1.4.19&uuid=arF0019d6b0ac5c73494&page_item_id=260183000,Data Engineer,jobrapido,2026-04-08T00:02:42.322779,,,,
4207457240707235840,Anuncios Google,AgileEngine,Mendoza,,,https://open.app.jobrapido.com/ar/4207457240707235840/?w=software%20engineer&l=&oc=sponsored&k=web.1.1.0&uuid=arF0019d6b0cb78b3b6a&page_item_id=1553722061,Software Engineer,jobrapido,2026-04-08T00:04:49.886006,,,,
6673056884255096832,Software Engineer (C#/.NET) ID53668,AgileEngine,Mendoza,,,https://open.app.jobrapido.com/ar/6673056884255096832/?w=software%20engineer&l=&oc=sponsored&k=web.1.1.4&uuid=arF0019d6b0cb78b3b6a&page_item_id=-1080508391,Software Engineer,jobrapido,2026-04-08T00:04:49.887097,,,,
4576387372291194880,Full Stack AI Software Engineer ID53175,AgileEngine,Mendoza,,,https://open.app.jobrapido.com/ar/4576387372291194880/?w=software%20engineer&l=&oc=sponsored&k=web.1.1.5&uuid=arF0019d6b0cb78b3b6a&page_item_id=1985613764,Software Engineer,jobrapido,2026-04-08T00:04:49.887595,,,,
1257253619653148672,Software Engineer ID55640,"AgileEngine, LLC.",Mendoza,,,https://open.app.jobrapido.com/ar/1257253619653148672/?w=software%20engineer&l=&oc=sponsored&k=web.1.1.6&uuid=arF0019d6b0cb78b3b6a&page_item_id=-222382158,Software Engineer,jobrapido,2026-04-08T00:04:49.888088,,,,
7571294524790538240,Senior Software Engineer - Remote & Flexible Hours,"AgileEngine, LLC.",Mendoza,,,https://open.app.jobrapido.com/ar/7571294524790538240/?w=software%20engineer&l=&oc=sponsored&k=web.1.1.7&uuid=arF0019d6b0cb78b3b6a&page_item_id=-635889269,Software Engineer,jobrapido,2026-04-08T00:04:49.888577,,,,
4637716825218482176,C#/.NET Software Engineer — Flexible Hours & Growth,AgileEngine,Mendoza,,,https://open.app.jobrapido.com/ar/4637716825218482176/?w=software%20engineer&l=&oc=sponsored&k=web.1.1.8&uuid=arF0019d6b0cb78b3b6a&page_item_id=-163804992,Software Engineer,jobrapido,2026-04-08T00:04:49.889076,,,,
4177697240514560000,Senior Software Engineer — Remote & Growth-Driven Impact,AgileEngine,Mendoza,,,https://open.app.jobrapido.com/ar/4177697240514560000/?w=software%20engineer&l=&oc=sponsored&k=web.1.1.9&uuid=arF0019d6b0cb78b3b6a&page_item_id=2105872726,Software Engineer,jobrapido,2026-04-08T00:04:49.889564,,,,
7100549053833805824,"Backend Software Engineer AI Apps, Flexible & Remote",AgileEngine,Mendoza,,,https://open.app.jobrapido.com/ar/7100549053833805824/?w=software%20engineer&l=&oc=sponsored&k=web.1.1.10&uuid=arF0019d6b0cb78b3b6a&page_item_id=1349600983,Software Engineer,jobrapido,2026-04-08T00:04:49.890055,,,,
5075117656147755008,Full Stack AI Software Engineer ID53175,"AgileEngine, LLC.",Mendoza,,,https://open.app.jobrapido.com/ar/5075117656147755008/?w=software%20engineer&l=&oc=sponsored&k=web.1.1.11&uuid=arF0019d6b0cb78b3b6a&page_item_id=-687651180,Software Engineer,jobrapido,2026-04-08T00:04:49.890541,,,,
2131739610005372928,L2 Technical Support,Wakapi,Mendoza,,,https://open.app.jobrapido.com/ar/2131739610005372928/?w=software%20engineer&l=&oc=sponsored&k=web.1.1.12&uuid=arF0019d6b0cb78b3b6a&page_item_id=1057825313,Software Engineer,jobrapido,2026-04-08T00:04:49.891026,,,,
6533342147872030720,Full Stack Engineer ID47466,AgileEngine,Mendoza,,,https://open.app.jobrapido.com/ar/6533342147872030720/?w=software%20engineer&l=&oc=sponsored&k=web.1.1.13&uuid=arF0019d6b0cb78b3b6a&page_item_id=260972216,Software Engineer,jobrapido,2026-04-08T00:04:49.891508,,,,
2751659865066700800,Technical Support Engineer ID54393,AgileEngine,Mendoza,,,https://open.app.jobrapido.com/ar/2751659865066700800/?w=software%20engineer&l=&oc=sponsored&k=web.1.1.14&uuid=arF0019d6b0cb78b3b6a&page_item_id=-261125219,Software Engineer,jobrapido,2026-04-08T00:04:49.891993,,,,
2718191624470396928,Anuncios Google,Prometeo Talent,Mendoza,,,https://open.app.jobrapido.com/ar/2718191624470396928/?w=software%20engineer&l=&oc=sponsored&k=web.1.2.0&uuid=arF0019d6b0df3e63f6f&page_item_id=-621720291,Software Engineer,jobrapido,2026-04-08T00:06:10.627066,,,,
2714513964233916416,Remote Video Editor (Paid Ads) | U.S. DTC Marketing Agency,Atomic HR,Mendoza,,,https://open.app.jobrapido.com/ar/2714513964233916416/?w=software%20engineer&l=&oc=sponsored&k=web.1.2.3&uuid=arF0019d6b0df3e63f6f&page_item_id=1343431868,Software Engineer,jobrapido,2026-04-08T00:06:10.627954,,,,
2378311689603907584,Full Stack Engineer ID55425,AgileEngine,Mendoza,,,https://open.app.jobrapido.com/ar/2378311689603907584/?w=software%20engineer&l=&oc=sponsored&k=web.1.2.5&uuid=arF0019d6b0df3e63f6f&page_item_id=846742943,Software Engineer,jobrapido,2026-04-08T00:06:10.628692,,,,
8786267861464121344,DevOps Engineer (Senior/Lead) ID55632,AgileEngine,Mendoza,,,https://open.app.jobrapido.com/ar/8786267861464121344/?w=software%20engineer&l=&oc=sponsored&k=web.1.2.12&uuid=arF0019d6b0df3e63f6f&page_item_id=-1560941478,Software Engineer,jobrapido,2026-04-08T00:06:10.630439,,,,
8109084147475021824,Executive Assistant | Marketing Operations | Remote | High-Growth AI Company,Atomic HR,Mendoza,,,https://open.app.jobrapido.com/ar/8109084147475021824/?w=software%20engineer&l=&oc=sponsored&k=web.1.3.3&uuid=arF0019d6b0e6f1b40f7&page_item_id=676277649,Software Engineer,jobrapido,2026-04-08T00:06:42.087612,,,,
6344236043499208704,Paid Media Specialist (Meta) | ECommerce | Remote (LATAM),Atomic HR,Mendoza,,,https://open.app.jobrapido.com/ar/6344236043499208704/?w=software%20engineer&l=&oc=sponsored&k=web.1.3.4&uuid=arF0019d6b0e6f1b40f7&page_item_id=-245355979,Software Engineer,jobrapido,2026-04-08T00:06:42.088145,,,,
5452651753981870080,Mobile Engineer (Middle) ID52836,AgileEngine,Mendoza,,,https://open.app.jobrapido.com/ar/5452651753981870080/?w=software%20engineer&l=&oc=sponsored&k=web.1.3.7&uuid=arF0019d6b0e6f1b40f7&page_item_id=-70423475,Software Engineer,jobrapido,2026-04-08T00:06:42.088908,,,,
1076841766038011904,Executive Assistant & Operations Associate | Remote | AI-Driven SEO Company,Atomic HR,Mendoza,,,https://open.app.jobrapido.com/ar/1076841766038011904/?w=software%20engineer&l=&oc=sponsored&k=web.1.3.9&uuid=arF0019d6b0e6f1b40f7&page_item_id=-766909591,Software Engineer,jobrapido,2026-04-08T00:06:42.089539,,,,
6036539127510335488,Software Engineer - Python/Django,InvGate,Mendoza,,,https://open.app.jobrapido.com/ar/6036539127510335488/?w=software%20engineer&l=&oc=sponsored&k=web.1.3.10&uuid=arF0019d6b0e6f1b40f7&page_item_id=1466274705,Software Engineer,jobrapido,2026-04-08T00:06:42.090026,,,,
5857555556679548928,Senior Data Engineer - Spark/Java on AWS EMR | Flexible,AgileEngine,Mendoza,,,https://open.app.jobrapido.com/ar/5857555556679548928/?w=software%20engineer&l=&oc=sponsored&k=web.1.3.11&uuid=arF0019d6b0e6f1b40f7&page_item_id=227881885,Software Engineer,jobrapido,2026-04-08T00:06:42.090506,,,,
6049026848002670592,"Senior Go Engineer – AI Microservices, Kubernetes, Remote",AgileEngine,Mendoza,,,https://open.app.jobrapido.com/ar/6049026848002670592/?w=software%20engineer&l=&oc=sponsored&k=web.1.3.12&uuid=arF0019d6b0e6f1b40f7&page_item_id=-1808811406,Software Engineer,jobrapido,2026-04-08T00:06:42.090994,,,,
18259720598978560,"Lead Full-Stack AI Engineer | Python, Node.js, React",AgileEngine,Mendoza,,,https://open.app.jobrapido.com/ar/18259720598978560/?w=software%20engineer&l=&oc=sponsored&k=web.1.3.13&uuid=arF0019d6b0e6f1b40f7&page_item_id=637975407,Software Engineer,jobrapido,2026-04-08T00:06:42.091481,,,,
2776306311556497408,Remote DevOps Engineer - Cloud & Kubernetes Expert (LATAM),Bluelight Consulting LLC,Mendoza,,,https://open.app.jobrapido.com/ar/2776306311556497408/?w=software%20engineer&l=&oc=sponsored&k=web.1.3.14&uuid=arF0019d6b0e6f1b40f7&page_item_id=1226307976,Software Engineer,jobrapido,2026-04-08T00:06:42.092025,,,,
6918656308379910144,Remote React Native Mobile Engineer — Growth & Impact,"AgileEngine, LLC.",Mendoza,,,https://open.app.jobrapido.com/ar/6918656308379910144/?w=software%20engineer&l=&oc=sponsored&k=web.1.4.0&uuid=arF0019d6b0f5dfc433f&page_item_id=-249118857,Software Engineer,jobrapido,2026-04-08T00:07:43.455730,,,,
5512034590291656704,"Remote Full Stack Engineer: SaaS, Growth & Impact","AgileEngine, LLC.",Mendoza,,,https://open.app.jobrapido.com/ar/5512034590291656704/?w=software%20engineer&l=&oc=sponsored&k=web.1.4.1&uuid=arF0019d6b0f5dfc433f&page_item_id=-1740363550,Software Engineer,jobrapido,2026-04-08T00:07:43.456316,,,,
4089832792437817344,"Senior Full-Stack Engineer - SaaS, React & Python, Cloud","AgileEngine, LLC.",Mendoza,,,https://open.app.jobrapido.com/ar/4089832792437817344/?w=software%20engineer&l=&oc=sponsored&k=web.1.4.2&uuid=arF0019d6b0f5dfc433f&page_item_id=-2103534103,Software Engineer,jobrapido,2026-04-08T00:07:43.456804,,,,
7494451856148529152,Full Stack Engineer – React/Node/Python | Remote/Flexible,AgileEngine,Mendoza,,,https://open.app.jobrapido.com/ar/7494451856148529152/?w=software%20engineer&l=&oc=sponsored&k=web.1.4.3&uuid=arF0019d6b0f5dfc433f&page_item_id=470209217,Software Engineer,jobrapido,2026-04-08T00:07:43.457296,,,,
3376301423057698816,"Senior Full-Stack Engineer - Remote, Flexible Hours",AgileEngine,Mendoza,,,https://open.app.jobrapido.com/ar/3376301423057698816/?w=software%20engineer&l=&oc=sponsored&k=web.1.4.4&uuid=arF0019d6b0f5dfc433f&page_item_id=1296104923,Software Engineer,jobrapido,2026-04-08T00:07:43.457777,,,,
3207905994583572480,Senior Full Stack Engineer - Remote & Growth-Focused Role,AgileEngine,Mendoza,,,https://open.app.jobrapido.com/ar/3207905994583572480/?w=software%20engineer&l=&oc=sponsored&k=web.1.4.5&uuid=arF0019d6b0f5dfc433f&page_item_id=-205494359,Software Engineer,jobrapido,2026-04-08T00:07:43.458257,,,,
1001423652148740096,Full Stack Engineer - Cloud SaaS | Remote & Flextime,AgileEngine,Mendoza,,,https://open.app.jobrapido.com/ar/1001423652148740096/?w=software%20engineer&l=&oc=sponsored&k=web.1.4.6&uuid=arF0019d6b0f5dfc433f&page_item_id=-1583561216,Software Engineer,jobrapido,2026-04-08T00:07:43.458729,,,,
5499413833187328000,Mid-Level Full Stack Engineer — Scalable Web Apps (Remote),AgileEngine,Mendoza,,,https://open.app.jobrapido.com/ar/5499413833187328000/?w=software%20engineer&l=&oc=sponsored&k=web.1.4.7&uuid=arF0019d6b0f5dfc433f&page_item_id=2004677489,Software Engineer,jobrapido,2026-04-08T00:07:43.459217,,,,
1414953123566321664,"Senior Full-Stack Engineer: SaaS, Java/React, Microservices",AgileEngine,Mendoza,,,https://open.app.jobrapido.com/ar/1414953123566321664/?w=software%20engineer&l=&oc=sponsored&k=web.1.4.8&uuid=arF0019d6b0f5dfc433f&page_item_id=1881044122,Software Engineer,jobrapido,2026-04-08T00:07:43.459698,,,,
791429768900771840,Senior Java Backend Engineer — Lead Microservices & Cloud,AgileEngine,Mendoza,,,https://open.app.jobrapido.com/ar/791429768900771840/?w=software%20engineer&l=&oc=sponsored&k=web.1.4.9&uuid=arF0019d6b0f5dfc433f&page_item_id=1521425616,Software Engineer,jobrapido,2026-04-08T00:07:43.460185,,,,
6044190027632607232,"Senior iOS Engineer - Remote, Growth & Impact",Miratech,Mendoza,,,https://open.app.jobrapido.com/ar/6044190027632607232/?w=software%20engineer&l=&oc=sponsored&k=web.1.4.10&uuid=arF0019d6b0f5dfc433f&page_item_id=370534339,Software Engineer,jobrapido,2026-04-08T00:07:43.460665,,,,
8211234434167341056,Remote DevOps Engineer – Cloud & Kubernetes Expert (LATAM),Bluelight Consulting LLC,Mendoza,,,https://open.app.jobrapido.com/ar/8211234434167341056/?w=software%20engineer&l=&oc=sponsored&k=web.1.4.11&uuid=arF0019d6b0f5dfc433f&page_item_id=-1607491863,Software Engineer,jobrapido,2026-04-08T00:07:43.461169,,,,
8115065834327506944,Senior Backend Engineer: Scale Concurrency (Remote/Flex),"AgileEngine, LLC.",Mendoza,,,https://open.app.jobrapido.com/ar/8115065834327506944/?w=software%20engineer&l=&oc=sponsored&k=web.1.4.12&uuid=arF0019d6b0f5dfc433f&page_item_id=1674152056,Software Engineer,jobrapido,2026-04-08T00:07:43.461653,,,,
8026758557942677504,Senior Full-Stack Engineer: React/Node | Remote & Flexible,"AgileEngine, LLC.",Mendoza,,,https://open.app.jobrapido.com/ar/8026758557942677504/?w=software%20engineer&l=&oc=sponsored&k=web.1.4.13&uuid=arF0019d6b0f5dfc433f&page_item_id=2021880167,Software Engineer,jobrapido,2026-04-08T00:07:43.462143,,,,
4402928624051683328,"Remote Full Stack Engineer — React, Node, Python + AWS","AgileEngine, LLC.",Mendoza,,,https://open.app.jobrapido.com/ar/4402928624051683328/?w=software%20engineer&l=&oc=sponsored&k=web.1.4.14&uuid=arF0019d6b0f5dfc433f&page_item_id=1325348548,Software Engineer,jobrapido,2026-04-08T00:07:43.462628,,,,
5030739593029222400,Full Stack Engineer ID55425,"AgileEngine, LLC.",Mendoza,,,https://open.app.jobrapido.com/ar/5030739593029222400/?w=software%20engineer&l=&oc=sponsored&k=web.1.4.17&uuid=arF0019d6b0f5dfc433f&page_item_id=-414666124,Software Engineer,jobrapido,2026-04-08T00:07:43.463591,,,,
7589746790920880128,Full Stack Engineer (Middle) ID51937,AgileEngine,Mendoza,,,https://open.app.jobrapido.com/ar/7589746790920880128/?w=software%20engineer&l=&oc=sponsored&k=web.1.5.0&uuid=arF0019d6b10e12445f3&page_item_id=-32475344,Software Engineer,jobrapido,2026-04-08T00:09:22.698211,,,,
1122740329183707136,Senior DevOps Engineer: Cloud Reliability & Automation,AgileEngine,Mendoza,,,https://open.app.jobrapido.com/ar/1122740329183707136/?w=software%20engineer&l=&oc=sponsored&k=web.1.5.3&uuid=arF0019d6b10e12445f3&page_item_id=-665223655,Software Engineer,jobrapido,2026-04-08T00:09:22.699280,,,,
6029199230264934400,"Hydrogeologist Engineer, Senior",Ausenco Pty Ltd.,Mendoza,,,https://open.app.jobrapido.com/ar/6029199230264934400/?w=software%20engineer&l=&oc=sponsored&k=web.1.5.4&uuid=arF0019d6b10e12445f3&page_item_id=1180929126,Software Engineer,jobrapido,2026-04-08T00:09:22.699766,,,,
1328824679795785728,Remote Technical Support Engineer - Java & Atlassian,AgileEngine,Mendoza,,,https://open.app.jobrapido.com/ar/1328824679795785728/?w=software%20engineer&l=&oc=sponsored&k=web.1.5.7&uuid=arF0019d6b10e12445f3&page_item_id=-2038815424,Software Engineer,jobrapido,2026-04-08T00:09:22.700535,,,,
1440829867733024768,Sr Client Partner MS036IO,Coderio,Mendoza,,,https://open.app.jobrapido.com/ar/1440829867733024768/?w=software%20engineer&l=&oc=sponsored&k=web.1.5.15&uuid=arF0019d6b10e12445f3&page_item_id=-1218309803,Software Engineer,jobrapido,2026-04-08T00:09:22.701996,,,,
8032400289543749632,Senior Client Partner MS036IO,Coderio | Software Company,Mendoza,,,https://open.app.jobrapido.com/ar/8032400289543749632/?w=software%20engineer&l=&oc=sponsored&k=web.1.5.19&uuid=arF0019d6b10e12445f3&page_item_id=1989210325,Software Engineer,jobrapido,2026-04-08T00:09:22.702885,,,,
6672802003715883008,Anuncios Google,Techunting,Mendoza,,,https://open.app.jobrapido.com/ar/6672802003715883008/?w=python&l=&oc=sponsored&k=web.1.1.0&uuid=arF0019d6b1193c447a6&page_item_id=1305587241,Python Developer,jobrapido,2026-04-08T00:10:08.030704,,,,
5396407542333046784,Sr/Lead Odoo (Python) Engineer,Techunting,Mendoza,,,https://open.app.jobrapido.com/ar/5396407542333046784/?w=python&l=&oc=sponsored&k=web.1.1.1&uuid=arF0019d6b1193c447a6&page_item_id=719105773,Python Developer,jobrapido,2026-04-08T00:10:08.031298,,,,
8723334757942820864,Remote GIS Developer — ArcGIS & Python Specialist,Techunting,Mendoza,,,https://open.app.jobrapido.com/ar/8723334757942820864/?w=python&l=&oc=sponsored&k=web.1.1.3&uuid=arF0019d6b1193c447a6&page_item_id=1869333881,Python Developer,jobrapido,2026-04-08T00:10:08.031952,,,,
5673880610251210752,Full-Stack Python/Django Engineer - SaaS ITSM (Remote),InvGate,Mendoza,,,https://open.app.jobrapido.com/ar/5673880610251210752/?w=python&l=&oc=sponsored&k=web.1.1.5&uuid=arF0019d6b1193c447a6&page_item_id=158167729,Python Developer,jobrapido,2026-04-08T00:10:08.032601,,,,
467516014179909632,Senior Python Django + React Full-Stack Engineer - Remote,Bluelight Consulting,Mendoza,,,https://open.app.jobrapido.com/ar/467516014179909632/?w=python&l=&oc=sponsored&k=web.1.1.9&uuid=arF0019d6b1193c447a6&page_item_id=-756807137,Python Developer,jobrapido,2026-04-08T00:10:08.033537,,,,
3328678413362790400,"Fullstack Engineer with Python and React - Latin America, Remote position",Bluelight,Mendoza,,,https://open.app.jobrapido.com/ar/3328678413362790400/?w=python&l=&oc=sponsored&k=web.1.1.11&uuid=arF0019d6b1193c447a6&page_item_id=2043330793,Python Developer,jobrapido,2026-04-08T00:10:08.034174,,,,
8244920356591108096,"Fullstack Engineer with Python and React - Latin America, Remote position",Bluelight Consulting,Mendoza,,,https://open.app.jobrapido.com/ar/8244920356591108096/?w=python&l=&oc=sponsored&k=web.1.1.12&uuid=arF0019d6b1193c447a6&page_item_id=684714003,Python Developer,jobrapido,2026-04-08T00:10:08.034655,,,,
4404649449943465984,"Fullstack Senior Engineer with Python (Django) and React - Latin America, Remote position",Bluelight Consulting,Mendoza,,,https://open.app.jobrapido.com/ar/4404649449943465984/?w=python&l=&oc=sponsored&k=web.1.1.13&uuid=arF0019d6b1193c447a6&page_item_id=-1913453167,Python Developer,jobrapido,2026-04-08T00:10:08.035140,,,,
1378624928672120832,Geoquímico / Argentina,WSP,Mendoza,,,https://open.app.jobrapido.com/ar/1378624928672120832/?w=python&l=&oc=sponsored&k=web.1.2.3&uuid=arF0019d6b12637e4916&page_item_id=-1464633262,Python Developer,jobrapido,2026-04-08T00:11:01.462246,,,,
1097293644387319808,Remote Security Automation Engineer—AI Agents & Integrations,Coderio | Software Company,Mendoza,,,https://open.app.jobrapido.com/ar/1097293644387319808/?w=python&l=&oc=sponsored&k=web.1.2.11&uuid=arF0019d6b12637e4916&page_item_id=1468582487,Python Developer,jobrapido,2026-04-08T00:11:01.463775,,,,
2027528366076198912,Analista BI Senior,Grupo Lorenzo,Mendoza,,,https://open.app.jobrapido.com/ar/2027528366076198912/?w=python&l=&oc=sponsored&k=web.1.2.12&uuid=arF0019d6b12637e4916&page_item_id=656647459,Python Developer,jobrapido,2026-04-08T00:11:01.464272,,,,
3928811101256417280,Remote Full-Stack Engineer - Growth & Learning Focus,Bluelight,Mendoza,,,https://open.app.jobrapido.com/ar/3928811101256417280/?w=python&l=&oc=sponsored&k=web.1.2.13&uuid=arF0019d6b12637e4916&page_item_id=1625201372,Python Developer,jobrapido,2026-04-08T00:11:01.464757,,,,
4623850733756743680,Senior Full-Stack Engineer — Remote & Growth,AgileEngine,Mendoza,,,https://open.app.jobrapido.com/ar/4623850733756743680/?w=python&l=&oc=sponsored&k=web.1.2.15&uuid=arF0019d6b12637e4916&page_item_id=1243153583,Python Developer,jobrapido,2026-04-08T00:11:01.465388,,,,
3734593367326064640,"Remote Full‑Stack Engineer — Grow, Learn, Impact",Bluelight Consulting,Mendoza,,,https://open.app.jobrapido.com/ar/3734593367326064640/?w=python&l=&oc=sponsored&k=web.1.2.17&uuid=arF0019d6b12637e4916&page_item_id=-1634006544,Python Developer,jobrapido,2026-04-08T00:11:01.466015,,,,
6568117707793760256,Senior/Lead Full-Stack AI Engineer — Flexible/Remote,"AgileEngine, LLC.",Mendoza,,,https://open.app.jobrapido.com/ar/6568117707793760256/?w=python&l=&oc=sponsored&k=web.1.2.18&uuid=arF0019d6b12637e4916&page_item_id=-1737284320,Python Developer,jobrapido,2026-04-08T00:11:01.466504,,,,
4933354460882665472,Modelador Hidrogeológico,Golder Associates Ltd.,Mendoza,,,https://open.app.jobrapido.com/ar/4933354460882665472/?w=python&l=&oc=sponsored&k=web.1.3.2&uuid=arF0019d6b130ee149fe&page_item_id=1642268938,Python Developer,jobrapido,2026-04-08T00:11:45.315762,,,,
2953076032904626176,Senior Security Automation Engineer JP033CA,Coderio,Mendoza,,,https://open.app.jobrapido.com/ar/2953076032904626176/?w=python&l=&oc=sponsored&k=web.1.3.6&uuid=arF0019d6b130ee149fe&page_item_id=-310617176,Python Developer,jobrapido,2026-04-08T00:11:45.316662,,,,
6990037810140938240,Geoquímico / Argentina,Golder Associates Ltd.,Mendoza,,,https://open.app.jobrapido.com/ar/6990037810140938240/?w=python&l=&oc=sponsored&k=web.1.3.7&uuid=arF0019d6b130ee149fe&page_item_id=-2108635285,Python Developer,jobrapido,2026-04-08T00:11:45.317144,,,,
4492828461424967680,Java Engineer (Junior/Trainee) Id52279,AgileEngine,Mendoza,,,https://open.app.jobrapido.com/ar/4492828461424967680/?w=python&l=&oc=sponsored&k=web.1.3.11&uuid=arF0019d6b130ee149fe&page_item_id=-1245049897,Python Developer,jobrapido,2026-04-08T00:11:45.318033,,,,
8749312060178825216,Modelador Hidrogeológico,WSP,Mendoza,,,https://open.app.jobrapido.com/ar/8749312060178825216/?w=python&l=&oc=sponsored&k=web.1.3.12&uuid=arF0019d6b130ee149fe&page_item_id=-1953470660,Python Developer,jobrapido,2026-04-08T00:11:45.318504,,,,
2647437351143342080,Python/Arcgis Developer,Techunting,Mendoza Capital,,,https://open.app.jobrapido.com/ar/2647437351143342080/?w=python&l=&oc=sponsored&k=web.1.3.17&uuid=arF0019d6b130ee149fe&page_item_id=277303874,Python Developer,jobrapido,2026-04-08T00:11:45.319517,,,,
8867100095162613760,Software Engineer - Python/Django,InvGate,Mendoza Capital,,,https://open.app.jobrapido.com/ar/8867100095162613760/?w=python&l=&oc=sponsored&k=web.1.3.18&uuid=arF0019d6b130ee149fe&page_item_id=-1383752210,Python Developer,jobrapido,2026-04-08T00:11:45.319984,,,,
4156475828579860480,Remote GIS Developer — ArcGIS & Python Specialist,Techunting,Mendoza Capital,,,https://open.app.jobrapido.com/ar/4156475828579860480/?w=python&l=&oc=sponsored&k=web.1.3.19&uuid=arF0019d6b130ee149fe&page_item_id=419508008,Python Developer,jobrapido,2026-04-08T00:11:45.320528,,,,
2443559651648733184,Full-Stack Python/Django Engineer - SaaS ITSM (Remote),InvGate,Mendoza Capital,,,https://open.app.jobrapido.com/ar/2443559651648733184/?w=python&l=&oc=sponsored&k=web.1.4.1&uuid=arF0019d6b13ddab4b21&page_item_id=-640112187,Python Developer,jobrapido,2026-04-08T00:12:38.074374,,,,
7759113101047234560,Full Stack Engineer – React/Node/Python | Remote/Flexible,AgileEngine,Mendoza Capital,,,https://open.app.jobrapido.com/ar/7759113101047234560/?w=python&l=&oc=sponsored&k=web.1.4.2&uuid=arF0019d6b13ddab4b21&page_item_id=1314115549,Python Developer,jobrapido,2026-04-08T00:12:38.075073,,,,
9053731967660457984,"Senior Full-Stack Engineer - SaaS, React & Python, Cloud","AgileEngine, LLC.",Mendoza Capital,,,https://open.app.jobrapido.com/ar/9053731967660457984/?w=python&l=&oc=sponsored&k=web.1.4.3&uuid=arF0019d6b13ddab4b21&page_item_id=356566436,Python Developer,jobrapido,2026-04-08T00:12:38.075568,,,,
3302238319810707456,"Remote Full Stack Engineer — React, Node, Python + AWS","AgileEngine, LLC.",Mendoza Capital,,,https://open.app.jobrapido.com/ar/3302238319810707456/?w=python&l=&oc=sponsored&k=web.1.4.4&uuid=arF0019d6b13ddab4b21&page_item_id=-2025851467,Python Developer,jobrapido,2026-04-08T00:12:38.076090,,,,
8885162940903194624,"Lead Full-Stack AI Engineer | Python, Node.js, React",AgileEngine,Mendoza Capital,,,https://open.app.jobrapido.com/ar/8885162940903194624/?w=python&l=&oc=sponsored&k=web.1.4.5&uuid=arF0019d6b13ddab4b21&page_item_id=1783377930,Python Developer,jobrapido,2026-04-08T00:12:38.076578,,,,
9157637246709399552,Senior Python Django + React Full-Stack Engineer - Remote,Bluelight Consulting,Mendoza Capital,,,https://open.app.jobrapido.com/ar/9157637246709399552/?w=python&l=&oc=sponsored&k=web.1.4.6&uuid=arF0019d6b13ddab4b21&page_item_id=897834066,Python Developer,jobrapido,2026-04-08T00:12:38.077070,,,,
5757989981305962496,"Fullstack Engineer with Python and React - Latin America, Remote position",Bluelight Consulting,Mendoza Capital,,,https://open.app.jobrapido.com/ar/5757989981305962496/?w=python&l=&oc=sponsored&k=web.1.4.7&uuid=arF0019d6b13ddab4b21&page_item_id=2044210774,Python Developer,jobrapido,2026-04-08T00:12:38.077552,,,,
4337902544312336384,"Fullstack Engineer with Python and React - Latin America, Remote position",Bluelight,Mendoza Capital,,,https://open.app.jobrapido.com/ar/4337902544312336384/?w=python&l=&oc=sponsored&k=web.1.4.8&uuid=arF0019d6b13ddab4b21&page_item_id=183130651,Python Developer,jobrapido,2026-04-08T00:12:38.078038,,,,
5248216451768123392,"Fullstack Senior Engineer with Python (Django) and React - Latin America, Remote position",Bluelight Consulting,Mendoza Capital,,,https://open.app.jobrapido.com/ar/5248216451768123392/?w=python&l=&oc=sponsored&k=web.1.4.9&uuid=arF0019d6b13ddab4b21&page_item_id=874818550,Python Developer,jobrapido,2026-04-08T00:12:38.078519,,,,
2338304309759836160,Remote Full-Stack Engineer - Growth & Learning Focus,Bluelight,Mendoza Capital,,,https://open.app.jobrapido.com/ar/2338304309759836160/?w=python&l=&oc=sponsored&k=web.1.4.10&uuid=arF0019d6b13ddab4b21&page_item_id=-1149581139,Python Developer,jobrapido,2026-04-08T00:12:38.079001,,,,
105644794490912768,"Remote Full‑Stack Engineer — Grow, Learn, Impact",Bluelight Consulting,Mendoza Capital,,,https://open.app.jobrapido.com/ar/105644794490912768/?w=python&l=&oc=sponsored&k=web.1.4.11&uuid=arF0019d6b13ddab4b21&page_item_id=-63424226,Python Developer,jobrapido,2026-04-08T00:12:38.079497,,,,
264405340009791488,Remote Security Automation Engineer—AI Agents & Integrations,Coderio | Software Company,Mendoza Capital,,,https://open.app.jobrapido.com/ar/264405340009791488/?w=python&l=&oc=sponsored&k=web.1.4.12&uuid=arF0019d6b13ddab4b21&page_item_id=304301342,Python Developer,jobrapido,2026-04-08T00:12:38.079981,,,,
7761866278163185664,Senior/Lead Full-Stack AI Engineer — Flexible/Remote,"AgileEngine, LLC.",Mendoza Capital,,,https://open.app.jobrapido.com/ar/7761866278163185664/?w=python&l=&oc=sponsored&k=web.1.4.13&uuid=arF0019d6b13ddab4b21&page_item_id=1727733396,Python Developer,jobrapido,2026-04-08T00:12:38.080494,,,,
8320520976525688832,"Backend Software Engineer AI Apps, Flexible & Remote",AgileEngine,Mendoza Capital,,,https://open.app.jobrapido.com/ar/8320520976525688832/?w=python&l=&oc=sponsored&k=web.1.4.14&uuid=arF0019d6b13ddab4b21&page_item_id=1827212085,Python Developer,jobrapido,2026-04-08T00:12:38.080977,,,,
3143985048584192000,Senior Full-Stack Engineer — Remote & Growth,AgileEngine,Mendoza Capital,,,https://open.app.jobrapido.com/ar/3143985048584192000/?w=python&l=&oc=sponsored&k=web.1.4.15&uuid=arF0019d6b13ddab4b21&page_item_id=737551715,Python Developer,jobrapido,2026-04-08T00:12:38.081467,,,,
2012467255798923264,Analista BI Senior,Grupo Lorenzo,Mendoza Capital,,,https://open.app.jobrapido.com/ar/2012467255798923264/?w=python&l=&oc=sponsored&k=web.1.4.17&uuid=arF0019d6b13ddab4b21&page_item_id=-1802872751,Python Developer,jobrapido,2026-04-08T00:12:38.082091,,,,
5759000432491888640,DevOps Engineer (Senior/Lead) ID55632,AgileEngine,Mendoza Capital,,,https://open.app.jobrapido.com/ar/5759000432491888640/?w=python&l=&oc=sponsored&k=web.1.5.0&uuid=arF0019d6b15755b4d20&page_item_id=1245187786,Python Developer,jobrapido,2026-04-08T00:14:22.580199,,,,
3108214237365796864,Senior DevOps Engineer: Cloud Reliability & Automation,AgileEngine,Mendoza Capital,,,https://open.app.jobrapido.com/ar/3108214237365796864/?w=python&l=&oc=sponsored&k=web.1.5.1&uuid=arF0019d6b15755b4d20&page_item_id=570109852,Python Developer,jobrapido,2026-04-08T00:14:22.580772,,,,
532106871998251008,Full Stack Engineer (Senior) ID55150,"AgileEngine, LLC.",Mendoza Capital,,,https://open.app.jobrapido.com/ar/532106871998251008/?w=python&l=&oc=sponsored&k=web.1.5.2&uuid=arF0019d6b15755b4d20&page_item_id=1859101487,Python Developer,jobrapido,2026-04-08T00:14:22.581273,,,,
5905616872081981440,Full Stack Engineer ID52453,AgileEngine,Mendoza Capital,,,https://open.app.jobrapido.com/ar/5905616872081981440/?w=python&l=&oc=sponsored&k=web.1.5.3&uuid=arF0019d6b15755b4d20&page_item_id=-2078028786,Python Developer,jobrapido,2026-04-08T00:14:22.581756,,,,
101281794912944128,Senior Security Automation Engineer JP033CA,Coderio | Software Company,Mendoza Capital,,,https://open.app.jobrapido.com/ar/101281794912944128/?w=python&l=&oc=sponsored&k=web.1.5.4&uuid=arF0019d6b15755b4d20&page_item_id=717751531,Python Developer,jobrapido,2026-04-08T00:14:22.582242,,,,
5430189143743266816,Full Stack Engineer ID55146,AgileEngine,Mendoza Capital,,,https://open.app.jobrapido.com/ar/5430189143743266816/?w=python&l=&oc=sponsored&k=web.1.5.5&uuid=arF0019d6b15755b4d20&page_item_id=1409262265,Python Developer,jobrapido,2026-04-08T00:14:22.582721,,,,
8636019803686961152,Full Stack Engineer ID52453,"AgileEngine, LLC.",Mendoza Capital,,,https://open.app.jobrapido.com/ar/8636019803686961152/?w=python&l=&oc=sponsored&k=web.1.5.6&uuid=arF0019d6b15755b4d20&page_item_id=499794857,Python Developer,jobrapido,2026-04-08T00:14:22.583243,,,,
6505028830103601152,Full Stack AI Software Engineer ID53175,"AgileEngine, LLC.",Mendoza Capital,,,https://open.app.jobrapido.com/ar/6505028830103601152/?w=python&l=&oc=sponsored&k=web.1.5.7&uuid=arF0019d6b15755b4d20&page_item_id=-353308428,Python Developer,jobrapido,2026-04-08T00:14:22.583723,,,,
2291348428745080832,Full Stack Engineer (Senior) ID52039,"AgileEngine, LLC.",Mendoza Capital,,,https://open.app.jobrapido.com/ar/2291348428745080832/?w=python&l=&oc=sponsored&k=web.1.5.9&uuid=arF0019d6b15755b4d20&page_item_id=-1327604368,Python Developer,jobrapido,2026-04-08T00:14:22.584348,,,,
587489410128281600,Full Stack Engineer (Senior) ID55150,AgileEngine,Mendoza Capital,,,https://open.app.jobrapido.com/ar/587489410128281600/?w=python&l=&oc=sponsored&k=web.1.5.12&uuid=arF0019d6b15755b4d20&page_item_id=2116940748,Python Developer,jobrapido,2026-04-08T00:14:22.585118,,,,
5662281479837712384,Senior Security Automation Engineer JP033CA,Coderio,Mendoza Capital,,,https://open.app.jobrapido.com/ar/5662281479837712384/?w=python&l=&oc=sponsored&k=web.1.5.13&uuid=arF0019d6b15755b4d20&page_item_id=-1181351359,Python Developer,jobrapido,2026-04-08T00:14:22.585600,,,,
2471581736274755584,Full Stack Engineer (Middle) ID51937,AgileEngine,Mendoza Capital,,,https://open.app.jobrapido.com/ar/2471581736274755584/?w=python&l=&oc=sponsored&k=web.1.5.14&uuid=arF0019d6b15755b4d20&page_item_id=-378638325,Python Developer,jobrapido,2026-04-08T00:14:22.586175,,,,
8925322740546666496,Full Stack Engineer (Senior) ID52039,AgileEngine,Mendoza Capital,,,https://open.app.jobrapido.com/ar/8925322740546666496/?w=python&l=&oc=sponsored&k=web.1.5.15&uuid=arF0019d6b15755b4d20&page_item_id=-1914648049,Python Developer,jobrapido,2026-04-08T00:14:22.586783,,,,
4418626888432353280,Backend Software Engineer (Middle) ID51653,AgileEngine,Mendoza Capital,,,https://open.app.jobrapido.com/ar/4418626888432353280/?w=python&l=&oc=sponsored&k=web.1.5.17&uuid=arF0019d6b15755b4d20&page_item_id=588550194,Python Developer,jobrapido,2026-04-08T00:14:22.587474,,,,
2157246286904950784,Desarrollador Backend .Net Sr,Tecsol Group,Capital Federal,,,https://open.app.jobrapido.com/ar/2157246286904950784/?w=desarrollador%20backend&l=&oc=sponsored&k=web.1.1.0&uuid=arF0019d6b16d4d24f10&page_item_id=-419904720,Desarrollador Backend,jobrapido,2026-04-08T00:15:52.404635,,,,
4276616522094346240,Desarrollador/a Backend Senior (PHP/Laravel) (E),REKLUT,Capital Federal,,,https://open.app.jobrapido.com/ar/4276616522094346240/?w=desarrollador%20backend&l=&oc=sponsored&k=web.1.1.1&uuid=arF0019d6b16d4d24f10&page_item_id=-1562188153,Desarrollador Backend,jobrapido,2026-04-08T00:15:52.405193,,,,
181180130922594304,DESARROLLADOR BackEnd,Boldt,Capital Federal,,,https://open.app.jobrapido.com/ar/181180130922594304/?w=desarrollador%20backend&l=&oc=sponsored&k=web.1.1.2&uuid=arF0019d6b16d4d24f10&page_item_id=-1113102521,Desarrollador Backend,jobrapido,2026-04-08T00:15:52.405674,,,,
8011092991148032000,DESARROLLADOR BACKEND JAVA,Kruger NearShore LLC - Rekluti,Rosario,,,https://open.app.jobrapido.com/ar/8011092991148032000/?w=desarrollador%20backend&l=&oc=sponsored&k=web.1.1.3&uuid=arF0019d6b16d4d24f10&page_item_id=1906997326,Desarrollador Backend,jobrapido,2026-04-08T00:15:52.406161,,,,
6494505816631017472,DESARROLLADOR BACKEND JAVA,Kruger NearShore LLC - Rekluti,Tigre,,,https://open.app.jobrapido.com/ar/6494505816631017472/?w=desarrollador%20backend&l=&oc=sponsored&k=web.1.1.4&uuid=arF0019d6b16d4d24f10&page_item_id=-732180133,Desarrollador Backend,jobrapido,2026-04-08T00:15:52.406638,,,,
5130771649095794688,DESARROLLADOR BACKEND JAVA,Kruger NearShore LLC - Rekluti,Capital Federal,,,https://open.app.jobrapido.com/ar/5130771649095794688/?w=desarrollador%20backend&l=&oc=sponsored&k=web.1.1.5&uuid=arF0019d6b16d4d24f10&page_item_id=-355796102,Desarrollador Backend,jobrapido,2026-04-08T00:15:52.407121,,,,
4018980675460792320,DESARROLLADOR BACKEND JAVA,Kruger NearShore LLC - Rekluti,Entre Ríos,,,https://open.app.jobrapido.com/ar/4018980675460792320/?w=desarrollador%20backend&l=&oc=sponsored&k=web.1.1.6&uuid=arF0019d6b16d4d24f10&page_item_id=111443913,Desarrollador Backend,jobrapido,2026-04-08T00:15:52.407602,,,,
3123561495544201216,DESARROLLADOR BACKEND JAVA,Kruger NearShore LLC - Rekluti,Rosario,,,https://open.app.jobrapido.com/ar/3123561495544201216/?w=desarrollador%20backend&l=&oc=sponsored&k=web.1.1.7&uuid=arF0019d6b16d4d24f10&page_item_id=-717779866,Desarrollador Backend,jobrapido,2026-04-08T00:15:52.408087,,,,
1625669317234262016,DESARROLLADOR BACKEND JAVA,Kruger NearShore LLC - Rekluti,Córdoba,,,https://open.app.jobrapido.com/ar/1625669317234262016/?w=desarrollador%20backend&l=&oc=sponsored&k=web.1.1.8&uuid=arF0019d6b16d4d24f10&page_item_id=-1589479743,Desarrollador Backend,jobrapido,2026-04-08T00:15:52.408567,,,,
5621909736443084800,Desarrollador Backend / Power Platform,Human Sap,La Plata,,,https://open.app.jobrapido.com/ar/5621909736443084800/?w=desarrollador%20backend&l=&oc=sponsored&k=web.1.1.9&uuid=arF0019d6b16d4d24f10&page_item_id=238087227,Desarrollador Backend,jobrapido,2026-04-08T00:15:52.409049,,,,
6772333713272340480,DESARROLLADOR BACKEND JAVA (DB2 / ORACLE),Kruger NearShore LLC - Rekluti,Rosario,,,https://open.app.jobrapido.com/ar/6772333713272340480/?w=desarrollador%20backend&l=&oc=sponsored&k=web.1.1.10&uuid=arF0019d6b16d4d24f10&page_item_id=1561241205,Desarrollador Backend,jobrapido,2026-04-08T00:15:52.409525,,,,
5008317939598753792,DESARROLLADOR BACKEND JAVA (DB2 / ORACLE),Kruger NearShore LLC - Rekluti,Capital Federal,,,https://open.app.jobrapido.com/ar/5008317939598753792/?w=desarrollador%20backend&l=&oc=sponsored&k=web.1.1.11&uuid=arF0019d6b16d4d24f10&page_item_id=-1002761306,Desarrollador Backend,jobrapido,2026-04-08T00:15:52.410003,,,,
3050096526622720000,DESARROLLADOR BACKEND JAVA (DB2 / ORACLE),Kruger NearShore LLC - Rekluti,Tigre,,,https://open.app.jobrapido.com/ar/3050096526622720000/?w=desarrollador%20backend&l=&oc=sponsored&k=web.1.1.12&uuid=arF0019d6b16d4d24f10&page_item_id=1730203704,Desarrollador Backend,jobrapido,2026-04-08T00:15:52.410487,,,,
1880567998389944320,DESARROLLADOR BACKEND JAVA (DB2 / ORACLE),Kruger NearShore LLC - Rekluti,Rosario,,,https://open.app.jobrapido.com/ar/1880567998389944320/?w=desarrollador%20backend&l=&oc=sponsored&k=web.1.1.13&uuid=arF0019d6b16d4d24f10&page_item_id=1781962254,Desarrollador Backend,jobrapido,2026-04-08T00:15:52.411000,,,,
939362955269505024,DESARROLLADOR BACKEND JAVA (DB2 / ORACLE),Kruger NearShore LLC - Rekluti,Entre Ríos,,,https://open.app.jobrapido.com/ar/939362955269505024/?w=desarrollador%20backend&l=&oc=sponsored&k=web.1.1.14&uuid=arF0019d6b16d4d24f10&page_item_id=1757235068,Desarrollador Backend,jobrapido,2026-04-08T00:15:52.411484,,,,
4336155695213707264,DESARROLLADOR BACKEND JAVA (DB2 / ORACLE),Kruger NearShore LLC - Rekluti,Córdoba,,,https://open.app.jobrapido.com/ar/4336155695213707264/?w=desarrollador%20backend&l=&oc=sponsored&k=web.1.1.15&uuid=arF0019d6b16d4d24f10&page_item_id=1732293268,Desarrollador Backend,jobrapido,2026-04-08T00:15:52.411962,,,,
7089358374810157056,Desarrollador Backend (.Net),Join ready,Capital Federal,,,https://open.app.jobrapido.com/ar/7089358374810157056/?w=desarrollador%20backend&l=&oc=sponsored&k=web.1.1.16&uuid=arF0019d6b16d4d24f10&page_item_id=1340619730,Desarrollador Backend,jobrapido,2026-04-08T00:15:52.412442,,,,
8541136485695356928,Desarrollador Backend Java Senior — Remoto LATAM,Kruger NearShore LLC - Rekluti,Rosario,,,https://open.app.jobrapido.com/ar/8541136485695356928/?w=desarrollador%20backend&l=&oc=sponsored&k=web.1.1.17&uuid=arF0019d6b16d4d24f10&page_item_id=-1365695779,Desarrollador Backend,jobrapido,2026-04-08T00:15:52.412930,,,,
6245509039015329792,Desarrollador Backend Java Senior — Remoto LATAM,Kruger NearShore LLC - Rekluti,Capital Federal,,,https://open.app.jobrapido.com/ar/6245509039015329792/?w=desarrollador%20backend&l=&oc=sponsored&k=web.1.1.18&uuid=arF0019d6b16d4d24f10&page_item_id=-912202020,Desarrollador Backend,jobrapido,2026-04-08T00:15:52.413420,,,,
5791583360069402624,Desarrollador Backend Java Senior — Remoto LATAM,Kruger NearShore LLC - Rekluti,Entre Ríos,,,https://open.app.jobrapido.com/ar/5791583360069402624/?w=desarrollador%20backend&l=&oc=sponsored&k=web.1.1.19&uuid=arF0019d6b16d4d24f10&page_item_id=221811966,Desarrollador Backend,jobrapido,2026-04-08T00:15:52.413902,,,,
5661166987364007936,Desarrollador Backend Java Senior — Remoto LATAM,Kruger NearShore LLC - Rekluti,Rosario,,,https://open.app.jobrapido.com/ar/5661166987364007936/?w=desarrollador%20backend&l=&oc=sponsored&k=web.1.2.0&uuid=arF0019d6b18d65955c2&page_item_id=1837789699,Desarrollador Backend,jobrapido,2026-04-08T00:18:04.112801,,,,
2961070994267045888,Desarrollador Backend Java Senior — Remoto LATAM,Kruger NearShore LLC - Rekluti,Tigre,,,https://open.app.jobrapido.com/ar/2961070994267045888/?w=desarrollador%20backend&l=&oc=sponsored&k=web.1.2.1&uuid=arF0019d6b18d65955c2&page_item_id=305788230,Desarrollador Backend,jobrapido,2026-04-08T00:18:04.113374,,,,
3327956034223341568,Desarrollador Backend Java Senior — Remoto LATAM,Kruger NearShore LLC - Rekluti,Córdoba,,,https://open.app.jobrapido.com/ar/3327956034223341568/?w=desarrollador%20backend&l=&oc=sponsored&k=web.1.2.2&uuid=arF0019d6b18d65955c2&page_item_id=1143930576,Desarrollador Backend,jobrapido,2026-04-08T00:18:04.113862,,,,
8818017359227781120,Desarrollador/a Backend (NestJS/AWS) Remoto,Sofka,Capital Federal,,,https://open.app.jobrapido.com/ar/8818017359227781120/?w=desarrollador%20backend&l=&oc=sponsored&k=web.1.2.3&uuid=arF0019d6b18d65955c2&page_item_id=-1758916922,Desarrollador Backend,jobrapido,2026-04-08T00:18:04.114347,,,,
3789164375680483328,Desarrollador Backend - NODE JS - Córdoba excluyente,Idearhumano,Córdoba,,,https://open.app.jobrapido.com/ar/3789164375680483328/?w=desarrollador%20backend&l=&oc=sponsored&k=web.1.2.4&uuid=arF0019d6b18d65955c2&page_item_id=589848873,Desarrollador Backend,jobrapido,2026-04-08T00:18:04.114828,,,,
4770280943564881920,Desarrollador Backend Java - Technical Lead - Híbrido CABA ID #00175,Werben HR,Capital Federal,,,https://open.app.jobrapido.com/ar/4770280943564881920/?w=desarrollador%20backend&l=&oc=sponsored&k=web.1.2.5&uuid=arF0019d6b18d65955c2&page_item_id=1284859857,Desarrollador Backend,jobrapido,2026-04-08T00:18:04.115313,,,,
6324281028441538560,Desarrollador Backend Java – Technical Lead – Híbrido CABA ID #00175,Werben HR,Capital Federal,,,https://open.app.jobrapido.com/ar/6324281028441538560/?w=desarrollador%20backend&l=&oc=sponsored&k=web.1.2.6&uuid=arF0019d6b18d65955c2&page_item_id=-110645224,Desarrollador Backend,jobrapido,2026-04-08T00:18:04.115795,,,,
7707360450232451072,Desarrollador Backend JAVA,ITSM Consulting,Capital Federal,,,https://open.app.jobrapido.com/ar/7707360450232451072/?w=desarrollador%20backend&l=&oc=sponsored&k=web.1.2.7&uuid=arF0019d6b18d65955c2&page_item_id=1919978884,Desarrollador Backend,jobrapido,2026-04-08T00:18:04.116281,,,,
6825022585353273344,Desarrollador golang,Join ready,Capital Federal,,,https://open.app.jobrapido.com/ar/6825022585353273344/?w=desarrollador%20backend&l=&oc=sponsored&k=web.1.2.8&uuid=arF0019d6b18d65955c2&page_item_id=519398736,Desarrollador Backend,jobrapido,2026-04-08T00:18:04.116756,,,,
648085007763505152,Desarrollador Flutter,Join ready,Capital Federal,,,https://open.app.jobrapido.com/ar/648085007763505152/?w=desarrollador%20backend&l=&oc=sponsored&k=web.1.2.9&uuid=arF0019d6b18d65955c2&page_item_id=938763825,Desarrollador Backend,jobrapido,2026-04-08T00:18:04.117234,,,,
1617273721322471424,Arquitecto Senior React,Join ready,Capital Federal,,,https://open.app.jobrapido.com/ar/1617273721322471424/?w=desarrollador%20backend&l=&oc=sponsored&k=web.1.2.10&uuid=arF0019d6b18d65955c2&page_item_id=108837755,Desarrollador Backend,jobrapido,2026-04-08T00:18:04.117705,,,,
9133823487004114944,Desarrollador Mobile (React Native + Node.js/Express),Jazusoft,Córdoba,,,https://open.app.jobrapido.com/ar/9133823487004114944/?w=desarrollador%20backend&l=&oc=sponsored&k=web.1.2.11&uuid=arF0019d6b18d65955c2&page_item_id=-1681550690,Desarrollador Backend,jobrapido,2026-04-08T00:18:04.118184,,,,
3628520388218060800,Dev Fullstack Java + Spring y Android,Infosis,Capital Federal,,,https://open.app.jobrapido.com/ar/3628520388218060800/?w=desarrollador%20backend&l=&oc=sponsored&k=web.1.2.12&uuid=arF0019d6b18d65955c2&page_item_id=-1932403872,Desarrollador Backend,jobrapido,2026-04-08T00:18:04.118656,,,,
2330936138744725504,Desarrollador Full Stack,EYM Consultora,Capital Federal,,,https://open.app.jobrapido.com/ar/2330936138744725504/?w=desarrollador%20backend&l=&oc=sponsored&k=web.1.2.13&uuid=arF0019d6b18d65955c2&page_item_id=-1296286423,Desarrollador Backend,jobrapido,2026-04-08T00:18:04.119134,,,,
385506444046237696,Desarrollador React Native,Join ready,Capital Federal,,,https://open.app.jobrapido.com/ar/385506444046237696/?w=desarrollador%20backend&l=&oc=sponsored&k=web.1.2.14&uuid=arF0019d6b18d65955c2&page_item_id=600964297,Desarrollador Backend,jobrapido,2026-04-08T00:18:04.119604,,,,
3333016742648610816,Developer Go Sr,Beeyond Media SRL,Capital Federal,,,https://open.app.jobrapido.com/ar/3333016742648610816/?w=desarrollador%20backend&l=&oc=sponsored&k=web.1.2.15&uuid=arF0019d6b18d65955c2&page_item_id=-640839701,Desarrollador Backend,jobrapido,2026-04-08T00:18:04.120083,,,,
7939815431890534400,Angular Frontend Developer Senior,REKLUT,Capital Federal,,,https://open.app.jobrapido.com/ar/7939815431890534400/?w=desarrollador%20backend&l=&oc=sponsored&k=web.1.2.16&uuid=arF0019d6b18d65955c2&page_item_id=913024100,Desarrollador Backend,jobrapido,2026-04-08T00:18:04.120557,,,,
1740808456908046336,¡Buscamos un Developer Full Stack -Frontend en CABA!,REKLUT,Capital Federal,,,https://open.app.jobrapido.com/ar/1740808456908046336/?w=desarrollador%20backend&l=&oc=sponsored&k=web.1.2.17&uuid=arF0019d6b18d65955c2&page_item_id=1674570269,Desarrollador Backend,jobrapido,2026-04-08T00:18:04.121036,,,,
873658820453203968,Appian Developer (BPM) - Banking - España (Latam Talent),Talent Connect,Capital Federal,,,https://open.app.jobrapido.com/ar/873658820453203968/?w=desarrollador%20backend&l=&oc=sponsored&k=web.1.2.18&uuid=arF0019d6b18d65955c2&page_item_id=-989179242,Desarrollador Backend,jobrapido,2026-04-08T00:18:04.121543,,,,
8398217016514707456,"Fullstack Senior Node, React, Typescript (Argentina) (M)",REKLUT,Capital Federal,,,https://open.app.jobrapido.com/ar/8398217016514707456/?w=desarrollador%20backend&l=&oc=sponsored&k=web.1.3.10&uuid=arF0019d6b1ac9e29a26&page_item_id=-1474555004,Desarrollador Backend,jobrapido,2026-04-08T00:20:11.767179,,,,
209828469025013760,Desarrollador Python Senior,Join ready,Capital Federal,,,https://open.app.jobrapido.com/ar/209828469025013760/?w=desarrollador%20backend&l=&oc=sponsored&k=web.1.3.11&uuid=arF0019d6b1ac9e29a26&page_item_id=-1436307602,Desarrollador Backend,jobrapido,2026-04-08T00:20:11.767710,,,,
7248992276158873600,Arquitecto en Microservicios Sr.,REKLUT,Capital Federal,,,https://open.app.jobrapido.com/ar/7248992276158873600/?w=desarrollador%20backend&l=&oc=sponsored&k=web.1.3.12&uuid=arF0019d6b1ac9e29a26&page_item_id=144098373,Desarrollador Backend,jobrapido,2026-04-08T00:20:11.768233,,,,
8695763554688565248,Sr/Ssr Java Developer,Baufest,Capital Federal (Recoleta),,,https://open.app.jobrapido.com/ar/8695763554688565248/?w=desarrollador%20backend&l=&oc=sponsored&k=web.1.3.13&uuid=arF0019d6b1ac9e29a26&page_item_id=-2062855592,Desarrollador Backend,jobrapido,2026-04-08T00:20:11.768745,,,,
1652218606034878464,LÃ­der TÃ©cnico PHP,CFO TECH LATAM,Capital Federal (Parque Patricios),,,https://open.app.jobrapido.com/ar/1652218606034878464/?w=desarrollador%20backend&l=&oc=sponsored&k=web.1.3.14&uuid=arF0019d6b1ac9e29a26&page_item_id=-1465304833,Desarrollador Backend,jobrapido,2026-04-08T00:20:11.769272,,,,
827527354115948544,"Backend SR AMBA, Híbrido - ID #00005",Werben HR,Misiones,,,https://open.app.jobrapido.com/ar/827527354115948544/?w=desarrollador%20backend&l=&oc=sponsored&k=web.1.4.0&uuid=arF0019d6b1b6576a7fe&page_item_id=-667834731,Desarrollador Backend,jobrapido,2026-04-08T00:20:51.808480,,,,
6731897798771343360,Senior Java Backend (DB2/Oracle) — Remote LATAM,Kruger NearShore LLC - Rekluti,Rosario,,,https://open.app.jobrapido.com/ar/6731897798771343360/?w=desarrollador%20backend&l=&oc=sponsored&k=web.1.4.1&uuid=arF0019d6b1b6576a7fe&page_item_id=518853764,Desarrollador Backend,jobrapido,2026-04-08T00:20:51.809043,,,,
6730689435492417536,Senior Java Backend (DB2/Oracle) — Remote LATAM,Kruger NearShore LLC - Rekluti,Entre Ríos,,,https://open.app.jobrapido.com/ar/6730689435492417536/?w=desarrollador%20backend&l=&oc=sponsored&k=web.1.4.2&uuid=arF0019d6b1b6576a7fe&page_item_id=1564854689,Desarrollador Backend,jobrapido,2026-04-08T00:20:51.809535,,,,
4909141715895451648,Remote Mobile Developer - React Native + Node.js/Express,Jazusoft,Córdoba,,,https://open.app.jobrapido.com/ar/4909141715895451648/?w=desarrollador%20backend&l=&oc=sponsored&k=web.1.4.3&uuid=arF0019d6b1b6576a7fe&page_item_id=1363953546,Desarrollador Backend,jobrapido,2026-04-08T00:20:51.810017,,,,
2944651987129466880,Senior Java Backend (DB2/Oracle) — Remote LATAM,Kruger NearShore LLC - Rekluti,Tigre,,,https://open.app.jobrapido.com/ar/2944651987129466880/?w=desarrollador%20backend&l=&oc=sponsored&k=web.1.4.4&uuid=arF0019d6b1b6576a7fe&page_item_id=105227085,Desarrollador Backend,jobrapido,2026-04-08T00:20:51.810506,,,,
2332443912783790080,Senior Java Backend (DB2/Oracle) — Remote LATAM,Kruger NearShore LLC - Rekluti,Rosario,,,https://open.app.jobrapido.com/ar/2332443912783790080/?w=desarrollador%20backend&l=&oc=sponsored&k=web.1.4.5&uuid=arF0019d6b1b6576a7fe&page_item_id=1277265149,Desarrollador Backend,jobrapido,2026-04-08T00:20:51.810996,,,,
1110091547417772032,Senior Java Backend (DB2/Oracle) — Remote LATAM,Kruger NearShore LLC - Rekluti,Capital Federal,,,https://open.app.jobrapido.com/ar/1110091547417772032/?w=desarrollador%20backend&l=&oc=sponsored&k=web.1.4.6&uuid=arF0019d6b1b6576a7fe&page_item_id=927931628,Desarrollador Backend,jobrapido,2026-04-08T00:20:51.811487,,,,
9004761369026756608,"Senior Angular Engineer - Remote | TypeScript, RxJS, NgRx",ADN - Recursos Humanos,Tigre,,,https://open.app.jobrapido.com/ar/9004761369026756608/?w=desarrollador%20backend&l=&oc=sponsored&k=web.1.4.8&uuid=arF0019d6b1b6576a7fe&page_item_id=900183095,Desarrollador Backend,jobrapido,2026-04-08T00:20:51.812109,,,,
8960177272032067584,Desarrollador Python Senior 100% Remoto,ADN - Recursos Humanos,Rosario,,,https://open.app.jobrapido.com/ar/8960177272032067584/?w=desarrollador%20backend&l=&oc=sponsored&k=web.1.4.9&uuid=arF0019d6b1b6576a7fe&page_item_id=1106239436,Desarrollador Backend,jobrapido,2026-04-08T00:20:51.812585,,,,
8801590724228284416,Arquitecto Backend .NET Senior — Lidera Soluciones,SHIFTA,Entre Ríos,,,https://open.app.jobrapido.com/ar/8801590724228284416/?w=desarrollador%20backend&l=&oc=sponsored&k=web.1.4.10&uuid=arF0019d6b1b6576a7fe&page_item_id=-275831557,Desarrollador Backend,jobrapido,2026-04-08T00:20:51.813071,,,,
7999432807774420992,Desarrollador Python Senior 100% Remoto,ADN - Recursos Humanos,Córdoba,,,https://open.app.jobrapido.com/ar/7999432807774420992/?w=desarrollador%20backend&l=&oc=sponsored&k=web.1.4.11&uuid=arF0019d6b1b6576a7fe&page_item_id=1292281463,Desarrollador Backend,jobrapido,2026-04-08T00:20:51.813549,,,,
7781611857730600960,"Senior Backend JS Developer – NestJS, Kafka, AWS (Fintech)",Werben HR,Córdoba,,,https://open.app.jobrapido.com/ar/7781611857730600960/?w=desarrollador%20backend&l=&oc=sponsored&k=web.1.4.12&uuid=arF0019d6b1b6576a7fe&page_item_id=845659333,Desarrollador Backend,jobrapido,2026-04-08T00:20:51.814030,,,,
7553555553943814144,"Senior Angular Engineer - Remote | TypeScript, RxJS, NgRx",ADN - Recursos Humanos,Rosario,,,https://open.app.jobrapido.com/ar/7553555553943814144/?w=desarrollador%20backend&l=&oc=sponsored&k=web.1.4.13&uuid=arF0019d6b1b6576a7fe&page_item_id=350311510,Desarrollador Backend,jobrapido,2026-04-08T00:20:51.814509,,,,
6545982202264420352,Arquitecto Backend .NET Senior — Lidera Soluciones,SHIFTA,Córdoba,,,https://open.app.jobrapido.com/ar/6545982202264420352/?w=desarrollador%20backend&l=&oc=sponsored&k=web.1.4.14&uuid=arF0019d6b1b6576a7fe&page_item_id=1196842170,Desarrollador Backend,jobrapido,2026-04-08T00:20:51.814984,,,,
6443806785718452224,Arquitecto Backend .NET Senior — Lidera Soluciones,SHIFTA,Rosario,,,https://open.app.jobrapido.com/ar/6443806785718452224/?w=desarrollador%20backend&l=&oc=sponsored&k=web.1.4.15&uuid=arF0019d6b1b6576a7fe&page_item_id=-1925053206,Desarrollador Backend,jobrapido,2026-04-08T00:20:51.815502,,,,
5685749181143056384,"Senior Python Backend Engineer, Remote - CI/CD",Werben HR,Entre Ríos,,,https://open.app.jobrapido.com/ar/5685749181143056384/?w=desarrollador%20backend&l=&oc=sponsored&k=web.1.4.16&uuid=arF0019d6b1b6576a7fe&page_item_id=-248364585,Desarrollador Backend,jobrapido,2026-04-08T00:20:51.815982,,,,
4994314696946352128,Desarrollador Python Senior 100% Remoto,ADN - Recursos Humanos,Entre Ríos,,,https://open.app.jobrapido.com/ar/4994314696946352128/?w=desarrollador%20backend&l=&oc=sponsored&k=web.1.4.17&uuid=arF0019d6b1b6576a7fe&page_item_id=-1289562900,Desarrollador Backend,jobrapido,2026-04-08T00:20:51.816467,,,,
4979980363855036416,"Senior Backend JS Developer – NestJS, Kafka, AWS (Fintech)",Werben HR,Entre Ríos,,,https://open.app.jobrapido.com/ar/4979980363855036416/?w=desarrollador%20backend&l=&oc=sponsored&k=web.1.4.18&uuid=arF0019d6b1b6576a7fe&page_item_id=-1924017315,Desarrollador Backend,jobrapido,2026-04-08T00:20:51.816948,,,,
4923403893536194560,"Senior Python Backend Engineer, Remote - CI/CD",Werben HR,Rosario,,,https://open.app.jobrapido.com/ar/4923403893536194560/?w=desarrollador%20backend&l=&oc=sponsored&k=web.1.4.19&uuid=arF0019d6b1b6576a7fe&page_item_id=1421547785,Desarrollador Backend,jobrapido,2026-04-08T00:20:51.817431,,,,
6602343099584741376,Desarrollador SSR Full-Stack,Taynes Consultores,Capital Federal,,,https://open.app.jobrapido.com/ar/6602343099584741376/?w=desarrollador%20full%20stack&l=&oc=sponsored&k=web.1.1.0&uuid=arF0019d6b1d8231e205&page_item_id=-1104387649,Desarrollador Full Stack,jobrapido,2026-04-08T00:23:10.205112,,,,
2495060239422849024,Desarrollador(a) Java Senior Full Stack,Cambio Laboral IT,Capital Federal,,,https://open.app.jobrapido.com/ar/2495060239422849024/?w=desarrollador%20full%20stack&l=&oc=sponsored&k=web.1.1.2&uuid=arF0019d6b1d8231e205&page_item_id=2106144161,Desarrollador Full Stack,jobrapido,2026-04-08T00:23:10.205797,,,,
562919242257661952,Desarrollador Full Stack FIORI/ABAP,REKLUT,Rosario,,,https://open.app.jobrapido.com/ar/562919242257661952/?w=desarrollador%20full%20stack&l=&oc=sponsored&k=web.1.1.3&uuid=arF0019d6b1d8231e205&page_item_id=2087204046,Desarrollador Full Stack,jobrapido,2026-04-08T00:23:10.206285,,,,
1735704317773479936,Desarrollador Full Stack FIORI/ABAP,REKLUT,Villa Constitución,,,https://open.app.jobrapido.com/ar/1735704317773479936/?w=desarrollador%20full%20stack&l=&oc=sponsored&k=web.1.1.4&uuid=arF0019d6b1d8231e205&page_item_id=1774170919,Desarrollador Full Stack,jobrapido,2026-04-08T00:23:10.206762,,,,
3293489080586731520,Desarrollador Full Stack SSR,NUBAX,Vicente López,,,https://open.app.jobrapido.com/ar/3293489080586731520/?w=desarrollador%20full%20stack&l=&oc=sponsored&k=web.1.1.5&uuid=arF0019d6b1d8231e205&page_item_id=1110723962,Desarrollador Full Stack,jobrapido,2026-04-08T00:23:10.207253,,,,
5832122010188120064,Desarrollador Full Stack .NET/React Sr- Logística,Selin,Capital Federal,,,https://open.app.jobrapido.com/ar/5832122010188120064/?w=desarrollador%20full%20stack&l=&oc=sponsored&k=web.1.1.6&uuid=arF0019d6b1d8231e205&page_item_id=1598394893,Desarrollador Full Stack,jobrapido,2026-04-08T00:23:10.207728,,,,
5227792830008655872,Desarrollador Full Stack JAVA p/ tecnologías emergentes – Seguros,Selin,Capital Federal,,,https://open.app.jobrapido.com/ar/5227792830008655872/?w=desarrollador%20full%20stack&l=&oc=sponsored&k=web.1.1.7&uuid=arF0019d6b1d8231e205&page_item_id=1554742151,Desarrollador Full Stack,jobrapido,2026-04-08T00:23:10.208225,,,,
2332833895814266880,Desarrollador Full Stack JavaScript,SIA Interactive,Capital Federal,,,https://open.app.jobrapido.com/ar/2332833895814266880/?w=desarrollador%20full%20stack&l=&oc=sponsored&k=web.1.1.8&uuid=arF0019d6b1d8231e205&page_item_id=746013830,Desarrollador Full Stack,jobrapido,2026-04-08T00:23:10.208700,,,,
5592949643844517888,Desarrollador Full Stack - C-Control,SIA Interactive,Capital Federal,,,https://open.app.jobrapido.com/ar/5592949643844517888/?w=desarrollador%20full%20stack&l=&oc=sponsored&k=web.1.1.9&uuid=arF0019d6b1d8231e205&page_item_id=1166901601,Desarrollador Full Stack,jobrapido,2026-04-08T00:23:10.209218,,,,
3436209357774127104,Desarrollador Full Stack JS Ssr/Sr,Centro de e-Learning,Capital Federal,,,https://open.app.jobrapido.com/ar/3436209357774127104/?w=desarrollador%20full%20stack&l=&oc=sponsored&k=web.1.1.10&uuid=arF0019d6b1d8231e205&page_item_id=-1886461099,Desarrollador Full Stack,jobrapido,2026-04-08T00:23:10.209691,,,,
6924607758662631424,Desarrollador(a) Full Stack (Nodejs + React) Sr.,Cambio Laboral IT,Capital Federal,,,https://open.app.jobrapido.com/ar/6924607758662631424/?w=desarrollador%20full%20stack&l=&oc=sponsored&k=web.1.1.11&uuid=arF0019d6b1d8231e205&page_item_id=-1080475612,Desarrollador Full Stack,jobrapido,2026-04-08T00:23:10.210171,,,,
8516431971247718400,Desarrollador Full Stack .NET Semi Senior (100% Remote),Greencode Software,Entre Ríos,,,https://open.app.jobrapido.com/ar/8516431971247718400/?w=desarrollador%20full%20stack&l=&oc=sponsored&k=web.1.1.12&uuid=arF0019d6b1d8231e205&page_item_id=-505215483,Desarrollador Full Stack,jobrapido,2026-04-08T00:23:10.210652,,,,
8215816696120737792,Desarrollador Full Stack .NET Semi Senior (100% Remote),Greencode Software,Córdoba,,,https://open.app.jobrapido.com/ar/8215816696120737792/?w=desarrollador%20full%20stack&l=&oc=sponsored&k=web.1.1.13&uuid=arF0019d6b1d8231e205&page_item_id=958144615,Desarrollador Full Stack,jobrapido,2026-04-08T00:23:10.211147,,,,
5152072625299652608,Desarrollador Full Stack .NET Semi Senior (100% Remote),Greencode Software,Tigre,,,https://open.app.jobrapido.com/ar/5152072625299652608/?w=desarrollador%20full%20stack&l=&oc=sponsored&k=web.1.1.14&uuid=arF0019d6b1d8231e205&page_item_id=1322113143,Desarrollador Full Stack,jobrapido,2026-04-08T00:23:10.211651,,,,
2650613303365074944,Desarrollador Full Stack .NET Semi Senior (100% Remote),Greencode Software,Rosario,,,https://open.app.jobrapido.com/ar/2650613303365074944/?w=desarrollador%20full%20stack&l=&oc=sponsored&k=web.1.1.15&uuid=arF0019d6b1d8231e205&page_item_id=2073952675,Desarrollador Full Stack,jobrapido,2026-04-08T00:23:10.212145,,,,
469736387717890048,Desarrollador Full Stack .NET Semi Senior (100% Remote),Greencode Software,Rosario,,,https://open.app.jobrapido.com/ar/469736387717890048/?w=desarrollador%20full%20stack&l=&oc=sponsored&k=web.1.1.16&uuid=arF0019d6b1d8231e205&page_item_id=36592348,Desarrollador Full Stack,jobrapido,2026-04-08T00:23:10.212680,,,,
7554771751243087872,Desarrollador Full Stack Senior Python + React / Multinacional Software Financiero - Remoto par[...],Kaizen Recursos Humanos,Rosario,,,https://open.app.jobrapido.com/ar/7554771751243087872/?w=desarrollador%20full%20stack&l=&oc=sponsored&k=web.1.1.17&uuid=arF0019d6b1d8231e205&page_item_id=-263166517,Desarrollador Full Stack,jobrapido,2026-04-08T00:23:10.213183,,,,
5717329491554992128,Desarrollador Full Stack Senior Python + React / Multinacional Software Financiero - Remoto par[...],Kaizen Recursos Humanos,Córdoba,,,https://open.app.jobrapido.com/ar/5717329491554992128/?w=desarrollador%20full%20stack&l=&oc=sponsored&k=web.1.1.18&uuid=arF0019d6b1d8231e205&page_item_id=291941130,Desarrollador Full Stack,jobrapido,2026-04-08T00:23:10.213720,,,,
4028479631291056128,Desarrollador Full Stack Senior Python + React / Multinacional Software Financiero - Remoto par[...],Kaizen Recursos Humanos,Tigre,,,https://open.app.jobrapido.com/ar/4028479631291056128/?w=desarrollador%20full%20stack&l=&oc=sponsored&k=web.1.1.19&uuid=arF0019d6b1d8231e205&page_item_id=1044518643,Desarrollador Full Stack,jobrapido,2026-04-08T00:23:10.214220,,,,
2623330159272394752,Desarrollador Full Stack Senior Python + React / Multinacional Software Financiero - Remoto par[...],Kaizen Recursos Humanos,Rosario,,,https://open.app.jobrapido.com/ar/2623330159272394752/?w=desarrollador%20full%20stack&l=&oc=sponsored&k=web.1.2.0&uuid=arF0019d6b1f59711549&page_item_id=1970070472,Desarrollador Full Stack,jobrapido,2026-04-08T00:25:10.770906,,,,
2334306485481242624,Desarrollador Full Stack Senior Python + React / Multinacional Software Financiero - Remoto par[...],Kaizen Recursos Humanos,Entre Ríos,,,https://open.app.jobrapido.com/ar/2334306485481242624/?w=desarrollador%20full%20stack&l=&oc=sponsored&k=web.1.2.1&uuid=arF0019d6b1f59711549&page_item_id=-262079096,Desarrollador Full Stack,jobrapido,2026-04-08T00:25:10.771591,,,,
6181909837606027264,Desarrollador Full Stack,"Synkiria, LTD",Libertad,,,https://open.app.jobrapido.com/ar/6181909837606027264/?w=desarrollador%20full%20stack&l=&oc=sponsored&k=web.1.2.2&uuid=arF0019d6b1f59711549&page_item_id=2038181487,Desarrollador Full Stack,jobrapido,2026-04-08T00:25:10.772087,,,,
8106885880133713920,Desarrollador Full Stack,"Synkiria, LTD",Córdoba,,,https://open.app.jobrapido.com/ar/8106885880133713920/?w=desarrollador%20full%20stack&l=&oc=sponsored&k=web.1.2.3&uuid=arF0019d6b1f59711549&page_item_id=518316386,Desarrollador Full Stack,jobrapido,2026-04-08T00:25:10.772572,,,,
8015095350912090112,Desarrollador Full Stack,"Synkiria, LTD",Rosario,,,https://open.app.jobrapido.com/ar/8015095350912090112/?w=desarrollador%20full%20stack&l=&oc=sponsored&k=web.1.2.4&uuid=arF0019d6b1f59711549&page_item_id=789865340,Desarrollador Full Stack,jobrapido,2026-04-08T00:25:10.773058,,,,
7848470960792403968,Desarrollador Full Stack,"Synkiria, LTD",Entre Ríos,,,https://open.app.jobrapido.com/ar/7848470960792403968/?w=desarrollador%20full%20stack&l=&oc=sponsored&k=web.1.2.5&uuid=arF0019d6b1f59711549&page_item_id=2061466963,Desarrollador Full Stack,jobrapido,2026-04-08T00:25:10.773537,,,,
5147428288183926784,Desarrollador Full Stack,"Synkiria, LTD",Tigre,,,https://open.app.jobrapido.com/ar/5147428288183926784/?w=desarrollador%20full%20stack&l=&oc=sponsored&k=web.1.2.6&uuid=arF0019d6b1f59711549&page_item_id=-1987792799,Desarrollador Full Stack,jobrapido,2026-04-08T00:25:10.774009,,,,
2228843941485084672,Desarrollador Full Stack,"Synkiria, LTD",Rosario,,,https://open.app.jobrapido.com/ar/2228843941485084672/?w=desarrollador%20full%20stack&l=&oc=sponsored&k=web.1.2.7&uuid=arF0019d6b1f59711549&page_item_id=-1723765925,Desarrollador Full Stack,jobrapido,2026-04-08T00:25:10.774491,,,,
4417173059182526464,Desarrollador full stack Java,Capgemini,Capital Federal,,,https://open.app.jobrapido.com/ar/4417173059182526464/?w=desarrollador%20full%20stack&l=&oc=sponsored&k=web.1.2.8&uuid=arF0019d6b1f59711549&page_item_id=-991861198,Desarrollador Full Stack,jobrapido,2026-04-08T00:25:10.774963,,,,
5735404590837268480,Desarrollador full-stack,Nosotros,Capital Federal,,,https://open.app.jobrapido.com/ar/5735404590837268480/?w=desarrollador%20full%20stack&l=&oc=sponsored&k=web.1.2.9&uuid=arF0019d6b1f59711549&page_item_id=361981371,Desarrollador Full Stack,jobrapido,2026-04-08T00:25:10.775448,,,,
1787803782902448128,Desarrollador Full Stack Java/React - Plataforma y Automatización,Nosotros,Capital Federal,,,https://open.app.jobrapido.com/ar/1787803782902448128/?w=desarrollador%20full%20stack&l=&oc=sponsored&k=web.1.2.10&uuid=arF0019d6b1f59711549&page_item_id=-682833860,Desarrollador Full Stack,jobrapido,2026-04-08T00:25:10.775923,,,,
2997932521020194816,Desarrollador Full-Stack - Remoto/Híbrido (Fintech),Nosotros,Capital Federal,,,https://open.app.jobrapido.com/ar/2997932521020194816/?w=desarrollador%20full%20stack&l=&oc=sponsored&k=web.1.2.11&uuid=arF0019d6b1f59711549&page_item_id=-2061253154,Desarrollador Full Stack,jobrapido,2026-04-08T00:25:10.776404,,,,
6343866800865804288,Desarrollador Full Stack Junior - Entrenamiento Intensivo,Fundación Compromiso,Capital Federal,,,https://open.app.jobrapido.com/ar/6343866800865804288/?w=desarrollador%20full%20stack&l=&oc=sponsored&k=web.1.2.12&uuid=arF0019d6b1f59711549&page_item_id=-178347785,Desarrollador Full Stack,jobrapido,2026-04-08T00:25:10.776879,,,,
8741300790825582592,Desarrollador .NET Full Stack Semi Senior — Remoto,Greencode Software,Rosario,,,https://open.app.jobrapido.com/ar/8741300790825582592/?w=desarrollador%20full%20stack&l=&oc=sponsored&k=web.1.2.13&uuid=arF0019d6b1f59711549&page_item_id=828799969,Desarrollador Full Stack,jobrapido,2026-04-08T00:25:10.777636,,,,
8562010026753916928,Desarrollador Odoo Full Stack - Lidera Proyectos Remotos,"Synkiria, LTD",Tigre,,,https://open.app.jobrapido.com/ar/8562010026753916928/?w=desarrollador%20full%20stack&l=&oc=sponsored&k=web.1.2.14&uuid=arF0019d6b1f59711549&page_item_id=-1379350678,Desarrollador Full Stack,jobrapido,2026-04-08T00:25:10.778154,,,,
7828204762469236736,Desarrollador Odoo Full Stack - Lidera Proyectos Remotos,"Synkiria, LTD",Entre Ríos,,,https://open.app.jobrapido.com/ar/7828204762469236736/?w=desarrollador%20full%20stack&l=&oc=sponsored&k=web.1.2.15&uuid=arF0019d6b1f59711549&page_item_id=-1700987224,Desarrollador Full Stack,jobrapido,2026-04-08T00:25:10.778641,,,,
7358514285804257280,Desarrollador .NET Full Stack Semi Senior — Remoto,Greencode Software,Tigre,,,https://open.app.jobrapido.com/ar/7358514285804257280/?w=desarrollador%20full%20stack&l=&oc=sponsored&k=web.1.2.16&uuid=arF0019d6b1f59711549&page_item_id=742010790,Desarrollador Full Stack,jobrapido,2026-04-08T00:25:10.779135,,,,
7207402905240862720,Desarrollador Odoo Full Stack - Lidera Proyectos Remotos,"Synkiria, LTD",Rosario,,,https://open.app.jobrapido.com/ar/7207402905240862720/?w=desarrollador%20full%20stack&l=&oc=sponsored&k=web.1.2.17&uuid=arF0019d6b1f59711549&page_item_id=477057813,Desarrollador Full Stack,jobrapido,2026-04-08T00:25:10.779624,,,,
4511998528259620864,Desarrollador .NET Full Stack Semi Senior — Remoto,Greencode Software,Entre Ríos,,,https://open.app.jobrapido.com/ar/4511998528259620864/?w=desarrollador%20full%20stack&l=&oc=sponsored&k=web.1.2.18&uuid=arF0019d6b1f59711549&page_item_id=-36056175,Desarrollador Full Stack,jobrapido,2026-04-08T00:25:10.780119,,,,
3648322249036922880,Desarrollador Odoo Full Stack - Lidera Proyectos Remotos,"Synkiria, LTD",Rosario,,,https://open.app.jobrapido.com/ar/3648322249036922880/?w=desarrollador%20full%20stack&l=&oc=sponsored&k=web.1.2.19&uuid=arF0019d6b1f59711549&page_item_id=-1030428358,Desarrollador Full Stack,jobrapido,2026-04-08T00:25:10.780601,,,,
3564703290232930304,Desarrollador Odoo Full Stack - Lidera Proyectos Remotos,"Synkiria, LTD",Córdoba,,,https://open.app.jobrapido.com/ar/3564703290232930304/?w=desarrollador%20full%20stack&l=&oc=sponsored&k=web.1.3.10&uuid=arF0019d6b2167dc1843&page_item_id=905125061,Desarrollador Full Stack,jobrapido,2026-04-08T00:27:25.682868,,,,
2773498021420204032,Desarrollador .NET Full Stack Semi Senior — Remoto,Greencode Software,Córdoba,,,https://open.app.jobrapido.com/ar/2773498021420204032/?w=desarrollador%20full%20stack&l=&oc=sponsored&k=web.1.3.11&uuid=arF0019d6b2167dc1843&page_item_id=1502132627,Desarrollador Full Stack,jobrapido,2026-04-08T00:27:25.683381,,,,
1333310412359204864,Desarrollador .NET Full Stack Semi Senior — Remoto,Greencode Software,Rosario,,,https://open.app.jobrapido.com/ar/1333310412359204864/?w=desarrollador%20full%20stack&l=&oc=sponsored&k=web.1.3.12&uuid=arF0019d6b2167dc1843&page_item_id=-324300693,Desarrollador Full Stack,jobrapido,2026-04-08T00:27:25.683872,,,,
8962349206928883712,Desarrollador Web Full Stack C# .NET,Colaborando,Capital Federal,,,https://open.app.jobrapido.com/ar/8962349206928883712/?w=desarrollador%20full%20stack&l=&oc=sponsored&k=web.1.3.13&uuid=arF0019d6b2167dc1843&page_item_id=599028038,Desarrollador Full Stack,jobrapido,2026-04-08T00:27:25.684366,,,,
8598458081300447232,Web Developer - Front End,Taynes Consultores,Capital Federal,,,https://open.app.jobrapido.com/ar/8598458081300447232/?w=desarrollador%20full%20stack&l=&oc=sponsored&k=web.1.3.14&uuid=arF0019d6b2167dc1843&page_item_id=-1269697214,Desarrollador Full Stack,jobrapido,2026-04-08T00:27:25.684851,,,,
895045764722458624,Senior Full-Stack Python + React para AI/LLM (Remoto),Kaizen Recursos Humanos,Entre Ríos,,,https://open.app.jobrapido.com/ar/895045764722458624/?w=desarrollador%20full%20stack&l=&oc=sponsored&k=web.1.4.0&uuid=arF0019d6b21f82c1922&page_item_id=-937335495,Desarrollador Full Stack,jobrapido,2026-04-08T00:28:02.892663,,,,
5996874825358901248,Senior Software Developer - Payments & Coupons (Remote),Traveltechessentialist,Remoto,,,https://open.app.jobrapido.com/ar/5996874825358901248/?w=desarrollador%20full%20stack&l=&oc=sponsored&k=web.1.4.1&uuid=arF0019d6b21f82c1922&page_item_id=-841558368,Desarrollador Full Stack,jobrapido,2026-04-08T00:28:02.893218,,,,
8872507849830301696,Senior Software Developer – Payments & Coupons (Remote),Traveltechessentialist,Rosario,,,https://open.app.jobrapido.com/ar/8872507849830301696/?w=desarrollador%20full%20stack&l=&oc=sponsored&k=web.1.4.2&uuid=arF0019d6b21f82c1922&page_item_id=-228758258,Desarrollador Full Stack,jobrapido,2026-04-08T00:28:02.893710,,,,
5702066071138205696,Senior Software Developer – Payments & Coupons (Remote),Traveltechessentialist,Rosario,,,https://open.app.jobrapido.com/ar/5702066071138205696/?w=desarrollador%20full%20stack&l=&oc=sponsored&k=web.1.4.3&uuid=arF0019d6b21f82c1922&page_item_id=2035831098,Desarrollador Full Stack,jobrapido,2026-04-08T00:28:02.894202,,,,
720429574336282624,Senior Software Developer – Payments & Coupons (Remote),Traveltechessentialist,Entre Ríos,,,https://open.app.jobrapido.com/ar/720429574336282624/?w=desarrollador%20full%20stack&l=&oc=sponsored&k=web.1.4.4&uuid=arF0019d6b21f82c1922&page_item_id=-1768187664,Desarrollador Full Stack,jobrapido,2026-04-08T00:28:02.894685,,,,
225596565278949376,Senior Software Developer – Payments & Coupons (Remote),Traveltechessentialist,Tigre,,,https://open.app.jobrapido.com/ar/225596565278949376/?w=desarrollador%20full%20stack&l=&oc=sponsored&k=web.1.4.5&uuid=arF0019d6b21f82c1922&page_item_id=-1064241005,Desarrollador Full Stack,jobrapido,2026-04-08T00:28:02.895172,,,,
171553369750503424,Senior Software Developer – Payments & Coupons (Remote),Traveltechessentialist,Córdoba,,,https://open.app.jobrapido.com/ar/171553369750503424/?w=desarrollador%20full%20stack&l=&oc=sponsored&k=web.1.4.6&uuid=arF0019d6b21f82c1922&page_item_id=210868686,Desarrollador Full Stack,jobrapido,2026-04-08T00:28:02.895652,,,,
8958740210334564352,Senior Full-Stack Developer – Remote (Angular/Node/AWS Lambda),ADN - Recursos Humanos,Entre Ríos,,,https://open.app.jobrapido.com/ar/8958740210334564352/?w=desarrollador%20full%20stack&l=&oc=sponsored&k=web.1.4.7&uuid=arF0019d6b21f82c1922&page_item_id=421177870,Desarrollador Full Stack,jobrapido,2026-04-08T00:28:02.896136,,,,
8745039130360020992,Senior Full-Stack Developer - Payments & Coupons (Remote),Traveltechessentialist,Rosario,,,https://open.app.jobrapido.com/ar/8745039130360020992/?w=desarrollador%20full%20stack&l=&oc=sponsored&k=web.1.4.8&uuid=arF0019d6b21f82c1922&page_item_id=1512771463,Desarrollador Full Stack,jobrapido,2026-04-08T00:28:02.896610,,,,
5678149356771868672,Senior Full-Stack Developer – Remote (Angular/Node/AWS Lambda),ADN - Recursos Humanos,Tigre,,,https://open.app.jobrapido.com/ar/5678149356771868672/?w=desarrollador%20full%20stack&l=&oc=sponsored&k=web.1.4.9&uuid=arF0019d6b21f82c1922&page_item_id=258526667,Desarrollador Full Stack,jobrapido,2026-04-08T00:28:02.897091,,,,
5524464019487850496,Senior Full-Stack Developer – Remote (Angular/Node/AWS Lambda),ADN - Recursos Humanos,Rosario,,,https://open.app.jobrapido.com/ar/5524464019487850496/?w=desarrollador%20full%20stack&l=&oc=sponsored&k=web.1.4.10&uuid=arF0019d6b21f82c1922&page_item_id=-242699793,Desarrollador Full Stack,jobrapido,2026-04-08T00:28:02.897601,,,,
5106412106421370880,Senior Security Automation Engineer - AI-Driven Cloud & Serverless,Coderio,Entre Ríos,,,https://open.app.jobrapido.com/ar/5106412106421370880/?w=desarrollador%20full%20stack&l=&oc=sponsored&k=web.1.4.11&uuid=arF0019d6b21f82c1922&page_item_id=-160977856,Desarrollador Full Stack,jobrapido,2026-04-08T00:28:02.898087,,,,
4875523460681433088,Senior Full-Stack Developer – Remote (Angular/Node/AWS Lambda),ADN - Recursos Humanos,Rosario,,,https://open.app.jobrapido.com/ar/4875523460681433088/?w=desarrollador%20full%20stack&l=&oc=sponsored&k=web.1.4.12&uuid=arF0019d6b21f82c1922&page_item_id=-555343389,Desarrollador Full Stack,jobrapido,2026-04-08T00:28:02.898570,,,,
4394561890320121856,Senior Full-Stack Developer - Payments & Coupons (Remote),Traveltechessentialist,Entre Ríos,,,https://open.app.jobrapido.com/ar/4394561890320121856/?w=desarrollador%20full%20stack&l=&oc=sponsored&k=web.1.4.13&uuid=arF0019d6b21f82c1922&page_item_id=2097294012,Desarrollador Full Stack,jobrapido,2026-04-08T00:28:02.899054,,,,
4137918284211159040,Senior Security Automation Engineer - AI-Driven Cloud & Serverless,Coderio,Tigre,,,https://open.app.jobrapido.com/ar/4137918284211159040/?w=desarrollador%20full%20stack&l=&oc=sponsored&k=web.1.4.14&uuid=arF0019d6b21f82c1922&page_item_id=-1508137927,Desarrollador Full Stack,jobrapido,2026-04-08T00:28:02.899527,,,,
2326776342659465216,Senior Full-Stack Developer - Payments & Coupons (Remote),Traveltechessentialist,Córdoba,,,https://open.app.jobrapido.com/ar/2326776342659465216/?w=desarrollador%20full%20stack&l=&oc=sponsored&k=web.1.4.15&uuid=arF0019d6b21f82c1922&page_item_id=-1019724549,Desarrollador Full Stack,jobrapido,2026-04-08T00:28:02.900003,,,,
1328454969010946048,Senior Full-Stack Developer - Payments & Coupons (Remote),Traveltechessentialist,Rosario,,,https://open.app.jobrapido.com/ar/1328454969010946048/?w=desarrollador%20full%20stack&l=&oc=sponsored&k=web.1.4.16&uuid=arF0019d6b21f82c1922&page_item_id=-287953071,Desarrollador Full Stack,jobrapido,2026-04-08T00:28:02.900482,,,,
941075032312905728,Senior Full-Stack Developer – Remote (Angular/Node/AWS Lambda),ADN - Recursos Humanos,Córdoba,,,https://open.app.jobrapido.com/ar/941075032312905728/?w=desarrollador%20full%20stack&l=&oc=sponsored&k=web.1.4.17&uuid=arF0019d6b21f82c1922&page_item_id=-1385747097,Desarrollador Full Stack,jobrapido,2026-04-08T00:28:02.900962,,,,
431886799443329024,Senior Full-Stack Developer - Payments & Coupons (Remote),Traveltechessentialist,Tigre,,,https://open.app.jobrapido.com/ar/431886799443329024/?w=desarrollador%20full%20stack&l=&oc=sponsored&k=web.1.4.18&uuid=arF0019d6b21f82c1922&page_item_id=896582413,Desarrollador Full Stack,jobrapido,2026-04-08T00:28:02.901445,,,,
7898907058102075392,Senior Software Developer – Payments & Coupons (Remote),Traveltechessentialist,Capital Federal,,,https://open.app.jobrapido.com/ar/7898907058102075392/?w=desarrollador%20full%20stack&l=&oc=sponsored&k=web.1.4.19&uuid=arF0019d6b21f82c1922&page_item_id=1906718681,Desarrollador Full Stack,jobrapido,2026-04-08T00:28:02.901925,,,,
8157852526163525632,"Full Stack Developer — Fintech SaaS, Flexible Hours",SCALAR. ALL,Córdoba,,,https://open.app.jobrapido.com/ar/8157852526163525632/?w=desarrollador%20full%20stack&l=&oc=sponsored&k=web.1.5.0&uuid=arF0019d6b23f15e1b42&page_item_id=-431585164,Desarrollador Full Stack,jobrapido,2026-04-08T00:30:11.884248,,,,
7479478157045661696,Ref. 21075: Senior Full Stack Developer / Remoto - Node / .Net / Angular,ADN - Recursos Humanos,Entre Ríos,,,https://open.app.jobrapido.com/ar/7479478157045661696/?w=desarrollador%20full%20stack&l=&oc=sponsored&k=web.1.5.1&uuid=arF0019d6b23f15e1b42&page_item_id=-1225363050,Desarrollador Full Stack,jobrapido,2026-04-08T00:30:11.884813,,,,
6742124768738148352,Ref. 21075: Senior Full Stack Developer / Remoto - Node / .Net / Angular,ADN - Recursos Humanos,Rosario,,,https://open.app.jobrapido.com/ar/6742124768738148352/?w=desarrollador%20full%20stack&l=&oc=sponsored&k=web.1.5.2&uuid=arF0019d6b23f15e1b42&page_item_id=-413244903,Desarrollador Full Stack,jobrapido,2026-04-08T00:30:11.885310,,,,
4737630408907161600,Ref. 21075: Senior Full Stack Developer / Remoto,ADN - Recursos Humanos,Rosario,,,https://open.app.jobrapido.com/ar/4737630408907161600/?w=desarrollador%20full%20stack&l=&oc=sponsored&k=web.1.5.3&uuid=arF0019d6b23f15e1b42&page_item_id=-1932148904,Desarrollador Full Stack,jobrapido,2026-04-08T00:30:11.885790,,,,
4457955332731174912,Ref. 21075: Senior Full Stack Developer / Remoto - Node / .Net / Angular,ADN - Recursos Humanos,Rosario,,,https://open.app.jobrapido.com/ar/4457955332731174912/?w=desarrollador%20full%20stack&l=&oc=sponsored&k=web.1.5.4&uuid=arF0019d6b23f15e1b42&page_item_id=-836988578,Desarrollador Full Stack,jobrapido,2026-04-08T00:30:11.886274,,,,
3824807059434504192,Ref. 21075: Senior Full Stack Developer / Remoto - Node / .Net / Angular,ADN - Recursos Humanos,Córdoba,,,https://open.app.jobrapido.com/ar/3824807059434504192/?w=desarrollador%20full%20stack&l=&oc=sponsored&k=web.1.5.5&uuid=arF0019d6b23f15e1b42&page_item_id=1765371383,Desarrollador Full Stack,jobrapido,2026-04-08T00:30:11.886751,,,,
1891747970060124160,Ref. 21075: Senior Full Stack Developer / Remoto,ADN - Recursos Humanos,Rosario,,,https://open.app.jobrapido.com/ar/1891747970060124160/?w=desarrollador%20full%20stack&l=&oc=sponsored&k=web.1.5.6&uuid=arF0019d6b23f15e1b42&page_item_id=-736359404,Desarrollador Full Stack,jobrapido,2026-04-08T00:30:11.887232,,,,
650865535231197184,Ref. 21075: Senior Full Stack Developer / Remoto - Node / .Net / Angular,ADN - Recursos Humanos,Tigre,,,https://open.app.jobrapido.com/ar/650865535231197184/?w=desarrollador%20full%20stack&l=&oc=sponsored&k=web.1.5.7&uuid=arF0019d6b23f15e1b42&page_item_id=-1847775027,Desarrollador Full Stack,jobrapido,2026-04-08T00:30:11.887707,,,,
1121387229801873408,Programador Full Stack - Valuación,SCALAR. ALL,Córdoba,,,https://open.app.jobrapido.com/ar/1121387229801873408/?w=desarrollador%20full%20stack&l=&oc=sponsored&k=web.1.5.8&uuid=arF0019d6b23f15e1b42&page_item_id=882213965,Desarrollador Full Stack,jobrapido,2026-04-08T00:30:11.888187,,,,
2597513338489405440,Full Stack Developer PHP/VueJS Sr.,Acciona IT,Capital Federal (Parque Patricios),,,https://open.app.jobrapido.com/ar/2597513338489405440/?w=desarrollador%20full%20stack&l=&oc=sponsored&k=web.1.5.9&uuid=arF0019d6b23f15e1b42&page_item_id=-1044398110,Desarrollador Full Stack,jobrapido,2026-04-08T00:30:11.888660,,,,
8880147119181135872,Full Stack Developer SSR/SR ID #00111,Werben HR,Rosario,,,https://open.app.jobrapido.com/ar/8880147119181135872/?w=desarrollador%20full%20stack&l=&oc=sponsored&k=web.1.5.10&uuid=arF0019d6b23f15e1b42&page_item_id=-1867451610,Desarrollador Full Stack,jobrapido,2026-04-08T00:30:11.889137,,,,
7868758049836498944,Full Stack Developer SSR/SR ID #00111,Werben HR,Córdoba,,,https://open.app.jobrapido.com/ar/7868758049836498944/?w=desarrollador%20full%20stack&l=&oc=sponsored&k=web.1.5.11&uuid=arF0019d6b23f15e1b42&page_item_id=-1267465298,Desarrollador Full Stack,jobrapido,2026-04-08T00:30:11.889613,,,,
5853367529774252032,Full Stack Developer SSR/SR ID #00111,Werben HR,Rosario,,,https://open.app.jobrapido.com/ar/5853367529774252032/?w=desarrollador%20full%20stack&l=&oc=sponsored&k=web.1.5.12&uuid=arF0019d6b23f15e1b42&page_item_id=620907353,Desarrollador Full Stack,jobrapido,2026-04-08T00:30:11.890087,,,,
4970691689623584768,Full Stack Developer SSR/SR ID #00111,Werben HR,Tigre,,,https://open.app.jobrapido.com/ar/4970691689623584768/?w=desarrollador%20full%20stack&l=&oc=sponsored&k=web.1.5.13&uuid=arF0019d6b23f15e1b42&page_item_id=-761473129,Desarrollador Full Stack,jobrapido,2026-04-08T00:30:11.890556,,,,
1432973444835704832,Full Stack Developer SSR/SR ID #00111,Werben HR,Entre Ríos,,,https://open.app.jobrapido.com/ar/1432973444835704832/?w=desarrollador%20full%20stack&l=&oc=sponsored&k=web.1.5.14&uuid=arF0019d6b23f15e1b42&page_item_id=-1232508601,Desarrollador Full Stack,jobrapido,2026-04-08T00:30:11.891032,,,,
7749459204271767552,Full Stack Developer SSR/SR ID #00111,Werben HR,Capital Federal,,,https://open.app.jobrapido.com/ar/7749459204271767552/?w=desarrollador%20full%20stack&l=&oc=sponsored&k=web.1.5.15&uuid=arF0019d6b23f15e1b42&page_item_id=1694759419,Desarrollador Full Stack,jobrapido,2026-04-08T00:30:11.891504,,,,
8909439092492599296,Programador Full Stack – Valuación,SCALAR. ALL,Córdoba,,,https://open.app.jobrapido.com/ar/8909439092492599296/?w=desarrollador%20full%20stack&l=&oc=sponsored&k=web.1.5.16&uuid=arF0019d6b23f15e1b42&page_item_id=1062910497,Desarrollador Full Stack,jobrapido,2026-04-08T00:30:11.891977,,,,
8663341018369753088,Ref. 21075: Senior Full Stack Developer / Remoto Argentina,ADN - Recursos Humanos,Rosario,,,https://open.app.jobrapido.com/ar/8663341018369753088/?w=desarrollador%20full%20stack&l=&oc=sponsored&k=web.1.5.17&uuid=arF0019d6b23f15e1b42&page_item_id=48506234,Desarrollador Full Stack,jobrapido,2026-04-08T00:30:11.892490,,,,
7568394562872279040,Ref. 21075: Senior Full Stack Developer / Remoto Argentina,ADN - Recursos Humanos,Rosario,,,https://open.app.jobrapido.com/ar/7568394562872279040/?w=desarrollador%20full%20stack&l=&oc=sponsored&k=web.1.5.18&uuid=arF0019d6b23f15e1b42&page_item_id=-1068290907,Desarrollador Full Stack,jobrapido,2026-04-08T00:30:11.892992,,,,
7259716568978817024,Ref. 21075: Senior Full Stack Developer / Remoto Argentina,ADN - Recursos Humanos,Tigre,,,https://open.app.jobrapido.com/ar/7259716568978817024/?w=desarrollador%20full%20stack&l=&oc=sponsored&k=web.1.5.19&uuid=arF0019d6b23f15e1b42&page_item_id=-1067933465,Desarrollador Full Stack,jobrapido,2026-04-08T00:30:11.893494,,,,
7789298887117766656,Líder de Operaciones - Optimización y Control (Capdeville),Holcim,Mendoza,,,https://open.app.jobrapido.com/ar/7789298887117766656/?w=ingeniero%20datos&l=&oc=sponsored&k=web.1.1.0&uuid=arF0019d6b260dfa1e25&page_item_id=517179206,Ingeniero de Datos,jobrapido,2026-04-08T00:32:30.619046,,,,
6754878347706105856,"Ingeniero de Piping Senior \""Expresión de interés\""",Wood,Mendoza,,,https://open.app.jobrapido.com/ar/6754878347706105856/?w=ingeniero%20datos&l=&oc=sponsored&k=web.1.1.1&uuid=arF0019d6b260dfa1e25&page_item_id=-99577855,Ingeniero de Datos,jobrapido,2026-04-08T00:32:30.619596,,,,
4055718438436339712,Ingeniero de Procesos Semi-Senior: Optimización de Planta,Nosotros,Mendoza,,,https://open.app.jobrapido.com/ar/4055718438436339712/?w=ingeniero%20datos&l=&oc=sponsored&k=web.1.1.2&uuid=arF0019d6b260dfa1e25&page_item_id=-1222171551,Ingeniero de Datos,jobrapido,2026-04-08T00:32:30.620104,,,,
4940240702207426560,Ingeniero de Procesos Ssr.,MSP Consultora RRHH,Mendoza,,,https://open.app.jobrapido.com/ar/4940240702207426560/?w=ingeniero%20datos&l=&oc=sponsored&k=web.1.1.4&uuid=arF0019d6b260dfa1e25&page_item_id=365610624,Ingeniero de Datos,jobrapido,2026-04-08T00:32:30.620789,,,,
61765072132767744,Ingeniero de Procesos Ssr.,Nosotros,Mendoza,,,https://open.app.jobrapido.com/ar/61765072132767744/?w=ingeniero%20datos&l=&oc=sponsored&k=web.1.1.5&uuid=arF0019d6b260dfa1e25&page_item_id=-1113729277,Ingeniero de Datos,jobrapido,2026-04-08T00:32:30.621288,,,,
5133848877199261696,"Piping Engineer, Intermediate (Argentina)",Ausenco Pty Ltd.,Mendoza,,,https://open.app.jobrapido.com/ar/5133848877199261696/?w=ingeniero%20datos&l=&oc=sponsored&k=web.1.1.6&uuid=arF0019d6b260dfa1e25&page_item_id=-1821270122,Ingeniero de Datos,jobrapido,2026-04-08T00:32:30.621770,,,,
7515934513763975168,Líder de Operaciones - Optimización y Control (Capdeville),Lafarge Africa Plc,Mendoza,,,https://open.app.jobrapido.com/ar/7515934513763975168/?w=ingeniero%20datos&l=&oc=sponsored&k=web.1.1.7&uuid=arF0019d6b260dfa1e25&page_item_id=938315731,Ingeniero de Datos,jobrapido,2026-04-08T00:32:30.622264,,,,
6002301555192102912,BBVA busca ejecutivo/a Comercial en Mendoza: cómo aplicar,Mendozatoday,Mendoza,,,https://open.app.jobrapido.com/ar/6002301555192102912/?w=ingeniero%20datos&l=&oc=sponsored&k=web.1.1.8&uuid=arF0019d6b260dfa1e25&page_item_id=1373867013,Ingeniero de Datos,jobrapido,2026-04-08T00:32:30.622747,,,,
1291542439521157120,"Ing. de Seguridad de Procesos \""Expresión de interés\""",Wood,Mendoza,,,https://open.app.jobrapido.com/ar/1291542439521157120/?w=ingeniero%20datos&l=&oc=sponsored&k=web.1.1.9&uuid=arF0019d6b260dfa1e25&page_item_id=-1388851732,Ingeniero de Datos,jobrapido,2026-04-08T00:32:30.623232,,,,
1502696462155251712,"Ingeniero de Piping Senior \""Expresión de interés\""",Wood,Mendoza,,,https://open.app.jobrapido.com/ar/1502696462155251712/?w=ingeniero%20datos&l=&oc=sponsored&k=web.1.1.10&uuid=arF0019d6b260dfa1e25&page_item_id=-1641927488,Ingeniero de Datos,jobrapido,2026-04-08T00:32:30.623708,,,,
9156500214247325696,Ingeniero de Procesos Semi-Senior: Optimización de Planta,Nosotros,Mendoza Capital,,,https://open.app.jobrapido.com/ar/9156500214247325696/?w=ingeniero%20datos&l=&oc=sponsored&k=web.1.1.11&uuid=arF0019d6b260dfa1e25&page_item_id=-522189458,Ingeniero de Datos,jobrapido,2026-04-08T00:32:30.624191,,,,
8851478440113602560,Ingeniero de Procesos Ssr.,MSP Consultora RRHH,Mendoza Capital,,,https://open.app.jobrapido.com/ar/8851478440113602560/?w=ingeniero%20datos&l=&oc=sponsored&k=web.1.1.12&uuid=arF0019d6b260dfa1e25&page_item_id=-1697491684,Ingeniero de Datos,jobrapido,2026-04-08T00:32:30.624669,,,,
6168939311250014208,Líder de Operaciones - Optimización y Control (Capdeville),Lafarge Africa Plc,Mendoza Capital,,,https://open.app.jobrapido.com/ar/6168939311250014208/?w=ingeniero%20datos&l=&oc=sponsored&k=web.1.1.14&uuid=arF0019d6b260dfa1e25&page_item_id=-1416093223,Ingeniero de Datos,jobrapido,2026-04-08T00:32:30.625296,,,,
8294065489810817024,Líder De Operaciones - Optimización Y Control (Capdeville),Holcim Argentina,Mendoza Capital,,,https://open.app.jobrapido.com/ar/8294065489810817024/?w=ingeniero%20datos&l=&oc=sponsored&k=web.1.1.15&uuid=arF0019d6b260dfa1e25&page_item_id=-691137778,Ingeniero de Datos,jobrapido,2026-04-08T00:32:30.625776,,,,
6404519366947241984,Ingeniero de Procesos Ssr.,Nosotros,Mendoza Capital,,,https://open.app.jobrapido.com/ar/6404519366947241984/?w=ingeniero%20datos&l=&oc=sponsored&k=web.1.1.16&uuid=arF0019d6b260dfa1e25&page_item_id=-1755500939,Ingeniero de Datos,jobrapido,2026-04-08T00:32:30.626300,,,,
6535642863068250112,"Piping Engineer, Intermediate (Argentina)",Ausenco Pty Ltd.,Mendoza Capital,,,https://open.app.jobrapido.com/ar/6535642863068250112/?w=ingeniero%20datos&l=&oc=sponsored&k=web.1.1.17&uuid=arF0019d6b260dfa1e25&page_item_id=1368929669,Ingeniero de Datos,jobrapido,2026-04-08T00:32:30.626829,,,,
3268213713445847040,BBVA busca ejecutivo/a Comercial en Mendoza: cómo aplicar,Mendozatoday,Mendoza Capital,,,https://open.app.jobrapido.com/ar/3268213713445847040/?w=ingeniero%20datos&l=&oc=sponsored&k=web.1.1.18&uuid=arF0019d6b260dfa1e25&page_item_id=-1595130154,Ingeniero de Datos,jobrapido,2026-04-08T00:32:30.627333,,,,
3834922828403048448,"Ing. de Seguridad de Procesos \""Expresión de interés\""",Wood,Mendoza Capital,,,https://open.app.jobrapido.com/ar/3834922828403048448/?w=ingeniero%20datos&l=&oc=sponsored&k=web.1.1.19&uuid=arF0019d6b260dfa1e25&page_item_id=480372327,Ingeniero de Datos,jobrapido,2026-04-08T00:32:30.627814,,,,
4497011428858789888,Ingeniero/a en Materiales CILC- (req197954) -Eventual,Manpower,Luján De Cuyo,,,https://open.app.jobrapido.com/ar/4497011428858789888/?w=ingeniero%20datos&l=&oc=sponsored&k=web.1.2.5&uuid=arF0019d6b27d9d72146&page_item_id=-317331012,Ingeniero de Datos,jobrapido,2026-04-08T00:34:27.946898,,,,
7453417876041498624,Ingeniero de Datos,REKLUT,Capital Federal,,,https://open.app.jobrapido.com/ar/7453417876041498624/?w=ingeniero%20datos&l=&oc=sponsored&k=web.1.2.6&uuid=arF0019d6b27d9d72146&page_item_id=-841786513,Ingeniero de Datos,jobrapido,2026-04-08T00:34:27.947434,,,,
8993648948602208256,Ingeniero de datos + Ingles,Join ready,Capital Federal,,,https://open.app.jobrapido.com/ar/8993648948602208256/?w=ingeniero%20datos&l=&oc=sponsored&k=web.1.2.7&uuid=arF0019d6b27d9d72146&page_item_id=935017420,Ingeniero de Datos,jobrapido,2026-04-08T00:34:27.947951,,,,
534199998540152832,Ingeniero de datos SAP Datasphere,REKLUT,Capital Federal,,,https://open.app.jobrapido.com/ar/534199998540152832/?w=ingeniero%20datos&l=&oc=sponsored&k=web.1.2.8&uuid=arF0019d6b27d9d72146&page_item_id=-454690510,Ingeniero de Datos,jobrapido,2026-04-08T00:34:27.948466,,,,
2762140409902661632,Ingeniero de Datos con Experiencia en Databricks,Jazusoft,Córdoba,,,https://open.app.jobrapido.com/ar/2762140409902661632/?w=ingeniero%20datos&l=&oc=sponsored&k=web.1.2.9&uuid=arF0019d6b27d9d72146&page_item_id=1523930731,Ingeniero de Datos,jobrapido,2026-04-08T00:34:27.949015,,,,
6288531799433805824,Ingeniero/a de Datos,Serendipia,Capital Federal,,,https://open.app.jobrapido.com/ar/6288531799433805824/?w=ingeniero%20datos&l=&oc=sponsored&k=web.1.2.10&uuid=arF0019d6b27d9d72146&page_item_id=-2105285436,Ingeniero de Datos,jobrapido,2026-04-08T00:34:27.949503,,,,
3911121578368172032,Ingeniero de Datos,Bumeran Selecta,Vicente López,,,https://open.app.jobrapido.com/ar/3911121578368172032/?w=ingeniero%20datos&l=&oc=sponsored&k=web.1.2.11&uuid=arF0019d6b27d9d72146&page_item_id=-250037877,Ingeniero de Datos,jobrapido,2026-04-08T00:34:27.949985,,,,
274936844632719360,Ingeniero de datos,ThinkBig HR,Capital Federal,,,https://open.app.jobrapido.com/ar/274936844632719360/?w=ingeniero%20datos&l=&oc=sponsored&k=web.1.2.12&uuid=arF0019d6b27d9d72146&page_item_id=1037442088,Ingeniero de Datos,jobrapido,2026-04-08T00:34:27.950476,,,,
2040946694312427520,Ingeniero de Datos,We Are Kadre LLC,Rosario,,,https://open.app.jobrapido.com/ar/2040946694312427520/?w=ingeniero%20datos&l=&oc=sponsored&k=web.1.2.13&uuid=arF0019d6b27d9d72146&page_item_id=-1107558344,Ingeniero de Datos,jobrapido,2026-04-08T00:34:27.950957,,,,
8355349270055878656,Ingeniero de Datos,Bumeran Selecta,Capital Federal,,,https://open.app.jobrapido.com/ar/8355349270055878656/?w=ingeniero%20datos&l=&oc=sponsored&k=web.1.2.14&uuid=arF0019d6b27d9d72146&page_item_id=2060434018,Ingeniero de Datos,jobrapido,2026-04-08T00:34:27.951440,,,,
1162731216353361920,Anuncios Google,REKLUT,Capital Federal,,,https://open.app.jobrapido.com/ar/1162731216353361920/?w=ingeniero%20datos&l=&oc=sponsored&k=web.1.3.0&uuid=arF0019d6b28ce1b2287&page_item_id=-1582719494,Ingeniero de Datos,jobrapido,2026-04-08T00:35:30.460125,,,,
3900563947459182592,Ingeniero de Datos (Databricks),Serendipia,Capital Federal,,,https://open.app.jobrapido.com/ar/3900563947459182592/?w=ingeniero%20datos&l=&oc=sponsored&k=web.1.3.1&uuid=arF0019d6b28ce1b2287&page_item_id=364807423,Ingeniero de Datos,jobrapido,2026-04-08T00:35:30.460715,,,,
6351269769705947136,Ingenieros/as de datos (100% Remoto),Lovelytics Latam,Capital Federal,,,https://open.app.jobrapido.com/ar/6351269769705947136/?w=ingeniero%20datos&l=&oc=sponsored&k=web.1.3.2&uuid=arF0019d6b28ce1b2287&page_item_id=1314620960,Ingeniero de Datos,jobrapido,2026-04-08T00:35:30.461210,,,,
5437541393314611200,Ingeniero de Datos SR.- Servicios Financieros,NEORIS,Capital Federal,,,https://open.app.jobrapido.com/ar/5437541393314611200/?w=ingeniero%20datos&l=&oc=sponsored&k=web.1.3.3&uuid=arF0019d6b28ce1b2287&page_item_id=-566733893,Ingeniero de Datos,jobrapido,2026-04-08T00:35:30.461696,,,,
8842295318998417408,Ingenieros/as de datos SSR y SR (Híbrido),Lovelytics Latam,Capital Federal,,,https://open.app.jobrapido.com/ar/8842295318998417408/?w=ingeniero%20datos&l=&oc=sponsored&k=web.1.3.4&uuid=arF0019d6b28ce1b2287&page_item_id=-1560007406,Ingeniero de Datos,jobrapido,2026-04-08T00:35:30.462185,,,,
70045356762595328,Analista de ventas,Taynes Consultores,Capital Federal,,,https://open.app.jobrapido.com/ar/70045356762595328/?w=ingeniero%20datos&l=&oc=sponsored&k=web.1.3.5&uuid=arF0019d6b28ce1b2287&page_item_id=-1732765228,Ingeniero de Datos,jobrapido,2026-04-08T00:35:30.462666,,,,
8139990319820177408,Pasante Ingeniería UTN / UNC,SEGULA Technologies,Córdoba,,,https://open.app.jobrapido.com/ar/8139990319820177408/?w=ingeniero%20datos&l=&oc=sponsored&k=web.1.3.6&uuid=arF0019d6b28ce1b2287&page_item_id=175495577,Ingeniero de Datos,jobrapido,2026-04-08T00:35:30.463151,,,,
7266599855366078464,REPRESENTANTE DE VENTAS VIAL,Grupo Calidra,Capital Federal,,,https://open.app.jobrapido.com/ar/7266599855366078464/?w=ingeniero%20datos&l=&oc=sponsored&k=web.1.3.7&uuid=arF0019d6b28ce1b2287&page_item_id=470135335,Ingeniero de Datos,jobrapido,2026-04-08T00:35:30.463662,,,,
4564440078943780864,Soporte Comercial Division Líquidos y Polvos para Argentina & Chile,GEA,Capital Federal (Parque Patricios),,,https://open.app.jobrapido.com/ar/4564440078943780864/?w=ingeniero%20datos&l=&oc=sponsored&k=web.1.3.8&uuid=arF0019d6b28ce1b2287&page_item_id=1706055155,Ingeniero de Datos,jobrapido,2026-04-08T00:35:30.464148,,,,
5788981571960700928,Responsable de ventas de autopartes,Taynes Consultores,Capital Federal,,,https://open.app.jobrapido.com/ar/5788981571960700928/?w=ingeniero%20datos&l=&oc=sponsored&k=web.1.3.9&uuid=arF0019d6b28ce1b2287&page_item_id=-384153957,Ingeniero de Datos,jobrapido,2026-04-08T00:35:30.464763,,,,
8724300678907822080,"Ingeniero de Datos - ETL/ELT, Snowflake, Airflow | Hybrid",Nosotros,Capital Federal,,,https://open.app.jobrapido.com/ar/8724300678907822080/?w=ingeniero%20datos&l=&oc=sponsored&k=web.1.3.10&uuid=arF0019d6b28ce1b2287&page_item_id=1569753439,Ingeniero de Datos,jobrapido,2026-04-08T00:35:30.465261,,,,
8049887197349806080,Ingeniero de Datos ETL – Data Lake & SQL Avanzado,Empresa Confidencial,Entre Ríos,,,https://open.app.jobrapido.com/ar/8049887197349806080/?w=ingeniero%20datos&l=&oc=sponsored&k=web.1.3.11&uuid=arF0019d6b28ce1b2287&page_item_id=1715529009,Ingeniero de Datos,jobrapido,2026-04-08T00:35:30.465753,,,,
5547413026182791168,Ingeniero de Datos ETL – Data Lake & SQL Avanzado,Empresa Confidencial,Rosario,,,https://open.app.jobrapido.com/ar/5547413026182791168/?w=ingeniero%20datos&l=&oc=sponsored&k=web.1.3.12&uuid=arF0019d6b28ce1b2287&page_item_id=-615993470,Ingeniero de Datos,jobrapido,2026-04-08T00:35:30.466244,,,,
5530545418301079552,Ingeniero de Datos ETL – Data Lake & SQL Avanzado,Empresa Confidencial,Tigre,,,https://open.app.jobrapido.com/ar/5530545418301079552/?w=ingeniero%20datos&l=&oc=sponsored&k=web.1.3.13&uuid=arF0019d6b28ce1b2287&page_item_id=552330727,Ingeniero de Datos,jobrapido,2026-04-08T00:35:30.466727,,,,
2298931210686038016,Ingeniero de Datos ETL – Data Lake & SQL Avanzado,Empresa Confidencial,Rosario,,,https://open.app.jobrapido.com/ar/2298931210686038016/?w=ingeniero%20datos&l=&oc=sponsored&k=web.1.3.14&uuid=arF0019d6b28ce1b2287&page_item_id=-1882318023,Ingeniero de Datos,jobrapido,2026-04-08T00:35:30.467216,,,,
8366259973046403072,Anuncios Google,Empresa Confidencial,Capital Federal,,,https://open.app.jobrapido.com/ar/8366259973046403072/?w=ingeniero%20datos&l=&oc=sponsored&k=web.1.4.0&uuid=arF0019d6b2a58f12535&page_item_id=2046992994,Ingeniero de Datos,jobrapido,2026-04-08T00:37:11.575498,,,,
2883669223962312704,Ingeniero/a de Datos JR,NTT DATA,Capital Federal,,,https://open.app.jobrapido.com/ar/2883669223962312704/?w=ingeniero%20datos&l=&oc=sponsored&k=web.1.4.2&uuid=arF0019d6b2a58f12535&page_item_id=-410871485,Ingeniero de Datos,jobrapido,2026-04-08T00:37:11.576320,,,,
2586500024435212288,Ingeniero de Datos,REKLUT,Argentina,,,https://open.app.jobrapido.com/ar/2586500024435212288/?w=ingeniero%20datos&l=&oc=sponsored&k=web.1.4.3&uuid=arF0019d6b2a58f12535&page_item_id=262993880,Ingeniero de Datos,jobrapido,2026-04-08T00:37:11.576855,,,,
275805969919770624,Ingeniero/a de Datos (E),REKLUT,Argentina,,,https://open.app.jobrapido.com/ar/275805969919770624/?w=ingeniero%20datos&l=&oc=sponsored&k=web.1.4.4&uuid=arF0019d6b2a58f12535&page_item_id=-1198167436,Ingeniero de Datos,jobrapido,2026-04-08T00:37:11.577357,,,,
5372269847604363264,Ingeniero/a de Datos Databricks | Delta Lake & AI Pipelines (Remote),Jazusoft,Córdoba,,,https://open.app.jobrapido.com/ar/5372269847604363264/?w=ingeniero%20datos&l=&oc=sponsored&k=web.1.4.5&uuid=arF0019d6b2a58f12535&page_item_id=1370202487,Ingeniero de Datos,jobrapido,2026-04-08T00:37:11.577850,,,,
394757528723914752,Ingeniero de Datos Especialista en Snowflake,REKLUT,Argentina,,,https://open.app.jobrapido.com/ar/394757528723914752/?w=ingeniero%20datos&l=&oc=sponsored&k=web.1.4.6&uuid=arF0019d6b2a58f12535&page_item_id=1798047636,Ingeniero de Datos,jobrapido,2026-04-08T00:37:11.578348,,,,
5060863965362388992,Ingeniero de Datos Junior – Remoto/Híbrido y Desarrollo,Datalytics,Capital Federal,,,https://open.app.jobrapido.com/ar/5060863965362388992/?w=ingeniero%20datos&l=&oc=sponsored&k=web.1.4.7&uuid=arF0019d6b2a58f12535&page_item_id=-755882688,Ingeniero de Datos,jobrapido,2026-04-08T00:37:11.578898,,,,
8020880225183203328,Arquitecto de Datos (Híbrido),REKLUT,Capital Federal,,,https://open.app.jobrapido.com/ar/8020880225183203328/?w=ingeniero%20datos&l=&oc=sponsored&k=web.1.4.8&uuid=arF0019d6b2a58f12535&page_item_id=-1345641597,Ingeniero de Datos,jobrapido,2026-04-08T00:37:11.579564,,,,
7827046220810944512,Ingeniero/a Eléctrico/a o en Energía,Suministra SRL,Capital Federal,,,https://open.app.jobrapido.com/ar/7827046220810944512/?w=ingeniero%20datos&l=&oc=sponsored&k=web.1.4.9&uuid=arF0019d6b2a58f12535&page_item_id=485971026,Ingeniero de Datos,jobrapido,2026-04-08T00:37:11.580068,,,,
4977572776987590656,Consultor Funcional,REKLUT,Rosario,,,https://open.app.jobrapido.com/ar/4977572776987590656/?w=ingeniero%20datos&l=&oc=sponsored&k=web.1.4.10&uuid=arF0019d6b2a58f12535&page_item_id=-2024731679,Ingeniero de Datos,jobrapido,2026-04-08T00:37:11.580551,,,,
1714714846957666304,Consultor Funcional,REKLUT,Villa Constitución,,,https://open.app.jobrapido.com/ar/1714714846957666304/?w=ingeniero%20datos&l=&oc=sponsored&k=web.1.4.11&uuid=arF0019d6b2a58f12535&page_item_id=1027372345,Ingeniero de Datos,jobrapido,2026-04-08T00:37:11.581049,,,,
6220557478048825344,Ingeniero de procesos (req197004) - Permanente,Manpower,Rosario,,,https://open.app.jobrapido.com/ar/6220557478048825344/?w=ingeniero%20datos&l=&oc=sponsored&k=web.1.4.12&uuid=arF0019d6b2a58f12535&page_item_id=-896875256,Ingeniero de Datos,jobrapido,2026-04-08T00:37:11.581586,,,,
1090676027497119744,"SR Backend.Net - Rosario, Sta Fe",Mood Hr,Rosario,,,https://open.app.jobrapido.com/ar/1090676027497119744/?w=ingeniero%20datos&l=&oc=sponsored&k=web.1.4.13&uuid=arF0019d6b2a58f12535&page_item_id=-1043494017,Ingeniero de Datos,jobrapido,2026-04-08T00:37:11.582357,,,,
7193334997560852480,Analista de Marketing,Bunge,Capital Federal,,,https://open.app.jobrapido.com/ar/7193334997560852480/?w=ingeniero%20datos&l=&oc=sponsored&k=web.1.4.14&uuid=arF0019d6b2a58f12535&page_item_id=1258787152,Ingeniero de Datos,jobrapido,2026-04-08T00:37:11.582859,,,,
928346329795526656,Ingeniero (a) de Servicios - Neuquén,Copeland,Neuquén,,,https://open.app.jobrapido.com/ar/928346329795526656/?w=ingeniero%20datos&l=&oc=sponsored&k=web.1.5.0&uuid=arF0019d6b2ba3b22805&page_item_id=-581665848,Ingeniero de Datos,jobrapido,2026-04-08T00:38:36.205361,,,,
6872462320203726848,Ingeniero (a) de Servicios - Neuquén,Emerson,Neuquén,,,https://open.app.jobrapido.com/ar/6872462320203726848/?w=ingeniero%20datos&l=&oc=sponsored&k=web.1.5.1&uuid=arF0019d6b2ba3b22805&page_item_id=405084556,Ingeniero de Datos,jobrapido,2026-04-08T00:38:36.205905,,,,
3667363935004131328,Senior - Tech Operations Engineer,PwC Argentina,Capital Federal,,,https://open.app.jobrapido.com/ar/3667363935004131328/?w=ingeniero%20datos&l=&oc=sponsored&k=web.1.5.2&uuid=arF0019d6b2ba3b22805&page_item_id=-1409989810,Ingeniero de Datos,jobrapido,2026-04-08T00:38:36.206387,,,,
171202831699673088,Jefe de Proyecto Electromecánico (req196888)- Permanente,Manpower,Concordia,,,https://open.app.jobrapido.com/ar/171202831699673088/?w=ingeniero%20datos&l=&oc=sponsored&k=web.1.5.3&uuid=arF0019d6b2ba3b22805&page_item_id=-1797236747,Ingeniero de Datos,jobrapido,2026-04-08T00:38:36.206863,,,,
6477271452901965824,Descripción del puesto: Ingeniero de Datos (Data Engineer),REKLUT,Argentina,,,https://open.app.jobrapido.com/ar/6477271452901965824/?w=ingeniero%20datos&l=&oc=sponsored&k=web.1.5.4&uuid=arF0019d6b2ba3b22805&page_item_id=-669517039,Ingeniero de Datos,jobrapido,2026-04-08T00:38:36.207343,,,,
4656278561475264512,Analista de Parque Móvil | Gestión de Flota en Transporte Público,PLATENSE SRL,La Plata,,,https://open.app.jobrapido.com/ar/4656278561475264512/?w=ingeniero%20datos&l=&oc=sponsored&k=web.1.5.5&uuid=arF0019d6b2ba3b22805&page_item_id=-1653811469,Ingeniero de Datos,jobrapido,2026-04-08T00:38:36.207816,,,,
8872608867461103616,Data Engineer II - Azure Data & ETL Specialist,Idearhumano,Tigre,,,https://open.app.jobrapido.com/ar/8872608867461103616/?w=ingeniero%20datos&l=&oc=sponsored&k=web.1.5.6&uuid=arF0019d6b2ba3b22805&page_item_id=658730671,Ingeniero de Datos,jobrapido,2026-04-08T00:38:36.208295,,,,
3809607410692128768,Data Engineer II - Azure Data & ETL Specialist,Idearhumano,Rosario,,,https://open.app.jobrapido.com/ar/3809607410692128768/?w=ingeniero%20datos&l=&oc=sponsored&k=web.1.5.7&uuid=arF0019d6b2ba3b22805&page_item_id=-2103041572,Ingeniero de Datos,jobrapido,2026-04-08T00:38:36.208764,,,,
1128537366802202624,Data Engineer II - Azure Data & ETL Specialist,Idearhumano,Rosario,,,https://open.app.jobrapido.com/ar/1128537366802202624/?w=ingeniero%20datos&l=&oc=sponsored&k=web.1.5.8&uuid=arF0019d6b2ba3b22805&page_item_id=1364818645,Ingeniero de Datos,jobrapido,2026-04-08T00:38:36.209237,,,,
796256156795273216,Data Engineer II - Azure Data & ETL Specialist,Idearhumano,Entre Ríos,,,https://open.app.jobrapido.com/ar/796256156795273216/?w=ingeniero%20datos&l=&oc=sponsored&k=web.1.5.9&uuid=arF0019d6b2ba3b22805&page_item_id=2062792362,Ingeniero de Datos,jobrapido,2026-04-08T00:38:36.209710,,,,
8002991364272816128,Databricks Data Engineer: Delta Lake & AI Pipelines,Serendipia,Capital Federal,,,https://open.app.jobrapido.com/ar/8002991364272816128/?w=ingeniero%20datos&l=&oc=sponsored&k=web.1.5.10&uuid=arF0019d6b2ba3b22805&page_item_id=1554618614,Ingeniero de Datos,jobrapido,2026-04-08T00:38:36.210185,,,,
6612505541962891264,Data Engineer II - Azure Data & ETL Specialist,Idearhumano,Capital Federal,,,https://open.app.jobrapido.com/ar/6612505541962891264/?w=ingeniero%20datos&l=&oc=sponsored&k=web.1.5.11&uuid=arF0019d6b2ba3b22805&page_item_id=-744096992,Ingeniero de Datos,jobrapido,2026-04-08T00:38:36.210655,,,,
1144385285023334400,Data Engineer II - Azure Data & ETL Specialist,Idearhumano,Córdoba,,,https://open.app.jobrapido.com/ar/1144385285023334400/?w=ingeniero%20datos&l=&oc=sponsored&k=web.1.5.12&uuid=arF0019d6b2ba3b22805&page_item_id=-1357509766,Ingeniero de Datos,jobrapido,2026-04-08T00:38:36.211128,,,,
7533214146448326656,Oferta laboral - Ingeniero Obras y Servicios,Cpitlp,Santa Rosa,,,https://open.app.jobrapido.com/ar/7533214146448326656/?w=ingeniero%20datos&l=&oc=sponsored&k=web.1.5.13&uuid=arF0019d6b2ba3b22805&page_item_id=95356261,Ingeniero de Datos,jobrapido,2026-04-08T00:38:36.211598,,,,
2268667518203723776,"Senior Data Engineer – Finanzas en la Nube (ETL, AWS)",NEORIS,Capital Federal,,,https://open.app.jobrapido.com/ar/2268667518203723776/?w=ingeniero%20datos&l=&oc=sponsored&k=web.1.5.14&uuid=arF0019d6b2ba3b22805&page_item_id=-844175037,Ingeniero de Datos,jobrapido,2026-04-08T00:38:36.212166,,,,
5873775152780541952,"Data Engineer (Hybrid, Córdoba) — ETL & Data Lake Expert",Seeds,Córdoba,,,https://open.app.jobrapido.com/ar/5873775152780541952/?w=ingeniero%20datos&l=&oc=sponsored&k=web.1.5.15&uuid=arF0019d6b2ba3b22805&page_item_id=-1862213520,Ingeniero de Datos,jobrapido,2026-04-08T00:38:36.212701,,,,
7642281744258826240,Power BI Analytics Engineer - Data & BI Solutions Lead,Greencode Software,Tigre,,,https://open.app.jobrapido.com/ar/7642281744258826240/?w=ingeniero%20datos&l=&oc=sponsored&k=web.1.5.16&uuid=arF0019d6b2ba3b22805&page_item_id=2049158001,Ingeniero de Datos,jobrapido,2026-04-08T00:38:36.213197,,,,
7459041534420189184,Power BI Analytics Engineer - Data & BI Solutions Lead,Greencode Software,Rosario,,,https://open.app.jobrapido.com/ar/7459041534420189184/?w=ingeniero%20datos&l=&oc=sponsored&k=web.1.5.17&uuid=arF0019d6b2ba3b22805&page_item_id=1169471996,Ingeniero de Datos,jobrapido,2026-04-08T00:38:36.213682,,,,
7144874778480869376,Power BI Analytics Engineer - Data & BI Solutions Lead,Greencode Software,Rosario,,,https://open.app.jobrapido.com/ar/7144874778480869376/?w=ingeniero%20datos&l=&oc=sponsored&k=web.1.5.18&uuid=arF0019d6b2ba3b22805&page_item_id=-1728229045,Ingeniero de Datos,jobrapido,2026-04-08T00:38:36.214174,,,,
4219132611085205504,Power BI Analytics Engineer - Data & BI Solutions Lead,Greencode Software,Córdoba,,,https://open.app.jobrapido.com/ar/4219132611085205504/?w=ingeniero%20datos&l=&oc=sponsored&k=web.1.5.19&uuid=arF0019d6b2ba3b22805&page_item_id=1623526092,Ingeniero de Datos,jobrapido,2026-04-08T00:38:36.214656,,,,
