job_id,titulo,empresa,ubicacion,descripcion,fecha_pub,url,keyword,fuente,fecha_scrap,nivel,tipo_empleo,modalidad,salario
c268d96640636ac9,Inspector/a de calidadPostuladoVista,N/A,Argentina,,N/A,https://www.computrabajo.com.ar/ofertas-de-trabajo/oferta-de-trabajo-de-inspectora-de-calidad-rosario-santa-fe-en-rosario-2ADE8F1EC8396C3461373E686DCF3405#lc=ListOffers-Score0-0,Data Scientist,computrabajo,2026-09-04T18:48:32.949015,,,,
4aef2d9b6afae6bf,Analista de calidad / Call CenterPostuladoVista,N/A,Argentina,,N/A,https://www.computrabajo.com.ar/ofertas-de-trabajo/oferta-de-trabajo-de-analista-de-calidad-call-center-en-monserrat-D7D7C7BCC55591E861373E686DCF3405#lc=ListOffers-Score0-1,Data Scientist,computrabajo,2026-09-04T18:48:32.950858,,,,
5c0aece0a7a43fc0,Ingeniero/a de Desarrollo de Software IBM Informix  (SemiSenior/Senior)PostuladoVista,N/A,Argentina,,N/A,https://www.computrabajo.com.ar/ofertas-de-trabajo/oferta-de-trabajo-de-ingenieroa-de-desarrollo-de-software-ibm-informix-semiseniorsenior-en-san-nicolas-D8303C4295CA95E661373E686DCF3405#lc=ListOffers-Score4-0,Software Engineer,computrabajo,2026-09-04T18:49:11.366243,,,Remoto,
5eb6f33e81a33514,Ejecutivo de Ventas IT especializado en AWS Cloud // Multinacional Software FinancieroPostuladoVista,N/A,Argentina,,N/A,https://www.computrabajo.com.ar/ofertas-de-trabajo/oferta-de-trabajo-de-ejecutivo-de-ventas-it-especializado-en-aws-cloud-multinacional-software-financiero-hibrido-microcentro-caba-en-monserrat-57A3B5F5DE187ABA61373E686DCF3405#lc=ListOffers-Score3-1,Software Engineer,computrabajo,2026-09-04T18:49:11.367726,,,Presencial y remoto,
8df066524861b2e5,Líder DevOps AWS // Multinacional de Software FinancieroPostuladoVista,N/A,Argentina,,N/A,https://www.computrabajo.com.ar/ofertas-de-trabajo/oferta-de-trabajo-de-lider-devops-aws-multinacional-de-software-financiero-hibrido-microcentro-caba-en-monserrat-CCB02E0202A4B45D61373E686DCF3405#lc=ListOffers-Score3-2,Software Engineer,computrabajo,2026-09-04T18:49:11.368775,,,Presencial y remoto,
9e9884d23a354f1c,Líder DevOps AWS // Multinacional de Software FinancieroPostuladoVista,N/A,Argentina,,N/A,https://www.computrabajo.com.ar/ofertas-de-trabajo/oferta-de-trabajo-de-lider-devops-aws-multinacional-de-software-financiero-hibrido-microcentro-caba-en-monserrat-3F4CA06954D14EBF61373E686DCF3405#lc=ListOffers-Score3-3,Software Engineer,computrabajo,2026-09-04T18:49:11.369811,,,Presencial y remoto,
6c16208887aaac0b,SRE / Líder Devops AWS // Multinacional de Software FinancieroPostuladoVista,N/A,Argentina,,N/A,https://www.computrabajo.com.ar/ofertas-de-trabajo/oferta-de-trabajo-de-sre-lider-devops-aws-multinacional-de-software-financiero-hibrido-microcentro-caba-en-monserrat-73FCAD9DAB75E97F61373E686DCF3405#lc=ListOffers-Score3-4,Software Engineer,computrabajo,2026-09-04T18:49:11.370859,,,Presencial y remoto,
cd585b4f547fcdad,ML / AI Engineer // Proyectos BancariosPostuladoVista,N/A,Argentina,,N/A,https://www.computrabajo.com.ar/ofertas-de-trabajo/oferta-de-trabajo-de-ml-ai-engineer-proyectos-bancarios-remoto-para-residentes-en-argentina-en-monserrat-B4D6A5C13906829B61373E686DCF3405#lc=ListOffers-Score3-5,Software Engineer,computrabajo,2026-09-04T18:49:11.371857,,,Remoto,
0c675cdea6429a42,Ejecutivo de Ventas IT especializado en AWS Cloud // Multinacional Software FinancieroPostuladoVista,N/A,Argentina,,N/A,https://www.computrabajo.com.ar/ofertas-de-trabajo/oferta-de-trabajo-de-ejecutivo-de-ventas-it-especializado-en-aws-cloud-multinacional-software-financiero-hibrido-microcentro-caba-en-monserrat-152EE4D33CA2A6A861373E686DCF3405#lc=ListOffers-Score3-6,Software Engineer,computrabajo,2026-09-04T18:49:11.372851,,,Presencial y remoto,
f7db271e1f09a2ac,Líder DevOps AWS // Multinacional de Software FinancieroPostuladoVista,N/A,Argentina,,N/A,https://www.computrabajo.com.ar/ofertas-de-trabajo/oferta-de-trabajo-de-lider-devops-aws-multinacional-de-software-financiero-hibrido-microcentro-caba-en-monserrat-3FC4EEA32F0A0A0461373E686DCF3405#lc=ListOffers-Score3-7,Software Engineer,computrabajo,2026-09-04T18:49:11.374794,,,Presencial y remoto,
c50de1901ef04d7c,Ingeniero/a de procesosPostuladoVista,N/A,Argentina,,N/A,https://www.computrabajo.com.ar/ofertas-de-trabajo/oferta-de-trabajo-de-ingenieroa-de-procesos-en-mte-maiz-20929FB7FBFECBE961373E686DCF3405#lc=ListOffers-Score3-8,Software Engineer,computrabajo,2026-09-04T18:49:11.377304,,,,
2dce5576801444aa,Ejecutivo de Ventas IT especializado en AWS Cloud // Multinacional Software FinancieroPostuladoVista,N/A,Argentina,,N/A,https://www.computrabajo.com.ar/ofertas-de-trabajo/oferta-de-trabajo-de-ejecutivo-de-ventas-it-especializado-en-aws-cloud-multinacional-software-financiero-hibrido-microcentro-caba-en-monserrat-9E8F942D8D4977B061373E686DCF3405#lc=ListOffers-Score3-9,Software Engineer,computrabajo,2026-09-04T18:49:11.378561,,,Presencial y remoto,
3b7dbb428fc097cb,SRE / Líder Devops AWS // Multinacional de Software FinancieroPostuladoVista,N/A,Argentina,,N/A,https://www.computrabajo.com.ar/ofertas-de-trabajo/oferta-de-trabajo-de-sre-lider-devops-aws-multinacional-de-software-financiero-hibrido-microcentro-caba-en-monserrat-D33B4F4AB23214AC61373E686DCF3405#lc=ListOffers-Score3-10,Software Engineer,computrabajo,2026-09-04T18:49:11.379500,,,Presencial y remoto,
5723131cf5280935,SRE / Líder Devops AWS // Multinacional de Software FinancieroPostuladoVista,N/A,Argentina,,N/A,https://www.computrabajo.com.ar/ofertas-de-trabajo/oferta-de-trabajo-de-sre-lider-devops-aws-multinacional-de-software-financiero-hibrido-microcentro-caba-en-monserrat-184CD3C1AB23097E61373E686DCF3405#lc=ListOffers-Score3-11,Software Engineer,computrabajo,2026-09-04T18:49:11.381328,,,Presencial y remoto,
96bb47944bac4168,Líder DevOps AWS // Multinacional de Software FinancieroPostuladoVista,N/A,Argentina,,N/A,https://www.computrabajo.com.ar/ofertas-de-trabajo/oferta-de-trabajo-de-lider-devops-aws-multinacional-de-software-financiero-hibrido-microcentro-caba-en-monserrat-B8D0C8F7517A9D4861373E686DCF3405#lc=ListOffers-Score3-12,Software Engineer,computrabajo,2026-09-04T18:49:11.383199,,,Presencial y remoto,
02159eeab3adcccc,Ejecutivo de Ventas IT especializado en AWS Cloud // Multinacional Software FinancieroPostuladoVista,N/A,Argentina,,N/A,https://www.computrabajo.com.ar/ofertas-de-trabajo/oferta-de-trabajo-de-ejecutivo-de-ventas-it-especializado-en-aws-cloud-multinacional-software-financiero-hibrido-microcentro-caba-en-monserrat-5FA627B594023BE861373E686DCF3405#lc=ListOffers-Score3-13,Software Engineer,computrabajo,2026-09-04T18:49:11.384964,,,Presencial y remoto,
9b3a125a58f3071c,ML / AI Engineer // Proyectos BancariosPostuladoVista,N/A,Argentina,,N/A,https://www.computrabajo.com.ar/ofertas-de-trabajo/oferta-de-trabajo-de-ml-ai-engineer-proyectos-bancarios-remoto-para-residentes-en-argentina-en-monserrat-D1298459F2B7970D61373E686DCF3405#lc=ListOffers-Score3-14,Software Engineer,computrabajo,2026-09-04T18:49:11.386434,,,Remoto,
f66b36cfed13952a,Ejecutivo de Ventas IT especializado en AWS Cloud // Multinacional Software FinancieroPostuladoVista,N/A,Argentina,,N/A,https://www.computrabajo.com.ar/ofertas-de-trabajo/oferta-de-trabajo-de-ejecutivo-de-ventas-it-especializado-en-aws-cloud-multinacional-software-financiero-hibrido-microcentro-caba-en-monserrat-ACAFF152FEACE4E161373E686DCF3405#lc=ListOffers-Score3-15,Software Engineer,computrabajo,2026-09-04T18:49:11.387992,,,Presencial y remoto,
13f06ca7af92c455,DevOps EngineerPostuladoVista,N/A,Argentina,,N/A,https://www.computrabajo.com.ar/ofertas-de-trabajo/oferta-de-trabajo-de-devops-engineer-linux-docker-gitlab-cicd-en-mataderos-FDB1188BBD3792F661373E686DCF3405#lc=ListOffers-Score3-16,Software Engineer,computrabajo,2026-09-04T18:49:11.389282,,,,
ddd0d9478dcd0cc2,Ejecutivo de Ventas IT especializado en AWS Cloud // Multinacional Software FinancieroPostuladoVista,N/A,Argentina,,N/A,https://www.computrabajo.com.ar/ofertas-de-trabajo/oferta-de-trabajo-de-ejecutivo-de-ventas-it-especializado-en-aws-cloud-multinacional-software-financiero-hibrido-microcentro-caba-en-monserrat-2D9B3E3D9FD66A2E61373E686DCF3405#lc=ListOffers-Score3-17,Software Engineer,computrabajo,2026-09-04T18:49:11.390116,,,Presencial y remoto,
867bde858ed5c5c8,Líder DevOps AWS // Multinacional de Software FinancieroPostuladoVista,N/A,Argentina,,N/A,https://www.computrabajo.com.ar/ofertas-de-trabajo/oferta-de-trabajo-de-lider-devops-aws-multinacional-de-software-financiero-hibrido-microcentro-caba-en-monserrat-E2DCD2D77D0F2B9F61373E686DCF3405#lc=ListOffers-Score3-18,Software Engineer,computrabajo,2026-09-04T18:49:11.391114,,,Presencial y remoto,
616c931b66057d20,ML / AI Engineer // Proyectos BancariosPostuladoVista,N/A,Argentina,,N/A,https://www.computrabajo.com.ar/ofertas-de-trabajo/oferta-de-trabajo-de-ml-ai-engineer-proyectos-bancarios-remoto-para-residentes-en-argentina-en-monserrat-9E67083C93C7235761373E686DCF3405#lc=ListOffers-Score3-19,Software Engineer,computrabajo,2026-09-04T18:49:11.391775,,,Remoto,
ca976523021e7ea4,Senior Backend Python + IA DeveloperPostuladoVista,N/A,Argentina,,N/A,https://www.computrabajo.com.ar/ofertas-de-trabajo/oferta-de-trabajo-de-senior-backend-python-ia-developer-remoto-para-residentes-en-argentina-en-monserrat-B94A3C19EB983FCC61373E686DCF3405#lc=ListOffers-Score4-0,Python Developer,computrabajo,2026-09-04T18:51:08.534973,,,Remoto,
3b8ee9a346e527c6,Senior Backend Python DeveloperPostuladoVista,N/A,Argentina,,N/A,https://www.computrabajo.com.ar/ofertas-de-trabajo/oferta-de-trabajo-de-senior-backend-python-developer-remoto-para-residentes-en-argentina-en-monserrat-97C0FEDBD1C71A3861373E686DCF3405#lc=ListOffers-Score4-1,Python Developer,computrabajo,2026-09-04T18:51:08.535985,,,Remoto,
9aeffcc074172f01,Desarrollador Full Stack Sr. con IAPostuladoVista,N/A,Argentina,,N/A,https://www.computrabajo.com.ar/ofertas-de-trabajo/oferta-de-trabajo-de-desarrollador-full-stack-sr-con-ia-python-nodejs-javascript-en-monserrat-94FEF377CF2FD64061373E686DCF3405#lc=ListOffers-Score4-2,Python Developer,computrabajo,2026-09-04T18:51:08.536822,,,Remoto,
c4e444a77d4e38b3,Senior Backend Python + IA DeveloperPostuladoVista,N/A,Argentina,,N/A,https://www.computrabajo.com.ar/ofertas-de-trabajo/oferta-de-trabajo-de-senior-backend-python-ia-developer-remoto-para-residentes-en-argentina-en-monserrat-68F14816AAB2818561373E686DCF3405#lc=ListOffers-Score4-3,Python Developer,computrabajo,2026-09-04T18:51:08.537806,,,Remoto,
949c2a9d41c59a34,Desarrollador Full Stack Sr. con IAPostuladoVista,N/A,Argentina,,N/A,https://www.computrabajo.com.ar/ofertas-de-trabajo/oferta-de-trabajo-de-desarrollador-full-stack-sr-con-ia-python-nodejs-javascript-en-monserrat-B93C19B0543A88FB61373E686DCF3405#lc=ListOffers-Score4-4,Python Developer,computrabajo,2026-09-04T18:51:08.538673,,,Remoto,
dd8c99c5817ec815,Senior Backend Python DeveloperPostuladoVista,N/A,Argentina,,N/A,https://www.computrabajo.com.ar/ofertas-de-trabajo/oferta-de-trabajo-de-senior-backend-python-developer-remoto-para-residentes-en-argentina-en-monserrat-5B3EFBFB332E581861373E686DCF3405#lc=ListOffers-Score4-5,Python Developer,computrabajo,2026-09-04T18:51:08.539471,,,Remoto,
8015d92d27e3757f,Senior Backend Python + IA DeveloperPostuladoVista,N/A,Argentina,,N/A,https://www.computrabajo.com.ar/ofertas-de-trabajo/oferta-de-trabajo-de-senior-backend-python-ia-developer-remoto-para-residentes-en-argentina-en-monserrat-62E70011A6C77B7161373E686DCF3405#lc=ListOffers-Score4-6,Python Developer,computrabajo,2026-09-04T18:51:08.540224,,,Remoto,
b9d5ff2205e4074b,Desarrollador Backend Python Fast API SRPostuladoVista,N/A,Argentina,,N/A,https://www.computrabajo.com.ar/ofertas-de-trabajo/oferta-de-trabajo-de-desarrollador-backend-python-fast-api-sr-importante-empresa-de-tecnologia-en-san-nicolas-DA6428750883AF1761373E686DCF3405#lc=ListOffers-Score4-7,Python Developer,computrabajo,2026-09-04T18:51:08.541068,,,Presencial y remoto,
5b7f0d7a855e9625,Ref. 20595: Desarrollador Python / FastAPI / RemotoPostuladoVista,N/A,Argentina,,N/A,https://www.computrabajo.com.ar/ofertas-de-trabajo/oferta-de-trabajo-de-ref-20595-desarrollador-python-fastapi-remoto-en-recoleta-A95E6BB2C1ADDBE261373E686DCF3405#lc=ListOffers-Score4-8,Python Developer,computrabajo,2026-09-04T18:51:08.541879,,,Remoto,
6c37305fd1d7c1cb,Senior Backend Python DeveloperPostuladoVista,N/A,Argentina,,N/A,https://www.computrabajo.com.ar/ofertas-de-trabajo/oferta-de-trabajo-de-senior-backend-python-developer-remoto-para-residentes-en-argentina-en-monserrat-475E2A6A1A6D08DC61373E686DCF3405#lc=ListOffers-Score4-9,Python Developer,computrabajo,2026-09-04T18:51:08.542677,,,Remoto,
3624dc0a8c4e4bbc,Ref. 20595: Desarrollador Python / FastAPI / RemotoPostuladoVista,N/A,Argentina,,N/A,https://www.computrabajo.com.ar/ofertas-de-trabajo/oferta-de-trabajo-de-ref-20595-desarrollador-python-fastapi-remoto-en-recoleta-5B02463491CB328F61373E686DCF3405#lc=ListOffers-Score4-10,Python Developer,computrabajo,2026-09-04T18:51:08.543488,,,Remoto,
189e771a2d7bd33f,Senior Backend Python + IA DeveloperPostuladoVista,N/A,Argentina,,N/A,https://www.computrabajo.com.ar/ofertas-de-trabajo/oferta-de-trabajo-de-senior-backend-python-ia-developer-remoto-para-residentes-en-argentina-en-monserrat-6A1CEAFC3A0B024C61373E686DCF3405#lc=ListOffers-Score4-11,Python Developer,computrabajo,2026-09-04T18:51:08.544279,,,Remoto,
5cafa7e74d664417,Senior Backend Python + IA DeveloperPostuladoVista,N/A,Argentina,,N/A,https://www.computrabajo.com.ar/ofertas-de-trabajo/oferta-de-trabajo-de-senior-backend-python-ia-developer-remoto-para-residentes-en-argentina-en-monserrat-6BBE4AF793176EA361373E686DCF3405#lc=ListOffers-Score4-12,Python Developer,computrabajo,2026-09-04T18:51:08.545078,,,Remoto,
711557fa72c359d2,Senior Backend Python DeveloperPostuladoVista,N/A,Argentina,,N/A,https://www.computrabajo.com.ar/ofertas-de-trabajo/oferta-de-trabajo-de-senior-backend-python-developer-remoto-para-residentes-en-argentina-en-monserrat-1063D4E39AFC42FD61373E686DCF3405#lc=ListOffers-Score4-13,Python Developer,computrabajo,2026-09-04T18:51:08.545867,,,Remoto,
3c4f0b9a0017af87,Desarrollador PythonPostuladoVista,N/A,Argentina,,N/A,https://www.computrabajo.com.ar/ofertas-de-trabajo/oferta-de-trabajo-de-desarrollador-python-en-san-nicolas-67DCE7BF4E6A471A61373E686DCF3405#lc=ListOffers-Score4-14,Python Developer,computrabajo,2026-09-04T18:51:08.546638,,,Presencial y remoto,
ccdcc420342e6826,Ref. 20595: Desarrollador PythonPostuladoVista,N/A,Argentina,,N/A,https://www.computrabajo.com.ar/ofertas-de-trabajo/oferta-de-trabajo-de-ref-20595-desarrollador-python-remoto-en-recoleta-E4EF614947A6136161373E686DCF3405#lc=ListOffers-Score4-15,Python Developer,computrabajo,2026-09-04T18:51:08.547450,,,Presencial y remoto,
cc9bce63880c0d0e,Senior Backend Python + IA DeveloperPostuladoVista,N/A,Argentina,,N/A,https://www.computrabajo.com.ar/ofertas-de-trabajo/oferta-de-trabajo-de-senior-backend-python-ia-developer-remoto-para-residentes-en-argentina-en-monserrat-B1D752F74AD2097B61373E686DCF3405#lc=ListOffers-Score4-16,Python Developer,computrabajo,2026-09-04T18:51:08.548121,,,Remoto,
380dedc4ebfdda03,Senior Python EngineerPostuladoVista,N/A,Argentina,,N/A,https://www.computrabajo.com.ar/ofertas-de-trabajo/oferta-de-trabajo-de-senior-python-engineer-en-retiro-F5A35EBD0F7AFE7B61373E686DCF3405#lc=ListOffers-Score4-17,Python Developer,computrabajo,2026-09-04T18:51:08.548766,,,Remoto,
77427007ceb37d3d,"Analista de Soporte de Aplicaciones con conocimientos en Python, SQL y LinuxPostuladoVista",N/A,Argentina,,N/A,https://www.computrabajo.com.ar/ofertas-de-trabajo/oferta-de-trabajo-de-analista-de-soporte-de-aplicaciones-con-conocimientos-en-python-sql-y-linux-en-monserrat-8631C93822B5519661373E686DCF3405#lc=ListOffers-Score4-18,Python Developer,computrabajo,2026-09-04T18:51:08.549372,,,Presencial y remoto,
67128681319c19d3,Senior Backend Python DeveloperPostuladoVista,N/A,Argentina,,N/A,https://www.computrabajo.com.ar/ofertas-de-trabajo/oferta-de-trabajo-de-senior-backend-python-developer-remoto-para-residentes-en-argentina-en-monserrat-64E3CD9FF0F54D0161373E686DCF3405#lc=ListOffers-Score4-19,Python Developer,computrabajo,2026-09-04T18:51:08.550044,,,Remoto,
2adf2968c3cd9fe7,Ref. 20595: Desarrollador Python / FastAPI / RemotoPostuladoVista,N/A,Argentina,,N/A,https://www.computrabajo.com.ar/ofertas-de-trabajo/oferta-de-trabajo-de-ref-20595-desarrollador-python-fastapi-remoto-en-recoleta-0F4156BF2A23C4F461373E686DCF3405#lc=ListOffers-Score4-0,Python Developer,computrabajo,2026-09-04T18:58:55.951194,,,Remoto,
805fa0ac460d21ce,Senior Backend Python + IA DeveloperPostuladoVista,N/A,Argentina,,N/A,https://www.computrabajo.com.ar/ofertas-de-trabajo/oferta-de-trabajo-de-senior-backend-python-ia-developer-remoto-para-residentes-en-argentina-en-monserrat-CBCFC6CB07B0F3EC61373E686DCF3405#lc=ListOffers-Score4-1,Python Developer,computrabajo,2026-09-04T18:58:55.952218,,,Remoto,
07a048458ccf86f7,Senior Backend Python + IA DeveloperPostuladoVista,N/A,Argentina,,N/A,https://www.computrabajo.com.ar/ofertas-de-trabajo/oferta-de-trabajo-de-senior-backend-python-ia-developer-remoto-para-residentes-en-argentina-en-monserrat-266F13DBF6FF31BD61373E686DCF3405#lc=ListOffers-Score4-2,Python Developer,computrabajo,2026-09-04T18:58:55.953278,,,Remoto,
a2a5162849f028d1,Senior Backend Python DeveloperPostuladoVista,N/A,Argentina,,N/A,https://www.computrabajo.com.ar/ofertas-de-trabajo/oferta-de-trabajo-de-senior-backend-python-developer-remoto-para-residentes-en-argentina-en-monserrat-33F0127C92D4A53861373E686DCF3405#lc=ListOffers-Score4-3,Python Developer,computrabajo,2026-09-04T18:58:55.954239,,,Remoto,
c9dd3530e13a3461,Senior Backend Python DeveloperPostuladoVista,N/A,Argentina,,N/A,https://www.computrabajo.com.ar/ofertas-de-trabajo/oferta-de-trabajo-de-senior-backend-python-developer-remoto-para-residentes-en-argentina-en-monserrat-F2A4E9D19A683AFB61373E686DCF3405#lc=ListOffers-Score4-4,Python Developer,computrabajo,2026-09-04T18:58:55.955049,,,Remoto,
9d2ab8d3b10f7722,Ref. 20595: Desarrollador Python / FastAPI / RemotoPostuladoVista,N/A,Argentina,,N/A,https://www.computrabajo.com.ar/ofertas-de-trabajo/oferta-de-trabajo-de-ref-20595-desarrollador-python-fastapi-remoto-en-recoleta-69F9E880F8B03E2761373E686DCF3405#lc=ListOffers-Score4-5,Python Developer,computrabajo,2026-09-04T18:58:55.955877,,,Remoto,
026017357c340656,Ref. 20595: Desarrollador PythonPostuladoVista,N/A,Argentina,,N/A,https://www.computrabajo.com.ar/ofertas-de-trabajo/oferta-de-trabajo-de-ref-20595-desarrollador-python-remoto-en-recoleta-E82FFA87AC9E965F61373E686DCF3405#lc=ListOffers-Score4-6,Python Developer,computrabajo,2026-09-04T18:58:55.956706,,,Presencial y remoto,
093994f757fa96c0,Senior Backend Python + IA DeveloperPostuladoVista,N/A,Argentina,,N/A,https://www.computrabajo.com.ar/ofertas-de-trabajo/oferta-de-trabajo-de-senior-backend-python-ia-developer-remoto-para-residentes-en-argentina-en-monserrat-2D27A197B1402EBA61373E686DCF3405#lc=ListOffers-Score4-7,Python Developer,computrabajo,2026-09-04T18:58:55.957461,,,Remoto,
0eb290d1a44532b0,Senior Backend Python + IA DeveloperPostuladoVista,N/A,Argentina,,N/A,https://www.computrabajo.com.ar/ofertas-de-trabajo/oferta-de-trabajo-de-senior-backend-python-ia-developer-remoto-para-residentes-en-argentina-en-monserrat-171D6AB405CA677961373E686DCF3405#lc=ListOffers-Score4-8,Python Developer,computrabajo,2026-09-04T18:58:55.958271,,,Remoto,
0afbff4c45970158,Senior Backend Python DeveloperPostuladoVista,N/A,Argentina,,N/A,https://www.computrabajo.com.ar/ofertas-de-trabajo/oferta-de-trabajo-de-senior-backend-python-developer-remoto-para-residentes-en-argentina-en-monserrat-6E674065CF09403461373E686DCF3405#lc=ListOffers-Score4-9,Python Developer,computrabajo,2026-09-04T18:58:55.959086,,,Remoto,
4e76ee175c44ba2d,Senior Backend Python + IA DeveloperPostuladoVista,N/A,Argentina,,N/A,https://www.computrabajo.com.ar/ofertas-de-trabajo/oferta-de-trabajo-de-senior-backend-python-ia-developer-remoto-para-residentes-en-argentina-en-monserrat-669FEFD7CFFF38C761373E686DCF3405#lc=ListOffers-Score4-10,Python Developer,computrabajo,2026-09-04T18:58:55.959849,,,Remoto,
14c35700869d5d22,Desarrollador Full Stack Sr. con IAPostuladoVista,N/A,Argentina,,N/A,https://www.computrabajo.com.ar/ofertas-de-trabajo/oferta-de-trabajo-de-desarrollador-full-stack-sr-con-ia-python-nodejs-javascript-en-monserrat-768B534B979680A861373E686DCF3405#lc=ListOffers-Score4-11,Python Developer,computrabajo,2026-09-04T18:58:55.960532,,,Remoto,
fa92118d9387456d,Senior Backend Python + IA DeveloperPostuladoVista,N/A,Argentina,,N/A,https://www.computrabajo.com.ar/ofertas-de-trabajo/oferta-de-trabajo-de-senior-backend-python-ia-developer-remoto-para-residentes-en-argentina-en-monserrat-3EE61C5FFFAD19A161373E686DCF3405#lc=ListOffers-Score4-12,Python Developer,computrabajo,2026-09-04T18:58:55.961337,,,Remoto,
ad52076722d345e8,Ref. 20595: Desarrollador Python / FastAPI / RemotoPostuladoVista,N/A,Argentina,,N/A,https://www.computrabajo.com.ar/ofertas-de-trabajo/oferta-de-trabajo-de-ref-20595-desarrollador-python-fastapi-remoto-en-recoleta-64406E720F1BB77661373E686DCF3405#lc=ListOffers-Score4-13,Python Developer,computrabajo,2026-09-04T18:58:55.962158,,,Remoto,
948db97751d84894,Senior Backend Python DeveloperPostuladoVista,N/A,Argentina,,N/A,https://www.computrabajo.com.ar/ofertas-de-trabajo/oferta-de-trabajo-de-senior-backend-python-developer-remoto-para-residentes-en-argentina-en-monserrat-3DD7604C1396EE0A61373E686DCF3405#lc=ListOffers-Score4-14,Python Developer,computrabajo,2026-09-04T18:58:55.962968,,,Remoto,
f09f64b6b7b528ff,Ingeniero Senior de IAPostuladoVista,N/A,Argentina,,N/A,https://www.computrabajo.com.ar/ofertas-de-trabajo/oferta-de-trabajo-de-ingeniero-senior-de-ia-python-langchain-aws-sagemaker-en-palermo-D42873CA5DE8F1FC61373E686DCF3405#lc=ListOffers-Score4-15,Python Developer,computrabajo,2026-09-04T18:58:55.963561,,,Presencial y remoto,
aec925c9895cad35,"Desarrollador/a Odoo Semi Senior – Analista Funcional (Python, PostgreSQL)PostuladoVista",N/A,Argentina,,N/A,https://www.computrabajo.com.ar/ofertas-de-trabajo/oferta-de-trabajo-de-desarrolladora-odoo-semi-senior-analista-funcional-python-postgresql-en-caballito-ACC5ADDCB1138C0861373E686DCF3405#lc=ListOffers-Score4-16,Python Developer,computrabajo,2026-09-04T18:58:55.964151,,Jornada part time,Presencial y remoto,
22aff699c0d73f88,Senior Backend Python + IA DeveloperPostuladoVista,N/A,Argentina,,N/A,https://www.computrabajo.com.ar/ofertas-de-trabajo/oferta-de-trabajo-de-senior-backend-python-ia-developer-remoto-para-residentes-en-argentina-en-monserrat-B09A0C7590A95DEA61373E686DCF3405#lc=ListOffers-Score4-17,Python Developer,computrabajo,2026-09-04T18:58:55.964828,,,Remoto,
162eaf8d135f83fa,Senior Backend Python + IA DeveloperPostuladoVista,N/A,Argentina,,N/A,https://www.computrabajo.com.ar/ofertas-de-trabajo/oferta-de-trabajo-de-senior-backend-python-ia-developer-remoto-para-residentes-en-argentina-en-monserrat-AF10438F088CE8D361373E686DCF3405#lc=ListOffers-Score4-18,Python Developer,computrabajo,2026-09-04T18:58:55.965507,,,Remoto,
808529befa3739e5,Ref. 20595: Desarrollador Python / FastAPI / RemotoPostuladoVista,N/A,Argentina,,N/A,https://www.computrabajo.com.ar/ofertas-de-trabajo/oferta-de-trabajo-de-ref-20595-desarrollador-python-fastapi-remoto-en-recoleta-0CD70C3D074CC1EB61373E686DCF3405#lc=ListOffers-Score4-19,Python Developer,computrabajo,2026-09-04T18:58:55.966196,,,Remoto,
1df3804508b7d7f4,Senior Backend Python + IA DeveloperPostuladoVista,N/A,Argentina,,N/A,https://www.computrabajo.com.ar/ofertas-de-trabajo/oferta-de-trabajo-de-senior-backend-python-ia-developer-remoto-para-residentes-en-argentina-en-monserrat-A6A32017B893E71E61373E686DCF3405#lc=ListOffers-Score4-0,Python Developer,computrabajo,2026-09-04T19:00:46.212158,,,Remoto,
f20341abb489d92f,Senior Backend Python DeveloperPostuladoVista,N/A,Argentina,,N/A,https://www.computrabajo.com.ar/ofertas-de-trabajo/oferta-de-trabajo-de-senior-backend-python-developer-remoto-para-residentes-en-argentina-en-monserrat-AEA03BD3CBB9DDE661373E686DCF3405#lc=ListOffers-Score4-1,Python Developer,computrabajo,2026-09-04T19:00:46.212868,,,Remoto,
f6a2909254f282c0,Senior Backend Python DeveloperPostuladoVista,N/A,Argentina,,N/A,https://www.computrabajo.com.ar/ofertas-de-trabajo/oferta-de-trabajo-de-senior-backend-python-developer-remoto-para-residentes-en-argentina-en-monserrat-6168387BB76DC48361373E686DCF3405#lc=ListOffers-Score4-2,Python Developer,computrabajo,2026-09-04T19:00:46.213571,,,Remoto,
5f28f0ce49428d8d,Senior Backend Python + IA DeveloperPostuladoVista,N/A,Argentina,,N/A,https://www.computrabajo.com.ar/ofertas-de-trabajo/oferta-de-trabajo-de-senior-backend-python-ia-developer-remoto-para-residentes-en-argentina-en-monserrat-4CA2CDD200DD0B3161373E686DCF3405#lc=ListOffers-Score4-3,Python Developer,computrabajo,2026-09-04T19:00:46.214188,,,Remoto,
e323588f20955f6c,Senior Backend Python + IA DeveloperPostuladoVista,N/A,Argentina,,N/A,https://www.computrabajo.com.ar/ofertas-de-trabajo/oferta-de-trabajo-de-senior-backend-python-ia-developer-remoto-para-residentes-en-argentina-en-monserrat-32ECFB422944229B61373E686DCF3405#lc=ListOffers-Score4-4,Python Developer,computrabajo,2026-09-04T19:00:46.214807,,,Remoto,
d93265af2eb7ccd0,Senior Backend Python + IA DeveloperPostuladoVista,N/A,Argentina,,N/A,https://www.computrabajo.com.ar/ofertas-de-trabajo/oferta-de-trabajo-de-senior-backend-python-ia-developer-remoto-para-residentes-en-argentina-en-monserrat-67E04FD80B48F21861373E686DCF3405#lc=ListOffers-Score4-5,Python Developer,computrabajo,2026-09-04T19:00:46.215452,,,Remoto,
b7361a7e73760575,Senior Backend Python + IA DeveloperPostuladoVista,N/A,Argentina,,N/A,https://www.computrabajo.com.ar/ofertas-de-trabajo/oferta-de-trabajo-de-senior-backend-python-ia-developer-remoto-para-residentes-en-argentina-en-monserrat-84124D9C5C0A7FA061373E686DCF3405#lc=ListOffers-Score4-6,Python Developer,computrabajo,2026-09-04T19:00:46.216101,,,Remoto,
992d21a77318444b,Senior Backend Python + IA DeveloperPostuladoVista,N/A,Argentina,,N/A,https://www.computrabajo.com.ar/ofertas-de-trabajo/oferta-de-trabajo-de-senior-backend-python-ia-developer-remoto-para-residentes-en-argentina-en-monserrat-CC134030E1EB24D061373E686DCF3405#lc=ListOffers-Score4-7,Python Developer,computrabajo,2026-09-04T19:00:46.216733,,,Remoto,
fe60f9876adf8b4d,Senior Backend Python + IA DeveloperPostuladoVista,N/A,Argentina,,N/A,https://www.computrabajo.com.ar/ofertas-de-trabajo/oferta-de-trabajo-de-senior-backend-python-ia-developer-remoto-para-residentes-en-argentina-en-monserrat-FDEFA85D041F6C1461373E686DCF3405#lc=ListOffers-Score4-8,Python Developer,computrabajo,2026-09-04T19:00:46.217363,,,Remoto,
cf873920fdbdaf8b,Senior Backend Python + IA DeveloperPostuladoVista,N/A,Argentina,,N/A,https://www.computrabajo.com.ar/ofertas-de-trabajo/oferta-de-trabajo-de-senior-backend-python-ia-developer-remoto-para-residentes-en-argentina-en-monserrat-24AC3CDC9E04A20A61373E686DCF3405#lc=ListOffers-Score4-9,Python Developer,computrabajo,2026-09-04T19:00:46.217998,,,Remoto,
4cb940c1989a1d0f,Senior Backend Python DeveloperPostuladoVista,N/A,Argentina,,N/A,https://www.computrabajo.com.ar/ofertas-de-trabajo/oferta-de-trabajo-de-senior-backend-python-developer-remoto-para-residentes-en-argentina-en-monserrat-A464B534688FF3A961373E686DCF3405#lc=ListOffers-Score4-10,Python Developer,computrabajo,2026-09-04T19:00:46.218655,,,Remoto,
929b491d86b3b35e,Senior Backend Python DeveloperPostuladoVista,N/A,Argentina,,N/A,https://www.computrabajo.com.ar/ofertas-de-trabajo/oferta-de-trabajo-de-senior-backend-python-developer-remoto-para-residentes-en-argentina-en-monserrat-3F97F1DE9E56511561373E686DCF3405#lc=ListOffers-Score4-11,Python Developer,computrabajo,2026-09-04T19:00:46.219281,,,Remoto,
702af27f3d8b52d0,Senior Backend Python DeveloperPostuladoVista,N/A,Argentina,,N/A,https://www.computrabajo.com.ar/ofertas-de-trabajo/oferta-de-trabajo-de-senior-backend-python-developer-remoto-para-residentes-en-argentina-en-monserrat-BA067D8922C5402761373E686DCF3405#lc=ListOffers-Score4-12,Python Developer,computrabajo,2026-09-04T19:00:46.219911,,,Remoto,
856d583056095402,Senior Backend Python DeveloperPostuladoVista,N/A,Argentina,,N/A,https://www.computrabajo.com.ar/ofertas-de-trabajo/oferta-de-trabajo-de-senior-backend-python-developer-remoto-para-residentes-en-argentina-en-monserrat-65BC1013A2935F7361373E686DCF3405#lc=ListOffers-Score4-13,Python Developer,computrabajo,2026-09-04T19:00:46.220539,,,Remoto,
a983b8b48fe79c76,Senior Backend Python + IA DeveloperPostuladoVista,N/A,Argentina,,N/A,https://www.computrabajo.com.ar/ofertas-de-trabajo/oferta-de-trabajo-de-senior-backend-python-ia-developer-remoto-para-residentes-en-argentina-en-monserrat-3E0A076BAA2C735461373E686DCF3405#lc=ListOffers-Score4-14,Python Developer,computrabajo,2026-09-04T19:00:46.221167,,,Remoto,
77102ba0a0acaebb,Senior Backend Python + IA DeveloperPostuladoVista,N/A,Argentina,,N/A,https://www.computrabajo.com.ar/ofertas-de-trabajo/oferta-de-trabajo-de-senior-backend-python-ia-developer-remoto-para-residentes-en-argentina-en-monserrat-AA9DA72C51DEF4DB61373E686DCF3405#lc=ListOffers-Score4-15,Python Developer,computrabajo,2026-09-04T19:00:46.221762,,,Remoto,
07e393e263121b7c,Senior Backend Python DeveloperPostuladoVista,N/A,Argentina,,N/A,https://www.computrabajo.com.ar/ofertas-de-trabajo/oferta-de-trabajo-de-senior-backend-python-developer-remoto-para-residentes-en-argentina-en-monserrat-5A0AF7ECB83FFED161373E686DCF3405#lc=ListOffers-Score4-16,Python Developer,computrabajo,2026-09-04T19:00:46.222385,,,Remoto,
db7f263e85739c3a,Senior Backend Python DeveloperPostuladoVista,N/A,Argentina,,N/A,https://www.computrabajo.com.ar/ofertas-de-trabajo/oferta-de-trabajo-de-senior-backend-python-developer-remoto-para-residentes-en-argentina-en-monserrat-8E9502FA5BF66A6E61373E686DCF3405#lc=ListOffers-Score4-17,Python Developer,computrabajo,2026-09-04T19:00:46.223014,,,Remoto,
d9b0de2313ececcc,Senior Backend Python DeveloperPostuladoVista,N/A,Argentina,,N/A,https://www.computrabajo.com.ar/ofertas-de-trabajo/oferta-de-trabajo-de-senior-backend-python-developer-remoto-para-residentes-en-argentina-en-monserrat-A8AF73416C11D10C61373E686DCF3405#lc=ListOffers-Score4-18,Python Developer,computrabajo,2026-09-04T19:00:46.223682,,,Remoto,
27b90b411ec18388,Senior Backend Python DeveloperPostuladoVista,N/A,Argentina,,N/A,https://www.computrabajo.com.ar/ofertas-de-trabajo/oferta-de-trabajo-de-senior-backend-python-developer-remoto-para-residentes-en-argentina-en-monserrat-8C754CA034CE1B7F61373E686DCF3405#lc=ListOffers-Score4-19,Python Developer,computrabajo,2026-09-04T19:00:46.224313,,,Remoto,
6331dcbef4da0153,Senior Backend Python DeveloperPostuladoVista,N/A,Argentina,,N/A,https://www.computrabajo.com.ar/ofertas-de-trabajo/oferta-de-trabajo-de-senior-backend-python-developer-remoto-para-residentes-en-argentina-en-monserrat-ADE31CE1B8B68D9F61373E686DCF3405#lc=ListOffers-Score4-0,Python Developer,computrabajo,2026-09-04T19:02:43.951737,,,Remoto,
d454afb930adc74c,Senior Backend Python DeveloperPostuladoVista,N/A,Argentina,,N/A,https://www.computrabajo.com.ar/ofertas-de-trabajo/oferta-de-trabajo-de-senior-backend-python-developer-remoto-para-residentes-en-argentina-en-monserrat-40A57482A86774CF61373E686DCF3405#lc=ListOffers-Score4-1,Python Developer,computrabajo,2026-09-04T19:02:43.952744,,,Remoto,
23ab3e262ad82b3b,Senior Backend Python + IA DeveloperPostuladoVista,N/A,Argentina,,N/A,https://www.computrabajo.com.ar/ofertas-de-trabajo/oferta-de-trabajo-de-senior-backend-python-ia-developer-remoto-para-residentes-en-argentina-en-monserrat-124784705176920C61373E686DCF3405#lc=ListOffers-Score4-2,Python Developer,computrabajo,2026-09-04T19:02:43.953732,,,Remoto,
23fd55979c108b55,Senior Backend Python DeveloperPostuladoVista,N/A,Argentina,,N/A,https://www.computrabajo.com.ar/ofertas-de-trabajo/oferta-de-trabajo-de-senior-backend-python-developer-remoto-para-residentes-en-argentina-en-monserrat-D31BF68B8CF7FC6361373E686DCF3405#lc=ListOffers-Score4-3,Python Developer,computrabajo,2026-09-04T19:02:43.954717,,,Remoto,
27813deb5276d02c,Senior Backend Python DeveloperPostuladoVista,N/A,Argentina,,N/A,https://www.computrabajo.com.ar/ofertas-de-trabajo/oferta-de-trabajo-de-senior-backend-python-developer-remoto-para-residentes-en-argentina-en-monserrat-3D065EAEEE61FE4461373E686DCF3405#lc=ListOffers-Score4-4,Python Developer,computrabajo,2026-09-04T19:02:43.955713,,,Remoto,
f1e121d6146fc26a,Senior Backend Python + IA DeveloperPostuladoVista,N/A,Argentina,,N/A,https://www.computrabajo.com.ar/ofertas-de-trabajo/oferta-de-trabajo-de-senior-backend-python-ia-developer-remoto-para-residentes-en-argentina-en-monserrat-44168E3163F002A961373E686DCF3405#lc=ListOffers-Score4-5,Python Developer,computrabajo,2026-09-04T19:02:43.956669,,,Remoto,
081b7d0818eba6c8,Senior Backend Python + IA DeveloperPostuladoVista,N/A,Argentina,,N/A,https://www.computrabajo.com.ar/ofertas-de-trabajo/oferta-de-trabajo-de-senior-backend-python-ia-developer-remoto-para-residentes-en-argentina-en-monserrat-0F2587414E42053F61373E686DCF3405#lc=ListOffers-Score4-6,Python Developer,computrabajo,2026-09-04T19:02:43.957634,,,Remoto,
e934a671f6cbe0fb,Senior Backend Python DeveloperPostuladoVista,N/A,Argentina,,N/A,https://www.computrabajo.com.ar/ofertas-de-trabajo/oferta-de-trabajo-de-senior-backend-python-developer-remoto-para-residentes-en-argentina-en-monserrat-9E27CBA11E02292A61373E686DCF3405#lc=ListOffers-Score4-7,Python Developer,computrabajo,2026-09-04T19:02:43.958432,,,Remoto,
50bc2183d43dbd63,Desarrollador/a Business Intelligence Power BIPostuladoVista,N/A,Argentina,,N/A,https://www.computrabajo.com.ar/ofertas-de-trabajo/oferta-de-trabajo-de-desarrolladora-business-intelligence-power-bi-en-zarate-64CB1469A67C63BA61373E686DCF3405#lc=ListOffers-Score3-8,Python Developer,computrabajo,2026-09-04T19:02:43.959172,,,,
0f0ec54bec31fe03,Analista Administrativo de OperacionesPostuladoVista,N/A,Argentina,,N/A,https://www.computrabajo.com.ar/ofertas-de-trabajo/oferta-de-trabajo-de-analista-administrativo-de-operaciones-full-time-presencial-en-cordoba-DE186278C3F492DC61373E686DCF3405#lc=ListOffers-Score3-9,Python Developer,computrabajo,2026-09-04T19:02:43.959886,,,,
97bfc747681cf50a,DevOps Engineer Senior – Bilingüe Inglés (Cliente USA)PostuladoVista,N/A,Argentina,,N/A,https://www.computrabajo.com.ar/ofertas-de-trabajo/oferta-de-trabajo-de-devops-engineer-senior-bilingue-ingles-cliente-usa-remoto-en-retiro-39B4E25EA9F8DEAA61373E686DCF3405#lc=ListOffers-Score3-10,Python Developer,computrabajo,2026-09-04T19:02:43.960670,,,Remoto,
a74e0626716da084,Quant Trader JrPostuladoVista,N/A,Argentina,,N/A,https://www.computrabajo.com.ar/ofertas-de-trabajo/oferta-de-trabajo-de-quant-trader-jr-en-rosario-C6E41E16B0C64D8061373E686DCF3405#lc=ListOffers-Score3-11,Python Developer,computrabajo,2026-09-04T19:02:43.961395,,,,
179c67b55cf3c883,Analista de datosPostuladoVista,N/A,Argentina,,N/A,https://www.computrabajo.com.ar/ofertas-de-trabajo/oferta-de-trabajo-de-analista-de-datos-con-experiencia-en-san-nicolas-8E6D5575909F948E61373E686DCF3405#lc=ListOffers-Score3-12,Python Developer,computrabajo,2026-09-04T19:02:43.962088,,,,
99eb827c345cfa24,REF 1054: Desarrollador BackendPostuladoVista,N/A,Argentina,,N/A,https://www.computrabajo.com.ar/ofertas-de-trabajo/oferta-de-trabajo-de-ref-1054-desarrollador-backend-en-cordoba-01C717D17245C0A161373E686DCF3405#lc=ListOffers-Score3-13,Python Developer,computrabajo,2026-09-04T19:02:43.962752,,,,
1679954900056889,DevOps / Cloud Engineer  / Importante Universidad Zona Norte GBAPostuladoVista,N/A,Argentina,,N/A,https://www.computrabajo.com.ar/ofertas-de-trabajo/oferta-de-trabajo-de-devops-cloud-engineer--importante-universidad-zona-norte-gba-en-san-fernando-E716EC3D6213DC0A61373E686DCF3405#lc=ListOffers-Score3-14,Python Developer,computrabajo,2026-09-04T19:02:43.963515,,,Presencial y remoto,
b771adf37b99b6b5,"Especialista en IA Generativa, Prompt Engineering y RAG.PostuladoVista",N/A,Argentina,,N/A,https://www.computrabajo.com.ar/ofertas-de-trabajo/oferta-de-trabajo-de-especialista-en-ia-generativa-prompt-engineering-y-rag-sr-en-recoleta-E1DC6A76AD95D25B61373E686DCF3405#lc=ListOffers-Score3-15,Python Developer,computrabajo,2026-09-04T19:02:43.964337,,,Presencial y remoto,
7298c6ea7f16dee3,Data Analyst LeaderPostuladoVista,N/A,Argentina,,N/A,https://www.computrabajo.com.ar/ofertas-de-trabajo/oferta-de-trabajo-de-data-analyst-leader-en-cordoba-F46FB8B38FF7847161373E686DCF3405#lc=ListOffers-Score3-16,Python Developer,computrabajo,2026-09-04T19:02:43.964993,,,,
b5e65521e00244d3,"Técnico de Datos en Geología, Geofísica y Reservorios/IngenieríaPostuladoVista",N/A,Argentina,,N/A,https://www.computrabajo.com.ar/ofertas-de-trabajo/oferta-de-trabajo-de-tecnico-de-datos-en-geologia-geofisica-y-reservoriosingenieria-en-retiro-66EC4D33AD76AEB961373E686DCF3405#lc=ListOffers-Score3-17,Python Developer,computrabajo,2026-09-04T19:02:43.965610,,,,
6c7f6254f0464de6,Software ArchitectPostuladoVista,N/A,Argentina,,N/A,https://www.computrabajo.com.ar/ofertas-de-trabajo/oferta-de-trabajo-de-software-architect-especializado-en-nodejs-en-monserrat-174046D859AF3E0361373E686DCF3405#lc=ListOffers-Score3-18,Python Developer,computrabajo,2026-09-04T19:02:43.966328,,,Presencial y remoto,
25f3f20edd60e498,ML / AI Engineer // Proyectos BancariosPostuladoVista,N/A,Argentina,,N/A,https://www.computrabajo.com.ar/ofertas-de-trabajo/oferta-de-trabajo-de-ml-ai-engineer-proyectos-bancarios-remoto-para-residentes-en-argentina-en-monserrat-B4D6A5C13906829B61373E686DCF3405#lc=ListOffers-Score3-19,Python Developer,computrabajo,2026-09-04T19:02:43.966993,,,Remoto,
67dfe31aebf86363,Ingeniero de Datos CloudPostuladoVista,N/A,Argentina,,N/A,https://www.computrabajo.com.ar/ofertas-de-trabajo/oferta-de-trabajo-de-ingeniero-de-datos-cloud-en-san-nicolas-A71F1C47A1BF338D61373E686DCF3405#lc=ListOffers-Score4-0,Ingeniero de Datos,computrabajo,2026-09-04T19:04:39.316474,,,Presencial y remoto,
6a41b8f146088f3a,Data engineer SsrPostuladoVista,N/A,Argentina,,N/A,https://www.computrabajo.com.ar/ofertas-de-trabajo/oferta-de-trabajo-de-data-engineer-ssr-en-san-nicolas-E25D0F2CDA10BE7D61373E686DCF3405#lc=ListOffers-Score4-1,Ingeniero de Datos,computrabajo,2026-09-04T19:04:39.317849,,,Presencial y remoto,
1f4b042cc6c8f573,Ingeniero/a de Proyectos y Obras de Data CenterPostuladoVista,N/A,Argentina,,N/A,https://www.computrabajo.com.ar/ofertas-de-trabajo/oferta-de-trabajo-de-ingenieroa-de-proyectos-y-obras-de-data-center-en-san-nicolas-BEED9A599A2D9B8C61373E686DCF3405#lc=ListOffers-Score4-2,Ingeniero de Datos,computrabajo,2026-09-04T19:04:39.318997,,,,
a6e79e277dc865e6,Ingeniero De Datos SSR/SRPostuladoVista,N/A,Argentina,,N/A,https://www.computrabajo.com.ar/ofertas-de-trabajo/oferta-de-trabajo-de-ingeniero-de-datos-ssrsr-data-warehousing-en-la-plata-F7A6A3E3988FF63D61373E686DCF3405#lc=ListOffers-Score4-3,Ingeniero de Datos,computrabajo,2026-09-04T19:04:39.319923,,,Presencial y remoto,
d1f629244a97b03c,Gestor/a de Obra (ID 17) // Neuquén // EventualPostuladoVista,N/A,Argentina,,N/A,https://www.computrabajo.com.ar/ofertas-de-trabajo/oferta-de-trabajo-de-gestora-de-obra-id-17-neuquen-eventual-id-17-en-neuquen-FD97A0F4DC12058261373E686DCF3405#lc=ListOffers-Score3-4,Ingeniero de Datos,computrabajo,2026-09-04T19:04:39.320917,,,,
19098bf8b9d3af62,Ingeniero/a de Gestion y oficina tecnicaPostuladoVista,N/A,Argentina,,N/A,https://www.computrabajo.com.ar/ofertas-de-trabajo/oferta-de-trabajo-de-ingenieroa-de-gestion-y-oficina-tecnica-proyecto-minero-san-juan-en-san-juan-2FBFCE7434BBD25B61373E686DCF3405#lc=ListOffers-Score3-5,Ingeniero de Datos,computrabajo,2026-09-04T19:04:39.321854,,,,
ba887588ba61e47f,Jefe de Mantenimiento de equipos viales / Mov de suelos / Grandes EquiposPostuladoVista,N/A,Argentina,,N/A,https://www.computrabajo.com.ar/ofertas-de-trabajo/oferta-de-trabajo-de-jefe-de-mantenimiento-de-equipos-viales-mov-de-suelos-grandes-equipos-proyecto-minero-san-juan-en-san-juan-6122F01032371C4961373E686DCF3405#lc=ListOffers-Score3-6,Ingeniero de Datos,computrabajo,2026-09-04T19:04:39.322785,,,,
481afe4b4ddd0083,Ingeniero de Mejora Continua (Ezpeleta)PostuladoVista,N/A,Argentina,,N/A,https://www.computrabajo.com.ar/ofertas-de-trabajo/oferta-de-trabajo-de-ingeniero-de-mejora-continua-ezpeleta-en-ezpeleta-3D2BD5968D88F3C961373E686DCF3405#lc=ListOffers-Score3-7,Ingeniero de Datos,computrabajo,2026-09-04T19:04:39.323712,,,,
90a8967adebb56a8,Ingeniero de Procesos (Ezpeleta)PostuladoVista,N/A,Argentina,,N/A,https://www.computrabajo.com.ar/ofertas-de-trabajo/oferta-de-trabajo-de-ingeniero-de-procesos-ezpeleta-en-ezpeleta-271C3494DD137CD161373E686DCF3405#lc=ListOffers-Score3-8,Ingeniero de Datos,computrabajo,2026-09-04T19:04:39.324637,,,,
4d1153198a188cdc,Ingeniero de Presupuesto y Control de Costos / Empresa ConstructoraPostuladoVista,N/A,Argentina,,N/A,https://www.computrabajo.com.ar/ofertas-de-trabajo/oferta-de-trabajo-de-ingeniero-de-presupuesto-y-control-de-costos-empresa-constructora-en-neuquen-DD743B265BDA53B761373E686DCF3405#lc=ListOffers-Score3-9,Ingeniero de Datos,computrabajo,2026-09-04T19:04:39.325564,,,,
0c500c8f35773771,Ingeniero ElectrónicoPostuladoVista,N/A,Argentina,,N/A,https://www.computrabajo.com.ar/ofertas-de-trabajo/oferta-de-trabajo-de-ingeniero-electronico-redes-internet-e-infraestructura-tecnologica-en-rosario-1C017FE97C24F04561373E686DCF3405#lc=ListOffers-Score3-10,Ingeniero de Datos,computrabajo,2026-09-04T19:04:39.326444,,,,
264b8ad8857739b1,Ingeniero de Optimización CentralizadaPostuladoVista,N/A,Argentina,,N/A,https://www.computrabajo.com.ar/ofertas-de-trabajo/oferta-de-trabajo-de-ingeniero-de-optimizacion-centralizada-en-cordoba-43D490075525138161373E686DCF3405#lc=ListOffers-Score3-11,Ingeniero de Datos,computrabajo,2026-09-04T19:04:39.327476,,,Presencial y remoto,
dd897b0609ce817f,Personal operativo Rubro Minero SAN JUANPostuladoVista,N/A,Argentina,,N/A,https://www.computrabajo.com.ar/ofertas-de-trabajo/oferta-de-trabajo-de-personal-operativo-rubro-minero-san-juan-en-san-juan-1C0332E86CCE79C161373E686DCF3405#lc=ListOffers-Score3-12,Ingeniero de Datos,computrabajo,2026-09-04T19:04:39.328174,,,,
a85de1b149c38855,Analista Funcional PeajesPostuladoVista,N/A,Argentina,,N/A,https://www.computrabajo.com.ar/ofertas-de-trabajo/oferta-de-trabajo-de-analista-funcional-peajes-en-retiro-EEF779DFDE5DB46D61373E686DCF3405#lc=ListOffers-Score3-13,Ingeniero de Datos,computrabajo,2026-09-04T19:04:39.328982,,,Presencial y remoto,
b2abee0fa0b6d5f4,Ingeniero Mecánico ó Electro Mecanico /  Conocimiento en  CarrozadoPostuladoVista,N/A,Argentina,,N/A,https://www.computrabajo.com.ar/ofertas-de-trabajo/oferta-de-trabajo-de-ingeniero-mecanico-o-electro-mecanico--conocimiento-en-carrozado-en-cordoba-8852F46632D4FF4161373E686DCF3405#lc=ListOffers-Score3-14,Ingeniero de Datos,computrabajo,2026-09-04T19:04:39.329674,,,,
2e06b497625f63ec,Técnico ley de fachadaPostuladoVista,N/A,Argentina,,N/A,https://www.computrabajo.com.ar/ofertas-de-trabajo/oferta-de-trabajo-de-tecnico-ley-de-fachada-en-belgrano-23E0644DEEAFBA5361373E686DCF3405#lc=ListOffers-Score3-15,Ingeniero de Datos,computrabajo,2026-09-04T19:04:39.330472,,,,
200a280e9b3acaed,Arquitecto de Soluciones (Ingeniero en Sistemas)PostuladoVista,N/A,Argentina,,N/A,https://www.computrabajo.com.ar/ofertas-de-trabajo/oferta-de-trabajo-de-arquitecto-de-soluciones-ingeniero-en-sistemas-en-caseros-7616173EC372238061373E686DCF3405#lc=ListOffers-Score3-16,Ingeniero de Datos,computrabajo,2026-09-04T19:04:39.331157,,,,
0fe72a9964d0f66b,Dibujante ProyectistaPostuladoVista,N/A,Argentina,,N/A,https://www.computrabajo.com.ar/ofertas-de-trabajo/oferta-de-trabajo-de-dibujante-proyectista-zona-platanos-en-platanos-F20D37AD8C8E26D861373E686DCF3405#lc=ListOffers-Score3-17,Ingeniero de Datos,computrabajo,2026-09-04T19:04:39.331982,,,,
e52ca86ec898dbce,Búsqueda de Técnico Instalador de Sistema de Telemática en vehículosPostuladoVista,N/A,Argentina,,N/A,https://www.computrabajo.com.ar/ofertas-de-trabajo/oferta-de-trabajo-de-busqueda-de-tecnico-instalador-de-sistema-de-telematica-en-vehiculos-caba-y-amba-l-equipos-de-rastreo-satelital-camaras-inteligentes-accesorios-en-avellaneda-34A2CAC9C7EDFDC161373E686DCF3405#lc=ListOffers-Score3-18,Ingeniero de Datos,computrabajo,2026-09-04T19:04:39.332717,,,,
d06ef51c48def8cc,Planner de mantenimientoPostuladoVista,N/A,Argentina,,N/A,https://www.computrabajo.com.ar/ofertas-de-trabajo/oferta-de-trabajo-de-planner-de-mantenimiento-en-retiro-E9A949B2C3CF8A1861373E686DCF3405#lc=ListOffers-Score3-19,Ingeniero de Datos,computrabajo,2026-09-04T19:04:39.333466,,,,
603dabce9c803a44,"Proyectista Mecánico, Hormigón y Estructuras Metalicas / Parque Industrial Platanos, CABA Ref: 21465PostuladoVista",N/A,Argentina,,N/A,https://www.computrabajo.com.ar/ofertas-de-trabajo/oferta-de-trabajo-de-proyectista-mecanico-hormigon-y-estructuras-metalicas-parque-industrial-platanos-caba-ref-21465-adn-recursos-humanos-en-berazategui-E24187E0E584F47961373E686DCF3405#lc=ListOffers-Score3-0,Ingeniero de Datos,computrabajo,2026-09-04T19:06:22.430714,,,,
2e143d30d7086d80,Ref. 20831: Implementador de sistema / Líder de proyectos / Don TorcuatoPostuladoVista,N/A,Argentina,,N/A,https://www.computrabajo.com.ar/ofertas-de-trabajo/oferta-de-trabajo-de-ref-20831-implementador-de-sistema-lider-de-proyectos-don-torcuato-tigre-prov-bs-as--2-vacantes-en-tigre-EC6ACFE19C1994F061373E686DCF3405#lc=ListOffers-Score3-1,Ingeniero de Datos,computrabajo,2026-09-04T19:06:22.431259,,,Presencial y remoto,
3f320958bb3cbfb3,Senior Datastage Consultant ETL Ingeniero SoportePostuladoVista,N/A,Argentina,,N/A,https://www.computrabajo.com.ar/ofertas-de-trabajo/oferta-de-trabajo-de-senior-datastage-consultant-etl-ingeniero-soporte-importante-empresa-de-tecnologia-en-san-nicolas-50F099F0B974135861373E686DCF3405#lc=ListOffers-Score3-2,Ingeniero de Datos,computrabajo,2026-09-04T19:06:22.431989,,,Presencial y remoto,
30e30d5c30e8a935,Ingeniero de Costos IndustrialesPostuladoVista,N/A,Argentina,,N/A,https://www.computrabajo.com.ar/ofertas-de-trabajo/oferta-de-trabajo-de-ingeniero-de-costos-industriales-ingeniero-industrial-en-cordoba-2330150213C0AC2A61373E686DCF3405#lc=ListOffers-Score3-3,Ingeniero de Datos,computrabajo,2026-09-04T19:06:22.432518,,,,
bb3e680c9e13f66b,Ingeniero logísticoPostuladoVista,N/A,Argentina,,N/A,https://www.computrabajo.com.ar/ofertas-de-trabajo/oferta-de-trabajo-de-ingeniero-logistico-startup-de-area-en-haedo-CCB971A1BE30EFB761373E686DCF3405#lc=ListOffers-Score3-4,Ingeniero de Datos,computrabajo,2026-09-04T19:06:22.433027,,,Presencial y remoto,
994d7944307c6322,Responsable de Mantenimiento de Maquinaria AgrícolaPostuladoVista,N/A,Argentina,,N/A,https://www.computrabajo.com.ar/ofertas-de-trabajo/oferta-de-trabajo-de-responsable-de-mantenimiento-de-maquinaria-agricola-en-mercedes-F8A992A624B5A83461373E686DCF3405#lc=ListOffers-Score3-5,Ingeniero de Datos,computrabajo,2026-09-04T19:06:22.433540,,,,
efec338213e63de0,Ingeniero en ConfiabilidadPostuladoVista,N/A,Argentina,,N/A,https://www.computrabajo.com.ar/ofertas-de-trabajo/oferta-de-trabajo-de-ingeniero-en-confiabilidad-mantenimiento-en-pilar-FBA5F75C9FEDD2E461373E686DCF3405#lc=ListOffers-Score3-6,Ingeniero de Datos,computrabajo,2026-09-04T19:06:22.433933,,,,
f31ed7a98f164630,Ingeniero/a de Desarrollo de Software IBM Informix  (SemiSenior/Senior)PostuladoVista,N/A,Argentina,,N/A,https://www.computrabajo.com.ar/ofertas-de-trabajo/oferta-de-trabajo-de-ingenieroa-de-desarrollo-de-software-ibm-informix-semiseniorsenior-en-san-nicolas-D8303C4295CA95E661373E686DCF3405#lc=ListOffers-Score3-7,Ingeniero de Datos,computrabajo,2026-09-04T19:06:22.434437,,,Remoto,
8f54638a978ba619,Tecnico de Procesos Industria LacteaPostuladoVista,N/A,Argentina,,N/A,https://www.computrabajo.com.ar/ofertas-de-trabajo/oferta-de-trabajo-de-tecnico-de-procesos-industria-lactea-en-rio-cuarto-1F3557E61898B7FD61373E686DCF3405#lc=ListOffers-Score3-8,Ingeniero de Datos,computrabajo,2026-09-04T19:06:22.434884,,,,
643ba0e38e770c01,Ref. 20831: Implementador de sistema / Líder de proyectos / Don TorcuatoPostuladoVista,N/A,Argentina,,N/A,https://www.computrabajo.com.ar/ofertas-de-trabajo/oferta-de-trabajo-de-ref-20831-implementador-de-sistema-lider-de-proyectos-don-torcuato-tigre-prov-bs-as--2-vacantes-en-tigre-3FA43F7C838C2AC361373E686DCF3405#lc=ListOffers-Score3-9,Ingeniero de Datos,computrabajo,2026-09-04T19:06:22.435403,,,Presencial y remoto,
bf3c6ef9b352536c,Ingeniero/a ambientalPostuladoVista,N/A,Argentina,,N/A,https://www.computrabajo.com.ar/ofertas-de-trabajo/oferta-de-trabajo-de-ingenieroa-ambiental-bahia-blanca-en-bahia-blanca-04B72D28E00F868561373E686DCF3405#lc=ListOffers-Score3-10,Ingeniero de Datos,computrabajo,2026-09-04T19:06:22.435866,,,,
dfc56bc57df628a2,Ingeniero/a de Perforación Direccional en NeuquénPostuladoVista,N/A,Argentina,,N/A,https://www.computrabajo.com.ar/ofertas-de-trabajo/oferta-de-trabajo-de-ingenieroa-de-perforacion-direccional-en-neuquen-en-neuquen-677C89200F4DE68461373E686DCF3405#lc=ListOffers-Score3-11,Ingeniero de Datos,computrabajo,2026-09-04T19:06:22.436323,,,,
a8209a38e93aade9,ingeniero procesosPostuladoVista,N/A,Argentina,,N/A,https://www.computrabajo.com.ar/ofertas-de-trabajo/oferta-de-trabajo-de-ingeniero-procesos-parque-industrial-mar-del-platabatan-en-mar-del-plata-12748B2CF9F7820461373E686DCF3405#lc=ListOffers-Score3-12,Ingeniero de Datos,computrabajo,2026-09-04T19:06:22.436772,,,,
b30a834735880945,Ingeniero en TelecomunicacionesPostuladoVista,N/A,Argentina,,N/A,https://www.computrabajo.com.ar/ofertas-de-trabajo/oferta-de-trabajo-de-ingeniero-en-telecomunicaciones-en-san-salvador-de-jujuy-64CBF0F5EAB06FD961373E686DCF3405#lc=ListOffers-Score3-13,Ingeniero de Datos,computrabajo,2026-09-04T19:06:22.437158,,,,
cba59ed077e2c847,Lider de Aseguramiento de la CalidadPostuladoVista,N/A,Argentina,,N/A,https://www.computrabajo.com.ar/ofertas-de-trabajo/oferta-de-trabajo-de-lider-de-aseguramiento-de-la-calidad-en-gral-las-heras-DF9B0E8C2E8C24A561373E686DCF3405#lc=ListOffers-Score3-14,Ingeniero de Datos,computrabajo,2026-09-04T19:06:22.437635,,,,
7a46fd19d8c0da66,Ingeniero Analista de Soporte de Ventas TecnicasPostuladoVista,N/A,Argentina,,N/A,https://www.computrabajo.com.ar/ofertas-de-trabajo/oferta-de-trabajo-de-ingeniero-analista-de-soporte-de-ventas-tecnicas-eventual-caba-en-san-telmo-47AD56B740C6F13B61373E686DCF3405#lc=ListOffers-Score3-15,Ingeniero de Datos,computrabajo,2026-09-04T19:06:22.438089,,,,
139c1118751c084f,Ingeniero/a de Procesos SrPostuladoVista,N/A,Argentina,,N/A,https://www.computrabajo.com.ar/ofertas-de-trabajo/oferta-de-trabajo-de-ingenieroa-de-procesos-sr-en-esperanza-59B06497F225A7F761373E686DCF3405#lc=ListOffers-Score3-16,Ingeniero de Datos,computrabajo,2026-09-04T19:06:22.438586,,,Remoto,
0158b1838a6d69f5,Pañolero Zona Florencio VarelaPostuladoVista,N/A,Argentina,,N/A,https://www.computrabajo.com.ar/ofertas-de-trabajo/oferta-de-trabajo-de-panolero-zona-florencio-varela-en-florencio-varela-4F59C141E62B856061373E686DCF3405#lc=ListOffers-Score3-17,Ingeniero de Datos,computrabajo,2026-09-04T19:06:22.439042,,,,
178dbd3f4e50943e,Asesor Comercial AgronegociosPostuladoVista,N/A,Argentina,,N/A,https://www.computrabajo.com.ar/ofertas-de-trabajo/oferta-de-trabajo-de-asesor-comercial-agronegocios-la-plata-o-alrededores-en-la-plata-50DB0B5E43E285CC61373E686DCF3405#lc=ListOffers-Score3-18,Ingeniero de Datos,computrabajo,2026-09-04T19:06:22.439483,,,,
d477f198a449a05d,Ingeniero de CalidadPostuladoVista,N/A,Argentina,,N/A,https://www.computrabajo.com.ar/ofertas-de-trabajo/oferta-de-trabajo-de-ingeniero-de-calidad-responsable-del-area-en-ezeiza-2986897E96D0F43A61373E686DCF3405#lc=ListOffers-Score3-19,Ingeniero de Datos,computrabajo,2026-09-04T19:06:22.439972,,,,
c66389b832e05dc1,Supervisor/a de Mantenimiento de Refrigeración Industrial (Amoníaco) (req205063) PermanentePostuladoVista,N/A,Argentina,,N/A,https://www.computrabajo.com.ar/ofertas-de-trabajo/oferta-de-trabajo-de-supervisora-de-mantenimiento-de-refrigeracion-industrial-amoniaco-req205063-permanente-en-lujan-187C0F1D061603D761373E686DCF3405#lc=ListOffers-Score3-0,Ingeniero de Datos,computrabajo,2026-09-04T19:08:06.228727,,,,
8362c4f09fe44d6a,Ingeniera AmbientalPostuladoVista,N/A,Argentina,,N/A,https://www.computrabajo.com.ar/ofertas-de-trabajo/oferta-de-trabajo-de-ingeniera-ambiental-en-florencio-varela-324313700266437861373E686DCF3405#lc=ListOffers-Score3-1,Ingeniero de Datos,computrabajo,2026-09-04T19:08:06.229195,,,,
ca4e08ddd7b29b14,Proyectista Eléctrico e InstrumentaciónPostuladoVista,N/A,Argentina,,N/A,https://www.computrabajo.com.ar/ofertas-de-trabajo/oferta-de-trabajo-de-proyectista-electrico-e-instrumentacion-ingeniero-semi-senior-en-rosario-91BABE0997FE22EA61373E686DCF3405#lc=ListOffers-Score3-2,Ingeniero de Datos,computrabajo,2026-09-04T19:08:06.229626,,,,
3daec594b71c3eeb,Ingeniero mecánico de campoPostuladoVista,N/A,Argentina,,N/A,https://www.computrabajo.com.ar/ofertas-de-trabajo/oferta-de-trabajo-de-ingeniero-mecanico-de-campo-en-argentina-CC4777D20E710A6B61373E686DCF3405#lc=ListOffers-Score3-3,Ingeniero de Datos,computrabajo,2026-09-04T19:08:06.230096,,,,
2e03726a899556d6,Ingeniero de proyectos y oficina tecnica Jr  req211236 permanentePostuladoVista,N/A,Argentina,,N/A,https://www.computrabajo.com.ar/ofertas-de-trabajo/oferta-de-trabajo-de-ingeniero-de-proyectos-y-oficina-tecnica-jr-req211236-permanente-en-godoy-cruz-B20DE343164FC00C61373E686DCF3405#lc=ListOffers-Score3-4,Ingeniero de Datos,computrabajo,2026-09-04T19:08:06.230593,,,,
c2fd96550b7a8253,Ref. 20831: Implementador de sistema / Líder de proyectos / Don TorcuatoPostuladoVista,N/A,Argentina,,N/A,https://www.computrabajo.com.ar/ofertas-de-trabajo/oferta-de-trabajo-de-ref-20831-implementador-de-sistema-lider-de-proyectos-don-torcuato-tigre-prov-bs-as--2-vacantes-en-tigre-6977B302B4CD951561373E686DCF3405#lc=ListOffers-Score3-5,Ingeniero de Datos,computrabajo,2026-09-04T19:08:06.231112,,,Presencial y remoto,
42f2ae867046a633,Ingeniero/Lic. Quimico o IndustrialPostuladoVista,N/A,Argentina,,N/A,https://www.computrabajo.com.ar/ofertas-de-trabajo/oferta-de-trabajo-de-vendedor-tecnico-ssr-cordoba-viajante-en-cordoba-7ACAED31A853BCF461373E686DCF3405#lc=ListOffers-Score3-6,Ingeniero de Datos,computrabajo,2026-09-04T19:08:06.231580,,,Remoto,
497056a2ef36d107,Desarrollador Senior NoSQLPostuladoVista,N/A,Argentina,,N/A,https://www.computrabajo.com.ar/ofertas-de-trabajo/oferta-de-trabajo-de-desarrollador-senior-nosql-mongodb-backend-c-en-villa-crespo-5C58C514E05320E961373E686DCF3405#lc=ListOffers-Score3-7,Ingeniero de Datos,computrabajo,2026-09-04T19:08:06.232015,,,Presencial y remoto,
e592d4c1ceb938aa,Ref. 20831: Implementador de sistema / Líder de proyectos / Don TorcuatoPostuladoVista,N/A,Argentina,,N/A,https://www.computrabajo.com.ar/ofertas-de-trabajo/oferta-de-trabajo-de-ref-20831-implementador-de-sistema-lider-de-proyectos-don-torcuato-tigre-prov-bs-as--2-vacantes-en-tigre-A76F79E5EE6966FD61373E686DCF3405#lc=ListOffers-Score3-8,Ingeniero de Datos,computrabajo,2026-09-04T19:08:06.232536,,,Presencial y remoto,
82ec2354ae09d4d9,Gerente de Producción Multi CampoPostuladoVista,N/A,Argentina,,N/A,https://www.computrabajo.com.ar/ofertas-de-trabajo/oferta-de-trabajo-de-gerente-de-produccion-multi-campo-terra-ghio-en-corral-de-bustos-62FC95BAEFB0F11261373E686DCF3405#lc=ListOffers-Score3-9,Ingeniero de Datos,computrabajo,2026-09-04T19:08:06.232997,,,Presencial y remoto,
ec4e49535ccf96a5,Auxiliar de cómputosPostuladoVista,N/A,Argentina,,N/A,https://www.computrabajo.com.ar/ofertas-de-trabajo/oferta-de-trabajo-de-auxiliar-de-computos-con-experiencia-en-cordoba-7FF6BB7B806158B761373E686DCF3405#lc=ListOffers-Score3-10,Ingeniero de Datos,computrabajo,2026-09-04T19:08:06.233427,,,,
d5b6886bcb31c076,Ingeniero de Optimización CentralizadaPostuladoVista,N/A,Argentina,,N/A,https://www.computrabajo.com.ar/ofertas-de-trabajo/oferta-de-trabajo-de-ingeniero-de-optimizacion-centralizada-telecomunicaciones-cordoba-en-cordoba-845C0B51F45C35C661373E686DCF3405#lc=ListOffers-Score3-11,Ingeniero de Datos,computrabajo,2026-09-04T19:08:06.233889,,,Presencial y remoto,
146b8de872482872,jefe producciónPostuladoVista,N/A,Argentina,,N/A,https://www.computrabajo.com.ar/ofertas-de-trabajo/oferta-de-trabajo-de-jefe-produccion-gualeguaychu-en-gualeguaychu-1A11CE351635ED6661373E686DCF3405#lc=ListOffers-Score3-12,Ingeniero de Datos,computrabajo,2026-09-04T19:08:06.234283,,,,
30c729ab7fa213b5,Ref. 20831: Implementador de sistema / Líder de proyectos / Don TorcuatoPostuladoVista,N/A,Argentina,,N/A,https://www.computrabajo.com.ar/ofertas-de-trabajo/oferta-de-trabajo-de-ref-20831-implementador-de-sistema-lider-de-proyectos-don-torcuato-tigre-prov-bs-as--2-vacantes-en-tigre-F5FFB7613D1EB83861373E686DCF3405#lc=ListOffers-Score3-13,Ingeniero de Datos,computrabajo,2026-09-04T19:08:06.234800,,,Presencial y remoto,
b7e648b3f3d4217d,Ref. 21369: Delivery / DevOps Engineer / Híbrido Olivos Prov. Bs AsPostuladoVista,N/A,Argentina,,N/A,https://www.computrabajo.com.ar/ofertas-de-trabajo/oferta-de-trabajo-de-ref-21369-delivery-devops-engineer-hibrido-olivos-prov-bs-as-en-olivos-45135781D527FE2261373E686DCF3405#lc=ListOffers-Score0-14,Ingeniero de Datos,computrabajo,2026-09-04T19:08:06.235312,,,Presencial y remoto,
74dddbe76f75c016,Ingeniero/a para Calidad y Mejora Continua Pyme IndustrialPostuladoVista,N/A,Argentina,,N/A,https://www.computrabajo.com.ar/ofertas-de-trabajo/oferta-de-trabajo-de-ingenieroa-para-calidad-y-mejora-continua-pyme-industrial-full-time-malagueno-en-cordoba-326C97CD74300CB461373E686DCF3405#lc=ListOffers-Score0-15,Ingeniero de Datos,computrabajo,2026-09-04T19:08:06.235725,,,,
82ea3ea71e54c858,"Técnico de Datos en Geología, Geofísica y Reservorios/IngenieríaPostuladoVista",N/A,Argentina,,N/A,https://www.computrabajo.com.ar/ofertas-de-trabajo/oferta-de-trabajo-de-tecnico-de-datos-en-geologia-geofisica-y-reservoriosingenieria-en-retiro-66EC4D33AD76AEB961373E686DCF3405#lc=ListOffers-Score0-16,Ingeniero de Datos,computrabajo,2026-09-04T19:08:06.236109,,,,
788467daa95f12dc,ML / AI Engineer // Proyectos BancariosPostuladoVista,N/A,Argentina,,N/A,https://www.computrabajo.com.ar/ofertas-de-trabajo/oferta-de-trabajo-de-ml-ai-engineer-proyectos-bancarios-remoto-para-residentes-en-argentina-en-monserrat-B4D6A5C13906829B61373E686DCF3405#lc=ListOffers-Score0-17,Ingeniero de Datos,computrabajo,2026-09-04T19:08:06.236584,,,Remoto,
8590ce827f94caf6,Analista ingeniera de procesosPostuladoVista,N/A,Argentina,,N/A,https://www.computrabajo.com.ar/ofertas-de-trabajo/oferta-de-trabajo-de-analista-ingeniera-de-procesos-en-rosario-77146B432467EDCF61373E686DCF3405#lc=ListOffers-Score0-18,Ingeniero de Datos,computrabajo,2026-09-04T19:08:06.237033,,,,
c11cd000a998d2a0,Técnico Químico  Florencio VarelaPostuladoVista,N/A,Argentina,,N/A,https://www.computrabajo.com.ar/ofertas-de-trabajo/oferta-de-trabajo-de-tecnico-quimico-florencio-varela-en-florencio-varela-CFF7789E4E4EDBE361373E686DCF3405#lc=ListOffers-Score0-19,Ingeniero de Datos,computrabajo,2026-09-04T19:08:06.237467,,,,
3248ff9037b73cd1,Analista senior de ingeniería y procesosPostuladoVista,N/A,Argentina,,N/A,https://www.computrabajo.com.ar/ofertas-de-trabajo/oferta-de-trabajo-de-analista-senior-de-ingenieria-y-procesos-en-villa-mercedes-2522080FC289600961373E686DCF3405#lc=ListOffers-Score0-0,Ingeniero de Datos,computrabajo,2026-09-04T19:09:52.014424,,,,
c67829bc6c77973a,Estudiantes avanzados/graduados de Ingeniería EléctricaPostuladoVista,N/A,Argentina,,N/A,https://www.computrabajo.com.ar/ofertas-de-trabajo/oferta-de-trabajo-de-estudiantes-avanzadosgraduados-de-ingenieria-electrica-en-retiro-8E3DEEC63A253F0F61373E686DCF3405#lc=ListOffers-Score0-1,Ingeniero de Datos,computrabajo,2026-09-04T19:09:52.014892,,,,
96bf3afe8419a196,Ref. 21402: DevOps EngineerPostuladoVista,N/A,Argentina,,N/A,https://www.computrabajo.com.ar/ofertas-de-trabajo/oferta-de-trabajo-de-ref-21402-devops-engineer-hibrido-olivos-prov-bs-as-en-olivos-BCAFFC082E87A6C161373E686DCF3405#lc=ListOffers-Score0-2,Ingeniero de Datos,computrabajo,2026-09-04T19:09:52.015403,,,Presencial y remoto,
f145b1f68a9b24a0,Ref. 21402: DevOps Engineer / Híbrido Olivos Prov. Bs AsPostuladoVista,N/A,Argentina,,N/A,https://www.computrabajo.com.ar/ofertas-de-trabajo/oferta-de-trabajo-de-ref-21402-devops-engineer-hibrido-olivos-prov-bs-as-en-olivos-C48802675E65A93F61373E686DCF3405#lc=ListOffers-Score0-3,Ingeniero de Datos,computrabajo,2026-09-04T19:09:52.015929,,,Presencial y remoto,
f858adcd4d07cf7d,ML / AI Engineer // Proyectos BancariosPostuladoVista,N/A,Argentina,,N/A,https://www.computrabajo.com.ar/ofertas-de-trabajo/oferta-de-trabajo-de-ml-ai-engineer-proyectos-bancarios-remoto-para-residentes-en-argentina-en-monserrat-D1298459F2B7970D61373E686DCF3405#lc=ListOffers-Score0-4,Ingeniero de Datos,computrabajo,2026-09-04T19:09:52.016397,,,Remoto,
513670c521fb00f3,Ing. en administración de fibra óptica (Monserrat)PostuladoVista,N/A,Argentina,,N/A,https://www.computrabajo.com.ar/ofertas-de-trabajo/oferta-de-trabajo-de-ing-en-administracion-de-fibra-optica-monserrat-en-monserrat-6F5D21089DA9811661373E686DCF3405#lc=ListOffers-Score0-5,Ingeniero de Datos,computrabajo,2026-09-04T19:09:52.016898,,,,
4e348da1853149cf,Analista de Microbiología (req210730) EventualPostuladoVista,N/A,Argentina,,N/A,https://www.computrabajo.com.ar/ofertas-de-trabajo/oferta-de-trabajo-de-analista-de-microbiologia-req210730-eventual-en-olivos-53DF715C05C23DA461373E686DCF3405#lc=ListOffers-Score0-6,Ingeniero de Datos,computrabajo,2026-09-04T19:09:52.017382,,,,
3e622874f3310aaa,24OE / Proyectista De Ingeniería De Diseño Y Costos / Industriales Y Modelado 3d / Zona El TalarPostuladoVista,N/A,Argentina,,N/A,https://www.computrabajo.com.ar/ofertas-de-trabajo/oferta-de-trabajo-de-24oe-proyectista-de-ingenieria-de-diseno-y-costos-industriales-y-modelado-3d-zona-el-talar-en-belgrano-9681FB1C4CDD44DF61373E686DCF3405#lc=ListOffers-Score0-7,Ingeniero de Datos,computrabajo,2026-09-04T19:09:52.017837,,,,
88540fa1a83f290f,Ref. 21369: Lider DevOps Engineer / Híbrido Olivos Prov. Bs AsPostuladoVista,N/A,Argentina,,N/A,https://www.computrabajo.com.ar/ofertas-de-trabajo/oferta-de-trabajo-de-ref-21369-lider-devops-engineer-hibrido-olivos-prov-bs-as-en-olivos-44648A7D1842B98261373E686DCF3405#lc=ListOffers-Score0-8,Ingeniero de Datos,computrabajo,2026-09-04T19:09:52.018349,,,Presencial y remoto,
74d5af990b819708,ML / AI Engineer // Proyectos BancariosPostuladoVista,N/A,Argentina,,N/A,https://www.computrabajo.com.ar/ofertas-de-trabajo/oferta-de-trabajo-de-ml-ai-engineer-proyectos-bancarios-remoto-para-residentes-en-argentina-en-monserrat-9E67083C93C7235761373E686DCF3405#lc=ListOffers-Score0-9,Ingeniero de Datos,computrabajo,2026-09-04T19:09:52.018831,,,Remoto,
7d545c36a2add916,AI Engineer o LMM Engineer ITPostuladoVista,N/A,Argentina,,N/A,https://www.computrabajo.com.ar/ofertas-de-trabajo/oferta-de-trabajo-de-ai-engineer-o-lmm-engineer-it-en-san-salvador-de-jujuy-D3DA51F4601A415D61373E686DCF3405#lc=ListOffers-Score0-10,Ingeniero de Datos,computrabajo,2026-09-04T19:09:52.019309,,,,
2e61596d1c363bfc,Ref. 21437: Devops EngineerPostuladoVista,N/A,Argentina,,N/A,https://www.computrabajo.com.ar/ofertas-de-trabajo/oferta-de-trabajo-de-ref-21437-devops-engineer-remoto-en-recoleta-A05A22691C2319C161373E686DCF3405#lc=ListOffers-Score0-11,Ingeniero de Datos,computrabajo,2026-09-04T19:09:52.019823,,,Remoto,
d5f0edb133aa28e1,ML / AI Engineer // Proyectos BancariosPostuladoVista,N/A,Argentina,,N/A,https://www.computrabajo.com.ar/ofertas-de-trabajo/oferta-de-trabajo-de-ml-ai-engineer-proyectos-bancarios-remoto-para-residentes-en-argentina-en-monserrat-2AD7BD04262CF76061373E686DCF3405#lc=ListOffers-Score0-12,Ingeniero de Datos,computrabajo,2026-09-04T19:09:52.020291,,,Remoto,
86c94a40ad1f7fc6,ML / AI Engineer // Proyectos BancariosPostuladoVista,N/A,Argentina,,N/A,https://www.computrabajo.com.ar/ofertas-de-trabajo/oferta-de-trabajo-de-ml-ai-engineer-proyectos-bancarios-remoto-para-residentes-en-argentina-en-monserrat-DEC6EEFF6904963961373E686DCF3405#lc=ListOffers-Score0-13,Ingeniero de Datos,computrabajo,2026-09-04T19:09:52.020764,,,Remoto,
e150cd3d0f688e2f,ML / AI Engineer // Proyectos BancariosPostuladoVista,N/A,Argentina,,N/A,https://www.computrabajo.com.ar/ofertas-de-trabajo/oferta-de-trabajo-de-ml-ai-engineer-proyectos-bancarios-remoto-para-residentes-en-argentina-en-monserrat-772D756C70E78CB861373E686DCF3405#lc=ListOffers-Score0-14,Ingeniero de Datos,computrabajo,2026-09-04T19:09:52.021231,,,Remoto,
ab06ad762d7dc667,Ref. 21369: Lider DevOps Engineer / Híbrido Olivos Prov. Bs AsPostuladoVista,N/A,Argentina,,N/A,https://www.computrabajo.com.ar/ofertas-de-trabajo/oferta-de-trabajo-de-ref-21369-lider-devops-engineer-hibrido-olivos-prov-bs-as-en-olivos-A0B0B179112CBEAA61373E686DCF3405#lc=ListOffers-Score0-15,Ingeniero de Datos,computrabajo,2026-09-04T19:09:52.021743,,,Presencial y remoto,
47572d770751086e,Analista de Procesos de PlantaPostuladoVista,N/A,Argentina,,N/A,https://www.computrabajo.com.ar/ofertas-de-trabajo/oferta-de-trabajo-de-analista-de-procesos-de-planta-mejora-continua-e-industrializacion-en-rosario-467985221AD0DFF761373E686DCF3405#lc=ListOffers-Score0-16,Ingeniero de Datos,computrabajo,2026-09-04T19:09:52.022189,,,,
566b6c97f1d050fe,Engineering Manager // Software FinancieroPostuladoVista,N/A,Argentina,,N/A,https://www.computrabajo.com.ar/ofertas-de-trabajo/oferta-de-trabajo-de-engineering-manager-software-financiero-remoto-para-residentes-en-argentina-en-monserrat-0074C08FABB3AB3161373E686DCF3405#lc=ListOffers-Score0-17,Ingeniero de Datos,computrabajo,2026-09-04T19:09:52.022660,,,Remoto,
690a361c3d45f088,Engineering Manager // Software FinancieroPostuladoVista,N/A,Argentina,,N/A,https://www.computrabajo.com.ar/ofertas-de-trabajo/oferta-de-trabajo-de-engineering-manager-software-financiero-remoto-para-residentes-en-argentina-en-monserrat-D140E39CFB93C4BC61373E686DCF3405#lc=ListOffers-Score0-18,Ingeniero de Datos,computrabajo,2026-09-04T19:09:52.023132,,,Remoto,
0aea773d1b51e675,Ref. 21369: Delivery / DevOps Engineer / Híbrido Olivos Prov. Bs AsPostuladoVista,N/A,Argentina,,N/A,https://www.computrabajo.com.ar/ofertas-de-trabajo/oferta-de-trabajo-de-ref-21369-delivery-devops-engineer-hibrido-olivos-prov-bs-as-en-olivos-6F2AA8F4BF71EBD961373E686DCF3405#lc=ListOffers-Score0-19,Ingeniero de Datos,computrabajo,2026-09-04T19:09:52.023640,,,Presencial y remoto,
735016ac349402bc,Ingeniero/a para Calidad y Mejora Continua Pyme IndustrialPostuladoVista,N/A,Argentina,,N/A,https://www.computrabajo.com.ar/ofertas-de-trabajo/oferta-de-trabajo-de-ingenieroa-para-calidad-y-mejora-continua-pyme-industrial-full-time-malagueno-en-cordoba-769F97428F7A76B761373E686DCF3405#lc=ListOffers-Score0-0,Ingeniero de Datos,computrabajo,2026-09-04T19:11:43.370487,,,,
a2faf7e7d463d45b,"Graduados/as o estudiantes avanzados en Ingeniería Química, Industrial, Mecánica, ElectromecánicaPostuladoVista",N/A,Argentina,,N/A,https://www.computrabajo.com.ar/ofertas-de-trabajo/oferta-de-trabajo-de-graduadosas-o-estudiantes-avanzados-en-ingenieria-quimica-industrial-mecanica-electromecanica-en-alvarez-39C874CF7AB9192961373E686DCF3405#lc=ListOffers-Score0-1,Ingeniero de Datos,computrabajo,2026-09-04T19:11:43.370968,,,,
c08d0148f661f505,Ref. 21402: DevOps Engineer / Híbrido Olivos Prov. Bs AsPostuladoVista,N/A,Argentina,,N/A,https://www.computrabajo.com.ar/ofertas-de-trabajo/oferta-de-trabajo-de-ref-21402-devops-engineer-hibrido-olivos-prov-bs-as-en-olivos-2CA6E36ABB70E8AB61373E686DCF3405#lc=ListOffers-Score0-2,Ingeniero de Datos,computrabajo,2026-09-04T19:11:43.371528,,,Presencial y remoto,
a5a12f41bf7ec104,ML / AI Engineer // Proyectos BancariosPostuladoVista,N/A,Argentina,,N/A,https://www.computrabajo.com.ar/ofertas-de-trabajo/oferta-de-trabajo-de-ml-ai-engineer-proyectos-bancarios-remoto-para-residentes-en-argentina-en-monserrat-56C92C44F966ACE161373E686DCF3405#lc=ListOffers-Score0-3,Ingeniero de Datos,computrabajo,2026-09-04T19:11:43.372012,,,Remoto,
377b35e2a8c52565,Ref. 21369: Delivery / DevOps Engineer / Híbrido Olivos Prov. Bs AsPostuladoVista,N/A,Argentina,,N/A,https://www.computrabajo.com.ar/ofertas-de-trabajo/oferta-de-trabajo-de-ref-21369-delivery-devops-engineer-hibrido-olivos-prov-bs-as-en-olivos-1F324A65D7CE817261373E686DCF3405#lc=ListOffers-Score0-4,Ingeniero de Datos,computrabajo,2026-09-04T19:11:43.372536,,,Presencial y remoto,
14368e8c4b96abd2,24OE / Proyectista De Ingeniería De Diseño Y Costos / Industriales Y Modelado 3d / Zona El TalarPostuladoVista,N/A,Argentina,,N/A,https://www.computrabajo.com.ar/ofertas-de-trabajo/oferta-de-trabajo-de-24oe-proyectista-de-ingenieria-de-diseno-y-costos-industriales-y-modelado-3d-zona-el-talar-en-gral-pacheco-1F64E10EEEC5050361373E686DCF3405#lc=ListOffers-Score0-5,Ingeniero de Datos,computrabajo,2026-09-04T19:11:43.372995,,,,
9f9a45559acf2af9,24OE / Proyectista Ingeniero/a JR De Diseño Y Costos / Industriales Y Modelado 3d / Zona El TalarPostuladoVista,N/A,Argentina,,N/A,https://www.computrabajo.com.ar/ofertas-de-trabajo/oferta-de-trabajo-de-24oe-proyectista-ingenieroa-jr-de-diseno-y-costos-industriales-y-modelado-3d-zona-el-talar-en-gral-pacheco-62FEC0FA9D0120DF61373E686DCF3405#lc=ListOffers-Score0-6,Ingeniero de Datos,computrabajo,2026-09-04T19:11:43.373451,,,,
b0231c94f5922076,Ref. 21369: Lider DevOps Engineer / Híbrido Olivos Prov. Bs AsPostuladoVista,N/A,Argentina,,N/A,https://www.computrabajo.com.ar/ofertas-de-trabajo/oferta-de-trabajo-de-ref-21369-lider-devops-engineer-hibrido-olivos-prov-bs-as-en-olivos-1CE75A7E1D80E07761373E686DCF3405#lc=ListOffers-Score0-7,Ingeniero de Datos,computrabajo,2026-09-04T19:11:43.373979,,,Presencial y remoto,
2d6102bd563cb3d5,Ref. 21369: Delivery / DevOps Engineer / Híbrido Olivos Prov. Bs AsPostuladoVista,N/A,Argentina,,N/A,https://www.computrabajo.com.ar/ofertas-de-trabajo/oferta-de-trabajo-de-ref-21369-delivery-devops-engineer-hibrido-olivos-prov-bs-as-en-olivos-D29558ACCDE00B3E61373E686DCF3405#lc=ListOffers-Score0-8,Ingeniero de Datos,computrabajo,2026-09-04T19:11:43.374564,,,Presencial y remoto,
12dc9380cac4902f,ML / AI Engineer // Proyectos BancariosPostuladoVista,N/A,Argentina,,N/A,https://www.computrabajo.com.ar/ofertas-de-trabajo/oferta-de-trabajo-de-ml-ai-engineer-proyectos-bancarios-remoto-para-residentes-en-argentina-en-monserrat-194BDADB10A4A82161373E686DCF3405#lc=ListOffers-Score0-9,Ingeniero de Datos,computrabajo,2026-09-04T19:11:43.375382,,,Remoto,
3a8852876de06a2d,DBA SQL semisenior/seniorPostuladoVista,N/A,Argentina,,N/A,https://www.computrabajo.com.ar/ofertas-de-trabajo/oferta-de-trabajo-de-dba-sql-semiseniorsenior-en-san-nicolas-5A9E2BCA32112B9C61373E686DCF3405#lc=ListOffers-Score0-10,Ingeniero de Datos,computrabajo,2026-09-04T19:11:43.376078,,,Presencial y remoto,
312b67321fd1aae2,Senior Python EngineerPostuladoVista,N/A,Argentina,,N/A,https://www.computrabajo.com.ar/ofertas-de-trabajo/oferta-de-trabajo-de-senior-python-engineer-en-retiro-F5A35EBD0F7AFE7B61373E686DCF3405#lc=ListOffers-Score0-11,Ingeniero de Datos,computrabajo,2026-09-04T19:11:43.376843,,,Remoto,
e0c77e9f59039a3f,Ref. 21437: Devops EngineerPostuladoVista,N/A,Argentina,,N/A,https://www.computrabajo.com.ar/ofertas-de-trabajo/oferta-de-trabajo-de-ref-21437-devops-engineer-remoto-en-recoleta-E1F61FC6555F810E61373E686DCF3405#lc=ListOffers-Score0-12,Ingeniero de Datos,computrabajo,2026-09-04T19:11:43.377376,,,Remoto,
ded6e346347650b0,Ref. 21402: DevOps EngineerPostuladoVista,N/A,Argentina,,N/A,https://www.computrabajo.com.ar/ofertas-de-trabajo/oferta-de-trabajo-de-ref-21402-devops-engineer-hibrido-olivos-prov-bs-as-en-olivos-0D8ABD1AE5599D9B61373E686DCF3405#lc=ListOffers-Score0-13,Ingeniero de Datos,computrabajo,2026-09-04T19:11:43.377910,,,Presencial y remoto,
de9a9cc20d43e2d8,Engineering Manager // Software FinancieroPostuladoVista,N/A,Argentina,,N/A,https://www.computrabajo.com.ar/ofertas-de-trabajo/oferta-de-trabajo-de-engineering-manager-software-financiero-remoto-para-residentes-en-argentina-en-monserrat-ECE6C3F17A1B0DB461373E686DCF3405#lc=ListOffers-Score0-14,Ingeniero de Datos,computrabajo,2026-09-04T19:11:43.378394,,,Remoto,
64a1f208e4209aea,DevOpsPostuladoVista,N/A,Argentina,,N/A,https://www.computrabajo.com.ar/ofertas-de-trabajo/oferta-de-trabajo-de-devops-semisenior-en-rosario-A3A5FF38BA04DBBF61373E686DCF3405#lc=ListOffers-Score0-15,Ingeniero de Datos,computrabajo,2026-09-04T19:11:43.379172,,,Presencial y remoto,
9e91de046f38fd8d,Ingeniero/a de Integridad EventualPostuladoVista,N/A,Argentina,,N/A,https://www.computrabajo.com.ar/ofertas-de-trabajo/oferta-de-trabajo-de-ingenieroa-de-integridad-eventual-en-neuquen-7F2E8212B3232E6361373E686DCF3405#lc=ListOffers-Score0-16,Ingeniero de Datos,computrabajo,2026-09-04T19:11:43.379731,,,Presencial y remoto,
7fcadc397c1fa3c5,ML / AI Engineer // Proyectos BancariosPostuladoVista,N/A,Argentina,,N/A,https://www.computrabajo.com.ar/ofertas-de-trabajo/oferta-de-trabajo-de-ml-ai-engineer-proyectos-bancarios-remoto-para-residentes-en-argentina-en-monserrat-5CCFA26235608E6261373E686DCF3405#lc=ListOffers-Score0-17,Ingeniero de Datos,computrabajo,2026-09-04T19:11:43.380219,,,Remoto,
9af3133b0e87b820,Ref. 21437: DevOps Engineer / Remoto ArgentinaPostuladoVista,N/A,Argentina,,N/A,https://www.computrabajo.com.ar/ofertas-de-trabajo/oferta-de-trabajo-de-ref-21437-devops-engineer-remoto-argentina-en-recoleta-2872618996050D6061373E686DCF3405#lc=ListOffers-Score0-18,Ingeniero de Datos,computrabajo,2026-09-04T19:11:43.380755,,,Remoto,
ae6e248ecdd131f9,Ingeniero/a Agronómo/a para San FranciscoPostuladoVista,N/A,Argentina,,N/A,https://www.computrabajo.com.ar/ofertas-de-trabajo/oferta-de-trabajo-de-ingenieroa-agronomoa-para-san-francisco-corteva-seeds-en-cordoba-657DA669712BD5D961373E686DCF3405#lc=ListOffers-Score0-19,Ingeniero de Datos,computrabajo,2026-09-04T19:11:43.381159,,,,
c268d96640636ac9,Inspector/a de calidadPostuladoVista,N/A,Argentina,,N/A,https://www.computrabajo.com.ar/ofertas-de-trabajo/oferta-de-trabajo-de-inspectora-de-calidad-rosario-santa-fe-en-rosario-2ADE8F1EC8396C3461373E686DCF3405#lc=ListOffers-Score0-0,Data Scientist,computrabajo,2026-09-04T23:47:30.526963,,,,
4aef2d9b6afae6bf,Analista de calidad / Call CenterPostuladoVista,N/A,Argentina,,N/A,https://www.computrabajo.com.ar/ofertas-de-trabajo/oferta-de-trabajo-de-analista-de-calidad-call-center-en-monserrat-D7D7C7BCC55591E861373E686DCF3405#lc=ListOffers-Score0-1,Data Scientist,computrabajo,2026-09-04T23:47:30.527438,,,,
c9bfaf0c2b40a200,Ref. 20597: Machine Learning IA EnginerrPostuladoVista,N/A,Argentina,,N/A,https://www.computrabajo.com.ar/ofertas-de-trabajo/oferta-de-trabajo-de-ref-20597-machine-learning-ia-enginerr-hibrido-caba-centro-en-recoleta-BB226451A2D3CB9A61373E686DCF3405#lc=ListOffers-Score4-0,Machine Learning Engineer,computrabajo,2026-09-04T23:47:56.011035,,,Presencial y remoto,
2ecc05f80851d862,"Especialista en IA Generativa, Prompt Engineering y RAG.PostuladoVista",N/A,Argentina,,N/A,https://www.computrabajo.com.ar/ofertas-de-trabajo/oferta-de-trabajo-de-especialista-en-ia-generativa-prompt-engineering-y-rag-sr-en-recoleta-E1DC6A76AD95D25B61373E686DCF3405#lc=ListOffers-Score3-1,Machine Learning Engineer,computrabajo,2026-09-04T23:47:56.011662,,,Presencial y remoto,
e7310b5594bdc274,Software ArchitectPostuladoVista,N/A,Argentina,,N/A,https://www.computrabajo.com.ar/ofertas-de-trabajo/oferta-de-trabajo-de-software-architect-especializado-en-nodejs-en-monserrat-174046D859AF3E0361373E686DCF3405#lc=ListOffers-Score3-2,Machine Learning Engineer,computrabajo,2026-09-04T23:47:56.012148,,,Presencial y remoto,
a856461a09ee285a,Data AnalystPostuladoVista,N/A,Argentina,,N/A,https://www.computrabajo.com.ar/ofertas-de-trabajo/oferta-de-trabajo-de-data-analyst-business-intelligence-en-cordoba-D5FB77E61FCFB02B61373E686DCF3405#lc=ListOffers-Score3-3,Machine Learning Engineer,computrabajo,2026-09-04T23:47:56.012627,,,,
45129fdda008ed57,BI Data Analyst Junior (Permanente)PostuladoVista,N/A,Argentina,,N/A,https://www.computrabajo.com.ar/ofertas-de-trabajo/oferta-de-trabajo-de-bi-data-analyst-junior-permanente-en-quilmes-04DDBB8DE8ADD7F161373E686DCF3405#lc=ListOffers-Score3-4,Machine Learning Engineer,computrabajo,2026-09-04T23:47:56.013106,,,,
b7f4d5a76eadd278,Technical Product ManagerPostuladoVista,N/A,Argentina,,N/A,https://www.computrabajo.com.ar/ofertas-de-trabajo/oferta-de-trabajo-de-technical-product-manager-en-monserrat-BDC0BE215E19F2E761373E686DCF3405#lc=ListOffers-Score3-5,Machine Learning Engineer,computrabajo,2026-09-04T23:47:56.013583,,,Remoto,
187b5dc0a1acc0a1,Arquitecto de SoftwarePostuladoVista,N/A,Argentina,,N/A,https://www.computrabajo.com.ar/ofertas-de-trabajo/oferta-de-trabajo-de-arquitecto-de-software-especialista-en-nodejs-en-monserrat-7FF7B5EFC18F3B8161373E686DCF3405#lc=ListOffers-Score3-6,Machine Learning Engineer,computrabajo,2026-09-04T23:47:56.014057,,,Presencial y remoto,
5c0aece0a7a43fc0,Ingeniero/a de Desarrollo de Software IBM Informix  (SemiSenior/Senior)PostuladoVista,N/A,Argentina,,N/A,https://www.computrabajo.com.ar/ofertas-de-trabajo/oferta-de-trabajo-de-ingenieroa-de-desarrollo-de-software-ibm-informix-semiseniorsenior-en-san-nicolas-D8303C4295CA95E661373E686DCF3405#lc=ListOffers-Score4-0,Software Engineer,computrabajo,2026-09-04T23:48:54.927777,,,Remoto,
bb7e379ae55f7fb4,Ejecutivo de Ventas IT especializado en AWS Cloud // Multinacional Software FinancieroPostuladoVista,N/A,Argentina,,N/A,https://www.computrabajo.com.ar/ofertas-de-trabajo/oferta-de-trabajo-de-ejecutivo-de-ventas-it-especializado-en-aws-cloud-multinacional-software-financiero-hibrido-microcentro-caba-en-monserrat-F2296C2F4202ECEC61373E686DCF3405#lc=ListOffers-Score3-1,Software Engineer,computrabajo,2026-09-04T23:48:54.928262,,,Presencial y remoto,
46185eff381c4e7a,SRE / Líder Devops AWS // Multinacional de Software FinancieroPostuladoVista,N/A,Argentina,,N/A,https://www.computrabajo.com.ar/ofertas-de-trabajo/oferta-de-trabajo-de-sre-lider-devops-aws-multinacional-de-software-financiero-hibrido-microcentro-caba-en-monserrat-7F729A8E0F76B5D661373E686DCF3405#lc=ListOffers-Score3-2,Software Engineer,computrabajo,2026-09-04T23:48:54.928769,,,Presencial y remoto,
a4a1d342616fa9f2,Líder DevOps AWS // Multinacional de Software FinancieroPostuladoVista,N/A,Argentina,,N/A,https://www.computrabajo.com.ar/ofertas-de-trabajo/oferta-de-trabajo-de-lider-devops-aws-multinacional-de-software-financiero-hibrido-microcentro-caba-en-monserrat-CCB02E0202A4B45D61373E686DCF3405#lc=ListOffers-Score3-3,Software Engineer,computrabajo,2026-09-04T23:48:54.929243,,,Presencial y remoto,
0bfd123027669106,Líder DevOps AWS // Multinacional de Software FinancieroPostuladoVista,N/A,Argentina,,N/A,https://www.computrabajo.com.ar/ofertas-de-trabajo/oferta-de-trabajo-de-lider-devops-aws-multinacional-de-software-financiero-hibrido-microcentro-caba-en-monserrat-3F4CA06954D14EBF61373E686DCF3405#lc=ListOffers-Score3-4,Software Engineer,computrabajo,2026-09-04T23:48:54.929745,,,Presencial y remoto,
daa749518d615c63,Ejecutivo de Ventas IT especializado en AWS Cloud // Multinacional Software FinancieroPostuladoVista,N/A,Argentina,,N/A,https://www.computrabajo.com.ar/ofertas-de-trabajo/oferta-de-trabajo-de-ejecutivo-de-ventas-it-especializado-en-aws-cloud-multinacional-software-financiero-hibrido-microcentro-caba-en-monserrat-57A3B5F5DE187ABA61373E686DCF3405#lc=ListOffers-Score3-5,Software Engineer,computrabajo,2026-09-04T23:48:54.930243,,,Presencial y remoto,
b67a2168b300d2c7,ML / AI Engineer // Proyectos BancariosPostuladoVista,N/A,Argentina,,N/A,https://www.computrabajo.com.ar/ofertas-de-trabajo/oferta-de-trabajo-de-ml-ai-engineer-proyectos-bancarios-remoto-para-residentes-en-argentina-en-monserrat-B4D6A5C13906829B61373E686DCF3405#lc=ListOffers-Score3-6,Software Engineer,computrabajo,2026-09-04T23:48:54.930715,,,Remoto,
f7db271e1f09a2ac,Líder DevOps AWS // Multinacional de Software FinancieroPostuladoVista,N/A,Argentina,,N/A,https://www.computrabajo.com.ar/ofertas-de-trabajo/oferta-de-trabajo-de-lider-devops-aws-multinacional-de-software-financiero-hibrido-microcentro-caba-en-monserrat-3FC4EEA32F0A0A0461373E686DCF3405#lc=ListOffers-Score3-7,Software Engineer,computrabajo,2026-09-04T23:48:54.931184,,,Presencial y remoto,
c50de1901ef04d7c,Ingeniero/a de procesosPostuladoVista,N/A,Argentina,,N/A,https://www.computrabajo.com.ar/ofertas-de-trabajo/oferta-de-trabajo-de-ingenieroa-de-procesos-en-mte-maiz-20929FB7FBFECBE961373E686DCF3405#lc=ListOffers-Score3-8,Software Engineer,computrabajo,2026-09-04T23:48:54.931635,,,,
2dce5576801444aa,Ejecutivo de Ventas IT especializado en AWS Cloud // Multinacional Software FinancieroPostuladoVista,N/A,Argentina,,N/A,https://www.computrabajo.com.ar/ofertas-de-trabajo/oferta-de-trabajo-de-ejecutivo-de-ventas-it-especializado-en-aws-cloud-multinacional-software-financiero-hibrido-microcentro-caba-en-monserrat-9E8F942D8D4977B061373E686DCF3405#lc=ListOffers-Score3-9,Software Engineer,computrabajo,2026-09-04T23:48:54.932107,,,Presencial y remoto,
3b7dbb428fc097cb,SRE / Líder Devops AWS // Multinacional de Software FinancieroPostuladoVista,N/A,Argentina,,N/A,https://www.computrabajo.com.ar/ofertas-de-trabajo/oferta-de-trabajo-de-sre-lider-devops-aws-multinacional-de-software-financiero-hibrido-microcentro-caba-en-monserrat-D33B4F4AB23214AC61373E686DCF3405#lc=ListOffers-Score3-10,Software Engineer,computrabajo,2026-09-04T23:48:54.932613,,,Presencial y remoto,
42f0ed6b7124669e,SRE / Líder Devops AWS // Multinacional de Software FinancieroPostuladoVista,N/A,Argentina,,N/A,https://www.computrabajo.com.ar/ofertas-de-trabajo/oferta-de-trabajo-de-sre-lider-devops-aws-multinacional-de-software-financiero-hibrido-microcentro-caba-en-monserrat-73FCAD9DAB75E97F61373E686DCF3405#lc=ListOffers-Score3-11,Software Engineer,computrabajo,2026-09-04T23:48:54.933115,,,Presencial y remoto,
1190ff06956d189d,Ejecutivo de Ventas IT especializado en AWS Cloud // Multinacional Software FinancieroPostuladoVista,N/A,Argentina,,N/A,https://www.computrabajo.com.ar/ofertas-de-trabajo/oferta-de-trabajo-de-ejecutivo-de-ventas-it-especializado-en-aws-cloud-multinacional-software-financiero-hibrido-microcentro-caba-en-monserrat-152EE4D33CA2A6A861373E686DCF3405#lc=ListOffers-Score3-12,Software Engineer,computrabajo,2026-09-04T23:48:54.933592,,,Presencial y remoto,
21c92c7917940245,Líder DevOps AWS // Multinacional de Software FinancieroPostuladoVista,N/A,Argentina,,N/A,https://www.computrabajo.com.ar/ofertas-de-trabajo/oferta-de-trabajo-de-lider-devops-aws-multinacional-de-software-financiero-hibrido-microcentro-caba-en-monserrat-B8D0C8F7517A9D4861373E686DCF3405#lc=ListOffers-Score3-13,Software Engineer,computrabajo,2026-09-04T23:48:54.934066,,,Presencial y remoto,
0200592790778ee8,Ejecutivo de Ventas IT especializado en AWS Cloud // Multinacional Software FinancieroPostuladoVista,N/A,Argentina,,N/A,https://www.computrabajo.com.ar/ofertas-de-trabajo/oferta-de-trabajo-de-ejecutivo-de-ventas-it-especializado-en-aws-cloud-multinacional-software-financiero-hibrido-microcentro-caba-en-monserrat-5FA627B594023BE861373E686DCF3405#lc=ListOffers-Score3-14,Software Engineer,computrabajo,2026-09-04T23:48:54.934551,,,Presencial y remoto,
c9ea85045ea3ef00,ML / AI Engineer // Proyectos BancariosPostuladoVista,N/A,Argentina,,N/A,https://www.computrabajo.com.ar/ofertas-de-trabajo/oferta-de-trabajo-de-ml-ai-engineer-proyectos-bancarios-remoto-para-residentes-en-argentina-en-monserrat-D1298459F2B7970D61373E686DCF3405#lc=ListOffers-Score3-15,Software Engineer,computrabajo,2026-09-04T23:48:54.935024,,,Remoto,
eaf2e0618340ec51,SRE / Líder Devops AWS // Multinacional de Software FinancieroPostuladoVista,N/A,Argentina,,N/A,https://www.computrabajo.com.ar/ofertas-de-trabajo/oferta-de-trabajo-de-sre-lider-devops-aws-multinacional-de-software-financiero-hibrido-microcentro-caba-en-monserrat-184CD3C1AB23097E61373E686DCF3405#lc=ListOffers-Score3-16,Software Engineer,computrabajo,2026-09-04T23:48:54.935525,,,Presencial y remoto,
658ca80f81455f13,DevOps EngineerPostuladoVista,N/A,Argentina,,N/A,https://www.computrabajo.com.ar/ofertas-de-trabajo/oferta-de-trabajo-de-devops-engineer-linux-docker-gitlab-cicd-en-mataderos-FDB1188BBD3792F661373E686DCF3405#lc=ListOffers-Score3-17,Software Engineer,computrabajo,2026-09-04T23:48:54.935935,,,,
32bf90e38f3ba922,Ejecutivo de Ventas IT especializado en AWS Cloud // Multinacional Software FinancieroPostuladoVista,N/A,Argentina,,N/A,https://www.computrabajo.com.ar/ofertas-de-trabajo/oferta-de-trabajo-de-ejecutivo-de-ventas-it-especializado-en-aws-cloud-multinacional-software-financiero-hibrido-microcentro-caba-en-monserrat-2D9B3E3D9FD66A2E61373E686DCF3405#lc=ListOffers-Score3-18,Software Engineer,computrabajo,2026-09-04T23:48:54.936401,,,Presencial y remoto,
6080e407820827e9,Líder DevOps AWS // Multinacional de Software FinancieroPostuladoVista,N/A,Argentina,,N/A,https://www.computrabajo.com.ar/ofertas-de-trabajo/oferta-de-trabajo-de-lider-devops-aws-multinacional-de-software-financiero-hibrido-microcentro-caba-en-monserrat-E2DCD2D77D0F2B9F61373E686DCF3405#lc=ListOffers-Score3-19,Software Engineer,computrabajo,2026-09-04T23:48:54.936908,,,Presencial y remoto,
31b67f30067bb20f,Ref. 21417: Desarrollador Backend Java SeniorPostuladoVista,N/A,Argentina,,N/A,https://www.computrabajo.com.ar/ofertas-de-trabajo/oferta-de-trabajo-de-ref-21417-desarrollador-backend-java-senior-hibrido-parque-patricios-caba-en-parque-patricios-5696618195389BC961373E686DCF3405#lc=ListOffers-Score4-0,Desarrollador Backend,computrabajo,2026-09-04T23:50:53.388402,,,Presencial y remoto,
51e1a7a9cb3abe57,Senior Backend Python DeveloperPostuladoVista,N/A,Argentina,,N/A,https://www.computrabajo.com.ar/ofertas-de-trabajo/oferta-de-trabajo-de-senior-backend-python-developer-remoto-para-residentes-en-argentina-en-monserrat-33F0127C92D4A53861373E686DCF3405#lc=ListOffers-Score4-1,Desarrollador Backend,computrabajo,2026-09-04T23:50:53.388928,,,Remoto,
793954bea8a0efb0,Ref. 21417: Desarrollador Backend Java SeniorPostuladoVista,N/A,Argentina,,N/A,https://www.computrabajo.com.ar/ofertas-de-trabajo/oferta-de-trabajo-de-ref-21417-desarrollador-backend-java-senior-hibrido-parque-patricios-caba-en-parque-patricios-20CD6633BD9979BD61373E686DCF3405#lc=ListOffers-Score4-2,Desarrollador Backend,computrabajo,2026-09-04T23:50:53.389450,,,Presencial y remoto,
3633007fd2de5657,REF 1054: Desarrollador BackendPostuladoVista,N/A,Argentina,,N/A,https://www.computrabajo.com.ar/ofertas-de-trabajo/oferta-de-trabajo-de-ref-1054-desarrollador-backend-en-cordoba-01C717D17245C0A161373E686DCF3405#lc=ListOffers-Score4-3,Desarrollador Backend,computrabajo,2026-09-04T23:50:53.389870,,,,
8525777b5fa8a43d,Ref. 21417: Desarrollador Backend Java SeniorPostuladoVista,N/A,Argentina,,N/A,https://www.computrabajo.com.ar/ofertas-de-trabajo/oferta-de-trabajo-de-ref-21417-desarrollador-backend-java-senior-hibrido-parque-patricios-caba-en-parque-patricios-1D1C7EFE1CC0127061373E686DCF3405#lc=ListOffers-Score4-4,Desarrollador Backend,computrabajo,2026-09-04T23:50:53.390391,,,Presencial y remoto,
53edea98aae5d6f0,Desarrollador Backend GO SeniorPostuladoVista,N/A,Argentina,,N/A,https://www.computrabajo.com.ar/ofertas-de-trabajo/oferta-de-trabajo-de-desarrollador-backend-go-senior-en-san-nicolas-7C0C1C8638A62EBE61373E686DCF3405#lc=ListOffers-Score4-5,Desarrollador Backend,computrabajo,2026-09-04T23:50:53.390932,,,Presencial y remoto,
32938d35d4508c67,Senior Backend Python + IA DeveloperPostuladoVista,N/A,Argentina,,N/A,https://www.computrabajo.com.ar/ofertas-de-trabajo/oferta-de-trabajo-de-senior-backend-python-ia-developer-remoto-para-residentes-en-argentina-en-monserrat-B94A3C19EB983FCC61373E686DCF3405#lc=ListOffers-Score4-6,Desarrollador Backend,computrabajo,2026-09-04T23:50:53.391438,,,Remoto,
720c777cfce693ca,Ref. 21417: Desarrollador Backend Java SeniorPostuladoVista,N/A,Argentina,,N/A,https://www.computrabajo.com.ar/ofertas-de-trabajo/oferta-de-trabajo-de-ref-21417-desarrollador-backend-java-senior-hibrido-parque-patricios-caba-en-parque-patricios-7192799959072BB661373E686DCF3405#lc=ListOffers-Score4-7,Desarrollador Backend,computrabajo,2026-09-04T23:50:53.391995,,,Presencial y remoto,
ae0fff76a68c5a6f,Senior Backend Python DeveloperPostuladoVista,N/A,Argentina,,N/A,https://www.computrabajo.com.ar/ofertas-de-trabajo/oferta-de-trabajo-de-senior-backend-python-developer-remoto-para-residentes-en-argentina-en-monserrat-97C0FEDBD1C71A3861373E686DCF3405#lc=ListOffers-Score4-8,Desarrollador Backend,computrabajo,2026-09-04T23:50:53.392516,,,Remoto,
87edf313d666e077,Senior Backend Python + IA DeveloperPostuladoVista,N/A,Argentina,,N/A,https://www.computrabajo.com.ar/ofertas-de-trabajo/oferta-de-trabajo-de-senior-backend-python-ia-developer-remoto-para-residentes-en-argentina-en-monserrat-68F14816AAB2818561373E686DCF3405#lc=ListOffers-Score4-9,Desarrollador Backend,computrabajo,2026-09-04T23:50:53.393026,,,Remoto,
e3d6419472c20d1f,Desarrollador Backend Junior Infraestructura y IoT con experienciaPostuladoVista,N/A,Argentina,,N/A,https://www.computrabajo.com.ar/ofertas-de-trabajo/oferta-de-trabajo-de-desarrollador-backend-junior-infraestructura-y-iot-con-experiencia-en-villa-crespo-54A74930465BAFAB61373E686DCF3405#lc=ListOffers-Score4-10,Desarrollador Backend,computrabajo,2026-09-04T23:50:53.393426,,,,
9fbb691be93b8e93,Senior Backend Python + IA DeveloperPostuladoVista,N/A,Argentina,,N/A,https://www.computrabajo.com.ar/ofertas-de-trabajo/oferta-de-trabajo-de-senior-backend-python-ia-developer-remoto-para-residentes-en-argentina-en-monserrat-62E70011A6C77B7161373E686DCF3405#lc=ListOffers-Score4-11,Desarrollador Backend,computrabajo,2026-09-04T23:50:53.393901,,,Remoto,
cc58c3c85ca0c877,Desarrollador Backend Python Fast API SRPostuladoVista,N/A,Argentina,,N/A,https://www.computrabajo.com.ar/ofertas-de-trabajo/oferta-de-trabajo-de-desarrollador-backend-python-fast-api-sr-importante-empresa-de-tecnologia-en-san-nicolas-DA6428750883AF1761373E686DCF3405#lc=ListOffers-Score4-12,Desarrollador Backend,computrabajo,2026-09-04T23:50:53.394433,,,Presencial y remoto,
df094de9854e50f1,Senior Backend Python DeveloperPostuladoVista,N/A,Argentina,,N/A,https://www.computrabajo.com.ar/ofertas-de-trabajo/oferta-de-trabajo-de-senior-backend-python-developer-remoto-para-residentes-en-argentina-en-monserrat-5B3EFBFB332E581861373E686DCF3405#lc=ListOffers-Score4-13,Desarrollador Backend,computrabajo,2026-09-04T23:50:53.394942,,,Remoto,
76a19cc971389670,Senior Backend Python + IA DeveloperPostuladoVista,N/A,Argentina,,N/A,https://www.computrabajo.com.ar/ofertas-de-trabajo/oferta-de-trabajo-de-senior-backend-python-ia-developer-remoto-para-residentes-en-argentina-en-monserrat-6BBE4AF793176EA361373E686DCF3405#lc=ListOffers-Score4-14,Desarrollador Backend,computrabajo,2026-09-04T23:50:53.395442,,,Remoto,
ab42bf440e3c7666,Senior Backend Python + IA DeveloperPostuladoVista,N/A,Argentina,,N/A,https://www.computrabajo.com.ar/ofertas-de-trabajo/oferta-de-trabajo-de-senior-backend-python-ia-developer-remoto-para-residentes-en-argentina-en-monserrat-6A1CEAFC3A0B024C61373E686DCF3405#lc=ListOffers-Score4-15,Desarrollador Backend,computrabajo,2026-09-04T23:50:53.395946,,,Remoto,
2ee07372acbce257,Senior Backend Python DeveloperPostuladoVista,N/A,Argentina,,N/A,https://www.computrabajo.com.ar/ofertas-de-trabajo/oferta-de-trabajo-de-senior-backend-python-developer-remoto-para-residentes-en-argentina-en-monserrat-475E2A6A1A6D08DC61373E686DCF3405#lc=ListOffers-Score4-16,Desarrollador Backend,computrabajo,2026-09-04T23:50:53.396445,,,Remoto,
6eb6024f66b6a4d7,Desarrollador Backend Java SeniorPostuladoVista,N/A,Argentina,,N/A,https://www.computrabajo.com.ar/ofertas-de-trabajo/oferta-de-trabajo-de-desarrollador-backend-java-senior-hibrido-parque-patricios-caba-en-parque-patricios-3E1CA570BC969E2561373E686DCF3405#lc=ListOffers-Score4-17,Desarrollador Backend,computrabajo,2026-09-04T23:50:53.396959,,,Presencial y remoto,
a125e126b5c551ba,Senior Backend Python DeveloperPostuladoVista,N/A,Argentina,,N/A,https://www.computrabajo.com.ar/ofertas-de-trabajo/oferta-de-trabajo-de-senior-backend-python-developer-remoto-para-residentes-en-argentina-en-monserrat-1063D4E39AFC42FD61373E686DCF3405#lc=ListOffers-Score4-18,Desarrollador Backend,computrabajo,2026-09-04T23:50:53.397459,,,Remoto,
6a6abb0c21fb1682,Ref. 21422: Backend Developer SeniorPostuladoVista,N/A,Argentina,,N/A,https://www.computrabajo.com.ar/ofertas-de-trabajo/oferta-de-trabajo-de-ref-21422-backend-developer-senior-hibrido-caba-centro-en-recoleta-C3DF0CEF0BC4C74D61373E686DCF3405#lc=ListOffers-Score4-19,Desarrollador Backend,computrabajo,2026-09-04T23:50:53.397977,,,Presencial y remoto,
5259eb8afc3aed05,Desarrollador Full Stack Sr. con IAPostuladoVista,N/A,Argentina,,N/A,https://www.computrabajo.com.ar/ofertas-de-trabajo/oferta-de-trabajo-de-desarrollador-full-stack-sr-con-ia-python-nodejs-javascript-en-monserrat-768B534B979680A861373E686DCF3405#lc=ListOffers-Score4-0,Desarrollador Full Stack,computrabajo,2026-09-04T23:52:48.297953,,,Remoto,
19847fbd433c1329,Desarrollador Full Stack Junior (Presencial)PostuladoVista,N/A,Argentina,,N/A,https://www.computrabajo.com.ar/ofertas-de-trabajo/oferta-de-trabajo-de-desarrollador-full-stack-junior-presencial-en-cordoba-365ABF4A3CEAF48861373E686DCF3405#lc=ListOffers-Score4-1,Desarrollador Full Stack,computrabajo,2026-09-04T23:52:48.298410,,,,
9aeffcc074172f01,Desarrollador Full Stack Sr. con IAPostuladoVista,N/A,Argentina,,N/A,https://www.computrabajo.com.ar/ofertas-de-trabajo/oferta-de-trabajo-de-desarrollador-full-stack-sr-con-ia-python-nodejs-javascript-en-monserrat-94FEF377CF2FD64061373E686DCF3405#lc=ListOffers-Score4-2,Desarrollador Full Stack,computrabajo,2026-09-04T23:52:48.298842,,,Remoto,
9e7b7c9fcbbd2c44,Desarrollador Full Stack Sr. con IAPostuladoVista,N/A,Argentina,,N/A,https://www.computrabajo.com.ar/ofertas-de-trabajo/oferta-de-trabajo-de-desarrollador-full-stack-sr-con-ia-python-nodejs-javascript-en-monserrat-B93C19B0543A88FB61373E686DCF3405#lc=ListOffers-Score4-3,Desarrollador Full Stack,computrabajo,2026-09-04T23:52:48.299312,,,Remoto,
5d94510c26a7d351,Full Stack and AI Automation DeveloperPostuladoVista,N/A,Argentina,,N/A,https://www.computrabajo.com.ar/ofertas-de-trabajo/oferta-de-trabajo-de-full-stack-and-ai-automation-developer-en-rosario-B98BFA78609C5F3761373E686DCF3405#lc=ListOffers-Score4-4,Desarrollador Full Stack,computrabajo,2026-09-04T23:52:48.299803,,,Presencial y remoto,
c33ba6281735e4d1,analista desarrollador Front End/Full StackPostuladoVista,N/A,Argentina,,N/A,https://www.computrabajo.com.ar/ofertas-de-trabajo/oferta-de-trabajo-de-analista-desarrollador-front-endfull-stack-con-experiencia-en-san-nicolas-FAD012DCC38CDD1361373E686DCF3405#lc=ListOffers-Score4-5,Desarrollador Full Stack,computrabajo,2026-09-04T23:52:48.300241,,,Presencial y remoto,
59ebee97a1272681,Desarrollador Senior y Jefe de desarrollo Full Stack .NETPostuladoVista,N/A,Argentina,,N/A,https://www.computrabajo.com.ar/ofertas-de-trabajo/oferta-de-trabajo-de-desarrollador-senior-y-jefe-de-desarrollo-full-stack-net-en-belgrano-18B45A689F19BB3461373E686DCF3405#lc=ListOffers-Score4-6,Desarrollador Full Stack,computrabajo,2026-09-04T23:52:48.300697,,,,
c22193770c202ecb,Desarrollador Full Stack SSR Proyecto en MunroPostuladoVista,N/A,Argentina,,N/A,https://www.computrabajo.com.ar/ofertas-de-trabajo/oferta-de-trabajo-de-desarrollador-full-stack-ssr-proyecto-en-munro-en-vicente-lopez-3CE4F727CE94037461373E686DCF3405#lc=ListOffers-Score4-7,Desarrollador Full Stack,computrabajo,2026-09-04T23:52:48.301187,,,Presencial y remoto,
5e18487bf441a69f,Desarrollador Senior y Jefe de desarrollo Full Stack .NETPostuladoVista,N/A,Argentina,,N/A,https://www.computrabajo.com.ar/ofertas-de-trabajo/oferta-de-trabajo-de-desarrollador-senior-y-jefe-de-desarrollo-full-stack-net-en-belgrano-CC7443C73C07551661373E686DCF3405#lc=ListOffers-Score4-8,Desarrollador Full Stack,computrabajo,2026-09-04T23:52:48.301644,,,,
ab045cb76b6d37ec,Ref. 21425: Desarrollador Senior  .NET / Belgrano CABA / PresencialPostuladoVista,N/A,Argentina,,N/A,https://www.computrabajo.com.ar/ofertas-de-trabajo/oferta-de-trabajo-de-ref-21425-desarrollador-senior-net-belgrano-caba-presencial-en-belgrano-C6F1BA9F23BB643D61373E686DCF3405#lc=ListOffers-Score3-9,Desarrollador Full Stack,computrabajo,2026-09-04T23:52:48.302131,,,,
f05e51e9d23de7e4,Ref. 21425: Jefe de Desarrollo/ Desarrollador Senior  .NET / Belgrano CABAPostuladoVista,N/A,Argentina,,N/A,https://www.computrabajo.com.ar/ofertas-de-trabajo/oferta-de-trabajo-de-ref-21425-jefe-de-desarrollo-desarrollador-senior-net-belgrano-caba-en-belgrano-8EE3E7EF6EB04F3661373E686DCF3405#lc=ListOffers-Score3-10,Desarrollador Full Stack,computrabajo,2026-09-04T23:52:48.302621,,,,
fa718bd4843a73ce,Ref. 20190: Desarrollador FullStack PHP Senior / SemiseniorPostuladoVista,N/A,Argentina,,N/A,https://www.computrabajo.com.ar/ofertas-de-trabajo/oferta-de-trabajo-de-ref-20190-desarrollador-fullstack-php-senior-semisenior-hibrido-belgrano-caba-en-belgrano-D8AA5BC21C4955C861373E686DCF3405#lc=ListOffers-Score3-11,Desarrollador Full Stack,computrabajo,2026-09-04T23:52:48.303142,,,Presencial y remoto,
07ae421b3d8569e3,Ref. 21425: Jefe de Desarrollo/ Desarrollador Senior  .NET / Belgrano CABAPostuladoVista,N/A,Argentina,,N/A,https://www.computrabajo.com.ar/ofertas-de-trabajo/oferta-de-trabajo-de-ref-21425-jefe-de-desarrollo-desarrollador-senior-net-belgrano-caba-en-belgrano-12EAAEA8D338140861373E686DCF3405#lc=ListOffers-Score3-12,Desarrollador Full Stack,computrabajo,2026-09-04T23:52:48.303632,,,,
a7f3677370751ad8,Ref. 20190: Desarrollador FullStack PHP Senior / SemiseniorPostuladoVista,N/A,Argentina,,N/A,https://www.computrabajo.com.ar/ofertas-de-trabajo/oferta-de-trabajo-de-ref-20190-desarrollador-fullstack-php-senior-semisenior-hibrido-belgrano-caba-en-belgrano-D1BDF7846170FBEA61373E686DCF3405#lc=ListOffers-Score3-13,Desarrollador Full Stack,computrabajo,2026-09-04T23:52:48.304145,,,Presencial y remoto,
cefd84b99409100a,Ref. 21425: Jefe de Desarrollo/ Desarrollador Senior  .NET / Belgrano CABAPostuladoVista,N/A,Argentina,,N/A,https://www.computrabajo.com.ar/ofertas-de-trabajo/oferta-de-trabajo-de-ref-21425-jefe-de-desarrollo-desarrollador-senior-net-belgrano-caba-en-belgrano-0034E3FEB7AD1C4561373E686DCF3405#lc=ListOffers-Score3-14,Desarrollador Full Stack,computrabajo,2026-09-04T23:52:48.304633,,,,
eac770d6f8105a76,Ref. 21425: Desarrollador Senior  .NET / Belgrano CABA / PresencialPostuladoVista,N/A,Argentina,,N/A,https://www.computrabajo.com.ar/ofertas-de-trabajo/oferta-de-trabajo-de-ref-21425-desarrollador-senior-net-belgrano-caba-presencial-en-belgrano-185CE08E09CBF3D461373E686DCF3405#lc=ListOffers-Score3-15,Desarrollador Full Stack,computrabajo,2026-09-04T23:52:48.305117,,,,
ec4f6c83b2e74e9b,Ref. 21425: Jefe de Desarrollo/ Desarrollador Senior  .NET / Belgrano CABAPostuladoVista,N/A,Argentina,,N/A,https://www.computrabajo.com.ar/ofertas-de-trabajo/oferta-de-trabajo-de-ref-21425-jefe-de-desarrollo-desarrollador-senior-net-belgrano-caba-en-belgrano-DD40895A547C8B8D61373E686DCF3405#lc=ListOffers-Score3-16,Desarrollador Full Stack,computrabajo,2026-09-04T23:52:48.305605,,,,
3b85bca18cc233e4,Ref. 21425: Desarrollador Senior  .NET / Belgrano CABA / PresencialPostuladoVista,N/A,Argentina,,N/A,https://www.computrabajo.com.ar/ofertas-de-trabajo/oferta-de-trabajo-de-ref-21425-desarrollador-senior-net-belgrano-caba-presencial-en-belgrano-7EE88125A895D1D761373E686DCF3405#lc=ListOffers-Score3-17,Desarrollador Full Stack,computrabajo,2026-09-04T23:52:48.306087,,,,
1d7431e5f5766b76,Ref. 21425: Jefe de Desarrollo/ Desarrollador Senior  .NET / Belgrano CABAPostuladoVista,N/A,Argentina,,N/A,https://www.computrabajo.com.ar/ofertas-de-trabajo/oferta-de-trabajo-de-ref-21425-jefe-de-desarrollo-desarrollador-senior-net-belgrano-caba-en-belgrano-AF4D98E1182E394261373E686DCF3405#lc=ListOffers-Score3-18,Desarrollador Full Stack,computrabajo,2026-09-04T23:52:48.306573,,,,
0b8e887f99d85200,Ref. 21425: Lider de Desarrollo .NetPostuladoVista,N/A,Argentina,,N/A,https://www.computrabajo.com.ar/ofertas-de-trabajo/oferta-de-trabajo-de-ref-21425-lider-de-desarrollo-net-belgrano-caba-en-belgrano-3E1341D42CFCF06661373E686DCF3405#lc=ListOffers-Score3-19,Desarrollador Full Stack,computrabajo,2026-09-04T23:52:48.307057,,,,
67dfe31aebf86363,Ingeniero de Datos CloudPostuladoVista,N/A,Argentina,,N/A,https://www.computrabajo.com.ar/ofertas-de-trabajo/oferta-de-trabajo-de-ingeniero-de-datos-cloud-en-san-nicolas-A71F1C47A1BF338D61373E686DCF3405#lc=ListOffers-Score4-0,Ingeniero de Datos,computrabajo,2026-09-04T23:54:37.761758,,,Presencial y remoto,
6a41b8f146088f3a,Data engineer SsrPostuladoVista,N/A,Argentina,,N/A,https://www.computrabajo.com.ar/ofertas-de-trabajo/oferta-de-trabajo-de-data-engineer-ssr-en-san-nicolas-E25D0F2CDA10BE7D61373E686DCF3405#lc=ListOffers-Score4-1,Ingeniero de Datos,computrabajo,2026-09-04T23:54:37.762271,,,Presencial y remoto,
1f4b042cc6c8f573,Ingeniero/a de Proyectos y Obras de Data CenterPostuladoVista,N/A,Argentina,,N/A,https://www.computrabajo.com.ar/ofertas-de-trabajo/oferta-de-trabajo-de-ingenieroa-de-proyectos-y-obras-de-data-center-en-san-nicolas-BEED9A599A2D9B8C61373E686DCF3405#lc=ListOffers-Score4-2,Ingeniero de Datos,computrabajo,2026-09-04T23:54:37.762842,,,,
a6e79e277dc865e6,Ingeniero De Datos SSR/SRPostuladoVista,N/A,Argentina,,N/A,https://www.computrabajo.com.ar/ofertas-de-trabajo/oferta-de-trabajo-de-ingeniero-de-datos-ssrsr-data-warehousing-en-la-plata-F7A6A3E3988FF63D61373E686DCF3405#lc=ListOffers-Score4-3,Ingeniero de Datos,computrabajo,2026-09-04T23:54:37.763302,,,Presencial y remoto,
2e03726a899556d6,Ingeniero de proyectos y oficina tecnica Jr  req211236 permanentePostuladoVista,N/A,Argentina,,N/A,https://www.computrabajo.com.ar/ofertas-de-trabajo/oferta-de-trabajo-de-ingeniero-de-proyectos-y-oficina-tecnica-jr-req211236-permanente-en-godoy-cruz-B20DE343164FC00C61373E686DCF3405#lc=ListOffers-Score3-4,Ingeniero de Datos,computrabajo,2026-09-04T23:54:37.763804,,,,
fcd148b1f1aac14a,Ref. 20831: Implementador de sistema / Líder de proyectos / Don TorcuatoPostuladoVista,N/A,Argentina,,N/A,https://www.computrabajo.com.ar/ofertas-de-trabajo/oferta-de-trabajo-de-ref-20831-implementador-de-sistema-lider-de-proyectos-don-torcuato-tigre-prov-bs-as--2-vacantes-en-tigre-EC6ACFE19C1994F061373E686DCF3405#lc=ListOffers-Score3-5,Ingeniero de Datos,computrabajo,2026-09-04T23:54:37.764323,,,Presencial y remoto,
f7318d61beaec0e1,Dibujante ProyectistaPostuladoVista,N/A,Argentina,,N/A,https://www.computrabajo.com.ar/ofertas-de-trabajo/oferta-de-trabajo-de-dibujante-proyectista-zona-platanos-en-platanos-F20D37AD8C8E26D861373E686DCF3405#lc=ListOffers-Score3-6,Ingeniero de Datos,computrabajo,2026-09-04T23:54:37.764831,,,,
cb90cf159d3ab27f,Ref. 20831: Implementador de sistema / Líder de proyectos / Don TorcuatoPostuladoVista,N/A,Argentina,,N/A,https://www.computrabajo.com.ar/ofertas-de-trabajo/oferta-de-trabajo-de-ref-20831-implementador-de-sistema-lider-de-proyectos-don-torcuato-tigre-prov-bs-as--2-vacantes-en-tigre-3FA43F7C838C2AC361373E686DCF3405#lc=ListOffers-Score3-7,Ingeniero de Datos,computrabajo,2026-09-04T23:54:37.765357,,,Presencial y remoto,
07fbecf71ad0c8d6,Gestor/a de Obra (ID 17) // Neuquén // EventualPostuladoVista,N/A,Argentina,,N/A,https://www.computrabajo.com.ar/ofertas-de-trabajo/oferta-de-trabajo-de-gestora-de-obra-id-17-neuquen-eventual-id-17-en-neuquen-FD97A0F4DC12058261373E686DCF3405#lc=ListOffers-Score3-8,Ingeniero de Datos,computrabajo,2026-09-04T23:54:37.765847,,,,
62ac2dad5a000bc4,Jefe de Mantenimiento de equipos viales / Mov de suelos / Grandes EquiposPostuladoVista,N/A,Argentina,,N/A,https://www.computrabajo.com.ar/ofertas-de-trabajo/oferta-de-trabajo-de-jefe-de-mantenimiento-de-equipos-viales-mov-de-suelos-grandes-equipos-proyecto-minero-san-juan-en-san-juan-6122F01032371C4961373E686DCF3405#lc=ListOffers-Score3-9,Ingeniero de Datos,computrabajo,2026-09-04T23:54:37.766302,,,,
12c83b6cf68a12b7,Ingeniero/a de Gestion y oficina tecnicaPostuladoVista,N/A,Argentina,,N/A,https://www.computrabajo.com.ar/ofertas-de-trabajo/oferta-de-trabajo-de-ingenieroa-de-gestion-y-oficina-tecnica-proyecto-minero-san-juan-en-san-juan-2FBFCE7434BBD25B61373E686DCF3405#lc=ListOffers-Score3-10,Ingeniero de Datos,computrabajo,2026-09-04T23:54:37.766762,,,,
ade1020f22697ec7,Ingeniero de Mejora Continua (Ezpeleta)PostuladoVista,N/A,Argentina,,N/A,https://www.computrabajo.com.ar/ofertas-de-trabajo/oferta-de-trabajo-de-ingeniero-de-mejora-continua-ezpeleta-en-ezpeleta-3D2BD5968D88F3C961373E686DCF3405#lc=ListOffers-Score3-11,Ingeniero de Datos,computrabajo,2026-09-04T23:54:37.767218,,,,
e2baf776b07caff1,Ingeniero de Procesos (Ezpeleta)PostuladoVista,N/A,Argentina,,N/A,https://www.computrabajo.com.ar/ofertas-de-trabajo/oferta-de-trabajo-de-ingeniero-de-procesos-ezpeleta-en-ezpeleta-271C3494DD137CD161373E686DCF3405#lc=ListOffers-Score3-12,Ingeniero de Datos,computrabajo,2026-09-04T23:54:37.767678,,,,
47242a42b6fe6fea,Ingeniero de Presupuesto y Control de Costos / Empresa ConstructoraPostuladoVista,N/A,Argentina,,N/A,https://www.computrabajo.com.ar/ofertas-de-trabajo/oferta-de-trabajo-de-ingeniero-de-presupuesto-y-control-de-costos-empresa-constructora-en-neuquen-DD743B265BDA53B761373E686DCF3405#lc=ListOffers-Score3-13,Ingeniero de Datos,computrabajo,2026-09-04T23:54:37.768137,,,,
76ced979a750dcc5,Ref. 20831: Implementador de sistema / Líder de proyectos / Don TorcuatoPostuladoVista,N/A,Argentina,,N/A,https://www.computrabajo.com.ar/ofertas-de-trabajo/oferta-de-trabajo-de-ref-20831-implementador-de-sistema-lider-de-proyectos-don-torcuato-tigre-prov-bs-as--2-vacantes-en-tigre-6977B302B4CD951561373E686DCF3405#lc=ListOffers-Score3-14,Ingeniero de Datos,computrabajo,2026-09-04T23:54:37.768659,,,Presencial y remoto,
03802af948eb5ea1,Ingeniero ElectrónicoPostuladoVista,N/A,Argentina,,N/A,https://www.computrabajo.com.ar/ofertas-de-trabajo/oferta-de-trabajo-de-ingeniero-electronico-redes-internet-e-infraestructura-tecnologica-en-rosario-1C017FE97C24F04561373E686DCF3405#lc=ListOffers-Score3-15,Ingeniero de Datos,computrabajo,2026-09-04T23:54:37.769095,,,,
6ad80b1886a2d27b,Ingeniero de Optimización CentralizadaPostuladoVista,N/A,Argentina,,N/A,https://www.computrabajo.com.ar/ofertas-de-trabajo/oferta-de-trabajo-de-ingeniero-de-optimizacion-centralizada-en-cordoba-43D490075525138161373E686DCF3405#lc=ListOffers-Score3-16,Ingeniero de Datos,computrabajo,2026-09-04T23:54:37.769607,,,Presencial y remoto,
4e4946a3c9c38d7b,Personal operativo Rubro Minero SAN JUANPostuladoVista,N/A,Argentina,,N/A,https://www.computrabajo.com.ar/ofertas-de-trabajo/oferta-de-trabajo-de-personal-operativo-rubro-minero-san-juan-en-san-juan-1C0332E86CCE79C161373E686DCF3405#lc=ListOffers-Score3-17,Ingeniero de Datos,computrabajo,2026-09-04T23:54:37.769997,,,,
bb85e7a827e02035,Analista Funcional PeajesPostuladoVista,N/A,Argentina,,N/A,https://www.computrabajo.com.ar/ofertas-de-trabajo/oferta-de-trabajo-de-analista-funcional-peajes-en-retiro-EEF779DFDE5DB46D61373E686DCF3405#lc=ListOffers-Score3-18,Ingeniero de Datos,computrabajo,2026-09-04T23:54:37.770485,,,Presencial y remoto,
5607255d050e754a,Ingeniero Mecánico ó Electro Mecanico /  Conocimiento en  CarrozadoPostuladoVista,N/A,Argentina,,N/A,https://www.computrabajo.com.ar/ofertas-de-trabajo/oferta-de-trabajo-de-ingeniero-mecanico-o-electro-mecanico--conocimiento-en-carrozado-en-cordoba-8852F46632D4FF4161373E686DCF3405#lc=ListOffers-Score3-19,Ingeniero de Datos,computrabajo,2026-09-04T23:54:37.770903,,,,
0531d0d3c85ccf50,Técnico ley de fachadaPostuladoVista,N/A,Argentina,,N/A,https://www.computrabajo.com.ar/ofertas-de-trabajo/oferta-de-trabajo-de-tecnico-ley-de-fachada-en-belgrano-23E0644DEEAFBA5361373E686DCF3405#lc=ListOffers-Score3-0,Ingeniero de Datos,computrabajo,2026-09-04T23:56:32.667735,,,,
f2f21c4f4832a754,Arquitecto de Soluciones (Ingeniero en Sistemas)PostuladoVista,N/A,Argentina,,N/A,https://www.computrabajo.com.ar/ofertas-de-trabajo/oferta-de-trabajo-de-arquitecto-de-soluciones-ingeniero-en-sistemas-en-caseros-7616173EC372238061373E686DCF3405#lc=ListOffers-Score3-1,Ingeniero de Datos,computrabajo,2026-09-04T23:56:32.668162,,,,
c3f3f4954ec215f2,Búsqueda de Técnico Instalador de Sistema de Telemática en vehículosPostuladoVista,N/A,Argentina,,N/A,https://www.computrabajo.com.ar/ofertas-de-trabajo/oferta-de-trabajo-de-busqueda-de-tecnico-instalador-de-sistema-de-telematica-en-vehiculos-caba-y-amba-l-equipos-de-rastreo-satelital-camaras-inteligentes-accesorios-en-avellaneda-34A2CAC9C7EDFDC161373E686DCF3405#lc=ListOffers-Score3-2,Ingeniero de Datos,computrabajo,2026-09-04T23:56:32.668612,,,,
92992aef5ca44cc2,Planner de mantenimientoPostuladoVista,N/A,Argentina,,N/A,https://www.computrabajo.com.ar/ofertas-de-trabajo/oferta-de-trabajo-de-planner-de-mantenimiento-en-retiro-E9A949B2C3CF8A1861373E686DCF3405#lc=ListOffers-Score3-3,Ingeniero de Datos,computrabajo,2026-09-04T23:56:32.669065,,,,
051620272e5835cc,"Proyectista Mecánico, Hormigón y Estructuras Metalicas / Parque Industrial Platanos, CABA Ref: 21465PostuladoVista",N/A,Argentina,,N/A,https://www.computrabajo.com.ar/ofertas-de-trabajo/oferta-de-trabajo-de-proyectista-mecanico-hormigon-y-estructuras-metalicas-parque-industrial-platanos-caba-ref-21465-adn-recursos-humanos-en-berazategui-E24187E0E584F47961373E686DCF3405#lc=ListOffers-Score3-4,Ingeniero de Datos,computrabajo,2026-09-04T23:56:32.669589,,,,
40d2f8eb9b89be38,Senior Datastage Consultant ETL Ingeniero SoportePostuladoVista,N/A,Argentina,,N/A,https://www.computrabajo.com.ar/ofertas-de-trabajo/oferta-de-trabajo-de-senior-datastage-consultant-etl-ingeniero-soporte-importante-empresa-de-tecnologia-en-san-nicolas-50F099F0B974135861373E686DCF3405#lc=ListOffers-Score3-5,Ingeniero de Datos,computrabajo,2026-09-04T23:56:32.670077,,,Presencial y remoto,
1c3e069f1b5f1a29,Ingeniero de Costos IndustrialesPostuladoVista,N/A,Argentina,,N/A,https://www.computrabajo.com.ar/ofertas-de-trabajo/oferta-de-trabajo-de-ingeniero-de-costos-industriales-ingeniero-industrial-en-cordoba-2330150213C0AC2A61373E686DCF3405#lc=ListOffers-Score3-6,Ingeniero de Datos,computrabajo,2026-09-04T23:56:32.670576,,,,
3f202e8ef9e178eb,Ingeniero logísticoPostuladoVista,N/A,Argentina,,N/A,https://www.computrabajo.com.ar/ofertas-de-trabajo/oferta-de-trabajo-de-ingeniero-logistico-startup-de-area-en-haedo-CCB971A1BE30EFB761373E686DCF3405#lc=ListOffers-Score3-7,Ingeniero de Datos,computrabajo,2026-09-04T23:56:32.671067,,,Presencial y remoto,
4f83e7aadd571832,Responsable de Mantenimiento de Maquinaria AgrícolaPostuladoVista,N/A,Argentina,,N/A,https://www.computrabajo.com.ar/ofertas-de-trabajo/oferta-de-trabajo-de-responsable-de-mantenimiento-de-maquinaria-agricola-en-mercedes-F8A992A624B5A83461373E686DCF3405#lc=ListOffers-Score3-8,Ingeniero de Datos,computrabajo,2026-09-04T23:56:32.671570,,,,
e72745f628f3b2d3,Ingeniero en ConfiabilidadPostuladoVista,N/A,Argentina,,N/A,https://www.computrabajo.com.ar/ofertas-de-trabajo/oferta-de-trabajo-de-ingeniero-en-confiabilidad-mantenimiento-en-pilar-FBA5F75C9FEDD2E461373E686DCF3405#lc=ListOffers-Score3-9,Ingeniero de Datos,computrabajo,2026-09-04T23:56:32.671953,,,,
3b80de2b32f7950a,Ingeniero/a de Desarrollo de Software IBM Informix  (SemiSenior/Senior)PostuladoVista,N/A,Argentina,,N/A,https://www.computrabajo.com.ar/ofertas-de-trabajo/oferta-de-trabajo-de-ingenieroa-de-desarrollo-de-software-ibm-informix-semiseniorsenior-en-san-nicolas-D8303C4295CA95E661373E686DCF3405#lc=ListOffers-Score3-10,Ingeniero de Datos,computrabajo,2026-09-04T23:56:32.672439,,,Remoto,
7dcfe8f82ca0586e,Tecnico de Procesos Industria LacteaPostuladoVista,N/A,Argentina,,N/A,https://www.computrabajo.com.ar/ofertas-de-trabajo/oferta-de-trabajo-de-tecnico-de-procesos-industria-lactea-en-rio-cuarto-1F3557E61898B7FD61373E686DCF3405#lc=ListOffers-Score3-11,Ingeniero de Datos,computrabajo,2026-09-04T23:56:32.672882,,,,
2ede520492e3610e,Ingeniero/a ambientalPostuladoVista,N/A,Argentina,,N/A,https://www.computrabajo.com.ar/ofertas-de-trabajo/oferta-de-trabajo-de-ingenieroa-ambiental-bahia-blanca-en-bahia-blanca-04B72D28E00F868561373E686DCF3405#lc=ListOffers-Score3-12,Ingeniero de Datos,computrabajo,2026-09-04T23:56:32.673330,,,,
2b25708760ea8b3d,Ingeniero/a de Perforación Direccional en NeuquénPostuladoVista,N/A,Argentina,,N/A,https://www.computrabajo.com.ar/ofertas-de-trabajo/oferta-de-trabajo-de-ingenieroa-de-perforacion-direccional-en-neuquen-en-neuquen-677C89200F4DE68461373E686DCF3405#lc=ListOffers-Score3-13,Ingeniero de Datos,computrabajo,2026-09-04T23:56:32.673779,,,,
ef7858553c8c6099,ingeniero procesosPostuladoVista,N/A,Argentina,,N/A,https://www.computrabajo.com.ar/ofertas-de-trabajo/oferta-de-trabajo-de-ingeniero-procesos-parque-industrial-mar-del-platabatan-en-mar-del-plata-12748B2CF9F7820461373E686DCF3405#lc=ListOffers-Score3-14,Ingeniero de Datos,computrabajo,2026-09-04T23:56:32.674221,,,,
0f518499d021f2e9,Ingeniero en TelecomunicacionesPostuladoVista,N/A,Argentina,,N/A,https://www.computrabajo.com.ar/ofertas-de-trabajo/oferta-de-trabajo-de-ingeniero-en-telecomunicaciones-en-san-salvador-de-jujuy-64CBF0F5EAB06FD961373E686DCF3405#lc=ListOffers-Score3-15,Ingeniero de Datos,computrabajo,2026-09-04T23:56:32.674605,,,,
9381caab1f2d3b0b,Lider de Aseguramiento de la CalidadPostuladoVista,N/A,Argentina,,N/A,https://www.computrabajo.com.ar/ofertas-de-trabajo/oferta-de-trabajo-de-lider-de-aseguramiento-de-la-calidad-en-gral-las-heras-DF9B0E8C2E8C24A561373E686DCF3405#lc=ListOffers-Score3-16,Ingeniero de Datos,computrabajo,2026-09-04T23:56:32.675050,,,,
8ea1c35088a248f1,Ingeniero Analista de Soporte de Ventas TecnicasPostuladoVista,N/A,Argentina,,N/A,https://www.computrabajo.com.ar/ofertas-de-trabajo/oferta-de-trabajo-de-ingeniero-analista-de-soporte-de-ventas-tecnicas-eventual-caba-en-san-telmo-47AD56B740C6F13B61373E686DCF3405#lc=ListOffers-Score3-17,Ingeniero de Datos,computrabajo,2026-09-04T23:56:32.675500,,,,
22d0a217c643bb6d,Ingeniero/a de Procesos SrPostuladoVista,N/A,Argentina,,N/A,https://www.computrabajo.com.ar/ofertas-de-trabajo/oferta-de-trabajo-de-ingenieroa-de-procesos-sr-en-esperanza-59B06497F225A7F761373E686DCF3405#lc=ListOffers-Score3-18,Ingeniero de Datos,computrabajo,2026-09-04T23:56:32.675986,,,Remoto,
bf5e8f46bea834c7,Pañolero Zona Florencio VarelaPostuladoVista,N/A,Argentina,,N/A,https://www.computrabajo.com.ar/ofertas-de-trabajo/oferta-de-trabajo-de-panolero-zona-florencio-varela-en-florencio-varela-4F59C141E62B856061373E686DCF3405#lc=ListOffers-Score3-19,Ingeniero de Datos,computrabajo,2026-09-04T23:56:32.676435,,,,
b7d716e019e02976,Ingeniero de CalidadPostuladoVista,N/A,Argentina,,N/A,https://www.computrabajo.com.ar/ofertas-de-trabajo/oferta-de-trabajo-de-ingeniero-de-calidad-responsable-del-area-en-ezeiza-2986897E96D0F43A61373E686DCF3405#lc=ListOffers-Score3-0,Ingeniero de Datos,computrabajo,2026-09-04T23:58:21.807528,,,,
5ee0544050f2b0f5,Asesor Comercial AgronegociosPostuladoVista,N/A,Argentina,,N/A,https://www.computrabajo.com.ar/ofertas-de-trabajo/oferta-de-trabajo-de-asesor-comercial-agronegocios-la-plata-o-alrededores-en-la-plata-50DB0B5E43E285CC61373E686DCF3405#lc=ListOffers-Score3-1,Ingeniero de Datos,computrabajo,2026-09-04T23:58:21.807982,,,,
4d67f16fb6008bc4,Supervisor/a de Mantenimiento de Refrigeración Industrial (Amoníaco) (req205063) PermanentePostuladoVista,N/A,Argentina,,N/A,https://www.computrabajo.com.ar/ofertas-de-trabajo/oferta-de-trabajo-de-supervisora-de-mantenimiento-de-refrigeracion-industrial-amoniaco-req205063-permanente-en-lujan-187C0F1D061603D761373E686DCF3405#lc=ListOffers-Score3-2,Ingeniero de Datos,computrabajo,2026-09-04T23:58:21.808479,,,,
1bcb243a5a63ca0f,Ingeniera AmbientalPostuladoVista,N/A,Argentina,,N/A,https://www.computrabajo.com.ar/ofertas-de-trabajo/oferta-de-trabajo-de-ingeniera-ambiental-en-florencio-varela-324313700266437861373E686DCF3405#lc=ListOffers-Score3-3,Ingeniero de Datos,computrabajo,2026-09-04T23:58:21.808938,,,,
99594932df0198a7,Proyectista Eléctrico e InstrumentaciónPostuladoVista,N/A,Argentina,,N/A,https://www.computrabajo.com.ar/ofertas-de-trabajo/oferta-de-trabajo-de-proyectista-electrico-e-instrumentacion-ingeniero-semi-senior-en-rosario-91BABE0997FE22EA61373E686DCF3405#lc=ListOffers-Score3-4,Ingeniero de Datos,computrabajo,2026-09-04T23:58:21.809355,,,,
71752c7aedec62f7,Ingeniero mecánico de campoPostuladoVista,N/A,Argentina,,N/A,https://www.computrabajo.com.ar/ofertas-de-trabajo/oferta-de-trabajo-de-ingeniero-mecanico-de-campo-en-argentina-CC4777D20E710A6B61373E686DCF3405#lc=ListOffers-Score3-5,Ingeniero de Datos,computrabajo,2026-09-04T23:58:21.809841,,,,
42f2ae867046a633,Ingeniero/Lic. Quimico o IndustrialPostuladoVista,N/A,Argentina,,N/A,https://www.computrabajo.com.ar/ofertas-de-trabajo/oferta-de-trabajo-de-vendedor-tecnico-ssr-cordoba-viajante-en-cordoba-7ACAED31A853BCF461373E686DCF3405#lc=ListOffers-Score3-6,Ingeniero de Datos,computrabajo,2026-09-04T23:58:21.810309,,,Remoto,
497056a2ef36d107,Desarrollador Senior NoSQLPostuladoVista,N/A,Argentina,,N/A,https://www.computrabajo.com.ar/ofertas-de-trabajo/oferta-de-trabajo-de-desarrollador-senior-nosql-mongodb-backend-c-en-villa-crespo-5C58C514E05320E961373E686DCF3405#lc=ListOffers-Score3-7,Ingeniero de Datos,computrabajo,2026-09-04T23:58:21.810760,,,Presencial y remoto,
e592d4c1ceb938aa,Ref. 20831: Implementador de sistema / Líder de proyectos / Don TorcuatoPostuladoVista,N/A,Argentina,,N/A,https://www.computrabajo.com.ar/ofertas-de-trabajo/oferta-de-trabajo-de-ref-20831-implementador-de-sistema-lider-de-proyectos-don-torcuato-tigre-prov-bs-as--2-vacantes-en-tigre-A76F79E5EE6966FD61373E686DCF3405#lc=ListOffers-Score3-8,Ingeniero de Datos,computrabajo,2026-09-04T23:58:21.811277,,,Presencial y remoto,
82ec2354ae09d4d9,Gerente de Producción Multi CampoPostuladoVista,N/A,Argentina,,N/A,https://www.computrabajo.com.ar/ofertas-de-trabajo/oferta-de-trabajo-de-gerente-de-produccion-multi-campo-terra-ghio-en-corral-de-bustos-62FC95BAEFB0F11261373E686DCF3405#lc=ListOffers-Score3-9,Ingeniero de Datos,computrabajo,2026-09-04T23:58:21.811744,,,Presencial y remoto,
ec4e49535ccf96a5,Auxiliar de cómputosPostuladoVista,N/A,Argentina,,N/A,https://www.computrabajo.com.ar/ofertas-de-trabajo/oferta-de-trabajo-de-auxiliar-de-computos-con-experiencia-en-cordoba-7FF6BB7B806158B761373E686DCF3405#lc=ListOffers-Score3-10,Ingeniero de Datos,computrabajo,2026-09-04T23:58:21.812178,,,,
d5b6886bcb31c076,Ingeniero de Optimización CentralizadaPostuladoVista,N/A,Argentina,,N/A,https://www.computrabajo.com.ar/ofertas-de-trabajo/oferta-de-trabajo-de-ingeniero-de-optimizacion-centralizada-telecomunicaciones-cordoba-en-cordoba-845C0B51F45C35C661373E686DCF3405#lc=ListOffers-Score3-11,Ingeniero de Datos,computrabajo,2026-09-04T23:58:21.812646,,,Presencial y remoto,
146b8de872482872,jefe producciónPostuladoVista,N/A,Argentina,,N/A,https://www.computrabajo.com.ar/ofertas-de-trabajo/oferta-de-trabajo-de-jefe-produccion-gualeguaychu-en-gualeguaychu-1A11CE351635ED6661373E686DCF3405#lc=ListOffers-Score3-12,Ingeniero de Datos,computrabajo,2026-09-04T23:58:21.813047,,,,
30c729ab7fa213b5,Ref. 20831: Implementador de sistema / Líder de proyectos / Don TorcuatoPostuladoVista,N/A,Argentina,,N/A,https://www.computrabajo.com.ar/ofertas-de-trabajo/oferta-de-trabajo-de-ref-20831-implementador-de-sistema-lider-de-proyectos-don-torcuato-tigre-prov-bs-as--2-vacantes-en-tigre-F5FFB7613D1EB83861373E686DCF3405#lc=ListOffers-Score3-13,Ingeniero de Datos,computrabajo,2026-09-04T23:58:21.813568,,,Presencial y remoto,
b91f27146f5ff734,Ingeniero/a de Integridad EventualPostuladoVista,N/A,Argentina,,N/A,https://www.computrabajo.com.ar/ofertas-de-trabajo/oferta-de-trabajo-de-ingenieroa-de-integridad-eventual-en-neuquen-7F2E8212B3232E6361373E686DCF3405#lc=ListOffers-Score0-14,Ingeniero de Datos,computrabajo,2026-09-04T23:58:21.814101,,,Presencial y remoto,
26bdcb94159835e5,Ref. 21437: DevOps Engineer / Remoto ArgentinaPostuladoVista,N/A,Argentina,,N/A,https://www.computrabajo.com.ar/ofertas-de-trabajo/oferta-de-trabajo-de-ref-21437-devops-engineer-remoto-argentina-en-recoleta-2872618996050D6061373E686DCF3405#lc=ListOffers-Score0-15,Ingeniero de Datos,computrabajo,2026-09-04T23:58:21.814623,,,Remoto,
fcc27032f48f1112,Ref. 21437: Devops EngineerPostuladoVista,N/A,Argentina,,N/A,https://www.computrabajo.com.ar/ofertas-de-trabajo/oferta-de-trabajo-de-ref-21437-devops-engineer-remoto-en-recoleta-A05A22691C2319C161373E686DCF3405#lc=ListOffers-Score0-16,Ingeniero de Datos,computrabajo,2026-09-04T23:58:21.815141,,,Remoto,
50d1cffe448a3e37,Ref. 21369: Delivery / DevOps Engineer / Híbrido Olivos Prov. Bs AsPostuladoVista,N/A,Argentina,,N/A,https://www.computrabajo.com.ar/ofertas-de-trabajo/oferta-de-trabajo-de-ref-21369-delivery-devops-engineer-hibrido-olivos-prov-bs-as-en-olivos-45135781D527FE2261373E686DCF3405#lc=ListOffers-Score0-17,Ingeniero de Datos,computrabajo,2026-09-04T23:58:21.815663,,,Presencial y remoto,
5a23579bda7ffd7b,Ref. 21369: Lider DevOps Engineer / Híbrido Olivos Prov. Bs AsPostuladoVista,N/A,Argentina,,N/A,https://www.computrabajo.com.ar/ofertas-de-trabajo/oferta-de-trabajo-de-ref-21369-lider-devops-engineer-hibrido-olivos-prov-bs-as-en-olivos-A0B0B179112CBEAA61373E686DCF3405#lc=ListOffers-Score0-18,Ingeniero de Datos,computrabajo,2026-09-04T23:58:21.816180,,,Presencial y remoto,
df641beccfd4fbe4,Ingeniero/a para Calidad y Mejora Continua Pyme IndustrialPostuladoVista,N/A,Argentina,,N/A,https://www.computrabajo.com.ar/ofertas-de-trabajo/oferta-de-trabajo-de-ingenieroa-para-calidad-y-mejora-continua-pyme-industrial-full-time-malagueno-en-cordoba-326C97CD74300CB461373E686DCF3405#lc=ListOffers-Score0-19,Ingeniero de Datos,computrabajo,2026-09-04T23:58:21.816601,,,,
