job_id,titulo,empresa,ubicacion,descripcion,fecha_pub,url,keyword,fuente,fecha_scrap,nivel,tipo_empleo,modalidad,salario
676655499583684608,Data Scientist,Scale Up Recruiting Partners,Rosario,,,https://open.app.jobrapido.com/ar/676655499583684608/?w=data%20scientist&l=&oc=sponsored&k=web.1.1.0&uuid=arF001a06eb923af601b&page_item_id=-46779427,Data Scientist,jobrapido,2026-09-04T19:20:23.257557,,,,
2606064210353848320,Senior Data Scientist - MMM ID71005,"AgileEngine, LLC.",Rosario,,,https://open.app.jobrapido.com/ar/2606064210353848320/?w=data%20scientist&l=&oc=sponsored&k=web.1.1.1&uuid=arF001a06eb923af601b&page_item_id=475319031,Data Scientist,jobrapido,2026-09-04T19:20:23.258119,,,,
9160370671270756352,Senior Data Scientist — MMM & Time‑Series (Remote),"AgileEngine, LLC.",Rosario,,,https://open.app.jobrapido.com/ar/9160370671270756352/?w=data%20scientist&l=&oc=sponsored&k=web.1.1.2&uuid=arF001a06eb923af601b&page_item_id=1021272824,Data Scientist,jobrapido,2026-09-04T19:20:23.258616,,,,
2139995524990763008,Remote GenAI Data Scientist - Python & Open-Source Tools,Scale Up Recruiting Partners,Rosario,,,https://open.app.jobrapido.com/ar/2139995524990763008/?w=data%20scientist&l=&oc=sponsored&k=web.1.1.3&uuid=arF001a06eb923af601b&page_item_id=-303127188,Data Scientist,jobrapido,2026-09-04T19:20:23.259098,,,,
4238912455901708288,Senior Data Scientist ID80052,AgileEngine,Rosario,,,https://open.app.jobrapido.com/ar/4238912455901708288/?w=data%20scientist&l=&oc=sponsored&k=web.1.1.4&uuid=arF001a06eb923af601b&page_item_id=367741847,Data Scientist,jobrapido,2026-09-04T19:20:23.259579,,,,
7243563583525617664,Senior Data Scientist ID71658,AgileEngine,Rosario,,,https://open.app.jobrapido.com/ar/7243563583525617664/?w=data%20scientist&l=&oc=sponsored&k=web.1.1.5&uuid=arF001a06eb923af601b&page_item_id=1271083605,Data Scientist,jobrapido,2026-09-04T19:20:23.260056,,,,
2697560328157265920,Senior Data Scientist ID71658,Morgan Stanley,Rosario,,,https://open.app.jobrapido.com/ar/2697560328157265920/?w=data%20scientist&l=&oc=sponsored&k=web.1.1.6&uuid=arF001a06eb923af601b&page_item_id=456299222,Data Scientist,jobrapido,2026-09-04T19:20:23.260536,,,,
8762344249380306944,Senior Data Scientist – MMM ID71005,AgileEngine,Rosario,,,https://open.app.jobrapido.com/ar/8762344249380306944/?w=data%20scientist&l=&oc=sponsored&k=web.1.1.7&uuid=arF001a06eb923af601b&page_item_id=677251289,Data Scientist,jobrapido,2026-09-04T19:20:23.261015,,,,
156745499334934528,Senior Data Scientist (MMM) ID71005,AgileEngine,Rosario,,,https://open.app.jobrapido.com/ar/156745499334934528/?w=data%20scientist&l=&oc=sponsored&k=web.1.1.8&uuid=arF001a06eb923af601b&page_item_id=-1514857055,Data Scientist,jobrapido,2026-09-04T19:20:23.261496,,,,
2135554047770361856,Senior Medical Scientist - Remote Medical Data Review Lead,"Syneos Health, Inc.",Rosario,,,https://open.app.jobrapido.com/ar/2135554047770361856/?w=data%20scientist&l=&oc=sponsored&k=web.1.1.9&uuid=arF001a06eb923af601b&page_item_id=-1278943246,Data Scientist,jobrapido,2026-09-04T19:20:23.261975,,,,
8883203031361912832,Data Scientist,SCALEUP,Capital Federal,,,https://open.app.jobrapido.com/ar/8883203031361912832/?w=data%20scientist&l=&oc=sponsored&k=web.1.1.10&uuid=arF001a06eb923af601b&page_item_id=-1390681789,Data Scientist,jobrapido,2026-09-04T19:20:23.262450,,,,
9022480918031368192,Data Scientist,Scale Up Recruiting Partners,Córdoba Capital,,,https://open.app.jobrapido.com/ar/9022480918031368192/?w=data%20scientist&l=&oc=sponsored&k=web.1.1.11&uuid=arF001a06eb923af601b&page_item_id=1098219528,Data Scientist,jobrapido,2026-09-04T19:20:23.262932,,,,
4925197016612470784,Data Scientist,Scale Up Recruiting Partners,Mendoza Capital,,,https://open.app.jobrapido.com/ar/4925197016612470784/?w=data%20scientist&l=&oc=sponsored&k=web.1.1.12&uuid=arF001a06eb923af601b&page_item_id=1603569621,Data Scientist,jobrapido,2026-09-04T19:20:23.263408,,,,
1779930480783654912,Data Scientist,Scale Up Recruiting Partners,Río Negro,,,https://open.app.jobrapido.com/ar/1779930480783654912/?w=data%20scientist&l=&oc=sponsored&k=web.1.1.13&uuid=arF001a06eb923af601b&page_item_id=863917801,Data Scientist,jobrapido,2026-09-04T19:20:23.263889,,,,
2942462767136768,Data Scientist,ID90 Travel,Córdoba Capital,,,https://open.app.jobrapido.com/ar/2942462767136768/?w=data%20scientist&l=&oc=sponsored&k=web.1.1.14&uuid=arF001a06eb923af601b&page_item_id=943813433,Data Scientist,jobrapido,2026-09-04T19:20:23.264366,,,,
3974851458452422656,Data Scientist,AccelOne,Capital Federal,,,https://open.app.jobrapido.com/ar/3974851458452422656/?w=data%20scientist&l=&oc=sponsored&k=web.1.1.15&uuid=arF001a06eb923af601b&page_item_id=1977674254,Data Scientist,jobrapido,2026-09-04T19:20:23.264845,,,,
5439588688260497408,Data Scientist,ID90 Travel,Córdoba,,,https://open.app.jobrapido.com/ar/5439588688260497408/?w=data%20scientist&l=&oc=sponsored&k=web.1.1.16&uuid=arF001a06eb923af601b&page_item_id=-877170202,Data Scientist,jobrapido,2026-09-04T19:20:23.265321,,,,
1248778334918148096,Data Scientist,Grupo Petersen,Capital Federal,,,https://open.app.jobrapido.com/ar/1248778334918148096/?w=data%20scientist&l=&oc=sponsored&k=web.1.1.17&uuid=arF001a06eb923af601b&page_item_id=-779731656,Data Scientist,jobrapido,2026-09-04T19:20:23.265799,,,,
8513175587173433344,"Senior Data Scientist, DTC",Levi Strauss & Co.,Puerto Santa Cruz,,,https://open.app.jobrapido.com/ar/8513175587173433344/?w=data%20scientist&l=&oc=sponsored&k=web.1.1.18&uuid=arF001a06eb923af601b&page_item_id=-620787999,Data Scientist,jobrapido,2026-09-04T19:20:23.266274,,,,
4066642606149337088,"Data Scientist Specialist, SoCo",Mondelēz International,Capital Federal,,,https://open.app.jobrapido.com/ar/4066642606149337088/?w=data%20scientist&l=&oc=sponsored&k=web.1.1.19&uuid=arF001a06eb923af601b&page_item_id=-1878080010,Data Scientist,jobrapido,2026-09-04T19:20:23.266757,,,,
8308941852069855232,GenAI Data Scientist — Remote (Argentina),Scale Up Recruiting Partners,Córdoba Capital,,,https://open.app.jobrapido.com/ar/8308941852069855232/?w=data%20scientist&l=&oc=sponsored&k=web.1.2.0&uuid=arF001a06ebb37cf61f2&page_item_id=-1136225991,Data Scientist,jobrapido,2026-09-04T19:22:39.682625,,,,
7441723771016183808,Product Data Scientist,Marathon Talent,Capital Federal,,,https://open.app.jobrapido.com/ar/7441723771016183808/?w=data%20scientist&l=&oc=sponsored&k=web.1.2.1&uuid=arF001a06ebb37cf61f2&page_item_id=-726577668,Data Scientist,jobrapido,2026-09-04T19:22:39.683176,,,,
1814042004401684480,Sr Data Scientist,"Despegar.com, Inc",Capital Federal,,,https://open.app.jobrapido.com/ar/1814042004401684480/?w=data%20scientist&l=&oc=sponsored&k=web.1.2.2&uuid=arF001a06ebb37cf61f2&page_item_id=-58580619,Data Scientist,jobrapido,2026-09-04T19:22:39.683663,,,,
4147909091106226176,GenAI Data Scientist — Remote (Argentina),Scale Up Recruiting Partners,Río Negro,,,https://open.app.jobrapido.com/ar/4147909091106226176/?w=data%20scientist&l=&oc=sponsored&k=web.1.2.3&uuid=arF001a06ebb37cf61f2&page_item_id=168767708,Data Scientist,jobrapido,2026-09-04T19:22:39.684148,,,,
6265491245510950912,Data Scientist Sr,FYG | For Your Growth,Capital Federal,,,https://open.app.jobrapido.com/ar/6265491245510950912/?w=data%20scientist&l=&oc=sponsored&k=web.1.2.4&uuid=arF001a06ebb37cf61f2&page_item_id=-1784171509,Data Scientist,jobrapido,2026-09-04T19:22:39.684633,,,,
8398077060710400000,Senior Data Scientist – MMM ID71005,"AgileEngine, LLC.",Santiago Del Estero Capital,,,https://open.app.jobrapido.com/ar/8398077060710400000/?w=data%20scientist&l=&oc=sponsored&k=web.1.2.5&uuid=arF001a06ebb37cf61f2&page_item_id=-533614567,Data Scientist,jobrapido,2026-09-04T19:22:39.685114,,,,
7362341505391919104,Senior Data Scientist – MMM ID71005,"AgileEngine, LLC.",Mendoza Capital,,,https://open.app.jobrapido.com/ar/7362341505391919104/?w=data%20scientist&l=&oc=sponsored&k=web.1.2.6&uuid=arF001a06ebb37cf61f2&page_item_id=-1098372477,Data Scientist,jobrapido,2026-09-04T19:22:39.685597,,,,
4585498501164564480,Senior Data Scientist – MMM ID71005,"AgileEngine, LLC.",Córdoba Capital,,,https://open.app.jobrapido.com/ar/4585498501164564480/?w=data%20scientist&l=&oc=sponsored&k=web.1.2.7&uuid=arF001a06ebb37cf61f2&page_item_id=220739941,Data Scientist,jobrapido,2026-09-04T19:22:39.686078,,,,
1811588993960116224,Senior Data Scientist – MMM ID71005,"AgileEngine, LLC.",San Carlos De Bariloche,,,https://open.app.jobrapido.com/ar/1811588993960116224/?w=data%20scientist&l=&oc=sponsored&k=web.1.2.8&uuid=arF001a06ebb37cf61f2&page_item_id=-1871728146,Data Scientist,jobrapido,2026-09-04T19:22:39.686562,,,,
1705538898437865472,Senior Data Scientist – MMM ID71005,"AgileEngine, LLC.",Capital Federal,,,https://open.app.jobrapido.com/ar/1705538898437865472/?w=data%20scientist&l=&oc=sponsored&k=web.1.2.9&uuid=arF001a06ebb37cf61f2&page_item_id=-41068062,Data Scientist,jobrapido,2026-09-04T19:22:39.687040,,,,
2403457202703564800,Data Scientist (LATAM),Startups BPO,Capital Federal,,,https://open.app.jobrapido.com/ar/2403457202703564800/?w=data%20scientist&l=&oc=sponsored&k=web.1.2.10&uuid=arF001a06ebb37cf61f2&page_item_id=123564522,Data Scientist,jobrapido,2026-09-04T19:22:39.687520,,,,
4913435695348973568,"Manager, Clinical Data Scientist, Clinical Data Sciences","Pfizer, S.A. de C.V",Capital Federal,,,https://open.app.jobrapido.com/ar/4913435695348973568/?w=data%20scientist&l=&oc=sponsored&k=web.1.2.11&uuid=arF001a06ebb37cf61f2&page_item_id=1617067979,Data Scientist,jobrapido,2026-09-04T19:22:39.687998,,,,
675316638018437120,"Data Scientist Specialist — Hybrid, Forecasting Pro",Mondelēz International,Capital Federal,,,https://open.app.jobrapido.com/ar/675316638018437120/?w=data%20scientist&l=&oc=sponsored&k=web.1.2.12&uuid=arF001a06ebb37cf61f2&page_item_id=-775828519,Data Scientist,jobrapido,2026-09-04T19:22:39.688478,,,,
7177883036669706240,Senior Data Scientist - Remote MMM & MultiObjective Analytics,"AgileEngine, LLC.",San Carlos De Bariloche,,,https://open.app.jobrapido.com/ar/7177883036669706240/?w=data%20scientist&l=&oc=sponsored&k=web.1.2.13&uuid=arF001a06ebb37cf61f2&page_item_id=-519941331,Data Scientist,jobrapido,2026-09-04T19:22:39.688960,,,,
9142360670807785472,Senior Data Scientist - Meridian MMM TimeSeries (Remote),"AgileEngine, LLC.",Mar Del Plata,,,https://open.app.jobrapido.com/ar/9142360670807785472/?w=data%20scientist&l=&oc=sponsored&k=web.1.2.14&uuid=arF001a06ebb37cf61f2&page_item_id=1843828299,Data Scientist,jobrapido,2026-09-04T19:22:39.689435,,,,
2151793628354183168,Senior Data Scientist: Cost Insights & Experimentation (1Y),Xometry,Rincón De Los Sauces,,,https://open.app.jobrapido.com/ar/2151793628354183168/?w=data%20scientist&l=&oc=sponsored&k=web.1.2.15&uuid=arF001a06ebb37cf61f2&page_item_id=79044979,Data Scientist,jobrapido,2026-09-04T19:22:39.689915,,,,
2209660581726650368,Senior Data Scientist — MMM Attribution & AI (Remote),"AgileEngine, LLC.",Capital Federal,,,https://open.app.jobrapido.com/ar/2209660581726650368/?w=data%20scientist&l=&oc=sponsored&k=web.1.2.16&uuid=arF001a06ebb37cf61f2&page_item_id=-1758449694,Data Scientist,jobrapido,2026-09-04T19:22:39.690394,,,,
6897366078184226816,Senior Data Scientist — Global ML & AI Lead,Levi Strauss & Co.,Puerto Santa Cruz,,,https://open.app.jobrapido.com/ar/6897366078184226816/?w=data%20scientist&l=&oc=sponsored&k=web.1.2.17&uuid=arF001a06ebb37cf61f2&page_item_id=929356262,Data Scientist,jobrapido,2026-09-04T19:22:39.690877,,,,
4438808256856457216,Senior Data Scientist - Meridian MMM (Remote),"AgileEngine, LLC.",Santiago Del Estero Capital,,,https://open.app.jobrapido.com/ar/4438808256856457216/?w=data%20scientist&l=&oc=sponsored&k=web.1.2.18&uuid=arF001a06ebb37cf61f2&page_item_id=-1214861683,Data Scientist,jobrapido,2026-09-04T19:22:39.691355,,,,
1290509199238758400,Remote Senior Data Scientist — Risk & Threat ML,Lato Jobs,Remoto,,,https://open.app.jobrapido.com/ar/1290509199238758400/?w=data%20scientist&l=&oc=sponsored&k=web.1.2.19&uuid=arF001a06ebb37cf61f2&page_item_id=1023411194,Data Scientist,jobrapido,2026-09-04T19:22:39.691839,,,,
3150241256861335552,Remote Data Scientist: Travel Personalization & Insights,Zicasso,Remoto,,,https://open.app.jobrapido.com/ar/3150241256861335552/?w=data%20scientist&l=&oc=sponsored&k=web.1.3.0&uuid=arF001a06ebd3a63637c&page_item_id=-1596144776,Data Scientist,jobrapido,2026-09-04T19:24:51.063329,,,,
7977488024562827264,"Data Scientist — Python, AI & Big Data (Remoto)",MindIT HR Agency,Capital Federal,,,https://open.app.jobrapido.com/ar/7977488024562827264/?w=data%20scientist&l=&oc=sponsored&k=web.1.3.1&uuid=arF001a06ebd3a63637c&page_item_id=1981409493,Data Scientist,jobrapido,2026-09-04T19:24:51.063885,,,,
1349482398747721728,Remote Data Scientist — GenAI & Open-Source Tools,SCALEUP,Capital Federal,,,https://open.app.jobrapido.com/ar/1349482398747721728/?w=data%20scientist&l=&oc=sponsored&k=web.1.3.2&uuid=arF001a06ebd3a63637c&page_item_id=-1459971014,Data Scientist,jobrapido,2026-09-04T19:24:51.064370,,,,
1759582093966311424,"Senior Data Scientist, Meridian MMM & Time‑Series","AgileEngine, LLC.",Córdoba Capital,,,https://open.app.jobrapido.com/ar/1759582093966311424/?w=data%20scientist&l=&oc=sponsored&k=web.1.3.3&uuid=arF001a06ebd3a63637c&page_item_id=840223143,Data Scientist,jobrapido,2026-09-04T19:24:51.064862,,,,
889824415930384384,Remote Data Scientist — GenAI & RAG Pipelines (Python),Scale Up Recruiting Partners,Mendoza Capital,,,https://open.app.jobrapido.com/ar/889824415930384384/?w=data%20scientist&l=&oc=sponsored&k=web.1.3.4&uuid=arF001a06ebd3a63637c&page_item_id=-354500525,Data Scientist,jobrapido,2026-09-04T19:24:51.065347,,,,
8356604736241139712,Remote Data Scientist: NLP & Production Analytics,IV.AI,Remoto,,,https://open.app.jobrapido.com/ar/8356604736241139712/?w=data%20scientist&l=&oc=sponsored&k=web.1.3.5&uuid=arF001a06ebd3a63637c&page_item_id=-1311630890,Data Scientist,jobrapido,2026-09-04T19:24:51.065836,,,,
1402334428046295040,Clinical Data Scientist & Trial Lead | Data Management & RBM,"Pfizer, S.A. de C.V",Capital Federal,,,https://open.app.jobrapido.com/ar/1402334428046295040/?w=data%20scientist&l=&oc=sponsored&k=web.1.3.6&uuid=arF001a06ebd3a63637c&page_item_id=-1727857718,Data Scientist,jobrapido,2026-09-04T19:24:51.066318,,,,
5369469052186001408,"Senior Data Scientist New Buenos Aires, Argentina",Xometry,Capital Federal,,,https://open.app.jobrapido.com/ar/5369469052186001408/?w=data%20scientist&l=&oc=sponsored&k=web.1.3.7&uuid=arF001a06ebd3a63637c&page_item_id=1688331295,Data Scientist,jobrapido,2026-09-04T19:24:51.066801,,,,
8724133935392489472,Senior Data Scientist - MMM ID71005,"AgileEngine, LLC.",Mendoza,,,https://open.app.jobrapido.com/ar/8724133935392489472/?w=data%20scientist&l=&oc=sponsored&k=web.1.3.8&uuid=arF001a06ebd3a63637c&page_item_id=-738760851,Data Scientist,jobrapido,2026-09-04T19:24:51.067278,,,,
4692849318942474240,Senior Data Scientist - MMM ID71005,"AgileEngine, LLC.",Santiago Del Estero,,,https://open.app.jobrapido.com/ar/4692849318942474240/?w=data%20scientist&l=&oc=sponsored&k=web.1.3.9&uuid=arF001a06ebd3a63637c&page_item_id=1768278758,Data Scientist,jobrapido,2026-09-04T19:24:51.067763,,,,
3347243899126022144,Senior Data Scientist - MMM ID71005,"AgileEngine, LLC.",Capital Federal,,,https://open.app.jobrapido.com/ar/3347243899126022144/?w=data%20scientist&l=&oc=sponsored&k=web.1.3.10&uuid=arF001a06ebd3a63637c&page_item_id=1514129955,Data Scientist,jobrapido,2026-09-04T19:24:51.068240,,,,
3206491017607905280,Senior Data Scientist - MMM ID71005,"AgileEngine, LLC.",Córdoba,,,https://open.app.jobrapido.com/ar/3206491017607905280/?w=data%20scientist&l=&oc=sponsored&k=web.1.3.11&uuid=arF001a06ebd3a63637c&page_item_id=1828886453,Data Scientist,jobrapido,2026-09-04T19:24:51.068725,,,,
286640033513865216,Senior Data Scientist - MMM ID71005,"AgileEngine, LLC.",San Carlos De Bariloche,,,https://open.app.jobrapido.com/ar/286640033513865216/?w=data%20scientist&l=&oc=sponsored&k=web.1.3.12&uuid=arF001a06ebd3a63637c&page_item_id=442346065,Data Scientist,jobrapido,2026-09-04T19:24:51.069205,,,,
665187747924803584,Decision Scientist - Data & AI Implementation,Nivii,Capital Federal,,,https://open.app.jobrapido.com/ar/665187747924803584/?w=data%20scientist&l=&oc=sponsored&k=web.1.3.13&uuid=arF001a06ebd3a63637c&page_item_id=-950834482,Data Scientist,jobrapido,2026-09-04T19:24:51.069688,,,,
3615423306355703808,Senior Data Scientist – MMM ID71005,AgileEngine,Municipalidad De San Miguel De Tucumán,,,https://open.app.jobrapido.com/ar/3615423306355703808/?w=data%20scientist&l=&oc=sponsored&k=web.1.3.14&uuid=arF001a06ebd3a63637c&page_item_id=425533975,Data Scientist,jobrapido,2026-09-04T19:24:51.070170,,,,
1284587573208940544,Senior Data Scientist: Personalización y Marketing IA,"Despegar.com, Inc",Capital Federal,,,https://open.app.jobrapido.com/ar/1284587573208940544/?w=data%20scientist&l=&oc=sponsored&k=web.1.3.15&uuid=arF001a06ebd3a63637c&page_item_id=1487920765,Data Scientist,jobrapido,2026-09-04T19:24:51.070657,,,,
1375720388318724096,Senior Data Scientist — 1-Year Contract (Pricing & Modeling),Xometry,Capital Federal,,,https://open.app.jobrapido.com/ar/1375720388318724096/?w=data%20scientist&l=&oc=sponsored&k=web.1.3.16&uuid=arF001a06ebd3a63637c&page_item_id=1676584077,Data Scientist,jobrapido,2026-09-04T19:24:51.071139,,,,
112108161925644288,"Senior Data Scientist Lead — Remote, AWS & ML Strategy",Coderio,Rincón De Los Sauces,,,https://open.app.jobrapido.com/ar/112108161925644288/?w=data%20scientist&l=&oc=sponsored&k=web.1.3.17&uuid=arF001a06ebd3a63637c&page_item_id=1458229657,Data Scientist,jobrapido,2026-09-04T19:24:51.071627,,,,
8975828794283655168,Data Scientist & SQL Architect - Digital Engineering,Quality Ai,Remoto,,,https://open.app.jobrapido.com/ar/8975828794283655168/?w=data%20scientist&l=&oc=sponsored&k=web.1.3.18&uuid=arF001a06ebd3a63637c&page_item_id=-1152231868,Data Scientist,jobrapido,2026-09-04T19:24:51.072106,,,,
4241528589201178624,Hybrid Data Scientist — Travel Tech & End-to-End ML,ID90 Travel,Córdoba Capital,,,https://open.app.jobrapido.com/ar/4241528589201178624/?w=data%20scientist&l=&oc=sponsored&k=web.1.3.19&uuid=arF001a06ebd3a63637c&page_item_id=-255913382,Data Scientist,jobrapido,2026-09-04T19:24:51.072590,,,,
5084718716235546624,Inventory Analyst I,Advanced Energy Management Limited,Rosario,,,https://open.app.jobrapido.com/ar/5084718716235546624/?w=data%20analyst&l=&oc=sponsored&k=web.1.1.0&uuid=arF001a06ebf73fc6589&page_item_id=1190541243,Data Analyst,jobrapido,2026-09-04T19:27:16.886601,,,,
6985312096279855104,Revenue Management Analyst ID86906,AgileEngine,Rosario,,,https://open.app.jobrapido.com/ar/6985312096279855104/?w=data%20analyst&l=&oc=sponsored&k=web.1.1.1&uuid=arF001a06ebf73fc6589&page_item_id=677394960,Data Analyst,jobrapido,2026-09-04T19:27:16.887144,,,,
8742548556134481920,Revenue Management Analyst ID86906,AgileEngine,Rosario,,,https://open.app.jobrapido.com/ar/8742548556134481920/?w=data%20analyst&l=&oc=sponsored&k=web.1.1.2&uuid=arF001a06ebf73fc6589&page_item_id=-2121314578,Data Analyst,jobrapido,2026-09-04T19:27:16.887628,,,,
7591358576182951936,Senior Business Analyst ID85837,AgileEngine,Rosario,,,https://open.app.jobrapido.com/ar/7591358576182951936/?w=data%20analyst&l=&oc=sponsored&k=web.1.1.3&uuid=arF001a06ebf73fc6589&page_item_id=557106834,Data Analyst,jobrapido,2026-09-04T19:27:16.888106,,,,
8874994283707367424,Senior Data Analyst ID80370,AgileEngine,Rosario,,,https://open.app.jobrapido.com/ar/8874994283707367424/?w=data%20analyst&l=&oc=sponsored&k=web.1.1.4&uuid=arF001a06ebf73fc6589&page_item_id=239914691,Data Analyst,jobrapido,2026-09-04T19:27:16.888586,,,,
886547063825760256,Data Analyst - Semi Senior,PwC,Rosario,,,https://open.app.jobrapido.com/ar/886547063825760256/?w=data%20analyst&l=&oc=sponsored&k=web.1.1.5&uuid=arF001a06ebf73fc6589&page_item_id=-1980256915,Data Analyst,jobrapido,2026-09-04T19:27:16.889061,,,,
5505237795955802112,Senior Credit Retail Analyst - Data-Driven Risk & Insights,TSB Bank,Rosario,,,https://open.app.jobrapido.com/ar/5505237795955802112/?w=data%20analyst&l=&oc=sponsored&k=web.1.1.6&uuid=arF001a06ebf73fc6589&page_item_id=-1346558617,Data Analyst,jobrapido,2026-09-04T19:27:16.889541,,,,
6980965572196433920,Senior Business Analyst ID77078,AgileEngine,Rosario,,,https://open.app.jobrapido.com/ar/6980965572196433920/?w=data%20analyst&l=&oc=sponsored&k=web.1.1.7&uuid=arF001a06ebf73fc6589&page_item_id=-611181757,Data Analyst,jobrapido,2026-09-04T19:27:16.890014,,,,
3677629482367188992,Data Analyst,Vintti,Capital Federal,,,https://open.app.jobrapido.com/ar/3677629482367188992/?w=data%20analyst&l=&oc=sponsored&k=web.1.1.8&uuid=arF001a06ebf73fc6589&page_item_id=817043781,Data Analyst,jobrapido,2026-09-04T19:27:16.890484,,,,
1365118553606324224,Strategic Data & Projects Analyst,Contactica,Capital Federal,,,https://open.app.jobrapido.com/ar/1365118553606324224/?w=data%20analyst&l=&oc=sponsored&k=web.1.1.9&uuid=arF001a06ebf73fc6589&page_item_id=1935113489,Data Analyst,jobrapido,2026-09-04T19:27:16.890959,,,,
2046842443164286976,Data Analyst,Fusemachines,Capital Federal,,,https://open.app.jobrapido.com/ar/2046842443164286976/?w=data%20analyst&l=&oc=sponsored&k=web.1.1.10&uuid=arF001a06ebf73fc6589&page_item_id=-1245988877,Data Analyst,jobrapido,2026-09-04T19:27:16.891428,,,,
378997360979607552,Strategic Data & Projects Analyst,Contáctica,Capital Federal,,,https://open.app.jobrapido.com/ar/378997360979607552/?w=data%20analyst&l=&oc=sponsored&k=web.1.1.11&uuid=arF001a06ebf73fc6589&page_item_id=288736453,Data Analyst,jobrapido,2026-09-04T19:27:16.891906,,,,
6277780091837612032,Infrastructure Data & Analytics Analyst,JPMorganChase,Capital Federal,,,https://open.app.jobrapido.com/ar/6277780091837612032/?w=data%20analyst&l=&oc=sponsored&k=web.1.1.12&uuid=arF001a06ebf73fc6589&page_item_id=-242653053,Data Analyst,jobrapido,2026-09-04T19:27:16.892377,,,,
1262614176925220864,Data Analyst Excel - Remote,YO IT Consulting,Remoto,,,https://open.app.jobrapido.com/ar/1262614176925220864/?w=data%20analyst&l=&oc=sponsored&k=web.1.1.13&uuid=arF001a06ebf73fc6589&page_item_id=-1451174182,Data Analyst,jobrapido,2026-09-04T19:27:16.892852,,,,
4841471697238360064,Data analyst,AnnexBox,Capital Federal,,,https://open.app.jobrapido.com/ar/4841471697238360064/?w=data%20analyst&l=&oc=sponsored&k=web.1.1.14&uuid=arF001a06ebf73fc6589&page_item_id=-1654429483,Data Analyst,jobrapido,2026-09-04T19:27:16.893322,,,,
5022526593357053952,Data analyst,AnnexBox,Posadas,,,https://open.app.jobrapido.com/ar/5022526593357053952/?w=data%20analyst&l=&oc=sponsored&k=web.1.1.15&uuid=arF001a06ebf73fc6589&page_item_id=-1891427258,Data Analyst,jobrapido,2026-09-04T19:27:16.893794,,,,
6603086378035052544,Data analyst,AnnexBox,Córdoba,,,https://open.app.jobrapido.com/ar/6603086378035052544/?w=data%20analyst&l=&oc=sponsored&k=web.1.1.16&uuid=arF001a06ebf73fc6589&page_item_id=2107146954,Data Analyst,jobrapido,2026-09-04T19:27:16.894268,,,,
5501733961635725312,Data analyst,AnnexBox,Corrientes,,,https://open.app.jobrapido.com/ar/5501733961635725312/?w=data%20analyst&l=&oc=sponsored&k=web.1.1.17&uuid=arF001a06ebf73fc6589&page_item_id=218991212,Data Analyst,jobrapido,2026-09-04T19:27:16.894743,,,,
7545525794756362240,Senior Data Governance Analyst,Blend,Esquel,,,https://open.app.jobrapido.com/ar/7545525794756362240/?w=data%20analyst&l=&oc=sponsored&k=web.1.1.18&uuid=arF001a06ebf73fc6589&page_item_id=-1568464979,Data Analyst,jobrapido,2026-09-04T19:27:16.895214,,,,
8276848207166701568,Data Analyst / Data Engineer,Pavago,Remoto,,,https://open.app.jobrapido.com/ar/8276848207166701568/?w=data%20analyst&l=&oc=sponsored&k=web.1.1.19&uuid=arF001a06ebf73fc6589&page_item_id=1667717814,Data Analyst,jobrapido,2026-09-04T19:27:16.895690,,,,
6870944470171385856,"Data Analyst, Operations",Brainlabs,Capital Federal,,,https://open.app.jobrapido.com/ar/6870944470171385856/?w=data%20analyst&l=&oc=sponsored&k=web.1.2.0&uuid=arF001a06ec157a266b6&page_item_id=-212467241,Data Analyst,jobrapido,2026-09-04T19:29:20.879825,,,,
6090159427673915392,Campaign Data Analyst,Blend,Capital Federal,,,https://open.app.jobrapido.com/ar/6090159427673915392/?w=data%20analyst&l=&oc=sponsored&k=web.1.2.1&uuid=arF001a06ec157a266b6&page_item_id=1415589781,Data Analyst,jobrapido,2026-09-04T19:29:20.880373,,,,
7576767318147989504,Sr. Data Analyst,PwC,Vicente López,,,https://open.app.jobrapido.com/ar/7576767318147989504/?w=data%20analyst&l=&oc=sponsored&k=web.1.2.2&uuid=arF001a06ec157a266b6&page_item_id=-909584127,Data Analyst,jobrapido,2026-09-04T19:29:20.880860,,,,
7782323404962529280,"Business, Data & Projects Analyst",Contactica,Capital Federal,,,https://open.app.jobrapido.com/ar/7782323404962529280/?w=data%20analyst&l=&oc=sponsored&k=web.1.2.3&uuid=arF001a06ec157a266b6&page_item_id=-1221062220,Data Analyst,jobrapido,2026-09-04T19:29:20.881337,,,,
3255108673009090560,"Business, Data & Projects Analyst",Contáctica,Capital Federal,,,https://open.app.jobrapido.com/ar/3255108673009090560/?w=data%20analyst&l=&oc=sponsored&k=web.1.2.4&uuid=arF001a06ec157a266b6&page_item_id=1779573586,Data Analyst,jobrapido,2026-09-04T19:29:20.881827,,,,
2491756782506999808,"Data Analyst: Data Pipelines, CRM & BigQuery (Hybrid)",Brainlabs,Capital Federal,,,https://open.app.jobrapido.com/ar/2491756782506999808/?w=data%20analyst&l=&oc=sponsored&k=web.1.2.5&uuid=arF001a06ec157a266b6&page_item_id=1667252197,Data Analyst,jobrapido,2026-09-04T19:29:20.882309,,,,
2679129163201249280,Targeting & Alignment Data Analyst II,Syneos Health Commercial Solutions,Capital Federal,,,https://open.app.jobrapido.com/ar/2679129163201249280/?w=data%20analyst&l=&oc=sponsored&k=web.1.2.6&uuid=arF001a06ec157a266b6&page_item_id=452786150,Data Analyst,jobrapido,2026-09-04T19:29:20.882793,,,,
6292396999417266176,Remote Eligibility & Accumulator Data Analyst,"Svitla Systems, Inc.",Remoto,,,https://open.app.jobrapido.com/ar/6292396999417266176/?w=data%20analyst&l=&oc=sponsored&k=web.1.2.7&uuid=arF001a06ec157a266b6&page_item_id=-320208011,Data Analyst,jobrapido,2026-09-04T19:29:20.883270,,,,
4933666709300051968,Clinical Data & Reporting Operations Analyst,Syneos Health,Capital Federal,,,https://open.app.jobrapido.com/ar/4933666709300051968/?w=data%20analyst&l=&oc=sponsored&k=web.1.2.8&uuid=arF001a06ec157a266b6&page_item_id=2044680647,Data Analyst,jobrapido,2026-09-04T19:29:20.883751,,,,
2554983253769453568,Cyber Resilience Data Analyst (Hybrid),Syneos Health,Capital Federal,,,https://open.app.jobrapido.com/ar/2554983253769453568/?w=data%20analyst&l=&oc=sponsored&k=web.1.2.9&uuid=arF001a06ec157a266b6&page_item_id=1378537527,Data Analyst,jobrapido,2026-09-04T19:29:20.884227,,,,
6117506944736428032,"Data Analyst II, Targeting & Alignment",Syneos Health Commercial Solutions,Capital Federal,,,https://open.app.jobrapido.com/ar/6117506944736428032/?w=data%20analyst&l=&oc=sponsored&k=web.1.2.10&uuid=arF001a06ec157a266b6&page_item_id=880158606,Data Analyst,jobrapido,2026-09-04T19:29:20.884705,,,,
3429796486269894656,"Aquiva, Argentina - Salesforce Data Analyst","Aquiva Labs, Inc.",Capital Federal,,,https://open.app.jobrapido.com/ar/3429796486269894656/?w=data%20analyst&l=&oc=sponsored&k=web.1.2.11&uuid=arF001a06ec157a266b6&page_item_id=910702387,Data Analyst,jobrapido,2026-09-04T19:29:20.885176,,,,
1155337936959438848,Data and Reporting Analyst Jr,Minders,Capital Federal,,,https://open.app.jobrapido.com/ar/1155337936959438848/?w=data%20analyst&l=&oc=sponsored&k=web.1.2.12&uuid=arF001a06ec157a266b6&page_item_id=167305844,Data Analyst,jobrapido,2026-09-04T19:29:20.885656,,,,
5753656093016326144,Data and Reporting Analyst Jr,Minders,Esquel,,,https://open.app.jobrapido.com/ar/5753656093016326144/?w=data%20analyst&l=&oc=sponsored&k=web.1.2.13&uuid=arF001a06ec157a266b6&page_item_id=-200424120,Data Analyst,jobrapido,2026-09-04T19:29:20.886130,,,,
4477868132555292672,Data-Driven Tech Business Analyst | Process & Automation,Ccsao,La Plata,,,https://open.app.jobrapido.com/ar/4477868132555292672/?w=data%20analyst&l=&oc=sponsored&k=web.1.2.14&uuid=arF001a06ec157a266b6&page_item_id=-318182430,Data Analyst,jobrapido,2026-09-04T19:29:20.886610,,,,
6351332248595202048,"Remote Data Quality Analyst – SQL, Python & Observability","FirstPoint, Inc.",Remoto,,,https://open.app.jobrapido.com/ar/6351332248595202048/?w=data%20analyst&l=&oc=sponsored&k=web.1.2.15&uuid=arF001a06ec157a266b6&page_item_id=-921620089,Data Analyst,jobrapido,2026-09-04T19:29:20.887093,,,,
6064140034758410240,Data Analyst - Open application,3M HEALTHCARE,Remoto,,,https://open.app.jobrapido.com/ar/6064140034758410240/?w=data%20analyst&l=&oc=sponsored&k=web.1.2.16&uuid=arF001a06ec157a266b6&page_item_id=-632785448,Data Analyst,jobrapido,2026-09-04T19:29:20.887573,,,,
7602978764821102592,Hybrid Data Analyst: AI-Driven Insights & Quality,"AppDirect, Inc",Capital Federal,,,https://open.app.jobrapido.com/ar/7602978764821102592/?w=data%20analyst&l=&oc=sponsored&k=web.1.2.17&uuid=arF001a06ec157a266b6&page_item_id=-1286536521,Data Analyst,jobrapido,2026-09-04T19:29:20.888049,,,,
6177466337456029696,Senior Performance Data Analyst,Betwarrior,Capital Federal,,,https://open.app.jobrapido.com/ar/6177466337456029696/?w=data%20analyst&l=&oc=sponsored&k=web.1.2.18&uuid=arF001a06ec157a266b6&page_item_id=-187945279,Data Analyst,jobrapido,2026-09-04T19:29:20.888528,,,,
8753527884112461824,Data Analyst Ssr,GMA Consultores,Capital Federal,,,https://open.app.jobrapido.com/ar/8753527884112461824/?w=data%20analyst&l=&oc=sponsored&k=web.1.2.19&uuid=arF001a06ec157a266b6&page_item_id=-1528718274,Data Analyst,jobrapido,2026-09-04T19:29:20.889004,,,,
6377084683523457024,Senior Data & Reporting Analyst,GMA Consultores,Capital Federal,,,https://open.app.jobrapido.com/ar/6377084683523457024/?w=data%20analyst&l=&oc=sponsored&k=web.1.3.1&uuid=arF001a06ec3548967e5&page_item_id=1445160311,Data Analyst,jobrapido,2026-09-04T19:31:31.132565,,,,
7447980060897705984,AI Data Security & DLP Analyst (Remote),Alignerr,Rincón De Los Sauces,,,https://open.app.jobrapido.com/ar/7447980060897705984/?w=data%20analyst&l=&oc=sponsored&k=web.1.3.2&uuid=arF001a06ec3548967e5&page_item_id=-303596160,Data Analyst,jobrapido,2026-09-04T19:31:31.133068,,,,
1690292125314318336,"Remote Senior Data Analyst — BI, Snowflake & Visualization",North Eastern Services,Capital Federal,,,https://open.app.jobrapido.com/ar/1690292125314318336/?w=data%20analyst&l=&oc=sponsored&k=web.1.3.3&uuid=arF001a06ec3548967e5&page_item_id=2027411464,Data Analyst,jobrapido,2026-09-04T19:31:31.133565,,,,
7223071813520064512,Data Quality Assurance Analyst,Assurant,Capital Federal,,,https://open.app.jobrapido.com/ar/7223071813520064512/?w=data%20analyst&l=&oc=sponsored&k=web.1.3.4&uuid=arF001a06ec3548967e5&page_item_id=197937841,Data Analyst,jobrapido,2026-09-04T19:31:31.134053,,,,
7820808321979383808,Senior Salesforce Data Cloud Analyst — Marketing Data Flows,AgileEngine,Mendoza Capital,,,https://open.app.jobrapido.com/ar/7820808321979383808/?w=data%20analyst&l=&oc=sponsored&k=web.1.3.5&uuid=arF001a06ec3548967e5&page_item_id=1057448563,Data Analyst,jobrapido,2026-09-04T19:31:31.134540,,,,
4278650300778151936,Senior Data Analyst - Education Growth & AI Insights,Brightwheel,Remoto,,,https://open.app.jobrapido.com/ar/4278650300778151936/?w=data%20analyst&l=&oc=sponsored&k=web.1.3.6&uuid=arF001a06ec3548967e5&page_item_id=2011545159,Data Analyst,jobrapido,2026-09-04T19:31:31.135020,,,,
2833317252177068032,"Remote Data Migration Analyst - SQL, Python, ETL",Vintti,Capital Federal,,,https://open.app.jobrapido.com/ar/2833317252177068032/?w=data%20analyst&l=&oc=sponsored&k=web.1.3.7&uuid=arF001a06ec3548967e5&page_item_id=227301049,Data Analyst,jobrapido,2026-09-04T19:31:31.135503,,,,
4516582366466015232,Senior AI-Driven Data Governance Analyst,Blend,Esquel,,,https://open.app.jobrapido.com/ar/4516582366466015232/?w=data%20analyst&l=&oc=sponsored&k=web.1.3.8&uuid=arF001a06ec3548967e5&page_item_id=-1819036810,Data Analyst,jobrapido,2026-09-04T19:31:31.135985,,,,
3180279914532175872,"Campaign Data Analyst: SQL, ETL & Validation",Blend,Capital Federal,,,https://open.app.jobrapido.com/ar/3180279914532175872/?w=data%20analyst&l=&oc=sponsored&k=web.1.3.9&uuid=arF001a06ec3548967e5&page_item_id=-290130932,Data Analyst,jobrapido,2026-09-04T19:31:31.136463,,,,
2986415037934993408,Global SCM Data Analyst: Procurement & Analytics,Chevron,Esquel,,,https://open.app.jobrapido.com/ar/2986415037934993408/?w=data%20analyst&l=&oc=sponsored&k=web.1.3.10&uuid=arF001a06ec3548967e5&page_item_id=1066395224,Data Analyst,jobrapido,2026-09-04T19:31:31.136948,,,,
9149930962983845888,Remote Data Analyst — Product & Customer Analytics,Oowlish,Esquel,,,https://open.app.jobrapido.com/ar/9149930962983845888/?w=data%20analyst&l=&oc=sponsored&k=web.1.3.11&uuid=arF001a06ec3548967e5&page_item_id=-1789314215,Data Analyst,jobrapido,2026-09-04T19:31:31.137435,,,,
6768652660011696128,Remote CRO Data and Integration Business Analyst,Bertoni Solutions,Capital Federal,,,https://open.app.jobrapido.com/ar/6768652660011696128/?w=data%20analyst&l=&oc=sponsored&k=web.1.3.12&uuid=arF001a06ec3548967e5&page_item_id=-532238120,Data Analyst,jobrapido,2026-09-04T19:31:31.137923,,,,
6710914401039286272,Junior Data Analyst,Halaxia,Remoto,,,https://open.app.jobrapido.com/ar/6710914401039286272/?w=data%20analyst&l=&oc=sponsored&k=web.1.3.13&uuid=arF001a06ec3548967e5&page_item_id=-858509245,Data Analyst,jobrapido,2026-09-04T19:31:31.138400,,,,
3141715557800214528,"Senior Data Analyst, B2B — Remote Growth & Insights",Cookunity,Remoto,,,https://open.app.jobrapido.com/ar/3141715557800214528/?w=data%20analyst&l=&oc=sponsored&k=web.1.3.14&uuid=arF001a06ec3548967e5&page_item_id=-433180536,Data Analyst,jobrapido,2026-09-04T19:31:31.138888,,,,
8344351778661203968,Junior Data & Reporting Analyst (Part-Time) — Hybrid,Minders,Esquel,,,https://open.app.jobrapido.com/ar/8344351778661203968/?w=data%20analyst&l=&oc=sponsored&k=web.1.3.15&uuid=arF001a06ec3548967e5&page_item_id=244312520,Data Analyst,jobrapido,2026-09-04T19:31:31.139371,,,,
3908991880179744768,SCM Data Analytics Analyst – Procurement & Supply Chain,Chevron Corporation,Capital Federal (Puerto Madero),,,https://open.app.jobrapido.com/ar/3908991880179744768/?w=data%20analyst&l=&oc=sponsored&k=web.1.3.16&uuid=arF001a06ec3548967e5&page_item_id=-1855497310,Data Analyst,jobrapido,2026-09-04T19:31:31.139868,,,,
8219227355420295168,Senior Data Analyst - Enterprise Risk & Insights,PwC,Vicente López,,,https://open.app.jobrapido.com/ar/8219227355420295168/?w=data%20analyst&l=&oc=sponsored&k=web.1.3.17&uuid=arF001a06ec3548967e5&page_item_id=1997808645,Data Analyst,jobrapido,2026-09-04T19:31:31.140350,,,,
2358935777871659008,Data Visualization Analyst,BairesHR,Capital Federal,,,https://open.app.jobrapido.com/ar/2358935777871659008/?w=data%20analyst&l=&oc=sponsored&k=web.1.3.18&uuid=arF001a06ec3548967e5&page_item_id=-2127051841,Data Analyst,jobrapido,2026-09-04T19:31:31.140835,,,,
4544204074240704512,Accounting Analyst: Data-Driven Finance & Dashboards,Vive Health,Rincón De Los Sauces,,,https://open.app.jobrapido.com/ar/4544204074240704512/?w=data%20analyst&l=&oc=sponsored&k=web.1.3.19&uuid=arF001a06ec3548967e5&page_item_id=-340182479,Data Analyst,jobrapido,2026-09-04T19:31:31.141314,,,,
244336804671520768,Anuncios Google,INFUSE,Rosario,,,https://open.app.jobrapido.com/ar/244336804671520768/?w=machine%20learning&l=&oc=sponsored&k=web.1.1.0&uuid=arF001a06ec56b836971&page_item_id=780188604,Machine Learning Engineer,jobrapido,2026-09-04T19:33:47.971406,,,,
2658742430915887104,Salesforce Developer ID84352,AgileEngine,Rosario,,,https://open.app.jobrapido.com/ar/2658742430915887104/?w=machine%20learning&l=&oc=sponsored&k=web.1.1.1&uuid=arF001a06ec56b836971&page_item_id=-579127229,Machine Learning Engineer,jobrapido,2026-09-04T19:33:47.972004,,,,
1579687904169426944,ServiceNow Discovery Engineer ID80139,AgileEngine,Rosario,,,https://open.app.jobrapido.com/ar/1579687904169426944/?w=machine%20learning&l=&oc=sponsored&k=web.1.1.2&uuid=arF001a06ec56b836971&page_item_id=-1411234794,Machine Learning Engineer,jobrapido,2026-09-04T19:33:47.972533,,,,
3692723371834867712,"Analista de Innovación, Automatización e Inteligencia Artificial híbrido & full time en Rosario",Brightside,Rosario,,,https://open.app.jobrapido.com/ar/3692723371834867712/?w=machine%20learning&l=&oc=sponsored&k=web.1.1.3&uuid=arF001a06ec56b836971&page_item_id=-1407510168,Machine Learning Engineer,jobrapido,2026-09-04T19:33:47.973058,,,,
1227670254285488128,Backend Developer - Part Time,Aliancers,Rosario,,,https://open.app.jobrapido.com/ar/1227670254285488128/?w=machine%20learning&l=&oc=sponsored&k=web.1.1.4&uuid=arF001a06ec56b836971&page_item_id=454349654,Machine Learning Engineer,jobrapido,2026-09-04T19:33:47.973581,,,,
7704500452984881152,Artificial Intelligence Engineer ID87374,AgileEngine,Rosario,,,https://open.app.jobrapido.com/ar/7704500452984881152/?w=machine%20learning&l=&oc=sponsored&k=web.1.1.5&uuid=arF001a06ec56b836971&page_item_id=-1540221184,Machine Learning Engineer,jobrapido,2026-09-04T19:33:47.974087,,,,
8608722597871353856,Senior AI Engineer ID80138,AgileEngine,Rosario,,,https://open.app.jobrapido.com/ar/8608722597871353856/?w=machine%20learning&l=&oc=sponsored&k=web.1.1.6&uuid=arF001a06ec56b836971&page_item_id=-567733243,Machine Learning Engineer,jobrapido,2026-09-04T19:33:47.974578,,,,
5328818664198111232,Fullstack JavaScript Developer - Latin America - Remote,Azumo,Rosario,,,https://open.app.jobrapido.com/ar/5328818664198111232/?w=machine%20learning&l=&oc=sponsored&k=web.1.1.8&uuid=arF001a06ec56b836971&page_item_id=-860647305,Machine Learning Engineer,jobrapido,2026-09-04T19:33:47.975206,,,,
8828269506292875264,Middle Databricks Data Engineer ID86295,AgileEngine,Rosario,,,https://open.app.jobrapido.com/ar/8828269506292875264/?w=machine%20learning&l=&oc=sponsored&k=web.1.1.9&uuid=arF001a06ec56b836971&page_item_id=1044779749,Machine Learning Engineer,jobrapido,2026-09-04T19:33:47.975696,,,,
4477228560385310720,Senior BI Product Manager ID65844,AgileEngine,Rosario,,,https://open.app.jobrapido.com/ar/4477228560385310720/?w=machine%20learning&l=&oc=sponsored&k=web.1.1.11&uuid=arF001a06ec56b836971&page_item_id=1510496962,Machine Learning Engineer,jobrapido,2026-09-04T19:33:47.976325,,,,
7419416054478143488,Senior Databricks Data Engineer ID86297,AgileEngine,Rosario,,,https://open.app.jobrapido.com/ar/7419416054478143488/?w=machine%20learning&l=&oc=sponsored&k=web.1.1.12&uuid=arF001a06ec56b836971&page_item_id=1980913515,Machine Learning Engineer,jobrapido,2026-09-04T19:33:47.976814,,,,
4724090859513970688,AI Machine Learning Engineer - Remote - Latin America,FullStack,Rosario,,,https://open.app.jobrapido.com/ar/4724090859513970688/?w=machine%20learning&l=&oc=sponsored&k=web.1.1.13&uuid=arF001a06ec56b836971&page_item_id=1504668031,Machine Learning Engineer,jobrapido,2026-09-04T19:33:47.977302,,,,
499432934063734784,Remote AI/ML Engineer - Build Production-Grade Models,FullStack,Rosario,,,https://open.app.jobrapido.com/ar/499432934063734784/?w=machine%20learning&l=&oc=sponsored&k=web.1.1.14&uuid=arF001a06ec56b836971&page_item_id=1025127210,Machine Learning Engineer,jobrapido,2026-09-04T19:33:47.977801,,,,
6594334849593507840,Ex-MBB Strategy Consultant - AI Training (Remote),Mindrift,Rosario,,,https://open.app.jobrapido.com/ar/6594334849593507840/?w=machine%20learning&l=&oc=sponsored&k=web.1.2.1&uuid=arF001a06ec6b2a16a36&page_item_id=233706170,Machine Learning Engineer,jobrapido,2026-09-04T19:35:11.604098,,,,
9142910753039187968,Machine Learning / AI Engineer / Híbrido,ADN Recursos Humanos,Capital Federal,,,https://open.app.jobrapido.com/ar/9142910753039187968/?w=machine%20learning&l=&oc=sponsored&k=web.1.2.5&uuid=arF001a06ec6b2a16a36&page_item_id=-988781412,Machine Learning Engineer,jobrapido,2026-09-04T19:35:11.605047,,,,
7052316541034954752,Senior Machine Learning Engineer,GoFundMe,Capital Federal,,,https://open.app.jobrapido.com/ar/7052316541034954752/?w=machine%20learning&l=&oc=sponsored&k=web.1.2.6&uuid=arF001a06ec6b2a16a36&page_item_id=1450324471,Machine Learning Engineer,jobrapido,2026-09-04T19:35:11.605547,,,,
1149860170029858816,Senior Machine Learning Engineer,GoFundMe,Esquel,,,https://open.app.jobrapido.com/ar/1149860170029858816/?w=machine%20learning&l=&oc=sponsored&k=web.1.2.7&uuid=arF001a06ec6b2a16a36&page_item_id=-1684095187,Machine Learning Engineer,jobrapido,2026-09-04T19:35:11.606037,,,,
4077324842649518080,Machine Learning Engineer,MercadoLibre,Capital Federal,,,https://open.app.jobrapido.com/ar/4077324842649518080/?w=machine%20learning&l=&oc=sponsored&k=web.1.2.8&uuid=arF001a06ec6b2a16a36&page_item_id=1949592577,Machine Learning Engineer,jobrapido,2026-09-04T19:35:11.606531,,,,
9089556779502665728,Machine Learning Engineer (MLOps),Proofpoint,Córdoba Capital,,,https://open.app.jobrapido.com/ar/9089556779502665728/?w=machine%20learning&l=&oc=sponsored&k=web.1.2.9&uuid=arF001a06ec6b2a16a36&page_item_id=24893447,Machine Learning Engineer,jobrapido,2026-09-04T19:35:11.607020,,,,
1658615195318091776,Data & Machine Learning Engineer,IDT,Capital Federal,,,https://open.app.jobrapido.com/ar/1658615195318091776/?w=machine%20learning&l=&oc=sponsored&k=web.1.2.10&uuid=arF001a06ec6b2a16a36&page_item_id=-273367602,Machine Learning Engineer,jobrapido,2026-09-04T19:35:11.607510,,,,
4011138640703913984,Machine Learning Engineer,Grupo Prominente,Capital Federal,,,https://open.app.jobrapido.com/ar/4011138640703913984/?w=machine%20learning&l=&oc=sponsored&k=web.1.2.11&uuid=arF001a06ec6b2a16a36&page_item_id=-1005510216,Machine Learning Engineer,jobrapido,2026-09-04T19:35:11.607993,,,,
3473693577475784704,Machine Learning Engineer,SunnyData,Remoto,,,https://open.app.jobrapido.com/ar/3473693577475784704/?w=machine%20learning&l=&oc=sponsored&k=web.1.2.12&uuid=arF001a06ec6b2a16a36&page_item_id=1668010888,Machine Learning Engineer,jobrapido,2026-09-04T19:35:11.608473,,,,
3614681136006955008,Machine Learning Specialist,Pacifica Continental,Capital Federal,,,https://open.app.jobrapido.com/ar/3614681136006955008/?w=machine%20learning&l=&oc=sponsored&k=web.1.2.13&uuid=arF001a06ec6b2a16a36&page_item_id=117551242,Machine Learning Engineer,jobrapido,2026-09-04T19:35:11.608964,,,,
4309687263467405312,Semi-Senior Machine Learning Engineer,OfficeTwo,Capital Federal,,,https://open.app.jobrapido.com/ar/4309687263467405312/?w=machine%20learning&l=&oc=sponsored&k=web.1.2.14&uuid=arF001a06ec6b2a16a36&page_item_id=2071588375,Machine Learning Engineer,jobrapido,2026-09-04T19:35:11.609445,,,,
7814052922538328064,"Machine Learning Python, C++ with Azure",Dabrein Solutions,Argentina,,,https://open.app.jobrapido.com/ar/7814052922538328064/?w=machine%20learning&l=&oc=sponsored&k=web.1.3.0&uuid=arF001a06ec7da426b66&page_item_id=916698890,Machine Learning Engineer,jobrapido,2026-09-04T19:36:27.601334,,,,
7192164644742496256,Machine Learning Engineer Sr. (IA Generativa),Flux IT SA,Argentina,,,https://open.app.jobrapido.com/ar/7192164644742496256/?w=machine%20learning&l=&oc=sponsored&k=web.1.3.1&uuid=arF001a06ec7da426b66&page_item_id=736348275,Machine Learning Engineer,jobrapido,2026-09-04T19:36:27.601889,,,,
5441638882309308416,Remote Senior ML Engineer - Social Fundraising Innovator,GoFundMe,Capital Federal,,,https://open.app.jobrapido.com/ar/5441638882309308416/?w=machine%20learning&l=&oc=sponsored&k=web.1.3.2&uuid=arF001a06ec7da426b66&page_item_id=1434193457,Machine Learning Engineer,jobrapido,2026-09-04T19:36:27.602370,,,,
5238987894193913856,ML Research Scientist: Mechanical Intuition in Multimodal AI,Toyota Research Institute,Los Altos,,,https://open.app.jobrapido.com/ar/5238987894193913856/?w=machine%20learning&l=&oc=sponsored&k=web.1.3.3&uuid=arF001a06ec7da426b66&page_item_id=-1088899299,Machine Learning Engineer,jobrapido,2026-09-04T19:36:27.602854,,,,
8092299733109833728,Remote AI ML Engineer – Growth & Impact with Top Clients,FullStack Labs,Remoto,,,https://open.app.jobrapido.com/ar/8092299733109833728/?w=machine%20learning&l=&oc=sponsored&k=web.1.3.4&uuid=arF001a06ec7da426b66&page_item_id=-109937970,Machine Learning Engineer,jobrapido,2026-09-04T19:36:27.603337,,,,
3152941502800330752,Data Science Manager,Sony Pictures Entertainment,Esquel,,,https://open.app.jobrapido.com/ar/3152941502800330752/?w=machine%20learning&l=&oc=sponsored&k=web.1.3.5&uuid=arF001a06ec7da426b66&page_item_id=-1870843463,Machine Learning Engineer,jobrapido,2026-09-04T19:36:27.603821,,,,
2530010991060582400,Data Science Manager,"Sony Pictures Entertainment, Inc",Capital Federal,,,https://open.app.jobrapido.com/ar/2530010991060582400/?w=machine%20learning&l=&oc=sponsored&k=web.1.3.6&uuid=arF001a06ec7da426b66&page_item_id=-1442569683,Machine Learning Engineer,jobrapido,2026-09-04T19:36:27.604294,,,,
4241655033038372864,Cloud AI/ML Engineer (AWS) - GenAI & SageMaker Expert,Ideamine Technologies (Acquired by Netrix Global),Rincón De Los Sauces,,,https://open.app.jobrapido.com/ar/4241655033038372864/?w=machine%20learning&l=&oc=sponsored&k=web.1.3.7&uuid=arF001a06ec7da426b66&page_item_id=1521336017,Machine Learning Engineer,jobrapido,2026-09-04T19:36:27.604777,,,,
8746514219697963008,Hybrid ML Engineer for Low-Latency LLM Systems,MercadoLibre,Capital Federal,,,https://open.app.jobrapido.com/ar/8746514219697963008/?w=machine%20learning&l=&oc=sponsored&k=web.1.3.9&uuid=arF001a06ec7da426b66&page_item_id=-1775420793,Machine Learning Engineer,jobrapido,2026-09-04T19:36:27.605396,,,,
250125406974246912,"Senior ML Engineer: Search, Recommendations & Personalization",GoFundMe,Esquel,,,https://open.app.jobrapido.com/ar/250125406974246912/?w=machine%20learning&l=&oc=sponsored&k=web.1.3.10&uuid=arF001a06ec7da426b66&page_item_id=-1642121342,Machine Learning Engineer,jobrapido,2026-09-04T19:36:27.605872,,,,
5921720894908006400,Python Developer (IA),Werben HR,Capital Federal,,,https://open.app.jobrapido.com/ar/5921720894908006400/?w=machine%20learning&l=&oc=sponsored&k=web.1.3.11&uuid=arF001a06ec7da426b66&page_item_id=1310144597,Machine Learning Engineer,jobrapido,2026-09-04T19:36:27.606343,,,,
3847723931184136192,Senior ML Engineer — Shape Discovery & Personalization,GoFundMe,Capital Federal,,,https://open.app.jobrapido.com/ar/3847723931184136192/?w=machine%20learning&l=&oc=sponsored&k=web.1.3.12&uuid=arF001a06ec7da426b66&page_item_id=1737613413,Machine Learning Engineer,jobrapido,2026-09-04T19:36:27.606822,,,,
713269030630195200,"AI & GenAI Engineer, AWS Cloud — Remote Ready",Netrix Global,Rincón De Los Sauces,,,https://open.app.jobrapido.com/ar/713269030630195200/?w=machine%20learning&l=&oc=sponsored&k=web.1.3.13&uuid=arF001a06ec7da426b66&page_item_id=-926364712,Machine Learning Engineer,jobrapido,2026-09-04T19:36:27.607301,,,,
1959664141882884096,FinTech NLP ML Engineer: Python & Document Processing,Werben HR,Capital Federal,,,https://open.app.jobrapido.com/ar/1959664141882884096/?w=machine%20learning&l=&oc=sponsored&k=web.1.3.15&uuid=arF001a06ec7da426b66&page_item_id=-1747383081,Machine Learning Engineer,jobrapido,2026-09-04T19:36:27.607923,,,,
3900559038311563264,Senior ML Ops Engineer - Production ML in the Cloud (Remote),Coderio,Rincón De Los Sauces,,,https://open.app.jobrapido.com/ar/3900559038311563264/?w=machine%20learning&l=&oc=sponsored&k=web.1.3.16&uuid=arF001a06ec7da426b66&page_item_id=1339408122,Machine Learning Engineer,jobrapido,2026-09-04T19:36:27.608401,,,,
4841102725187895296,"Senior ML Ops Engineer - Remote, End-to-End ML Architect",Medium,Neuquén,,,https://open.app.jobrapido.com/ar/4841102725187895296/?w=machine%20learning&l=&oc=sponsored&k=web.1.3.17&uuid=arF001a06ec7da426b66&page_item_id=1086725349,Machine Learning Engineer,jobrapido,2026-09-04T19:36:27.608882,,,,
8921102802034360320,Senior ML Engineer: Computer Vision & Production Models,OfficeTwo,Capital Federal,,,https://open.app.jobrapido.com/ar/8921102802034360320/?w=machine%20learning&l=&oc=sponsored&k=web.1.3.18&uuid=arF001a06ec7da426b66&page_item_id=-1036924530,Machine Learning Engineer,jobrapido,2026-09-04T19:36:27.609357,,,,
7606746602190929920,End-to-End Data & ML Engineer (LATAM) — AI-Driven Pipelines,Medium,Colalao Del Valle,,,https://open.app.jobrapido.com/ar/7606746602190929920/?w=machine%20learning&l=&oc=sponsored&k=web.1.3.19&uuid=arF001a06ec7da426b66&page_item_id=-1244056844,Machine Learning Engineer,jobrapido,2026-09-04T19:36:27.609838,,,,
6526627885627736064,"(fluent English) CX Solutions Consultant (LATAM, remote)",SupportYourApp,Rosario,,,https://open.app.jobrapido.com/ar/6526627885627736064/?w=nlp&l=&oc=sponsored&k=web.1.1.0&uuid=arF001a06ec9c8866cbc&page_item_id=-940894769,NLP Engineer,jobrapido,2026-09-04T19:38:33.800050,,,,
7610544315353268224,Principal NLP Scientist,Sourceability,Esquel,,,https://open.app.jobrapido.com/ar/7610544315353268224/?w=nlp&l=&oc=sponsored&k=web.1.1.1&uuid=arF001a06ec9c8866cbc&page_item_id=-269314176,NLP Engineer,jobrapido,2026-09-04T19:38:33.800600,,,,
2452374629642141696,Senior NLP Scientist: Production-Grade LLMs,Sourceability,Esquel,,,https://open.app.jobrapido.com/ar/2452374629642141696/?w=nlp&l=&oc=sponsored&k=web.1.1.2&uuid=arF001a06ec9c8866cbc&page_item_id=-520028892,NLP Engineer,jobrapido,2026-09-04T19:38:33.801078,,,,
613228126930993152,Lead AI Engineer — Remote RAG/NLP/LLM Systems,N-iX,Remoto,,,https://open.app.jobrapido.com/ar/613228126930993152/?w=nlp&l=&oc=sponsored&k=web.1.1.5&uuid=arF001a06ec9c8866cbc&page_item_id=-571957753,NLP Engineer,jobrapido,2026-09-04T19:38:33.801832,,,,
6816058997196455936,Client Technology Software Engineering Assurance Sr. Engineer/Arch - EY GDS,EY,Capital Federal,,,https://open.app.jobrapido.com/ar/6816058997196455936/?w=nlp&l=&oc=sponsored&k=web.1.1.6&uuid=arF001a06ec9c8866cbc&page_item_id=145312021,NLP Engineer,jobrapido,2026-09-04T19:38:33.802312,,,,
4562128536135008256,Principal ML Engineer: Cross-Product AI & LLM Architect,Doctolib,Londres,,,https://open.app.jobrapido.com/ar/4562128536135008256/?w=nlp&l=&oc=sponsored&k=web.1.1.9&uuid=arF001a06ec9c8866cbc&page_item_id=1771904827,NLP Engineer,jobrapido,2026-09-04T19:38:33.803064,,,,
2193558388556693504,Product Group Team Lead / Architect,Sourceability,Capital Federal,,,https://open.app.jobrapido.com/ar/2193558388556693504/?w=nlp&l=&oc=sponsored&k=web.1.1.11&uuid=arF001a06ec9c8866cbc&page_item_id=1419192796,NLP Engineer,jobrapido,2026-09-04T19:38:33.803673,,,,
8952684469655961600,Analista desarrollador Semi Sr / Senior Botmaker - Híbrido,Business Commercial Management SRL,Esquel,,,https://open.app.jobrapido.com/ar/8952684469655961600/?w=nlp&l=&oc=sponsored&k=web.1.1.14&uuid=arF001a06ec9c8866cbc&page_item_id=64105674,NLP Engineer,jobrapido,2026-09-04T19:38:33.804413,,,,
7040990695095533568,Client Technology - Engineering - Software Engineering - EY GDS,EY,Capital Federal,,,https://open.app.jobrapido.com/ar/7040990695095533568/?w=nlp&l=&oc=sponsored&k=web.1.1.15&uuid=arF001a06ec9c8866cbc&page_item_id=676670573,NLP Engineer,jobrapido,2026-09-04T19:38:33.804900,,,,
6258208784863199232,Full Stack AI Engineer – BuilderEx,RYZ Labs,Capital Federal,,,https://open.app.jobrapido.com/ar/6258208784863199232/?w=nlp&l=&oc=sponsored&k=web.1.1.16&uuid=arF001a06ec9c8866cbc&page_item_id=1462816296,NLP Engineer,jobrapido,2026-09-04T19:38:33.805374,,,,
6213023255008116736,Client Technology - Software Engineering - EY Global Delivery Services,EY,Esquel,,,https://open.app.jobrapido.com/ar/6213023255008116736/?w=nlp&l=&oc=sponsored&k=web.1.1.17&uuid=arF001a06ec9c8866cbc&page_item_id=1958230054,NLP Engineer,jobrapido,2026-09-04T19:38:33.805854,,,,
1641304484250386432,AI Agent Systems Architect - Remote,Azumo LLC.,Remoto,,,https://open.app.jobrapido.com/ar/1641304484250386432/?w=nlp&l=&oc=sponsored&k=web.1.1.18&uuid=arF001a06ec9c8866cbc&page_item_id=-604272943,NLP Engineer,jobrapido,2026-09-04T19:38:33.806326,,,,
8697752408014454784,"AI Engineer II - Marketing Argentina, Remote",Sezzle,Remoto,,,https://open.app.jobrapido.com/ar/8697752408014454784/?w=nlp&l=&oc=sponsored&k=web.1.1.19&uuid=arF001a06ec9c8866cbc&page_item_id=-1507190528,NLP Engineer,jobrapido,2026-09-04T19:38:33.806801,,,,
8295372933690294272,Principal Machine Learning Engineer - Applied AI & LLMs (x/f/m),Doctolib,Londres,,,https://open.app.jobrapido.com/ar/8295372933690294272/?w=nlp&l=&oc=sponsored&k=web.1.2.5&uuid=arF001a06ecb15326d7e&page_item_id=-847301954,NLP Engineer,jobrapido,2026-09-04T19:39:59.289459,,,,
5043865176294555648,Applied AI/ML Lead,Next Frontier Capital,Capital Federal,,,https://open.app.jobrapido.com/ar/5043865176294555648/?w=nlp&l=&oc=sponsored&k=web.1.2.6&uuid=arF001a06ecb15326d7e&page_item_id=362449153,NLP Engineer,jobrapido,2026-09-04T19:39:59.289970,,,,
3644704830011736064,AI & NLP Talent Acquisition Coordinator,"E2f, inc.",Argentina,,,https://open.app.jobrapido.com/ar/3644704830011736064/?w=nlp&l=&oc=sponsored&k=web.1.2.7&uuid=arF001a06ecb15326d7e&page_item_id=-746289332,NLP Engineer,jobrapido,2026-09-04T19:39:59.290465,,,,
8172160406551265280,Python Developer (IA) - Machine Learning ID #00335,Werben HR,Capital Federal (Parque Patricios),,,https://open.app.jobrapido.com/ar/8172160406551265280/?w=nlp&l=&oc=sponsored&k=web.1.2.8&uuid=arF001a06ecb15326d7e&page_item_id=544866194,NLP Engineer,jobrapido,2026-09-04T19:39:59.290964,,,,
2760861308512370688,Full Stack AI Engineer - Security,RYZ Labs,Capital Federal,,,https://open.app.jobrapido.com/ar/2760861308512370688/?w=nlp&l=&oc=sponsored&k=web.1.2.9&uuid=arF001a06ecb15326d7e&page_item_id=-39987881,NLP Engineer,jobrapido,2026-09-04T19:39:59.291456,,,,
4142562097340874752,Gerente de Arquitectura de Datos e IA,Sweden Sport Academy,Capital Federal,,,https://open.app.jobrapido.com/ar/4142562097340874752/?w=nlp&l=&oc=sponsored&k=web.1.2.10&uuid=arF001a06ecb15326d7e&page_item_id=-582427792,NLP Engineer,jobrapido,2026-09-04T19:39:59.291951,,,,
7668794860844875776,Senior Software Engineer,"Cadence Design Systems, Inc.",Capital Federal (San Nicolás),,,https://open.app.jobrapido.com/ar/7668794860844875776/?w=nlp&l=&oc=sponsored&k=web.1.2.11&uuid=arF001a06ecb15326d7e&page_item_id=-763750716,NLP Engineer,jobrapido,2026-09-04T19:39:59.292446,,,,
3720739357607329792,Full Stack AI Engineer - BuilderEx,RYZ Labs,Capital Federal,,,https://open.app.jobrapido.com/ar/3720739357607329792/?w=nlp&l=&oc=sponsored&k=web.1.2.12&uuid=arF001a06ecb15326d7e&page_item_id=-938318244,NLP Engineer,jobrapido,2026-09-04T19:39:59.292943,,,,
578445076586299392,Client Technology - Engineering - Software Engineering - EY GDS,Ernst & Young Advisory Services Sdn Bhd,Remoto,,,https://open.app.jobrapido.com/ar/578445076586299392/?w=nlp&l=&oc=sponsored&k=web.1.2.13&uuid=arF001a06ecb15326d7e&page_item_id=1495843404,NLP Engineer,jobrapido,2026-09-04T19:39:59.293440,,,,
9183823804047032320,Senior AI Engineer,Wakapi,Mendoza,,,https://open.app.jobrapido.com/ar/9183823804047032320/?w=nlp&l=&oc=sponsored&k=web.1.2.14&uuid=arF001a06ecb15326d7e&page_item_id=-828411817,NLP Engineer,jobrapido,2026-09-04T19:39:59.293935,,,,
6281900906799693824,AI Forward Deployed Engineer,Marvik,Capital Federal,,,https://open.app.jobrapido.com/ar/6281900906799693824/?w=nlp&l=&oc=sponsored&k=web.1.3.1&uuid=arF001a06ecc19366de6&page_item_id=-85960400,NLP Engineer,jobrapido,2026-09-04T19:41:05.620012,,,,
8954933245812670464,Client Technology Software engineering_Assurance Sr. Engineer/Arch 1 - EY Global Delivery Services,EY,Capital Federal,,,https://open.app.jobrapido.com/ar/8954933245812670464/?w=nlp&l=&oc=sponsored&k=web.1.3.2&uuid=arF001a06ecc19366de6&page_item_id=-1062306443,NLP Engineer,jobrapido,2026-09-04T19:41:05.620560,,,,
4665324144852729856,AI Agent Systems Architect - Remote,Azumo,Capital Federal,,,https://open.app.jobrapido.com/ar/4665324144852729856/?w=nlp&l=&oc=sponsored&k=web.1.3.3&uuid=arF001a06ecc19366de6&page_item_id=1823692099,NLP Engineer,jobrapido,2026-09-04T19:41:05.621049,,,,
6642472001233485824,Client Technology - Software Engineering - EY Global Delivery Services,EY,Capital Federal,,,https://open.app.jobrapido.com/ar/6642472001233485824/?w=nlp&l=&oc=sponsored&k=web.1.3.4&uuid=arF001a06ecc19366de6&page_item_id=534308357,NLP Engineer,jobrapido,2026-09-04T19:41:05.621538,,,,
9140552798813814784,Senior ML Engineer with Python (IR-536),Intellectsoft,Remoto,,,https://open.app.jobrapido.com/ar/9140552798813814784/?w=nlp&l=&oc=sponsored&k=web.1.3.5&uuid=arF001a06ecc19366de6&page_item_id=1236347622,NLP Engineer,jobrapido,2026-09-04T19:41:05.622024,,,,
4833364705948991488,Senior Python Backend Developer / ML Engineer (IR-535),Intellectsoft,Remoto,,,https://open.app.jobrapido.com/ar/4833364705948991488/?w=nlp&l=&oc=sponsored&k=web.1.3.6&uuid=arF001a06ecc19366de6&page_item_id=1013247916,NLP Engineer,jobrapido,2026-09-04T19:41:05.622510,,,,
1781969250219458560,AI Research Engineer (MultiModal Reinforcement Learning) 100% Remote Worldwide,Tether Operations Limited,Capital Federal,,,https://open.app.jobrapido.com/ar/1781969250219458560/?w=nlp&l=&oc=sponsored&k=web.1.3.7&uuid=arF001a06ecc19366de6&page_item_id=1025211288,NLP Engineer,jobrapido,2026-09-04T19:41:05.622992,,,,
2221760226153988096,Principal NLP Scientist,Sourceability,Trelew,,,https://open.app.jobrapido.com/ar/2221760226153988096/?w=nlp&l=&oc=sponsored&k=web.1.3.8&uuid=arF001a06ecc19366de6&page_item_id=940084210,NLP Engineer,jobrapido,2026-09-04T19:41:05.623470,,,,
7402527074839166976,Principal NLP Scientist,Sourceability,Comodoro Rivadavia,,,https://open.app.jobrapido.com/ar/7402527074839166976/?w=nlp&l=&oc=sponsored&k=web.1.3.9&uuid=arF001a06ecc19366de6&page_item_id=1671269276,NLP Engineer,jobrapido,2026-09-04T19:41:05.623955,,,,
1559528770791014400,Senior NLP Scientist: Production-Grade LLMs,Sourceability,Puerto Madryn,,,https://open.app.jobrapido.com/ar/1559528770791014400/?w=nlp&l=&oc=sponsored&k=web.1.3.10&uuid=arF001a06ecc19366de6&page_item_id=432015138,NLP Engineer,jobrapido,2026-09-04T19:41:05.624437,,,,
4707247440888070144,AI Delivery Lead: End-to-End Projects (Remote),Marvik,Capital Federal,,,https://open.app.jobrapido.com/ar/4707247440888070144/?w=nlp&l=&oc=sponsored&k=web.1.3.11&uuid=arF001a06ecc19366de6&page_item_id=1244896362,NLP Engineer,jobrapido,2026-09-04T19:41:05.624921,,,,
5371032368742137856,Machine Learning Engineer - IT,Mercado Libre,Capital Federal,,,https://open.app.jobrapido.com/ar/5371032368742137856/?w=nlp&l=&oc=sponsored&k=web.1.3.12&uuid=arF001a06ecc19366de6&page_item_id=-1114956371,NLP Engineer,jobrapido,2026-09-04T19:41:05.625399,,,,
2430648554755194880,Solution Architect,EPAM Systems,Rancul,,,https://open.app.jobrapido.com/ar/2430648554755194880/?w=nlp&l=&oc=sponsored&k=web.1.3.13&uuid=arF001a06ecc19366de6&page_item_id=-2027571985,NLP Engineer,jobrapido,2026-09-04T19:41:05.625878,,,,
7838325878672064512,Lead Data Scientist,EPAM Systems,Rancul,,,https://open.app.jobrapido.com/ar/7838325878672064512/?w=nlp&l=&oc=sponsored&k=web.1.3.14&uuid=arF001a06ecc19366de6&page_item_id=1436734822,NLP Engineer,jobrapido,2026-09-04T19:41:05.626355,,,,
3184477300171210752,"(fluent English) CX Solutions Consultant (LATAM, remote)",SupportYourApp,Capital Federal,,,https://open.app.jobrapido.com/ar/3184477300171210752/?w=nlp&l=&oc=sponsored&k=web.1.3.15&uuid=arF001a06ecc19366de6&page_item_id=-1669567921,NLP Engineer,jobrapido,2026-09-04T19:41:05.626837,,,,
5805372859379351552,Lead AI Engineer,Blend,Capital Federal,,,https://open.app.jobrapido.com/ar/5805372859379351552/?w=nlp&l=&oc=sponsored&k=web.1.3.16&uuid=arF001a06ecc19366de6&page_item_id=-1132243262,NLP Engineer,jobrapido,2026-09-04T19:41:05.627313,,,,
8324974947805954048,Chief AI Solution Engineer,EPAM Systems,Rancul,,,https://open.app.jobrapido.com/ar/8324974947805954048/?w=nlp&l=&oc=sponsored&k=web.1.3.17&uuid=arF001a06ecc19366de6&page_item_id=1184777060,NLP Engineer,jobrapido,2026-09-04T19:41:05.627794,,,,
5243254961382359040,Lead AI Solution Engineer,EPAM Systems,Rancul,,,https://open.app.jobrapido.com/ar/5243254961382359040/?w=nlp&l=&oc=sponsored&k=web.1.3.18&uuid=arF001a06ecc19366de6&page_item_id=-1631848382,NLP Engineer,jobrapido,2026-09-04T19:41:05.628269,,,,
3378122600860352512,Senior AI Solution Engineer,EPAM Systems,Rancul,,,https://open.app.jobrapido.com/ar/3378122600860352512/?w=nlp&l=&oc=sponsored&k=web.1.3.19&uuid=arF001a06ecc19366de6&page_item_id=1474622005,NLP Engineer,jobrapido,2026-09-04T19:41:05.628753,,,,
2749977844204437504,Tech Lead Data & Ai — Remoto Desde Argentina Rosario,We Are Tims,Rosario,"Open or close the mobile menu Jobrapido Entrar Inscríbete Publica una oferta Ayuda Empresas Clear job input Profesión / Palabras clave Ofertas de trabajo para Tech Lead en Rosario ¿Qué trabajo estás buscando? Clear location input Localidad Búsqueda avanzada de empleo Relevancia Fecha [[distance.label]] [[d.text]] Close Localidad Gran Buenos Aires Capital Federal Córdoba Santa Fé Neuquén Rosario Mendoza Rincón De Los Sauces Gba Sur Mar Del Plata Búsquedas relacionadas Software Software Engineer Python Software Engineer Management Modelo Services Engineer Security Product Engineering Quality Engineer Product Engineer Vuelve a tus resultados: [[backlinkLabel]] Tech Lead Data & Ai — Remoto Desde Argentina Rosario Rosario - Región Centro We Are Tims [[upButtonMessage]] full time www.kitempleo.com.ar 18 ago 2026 We Are TIMS está buscando un/a Tech Lead especializado/a en Data & AI para liderar un equipo en Argentina de forma remota. El candidato adecuado tendrá más de 5 años de experiencia en roles relacionados con datos y al menos 2 años liderando equipos técnicos. Se requiere un dominio experto en AWS, Python y SQL, así como habilidades en NLP y clustering. Esta posición ofrece una compensación en USD y la posibilidad de reubicación a España en el futuro. J-18808-Ljbffr Ver más Ver menos [[downButtonMessage]] LinkedIn Twitter Facebook © 2026 Jobrapido | C.I.F: IT11876271005 Trabajos Empresas Condiciones del Servicio Política de Privacidad Ayuda Contacto",,https://ar.jobrapido.com/jobpreview/2749977844204437504?redirectTo=https%253A%252F%252Fwww.kitempleo.com.ar%252Fempleo%252F52461180%252Ftech-lead-data-ai-remoto-desde-argentina-rosario&w=Python&p=4,NLP Engineer,jobrapido,2026-09-04T19:43:09.462766,,,,
5836620687782969344,AI Agent Systems Architect - Remote (Rosario),Azumo,Rosario,"Open or close the mobile menu Jobrapido Entrar Inscríbete Publica una oferta Ayuda Empresas Clear job input Profesión / Palabras clave Ofertas de trabajo para AI Agent en Rosario ¿Qué trabajo estás buscando? Clear location input Localidad Búsqueda avanzada de empleo Relevancia Fecha [[distance.label]] [[d.text]] Close Localidad Gran Buenos Aires Capital Federal Córdoba Santa Fé Neuquén Rosario Mendoza Rincón De Los Sauces Gba Sur Mar Del Plata Búsquedas relacionadas Software Software Engineer Python Software Engineer Management Modelo Services Engineer Security Product Engineering Quality Engineer Product Engineer Vuelve a tus resultados: [[backlinkLabel]] AI Agent Systems Architect - Remote (Rosario) Rosario - Región Centro Azumo [[upButtonMessage]] full time www.kitempleo.com.ar 02 sep 2026 AI Agent Systems Architect Azumo, a leading AI Development company, is seeking a highly motivated AI Agent Systems Architect to join our growing team of expert AI developers. We specialize in delivering Top AI Development services, helping organizations build intelligent applications powered by Generative AI, large language models (LLMs), and advanced automation. As part of our team, you will collaborate with engineers, data scientists, and domain experts across SaaS, cloud, and big data environments. You will work on cutting-edge agentic architectures, translating research into production-ready solutions that drive real-world impact for integral clients. At Azumo, you’ll thrive if you enjoy the full lifecycle of Generative AI development—from ideation and prototyping to deployment, monitoring, and scaling intelligent applications. Responsibilities in AI Development Architect, design, and actively write code for production-grade stateful multi-agent systems, custom state machines, and function-calling workflows using frameworks such as Lang Graph, CrewAI, or native Python execution loops. Lead full-cycle hands-on development: data preparation, tool integration via Model Context Protocol (MCP), structured output enforcement, context-window recovery/caching, containerization, and secure cloud deployment (Azure/AWS). Implement MLOps/LLMOps evaluation pipelines (e.g., Langfuse, Ragas) for automated prompt regression tracking, hallucination mitigation, and human-in-the-loop (HITL) gating. Apply Responsible AI practices and guardrails throughout solution delivery to ensure system reliability and safety. Translate business and mission requirements into technical designs; prototype and iterate quickly with stakeholders using AI-accelerated workflows. Contribute to Azumo’s innovation roadmap by identifying research topics, publishing insights, and advancing our AI software development services portfolio. About Azumo Based in San Francisco, California, Azumo is an innovative software development firm specializing in AI software development services. We help companies of all sizes build intelligent applications by combining expertise in data, cloud, and AI. Our talented AI developers are trusted to deliver Top AI Development services in Generative AI, intelligent automation, and custom machine learning solutions. At Azumo, we believe in professional and personal growth. As a recognized AI Development company, we support our engineers in mastering the latest technologies and delivering Top AI Development services worldwide. Our culture emphasizes collaboration, continuous learning, and solving complex problems with modern AI solutions. We believe in giving back to our community and will volunteer our time to philanthropy, open-source initiatives and sharing our knowledge. Basic Qualifications: Bachelor’s Degree in Computer Science, Data Science, or related field (Master’s is a plus). 3+ years of experience developing and deploying ML, NLP, or Generative AI systems in production environments. Expert-level skills in Python and software engineering fundamentals (data structures, async programming, API design, testing, CI/CD, Git, containers). Hands-on experience with stateful AI agent frameworks and tooling: Lang Graph, Lang Chain, CrewAI, MCP, and vector databases (Pinecone, LanceDB, Azure AI Search). Active experience utilizing modern AI-assisted coding tools (e.g., Claude Code, Cursor, Git Hub Copilot) to accelerate development and codebase analysis. Proven cloud deployment experience (Azure preferred; AWS acceptable) using Docker and serverless/microservice architectures. Strong written and verbal communication skills to explain complex architectural concepts and trade-offs to diverse audiences. Professional English proficiency (C1). Preferred Qualifications: Experience building Human-in-the-Loop (HITL) workflows, automated evaluation suites, and deterministic fallback logic for LLMs. Contributions to research papers, open-source AI libraries, or active participation in the AI engineering community. Paid time off (PTO) U.S. Holidays Training Mentored career development Profit Sharing $US Remuneration #J-18808-Ljbffr Ver más Ver menos [[downButtonMessage]] LinkedIn Twitter Facebook © 2026 Jobrapido | C.I.F: IT11876271005 Trabajos Empresas Condiciones del Servicio Política de Privacidad Ayuda Contacto",,https://ar.jobrapido.com/jobpreview/5836620687782969344?redirectTo=https%253A%252F%252Fwww.kitempleo.com.ar%252Fempleo%252F53048156%252Fai-agent-systems-architect-remote-rosario&w=Python&p=4,NLP Engineer,jobrapido,2026-09-04T19:43:09.463305,,,,
9038955656664580096,Business Data Scientist - Marketing (Rosario),Accenture,Rosario,"Open or close the mobile menu Jobrapido Entrar Inscríbete Publica una oferta Ayuda Empresas Clear job input Profesión / Palabras clave Ofertas de trabajo para Business Data en Rosario ¿Qué trabajo estás buscando? Clear location input Localidad Búsqueda avanzada de empleo Relevancia Fecha [[distance.label]] [[d.text]] Close Localidad Gran Buenos Aires Capital Federal Córdoba Santa Fé Neuquén Rosario Mendoza Rincón De Los Sauces Gba Sur Mar Del Plata Búsquedas relacionadas Software Software Engineer Python Software Engineer Management Modelo Services Engineer Security Product Engineering Quality Engineer Product Engineer Vuelve a tus resultados: [[backlinkLabel]] Business Data Scientist - Marketing (Rosario) Rosario - Región Centro Accenture [[upButtonMessage]] other www.kitempleo.com.ar 20 ago 2026 Un perfil orientado a SONG Analytics es un perfil que tiene conocimiento funcional Marketing así como modelos de machine learning orientados a generar valor e insights desde el conocimiento del cliente, tiene que tener pensamiento analítico y conocer los métodos analíticos que usan como medio para resolver distintos casos de uso de negocio, así como capacidad de resolución de problemas. El área de Applied Intelligence orientado a SONG abarca el todo tipo de solución relacionada con el consumidor final, por lo que es necesario que el perfil SONG conozca los conceptos necesarios para brindar una solución orientada a solucionar problemas o simplemente a agregar valor, teniendo en cuenta los requisitos propios de las diferentes propuestas. Es un perfil curioso que busca la causa raíz a problemas y utiliza/propone herramientas analíticas para poder resolverlo a través de distintas técnicas: ML, Segmentación, Optimización, etc. Debe tener conocimiento y entendimiento de las distintas etapas técnicas y funcionales dentro de un proyecto basado en datos: desde adquisición y extracción de los datos desde diferentes fuentes, validación, manipulación, limpieza y transformación de estos para finalmente llegar a la obtención de un modelo de datos que pueda satisfacer las necesidades de cliente. La posterior etapa de validación y demostración de aporte de valor es clave para generar engagement en el cliente. Summary: - Conocimientos funcionales de Marketing. - Capacidad Analítica con el objetivo de brindar insights. - Desarrollo e Implementación de soluciones analíticas performantes. - Ser claro y concreto a la hora de presentar resultados. Funciones del rol A continuación, se presentan algunas de las funciones que un perfil de SONG del equipo BDS se puede encontrar desarrollando en su día a día como parte del staff de un proyecto. - Deberá coordinar la ejecución de actividades dentro de un equipo reducido, asegurarse que las mismas se ejecuten en tiempo y forma. En caso de haber demoras deberá sentirse cómodo para informar los retrasos y generar un plan de contingencias. - Trabajará con expertos de distintos tipos optimización, machine learning, simulación, UX, etc. - Deberá interpretar los requerimientos del cliente, para así poder estimar tiempo y esfuerzo del desarrollo de las tareas. Esta estimación deberá hacerse teniendo en cuenta los datos disponibles, la implicancia del requerimiento a desarrollar sobre el modelo existente y posible efecto sobre el output del modelo. Requerimientos Los skills listados en esta sección constituyen requerimientos necesarios para poder desenvolverse de forma adecuada dentro del equipo y los proyectos en general: Estudios realizados Algunos ejemplos de carreras afines a esta descripción: Ingeniería Industrial, Economía, Administración de Empresas y graduados de otras carreras con Maestrías en Ciencia de Datos, Analytics, y afines. Excluyente: - Experiencia comprobable en algunos de los siguientes modelos: - Customer lifetime value predictivo - Churn - Pricing - Next best offer or Next best action - Customer Segmentation - Propensión de compra, ext. - Dominio de SQL (Intermedio) - Python (Intermedio/Avanzado): - Manejo de librerías para exploración y visualización de datos tales como pandas, numpy, scikit-learn, Matplotlib, Seaborn o Pandas profilling - Modelos de Machine Learning: árbol, Regresión Logística, LGBM, SVM, Red Neuronal, Clusters. - Puede ser una experiencia similar en R Studio, SAS Studio, Java, pySpark. - Conocimientos del proceso de desarrollo de un modelo: entendimiento del problema, modelo conceptual y modelo de datos, tratamiento y limpieza, validación, análisis y explicación de resultados. (Avanzado) - Utilizar A/B testing o técnicas de Machine Learning explainability: SHAP, LIME, dice-ml, etc. (Intermedio). - Inglés (Intermedio/Avanzado). Nice to have: - herramientas de visualización como Tableau/PowerBI - Experiencia utilizando algún proveedor cloud (AWS, GCP, Azure) - Experiencia en NLP, computer vision, recommendation systems. Ok… si llegaste a leer hasta acá, te adelantamos lo que también es necesario que sepas: parte de nuestros grandes incentivos: Pedidos Ya ‍ ️ Prepaga Swiss Medical sin costo para vos y tu grupo familiar primario Reintegro de Conectividad Gimnasio 100% Bonificado Vacaciones Flex Jornada Flex Certificaciones bonificadas Día de cumpleaños libre Bonos Accenture Days Paquete de beneficios flexibles ‍‍‍ Licencias de Paternidad & Maternidad Extendida Ayuda Económica para Guardería y muchos ➕! So… ARE YOU READY TO ROCK? Trabajá desde cualquier parte de la Argentina de forma 100% remota. También ¡tenemos oficinas a disposición en CABA, Córdoba, Mar del Plata y Rosario! EN ACCENTURE, LA IGUALDAD IMPULSA LA INNOVACIÓN ¿Sabías que Accenture fue elegida la compañía más diversa e inclusiva del mundo? Creemos que la fuerza laboral del futuro es una fuerza igualitaria para todos. Todas las decisiones referidas al proceso de selección de empleo se tomarán sin hacer distinción, exclusión o preferencia alguna basada en motivos de raza, color, género, orientación sexual, discapacidad, edad, religión, opinión política o sindical, nacionalidad u origen socioeconómico ni ninguna otra prevista en la legislación vigente, que tengan por efecto anular o alterar la igualdad de oportunidades o de trato entre los candidatos. #LI-LATAM Ver más Ver menos [[downButtonMessage]] LinkedIn Twitter Facebook © 2026 Jobrapido | C.I.F: IT11876271005 Trabajos Empresas Condiciones del Servicio Política de Privacidad Ayuda Contacto",,https://ar.jobrapido.com/jobpreview/9038955656664580096?redirectTo=https%253A%252F%252Fwww.kitempleo.com.ar%252Fempleo%252F52525647%252Fbusiness-data-scientist-marketing-rosario&w=Python&p=4,NLP Engineer,jobrapido,2026-09-04T19:43:09.463787,,,,
8578372434812469248,"AI Engineer II - Marketing Argentina, Remote (Rosario)",Sezzle,Rosario,"Open or close the mobile menu Jobrapido Entrar Inscríbete Publica una oferta Ayuda Empresas Clear job input Profesión / Palabras clave Ofertas de trabajo para AI Engineer en Rosario ¿Qué trabajo estás buscando? Clear location input Localidad Búsqueda avanzada de empleo Relevancia Fecha [[distance.label]] [[d.text]] Close Localidad Gran Buenos Aires Capital Federal Córdoba Santa Fé Neuquén Rosario Mendoza Rincón De Los Sauces Gba Sur Mar Del Plata Búsquedas relacionadas Software Software Engineer Python Software Engineer Management Modelo Services Engineer Security Product Engineering Quality Engineer Product Engineer Vuelve a tus resultados: [[backlinkLabel]] AI Engineer II - Marketing Argentina, Remote (Rosario) Rosario - Región Centro Sezzle [[upButtonMessage]] full time www.kitempleo.com.ar 18 ago 2026 The salary range for this role is $3,333 - $6,000 per month (Gross in USD)About Sezzle With a mission to financially empower the next generation, Sezzle is revolutionizing the shopping experience beyond payments, blending cutting‑edge tech with seamless, interest‑free installment plans that make shopping smarter and more accessible. We’re not just transforming payments; we’re redefining how people discover, interact with, and purchase the things they love while driving real impact on merchant sales through increased conversions and higher order values. As we continue to shape the future of fintech and retail, we’re building an innovative, dynamic team passionate about creating more than just a transaction but a truly unique shopping journey. About the Role We are seeking an experienced and motivated AI Engineer II who possesses a strong blend of technical skill and business insight. This role offers an exciting opportunity to thrive in a fast‑paced environment, with significant prospects for continued growth and ownership. As a member of the Applied AI team, you will take end‑to‑end ownership of complex platforms and systems that power Sezzle’s AI‑driven capabilities. Your work will span initiatives such as building AI‑powered platforms from scratch, developing intelligent automation and orchestration systems, and embedding proprietary AI solutions directly into customer‑facing products, internal tools, and operational workflows. What You'll DoLead the design, development, and ownership of AI‑powered internal platforms and systems, including initiatives built from the ground up with a focus on Marketing. Own end‑to‑end delivery of complex projects, from problem discovery and system design through production rollout and iteration. Design and implement AI‑driven features, intelligent automation, and orchestration systems that enhance customer experiences and compound productivity across teams. Embed AI capabilities into customer‑facing products, internal tools, and operational workflows, ensuring solutions integrate naturally and deliver measurable value. Build full‑stack systems spanning backend services, APIs, data layers, and frontend interfaces. Translate ambiguous business and operational problems into scalable, maintainable, AI‑enabled technical solutions. Apply strong systems thinking to ensure reliability, performance, security, permissions, and auditability across platforms. Collaborate closely with engineers, teams, and stakeholders across the company to identify high‑impact opportunities and drive adoption. Participate in production support and incident response for owned systems, helping define and uphold reliability and operational best practices. Mentor AI team members through code reviews, design feedback, and hands‑on guidance, raising the overall quality bar of the team. What We Look for3–5 years of professional experience in software engineering, AI engineering, platform engineering, or related roles. Hands‑on experience designing, building, and shipping AI‑powered systems into production environments. Strong proficiency in Python, SQL, and frontend frameworks such as React. Proven experience designing and owning production‑grade full‑stack systems. Experience working with distributed systems, internal platforms, or complex data workflows. Ability to operate effectively in ambiguous problem spaces and drive solutions with minimal direction. Preferred Qualifications Experience building AI‑first platforms or internal products from scratch, including early architectural decisions. Strong foundation in core machine learning and data science principles, including supervised/unsupervised learning, feature engineering, model evaluation, and statistical inference. Experience with transformer architectures (BERT, GPT, etc.) and understanding of attention mechanisms, tokenization, and fine‑tuning strategies for domain‑specific applications. Experience developing AI‑assisted or agentic systems that interact with tools, data, or workflows. Familiarity with embeddings and vector representations, including text embeddings, similarity search, and integration with vector databases (Pinecone, Weaviate, pgvector, or similar). Experience with NLP techniques including text classification, named entity recognition, semantic search, and information extraction. Familiarity with cloud‑native development using AWS. Understanding of prompt engineering, retrieval‑augmented generation (RAG), and LLM application patterns. Experience with containerized systems and orchestration tools such as Docker and Kubernetes. Exposure to CI/CD pipelines and modern development workflows (e.g., Git Lab). Experience with Golang is a plus (or willingness to learn). Experience with Braze or similar consumer‑facing CRM platforms and/or various B2C digital marketing channels like affiliate, CTV, paid social, paid search, GEO/SEO, DSP. About You You have relentlessly high standards – you continually raise the bar and drive those around you to deliver great results. You’re not bound by convention – you develop new ways to do things. You need action – speed matters; many decisions and actions are reversible and do not need extensive study. You earn trust – you listen attentively, speak candidly, and treat others respectfully. What Makes Working at Sezzle Awesome At Sezzle, we are more than just brilliant engineers, passionate data enthusiasts, out‑of‑the‑box thinkers, and determined innovators. We believe in surrounding ourselves with only the best and the brightest individuals. Our culture is defined by the visible example of living in every employee that we hire, rather than a set of perks that merely imitate traditional startup culture. Remote – Full Time #J-18808-Ljbffr Ver más Ver menos [[downButtonMessage]] LinkedIn Twitter Facebook © 2026 Jobrapido | C.I.F: IT11876271005 Trabajos Empresas Condiciones del Servicio Política de Privacidad Ayuda Contacto",,https://ar.jobrapido.com/jobpreview/8578372434812469248?redirectTo=https%253A%252F%252Fwww.kitempleo.com.ar%252Fempleo%252F52535194%252Fai-engineer-ii-marketing-argentina-remote-rosario&w=Python&p=4,NLP Engineer,jobrapido,2026-09-04T19:43:09.464258,,,,
3698465640030404608,Principal Nlp Scientist (Chubut),Sourceability,Chubut,"Open or close the mobile menu Jobrapido Entrar Inscríbete Publica una oferta Ayuda Empresas Clear job input Profesión / Palabras clave Ofertas de trabajo para Principal Nlp en Chubut ¿Qué trabajo estás buscando? Clear location input Localidad Búsqueda avanzada de empleo Relevancia Fecha [[distance.label]] [[d.text]] Close Localidad Gran Buenos Aires Capital Federal Córdoba Santa Fé Neuquén Rosario Mendoza Rincón De Los Sauces Gba Sur Mar Del Plata Búsquedas relacionadas Software Software Engineer Python Software Engineer Management Modelo Services Engineer Security Product Engineering Quality Engineer Product Engineer Vuelve a tus resultados: [[backlinkLabel]] Principal Nlp Scientist (Chubut) Chubut - Región Patagonia Sourceability [[upButtonMessage]] full time www.kitempleo.com.ar 22 ago 2026 Sourceability® is a integral digital distributor of electronic components transforming how modern businesses bring products to market. With innovation, quality and logistics as the backbone of the company, Sourceability's cutting‐edge products and services expedite the procurement process across a wide range of industries, including communications/cellular, consumer electronics, and auto manufacturing. The Principal NLP Scientist is a senior technical leader responsible for designing, researching, and improving advanced Natural Language Processing and Large Language Model capabilities for production business systems. This role combines applied research, hands‐on model development, technical architecture, and practical product impact. The Principal NLP Scientist will lead the design of NLP solutions for named entity recognition, text classification, text generation, semantic search, information extraction, and other language‐driven automation use cases. This is not only a research role. The focus is to take modern NLP and LLM technologies and make them reliable, measurable, maintainable, and useful inside real production workflows. Assigned Product Group Product Group | NLP / AI Automation Stream | Software Engineering / AI & Machine Learning Role Type | Principal-level individual contributor / technical leader The Principal NLP Scientist will work closely with engineers, data engineers, product managers, analysts, and data annotation teams to define, build, evaluate, and continuously improve NLP models and language‐based automation systems. Product Group Focus Areas The NLP product group is responsible for building and improving systems related to: Named entity recognition and structured data extraction Text classification and categorization Text generation and language‐based automation Large Language Model evaluation, adaptation, and integration Retrieval‐augmented generation and semantic search Knowledge graph and GraphRAG‐based approaches for connecting structured business data, unstructured text, and entity relationships in AI assistant workflows Data preparation, annotation strategy, and labeling quality Model evaluation, monitoring, and production performance Applied NLP research and prototype development Integration of NLP models into internal business applications Insight on Your Impact In this role, you will influence how the company uses modern NLP and LLM technologies across internal platforms and operational workflows. You will define technical direction for NLP systems, evaluate new approaches, design experiments, create prototypes, and help move successful models into production. Your work will directly affect automation quality, data processing accuracy, operational efficiency, and the long‐term AI capabilities of the company. The role requires strong scientific depth, but also practical engineering judgment. The right candidate should be able to read research papers, understand model architecture, design measurable experiments, and also work with engineers to make sure the final solution can run reliably in production. Your Qualifications, Your Influence To be successful in this role, you should have: PhD in Computer Science, Machine Learning, Artificial Intelligence, Computational Linguistics, Applied Mathematics, Data Science, or a closely related technical field 8+ years of professional experience in machine learning, artificial intelligence, or NLP 5+ years of hands‐on experience building NLP models for production or near‐production systems Deep understanding of modern neural network architectures, including RNN, CNN, Transformer‐based architectures, attention mechanisms, embeddings, fine‐tuning strategies, layers, modules, and loss functions Strong practical experience with NLP tasks such as NER, classification, text generation, semantic similarity, information extraction, and document understanding Strong experience with Large Language Models, including model evaluation, prompt design, fine‐tuning, retrieval‐augmented generation, and safe production usage Practical understanding of RAG, GraphRAG, knowledge graphs, embeddings, and hybrid retrieval approaches for production LLM applications Strong hands‐on experience with Python Strong experience with PyTorch and Hugging Face Transformers Experience with ONNX or other model optimization / model serving formats Strong understanding of data preparation, data quality, labeling workflows, annotation guidelines, and model evaluation metrics Practical experience with main data analysis and machine learning libraries, including Pandas, NumPy, SciPy, scikit‐learn, and Matplotlib Experience working with SQL databases and structured business data Experience with cloud platforms such as Microsoft Azure or AWS Ability to design experiments, define success metrics, compare model approaches, and explain trade‐offs clearly Strong written and verbal English communication skills Experience working in Agile engineering environments Ability to provide technical leadership without requiring formal people management authority Preferred Skills and Technical Familiarity The following experience will be helpful: Experience leading NLP or AI research initiatives in a commercial production environment Experience with multilingual NLP systems Experience with vector databases, embeddings, semantic search, and RAG architectures Experience with knowledge graph concepts, including entity and relationship modeling, graph schema design, traversal queries, and LLM integration with graph databases such as Neo4j, FalkorDB, or similar technologies Experience with model serving, monitoring, drift detection, and production ML observability Experience with Docker and containerized ML workloads Experience with MLOps practices and CI/CD for machine learning systems Experience working with data annotation teams and creating annotation instructions Experience with . NET / C#, ASP.NET Core, or integration of ML services into enterprise software platforms Experience building prototypes, demos, and proof‐of‐concept applications for new AI capabilities Publications, patents, or recognized technical contributions in NLP, machine learning, or applied AI are a plus Success in the First 90 Days Understand the current NLP and AI automation landscape inside the company Review existing models, datasets, annotation processes, and production use cases Identify the highest‐impact opportunities for NLP and LLM improvements Define practical evaluation metrics for current and future NLP models Create a technical roadmap for improving NER, classification, generation, and information extraction capabilities Propose clear standards for data labeling quality, model validation, and production readiness Deliver at least one meaningful prototype or improvement proposal with measurable business value Establish strong working relationships with engineering, product, data, and operations stakeholders What This Role Does Not Own This role does not own general IT infrastructure, end‐user support, business operations, or manual data entry processes. The Principal NLP Scientist is also not the sole owner of product priorities or business requirements. Product management owns business prioritization, backlog structure, and stakeholder alignment. This role owns the scientific and technical direction for NLP and LLM capabilities and provides expert guidance on what is technically possible, reliable, and production‐ready. EQUAL OPPORTUNITY EMPLOYER It is our policy to abide by all federal, state and local laws prohibiting employment discrimination based on a person's race, color, religious creed, sex, national origin, ancestry, citizenship status, pregnancy, childbirth, physical disability, mental and/or intellectual disability, age, military status, veteran status (including protected veterans), marital status, registered domestic partner or civil union status, familial status, gender (including sex stereotyping and gender identity or expression), medical condition (including, but not limited to, cancer related or HIV/AIDS related), genetic information, sexual orientation, or any other protected status. #J-*****-Ljbffr Ver más Ver menos [[downButtonMessage]] LinkedIn Twitter Facebook © 2026 Jobrapido | C.I.F: IT11876271005 Trabajos Empresas Condiciones del Servicio Política de Privacidad Ayuda Contacto",,https://ar.jobrapido.com/jobpreview/3698465640030404608?redirectTo=https%253A%252F%252Fwww.kitempleo.com.ar%252Fempleo%252F52643527%252Fprincipal-nlp-scientist-chubut&w=Python&p=4,NLP Engineer,jobrapido,2026-09-04T19:43:09.464734,,,,
5448781584721248256,Principal NLP Scientist (Trelew),Sourceability,Trelew,"Jobrapido Publica una oferta Ayuda Empresas Entrar Inscríbete Profesión / Palabras clave Localidad Ofertas de trabajo para Principal NLP en Trelew Trabajos > Principal NLP > Trelew Localidad Gran Buenos Aires Capital Federal Córdoba Santa Fé Neuquén Rosario Mendoza Rincón De Los Sauces Gba Sur Mar Del Plata Búsquedas relacionadas Software Software Engineer Python Software Engineer Management Modelo Services Engineer Security Product Engineering Quality Engineer Product Engineer Vuelve a tus resultados: [[backlinkLabel]] Principal NLP Scientist (Trelew) Trelew - Región Patagonia Sourceability [[upButtonMessage]] full time Publicado enwww.kitempleo.com.ar 16 ago 2026 Sourceability® is a integral digital distributor of electronic components transforming how modern businesses bring products to market. With innovation, quality and logistics as the backbone of the company, Sourceability's cutting‑edge products and services expedite the procurement process across a wide range of industries, including communications/cellular, consumer electronics, and auto manufacturing. The Principal NLP Scientist is a senior technical leader responsible for designing, researching, and improving advanced Natural Language Processing and Large Language Model capabilities for production business systems. This role combines applied research, hands‑on model development, technical architecture, and practical product impact. The Principal NLP Scientist will lead the design of NLP solutions for named entity recognition, text classification, text generation, semantic search, information extraction, and other language‑driven automation use cases. This is not only a research role. The focus is to take modern NLP and LLM technologies and make them reliable, measurable, maintainable, and useful inside real production workflows. Assigned Product Group - Product Group | NLP / AI Automation - Stream | Software Engineering / AI & Machine Learning - Role Type | Principal-level individual contributor / technical leader The Principal NLP Scientist will work closely with engineers, data engineers, product managers, analysts, and data annotation teams to define, build, evaluate, and continuously improve NLP models and language‑based automation systems. Product Group Focus Areas The NLP product group is responsible for building and improving systems related to: - Named entity recognition and structured data extraction - Text classification and categorization - Text generation and language‑based automation - Large Language Model evaluation, adaptation, and integration - Retrieval‑augmented generation and semantic search - Knowledge graph and GraphRAG‑based approaches for connecting structured business data, unstructured text, and entity relationships in AI assistant workflows - Data preparation, annotation strategy, and labeling quality - Model evaluation, monitoring, and production performance - Applied NLP research and prototype development - Integration of NLP models into internal business applications Insight on Your Impact In this role, you will influence how the company uses modern NLP and LLM technologies across internal platforms and operational workflows. You will define technical direction for NLP systems, evaluate new approaches, design experiments, create prototypes, and help move successful models into production. Your work will directly affect automation quality, data processing accuracy, operational efficiency, and the long‑term AI capabilities of the company. The role requires strong scientific depth, but also practical engineering judgment. The right candidate should be able to read research papers, understand model architecture, design measurable experiments, and also work with engineers to make sure the final solution can run reliably in production. Your Qualifications, Your Influence To be successful in this role, you should have: - PhD in Computer Science, Machine Learning, Artificial Intelligence, Computational Linguistics, Applied Mathematics, Data Science, or a closely related technical field - 8+ years of professional experience in machine learning, artificial intelligence, or NLP - 5+ years of hands‑on experience building NLP models for production or near‑production systems - Deep understanding of modern neural network architectures, including RNN, CNN, Transformer‑based architectures, attention mechanisms, embeddings, fine‑tuning strategies, layers, modules, and loss functions - Strong practical experience with NLP tasks such as NER, classification, text generation, semantic similarity, information extraction, and document understanding - Strong experience with Large Language Models, including model evaluation, prompt design, fine‑tuning, retrieval‑augmented generation, and safe production usage - Practical understanding of RAG, GraphRAG, knowledge graphs, embeddings, and hybrid retrieval approaches for production LLM applications - Strong hands‑on experience with Python - Strong experience with PyTorch and Hugging Face Transformers - Experience with ONNX or other model optimization / model serving formats - Strong understanding of data preparation, data quality, labeling workflows, annotation guidelines, and model evaluation metrics - Practical experience with main data analysis and machine learning libraries, including Pandas, NumPy, SciPy, scikit‑learn, and Matplotlib - Experience working with SQL databases and structured business data - Experience with cloud platforms such as Microsoft Azure or AWS - Ability to design experiments, define success metrics, compare model approaches, and explain trade‑offs clearly - Strong written and verbal English communication skills - Experience working in Agile engineering environments - Ability to provide technical leadership without requiring formal people management authority Preferred Skills and Technical Familiarity The following experience will be helpful: - Experience leading NLP or AI research initiatives in a commercial production environment - Experience with multilingual NLP systems - Experience with vector databases, embeddings, semantic search, and RAG architectures - Experience with knowledge graph concepts, including entity and relationship modeling, graph schema design, traversal queries, and LLM integration with graph databases such as Neo4j, FalkorDB, or similar technologies - Experience with model serving, monitoring, drift detection, and production ML observability - Experience with Docker and containerized ML workloads - Experience with MLOps practices and CI/CD for machine learning systems - Experience working with data annotation teams and creating annotation instructions - Experience with .NET / C#, ASP.NET Core, or integration of ML services into enterprise software platforms - Experience building prototypes, demos, and proof‑of‑concept applications for new AI capabilities - Publications, patents, or recognized technical contributions in NLP, machine learning, or applied AI are a plus Success in the First 90 Days - Understand the current NLP and AI automation landscape inside the company - Review existing models, datasets, annotation processes, and production use cases - Identify the highest‑impact opportunities for NLP and LLM improvements - Define practical evaluation metrics for current and future NLP models - Create a technical roadmap for improving NER, classification, generation, and information extraction capabilities - Propose clear standards for data labeling quality, model validation, and production readiness - Deliver at least one meaningful prototype or improvement proposal with measurable business value - Establish strong working relationships with engineering, product, data, and operations stakeholders What This Role Does Not Own This role does not own general IT infrastructure, end‑user support, business operations, or manual data entry processes. The Principal NLP Scientist is also not the sole owner of product priorities or business requirements. Product management owns business prioritization, backlog structure, and stakeholder alignment. This role owns the scientific and technical direction for NLP and LLM capabilities and provides expert guidance on what is technically possible, reliable, and production‑ready. EQUAL OPPORTUNITY EMPLOYER It is our policy to abide by all federal, state and local laws prohibiting employment discrimination based on a person's race, color, religious creed, sex, national origin, ancestry, citizenship status, pregnancy, childbirth, physical disability, mental and/or intellectual disability, age, military status, veteran status (including protected veterans), marital status, registered domestic partner or civil union status, familial status, gender (including sex stereotyping and gender identity or expression), medical condition (including, but not limited to, cancer related or HIV/AIDS related), genetic information, sexual orientation, or any other protected status. Ver más Ver menos [[downButtonMessage]] LinkedIn Twitter Facebook © 2026 Jobrapido | C.I.F: IT11876271005 Trabajos Empresas Condiciones del Servicio Política de Privacidad Ayuda Contacto",,https://ar.jobrapido.com/jobpreview/5448781584721248256?redirectTo=https%253A%252F%252Fwww.kitempleo.com.ar%252Fempleo%252F52399023%252Fprincipal-nlp-scientist-trelew&w=Python&p=4,NLP Engineer,jobrapido,2026-09-04T19:43:09.465203,,,,
5286896553573744640,Principal NLP Scientist (Esquel),Sourceability,Esquel,"Open or close the mobile menu Jobrapido Entrar Inscríbete Publica una oferta Ayuda Empresas Clear job input Profesión / Palabras clave Ofertas de trabajo para Principal NLP en Esquel ¿Qué trabajo estás buscando? Clear location input Localidad Búsqueda avanzada de empleo Relevancia Fecha [[distance.label]] [[d.text]] Close Localidad Gran Buenos Aires Capital Federal Córdoba Santa Fé Neuquén Rosario Mendoza Rincón De Los Sauces Gba Sur Mar Del Plata Búsquedas relacionadas Software Software Engineer Python Software Engineer Management Modelo Services Engineer Security Product Engineering Quality Engineer Product Engineer Vuelve a tus resultados: [[backlinkLabel]] Principal NLP Scientist (Esquel) Esquel - Región Patagonia Sourceability [[upButtonMessage]] full time www.kitempleo.com.ar 14 ago 2026 Sourceability® is a integral digital distributor of electronic components transforming how modern businesses bring products to market. With innovation, quality and logistics as the backbone of the company, Sourceability's cutting‑edge products and services expedite the procurement process across a wide range of industries, including communications/cellular, consumer electronics, and auto manufacturing. The Principal NLP Scientist is a senior technical leader responsible for designing, researching, and improving advanced Natural Language Processing and Large Language Model capabilities for production business systems. This role combines applied research, hands‑on model development, technical architecture, and practical product impact. The Principal NLP Scientist will lead the design of NLP solutions for named entity recognition, text classification, text generation, semantic search, information extraction, and other language‑driven automation use cases. This is not only a research role. The focus is to take modern NLP and LLM technologies and make them reliable, measurable, maintainable, and useful inside real production workflows. Assigned Product Group - Product Group | NLP / AI Automation - Stream | Software Engineering / AI & Machine Learning - Role Type | Principal-level individual contributor / technical leader The Principal NLP Scientist will work closely with engineers, data engineers, product managers, analysts, and data annotation teams to define, build, evaluate, and continuously improve NLP models and language‑based automation systems. Product Group Focus Areas The NLP product group is responsible for building and improving systems related to: - Named entity recognition and structured data extraction - Text classification and categorization - Text generation and language‑based automation - Large Language Model evaluation, adaptation, and integration - Retrieval‑augmented generation and semantic search - Knowledge graph and GraphRAG‑based approaches for connecting structured business data, unstructured text, and entity relationships in AI assistant workflows - Data preparation, annotation strategy, and labeling quality - Model evaluation, monitoring, and production performance - Applied NLP research and prototype development - Integration of NLP models into internal business applications Insight on Your Impact In this role, you will influence how the company uses modern NLP and LLM technologies across internal platforms and operational workflows. You will define technical direction for NLP systems, evaluate new approaches, design experiments, create prototypes, and help move successful models into production. Your work will directly affect automation quality, data processing accuracy, operational efficiency, and the long‑term AI capabilities of the company. The role requires strong scientific depth, but also practical engineering judgment. The right candidate should be able to read research papers, understand model architecture, design measurable experiments, and also work with engineers to make sure the final solution can run reliably in production. Your Qualifications, Your Influence To be successful in this role, you should have: - PhD in Computer Science, Machine Learning, Artificial Intelligence, Computational Linguistics, Applied Mathematics, Data Science, or a closely related technical field - 8+ years of professional experience in machine learning, artificial intelligence, or NLP - 5+ years of hands‑on experience building NLP models for production or near‑production systems - Deep understanding of modern neural network architectures, including RNN, CNN, Transformer‑based architectures, attention mechanisms, embeddings, fine‑tuning strategies, layers, modules, and loss functions - Strong practical experience with NLP tasks such as NER, classification, text generation, semantic similarity, information extraction, and document understanding - Strong experience with Large Language Models, including model evaluation, prompt design, fine‑tuning, retrieval‑augmented generation, and safe production usage - Practical understanding of RAG, GraphRAG, knowledge graphs, embeddings, and hybrid retrieval approaches for production LLM applications - Strong hands‑on experience with Python - Strong experience with PyTorch and Hugging Face Transformers - Experience with ONNX or other model optimization / model serving formats - Strong understanding of data preparation, data quality, labeling workflows, annotation guidelines, and model evaluation metrics - Practical experience with main data analysis and machine learning libraries, including Pandas, NumPy, SciPy, scikit‑learn, and Matplotlib - Experience working with SQL databases and structured business data - Experience with cloud platforms such as Microsoft Azure or AWS - Ability to design experiments, define success metrics, compare model approaches, and explain trade‑offs clearly - Strong written and verbal English communication skills - Experience working in Agile engineering environments - Ability to provide technical leadership without requiring formal people management authority Preferred Skills and Technical Familiarity The following experience will be helpful: - Experience leading NLP or AI research initiatives in a commercial production environment - Experience with multilingual NLP systems - Experience with vector databases, embeddings, semantic search, and RAG architectures - Experience with knowledge graph concepts, including entity and relationship modeling, graph schema design, traversal queries, and LLM integration with graph databases such as Neo4j, FalkorDB, or similar technologies - Experience with model serving, monitoring, drift detection, and production ML observability - Experience with Docker and containerized ML workloads - Experience with MLOps practices and CI/CD for machine learning systems - Experience working with data annotation teams and creating annotation instructions - Experience with .NET / C#, ASP.NET Core, or integration of ML services into enterprise software platforms - Experience building prototypes, demos, and proof‑of‑concept applications for new AI capabilities - Publications, patents, or recognized technical contributions in NLP, machine learning, or applied AI are a plus Success in the First 90 Days - Understand the current NLP and AI automation landscape inside the company - Review existing models, datasets, annotation processes, and production use cases - Identify the highest‑impact opportunities for NLP and LLM improvements - Define practical evaluation metrics for current and future NLP models - Create a technical roadmap for improving NER, classification, generation, and information extraction capabilities - Propose clear standards for data labeling quality, model validation, and production readiness - Deliver at least one meaningful prototype or improvement proposal with measurable business value - Establish strong working relationships with engineering, product, data, and operations stakeholders What This Role Does Not Own This role does not own general IT infrastructure, end‑user support, business operations, or manual data entry processes. The Principal NLP Scientist is also not the sole owner of product priorities or business requirements. Product management owns business prioritization, backlog structure, and stakeholder alignment. This role owns the scientific and technical direction for NLP and LLM capabilities and provides expert guidance on what is technically possible, reliable, and production‑ready. EQUAL OPPORTUNITY EMPLOYER It is our policy to abide by all federal, state and local laws prohibiting employment discrimination based on a person's race, color, religious creed, sex, national origin, ancestry, citizenship status, pregnancy, childbirth, physical disability, mental and/or intellectual disability, age, military status, veteran status (including protected veterans), marital status, registered domestic partner or civil union status, familial status, gender (including sex stereotyping and gender identity or expression), medical condition (including, but not limited to, cancer related or HIV/AIDS related), genetic information, sexual orientation, or any other protected status. Ver más Ver menos [[downButtonMessage]] LinkedIn Twitter Facebook © 2026 Jobrapido | C.I.F: IT11876271005 Trabajos Empresas Condiciones del Servicio Política de Privacidad Ayuda Contacto",,https://ar.jobrapido.com/jobpreview/5286896553573744640?redirectTo=https%253A%252F%252Fwww.kitempleo.com.ar%252Fempleo%252F52278695%252Fprincipal-nlp-scientist-esquel&w=Python&p=4,NLP Engineer,jobrapido,2026-09-04T19:43:09.465675,,,,
4013879448314052608,Principal Nlp Scientist (Buenos Aires),Sourceability,Capital Federal,"Open or close the mobile menu Jobrapido Entrar Inscríbete Publica una oferta Ayuda Empresas Clear job input Profesión / Palabras clave Ofertas de trabajo para Principal Nlp en Departamento Federal ¿Qué trabajo estás buscando? Clear location input Localidad Búsqueda avanzada de empleo Relevancia Fecha [[distance.label]] [[d.text]] Close Localidad Gran Buenos Aires Capital Federal Córdoba Santa Fé Neuquén Rosario Mendoza Rincón De Los Sauces Gba Sur Mar Del Plata Búsquedas relacionadas Software Software Engineer Python Software Engineer Management Modelo Services Engineer Security Product Engineering Quality Engineer Product Engineer Vuelve a tus resultados: [[backlinkLabel]] Principal Nlp Scientist (Buenos Aires) Capital Federal - Provincia De Buenos Aires Sourceability [[upButtonMessage]] full time www.kitempleo.com.ar 24 ago 2026 Sourceability® is a general digital distributor of electronic components transforming how modern businesses bring products to market. With innovation, quality and logistics as the backbone of the company, Sourceability's cutting-edge products and services expedite the procurement process across a wide range of industries, including communications/cellular, consumer electronics, and auto manufacturing.The Principal NLP Scientist is a senior technical leader responsible for designing, researching, and improving advanced Natural Language Processing and Large Language Model capabilities for production business systems.This role combines applied research, hands‐on model development, technical architecture, and practical product impact. The Principal NLP Scientist will lead the design of NLP solutions for named entity recognition, text classification, text generation, semantic search, information extraction, and other language‐driven automation use cases.This is not only a research role. The focus is to take modern NLP and LLM technologies and make them reliable, measurable, maintainable, and useful inside real production workflows.Assigned Product GroupProduct Group | NLP / AI AutomationStream | Software Engineering / AI & Machine LearningRole Type | Principal-level individual contributor / technical leaderThe Principal NLP Scientist will work closely with software engineers, data engineers, product managers, analysts, and data annotation teams to define, build, evaluate, and continuously improve NLP models and language‐based automation systems.Product Group Focus AreasNamed entity recognition and structured data extractionText classification and categorizationText generation and language‐based automationLarge Language Model evaluation, adaptation, and integrationRetrieval‐augmented generation and semantic searchKnowledge graph and GraphRAG‐based approaches for connecting structured business data, unstructured text, and entity relationships in AI assistant workflowsData preparation, annotation strategy, and labeling qualityModel evaluation, monitoring, and production performanceApplied NLP research and prototype developmentIntegration of NLP models into internal business applicationsInsight on Your ImpactIn this role, you will influence how the company uses modern NLP and LLM technologies across internal platforms and operational workflows.You will define technical direction for NLP systems, evaluate new approaches, design experiments, create prototypes, and help move successful models into production. Your work will directly affect automation quality, data processing accuracy, operational efficiency, and the long‐term AI capabilities of the company.The role requires strong scientific depth, but also practical engineering judgment. The right candidate should be able to read research papers, understand model architecture, design measurable experiments, and also work with engineers to make sure the final solution can run reliably in production.Your Qualifications, Your InfluencePhD in Computer Science, Machine Learning, Artificial Intelligence, Computational Linguistics, Applied Mathematics, Data Science, or a closely related technical field8+ years of professional experience in machine learning, artificial intelligence, or NLP5+ years of hands‐on experience building NLP models for production or near‐production systemsDeep understanding of modern neural network architectures, including RNN, CNN, Transformer‐based architectures, attention mechanisms, embeddings, fine‐tuning strategies, layers, modules, and loss functionsStrong practical experience with NLP tasks such as NER, classification, text generation, semantic similarity, information extraction, and document understandingStrong experience with Large Language Models, including model evaluation, prompt design, fine‐tuning, retrieval‐augmented generation, and safe production usagePractical understanding of RAG, GraphRAG, knowledge graphs, embeddings, and hybrid retrieval approaches for production LLM applicationsStrong hands‐on experience with PythonStrong experience with PyTorch and Hugging Face TransformersExperience with ONNX or other model optimization / model serving formatsStrong understanding of data preparation, data quality, labeling workflows, annotation guidelines, and model evaluation metricsPractical experience with main data analysis and machine learning libraries, including Pandas, NumPy, SciPy, scikit‐learn, and MatplotlibExperience working with SQL databases and structured business dataExperience with cloud platforms such as Microsoft Azure or AWSAbility to design experiments, define success metrics, compare model approaches, and explain trade‐offs clearlyStrong written and verbal English communication skillsExperience working in Agile engineering environmentsAbility to provide technical leadership without requiring formal people management authorityPreferred Skills and Technical FamiliarityExperience leading NLP or AI research initiatives in a commercial production environmentExperience with multilingual NLP systemsExperience with vector databases, embeddings, semantic search, and RAG architecturesExperience with knowledge graph concepts, including entity and relationship modeling, graph schema design, traversal queries, and LLM integration with graph databases such as Neo4j, FalkorDB, or similar technologiesExperience with model serving, monitoring, drift detection, and production ML observabilityExperience with Docker and containerized ML workloadsExperience with MLOps practices and CI/CD for machine learning systemsExperience working with data annotation teams and creating annotation instructionsExperience with . NET / C#, ASP.NET Core, or integration of ML services into enterprise software platformsExperience building prototypes, demos, and proof‐of‐concept applications for new AI capabilitiesPublications, patents, or recognized technical contributions in NLP, machine learning, or applied AI are a plusSuccess in the First 90 DaysUnderstand the current NLP and AI automation landscape inside the companyReview existing models, datasets, annotation processes, and production use casesIdentify the highest‐impact opportunities for NLP and LLM improvementsDefine practical evaluation metrics for current and future NLP modelsCreate a technical roadmap for improving NER, classification, generation, and information extraction capabilitiesPropose clear standards for data labeling quality, model validation, and production readinessDeliver at least one meaningful prototype or improvement proposal with measurable business valueEstablish strong working relationships with engineering, product, data, and operations stakeholdersWhat This Role Does Not OwnThis role does not own general IT infrastructure, end‐user support, business operations, or manual data entry processes.The Principal NLP Scientist is also not the sole owner of product priorities or business requirements. Product management owns business prioritization, backlog structure, and stakeholder alignment. This role owns the scientific and technical direction for NLP and LLM capabilities and provides expert guidance on what is technically possible, reliable, and production‐ready.EQUAL OPPORTUNITY EMPLOYER.It is our policy to abide by all federal, state and local laws prohibiting employment discrimination based on a person's race, color, religious creed, sex, national origin, ancestry, citizenship status, pregnancy, childbirth, physical disability, mental and/or intellectual disability, age, military status, veteran status (including protected veterans), marital status, registered domestic partner or civil union status, familial status, gender (including sex stereotyping and gender identity or expression), medical condition (including, but not limited to, cancer related or HIV/AIDS related), genetic information, sexual orientation, or any other protected status. #J-*****-Ljbffr Ver más Ver menos [[downButtonMessage]] LinkedIn Twitter Facebook © 2026 Jobrapido | C.I.F: IT11876271005 Trabajos Empresas Condiciones del Servicio Política de Privacidad Ayuda Contacto",,https://ar.jobrapido.com/jobpreview/4013879448314052608?redirectTo=https%253A%252F%252Fwww.kitempleo.com.ar%252Fempleo%252F52709835%252Fprincipal-nlp-scientist-buenos-aires&w=Python&p=4,NLP Engineer,jobrapido,2026-09-04T19:43:09.466145,,,,
123563561258582016,Principal NLP Scientist (Comodoro Rivadavia),Sourceability,Comodoro Rivadavia,"Open or close the mobile menu Jobrapido Entrar Inscríbete Publica una oferta Ayuda Empresas Clear job input Profesión / Palabras clave Ofertas de trabajo para Principal NLP en Comodoro Rivadavia ¿Qué trabajo estás buscando? Clear location input Localidad Búsqueda avanzada de empleo Relevancia Fecha [[distance.label]] [[d.text]] Close Localidad Gran Buenos Aires Capital Federal Córdoba Santa Fé Neuquén Rosario Mendoza Rincón De Los Sauces Gba Sur Mar Del Plata Búsquedas relacionadas Software Software Engineer Python Software Engineer Management Modelo Services Engineer Security Product Engineering Quality Engineer Product Engineer Vuelve a tus resultados: [[backlinkLabel]] Principal NLP Scientist (Comodoro Rivadavia) Comodoro Rivadavia - Región Patagonia Sourceability [[upButtonMessage]] full time www.kitempleo.com.ar 16 ago 2026 Sourceability® is a general digital distributor of electronic components transforming how modern businesses bring products to market. With innovation, quality and logistics as the backbone of the company, Sourceability's cutting‑edge products and services expedite the procurement process across a wide range of industries, including communications/cellular, consumer electronics, and auto manufacturing. The Principal NLP Scientist is a senior technical leader responsible for designing, researching, and improving advanced Natural Language Processing and Large Language Model capabilities for production business systems. This role combines applied research, hands‑on model development, technical architecture, and practical product impact. The Principal NLP Scientist will lead the design of NLP solutions for named entity recognition, text classification, text generation, semantic search, information extraction, and other language‑driven automation use cases. This is not only a research role. The focus is to take modern NLP and LLM technologies and make them reliable, measurable, maintainable, and useful inside real production workflows. Assigned Product Group - Product Group | NLP / AI Automation - Stream | Software Engineering / AI & Machine Learning - Role Type | Principal-level individual contributor / technical leader The Principal NLP Scientist will work closely with engineers, data engineers, product managers, analysts, and data annotation teams to define, build, evaluate, and continuously improve NLP models and language‑based automation systems. Product Group Focus Areas The NLP product group is responsible for building and improving systems related to: - Named entity recognition and structured data extraction - Text classification and categorization - Text generation and language‑based automation - Large Language Model evaluation, adaptation, and integration - Retrieval‑augmented generation and semantic search - Knowledge graph and GraphRAG‑based approaches for connecting structured business data, unstructured text, and entity relationships in AI assistant workflows - Data preparation, annotation strategy, and labeling quality - Model evaluation, monitoring, and production performance - Applied NLP research and prototype development - Integration of NLP models into internal business applications Insight on Your Impact In this role, you will influence how the company uses modern NLP and LLM technologies across internal platforms and operational workflows. You will define technical direction for NLP systems, evaluate new approaches, design experiments, create prototypes, and help move successful models into production. Your work will directly affect automation quality, data processing accuracy, operational efficiency, and the long‑term AI capabilities of the company. The role requires strong scientific depth, but also practical engineering judgment. The right candidate should be able to read research papers, understand model architecture, design measurable experiments, and also work with engineers to make sure the final solution can run reliably in production. Your Qualifications, Your Influence To be successful in this role, you should have: - PhD in Computer Science, Machine Learning, Artificial Intelligence, Computational Linguistics, Applied Mathematics, Data Science, or a closely related technical field - 8+ years of professional experience in machine learning, artificial intelligence, or NLP - 5+ years of hands‑on experience building NLP models for production or near‑production systems - Deep understanding of modern neural network architectures, including RNN, CNN, Transformer‑based architectures, attention mechanisms, embeddings, fine‑tuning strategies, layers, modules, and loss functions - Strong practical experience with NLP tasks such as NER, classification, text generation, semantic similarity, information extraction, and document understanding - Strong experience with Large Language Models, including model evaluation, prompt design, fine‑tuning, retrieval‑augmented generation, and safe production usage - Practical understanding of RAG, GraphRAG, knowledge graphs, embeddings, and hybrid retrieval approaches for production LLM applications - Strong hands‑on experience with Python - Strong experience with PyTorch and Hugging Face Transformers - Experience with ONNX or other model optimization / model serving formats - Strong understanding of data preparation, data quality, labeling workflows, annotation guidelines, and model evaluation metrics - Practical experience with main data analysis and machine learning libraries, including Pandas, NumPy, SciPy, scikit‑learn, and Matplotlib - Experience working with SQL databases and structured business data - Experience with cloud platforms such as Microsoft Azure or AWS - Ability to design experiments, define success metrics, compare model approaches, and explain trade‑offs clearly - Strong written and verbal English communication skills - Experience working in Agile engineering environments - Ability to provide technical leadership without requiring formal people management authority Preferred Skills and Technical Familiarity The following experience will be helpful: - Experience leading NLP or AI research initiatives in a commercial production environment - Experience with multilingual NLP systems - Experience with vector databases, embeddings, semantic search, and RAG architectures - Experience with knowledge graph concepts, including entity and relationship modeling, graph schema design, traversal queries, and LLM integration with graph databases such as Neo4j, FalkorDB, or similar technologies - Experience with model serving, monitoring, drift detection, and production ML observability - Experience with Docker and containerized ML workloads - Experience with MLOps practices and CI/CD for machine learning systems - Experience working with data annotation teams and creating annotation instructions - Experience with .NET / C#, ASP.NET Core, or integration of ML services into enterprise software platforms - Experience building prototypes, demos, and proof‑of‑concept applications for new AI capabilities - Publications, patents, or recognized technical contributions in NLP, machine learning, or applied AI are a plus Success in the First 90 Days - Understand the current NLP and AI automation landscape inside the company - Review existing models, datasets, annotation processes, and production use cases - Identify the highest‑impact opportunities for NLP and LLM improvements - Define practical evaluation metrics for current and future NLP models - Create a technical roadmap for improving NER, classification, generation, and information extraction capabilities - Propose clear standards for data labeling quality, model validation, and production readiness - Deliver at least one meaningful prototype or improvement proposal with measurable business value - Establish strong working relationships with engineering, product, data, and operations stakeholders What This Role Does Not Own This role does not own general IT infrastructure, end‑user support, business operations, or manual data entry processes. The Principal NLP Scientist is also not the sole owner of product priorities or business requirements. Product management owns business prioritization, backlog structure, and stakeholder alignment. This role owns the scientific and technical direction for NLP and LLM capabilities and provides expert guidance on what is technically possible, reliable, and production‑ready. EQUAL OPPORTUNITY EMPLOYER It is our policy to abide by all federal, state and local laws prohibiting employment discrimination based on a person's race, color, religious creed, sex, national origin, ancestry, citizenship status, pregnancy, childbirth, physical disability, mental and/or intellectual disability, age, military status, veteran status (including protected veterans), marital status, registered domestic partner or civil union status, familial status, gender (including sex stereotyping and gender identity or expression), medical condition (including, but not limited to, cancer related or HIV/AIDS related), genetic information, sexual orientation, or any other protected status. Ver más Ver menos [[downButtonMessage]] LinkedIn Twitter Facebook © 2026 Jobrapido | C.I.F: IT11876271005 Trabajos Empresas Condiciones del Servicio Política de Privacidad Ayuda Contacto",,https://ar.jobrapido.com/jobpreview/123563561258582016?redirectTo=https%253A%252F%252Fwww.kitempleo.com.ar%252Fempleo%252F52399025%252Fprincipal-nlp-scientist-comodoro-rivadavia&w=Python&p=4,NLP Engineer,jobrapido,2026-09-04T19:43:09.466617,,,,
4867821407498665984,Principal NLP Scientist (Puerto Madryn),Sourceability,Puerto Madryn,"Open or close the mobile menu Jobrapido Entrar Inscríbete Publica una oferta Ayuda Empresas Clear job input Profesión / Palabras clave Ofertas de trabajo para Principal NLP en Puerto Madryn ¿Qué trabajo estás buscando? Clear location input Localidad Búsqueda avanzada de empleo Relevancia Fecha [[distance.label]] [[d.text]] Close Localidad Gran Buenos Aires Capital Federal Córdoba Santa Fé Neuquén Rosario Mendoza Rincón De Los Sauces Gba Sur Mar Del Plata Búsquedas relacionadas Software Software Engineer Python Software Engineer Management Modelo Services Engineer Security Product Engineering Quality Engineer Product Engineer Vuelve a tus resultados: [[backlinkLabel]] Principal NLP Scientist (Puerto Madryn) Puerto Madryn - Región Patagonia Sourceability [[upButtonMessage]] full time www.kitempleo.com.ar 16 ago 2026 Sourceability® is a general digital distributor of electronic components transforming how modern businesses bring products to market. With innovation, quality and logistics as the backbone of the company, Sourceability's cutting‑edge products and services expedite the procurement process across a wide range of industries, including communications/cellular, consumer electronics, and auto manufacturing. The Principal NLP Scientist is a senior technical leader responsible for designing, researching, and improving advanced Natural Language Processing and Large Language Model capabilities for production business systems. This role combines applied research, hands‑on model development, technical architecture, and practical product impact. The Principal NLP Scientist will lead the design of NLP solutions for named entity recognition, text classification, text generation, semantic search, information extraction, and other language‑driven automation use cases. This is not only a research role. The focus is to take modern NLP and LLM technologies and make them reliable, measurable, maintainable, and useful inside real production workflows. Assigned Product Group - Product Group | NLP / AI Automation - Stream | Software Engineering / AI & Machine Learning - Role Type | Principal-level individual contributor / technical leader The Principal NLP Scientist will work closely with engineers, data engineers, product managers, analysts, and data annotation teams to define, build, evaluate, and continuously improve NLP models and language‑based automation systems. Product Group Focus Areas The NLP product group is responsible for building and improving systems related to: - Named entity recognition and structured data extraction - Text classification and categorization - Text generation and language‑based automation - Large Language Model evaluation, adaptation, and integration - Retrieval‑augmented generation and semantic search - Knowledge graph and GraphRAG‑based approaches for connecting structured business data, unstructured text, and entity relationships in AI assistant workflows - Data preparation, annotation strategy, and labeling quality - Model evaluation, monitoring, and production performance - Applied NLP research and prototype development - Integration of NLP models into internal business applications Insight on Your Impact In this role, you will influence how the company uses modern NLP and LLM technologies across internal platforms and operational workflows. You will define technical direction for NLP systems, evaluate new approaches, design experiments, create prototypes, and help move successful models into production. Your work will directly affect automation quality, data processing accuracy, operational efficiency, and the long‑term AI capabilities of the company. The role requires strong scientific depth, but also practical engineering judgment. The right candidate should be able to read research papers, understand model architecture, design measurable experiments, and also work with engineers to make sure the final solution can run reliably in production. Your Qualifications, Your Influence To be successful in this role, you should have: - PhD in Computer Science, Machine Learning, Artificial Intelligence, Computational Linguistics, Applied Mathematics, Data Science, or a closely related technical field - 8+ years of professional experience in machine learning, artificial intelligence, or NLP - 5+ years of hands‑on experience building NLP models for production or near‑production systems - Deep understanding of modern neural network architectures, including RNN, CNN, Transformer‑based architectures, attention mechanisms, embeddings, fine‑tuning strategies, layers, modules, and loss functions - Strong practical experience with NLP tasks such as NER, classification, text generation, semantic similarity, information extraction, and document understanding - Strong experience with Large Language Models, including model evaluation, prompt design, fine‑tuning, retrieval‑augmented generation, and safe production usage - Practical understanding of RAG, GraphRAG, knowledge graphs, embeddings, and hybrid retrieval approaches for production LLM applications - Strong hands‑on experience with Python - Strong experience with PyTorch and Hugging Face Transformers - Experience with ONNX or other model optimization / model serving formats - Strong understanding of data preparation, data quality, labeling workflows, annotation guidelines, and model evaluation metrics - Practical experience with main data analysis and machine learning libraries, including Pandas, NumPy, SciPy, scikit‑learn, and Matplotlib - Experience working with SQL databases and structured business data - Experience with cloud platforms such as Microsoft Azure or AWS - Ability to design experiments, define success metrics, compare model approaches, and explain trade‑offs clearly - Strong written and verbal English communication skills - Experience working in Agile engineering environments - Ability to provide technical leadership without requiring formal people management authority Preferred Skills and Technical Familiarity The following experience will be helpful: - Experience leading NLP or AI research initiatives in a commercial production environment - Experience with multilingual NLP systems - Experience with vector databases, embeddings, semantic search, and RAG architectures - Experience with knowledge graph concepts, including entity and relationship modeling, graph schema design, traversal queries, and LLM integration with graph databases such as Neo4j, FalkorDB, or similar technologies - Experience with model serving, monitoring, drift detection, and production ML observability - Experience with Docker and containerized ML workloads - Experience with MLOps practices and CI/CD for machine learning systems - Experience working with data annotation teams and creating annotation instructions - Experience with .NET / C#, ASP.NET Core, or integration of ML services into enterprise software platforms - Experience building prototypes, demos, and proof‑of‑concept applications for new AI capabilities - Publications, patents, or recognized technical contributions in NLP, machine learning, or applied AI are a plus Success in the First 90 Days - Understand the current NLP and AI automation landscape inside the company - Review existing models, datasets, annotation processes, and production use cases - Identify the highest‑impact opportunities for NLP and LLM improvements - Define practical evaluation metrics for current and future NLP models - Create a technical roadmap for improving NER, classification, generation, and information extraction capabilities - Propose clear standards for data labeling quality, model validation, and production readiness - Deliver at least one meaningful prototype or improvement proposal with measurable business value - Establish strong working relationships with engineering, product, data, and operations stakeholders What This Role Does Not Own This role does not own general IT infrastructure, end‑user support, business operations, or manual data entry processes. The Principal NLP Scientist is also not the sole owner of product priorities or business requirements. Product management owns business prioritization, backlog structure, and stakeholder alignment. This role owns the scientific and technical direction for NLP and LLM capabilities and provides expert guidance on what is technically possible, reliable, and production‑ready. EQUAL OPPORTUNITY EMPLOYER It is our policy to abide by all federal, state and local laws prohibiting employment discrimination based on a person's race, color, religious creed, sex, national origin, ancestry, citizenship status, pregnancy, childbirth, physical disability, mental and/or intellectual disability, age, military status, veteran status (including protected veterans), marital status, registered domestic partner or civil union status, familial status, gender (including sex stereotyping and gender identity or expression), medical condition (including, but not limited to, cancer related or HIV/AIDS related), genetic information, sexual orientation, or any other protected status. Ver más Ver menos [[downButtonMessage]] LinkedIn Twitter Facebook © 2026 Jobrapido | C.I.F: IT11876271005 Trabajos Empresas Condiciones del Servicio Política de Privacidad Ayuda Contacto",,https://ar.jobrapido.com/jobpreview/4867821407498665984?redirectTo=https%253A%252F%252Fwww.kitempleo.com.ar%252Fempleo%252F52399030%252Fprincipal-nlp-scientist-puerto-madryn&w=Python&p=4,NLP Engineer,jobrapido,2026-09-04T19:43:09.467083,,,,
8538216844236947456,Senior NLP Scientist: Production-Grade LLMs (Trelew),Sourceability,Trelew,"Jobrapido Publica una oferta Ayuda Empresas Entrar Inscríbete Profesión / Palabras clave Localidad Ofertas de trabajo para Senior NLP en Trelew Trabajos > Senior NLP > Trelew Localidad Gran Buenos Aires Capital Federal Córdoba Santa Fé Neuquén Rosario Mendoza Rincón De Los Sauces Gba Sur Mar Del Plata Búsquedas relacionadas Software Software Engineer Python Software Engineer Management Modelo Services Engineer Security Product Engineering Quality Engineer Product Engineer Vuelve a tus resultados: [[backlinkLabel]] Senior NLP Scientist: Production-Grade LLMs (Trelew) Trelew - Región Patagonia Sourceability [[upButtonMessage]] full time Publicado enwww.kitempleo.com.ar 16 ago 2026 Sourceability is seeking a Principal NLP Scientist to design, research, and improve NLP and Large Language Model capabilities for production business systems. You will lead the development of NLP solutions for named entity recognition, text classification, text generation, semantic search, information extraction, and other language‑driven automation use cases. You will work with engineers, product managers, and annotation teams to define, build, evaluate, and continually improve NLP models; Ver más Ver menos [[downButtonMessage]] LinkedIn Twitter Facebook © 2026 Jobrapido | C.I.F: IT11876271005 Trabajos Empresas Condiciones del Servicio Política de Privacidad Ayuda Contacto",,https://ar.jobrapido.com/jobpreview/8538216844236947456?redirectTo=https%253A%252F%252Fwww.kitempleo.com.ar%252Fempleo%252F52397659%252Fsenior-nlp-scientist-production-grade-llms-trelew&w=Python&p=4,NLP Engineer,jobrapido,2026-09-04T19:43:09.467557,,,,
3105822361488719872,Senior Nlp Scientist: Production-Grade Llms (Chubut),Sourceability,Chubut,"Open or close the mobile menu Jobrapido Entrar Inscríbete Publica una oferta Ayuda Empresas Clear job input Profesión / Palabras clave Ofertas de trabajo para Senior Nlp en Chubut ¿Qué trabajo estás buscando? Clear location input Localidad Búsqueda avanzada de empleo Relevancia Fecha [[distance.label]] [[d.text]] Close Localidad Gran Buenos Aires Capital Federal Córdoba Santa Fé Neuquén Rosario Mendoza Rincón De Los Sauces Gba Sur Mar Del Plata Búsquedas relacionadas Software Software Engineer Python Software Engineer Management Modelo Services Engineer Security Product Engineering Quality Engineer Product Engineer Vuelve a tus resultados: [[backlinkLabel]] Senior Nlp Scientist: Production-Grade Llms (Chubut) Chubut - Región Patagonia Sourceability [[upButtonMessage]] full time www.kitempleo.com.ar 14 ago 2026 Sourceability is seeking a Principal NLP Scientist to design, research, and improve NLP and Large Language Model capabilities for production business systems. You will lead the development of NLP solutions for named entity recognition, text classification, text generation, semantic search, information extraction, and other language‐driven automation use cases.You will work with engineers, product managers, and annotation teams to define, build, evaluate, and continually improve NLP models; #J-*****-Ljbffr Ver más Ver menos [[downButtonMessage]] LinkedIn Twitter Facebook © 2026 Jobrapido | C.I.F: IT11876271005 Trabajos Empresas Condiciones del Servicio Política de Privacidad Ayuda Contacto",,https://ar.jobrapido.com/jobpreview/3105822361488719872?redirectTo=https%253A%252F%252Fwww.kitempleo.com.ar%252Fempleo%252F52318609%252Fsenior-nlp-scientist-production-grade-llms-chubut&w=Python&p=4,NLP Engineer,jobrapido,2026-09-04T19:43:09.468024,,,,
3034384892008857600,Senior NLP Scientist: Production-Grade LLMs (Esquel),Sourceability,Esquel,"Open or close the mobile menu Jobrapido Entrar Inscríbete Publica una oferta Ayuda Empresas Clear job input Profesión / Palabras clave Ofertas de trabajo para Senior NLP en Esquel ¿Qué trabajo estás buscando? Clear location input Localidad Búsqueda avanzada de empleo Relevancia Fecha [[distance.label]] [[d.text]] Close Localidad Gran Buenos Aires Capital Federal Córdoba Santa Fé Neuquén Rosario Mendoza Rincón De Los Sauces Gba Sur Mar Del Plata Búsquedas relacionadas Software Software Engineer Python Software Engineer Management Modelo Services Engineer Security Product Engineering Quality Engineer Product Engineer Vuelve a tus resultados: [[backlinkLabel]] Senior NLP Scientist: Production-Grade LLMs (Esquel) Esquel - Región Patagonia Sourceability [[upButtonMessage]] full time www.kitempleo.com.ar 14 ago 2026 Sourceability is seeking a Principal NLP Scientist to design, research, and improve NLP and Large Language Model capabilities for production business systems. You will lead the development of NLP solutions for named entity recognition, text classification, text generation, semantic search, information extraction, and other language‑driven automation use cases. You will work with engineers, product managers, and annotation teams to define, build, evaluate, and continually improve NLP models; Ver más Ver menos [[downButtonMessage]] LinkedIn Twitter Facebook © 2026 Jobrapido | C.I.F: IT11876271005 Trabajos Empresas Condiciones del Servicio Política de Privacidad Ayuda Contacto",,https://ar.jobrapido.com/jobpreview/3034384892008857600?redirectTo=https%253A%252F%252Fwww.kitempleo.com.ar%252Fempleo%252F52276696%252Fsenior-nlp-scientist-production-grade-llms-esquel&w=Python&p=4,NLP Engineer,jobrapido,2026-09-04T19:43:09.468496,,,,
5035440168446722048,Fintech Nlp Ml Engineer: Python (Buenos Aires),Reconocida empresa,Capital Federal,"Open or close the mobile menu Jobrapido Entrar Inscríbete Publica una oferta Ayuda Empresas Clear job input Profesión / Palabras clave Ofertas de trabajo para Fintech Nlp en Departamento Federal ¿Qué trabajo estás buscando? Clear location input Localidad Búsqueda avanzada de empleo Relevancia Fecha [[distance.label]] [[d.text]] Close Localidad Gran Buenos Aires Capital Federal Córdoba Santa Fé Neuquén Rosario Mendoza Rincón De Los Sauces Gba Sur Mar Del Plata Búsquedas relacionadas Software Software Engineer Python Software Engineer Management Modelo Services Engineer Security Product Engineering Quality Engineer Product Engineer Vuelve a tus resultados: [[backlinkLabel]] Fintech Nlp Ml Engineer: Python (Buenos Aires) Capital Federal - Provincia De Buenos Aires Reconocida empresa [[upButtonMessage]] full time www.kitempleo.com.ar 23 ago 2026 Werben HR is seeking a Machine Learning Engineer with a strong Python and NLP focus to join our fintech-oriented team in Argentina. The role emphasizes document understanding, data processing, and scalable model deployment. You will build ML models, apply NLP techniques with spaCy/NLTK/transformers, implement fuzzy matching, and collaborate across teams to deliver reliable, reusable pipelines and REST APIs. Experience in finance/reconciliation is a plus. ? FinTech NLP ML Engineer: Python (Buenos Aires) ? Werben Hr ? Buenos Aires Ver más Ver menos [[downButtonMessage]] LinkedIn Twitter Facebook © 2026 Jobrapido | C.I.F: IT11876271005 Trabajos Empresas Condiciones del Servicio Política de Privacidad Ayuda Contacto",,https://ar.jobrapido.com/jobpreview/5035440168446722048?redirectTo=https%253A%252F%252Fwww.kitempleo.com.ar%252Fempleo%252F52671763%252Ffintech-nlp-ml-engineer-python-buenos-aires&w=Python&p=4,NLP Engineer,jobrapido,2026-09-04T19:43:09.468962,,,,
3859144833339752448,FinTech NLP ML Engineer: Python (Buenos Aires),Werben Hr,Capital Federal,"Jobrapido Publica una oferta Ayuda Empresas Entrar Inscríbete Profesión / Palabras clave Localidad Ofertas de trabajo para FinTech NLP en Departamento Federal Trabajos > FinTech NLP > Capital Federal Localidad Gran Buenos Aires Capital Federal Córdoba Santa Fé Neuquén Rosario Mendoza Rincón De Los Sauces Gba Sur Mar Del Plata Búsquedas relacionadas Software Software Engineer Python Software Engineer Management Modelo Services Engineer Security Product Engineering Quality Engineer Product Engineer Vuelve a tus resultados: [[backlinkLabel]] FinTech NLP ML Engineer: Python (Buenos Aires) Capital Federal - Provincia De Buenos Aires Werben Hr [[upButtonMessage]] full time Publicado enwww.kitempleo.com.ar 23 ago 2026 Werben HR is seeking a Machine Learning Engineer with a strong Python and NLP focus to join our fintech-oriented team in Argentina. The role emphasizes document understanding, data processing, and scalable model deployment. You will build ML models, apply NLP techniques with spaCy/NLTK/transformers, implement fuzzy matching, and collaborate across teams to deliver reliable, reusable pipelines and REST APIs. Experience in finance/reconciliation is a plus. Ver más Ver menos [[downButtonMessage]] LinkedIn Twitter Facebook © 2026 Jobrapido | C.I.F: IT11876271005 Trabajos Empresas Condiciones del Servicio Política de Privacidad Ayuda Contacto",,https://ar.jobrapido.com/jobpreview/3859144833339752448?redirectTo=https%253A%252F%252Fwww.kitempleo.com.ar%252Fempleo%252F52648436%252Ffintech-nlp-ml-engineer-python-buenos-aires&w=Python&p=4,NLP Engineer,jobrapido,2026-09-04T19:43:09.469427,,,,
6516544814245216256,Senior Python Backend Engineer - NLP (Buenos Aires),GreenCode,Capital Federal,"Jobrapido Publica una oferta Ayuda Empresas Entrar Inscríbete Profesión / Palabras clave Localidad Ofertas de trabajo para Senior Python en Departamento Federal Trabajos > Senior Python > Capital Federal Localidad Gran Buenos Aires Capital Federal Córdoba Santa Fé Neuquén Rosario Mendoza Rincón De Los Sauces Gba Sur Mar Del Plata Búsquedas relacionadas Software Software Engineer Python Software Engineer Management Modelo Services Engineer Security Product Engineering Quality Engineer Product Engineer Vuelve a tus resultados: [[backlinkLabel]] Senior Python Backend Engineer - NLP (Buenos Aires) Capital Federal - Provincia De Buenos Aires GreenCode [[upButtonMessage]] other Publicado enwww.kitempleo.com.ar 16 ago 2026 Sobre GreenCode Software Green Code Software es una empresa de desarrollo de software comprometida con la innovación tecnológica y las mejores prácticas de desarrollo. Trabajamos en proyectos que combinan tecnología de punta con soluciones sostenibles y eficientes. Senior Python Backend Engineer - NLP Green Code Software Modalidad: Full-time | Remoto Incorporación: Inmediata Zona horaria: Argentina Descripción del puesto Buscamos un Desarrollador Python con orientación a datos para unirse a nuestro equipo en GreenCode Software. El candidato idóneo tendrá experiencia sólida en el desarrollo de aplicaciones backend robustas y escalables, con un enfoque especial en el procesamiento y análisis de datos. Responsabilidades principales - Desarrollar y mantener APIs REST - Diseñar y gestionar flujos de trabajo automatizados con Apache Airflow - Documentar código y procesos técnicos Requisitos técnicos Imprescindibles: - 6-8 años de experiencia como desarrollador Python - Experiencia sólida con Python y sus ecosistemas - Dominio de FastAPI o similar para desarrollo de APIs - Experiencia práctica con Pandas para manipulación de datos - Conocimientos en PLN/NLP - Experiencia con Apache Airflow para orquestación de workflows - Experiencia con bases de datos - Conocimientos en machine learning y ciencia de datos - Experiencia con testing automatizado - Familiaridad con metodologías ágiles Valoramos: Experiencia con Gen AI - RAG - LLm´s Requisitos adicionales - Disponibilidad para trabajar en zona horaria argentina (GMT-3) con horarios flexibles - Capacidad para trabajar de forma remota y autónoma - Orientación a resultados y calidad del código Proceso de selección El proceso consta de 3 rondas de entrevistas: Primera ronda: requerimientos básicos. Segunda ronda: Entrevista de Fit Cultural. Tercera ronda: Entrevista final con liderazgo técnico. Challenge técnico: Posible. Qué ofrecemos 1. Trabajo Remoto - Modalidad 100% remota 2. Flexibilidad Horaria - Horarios Flexibles - Libertad para organizar tu jornada laboral 3. Salarios Competitivos en Dólares - Remuneración competitiva en moneda extranjera 4. Oportunidades de Crecimiento Profesional - Ambiente de trabajo colaborativo y orientado al crecimiento profesional 5. Beneficios de Salud y Bienestar - Actualización Salarial y contrato de trabajo Anual. - 10 días de PTO - Días de vacaciones pagas - Feriados Argentinos - Respeto por el calendario de feriados locales - Día de Cumpleaños libre - Día libre remunerado en tu cumpleaños - Viáticos para viajar a Buenos Aires a la picadita anual 6. Cultura Empresarial Horizontal - Ambiente colaborativo sin jerarquías rígidas - Comunicación abierta y transparente 7. Capacitación y Certificaciones - Clases de Inglés - Programa de capacitación en idiomas - Acceso a Claude.io Plan Team ¿Te interesa formar parte de nuestro equipo?Envía tu CV y portfolio destacando tu experiencia con las tecnologías mencionadas. [email protected] ¡Esperamos conocerte!Para más información sobre nuestra empresa, visita: https://www.greencodesoftware.com/en Ver más Ver menos [[downButtonMessage]] LinkedIn Twitter Facebook © 2026 Jobrapido | C.I.F: IT11876271005 Trabajos Empresas Condiciones del Servicio Política de Privacidad Ayuda Contacto",,https://ar.jobrapido.com/jobpreview/6516544814245216256?redirectTo=https%253A%252F%252Fwww.kitempleo.com.ar%252Fempleo%252F52356042%252Fsenior-python-backend-engineer-nlp-buenos-aires&w=Python&p=4,NLP Engineer,jobrapido,2026-09-04T19:43:09.469897,,,,
5013626957263273984,Senior NLP Scientist: Production-Grade LLMs (Comodoro Rivadavia),Sourceability,Comodoro Rivadavia,"Jobrapido Publica una oferta Ayuda Empresas Entrar Inscríbete Profesión / Palabras clave Localidad Ofertas de trabajo para Senior NLP en Comodoro Rivadavia Trabajos > Senior NLP > Comodoro Rivadavia Localidad Gran Buenos Aires Capital Federal Córdoba Santa Fé Neuquén Rosario Mendoza Rincón De Los Sauces Gba Sur Mar Del Plata Búsquedas relacionadas Software Software Engineer Python Software Engineer Management Modelo Services Engineer Security Product Engineering Quality Engineer Product Engineer Vuelve a tus resultados: [[backlinkLabel]] Senior NLP Scientist: Production-Grade LLMs (Comodoro Rivadavia) Comodoro Rivadavia - Región Patagonia Sourceability [[upButtonMessage]] full time Publicado enwww.kitempleo.com.ar 16 ago 2026 Sourceability is seeking a Principal NLP Scientist to design, research, and improve NLP and Large Language Model capabilities for production business systems. You will lead the development of NLP solutions for named entity recognition, text classification, text generation, semantic search, information extraction, and other language‑driven automation use cases. You will work with engineers, product managers, and annotation teams to define, build, evaluate, and continually improve NLP models; Ver más Ver menos [[downButtonMessage]] LinkedIn Twitter Facebook © 2026 Jobrapido | C.I.F: IT11876271005 Trabajos Empresas Condiciones del Servicio Política de Privacidad Ayuda Contacto",,https://ar.jobrapido.com/jobpreview/5013626957263273984?redirectTo=https%253A%252F%252Fwww.kitempleo.com.ar%252Fempleo%252F52397658%252Fsenior-nlp-scientist-production-grade-llms-comodoro-rivadavia&w=Python&p=4,NLP Engineer,jobrapido,2026-09-04T19:43:09.470363,,,,
8113631633078222848,Senior NLP Scientist: Production-Grade LLMs (Puerto Madryn),Sourceability,Puerto Madryn,"Jobrapido Publica una oferta Ayuda Empresas Entrar Inscríbete Profesión / Palabras clave Localidad Ofertas de trabajo para Senior NLP en Puerto Madryn Trabajos > Senior NLP > Puerto Madryn Localidad Gran Buenos Aires Capital Federal Córdoba Santa Fé Neuquén Rosario Mendoza Rincón De Los Sauces Gba Sur Mar Del Plata Búsquedas relacionadas Software Software Engineer Python Software Engineer Management Modelo Services Engineer Security Product Engineering Quality Engineer Product Engineer Vuelve a tus resultados: [[backlinkLabel]] Senior NLP Scientist: Production-Grade LLMs (Puerto Madryn) Puerto Madryn - Región Patagonia Sourceability [[upButtonMessage]] full time Publicado enwww.kitempleo.com.ar 14 ago 2026 Sourceability is seeking a Principal NLP Scientist to design, research, and improve NLP and Large Language Model capabilities for production business systems. You will lead the development of NLP solutions for named entity recognition, text classification, text generation, semantic search, information extraction, and other language‑driven automation use cases. You will work with engineers, product managers, and annotation teams to define, build, evaluate, and continually improve NLP models; Ver más Ver menos [[downButtonMessage]] LinkedIn Twitter Facebook © 2026 Jobrapido | C.I.F: IT11876271005 Trabajos Empresas Condiciones del Servicio Política de Privacidad Ayuda Contacto",,https://ar.jobrapido.com/jobpreview/8113631633078222848?redirectTo=https%253A%252F%252Fwww.kitempleo.com.ar%252Fempleo%252F52276683%252Fsenior-nlp-scientist-production-grade-llms-puerto-madryn&w=Python&p=4,NLP Engineer,jobrapido,2026-09-04T19:43:09.470831,,,,
1642190742161981440,Senior Nlp Scientist: Production-Ready Llms & Ai (Buenos Aires),Sourceability,Capital Federal,"Open or close the mobile menu Jobrapido Entrar Inscríbete Publica una oferta Ayuda Empresas Clear job input Profesión / Palabras clave Ofertas de trabajo para Senior Nlp en Departamento Federal ¿Qué trabajo estás buscando? Clear location input Localidad Búsqueda avanzada de empleo Relevancia Fecha [[distance.label]] [[d.text]] Close Localidad Gran Buenos Aires Capital Federal Córdoba Santa Fé Neuquén Rosario Mendoza Rincón De Los Sauces Gba Sur Mar Del Plata Búsquedas relacionadas Software Software Engineer Python Software Engineer Management Modelo Services Engineer Security Product Engineering Quality Engineer Product Engineer Vuelve a tus resultados: [[backlinkLabel]] Senior Nlp Scientist: Production-Ready Llms & Ai (Buenos Aires) Capital Federal - Provincia De Buenos Aires Sourceability [[upButtonMessage]] full time www.kitempleo.com.ar 22 ago 2026 Sourceability is a general digital distributor of electronic components transforming how modern businesses bring products to market. The Principal NLP Scientist is a senior technical leader responsible for designing, researching, and improving advanced NLP and LLM capabilities for production business systems. This role combines applied research with hands-on model development, technical architecture, and measurable product impact. #J-*****-Ljbffr Ver más Ver menos [[downButtonMessage]] LinkedIn Twitter Facebook © 2026 Jobrapido | C.I.F: IT11876271005 Trabajos Empresas Condiciones del Servicio Política de Privacidad Ayuda Contacto",,https://ar.jobrapido.com/jobpreview/1642190742161981440?redirectTo=https%253A%252F%252Fwww.kitempleo.com.ar%252Fempleo%252F52642384%252Fsenior-nlp-scientist-production-ready-llms-ai-buenos-aires&w=Python&p=4,NLP Engineer,jobrapido,2026-09-04T19:43:09.471294,,,,
2137288733521608704,Senior NLP Scientist: Production-Ready LLMs (Buenos Aires),Sourceability,Capital Federal,"Open or close the mobile menu Jobrapido Entrar Inscríbete Publica una oferta Ayuda Empresas Clear job input Profesión / Palabras clave Ofertas de trabajo para Senior NLP en Departamento Federal ¿Qué trabajo estás buscando? Clear location input Localidad Búsqueda avanzada de empleo Relevancia Fecha [[distance.label]] [[d.text]] Close Localidad Gran Buenos Aires Capital Federal Córdoba Santa Fé Neuquén Rosario Mendoza Rincón De Los Sauces Gba Sur Mar Del Plata Búsquedas relacionadas Software Software Engineer Python Software Engineer Management Modelo Services Engineer Security Product Engineering Quality Engineer Product Engineer Vuelve a tus resultados: [[backlinkLabel]] Senior NLP Scientist: Production-Ready LLMs (Buenos Aires) Capital Federal - Provincia De Buenos Aires Sourceability [[upButtonMessage]] full time www.kitempleo.com.ar 22 ago 2026 Sourceability is a integral digital distributor of electronic components transforming how modern businesses bring products to market. The Principal NLP Scientist is a senior technical leader responsible for designing, researching, and improving advanced NLP and LLM capabilities for production business systems. This role combines applied research with hands-on model development, technical architecture, and measurable product impact. Ver más Ver menos [[downButtonMessage]] LinkedIn Twitter Facebook © 2026 Jobrapido | C.I.F: IT11876271005 Trabajos Empresas Condiciones del Servicio Política de Privacidad Ayuda Contacto",,https://ar.jobrapido.com/jobpreview/2137288733521608704?redirectTo=https%253A%252F%252Fwww.kitempleo.com.ar%252Fempleo%252F52614416%252Fsenior-nlp-scientist-production-ready-llms-buenos-aires&w=Python&p=4,NLP Engineer,jobrapido,2026-09-04T19:43:09.471763,,,,
1395323993447202816,FinTech NLP ML Engineer: Python & Document Processing (Buenos Aires),Werben Hr,Capital Federal,"Open or close the mobile menu Jobrapido Entrar Inscríbete Publica una oferta Ayuda Empresas Clear job input Profesión / Palabras clave Ofertas de trabajo para FinTech NLP en Departamento Federal ¿Qué trabajo estás buscando? Clear location input Localidad Búsqueda avanzada de empleo Relevancia Fecha [[distance.label]] [[d.text]] Close Localidad Gran Buenos Aires Capital Federal Córdoba Santa Fé Neuquén Rosario Mendoza Rincón De Los Sauces Gba Sur Mar Del Plata Búsquedas relacionadas Software Software Engineer Python Software Engineer Management Modelo Services Engineer Security Product Engineering Quality Engineer Product Engineer Vuelve a tus resultados: [[backlinkLabel]] FinTech NLP ML Engineer: Python & Document Processing (Buenos Aires) Capital Federal - Provincia De Buenos Aires Werben Hr [[upButtonMessage]] full time www.kitempleo.com.ar 23 ago 2026 Werben HR is seeking a Machine Learning Engineer with a strong Python and NLP focus to join our fintech-oriented team in Argentina. The role emphasizes document understanding, data processing, and scalable model deployment. You will build ML models, apply NLP techniques with spa Cy/NLTK/transformers, implement fuzzy matching, and collaborate across teams to deliver reliable, reusable pipelines and REST APIs. Experience in finance/reconciliation is a plus. #J-18808-Ljbffr Ver más Ver menos [[downButtonMessage]] LinkedIn Twitter Facebook © 2026 Jobrapido | C.I.F: IT11876271005 Trabajos Empresas Condiciones del Servicio Política de Privacidad Ayuda Contacto",,https://ar.jobrapido.com/jobpreview/1395323993447202816?redirectTo=https%253A%252F%252Fwww.kitempleo.com.ar%252Fempleo%252F52649065%252Ffintech-nlp-ml-engineer-python-document-processing-buenos-aires&w=Python&p=5,NLP Engineer,jobrapido,2026-09-04T19:45:36.528077,,,,
1731612511020515328,Remote Data Scientist: NLP (Argentina),IV.AI,Remoto,"Jobrapido Publica una oferta Ayuda Empresas Entrar Inscríbete Profesión / Palabras clave Localidad Ofertas de trabajo para Remote Data en Remoto Trabajos > Remote Data > Remoto Localidad Gran Buenos Aires Capital Federal Córdoba Santa Fé Neuquén Rosario Mendoza Rincón De Los Sauces Gba Sur Mar Del Plata Búsquedas relacionadas Software Software Engineer Python Software Engineer Management Modelo Services Engineer Security Product Engineering Quality Engineer Product Engineer Vuelve a tus resultados: [[backlinkLabel]] Remote Data Scientist: NLP (Argentina) Remoto - Remoto IV.AI [[upButtonMessage]] full time Publicado enwww.kitempleo.com.ar 27 ago 2026 IV.AI is looking for a Data Scientist to join and help work on machine learning problems (in the field of natural language processing) for large enterprise clients and to improve the suite of products that we offer. The idóneo candidate should be helpful, responsive, dependable, and comfortable working remotely within a small team with tight deadlines. We value people who thrive working collaboratively in a distributed team and who are enthusiastic about the potential of machine learning. Your primary responsibility is to deliver quality production‑ready code, data and insights. Execute on defined tasks and contribute to solving problems with defined solutions. Salary range: USD$20,000 to $36,000 (USD) annual based on experience. Timezone: PST. Employment Type: Full Time Employee. Must‑Haves - 2+ years writing queries in SQL or running models in Python/Jupyter - 2+ years experience with statistical analysis - Write and speak clearly, communicate empathetically - High standard of excellence for your work - Attention to detail: spotting typos in text and errors in data Bonus Points - Data visualization beyond pies and bars (e.g. box and whiskers, histograms, violin plots) - Github: pull, push, merge, PR, cherry‑picking, issue tracking - Regular Expressions - PostgreSQL 12+ - An example where we can see your writing style (in English), ideally data-related Responsibilities - Primarily focus on improving your craft as a Data Scientist - Build SQL queries to calculate specific metrics - Prototype data pipelines on Jupyter - Write clear and concise reports for client deliverables, and documentation for internal tools - Analyze and present datasets or results with simple methods - Understand the reasoning behind the team's design decisions to verify and debug implementations of the designs Qualifications Great people come from diverse backgrounds and we are a team that embodies this. We’re not necessarily looking for a Computer Science Masters or PhD. We are looki Ver más Ver menos [[downButtonMessage]] LinkedIn Twitter Facebook © 2026 Jobrapido | C.I.F: IT11876271005 Trabajos Empresas Condiciones del Servicio Política de Privacidad Ayuda Contacto",,https://ar.jobrapido.com/jobpreview/1731612511020515328?redirectTo=https%253A%252F%252Fwww.kitempleo.com.ar%252Fempleo%252F52765808%252Fremote-data-scientist-nlp-argentina&w=Python&p=5,NLP Engineer,jobrapido,2026-09-04T19:45:36.528634,,,,
3571099793616797696,Remote Data Scientist: NLP & Production Analytics (Argentina),IV.AI,Remoto,"Jobrapido Publica una oferta Ayuda Empresas Entrar Inscríbete Profesión / Palabras clave Localidad Ofertas de trabajo para Remote Data en Remoto Trabajos > Remote Data > Remoto Localidad Gran Buenos Aires Capital Federal Córdoba Santa Fé Neuquén Rosario Mendoza Rincón De Los Sauces Gba Sur Mar Del Plata Búsquedas relacionadas Software Software Engineer Python Software Engineer Management Modelo Services Engineer Security Product Engineering Quality Engineer Product Engineer Vuelve a tus resultados: [[backlinkLabel]] Remote Data Scientist: NLP & Production Analytics (Argentina) Remoto - Remoto IV.AI [[upButtonMessage]] full time Publicado enwww.kitempleo.com.ar 24 ago 2026 IV.AI is looking for a Data Scientist to join and help work on machine learning problems (in the field of natural language processing) for large enterprise clients and to improve the suite of products that we offer. The adecuado candidate should be helpful, responsive, dependable, and comfortable working remotely within a small team with tight deadlines. We value people who thrive working collaboratively in a distributed team and who are enthusiastic about the potential of machine learning. Your primary responsibility is to deliver quality production‑ready code, data and insights. Execute on defined tasks and contribute to solving problems with defined solutions. Salary range: USD$20,000 to $36,000 (USD) annual based on experience. Timezone: PST. Employment Type: Full Time Employee. Must‑Haves - 2+ years writing queries in SQL or running models in Python/Jupyter - 2+ years experience with statistical analysis - Write and speak clearly, communicate empathetically - High standard of excellence for your work - Attention to detail: spotting typos in text and errors in data Bonus Points - Data visualization beyond pies and bars (e.g. box and whiskers, histograms, violin plots) - Github: pull, push, merge, PR, cherry‑picking, issue tracking - Regular Expressions - PostgreSQL 12+ - An example where we can see your writing style (in English), ideally data-related Responsibilities - Primarily focus on improving your craft as a Data Scientist - Build SQL queries to calculate specific metrics - Prototype data pipelines on Jupyter - Write clear and concise reports for client deliverables, and documentation for internal tools - Analyze and present datasets or results with simple methods - Understand the reasoning behind the team's design decisions to verify and debug implementations of the designs Qualifications Great people come from diverse backgrounds and we are a team that embodies this. We’re not necessarily looking for a Computer Science Masters or PhD. We are looking for someone who cares about articulating high quality data observations and can work diligently, while tackling problems systematically. Ver más Ver menos [[downButtonMessage]] LinkedIn Twitter Facebook © 2026 Jobrapido | C.I.F: IT11876271005 Trabajos Empresas Condiciones del Servicio Política de Privacidad Ayuda Contacto",,https://ar.jobrapido.com/jobpreview/3571099793616797696?redirectTo=https%253A%252F%252Fwww.kitempleo.com.ar%252Fempleo%252F52677109%252Fremote-data-scientist-nlp-production-analytics-argentina&w=Python&p=5,NLP Engineer,jobrapido,2026-09-04T19:45:36.529111,,,,
8790488568775573504,"Senior Software Assurance Engineer – AI, NLP (Buenos Aires)",EY,Capital Federal,"Open or close the mobile menu Jobrapido Entrar Inscríbete Publica una oferta Ayuda Empresas Clear job input Profesión / Palabras clave Ofertas de trabajo para Senior Software en Departamento Federal ¿Qué trabajo estás buscando? Clear location input Localidad Búsqueda avanzada de empleo Relevancia Fecha [[distance.label]] [[d.text]] Close Localidad Gran Buenos Aires Capital Federal Córdoba Santa Fé Neuquén Rosario Mendoza Rincón De Los Sauces Gba Sur Mar Del Plata Búsquedas relacionadas Software Software Engineer Python Software Engineer Management Modelo Services Engineer Security Product Engineering Quality Engineer Product Engineer Ofertas de trabajo para Senior Software en Departamento Federal Trabajos > Senior Software > Capital Federal Localidad Gran Buenos Aires Capital Federal Córdoba Santa Fé Neuquén Rosario Mendoza Rincón De Los Sauces Gba Sur Mar Del Plata Búsquedas relacionadas Software Software Engineer Python Software Engineer Management Modelo Services Engineer Security Product Engineering Quality Engineer Product Engineer Vuelve a tus resultados: [[backlinkLabel]] Senior Software Assurance Engineer – AI, NLP (Buenos Aires) Capital Federal - Provincia De Buenos Aires EY [[upButtonMessage]] full time Publicado enwww.kitempleo.com.ar 21 ago 2026 A general professional services firm in Buenos Aires seeks an experienced software engineer to lead complex solution delivery. The ideal candidate should have over 10 years of experience with advanced proficiency in C#, Java, and Python, alongside a solid understanding of CI/CD and containers. You will solve project challenges while collaborating with diverse teams. The position offers growth in a flexible, inclusive environment, enabling you to shape your future with confidence. Ver más Ver menos [[downButtonMessage]] LinkedIn Twitter Facebook © 2026 Jobrapido | C.I.F: IT11876271005 Trabajos Empresas Condiciones del Servicio Política de Privacidad Ayuda Contacto",,https://ar.jobrapido.com/jobpreview/8790488568775573504?redirectTo=https%253A%252F%252Fwww.kitempleo.com.ar%252Fempleo%252F52584847%252Fsenior-software-assurance-engineer-ai-nlp-buenos-aires&w=Python&p=5,NLP Engineer,jobrapido,2026-09-04T19:45:36.529594,,,,
1613686315528749056,"Senior Software Assurance Engineer – Ai, Nlp & Cloud (Buenos Aires)",EY,Capital Federal,"Open or close the mobile menu Jobrapido Entrar Inscríbete Publica una oferta Ayuda Empresas Clear job input Profesión / Palabras clave Ofertas de trabajo para Senior Software en Departamento Federal ¿Qué trabajo estás buscando? Clear location input Localidad Búsqueda avanzada de empleo Relevancia Fecha [[distance.label]] [[d.text]] Close Localidad Gran Buenos Aires Capital Federal Córdoba Santa Fé Neuquén Rosario Mendoza Rincón De Los Sauces Gba Sur Mar Del Plata Búsquedas relacionadas Software Software Engineer Python Software Engineer Management Modelo Services Engineer Security Product Engineering Quality Engineer Product Engineer Vuelve a tus resultados: [[backlinkLabel]] Senior Software Assurance Engineer – Ai, Nlp & Cloud (Buenos Aires) Capital Federal - Provincia De Buenos Aires EY [[upButtonMessage]] full time www.kitempleo.com.ar 20 ago 2026 A general professional services firm in Buenos Aires seeks an experienced software engineer to lead complex solution delivery. The ideal candidate should have over 10 years of experience with advanced proficiency in C#, Java, and Python, alongside a solid understanding of CI/CD and containers. You will solve project challenges while collaborating with diverse teams. The position offers growth in a flexible, inclusive environment, enabling you to shape your future with confidence. #J-*****-Ljbffr Ver más Ver menos [[downButtonMessage]] LinkedIn Twitter Facebook © 2026 Jobrapido | C.I.F: IT11876271005 Trabajos Empresas Condiciones del Servicio Política de Privacidad Ayuda Contacto",,https://ar.jobrapido.com/jobpreview/1613686315528749056?redirectTo=https%253A%252F%252Fwww.kitempleo.com.ar%252Fempleo%252F52581541%252Fsenior-software-assurance-engineer-ai-nlp-cloud-buenos-aires&w=Python&p=5,NLP Engineer,jobrapido,2026-09-04T19:45:36.530068,,,,
1722013637071077376,Lead AI Engineer — Remote RAG/NLP/LLM Systems (Buenos Aires),N-iX,Capital Federal,"Open or close the mobile menu Jobrapido Entrar Inscríbete Publica una oferta Ayuda Empresas Clear job input Profesión / Palabras clave Ofertas de trabajo para Lead AI en Departamento Federal ¿Qué trabajo estás buscando? Clear location input Localidad Búsqueda avanzada de empleo Relevancia Fecha [[distance.label]] [[d.text]] Close Localidad Gran Buenos Aires Capital Federal Córdoba Santa Fé Neuquén Rosario Mendoza Rincón De Los Sauces Gba Sur Mar Del Plata Búsquedas relacionadas Software Software Engineer Python Software Engineer Management Modelo Services Engineer Security Product Engineering Quality Engineer Product Engineer Ofertas de trabajo para Lead AI en Departamento Federal Trabajos > Lead AI > Capital Federal Localidad Gran Buenos Aires Capital Federal Córdoba Santa Fé Neuquén Rosario Mendoza Rincón De Los Sauces Gba Sur Mar Del Plata Búsquedas relacionadas Software Software Engineer Python Software Engineer Management Modelo Services Engineer Security Product Engineering Quality Engineer Product Engineer Vuelve a tus resultados: [[backlinkLabel]] Lead AI Engineer — Remote RAG/NLP/LLM Systems (Buenos Aires) Capital Federal - Provincia De Buenos Aires N-iX [[upButtonMessage]] full time Publicado enwww.kitempleo.com.ar 19 ago 2026 N-iX is seeking a Lead AI Engineer in Argentina to drive the design and evolution of AI-powered solutions. You'll focus on building scalable intelligent systems and guide clients through AI adoption strategies. This role involves collaborating with stakeholders to develop AI solutions that enhance efficiency and deliver value from data. The adecuado candidate should have extensive experience in AI/ML systems, strong leadership skills, and proficiency in Python. Flexible working formats are offered, including remote work and competitive compensation. #J-18808-Ljbffr Ver más Ver menos [[downButtonMessage]] LinkedIn Twitter Facebook © 2026 Jobrapido | C.I.F: IT11876271005 Trabajos Empresas Condiciones del Servicio Política de Privacidad Ayuda Contacto",,https://ar.jobrapido.com/jobpreview/1722013637071077376?redirectTo=https%253A%252F%252Fwww.kitempleo.com.ar%252Fempleo%252F52525402%252Flead-ai-engineer-remote-rag-nlp-llm-systems-buenos-aires&w=Python&p=5,NLP Engineer,jobrapido,2026-09-04T19:45:36.530548,,,,
8140964581611667456,FinTech NLP ML Engineer: Python & Document Processing (Argentina),Werben Hr,Argentina,"Jobrapido Publica una oferta Ayuda Empresas Entrar Inscríbete Profesión / Palabras clave Localidad Ofertas de trabajo para FinTech NLP en Argentina Trabajos > FinTech NLP > Argentina Localidad Gran Buenos Aires Capital Federal Córdoba Santa Fé Neuquén Rosario Mendoza Rincón De Los Sauces Gba Sur Mar Del Plata Búsquedas relacionadas Software Software Engineer Python Software Engineer Management Modelo Services Engineer Security Product Engineering Quality Engineer Product Engineer Vuelve a tus resultados: [[backlinkLabel]] FinTech NLP ML Engineer: Python & Document Processing (Argentina) Argentina Werben Hr [[upButtonMessage]] full time Publicado enwww.kitempleo.com.ar 22 ago 2026 Werben HR is seeking a Machine Learning Engineer with a strong Python and NLP focus to join our fintech-oriented team in Argentina. The role emphasizes document understanding, data processing, and scalable model deployment. You will build ML models, apply NLP techniques with spa Cy/NLTK/transformers, implement fuzzy matching, and collaborate across teams to deliver reliable, reusable pipelines and REST APIs. Experience in finance/reconciliation is a plus. #J-18808-Ljbffr Ver más Ver menos [[downButtonMessage]] LinkedIn Twitter Facebook © 2026 Jobrapido | C.I.F: IT11876271005 Trabajos Empresas Condiciones del Servicio Política de Privacidad Ayuda Contacto",,https://ar.jobrapido.com/jobpreview/8140964581611667456?redirectTo=https%253A%252F%252Fwww.kitempleo.com.ar%252Fempleo%252F52659334%252Ffintech-nlp-ml-engineer-python-document-processing-argentina&w=Python&p=5,NLP Engineer,jobrapido,2026-09-04T19:45:36.531018,,,,
6969717722863108096,Hybrid ML Engineer for Low-Latency LLM Systems,MercadoLibre,Capital Federal,"Jobrapido Publica una oferta Ayuda Empresas Entrar Inscríbete Profesión / Palabras clave Localidad Ofertas de trabajo para Hybrid ML en Departamento Federal Trabajos > Hybrid ML > Capital Federal Localidad Gran Buenos Aires Capital Federal Córdoba Santa Fé Neuquén Rosario Mendoza Rincón De Los Sauces Gba Sur Mar Del Plata Búsquedas relacionadas Software Software Engineer Python Software Engineer Management Modelo Services Engineer Security Product Engineering Quality Engineer Product Engineer Vuelve a tus resultados: [[backlinkLabel]] Hybrid ML Engineer for Low-Latency LLM Systems Capital Federal - Provincia De Buenos Aires MercadoLibre [[upButtonMessage]] full time Publicado enwww.whatjobs.com 03 sep 2026 Mercado Libre busca un Ingeniero/a de Machine Learning para diseñar y escalar sistemas de IA innovadores que respondan a problemas reales y de alto impacto en América Latina. Trabajarás con modelos de CV y NLP, manteniendo tiempos de respuesta para experiencias en vivo. Se requiere experiencia en ciclos de vida de LLMs, herramientas de optimización y servicio de modelos de alta performance, así como desarrollo con LangChain/LangGraph y Python avanzado. Modalidad híbrida en Bogotá, Colombia. #J-18808-Ljbffr Ver más Ver menos [[downButtonMessage]] LinkedIn Twitter Facebook © 2026 Jobrapido | C.I.F: IT11876271005 Trabajos Empresas Condiciones del Servicio Política de Privacidad Ayuda Contacto",,https://ar.jobrapido.com/jobpreview/6969717722863108096?redirectTo=https%253A%252F%252Far.whatjobs.com%252Fcoopob__cpl___4467_420011__73%253Futm_source%253D73%2526utm_medium%253Dfeed%2526keyword%253DHybrid-ML-Engineer%2526location%253Dbuenos-aires%2526geoID%253D1&w=Python&p=5,NLP Engineer,jobrapido,2026-09-04T19:45:36.531483,,,,
3043644549441257472,Python Developer (Ia) Machine Learning Id # (Parque Patricios),Importante grupo,Capital Federal (Parque Patricios),"Jobrapido Publica una oferta Ayuda Empresas Entrar Inscríbete Profesión / Palabras clave Localidad Ofertas de trabajo para Python Developer en Capital Federal (Parque Patricios) Trabajos > Python Developer > Capital Federal (Parque Patricios) Localidad Gran Buenos Aires Capital Federal Córdoba Santa Fé Neuquén Rosario Mendoza Rincón De Los Sauces Gba Sur Mar Del Plata Búsquedas relacionadas Software Software Engineer Python Software Engineer Management Modelo Services Engineer Security Product Engineering Quality Engineer Product Engineer Vuelve a tus resultados: [[backlinkLabel]] Python Developer (Ia) Machine Learning Id # (Parque Patricios) Capital Federal (Parque Patricios) - Provincia De Buenos Aires Importante grupo [[upButtonMessage]] full time Publicado enwww.kitempleo.com.ar 31 ago 2026 We are seeking a Machine Learning Engineer with strong expertise in Python and a focus on Natural Language Processing (NLP) to join our team. The adecuado candidate will have experience in the finance or fintech domain, specifically in reconciliation and accounting. Responsibilities: Develop and implement machine learning models for document understanding and processing. Utilize Python libraries such as Pandas, NumPy, and scikit-learn for data manipulation and analysis. Apply NLP techniques using libraries like spaCy, NLTK, or transformers. Implement fuzzy matching algorithms (., Levenshtein distance, record linkage) for data accuracy. Process documents using OCR, PDF parsing, and Excel data extraction methods. Deploy machine learning models as REST APIs using Docker and Azure ML. Understand and apply supervised and unsupervised learning techniques. Design and manage data pipelines and ETL processes. Collaborate with cross-functional teams to meet project goals. Required Skills : Strong expertise in Python (Pandas, NumPy, scikit-learn). Experience with NLP libraries (spaCy, NLTK, transformers). Knowledge of fuzzy matching algorithms. Document processing skills (OCR, PDF parsing, Excel extraction). Experience in ML model deployment (REST APIs, Docker, Azure ML). Understanding of supervised/unsupervised learning techniques. Familiarity with deep learning frameworks (TensorFlow, PyTorch). Experience with Large Language Models (LLMs) for document understanding (OpenAI, Azure OpenAI). Knowledge of Azure ML services and Azure Cognitive Services. 2-5 years of experience in ML engineering, focusing on NLP or financial data processing. Experience in the finance/fintech domain (reconciliation, accounting). Education: Master's degree in Computer Science, Data Science, or a related field. . ? Python Developer (IA) - Machine Learning ID #***** (Parque Patricios) ? Werben Hr ? Parque Patricios Ver más Ver menos [[downButtonMessage]] LinkedIn Twitter Facebook © 2026 Jobrapido | C.I.F: IT11876271005 Trabajos Empresas Condiciones del Servicio Política de Privacidad Ayuda Contacto",,https://ar.jobrapido.com/jobpreview/3043644549441257472?redirectTo=https%253A%252F%252Fwww.kitempleo.com.ar%252Fempleo%252F52949527%252Fpython-developer-ia-machine-learning-id-parque-patricios-buenos-aires&w=Python&p=5,NLP Engineer,jobrapido,2026-09-04T19:45:36.531956,,,,
1394911814025740288,Python Developer (Ia) - Machine Learning Id #00335 (Buenos Aires),Werben Hr,Capital Federal,"Jobrapido Publica una oferta Ayuda Empresas Entrar Inscríbete Profesión / Palabras clave Localidad Ofertas de trabajo para Python Developer en Departamento Federal Trabajos > Python Developer > Capital Federal Localidad Gran Buenos Aires Capital Federal Córdoba Santa Fé Neuquén Rosario Mendoza Rincón De Los Sauces Gba Sur Mar Del Plata Búsquedas relacionadas Software Software Engineer Python Software Engineer Management Modelo Services Engineer Security Product Engineering Quality Engineer Product Engineer Vuelve a tus resultados: [[backlinkLabel]] Python Developer (Ia) - Machine Learning Id #00335 (Buenos Aires) Capital Federal - Provincia De Buenos Aires Werben Hr [[upButtonMessage]] full time Publicado enwww.kitempleo.com.ar 28 ago 2026 We are seeking a Machine Learning Engineer with strong expertise in Python and a focus on Natural Language Processing (NLP) to join our team. The adecuado candidate will have experience in the finance or fintech domain, specifically in reconciliation and accounting. Responsibilities: Develop and implement machine learning models for document understanding and processing.Utilize Python libraries such as Pandas, NumPy, and scikit-learn for data manipulation and analysis.Apply NLP techniques using libraries like spaCy, NLTK, or transformers.Implement fuzzy matching algorithms (., Levenshtein distance, record linkage) for data accuracy.Process documents using OCR, PDF parsing, and Excel data extraction methods.Deploy machine learning models as REST APIs using Docker and Azure ML.Understand and apply supervised and unsupervised learning techniques.Design and manage data pipelines and ETL processes.Collaborate with cross-functional teams to meet project goals. Required Skills: Strong expertise in Python (Pandas, NumPy, scikit-learn). Experience with NLP libraries (spaCy, NLTK, transformers). Knowledge of fuzzy matching algorithms.Document processing skills (OCR, PDF parsing, Excel extraction). Experience in ML model deployment (REST APIs, Docker, Azure ML). Understanding of supervised/unsupervised learning techniques.Familiarity with deep learning frameworks (TensorFlow, PyTorch). Experience with Large Language Models (LLMs) for document understanding (OpenAI, Azure OpenAI). Knowledge of Azure ML services and Azure Cognitive Services.2-5 years of experience in ML engineering, focusing on NLP or financial data processing.Experience in the finance/fintech domain (reconciliation, accounting). Education: Master's degree in Computer Science, Data Science, or a related field. . Ver más Ver menos [[downButtonMessage]] LinkedIn Twitter Facebook © 2026 Jobrapido | C.I.F: IT11876271005 Trabajos Empresas Condiciones del Servicio Política de Privacidad Ayuda Contacto",,https://ar.jobrapido.com/jobpreview/1394911814025740288?redirectTo=https%253A%252F%252Fwww.kitempleo.com.ar%252Fempleo%252F52834852%252Fpython-developer-ia-machine-learning-id-00335-buenos-aires&w=Python&p=5,NLP Engineer,jobrapido,2026-09-04T19:45:36.532427,,,,
8919253062699188224,Tech Lead Data & Ai — Remoto Desde Argentina (Buenos Aires),We Are Tims,Capital Federal,"Jobrapido Publica una oferta Ayuda Empresas Entrar Inscríbete Profesión / Palabras clave Localidad Ofertas de trabajo para Tech Lead en Departamento Federal Trabajos > Tech Lead > Capital Federal Localidad Gran Buenos Aires Capital Federal Córdoba Santa Fé Neuquén Rosario Mendoza Rincón De Los Sauces Gba Sur Mar Del Plata Búsquedas relacionadas Software Software Engineer Python Software Engineer Management Modelo Services Engineer Security Product Engineering Quality Engineer Product Engineer Vuelve a tus resultados: [[backlinkLabel]] Tech Lead Data & Ai — Remoto Desde Argentina (Buenos Aires) Capital Federal - Provincia De Buenos Aires We Are Tims [[upButtonMessage]] full time Publicado enwww.kitempleo.com.ar 27 ago 2026 We Are TIMS está buscando un/a Tech Lead especializado/a en Data & AI para liderar un equipo en Argentina de forma remota. El candidato adecuado tendrá más de 5 años de experiencia en roles relacionados con datos y al menos 2 años liderando equipos técnicos.Se requiere un dominio experto en AWS, Python y SQL, así como habilidades en NLP y clustering. Esta posición ofrece una compensación en USD y la posibilidad de reubicación a España en el futuro. #J-*****-Ljbffr Ver más Ver menos [[downButtonMessage]] LinkedIn Twitter Facebook © 2026 Jobrapido | C.I.F: IT11876271005 Trabajos Empresas Condiciones del Servicio Política de Privacidad Ayuda Contacto",,https://ar.jobrapido.com/jobpreview/8919253062699188224?redirectTo=https%253A%252F%252Fwww.kitempleo.com.ar%252Fempleo%252F52798704%252Ftech-lead-data-ai-remoto-desde-argentina-buenos-aires&w=Python&p=5,NLP Engineer,jobrapido,2026-09-04T19:45:36.532901,,,,
2951471458892644352,Senior ML Engineer (Argentina),Flux It,Capital Federal (Puerto Madero),"Open or close the mobile menu Jobrapido Entrar Inscríbete Publica una oferta Ayuda Empresas Clear job input Profesión / Palabras clave Ofertas de trabajo para Senior ML en Capital Federal (Puerto Madero) ¿Qué trabajo estás buscando? Clear location input Localidad Búsqueda avanzada de empleo Relevancia Fecha [[distance.label]] [[d.text]] Close Localidad Gran Buenos Aires Capital Federal Córdoba Santa Fé Neuquén Rosario Mendoza Rincón De Los Sauces Gba Sur Mar Del Plata Búsquedas relacionadas Software Software Engineer Python Software Engineer Management Modelo Services Engineer Security Product Engineering Quality Engineer Product Engineer Vuelve a tus resultados: [[backlinkLabel]] Senior ML Engineer (Argentina) Capital Federal (Puerto Madero) - Provincia De Buenos Aires Flux It [[upButtonMessage]] full time www.kitempleo.com.ar 27 ago 2026 Flux IT diseña tecnología para empresas que crecen y se expande a LATAM, EE. UU. y Europa desde Argentina. Buscamos ML Engineers Sr. para diseñar investigaciones aplicadas y validar IA generativa en escenarios reales con clientes, mediante POCs que reduzcan incertidumbre técnica y respalden iniciativas comerciales. La posición es 100% remota con oficinas en La Plata y Puerto Madero; se valorarán experiencias en NLP con LLMs y dominio de TensorFlow, PyTorch y scikit-learn. Ver más Ver menos [[downButtonMessage]] LinkedIn Twitter Facebook © 2026 Jobrapido | C.I.F: IT11876271005 Trabajos Empresas Condiciones del Servicio Política de Privacidad Ayuda Contacto",,https://ar.jobrapido.com/jobpreview/2951471458892644352?redirectTo=https%253A%252F%252Fwww.kitempleo.com.ar%252Fempleo%252F52766047%252Fsenior-ml-engineer-argentina&w=Python&p=5,NLP Engineer,jobrapido,2026-09-04T19:45:36.533367,,,,
5372772809749561344,Tech Lead Data & Ai — Remoto Desde Argentina (Rincón de los Sauces),We Are Tims,Rincón De Los Sauces,"Jobrapido Publica una oferta Ayuda Empresas Entrar Inscríbete Profesión / Palabras clave Localidad Ofertas de trabajo para Tech Lead en Rincón De Los Sauces Trabajos > Tech Lead > Rincón De Los Sauces Localidad Gran Buenos Aires Capital Federal Córdoba Santa Fé Neuquén Rosario Mendoza Rincón De Los Sauces Gba Sur Mar Del Plata Búsquedas relacionadas Software Software Engineer Python Software Engineer Management Modelo Services Engineer Security Product Engineering Quality Engineer Product Engineer Vuelve a tus resultados: [[backlinkLabel]] Tech Lead Data & Ai — Remoto Desde Argentina (Rincón de los Sauces) Rincón De Los Sauces - Región Patagonia We Are Tims [[upButtonMessage]] full time Publicado enwww.kitempleo.com.ar 26 ago 2026 We Are TIMS está buscando un/a Tech Lead especializado/a en Data & AI para liderar un equipo en Argentina de forma remota. El candidato adecuado tendrá más de 5 años de experiencia en roles relacionados con datos y al menos 2 años liderando equipos técnicos.Se requiere un dominio experto en AWS, Python y SQL, así como habilidades en NLP y clustering. Esta posición ofrece una compensación en USD y la posibilidad de reubicación a España en el futuro. #J-*****-Ljbffr Ver más Ver menos [[downButtonMessage]] LinkedIn Twitter Facebook © 2026 Jobrapido | C.I.F: IT11876271005 Trabajos Empresas Condiciones del Servicio Política de Privacidad Ayuda Contacto",,https://ar.jobrapido.com/jobpreview/5372772809749561344?redirectTo=https%253A%252F%252Fwww.kitempleo.com.ar%252Fempleo%252F52770900%252Ftech-lead-data-ai-remoto-desde-argentina-rincon-de-los-sauces&w=Python&p=5,NLP Engineer,jobrapido,2026-09-04T19:45:36.533845,,,,
5399557187880091648,Tech Lead Data & AI — Remoto desde Argentina (Neuquén),We Are Tims,Neuquén,"Open or close the mobile menu Jobrapido Entrar Inscríbete Publica una oferta Ayuda Empresas Clear job input Profesión / Palabras clave Ofertas de trabajo para Tech Lead en Neuquén ¿Qué trabajo estás buscando? Clear location input Localidad Búsqueda avanzada de empleo Relevancia Fecha [[distance.label]] [[d.text]] Close Localidad Gran Buenos Aires Capital Federal Córdoba Santa Fé Neuquén Rosario Mendoza Rincón De Los Sauces Gba Sur Mar Del Plata Búsquedas relacionadas Software Software Engineer Python Software Engineer Management Modelo Services Engineer Security Product Engineering Quality Engineer Product Engineer Vuelve a tus resultados: [[backlinkLabel]] Tech Lead Data & AI — Remoto desde Argentina (Neuquén) Neuquén - Región Patagonia We Are Tims [[upButtonMessage]] full time www.kitempleo.com.ar 23 ago 2026 We Are TIMS está buscando un/a Tech Lead especializado/a en Data & AI para liderar un equipo en Argentina de forma remota. El candidato idóneo tendrá más de 5 años de experiencia en roles relacionados con datos y al menos 2 años liderando equipos técnicos. Se requiere un dominio experto en AWS, Python y SQL, así como habilidades en NLP y clustering. Esta posición ofrece una compensación en USD y la posibilidad de reubicación a España en el futuro. #J-18808-Ljbffr Ver más Ver menos [[downButtonMessage]] LinkedIn Twitter Facebook © 2026 Jobrapido | C.I.F: IT11876271005 Trabajos Empresas Condiciones del Servicio Política de Privacidad Ayuda Contacto",,https://ar.jobrapido.com/jobpreview/5399557187880091648?redirectTo=https%253A%252F%252Fwww.kitempleo.com.ar%252Fempleo%252F52660258%252Ftech-lead-data-ai-remoto-desde-argentina-neuquen&w=Python&p=5,NLP Engineer,jobrapido,2026-09-04T19:45:36.534317,,,,
7231144685589233664,Python Developer (Buenos Aires),Werben Hr,Capital Federal,"Open or close the mobile menu Jobrapido Entrar Inscríbete Publica una oferta Ayuda Empresas Clear job input Profesión / Palabras clave Ofertas de trabajo para Python Developer en Departamento Federal ¿Qué trabajo estás buscando? Clear location input Localidad Búsqueda avanzada de empleo Relevancia Fecha [[distance.label]] [[d.text]] Close Localidad Gran Buenos Aires Capital Federal Córdoba Santa Fé Neuquén Rosario Mendoza Rincón De Los Sauces Gba Sur Mar Del Plata Búsquedas relacionadas Software Software Engineer Python Software Engineer Management Modelo Services Engineer Security Product Engineering Quality Engineer Product Engineer Vuelve a tus resultados: [[backlinkLabel]] Python Developer (Buenos Aires) Capital Federal - Provincia De Buenos Aires Werben Hr [[upButtonMessage]] full time www.kitempleo.com.ar 23 ago 2026 We are seeking a Machine Learning Engineer with strong expertise in Python and a focus on Natural Language Processing (NLP) to join our team. The idóneo candidate will have experience in the finance or fintech domain, specifically in reconciliation and accounting. Responsibilities: - Develop and implement machine learning models for document understanding and processing. - Utilize Python libraries such as Pandas, NumPy, and scikit-learn for data manipulation and analysis. - Apply NLP techniques using libraries like spaCy, NLTK, or transformers. - Implement fuzzy matching algorithms (e.g., Levenshtein distance, record linkage) for data accuracy. - Process documents using OCR, PDF parsing, and Excel data extraction methods. - Deploy machine learning models as REST APIs using Docker and Azure ML. - Understand and apply supervised and unsupervised learning techniques. - Design and manage data pipelines and ETL processes. - Collaborate with cross-functional teams to meet project goals. Required Skills: - Strong expertise in Python (Pandas, NumPy, scikit-learn). - Experience with NLP libraries (spaCy, NLTK, transformers). - Knowledge of fuzzy matching algorithms. - Document processing skills (OCR, PDF parsing, Excel extraction). - Experience in ML model deployment (REST APIs, Docker, Azure ML). - Understanding of supervised/unsupervised learning techniques. - Familiarity with deep learning frameworks (TensorFlow, PyTorch). - Experience with Large Language Models (LLMs) for document understanding (OpenAI, Azure OpenAI). - Knowledge of Azure ML services and Azure Cognitive Services. - 2-5 years of experience in ML engineering, focusing on NLP or financial data processing. - Experience in the finance/fintech domain (reconciliation, accounting). Education: Master’s degree in Computer Science, Data Science, or a related field. Ver más Ver menos [[downButtonMessage]] LinkedIn Twitter Facebook © 2026 Jobrapido | C.I.F: IT11876271005 Trabajos Empresas Condiciones del Servicio Política de Privacidad Ayuda Contacto",,https://ar.jobrapido.com/jobpreview/7231144685589233664?redirectTo=https%253A%252F%252Fwww.kitempleo.com.ar%252Fempleo%252F52648023%252Fpython-developer-buenos-aires&w=Python&p=5,NLP Engineer,jobrapido,2026-09-04T19:45:36.534792,,,,
1618180706746236928,Tech Lead Data & Ai — Remoto Desde Argentina Tandil,We Are Tims,"Remoto, Tandil","Open or close the mobile menu Jobrapido Entrar Inscríbete Publica una oferta Ayuda Empresas Clear job input Profesión / Palabras clave Ofertas de trabajo para Tech Lead en Tandil ¿Qué trabajo estás buscando? Clear location input Localidad Búsqueda avanzada de empleo Relevancia Fecha [[distance.label]] [[d.text]] Close Localidad Gran Buenos Aires Capital Federal Córdoba Santa Fé Neuquén Rosario Mendoza Rincón De Los Sauces Gba Sur Mar Del Plata Búsquedas relacionadas Software Software Engineer Python Software Engineer Management Modelo Services Engineer Security Product Engineering Quality Engineer Product Engineer Vuelve a tus resultados: [[backlinkLabel]] Tech Lead Data & Ai — Remoto Desde Argentina Tandil Tandil - Provincia De Buenos Aires, Remoto - Remoto We Are Tims [[upButtonMessage]] full time www.kitempleo.com.ar 22 ago 2026 Descripción de la vacante Remoto: Teletrabajo We Are TIMS está buscando un/a Tech Lead especializado/a en Data & AI para liderar un equipo en Argentina de forma remota. El candidato idóneo tendrá más de 5 años de experiencia en roles relacionados con datos y al menos 2 años liderando equipos técnicos. Se requiere un dominio experto en AWS, Python y SQL, así como habilidades en NLP y clustering. Esta posición ofrece una compensación en USD y la posibilidad de reubicación a España en el futuro. Ver más Ver menos [[downButtonMessage]] LinkedIn Twitter Facebook © 2026 Jobrapido | C.I.F: IT11876271005 Trabajos Empresas Condiciones del Servicio Política de Privacidad Ayuda Contacto",,https://ar.jobrapido.com/jobpreview/1618180706746236928?redirectTo=https%253A%252F%252Fwww.kitempleo.com.ar%252Fempleo%252F52628890%252Ftech-lead-data-ai-remoto-desde-argentina-tandil&w=Python&p=5,NLP Engineer,jobrapido,2026-09-04T19:45:36.535262,,,,
1176676210659295232,Python Developer (Ia) (Buenos Aires),Werben Hr,Capital Federal,"Jobrapido Publica una oferta Ayuda Empresas Entrar Inscríbete Profesión / Palabras clave Localidad Ofertas de trabajo para Python Developer en Departamento Federal Trabajos > Python Developer > Capital Federal Localidad Gran Buenos Aires Capital Federal Córdoba Santa Fé Neuquén Rosario Mendoza Rincón De Los Sauces Gba Sur Mar Del Plata Búsquedas relacionadas Software Software Engineer Python Software Engineer Management Modelo Services Engineer Security Product Engineering Quality Engineer Product Engineer Vuelve a tus resultados: [[backlinkLabel]] Python Developer (Ia) (Buenos Aires) Capital Federal - Provincia De Buenos Aires Werben Hr [[upButtonMessage]] full time Publicado enwww.kitempleo.com.ar 21 ago 2026 We are seeking a Machine Learning Engineer with strong expertise in Python and a focus on Natural Language Processing (NLP) to join our team. The adecuado candidate will have experience in the finance or fintech domain, specifically in reconciliation and accounting. Responsibilities: Develop and implement machine learning models for document understanding and processing.Utilize Python libraries such as Pandas, NumPy, and scikit-learn for data manipulation and analysis.Apply NLP techniques using libraries like spaCy, NLTK, or transformers.Implement fuzzy matching algorithms (e.g., Levenshtein distance, record linkage) for data accuracy.Process documents using OCR, PDF parsing, and Excel data extraction methods.Deploy machine learning models as REST APIs using Docker and Azure ML.Understand and apply supervised and unsupervised learning techniques.Design and manage data pipelines and ETL processes.Collaborate with cross-functional teams to meet project goals. Required Skills: Strong expertise in Python (Pandas, NumPy, scikit-learn).Experience with NLP libraries (spaCy, NLTK, transformers).Knowledge of fuzzy matching algorithms.Document processing skills (OCR, PDF parsing, Excel extraction).Experience in ML model deployment (REST APIs, Docker, Azure ML).Understanding of supervised/unsupervised learning techniques.Familiarity with deep learning frameworks (TensorFlow, PyTorch).Experience with Large Language Models (LLMs) for document understanding (OpenAI, Azure OpenAI).Knowledge of Azure ML services and Azure Cognitive Services.2-5 years of experience in ML engineering, focusing on NLP or financial data processing.Experience in the finance/fintech domain (reconciliation, accounting). Education: Master's degree in Computer Science, Data Science, or a related field. Ver más Ver menos [[downButtonMessage]] LinkedIn Twitter Facebook © 2026 Jobrapido | C.I.F: IT11876271005 Trabajos Empresas Condiciones del Servicio Política de Privacidad Ayuda Contacto",,https://ar.jobrapido.com/jobpreview/1176676210659295232?redirectTo=https%253A%252F%252Fwww.kitempleo.com.ar%252Fempleo%252F52609966%252Fpython-developer-ia-buenos-aires&w=Python&p=5,NLP Engineer,jobrapido,2026-09-04T19:45:36.535732,,,,
3680633485573226496,Tech Lead Data & AI — Remoto desde Argentina (Tandil),We Are Tims,Tandil,"Jobrapido Publica una oferta Ayuda Empresas Entrar Inscríbete Profesión / Palabras clave Localidad Ofertas de trabajo para Tech Lead en Tandil Trabajos > Tech Lead > Tandil Localidad Gran Buenos Aires Capital Federal Córdoba Santa Fé Neuquén Rosario Mendoza Rincón De Los Sauces Gba Sur Mar Del Plata Búsquedas relacionadas Software Software Engineer Python Software Engineer Management Modelo Services Engineer Security Product Engineering Quality Engineer Product Engineer Vuelve a tus resultados: [[backlinkLabel]] Tech Lead Data & AI — Remoto desde Argentina (Tandil) Tandil - Provincia De Buenos Aires We Are Tims [[upButtonMessage]] full time Publicado enwww.kitempleo.com.ar 20 ago 2026 Descripción de la vacante Remoto: Teletrabajo We Are TIMS está buscando un/a Tech Lead especializado/a en Data & AI para liderar un equipo en Argentina de forma remota. El candidato idóneo tendrá más de 5 años de experiencia en roles relacionados con datos y al menos 2 años liderando equipos técnicos. Se requiere un dominio experto en AWS, Python y SQL, así como habilidades en NLP y clustering. Esta posición ofrece una compensación en USD y la posibilidad de reubicación a España en el futuro. Ver más Ver menos [[downButtonMessage]] LinkedIn Twitter Facebook © 2026 Jobrapido | C.I.F: IT11876271005 Trabajos Empresas Condiciones del Servicio Política de Privacidad Ayuda Contacto",,https://ar.jobrapido.com/jobpreview/3680633485573226496?redirectTo=https%253A%252F%252Fwww.kitempleo.com.ar%252Fempleo%252F52545630%252Ftech-lead-data-ai-remoto-desde-argentina-tandil&w=Python&p=5,NLP Engineer,jobrapido,2026-09-04T19:45:36.536200,,,,
7565434153584295936,Python Developer (IA) Machine Learning ID #00335 (Parque Patricios),Werben Hr,Capital Federal (Parque Patricios),"Open or close the mobile menu Jobrapido Entrar Inscríbete Publica una oferta Ayuda Empresas Clear job input Profesión / Palabras clave Ofertas de trabajo para Python Developer en Capital Federal (Parque Patricios) ¿Qué trabajo estás buscando? Clear location input Localidad Búsqueda avanzada de empleo Relevancia Fecha [[distance.label]] [[d.text]] Close Localidad Gran Buenos Aires Capital Federal Córdoba Santa Fé Neuquén Rosario Mendoza Rincón De Los Sauces Gba Sur Mar Del Plata Búsquedas relacionadas Software Software Engineer Python Software Engineer Management Modelo Services Engineer Security Product Engineering Quality Engineer Product Engineer Vuelve a tus resultados: [[backlinkLabel]] Python Developer (IA) Machine Learning ID #00335 (Parque Patricios) Capital Federal (Parque Patricios) - Provincia De Buenos Aires Werben Hr [[upButtonMessage]] full time www.kitempleo.com.ar 19 ago 2026 We are seeking a Machine Learning Engineer with strong expertise in Python and a focus on Natural Language Processing (NLP) to join our team. The idóneo candidate will have experience in the finance or fintech domain, specifically in reconciliation and accounting. Responsibilities: Develop and implement machine learning models for document understanding and processing. Utilize Python libraries such as Pandas, NumPy, and scikit-learn for data manipulation and analysis. Apply NLP techniques using libraries like spaCy, NLTK, or transformers. Implement fuzzy matching algorithms (., Levenshtein distance, record linkage) for data accuracy. Process documents using OCR, PDF parsing, and Excel data extraction methods. Deploy machine learning models as REST APIs using Docker and Azure ML. Understand and apply supervised and unsupervised learning techniques. Design and manage data pipelines and ETL processes. Collaborate with cross-functional teams to meet project goals. Required Skills: Strong expertise in Python (Pandas, NumPy, scikit-learn). Experience with NLP libraries (spaCy, NLTK, transformers). Knowledge of fuzzy matching algorithms. Document processing skills (OCR, PDF parsing, Excel extraction). Experience in ML model deployment (REST APIs, Docker, Azure ML). Understanding of supervised/unsupervised learning techniques. Familiarity with deep learning frameworks (TensorFlow, PyTorch). Experience with Large Language Models (LLMs) for document understanding (OpenAI, Azure OpenAI). Knowledge of Azure ML services and Azure Cognitive Services. 2-5 years of experience in ML engineering, focusing on NLP or financial data processing. Experience in the finance/fintech domain (reconciliation, accounting). Education: Master’s degree in Computer Science, Data Science, or a related field. . Required Skill Profession Computer Occupations Ver más Ver menos [[downButtonMessage]] LinkedIn Twitter Facebook © 2026 Jobrapido | C.I.F: IT11876271005 Trabajos Empresas Condiciones del Servicio Política de Privacidad Ayuda Contacto",,https://ar.jobrapido.com/jobpreview/7565434153584295936?redirectTo=https%253A%252F%252Fwww.kitempleo.com.ar%252Fempleo%252F52526786%252Fpython-developer-ia-machine-learning-id-00335-parque-patricios&w=Python&p=5,NLP Engineer,jobrapido,2026-09-04T19:45:36.536676,,,,
1621081493298216960,Tech Lead Data & AI — Remoto desde Argentina (Córdoba),We Are Tims,Córdoba,"Open or close the mobile menu Jobrapido Entrar Inscríbete Publica una oferta Ayuda Empresas Clear job input Profesión / Palabras clave Ofertas de trabajo para Tech Lead en Córdoba ¿Qué trabajo estás buscando? Clear location input Localidad Búsqueda avanzada de empleo Relevancia Fecha [[distance.label]] [[d.text]] Close Localidad Gran Buenos Aires Capital Federal Córdoba Santa Fé Neuquén Rosario Mendoza Rincón De Los Sauces Gba Sur Mar Del Plata Búsquedas relacionadas Software Software Engineer Python Software Engineer Management Modelo Services Engineer Security Product Engineering Quality Engineer Product Engineer Vuelve a tus resultados: [[backlinkLabel]] Tech Lead Data & AI — Remoto desde Argentina (Córdoba) Córdoba - Región Centro We Are Tims [[upButtonMessage]] full time www.kitempleo.com.ar 17 ago 2026 We Are TIMS está buscando un/a Tech Lead especializado/a en Data & AI para liderar un equipo en Argentina de forma remota. El candidato adecuado tendrá más de 5 años de experiencia en roles relacionados con datos y al menos 2 años liderando equipos técnicos. Se requiere un dominio experto en AWS, Python y SQL, así como habilidades en NLP y clustering. Esta posición ofrece una compensación en USD y la posibilidad de reubicación a España en el futuro. #J-18808-Ljbffr Ver más Ver menos [[downButtonMessage]] LinkedIn Twitter Facebook © 2026 Jobrapido | C.I.F: IT11876271005 Trabajos Empresas Condiciones del Servicio Política de Privacidad Ayuda Contacto",,https://ar.jobrapido.com/jobpreview/1621081493298216960?redirectTo=https%253A%252F%252Fwww.kitempleo.com.ar%252Fempleo%252F52428170%252Ftech-lead-data-ai-remoto-desde-argentina-cordoba&w=Python&p=5,NLP Engineer,jobrapido,2026-09-04T19:45:36.537147,,,,
4397388554326507520,Anuncios Google,FullStack,Rosario,,,https://open.app.jobrapido.com/ar/4397388554326507520/?w=data%20engineer&l=&oc=sponsored&k=web.1.1.0&uuid=arF001a06ed297a77238&page_item_id=-1936020833,Data Engineer,jobrapido,2026-09-04T19:48:11.130526,,,,
6925934070333440000,Remote Data Engineer – Databricks Lakehouse & AI Pipelines,"AgileEngine, LLC.",Rosario,,,https://open.app.jobrapido.com/ar/6925934070333440000/?w=data%20engineer&l=&oc=sponsored&k=web.1.1.1&uuid=arF001a06ed297a77238&page_item_id=-1607820454,Data Engineer,jobrapido,2026-09-04T19:48:11.131091,,,,
2004191751467696128,Lead Data Engineer - Remote & Flexible Hours,AgileEngine,Rosario,,,https://open.app.jobrapido.com/ar/2004191751467696128/?w=data%20engineer&l=&oc=sponsored&k=web.1.1.2&uuid=arF001a06ed297a77238&page_item_id=1361635969,Data Engineer,jobrapido,2026-09-04T19:48:11.131589,,,,
7662118677780627456,Senior Data Engineer AWS,Coderio,Rosario,,,https://open.app.jobrapido.com/ar/7662118677780627456/?w=data%20engineer&l=&oc=sponsored&k=web.1.1.3&uuid=arF001a06ed297a77238&page_item_id=1641978061,Data Engineer,jobrapido,2026-09-04T19:48:11.132076,,,,
3433494968507826176,Senior Data Engineer - Remote Data Pipelines & ServiceNow,"AgileEngine, LLC.",Rosario,,,https://open.app.jobrapido.com/ar/3433494968507826176/?w=data%20engineer&l=&oc=sponsored&k=web.1.1.4&uuid=arF001a06ed297a77238&page_item_id=-1264250051,Data Engineer,jobrapido,2026-09-04T19:48:11.132568,,,,
6305071739965538304,Middle Data Engineer ID87373,AgileEngine,Rosario,,,https://open.app.jobrapido.com/ar/6305071739965538304/?w=data%20engineer&l=&oc=sponsored&k=web.1.1.5&uuid=arF001a06ed297a77238&page_item_id=936684903,Data Engineer,jobrapido,2026-09-04T19:48:11.133054,,,,
1301117081265111040,Senior Data Engineer ID84751,AgileEngine,Rosario,,,https://open.app.jobrapido.com/ar/1301117081265111040/?w=data%20engineer&l=&oc=sponsored&k=web.1.1.6&uuid=arF001a06ed297a77238&page_item_id=1194487811,Data Engineer,jobrapido,2026-09-04T19:48:11.133545,,,,
7838631250846810112,Data Engineer (Python + AWS + DBT) - Remote - Latin America,FullStack,Rosario,,,https://open.app.jobrapido.com/ar/7838631250846810112/?w=data%20engineer&l=&oc=sponsored&k=web.1.1.8&uuid=arF001a06ed297a77238&page_item_id=-260617010,Data Engineer,jobrapido,2026-09-04T19:48:11.134173,,,,
1980718896201596928,Remote Data Engineer - Databricks Lakehouse & AI Pipelines,"AgileEngine, LLC.",Rosario,,,https://open.app.jobrapido.com/ar/1980718896201596928/?w=data%20engineer&l=&oc=sponsored&k=web.1.1.10&uuid=arF001a06ed297a77238&page_item_id=1831138943,Data Engineer,jobrapido,2026-09-04T19:48:11.134804,,,,
8470228113236688896,Senior Python Data Scraping Engineer (Freelance),Mindrift,Rosario,,,https://open.app.jobrapido.com/ar/8470228113236688896/?w=data%20engineer&l=&oc=sponsored&k=web.1.1.11&uuid=arF001a06ed297a77238&page_item_id=-444018436,Data Engineer,jobrapido,2026-09-04T19:48:11.135290,,,,
2024898372917264384,"Senior Databricks Data Engineer — Remote, High-Impact Pipelines","AgileEngine, LLC.",Rosario,,,https://open.app.jobrapido.com/ar/2024898372917264384/?w=data%20engineer&l=&oc=sponsored&k=web.1.1.12&uuid=arF001a06ed297a77238&page_item_id=1055605311,Data Engineer,jobrapido,2026-09-04T19:48:11.135785,,,,
1781755670085763072,Remote Agentic AI Engineer for Discovery & Troubleshooting,"AgileEngine, LLC.",Rosario,,,https://open.app.jobrapido.com/ar/1781755670085763072/?w=data%20engineer&l=&oc=sponsored&k=web.1.1.13&uuid=arF001a06ed297a77238&page_item_id=-933717643,Data Engineer,jobrapido,2026-09-04T19:48:11.136271,,,,
3893103868438904832,Senior Full-Stack Engineer — Remote & Cloud-Native Impact,"AgileEngine, LLC.",Rosario,,,https://open.app.jobrapido.com/ar/3893103868438904832/?w=data%20engineer&l=&oc=sponsored&k=web.1.1.14&uuid=arF001a06ed297a77238&page_item_id=392974761,Data Engineer,jobrapido,2026-09-04T19:48:11.136765,,,,
4773683008634880000,Full Stack Engineer ID83016,"AgileEngine, LLC.",Rosario,,,https://open.app.jobrapido.com/ar/4773683008634880000/?w=data%20engineer&l=&oc=sponsored&k=web.1.2.0&uuid=arF001a06ed3e0a372ff&page_item_id=-2097192880,Data Engineer,jobrapido,2026-09-04T19:49:35.679338,,,,
7998146353400119296,Ingeniero de Software (Entrenamiento de IA),Alignerr,Rosario,,,https://open.app.jobrapido.com/ar/7998146353400119296/?w=data%20engineer&l=&oc=sponsored&k=web.1.2.2&uuid=arF001a06ed3e0a372ff&page_item_id=1656824729,Data Engineer,jobrapido,2026-09-04T19:49:35.680028,,,,
4973515604850900992,Payroll Analyst,Gates Corporation,Rosario,,,https://open.app.jobrapido.com/ar/4973515604850900992/?w=data%20engineer&l=&oc=sponsored&k=web.1.2.3&uuid=arF001a06ed3e0a372ff&page_item_id=1207958668,Data Engineer,jobrapido,2026-09-04T19:49:35.680520,,,,
8875081643342168064,Middle Full Stack Engineer - Franchise Menu ID74267,AgileEngine,Rosario,,,https://open.app.jobrapido.com/ar/8875081643342168064/?w=data%20engineer&l=&oc=sponsored&k=web.1.2.4&uuid=arF001a06ed3e0a372ff&page_item_id=1075178782,Data Engineer,jobrapido,2026-09-04T19:49:35.681001,,,,
6588774756730798080,Software Engineer (Mobile) Id76367,AgileEngine,Rosario,,,https://open.app.jobrapido.com/ar/6588774756730798080/?w=data%20engineer&l=&oc=sponsored&k=web.1.2.5&uuid=arF001a06ed3e0a372ff&page_item_id=-565988879,Data Engineer,jobrapido,2026-09-04T19:49:35.681478,,,,
2118341674273865728,Senior Industrial Engineer,Advanced Energy Management Limited,Rosario,,,https://open.app.jobrapido.com/ar/2118341674273865728/?w=data%20engineer&l=&oc=sponsored&k=web.1.2.6&uuid=arF001a06ed3e0a372ff&page_item_id=239511541,Data Engineer,jobrapido,2026-09-04T19:49:35.681962,,,,
8886470384782671872,Senior QA Automation Engineer ID72456,AgileEngine,Rosario,,,https://open.app.jobrapido.com/ar/8886470384782671872/?w=data%20engineer&l=&oc=sponsored&k=web.1.2.7&uuid=arF001a06ed3e0a372ff&page_item_id=1421311405,Data Engineer,jobrapido,2026-09-04T19:49:35.682442,,,,
6279730625465286656,"Manager, Supplier Quality",Advanced Energy Management Limited,Rosario,,,https://open.app.jobrapido.com/ar/6279730625465286656/?w=data%20engineer&l=&oc=sponsored&k=web.1.2.8&uuid=arF001a06ed3e0a372ff&page_item_id=-2069304028,Data Engineer,jobrapido,2026-09-04T19:49:35.682924,,,,
3018150327946838016,SEO Specialist | Flexible Part-Time | Performance Marketing Agency,Pwc,Rosario,,,https://open.app.jobrapido.com/ar/3018150327946838016/?w=data%20engineer&l=&oc=sponsored&k=web.1.2.9&uuid=arF001a06ed3e0a372ff&page_item_id=1095757346,Data Engineer,jobrapido,2026-09-04T19:49:35.683403,,,,
1309034269359734784,"Engineer II, NPI Quality",Advanced Energy Management Limited,Rosario,,,https://open.app.jobrapido.com/ar/1309034269359734784/?w=data%20engineer&l=&oc=sponsored&k=web.1.2.10&uuid=arF001a06ed3e0a372ff&page_item_id=-1357683323,Data Engineer,jobrapido,2026-09-04T19:49:35.683884,,,,
1327645548064276480,Full Stack Software Engineer ID85839,"AgileEngine, LLC.",Rosario,,,https://open.app.jobrapido.com/ar/1327645548064276480/?w=data%20engineer&l=&oc=sponsored&k=web.1.2.11&uuid=arF001a06ed3e0a372ff&page_item_id=1145635907,Data Engineer,jobrapido,2026-09-04T19:49:35.684363,,,,
2379734345981100032,Software Engineer - Microsoft Fabric Platform - Senior 2,PwC South Africa,Rosario,,,https://open.app.jobrapido.com/ar/2379734345981100032/?w=data%20engineer&l=&oc=sponsored&k=web.1.2.12&uuid=arF001a06ed3e0a372ff&page_item_id=546026462,Data Engineer,jobrapido,2026-09-04T19:49:35.684976,,,,
5064667592694693888,Full Stack Software Engineer ID85839,AgileEngine,Rosario,,,https://open.app.jobrapido.com/ar/5064667592694693888/?w=data%20engineer&l=&oc=sponsored&k=web.1.2.13&uuid=arF001a06ed3e0a372ff&page_item_id=755240410,Data Engineer,jobrapido,2026-09-04T19:49:35.685463,,,,
7114781583315304448,Senior Backend Engineer ID84684,AgileEngine,Rosario,,,https://open.app.jobrapido.com/ar/7114781583315304448/?w=data%20engineer&l=&oc=sponsored&k=web.1.2.14&uuid=arF001a06ed3e0a372ff&page_item_id=1631021976,Data Engineer,jobrapido,2026-09-04T19:49:35.685958,,,,
4294969046199173120,Senior/Lead Full Stack Engineer ID79143,AgileEngine,Rosario,,,https://open.app.jobrapido.com/ar/4294969046199173120/?w=data%20engineer&l=&oc=sponsored&k=web.1.2.15&uuid=arF001a06ed3e0a372ff&page_item_id=62129116,Data Engineer,jobrapido,2026-09-04T19:49:35.686439,,,,
7153769647160950784,AI Principal Software Engineer - US SaaS startup | Remote,Atomic HR,Rosario,,,https://open.app.jobrapido.com/ar/7153769647160950784/?w=data%20engineer&l=&oc=sponsored&k=web.1.2.16&uuid=arF001a06ed3e0a372ff&page_item_id=860263421,Data Engineer,jobrapido,2026-09-04T19:49:35.686930,,,,
7134438858355113984,Tech Lead - Node.js - US SaaS startup | Remote,Atomic HR,Rosario,,,https://open.app.jobrapido.com/ar/7134438858355113984/?w=data%20engineer&l=&oc=sponsored&k=web.1.2.17&uuid=arF001a06ed3e0a372ff&page_item_id=-1853047440,Data Engineer,jobrapido,2026-09-04T19:49:35.687411,,,,
1223715036082470912,Node.JS Engineer - US SaaS startup | Remote,Atomic HR,Rosario,,,https://open.app.jobrapido.com/ar/1223715036082470912/?w=data%20engineer&l=&oc=sponsored&k=web.1.2.18&uuid=arF001a06ed3e0a372ff&page_item_id=866948071,Data Engineer,jobrapido,2026-09-04T19:49:35.687901,,,,
4616277954794618880,Sr. Backend Developer,Aliancers,Rosario,,,https://open.app.jobrapido.com/ar/4616277954794618880/?w=data%20engineer&l=&oc=sponsored&k=web.1.3.1&uuid=arF001a06ed5a686743d&page_item_id=28717561,Data Engineer,jobrapido,2026-09-04T19:51:31.468609,,,,
1628853339699544064,Senior Backend Engineer (Python & AI) - LATAM - 100% Remote,Prometeo Talent,Rosario,,,https://open.app.jobrapido.com/ar/1628853339699544064/?w=data%20engineer&l=&oc=sponsored&k=web.1.3.3&uuid=arF001a06ed5a686743d&page_item_id=2134338675,Data Engineer,jobrapido,2026-09-04T19:51:31.469234,,,,
4250533108396326912,Senior Full Stack Engineer ID86905,AgileEngine,Rosario,,,https://open.app.jobrapido.com/ar/4250533108396326912/?w=data%20engineer&l=&oc=sponsored&k=web.1.3.4&uuid=arF001a06ed5a686743d&page_item_id=-384403068,Data Engineer,jobrapido,2026-09-04T19:51:31.469715,,,,
397531003855306752,Middle Full Stack Engineer ID86300,AgileEngine,Rosario,,,https://open.app.jobrapido.com/ar/397531003855306752/?w=data%20engineer&l=&oc=sponsored&k=web.1.3.5&uuid=arF001a06ed5a686743d&page_item_id=726522540,Data Engineer,jobrapido,2026-09-04T19:51:31.470190,,,,
7791367094259417088,Automotive HIL Engineer - Automotive Sector (Relocation Sweden or Polony),Prometeo Talent,Rosario,,,https://open.app.jobrapido.com/ar/7791367094259417088/?w=data%20engineer&l=&oc=sponsored&k=web.1.3.6&uuid=arF001a06ed5a686743d&page_item_id=602597692,Data Engineer,jobrapido,2026-09-04T19:51:31.470672,,,,
6893686923299127296,Senior Data Engineer ID82554,AgileEngine,Rosario,,,https://open.app.jobrapido.com/ar/6893686923299127296/?w=data%20engineer&l=&oc=sponsored&k=web.1.3.7&uuid=arF001a06ed5a686743d&page_item_id=-1151249048,Data Engineer,jobrapido,2026-09-04T19:51:31.471149,,,,
3686473627483504640,Senior Data Engineer ID81652,AgileEngine,Rosario,,,https://open.app.jobrapido.com/ar/3686473627483504640/?w=data%20engineer&l=&oc=sponsored&k=web.1.3.8&uuid=arF001a06ed5a686743d&page_item_id=289992186,Data Engineer,jobrapido,2026-09-04T19:51:31.471636,,,,
911350534319898624,Senior Data Engineer ID71671,AgileEngine,Rosario,,,https://open.app.jobrapido.com/ar/911350534319898624/?w=data%20engineer&l=&oc=sponsored&k=web.1.3.9&uuid=arF001a06ed5a686743d&page_item_id=1768171369,Data Engineer,jobrapido,2026-09-04T19:51:31.472111,,,,
5912144921724190720,Senior Data Engineer ID82547,AgileEngine,Rosario,,,https://open.app.jobrapido.com/ar/5912144921724190720/?w=data%20engineer&l=&oc=sponsored&k=web.1.3.10&uuid=arF001a06ed5a686743d&page_item_id=1389446390,Data Engineer,jobrapido,2026-09-04T19:51:31.472606,,,,
2064065055862816768,Senior Data Engineer ID81743,AgileEngine,Rosario,,,https://open.app.jobrapido.com/ar/2064065055862816768/?w=data%20engineer&l=&oc=sponsored&k=web.1.3.11&uuid=arF001a06ed5a686743d&page_item_id=1256175413,Data Engineer,jobrapido,2026-09-04T19:51:31.473084,,,,
6714256452531257344,Data Engineer ID80135,AgileEngine,Rosario,,,https://open.app.jobrapido.com/ar/6714256452531257344/?w=data%20engineer&l=&oc=sponsored&k=web.1.3.12&uuid=arF001a06ed5a686743d&page_item_id=1785837692,Data Engineer,jobrapido,2026-09-04T19:51:31.473563,,,,
3635979724208996352,Senior Data Engineer ID71670,AgileEngine,Rosario,,,https://open.app.jobrapido.com/ar/3635979724208996352/?w=data%20engineer&l=&oc=sponsored&k=web.1.3.13&uuid=arF001a06ed5a686743d&page_item_id=-1334405672,Data Engineer,jobrapido,2026-09-04T19:51:31.474035,,,,
6388633403905802240,Senior Data Engineer ID82269,AgileEngine,Rosario,,,https://open.app.jobrapido.com/ar/6388633403905802240/?w=data%20engineer&l=&oc=sponsored&k=web.1.3.14&uuid=arF001a06ed5a686743d&page_item_id=1689496558,Data Engineer,jobrapido,2026-09-04T19:51:31.474509,,,,
9108558470734413824,Lead Data Engineer ID71008,AgileEngine,Rosario,,,https://open.app.jobrapido.com/ar/9108558470734413824/?w=data%20engineer&l=&oc=sponsored&k=web.1.3.15&uuid=arF001a06ed5a686743d&page_item_id=1395106135,Data Engineer,jobrapido,2026-09-04T19:51:31.474981,,,,
610091357695901696,Senior Data Engineer: Build Scalable Data Platform (Remote),AgileEngine,Rosario,,,https://open.app.jobrapido.com/ar/610091357695901696/?w=data%20engineer&l=&oc=sponsored&k=web.1.3.16&uuid=arF001a06ed5a686743d&page_item_id=-353499708,Data Engineer,jobrapido,2026-09-04T19:51:31.475454,,,,
1085734590313660416,"Lead Data Engineer — Remote, Real-Time Analytics",AgileEngine,Rosario,,,https://open.app.jobrapido.com/ar/1085734590313660416/?w=data%20engineer&l=&oc=sponsored&k=web.1.3.17&uuid=arF001a06ed5a686743d&page_item_id=-1936092216,Data Engineer,jobrapido,2026-09-04T19:51:31.475936,,,,
1712019093554462720,"Data Engineer (Senior) - ETL (Python+Snowflake) - Remote, Latin América",Bluelight Consulting,Rosario,,,https://open.app.jobrapido.com/ar/1712019093554462720/?w=data%20engineer&l=&oc=sponsored&k=web.1.3.18&uuid=arF001a06ed5a686743d&page_item_id=-854346611,Data Engineer,jobrapido,2026-09-04T19:51:31.476416,,,,
6912735412494532608,Senior Full-Stack Engineer — Financial Analytics,Bluelight Consulting,Rosario,,,https://open.app.jobrapido.com/ar/6912735412494532608/?w=data%20engineer&l=&oc=sponsored&k=web.1.3.19&uuid=arF001a06ed5a686743d&page_item_id=216747922,Data Engineer,jobrapido,2026-09-04T19:51:31.476900,,,,
3847734050127085568,Remote Software Engineer for AI Training & Code Evaluation,Alignerr,Rosario,,,https://open.app.jobrapido.com/ar/3847734050127085568/?w=software%20engineer&l=&oc=sponsored&k=web.1.1.2&uuid=arF001a06ed791de75e2&page_item_id=760792927,Software Engineer,jobrapido,2026-09-04T19:53:37.402532,,,,
9119623594979098624,Sr. Software Engineer - Java/AWS,Coderio,Rosario,,,https://open.app.jobrapido.com/ar/9119623594979098624/?w=software%20engineer&l=&oc=sponsored&k=web.1.1.3&uuid=arF001a06ed791de75e2&page_item_id=1759719886,Software Engineer,jobrapido,2026-09-04T19:53:37.403052,,,,
1478394914424225792,Sr. Software Engineer - Java/Springboot,Coderio,Rosario,,,https://open.app.jobrapido.com/ar/1478394914424225792/?w=software%20engineer&l=&oc=sponsored&k=web.1.1.4&uuid=arF001a06ed791de75e2&page_item_id=904933975,Software Engineer,jobrapido,2026-09-04T19:53:37.403541,,,,
4367016469754544128,Sr. Software Engineer - Java/AWS,Coderio,Rosario,,,https://open.app.jobrapido.com/ar/4367016469754544128/?w=software%20engineer&l=&oc=sponsored&k=web.1.1.6&uuid=arF001a06ed791de75e2&page_item_id=1795335935,Software Engineer,jobrapido,2026-09-04T19:53:37.404153,,,,
4931240482274541568,Full Stack Software Engineer ID85596,AgileEngine,Rosario,,,https://open.app.jobrapido.com/ar/4931240482274541568/?w=software%20engineer&l=&oc=sponsored&k=web.1.1.7&uuid=arF001a06ed791de75e2&page_item_id=1109320626,Software Engineer,jobrapido,2026-09-04T19:53:37.404632,,,,
6265197744625811456,Senior Full Stack Engineer - React + Node.js (CRM) - Remote,FullStack,Rosario,,,https://open.app.jobrapido.com/ar/6265197744625811456/?w=software%20engineer&l=&oc=sponsored&k=web.1.1.10&uuid=arF001a06ed791de75e2&page_item_id=562219738,Software Engineer,jobrapido,2026-09-04T19:53:37.405378,,,,
9164286186796089344,"Web React Engineer — TypeScript, AI Tools, Remote & Flexible",AgileEngine,Rosario,,,https://open.app.jobrapido.com/ar/9164286186796089344/?w=software%20engineer&l=&oc=sponsored&k=web.1.1.11&uuid=arF001a06ed791de75e2&page_item_id=1656021174,Software Engineer,jobrapido,2026-09-04T19:53:37.405867,,,,
6228642917192302592,"Senior Cloud Engineer: AWS, CI/CD, Docker & Kubernetes",Buildee,Rosario,,,https://open.app.jobrapido.com/ar/6228642917192302592/?w=software%20engineer&l=&oc=sponsored&k=web.1.1.12&uuid=arF001a06ed791de75e2&page_item_id=1306451150,Software Engineer,jobrapido,2026-09-04T19:53:37.406343,,,,
6184743815941718016,Remote Senior Full-Stack Engineer (Node + Vue),FullStack,Rosario,,,https://open.app.jobrapido.com/ar/6184743815941718016/?w=software%20engineer&l=&oc=sponsored&k=web.1.1.13&uuid=arF001a06ed791de75e2&page_item_id=-1358269948,Software Engineer,jobrapido,2026-09-04T19:53:37.406825,,,,
3394755050692673536,Cloud Engineer Senior,Staffed,Rosario,,,https://open.app.jobrapido.com/ar/3394755050692673536/?w=software%20engineer&l=&oc=sponsored&k=web.1.1.14&uuid=arF001a06ed791de75e2&page_item_id=-702963197,Software Engineer,jobrapido,2026-09-04T19:53:37.407295,,,,
2577771731766738944,Senior AppSec Engineer: AI-Driven Secure Coding & CI/CD,AgileEngine,Rosario,,,https://open.app.jobrapido.com/ar/2577771731766738944/?w=software%20engineer&l=&oc=sponsored&k=web.1.1.15&uuid=arF001a06ed791de75e2&page_item_id=931176921,Software Engineer,jobrapido,2026-09-04T19:53:37.407772,,,,
7415915364074127360,Senior QA Automation Engineer — Serverless API Testing,AgileEngine,Rosario,,,https://open.app.jobrapido.com/ar/7415915364074127360/?w=software%20engineer&l=&oc=sponsored&k=web.1.1.16&uuid=arF001a06ed791de75e2&page_item_id=-1690195822,Software Engineer,jobrapido,2026-09-04T19:53:37.408246,,,,
5967251619874603008,Senior AppSec Engineer ID71672,AgileEngine,Rosario,,,https://open.app.jobrapido.com/ar/5967251619874603008/?w=software%20engineer&l=&oc=sponsored&k=web.1.1.18&uuid=arF001a06ed791de75e2&page_item_id=-1200060938,Software Engineer,jobrapido,2026-09-04T19:53:37.408862,,,,
526721695973638144,Senior Quality Engineer ID84192,"AgileEngine, LLC.",Rosario,,,https://open.app.jobrapido.com/ar/526721695973638144/?w=software%20engineer&l=&oc=sponsored&k=web.1.1.19&uuid=arF001a06ed791de75e2&page_item_id=-57860541,Software Engineer,jobrapido,2026-09-04T19:53:37.409335,,,,
2690154739387072512,Senior/Lead AppSec Engineer ID71672,"AgileEngine, LLC.",Rosario,,,https://open.app.jobrapido.com/ar/2690154739387072512/?w=software%20engineer&l=&oc=sponsored&k=web.1.2.0&uuid=arF001a06ed8e9e37667&page_item_id=2072271081,Software Engineer,jobrapido,2026-09-04T19:55:05.517502,,,,
7933961262617067520,AppSec Engineer ID71671,AgileEngine,Rosario,,,https://open.app.jobrapido.com/ar/7933961262617067520/?w=software%20engineer&l=&oc=sponsored&k=web.1.2.2&uuid=arF001a06ed8e9e37667&page_item_id=-330079676,Software Engineer,jobrapido,2026-09-04T19:55:05.518194,,,,
1433794324755120128,Senior/Lead Full Stack Engineer ID79143,"AgileEngine, LLC.",Rosario,,,https://open.app.jobrapido.com/ar/1433794324755120128/?w=software%20engineer&l=&oc=sponsored&k=web.1.2.3&uuid=arF001a06ed8e9e37667&page_item_id=-398422302,Software Engineer,jobrapido,2026-09-04T19:55:05.518683,,,,
5276628300381290496,Senior Full Stack Engineer ID82556,"AgileEngine, LLC.",Rosario,,,https://open.app.jobrapido.com/ar/5276628300381290496/?w=software%20engineer&l=&oc=sponsored&k=web.1.2.7&uuid=arF001a06ed8e9e37667&page_item_id=-1328518479,Software Engineer,jobrapido,2026-09-04T19:55:05.519568,,,,
3444339090915328000,Senior Platform Engineer - AI-Driven Cloud & Fabric,PwC South Africa,Rosario,,,https://open.app.jobrapido.com/ar/3444339090915328000/?w=software%20engineer&l=&oc=sponsored&k=web.1.2.10&uuid=arF001a06ed8e9e37667&page_item_id=1975232874,Software Engineer,jobrapido,2026-09-04T19:55:05.520315,,,,
332498464485146624,Senior Full Stack Engineer ID84407,AgileEngine,Rosario,,,https://open.app.jobrapido.com/ar/332498464485146624/?w=software%20engineer&l=&oc=sponsored&k=web.1.2.11&uuid=arF001a06ed8e9e37667&page_item_id=729008936,Software Engineer,jobrapido,2026-09-04T19:55:05.520795,,,,
553322180784422912,DevOps / Site Reliability Engineer ID70127,AgileEngine,Rosario,,,https://open.app.jobrapido.com/ar/553322180784422912/?w=software%20engineer&l=&oc=sponsored&k=web.1.3.4&uuid=arF001a06ed9808376b6&page_item_id=-899758468,Software Engineer,jobrapido,2026-09-04T19:55:44.003814,,,,
2440183090094538752,Salesforce DevOps Engineer ID87213,AgileEngine,Rosario,,,https://open.app.jobrapido.com/ar/2440183090094538752/?w=software%20engineer&l=&oc=sponsored&k=web.1.3.5&uuid=arF001a06ed9808376b6&page_item_id=955142724,Software Engineer,jobrapido,2026-09-04T19:55:44.004304,,,,
2416116979585777664,Senior Java Engineer ID84680,AgileEngine,Rosario,,,https://open.app.jobrapido.com/ar/2416116979585777664/?w=software%20engineer&l=&oc=sponsored&k=web.1.3.6&uuid=arF001a06ed9808376b6&page_item_id=-1449905388,Software Engineer,jobrapido,2026-09-04T19:55:44.004784,,,,
8979421568786497536,Senior Java Engineer ID84680,AgileEngine,Rosario,,,https://open.app.jobrapido.com/ar/8979421568786497536/?w=software%20engineer&l=&oc=sponsored&k=web.1.3.8&uuid=arF001a06ed9808376b6&page_item_id=-1447793913,Software Engineer,jobrapido,2026-09-04T19:55:44.005391,,,,
8312777068886622208,Software Engineer (Web) ID76971,AgileEngine,Rosario,,,https://open.app.jobrapido.com/ar/8312777068886622208/?w=software%20engineer&l=&oc=sponsored&k=web.1.3.13&uuid=arF001a06ed9808376b6&page_item_id=817807525,Software Engineer,jobrapido,2026-09-04T19:55:44.006400,,,,
7329059030721101824,Senior Software Engineer ID81650,AgileEngine,Rosario,,,https://open.app.jobrapido.com/ar/7329059030721101824/?w=software%20engineer&l=&oc=sponsored&k=web.1.3.14&uuid=arF001a06ed9808376b6&page_item_id=606328397,Software Engineer,jobrapido,2026-09-04T19:55:44.006879,,,,
2363295015058276352,Senior Software Engineer ID74262,AgileEngine,Rosario,,,https://open.app.jobrapido.com/ar/2363295015058276352/?w=software%20engineer&l=&oc=sponsored&k=web.1.3.15&uuid=arF001a06ed9808376b6&page_item_id=49813185,Software Engineer,jobrapido,2026-09-04T19:55:44.007351,,,,
1029805938502008832,Senior Software Engineer ID74260,AgileEngine,Rosario,,,https://open.app.jobrapido.com/ar/1029805938502008832/?w=software%20engineer&l=&oc=sponsored&k=web.1.3.16&uuid=arF001a06ed9808376b6&page_item_id=482860851,Software Engineer,jobrapido,2026-09-04T19:55:44.007829,,,,
6401484959667716096,Senior Software Engineer ID72455,AgileEngine,Rosario,,,https://open.app.jobrapido.com/ar/6401484959667716096/?w=software%20engineer&l=&oc=sponsored&k=web.1.3.17&uuid=arF001a06ed9808376b6&page_item_id=1776787127,Software Engineer,jobrapido,2026-09-04T19:55:44.008300,,,,
5379577687213867008,Senior Software Engineer ID73490,AgileEngine,Rosario,,,https://open.app.jobrapido.com/ar/5379577687213867008/?w=software%20engineer&l=&oc=sponsored&k=web.1.3.18&uuid=arF001a06ed9808376b6&page_item_id=677160164,Software Engineer,jobrapido,2026-09-04T19:55:44.008775,,,,
6739134724175822848,Senior Software Engineer ID74262,Subway,Rosario,,,https://open.app.jobrapido.com/ar/6739134724175822848/?w=software%20engineer&l=&oc=sponsored&k=web.1.3.19&uuid=arF001a06ed9808376b6&page_item_id=1976310328,Software Engineer,jobrapido,2026-09-04T19:55:44.009244,,,,
740614348669452288,Senior Software Engineer ID73087,Baltimore Banner,Rosario,,,https://open.app.jobrapido.com/ar/740614348669452288/?w=software%20engineer&l=&oc=sponsored&k=web.1.4.0&uuid=arF001a06eda8f6d7756&page_item_id=-1426679017,Software Engineer,jobrapido,2026-09-04T19:56:53.583061,,,,
604089810914639872,Senior Security Software Engineer ID80138,AgileEngine,Rosario,,,https://open.app.jobrapido.com/ar/604089810914639872/?w=software%20engineer&l=&oc=sponsored&k=web.1.4.1&uuid=arF001a06eda8f6d7756&page_item_id=70184430,Software Engineer,jobrapido,2026-09-04T19:56:53.583635,,,,
6543246797723140096,Senior Software Engineer (Mobile) ID74260,AgileEngine,Rosario,,,https://open.app.jobrapido.com/ar/6543246797723140096/?w=software%20engineer&l=&oc=sponsored&k=web.1.4.2&uuid=arF001a06eda8f6d7756&page_item_id=-103920974,Software Engineer,jobrapido,2026-09-04T19:56:53.584116,,,,
3353770205011509248,Senior Agentic AI Software Engineer ID81654,AgileEngine,Rosario,,,https://open.app.jobrapido.com/ar/3353770205011509248/?w=software%20engineer&l=&oc=sponsored&k=web.1.4.3&uuid=arF001a06eda8f6d7756&page_item_id=1293244193,Software Engineer,jobrapido,2026-09-04T19:56:53.584601,,,,
306698166441345024,Tech Lead Security Software Engineer ID80140,AgileEngine,Rosario,,,https://open.app.jobrapido.com/ar/306698166441345024/?w=software%20engineer&l=&oc=sponsored&k=web.1.4.4&uuid=arF001a06eda8f6d7756&page_item_id=-259826704,Software Engineer,jobrapido,2026-09-04T19:56:53.585078,,,,
4935932390448037888,Senior Software Engineer (Control Plane + Orchestration) - Remote - Latin America,FullStack,Rosario,,,https://open.app.jobrapido.com/ar/4935932390448037888/?w=software%20engineer&l=&oc=sponsored&k=web.1.4.5&uuid=arF001a06eda8f6d7756&page_item_id=208738673,Software Engineer,jobrapido,2026-09-04T19:56:53.585600,,,,
8578206838053404672,Software Engineer (Elixir/Phoenix) - Latin America (REMOTE),Bluelight Consulting,Rosario,,,https://open.app.jobrapido.com/ar/8578206838053404672/?w=software%20engineer&l=&oc=sponsored&k=web.1.4.6&uuid=arF001a06eda8f6d7756&page_item_id=-1604384922,Software Engineer,jobrapido,2026-09-04T19:56:53.586082,,,,
8690899203578134528,Senior Quality Engineer ID84192,AgileEngine,Rosario,,,https://open.app.jobrapido.com/ar/8690899203578134528/?w=software%20engineer&l=&oc=sponsored&k=web.1.4.7&uuid=arF001a06eda8f6d7756&page_item_id=1921127887,Software Engineer,jobrapido,2026-09-04T19:56:53.586564,,,,
5787064478948392960,Senior/Lead AppSec Engineer ID71672,AgileEngine,Rosario,,,https://open.app.jobrapido.com/ar/5787064478948392960/?w=software%20engineer&l=&oc=sponsored&k=web.1.4.8&uuid=arF001a06eda8f6d7756&page_item_id=-1188700133,Software Engineer,jobrapido,2026-09-04T19:56:53.587038,,,,
1363697726885199872,Senior React Native Engineer – Offline-First Sync,"AgileEngine, LLC.",Rosario,,,https://open.app.jobrapido.com/ar/1363697726885199872/?w=software%20engineer&l=&oc=sponsored&k=web.1.4.11&uuid=arF001a06eda8f6d7756&page_item_id=-608656958,Software Engineer,jobrapido,2026-09-04T19:56:53.587793,,,,
2283750623008522240,Senior Principal Mobile Architect,Hispanic Alliance for Career Enhancement,Rosario,,,https://open.app.jobrapido.com/ar/2283750623008522240/?w=software%20engineer&l=&oc=sponsored&k=web.1.4.12&uuid=arF001a06eda8f6d7756&page_item_id=1855343193,Software Engineer,jobrapido,2026-09-04T19:56:53.588272,,,,
9010361001358393344,Oil & Gas Analytics Consultant,Palantir Inc,Rosario,,,https://open.app.jobrapido.com/ar/9010361001358393344/?w=software%20engineer&l=&oc=sponsored&k=web.1.4.13&uuid=arF001a06eda8f6d7756&page_item_id=-815893224,Software Engineer,jobrapido,2026-09-04T19:56:53.588753,,,,
607066309150113792,Business Consultant,Palantir Inc,Rosario,,,https://open.app.jobrapido.com/ar/607066309150113792/?w=software%20engineer&l=&oc=sponsored&k=web.1.4.14&uuid=arF001a06eda8f6d7756&page_item_id=1257936504,Software Engineer,jobrapido,2026-09-04T19:56:53.589229,,,,
2392550889169616896,Senior Cloud Platform Engineer: Orchestration (Remote),FullStack,Rosario,,,https://open.app.jobrapido.com/ar/2392550889169616896/?w=software%20engineer&l=&oc=sponsored&k=web.1.4.16&uuid=arF001a06eda8f6d7756&page_item_id=1216662148,Software Engineer,jobrapido,2026-09-04T19:56:53.589846,,,,
388968127557271552,Python Engineer (AppSec) ID71670,AgileEngine,Rosario,,,https://open.app.jobrapido.com/ar/388968127557271552/?w=software%20engineer&l=&oc=sponsored&k=web.1.4.17&uuid=arF001a06eda8f6d7756&page_item_id=-596248097,Software Engineer,jobrapido,2026-09-04T19:56:53.590322,,,,
5265136033049083904,Application Security Engineer (Senior) ID71672,Morgan Stanley,Rosario,,,https://open.app.jobrapido.com/ar/5265136033049083904/?w=software%20engineer&l=&oc=sponsored&k=web.1.4.18&uuid=arF001a06eda8f6d7756&page_item_id=447641644,Software Engineer,jobrapido,2026-09-04T19:56:53.590804,,,,
1990933342043766784,Application Security Engineer (Senior) ID71668,Morgan Stanley,Rosario,,,https://open.app.jobrapido.com/ar/1990933342043766784/?w=software%20engineer&l=&oc=sponsored&k=web.1.4.19&uuid=arF001a06eda8f6d7756&page_item_id=-371898018,Software Engineer,jobrapido,2026-09-04T19:56:53.591286,,,,
6894627881914204160,Senior Infrastructure Engineer ID82562,AgileEngine,Rosario,,,https://open.app.jobrapido.com/ar/6894627881914204160/?w=software%20engineer&l=&oc=sponsored&k=web.1.5.0&uuid=arF001a06edc310d787f&page_item_id=1725520950,Software Engineer,jobrapido,2026-09-04T19:58:40.342133,,,,
5591680214720577536,Senior Infrastructure Engineer ID82552,AgileEngine,Rosario,,,https://open.app.jobrapido.com/ar/5591680214720577536/?w=software%20engineer&l=&oc=sponsored&k=web.1.5.1&uuid=arF001a06edc310d787f&page_item_id=-1246778319,Software Engineer,jobrapido,2026-09-04T19:58:40.342683,,,,
3169984963823009792,DevOps Engineer ID83107,AgileEngine,Rosario,,,https://open.app.jobrapido.com/ar/3169984963823009792/?w=software%20engineer&l=&oc=sponsored&k=web.1.5.2&uuid=arF001a06edc310d787f&page_item_id=1230598962,Software Engineer,jobrapido,2026-09-04T19:58:40.343164,,,,
8293423224696340480,Full Stack Engineer ID82571,AgileEngine,Rosario,,,https://open.app.jobrapido.com/ar/8293423224696340480/?w=software%20engineer&l=&oc=sponsored&k=web.1.5.3&uuid=arF001a06edc310d787f&page_item_id=1673458849,Software Engineer,jobrapido,2026-09-04T19:58:40.343646,,,,
5461112057870942208,Full Stack Engineer ID83016,AgileEngine,Rosario,,,https://open.app.jobrapido.com/ar/5461112057870942208/?w=software%20engineer&l=&oc=sponsored&k=web.1.5.4&uuid=arF001a06edc310d787f&page_item_id=580676754,Software Engineer,jobrapido,2026-09-04T19:58:40.344123,,,,
4749269813228994560,Senior Site Reliability Engineer ID82562,AgileEngine,Rosario,,,https://open.app.jobrapido.com/ar/4749269813228994560/?w=software%20engineer&l=&oc=sponsored&k=web.1.5.5&uuid=arF001a06edc310d787f&page_item_id=-1060651175,Software Engineer,jobrapido,2026-09-04T19:58:40.344602,,,,
8076722677001224192,Senior Mobile Engineer ID82572,AgileEngine,Rosario,,,https://open.app.jobrapido.com/ar/8076722677001224192/?w=software%20engineer&l=&oc=sponsored&k=web.1.5.7&uuid=arF001a06edc310d787f&page_item_id=919751141,Software Engineer,jobrapido,2026-09-04T19:58:40.345211,,,,
6660203430117638144,Senior Site Reliability Engineer ID82566,AgileEngine,Rosario,,,https://open.app.jobrapido.com/ar/6660203430117638144/?w=software%20engineer&l=&oc=sponsored&k=web.1.5.8&uuid=arF001a06edc310d787f&page_item_id=1651516132,Software Engineer,jobrapido,2026-09-04T19:58:40.345688,,,,
5012730391430168576,Senior Full Stack Engineer ID82556,AgileEngine,Rosario,,,https://open.app.jobrapido.com/ar/5012730391430168576/?w=software%20engineer&l=&oc=sponsored&k=web.1.5.10&uuid=arF001a06edc310d787f&page_item_id=1087222442,Software Engineer,jobrapido,2026-09-04T19:58:40.346296,,,,
1215347907213918208,Platform Engineer ID82552,AgileEngine,Rosario,,,https://open.app.jobrapido.com/ar/1215347907213918208/?w=software%20engineer&l=&oc=sponsored&k=web.1.5.11&uuid=arF001a06edc310d787f&page_item_id=-1242652423,Software Engineer,jobrapido,2026-09-04T19:58:40.346771,,,,
1332559007830769664,Senior Backend Engineer ID81650,AgileEngine,Rosario,,,https://open.app.jobrapido.com/ar/1332559007830769664/?w=software%20engineer&l=&oc=sponsored&k=web.1.5.15&uuid=arF001a06edc310d787f&page_item_id=997982216,Software Engineer,jobrapido,2026-09-04T19:58:40.347645,,,,
3368788846652162048,Senior React Native Engineer ID74262,"AgileEngine, LLC.",Rosario,,,https://open.app.jobrapido.com/ar/3368788846652162048/?w=software%20engineer&l=&oc=sponsored&k=web.1.5.16&uuid=arF001a06edc310d787f&page_item_id=434385822,Software Engineer,jobrapido,2026-09-04T19:58:40.348117,,,,
4201833075522404352,Mobile Engineer ID74264,AgileEngine,Rosario,,,https://open.app.jobrapido.com/ar/4201833075522404352/?w=software%20engineer&l=&oc=sponsored&k=web.1.5.17&uuid=arF001a06edc310d787f&page_item_id=-1006442134,Software Engineer,jobrapido,2026-09-04T19:58:40.348594,,,,
3480160372294418432,Senior Full Stack Engineer ID78855,AgileEngine,Rosario,,,https://open.app.jobrapido.com/ar/3480160372294418432/?w=software%20engineer&l=&oc=sponsored&k=web.1.5.18&uuid=arF001a06edc310d787f&page_item_id=1918537315,Software Engineer,jobrapido,2026-09-04T19:58:40.349068,,,,
7826179573720023040,Senior Backend Engineer ID68432,AgileEngine,Rosario,,,https://open.app.jobrapido.com/ar/7826179573720023040/?w=software%20engineer&l=&oc=sponsored&k=web.1.5.19&uuid=arF001a06edc310d787f&page_item_id=273251567,Software Engineer,jobrapido,2026-09-04T19:58:40.349545,,,,
3705923438423048192,Anuncios Google,Miratech,Rosario,,,https://open.app.jobrapido.com/ar/3705923438423048192/?w=python&l=&oc=sponsored&k=web.1.1.0&uuid=arF001a06eddbefb7959&page_item_id=151822078,Python Developer,jobrapido,2026-09-04T20:00:22.475303,,,,
8284025819072823296,Desarrollador/a Fullstack (React + Python),Aliancers,Rosario,,,https://open.app.jobrapido.com/ar/8284025819072823296/?w=python&l=&oc=sponsored&k=web.1.1.1&uuid=arF001a06eddbefb7959&page_item_id=1935222638,Python Developer,jobrapido,2026-09-04T20:00:22.475863,,,,
6777112079137505280,Remote Senior AI Engineer — Python & Agent Tech,FullStack,Rosario,,,https://open.app.jobrapido.com/ar/6777112079137505280/?w=python&l=&oc=sponsored&k=web.1.1.3&uuid=arF001a06eddbefb7959&page_item_id=1501945179,Python Developer,jobrapido,2026-09-04T20:00:22.476513,,,,
8297758375706361856,Senior Full Stack Engineer — Python/React (Remote),AgileEngine,Rosario,,,https://open.app.jobrapido.com/ar/8297758375706361856/?w=python&l=&oc=sponsored&k=web.1.1.4&uuid=arF001a06eddbefb7959&page_item_id=1294617625,Python Developer,jobrapido,2026-09-04T20:00:22.477011,,,,
2058883607316922368,Senior Python Engineer - Real-Time Voice on AWS,Miratech,Rosario,,,https://open.app.jobrapido.com/ar/2058883607316922368/?w=python&l=&oc=sponsored&k=web.1.1.5&uuid=arF001a06eddbefb7959&page_item_id=-1569149520,Python Developer,jobrapido,2026-09-04T20:00:22.477506,,,,
7261796819208765440,Remote DevSecOps Engineer (Python) — CI/CD Security & Remediation,AgileEngine,Rosario,,,https://open.app.jobrapido.com/ar/7261796819208765440/?w=python&l=&oc=sponsored&k=web.1.1.6&uuid=arF001a06eddbefb7959&page_item_id=1342908568,Python Developer,jobrapido,2026-09-04T20:00:22.477996,,,,
8664793086682988544,"Remote Full Stack Engineer - React, Node/Python, AWS","AgileEngine, LLC.",Rosario,,,https://open.app.jobrapido.com/ar/8664793086682988544/?w=python&l=&oc=sponsored&k=web.1.1.8&uuid=arF001a06eddbefb7959&page_item_id=25247820,Python Developer,jobrapido,2026-09-04T20:00:22.478631,,,,
5242644783968550912,"Senior Python/Flask+React Fullstack Engineer - Remote, Latin America",Bluelight,Rosario,,,https://open.app.jobrapido.com/ar/5242644783968550912/?w=python&l=&oc=sponsored&k=web.1.1.9&uuid=arF001a06eddbefb7959&page_item_id=-190999084,Python Developer,jobrapido,2026-09-04T20:00:22.479120,,,,
432791585843838976,Senior Python/React Full-Stack Engineer — Impact & Growth,Bluelight,Rosario,,,https://open.app.jobrapido.com/ar/432791585843838976/?w=python&l=&oc=sponsored&k=web.1.1.13&uuid=arF001a06eddbefb7959&page_item_id=725565990,Python Developer,jobrapido,2026-09-04T20:00:22.480035,,,,
7942257747863535616,Fullstack Developer,Fligoo,Rosario,,,https://open.app.jobrapido.com/ar/7942257747863535616/?w=python&l=&oc=sponsored&k=web.1.2.5&uuid=arF001a06edeab53799a&page_item_id=-1143441790,Python Developer,jobrapido,2026-09-04T20:01:23.013000,,,,
6396353470181408768,Automation Specialist,Scale Up Recruiting Partners,Rosario,,,https://open.app.jobrapido.com/ar/6396353470181408768/?w=python&l=&oc=sponsored&k=web.1.2.6&uuid=arF001a06edeab53799a&page_item_id=1254478121,Python Developer,jobrapido,2026-09-04T20:01:23.013501,,,,
1132232644994531328,Automation Engineer - SaaS StartUp,Scale Up Recruiting Partners,Rosario,,,https://open.app.jobrapido.com/ar/1132232644994531328/?w=python&l=&oc=sponsored&k=web.1.2.7&uuid=arF001a06edeab53799a&page_item_id=-207323149,Python Developer,jobrapido,2026-09-04T20:01:23.013984,,,,
8109424953129959424,JSOC - Cybersecurity Specialist - Incident Response,Questrade Financial Group,Rosario,,,https://open.app.jobrapido.com/ar/8109424953129959424/?w=python&l=&oc=sponsored&k=web.1.2.11&uuid=arF001a06edeab53799a&page_item_id=1442082683,Python Developer,jobrapido,2026-09-04T20:01:23.014875,,,,
4271207242713268224,Desarrollador/a Backend,Findme,Rosario,,,https://open.app.jobrapido.com/ar/4271207242713268224/?w=python&l=&oc=sponsored&k=web.1.3.13&uuid=arF001a06edf279979d5&page_item_id=665458670,Python Developer,jobrapido,2026-09-04T20:01:54.285236,,,,
8457003960471912448,Analista de Monitoreo & Observabilidad ID #00247 - Buenos Aires - Rosario,Werben HR,Rosario,,,https://open.app.jobrapido.com/ar/8457003960471912448/?w=python&l=&oc=sponsored&k=web.1.3.14&uuid=arF001a06edf279979d5&page_item_id=-584087193,Python Developer,jobrapido,2026-09-04T20:01:54.285749,,,,
1012473958756253696,Lead Python Engineer (AppSec) ID71666,AgileEngine,Rosario,,,https://open.app.jobrapido.com/ar/1012473958756253696/?w=python&l=&oc=sponsored&k=web.1.4.0&uuid=arF001a06edf6b5b79f4&page_item_id=-2089502033,Python Developer,jobrapido,2026-09-04T20:02:12.035633,,,,
5013144821414494208,Analista Técnico Funcional BI,LA VIRGINIA,Rosario,,,https://open.app.jobrapido.com/ar/5013144821414494208/?w=python&l=&oc=sponsored&k=web.1.4.5&uuid=arF001a06edf6b5b79f4&page_item_id=-1158008179,Python Developer,jobrapido,2026-09-04T20:02:12.036708,,,,
8007029153222098944,Remote AI/ML Engineer: Build Production AI Systems,FullStack,Rosario,,,https://open.app.jobrapido.com/ar/8007029153222098944/?w=python&l=&oc=sponsored&k=web.1.4.7&uuid=arF001a06edf6b5b79f4&page_item_id=-1132499880,Python Developer,jobrapido,2026-09-04T20:02:12.037320,,,,
7307662792142618624,Remote AI/ML Engineer: Build Production AI Systems,FullStack,Rosario,,,https://open.app.jobrapido.com/ar/7307662792142618624/?w=python&l=&oc=sponsored&k=web.1.4.8&uuid=arF001a06edf6b5b79f4&page_item_id=1076834745,Python Developer,jobrapido,2026-09-04T20:02:12.037806,,,,
797410068478820352,Detection Researcher: Coding-Focused Security Analysis,Zimperium,Rosario,,,https://open.app.jobrapido.com/ar/797410068478820352/?w=python&l=&oc=sponsored&k=web.1.4.10&uuid=arF001a06edf6b5b79f4&page_item_id=-981930410,Python Developer,jobrapido,2026-09-04T20:02:12.038415,,,,
2832204615129235456,Analista de investigación de mercado,Avalian,Rosario,,,https://open.app.jobrapido.com/ar/2832204615129235456/?w=python&l=&oc=sponsored&k=web.1.5.3&uuid=arF001a06edffcae7a51&page_item_id=-1582231417,Python Developer,jobrapido,2026-09-04T20:02:48.972152,,,,
5993210951967440896,Senior Full Stack Developer ID71007,AgileEngine,Rosario,,,https://open.app.jobrapido.com/ar/5993210951967440896/?w=python&l=&oc=sponsored&k=web.1.5.8&uuid=arF001a06edffcae7a51&page_item_id=561201927,Python Developer,jobrapido,2026-09-04T20:02:48.973197,,,,
4208307824620470272,Technical Lead ID71009,AgileEngine,Rosario,,,https://open.app.jobrapido.com/ar/4208307824620470272/?w=python&l=&oc=sponsored&k=web.1.5.12&uuid=arF001a06edffcae7a51&page_item_id=-176555119,Python Developer,jobrapido,2026-09-04T20:02:48.974104,,,,
157654211335553024,Senior Backend AdTech Engineer ID52365,AgileEngine,Rosario,,,https://open.app.jobrapido.com/ar/157654211335553024/?w=python&l=&oc=sponsored&k=web.1.5.13&uuid=arF001a06edffcae7a51&page_item_id=2132481528,Python Developer,jobrapido,2026-09-04T20:02:48.974598,,,,
1367878997806940160,Senior DevOps Engineer ID77081,AgileEngine,Rosario,,,https://open.app.jobrapido.com/ar/1367878997806940160/?w=python&l=&oc=sponsored&k=web.1.5.15&uuid=arF001a06edffcae7a51&page_item_id=478255790,Python Developer,jobrapido,2026-09-04T20:02:48.975214,,,,
4554638216249999360,Lead Full Stack Engineer ID71009,Kepler Group,Rosario,,,https://open.app.jobrapido.com/ar/4554638216249999360/?w=python&l=&oc=sponsored&k=web.1.5.17&uuid=arF001a06edffcae7a51&page_item_id=-1906780950,Python Developer,jobrapido,2026-09-04T20:02:48.976511,,,,
4797772672744292352,Senior Backend Engineer ID68432,Leap Tools,Rosario,,,https://open.app.jobrapido.com/ar/4797772672744292352/?w=python&l=&oc=sponsored&k=web.1.5.18&uuid=arF001a06edffcae7a51&page_item_id=-1088078309,Python Developer,jobrapido,2026-09-04T20:02:48.976993,,,,
4159447348948238336,Senior Backend Engineer – AdTech ID52365,Leap Tools,Rosario,,,https://open.app.jobrapido.com/ar/4159447348948238336/?w=python&l=&oc=sponsored&k=web.1.5.19&uuid=arF001a06edffcae7a51&page_item_id=591327007,Python Developer,jobrapido,2026-09-04T20:02:48.977472,,,,
3831876738812477440,"QA Analyst SRR - Rosario, Santa Fe",METRA hr,Rosario,,,https://open.app.jobrapido.com/ar/3831876738812477440/?w=desarrollador%20backend&l=&oc=sponsored&k=web.1.1.1&uuid=arF001a06ee0e4537add&page_item_id=-1610491591,Desarrollador Backend,jobrapido,2026-09-04T20:03:48.560562,,,,
7407617521617993728,Desarrollador Python Senior / Remoto,ADN Recursos Humanos,Capital Federal,,,https://open.app.jobrapido.com/ar/7407617521617993728/?w=desarrollador%20backend&l=&oc=sponsored&k=web.1.1.2&uuid=arF001a06ee0e4537add&page_item_id=1993881224,Desarrollador Backend,jobrapido,2026-09-04T20:03:48.561093,,,,
2952600915032408064,Desarrollador Mobile React Native / Híbrido,ADN Recursos Humanos,Capital Federal (Belgrano),,,https://open.app.jobrapido.com/ar/2952600915032408064/?w=desarrollador%20backend&l=&oc=sponsored&k=web.1.1.3&uuid=arF001a06ee0e4537add&page_item_id=-487850681,Desarrollador Backend,jobrapido,2026-09-04T20:03:48.561622,,,,
8582622133153169408,Desarrollador Backend,Universidad de Palermo,Capital Federal,,,https://open.app.jobrapido.com/ar/8582622133153169408/?w=desarrollador%20backend&l=&oc=sponsored&k=web.1.1.4&uuid=arF001a06ee0e4537add&page_item_id=1370208691,Desarrollador Backend,jobrapido,2026-09-04T20:03:48.562107,,,,
8947491811245424640,DESARROLLADOR BackEnd,Boldt,Capital Federal,,,https://open.app.jobrapido.com/ar/8947491811245424640/?w=desarrollador%20backend&l=&oc=sponsored&k=web.1.1.5&uuid=arF001a06ee0e4537add&page_item_id=349259811,Desarrollador Backend,jobrapido,2026-09-04T20:03:48.562591,,,,
2923272971369840640,Desarrollador Backend Java Senior,Nonconformist,Capital Federal,,,https://open.app.jobrapido.com/ar/2923272971369840640/?w=desarrollador%20backend&l=&oc=sponsored&k=web.1.1.6&uuid=arF001a06ee0e4537add&page_item_id=1607574350,Desarrollador Backend,jobrapido,2026-09-04T20:03:48.563071,,,,
4994298006703439872,Desarrollador/a Backend Python,Credencial Payments,Capital Federal,,,https://open.app.jobrapido.com/ar/4994298006703439872/?w=desarrollador%20backend&l=&oc=sponsored&k=web.1.1.7&uuid=arF001a06ee0e4537add&page_item_id=-1119692533,Desarrollador Backend,jobrapido,2026-09-04T20:03:48.563553,,,,
7563414230464987136,Desarrollador/a Backend Ssr.,Grupo ST,Capital Federal,,,https://open.app.jobrapido.com/ar/7563414230464987136/?w=desarrollador%20backend&l=&oc=sponsored&k=web.1.1.8&uuid=arF001a06ee0e4537add&page_item_id=-1193109709,Desarrollador Backend,jobrapido,2026-09-04T20:03:48.564031,,,,
6284165436896444416,Desarrollador/a Backend Java SSR,Infosis,Capital Federal,,,https://open.app.jobrapido.com/ar/6284165436896444416/?w=desarrollador%20backend&l=&oc=sponsored&k=web.1.1.9&uuid=arF001a06ee0e4537add&page_item_id=-1669519974,Desarrollador Backend,jobrapido,2026-09-04T20:03:48.564512,,,,
782485503801819136,Desarrollador/a Backend Ssr.,Cosys Global,Capital Federal,,,https://open.app.jobrapido.com/ar/782485503801819136/?w=desarrollador%20backend&l=&oc=sponsored&k=web.1.1.10&uuid=arF001a06ee0e4537add&page_item_id=570423883,Desarrollador Backend,jobrapido,2026-09-04T20:03:48.564990,,,,
299621743964717056,Desarrollador Backend Java - Referente técnico,ThinkBig HR,Capital Federal,,,https://open.app.jobrapido.com/ar/299621743964717056/?w=desarrollador%20backend&l=&oc=sponsored&k=web.1.1.11&uuid=arF001a06ee0e4537add&page_item_id=-1014933943,Desarrollador Backend,jobrapido,2026-09-04T20:03:48.565466,,,,
2241071155031048192,Desarrollador Backend – Golang / Microservicios / APIs REST (Remoto) | 202722,Talent Connect,Capital Federal,,,https://open.app.jobrapido.com/ar/2241071155031048192/?w=desarrollador%20backend&l=&oc=sponsored&k=web.1.1.12&uuid=arF001a06ee0e4537add&page_item_id=-382011275,Desarrollador Backend,jobrapido,2026-09-04T20:03:48.565958,,,,
8945503782553255936,Desarrollador Backend (SSR) – Computer Vision & AI / Python / Azure (Híbrido),Talent Connect,Capital Federal,,,https://open.app.jobrapido.com/ar/8945503782553255936/?w=desarrollador%20backend&l=&oc=sponsored&k=web.1.1.13&uuid=arF001a06ee0e4537add&page_item_id=-230777070,Desarrollador Backend,jobrapido,2026-09-04T20:03:48.566446,,,,
29951682435612672,Desarrollador Backend - NODE JS - Córdoba excluyente-POSICIÓN CUBIERTA,Idearhumano,Córdoba,,,https://open.app.jobrapido.com/ar/29951682435612672/?w=desarrollador%20backend&l=&oc=sponsored&k=web.1.1.14&uuid=arF001a06ee0e4537add&page_item_id=22603759,Desarrollador Backend,jobrapido,2026-09-04T20:03:48.566942,,,,
8632384036561485824,"Desarrollador Backend (SR) – Node.js / Java Spring Boot (Híbrido, CABA) | 185131",Talent Connect,Capital Federal,,,https://open.app.jobrapido.com/ar/8632384036561485824/?w=desarrollador%20backend&l=&oc=sponsored&k=web.1.1.15&uuid=arF001a06ee0e4537add&page_item_id=1625880854,Desarrollador Backend,jobrapido,2026-09-04T20:03:48.567428,,,,
7685762575824322560,Desarrollador Backend (SSR) – Computer Vision & AI / Python / Azure OpenAI,Talent Connect,Capital Federal,,,https://open.app.jobrapido.com/ar/7685762575824322560/?w=desarrollador%20backend&l=&oc=sponsored&k=web.1.1.16&uuid=arF001a06ee0e4537add&page_item_id=1405641831,Desarrollador Backend,jobrapido,2026-09-04T20:03:48.567919,,,,
1916602181297897472,Desarrollador/a Backend Senior (Node.js/Nest.js),Coderio,Rincón De Los Sauces,,,https://open.app.jobrapido.com/ar/1916602181297897472/?w=desarrollador%20backend&l=&oc=sponsored&k=web.1.1.17&uuid=arF001a06ee0e4537add&page_item_id=1341435496,Desarrollador Backend,jobrapido,2026-09-04T20:03:48.568400,,,,
5487004508733046784,"Desarrollador Backend Senior NodeJS, APIs y Cloud (Remote)",Coderio,Rincón De Los Sauces,,,https://open.app.jobrapido.com/ar/5487004508733046784/?w=desarrollador%20backend&l=&oc=sponsored&k=web.1.1.18&uuid=arF001a06ee0e4537add&page_item_id=-252336888,Desarrollador Backend,jobrapido,2026-09-04T20:03:48.568892,,,,
5148661914460487680,"Desarrollador Backend Senior: Smalltalk, REST y APIs",Werben HR,Vicente López,,,https://open.app.jobrapido.com/ar/5148661914460487680/?w=desarrollador%20backend&l=&oc=sponsored&k=web.1.1.19&uuid=arF001a06ee0e4537add&page_item_id=-1018756733,Desarrollador Backend,jobrapido,2026-09-04T20:03:48.569371,,,,
9084348186763460608,Desarrollador/a Backend GO SSR ID #00267,Werben HR,Capital Federal,,,https://open.app.jobrapido.com/ar/9084348186763460608/?w=desarrollador%20backend&l=&oc=sponsored&k=web.1.2.5&uuid=arF001a06ee2bc897c06&page_item_id=2007740428,Desarrollador Backend,jobrapido,2026-09-04T20:05:49.345866,,,,
2002941185840119808,Desarrollador Backend (PL/SQL) Ssr - POSICIÓN CUBIERTA,Idearhumano,Córdoba,,,https://open.app.jobrapido.com/ar/2002941185840119808/?w=desarrollador%20backend&l=&oc=sponsored&k=web.1.2.6&uuid=arF001a06ee2bc897c06&page_item_id=-2084242945,Desarrollador Backend,jobrapido,2026-09-04T20:05:49.346373,,,,
5170388444613967872,Desarrollador BackEnd – PHP (Jr / Ssr / Sr) Presencial Córdoba-POSICIÓN CUBIERTA,Idearhumano,Córdoba,,,https://open.app.jobrapido.com/ar/5170388444613967872/?w=desarrollador%20backend&l=&oc=sponsored&k=web.1.2.7&uuid=arF001a06ee2bc897c06&page_item_id=-14475002,Desarrollador Backend,jobrapido,2026-09-04T20:05:49.346877,,,,
1869243191832608768,Senior Backend Architect & Tech Lead,Werben HR,Capital Federal,,,https://open.app.jobrapido.com/ar/1869243191832608768/?w=desarrollador%20backend&l=&oc=sponsored&k=web.1.2.8&uuid=arF001a06ee2bc897c06&page_item_id=-1678562280,Desarrollador Backend,jobrapido,2026-09-04T20:05:49.347369,,,,
8827045406253776896,Backend Senior Engineer: Lidera Arquitectura y Rendimiento,Werben HR,Capital Federal,,,https://open.app.jobrapido.com/ar/8827045406253776896/?w=desarrollador%20backend&l=&oc=sponsored&k=web.1.2.9&uuid=arF001a06ee2bc897c06&page_item_id=875569269,Desarrollador Backend,jobrapido,2026-09-04T20:05:49.347866,,,,
5941962852435755008,Senior Backend Engineer (Java) – End-to-End Ownership,Despegar,Capital Federal,,,https://open.app.jobrapido.com/ar/5941962852435755008/?w=desarrollador%20backend&l=&oc=sponsored&k=web.1.2.10&uuid=arF001a06ee2bc897c06&page_item_id=-2054962168,Desarrollador Backend,jobrapido,2026-09-04T20:05:49.348519,,,,
4573933906583093248,Dev Backend.Net Sr,Itps,Capital Federal,,,https://open.app.jobrapido.com/ar/4573933906583093248/?w=desarrollador%20backend&l=&oc=sponsored&k=web.1.2.11&uuid=arF001a06ee2bc897c06&page_item_id=1068439252,Desarrollador Backend,jobrapido,2026-09-04T20:05:49.349026,,,,
6917938215617822720,"Ingeniero Backend Node.js y TypeScript — Remoto, Freelance",Join Ready,Capital Federal,,,https://open.app.jobrapido.com/ar/6917938215617822720/?w=desarrollador%20backend&l=&oc=sponsored&k=web.1.2.12&uuid=arF001a06ee2bc897c06&page_item_id=-831144246,Desarrollador Backend,jobrapido,2026-09-04T20:05:49.349531,,,,
3444098933524004864,Senior Backend Go Engineer – Microservicios (Remoto),Talent Connect,Capital Federal,,,https://open.app.jobrapido.com/ar/3444098933524004864/?w=desarrollador%20backend&l=&oc=sponsored&k=web.1.2.13&uuid=arF001a06ee2bc897c06&page_item_id=-1396212654,Desarrollador Backend,jobrapido,2026-09-04T20:05:49.350027,,,,
8479408004536467456,"Senior .NET Backend Architect - Microservices, BFF & CQRS",Itps,Capital Federal,,,https://open.app.jobrapido.com/ar/8479408004536467456/?w=desarrollador%20backend&l=&oc=sponsored&k=web.1.2.14&uuid=arF001a06ee2bc897c06&page_item_id=-181940798,Desarrollador Backend,jobrapido,2026-09-04T20:05:49.350525,,,,
2515744982309011456,Desarrollador Java Full Stack Senior - Remoto,Coder Technologies Inc.,Remoto,,,https://open.app.jobrapido.com/ar/2515744982309011456/?w=desarrollador%20backend&l=&oc=sponsored&k=web.1.3.0&uuid=arF001a06ee3d43e7ca5&page_item_id=2127178254,Desarrollador Backend,jobrapido,2026-09-04T20:07:01.011375,,,,
2436465426532663296,Desarrollador Backend.NET Ssr,Bumeran Selecta,Capital Federal (Palermo),,,https://open.app.jobrapido.com/ar/2436465426532663296/?w=desarrollador%20backend&l=&oc=sponsored&k=web.1.3.1&uuid=arF001a06ee3d43e7ca5&page_item_id=940093010,Desarrollador Backend,jobrapido,2026-09-04T20:07:01.011951,,,,
2074232239884861440,SEO|ME - Desarrollador Ssr java + Drools,Huenei IT Services,Remoto,,,https://open.app.jobrapido.com/ar/2074232239884861440/?w=desarrollador%20backend&l=&oc=sponsored&k=web.1.3.2&uuid=arF001a06ee3d43e7ca5&page_item_id=-128223931,Desarrollador Backend,jobrapido,2026-09-04T20:07:01.012438,,,,
8580008576834076672,Senior Fullstack Developer,Puntorojo,Remoto,,,https://open.app.jobrapido.com/ar/8580008576834076672/?w=desarrollador%20backend&l=&oc=sponsored&k=web.1.3.3&uuid=arF001a06ee3d43e7ca5&page_item_id=-513719212,Desarrollador Backend,jobrapido,2026-09-04T20:07:01.012930,,,,
4682350237027663872,Fullstack Engineer - Backend Oriented,Jobtailor,Capital Federal,,,https://open.app.jobrapido.com/ar/4682350237027663872/?w=desarrollador%20backend&l=&oc=sponsored&k=web.1.3.4&uuid=arF001a06ee3d43e7ca5&page_item_id=1304922417,Desarrollador Backend,jobrapido,2026-09-04T20:07:01.013413,,,,
2055411744733396992,Líder de Desarrollo / Tech Lead de IA,CTL Information Technology,Capital Federal,,,https://open.app.jobrapido.com/ar/2055411744733396992/?w=desarrollador%20backend&l=&oc=sponsored&k=web.1.3.5&uuid=arF001a06ee3d43e7ca5&page_item_id=1803929775,Desarrollador Backend,jobrapido,2026-09-04T20:07:01.013903,,,,
3398290530331787264,Mobile iOS Developer - Semi Senior,Jobtailor,Capital Federal,,,https://open.app.jobrapido.com/ar/3398290530331787264/?w=desarrollador%20backend&l=&oc=sponsored&k=web.1.3.6&uuid=arF001a06ee3d43e7ca5&page_item_id=-1944802180,Desarrollador Backend,jobrapido,2026-09-04T20:07:01.014382,,,,
3098160320221282304,Desarrollador Backend.NET Sr,Bumeran Selecta,Capital Federal (Palermo),,,https://open.app.jobrapido.com/ar/3098160320221282304/?w=desarrollador%20backend&l=&oc=sponsored&k=web.1.3.7&uuid=arF001a06ee3d43e7ca5&page_item_id=1241533796,Desarrollador Backend,jobrapido,2026-09-04T20:07:01.014865,,,,
4091563397970132992,Technical Lead Backend Cripto,Ualá,Remoto,,,https://open.app.jobrapido.com/ar/4091563397970132992/?w=desarrollador%20backend&l=&oc=sponsored&k=web.1.3.8&uuid=arF001a06ee3d43e7ca5&page_item_id=92110457,Desarrollador Backend,jobrapido,2026-09-04T20:07:01.015343,,,,
4786139307146477568,Desarrollador Fullstack Senior,ITSM Consulting,Capital Federal,,,https://open.app.jobrapido.com/ar/4786139307146477568/?w=desarrollador%20backend&l=&oc=sponsored&k=web.1.3.9&uuid=arF001a06ee3d43e7ca5&page_item_id=1813206798,Desarrollador Backend,jobrapido,2026-09-04T20:07:01.015826,,,,
2873871278278705152,Desarrollador Fullstack Ssr,ITSM Consulting,Capital Federal,,,https://open.app.jobrapido.com/ar/2873871278278705152/?w=desarrollador%20backend&l=&oc=sponsored&k=web.1.3.10&uuid=arF001a06ee3d43e7ca5&page_item_id=1793037946,Desarrollador Backend,jobrapido,2026-09-04T20:07:01.016304,,,,
4110536965756026880,Fullstack Developer - Argentina,Puntorojo,Remoto,,,https://open.app.jobrapido.com/ar/4110536965756026880/?w=desarrollador%20backend&l=&oc=sponsored&k=web.1.3.11&uuid=arF001a06ee3d43e7ca5&page_item_id=263866058,Desarrollador Backend,jobrapido,2026-09-04T20:07:01.016785,,,,
2213916516359864320,Desarrollador/a Mobile React Native,Grupo Prominente,Capital Federal,,,https://open.app.jobrapido.com/ar/2213916516359864320/?w=desarrollador%20backend&l=&oc=sponsored&k=web.1.3.12&uuid=arF001a06ee3d43e7ca5&page_item_id=-1264374872,Desarrollador Backend,jobrapido,2026-09-04T20:07:01.017263,,,,
6011693381653102592,Desarrollador Full Stack .NET Semi Senior (100% Remote),Greencode Software,Capital Federal,,,https://open.app.jobrapido.com/ar/6011693381653102592/?w=desarrollador%20backend&l=&oc=sponsored&k=web.1.3.13&uuid=arF001a06ee3d43e7ca5&page_item_id=630482068,Desarrollador Backend,jobrapido,2026-09-04T20:07:01.017745,,,,
2556088262955368448,"iOS Developer (Semi-Senior) - SwiftUI, MVVM, REST | Hybrid",Jobtailor,Capital Federal,,,https://open.app.jobrapido.com/ar/2556088262955368448/?w=desarrollador%20backend&l=&oc=sponsored&k=web.1.3.14&uuid=arF001a06ee3d43e7ca5&page_item_id=-1397203677,Desarrollador Backend,jobrapido,2026-09-04T20:07:01.018224,,,,
2428424362991288320,React & React Native,Softion,Remoto,,,https://open.app.jobrapido.com/ar/2428424362991288320/?w=desarrollador%20backend&l=&oc=sponsored&k=web.1.3.15&uuid=arF001a06ee3d43e7ca5&page_item_id=1800461458,Desarrollador Backend,jobrapido,2026-09-04T20:07:01.018706,,,,
3629953163538202624,Desarrollador Backend.NET Senior,Megatlon,Olivos,,,https://open.app.jobrapido.com/ar/3629953163538202624/?w=desarrollador%20backend&l=&oc=sponsored&k=web.1.3.16&uuid=arF001a06ee3d43e7ca5&page_item_id=1630660278,Desarrollador Backend,jobrapido,2026-09-04T20:07:01.019182,,,,
7204169061154947072,Full Stack Engineer Sr,Accenture,Capital Federal,,,https://open.app.jobrapido.com/ar/7204169061154947072/?w=desarrollador%20backend&l=&oc=sponsored&k=web.1.3.17&uuid=arF001a06ee3d43e7ca5&page_item_id=-1519865031,Desarrollador Backend,jobrapido,2026-09-04T20:07:01.019663,,,,
5147002253197967360,Backend/Full-stack Developer,Carlo Ratti Associati,Jesús María,,,https://open.app.jobrapido.com/ar/5147002253197967360/?w=desarrollador%20backend&l=&oc=sponsored&k=web.1.3.18&uuid=arF001a06ee3d43e7ca5&page_item_id=951948722,Desarrollador Backend,jobrapido,2026-09-04T20:07:01.020142,,,,
7168737453568688128,Technical Lead Mobile Cripto,Ualá,Remoto,,,https://open.app.jobrapido.com/ar/7168737453568688128/?w=desarrollador%20backend&l=&oc=sponsored&k=web.1.3.19&uuid=arF001a06ee3d43e7ca5&page_item_id=-1766835862,Desarrollador Backend,jobrapido,2026-09-04T20:07:01.020628,,,,
5925343734181920768,Technical Lead Mobile Cripto,AlleyCorp,Remoto,,,https://open.app.jobrapido.com/ar/5925343734181920768/?w=desarrollador%20backend&l=&oc=sponsored&k=web.1.4.14&uuid=arF001a06ee5e8867e48&page_item_id=349070052,Desarrollador Backend,jobrapido,2026-09-04T20:09:17.288705,,,,
5785616490854088704,"Backend Developer (Senior) – Python / AWS / Terraform (Híbrido, CABA)",Talent Connect,Capital Federal,,,https://open.app.jobrapido.com/ar/5785616490854088704/?w=desarrollador%20backend&l=&oc=sponsored&k=web.1.5.1&uuid=arF001a06ee60d627e67&page_item_id=-1827665007,Desarrollador Backend,jobrapido,2026-09-04T20:09:26.967454,,,,
6284707685107499008,"Fullstack Developer SR – Node.js / React / TypeScript (Híbrido, CABA) | 176552",Talent Connect,Capital Federal,,,https://open.app.jobrapido.com/ar/6284707685107499008/?w=desarrollador%20backend&l=&oc=sponsored&k=web.1.5.2&uuid=arF001a06ee60d627e67&page_item_id=-1667508815,Desarrollador Backend,jobrapido,2026-09-04T20:09:26.967970,,,,
5237726324860125184,Desarrollador Fullstack (Senior) – React / Python (Híbrido),Talent Connect,Capital Federal,,,https://open.app.jobrapido.com/ar/5237726324860125184/?w=desarrollador%20backend&l=&oc=sponsored&k=web.1.5.3&uuid=arF001a06ee60d627e67&page_item_id=-285429125,Desarrollador Backend,jobrapido,2026-09-04T20:09:26.968466,,,,
3372088249118883840,Fullstack Developer (Laravel - Vue.js),Grupo Petersen,Capital Federal,,,https://open.app.jobrapido.com/ar/3372088249118883840/?w=desarrollador%20backend&l=&oc=sponsored&k=web.1.5.4&uuid=arF001a06ee60d627e67&page_item_id=1294657756,Desarrollador Backend,jobrapido,2026-09-04T20:09:26.968960,,,,
810454794689839104,Software Engineer (AI) Remoto Argentina ID #00318,Werben HR,Remoto,,,https://open.app.jobrapido.com/ar/810454794689839104/?w=desarrollador%20backend&l=&oc=sponsored&k=web.1.5.5&uuid=arF001a06ee60d627e67&page_item_id=968446192,Desarrollador Backend,jobrapido,2026-09-04T20:09:26.969449,,,,
335043559025541120,"Desarrollador Fullstack (Senior) – React / Java (Híbrido, CABA) | Ref. 183617-1",Talent Connect,Capital Federal,,,https://open.app.jobrapido.com/ar/335043559025541120/?w=desarrollador%20backend&l=&oc=sponsored&k=web.1.5.6&uuid=arF001a06ee60d627e67&page_item_id=-665142473,Desarrollador Backend,jobrapido,2026-09-04T20:09:26.969945,,,,
8999696838080593920,Desarrollador Java Fullstack SR – Spring Boot / REST APIs (Remoto) | 178353,Talent Connect,Capital Federal,,,https://open.app.jobrapido.com/ar/8999696838080593920/?w=desarrollador%20backend&l=&oc=sponsored&k=web.1.5.7&uuid=arF001a06ee60d627e67&page_item_id=1160226014,Desarrollador Backend,jobrapido,2026-09-04T20:09:26.970436,,,,
3947312471747854336,Desarrollador.NET Backend Semi Sr/Sr - Conocimiento normativas BCRA,Rocket Stars,Capital Federal,,,https://open.app.jobrapido.com/ar/3947312471747854336/?w=desarrollador%20backend&l=&oc=sponsored&k=web.1.5.8&uuid=arF001a06ee60d627e67&page_item_id=502005950,Desarrollador Backend,jobrapido,2026-09-04T20:09:26.970930,,,,
4859927738644955136,Desarrollador Fullstack (SR)– Node.js / Java Spring Boot / React | Ref. 185160,Talent Connect,Capital Federal,,,https://open.app.jobrapido.com/ar/4859927738644955136/?w=desarrollador%20backend&l=&oc=sponsored&k=web.1.5.9&uuid=arF001a06ee60d627e67&page_item_id=-1493026767,Desarrollador Backend,jobrapido,2026-09-04T20:09:26.971421,,,,
636375921892261888,Desarrollador/a Full Stack Senior - Next.js / React (Part-Time),Workana,Remoto,,,https://open.app.jobrapido.com/ar/636375921892261888/?w=desarrollador%20backend&l=&oc=sponsored&k=web.1.5.10&uuid=arF001a06ee60d627e67&page_item_id=-1245208569,Desarrollador Backend,jobrapido,2026-09-04T20:09:26.971914,,,,
3097622547366150144,Developer Java SR (IB-S),Itps,Capital Federal,,,https://open.app.jobrapido.com/ar/3097622547366150144/?w=desarrollador%20backend&l=&oc=sponsored&k=web.1.5.11&uuid=arF001a06ee60d627e67&page_item_id=880877945,Desarrollador Backend,jobrapido,2026-09-04T20:09:26.972400,,,,
8763300188841312256,Appian Developer (BPM) - Banking - España (Latam Talent),Talent Connect,Capital Federal,,,https://open.app.jobrapido.com/ar/8763300188841312256/?w=desarrollador%20backend&l=&oc=sponsored&k=web.1.5.12&uuid=arF001a06ee60d627e67&page_item_id=-1716070247,Desarrollador Backend,jobrapido,2026-09-04T20:09:26.972892,,,,
5041515451226521600,Desarrollador/a Backend Senior (Node.js/Nest.js),Coderio,Argentina,,,https://open.app.jobrapido.com/ar/5041515451226521600/?w=desarrollador%20backend&l=&oc=sponsored&k=web.1.5.13&uuid=arF001a06ee60d627e67&page_item_id=2145655120,Desarrollador Backend,jobrapido,2026-09-04T20:09:26.973380,,,,
1815739100599156736,Líder Técnico de Desarrollo- 5816806,Itps,Capital Federal,,,https://open.app.jobrapido.com/ar/1815739100599156736/?w=desarrollador%20backend&l=&oc=sponsored&k=web.1.5.14&uuid=arF001a06ee60d627e67&page_item_id=-916390813,Desarrollador Backend,jobrapido,2026-09-04T20:09:26.973871,,,,
9117792315413364736,Anuncios Google,NEO BIZ S. R. L.,Rosario,,,https://open.app.jobrapido.com/ar/9117792315413364736/?w=desarrollador%20full%20stack&l=&oc=sponsored&k=web.1.1.0&uuid=arF001a06ee78b077fcc&page_item_id=1092958275,Desarrollador Full Stack,jobrapido,2026-09-04T20:11:04.136287,,,,
6511218900179353600,Desarrollador Full Stack | AI & Automation,Experis Argentina,Avellaneda,,,https://open.app.jobrapido.com/ar/6511218900179353600/?w=desarrollador%20full%20stack&l=&oc=sponsored&k=web.1.1.2&uuid=arF001a06ee78b077fcc&page_item_id=1089340059,Desarrollador Full Stack,jobrapido,2026-09-04T20:11:04.137025,,,,
991599283826327552,Analista/Desarrollador Full Stack – Marketing Automation & Cloud (Freelance),OneInfoConsulting,Capital Federal,,,https://open.app.jobrapido.com/ar/991599283826327552/?w=desarrollador%20full%20stack&l=&oc=sponsored&k=web.1.1.5&uuid=arF001a06ee78b077fcc&page_item_id=325932454,Desarrollador Full Stack,jobrapido,2026-09-04T20:11:04.137851,,,,
6691943977169453056,Desarrollador Full Stack (SR) – Next.js / NestJS / Python / AWS (Híbrido),Talent Connect,Capital Federal,,,https://open.app.jobrapido.com/ar/6691943977169453056/?w=desarrollador%20full%20stack&l=&oc=sponsored&k=web.1.1.6&uuid=arF001a06ee78b077fcc&page_item_id=82726530,Desarrollador Full Stack,jobrapido,2026-09-04T20:11:04.138346,,,,
2941294259006865408,Desarrollador Java Full Stack (Senior) - (Remoto) | Ref. 191900-1,Talent Connect,Capital Federal,,,https://open.app.jobrapido.com/ar/2941294259006865408/?w=desarrollador%20full%20stack&l=&oc=sponsored&k=web.1.1.8&uuid=arF001a06ee78b077fcc&page_item_id=998049453,Desarrollador Full Stack,jobrapido,2026-09-04T20:11:04.138983,,,,
8666321820162457600,Desarrollador Full-Stack,Mediastream,Remoto,,,https://open.app.jobrapido.com/ar/8666321820162457600/?w=desarrollador%20full%20stack&l=&oc=sponsored&k=web.1.1.9&uuid=arF001a06ee78b077fcc&page_item_id=1877120550,Desarrollador Full Stack,jobrapido,2026-09-04T20:11:04.139469,,,,
7470300559258419200,Desarrollador Full-Stack Senior para Soluciones de Streaming,Mediastream,Remoto,,,https://open.app.jobrapido.com/ar/7470300559258419200/?w=desarrollador%20full%20stack&l=&oc=sponsored&k=web.1.1.10&uuid=arF001a06ee78b077fcc&page_item_id=-87825846,Desarrollador Full Stack,jobrapido,2026-09-04T20:11:04.139961,,,,
3041006477448839168,Desarrollador .NET Full Stack Semi Senior — Remoto,Greencode Software,Capital Federal,,,https://open.app.jobrapido.com/ar/3041006477448839168/?w=desarrollador%20full%20stack&l=&oc=sponsored&k=web.1.1.11&uuid=arF001a06ee78b077fcc&page_item_id=1642321295,Desarrollador Full Stack,jobrapido,2026-09-04T20:11:04.140449,,,,
7667870497983430656,Remote Fullstack Engineer: Java + React,Werben HR,Capital Federal,,,https://open.app.jobrapido.com/ar/7667870497983430656/?w=desarrollador%20full%20stack&l=&oc=sponsored&k=web.1.1.12&uuid=arF001a06ee78b077fcc&page_item_id=1670995131,Desarrollador Full Stack,jobrapido,2026-09-04T20:11:04.140942,,,,
1780539885103349760,Remote Azure Java Architect - Cloud Migration & Leadership,Werben HR,Capital Federal,,,https://open.app.jobrapido.com/ar/1780539885103349760/?w=desarrollador%20full%20stack&l=&oc=sponsored&k=web.1.1.13&uuid=arF001a06ee78b077fcc&page_item_id=61447356,Desarrollador Full Stack,jobrapido,2026-09-04T20:11:04.141426,,,,
3469064444544286720,Backend/Full-stack Developer,Carlo Ratti Associati,Córdoba,,,https://open.app.jobrapido.com/ar/3469064444544286720/?w=desarrollador%20full%20stack&l=&oc=sponsored&k=web.1.1.14&uuid=arF001a06ee78b077fcc&page_item_id=-1397875895,Desarrollador Full Stack,jobrapido,2026-09-04T20:11:04.141916,,,,
5826048952201379840,Full Stack Developer Sr.,Taynes Consultores,Capital Federal,,,https://open.app.jobrapido.com/ar/5826048952201379840/?w=desarrollador%20full%20stack&l=&oc=sponsored&k=web.1.2.1&uuid=arF001a06ee888a58091&page_item_id=1195986139,Desarrollador Full Stack,jobrapido,2026-09-04T20:12:09.287491,,,,
8129441029737676800,Full Stack Developer SSr.,Taynes Consultores,Capital Federal,,,https://open.app.jobrapido.com/ar/8129441029737676800/?w=desarrollador%20full%20stack&l=&oc=sponsored&k=web.1.2.2&uuid=arF001a06ee888a58091&page_item_id=-1870105524,Desarrollador Full Stack,jobrapido,2026-09-04T20:12:09.287999,,,,
948421032706834432,Desarrollador Ssr,GRUPO MULTI,Benavídez,,,https://open.app.jobrapido.com/ar/948421032706834432/?w=desarrollador%20full%20stack&l=&oc=sponsored&k=web.1.2.3&uuid=arF001a06ee888a58091&page_item_id=64899641,Desarrollador Full Stack,jobrapido,2026-09-04T20:12:09.288487,,,,
877574756885331968,Desarrollador de Software Semi senior– Node.js & TypeScript,Join ready,Capital Federal,,,https://open.app.jobrapido.com/ar/877574756885331968/?w=desarrollador%20full%20stack&l=&oc=sponsored&k=web.1.2.7&uuid=arF001a06ee888a58091&page_item_id=1965124243,Desarrollador Full Stack,jobrapido,2026-09-04T20:12:09.289387,,,,
8158055527792771072,Desarrollador de Software Semi senior– Node.js & TypeScript,Join ready,Capital Federal,,,https://open.app.jobrapido.com/ar/8158055527792771072/?w=desarrollador%20full%20stack&l=&oc=sponsored&k=web.1.2.8&uuid=arF001a06ee888a58091&page_item_id=-1922507042,Desarrollador Full Stack,jobrapido,2026-09-04T20:12:09.289878,,,,
4690936718465957888,Desarrollador/a Full Stack Semi-Senior,SEIDOR,Capital Federal,,,https://open.app.jobrapido.com/ar/4690936718465957888/?w=desarrollador%20full%20stack&l=&oc=sponsored&k=web.1.2.9&uuid=arF001a06ee888a58091&page_item_id=-594821588,Desarrollador Full Stack,jobrapido,2026-09-04T20:12:09.290363,,,,
5429244689024811008,DESARROLLADOR FULL STACK (PYTHON + ANGULAR + GO),Kruger NearShore LLC - Rekluti,Córdoba,,,https://open.app.jobrapido.com/ar/5429244689024811008/?w=desarrollador%20full%20stack&l=&oc=sponsored&k=web.1.2.10&uuid=arF001a06ee888a58091&page_item_id=-1371714477,Desarrollador Full Stack,jobrapido,2026-09-04T20:12:09.290879,,,,
5707795325582835712,Desarrollador Full Stack,Nubax,Vicente López,,,https://open.app.jobrapido.com/ar/5707795325582835712/?w=desarrollador%20full%20stack&l=&oc=sponsored&k=web.1.2.11&uuid=arF001a06ee888a58091&page_item_id=1179060042,Desarrollador Full Stack,jobrapido,2026-09-04T20:12:09.291365,,,,
8131189321945317376,Desarrollador Full Stack Senior — Liderazgo Técnico,Nubax,Vicente López,,,https://open.app.jobrapido.com/ar/8131189321945317376/?w=desarrollador%20full%20stack&l=&oc=sponsored&k=web.1.2.12&uuid=arF001a06ee888a58091&page_item_id=-1600623606,Desarrollador Full Stack,jobrapido,2026-09-04T20:12:09.291860,,,,
3762134733442514944,Fullstack Developer (Angular + Node.js) - Remote-First,Redbee Studios,Capital Federal,,,https://open.app.jobrapido.com/ar/3762134733442514944/?w=desarrollador%20full%20stack&l=&oc=sponsored&k=web.1.2.13&uuid=arF001a06ee888a58091&page_item_id=99087175,Desarrollador Full Stack,jobrapido,2026-09-04T20:12:09.292343,,,,
2576918905880576000,: Jefe de Desarrollo/ Desarrollador Senior .NET / Belgrano CABA,ADN - Recursos Humanos,Capital Federal,,,https://open.app.jobrapido.com/ar/2576918905880576000/?w=desarrollador%20full%20stack&l=&oc=sponsored&k=web.1.2.14&uuid=arF001a06ee888a58091&page_item_id=1341908493,Desarrollador Full Stack,jobrapido,2026-09-04T20:12:09.292830,,,,
2357274123744313344,Empleo: Desarrollador Full Stack - Rosario,N/A,Rosario,"Open or close the mobile menu Jobrapido Entrar Inscríbete Publica una oferta Ayuda Empresas Clear job input Profesión / Palabras clave Ofertas de trabajo para Desarrollador Full en Rosario ¿Qué trabajo estás buscando? Clear location input Localidad Búsqueda avanzada de empleo Relevancia Fecha [[distance.label]] [[d.text]] Close Localidad Gran Buenos Aires Capital Federal Córdoba Santa Fé Neuquén Rosario Mendoza Rincón De Los Sauces Gba Sur Mar Del Plata Búsquedas relacionadas Software Software Engineer Python Software Engineer Management Modelo Services Engineer Security Product Engineering Quality Engineer Product Engineer Vuelve a tus resultados: [[backlinkLabel]] Empleo: Desarrollador Full Stack - Rosario Rosario - Región Centro [[upButtonMessage]] full time www.goempleo.com 02 jul 2026 Empleo: Desarrollador Full Stack - Rosario: La descripción del trabajo.: Desarrollador Full Stack Rosario Rosario, Santa Fe · Hoy, 03:16 p. m. NeuralSoft 62 evaluaciones Enviar mi CV Desarrollador Full Stack - Rosario Enviar mi CV Sobre la oferta La empresaEvaluaciones Desarrollador Full Stack Rosario Rosario, Santa Fe · Hoy, 03:16 p. m. NeuralSoft 62 evaluaciones Enviar mi CV Desarrollador Full Stack - Rosario Enviar mi CV Sobre la oferta La empresaEvaluaciones Descripción de la oferta: » NeuralSoft se encuentra en la búsqueda de 10 programadores para importante proyecto internacional, con la tarea de desarrollar un lenguaje de programación de última generación, de dominio específico y con Inteligencia artificial Buscamos profesionales con una experiencia no menor a 5 años en algunas de las siguientes tecnologías: o Java, Javascript y/o Phyton o C++ o C# o Bases de datos SQL o Base de datos Elastic Search o similares o Desarrollo Mobile ( IOS y Android, nativos) o Deep Learning Es fundamental el compromiso y la pasión por el resultado y por el trabajo en equipo. Se ofrece importante plan de carrera con proyección internacional Requerimientos » Educación mínima: Terciario » Años de experiencia: 5 » Disponibilidad de Viajar: No » Disponibilidad de cambio de residencia: No Enviar mi CV Para ver datos de contacto envía tu cv Resumen del empleo » Desarrollador Full Stack » Rosario, Santa Fe » Empresa NeuralSoft Seguir Dejar de seguir Recibe notificaciones nuevas de NeuralSoft Contraseña incorrecta Obligatorio He leído y acepto las Condiciones Legales incluidas en el aviso legal y la política de privacidad Obligatorio Acepto recibir información ocasional sobre productos, servicios y eventos de DGNET y sus colaboradores Ver detalle legal Información básica de privacidad y contacto Responsable DGNET Ltd, registrada en Escocia n°189977, con domicilio en 10 York Place, Edimburgo EH1 3EP, Reino Unido y teléfono de Contáctenos: +44 131 473 1049. Finalidad Realizar una correcta gestión de los servicios a los que te suscribas. Legitimación Ejecución de un contrato, consentimiento, interés legítimo y cumplimiento de una obligación legal. Destinatarios Podrán acceder a tus datos los prestadores de servicios de DGNET Ltd, incluyendo otras empresas de su grupo. Únicamente se cederán datos por obligación legal. Derechos Tienes derecho a acceder, rectificar y suprimir los datos, así como otros derechos, cuyo detalle se incluye en nuestra Política de Privacidad completa. » Tipo de contrato Contrato por tiempo indeterminado » Jornada Jornada completa » Enviar mi CV Competencia/cualificación: Categorí­a del Empleo: [ Ver todos ] Requerimientos de Idioma: Tipo de Empleo: Sueldo: No especificado Titulación: Sin especificar Experiencia: No especificado Localización del Empleo: Otra Tipo de empresa Empleador Día de envío: 2026/08/06 / Viewed 850 times Información de Contacto Empresa: Ver más Ver menos [[downButtonMessage]] LinkedIn Twitter Facebook © 2026 Jobrapido | C.I.F: IT11876271005 Trabajos Empresas Condiciones del Servicio Política de Privacidad Ayuda Contacto",,https://ar.jobrapido.com/jobpreview/2357274123744313344?redirectTo=https%253A%252F%252Fwww.goempleo.com%252Fview.php%253Fjob_id%253D1266248&w=Python&p=2,Desarrollador Full Stack,jobrapido,2026-09-04T20:12:09.293340,,,,
4895336479825330176,Desarrollador Full Stack (Rosario),Grupo Gamma,Rosario,"Open or close the mobile menu Jobrapido Entrar Inscríbete Publica una oferta Ayuda Empresas Clear job input Profesión / Palabras clave Ofertas de trabajo para Desarrollador Full en Rosario ¿Qué trabajo estás buscando? Clear location input Localidad Búsqueda avanzada de empleo Relevancia Fecha [[distance.label]] [[d.text]] Close Localidad Gran Buenos Aires Capital Federal Córdoba Santa Fé Neuquén Rosario Mendoza Rincón De Los Sauces Gba Sur Mar Del Plata Búsquedas relacionadas Software Software Engineer Python Software Engineer Management Modelo Services Engineer Security Product Engineering Quality Engineer Product Engineer Vuelve a tus resultados: [[backlinkLabel]] Desarrollador Full Stack (Rosario) Rosario - Región Centro Grupo Gamma [[upButtonMessage]] full time www.kitempleo.com.ar 01 sep 2026 Nos encontramos en la búsqueda de un Desarrollador Full Stack para unirse a Grupo Gamma. Requisitos técnicos obligatorios: - Experiencia en desarrollo con Python. Se valorará especialmente el conocimiento del framework FastAPI. - Experiencia en desarrollo frontend con React. - Conocimientos en diseño, creación, integración y consumo de APIs REST. - Experiencia en diseño y utilización de bases de datos relacionales y consultas SQL. - Manejo de Git y plataformas de gestión de repositorios, como GitLab o Bitbucket. Responsabilidades: - Colaborar en el análisis, diseño, desarrollo e implementación de aplicaciones web adaptables a escritorio y dispositivos móviles. - Participar en el desarrollo e integración de soluciones backend y frontend. - Trabajar en conjunto con el equipo de Sistemas en la definición e implementación de soluciones técnicas. Requisitos educacionales y experiencia: - Experiencia comprobable trabajando con las tecnologías indicadas en los requisitos técnicos obligatorios. - Experiencia en desarrollo, mantenimiento y soporte de aplicaciones actualmente operativas en ambientes productivos. - Se valorará formación universitaria o terciaria en Sistemas, Informática o carreras relacionadas. Modalidad: - Contratación freelance. - Modalidad de trabajo remota de 6h diarias - Con disponibilidad para asistir presencialmente de manera eventual cuando la actividad lo requiera. Si considerás que sos la persona que estamos buscando, esperamos tu postulación LI-Onsite Ver más Ver menos [[downButtonMessage]] LinkedIn Twitter Facebook © 2026 Jobrapido | C.I.F: IT11876271005 Trabajos Empresas Condiciones del Servicio Política de Privacidad Ayuda Contacto",,https://ar.jobrapido.com/jobpreview/4895336479825330176?redirectTo=https%253A%252F%252Fwww.kitempleo.com.ar%252Fempleo%252F52963257%252Fdesarrollador-full-stack-rosario&w=Python&p=2,Desarrollador Full Stack,jobrapido,2026-09-04T20:12:09.293813,,,,
5605561067984912384,Desarrollador/a Full Stack PHP (Rosario),Neo-Biz Consultores,Rosario,"Open or close the mobile menu Jobrapido Entrar Inscríbete Publica una oferta Ayuda Empresas Clear job input Profesión / Palabras clave Ofertas de trabajo para Full Stack en Rosario ¿Qué trabajo estás buscando? Clear location input Localidad Búsqueda avanzada de empleo Relevancia Fecha [[distance.label]] [[d.text]] Close Localidad Gran Buenos Aires Capital Federal Córdoba Santa Fé Neuquén Rosario Mendoza Rincón De Los Sauces Gba Sur Mar Del Plata Búsquedas relacionadas Software Software Engineer Python Software Engineer Management Modelo Services Engineer Security Product Engineering Quality Engineer Product Engineer Vuelve a tus resultados: [[backlinkLabel]] Desarrollador/a Full Stack PHP (Rosario) Rosario - Región Centro Neo-Biz Consultores [[upButtonMessage]] other www.kitempleo.com.ar 30 ago 2026 Significativo empresa de la ciudad de Rosario se encuentra en la búsqueda de un/a Desarrollador/a Full Stack PHP para sumarse a su equipo de tecnología y participar activamente en la evolución de una plataforma web orientada a la gestión documental, compliance laboral y administración de contratistas. Buscamos una persona con capacidad analítica, orientación a la mejora continua y ganas de involucrarse en proyectos que combinan desarrollo de software, automatización e Inteligencia Artificial aplicada a procesos de negocio. Principales responsabilidades - Desarrollo, mantenimiento y optimización de aplicaciones web. - Implementación de nuevas funcionalidades sobre plataforma existente. - Integración con APIs y servicios de terceros. - Administración y monitoreo básico de servidores y entornos productivos. - Desarrollo e integración de soluciones basadas en Inteligencia Artificial para automatización de procesos, análisis documental y asistencia al usuario. - Participación en la evolución tecnológica de la plataforma incorporando nuevas herramientas y tecnologías. - Análisis y resolución de incidencias técnicas. - Colaboración en propuestas de mejora y evolución tecnológica del producto. Requisitos - Experiencia comprobable en desarrollo con PHP 8.x. - Conocimientos de Zend Framework 1. - Manejo de HTML5, CSS3, JavaScript y jQuery. - Experiencia en desarrollo y administración de WordPress. - Conocimientos en integración y consumo de APIs REST. - Manejo de bases de datos MySQL/MariaDB. - Conocimientos de administración básica de servidores. - Buenas prácticas de seguridad en aplicaciones web. - Manejo de Git. - Experiencia en integración de herramientas de Inteligencia Artificial mediante APIs (OpenAI, Claude, Gemini u otras similares). - Capacidad para desarrollar funcionalidades que incorporen automatización, procesamiento de información y asistentes basados en IA. Se valorará - Conocimientos de Laravel. - Experiencia con Docker. - Experiencia en modernización de sistemas legacy. - Capacidad para trabajar de forma autónoma y proponer mejoras. Modalida: Presencial - Lunes a Viernes full time 📍 Rosario, Santa Fe La empresa ofrece - Participación en un producto tecnológico con impacto directo en múltiples organizaciones. - Posibilidad de crecimiento y desarrollo profesional. - Excelente clima laboral. - Estabilidad y desafíos tecnológicos permanentes. Si te interesa formar parte de un proyecto en constante evolución y aportar tu experiencia en el desarrollo de soluciones innovadoras, esperamos tu postulación. Ver más Ver menos [[downButtonMessage]] LinkedIn Twitter Facebook © 2026 Jobrapido | C.I.F: IT11876271005 Trabajos Empresas Condiciones del Servicio Política de Privacidad Ayuda Contacto",,https://ar.jobrapido.com/jobpreview/5605561067984912384?redirectTo=https%253A%252F%252Fwww.kitempleo.com.ar%252Fempleo%252F52873762%252Fdesarrollador-a-full-stack-php-rosario&w=Python&p=2,Desarrollador Full Stack,jobrapido,2026-09-04T20:12:09.294283,,,,
2594915643484536832,Desarrollador/a Full Stack PHP (Rosario),NEO BIZ S. R. L.,Rosario,"Open or close the mobile menu Jobrapido Entrar Inscríbete Publica una oferta Ayuda Empresas Clear job input Profesión / Palabras clave Ofertas de trabajo para Full Stack en Rosario ¿Qué trabajo estás buscando? Clear location input Localidad Búsqueda avanzada de empleo Relevancia Fecha [[distance.label]] [[d.text]] Close Localidad Gran Buenos Aires Capital Federal Córdoba Santa Fé Neuquén Rosario Mendoza Rincón De Los Sauces Gba Sur Mar Del Plata Búsquedas relacionadas Software Software Engineer Python Software Engineer Management Modelo Services Engineer Security Product Engineering Quality Engineer Product Engineer Vuelve a tus resultados: [[backlinkLabel]] Desarrollador/a Full Stack PHP (Rosario) Rosario - Región Centro NEO BIZ S. R. L. [[upButtonMessage]] full time www.kitempleo.com.ar 16 ago 2026 Descripción del puesto Significativo empresa de la ciudad de Rosario se encuentra en la búsqueda de un/a Desarrollador/a Full Stack PHP para sumarse a su equipo de tecnología y participar activamente en la evolución de una plataforma web orientada a la gestión documental, compliance laboral y administración de contratistas. Buscamos una persona con capacidad analítica, orientación a la mejora continua y ganas de involucrarse en proyectos que combinan desarrollo de software, automatización e Inteligencia Artificial aplicada a procesos de negocio. Principales responsabilidades - Desarrollo, mantenimiento y optimización de aplicaciones web. - Implementación de nuevas funcionalidades sobre plataforma existente. - Integración con APIs y servicios de terceros. - Administración y monitoreo básico de servidores y entornos productivos. - Desarrollo e integración de soluciones basadas en Inteligencia Artificial para automatización de procesos, análisis documental y asistencia al usuario. - Participación en la evolución tecnológica de la plataforma incorporando nuevas herramientas y tecnologías. - Análisis y resolución de incidencias técnicas. - Colaboración en propuestas de mejora y evolución tecnológica del producto. Requisitos - Experiencia comprobable en desarrollo con PHP 8.x. - Conocimientos de Zend Framework 1. - Manejo de HTML5, CSS3, JavaScript y jQuery. - Experiencia en desarrollo y administración de WordPress. - Conocimientos en integración y consumo de APIs REST. - Manejo de bases de datos MySQL/MariaDB. - Conocimientos de administración básica de servidores. - Buenas prácticas de seguridad en aplicaciones web. - Manejo de Git. - Experiencia en integración de herramientas de Inteligencia Artificial mediante APIs (OpenAI, Claude, Gemini u otras similares). - Capacidad para desarrollar funcionalidades que incorporen automatización, procesamiento de información y asistentes basados en IA. Se valorará - Conocimientos de Laravel. - Experiencia con Docker. - Experienci Ver más Ver menos [[downButtonMessage]] LinkedIn Twitter Facebook © 2026 Jobrapido | C.I.F: IT11876271005 Trabajos Empresas Condiciones del Servicio Política de Privacidad Ayuda Contacto",,https://ar.jobrapido.com/jobpreview/2594915643484536832?redirectTo=https%253A%252F%252Fwww.kitempleo.com.ar%252Fempleo%252F52341904%252Fdesarrollador-a-full-stack-php-rosario&w=Python&p=2,Desarrollador Full Stack,jobrapido,2026-09-04T20:12:09.294759,,,,
8358661424280502272,Desarrollador Full Stack SSR Proyecto en Munro,Yel,"Capital Federal, Vicente López","Open or close the mobile menu Jobrapido Entrar Inscríbete Publica una oferta Ayuda Empresas Clear job input Profesión / Palabras clave Ofertas de trabajo para Desarrollador Full en Departamento Federal ¿Qué trabajo estás buscando? Clear location input Localidad Búsqueda avanzada de empleo Relevancia Fecha [[distance.label]] [[d.text]] Close Localidad Gran Buenos Aires Capital Federal Córdoba Santa Fé Neuquén Rosario Mendoza Rincón De Los Sauces Gba Sur Mar Del Plata Búsquedas relacionadas Software Software Engineer Python Software Engineer Management Modelo Services Engineer Security Product Engineering Quality Engineer Product Engineer Vuelve a tus resultados: [[backlinkLabel]] Desarrollador Full Stack SSR Proyecto en Munro Capital Federal - Provincia De Buenos Aires, Vicente López - Provincia De Buenos Aires Yel [[upButtonMessage]] full time www.sherlockhr.com 20 ago 2026 En Yel buscamos un/a Desarrollador/a Full Stack Semi Senior, orientado a backend, para sumarse a un proyecto de construcción de una plataforma de interoperabilidad semántica en el ecosistema de salud. ¿Qué vas a hacer? Vas a trabajar sobre componentes ya definidos por un Arquitecto de Software / Sr Developer, implementando APIs, procesos batch, persistencia de datos, UI de curaduría, tests y documentación operativa. El diseño arquitectónico y funcional no corre por tu cuenta: tu foco es ejecutar con calidad, respetar contratos técnicos y trabajar con revisión técnica frecuente. Conocimientos excluyentes Dominio de Python. Experiencia con Docker. Manejo de Linux. Experiencia en desarrollo e integración de API REST. Stack principal: Python FastAPI Docker PostgreSQL Redis Elasticsearch React TypeScript Deseable (no excluyente): SQL Workers / procesamiento asincrónico Almacenamiento tipo S3/MinIO Nociones de búsqueda/IA SNOMED, FHIR o Snowstorm (valorado, no obligatorio) Modalidad: Hibrido - Oficinas en Munro, Zona Norte Bs As. martes y jueves Seniority: SSR (o Junior avanzado con perfil backend) Es un poryecto de aprox 4 meses con posibilidad de una contratacion indeterminada. 🎁 Beneficios Yel Plan de salud corporativo cerrado y exclusivo. Sin cargo para vos y grupo familiar directo. Plataforma de beneficios y descuentos corporativos (Cursos y certificaciones, idiomas, gimnasios, gastronomía, indumentaria y otros) Días libres adicionales Obsequios por días especiales Programa de referidos Ver más Ver menos [[downButtonMessage]] LinkedIn Twitter Facebook © 2026 Jobrapido | C.I.F: IT11876271005 Trabajos Empresas Condiciones del Servicio Política de Privacidad Ayuda Contacto",,https://ar.jobrapido.com/jobpreview/8358661424280502272?redirectTo=https%253A%252F%252Fyel.pandape.computrabajo.com%252FDetail%252F13353959%253Fov%253D6%2526utm_source%253Djobrapido%2526utm_medium%253Dreferral%2526utm_campaign%253Dfeed%2526utm_term%253Dorganic%2526utm_content%253Dats&w=Python&p=2,Desarrollador Full Stack,jobrapido,2026-09-04T20:12:09.295233,,,,
8660515161817219072,Desarrollador Full Stack .Net Semi Senior (100% Remote) (Rosario),Greencode Software,Rosario,"Open or close the mobile menu Jobrapido Entrar Inscríbete Publica una oferta Ayuda Empresas Clear job input Profesión / Palabras clave Ofertas de trabajo para Desarrollador Full en Rosario ¿Qué trabajo estás buscando? Clear location input Localidad Búsqueda avanzada de empleo Relevancia Fecha [[distance.label]] [[d.text]] Close Localidad Gran Buenos Aires Capital Federal Córdoba Santa Fé Neuquén Rosario Mendoza Rincón De Los Sauces Gba Sur Mar Del Plata Búsquedas relacionadas Software Software Engineer Python Software Engineer Management Modelo Services Engineer Security Product Engineering Quality Engineer Product Engineer Vuelve a tus resultados: [[backlinkLabel]] Desarrollador Full Stack .Net Semi Senior (100% Remote) (Rosario) Rosario - Región Centro Greencode Software [[upButtonMessage]] full time www.kitempleo.com.ar 21 ago 2026 ¡Estamos buscando un/a FullStack Developer . Net para sumarse a nuestro equipo en Green Code Software! En Green Code Software, una software factory nacida en ****, trabajamos con empresas de Argentina y EE.UU. acompañándolas en sus procesos de transformación digital. Somos un equipo en crecimiento constante que prioriza la colaboración, la innovación y el aprendizaje continuo como pilares clave para construir soluciones que marcan la diferencia. Hoy queremos sumar a alguien que tenga ganas de dejar huella en los proyectos, crecer con nosotros y aportar ideas que mejoren la calidad y velocidad de lo que hacemos. ¿Te copa el desafío? El Desafío Construirás una plataforma integral que: Ingesta datos de múltiples fuentes: partners estratégicos, datasets públicos y datasets adquiridos Gestiona la gobernanza y trazabilidad completa del ciclo de vida de los datos Transforma y procesa datos hasta convertirlos en productos comercializables de alta calidad Asegura la calidad mediante procesos automatizados de validación y control Stack Tecnológico Backend & APIs C# / . NET SQL Server Docker / Docker-Compose Integración con schedulers (tipo Airflow) Procesamiento de datos en Python Frontend React Next.js Testing & DevOps Cypress (UI Testing) Locust (Stress Testing) AWS Cloud Infrastructure Metodología Desarrollo por hitos con entregas programadas Enfoque ágil orientado a resultados Lo que Buscamos Experiencia Técnica 2-3 años de experiencia en desarrollo Full Stack Sólido conocimiento en C# y . NET Experiencia con React y JavaScript moderno Manejo de SQL Server Experiencia con APIs RESTful Perfil Adecuado Desarrollador proactivo que disfrute construir sistemas desde cero Orientación a resultados y cumplimiento de deadlines Experiencia en proyectos de datos (deseable) Conocimiento en testing automatizado Familiaridad con metodologías ágiles ¿Por qué sumarte a Green Code? Salario competitivo acorde al mercado y la posibilidad de revisión periódica. Clases de inglés . 100% remota Horarios flexibles para que organices tu tiempo. Un equipo cercano, horizontal y con ganas de compartir conocimiento. Proyectos con impacto real, donde vas a poder proponer y tomar decisiones técnicas. Ubicación Estamos en Buenos Aires, pero el equipo es remoto y distribuido. ¡Podés sumarte desde cualquier parte del país! ¿Querés ser parte de un equipo con mentalidad ágil, cultura de aprendizaje y enfoque real en el bienestar de las personas? Postulate y conversemos. #J-*****-Ljbffr Ver más Ver menos [[downButtonMessage]] LinkedIn Twitter Facebook © 2026 Jobrapido | C.I.F: IT11876271005 Trabajos Empresas Condiciones del Servicio Política de Privacidad Ayuda Contacto",,https://ar.jobrapido.com/jobpreview/8660515161817219072?redirectTo=https%253A%252F%252Fwww.kitempleo.com.ar%252Fempleo%252F52607699%252Fdesarrollador-full-stack-net-semi-senior-100-remote-rosario&w=Python&p=3,Desarrollador Full Stack,jobrapido,2026-09-04T20:13:58.714901,,,,
88579454904827904,Desarrollador Full Stack,Workmate SA,Remoto,"Jobrapido Publica una oferta Ayuda Empresas Entrar Inscríbete Profesión / Palabras clave Localidad Ofertas de trabajo para Desarrollador Full en Remoto Trabajos > Desarrollador Full > Remoto Localidad Gran Buenos Aires Capital Federal Córdoba Santa Fé Neuquén Rosario Mendoza Rincón De Los Sauces Gba Sur Mar Del Plata Búsquedas relacionadas Software Software Engineer Python Software Engineer Management Modelo Services Engineer Security Product Engineering Quality Engineer Product Engineer Vuelve a tus resultados: [[backlinkLabel]] Desarrollador Full Stack Remoto - Remoto Workmate SA [[upButtonMessage]] full time Publicado enwww.remoteandtalent-je.com 20 jul 2026 At Remote and Talent , we are looking for a talented Semi Senior Full Stack Developer to join Workmate, a company building innovative, high-impact technology solutions for the mining industry across Latin America. You will work remotely with a team focused on creating scalable applications that improve operational efficiency for leading clients in the sector. In this role, you will contribute across the full development lifecycle—from analyzing business needs and designing automated solutions to development, deployment, and continuous improvement. We are looking for someone with strong hands-on experience in TypeScript, NestJS, Angular, PostgreSQL, and AWS, who enjoys solving real-world challenges and delivering high-quality software in an agile environment. Ver más Ver menos [[downButtonMessage]] LinkedIn Twitter Facebook © 2026 Jobrapido | C.I.F: IT11876271005 Trabajos Empresas Condiciones del Servicio Política de Privacidad Ayuda Contacto",,https://ar.jobrapido.com/jobpreview/88579454904827904?redirectTo=https%253A%252F%252Fremoteandtalent.com%252Fdevelopment%252Fdesarrollador-full-stack-workmate-sa-7884%253Futm_source%253Djobrapido%2526utm_campaign%253Dfeed&w=Python&p=3,Desarrollador Full Stack,jobrapido,2026-09-04T20:13:58.715431,,,,
5499717130892869632,Desarrollador .Net Full Stack Semi Senior — Remoto (Rosario),Greencode Software,Rosario,"Jobrapido Publica una oferta Ayuda Empresas Entrar Inscríbete Profesión / Palabras clave Localidad Ofertas de trabajo para Desarrollador Full en Rosario Trabajos > Desarrollador Full > Rosario Localidad Gran Buenos Aires Capital Federal Córdoba Santa Fé Neuquén Rosario Mendoza Rincón De Los Sauces Gba Sur Mar Del Plata Búsquedas relacionadas Software Software Engineer Python Software Engineer Management Modelo Services Engineer Security Product Engineering Quality Engineer Product Engineer Vuelve a tus resultados: [[backlinkLabel]] Desarrollador .Net Full Stack Semi Senior — Remoto (Rosario) Rosario - Región Centro Greencode Software [[upButtonMessage]] full time Publicado enwww.kitempleo.com.ar 01 sep 2026 Una empresa de software busca un/a FullStack Developer . Net para unirse a su equipo en Buenos Aires. El rol implica construir plataformas, gestionar datos y asegurar la calidad mediante automatización. Se requiere experiencia en C#, . NET, React y APIs RESTful, con un enfoque en resultados y cumplimiento de deadlines. Ofrecemos un remuneración competitiva, trabajo 100% remoto, y un ambiente colaborativo con horarios flexibles. ¡Postulate y sé parte de un equipo que valora el aprendizaje y bienestar! #J-*****-Ljbffr Ver más Ver menos [[downButtonMessage]] LinkedIn Twitter Facebook © 2026 Jobrapido | C.I.F: IT11876271005 Trabajos Empresas Condiciones del Servicio Política de Privacidad Ayuda Contacto",,https://ar.jobrapido.com/jobpreview/5499717130892869632?redirectTo=https%253A%252F%252Fwww.kitempleo.com.ar%252Fempleo%252F53013155%252Fdesarrollador-net-full-stack-semi-senior-remoto-rosario&w=Python&p=3,Desarrollador Full Stack,jobrapido,2026-09-04T20:13:58.715919,,,,
1820072825680035840,Desarrollador/a Backend Rosario (Argentina),Importante empresa,Rosario,"Jobrapido Publica una oferta Ayuda Empresas Entrar Inscríbete Profesión / Palabras clave Localidad Ofertas de trabajo para Backend Rosario en Rosario Trabajos > Backend Rosario > Rosario Localidad Gran Buenos Aires Capital Federal Córdoba Santa Fé Neuquén Rosario Mendoza Rincón De Los Sauces Gba Sur Mar Del Plata Búsquedas relacionadas Software Software Engineer Python Software Engineer Management Modelo Services Engineer Security Product Engineering Quality Engineer Product Engineer Vuelve a tus resultados: [[backlinkLabel]] Desarrollador/a Backend Rosario (Argentina) Rosario - Región Centro Importante empresa [[upButtonMessage]] full time Publicado enwww.kitempleo.com.ar 01 sep 2026 Estamos buscando un/a Desarrollador/a de Software Semi Senior que quiera sumarse al equipo de Data & Platforms de una reconocida empresa Agtech, con foco inicial en backend, datos e infraestructura ¿Cuales seran tus principales desafios? Diseñar, desarrollar y mantener servicios backend en Python, priorizando codigo limpio, testeable y performante Construir e integrar pipelines de datos y servicios sobre AWS (S3, DynamoDB, Elasticsearch, entre otros) Contenerizar aplicaciones con Docker y colaborar en su despliegue y operacion en AWS Participar en decisiones de arquitectura de datos y servicios junto al equipo Diagnosticar y resolver incidentes de produccion, y colaborar con Producto y Data para traducir requerimientos en soluciones tecnicas Ir incorporando gradualmente trabajo en frontend/full-stack segun necesidad del equipo ? Desarrollador/a Backend (Rosario) ? Findme ? Rosario Ver más Ver menos [[downButtonMessage]] LinkedIn Twitter Facebook © 2026 Jobrapido | C.I.F: IT11876271005 Trabajos Empresas Condiciones del Servicio Política de Privacidad Ayuda Contacto",,https://ar.jobrapido.com/jobpreview/1820072825680035840?redirectTo=https%253A%252F%252Fwww.kitempleo.com.ar%252Fempleo%252F52937201%252Fdesarrollador-a-backend-rosario-argentina&w=Python&p=3,Desarrollador Full Stack,jobrapido,2026-09-04T20:13:58.716392,,,,
4036456613920374784,Desarrollador/a Backend Rosario (Argentina),Importante grupo,Rosario,"Open or close the mobile menu Jobrapido Entrar Inscríbete Publica una oferta Ayuda Empresas Clear job input Profesión / Palabras clave Ofertas de trabajo para Backend Rosario en Rosario ¿Qué trabajo estás buscando? Clear location input Localidad Búsqueda avanzada de empleo Relevancia Fecha [[distance.label]] [[d.text]] Close Localidad Gran Buenos Aires Capital Federal Córdoba Santa Fé Neuquén Rosario Mendoza Rincón De Los Sauces Gba Sur Mar Del Plata Búsquedas relacionadas Software Software Engineer Python Software Engineer Management Modelo Services Engineer Security Product Engineering Quality Engineer Product Engineer Vuelve a tus resultados: [[backlinkLabel]] Desarrollador/a Backend Rosario (Argentina) Rosario - Región Centro Importante grupo [[upButtonMessage]] full time www.kitempleo.com.ar 30 ago 2026 Estamos buscando un/a Desarrollador/a de Software Semi Senior que quiera sumarse al equipo de Data & Platforms de una reconocida empresa Agtech, con foco inicial en backend, datos e infraestructura ¿Cuales seran tus principales desafios? Diseñar, desarrollar y mantener servicios backend en Python, priorizando codigo limpio, testeable y performante Construir e integrar pipelines de datos y servicios sobre AWS (S3, DynamoDB, Elasticsearch, entre otros) Contenerizar aplicaciones con Docker y colaborar en su despliegue y operacion en AWS Participar en decisiones de arquitectura de datos y servicios junto al equipo Diagnosticar y resolver incidentes de produccion, y colaborar con Producto y Data para traducir requerimientos en soluciones tecnicas Ir incorporando gradualmente trabajo en frontend/full-stack segun necesidad del equipo ? Desarrollador/a Backend (Rosario) ? Findme ? Rosario Ver más Ver menos [[downButtonMessage]] LinkedIn Twitter Facebook © 2026 Jobrapido | C.I.F: IT11876271005 Trabajos Empresas Condiciones del Servicio Política de Privacidad Ayuda Contacto",,https://ar.jobrapido.com/jobpreview/4036456613920374784?redirectTo=https%253A%252F%252Fwww.kitempleo.com.ar%252Fempleo%252F52884823%252Fdesarrollador-a-backend-rosario-argentina&w=Python&p=3,Desarrollador Full Stack,jobrapido,2026-09-04T20:13:58.716863,,,,
2080742087455670272,Desarrollador/A Backend (Rosario),Empresa líder,Rosario,"Jobrapido Publica una oferta Ayuda Empresas Entrar Inscríbete Profesión / Palabras clave Localidad Ofertas de trabajo para Backend en Rosario Trabajos > Backend > Rosario Localidad Gran Buenos Aires Capital Federal Córdoba Santa Fé Neuquén Rosario Mendoza Rincón De Los Sauces Gba Sur Mar Del Plata Búsquedas relacionadas Software Software Engineer Python Software Engineer Management Modelo Services Engineer Security Product Engineering Quality Engineer Product Engineer Vuelve a tus resultados: [[backlinkLabel]] Desarrollador/A Backend (Rosario) Rosario - Región Centro Empresa líder [[upButtonMessage]] full time Publicado enwww.kitempleo.com.ar 30 ago 2026 Estamos buscando un/a Desarrollador/a de Software Semi Senior que quiera sumarse al equipo de Data & Platforms de una reconocida empresa Agtech, con foco inicial en backend, datos e infraestructura ¿Cuales seran tus principales desafios? - Diseñar, desarrollar y mantener servicios backend en Python, priorizando codigo limpio, testeable y performante - Construir e integrar pipelines de datos y servicios sobre AWS (S3, DynamoDB, Elasticsearch, entre otros) - Contenerizar aplicaciones con Docker y colaborar en su despliegue y operacion en AWS - Participar en decisiones de arquitectura de datos y servicios junto al equipo - Diagnosticar y resolver incidentes de produccion, y colaborar con Producto y Data para traducir requerimientos en soluciones tecnicas - Ir incorporando gradualmente trabajo en frontend/full-stack segun necesidad del equipo ? Desarrollador/a Backend (Rosario) ? Findme ? Rosario Ver más Ver menos [[downButtonMessage]] LinkedIn Twitter Facebook © 2026 Jobrapido | C.I.F: IT11876271005 Trabajos Empresas Condiciones del Servicio Política de Privacidad Ayuda Contacto",,https://ar.jobrapido.com/jobpreview/2080742087455670272?redirectTo=https%253A%252F%252Fwww.kitempleo.com.ar%252Fempleo%252F52859630%252Fdesarrollador-a-backend-rosario&w=Python&p=3,Desarrollador Full Stack,jobrapido,2026-09-04T20:13:58.717328,,,,
7366383653733007360,Desarrollador/A Backend (Rosario),Importante grupo,Rosario,"Jobrapido Publica una oferta Ayuda Empresas Entrar Inscríbete Profesión / Palabras clave Localidad Ofertas de trabajo para Backend en Rosario Trabajos > Backend > Rosario Localidad Gran Buenos Aires Capital Federal Córdoba Santa Fé Neuquén Rosario Mendoza Rincón De Los Sauces Gba Sur Mar Del Plata Búsquedas relacionadas Software Software Engineer Python Software Engineer Management Modelo Services Engineer Security Product Engineering Quality Engineer Product Engineer Vuelve a tus resultados: [[backlinkLabel]] Desarrollador/A Backend (Rosario) Rosario - Región Centro Importante grupo [[upButtonMessage]] full time Publicado enwww.kitempleo.com.ar 28 ago 2026 Estamos buscando un/a Desarrollador/a de Software Semi Senior que quiera sumarse al equipo de Data & Platforms de una reconocida empresa Agtech, con foco inicial en backend, datos e infraestructura ¿Cuales seran tus principales desafios? - Diseñar, desarrollar y mantener servicios backend en Python, priorizando codigo limpio, testeable y performante - Construir e integrar pipelines de datos y servicios sobre AWS (S3, DynamoDB, Elasticsearch, entre otros) - Contenerizar aplicaciones con Docker y colaborar en su despliegue y operacion en AWS - Participar en decisiones de arquitectura de datos y servicios junto al equipo - Diagnosticar y resolver incidentes de produccion, y colaborar con Producto y Data para traducir requerimientos en soluciones tecnicas - Ir incorporando gradualmente trabajo en frontend/full-stack segun necesidad del equipo ? Desarrollador/a Backend (Rosario) ? Findme ? Rosario Ver más Ver menos [[downButtonMessage]] LinkedIn Twitter Facebook © 2026 Jobrapido | C.I.F: IT11876271005 Trabajos Empresas Condiciones del Servicio Política de Privacidad Ayuda Contacto",,https://ar.jobrapido.com/jobpreview/7366383653733007360?redirectTo=https%253A%252F%252Fwww.kitempleo.com.ar%252Fempleo%252F52835223%252Fdesarrollador-a-backend-rosario&w=Python&p=3,Desarrollador Full Stack,jobrapido,2026-09-04T20:13:58.717799,,,,
4036120713118089216,Desarrollador/a Backend (Rosario),Findme,Rosario,"Jobrapido Publica una oferta Ayuda Empresas Entrar Inscríbete Profesión / Palabras clave Localidad Ofertas de trabajo para Backend en Rosario Trabajos > Backend > Rosario Localidad Gran Buenos Aires Capital Federal Córdoba Santa Fé Neuquén Rosario Mendoza Rincón De Los Sauces Gba Sur Mar Del Plata Búsquedas relacionadas Software Software Engineer Python Software Engineer Management Modelo Services Engineer Security Product Engineering Quality Engineer Product Engineer Vuelve a tus resultados: [[backlinkLabel]] Desarrollador/a Backend (Rosario) Rosario - Región Centro Findme [[upButtonMessage]] full time Publicado enwww.kitempleo.com.ar 13 ago 2026 Estamos buscando un/a Desarrollador/a de Software Semi Senior que quiera sumarse al equipo de Data & Platforms de una reconocida empresa Agtech, con foco inicial en backend, datos e infraestructura ¿Cuáles serán tus principales desafíos? - Diseñar, desarrollar y mantener servicios backend en Python, priorizando código limpio, testeable y performante - Construir e integrar pipelines de datos y servicios sobre AWS (S3, DynamoDB, Elasticsearch, entre otros) - Contenerizar aplicaciones con Docker y colaborar en su despliegue y operación en AWS - Participar en decisiones de arquitectura de datos y servicios junto al equipo - Diagnosticar y resolver incidentes de producción, y colaborar con Producto y Data para traducir requerimientos en soluciones técnicas - Ir incorporando gradualmente trabajo en frontend/full-stack según necesidad del equipo Required Skill Profession Computer Occupations Ver más Ver menos [[downButtonMessage]] LinkedIn Twitter Facebook © 2026 Jobrapido | C.I.F: IT11876271005 Trabajos Empresas Condiciones del Servicio Política de Privacidad Ayuda Contacto",,https://ar.jobrapido.com/jobpreview/4036120713118089216?redirectTo=https%253A%252F%252Fwww.kitempleo.com.ar%252Fempleo%252F52439023%252Fdesarrollador-a-backend-rosario&w=Python&p=3,Desarrollador Full Stack,jobrapido,2026-09-04T20:13:58.718263,,,,
2073912385080393728,Oferta de empleo: Desarrollador JAVA Importante Fintech SSR o SR - Zona Rosario Centro,N/A,Rosario,"Open or close the mobile menu Jobrapido Entrar Inscríbete Publica una oferta Ayuda Empresas Clear job input Profesión / Palabras clave Ofertas de trabajo para Oferta De en Rosario ¿Qué trabajo estás buscando? Clear location input Localidad Búsqueda avanzada de empleo Relevancia Fecha [[distance.label]] [[d.text]] Close Localidad Gran Buenos Aires Capital Federal Córdoba Santa Fé Neuquén Rosario Mendoza Rincón De Los Sauces Gba Sur Mar Del Plata Búsquedas relacionadas Software Software Engineer Python Software Engineer Management Modelo Services Engineer Security Product Engineering Quality Engineer Product Engineer Vuelve a tus resultados: [[backlinkLabel]] Oferta de empleo: Desarrollador JAVA Importante Fintech SSR o SR - Zona Rosario Centro Rosario - Región Centro [[upButtonMessage]] full time www.goempleo.com 09 jul 2026 Oferta de empleo: Desarrollador JAVA Importante Fintech SSR o SR - Zona Rosario Centro: La descripción del trabajo.: Desarrollador JAVA Importante Fintech SSR o SR Zona Rosario Centro Rosario, Santa Fe · Hoy, 09:42 a. m. (actualizada) SMART HUNTERS Este sello certifica que los datos y actividad de esta empresa han sido verificado meticulosamente por parte de goempleo Enviar mi CV Desarrollador JAVA Importante Fintech SSR o SR - Zona Rosario Centro Enviar mi CV Sobre la oferta La empresa Desarrollador JAVA Importante Fintech SSR o SR Zona Rosario Centro Rosario, Santa Fe · Hoy, 09:42 a. m. (actualizada) SMART HUNTERS Este sello certifica que los datos y actividad de esta empresa han sido verificado meticulosamente por parte de goempleo Enviar mi CV Desarrollador JAVA Importante Fintech SSR o SR - Zona Rosario Centro Enviar mi CV Sobre la oferta La empresa Descripción de la oferta: » Para importante Fintech cuya actividad principal es el desarrollo y comercialización de servicios informáticos para participantes del mercado de capitales -fundamentalmente, servicio de back office para Agentes de Negociación y Agentes de Liquidación y Compensación registrados ante la Comisión Nacional de Valores- estamos en búsqueda de Developers Fullstack para formar parte de su equipo de Sistemas. # Desarrollador Full Stack Buscamos desarrolladores full stack, con sólida formación en análisis, diseño y programación de sistemas (ingeniería y carreras afines). Perfiles: Semi Senior (de 2 a 6 años de experiencia). Stack tecnológico: Java, Hibernate, Vaadin, GIT. Valoramos: conocimientos de programación funcional, trabajo en equipo, sentido de la responsabilidad, utilización de metodologías ágiles e interés en la investigación y aprendizaje de nuevos lenguajes de programación / frameworks. Además de poseer formación sólida en técnicas de análisis, relevamiento y diseño de sistemas. Conocimientos requeridos: Java Hibernate / JPA Spring Framework Javascript / Typescript SVN/GIT Bases de datos relacionales: Postgresql, Oracle, MySql. POO (conocimientos sólidos) y patrones de diseño. Las condiciones de contratación son: Horario: lunes a viernes, de 10 a 19. Lugar del puesto Edificio Torre de la Bolsa de Comercio de Rosario (centro de Rosario). Beneficios adicionales: 1) cobertura médica en favor del empleado con SWISS MEDICAL en plan a definir por empresa; 2) Crédito en Almuerzo por valor de $2.500; 3) Refrigerios diversos sin costo; y 4) Acuerdo con Gimnasio. Requerimientos » Educación mínima: Universitario » Años de experiencia: 3 » Disponibilidad de Viajar: No » Disponibilidad de cambio de residencia: No » Enviar mi CV Resumen del empleo » Desarrollador JAVA Importante Fintech SSR o SR » Rosario, Santa Fe » Empresa SMART HUNTERS Seguir Dejar de seguir Recibe notificaciones nuevas de SMART HUNTERS Contraseña incorrecta Obligatorio He leído y acepto las Condiciones Legales incluidas en el aviso legal y la política de privacidad Obligatorio Acepto recibir información ocasional sobre productos, servicios y eventos de DGNET y sus colaboradores Ver detalle legal Información básica de privacidad y contacto Responsable DGNET Ltd, registrada en Escocia n°189977, con domicilio en 10 York Place, Edimburgo EH1 3EP, Reino Unido y teléfono de Contáctenos: +44 131 473 1049. Finalidad Realizar una correcta gestión de los servicios a los que te suscribas. Legitimación Ejecución de un contrato, consentimiento, interés legítimo y cumplimiento de una obligación legal. Destinatarios Podrán acceder a tus datos los prestadores de servicios de DGNET Ltd, incluyendo otras empresas de su grupo. Únicamente se cederán datos por obligación legal. Derechos Tienes derecho a acceder, rectificar y suprimir los datos, así como otros derechos, cuyo detalle se incluye en nuestra Política de Privacidad completa. » Tipo de contrato Contrato por tiempo indeterminado » Jornada Jornada completa » Enviar mi CV Competencia/cualificación: Categorí­a del Empleo: [ Ver todos ] Requerimientos de Idioma: Tipo de Empleo: Sueldo: No especificado Titulación: Sin especificar Experiencia: No especificado Localización del Empleo: Otra Tipo de empresa Empleador Día de envío: 2026/08/13 / Viewed 917 times Información de Contacto Empresa: Ver más Ver menos [[downButtonMessage]] LinkedIn Twitter Facebook © 2026 Jobrapido | C.I.F: IT11876271005 Trabajos Empresas Condiciones del Servicio Política de Privacidad Ayuda Contacto",,https://ar.jobrapido.com/jobpreview/2073912385080393728?redirectTo=https%253A%252F%252Fwww.goempleo.com%252Fview.php%253Fjob_id%253D1258631&w=Python&p=3,Desarrollador Full Stack,jobrapido,2026-09-04T20:13:58.718771,,,,
4148995391414599680,Empleo: Desarrollador JAVA Importante Fintech SSR o SR - Zona Rosario Centro,N/A,Rosario,"Jobrapido Publica una oferta Ayuda Empresas Entrar Inscríbete Profesión / Palabras clave Localidad Ofertas de trabajo para Desarrollador JAVA en Rosario Trabajos > Desarrollador JAVA > Rosario Localidad Gran Buenos Aires Capital Federal Córdoba Santa Fé Neuquén Rosario Mendoza Rincón De Los Sauces Gba Sur Mar Del Plata Búsquedas relacionadas Software Software Engineer Python Software Engineer Management Modelo Services Engineer Security Product Engineering Quality Engineer Product Engineer Vuelve a tus resultados: [[backlinkLabel]] Empleo: Desarrollador JAVA Importante Fintech SSR o SR - Zona Rosario Centro Rosario - Región Centro [[upButtonMessage]] full time Publicado enwww.goempleo.com 03 jul 2026 Empleo: Desarrollador JAVA Importante Fintech SSR o SR - Zona Rosario Centro: La descripción del trabajo.: Desarrollador JAVA Importante Fintech SSR o SR Zona Rosario Centro Rosario, Santa Fe · Hoy, 04:34 a. m. (actualizada) SMART HUNTERS Este sello certifica que los datos y actividad de esta empresa han sido verificado meticulosamente por parte de goempleo Enviar mi CV Desarrollador JAVA Importante Fintech SSR o SR - Zona Rosario Centro Enviar mi CV Sobre la oferta La empresa Desarrollador JAVA Importante Fintech SSR o SR Zona Rosario Centro Rosario, Santa Fe · Hoy, 04:34 a. m. (actualizada) SMART HUNTERS Este sello certifica que los datos y actividad de esta empresa han sido verificado meticulosamente por parte de goempleo Enviar mi CV Desarrollador JAVA Importante Fintech SSR o SR - Zona Rosario Centro Enviar mi CV Sobre la oferta La empresa Descripción de la oferta: » Para importante Fintech cuya actividad principal es el desarrollo y comercialización de servicios informáticos para participantes del mercado de capitales -fundamentalmente, servicio de back office para Agentes de Negociación y Agentes de Liquidación y Compensación registrados ante la Comisión Nacional de Valores- estamos en búsqueda de Developers Fullstack para formar parte de su equipo de Sistemas. # Desarrollador Full Stack Buscamos desarrolladores full stack, con sólida formación en análisis, diseño y programación de sistemas (ingeniería y carreras afines). Perfiles: Semi Senior (de 2 a 6 años de experiencia). Stack tecnológico: Java, Hibernate, Vaadin, GIT. Valoramos: conocimientos de programación funcional, trabajo en equipo, sentido de la responsabilidad, utilización de metodologías ágiles e interés en la investigación y aprendizaje de nuevos lenguajes de programación / frameworks. Además de poseer formación sólida en técnicas de análisis, relevamiento y diseño de sistemas. Conocimientos requeridos: Java Hibernate / JPA Spring Framework Javascript / Typescript SVN/GIT Bases de datos relacionales: Postgresql, Oracle, MySql. POO (conocimientos sólidos) y patrones de diseño. Las condiciones de contratación son: Horario: lunes a viernes, de 10 a 19. Lugar del puesto Edificio Torre de la Bolsa de Comercio de Rosario (centro de Rosario). Beneficios adicionales: 1) cobertura médica en favor del empleado con SWISS MEDICAL en plan a definir por empresa; 2) Crédito en Almuerzo por valor de $2.500; 3) Refrigerios diversos sin costo; y 4) Acuerdo con Gimnasio. Requerimientos » Educación mínima: Universitario » Años de experiencia: 3 » Disponibilidad de Viajar: No » Disponibilidad de cambio de residencia: No » Enviar mi CV Resumen del empleo » Desarrollador JAVA Importante Fintech SSR o SR » Rosario, Santa Fe » Empresa SMART HUNTERS Seguir Dejar de seguir Recibe notificaciones nuevas de SMART HUNTERS Contraseña incorrecta Obligatorio He leído y acepto las Condiciones Legales incluidas en el aviso legal y la política de privacidad Obligatorio Acepto recibir información ocasional sobre productos, servicios y eventos de DGNET y sus colaboradores Ver detalle legal Información básica de privacidad y contacto Responsable DGNET Ltd, registrada en Escocia n°189977, con domicilio en 10 York Place, Edimburgo EH1 3EP, Reino Unido y teléfono de Contáctenos: +44 131 473 1049. Finalidad Realizar una correcta gestión de los servicios a los que te suscribas. Legitimación Ejecución de un contrato, consentimiento, interés legítimo y cumplimiento de una obligación legal. Destinatarios Podrán acceder a tus datos los prestadores de servicios de DGNET Ltd, incluyendo otras empresas de su grupo. Únicamente se cederán datos por obligación legal. Derechos Tienes derecho a acceder, rectificar y suprimir los datos, así como otros derechos, cuyo detalle se incluye en nuestra Política de Privacidad completa. » Tipo de contrato Contrato por tiempo indeterminado » Jornada Jornada completa » Enviar mi CV Competencia/cualificación: Categorí­a del Empleo: [ Ver todos ] Requerimientos de Idioma: Tipo de Empleo: Sueldo: No especificado Titulación: Sin especificar Experiencia: No especificado Localización del Empleo: Otra Tipo de empresa Empleador Día de envío: 2026/08/07 / Viewed 885 times Información de Contacto Empresa: Ver más Ver menos [[downButtonMessage]] LinkedIn Twitter Facebook © 2026 Jobrapido | C.I.F: IT11876271005 Trabajos Empresas Condiciones del Servicio Política de Privacidad Ayuda Contacto",,https://ar.jobrapido.com/jobpreview/4148995391414599680?redirectTo=https%253A%252F%252Fwww.goempleo.com%252Fview.php%253Fjob_id%253D1259523&w=Python&p=3,Desarrollador Full Stack,jobrapido,2026-09-04T20:13:58.719275,,,,
6698011838245765120,Backend/Full-stack Developer (Rosario),Carlo Ratti Associati,Rosario,"Open or close the mobile menu Jobrapido Entrar Inscríbete Publica una oferta Ayuda Empresas Clear job input Profesión / Palabras clave Ofertas de trabajo para Developer en Rosario ¿Qué trabajo estás buscando? Clear location input Localidad Búsqueda avanzada de empleo Relevancia Fecha [[distance.label]] [[d.text]] Close Localidad Gran Buenos Aires Capital Federal Córdoba Santa Fé Neuquén Rosario Mendoza Rincón De Los Sauces Gba Sur Mar Del Plata Búsquedas relacionadas Software Software Engineer Python Software Engineer Management Modelo Services Engineer Security Product Engineering Quality Engineer Product Engineer Vuelve a tus resultados: [[backlinkLabel]] Backend/Full-stack Developer (Rosario) Rosario - Región Centro Carlo Ratti Associati [[upButtonMessage]] full time www.kitempleo.com.ar 20 ago 2026 Debi es una pasarela de pagos recurrentes que está teniendo un fuerte crecimiento en Latinoamérica. Buscamos un desarrollador backend/full-stack con mentalidad práctica y colaborativa, que disfrute trabajar sobre una base sólida y desafiante, mejorándola de manera constante sin necesidad de reinventarla. Nuestra principal misión es impactar positivamente en nuestro equipo de trabajo, clientes y comunidad, respectivamente. Tenemos una cultura orientada a las personas que se enfoca en el desarrollo personal y profesional de sus colaboradores. Somos flexibles pero altamente comprometidos y responsables. Amamos la tecnología y nos gusta trabajar con personas proactivas, dinámicas y pujantes. En Debi todxs velamos por el bienestar y crecimiento del otro. El conocimiento se comparte y no se atesora. Elegimos el feedback en todo momento. Todxs pueden proponer cambios y compartir su opinión. La información está disponible para todxs y si no está escrita, no existe. ¿Cuál es tu objetivo? El principal objetivo del puesto es garantizar que nuestra aplicación funcione de manera fiable, que siga evolucionando de forma sostenible y que podamos crecer sin perder velocidad ni calidad. ¿Qué harás en este rol? Mejorar la calidad del código y el rendimiento de nuestra aplicación (PHP, Laravel, Vue.js, MySQL, Redis). Mantener la aplicación existente, desarrollar nuevas conexiones e integraciones con proveedores externos. Proponer mejoras al stack tecnológico y llevarlas a cabo gradualmente, enfocadas primero en lo nuevo y luego en optimizar lo que ya funciona. Desarrollar plugins y componentes para integrar nuestra API en plataformas de terceros. Participar en el desarrollo de nuevas líneas de productos y funciones para nuestra API y frontend. Lo que buscamos Actitud constructiva, positiva y orientada a resultados: alguien que valora la solidez del código existente y lo mejora paso a paso. Habilidad para trabajar con código heredado, entenderlo, respetarlo y evolucionarlo sin necesidad de reescribirlo todo. Perfil ejecutor, con foco en avanzar y entregar valor. Curiosidad, ganas de aprender, de superar retos propios, y capacidad de colaborar con el equipo. Buenas competencias de comunicación, espíritu de equipo y energía para aportar al clima laboral. Es excluyente 4+ años de experiencia desarrollando proyectos de alta calidad. Experiencia sólida con PHP 8 y Laravel. Experiencia implementando (y de preferencia desarrollando) APIs. Mentalidad ágil: puede iterar rápidamente, recibe y da feedback con apertura y espíritu positivo. Compromiso, responsabilidad y foco en cumplir objetivos. Experiencia con herramientas del ecosistema Laravel. Experiencia con la normativa PCI DSS: comprensión de sus principios de seguridad de datos de tarjetas de pago, almacenamiento/transmisión, controles de acceso, etc. Experiencia con AWS u otros entornos en la nube. Experiencia con herramientas del ecosistema Vue.js. Ser miembro activo de la comunidad open-source. Conocimiento del panorama fintech. Experiencia trabajando en startups. Remuneración y Beneficios Equipo joven, cercano y con trato horizontal que vela por el desarrollo personal y profesional de su equipo. Remuneración a consensuar según experiencia y habilidades. Bono adicional equivalente a un sueldo según cumplimiento de objetivos. Home office y libertad para trabajar desde cualquier lugar del mundo. Horarios flexibles y trabajo por objetivos. 7 días extras al año, además de las vacaciones establecidas por ley. Amplio margen para crecer dentro de la empresa. Provisión de notebook (al cabo de 3 años, la notebook será propiedad del colaborador) Si te sentís identificado/a con nuestra cultura y querés ser parte una startup con gran ADN tecnológico, en pleno crecimiento internacional y en una industria con onda expansiva. #J-18808-Ljbffr Ver más Ver menos [[downButtonMessage]] LinkedIn Twitter Facebook © 2026 Jobrapido | C.I.F: IT11876271005 Trabajos Empresas Condiciones del Servicio Política de Privacidad Ayuda Contacto",,https://ar.jobrapido.com/jobpreview/6698011838245765120?redirectTo=https%253A%252F%252Fwww.kitempleo.com.ar%252Fempleo%252F52561530%252Fbackend-full-stack-developer-rosario&w=Python&p=3,Desarrollador Full Stack,jobrapido,2026-09-04T20:13:58.719747,,,,
1985832106307092480,Desarrollador Full Stack (Córdoba),Rekluti,Córdoba,"Jobrapido Publica una oferta Ayuda Empresas Entrar Inscríbete Profesión / Palabras clave Localidad Ofertas de trabajo para Desarrollador Full en Córdoba Trabajos > Desarrollador Full > Córdoba Localidad Gran Buenos Aires Capital Federal Córdoba Santa Fé Neuquén Rosario Mendoza Rincón De Los Sauces Gba Sur Mar Del Plata Búsquedas relacionadas Software Software Engineer Python Software Engineer Management Modelo Services Engineer Security Product Engineering Quality Engineer Product Engineer Vuelve a tus resultados: [[backlinkLabel]] Desarrollador Full Stack (Córdoba) Córdoba - Región Centro Rekluti [[upButtonMessage]] other Publicado enwww.kitempleo.com.ar 23 ago 2026 Job description Desarrollador/a Full Stack – Python / Angular / Go En Rekluti, consultora especializada en talento tecnológico en LATAM, buscamos un/a Desarrollador/a Full Stack para integrarse a proyectos de alta complejidad y participar en el desarrollo de soluciones web escalables. Buscamos un perfil con sólida experiencia en Python, Angular y Go, capaz de desenvolverse de manera autónoma, aportar en decisiones técnicas y colaborar con equipos multidisciplinarios. 🎯 Principales responsabilidades - Diseñar, desarrollar y mantener aplicaciones Full Stack, participando en frontend y backend. - Desarrollar servicios y APIs REST utilizando principalmente Python y Go. - Construir y mantener interfaces web modernas con Angular. - Participar en el diseño de arquitecturas y definición de soluciones técnicas. - Integrar servicios, APIs y diferentes componentes de la plataforma. - Desarrollar código limpio, mantenible, escalable y de alta calidad. - Participar en revisiones de código, testing y resolución de incidencias. - Colaborar con equipos de Producto, QA, DevOps y otros perfiles técnicos. - Contribuir a la mejora continua de procesos y buenas prácticas de desarrollo. - Trabajar con servicios cloud y ambientes desplegados sobre Google Cloud Platform (GCP). - Participar eventualmente en iniciativas de desarrollo mobile utilizando Flutter. 💻 Requisitos - 5+ años de experiencia en desarrollo de software. - Experiencia sólida como Full Stack Developer. - Dominio avanzado de Python, especialmente para desarrollo backend. - Experiencia sólida con Angular para desarrollo frontend. - Experiencia competente con Go (Golang) en desarrollo de servicios y aplicaciones. - Experiencia construyendo APIs REST, microservicios e integraciones. - Conocimientos de bases de datos SQL y/o NoSQL. - Experiencia trabajando con Git y metodologías ágiles. - Conocimientos de GCP y servicios cloud. - Nociones o experiencia previa con Flutter. - Capacidad de análisis y resolución de problemas com Ver más Ver menos [[downButtonMessage]] LinkedIn Twitter Facebook © 2026 Jobrapido | C.I.F: IT11876271005 Trabajos Empresas Condiciones del Servicio Política de Privacidad Ayuda Contacto",,https://ar.jobrapido.com/jobpreview/1985832106307092480?redirectTo=https%253A%252F%252Fwww.kitempleo.com.ar%252Fempleo%252F52647658%252Fdesarrollador-full-stack-cordoba&w=Python&p=3,Desarrollador Full Stack,jobrapido,2026-09-04T20:13:58.720217,,,,
3078485599024316416,Desarrollador Full Stack (Salta),Ceta Capital Humano,Salta,"Open or close the mobile menu Jobrapido Entrar Inscríbete Publica una oferta Ayuda Empresas Clear job input Profesión / Palabras clave Ofertas de trabajo para Desarrollador Full en Salta ¿Qué trabajo estás buscando? Clear location input Localidad Búsqueda avanzada de empleo Relevancia Fecha [[distance.label]] [[d.text]] Close Localidad Gran Buenos Aires Capital Federal Córdoba Santa Fé Neuquén Rosario Mendoza Rincón De Los Sauces Gba Sur Mar Del Plata Búsquedas relacionadas Software Software Engineer Python Software Engineer Management Modelo Services Engineer Security Product Engineering Quality Engineer Product Engineer Vuelve a tus resultados: [[backlinkLabel]] Desarrollador Full Stack (Salta) Salta - Región Norte Ceta Capital Humano [[upButtonMessage]] full time www.kitempleo.com.ar 02 sep 2026 Nos encontramos en la búsqueda de Desarrollador Full Stack Sr/Ssr para sumarse al equipo de relevante Universidad en Salta Buscamos una persona con experiencia en el desarrollo de aplicaciones web usando Node.js, React y Base de Datos relacionales. El rol implica trabajar en estrecha colaboración con el equipo de desarrolladores para crear aplicaciones robustas y escalables. Responsabilidades: • Desarrollar y mantener aplicaciones web front-end utilizando Reactjs y PHP Laravel. • Crear y gestionar APIs, servicios y micro servicios back-end usando Node.js. • Tener experiencia en implementar interfaces de usuario atractivas y funcionales (CSS, tailwind ,bootstrap o material design). • Escribir código limpio, eficiente y mantenible. • Participar en revisiones de código y asegurar la calidad del mismo. • Trabajar con bases de datos relacionales MySQL, Postgresql, Oracle (deseable). • Solucionar problemas y depurar aplicaciones. • Mantenerse actualizado con las últimas tendencias y tecnologías en desarrollo web. Requisitos: • Experiencia comprobable como Desarrollador Full Stack de 3-5 años. • Sólidos conocimientos en Node.js y experiencia en la construcción de APIs RESTful. • Experiencia en el desarrollo de aplicaciones front-end con React. • Experiencia trabajando con Laravel, Eloquent (deseable). • Familiaridad con bases de datos como MySQL, PostgreSQL y Oracle (deseable). • Experiencia con herramientas de control de versiones como Git. • Capacidad para trabajar en equipo y colaborar eficazmente con otros desarrolladores y diseñadores. • Excelentes habilidades de resolución de problemas y atención al detalle. • Experiencia con Docker y Kubernetes. (deseable) • Conocimiento en metodologías ágiles como Scrum o Kanban (deseable) Condiciones: • Modalidad de trabajo Hibrido (4 días presencial, 1 home) • Descuentos en cuotas mensuales del 50% para carreras de pregrado, grado y postgrado para el empleado y familiares directos (cónyuge, hijos) • Descuento en librería Ler Ver más Ver menos [[downButtonMessage]] LinkedIn Twitter Facebook © 2026 Jobrapido | C.I.F: IT11876271005 Trabajos Empresas Condiciones del Servicio Política de Privacidad Ayuda Contacto",,https://ar.jobrapido.com/jobpreview/3078485599024316416?redirectTo=https%253A%252F%252Fwww.kitempleo.com.ar%252Fempleo%252F52986462%252Fdesarrollador-full-stack-salta&w=Python&p=3,Desarrollador Full Stack,jobrapido,2026-09-04T20:13:58.720692,,,,
1254030753503641600,Oferta de empleo: Desarrollador(a) Full-Stack,N/A,Remoto,"Open or close the mobile menu Jobrapido Entrar Inscríbete Publica una oferta Ayuda Empresas Clear job input Profesión / Palabras clave Ofertas de trabajo para Oferta De en Remoto ¿Qué trabajo estás buscando? Clear location input Localidad Búsqueda avanzada de empleo Relevancia Fecha [[distance.label]] [[d.text]] Close Localidad Gran Buenos Aires Capital Federal Córdoba Santa Fé Neuquén Rosario Mendoza Rincón De Los Sauces Gba Sur Mar Del Plata Búsquedas relacionadas Software Software Engineer Python Software Engineer Management Modelo Services Engineer Security Product Engineering Quality Engineer Product Engineer Vuelve a tus resultados: [[backlinkLabel]] Oferta de empleo: Desarrollador(a) Full-Stack Remoto - Remoto [[upButtonMessage]] full time www.goempleo.com 05 jul 2026 Oferta de empleo: Desarrollador(a) Full-Stack: La descripción del trabajo.: Provincia: REMOTO Ciudad/Zona: REMOTO Características: Vacantes: 6 Tipo: Full-time Referencia: FS Otros datos: Empresa: Importante Emp. Lider Publicado: 11 de Mayo 2020 Finaliza en: 89 dias, 23 horas y 7 minutos Funciones de Desarrollador(a) Full Stack * Desarrollo de aplicaciones Web / back * Creación de prototipos / soporte de aplicaciones * Definición y/o soporte a nivel de Arquitectura de la aplicación * Ser parte de un equipo de trabajo enfocado en autogestión (metología Scrum) Requerimientos del cargo * Coordinación, planificación y desarrollo de aplicaciones y servicios web * Amplia experiencia en manejo de Lenguajes de programación Java EE, Angular y Js, * Conocimiento en servidores de aplicaciones como Jboss, Wildfly, Glassfish, Websphere. * Manejo de bus de datos como Apigee de Google, * Gestión de recursos en cloud computing usando plataformas como Google Cloud Platform, AWS y Azure. * Experiencia en soporte aplicación basadas en diversos lenguajes de programación y bajo diversas arquitecturas, * Muy enfocada/o a investigar, auto aprendizaje Opcionales * Conocimiento en configuración desarrollo e implementación de CMS como son Liferay Beneficios * Creación de soluciones Innovadoras que tendrán impacto en miles de personas. We offer you: Very open working model using agile methodologies and goal oriented 100% remote working with flexible schedules Excellent payment Relaxed startup-oriented and friendly working environment If you consider that your profile is aligned to the requirements of the position, please send your CV to and / or , with Ref: Remote FS indicating the desired remuneration. We guarantee absolute reservation. Thank you!! Competencia/cualificación: Categorí­a del Empleo: [ Ver todos ] Requerimientos de Idioma: Tipo de Empleo: Sueldo: No especificado Titulación: Sin especificar Experiencia: No especificado Localización del Empleo: REMOTO, Otra Tipo de empresa Empleador Día de envío: 2026/08/09 / Viewed 910 times Información de Contacto Empresa: Ver más Ver menos [[downButtonMessage]] LinkedIn Twitter Facebook © 2026 Jobrapido | C.I.F: IT11876271005 Trabajos Empresas Condiciones del Servicio Política de Privacidad Ayuda Contacto",,https://ar.jobrapido.com/jobpreview/1254030753503641600?redirectTo=https%253A%252F%252Fwww.goempleo.com%252Fview.php%253Fjob_id%253D1258069&w=Python&p=3,Desarrollador Full Stack,jobrapido,2026-09-04T20:13:58.721200,,,,
746564373023031296,Desarrollador/a Full Stack (Maipú),Importante empresa del sector,Maipú,"Open or close the mobile menu Jobrapido Entrar Inscríbete Publica una oferta Ayuda Empresas Clear job input Profesión / Palabras clave Ofertas de trabajo para Full Stack en Maipú ¿Qué trabajo estás buscando? Clear location input Localidad Búsqueda avanzada de empleo Relevancia Fecha [[distance.label]] [[d.text]] Close Localidad Gran Buenos Aires Capital Federal Córdoba Santa Fé Neuquén Rosario Mendoza Rincón De Los Sauces Gba Sur Mar Del Plata Búsquedas relacionadas Software Software Engineer Python Software Engineer Management Modelo Services Engineer Security Product Engineering Quality Engineer Product Engineer Vuelve a tus resultados: [[backlinkLabel]] Desarrollador/a Full Stack (Maipú) Maipú - Región Cuyo Importante empresa del sector [[upButtonMessage]] full time www.kitempleo.com.ar 03 sep 2026 Nos encontramos en la búsqueda de un/a Desarrollador/a Full Stack para sumarse al equipo de Sistemas, participando en proyectos de desarrollo de aplicaciones, automatización de procesos, análisis de datos y transformación digital. Principales responsabilidades: - Desarrollar y mantener aplicaciones web internas. - Participar en proyectos de transformación digital. - Diseñar e implementar integraciones entre sistemas mediante APIs. - Automatizar procesos de negocio. - Diseñar, desarrollar y optimizar consultas SQL. - Construir reportes y tableros de gestión. - Analizar datos y generar indicadores para distintas áreas de la organización. - Investigar e implementar nuevas tecnologías que aporten valor al negocio. Requisitos excluyentes: - HTML5. - CSS3. - JavaScript (ES6+). - React. - Node.js. - Express. - Diseño y consumo de APIs REST. - Manejo de autenticación y autorización. - SQL y bases de datos relacionales. Requisitos deseables: - Next.js. - TypeScript. - PostgreSQL. - Docker. - Git y GitHub. - Automatización de procesos mediante n8n o herramientas similares. - Desarrollo de Progressive Web Apps (PWA). - Integración con servicios Cloud. - Conocimientos de Inteligencia Artificial aplicada a procesos empresariales. - Experiencia integrando modelos LLM mediante APIs. Competencias valoradas: - Pensamiento analítico. - Resolución de problemas complejos. - Autonomía. - Proactividad. - Orientación a resultados. - Aprendizaje continuo. - Comunicación efectiva con usuarios no técnicos. - Capacidad para transformar necesidades de negocio en soluciones tecnológicas. Ver más Ver menos [[downButtonMessage]] LinkedIn Twitter Facebook © 2026 Jobrapido | C.I.F: IT11876271005 Trabajos Empresas Condiciones del Servicio Política de Privacidad Ayuda Contacto",,https://ar.jobrapido.com/jobpreview/746564373023031296?redirectTo=https%253A%252F%252Fwww.kitempleo.com.ar%252Fempleo%252F53098355%252Fdesarrollador-a-full-stack-maipu&w=Python&p=3,Desarrollador Full Stack,jobrapido,2026-09-04T20:13:58.721679,,,,
8607346163932200960,Desarrollador/a Full Stack Maipú,Importante empresa del sector,Maipú,"Open or close the mobile menu Jobrapido Entrar Inscríbete Publica una oferta Ayuda Empresas Clear job input Profesión / Palabras clave Ofertas de trabajo para Full Stack en Maipú ¿Qué trabajo estás buscando? Clear location input Localidad Búsqueda avanzada de empleo Relevancia Fecha [[distance.label]] [[d.text]] Close Localidad Gran Buenos Aires Capital Federal Córdoba Santa Fé Neuquén Rosario Mendoza Rincón De Los Sauces Gba Sur Mar Del Plata Búsquedas relacionadas Software Software Engineer Python Software Engineer Management Modelo Services Engineer Security Product Engineering Quality Engineer Product Engineer Vuelve a tus resultados: [[backlinkLabel]] Desarrollador/a Full Stack Maipú Maipú - Región Cuyo Importante empresa del sector [[upButtonMessage]] full time www.kitempleo.com.ar 13 ago 2026 Nos encontramos en la búsqueda de un/a Desarrollador/a Full Stack para sumarse al equipo de Sistemas, participando en proyectos de desarrollo de aplicaciones, automatización de procesos, análisis de datos y transformación digital. Principales responsabilidades: Desarrollar y mantener aplicaciones web internas. Participar en proyectos de transformación digital. Diseñar e implementar integraciones entre sistemas mediante APIs. Automatizar procesos de negocio. Diseñar, desarrollar y optimizar consultas SQL. Construir reportes y tableros de gestión. Analizar datos y generar indicadores para distintas áreas de la organización. Investigar e implementar nuevas tecnologías que aporten valor al negocio. Requisitos excluyentes: HTML5. CSS3. JavaScript (ES6+). React. Node.js. Express. Diseño y consumo de APIs REST. Manejo de autenticación y autorización. SQL y bases de datos relacionales. Requisitos deseables: Next.js. TypeScript. PostgreSQL. Docker. Git y GitHub. Automatización de procesos mediante n8n o herramientas similares. Desarrollo de Progressive Web Apps (PWA). Integración con servicios Cloud. Conocimientos de Inteligencia Artificial aplicada a procesos empresariales. Experiencia integrando modelos LLM mediante APIs. Competencias valoradas: Pensamiento analítico. Resolución de problemas complejos. Autonomía. Proactividad. Orientación a resultados. Aprendizaje continuo. Comunicación efectiva con usuarios no técnicos. Capacidad para transformar necesidades de negocio en soluciones tecnológicas. Ver más Ver menos [[downButtonMessage]] LinkedIn Twitter Facebook © 2026 Jobrapido | C.I.F: IT11876271005 Trabajos Empresas Condiciones del Servicio Política de Privacidad Ayuda Contacto",,https://ar.jobrapido.com/jobpreview/8607346163932200960?redirectTo=https%253A%252F%252Fwww.kitempleo.com.ar%252Fempleo%252F52246020%252Fdesarrollador-a-full-stack-maipu&w=Python&p=3,Desarrollador Full Stack,jobrapido,2026-09-04T20:13:58.722152,,,,
8540374549907111936,Desarrollador Full Stack Junior (Córdoba),Julio Bellone y asociados,Córdoba,"Open or close the mobile menu Jobrapido Entrar Inscríbete Publica una oferta Ayuda Empresas Clear job input Profesión / Palabras clave Ofertas de trabajo para Desarrollador Full en Córdoba ¿Qué trabajo estás buscando? Clear location input Localidad Búsqueda avanzada de empleo Relevancia Fecha [[distance.label]] [[d.text]] Close Localidad Gran Buenos Aires Capital Federal Córdoba Santa Fé Neuquén Rosario Mendoza Rincón De Los Sauces Gba Sur Mar Del Plata Búsquedas relacionadas Software Software Engineer Python Software Engineer Management Modelo Services Engineer Security Product Engineering Quality Engineer Product Engineer Vuelve a tus resultados: [[backlinkLabel]] Desarrollador Full Stack Junior (Córdoba) Córdoba - Región Centro Julio Bellone y asociados [[upButtonMessage]] full time www.kitempleo.com.ar 28 ago 2026 Nos encontramos en la búsqueda de un Desarrollador Full Stack Junior para integrarse a un equipo vibrante, participando activamente en el desarrollo web, integración de sistemas, automatización de procesos (incluyendo IA) y el mantenimiento de nuestro ERP. Requisitos Técnicos Backend: Node.js, Express.js, desarrollo de APIs REST, validación de datos y autenticación (JWT). Frontend: React.js, consumo de APIs REST, manejo de estados y diseño de interfaces responsivas (HTML5, CSS3, JavaScript ES6+). Bases de Datos: Experiencia en MySQL y PostgreSQL (creación/optimización de consultas SQL y modelado relacional). Integraciones: Consumo de APIs de terceros, manejo de JSON y automatización de flujos de datos. Control de Versiones: Git y GitHub (ramas y pull requests). Cloud & Deploy (Deseable): Conocimientos en Railway o Google Cloud Platform (GCP), configuración de variables de entorno y gestión básica de servidores. Tareas Principales Desarrollo, mantenimiento y optimización de aplicaciones web y sistemas ERP. Diseño y ejecución de automatizaciones con Inteligencia Artificial (API + Desarrollo). Creación, mantenimiento e integración de APIs con sistemas externos. Despliegue, monitoreo de aplicaciones en la nube y corrección de errores. Participación activa en el análisis y diseño de nuevas soluciones tecnológicas. Ver más Ver menos [[downButtonMessage]] LinkedIn Twitter Facebook © 2026 Jobrapido | C.I.F: IT11876271005 Trabajos Empresas Condiciones del Servicio Política de Privacidad Ayuda Contacto",,https://ar.jobrapido.com/jobpreview/8540374549907111936?redirectTo=https%253A%252F%252Fwww.kitempleo.com.ar%252Fempleo%252F52803273%252Fdesarrollador-full-stack-junior-cordoba&w=Python&p=3,Desarrollador Full Stack,jobrapido,2026-09-04T20:13:58.722629,,,,
7353958622583324672,Desarrollador Full Stack Junior (Presencial),Bellone Asociados,Córdoba,"Jobrapido Publica una oferta Ayuda Empresas Entrar Inscríbete Profesión / Palabras clave Localidad Ofertas de trabajo para Desarrollador Full en Córdoba Trabajos > Desarrollador Full > Córdoba Localidad Gran Buenos Aires Capital Federal Córdoba Santa Fé Neuquén Rosario Mendoza Rincón De Los Sauces Gba Sur Mar Del Plata Búsquedas relacionadas Software Software Engineer Python Software Engineer Management Modelo Services Engineer Security Product Engineering Quality Engineer Product Engineer Vuelve a tus resultados: [[backlinkLabel]] Desarrollador Full Stack Junior (Presencial) Córdoba - Región Centro Bellone Asociados [[upButtonMessage]] full time Publicado enwww.sherlockhr.com 26 ago 2026 Nos encontramos en la búsqueda de un Desarrollador Full Stack Junior para integrarse a un equipo dinámico, participando activamente en el desarrollo web, integración de sistemas, automatización de procesos (incluyendo IA) y el mantenimiento de nuestro ERP. Requisitos Técnicos Backend: Node.js, Express.js, desarrollo de APIs REST, validación de datos y autenticación (JWT). Frontend: React.js, consumo de APIs REST, manejo de estados y diseño de interfaces responsivas (HTML5, CSS3, JavaScript ES6+). Bases de Datos: Experiencia en MySQL y PostgreSQL (creación/optimización de consultas SQL y modelado relacional). Integraciones: Consumo de APIs de terceros, manejo de JSON y automatización de flujos de datos. Control de Versiones: Git y GitHub (ramas y pull requests). Cloud & Deploy (Deseable): Conocimientos en Railway o Google Cloud Platform (GCP), configuración de variables de entorno y gestión básica de servidores. Tareas Principales Desarrollo, mantenimiento y optimización de aplicaciones web y sistemas ERP. Diseño y ejecución de automatizaciones con Inteligencia Artificial (API + Desarrollo). Creación, mantenimiento e integración de APIs con sistemas externos. Despliegue, monitoreo de aplicaciones en la nube y corrección de errores. Participación activa en el análisis y diseño de nuevas soluciones tecnológicas. Ver más Ver menos [[downButtonMessage]] LinkedIn Twitter Facebook © 2026 Jobrapido | C.I.F: IT11876271005 Trabajos Empresas Condiciones del Servicio Política de Privacidad Ayuda Contacto",,https://ar.jobrapido.com/jobpreview/7353958622583324672?redirectTo=https%253A%252F%252Fbelloneasociados.pandape.computrabajo.com%252FDetail%252F13428004%253Fov%253D6%2526utm_source%253Djobrapido%2526utm_medium%253Dreferral%2526utm_campaign%253Dfeed%2526utm_term%253Dorganic%2526utm_content%253Dats&w=Python&p=3,Desarrollador Full Stack,jobrapido,2026-09-04T20:13:58.723101,,,,
5543851854049312768,Desarrollador a Full Stack Semi Senior,Importante empresa del sector,Mendoza,"Open or close the mobile menu Jobrapido Entrar Inscríbete Publica una oferta Ayuda Empresas Clear job input Profesión / Palabras clave Ofertas de trabajo para Desarrollador A en Mendoza ¿Qué trabajo estás buscando? Clear location input Localidad Búsqueda avanzada de empleo Relevancia Fecha [[distance.label]] [[d.text]] Close Localidad Gran Buenos Aires Capital Federal Córdoba Santa Fé Neuquén Rosario Mendoza Rincón De Los Sauces Gba Sur Mar Del Plata Búsquedas relacionadas Software Software Engineer Python Software Engineer Management Modelo Services Engineer Security Product Engineering Quality Engineer Product Engineer Vuelve a tus resultados: [[backlinkLabel]] Desarrollador a Full Stack Semi Senior Mendoza - Región Cuyo Importante empresa del sector [[upButtonMessage]] full time www.computrabajo.com 05 jul 2026 Nos encontramos en la búsqueda de un a Desarrollador a Full Stack para sumarse al equipo de Sistemas, participando en proyectos de desarrollo de aplicaciones, automatización de procesos, análisis de datos y transformación digital. PRINCIPALES RESPONSABILIDADES .Desarrollar y mantener aplicaciones web internas. .Participar en proyectos de transformación digital. .Diseñar e implementar integraciones entre sistemas mediante APIs. .Automatizar procesos de negocio. .Diseñar, desarrollar y optimizar consultas SQL. .Construir reportes y tableros de gestión. .Analizar datos y generar indicadores para distintas áreas de la organización. .Investigar e implementar nuevas tecnologías que aporten valor al negocio. REQUISITOS EXCLUYENTO .HTML5. .CSS3. .JavaScript ES6. .React. .Node.js. .Express. .Diseño y consumo de APIs REST. .Manejo de autenticación y autorización. .SQL y bases de datos relacionales. REQUISITOS DESEABLES .Next.js. .TypeScript. .PostgreSQL. .Docker. .Git y GitHub. .Automatización de procesos mediante n8n o herramientas similares. .Desarrollo de Progressive Web Apps PWA. Integración con servicios Cloud. .Conocimientos de Inteligencia Artificial aplicada a procesos empresariales. .Experiencia integrando modelos LLM mediante APIs. COMPETENCIAS VALORADAS .Pensamiento analítico. .Resolución de problemas complejos. .Autonomía. .Proactividad. .Orientación a resultados. .Aprendizaje continuo. .Comunicación efectiva con usuarios no técnicos. .Capacidad para transformar necesidades de negocio en soluciones tecnológicas. Ver más Ver menos [[downButtonMessage]] LinkedIn Twitter Facebook © 2026 Jobrapido | C.I.F: IT11876271005 Trabajos Empresas Condiciones del Servicio Política de Privacidad Ayuda Contacto",,https://ar.jobrapido.com/jobpreview/5543851854049312768?redirectTo=https%253A%252F%252Fgo.computrabajo.com%252Fgo%252Fgom%253Furl%253Dhttps%25253a%25252f%25252far.computrabajo.com%25252fofertas-de-trabajo%25252foferta-de-trabajo-de-desarrolladora-full-stack-semi-senior-en-maipu-370A37E2E24802EE61373E686DCF3405&w=Python&p=3,Desarrollador Full Stack,jobrapido,2026-09-04T20:13:58.723576,,,,
8872635281509974016,Desarrollador/a Full Stack: Impulsa Transformación Digital (Maipú),Importante empresa del sector,Maipú,"Open or close the mobile menu Jobrapido Entrar Inscríbete Publica una oferta Ayuda Empresas Clear job input Profesión / Palabras clave Ofertas de trabajo para Full Impulsa en Maipú ¿Qué trabajo estás buscando? Clear location input Localidad Búsqueda avanzada de empleo Relevancia Fecha [[distance.label]] [[d.text]] Close Localidad Gran Buenos Aires Capital Federal Córdoba Santa Fé Neuquén Rosario Mendoza Rincón De Los Sauces Gba Sur Mar Del Plata Búsquedas relacionadas Software Software Engineer Python Software Engineer Management Modelo Services Engineer Security Product Engineering Quality Engineer Product Engineer Vuelve a tus resultados: [[backlinkLabel]] Desarrollador/a Full Stack: Impulsa Transformación Digital (Maipú) Maipú - Región Cuyo Importante empresa del sector [[upButtonMessage]] full time www.kitempleo.com.ar 22 ago 2026 Relevante empresa del sector busca un/a Desarrollador/a Full Stack para sumarse al equipo de Sistemas, participando en proyectos de desarrollo de aplicaciones, automatización de procesos, análisis de datos y transformación digital. Entre tus responsabilidades estarán desarrollar y mantener aplicaciones web internas, diseñar e implementar integraciones entre sistemas mediante APIs y construir reportes para la gestión. Ver más Ver menos [[downButtonMessage]] LinkedIn Twitter Facebook © 2026 Jobrapido | C.I.F: IT11876271005 Trabajos Empresas Condiciones del Servicio Política de Privacidad Ayuda Contacto",,https://ar.jobrapido.com/jobpreview/8872635281509974016?redirectTo=https%253A%252F%252Fwww.kitempleo.com.ar%252Fempleo%252F52615981%252Fdesarrollador-a-full-stack-impulsa-transformacion-digital-maipu&w=Python&p=3,Desarrollador Full Stack,jobrapido,2026-09-04T20:13:58.724050,,,,
12354763337236480,Ingeniero de Datos,Tecsol Group SA,Capital Federal,,,https://open.app.jobrapido.com/ar/12354763337236480/?w=ingeniero%20datos&l=&oc=sponsored&k=web.1.1.1&uuid=arF001a06eec99ca84a0&page_item_id=453704154,Ingeniero de Datos,jobrapido,2026-09-04T20:16:35.649792,,,,
7964806420656816128,Ingeniero de Datos,Kinetic Talent,Córdoba,,,https://open.app.jobrapido.com/ar/7964806420656816128/?w=ingeniero%20datos&l=&oc=sponsored&k=web.1.1.2&uuid=arF001a06eec99ca84a0&page_item_id=-945798451,Ingeniero de Datos,jobrapido,2026-09-04T20:16:35.650289,,,,
2678481129945694208,Ingeniero de datos,ThinkBig HR,Capital Federal,,,https://open.app.jobrapido.com/ar/2678481129945694208/?w=ingeniero%20datos&l=&oc=sponsored&k=web.1.1.3&uuid=arF001a06eec99ca84a0&page_item_id=-710426839,Ingeniero de Datos,jobrapido,2026-09-04T20:16:35.650776,,,,
1919221716211466240,Ingeniero de Datos,Bumeran Selecta,Capital Federal,,,https://open.app.jobrapido.com/ar/1919221716211466240/?w=ingeniero%20datos&l=&oc=sponsored&k=web.1.1.4&uuid=arF001a06eec99ca84a0&page_item_id=-2018450720,Ingeniero de Datos,jobrapido,2026-09-04T20:16:35.651256,,,,
8764518997480701952,Ingeniero de datos + Ingles,Join ready,Capital Federal,,,https://open.app.jobrapido.com/ar/8764518997480701952/?w=ingeniero%20datos&l=&oc=sponsored&k=web.1.1.5&uuid=arF001a06eec99ca84a0&page_item_id=-1573734123,Ingeniero de Datos,jobrapido,2026-09-04T20:16:35.651742,,,,
6907934394971848704,Ingeniero de Perforación: Impacto en Operaciones y Datos,Pan American Energy S.L.,Comodoro Rivadavia,,,https://open.app.jobrapido.com/ar/6907934394971848704/?w=ingeniero%20datos&l=&oc=sponsored&k=web.1.1.6&uuid=arF001a06eec99ca84a0&page_item_id=190953086,Ingeniero de Datos,jobrapido,2026-09-04T20:16:35.652223,,,,
5326389018378633216,"Ingeniero de Datos: Snowflake, Airflow y DataOps (Remoto)",Tecsol Group SA,Capital Federal,,,https://open.app.jobrapido.com/ar/5326389018378633216/?w=ingeniero%20datos&l=&oc=sponsored&k=web.1.1.7&uuid=arF001a06eec99ca84a0&page_item_id=-521788797,Ingeniero de Datos,jobrapido,2026-09-04T20:16:35.652706,,,,
2800355955160645632,Ingeniero de Datos Senior | Lidera Pipelines Lakehouse,Toyota Argentina S.A. Company,Zárate,,,https://open.app.jobrapido.com/ar/2800355955160645632/?w=ingeniero%20datos&l=&oc=sponsored&k=web.1.1.8&uuid=arF001a06eec99ca84a0&page_item_id=-1185803811,Ingeniero de Datos,jobrapido,2026-09-04T20:16:35.653185,,,,
54348754534268928,Ingeniero de Datos Senior: Lidera Pipelines Lakehouse,Toyota,Zárate,,,https://open.app.jobrapido.com/ar/54348754534268928/?w=ingeniero%20datos&l=&oc=sponsored&k=web.1.1.9&uuid=arF001a06eec99ca84a0&page_item_id=1610902679,Ingeniero de Datos,jobrapido,2026-09-04T20:16:35.653670,,,,
2644615287046930432,Ingeniero de Datos (SSR) – Python / SQL / Big Data / Lakehouse (Híbrido),Talent Connect,Capital Federal,,,https://open.app.jobrapido.com/ar/2644615287046930432/?w=ingeniero%20datos&l=&oc=sponsored&k=web.1.1.10&uuid=arF001a06eec99ca84a0&page_item_id=-2111127887,Ingeniero de Datos,jobrapido,2026-09-04T20:16:35.654160,,,,
7860069477025579008,Ingeniero de Datos (SR) – Informatica Cloud / Cloudera / Python (Híbrido),Talent Connect,Capital Federal,,,https://open.app.jobrapido.com/ar/7860069477025579008/?w=ingeniero%20datos&l=&oc=sponsored&k=web.1.1.11&uuid=arF001a06eec99ca84a0&page_item_id=1304876631,Ingeniero de Datos,jobrapido,2026-09-04T20:16:35.654651,,,,
7906422533610536960,Ingeniero Senior de Datos e IA (Híbrido),MercadoLibre,Capital Federal,,,https://open.app.jobrapido.com/ar/7906422533610536960/?w=ingeniero%20datos&l=&oc=sponsored&k=web.1.1.12&uuid=arF001a06eec99ca84a0&page_item_id=-1851679037,Ingeniero de Datos,jobrapido,2026-09-04T20:16:35.655140,,,,
6832467610513178624,"Ingeniero de Datos (SSR/SR) – SAP HANA / Cloudera / Apache NiFi (Híbrido, CABA)",Talent Connect,Capital Federal,,,https://open.app.jobrapido.com/ar/6832467610513178624/?w=ingeniero%20datos&l=&oc=sponsored&k=web.1.1.13&uuid=arF001a06eec99ca84a0&page_item_id=-1031535813,Ingeniero de Datos,jobrapido,2026-09-04T20:16:35.655628,,,,
6768770582633775104,Ingeniero de Datos (AWS & Databricks) Bilingüe,Sofka,Capital Federal,,,https://open.app.jobrapido.com/ar/6768770582633775104/?w=ingeniero%20datos&l=&oc=sponsored&k=web.1.1.14&uuid=arF001a06eec99ca84a0&page_item_id=-1557055527,Ingeniero de Datos,jobrapido,2026-09-04T20:16:35.656112,,,,
1265042379635687424,Senior Full-Stack Engineer - React/Node/C# | Remote,Agileengine,Capital Federal,,,https://open.app.jobrapido.com/ar/1265042379635687424/?w=ingeniero%20datos&l=&oc=sponsored&k=web.1.1.15&uuid=arF001a06eec99ca84a0&page_item_id=-772734692,Ingeniero de Datos,jobrapido,2026-09-04T20:16:35.656622,,,,
9158704704996245504,Ingeniero Geotécnico Senior – Minería LATAM (En terreno),Golder Associates Ltd.,Mendoza Capital,,,https://open.app.jobrapido.com/ar/9158704704996245504/?w=ingeniero%20datos&l=&oc=sponsored&k=web.1.1.16&uuid=arF001a06eec99ca84a0&page_item_id=692881538,Ingeniero de Datos,jobrapido,2026-09-04T20:16:35.657108,,,,
8899931619742187520,Junior Web Application Developer,Stefanini-Latam,Vicente López,,,https://open.app.jobrapido.com/ar/8899931619742187520/?w=ingeniero%20datos&l=&oc=sponsored&k=web.1.1.18&uuid=arF001a06eec99ca84a0&page_item_id=-15464580,Ingeniero de Datos,jobrapido,2026-09-04T20:16:35.657739,,,,
9061839465755967488,Data Engineer (GCP & AWS),Nubiral,Capital Federal,,,https://open.app.jobrapido.com/ar/9061839465755967488/?w=ingeniero%20datos&l=&oc=sponsored&k=web.1.1.19&uuid=arF001a06eec99ca84a0&page_item_id=-2142169250,Ingeniero de Datos,jobrapido,2026-09-04T20:16:35.658217,,,,
4441841964056313856,Principal Project Planner,Worley,Esquel,,,https://open.app.jobrapido.com/ar/4441841964056313856/?w=ingeniero%20datos&l=&oc=sponsored&k=web.1.2.5&uuid=arF001a06eee5c7685ab&page_item_id=866935994,Ingeniero de Datos,jobrapido,2026-09-04T20:18:30.813842,,,,
783557647897985024,Services Presales Engineer,BVS,Capital Federal,,,https://open.app.jobrapido.com/ar/783557647897985024/?w=ingeniero%20datos&l=&oc=sponsored&k=web.1.2.6&uuid=arF001a06eee5c7685ab&page_item_id=502195810,Ingeniero de Datos,jobrapido,2026-09-04T20:18:30.814376,,,,
2797322213601050624,Ingeniero de Integración de Sistemas,Siemens,Esquel,,,https://open.app.jobrapido.com/ar/2797322213601050624/?w=ingeniero%20datos&l=&oc=sponsored&k=web.1.2.7&uuid=arF001a06eee5c7685ab&page_item_id=-295885149,Ingeniero de Datos,jobrapido,2026-09-04T20:18:30.814907,,,,
1878587889617469440,Cost Estimation & Control Specialist,Meitner Energy,Vicente López,,,https://open.app.jobrapido.com/ar/1878587889617469440/?w=ingeniero%20datos&l=&oc=sponsored&k=web.1.2.8&uuid=arF001a06eee5c7685ab&page_item_id=-1043534266,Ingeniero de Datos,jobrapido,2026-09-04T20:18:30.815429,,,,
8990426855546814464,Senior Implementation Analyst | Octave InConcert (SDx),Geomatik,Capital Federal,,,https://open.app.jobrapido.com/ar/8990426855546814464/?w=ingeniero%20datos&l=&oc=sponsored&k=web.1.2.9&uuid=arF001a06eee5c7685ab&page_item_id=-917930833,Ingeniero de Datos,jobrapido,2026-09-04T20:18:30.815956,,,,
6108413708696813568,Staff Software Engineer,Ualá,Esquel,,,https://open.app.jobrapido.com/ar/6108413708696813568/?w=ingeniero%20datos&l=&oc=sponsored&k=web.1.2.10&uuid=arF001a06eee5c7685ab&page_item_id=-1590101296,Ingeniero de Datos,jobrapido,2026-09-04T20:18:30.816478,,,,
1523664299220795392,-Especialista de Soporte TI en Sitio con ingles,Servicio Latam COMX SAS,Capital Federal,,,https://open.app.jobrapido.com/ar/1523664299220795392/?w=ingeniero%20datos&l=&oc=sponsored&k=web.1.2.11&uuid=arF001a06eee5c7685ab&page_item_id=-1835317261,Ingeniero de Datos,jobrapido,2026-09-04T20:18:30.816971,,,,
6684670862370537472,Ingeniero de Operaciones Digitales Industriales,Jobtailor,Capital Federal,,,https://open.app.jobrapido.com/ar/6684670862370537472/?w=ingeniero%20datos&l=&oc=sponsored&k=web.1.2.12&uuid=arF001a06eee5c7685ab&page_item_id=1611849397,Ingeniero de Datos,jobrapido,2026-09-04T20:18:30.817460,,,,
7629684802748153856,AWS Data Engineer — Scale Data Lakes & Pipelines,Nubiral,Capital Federal,,,https://open.app.jobrapido.com/ar/7629684802748153856/?w=ingeniero%20datos&l=&oc=sponsored&k=web.1.2.13&uuid=arF001a06eee5c7685ab&page_item_id=1454643856,Ingeniero de Datos,jobrapido,2026-09-04T20:18:30.817979,,,,
6085424020071645184,Data Architect: Lakehouse & Data Governance - Hybrid,Toyota Argentina S.A. Company,Zárate,,,https://open.app.jobrapido.com/ar/6085424020071645184/?w=ingeniero%20datos&l=&oc=sponsored&k=web.1.2.14&uuid=arF001a06eee5c7685ab&page_item_id=-746117604,Ingeniero de Datos,jobrapido,2026-09-04T20:18:30.818470,,,,
5695824650433462272,Anuncios Google,Jobtailor,Neuquén,,,https://open.app.jobrapido.com/ar/5695824650433462272/?w=ingeniero%20datos&l=&oc=sponsored&k=web.1.3.0&uuid=arF001a06eef657d865f&page_item_id=-619021815,Ingeniero de Datos,jobrapido,2026-09-04T20:19:38.966786,,,,
1177670787646095360,ML Engineer: Build Scalable Data Pipelines & Models,Grupo Prominente,Capital Federal,,,https://open.app.jobrapido.com/ar/1177670787646095360/?w=ingeniero%20datos&l=&oc=sponsored&k=web.1.3.1&uuid=arF001a06eef657d865f&page_item_id=1700483404,Ingeniero de Datos,jobrapido,2026-09-04T20:19:38.967350,,,,
8472716308050345984,GenAI Gateway Engineer — High-Perf Microservices (Hybrid),MercadoLibre,Capital Federal (Saavedra),,,https://open.app.jobrapido.com/ar/8472716308050345984/?w=ingeniero%20datos&l=&oc=sponsored&k=web.1.3.2&uuid=arF001a06eef657d865f&page_item_id=1310295646,Ingeniero de Datos,jobrapido,2026-09-04T20:19:38.967865,,,,
7858821926465044480,Ingeniero Geotécnico Senior - Minería LATAM (En terreno),Golder Associates Ltd.,Mendoza,,,https://open.app.jobrapido.com/ar/7858821926465044480/?w=ingeniero%20datos&l=&oc=sponsored&k=web.1.3.3&uuid=arF001a06eef657d865f&page_item_id=1007404737,Ingeniero de Datos,jobrapido,2026-09-04T20:19:38.968365,,,,
3888143353010716672,AI Engineer / Ingeniero de IA — Horario Flexible & Hybrid,Swiss Medical Group,Capital Federal,,,https://open.app.jobrapido.com/ar/3888143353010716672/?w=ingeniero%20datos&l=&oc=sponsored&k=web.1.3.4&uuid=arF001a06eef657d865f&page_item_id=-1324262670,Ingeniero de Datos,jobrapido,2026-09-04T20:19:38.968870,,,,
1693275100360474624,Ingeniero de IA — Agentes de IA en la Nube (Remoto),ThinkBig HR,Capital Federal,,,https://open.app.jobrapido.com/ar/1693275100360474624/?w=ingeniero%20datos&l=&oc=sponsored&k=web.1.3.5&uuid=arF001a06eef657d865f&page_item_id=-1256881464,Ingeniero de Datos,jobrapido,2026-09-04T20:19:38.969372,,,,
1137764992368508928,Ingeniero de Laboratorio de Análisis de Marcha y Movimiento,Fleni Centro Médico,Belén De Escobar,,,https://open.app.jobrapido.com/ar/1137764992368508928/?w=ingeniero%20datos&l=&oc=sponsored&k=web.1.3.6&uuid=arF001a06eef657d865f&page_item_id=537169066,Ingeniero de Datos,jobrapido,2026-09-04T20:19:38.970310,,,,
5801773109849620480,Ing. de Datos Senior,Toyota,Zárate,,,https://open.app.jobrapido.com/ar/5801773109849620480/?w=ingeniero%20datos&l=&oc=sponsored&k=web.1.3.7&uuid=arF001a06eef657d865f&page_item_id=793254093,Ingeniero de Datos,jobrapido,2026-09-04T20:19:38.971375,,,,
1758580232714977280,Ing. de Datos Senior,Toyota Argentina S.A. Company,Zárate,,,https://open.app.jobrapido.com/ar/1758580232714977280/?w=ingeniero%20datos&l=&oc=sponsored&k=web.1.3.8&uuid=arF001a06eef657d865f&page_item_id=1074401431,Ingeniero de Datos,jobrapido,2026-09-04T20:19:38.972011,,,,
7124198075773485056,Ingeniero de Reservorios,Golden Peak Patagonia,Neuquén,,,https://open.app.jobrapido.com/ar/7124198075773485056/?w=ingeniero%20datos&l=&oc=sponsored&k=web.1.3.9&uuid=arF001a06eef657d865f&page_item_id=-1725828304,Ingeniero de Datos,jobrapido,2026-09-04T20:19:38.972660,,,,
5281656693472624640,AI Engineer - Ingeniero de Inteligencia Artificial,Swiss Medical Group,Capital Federal,,,https://open.app.jobrapido.com/ar/5281656693472624640/?w=ingeniero%20datos&l=&oc=sponsored&k=web.1.3.10&uuid=arF001a06eef657d865f&page_item_id=-553975191,Ingeniero de Datos,jobrapido,2026-09-04T20:19:38.973164,,,,
7758114564100587520,Ingeniero Estimador de Costos Senior,Golder Associates Ltd.,Mendoza,,,https://open.app.jobrapido.com/ar/7758114564100587520/?w=ingeniero%20datos&l=&oc=sponsored&k=web.1.3.11&uuid=arF001a06eef657d865f&page_item_id=465371991,Ingeniero de Datos,jobrapido,2026-09-04T20:19:38.973673,,,,
3985824240900243456,Ingeniero Estimador de Costos Senior,WSP,Mendoza,,,https://open.app.jobrapido.com/ar/3985824240900243456/?w=ingeniero%20datos&l=&oc=sponsored&k=web.1.3.12&uuid=arF001a06eef657d865f&page_item_id=-30642931,Ingeniero de Datos,jobrapido,2026-09-04T20:19:38.974174,,,,
923909431010263040,Ingeniero/a de Perforación - Comodoro Rivadavia,Pan American Energy S.L.,Comodoro Rivadavia,,,https://open.app.jobrapido.com/ar/923909431010263040/?w=ingeniero%20datos&l=&oc=sponsored&k=web.1.3.13&uuid=arF001a06eef657d865f&page_item_id=-1831971189,Ingeniero de Datos,jobrapido,2026-09-04T20:19:38.974686,,,,
1044152211602407424,Business Analytics Translator Senior,Toyota,Zárate,,,https://open.app.jobrapido.com/ar/1044152211602407424/?w=ingeniero%20datos&l=&oc=sponsored&k=web.1.3.14&uuid=arF001a06eef657d865f&page_item_id=-2051029564,Ingeniero de Datos,jobrapido,2026-09-04T20:19:38.975186,,,,
1499168743522041856,Mobile Equipment Reliability Engineer,SSR Mining Inc.,Remoto,,,https://open.app.jobrapido.com/ar/1499168743522041856/?w=ingeniero%20datos&l=&oc=sponsored&k=web.1.4.0&uuid=arF001a06ef0ef068762&page_item_id=-1454716209,Ingeniero de Datos,jobrapido,2026-09-04T20:21:19.881635,,,,
3754280629827534848,Principal Project Planner,WorleyParsons,Capital Federal,,,https://open.app.jobrapido.com/ar/3754280629827534848/?w=ingeniero%20datos&l=&oc=sponsored&k=web.1.4.1&uuid=arF001a06ef0ef068762&page_item_id=910030826,Ingeniero de Datos,jobrapido,2026-09-04T20:21:19.882184,,,,
3180916102267928576,Ingeniero/a de RTOC (Centro de Operaciones en Tiempo Real),Revsolz Corp,Capital Federal,,,https://open.app.jobrapido.com/ar/3180916102267928576/?w=ingeniero%20datos&l=&oc=sponsored&k=web.1.4.2&uuid=arF001a06ef0ef068762&page_item_id=-618978633,Ingeniero de Datos,jobrapido,2026-09-04T20:21:19.882675,,,,
6875114642897633280,Ingeniero/a de RTOC (Centro de Operaciones en Tiempo Real),Revsolz Corp,Neuquén,,,https://open.app.jobrapido.com/ar/6875114642897633280/?w=ingeniero%20datos&l=&oc=sponsored&k=web.1.4.3&uuid=arF001a06ef0ef068762&page_item_id=-1697402465,Ingeniero de Datos,jobrapido,2026-09-04T20:21:19.883161,,,,
2148877379919937536,Head of Data & Analytics,Global66,Capital Federal,,,https://open.app.jobrapido.com/ar/2148877379919937536/?w=ingeniero%20datos&l=&oc=sponsored&k=web.1.4.4&uuid=arF001a06ef0ef068762&page_item_id=-1816050741,Ingeniero de Datos,jobrapido,2026-09-04T20:21:19.883650,,,,
2351322432943423488,Ingeniero Agrónomo,EstudioIA: INNOVACION Y ARMONIA EN VÍNCULOS LABORALES,Rosario,,,https://open.app.jobrapido.com/ar/2351322432943423488/?w=ingeniero%20datos&l=&oc=sponsored&k=web.1.4.5&uuid=arF001a06ef0ef068762&page_item_id=-2006160504,Ingeniero de Datos,jobrapido,2026-09-04T20:21:19.884136,,,,
2054451106578169856,Ingeniero/a en Sistemas,Adecoagro,Mercedes,,,https://open.app.jobrapido.com/ar/2054451106578169856/?w=ingeniero%20datos&l=&oc=sponsored&k=web.1.4.6&uuid=arF001a06ef0ef068762&page_item_id=-595183646,Ingeniero de Datos,jobrapido,2026-09-04T20:21:19.884625,,,,
6729882625885863936,Ingeniería de Ciberseguridad (Security Engineer) Nivel 1.5,Pacifica Continental,Capital Federal,,,https://open.app.jobrapido.com/ar/6729882625885863936/?w=ingeniero%20datos&l=&oc=sponsored&k=web.1.4.7&uuid=arF001a06ef0ef068762&page_item_id=2123246513,Ingeniero de Datos,jobrapido,2026-09-04T20:21:19.885107,,,,
4957214520335400960,Software Engineer,Foundation AI,Capital Federal,,,https://open.app.jobrapido.com/ar/4957214520335400960/?w=ingeniero%20datos&l=&oc=sponsored&k=web.1.4.8&uuid=arF001a06ef0ef068762&page_item_id=1925407402,Ingeniero de Datos,jobrapido,2026-09-04T20:21:19.885591,,,,
2557639519243337728,Ingeniero/a Confiabilidad - Cel NA,Arauco,Remoto,,,https://open.app.jobrapido.com/ar/2557639519243337728/?w=ingeniero%20datos&l=&oc=sponsored&k=web.1.4.9&uuid=arF001a06ef0ef068762&page_item_id=-1407125416,Ingeniero de Datos,jobrapido,2026-09-04T20:21:19.886070,,,,
4562231185853382656,Devops (Migracion Librerias Nube),Agnostic,Capital Federal,,,https://open.app.jobrapido.com/ar/4562231185853382656/?w=ingeniero%20datos&l=&oc=sponsored&k=web.1.4.10&uuid=arF001a06ef0ef068762&page_item_id=600269971,Ingeniero de Datos,jobrapido,2026-09-04T20:21:19.886549,,,,
927818040228184064,Ingeniero/a de Perforación - Comodoro Rivadavia,Pan American Energy,Capital Federal,,,https://open.app.jobrapido.com/ar/927818040228184064/?w=ingeniero%20datos&l=&oc=sponsored&k=web.1.4.11&uuid=arF001a06ef0ef068762&page_item_id=518474740,Ingeniero de Datos,jobrapido,2026-09-04T20:21:19.887030,,,,
245377896154136576,Ingeniero/a de RTOC (Centro de Operaciones en Tiempo Real),Revsolz Corp,Capital Federal,,,https://open.app.jobrapido.com/ar/245377896154136576/?w=ingeniero%20datos&l=&oc=sponsored&k=web.1.4.13&uuid=arF001a06ef0ef068762&page_item_id=-1689195009,Ingeniero de Datos,jobrapido,2026-09-04T20:21:19.887650,,,,
6214211346041405440,Consultor / Consultora Oracle DBA,Oracle,Capital Federal,,,https://open.app.jobrapido.com/ar/6214211346041405440/?w=ingeniero%20datos&l=&oc=sponsored&k=web.1.4.14&uuid=arF001a06ef0ef068762&page_item_id=-512421372,Ingeniero de Datos,jobrapido,2026-09-04T20:21:19.888127,,,,
6581945260513951744,Ingeniero Cloud,Agnostic,Capital Federal,,,https://open.app.jobrapido.com/ar/6581945260513951744/?w=ingeniero%20datos&l=&oc=sponsored&k=web.1.4.15&uuid=arF001a06ef0ef068762&page_item_id=-1518334216,Ingeniero de Datos,jobrapido,2026-09-04T20:21:19.888609,,,,
5177386501117313024,Ayudante Desarrollo - Pergamino (Temporal 6 meses),Syngenta Crop Protection,Pergamino,,,https://open.app.jobrapido.com/ar/5177386501117313024/?w=ingeniero%20datos&l=&oc=sponsored&k=web.1.4.16&uuid=arF001a06ef0ef068762&page_item_id=731776192,Ingeniero de Datos,jobrapido,2026-09-04T20:21:19.889090,,,,
3960781283029680128,Ingeniero de campo JR (Bariloche),Experis Argentina,Capital Federal (Retiro),,,https://open.app.jobrapido.com/ar/3960781283029680128/?w=ingeniero%20datos&l=&oc=sponsored&k=web.1.4.17&uuid=arF001a06ef0ef068762&page_item_id=463038350,Ingeniero de Datos,jobrapido,2026-09-04T20:21:19.889574,,,,
1599566318485372928,Ayudante de Desarrollo – Alta Gracia (Temporal 6 meses),Syngenta Crop Protection,Alta Gracia,,,https://open.app.jobrapido.com/ar/1599566318485372928/?w=ingeniero%20datos&l=&oc=sponsored&k=web.1.4.18&uuid=arF001a06ef0ef068762&page_item_id=-381189883,Ingeniero de Datos,jobrapido,2026-09-04T20:21:19.890059,,,,
1578935580517990400,Supervisor (Rosario) de Instalación de Puntos de Monitoreo de Videovigilancia Urbana,NEC Argentina S.A.,Capital Federal,,,https://open.app.jobrapido.com/ar/1578935580517990400/?w=ingeniero%20datos&l=&oc=sponsored&k=web.1.4.19&uuid=arF001a06ef0ef068762&page_item_id=-1726014606,Ingeniero de Datos,jobrapido,2026-09-04T20:21:19.890573,,,,
9168756388757766144,INGENIEROS/AS DE PERFORACIÓN,Human Consulting,Comodoro Rivadavia,,,https://open.app.jobrapido.com/ar/9168756388757766144/?w=ingeniero%20datos&l=&oc=sponsored&k=web.1.5.0&uuid=arF001a06ef2bd248863&page_item_id=-1516382728,Ingeniero de Datos,jobrapido,2026-09-04T20:23:18.041088,,,,
7819522838267691008,Administrador de Servidores y SAP BASIS,Sinteplast,Ezeiza,,,https://open.app.jobrapido.com/ar/7819522838267691008/?w=ingeniero%20datos&l=&oc=sponsored&k=web.1.5.1&uuid=arF001a06ef2bd248863&page_item_id=-19144737,Ingeniero de Datos,jobrapido,2026-09-04T20:23:18.041646,,,,
7370038722441510912,Analista de ventas,Taynes Consultores,Capital Federal,,,https://open.app.jobrapido.com/ar/7370038722441510912/?w=ingeniero%20datos&l=&oc=sponsored&k=web.1.5.2&uuid=arF001a06ef2bd248863&page_item_id=-2046029992,Ingeniero de Datos,jobrapido,2026-09-04T20:23:18.042133,,,,
1020462125480411136,AI Engineer - Ingeniero de Inteligencia Artificial,ThinkBig HR,Capital Federal,,,https://open.app.jobrapido.com/ar/1020462125480411136/?w=ingeniero%20datos&l=&oc=sponsored&k=web.1.5.3&uuid=arF001a06ef2bd248863&page_item_id=1401559583,Ingeniero de Datos,jobrapido,2026-09-04T20:23:18.042626,,,,
5074503823716777984,Principal Project Planner,Worley,Capital Federal,,,https://open.app.jobrapido.com/ar/5074503823716777984/?w=ingeniero%20datos&l=&oc=sponsored&k=web.1.5.4&uuid=arF001a06ef2bd248863&page_item_id=1528104006,Ingeniero de Datos,jobrapido,2026-09-04T20:23:18.043109,,,,
9217389540400955392,Ingeniero/a de Data Center (Infraestructura Crítica),SLC - Recursos Humanos,Capital Federal,,,https://open.app.jobrapido.com/ar/9217389540400955392/?w=ingeniero%20datos&l=&oc=sponsored&k=web.1.5.5&uuid=arF001a06ef2bd248863&page_item_id=1447152269,Ingeniero de Datos,jobrapido,2026-09-04T20:23:18.043598,,,,
7584440655179415552,Gerente/a de Control de Proyectos,Bechtel,Capital Federal,,,https://open.app.jobrapido.com/ar/7584440655179415552/?w=ingeniero%20datos&l=&oc=sponsored&k=web.1.5.6&uuid=arF001a06ef2bd248863&page_item_id=-1827993339,Ingeniero de Datos,jobrapido,2026-09-04T20:23:18.044081,,,,
2224866552660885504,Group Product Manager,Alegra,Capital Federal (Palermo),,,https://open.app.jobrapido.com/ar/2224866552660885504/?w=ingeniero%20datos&l=&oc=sponsored&k=web.1.5.7&uuid=arF001a06ef2bd248863&page_item_id=-1339660680,Ingeniero de Datos,jobrapido,2026-09-04T20:23:18.044565,,,,
4863933053346512896,Ingeniero de Ventas Bs As - 0203,AccelRH,Capital Federal,,,https://open.app.jobrapido.com/ar/4863933053346512896/?w=ingeniero%20datos&l=&oc=sponsored&k=web.1.5.8&uuid=arF001a06ef2bd248863&page_item_id=1119640742,Ingeniero de Datos,jobrapido,2026-09-04T20:23:18.045043,,,,
4324736519634944000,INGENIERO DE PRODUCTO/PROYECTOS,Gabriela Pipman & Asociados,Ezeiza,,,https://open.app.jobrapido.com/ar/4324736519634944000/?w=ingeniero%20datos&l=&oc=sponsored&k=web.1.5.9&uuid=arF001a06ef2bd248863&page_item_id=-235013508,Ingeniero de Datos,jobrapido,2026-09-04T20:23:18.045527,,,,
9204035026788810752,Gerente/a de Ingeniería de Proyectos,Bechtel,Capital Federal,,,https://open.app.jobrapido.com/ar/9204035026788810752/?w=ingeniero%20datos&l=&oc=sponsored&k=web.1.5.10&uuid=arF001a06ef2bd248863&page_item_id=2095161139,Ingeniero de Datos,jobrapido,2026-09-04T20:23:18.046008,,,,
2025402206940823552,Ingeniero de Proyecto,SLC - Recursos Humanos,Vicente López,,,https://open.app.jobrapido.com/ar/2025402206940823552/?w=ingeniero%20datos&l=&oc=sponsored&k=web.1.5.11&uuid=arF001a06ef2bd248863&page_item_id=-754917961,Ingeniero de Datos,jobrapido,2026-09-04T20:23:18.046489,,,,
5009355371769233408,Responsable de ventas de autopartes,Taynes Consultores,Capital Federal,,,https://open.app.jobrapido.com/ar/5009355371769233408/?w=ingeniero%20datos&l=&oc=sponsored&k=web.1.5.12&uuid=arF001a06ef2bd248863&page_item_id=511067279,Ingeniero de Datos,jobrapido,2026-09-04T20:23:18.046974,,,,
1805023208735244288,Soporte Comercial Division Líquidos y Polvos para Argentina & Chile,GEA,Capital Federal (Parque Patricios),,,https://open.app.jobrapido.com/ar/1805023208735244288/?w=ingeniero%20datos&l=&oc=sponsored&k=web.1.5.13&uuid=arF001a06ef2bd248863&page_item_id=-683382300,Ingeniero de Datos,jobrapido,2026-09-04T20:23:18.047456,,,,
1812802528379666432,Service Sales Support Intern- (Contrato 12 meses),GEA,Capital Federal (Parque Patricios),,,https://open.app.jobrapido.com/ar/1812802528379666432/?w=ingeniero%20datos&l=&oc=sponsored&k=web.1.5.14&uuid=arF001a06ef2bd248863&page_item_id=1779257937,Ingeniero de Datos,jobrapido,2026-09-04T20:23:18.047945,,,,
2790747048167604224,Coordinador Administrativo de Producción,Nespresso Deutschland GmbH,Firmat,,,https://open.app.jobrapido.com/ar/2790747048167604224/?w=ingeniero%20datos&l=&oc=sponsored&k=web.1.5.16&uuid=arF001a06ef2bd248863&page_item_id=-824145841,Ingeniero de Datos,jobrapido,2026-09-04T20:23:18.048569,,,,
7764638061077463040,Inspector/a de Ventas - Zona PBA Centro y Sur,Cementos Avellaneda y Cementos Artigas,Capital Federal,,,https://open.app.jobrapido.com/ar/7764638061077463040/?w=ingeniero%20datos&l=&oc=sponsored&k=web.1.5.17&uuid=arF001a06ef2bd248863&page_item_id=362307352,Ingeniero de Datos,jobrapido,2026-09-04T20:23:18.049052,,,,
601627669372600320,Inspector/a de Ventas - Zona entre Rios y Corrientes,Cementos Avellaneda y Cementos Artigas,Paraná,,,https://open.app.jobrapido.com/ar/601627669372600320/?w=ingeniero%20datos&l=&oc=sponsored&k=web.1.5.18&uuid=arF001a06ef2bd248863&page_item_id=901405775,Ingeniero de Datos,jobrapido,2026-09-04T20:23:18.049541,,,,
5546978830758969344,Lead Full-Stack Engineer - Fintech (Remote),Cashea,Capital Federal,,,https://open.app.jobrapido.com/ar/5546978830758969344/?w=ingeniero%20datos&l=&oc=sponsored&k=web.1.5.19&uuid=arF001a06ef2bd248863&page_item_id=-398838971,Ingeniero de Datos,jobrapido,2026-09-04T20:23:18.050022,,,,
