job_id,titulo,empresa,ubicacion,descripcion,fecha_pub,url,keyword,fuente,fecha_scrap,nivel,tipo_empleo,modalidad,salario
676655499583684608,Data Scientist,Scale Up Recruiting Partners,Rosario,,,https://open.app.jobrapido.com/ar/676655499583684608/?w=data%20scientist&l=&oc=sponsored&k=web.1.1.0&uuid=arF001a0754080323929&page_item_id=-1247493455,Data Scientist,jobrapido,2026-09-06T01:45:57.636194,,,,
2606064210353848320,Senior Data Scientist - MMM ID71005,"AgileEngine, LLC.",Rosario,,,https://open.app.jobrapido.com/ar/2606064210353848320/?w=data%20scientist&l=&oc=sponsored&k=web.1.1.1&uuid=arF001a0754080323929&page_item_id=-1453498676,Data Scientist,jobrapido,2026-09-06T01:45:57.636760,,,,
9160370671270756352,Senior Data Scientist — MMM & Time‑Series (Remote),"AgileEngine, LLC.",Rosario,,,https://open.app.jobrapido.com/ar/9160370671270756352/?w=data%20scientist&l=&oc=sponsored&k=web.1.1.2&uuid=arF001a0754080323929&page_item_id=-2025527718,Data Scientist,jobrapido,2026-09-06T01:45:57.637250,,,,
2139995524990763008,Remote GenAI Data Scientist - Python & Open-Source Tools,Scale Up Recruiting Partners,Rosario,,,https://open.app.jobrapido.com/ar/2139995524990763008/?w=data%20scientist&l=&oc=sponsored&k=web.1.1.3&uuid=arF001a0754080323929&page_item_id=1669628950,Data Scientist,jobrapido,2026-09-06T01:45:57.637737,,,,
4238912455901708288,Senior Data Scientist ID80052,AgileEngine,Rosario,,,https://open.app.jobrapido.com/ar/4238912455901708288/?w=data%20scientist&l=&oc=sponsored&k=web.1.1.4&uuid=arF001a0754080323929&page_item_id=-847745580,Data Scientist,jobrapido,2026-09-06T01:45:57.638216,,,,
7243563583525617664,Senior Data Scientist ID71658,AgileEngine,Rosario,,,https://open.app.jobrapido.com/ar/7243563583525617664/?w=data%20scientist&l=&oc=sponsored&k=web.1.1.5&uuid=arF001a0754080323929&page_item_id=1629169297,Data Scientist,jobrapido,2026-09-06T01:45:57.638698,,,,
8762344249380306944,Senior Data Scientist – MMM ID71005,AgileEngine,Rosario,,,https://open.app.jobrapido.com/ar/8762344249380306944/?w=data%20scientist&l=&oc=sponsored&k=web.1.1.6&uuid=arF001a0754080323929&page_item_id=-1050122190,Data Scientist,jobrapido,2026-09-06T01:45:57.639178,,,,
156745499334934528,Senior Data Scientist (MMM) ID71005,AgileEngine,Rosario,,,https://open.app.jobrapido.com/ar/156745499334934528/?w=data%20scientist&l=&oc=sponsored&k=web.1.1.7&uuid=arF001a0754080323929&page_item_id=-331116072,Data Scientist,jobrapido,2026-09-06T01:45:57.639659,,,,
9022480918031368192,Data Scientist,Scale Up Recruiting Partners,Córdoba Capital,,,https://open.app.jobrapido.com/ar/9022480918031368192/?w=data%20scientist&l=&oc=sponsored&k=web.1.1.8&uuid=arF001a0754080323929&page_item_id=796933850,Data Scientist,jobrapido,2026-09-06T01:45:57.640135,,,,
4925197016612470784,Data Scientist,Scale Up Recruiting Partners,Mendoza Capital,,,https://open.app.jobrapido.com/ar/4925197016612470784/?w=data%20scientist&l=&oc=sponsored&k=web.1.1.9&uuid=arF001a0754080323929&page_item_id=1691546594,Data Scientist,jobrapido,2026-09-06T01:45:57.640617,,,,
8883203031361912832,Data Scientist,SCALEUP,Capital Federal,,,https://open.app.jobrapido.com/ar/8883203031361912832/?w=data%20scientist&l=&oc=sponsored&k=web.1.1.10&uuid=arF001a0754080323929&page_item_id=-478802862,Data Scientist,jobrapido,2026-09-06T01:45:57.641093,,,,
5723614806825500672,Data Scientist,Scale Up Recruiting Partners,Capital Federal,,,https://open.app.jobrapido.com/ar/5723614806825500672/?w=data%20scientist&l=&oc=sponsored&k=web.1.1.11&uuid=arF001a0754080323929&page_item_id=-199873889,Data Scientist,jobrapido,2026-09-06T01:45:57.641573,,,,
1779930480783654912,Data Scientist,Scale Up Recruiting Partners,Río Negro,,,https://open.app.jobrapido.com/ar/1779930480783654912/?w=data%20scientist&l=&oc=sponsored&k=web.1.1.12&uuid=arF001a0754080323929&page_item_id=1468799868,Data Scientist,jobrapido,2026-09-06T01:45:57.642048,,,,
2942462767136768,Data Scientist,ID90 Travel,Córdoba Capital,,,https://open.app.jobrapido.com/ar/2942462767136768/?w=data%20scientist&l=&oc=sponsored&k=web.1.1.13&uuid=arF001a0754080323929&page_item_id=-1915848466,Data Scientist,jobrapido,2026-09-06T01:45:57.642527,,,,
3974851458452422656,Data Scientist,AccelOne,Capital Federal,,,https://open.app.jobrapido.com/ar/3974851458452422656/?w=data%20scientist&l=&oc=sponsored&k=web.1.1.14&uuid=arF001a0754080323929&page_item_id=-771290630,Data Scientist,jobrapido,2026-09-06T01:45:57.642999,,,,
5439588688260497408,Data Scientist,ID90 Travel,Córdoba,,,https://open.app.jobrapido.com/ar/5439588688260497408/?w=data%20scientist&l=&oc=sponsored&k=web.1.1.15&uuid=arF001a0754080323929&page_item_id=1325841731,Data Scientist,jobrapido,2026-09-06T01:45:57.643468,,,,
1248778334918148096,Data Scientist,Grupo Petersen,Capital Federal,,,https://open.app.jobrapido.com/ar/1248778334918148096/?w=data%20scientist&l=&oc=sponsored&k=web.1.1.16&uuid=arF001a0754080323929&page_item_id=-658643746,Data Scientist,jobrapido,2026-09-06T01:45:57.643945,,,,
8513175587173433344,"Senior Data Scientist, DTC",Levi Strauss & Co.,Puerto Santa Cruz,,,https://open.app.jobrapido.com/ar/8513175587173433344/?w=data%20scientist&l=&oc=sponsored&k=web.1.1.17&uuid=arF001a0754080323929&page_item_id=-1987389738,Data Scientist,jobrapido,2026-09-06T01:45:57.644418,,,,
4066642606149337088,"Data Scientist Specialist, SoCo",Mondelēz International,Capital Federal,,,https://open.app.jobrapido.com/ar/4066642606149337088/?w=data%20scientist&l=&oc=sponsored&k=web.1.1.18&uuid=arF001a0754080323929&page_item_id=2124743552,Data Scientist,jobrapido,2026-09-06T01:45:57.644902,,,,
8308941852069855232,GenAI Data Scientist — Remote (Argentina),Scale Up Recruiting Partners,Córdoba Capital,,,https://open.app.jobrapido.com/ar/8308941852069855232/?w=data%20scientist&l=&oc=sponsored&k=web.1.1.19&uuid=arF001a0754080323929&page_item_id=-1867260545,Data Scientist,jobrapido,2026-09-06T01:45:57.645557,,,,
7441723771016183808,Product Data Scientist,Marathon Talent,Capital Federal,,,https://open.app.jobrapido.com/ar/7441723771016183808/?w=data%20scientist&l=&oc=sponsored&k=web.1.2.0&uuid=arF001a0754271ec3a3f&page_item_id=-143813373,Data Scientist,jobrapido,2026-09-06T01:48:04.866740,,,,
1814042004401684480,Sr Data Scientist,"Despegar.com, Inc",Capital Federal,,,https://open.app.jobrapido.com/ar/1814042004401684480/?w=data%20scientist&l=&oc=sponsored&k=web.1.2.1&uuid=arF001a0754271ec3a3f&page_item_id=608219076,Data Scientist,jobrapido,2026-09-06T01:48:04.867287,,,,
4147909091106226176,GenAI Data Scientist — Remote (Argentina),Scale Up Recruiting Partners,Río Negro,,,https://open.app.jobrapido.com/ar/4147909091106226176/?w=data%20scientist&l=&oc=sponsored&k=web.1.2.2&uuid=arF001a0754271ec3a3f&page_item_id=-1670244251,Data Scientist,jobrapido,2026-09-06T01:48:04.867784,,,,
6265491245510950912,Data Scientist Sr,FYG | For Your Growth,Capital Federal,,,https://open.app.jobrapido.com/ar/6265491245510950912/?w=data%20scientist&l=&oc=sponsored&k=web.1.2.3&uuid=arF001a0754271ec3a3f&page_item_id=1725159370,Data Scientist,jobrapido,2026-09-06T01:48:04.868303,,,,
8398077060710400000,Senior Data Scientist – MMM ID71005,"AgileEngine, LLC.",Santiago Del Estero Capital,,,https://open.app.jobrapido.com/ar/8398077060710400000/?w=data%20scientist&l=&oc=sponsored&k=web.1.2.4&uuid=arF001a0754271ec3a3f&page_item_id=-242368793,Data Scientist,jobrapido,2026-09-06T01:48:04.868796,,,,
7362341505391919104,Senior Data Scientist – MMM ID71005,"AgileEngine, LLC.",Mendoza Capital,,,https://open.app.jobrapido.com/ar/7362341505391919104/?w=data%20scientist&l=&oc=sponsored&k=web.1.2.5&uuid=arF001a0754271ec3a3f&page_item_id=-245906415,Data Scientist,jobrapido,2026-09-06T01:48:04.869282,,,,
4585498501164564480,Senior Data Scientist – MMM ID71005,"AgileEngine, LLC.",Córdoba Capital,,,https://open.app.jobrapido.com/ar/4585498501164564480/?w=data%20scientist&l=&oc=sponsored&k=web.1.2.6&uuid=arF001a0754271ec3a3f&page_item_id=-423454805,Data Scientist,jobrapido,2026-09-06T01:48:04.869772,,,,
1811588993960116224,Senior Data Scientist – MMM ID71005,"AgileEngine, LLC.",San Carlos De Bariloche,,,https://open.app.jobrapido.com/ar/1811588993960116224/?w=data%20scientist&l=&oc=sponsored&k=web.1.2.7&uuid=arF001a0754271ec3a3f&page_item_id=-1692194690,Data Scientist,jobrapido,2026-09-06T01:48:04.870255,,,,
1705538898437865472,Senior Data Scientist – MMM ID71005,"AgileEngine, LLC.",Capital Federal,,,https://open.app.jobrapido.com/ar/1705538898437865472/?w=data%20scientist&l=&oc=sponsored&k=web.1.2.8&uuid=arF001a0754271ec3a3f&page_item_id=-1826440666,Data Scientist,jobrapido,2026-09-06T01:48:04.870744,,,,
2403457202703564800,Data Scientist (LATAM),Startups BPO,Capital Federal,,,https://open.app.jobrapido.com/ar/2403457202703564800/?w=data%20scientist&l=&oc=sponsored&k=web.1.2.9&uuid=arF001a0754271ec3a3f&page_item_id=123413856,Data Scientist,jobrapido,2026-09-06T01:48:04.871224,,,,
4913435695348973568,"Manager, Clinical Data Scientist, Clinical Data Sciences","Pfizer, S.A. de C.V",Capital Federal,,,https://open.app.jobrapido.com/ar/4913435695348973568/?w=data%20scientist&l=&oc=sponsored&k=web.1.2.10&uuid=arF001a0754271ec3a3f&page_item_id=2069060569,Data Scientist,jobrapido,2026-09-06T01:48:04.871710,,,,
675316638018437120,"Data Scientist Specialist — Hybrid, Forecasting Pro",Mondelēz International,Capital Federal,,,https://open.app.jobrapido.com/ar/675316638018437120/?w=data%20scientist&l=&oc=sponsored&k=web.1.2.11&uuid=arF001a0754271ec3a3f&page_item_id=-1026586399,Data Scientist,jobrapido,2026-09-06T01:48:04.872195,,,,
7177883036669706240,Senior Data Scientist - Remote MMM & MultiObjective Analytics,"AgileEngine, LLC.",San Carlos De Bariloche,,,https://open.app.jobrapido.com/ar/7177883036669706240/?w=data%20scientist&l=&oc=sponsored&k=web.1.2.12&uuid=arF001a0754271ec3a3f&page_item_id=1333996733,Data Scientist,jobrapido,2026-09-06T01:48:04.872679,,,,
9142360670807785472,Senior Data Scientist - Meridian MMM TimeSeries (Remote),"AgileEngine, LLC.",Mar Del Plata,,,https://open.app.jobrapido.com/ar/9142360670807785472/?w=data%20scientist&l=&oc=sponsored&k=web.1.2.13&uuid=arF001a0754271ec3a3f&page_item_id=600623915,Data Scientist,jobrapido,2026-09-06T01:48:04.873160,,,,
2151793628354183168,Senior Data Scientist: Cost Insights & Experimentation (1Y),Xometry,Rincón De Los Sauces,,,https://open.app.jobrapido.com/ar/2151793628354183168/?w=data%20scientist&l=&oc=sponsored&k=web.1.2.14&uuid=arF001a0754271ec3a3f&page_item_id=-573746348,Data Scientist,jobrapido,2026-09-06T01:48:04.873644,,,,
2209660581726650368,Senior Data Scientist — MMM Attribution & AI (Remote),"AgileEngine, LLC.",Capital Federal,,,https://open.app.jobrapido.com/ar/2209660581726650368/?w=data%20scientist&l=&oc=sponsored&k=web.1.2.15&uuid=arF001a0754271ec3a3f&page_item_id=-521834910,Data Scientist,jobrapido,2026-09-06T01:48:04.874127,,,,
6897366078184226816,Senior Data Scientist — Global ML & AI Lead,Levi Strauss & Co.,Puerto Santa Cruz,,,https://open.app.jobrapido.com/ar/6897366078184226816/?w=data%20scientist&l=&oc=sponsored&k=web.1.2.16&uuid=arF001a0754271ec3a3f&page_item_id=-1593953284,Data Scientist,jobrapido,2026-09-06T01:48:04.874617,,,,
7977488024562827264,"Data Scientist — Python, AI & Big Data (Remoto)",MindIT HR Agency,Capital Federal,,,https://open.app.jobrapido.com/ar/7977488024562827264/?w=data%20scientist&l=&oc=sponsored&k=web.1.2.17&uuid=arF001a0754271ec3a3f&page_item_id=-1337827845,Data Scientist,jobrapido,2026-09-06T01:48:04.875099,,,,
4438808256856457216,Senior Data Scientist - Meridian MMM (Remote),"AgileEngine, LLC.",Santiago Del Estero Capital,,,https://open.app.jobrapido.com/ar/4438808256856457216/?w=data%20scientist&l=&oc=sponsored&k=web.1.2.18&uuid=arF001a0754271ec3a3f&page_item_id=-277990826,Data Scientist,jobrapido,2026-09-06T01:48:04.875587,,,,
1290509199238758400,Remote Senior Data Scientist — Risk & Threat ML,Lato Jobs,Remoto,,,https://open.app.jobrapido.com/ar/1290509199238758400/?w=data%20scientist&l=&oc=sponsored&k=web.1.2.19&uuid=arF001a0754271ec3a3f&page_item_id=-361702450,Data Scientist,jobrapido,2026-09-06T01:48:04.876067,,,,
3150241256861335552,Remote Data Scientist: Travel Personalization & Insights,Zicasso,Remoto,,,https://open.app.jobrapido.com/ar/3150241256861335552/?w=data%20scientist&l=&oc=sponsored&k=web.1.3.10&uuid=arF001a075447db63add&page_item_id=-1162762019,Data Scientist,jobrapido,2026-09-06T01:50:18.932318,,,,
1759582093966311424,"Senior Data Scientist, Meridian MMM & Time‑Series","AgileEngine, LLC.",Córdoba Capital,,,https://open.app.jobrapido.com/ar/1759582093966311424/?w=data%20scientist&l=&oc=sponsored&k=web.1.3.11&uuid=arF001a075447db63add&page_item_id=-1210826850,Data Scientist,jobrapido,2026-09-06T01:50:18.932870,,,,
889824415930384384,Remote Data Scientist — GenAI & RAG Pipelines (Python),Scale Up Recruiting Partners,Mendoza Capital,,,https://open.app.jobrapido.com/ar/889824415930384384/?w=data%20scientist&l=&oc=sponsored&k=web.1.3.12&uuid=arF001a075447db63add&page_item_id=-314239149,Data Scientist,jobrapido,2026-09-06T01:50:18.933403,,,,
1349482398747721728,Remote Data Scientist — GenAI & Open-Source Tools,SCALEUP,Capital Federal,,,https://open.app.jobrapido.com/ar/1349482398747721728/?w=data%20scientist&l=&oc=sponsored&k=web.1.3.13&uuid=arF001a075447db63add&page_item_id=1875640532,Data Scientist,jobrapido,2026-09-06T01:50:18.933935,,,,
8356604736241139712,Remote Data Scientist: NLP & Production Analytics,IV.AI,Remoto,,,https://open.app.jobrapido.com/ar/8356604736241139712/?w=data%20scientist&l=&oc=sponsored&k=web.1.3.14&uuid=arF001a075447db63add&page_item_id=1572245737,Data Scientist,jobrapido,2026-09-06T01:50:18.934459,,,,
1402334428046295040,Anuncios Google,"Pfizer, S.A. de C.V",Capital Federal,,,https://open.app.jobrapido.com/ar/1402334428046295040/?w=data%20scientist&l=&oc=sponsored&k=web.1.4.0&uuid=arF001a07544f8993b39&page_item_id=654992364,Data Scientist,jobrapido,2026-09-06T01:50:50.427295,,,,
5369469052186001408,"Senior Data Scientist New Buenos Aires, Argentina",Xometry,Capital Federal,,,https://open.app.jobrapido.com/ar/5369469052186001408/?w=data%20scientist&l=&oc=sponsored&k=web.1.4.1&uuid=arF001a07544f8993b39&page_item_id=2101328653,Data Scientist,jobrapido,2026-09-06T01:50:50.427849,,,,
8724133935392489472,Senior Data Scientist - MMM ID71005,"AgileEngine, LLC.",Mendoza,,,https://open.app.jobrapido.com/ar/8724133935392489472/?w=data%20scientist&l=&oc=sponsored&k=web.1.4.2&uuid=arF001a07544f8993b39&page_item_id=1547085055,Data Scientist,jobrapido,2026-09-06T01:50:50.428336,,,,
4692849318942474240,Senior Data Scientist - MMM ID71005,"AgileEngine, LLC.",Santiago Del Estero,,,https://open.app.jobrapido.com/ar/4692849318942474240/?w=data%20scientist&l=&oc=sponsored&k=web.1.4.3&uuid=arF001a07544f8993b39&page_item_id=1477172369,Data Scientist,jobrapido,2026-09-06T01:50:50.428829,,,,
3347243899126022144,Senior Data Scientist - MMM ID71005,"AgileEngine, LLC.",Capital Federal,,,https://open.app.jobrapido.com/ar/3347243899126022144/?w=data%20scientist&l=&oc=sponsored&k=web.1.4.4&uuid=arF001a07544f8993b39&page_item_id=772132276,Data Scientist,jobrapido,2026-09-06T01:50:50.429313,,,,
3206491017607905280,Senior Data Scientist - MMM ID71005,"AgileEngine, LLC.",Córdoba,,,https://open.app.jobrapido.com/ar/3206491017607905280/?w=data%20scientist&l=&oc=sponsored&k=web.1.4.5&uuid=arF001a07544f8993b39&page_item_id=1422446443,Data Scientist,jobrapido,2026-09-06T01:50:50.429803,,,,
286640033513865216,Senior Data Scientist - MMM ID71005,"AgileEngine, LLC.",San Carlos De Bariloche,,,https://open.app.jobrapido.com/ar/286640033513865216/?w=data%20scientist&l=&oc=sponsored&k=web.1.4.6&uuid=arF001a07544f8993b39&page_item_id=-680879348,Data Scientist,jobrapido,2026-09-06T01:50:50.430287,,,,
665187747924803584,Decision Scientist - Data & AI Implementation,Nivii,Capital Federal,,,https://open.app.jobrapido.com/ar/665187747924803584/?w=data%20scientist&l=&oc=sponsored&k=web.1.4.7&uuid=arF001a07544f8993b39&page_item_id=1670301822,Data Scientist,jobrapido,2026-09-06T01:50:50.430776,,,,
3615423306355703808,Senior Data Scientist – MMM ID71005,AgileEngine,Municipalidad De San Miguel De Tucumán,,,https://open.app.jobrapido.com/ar/3615423306355703808/?w=data%20scientist&l=&oc=sponsored&k=web.1.4.8&uuid=arF001a07544f8993b39&page_item_id=-1971306825,Data Scientist,jobrapido,2026-09-06T01:50:50.431267,,,,
1284587573208940544,Senior Data Scientist: Personalización y Marketing IA,"Despegar.com, Inc",Capital Federal,,,https://open.app.jobrapido.com/ar/1284587573208940544/?w=data%20scientist&l=&oc=sponsored&k=web.1.4.9&uuid=arF001a07544f8993b39&page_item_id=-2093920223,Data Scientist,jobrapido,2026-09-06T01:50:50.431759,,,,
1375720388318724096,Senior Data Scientist — 1-Year Contract (Pricing & Modeling),Xometry,Capital Federal,,,https://open.app.jobrapido.com/ar/1375720388318724096/?w=data%20scientist&l=&oc=sponsored&k=web.1.4.10&uuid=arF001a07544f8993b39&page_item_id=1313475270,Data Scientist,jobrapido,2026-09-06T01:50:50.432246,,,,
112108161925644288,"Senior Data Scientist Lead — Remote, AWS & ML Strategy",Coderio,Rincón De Los Sauces,,,https://open.app.jobrapido.com/ar/112108161925644288/?w=data%20scientist&l=&oc=sponsored&k=web.1.4.11&uuid=arF001a07544f8993b39&page_item_id=917368775,Data Scientist,jobrapido,2026-09-06T01:50:50.432740,,,,
4241528589201178624,Hybrid Data Scientist — Travel Tech & End-to-End ML,ID90 Travel,Córdoba Capital,,,https://open.app.jobrapido.com/ar/4241528589201178624/?w=data%20scientist&l=&oc=sponsored&k=web.1.4.12&uuid=arF001a07544f8993b39&page_item_id=957450269,Data Scientist,jobrapido,2026-09-06T01:50:50.433230,,,,
2670930654748737536,Remote Senior Data Scientist Lead - AWS ML & Strategy,Medium,Neuquén,,,https://open.app.jobrapido.com/ar/2670930654748737536/?w=data%20scientist&l=&oc=sponsored&k=web.1.4.13&uuid=arF001a07544f8993b39&page_item_id=546003942,Data Scientist,jobrapido,2026-09-06T01:50:50.433721,,,,
8388692883586154496,Staff Data Scientist: End-to-End ML for ROAS (Remote),Launch Potato,La Plata,,,https://open.app.jobrapido.com/ar/8388692883586154496/?w=data%20scientist&l=&oc=sponsored&k=web.1.4.14&uuid=arF001a07544f8993b39&page_item_id=34628054,Data Scientist,jobrapido,2026-09-06T01:50:50.434207,,,,
2353611186655723520,Remote Senior Medical Scientist – HIV/Infectious Disease,"Syneos Health, Inc.",Remoto,,,https://open.app.jobrapido.com/ar/2353611186655723520/?w=data%20scientist&l=&oc=sponsored&k=web.1.5.0&uuid=arF001a0754682ad3bfe&page_item_id=-635323523,Data Scientist,jobrapido,2026-09-06T01:52:31.441930,,,,
3337754168885510144,"Remote Staff Applied Scientist, AdTech & ROAS Impact",Launch2,Capital Federal,,,https://open.app.jobrapido.com/ar/3337754168885510144/?w=data%20scientist&l=&oc=sponsored&k=web.1.5.1&uuid=arF001a0754682ad3bfe&page_item_id=-668912550,Data Scientist,jobrapido,2026-09-06T01:52:31.442481,,,,
1485879719571226624,Senior Medical Scientist — 100% Remote,Syneos Health,Remoto,,,https://open.app.jobrapido.com/ar/1485879719571226624/?w=data%20scientist&l=&oc=sponsored&k=web.1.5.2&uuid=arF001a0754682ad3bfe&page_item_id=-390957529,Data Scientist,jobrapido,2026-09-06T01:52:31.442975,,,,
660874363809038336,Data Science Mentor & Live Instructor – Remote,TripleTen,Capital Federal,,,https://open.app.jobrapido.com/ar/660874363809038336/?w=data%20scientist&l=&oc=sponsored&k=web.1.5.3&uuid=arF001a0754682ad3bfe&page_item_id=-1922986906,Data Scientist,jobrapido,2026-09-06T01:52:31.443461,,,,
7610544315353268224,Principal NLP Scientist,Sourceability,Esquel,,,https://open.app.jobrapido.com/ar/7610544315353268224/?w=data%20scientist&l=&oc=sponsored&k=web.1.5.4&uuid=arF001a0754682ad3bfe&page_item_id=289044949,Data Scientist,jobrapido,2026-09-06T01:52:31.443949,,,,
3654846725266341888,SR Marketing Operations IRC301285,GlobalLogic,Capital Federal,,,https://open.app.jobrapido.com/ar/3654846725266341888/?w=data%20scientist&l=&oc=sponsored&k=web.1.5.5&uuid=arF001a0754682ad3bfe&page_item_id=-967309829,Data Scientist,jobrapido,2026-09-06T01:52:31.444430,,,,
6361642042711343104,Senior Data Scientist — End-to-End AI/ML Solution Architect,"Solvd, Inc.",Argentina,,,https://open.app.jobrapido.com/ar/6361642042711343104/?w=data%20scientist&l=&oc=sponsored&k=web.1.5.6&uuid=arF001a0754682ad3bfe&page_item_id=1438245823,Data Scientist,jobrapido,2026-09-06T01:52:31.444919,,,,
101655603096584192,Senior Analytics & ML Product Lead,MissionHires,Remoto,,,https://open.app.jobrapido.com/ar/101655603096584192/?w=data%20scientist&l=&oc=sponsored&k=web.1.5.7&uuid=arF001a0754682ad3bfe&page_item_id=1578309480,Data Scientist,jobrapido,2026-09-06T01:52:31.445401,,,,
2604649482486284288,Remote Senior Medical Scientist - HIV/Infectious Disease,"Syneos Health, Inc.",Remoto,,,https://open.app.jobrapido.com/ar/2604649482486284288/?w=data%20scientist&l=&oc=sponsored&k=web.1.5.8&uuid=arF001a0754682ad3bfe&page_item_id=1786257861,Data Scientist,jobrapido,2026-09-06T01:52:31.445888,,,,
3614681136006955008,Machine Learning Specialist,Pacifica Continental,Capital Federal,,,https://open.app.jobrapido.com/ar/3614681136006955008/?w=data%20scientist&l=&oc=sponsored&k=web.1.5.9&uuid=arF001a0754682ad3bfe&page_item_id=-1078972294,Data Scientist,jobrapido,2026-09-06T01:52:31.446367,,,,
5094196506466975744,SR Marketing Operations IRC301285,GlobalLogic,Remoto,,,https://open.app.jobrapido.com/ar/5094196506466975744/?w=data%20scientist&l=&oc=sponsored&k=web.1.5.10&uuid=arF001a0754682ad3bfe&page_item_id=670032462,Data Scientist,jobrapido,2026-09-06T01:52:31.446850,,,,
8453928746708107264,Data Science (Python IA),MindIT HR Agency,Capital Federal,,,https://open.app.jobrapido.com/ar/8453928746708107264/?w=data%20scientist&l=&oc=sponsored&k=web.1.5.11&uuid=arF001a0754682ad3bfe&page_item_id=-1059303739,Data Scientist,jobrapido,2026-09-06T01:52:31.447328,,,,
807972922068041728,Data Science Teaching Experts,TripleTen,Capital Federal,,,https://open.app.jobrapido.com/ar/807972922068041728/?w=data%20scientist&l=&oc=sponsored&k=web.1.5.12&uuid=arF001a0754682ad3bfe&page_item_id=1057946432,Data Scientist,jobrapido,2026-09-06T01:52:31.447812,,,,
244690091501420544,AI Engineer – Azure AI Foundry / LangGraph / RAG (Híbrido),Talent Connect,Capital Federal,,,https://open.app.jobrapido.com/ar/244690091501420544/?w=data%20scientist&l=&oc=sponsored&k=web.1.5.13&uuid=arF001a0754682ad3bfe&page_item_id=825528116,Data Scientist,jobrapido,2026-09-06T01:52:31.448295,,,,
4570679008567492608,Decision Scientist,CRNCY Group,Remoto,,,https://open.app.jobrapido.com/ar/4570679008567492608/?w=data%20scientist&l=&oc=sponsored&k=web.1.5.14&uuid=arF001a0754682ad3bfe&page_item_id=-2135316487,Data Scientist,jobrapido,2026-09-06T01:52:31.448780,,,,
7449683427747430400,Data Scientist,Practia Global,Capital Federal,,,https://open.app.jobrapido.com/ar/7449683427747430400/?w=data%20scientist&l=&oc=sponsored&k=web.1.5.15&uuid=arF001a0754682ad3bfe&page_item_id=1148514791,Data Scientist,jobrapido,2026-09-06T01:52:31.449258,,,,
361686804530724864,Data Scientist,Nosis,Esquel,,,https://open.app.jobrapido.com/ar/361686804530724864/?w=data%20scientist&l=&oc=sponsored&k=web.1.5.16&uuid=arF001a0754682ad3bfe&page_item_id=-23438009,Data Scientist,jobrapido,2026-09-06T01:52:31.449739,,,,
3073034237553672192,Data Scientist,Cashea,Capital Federal,,,https://open.app.jobrapido.com/ar/3073034237553672192/?w=data%20scientist&l=&oc=sponsored&k=web.1.5.17&uuid=arF001a0754682ad3bfe&page_item_id=-443416685,Data Scientist,jobrapido,2026-09-06T01:52:31.450214,,,,
2269874116251090944,Senior Data Scientist,SecurityScorecard,Córdoba,,,https://open.app.jobrapido.com/ar/2269874116251090944/?w=data%20scientist&l=&oc=sponsored&k=web.1.5.18&uuid=arF001a0754682ad3bfe&page_item_id=-636376339,Data Scientist,jobrapido,2026-09-06T01:52:31.450699,,,,
1813470138096156672,Senior Data Scientist,SecurityScorecard,Capital Federal,,,https://open.app.jobrapido.com/ar/1813470138096156672/?w=data%20scientist&l=&oc=sponsored&k=web.1.5.19&uuid=arF001a0754682ad3bfe&page_item_id=-1376245214,Data Scientist,jobrapido,2026-09-06T01:52:31.451177,,,,
5777292414737711104,Remote Senior Revenue Analytics (Subscriptions),"AgileEngine, LLC.",Rosario,,,https://open.app.jobrapido.com/ar/5777292414737711104/?w=data%20analyst&l=&oc=sponsored&k=web.1.1.0&uuid=arF001a07548790f3d18&page_item_id=836381015,Data Analyst,jobrapido,2026-09-06T01:54:39.988802,,,,
5084718716235546624,Inventory Analyst I,Advanced Energy Management Limited,Rosario,,,https://open.app.jobrapido.com/ar/5084718716235546624/?w=data%20analyst&l=&oc=sponsored&k=web.1.1.1&uuid=arF001a07548790f3d18&page_item_id=-658038500,Data Analyst,jobrapido,2026-09-06T01:54:39.989355,,,,
4579711496589672448,Sr Web Analyst | Remote for Marketing Agency for Education,Atomic HR,Rosario,,,https://open.app.jobrapido.com/ar/4579711496589672448/?w=data%20analyst&l=&oc=sponsored&k=web.1.1.2&uuid=arF001a07548790f3d18&page_item_id=-961678632,Data Analyst,jobrapido,2026-09-06T01:54:39.989844,,,,
3297663346416812032,Web Analyst | Remote for Marketing Agency for Education,Atomic HR,Rosario,,,https://open.app.jobrapido.com/ar/3297663346416812032/?w=data%20analyst&l=&oc=sponsored&k=web.1.1.3&uuid=arF001a07548790f3d18&page_item_id=-982381638,Data Analyst,jobrapido,2026-09-06T01:54:39.990325,,,,
7591358576182951936,Senior Business Analyst ID85837,AgileEngine,Rosario,,,https://open.app.jobrapido.com/ar/7591358576182951936/?w=data%20analyst&l=&oc=sponsored&k=web.1.1.4&uuid=arF001a07548790f3d18&page_item_id=990749258,Data Analyst,jobrapido,2026-09-06T01:54:39.990806,,,,
8874994283707367424,Senior Data Analyst ID80370,AgileEngine,Rosario,,,https://open.app.jobrapido.com/ar/8874994283707367424/?w=data%20analyst&l=&oc=sponsored&k=web.1.1.5&uuid=arF001a07548790f3d18&page_item_id=1385525858,Data Analyst,jobrapido,2026-09-06T01:54:39.991282,,,,
886547063825760256,Data Analyst - Semi Senior,PwC,Rosario,,,https://open.app.jobrapido.com/ar/886547063825760256/?w=data%20analyst&l=&oc=sponsored&k=web.1.1.6&uuid=arF001a07548790f3d18&page_item_id=-1416288896,Data Analyst,jobrapido,2026-09-06T01:54:39.991762,,,,
2794502636290703360,Senior Credit Retail Analyst - Data-Driven Risk & Insights,TSB Bank,Rosario,,,https://open.app.jobrapido.com/ar/2794502636290703360/?w=data%20analyst&l=&oc=sponsored&k=web.1.1.7&uuid=arF001a07548790f3d18&page_item_id=-1791609862,Data Analyst,jobrapido,2026-09-06T01:54:39.992235,,,,
6980965572196433920,Senior Business Analyst ID77078,AgileEngine,Rosario,,,https://open.app.jobrapido.com/ar/6980965572196433920/?w=data%20analyst&l=&oc=sponsored&k=web.1.1.8&uuid=arF001a07548790f3d18&page_item_id=2065514789,Data Analyst,jobrapido,2026-09-06T01:54:39.992714,,,,
4219479601493049344,Revenue Management Analyst ID86906,AgileEngine,Rosario,,,https://open.app.jobrapido.com/ar/4219479601493049344/?w=data%20analyst&l=&oc=sponsored&k=web.1.1.9&uuid=arF001a07548790f3d18&page_item_id=-1309259967,Data Analyst,jobrapido,2026-09-06T01:54:39.993226,,,,
3677629482367188992,Data Analyst,Vintti,Capital Federal,,,https://open.app.jobrapido.com/ar/3677629482367188992/?w=data%20analyst&l=&oc=sponsored&k=web.1.1.10&uuid=arF001a07548790f3d18&page_item_id=-1994631001,Data Analyst,jobrapido,2026-09-06T01:54:39.993711,,,,
2046842443164286976,Data Analyst,Fusemachines,Capital Federal,,,https://open.app.jobrapido.com/ar/2046842443164286976/?w=data%20analyst&l=&oc=sponsored&k=web.1.1.11&uuid=arF001a07548790f3d18&page_item_id=2121636287,Data Analyst,jobrapido,2026-09-06T01:54:39.994183,,,,
1365118553606324224,Strategic Data & Projects Analyst,Contactica,Capital Federal,,,https://open.app.jobrapido.com/ar/1365118553606324224/?w=data%20analyst&l=&oc=sponsored&k=web.1.1.12&uuid=arF001a07548790f3d18&page_item_id=-468638877,Data Analyst,jobrapido,2026-09-06T01:54:39.994665,,,,
378997360979607552,Strategic Data & Projects Analyst,Contáctica,Capital Federal,,,https://open.app.jobrapido.com/ar/378997360979607552/?w=data%20analyst&l=&oc=sponsored&k=web.1.1.13&uuid=arF001a07548790f3d18&page_item_id=706011229,Data Analyst,jobrapido,2026-09-06T01:54:39.995140,,,,
6277780091837612032,Infrastructure Data & Analytics Analyst,JPMorganChase,Capital Federal,,,https://open.app.jobrapido.com/ar/6277780091837612032/?w=data%20analyst&l=&oc=sponsored&k=web.1.1.14&uuid=arF001a07548790f3d18&page_item_id=1055928543,Data Analyst,jobrapido,2026-09-06T01:54:39.995618,,,,
4841471697238360064,Data analyst,AnnexBox,Capital Federal,,,https://open.app.jobrapido.com/ar/4841471697238360064/?w=data%20analyst&l=&oc=sponsored&k=web.1.1.15&uuid=arF001a07548790f3d18&page_item_id=1050705254,Data Analyst,jobrapido,2026-09-06T01:54:39.996090,,,,
5022526593357053952,Data analyst,AnnexBox,Posadas,,,https://open.app.jobrapido.com/ar/5022526593357053952/?w=data%20analyst&l=&oc=sponsored&k=web.1.1.16&uuid=arF001a07548790f3d18&page_item_id=582829842,Data Analyst,jobrapido,2026-09-06T01:54:39.996566,,,,
1262614176925220864,Data Analyst Excel - Remote,YO IT Consulting,Remoto,,,https://open.app.jobrapido.com/ar/1262614176925220864/?w=data%20analyst&l=&oc=sponsored&k=web.1.1.17&uuid=arF001a07548790f3d18&page_item_id=-1708688031,Data Analyst,jobrapido,2026-09-06T01:54:39.997041,,,,
8276848207166701568,Data Analyst / Data Engineer,Pavago,Remoto,,,https://open.app.jobrapido.com/ar/8276848207166701568/?w=data%20analyst&l=&oc=sponsored&k=web.1.1.18&uuid=arF001a07548790f3d18&page_item_id=1350082827,Data Analyst,jobrapido,2026-09-06T01:54:39.997518,,,,
7545525794756362240,Senior Data Governance Analyst,Blend,Esquel,,,https://open.app.jobrapido.com/ar/7545525794756362240/?w=data%20analyst&l=&oc=sponsored&k=web.1.1.19&uuid=arF001a07548790f3d18&page_item_id=259270760,Data Analyst,jobrapido,2026-09-06T01:54:39.997997,,,,
6870944470171385856,"Data Analyst, Operations",Brainlabs,Capital Federal,,,https://open.app.jobrapido.com/ar/6870944470171385856/?w=data%20analyst&l=&oc=sponsored&k=web.1.2.5&uuid=arF001a0754a7a753df5&page_item_id=-296571457,Data Analyst,jobrapido,2026-09-06T01:56:51.330559,,,,
6090159427673915392,Campaign Data Analyst,Blend,Capital Federal,,,https://open.app.jobrapido.com/ar/6090159427673915392/?w=data%20analyst&l=&oc=sponsored&k=web.1.2.6&uuid=arF001a0754a7a753df5&page_item_id=-139995025,Data Analyst,jobrapido,2026-09-06T01:56:51.331064,,,,
7576767318147989504,Sr. Data Analyst,PwC,Vicente López,,,https://open.app.jobrapido.com/ar/7576767318147989504/?w=data%20analyst&l=&oc=sponsored&k=web.1.2.7&uuid=arF001a0754a7a753df5&page_item_id=699993660,Data Analyst,jobrapido,2026-09-06T01:56:51.331560,,,,
7782323404962529280,"Business, Data & Projects Analyst",Contactica,Capital Federal,,,https://open.app.jobrapido.com/ar/7782323404962529280/?w=data%20analyst&l=&oc=sponsored&k=web.1.2.8&uuid=arF001a0754a7a753df5&page_item_id=-1824018608,Data Analyst,jobrapido,2026-09-06T01:56:51.332050,,,,
3255108673009090560,"Business, Data & Projects Analyst",Contáctica,Capital Federal,,,https://open.app.jobrapido.com/ar/3255108673009090560/?w=data%20analyst&l=&oc=sponsored&k=web.1.2.9&uuid=arF001a0754a7a753df5&page_item_id=-522848997,Data Analyst,jobrapido,2026-09-06T01:56:51.332544,,,,
2491756782506999808,"Data Analyst: Data Pipelines, CRM & BigQuery (Hybrid)",Brainlabs,Capital Federal,,,https://open.app.jobrapido.com/ar/2491756782506999808/?w=data%20analyst&l=&oc=sponsored&k=web.1.2.10&uuid=arF001a0754a7a753df5&page_item_id=1562783442,Data Analyst,jobrapido,2026-09-06T01:56:51.333033,,,,
2679129163201249280,Targeting & Alignment Data Analyst II,Syneos Health Commercial Solutions,Capital Federal,,,https://open.app.jobrapido.com/ar/2679129163201249280/?w=data%20analyst&l=&oc=sponsored&k=web.1.2.11&uuid=arF001a0754a7a753df5&page_item_id=-1493460217,Data Analyst,jobrapido,2026-09-06T01:56:51.333525,,,,
6292396999417266176,Remote Eligibility & Accumulator Data Analyst,"Svitla Systems, Inc.",Remoto,,,https://open.app.jobrapido.com/ar/6292396999417266176/?w=data%20analyst&l=&oc=sponsored&k=web.1.2.12&uuid=arF001a0754a7a753df5&page_item_id=1797194311,Data Analyst,jobrapido,2026-09-06T01:56:51.334014,,,,
4933666709300051968,Clinical Data & Reporting Operations Analyst,Syneos Health,Capital Federal,,,https://open.app.jobrapido.com/ar/4933666709300051968/?w=data%20analyst&l=&oc=sponsored&k=web.1.2.13&uuid=arF001a0754a7a753df5&page_item_id=-228638409,Data Analyst,jobrapido,2026-09-06T01:56:51.334504,,,,
2554983253769453568,Cyber Resilience Data Analyst (Hybrid),Syneos Health,Capital Federal,,,https://open.app.jobrapido.com/ar/2554983253769453568/?w=data%20analyst&l=&oc=sponsored&k=web.1.2.14&uuid=arF001a0754a7a753df5&page_item_id=242414232,Data Analyst,jobrapido,2026-09-06T01:56:51.334992,,,,
6377084683523457024,Senior Data & Reporting Analyst,GMA Consultores,Capital Federal,,,https://open.app.jobrapido.com/ar/6377084683523457024/?w=data%20analyst&l=&oc=sponsored&k=web.1.3.0&uuid=arF001a0754b87293e7f&page_item_id=-978254901,Data Analyst,jobrapido,2026-09-06T01:58:00.233267,,,,
7223071813520064512,Data Quality Assurance Analyst,Assurant,Capital Federal,,,https://open.app.jobrapido.com/ar/7223071813520064512/?w=data%20analyst&l=&oc=sponsored&k=web.1.3.1&uuid=arF001a0754b87293e7f&page_item_id=1077022833,Data Analyst,jobrapido,2026-09-06T01:58:00.233833,,,,
7602978764821102592,Hybrid Data Analyst: AI-Driven Insights & Quality,"AppDirect, Inc",Capital Federal,,,https://open.app.jobrapido.com/ar/7602978764821102592/?w=data%20analyst&l=&oc=sponsored&k=web.1.3.2&uuid=arF001a0754b87293e7f&page_item_id=-1695039159,Data Analyst,jobrapido,2026-09-06T01:58:00.234319,,,,
7447980060897705984,AI Data Security & DLP Analyst (Remote),Alignerr,Rincón De Los Sauces,,,https://open.app.jobrapido.com/ar/7447980060897705984/?w=data%20analyst&l=&oc=sponsored&k=web.1.3.3&uuid=arF001a0754b87293e7f&page_item_id=-1522629859,Data Analyst,jobrapido,2026-09-06T01:58:00.234813,,,,
1690292125314318336,"Remote Senior Data Analyst — BI, Snowflake & Visualization",North Eastern Services,Capital Federal,,,https://open.app.jobrapido.com/ar/1690292125314318336/?w=data%20analyst&l=&oc=sponsored&k=web.1.3.4&uuid=arF001a0754b87293e7f&page_item_id=-420304229,Data Analyst,jobrapido,2026-09-06T01:58:00.235304,,,,
7820808321979383808,Senior Salesforce Data Cloud Analyst — Marketing Data Flows,AgileEngine,Mendoza Capital,,,https://open.app.jobrapido.com/ar/7820808321979383808/?w=data%20analyst&l=&oc=sponsored&k=web.1.3.5&uuid=arF001a0754b87293e7f&page_item_id=-702461684,Data Analyst,jobrapido,2026-09-06T01:58:00.235795,,,,
4278650300778151936,Senior Data Analyst - Education Growth & AI Insights,Brightwheel,Remoto,,,https://open.app.jobrapido.com/ar/4278650300778151936/?w=data%20analyst&l=&oc=sponsored&k=web.1.3.6&uuid=arF001a0754b87293e7f&page_item_id=936647362,Data Analyst,jobrapido,2026-09-06T01:58:00.236277,,,,
2833317252177068032,"Remote Data Migration Analyst - SQL, Python, ETL",Vintti,Capital Federal,,,https://open.app.jobrapido.com/ar/2833317252177068032/?w=data%20analyst&l=&oc=sponsored&k=web.1.3.7&uuid=arF001a0754b87293e7f&page_item_id=-1979877863,Data Analyst,jobrapido,2026-09-06T01:58:00.236764,,,,
4516582366466015232,Senior AI-Driven Data Governance Analyst,Blend,Esquel,,,https://open.app.jobrapido.com/ar/4516582366466015232/?w=data%20analyst&l=&oc=sponsored&k=web.1.3.8&uuid=arF001a0754b87293e7f&page_item_id=1994110545,Data Analyst,jobrapido,2026-09-06T01:58:00.237244,,,,
3180279914532175872,"Campaign Data Analyst: SQL, ETL & Validation",Blend,Capital Federal,,,https://open.app.jobrapido.com/ar/3180279914532175872/?w=data%20analyst&l=&oc=sponsored&k=web.1.3.9&uuid=arF001a0754b87293e7f&page_item_id=1340261150,Data Analyst,jobrapido,2026-09-06T01:58:00.237727,,,,
2986415037934993408,Global SCM Data Analyst: Procurement & Analytics,Chevron,Esquel,,,https://open.app.jobrapido.com/ar/2986415037934993408/?w=data%20analyst&l=&oc=sponsored&k=web.1.3.10&uuid=arF001a0754b87293e7f&page_item_id=-898827596,Data Analyst,jobrapido,2026-09-06T01:58:00.238203,,,,
6710914401039286272,Junior Data Analyst,Halaxia,Remoto,,,https://open.app.jobrapido.com/ar/6710914401039286272/?w=data%20analyst&l=&oc=sponsored&k=web.1.3.11&uuid=arF001a0754b87293e7f&page_item_id=-65965836,Data Analyst,jobrapido,2026-09-06T01:58:00.238684,,,,
9149930962983845888,Remote Data Analyst — Product & Customer Analytics,Oowlish,Esquel,,,https://open.app.jobrapido.com/ar/9149930962983845888/?w=data%20analyst&l=&oc=sponsored&k=web.1.3.12&uuid=arF001a0754b87293e7f&page_item_id=1828211256,Data Analyst,jobrapido,2026-09-06T01:58:00.239163,,,,
6768652660011696128,Remote CRO Data and Integration Business Analyst,Bertoni Solutions,Capital Federal,,,https://open.app.jobrapido.com/ar/6768652660011696128/?w=data%20analyst&l=&oc=sponsored&k=web.1.3.13&uuid=arF001a0754b87293e7f&page_item_id=551463149,Data Analyst,jobrapido,2026-09-06T01:58:00.239670,,,,
2358935777871659008,Data Visualization Analyst,BairesHR,Capital Federal,,,https://open.app.jobrapido.com/ar/2358935777871659008/?w=data%20analyst&l=&oc=sponsored&k=web.1.3.14&uuid=arF001a0754b87293e7f&page_item_id=-219875120,Data Analyst,jobrapido,2026-09-06T01:58:00.240150,,,,
3141715557800214528,"Senior Data Analyst, B2B — Remote Growth & Insights",Cookunity,Remoto,,,https://open.app.jobrapido.com/ar/3141715557800214528/?w=data%20analyst&l=&oc=sponsored&k=web.1.3.15&uuid=arF001a0754b87293e7f&page_item_id=152931330,Data Analyst,jobrapido,2026-09-06T01:58:00.240640,,,,
8344351778661203968,Junior Data & Reporting Analyst (Part-Time) — Hybrid,Minders,Esquel,,,https://open.app.jobrapido.com/ar/8344351778661203968/?w=data%20analyst&l=&oc=sponsored&k=web.1.3.16&uuid=arF001a0754b87293e7f&page_item_id=1937381870,Data Analyst,jobrapido,2026-09-06T01:58:00.241125,,,,
3908991880179744768,SCM Data Analytics Analyst – Procurement & Supply Chain,Chevron Corporation,Capital Federal (Puerto Madero),,,https://open.app.jobrapido.com/ar/3908991880179744768/?w=data%20analyst&l=&oc=sponsored&k=web.1.3.17&uuid=arF001a0754b87293e7f&page_item_id=-1077374918,Data Analyst,jobrapido,2026-09-06T01:58:00.241629,,,,
8219227355420295168,Senior Data Analyst - Enterprise Risk & Insights,PwC,Vicente López,,,https://open.app.jobrapido.com/ar/8219227355420295168/?w=data%20analyst&l=&oc=sponsored&k=web.1.3.18&uuid=arF001a0754b87293e7f&page_item_id=-2099579135,Data Analyst,jobrapido,2026-09-06T01:58:00.242116,,,,
5583489127971553280,Junior Data Analyst,Southbay,Capital Federal,,,https://open.app.jobrapido.com/ar/5583489127971553280/?w=data%20analyst&l=&oc=sponsored&k=web.1.3.19&uuid=arF001a0754b87293e7f&page_item_id=-2091823748,Data Analyst,jobrapido,2026-09-06T01:58:00.242606,,,,
244336804671520768,Anuncios Google,INFUSE,Rosario,,,https://open.app.jobrapido.com/ar/244336804671520768/?w=machine%20learning&l=&oc=sponsored&k=web.1.1.0&uuid=arF001a0754da2203f2e&page_item_id=322541868,Machine Learning Engineer,jobrapido,2026-09-06T02:00:18.157992,,,,
3692723371834867712,"Analista de Innovación, Automatización e Inteligencia Artificial híbrido & full time en Rosario",Brightside,Rosario,,,https://open.app.jobrapido.com/ar/3692723371834867712/?w=machine%20learning&l=&oc=sponsored&k=web.1.1.1&uuid=arF001a0754da2203f2e&page_item_id=-1521052220,Machine Learning Engineer,jobrapido,2026-09-06T02:00:18.158568,,,,
1227670254285488128,Backend Developer - Part Time,Aliancers,Rosario,,,https://open.app.jobrapido.com/ar/1227670254285488128/?w=machine%20learning&l=&oc=sponsored&k=web.1.1.2&uuid=arF001a0754da2203f2e&page_item_id=-29956177,Machine Learning Engineer,jobrapido,2026-09-06T02:00:18.159062,,,,
6869580800875036672,Senior Software Engineer ID87210,AgileEngine,Rosario,,,https://open.app.jobrapido.com/ar/6869580800875036672/?w=machine%20learning&l=&oc=sponsored&k=web.1.1.3&uuid=arF001a0754da2203f2e&page_item_id=1664860984,Machine Learning Engineer,jobrapido,2026-09-06T02:00:18.159557,,,,
8608722597871353856,Senior AI Engineer ID80138,AgileEngine,Rosario,,,https://open.app.jobrapido.com/ar/8608722597871353856/?w=machine%20learning&l=&oc=sponsored&k=web.1.1.4&uuid=arF001a0754da2203f2e&page_item_id=-636931046,Machine Learning Engineer,jobrapido,2026-09-06T02:00:18.160044,,,,
5328818664198111232,Fullstack JavaScript Developer - Latin America - Remote,Azumo,Rosario,,,https://open.app.jobrapido.com/ar/5328818664198111232/?w=machine%20learning&l=&oc=sponsored&k=web.1.1.5&uuid=arF001a0754da2203f2e&page_item_id=-972100542,Machine Learning Engineer,jobrapido,2026-09-06T02:00:18.160539,,,,
8828269506292875264,Middle Databricks Data Engineer ID86295,AgileEngine,Rosario,,,https://open.app.jobrapido.com/ar/8828269506292875264/?w=machine%20learning&l=&oc=sponsored&k=web.1.1.6&uuid=arF001a0754da2203f2e&page_item_id=970965179,Machine Learning Engineer,jobrapido,2026-09-06T02:00:18.161029,,,,
4477228560385310720,Senior BI Product Manager ID65844,AgileEngine,Rosario,,,https://open.app.jobrapido.com/ar/4477228560385310720/?w=machine%20learning&l=&oc=sponsored&k=web.1.1.7&uuid=arF001a0754da2203f2e&page_item_id=-1868554184,Machine Learning Engineer,jobrapido,2026-09-06T02:00:18.161524,,,,
5012057060817240064,Senior AI Software Engineer ID87002,AgileEngine,Rosario,,,https://open.app.jobrapido.com/ar/5012057060817240064/?w=machine%20learning&l=&oc=sponsored&k=web.1.1.8&uuid=arF001a0754da2203f2e&page_item_id=-694261307,Machine Learning Engineer,jobrapido,2026-09-06T02:00:18.162012,,,,
7419416054478143488,Senior Databricks Data Engineer ID86297,AgileEngine,Rosario,,,https://open.app.jobrapido.com/ar/7419416054478143488/?w=machine%20learning&l=&oc=sponsored&k=web.1.1.9&uuid=arF001a0754da2203f2e&page_item_id=313390247,Machine Learning Engineer,jobrapido,2026-09-06T02:00:18.162504,,,,
4724090859513970688,AI Machine Learning Engineer - Remote - Latin America,FullStack,Rosario,,,https://open.app.jobrapido.com/ar/4724090859513970688/?w=machine%20learning&l=&oc=sponsored&k=web.1.1.11&uuid=arF001a0754da2203f2e&page_item_id=1541792029,Machine Learning Engineer,jobrapido,2026-09-06T02:00:18.163140,,,,
499432934063734784,Remote AI/ML Engineer - Build Production-Grade Models,FullStack,Rosario,,,https://open.app.jobrapido.com/ar/499432934063734784/?w=machine%20learning&l=&oc=sponsored&k=web.1.1.12&uuid=arF001a0754da2203f2e&page_item_id=948345887,Machine Learning Engineer,jobrapido,2026-09-06T02:00:18.163634,,,,
3081607112535572480,Ex-MBB Strategy Consultant - AI Training (Remote),Mindrift,Rosario,,,https://open.app.jobrapido.com/ar/3081607112535572480/?w=machine%20learning&l=&oc=sponsored&k=web.1.1.14&uuid=arF001a0754da2203f2e&page_item_id=-788594416,Machine Learning Engineer,jobrapido,2026-09-06T02:00:18.164264,,,,
6681249302443982848,Senior Machine Learning Engineer,Jampp,Capital Federal,,,https://open.app.jobrapido.com/ar/6681249302443982848/?w=machine%20learning&l=&oc=sponsored&k=web.1.2.2&uuid=arF001a0754f51ae3fe8&page_item_id=1762036436,Machine Learning Engineer,jobrapido,2026-09-06T02:02:08.608254,,,,
7052316541034954752,Senior Machine Learning Engineer,GoFundMe,Capital Federal,,,https://open.app.jobrapido.com/ar/7052316541034954752/?w=machine%20learning&l=&oc=sponsored&k=web.1.2.3&uuid=arF001a0754f51ae3fe8&page_item_id=-765639385,Machine Learning Engineer,jobrapido,2026-09-06T02:02:08.608765,,,,
1149860170029858816,Senior Machine Learning Engineer,GoFundMe,Esquel,,,https://open.app.jobrapido.com/ar/1149860170029858816/?w=machine%20learning&l=&oc=sponsored&k=web.1.2.4&uuid=arF001a0754f51ae3fe8&page_item_id=-1048676528,Machine Learning Engineer,jobrapido,2026-09-06T02:02:08.609257,,,,
4077324842649518080,Machine Learning Engineer,MercadoLibre,Capital Federal,,,https://open.app.jobrapido.com/ar/4077324842649518080/?w=machine%20learning&l=&oc=sponsored&k=web.1.2.5&uuid=arF001a0754f51ae3fe8&page_item_id=98939503,Machine Learning Engineer,jobrapido,2026-09-06T02:02:08.609747,,,,
9089556779502665728,Machine Learning Engineer (MLOps),Proofpoint,Córdoba Capital,,,https://open.app.jobrapido.com/ar/9089556779502665728/?w=machine%20learning&l=&oc=sponsored&k=web.1.2.6&uuid=arF001a0754f51ae3fe8&page_item_id=-691565713,Machine Learning Engineer,jobrapido,2026-09-06T02:02:08.610233,,,,
1658615195318091776,Data & Machine Learning Engineer,IDT,Capital Federal,,,https://open.app.jobrapido.com/ar/1658615195318091776/?w=machine%20learning&l=&oc=sponsored&k=web.1.2.7&uuid=arF001a0754f51ae3fe8&page_item_id=1016824195,Machine Learning Engineer,jobrapido,2026-09-06T02:02:08.610726,,,,
4011138640703913984,Machine Learning Engineer,Grupo Prominente,Capital Federal,,,https://open.app.jobrapido.com/ar/4011138640703913984/?w=machine%20learning&l=&oc=sponsored&k=web.1.2.8&uuid=arF001a0754f51ae3fe8&page_item_id=1151290464,Machine Learning Engineer,jobrapido,2026-09-06T02:02:08.611210,,,,
3473693577475784704,Machine Learning Engineer,SunnyData,Remoto,,,https://open.app.jobrapido.com/ar/3473693577475784704/?w=machine%20learning&l=&oc=sponsored&k=web.1.2.9&uuid=arF001a0754f51ae3fe8&page_item_id=716722431,Machine Learning Engineer,jobrapido,2026-09-06T02:02:08.611697,,,,
4309687263467405312,Semi-Senior Machine Learning Engineer,OfficeTwo,Capital Federal,,,https://open.app.jobrapido.com/ar/4309687263467405312/?w=machine%20learning&l=&oc=sponsored&k=web.1.2.11&uuid=arF001a0754f51ae3fe8&page_item_id=-654714752,Machine Learning Engineer,jobrapido,2026-09-06T02:02:08.612326,,,,
2577351718324928512,"Machine Learning Manager, Security & Research",Internetwork Expert,Capital Federal,,,https://open.app.jobrapido.com/ar/2577351718324928512/?w=machine%20learning&l=&oc=sponsored&k=web.1.2.12&uuid=arF001a0754f51ae3fe8&page_item_id=473713667,Machine Learning Engineer,jobrapido,2026-09-06T02:02:08.612815,,,,
8657487381672230912,Machine Learning Engineer - Production ML & Data Solutions,SunnyData,Remoto,,,https://open.app.jobrapido.com/ar/8657487381672230912/?w=machine%20learning&l=&oc=sponsored&k=web.1.2.13&uuid=arF001a0754f51ae3fe8&page_item_id=708418542,Machine Learning Engineer,jobrapido,2026-09-06T02:02:08.613299,,,,
8773467647741263872,AI & Machine Learning Engineer (AWS Cloud),Netrix Global,Capital Federal,,,https://open.app.jobrapido.com/ar/8773467647741263872/?w=machine%20learning&l=&oc=sponsored&k=web.1.2.14&uuid=arF001a0754f51ae3fe8&page_item_id=1159086766,Machine Learning Engineer,jobrapido,2026-09-06T02:02:08.613788,,,,
5441638882309308416,Remote Senior ML Engineer - Social Fundraising Innovator,GoFundMe,Capital Federal,,,https://open.app.jobrapido.com/ar/5441638882309308416/?w=machine%20learning&l=&oc=sponsored&k=web.1.3.0&uuid=arF001a07550990f4087&page_item_id=796112120,Machine Learning Engineer,jobrapido,2026-09-06T02:03:32.550577,,,,
5238987894193913856,ML Research Scientist: Mechanical Intuition in Multimodal AI,Toyota Research Institute,Los Altos,,,https://open.app.jobrapido.com/ar/5238987894193913856/?w=machine%20learning&l=&oc=sponsored&k=web.1.3.1&uuid=arF001a07550990f4087&page_item_id=-566280326,Machine Learning Engineer,jobrapido,2026-09-06T02:03:32.551124,,,,
8092299733109833728,Remote AI ML Engineer – Growth & Impact with Top Clients,FullStack Labs,Remoto,,,https://open.app.jobrapido.com/ar/8092299733109833728/?w=machine%20learning&l=&oc=sponsored&k=web.1.3.2&uuid=arF001a07550990f4087&page_item_id=-364404946,Machine Learning Engineer,jobrapido,2026-09-06T02:03:32.551616,,,,
3152941502800330752,Data Science Manager,Sony Pictures Entertainment,Esquel,,,https://open.app.jobrapido.com/ar/3152941502800330752/?w=machine%20learning&l=&oc=sponsored&k=web.1.3.3&uuid=arF001a07550990f4087&page_item_id=2049363310,Machine Learning Engineer,jobrapido,2026-09-06T02:03:32.552094,,,,
2530010991060582400,Data Science Manager,"Sony Pictures Entertainment, Inc",Capital Federal,,,https://open.app.jobrapido.com/ar/2530010991060582400/?w=machine%20learning&l=&oc=sponsored&k=web.1.3.4&uuid=arF001a07550990f4087&page_item_id=2052862355,Machine Learning Engineer,jobrapido,2026-09-06T02:03:32.552577,,,,
4241655033038372864,Cloud AI/ML Engineer (AWS) - GenAI & SageMaker Expert,Ideamine Technologies (Acquired by Netrix Global),Rincón De Los Sauces,,,https://open.app.jobrapido.com/ar/4241655033038372864/?w=machine%20learning&l=&oc=sponsored&k=web.1.3.5&uuid=arF001a07550990f4087&page_item_id=-746901222,Machine Learning Engineer,jobrapido,2026-09-06T02:03:32.553059,,,,
8746514219697963008,Hybrid ML Engineer for Low-Latency LLM Systems,MercadoLibre,Capital Federal,,,https://open.app.jobrapido.com/ar/8746514219697963008/?w=machine%20learning&l=&oc=sponsored&k=web.1.3.7&uuid=arF001a07550990f4087&page_item_id=-799046698,Machine Learning Engineer,jobrapido,2026-09-06T02:03:32.553678,,,,
250125406974246912,"Senior ML Engineer: Search, Recommendations & Personalization",GoFundMe,Esquel,,,https://open.app.jobrapido.com/ar/250125406974246912/?w=machine%20learning&l=&oc=sponsored&k=web.1.3.8&uuid=arF001a07550990f4087&page_item_id=-83763452,Machine Learning Engineer,jobrapido,2026-09-06T02:03:32.554160,,,,
5921720894908006400,Python Developer (IA),Werben HR,Capital Federal,,,https://open.app.jobrapido.com/ar/5921720894908006400/?w=machine%20learning&l=&oc=sponsored&k=web.1.3.9&uuid=arF001a07550990f4087&page_item_id=-49658777,Machine Learning Engineer,jobrapido,2026-09-06T02:03:32.554640,,,,
2497594914372583424,"Senior ML Engineer — Real-Time Bidding, Remote",Jampp,Capital Federal,,,https://open.app.jobrapido.com/ar/2497594914372583424/?w=machine%20learning&l=&oc=sponsored&k=web.1.3.10&uuid=arF001a07550990f4087&page_item_id=663450843,Machine Learning Engineer,jobrapido,2026-09-06T02:03:32.555122,,,,
713269030630195200,"AI & GenAI Engineer, AWS Cloud — Remote Ready",Netrix Global,Rincón De Los Sauces,,,https://open.app.jobrapido.com/ar/713269030630195200/?w=machine%20learning&l=&oc=sponsored&k=web.1.3.11&uuid=arF001a07550990f4087&page_item_id=1001296827,Machine Learning Engineer,jobrapido,2026-09-06T02:03:32.555608,,,,
1959664141882884096,FinTech NLP ML Engineer: Python & Document Processing,Werben HR,Capital Federal,,,https://open.app.jobrapido.com/ar/1959664141882884096/?w=machine%20learning&l=&oc=sponsored&k=web.1.3.13&uuid=arF001a07550990f4087&page_item_id=-719798734,Machine Learning Engineer,jobrapido,2026-09-06T02:03:32.556223,,,,
3900559038311563264,Senior ML Ops Engineer - Production ML in the Cloud (Remote),Coderio,Rincón De Los Sauces,,,https://open.app.jobrapido.com/ar/3900559038311563264/?w=machine%20learning&l=&oc=sponsored&k=web.1.3.14&uuid=arF001a07550990f4087&page_item_id=1735826466,Machine Learning Engineer,jobrapido,2026-09-06T02:03:32.556709,,,,
4841102725187895296,"Senior ML Ops Engineer - Remote, End-to-End ML Architect",Medium,Neuquén,,,https://open.app.jobrapido.com/ar/4841102725187895296/?w=machine%20learning&l=&oc=sponsored&k=web.1.3.15&uuid=arF001a07550990f4087&page_item_id=1702700906,Machine Learning Engineer,jobrapido,2026-09-06T02:03:32.557188,,,,
3847723931184136192,Senior ML Engineer — Shape Discovery & Personalization,GoFundMe,Capital Federal,,,https://open.app.jobrapido.com/ar/3847723931184136192/?w=machine%20learning&l=&oc=sponsored&k=web.1.3.16&uuid=arF001a07550990f4087&page_item_id=937636350,Machine Learning Engineer,jobrapido,2026-09-06T02:03:32.557673,,,,
8921102802034360320,Senior ML Engineer: Computer Vision & Production Models,OfficeTwo,Capital Federal,,,https://open.app.jobrapido.com/ar/8921102802034360320/?w=machine%20learning&l=&oc=sponsored&k=web.1.3.17&uuid=arF001a07550990f4087&page_item_id=288013041,Machine Learning Engineer,jobrapido,2026-09-06T02:03:32.558152,,,,
7606746602190929920,End-to-End Data & ML Engineer (LATAM) — AI-Driven Pipelines,Medium,Colalao Del Valle,,,https://open.app.jobrapido.com/ar/7606746602190929920/?w=machine%20learning&l=&oc=sponsored&k=web.1.3.18&uuid=arF001a07550990f4087&page_item_id=971503936,Machine Learning Engineer,jobrapido,2026-09-06T02:03:32.558636,,,,
7212831168377389056,"Remote AI Engineer: LLMs, ML Infra & Automation",Huzzle.com,Remoto,,,https://open.app.jobrapido.com/ar/7212831168377389056/?w=machine%20learning&l=&oc=sponsored&k=web.1.3.19&uuid=arF001a07550990f4087&page_item_id=-1847643046,Machine Learning Engineer,jobrapido,2026-09-06T02:03:32.559115,,,,
6110003413532016640,AI Economics Researcher: Data-Driven Insights,Accenture Argentina,Capital Federal,,,https://open.app.jobrapido.com/ar/6110003413532016640/?w=machine%20learning&l=&oc=sponsored&k=web.1.4.0&uuid=arF001a0755285204103&page_item_id=-1547453840,Machine Learning Engineer,jobrapido,2026-09-06T02:05:38.324683,,,,
4562128536135008256,Principal ML Engineer: Cross-Product AI & LLM Architect,Doctolib,Londres,,,https://open.app.jobrapido.com/ar/4562128536135008256/?w=machine%20learning&l=&oc=sponsored&k=web.1.4.1&uuid=arF001a0755285204103&page_item_id=829964406,Machine Learning Engineer,jobrapido,2026-09-06T02:05:38.325262,,,,
3470328882916229120,Production ML Engineer — MLOps,Proofpoint,Córdoba Capital,,,https://open.app.jobrapido.com/ar/3470328882916229120/?w=machine%20learning&l=&oc=sponsored&k=web.1.4.2&uuid=arF001a0755285204103&page_item_id=-997929653,Machine Learning Engineer,jobrapido,2026-09-06T02:05:38.325755,,,,
2118351793216815104,Remote Cloud ML Architect (AWS),Caylent,Remoto,,,https://open.app.jobrapido.com/ar/2118351793216815104/?w=machine%20learning&l=&oc=sponsored&k=web.1.4.3&uuid=arF001a0755285204103&page_item_id=1277281574,Machine Learning Engineer,jobrapido,2026-09-06T02:05:38.326236,,,,
6824817912981749760,Remote Data Developer for ML & Big Data Systems,Muttdata,Remoto,,,https://open.app.jobrapido.com/ar/6824817912981749760/?w=machine%20learning&l=&oc=sponsored&k=web.1.4.5&uuid=arF001a0755285204103&page_item_id=-2074411076,Machine Learning Engineer,jobrapido,2026-09-06T02:05:38.326859,,,,
462489480809414656,Data Engineer: Remote-First Cloud & ML Infrastructure,Muttdata,Remoto,,,https://open.app.jobrapido.com/ar/462489480809414656/?w=machine%20learning&l=&oc=sponsored&k=web.1.4.6&uuid=arF001a0755285204103&page_item_id=-1268322539,Machine Learning Engineer,jobrapido,2026-09-06T02:05:38.327336,,,,
8709723890617679872,"Software Engineer C#, Python, C++ with Azure",Dabrein Solutions,Capital Federal,,,https://open.app.jobrapido.com/ar/8709723890617679872/?w=machine%20learning&l=&oc=sponsored&k=web.1.4.7&uuid=arF001a0755285204103&page_item_id=-1117350422,Machine Learning Engineer,jobrapido,2026-09-06T02:05:38.327817,,,,
1880320290446114816,Client Partner SR,Globant,Rincón De Los Sauces,,,https://open.app.jobrapido.com/ar/1880320290446114816/?w=machine%20learning&l=&oc=sponsored&k=web.1.4.8&uuid=arF001a0755285204103&page_item_id=234066968,Machine Learning Engineer,jobrapido,2026-09-06T02:05:38.328292,,,,
8299867239008436224,Account Manager,Amazon Web Services (AWS),Capital Federal,,,https://open.app.jobrapido.com/ar/8299867239008436224/?w=machine%20learning&l=&oc=sponsored&k=web.1.4.9&uuid=arF001a0755285204103&page_item_id=116445105,Machine Learning Engineer,jobrapido,2026-09-06T02:05:38.328771,,,,
5191700098106523648,Semi-Senior Full Stack AI Engineer,OfficeTwo,Capital Federal,,,https://open.app.jobrapido.com/ar/5191700098106523648/?w=machine%20learning&l=&oc=sponsored&k=web.1.4.11&uuid=arF001a0755285204103&page_item_id=25933104,Machine Learning Engineer,jobrapido,2026-09-06T02:05:38.329379,,,,
5000370832761946112,Technical Product Manager,Hexaware Technologies Limited,Capital Federal,,,https://open.app.jobrapido.com/ar/5000370832761946112/?w=machine%20learning&l=&oc=sponsored&k=web.1.4.13&uuid=arF001a0755285204103&page_item_id=899571696,Machine Learning Engineer,jobrapido,2026-09-06T02:05:38.329994,,,,
3969793773684129792,"Learning Specialist, Expert-Level",Globant,Rincón De Los Sauces,,,https://open.app.jobrapido.com/ar/3969793773684129792/?w=machine%20learning&l=&oc=sponsored&k=web.1.4.15&uuid=arF001a0755285204103&page_item_id=-82072367,Machine Learning Engineer,jobrapido,2026-09-06T02:05:38.330610,,,,
5618897319396114432,"AI Go-to-Market Specialist SOLA, WWSO Latam (AWS)",Amazon,Capital Federal,,,https://open.app.jobrapido.com/ar/5618897319396114432/?w=machine%20learning&l=&oc=sponsored&k=web.1.4.16&uuid=arF001a0755285204103&page_item_id=-768907921,Machine Learning Engineer,jobrapido,2026-09-06T02:05:38.331087,,,,
1278969137510481920,"AI Go-to-Market Specialist SOLA, WWSO Latam",Amazon Web Services (AWS),Capital Federal,,,https://open.app.jobrapido.com/ar/1278969137510481920/?w=machine%20learning&l=&oc=sponsored&k=web.1.4.17&uuid=arF001a0755285204103&page_item_id=-526131175,Machine Learning Engineer,jobrapido,2026-09-06T02:05:38.331566,,,,
4900811154378457088,Unity Engineer - Latin America - Remote,Azumo LLC.,Capital Federal,,,https://open.app.jobrapido.com/ar/4900811154378457088/?w=machine%20learning&l=&oc=sponsored&k=web.1.4.19&uuid=arF001a0755285204103&page_item_id=-2041986835,Machine Learning Engineer,jobrapido,2026-09-06T02:05:38.332175,,,,
6415685238239789056,Advanced Data Science Associate,ZS,Capital Federal,,,https://open.app.jobrapido.com/ar/6415685238239789056/?w=machine%20learning&l=&oc=sponsored&k=web.1.5.0&uuid=arF001a075540b8b4186&page_item_id=-48434430,Machine Learning Engineer,jobrapido,2026-09-06T02:07:18.421095,,,,
2854642348917260288,Hardware Designer,Novo Space,Capital Federal,,,https://open.app.jobrapido.com/ar/2854642348917260288/?w=machine%20learning&l=&oc=sponsored&k=web.1.5.1&uuid=arF001a075540b8b4186&page_item_id=1232392546,Machine Learning Engineer,jobrapido,2026-09-06T02:07:18.421656,,,,
1247860586306338816,Technical Leader - Latin America - Remote,"Azumo, LLC",Capital Federal,,,https://open.app.jobrapido.com/ar/1247860586306338816/?w=machine%20learning&l=&oc=sponsored&k=web.1.5.2&uuid=arF001a075540b8b4186&page_item_id=1543426266,Machine Learning Engineer,jobrapido,2026-09-06T02:07:18.422171,,,,
598267398629359616,"B2B Content Writer (Remote, Contract)",INFUSE,Córdoba Capital,,,https://open.app.jobrapido.com/ar/598267398629359616/?w=machine%20learning&l=&oc=sponsored&k=web.1.5.3&uuid=arF001a075540b8b4186&page_item_id=1609834408,Machine Learning Engineer,jobrapido,2026-09-06T02:07:18.422664,,,,
111878638873346048,"B2B Content Writer (Remote, Contract)",INFUSE,Capital Federal,,,https://open.app.jobrapido.com/ar/111878638873346048/?w=machine%20learning&l=&oc=sponsored&k=web.1.5.4&uuid=arF001a075540b8b4186&page_item_id=-943942589,Machine Learning Engineer,jobrapido,2026-09-06T02:07:18.423145,,,,
3647660317267197952,Software Engineer,Assurant,Capital Federal,,,https://open.app.jobrapido.com/ar/3647660317267197952/?w=machine%20learning&l=&oc=sponsored&k=web.1.5.5&uuid=arF001a075540b8b4186&page_item_id=526641003,Machine Learning Engineer,jobrapido,2026-09-06T02:07:18.423628,,,,
1641304484250386432,AI Agent Systems Architect - Remote,Azumo LLC.,Remoto,,,https://open.app.jobrapido.com/ar/1641304484250386432/?w=machine%20learning&l=&oc=sponsored&k=web.1.5.6&uuid=arF001a075540b8b4186&page_item_id=774050517,Machine Learning Engineer,jobrapido,2026-09-06T02:07:18.424107,,,,
2842950692023304192,Document Reviewer - Remote,YO IT Consulting,Remoto,,,https://open.app.jobrapido.com/ar/2842950692023304192/?w=machine%20learning&l=&oc=sponsored&k=web.1.5.7&uuid=arF001a075540b8b4186&page_item_id=1752728972,Machine Learning Engineer,jobrapido,2026-09-06T02:07:18.424602,,,,
8457536794114654208,Marketing/ Digital Marketing Expert - Remote,YO IT Consulting,Remoto,,,https://open.app.jobrapido.com/ar/8457536794114654208/?w=machine%20learning&l=&oc=sponsored&k=web.1.5.8&uuid=arF001a075540b8b4186&page_item_id=-1396159224,Machine Learning Engineer,jobrapido,2026-09-06T02:07:18.425085,,,,
7762551797893300224,Cocos2d-x Junior Game Developer - Remote,YO IT Consulting,Remoto,,,https://open.app.jobrapido.com/ar/7762551797893300224/?w=machine%20learning&l=&oc=sponsored&k=web.1.5.9&uuid=arF001a075540b8b4186&page_item_id=219543921,Machine Learning Engineer,jobrapido,2026-09-06T02:07:18.425576,,,,
5394773298686984192,Remote Document Reviewer for AI Training & Privacy,YO IT Consulting,Remoto,,,https://open.app.jobrapido.com/ar/5394773298686984192/?w=machine%20learning&l=&oc=sponsored&k=web.1.5.10&uuid=arF001a075540b8b4186&page_item_id=-1026904832,Machine Learning Engineer,jobrapido,2026-09-06T02:07:18.426057,,,,
3601225742202961920,SAP CPI Consultant Senior,Globant,Rincón De Los Sauces,,,https://open.app.jobrapido.com/ar/3601225742202961920/?w=machine%20learning&l=&oc=sponsored&k=web.1.5.11&uuid=arF001a075540b8b4186&page_item_id=22106144,Machine Learning Engineer,jobrapido,2026-09-06T02:07:18.426549,,,,
566309766750535680,Senior AI Engineer - LLM & Production Systems (Remote),Improving South America,Remoto,,,https://open.app.jobrapido.com/ar/566309766750535680/?w=machine%20learning&l=&oc=sponsored&k=web.1.5.12&uuid=arF001a075540b8b4186&page_item_id=-1350703520,Machine Learning Engineer,jobrapido,2026-09-06T02:07:18.427032,,,,
3544066032505192448,Data Engineer Microsoft Fabric,POSSUMUS,Rincón De Los Sauces,,,https://open.app.jobrapido.com/ar/3544066032505192448/?w=machine%20learning&l=&oc=sponsored&k=web.1.5.13&uuid=arF001a075540b8b4186&page_item_id=-1480056349,Machine Learning Engineer,jobrapido,2026-09-06T02:07:18.427520,,,,
3036294468828397568,Facilities Management Coordinator,AACUC MIDWEST REGIONAL CHAPTER,Esquel,,,https://open.app.jobrapido.com/ar/3036294468828397568/?w=machine%20learning&l=&oc=sponsored&k=web.1.5.14&uuid=arF001a075540b8b4186&page_item_id=850899566,Machine Learning Engineer,jobrapido,2026-09-06T02:07:18.428001,,,,
2202419473024024576,Freelance Agent Evaluation Engineer,AI Chopping Block,Capital Federal,,,https://open.app.jobrapido.com/ar/2202419473024024576/?w=machine%20learning&l=&oc=sponsored&k=web.1.5.15&uuid=arF001a075540b8b4186&page_item_id=1283880223,Machine Learning Engineer,jobrapido,2026-09-06T02:07:18.428477,,,,
4520851615497846784,AWS Cloud Architect,Scale Up Recruiting Partners,Mendoza Capital,,,https://open.app.jobrapido.com/ar/4520851615497846784/?w=machine%20learning&l=&oc=sponsored&k=web.1.5.16&uuid=arF001a075540b8b4186&page_item_id=324034613,Machine Learning Engineer,jobrapido,2026-09-06T02:07:18.429138,,,,
8161726934556868608,Software Engineer III - Front End UI - C#/.Net/React - Neovest,JPMorgan Chase & Co.,Capital Federal,,,https://open.app.jobrapido.com/ar/8161726934556868608/?w=machine%20learning&l=&oc=sponsored&k=web.1.5.17&uuid=arF001a075540b8b4186&page_item_id=1519275427,Machine Learning Engineer,jobrapido,2026-09-06T02:07:18.429648,,,,
4853906675532300288,Release Engineer,Medallia,Rincón De Los Sauces,,,https://open.app.jobrapido.com/ar/4853906675532300288/?w=machine%20learning&l=&oc=sponsored&k=web.1.5.18&uuid=arF001a075540b8b4186&page_item_id=626518859,Machine Learning Engineer,jobrapido,2026-09-06T02:07:18.430134,,,,
9061839465755967488,Data Engineer (GCP & AWS),Nubiral,Capital Federal,,,https://open.app.jobrapido.com/ar/9061839465755967488/?w=machine%20learning&l=&oc=sponsored&k=web.1.5.19&uuid=arF001a075540b8b4186&page_item_id=839393424,Machine Learning Engineer,jobrapido,2026-09-06T02:07:18.430643,,,,
6526627885627736064,Anuncios Google,SupportYourApp,Rosario,,,https://open.app.jobrapido.com/ar/6526627885627736064/?w=nlp&l=&oc=sponsored&k=web.1.1.0&uuid=arF001a0755623bf4248&page_item_id=-91917042,NLP Engineer,jobrapido,2026-09-06T02:09:35.577016,,,,
2452374629642141696,Senior NLP Scientist: Production-Grade LLMs,Sourceability,Esquel,,,https://open.app.jobrapido.com/ar/2452374629642141696/?w=nlp&l=&oc=sponsored&k=web.1.1.2&uuid=arF001a0755623bf4248&page_item_id=1575896626,NLP Engineer,jobrapido,2026-09-06T02:09:35.577764,,,,
613228126930993152,Lead AI Engineer — Remote RAG/NLP/LLM Systems,N-iX,Remoto,,,https://open.app.jobrapido.com/ar/613228126930993152/?w=nlp&l=&oc=sponsored&k=web.1.1.5&uuid=arF001a0755623bf4248&page_item_id=-1348803297,NLP Engineer,jobrapido,2026-09-06T02:09:35.578606,,,,
6816058997196455936,Client Technology Software Engineering Assurance Sr. Engineer/Arch - EY GDS,EY,Capital Federal,,,https://open.app.jobrapido.com/ar/6816058997196455936/?w=nlp&l=&oc=sponsored&k=web.1.1.6&uuid=arF001a0755623bf4248&page_item_id=1168258807,NLP Engineer,jobrapido,2026-09-06T02:09:35.579100,,,,
2193558388556693504,Product Group Team Lead / Architect,Sourceability,Capital Federal,,,https://open.app.jobrapido.com/ar/2193558388556693504/?w=nlp&l=&oc=sponsored&k=web.1.1.11&uuid=arF001a0755623bf4248&page_item_id=1394021161,NLP Engineer,jobrapido,2026-09-06T02:09:35.580156,,,,
8952684469655961600,Anuncios Google,Business Commercial Management SRL,Esquel,,,https://open.app.jobrapido.com/ar/8952684469655961600/?w=nlp&l=&oc=sponsored&k=web.1.2.0&uuid=arF001a07556a87342ba&page_item_id=-911094296,NLP Engineer,jobrapido,2026-09-06T02:10:09.428592,,,,
7040990695095533568,Client Technology - Engineering - Software Engineering - EY GDS,EY,Capital Federal,,,https://open.app.jobrapido.com/ar/7040990695095533568/?w=nlp&l=&oc=sponsored&k=web.1.2.1&uuid=arF001a07556a87342ba&page_item_id=-1850730758,NLP Engineer,jobrapido,2026-09-06T02:10:09.429180,,,,
6258208784863199232,Full Stack AI Engineer – BuilderEx,RYZ Labs,Capital Federal,,,https://open.app.jobrapido.com/ar/6258208784863199232/?w=nlp&l=&oc=sponsored&k=web.1.2.2&uuid=arF001a07556a87342ba&page_item_id=-234432275,NLP Engineer,jobrapido,2026-09-06T02:10:09.429740,,,,
6213023255008116736,Client Technology - Software Engineering - EY Global Delivery Services,EY,Esquel,,,https://open.app.jobrapido.com/ar/6213023255008116736/?w=nlp&l=&oc=sponsored&k=web.1.2.3&uuid=arF001a07556a87342ba&page_item_id=-236250297,NLP Engineer,jobrapido,2026-09-06T02:10:09.430239,,,,
8697752408014454784,"AI Engineer II - Marketing Argentina, Remote",Sezzle,Remoto,,,https://open.app.jobrapido.com/ar/8697752408014454784/?w=nlp&l=&oc=sponsored&k=web.1.2.5&uuid=arF001a07556a87342ba&page_item_id=1716203923,NLP Engineer,jobrapido,2026-09-06T02:10:09.430881,,,,
8295372933690294272,Principal Machine Learning Engineer - Applied AI & LLMs (x/f/m),Doctolib,Londres,,,https://open.app.jobrapido.com/ar/8295372933690294272/?w=nlp&l=&oc=sponsored&k=web.1.2.6&uuid=arF001a07556a87342ba&page_item_id=-1269810078,NLP Engineer,jobrapido,2026-09-06T02:10:09.431371,,,,
3644704830011736064,AI & NLP Talent Acquisition Coordinator,"E2f, inc.",Argentina,,,https://open.app.jobrapido.com/ar/3644704830011736064/?w=nlp&l=&oc=sponsored&k=web.1.2.7&uuid=arF001a07556a87342ba&page_item_id=-361709550,NLP Engineer,jobrapido,2026-09-06T02:10:09.431864,,,,
8172160406551265280,Python Developer (IA) - Machine Learning ID #00335,Werben HR,Capital Federal (Parque Patricios),,,https://open.app.jobrapido.com/ar/8172160406551265280/?w=nlp&l=&oc=sponsored&k=web.1.2.8&uuid=arF001a07556a87342ba&page_item_id=1449234078,NLP Engineer,jobrapido,2026-09-06T02:10:09.432351,,,,
2760861308512370688,Full Stack AI Engineer - Security,RYZ Labs,Capital Federal,,,https://open.app.jobrapido.com/ar/2760861308512370688/?w=nlp&l=&oc=sponsored&k=web.1.2.9&uuid=arF001a07556a87342ba&page_item_id=230389101,NLP Engineer,jobrapido,2026-09-06T02:10:09.432846,,,,
4142562097340874752,Gerente de Arquitectura de Datos e IA,Sweden Sport Academy,Capital Federal,,,https://open.app.jobrapido.com/ar/4142562097340874752/?w=nlp&l=&oc=sponsored&k=web.1.2.10&uuid=arF001a07556a87342ba&page_item_id=-1542640568,NLP Engineer,jobrapido,2026-09-06T02:10:09.433334,,,,
7668794860844875776,Senior Software Engineer,"Cadence Design Systems, Inc.",Capital Federal (San Nicolás),,,https://open.app.jobrapido.com/ar/7668794860844875776/?w=nlp&l=&oc=sponsored&k=web.1.2.11&uuid=arF001a07556a87342ba&page_item_id=-269513358,NLP Engineer,jobrapido,2026-09-06T02:10:09.433828,,,,
3720739357607329792,Full Stack AI Engineer - BuilderEx,RYZ Labs,Capital Federal,,,https://open.app.jobrapido.com/ar/3720739357607329792/?w=nlp&l=&oc=sponsored&k=web.1.2.12&uuid=arF001a07556a87342ba&page_item_id=-1470610622,NLP Engineer,jobrapido,2026-09-06T02:10:09.434313,,,,
578445076586299392,Client Technology - Engineering - Software Engineering - EY GDS,Ernst & Young Advisory Services Sdn Bhd,Remoto,,,https://open.app.jobrapido.com/ar/578445076586299392/?w=nlp&l=&oc=sponsored&k=web.1.2.13&uuid=arF001a07556a87342ba&page_item_id=219607255,NLP Engineer,jobrapido,2026-09-06T02:10:09.434806,,,,
9183823804047032320,Senior AI Engineer,Wakapi,Mendoza,,,https://open.app.jobrapido.com/ar/9183823804047032320/?w=nlp&l=&oc=sponsored&k=web.1.2.14&uuid=arF001a07556a87342ba&page_item_id=129881391,NLP Engineer,jobrapido,2026-09-06T02:10:09.435293,,,,
3725173069526859776,Anuncios Google,Wakapi,Capital Federal,,,https://open.app.jobrapido.com/ar/3725173069526859776/?w=nlp&l=&oc=sponsored&k=web.1.3.0&uuid=arF001a075582cd1444e&page_item_id=-1354695825,NLP Engineer,jobrapido,2026-09-06T02:11:48.926060,,,,
5583140926382931968,Machine Learning Engineer Sr. (IA Generativa),Flux IT SA,Remoto,,,https://open.app.jobrapido.com/ar/5583140926382931968/?w=nlp&l=&oc=sponsored&k=web.1.3.1&uuid=arF001a075582cd1444e&page_item_id=94589325,NLP Engineer,jobrapido,2026-09-06T02:11:48.926649,,,,
1651662553798934528,Customer Experience Cloud & AI SME,MaxAccelerate,Remoto,,,https://open.app.jobrapido.com/ar/1651662553798934528/?w=nlp&l=&oc=sponsored&k=web.1.3.2&uuid=arF001a075582cd1444e&page_item_id=1706553088,NLP Engineer,jobrapido,2026-09-06T02:11:48.927152,,,,
8438826542183743488,AI/ML Engineer | Talent Marketplace,Lago,Remoto,,,https://open.app.jobrapido.com/ar/8438826542183743488/?w=nlp&l=&oc=sponsored&k=web.1.3.3&uuid=arF001a075582cd1444e&page_item_id=-1826004831,NLP Engineer,jobrapido,2026-09-06T02:11:48.927687,,,,
1963341114924597248,Data Science Manager,Sony Pictures,Capital Federal,,,https://open.app.jobrapido.com/ar/1963341114924597248/?w=nlp&l=&oc=sponsored&k=web.1.3.4&uuid=arF001a075582cd1444e&page_item_id=1634562961,NLP Engineer,jobrapido,2026-09-06T02:11:48.928188,,,,
6634863930525089792,Python Backend Engineer - Latin America - Remote,Azumo,Remoto,,,https://open.app.jobrapido.com/ar/6634863930525089792/?w=nlp&l=&oc=sponsored&k=web.1.3.6&uuid=arF001a075582cd1444e&page_item_id=1390550601,NLP Engineer,jobrapido,2026-09-06T02:11:48.928834,,,,
4451615093418885120,Freelance Agent Evaluation Engineer,Mindrift,Córdoba,,,https://open.app.jobrapido.com/ar/4451615093418885120/?w=nlp&l=&oc=sponsored&k=web.1.3.7&uuid=arF001a075582cd1444e&page_item_id=322320139,NLP Engineer,jobrapido,2026-09-06T02:11:48.929326,,,,
1302058349117833216,Delivery Lead,Marvik,Capital Federal,,,https://open.app.jobrapido.com/ar/1302058349117833216/?w=nlp&l=&oc=sponsored&k=web.1.3.8&uuid=arF001a075582cd1444e&page_item_id=-1017775579,NLP Engineer,jobrapido,2026-09-06T02:11:48.929825,,,,
5498117564812754944,CONVERSATIONAL DESIGNER PRINCIPAL,BCP,Centenario,,,https://open.app.jobrapido.com/ar/5498117564812754944/?w=nlp&l=&oc=sponsored&k=web.1.3.9&uuid=arF001a075582cd1444e&page_item_id=-388724705,NLP Engineer,jobrapido,2026-09-06T02:11:48.930316,,,,
8390013517310197760,AI Agent Systems Architect - Remote,Azumo,Capital Federal,,,https://open.app.jobrapido.com/ar/8390013517310197760/?w=nlp&l=&oc=sponsored&k=web.1.3.11&uuid=arF001a075582cd1444e&page_item_id=1863585414,NLP Engineer,jobrapido,2026-09-06T02:11:48.930974,,,,
9174227541437710336,Salesforce AI & Automation Associate,MaxAccelerate,Remoto,,,https://open.app.jobrapido.com/ar/9174227541437710336/?w=nlp&l=&oc=sponsored&k=web.1.3.12&uuid=arF001a075582cd1444e&page_item_id=-1777193223,NLP Engineer,jobrapido,2026-09-06T02:11:48.931467,,,,
6281900906799693824,AI Forward Deployed Engineer,Marvik,Capital Federal,,,https://open.app.jobrapido.com/ar/6281900906799693824/?w=nlp&l=&oc=sponsored&k=web.1.3.13&uuid=arF001a075582cd1444e&page_item_id=1403325614,NLP Engineer,jobrapido,2026-09-06T02:11:48.931968,,,,
8954933245812670464,Client Technology Software engineering_Assurance Sr. Engineer/Arch 1 - EY Global Delivery Services,EY,Capital Federal,,,https://open.app.jobrapido.com/ar/8954933245812670464/?w=nlp&l=&oc=sponsored&k=web.1.3.14&uuid=arF001a075582cd1444e&page_item_id=-1585221981,NLP Engineer,jobrapido,2026-09-06T02:11:48.932463,,,,
2749977844204437504,Tech Lead Data & Ai — Remoto Desde Argentina Rosario,We Are Tims,Rosario,"Open or close the mobile menu Jobrapido Entrar Inscríbete Publica una oferta Ayuda Empresas Clear job input Profesión / Palabras clave Ofertas de trabajo para Tech Lead en Rosario ¿Qué trabajo estás buscando? Clear location input Localidad Búsqueda avanzada de empleo Relevancia Fecha [[distance.label]] [[d.text]] Close Localidad Gran Buenos Aires Capital Federal Córdoba Santa Fé Neuquén Rosario Mendoza Rincón De Los Sauces Gba Sur Mar Del Plata Búsquedas relacionadas Software Software Engineer Python Software Engineer Management Modelo Services Engineer Security Product Engineering Product Engineer Quality Engineer Vuelve a tus resultados: [[backlinkLabel]] Tech Lead Data & Ai — Remoto Desde Argentina Rosario Rosario - Región Centro We Are Tims [[upButtonMessage]] full time www.kitempleo.com.ar 18 ago 2026 We Are TIMS está buscando un/a Tech Lead especializado/a en Data & AI para liderar un equipo en Argentina de forma remota. El candidato adecuado tendrá más de 5 años de experiencia en roles relacionados con datos y al menos 2 años liderando equipos técnicos. Se requiere un dominio experto en AWS, Python y SQL, así como habilidades en NLP y clustering. Esta posición ofrece una compensación en USD y la posibilidad de reubicación a España en el futuro. J-18808-Ljbffr Ver más Ver menos [[downButtonMessage]] LinkedIn Twitter Facebook © 2026 Jobrapido | C.I.F: IT11876271005 Trabajos Empresas Condiciones del Servicio Política de Privacidad Ayuda Contacto",,https://ar.jobrapido.com/jobpreview/2749977844204437504?redirectTo=https%253A%252F%252Fwww.kitempleo.com.ar%252Fempleo%252F52461180%252Ftech-lead-data-ai-remoto-desde-argentina-rosario&w=Python&p=4,NLP Engineer,jobrapido,2026-09-06T02:13:12.966391,,,,
5836620687782969344,AI Agent Systems Architect - Remote (Rosario),Azumo,Rosario,"Jobrapido Publica una oferta Ayuda Empresas Entrar Inscríbete Profesión / Palabras clave Localidad Ofertas de trabajo para AI Agent en Rosario Trabajos > AI Agent > Rosario Localidad Gran Buenos Aires Capital Federal Córdoba Santa Fé Neuquén Rosario Mendoza Rincón De Los Sauces Gba Sur Mar Del Plata Búsquedas relacionadas Software Software Engineer Python Software Engineer Management Modelo Services Engineer Security Product Engineering Product Engineer Quality Engineer Vuelve a tus resultados: [[backlinkLabel]] AI Agent Systems Architect - Remote (Rosario) Rosario - Región Centro Azumo [[upButtonMessage]] full time Publicado enwww.kitempleo.com.ar 02 sep 2026 AI Agent Systems Architect Azumo, a leading AI Development company, is seeking a highly motivated AI Agent Systems Architect to join our growing team of expert AI developers. We specialize in delivering Top AI Development services, helping organizations build intelligent applications powered by Generative AI, large language models (LLMs), and advanced automation. As part of our team, you will collaborate with engineers, data scientists, and domain experts across SaaS, cloud, and big data environments. You will work on cutting-edge agentic architectures, translating research into production-ready solutions that drive real-world impact for integral clients. At Azumo, you’ll thrive if you enjoy the full lifecycle of Generative AI development—from ideation and prototyping to deployment, monitoring, and scaling intelligent applications. Responsibilities in AI Development Architect, design, and actively write code for production-grade stateful multi-agent systems, custom state machines, and function-calling workflows using frameworks such as Lang Graph, CrewAI, or native Python execution loops. Lead full-cycle hands-on development: data preparation, tool integration via Model Context Protocol (MCP), structured output enforcement, context-window recovery/caching, containerization, and secure cloud deployment (Azure/AWS). Implement MLOps/LLMOps evaluation pipelines (e.g., Langfuse, Ragas) for automated prompt regression tracking, hallucination mitigation, and human-in-the-loop (HITL) gating. Apply Responsible AI practices and guardrails throughout solution delivery to ensure system reliability and safety. Translate business and mission requirements into technical designs; prototype and iterate quickly with stakeholders using AI-accelerated workflows. Contribute to Azumo’s innovation roadmap by identifying research topics, publishing insights, and advancing our AI software development services portfolio. About Azumo Based in San Francisco, California, Azumo is an innovative software development firm specializing in AI software development services. We help companies of all sizes build intelligent applications by combining expertise in data, cloud, and AI. Our talented AI developers are trusted to deliver Top AI Development services in Generative AI, intelligent automation, and custom machine learning solutions. At Azumo, we believe in professional and personal growth. As a recognized AI Development company, we support our engineers in mastering the latest technologies and delivering Top AI Development services worldwide. Our culture emphasizes collaboration, continuous learning, and solving complex problems with modern AI solutions. We believe in giving back to our community and will volunteer our time to philanthropy, open-source initiatives and sharing our knowledge. Basic Qualifications: Bachelor’s Degree in Computer Science, Data Science, or related field (Master’s is a plus). 3+ years of experience developing and deploying ML, NLP, or Generative AI systems in production environments. Expert-level skills in Python and software engineering fundamentals (data structures, async programming, API design, testing, CI/CD, Git, containers). Hands-on experience with stateful AI agent frameworks and tooling: Lang Graph, Lang Chain, CrewAI, MCP, and vector databases (Pinecone, LanceDB, Azure AI Search). Active experience utilizing modern AI-assisted coding tools (e.g., Claude Code, Cursor, Git Hub Copilot) to accelerate development and codebase analysis. Proven cloud deployment experience (Azure preferred; AWS acceptable) using Docker and serverless/microservice architectures. Strong written and verbal communication skills to explain complex architectural concepts and trade-offs to diverse audiences. Professional English proficiency (C1). Preferred Qualifications: Experience building Human-in-the-Loop (HITL) workflows, automated evaluation suites, and deterministic fallback logic for LLMs. Contributions to research papers, open-source AI libraries, or active participation in the AI engineering community. Paid time off (PTO) U.S. Holidays Training Mentored career development Profit Sharing $US Remuneration #J-18808-Ljbffr Ver más Ver menos [[downButtonMessage]] LinkedIn Twitter Facebook © 2026 Jobrapido | C.I.F: IT11876271005 Trabajos Empresas Condiciones del Servicio Política de Privacidad Ayuda Contacto",,https://ar.jobrapido.com/jobpreview/5836620687782969344?redirectTo=https%253A%252F%252Fwww.kitempleo.com.ar%252Fempleo%252F53048156%252Fai-agent-systems-architect-remote-rosario&w=Python&p=4,NLP Engineer,jobrapido,2026-09-06T02:13:12.966950,,,,
9038955656664580096,Business Data Scientist - Marketing (Rosario),Accenture,Rosario,"Jobrapido Publica una oferta Ayuda Empresas Entrar Inscríbete Profesión / Palabras clave Localidad Ofertas de trabajo para Business Data en Rosario Trabajos > Business Data > Rosario Localidad Gran Buenos Aires Capital Federal Córdoba Santa Fé Neuquén Rosario Mendoza Rincón De Los Sauces Gba Sur Mar Del Plata Búsquedas relacionadas Software Software Engineer Python Software Engineer Management Modelo Services Engineer Security Product Engineering Product Engineer Quality Engineer Vuelve a tus resultados: [[backlinkLabel]] Business Data Scientist - Marketing (Rosario) Rosario - Región Centro Accenture [[upButtonMessage]] other Publicado enwww.kitempleo.com.ar 20 ago 2026 Un perfil orientado a SONG Analytics es un perfil que tiene conocimiento funcional Marketing así como modelos de machine learning orientados a generar valor e insights desde el conocimiento del cliente, tiene que tener pensamiento analítico y conocer los métodos analíticos que usan como medio para resolver distintos casos de uso de negocio, así como capacidad de resolución de problemas. El área de Applied Intelligence orientado a SONG abarca el todo tipo de solución relacionada con el consumidor final, por lo que es necesario que el perfil SONG conozca los conceptos necesarios para brindar una solución orientada a solucionar problemas o simplemente a agregar valor, teniendo en cuenta los requisitos propios de las diferentes propuestas. Es un perfil curioso que busca la causa raíz a problemas y utiliza/propone herramientas analíticas para poder resolverlo a través de distintas técnicas: ML, Segmentación, Optimización, etc. Debe tener conocimiento y entendimiento de las distintas etapas técnicas y funcionales dentro de un proyecto basado en datos: desde adquisición y extracción de los datos desde diferentes fuentes, validación, manipulación, limpieza y transformación de estos para finalmente llegar a la obtención de un modelo de datos que pueda satisfacer las necesidades de cliente. La posterior etapa de validación y demostración de aporte de valor es clave para generar engagement en el cliente. Summary: - Conocimientos funcionales de Marketing. - Capacidad Analítica con el objetivo de brindar insights. - Desarrollo e Implementación de soluciones analíticas performantes. - Ser claro y concreto a la hora de presentar resultados. Funciones del rol A continuación, se presentan algunas de las funciones que un perfil de SONG del equipo BDS se puede encontrar desarrollando en su día a día como parte del staff de un proyecto. - Deberá coordinar la ejecución de actividades dentro de un equipo reducido, asegurarse que las mismas se ejecuten en tiempo y forma. En caso de haber demoras deberá sentirse cómodo para informar los retrasos y generar un plan de contingencias. - Trabajará con expertos de distintos tipos optimización, machine learning, simulación, UX, etc. - Deberá interpretar los requerimientos del cliente, para así poder estimar tiempo y esfuerzo del desarrollo de las tareas. Esta estimación deberá hacerse teniendo en cuenta los datos disponibles, la implicancia del requerimiento a desarrollar sobre el modelo existente y posible efecto sobre el output del modelo. Requerimientos Los skills listados en esta sección constituyen requerimientos necesarios para poder desenvolverse de forma adecuada dentro del equipo y los proyectos en general: Estudios realizados Algunos ejemplos de carreras afines a esta descripción: Ingeniería Industrial, Economía, Administración de Empresas y graduados de otras carreras con Maestrías en Ciencia de Datos, Analytics, y afines. Excluyente: - Experiencia comprobable en algunos de los siguientes modelos: - Customer lifetime value predictivo - Churn - Pricing - Next best offer or Next best action - Customer Segmentation - Propensión de compra, ext. - Dominio de SQL (Intermedio) - Python (Intermedio/Avanzado): - Manejo de librerías para exploración y visualización de datos tales como pandas, numpy, scikit-learn, Matplotlib, Seaborn o Pandas profilling - Modelos de Machine Learning: árbol, Regresión Logística, LGBM, SVM, Red Neuronal, Clusters. - Puede ser una experiencia similar en R Studio, SAS Studio, Java, pySpark. - Conocimientos del proceso de desarrollo de un modelo: entendimiento del problema, modelo conceptual y modelo de datos, tratamiento y limpieza, validación, análisis y explicación de resultados. (Avanzado) - Utilizar A/B testing o técnicas de Machine Learning explainability: SHAP, LIME, dice-ml, etc. (Intermedio). - Inglés (Intermedio/Avanzado). Nice to have: - herramientas de visualización como Tableau/PowerBI - Experiencia utilizando algún proveedor cloud (AWS, GCP, Azure) - Experiencia en NLP, computer vision, recommendation systems. Ok… si llegaste a leer hasta acá, te adelantamos lo que también es necesario que sepas: parte de nuestros grandes incentivos: Pedidos Ya ‍ ️ Prepaga Swiss Medical sin costo para vos y tu grupo familiar primario Reintegro de Conectividad Gimnasio 100% Bonificado Vacaciones Flex Jornada Flex Certificaciones bonificadas Día de cumpleaños libre Bonos Accenture Days Paquete de beneficios flexibles ‍‍‍ Licencias de Paternidad & Maternidad Extendida Ayuda Económica para Guardería y muchos ➕! So… ARE YOU READY TO ROCK? Trabajá desde cualquier parte de la Argentina de forma 100% remota. También ¡tenemos oficinas a disposición en CABA, Córdoba, Mar del Plata y Rosario! EN ACCENTURE, LA IGUALDAD IMPULSA LA INNOVACIÓN ¿Sabías que Accenture fue elegida la compañía más diversa e inclusiva del mundo? Creemos que la fuerza laboral del futuro es una fuerza igualitaria para todos. Todas las decisiones referidas al proceso de selección de empleo se tomarán sin hacer distinción, exclusión o preferencia alguna basada en motivos de raza, color, género, orientación sexual, discapacidad, edad, religión, opinión política o sindical, nacionalidad u origen socioeconómico ni ninguna otra prevista en la legislación vigente, que tengan por efecto anular o alterar la igualdad de oportunidades o de trato entre los candidatos. #LI-LATAM Ver más Ver menos [[downButtonMessage]] LinkedIn Twitter Facebook © 2026 Jobrapido | C.I.F: IT11876271005 Trabajos Empresas Condiciones del Servicio Política de Privacidad Ayuda Contacto",,https://ar.jobrapido.com/jobpreview/9038955656664580096?redirectTo=https%253A%252F%252Fwww.kitempleo.com.ar%252Fempleo%252F52525647%252Fbusiness-data-scientist-marketing-rosario&w=Python&p=4,NLP Engineer,jobrapido,2026-09-06T02:13:12.967429,,,,
8578372434812469248,"AI Engineer II - Marketing Argentina, Remote (Rosario)",Sezzle,Rosario,"Open or close the mobile menu Jobrapido Entrar Inscríbete Publica una oferta Ayuda Empresas Clear job input Profesión / Palabras clave Ofertas de trabajo para AI Engineer en Rosario ¿Qué trabajo estás buscando? Clear location input Localidad Búsqueda avanzada de empleo Relevancia Fecha [[distance.label]] [[d.text]] Close Localidad Gran Buenos Aires Capital Federal Córdoba Santa Fé Neuquén Rosario Mendoza Rincón De Los Sauces Gba Sur Mar Del Plata Búsquedas relacionadas Software Software Engineer Python Software Engineer Management Modelo Services Engineer Security Product Engineering Product Engineer Quality Engineer Vuelve a tus resultados: [[backlinkLabel]] AI Engineer II - Marketing Argentina, Remote (Rosario) Rosario - Región Centro Sezzle [[upButtonMessage]] full time www.kitempleo.com.ar 18 ago 2026 The salary range for this role is $3,333 - $6,000 per month (Gross in USD)About Sezzle With a mission to financially empower the next generation, Sezzle is revolutionizing the shopping experience beyond payments, blending cutting‑edge tech with seamless, interest‑free installment plans that make shopping smarter and more accessible. We’re not just transforming payments; we’re redefining how people discover, interact with, and purchase the things they love while driving real impact on merchant sales through increased conversions and higher order values. As we continue to shape the future of fintech and retail, we’re building an innovative, dynamic team passionate about creating more than just a transaction but a truly unique shopping journey. About the Role We are seeking an experienced and motivated AI Engineer II who possesses a strong blend of technical skill and business insight. This role offers an exciting opportunity to thrive in a fast‑paced environment, with significant prospects for continued growth and ownership. As a member of the Applied AI team, you will take end‑to‑end ownership of complex platforms and systems that power Sezzle’s AI‑driven capabilities. Your work will span initiatives such as building AI‑powered platforms from scratch, developing intelligent automation and orchestration systems, and embedding proprietary AI solutions directly into customer‑facing products, internal tools, and operational workflows. What You'll DoLead the design, development, and ownership of AI‑powered internal platforms and systems, including initiatives built from the ground up with a focus on Marketing. Own end‑to‑end delivery of complex projects, from problem discovery and system design through production rollout and iteration. Design and implement AI‑driven features, intelligent automation, and orchestration systems that enhance customer experiences and compound productivity across teams. Embed AI capabilities into customer‑facing products, internal tools, and operational workflows, ensuring solutions integrate naturally and deliver measurable value. Build full‑stack systems spanning backend services, APIs, data layers, and frontend interfaces. Translate ambiguous business and operational problems into scalable, maintainable, AI‑enabled technical solutions. Apply strong systems thinking to ensure reliability, performance, security, permissions, and auditability across platforms. Collaborate closely with engineers, teams, and stakeholders across the company to identify high‑impact opportunities and drive adoption. Participate in production support and incident response for owned systems, helping define and uphold reliability and operational best practices. Mentor AI team members through code reviews, design feedback, and hands‑on guidance, raising the overall quality bar of the team. What We Look for3–5 years of professional experience in software engineering, AI engineering, platform engineering, or related roles. Hands‑on experience designing, building, and shipping AI‑powered systems into production environments. Strong proficiency in Python, SQL, and frontend frameworks such as React. Proven experience designing and owning production‑grade full‑stack systems. Experience working with distributed systems, internal platforms, or complex data workflows. Ability to operate effectively in ambiguous problem spaces and drive solutions with minimal direction. Preferred Qualifications Experience building AI‑first platforms or internal products from scratch, including early architectural decisions. Strong foundation in core machine learning and data science principles, including supervised/unsupervised learning, feature engineering, model evaluation, and statistical inference. Experience with transformer architectures (BERT, GPT, etc.) and understanding of attention mechanisms, tokenization, and fine‑tuning strategies for domain‑specific applications. Experience developing AI‑assisted or agentic systems that interact with tools, data, or workflows. Familiarity with embeddings and vector representations, including text embeddings, similarity search, and integration with vector databases (Pinecone, Weaviate, pgvector, or similar). Experience with NLP techniques including text classification, named entity recognition, semantic search, and information extraction. Familiarity with cloud‑native development using AWS. Understanding of prompt engineering, retrieval‑augmented generation (RAG), and LLM application patterns. Experience with containerized systems and orchestration tools such as Docker and Kubernetes. Exposure to CI/CD pipelines and modern development workflows (e.g., Git Lab). Experience with Golang is a plus (or willingness to learn). Experience with Braze or similar consumer‑facing CRM platforms and/or various B2C digital marketing channels like affiliate, CTV, paid social, paid search, GEO/SEO, DSP. About You You have relentlessly high standards – you continually raise the bar and drive those around you to deliver great results. You’re not bound by convention – you develop new ways to do things. You need action – speed matters; many decisions and actions are reversible and do not need extensive study. You earn trust – you listen attentively, speak candidly, and treat others respectfully. What Makes Working at Sezzle Awesome At Sezzle, we are more than just brilliant engineers, passionate data enthusiasts, out‑of‑the‑box thinkers, and determined innovators. We believe in surrounding ourselves with only the best and the brightest individuals. Our culture is defined by the visible example of living in every employee that we hire, rather than a set of perks that merely imitate traditional startup culture. Remote – Full Time #J-18808-Ljbffr Ver más Ver menos [[downButtonMessage]] LinkedIn Twitter Facebook © 2026 Jobrapido | C.I.F: IT11876271005 Trabajos Empresas Condiciones del Servicio Política de Privacidad Ayuda Contacto",,https://ar.jobrapido.com/jobpreview/8578372434812469248?redirectTo=https%253A%252F%252Fwww.kitempleo.com.ar%252Fempleo%252F52535194%252Fai-engineer-ii-marketing-argentina-remote-rosario&w=Python&p=4,NLP Engineer,jobrapido,2026-09-06T02:13:12.967912,,,,
3698465640030404608,Principal Nlp Scientist (Chubut),Sourceability,Chubut,"Open or close the mobile menu Jobrapido Entrar Inscríbete Publica una oferta Ayuda Empresas Clear job input Profesión / Palabras clave Ofertas de trabajo para Principal Nlp en Chubut ¿Qué trabajo estás buscando? Clear location input Localidad Búsqueda avanzada de empleo Relevancia Fecha [[distance.label]] [[d.text]] Close Localidad Gran Buenos Aires Capital Federal Córdoba Santa Fé Neuquén Rosario Mendoza Rincón De Los Sauces Gba Sur Mar Del Plata Búsquedas relacionadas Software Software Engineer Python Software Engineer Management Modelo Services Engineer Security Product Engineering Product Engineer Quality Engineer Vuelve a tus resultados: [[backlinkLabel]] Principal Nlp Scientist (Chubut) Chubut - Región Patagonia Sourceability [[upButtonMessage]] full time www.kitempleo.com.ar 22 ago 2026 Sourceability® is a integral digital distributor of electronic components transforming how modern businesses bring products to market. With innovation, quality and logistics as the backbone of the company, Sourceability's cutting‐edge products and services expedite the procurement process across a wide range of industries, including communications/cellular, consumer electronics, and auto manufacturing. The Principal NLP Scientist is a senior technical leader responsible for designing, researching, and improving advanced Natural Language Processing and Large Language Model capabilities for production business systems. This role combines applied research, hands‐on model development, technical architecture, and practical product impact. The Principal NLP Scientist will lead the design of NLP solutions for named entity recognition, text classification, text generation, semantic search, information extraction, and other language‐driven automation use cases. This is not only a research role. The focus is to take modern NLP and LLM technologies and make them reliable, measurable, maintainable, and useful inside real production workflows. Assigned Product Group Product Group | NLP / AI Automation Stream | Software Engineering / AI & Machine Learning Role Type | Principal-level individual contributor / technical leader The Principal NLP Scientist will work closely with engineers, data engineers, product managers, analysts, and data annotation teams to define, build, evaluate, and continuously improve NLP models and language‐based automation systems. Product Group Focus Areas The NLP product group is responsible for building and improving systems related to: Named entity recognition and structured data extraction Text classification and categorization Text generation and language‐based automation Large Language Model evaluation, adaptation, and integration Retrieval‐augmented generation and semantic search Knowledge graph and GraphRAG‐based approaches for connecting structured business data, unstructured text, and entity relationships in AI assistant workflows Data preparation, annotation strategy, and labeling quality Model evaluation, monitoring, and production performance Applied NLP research and prototype development Integration of NLP models into internal business applications Insight on Your Impact In this role, you will influence how the company uses modern NLP and LLM technologies across internal platforms and operational workflows. You will define technical direction for NLP systems, evaluate new approaches, design experiments, create prototypes, and help move successful models into production. Your work will directly affect automation quality, data processing accuracy, operational efficiency, and the long‐term AI capabilities of the company. The role requires strong scientific depth, but also practical engineering judgment. The right candidate should be able to read research papers, understand model architecture, design measurable experiments, and also work with engineers to make sure the final solution can run reliably in production. Your Qualifications, Your Influence To be successful in this role, you should have: PhD in Computer Science, Machine Learning, Artificial Intelligence, Computational Linguistics, Applied Mathematics, Data Science, or a closely related technical field 8+ years of professional experience in machine learning, artificial intelligence, or NLP 5+ years of hands‐on experience building NLP models for production or near‐production systems Deep understanding of modern neural network architectures, including RNN, CNN, Transformer‐based architectures, attention mechanisms, embeddings, fine‐tuning strategies, layers, modules, and loss functions Strong practical experience with NLP tasks such as NER, classification, text generation, semantic similarity, information extraction, and document understanding Strong experience with Large Language Models, including model evaluation, prompt design, fine‐tuning, retrieval‐augmented generation, and safe production usage Practical understanding of RAG, GraphRAG, knowledge graphs, embeddings, and hybrid retrieval approaches for production LLM applications Strong hands‐on experience with Python Strong experience with PyTorch and Hugging Face Transformers Experience with ONNX or other model optimization / model serving formats Strong understanding of data preparation, data quality, labeling workflows, annotation guidelines, and model evaluation metrics Practical experience with main data analysis and machine learning libraries, including Pandas, NumPy, SciPy, scikit‐learn, and Matplotlib Experience working with SQL databases and structured business data Experience with cloud platforms such as Microsoft Azure or AWS Ability to design experiments, define success metrics, compare model approaches, and explain trade‐offs clearly Strong written and verbal English communication skills Experience working in Agile engineering environments Ability to provide technical leadership without requiring formal people management authority Preferred Skills and Technical Familiarity The following experience will be helpful: Experience leading NLP or AI research initiatives in a commercial production environment Experience with multilingual NLP systems Experience with vector databases, embeddings, semantic search, and RAG architectures Experience with knowledge graph concepts, including entity and relationship modeling, graph schema design, traversal queries, and LLM integration with graph databases such as Neo4j, FalkorDB, or similar technologies Experience with model serving, monitoring, drift detection, and production ML observability Experience with Docker and containerized ML workloads Experience with MLOps practices and CI/CD for machine learning systems Experience working with data annotation teams and creating annotation instructions Experience with . NET / C#, ASP.NET Core, or integration of ML services into enterprise software platforms Experience building prototypes, demos, and proof‐of‐concept applications for new AI capabilities Publications, patents, or recognized technical contributions in NLP, machine learning, or applied AI are a plus Success in the First 90 Days Understand the current NLP and AI automation landscape inside the company Review existing models, datasets, annotation processes, and production use cases Identify the highest‐impact opportunities for NLP and LLM improvements Define practical evaluation metrics for current and future NLP models Create a technical roadmap for improving NER, classification, generation, and information extraction capabilities Propose clear standards for data labeling quality, model validation, and production readiness Deliver at least one meaningful prototype or improvement proposal with measurable business value Establish strong working relationships with engineering, product, data, and operations stakeholders What This Role Does Not Own This role does not own general IT infrastructure, end‐user support, business operations, or manual data entry processes. The Principal NLP Scientist is also not the sole owner of product priorities or business requirements. Product management owns business prioritization, backlog structure, and stakeholder alignment. This role owns the scientific and technical direction for NLP and LLM capabilities and provides expert guidance on what is technically possible, reliable, and production‐ready. EQUAL OPPORTUNITY EMPLOYER It is our policy to abide by all federal, state and local laws prohibiting employment discrimination based on a person's race, color, religious creed, sex, national origin, ancestry, citizenship status, pregnancy, childbirth, physical disability, mental and/or intellectual disability, age, military status, veteran status (including protected veterans), marital status, registered domestic partner or civil union status, familial status, gender (including sex stereotyping and gender identity or expression), medical condition (including, but not limited to, cancer related or HIV/AIDS related), genetic information, sexual orientation, or any other protected status. #J-*****-Ljbffr Ver más Ver menos [[downButtonMessage]] LinkedIn Twitter Facebook © 2026 Jobrapido | C.I.F: IT11876271005 Trabajos Empresas Condiciones del Servicio Política de Privacidad Ayuda Contacto",,https://ar.jobrapido.com/jobpreview/3698465640030404608?redirectTo=https%253A%252F%252Fwww.kitempleo.com.ar%252Fempleo%252F52643527%252Fprincipal-nlp-scientist-chubut&w=Python&p=4,NLP Engineer,jobrapido,2026-09-06T02:13:12.968383,,,,
5448781584721248256,Principal NLP Scientist (Trelew),Sourceability,Trelew,"Open or close the mobile menu Jobrapido Entrar Inscríbete Publica una oferta Ayuda Empresas Clear job input Profesión / Palabras clave Ofertas de trabajo para Principal NLP en Trelew ¿Qué trabajo estás buscando? Clear location input Localidad Búsqueda avanzada de empleo Relevancia Fecha [[distance.label]] [[d.text]] Close Localidad Gran Buenos Aires Capital Federal Córdoba Santa Fé Neuquén Rosario Mendoza Rincón De Los Sauces Gba Sur Mar Del Plata Búsquedas relacionadas Software Software Engineer Python Software Engineer Management Modelo Services Engineer Security Product Engineering Product Engineer Quality Engineer Vuelve a tus resultados: [[backlinkLabel]] Principal NLP Scientist (Trelew) Trelew - Región Patagonia Sourceability [[upButtonMessage]] full time www.kitempleo.com.ar 16 ago 2026 Sourceability® is a integral digital distributor of electronic components transforming how modern businesses bring products to market. With innovation, quality and logistics as the backbone of the company, Sourceability's cutting‑edge products and services expedite the procurement process across a wide range of industries, including communications/cellular, consumer electronics, and auto manufacturing. The Principal NLP Scientist is a senior technical leader responsible for designing, researching, and improving advanced Natural Language Processing and Large Language Model capabilities for production business systems. This role combines applied research, hands‑on model development, technical architecture, and practical product impact. The Principal NLP Scientist will lead the design of NLP solutions for named entity recognition, text classification, text generation, semantic search, information extraction, and other language‑driven automation use cases. This is not only a research role. The focus is to take modern NLP and LLM technologies and make them reliable, measurable, maintainable, and useful inside real production workflows. Assigned Product Group - Product Group | NLP / AI Automation - Stream | Software Engineering / AI & Machine Learning - Role Type | Principal-level individual contributor / technical leader The Principal NLP Scientist will work closely with engineers, data engineers, product managers, analysts, and data annotation teams to define, build, evaluate, and continuously improve NLP models and language‑based automation systems. Product Group Focus Areas The NLP product group is responsible for building and improving systems related to: - Named entity recognition and structured data extraction - Text classification and categorization - Text generation and language‑based automation - Large Language Model evaluation, adaptation, and integration - Retrieval‑augmented generation and semantic search - Knowledge graph and GraphRAG‑based approaches for connecting structured business data, unstructured text, and entity relationships in AI assistant workflows - Data preparation, annotation strategy, and labeling quality - Model evaluation, monitoring, and production performance - Applied NLP research and prototype development - Integration of NLP models into internal business applications Insight on Your Impact In this role, you will influence how the company uses modern NLP and LLM technologies across internal platforms and operational workflows. You will define technical direction for NLP systems, evaluate new approaches, design experiments, create prototypes, and help move successful models into production. Your work will directly affect automation quality, data processing accuracy, operational efficiency, and the long‑term AI capabilities of the company. The role requires strong scientific depth, but also practical engineering judgment. The right candidate should be able to read research papers, understand model architecture, design measurable experiments, and also work with engineers to make sure the final solution can run reliably in production. Your Qualifications, Your Influence To be successful in this role, you should have: - PhD in Computer Science, Machine Learning, Artificial Intelligence, Computational Linguistics, Applied Mathematics, Data Science, or a closely related technical field - 8+ years of professional experience in machine learning, artificial intelligence, or NLP - 5+ years of hands‑on experience building NLP models for production or near‑production systems - Deep understanding of modern neural network architectures, including RNN, CNN, Transformer‑based architectures, attention mechanisms, embeddings, fine‑tuning strategies, layers, modules, and loss functions - Strong practical experience with NLP tasks such as NER, classification, text generation, semantic similarity, information extraction, and document understanding - Strong experience with Large Language Models, including model evaluation, prompt design, fine‑tuning, retrieval‑augmented generation, and safe production usage - Practical understanding of RAG, GraphRAG, knowledge graphs, embeddings, and hybrid retrieval approaches for production LLM applications - Strong hands‑on experience with Python - Strong experience with PyTorch and Hugging Face Transformers - Experience with ONNX or other model optimization / model serving formats - Strong understanding of data preparation, data quality, labeling workflows, annotation guidelines, and model evaluation metrics - Practical experience with main data analysis and machine learning libraries, including Pandas, NumPy, SciPy, scikit‑learn, and Matplotlib - Experience working with SQL databases and structured business data - Experience with cloud platforms such as Microsoft Azure or AWS - Ability to design experiments, define success metrics, compare model approaches, and explain trade‑offs clearly - Strong written and verbal English communication skills - Experience working in Agile engineering environments - Ability to provide technical leadership without requiring formal people management authority Preferred Skills and Technical Familiarity The following experience will be helpful: - Experience leading NLP or AI research initiatives in a commercial production environment - Experience with multilingual NLP systems - Experience with vector databases, embeddings, semantic search, and RAG architectures - Experience with knowledge graph concepts, including entity and relationship modeling, graph schema design, traversal queries, and LLM integration with graph databases such as Neo4j, FalkorDB, or similar technologies - Experience with model serving, monitoring, drift detection, and production ML observability - Experience with Docker and containerized ML workloads - Experience with MLOps practices and CI/CD for machine learning systems - Experience working with data annotation teams and creating annotation instructions - Experience with .NET / C#, ASP.NET Core, or integration of ML services into enterprise software platforms - Experience building prototypes, demos, and proof‑of‑concept applications for new AI capabilities - Publications, patents, or recognized technical contributions in NLP, machine learning, or applied AI are a plus Success in the First 90 Days - Understand the current NLP and AI automation landscape inside the company - Review existing models, datasets, annotation processes, and production use cases - Identify the highest‑impact opportunities for NLP and LLM improvements - Define practical evaluation metrics for current and future NLP models - Create a technical roadmap for improving NER, classification, generation, and information extraction capabilities - Propose clear standards for data labeling quality, model validation, and production readiness - Deliver at least one meaningful prototype or improvement proposal with measurable business value - Establish strong working relationships with engineering, product, data, and operations stakeholders What This Role Does Not Own This role does not own general IT infrastructure, end‑user support, business operations, or manual data entry processes. The Principal NLP Scientist is also not the sole owner of product priorities or business requirements. Product management owns business prioritization, backlog structure, and stakeholder alignment. This role owns the scientific and technical direction for NLP and LLM capabilities and provides expert guidance on what is technically possible, reliable, and production‑ready. EQUAL OPPORTUNITY EMPLOYER It is our policy to abide by all federal, state and local laws prohibiting employment discrimination based on a person's race, color, religious creed, sex, national origin, ancestry, citizenship status, pregnancy, childbirth, physical disability, mental and/or intellectual disability, age, military status, veteran status (including protected veterans), marital status, registered domestic partner or civil union status, familial status, gender (including sex stereotyping and gender identity or expression), medical condition (including, but not limited to, cancer related or HIV/AIDS related), genetic information, sexual orientation, or any other protected status. Ver más Ver menos [[downButtonMessage]] LinkedIn Twitter Facebook © 2026 Jobrapido | C.I.F: IT11876271005 Trabajos Empresas Condiciones del Servicio Política de Privacidad Ayuda Contacto",,https://ar.jobrapido.com/jobpreview/5448781584721248256?redirectTo=https%253A%252F%252Fwww.kitempleo.com.ar%252Fempleo%252F52399023%252Fprincipal-nlp-scientist-trelew&w=Python&p=4,NLP Engineer,jobrapido,2026-09-06T02:13:12.968857,,,,
4013879448314052608,Principal Nlp Scientist (Buenos Aires),Sourceability,Capital Federal,"Jobrapido Publica una oferta Ayuda Empresas Entrar Inscríbete Profesión / Palabras clave Localidad Ofertas de trabajo para Principal Nlp en Departamento Federal Trabajos > Principal Nlp > Capital Federal Localidad Gran Buenos Aires Capital Federal Córdoba Santa Fé Neuquén Rosario Mendoza Rincón De Los Sauces Gba Sur Mar Del Plata Búsquedas relacionadas Software Software Engineer Python Software Engineer Management Modelo Services Engineer Security Product Engineering Product Engineer Quality Engineer Vuelve a tus resultados: [[backlinkLabel]] Principal Nlp Scientist (Buenos Aires) Capital Federal - Provincia De Buenos Aires Sourceability [[upButtonMessage]] full time Publicado enwww.kitempleo.com.ar 24 ago 2026 Sourceability® is a general digital distributor of electronic components transforming how modern businesses bring products to market. With innovation, quality and logistics as the backbone of the company, Sourceability's cutting-edge products and services expedite the procurement process across a wide range of industries, including communications/cellular, consumer electronics, and auto manufacturing.The Principal NLP Scientist is a senior technical leader responsible for designing, researching, and improving advanced Natural Language Processing and Large Language Model capabilities for production business systems.This role combines applied research, hands‐on model development, technical architecture, and practical product impact. The Principal NLP Scientist will lead the design of NLP solutions for named entity recognition, text classification, text generation, semantic search, information extraction, and other language‐driven automation use cases.This is not only a research role. The focus is to take modern NLP and LLM technologies and make them reliable, measurable, maintainable, and useful inside real production workflows.Assigned Product GroupProduct Group | NLP / AI AutomationStream | Software Engineering / AI & Machine LearningRole Type | Principal-level individual contributor / technical leaderThe Principal NLP Scientist will work closely with software engineers, data engineers, product managers, analysts, and data annotation teams to define, build, evaluate, and continuously improve NLP models and language‐based automation systems.Product Group Focus AreasNamed entity recognition and structured data extractionText classification and categorizationText generation and language‐based automationLarge Language Model evaluation, adaptation, and integrationRetrieval‐augmented generation and semantic searchKnowledge graph and GraphRAG‐based approaches for connecting structured business data, unstructured text, and entity relationships in AI assistant workflowsData preparation, annotation strategy, and labeling qualityModel evaluation, monitoring, and production performanceApplied NLP research and prototype developmentIntegration of NLP models into internal business applicationsInsight on Your ImpactIn this role, you will influence how the company uses modern NLP and LLM technologies across internal platforms and operational workflows.You will define technical direction for NLP systems, evaluate new approaches, design experiments, create prototypes, and help move successful models into production. Your work will directly affect automation quality, data processing accuracy, operational efficiency, and the long‐term AI capabilities of the company.The role requires strong scientific depth, but also practical engineering judgment. The right candidate should be able to read research papers, understand model architecture, design measurable experiments, and also work with engineers to make sure the final solution can run reliably in production.Your Qualifications, Your InfluencePhD in Computer Science, Machine Learning, Artificial Intelligence, Computational Linguistics, Applied Mathematics, Data Science, or a closely related technical field8+ years of professional experience in machine learning, artificial intelligence, or NLP5+ years of hands‐on experience building NLP models for production or near‐production systemsDeep understanding of modern neural network architectures, including RNN, CNN, Transformer‐based architectures, attention mechanisms, embeddings, fine‐tuning strategies, layers, modules, and loss functionsStrong practical experience with NLP tasks such as NER, classification, text generation, semantic similarity, information extraction, and document understandingStrong experience with Large Language Models, including model evaluation, prompt design, fine‐tuning, retrieval‐augmented generation, and safe production usagePractical understanding of RAG, GraphRAG, knowledge graphs, embeddings, and hybrid retrieval approaches for production LLM applicationsStrong hands‐on experience with PythonStrong experience with PyTorch and Hugging Face TransformersExperience with ONNX or other model optimization / model serving formatsStrong understanding of data preparation, data quality, labeling workflows, annotation guidelines, and model evaluation metricsPractical experience with main data analysis and machine learning libraries, including Pandas, NumPy, SciPy, scikit‐learn, and MatplotlibExperience working with SQL databases and structured business dataExperience with cloud platforms such as Microsoft Azure or AWSAbility to design experiments, define success metrics, compare model approaches, and explain trade‐offs clearlyStrong written and verbal English communication skillsExperience working in Agile engineering environmentsAbility to provide technical leadership without requiring formal people management authorityPreferred Skills and Technical FamiliarityExperience leading NLP or AI research initiatives in a commercial production environmentExperience with multilingual NLP systemsExperience with vector databases, embeddings, semantic search, and RAG architecturesExperience with knowledge graph concepts, including entity and relationship modeling, graph schema design, traversal queries, and LLM integration with graph databases such as Neo4j, FalkorDB, or similar technologiesExperience with model serving, monitoring, drift detection, and production ML observabilityExperience with Docker and containerized ML workloadsExperience with MLOps practices and CI/CD for machine learning systemsExperience working with data annotation teams and creating annotation instructionsExperience with . NET / C#, ASP.NET Core, or integration of ML services into enterprise software platformsExperience building prototypes, demos, and proof‐of‐concept applications for new AI capabilitiesPublications, patents, or recognized technical contributions in NLP, machine learning, or applied AI are a plusSuccess in the First 90 DaysUnderstand the current NLP and AI automation landscape inside the companyReview existing models, datasets, annotation processes, and production use casesIdentify the highest‐impact opportunities for NLP and LLM improvementsDefine practical evaluation metrics for current and future NLP modelsCreate a technical roadmap for improving NER, classification, generation, and information extraction capabilitiesPropose clear standards for data labeling quality, model validation, and production readinessDeliver at least one meaningful prototype or improvement proposal with measurable business valueEstablish strong working relationships with engineering, product, data, and operations stakeholdersWhat This Role Does Not OwnThis role does not own general IT infrastructure, end‐user support, business operations, or manual data entry processes.The Principal NLP Scientist is also not the sole owner of product priorities or business requirements. Product management owns business prioritization, backlog structure, and stakeholder alignment. This role owns the scientific and technical direction for NLP and LLM capabilities and provides expert guidance on what is technically possible, reliable, and production‐ready.EQUAL OPPORTUNITY EMPLOYER.It is our policy to abide by all federal, state and local laws prohibiting employment discrimination based on a person's race, color, religious creed, sex, national origin, ancestry, citizenship status, pregnancy, childbirth, physical disability, mental and/or intellectual disability, age, military status, veteran status (including protected veterans), marital status, registered domestic partner or civil union status, familial status, gender (including sex stereotyping and gender identity or expression), medical condition (including, but not limited to, cancer related or HIV/AIDS related), genetic information, sexual orientation, or any other protected status. #J-*****-Ljbffr Ver más Ver menos [[downButtonMessage]] LinkedIn Twitter Facebook © 2026 Jobrapido | C.I.F: IT11876271005 Trabajos Empresas Condiciones del Servicio Política de Privacidad Ayuda Contacto",,https://ar.jobrapido.com/jobpreview/4013879448314052608?redirectTo=https%253A%252F%252Fwww.kitempleo.com.ar%252Fempleo%252F52709835%252Fprincipal-nlp-scientist-buenos-aires&w=Python&p=4,NLP Engineer,jobrapido,2026-09-06T02:13:12.969324,,,,
123563561258582016,Principal NLP Scientist (Comodoro Rivadavia),Sourceability,Comodoro Rivadavia,"Open or close the mobile menu Jobrapido Entrar Inscríbete Publica una oferta Ayuda Empresas Clear job input Profesión / Palabras clave Ofertas de trabajo para Principal NLP en Comodoro Rivadavia ¿Qué trabajo estás buscando? Clear location input Localidad Búsqueda avanzada de empleo Relevancia Fecha [[distance.label]] [[d.text]] Close Localidad Gran Buenos Aires Capital Federal Córdoba Santa Fé Neuquén Rosario Mendoza Rincón De Los Sauces Gba Sur Mar Del Plata Búsquedas relacionadas Software Software Engineer Python Software Engineer Management Modelo Services Engineer Security Product Engineering Product Engineer Quality Engineer Vuelve a tus resultados: [[backlinkLabel]] Principal NLP Scientist (Comodoro Rivadavia) Comodoro Rivadavia - Región Patagonia Sourceability [[upButtonMessage]] full time www.kitempleo.com.ar 16 ago 2026 Sourceability® is a general digital distributor of electronic components transforming how modern businesses bring products to market. With innovation, quality and logistics as the backbone of the company, Sourceability's cutting‑edge products and services expedite the procurement process across a wide range of industries, including communications/cellular, consumer electronics, and auto manufacturing. The Principal NLP Scientist is a senior technical leader responsible for designing, researching, and improving advanced Natural Language Processing and Large Language Model capabilities for production business systems. This role combines applied research, hands‑on model development, technical architecture, and practical product impact. The Principal NLP Scientist will lead the design of NLP solutions for named entity recognition, text classification, text generation, semantic search, information extraction, and other language‑driven automation use cases. This is not only a research role. The focus is to take modern NLP and LLM technologies and make them reliable, measurable, maintainable, and useful inside real production workflows. Assigned Product Group - Product Group | NLP / AI Automation - Stream | Software Engineering / AI & Machine Learning - Role Type | Principal-level individual contributor / technical leader The Principal NLP Scientist will work closely with engineers, data engineers, product managers, analysts, and data annotation teams to define, build, evaluate, and continuously improve NLP models and language‑based automation systems. Product Group Focus Areas The NLP product group is responsible for building and improving systems related to: - Named entity recognition and structured data extraction - Text classification and categorization - Text generation and language‑based automation - Large Language Model evaluation, adaptation, and integration - Retrieval‑augmented generation and semantic search - Knowledge graph and GraphRAG‑based approaches for connecting structured business data, unstructured text, and entity relationships in AI assistant workflows - Data preparation, annotation strategy, and labeling quality - Model evaluation, monitoring, and production performance - Applied NLP research and prototype development - Integration of NLP models into internal business applications Insight on Your Impact In this role, you will influence how the company uses modern NLP and LLM technologies across internal platforms and operational workflows. You will define technical direction for NLP systems, evaluate new approaches, design experiments, create prototypes, and help move successful models into production. Your work will directly affect automation quality, data processing accuracy, operational efficiency, and the long‑term AI capabilities of the company. The role requires strong scientific depth, but also practical engineering judgment. The right candidate should be able to read research papers, understand model architecture, design measurable experiments, and also work with engineers to make sure the final solution can run reliably in production. Your Qualifications, Your Influence To be successful in this role, you should have: - PhD in Computer Science, Machine Learning, Artificial Intelligence, Computational Linguistics, Applied Mathematics, Data Science, or a closely related technical field - 8+ years of professional experience in machine learning, artificial intelligence, or NLP - 5+ years of hands‑on experience building NLP models for production or near‑production systems - Deep understanding of modern neural network architectures, including RNN, CNN, Transformer‑based architectures, attention mechanisms, embeddings, fine‑tuning strategies, layers, modules, and loss functions - Strong practical experience with NLP tasks such as NER, classification, text generation, semantic similarity, information extraction, and document understanding - Strong experience with Large Language Models, including model evaluation, prompt design, fine‑tuning, retrieval‑augmented generation, and safe production usage - Practical understanding of RAG, GraphRAG, knowledge graphs, embeddings, and hybrid retrieval approaches for production LLM applications - Strong hands‑on experience with Python - Strong experience with PyTorch and Hugging Face Transformers - Experience with ONNX or other model optimization / model serving formats - Strong understanding of data preparation, data quality, labeling workflows, annotation guidelines, and model evaluation metrics - Practical experience with main data analysis and machine learning libraries, including Pandas, NumPy, SciPy, scikit‑learn, and Matplotlib - Experience working with SQL databases and structured business data - Experience with cloud platforms such as Microsoft Azure or AWS - Ability to design experiments, define success metrics, compare model approaches, and explain trade‑offs clearly - Strong written and verbal English communication skills - Experience working in Agile engineering environments - Ability to provide technical leadership without requiring formal people management authority Preferred Skills and Technical Familiarity The following experience will be helpful: - Experience leading NLP or AI research initiatives in a commercial production environment - Experience with multilingual NLP systems - Experience with vector databases, embeddings, semantic search, and RAG architectures - Experience with knowledge graph concepts, including entity and relationship modeling, graph schema design, traversal queries, and LLM integration with graph databases such as Neo4j, FalkorDB, or similar technologies - Experience with model serving, monitoring, drift detection, and production ML observability - Experience with Docker and containerized ML workloads - Experience with MLOps practices and CI/CD for machine learning systems - Experience working with data annotation teams and creating annotation instructions - Experience with .NET / C#, ASP.NET Core, or integration of ML services into enterprise software platforms - Experience building prototypes, demos, and proof‑of‑concept applications for new AI capabilities - Publications, patents, or recognized technical contributions in NLP, machine learning, or applied AI are a plus Success in the First 90 Days - Understand the current NLP and AI automation landscape inside the company - Review existing models, datasets, annotation processes, and production use cases - Identify the highest‑impact opportunities for NLP and LLM improvements - Define practical evaluation metrics for current and future NLP models - Create a technical roadmap for improving NER, classification, generation, and information extraction capabilities - Propose clear standards for data labeling quality, model validation, and production readiness - Deliver at least one meaningful prototype or improvement proposal with measurable business value - Establish strong working relationships with engineering, product, data, and operations stakeholders What This Role Does Not Own This role does not own general IT infrastructure, end‑user support, business operations, or manual data entry processes. The Principal NLP Scientist is also not the sole owner of product priorities or business requirements. Product management owns business prioritization, backlog structure, and stakeholder alignment. This role owns the scientific and technical direction for NLP and LLM capabilities and provides expert guidance on what is technically possible, reliable, and production‑ready. EQUAL OPPORTUNITY EMPLOYER It is our policy to abide by all federal, state and local laws prohibiting employment discrimination based on a person's race, color, religious creed, sex, national origin, ancestry, citizenship status, pregnancy, childbirth, physical disability, mental and/or intellectual disability, age, military status, veteran status (including protected veterans), marital status, registered domestic partner or civil union status, familial status, gender (including sex stereotyping and gender identity or expression), medical condition (including, but not limited to, cancer related or HIV/AIDS related), genetic information, sexual orientation, or any other protected status. Ver más Ver menos [[downButtonMessage]] LinkedIn Twitter Facebook © 2026 Jobrapido | C.I.F: IT11876271005 Trabajos Empresas Condiciones del Servicio Política de Privacidad Ayuda Contacto",,https://ar.jobrapido.com/jobpreview/123563561258582016?redirectTo=https%253A%252F%252Fwww.kitempleo.com.ar%252Fempleo%252F52399025%252Fprincipal-nlp-scientist-comodoro-rivadavia&w=Python&p=4,NLP Engineer,jobrapido,2026-09-06T02:13:12.969798,,,,
4867821407498665984,Principal NLP Scientist (Puerto Madryn),Sourceability,Puerto Madryn,"Open or close the mobile menu Jobrapido Entrar Inscríbete Publica una oferta Ayuda Empresas Clear job input Profesión / Palabras clave Ofertas de trabajo para Principal NLP en Puerto Madryn ¿Qué trabajo estás buscando? Clear location input Localidad Búsqueda avanzada de empleo Relevancia Fecha [[distance.label]] [[d.text]] Close Localidad Gran Buenos Aires Capital Federal Córdoba Santa Fé Neuquén Rosario Mendoza Rincón De Los Sauces Gba Sur Mar Del Plata Búsquedas relacionadas Software Software Engineer Python Software Engineer Management Modelo Services Engineer Security Product Engineering Product Engineer Quality Engineer Vuelve a tus resultados: [[backlinkLabel]] Principal NLP Scientist (Puerto Madryn) Puerto Madryn - Región Patagonia Sourceability [[upButtonMessage]] full time www.kitempleo.com.ar 16 ago 2026 Sourceability® is a general digital distributor of electronic components transforming how modern businesses bring products to market. With innovation, quality and logistics as the backbone of the company, Sourceability's cutting‑edge products and services expedite the procurement process across a wide range of industries, including communications/cellular, consumer electronics, and auto manufacturing. The Principal NLP Scientist is a senior technical leader responsible for designing, researching, and improving advanced Natural Language Processing and Large Language Model capabilities for production business systems. This role combines applied research, hands‑on model development, technical architecture, and practical product impact. The Principal NLP Scientist will lead the design of NLP solutions for named entity recognition, text classification, text generation, semantic search, information extraction, and other language‑driven automation use cases. This is not only a research role. The focus is to take modern NLP and LLM technologies and make them reliable, measurable, maintainable, and useful inside real production workflows. Assigned Product Group - Product Group | NLP / AI Automation - Stream | Software Engineering / AI & Machine Learning - Role Type | Principal-level individual contributor / technical leader The Principal NLP Scientist will work closely with engineers, data engineers, product managers, analysts, and data annotation teams to define, build, evaluate, and continuously improve NLP models and language‑based automation systems. Product Group Focus Areas The NLP product group is responsible for building and improving systems related to: - Named entity recognition and structured data extraction - Text classification and categorization - Text generation and language‑based automation - Large Language Model evaluation, adaptation, and integration - Retrieval‑augmented generation and semantic search - Knowledge graph and GraphRAG‑based approaches for connecting structured business data, unstructured text, and entity relationships in AI assistant workflows - Data preparation, annotation strategy, and labeling quality - Model evaluation, monitoring, and production performance - Applied NLP research and prototype development - Integration of NLP models into internal business applications Insight on Your Impact In this role, you will influence how the company uses modern NLP and LLM technologies across internal platforms and operational workflows. You will define technical direction for NLP systems, evaluate new approaches, design experiments, create prototypes, and help move successful models into production. Your work will directly affect automation quality, data processing accuracy, operational efficiency, and the long‑term AI capabilities of the company. The role requires strong scientific depth, but also practical engineering judgment. The right candidate should be able to read research papers, understand model architecture, design measurable experiments, and also work with engineers to make sure the final solution can run reliably in production. Your Qualifications, Your Influence To be successful in this role, you should have: - PhD in Computer Science, Machine Learning, Artificial Intelligence, Computational Linguistics, Applied Mathematics, Data Science, or a closely related technical field - 8+ years of professional experience in machine learning, artificial intelligence, or NLP - 5+ years of hands‑on experience building NLP models for production or near‑production systems - Deep understanding of modern neural network architectures, including RNN, CNN, Transformer‑based architectures, attention mechanisms, embeddings, fine‑tuning strategies, layers, modules, and loss functions - Strong practical experience with NLP tasks such as NER, classification, text generation, semantic similarity, information extraction, and document understanding - Strong experience with Large Language Models, including model evaluation, prompt design, fine‑tuning, retrieval‑augmented generation, and safe production usage - Practical understanding of RAG, GraphRAG, knowledge graphs, embeddings, and hybrid retrieval approaches for production LLM applications - Strong hands‑on experience with Python - Strong experience with PyTorch and Hugging Face Transformers - Experience with ONNX or other model optimization / model serving formats - Strong understanding of data preparation, data quality, labeling workflows, annotation guidelines, and model evaluation metrics - Practical experience with main data analysis and machine learning libraries, including Pandas, NumPy, SciPy, scikit‑learn, and Matplotlib - Experience working with SQL databases and structured business data - Experience with cloud platforms such as Microsoft Azure or AWS - Ability to design experiments, define success metrics, compare model approaches, and explain trade‑offs clearly - Strong written and verbal English communication skills - Experience working in Agile engineering environments - Ability to provide technical leadership without requiring formal people management authority Preferred Skills and Technical Familiarity The following experience will be helpful: - Experience leading NLP or AI research initiatives in a commercial production environment - Experience with multilingual NLP systems - Experience with vector databases, embeddings, semantic search, and RAG architectures - Experience with knowledge graph concepts, including entity and relationship modeling, graph schema design, traversal queries, and LLM integration with graph databases such as Neo4j, FalkorDB, or similar technologies - Experience with model serving, monitoring, drift detection, and production ML observability - Experience with Docker and containerized ML workloads - Experience with MLOps practices and CI/CD for machine learning systems - Experience working with data annotation teams and creating annotation instructions - Experience with .NET / C#, ASP.NET Core, or integration of ML services into enterprise software platforms - Experience building prototypes, demos, and proof‑of‑concept applications for new AI capabilities - Publications, patents, or recognized technical contributions in NLP, machine learning, or applied AI are a plus Success in the First 90 Days - Understand the current NLP and AI automation landscape inside the company - Review existing models, datasets, annotation processes, and production use cases - Identify the highest‑impact opportunities for NLP and LLM improvements - Define practical evaluation metrics for current and future NLP models - Create a technical roadmap for improving NER, classification, generation, and information extraction capabilities - Propose clear standards for data labeling quality, model validation, and production readiness - Deliver at least one meaningful prototype or improvement proposal with measurable business value - Establish strong working relationships with engineering, product, data, and operations stakeholders What This Role Does Not Own This role does not own general IT infrastructure, end‑user support, business operations, or manual data entry processes. The Principal NLP Scientist is also not the sole owner of product priorities or business requirements. Product management owns business prioritization, backlog structure, and stakeholder alignment. This role owns the scientific and technical direction for NLP and LLM capabilities and provides expert guidance on what is technically possible, reliable, and production‑ready. EQUAL OPPORTUNITY EMPLOYER It is our policy to abide by all federal, state and local laws prohibiting employment discrimination based on a person's race, color, religious creed, sex, national origin, ancestry, citizenship status, pregnancy, childbirth, physical disability, mental and/or intellectual disability, age, military status, veteran status (including protected veterans), marital status, registered domestic partner or civil union status, familial status, gender (including sex stereotyping and gender identity or expression), medical condition (including, but not limited to, cancer related or HIV/AIDS related), genetic information, sexual orientation, or any other protected status. Ver más Ver menos [[downButtonMessage]] LinkedIn Twitter Facebook © 2026 Jobrapido | C.I.F: IT11876271005 Trabajos Empresas Condiciones del Servicio Política de Privacidad Ayuda Contacto",,https://ar.jobrapido.com/jobpreview/4867821407498665984?redirectTo=https%253A%252F%252Fwww.kitempleo.com.ar%252Fempleo%252F52399030%252Fprincipal-nlp-scientist-puerto-madryn&w=Python&p=4,NLP Engineer,jobrapido,2026-09-06T02:13:12.970265,,,,
8538216844236947456,Senior NLP Scientist: Production-Grade LLMs (Trelew),Sourceability,Trelew,"Open or close the mobile menu Jobrapido Entrar Inscríbete Publica una oferta Ayuda Empresas Clear job input Profesión / Palabras clave Ofertas de trabajo para Senior NLP en Trelew ¿Qué trabajo estás buscando? Clear location input Localidad Búsqueda avanzada de empleo Relevancia Fecha [[distance.label]] [[d.text]] Close Localidad Gran Buenos Aires Capital Federal Córdoba Santa Fé Neuquén Rosario Mendoza Rincón De Los Sauces Gba Sur Mar Del Plata Búsquedas relacionadas Software Software Engineer Python Software Engineer Management Modelo Services Engineer Security Product Engineering Product Engineer Quality Engineer Vuelve a tus resultados: [[backlinkLabel]] Senior NLP Scientist: Production-Grade LLMs (Trelew) Trelew - Región Patagonia Sourceability [[upButtonMessage]] full time www.kitempleo.com.ar 16 ago 2026 Sourceability is seeking a Principal NLP Scientist to design, research, and improve NLP and Large Language Model capabilities for production business systems. You will lead the development of NLP solutions for named entity recognition, text classification, text generation, semantic search, information extraction, and other language‑driven automation use cases. You will work with engineers, product managers, and annotation teams to define, build, evaluate, and continually improve NLP models; Ver más Ver menos [[downButtonMessage]] LinkedIn Twitter Facebook © 2026 Jobrapido | C.I.F: IT11876271005 Trabajos Empresas Condiciones del Servicio Política de Privacidad Ayuda Contacto",,https://ar.jobrapido.com/jobpreview/8538216844236947456?redirectTo=https%253A%252F%252Fwww.kitempleo.com.ar%252Fempleo%252F52397659%252Fsenior-nlp-scientist-production-grade-llms-trelew&w=Python&p=4,NLP Engineer,jobrapido,2026-09-06T02:13:12.970737,,,,
5035440168446722048,Fintech Nlp Ml Engineer: Python (Buenos Aires),Reconocida empresa,Capital Federal,"Open or close the mobile menu Jobrapido Entrar Inscríbete Publica una oferta Ayuda Empresas Clear job input Profesión / Palabras clave Ofertas de trabajo para Fintech Nlp en Departamento Federal ¿Qué trabajo estás buscando? Clear location input Localidad Búsqueda avanzada de empleo Relevancia Fecha [[distance.label]] [[d.text]] Close Localidad Gran Buenos Aires Capital Federal Córdoba Santa Fé Neuquén Rosario Mendoza Rincón De Los Sauces Gba Sur Mar Del Plata Búsquedas relacionadas Software Software Engineer Python Software Engineer Management Modelo Services Engineer Security Product Engineering Product Engineer Quality Engineer Vuelve a tus resultados: [[backlinkLabel]] Fintech Nlp Ml Engineer: Python (Buenos Aires) Capital Federal - Provincia De Buenos Aires Reconocida empresa [[upButtonMessage]] full time www.kitempleo.com.ar 23 ago 2026 Werben HR is seeking a Machine Learning Engineer with a strong Python and NLP focus to join our fintech-oriented team in Argentina. The role emphasizes document understanding, data processing, and scalable model deployment. You will build ML models, apply NLP techniques with spaCy/NLTK/transformers, implement fuzzy matching, and collaborate across teams to deliver reliable, reusable pipelines and REST APIs. Experience in finance/reconciliation is a plus. ? FinTech NLP ML Engineer: Python (Buenos Aires) ? Werben Hr ? Buenos Aires Ver más Ver menos [[downButtonMessage]] LinkedIn Twitter Facebook © 2026 Jobrapido | C.I.F: IT11876271005 Trabajos Empresas Condiciones del Servicio Política de Privacidad Ayuda Contacto",,https://ar.jobrapido.com/jobpreview/5035440168446722048?redirectTo=https%253A%252F%252Fwww.kitempleo.com.ar%252Fempleo%252F52671763%252Ffintech-nlp-ml-engineer-python-buenos-aires&w=Python&p=4,NLP Engineer,jobrapido,2026-09-06T02:13:12.971203,,,,
3859144833339752448,FinTech NLP ML Engineer: Python (Buenos Aires),Werben Hr,Capital Federal,"Open or close the mobile menu Jobrapido Entrar Inscríbete Publica una oferta Ayuda Empresas Clear job input Profesión / Palabras clave Ofertas de trabajo para FinTech NLP en Departamento Federal ¿Qué trabajo estás buscando? Clear location input Localidad Búsqueda avanzada de empleo Relevancia Fecha [[distance.label]] [[d.text]] Close Localidad Gran Buenos Aires Capital Federal Córdoba Santa Fé Neuquén Rosario Mendoza Rincón De Los Sauces Gba Sur Mar Del Plata Búsquedas relacionadas Software Software Engineer Python Software Engineer Management Modelo Services Engineer Security Product Engineering Product Engineer Quality Engineer Vuelve a tus resultados: [[backlinkLabel]] FinTech NLP ML Engineer: Python (Buenos Aires) Capital Federal - Provincia De Buenos Aires Werben Hr [[upButtonMessage]] full time www.kitempleo.com.ar 23 ago 2026 Werben HR is seeking a Machine Learning Engineer with a strong Python and NLP focus to join our fintech-oriented team in Argentina. The role emphasizes document understanding, data processing, and scalable model deployment. You will build ML models, apply NLP techniques with spaCy/NLTK/transformers, implement fuzzy matching, and collaborate across teams to deliver reliable, reusable pipelines and REST APIs. Experience in finance/reconciliation is a plus. Ver más Ver menos [[downButtonMessage]] LinkedIn Twitter Facebook © 2026 Jobrapido | C.I.F: IT11876271005 Trabajos Empresas Condiciones del Servicio Política de Privacidad Ayuda Contacto",,https://ar.jobrapido.com/jobpreview/3859144833339752448?redirectTo=https%253A%252F%252Fwww.kitempleo.com.ar%252Fempleo%252F52648436%252Ffintech-nlp-ml-engineer-python-buenos-aires&w=Python&p=4,NLP Engineer,jobrapido,2026-09-06T02:13:12.971674,,,,
6516544814245216256,Senior Python Backend Engineer - NLP (Buenos Aires),GreenCode,Capital Federal,"Jobrapido Publica una oferta Ayuda Empresas Entrar Inscríbete Profesión / Palabras clave Localidad Ofertas de trabajo para Senior Python en Departamento Federal Trabajos > Senior Python > Capital Federal Localidad Gran Buenos Aires Capital Federal Córdoba Santa Fé Neuquén Rosario Mendoza Rincón De Los Sauces Gba Sur Mar Del Plata Búsquedas relacionadas Software Software Engineer Python Software Engineer Management Modelo Services Engineer Security Product Engineering Product Engineer Quality Engineer Vuelve a tus resultados: [[backlinkLabel]] Senior Python Backend Engineer - NLP (Buenos Aires) Capital Federal - Provincia De Buenos Aires GreenCode [[upButtonMessage]] other Publicado enwww.kitempleo.com.ar 16 ago 2026 Sobre GreenCode Software Green Code Software es una empresa de desarrollo de software comprometida con la innovación tecnológica y las mejores prácticas de desarrollo. Trabajamos en proyectos que combinan tecnología de punta con soluciones sostenibles y eficientes. Senior Python Backend Engineer - NLP Green Code Software Modalidad: Full-time | Remoto Incorporación: Inmediata Zona horaria: Argentina Descripción del puesto Buscamos un Desarrollador Python con orientación a datos para unirse a nuestro equipo en GreenCode Software. El candidato idóneo tendrá experiencia sólida en el desarrollo de aplicaciones backend robustas y escalables, con un enfoque especial en el procesamiento y análisis de datos. Responsabilidades principales - Desarrollar y mantener APIs REST - Diseñar y gestionar flujos de trabajo automatizados con Apache Airflow - Documentar código y procesos técnicos Requisitos técnicos Imprescindibles: - 6-8 años de experiencia como desarrollador Python - Experiencia sólida con Python y sus ecosistemas - Dominio de FastAPI o similar para desarrollo de APIs - Experiencia práctica con Pandas para manipulación de datos - Conocimientos en PLN/NLP - Experiencia con Apache Airflow para orquestación de workflows - Experiencia con bases de datos - Conocimientos en machine learning y ciencia de datos - Experiencia con testing automatizado - Familiaridad con metodologías ágiles Valoramos: Experiencia con Gen AI - RAG - LLm´s Requisitos adicionales - Disponibilidad para trabajar en zona horaria argentina (GMT-3) con horarios flexibles - Capacidad para trabajar de forma remota y autónoma - Orientación a resultados y calidad del código Proceso de selección El proceso consta de 3 rondas de entrevistas: Primera ronda: requerimientos básicos. Segunda ronda: Entrevista de Fit Cultural. Tercera ronda: Entrevista final con liderazgo técnico. Challenge técnico: Posible. Qué ofrecemos 1. Trabajo Remoto - Modalidad 100% remota 2. Flexibilidad Horaria - Horarios Flexibles - Libertad para organizar tu jornada laboral 3. Salarios Competitivos en Dólares - Remuneración competitiva en moneda extranjera 4. Oportunidades de Crecimiento Profesional - Ambiente de trabajo colaborativo y orientado al crecimiento profesional 5. Beneficios de Salud y Bienestar - Actualización Salarial y contrato de trabajo Anual. - 10 días de PTO - Días de vacaciones pagas - Feriados Argentinos - Respeto por el calendario de feriados locales - Día de Cumpleaños libre - Día libre remunerado en tu cumpleaños - Viáticos para viajar a Buenos Aires a la picadita anual 6. Cultura Empresarial Horizontal - Ambiente colaborativo sin jerarquías rígidas - Comunicación abierta y transparente 7. Capacitación y Certificaciones - Clases de Inglés - Programa de capacitación en idiomas - Acceso a Claude.io Plan Team ¿Te interesa formar parte de nuestro equipo?Envía tu CV y portfolio destacando tu experiencia con las tecnologías mencionadas. [email protected] ¡Esperamos conocerte!Para más información sobre nuestra empresa, visita: https://www.greencodesoftware.com/en Ver más Ver menos [[downButtonMessage]] LinkedIn Twitter Facebook © 2026 Jobrapido | C.I.F: IT11876271005 Trabajos Empresas Condiciones del Servicio Política de Privacidad Ayuda Contacto",,https://ar.jobrapido.com/jobpreview/6516544814245216256?redirectTo=https%253A%252F%252Fwww.kitempleo.com.ar%252Fempleo%252F52356042%252Fsenior-python-backend-engineer-nlp-buenos-aires&w=Python&p=4,NLP Engineer,jobrapido,2026-09-06T02:13:12.972140,,,,
5013626957263273984,Senior NLP Scientist: Production-Grade LLMs (Comodoro Rivadavia),Sourceability,Comodoro Rivadavia,"Jobrapido Publica una oferta Ayuda Empresas Entrar Inscríbete Profesión / Palabras clave Localidad Ofertas de trabajo para Senior NLP en Comodoro Rivadavia Trabajos > Senior NLP > Comodoro Rivadavia Localidad Gran Buenos Aires Capital Federal Córdoba Santa Fé Neuquén Rosario Mendoza Rincón De Los Sauces Gba Sur Mar Del Plata Búsquedas relacionadas Software Software Engineer Python Software Engineer Management Modelo Services Engineer Security Product Engineering Product Engineer Quality Engineer Vuelve a tus resultados: [[backlinkLabel]] Senior NLP Scientist: Production-Grade LLMs (Comodoro Rivadavia) Comodoro Rivadavia - Región Patagonia Sourceability [[upButtonMessage]] full time Publicado enwww.kitempleo.com.ar 16 ago 2026 Sourceability is seeking a Principal NLP Scientist to design, research, and improve NLP and Large Language Model capabilities for production business systems. You will lead the development of NLP solutions for named entity recognition, text classification, text generation, semantic search, information extraction, and other language‑driven automation use cases. You will work with engineers, product managers, and annotation teams to define, build, evaluate, and continually improve NLP models; Ver más Ver menos [[downButtonMessage]] LinkedIn Twitter Facebook © 2026 Jobrapido | C.I.F: IT11876271005 Trabajos Empresas Condiciones del Servicio Política de Privacidad Ayuda Contacto",,https://ar.jobrapido.com/jobpreview/5013626957263273984?redirectTo=https%253A%252F%252Fwww.kitempleo.com.ar%252Fempleo%252F52397658%252Fsenior-nlp-scientist-production-grade-llms-comodoro-rivadavia&w=Python&p=4,NLP Engineer,jobrapido,2026-09-06T02:13:12.972609,,,,
1642190742161981440,Senior Nlp Scientist: Production-Ready Llms & Ai (Buenos Aires),Sourceability,Capital Federal,"Jobrapido Publica una oferta Ayuda Empresas Entrar Inscríbete Profesión / Palabras clave Localidad Ofertas de trabajo para Senior Nlp en Departamento Federal Trabajos > Senior Nlp > Capital Federal Localidad Gran Buenos Aires Capital Federal Córdoba Santa Fé Neuquén Rosario Mendoza Rincón De Los Sauces Gba Sur Mar Del Plata Búsquedas relacionadas Software Software Engineer Python Software Engineer Management Modelo Services Engineer Security Product Engineering Product Engineer Quality Engineer Vuelve a tus resultados: [[backlinkLabel]] Senior Nlp Scientist: Production-Ready Llms & Ai (Buenos Aires) Capital Federal - Provincia De Buenos Aires Sourceability [[upButtonMessage]] full time Publicado enwww.kitempleo.com.ar 22 ago 2026 Sourceability is a general digital distributor of electronic components transforming how modern businesses bring products to market. The Principal NLP Scientist is a senior technical leader responsible for designing, researching, and improving advanced NLP and LLM capabilities for production business systems. This role combines applied research with hands-on model development, technical architecture, and measurable product impact. #J-*****-Ljbffr Ver más Ver menos [[downButtonMessage]] LinkedIn Twitter Facebook © 2026 Jobrapido | C.I.F: IT11876271005 Trabajos Empresas Condiciones del Servicio Política de Privacidad Ayuda Contacto",,https://ar.jobrapido.com/jobpreview/1642190742161981440?redirectTo=https%253A%252F%252Fwww.kitempleo.com.ar%252Fempleo%252F52642384%252Fsenior-nlp-scientist-production-ready-llms-ai-buenos-aires&w=Python&p=4,NLP Engineer,jobrapido,2026-09-06T02:13:12.973078,,,,
2137288733521608704,Senior NLP Scientist: Production-Ready LLMs (Buenos Aires),Sourceability,Capital Federal,"Jobrapido Publica una oferta Ayuda Empresas Entrar Inscríbete Profesión / Palabras clave Localidad Ofertas de trabajo para Senior NLP en Departamento Federal Trabajos > Senior NLP > Capital Federal Localidad Gran Buenos Aires Capital Federal Córdoba Santa Fé Neuquén Rosario Mendoza Rincón De Los Sauces Gba Sur Mar Del Plata Búsquedas relacionadas Software Software Engineer Python Software Engineer Management Modelo Services Engineer Security Product Engineering Product Engineer Quality Engineer Vuelve a tus resultados: [[backlinkLabel]] Senior NLP Scientist: Production-Ready LLMs (Buenos Aires) Capital Federal - Provincia De Buenos Aires Sourceability [[upButtonMessage]] full time Publicado enwww.kitempleo.com.ar 22 ago 2026 Sourceability is a integral digital distributor of electronic components transforming how modern businesses bring products to market. The Principal NLP Scientist is a senior technical leader responsible for designing, researching, and improving advanced NLP and LLM capabilities for production business systems. This role combines applied research with hands-on model development, technical architecture, and measurable product impact. Ver más Ver menos [[downButtonMessage]] LinkedIn Twitter Facebook © 2026 Jobrapido | C.I.F: IT11876271005 Trabajos Empresas Condiciones del Servicio Política de Privacidad Ayuda Contacto",,https://ar.jobrapido.com/jobpreview/2137288733521608704?redirectTo=https%253A%252F%252Fwww.kitempleo.com.ar%252Fempleo%252F52614416%252Fsenior-nlp-scientist-production-ready-llms-buenos-aires&w=Python&p=4,NLP Engineer,jobrapido,2026-09-06T02:13:12.973549,,,,
1395323993447202816,FinTech NLP ML Engineer: Python & Document Processing (Buenos Aires),Werben Hr,Capital Federal,"Open or close the mobile menu Jobrapido Entrar Inscríbete Publica una oferta Ayuda Empresas Clear job input Profesión / Palabras clave Ofertas de trabajo para FinTech NLP en Departamento Federal ¿Qué trabajo estás buscando? Clear location input Localidad Búsqueda avanzada de empleo Relevancia Fecha [[distance.label]] [[d.text]] Close Localidad Gran Buenos Aires Capital Federal Córdoba Santa Fé Neuquén Rosario Mendoza Rincón De Los Sauces Gba Sur Mar Del Plata Búsquedas relacionadas Software Software Engineer Python Software Engineer Management Modelo Services Engineer Security Product Engineering Product Engineer Quality Engineer Vuelve a tus resultados: [[backlinkLabel]] FinTech NLP ML Engineer: Python & Document Processing (Buenos Aires) Capital Federal - Provincia De Buenos Aires Werben Hr [[upButtonMessage]] full time www.kitempleo.com.ar 23 ago 2026 Werben HR is seeking a Machine Learning Engineer with a strong Python and NLP focus to join our fintech-oriented team in Argentina. The role emphasizes document understanding, data processing, and scalable model deployment. You will build ML models, apply NLP techniques with spa Cy/NLTK/transformers, implement fuzzy matching, and collaborate across teams to deliver reliable, reusable pipelines and REST APIs. Experience in finance/reconciliation is a plus. #J-18808-Ljbffr Ver más Ver menos [[downButtonMessage]] LinkedIn Twitter Facebook © 2026 Jobrapido | C.I.F: IT11876271005 Trabajos Empresas Condiciones del Servicio Política de Privacidad Ayuda Contacto",,https://ar.jobrapido.com/jobpreview/1395323993447202816?redirectTo=https%253A%252F%252Fwww.kitempleo.com.ar%252Fempleo%252F52649065%252Ffintech-nlp-ml-engineer-python-document-processing-buenos-aires&w=Python&p=4,NLP Engineer,jobrapido,2026-09-06T02:13:12.974017,,,,
1731612511020515328,Remote Data Scientist: NLP (Argentina),IV.AI,Remoto,"Open or close the mobile menu Jobrapido Entrar Inscríbete Publica una oferta Ayuda Empresas Clear job input Profesión / Palabras clave Ofertas de trabajo para Remote Data en Remoto ¿Qué trabajo estás buscando? Clear location input Localidad Búsqueda avanzada de empleo Relevancia Fecha [[distance.label]] [[d.text]] Close Localidad Gran Buenos Aires Capital Federal Córdoba Santa Fé Neuquén Rosario Mendoza Rincón De Los Sauces Gba Sur Mar Del Plata Búsquedas relacionadas Software Software Engineer Python Software Engineer Management Modelo Services Engineer Security Product Engineering Product Engineer Quality Engineer Vuelve a tus resultados: [[backlinkLabel]] Remote Data Scientist: NLP (Argentina) Remoto - Remoto IV.AI [[upButtonMessage]] full time www.kitempleo.com.ar 27 ago 2026 IV.AI is looking for a Data Scientist to join and help work on machine learning problems (in the field of natural language processing) for large enterprise clients and to improve the suite of products that we offer. The idóneo candidate should be helpful, responsive, dependable, and comfortable working remotely within a small team with tight deadlines. We value people who thrive working collaboratively in a distributed team and who are enthusiastic about the potential of machine learning. Your primary responsibility is to deliver quality production‑ready code, data and insights. Execute on defined tasks and contribute to solving problems with defined solutions. Salary range: USD$20,000 to $36,000 (USD) annual based on experience. Timezone: PST. Employment Type: Full Time Employee. Must‑Haves - 2+ years writing queries in SQL or running models in Python/Jupyter - 2+ years experience with statistical analysis - Write and speak clearly, communicate empathetically - High standard of excellence for your work - Attention to detail: spotting typos in text and errors in data Bonus Points - Data visualization beyond pies and bars (e.g. box and whiskers, histograms, violin plots) - Github: pull, push, merge, PR, cherry‑picking, issue tracking - Regular Expressions - PostgreSQL 12+ - An example where we can see your writing style (in English), ideally data-related Responsibilities - Primarily focus on improving your craft as a Data Scientist - Build SQL queries to calculate specific metrics - Prototype data pipelines on Jupyter - Write clear and concise reports for client deliverables, and documentation for internal tools - Analyze and present datasets or results with simple methods - Understand the reasoning behind the team's design decisions to verify and debug implementations of the designs Qualifications Great people come from diverse backgrounds and we are a team that embodies this. We’re not necessarily looking for a Computer Science Masters or PhD. We are looki Ver más Ver menos [[downButtonMessage]] LinkedIn Twitter Facebook © 2026 Jobrapido | C.I.F: IT11876271005 Trabajos Empresas Condiciones del Servicio Política de Privacidad Ayuda Contacto",,https://ar.jobrapido.com/jobpreview/1731612511020515328?redirectTo=https%253A%252F%252Fwww.kitempleo.com.ar%252Fempleo%252F52765808%252Fremote-data-scientist-nlp-argentina&w=Python&p=4,NLP Engineer,jobrapido,2026-09-06T02:13:12.974481,,,,
3571099793616797696,Remote Data Scientist: NLP & Production Analytics (Argentina),IV.AI,Remoto,"Open or close the mobile menu Jobrapido Entrar Inscríbete Publica una oferta Ayuda Empresas Clear job input Profesión / Palabras clave Ofertas de trabajo para Remote Data en Remoto ¿Qué trabajo estás buscando? Clear location input Localidad Búsqueda avanzada de empleo Relevancia Fecha [[distance.label]] [[d.text]] Close Localidad Gran Buenos Aires Capital Federal Córdoba Santa Fé Neuquén Rosario Mendoza Rincón De Los Sauces Gba Sur Mar Del Plata Búsquedas relacionadas Software Software Engineer Python Software Engineer Management Modelo Services Engineer Security Product Engineering Product Engineer Quality Engineer Vuelve a tus resultados: [[backlinkLabel]] Remote Data Scientist: NLP & Production Analytics (Argentina) Remoto - Remoto IV.AI [[upButtonMessage]] full time www.kitempleo.com.ar 24 ago 2026 IV.AI is looking for a Data Scientist to join and help work on machine learning problems (in the field of natural language processing) for large enterprise clients and to improve the suite of products that we offer. The adecuado candidate should be helpful, responsive, dependable, and comfortable working remotely within a small team with tight deadlines. We value people who thrive working collaboratively in a distributed team and who are enthusiastic about the potential of machine learning. Your primary responsibility is to deliver quality production‑ready code, data and insights. Execute on defined tasks and contribute to solving problems with defined solutions. Salary range: USD$20,000 to $36,000 (USD) annual based on experience. Timezone: PST. Employment Type: Full Time Employee. Must‑Haves - 2+ years writing queries in SQL or running models in Python/Jupyter - 2+ years experience with statistical analysis - Write and speak clearly, communicate empathetically - High standard of excellence for your work - Attention to detail: spotting typos in text and errors in data Bonus Points - Data visualization beyond pies and bars (e.g. box and whiskers, histograms, violin plots) - Github: pull, push, merge, PR, cherry‑picking, issue tracking - Regular Expressions - PostgreSQL 12+ - An example where we can see your writing style (in English), ideally data-related Responsibilities - Primarily focus on improving your craft as a Data Scientist - Build SQL queries to calculate specific metrics - Prototype data pipelines on Jupyter - Write clear and concise reports for client deliverables, and documentation for internal tools - Analyze and present datasets or results with simple methods - Understand the reasoning behind the team's design decisions to verify and debug implementations of the designs Qualifications Great people come from diverse backgrounds and we are a team that embodies this. We’re not necessarily looking for a Computer Science Masters or PhD. We are looking for someone who cares about articulating high quality data observations and can work diligently, while tackling problems systematically. Ver más Ver menos [[downButtonMessage]] LinkedIn Twitter Facebook © 2026 Jobrapido | C.I.F: IT11876271005 Trabajos Empresas Condiciones del Servicio Política de Privacidad Ayuda Contacto",,https://ar.jobrapido.com/jobpreview/3571099793616797696?redirectTo=https%253A%252F%252Fwww.kitempleo.com.ar%252Fempleo%252F52677109%252Fremote-data-scientist-nlp-production-analytics-argentina&w=Python&p=4,NLP Engineer,jobrapido,2026-09-06T02:13:12.974954,,,,
1376145280843382784,Lead AI Engineer — Remote RAG/NLP/LLM Systems (Argentina),N-iX,Remoto,"Jobrapido Publica una oferta Ayuda Empresas Entrar Inscríbete Profesión / Palabras clave Localidad Ofertas de trabajo para Lead AI en Remoto Trabajos > Lead AI > Remoto Localidad Gran Buenos Aires Capital Federal Córdoba Santa Fé Neuquén Rosario Mendoza Rincón De Los Sauces Gba Sur Mar Del Plata Búsquedas relacionadas Software Software Engineer Python Software Engineer Management Modelo Services Engineer Security Product Engineering Product Engineer Quality Engineer Vuelve a tus resultados: [[backlinkLabel]] Lead AI Engineer — Remote RAG/NLP/LLM Systems (Argentina) Remoto - Remoto N-iX [[upButtonMessage]] full time Publicado enwww.kitempleo.com.ar 04 sep 2026 N-iX is seeking a Lead AI Engineer in Argentina to drive the design and evolution of AI-powered solutions. You'll focus on building scalable intelligent systems and guide clients through AI adoption strategies. This role involves collaborating with stakeholders to develop AI solutions that enhance efficiency and deliver value from data. The ideal candidate should have extensive experience in AI/ML systems, strong leadership skills, and proficiency in Python. Adaptable working formats are offered, including remote work and competitive compensation. Ver más Ver menos [[downButtonMessage]] LinkedIn Twitter Facebook © 2026 Jobrapido | C.I.F: IT11876271005 Trabajos Empresas Condiciones del Servicio Política de Privacidad Ayuda Contacto",,https://ar.jobrapido.com/jobpreview/1376145280843382784?redirectTo=https%253A%252F%252Fwww.kitempleo.com.ar%252Fempleo%252F53140140%252Flead-ai-engineer-remote-rag-nlp-llm-systems-argentina&w=Python&p=4,NLP Engineer,jobrapido,2026-09-06T02:13:12.975424,,,,
8790488568775573504,"Senior Software Assurance Engineer – AI, NLP (Buenos Aires)",EY,Capital Federal,"Jobrapido Publica una oferta Ayuda Empresas Entrar Inscríbete Profesión / Palabras clave Localidad Ofertas de trabajo para Senior Software en Departamento Federal Trabajos > Senior Software > Capital Federal Localidad Gran Buenos Aires Capital Federal Córdoba Santa Fé Neuquén Rosario Mendoza Rincón De Los Sauces Gba Sur Mar Del Plata Búsquedas relacionadas Software Software Engineer Python Software Engineer Management Modelo Services Engineer Security Product Engineering Product Engineer Quality Engineer Vuelve a tus resultados: [[backlinkLabel]] Senior Software Assurance Engineer – AI, NLP (Buenos Aires) Capital Federal - Provincia De Buenos Aires EY [[upButtonMessage]] full time Publicado enwww.kitempleo.com.ar 21 ago 2026 A general professional services firm in Buenos Aires seeks an experienced software engineer to lead complex solution delivery. The ideal candidate should have over 10 years of experience with advanced proficiency in C#, Java, and Python, alongside a solid understanding of CI/CD and containers. You will solve project challenges while collaborating with diverse teams. The position offers growth in a flexible, inclusive environment, enabling you to shape your future with confidence. Ver más Ver menos [[downButtonMessage]] LinkedIn Twitter Facebook © 2026 Jobrapido | C.I.F: IT11876271005 Trabajos Empresas Condiciones del Servicio Política de Privacidad Ayuda Contacto",,https://ar.jobrapido.com/jobpreview/8790488568775573504?redirectTo=https%253A%252F%252Fwww.kitempleo.com.ar%252Fempleo%252F52584847%252Fsenior-software-assurance-engineer-ai-nlp-buenos-aires&w=Python&p=5,NLP Engineer,jobrapido,2026-09-06T02:15:37.064366,,,,
1613686315528749056,"Senior Software Assurance Engineer – Ai, Nlp & Cloud (Buenos Aires)",EY,Capital Federal,"Open or close the mobile menu Jobrapido Entrar Inscríbete Publica una oferta Ayuda Empresas Clear job input Profesión / Palabras clave Ofertas de trabajo para Senior Software en Departamento Federal ¿Qué trabajo estás buscando? Clear location input Localidad Búsqueda avanzada de empleo Relevancia Fecha [[distance.label]] [[d.text]] Close Localidad Gran Buenos Aires Capital Federal Córdoba Santa Fé Neuquén Rosario Mendoza Rincón De Los Sauces Gba Sur Mar Del Plata Búsquedas relacionadas Software Software Engineer Python Software Engineer Management Modelo Services Engineer Security Product Engineering Product Engineer Quality Engineer Vuelve a tus resultados: [[backlinkLabel]] Senior Software Assurance Engineer – Ai, Nlp & Cloud (Buenos Aires) Capital Federal - Provincia De Buenos Aires EY [[upButtonMessage]] full time www.kitempleo.com.ar 20 ago 2026 A general professional services firm in Buenos Aires seeks an experienced software engineer to lead complex solution delivery. The ideal candidate should have over 10 years of experience with advanced proficiency in C#, Java, and Python, alongside a solid understanding of CI/CD and containers. You will solve project challenges while collaborating with diverse teams. The position offers growth in a flexible, inclusive environment, enabling you to shape your future with confidence. #J-*****-Ljbffr Ver más Ver menos [[downButtonMessage]] LinkedIn Twitter Facebook © 2026 Jobrapido | C.I.F: IT11876271005 Trabajos Empresas Condiciones del Servicio Política de Privacidad Ayuda Contacto",,https://ar.jobrapido.com/jobpreview/1613686315528749056?redirectTo=https%253A%252F%252Fwww.kitempleo.com.ar%252Fempleo%252F52581541%252Fsenior-software-assurance-engineer-ai-nlp-cloud-buenos-aires&w=Python&p=5,NLP Engineer,jobrapido,2026-09-06T02:15:37.064912,,,,
1722013637071077376,Lead AI Engineer — Remote RAG/NLP/LLM Systems (Buenos Aires),N-iX,Capital Federal,"Open or close the mobile menu Jobrapido Entrar Inscríbete Publica una oferta Ayuda Empresas Clear job input Profesión / Palabras clave Ofertas de trabajo para Lead AI en Departamento Federal ¿Qué trabajo estás buscando? Clear location input Localidad Búsqueda avanzada de empleo Relevancia Fecha [[distance.label]] [[d.text]] Close Localidad Gran Buenos Aires Capital Federal Córdoba Santa Fé Neuquén Rosario Mendoza Rincón De Los Sauces Gba Sur Mar Del Plata Búsquedas relacionadas Software Software Engineer Python Software Engineer Management Modelo Services Engineer Security Product Engineering Product Engineer Quality Engineer Vuelve a tus resultados: [[backlinkLabel]] Lead AI Engineer — Remote RAG/NLP/LLM Systems (Buenos Aires) Capital Federal - Provincia De Buenos Aires N-iX [[upButtonMessage]] full time www.kitempleo.com.ar 19 ago 2026 N-iX is seeking a Lead AI Engineer in Argentina to drive the design and evolution of AI-powered solutions. You'll focus on building scalable intelligent systems and guide clients through AI adoption strategies. This role involves collaborating with stakeholders to develop AI solutions that enhance efficiency and deliver value from data. The adecuado candidate should have extensive experience in AI/ML systems, strong leadership skills, and proficiency in Python. Flexible working formats are offered, including remote work and competitive compensation. #J-18808-Ljbffr Ver más Ver menos [[downButtonMessage]] LinkedIn Twitter Facebook © 2026 Jobrapido | C.I.F: IT11876271005 Trabajos Empresas Condiciones del Servicio Política de Privacidad Ayuda Contacto",,https://ar.jobrapido.com/jobpreview/1722013637071077376?redirectTo=https%253A%252F%252Fwww.kitempleo.com.ar%252Fempleo%252F52525402%252Flead-ai-engineer-remote-rag-nlp-llm-systems-buenos-aires&w=Python&p=5,NLP Engineer,jobrapido,2026-09-06T02:15:37.065391,,,,
8140964581611667456,FinTech NLP ML Engineer: Python & Document Processing (Argentina),Werben Hr,Argentina,"Jobrapido Publica una oferta Ayuda Empresas Entrar Inscríbete Profesión / Palabras clave Localidad Ofertas de trabajo para FinTech NLP en Argentina Trabajos > FinTech NLP > Argentina Localidad Gran Buenos Aires Capital Federal Córdoba Santa Fé Neuquén Rosario Mendoza Rincón De Los Sauces Gba Sur Mar Del Plata Búsquedas relacionadas Software Software Engineer Python Software Engineer Management Modelo Services Engineer Security Product Engineering Product Engineer Quality Engineer Vuelve a tus resultados: [[backlinkLabel]] FinTech NLP ML Engineer: Python & Document Processing (Argentina) Argentina Werben Hr [[upButtonMessage]] full time Publicado enwww.kitempleo.com.ar 22 ago 2026 Werben HR is seeking a Machine Learning Engineer with a strong Python and NLP focus to join our fintech-oriented team in Argentina. The role emphasizes document understanding, data processing, and scalable model deployment. You will build ML models, apply NLP techniques with spa Cy/NLTK/transformers, implement fuzzy matching, and collaborate across teams to deliver reliable, reusable pipelines and REST APIs. Experience in finance/reconciliation is a plus. #J-18808-Ljbffr Ver más Ver menos [[downButtonMessage]] LinkedIn Twitter Facebook © 2026 Jobrapido | C.I.F: IT11876271005 Trabajos Empresas Condiciones del Servicio Política de Privacidad Ayuda Contacto",,https://ar.jobrapido.com/jobpreview/8140964581611667456?redirectTo=https%253A%252F%252Fwww.kitempleo.com.ar%252Fempleo%252F52659334%252Ffintech-nlp-ml-engineer-python-document-processing-argentina&w=Python&p=5,NLP Engineer,jobrapido,2026-09-06T02:15:37.065869,,,,
5078240513983774720,Analista IA Senior | Lidera Chatbots en la Nube (Buenos Aires),C&S informática,Capital Federal,"Open or close the mobile menu Jobrapido Entrar Inscríbete Publica una oferta Ayuda Empresas Clear job input Profesión / Palabras clave Ofertas de trabajo para Analista IA en Departamento Federal ¿Qué trabajo estás buscando? Clear location input Localidad Búsqueda avanzada de empleo Relevancia Fecha [[distance.label]] [[d.text]] Close Localidad Gran Buenos Aires Capital Federal Córdoba Santa Fé Neuquén Rosario Mendoza Rincón De Los Sauces Gba Sur Mar Del Plata Búsquedas relacionadas Software Software Engineer Python Software Engineer Management Modelo Services Engineer Security Product Engineering Product Engineer Quality Engineer Vuelve a tus resultados: [[backlinkLabel]] Analista IA Senior | Lidera Chatbots en la Nube (Buenos Aires) Capital Federal - Provincia De Buenos Aires C&S informática [[upButtonMessage]] full time www.kitempleo.com.ar 04 sep 2026 C&S; informática s.a. busca un/a Analista IA Sr / Lead para diseñar soluciones conversacionales de alto impacto. Se trabajará en entornos de Genesys Cloud y Dialogflow, integrando APIs y mejorando continuamente el rendimiento. La modalidad es remota, híbrida con presencialidad 2 veces por semana para el AMBA. Se valorará experiencia en NLP, Python y metodologías ágiles; trabajarás con equipos multidisciplinarios en proyectos reales de IA. Ver más Ver menos [[downButtonMessage]] LinkedIn Twitter Facebook © 2026 Jobrapido | C.I.F: IT11876271005 Trabajos Empresas Condiciones del Servicio Política de Privacidad Ayuda Contacto",,https://ar.jobrapido.com/jobpreview/5078240513983774720?redirectTo=https%253A%252F%252Fwww.kitempleo.com.ar%252Fempleo%252F53139540%252Fanalista-ia-senior-lidera-chatbots-en-la-nube-buenos-aires&w=Python&p=5,NLP Engineer,jobrapido,2026-09-06T02:15:37.066341,,,,
6165050583435706368,Hybrid Ml Engineer For Low-Latency Llm Systems (Buenos Aires),Mercadolibre,Capital Federal,"Jobrapido Publica una oferta Ayuda Empresas Entrar Inscríbete Profesión / Palabras clave Localidad Ofertas de trabajo para Hybrid Ml en Departamento Federal Trabajos > Hybrid Ml > Capital Federal Localidad Gran Buenos Aires Capital Federal Córdoba Santa Fé Neuquén Rosario Mendoza Rincón De Los Sauces Gba Sur Mar Del Plata Búsquedas relacionadas Software Software Engineer Python Software Engineer Management Modelo Services Engineer Security Product Engineering Product Engineer Quality Engineer Vuelve a tus resultados: [[backlinkLabel]] Hybrid Ml Engineer For Low-Latency Llm Systems (Buenos Aires) Capital Federal - Provincia De Buenos Aires Mercadolibre [[upButtonMessage]] full time Publicado enwww.kitempleo.com.ar 03 sep 2026 Mercado Libre busca un Ingeniero/a de Machine Learning para diseñar y escalar sistemas de IA innovadores que respondan a problemas reales y de alto impacto en América Latina. Trabajarás con modelos de CV y NLP, manteniendo tiempos de respuesta para experiencias en vivo. Se requiere experiencia en ciclos de vida de LLMs, herramientas de optimización y servicio de modelos de alta performance, así como desarrollo con LangChain/LangGraph y Python avanzado. Modalidad mixta en Bogotá, Colombia. #J-*****-Ljbffr Ver más Ver menos [[downButtonMessage]] LinkedIn Twitter Facebook © 2026 Jobrapido | C.I.F: IT11876271005 Trabajos Empresas Condiciones del Servicio Política de Privacidad Ayuda Contacto",,https://ar.jobrapido.com/jobpreview/6165050583435706368?redirectTo=https%253A%252F%252Fwww.kitempleo.com.ar%252Fempleo%252F53128556%252Fhybrid-ml-engineer-for-low-latency-llm-systems-buenos-aires&w=Python&p=5,NLP Engineer,jobrapido,2026-09-06T02:15:37.066818,,,,
6969717722863108096,Hybrid ML Engineer for Low-Latency LLM Systems,MercadoLibre,Capital Federal,"Open or close the mobile menu Jobrapido Entrar Inscríbete Publica una oferta Ayuda Empresas Clear job input Profesión / Palabras clave Ofertas de trabajo para Hybrid ML en Departamento Federal ¿Qué trabajo estás buscando? Clear location input Localidad Búsqueda avanzada de empleo Relevancia Fecha [[distance.label]] [[d.text]] Close Localidad Gran Buenos Aires Capital Federal Córdoba Santa Fé Neuquén Rosario Mendoza Rincón De Los Sauces Gba Sur Mar Del Plata Búsquedas relacionadas Software Software Engineer Python Software Engineer Management Modelo Services Engineer Security Product Engineering Product Engineer Quality Engineer Vuelve a tus resultados: [[backlinkLabel]] Hybrid ML Engineer for Low-Latency LLM Systems Capital Federal - Provincia De Buenos Aires MercadoLibre [[upButtonMessage]] full time www.whatjobs.com 03 sep 2026 Mercado Libre busca un Ingeniero/a de Machine Learning para diseñar y escalar sistemas de IA innovadores que respondan a problemas reales y de alto impacto en América Latina. Trabajarás con modelos de CV y NLP, manteniendo tiempos de respuesta para experiencias en vivo. Se requiere experiencia en ciclos de vida de LLMs, herramientas de optimización y servicio de modelos de alta performance, así como desarrollo con LangChain/LangGraph y Python avanzado. Modalidad híbrida en Bogotá, Colombia. #J-18808-Ljbffr Ver más Ver menos [[downButtonMessage]] LinkedIn Twitter Facebook © 2026 Jobrapido | C.I.F: IT11876271005 Trabajos Empresas Condiciones del Servicio Política de Privacidad Ayuda Contacto",,https://ar.jobrapido.com/jobpreview/6969717722863108096?redirectTo=https%253A%252F%252Far.whatjobs.com%252Fcoopob__cpl___4467_420011__73%253Futm_source%253D73%2526utm_medium%253Dfeed%2526keyword%253DHybrid-ML-Engineer%2526location%253Dbuenos-aires%2526geoID%253D1&w=Python&p=5,NLP Engineer,jobrapido,2026-09-06T02:15:37.067286,,,,
3043644549441257472,Python Developer (Ia) Machine Learning Id # (Parque Patricios),Importante grupo,Capital Federal (Parque Patricios),"Open or close the mobile menu Jobrapido Entrar Inscríbete Publica una oferta Ayuda Empresas Clear job input Profesión / Palabras clave Ofertas de trabajo para Python Developer en Capital Federal (Parque Patricios) ¿Qué trabajo estás buscando? Clear location input Localidad Búsqueda avanzada de empleo Relevancia Fecha [[distance.label]] [[d.text]] Close Localidad Gran Buenos Aires Capital Federal Córdoba Santa Fé Neuquén Rosario Mendoza Rincón De Los Sauces Gba Sur Mar Del Plata Búsquedas relacionadas Software Software Engineer Python Software Engineer Management Modelo Services Engineer Security Product Engineering Product Engineer Quality Engineer Vuelve a tus resultados: [[backlinkLabel]] Python Developer (Ia) Machine Learning Id # (Parque Patricios) Capital Federal (Parque Patricios) - Provincia De Buenos Aires Importante grupo [[upButtonMessage]] full time www.kitempleo.com.ar 31 ago 2026 We are seeking a Machine Learning Engineer with strong expertise in Python and a focus on Natural Language Processing (NLP) to join our team. The adecuado candidate will have experience in the finance or fintech domain, specifically in reconciliation and accounting. Responsibilities: Develop and implement machine learning models for document understanding and processing. Utilize Python libraries such as Pandas, NumPy, and scikit-learn for data manipulation and analysis. Apply NLP techniques using libraries like spaCy, NLTK, or transformers. Implement fuzzy matching algorithms (., Levenshtein distance, record linkage) for data accuracy. Process documents using OCR, PDF parsing, and Excel data extraction methods. Deploy machine learning models as REST APIs using Docker and Azure ML. Understand and apply supervised and unsupervised learning techniques. Design and manage data pipelines and ETL processes. Collaborate with cross-functional teams to meet project goals. Required Skills : Strong expertise in Python (Pandas, NumPy, scikit-learn). Experience with NLP libraries (spaCy, NLTK, transformers). Knowledge of fuzzy matching algorithms. Document processing skills (OCR, PDF parsing, Excel extraction). Experience in ML model deployment (REST APIs, Docker, Azure ML). Understanding of supervised/unsupervised learning techniques. Familiarity with deep learning frameworks (TensorFlow, PyTorch). Experience with Large Language Models (LLMs) for document understanding (OpenAI, Azure OpenAI). Knowledge of Azure ML services and Azure Cognitive Services. 2-5 years of experience in ML engineering, focusing on NLP or financial data processing. Experience in the finance/fintech domain (reconciliation, accounting). Education: Master's degree in Computer Science, Data Science, or a related field. . ? Python Developer (IA) - Machine Learning ID #***** (Parque Patricios) ? Werben Hr ? Parque Patricios Ver más Ver menos [[downButtonMessage]] LinkedIn Twitter Facebook © 2026 Jobrapido | C.I.F: IT11876271005 Trabajos Empresas Condiciones del Servicio Política de Privacidad Ayuda Contacto",,https://ar.jobrapido.com/jobpreview/3043644549441257472?redirectTo=https%253A%252F%252Fwww.kitempleo.com.ar%252Fempleo%252F52949527%252Fpython-developer-ia-machine-learning-id-parque-patricios-buenos-aires&w=Python&p=5,NLP Engineer,jobrapido,2026-09-06T02:15:37.067758,,,,
1394911814025740288,Python Developer (Ia) - Machine Learning Id #00335 (Buenos Aires),Werben Hr,Capital Federal,"Jobrapido Publica una oferta Ayuda Empresas Entrar Inscríbete Profesión / Palabras clave Localidad Ofertas de trabajo para Python Developer en Departamento Federal Trabajos > Python Developer > Capital Federal Localidad Gran Buenos Aires Capital Federal Córdoba Santa Fé Neuquén Rosario Mendoza Rincón De Los Sauces Gba Sur Mar Del Plata Búsquedas relacionadas Software Software Engineer Python Software Engineer Management Modelo Services Engineer Security Product Engineering Product Engineer Quality Engineer Vuelve a tus resultados: [[backlinkLabel]] Python Developer (Ia) - Machine Learning Id #00335 (Buenos Aires) Capital Federal - Provincia De Buenos Aires Werben Hr [[upButtonMessage]] full time Publicado enwww.kitempleo.com.ar 28 ago 2026 We are seeking a Machine Learning Engineer with strong expertise in Python and a focus on Natural Language Processing (NLP) to join our team. The adecuado candidate will have experience in the finance or fintech domain, specifically in reconciliation and accounting. Responsibilities: Develop and implement machine learning models for document understanding and processing.Utilize Python libraries such as Pandas, NumPy, and scikit-learn for data manipulation and analysis.Apply NLP techniques using libraries like spaCy, NLTK, or transformers.Implement fuzzy matching algorithms (., Levenshtein distance, record linkage) for data accuracy.Process documents using OCR, PDF parsing, and Excel data extraction methods.Deploy machine learning models as REST APIs using Docker and Azure ML.Understand and apply supervised and unsupervised learning techniques.Design and manage data pipelines and ETL processes.Collaborate with cross-functional teams to meet project goals. Required Skills: Strong expertise in Python (Pandas, NumPy, scikit-learn). Experience with NLP libraries (spaCy, NLTK, transformers). Knowledge of fuzzy matching algorithms.Document processing skills (OCR, PDF parsing, Excel extraction). Experience in ML model deployment (REST APIs, Docker, Azure ML). Understanding of supervised/unsupervised learning techniques.Familiarity with deep learning frameworks (TensorFlow, PyTorch). Experience with Large Language Models (LLMs) for document understanding (OpenAI, Azure OpenAI). Knowledge of Azure ML services and Azure Cognitive Services.2-5 years of experience in ML engineering, focusing on NLP or financial data processing.Experience in the finance/fintech domain (reconciliation, accounting). Education: Master's degree in Computer Science, Data Science, or a related field. . Ver más Ver menos [[downButtonMessage]] LinkedIn Twitter Facebook © 2026 Jobrapido | C.I.F: IT11876271005 Trabajos Empresas Condiciones del Servicio Política de Privacidad Ayuda Contacto",,https://ar.jobrapido.com/jobpreview/1394911814025740288?redirectTo=https%253A%252F%252Fwww.kitempleo.com.ar%252Fempleo%252F52834852%252Fpython-developer-ia-machine-learning-id-00335-buenos-aires&w=Python&p=5,NLP Engineer,jobrapido,2026-09-06T02:15:37.068226,,,,
8919253062699188224,Tech Lead Data & Ai — Remoto Desde Argentina (Buenos Aires),We Are Tims,Capital Federal,"Jobrapido Publica una oferta Ayuda Empresas Entrar Inscríbete Profesión / Palabras clave Localidad Ofertas de trabajo para Tech Lead en Departamento Federal Trabajos > Tech Lead > Capital Federal Localidad Gran Buenos Aires Capital Federal Córdoba Santa Fé Neuquén Rosario Mendoza Rincón De Los Sauces Gba Sur Mar Del Plata Búsquedas relacionadas Software Software Engineer Python Software Engineer Management Modelo Services Engineer Security Product Engineering Product Engineer Quality Engineer Vuelve a tus resultados: [[backlinkLabel]] Tech Lead Data & Ai — Remoto Desde Argentina (Buenos Aires) Capital Federal - Provincia De Buenos Aires We Are Tims [[upButtonMessage]] full time Publicado enwww.kitempleo.com.ar 27 ago 2026 We Are TIMS está buscando un/a Tech Lead especializado/a en Data & AI para liderar un equipo en Argentina de forma remota. El candidato adecuado tendrá más de 5 años de experiencia en roles relacionados con datos y al menos 2 años liderando equipos técnicos.Se requiere un dominio experto en AWS, Python y SQL, así como habilidades en NLP y clustering. Esta posición ofrece una compensación en USD y la posibilidad de reubicación a España en el futuro. #J-*****-Ljbffr Ver más Ver menos [[downButtonMessage]] LinkedIn Twitter Facebook © 2026 Jobrapido | C.I.F: IT11876271005 Trabajos Empresas Condiciones del Servicio Política de Privacidad Ayuda Contacto",,https://ar.jobrapido.com/jobpreview/8919253062699188224?redirectTo=https%253A%252F%252Fwww.kitempleo.com.ar%252Fempleo%252F52798704%252Ftech-lead-data-ai-remoto-desde-argentina-buenos-aires&w=Python&p=5,NLP Engineer,jobrapido,2026-09-06T02:15:37.068703,,,,
2951471458892644352,Senior ML Engineer (Argentina),Flux It,Capital Federal (Puerto Madero),"Open or close the mobile menu Jobrapido Entrar Inscríbete Publica una oferta Ayuda Empresas Clear job input Profesión / Palabras clave Ofertas de trabajo para Senior ML en Capital Federal (Puerto Madero) ¿Qué trabajo estás buscando? Clear location input Localidad Búsqueda avanzada de empleo Relevancia Fecha [[distance.label]] [[d.text]] Close Localidad Gran Buenos Aires Capital Federal Córdoba Santa Fé Neuquén Rosario Mendoza Rincón De Los Sauces Gba Sur Mar Del Plata Búsquedas relacionadas Software Software Engineer Python Software Engineer Management Modelo Services Engineer Security Product Engineering Product Engineer Quality Engineer Vuelve a tus resultados: [[backlinkLabel]] Senior ML Engineer (Argentina) Capital Federal (Puerto Madero) - Provincia De Buenos Aires Flux It [[upButtonMessage]] full time www.kitempleo.com.ar 27 ago 2026 Flux IT diseña tecnología para empresas que crecen y se expande a LATAM, EE. UU. y Europa desde Argentina. Buscamos ML Engineers Sr. para diseñar investigaciones aplicadas y validar IA generativa en escenarios reales con clientes, mediante POCs que reduzcan incertidumbre técnica y respalden iniciativas comerciales. La posición es 100% remota con oficinas en La Plata y Puerto Madero; se valorarán experiencias en NLP con LLMs y dominio de TensorFlow, PyTorch y scikit-learn. Ver más Ver menos [[downButtonMessage]] LinkedIn Twitter Facebook © 2026 Jobrapido | C.I.F: IT11876271005 Trabajos Empresas Condiciones del Servicio Política de Privacidad Ayuda Contacto",,https://ar.jobrapido.com/jobpreview/2951471458892644352?redirectTo=https%253A%252F%252Fwww.kitempleo.com.ar%252Fempleo%252F52766047%252Fsenior-ml-engineer-argentina&w=Python&p=5,NLP Engineer,jobrapido,2026-09-06T02:15:37.069170,,,,
5372772809749561344,Tech Lead Data & Ai — Remoto Desde Argentina (Rincón de los Sauces),We Are Tims,Rincón De Los Sauces,"Jobrapido Publica una oferta Ayuda Empresas Entrar Inscríbete Profesión / Palabras clave Localidad Ofertas de trabajo para Tech Lead en Rincón De Los Sauces Trabajos > Tech Lead > Rincón De Los Sauces Localidad Gran Buenos Aires Capital Federal Córdoba Santa Fé Neuquén Rosario Mendoza Rincón De Los Sauces Gba Sur Mar Del Plata Búsquedas relacionadas Software Software Engineer Python Software Engineer Management Modelo Services Engineer Security Product Engineering Product Engineer Quality Engineer Vuelve a tus resultados: [[backlinkLabel]] Tech Lead Data & Ai — Remoto Desde Argentina (Rincón de los Sauces) Rincón De Los Sauces - Región Patagonia We Are Tims [[upButtonMessage]] full time Publicado enwww.kitempleo.com.ar 26 ago 2026 We Are TIMS está buscando un/a Tech Lead especializado/a en Data & AI para liderar un equipo en Argentina de forma remota. El candidato adecuado tendrá más de 5 años de experiencia en roles relacionados con datos y al menos 2 años liderando equipos técnicos.Se requiere un dominio experto en AWS, Python y SQL, así como habilidades en NLP y clustering. Esta posición ofrece una compensación en USD y la posibilidad de reubicación a España en el futuro. #J-*****-Ljbffr Ver más Ver menos [[downButtonMessage]] LinkedIn Twitter Facebook © 2026 Jobrapido | C.I.F: IT11876271005 Trabajos Empresas Condiciones del Servicio Política de Privacidad Ayuda Contacto",,https://ar.jobrapido.com/jobpreview/5372772809749561344?redirectTo=https%253A%252F%252Fwww.kitempleo.com.ar%252Fempleo%252F52770900%252Ftech-lead-data-ai-remoto-desde-argentina-rincon-de-los-sauces&w=Python&p=5,NLP Engineer,jobrapido,2026-09-06T02:15:37.069647,,,,
5399557187880091648,Tech Lead Data & AI — Remoto desde Argentina (Neuquén),We Are Tims,Neuquén,"Open or close the mobile menu Jobrapido Entrar Inscríbete Publica una oferta Ayuda Empresas Clear job input Profesión / Palabras clave Ofertas de trabajo para Tech Lead en Neuquén ¿Qué trabajo estás buscando? Clear location input Localidad Búsqueda avanzada de empleo Relevancia Fecha [[distance.label]] [[d.text]] Close Localidad Gran Buenos Aires Capital Federal Córdoba Santa Fé Neuquén Rosario Mendoza Rincón De Los Sauces Gba Sur Mar Del Plata Búsquedas relacionadas Software Software Engineer Python Software Engineer Management Modelo Services Engineer Security Product Engineering Product Engineer Quality Engineer Vuelve a tus resultados: [[backlinkLabel]] Tech Lead Data & AI — Remoto desde Argentina (Neuquén) Neuquén - Región Patagonia We Are Tims [[upButtonMessage]] full time www.kitempleo.com.ar 23 ago 2026 We Are TIMS está buscando un/a Tech Lead especializado/a en Data & AI para liderar un equipo en Argentina de forma remota. El candidato idóneo tendrá más de 5 años de experiencia en roles relacionados con datos y al menos 2 años liderando equipos técnicos. Se requiere un dominio experto en AWS, Python y SQL, así como habilidades en NLP y clustering. Esta posición ofrece una compensación en USD y la posibilidad de reubicación a España en el futuro. #J-18808-Ljbffr Ver más Ver menos [[downButtonMessage]] LinkedIn Twitter Facebook © 2026 Jobrapido | C.I.F: IT11876271005 Trabajos Empresas Condiciones del Servicio Política de Privacidad Ayuda Contacto",,https://ar.jobrapido.com/jobpreview/5399557187880091648?redirectTo=https%253A%252F%252Fwww.kitempleo.com.ar%252Fempleo%252F52660258%252Ftech-lead-data-ai-remoto-desde-argentina-neuquen&w=Python&p=5,NLP Engineer,jobrapido,2026-09-06T02:15:37.070195,,,,
7231144685589233664,Python Developer (Buenos Aires),Werben Hr,Capital Federal,"Jobrapido Publica una oferta Ayuda Empresas Entrar Inscríbete Profesión / Palabras clave Localidad Ofertas de trabajo para Python Developer en Departamento Federal Trabajos > Python Developer > Capital Federal Localidad Gran Buenos Aires Capital Federal Córdoba Santa Fé Neuquén Rosario Mendoza Rincón De Los Sauces Gba Sur Mar Del Plata Búsquedas relacionadas Software Software Engineer Python Software Engineer Management Modelo Services Engineer Security Product Engineering Product Engineer Quality Engineer Vuelve a tus resultados: [[backlinkLabel]] Python Developer (Buenos Aires) Capital Federal - Provincia De Buenos Aires Werben Hr [[upButtonMessage]] full time Publicado enwww.kitempleo.com.ar 23 ago 2026 We are seeking a Machine Learning Engineer with strong expertise in Python and a focus on Natural Language Processing (NLP) to join our team. The idóneo candidate will have experience in the finance or fintech domain, specifically in reconciliation and accounting. Responsibilities: - Develop and implement machine learning models for document understanding and processing. - Utilize Python libraries such as Pandas, NumPy, and scikit-learn for data manipulation and analysis. - Apply NLP techniques using libraries like spaCy, NLTK, or transformers. - Implement fuzzy matching algorithms (e.g., Levenshtein distance, record linkage) for data accuracy. - Process documents using OCR, PDF parsing, and Excel data extraction methods. - Deploy machine learning models as REST APIs using Docker and Azure ML. - Understand and apply supervised and unsupervised learning techniques. - Design and manage data pipelines and ETL processes. - Collaborate with cross-functional teams to meet project goals. Required Skills: - Strong expertise in Python (Pandas, NumPy, scikit-learn). - Experience with NLP libraries (spaCy, NLTK, transformers). - Knowledge of fuzzy matching algorithms. - Document processing skills (OCR, PDF parsing, Excel extraction). - Experience in ML model deployment (REST APIs, Docker, Azure ML). - Understanding of supervised/unsupervised learning techniques. - Familiarity with deep learning frameworks (TensorFlow, PyTorch). - Experience with Large Language Models (LLMs) for document understanding (OpenAI, Azure OpenAI). - Knowledge of Azure ML services and Azure Cognitive Services. - 2-5 years of experience in ML engineering, focusing on NLP or financial data processing. - Experience in the finance/fintech domain (reconciliation, accounting). Education: Master’s degree in Computer Science, Data Science, or a related field. Ver más Ver menos [[downButtonMessage]] LinkedIn Twitter Facebook © 2026 Jobrapido | C.I.F: IT11876271005 Trabajos Empresas Condiciones del Servicio Política de Privacidad Ayuda Contacto",,https://ar.jobrapido.com/jobpreview/7231144685589233664?redirectTo=https%253A%252F%252Fwww.kitempleo.com.ar%252Fempleo%252F52648023%252Fpython-developer-buenos-aires&w=Python&p=5,NLP Engineer,jobrapido,2026-09-06T02:15:37.070673,,,,
1618180706746236928,Tech Lead Data & Ai — Remoto Desde Argentina Tandil,We Are Tims,"Remoto, Tandil","Open or close the mobile menu Jobrapido Entrar Inscríbete Publica una oferta Ayuda Empresas Clear job input Profesión / Palabras clave Ofertas de trabajo para Tech Lead en Tandil ¿Qué trabajo estás buscando? Clear location input Localidad Búsqueda avanzada de empleo Relevancia Fecha [[distance.label]] [[d.text]] Close Localidad Gran Buenos Aires Capital Federal Córdoba Santa Fé Neuquén Rosario Mendoza Rincón De Los Sauces Gba Sur Mar Del Plata Búsquedas relacionadas Software Software Engineer Python Software Engineer Management Modelo Services Engineer Security Product Engineering Product Engineer Quality Engineer Vuelve a tus resultados: [[backlinkLabel]] Tech Lead Data & Ai — Remoto Desde Argentina Tandil Tandil - Provincia De Buenos Aires, Remoto - Remoto We Are Tims [[upButtonMessage]] full time www.kitempleo.com.ar 22 ago 2026 Descripción de la vacante Remoto: Teletrabajo We Are TIMS está buscando un/a Tech Lead especializado/a en Data & AI para liderar un equipo en Argentina de forma remota. El candidato idóneo tendrá más de 5 años de experiencia en roles relacionados con datos y al menos 2 años liderando equipos técnicos. Se requiere un dominio experto en AWS, Python y SQL, así como habilidades en NLP y clustering. Esta posición ofrece una compensación en USD y la posibilidad de reubicación a España en el futuro. Ver más Ver menos [[downButtonMessage]] LinkedIn Twitter Facebook © 2026 Jobrapido | C.I.F: IT11876271005 Trabajos Empresas Condiciones del Servicio Política de Privacidad Ayuda Contacto",,https://ar.jobrapido.com/jobpreview/1618180706746236928?redirectTo=https%253A%252F%252Fwww.kitempleo.com.ar%252Fempleo%252F52628890%252Ftech-lead-data-ai-remoto-desde-argentina-tandil&w=Python&p=5,NLP Engineer,jobrapido,2026-09-06T02:15:37.071145,,,,
1176676210659295232,Python Developer (Ia) (Buenos Aires),Werben Hr,Capital Federal,"Open or close the mobile menu Jobrapido Entrar Inscríbete Publica una oferta Ayuda Empresas Clear job input Profesión / Palabras clave Ofertas de trabajo para Python Developer en Departamento Federal ¿Qué trabajo estás buscando? Clear location input Localidad Búsqueda avanzada de empleo Relevancia Fecha [[distance.label]] [[d.text]] Close Localidad Gran Buenos Aires Capital Federal Córdoba Santa Fé Neuquén Rosario Mendoza Rincón De Los Sauces Gba Sur Mar Del Plata Búsquedas relacionadas Software Software Engineer Python Software Engineer Management Modelo Services Engineer Security Product Engineering Product Engineer Quality Engineer Vuelve a tus resultados: [[backlinkLabel]] Python Developer (Ia) (Buenos Aires) Capital Federal - Provincia De Buenos Aires Werben Hr [[upButtonMessage]] full time www.kitempleo.com.ar 21 ago 2026 We are seeking a Machine Learning Engineer with strong expertise in Python and a focus on Natural Language Processing (NLP) to join our team. The adecuado candidate will have experience in the finance or fintech domain, specifically in reconciliation and accounting. Responsibilities: Develop and implement machine learning models for document understanding and processing.Utilize Python libraries such as Pandas, NumPy, and scikit-learn for data manipulation and analysis.Apply NLP techniques using libraries like spaCy, NLTK, or transformers.Implement fuzzy matching algorithms (e.g., Levenshtein distance, record linkage) for data accuracy.Process documents using OCR, PDF parsing, and Excel data extraction methods.Deploy machine learning models as REST APIs using Docker and Azure ML.Understand and apply supervised and unsupervised learning techniques.Design and manage data pipelines and ETL processes.Collaborate with cross-functional teams to meet project goals. Required Skills: Strong expertise in Python (Pandas, NumPy, scikit-learn).Experience with NLP libraries (spaCy, NLTK, transformers).Knowledge of fuzzy matching algorithms.Document processing skills (OCR, PDF parsing, Excel extraction).Experience in ML model deployment (REST APIs, Docker, Azure ML).Understanding of supervised/unsupervised learning techniques.Familiarity with deep learning frameworks (TensorFlow, PyTorch).Experience with Large Language Models (LLMs) for document understanding (OpenAI, Azure OpenAI).Knowledge of Azure ML services and Azure Cognitive Services.2-5 years of experience in ML engineering, focusing on NLP or financial data processing.Experience in the finance/fintech domain (reconciliation, accounting). Education: Master's degree in Computer Science, Data Science, or a related field. Ver más Ver menos [[downButtonMessage]] LinkedIn Twitter Facebook © 2026 Jobrapido | C.I.F: IT11876271005 Trabajos Empresas Condiciones del Servicio Política de Privacidad Ayuda Contacto",,https://ar.jobrapido.com/jobpreview/1176676210659295232?redirectTo=https%253A%252F%252Fwww.kitempleo.com.ar%252Fempleo%252F52609966%252Fpython-developer-ia-buenos-aires&w=Python&p=5,NLP Engineer,jobrapido,2026-09-06T02:15:37.071619,,,,
3680633485573226496,Tech Lead Data & AI — Remoto desde Argentina (Tandil),We Are Tims,Tandil,"Open or close the mobile menu Jobrapido Entrar Inscríbete Publica una oferta Ayuda Empresas Clear job input Profesión / Palabras clave Ofertas de trabajo para Tech Lead en Tandil ¿Qué trabajo estás buscando? Clear location input Localidad Búsqueda avanzada de empleo Relevancia Fecha [[distance.label]] [[d.text]] Close Localidad Gran Buenos Aires Capital Federal Córdoba Santa Fé Neuquén Rosario Mendoza Rincón De Los Sauces Gba Sur Mar Del Plata Búsquedas relacionadas Software Software Engineer Python Software Engineer Management Modelo Services Engineer Security Product Engineering Product Engineer Quality Engineer Vuelve a tus resultados: [[backlinkLabel]] Tech Lead Data & AI — Remoto desde Argentina (Tandil) Tandil - Provincia De Buenos Aires We Are Tims [[upButtonMessage]] full time www.kitempleo.com.ar 20 ago 2026 Descripción de la vacante Remoto: Teletrabajo We Are TIMS está buscando un/a Tech Lead especializado/a en Data & AI para liderar un equipo en Argentina de forma remota. El candidato idóneo tendrá más de 5 años de experiencia en roles relacionados con datos y al menos 2 años liderando equipos técnicos. Se requiere un dominio experto en AWS, Python y SQL, así como habilidades en NLP y clustering. Esta posición ofrece una compensación en USD y la posibilidad de reubicación a España en el futuro. Ver más Ver menos [[downButtonMessage]] LinkedIn Twitter Facebook © 2026 Jobrapido | C.I.F: IT11876271005 Trabajos Empresas Condiciones del Servicio Política de Privacidad Ayuda Contacto",,https://ar.jobrapido.com/jobpreview/3680633485573226496?redirectTo=https%253A%252F%252Fwww.kitempleo.com.ar%252Fempleo%252F52545630%252Ftech-lead-data-ai-remoto-desde-argentina-tandil&w=Python&p=5,NLP Engineer,jobrapido,2026-09-06T02:15:37.072087,,,,
7565434153584295936,Python Developer (IA) Machine Learning ID #00335 (Parque Patricios),Werben Hr,Capital Federal (Parque Patricios),"Open or close the mobile menu Jobrapido Entrar Inscríbete Publica una oferta Ayuda Empresas Clear job input Profesión / Palabras clave Ofertas de trabajo para Python Developer en Capital Federal (Parque Patricios) ¿Qué trabajo estás buscando? Clear location input Localidad Búsqueda avanzada de empleo Relevancia Fecha [[distance.label]] [[d.text]] Close Localidad Gran Buenos Aires Capital Federal Córdoba Santa Fé Neuquén Rosario Mendoza Rincón De Los Sauces Gba Sur Mar Del Plata Búsquedas relacionadas Software Software Engineer Python Software Engineer Management Modelo Services Engineer Security Product Engineering Product Engineer Quality Engineer Vuelve a tus resultados: [[backlinkLabel]] Python Developer (IA) Machine Learning ID #00335 (Parque Patricios) Capital Federal (Parque Patricios) - Provincia De Buenos Aires Werben Hr [[upButtonMessage]] full time www.kitempleo.com.ar 19 ago 2026 We are seeking a Machine Learning Engineer with strong expertise in Python and a focus on Natural Language Processing (NLP) to join our team. The idóneo candidate will have experience in the finance or fintech domain, specifically in reconciliation and accounting. Responsibilities: Develop and implement machine learning models for document understanding and processing. Utilize Python libraries such as Pandas, NumPy, and scikit-learn for data manipulation and analysis. Apply NLP techniques using libraries like spaCy, NLTK, or transformers. Implement fuzzy matching algorithms (., Levenshtein distance, record linkage) for data accuracy. Process documents using OCR, PDF parsing, and Excel data extraction methods. Deploy machine learning models as REST APIs using Docker and Azure ML. Understand and apply supervised and unsupervised learning techniques. Design and manage data pipelines and ETL processes. Collaborate with cross-functional teams to meet project goals. Required Skills: Strong expertise in Python (Pandas, NumPy, scikit-learn). Experience with NLP libraries (spaCy, NLTK, transformers). Knowledge of fuzzy matching algorithms. Document processing skills (OCR, PDF parsing, Excel extraction). Experience in ML model deployment (REST APIs, Docker, Azure ML). Understanding of supervised/unsupervised learning techniques. Familiarity with deep learning frameworks (TensorFlow, PyTorch). Experience with Large Language Models (LLMs) for document understanding (OpenAI, Azure OpenAI). Knowledge of Azure ML services and Azure Cognitive Services. 2-5 years of experience in ML engineering, focusing on NLP or financial data processing. Experience in the finance/fintech domain (reconciliation, accounting). Education: Master’s degree in Computer Science, Data Science, or a related field. . Required Skill Profession Computer Occupations Ver más Ver menos [[downButtonMessage]] LinkedIn Twitter Facebook © 2026 Jobrapido | C.I.F: IT11876271005 Trabajos Empresas Condiciones del Servicio Política de Privacidad Ayuda Contacto",,https://ar.jobrapido.com/jobpreview/7565434153584295936?redirectTo=https%253A%252F%252Fwww.kitempleo.com.ar%252Fempleo%252F52526786%252Fpython-developer-ia-machine-learning-id-00335-parque-patricios&w=Python&p=5,NLP Engineer,jobrapido,2026-09-06T02:15:37.072560,,,,
1621081493298216960,Tech Lead Data & AI — Remoto desde Argentina (Córdoba),We Are Tims,Córdoba,"Open or close the mobile menu Jobrapido Entrar Inscríbete Publica una oferta Ayuda Empresas Clear job input Profesión / Palabras clave Ofertas de trabajo para Tech Lead en Córdoba ¿Qué trabajo estás buscando? Clear location input Localidad Búsqueda avanzada de empleo Relevancia Fecha [[distance.label]] [[d.text]] Close Localidad Gran Buenos Aires Capital Federal Córdoba Santa Fé Neuquén Rosario Mendoza Rincón De Los Sauces Gba Sur Mar Del Plata Búsquedas relacionadas Software Software Engineer Python Software Engineer Management Modelo Services Engineer Security Product Engineering Product Engineer Quality Engineer Vuelve a tus resultados: [[backlinkLabel]] Tech Lead Data & AI — Remoto desde Argentina (Córdoba) Córdoba - Región Centro We Are Tims [[upButtonMessage]] full time www.kitempleo.com.ar 17 ago 2026 We Are TIMS está buscando un/a Tech Lead especializado/a en Data & AI para liderar un equipo en Argentina de forma remota. El candidato adecuado tendrá más de 5 años de experiencia en roles relacionados con datos y al menos 2 años liderando equipos técnicos. Se requiere un dominio experto en AWS, Python y SQL, así como habilidades en NLP y clustering. Esta posición ofrece una compensación en USD y la posibilidad de reubicación a España en el futuro. #J-18808-Ljbffr Ver más Ver menos [[downButtonMessage]] LinkedIn Twitter Facebook © 2026 Jobrapido | C.I.F: IT11876271005 Trabajos Empresas Condiciones del Servicio Política de Privacidad Ayuda Contacto",,https://ar.jobrapido.com/jobpreview/1621081493298216960?redirectTo=https%253A%252F%252Fwww.kitempleo.com.ar%252Fempleo%252F52428170%252Ftech-lead-data-ai-remoto-desde-argentina-cordoba&w=Python&p=5,NLP Engineer,jobrapido,2026-09-06T02:15:37.073033,,,,
3039861885844324352,Tech Lead Data & Ai — Remoto Desde Argentina (Santa Fe),We Are Tims,Santa Fé,"Open or close the mobile menu Jobrapido Entrar Inscríbete Publica una oferta Ayuda Empresas Clear job input Profesión / Palabras clave Ofertas de trabajo para Tech Lead en Santa Fé ¿Qué trabajo estás buscando? Clear location input Localidad Búsqueda avanzada de empleo Relevancia Fecha [[distance.label]] [[d.text]] Close Localidad Gran Buenos Aires Capital Federal Córdoba Santa Fé Neuquén Rosario Mendoza Rincón De Los Sauces Gba Sur Mar Del Plata Búsquedas relacionadas Software Software Engineer Python Software Engineer Management Modelo Services Engineer Security Product Engineering Product Engineer Quality Engineer Vuelve a tus resultados: [[backlinkLabel]] Tech Lead Data & Ai — Remoto Desde Argentina (Santa Fe) Santa Fé - Región Centro We Are Tims [[upButtonMessage]] full time www.kitempleo.com.ar 16 ago 2026 We Are TIMS está buscando un/a Tech Lead especializado/a en Data & AI para liderar un equipo en Argentina de forma remota. El candidato adecuado tendrá más de 5 años de experiencia en roles relacionados con datos y al menos 2 años liderando equipos técnicos.Se requiere un dominio experto en AWS, Python y SQL, así como habilidades en NLP y clustering. Esta posición ofrece una compensación en USD y la posibilidad de reubicación a España en el futuro. #J--Ljbffr Ver más Ver menos [[downButtonMessage]] LinkedIn Twitter Facebook © 2026 Jobrapido | C.I.F: IT11876271005 Trabajos Empresas Condiciones del Servicio Política de Privacidad Ayuda Contacto",,https://ar.jobrapido.com/jobpreview/3039861885844324352?redirectTo=https%253A%252F%252Fwww.kitempleo.com.ar%252Fempleo%252F52419966%252Ftech-lead-data-ai-remoto-desde-argentina-santa-fe&w=Python&p=5,NLP Engineer,jobrapido,2026-09-06T02:15:37.073510,,,,
4397388554326507520,Anuncios Google,FullStack,Rosario,,,https://open.app.jobrapido.com/ar/4397388554326507520/?w=data%20engineer&l=&oc=sponsored&k=web.1.1.0&uuid=arF001a0755e3ebf4e21&page_item_id=422996199,Data Engineer,jobrapido,2026-09-06T02:18:26.761705,,,,
6925934070333440000,Remote Data Engineer – Databricks Lakehouse & AI Pipelines,"AgileEngine, LLC.",Rosario,,,https://open.app.jobrapido.com/ar/6925934070333440000/?w=data%20engineer&l=&oc=sponsored&k=web.1.1.1&uuid=arF001a0755e3ebf4e21&page_item_id=-1750928158,Data Engineer,jobrapido,2026-09-06T02:18:26.762303,,,,
2004191751467696128,Lead Data Engineer - Remote & Flexible Hours,AgileEngine,Rosario,,,https://open.app.jobrapido.com/ar/2004191751467696128/?w=data%20engineer&l=&oc=sponsored&k=web.1.1.2&uuid=arF001a0755e3ebf4e21&page_item_id=1437095781,Data Engineer,jobrapido,2026-09-06T02:18:26.762833,,,,
7662118677780627456,Senior Data Engineer AWS,Coderio,Rosario,,,https://open.app.jobrapido.com/ar/7662118677780627456/?w=data%20engineer&l=&oc=sponsored&k=web.1.1.3&uuid=arF001a0755e3ebf4e21&page_item_id=1372692399,Data Engineer,jobrapido,2026-09-06T02:18:26.763351,,,,
3433494968507826176,Senior Data Engineer - Remote Data Pipelines & ServiceNow,"AgileEngine, LLC.",Rosario,,,https://open.app.jobrapido.com/ar/3433494968507826176/?w=data%20engineer&l=&oc=sponsored&k=web.1.1.4&uuid=arF001a0755e3ebf4e21&page_item_id=1616612071,Data Engineer,jobrapido,2026-09-06T02:18:26.763875,,,,
1301117081265111040,Senior Data Engineer ID84751,AgileEngine,Rosario,,,https://open.app.jobrapido.com/ar/1301117081265111040/?w=data%20engineer&l=&oc=sponsored&k=web.1.1.5&uuid=arF001a0755e3ebf4e21&page_item_id=953444997,Data Engineer,jobrapido,2026-09-06T02:18:26.764396,,,,
7838631250846810112,Data Engineer (Python + AWS + DBT) - Remote - Latin America,FullStack,Rosario,,,https://open.app.jobrapido.com/ar/7838631250846810112/?w=data%20engineer&l=&oc=sponsored&k=web.1.1.8&uuid=arF001a0755e3ebf4e21&page_item_id=1034495093,Data Engineer,jobrapido,2026-09-06T02:18:26.765172,,,,
1980718896201596928,Remote Data Engineer - Databricks Lakehouse & AI Pipelines,"AgileEngine, LLC.",Rosario,,,https://open.app.jobrapido.com/ar/1980718896201596928/?w=data%20engineer&l=&oc=sponsored&k=web.1.1.9&uuid=arF001a0755e3ebf4e21&page_item_id=-1643914776,Data Engineer,jobrapido,2026-09-06T02:18:26.765664,,,,
8470228113236688896,Senior Python Data Scraping Engineer (Freelance),Mindrift,Rosario,,,https://open.app.jobrapido.com/ar/8470228113236688896/?w=data%20engineer&l=&oc=sponsored&k=web.1.1.10&uuid=arF001a0755e3ebf4e21&page_item_id=-1962791202,Data Engineer,jobrapido,2026-09-06T02:18:26.766149,,,,
2024898372917264384,"Senior Databricks Data Engineer — Remote, High-Impact Pipelines","AgileEngine, LLC.",Rosario,,,https://open.app.jobrapido.com/ar/2024898372917264384/?w=data%20engineer&l=&oc=sponsored&k=web.1.1.11&uuid=arF001a0755e3ebf4e21&page_item_id=1340243891,Data Engineer,jobrapido,2026-09-06T02:18:26.766641,,,,
1781755670085763072,Remote Agentic AI Engineer for Discovery & Troubleshooting,"AgileEngine, LLC.",Rosario,,,https://open.app.jobrapido.com/ar/1781755670085763072/?w=data%20engineer&l=&oc=sponsored&k=web.1.1.12&uuid=arF001a0755e3ebf4e21&page_item_id=140584492,Data Engineer,jobrapido,2026-09-06T02:18:26.767128,,,,
6116751236650762240,"Senior Backend Engineer - TypeScript & AI, Remote",Scale Up Recruiting Partners,Rosario,,,https://open.app.jobrapido.com/ar/6116751236650762240/?w=data%20engineer&l=&oc=sponsored&k=web.1.1.13&uuid=arF001a0755e3ebf4e21&page_item_id=-135611808,Data Engineer,jobrapido,2026-09-06T02:18:26.767619,,,,
3893103868438904832,Senior Full-Stack Engineer — Remote & Cloud-Native Impact,"AgileEngine, LLC.",Rosario,,,https://open.app.jobrapido.com/ar/3893103868438904832/?w=data%20engineer&l=&oc=sponsored&k=web.1.1.14&uuid=arF001a0755e3ebf4e21&page_item_id=1149813034,Data Engineer,jobrapido,2026-09-06T02:18:26.768106,,,,
982594060256542720,Anuncios Google,"AgileEngine, LLC.",Rosario,,,https://open.app.jobrapido.com/ar/982594060256542720/?w=data%20engineer&l=&oc=sponsored&k=web.1.2.0&uuid=arF001a0755f928c501e&page_item_id=-1791941876,Data Engineer,jobrapido,2026-09-06T02:19:53.596350,,,,
8664793086682988544,"Remote Full Stack Engineer - React, Node/Python, AWS","AgileEngine, LLC.",Rosario,,,https://open.app.jobrapido.com/ar/8664793086682988544/?w=data%20engineer&l=&oc=sponsored&k=web.1.2.1&uuid=arF001a0755f928c501e&page_item_id=137575564,Data Engineer,jobrapido,2026-09-06T02:19:53.596918,,,,
8211363648258441216,Senior Backend Engineer - Remote | AI & Salesforce APIs,"AgileEngine, LLC.",Rosario,,,https://open.app.jobrapido.com/ar/8211363648258441216/?w=data%20engineer&l=&oc=sponsored&k=web.1.2.2&uuid=arF001a0755f928c501e&page_item_id=200217196,Data Engineer,jobrapido,2026-09-06T02:19:53.597412,,,,
4942108759578116096,Mid-Level Full Stack Engineer — Remote & Flexible Hours,AgileEngine,Rosario,,,https://open.app.jobrapido.com/ar/4942108759578116096/?w=data%20engineer&l=&oc=sponsored&k=web.1.2.3&uuid=arF001a0755f928c501e&page_item_id=-822677285,Data Engineer,jobrapido,2026-09-06T02:19:53.597914,,,,
1433794324755120128,Senior/Lead Full Stack Engineer ID79143,"AgileEngine, LLC.",Rosario,,,https://open.app.jobrapido.com/ar/1433794324755120128/?w=data%20engineer&l=&oc=sponsored&k=web.1.2.4&uuid=arF001a0755f928c501e&page_item_id=-189752614,Data Engineer,jobrapido,2026-09-06T02:19:53.598402,,,,
6308668792255807488,Senior Backend Engineer (TypeScript & AI),Scale Up Recruiting Partners,Rosario,,,https://open.app.jobrapido.com/ar/6308668792255807488/?w=data%20engineer&l=&oc=sponsored&k=web.1.2.5&uuid=arF001a0755f928c501e&page_item_id=-1714537383,Data Engineer,jobrapido,2026-09-06T02:19:53.598899,,,,
4773683008634880000,Full Stack Engineer ID83016,"AgileEngine, LLC.",Rosario,,,https://open.app.jobrapido.com/ar/4773683008634880000/?w=data%20engineer&l=&oc=sponsored&k=web.1.2.6&uuid=arF001a0755f928c501e&page_item_id=-587874994,Data Engineer,jobrapido,2026-09-06T02:19:53.599386,,,,
7998146353400119296,Ingeniero de Software (Entrenamiento de IA),Alignerr,Rosario,,,https://open.app.jobrapido.com/ar/7998146353400119296/?w=data%20engineer&l=&oc=sponsored&k=web.1.2.7&uuid=arF001a0755f928c501e&page_item_id=-549865473,Data Engineer,jobrapido,2026-09-06T02:19:53.599877,,,,
4973515604850900992,Payroll Analyst,Gates Corporation,Rosario,,,https://open.app.jobrapido.com/ar/4973515604850900992/?w=data%20engineer&l=&oc=sponsored&k=web.1.2.8&uuid=arF001a0755f928c501e&page_item_id=-795029384,Data Engineer,jobrapido,2026-09-06T02:19:53.600362,,,,
8875081643342168064,Middle Full Stack Engineer - Franchise Menu ID74267,AgileEngine,Rosario,,,https://open.app.jobrapido.com/ar/8875081643342168064/?w=data%20engineer&l=&oc=sponsored&k=web.1.2.9&uuid=arF001a0755f928c501e&page_item_id=1079176672,Data Engineer,jobrapido,2026-09-06T02:19:53.600852,,,,
6588774756730798080,Software Engineer (Mobile) Id76367,AgileEngine,Rosario,,,https://open.app.jobrapido.com/ar/6588774756730798080/?w=data%20engineer&l=&oc=sponsored&k=web.1.2.10&uuid=arF001a0755f928c501e&page_item_id=-913083239,Data Engineer,jobrapido,2026-09-06T02:19:53.601333,,,,
2118341674273865728,Senior Industrial Engineer,Advanced Energy Management Limited,Rosario,,,https://open.app.jobrapido.com/ar/2118341674273865728/?w=data%20engineer&l=&oc=sponsored&k=web.1.2.11&uuid=arF001a0755f928c501e&page_item_id=-1256155533,Data Engineer,jobrapido,2026-09-06T02:19:53.601820,,,,
8886470384782671872,Senior QA Automation Engineer ID72456,AgileEngine,Rosario,,,https://open.app.jobrapido.com/ar/8886470384782671872/?w=data%20engineer&l=&oc=sponsored&k=web.1.2.12&uuid=arF001a0755f928c501e&page_item_id=1790694519,Data Engineer,jobrapido,2026-09-06T02:19:53.602301,,,,
6279730625465286656,"Manager, Supplier Quality",Advanced Energy Management Limited,Rosario,,,https://open.app.jobrapido.com/ar/6279730625465286656/?w=data%20engineer&l=&oc=sponsored&k=web.1.2.13&uuid=arF001a0755f928c501e&page_item_id=261604664,Data Engineer,jobrapido,2026-09-06T02:19:53.602793,,,,
3018150327946838016,SEO Specialist | Flexible Part-Time | Performance Marketing Agency,Pwc,Rosario,,,https://open.app.jobrapido.com/ar/3018150327946838016/?w=data%20engineer&l=&oc=sponsored&k=web.1.2.14&uuid=arF001a0755f928c501e&page_item_id=1013494463,Data Engineer,jobrapido,2026-09-06T02:19:53.603276,,,,
4616277954794618880,Sr. Backend Developer,Aliancers,Rosario,,,https://open.app.jobrapido.com/ar/4616277954794618880/?w=data%20engineer&l=&oc=sponsored&k=web.1.3.2&uuid=arF001a0756113575273&page_item_id=-751551667,Data Engineer,jobrapido,2026-09-06T02:21:32.773317,,,,
7762041538598666240,ServiceNow Discovery Engineer ID80139,AgileEngine,Rosario,,,https://open.app.jobrapido.com/ar/7762041538598666240/?w=data%20engineer&l=&oc=sponsored&k=web.1.3.3&uuid=arF001a0756113575273&page_item_id=-245464752,Data Engineer,jobrapido,2026-09-06T02:21:32.773851,,,,
1628853339699544064,Senior Backend Engineer (Python & AI) - LATAM - 100% Remote,Prometeo Talent,Rosario,,,https://open.app.jobrapido.com/ar/1628853339699544064/?w=data%20engineer&l=&oc=sponsored&k=web.1.3.5&uuid=arF001a0756113575273&page_item_id=1174505185,Data Engineer,jobrapido,2026-09-06T02:21:32.774510,,,,
7791367094259417088,Automotive HIL Engineer - Automotive Sector (Relocation Sweden or Polony),Prometeo Talent,Rosario,,,https://open.app.jobrapido.com/ar/7791367094259417088/?w=data%20engineer&l=&oc=sponsored&k=web.1.3.6&uuid=arF001a0756113575273&page_item_id=-511760126,Data Engineer,jobrapido,2026-09-06T02:21:32.774993,,,,
3394123501521600512,Senior Full Stack Engineer ID87215,AgileEngine,Rosario,,,https://open.app.jobrapido.com/ar/3394123501521600512/?w=data%20engineer&l=&oc=sponsored&k=web.1.3.7&uuid=arF001a0756113575273&page_item_id=-137985165,Data Engineer,jobrapido,2026-09-06T02:21:32.775470,,,,
6893686923299127296,Senior Data Engineer ID82554,AgileEngine,Rosario,,,https://open.app.jobrapido.com/ar/6893686923299127296/?w=data%20engineer&l=&oc=sponsored&k=web.1.3.8&uuid=arF001a0756113575273&page_item_id=-764412327,Data Engineer,jobrapido,2026-09-06T02:21:32.775952,,,,
5912144921724190720,Senior Data Engineer ID82547,AgileEngine,Rosario,,,https://open.app.jobrapido.com/ar/5912144921724190720/?w=data%20engineer&l=&oc=sponsored&k=web.1.3.9&uuid=arF001a0756113575273&page_item_id=-2062871600,Data Engineer,jobrapido,2026-09-06T02:21:32.776430,,,,
3686473627483504640,Senior Data Engineer ID81652,AgileEngine,Rosario,,,https://open.app.jobrapido.com/ar/3686473627483504640/?w=data%20engineer&l=&oc=sponsored&k=web.1.3.10&uuid=arF001a0756113575273&page_item_id=293769195,Data Engineer,jobrapido,2026-09-06T02:21:32.776911,,,,
6714256452531257344,Data Engineer ID80135,AgileEngine,Rosario,,,https://open.app.jobrapido.com/ar/6714256452531257344/?w=data%20engineer&l=&oc=sponsored&k=web.1.3.11&uuid=arF001a0756113575273&page_item_id=330457445,Data Engineer,jobrapido,2026-09-06T02:21:32.777388,,,,
5418416767233949696,Middle Data Engineer ID87373,AgileEngine,Rosario,,,https://open.app.jobrapido.com/ar/5418416767233949696/?w=data%20engineer&l=&oc=sponsored&k=web.1.3.12&uuid=arF001a0756113575273&page_item_id=849668595,Data Engineer,jobrapido,2026-09-06T02:21:32.777868,,,,
911350534319898624,Senior Data Engineer ID71671,AgileEngine,Rosario,,,https://open.app.jobrapido.com/ar/911350534319898624/?w=data%20engineer&l=&oc=sponsored&k=web.1.3.13&uuid=arF001a0756113575273&page_item_id=-2110222460,Data Engineer,jobrapido,2026-09-06T02:21:32.778343,,,,
6388633403905802240,Senior Data Engineer ID82269,AgileEngine,Rosario,,,https://open.app.jobrapido.com/ar/6388633403905802240/?w=data%20engineer&l=&oc=sponsored&k=web.1.3.14&uuid=arF001a0756113575273&page_item_id=169214760,Data Engineer,jobrapido,2026-09-06T02:21:32.778826,,,,
2064065055862816768,Senior Data Engineer ID81743,AgileEngine,Rosario,,,https://open.app.jobrapido.com/ar/2064065055862816768/?w=data%20engineer&l=&oc=sponsored&k=web.1.3.15&uuid=arF001a0756113575273&page_item_id=1620792177,Data Engineer,jobrapido,2026-09-06T02:21:32.779303,,,,
3635979724208996352,Senior Data Engineer ID71670,AgileEngine,Rosario,,,https://open.app.jobrapido.com/ar/3635979724208996352/?w=data%20engineer&l=&oc=sponsored&k=web.1.3.16&uuid=arF001a0756113575273&page_item_id=-234316633,Data Engineer,jobrapido,2026-09-06T02:21:32.779782,,,,
9108558470734413824,Lead Data Engineer ID71008,AgileEngine,Rosario,,,https://open.app.jobrapido.com/ar/9108558470734413824/?w=data%20engineer&l=&oc=sponsored&k=web.1.3.17&uuid=arF001a0756113575273&page_item_id=-1664805163,Data Engineer,jobrapido,2026-09-06T02:21:32.780257,,,,
610091357695901696,Senior Data Engineer: Build Scalable Data Platform (Remote),AgileEngine,Rosario,,,https://open.app.jobrapido.com/ar/610091357695901696/?w=data%20engineer&l=&oc=sponsored&k=web.1.3.18&uuid=arF001a0756113575273&page_item_id=626001839,Data Engineer,jobrapido,2026-09-06T02:21:32.780740,,,,
1085734590313660416,"Lead Data Engineer — Remote, Real-Time Analytics",AgileEngine,Rosario,,,https://open.app.jobrapido.com/ar/1085734590313660416/?w=data%20engineer&l=&oc=sponsored&k=web.1.3.19&uuid=arF001a0756113575273&page_item_id=-868930259,Data Engineer,jobrapido,2026-09-06T02:21:32.781224,,,,
1712019093554462720,"Data Engineer (Senior) - ETL (Python+Snowflake) - Remote, Latin América",Bluelight Consulting,Rosario,,,https://open.app.jobrapido.com/ar/1712019093554462720/?w=data%20engineer&l=&oc=sponsored&k=web.1.4.0&uuid=arF001a07562cc995556&page_item_id=-1438670811,Data Engineer,jobrapido,2026-09-06T02:23:25.210281,,,,
6912735412494532608,Senior Full-Stack Engineer — Financial Analytics,Bluelight Consulting,Rosario,,,https://open.app.jobrapido.com/ar/6912735412494532608/?w=data%20engineer&l=&oc=sponsored&k=web.1.4.1&uuid=arF001a07562cc995556&page_item_id=1907071762,Data Engineer,jobrapido,2026-09-06T02:23:25.210843,,,,
1363697726885199872,Senior React Native Engineer – Offline-First Sync,"AgileEngine, LLC.",Rosario,,,https://open.app.jobrapido.com/ar/1363697726885199872/?w=data%20engineer&l=&oc=sponsored&k=web.1.4.2&uuid=arF001a07562cc995556&page_item_id=-1224684210,Data Engineer,jobrapido,2026-09-06T02:23:25.211337,,,,
2476400109760282624,Quality Control Technician II,Advanced Energy Management Limited,Rosario,,,https://open.app.jobrapido.com/ar/2476400109760282624/?w=data%20engineer&l=&oc=sponsored&k=web.1.4.3&uuid=arF001a07562cc995556&page_item_id=-1932794693,Data Engineer,jobrapido,2026-09-06T02:23:25.211831,,,,
3368788846652162048,Senior React Native Engineer ID74262,"AgileEngine, LLC.",Rosario,,,https://open.app.jobrapido.com/ar/3368788846652162048/?w=data%20engineer&l=&oc=sponsored&k=web.1.4.4&uuid=arF001a07562cc995556&page_item_id=847082325,Data Engineer,jobrapido,2026-09-06T02:23:25.212314,,,,
2363295015058276352,Senior Software Engineer ID74262,AgileEngine,Rosario,,,https://open.app.jobrapido.com/ar/2363295015058276352/?w=data%20engineer&l=&oc=sponsored&k=web.1.4.5&uuid=arF001a07562cc995556&page_item_id=-540730251,Data Engineer,jobrapido,2026-09-06T02:23:25.212798,,,,
3130869631506448384,Artificial Intelligence Engineer ID87374,AgileEngine,Rosario,,,https://open.app.jobrapido.com/ar/3130869631506448384/?w=data%20engineer&l=&oc=sponsored&k=web.1.4.6&uuid=arF001a07562cc995556&page_item_id=-1685529968,Data Engineer,jobrapido,2026-09-06T02:23:25.213276,,,,
8293423224696340480,Full Stack Engineer ID82571,AgileEngine,Rosario,,,https://open.app.jobrapido.com/ar/8293423224696340480/?w=data%20engineer&l=&oc=sponsored&k=web.1.4.7&uuid=arF001a07562cc995556&page_item_id=-77992112,Data Engineer,jobrapido,2026-09-06T02:23:25.213760,,,,
5461112057870942208,Full Stack Engineer ID83016,AgileEngine,Rosario,,,https://open.app.jobrapido.com/ar/5461112057870942208/?w=data%20engineer&l=&oc=sponsored&k=web.1.4.8&uuid=arF001a07562cc995556&page_item_id=1644658946,Data Engineer,jobrapido,2026-09-06T02:23:25.214240,,,,
604089810914639872,Senior Security Software Engineer ID80138,AgileEngine,Rosario,,,https://open.app.jobrapido.com/ar/604089810914639872/?w=data%20engineer&l=&oc=sponsored&k=web.1.4.9&uuid=arF001a07562cc995556&page_item_id=753288074,Data Engineer,jobrapido,2026-09-06T02:23:25.214723,,,,
485918012013019136,Accounts Payable Analyst,Gates Corporation,Rosario,,,https://open.app.jobrapido.com/ar/485918012013019136/?w=data%20engineer&l=&oc=sponsored&k=web.1.4.10&uuid=arF001a07562cc995556&page_item_id=1280416628,Data Engineer,jobrapido,2026-09-06T02:23:25.215201,,,,
1332559007830769664,Senior Backend Engineer ID81650,AgileEngine,Rosario,,,https://open.app.jobrapido.com/ar/1332559007830769664/?w=data%20engineer&l=&oc=sponsored&k=web.1.4.11&uuid=arF001a07562cc995556&page_item_id=1841499524,Data Engineer,jobrapido,2026-09-06T02:23:25.215687,,,,
7329059030721101824,Senior Software Engineer ID81650,AgileEngine,Rosario,,,https://open.app.jobrapido.com/ar/7329059030721101824/?w=data%20engineer&l=&oc=sponsored&k=web.1.4.12&uuid=arF001a07562cc995556&page_item_id=-1526323360,Data Engineer,jobrapido,2026-09-06T02:23:25.216168,,,,
7826179573720023040,Senior Backend Engineer ID68432,AgileEngine,Rosario,,,https://open.app.jobrapido.com/ar/7826179573720023040/?w=data%20engineer&l=&oc=sponsored&k=web.1.4.13&uuid=arF001a07562cc995556&page_item_id=-1025989137,Data Engineer,jobrapido,2026-09-06T02:23:25.216652,,,,
157654211335553024,Senior Backend AdTech Engineer ID52365,AgileEngine,Rosario,,,https://open.app.jobrapido.com/ar/157654211335553024/?w=data%20engineer&l=&oc=sponsored&k=web.1.4.14&uuid=arF001a07562cc995556&page_item_id=1250761300,Data Engineer,jobrapido,2026-09-06T02:23:25.217130,,,,
34962869887959040,Senior/Lead Full Stack Engineer ID79144,AgileEngine,Rosario,,,https://open.app.jobrapido.com/ar/34962869887959040/?w=data%20engineer&l=&oc=sponsored&k=web.1.4.15&uuid=arF001a07562cc995556&page_item_id=2085174401,Data Engineer,jobrapido,2026-09-06T02:23:25.217613,,,,
6440130731799740416,Manual QA Engineer (Mid-level) ID67829,AgileEngine,Rosario,,,https://open.app.jobrapido.com/ar/6440130731799740416/?w=data%20engineer&l=&oc=sponsored&k=web.1.4.16&uuid=arF001a07562cc995556&page_item_id=444164362,Data Engineer,jobrapido,2026-09-06T02:23:25.218091,,,,
1012473958756253696,Lead Python Engineer (AppSec) ID71666,AgileEngine,Rosario,,,https://open.app.jobrapido.com/ar/1012473958756253696/?w=data%20engineer&l=&oc=sponsored&k=web.1.4.17&uuid=arF001a07562cc995556&page_item_id=-1698554363,Data Engineer,jobrapido,2026-09-06T02:23:25.218571,,,,
229862197948317696,Senior/Lead QA Automation Engineer ID71661,AgileEngine,Rosario,,,https://open.app.jobrapido.com/ar/229862197948317696/?w=data%20engineer&l=&oc=sponsored&k=web.1.4.18&uuid=arF001a07562cc995556&page_item_id=-189980248,Data Engineer,jobrapido,2026-09-06T02:23:25.219048,,,,
5379577687213867008,Senior Software Engineer ID73490,AgileEngine,Rosario,,,https://open.app.jobrapido.com/ar/5379577687213867008/?w=data%20engineer&l=&oc=sponsored&k=web.1.4.19&uuid=arF001a07562cc995556&page_item_id=647271392,Data Engineer,jobrapido,2026-09-06T02:23:25.219528,,,,
3138956934665732096,Senior Frontend Engineer ID77771,AgileEngine,Rosario,,,https://open.app.jobrapido.com/ar/3138956934665732096/?w=data%20engineer&l=&oc=sponsored&k=web.1.5.0&uuid=arF001a07564d34b581a&page_item_id=1257248165,Data Engineer,jobrapido,2026-09-06T02:25:38.266883,,,,
1752516752505307136,Lead Backend Engineer ID76299,AgileEngine,Rosario,,,https://open.app.jobrapido.com/ar/1752516752505307136/?w=data%20engineer&l=&oc=sponsored&k=web.1.5.1&uuid=arF001a07564d34b581a&page_item_id=1264760945,Data Engineer,jobrapido,2026-09-06T02:25:38.267435,,,,
3422297920047677440,Senior React Native Engineer ID74262,AgileEngine,Rosario,,,https://open.app.jobrapido.com/ar/3422297920047677440/?w=data%20engineer&l=&oc=sponsored&k=web.1.5.2&uuid=arF001a07564d34b581a&page_item_id=1143686181,Data Engineer,jobrapido,2026-09-06T02:25:38.267928,,,,
439135407158853632,Talent Community | Senior InRiver PIM Engineer ID76563,AgileEngine,Rosario,,,https://open.app.jobrapido.com/ar/439135407158853632/?w=data%20engineer&l=&oc=sponsored&k=web.1.5.3&uuid=arF001a07564d34b581a&page_item_id=1202013346,Data Engineer,jobrapido,2026-09-06T02:25:38.268411,,,,
6739134724175822848,Senior Software Engineer ID74262,Subway,Rosario,,,https://open.app.jobrapido.com/ar/6739134724175822848/?w=data%20engineer&l=&oc=sponsored&k=web.1.5.4&uuid=arF001a07564d34b581a&page_item_id=-1948159876,Data Engineer,jobrapido,2026-09-06T02:25:38.268921,,,,
2222702043762524160,Data Center Engineer,Sharp Brains,Granadero Baigorria,,,https://open.app.jobrapido.com/ar/2222702043762524160/?w=data%20engineer&l=&oc=sponsored&k=web.1.5.5&uuid=arF001a07564d34b581a&page_item_id=-810277966,Data Engineer,jobrapido,2026-09-06T02:25:38.269406,,,,
3043049868269453312,On-Demand Data Center & Network Technician,Sharp Brains,Granadero Baigorria,,,https://open.app.jobrapido.com/ar/3043049868269453312/?w=data%20engineer&l=&oc=sponsored&k=web.1.5.6&uuid=arF001a07564d34b581a&page_item_id=1351701810,Data Engineer,jobrapido,2026-09-06T02:25:38.269904,,,,
5012665640503214080,Data Engineer,Scale Up Recruiting Partners,Rincón De Los Sauces,,,https://open.app.jobrapido.com/ar/5012665640503214080/?w=data%20engineer&l=&oc=sponsored&k=web.1.5.7&uuid=arF001a07564d34b581a&page_item_id=-153583368,Data Engineer,jobrapido,2026-09-06T02:25:38.270391,,,,
1066294657798897664,Data Engineer,Scale Up Recruiting Partners,Capital Federal,,,https://open.app.jobrapido.com/ar/1066294657798897664/?w=data%20engineer&l=&oc=sponsored&k=web.1.5.8&uuid=arF001a07564d34b581a&page_item_id=-2026666265,Data Engineer,jobrapido,2026-09-06T02:25:38.270878,,,,
1708362994053808128,Data Engineer,Scale Up Recruiting Partners,Córdoba Capital,,,https://open.app.jobrapido.com/ar/1708362994053808128/?w=data%20engineer&l=&oc=sponsored&k=web.1.5.9&uuid=arF001a07564d34b581a&page_item_id=522444025,Data Engineer,jobrapido,2026-09-06T02:25:38.271359,,,,
7457714398115659776,Data Engineer,RYZ Labs,Capital Federal,,,https://open.app.jobrapido.com/ar/7457714398115659776/?w=data%20engineer&l=&oc=sponsored&k=web.1.5.10&uuid=arF001a07564d34b581a&page_item_id=-2106165594,Data Engineer,jobrapido,2026-09-06T02:25:38.271849,,,,
848389474856468480,Data Engineer,Ryz Labs,Esquel,,,https://open.app.jobrapido.com/ar/848389474856468480/?w=data%20engineer&l=&oc=sponsored&k=web.1.5.11&uuid=arF001a07564d34b581a&page_item_id=2022724116,Data Engineer,jobrapido,2026-09-06T02:25:38.272329,,,,
4912248222790975488,Data Engineer,Bbk2brains,Córdoba,,,https://open.app.jobrapido.com/ar/4912248222790975488/?w=data%20engineer&l=&oc=sponsored&k=web.1.5.12&uuid=arF001a07564d34b581a&page_item_id=314024473,Data Engineer,jobrapido,2026-09-06T02:25:38.272815,,,,
7506321608156381184,Data Engineer,Cashea,Capital Federal,,,https://open.app.jobrapido.com/ar/7506321608156381184/?w=data%20engineer&l=&oc=sponsored&k=web.1.5.13&uuid=arF001a07564d34b581a&page_item_id=1562368396,Data Engineer,jobrapido,2026-09-06T02:25:38.273295,,,,
8753053444845076480,Data Engineer (Buenos Aires),Yeah! Global,Capital Federal,,,https://open.app.jobrapido.com/ar/8753053444845076480/?w=data%20engineer&l=&oc=sponsored&k=web.1.5.14&uuid=arF001a07564d34b581a&page_item_id=-1002937579,Data Engineer,jobrapido,2026-09-06T02:25:38.273788,,,,
7336530624548700160,ENT1691 Associate Data Engineer,Assurant,Esquel,,,https://open.app.jobrapido.com/ar/7336530624548700160/?w=data%20engineer&l=&oc=sponsored&k=web.1.5.16&uuid=arF001a07564d34b581a&page_item_id=-1783672860,Data Engineer,jobrapido,2026-09-06T02:25:38.274406,,,,
3645984438208167936,AI Data Engineer Ssr.,Acciona IT,Rincón De Los Sauces,,,https://open.app.jobrapido.com/ar/3645984438208167936/?w=data%20engineer&l=&oc=sponsored&k=web.1.5.17&uuid=arF001a07564d34b581a&page_item_id=2006906093,Data Engineer,jobrapido,2026-09-06T02:25:38.274895,,,,
1562789028925800448,Data Engineer,AccelOne,Capital Federal,,,https://open.app.jobrapido.com/ar/1562789028925800448/?w=data%20engineer&l=&oc=sponsored&k=web.1.5.18&uuid=arF001a07564d34b581a&page_item_id=207070776,Data Engineer,jobrapido,2026-09-06T02:25:38.275387,,,,
6303646102881042432,Data Engineer,Bbk2brains,Jesús María,,,https://open.app.jobrapido.com/ar/6303646102881042432/?w=data%20engineer&l=&oc=sponsored&k=web.1.5.19&uuid=arF001a07564d34b581a&page_item_id=1169078584,Data Engineer,jobrapido,2026-09-06T02:25:38.275922,,,,
1327645548064276480,Full Stack Software Engineer ID85839,"AgileEngine, LLC.",Rosario,,,https://open.app.jobrapido.com/ar/1327645548064276480/?w=software%20engineer&l=&oc=sponsored&k=web.1.1.2&uuid=arF001a07566f1925a98&page_item_id=1457843108,Software Engineer,jobrapido,2026-09-06T02:27:56.819684,,,,
9119623594979098624,Sr. Software Engineer - Java/AWS,Coderio,Rosario,,,https://open.app.jobrapido.com/ar/9119623594979098624/?w=software%20engineer&l=&oc=sponsored&k=web.1.1.3&uuid=arF001a07566f1925a98&page_item_id=-1781732345,Software Engineer,jobrapido,2026-09-06T02:27:56.820189,,,,
3847734050127085568,Remote Software Engineer for AI Training & Code Evaluation,Alignerr,Rosario,,,https://open.app.jobrapido.com/ar/3847734050127085568/?w=software%20engineer&l=&oc=sponsored&k=web.1.1.4&uuid=arF001a07566f1925a98&page_item_id=-792037688,Software Engineer,jobrapido,2026-09-06T02:27:56.820684,,,,
5064667592694693888,Full Stack Software Engineer ID85839,AgileEngine,Rosario,,,https://open.app.jobrapido.com/ar/5064667592694693888/?w=software%20engineer&l=&oc=sponsored&k=web.1.1.5&uuid=arF001a07566f1925a98&page_item_id=-1316651858,Software Engineer,jobrapido,2026-09-06T02:27:56.821168,,,,
4931240482274541568,Full Stack Software Engineer ID85596,AgileEngine,Rosario,,,https://open.app.jobrapido.com/ar/4931240482274541568/?w=software%20engineer&l=&oc=sponsored&k=web.1.1.6&uuid=arF001a07566f1925a98&page_item_id=-405179939,Software Engineer,jobrapido,2026-09-06T02:27:56.821659,,,,
2379734345981100032,Software Engineer - Microsoft Fabric Platform - Senior 2,PwC South Africa,Rosario,,,https://open.app.jobrapido.com/ar/2379734345981100032/?w=software%20engineer&l=&oc=sponsored&k=web.1.1.8&uuid=arF001a07566f1925a98&page_item_id=-557785877,Software Engineer,jobrapido,2026-09-06T02:27:56.822278,,,,
7153769647160950784,AI Principal Software Engineer - US SaaS startup | Remote,Atomic HR,Rosario,,,https://open.app.jobrapido.com/ar/7153769647160950784/?w=software%20engineer&l=&oc=sponsored&k=web.1.1.9&uuid=arF001a07566f1925a98&page_item_id=-276059233,Software Engineer,jobrapido,2026-09-06T02:27:56.822766,,,,
6265197744625811456,Senior Full Stack Engineer - React + Node.js (CRM) - Remote,FullStack,Rosario,,,https://open.app.jobrapido.com/ar/6265197744625811456/?w=software%20engineer&l=&oc=sponsored&k=web.1.1.10&uuid=arF001a07566f1925a98&page_item_id=1404165148,Software Engineer,jobrapido,2026-09-06T02:27:56.823247,,,,
9164286186796089344,"Web React Engineer — TypeScript, AI Tools, Remote & Flexible",AgileEngine,Rosario,,,https://open.app.jobrapido.com/ar/9164286186796089344/?w=software%20engineer&l=&oc=sponsored&k=web.1.1.11&uuid=arF001a07566f1925a98&page_item_id=127132811,Software Engineer,jobrapido,2026-09-06T02:27:56.823738,,,,
6228642917192302592,"Senior Cloud Engineer: AWS, CI/CD, Docker & Kubernetes",Buildee,Rosario,,,https://open.app.jobrapido.com/ar/6228642917192302592/?w=software%20engineer&l=&oc=sponsored&k=web.1.1.12&uuid=arF001a07566f1925a98&page_item_id=2111925301,Software Engineer,jobrapido,2026-09-06T02:27:56.824218,,,,
3394755050692673536,Cloud Engineer Senior,Staffed,Rosario,,,https://open.app.jobrapido.com/ar/3394755050692673536/?w=software%20engineer&l=&oc=sponsored&k=web.1.1.13&uuid=arF001a07566f1925a98&page_item_id=1651370000,Software Engineer,jobrapido,2026-09-06T02:27:56.824702,,,,
6184743815941718016,Remote Senior Full-Stack Engineer (Node + Vue),FullStack,Rosario,,,https://open.app.jobrapido.com/ar/6184743815941718016/?w=software%20engineer&l=&oc=sponsored&k=web.1.1.14&uuid=arF001a07566f1925a98&page_item_id=1059027431,Software Engineer,jobrapido,2026-09-06T02:27:56.825181,,,,
2577771731766738944,Senior AppSec Engineer: AI-Driven Secure Coding & CI/CD,AgileEngine,Rosario,,,https://open.app.jobrapido.com/ar/2577771731766738944/?w=software%20engineer&l=&oc=sponsored&k=web.1.1.15&uuid=arF001a07566f1925a98&page_item_id=108399474,Software Engineer,jobrapido,2026-09-06T02:27:56.825666,,,,
7415915364074127360,Senior QA Automation Engineer — Serverless API Testing,AgileEngine,Rosario,,,https://open.app.jobrapido.com/ar/7415915364074127360/?w=software%20engineer&l=&oc=sponsored&k=web.1.1.16&uuid=arF001a07566f1925a98&page_item_id=1705717929,Software Engineer,jobrapido,2026-09-06T02:27:56.826149,,,,
5967251619874603008,Senior AppSec Engineer ID71672,AgileEngine,Rosario,,,https://open.app.jobrapido.com/ar/5967251619874603008/?w=software%20engineer&l=&oc=sponsored&k=web.1.1.17&uuid=arF001a07566f1925a98&page_item_id=-1661793529,Software Engineer,jobrapido,2026-09-06T02:27:56.826634,,,,
526721695973638144,Senior Quality Engineer ID84192,"AgileEngine, LLC.",Rosario,,,https://open.app.jobrapido.com/ar/526721695973638144/?w=software%20engineer&l=&oc=sponsored&k=web.1.1.19&uuid=arF001a07566f1925a98&page_item_id=-1524161065,Software Engineer,jobrapido,2026-09-06T02:27:56.827254,,,,
2690154739387072512,Senior/Lead AppSec Engineer ID71672,"AgileEngine, LLC.",Rosario,,,https://open.app.jobrapido.com/ar/2690154739387072512/?w=software%20engineer&l=&oc=sponsored&k=web.1.2.5&uuid=arF001a075687a4e5c57&page_item_id=-787475829,Software Engineer,jobrapido,2026-09-06T02:29:37.418474,,,,
7933961262617067520,AppSec Engineer ID71671,AgileEngine,Rosario,,,https://open.app.jobrapido.com/ar/7933961262617067520/?w=software%20engineer&l=&oc=sponsored&k=web.1.2.7&uuid=arF001a075687a4e5c57&page_item_id=-257160305,Software Engineer,jobrapido,2026-09-06T02:29:37.419132,,,,
5276628300381290496,Senior Full Stack Engineer ID82556,"AgileEngine, LLC.",Rosario,,,https://open.app.jobrapido.com/ar/5276628300381290496/?w=software%20engineer&l=&oc=sponsored&k=web.1.2.11&uuid=arF001a075687a4e5c57&page_item_id=1271012604,Software Engineer,jobrapido,2026-09-06T02:29:37.420068,,,,
3444339090915328000,Anuncios Google,PwC South Africa,Rosario,,,https://open.app.jobrapido.com/ar/3444339090915328000/?w=software%20engineer&l=&oc=sponsored&k=web.1.3.0&uuid=arF001a07568d9e05cad&page_item_id=-1492435948,Software Engineer,jobrapido,2026-09-06T02:30:01.707037,,,,
7134438858355113984,Tech Lead - Node.js - US SaaS startup | Remote,Atomic HR,Rosario,,,https://open.app.jobrapido.com/ar/7134438858355113984/?w=software%20engineer&l=&oc=sponsored&k=web.1.3.4&uuid=arF001a07568d9e05cad&page_item_id=-1157763074,Software Engineer,jobrapido,2026-09-06T02:30:01.708055,,,,
1223715036082470912,Node.JS Engineer - US SaaS startup | Remote,Atomic HR,Rosario,,,https://open.app.jobrapido.com/ar/1223715036082470912/?w=software%20engineer&l=&oc=sponsored&k=web.1.3.5&uuid=arF001a07568d9e05cad&page_item_id=1488429232,Software Engineer,jobrapido,2026-09-06T02:30:01.708662,,,,
4294969046199173120,Senior/Lead Full Stack Engineer ID79143,AgileEngine,Rosario,,,https://open.app.jobrapido.com/ar/4294969046199173120/?w=software%20engineer&l=&oc=sponsored&k=web.1.3.7&uuid=arF001a07568d9e05cad&page_item_id=-1786767711,Software Engineer,jobrapido,2026-09-06T02:30:01.709416,,,,
7114781583315304448,Senior Backend Engineer ID84684,AgileEngine,Rosario,,,https://open.app.jobrapido.com/ar/7114781583315304448/?w=software%20engineer&l=&oc=sponsored&k=web.1.3.8&uuid=arF001a07568d9e05cad&page_item_id=356106642,Software Engineer,jobrapido,2026-09-06T02:30:01.709917,,,,
553322180784422912,DevOps / Site Reliability Engineer ID70127,AgileEngine,Rosario,,,https://open.app.jobrapido.com/ar/553322180784422912/?w=software%20engineer&l=&oc=sponsored&k=web.1.3.9&uuid=arF001a07568d9e05cad&page_item_id=165103734,Software Engineer,jobrapido,2026-09-06T02:30:01.710410,,,,
8979421568786497536,Senior Java Engineer ID84680,AgileEngine,Rosario,,,https://open.app.jobrapido.com/ar/8979421568786497536/?w=software%20engineer&l=&oc=sponsored&k=web.1.3.13&uuid=arF001a07568d9e05cad&page_item_id=-118521104,Software Engineer,jobrapido,2026-09-06T02:30:01.711334,,,,
1029805938502008832,Senior Software Engineer ID74260,AgileEngine,Rosario,,,https://open.app.jobrapido.com/ar/1029805938502008832/?w=software%20engineer&l=&oc=sponsored&k=web.1.4.5&uuid=arF001a075699d9f5d64&page_item_id=270990701,Software Engineer,jobrapido,2026-09-06T02:30:52.051625,,,,
6401484959667716096,Senior Software Engineer ID72455,AgileEngine,Rosario,,,https://open.app.jobrapido.com/ar/6401484959667716096/?w=software%20engineer&l=&oc=sponsored&k=web.1.4.6&uuid=arF001a075699d9f5d64&page_item_id=-1683884843,Software Engineer,jobrapido,2026-09-06T02:30:52.052163,,,,
8312777068886622208,Software Engineer (Web) ID76971,AgileEngine,Rosario,,,https://open.app.jobrapido.com/ar/8312777068886622208/?w=software%20engineer&l=&oc=sponsored&k=web.1.4.8&uuid=arF001a075699d9f5d64&page_item_id=-181896711,Software Engineer,jobrapido,2026-09-06T02:30:52.052837,,,,
6543246797723140096,Senior Software Engineer (Mobile) ID74260,AgileEngine,Rosario,,,https://open.app.jobrapido.com/ar/6543246797723140096/?w=software%20engineer&l=&oc=sponsored&k=web.1.4.11&uuid=arF001a075699d9f5d64&page_item_id=1171596636,Software Engineer,jobrapido,2026-09-06T02:30:52.053664,,,,
3353770205011509248,Senior Agentic AI Software Engineer ID81654,AgileEngine,Rosario,,,https://open.app.jobrapido.com/ar/3353770205011509248/?w=software%20engineer&l=&oc=sponsored&k=web.1.4.12&uuid=arF001a075699d9f5d64&page_item_id=1552460292,Software Engineer,jobrapido,2026-09-06T02:30:52.054181,,,,
306698166441345024,Tech Lead Security Software Engineer ID80140,AgileEngine,Rosario,,,https://open.app.jobrapido.com/ar/306698166441345024/?w=software%20engineer&l=&oc=sponsored&k=web.1.4.13&uuid=arF001a075699d9f5d64&page_item_id=-932869770,Software Engineer,jobrapido,2026-09-06T02:30:52.054701,,,,
4935932390448037888,Senior Software Engineer (Control Plane + Orchestration) - Remote - Latin America,FullStack,Rosario,,,https://open.app.jobrapido.com/ar/4935932390448037888/?w=software%20engineer&l=&oc=sponsored&k=web.1.4.14&uuid=arF001a075699d9f5d64&page_item_id=-922874312,Software Engineer,jobrapido,2026-09-06T02:30:52.055218,,,,
5591680214720577536,Senior Infrastructure Engineer ID82552,AgileEngine,Rosario,,,https://open.app.jobrapido.com/ar/5591680214720577536/?w=software%20engineer&l=&oc=sponsored&k=web.1.5.0&uuid=arF001a0756a5c335df7&page_item_id=-1871430567,Software Engineer,jobrapido,2026-09-06T02:31:40.951775,,,,
3169984963823009792,DevOps Engineer ID83107,AgileEngine,Rosario,,,https://open.app.jobrapido.com/ar/3169984963823009792/?w=software%20engineer&l=&oc=sponsored&k=web.1.5.1&uuid=arF001a0756a5c335df7&page_item_id=-913654470,Software Engineer,jobrapido,2026-09-06T02:31:40.952323,,,,
4749269813228994560,Senior Site Reliability Engineer ID82562,AgileEngine,Rosario,,,https://open.app.jobrapido.com/ar/4749269813228994560/?w=software%20engineer&l=&oc=sponsored&k=web.1.5.4&uuid=arF001a0756a5c335df7&page_item_id=260734160,Software Engineer,jobrapido,2026-09-06T02:31:40.953124,,,,
8076722677001224192,Senior Mobile Engineer ID82572,AgileEngine,Rosario,,,https://open.app.jobrapido.com/ar/8076722677001224192/?w=software%20engineer&l=&oc=sponsored&k=web.1.5.6&uuid=arF001a0756a5c335df7&page_item_id=1025768313,Software Engineer,jobrapido,2026-09-06T02:31:40.953759,,,,
6660203430117638144,Senior Site Reliability Engineer ID82566,AgileEngine,Rosario,,,https://open.app.jobrapido.com/ar/6660203430117638144/?w=software%20engineer&l=&oc=sponsored&k=web.1.5.7&uuid=arF001a0756a5c335df7&page_item_id=-1547387445,Software Engineer,jobrapido,2026-09-06T02:31:40.954247,,,,
5012730391430168576,Senior Full Stack Engineer ID82556,AgileEngine,Rosario,,,https://open.app.jobrapido.com/ar/5012730391430168576/?w=software%20engineer&l=&oc=sponsored&k=web.1.5.9&uuid=arF001a0756a5c335df7&page_item_id=-733592929,Software Engineer,jobrapido,2026-09-06T02:31:40.954875,,,,
1215347907213918208,Platform Engineer ID82552,AgileEngine,Rosario,,,https://open.app.jobrapido.com/ar/1215347907213918208/?w=software%20engineer&l=&oc=sponsored&k=web.1.5.10&uuid=arF001a0756a5c335df7&page_item_id=-2113376861,Software Engineer,jobrapido,2026-09-06T02:31:40.955356,,,,
4201833075522404352,Mobile Engineer ID74264,AgileEngine,Rosario,,,https://open.app.jobrapido.com/ar/4201833075522404352/?w=software%20engineer&l=&oc=sponsored&k=web.1.5.16&uuid=arF001a0756a5c335df7&page_item_id=-1935043726,Software Engineer,jobrapido,2026-09-06T02:31:40.956527,,,,
3480160372294418432,Senior Full Stack Engineer ID78855,AgileEngine,Rosario,,,https://open.app.jobrapido.com/ar/3480160372294418432/?w=software%20engineer&l=&oc=sponsored&k=web.1.5.17&uuid=arF001a0756a5c335df7&page_item_id=-733769463,Software Engineer,jobrapido,2026-09-06T02:31:40.957007,,,,
3705923438423048192,Senior Python Engineer,Miratech,Rosario,,,https://open.app.jobrapido.com/ar/3705923438423048192/?w=python&l=&oc=sponsored&k=web.1.1.0&uuid=arF001a0756b60d15ed5&page_item_id=-1138578817,Python Developer,jobrapido,2026-09-06T02:32:47.569007,,,,
8284025819072823296,Desarrollador/a Fullstack (React + Python),Aliancers,Rosario,,,https://open.app.jobrapido.com/ar/8284025819072823296/?w=python&l=&oc=sponsored&k=web.1.1.1&uuid=arF001a0756b60d15ed5&page_item_id=-1330404836,Python Developer,jobrapido,2026-09-06T02:32:47.569561,,,,
8297758375706361856,Senior Full Stack Engineer — Python/React (Remote),AgileEngine,Rosario,,,https://open.app.jobrapido.com/ar/8297758375706361856/?w=python&l=&oc=sponsored&k=web.1.1.3&uuid=arF001a0756b60d15ed5&page_item_id=-166907961,Python Developer,jobrapido,2026-09-06T02:32:47.570189,,,,
2058883607316922368,Senior Python Engineer - Real-Time Voice on AWS,Miratech,Rosario,,,https://open.app.jobrapido.com/ar/2058883607316922368/?w=python&l=&oc=sponsored&k=web.1.1.4&uuid=arF001a0756b60d15ed5&page_item_id=1045707288,Python Developer,jobrapido,2026-09-06T02:32:47.570685,,,,
7261796819208765440,Remote DevSecOps Engineer (Python) — CI/CD Security & Remediation,AgileEngine,Rosario,,,https://open.app.jobrapido.com/ar/7261796819208765440/?w=python&l=&oc=sponsored&k=web.1.1.5&uuid=arF001a0756b60d15ed5&page_item_id=-927035682,Python Developer,jobrapido,2026-09-06T02:32:47.571174,,,,
5242644783968550912,"Senior Python/Flask+React Fullstack Engineer - Remote, Latin America",Bluelight,Rosario,,,https://open.app.jobrapido.com/ar/5242644783968550912/?w=python&l=&oc=sponsored&k=web.1.1.8&uuid=arF001a0756b60d15ed5&page_item_id=1870014785,Python Developer,jobrapido,2026-09-06T02:32:47.571935,,,,
432791585843838976,Senior Python/React Full-Stack Engineer — Impact & Growth,Bluelight,Rosario,,,https://open.app.jobrapido.com/ar/432791585843838976/?w=python&l=&oc=sponsored&k=web.1.1.12&uuid=arF001a0756b60d15ed5&page_item_id=1311776769,Python Developer,jobrapido,2026-09-06T02:32:47.572832,,,,
2148329479531921408,Technical Lead - Remote AI-Powered Marketing Platform,"AgileEngine, LLC.",Rosario,,,https://open.app.jobrapido.com/ar/2148329479531921408/?w=python&l=&oc=sponsored&k=web.1.1.14&uuid=arF001a0756b60d15ed5&page_item_id=1585720906,Python Developer,jobrapido,2026-09-06T02:32:47.573448,,,,
1402503477959065600,"Senior AppSec Engineer - Remote, AI-Driven Secure Coding","AgileEngine, LLC.",Rosario,,,https://open.app.jobrapido.com/ar/1402503477959065600/?w=python&l=&oc=sponsored&k=web.1.1.15&uuid=arF001a0756b60d15ed5&page_item_id=1468114560,Python Developer,jobrapido,2026-09-06T02:32:47.573932,,,,
4985706646182297600,"Technical Lead, AI-Driven Marketing Platform",AgileEngine,Rosario,,,https://open.app.jobrapido.com/ar/4985706646182297600/?w=python&l=&oc=sponsored&k=web.1.1.17&uuid=arF001a0756b60d15ed5&page_item_id=-1098126834,Python Developer,jobrapido,2026-09-06T02:32:47.574550,,,,
7942257747863535616,Fullstack Developer,Fligoo,Rosario,,,https://open.app.jobrapido.com/ar/7942257747863535616/?w=python&l=&oc=sponsored&k=web.1.2.5&uuid=arF001a0756c67275f8f&page_item_id=1334104128,Python Developer,jobrapido,2026-09-06T02:33:54.824952,,,,
6396353470181408768,Automation Specialist,Scale Up Recruiting Partners,Rosario,,,https://open.app.jobrapido.com/ar/6396353470181408768/?w=python&l=&oc=sponsored&k=web.1.2.6&uuid=arF001a0756c67275f8f&page_item_id=2137614119,Python Developer,jobrapido,2026-09-06T02:33:54.825783,,,,
1132232644994531328,Automation Engineer - SaaS StartUp,Scale Up Recruiting Partners,Rosario,,,https://open.app.jobrapido.com/ar/1132232644994531328/?w=python&l=&oc=sponsored&k=web.1.2.7&uuid=arF001a0756c67275f8f&page_item_id=-1804420579,Python Developer,jobrapido,2026-09-06T02:33:54.826305,,,,
8109424953129959424,JSOC - Cybersecurity Specialist - Incident Response,Questrade Financial Group,Rosario,,,https://open.app.jobrapido.com/ar/8109424953129959424/?w=python&l=&oc=sponsored&k=web.1.2.11&uuid=arF001a0756c67275f8f&page_item_id=-542938178,Python Developer,jobrapido,2026-09-06T02:33:54.827293,,,,
8457003960471912448,Analista de Monitoreo & Observabilidad ID #00247 - Buenos Aires - Rosario,Werben HR,Rosario,,,https://open.app.jobrapido.com/ar/8457003960471912448/?w=python&l=&oc=sponsored&k=web.1.3.12&uuid=arF001a0756cd8a85fca&page_item_id=-1308635206,Python Developer,jobrapido,2026-09-06T02:34:23.835022,,,,
4271207242713268224,Desarrollador/a Backend,Findme,Rosario,,,https://open.app.jobrapido.com/ar/4271207242713268224/?w=python&l=&oc=sponsored&k=web.1.3.13&uuid=arF001a0756cd8a85fca&page_item_id=226388468,Python Developer,jobrapido,2026-09-06T02:34:23.835566,,,,
6821661395487031296,Consultor Funcional Odoo & Automatización con IA,Madia Desarrollo Humano,Rosario,,,https://open.app.jobrapido.com/ar/6821661395487031296/?w=python&l=&oc=sponsored&k=web.1.4.8&uuid=arF001a0756d197e5fd9&page_item_id=-2053350874,Python Developer,jobrapido,2026-09-06T02:34:40.285065,,,,
4716508335271051264,Marketing Technologist | Regulated DTC Consumer Brand,Atomic HR,Rosario,,,https://open.app.jobrapido.com/ar/4716508335271051264/?w=python&l=&oc=sponsored&k=web.1.4.12&uuid=arF001a0756d197e5fd9&page_item_id=-1759194868,Python Developer,jobrapido,2026-09-06T02:34:40.286063,,,,
8217718189811826688,AI Platform Tech Lead ID84742,AgileEngine,Rosario,,,https://open.app.jobrapido.com/ar/8217718189811826688/?w=python&l=&oc=sponsored&k=web.1.4.13&uuid=arF001a0756d197e5fd9&page_item_id=-1870147322,Python Developer,jobrapido,2026-09-06T02:34:40.286592,,,,
388968127557271552,Python Engineer (AppSec) ID71670,AgileEngine,Rosario,,,https://open.app.jobrapido.com/ar/388968127557271552/?w=python&l=&oc=sponsored&k=web.1.4.14&uuid=arF001a0756d197e5fd9&page_item_id=-1426955434,Python Developer,jobrapido,2026-09-06T02:34:40.287112,,,,
5787064478948392960,Senior/Lead AppSec Engineer ID71672,AgileEngine,Rosario,,,https://open.app.jobrapido.com/ar/5787064478948392960/?w=python&l=&oc=sponsored&k=web.1.5.4&uuid=arF001a0756d896f6041&page_item_id=1459057009,Python Developer,jobrapido,2026-09-06T02:35:08.966903,,,,
5013144821414494208,Analista Técnico Funcional BI,LA VIRGINIA,Rosario,,,https://open.app.jobrapido.com/ar/5013144821414494208/?w=python&l=&oc=sponsored&k=web.1.5.6&uuid=arF001a0756d896f6041&page_item_id=1524830030,Python Developer,jobrapido,2026-09-06T02:35:08.967602,,,,
8007029153222098944,Remote AI/ML Engineer: Build Production AI Systems,FullStack,Rosario,,,https://open.app.jobrapido.com/ar/8007029153222098944/?w=python&l=&oc=sponsored&k=web.1.5.8&uuid=arF001a0756d896f6041&page_item_id=-1087247748,Python Developer,jobrapido,2026-09-06T02:35:08.968280,,,,
7307662792142618624,Remote AI/ML Engineer: Build Production AI Systems,FullStack,Rosario,,,https://open.app.jobrapido.com/ar/7307662792142618624/?w=python&l=&oc=sponsored&k=web.1.5.9&uuid=arF001a0756d896f6041&page_item_id=1031786873,Python Developer,jobrapido,2026-09-06T02:35:08.968810,,,,
797410068478820352,Detection Researcher: Coding-Focused Security Analysis,Zimperium,Rosario,,,https://open.app.jobrapido.com/ar/797410068478820352/?w=python&l=&oc=sponsored&k=web.1.5.11&uuid=arF001a0756d896f6041&page_item_id=-808647755,Python Developer,jobrapido,2026-09-06T02:35:08.969481,,,,
3831876738812477440,"QA Analyst SRR - Rosario, Santa Fe",METRA hr,Rosario,,,https://open.app.jobrapido.com/ar/3831876738812477440/?w=desarrollador%20backend&l=&oc=sponsored&k=web.1.1.1&uuid=arF001a0756e2bdf6098&page_item_id=459412015,Desarrollador Backend,jobrapido,2026-09-06T02:35:50.826850,,,,
8582622133153169408,Desarrollador Backend,Universidad de Palermo,Capital Federal,,,https://open.app.jobrapido.com/ar/8582622133153169408/?w=desarrollador%20backend&l=&oc=sponsored&k=web.1.1.2&uuid=arF001a0756e2bdf6098&page_item_id=1105777700,Desarrollador Backend,jobrapido,2026-09-06T02:35:50.827372,,,,
8947491811245424640,DESARROLLADOR BackEnd,Boldt,Capital Federal,,,https://open.app.jobrapido.com/ar/8947491811245424640/?w=desarrollador%20backend&l=&oc=sponsored&k=web.1.1.3&uuid=arF001a0756e2bdf6098&page_item_id=1945806147,Desarrollador Backend,jobrapido,2026-09-06T02:35:50.827870,,,,
2923272971369840640,Desarrollador Backend Java Senior,Nonconformist,Capital Federal,,,https://open.app.jobrapido.com/ar/2923272971369840640/?w=desarrollador%20backend&l=&oc=sponsored&k=web.1.1.4&uuid=arF001a0756e2bdf6098&page_item_id=486689641,Desarrollador Backend,jobrapido,2026-09-06T02:35:50.828358,,,,
4994298006703439872,Desarrollador/a Backend Python,Credencial Payments,Capital Federal,,,https://open.app.jobrapido.com/ar/4994298006703439872/?w=desarrollador%20backend&l=&oc=sponsored&k=web.1.1.5&uuid=arF001a0756e2bdf6098&page_item_id=956046703,Desarrollador Backend,jobrapido,2026-09-06T02:35:50.828851,,,,
7563414230464987136,Desarrollador/a Backend Ssr.,Grupo ST,Capital Federal,,,https://open.app.jobrapido.com/ar/7563414230464987136/?w=desarrollador%20backend&l=&oc=sponsored&k=web.1.1.6&uuid=arF001a0756e2bdf6098&page_item_id=1230146576,Desarrollador Backend,jobrapido,2026-09-06T02:35:50.829336,,,,
6284165436896444416,Desarrollador/a Backend Java SSR,Infosis,Capital Federal,,,https://open.app.jobrapido.com/ar/6284165436896444416/?w=desarrollador%20backend&l=&oc=sponsored&k=web.1.1.7&uuid=arF001a0756e2bdf6098&page_item_id=-907840552,Desarrollador Backend,jobrapido,2026-09-06T02:35:50.829824,,,,
782485503801819136,Desarrollador/a Backend Ssr.,Cosys Global,Capital Federal,,,https://open.app.jobrapido.com/ar/782485503801819136/?w=desarrollador%20backend&l=&oc=sponsored&k=web.1.1.8&uuid=arF001a0756e2bdf6098&page_item_id=-686904242,Desarrollador Backend,jobrapido,2026-09-06T02:35:50.830305,,,,
299621743964717056,Desarrollador Backend Java - Referente técnico,ThinkBig HR,Capital Federal,,,https://open.app.jobrapido.com/ar/299621743964717056/?w=desarrollador%20backend&l=&oc=sponsored&k=web.1.1.9&uuid=arF001a0756e2bdf6098&page_item_id=230455549,Desarrollador Backend,jobrapido,2026-09-06T02:35:50.830793,,,,
2241071155031048192,Desarrollador Backend – Golang / Microservicios / APIs REST (Remoto) | 202722,Talent Connect,Capital Federal,,,https://open.app.jobrapido.com/ar/2241071155031048192/?w=desarrollador%20backend&l=&oc=sponsored&k=web.1.1.10&uuid=arF001a0756e2bdf6098&page_item_id=-690744505,Desarrollador Backend,jobrapido,2026-09-06T02:35:50.831282,,,,
8945503782553255936,Desarrollador Backend (SSR) – Computer Vision & AI / Python / Azure (Híbrido),Talent Connect,Capital Federal,,,https://open.app.jobrapido.com/ar/8945503782553255936/?w=desarrollador%20backend&l=&oc=sponsored&k=web.1.1.11&uuid=arF001a0756e2bdf6098&page_item_id=-980798355,Desarrollador Backend,jobrapido,2026-09-06T02:35:50.831778,,,,
29951682435612672,Desarrollador Backend - NODE JS - Córdoba excluyente-POSICIÓN CUBIERTA,Idearhumano,Córdoba,,,https://open.app.jobrapido.com/ar/29951682435612672/?w=desarrollador%20backend&l=&oc=sponsored&k=web.1.1.12&uuid=arF001a0756e2bdf6098&page_item_id=-656929547,Desarrollador Backend,jobrapido,2026-09-06T02:35:50.832264,,,,
8632384036561485824,"Desarrollador Backend (SR) – Node.js / Java Spring Boot (Híbrido, CABA) | 185131",Talent Connect,Capital Federal,,,https://open.app.jobrapido.com/ar/8632384036561485824/?w=desarrollador%20backend&l=&oc=sponsored&k=web.1.1.13&uuid=arF001a0756e2bdf6098&page_item_id=-1724443652,Desarrollador Backend,jobrapido,2026-09-06T02:35:50.832758,,,,
7685762575824322560,Desarrollador Backend (SSR) – Computer Vision & AI / Python / Azure OpenAI,Talent Connect,Capital Federal,,,https://open.app.jobrapido.com/ar/7685762575824322560/?w=desarrollador%20backend&l=&oc=sponsored&k=web.1.1.14&uuid=arF001a0756e2bdf6098&page_item_id=-427051419,Desarrollador Backend,jobrapido,2026-09-06T02:35:50.833242,,,,
1916602181297897472,Desarrollador/a Backend Senior (Node.js/Nest.js),Coderio,Rincón De Los Sauces,,,https://open.app.jobrapido.com/ar/1916602181297897472/?w=desarrollador%20backend&l=&oc=sponsored&k=web.1.1.15&uuid=arF001a0756e2bdf6098&page_item_id=-1734353080,Desarrollador Backend,jobrapido,2026-09-06T02:35:50.833731,,,,
5487004508733046784,"Desarrollador Backend Senior NodeJS, APIs y Cloud (Remote)",Coderio,Rincón De Los Sauces,,,https://open.app.jobrapido.com/ar/5487004508733046784/?w=desarrollador%20backend&l=&oc=sponsored&k=web.1.1.16&uuid=arF001a0756e2bdf6098&page_item_id=-1570104381,Desarrollador Backend,jobrapido,2026-09-06T02:35:50.834214,,,,
5148661914460487680,"Desarrollador Backend Senior: Smalltalk, REST y APIs",Werben HR,Vicente López,,,https://open.app.jobrapido.com/ar/5148661914460487680/?w=desarrollador%20backend&l=&oc=sponsored&k=web.1.1.17&uuid=arF001a0756e2bdf6098&page_item_id=-544045873,Desarrollador Backend,jobrapido,2026-09-06T02:35:50.834703,,,,
9084348186763460608,Desarrollador/a Backend GO SSR ID #00267,Werben HR,Capital Federal,,,https://open.app.jobrapido.com/ar/9084348186763460608/?w=desarrollador%20backend&l=&oc=sponsored&k=web.1.1.18&uuid=arF001a0756e2bdf6098&page_item_id=1267444251,Desarrollador Backend,jobrapido,2026-09-06T02:35:50.835184,,,,
2002941185840119808,Desarrollador Backend (PL/SQL) Ssr - POSICIÓN CUBIERTA,Idearhumano,Córdoba,,,https://open.app.jobrapido.com/ar/2002941185840119808/?w=desarrollador%20backend&l=&oc=sponsored&k=web.1.1.19&uuid=arF001a0756e2bdf6098&page_item_id=1300631166,Desarrollador Backend,jobrapido,2026-09-06T02:35:50.835671,,,,
5170388444613967872,Desarrollador BackEnd – PHP (Jr / Ssr / Sr) Presencial Córdoba-POSICIÓN CUBIERTA,Idearhumano,Córdoba,,,https://open.app.jobrapido.com/ar/5170388444613967872/?w=desarrollador%20backend&l=&oc=sponsored&k=web.1.2.5&uuid=arF001a0757016796210&page_item_id=618607219,Desarrollador Backend,jobrapido,2026-09-06T02:37:56.256117,,,,
1869243191832608768,Senior Backend Architect & Tech Lead,Werben HR,Capital Federal,,,https://open.app.jobrapido.com/ar/1869243191832608768/?w=desarrollador%20backend&l=&oc=sponsored&k=web.1.2.6&uuid=arF001a0757016796210&page_item_id=670014861,Desarrollador Backend,jobrapido,2026-09-06T02:37:56.256661,,,,
8827045406253776896,Backend Senior Engineer: Lidera Arquitectura y Rendimiento,Werben HR,Capital Federal,,,https://open.app.jobrapido.com/ar/8827045406253776896/?w=desarrollador%20backend&l=&oc=sponsored&k=web.1.2.7&uuid=arF001a0757016796210&page_item_id=-1116798566,Desarrollador Backend,jobrapido,2026-09-06T02:37:56.257180,,,,
5941962852435755008,Senior Backend Engineer (Java) – End-to-End Ownership,Despegar,Capital Federal,,,https://open.app.jobrapido.com/ar/5941962852435755008/?w=desarrollador%20backend&l=&oc=sponsored&k=web.1.2.8&uuid=arF001a0757016796210&page_item_id=-698477287,Desarrollador Backend,jobrapido,2026-09-06T02:37:56.257706,,,,
6917938215617822720,"Ingeniero Backend Node.js y TypeScript — Remoto, Freelance",Join Ready,Capital Federal,,,https://open.app.jobrapido.com/ar/6917938215617822720/?w=desarrollador%20backend&l=&oc=sponsored&k=web.1.2.9&uuid=arF001a0757016796210&page_item_id=250244880,Desarrollador Backend,jobrapido,2026-09-06T02:37:56.258229,,,,
3444098933524004864,Senior Backend Go Engineer – Microservicios (Remoto),Talent Connect,Capital Federal,,,https://open.app.jobrapido.com/ar/3444098933524004864/?w=desarrollador%20backend&l=&oc=sponsored&k=web.1.2.10&uuid=arF001a0757016796210&page_item_id=2040943225,Desarrollador Backend,jobrapido,2026-09-06T02:37:56.258755,,,,
421059882674814976,Desarrollador Java Sr.,Interinnovacion-talent,Capital Federal,,,https://open.app.jobrapido.com/ar/421059882674814976/?w=desarrollador%20backend&l=&oc=sponsored&k=web.1.2.11&uuid=arF001a0757016796210&page_item_id=-794773631,Desarrollador Backend,jobrapido,2026-09-06T02:37:56.259270,,,,
8597904777843572736,Desarrollador Full Stack Junior (Presencial),Julio Bellone y Asociados,Córdoba Capital,,,https://open.app.jobrapido.com/ar/8597904777843572736/?w=desarrollador%20backend&l=&oc=sponsored&k=web.1.2.12&uuid=arF001a0757016796210&page_item_id=1693154630,Desarrollador Backend,jobrapido,2026-09-06T02:37:56.259793,,,,
7933321398389309440,Backend Dev SR/lead (Colombia),Werben HR,Capital Federal,,,https://open.app.jobrapido.com/ar/7933321398389309440/?w=desarrollador%20backend&l=&oc=sponsored&k=web.1.2.13&uuid=arF001a0757016796210&page_item_id=-1966286721,Desarrollador Backend,jobrapido,2026-09-06T02:37:56.260318,,,,
885369675850973184,Backend Dev SR (Colombia),Werben HR,Capital Federal,,,https://open.app.jobrapido.com/ar/885369675850973184/?w=desarrollador%20backend&l=&oc=sponsored&k=web.1.2.14&uuid=arF001a0757016796210&page_item_id=806993139,Desarrollador Backend,jobrapido,2026-09-06T02:37:56.260808,,,,
2074232239884861440,SEO|ME - Desarrollador Ssr java + Drools,Huenei IT Services,Remoto,,,https://open.app.jobrapido.com/ar/2074232239884861440/?w=desarrollador%20backend&l=&oc=sponsored&k=web.1.3.0&uuid=arF001a0757108ff62cd&page_item_id=-1970522133,Desarrollador Backend,jobrapido,2026-09-06T02:38:58.350583,,,,
8580008576834076672,Senior Fullstack Developer,Puntorojo,Remoto,,,https://open.app.jobrapido.com/ar/8580008576834076672/?w=desarrollador%20backend&l=&oc=sponsored&k=web.1.3.1&uuid=arF001a0757108ff62cd&page_item_id=2001998834,Desarrollador Backend,jobrapido,2026-09-06T02:38:58.351146,,,,
4682350237027663872,Fullstack Engineer - Backend Oriented,Jobtailor,Capital Federal,,,https://open.app.jobrapido.com/ar/4682350237027663872/?w=desarrollador%20backend&l=&oc=sponsored&k=web.1.3.2&uuid=arF001a0757108ff62cd&page_item_id=-1319379474,Desarrollador Backend,jobrapido,2026-09-06T02:38:58.351637,,,,
2055411744733396992,Líder de Desarrollo / Tech Lead de IA,CTL Information Technology,Capital Federal,,,https://open.app.jobrapido.com/ar/2055411744733396992/?w=desarrollador%20backend&l=&oc=sponsored&k=web.1.3.3&uuid=arF001a0757108ff62cd&page_item_id=-1629984196,Desarrollador Backend,jobrapido,2026-09-06T02:38:58.352125,,,,
3398290530331787264,Mobile iOS Developer - Semi Senior,Jobtailor,Capital Federal,,,https://open.app.jobrapido.com/ar/3398290530331787264/?w=desarrollador%20backend&l=&oc=sponsored&k=web.1.3.4&uuid=arF001a0757108ff62cd&page_item_id=-937912997,Desarrollador Backend,jobrapido,2026-09-06T02:38:58.352616,,,,
3098160320221282304,Desarrollador Backend.NET Sr,Bumeran Selecta,Capital Federal (Palermo),,,https://open.app.jobrapido.com/ar/3098160320221282304/?w=desarrollador%20backend&l=&oc=sponsored&k=web.1.3.5&uuid=arF001a0757108ff62cd&page_item_id=540015269,Desarrollador Backend,jobrapido,2026-09-06T02:38:58.353101,,,,
4786139307146477568,Desarrollador Fullstack Senior,ITSM Consulting,Capital Federal,,,https://open.app.jobrapido.com/ar/4786139307146477568/?w=desarrollador%20backend&l=&oc=sponsored&k=web.1.3.6&uuid=arF001a0757108ff62cd&page_item_id=-153630244,Desarrollador Backend,jobrapido,2026-09-06T02:38:58.353590,,,,
2873871278278705152,Desarrollador Fullstack Ssr,ITSM Consulting,Capital Federal,,,https://open.app.jobrapido.com/ar/2873871278278705152/?w=desarrollador%20backend&l=&oc=sponsored&k=web.1.3.7&uuid=arF001a0757108ff62cd&page_item_id=1398639119,Desarrollador Backend,jobrapido,2026-09-06T02:38:58.354073,,,,
4091563397970132992,Technical Lead Backend Cripto,Ualá,Remoto,,,https://open.app.jobrapido.com/ar/4091563397970132992/?w=desarrollador%20backend&l=&oc=sponsored&k=web.1.3.8&uuid=arF001a0757108ff62cd&page_item_id=-40160114,Desarrollador Backend,jobrapido,2026-09-06T02:38:58.354559,,,,
4110536965756026880,Fullstack Developer - Argentina,Puntorojo,Remoto,,,https://open.app.jobrapido.com/ar/4110536965756026880/?w=desarrollador%20backend&l=&oc=sponsored&k=web.1.3.9&uuid=arF001a0757108ff62cd&page_item_id=1815642473,Desarrollador Backend,jobrapido,2026-09-06T02:38:58.355040,,,,
2213916516359864320,Desarrollador/a Mobile React Native,Grupo Prominente,Capital Federal,,,https://open.app.jobrapido.com/ar/2213916516359864320/?w=desarrollador%20backend&l=&oc=sponsored&k=web.1.3.10&uuid=arF001a0757108ff62cd&page_item_id=300677331,Desarrollador Backend,jobrapido,2026-09-06T02:38:58.355525,,,,
6011693381653102592,Desarrollador Full Stack .NET Semi Senior (100% Remote),Greencode Software,Capital Federal,,,https://open.app.jobrapido.com/ar/6011693381653102592/?w=desarrollador%20backend&l=&oc=sponsored&k=web.1.3.11&uuid=arF001a0757108ff62cd&page_item_id=-1942127698,Desarrollador Backend,jobrapido,2026-09-06T02:38:58.356008,,,,
2556088262955368448,"iOS Developer (Semi-Senior) - SwiftUI, MVVM, REST | Hybrid",Jobtailor,Capital Federal,,,https://open.app.jobrapido.com/ar/2556088262955368448/?w=desarrollador%20backend&l=&oc=sponsored&k=web.1.3.12&uuid=arF001a0757108ff62cd&page_item_id=-1454397362,Desarrollador Backend,jobrapido,2026-09-06T02:38:58.356491,,,,
2428424362991288320,React & React Native,Softion,Remoto,,,https://open.app.jobrapido.com/ar/2428424362991288320/?w=desarrollador%20backend&l=&oc=sponsored&k=web.1.3.13&uuid=arF001a0757108ff62cd&page_item_id=-1489388811,Desarrollador Backend,jobrapido,2026-09-06T02:38:58.356977,,,,
3629953163538202624,Desarrollador Backend.NET Senior,Megatlon,Olivos,,,https://open.app.jobrapido.com/ar/3629953163538202624/?w=desarrollador%20backend&l=&oc=sponsored&k=web.1.3.14&uuid=arF001a0757108ff62cd&page_item_id=-1261200454,Desarrollador Backend,jobrapido,2026-09-06T02:38:58.357457,,,,
5785616490854088704,"Backend Developer (Senior) – Python / AWS / Terraform (Híbrido, CABA)",Talent Connect,Capital Federal,,,https://open.app.jobrapido.com/ar/5785616490854088704/?w=desarrollador%20backend&l=&oc=sponsored&k=web.1.3.15&uuid=arF001a0757108ff62cd&page_item_id=-1878153189,Desarrollador Backend,jobrapido,2026-09-06T02:38:58.357952,,,,
6282723633555046400,Dev backend.net SR,Itps,Capital Federal,,,https://open.app.jobrapido.com/ar/6282723633555046400/?w=desarrollador%20backend&l=&oc=sponsored&k=web.1.3.16&uuid=arF001a0757108ff62cd&page_item_id=-1343933609,Desarrollador Backend,jobrapido,2026-09-06T02:38:58.358435,,,,
7204169061154947072,Full Stack Engineer Sr,Accenture,Capital Federal,,,https://open.app.jobrapido.com/ar/7204169061154947072/?w=desarrollador%20backend&l=&oc=sponsored&k=web.1.3.17&uuid=arF001a0757108ff62cd&page_item_id=1740202838,Desarrollador Backend,jobrapido,2026-09-06T02:38:58.358923,,,,
5147002253197967360,Backend/Full-stack Developer,Carlo Ratti Associati,Jesús María,,,https://open.app.jobrapido.com/ar/5147002253197967360/?w=desarrollador%20backend&l=&oc=sponsored&k=web.1.3.18&uuid=arF001a0757108ff62cd&page_item_id=1580991420,Desarrollador Backend,jobrapido,2026-09-06T02:38:58.359404,,,,
7168737453568688128,Technical Lead Mobile Cripto,Ualá,Remoto,,,https://open.app.jobrapido.com/ar/7168737453568688128/?w=desarrollador%20backend&l=&oc=sponsored&k=web.1.3.19&uuid=arF001a0757108ff62cd&page_item_id=1247469648,Desarrollador Backend,jobrapido,2026-09-06T02:38:58.359891,,,,
9117792315413364736,Desarrollador/a Full Stack PHP,NEO BIZ S. R. L.,Rosario,,,https://open.app.jobrapido.com/ar/9117792315413364736/?w=desarrollador%20full%20stack&l=&oc=sponsored&k=web.1.1.0&uuid=arF001a075732de86471&page_item_id=-336056313,Desarrollador Full Stack,jobrapido,2026-09-06T02:41:18.690989,,,,
7606739025868619776,Desarrollador Full Stack Junior – ERP & IA,Julio Bellone y Asociados,Córdoba Capital,,,https://open.app.jobrapido.com/ar/7606739025868619776/?w=desarrollador%20full%20stack&l=&oc=sponsored&k=web.1.1.3&uuid=arF001a075732de86471&page_item_id=481755705,Desarrollador Full Stack,jobrapido,2026-09-06T02:41:18.691824,,,,
6511218900179353600,Desarrollador Full Stack | AI & Automation,Experis Argentina,Avellaneda,,,https://open.app.jobrapido.com/ar/6511218900179353600/?w=desarrollador%20full%20stack&l=&oc=sponsored&k=web.1.1.4&uuid=arF001a075732de86471&page_item_id=-539489803,Desarrollador Full Stack,jobrapido,2026-09-06T02:41:18.692313,,,,
2515744982309011456,Desarrollador Java Full Stack Senior - Remoto,Coder Technologies Inc.,Remoto,,,https://open.app.jobrapido.com/ar/2515744982309011456/?w=desarrollador%20full%20stack&l=&oc=sponsored&k=web.1.1.5&uuid=arF001a075732de86471&page_item_id=-1209976519,Desarrollador Full Stack,jobrapido,2026-09-06T02:41:18.692802,,,,
991599283826327552,Analista/Desarrollador Full Stack – Marketing Automation & Cloud (Freelance),OneInfoConsulting,Capital Federal,,,https://open.app.jobrapido.com/ar/991599283826327552/?w=desarrollador%20full%20stack&l=&oc=sponsored&k=web.1.1.7&uuid=arF001a075732de86471&page_item_id=-343284507,Desarrollador Full Stack,jobrapido,2026-09-06T02:41:18.693427,,,,
6691943977169453056,Desarrollador Full Stack (SR) – Next.js / NestJS / Python / AWS (Híbrido),Talent Connect,Capital Federal,,,https://open.app.jobrapido.com/ar/6691943977169453056/?w=desarrollador%20full%20stack&l=&oc=sponsored&k=web.1.1.8&uuid=arF001a075732de86471&page_item_id=1384911421,Desarrollador Full Stack,jobrapido,2026-09-06T02:41:18.693921,,,,
636375921892261888,Desarrollador/a Full Stack Senior - Next.js / React (Part-Time),Workana,Remoto,,,https://open.app.jobrapido.com/ar/636375921892261888/?w=desarrollador%20full%20stack&l=&oc=sponsored&k=web.1.1.9&uuid=arF001a075732de86471&page_item_id=2061006906,Desarrollador Full Stack,jobrapido,2026-09-06T02:41:18.694403,,,,
2941294259006865408,Desarrollador Java Full Stack (Senior) - (Remoto) | Ref. 191900-1,Talent Connect,Capital Federal,,,https://open.app.jobrapido.com/ar/2941294259006865408/?w=desarrollador%20full%20stack&l=&oc=sponsored&k=web.1.1.10&uuid=arF001a075732de86471&page_item_id=1332945852,Desarrollador Full Stack,jobrapido,2026-09-06T02:41:18.694887,,,,
8666321820162457600,Desarrollador Full-Stack,Mediastream,Remoto,,,https://open.app.jobrapido.com/ar/8666321820162457600/?w=desarrollador%20full%20stack&l=&oc=sponsored&k=web.1.1.11&uuid=arF001a075732de86471&page_item_id=-854611160,Desarrollador Full Stack,jobrapido,2026-09-06T02:41:18.695364,,,,
7470300559258419200,Desarrollador Full-Stack Senior para Soluciones de Streaming,Mediastream,Remoto,,,https://open.app.jobrapido.com/ar/7470300559258419200/?w=desarrollador%20full%20stack&l=&oc=sponsored&k=web.1.1.12&uuid=arF001a075732de86471&page_item_id=2082846699,Desarrollador Full Stack,jobrapido,2026-09-06T02:41:18.695847,,,,
3041006477448839168,Desarrollador .NET Full Stack Semi Senior — Remoto,Greencode Software,Capital Federal,,,https://open.app.jobrapido.com/ar/3041006477448839168/?w=desarrollador%20full%20stack&l=&oc=sponsored&k=web.1.1.13&uuid=arF001a075732de86471&page_item_id=-539198376,Desarrollador Full Stack,jobrapido,2026-09-06T02:41:18.696329,,,,
7667870497983430656,Remote Fullstack Engineer: Java + React,Werben HR,Capital Federal,,,https://open.app.jobrapido.com/ar/7667870497983430656/?w=desarrollador%20full%20stack&l=&oc=sponsored&k=web.1.1.14&uuid=arF001a075732de86471&page_item_id=-475155842,Desarrollador Full Stack,jobrapido,2026-09-06T02:41:18.696814,,,,
1780539885103349760,Remote Azure Java Architect - Cloud Migration & Leadership,Werben HR,Capital Federal,,,https://open.app.jobrapido.com/ar/1780539885103349760/?w=desarrollador%20full%20stack&l=&oc=sponsored&k=web.1.1.15&uuid=arF001a075732de86471&page_item_id=-1039665207,Desarrollador Full Stack,jobrapido,2026-09-06T02:41:18.697293,,,,
3469064444544286720,Backend/Full-stack Developer,Carlo Ratti Associati,Córdoba,,,https://open.app.jobrapido.com/ar/3469064444544286720/?w=desarrollador%20full%20stack&l=&oc=sponsored&k=web.1.1.16&uuid=arF001a075732de86471&page_item_id=1473436639,Desarrollador Full Stack,jobrapido,2026-09-06T02:41:18.697774,,,,
4298610422551937024,Fullstack Software Engineer - Verticals - IT,MercadoLibre,Capital Federal,,,https://open.app.jobrapido.com/ar/4298610422551937024/?w=desarrollador%20full%20stack&l=&oc=sponsored&k=web.1.1.17&uuid=arF001a075732de86471&page_item_id=-618090256,Desarrollador Full Stack,jobrapido,2026-09-06T02:41:18.698255,,,,
2739816286589550592,"Fullstack SSR y SR GOLAN, NET Y React",Bumeran Selecta,Capital Federal,,,https://open.app.jobrapido.com/ar/2739816286589550592/?w=desarrollador%20full%20stack&l=&oc=sponsored&k=web.1.1.18&uuid=arF001a075732de86471&page_item_id=1569862415,Desarrollador Full Stack,jobrapido,2026-09-06T02:41:18.698740,,,,
3078607644814999552,Desarrollador/a Fullstack .NET y React,Grupo Prominente,Capital Federal,,,https://open.app.jobrapido.com/ar/3078607644814999552/?w=desarrollador%20full%20stack&l=&oc=sponsored&k=web.1.1.19&uuid=arF001a075732de86471&page_item_id=-1875346257,Desarrollador Full Stack,jobrapido,2026-09-06T02:41:18.699220,,,,
5826048952201379840,Full Stack Developer Sr.,Taynes Consultores,Capital Federal,,,https://open.app.jobrapido.com/ar/5826048952201379840/?w=desarrollador%20full%20stack&l=&oc=sponsored&k=web.1.2.3&uuid=arF001a07574df2e6558&page_item_id=-943403495,Desarrollador Full Stack,jobrapido,2026-09-06T02:43:09.892387,,,,
8129441029737676800,Full Stack Developer SSr.,Taynes Consultores,Capital Federal,,,https://open.app.jobrapido.com/ar/8129441029737676800/?w=desarrollador%20full%20stack&l=&oc=sponsored&k=web.1.2.4&uuid=arF001a07574df2e6558&page_item_id=-1176364070,Desarrollador Full Stack,jobrapido,2026-09-06T02:43:09.892905,,,,
948421032706834432,Desarrollador Ssr,GRUPO MULTI,Benavídez,,,https://open.app.jobrapido.com/ar/948421032706834432/?w=desarrollador%20full%20stack&l=&oc=sponsored&k=web.1.2.5&uuid=arF001a07574df2e6558&page_item_id=1615670715,Desarrollador Full Stack,jobrapido,2026-09-06T02:43:09.893401,,,,
3225238515495206912,AI FullStack SR,Agnostic,Capital Federal,,,https://open.app.jobrapido.com/ar/3225238515495206912/?w=desarrollador%20full%20stack&l=&oc=sponsored&k=web.1.2.6&uuid=arF001a07574df2e6558&page_item_id=435845098,Desarrollador Full Stack,jobrapido,2026-09-06T02:43:09.893900,,,,
3372088249118883840,Fullstack Developer (Laravel - Vue.js),Grupo Petersen,Capital Federal,,,https://open.app.jobrapido.com/ar/3372088249118883840/?w=desarrollador%20full%20stack&l=&oc=sponsored&k=web.1.2.7&uuid=arF001a07574df2e6558&page_item_id=2018790152,Desarrollador Full Stack,jobrapido,2026-09-06T02:43:09.894395,,,,
335043559025541120,"Desarrollador Fullstack (Senior) – React / Java (Híbrido, CABA) | Ref. 183617-1",Talent Connect,Capital Federal,,,https://open.app.jobrapido.com/ar/335043559025541120/?w=desarrollador%20full%20stack&l=&oc=sponsored&k=web.1.2.8&uuid=arF001a07574df2e6558&page_item_id=2106703234,Desarrollador Full Stack,jobrapido,2026-09-06T02:43:09.894904,,,,
4859927738644955136,Desarrollador Fullstack (SR)– Node.js / Java Spring Boot / React | Ref. 185160,Talent Connect,Capital Federal,,,https://open.app.jobrapido.com/ar/4859927738644955136/?w=desarrollador%20full%20stack&l=&oc=sponsored&k=web.1.2.9&uuid=arF001a07574df2e6558&page_item_id=-1358261591,Desarrollador Full Stack,jobrapido,2026-09-06T02:43:09.895406,,,,
4690936718465957888,Desarrollador/a Full Stack Semi-Senior,SEIDOR,Capital Federal,,,https://open.app.jobrapido.com/ar/4690936718465957888/?w=desarrollador%20full%20stack&l=&oc=sponsored&k=web.1.2.10&uuid=arF001a07574df2e6558&page_item_id=1995340269,Desarrollador Full Stack,jobrapido,2026-09-06T02:43:09.895925,,,,
5429244689024811008,DESARROLLADOR FULL STACK (PYTHON + ANGULAR + GO),Kruger NearShore LLC - Rekluti,Córdoba,,,https://open.app.jobrapido.com/ar/5429244689024811008/?w=desarrollador%20full%20stack&l=&oc=sponsored&k=web.1.2.11&uuid=arF001a07574df2e6558&page_item_id=1306061735,Desarrollador Full Stack,jobrapido,2026-09-06T02:43:09.896413,,,,
386160404356661248,Desarrollador Full Stack,Nubax,Vicente López,,,https://open.app.jobrapido.com/ar/386160404356661248/?w=desarrollador%20full%20stack&l=&oc=sponsored&k=web.1.2.12&uuid=arF001a07574df2e6558&page_item_id=-1988881249,Desarrollador Full Stack,jobrapido,2026-09-06T02:43:09.896902,,,,
4437289006664777728,Desarrollador Full Stack Senior — Liderazgo Técnico,Nubax,Vicente López,,,https://open.app.jobrapido.com/ar/4437289006664777728/?w=desarrollador%20full%20stack&l=&oc=sponsored&k=web.1.2.13&uuid=arF001a07574df2e6558&page_item_id=-1880535002,Desarrollador Full Stack,jobrapido,2026-09-06T02:43:09.897387,,,,
8435612463537324032,Fullstack Developer (Angular + Node.js) - Remote-First,Redbee Studios,Capital Federal,,,https://open.app.jobrapido.com/ar/8435612463537324032/?w=desarrollador%20full%20stack&l=&oc=sponsored&k=web.1.2.14&uuid=arF001a07574df2e6558&page_item_id=-31014499,Desarrollador Full Stack,jobrapido,2026-09-06T02:43:09.897876,,,,
2576918905880576000,: Jefe de Desarrollo/ Desarrollador Senior .NET / Belgrano CABA,ADN - Recursos Humanos,Capital Federal,,,https://open.app.jobrapido.com/ar/2576918905880576000/?w=desarrollador%20full%20stack&l=&oc=sponsored&k=web.1.2.15&uuid=arF001a07574df2e6558&page_item_id=-1771954523,Desarrollador Full Stack,jobrapido,2026-09-06T02:43:09.898361,,,,
2357274123744313344,Empleo: Desarrollador Full Stack - Rosario,N/A,Rosario,"Open or close the mobile menu Jobrapido Entrar Inscríbete Publica una oferta Ayuda Empresas Clear job input Profesión / Palabras clave Ofertas de trabajo para Desarrollador Full en Rosario ¿Qué trabajo estás buscando? Clear location input Localidad Búsqueda avanzada de empleo Relevancia Fecha [[distance.label]] [[d.text]] Close Localidad Gran Buenos Aires Capital Federal Córdoba Santa Fé Neuquén Rosario Mendoza Rincón De Los Sauces Gba Sur Mar Del Plata Búsquedas relacionadas Software Software Engineer Python Software Engineer Management Modelo Services Engineer Security Product Engineering Product Engineer Quality Engineer Vuelve a tus resultados: [[backlinkLabel]] Empleo: Desarrollador Full Stack - Rosario Rosario - Región Centro [[upButtonMessage]] full time www.goempleo.com 02 jul 2026 Empleo: Desarrollador Full Stack - Rosario: La descripción del trabajo.: Desarrollador Full Stack Rosario Rosario, Santa Fe · Hoy, 03:16 p. m. NeuralSoft 62 evaluaciones Enviar mi CV Desarrollador Full Stack - Rosario Enviar mi CV Sobre la oferta La empresaEvaluaciones Desarrollador Full Stack Rosario Rosario, Santa Fe · Hoy, 03:16 p. m. NeuralSoft 62 evaluaciones Enviar mi CV Desarrollador Full Stack - Rosario Enviar mi CV Sobre la oferta La empresaEvaluaciones Descripción de la oferta: » NeuralSoft se encuentra en la búsqueda de 10 programadores para importante proyecto internacional, con la tarea de desarrollar un lenguaje de programación de última generación, de dominio específico y con Inteligencia artificial Buscamos profesionales con una experiencia no menor a 5 años en algunas de las siguientes tecnologías: o Java, Javascript y/o Phyton o C++ o C# o Bases de datos SQL o Base de datos Elastic Search o similares o Desarrollo Mobile ( IOS y Android, nativos) o Deep Learning Es fundamental el compromiso y la pasión por el resultado y por el trabajo en equipo. Se ofrece importante plan de carrera con proyección internacional Requerimientos » Educación mínima: Terciario » Años de experiencia: 5 » Disponibilidad de Viajar: No » Disponibilidad de cambio de residencia: No Enviar mi CV Para ver datos de contacto envía tu cv Resumen del empleo » Desarrollador Full Stack » Rosario, Santa Fe » Empresa NeuralSoft Seguir Dejar de seguir Recibe notificaciones nuevas de NeuralSoft Contraseña incorrecta Obligatorio He leído y acepto las Condiciones Legales incluidas en el aviso legal y la política de privacidad Obligatorio Acepto recibir información ocasional sobre productos, servicios y eventos de DGNET y sus colaboradores Ver detalle legal Información básica de privacidad y contacto Responsable DGNET Ltd, registrada en Escocia n°189977, con domicilio en 10 York Place, Edimburgo EH1 3EP, Reino Unido y teléfono de Contáctenos: +44 131 473 1049. Finalidad Realizar una correcta gestión de los servicios a los que te suscribas. Legitimación Ejecución de un contrato, consentimiento, interés legítimo y cumplimiento de una obligación legal. Destinatarios Podrán acceder a tus datos los prestadores de servicios de DGNET Ltd, incluyendo otras empresas de su grupo. Únicamente se cederán datos por obligación legal. Derechos Tienes derecho a acceder, rectificar y suprimir los datos, así como otros derechos, cuyo detalle se incluye en nuestra Política de Privacidad completa. » Tipo de contrato Contrato por tiempo indeterminado » Jornada Jornada completa » Enviar mi CV Competencia/cualificación: Categorí­a del Empleo: [ Ver todos ] Requerimientos de Idioma: Tipo de Empleo: Sueldo: No especificado Titulación: Sin especificar Experiencia: No especificado Localización del Empleo: Otra Tipo de empresa Empleador Día de envío: 2026/08/06 / Viewed 851 times Información de Contacto Empresa: Ver más Ver menos [[downButtonMessage]] LinkedIn Twitter Facebook © 2026 Jobrapido | C.I.F: IT11876271005 Trabajos Empresas Condiciones del Servicio Política de Privacidad Ayuda Contacto",,https://ar.jobrapido.com/jobpreview/2357274123744313344?redirectTo=https%253A%252F%252Fwww.goempleo.com%252Fview.php%253Fjob_id%253D1266248&w=Python&p=2,Desarrollador Full Stack,jobrapido,2026-09-06T02:43:09.898879,,,,
4895336479825330176,Desarrollador Full Stack (Rosario),Grupo Gamma,Rosario,"Jobrapido Publica una oferta Ayuda Empresas Entrar Inscríbete Profesión / Palabras clave Localidad Ofertas de trabajo para Desarrollador Full en Rosario Trabajos > Desarrollador Full > Rosario Localidad Gran Buenos Aires Capital Federal Córdoba Santa Fé Neuquén Rosario Mendoza Rincón De Los Sauces Gba Sur Mar Del Plata Búsquedas relacionadas Software Software Engineer Python Software Engineer Management Modelo Services Engineer Security Product Engineering Product Engineer Quality Engineer Vuelve a tus resultados: [[backlinkLabel]] Desarrollador Full Stack (Rosario) Rosario - Región Centro Grupo Gamma [[upButtonMessage]] full time Publicado enwww.kitempleo.com.ar 01 sep 2026 Nos encontramos en la búsqueda de un Desarrollador Full Stack para unirse a Grupo Gamma. Requisitos técnicos obligatorios: - Experiencia en desarrollo con Python. Se valorará especialmente el conocimiento del framework FastAPI. - Experiencia en desarrollo frontend con React. - Conocimientos en diseño, creación, integración y consumo de APIs REST. - Experiencia en diseño y utilización de bases de datos relacionales y consultas SQL. - Manejo de Git y plataformas de gestión de repositorios, como GitLab o Bitbucket. Responsabilidades: - Colaborar en el análisis, diseño, desarrollo e implementación de aplicaciones web adaptables a escritorio y dispositivos móviles. - Participar en el desarrollo e integración de soluciones backend y frontend. - Trabajar en conjunto con el equipo de Sistemas en la definición e implementación de soluciones técnicas. Requisitos educacionales y experiencia: - Experiencia comprobable trabajando con las tecnologías indicadas en los requisitos técnicos obligatorios. - Experiencia en desarrollo, mantenimiento y soporte de aplicaciones actualmente operativas en ambientes productivos. - Se valorará formación universitaria o terciaria en Sistemas, Informática o carreras relacionadas. Modalidad: - Contratación freelance. - Modalidad de trabajo remota de 6h diarias - Con disponibilidad para asistir presencialmente de manera eventual cuando la actividad lo requiera. Si considerás que sos la persona que estamos buscando, esperamos tu postulación LI-Onsite Ver más Ver menos [[downButtonMessage]] LinkedIn Twitter Facebook © 2026 Jobrapido | C.I.F: IT11876271005 Trabajos Empresas Condiciones del Servicio Política de Privacidad Ayuda Contacto",,https://ar.jobrapido.com/jobpreview/4895336479825330176?redirectTo=https%253A%252F%252Fwww.kitempleo.com.ar%252Fempleo%252F52963257%252Fdesarrollador-full-stack-rosario&w=Python&p=2,Desarrollador Full Stack,jobrapido,2026-09-06T02:43:09.899348,,,,
5605561067984912384,Desarrollador/a Full Stack PHP (Rosario),Neo-Biz Consultores,Rosario,"Jobrapido Publica una oferta Ayuda Empresas Entrar Inscríbete Profesión / Palabras clave Localidad Ofertas de trabajo para Full Stack en Rosario Trabajos > Full Stack > Rosario Localidad Gran Buenos Aires Capital Federal Córdoba Santa Fé Neuquén Rosario Mendoza Rincón De Los Sauces Gba Sur Mar Del Plata Búsquedas relacionadas Software Software Engineer Python Software Engineer Management Modelo Services Engineer Security Product Engineering Product Engineer Quality Engineer Vuelve a tus resultados: [[backlinkLabel]] Desarrollador/a Full Stack PHP (Rosario) Rosario - Región Centro Neo-Biz Consultores [[upButtonMessage]] other Publicado enwww.kitempleo.com.ar 30 ago 2026 Significativo empresa de la ciudad de Rosario se encuentra en la búsqueda de un/a Desarrollador/a Full Stack PHP para sumarse a su equipo de tecnología y participar activamente en la evolución de una plataforma web orientada a la gestión documental, compliance laboral y administración de contratistas. Buscamos una persona con capacidad analítica, orientación a la mejora continua y ganas de involucrarse en proyectos que combinan desarrollo de software, automatización e Inteligencia Artificial aplicada a procesos de negocio. Principales responsabilidades - Desarrollo, mantenimiento y optimización de aplicaciones web. - Implementación de nuevas funcionalidades sobre plataforma existente. - Integración con APIs y servicios de terceros. - Administración y monitoreo básico de servidores y entornos productivos. - Desarrollo e integración de soluciones basadas en Inteligencia Artificial para automatización de procesos, análisis documental y asistencia al usuario. - Participación en la evolución tecnológica de la plataforma incorporando nuevas herramientas y tecnologías. - Análisis y resolución de incidencias técnicas. - Colaboración en propuestas de mejora y evolución tecnológica del producto. Requisitos - Experiencia comprobable en desarrollo con PHP 8.x. - Conocimientos de Zend Framework 1. - Manejo de HTML5, CSS3, JavaScript y jQuery. - Experiencia en desarrollo y administración de WordPress. - Conocimientos en integración y consumo de APIs REST. - Manejo de bases de datos MySQL/MariaDB. - Conocimientos de administración básica de servidores. - Buenas prácticas de seguridad en aplicaciones web. - Manejo de Git. - Experiencia en integración de herramientas de Inteligencia Artificial mediante APIs (OpenAI, Claude, Gemini u otras similares). - Capacidad para desarrollar funcionalidades que incorporen automatización, procesamiento de información y asistentes basados en IA. Se valorará - Conocimientos de Laravel. - Experiencia con Docker. - Experiencia en modernización de sistemas legacy. - Capacidad para trabajar de forma autónoma y proponer mejoras. Modalida: Presencial - Lunes a Viernes full time 📍 Rosario, Santa Fe La empresa ofrece - Participación en un producto tecnológico con impacto directo en múltiples organizaciones. - Posibilidad de crecimiento y desarrollo profesional. - Excelente clima laboral. - Estabilidad y desafíos tecnológicos permanentes. Si te interesa formar parte de un proyecto en constante evolución y aportar tu experiencia en el desarrollo de soluciones innovadoras, esperamos tu postulación. Ver más Ver menos [[downButtonMessage]] LinkedIn Twitter Facebook © 2026 Jobrapido | C.I.F: IT11876271005 Trabajos Empresas Condiciones del Servicio Política de Privacidad Ayuda Contacto",,https://ar.jobrapido.com/jobpreview/5605561067984912384?redirectTo=https%253A%252F%252Fwww.kitempleo.com.ar%252Fempleo%252F52873762%252Fdesarrollador-a-full-stack-php-rosario&w=Python&p=2,Desarrollador Full Stack,jobrapido,2026-09-06T02:43:09.899840,,,,
2594915643484536832,Desarrollador/a Full Stack PHP (Rosario),NEO BIZ S. R. L.,Rosario,"Jobrapido Publica una oferta Ayuda Empresas Entrar Inscríbete Profesión / Palabras clave Localidad Ofertas de trabajo para Full Stack en Rosario Trabajos > Full Stack > Rosario Localidad Gran Buenos Aires Capital Federal Córdoba Santa Fé Neuquén Rosario Mendoza Rincón De Los Sauces Gba Sur Mar Del Plata Búsquedas relacionadas Software Software Engineer Python Software Engineer Management Modelo Services Engineer Security Product Engineering Product Engineer Quality Engineer Vuelve a tus resultados: [[backlinkLabel]] Desarrollador/a Full Stack PHP (Rosario) Rosario - Región Centro NEO BIZ S. R. L. [[upButtonMessage]] full time Publicado enwww.kitempleo.com.ar 16 ago 2026 Descripción del puesto Significativo empresa de la ciudad de Rosario se encuentra en la búsqueda de un/a Desarrollador/a Full Stack PHP para sumarse a su equipo de tecnología y participar activamente en la evolución de una plataforma web orientada a la gestión documental, compliance laboral y administración de contratistas. Buscamos una persona con capacidad analítica, orientación a la mejora continua y ganas de involucrarse en proyectos que combinan desarrollo de software, automatización e Inteligencia Artificial aplicada a procesos de negocio. Principales responsabilidades - Desarrollo, mantenimiento y optimización de aplicaciones web. - Implementación de nuevas funcionalidades sobre plataforma existente. - Integración con APIs y servicios de terceros. - Administración y monitoreo básico de servidores y entornos productivos. - Desarrollo e integración de soluciones basadas en Inteligencia Artificial para automatización de procesos, análisis documental y asistencia al usuario. - Participación en la evolución tecnológica de la plataforma incorporando nuevas herramientas y tecnologías. - Análisis y resolución de incidencias técnicas. - Colaboración en propuestas de mejora y evolución tecnológica del producto. Requisitos - Experiencia comprobable en desarrollo con PHP 8.x. - Conocimientos de Zend Framework 1. - Manejo de HTML5, CSS3, JavaScript y jQuery. - Experiencia en desarrollo y administración de WordPress. - Conocimientos en integración y consumo de APIs REST. - Manejo de bases de datos MySQL/MariaDB. - Conocimientos de administración básica de servidores. - Buenas prácticas de seguridad en aplicaciones web. - Manejo de Git. - Experiencia en integración de herramientas de Inteligencia Artificial mediante APIs (OpenAI, Claude, Gemini u otras similares). - Capacidad para desarrollar funcionalidades que incorporen automatización, procesamiento de información y asistentes basados en IA. Se valorará - Conocimientos de Laravel. - Experiencia con Docker. - Experienci Ver más Ver menos [[downButtonMessage]] LinkedIn Twitter Facebook © 2026 Jobrapido | C.I.F: IT11876271005 Trabajos Empresas Condiciones del Servicio Política de Privacidad Ayuda Contacto",,https://ar.jobrapido.com/jobpreview/2594915643484536832?redirectTo=https%253A%252F%252Fwww.kitempleo.com.ar%252Fempleo%252F52341904%252Fdesarrollador-a-full-stack-php-rosario&w=Python&p=2,Desarrollador Full Stack,jobrapido,2026-09-06T02:43:09.900313,,,,
8358661424280502272,Desarrollador Full Stack SSR Proyecto en Munro,Yel,"Capital Federal, Vicente López","Open or close the mobile menu Jobrapido Entrar Inscríbete Publica una oferta Ayuda Empresas Clear job input Profesión / Palabras clave Ofertas de trabajo para Desarrollador Full en Departamento Federal ¿Qué trabajo estás buscando? Clear location input Localidad Búsqueda avanzada de empleo Relevancia Fecha [[distance.label]] [[d.text]] Close Localidad Gran Buenos Aires Capital Federal Córdoba Santa Fé Neuquén Rosario Mendoza Rincón De Los Sauces Gba Sur Mar Del Plata Búsquedas relacionadas Software Software Engineer Python Software Engineer Management Modelo Services Engineer Security Product Engineering Product Engineer Quality Engineer Vuelve a tus resultados: [[backlinkLabel]] Desarrollador Full Stack SSR Proyecto en Munro Capital Federal - Provincia De Buenos Aires, Vicente López - Provincia De Buenos Aires Yel [[upButtonMessage]] full time www.sherlockhr.com 20 ago 2026 En Yel buscamos un/a Desarrollador/a Full Stack Semi Senior, orientado a backend, para sumarse a un proyecto de construcción de una plataforma de interoperabilidad semántica en el ecosistema de salud. ¿Qué vas a hacer? Vas a trabajar sobre componentes ya definidos por un Arquitecto de Software / Sr Developer, implementando APIs, procesos batch, persistencia de datos, UI de curaduría, tests y documentación operativa. El diseño arquitectónico y funcional no corre por tu cuenta: tu foco es ejecutar con calidad, respetar contratos técnicos y trabajar con revisión técnica frecuente. Conocimientos excluyentes Dominio de Python. Experiencia con Docker. Manejo de Linux. Experiencia en desarrollo e integración de API REST. Stack principal: Python FastAPI Docker PostgreSQL Redis Elasticsearch React TypeScript Deseable (no excluyente): SQL Workers / procesamiento asincrónico Almacenamiento tipo S3/MinIO Nociones de búsqueda/IA SNOMED, FHIR o Snowstorm (valorado, no obligatorio) Modalidad: Hibrido - Oficinas en Munro, Zona Norte Bs As. martes y jueves Seniority: SSR (o Junior avanzado con perfil backend) Es un poryecto de aprox 4 meses con posibilidad de una contratacion indeterminada. 🎁 Beneficios Yel Plan de salud corporativo cerrado y exclusivo. Sin cargo para vos y grupo familiar directo. Plataforma de beneficios y descuentos corporativos (Cursos y certificaciones, idiomas, gimnasios, gastronomía, indumentaria y otros) Días libres adicionales Obsequios por días especiales Programa de referidos Ver más Ver menos [[downButtonMessage]] LinkedIn Twitter Facebook © 2026 Jobrapido | C.I.F: IT11876271005 Trabajos Empresas Condiciones del Servicio Política de Privacidad Ayuda Contacto",,https://ar.jobrapido.com/jobpreview/8358661424280502272?redirectTo=https%253A%252F%252Fyel.pandape.computrabajo.com%252FDetail%252F13353959%253Fov%253D6%2526utm_source%253Djobrapido%2526utm_medium%253Dreferral%2526utm_campaign%253Dfeed%2526utm_term%253Dorganic%2526utm_content%253Dats&w=Python&p=3,Desarrollador Full Stack,jobrapido,2026-09-06T02:45:12.141842,,,,
8660515161817219072,Desarrollador Full Stack .Net Semi Senior (100% Remote) (Rosario),Greencode Software,Rosario,"Open or close the mobile menu Jobrapido Entrar Inscríbete Publica una oferta Ayuda Empresas Clear job input Profesión / Palabras clave Ofertas de trabajo para Desarrollador Full en Rosario ¿Qué trabajo estás buscando? Clear location input Localidad Búsqueda avanzada de empleo Relevancia Fecha [[distance.label]] [[d.text]] Close Localidad Gran Buenos Aires Capital Federal Córdoba Santa Fé Neuquén Rosario Mendoza Rincón De Los Sauces Gba Sur Mar Del Plata Búsquedas relacionadas Software Software Engineer Python Software Engineer Management Modelo Services Engineer Security Product Engineering Product Engineer Quality Engineer Vuelve a tus resultados: [[backlinkLabel]] Desarrollador Full Stack .Net Semi Senior (100% Remote) (Rosario) Rosario - Región Centro Greencode Software [[upButtonMessage]] full time www.kitempleo.com.ar 21 ago 2026 ¡Estamos buscando un/a FullStack Developer . Net para sumarse a nuestro equipo en Green Code Software! En Green Code Software, una software factory nacida en ****, trabajamos con empresas de Argentina y EE.UU. acompañándolas en sus procesos de transformación digital. Somos un equipo en crecimiento constante que prioriza la colaboración, la innovación y el aprendizaje continuo como pilares clave para construir soluciones que marcan la diferencia. Hoy queremos sumar a alguien que tenga ganas de dejar huella en los proyectos, crecer con nosotros y aportar ideas que mejoren la calidad y velocidad de lo que hacemos. ¿Te copa el desafío? El Desafío Construirás una plataforma integral que: Ingesta datos de múltiples fuentes: partners estratégicos, datasets públicos y datasets adquiridos Gestiona la gobernanza y trazabilidad completa del ciclo de vida de los datos Transforma y procesa datos hasta convertirlos en productos comercializables de alta calidad Asegura la calidad mediante procesos automatizados de validación y control Stack Tecnológico Backend & APIs C# / . NET SQL Server Docker / Docker-Compose Integración con schedulers (tipo Airflow) Procesamiento de datos en Python Frontend React Next.js Testing & DevOps Cypress (UI Testing) Locust (Stress Testing) AWS Cloud Infrastructure Metodología Desarrollo por hitos con entregas programadas Enfoque ágil orientado a resultados Lo que Buscamos Experiencia Técnica 2-3 años de experiencia en desarrollo Full Stack Sólido conocimiento en C# y . NET Experiencia con React y JavaScript moderno Manejo de SQL Server Experiencia con APIs RESTful Perfil Adecuado Desarrollador proactivo que disfrute construir sistemas desde cero Orientación a resultados y cumplimiento de deadlines Experiencia en proyectos de datos (deseable) Conocimiento en testing automatizado Familiaridad con metodologías ágiles ¿Por qué sumarte a Green Code? Salario competitivo acorde al mercado y la posibilidad de revisión periódica. Clases de inglés . 100% remota Horarios flexibles para que organices tu tiempo. Un equipo cercano, horizontal y con ganas de compartir conocimiento. Proyectos con impacto real, donde vas a poder proponer y tomar decisiones técnicas. Ubicación Estamos en Buenos Aires, pero el equipo es remoto y distribuido. ¡Podés sumarte desde cualquier parte del país! ¿Querés ser parte de un equipo con mentalidad ágil, cultura de aprendizaje y enfoque real en el bienestar de las personas? Postulate y conversemos. #J-*****-Ljbffr Ver más Ver menos [[downButtonMessage]] LinkedIn Twitter Facebook © 2026 Jobrapido | C.I.F: IT11876271005 Trabajos Empresas Condiciones del Servicio Política de Privacidad Ayuda Contacto",,https://ar.jobrapido.com/jobpreview/8660515161817219072?redirectTo=https%253A%252F%252Fwww.kitempleo.com.ar%252Fempleo%252F52607699%252Fdesarrollador-full-stack-net-semi-senior-100-remote-rosario&w=Python&p=3,Desarrollador Full Stack,jobrapido,2026-09-06T02:45:12.142380,,,,
88579454904827904,Desarrollador Full Stack,Workmate SA,Remoto,"Open or close the mobile menu Jobrapido Entrar Inscríbete Publica una oferta Ayuda Empresas Clear job input Profesión / Palabras clave Ofertas de trabajo para Desarrollador Full en Remoto ¿Qué trabajo estás buscando? Clear location input Localidad Búsqueda avanzada de empleo Relevancia Fecha [[distance.label]] [[d.text]] Close Localidad Gran Buenos Aires Capital Federal Córdoba Santa Fé Neuquén Rosario Mendoza Rincón De Los Sauces Gba Sur Mar Del Plata Búsquedas relacionadas Software Software Engineer Python Software Engineer Management Modelo Services Engineer Security Product Engineering Product Engineer Quality Engineer Vuelve a tus resultados: [[backlinkLabel]] Desarrollador Full Stack Remoto - Remoto Workmate SA [[upButtonMessage]] full time www.remoteandtalent-je.com 20 jul 2026 At Remote and Talent , we are looking for a talented Semi Senior Full Stack Developer to join Workmate, a company building innovative, high-impact technology solutions for the mining industry across Latin America. You will work remotely with a team focused on creating scalable applications that improve operational efficiency for leading clients in the sector. In this role, you will contribute across the full development lifecycle—from analyzing business needs and designing automated solutions to development, deployment, and continuous improvement. We are looking for someone with strong hands-on experience in TypeScript, NestJS, Angular, PostgreSQL, and AWS, who enjoys solving real-world challenges and delivering high-quality software in an agile environment. Ver más Ver menos [[downButtonMessage]] LinkedIn Twitter Facebook © 2026 Jobrapido | C.I.F: IT11876271005 Trabajos Empresas Condiciones del Servicio Política de Privacidad Ayuda Contacto",,https://ar.jobrapido.com/jobpreview/88579454904827904?redirectTo=https%253A%252F%252Fremoteandtalent.com%252Fdevelopment%252Fdesarrollador-full-stack-workmate-sa-7884%253Futm_source%253Djobrapido%2526utm_campaign%253Dfeed&w=Python&p=3,Desarrollador Full Stack,jobrapido,2026-09-06T02:45:12.142858,,,,
5499717130892869632,Desarrollador .Net Full Stack Semi Senior — Remoto (Rosario),Greencode Software,Rosario,"Open or close the mobile menu Jobrapido Entrar Inscríbete Publica una oferta Ayuda Empresas Clear job input Profesión / Palabras clave Ofertas de trabajo para Desarrollador Full en Rosario ¿Qué trabajo estás buscando? Clear location input Localidad Búsqueda avanzada de empleo Relevancia Fecha [[distance.label]] [[d.text]] Close Localidad Gran Buenos Aires Capital Federal Córdoba Santa Fé Neuquén Rosario Mendoza Rincón De Los Sauces Gba Sur Mar Del Plata Búsquedas relacionadas Software Software Engineer Python Software Engineer Management Modelo Services Engineer Security Product Engineering Product Engineer Quality Engineer Vuelve a tus resultados: [[backlinkLabel]] Desarrollador .Net Full Stack Semi Senior — Remoto (Rosario) Rosario - Región Centro Greencode Software [[upButtonMessage]] full time www.kitempleo.com.ar 01 sep 2026 Una empresa de software busca un/a FullStack Developer . Net para unirse a su equipo en Buenos Aires. El rol implica construir plataformas, gestionar datos y asegurar la calidad mediante automatización. Se requiere experiencia en C#, . NET, React y APIs RESTful, con un enfoque en resultados y cumplimiento de deadlines. Ofrecemos un remuneración competitiva, trabajo 100% remoto, y un ambiente colaborativo con horarios flexibles. ¡Postulate y sé parte de un equipo que valora el aprendizaje y bienestar! #J-*****-Ljbffr Ver más Ver menos [[downButtonMessage]] LinkedIn Twitter Facebook © 2026 Jobrapido | C.I.F: IT11876271005 Trabajos Empresas Condiciones del Servicio Política de Privacidad Ayuda Contacto",,https://ar.jobrapido.com/jobpreview/5499717130892869632?redirectTo=https%253A%252F%252Fwww.kitempleo.com.ar%252Fempleo%252F53013155%252Fdesarrollador-net-full-stack-semi-senior-remoto-rosario&w=Python&p=3,Desarrollador Full Stack,jobrapido,2026-09-06T02:45:12.143333,,,,
1820072825680035840,Desarrollador/a Backend Rosario (Argentina),Importante empresa,Rosario,"Jobrapido Publica una oferta Ayuda Empresas Entrar Inscríbete Profesión / Palabras clave Localidad Ofertas de trabajo para Backend Rosario en Rosario Trabajos > Backend Rosario > Rosario Localidad Gran Buenos Aires Capital Federal Córdoba Santa Fé Neuquén Rosario Mendoza Rincón De Los Sauces Gba Sur Mar Del Plata Búsquedas relacionadas Software Software Engineer Python Software Engineer Management Modelo Services Engineer Security Product Engineering Product Engineer Quality Engineer Vuelve a tus resultados: [[backlinkLabel]] Desarrollador/a Backend Rosario (Argentina) Rosario - Región Centro Importante empresa [[upButtonMessage]] full time Publicado enwww.kitempleo.com.ar 01 sep 2026 Estamos buscando un/a Desarrollador/a de Software Semi Senior que quiera sumarse al equipo de Data & Platforms de una reconocida empresa Agtech, con foco inicial en backend, datos e infraestructura ¿Cuales seran tus principales desafios? Diseñar, desarrollar y mantener servicios backend en Python, priorizando codigo limpio, testeable y performante Construir e integrar pipelines de datos y servicios sobre AWS (S3, DynamoDB, Elasticsearch, entre otros) Contenerizar aplicaciones con Docker y colaborar en su despliegue y operacion en AWS Participar en decisiones de arquitectura de datos y servicios junto al equipo Diagnosticar y resolver incidentes de produccion, y colaborar con Producto y Data para traducir requerimientos en soluciones tecnicas Ir incorporando gradualmente trabajo en frontend/full-stack segun necesidad del equipo ? Desarrollador/a Backend (Rosario) ? Findme ? Rosario Ver más Ver menos [[downButtonMessage]] LinkedIn Twitter Facebook © 2026 Jobrapido | C.I.F: IT11876271005 Trabajos Empresas Condiciones del Servicio Política de Privacidad Ayuda Contacto",,https://ar.jobrapido.com/jobpreview/1820072825680035840?redirectTo=https%253A%252F%252Fwww.kitempleo.com.ar%252Fempleo%252F52937201%252Fdesarrollador-a-backend-rosario-argentina&w=Python&p=3,Desarrollador Full Stack,jobrapido,2026-09-06T02:45:12.143816,,,,
4036456613920374784,Desarrollador/a Backend Rosario (Argentina),Importante grupo,Rosario,"Jobrapido Publica una oferta Ayuda Empresas Entrar Inscríbete Profesión / Palabras clave Localidad Ofertas de trabajo para Backend Rosario en Rosario Trabajos > Backend Rosario > Rosario Localidad Gran Buenos Aires Capital Federal Córdoba Santa Fé Neuquén Rosario Mendoza Rincón De Los Sauces Gba Sur Mar Del Plata Búsquedas relacionadas Software Software Engineer Python Software Engineer Management Modelo Services Engineer Security Product Engineering Product Engineer Quality Engineer Vuelve a tus resultados: [[backlinkLabel]] Desarrollador/a Backend Rosario (Argentina) Rosario - Región Centro Importante grupo [[upButtonMessage]] full time Publicado enwww.kitempleo.com.ar 30 ago 2026 Estamos buscando un/a Desarrollador/a de Software Semi Senior que quiera sumarse al equipo de Data & Platforms de una reconocida empresa Agtech, con foco inicial en backend, datos e infraestructura ¿Cuales seran tus principales desafios? Diseñar, desarrollar y mantener servicios backend en Python, priorizando codigo limpio, testeable y performante Construir e integrar pipelines de datos y servicios sobre AWS (S3, DynamoDB, Elasticsearch, entre otros) Contenerizar aplicaciones con Docker y colaborar en su despliegue y operacion en AWS Participar en decisiones de arquitectura de datos y servicios junto al equipo Diagnosticar y resolver incidentes de produccion, y colaborar con Producto y Data para traducir requerimientos en soluciones tecnicas Ir incorporando gradualmente trabajo en frontend/full-stack segun necesidad del equipo ? Desarrollador/a Backend (Rosario) ? Findme ? Rosario Ver más Ver menos [[downButtonMessage]] LinkedIn Twitter Facebook © 2026 Jobrapido | C.I.F: IT11876271005 Trabajos Empresas Condiciones del Servicio Política de Privacidad Ayuda Contacto",,https://ar.jobrapido.com/jobpreview/4036456613920374784?redirectTo=https%253A%252F%252Fwww.kitempleo.com.ar%252Fempleo%252F52884823%252Fdesarrollador-a-backend-rosario-argentina&w=Python&p=3,Desarrollador Full Stack,jobrapido,2026-09-06T02:45:12.144285,,,,
2080742087455670272,Desarrollador/A Backend (Rosario),Empresa líder,Rosario,"Jobrapido Publica una oferta Ayuda Empresas Entrar Inscríbete Profesión / Palabras clave Localidad Ofertas de trabajo para Backend en Rosario Trabajos > Backend > Rosario Localidad Gran Buenos Aires Capital Federal Córdoba Santa Fé Neuquén Rosario Mendoza Rincón De Los Sauces Gba Sur Mar Del Plata Búsquedas relacionadas Software Software Engineer Python Software Engineer Management Modelo Services Engineer Security Product Engineering Product Engineer Quality Engineer Vuelve a tus resultados: [[backlinkLabel]] Desarrollador/A Backend (Rosario) Rosario - Región Centro Empresa líder [[upButtonMessage]] full time Publicado enwww.kitempleo.com.ar 30 ago 2026 Estamos buscando un/a Desarrollador/a de Software Semi Senior que quiera sumarse al equipo de Data & Platforms de una reconocida empresa Agtech, con foco inicial en backend, datos e infraestructura ¿Cuales seran tus principales desafios? - Diseñar, desarrollar y mantener servicios backend en Python, priorizando codigo limpio, testeable y performante - Construir e integrar pipelines de datos y servicios sobre AWS (S3, DynamoDB, Elasticsearch, entre otros) - Contenerizar aplicaciones con Docker y colaborar en su despliegue y operacion en AWS - Participar en decisiones de arquitectura de datos y servicios junto al equipo - Diagnosticar y resolver incidentes de produccion, y colaborar con Producto y Data para traducir requerimientos en soluciones tecnicas - Ir incorporando gradualmente trabajo en frontend/full-stack segun necesidad del equipo ? Desarrollador/a Backend (Rosario) ? Findme ? Rosario Ver más Ver menos [[downButtonMessage]] LinkedIn Twitter Facebook © 2026 Jobrapido | C.I.F: IT11876271005 Trabajos Empresas Condiciones del Servicio Política de Privacidad Ayuda Contacto",,https://ar.jobrapido.com/jobpreview/2080742087455670272?redirectTo=https%253A%252F%252Fwww.kitempleo.com.ar%252Fempleo%252F52859630%252Fdesarrollador-a-backend-rosario&w=Python&p=3,Desarrollador Full Stack,jobrapido,2026-09-06T02:45:12.144773,,,,
7366383653733007360,Desarrollador/A Backend (Rosario),Importante grupo,Rosario,"Open or close the mobile menu Jobrapido Entrar Inscríbete Publica una oferta Ayuda Empresas Clear job input Profesión / Palabras clave Ofertas de trabajo para Backend en Rosario ¿Qué trabajo estás buscando? Clear location input Localidad Búsqueda avanzada de empleo Relevancia Fecha [[distance.label]] [[d.text]] Close Localidad Gran Buenos Aires Capital Federal Córdoba Santa Fé Neuquén Rosario Mendoza Rincón De Los Sauces Gba Sur Mar Del Plata Búsquedas relacionadas Software Software Engineer Python Software Engineer Management Modelo Services Engineer Security Product Engineering Product Engineer Quality Engineer Vuelve a tus resultados: [[backlinkLabel]] Desarrollador/A Backend (Rosario) Rosario - Región Centro Importante grupo [[upButtonMessage]] full time www.kitempleo.com.ar 28 ago 2026 Estamos buscando un/a Desarrollador/a de Software Semi Senior que quiera sumarse al equipo de Data & Platforms de una reconocida empresa Agtech, con foco inicial en backend, datos e infraestructura ¿Cuales seran tus principales desafios? - Diseñar, desarrollar y mantener servicios backend en Python, priorizando codigo limpio, testeable y performante - Construir e integrar pipelines de datos y servicios sobre AWS (S3, DynamoDB, Elasticsearch, entre otros) - Contenerizar aplicaciones con Docker y colaborar en su despliegue y operacion en AWS - Participar en decisiones de arquitectura de datos y servicios junto al equipo - Diagnosticar y resolver incidentes de produccion, y colaborar con Producto y Data para traducir requerimientos en soluciones tecnicas - Ir incorporando gradualmente trabajo en frontend/full-stack segun necesidad del equipo ? Desarrollador/a Backend (Rosario) ? Findme ? Rosario Ver más Ver menos [[downButtonMessage]] LinkedIn Twitter Facebook © 2026 Jobrapido | C.I.F: IT11876271005 Trabajos Empresas Condiciones del Servicio Política de Privacidad Ayuda Contacto",,https://ar.jobrapido.com/jobpreview/7366383653733007360?redirectTo=https%253A%252F%252Fwww.kitempleo.com.ar%252Fempleo%252F52835223%252Fdesarrollador-a-backend-rosario&w=Python&p=3,Desarrollador Full Stack,jobrapido,2026-09-06T02:45:12.145243,,,,
7843609014863659008,Desarrollador/a Backend (Rosario),Findme,Rosario,"Open or close the mobile menu Jobrapido Entrar Inscríbete Publica una oferta Ayuda Empresas Clear job input Profesión / Palabras clave Ofertas de trabajo para Backend en Rosario ¿Qué trabajo estás buscando? Clear location input Localidad Búsqueda avanzada de empleo Relevancia Fecha [[distance.label]] [[d.text]] Close Localidad Gran Buenos Aires Capital Federal Córdoba Santa Fé Neuquén Rosario Mendoza Rincón De Los Sauces Gba Sur Mar Del Plata Búsquedas relacionadas Software Software Engineer Python Software Engineer Management Modelo Services Engineer Security Product Engineering Product Engineer Quality Engineer Vuelve a tus resultados: [[backlinkLabel]] Desarrollador/a Backend (Rosario) Rosario - Región Centro Findme [[upButtonMessage]] full time www.kitempleo.com.ar 28 ago 2026 Estamos buscando un/a Desarrollador/a de Software Semi Senior que quiera sumarse al equipo de Data & Platforms de una reconocida empresa Agtech, con foco inicial en backend, datos e infraestructura ¿Cuales seran tus principales desafios? - Diseñar, desarrollar y mantener servicios backend en Python, priorizando codigo limpio, testeable y performante - Construir e integrar pipelines de datos y servicios sobre AWS (S3, DynamoDB, Elasticsearch, entre otros) - Contenerizar aplicaciones con Docker y colaborar en su despliegue y operacion en AWS - Participar en decisiones de arquitectura de datos y servicios junto al equipo - Diagnosticar y resolver incidentes de produccion, y colaborar con Producto y Data para traducir requerimientos en soluciones tecnicas - Ir incorporando gradualmente trabajo en frontend/full-stack segun necesidad del equipo Ver más Ver menos [[downButtonMessage]] LinkedIn Twitter Facebook © 2026 Jobrapido | C.I.F: IT11876271005 Trabajos Empresas Condiciones del Servicio Política de Privacidad Ayuda Contacto",,https://ar.jobrapido.com/jobpreview/7843609014863659008?redirectTo=https%253A%252F%252Fwww.kitempleo.com.ar%252Fempleo%252F52816276%252Fdesarrollador-a-backend-rosario&w=Python&p=3,Desarrollador Full Stack,jobrapido,2026-09-06T02:45:12.145717,,,,
2073912385080393728,Oferta de empleo: Desarrollador JAVA Importante Fintech SSR o SR - Zona Rosario Centro,N/A,Rosario,"Open or close the mobile menu Jobrapido Entrar Inscríbete Publica una oferta Ayuda Empresas Clear job input Profesión / Palabras clave Ofertas de trabajo para Oferta De en Rosario ¿Qué trabajo estás buscando? Clear location input Localidad Búsqueda avanzada de empleo Relevancia Fecha [[distance.label]] [[d.text]] Close Localidad Gran Buenos Aires Capital Federal Córdoba Santa Fé Neuquén Rosario Mendoza Rincón De Los Sauces Gba Sur Mar Del Plata Búsquedas relacionadas Software Software Engineer Python Software Engineer Management Modelo Services Engineer Security Product Engineering Product Engineer Quality Engineer Vuelve a tus resultados: [[backlinkLabel]] Oferta de empleo: Desarrollador JAVA Importante Fintech SSR o SR - Zona Rosario Centro Rosario - Región Centro [[upButtonMessage]] full time www.goempleo.com 09 jul 2026 Oferta de empleo: Desarrollador JAVA Importante Fintech SSR o SR - Zona Rosario Centro: La descripción del trabajo.: Desarrollador JAVA Importante Fintech SSR o SR Zona Rosario Centro Rosario, Santa Fe · Hoy, 09:42 a. m. (actualizada) SMART HUNTERS Este sello certifica que los datos y actividad de esta empresa han sido verificado meticulosamente por parte de goempleo Enviar mi CV Desarrollador JAVA Importante Fintech SSR o SR - Zona Rosario Centro Enviar mi CV Sobre la oferta La empresa Desarrollador JAVA Importante Fintech SSR o SR Zona Rosario Centro Rosario, Santa Fe · Hoy, 09:42 a. m. (actualizada) SMART HUNTERS Este sello certifica que los datos y actividad de esta empresa han sido verificado meticulosamente por parte de goempleo Enviar mi CV Desarrollador JAVA Importante Fintech SSR o SR - Zona Rosario Centro Enviar mi CV Sobre la oferta La empresa Descripción de la oferta: » Para importante Fintech cuya actividad principal es el desarrollo y comercialización de servicios informáticos para participantes del mercado de capitales -fundamentalmente, servicio de back office para Agentes de Negociación y Agentes de Liquidación y Compensación registrados ante la Comisión Nacional de Valores- estamos en búsqueda de Developers Fullstack para formar parte de su equipo de Sistemas. # Desarrollador Full Stack Buscamos desarrolladores full stack, con sólida formación en análisis, diseño y programación de sistemas (ingeniería y carreras afines). Perfiles: Semi Senior (de 2 a 6 años de experiencia). Stack tecnológico: Java, Hibernate, Vaadin, GIT. Valoramos: conocimientos de programación funcional, trabajo en equipo, sentido de la responsabilidad, utilización de metodologías ágiles e interés en la investigación y aprendizaje de nuevos lenguajes de programación / frameworks. Además de poseer formación sólida en técnicas de análisis, relevamiento y diseño de sistemas. Conocimientos requeridos: Java Hibernate / JPA Spring Framework Javascript / Typescript SVN/GIT Bases de datos relacionales: Postgresql, Oracle, MySql. POO (conocimientos sólidos) y patrones de diseño. Las condiciones de contratación son: Horario: lunes a viernes, de 10 a 19. Lugar del puesto Edificio Torre de la Bolsa de Comercio de Rosario (centro de Rosario). Beneficios adicionales: 1) cobertura médica en favor del empleado con SWISS MEDICAL en plan a definir por empresa; 2) Crédito en Almuerzo por valor de $2.500; 3) Refrigerios diversos sin costo; y 4) Acuerdo con Gimnasio. Requerimientos » Educación mínima: Universitario » Años de experiencia: 3 » Disponibilidad de Viajar: No » Disponibilidad de cambio de residencia: No » Enviar mi CV Resumen del empleo » Desarrollador JAVA Importante Fintech SSR o SR » Rosario, Santa Fe » Empresa SMART HUNTERS Seguir Dejar de seguir Recibe notificaciones nuevas de SMART HUNTERS Contraseña incorrecta Obligatorio He leído y acepto las Condiciones Legales incluidas en el aviso legal y la política de privacidad Obligatorio Acepto recibir información ocasional sobre productos, servicios y eventos de DGNET y sus colaboradores Ver detalle legal Información básica de privacidad y contacto Responsable DGNET Ltd, registrada en Escocia n°189977, con domicilio en 10 York Place, Edimburgo EH1 3EP, Reino Unido y teléfono de Contáctenos: +44 131 473 1049. Finalidad Realizar una correcta gestión de los servicios a los que te suscribas. Legitimación Ejecución de un contrato, consentimiento, interés legítimo y cumplimiento de una obligación legal. Destinatarios Podrán acceder a tus datos los prestadores de servicios de DGNET Ltd, incluyendo otras empresas de su grupo. Únicamente se cederán datos por obligación legal. Derechos Tienes derecho a acceder, rectificar y suprimir los datos, así como otros derechos, cuyo detalle se incluye en nuestra Política de Privacidad completa. » Tipo de contrato Contrato por tiempo indeterminado » Jornada Jornada completa » Enviar mi CV Competencia/cualificación: Categorí­a del Empleo: [ Ver todos ] Requerimientos de Idioma: Tipo de Empleo: Sueldo: No especificado Titulación: Sin especificar Experiencia: No especificado Localización del Empleo: Otra Tipo de empresa Empleador Día de envío: 2026/08/13 / Viewed 919 times Información de Contacto Empresa: Ver más Ver menos [[downButtonMessage]] LinkedIn Twitter Facebook © 2026 Jobrapido | C.I.F: IT11876271005 Trabajos Empresas Condiciones del Servicio Política de Privacidad Ayuda Contacto",,https://ar.jobrapido.com/jobpreview/2073912385080393728?redirectTo=https%253A%252F%252Fwww.goempleo.com%252Fview.php%253Fjob_id%253D1258631&w=Python&p=3,Desarrollador Full Stack,jobrapido,2026-09-06T02:45:12.146227,,,,
4148995391414599680,Empleo: Desarrollador JAVA Importante Fintech SSR o SR - Zona Rosario Centro,N/A,Rosario,"Open or close the mobile menu Jobrapido Entrar Inscríbete Publica una oferta Ayuda Empresas Clear job input Profesión / Palabras clave Ofertas de trabajo para Desarrollador JAVA en Rosario ¿Qué trabajo estás buscando? Clear location input Localidad Búsqueda avanzada de empleo Relevancia Fecha [[distance.label]] [[d.text]] Close Localidad Gran Buenos Aires Capital Federal Córdoba Santa Fé Neuquén Rosario Mendoza Rincón De Los Sauces Gba Sur Mar Del Plata Búsquedas relacionadas Software Software Engineer Python Software Engineer Management Modelo Services Engineer Security Product Engineering Product Engineer Quality Engineer Vuelve a tus resultados: [[backlinkLabel]] Empleo: Desarrollador JAVA Importante Fintech SSR o SR - Zona Rosario Centro Rosario - Región Centro [[upButtonMessage]] full time www.goempleo.com 03 jul 2026 Empleo: Desarrollador JAVA Importante Fintech SSR o SR - Zona Rosario Centro: La descripción del trabajo.: Desarrollador JAVA Importante Fintech SSR o SR Zona Rosario Centro Rosario, Santa Fe · Hoy, 04:34 a. m. (actualizada) SMART HUNTERS Este sello certifica que los datos y actividad de esta empresa han sido verificado meticulosamente por parte de goempleo Enviar mi CV Desarrollador JAVA Importante Fintech SSR o SR - Zona Rosario Centro Enviar mi CV Sobre la oferta La empresa Desarrollador JAVA Importante Fintech SSR o SR Zona Rosario Centro Rosario, Santa Fe · Hoy, 04:34 a. m. (actualizada) SMART HUNTERS Este sello certifica que los datos y actividad de esta empresa han sido verificado meticulosamente por parte de goempleo Enviar mi CV Desarrollador JAVA Importante Fintech SSR o SR - Zona Rosario Centro Enviar mi CV Sobre la oferta La empresa Descripción de la oferta: » Para importante Fintech cuya actividad principal es el desarrollo y comercialización de servicios informáticos para participantes del mercado de capitales -fundamentalmente, servicio de back office para Agentes de Negociación y Agentes de Liquidación y Compensación registrados ante la Comisión Nacional de Valores- estamos en búsqueda de Developers Fullstack para formar parte de su equipo de Sistemas. # Desarrollador Full Stack Buscamos desarrolladores full stack, con sólida formación en análisis, diseño y programación de sistemas (ingeniería y carreras afines). Perfiles: Semi Senior (de 2 a 6 años de experiencia). Stack tecnológico: Java, Hibernate, Vaadin, GIT. Valoramos: conocimientos de programación funcional, trabajo en equipo, sentido de la responsabilidad, utilización de metodologías ágiles e interés en la investigación y aprendizaje de nuevos lenguajes de programación / frameworks. Además de poseer formación sólida en técnicas de análisis, relevamiento y diseño de sistemas. Conocimientos requeridos: Java Hibernate / JPA Spring Framework Javascript / Typescript SVN/GIT Bases de datos relacionales: Postgresql, Oracle, MySql. POO (conocimientos sólidos) y patrones de diseño. Las condiciones de contratación son: Horario: lunes a viernes, de 10 a 19. Lugar del puesto Edificio Torre de la Bolsa de Comercio de Rosario (centro de Rosario). Beneficios adicionales: 1) cobertura médica en favor del empleado con SWISS MEDICAL en plan a definir por empresa; 2) Crédito en Almuerzo por valor de $2.500; 3) Refrigerios diversos sin costo; y 4) Acuerdo con Gimnasio. Requerimientos » Educación mínima: Universitario » Años de experiencia: 3 » Disponibilidad de Viajar: No » Disponibilidad de cambio de residencia: No » Enviar mi CV Resumen del empleo » Desarrollador JAVA Importante Fintech SSR o SR » Rosario, Santa Fe » Empresa SMART HUNTERS Seguir Dejar de seguir Recibe notificaciones nuevas de SMART HUNTERS Contraseña incorrecta Obligatorio He leído y acepto las Condiciones Legales incluidas en el aviso legal y la política de privacidad Obligatorio Acepto recibir información ocasional sobre productos, servicios y eventos de DGNET y sus colaboradores Ver detalle legal Información básica de privacidad y contacto Responsable DGNET Ltd, registrada en Escocia n°189977, con domicilio en 10 York Place, Edimburgo EH1 3EP, Reino Unido y teléfono de Contáctenos: +44 131 473 1049. Finalidad Realizar una correcta gestión de los servicios a los que te suscribas. Legitimación Ejecución de un contrato, consentimiento, interés legítimo y cumplimiento de una obligación legal. Destinatarios Podrán acceder a tus datos los prestadores de servicios de DGNET Ltd, incluyendo otras empresas de su grupo. Únicamente se cederán datos por obligación legal. Derechos Tienes derecho a acceder, rectificar y suprimir los datos, así como otros derechos, cuyo detalle se incluye en nuestra Política de Privacidad completa. » Tipo de contrato Contrato por tiempo indeterminado » Jornada Jornada completa » Enviar mi CV Competencia/cualificación: Categorí­a del Empleo: [ Ver todos ] Requerimientos de Idioma: Tipo de Empleo: Sueldo: No especificado Titulación: Sin especificar Experiencia: No especificado Localización del Empleo: Otra Tipo de empresa Empleador Día de envío: 2026/08/07 / Viewed 886 times Información de Contacto Empresa: Ver más Ver menos [[downButtonMessage]] LinkedIn Twitter Facebook © 2026 Jobrapido | C.I.F: IT11876271005 Trabajos Empresas Condiciones del Servicio Política de Privacidad Ayuda Contacto",,https://ar.jobrapido.com/jobpreview/4148995391414599680?redirectTo=https%253A%252F%252Fwww.goempleo.com%252Fview.php%253Fjob_id%253D1259523&w=Python&p=3,Desarrollador Full Stack,jobrapido,2026-09-06T02:45:12.146738,,,,
6698011838245765120,Backend/Full-stack Developer (Rosario),Carlo Ratti Associati,Rosario,"Open or close the mobile menu Jobrapido Entrar Inscríbete Publica una oferta Ayuda Empresas Clear job input Profesión / Palabras clave Ofertas de trabajo para Developer en Rosario ¿Qué trabajo estás buscando? Clear location input Localidad Búsqueda avanzada de empleo Relevancia Fecha [[distance.label]] [[d.text]] Close Localidad Gran Buenos Aires Capital Federal Córdoba Santa Fé Neuquén Rosario Mendoza Rincón De Los Sauces Gba Sur Mar Del Plata Búsquedas relacionadas Software Software Engineer Python Software Engineer Management Modelo Services Engineer Security Product Engineering Product Engineer Quality Engineer Vuelve a tus resultados: [[backlinkLabel]] Backend/Full-stack Developer (Rosario) Rosario - Región Centro Carlo Ratti Associati [[upButtonMessage]] full time www.kitempleo.com.ar 20 ago 2026 Debi es una pasarela de pagos recurrentes que está teniendo un fuerte crecimiento en Latinoamérica. Buscamos un desarrollador backend/full-stack con mentalidad práctica y colaborativa, que disfrute trabajar sobre una base sólida y desafiante, mejorándola de manera constante sin necesidad de reinventarla. Nuestra principal misión es impactar positivamente en nuestro equipo de trabajo, clientes y comunidad, respectivamente. Tenemos una cultura orientada a las personas que se enfoca en el desarrollo personal y profesional de sus colaboradores. Somos flexibles pero altamente comprometidos y responsables. Amamos la tecnología y nos gusta trabajar con personas proactivas, dinámicas y pujantes. En Debi todxs velamos por el bienestar y crecimiento del otro. El conocimiento se comparte y no se atesora. Elegimos el feedback en todo momento. Todxs pueden proponer cambios y compartir su opinión. La información está disponible para todxs y si no está escrita, no existe. ¿Cuál es tu objetivo? El principal objetivo del puesto es garantizar que nuestra aplicación funcione de manera fiable, que siga evolucionando de forma sostenible y que podamos crecer sin perder velocidad ni calidad. ¿Qué harás en este rol? Mejorar la calidad del código y el rendimiento de nuestra aplicación (PHP, Laravel, Vue.js, MySQL, Redis). Mantener la aplicación existente, desarrollar nuevas conexiones e integraciones con proveedores externos. Proponer mejoras al stack tecnológico y llevarlas a cabo gradualmente, enfocadas primero en lo nuevo y luego en optimizar lo que ya funciona. Desarrollar plugins y componentes para integrar nuestra API en plataformas de terceros. Participar en el desarrollo de nuevas líneas de productos y funciones para nuestra API y frontend. Lo que buscamos Actitud constructiva, positiva y orientada a resultados: alguien que valora la solidez del código existente y lo mejora paso a paso. Habilidad para trabajar con código heredado, entenderlo, respetarlo y evolucionarlo sin necesidad de reescribirlo todo. Perfil ejecutor, con foco en avanzar y entregar valor. Curiosidad, ganas de aprender, de superar retos propios, y capacidad de colaborar con el equipo. Buenas competencias de comunicación, espíritu de equipo y energía para aportar al clima laboral. Es excluyente 4+ años de experiencia desarrollando proyectos de alta calidad. Experiencia sólida con PHP 8 y Laravel. Experiencia implementando (y de preferencia desarrollando) APIs. Mentalidad ágil: puede iterar rápidamente, recibe y da feedback con apertura y espíritu positivo. Compromiso, responsabilidad y foco en cumplir objetivos. Experiencia con herramientas del ecosistema Laravel. Experiencia con la normativa PCI DSS: comprensión de sus principios de seguridad de datos de tarjetas de pago, almacenamiento/transmisión, controles de acceso, etc. Experiencia con AWS u otros entornos en la nube. Experiencia con herramientas del ecosistema Vue.js. Ser miembro activo de la comunidad open-source. Conocimiento del panorama fintech. Experiencia trabajando en startups. Remuneración y Beneficios Equipo joven, cercano y con trato horizontal que vela por el desarrollo personal y profesional de su equipo. Remuneración a consensuar según experiencia y habilidades. Bono adicional equivalente a un sueldo según cumplimiento de objetivos. Home office y libertad para trabajar desde cualquier lugar del mundo. Horarios flexibles y trabajo por objetivos. 7 días extras al año, además de las vacaciones establecidas por ley. Amplio margen para crecer dentro de la empresa. Provisión de notebook (al cabo de 3 años, la notebook será propiedad del colaborador) Si te sentís identificado/a con nuestra cultura y querés ser parte una startup con gran ADN tecnológico, en pleno crecimiento internacional y en una industria con onda expansiva. #J-18808-Ljbffr Ver más Ver menos [[downButtonMessage]] LinkedIn Twitter Facebook © 2026 Jobrapido | C.I.F: IT11876271005 Trabajos Empresas Condiciones del Servicio Política de Privacidad Ayuda Contacto",,https://ar.jobrapido.com/jobpreview/6698011838245765120?redirectTo=https%253A%252F%252Fwww.kitempleo.com.ar%252Fempleo%252F52561530%252Fbackend-full-stack-developer-rosario&w=Python&p=3,Desarrollador Full Stack,jobrapido,2026-09-06T02:45:12.147208,,,,
4718128465654579200,Desarrollador Full Stack (Mendoza),Itrio,Mendoza,"Open or close the mobile menu Jobrapido Entrar Inscríbete Publica una oferta Ayuda Empresas Clear job input Profesión / Palabras clave Ofertas de trabajo para Desarrollador Full en Mendoza ¿Qué trabajo estás buscando? Clear location input Localidad Búsqueda avanzada de empleo Relevancia Fecha [[distance.label]] [[d.text]] Close Localidad Gran Buenos Aires Capital Federal Córdoba Santa Fé Neuquén Rosario Mendoza Rincón De Los Sauces Gba Sur Mar Del Plata Búsquedas relacionadas Software Software Engineer Python Software Engineer Management Modelo Services Engineer Security Product Engineering Product Engineer Quality Engineer Vuelve a tus resultados: [[backlinkLabel]] Desarrollador Full Stack (Mendoza) Mendoza - Región Cuyo Itrio [[upButtonMessage]] full time www.kitempleo.com.ar 03 sep 2026 Desarrollador Full Stack Ubicación: Mendoza, Argentina Modalidad: Full Time Para una relevante empresa de la ciudad de Mendoza, nos encontramos en la búsqueda de un Desarrollador Full Stack con experiencia en tecnologías modernas de desarrollo web y mobile. Responsabilidades Desarrollo y mantenimiento de aplicaciones móviles en React Native para iOS y Android. Desarrollo de aplicaciones web utilizando React, Next.js y tecnologías asociadas. Diseño e implementación de servicios backend con TypeScript y NestJS. Integración con bases de datos, APIs y servicios de terceros. Participación en despliegues y mantenimiento de aplicaciones en entornos productivos. Colaboración con equipos multidisciplinarios bajo metodologías ágiles. Requisitos Experiencia comprobable en React Native (iOS y Android). Conocimientos en publicación y actualización de aplicaciones en Google Play Store y Apple App Store. Experiencia en React.js y Next.js. Manejo de componentes reutilizables y librerías como TanStack y React Query. Experiencia en desarrollo backend con TypeScript y NestJS. Conocimientos en diseño e implementación de APIs REST, bases de datos e integraciones. Experiencia en despliegues y soporte de aplicaciones en producción. Se valorará Experiencia en arquitecturas de microservicios. Conocimientos de Clean Architecture y buenas prácticas de desarrollo. Capacidad de trabajo en equipo y orientación a resultados. #J-*****-Ljbffr Ver más Ver menos [[downButtonMessage]] LinkedIn Twitter Facebook © 2026 Jobrapido | C.I.F: IT11876271005 Trabajos Empresas Condiciones del Servicio Política de Privacidad Ayuda Contacto",,https://ar.jobrapido.com/jobpreview/4718128465654579200?redirectTo=https%253A%252F%252Fwww.kitempleo.com.ar%252Fempleo%252F53125446%252Fdesarrollador-full-stack-mendoza&w=Python&p=3,Desarrollador Full Stack,jobrapido,2026-09-06T02:45:12.147678,,,,
1985832106307092480,Desarrollador Full Stack (Córdoba),Rekluti,Córdoba,"Open or close the mobile menu Jobrapido Entrar Inscríbete Publica una oferta Ayuda Empresas Clear job input Profesión / Palabras clave Ofertas de trabajo para Desarrollador Full en Córdoba ¿Qué trabajo estás buscando? Clear location input Localidad Búsqueda avanzada de empleo Relevancia Fecha [[distance.label]] [[d.text]] Close Localidad Gran Buenos Aires Capital Federal Córdoba Santa Fé Neuquén Rosario Mendoza Rincón De Los Sauces Gba Sur Mar Del Plata Búsquedas relacionadas Software Software Engineer Python Software Engineer Management Modelo Services Engineer Security Product Engineering Product Engineer Quality Engineer Vuelve a tus resultados: [[backlinkLabel]] Desarrollador Full Stack (Córdoba) Córdoba - Región Centro Rekluti [[upButtonMessage]] other www.kitempleo.com.ar 23 ago 2026 Job description Desarrollador/a Full Stack – Python / Angular / Go En Rekluti, consultora especializada en talento tecnológico en LATAM, buscamos un/a Desarrollador/a Full Stack para integrarse a proyectos de alta complejidad y participar en el desarrollo de soluciones web escalables. Buscamos un perfil con sólida experiencia en Python, Angular y Go, capaz de desenvolverse de manera autónoma, aportar en decisiones técnicas y colaborar con equipos multidisciplinarios. 🎯 Principales responsabilidades - Diseñar, desarrollar y mantener aplicaciones Full Stack, participando en frontend y backend. - Desarrollar servicios y APIs REST utilizando principalmente Python y Go. - Construir y mantener interfaces web modernas con Angular. - Participar en el diseño de arquitecturas y definición de soluciones técnicas. - Integrar servicios, APIs y diferentes componentes de la plataforma. - Desarrollar código limpio, mantenible, escalable y de alta calidad. - Participar en revisiones de código, testing y resolución de incidencias. - Colaborar con equipos de Producto, QA, DevOps y otros perfiles técnicos. - Contribuir a la mejora continua de procesos y buenas prácticas de desarrollo. - Trabajar con servicios cloud y ambientes desplegados sobre Google Cloud Platform (GCP). - Participar eventualmente en iniciativas de desarrollo mobile utilizando Flutter. 💻 Requisitos - 5+ años de experiencia en desarrollo de software. - Experiencia sólida como Full Stack Developer. - Dominio avanzado de Python, especialmente para desarrollo backend. - Experiencia sólida con Angular para desarrollo frontend. - Experiencia competente con Go (Golang) en desarrollo de servicios y aplicaciones. - Experiencia construyendo APIs REST, microservicios e integraciones. - Conocimientos de bases de datos SQL y/o NoSQL. - Experiencia trabajando con Git y metodologías ágiles. - Conocimientos de GCP y servicios cloud. - Nociones o experiencia previa con Flutter. - Capacidad de análisis y resolución de problemas com Ver más Ver menos [[downButtonMessage]] LinkedIn Twitter Facebook © 2026 Jobrapido | C.I.F: IT11876271005 Trabajos Empresas Condiciones del Servicio Política de Privacidad Ayuda Contacto",,https://ar.jobrapido.com/jobpreview/1985832106307092480?redirectTo=https%253A%252F%252Fwww.kitempleo.com.ar%252Fempleo%252F52647658%252Fdesarrollador-full-stack-cordoba&w=Python&p=3,Desarrollador Full Stack,jobrapido,2026-09-06T02:45:12.148143,,,,
3078485599024316416,Desarrollador Full Stack (Salta),Ceta Capital Humano,Salta,"Open or close the mobile menu Jobrapido Entrar Inscríbete Publica una oferta Ayuda Empresas Clear job input Profesión / Palabras clave Ofertas de trabajo para Desarrollador Full en Salta ¿Qué trabajo estás buscando? Clear location input Localidad Búsqueda avanzada de empleo Relevancia Fecha [[distance.label]] [[d.text]] Close Localidad Gran Buenos Aires Capital Federal Córdoba Santa Fé Neuquén Rosario Mendoza Rincón De Los Sauces Gba Sur Mar Del Plata Búsquedas relacionadas Software Software Engineer Python Software Engineer Management Modelo Services Engineer Security Product Engineering Product Engineer Quality Engineer Vuelve a tus resultados: [[backlinkLabel]] Desarrollador Full Stack (Salta) Salta - Región Norte Ceta Capital Humano [[upButtonMessage]] full time www.kitempleo.com.ar 02 sep 2026 Nos encontramos en la búsqueda de Desarrollador Full Stack Sr/Ssr para sumarse al equipo de relevante Universidad en Salta Buscamos una persona con experiencia en el desarrollo de aplicaciones web usando Node.js, React y Base de Datos relacionales. El rol implica trabajar en estrecha colaboración con el equipo de desarrolladores para crear aplicaciones robustas y escalables. Responsabilidades: • Desarrollar y mantener aplicaciones web front-end utilizando Reactjs y PHP Laravel. • Crear y gestionar APIs, servicios y micro servicios back-end usando Node.js. • Tener experiencia en implementar interfaces de usuario atractivas y funcionales (CSS, tailwind ,bootstrap o material design). • Escribir código limpio, eficiente y mantenible. • Participar en revisiones de código y asegurar la calidad del mismo. • Trabajar con bases de datos relacionales MySQL, Postgresql, Oracle (deseable). • Solucionar problemas y depurar aplicaciones. • Mantenerse actualizado con las últimas tendencias y tecnologías en desarrollo web. Requisitos: • Experiencia comprobable como Desarrollador Full Stack de 3-5 años. • Sólidos conocimientos en Node.js y experiencia en la construcción de APIs RESTful. • Experiencia en el desarrollo de aplicaciones front-end con React. • Experiencia trabajando con Laravel, Eloquent (deseable). • Familiaridad con bases de datos como MySQL, PostgreSQL y Oracle (deseable). • Experiencia con herramientas de control de versiones como Git. • Capacidad para trabajar en equipo y colaborar eficazmente con otros desarrolladores y diseñadores. • Excelentes habilidades de resolución de problemas y atención al detalle. • Experiencia con Docker y Kubernetes. (deseable) • Conocimiento en metodologías ágiles como Scrum o Kanban (deseable) Condiciones: • Modalidad de trabajo Hibrido (4 días presencial, 1 home) • Descuentos en cuotas mensuales del 50% para carreras de pregrado, grado y postgrado para el empleado y familiares directos (cónyuge, hijos) • Descuento en librería Ler Ver más Ver menos [[downButtonMessage]] LinkedIn Twitter Facebook © 2026 Jobrapido | C.I.F: IT11876271005 Trabajos Empresas Condiciones del Servicio Política de Privacidad Ayuda Contacto",,https://ar.jobrapido.com/jobpreview/3078485599024316416?redirectTo=https%253A%252F%252Fwww.kitempleo.com.ar%252Fempleo%252F52986462%252Fdesarrollador-full-stack-salta&w=Python&p=3,Desarrollador Full Stack,jobrapido,2026-09-06T02:45:12.148611,,,,
1254030753503641600,Oferta de empleo: Desarrollador(a) Full-Stack,N/A,Remoto,"Open or close the mobile menu Jobrapido Entrar Inscríbete Publica una oferta Ayuda Empresas Clear job input Profesión / Palabras clave Ofertas de trabajo para Oferta De en Remoto ¿Qué trabajo estás buscando? Clear location input Localidad Búsqueda avanzada de empleo Relevancia Fecha [[distance.label]] [[d.text]] Close Localidad Gran Buenos Aires Capital Federal Córdoba Santa Fé Neuquén Rosario Mendoza Rincón De Los Sauces Gba Sur Mar Del Plata Búsquedas relacionadas Software Software Engineer Python Software Engineer Management Modelo Services Engineer Security Product Engineering Product Engineer Quality Engineer Vuelve a tus resultados: [[backlinkLabel]] Oferta de empleo: Desarrollador(a) Full-Stack Remoto - Remoto [[upButtonMessage]] full time www.goempleo.com 05 jul 2026 Oferta de empleo: Desarrollador(a) Full-Stack: La descripción del trabajo.: Provincia: REMOTO Ciudad/Zona: REMOTO Características: Vacantes: 6 Tipo: Full-time Referencia: FS Otros datos: Empresa: Importante Emp. Lider Publicado: 11 de Mayo 2020 Finaliza en: 89 dias, 23 horas y 7 minutos Funciones de Desarrollador(a) Full Stack * Desarrollo de aplicaciones Web / back * Creación de prototipos / soporte de aplicaciones * Definición y/o soporte a nivel de Arquitectura de la aplicación * Ser parte de un equipo de trabajo enfocado en autogestión (metología Scrum) Requerimientos del cargo * Coordinación, planificación y desarrollo de aplicaciones y servicios web * Amplia experiencia en manejo de Lenguajes de programación Java EE, Angular y Js, * Conocimiento en servidores de aplicaciones como Jboss, Wildfly, Glassfish, Websphere. * Manejo de bus de datos como Apigee de Google, * Gestión de recursos en cloud computing usando plataformas como Google Cloud Platform, AWS y Azure. * Experiencia en soporte aplicación basadas en diversos lenguajes de programación y bajo diversas arquitecturas, * Muy enfocada/o a investigar, auto aprendizaje Opcionales * Conocimiento en configuración desarrollo e implementación de CMS como son Liferay Beneficios * Creación de soluciones Innovadoras que tendrán impacto en miles de personas. We offer you: Very open working model using agile methodologies and goal oriented 100% remote working with flexible schedules Excellent payment Relaxed startup-oriented and friendly working environment If you consider that your profile is aligned to the requirements of the position, please send your CV to and / or , with Ref: Remote FS indicating the desired remuneration. We guarantee absolute reservation. Thank you!! Competencia/cualificación: Categorí­a del Empleo: [ Ver todos ] Requerimientos de Idioma: Tipo de Empleo: Sueldo: No especificado Titulación: Sin especificar Experiencia: No especificado Localización del Empleo: REMOTO, Otra Tipo de empresa Empleador Día de envío: 2026/08/09 / Viewed 911 times Información de Contacto Empresa: Ver más Ver menos [[downButtonMessage]] LinkedIn Twitter Facebook © 2026 Jobrapido | C.I.F: IT11876271005 Trabajos Empresas Condiciones del Servicio Política de Privacidad Ayuda Contacto",,https://ar.jobrapido.com/jobpreview/1254030753503641600?redirectTo=https%253A%252F%252Fwww.goempleo.com%252Fview.php%253Fjob_id%253D1258069&w=Python&p=3,Desarrollador Full Stack,jobrapido,2026-09-06T02:45:12.149113,,,,
746564373023031296,Desarrollador/a Full Stack (Maipú),Importante empresa del sector,Maipú,"Open or close the mobile menu Jobrapido Entrar Inscríbete Publica una oferta Ayuda Empresas Clear job input Profesión / Palabras clave Ofertas de trabajo para Full Stack en Maipú ¿Qué trabajo estás buscando? Clear location input Localidad Búsqueda avanzada de empleo Relevancia Fecha [[distance.label]] [[d.text]] Close Localidad Gran Buenos Aires Capital Federal Córdoba Santa Fé Neuquén Rosario Mendoza Rincón De Los Sauces Gba Sur Mar Del Plata Búsquedas relacionadas Software Software Engineer Python Software Engineer Management Modelo Services Engineer Security Product Engineering Product Engineer Quality Engineer Vuelve a tus resultados: [[backlinkLabel]] Desarrollador/a Full Stack (Maipú) Maipú - Región Cuyo Importante empresa del sector [[upButtonMessage]] full time www.kitempleo.com.ar 03 sep 2026 Nos encontramos en la búsqueda de un/a Desarrollador/a Full Stack para sumarse al equipo de Sistemas, participando en proyectos de desarrollo de aplicaciones, automatización de procesos, análisis de datos y transformación digital. Principales responsabilidades: - Desarrollar y mantener aplicaciones web internas. - Participar en proyectos de transformación digital. - Diseñar e implementar integraciones entre sistemas mediante APIs. - Automatizar procesos de negocio. - Diseñar, desarrollar y optimizar consultas SQL. - Construir reportes y tableros de gestión. - Analizar datos y generar indicadores para distintas áreas de la organización. - Investigar e implementar nuevas tecnologías que aporten valor al negocio. Requisitos excluyentes: - HTML5. - CSS3. - JavaScript (ES6+). - React. - Node.js. - Express. - Diseño y consumo de APIs REST. - Manejo de autenticación y autorización. - SQL y bases de datos relacionales. Requisitos deseables: - Next.js. - TypeScript. - PostgreSQL. - Docker. - Git y GitHub. - Automatización de procesos mediante n8n o herramientas similares. - Desarrollo de Progressive Web Apps (PWA). - Integración con servicios Cloud. - Conocimientos de Inteligencia Artificial aplicada a procesos empresariales. - Experiencia integrando modelos LLM mediante APIs. Competencias valoradas: - Pensamiento analítico. - Resolución de problemas complejos. - Autonomía. - Proactividad. - Orientación a resultados. - Aprendizaje continuo. - Comunicación efectiva con usuarios no técnicos. - Capacidad para transformar necesidades de negocio en soluciones tecnológicas. Ver más Ver menos [[downButtonMessage]] LinkedIn Twitter Facebook © 2026 Jobrapido | C.I.F: IT11876271005 Trabajos Empresas Condiciones del Servicio Política de Privacidad Ayuda Contacto",,https://ar.jobrapido.com/jobpreview/746564373023031296?redirectTo=https%253A%252F%252Fwww.kitempleo.com.ar%252Fempleo%252F53098355%252Fdesarrollador-a-full-stack-maipu&w=Python&p=3,Desarrollador Full Stack,jobrapido,2026-09-06T02:45:12.149583,,,,
8540374549907111936,Desarrollador Full Stack Junior (Córdoba),Julio Bellone y asociados,Córdoba,"Jobrapido Publica una oferta Ayuda Empresas Entrar Inscríbete Profesión / Palabras clave Localidad Ofertas de trabajo para Desarrollador Full en Córdoba Trabajos > Desarrollador Full > Córdoba Localidad Gran Buenos Aires Capital Federal Córdoba Santa Fé Neuquén Rosario Mendoza Rincón De Los Sauces Gba Sur Mar Del Plata Búsquedas relacionadas Software Software Engineer Python Software Engineer Management Modelo Services Engineer Security Product Engineering Product Engineer Quality Engineer Vuelve a tus resultados: [[backlinkLabel]] Desarrollador Full Stack Junior (Córdoba) Córdoba - Región Centro Julio Bellone y asociados [[upButtonMessage]] full time Publicado enwww.kitempleo.com.ar 28 ago 2026 Nos encontramos en la búsqueda de un Desarrollador Full Stack Junior para integrarse a un equipo vibrante, participando activamente en el desarrollo web, integración de sistemas, automatización de procesos (incluyendo IA) y el mantenimiento de nuestro ERP. Requisitos Técnicos Backend: Node.js, Express.js, desarrollo de APIs REST, validación de datos y autenticación (JWT). Frontend: React.js, consumo de APIs REST, manejo de estados y diseño de interfaces responsivas (HTML5, CSS3, JavaScript ES6+). Bases de Datos: Experiencia en MySQL y PostgreSQL (creación/optimización de consultas SQL y modelado relacional). Integraciones: Consumo de APIs de terceros, manejo de JSON y automatización de flujos de datos. Control de Versiones: Git y GitHub (ramas y pull requests). Cloud & Deploy (Deseable): Conocimientos en Railway o Google Cloud Platform (GCP), configuración de variables de entorno y gestión básica de servidores. Tareas Principales Desarrollo, mantenimiento y optimización de aplicaciones web y sistemas ERP. Diseño y ejecución de automatizaciones con Inteligencia Artificial (API + Desarrollo). Creación, mantenimiento e integración de APIs con sistemas externos. Despliegue, monitoreo de aplicaciones en la nube y corrección de errores. Participación activa en el análisis y diseño de nuevas soluciones tecnológicas. Ver más Ver menos [[downButtonMessage]] LinkedIn Twitter Facebook © 2026 Jobrapido | C.I.F: IT11876271005 Trabajos Empresas Condiciones del Servicio Política de Privacidad Ayuda Contacto",,https://ar.jobrapido.com/jobpreview/8540374549907111936?redirectTo=https%253A%252F%252Fwww.kitempleo.com.ar%252Fempleo%252F52803273%252Fdesarrollador-full-stack-junior-cordoba&w=Python&p=3,Desarrollador Full Stack,jobrapido,2026-09-06T02:45:12.150053,,,,
7353958622583324672,Desarrollador Full Stack Junior (Presencial),Bellone Asociados,Córdoba,"Open or close the mobile menu Jobrapido Entrar Inscríbete Publica una oferta Ayuda Empresas Clear job input Profesión / Palabras clave Ofertas de trabajo para Desarrollador Full en Córdoba ¿Qué trabajo estás buscando? Clear location input Localidad Búsqueda avanzada de empleo Relevancia Fecha [[distance.label]] [[d.text]] Close Localidad Gran Buenos Aires Capital Federal Córdoba Santa Fé Neuquén Rosario Mendoza Rincón De Los Sauces Gba Sur Mar Del Plata Búsquedas relacionadas Software Software Engineer Python Software Engineer Management Modelo Services Engineer Security Product Engineering Product Engineer Quality Engineer Vuelve a tus resultados: [[backlinkLabel]] Desarrollador Full Stack Junior (Presencial) Córdoba - Región Centro Bellone Asociados [[upButtonMessage]] full time www.sherlockhr.com 26 ago 2026 Nos encontramos en la búsqueda de un Desarrollador Full Stack Junior para integrarse a un equipo dinámico, participando activamente en el desarrollo web, integración de sistemas, automatización de procesos (incluyendo IA) y el mantenimiento de nuestro ERP. Requisitos Técnicos Backend: Node.js, Express.js, desarrollo de APIs REST, validación de datos y autenticación (JWT). Frontend: React.js, consumo de APIs REST, manejo de estados y diseño de interfaces responsivas (HTML5, CSS3, JavaScript ES6+). Bases de Datos: Experiencia en MySQL y PostgreSQL (creación/optimización de consultas SQL y modelado relacional). Integraciones: Consumo de APIs de terceros, manejo de JSON y automatización de flujos de datos. Control de Versiones: Git y GitHub (ramas y pull requests). Cloud & Deploy (Deseable): Conocimientos en Railway o Google Cloud Platform (GCP), configuración de variables de entorno y gestión básica de servidores. Tareas Principales Desarrollo, mantenimiento y optimización de aplicaciones web y sistemas ERP. Diseño y ejecución de automatizaciones con Inteligencia Artificial (API + Desarrollo). Creación, mantenimiento e integración de APIs con sistemas externos. Despliegue, monitoreo de aplicaciones en la nube y corrección de errores. Participación activa en el análisis y diseño de nuevas soluciones tecnológicas. Ver más Ver menos [[downButtonMessage]] LinkedIn Twitter Facebook © 2026 Jobrapido | C.I.F: IT11876271005 Trabajos Empresas Condiciones del Servicio Política de Privacidad Ayuda Contacto",,https://ar.jobrapido.com/jobpreview/7353958622583324672?redirectTo=https%253A%252F%252Fbelloneasociados.pandape.computrabajo.com%252FDetail%252F13428004%253Fov%253D6%2526utm_source%253Djobrapido%2526utm_medium%253Dreferral%2526utm_campaign%253Dfeed%2526utm_term%253Dorganic%2526utm_content%253Dats&w=Python&p=3,Desarrollador Full Stack,jobrapido,2026-09-06T02:45:12.150524,,,,
8872635281509974016,Desarrollador/a Full Stack: Impulsa Transformación Digital (Maipú),Importante empresa del sector,Maipú,"Open or close the mobile menu Jobrapido Entrar Inscríbete Publica una oferta Ayuda Empresas Clear job input Profesión / Palabras clave Ofertas de trabajo para Full Impulsa en Maipú ¿Qué trabajo estás buscando? Clear location input Localidad Búsqueda avanzada de empleo Relevancia Fecha [[distance.label]] [[d.text]] Close Localidad Gran Buenos Aires Capital Federal Córdoba Santa Fé Neuquén Rosario Mendoza Rincón De Los Sauces Gba Sur Mar Del Plata Búsquedas relacionadas Software Software Engineer Python Software Engineer Management Modelo Services Engineer Security Product Engineering Product Engineer Quality Engineer Vuelve a tus resultados: [[backlinkLabel]] Desarrollador/a Full Stack: Impulsa Transformación Digital (Maipú) Maipú - Región Cuyo Importante empresa del sector [[upButtonMessage]] full time www.kitempleo.com.ar 22 ago 2026 Relevante empresa del sector busca un/a Desarrollador/a Full Stack para sumarse al equipo de Sistemas, participando en proyectos de desarrollo de aplicaciones, automatización de procesos, análisis de datos y transformación digital. Entre tus responsabilidades estarán desarrollar y mantener aplicaciones web internas, diseñar e implementar integraciones entre sistemas mediante APIs y construir reportes para la gestión. Ver más Ver menos [[downButtonMessage]] LinkedIn Twitter Facebook © 2026 Jobrapido | C.I.F: IT11876271005 Trabajos Empresas Condiciones del Servicio Política de Privacidad Ayuda Contacto",,https://ar.jobrapido.com/jobpreview/8872635281509974016?redirectTo=https%253A%252F%252Fwww.kitempleo.com.ar%252Fempleo%252F52615981%252Fdesarrollador-a-full-stack-impulsa-transformacion-digital-maipu&w=Python&p=3,Desarrollador Full Stack,jobrapido,2026-09-06T02:45:12.150993,,,,
3982617927554695168,Desarrollador/A Full Stack: Impulsa Transformación Digital (Mendoza),Importante empresa del sector,Mendoza,"Open or close the mobile menu Jobrapido Entrar Inscríbete Publica una oferta Ayuda Empresas Clear job input Profesión / Palabras clave Ofertas de trabajo para Full Impulsa en Mendoza ¿Qué trabajo estás buscando? Clear location input Localidad Búsqueda avanzada de empleo Relevancia Fecha [[distance.label]] [[d.text]] Close Localidad Gran Buenos Aires Capital Federal Córdoba Santa Fé Neuquén Rosario Mendoza Rincón De Los Sauces Gba Sur Mar Del Plata Búsquedas relacionadas Software Software Engineer Python Software Engineer Management Modelo Services Engineer Security Product Engineering Product Engineer Quality Engineer Vuelve a tus resultados: [[backlinkLabel]] Desarrollador/A Full Stack: Impulsa Transformación Digital (Mendoza) Mendoza - Región Cuyo Importante empresa del sector [[upButtonMessage]] full time www.kitempleo.com.ar 20 ago 2026 Significativo empresa del sector busca un/a Desarrollador/a Full Stack para sumarse al equipo de Sistemas, participando en proyectos de desarrollo de aplicaciones, automatización de procesos, análisis de datos y transformación digital.Entre tus responsabilidades estarán desarrollar y mantener aplicaciones web internas, diseñar e implementar integraciones entre sistemas mediante APIs y construir reportes para la gestión. #J-*****-Ljbffr Ver más Ver menos [[downButtonMessage]] LinkedIn Twitter Facebook © 2026 Jobrapido | C.I.F: IT11876271005 Trabajos Empresas Condiciones del Servicio Política de Privacidad Ayuda Contacto",,https://ar.jobrapido.com/jobpreview/3982617927554695168?redirectTo=https%253A%252F%252Fwww.kitempleo.com.ar%252Fempleo%252F52577422%252Fdesarrollador-a-full-stack-impulsa-transformacion-digital-mendoza&w=Python&p=4,Desarrollador Full Stack,jobrapido,2026-09-06T02:47:58.728737,,,,
8761654477632569344,Empleo: Desarrollador Java / Full Stack - Pacheco (Zona Norte),N/A,"Gba Norte, Pacheco","Open or close the mobile menu Jobrapido Entrar Inscríbete Publica una oferta Ayuda Empresas Clear job input Profesión / Palabras clave Ofertas de trabajo para Desarrollador Java en Pacheco ¿Qué trabajo estás buscando? Clear location input Localidad Búsqueda avanzada de empleo Relevancia Fecha [[distance.label]] [[d.text]] Close Localidad Gran Buenos Aires Capital Federal Córdoba Santa Fé Neuquén Rosario Mendoza Rincón De Los Sauces Gba Sur Mar Del Plata Búsquedas relacionadas Software Software Engineer Python Software Engineer Management Modelo Services Engineer Security Product Engineering Product Engineer Quality Engineer Vuelve a tus resultados: [[backlinkLabel]] Empleo: Desarrollador Java / Full Stack - Pacheco (Zona Norte) Pacheco - Región Centro, Gba Norte - Provincia De Buenos Aires [[upButtonMessage]] full time www.goempleo.com 09 jul 2026 Empleo: Desarrollador Java / Full Stack - Pacheco (Zona Norte): La descripción del trabajo.: Desarrollador Java / Full Stack Pacheco (Zona Norte) Gral. Pacheco, Buenos Aires · Hoy, 04:03 a. m. (actualizada) BD Capital Humano Enviar mi CV Desarrollador Java / Full Stack - Pacheco (Zona Norte) Enviar mi CV Sobre la oferta La empresa Desarrollador Java / Full Stack Pacheco (Zona Norte) Gral. Pacheco, Buenos Aires · Hoy, 04:03 a. m. (actualizada) BD Capital Humano Enviar mi CV Desarrollador Java / Full Stack - Pacheco (Zona Norte) Enviar mi CV Sobre la oferta La empresa Descripción de la oferta: » En BD Capital Humano estamos buscando para trabajar en relación de dependencia directa con un importante y reconocido grupo de soluciones tecnológicas, desarrolladores Java y Java Full Stack. Se ofrecen excelentes beneficios: Home semanal y horario flexible (jornada de 9 hs a acordar) Comedor muy subvencionado Bono anual Swiss Medical familiar Línea de celular Personal, etc Tendrá a cargo: - Desarrollo de sistemas transaccionales - Integraciones en puntos de venta con sistemas de cobro de servicios y recarga de celulares. (preferentemente electrónica), gateways de pagos electrónicos, conciliaciones bancarias, sistemas de fidelización de clientes.... se recluta: - Graduado o estudiante avanzado de carrera de sistemas - Experiencia en Spring y Angular (Deseable), Lugar: General Pacheco (GBA) Horario: jornada de 9 hs, flexible (a partir de las 7 de la mañana) y 1 home office semanal. Requerimientos » Educación mínima: Terciario » Años de experiencia: 2 » Disponibilidad de Viajar: No » Disponibilidad de cambio de residencia: No » Enviar mi CV Resumen del empleo » Desarrollador Java / Full Stack » Gral. Pacheco, Buenos Aires » Empresa BD Capital Humano Seguir Dejar de seguir Recibe notificaciones nuevas de BD Capital Humano Contraseña incorrecta Obligatorio He leído y acepto las Condiciones Legales incluidas en el aviso legal y la política de privacidad Obligatorio Acepto recibir información ocasional sobre productos, servicios y eventos de DGNET y sus colaboradores Ver detalle legal Información básica de privacidad y contacto Responsable DGNET Ltd, registrada en Escocia n°189977, con domicilio en 10 York Place, Edimburgo EH1 3EP, Reino Unido y teléfono de Contáctenos: +44 131 473 1049. Finalidad Realizar una correcta gestión de los servicios a los que te suscribas. Legitimación Ejecución de un contrato, consentimiento, interés legítimo y cumplimiento de una obligación legal. Destinatarios Podrán acceder a tus datos los prestadores de servicios de DGNET Ltd, incluyendo otras empresas de su grupo. Únicamente se cederán datos por obligación legal. Derechos Tienes derecho a acceder, rectificar y suprimir los datos, así como otros derechos, cuyo detalle se incluye en nuestra Política de Privacidad completa. » Tipo de contrato Contrato por tiempo indeterminado » Jornada Jornada completa » Enviar mi CV Competencia/cualificación: Categorí­a del Empleo: [ Ver todos ] Requerimientos de Idioma: Tipo de Empleo: Sueldo: No especificado Titulación: Sin especificar Experiencia: No especificado Localización del Empleo: Otra Tipo de empresa Empleador Día de envío: 2026/08/13 / Viewed 908 times Información de Contacto Empresa: Ver más Ver menos [[downButtonMessage]] LinkedIn Twitter Facebook © 2026 Jobrapido | C.I.F: IT11876271005 Trabajos Empresas Condiciones del Servicio Política de Privacidad Ayuda Contacto",,https://ar.jobrapido.com/jobpreview/8761654477632569344?redirectTo=https%253A%252F%252Fwww.goempleo.com%252Fview.php%253Fjob_id%253D1260779&w=Python&p=4,Desarrollador Full Stack,jobrapido,2026-09-06T02:47:58.729318,,,,
4797501591588438016,Desarrollador/a Full Stack Semi Senior (.NET) (Córdoba),ENCODE,Córdoba,"Jobrapido Publica una oferta Ayuda Empresas Entrar Inscríbete Profesión / Palabras clave Localidad Ofertas de trabajo para Full Stack en Córdoba Trabajos > Full Stack > Córdoba Localidad Gran Buenos Aires Capital Federal Córdoba Santa Fé Neuquén Rosario Mendoza Rincón De Los Sauces Gba Sur Mar Del Plata Búsquedas relacionadas Software Software Engineer Python Software Engineer Management Modelo Services Engineer Security Product Engineering Product Engineer Quality Engineer Vuelve a tus resultados: [[backlinkLabel]] Desarrollador/a Full Stack Semi Senior (.NET) (Córdoba) Córdoba - Región Centro ENCODE [[upButtonMessage]] full time Publicado enwww.kitempleo.com.ar 20 ago 2026 Buscamos Desarrollador/a Full Stack Semi Senior (.NET) Sobre el rol: Buscamos un/a desarrollador/a full stack con 4-5 años de experiencia para sumarse a nuestro equipo, participar en el diseño de arquitecturas escalables y desarrollar features de forma independiente en proyectos de mediana/alta complejidad. Stack técnico: 🔹 Frontend: Angular + TypeScript (o Blazor/React), manejo de estado (Redux/Context API), Tailwind CSS o Bootstrap 🔹 Backend: ASP.NET Core Web API, Entity Framework Core, Clean Architecture 🔹 Seguridad: JWT, OAuth2, FluentValidation 🔹 DevOps: CI/CD, Docker, testing (unitario/integración/e2e), cloud (AWS/Azure/GCP) 🔹 Herramientas: Git(Hub/Lab), Postman, VS Code, SQL Server/DBeaver, REST/GraphQL 🔹 Dominio de Clean Architecture, conocer de MVC Buscamos a alguien que: ✅ Pueda debuggear y optimizar performance en escenarios complejos ✅ Tenga buena comunicación técnica y disfrute mentorear a perfiles junior ✅ Tome ownership end-to-end de las features ✅ Se mantenga curioso/a y actualizado/a con nuevas tecnologías ✅ ⁠Implementar patrones de diseño y mejores prácticas de desarrollo Suma puntos (no excluyente): ➕ Serverless architectures ➕ React Native ➕ Kafka/RabbitMQ/Redis ➕ Terraform/CloudFormation ➕ Título universitario en Sistemas o afines Cómo postular Enviar CV (y opcionalmente, repositorios o ejemplos de trabajo) a: 📩 Asunto: Aplicación – Desarrollador/a Full Stack Semi Senior (.NET) Ver más Ver menos [[downButtonMessage]] LinkedIn Twitter Facebook © 2026 Jobrapido | C.I.F: IT11876271005 Trabajos Empresas Condiciones del Servicio Política de Privacidad Ayuda Contacto",,https://ar.jobrapido.com/jobpreview/4797501591588438016?redirectTo=https%253A%252F%252Fwww.kitempleo.com.ar%252Fempleo%252F52550398%252Fdesarrollador-a-full-stack-semi-senior-net-cordoba&w=Python&p=4,Desarrollador Full Stack,jobrapido,2026-09-06T02:47:58.729802,,,,
5109102362266435584,Desarrollador/a Full Stack Semi Senior (Córdoba),ENCODE,Córdoba,"Open or close the mobile menu Jobrapido Entrar Inscríbete Publica una oferta Ayuda Empresas Clear job input Profesión / Palabras clave Ofertas de trabajo para Full Stack en Córdoba ¿Qué trabajo estás buscando? Clear location input Localidad Búsqueda avanzada de empleo Relevancia Fecha [[distance.label]] [[d.text]] Close Localidad Gran Buenos Aires Capital Federal Córdoba Santa Fé Neuquén Rosario Mendoza Rincón De Los Sauces Gba Sur Mar Del Plata Búsquedas relacionadas Software Software Engineer Python Software Engineer Management Modelo Services Engineer Security Product Engineering Product Engineer Quality Engineer Vuelve a tus resultados: [[backlinkLabel]] Desarrollador/a Full Stack Semi Senior (Córdoba) Córdoba - Región Centro ENCODE [[upButtonMessage]] full time www.kitempleo.com.ar 19 ago 2026 Buscamos Desarrollador/a Full Stack Semi Senior (.NET) Sobre el rol: Buscamos un/a desarrollador/a full stack con 4-5 años de experiencia para sumarse a nuestro equipo, participar en el diseño de arquitecturas escalables y desarrollar features de forma independiente en proyectos de mediana/alta complejidad. Stack técnico: 🔹 Frontend: Angular + TypeScript (o Blazor/React), manejo de estado (Redux/Context API), Tailwind CSS o Bootstrap 🔹 Backend: ASP.NET Core Web API, Entity Framework Core, Clean Architecture 🔹 Seguridad: JWT, OAuth2, FluentValidation 🔹 DevOps: CI/CD, Docker, testing (unitario/integración/e2e), cloud (AWS/Azure/GCP) 🔹 Herramientas: Git(Hub/Lab), Postman, VS Code, SQL Server/DBeaver, REST/GraphQL 🔹 Dominio de Clean Architecture, conocer de MVC Buscamos a alguien que: ✅ Pueda debuggear y optimizar performance en escenarios complejos ✅ Tenga buena comunicación técnica y disfrute mentorear a perfiles junior ✅ Tome ownership end-to-end de las features ✅ Se mantenga curioso/a y actualizado/a con nuevas tecnologías ✅ ⁠Implementar patrones de diseño y mejores prácticas de desarrollo Suma puntos (no excluyente): ➕ Serverless architectures ➕ React Native ➕ Kafka/RabbitMQ/Redis ➕ Terraform/CloudFormation ➕ Título universitario en Sistemas o afines Cómo postular Enviar CV (y opcionalmente, repositorios o ejemplos de trabajo) a: 📩 Asunto: Aplicación – Desarrollador/a Full Stack Semi Senior (.NET) Ver más Ver menos [[downButtonMessage]] LinkedIn Twitter Facebook © 2026 Jobrapido | C.I.F: IT11876271005 Trabajos Empresas Condiciones del Servicio Política de Privacidad Ayuda Contacto",,https://ar.jobrapido.com/jobpreview/5109102362266435584?redirectTo=https%253A%252F%252Fwww.kitempleo.com.ar%252Fempleo%252F52500448%252Fdesarrollador-a-full-stack-semi-senior-cordoba&w=Python&p=4,Desarrollador Full Stack,jobrapido,2026-09-06T02:47:58.730277,,,,
1693682864555556864,Desarrollador Full Stack Jr (Área Metropolitana Córdoba),Consultores De Empresas,Córdoba,"Open or close the mobile menu Jobrapido Entrar Inscríbete Publica una oferta Ayuda Empresas Clear job input Profesión / Palabras clave Ofertas de trabajo para Desarrollador Full en Córdoba ¿Qué trabajo estás buscando? Clear location input Localidad Búsqueda avanzada de empleo Relevancia Fecha [[distance.label]] [[d.text]] Close Localidad Gran Buenos Aires Capital Federal Córdoba Santa Fé Neuquén Rosario Mendoza Rincón De Los Sauces Gba Sur Mar Del Plata Búsquedas relacionadas Software Software Engineer Python Software Engineer Management Modelo Services Engineer Security Product Engineering Product Engineer Quality Engineer Vuelve a tus resultados: [[backlinkLabel]] Desarrollador Full Stack Jr (Área Metropolitana Córdoba) Córdoba - Región Centro Consultores De Empresas [[upButtonMessage]] other www.kitempleo.com.ar 02 sep 2026 Desarrollador Full Stack Jr (NodeJS – Angular) – Sumate a Grupo Consultores de Empresas En Grupo Consultores de Empresas, buscamos personas apasionadas, comprometidas y con ganas de crecer profesionalmente. Si estás listo/a para sumarte a un equipo que valora el talento y la calidad humana, esta oportunidad es para vos. --- Sobre el puesto: -Título del puesto: Desarrollador Full Stack Jr (NodeJS – Angular) -Lugar de trabajo: híbrido (lunes y viernes presencial) -Horario: 9 a 18hs -Modalidad de contratación: a tiempo indefinido. --- ¿Qué esperamos de vos? -Perfil profesional: Desarrollador Full Stack Jr (NodeJS – Angular) Deseable: AWS y MongoDB -Competencias clave: • Proactividad y resolución de problemas • Trabajo en equipo y comunicación --- ¿Qué te ofrecemos? En Grupo Consultores de Empresas sabemos que el éxito comienza con personas felices y valoradas. Por eso, contamos con beneficios que hacen la diferencia: Bienestar y reconocimiento: • Día de cumpleaños libre • Reconocimientos por antigüedad Desarrollo profesional y financiero: • Capacitaciones continuas • Becas de estudio y programas de reintegro de becas • Posibilidad de adelantos de sueldo Flexibilidad y calidad de vida: • Home office coordinado con tu líder • Almuerzos mensuales por equipo • Desayunos todos los viernes --- ¿Por qué elegirnos? Porque somos más que una empresa: somos un equipo que trabaja con pasión y compromiso, creando un ambiente cálido, profesional y lleno de oportunidades para crecer. ? --- Si cumplís con los requisitos y te interesa formar parte de nuestro equipo, esperamos tu postulación. Tu próximo paso competente puede empezar acá LI-Onsite Ver más Ver menos [[downButtonMessage]] LinkedIn Twitter Facebook © 2026 Jobrapido | C.I.F: IT11876271005 Trabajos Empresas Condiciones del Servicio Política de Privacidad Ayuda Contacto",,https://ar.jobrapido.com/jobpreview/1693682864555556864?redirectTo=https%253A%252F%252Fwww.kitempleo.com.ar%252Fempleo%252F53029595%252Fdesarrollador-full-stack-jr-area-metropolitana-cordoba&w=Python&p=4,Desarrollador Full Stack,jobrapido,2026-09-06T02:47:58.730756,,,,
6198663272372109312,Desarrollador Full Stack Junior Presencial (Córdoba),Sin nombre,Córdoba,"Jobrapido Publica una oferta Ayuda Empresas Entrar Inscríbete Profesión / Palabras clave Localidad Ofertas de trabajo para Desarrollador Full en Córdoba Trabajos > Desarrollador Full > Córdoba Localidad Gran Buenos Aires Capital Federal Córdoba Santa Fé Neuquén Rosario Mendoza Rincón De Los Sauces Gba Sur Mar Del Plata Búsquedas relacionadas Software Software Engineer Python Software Engineer Management Modelo Services Engineer Security Product Engineering Product Engineer Quality Engineer Vuelve a tus resultados: [[backlinkLabel]] Desarrollador Full Stack Junior Presencial (Córdoba) Córdoba - Región Centro Sin nombre [[upButtonMessage]] full time Publicado enwww.kitempleo.com.ar 27 ago 2026 Nos encontramos en la búsqueda de un Desarrollador Full Stack Junior para integrarse a un equipo ágil, participando activamente en el desarrollo web, integración de sistemas, automatización de procesos incluyendo IA y el mantenimiento de nuestro ERP. Requisitos Técnicos Backend Node.js, Express.js, desarrollo de APIs REST, validación de datos y autenticación JWT. Frontend React.js, consumo de APIs REST, manejo de estados y diseño de interfaces responsivas HTML5, CSS3, JavaScript ES6. Bases de Datos Experiencia en MySQL y PostgreSQL creación optimización de consultas SQL y modelado relacional. Integraciones Consumo de APIs de terceros, manejo de JSON y automatización de flujos de datos. Control de Versiones Git y GitHub ramas y pull requests. Cloud Deploy Deseable Conocimientos en Railway o Google Cloud Platform GCP, configuración de variables de ambiente y gestión básica de servidores. Tareas Principales Desarrollo, mantenimiento y optimización de aplicaciones web y sistemas ERP. Diseño y ejecución de automatizaciones con Inteligencia Artificial API Desarrollo. Creación, mantenimiento e integración de APIs con sistemas externos. Despliegue, monitoreo de aplicaciones en la nube y corrección de errores. Participación activa en el análisis y diseño de nuevas soluciones tecnológicas. Bolsa de trabajo Argentina ofrecemos puesto de Desarrollador Full Stack Junior Presencial para el sector de Informatica Telecomunicaciones en la empresa Bellone Asociados de Cordoba. Salario acorde a tu experiencia y al salario medio del sector. Actualiza ahora tu currículum vitae y postúlate a este empleo. Tipo de empleo Jornada completa. ? Desarrollador Full Stack Junior Presencial (Córdoba) ? Bellone Asociados ? Córdoba Ver más Ver menos [[downButtonMessage]] LinkedIn Twitter Facebook © 2026 Jobrapido | C.I.F: IT11876271005 Trabajos Empresas Condiciones del Servicio Política de Privacidad Ayuda Contacto",,https://ar.jobrapido.com/jobpreview/6198663272372109312?redirectTo=https%253A%252F%252Fwww.kitempleo.com.ar%252Fempleo%252F52796438%252Fdesarrollador-full-stack-junior-presencial-cordoba&w=Python&p=4,Desarrollador Full Stack,jobrapido,2026-09-06T02:47:58.731228,,,,
6763024311528718336,Desarrollador full stack (python + angular + go) (Córdoba),Kruger NearShore LLC - Rekluti,Córdoba,"Open or close the mobile menu Jobrapido Entrar Inscríbete Publica una oferta Ayuda Empresas Clear job input Profesión / Palabras clave Ofertas de trabajo para Desarrollador Full en Córdoba ¿Qué trabajo estás buscando? Clear location input Localidad Búsqueda avanzada de empleo Relevancia Fecha [[distance.label]] [[d.text]] Close Localidad Gran Buenos Aires Capital Federal Córdoba Santa Fé Neuquén Rosario Mendoza Rincón De Los Sauces Gba Sur Mar Del Plata Búsquedas relacionadas Software Software Engineer Python Software Engineer Management Modelo Services Engineer Security Product Engineering Product Engineer Quality Engineer Vuelve a tus resultados: [[backlinkLabel]] Desarrollador full stack (python + angular + go) (Córdoba) Córdoba - Región Centro Kruger NearShore LLC - Rekluti [[upButtonMessage]] other www.kitempleo.com.ar 21 ago 2026 Desarrollador/a Full Stack – Python / Angular / Go En Rekluti , consultora especializada en talento tecnológico en LATAM, buscamos un/a Desarrollador/a Full Stack para integrarse a proyectos de alta complejidad y participar en el desarrollo de soluciones web escalables. Buscamos un perfil con sólida experiencia en Python, Angular y Go , capaz de desenvolverse de manera autónoma, aportar en decisiones técnicas y colaborar con equipos multidisciplinarios. 🎯 Principales responsabilidades Diseñar, desarrollar y mantener aplicaciones Full Stack, participando en frontend y backend. Desarrollar servicios y APIs REST utilizando principalmente Python y Go. Construir y mantener interfaces web modernas con Angular . Participar en el diseño de arquitecturas y definición de soluciones técnicas. Integrar servicios, APIs y diferentes componentes de la plataforma. Desarrollar código limpio, mantenible, escalable y de alta calidad. Participar en revisiones de código, testing y resolución de incidencias. Colaborar con equipos de Producto, QA, Dev Ops y otros perfiles técnicos. Contribuir a la mejora continua de procesos y buenas prácticas de desarrollo. Trabajar con servicios cloud y ambientes desplegados sobre Google Cloud Platform (GCP) . Participar eventualmente en iniciativas de desarrollo mobile utilizando Flutter . 💻 Requisitos 5+ años de experiencia en desarrollo de software. Experiencia sólida como Full Stack Developer . Dominio avanzado de Python , especialmente para desarrollo backend. Ver más Ver menos [[downButtonMessage]] LinkedIn Twitter Facebook © 2026 Jobrapido | C.I.F: IT11876271005 Trabajos Empresas Condiciones del Servicio Política de Privacidad Ayuda Contacto",,https://ar.jobrapido.com/jobpreview/6763024311528718336?redirectTo=https%253A%252F%252Fwww.kitempleo.com.ar%252Fempleo%252F52605539%252Fdesarrollador-full-stack-python-angular-go-cordoba&w=Python&p=4,Desarrollador Full Stack,jobrapido,2026-09-06T02:47:58.731706,,,,
1230017419553013760,Empleo: Desarrollador Full Stack Ssr - Vicente Lopez,N/A,Vicente López,"Open or close the mobile menu Jobrapido Entrar Inscríbete Publica una oferta Ayuda Empresas Clear job input Profesión / Palabras clave Ofertas de trabajo para Desarrollador Full en Vicente López ¿Qué trabajo estás buscando? Clear location input Localidad Búsqueda avanzada de empleo Relevancia Fecha [[distance.label]] [[d.text]] Close Localidad Gran Buenos Aires Capital Federal Córdoba Santa Fé Neuquén Rosario Mendoza Rincón De Los Sauces Gba Sur Mar Del Plata Búsquedas relacionadas Software Software Engineer Python Software Engineer Management Modelo Services Engineer Security Product Engineering Product Engineer Quality Engineer Vuelve a tus resultados: [[backlinkLabel]] Empleo: Desarrollador Full Stack Ssr - Vicente Lopez Vicente López - Provincia De Buenos Aires [[upButtonMessage]] full time www.goempleo.com 08 jul 2026 Empleo: Desarrollador Full Stack Ssr - Vicente Lopez: La descripción del trabajo.: Desarrollador Full Stack Ssr Vicente Lopez Vicente López, Buenos Aires-GBA · Hoy, 05:44 a. m. (actualizada) RH+Tecnología Este sello certifica que los datos y actividad de esta empresa han sido verificado meticulosamente por parte de goempleo 25 evaluaciones Enviar mi CV Desarrollador Full Stack Ssr - Vicente Lopez Enviar mi CV Sobre la oferta La empresaEvaluacionesBeneficios Desarrollador Full Stack Ssr Vicente Lopez Vicente López, Buenos Aires-GBA · Hoy, 05:44 a. m. (actualizada) RH+Tecnología Este sello certifica que los datos y actividad de esta empresa han sido verificado meticulosamente por parte de goempleo 25 evaluaciones Enviar mi CV Desarrollador Full Stack Ssr - Vicente Lopez Enviar mi CV Sobre la oferta La empresaEvaluacionesBeneficios Descripción de la oferta: » En RH+Tecnología te proponemos sumarte como Desarrollador Full Stack para trabajar en un importante cliente del rubro Medios de Comunicación ubicado en Vicente Lopez PROYECTO Los proyectos están orientados a colaborar con la transformación de medios digitales ajustándolos a las necesidades de los usuarios. REQUISITOS Para llevar adelante el rol se recluta: - Experiencia de 2 años como Desarrollador React o Experiencia como Desarrollador JavaScript IMPORTANTE Para aplicar se recluta realizar una Prueba Técnica que se envía por mail SOBRE NOSOTROS En RH Tecnología brindamos servicios IT siendo el foco de trabajo de la Consultora el cuidado de profesionales, clientes y proveedores. Es por ello que tenemos los siguientes compromisos: o Vivimos bajo un horizonte de rentabilidad integral o Cuidamos y alimentamos nuestras relaciones o Impulsamos hábitos saludables y buena calidad de vida o Generamos contextos para el desarrollo sustentable de nuestra comunidad o Somos líderes en servicio y conversamos productivamente o Aportamos a un paradigma laboral digno para vivir y convivir BENEFICIOS Además, contamos con los siguientes beneficios: o Prepaga Primer Nivel o Tarjeta de beneficios Club la Nación, totalmente gratis. o Tenemos una escuela propia de Capacitación (Coach IT), la cual realizamos este año un programa llamado \""Comunicación y Liderazgo\"". Consiste en asistir a un espacio mensual a mejorar todos nuestras habilidades de líderes y comunicadores. o Asignación de un Coach Ontológico personal, seguimiento personalizado de su trabajo. Es una persona dedicada solo a preguntarte como estas y cómo te sientes y sigue tu desarrollo profesional muy de cerca. o Concurso Anual, Sistema RH (consta en acumular llaves por participación, compromiso y membresía) que a fin de año se transforman en posibilidades de ganar un Crucero All Inclusive para 2 personas. o Premios en ocasiones especiales: cumpleaños, paternidad/maternidad, entre otros. o Descuentos en Gimnasio, librerías y escuela de capacitación (Educación IT) o Convenio cuenta Santander Río para amplificar el plan sueldo. Esperamos tu postulación! Requerimientos » Educación mínima: Terciario » Años de experiencia: 3 » Disponibilidad de Viajar: No » Disponibilidad de cambio de residencia: No » Enviar mi CV Resumen del empleo » Desarrollador Full Stack Ssr » Vicente López, Buenos Aires-GBA » Empresa RH+Tecnología Seguir Dejar de seguir Recibe notificaciones nuevas de RH+Tecnología Contraseña incorrecta Obligatorio He leído y acepto las Condiciones Legales incluidas en el aviso legal y la política de privacidad Obligatorio Acepto recibir información ocasional sobre productos, servicios y eventos de DGNET y sus colaboradores Ver detalle legal Información básica de privacidad y contacto Responsable DGNET Ltd, registrada en Escocia n°189977, con domicilio en 10 York Place, Edimburgo EH1 3EP, Reino Unido y teléfono de Contáctenos: +44 131 473 1049. Finalidad Realizar una correcta gestión de los servicios a los que te suscribas. Legitimación Ejecución de un contrato, consentimiento, interés legítimo y cumplimiento de una obligación legal. Destinatarios Podrán acceder a tus datos los prestadores de servicios de DGNET Ltd, incluyendo otras empresas de su grupo. Únicamente se cederán datos por obligación legal. Derechos Tienes derecho a acceder, rectificar y suprimir los datos, así como otros derechos, cuyo detalle se incluye en nuestra Política de Privacidad completa. » Tipo de contrato otro tipo de contrato » Jornada Jornada completa » Enviar mi CV Competencia/cualificación: Categorí­a del Empleo: [ Ver todos ] Requerimientos de Idioma: Tipo de Empleo: Sueldo: No especificado Titulación: Sin especificar Experiencia: No especificado Localización del Empleo: Otra Tipo de empresa Empleador Día de envío: 2026/08/12 / Viewed 885 times Información de Contacto Empresa: Ver más Ver menos [[downButtonMessage]] LinkedIn Twitter Facebook © 2026 Jobrapido | C.I.F: IT11876271005 Trabajos Empresas Condiciones del Servicio Política de Privacidad Ayuda Contacto",,https://ar.jobrapido.com/jobpreview/1230017419553013760?redirectTo=https%253A%252F%252Fwww.goempleo.com%252Fview.php%253Fjob_id%253D1264053&w=Python&p=4,Desarrollador Full Stack,jobrapido,2026-09-06T02:47:58.732214,,,,
8105146890825236480,Desarrollador Full Stack (Python + Angular + Go) (Córdoba),Rekluti,Córdoba,"Jobrapido Publica una oferta Ayuda Empresas Entrar Inscríbete Profesión / Palabras clave Localidad Ofertas de trabajo para Desarrollador Full en Córdoba Trabajos > Desarrollador Full > Córdoba Localidad Gran Buenos Aires Capital Federal Córdoba Santa Fé Neuquén Rosario Mendoza Rincón De Los Sauces Gba Sur Mar Del Plata Búsquedas relacionadas Software Software Engineer Python Software Engineer Management Modelo Services Engineer Security Product Engineering Product Engineer Quality Engineer Vuelve a tus resultados: [[backlinkLabel]] Desarrollador Full Stack (Python + Angular + Go) (Córdoba) Córdoba - Región Centro Rekluti [[upButtonMessage]] other Publicado enwww.kitempleo.com.ar 24 ago 2026 Desarrollador/a Full Stack – Python / Angular / Go En Rekluti, consultora especializada en talento tecnológico en LATAM, buscamos un/a Desarrollador/a Full Stack para integrarse a proyectos de alta complejidad y participar en el desarrollo de soluciones web escalables. Buscamos un perfil con sólida experiencia en Python, Angular y Go, capaz de desenvolverse de manera autónoma, aportar en decisiones técnicas y colaborar con equipos multidisciplinarios. 🎯 Principales responsabilidades - Diseñar, desarrollar y mantener aplicaciones Full Stack, participando en frontend y backend. - Desarrollar servicios y APIs REST utilizando principalmente Python y Go. - Construir y mantener interfaces web modernas con Angular. - Participar en el diseño de arquitecturas y definición de soluciones técnicas. - Integrar servicios, APIs y diferentes componentes de la plataforma. - Desarrollar código limpio, mantenible, escalable y de alta calidad. - Participar en revisiones de código, testing y resolución de incidencias. - Colaborar con equipos de Producto, QA, DevOps y otros perfiles técnicos. - Contribuir a la mejora continua de procesos y buenas prácticas de desarrollo. - Trabajar con servicios cloud y ambientes desplegados sobre Google Cloud Platform (GCP). - Participar eventualmente en iniciativas de desarrollo mobile utilizando Flutter. 💻 Requisitos - 5+ años de experiencia en desarrollo de software. - Experiencia sólida como Full Stack Developer. - Dominio avanzado de Python, especialmente para desarrollo backend. - Experiencia sólida con Angular para desarrollo frontend. - Experiencia profesional con Go (Golang) en desarrollo de servicios y aplicaciones. - Experiencia construyendo APIs REST, microservicios e integraciones. - Conocimientos de bases de datos SQL y/o NoSQL. - Experiencia trabajando con Git y metodologías ágiles. - Conocimientos de GCP y servicios cloud. - Nociones o experiencia previa con Flutter. - Capacidad de análisis y resolución de problemas complejos. - Buenas habilidades de comunicación y trabajo participativo. 🌎 Condiciones de la posición - Modalidad: 100% remoto. - Ubicación: LATAM. - Contratación: Contractor. - Pago: En USD. - Idioma: 🇪🇸 100% en español. No se requiere inglés para esta posición. Si eres un/a desarrollador/a Full Stack con experiencia en Python, Angular y Go y estás buscando un nuevo reto profesional trabajando de forma remota desde LATAM, ¡queremos conocerte! 🚀 Remote All done! Your application has been successfully submitted! View Remote Jobs You've already applied for this job We appreciate your interest in this position. Unfortunately, you have already applied for this job. Ver más Ver menos [[downButtonMessage]] LinkedIn Twitter Facebook © 2026 Jobrapido | C.I.F: IT11876271005 Trabajos Empresas Condiciones del Servicio Política de Privacidad Ayuda Contacto",,https://ar.jobrapido.com/jobpreview/8105146890825236480?redirectTo=https%253A%252F%252Fwww.kitempleo.com.ar%252Fempleo%252F52678977%252Fdesarrollador-full-stack-python-angular-go-cordoba&w=Python&p=4,Desarrollador Full Stack,jobrapido,2026-09-06T02:47:58.732688,,,,
1839102691897245696,Desarrollador Full Stack (Python + Angular + Go) (Córdoba),Importante empresa,Córdoba,"Open or close the mobile menu Jobrapido Entrar Inscríbete Publica una oferta Ayuda Empresas Clear job input Profesión / Palabras clave Ofertas de trabajo para Desarrollador Full en Córdoba ¿Qué trabajo estás buscando? Clear location input Localidad Búsqueda avanzada de empleo Relevancia Fecha [[distance.label]] [[d.text]] Close Localidad Gran Buenos Aires Capital Federal Córdoba Santa Fé Neuquén Rosario Mendoza Rincón De Los Sauces Gba Sur Mar Del Plata Búsquedas relacionadas Software Software Engineer Python Software Engineer Management Modelo Services Engineer Security Product Engineering Product Engineer Quality Engineer Vuelve a tus resultados: [[backlinkLabel]] Desarrollador Full Stack (Python + Angular + Go) (Córdoba) Córdoba - Región Centro Importante empresa [[upButtonMessage]] other www.kitempleo.com.ar 24 ago 2026 Job description Desarrollador/a Full Stack – Python / Angular / Go En Rekluti, consultora especializada en talento tecnológico en LATAM, buscamos un/a Desarrollador/a Full Stack para integrarse a proyectos de alta complejidad y participar en el desarrollo de soluciones web escalables. Buscamos un perfil con sólida experiencia en Python, Angular y Go, capaz de desenvolverse de manera autónoma, aportar en decisiones técnicas y colaborar con equipos multidisciplinarios. Principales responsabilidades - Diseñar, desarrollar y mantener aplicaciones Full Stack, participando en frontend y backend. - Desarrollar servicios y APIs REST utilizando principalmente Python y Go. - Construir y mantener interfaces web modernas con Angular. - Participar en el diseño de arquitecturas y definición de soluciones técnicas. - Integrar servicios, APIs y diferentes componentes de la plataforma. - Desarrollar código limpio, mantenible, escalable y de alta calidad. - Participar en revisiones de código, testing y resolución de incidencias. - Colaborar con equipos de Producto, QA, DevOps y otros perfiles técnicos. - Contribuir a la mejora continua de procesos y buenas prácticas de desarrollo. - Trabajar con servicios cloud y ambientes desplegados sobre Google Cloud Platform (GCP). - Participar eventualmente en iniciativas de desarrollo mobile utilizando Flutter. Requisitos - 5+ años de experiencia en desarrollo de software. - Experiencia sólida como Full Stack Developer. - Dominio avanzado de Python, especialmente para desarrollo backend. - Experiencia sólida con Angular para desarrollo frontend. - Experiencia profesional con Go (Golang) en desarrollo de servicios y aplicaciones. - Experiencia construyendo APIs REST, microservicios e integraciones. - Conocimientos de bases de datos SQL y/o NoSQL. - Experiencia trabajando con Git y metodologías ágiles. - Conocimientos de GCP y servicios cloud. - Nociones o experiencia previa con Flutter. - Capacidad de análisis y resolución de problemas complejos. - Buenas habilidades de comunicación y trabajo colaborativo. Condiciones de la posición - Modalidad: 100% remoto. - Ubicación: LATAM. - Contratación: Contractor. - Pago: En USD. - Idioma: 100% en español. No se requiere inglés para esta posición. Si eres un/a desarrollador/a Full Stack con experiencia en Python, Angular y Go y estás buscando un reciente reto profesional trabajando de forma remota desde LATAM, ¡queremos conocerte! Remote All done! Your application has been successfully submitted! View Remote Jobs You've already applied for this job We appreciate your interest in this position. Unfortunately, you have already applied for this job. Ver más Ver menos [[downButtonMessage]] LinkedIn Twitter Facebook © 2026 Jobrapido | C.I.F: IT11876271005 Trabajos Empresas Condiciones del Servicio Política de Privacidad Ayuda Contacto",,https://ar.jobrapido.com/jobpreview/1839102691897245696?redirectTo=https%253A%252F%252Fwww.kitempleo.com.ar%252Fempleo%252F52684765%252Fdesarrollador-full-stack-python-angular-go-cordoba&w=Python&p=4,Desarrollador Full Stack,jobrapido,2026-09-06T02:47:58.733157,,,,
848304932720214016,Desarrollador Full Stack Junior – ERP & IA (Córdoba),Julio Bellone y asociados,Córdoba,"Jobrapido Publica una oferta Ayuda Empresas Entrar Inscríbete Profesión / Palabras clave Localidad Ofertas de trabajo para Desarrollador Full en Córdoba Trabajos > Desarrollador Full > Córdoba Localidad Gran Buenos Aires Capital Federal Córdoba Santa Fé Neuquén Rosario Mendoza Rincón De Los Sauces Gba Sur Mar Del Plata Búsquedas relacionadas Software Software Engineer Python Software Engineer Management Modelo Services Engineer Security Product Engineering Product Engineer Quality Engineer Vuelve a tus resultados: [[backlinkLabel]] Desarrollador Full Stack Junior – ERP & IA (Córdoba) Córdoba - Región Centro Julio Bellone y asociados [[upButtonMessage]] full time Publicado enwww.kitempleo.com.ar 04 sep 2026 Julio Bellone y Asociados busca un Desarrollador Full Stack Junior para integrarse a un equipo dinámico, participando activamente en desarrollo web, integración de sistemas, automatización de procesos (incluyendo IA) y el mantenimiento de nuestro ERP. El/la candidato/a adecuado maneja Node.js, Express.js y React.js, con experiencia en MySQL y PostgreSQL, y conocimientos de Git. Se valorarán habilidades en despliegue en la nube y APIs externas. #J-18808-Ljbffr Ver más Ver menos [[downButtonMessage]] LinkedIn Twitter Facebook © 2026 Jobrapido | C.I.F: IT11876271005 Trabajos Empresas Condiciones del Servicio Política de Privacidad Ayuda Contacto",,https://ar.jobrapido.com/jobpreview/848304932720214016?redirectTo=https%253A%252F%252Fwww.kitempleo.com.ar%252Fempleo%252F53137606%252Fdesarrollador-full-stack-junior-erp-ia-cordoba&w=Python&p=4,Desarrollador Full Stack,jobrapido,2026-09-06T02:47:58.733635,,,,
7803500205071925248,Desarrollador Full Stack .Net Ssr/ Senior (Beltrán),Estudio Orbe,Beltrán,"Jobrapido Publica una oferta Ayuda Empresas Entrar Inscríbete Profesión / Palabras clave Localidad Ofertas de trabajo para Desarrollador Full en Beltrán Trabajos > Desarrollador Full > Beltrán Localidad Gran Buenos Aires Capital Federal Córdoba Santa Fé Neuquén Rosario Mendoza Rincón De Los Sauces Gba Sur Mar Del Plata Búsquedas relacionadas Software Software Engineer Python Software Engineer Management Modelo Services Engineer Security Product Engineering Product Engineer Quality Engineer Vuelve a tus resultados: [[backlinkLabel]] Desarrollador Full Stack .Net Ssr/ Senior (Beltrán) Beltrán - Región Norte Estudio Orbe [[upButtonMessage]] full time Publicado enwww.kitempleo.com.ar 16 ago 2026 Empresa ubicada en CABA se encuentra en la búsqueda de un Desarrollador Full Stack .NET con experiencia en el desarrollo de aplicaciones Web, Mobile y Cloud, para sumarse a su equipo de trabajo e intervenir en proyectos innovadores. Responsabilidades - Desarrollar aplicaciones web y móviles utilizando tecnologías .NET. - Diseñar e implementar soluciones para diversos clientes. - Participar en el mantenimiento de aplicaciones existentes. - Colaborar con el equipo para asegurar la calidad y cumplimiento de plazos en las entregas. - Trabajar con tecnologías como .NET Core, MVC, Blazor, MAUI, HTML, CSS y JavaScript. Requisitos - Experiencia mínima de 2-4 años en desarrollo Full Stack .NET. - Conocimientos en .NET Core, MVC, Blazor, MAUI, HTML, CSS, JavaScript. - Experiencia en soluciones Cloud (Azure, AWS). - Familiaridad con bases de datos SQL Server (store procedures, triggers, funciones). - Familiaridad con IIS e implementaciones OnPremise. - Capacidad para trabajar en equipo y en un contexto ágil. Trabajo 100% remoto Ver más Ver menos [[downButtonMessage]] LinkedIn Twitter Facebook © 2026 Jobrapido | C.I.F: IT11876271005 Trabajos Empresas Condiciones del Servicio Política de Privacidad Ayuda Contacto",,https://ar.jobrapido.com/jobpreview/7803500205071925248?redirectTo=https%253A%252F%252Fwww.kitempleo.com.ar%252Fempleo%252F52384797%252Fdesarrollador-full-stack-net-ssr-senior-beltran&w=Python&p=4,Desarrollador Full Stack,jobrapido,2026-09-06T02:47:58.734105,,,,
2740253900807340032,Desarrollador Full Stack Junior (Presencial) (Córdoba),Reconocida empresa,Córdoba,"Open or close the mobile menu Jobrapido Entrar Inscríbete Publica una oferta Ayuda Empresas Clear job input Profesión / Palabras clave Ofertas de trabajo para Desarrollador Full en Córdoba ¿Qué trabajo estás buscando? Clear location input Localidad Búsqueda avanzada de empleo Relevancia Fecha [[distance.label]] [[d.text]] Close Localidad Gran Buenos Aires Capital Federal Córdoba Santa Fé Neuquén Rosario Mendoza Rincón De Los Sauces Gba Sur Mar Del Plata Búsquedas relacionadas Software Software Engineer Python Software Engineer Management Modelo Services Engineer Security Product Engineering Product Engineer Quality Engineer Vuelve a tus resultados: [[backlinkLabel]] Desarrollador Full Stack Junior (Presencial) (Córdoba) Córdoba - Región Centro Reconocida empresa [[upButtonMessage]] full time www.kitempleo.com.ar 27 ago 2026 Nos encontramos en la búsqueda de un Desarrollador Full Stack Junior para integrarse a un equipo ágil, participando activamente en el desarrollo web, integración de sistemas, automatización de procesos (incluyendo IA) y el mantenimiento de nuestro ERP. Requisitos Técnicos - Backend: Node.js, Express.js, desarrollo de APIs REST, validación de datos y autenticación (JWT). - Frontend: React.js, consumo de APIs REST, manejo de estados y diseño de interfaces responsivas (HTML5, CSS3, JavaScript ES6+). - Bases de Datos: Experiencia en MySQL y PostgreSQL (creación/optimización de consultas SQL y modelado relacional). - Integraciones: Consumo de APIs de terceros, manejo de JSON y automatización de flujos de datos. - Control de Versiones: Git y GitHub (ramas y pull requests). - Cloud & Deploy (Deseable): Conocimientos en Railway o Google Cloud Platform (GCP), configuración de variables de contexto y gestión básica de servidores. Tareas Principales - Desarrollo, mantenimiento y optimización de aplicaciones web y sistemas ERP. - Diseño y ejecución de automatizaciones con Inteligencia Artificial (API + Desarrollo). - Creación, mantenimiento e integración de APIs con sistemas externos. - Despliegue, monitoreo de aplicaciones en la nube y corrección de errores. - Participación activa en el análisis y diseño de nuevas soluciones tecnológicas. ? Desarrollador Full Stack Junior (Presencial) (Córdoba) ? Bellone Asociados ? Córdoba Ver más Ver menos [[downButtonMessage]] LinkedIn Twitter Facebook © 2026 Jobrapido | C.I.F: IT11876271005 Trabajos Empresas Condiciones del Servicio Política de Privacidad Ayuda Contacto",,https://ar.jobrapido.com/jobpreview/2740253900807340032?redirectTo=https%253A%252F%252Fwww.kitempleo.com.ar%252Fempleo%252F52797126%252Fdesarrollador-full-stack-junior-presencial-cordoba&w=Python&p=4,Desarrollador Full Stack,jobrapido,2026-09-06T02:47:58.734577,,,,
213269278994989056,Desarrollador A Full Stack Semi Senior Maipú (Argentina),Importante empresa del sector,Maipú,"Open or close the mobile menu Jobrapido Entrar Inscríbete Publica una oferta Ayuda Empresas Clear job input Profesión / Palabras clave Ofertas de trabajo para Desarrollador A en Maipú ¿Qué trabajo estás buscando? Clear location input Localidad Búsqueda avanzada de empleo Relevancia Fecha [[distance.label]] [[d.text]] Close Localidad Gran Buenos Aires Capital Federal Córdoba Santa Fé Neuquén Rosario Mendoza Rincón De Los Sauces Gba Sur Mar Del Plata Búsquedas relacionadas Software Software Engineer Python Software Engineer Management Modelo Services Engineer Security Product Engineering Product Engineer Quality Engineer Vuelve a tus resultados: [[backlinkLabel]] Desarrollador A Full Stack Semi Senior Maipú (Argentina) Maipú - Región Cuyo Importante empresa del sector [[upButtonMessage]] full time www.kitempleo.com.ar 21 ago 2026 Nos encontramos en la búsqueda de un a Desarrollador a Full Stack para sumarse al equipo de Sistemas, participando en proyectos de desarrollo de aplicaciones, automatización de procesos, análisis de datos y transformación digital. PRINCIPALES RESPONSABILIDADES .Desarrollar y mantener aplicaciones web internas. .Participar en proyectos de transformación digital. .Diseñar e implementar integraciones entre sistemas mediante APIs. .Automatizar procesos de negocio. .Diseñar, desarrollar y optimizar consultas SQL. .Construir reportes y tableros de gestión. .Analizar datos y generar indicadores para distintas áreas de la organización. .Investigar e implementar nuevas tecnologías que aporten valor al negocio. REQUISITOS EXCLUYENTO .HTML5. .CSS3. .JavaScript ES6. .React. .Node.js. .Express. .Diseño y consumo de APIs REST. .Manejo de autenticación y autorización. .SQL y bases de datos relacionales. REQUISITOS DESEABLES .Next.js. .TypeScript. .PostgreSQL. .Docker. .Git y GitHub. .Automatización de procesos mediante n8n o herramientas similares. .Desarrollo de Progressive Web Apps PWA. Integración con servicios Cloud. .Conocimientos de Inteligencia Artificial aplicada a procesos empresariales. .Experiencia integrando modelos LLM mediante APIs. COMPETENCIAS VALORADAS .Pensamiento analítico. .Resolución de problemas complejos. .Autonomía. .Proactividad. .Orientación a resultados. .Aprendizaje continuo. .Comunicación efectiva con usuarios no técnicos. .Capacidad para transformar necesidades de negocio en soluciones tecnológicas. Bolsa de trabajo Argentina ofrecemos puesto de Desarrollador a Full Stack para el sector de Compras Comercio Exterior de Maipú. Salario acorde a tu experiencia y al salario medio del sector. Actualiza ahora tu currículum vitae y postúlate a este empleo. Tipo de empleo Jornada completa. Ver más Ver menos [[downButtonMessage]] LinkedIn Twitter Facebook © 2026 Jobrapido | C.I.F: IT11876271005 Trabajos Empresas Condiciones del Servicio Política de Privacidad Ayuda Contacto",,https://ar.jobrapido.com/jobpreview/213269278994989056?redirectTo=https%253A%252F%252Fwww.kitempleo.com.ar%252Fempleo%252F52592094%252Fdesarrollador-a-full-stack-semi-senior-maipu-argentina&w=Python&p=4,Desarrollador Full Stack,jobrapido,2026-09-06T02:47:58.735046,,,,
322801527842406400,Desarrollador a Full Stack Semi Senior (Maipú),Importante empresa del sector,Maipú,"Jobrapido Publica una oferta Ayuda Empresas Entrar Inscríbete Profesión / Palabras clave Localidad Ofertas de trabajo para Desarrollador A en Maipú Trabajos > Desarrollador A > Maipú Localidad Gran Buenos Aires Capital Federal Córdoba Santa Fé Neuquén Rosario Mendoza Rincón De Los Sauces Gba Sur Mar Del Plata Búsquedas relacionadas Software Software Engineer Python Software Engineer Management Modelo Services Engineer Security Product Engineering Product Engineer Quality Engineer Vuelve a tus resultados: [[backlinkLabel]] Desarrollador a Full Stack Semi Senior (Maipú) Maipú - Región Cuyo Importante empresa del sector [[upButtonMessage]] full time Publicado enwww.kitempleo.com.ar 19 ago 2026 Nos encontramos en la búsqueda de un a Desarrollador a Full Stack para sumarse al equipo de Sistemas, participando en proyectos de desarrollo de aplicaciones, automatización de procesos, análisis de datos y transformación digital. PRINCIPALES RESPONSABILIDADES .Desarrollar y mantener aplicaciones web internas. .Participar en proyectos de transformación digital. .Diseñar e implementar integraciones entre sistemas mediante APIs. .Automatizar procesos de negocio. .Diseñar, desarrollar y optimizar consultas SQL. .Construir reportes y tableros de gestión. .Analizar datos y generar indicadores para distintas áreas de la organización. .Investigar e implementar nuevas tecnologías que aporten valor al negocio. REQUISITOS EXCLUYENTO .HTML5. .CSS3. .JavaScript ES6. .React. .Node.js. .Express. .Diseño y consumo de APIs REST. .Manejo de autenticación y autorización. .SQL y bases de datos relacionales. REQUISITOS DESEABLES .Next.js. .TypeScript. .PostgreSQL. .Docker. .Git y GitHub. .Automatización de procesos mediante n8n o herramientas similares. .Desarrollo de Progressive Web Apps PWA. Integración con servicios Cloud. .Conocimientos de Inteligencia Artificial aplicada a procesos empresariales. .Experiencia integrando modelos LLM mediante APIs. COMPETENCIAS VALORADAS .Pensamiento analítico. .Resolución de problemas complejos. .Autonomía. .Proactividad. .Orientación a resultados. .Aprendizaje continuo. .Comunicación efectiva con usuarios no técnicos. .Capacidad para transformar necesidades de negocio en soluciones tecnológicas. Bolsa de trabajo Argentina ofrecemos puesto de Desarrollador a Full Stack para el sector de Compras Comercio Exterior de Maipú. Salario acorde a tu experiencia y al salario medio del sector. Actualiza ahora tu currículum vitae y postúlate a este empleo. Tipo de empleo Jornada completa. Ver más Ver menos [[downButtonMessage]] LinkedIn Twitter Facebook © 2026 Jobrapido | C.I.F: IT11876271005 Trabajos Empresas Condiciones del Servicio Política de Privacidad Ayuda Contacto",,https://ar.jobrapido.com/jobpreview/322801527842406400?redirectTo=https%253A%252F%252Fwww.kitempleo.com.ar%252Fempleo%252F52521916%252Fdesarrollador-a-full-stack-semi-senior-maipu&w=Python&p=4,Desarrollador Full Stack,jobrapido,2026-09-06T02:47:58.735528,,,,
5653279529033007104,Desarrollador SSR Full Stack (Buenos Aires),Taynes Consultores,Capital Federal,"Jobrapido Publica una oferta Ayuda Empresas Entrar Inscríbete Profesión / Palabras clave Localidad Ofertas de trabajo para Desarrollador SSR en Departamento Federal Trabajos > Desarrollador SSR > Capital Federal Localidad Gran Buenos Aires Capital Federal Córdoba Santa Fé Neuquén Rosario Mendoza Rincón De Los Sauces Gba Sur Mar Del Plata Búsquedas relacionadas Software Software Engineer Python Software Engineer Management Modelo Services Engineer Security Product Engineering Product Engineer Quality Engineer Vuelve a tus resultados: [[backlinkLabel]] Desarrollador SSR Full Stack (Buenos Aires) Capital Federal - Provincia De Buenos Aires Taynes Consultores [[upButtonMessage]] full time Publicado enwww.kitempleo.com.ar 20 ago 2026 Software Factory, con experiencia en el desarrollo de sitios web y aplicaciones móviles, se encuentra en la búsqueda de un Desarrollador Ssr. Full-Stack. Requisitos: - 2 años mínimo de experiencia en la industria desarrollando software. - Estudiante de alguna carrera de grado de sistemas. - Conocimientos de PHP, MySQL, JS (Angular, React, Vue), GIT, Jira o similar. - Buen nivel de inglés escrito y oral (clientes de USA) Se ofrece: - Puesto efectivo - Horario de L a V de 9 a 18 hs - Home office 1 vez por semana - Osde - Semana adicional de vacaciones a los 3 años de antigüedad - Entorno de trabajo joven y ágil - Zona de trabajo: Belgrano Required Skill Profession Other General Ver más Ver menos [[downButtonMessage]] LinkedIn Twitter Facebook © 2026 Jobrapido | C.I.F: IT11876271005 Trabajos Empresas Condiciones del Servicio Política de Privacidad Ayuda Contacto",,https://ar.jobrapido.com/jobpreview/5653279529033007104?redirectTo=https%253A%252F%252Fwww.kitempleo.com.ar%252Fempleo%252F52565390%252Fdesarrollador-ssr-full-stack-buenos-aires&w=Python&p=4,Desarrollador Full Stack,jobrapido,2026-09-06T02:47:58.736000,,,,
694266171167342592,Desarrollador Full Stack SSR (Buenos Aires),Neoris,Capital Federal,"Open or close the mobile menu Jobrapido Entrar Inscríbete Publica una oferta Ayuda Empresas Clear job input Profesión / Palabras clave Ofertas de trabajo para Desarrollador Full en Departamento Federal ¿Qué trabajo estás buscando? Clear location input Localidad Búsqueda avanzada de empleo Relevancia Fecha [[distance.label]] [[d.text]] Close Localidad Gran Buenos Aires Capital Federal Córdoba Santa Fé Neuquén Rosario Mendoza Rincón De Los Sauces Gba Sur Mar Del Plata Búsquedas relacionadas Software Software Engineer Python Software Engineer Management Modelo Services Engineer Security Product Engineering Product Engineer Quality Engineer Vuelve a tus resultados: [[backlinkLabel]] Desarrollador Full Stack SSR (Buenos Aires) Capital Federal - Provincia De Buenos Aires Neoris [[upButtonMessage]] full time www.kitempleo.com.ar 28 ago 2026 Nos encontramos en la búsqueda de un/a Desarrollador Full Stack SSR (JavaScript/TypeScript & APIs) para sumarse a proyectos de transformación digital vinculados a plataformas de eCommerce y aplicaciones de alto tráfico. Buscamos profesionales con experiencia en desarrollo frontend y backend, sólidos conocimientos en JavaScript/TypeScript e integración de APIs, orientados a la construcción de soluciones escalables, mantenibles y de alto rendimiento en entornos ágiles. Responsibilities - Diseñar, desarrollar y mantener funcionalidades frontend y backend para aplicaciones y plataformas digitales - Participar en el diseño, desarrollo e integración de APIs y servicios bajo arquitecturas modernas - Colaborar con equipos multidisciplinarios para definir e implementar soluciones técnicas alineadas a las necesidades del negocio - Aplicar buenas prácticas de desarrollo, testing, control de versiones y calidad de código - Analizar y resolver incidentes, identificando oportunidades de mejora y optimización - Garantizar la escalabilidad, mantenibilidad y rendimiento de las aplicaciones - Participar activamente en ceremonias ágiles y procesos de planificación técnica - Contribuir a la evolución continua de los productos mediante desarrollos y mejoras funcionales Requirements - Experiencia comprobable en desarrollo Full Stack - Dominio avanzado de JavaScript y/o TypeScript - Experiencia sólida en diseño, desarrollo e integración de APIs (REST, gRPC u otros protocolos de comunicación) - Experiencia comprobable en desarrollo Frontend y Backend - Conocimientos de buenas prácticas de desarrollo, testing control de versiones y arquitectura de software - Experiencia trabajando bajo metodologías ágiles, preferentemente Scrum o Kanban Ver más Ver menos [[downButtonMessage]] LinkedIn Twitter Facebook © 2026 Jobrapido | C.I.F: IT11876271005 Trabajos Empresas Condiciones del Servicio Política de Privacidad Ayuda Contacto",,https://ar.jobrapido.com/jobpreview/694266171167342592?redirectTo=https%253A%252F%252Fwww.kitempleo.com.ar%252Fempleo%252F52810826%252Fdesarrollador-full-stack-ssr-buenos-aires&w=Python&p=4,Desarrollador Full Stack,jobrapido,2026-09-06T02:47:58.736467,,,,
6981067225482395648,Desarrollador/a Full Stack | IA & Data (Buenos Aires),Empresa líder,Capital Federal,"Open or close the mobile menu Jobrapido Entrar Inscríbete Publica una oferta Ayuda Empresas Clear job input Profesión / Palabras clave Ofertas de trabajo para Full Stack en Departamento Federal ¿Qué trabajo estás buscando? Clear location input Localidad Búsqueda avanzada de empleo Relevancia Fecha [[distance.label]] [[d.text]] Close Localidad Gran Buenos Aires Capital Federal Córdoba Santa Fé Neuquén Rosario Mendoza Rincón De Los Sauces Gba Sur Mar Del Plata Búsquedas relacionadas Software Software Engineer Python Software Engineer Management Modelo Services Engineer Security Product Engineering Product Engineer Quality Engineer Vuelve a tus resultados: [[backlinkLabel]] Desarrollador/a Full Stack | IA & Data (Buenos Aires) Capital Federal - Provincia De Buenos Aires Empresa líder [[upButtonMessage]] full time www.kitempleo.com.ar 26 ago 2026 Relevante Medio de comunicacion busca incorporar a nuestro equipo un/a Desarrollador/a Full Stack con interés y experiencia en Inteligencia Artificial y procesamiento de datos, para trabajar de manera hibrida. Buscamos un perfil técnico, curioso y resolutivo, que pueda participar en el desarrollo de nuevos productos y sistemas, trabajando tanto en backend como frontend, e incorporando nuevas tecnologías de IA, automatización y análisis de datos. Stack y conocimientos principales: - Go para desarrollo backend, servicios y APIs (Requerido) - Python para procesamiento de datos, automatización e Inteligencia Artificial (Valorado) - PostgreSQL (Requerido) • DuckDB para procesamiento y análisis eficiente de datos (Valorado) - HTML, CSS y Java Script (Requerido) - Desarrollo e integración de APIs REST (Requerido) - Git y Github (Requerido) - Linux Inteligencia Artificial (Requerido): - Conocimientos y experiencia trabajando con IA generativa - Integración de LLMs y APIs de Inteligencia Artificial - Desarrollo de aplicaciones y herramientas basadas en IA - Automatización de procesos utilizando IA - Manejo de grandes volúmenes de información para su utilización con modelos de IA - Se valorará experiencia con RAG, embeddings y bases de datos vectoriales Data & Big Data: - Procesamiento y análisis de grandes volúmenes de datos - ETL/ELT y construcción de pipelines de datos - Modelado y transformación de información - Experiencia con formatos como Parquet y JSON - Conocimientos de herramientas y conceptos de Data Engineering - Bases de datos SQL y NoSQL También valoramos conocimientos en: - Docker y contenedores - Cloud • CI/CD - Arquitectura de sistemas y microservicios - Seguridad y buenas prácticas de desarrollo Ver más Ver menos [[downButtonMessage]] LinkedIn Twitter Facebook © 2026 Jobrapido | C.I.F: IT11876271005 Trabajos Empresas Condiciones del Servicio Política de Privacidad Ayuda Contacto",,https://ar.jobrapido.com/jobpreview/6981067225482395648?redirectTo=https%253A%252F%252Fwww.kitempleo.com.ar%252Fempleo%252F52762193%252Fdesarrollador-a-full-stack-ia-data-buenos-aires&w=Python&p=4,Desarrollador Full Stack,jobrapido,2026-09-06T02:47:58.736959,,,,
4091445114570801152,Desarrollador/A Full Stack | Ia & Data (Buenos Aires),Reconocida empresa,Capital Federal,"Open or close the mobile menu Jobrapido Entrar Inscríbete Publica una oferta Ayuda Empresas Clear job input Profesión / Palabras clave Ofertas de trabajo para Full Stack en Departamento Federal ¿Qué trabajo estás buscando? Clear location input Localidad Búsqueda avanzada de empleo Relevancia Fecha [[distance.label]] [[d.text]] Close Localidad Gran Buenos Aires Capital Federal Córdoba Santa Fé Neuquén Rosario Mendoza Rincón De Los Sauces Gba Sur Mar Del Plata Búsquedas relacionadas Software Software Engineer Python Software Engineer Management Modelo Services Engineer Security Product Engineering Product Engineer Quality Engineer Vuelve a tus resultados: [[backlinkLabel]] Desarrollador/A Full Stack | Ia & Data (Buenos Aires) Capital Federal - Provincia De Buenos Aires Reconocida empresa [[upButtonMessage]] full time www.kitempleo.com.ar 26 ago 2026 Significativo Medio de comunicacion busca incorporar a nuestro equipo un/a Desarrollador/a Full Stack con interés y experiencia en Inteligencia Artificial y procesamiento de datos, para trabajar de manera hibrida.Buscamos un perfil técnico, curioso y resolutivo, que pueda participar en el desarrollo de nuevos productos y sistemas, trabajando tanto en backend como frontend, e incorporando nuevas tecnologías de IA, automatización y análisis de datos. Stack y conocimientos principales:- Go para desarrollo backend, servicios y APIs (Requerido)- Python para procesamiento de datos, automatización e Inteligencia Artificial (Valorado)- PostgreSQL (Requerido) - DuckDB para procesamiento y análisis eficiente de datos (Valorado)- HTML, CSS y JavaScript (Requerido)- Desarrollo e integración de APIs REST (Requerido)- Git y Github (Requerido)- Linux Inteligencia Artificial (Requerido):- Conocimientos y experiencia trabajando con IA generativa- Integración de LLMs y APIs de Inteligencia Artificial- Desarrollo de aplicaciones y herramientas basadas en IA- Automatización de procesos utilizando IA- Manejo de grandes volúmenes de información para su utilización con modelos de IA- Se valorará experiencia con RAG, embeddings y bases de datos vectoriales Data & Big Data: - Procesamiento y análisis de grandes volúmenes de datos - ETL/ELT y construcción de pipelines de datos - Modelado y transformación de información- Experiencia con formatos como Parquet y JSON - Conocimientos de herramientas y conceptos de Data Engineering - Bases de datos SQL y NoSQL También valoramos conocimientos en: - Docker y contenedores - Cloud - CI/CD - Arquitectura de sistemas y microservicios - Seguridad y buenas prácticas de desarrollo Ver más Ver menos [[downButtonMessage]] LinkedIn Twitter Facebook © 2026 Jobrapido | C.I.F: IT11876271005 Trabajos Empresas Condiciones del Servicio Política de Privacidad Ayuda Contacto",,https://ar.jobrapido.com/jobpreview/4091445114570801152?redirectTo=https%253A%252F%252Fwww.kitempleo.com.ar%252Fempleo%252F52760944%252Fdesarrollador-a-full-stack-ia-data-buenos-aires&w=Python&p=4,Desarrollador Full Stack,jobrapido,2026-09-06T02:47:58.737428,,,,
2151388458319347712,Desarrollador/a Full Stack | IA & Data (Buenos Aires),Importante empresa,Capital Federal,"Jobrapido Publica una oferta Ayuda Empresas Entrar Inscríbete Profesión / Palabras clave Localidad Ofertas de trabajo para Full Stack en Departamento Federal Trabajos > Full Stack > Capital Federal Localidad Gran Buenos Aires Capital Federal Córdoba Santa Fé Neuquén Rosario Mendoza Rincón De Los Sauces Gba Sur Mar Del Plata Búsquedas relacionadas Software Software Engineer Python Software Engineer Management Modelo Services Engineer Security Product Engineering Product Engineer Quality Engineer Vuelve a tus resultados: [[backlinkLabel]] Desarrollador/a Full Stack | IA & Data (Buenos Aires) Capital Federal - Provincia De Buenos Aires Importante empresa [[upButtonMessage]] full time Publicado enwww.kitempleo.com.ar 26 ago 2026 Relevante Medio de comunicacion busca incorporar a nuestro equipo un/a Desarrollador/a Full Stack con interés y experiencia en Inteligencia Artificial y procesamiento de datos, para trabajar de manera hibrida. Buscamos un perfil técnico, curioso y resolutivo, que pueda participar en el desarrollo de nuevos productos y sistemas, trabajando tanto en backend como frontend, e incorporando nuevas tecnologías de IA, automatización y análisis de datos. Stack y conocimientos principales: - Go para desarrollo backend, servicios y APIs (Requerido) - Python para procesamiento de datos, automatización e Inteligencia Artificial (Valorado) - PostgreSQL (Requerido) • DuckDB para procesamiento y análisis eficiente de datos (Valorado) - HTML, CSS y Java Script (Requerido) - Desarrollo e integración de APIs REST (Requerido) - Git y Github (Requerido) - Linux Inteligencia Artificial (Requerido): - Conocimientos y experiencia trabajando con IA generativa - Integración de LLMs y APIs de Inteligencia Artificial - Desarrollo de aplicaciones y herramientas basadas en IA - Automatización de procesos utilizando IA - Manejo de grandes volúmenes de información para su utilización con modelos de IA - Se valorará experiencia con RAG, embeddings y bases de datos vectoriales Data & Big Data: - Procesamiento y análisis de grandes volúmenes de datos - ETL/ELT y construcción de pipelines de datos - Modelado y transformación de información - Experiencia con formatos como Parquet y JSON - Conocimientos de herramientas y conceptos de Data Engineering - Bases de datos SQL y NoSQL También valoramos conocimientos en: - Docker y contenedores - Cloud • CI/CD - Arquitectura de sistemas y microservicios - Seguridad y buenas prácticas de desarrollo Ver más Ver menos [[downButtonMessage]] LinkedIn Twitter Facebook © 2026 Jobrapido | C.I.F: IT11876271005 Trabajos Empresas Condiciones del Servicio Política de Privacidad Ayuda Contacto",,https://ar.jobrapido.com/jobpreview/2151388458319347712?redirectTo=https%253A%252F%252Fwww.kitempleo.com.ar%252Fempleo%252F52762028%252Fdesarrollador-a-full-stack-ia-data-buenos-aires&w=Python&p=4,Desarrollador Full Stack,jobrapido,2026-09-06T02:47:58.737904,,,,
6886331104609959936,Desarrollador/a Full Stack | IA & Data (Buenos Aires),Empresa reconocida,Capital Federal,"Jobrapido Publica una oferta Ayuda Empresas Entrar Inscríbete Profesión / Palabras clave Localidad Ofertas de trabajo para Full Stack en Departamento Federal Trabajos > Full Stack > Capital Federal Localidad Gran Buenos Aires Capital Federal Córdoba Santa Fé Neuquén Rosario Mendoza Rincón De Los Sauces Gba Sur Mar Del Plata Búsquedas relacionadas Software Software Engineer Python Software Engineer Management Modelo Services Engineer Security Product Engineering Product Engineer Quality Engineer Vuelve a tus resultados: [[backlinkLabel]] Desarrollador/a Full Stack | IA & Data (Buenos Aires) Capital Federal - Provincia De Buenos Aires Empresa reconocida [[upButtonMessage]] full time Publicado enwww.kitempleo.com.ar 25 ago 2026 Importante Medio de comunicacion busca incorporar a nuestro equipo un/a Desarrollador/a Full Stack con interés y experiencia en Inteligencia Artificial y procesamiento de datos, para trabajar de manera hibrida. Buscamos un perfil técnico, curioso y resolutivo, que pueda participar en el desarrollo de nuevos productos y sistemas, trabajando tanto en backend como frontend, e incorporando nuevas tecnologías de IA, automatización y análisis de datos. Stack y conocimientos principales: - Go para desarrollo backend, servicios y APIs (Requerido) - Python para procesamiento de datos, automatización e Inteligencia Artificial (Valorado) - PostgreSQL (Requerido) • DuckDB para procesamiento y análisis optimizado de datos (Valorado) - HTML, CSS y JavaScript (Requerido) - Desarrollo e integración de APIs REST (Requerido) - Git y Github (Requerido) - Linux Inteligencia Artificial (Requerido): - Conocimientos y experiencia trabajando con IA generativa - Integración de LLMs y APIs de Inteligencia Artificial - Desarrollo de aplicaciones y herramientas basadas en IA - Automatización de procesos utilizando IA - Manejo de grandes volúmenes de información para su utilización con modelos de IA - Se valorará experiencia con RAG, embeddings y bases de datos vectoriales Data & Big Data: • Procesamiento y análisis de grandes volúmenes de datos • ETL/ELT y construcción de pipelines de datos • Modelado y transformación de información - Experiencia con formatos como Parquet y JSON • Conocimientos de herramientas y conceptos de Data Engineering • Bases de datos SQL y NoSQL También valoramos conocimientos en: • Docker y contenedores • Cloud • CI/CD • Arquitectura de sistemas y microservicios • Seguridad y buenas prácticas de desarrollo Ver más Ver menos [[downButtonMessage]] LinkedIn Twitter Facebook © 2026 Jobrapido | C.I.F: IT11876271005 Trabajos Empresas Condiciones del Servicio Política de Privacidad Ayuda Contacto",,https://ar.jobrapido.com/jobpreview/6886331104609959936?redirectTo=https%253A%252F%252Fwww.kitempleo.com.ar%252Fempleo%252F52730941%252Fdesarrollador-a-full-stack-ia-data-buenos-aires&w=Python&p=5,Desarrollador Full Stack,jobrapido,2026-09-06T02:50:38.407286,,,,
3271837811145179136,Desarrollador Full Stack Jr / Jr+ (Córdoba),Bellone Asociados,Córdoba,"Open or close the mobile menu Jobrapido Entrar Inscríbete Publica una oferta Ayuda Empresas Clear job input Profesión / Palabras clave Ofertas de trabajo para Desarrollador Full en Córdoba ¿Qué trabajo estás buscando? Clear location input Localidad Búsqueda avanzada de empleo Relevancia Fecha [[distance.label]] [[d.text]] Close Localidad Gran Buenos Aires Capital Federal Córdoba Santa Fé Neuquén Rosario Mendoza Rincón De Los Sauces Gba Sur Mar Del Plata Búsquedas relacionadas Software Software Engineer Python Software Engineer Management Modelo Services Engineer Security Product Engineering Product Engineer Quality Engineer Vuelve a tus resultados: [[backlinkLabel]] Desarrollador Full Stack Jr / Jr+ (Córdoba) Córdoba - Región Centro Bellone Asociados [[upButtonMessage]] full time www.kitempleo.com.ar 24 ago 2026 Nos encontramos en la búsqueda de un Desarrollador Full Stack Jr/Jr+ . Apuntamos a un perfil con solidez técnica inicial, gran proactividad y una excelente capacidad de aprendizaje continuo. Tu objetivo principal: Te integrarás activamente a proyectos reales de desarrollo web, trabajando en la integración de sistemas y la automatización de procesos para generar soluciones tecnológicas escalables y de alto impacto. Stack Técnico Requerido Backend: Node.js, Express.js y desarrollo de APIs REST (validación de datos, JWT e integración externa). Frontend: React.js (componentes, estados, consumo de APIs), JavaScript ES6+, HTML5, CSS3 y diseño responsivo. Bases de Datos: MySQL y PostgreSQL (consultas SQL, relaciones y modelado básico). Integración y Automatización: Consumo de APIs de terceros (JSON) y conexión/automatización de flujos entre plataformas. Control de Versiones: Git y GitHub (ramas, pull requests). Deseable (Suma puntos): Conocimientos básicos en Cloud & Deploy (Railway o GCP), manejo de variables de contexto y despliegue de aplicaciones. Tus principales desafíos Desarrollar, mantener y optimizar aplicaciones web y APIs. Integrar sistemas y conectar servicios externos para potenciar la infraestructura. Diagnosticar, proponer correcciones de errores y participar en el diseño de nuevas soluciones tecnológicas. Colaborar en el despliegue y monitoreo de aplicaciones en entornos cloud. Ver más Ver menos [[downButtonMessage]] LinkedIn Twitter Facebook © 2026 Jobrapido | C.I.F: IT11876271005 Trabajos Empresas Condiciones del Servicio Política de Privacidad Ayuda Contacto",,https://ar.jobrapido.com/jobpreview/3271837811145179136?redirectTo=https%253A%252F%252Fwww.kitempleo.com.ar%252Fempleo%252F52709228%252Fdesarrollador-full-stack-jr-jr-cordoba&w=Python&p=5,Desarrollador Full Stack,jobrapido,2026-09-06T02:50:38.407827,,,,
2630115408736157696,Desarrollador Full Stack SSR en Munro (Vicente López),YEL Solutions,Vicente López,"Open or close the mobile menu Jobrapido Entrar Inscríbete Publica una oferta Ayuda Empresas Clear job input Profesión / Palabras clave Ofertas de trabajo para Desarrollador Full en Vicente López ¿Qué trabajo estás buscando? Clear location input Localidad Búsqueda avanzada de empleo Relevancia Fecha [[distance.label]] [[d.text]] Close Localidad Gran Buenos Aires Capital Federal Córdoba Santa Fé Neuquén Rosario Mendoza Rincón De Los Sauces Gba Sur Mar Del Plata Búsquedas relacionadas Software Software Engineer Python Software Engineer Management Modelo Services Engineer Security Product Engineering Product Engineer Quality Engineer Vuelve a tus resultados: [[backlinkLabel]] Desarrollador Full Stack SSR en Munro (Vicente López) Vicente López - Provincia De Buenos Aires YEL Solutions [[upButtonMessage]] full time www.kitempleo.com.ar 16 ago 2026 En Yel buscamos un/a Desarrollador/a Full Stack Semi Senior, orientado a backend, para sumarse a un proyecto de construcción de una plataforma de interoperabilidad semántica en el ecosistema de salud. ¿Qué vas a hacer? Vas a trabajar sobre componentes ya definidos por un Arquitecto de Software / Sr Developer, implementando APIs, procesos batch, persistencia de datos, UI de curaduría, tests y documentación operativa. El diseño arquitectónico y funcional no corre por tu cuenta: tu foco es ejecutar con calidad, respetar contratos técnicos y trabajar con revisión técnica frecuente. Stack principal: - Python - FastAPI - Docker - PostgreSQL - Redis - Elasticsearch - React - TypeScript Deseable (no excluyente): - Docker Compose - APIs REST - SQL - Workers / procesamiento asincrónico - Almacenamiento tipo S3/MinIO - Nociones de búsqueda/IA - SNOMED, FHIR o Snowstorm (valorado, no obligatorio) Modalidad: Hibrido - Oficinas en Munro, Zona Norte Bs As. Seniority: SSR (o Junior avanzado con perfil backend) 🎁 Incentivos Yel - Plan de salud corporativo cerrado y exclusivo. Sin cargo para vos y grupo familiar directo. - Plataforma de beneficios y descuentos corporativos (Cursos y certificaciones, idiomas, gimnasios, gastronomía, indumentaria y otros) - Días libres adicionales - Obsequios por días especiales - Programa de referidos Ver más Ver menos [[downButtonMessage]] LinkedIn Twitter Facebook © 2026 Jobrapido | C.I.F: IT11876271005 Trabajos Empresas Condiciones del Servicio Política de Privacidad Ayuda Contacto",,https://ar.jobrapido.com/jobpreview/2630115408736157696?redirectTo=https%253A%252F%252Fwww.kitempleo.com.ar%252Fempleo%252F52367101%252Fdesarrollador-full-stack-ssr-en-munro-vicente-lopez&w=Python&p=5,Desarrollador Full Stack,jobrapido,2026-09-06T02:50:38.408303,,,,
6136950914520449024,Desarrollador Full Stack Senior Buenos Aires (Argentina),C&S informática,Capital Federal,"Open or close the mobile menu Jobrapido Entrar Inscríbete Publica una oferta Ayuda Empresas Clear job input Profesión / Palabras clave Ofertas de trabajo para Desarrollador Full en Departamento Federal ¿Qué trabajo estás buscando? Clear location input Localidad Búsqueda avanzada de empleo Relevancia Fecha [[distance.label]] [[d.text]] Close Localidad Gran Buenos Aires Capital Federal Córdoba Santa Fé Neuquén Rosario Mendoza Rincón De Los Sauces Gba Sur Mar Del Plata Búsquedas relacionadas Software Software Engineer Python Software Engineer Management Modelo Services Engineer Security Product Engineering Product Engineer Quality Engineer Vuelve a tus resultados: [[backlinkLabel]] Desarrollador Full Stack Senior Buenos Aires (Argentina) Capital Federal - Provincia De Buenos Aires C&S informática [[upButtonMessage]] full time www.kitempleo.com.ar 03 sep 2026 Desarrollador Full Stack Senior (React + Java) Nos encontramos en la búsqueda de un/a Desarrollador Full Stack Senior para sumarse a un importante proyecto del sector bancario. Buscamos perfiles con resistente experiencia en desarrollo Frontend utilizando React, sólidos conocimientos de Backend en Java y capacidad para participar activamente en el diseño e integración de soluciones tecnológicas de punta a punta. Modalidad Híbrida (40% presencial). Ubicación Parque Patricios, CABA. Se aceptan candidatos de otras provincias. Horario Lunes a viernes de 9 a 18 hs. Responsabilidades Desarrollo de aplicaciones Frontend utilizando React. Desarrollo e integración de servicios Backend en Java. Diseño y desarrollo de APIs REST. Integración entre sistemas y servicios. Modelado y gestión de bases de datos. Participación en definiciones de arquitectura. Aplicación de buenas prácticas de desarrollo, testing y code review. Trabajo participativo con equipos técnicos y áreas de negocio. Participación activa en entornos ágiles. Requisitos excluyentes Más de 5 años de experiencia en desarrollo de software. Experiencia sólida con React. Experiencia en desarrollo Backend con Java. Diseño y desarrollo de APIs REST. Integración entre sistemas. Bases de datos Oracle, PostgreSQL o MongoDB. Git. Experiencia en arquitectura de aplicaciones. Buenas prácticas de desarrollo (Clean Code, Testing, Code Review). Experiencia trabajando con metodologías ágiles. Se valorará especialmente Angular. Node.js. Arquitectura de microservicios. Docker y Kubernetes. Cloud (AWS, Azure o GCP). CI/CD. Observabilidad y monitoreo. Experiencia en Inteligencia Artificial Generativa. Integración con modelos LLM (OpenAI, Claude, entre otros). Automatización de procesos mediante IA. Prompt Engineering. Requerimientos Educación mínima: Universitario. Años de experiencia. Palabras principal: developer, programador, senior, sr. Ver más Ver menos [[downButtonMessage]] LinkedIn Twitter Facebook © 2026 Jobrapido | C.I.F: IT11876271005 Trabajos Empresas Condiciones del Servicio Política de Privacidad Ayuda Contacto",,https://ar.jobrapido.com/jobpreview/6136950914520449024?redirectTo=https%253A%252F%252Fwww.kitempleo.com.ar%252Fempleo%252F53112640%252Fdesarrollador-full-stack-senior-buenos-aires-argentina&w=Python&p=5,Desarrollador Full Stack,jobrapido,2026-09-06T02:50:38.408781,,,,
5659524548920344576,Desarrollador Full Stack Senior (San Nicolás),C&S informática,Capital Federal (San Nicolás),"Open or close the mobile menu Jobrapido Entrar Inscríbete Publica una oferta Ayuda Empresas Clear job input Profesión / Palabras clave Ofertas de trabajo para Desarrollador Full en Capital Federal (San Nicolás) ¿Qué trabajo estás buscando? Clear location input Localidad Búsqueda avanzada de empleo Relevancia Fecha [[distance.label]] [[d.text]] Close Localidad Gran Buenos Aires Capital Federal Córdoba Santa Fé Neuquén Rosario Mendoza Rincón De Los Sauces Gba Sur Mar Del Plata Búsquedas relacionadas Software Software Engineer Python Software Engineer Management Modelo Services Engineer Security Product Engineering Product Engineer Quality Engineer Vuelve a tus resultados: [[backlinkLabel]] Desarrollador Full Stack Senior (San Nicolás) Capital Federal (San Nicolás) - Provincia De Buenos Aires C&S informática [[upButtonMessage]] full time www.kitempleo.com.ar 02 sep 2026 Desarrollador Full Stack Senior (React + Java)Nos encontramos en la búsqueda de un/a Desarrollador Full Stack Senior para sumarse a un importante proyecto del sector bancario. Buscamos perfiles con fuerte experiencia en desarrollo Frontend utilizando React, sólidos conocimientos de Backend en Java y capacidad para participar activamente en el diseño e integración de soluciones tecnológicas de punta a punta. 📍 Modalidad - Híbrida (40% presencial). 📍 Ubicación - Parque Patricios, CABA. - Se aceptan candidatos de otras provincias. 🕘 Horario - Lunes a viernes de 9 a 18 hs. 🚀 Responsabilidades - Desarrollo de aplicaciones Frontend utilizando React. - Desarrollo e integración de servicios Backend en Java. - Diseño y desarrollo de APIs REST. - Integración entre sistemas y servicios. - Modelado y gestión de bases de datos. - Participación en definiciones de arquitectura. - Aplicación de buenas prácticas de desarrollo, testing y code review. - Trabajo cooperativo con equipos técnicos y áreas de negocio. - Participación activa en entornos ágiles. ✅ Requisitos excluyentes - Más de 5 años de experiencia en desarrollo de software. - Experiencia sólida con React. - Experiencia en desarrollo Backend con Java. - Diseño y desarrollo de APIs REST. - Integración entre sistemas. - Bases de datos Oracle, PostgreSQL o MongoDB. - Git. - Experiencia en arquitectura de aplicaciones. - Buenas prácticas de desarrollo (Clean Code, Testing, Code Review). - Experiencia trabajando con metodologías ágiles. ⭐ Se valorará especialmente - Angular. - Node.js. - Arquitectura de microservicios. - Docker y Kubernetes. - Cloud (AWS, Azure o GCP). - CI/CD. - Observabilidad y monitoreo. - Experiencia en Inteligencia Artificial Generativa. - Integración con modelos LLM (OpenAI, Claude, entre otros). - Automatización de procesos mediante IA. - Prompt Engineering. LI-Onsite Ver más Ver menos [[downButtonMessage]] LinkedIn Twitter Facebook © 2026 Jobrapido | C.I.F: IT11876271005 Trabajos Empresas Condiciones del Servicio Política de Privacidad Ayuda Contacto",,https://ar.jobrapido.com/jobpreview/5659524548920344576?redirectTo=https%253A%252F%252Fwww.kitempleo.com.ar%252Fempleo%252F53035996%252Fdesarrollador-full-stack-senior-san-nicolas&w=Python&p=5,Desarrollador Full Stack,jobrapido,2026-09-06T02:50:38.409253,,,,
5459619041339506688,Desarrollador Full Stack Senior (Buenos Aires),C&S informática,Capital Federal,"Open or close the mobile menu Jobrapido Entrar Inscríbete Publica una oferta Ayuda Empresas Clear job input Profesión / Palabras clave Ofertas de trabajo para Desarrollador Full en Departamento Federal ¿Qué trabajo estás buscando? Clear location input Localidad Búsqueda avanzada de empleo Relevancia Fecha [[distance.label]] [[d.text]] Close Localidad Gran Buenos Aires Capital Federal Córdoba Santa Fé Neuquén Rosario Mendoza Rincón De Los Sauces Gba Sur Mar Del Plata Búsquedas relacionadas Software Software Engineer Python Software Engineer Management Modelo Services Engineer Security Product Engineering Product Engineer Quality Engineer Vuelve a tus resultados: [[backlinkLabel]] Desarrollador Full Stack Senior (Buenos Aires) Capital Federal - Provincia De Buenos Aires C&S informática [[upButtonMessage]] full time www.kitempleo.com.ar 01 sep 2026 Desarrollador Full Stack Senior (React + Java) Nos encontramos en la búsqueda de un/a Desarrollador Full Stack Senior para sumarse a un importante proyecto del sector bancario. Buscamos perfiles con resistente experiencia en desarrollo Frontend utilizando React, sólidos conocimientos de Backend en Java y capacidad para participar activamente en el diseño e integración de soluciones tecnológicas de punta a punta. Modalidad Híbrida (40% presencial). Ubicación Parque Patricios, CABA. Se aceptan candidatos de otras provincias. Horario Lunes a viernes de 9 a 18 hs. Responsabilidades - Desarrollo de aplicaciones Frontend utilizando React. - Desarrollo e integración de servicios Backend en Java. - Diseño y desarrollo de APIs REST. - Integración entre sistemas y servicios. - Modelado y gestión de bases de datos. - Participación en definiciones de arquitectura. - Aplicación de buenas prácticas de desarrollo, testing y code review. - Trabajo colaborativo con equipos técnicos y áreas de negocio. - Participación activa en entornos ágiles. Requisitos excluyentes - Más de 5 años de experiencia en desarrollo de software. - Experiencia sólida con React. - Experiencia en desarrollo Backend con Java. - Diseño y desarrollo de APIs REST. - Integración entre sistemas. - Bases de datos Oracle, PostgreSQL o MongoDB. - Git. - Experiencia en arquitectura de aplicaciones. - Buenas prácticas de desarrollo (Clean Code, Testing, Code Review). - Experiencia trabajando con metodologías ágiles. Se valorará especialmente - Angular. - Node.js. - Arquitectura de microservicios. - Docker y Kubernetes. - Cloud (AWS, Azure o GCP). - CI/CD. - Observabilidad y monitoreo. - Experiencia en Inteligencia Artificial Generativa. - Integración con modelos LLM (OpenAI, Claude, entre otros). - Automatización de procesos mediante IA. - Prompt Engineering. Requerimientos Educación mínima: Universitario. Años de experiencia. Palabras clave: developer, programador, senior, sr. Ver más Ver menos [[downButtonMessage]] LinkedIn Twitter Facebook © 2026 Jobrapido | C.I.F: IT11876271005 Trabajos Empresas Condiciones del Servicio Política de Privacidad Ayuda Contacto",,https://ar.jobrapido.com/jobpreview/5459619041339506688?redirectTo=https%253A%252F%252Fwww.kitempleo.com.ar%252Fempleo%252F52933171%252Fdesarrollador-full-stack-senior-buenos-aires&w=Python&p=5,Desarrollador Full Stack,jobrapido,2026-09-06T02:50:38.409729,,,,
1763771319167483904,Desarrollador Senior y Jefe de desarrollo Full Stack .NET,Estudio Orbe,Capital Federal,"Open or close the mobile menu Jobrapido Entrar Inscríbete Publica una oferta Ayuda Empresas Clear job input Profesión / Palabras clave Ofertas de trabajo para Desarrollador Senior en Departamento Federal ¿Qué trabajo estás buscando? Clear location input Localidad Búsqueda avanzada de empleo Relevancia Fecha [[distance.label]] [[d.text]] Close Localidad Gran Buenos Aires Capital Federal Córdoba Santa Fé Neuquén Rosario Mendoza Rincón De Los Sauces Gba Sur Mar Del Plata Búsquedas relacionadas Software Software Engineer Python Software Engineer Management Modelo Services Engineer Security Product Engineering Product Engineer Quality Engineer Vuelve a tus resultados: [[backlinkLabel]] Desarrollador Senior y Jefe de desarrollo Full Stack .NET Capital Federal - Provincia De Buenos Aires Estudio Orbe [[upButtonMessage]] full time www.sherlockhr.com 27 jul 2026 Importante empresa de tecnología que se dedica a la implementación de Sistemas de gestión ubicada en CABA incorporará Desarrollador Senior y Jefe de desarrollo Full Stack .NET Buscamos un profesional con sólida experiencia en desarrollo de software para liderar técnicamente el equipo de desarrollo sin dejar de participar activamente en la programación. Será responsable de la ingeniería de software de punta a punta: arquitectura, desarrollo, planificación, ejecución y cumplimiento de los proyectos. con amplia experiencia en el desarrollo de soluciones Mobile, Web y Cloud, con capacidad para liderar proyectos, equipos de trabajo y guiar técnicamente el desarrollo de soluciones innovadoras. Responsabilidades Liderar técnica y funcionalmente al equipo de desarrollo. Participar activamente en el desarrollo de aplicaciones Web, Mobile y servicios utilizando tecnologías .NET. Diseñar y evolucionar la arquitectura de las aplicaciones, priorizando escalabilidad, rendimiento y mantenibilidad. Traducir requerimientos funcionales en soluciones técnicas. Planificar, priorizar y realizar el seguimiento del backlog y de las tareas del equipo. Coordinar proyectos y asegurar el cumplimiento de plazos y calidad de las entregas. Participar en tareas de debugging, optimización y desarrollo cuando sea necesario. Definir y mejorar procesos de desarrollo, versionado, testing y despliegues. Proporcionar liderazgo técnico y mentoría a otros desarrolladores. Requisitos Experiencia mínima de 5 años en desarrollo Full Stack .NET. Conocimientos sólidos en .NET Core, MVC, Blazor, MAUI, HTML, CSS, JavaScript. Experiencia en soluciones Cloud (Azure, AWS). Experiencia en gestión de proyectos y liderazgo de equipos. Familiaridad con bases de datos SQL Server (store procedures, triggers, funciones). Conocimientos con IIS e implementaciones OnPremise. Dominio de C#, .NET Framework y/o .NET Core. Experiencia desarrollando e integrando integrando sistemas mediante APIs, procesos batch o colas. Conocimientos de arquitectura de software y patrones de diseño. Manejo de Git. Si te interesa nuestra propuesta aguardamos tu postulación Ver más Ver menos [[downButtonMessage]] LinkedIn Twitter Facebook © 2026 Jobrapido | C.I.F: IT11876271005 Trabajos Empresas Condiciones del Servicio Política de Privacidad Ayuda Contacto",,https://ar.jobrapido.com/jobpreview/1763771319167483904?redirectTo=https%253A%252F%252Fgrupoorbe.pandape.computrabajo.com%252FDetail%252F13150825%253Fov%253D6%2526utm_source%253Djobrapido%2526utm_medium%253Dreferral%2526utm_campaign%253Dfeed%2526utm_term%253Dorganic%2526utm_content%253Dats&w=Python&p=5,Desarrollador Full Stack,jobrapido,2026-09-06T02:50:38.410199,,,,
5541165626883571712,Desarrollador Full Stack Ai & Automation Avellaneda (Argentina),Experis Argentina,Avellaneda,"Jobrapido Publica una oferta Ayuda Empresas Entrar Inscríbete Profesión / Palabras clave Localidad Ofertas de trabajo para Desarrollador Full en Avellaneda Trabajos > Desarrollador Full > Avellaneda Localidad Gran Buenos Aires Capital Federal Córdoba Santa Fé Neuquén Rosario Mendoza Rincón De Los Sauces Gba Sur Mar Del Plata Búsquedas relacionadas Software Software Engineer Python Software Engineer Management Modelo Services Engineer Security Product Engineering Product Engineer Quality Engineer Vuelve a tus resultados: [[backlinkLabel]] Desarrollador Full Stack Ai & Automation Avellaneda (Argentina) Avellaneda - Provincia De Buenos Aires Experis Argentina [[upButtonMessage]] other Publicado enwww.kitempleo.com.ar 22 ago 2026 En Experis Argentina nos encontramos en la búsqueda de un Desarrollador Full Stack | AI & Automation para que pueda incorporarse en un proyecto de relevante cliente. Contratación bajo relación de dependencia con el cliente por tiempo indeterminado. Modalidad full time (09:00pm a 06:00pm) Híbrido (2 días presencial x 3 días de remoto) ¿Qué buscamos? +3 años de experiencia en desarrollo fullstack. Para el Backend: Lenguajes: JavaScript / TypeScript. Para el Frontend: frameworks actuales como Angular o React. Mobile: Conocimientos en React Native. Legacy: Conocimiento en Progress / OpenEdge y Crystal Reports (suman puntos) Sólidos conocimientos en programación estructurada, orientada a objetos y eventos Experiencia en arquitectura cliente/servidor y desarrollo de APIs REST Dominio avanzado de SQL Interés o experiencia en IA aplicada y automatización (n8n, LLMs) Valoramos especialmente Experiencia en Salud, Seguros o Fintech Responsabilidades principales Diseñar y desarrollar aplicaciones full stack y APIs REST Automatizar procesos utilizando herramientas como n8n y LLMs (Gemini, Claude, etc.) Trabajar con bases de datos SQL y optimizar consultas Participar en la evolución de sistemas hacia arquitecturas más modernas Colaborar con distintas áreas para transformar necesidades de negocio en soluciones tecnológicas Ventajas Prepaga Almuerzo pago los días de presencialidad En Experis Argentina promovemos una cultura inclusiva y diversa basada en el respeto y en la igualdad de oportunidades. Valorando los diferentes aportes de las personas sin importar su condición, raza, religión, etnia, nacionalidad, genero, orientación sexual, edad y discapacidad. No te dejes en engañar por publicaciones de avisos laborales falsos. Te damos algunas recomendaciones para corroborar la veracidad de nuestras búsquedas: ¡Si te interesa participar del proceso de selección no dudes en postularte! Required Skill Profession Other General Ver más Ver menos [[downButtonMessage]] LinkedIn Twitter Facebook © 2026 Jobrapido | C.I.F: IT11876271005 Trabajos Empresas Condiciones del Servicio Política de Privacidad Ayuda Contacto",,https://ar.jobrapido.com/jobpreview/5541165626883571712?redirectTo=https%253A%252F%252Fwww.kitempleo.com.ar%252Fempleo%252F52625305%252Fdesarrollador-full-stack-ai-automation-avellaneda-argentina&w=Python&p=5,Desarrollador Full Stack,jobrapido,2026-09-06T02:50:38.410672,,,,
5612202049497202688,Desarrollador Full Stack | AI & Automation (San Isidro),ManpowerGroup,San Isidro,"Open or close the mobile menu Jobrapido Entrar Inscríbete Publica una oferta Ayuda Empresas Clear job input Profesión / Palabras clave Ofertas de trabajo para Desarrollador Full en San Isidro ¿Qué trabajo estás buscando? Clear location input Localidad Búsqueda avanzada de empleo Relevancia Fecha [[distance.label]] [[d.text]] Close Localidad Gran Buenos Aires Capital Federal Córdoba Santa Fé Neuquén Rosario Mendoza Rincón De Los Sauces Gba Sur Mar Del Plata Búsquedas relacionadas Software Software Engineer Python Software Engineer Management Modelo Services Engineer Security Product Engineering Product Engineer Quality Engineer Ofertas de trabajo para Desarrollador Full en San Isidro Trabajos > Desarrollador Full > San Isidro Localidad Gran Buenos Aires Capital Federal Córdoba Santa Fé Neuquén Rosario Mendoza Rincón De Los Sauces Gba Sur Mar Del Plata Búsquedas relacionadas Software Software Engineer Python Software Engineer Management Modelo Services Engineer Security Product Engineering Product Engineer Quality Engineer Vuelve a tus resultados: [[backlinkLabel]] Desarrollador Full Stack | AI & Automation (San Isidro) San Isidro - Provincia De Buenos Aires ManpowerGroup [[upButtonMessage]] other Publicado enwww.kitempleo.com.ar 16 ago 2026 En Experis Argentina nos encontramos en la búsqueda de un Desarrollador Full Stack | AI & Automation para que pueda incorporarse en un proyecto de importante cliente. Contratación bajo relación de dependencia con el cliente por tiempo indeterminado. Modalidad full time (09:00pm a 06:00pm) Híbrido (2 días presencial x 3 días de remoto) 🎯 ¿Qué buscamos? ✔ +3 años de experiencia en desarrollo fullstack. Para el Backend: Node.js. Lenguajes: JavaScript / TypeScript. Para el Frontend: frameworks modernos como Angular o React. Mobile: Conocimientos en React Native. Legacy: Conocimiento en Progress / OpenEdge y Crystal Reports (suman puntos) ✔ Sólidos conocimientos en programación estructurada, orientada a objetos y eventos ✔ Experiencia en arquitectura cliente/servidor y desarrollo de APIs REST ✔ Dominio avanzado de SQL ✔ Interés o experiencia en IA aplicada y automatización (n8n, LLMs) 🌟 Valoramos especialmente Experiencia en Salud, Seguros o Fintech 🔧 Responsabilidades principales Diseñar y desarrollar aplicaciones full stack y APIs REST Automatizar procesos utilizando herramientas como n8n y LLMs (Gemini, Claude, etc.) Trabajar con bases de datos SQL y optimizar consultas Participar en la evolución de sistemas hacia arquitecturas más modernas Colaborar con distintas áreas para transformar necesidades de negocio en soluciones tecnológicas Incentivos Prepaga Almuerzo pago los días de presencialidad En Experis Argentina promovemos una cultura inclusiva y diversa basada en el respeto y en la igualdad de oportunidades. Valorando los diferentes aportes de las personas sin importar su condición, raza, religión, etnia, nacionalidad, genero, orientación sexual, edad y discapacidad. No te dejes en engañar por publicaciones de avisos laborales falsos. Te damos algunas recomendaciones para corroborar la veracidad de nuestras búsquedas: https://bit.ly/Recomendaciones-Avisos-Laborales ¡Si te interesa participar del proceso de selección no dudes en postularte! Ver más Ver menos [[downButtonMessage]] LinkedIn Twitter Facebook © 2026 Jobrapido | C.I.F: IT11876271005 Trabajos Empresas Condiciones del Servicio Política de Privacidad Ayuda Contacto",,https://ar.jobrapido.com/jobpreview/5612202049497202688?redirectTo=https%253A%252F%252Fwww.kitempleo.com.ar%252Fempleo%252F52384789%252Fdesarrollador-full-stack-ai-automation-san-isidro&w=Python&p=5,Desarrollador Full Stack,jobrapido,2026-09-06T02:50:38.411139,,,,
1126979659473354752,Desarrollador Full Stack Ai & Automation Avellaneda,Experis Argentina,Avellaneda,"Open or close the mobile menu Jobrapido Entrar Inscríbete Publica una oferta Ayuda Empresas Clear job input Profesión / Palabras clave Ofertas de trabajo para Desarrollador Full en Avellaneda ¿Qué trabajo estás buscando? Clear location input Localidad Búsqueda avanzada de empleo Relevancia Fecha [[distance.label]] [[d.text]] Close Localidad Gran Buenos Aires Capital Federal Córdoba Santa Fé Neuquén Rosario Mendoza Rincón De Los Sauces Gba Sur Mar Del Plata Búsquedas relacionadas Software Software Engineer Python Software Engineer Management Modelo Services Engineer Security Product Engineering Product Engineer Quality Engineer Vuelve a tus resultados: [[backlinkLabel]] Desarrollador Full Stack Ai & Automation Avellaneda Avellaneda - Provincia De Buenos Aires Experis Argentina [[upButtonMessage]] other www.kitempleo.com.ar 15 ago 2026 En Experis Argentina nos encontramos en la búsqueda de un Desarrollador Full Stack | AI & Automation para que pueda incorporarse en un proyecto de significativo cliente. Contratación bajo relación de dependencia con el cliente por tiempo indeterminado. Modalidad full time (09:00pm a 06:00pm) Híbrido (2 días presencial x 3 días de remoto) ¿Qué buscamos? +3 años de experiencia en desarrollo fullstack. Para el Backend: Lenguajes: JavaScript / TypeScript. Para el Frontend: frameworks modernos como Angular o React. Mobile: Conocimientos en React Native. Legacy: Conocimiento en Progress / OpenEdge y Crystal Reports (suman puntos) Sólidos conocimientos en programación estructurada, orientada a objetos y eventos Experiencia en arquitectura cliente/servidor y desarrollo de APIs REST Dominio avanzado de SQL Interés o experiencia en IA aplicada y automatización (n8n, LLMs) Valoramos especialmente Experiencia en Salud, Seguros o Fintech Responsabilidades principales Diseñar y desarrollar aplicaciones full stack y APIs REST Automatizar procesos utilizando herramientas como n8n y LLMs (Gemini, Claude, etc.) Trabajar con bases de datos SQL y optimizar consultas Participar en la evolución de sistemas hacia arquitecturas más contemporáneas Colaborar con distintas áreas para transformar necesidades de negocio en soluciones tecnológicas Incentivos Prepaga Almuerzo pago los días de presencialidad En Experis Argentina promovemos una cultura inclusiva y diversa basada en el respeto y en la igualdad de oportunidades. Valorando los diferentes aportes de las personas sin importar su condición, raza, religión, etnia, nacionalidad, genero, orientación sexual, edad y discapacidad. No te dejes en engañar por publicaciones de avisos laborales falsos. Te damos algunas recomendaciones para corroborar la veracidad de nuestras búsquedas: ¡Si te interesa participar del proceso de selección no dudes en postularte! Ver más Ver menos [[downButtonMessage]] LinkedIn Twitter Facebook © 2026 Jobrapido | C.I.F: IT11876271005 Trabajos Empresas Condiciones del Servicio Política de Privacidad Ayuda Contacto",,https://ar.jobrapido.com/jobpreview/1126979659473354752?redirectTo=https%253A%252F%252Fwww.kitempleo.com.ar%252Fempleo%252F52327252%252Fdesarrollador-full-stack-ai-automation-avellaneda&w=Python&p=5,Desarrollador Full Stack,jobrapido,2026-09-06T02:50:38.411610,,,,
2103377389739311104,Desarrollador/a Full Stack Semi Senior Mendoza (Argentina),Importante empresa del sector,Mendoza,"Open or close the mobile menu Jobrapido Entrar Inscríbete Publica una oferta Ayuda Empresas Clear job input Profesión / Palabras clave Ofertas de trabajo para Full Stack en Mendoza ¿Qué trabajo estás buscando? Clear location input Localidad Búsqueda avanzada de empleo Relevancia Fecha [[distance.label]] [[d.text]] Close Localidad Gran Buenos Aires Capital Federal Córdoba Santa Fé Neuquén Rosario Mendoza Rincón De Los Sauces Gba Sur Mar Del Plata Búsquedas relacionadas Software Software Engineer Python Software Engineer Management Modelo Services Engineer Security Product Engineering Product Engineer Quality Engineer Vuelve a tus resultados: [[backlinkLabel]] Desarrollador/a Full Stack Semi Senior Mendoza (Argentina) Mendoza - Región Cuyo Importante empresa del sector [[upButtonMessage]] full time www.kitempleo.com.ar 29 ago 2026 Nos encontramos en la búsqueda de un/a Desarrollador/a Full Stack para sumarse al equipo de Sistemas, participando en proyectos de desarrollo de aplicaciones, automatización de procesos, análisis de datos y transformación digital. Principales responsabilidades: Desarrollar y mantener aplicaciones web internas. Participar en proyectos de transformación digital. Diseñar e implementar integraciones entre sistemas mediante APIs. Automatizar procesos de negocio. Diseñar, desarrollar y optimizar consultas SQL. Construir reportes y tableros de gestión. Analizar datos y generar indicadores para distintas áreas de la organización. Investigar e implementar nuevas tecnologías que aporten valor al negocio. Requisitos excluyentes: HTML5. CSS3. JavaScript (ES6+). React. Node.js. Express. Diseño y consumo de APIs REST. Manejo de autenticación y autorización. SQL y bases de datos relacionales. Requisitos deseables: Next.js. TypeScript. PostgreSQL. Docker. Git y GitHub. Automatización de procesos mediante n8n o herramientas similares. Desarrollo de Progressive Web Apps (PWA). Integración con servicios Cloud. Conocimientos de Inteligencia Artificial aplicada a procesos empresariales. Experiencia integrando modelos LLM mediante APIs. Competencias valoradas: Pensamiento analítico. Resolución de problemas complejos. Autonomía. Proactividad. Orientación a resultados. Aprendizaje continuo. Comunicación efectiva con usuarios no técnicos. Capacidad para transformar necesidades de negocio en soluciones tecnológicas. J-*-Ljbffr Ver más Ver menos [[downButtonMessage]] LinkedIn Twitter Facebook © 2026 Jobrapido | C.I.F: IT11876271005 Trabajos Empresas Condiciones del Servicio Política de Privacidad Ayuda Contacto",,https://ar.jobrapido.com/jobpreview/2103377389739311104?redirectTo=https%253A%252F%252Fwww.kitempleo.com.ar%252Fempleo%252F52841903%252Fdesarrollador-a-full-stack-semi-senior-mendoza-argentina&w=Python&p=5,Desarrollador Full Stack,jobrapido,2026-09-06T02:50:38.412076,,,,
1532492054741909504,Desarrollador Full Stack Junior (Presencial) (Córdoba),Julio Bellone y asociados,Córdoba,"Open or close the mobile menu Jobrapido Entrar Inscríbete Publica una oferta Ayuda Empresas Clear job input Profesión / Palabras clave Ofertas de trabajo para Desarrollador Full en Córdoba ¿Qué trabajo estás buscando? Clear location input Localidad Búsqueda avanzada de empleo Relevancia Fecha [[distance.label]] [[d.text]] Close Localidad Gran Buenos Aires Capital Federal Córdoba Santa Fé Neuquén Rosario Mendoza Rincón De Los Sauces Gba Sur Mar Del Plata Búsquedas relacionadas Software Software Engineer Python Software Engineer Management Modelo Services Engineer Security Product Engineering Product Engineer Quality Engineer Vuelve a tus resultados: [[backlinkLabel]] Desarrollador Full Stack Junior (Presencial) (Córdoba) Córdoba - Región Centro Julio Bellone y asociados [[upButtonMessage]] full time www.kitempleo.com.ar 28 ago 2026 Nos encontramos en la búsqueda de un Desarrollador Full Stack Junior para integrarse a un equipo dinámico, participando activamente en el desarrollo web, integración de sistemas, automatización de procesos (incluyendo IA) y el mantenimiento de nuestro ERP. Requisitos Técnicos - Backend: Node.js, Express.js, desarrollo de APIs REST, validación de datos y autenticación (JWT). - Frontend: React.js, consumo de APIs REST, manejo de estados y diseño de interfaces responsivas (HTML5, CSS3, JavaScript ES6+). - Bases de Datos: Experiencia en MySQL y PostgreSQL (creación/optimización de consultas SQL y modelado relacional). - Integraciones: Consumo de APIs de terceros, manejo de JSON y automatización de flujos de datos. - Control de Versiones: Git y GitHub (ramas y pull requests). - Cloud & Deploy (Deseable): Conocimientos en Railway o Google Cloud Platform (GCP), configuración de variables de ambiente y gestión básica de servidores. Tareas Principales - Desarrollo, mantenimiento y optimización de aplicaciones web y sistemas ERP. - Diseño y ejecución de automatizaciones con Inteligencia Artificial (API + Desarrollo). - Creación, mantenimiento e integración de APIs con sistemas externos. - Despliegue, monitoreo de aplicaciones en la nube y corrección de errores. - Participación activa en el análisis y diseño de nuevas soluciones tecnológicas. Ver más Ver menos [[downButtonMessage]] LinkedIn Twitter Facebook © 2026 Jobrapido | C.I.F: IT11876271005 Trabajos Empresas Condiciones del Servicio Política de Privacidad Ayuda Contacto",,https://ar.jobrapido.com/jobpreview/1532492054741909504?redirectTo=https%253A%252F%252Fwww.kitempleo.com.ar%252Fempleo%252F52811273%252Fdesarrollador-full-stack-junior-presencial-cordoba&w=Python&p=5,Desarrollador Full Stack,jobrapido,2026-09-06T02:50:38.412549,,,,
4668529564845080576,Desarrollador/A Full Stack - Semi Senior (Mendoza),Importante empresa del sector,Mendoza,"Open or close the mobile menu Jobrapido Entrar Inscríbete Publica una oferta Ayuda Empresas Clear job input Profesión / Palabras clave Ofertas de trabajo para Full Stack en Mendoza ¿Qué trabajo estás buscando? Clear location input Localidad Búsqueda avanzada de empleo Relevancia Fecha [[distance.label]] [[d.text]] Close Localidad Gran Buenos Aires Capital Federal Córdoba Santa Fé Neuquén Rosario Mendoza Rincón De Los Sauces Gba Sur Mar Del Plata Búsquedas relacionadas Software Software Engineer Python Software Engineer Management Modelo Services Engineer Security Product Engineering Product Engineer Quality Engineer Vuelve a tus resultados: [[backlinkLabel]] Desarrollador/A Full Stack - Semi Senior (Mendoza) Mendoza - Región Cuyo Importante empresa del sector [[upButtonMessage]] full time www.kitempleo.com.ar 27 ago 2026 Nos encontramos en la búsqueda de un/a Desarrollador/a Full Stack para sumarse al equipo de Sistemas, participando en proyectos de desarrollo de aplicaciones, automatización de procesos, análisis de datos y transformación digital. Principales responsabilidades: Desarrollar y mantener aplicaciones web internas. Participar en proyectos de transformación digital. Diseñar e implementar integraciones entre sistemas mediante APIs. Automatizar procesos de negocio. Diseñar, desarrollar y optimizar consultas SQL. Construir reportes y tableros de gestión. Analizar datos y generar indicadores para distintas áreas de la organización. Investigar e implementar nuevas tecnologías que aporten valor al negocio. Requisitos excluyentes: HTML5. CSS3. JavaScript (ES6+). React. Node.js. Express. Diseño y consumo de APIs REST. Manejo de autenticación y autorización. SQL y bases de datos relacionales. Requisitos deseables: Next.js. TypeScript. PostgreSQL. Docker. Git y GitHub. Automatización de procesos mediante n8n o herramientas similares. Desarrollo de Progressive Web Apps (PWA). Integración con servicios Cloud. Conocimientos de Inteligencia Artificial aplicada a procesos empresariales. Experiencia integrando modelos LLM mediante APIs. Competencias valoradas: Pensamiento analítico. Resolución de problemas complejos. Autonomía. Proactividad. Orientación a resultados. Aprendizaje continuo. Comunicación efectiva con usuarios no técnicos. Capacidad para transformar necesidades de negocio en soluciones tecnológicas. #J-*****-Ljbffr Ver más Ver menos [[downButtonMessage]] LinkedIn Twitter Facebook © 2026 Jobrapido | C.I.F: IT11876271005 Trabajos Empresas Condiciones del Servicio Política de Privacidad Ayuda Contacto",,https://ar.jobrapido.com/jobpreview/4668529564845080576?redirectTo=https%253A%252F%252Fwww.kitempleo.com.ar%252Fempleo%252F52798540%252Fdesarrollador-a-full-stack-semi-senior-mendoza&w=Python&p=5,Desarrollador Full Stack,jobrapido,2026-09-06T02:50:38.413016,,,,
5845657367693230080,Desarrollador Full Stack Junior (Presencial) (Córdoba),Bellone Asociados,Córdoba,"Open or close the mobile menu Jobrapido Entrar Inscríbete Publica una oferta Ayuda Empresas Clear job input Profesión / Palabras clave Ofertas de trabajo para Desarrollador Full en Córdoba ¿Qué trabajo estás buscando? Clear location input Localidad Búsqueda avanzada de empleo Relevancia Fecha [[distance.label]] [[d.text]] Close Localidad Gran Buenos Aires Capital Federal Córdoba Santa Fé Neuquén Rosario Mendoza Rincón De Los Sauces Gba Sur Mar Del Plata Búsquedas relacionadas Software Software Engineer Python Software Engineer Management Modelo Services Engineer Security Product Engineering Product Engineer Quality Engineer Vuelve a tus resultados: [[backlinkLabel]] Desarrollador Full Stack Junior (Presencial) (Córdoba) Córdoba - Región Centro Bellone Asociados [[upButtonMessage]] full time www.kitempleo.com.ar 27 ago 2026 Nos encontramos en la búsqueda de un Desarrollador Full Stack Junior para integrarse a un equipo ágil, participando activamente en el desarrollo web, integración de sistemas, automatización de procesos (incluyendo IA) y el mantenimiento de nuestro ERP. Requisitos Técnicos - Backend: Node.js, Express.js, desarrollo de APIs REST, validación de datos y autenticación (JWT). - Frontend: React.js, consumo de APIs REST, manejo de estados y diseño de interfaces responsivas (HTML5, CSS3, JavaScript ES6+). - Bases de Datos: Experiencia en MySQL y PostgreSQL (creación/optimización de consultas SQL y modelado relacional). - Integraciones: Consumo de APIs de terceros, manejo de JSON y automatización de flujos de datos. - Control de Versiones: Git y GitHub (ramas y pull requests). - Cloud & Deploy (Deseable): Conocimientos en Railway o Google Cloud Platform (GCP), configuración de variables de entorno y gestión básica de servidores. Tareas Principales - Desarrollo, mantenimiento y optimización de aplicaciones web y sistemas ERP. - Diseño y ejecución de automatizaciones con Inteligencia Artificial (API + Desarrollo). - Creación, mantenimiento e integración de APIs con sistemas externos. - Despliegue, monitoreo de aplicaciones en la nube y corrección de errores. - Participación activa en el análisis y diseño de nuevas soluciones tecnológicas. Ver más Ver menos [[downButtonMessage]] LinkedIn Twitter Facebook © 2026 Jobrapido | C.I.F: IT11876271005 Trabajos Empresas Condiciones del Servicio Política de Privacidad Ayuda Contacto",,https://ar.jobrapido.com/jobpreview/5845657367693230080?redirectTo=https%253A%252F%252Fwww.kitempleo.com.ar%252Fempleo%252F52775346%252Fdesarrollador-full-stack-junior-presencial-cordoba&w=Python&p=5,Desarrollador Full Stack,jobrapido,2026-09-06T02:50:38.413483,,,,
6506463512389222400,Desarrolladores Full Stack Senior o Semi Senior (Neuquén),Estudio Sanchez Salas y Asoc.,Neuquén,"Jobrapido Publica una oferta Ayuda Empresas Entrar Inscríbete Profesión / Palabras clave Localidad Ofertas de trabajo para Desarrolladores Full en Neuquén Trabajos > Desarrolladores Full > Neuquén Localidad Gran Buenos Aires Capital Federal Córdoba Santa Fé Neuquén Rosario Mendoza Rincón De Los Sauces Gba Sur Mar Del Plata Búsquedas relacionadas Software Software Engineer Python Software Engineer Management Modelo Services Engineer Security Product Engineering Product Engineer Quality Engineer Vuelve a tus resultados: [[backlinkLabel]] Desarrolladores Full Stack Senior o Semi Senior (Neuquén) Neuquén - Región Patagonia Estudio Sanchez Salas y Asoc. [[upButtonMessage]] full time Publicado enwww.kitempleo.com.ar 16 ago 2026 Seleccionaremos Desarrolladores Full Stack Senior o Semi Senior para trabajar en una relevante empresa de desarrollo en la Ciudad de Neuquén. Principales Funciones - Programación en el lenguaje definido para cada Proyecto. - Interpretación de Casos de uso. - Testeo de aplicaciones desarrolladas. - Posibilidad de realización de análisis técnico y funcional. - Interpretación de HTML. - Manejo de sistemas de seguimiento o tickets. Formación - Universitaria. (no excluyente, pero preferente) - Terciaria. (o equivalente) Experiencia - Se requiere experiencia comprobable. - Se valorará especialmente su conocimiento en Genexus, J2EE, .NET, Phyton, Angular. - Nivel intermedio de conocimiento del idioma inglés. Horarios: Lunes a Viernes. 8:30 a 16:30 horas. Modalidad de trabajo: Principalmente Home Office. Presencial a requerimiento, en función de las particularidades del proyecto en desarrollo. Fecha Estipulada de Ingreso: 1 de Junio 2023 Esta propuesta está orientada a postulantes que posean gran capacidad de aprendizaje, trabajo en equipo y relación con el sector usuario, para trabajar en una empresa certificada bajo normas de calidad IRAM-ISO 9001 y en un Laboratorio de Desarrollo de aplicativos con herramientas de alta tecnología respaldado por Oracle, IBM Argentina S.A., Microsoft y Accion-Point - Artech (Genexus). Ver más Ver menos [[downButtonMessage]] LinkedIn Twitter Facebook © 2026 Jobrapido | C.I.F: IT11876271005 Trabajos Empresas Condiciones del Servicio Política de Privacidad Ayuda Contacto",,https://ar.jobrapido.com/jobpreview/6506463512389222400?redirectTo=https%253A%252F%252Fwww.kitempleo.com.ar%252Fempleo%252F52384623%252Fdesarrolladores-full-stack-senior-o-semi-senior-neuquen&w=Python&p=5,Desarrollador Full Stack,jobrapido,2026-09-06T02:50:38.413957,,,,
4081150868236271616,Desarrollador React (Full stack) Senior (San Nicolás),Cu0026S informática,Capital Federal (San Nicolás),"Open or close the mobile menu Jobrapido Entrar Inscríbete Publica una oferta Ayuda Empresas Clear job input Profesión / Palabras clave Ofertas de trabajo para Desarrollador React en Capital Federal (San Nicolás) ¿Qué trabajo estás buscando? Clear location input Localidad Búsqueda avanzada de empleo Relevancia Fecha [[distance.label]] [[d.text]] Close Localidad Gran Buenos Aires Capital Federal Córdoba Santa Fé Neuquén Rosario Mendoza Rincón De Los Sauces Gba Sur Mar Del Plata Búsquedas relacionadas Software Software Engineer Python Software Engineer Management Modelo Services Engineer Security Product Engineering Product Engineer Quality Engineer Vuelve a tus resultados: [[backlinkLabel]] Desarrollador React (Full stack) Senior (San Nicolás) Capital Federal (San Nicolás) - Provincia De Buenos Aires Cu0026S informática [[upButtonMessage]] full time www.kitempleo.com.ar 31 ago 2026 💻 Buscamos Desarrollador React (Full stack)– Senior | Híbrido (CABA) / Remoto fuera de AMBA Desde C&S; nos encontramos en la búsqueda de un/a Desarrollador/a React – Senior para incorporarse a una importante empresa del sector fianciero. 📍 Modalidad: Híbrido (oficinas en CABA) / Remoto si residís fuera del AMBA ⏰ Horario: Full Time – 9 a 18 hs 💼 Contratación: Tiempo indeterminado 🧠 ¿Cuáles serán tus responsabilidades? - Participar en reuniones de Sprint Planning, Daily, Refinements y Retrospective. - Crear tareas para las User Stories de acuerdo al documento técnico. - Desarrollar test cases aplicando TDD (Test Driven Development). - Implementar vistas de acuerdo con los documentos técnicos y estándares definidos. - Cumplir con las reglas y estándares de codificación establecidos. - Integrar el código con GIT, siguiendo las políticas del equipo. - Resolver incidentes y realizar refactorización de código. 🎯 ¿Qué esperamos de vos? Skills mandatorios: - Mínimo 3 años de experiencia en diseño, desarrollo e implementación de software. - Conocimiento en desarrollo microfront de aplicaciones single-SPA, consumiendo APIs y bases de datos. - Dominio de React, NodeJS, ExpressJS, TypeScript, REST APIs, MongoDB, Oracle y SQL. - Experiencia en patrones de diseño e integración. - Conocimientos en Angular. - Conocimientos en OCP (Openshift). - Experiencia con metodologías ágiles. - Experiencia en Test Driven Development (TDD). 🎁 ¿Qué ofrecemos? - Contrato por tiempo indeterminado. - Modalidad híbrida / remota según residencia. - Participación en proyectos de alta visibilidad tecnológica. - Sobresaliente clima laboral y equipo cooperativo. - Beneficios corporativos y más 🧩 Acerca de C&S; Somos una empresa con más de 40 años en el mercado, compuesta por un equipo de más de 160 profesionales. Nos especializamos en Desarrollo de Software, Talent Outsourcing y Consultoría IT, con presencia en Buenos Aires (Argentina) y Santiago de Chile, y certificación ISO 9001. Ver más Ver menos [[downButtonMessage]] LinkedIn Twitter Facebook © 2026 Jobrapido | C.I.F: IT11876271005 Trabajos Empresas Condiciones del Servicio Política de Privacidad Ayuda Contacto",,https://ar.jobrapido.com/jobpreview/4081150868236271616?redirectTo=https%253A%252F%252Fwww.kitempleo.com.ar%252Fempleo%252F52898760%252Fdesarrollador-react-full-stack-senior-san-nicolas&w=Python&p=5,Desarrollador Full Stack,jobrapido,2026-09-06T02:50:38.414426,,,,
5906657448168521728,Desarrollador Full Stack Sr San Nicolás (Argentina),Ecosistemas,Capital Federal (San Nicolás),"Open or close the mobile menu Jobrapido Entrar Inscríbete Publica una oferta Ayuda Empresas Clear job input Profesión / Palabras clave Ofertas de trabajo para Desarrollador Full en Capital Federal (San Nicolás) ¿Qué trabajo estás buscando? Clear location input Localidad Búsqueda avanzada de empleo Relevancia Fecha [[distance.label]] [[d.text]] Close Localidad Gran Buenos Aires Capital Federal Córdoba Santa Fé Neuquén Rosario Mendoza Rincón De Los Sauces Gba Sur Mar Del Plata Búsquedas relacionadas Software Software Engineer Python Software Engineer Management Modelo Services Engineer Security Product Engineering Product Engineer Quality Engineer Ofertas de trabajo para Desarrollador Full en Capital Federal (San Nicolás) Trabajos > Desarrollador Full > Capital Federal (San Nicolás) Localidad Gran Buenos Aires Capital Federal Córdoba Santa Fé Neuquén Rosario Mendoza Rincón De Los Sauces Gba Sur Mar Del Plata Búsquedas relacionadas Software Software Engineer Python Software Engineer Management Modelo Services Engineer Security Product Engineering Product Engineer Quality Engineer Vuelve a tus resultados: [[backlinkLabel]] Desarrollador Full Stack Sr San Nicolás (Argentina) Capital Federal (San Nicolás) - Provincia De Buenos Aires Ecosistemas [[upButtonMessage]] full time Publicado enwww.kitempleo.com.ar 26 ago 2026 Somos Ecosistemas, una compañía integral de tecnología que conecta a nuestros clientes con soluciones a medida, integrales e creativas. Operamos en más de 15 países, incluyendo Argentina, Chile, Brasil, México, Estados Unidos y España. Queremos que seas parte de este gran equipo ¿Qué estamos buscando? Desarrollador Full Stack Sr, para unirse a nuestro equipo del cliente . Lugar de trabajo: CABA Modalidad: Híbrido Horario: De 9 a 18 hs Formación Académica: Título universitario en Ingeniería en Sistemas, Informática o carreras afines (Deseable) Inglés avanzado ( requerido) Habilidades técnicas: • Más de 4 años de experiencia en desarrollo full-stack con aplicaciones de producción • Experiencia con servicios de Azure (App Service, SQL Database, Key Vault, Blob Storage, Azure Kubernetes Service) • Sólido dominio de JavaScript/TypeScript, React.js y Node.js • Experiencia con Java y Spring para desarrollo backend • Sólida comprensión de SQL y experiencia con bases de datos relacionales (SQL Server, PostgreSQL) • Experiencia con diseño de API RESTful y arquitectura de microservicios • Familiaridad con plataformas en la nube, preferiblemente Microsoft Azure • Conocimiento de tecnologías de contenedorización (Docker, conceptos básicos de Kubernetes) • Experiencia con control de versiones de Git y prácticas de CI/CD Habilidades blandas: • Fuertes habilidades para resolver problemas con atención al detalle. • Excelentes habilidades de comunicación para interactuar con las partes interesadas del negocio. • Capacidad para trabajar de forma independiente y gestionar múltiples prioridades. • Mentalidad colaborativa con experiencia en metodologías ágiles Responsabilidades: .Desarrollo y mantenimiento de aplicaciones (60%) • Desarrollar, mantener y mejorar funciones para aplicaciones web utilizando React.js, Node.js y Java Script. • Diseñar e implementar API RESTful y microservicios siguiendo las mejores prácticas y estándares de seguridad. • Optimizar el rendimiento de las apl Ver más Ver menos [[downButtonMessage]] LinkedIn Twitter Facebook © 2026 Jobrapido | C.I.F: IT11876271005 Trabajos Empresas Condiciones del Servicio Política de Privacidad Ayuda Contacto",,https://ar.jobrapido.com/jobpreview/5906657448168521728?redirectTo=https%253A%252F%252Fwww.kitempleo.com.ar%252Fempleo%252F52756512%252Fdesarrollador-full-stack-sr-san-nicolas-argentina&w=Python&p=5,Desarrollador Full Stack,jobrapido,2026-09-06T02:50:38.414899,,,,
8408084334510080000,Desarrollador Full Stack Sr (San Nicolás),Ecosistemas,Capital Federal (San Nicolás),"Open or close the mobile menu Jobrapido Entrar Inscríbete Publica una oferta Ayuda Empresas Clear job input Profesión / Palabras clave Ofertas de trabajo para Desarrollador Full en Capital Federal (San Nicolás) ¿Qué trabajo estás buscando? Clear location input Localidad Búsqueda avanzada de empleo Relevancia Fecha [[distance.label]] [[d.text]] Close Localidad Gran Buenos Aires Capital Federal Córdoba Santa Fé Neuquén Rosario Mendoza Rincón De Los Sauces Gba Sur Mar Del Plata Búsquedas relacionadas Software Software Engineer Python Software Engineer Management Modelo Services Engineer Security Product Engineering Product Engineer Quality Engineer Vuelve a tus resultados: [[backlinkLabel]] Desarrollador Full Stack Sr (San Nicolás) Capital Federal (San Nicolás) - Provincia De Buenos Aires Ecosistemas [[upButtonMessage]] full time www.kitempleo.com.ar 24 ago 2026 Somos Ecosistemas, una compañía integral de tecnología que conecta a nuestros clientes con soluciones a medida, integrales e innovadoras. Operamos en más de 15 países, incluyendo Argentina, Chile, Brasil, México, Estados Unidos y España. Queremos que seas parte de este gran equipo ¿Qué estamos buscando? Desarrollador Full Stack Sr, para unirse a nuestro equipo del cliente . Lugar de trabajo: CABA Modalidad: Híbrido Horario: De 9 a 18 hs Formación Académica: - Título universitario en Ingeniería en Sistemas, Informática o carreras afines (Deseable) - Inglés avanzado ( requerido) Habilidades técnicas: • Más de 4 años de experiencia en desarrollo full-stack con aplicaciones de producción • Experiencia con servicios de Azure (App Service, SQL Database, Key Vault, Blob Storage, Azure Kubernetes Service) • Sólido dominio de JavaScript/TypeScript, React.js y Node.js • Experiencia con Java y Spring para desarrollo backend • Sólida comprensión de SQL y experiencia con bases de datos relacionales (SQL Server, PostgreSQL) • Experiencia con diseño de API RESTful y arquitectura de microservicios • Familiaridad con plataformas en la nube, preferiblemente Microsoft Azure • Conocimiento de tecnologías de contenedorización (Docker, conceptos básicos de Kubernetes) • Experiencia con control de versiones de Git y prácticas de CI/CD Habilidades blandas: • Fuertes habilidades para resolver problemas con atención al detalle. • Excelentes habilidades de comunicación para interactuar con las partes interesadas del negocio. • Capacidad para trabajar de forma independiente y gestionar múltiples prioridades. • Mentalidad colaborativa con experiencia en metodologías ágiles Responsabilidades: .Desarrollo y mantenimiento de aplicaciones (60%) • Desarrollar, mantener y mejorar funciones para aplicaciones web utilizando React.js, Node.js y Java Script. • Diseñar e implementar API RESTful y microservicios siguiendo las mejores prácticas y estándares de seguridad. • Optimizar el rendimiento de las apl Ver más Ver menos [[downButtonMessage]] LinkedIn Twitter Facebook © 2026 Jobrapido | C.I.F: IT11876271005 Trabajos Empresas Condiciones del Servicio Política de Privacidad Ayuda Contacto",,https://ar.jobrapido.com/jobpreview/8408084334510080000?redirectTo=https%253A%252F%252Fwww.kitempleo.com.ar%252Fempleo%252F52680847%252Fdesarrollador-full-stack-sr-san-nicolas&w=Python&p=5,Desarrollador Full Stack,jobrapido,2026-09-06T02:50:38.415368,,,,
6935043799047471104,Desarrollador Full Stack (Java + React) Bilingue (Córdoba),Empresa líder,Córdoba,"Open or close the mobile menu Jobrapido Entrar Inscríbete Publica una oferta Ayuda Empresas Clear job input Profesión / Palabras clave Ofertas de trabajo para Desarrollador Full en Córdoba ¿Qué trabajo estás buscando? Clear location input Localidad Búsqueda avanzada de empleo Relevancia Fecha [[distance.label]] [[d.text]] Close Localidad Gran Buenos Aires Capital Federal Córdoba Santa Fé Neuquén Rosario Mendoza Rincón De Los Sauces Gba Sur Mar Del Plata Búsquedas relacionadas Software Software Engineer Python Software Engineer Management Modelo Services Engineer Security Product Engineering Product Engineer Quality Engineer Vuelve a tus resultados: [[backlinkLabel]] Desarrollador Full Stack (Java + React) Bilingue (Córdoba) Córdoba - Región Centro Empresa líder [[upButtonMessage]] full time www.kitempleo.com.ar 02 sep 2026 Job description ‍ Desarrollador/a Fullstack Senior Bilingüe - AI Enabled (Proyecto USA) En Rekluti, consultora especializada en talento tecnológico en LATAM, buscamos un/a Desarrollador/a Full Stack Senior Bilingüe (Inglés B2/C1) con experiencia en el desarrollo de aplicaciones escalables, arquitecturas cloud-native e integración de capacidades de Inteligencia Artificial. Buscamos un profesional con 6+ años de experiencia, sólido dominio de Java y Spring/Spring Boot, experiencia en desarrollo frontend con React, servicios cloud sobre AWS y prácticas de DevOps, además de experiencia práctica integrando herramientas y soluciones basadas en IA. Principales responsabilidades - Diseñar, desarrollar y mantener aplicaciones Full Stack escalables utilizando Java, Spring y Spring Boot en backend y React JS / Next JS en frontend. - Diseñar e implementar APIs REST y SOAP para integración con sistemas internos y externos. - Desarrollar soluciones basadas en microservicios y contenedores utilizando Docker. - Implementar y administrar componentes serverless con AWS Lambda y trabajar con servicios como ECS, DynamoDB, S3, SNS y SQS. - Automatizar infraestructura utilizando AWS CloudFormation (IaC). - Implementar y mantener pipelines CI/CD con Azure DevOps. - Integrar funcionalidades basadas en IA/ML, LLMs, chatbots y automatización inteligente dentro de aplicaciones. - Utilizar herramientas de desarrollo asistido por IA como Claude Code y GitHub Copilot para generación de código, debugging, refactoring y documentación. - Colaborar con equipos de Producto, QA, DevOps y Arquitectura para transformar requerimientos de negocio en soluciones técnicas. - Participar en revisiones de código, pruebas unitarias, resolución de incidencias y mejora continua. - Participar en ceremonias de Agile/Scrum. ️ Requisitos técnicos Backend - 6+ años de experiencia en desarrollo de software. - Dominio de Java 11/17/21+. - Experiencia sólida con Spring Framework y Spring Boot. - Desarrollo y consumo de APIs REST y SOAP. - Experiencia con arquitectura de microservicios. Frontend - Experiencia práctica con React JS. - Next JS es deseable. - Conocimientos de HTML5, CSS3, Bootstrap y JavaScript/TypeScript. - Conocimiento de diseño responsive. ☁️ Cloud & DevOps - Experiencia con AWS, especialmente Lambda, ECS, DynamoDB, S3, SNS y SQS. - Experiencia con AWS CloudFormation. - Experiencia gestionando pipelines CI/CD con Azure DevOps. - Manejo de Docker. - Kubernetes es deseable. Inteligencia Artificial - Experiencia práctica integrando IA/ML o herramientas potenciadas por IA en aplicaciones. - Experiencia con LLM APIs, chatbots o automatización inteligente. - Manejo de herramientas de desarrollo asistido por IA como Claude Code y GitHub Copilot, o similares. - Conocimientos de prompt engineering. - Es deseable experiencia con LangChain, bases de datos vectoriales o arquitecturas RAG. ️ Otros conocimientos - Experiencia con bases de datos relacionales y NoSQL. - Familiaridad con metodologías Agile/Scrum. - Excelentes habilidades de análisis, resolución de problemas y trabajo colaborativo. - Formación universitaria en Ciencias de la Computación, Ingeniería o carreras afines, o experiencia práctica equivalente. Condiciones de la posición - Modalidad: 100% remoto. - Ubicación: LATAM. - Contratación: Contractor. - Pago: En USD. - Idioma: Inglés B2/C1. - Experiencia: 6+ años. Si eres un/a Full Stack Developer con experiencia en Java, React, AWS y tecnologías de IA y buscas un nuevo reto en un ambiente internacional, ¡queremos conocerte! Remote All done! Your application has been successfully submitted! View Remote Jobs You've already applied for this job We appreciate your interest in this position. Unfortunately, you have already applied for this job. Ver más Ver menos [[downButtonMessage]] LinkedIn Twitter Facebook © 2026 Jobrapido | C.I.F: IT11876271005 Trabajos Empresas Condiciones del Servicio Política de Privacidad Ayuda Contacto",,https://ar.jobrapido.com/jobpreview/6935043799047471104?redirectTo=https%253A%252F%252Fwww.kitempleo.com.ar%252Fempleo%252F53049431%252Fdesarrollador-full-stack-java-react-bilingue-cordoba&w=Python&p=5,Desarrollador Full Stack,jobrapido,2026-09-06T02:50:38.415839,,,,
4580290458181173248,Desarrollador Full Stack (Java + React) Bilingue (Córdoba),Rekluti,Córdoba,"Open or close the mobile menu Jobrapido Entrar Inscríbete Publica una oferta Ayuda Empresas Clear job input Profesión / Palabras clave Ofertas de trabajo para Desarrollador Full en Córdoba ¿Qué trabajo estás buscando? Clear location input Localidad Búsqueda avanzada de empleo Relevancia Fecha [[distance.label]] [[d.text]] Close Localidad Gran Buenos Aires Capital Federal Córdoba Santa Fé Neuquén Rosario Mendoza Rincón De Los Sauces Gba Sur Mar Del Plata Búsquedas relacionadas Software Software Engineer Python Software Engineer Management Modelo Services Engineer Security Product Engineering Product Engineer Quality Engineer Vuelve a tus resultados: [[backlinkLabel]] Desarrollador Full Stack (Java + React) Bilingue (Córdoba) Córdoba - Región Centro Rekluti [[upButtonMessage]] full time www.kitempleo.com.ar 30 ago 2026 🧑‍💻 Desarrollador/a Fullstack Senior Bilingüe - AI Enabled (Proyecto USA) En Rekluti, consultora especializada en talento tecnológico en LATAM, buscamos un/a Desarrollador/a Full Stack Senior Bilingüe (Inglés B2/C1) con experiencia en el desarrollo de aplicaciones escalables, arquitecturas cloud-native e integración de capacidades de Inteligencia Artificial. Buscamos un profesional con 6+ años de experiencia, sólido dominio de Java y Spring/Spring Boot, experiencia en desarrollo frontend con React, servicios cloud sobre AWS y prácticas de DevOps, además de experiencia práctica integrando herramientas y soluciones basadas en IA. 💼 Principales responsabilidades - Diseñar, desarrollar y mantener aplicaciones Full Stack escalables utilizando Java, Spring y Spring Boot en backend y React JS / Next JS en frontend. - Diseñar e implementar APIs REST y SOAP para integración con sistemas internos y externos. - Desarrollar soluciones basadas en microservicios y contenedores utilizando Docker. - Implementar y administrar componentes serverless con AWS Lambda y trabajar con servicios como ECS, DynamoDB, S3, SNS y SQS. - Automatizar infraestructura utilizando AWS CloudFormation (IaC). - Implementar y mantener pipelines CI/CD con Azure DevOps. - Integrar funcionalidades basadas en IA/ML, LLMs, chatbots y automatización inteligente dentro de aplicaciones. - Utilizar herramientas de desarrollo asistido por IA como Claude Code y GitHub Copilot para generación de código, debugging, refactoring y documentación. - Colaborar con equipos de Producto, QA, DevOps y Arquitectura para transformar requerimientos de negocio en soluciones técnicas. - Participar en revisiones de código, pruebas unitarias, resolución de incidencias y mejora continua. - Participar en ceremonias de Agile/Scrum. 🛠️ Requisitos técnicos Backend - 6+ años de experiencia en desarrollo de software. - Dominio de Java 11/17/21+. - Experiencia sólida con Spring Framework y Spring Boot. - Desarrollo y consumo de APIs REST y SOAP. - Experiencia con arquitectura de microservicios. Frontend - Experiencia práctica con React JS. - Next JS es deseable. - Conocimientos de HTML5, CSS3, Bootstrap y JavaScript/TypeScript. - Conocimiento de diseño responsive. ☁️ Cloud & DevOps - Experiencia con AWS, especialmente Lambda, ECS, DynamoDB, S3, SNS y SQS. - Experiencia con AWS CloudFormation. - Experiencia gestionando pipelines CI/CD con Azure DevOps. - Manejo de Docker. - Kubernetes es deseable. 🤖 Inteligencia Artificial - Experiencia práctica integrando IA/ML o herramientas potenciadas por IA en aplicaciones. - Experiencia con LLM APIs, chatbots o automatización inteligente. - Manejo de herramientas de desarrollo asistido por IA como Claude Code y GitHub Copilot, o similares. - Conocimientos de prompt engineering. - Es deseable experiencia con LangChain, bases de datos vectoriales o arquitecturas RAG. 🗄️ Otros conocimientos - Experiencia con bases de datos relacionales y NoSQL. - Familiaridad con metodologías Agile/Scrum. - Excelentes habilidades de análisis, resolución de problemas y trabajo cooperativo. - Formación universitaria en Ciencias de la Computación, Ingeniería o carreras afines, o experiencia práctica equivalente. 🌎 Condiciones de la posición - Modalidad: 100% remoto. - Ubicación: LATAM. - Contratación: Contractor. - Pago: En USD. - Idioma: Inglés B2/C1. - Experiencia: 6+ años. Si eres un/a Full Stack Developer con experiencia en Java, React, AWS y tecnologías de IA y buscas un nuevo reto en un entorno internacional, ¡queremos conocerte! 🚀 Remote All done! Your application has been successfully submitted! View Remote Jobs You've already applied for this job We appreciate your interest in this position. Unfortunately, you have already applied for this job. Ver más Ver menos [[downButtonMessage]] LinkedIn Twitter Facebook © 2026 Jobrapido | C.I.F: IT11876271005 Trabajos Empresas Condiciones del Servicio Política de Privacidad Ayuda Contacto",,https://ar.jobrapido.com/jobpreview/4580290458181173248?redirectTo=https%253A%252F%252Fwww.kitempleo.com.ar%252Fempleo%252F52880426%252Fdesarrollador-full-stack-java-react-bilingue-cordoba&w=Python&p=5,Desarrollador Full Stack,jobrapido,2026-09-06T02:50:38.416304,,,,
12354763337236480,Ingeniero de Datos,Tecsol Group SA,Capital Federal,,,https://open.app.jobrapido.com/ar/12354763337236480/?w=ingeniero%20datos&l=&oc=sponsored&k=web.1.1.1&uuid=arF001a0757e4ad36e56&page_item_id=1438239952,Ingeniero de Datos,jobrapido,2026-09-06T02:53:27.802517,,,,
7964806420656816128,Ingeniero de Datos,Kinetic Talent,Córdoba,,,https://open.app.jobrapido.com/ar/7964806420656816128/?w=ingeniero%20datos&l=&oc=sponsored&k=web.1.1.2&uuid=arF001a0757e4ad36e56&page_item_id=-1449260192,Ingeniero de Datos,jobrapido,2026-09-06T02:53:27.803056,,,,
2678481129945694208,Ingeniero de datos,ThinkBig HR,Capital Federal,,,https://open.app.jobrapido.com/ar/2678481129945694208/?w=ingeniero%20datos&l=&oc=sponsored&k=web.1.1.3&uuid=arF001a0757e4ad36e56&page_item_id=1274943726,Ingeniero de Datos,jobrapido,2026-09-06T02:53:27.803549,,,,
1919221716211466240,Ingeniero de Datos,Bumeran Selecta,Capital Federal,,,https://open.app.jobrapido.com/ar/1919221716211466240/?w=ingeniero%20datos&l=&oc=sponsored&k=web.1.1.4&uuid=arF001a0757e4ad36e56&page_item_id=861834678,Ingeniero de Datos,jobrapido,2026-09-06T02:53:27.804029,,,,
5950784354484486144,Ingeniero de datos + Ingles,Join ready,Capital Federal,,,https://open.app.jobrapido.com/ar/5950784354484486144/?w=ingeniero%20datos&l=&oc=sponsored&k=web.1.1.5&uuid=arF001a0757e4ad36e56&page_item_id=1443353911,Ingeniero de Datos,jobrapido,2026-09-06T02:53:27.804512,,,,
6907934394971848704,Ingeniero de Perforación: Impacto en Operaciones y Datos,Pan American Energy S.L.,Comodoro Rivadavia,,,https://open.app.jobrapido.com/ar/6907934394971848704/?w=ingeniero%20datos&l=&oc=sponsored&k=web.1.1.6&uuid=arF001a0757e4ad36e56&page_item_id=-179867549,Ingeniero de Datos,jobrapido,2026-09-06T02:53:27.804994,,,,
5326389018378633216,"Ingeniero de Datos: Snowflake, Airflow y DataOps (Remoto)",Tecsol Group SA,Capital Federal,,,https://open.app.jobrapido.com/ar/5326389018378633216/?w=ingeniero%20datos&l=&oc=sponsored&k=web.1.1.7&uuid=arF001a0757e4ad36e56&page_item_id=1257516356,Ingeniero de Datos,jobrapido,2026-09-06T02:53:27.805472,,,,
2800355955160645632,Ingeniero de Datos Senior | Lidera Pipelines Lakehouse,Toyota Argentina S.A. Company,Zárate,,,https://open.app.jobrapido.com/ar/2800355955160645632/?w=ingeniero%20datos&l=&oc=sponsored&k=web.1.1.8&uuid=arF001a0757e4ad36e56&page_item_id=-1571151157,Ingeniero de Datos,jobrapido,2026-09-06T02:53:27.805955,,,,
54348754534268928,Ingeniero de Datos Senior: Lidera Pipelines Lakehouse,Toyota,Zárate,,,https://open.app.jobrapido.com/ar/54348754534268928/?w=ingeniero%20datos&l=&oc=sponsored&k=web.1.1.9&uuid=arF001a0757e4ad36e56&page_item_id=895052749,Ingeniero de Datos,jobrapido,2026-09-06T02:53:27.806433,,,,
2644615287046930432,Ingeniero de Datos (SSR) – Python / SQL / Big Data / Lakehouse (Híbrido),Talent Connect,Capital Federal,,,https://open.app.jobrapido.com/ar/2644615287046930432/?w=ingeniero%20datos&l=&oc=sponsored&k=web.1.1.10&uuid=arF001a0757e4ad36e56&page_item_id=1374205901,Ingeniero de Datos,jobrapido,2026-09-06T02:53:27.806925,,,,
7860069477025579008,Ingeniero de Datos (SR) – Informatica Cloud / Cloudera / Python (Híbrido),Talent Connect,Capital Federal,,,https://open.app.jobrapido.com/ar/7860069477025579008/?w=ingeniero%20datos&l=&oc=sponsored&k=web.1.1.11&uuid=arF001a0757e4ad36e56&page_item_id=941596468,Ingeniero de Datos,jobrapido,2026-09-06T02:53:27.807410,,,,
7906422533610536960,Ingeniero Senior de Datos e IA (Híbrido),MercadoLibre,Capital Federal,,,https://open.app.jobrapido.com/ar/7906422533610536960/?w=ingeniero%20datos&l=&oc=sponsored&k=web.1.1.12&uuid=arF001a0757e4ad36e56&page_item_id=1978523851,Ingeniero de Datos,jobrapido,2026-09-06T02:53:27.807897,,,,
6832467610513178624,"Ingeniero de Datos (SSR/SR) – SAP HANA / Cloudera / Apache NiFi (Híbrido, CABA)",Talent Connect,Capital Federal,,,https://open.app.jobrapido.com/ar/6832467610513178624/?w=ingeniero%20datos&l=&oc=sponsored&k=web.1.1.13&uuid=arF001a0757e4ad36e56&page_item_id=-1969772729,Ingeniero de Datos,jobrapido,2026-09-06T02:53:27.808381,,,,
6768770582633775104,Ingeniero de Datos (AWS & Databricks) Bilingüe,Sofka,Capital Federal,,,https://open.app.jobrapido.com/ar/6768770582633775104/?w=ingeniero%20datos&l=&oc=sponsored&k=web.1.1.14&uuid=arF001a0757e4ad36e56&page_item_id=760202875,Ingeniero de Datos,jobrapido,2026-09-06T02:53:27.808866,,,,
1265042379635687424,Senior Full-Stack Engineer - React/Node/C# | Remote,Agileengine,Capital Federal,,,https://open.app.jobrapido.com/ar/1265042379635687424/?w=ingeniero%20datos&l=&oc=sponsored&k=web.1.1.15&uuid=arF001a0757e4ad36e56&page_item_id=-1091406438,Ingeniero de Datos,jobrapido,2026-09-06T02:53:27.809344,,,,
9158704704996245504,Ingeniero Geotécnico Senior – Minería LATAM (En terreno),Golder Associates Ltd.,Mendoza Capital,,,https://open.app.jobrapido.com/ar/9158704704996245504/?w=ingeniero%20datos&l=&oc=sponsored&k=web.1.1.16&uuid=arF001a0757e4ad36e56&page_item_id=1102159075,Ingeniero de Datos,jobrapido,2026-09-06T02:53:27.809826,,,,
8899931619742187520,Junior Web Application Developer,Stefanini-Latam,Vicente López,,,https://open.app.jobrapido.com/ar/8899931619742187520/?w=ingeniero%20datos&l=&oc=sponsored&k=web.1.1.18&uuid=arF001a0757e4ad36e56&page_item_id=-19820133,Ingeniero de Datos,jobrapido,2026-09-06T02:53:27.810446,,,,
1498640222026465280,ITO Civil Linares,DFV INGENIERIA Y GESTIÓN,Rosario,,,https://open.app.jobrapido.com/ar/1498640222026465280/?w=ingeniero%20datos&l=&oc=sponsored&k=web.1.2.0&uuid=arF001a0758000516f46&page_item_id=1411493115,Ingeniero de Datos,jobrapido,2026-09-06T02:55:19.067425,,,,
4441841964056313856,Principal Project Planner,Worley,Esquel,,,https://open.app.jobrapido.com/ar/4441841964056313856/?w=ingeniero%20datos&l=&oc=sponsored&k=web.1.2.1&uuid=arF001a0758000516f46&page_item_id=725334792,Ingeniero de Datos,jobrapido,2026-09-06T02:55:19.067976,,,,
783557647897985024,Services Presales Engineer,BVS,Capital Federal,,,https://open.app.jobrapido.com/ar/783557647897985024/?w=ingeniero%20datos&l=&oc=sponsored&k=web.1.2.2&uuid=arF001a0758000516f46&page_item_id=531335884,Ingeniero de Datos,jobrapido,2026-09-06T02:55:19.068455,,,,
2797322213601050624,Ingeniero de Integración de Sistemas,Siemens,Esquel,,,https://open.app.jobrapido.com/ar/2797322213601050624/?w=ingeniero%20datos&l=&oc=sponsored&k=web.1.2.3&uuid=arF001a0758000516f46&page_item_id=1312713716,Ingeniero de Datos,jobrapido,2026-09-06T02:55:19.068941,,,,
1878587889617469440,Cost Estimation & Control Specialist,Meitner Energy,Vicente López,,,https://open.app.jobrapido.com/ar/1878587889617469440/?w=ingeniero%20datos&l=&oc=sponsored&k=web.1.2.4&uuid=arF001a0758000516f46&page_item_id=931743407,Ingeniero de Datos,jobrapido,2026-09-06T02:55:19.069421,,,,
2750873465144737792,Senior Implementation Analyst | Octave Sequence Enterprise (EcoSys),Octave,Rincón De Los Sauces,,,https://open.app.jobrapido.com/ar/2750873465144737792/?w=ingeniero%20datos&l=&oc=sponsored&k=web.1.2.5&uuid=arF001a0758000516f46&page_item_id=-2007043495,Ingeniero de Datos,jobrapido,2026-09-06T02:55:19.069906,,,,
8990426855546814464,Senior Implementation Analyst | Octave InConcert (SDx),Geomatik,Capital Federal,,,https://open.app.jobrapido.com/ar/8990426855546814464/?w=ingeniero%20datos&l=&oc=sponsored&k=web.1.2.6&uuid=arF001a0758000516f46&page_item_id=1325214858,Ingeniero de Datos,jobrapido,2026-09-06T02:55:19.070384,,,,
6108413708696813568,Staff Software Engineer,Ualá,Esquel,,,https://open.app.jobrapido.com/ar/6108413708696813568/?w=ingeniero%20datos&l=&oc=sponsored&k=web.1.2.7&uuid=arF001a0758000516f46&page_item_id=365003174,Ingeniero de Datos,jobrapido,2026-09-06T02:55:19.070864,,,,
1523664299220795392,-Especialista de Soporte TI en Sitio con ingles,Servicio Latam COMX SAS,Capital Federal,,,https://open.app.jobrapido.com/ar/1523664299220795392/?w=ingeniero%20datos&l=&oc=sponsored&k=web.1.2.8&uuid=arF001a0758000516f46&page_item_id=2138705821,Ingeniero de Datos,jobrapido,2026-09-06T02:55:19.071341,,,,
6684670862370537472,Ingeniero de Operaciones Digitales Industriales,Jobtailor,Capital Federal,,,https://open.app.jobrapido.com/ar/6684670862370537472/?w=ingeniero%20datos&l=&oc=sponsored&k=web.1.2.9&uuid=arF001a0758000516f46&page_item_id=-868179703,Ingeniero de Datos,jobrapido,2026-09-06T02:55:19.071823,,,,
7629684802748153856,AWS Data Engineer — Scale Data Lakes & Pipelines,Nubiral,Capital Federal,,,https://open.app.jobrapido.com/ar/7629684802748153856/?w=ingeniero%20datos&l=&oc=sponsored&k=web.1.2.10&uuid=arF001a0758000516f46&page_item_id=-2022027782,Ingeniero de Datos,jobrapido,2026-09-06T02:55:19.072307,,,,
6085424020071645184,Data Architect: Lakehouse & Data Governance - Hybrid,Toyota Argentina S.A. Company,Zárate,,,https://open.app.jobrapido.com/ar/6085424020071645184/?w=ingeniero%20datos&l=&oc=sponsored&k=web.1.2.11&uuid=arF001a0758000516f46&page_item_id=928802073,Ingeniero de Datos,jobrapido,2026-09-06T02:55:19.072794,,,,
5695824650433462272,Ingeniero Mantenimiento Tiempo Real y Diagnóstico,Jobtailor,Neuquén,,,https://open.app.jobrapido.com/ar/5695824650433462272/?w=ingeniero%20datos&l=&oc=sponsored&k=web.1.2.12&uuid=arF001a0758000516f46&page_item_id=663860587,Ingeniero de Datos,jobrapido,2026-09-06T02:55:19.073274,,,,
1177670787646095360,ML Engineer: Build Scalable Data Pipelines & Models,Grupo Prominente,Capital Federal,,,https://open.app.jobrapido.com/ar/1177670787646095360/?w=ingeniero%20datos&l=&oc=sponsored&k=web.1.2.13&uuid=arF001a0758000516f46&page_item_id=1571149260,Ingeniero de Datos,jobrapido,2026-09-06T02:55:19.073756,,,,
8472716308050345984,GenAI Gateway Engineer — High-Perf Microservices (Hybrid),MercadoLibre,Capital Federal (Saavedra),,,https://open.app.jobrapido.com/ar/8472716308050345984/?w=ingeniero%20datos&l=&oc=sponsored&k=web.1.2.14&uuid=arF001a0758000516f46&page_item_id=-1909704262,Ingeniero de Datos,jobrapido,2026-09-06T02:55:19.074237,,,,
7858821926465044480,Ingeniero Geotécnico Senior - Minería LATAM (En terreno),Golder Associates Ltd.,Mendoza,,,https://open.app.jobrapido.com/ar/7858821926465044480/?w=ingeniero%20datos&l=&oc=sponsored&k=web.1.2.15&uuid=arF001a0758000516f46&page_item_id=-358340428,Ingeniero de Datos,jobrapido,2026-09-06T02:55:19.074721,,,,
3888143353010716672,AI Engineer / Ingeniero de IA — Horario Flexible & Hybrid,Swiss Medical Group,Capital Federal,,,https://open.app.jobrapido.com/ar/3888143353010716672/?w=ingeniero%20datos&l=&oc=sponsored&k=web.1.2.16&uuid=arF001a0758000516f46&page_item_id=-1643569338,Ingeniero de Datos,jobrapido,2026-09-06T02:55:19.075200,,,,
1693275100360474624,Ingeniero de IA — Agentes de IA en la Nube (Remoto),ThinkBig HR,Capital Federal,,,https://open.app.jobrapido.com/ar/1693275100360474624/?w=ingeniero%20datos&l=&oc=sponsored&k=web.1.2.17&uuid=arF001a0758000516f46&page_item_id=577744285,Ingeniero de Datos,jobrapido,2026-09-06T02:55:19.075685,,,,
1137764992368508928,Ingeniero de Laboratorio de Análisis de Marcha y Movimiento,Fleni Centro Médico,Belén De Escobar,,,https://open.app.jobrapido.com/ar/1137764992368508928/?w=ingeniero%20datos&l=&oc=sponsored&k=web.1.2.18&uuid=arF001a0758000516f46&page_item_id=-99558515,Ingeniero de Datos,jobrapido,2026-09-06T02:55:19.076166,,,,
5801773109849620480,Ing. de Datos Senior,Toyota,Zárate,,,https://open.app.jobrapido.com/ar/5801773109849620480/?w=ingeniero%20datos&l=&oc=sponsored&k=web.1.2.19&uuid=arF001a0758000516f46&page_item_id=424848126,Ingeniero de Datos,jobrapido,2026-09-06T02:55:19.076650,,,,
1758580232714977280,Ing. de Datos Senior,Toyota Argentina S.A. Company,Zárate,,,https://open.app.jobrapido.com/ar/1758580232714977280/?w=ingeniero%20datos&l=&oc=sponsored&k=web.1.3.0&uuid=arF001a07581fdad7096&page_item_id=-2115706569,Ingeniero de Datos,jobrapido,2026-09-06T02:57:29.524339,,,,
7124198075773485056,Ingeniero de Reservorios,Golden Peak Patagonia,Neuquén,,,https://open.app.jobrapido.com/ar/7124198075773485056/?w=ingeniero%20datos&l=&oc=sponsored&k=web.1.3.1&uuid=arF001a07581fdad7096&page_item_id=-1947338535,Ingeniero de Datos,jobrapido,2026-09-06T02:57:29.524898,,,,
5281656693472624640,AI Engineer - Ingeniero de Inteligencia Artificial,Swiss Medical Group,Capital Federal,,,https://open.app.jobrapido.com/ar/5281656693472624640/?w=ingeniero%20datos&l=&oc=sponsored&k=web.1.3.2&uuid=arF001a07581fdad7096&page_item_id=282945291,Ingeniero de Datos,jobrapido,2026-09-06T02:57:29.525382,,,,
7758114564100587520,Ingeniero Estimador de Costos Senior,Golder Associates Ltd.,Mendoza,,,https://open.app.jobrapido.com/ar/7758114564100587520/?w=ingeniero%20datos&l=&oc=sponsored&k=web.1.3.3&uuid=arF001a07581fdad7096&page_item_id=-302679883,Ingeniero de Datos,jobrapido,2026-09-06T02:57:29.525868,,,,
3985824240900243456,Ingeniero Estimador de Costos Senior,WSP,Mendoza,,,https://open.app.jobrapido.com/ar/3985824240900243456/?w=ingeniero%20datos&l=&oc=sponsored&k=web.1.3.4&uuid=arF001a07581fdad7096&page_item_id=-1539092595,Ingeniero de Datos,jobrapido,2026-09-06T02:57:29.526346,,,,
923909431010263040,Ingeniero/a de Perforación - Comodoro Rivadavia,Pan American Energy S.L.,Comodoro Rivadavia,,,https://open.app.jobrapido.com/ar/923909431010263040/?w=ingeniero%20datos&l=&oc=sponsored&k=web.1.3.5&uuid=arF001a07581fdad7096&page_item_id=968482541,Ingeniero de Datos,jobrapido,2026-09-06T02:57:29.526831,,,,
1044152211602407424,Business Analytics Translator Senior,Toyota,Zárate,,,https://open.app.jobrapido.com/ar/1044152211602407424/?w=ingeniero%20datos&l=&oc=sponsored&k=web.1.3.6&uuid=arF001a07581fdad7096&page_item_id=55570583,Ingeniero de Datos,jobrapido,2026-09-06T02:57:29.527310,,,,
8334917058361819136,Data Architect,Toyota,Zárate,,,https://open.app.jobrapido.com/ar/8334917058361819136/?w=ingeniero%20datos&l=&oc=sponsored&k=web.1.3.7&uuid=arF001a07581fdad7096&page_item_id=-279391703,Ingeniero de Datos,jobrapido,2026-09-06T02:57:29.527793,,,,
6679899170884550656,Data Architect,Toyota Argentina S.A. Company,Zárate,,,https://open.app.jobrapido.com/ar/6679899170884550656/?w=ingeniero%20datos&l=&oc=sponsored&k=web.1.3.8&uuid=arF001a07581fdad7096&page_item_id=1607682008,Ingeniero de Datos,jobrapido,2026-09-06T02:57:29.528271,,,,
7642649144351260672,Senior Data Analytics Translator - Platform & Dashboards,Toyota Argentina S.A. Company,Zárate,,,https://open.app.jobrapido.com/ar/7642649144351260672/?w=ingeniero%20datos&l=&oc=sponsored&k=web.1.3.9&uuid=arF001a07581fdad7096&page_item_id=-917740034,Ingeniero de Datos,jobrapido,2026-09-06T02:57:29.528756,,,,
2022746147625369600,Business Analytics Translator Senior,Toyota Argentina S.A. Company,Zárate,,,https://open.app.jobrapido.com/ar/2022746147625369600/?w=ingeniero%20datos&l=&oc=sponsored&k=web.1.3.10&uuid=arF001a07581fdad7096&page_item_id=-366749086,Ingeniero de Datos,jobrapido,2026-09-06T02:57:29.529234,,,,
6217825372042428416,Analista Sr de Presupuesto y Control de Gestión,LA NACION,Vicente López,,,https://open.app.jobrapido.com/ar/6217825372042428416/?w=ingeniero%20datos&l=&oc=sponsored&k=web.1.3.11&uuid=arF001a07581fdad7096&page_item_id=-1551998419,Ingeniero de Datos,jobrapido,2026-09-06T02:57:29.529713,,,,
4995942498141470720,Tecnólogo de Sistemas de Información,RAÍZEN ARGENTINA,Dock Sud,,,https://open.app.jobrapido.com/ar/4995942498141470720/?w=ingeniero%20datos&l=&oc=sponsored&k=web.1.3.12&uuid=arF001a07581fdad7096&page_item_id=562419363,Ingeniero de Datos,jobrapido,2026-09-06T02:57:29.530189,,,,
8893564828942073856,Supervisión de Planta de Fluidos,Schlumberger Limited,Neuquén,,,https://open.app.jobrapido.com/ar/8893564828942073856/?w=ingeniero%20datos&l=&oc=sponsored&k=web.1.3.13&uuid=arF001a07581fdad7096&page_item_id=1639349734,Ingeniero de Datos,jobrapido,2026-09-06T02:57:29.530673,,,,
4816198374501908480,Ref. 21465: Proyectista Mecánico / Parque Industrial de Plátanos Prov. Bs As,ADN Recursos Humanos,Capital Federal,,,https://open.app.jobrapido.com/ar/4816198374501908480/?w=ingeniero%20datos&l=&oc=sponsored&k=web.1.3.14&uuid=arF001a07581fdad7096&page_item_id=-1804229915,Ingeniero de Datos,jobrapido,2026-09-06T02:57:29.531153,,,,
3755863720413102080,Ingeniero/a de Proyectos ARMX (Agregados & Hormigones),Lafarge Africa Plc,Córdoba,,,https://open.app.jobrapido.com/ar/3755863720413102080/?w=ingeniero%20datos&l=&oc=sponsored&k=web.1.3.15&uuid=arF001a07581fdad7096&page_item_id=241778292,Ingeniero de Datos,jobrapido,2026-09-06T02:57:29.531637,,,,
5589959753901015040,Ingeniero/a de Proyectos RMX,Lafarge Africa Plc,Córdoba,,,https://open.app.jobrapido.com/ar/5589959753901015040/?w=ingeniero%20datos&l=&oc=sponsored&k=web.1.3.16&uuid=arF001a07581fdad7096&page_item_id=1747572941,Ingeniero de Datos,jobrapido,2026-09-06T02:57:29.532113,,,,
1642086013679435776,Field Service Supervisor - Supervisor de campo,HOERBIGER Automatisierungstechnik Holding GmbH,Neuquén,,,https://open.app.jobrapido.com/ar/1642086013679435776/?w=ingeniero%20datos&l=&oc=sponsored&k=web.1.3.17&uuid=arF001a07581fdad7096&page_item_id=-1752941866,Ingeniero de Datos,jobrapido,2026-09-06T02:57:29.532598,,,,
2226951656203878400,Supervisión de Planta de Fluidos,Onesubsea,Neuquén,,,https://open.app.jobrapido.com/ar/2226951656203878400/?w=ingeniero%20datos&l=&oc=sponsored&k=web.1.3.18&uuid=arF001a07581fdad7096&page_item_id=682356599,Ingeniero de Datos,jobrapido,2026-09-06T02:57:29.533077,,,,
1112732050361679872,Analista Ssr de Business Intelligence,Natura,Capital Federal,,,https://open.app.jobrapido.com/ar/1112732050361679872/?w=ingeniero%20datos&l=&oc=sponsored&k=web.1.3.19&uuid=arF001a07581fdad7096&page_item_id=272108778,Ingeniero de Datos,jobrapido,2026-09-06T02:57:29.533560,,,,
