job_id,titulo,empresa,ubicacion,descripcion,fecha_pub,url,keyword,fuente,fecha_scrap,nivel,tipo_empleo,modalidad,salario
676655499583684608,Data Scientist,Scale Up Recruiting Partners,Rosario,,,https://open.app.jobrapido.com/ar/676655499583684608/?w=data%20scientist&l=&oc=sponsored&k=web.1.1.0&uuid=arF001a08a510d5dacac&page_item_id=-1084823543,Data Scientist,jobrapido,2026-09-10T03:56:03.745642,,,,
2606064210353848320,Senior Data Scientist - MMM ID71005,"AgileEngine, LLC.",Rosario,,,https://open.app.jobrapido.com/ar/2606064210353848320/?w=data%20scientist&l=&oc=sponsored&k=web.1.1.1&uuid=arF001a08a510d5dacac&page_item_id=854290182,Data Scientist,jobrapido,2026-09-10T03:56:03.746202,,,,
9160370671270756352,Senior Data Scientist — MMM & Time‑Series (Remote),"AgileEngine, LLC.",Rosario,,,https://open.app.jobrapido.com/ar/9160370671270756352/?w=data%20scientist&l=&oc=sponsored&k=web.1.1.2&uuid=arF001a08a510d5dacac&page_item_id=-2007401986,Data Scientist,jobrapido,2026-09-10T03:56:03.746694,,,,
2139995524990763008,Remote GenAI Data Scientist - Python & Open-Source Tools,Scale Up Recruiting Partners,Rosario,,,https://open.app.jobrapido.com/ar/2139995524990763008/?w=data%20scientist&l=&oc=sponsored&k=web.1.1.3&uuid=arF001a08a510d5dacac&page_item_id=-51993976,Data Scientist,jobrapido,2026-09-10T03:56:03.747184,,,,
7243563583525617664,Senior Data Scientist ID71658,AgileEngine,Rosario,,,https://open.app.jobrapido.com/ar/7243563583525617664/?w=data%20scientist&l=&oc=sponsored&k=web.1.1.4&uuid=arF001a08a510d5dacac&page_item_id=1451767452,Data Scientist,jobrapido,2026-09-10T03:56:03.747661,,,,
4238912455901708288,Senior Data Scientist ID80052,AgileEngine,Rosario,,,https://open.app.jobrapido.com/ar/4238912455901708288/?w=data%20scientist&l=&oc=sponsored&k=web.1.1.5&uuid=arF001a08a510d5dacac&page_item_id=-1541465891,Data Scientist,jobrapido,2026-09-10T03:56:03.748143,,,,
8762344249380306944,Senior Data Scientist – MMM ID71005,AgileEngine,Rosario,,,https://open.app.jobrapido.com/ar/8762344249380306944/?w=data%20scientist&l=&oc=sponsored&k=web.1.1.6&uuid=arF001a08a510d5dacac&page_item_id=290809280,Data Scientist,jobrapido,2026-09-10T03:56:03.748618,,,,
156745499334934528,Senior Data Scientist (MMM) ID71005,AgileEngine,Rosario,,,https://open.app.jobrapido.com/ar/156745499334934528/?w=data%20scientist&l=&oc=sponsored&k=web.1.1.7&uuid=arF001a08a510d5dacac&page_item_id=-1006283420,Data Scientist,jobrapido,2026-09-10T03:56:03.749099,,,,
8883203031361912832,Data Scientist,SCALEUP,Capital Federal,,,https://open.app.jobrapido.com/ar/8883203031361912832/?w=data%20scientist&l=&oc=sponsored&k=web.1.1.8&uuid=arF001a08a510d5dacac&page_item_id=-903294007,Data Scientist,jobrapido,2026-09-10T03:56:03.749572,,,,
5723614806825500672,Data Scientist,Scale Up Recruiting Partners,Capital Federal,,,https://open.app.jobrapido.com/ar/5723614806825500672/?w=data%20scientist&l=&oc=sponsored&k=web.1.1.9&uuid=arF001a08a510d5dacac&page_item_id=1136891034,Data Scientist,jobrapido,2026-09-10T03:56:03.750059,,,,
1779930480783654912,Data Scientist,Scale Up Recruiting Partners,Río Negro,,,https://open.app.jobrapido.com/ar/1779930480783654912/?w=data%20scientist&l=&oc=sponsored&k=web.1.1.10&uuid=arF001a08a510d5dacac&page_item_id=-1771084862,Data Scientist,jobrapido,2026-09-10T03:56:03.750540,,,,
2942462767136768,Data Scientist,ID90 Travel,Córdoba Capital,,,https://open.app.jobrapido.com/ar/2942462767136768/?w=data%20scientist&l=&oc=sponsored&k=web.1.1.11&uuid=arF001a08a510d5dacac&page_item_id=1942858844,Data Scientist,jobrapido,2026-09-10T03:56:03.751025,,,,
3974851458452422656,Data Scientist,AccelOne,Capital Federal,,,https://open.app.jobrapido.com/ar/3974851458452422656/?w=data%20scientist&l=&oc=sponsored&k=web.1.1.12&uuid=arF001a08a510d5dacac&page_item_id=2069222050,Data Scientist,jobrapido,2026-09-10T03:56:03.751503,,,,
5439588688260497408,Data Scientist,ID90 Travel,Córdoba,,,https://open.app.jobrapido.com/ar/5439588688260497408/?w=data%20scientist&l=&oc=sponsored&k=web.1.1.13&uuid=arF001a08a510d5dacac&page_item_id=1424192365,Data Scientist,jobrapido,2026-09-10T03:56:03.751986,,,,
1248778334918148096,Data Scientist,Grupo Petersen,Capital Federal,,,https://open.app.jobrapido.com/ar/1248778334918148096/?w=data%20scientist&l=&oc=sponsored&k=web.1.1.14&uuid=arF001a08a510d5dacac&page_item_id=-1122387051,Data Scientist,jobrapido,2026-09-10T03:56:03.752465,,,,
8513175587173433344,"Senior Data Scientist, DTC",Levi Strauss & Co.,Puerto Santa Cruz,,,https://open.app.jobrapido.com/ar/8513175587173433344/?w=data%20scientist&l=&oc=sponsored&k=web.1.1.15&uuid=arF001a08a510d5dacac&page_item_id=-861533176,Data Scientist,jobrapido,2026-09-10T03:56:03.752949,,,,
4066642606149337088,"Data Scientist Specialist, SoCo",Mondelēz International,Capital Federal,,,https://open.app.jobrapido.com/ar/4066642606149337088/?w=data%20scientist&l=&oc=sponsored&k=web.1.1.16&uuid=arF001a08a510d5dacac&page_item_id=1072221553,Data Scientist,jobrapido,2026-09-10T03:56:03.753429,,,,
2316703811126689792,Data Scientist – Senior Associate,PwC,Vicente López,,,https://open.app.jobrapido.com/ar/2316703811126689792/?w=data%20scientist&l=&oc=sponsored&k=web.1.1.17&uuid=arF001a08a510d5dacac&page_item_id=587328520,Data Scientist,jobrapido,2026-09-10T03:56:03.754056,,,,
3574542914279178240,Senior Data Scientist - Actuarial Tech,PwC,Vicente López,,,https://open.app.jobrapido.com/ar/3574542914279178240/?w=data%20scientist&l=&oc=sponsored&k=web.1.1.18&uuid=arF001a08a510d5dacac&page_item_id=-1260993528,Data Scientist,jobrapido,2026-09-10T03:56:03.754615,,,,
6829997832519286784,Product Data Scientist,Marathon Talent,Capital Federal,,,https://open.app.jobrapido.com/ar/6829997832519286784/?w=data%20scientist&l=&oc=sponsored&k=web.1.1.19&uuid=arF001a08a510d5dacac&page_item_id=213959655,Data Scientist,jobrapido,2026-09-10T03:56:03.755110,,,,
4147909091106226176,GenAI Data Scientist — Remote (Argentina),Scale Up Recruiting Partners,Río Negro,,,https://open.app.jobrapido.com/ar/4147909091106226176/?w=data%20scientist&l=&oc=sponsored&k=web.1.2.0&uuid=arF001a08a530157ad62&page_item_id=-420866342,Data Scientist,jobrapido,2026-09-10T03:58:11.829570,,,,
6265491245510950912,Data Scientist Sr,FYG | For Your Growth,Capital Federal,,,https://open.app.jobrapido.com/ar/6265491245510950912/?w=data%20scientist&l=&oc=sponsored&k=web.1.2.1&uuid=arF001a08a530157ad62&page_item_id=-186856523,Data Scientist,jobrapido,2026-09-10T03:58:11.830182,,,,
8398077060710400000,Senior Data Scientist – MMM ID71005,"AgileEngine, LLC.",Santiago Del Estero Capital,,,https://open.app.jobrapido.com/ar/8398077060710400000/?w=data%20scientist&l=&oc=sponsored&k=web.1.2.2&uuid=arF001a08a530157ad62&page_item_id=-27231696,Data Scientist,jobrapido,2026-09-10T03:58:11.830694,,,,
7362341505391919104,Senior Data Scientist – MMM ID71005,"AgileEngine, LLC.",Mendoza Capital,,,https://open.app.jobrapido.com/ar/7362341505391919104/?w=data%20scientist&l=&oc=sponsored&k=web.1.2.3&uuid=arF001a08a530157ad62&page_item_id=-364968769,Data Scientist,jobrapido,2026-09-10T03:58:11.831184,,,,
4585498501164564480,Senior Data Scientist – MMM ID71005,"AgileEngine, LLC.",Córdoba Capital,,,https://open.app.jobrapido.com/ar/4585498501164564480/?w=data%20scientist&l=&oc=sponsored&k=web.1.2.4&uuid=arF001a08a530157ad62&page_item_id=-490661919,Data Scientist,jobrapido,2026-09-10T03:58:11.831666,,,,
1811588993960116224,Senior Data Scientist – MMM ID71005,"AgileEngine, LLC.",San Carlos De Bariloche,,,https://open.app.jobrapido.com/ar/1811588993960116224/?w=data%20scientist&l=&oc=sponsored&k=web.1.2.5&uuid=arF001a08a530157ad62&page_item_id=1117658872,Data Scientist,jobrapido,2026-09-10T03:58:11.832151,,,,
1705538898437865472,Senior Data Scientist – MMM ID71005,"AgileEngine, LLC.",Capital Federal,,,https://open.app.jobrapido.com/ar/1705538898437865472/?w=data%20scientist&l=&oc=sponsored&k=web.1.2.6&uuid=arF001a08a530157ad62&page_item_id=86666253,Data Scientist,jobrapido,2026-09-10T03:58:11.832630,,,,
2403457202703564800,Data Scientist (LATAM),Startups BPO,Capital Federal,,,https://open.app.jobrapido.com/ar/2403457202703564800/?w=data%20scientist&l=&oc=sponsored&k=web.1.2.7&uuid=arF001a08a530157ad62&page_item_id=146740775,Data Scientist,jobrapido,2026-09-10T03:58:11.833114,,,,
4913435695348973568,"Manager, Clinical Data Scientist, Clinical Data Sciences","Pfizer, S.A. de C.V",Capital Federal,,,https://open.app.jobrapido.com/ar/4913435695348973568/?w=data%20scientist&l=&oc=sponsored&k=web.1.2.8&uuid=arF001a08a530157ad62&page_item_id=2128131444,Data Scientist,jobrapido,2026-09-10T03:58:11.833601,,,,
675316638018437120,"Data Scientist Specialist — Hybrid, Forecasting Pro",Mondelēz International,Capital Federal,,,https://open.app.jobrapido.com/ar/675316638018437120/?w=data%20scientist&l=&oc=sponsored&k=web.1.2.9&uuid=arF001a08a530157ad62&page_item_id=77807759,Data Scientist,jobrapido,2026-09-10T03:58:11.834088,,,,
7177883036669706240,Senior Data Scientist - Remote MMM & MultiObjective Analytics,"AgileEngine, LLC.",San Carlos De Bariloche,,,https://open.app.jobrapido.com/ar/7177883036669706240/?w=data%20scientist&l=&oc=sponsored&k=web.1.2.10&uuid=arF001a08a530157ad62&page_item_id=1417129103,Data Scientist,jobrapido,2026-09-10T03:58:11.834570,,,,
9142360670807785472,Senior Data Scientist - Meridian MMM TimeSeries (Remote),"AgileEngine, LLC.",Mar Del Plata,,,https://open.app.jobrapido.com/ar/9142360670807785472/?w=data%20scientist&l=&oc=sponsored&k=web.1.2.11&uuid=arF001a08a530157ad62&page_item_id=250659484,Data Scientist,jobrapido,2026-09-10T03:58:11.835057,,,,
2151793628354183168,Senior Data Scientist: Cost Insights & Experimentation (1Y),Xometry,Rincón De Los Sauces,,,https://open.app.jobrapido.com/ar/2151793628354183168/?w=data%20scientist&l=&oc=sponsored&k=web.1.2.12&uuid=arF001a08a530157ad62&page_item_id=-1714394129,Data Scientist,jobrapido,2026-09-10T03:58:11.835537,,,,
2209660581726650368,Senior Data Scientist — MMM Attribution & AI (Remote),"AgileEngine, LLC.",Capital Federal,,,https://open.app.jobrapido.com/ar/2209660581726650368/?w=data%20scientist&l=&oc=sponsored&k=web.1.2.13&uuid=arF001a08a530157ad62&page_item_id=-900870137,Data Scientist,jobrapido,2026-09-10T03:58:11.836023,,,,
6897366078184226816,Senior Data Scientist — Global ML & AI Lead,Levi Strauss & Co.,Puerto Santa Cruz,,,https://open.app.jobrapido.com/ar/6897366078184226816/?w=data%20scientist&l=&oc=sponsored&k=web.1.2.14&uuid=arF001a08a530157ad62&page_item_id=471281305,Data Scientist,jobrapido,2026-09-10T03:58:11.836510,,,,
7977488024562827264,"Data Scientist — Python, AI & Big Data (Remoto)",MindIT HR Agency,Capital Federal,,,https://open.app.jobrapido.com/ar/7977488024562827264/?w=data%20scientist&l=&oc=sponsored&k=web.1.2.15&uuid=arF001a08a530157ad62&page_item_id=362274870,Data Scientist,jobrapido,2026-09-10T03:58:11.836993,,,,
4438808256856457216,Senior Data Scientist - Meridian MMM (Remote),"AgileEngine, LLC.",Santiago Del Estero Capital,,,https://open.app.jobrapido.com/ar/4438808256856457216/?w=data%20scientist&l=&oc=sponsored&k=web.1.2.16&uuid=arF001a08a530157ad62&page_item_id=596817828,Data Scientist,jobrapido,2026-09-10T03:58:11.837469,,,,
1290509199238758400,Remote Senior Data Scientist — Risk & Threat ML,Lato Jobs,Remoto,,,https://open.app.jobrapido.com/ar/1290509199238758400/?w=data%20scientist&l=&oc=sponsored&k=web.1.2.17&uuid=arF001a08a530157ad62&page_item_id=-1010342639,Data Scientist,jobrapido,2026-09-10T03:58:11.837952,,,,
3150241256861335552,Remote Data Scientist: Travel Personalization & Insights,Zicasso,Remoto,,,https://open.app.jobrapido.com/ar/3150241256861335552/?w=data%20scientist&l=&oc=sponsored&k=web.1.2.18&uuid=arF001a08a530157ad62&page_item_id=-518317857,Data Scientist,jobrapido,2026-09-10T03:58:11.838428,,,,
1759582093966311424,"Senior Data Scientist, Meridian MMM & Time‑Series","AgileEngine, LLC.",Córdoba Capital,,,https://open.app.jobrapido.com/ar/1759582093966311424/?w=data%20scientist&l=&oc=sponsored&k=web.1.2.19&uuid=arF001a08a530157ad62&page_item_id=2113120537,Data Scientist,jobrapido,2026-09-10T03:58:11.838908,,,,
1349482398747721728,Remote Data Scientist — GenAI & Open-Source Tools,SCALEUP,Capital Federal,,,https://open.app.jobrapido.com/ar/1349482398747721728/?w=data%20scientist&l=&oc=sponsored&k=web.1.3.10&uuid=arF001a08a56114c007a&page_item_id=-1938524427,Data Scientist,jobrapido,2026-09-10T04:01:32.698853,,,,
8356604736241139712,Remote Data Scientist: NLP & Production Analytics,IV.AI,Remoto,,,https://open.app.jobrapido.com/ar/8356604736241139712/?w=data%20scientist&l=&oc=sponsored&k=web.1.3.11&uuid=arF001a08a56114c007a&page_item_id=-25902964,Data Scientist,jobrapido,2026-09-10T04:01:32.699495,,,,
1402334428046295040,Clinical Data Scientist & Trial Lead | Data Management & RBM,"Pfizer, S.A. de C.V",Capital Federal,,,https://open.app.jobrapido.com/ar/1402334428046295040/?w=data%20scientist&l=&oc=sponsored&k=web.1.3.12&uuid=arF001a08a56114c007a&page_item_id=-1511906130,Data Scientist,jobrapido,2026-09-10T04:01:32.700098,,,,
5369469052186001408,"Senior Data Scientist New Buenos Aires, Argentina",Xometry,Capital Federal,,,https://open.app.jobrapido.com/ar/5369469052186001408/?w=data%20scientist&l=&oc=sponsored&k=web.1.3.13&uuid=arF001a08a56114c007a&page_item_id=-699007600,Data Scientist,jobrapido,2026-09-10T04:01:32.700693,,,,
8724133935392489472,Senior Data Scientist - MMM ID71005,"AgileEngine, LLC.",Mendoza,,,https://open.app.jobrapido.com/ar/8724133935392489472/?w=data%20scientist&l=&oc=sponsored&k=web.1.3.14&uuid=arF001a08a56114c007a&page_item_id=1093714453,Data Scientist,jobrapido,2026-09-10T04:01:32.701293,,,,
4692849318942474240,Anuncios Google,"AgileEngine, LLC.",Santiago Del Estero,,,https://open.app.jobrapido.com/ar/4692849318942474240/?w=data%20scientist&l=&oc=sponsored&k=web.1.4.0&uuid=arF001a08a56ac1000bd&page_item_id=-487633820,Data Scientist,jobrapido,2026-09-10T04:02:12.101659,,,,
3347243899126022144,Senior Data Scientist - MMM ID71005,"AgileEngine, LLC.",Capital Federal,,,https://open.app.jobrapido.com/ar/3347243899126022144/?w=data%20scientist&l=&oc=sponsored&k=web.1.4.1&uuid=arF001a08a56ac1000bd&page_item_id=-376291096,Data Scientist,jobrapido,2026-09-10T04:02:12.102427,,,,
3206491017607905280,Senior Data Scientist - MMM ID71005,"AgileEngine, LLC.",Córdoba,,,https://open.app.jobrapido.com/ar/3206491017607905280/?w=data%20scientist&l=&oc=sponsored&k=web.1.4.2&uuid=arF001a08a56ac1000bd&page_item_id=-2042142330,Data Scientist,jobrapido,2026-09-10T04:02:12.103068,,,,
286640033513865216,Senior Data Scientist - MMM ID71005,"AgileEngine, LLC.",San Carlos De Bariloche,,,https://open.app.jobrapido.com/ar/286640033513865216/?w=data%20scientist&l=&oc=sponsored&k=web.1.4.3&uuid=arF001a08a56ac1000bd&page_item_id=1536956672,Data Scientist,jobrapido,2026-09-10T04:02:12.103689,,,,
3615423306355703808,Senior Data Scientist – MMM ID71005,AgileEngine,Municipalidad De San Miguel De Tucumán,,,https://open.app.jobrapido.com/ar/3615423306355703808/?w=data%20scientist&l=&oc=sponsored&k=web.1.4.4&uuid=arF001a08a56ac1000bd&page_item_id=946058995,Data Scientist,jobrapido,2026-09-10T04:02:12.104326,,,,
1375720388318724096,Senior Data Scientist — 1-Year Contract (Pricing & Modeling),Xometry,Capital Federal,,,https://open.app.jobrapido.com/ar/1375720388318724096/?w=data%20scientist&l=&oc=sponsored&k=web.1.4.5&uuid=arF001a08a56ac1000bd&page_item_id=-1698605266,Data Scientist,jobrapido,2026-09-10T04:02:12.104965,,,,
112108161925644288,"Senior Data Scientist Lead — Remote, AWS & ML Strategy",Coderio,Rincón De Los Sauces,,,https://open.app.jobrapido.com/ar/112108161925644288/?w=data%20scientist&l=&oc=sponsored&k=web.1.4.6&uuid=arF001a08a56ac1000bd&page_item_id=-729272027,Data Scientist,jobrapido,2026-09-10T04:02:12.105556,,,,
4241528589201178624,Hybrid Data Scientist — Travel Tech & End-to-End ML,ID90 Travel,Córdoba Capital,,,https://open.app.jobrapido.com/ar/4241528589201178624/?w=data%20scientist&l=&oc=sponsored&k=web.1.4.7&uuid=arF001a08a56ac1000bd&page_item_id=-897924061,Data Scientist,jobrapido,2026-09-10T04:02:12.106117,,,,
2670930654748737536,Remote Senior Data Scientist Lead - AWS ML & Strategy,Medium,Neuquén,,,https://open.app.jobrapido.com/ar/2670930654748737536/?w=data%20scientist&l=&oc=sponsored&k=web.1.4.8&uuid=arF001a08a56ac1000bd&page_item_id=947092605,Data Scientist,jobrapido,2026-09-10T04:02:12.106663,,,,
8388692883586154496,Staff Data Scientist: End-to-End ML for ROAS (Remote),Launch Potato,La Plata,,,https://open.app.jobrapido.com/ar/8388692883586154496/?w=data%20scientist&l=&oc=sponsored&k=web.1.4.9&uuid=arF001a08a56ac1000bd&page_item_id=-157209172,Data Scientist,jobrapido,2026-09-10T04:02:12.107212,,,,
3743715697474142208,Senior Data Scientist - Meridian MMM (Remote),"AgileEngine, LLC.",Santiago Del Estero,,,https://open.app.jobrapido.com/ar/3743715697474142208/?w=data%20scientist&l=&oc=sponsored&k=web.1.4.10&uuid=arF001a08a56ac1000bd&page_item_id=725561791,Data Scientist,jobrapido,2026-09-10T04:02:12.107758,,,,
8252492306624544768,"Senior Data Scientist, Cyber Risk & Threat Intelligence",Doist,Remoto,,,https://open.app.jobrapido.com/ar/8252492306624544768/?w=data%20scientist&l=&oc=sponsored&k=web.1.4.11&uuid=arF001a08a56ac1000bd&page_item_id=1864921130,Data Scientist,jobrapido,2026-09-10T04:02:12.108311,,,,
2992442491958984704,Senior Data Scientist Meridian MMM & AI Analytics (Remote),"AgileEngine, LLC.",Mendoza Capital,,,https://open.app.jobrapido.com/ar/2992442491958984704/?w=data%20scientist&l=&oc=sponsored&k=web.1.4.12&uuid=arF001a08a56ac1000bd&page_item_id=-913621274,Data Scientist,jobrapido,2026-09-10T04:02:12.108862,,,,
4476676536828690432,"Senior Data Scientist, Meridian MMM & Time‑Series","AgileEngine, LLC.",Córdoba,,,https://open.app.jobrapido.com/ar/4476676536828690432/?w=data%20scientist&l=&oc=sponsored&k=web.1.4.13&uuid=arF001a08a56ac1000bd&page_item_id=-1365636277,Data Scientist,jobrapido,2026-09-10T04:02:12.109407,,,,
8569811035983183872,Senior Data Scientist: Churn & AI Content Tagging - Remote,OneSeven Tech (OST),Remoto,,,https://open.app.jobrapido.com/ar/8569811035983183872/?w=data%20scientist&l=&oc=sponsored&k=web.1.4.14&uuid=arF001a08a56ac1000bd&page_item_id=822106948,Data Scientist,jobrapido,2026-09-10T04:02:12.109963,,,,
7192321548487753728,Anuncios Google,Werben HR,Capital Federal,,,https://open.app.jobrapido.com/ar/7192321548487753728/?w=data%20scientist&l=&oc=sponsored&k=web.1.5.0&uuid=arF001a08a583116012d&page_item_id=-595681634,Data Scientist,jobrapido,2026-09-10T04:03:51.626211,,,,
8268904991570264064,Data Scientist IA Generativa y RAG - Diseña Soluciones IA,Grupo Petersen,Capital Federal,,,https://open.app.jobrapido.com/ar/8268904991570264064/?w=data%20scientist&l=&oc=sponsored&k=web.1.5.1&uuid=arF001a08a583116012d&page_item_id=1665785618,Data Scientist,jobrapido,2026-09-10T04:03:51.626831,,,,
4536395617538146304,Hybrid Data Scientist — Travel Tech & End-to-End ML,ID90 Travel,Córdoba,,,https://open.app.jobrapido.com/ar/4536395617538146304/?w=data%20scientist&l=&oc=sponsored&k=web.1.5.2&uuid=arF001a08a583116012d&page_item_id=-2117301799,Data Scientist,jobrapido,2026-09-10T04:03:51.627379,,,,
3414430656652902400,Senior Data Scientist Meridian MMM & AI Analytics (Remote),"AgileEngine, LLC.",Mendoza,,,https://open.app.jobrapido.com/ar/3414430656652902400/?w=data%20scientist&l=&oc=sponsored&k=web.1.5.3&uuid=arF001a08a583116012d&page_item_id=1515585785,Data Scientist,jobrapido,2026-09-10T04:03:51.627921,,,,
7255971400446377984,Data Scientist (SR) – Python / ML / GCP (Híbrido) · Inglés avanzado requerido,Talent Connect,Capital Federal,,,https://open.app.jobrapido.com/ar/7255971400446377984/?w=data%20scientist&l=&oc=sponsored&k=web.1.5.4&uuid=arF001a08a583116012d&page_item_id=928638196,Data Scientist,jobrapido,2026-09-10T04:03:51.628463,,,,
8155681476029972480,Data Scientist (SSR) – Python / LLMs / Hugging Face (Híbrido),Talent Connect,Capital Federal,,,https://open.app.jobrapido.com/ar/8155681476029972480/?w=data%20scientist&l=&oc=sponsored&k=web.1.5.5&uuid=arF001a08a583116012d&page_item_id=1385024868,Data Scientist,jobrapido,2026-09-10T04:03:51.629009,,,,
604350670048329728,Data Scientist,IV.AI,Argentina,,,https://open.app.jobrapido.com/ar/604350670048329728/?w=data%20scientist&l=&oc=sponsored&k=web.1.5.6&uuid=arF001a08a583116012d&page_item_id=-114035117,Data Scientist,jobrapido,2026-09-10T04:03:51.629539,,,,
5608423801126649856,"Remote Data Scientist: Python, Spark & Big Data",DHired.com,Río Negro,,,https://open.app.jobrapido.com/ar/5608423801126649856/?w=data%20scientist&l=&oc=sponsored&k=web.1.5.7&uuid=arF001a08a583116012d&page_item_id=-1786056885,Data Scientist,jobrapido,2026-09-10T04:03:51.630077,,,,
52098964765278208,Senior Data Scientist,"Solvd, Inc.",Argentina,,,https://open.app.jobrapido.com/ar/52098964765278208/?w=data%20scientist&l=&oc=sponsored&k=web.1.5.8&uuid=arF001a08a583116012d&page_item_id=1667258744,Data Scientist,jobrapido,2026-09-10T04:03:51.630588,,,,
4070886257176084480,Líder de Data Science y ML en Producción — Híbrido,Mercado Libre,Rincón De Los Sauces,,,https://open.app.jobrapido.com/ar/4070886257176084480/?w=data%20scientist&l=&oc=sponsored&k=web.1.5.9&uuid=arF001a08a583116012d&page_item_id=-145320529,Data Scientist,jobrapido,2026-09-10T04:03:51.631084,,,,
3091755209722953728,"Senior Data Scientist, Cyber Risk & Threat Intelligence",Doist,Argentina,,,https://open.app.jobrapido.com/ar/3091755209722953728/?w=data%20scientist&l=&oc=sponsored&k=web.1.5.10&uuid=arF001a08a583116012d&page_item_id=363617299,Data Scientist,jobrapido,2026-09-10T04:03:51.631571,,,,
6387397003080368128,Lead Applied Scientist: Adtech & ROAS Modeling,Launch Potato,La Plata,,,https://open.app.jobrapido.com/ar/6387397003080368128/?w=data%20scientist&l=&oc=sponsored&k=web.1.5.11&uuid=arF001a08a583116012d&page_item_id=-382784317,Data Scientist,jobrapido,2026-09-10T04:03:51.632063,,,,
2579407805068869632,Remote Senior AdTech Applied Scientist - ROAS & ML,Launch Potato,La Plata,,,https://open.app.jobrapido.com/ar/2579407805068869632/?w=data%20scientist&l=&oc=sponsored&k=web.1.5.12&uuid=arF001a08a583116012d&page_item_id=-1607911104,Data Scientist,jobrapido,2026-09-10T04:03:51.632550,,,,
3337754168885510144,"Remote Staff Applied Scientist, AdTech & ROAS Impact",Launch2,Capital Federal,,,https://open.app.jobrapido.com/ar/3337754168885510144/?w=data%20scientist&l=&oc=sponsored&k=web.1.5.13&uuid=arF001a08a583116012d&page_item_id=-2013837482,Data Scientist,jobrapido,2026-09-10T04:03:51.633040,,,,
1485879719571226624,Senior Medical Scientist — 100% Remote,Syneos Health,Remoto,,,https://open.app.jobrapido.com/ar/1485879719571226624/?w=data%20scientist&l=&oc=sponsored&k=web.1.5.14&uuid=arF001a08a583116012d&page_item_id=1432740679,Data Scientist,jobrapido,2026-09-10T04:03:51.633528,,,,
8460275608859967488,Senior Revenue Analytics & Promotions Lead,AgileEngine,Rosario,,,https://open.app.jobrapido.com/ar/8460275608859967488/?w=data%20analyst&l=&oc=sponsored&k=web.1.1.0&uuid=arF001a08a59dc2801c6&page_item_id=290769040,Data Analyst,jobrapido,2026-09-10T04:05:41.438403,,,,
5777292414737711104,Remote Senior Revenue Analytics (Subscriptions),"AgileEngine, LLC.",Rosario,,,https://open.app.jobrapido.com/ar/5777292414737711104/?w=data%20analyst&l=&oc=sponsored&k=web.1.1.1&uuid=arF001a08a59dc2801c6&page_item_id=-225808999,Data Analyst,jobrapido,2026-09-10T04:05:41.439014,,,,
5084718716235546624,Inventory Analyst I,Advanced Energy Management Limited,Rosario,,,https://open.app.jobrapido.com/ar/5084718716235546624/?w=data%20analyst&l=&oc=sponsored&k=web.1.1.2&uuid=arF001a08a59dc2801c6&page_item_id=1866052005,Data Analyst,jobrapido,2026-09-10T04:05:41.439503,,,,
4579711496589672448,Sr Web Analyst | Remote for Marketing Agency for Education,Atomic HR,Rosario,,,https://open.app.jobrapido.com/ar/4579711496589672448/?w=data%20analyst&l=&oc=sponsored&k=web.1.1.3&uuid=arF001a08a59dc2801c6&page_item_id=1365696809,Data Analyst,jobrapido,2026-09-10T04:05:41.439994,,,,
4029769178041810944,Web Analyst | Remote for Marketing Agency for Education,Atomic HR,Rosario,,,https://open.app.jobrapido.com/ar/4029769178041810944/?w=data%20analyst&l=&oc=sponsored&k=web.1.1.4&uuid=arF001a08a59dc2801c6&page_item_id=1741373657,Data Analyst,jobrapido,2026-09-10T04:05:41.440474,,,,
7591358576182951936,Senior Business Analyst ID85837,AgileEngine,Rosario,,,https://open.app.jobrapido.com/ar/7591358576182951936/?w=data%20analyst&l=&oc=sponsored&k=web.1.1.5&uuid=arF001a08a59dc2801c6&page_item_id=-607096947,Data Analyst,jobrapido,2026-09-10T04:05:41.440959,,,,
607470654551228416,Web Analyst | Remote for Marketing Agency for Education,Atomic HR,Rosario,,,https://open.app.jobrapido.com/ar/607470654551228416/?w=data%20analyst&l=&oc=sponsored&k=web.1.1.6&uuid=arF001a08a59dc2801c6&page_item_id=-457758060,Data Analyst,jobrapido,2026-09-10T04:05:41.441437,,,,
8874994283707367424,Senior Data Analyst ID80370,AgileEngine,Rosario,,,https://open.app.jobrapido.com/ar/8874994283707367424/?w=data%20analyst&l=&oc=sponsored&k=web.1.1.7&uuid=arF001a08a59dc2801c6&page_item_id=-787715817,Data Analyst,jobrapido,2026-09-10T04:05:41.441921,,,,
8886524243672563712,Data Analyst - Semi Senior,PwC,Rosario,,,https://open.app.jobrapido.com/ar/8886524243672563712/?w=data%20analyst&l=&oc=sponsored&k=web.1.1.8&uuid=arF001a08a59dc2801c6&page_item_id=897910476,Data Analyst,jobrapido,2026-09-10T04:05:41.442396,,,,
6980965572196433920,Senior Business Analyst ID77078,AgileEngine,Rosario,,,https://open.app.jobrapido.com/ar/6980965572196433920/?w=data%20analyst&l=&oc=sponsored&k=web.1.1.9&uuid=arF001a08a59dc2801c6&page_item_id=-348352922,Data Analyst,jobrapido,2026-09-10T04:05:41.442878,,,,
4219479601493049344,Revenue Management Analyst ID86906,AgileEngine,Rosario,,,https://open.app.jobrapido.com/ar/4219479601493049344/?w=data%20analyst&l=&oc=sponsored&k=web.1.1.10&uuid=arF001a08a59dc2801c6&page_item_id=754674849,Data Analyst,jobrapido,2026-09-10T04:05:41.443354,,,,
3677629482367188992,Data Analyst,Vintti,Capital Federal,,,https://open.app.jobrapido.com/ar/3677629482367188992/?w=data%20analyst&l=&oc=sponsored&k=web.1.1.11&uuid=arF001a08a59dc2801c6&page_item_id=839119348,Data Analyst,jobrapido,2026-09-10T04:05:41.443835,,,,
2060086455857840128,Data Analyst,Fusemachines,Capital Federal,,,https://open.app.jobrapido.com/ar/2060086455857840128/?w=data%20analyst&l=&oc=sponsored&k=web.1.1.12&uuid=arF001a08a59dc2801c6&page_item_id=-452148528,Data Analyst,jobrapido,2026-09-10T04:05:41.444311,,,,
1365118553606324224,Strategic Data & Projects Analyst,Contactica,Capital Federal,,,https://open.app.jobrapido.com/ar/1365118553606324224/?w=data%20analyst&l=&oc=sponsored&k=web.1.1.13&uuid=arF001a08a59dc2801c6&page_item_id=2095574022,Data Analyst,jobrapido,2026-09-10T04:05:41.444786,,,,
378997360979607552,Strategic Data & Projects Analyst,Contáctica,Capital Federal,,,https://open.app.jobrapido.com/ar/378997360979607552/?w=data%20analyst&l=&oc=sponsored&k=web.1.1.14&uuid=arF001a08a59dc2801c6&page_item_id=-750390284,Data Analyst,jobrapido,2026-09-10T04:05:41.445271,,,,
6277780091837612032,Infrastructure Data & Analytics Analyst,JPMorganChase,Capital Federal,,,https://open.app.jobrapido.com/ar/6277780091837612032/?w=data%20analyst&l=&oc=sponsored&k=web.1.1.15&uuid=arF001a08a59dc2801c6&page_item_id=-692866862,Data Analyst,jobrapido,2026-09-10T04:05:41.445751,,,,
1262614176925220864,Data Analyst Excel - Remote,YO IT Consulting,Remoto,,,https://open.app.jobrapido.com/ar/1262614176925220864/?w=data%20analyst&l=&oc=sponsored&k=web.1.1.16&uuid=arF001a08a59dc2801c6&page_item_id=-1433544192,Data Analyst,jobrapido,2026-09-10T04:05:41.446234,,,,
7545525794756362240,Senior Data Governance Analyst,Blend,Esquel,,,https://open.app.jobrapido.com/ar/7545525794756362240/?w=data%20analyst&l=&oc=sponsored&k=web.1.1.17&uuid=arF001a08a59dc2801c6&page_item_id=-970483288,Data Analyst,jobrapido,2026-09-10T04:05:41.446712,,,,
877989410207956992,Data Analyst/ Analytics Engineer,Software Mind,Capital Federal,,,https://open.app.jobrapido.com/ar/877989410207956992/?w=data%20analyst&l=&oc=sponsored&k=web.1.1.18&uuid=arF001a08a59dc2801c6&page_item_id=2117114073,Data Analyst,jobrapido,2026-09-10T04:05:41.447194,,,,
6870944470171385856,"Data Analyst, Operations",Brainlabs,Capital Federal,,,https://open.app.jobrapido.com/ar/6870944470171385856/?w=data%20analyst&l=&oc=sponsored&k=web.1.1.19&uuid=arF001a08a59dc2801c6&page_item_id=-1092569011,Data Analyst,jobrapido,2026-09-10T04:05:41.447667,,,,
6090159427673915392,Campaign Data Analyst,Blend,Capital Federal,,,https://open.app.jobrapido.com/ar/6090159427673915392/?w=data%20analyst&l=&oc=sponsored&k=web.1.2.0&uuid=arF001a08a5bc479027a&page_item_id=-1853441959,Data Analyst,jobrapido,2026-09-10T04:07:46.113450,,,,
7576767318147989504,Sr. Data Analyst,PwC,Vicente López,,,https://open.app.jobrapido.com/ar/7576767318147989504/?w=data%20analyst&l=&oc=sponsored&k=web.1.2.1&uuid=arF001a08a5bc479027a&page_item_id=-1678616986,Data Analyst,jobrapido,2026-09-10T04:07:46.114316,,,,
7782323404962529280,"Business, Data & Projects Analyst",Contactica,Capital Federal,,,https://open.app.jobrapido.com/ar/7782323404962529280/?w=data%20analyst&l=&oc=sponsored&k=web.1.2.2&uuid=arF001a08a5bc479027a&page_item_id=1874815019,Data Analyst,jobrapido,2026-09-10T04:07:46.115079,,,,
3255108673009090560,"Business, Data & Projects Analyst",Contáctica,Capital Federal,,,https://open.app.jobrapido.com/ar/3255108673009090560/?w=data%20analyst&l=&oc=sponsored&k=web.1.2.3&uuid=arF001a08a5bc479027a&page_item_id=-322613527,Data Analyst,jobrapido,2026-09-10T04:07:46.115835,,,,
2491756782506999808,"Data Analyst: Data Pipelines, CRM & BigQuery (Hybrid)",Brainlabs,Capital Federal,,,https://open.app.jobrapido.com/ar/2491756782506999808/?w=data%20analyst&l=&oc=sponsored&k=web.1.2.4&uuid=arF001a08a5bc479027a&page_item_id=-1397795969,Data Analyst,jobrapido,2026-09-10T04:07:46.116583,,,,
2679129163201249280,Targeting & Alignment Data Analyst II,Syneos Health Commercial Solutions,Capital Federal,,,https://open.app.jobrapido.com/ar/2679129163201249280/?w=data%20analyst&l=&oc=sponsored&k=web.1.2.5&uuid=arF001a08a5bc479027a&page_item_id=893099894,Data Analyst,jobrapido,2026-09-10T04:07:46.117334,,,,
6292396999417266176,Remote Eligibility & Accumulator Data Analyst,"Svitla Systems, Inc.",Remoto,,,https://open.app.jobrapido.com/ar/6292396999417266176/?w=data%20analyst&l=&oc=sponsored&k=web.1.2.6&uuid=arF001a08a5bc479027a&page_item_id=2093196867,Data Analyst,jobrapido,2026-09-10T04:07:46.118090,,,,
4933666709300051968,Clinical Data & Reporting Operations Analyst,Syneos Health,Capital Federal,,,https://open.app.jobrapido.com/ar/4933666709300051968/?w=data%20analyst&l=&oc=sponsored&k=web.1.2.7&uuid=arF001a08a5bc479027a&page_item_id=315231503,Data Analyst,jobrapido,2026-09-10T04:07:46.118867,,,,
2554983253769453568,Cyber Resilience Data Analyst (Hybrid),Syneos Health,Capital Federal,,,https://open.app.jobrapido.com/ar/2554983253769453568/?w=data%20analyst&l=&oc=sponsored&k=web.1.2.8&uuid=arF001a08a5bc479027a&page_item_id=-1810208959,Data Analyst,jobrapido,2026-09-10T04:07:46.119599,,,,
6117506944736428032,"Data Analyst II, Targeting & Alignment",Syneos Health Commercial Solutions,Capital Federal,,,https://open.app.jobrapido.com/ar/6117506944736428032/?w=data%20analyst&l=&oc=sponsored&k=web.1.2.9&uuid=arF001a08a5bc479027a&page_item_id=-143833979,Data Analyst,jobrapido,2026-09-10T04:07:46.120352,,,,
3429796486269894656,"Aquiva, Argentina - Salesforce Data Analyst","Aquiva Labs, Inc.",Capital Federal,,,https://open.app.jobrapido.com/ar/3429796486269894656/?w=data%20analyst&l=&oc=sponsored&k=web.1.2.10&uuid=arF001a08a5bc479027a&page_item_id=-1233323561,Data Analyst,jobrapido,2026-09-10T04:07:46.121096,,,,
1155337936959438848,Data and Reporting Analyst Jr,Minders,Capital Federal,,,https://open.app.jobrapido.com/ar/1155337936959438848/?w=data%20analyst&l=&oc=sponsored&k=web.1.2.11&uuid=arF001a08a5bc479027a&page_item_id=-1800481767,Data Analyst,jobrapido,2026-09-10T04:07:46.121837,,,,
7135166185296887808,Trading Insights Data Analyst,Chevron,Capital Federal,,,https://open.app.jobrapido.com/ar/7135166185296887808/?w=data%20analyst&l=&oc=sponsored&k=web.1.2.12&uuid=arF001a08a5bc479027a&page_item_id=-1051825091,Data Analyst,jobrapido,2026-09-10T04:07:46.122564,,,,
5753656093016326144,Data and Reporting Analyst Jr,Minders,Esquel,,,https://open.app.jobrapido.com/ar/5753656093016326144/?w=data%20analyst&l=&oc=sponsored&k=web.1.2.13&uuid=arF001a08a5bc479027a&page_item_id=879483606,Data Analyst,jobrapido,2026-09-10T04:07:46.123406,,,,
7176158177803632640,Senior Data Analyst,Chevron,Capital Federal,,,https://open.app.jobrapido.com/ar/7176158177803632640/?w=data%20analyst&l=&oc=sponsored&k=web.1.2.14&uuid=arF001a08a5bc479027a&page_item_id=953720374,Data Analyst,jobrapido,2026-09-10T04:07:46.124487,,,,
6064140034758410240,Data Analyst - Open application,3M HEALTHCARE,Remoto,,,https://open.app.jobrapido.com/ar/6064140034758410240/?w=data%20analyst&l=&oc=sponsored&k=web.1.2.15&uuid=arF001a08a5bc479027a&page_item_id=-1025317092,Data Analyst,jobrapido,2026-09-10T04:07:46.125164,,,,
4477868132555292672,Data-Driven Tech Business Analyst | Process & Automation,Ccsao,La Plata,,,https://open.app.jobrapido.com/ar/4477868132555292672/?w=data%20analyst&l=&oc=sponsored&k=web.1.2.16&uuid=arF001a08a5bc479027a&page_item_id=2122388068,Data Analyst,jobrapido,2026-09-10T04:07:46.125789,,,,
6351332248595202048,"Remote Data Quality Analyst – SQL, Python & Observability","FirstPoint, Inc.",Remoto,,,https://open.app.jobrapido.com/ar/6351332248595202048/?w=data%20analyst&l=&oc=sponsored&k=web.1.2.17&uuid=arF001a08a5bc479027a&page_item_id=-103967154,Data Analyst,jobrapido,2026-09-10T04:07:46.126476,,,,
6177466337456029696,Senior Performance Data Analyst,Betwarrior,Capital Federal,,,https://open.app.jobrapido.com/ar/6177466337456029696/?w=data%20analyst&l=&oc=sponsored&k=web.1.2.18&uuid=arF001a08a5bc479027a&page_item_id=1153193855,Data Analyst,jobrapido,2026-09-10T04:07:46.127111,,,,
2967479334580781056,Data Analyst (Talent pool),Lago,Remoto,,,https://open.app.jobrapido.com/ar/2967479334580781056/?w=data%20analyst&l=&oc=sponsored&k=web.1.2.19&uuid=arF001a08a5bc479027a&page_item_id=-1544331291,Data Analyst,jobrapido,2026-09-10T04:07:46.127730,,,,
8753527884112461824,Data Analyst Ssr,GMA Consultores,Capital Federal,,,https://open.app.jobrapido.com/ar/8753527884112461824/?w=data%20analyst&l=&oc=sponsored&k=web.1.3.0&uuid=arF001a08a5dcb670321&page_item_id=1974097843,Data Analyst,jobrapido,2026-09-10T04:09:59.083404,,,,
6377084683523457024,Senior Data & Reporting Analyst,GMA Consultores,Capital Federal,,,https://open.app.jobrapido.com/ar/6377084683523457024/?w=data%20analyst&l=&oc=sponsored&k=web.1.3.1&uuid=arF001a08a5dcb670321&page_item_id=-1755706510,Data Analyst,jobrapido,2026-09-10T04:09:59.084073,,,,
2477716156459253760,Data Quality Assurance Analyst,Assurant,Capital Federal,,,https://open.app.jobrapido.com/ar/2477716156459253760/?w=data%20analyst&l=&oc=sponsored&k=web.1.3.2&uuid=arF001a08a5dcb670321&page_item_id=-1831325256,Data Analyst,jobrapido,2026-09-10T04:09:59.084631,,,,
7602978764821102592,Hybrid Data Analyst: AI-Driven Insights & Quality,"AppDirect, Inc",Capital Federal,,,https://open.app.jobrapido.com/ar/7602978764821102592/?w=data%20analyst&l=&oc=sponsored&k=web.1.3.3&uuid=arF001a08a5dcb670321&page_item_id=-1248220235,Data Analyst,jobrapido,2026-09-10T04:09:59.085199,,,,
7447980060897705984,AI Data Security & DLP Analyst (Remote),Alignerr,Rincón De Los Sauces,,,https://open.app.jobrapido.com/ar/7447980060897705984/?w=data%20analyst&l=&oc=sponsored&k=web.1.3.4&uuid=arF001a08a5dcb670321&page_item_id=87088378,Data Analyst,jobrapido,2026-09-10T04:09:59.085689,,,,
1690292125314318336,"Remote Senior Data Analyst — BI, Snowflake & Visualization",North Eastern Services,Capital Federal,,,https://open.app.jobrapido.com/ar/1690292125314318336/?w=data%20analyst&l=&oc=sponsored&k=web.1.3.5&uuid=arF001a08a5dcb670321&page_item_id=-1595075022,Data Analyst,jobrapido,2026-09-10T04:09:59.086191,,,,
7820808321979383808,Senior Salesforce Data Cloud Analyst — Marketing Data Flows,AgileEngine,Mendoza Capital,,,https://open.app.jobrapido.com/ar/7820808321979383808/?w=data%20analyst&l=&oc=sponsored&k=web.1.3.6&uuid=arF001a08a5dcb670321&page_item_id=1355119608,Data Analyst,jobrapido,2026-09-10T04:09:59.086689,,,,
8284229503601868800,Financial & Data Analyst,Pavago,Remoto,,,https://open.app.jobrapido.com/ar/8284229503601868800/?w=data%20analyst&l=&oc=sponsored&k=web.1.3.7&uuid=arF001a08a5dcb670321&page_item_id=-2073112445,Data Analyst,jobrapido,2026-09-10T04:09:59.087185,,,,
4278650300778151936,Senior Data Analyst - Education Growth & AI Insights,Brightwheel,Remoto,,,https://open.app.jobrapido.com/ar/4278650300778151936/?w=data%20analyst&l=&oc=sponsored&k=web.1.3.8&uuid=arF001a08a5dcb670321&page_item_id=734429791,Data Analyst,jobrapido,2026-09-10T04:09:59.087673,,,,
2833317252177068032,"Remote Data Migration Analyst - SQL, Python, ETL",Vintti,Capital Federal,,,https://open.app.jobrapido.com/ar/2833317252177068032/?w=data%20analyst&l=&oc=sponsored&k=web.1.3.9&uuid=arF001a08a5dcb670321&page_item_id=-2065691955,Data Analyst,jobrapido,2026-09-10T04:09:59.088166,,,,
4516582366466015232,Senior AI-Driven Data Governance Analyst,Blend,Esquel,,,https://open.app.jobrapido.com/ar/4516582366466015232/?w=data%20analyst&l=&oc=sponsored&k=web.1.3.10&uuid=arF001a08a5dcb670321&page_item_id=-9248711,Data Analyst,jobrapido,2026-09-10T04:09:59.088661,,,,
3180279914532175872,"Campaign Data Analyst: SQL, ETL & Validation",Blend,Capital Federal,,,https://open.app.jobrapido.com/ar/3180279914532175872/?w=data%20analyst&l=&oc=sponsored&k=web.1.3.11&uuid=arF001a08a5dcb670321&page_item_id=-1209829904,Data Analyst,jobrapido,2026-09-10T04:09:59.089153,,,,
2986415037934993408,Global SCM Data Analyst: Procurement & Analytics,Chevron,Esquel,,,https://open.app.jobrapido.com/ar/2986415037934993408/?w=data%20analyst&l=&oc=sponsored&k=web.1.3.12&uuid=arF001a08a5dcb670321&page_item_id=2032312187,Data Analyst,jobrapido,2026-09-10T04:09:59.089638,,,,
6710914401039286272,Junior Data Analyst,Halaxia,Remoto,,,https://open.app.jobrapido.com/ar/6710914401039286272/?w=data%20analyst&l=&oc=sponsored&k=web.1.3.13&uuid=arF001a08a5dcb670321&page_item_id=-1908491488,Data Analyst,jobrapido,2026-09-10T04:09:59.090123,,,,
7008342329396297728,Data & Analytics Analyst – Banking Risk & Modeling,Thinkbrg,Capital Federal,,,https://open.app.jobrapido.com/ar/7008342329396297728/?w=data%20analyst&l=&oc=sponsored&k=web.1.3.14&uuid=arF001a08a5dcb670321&page_item_id=372278891,Data Analyst,jobrapido,2026-09-10T04:09:59.090608,,,,
9149930962983845888,Remote Data Analyst — Product & Customer Analytics,Oowlish,Esquel,,,https://open.app.jobrapido.com/ar/9149930962983845888/?w=data%20analyst&l=&oc=sponsored&k=web.1.3.15&uuid=arF001a08a5dcb670321&page_item_id=-880654697,Data Analyst,jobrapido,2026-09-10T04:09:59.091099,,,,
6768652660011696128,Remote CRO Data and Integration Business Analyst,Bertoni Solutions,Capital Federal,,,https://open.app.jobrapido.com/ar/6768652660011696128/?w=data%20analyst&l=&oc=sponsored&k=web.1.3.16&uuid=arF001a08a5dcb670321&page_item_id=1566396904,Data Analyst,jobrapido,2026-09-10T04:09:59.091584,,,,
3141715557800214528,"Senior Data Analyst, B2B — Remote Growth & Insights",Cookunity,Remoto,,,https://open.app.jobrapido.com/ar/3141715557800214528/?w=data%20analyst&l=&oc=sponsored&k=web.1.3.17&uuid=arF001a08a5dcb670321&page_item_id=-1074117796,Data Analyst,jobrapido,2026-09-10T04:09:59.092072,,,,
8344351778661203968,Junior Data & Reporting Analyst (Part-Time) — Hybrid,Minders,Esquel,,,https://open.app.jobrapido.com/ar/8344351778661203968/?w=data%20analyst&l=&oc=sponsored&k=web.1.3.18&uuid=arF001a08a5dcb670321&page_item_id=907885985,Data Analyst,jobrapido,2026-09-10T04:09:59.092589,,,,
3908991880179744768,SCM Data Analytics Analyst – Procurement & Supply Chain,Chevron Corporation,Capital Federal (Puerto Madero),,,https://open.app.jobrapido.com/ar/3908991880179744768/?w=data%20analyst&l=&oc=sponsored&k=web.1.3.19&uuid=arF001a08a5dcb670321&page_item_id=1535480831,Data Analyst,jobrapido,2026-09-10T04:09:59.093086,,,,
8219227355420295168,Senior Data Analyst - Enterprise Risk & Insights,PwC,Vicente López,,,https://open.app.jobrapido.com/ar/8219227355420295168/?w=data%20analyst&l=&oc=sponsored&k=web.1.4.1&uuid=arF001a08a5fb66903b1&page_item_id=-794630432,Data Analyst,jobrapido,2026-09-10T04:12:04.611727,,,,
8963651428128129024,Data Analyst Lead,Kinetic Talent,Córdoba,,,https://open.app.jobrapido.com/ar/8963651428128129024/?w=data%20analyst&l=&oc=sponsored&k=web.1.4.2&uuid=arF001a08a5fb66903b1&page_item_id=-514382353,Data Analyst,jobrapido,2026-09-10T04:12:04.612464,,,,
5654771145405104128,Data Analyst - POSICIÓN CUBIERTA,Idearhumano,Córdoba,,,https://open.app.jobrapido.com/ar/5654771145405104128/?w=data%20analyst&l=&oc=sponsored&k=web.1.4.3&uuid=arF001a08a5fb66903b1&page_item_id=2073458350,Data Analyst,jobrapido,2026-09-10T04:12:04.613391,,,,
8635815681071251456,Data Risk Analyst,ICON,Remoto,,,https://open.app.jobrapido.com/ar/8635815681071251456/?w=data%20analyst&l=&oc=sponsored&k=web.1.4.4&uuid=arF001a08a5fb66903b1&page_item_id=1900263853,Data Analyst,jobrapido,2026-09-10T04:12:04.614127,,,,
7571120647334526976,FP&A Data Analyst,ELEVVA,Capital Federal,,,https://open.app.jobrapido.com/ar/7571120647334526976/?w=data%20analyst&l=&oc=sponsored&k=web.1.4.5&uuid=arF001a08a5fb66903b1&page_item_id=1862960833,Data Analyst,jobrapido,2026-09-10T04:12:04.614842,,,,
4544204074240704512,Accounting Analyst: Data-Driven Finance & Dashboards,Vive Health,Rincón De Los Sauces,,,https://open.app.jobrapido.com/ar/4544204074240704512/?w=data%20analyst&l=&oc=sponsored&k=web.1.4.6&uuid=arF001a08a5fb66903b1&page_item_id=-621357231,Data Analyst,jobrapido,2026-09-10T04:12:04.615535,,,,
2319362309983567872,Remote Revenue Operations Analyst – Growth & Data,Canonical,Remoto,,,https://open.app.jobrapido.com/ar/2319362309983567872/?w=data%20analyst&l=&oc=sponsored&k=web.1.4.7&uuid=arF001a08a5fb66903b1&page_item_id=1780022474,Data Analyst,jobrapido,2026-09-10T04:12:04.616177,,,,
6756288222260625408,BI Analyst & Data Visualization,BairesHR,Capital Federal,,,https://open.app.jobrapido.com/ar/6756288222260625408/?w=data%20analyst&l=&oc=sponsored&k=web.1.4.8&uuid=arF001a08a5fb66903b1&page_item_id=1976569530,Data Analyst,jobrapido,2026-09-10T04:12:04.616789,,,,
7524269125435129856,Senior Data & Analytics Strategy Analyst,SunnyData,Remoto,,,https://open.app.jobrapido.com/ar/7524269125435129856/?w=data%20analyst&l=&oc=sponsored&k=web.1.4.9&uuid=arF001a08a5fb66903b1&page_item_id=-1739660433,Data Analyst,jobrapido,2026-09-10T04:12:04.617405,,,,
3838949072480239616,Data & Analytics Analyst - Financial Institutions Advisory,Thinkbrg,Capital Federal,,,https://open.app.jobrapido.com/ar/3838949072480239616/?w=data%20analyst&l=&oc=sponsored&k=web.1.4.10&uuid=arF001a08a5fb66903b1&page_item_id=-1222672162,Data Analyst,jobrapido,2026-09-10T04:12:04.618022,,,,
4521194388247805952,Data Analyst (Product Mapping) + Data Engineer (IBTE),Itps,Capital Federal (Belgrano),,,https://open.app.jobrapido.com/ar/4521194388247805952/?w=data%20analyst&l=&oc=sponsored&k=web.1.4.11&uuid=arF001a08a5fb66903b1&page_item_id=-2123552432,Data Analyst,jobrapido,2026-09-10T04:12:04.618632,,,,
3692546625340702720,"Aquiva, Argentina - Salesforce Data Analyst",Aquiva and Hapi,Capital Federal,,,https://open.app.jobrapido.com/ar/3692546625340702720/?w=data%20analyst&l=&oc=sponsored&k=web.1.4.12&uuid=arF001a08a5fb66903b1&page_item_id=-1519344346,Data Analyst,jobrapido,2026-09-10T04:12:04.619243,,,,
2747934350304608256,"Remote Data Analyst, Excel Insights for AI Training",YO IT Consulting,Remoto,,,https://open.app.jobrapido.com/ar/2747934350304608256/?w=data%20analyst&l=&oc=sponsored&k=web.1.4.13&uuid=arF001a08a5fb66903b1&page_item_id=-1350041515,Data Analyst,jobrapido,2026-09-10T04:12:04.619852,,,,
2205394476610879488,Data Analyst SR – (IB- 5782313),Itps,Capital Federal,,,https://open.app.jobrapido.com/ar/2205394476610879488/?w=data%20analyst&l=&oc=sponsored&k=web.1.4.14&uuid=arF001a08a5fb66903b1&page_item_id=553399815,Data Analyst,jobrapido,2026-09-10T04:12:04.620460,,,,
841807437475348480,Data Analyst | AI-Driven Insights for Global Subscriptions,AppDirect,Capital Federal,,,https://open.app.jobrapido.com/ar/841807437475348480/?w=data%20analyst&l=&oc=sponsored&k=web.1.4.15&uuid=arF001a08a5fb66903b1&page_item_id=-656157523,Data Analyst,jobrapido,2026-09-10T04:12:04.621097,,,,
2350623624584495104,HubSpot Data & Reporting Analyst Jr - Part-Time (Hybrid),Minders,Capital Federal,,,https://open.app.jobrapido.com/ar/2350623624584495104/?w=data%20analyst&l=&oc=sponsored&k=web.1.4.16&uuid=arF001a08a5fb66903b1&page_item_id=1600661244,Data Analyst,jobrapido,2026-09-10T04:12:04.621699,,,,
6358373314901049344,Remote Fraud Data Analyst — Detect & Prevent FinTech Fraud,Embedded Shishya,Remoto,,,https://open.app.jobrapido.com/ar/6358373314901049344/?w=data%20analyst&l=&oc=sponsored&k=web.1.4.17&uuid=arF001a08a5fb66903b1&page_item_id=311537180,Data Analyst,jobrapido,2026-09-10T04:12:04.622331,,,,
7516665813550497792,"Argentina (Remote) CookUnity Staff Data Analyst, Marketplace Insights",Experimentation Jobs,Remoto,,,https://open.app.jobrapido.com/ar/7516665813550497792/?w=data%20analyst&l=&oc=sponsored&k=web.1.4.18&uuid=arF001a08a5fb66903b1&page_item_id=2012623039,Data Analyst,jobrapido,2026-09-10T04:12:04.622942,,,,
5260601664276004864,Data Operations Analyst - Pipelines & Insights (Argentina),Brain Labs Digital LTD.,Remoto,,,https://open.app.jobrapido.com/ar/5260601664276004864/?w=data%20analyst&l=&oc=sponsored&k=web.1.4.19&uuid=arF001a08a5fb66903b1&page_item_id=-1195420695,Data Analyst,jobrapido,2026-09-10T04:12:04.623534,,,,
2358935777871659008,Data Visualization Analyst,BairesHR,Capital Federal,,,https://open.app.jobrapido.com/ar/2358935777871659008/?w=data%20analyst&l=&oc=sponsored&k=web.1.5.1&uuid=arF001a08a61963a047c&page_item_id=9715432,Data Analyst,jobrapido,2026-09-10T04:14:07.523301,,,,
244336804671520768,Anuncios Google,INFUSE,Rosario,,,https://open.app.jobrapido.com/ar/244336804671520768/?w=machine%20learning&l=&oc=sponsored&k=web.1.1.0&uuid=arF001a08a61dc230487&page_item_id=2063128032,Machine Learning Engineer,jobrapido,2026-09-10T04:14:25.261402,,,,
6712486290350145536,"Analista de Innovación, Automatización e Inteligencia Artificial híbrido & full time en Rosario",Brightside,Rosario,,,https://open.app.jobrapido.com/ar/6712486290350145536/?w=machine%20learning&l=&oc=sponsored&k=web.1.1.1&uuid=arF001a08a61dc230487&page_item_id=1498241671,Machine Learning Engineer,jobrapido,2026-09-10T04:14:25.262075,,,,
1227670254285488128,Backend Developer - Part Time,Aliancers,Rosario,,,https://open.app.jobrapido.com/ar/1227670254285488128/?w=machine%20learning&l=&oc=sponsored&k=web.1.1.2&uuid=arF001a08a61dc230487&page_item_id=-607591818,Machine Learning Engineer,jobrapido,2026-09-10T04:14:25.262610,,,,
960470374477201408,Senior Databricks Data Engineer ID86297,AgileEngine,Rosario,,,https://open.app.jobrapido.com/ar/960470374477201408/?w=machine%20learning&l=&oc=sponsored&k=web.1.1.3&uuid=arF001a08a61dc230487&page_item_id=-591528270,Machine Learning Engineer,jobrapido,2026-09-10T04:14:25.263155,,,,
8828269506292875264,Middle Databricks Data Engineer ID86295,AgileEngine,Rosario,,,https://open.app.jobrapido.com/ar/8828269506292875264/?w=machine%20learning&l=&oc=sponsored&k=web.1.1.4&uuid=arF001a08a61dc230487&page_item_id=-2115548204,Machine Learning Engineer,jobrapido,2026-09-10T04:14:25.265001,,,,
4477228560385310720,Senior BI Product Manager ID65844,AgileEngine,Rosario,,,https://open.app.jobrapido.com/ar/4477228560385310720/?w=machine%20learning&l=&oc=sponsored&k=web.1.1.5&uuid=arF001a08a61dc230487&page_item_id=-1251017021,Machine Learning Engineer,jobrapido,2026-09-10T04:14:25.266010,,,,
5806348521330180096,Senior Salesforce Developer ID88016,AgileEngine,Rosario,,,https://open.app.jobrapido.com/ar/5806348521330180096/?w=machine%20learning&l=&oc=sponsored&k=web.1.1.6&uuid=arF001a08a61dc230487&page_item_id=-1223144883,Machine Learning Engineer,jobrapido,2026-09-10T04:14:25.267906,,,,
5178302669181157376,AI Machine Learning Engineer - Remote - Latin America,FullStack,Rosario,,,https://open.app.jobrapido.com/ar/5178302669181157376/?w=machine%20learning&l=&oc=sponsored&k=web.1.1.8&uuid=arF001a08a61dc230487&page_item_id=1302783346,Machine Learning Engineer,jobrapido,2026-09-10T04:14:25.270034,,,,
2697750560848740352,Remote AI/ML Engineer - Build Production-Grade Models,FullStack,Rosario,,,https://open.app.jobrapido.com/ar/2697750560848740352/?w=machine%20learning&l=&oc=sponsored&k=web.1.1.9&uuid=arF001a08a61dc230487&page_item_id=-1903012982,Machine Learning Engineer,jobrapido,2026-09-10T04:14:25.271034,,,,
3081607112535572480,Ex-MBB Strategy Consultant - AI Training (Remote),Mindrift,Rosario,,,https://open.app.jobrapido.com/ar/3081607112535572480/?w=machine%20learning&l=&oc=sponsored&k=web.1.1.11&uuid=arF001a08a61dc230487&page_item_id=872413446,Machine Learning Engineer,jobrapido,2026-09-10T04:14:25.271709,,,,
6681249302443982848,Senior Machine Learning Engineer,Jampp,Capital Federal,,,https://open.app.jobrapido.com/ar/6681249302443982848/?w=machine%20learning&l=&oc=sponsored&k=web.1.1.14&uuid=arF001a08a61dc230487&page_item_id=73414513,Machine Learning Engineer,jobrapido,2026-09-10T04:14:25.272540,,,,
4011138640703913984,Machine Learning Engineer,Grupo Prominente,Capital Federal,,,https://open.app.jobrapido.com/ar/4011138640703913984/?w=machine%20learning&l=&oc=sponsored&k=web.1.2.0&uuid=arF001a08a62f7b00512&page_item_id=486630177,Machine Learning Engineer,jobrapido,2026-09-10T04:15:38.104720,,,,
3473693577475784704,Machine Learning Engineer,SunnyData,Remoto,,,https://open.app.jobrapido.com/ar/3473693577475784704/?w=machine%20learning&l=&oc=sponsored&k=web.1.2.1&uuid=arF001a08a62f7b00512&page_item_id=-1229348783,Machine Learning Engineer,jobrapido,2026-09-10T04:15:38.105292,,,,
5430239128572657664,Machine Learning Specialist,Pacifica Continental,Capital Federal,,,https://open.app.jobrapido.com/ar/5430239128572657664/?w=machine%20learning&l=&oc=sponsored&k=web.1.2.2&uuid=arF001a08a62f7b00512&page_item_id=-288134103,Machine Learning Engineer,jobrapido,2026-09-10T04:15:38.105773,,,,
4309687263467405312,Semi-Senior Machine Learning Engineer,OfficeTwo,Capital Federal,,,https://open.app.jobrapido.com/ar/4309687263467405312/?w=machine%20learning&l=&oc=sponsored&k=web.1.2.3&uuid=arF001a08a62f7b00512&page_item_id=936562196,Machine Learning Engineer,jobrapido,2026-09-10T04:15:38.106257,,,,
2577351718324928512,"Machine Learning Manager, Security & Research",Internetwork Expert,Capital Federal,,,https://open.app.jobrapido.com/ar/2577351718324928512/?w=machine%20learning&l=&oc=sponsored&k=web.1.2.4&uuid=arF001a08a62f7b00512&page_item_id=-1398003500,Machine Learning Engineer,jobrapido,2026-09-10T04:15:38.106737,,,,
8657487381672230912,Machine Learning Engineer - Production ML & Data Solutions,SunnyData,Remoto,,,https://open.app.jobrapido.com/ar/8657487381672230912/?w=machine%20learning&l=&oc=sponsored&k=web.1.2.5&uuid=arF001a08a62f7b00512&page_item_id=607778817,Machine Learning Engineer,jobrapido,2026-09-10T04:15:38.108899,,,,
4042857764458856448,Python Developer (IA) - Machine Learning ID #00335,Werben HR,Capital Federal (Parque Patricios),,,https://open.app.jobrapido.com/ar/4042857764458856448/?w=machine%20learning&l=&oc=sponsored&k=web.1.2.6&uuid=arF001a08a62f7b00512&page_item_id=35489325,Machine Learning Engineer,jobrapido,2026-09-10T04:15:38.110756,,,,
1802589628725723136,Machine Learning Engineer Sr. (IA Generativa),Flux IT SA,Remoto,,,https://open.app.jobrapido.com/ar/1802589628725723136/?w=machine%20learning&l=&oc=sponsored&k=web.1.2.7&uuid=arF001a08a62f7b00512&page_item_id=-793893353,Machine Learning Engineer,jobrapido,2026-09-10T04:15:38.112001,,,,
2661369799849803776,"Machine Learning Research Scientist, Mechanical Intuition in Multimodal Models",Toyota Research Institute,Los Altos,,,https://open.app.jobrapido.com/ar/2661369799849803776/?w=machine%20learning&l=&oc=sponsored&k=web.1.2.8&uuid=arF001a08a62f7b00512&page_item_id=-1430186326,Machine Learning Engineer,jobrapido,2026-09-10T04:15:38.113204,,,,
8295372933690294272,Principal Machine Learning Engineer - Applied AI & LLMs (x/f/m),Doctolib,Londres,,,https://open.app.jobrapido.com/ar/8295372933690294272/?w=machine%20learning&l=&oc=sponsored&k=web.1.2.9&uuid=arF001a08a62f7b00512&page_item_id=117281464,Machine Learning Engineer,jobrapido,2026-09-10T04:15:38.113716,,,,
9089593063386382336,"Senior Machine Learning Engineer New Buenos Aires, Argentina",GoFundMe,Capital Federal,,,https://open.app.jobrapido.com/ar/9089593063386382336/?w=machine%20learning&l=&oc=sponsored&k=web.1.2.10&uuid=arF001a08a62f7b00512&page_item_id=226893566,Machine Learning Engineer,jobrapido,2026-09-10T04:15:38.114221,,,,
326534850855043072,Senior Machine Learning Engineer,Coderio,Argentina,,,https://open.app.jobrapido.com/ar/326534850855043072/?w=machine%20learning&l=&oc=sponsored&k=web.1.2.11&uuid=arF001a08a62f7b00512&page_item_id=1379240115,Machine Learning Engineer,jobrapido,2026-09-10T04:15:38.114713,,,,
7814052922538328064,"Machine Learning Python, C++ with Azure",Dabrein Solutions,Argentina,,,https://open.app.jobrapido.com/ar/7814052922538328064/?w=machine%20learning&l=&oc=sponsored&k=web.1.2.12&uuid=arF001a08a62f7b00512&page_item_id=-1552433039,Machine Learning Engineer,jobrapido,2026-09-10T04:15:38.115212,,,,
7192164644742496256,Machine Learning Engineer Sr. (IA Generativa),Flux IT SA,Argentina,,,https://open.app.jobrapido.com/ar/7192164644742496256/?w=machine%20learning&l=&oc=sponsored&k=web.1.2.13&uuid=arF001a08a62f7b00512&page_item_id=-1012001840,Machine Learning Engineer,jobrapido,2026-09-10T04:15:38.115702,,,,
5441638882309308416,Remote Senior ML Engineer - Social Fundraising Innovator,GoFundMe,Capital Federal,,,https://open.app.jobrapido.com/ar/5441638882309308416/?w=machine%20learning&l=&oc=sponsored&k=web.1.2.14&uuid=arF001a08a62f7b00512&page_item_id=1714838063,Machine Learning Engineer,jobrapido,2026-09-10T04:15:38.116198,,,,
5238987894193913856,ML Research Scientist: Mechanical Intuition in Multimodal AI,Toyota Research Institute,Los Altos,,,https://open.app.jobrapido.com/ar/5238987894193913856/?w=machine%20learning&l=&oc=sponsored&k=web.1.2.15&uuid=arF001a08a62f7b00512&page_item_id=16129964,Machine Learning Engineer,jobrapido,2026-09-10T04:15:38.116683,,,,
8092299733109833728,Remote AI ML Engineer – Growth & Impact with Top Clients,FullStack Labs,Remoto,,,https://open.app.jobrapido.com/ar/8092299733109833728/?w=machine%20learning&l=&oc=sponsored&k=web.1.2.16&uuid=arF001a08a62f7b00512&page_item_id=-1441207014,Machine Learning Engineer,jobrapido,2026-09-10T04:15:38.117183,,,,
3152941502800330752,Data Science Manager,Sony Pictures Entertainment,Esquel,,,https://open.app.jobrapido.com/ar/3152941502800330752/?w=machine%20learning&l=&oc=sponsored&k=web.1.2.17&uuid=arF001a08a62f7b00512&page_item_id=-119129548,Machine Learning Engineer,jobrapido,2026-09-10T04:15:38.117668,,,,
2530010991060582400,Data Science Manager,"Sony Pictures Entertainment, Inc",Capital Federal,,,https://open.app.jobrapido.com/ar/2530010991060582400/?w=machine%20learning&l=&oc=sponsored&k=web.1.2.18&uuid=arF001a08a62f7b00512&page_item_id=-165764268,Machine Learning Engineer,jobrapido,2026-09-10T04:15:38.118171,,,,
4241655033038372864,Cloud AI/ML Engineer (AWS) - GenAI & SageMaker Expert,Ideamine Technologies (Acquired by Netrix Global),Rincón De Los Sauces,,,https://open.app.jobrapido.com/ar/4241655033038372864/?w=machine%20learning&l=&oc=sponsored&k=web.1.2.19&uuid=arF001a08a62f7b00512&page_item_id=728952769,Machine Learning Engineer,jobrapido,2026-09-10T04:15:38.118657,,,,
4259746416689152,MLOps Gen AI — Híbrido y Desarrollo Profesional,Alerta Juicios,Capital Federal,,,https://open.app.jobrapido.com/ar/4259746416689152/?w=machine%20learning&l=&oc=sponsored&k=web.1.3.1&uuid=arF001a08a6501f205c7&page_item_id=-789052744,Machine Learning Engineer,jobrapido,2026-09-10T04:17:51.830870,,,,
8746514219697963008,Hybrid ML Engineer for Low-Latency LLM Systems,MercadoLibre,Capital Federal,,,https://open.app.jobrapido.com/ar/8746514219697963008/?w=machine%20learning&l=&oc=sponsored&k=web.1.3.2&uuid=arF001a08a6501f205c7&page_item_id=2135875492,Machine Learning Engineer,jobrapido,2026-09-10T04:17:51.831378,,,,
250125406974246912,"Senior ML Engineer: Search, Recommendations & Personalization",GoFundMe,Esquel,,,https://open.app.jobrapido.com/ar/250125406974246912/?w=machine%20learning&l=&oc=sponsored&k=web.1.3.3&uuid=arF001a08a6501f205c7&page_item_id=35986704,Machine Learning Engineer,jobrapido,2026-09-10T04:17:51.831872,,,,
5921720894908006400,Python Developer (IA),Werben HR,Capital Federal,,,https://open.app.jobrapido.com/ar/5921720894908006400/?w=machine%20learning&l=&oc=sponsored&k=web.1.3.4&uuid=arF001a08a6501f205c7&page_item_id=664794409,Machine Learning Engineer,jobrapido,2026-09-10T04:17:51.832357,,,,
2497594914372583424,"Senior ML Engineer — Real-Time Bidding, Remote",Jampp,Capital Federal,,,https://open.app.jobrapido.com/ar/2497594914372583424/?w=machine%20learning&l=&oc=sponsored&k=web.1.3.5&uuid=arF001a08a6501f205c7&page_item_id=1829338145,Machine Learning Engineer,jobrapido,2026-09-10T04:17:51.832847,,,,
713269030630195200,"AI & GenAI Engineer, AWS Cloud — Remote Ready",Netrix Global,Rincón De Los Sauces,,,https://open.app.jobrapido.com/ar/713269030630195200/?w=machine%20learning&l=&oc=sponsored&k=web.1.3.6&uuid=arF001a08a6501f205c7&page_item_id=749634254,Machine Learning Engineer,jobrapido,2026-09-10T04:17:51.833335,,,,
1959664141882884096,FinTech NLP ML Engineer: Python & Document Processing,Werben HR,Capital Federal,,,https://open.app.jobrapido.com/ar/1959664141882884096/?w=machine%20learning&l=&oc=sponsored&k=web.1.3.8&uuid=arF001a08a6501f205c7&page_item_id=-1496890428,Machine Learning Engineer,jobrapido,2026-09-10T04:17:51.833959,,,,
3900559038311563264,Senior ML Ops Engineer - Production ML in the Cloud (Remote),Coderio,Rincón De Los Sauces,,,https://open.app.jobrapido.com/ar/3900559038311563264/?w=machine%20learning&l=&oc=sponsored&k=web.1.3.9&uuid=arF001a08a6501f205c7&page_item_id=1448082397,Machine Learning Engineer,jobrapido,2026-09-10T04:17:51.834440,,,,
4841102725187895296,"Senior ML Ops Engineer - Remote, End-to-End ML Architect",Medium,Neuquén,,,https://open.app.jobrapido.com/ar/4841102725187895296/?w=machine%20learning&l=&oc=sponsored&k=web.1.3.10&uuid=arF001a08a6501f205c7&page_item_id=-1920880797,Machine Learning Engineer,jobrapido,2026-09-10T04:17:51.834928,,,,
3847723931184136192,Senior ML Engineer — Shape Discovery & Personalization,GoFundMe,Capital Federal,,,https://open.app.jobrapido.com/ar/3847723931184136192/?w=machine%20learning&l=&oc=sponsored&k=web.1.3.11&uuid=arF001a08a6501f205c7&page_item_id=-197085626,Machine Learning Engineer,jobrapido,2026-09-10T04:17:51.835463,,,,
8921102802034360320,Senior ML Engineer: Computer Vision & Production Models,OfficeTwo,Capital Federal,,,https://open.app.jobrapido.com/ar/8921102802034360320/?w=machine%20learning&l=&oc=sponsored&k=web.1.3.12&uuid=arF001a08a6501f205c7&page_item_id=-1481989331,Machine Learning Engineer,jobrapido,2026-09-10T04:17:51.835948,,,,
7606746602190929920,End-to-End Data & ML Engineer (LATAM) — AI-Driven Pipelines,Medium,Colalao Del Valle,,,https://open.app.jobrapido.com/ar/7606746602190929920/?w=machine%20learning&l=&oc=sponsored&k=web.1.3.13&uuid=arF001a08a6501f205c7&page_item_id=2062709202,Machine Learning Engineer,jobrapido,2026-09-10T04:17:51.836434,,,,
7212831168377389056,"Remote AI Engineer: LLMs, ML Infra & Automation",Huzzle.com,Remoto,,,https://open.app.jobrapido.com/ar/7212831168377389056/?w=machine%20learning&l=&oc=sponsored&k=web.1.3.14&uuid=arF001a08a6501f205c7&page_item_id=363331687,Machine Learning Engineer,jobrapido,2026-09-10T04:17:51.836922,,,,
6110003413532016640,AI Economics Researcher: Data-Driven Insights,Accenture Argentina,Capital Federal,,,https://open.app.jobrapido.com/ar/6110003413532016640/?w=machine%20learning&l=&oc=sponsored&k=web.1.3.15&uuid=arF001a08a6501f205c7&page_item_id=1851647578,Machine Learning Engineer,jobrapido,2026-09-10T04:17:51.837403,,,,
4562128536135008256,Principal ML Engineer: Cross-Product AI & LLM Architect,Doctolib,Londres,,,https://open.app.jobrapido.com/ar/4562128536135008256/?w=machine%20learning&l=&oc=sponsored&k=web.1.3.16&uuid=arF001a08a6501f205c7&page_item_id=-762895671,Machine Learning Engineer,jobrapido,2026-09-10T04:17:51.837886,,,,
3470328882916229120,Production ML Engineer — MLOps,Proofpoint,Córdoba Capital,,,https://open.app.jobrapido.com/ar/3470328882916229120/?w=machine%20learning&l=&oc=sponsored&k=web.1.3.17&uuid=arF001a08a6501f205c7&page_item_id=-713343637,Machine Learning Engineer,jobrapido,2026-09-10T04:17:51.838370,,,,
2118351793216815104,Remote Cloud ML Architect (AWS),Caylent,Remoto,,,https://open.app.jobrapido.com/ar/2118351793216815104/?w=machine%20learning&l=&oc=sponsored&k=web.1.3.18&uuid=arF001a08a6501f205c7&page_item_id=1306632693,Machine Learning Engineer,jobrapido,2026-09-10T04:17:51.838858,,,,
660874363809038336,Data Science Mentor & Live Instructor – Remote,TripleTen,Capital Federal,,,https://open.app.jobrapido.com/ar/660874363809038336/?w=machine%20learning&l=&oc=sponsored&k=web.1.3.19&uuid=arF001a08a6501f205c7&page_item_id=-1572388649,Machine Learning Engineer,jobrapido,2026-09-10T04:17:51.839341,,,,
71336140463931392,MLOps Gen IA - Híbrido - 1889 Aliantec Saavedra | AR VER TRABAJO,Alerta Juicios,Capital Federal (Saavedra),,,https://open.app.jobrapido.com/ar/71336140463931392/?w=machine%20learning&l=&oc=sponsored&k=web.1.4.0&uuid=arF001a08a66cf740658&page_item_id=-1039385926,Machine Learning Engineer,jobrapido,2026-09-10T04:19:49.994553,,,,
6824817912981749760,Remote Data Developer for ML & Big Data Systems,Muttdata,Remoto,,,https://open.app.jobrapido.com/ar/6824817912981749760/?w=machine%20learning&l=&oc=sponsored&k=web.1.4.1&uuid=arF001a08a66cf740658&page_item_id=492524737,Machine Learning Engineer,jobrapido,2026-09-10T04:19:49.995113,,,,
462489480809414656,Data Engineer: Remote-First Cloud & ML Infrastructure,Muttdata,Remoto,,,https://open.app.jobrapido.com/ar/462489480809414656/?w=machine%20learning&l=&oc=sponsored&k=web.1.4.2&uuid=arF001a08a66cf740658&page_item_id=-1350835960,Machine Learning Engineer,jobrapido,2026-09-10T04:19:49.995604,,,,
8709723890617679872,"Software Engineer C#, Python, C++ with Azure",Dabrein Solutions,Capital Federal,,,https://open.app.jobrapido.com/ar/8709723890617679872/?w=machine%20learning&l=&oc=sponsored&k=web.1.4.3&uuid=arF001a08a66cf740658&page_item_id=-1355569101,Machine Learning Engineer,jobrapido,2026-09-10T04:19:49.996098,,,,
1880320290446114816,Client Partner SR,Globant,Rincón De Los Sauces,,,https://open.app.jobrapido.com/ar/1880320290446114816/?w=machine%20learning&l=&oc=sponsored&k=web.1.4.4&uuid=arF001a08a66cf740658&page_item_id=-413624550,Machine Learning Engineer,jobrapido,2026-09-10T04:19:49.996586,,,,
8299867239008436224,Account Manager,Amazon Web Services (AWS),Capital Federal,,,https://open.app.jobrapido.com/ar/8299867239008436224/?w=machine%20learning&l=&oc=sponsored&k=web.1.4.5&uuid=arF001a08a66cf740658&page_item_id=-1730138841,Machine Learning Engineer,jobrapido,2026-09-10T04:19:49.997080,,,,
5191700098106523648,Semi-Senior Full Stack AI Engineer,OfficeTwo,Capital Federal,,,https://open.app.jobrapido.com/ar/5191700098106523648/?w=machine%20learning&l=&oc=sponsored&k=web.1.4.7&uuid=arF001a08a66cf740658&page_item_id=1465134569,Machine Learning Engineer,jobrapido,2026-09-10T04:19:49.997709,,,,
5000370832761946112,Technical Product Manager,Hexaware Technologies Limited,Capital Federal,,,https://open.app.jobrapido.com/ar/5000370832761946112/?w=machine%20learning&l=&oc=sponsored&k=web.1.4.9&uuid=arF001a08a66cf740658&page_item_id=158447853,Machine Learning Engineer,jobrapido,2026-09-10T04:19:49.998336,,,,
3969793773684129792,"Learning Specialist, Expert-Level",Globant,Rincón De Los Sauces,,,https://open.app.jobrapido.com/ar/3969793773684129792/?w=machine%20learning&l=&oc=sponsored&k=web.1.4.11&uuid=arF001a08a66cf740658&page_item_id=-1098222671,Machine Learning Engineer,jobrapido,2026-09-10T04:19:49.998962,,,,
5618897319396114432,"AI Go-to-Market Specialist SOLA, WWSO Latam (AWS)",Amazon,Capital Federal,,,https://open.app.jobrapido.com/ar/5618897319396114432/?w=machine%20learning&l=&oc=sponsored&k=web.1.4.12&uuid=arF001a08a66cf740658&page_item_id=-1517643157,Machine Learning Engineer,jobrapido,2026-09-10T04:19:49.999447,,,,
1278969137510481920,"AI Go-to-Market Specialist SOLA, WWSO Latam",Amazon Web Services (AWS),Capital Federal,,,https://open.app.jobrapido.com/ar/1278969137510481920/?w=machine%20learning&l=&oc=sponsored&k=web.1.4.13&uuid=arF001a08a66cf740658&page_item_id=1206768235,Machine Learning Engineer,jobrapido,2026-09-10T04:19:49.999941,,,,
7610544315353268224,Principal NLP Scientist,Sourceability,Esquel,,,https://open.app.jobrapido.com/ar/7610544315353268224/?w=machine%20learning&l=&oc=sponsored&k=web.1.4.14&uuid=arF001a08a66cf740658&page_item_id=511036080,Machine Learning Engineer,jobrapido,2026-09-10T04:19:50.000423,,,,
6415685238239789056,Advanced Data Science Associate,ZS,Capital Federal,,,https://open.app.jobrapido.com/ar/6415685238239789056/?w=machine%20learning&l=&oc=sponsored&k=web.1.4.15&uuid=arF001a08a66cf740658&page_item_id=-1579866010,Machine Learning Engineer,jobrapido,2026-09-10T04:19:50.000911,,,,
2854642348917260288,Hardware Designer,Novo Space,Capital Federal,,,https://open.app.jobrapido.com/ar/2854642348917260288/?w=machine%20learning&l=&oc=sponsored&k=web.1.4.16&uuid=arF001a08a66cf740658&page_item_id=1450872067,Machine Learning Engineer,jobrapido,2026-09-10T04:19:50.001396,,,,
1247860586306338816,Technical Leader - Latin America - Remote,"Azumo, LLC",Capital Federal,,,https://open.app.jobrapido.com/ar/1247860586306338816/?w=machine%20learning&l=&oc=sponsored&k=web.1.4.17&uuid=arF001a08a66cf740658&page_item_id=216678376,Machine Learning Engineer,jobrapido,2026-09-10T04:19:50.001884,,,,
598267398629359616,"B2B Content Writer (Remote, Contract)",INFUSE,Córdoba Capital,,,https://open.app.jobrapido.com/ar/598267398629359616/?w=machine%20learning&l=&oc=sponsored&k=web.1.4.18&uuid=arF001a08a66cf740658&page_item_id=1115640391,Machine Learning Engineer,jobrapido,2026-09-10T04:19:50.002368,,,,
111878638873346048,"B2B Content Writer (Remote, Contract)",INFUSE,Capital Federal,,,https://open.app.jobrapido.com/ar/111878638873346048/?w=machine%20learning&l=&oc=sponsored&k=web.1.4.19&uuid=arF001a08a66cf740658&page_item_id=969661376,Machine Learning Engineer,jobrapido,2026-09-10T04:19:50.002858,,,,
3647660317267197952,Software Engineer,Assurant,Capital Federal,,,https://open.app.jobrapido.com/ar/3647660317267197952/?w=machine%20learning&l=&oc=sponsored&k=web.1.5.0&uuid=arF001a08a688bbd06e4&page_item_id=549995577,Machine Learning Engineer,jobrapido,2026-09-10T04:21:43.654137,,,,
1641304484250386432,AI Agent Systems Architect - Remote,Azumo LLC.,Remoto,,,https://open.app.jobrapido.com/ar/1641304484250386432/?w=machine%20learning&l=&oc=sponsored&k=web.1.5.1&uuid=arF001a08a688bbd06e4&page_item_id=42521121,Machine Learning Engineer,jobrapido,2026-09-10T04:21:43.654753,,,,
2842950692023304192,Document Reviewer - Remote,YO IT Consulting,Remoto,,,https://open.app.jobrapido.com/ar/2842950692023304192/?w=machine%20learning&l=&oc=sponsored&k=web.1.5.2&uuid=arF001a08a688bbd06e4&page_item_id=-292133464,Machine Learning Engineer,jobrapido,2026-09-10T04:21:43.655307,,,,
8457536794114654208,Marketing/ Digital Marketing Expert - Remote,YO IT Consulting,Remoto,,,https://open.app.jobrapido.com/ar/8457536794114654208/?w=machine%20learning&l=&oc=sponsored&k=web.1.5.3&uuid=arF001a08a688bbd06e4&page_item_id=-1749046514,Machine Learning Engineer,jobrapido,2026-09-10T04:21:43.655855,,,,
7762551797893300224,Cocos2d-x Junior Game Developer - Remote,YO IT Consulting,Remoto,,,https://open.app.jobrapido.com/ar/7762551797893300224/?w=machine%20learning&l=&oc=sponsored&k=web.1.5.4&uuid=arF001a08a688bbd06e4&page_item_id=-923899242,Machine Learning Engineer,jobrapido,2026-09-10T04:21:43.656396,,,,
5394773298686984192,Remote Document Reviewer for AI Training & Privacy,YO IT Consulting,Remoto,,,https://open.app.jobrapido.com/ar/5394773298686984192/?w=machine%20learning&l=&oc=sponsored&k=web.1.5.5&uuid=arF001a08a688bbd06e4&page_item_id=-773096468,Machine Learning Engineer,jobrapido,2026-09-10T04:21:43.657160,,,,
3601225742202961920,SAP CPI Consultant Senior,Globant,Rincón De Los Sauces,,,https://open.app.jobrapido.com/ar/3601225742202961920/?w=machine%20learning&l=&oc=sponsored&k=web.1.5.6&uuid=arF001a08a688bbd06e4&page_item_id=-210125750,Machine Learning Engineer,jobrapido,2026-09-10T04:21:43.658614,,,,
566309766750535680,Senior AI Engineer - LLM & Production Systems (Remote),Improving South America,Remoto,,,https://open.app.jobrapido.com/ar/566309766750535680/?w=machine%20learning&l=&oc=sponsored&k=web.1.5.7&uuid=arF001a08a688bbd06e4&page_item_id=4536407,Machine Learning Engineer,jobrapido,2026-09-10T04:21:43.660258,,,,
3544066032505192448,Data Engineer Microsoft Fabric,POSSUMUS,Rincón De Los Sauces,,,https://open.app.jobrapido.com/ar/3544066032505192448/?w=machine%20learning&l=&oc=sponsored&k=web.1.5.8&uuid=arF001a08a688bbd06e4&page_item_id=1485372179,Machine Learning Engineer,jobrapido,2026-09-10T04:21:43.661111,,,,
3036294468828397568,Facilities Management Coordinator,AACUC MIDWEST REGIONAL CHAPTER,Esquel,,,https://open.app.jobrapido.com/ar/3036294468828397568/?w=machine%20learning&l=&oc=sponsored&k=web.1.5.9&uuid=arF001a08a688bbd06e4&page_item_id=1088673961,Machine Learning Engineer,jobrapido,2026-09-10T04:21:43.661915,,,,
4562848699071332352,AWS Cloud Architect,Scale Up Recruiting Partners,Río Negro,,,https://open.app.jobrapido.com/ar/4562848699071332352/?w=machine%20learning&l=&oc=sponsored&k=web.1.5.10&uuid=arF001a08a688bbd06e4&page_item_id=-1462463144,Machine Learning Engineer,jobrapido,2026-09-10T04:21:43.662671,,,,
3347079109820809216,Remote AWS Cloud Architect: Lead Migrations & Modernization,Scale Up Recruiting Partners,Río Negro,,,https://open.app.jobrapido.com/ar/3347079109820809216/?w=machine%20learning&l=&oc=sponsored&k=web.1.5.11&uuid=arF001a08a688bbd06e4&page_item_id=-926697140,Machine Learning Engineer,jobrapido,2026-09-10T04:21:43.663322,,,,
2202419473024024576,Freelance Agent Evaluation Engineer,AI Chopping Block,Capital Federal,,,https://open.app.jobrapido.com/ar/2202419473024024576/?w=machine%20learning&l=&oc=sponsored&k=web.1.5.12&uuid=arF001a08a688bbd06e4&page_item_id=-531590472,Machine Learning Engineer,jobrapido,2026-09-10T04:21:43.663847,,,,
8161726934556868608,Software Engineer III - Front End UI - C#/.Net/React - Neovest,JPMorgan Chase & Co.,Capital Federal,,,https://open.app.jobrapido.com/ar/8161726934556868608/?w=machine%20learning&l=&oc=sponsored&k=web.1.5.13&uuid=arF001a08a688bbd06e4&page_item_id=-1285922661,Machine Learning Engineer,jobrapido,2026-09-10T04:21:43.664344,,,,
4853906675532300288,Release Engineer,Medallia,Rincón De Los Sauces,,,https://open.app.jobrapido.com/ar/4853906675532300288/?w=machine%20learning&l=&oc=sponsored&k=web.1.5.14&uuid=arF001a08a688bbd06e4&page_item_id=1874485151,Machine Learning Engineer,jobrapido,2026-09-10T04:21:43.664848,,,,
9061839465755967488,Data Engineer (GCP & AWS),Nubiral,Capital Federal,,,https://open.app.jobrapido.com/ar/9061839465755967488/?w=machine%20learning&l=&oc=sponsored&k=web.1.5.15&uuid=arF001a08a688bbd06e4&page_item_id=1270438874,Machine Learning Engineer,jobrapido,2026-09-10T04:21:43.665346,,,,
1950216674120564736,Software Engineer III - Front End UI - C#/.Net - Neovest - Argentina,Next Frontier Capital,Capital Federal,,,https://open.app.jobrapido.com/ar/1950216674120564736/?w=machine%20learning&l=&oc=sponsored&k=web.1.5.16&uuid=arF001a08a688bbd06e4&page_item_id=1923713414,Machine Learning Engineer,jobrapido,2026-09-10T04:21:43.665844,,,,
4612017828273324032,ServiceNow Discovery Engineer ID80139,AgileEngine,Mar Del Plata,,,https://open.app.jobrapido.com/ar/4612017828273324032/?w=machine%20learning&l=&oc=sponsored&k=web.1.5.17&uuid=arF001a08a688bbd06e4&page_item_id=1815517126,Machine Learning Engineer,jobrapido,2026-09-10T04:21:43.666337,,,,
3141005359188017152,Associate – SIEM/SOAR Engineering,Aplaro Ltd,Capital Federal,,,https://open.app.jobrapido.com/ar/3141005359188017152/?w=machine%20learning&l=&oc=sponsored&k=web.1.5.18&uuid=arF001a08a688bbd06e4&page_item_id=-1156012420,Machine Learning Engineer,jobrapido,2026-09-10T04:21:43.666836,,,,
3840189201337286656,Advanced Data Science Associate Consultant,ZS,Capital Federal,,,https://open.app.jobrapido.com/ar/3840189201337286656/?w=machine%20learning&l=&oc=sponsored&k=web.1.5.19&uuid=arF001a08a688bbd06e4&page_item_id=-1067219068,Machine Learning Engineer,jobrapido,2026-09-10T04:21:43.667326,,,,
6526627885627736064,"(fluent English) CX Solutions Consultant (LATAM, remote)",SupportYourApp,Rosario,,,https://open.app.jobrapido.com/ar/6526627885627736064/?w=nlp&l=&oc=sponsored&k=web.1.1.0&uuid=arF001a08a6a93a4076f&page_item_id=-1865019048,NLP Engineer,jobrapido,2026-09-10T04:23:56.940566,,,,
2452374629642141696,Senior NLP Scientist: Production-Grade LLMs,Sourceability,Esquel,,,https://open.app.jobrapido.com/ar/2452374629642141696/?w=nlp&l=&oc=sponsored&k=web.1.1.2&uuid=arF001a08a6a93a4076f&page_item_id=2041992125,NLP Engineer,jobrapido,2026-09-10T04:23:56.941274,,,,
613228126930993152,Lead AI Engineer — Remote RAG/NLP/LLM Systems,N-iX,Remoto,,,https://open.app.jobrapido.com/ar/613228126930993152/?w=nlp&l=&oc=sponsored&k=web.1.1.5&uuid=arF001a08a6a93a4076f&page_item_id=1976471862,NLP Engineer,jobrapido,2026-09-10T04:23:56.942050,,,,
6816058997196455936,Client Technology Software Engineering Assurance Sr. Engineer/Arch - EY GDS,EY,Capital Federal,,,https://open.app.jobrapido.com/ar/6816058997196455936/?w=nlp&l=&oc=sponsored&k=web.1.1.6&uuid=arF001a08a6a93a4076f&page_item_id=-1395979420,NLP Engineer,jobrapido,2026-09-10T04:23:56.942536,,,,
6805843623641350144,Senior AI Platform Engineer: Inference & Production,Linuxconfig,Capital Federal,,,https://open.app.jobrapido.com/ar/6805843623641350144/?w=nlp&l=&oc=sponsored&k=web.1.1.9&uuid=arF001a08a6a93a4076f&page_item_id=599469607,NLP Engineer,jobrapido,2026-09-10T04:23:56.943300,,,,
4077324842649518080,Machine Learning Engineer,MercadoLibre,Capital Federal,,,https://open.app.jobrapido.com/ar/4077324842649518080/?w=nlp&l=&oc=sponsored&k=web.1.1.11&uuid=arF001a08a6a93a4076f&page_item_id=1134562198,NLP Engineer,jobrapido,2026-09-10T04:23:56.943924,,,,
2193558388556693504,Product Group Team Lead / Architect,Sourceability,Capital Federal,,,https://open.app.jobrapido.com/ar/2193558388556693504/?w=nlp&l=&oc=sponsored&k=web.1.1.12&uuid=arF001a08a6a93a4076f&page_item_id=-440189661,NLP Engineer,jobrapido,2026-09-10T04:23:56.944403,,,,
4644115802503512064,"Sr. Software Engineer, AI / ML Inference Platform",Linuxconfig,Capital Federal,,,https://open.app.jobrapido.com/ar/4644115802503512064/?w=nlp&l=&oc=sponsored&k=web.1.1.15&uuid=arF001a08a6a93a4076f&page_item_id=-18054642,NLP Engineer,jobrapido,2026-09-10T04:23:56.945169,,,,
8952684469655961600,Analista desarrollador Semi Sr / Senior Botmaker - Híbrido,Business Commercial Management SRL,Esquel,,,https://open.app.jobrapido.com/ar/8952684469655961600/?w=nlp&l=&oc=sponsored&k=web.1.1.17&uuid=arF001a08a6a93a4076f&page_item_id=803677466,NLP Engineer,jobrapido,2026-09-10T04:23:56.945787,,,,
7040990695095533568,Client Technology - Engineering - Software Engineering - EY GDS,EY,Capital Federal,,,https://open.app.jobrapido.com/ar/7040990695095533568/?w=nlp&l=&oc=sponsored&k=web.1.1.18&uuid=arF001a08a6a93a4076f&page_item_id=-10963226,NLP Engineer,jobrapido,2026-09-10T04:23:56.946288,,,,
6258208784863199232,Full Stack AI Engineer – BuilderEx,RYZ Labs,Capital Federal,,,https://open.app.jobrapido.com/ar/6258208784863199232/?w=nlp&l=&oc=sponsored&k=web.1.1.19&uuid=arF001a08a6a93a4076f&page_item_id=246061875,NLP Engineer,jobrapido,2026-09-10T04:23:56.946770,,,,
6213023255008116736,Client Technology - Software Engineering - EY Global Delivery Services,EY,Esquel,,,https://open.app.jobrapido.com/ar/6213023255008116736/?w=nlp&l=&oc=sponsored&k=web.1.2.5&uuid=arF001a08a6bab3507e1&page_item_id=2098745694,NLP Engineer,jobrapido,2026-09-10T04:25:08.690013,,,,
3644704830011736064,AI & NLP Talent Acquisition Coordinator,"E2f, inc.",Argentina,,,https://open.app.jobrapido.com/ar/3644704830011736064/?w=nlp&l=&oc=sponsored&k=web.1.2.7&uuid=arF001a08a6bab3507e1&page_item_id=-1175188190,NLP Engineer,jobrapido,2026-09-10T04:25:08.690900,,,,
8697752408014454784,"AI Engineer II - Marketing Argentina, Remote",Sezzle,Remoto,,,https://open.app.jobrapido.com/ar/8697752408014454784/?w=nlp&l=&oc=sponsored&k=web.1.2.8&uuid=arF001a08a6bab3507e1&page_item_id=2117375525,NLP Engineer,jobrapido,2026-09-10T04:25:08.691516,,,,
2760861308512370688,Full Stack AI Engineer - Security,RYZ Labs,Capital Federal,,,https://open.app.jobrapido.com/ar/2760861308512370688/?w=nlp&l=&oc=sponsored&k=web.1.2.11&uuid=arF001a08a6bab3507e1&page_item_id=88139890,NLP Engineer,jobrapido,2026-09-10T04:25:08.692425,,,,
4142562097340874752,Gerente de Arquitectura de Datos e IA,Sweden Sport Academy,Capital Federal,,,https://open.app.jobrapido.com/ar/4142562097340874752/?w=nlp&l=&oc=sponsored&k=web.1.2.12&uuid=arF001a08a6bab3507e1&page_item_id=637943644,NLP Engineer,jobrapido,2026-09-10T04:25:08.692992,,,,
367920468524531712,Senior Software Engineer,"Cadence Design Systems, Inc.",Capital Federal (San Nicolás),,,https://open.app.jobrapido.com/ar/367920468524531712/?w=nlp&l=&oc=sponsored&k=web.1.2.13&uuid=arF001a08a6bab3507e1&page_item_id=191009131,NLP Engineer,jobrapido,2026-09-10T04:25:08.693557,,,,
3720739357607329792,Full Stack AI Engineer - BuilderEx,RYZ Labs,Capital Federal,,,https://open.app.jobrapido.com/ar/3720739357607329792/?w=nlp&l=&oc=sponsored&k=web.1.2.14&uuid=arF001a08a6bab3507e1&page_item_id=120249789,NLP Engineer,jobrapido,2026-09-10T04:25:08.694123,,,,
578445076586299392,Anuncios Google,Ernst & Young Advisory Services Sdn Bhd,Remoto,,,https://open.app.jobrapido.com/ar/578445076586299392/?w=nlp&l=&oc=sponsored&k=web.1.3.0&uuid=arF001a08a6c71c60830&page_item_id=313196566,NLP Engineer,jobrapido,2026-09-10T04:25:58.955933,,,,
9183823804047032320,Senior AI Engineer,Wakapi,Mendoza,,,https://open.app.jobrapido.com/ar/9183823804047032320/?w=nlp&l=&oc=sponsored&k=web.1.3.1&uuid=arF001a08a6c71c60830&page_item_id=-1136600391,NLP Engineer,jobrapido,2026-09-10T04:25:58.956540,,,,
3725173069526859776,Senior AI Engineer,Wakapi,Capital Federal,,,https://open.app.jobrapido.com/ar/3725173069526859776/?w=nlp&l=&oc=sponsored&k=web.1.3.2&uuid=arF001a08a6c71c60830&page_item_id=-359860443,NLP Engineer,jobrapido,2026-09-10T04:25:58.957086,,,,
1651662553798934528,Customer Experience Cloud & AI SME,MaxAccelerate,Remoto,,,https://open.app.jobrapido.com/ar/1651662553798934528/?w=nlp&l=&oc=sponsored&k=web.1.3.4&uuid=arF001a08a6c71c60830&page_item_id=1394675155,NLP Engineer,jobrapido,2026-09-10T04:25:58.957779,,,,
8438826542183743488,AI/ML Engineer | Talent Marketplace,Lago,Remoto,,,https://open.app.jobrapido.com/ar/8438826542183743488/?w=nlp&l=&oc=sponsored&k=web.1.3.5&uuid=arF001a08a6c71c60830&page_item_id=988107770,NLP Engineer,jobrapido,2026-09-10T04:25:58.958337,,,,
2664272493367263232,Data Science Manager,Sony Pictures,Capital Federal,,,https://open.app.jobrapido.com/ar/2664272493367263232/?w=nlp&l=&oc=sponsored&k=web.1.3.6&uuid=arF001a08a6c71c60830&page_item_id=1770436888,NLP Engineer,jobrapido,2026-09-10T04:25:58.958877,,,,
6936676711253671936,Python Backend Engineer - Latin America - Remote,Azumo,Capital Federal,,,https://open.app.jobrapido.com/ar/6936676711253671936/?w=nlp&l=&oc=sponsored&k=web.1.3.8&uuid=arF001a08a6c71c60830&page_item_id=-302184799,NLP Engineer,jobrapido,2026-09-10T04:25:58.959570,,,,
4451615093418885120,Freelance Agent Evaluation Engineer,Mindrift,Córdoba,,,https://open.app.jobrapido.com/ar/4451615093418885120/?w=nlp&l=&oc=sponsored&k=web.1.3.10&uuid=arF001a08a6c71c60830&page_item_id=1766266733,NLP Engineer,jobrapido,2026-09-10T04:25:58.960269,,,,
1302058349117833216,Delivery Lead,Marvik,Capital Federal,,,https://open.app.jobrapido.com/ar/1302058349117833216/?w=nlp&l=&oc=sponsored&k=web.1.3.11&uuid=arF001a08a6c71c60830&page_item_id=-433171079,NLP Engineer,jobrapido,2026-09-10T04:25:58.960755,,,,
1913578730479943680,AI Forward Deployed Engineer,Marvik,Capital Federal,,,https://open.app.jobrapido.com/ar/1913578730479943680/?w=nlp&l=&oc=sponsored&k=web.1.3.12&uuid=arF001a08a6c71c60830&page_item_id=-200511806,NLP Engineer,jobrapido,2026-09-10T04:25:58.961282,,,,
3913593679939371008,Client Technology Software engineering_Assurance Sr. Engineer/Arch 1 - EY Global Delivery Services,EY,Capital Federal,,,https://open.app.jobrapido.com/ar/3913593679939371008/?w=nlp&l=&oc=sponsored&k=web.1.3.13&uuid=arF001a08a6c71c60830&page_item_id=518390733,NLP Engineer,jobrapido,2026-09-10T04:25:58.961771,,,,
2895039643072331776,AI Software Engineer - Remote,Azumo,Capital Federal,,,https://open.app.jobrapido.com/ar/2895039643072331776/?w=nlp&l=&oc=sponsored&k=web.1.3.14&uuid=arF001a08a6c71c60830&page_item_id=-156997419,NLP Engineer,jobrapido,2026-09-10T04:25:58.962264,,,,
9038955656664580096,Business Data Scientist - Marketing (Rosario),Accenture,Rosario,"Jobrapido Publica una oferta Ayuda Empresas Entrar Inscríbete Profesión / Palabras clave Localidad Ofertas de trabajo para Business Data en Rosario Trabajos > Business Data > Rosario Localidad Gran Buenos Aires Capital Federal Córdoba Santa Fé Neuquén Rosario Mendoza Rincón De Los Sauces Gba Sur Mar Del Plata Búsquedas relacionadas Software Software Engineer Python Software Engineer Modelo Management Services Engineer Security Product Engineering Sistemas Product Engineer Vuelve a tus resultados: [[backlinkLabel]] Business Data Scientist - Marketing (Rosario) Rosario - Región Centro Accenture [[upButtonMessage]] other Publicado enwww.kitempleo.com.ar 20 ago 2026 Un perfil orientado a SONG Analytics es un perfil que tiene conocimiento funcional Marketing así como modelos de machine learning orientados a generar valor e insights desde el conocimiento del cliente, tiene que tener pensamiento analítico y conocer los métodos analíticos que usan como medio para resolver distintos casos de uso de negocio, así como capacidad de resolución de problemas. El área de Applied Intelligence orientado a SONG abarca el todo tipo de solución relacionada con el consumidor final, por lo que es necesario que el perfil SONG conozca los conceptos necesarios para brindar una solución orientada a solucionar problemas o simplemente a agregar valor, teniendo en cuenta los requisitos propios de las diferentes propuestas. Es un perfil curioso que busca la causa raíz a problemas y utiliza/propone herramientas analíticas para poder resolverlo a través de distintas técnicas: ML, Segmentación, Optimización, etc. Debe tener conocimiento y entendimiento de las distintas etapas técnicas y funcionales dentro de un proyecto basado en datos: desde adquisición y extracción de los datos desde diferentes fuentes, validación, manipulación, limpieza y transformación de estos para finalmente llegar a la obtención de un modelo de datos que pueda satisfacer las necesidades de cliente. La posterior etapa de validación y demostración de aporte de valor es clave para generar engagement en el cliente. Summary: - Conocimientos funcionales de Marketing. - Capacidad Analítica con el objetivo de brindar insights. - Desarrollo e Implementación de soluciones analíticas performantes. - Ser claro y concreto a la hora de presentar resultados. Funciones del rol A continuación, se presentan algunas de las funciones que un perfil de SONG del equipo BDS se puede encontrar desarrollando en su día a día como parte del staff de un proyecto. - Deberá coordinar la ejecución de actividades dentro de un equipo reducido, asegurarse que las mismas se ejecuten en tiempo y forma. En caso de haber demoras deberá sentirse cómodo para informar los retrasos y generar un plan de contingencias. - Trabajará con expertos de distintos tipos optimización, machine learning, simulación, UX, etc. - Deberá interpretar los requerimientos del cliente, para así poder estimar tiempo y esfuerzo del desarrollo de las tareas. Esta estimación deberá hacerse teniendo en cuenta los datos disponibles, la implicancia del requerimiento a desarrollar sobre el modelo existente y posible efecto sobre el output del modelo. Requerimientos Los skills listados en esta sección constituyen requerimientos necesarios para poder desenvolverse de forma adecuada dentro del equipo y los proyectos en general: Estudios realizados Algunos ejemplos de carreras afines a esta descripción: Ingeniería Industrial, Economía, Administración de Empresas y graduados de otras carreras con Maestrías en Ciencia de Datos, Analytics, y afines. Excluyente: - Experiencia comprobable en algunos de los siguientes modelos: - Customer lifetime value predictivo - Churn - Pricing - Next best offer or Next best action - Customer Segmentation - Propensión de compra, ext. - Dominio de SQL (Intermedio) - Python (Intermedio/Avanzado): - Manejo de librerías para exploración y visualización de datos tales como pandas, numpy, scikit-learn, Matplotlib, Seaborn o Pandas profilling - Modelos de Machine Learning: árbol, Regresión Logística, LGBM, SVM, Red Neuronal, Clusters. - Puede ser una experiencia similar en R Studio, SAS Studio, Java, pySpark. - Conocimientos del proceso de desarrollo de un modelo: entendimiento del problema, modelo conceptual y modelo de datos, tratamiento y limpieza, validación, análisis y explicación de resultados. (Avanzado) - Utilizar A/B testing o técnicas de Machine Learning explainability: SHAP, LIME, dice-ml, etc. (Intermedio). - Inglés (Intermedio/Avanzado). Nice to have: - herramientas de visualización como Tableau/PowerBI - Experiencia utilizando algún proveedor cloud (AWS, GCP, Azure) - Experiencia en NLP, computer vision, recommendation systems. Ok… si llegaste a leer hasta acá, te adelantamos lo que también es necesario que sepas: parte de nuestros grandes incentivos: Pedidos Ya ‍ ️ Prepaga Swiss Medical sin costo para vos y tu grupo familiar primario Reintegro de Conectividad Gimnasio 100% Bonificado Vacaciones Flex Jornada Flex Certificaciones bonificadas Día de cumpleaños libre Bonos Accenture Days Paquete de beneficios flexibles ‍‍‍ Licencias de Paternidad & Maternidad Extendida Ayuda Económica para Guardería y muchos ➕! So… ARE YOU READY TO ROCK? Trabajá desde cualquier parte de la Argentina de forma 100% remota. También ¡tenemos oficinas a disposición en CABA, Córdoba, Mar del Plata y Rosario! EN ACCENTURE, LA IGUALDAD IMPULSA LA INNOVACIÓN ¿Sabías que Accenture fue elegida la compañía más diversa e inclusiva del mundo? Creemos que la fuerza laboral del futuro es una fuerza igualitaria para todos. Todas las decisiones referidas al proceso de selección de empleo se tomarán sin hacer distinción, exclusión o preferencia alguna basada en motivos de raza, color, género, orientación sexual, discapacidad, edad, religión, opinión política o sindical, nacionalidad u origen socioeconómico ni ninguna otra prevista en la legislación vigente, que tengan por efecto anular o alterar la igualdad de oportunidades o de trato entre los candidatos. #LI-LATAM Ver más Ver menos [[downButtonMessage]] LinkedIn Twitter Facebook © 2026 Jobrapido | C.I.F: IT11876271005 Trabajos Empresas Condiciones del Servicio Política de Privacidad Ayuda Contacto",,https://ar.jobrapido.com/jobpreview/9038955656664580096?redirectTo=https%253A%252F%252Fwww.kitempleo.com.ar%252Fempleo%252F52525647%252Fbusiness-data-scientist-marketing-rosario&w=Python&p=4,NLP Engineer,jobrapido,2026-09-10T04:27:23.236107,,,,
9146509265618337792,"Ai Engineer Ii - Marketing Argentina, Remote (Rosario)",Sezzle,Rosario,"Open or close the mobile menu Jobrapido Entrar Inscríbete Publica una oferta Ayuda Empresas Clear job input Profesión / Palabras clave Ofertas de trabajo para Ai Engineer en Rosario ¿Qué trabajo estás buscando? Clear location input Localidad Búsqueda avanzada de empleo Relevancia Fecha [[distance.label]] [[d.text]] Close Localidad Gran Buenos Aires Capital Federal Córdoba Santa Fé Neuquén Rosario Mendoza Rincón De Los Sauces Gba Sur Mar Del Plata Búsquedas relacionadas Software Software Engineer Python Software Engineer Modelo Management Services Engineer Security Product Engineering Sistemas Product Engineer Vuelve a tus resultados: [[backlinkLabel]] Ai Engineer Ii - Marketing Argentina, Remote (Rosario) Rosario - Región Centro Sezzle [[upButtonMessage]] full time www.kitempleo.com.ar 31 ago 2026 The salary range for this role is $3,333 - $6,000 per month (Gross in USD)About SezzleWith a mission to financially empower the next generation, Sezzle is revolutionizing the shopping experience beyond payments, blending cutting‐edge tech with seamless, interest‐free installment plans that make shopping smarter and more accessible. We're not just transforming payments; we're redefining how people discover, interact with, and purchase the things they love while driving real impact on merchant sales through increased conversions and higher order values. As we continue to shape the future of fintech and retail, we're building an innovative, dynamic team passionate about creating more than just a transaction but a truly unique shopping journey.About the RoleWe are seeking an experienced and motivated AI Engineer II who possesses a strong blend of technical skill and business insight. This role offers an exciting opportunity to thrive in a fast‐paced environment, with significant prospects for continued growth and ownership.As a member of the Applied AI team, you will take end‐to‐end ownership of complex platforms and systems that power Sezzle's AI‐driven capabilities. Your work will span initiatives such as building AI‐powered platforms from scratch, developing intelligent automation and orchestration systems, and embedding proprietary AI solutions directly into customer‐facing products, internal tools, and operational workflows.What You'll DoLead the design, development, and ownership of AI‐powered internal platforms and systems, including initiatives built from the ground up with a focus on Marketing.Own end‐to‐end delivery of complex projects, from problem discovery and system design through production rollout and and implement AI‐driven features, intelligent automation, and orchestration systems that enhance customer experiences and compound productivity across teams.Embed AI capabilities into customer‐facing products, internal tools, and operational workflows, ensuring solutions integrate naturally and deliver measurable value.Build full‐stack systems spanning backend services, APIs, data layers, and frontend interfaces.Translate ambiguous business and operational problems into scalable, maintainable, AI‐enabled technical solutions.Apply strong systems thinking to ensure reliability, performance, security, permissions, and auditability across closely with engineers, teams, and stakeholders across the company to identify high‐impact opportunities and drive adoption.Participate in production support and incident response for owned systems, helping define and uphold reliability and operational best practices.Mentor AI team members through code reviews, design feedback, and hands‐on guidance, raising the overall quality bar of the team.What We Look for3–5 years of professional experience in software engineering, AI engineering, platform engineering, or related roles.Hands‐on experience designing, building, and shipping AI‐powered systems into production environments.Strong proficiency in Python, SQL, and frontend frameworks such as React.Proven experience designing and owning production‐grade full‐stack systems.Experience working with distributed systems, internal platforms, or complex data workflows.Ability to operate effectively in ambiguous problem spaces and drive solutions with minimal direction.Preferred QualificationsExperience building AI‐first platforms or internal products from scratch, including early architectural decisions.Strong foundation in core machine learning and data science principles, including supervised/unsupervised learning, feature engineering, model evaluation, and statistical inference.Experience with transformer architectures (BERT, GPT, etc.) and understanding of attention mechanisms, tokenization, and fine‐tuning strategies for domain‐specific developing AI‐assisted or agentic systems that interact with tools, data, or workflows.Familiarity with embeddings and vector representations, including text embeddings, similarity search, and integration with vector databases (Pinecone, Weaviate, pgvector, or similar). Experience with NLP techniques including text classification, named entity recognition, semantic search, and information extraction.Familiarity with cloud‐native development using AWS.Understanding of prompt engineering, retrieval‐augmented generation (RAG), and LLM application with containerized systems and orchestration tools such as Docker and Kubernetes.Exposure to CI/CD pipelines and modern development workflows (e.g., GitLab). Experience with Golang is a plus (or willingness to learn). Experience with Braze or similar consumer‐facing CRM platforms and/or various B2C digital marketing channels like affiliate, CTV, paid social, paid search, GEO/SEO, DSP.About YouYou have relentlessly high standards – you continually raise the bar and drive those around you to deliver great results.You're not bound by convention – you develop new ways to do things.You need action – speed matters; many decisions and actions are reversible and do not need extensive study.You earn trust – you listen attentively, speak candidly, and treat others respectfully.What Makes Working at Sezzle AwesomeAt Sezzle, we are more than just brilliant engineers, passionate data enthusiasts, out‐of‐the‐box thinkers, and determined innovators. We believe in surrounding ourselves with only the best and the brightest individuals. Our culture is defined by the visible example of living in every employee that we hire, rather than a set of perks that merely imitate traditional startup culture.Remote – Full Time #J-*****-Ljbffr Ver más Ver menos [[downButtonMessage]] LinkedIn Twitter Facebook © 2026 Jobrapido | C.I.F: IT11876271005 Trabajos Empresas Condiciones del Servicio Política de Privacidad Ayuda Contacto",,https://ar.jobrapido.com/jobpreview/9146509265618337792?redirectTo=https%253A%252F%252Fwww.kitempleo.com.ar%252Fempleo%252F52944231%252Fai-engineer-ii-marketing-argentina-remote-rosario&w=Python&p=4,NLP Engineer,jobrapido,2026-09-10T04:27:23.236652,,,,
4581381104996450304,Principal NLP Scientist (Esquel),Sourceability,Esquel,"Open or close the mobile menu Jobrapido Entrar Inscríbete Publica una oferta Ayuda Empresas Clear job input Profesión / Palabras clave Ofertas de trabajo para Principal NLP en Esquel ¿Qué trabajo estás buscando? Clear location input Localidad Búsqueda avanzada de empleo Relevancia Fecha [[distance.label]] [[d.text]] Close Localidad Gran Buenos Aires Capital Federal Córdoba Santa Fé Neuquén Rosario Mendoza Rincón De Los Sauces Gba Sur Mar Del Plata Búsquedas relacionadas Software Software Engineer Python Software Engineer Modelo Management Services Engineer Security Product Engineering Sistemas Product Engineer Vuelve a tus resultados: [[backlinkLabel]] Principal NLP Scientist (Esquel) Esquel - Región Patagonia Sourceability [[upButtonMessage]] full time www.kitempleo.com.ar 05 sep 2026 Sourceability® is a general digital distributor of electronic components transforming how modern businesses bring products to market. With innovation, quality and logistics as the backbone of the company, Sourceability's cutting‑edge products and services expedite the procurement process across a wide range of industries, including communications/cellular, consumer electronics, and auto manufacturing. The Principal NLP Scientist is a senior technical leader responsible for designing, researching, and improving advanced Natural Language Processing and Large Language Model capabilities for production business systems. This role combines applied research, hands‑on model development, technical architecture, and practical product impact. The Principal NLP Scientist will lead the design of NLP solutions for named entity recognition, text classification, text generation, semantic search, information extraction, and other language‑driven automation use cases. This is not only a research role. The focus is to take modern NLP and LLM technologies and make them reliable, measurable, maintainable, and useful inside real production workflows. Assigned Product Group - Product Group | NLP / AI Automation - Stream | Software Engineering / AI & Machine Learning - Role Type | Principal-level individual contributor / technical leader The Principal NLP Scientist will work closely with engineers, data engineers, product managers, analysts, and data annotation teams to define, build, evaluate, and continuously improve NLP models and language‑based automation systems. Product Group Focus Areas The NLP product group is responsible for building and improving systems related to: - Named entity recognition and structured data extraction - Text classification and categorization - Text generation and language‑based automation - Large Language Model evaluation, adaptation, and integration - Retrieval‑augmented generation and semantic search - Knowledge graph and GraphRAG‑based approaches f Ver más Ver menos [[downButtonMessage]] LinkedIn Twitter Facebook © 2026 Jobrapido | C.I.F: IT11876271005 Trabajos Empresas Condiciones del Servicio Política de Privacidad Ayuda Contacto",,https://ar.jobrapido.com/jobpreview/4581381104996450304?redirectTo=https%253A%252F%252Fwww.kitempleo.com.ar%252Fempleo%252F53190501%252Fprincipal-nlp-scientist-esquel&w=Python&p=4,NLP Engineer,jobrapido,2026-09-10T04:27:23.237145,,,,
3998711273092022272,Principal NLP Scientist (Trelew),Sourceability,Trelew,"Jobrapido Publica una oferta Ayuda Empresas Entrar Inscríbete Profesión / Palabras clave Localidad Ofertas de trabajo para Principal NLP en Trelew Trabajos > Principal NLP > Trelew Localidad Gran Buenos Aires Capital Federal Córdoba Santa Fé Neuquén Rosario Mendoza Rincón De Los Sauces Gba Sur Mar Del Plata Búsquedas relacionadas Software Software Engineer Python Software Engineer Modelo Management Services Engineer Security Product Engineering Sistemas Product Engineer Vuelve a tus resultados: [[backlinkLabel]] Principal NLP Scientist (Trelew) Trelew - Región Patagonia Sourceability [[upButtonMessage]] full time Publicado enwww.kitempleo.com.ar 08 sep 2026 Sourceability® is a general digital distributor of electronic components transforming how modern businesses bring products to market. With innovation, quality and logistics as the backbone of the company, Sourceability's cutting‑edge products and services expedite the procurement process across a wide range of industries, including communications/cellular, consumer electronics, and auto manufacturing. The Principal NLP Scientist is a senior technical leader responsible for designing, researching, and improving advanced Natural Language Processing and Large Language Model capabilities for production business systems. This role combines applied research, hands‑on model development, technical architecture, and practical product impact. The Principal NLP Scientist will lead the design of NLP solutions for named entity recognition, text classification, text generation, semantic search, information extraction, and other language‑driven automation use cases. This is not only a research role. The focus is to take modern NLP and LLM technologies and make them reliable, measurable, maintainable, and useful inside real production workflows. Assigned Product Group - Product Group | NLP / AI Automation - Stream | Software Engineering / AI & Machine Learning - Role Type | Principal-level individual contributor / technical leader The Principal NLP Scientist will work closely with engineers, data engineers, product managers, analysts, and data annotation teams to define, build, evaluate, and continuously improve NLP models and language‑based automation systems. Product Group Focus Areas The NLP product group is responsible for building and improving systems related to: - Named entity recognition and structured data extraction - Text classification and categorization - Text generation and language‑based automation - Large Language Model evaluation, adaptation, and integration - Retrieval‑augmented generation and semantic search - Knowledge graph and GraphRAG‑based approaches for connecting structured business data, unstructured text, and entity relationships in AI assistant workflows - Data preparation, annotation strategy, and labeling quality - Model evaluation, monitoring, and production performance - Applied NLP research and prototype development - Integration of NLP models into internal business applications Insight on Your Impact In this role, you will influence how the company uses modern NLP and LLM technologies across internal platforms and operational workflows. You will define technical direction for NLP systems, evaluate new approaches, design experiments, create prototypes, and help move successful models into production. Your work will directly affect automation quality, data processing accuracy, operational efficiency, and the long‑term AI capabilities of the company. The role requires strong scientific depth, but also practical engineering judgment. The right candidate should be able to read research papers, understand model architecture, design measurable experiments, and also work with engineers to make sure the final solution can run reliably in production. Your Qualifications, Your Influence To be successful in this role, you should have: - PhD in Computer Science, Machine Learning, Artificial Intelligence, Computational Linguistics, Applied Mathematics, Data Science, or a closely related technical field - 8+ years of professional experience in machine learning, artificial intelligence, or NLP - 5+ years of hands‑on experience building NLP models for production or near‑production systems - Deep understanding of modern neural network architectures, including RNN, CNN, Transformer‑based architectures, attention mechanisms, embeddings, fine‑tuning strategies, layers, modules, and loss functions - Strong practical experience with NLP tasks such as NER, classification, text generation, semantic similarity, information extraction, and document understanding - Strong experience with Large Language Models, including model evaluation, prompt design, fine‑tuning, retrieval‑augmented generation, and safe production usage - Practical understanding of RAG, GraphRAG, knowledge graphs, embeddings, and hybrid retrieval approaches for production LLM applications - Strong hands‑on experience with Python - Strong experience with PyTorch and Hugging Face Transformers - Experience with ONNX or other model optimization / model serving formats - Strong understanding of data preparation, data quality, labeling workflows, annotation guidelines, and model evaluation metrics - Practical experience with main data analysis and machine learning libraries, including Pandas, NumPy, SciPy, scikit‑learn, and Matplotlib - Experience working with SQL databases and structured business data - Experience with cloud platforms such as Microsoft Azure or AWS - Ability to design experiments, define success metrics, compare model approaches, and explain trade‑offs clearly - Strong written and verbal English communication skills - Experience working in Agile engineering environments - Ability to provide technical leadership without requiring formal people management authority Preferred Skills and Technical Familiarity The following experience will be helpful: - Experience leading NLP or AI research initiatives in a commercial production environment - Experience with multilingual NLP systems - Experience with vector databases, embeddings, semantic search, and RAG architectures - Experience with knowledge graph concepts, including entity and relationship modeling, graph schema design, traversal queries, and LLM integration with graph databases such as Neo4j, FalkorDB, or similar technologies - Experience with model serving, monitoring, drift detection, and production ML observability - Experience with Docker and containerized ML workloads - Experience with MLOps practices and CI/CD for machine learning systems - Experience working with data annotation teams and creating annotation instructions - Experience with .NET / C#, ASP.NET Core, or integration of ML services into enterprise software platforms - Experience building prototypes, demos, and proof‑of‑concept applications for new AI capabilities - Publications, patents, or recognized technical contributions in NLP, machine learning, or applied AI are a plus Success in the First 90 Days - Understand the current NLP and AI automation landscape inside the company - Review existing models, datasets, annotation processes, and production use cases - Identify the highest‑impact opportunities for NLP and LLM improvements - Define practical evaluation metrics for current and future NLP models - Create a technical roadmap for improving NER, classification, generation, and information extraction capabilities - Propose clear standards for data labeling quality, model validation, and production readiness - Deliver at least one meaningful prototype or improvement proposal with measurable business value - Establish strong working relationships with engineering, product, data, and operations stakeholders What This Role Does Not Own This role does not own general IT infrastructure, end‑user support, business operations, or manual data entry processes. The Principal NLP Scientist is also not the sole owner of product priorities or business requirements. Product management owns business prioritization, backlog structure, and stakeholder alignment. This role owns the scientific and technical direction for NLP and LLM capabilities and provides expert guidance on what is technically possible, reliable, and production‑ready. EQUAL OPPORTUNITY EMPLOYER It is our policy to abide by all federal, state and local laws prohibiting employment discrimination based on a person's race, color, religious creed, sex, national origin, ancestry, citizenship status, pregnancy, childbirth, physical disability, mental and/or intellectual disability, age, military status, veteran status (including protected veterans), marital status, registered domestic partner or civil union status, familial status, gender (including sex stereotyping and gender identity or expression), medical condition (including, but not limited to, cancer related or HIV/AIDS related), genetic information, sexual orientation, or any other protected status. Ver más Ver menos [[downButtonMessage]] LinkedIn Twitter Facebook © 2026 Jobrapido | C.I.F: IT11876271005 Trabajos Empresas Condiciones del Servicio Política de Privacidad Ayuda Contacto",,https://ar.jobrapido.com/jobpreview/3998711273092022272?redirectTo=https%253A%252F%252Fwww.kitempleo.com.ar%252Fempleo%252F53381018%252Fprincipal-nlp-scientist-trelew&w=Python&p=4,NLP Engineer,jobrapido,2026-09-10T04:27:23.237620,,,,
3698465640030404608,Principal Nlp Scientist (Chubut),Sourceability,Chubut,"Jobrapido Publica una oferta Ayuda Empresas Entrar Inscríbete Profesión / Palabras clave Localidad Ofertas de trabajo para Principal Nlp en Chubut Trabajos > Principal Nlp > Chubut Localidad Gran Buenos Aires Capital Federal Córdoba Santa Fé Neuquén Rosario Mendoza Rincón De Los Sauces Gba Sur Mar Del Plata Búsquedas relacionadas Software Software Engineer Python Software Engineer Modelo Management Services Engineer Security Product Engineering Sistemas Product Engineer Vuelve a tus resultados: [[backlinkLabel]] Principal Nlp Scientist (Chubut) Chubut - Región Patagonia Sourceability [[upButtonMessage]] full time Publicado enwww.kitempleo.com.ar 22 ago 2026 Sourceability® is a integral digital distributor of electronic components transforming how modern businesses bring products to market. With innovation, quality and logistics as the backbone of the company, Sourceability's cutting‐edge products and services expedite the procurement process across a wide range of industries, including communications/cellular, consumer electronics, and auto manufacturing. The Principal NLP Scientist is a senior technical leader responsible for designing, researching, and improving advanced Natural Language Processing and Large Language Model capabilities for production business systems. This role combines applied research, hands‐on model development, technical architecture, and practical product impact. The Principal NLP Scientist will lead the design of NLP solutions for named entity recognition, text classification, text generation, semantic search, information extraction, and other language‐driven automation use cases. This is not only a research role. The focus is to take modern NLP and LLM technologies and make them reliable, measurable, maintainable, and useful inside real production workflows. Assigned Product Group Product Group | NLP / AI Automation Stream | Software Engineering / AI & Machine Learning Role Type | Principal-level individual contributor / technical leader The Principal NLP Scientist will work closely with engineers, data engineers, product managers, analysts, and data annotation teams to define, build, evaluate, and continuously improve NLP models and language‐based automation systems. Product Group Focus Areas The NLP product group is responsible for building and improving systems related to: Named entity recognition and structured data extraction Text classification and categorization Text generation and language‐based automation Large Language Model evaluation, adaptation, and integration Retrieval‐augmented generation and semantic search Knowledge graph and GraphRAG‐based approaches for connecting structured business data, unstructured text, and entity relationships in AI assistant workflows Data preparation, annotation strategy, and labeling quality Model evaluation, monitoring, and production performance Applied NLP research and prototype development Integration of NLP models into internal business applications Insight on Your Impact In this role, you will influence how the company uses modern NLP and LLM technologies across internal platforms and operational workflows. You will define technical direction for NLP systems, evaluate new approaches, design experiments, create prototypes, and help move successful models into production. Your work will directly affect automation quality, data processing accuracy, operational efficiency, and the long‐term AI capabilities of the company. The role requires strong scientific depth, but also practical engineering judgment. The right candidate should be able to read research papers, understand model architecture, design measurable experiments, and also work with engineers to make sure the final solution can run reliably in production. Your Qualifications, Your Influence To be successful in this role, you should have: PhD in Computer Science, Machine Learning, Artificial Intelligence, Computational Linguistics, Applied Mathematics, Data Science, or a closely related technical field 8+ years of professional experience in machine learning, artificial intelligence, or NLP 5+ years of hands‐on experience building NLP models for production or near‐production systems Deep understanding of modern neural network architectures, including RNN, CNN, Transformer‐based architectures, attention mechanisms, embeddings, fine‐tuning strategies, layers, modules, and loss functions Strong practical experience with NLP tasks such as NER, classification, text generation, semantic similarity, information extraction, and document understanding Strong experience with Large Language Models, including model evaluation, prompt design, fine‐tuning, retrieval‐augmented generation, and safe production usage Practical understanding of RAG, GraphRAG, knowledge graphs, embeddings, and hybrid retrieval approaches for production LLM applications Strong hands‐on experience with Python Strong experience with PyTorch and Hugging Face Transformers Experience with ONNX or other model optimization / model serving formats Strong understanding of data preparation, data quality, labeling workflows, annotation guidelines, and model evaluation metrics Practical experience with main data analysis and machine learning libraries, including Pandas, NumPy, SciPy, scikit‐learn, and Matplotlib Experience working with SQL databases and structured business data Experience with cloud platforms such as Microsoft Azure or AWS Ability to design experiments, define success metrics, compare model approaches, and explain trade‐offs clearly Strong written and verbal English communication skills Experience working in Agile engineering environments Ability to provide technical leadership without requiring formal people management authority Preferred Skills and Technical Familiarity The following experience will be helpful: Experience leading NLP or AI research initiatives in a commercial production environment Experience with multilingual NLP systems Experience with vector databases, embeddings, semantic search, and RAG architectures Experience with knowledge graph concepts, including entity and relationship modeling, graph schema design, traversal queries, and LLM integration with graph databases such as Neo4j, FalkorDB, or similar technologies Experience with model serving, monitoring, drift detection, and production ML observability Experience with Docker and containerized ML workloads Experience with MLOps practices and CI/CD for machine learning systems Experience working with data annotation teams and creating annotation instructions Experience with . NET / C#, ASP.NET Core, or integration of ML services into enterprise software platforms Experience building prototypes, demos, and proof‐of‐concept applications for new AI capabilities Publications, patents, or recognized technical contributions in NLP, machine learning, or applied AI are a plus Success in the First 90 Days Understand the current NLP and AI automation landscape inside the company Review existing models, datasets, annotation processes, and production use cases Identify the highest‐impact opportunities for NLP and LLM improvements Define practical evaluation metrics for current and future NLP models Create a technical roadmap for improving NER, classification, generation, and information extraction capabilities Propose clear standards for data labeling quality, model validation, and production readiness Deliver at least one meaningful prototype or improvement proposal with measurable business value Establish strong working relationships with engineering, product, data, and operations stakeholders What This Role Does Not Own This role does not own general IT infrastructure, end‐user support, business operations, or manual data entry processes. The Principal NLP Scientist is also not the sole owner of product priorities or business requirements. Product management owns business prioritization, backlog structure, and stakeholder alignment. This role owns the scientific and technical direction for NLP and LLM capabilities and provides expert guidance on what is technically possible, reliable, and production‐ready. EQUAL OPPORTUNITY EMPLOYER It is our policy to abide by all federal, state and local laws prohibiting employment discrimination based on a person's race, color, religious creed, sex, national origin, ancestry, citizenship status, pregnancy, childbirth, physical disability, mental and/or intellectual disability, age, military status, veteran status (including protected veterans), marital status, registered domestic partner or civil union status, familial status, gender (including sex stereotyping and gender identity or expression), medical condition (including, but not limited to, cancer related or HIV/AIDS related), genetic information, sexual orientation, or any other protected status. #J-*****-Ljbffr Ver más Ver menos [[downButtonMessage]] LinkedIn Twitter Facebook © 2026 Jobrapido | C.I.F: IT11876271005 Trabajos Empresas Condiciones del Servicio Política de Privacidad Ayuda Contacto",,https://ar.jobrapido.com/jobpreview/3698465640030404608?redirectTo=https%253A%252F%252Fwww.kitempleo.com.ar%252Fempleo%252F52643527%252Fprincipal-nlp-scientist-chubut&w=Python&p=4,NLP Engineer,jobrapido,2026-09-10T04:27:23.238102,,,,
4013879448314052608,Principal Nlp Scientist (Buenos Aires),Sourceability,Capital Federal,"Open or close the mobile menu Jobrapido Entrar Inscríbete Publica una oferta Ayuda Empresas Clear job input Profesión / Palabras clave Ofertas de trabajo para Principal Nlp en Departamento Federal ¿Qué trabajo estás buscando? Clear location input Localidad Búsqueda avanzada de empleo Relevancia Fecha [[distance.label]] [[d.text]] Close Localidad Gran Buenos Aires Capital Federal Córdoba Santa Fé Neuquén Rosario Mendoza Rincón De Los Sauces Gba Sur Mar Del Plata Búsquedas relacionadas Software Software Engineer Python Software Engineer Modelo Management Services Engineer Security Product Engineering Sistemas Product Engineer Vuelve a tus resultados: [[backlinkLabel]] Principal Nlp Scientist (Buenos Aires) Capital Federal - Provincia De Buenos Aires Sourceability [[upButtonMessage]] full time www.kitempleo.com.ar 24 ago 2026 Sourceability® is a general digital distributor of electronic components transforming how modern businesses bring products to market. With innovation, quality and logistics as the backbone of the company, Sourceability's cutting-edge products and services expedite the procurement process across a wide range of industries, including communications/cellular, consumer electronics, and auto manufacturing.The Principal NLP Scientist is a senior technical leader responsible for designing, researching, and improving advanced Natural Language Processing and Large Language Model capabilities for production business systems.This role combines applied research, hands‐on model development, technical architecture, and practical product impact. The Principal NLP Scientist will lead the design of NLP solutions for named entity recognition, text classification, text generation, semantic search, information extraction, and other language‐driven automation use cases.This is not only a research role. The focus is to take modern NLP and LLM technologies and make them reliable, measurable, maintainable, and useful inside real production workflows.Assigned Product GroupProduct Group | NLP / AI AutomationStream | Software Engineering / AI & Machine LearningRole Type | Principal-level individual contributor / technical leaderThe Principal NLP Scientist will work closely with software engineers, data engineers, product managers, analysts, and data annotation teams to define, build, evaluate, and continuously improve NLP models and language‐based automation systems.Product Group Focus AreasNamed entity recognition and structured data extractionText classification and categorizationText generation and language‐based automationLarge Language Model evaluation, adaptation, and integrationRetrieval‐augmented generation and semantic searchKnowledge graph and GraphRAG‐based approaches for connecting structured business data, unstructured text, and entity relationships in AI assistant workflowsData preparation, annotation strategy, and labeling qualityModel evaluation, monitoring, and production performanceApplied NLP research and prototype developmentIntegration of NLP models into internal business applicationsInsight on Your ImpactIn this role, you will influence how the company uses modern NLP and LLM technologies across internal platforms and operational workflows.You will define technical direction for NLP systems, evaluate new approaches, design experiments, create prototypes, and help move successful models into production. Your work will directly affect automation quality, data processing accuracy, operational efficiency, and the long‐term AI capabilities of the company.The role requires strong scientific depth, but also practical engineering judgment. The right candidate should be able to read research papers, understand model architecture, design measurable experiments, and also work with engineers to make sure the final solution can run reliably in production.Your Qualifications, Your InfluencePhD in Computer Science, Machine Learning, Artificial Intelligence, Computational Linguistics, Applied Mathematics, Data Science, or a closely related technical field8+ years of professional experience in machine learning, artificial intelligence, or NLP5+ years of hands‐on experience building NLP models for production or near‐production systemsDeep understanding of modern neural network architectures, including RNN, CNN, Transformer‐based architectures, attention mechanisms, embeddings, fine‐tuning strategies, layers, modules, and loss functionsStrong practical experience with NLP tasks such as NER, classification, text generation, semantic similarity, information extraction, and document understandingStrong experience with Large Language Models, including model evaluation, prompt design, fine‐tuning, retrieval‐augmented generation, and safe production usagePractical understanding of RAG, GraphRAG, knowledge graphs, embeddings, and hybrid retrieval approaches for production LLM applicationsStrong hands‐on experience with PythonStrong experience with PyTorch and Hugging Face TransformersExperience with ONNX or other model optimization / model serving formatsStrong understanding of data preparation, data quality, labeling workflows, annotation guidelines, and model evaluation metricsPractical experience with main data analysis and machine learning libraries, including Pandas, NumPy, SciPy, scikit‐learn, and MatplotlibExperience working with SQL databases and structured business dataExperience with cloud platforms such as Microsoft Azure or AWSAbility to design experiments, define success metrics, compare model approaches, and explain trade‐offs clearlyStrong written and verbal English communication skillsExperience working in Agile engineering environmentsAbility to provide technical leadership without requiring formal people management authorityPreferred Skills and Technical FamiliarityExperience leading NLP or AI research initiatives in a commercial production environmentExperience with multilingual NLP systemsExperience with vector databases, embeddings, semantic search, and RAG architecturesExperience with knowledge graph concepts, including entity and relationship modeling, graph schema design, traversal queries, and LLM integration with graph databases such as Neo4j, FalkorDB, or similar technologiesExperience with model serving, monitoring, drift detection, and production ML observabilityExperience with Docker and containerized ML workloadsExperience with MLOps practices and CI/CD for machine learning systemsExperience working with data annotation teams and creating annotation instructionsExperience with . NET / C#, ASP.NET Core, or integration of ML services into enterprise software platformsExperience building prototypes, demos, and proof‐of‐concept applications for new AI capabilitiesPublications, patents, or recognized technical contributions in NLP, machine learning, or applied AI are a plusSuccess in the First 90 DaysUnderstand the current NLP and AI automation landscape inside the companyReview existing models, datasets, annotation processes, and production use casesIdentify the highest‐impact opportunities for NLP and LLM improvementsDefine practical evaluation metrics for current and future NLP modelsCreate a technical roadmap for improving NER, classification, generation, and information extraction capabilitiesPropose clear standards for data labeling quality, model validation, and production readinessDeliver at least one meaningful prototype or improvement proposal with measurable business valueEstablish strong working relationships with engineering, product, data, and operations stakeholdersWhat This Role Does Not OwnThis role does not own general IT infrastructure, end‐user support, business operations, or manual data entry processes.The Principal NLP Scientist is also not the sole owner of product priorities or business requirements. Product management owns business prioritization, backlog structure, and stakeholder alignment. This role owns the scientific and technical direction for NLP and LLM capabilities and provides expert guidance on what is technically possible, reliable, and production‐ready.EQUAL OPPORTUNITY EMPLOYER.It is our policy to abide by all federal, state and local laws prohibiting employment discrimination based on a person's race, color, religious creed, sex, national origin, ancestry, citizenship status, pregnancy, childbirth, physical disability, mental and/or intellectual disability, age, military status, veteran status (including protected veterans), marital status, registered domestic partner or civil union status, familial status, gender (including sex stereotyping and gender identity or expression), medical condition (including, but not limited to, cancer related or HIV/AIDS related), genetic information, sexual orientation, or any other protected status. #J-*****-Ljbffr Ver más Ver menos [[downButtonMessage]] LinkedIn Twitter Facebook © 2026 Jobrapido | C.I.F: IT11876271005 Trabajos Empresas Condiciones del Servicio Política de Privacidad Ayuda Contacto",,https://ar.jobrapido.com/jobpreview/4013879448314052608?redirectTo=https%253A%252F%252Fwww.kitempleo.com.ar%252Fempleo%252F52709835%252Fprincipal-nlp-scientist-buenos-aires&w=Python&p=4,NLP Engineer,jobrapido,2026-09-10T04:27:23.238575,,,,
5728093530002292736,Principal NLP Scientist (Comodoro Rivadavia),Sourceability,Comodoro Rivadavia,"Open or close the mobile menu Jobrapido Entrar Inscríbete Publica una oferta Ayuda Empresas Clear job input Profesión / Palabras clave Ofertas de trabajo para Principal NLP en Comodoro Rivadavia ¿Qué trabajo estás buscando? Clear location input Localidad Búsqueda avanzada de empleo Relevancia Fecha [[distance.label]] [[d.text]] Close Localidad Gran Buenos Aires Capital Federal Córdoba Santa Fé Neuquén Rosario Mendoza Rincón De Los Sauces Gba Sur Mar Del Plata Búsquedas relacionadas Software Software Engineer Python Software Engineer Modelo Management Services Engineer Security Product Engineering Sistemas Product Engineer Vuelve a tus resultados: [[backlinkLabel]] Principal NLP Scientist (Comodoro Rivadavia) Comodoro Rivadavia - Región Patagonia Sourceability [[upButtonMessage]] full time www.kitempleo.com.ar 08 sep 2026 Sourceability® is a general digital distributor of electronic components transforming how modern businesses bring products to market. With innovation, quality and logistics as the backbone of the company, Sourceability's cutting‑edge products and services expedite the procurement process across a wide range of industries, including communications/cellular, consumer electronics, and auto manufacturing. The Principal NLP Scientist is a senior technical leader responsible for designing, researching, and improving advanced Natural Language Processing and Large Language Model capabilities for production business systems. This role combines applied research, hands‑on model development, technical architecture, and practical product impact. The Principal NLP Scientist will lead the design of NLP solutions for named entity recognition, text classification, text generation, semantic search, information extraction, and other language‑driven automation use cases. This is not only a research role. The focus is to take modern NLP and LLM technologies and make them reliable, measurable, maintainable, and useful inside real production workflows. Assigned Product Group - Product Group | NLP / AI Automation - Stream | Software Engineering / AI & Machine Learning - Role Type | Principal-level individual contributor / technical leader The Principal NLP Scientist will work closely with engineers, data engineers, product managers, analysts, and data annotation teams to define, build, evaluate, and continuously improve NLP models and language‑based automation systems. Product Group Focus Areas The NLP product group is responsible for building and improving systems related to: - Named entity recognition and structured data extraction - Text classification and categorization - Text generation and language‑based automation - Large Language Model evaluation, adaptation, and integration - Retrieval‑augmented generation and semantic search - Knowledge graph and GraphRAG‑based approaches for connecting structured business data, unstructured text, and entity relationships in AI assistant workflows - Data preparation, annotation strategy, and labeling quality - Model evaluation, monitoring, and production performance - Applied NLP research and prototype development - Integration of NLP models into internal business applications Insight on Your Impact In this role, you will influence how the company uses modern NLP and LLM technologies across internal platforms and operational workflows. You will define technical direction for NLP systems, evaluate new approaches, design experiments, create prototypes, and help move successful models into production. Your work will directly affect automation quality, data processing accuracy, operational efficiency, and the long‑term AI capabilities of the company. The role requires strong scientific depth, but also practical engineering judgment. The right candidate should be able to read research papers, understand model architecture, design measurable experiments, and also work with engineers to make sure the final solution can run reliably in production. Your Qualifications, Your Influence To be successful in this role, you should have: - PhD in Computer Science, Machine Learning, Artificial Intelligence, Computational Linguistics, Applied Mathematics, Data Science, or a closely related technical field - 8+ years of professional experience in machine learning, artificial intelligence, or NLP - 5+ years of hands‑on experience building NLP models for production or near‑production systems - Deep understanding of modern neural network architectures, including RNN, CNN, Transformer‑based architectures, attention mechanisms, embeddings, fine‑tuning strategies, layers, modules, and loss functions - Strong practical experience with NLP tasks such as NER, classification, text generation, semantic similarity, information extraction, and document understanding - Strong experience with Large Language Models, including model evaluation, prompt design, fine‑tuning, retrieval‑augmented generation, and safe production usage - Practical understanding of RAG, GraphRAG, knowledge graphs, embeddings, and hybrid retrieval approaches for production LLM applications - Strong hands‑on experience with Python - Strong experience with PyTorch and Hugging Face Transformers - Experience with ONNX or other model optimization / model serving formats - Strong understanding of data preparation, data quality, labeling workflows, annotation guidelines, and model evaluation metrics - Practical experience with main data analysis and machine learning libraries, including Pandas, NumPy, SciPy, scikit‑learn, and Matplotlib - Experience working with SQL databases and structured business data - Experience with cloud platforms such as Microsoft Azure or AWS - Ability to design experiments, define success metrics, compare model approaches, and explain trade‑offs clearly - Strong written and verbal English communication skills - Experience working in Agile engineering environments - Ability to provide technical leadership without requiring formal people management authority Preferred Skills and Technical Familiarity The following experience will be helpful: - Experience leading NLP or AI research initiatives in a commercial production environment - Experience with multilingual NLP systems - Experience with vector databases, embeddings, semantic search, and RAG architectures - Experience with knowledge graph concepts, including entity and relationship modeling, graph schema design, traversal queries, and LLM integration with graph databases such as Neo4j, FalkorDB, or similar technologies - Experience with model serving, monitoring, drift detection, and production ML observability - Experience with Docker and containerized ML workloads - Experience with MLOps practices and CI/CD for machine learning systems - Experience working with data annotation teams and creating annotation instructions - Experience with .NET / C#, ASP.NET Core, or integration of ML services into enterprise software platforms - Experience building prototypes, demos, and proof‑of‑concept applications for new AI capabilities - Publications, patents, or recognized technical contributions in NLP, machine learning, or applied AI are a plus Success in the First 90 Days - Understand the current NLP and AI automation landscape inside the company - Review existing models, datasets, annotation processes, and production use cases - Identify the highest‑impact opportunities for NLP and LLM improvements - Define practical evaluation metrics for current and future NLP models - Create a technical roadmap for improving NER, classification, generation, and information extraction capabilities - Propose clear standards for data labeling quality, model validation, and production readiness - Deliver at least one meaningful prototype or improvement proposal with measurable business value - Establish strong working relationships with engineering, product, data, and operations stakeholders What This Role Does Not Own This role does not own general IT infrastructure, end‑user support, business operations, or manual data entry processes. The Principal NLP Scientist is also not the sole owner of product priorities or business requirements. Product management owns business prioritization, backlog structure, and stakeholder alignment. This role owns the scientific and technical direction for NLP and LLM capabilities and provides expert guidance on what is technically possible, reliable, and production‑ready. EQUAL OPPORTUNITY EMPLOYER It is our policy to abide by all federal, state and local laws prohibiting employment discrimination based on a person's race, color, religious creed, sex, national origin, ancestry, citizenship status, pregnancy, childbirth, physical disability, mental and/or intellectual disability, age, military status, veteran status (including protected veterans), marital status, registered domestic partner or civil union status, familial status, gender (including sex stereotyping and gender identity or expression), medical condition (including, but not limited to, cancer related or HIV/AIDS related), genetic information, sexual orientation, or any other protected status. Ver más Ver menos [[downButtonMessage]] LinkedIn Twitter Facebook © 2026 Jobrapido | C.I.F: IT11876271005 Trabajos Empresas Condiciones del Servicio Política de Privacidad Ayuda Contacto",,https://ar.jobrapido.com/jobpreview/5728093530002292736?redirectTo=https%253A%252F%252Fwww.kitempleo.com.ar%252Fempleo%252F53381026%252Fprincipal-nlp-scientist-comodoro-rivadavia&w=Python&p=4,NLP Engineer,jobrapido,2026-09-10T04:27:23.239061,,,,
3347237439495208960,Principal NLP Scientist (Puerto Madryn),Sourceability,Puerto Madryn,"Open or close the mobile menu Jobrapido Entrar Inscríbete Publica una oferta Ayuda Empresas Clear job input Profesión / Palabras clave Ofertas de trabajo para Principal NLP en Puerto Madryn ¿Qué trabajo estás buscando? Clear location input Localidad Búsqueda avanzada de empleo Relevancia Fecha [[distance.label]] [[d.text]] Close Localidad Gran Buenos Aires Capital Federal Córdoba Santa Fé Neuquén Rosario Mendoza Rincón De Los Sauces Gba Sur Mar Del Plata Búsquedas relacionadas Software Software Engineer Python Software Engineer Modelo Management Services Engineer Security Product Engineering Sistemas Product Engineer Vuelve a tus resultados: [[backlinkLabel]] Principal NLP Scientist (Puerto Madryn) Puerto Madryn - Región Patagonia Sourceability [[upButtonMessage]] full time www.kitempleo.com.ar 08 sep 2026 Sourceability® is a general digital distributor of electronic components transforming how modern businesses bring products to market. With innovation, quality and logistics as the backbone of the company, Sourceability's cutting‑edge products and services expedite the procurement process across a wide range of industries, including communications/cellular, consumer electronics, and auto manufacturing. The Principal NLP Scientist is a senior technical leader responsible for designing, researching, and improving advanced Natural Language Processing and Large Language Model capabilities for production business systems. This role combines applied research, hands‑on model development, technical architecture, and practical product impact. The Principal NLP Scientist will lead the design of NLP solutions for named entity recognition, text classification, text generation, semantic search, information extraction, and other language‑driven automation use cases. This is not only a research role. The focus is to take modern NLP and LLM technologies and make them reliable, measurable, maintainable, and useful inside real production workflows. Assigned Product Group - Product Group | NLP / AI Automation - Stream | Software Engineering / AI & Machine Learning - Role Type | Principal-level individual contributor / technical leader The Principal NLP Scientist will work closely with engineers, data engineers, product managers, analysts, and data annotation teams to define, build, evaluate, and continuously improve NLP models and language‑based automation systems. Product Group Focus Areas The NLP product group is responsible for building and improving systems related to: - Named entity recognition and structured data extraction - Text classification and categorization - Text generation and language‑based automation - Large Language Model evaluation, adaptation, and integration - Retrieval‑augmented generation and semantic search - Knowledge graph and GraphRAG‑based approaches for connecting structured business data, unstructured text, and entity relationships in AI assistant workflows - Data preparation, annotation strategy, and labeling quality - Model evaluation, monitoring, and production performance - Applied NLP research and prototype development - Integration of NLP models into internal business applications Insight on Your Impact In this role, you will influence how the company uses modern NLP and LLM technologies across internal platforms and operational workflows. You will define technical direction for NLP systems, evaluate new approaches, design experiments, create prototypes, and help move successful models into production. Your work will directly affect automation quality, data processing accuracy, operational efficiency, and the long‑term AI capabilities of the company. The role requires strong scientific depth, but also practical engineering judgment. The right candidate should be able to read research papers, understand model architecture, design measurable experiments, and also work with engineers to make sure the final solution can run reliably in production. Your Qualifications, Your Influence To be successful in this role, you should have: - PhD in Computer Science, Machine Learning, Artificial Intelligence, Computational Linguistics, Applied Mathematics, Data Science, or a closely related technical field - 8+ years of professional experience in machine learning, artificial intelligence, or NLP - 5+ years of hands‑on experience building NLP models for production or near‑production systems - Deep understanding of modern neural network architectures, including RNN, CNN, Transformer‑based architectures, attention mechanisms, embeddings, fine‑tuning strategies, layers, modules, and loss functions - Strong practical experience with NLP tasks such as NER, classification, text generation, semantic similarity, information extraction, and document understanding - Strong experience with Large Language Models, including model evaluation, prompt design, fine‑tuning, retrieval‑augmented generation, and safe production usage - Practical understanding of RAG, GraphRAG, knowledge graphs, embeddings, and hybrid retrieval approaches for production LLM applications - Strong hands‑on experience with Python - Strong experience with PyTorch and Hugging Face Transformers - Experience with ONNX or other model optimization / model serving formats - Strong understanding of data preparation, data quality, labeling workflows, annotation guidelines, and model evaluation metrics - Practical experience with main data analysis and machine learning libraries, including Pandas, NumPy, SciPy, scikit‑learn, and Matplotlib - Experience working with SQL databases and structured business data - Experience with cloud platforms such as Microsoft Azure or AWS - Ability to design experiments, define success metrics, compare model approaches, and explain trade‑offs clearly - Strong written and verbal English communication skills - Experience working in Agile engineering environments - Ability to provide technical leadership without requiring formal people management authority Preferred Skills and Technical Familiarity The following experience will be helpful: - Experience leading NLP or AI research initiatives in a commercial production environment - Experience with multilingual NLP systems - Experience with vector databases, embeddings, semantic search, and RAG architectures - Experience with knowledge graph concepts, including entity and relationship modeling, graph schema design, traversal queries, and LLM integration with graph databases such as Neo4j, FalkorDB, or similar technologies - Experience with model serving, monitoring, drift detection, and production ML observability - Experience with Docker and containerized ML workloads - Experience with MLOps practices and CI/CD for machine learning systems - Experience working with data annotation teams and creating annotation instructions - Experience with .NET / C#, ASP.NET Core, or integration of ML services into enterprise software platforms - Experience building prototypes, demos, and proof‑of‑concept applications for new AI capabilities - Publications, patents, or recognized technical contributions in NLP, machine learning, or applied AI are a plus Success in the First 90 Days - Understand the current NLP and AI automation landscape inside the company - Review existing models, datasets, annotation processes, and production use cases - Identify the highest‑impact opportunities for NLP and LLM improvements - Define practical evaluation metrics for current and future NLP models - Create a technical roadmap for improving NER, classification, generation, and information extraction capabilities - Propose clear standards for data labeling quality, model validation, and production readiness - Deliver at least one meaningful prototype or improvement proposal with measurable business value - Establish strong working relationships with engineering, product, data, and operations stakeholders What This Role Does Not Own This role does not own general IT infrastructure, end‑user support, business operations, or manual data entry processes. The Principal NLP Scientist is also not the sole owner of product priorities or business requirements. Product management owns business prioritization, backlog structure, and stakeholder alignment. This role owns the scientific and technical direction for NLP and LLM capabilities and provides expert guidance on what is technically possible, reliable, and production‑ready. EQUAL OPPORTUNITY EMPLOYER It is our policy to abide by all federal, state and local laws prohibiting employment discrimination based on a person's race, color, religious creed, sex, national origin, ancestry, citizenship status, pregnancy, childbirth, physical disability, mental and/or intellectual disability, age, military status, veteran status (including protected veterans), marital status, registered domestic partner or civil union status, familial status, gender (including sex stereotyping and gender identity or expression), medical condition (including, but not limited to, cancer related or HIV/AIDS related), genetic information, sexual orientation, or any other protected status. Ver más Ver menos [[downButtonMessage]] LinkedIn Twitter Facebook © 2026 Jobrapido | C.I.F: IT11876271005 Trabajos Empresas Condiciones del Servicio Política de Privacidad Ayuda Contacto",,https://ar.jobrapido.com/jobpreview/3347237439495208960?redirectTo=https%253A%252F%252Fwww.kitempleo.com.ar%252Fempleo%252F53381034%252Fprincipal-nlp-scientist-puerto-madryn&w=Python&p=4,NLP Engineer,jobrapido,2026-09-10T04:27:23.239536,,,,
8293570816952500224,Senior NLP Scientist: Production-Grade LLMs (Trelew),Sourceability,Trelew,"Open or close the mobile menu Jobrapido Entrar Inscríbete Publica una oferta Ayuda Empresas Clear job input Profesión / Palabras clave Ofertas de trabajo para Senior NLP en Trelew ¿Qué trabajo estás buscando? Clear location input Localidad Búsqueda avanzada de empleo Relevancia Fecha [[distance.label]] [[d.text]] Close Localidad Gran Buenos Aires Capital Federal Córdoba Santa Fé Neuquén Rosario Mendoza Rincón De Los Sauces Gba Sur Mar Del Plata Búsquedas relacionadas Software Software Engineer Python Software Engineer Modelo Management Services Engineer Security Product Engineering Sistemas Product Engineer Ofertas de trabajo para Senior NLP en Trelew Trabajos > Senior NLP > Trelew Localidad Gran Buenos Aires Capital Federal Córdoba Santa Fé Neuquén Rosario Mendoza Rincón De Los Sauces Gba Sur Mar Del Plata Búsquedas relacionadas Software Software Engineer Python Software Engineer Modelo Management Services Engineer Security Product Engineering Sistemas Product Engineer Vuelve a tus resultados: [[backlinkLabel]] Senior NLP Scientist: Production-Grade LLMs (Trelew) Trelew - Región Patagonia Sourceability [[upButtonMessage]] full time Publicado enwww.kitempleo.com.ar 08 sep 2026 Sourceability is seeking a Principal NLP Scientist to design, research, and improve NLP and Large Language Model capabilities for production business systems. You will lead the development of NLP solutions for named entity recognition, text classification, text generation, semantic search, information extraction, and other language‑driven automation use cases. You will work with engineers, product managers, and annotation teams to define, build, evaluate, and continually improve NLP models; Ver más Ver menos [[downButtonMessage]] LinkedIn Twitter Facebook © 2026 Jobrapido | C.I.F: IT11876271005 Trabajos Empresas Condiciones del Servicio Política de Privacidad Ayuda Contacto",,https://ar.jobrapido.com/jobpreview/8293570816952500224?redirectTo=https%253A%252F%252Fwww.kitempleo.com.ar%252Fempleo%252F53377343%252Fsenior-nlp-scientist-production-grade-llms-trelew&w=Python&p=4,NLP Engineer,jobrapido,2026-09-10T04:27:23.240018,,,,
8902124252086403072,Senior NLP Scientist: Production-Grade LLMs (Esquel),Sourceability,Esquel,"Open or close the mobile menu Jobrapido Entrar Inscríbete Publica una oferta Ayuda Empresas Clear job input Profesión / Palabras clave Ofertas de trabajo para Senior NLP en Esquel ¿Qué trabajo estás buscando? Clear location input Localidad Búsqueda avanzada de empleo Relevancia Fecha [[distance.label]] [[d.text]] Close Localidad Gran Buenos Aires Capital Federal Córdoba Santa Fé Neuquén Rosario Mendoza Rincón De Los Sauces Gba Sur Mar Del Plata Búsquedas relacionadas Software Software Engineer Python Software Engineer Modelo Management Services Engineer Security Product Engineering Sistemas Product Engineer Vuelve a tus resultados: [[backlinkLabel]] Senior NLP Scientist: Production-Grade LLMs (Esquel) Esquel - Región Patagonia Sourceability [[upButtonMessage]] full time www.kitempleo.com.ar 05 sep 2026 Sourceability is seeking a Principal NLP Scientist to design, research, and improve NLP and Large Language Model capabilities for production business systems. You will lead the development of NLP solutions for named entity recognition, text classification, text generation, semantic search, information extraction, and other language‑driven automation use cases. You will work with engineers, product managers, and annotation teams to define, build, evaluate, and continually improve NLP models; Ver más Ver menos [[downButtonMessage]] LinkedIn Twitter Facebook © 2026 Jobrapido | C.I.F: IT11876271005 Trabajos Empresas Condiciones del Servicio Política de Privacidad Ayuda Contacto",,https://ar.jobrapido.com/jobpreview/8902124252086403072?redirectTo=https%253A%252F%252Fwww.kitempleo.com.ar%252Fempleo%252F53208837%252Fsenior-nlp-scientist-production-grade-llms-esquel&w=Python&p=4,NLP Engineer,jobrapido,2026-09-10T04:27:23.240489,,,,
812691751096549376,Senior Nlp Scientist: Production-Grade Llms (Chubut),Sourceability,Chubut,"Open or close the mobile menu Jobrapido Entrar Inscríbete Publica una oferta Ayuda Empresas Clear job input Profesión / Palabras clave Ofertas de trabajo para Senior Nlp en Chubut ¿Qué trabajo estás buscando? Clear location input Localidad Búsqueda avanzada de empleo Relevancia Fecha [[distance.label]] [[d.text]] Close Localidad Gran Buenos Aires Capital Federal Córdoba Santa Fé Neuquén Rosario Mendoza Rincón De Los Sauces Gba Sur Mar Del Plata Búsquedas relacionadas Software Software Engineer Python Software Engineer Modelo Management Services Engineer Security Product Engineering Sistemas Product Engineer Vuelve a tus resultados: [[backlinkLabel]] Senior Nlp Scientist: Production-Grade Llms (Chubut) Chubut - Región Patagonia Sourceability [[upButtonMessage]] full time www.kitempleo.com.ar 26 ago 2026 Sourceability is seeking a Principal NLP Scientist to design, research, and improve NLP and Large Language Model capabilities for production business systems. You will lead the development of NLP solutions for named entity recognition, text classification, text generation, semantic search, information extraction, and other language‐driven automation use cases. You will work with engineers, product managers, and annotation teams to define, build, evaluate, and continually improve NLP models; #J-*****-Ljbffr Ver más Ver menos [[downButtonMessage]] LinkedIn Twitter Facebook © 2026 Jobrapido | C.I.F: IT11876271005 Trabajos Empresas Condiciones del Servicio Política de Privacidad Ayuda Contacto",,https://ar.jobrapido.com/jobpreview/812691751096549376?redirectTo=https%253A%252F%252Fwww.kitempleo.com.ar%252Fempleo%252F52773710%252Fsenior-nlp-scientist-production-grade-llms-chubut&w=Python&p=4,NLP Engineer,jobrapido,2026-09-10T04:27:23.240969,,,,
5035440168446722048,Fintech Nlp Ml Engineer: Python (Buenos Aires),Reconocida empresa,Capital Federal,"Open or close the mobile menu Jobrapido Entrar Inscríbete Publica una oferta Ayuda Empresas Clear job input Profesión / Palabras clave Ofertas de trabajo para Fintech Nlp en Departamento Federal ¿Qué trabajo estás buscando? Clear location input Localidad Búsqueda avanzada de empleo Relevancia Fecha [[distance.label]] [[d.text]] Close Localidad Gran Buenos Aires Capital Federal Córdoba Santa Fé Neuquén Rosario Mendoza Rincón De Los Sauces Gba Sur Mar Del Plata Búsquedas relacionadas Software Software Engineer Python Software Engineer Modelo Management Services Engineer Security Product Engineering Sistemas Product Engineer Vuelve a tus resultados: [[backlinkLabel]] Fintech Nlp Ml Engineer: Python (Buenos Aires) Capital Federal - Provincia De Buenos Aires Reconocida empresa [[upButtonMessage]] full time www.kitempleo.com.ar 23 ago 2026 Werben HR is seeking a Machine Learning Engineer with a strong Python and NLP focus to join our fintech-oriented team in Argentina. The role emphasizes document understanding, data processing, and scalable model deployment. You will build ML models, apply NLP techniques with spaCy/NLTK/transformers, implement fuzzy matching, and collaborate across teams to deliver reliable, reusable pipelines and REST APIs. Experience in finance/reconciliation is a plus. ? FinTech NLP ML Engineer: Python (Buenos Aires) ? Werben Hr ? Buenos Aires Ver más Ver menos [[downButtonMessage]] LinkedIn Twitter Facebook © 2026 Jobrapido | C.I.F: IT11876271005 Trabajos Empresas Condiciones del Servicio Política de Privacidad Ayuda Contacto",,https://ar.jobrapido.com/jobpreview/5035440168446722048?redirectTo=https%253A%252F%252Fwww.kitempleo.com.ar%252Fempleo%252F52671763%252Ffintech-nlp-ml-engineer-python-buenos-aires&w=Python&p=4,NLP Engineer,jobrapido,2026-09-10T04:27:23.241443,,,,
3859144833339752448,FinTech NLP ML Engineer: Python (Buenos Aires),Werben Hr,Capital Federal,"Open or close the mobile menu Jobrapido Entrar Inscríbete Publica una oferta Ayuda Empresas Clear job input Profesión / Palabras clave Ofertas de trabajo para FinTech NLP en Departamento Federal ¿Qué trabajo estás buscando? Clear location input Localidad Búsqueda avanzada de empleo Relevancia Fecha [[distance.label]] [[d.text]] Close Localidad Gran Buenos Aires Capital Federal Córdoba Santa Fé Neuquén Rosario Mendoza Rincón De Los Sauces Gba Sur Mar Del Plata Búsquedas relacionadas Software Software Engineer Python Software Engineer Modelo Management Services Engineer Security Product Engineering Sistemas Product Engineer Vuelve a tus resultados: [[backlinkLabel]] FinTech NLP ML Engineer: Python (Buenos Aires) Capital Federal - Provincia De Buenos Aires Werben Hr [[upButtonMessage]] full time www.kitempleo.com.ar 23 ago 2026 Werben HR is seeking a Machine Learning Engineer with a strong Python and NLP focus to join our fintech-oriented team in Argentina. The role emphasizes document understanding, data processing, and scalable model deployment. You will build ML models, apply NLP techniques with spaCy/NLTK/transformers, implement fuzzy matching, and collaborate across teams to deliver reliable, reusable pipelines and REST APIs. Experience in finance/reconciliation is a plus. Ver más Ver menos [[downButtonMessage]] LinkedIn Twitter Facebook © 2026 Jobrapido | C.I.F: IT11876271005 Trabajos Empresas Condiciones del Servicio Política de Privacidad Ayuda Contacto",,https://ar.jobrapido.com/jobpreview/3859144833339752448?redirectTo=https%253A%252F%252Fwww.kitempleo.com.ar%252Fempleo%252F52648436%252Ffintech-nlp-ml-engineer-python-buenos-aires&w=Python&p=4,NLP Engineer,jobrapido,2026-09-10T04:27:23.241925,,,,
6908915691919769600,Senior Python Backend Engineer - NLP (Buenos Aires),GreenCode,Capital Federal,"Jobrapido Publica una oferta Ayuda Empresas Entrar Inscríbete Profesión / Palabras clave Localidad Ofertas de trabajo para Senior Python en Departamento Federal Trabajos > Senior Python > Capital Federal Localidad Gran Buenos Aires Capital Federal Córdoba Santa Fé Neuquén Rosario Mendoza Rincón De Los Sauces Gba Sur Mar Del Plata Búsquedas relacionadas Software Software Engineer Python Software Engineer Modelo Management Services Engineer Security Product Engineering Sistemas Product Engineer Vuelve a tus resultados: [[backlinkLabel]] Senior Python Backend Engineer - NLP (Buenos Aires) Capital Federal - Provincia De Buenos Aires GreenCode [[upButtonMessage]] other Publicado enwww.kitempleo.com.ar 07 sep 2026 Sobre GreenCode Software Green Code Software es una empresa de desarrollo de software comprometida con la innovación tecnológica y las mejores prácticas de desarrollo. Trabajamos en proyectos que combinan tecnología de punta con soluciones sostenibles y eficientes. Senior Python Backend Engineer - NLP Green Code Software Modalidad: Full-time | Remoto Incorporación: Inmediata Zona horaria: Argentina Descripción del puesto Buscamos un Desarrollador Python con orientación a datos para unirse a nuestro equipo en GreenCode Software. El candidato ideal tendrá experiencia sólida en el desarrollo de aplicaciones backend robustas y escalables, con un enfoque especial en el procesamiento y análisis de datos. Responsabilidades principales - Desarrollar y mantener APIs REST - Diseñar y gestionar flujos de trabajo automatizados con Apache Airflow - Documentar código y procesos técnicos Requisitos técnicos Imprescindibles: - 6-8 años de experiencia como desarrollador Python - Experiencia sólida con Python y sus ecosistemas - Dominio de FastAPI o similar para desarrollo de APIs - Experiencia práctica con Pandas para manipulación de datos - Conocimientos en PLN/NLP - Experiencia con Apache Airflow para orquestación de workflows - Experiencia con bases de datos - Conocimientos en machine learning y ciencia de datos - Experiencia con testing automatizado - Familiaridad con metodologías ágiles Valoramos: Experiencia con Gen AI - RAG - LLm´s Requisitos adicionales - Disponibilidad para trabajar en zona horaria argentina (GMT-3) con horarios flexibles - Capacidad para trabajar de forma remota y autónoma - Orientación a resultados y calidad del código Proceso de selección El proceso consta de 3 rondas de entrevistas: Primera ronda: requerimientos básicos. Segunda ronda: Entrevista de Fit Cultural. Tercera ronda: Entrevista final con liderazgo técnico. Challenge técnico: Posible. Qué ofrecemos 1. Trabajo Remoto - Modalidad 100% remota 2. Flexibilidad Horaria - Horarios Flexibles - Libertad para organizar tu jornada laboral 3. Salarios Competitivos en Dólares - Remuneración competitiva en moneda extranjera 4. Oportunidades de Crecimiento Profesional - Ambiente de trabajo colaborativo y orientado al crecimiento competente 5. Beneficios de Salud y Bienestar - Actualización Salarial y contrato de trabajo Anual. - 10 días de PTO - Días de vacaciones pagas - Feriados Argentinos - Respeto por el calendario de feriados locales - Día de Cumpleaños libre - Día libre remunerado en tu cumpleaños - Viáticos para viajar a Buenos Aires a la picadita anual 6. Cultura Empresarial Horizontal - Ambiente colaborativo sin jerarquías rígidas - Comunicación abierta y transparente 7. Capacitación y Certificaciones - Clases de Inglés - Programa de capacitación en idiomas - Acceso a Claude.io Plan Team ¿Te interesa formar parte de nuestro equipo?Envía tu CV y portfolio destacando tu experiencia con las tecnologías mencionadas. [email protected] ¡Esperamos conocerte!Para más información sobre nuestra empresa, visita: https://www.greencodesoftware.com/en Ver más Ver menos [[downButtonMessage]] LinkedIn Twitter Facebook © 2026 Jobrapido | C.I.F: IT11876271005 Trabajos Empresas Condiciones del Servicio Política de Privacidad Ayuda Contacto",,https://ar.jobrapido.com/jobpreview/6908915691919769600?redirectTo=https%253A%252F%252Fwww.kitempleo.com.ar%252Fempleo%252F53318301%252Fsenior-python-backend-engineer-nlp-buenos-aires&w=Python&p=4,NLP Engineer,jobrapido,2026-09-10T04:27:23.242403,,,,
7043399707892121600,Senior NLP Scientist: Production-Grade LLMs (Comodoro Rivadavia),Sourceability,Comodoro Rivadavia,"Open or close the mobile menu Jobrapido Entrar Inscríbete Publica una oferta Ayuda Empresas Clear job input Profesión / Palabras clave Ofertas de trabajo para Senior NLP en Comodoro Rivadavia ¿Qué trabajo estás buscando? Clear location input Localidad Búsqueda avanzada de empleo Relevancia Fecha [[distance.label]] [[d.text]] Close Localidad Gran Buenos Aires Capital Federal Córdoba Santa Fé Neuquén Rosario Mendoza Rincón De Los Sauces Gba Sur Mar Del Plata Búsquedas relacionadas Software Software Engineer Python Software Engineer Modelo Management Services Engineer Security Product Engineering Sistemas Product Engineer Vuelve a tus resultados: [[backlinkLabel]] Senior NLP Scientist: Production-Grade LLMs (Comodoro Rivadavia) Comodoro Rivadavia - Región Patagonia Sourceability [[upButtonMessage]] full time www.kitempleo.com.ar 08 sep 2026 Sourceability is seeking a Principal NLP Scientist to design, research, and improve NLP and Large Language Model capabilities for production business systems. You will lead the development of NLP solutions for named entity recognition, text classification, text generation, semantic search, information extraction, and other language‑driven automation use cases. You will work with engineers, product managers, and annotation teams to define, build, evaluate, and continually improve NLP models; Ver más Ver menos [[downButtonMessage]] LinkedIn Twitter Facebook © 2026 Jobrapido | C.I.F: IT11876271005 Trabajos Empresas Condiciones del Servicio Política de Privacidad Ayuda Contacto",,https://ar.jobrapido.com/jobpreview/7043399707892121600?redirectTo=https%253A%252F%252Fwww.kitempleo.com.ar%252Fempleo%252F53377342%252Fsenior-nlp-scientist-production-grade-llms-comodoro-rivadavia&w=Python&p=4,NLP Engineer,jobrapido,2026-09-10T04:27:23.242928,,,,
6851293036287098880,Senior NLP Scientist: Production-Grade LLMs (Puerto Madryn),Sourceability,Puerto Madryn,"Open or close the mobile menu Jobrapido Entrar Inscríbete Publica una oferta Ayuda Empresas Clear job input Profesión / Palabras clave Ofertas de trabajo para Senior NLP en Puerto Madryn ¿Qué trabajo estás buscando? Clear location input Localidad Búsqueda avanzada de empleo Relevancia Fecha [[distance.label]] [[d.text]] Close Localidad Gran Buenos Aires Capital Federal Córdoba Santa Fé Neuquén Rosario Mendoza Rincón De Los Sauces Gba Sur Mar Del Plata Búsquedas relacionadas Software Software Engineer Python Software Engineer Modelo Management Services Engineer Security Product Engineering Sistemas Product Engineer Vuelve a tus resultados: [[backlinkLabel]] Senior NLP Scientist: Production-Grade LLMs (Puerto Madryn) Puerto Madryn - Región Patagonia Sourceability [[upButtonMessage]] full time www.kitempleo.com.ar 08 sep 2026 Sourceability is seeking a Principal NLP Scientist to design, research, and improve NLP and Large Language Model capabilities for production business systems. You will lead the development of NLP solutions for named entity recognition, text classification, text generation, semantic search, information extraction, and other language‑driven automation use cases. You will work with engineers, product managers, and annotation teams to define, build, evaluate, and continually improve NLP models; Ver más Ver menos [[downButtonMessage]] LinkedIn Twitter Facebook © 2026 Jobrapido | C.I.F: IT11876271005 Trabajos Empresas Condiciones del Servicio Política de Privacidad Ayuda Contacto",,https://ar.jobrapido.com/jobpreview/6851293036287098880?redirectTo=https%253A%252F%252Fwww.kitempleo.com.ar%252Fempleo%252F53377336%252Fsenior-nlp-scientist-production-grade-llms-puerto-madryn&w=Python&p=4,NLP Engineer,jobrapido,2026-09-10T04:27:23.243396,,,,
1642190742161981440,Senior Nlp Scientist: Production-Ready Llms & Ai (Buenos Aires),Sourceability,Capital Federal,"Open or close the mobile menu Jobrapido Entrar Inscríbete Publica una oferta Ayuda Empresas Clear job input Profesión / Palabras clave Ofertas de trabajo para Senior Nlp en Departamento Federal ¿Qué trabajo estás buscando? Clear location input Localidad Búsqueda avanzada de empleo Relevancia Fecha [[distance.label]] [[d.text]] Close Localidad Gran Buenos Aires Capital Federal Córdoba Santa Fé Neuquén Rosario Mendoza Rincón De Los Sauces Gba Sur Mar Del Plata Búsquedas relacionadas Software Software Engineer Python Software Engineer Modelo Management Services Engineer Security Product Engineering Sistemas Product Engineer Vuelve a tus resultados: [[backlinkLabel]] Senior Nlp Scientist: Production-Ready Llms & Ai (Buenos Aires) Capital Federal - Provincia De Buenos Aires Sourceability [[upButtonMessage]] full time www.kitempleo.com.ar 22 ago 2026 Sourceability is a general digital distributor of electronic components transforming how modern businesses bring products to market. The Principal NLP Scientist is a senior technical leader responsible for designing, researching, and improving advanced NLP and LLM capabilities for production business systems. This role combines applied research with hands-on model development, technical architecture, and measurable product impact. #J-*****-Ljbffr Ver más Ver menos [[downButtonMessage]] LinkedIn Twitter Facebook © 2026 Jobrapido | C.I.F: IT11876271005 Trabajos Empresas Condiciones del Servicio Política de Privacidad Ayuda Contacto",,https://ar.jobrapido.com/jobpreview/1642190742161981440?redirectTo=https%253A%252F%252Fwww.kitempleo.com.ar%252Fempleo%252F52642384%252Fsenior-nlp-scientist-production-ready-llms-ai-buenos-aires&w=Python&p=4,NLP Engineer,jobrapido,2026-09-10T04:27:23.243869,,,,
2137288733521608704,Senior NLP Scientist: Production-Ready LLMs (Buenos Aires),Sourceability,Capital Federal,"Open or close the mobile menu Jobrapido Entrar Inscríbete Publica una oferta Ayuda Empresas Clear job input Profesión / Palabras clave Ofertas de trabajo para Senior NLP en Departamento Federal ¿Qué trabajo estás buscando? Clear location input Localidad Búsqueda avanzada de empleo Relevancia Fecha [[distance.label]] [[d.text]] Close Localidad Gran Buenos Aires Capital Federal Córdoba Santa Fé Neuquén Rosario Mendoza Rincón De Los Sauces Gba Sur Mar Del Plata Búsquedas relacionadas Software Software Engineer Python Software Engineer Modelo Management Services Engineer Security Product Engineering Sistemas Product Engineer Vuelve a tus resultados: [[backlinkLabel]] Senior NLP Scientist: Production-Ready LLMs (Buenos Aires) Capital Federal - Provincia De Buenos Aires Sourceability [[upButtonMessage]] full time www.kitempleo.com.ar 22 ago 2026 Sourceability is a integral digital distributor of electronic components transforming how modern businesses bring products to market. The Principal NLP Scientist is a senior technical leader responsible for designing, researching, and improving advanced NLP and LLM capabilities for production business systems. This role combines applied research with hands-on model development, technical architecture, and measurable product impact. Ver más Ver menos [[downButtonMessage]] LinkedIn Twitter Facebook © 2026 Jobrapido | C.I.F: IT11876271005 Trabajos Empresas Condiciones del Servicio Política de Privacidad Ayuda Contacto",,https://ar.jobrapido.com/jobpreview/2137288733521608704?redirectTo=https%253A%252F%252Fwww.kitempleo.com.ar%252Fempleo%252F52614416%252Fsenior-nlp-scientist-production-ready-llms-buenos-aires&w=Python&p=4,NLP Engineer,jobrapido,2026-09-10T04:27:23.244339,,,,
1395323993447202816,FinTech NLP ML Engineer: Python & Document Processing (Buenos Aires),Werben Hr,Capital Federal,"Jobrapido Publica una oferta Ayuda Empresas Entrar Inscríbete Profesión / Palabras clave Localidad Ofertas de trabajo para FinTech NLP en Departamento Federal Trabajos > FinTech NLP > Capital Federal Localidad Gran Buenos Aires Capital Federal Córdoba Santa Fé Neuquén Rosario Mendoza Rincón De Los Sauces Gba Sur Mar Del Plata Búsquedas relacionadas Software Software Engineer Python Software Engineer Modelo Management Services Engineer Security Product Engineering Sistemas Product Engineer Vuelve a tus resultados: [[backlinkLabel]] FinTech NLP ML Engineer: Python & Document Processing (Buenos Aires) Capital Federal - Provincia De Buenos Aires Werben Hr [[upButtonMessage]] full time Publicado enwww.kitempleo.com.ar 23 ago 2026 Werben HR is seeking a Machine Learning Engineer with a strong Python and NLP focus to join our fintech-oriented team in Argentina. The role emphasizes document understanding, data processing, and scalable model deployment. You will build ML models, apply NLP techniques with spa Cy/NLTK/transformers, implement fuzzy matching, and collaborate across teams to deliver reliable, reusable pipelines and REST APIs. Experience in finance/reconciliation is a plus. #J-18808-Ljbffr Ver más Ver menos [[downButtonMessage]] LinkedIn Twitter Facebook © 2026 Jobrapido | C.I.F: IT11876271005 Trabajos Empresas Condiciones del Servicio Política de Privacidad Ayuda Contacto",,https://ar.jobrapido.com/jobpreview/1395323993447202816?redirectTo=https%253A%252F%252Fwww.kitempleo.com.ar%252Fempleo%252F52649065%252Ffintech-nlp-ml-engineer-python-document-processing-buenos-aires&w=Python&p=4,NLP Engineer,jobrapido,2026-09-10T04:27:23.244816,,,,
1731612511020515328,Remote Data Scientist: NLP (Argentina),IV.AI,Remoto,"Open or close the mobile menu Jobrapido Entrar Inscríbete Publica una oferta Ayuda Empresas Clear job input Profesión / Palabras clave Ofertas de trabajo para Remote Data en Remoto ¿Qué trabajo estás buscando? Clear location input Localidad Búsqueda avanzada de empleo Relevancia Fecha [[distance.label]] [[d.text]] Close Localidad Gran Buenos Aires Capital Federal Córdoba Santa Fé Neuquén Rosario Mendoza Rincón De Los Sauces Gba Sur Mar Del Plata Búsquedas relacionadas Software Software Engineer Python Software Engineer Modelo Management Services Engineer Security Product Engineering Sistemas Product Engineer Vuelve a tus resultados: [[backlinkLabel]] Remote Data Scientist: NLP (Argentina) Remoto - Remoto IV.AI [[upButtonMessage]] full time www.kitempleo.com.ar 27 ago 2026 IV.AI is looking for a Data Scientist to join and help work on machine learning problems (in the field of natural language processing) for large enterprise clients and to improve the suite of products that we offer. The idóneo candidate should be helpful, responsive, dependable, and comfortable working remotely within a small team with tight deadlines. We value people who thrive working collaboratively in a distributed team and who are enthusiastic about the potential of machine learning. Your primary responsibility is to deliver quality production‑ready code, data and insights. Execute on defined tasks and contribute to solving problems with defined solutions. Salary range: USD$20,000 to $36,000 (USD) annual based on experience. Timezone: PST. Employment Type: Full Time Employee. Must‑Haves - 2+ years writing queries in SQL or running models in Python/Jupyter - 2+ years experience with statistical analysis - Write and speak clearly, communicate empathetically - High standard of excellence for your work - Attention to detail: spotting typos in text and errors in data Bonus Points - Data visualization beyond pies and bars (e.g. box and whiskers, histograms, violin plots) - Github: pull, push, merge, PR, cherry‑picking, issue tracking - Regular Expressions - PostgreSQL 12+ - An example where we can see your writing style (in English), ideally data-related Responsibilities - Primarily focus on improving your craft as a Data Scientist - Build SQL queries to calculate specific metrics - Prototype data pipelines on Jupyter - Write clear and concise reports for client deliverables, and documentation for internal tools - Analyze and present datasets or results with simple methods - Understand the reasoning behind the team's design decisions to verify and debug implementations of the designs Qualifications Great people come from diverse backgrounds and we are a team that embodies this. We’re not necessarily looking for a Computer Science Masters or PhD. We are looki Ver más Ver menos [[downButtonMessage]] LinkedIn Twitter Facebook © 2026 Jobrapido | C.I.F: IT11876271005 Trabajos Empresas Condiciones del Servicio Política de Privacidad Ayuda Contacto",,https://ar.jobrapido.com/jobpreview/1731612511020515328?redirectTo=https%253A%252F%252Fwww.kitempleo.com.ar%252Fempleo%252F52765808%252Fremote-data-scientist-nlp-argentina&w=Python&p=4,NLP Engineer,jobrapido,2026-09-10T04:27:23.245289,,,,
6925934070333440000,Remote Data Engineer – Databricks Lakehouse & AI Pipelines,"AgileEngine, LLC.",Rosario,,,https://open.app.jobrapido.com/ar/6925934070333440000/?w=data%20engineer&l=&oc=sponsored&k=web.1.1.0&uuid=arF001a08a70250b0999&page_item_id=527928592,Data Engineer,jobrapido,2026-09-10T04:30:01.395477,,,,
2004191751467696128,Lead Data Engineer - Remote & Flexible Hours,AgileEngine,Rosario,,,https://open.app.jobrapido.com/ar/2004191751467696128/?w=data%20engineer&l=&oc=sponsored&k=web.1.1.1&uuid=arF001a08a70250b0999&page_item_id=-136664161,Data Engineer,jobrapido,2026-09-10T04:30:01.396081,,,,
7187918416735371264,Senior Data Engineer AWS,Coderio,Rosario,,,https://open.app.jobrapido.com/ar/7187918416735371264/?w=data%20engineer&l=&oc=sponsored&k=web.1.1.2&uuid=arF001a08a70250b0999&page_item_id=955878473,Data Engineer,jobrapido,2026-09-10T04:30:01.396579,,,,
3433494968507826176,Senior Data Engineer - Remote Data Pipelines & ServiceNow,"AgileEngine, LLC.",Rosario,,,https://open.app.jobrapido.com/ar/3433494968507826176/?w=data%20engineer&l=&oc=sponsored&k=web.1.1.3&uuid=arF001a08a70250b0999&page_item_id=706329632,Data Engineer,jobrapido,2026-09-10T04:30:01.397280,,,,
3572293038610841600,Senior Data Engineer AWS,Coderio,Rosario,,,https://open.app.jobrapido.com/ar/3572293038610841600/?w=data%20engineer&l=&oc=sponsored&k=web.1.1.4&uuid=arF001a08a70250b0999&page_item_id=-642166728,Data Engineer,jobrapido,2026-09-10T04:30:01.397773,,,,
1301117081265111040,Senior Data Engineer ID84751,AgileEngine,Rosario,,,https://open.app.jobrapido.com/ar/1301117081265111040/?w=data%20engineer&l=&oc=sponsored&k=web.1.1.5&uuid=arF001a08a70250b0999&page_item_id=-1368797770,Data Engineer,jobrapido,2026-09-10T04:30:01.398280,,,,
1070330827545509888,Data Engineer - ETL & Analytics (Remote),"AgileEngine, LLC.",Rosario,,,https://open.app.jobrapido.com/ar/1070330827545509888/?w=data%20engineer&l=&oc=sponsored&k=web.1.1.6&uuid=arF001a08a70250b0999&page_item_id=2144612496,Data Engineer,jobrapido,2026-09-10T04:30:01.398771,,,,
1980718896201596928,Remote Data Engineer - Databricks Lakehouse & AI Pipelines,"AgileEngine, LLC.",Rosario,,,https://open.app.jobrapido.com/ar/1980718896201596928/?w=data%20engineer&l=&oc=sponsored&k=web.1.1.9&uuid=arF001a08a70250b0999&page_item_id=-560151639,Data Engineer,jobrapido,2026-09-10T04:30:01.399565,,,,
8470228113236688896,Senior Python Data Scraping Engineer (Freelance),Mindrift,Rosario,,,https://open.app.jobrapido.com/ar/8470228113236688896/?w=data%20engineer&l=&oc=sponsored&k=web.1.1.10&uuid=arF001a08a70250b0999&page_item_id=-2115967480,Data Engineer,jobrapido,2026-09-10T04:30:01.400064,,,,
2024898372917264384,"Senior Databricks Data Engineer — Remote, High-Impact Pipelines","AgileEngine, LLC.",Rosario,,,https://open.app.jobrapido.com/ar/2024898372917264384/?w=data%20engineer&l=&oc=sponsored&k=web.1.1.11&uuid=arF001a08a70250b0999&page_item_id=-350544738,Data Engineer,jobrapido,2026-09-10T04:30:01.400556,,,,
1458941804949798912,Remote Senior Salesforce Data Cloud Engineer,"AgileEngine, LLC.",Rosario,,,https://open.app.jobrapido.com/ar/1458941804949798912/?w=data%20engineer&l=&oc=sponsored&k=web.1.1.12&uuid=arF001a08a70250b0999&page_item_id=618371080,Data Engineer,jobrapido,2026-09-10T04:30:01.401046,,,,
1781755670085763072,Remote Agentic AI Engineer for Discovery & Troubleshooting,"AgileEngine, LLC.",Rosario,,,https://open.app.jobrapido.com/ar/1781755670085763072/?w=data%20engineer&l=&oc=sponsored&k=web.1.1.13&uuid=arF001a08a70250b0999&page_item_id=-1035447127,Data Engineer,jobrapido,2026-09-10T04:30:01.401535,,,,
6116751236650762240,"Senior Backend Engineer - TypeScript & AI, Remote",Scale Up Recruiting Partners,Rosario,,,https://open.app.jobrapido.com/ar/6116751236650762240/?w=data%20engineer&l=&oc=sponsored&k=web.1.1.14&uuid=arF001a08a70250b0999&page_item_id=-547497241,Data Engineer,jobrapido,2026-09-10T04:30:01.402028,,,,
3893103868438904832,Senior Full-Stack Engineer — Remote & Cloud-Native Impact,"AgileEngine, LLC.",Rosario,,,https://open.app.jobrapido.com/ar/3893103868438904832/?w=data%20engineer&l=&oc=sponsored&k=web.1.1.15&uuid=arF001a08a70250b0999&page_item_id=1061969260,Data Engineer,jobrapido,2026-09-10T04:30:01.402515,,,,
982594060256542720,"ServiceNow Discovery Engineer — Remote, Flexible Hours","AgileEngine, LLC.",Rosario,,,https://open.app.jobrapido.com/ar/982594060256542720/?w=data%20engineer&l=&oc=sponsored&k=web.1.1.16&uuid=arF001a08a70250b0999&page_item_id=-2135689653,Data Engineer,jobrapido,2026-09-10T04:30:01.403010,,,,
8664793086682988544,"Remote Full Stack Engineer - React, Node/Python, AWS","AgileEngine, LLC.",Rosario,,,https://open.app.jobrapido.com/ar/8664793086682988544/?w=data%20engineer&l=&oc=sponsored&k=web.1.1.17&uuid=arF001a08a70250b0999&page_item_id=-945058726,Data Engineer,jobrapido,2026-09-10T04:30:01.403502,,,,
4942108759578116096,Mid-Level Full Stack Engineer — Remote & Flexible Hours,AgileEngine,Rosario,,,https://open.app.jobrapido.com/ar/4942108759578116096/?w=data%20engineer&l=&oc=sponsored&k=web.1.1.18&uuid=arF001a08a70250b0999&page_item_id=-957656388,Data Engineer,jobrapido,2026-09-10T04:30:01.403995,,,,
6252568410471792640,Senior/Lead Full Stack Engineer ID79143,AgileEngine,Rosario,,,https://open.app.jobrapido.com/ar/6252568410471792640/?w=data%20engineer&l=&oc=sponsored&k=web.1.1.19&uuid=arF001a08a70250b0999&page_item_id=-1403075845,Data Engineer,jobrapido,2026-09-10T04:30:01.404478,,,,
1433794324755120128,Senior/Lead Full Stack Engineer ID79143,"AgileEngine, LLC.",Rosario,,,https://open.app.jobrapido.com/ar/1433794324755120128/?w=data%20engineer&l=&oc=sponsored&k=web.1.2.5&uuid=arF001a08a71ce380a3b&page_item_id=1497771183,Data Engineer,jobrapido,2026-09-10T04:31:50.611193,,,,
6308668792255807488,Senior Backend Engineer (TypeScript & AI),Scale Up Recruiting Partners,Rosario,,,https://open.app.jobrapido.com/ar/6308668792255807488/?w=data%20engineer&l=&oc=sponsored&k=web.1.2.6&uuid=arF001a08a71ce380a3b&page_item_id=-1943393936,Data Engineer,jobrapido,2026-09-10T04:31:50.612317,,,,
4773683008634880000,Full Stack Engineer ID83016,"AgileEngine, LLC.",Rosario,,,https://open.app.jobrapido.com/ar/4773683008634880000/?w=data%20engineer&l=&oc=sponsored&k=web.1.2.7&uuid=arF001a08a71ce380a3b&page_item_id=899374502,Data Engineer,jobrapido,2026-09-10T04:31:50.613075,,,,
7998146353400119296,Ingeniero de Software (Entrenamiento de IA),Alignerr,Rosario,,,https://open.app.jobrapido.com/ar/7998146353400119296/?w=data%20engineer&l=&oc=sponsored&k=web.1.2.8&uuid=arF001a08a71ce380a3b&page_item_id=-1259177800,Data Engineer,jobrapido,2026-09-10T04:31:50.613843,,,,
7027489774638202880,"Environment, Health and Safety Engineer",Advanced Energy Management Limited,Rosario,,,https://open.app.jobrapido.com/ar/7027489774638202880/?w=data%20engineer&l=&oc=sponsored&k=web.1.2.9&uuid=arF001a08a71ce380a3b&page_item_id=-75053086,Data Engineer,jobrapido,2026-09-10T04:31:50.614590,,,,
8875081643342168064,Middle Full Stack Engineer - Franchise Menu ID74267,AgileEngine,Rosario,,,https://open.app.jobrapido.com/ar/8875081643342168064/?w=data%20engineer&l=&oc=sponsored&k=web.1.2.10&uuid=arF001a08a71ce380a3b&page_item_id=-156946213,Data Engineer,jobrapido,2026-09-10T04:31:50.615333,,,,
6588774756730798080,Software Engineer (Mobile) Id76367,AgileEngine,Rosario,,,https://open.app.jobrapido.com/ar/6588774756730798080/?w=data%20engineer&l=&oc=sponsored&k=web.1.2.11&uuid=arF001a08a71ce380a3b&page_item_id=1270577472,Data Engineer,jobrapido,2026-09-10T04:31:50.616071,,,,
2118341674273865728,Senior Industrial Engineer,Advanced Energy Management Limited,Rosario,,,https://open.app.jobrapido.com/ar/2118341674273865728/?w=data%20engineer&l=&oc=sponsored&k=web.1.2.12&uuid=arF001a08a71ce380a3b&page_item_id=-346060349,Data Engineer,jobrapido,2026-09-10T04:31:50.616794,,,,
8886470384782671872,Senior QA Automation Engineer ID72456,AgileEngine,Rosario,,,https://open.app.jobrapido.com/ar/8886470384782671872/?w=data%20engineer&l=&oc=sponsored&k=web.1.2.13&uuid=arF001a08a71ce380a3b&page_item_id=-1881451786,Data Engineer,jobrapido,2026-09-10T04:31:50.617525,,,,
6279730625465286656,"Manager, Supplier Quality",Advanced Energy Management Limited,Rosario,,,https://open.app.jobrapido.com/ar/6279730625465286656/?w=data%20engineer&l=&oc=sponsored&k=web.1.2.14&uuid=arF001a08a71ce380a3b&page_item_id=-1454209929,Data Engineer,jobrapido,2026-09-10T04:31:50.618262,,,,
3018150327946838016,Anuncios Google,Pwc,Rosario,,,https://open.app.jobrapido.com/ar/3018150327946838016/?w=data%20engineer&l=&oc=sponsored&k=web.1.3.0&uuid=arF001a08a72d1390a93&page_item_id=1741476306,Data Engineer,jobrapido,2026-09-10T04:32:56.746492,,,,
1309034269359734784,"Engineer II, NPI Quality",Advanced Energy Management Limited,Rosario,,,https://open.app.jobrapido.com/ar/1309034269359734784/?w=data%20engineer&l=&oc=sponsored&k=web.1.3.1&uuid=arF001a08a72d1390a93&page_item_id=-638628330,Data Engineer,jobrapido,2026-09-10T04:32:56.747174,,,,
4528145913075466240,Remote AI Engineer — Build AI Agents for Troubleshooting,"AgileEngine, LLC.",Rosario,,,https://open.app.jobrapido.com/ar/4528145913075466240/?w=data%20engineer&l=&oc=sponsored&k=web.1.3.2&uuid=arF001a08a72d1390a93&page_item_id=2048202265,Data Engineer,jobrapido,2026-09-10T04:32:56.747765,,,,
1327645548064276480,Full Stack Software Engineer ID85839,"AgileEngine, LLC.",Rosario,,,https://open.app.jobrapido.com/ar/1327645548064276480/?w=data%20engineer&l=&oc=sponsored&k=web.1.3.3&uuid=arF001a08a72d1390a93&page_item_id=-1187654592,Data Engineer,jobrapido,2026-09-10T04:32:56.748337,,,,
2379734345981100032,Software Engineer - Microsoft Fabric Platform - Senior 2,PwC South Africa,Rosario,,,https://open.app.jobrapido.com/ar/2379734345981100032/?w=data%20engineer&l=&oc=sponsored&k=web.1.3.4&uuid=arF001a08a72d1390a93&page_item_id=268208032,Data Engineer,jobrapido,2026-09-10T04:32:56.748903,,,,
5064667592694693888,Full Stack Software Engineer ID85839,AgileEngine,Rosario,,,https://open.app.jobrapido.com/ar/5064667592694693888/?w=data%20engineer&l=&oc=sponsored&k=web.1.3.5&uuid=arF001a08a72d1390a93&page_item_id=-1012697077,Data Engineer,jobrapido,2026-09-10T04:32:56.749473,,,,
7114781583315304448,Senior Backend Engineer ID84684,AgileEngine,Rosario,,,https://open.app.jobrapido.com/ar/7114781583315304448/?w=data%20engineer&l=&oc=sponsored&k=web.1.3.6&uuid=arF001a08a72d1390a93&page_item_id=-623169331,Data Engineer,jobrapido,2026-09-10T04:32:56.750037,,,,
7153769647160950784,AI Principal Software Engineer - US SaaS startup | Remote,Atomic HR,Rosario,,,https://open.app.jobrapido.com/ar/7153769647160950784/?w=data%20engineer&l=&oc=sponsored&k=web.1.3.7&uuid=arF001a08a72d1390a93&page_item_id=372380341,Data Engineer,jobrapido,2026-09-10T04:32:56.750593,,,,
7134438858355113984,Tech Lead - Node.js - US SaaS startup | Remote,Atomic HR,Rosario,,,https://open.app.jobrapido.com/ar/7134438858355113984/?w=data%20engineer&l=&oc=sponsored&k=web.1.3.8&uuid=arF001a08a72d1390a93&page_item_id=-1974805930,Data Engineer,jobrapido,2026-09-10T04:32:56.751159,,,,
4616277954794618880,Sr. Backend Developer,Aliancers,Rosario,,,https://open.app.jobrapido.com/ar/4616277954794618880/?w=data%20engineer&l=&oc=sponsored&k=web.1.3.9&uuid=arF001a08a72d1390a93&page_item_id=-109894193,Data Engineer,jobrapido,2026-09-10T04:32:56.751711,,,,
7762041538598666240,ServiceNow Discovery Engineer ID80139,AgileEngine,Rosario,,,https://open.app.jobrapido.com/ar/7762041538598666240/?w=data%20engineer&l=&oc=sponsored&k=web.1.3.10&uuid=arF001a08a72d1390a93&page_item_id=1119338617,Data Engineer,jobrapido,2026-09-10T04:32:56.752271,,,,
1628853339699544064,Senior Backend Engineer (Python & AI) - LATAM - 100% Remote,Prometeo Talent,Rosario,,,https://open.app.jobrapido.com/ar/1628853339699544064/?w=data%20engineer&l=&oc=sponsored&k=web.1.3.11&uuid=arF001a08a72d1390a93&page_item_id=-2046468535,Data Engineer,jobrapido,2026-09-10T04:32:56.752817,,,,
7791367094259417088,Automotive HIL Engineer - Automotive Sector (Relocation Sweden or Polony),Prometeo Talent,Rosario,,,https://open.app.jobrapido.com/ar/7791367094259417088/?w=data%20engineer&l=&oc=sponsored&k=web.1.3.12&uuid=arF001a08a72d1390a93&page_item_id=557129972,Data Engineer,jobrapido,2026-09-10T04:32:56.753310,,,,
6893686923299127296,Senior Data Engineer ID82554,AgileEngine,Rosario,,,https://open.app.jobrapido.com/ar/6893686923299127296/?w=data%20engineer&l=&oc=sponsored&k=web.1.3.13&uuid=arF001a08a72d1390a93&page_item_id=296014531,Data Engineer,jobrapido,2026-09-10T04:32:56.753815,,,,
5418416767233949696,Middle Data Engineer ID87373,AgileEngine,Rosario,,,https://open.app.jobrapido.com/ar/5418416767233949696/?w=data%20engineer&l=&oc=sponsored&k=web.1.3.14&uuid=arF001a08a72d1390a93&page_item_id=-2035686467,Data Engineer,jobrapido,2026-09-10T04:32:56.754310,,,,
5379577687213867008,Senior Software Engineer ID73490,AgileEngine,Rosario,,,https://open.app.jobrapido.com/ar/5379577687213867008/?w=data%20engineer&l=&oc=sponsored&k=web.1.4.0&uuid=arF001a08a744f530b00&page_item_id=-2100459574,Data Engineer,jobrapido,2026-09-10T04:34:34.607824,,,,
3138956934665732096,Senior Frontend Engineer ID77771,AgileEngine,Rosario,,,https://open.app.jobrapido.com/ar/3138956934665732096/?w=data%20engineer&l=&oc=sponsored&k=web.1.4.1&uuid=arF001a08a744f530b00&page_item_id=1123835978,Data Engineer,jobrapido,2026-09-10T04:34:34.608380,,,,
3422297920047677440,Senior React Native Engineer ID74262,AgileEngine,Rosario,,,https://open.app.jobrapido.com/ar/3422297920047677440/?w=data%20engineer&l=&oc=sponsored&k=web.1.4.2&uuid=arF001a08a744f530b00&page_item_id=516560417,Data Engineer,jobrapido,2026-09-10T04:34:34.608887,,,,
3130869631506448384,Artificial Intelligence Engineer ID87374,AgileEngine,Rosario,,,https://open.app.jobrapido.com/ar/3130869631506448384/?w=data%20engineer&l=&oc=sponsored&k=web.1.4.3&uuid=arF001a08a744f530b00&page_item_id=1931855690,Data Engineer,jobrapido,2026-09-10T04:34:34.609437,,,,
8293423224696340480,Full Stack Engineer ID82571,AgileEngine,Rosario,,,https://open.app.jobrapido.com/ar/8293423224696340480/?w=data%20engineer&l=&oc=sponsored&k=web.1.4.4&uuid=arF001a08a744f530b00&page_item_id=26028632,Data Engineer,jobrapido,2026-09-10T04:34:34.609949,,,,
5461112057870942208,Full Stack Engineer ID83016,AgileEngine,Rosario,,,https://open.app.jobrapido.com/ar/5461112057870942208/?w=data%20engineer&l=&oc=sponsored&k=web.1.4.5&uuid=arF001a08a744f530b00&page_item_id=-4464493,Data Engineer,jobrapido,2026-09-10T04:34:34.610494,,,,
604089810914639872,Senior Security Software Engineer ID80138,AgileEngine,Rosario,,,https://open.app.jobrapido.com/ar/604089810914639872/?w=data%20engineer&l=&oc=sponsored&k=web.1.4.6&uuid=arF001a08a744f530b00&page_item_id=-296113700,Data Engineer,jobrapido,2026-09-10T04:34:34.610989,,,,
485918012013019136,Accounts Payable Analyst,Gates Corporation,Rosario,,,https://open.app.jobrapido.com/ar/485918012013019136/?w=data%20engineer&l=&oc=sponsored&k=web.1.4.7&uuid=arF001a08a744f530b00&page_item_id=919279435,Data Engineer,jobrapido,2026-09-10T04:34:34.611472,,,,
1332559007830769664,Senior Backend Engineer ID81650,AgileEngine,Rosario,,,https://open.app.jobrapido.com/ar/1332559007830769664/?w=data%20engineer&l=&oc=sponsored&k=web.1.4.8&uuid=arF001a08a744f530b00&page_item_id=2052020952,Data Engineer,jobrapido,2026-09-10T04:34:34.611959,,,,
7329059030721101824,Senior Software Engineer ID81650,AgileEngine,Rosario,,,https://open.app.jobrapido.com/ar/7329059030721101824/?w=data%20engineer&l=&oc=sponsored&k=web.1.4.9&uuid=arF001a08a744f530b00&page_item_id=-499482931,Data Engineer,jobrapido,2026-09-10T04:34:34.612445,,,,
7826179573720023040,Senior Backend Engineer ID68432,AgileEngine,Rosario,,,https://open.app.jobrapido.com/ar/7826179573720023040/?w=data%20engineer&l=&oc=sponsored&k=web.1.4.10&uuid=arF001a08a744f530b00&page_item_id=843768924,Data Engineer,jobrapido,2026-09-10T04:34:34.612929,,,,
157654211335553024,Senior Backend AdTech Engineer ID52365,AgileEngine,Rosario,,,https://open.app.jobrapido.com/ar/157654211335553024/?w=data%20engineer&l=&oc=sponsored&k=web.1.4.11&uuid=arF001a08a744f530b00&page_item_id=-978295749,Data Engineer,jobrapido,2026-09-10T04:34:34.613411,,,,
6440130731799740416,Manual QA Engineer (Mid-level) ID67829,AgileEngine,Rosario,,,https://open.app.jobrapido.com/ar/6440130731799740416/?w=data%20engineer&l=&oc=sponsored&k=web.1.4.12&uuid=arF001a08a744f530b00&page_item_id=1011404531,Data Engineer,jobrapido,2026-09-10T04:34:34.613898,,,,
1012473958756253696,Lead Python Engineer (AppSec) ID71666,AgileEngine,Rosario,,,https://open.app.jobrapido.com/ar/1012473958756253696/?w=data%20engineer&l=&oc=sponsored&k=web.1.4.13&uuid=arF001a08a744f530b00&page_item_id=1611620539,Data Engineer,jobrapido,2026-09-10T04:34:34.614381,,,,
229862197948317696,Senior/Lead QA Automation Engineer ID71661,AgileEngine,Rosario,,,https://open.app.jobrapido.com/ar/229862197948317696/?w=data%20engineer&l=&oc=sponsored&k=web.1.4.14&uuid=arF001a08a744f530b00&page_item_id=1422793954,Data Engineer,jobrapido,2026-09-10T04:34:34.614864,,,,
1752516752505307136,Lead Backend Engineer ID76299,AgileEngine,Rosario,,,https://open.app.jobrapido.com/ar/1752516752505307136/?w=data%20engineer&l=&oc=sponsored&k=web.1.4.15&uuid=arF001a08a744f530b00&page_item_id=-1239990918,Data Engineer,jobrapido,2026-09-10T04:34:34.615352,,,,
439135407158853632,Talent Community | Senior InRiver PIM Engineer ID76563,AgileEngine,Rosario,,,https://open.app.jobrapido.com/ar/439135407158853632/?w=data%20engineer&l=&oc=sponsored&k=web.1.4.16&uuid=arF001a08a744f530b00&page_item_id=408589040,Data Engineer,jobrapido,2026-09-10T04:34:34.615839,,,,
2222702043762524160,Data Center Engineer,Sharp Brains,Granadero Baigorria,,,https://open.app.jobrapido.com/ar/2222702043762524160/?w=data%20engineer&l=&oc=sponsored&k=web.1.4.17&uuid=arF001a08a744f530b00&page_item_id=909496220,Data Engineer,jobrapido,2026-09-10T04:34:34.616323,,,,
3043049868269453312,On-Demand Data Center & Network Technician,Sharp Brains,Granadero Baigorria,,,https://open.app.jobrapido.com/ar/3043049868269453312/?w=data%20engineer&l=&oc=sponsored&k=web.1.4.18&uuid=arF001a08a744f530b00&page_item_id=1843759487,Data Engineer,jobrapido,2026-09-10T04:34:34.616810,,,,
5012665640503214080,Data Engineer,Scale Up Recruiting Partners,Rincón De Los Sauces,,,https://open.app.jobrapido.com/ar/5012665640503214080/?w=data%20engineer&l=&oc=sponsored&k=web.1.4.19&uuid=arF001a08a744f530b00&page_item_id=835980666,Data Engineer,jobrapido,2026-09-10T04:34:34.617295,,,,
1066294657798897664,Data Engineer,Scale Up Recruiting Partners,Capital Federal,,,https://open.app.jobrapido.com/ar/1066294657798897664/?w=data%20engineer&l=&oc=sponsored&k=web.1.5.0&uuid=arF001a08a76541b0bbb&page_item_id=-1698790411,Data Engineer,jobrapido,2026-09-10T04:36:46.926202,,,,
7457714398115659776,Data Engineer,RYZ Labs,Capital Federal,,,https://open.app.jobrapido.com/ar/7457714398115659776/?w=data%20engineer&l=&oc=sponsored&k=web.1.5.1&uuid=arF001a08a76541b0bbb&page_item_id=641672927,Data Engineer,jobrapido,2026-09-10T04:36:46.926760,,,,
848389474856468480,Data Engineer,Ryz Labs,Esquel,,,https://open.app.jobrapido.com/ar/848389474856468480/?w=data%20engineer&l=&oc=sponsored&k=web.1.5.2&uuid=arF001a08a76541b0bbb&page_item_id=1350014193,Data Engineer,jobrapido,2026-09-10T04:36:46.927258,,,,
3110038146767650816,Data Engineer,Syneos Health,Capital Federal,,,https://open.app.jobrapido.com/ar/3110038146767650816/?w=data%20engineer&l=&oc=sponsored&k=web.1.5.3&uuid=arF001a08a76541b0bbb&page_item_id=-2020551097,Data Engineer,jobrapido,2026-09-10T04:36:46.927743,,,,
7506321608156381184,Data Engineer,Cashea,Capital Federal,,,https://open.app.jobrapido.com/ar/7506321608156381184/?w=data%20engineer&l=&oc=sponsored&k=web.1.5.4&uuid=arF001a08a76541b0bbb&page_item_id=1715118750,Data Engineer,jobrapido,2026-09-10T04:36:46.928233,,,,
8753053444845076480,Data Engineer (Buenos Aires),Yeah! Global,Capital Federal,,,https://open.app.jobrapido.com/ar/8753053444845076480/?w=data%20engineer&l=&oc=sponsored&k=web.1.5.5&uuid=arF001a08a76541b0bbb&page_item_id=-509605211,Data Engineer,jobrapido,2026-09-10T04:36:46.928715,,,,
1562789028925800448,Data Engineer,AccelOne,Capital Federal,,,https://open.app.jobrapido.com/ar/1562789028925800448/?w=data%20engineer&l=&oc=sponsored&k=web.1.5.7&uuid=arF001a08a76541b0bbb&page_item_id=-2029752815,Data Engineer,jobrapido,2026-09-10T04:36:46.929339,,,,
7336530624548700160,ENT1691 Associate Data Engineer,Assurant,Esquel,,,https://open.app.jobrapido.com/ar/7336530624548700160/?w=data%20engineer&l=&oc=sponsored&k=web.1.5.8&uuid=arF001a08a76541b0bbb&page_item_id=89092091,Data Engineer,jobrapido,2026-09-10T04:36:46.929827,,,,
6600502680328601600,Data Engineer,Kelsus,Remoto,,,https://open.app.jobrapido.com/ar/6600502680328601600/?w=data%20engineer&l=&oc=sponsored&k=web.1.5.9&uuid=arF001a08a76541b0bbb&page_item_id=516652740,Data Engineer,jobrapido,2026-09-10T04:36:46.930304,,,,
3645984438208167936,AI Data Engineer Ssr.,Acciona IT,Rincón De Los Sauces,,,https://open.app.jobrapido.com/ar/3645984438208167936/?w=data%20engineer&l=&oc=sponsored&k=web.1.5.10&uuid=arF001a08a76541b0bbb&page_item_id=-1833024875,Data Engineer,jobrapido,2026-09-10T04:36:46.930785,,,,
425334783883608064,Data Engineer: Big Data Pipelines & ML Production,Assurant,Esquel,,,https://open.app.jobrapido.com/ar/425334783883608064/?w=data%20engineer&l=&oc=sponsored&k=web.1.5.11&uuid=arF001a08a76541b0bbb&page_item_id=-2103798426,Data Engineer,jobrapido,2026-09-10T04:36:46.931274,,,,
9093971301508317184,Data Engineer,Pavago,Remoto,,,https://open.app.jobrapido.com/ar/9093971301508317184/?w=data%20engineer&l=&oc=sponsored&k=web.1.5.12&uuid=arF001a08a76541b0bbb&page_item_id=1200172748,Data Engineer,jobrapido,2026-09-10T04:36:46.932244,,,,
5356103113960849408,Senior Data Engineer ID82554,"AgileEngine, LLC.",Mar Del Plata,,,https://open.app.jobrapido.com/ar/5356103113960849408/?w=data%20engineer&l=&oc=sponsored&k=web.1.5.13&uuid=arF001a08a76541b0bbb&page_item_id=1297996515,Data Engineer,jobrapido,2026-09-10T04:36:46.933960,,,,
3765740014890123264,Data Engineer,Huzzle,Remoto,,,https://open.app.jobrapido.com/ar/3765740014890123264/?w=data%20engineer&l=&oc=sponsored&k=web.1.5.15&uuid=arF001a08a76541b0bbb&page_item_id=-970045348,Data Engineer,jobrapido,2026-09-10T04:36:46.936091,,,,
8080101802650894336,Senior Data Engineer ID82548,AgileEngine,Mar Del Plata,,,https://open.app.jobrapido.com/ar/8080101802650894336/?w=data%20engineer&l=&oc=sponsored&k=web.1.5.16&uuid=arF001a08a76541b0bbb&page_item_id=-239316084,Data Engineer,jobrapido,2026-09-10T04:36:46.936957,,,,
2582004851533676544,Senior Data Engineer,Luxer One,Vicente López,,,https://open.app.jobrapido.com/ar/2582004851533676544/?w=data%20engineer&l=&oc=sponsored&k=web.1.5.17&uuid=arF001a08a76541b0bbb&page_item_id=800038650,Data Engineer,jobrapido,2026-09-10T04:36:46.937621,,,,
1658615195318091776,Data & Machine Learning Engineer,IDT,Capital Federal,,,https://open.app.jobrapido.com/ar/1658615195318091776/?w=data%20engineer&l=&oc=sponsored&k=web.1.5.18&uuid=arF001a08a76541b0bbb&page_item_id=-148405214,Data Engineer,jobrapido,2026-09-10T04:36:46.938142,,,,
5077271723980619776,Data Engineer: Build Scalable Pipelines & Data Lakes,Yeah! Global,Capital Federal,,,https://open.app.jobrapido.com/ar/5077271723980619776/?w=data%20engineer&l=&oc=sponsored&k=web.1.5.19&uuid=arF001a08a76541b0bbb&page_item_id=-1624726517,Data Engineer,jobrapido,2026-09-10T04:36:46.938640,,,,
9119623594979098624,Sr. Software Engineer - Java/AWS,Coderio,Rosario,,,https://open.app.jobrapido.com/ar/9119623594979098624/?w=software%20engineer&l=&oc=sponsored&k=web.1.1.2&uuid=arF001a08a7843a40c7c&page_item_id=784358648,Software Engineer,jobrapido,2026-09-10T04:38:53.890376,,,,
3847734050127085568,Remote Software Engineer for AI Training & Code Evaluation,Alignerr,Rosario,,,https://open.app.jobrapido.com/ar/3847734050127085568/?w=software%20engineer&l=&oc=sponsored&k=web.1.1.3&uuid=arF001a08a7843a40c7c&page_item_id=-945031768,Software Engineer,jobrapido,2026-09-10T04:38:53.890886,,,,
1710535216713433088,Full Stack Software Engineer ID85596,AgileEngine,Rosario,,,https://open.app.jobrapido.com/ar/1710535216713433088/?w=software%20engineer&l=&oc=sponsored&k=web.1.1.5&uuid=arF001a08a7843a40c7c&page_item_id=-335932011,Software Engineer,jobrapido,2026-09-10T04:38:53.891514,,,,
6265197744625811456,Senior Full Stack Engineer - React + Node.js (CRM) - Remote,FullStack,Rosario,,,https://open.app.jobrapido.com/ar/6265197744625811456/?w=software%20engineer&l=&oc=sponsored&k=web.1.1.8&uuid=arF001a08a7843a40c7c&page_item_id=526257729,Software Engineer,jobrapido,2026-09-10T04:38:53.892289,,,,
9164286186796089344,"Web React Engineer — TypeScript, AI Tools, Remote & Flexible",AgileEngine,Rosario,,,https://open.app.jobrapido.com/ar/9164286186796089344/?w=software%20engineer&l=&oc=sponsored&k=web.1.1.9&uuid=arF001a08a7843a40c7c&page_item_id=159677560,Software Engineer,jobrapido,2026-09-10T04:38:53.892783,,,,
6228642917192302592,"Senior Cloud Engineer: AWS, CI/CD, Docker & Kubernetes",Buildee,Rosario,,,https://open.app.jobrapido.com/ar/6228642917192302592/?w=software%20engineer&l=&oc=sponsored&k=web.1.1.10&uuid=arF001a08a7843a40c7c&page_item_id=501294204,Software Engineer,jobrapido,2026-09-10T04:38:53.894407,,,,
3394755050692673536,Cloud Engineer Senior,Staffed,Rosario,,,https://open.app.jobrapido.com/ar/3394755050692673536/?w=software%20engineer&l=&oc=sponsored&k=web.1.1.11&uuid=arF001a08a7843a40c7c&page_item_id=-1656924317,Software Engineer,jobrapido,2026-09-10T04:38:53.896025,,,,
6184743815941718016,Remote Senior Full-Stack Engineer (Node + Vue),FullStack,Rosario,,,https://open.app.jobrapido.com/ar/6184743815941718016/?w=software%20engineer&l=&oc=sponsored&k=web.1.1.12&uuid=arF001a08a7843a40c7c&page_item_id=601594806,Software Engineer,jobrapido,2026-09-10T04:38:53.897140,,,,
2577771731766738944,Senior AppSec Engineer: AI-Driven Secure Coding & CI/CD,AgileEngine,Rosario,,,https://open.app.jobrapido.com/ar/2577771731766738944/?w=software%20engineer&l=&oc=sponsored&k=web.1.1.13&uuid=arF001a08a7843a40c7c&page_item_id=47902841,Software Engineer,jobrapido,2026-09-10T04:38:53.898211,,,,
7415915364074127360,Senior QA Automation Engineer — Serverless API Testing,AgileEngine,Rosario,,,https://open.app.jobrapido.com/ar/7415915364074127360/?w=software%20engineer&l=&oc=sponsored&k=web.1.1.14&uuid=arF001a08a7843a40c7c&page_item_id=1067091448,Software Engineer,jobrapido,2026-09-10T04:38:53.898961,,,,
5967251619874603008,Senior AppSec Engineer ID71672,AgileEngine,Rosario,,,https://open.app.jobrapido.com/ar/5967251619874603008/?w=software%20engineer&l=&oc=sponsored&k=web.1.1.15&uuid=arF001a08a7843a40c7c&page_item_id=-794887676,Software Engineer,jobrapido,2026-09-10T04:38:53.899476,,,,
526721695973638144,Senior Quality Engineer ID84192,"AgileEngine, LLC.",Rosario,,,https://open.app.jobrapido.com/ar/526721695973638144/?w=software%20engineer&l=&oc=sponsored&k=web.1.1.17&uuid=arF001a08a7843a40c7c&page_item_id=-313399868,Software Engineer,jobrapido,2026-09-10T04:38:53.900128,,,,
2690154739387072512,Senior/Lead AppSec Engineer ID71672,"AgileEngine, LLC.",Rosario,,,https://open.app.jobrapido.com/ar/2690154739387072512/?w=software%20engineer&l=&oc=sponsored&k=web.1.1.18&uuid=arF001a08a7843a40c7c&page_item_id=-968358802,Software Engineer,jobrapido,2026-09-10T04:38:53.900625,,,,
7933961262617067520,AppSec Engineer ID71671,AgileEngine,Rosario,,,https://open.app.jobrapido.com/ar/7933961262617067520/?w=software%20engineer&l=&oc=sponsored&k=web.1.2.0&uuid=arF001a08a7991400d06&page_item_id=864129683,Software Engineer,jobrapido,2026-09-10T04:40:18.993739,,,,
5276628300381290496,Senior Full Stack Engineer ID82556,"AgileEngine, LLC.",Rosario,,,https://open.app.jobrapido.com/ar/5276628300381290496/?w=software%20engineer&l=&oc=sponsored&k=web.1.2.4&uuid=arF001a08a7991400d06&page_item_id=1506972502,Software Engineer,jobrapido,2026-09-10T04:40:18.994840,,,,
3444339090915328000,Senior Platform Engineer - AI-Driven Cloud & Fabric,PwC South Africa,Rosario,,,https://open.app.jobrapido.com/ar/3444339090915328000/?w=software%20engineer&l=&oc=sponsored&k=web.1.2.8&uuid=arF001a08a7991400d06&page_item_id=1053930366,Software Engineer,jobrapido,2026-09-10T04:40:18.995772,,,,
1337651791071805440,Middle Full Stack Engineer ID84407,AgileEngine,Rosario,,,https://open.app.jobrapido.com/ar/1337651791071805440/?w=software%20engineer&l=&oc=sponsored&k=web.1.2.11&uuid=arF001a08a7991400d06&page_item_id=47765236,Software Engineer,jobrapido,2026-09-10T04:40:18.996568,,,,
553322180784422912,DevOps / Site Reliability Engineer ID70127,AgileEngine,Rosario,,,https://open.app.jobrapido.com/ar/553322180784422912/?w=software%20engineer&l=&oc=sponsored&k=web.1.2.15&uuid=arF001a08a7991400d06&page_item_id=-1492762612,Software Engineer,jobrapido,2026-09-10T04:40:18.997475,,,,
8979421568786497536,Senior Java Engineer ID84680,AgileEngine,Rosario,,,https://open.app.jobrapido.com/ar/8979421568786497536/?w=software%20engineer&l=&oc=sponsored&k=web.1.2.19&uuid=arF001a08a7991400d06&page_item_id=682919122,Software Engineer,jobrapido,2026-09-10T04:40:18.998376,,,,
5849005861636145152,Senior Software Engineer ID87210,AgileEngine,Rosario,,,https://open.app.jobrapido.com/ar/5849005861636145152/?w=software%20engineer&l=&oc=sponsored&k=web.1.3.14&uuid=arF001a08a7a23ea0d57&page_item_id=-1302092046,Software Engineer,jobrapido,2026-09-10T04:40:56.540045,,,,
2363295015058276352,Senior Software Engineer ID74262,AgileEngine,Rosario,,,https://open.app.jobrapido.com/ar/2363295015058276352/?w=software%20engineer&l=&oc=sponsored&k=web.1.4.1&uuid=arF001a08a7a4cb00d66&page_item_id=1999567515,Software Engineer,jobrapido,2026-09-10T04:41:06.898535,,,,
1029805938502008832,Senior Software Engineer ID74260,AgileEngine,Rosario,,,https://open.app.jobrapido.com/ar/1029805938502008832/?w=software%20engineer&l=&oc=sponsored&k=web.1.4.2&uuid=arF001a08a7a4cb00d66&page_item_id=1499485489,Software Engineer,jobrapido,2026-09-10T04:41:06.899281,,,,
6401484959667716096,Senior Software Engineer ID72455,AgileEngine,Rosario,,,https://open.app.jobrapido.com/ar/6401484959667716096/?w=software%20engineer&l=&oc=sponsored&k=web.1.4.3&uuid=arF001a08a7a4cb00d66&page_item_id=-926331216,Software Engineer,jobrapido,2026-09-10T04:41:06.900008,,,,
8312777068886622208,Software Engineer (Web) ID76971,AgileEngine,Rosario,,,https://open.app.jobrapido.com/ar/8312777068886622208/?w=software%20engineer&l=&oc=sponsored&k=web.1.4.5&uuid=arF001a08a7a4cb00d66&page_item_id=-1913321787,Software Engineer,jobrapido,2026-09-10T04:41:06.900939,,,,
49495441489788928,Senior AI Software Engineer ID87002,AgileEngine,Rosario,,,https://open.app.jobrapido.com/ar/49495441489788928/?w=software%20engineer&l=&oc=sponsored&k=web.1.4.7&uuid=arF001a08a7a4cb00d66&page_item_id=1209970519,Software Engineer,jobrapido,2026-09-10T04:41:06.902024,,,,
6543246797723140096,Senior Software Engineer (Mobile) ID74260,AgileEngine,Rosario,,,https://open.app.jobrapido.com/ar/6543246797723140096/?w=software%20engineer&l=&oc=sponsored&k=web.1.4.8&uuid=arF001a08a7a4cb00d66&page_item_id=-1014830610,Software Engineer,jobrapido,2026-09-10T04:41:06.902656,,,,
3353770205011509248,Senior Agentic AI Software Engineer ID81654,AgileEngine,Rosario,,,https://open.app.jobrapido.com/ar/3353770205011509248/?w=software%20engineer&l=&oc=sponsored&k=web.1.4.9&uuid=arF001a08a7a4cb00d66&page_item_id=-728230502,Software Engineer,jobrapido,2026-09-10T04:41:06.903286,,,,
306698166441345024,Tech Lead Security Software Engineer ID80140,AgileEngine,Rosario,,,https://open.app.jobrapido.com/ar/306698166441345024/?w=software%20engineer&l=&oc=sponsored&k=web.1.4.10&uuid=arF001a08a7a4cb00d66&page_item_id=500937818,Software Engineer,jobrapido,2026-09-10T04:41:06.903911,,,,
8578206838053404672,Software Engineer (Elixir/Phoenix) - Latin America (REMOTE),Bluelight Consulting,Rosario,,,https://open.app.jobrapido.com/ar/8578206838053404672/?w=software%20engineer&l=&oc=sponsored&k=web.1.4.11&uuid=arF001a08a7a4cb00d66&page_item_id=-302513464,Software Engineer,jobrapido,2026-09-10T04:41:06.904531,,,,
8690899203578134528,Senior Quality Engineer ID84192,AgileEngine,Rosario,,,https://open.app.jobrapido.com/ar/8690899203578134528/?w=software%20engineer&l=&oc=sponsored&k=web.1.4.12&uuid=arF001a08a7a4cb00d66&page_item_id=1592159986,Software Engineer,jobrapido,2026-09-10T04:41:06.905153,,,,
5787064478948392960,Senior/Lead AppSec Engineer ID71672,AgileEngine,Rosario,,,https://open.app.jobrapido.com/ar/5787064478948392960/?w=software%20engineer&l=&oc=sponsored&k=web.1.4.13&uuid=arF001a08a7a4cb00d66&page_item_id=232907639,Software Engineer,jobrapido,2026-09-10T04:41:06.905769,,,,
8076722677001224192,Senior Mobile Engineer ID82572,AgileEngine,Rosario,,,https://open.app.jobrapido.com/ar/8076722677001224192/?w=software%20engineer&l=&oc=sponsored&k=web.1.5.0&uuid=arF001a08a7b71370dbc&page_item_id=-1761920824,Software Engineer,jobrapido,2026-09-10T04:42:22.133516,,,,
6660203430117638144,Senior Site Reliability Engineer ID82566,AgileEngine,Rosario,,,https://open.app.jobrapido.com/ar/6660203430117638144/?w=software%20engineer&l=&oc=sponsored&k=web.1.5.1&uuid=arF001a08a7b71370dbc&page_item_id=-82038629,Software Engineer,jobrapido,2026-09-10T04:42:22.134139,,,,
5012730391430168576,Senior Full Stack Engineer ID82556,AgileEngine,Rosario,,,https://open.app.jobrapido.com/ar/5012730391430168576/?w=software%20engineer&l=&oc=sponsored&k=web.1.5.2&uuid=arF001a08a7b71370dbc&page_item_id=-349282499,Software Engineer,jobrapido,2026-09-10T04:42:22.134667,,,,
1215347907213918208,Platform Engineer ID82552,AgileEngine,Rosario,,,https://open.app.jobrapido.com/ar/1215347907213918208/?w=software%20engineer&l=&oc=sponsored&k=web.1.5.3&uuid=arF001a08a7b71370dbc&page_item_id=-1611919508,Software Engineer,jobrapido,2026-09-10T04:42:22.135198,,,,
8099114626437873664,Senior React Native Engineer ID74262,"AgileEngine, LLC.",Rosario,,,https://open.app.jobrapido.com/ar/8099114626437873664/?w=software%20engineer&l=&oc=sponsored&k=web.1.5.4&uuid=arF001a08a7b71370dbc&page_item_id=-541836708,Software Engineer,jobrapido,2026-09-10T04:42:22.135720,,,,
6388633403905802240,Senior Data Engineer ID82269,AgileEngine,Rosario,,,https://open.app.jobrapido.com/ar/6388633403905802240/?w=software%20engineer&l=&oc=sponsored&k=web.1.5.5&uuid=arF001a08a7b71370dbc&page_item_id=76750673,Software Engineer,jobrapido,2026-09-10T04:42:22.136245,,,,
3686473627483504640,Senior Data Engineer ID81652,AgileEngine,Rosario,,,https://open.app.jobrapido.com/ar/3686473627483504640/?w=software%20engineer&l=&oc=sponsored&k=web.1.5.6&uuid=arF001a08a7b71370dbc&page_item_id=1585365260,Software Engineer,jobrapido,2026-09-10T04:42:22.136766,,,,
2064065055862816768,Senior Data Engineer ID81743,AgileEngine,Rosario,,,https://open.app.jobrapido.com/ar/2064065055862816768/?w=software%20engineer&l=&oc=sponsored&k=web.1.5.7&uuid=arF001a08a7b71370dbc&page_item_id=1807412166,Software Engineer,jobrapido,2026-09-10T04:42:22.137264,,,,
4201833075522404352,Mobile Engineer ID74264,AgileEngine,Rosario,,,https://open.app.jobrapido.com/ar/4201833075522404352/?w=software%20engineer&l=&oc=sponsored&k=web.1.5.9&uuid=arF001a08a7b71370dbc&page_item_id=675146083,Software Engineer,jobrapido,2026-09-10T04:42:22.137879,,,,
3480160372294418432,Senior Full Stack Engineer ID78855,AgileEngine,Rosario,,,https://open.app.jobrapido.com/ar/3480160372294418432/?w=software%20engineer&l=&oc=sponsored&k=web.1.5.10&uuid=arF001a08a7b71370dbc&page_item_id=-1010581391,Software Engineer,jobrapido,2026-09-10T04:42:22.138352,,,,
9108558470734413824,Lead Data Engineer ID71008,AgileEngine,Rosario,,,https://open.app.jobrapido.com/ar/9108558470734413824/?w=software%20engineer&l=&oc=sponsored&k=web.1.5.12&uuid=arF001a08a7b71370dbc&page_item_id=1863355339,Software Engineer,jobrapido,2026-09-10T04:42:22.138962,,,,
5784953210464632832,Senior Mobile Engineer ID74261,AgileEngine,Rosario,,,https://open.app.jobrapido.com/ar/5784953210464632832/?w=software%20engineer&l=&oc=sponsored&k=web.1.5.14&uuid=arF001a08a7b71370dbc&page_item_id=1405667169,Software Engineer,jobrapido,2026-09-10T04:42:22.139573,,,,
3635979724208996352,Senior Data Engineer ID71670,AgileEngine,Rosario,,,https://open.app.jobrapido.com/ar/3635979724208996352/?w=software%20engineer&l=&oc=sponsored&k=web.1.5.15&uuid=arF001a08a7b71370dbc&page_item_id=1389395079,Software Engineer,jobrapido,2026-09-10T04:42:22.140050,,,,
8175104967409926144,Senior Backend Engineer ID77083,AgileEngine,Rosario,,,https://open.app.jobrapido.com/ar/8175104967409926144/?w=software%20engineer&l=&oc=sponsored&k=web.1.5.16&uuid=arF001a08a7b71370dbc&page_item_id=922511932,Software Engineer,jobrapido,2026-09-10T04:42:22.140526,,,,
1770236430358937600,Senior Automation QA Engineer ID72469,AgileEngine,Rosario,,,https://open.app.jobrapido.com/ar/1770236430358937600/?w=software%20engineer&l=&oc=sponsored&k=web.1.5.17&uuid=arF001a08a7b71370dbc&page_item_id=1758656746,Software Engineer,jobrapido,2026-09-10T04:42:22.141006,,,,
1539932862243930112,Senior Full Stack Engineer (backend focus) ID77506,AgileEngine,Rosario,,,https://open.app.jobrapido.com/ar/1539932862243930112/?w=software%20engineer&l=&oc=sponsored&k=web.1.5.18&uuid=arF001a08a7b71370dbc&page_item_id=978174365,Software Engineer,jobrapido,2026-09-10T04:42:22.141480,,,,
3705923438423048192,Anuncios Google,Miratech,Rosario,,,https://open.app.jobrapido.com/ar/3705923438423048192/?w=python&l=&oc=sponsored&k=web.1.1.0&uuid=arF001a08a7d26f10e64&page_item_id=-1381752161,Python Developer,jobrapido,2026-09-10T04:44:13.946935,,,,
1716458285852262400,Desarrollador/a Fullstack (React + Python),Aliancers,Rosario,,,https://open.app.jobrapido.com/ar/1716458285852262400/?w=python&l=&oc=sponsored&k=web.1.1.1&uuid=arF001a08a7d26f10e64&page_item_id=428048820,Python Developer,jobrapido,2026-09-10T04:44:13.947654,,,,
8297758375706361856,Senior Full Stack Engineer — Python/React (Remote),AgileEngine,Rosario,,,https://open.app.jobrapido.com/ar/8297758375706361856/?w=python&l=&oc=sponsored&k=web.1.1.2&uuid=arF001a08a7d26f10e64&page_item_id=849978919,Python Developer,jobrapido,2026-09-10T04:44:13.948311,,,,
2058883607316922368,Senior Python Engineer - Real-Time Voice on AWS,Miratech,Rosario,,,https://open.app.jobrapido.com/ar/2058883607316922368/?w=python&l=&oc=sponsored&k=web.1.1.3&uuid=arF001a08a7d26f10e64&page_item_id=1932079465,Python Developer,jobrapido,2026-09-10T04:44:13.948958,,,,
7261796819208765440,Remote DevSecOps Engineer (Python) — CI/CD Security & Remediation,AgileEngine,Rosario,,,https://open.app.jobrapido.com/ar/7261796819208765440/?w=python&l=&oc=sponsored&k=web.1.1.4&uuid=arF001a08a7d26f10e64&page_item_id=449914903,Python Developer,jobrapido,2026-09-10T04:44:13.949594,,,,
5242644783968550912,"Senior Python/Flask+React Fullstack Engineer - Remote, Latin America",Bluelight,Rosario,,,https://open.app.jobrapido.com/ar/5242644783968550912/?w=python&l=&oc=sponsored&k=web.1.1.7&uuid=arF001a08a7d26f10e64&page_item_id=1424723988,Python Developer,jobrapido,2026-09-10T04:44:13.951658,,,,
432791585843838976,Senior Python/React Full-Stack Engineer — Impact & Growth,Bluelight,Rosario,,,https://open.app.jobrapido.com/ar/432791585843838976/?w=python&l=&oc=sponsored&k=web.1.1.10&uuid=arF001a08a7d26f10e64&page_item_id=814379698,Python Developer,jobrapido,2026-09-10T04:44:13.953868,,,,
2148329479531921408,Technical Lead - Remote AI-Powered Marketing Platform,"AgileEngine, LLC.",Rosario,,,https://open.app.jobrapido.com/ar/2148329479531921408/?w=python&l=&oc=sponsored&k=web.1.1.13&uuid=arF001a08a7d26f10e64&page_item_id=-1373254846,Python Developer,jobrapido,2026-09-10T04:44:13.955218,,,,
1402503477959065600,"Senior AppSec Engineer - Remote, AI-Driven Secure Coding","AgileEngine, LLC.",Rosario,,,https://open.app.jobrapido.com/ar/1402503477959065600/?w=python&l=&oc=sponsored&k=web.1.1.14&uuid=arF001a08a7d26f10e64&page_item_id=210314987,Python Developer,jobrapido,2026-09-10T04:44:13.955949,,,,
7942257747863535616,Fullstack Developer,Fligoo,Rosario,,,https://open.app.jobrapido.com/ar/7942257747863535616/?w=python&l=&oc=sponsored&k=web.1.2.4&uuid=arF001a08a7e161f0eb6&page_item_id=-786823164,Python Developer,jobrapido,2026-09-10T04:45:15.444076,,,,
6396353470181408768,Automation Specialist,Scale Up Recruiting Partners,Rosario,,,https://open.app.jobrapido.com/ar/6396353470181408768/?w=python&l=&oc=sponsored&k=web.1.2.5&uuid=arF001a08a7e161f0eb6&page_item_id=-880797418,Python Developer,jobrapido,2026-09-10T04:45:15.444617,,,,
8109424953129959424,JSOC - Cybersecurity Specialist - Incident Response,Questrade Financial Group,Rosario,,,https://open.app.jobrapido.com/ar/8109424953129959424/?w=python&l=&oc=sponsored&k=web.1.2.9&uuid=arF001a08a7e161f0eb6&page_item_id=616737182,Python Developer,jobrapido,2026-09-10T04:45:15.445651,,,,
4271207242713268224,Desarrollador/a Backend,Findme,Rosario,,,https://open.app.jobrapido.com/ar/4271207242713268224/?w=python&l=&oc=sponsored&k=web.1.3.0&uuid=arF001a08a7e69a60ec9&page_item_id=1208579145,Python Developer,jobrapido,2026-09-10T04:45:36.974096,,,,
2808709838350057472,AI Platform Tech Lead ID84742,AgileEngine,Rosario,,,https://open.app.jobrapido.com/ar/2808709838350057472/?w=python&l=&oc=sponsored&k=web.1.3.9&uuid=arF001a08a7e69a60ec9&page_item_id=971882857,Python Developer,jobrapido,2026-09-10T04:45:36.975730,,,,
4716508335271051264,Marketing Technologist | Regulated DTC Consumer Brand,Atomic HR,Rosario,,,https://open.app.jobrapido.com/ar/4716508335271051264/?w=python&l=&oc=sponsored&k=web.1.3.10&uuid=arF001a08a7e69a60ec9&page_item_id=1694549720,Python Developer,jobrapido,2026-09-10T04:45:36.976220,,,,
388968127557271552,Python Engineer (AppSec) ID71670,AgileEngine,Rosario,,,https://open.app.jobrapido.com/ar/388968127557271552/?w=python&l=&oc=sponsored&k=web.1.3.12&uuid=arF001a08a7e69a60ec9&page_item_id=66068687,Python Developer,jobrapido,2026-09-10T04:45:36.976841,,,,
1712019093554462720,"Data Engineer (Senior) - ETL (Python+Snowflake) - Remote, Latin América",Bluelight Consulting,Rosario,,,https://open.app.jobrapido.com/ar/1712019093554462720/?w=python&l=&oc=sponsored&k=web.1.3.14&uuid=arF001a08a7e69a60ec9&page_item_id=1982540698,Python Developer,jobrapido,2026-09-10T04:45:36.977463,,,,
3396846442067787776,Senior Full Stack Engineer ID87215,AgileEngine,Rosario,,,https://open.app.jobrapido.com/ar/3396846442067787776/?w=python&l=&oc=sponsored&k=web.1.3.15&uuid=arF001a08a7e69a60ec9&page_item_id=-1008403814,Python Developer,jobrapido,2026-09-10T04:45:36.977967,,,,
5013144821414494208,Analista Técnico Funcional BI,LA VIRGINIA,Rosario,,,https://open.app.jobrapido.com/ar/5013144821414494208/?w=python&l=&oc=sponsored&k=web.1.4.1&uuid=arF001a08a7f0d390f42&page_item_id=1106845321,Python Developer,jobrapido,2026-09-10T04:46:18.568033,,,,
7307662792142618624,Remote AI/ML Engineer: Build Production AI Systems,FullStack,Rosario,,,https://open.app.jobrapido.com/ar/7307662792142618624/?w=python&l=&oc=sponsored&k=web.1.4.3&uuid=arF001a08a7f0d390f42&page_item_id=-702695447,Python Developer,jobrapido,2026-09-10T04:46:18.568861,,,,
6912735412494532608,Senior Full-Stack Engineer — Financial Analytics,Bluelight Consulting,Rosario,,,https://open.app.jobrapido.com/ar/6912735412494532608/?w=python&l=&oc=sponsored&k=web.1.4.4&uuid=arF001a08a7f0d390f42&page_item_id=-2000899693,Python Developer,jobrapido,2026-09-10T04:46:18.569500,,,,
797410068478820352,Detection Researcher: Coding-Focused Security Analysis,Zimperium,Rosario,,,https://open.app.jobrapido.com/ar/797410068478820352/?w=python&l=&oc=sponsored&k=web.1.4.5&uuid=arF001a08a7f0d390f42&page_item_id=1075362340,Python Developer,jobrapido,2026-09-10T04:46:18.570162,,,,
6894627881914204160,Senior Infrastructure Engineer ID82562,AgileEngine,Rosario,,,https://open.app.jobrapido.com/ar/6894627881914204160/?w=python&l=&oc=sponsored&k=web.1.4.12&uuid=arF001a08a7f0d390f42&page_item_id=1271169239,Python Developer,jobrapido,2026-09-10T04:46:18.571840,,,,
4749269813228994560,Senior Site Reliability Engineer ID82562,AgileEngine,Rosario,,,https://open.app.jobrapido.com/ar/4749269813228994560/?w=python&l=&oc=sponsored&k=web.1.4.13&uuid=arF001a08a7f0d390f42&page_item_id=787026343,Python Developer,jobrapido,2026-09-10T04:46:18.572461,,,,
911350534319898624,Senior Data Engineer ID71671,AgileEngine,Rosario,,,https://open.app.jobrapido.com/ar/911350534319898624/?w=python&l=&oc=sponsored&k=web.1.4.14&uuid=arF001a08a7f0d390f42&page_item_id=1731581846,Python Developer,jobrapido,2026-09-10T04:46:18.573087,,,,
2832204615129235456,Analista de investigación de mercado,Avalian,Rosario,,,https://open.app.jobrapido.com/ar/2832204615129235456/?w=python&l=&oc=sponsored&k=web.1.4.16&uuid=arF001a08a7f0d390f42&page_item_id=-1988858436,Python Developer,jobrapido,2026-09-10T04:46:18.573781,,,,
5912144921724190720,Senior Data Engineer ID82547,AgileEngine,Rosario,,,https://open.app.jobrapido.com/ar/5912144921724190720/?w=python&l=&oc=sponsored&k=web.1.4.17&uuid=arF001a08a7f0d390f42&page_item_id=-654199236,Python Developer,jobrapido,2026-09-10T04:46:18.574325,,,,
5993210951967440896,Senior Full Stack Developer ID71007,AgileEngine,Rosario,,,https://open.app.jobrapido.com/ar/5993210951967440896/?w=python&l=&oc=sponsored&k=web.1.5.1&uuid=arF001a08a7ffe450f7a&page_item_id=-1468787730,Python Developer,jobrapido,2026-09-10T04:47:20.266128,,,,
4208307824620470272,Technical Lead ID71009,AgileEngine,Rosario,,,https://open.app.jobrapido.com/ar/4208307824620470272/?w=python&l=&oc=sponsored&k=web.1.5.5&uuid=arF001a08a7ffe450f7a&page_item_id=2105097041,Python Developer,jobrapido,2026-09-10T04:47:20.267314,,,,
1367878997806940160,Senior DevOps Engineer ID77081,AgileEngine,Rosario,,,https://open.app.jobrapido.com/ar/1367878997806940160/?w=python&l=&oc=sponsored&k=web.1.5.8&uuid=arF001a08a7ffe450f7a&page_item_id=472373415,Python Developer,jobrapido,2026-09-10T04:47:20.268391,,,,
7543547403970805760,Desarrollador/a Python,Credencial Payments,Capital Federal,,,https://open.app.jobrapido.com/ar/7543547403970805760/?w=python&l=&oc=sponsored&k=web.1.5.10&uuid=arF001a08a7ffe450f7a&page_item_id=-1335039880,Python Developer,jobrapido,2026-09-10T04:47:20.269157,,,,
875046979653074944,Senior Fullstack Python Engineer,Sophilabs,Departamento Uruguay,,,https://open.app.jobrapido.com/ar/875046979653074944/?w=python&l=&oc=sponsored&k=web.1.5.11&uuid=arF001a08a7ffe450f7a&page_item_id=-1482052213,Python Developer,jobrapido,2026-09-10T04:47:20.269696,,,,
8147881471823052800,Senior Python Engineer,Sophilabs,Entre Ríos,,,https://open.app.jobrapido.com/ar/8147881471823052800/?w=python&l=&oc=sponsored&k=web.1.5.13&uuid=arF001a08a7ffe450f7a&page_item_id=-1091423994,Python Developer,jobrapido,2026-09-10T04:47:20.270421,,,,
300359894224076800,Fullstack Python Engineer,Sophilabs,Entre Ríos,,,https://open.app.jobrapido.com/ar/300359894224076800/?w=python&l=&oc=sponsored&k=web.1.5.14&uuid=arF001a08a7ffe450f7a&page_item_id=-488991711,Python Developer,jobrapido,2026-09-10T04:47:20.271060,,,,
8215147188028702720,Junior Python Developer,EPAM Systems,Córdoba Capital,,,https://open.app.jobrapido.com/ar/8215147188028702720/?w=python&l=&oc=sponsored&k=web.1.5.15&uuid=arF001a08a7ffe450f7a&page_item_id=1181198739,Python Developer,jobrapido,2026-09-10T04:47:20.271982,,,,
5885476456171044864,Fullstack Developer (Python/React),Talan Group,Capital Federal,,,https://open.app.jobrapido.com/ar/5885476456171044864/?w=python&l=&oc=sponsored&k=web.1.5.16&uuid=arF001a08a7ffe450f7a&page_item_id=-841223361,Python Developer,jobrapido,2026-09-10T04:47:20.273065,,,,
5742535546513653760,Fullstack Developer (Python/React),Talan,Capital Federal,,,https://open.app.jobrapido.com/ar/5742535546513653760/?w=python&l=&oc=sponsored&k=web.1.5.17&uuid=arF001a08a7ffe450f7a&page_item_id=-1663275228,Python Developer,jobrapido,2026-09-10T04:47:20.274566,,,,
7495291307506532352,"Software Engineer - Backend, Python",Qodea,Capital Federal,,,https://open.app.jobrapido.com/ar/7495291307506532352/?w=python&l=&oc=sponsored&k=web.1.5.18&uuid=arF001a08a7ffe450f7a&page_item_id=1834686080,Python Developer,jobrapido,2026-09-10T04:47:20.275366,,,,
1358010915307388928,Python Software Engineering Manager,Next Frontier Capital,Capital Federal,,,https://open.app.jobrapido.com/ar/1358010915307388928/?w=python&l=&oc=sponsored&k=web.1.5.19&uuid=arF001a08a7ffe450f7a&page_item_id=-1833256167,Python Developer,jobrapido,2026-09-10T04:47:20.276729,,,,
7243921491740327936,"QA Analyst SRR - Rosario, Santa Fe",METRA hr,Rosario,,,https://open.app.jobrapido.com/ar/7243921491740327936/?w=desarrollador%20backend&l=&oc=sponsored&k=web.1.1.1&uuid=arF001a08a8145730fe8&page_item_id=-1356081428,Desarrollador Backend,jobrapido,2026-09-10T04:48:44.084096,,,,
8582622133153169408,Desarrollador Backend,Universidad de Palermo,Capital Federal,,,https://open.app.jobrapido.com/ar/8582622133153169408/?w=desarrollador%20backend&l=&oc=sponsored&k=web.1.1.2&uuid=arF001a08a8145730fe8&page_item_id=730840710,Desarrollador Backend,jobrapido,2026-09-10T04:48:44.084629,,,,
8947491811245424640,DESARROLLADOR BackEnd,Boldt,Capital Federal,,,https://open.app.jobrapido.com/ar/8947491811245424640/?w=desarrollador%20backend&l=&oc=sponsored&k=web.1.1.3&uuid=arF001a08a8145730fe8&page_item_id=468230630,Desarrollador Backend,jobrapido,2026-09-10T04:48:44.085148,,,,
2923272971369840640,Desarrollador Backend Java Senior,Nonconformist,Capital Federal,,,https://open.app.jobrapido.com/ar/2923272971369840640/?w=desarrollador%20backend&l=&oc=sponsored&k=web.1.1.4&uuid=arF001a08a8145730fe8&page_item_id=-1934056148,Desarrollador Backend,jobrapido,2026-09-10T04:48:44.085658,,,,
4994298006703439872,Desarrollador/a Backend Python,Credencial Payments,Capital Federal,,,https://open.app.jobrapido.com/ar/4994298006703439872/?w=desarrollador%20backend&l=&oc=sponsored&k=web.1.1.5&uuid=arF001a08a8145730fe8&page_item_id=1634919129,Desarrollador Backend,jobrapido,2026-09-10T04:48:44.086205,,,,
7563414230464987136,Desarrollador/a Backend Ssr.,Grupo ST,Capital Federal,,,https://open.app.jobrapido.com/ar/7563414230464987136/?w=desarrollador%20backend&l=&oc=sponsored&k=web.1.1.6&uuid=arF001a08a8145730fe8&page_item_id=1987270523,Desarrollador Backend,jobrapido,2026-09-10T04:48:44.086718,,,,
1176624602332266496,Desarrollador/a Backend Java SSR,Infosis,Capital Federal,,,https://open.app.jobrapido.com/ar/1176624602332266496/?w=desarrollador%20backend&l=&oc=sponsored&k=web.1.1.7&uuid=arF001a08a8145730fe8&page_item_id=1532497649,Desarrollador Backend,jobrapido,2026-09-10T04:48:44.087211,,,,
782485503801819136,Desarrollador/a Backend Ssr.,Cosys Global,Capital Federal,,,https://open.app.jobrapido.com/ar/782485503801819136/?w=desarrollador%20backend&l=&oc=sponsored&k=web.1.1.8&uuid=arF001a08a8145730fe8&page_item_id=354938756,Desarrollador Backend,jobrapido,2026-09-10T04:48:44.087693,,,,
299621743964717056,Desarrollador Backend Java - Referente técnico,ThinkBig HR,Capital Federal,,,https://open.app.jobrapido.com/ar/299621743964717056/?w=desarrollador%20backend&l=&oc=sponsored&k=web.1.1.9&uuid=arF001a08a8145730fe8&page_item_id=750110206,Desarrollador Backend,jobrapido,2026-09-10T04:48:44.088180,,,,
8945503782553255936,Desarrollador Backend (SSR) – Computer Vision & AI / Python / Azure (Híbrido),Talent Connect,Capital Federal,,,https://open.app.jobrapido.com/ar/8945503782553255936/?w=desarrollador%20backend&l=&oc=sponsored&k=web.1.1.10&uuid=arF001a08a8145730fe8&page_item_id=-679023846,Desarrollador Backend,jobrapido,2026-09-10T04:48:44.088669,,,,
29951682435612672,Desarrollador Backend - NODE JS - Córdoba excluyente-POSICIÓN CUBIERTA,Idearhumano,Córdoba,,,https://open.app.jobrapido.com/ar/29951682435612672/?w=desarrollador%20backend&l=&oc=sponsored&k=web.1.1.11&uuid=arF001a08a8145730fe8&page_item_id=418765657,Desarrollador Backend,jobrapido,2026-09-10T04:48:44.089163,,,,
8632384036561485824,"Desarrollador Backend (SR) – Node.js / Java Spring Boot (Híbrido, CABA) | 185131",Talent Connect,Capital Federal,,,https://open.app.jobrapido.com/ar/8632384036561485824/?w=desarrollador%20backend&l=&oc=sponsored&k=web.1.1.12&uuid=arF001a08a8145730fe8&page_item_id=1522419247,Desarrollador Backend,jobrapido,2026-09-10T04:48:44.089650,,,,
1916602181297897472,Desarrollador/a Backend Senior (Node.js/Nest.js),Coderio,Rincón De Los Sauces,,,https://open.app.jobrapido.com/ar/1916602181297897472/?w=desarrollador%20backend&l=&oc=sponsored&k=web.1.1.13&uuid=arF001a08a8145730fe8&page_item_id=910801696,Desarrollador Backend,jobrapido,2026-09-10T04:48:44.090142,,,,
5487004508733046784,"Desarrollador Backend Senior NodeJS, APIs y Cloud (Remote)",Coderio,Rincón De Los Sauces,,,https://open.app.jobrapido.com/ar/5487004508733046784/?w=desarrollador%20backend&l=&oc=sponsored&k=web.1.1.14&uuid=arF001a08a8145730fe8&page_item_id=156967898,Desarrollador Backend,jobrapido,2026-09-10T04:48:44.090627,,,,
5148661914460487680,"Desarrollador Backend Senior: Smalltalk, REST y APIs",Werben HR,Vicente López,,,https://open.app.jobrapido.com/ar/5148661914460487680/?w=desarrollador%20backend&l=&oc=sponsored&k=web.1.1.15&uuid=arF001a08a8145730fe8&page_item_id=-2101917239,Desarrollador Backend,jobrapido,2026-09-10T04:48:44.091122,,,,
9084348186763460608,Desarrollador/a Backend GO SSR ID #00267,Werben HR,Capital Federal,,,https://open.app.jobrapido.com/ar/9084348186763460608/?w=desarrollador%20backend&l=&oc=sponsored&k=web.1.1.16&uuid=arF001a08a8145730fe8&page_item_id=1474426893,Desarrollador Backend,jobrapido,2026-09-10T04:48:44.091605,,,,
2002941185840119808,Desarrollador Backend (PL/SQL) Ssr - POSICIÓN CUBIERTA,Idearhumano,Córdoba,,,https://open.app.jobrapido.com/ar/2002941185840119808/?w=desarrollador%20backend&l=&oc=sponsored&k=web.1.1.17&uuid=arF001a08a8145730fe8&page_item_id=-713628293,Desarrollador Backend,jobrapido,2026-09-10T04:48:44.092092,,,,
1869243191832608768,Senior Backend Architect & Tech Lead,Werben HR,Capital Federal,,,https://open.app.jobrapido.com/ar/1869243191832608768/?w=desarrollador%20backend&l=&oc=sponsored&k=web.1.1.18&uuid=arF001a08a8145730fe8&page_item_id=-880356991,Desarrollador Backend,jobrapido,2026-09-10T04:48:44.092573,,,,
8827045406253776896,Backend Senior Engineer: Lidera Arquitectura y Rendimiento,Werben HR,Capital Federal,,,https://open.app.jobrapido.com/ar/8827045406253776896/?w=desarrollador%20backend&l=&oc=sponsored&k=web.1.1.19&uuid=arF001a08a8145730fe8&page_item_id=-1567684705,Desarrollador Backend,jobrapido,2026-09-10T04:48:44.093057,,,,
5941962852435755008,Senior Backend Engineer (Java) – End-to-End Ownership,Despegar,Capital Federal,,,https://open.app.jobrapido.com/ar/5941962852435755008/?w=desarrollador%20backend&l=&oc=sponsored&k=web.1.2.0&uuid=arF001a08a8340c21087&page_item_id=2024276311,Desarrollador Backend,jobrapido,2026-09-10T04:50:53.801307,,,,
6917938215617822720,"Ingeniero Backend Node.js y TypeScript — Remoto, Freelance",Join Ready,Capital Federal,,,https://open.app.jobrapido.com/ar/6917938215617822720/?w=desarrollador%20backend&l=&oc=sponsored&k=web.1.2.1&uuid=arF001a08a8340c21087&page_item_id=718327876,Desarrollador Backend,jobrapido,2026-09-10T04:50:53.801865,,,,
3444098933524004864,Senior Backend Go Engineer – Microservicios (Remoto),Talent Connect,Capital Federal,,,https://open.app.jobrapido.com/ar/3444098933524004864/?w=desarrollador%20backend&l=&oc=sponsored&k=web.1.2.2&uuid=arF001a08a8340c21087&page_item_id=-1069364698,Desarrollador Backend,jobrapido,2026-09-10T04:50:53.802395,,,,
421059882674814976,Desarrollador Java Sr.,Interinnovacion-talent,Capital Federal,,,https://open.app.jobrapido.com/ar/421059882674814976/?w=desarrollador%20backend&l=&oc=sponsored&k=web.1.2.3&uuid=arF001a08a8340c21087&page_item_id=969475983,Desarrollador Backend,jobrapido,2026-09-10T04:50:53.802924,,,,
8597904777843572736,Desarrollador Full Stack Junior (Presencial),Julio Bellone y Asociados,Córdoba Capital,,,https://open.app.jobrapido.com/ar/8597904777843572736/?w=desarrollador%20backend&l=&oc=sponsored&k=web.1.2.4&uuid=arF001a08a8340c21087&page_item_id=2030361008,Desarrollador Backend,jobrapido,2026-09-10T04:50:53.803454,,,,
7933321398389309440,Backend Dev SR/lead (Colombia),Werben HR,Capital Federal,,,https://open.app.jobrapido.com/ar/7933321398389309440/?w=desarrollador%20backend&l=&oc=sponsored&k=web.1.2.5&uuid=arF001a08a8340c21087&page_item_id=-1559509543,Desarrollador Backend,jobrapido,2026-09-10T04:50:53.803945,,,,
885369675850973184,Backend Dev SR (Colombia),Werben HR,Capital Federal,,,https://open.app.jobrapido.com/ar/885369675850973184/?w=desarrollador%20backend&l=&oc=sponsored&k=web.1.2.6&uuid=arF001a08a8340c21087&page_item_id=700357291,Desarrollador Backend,jobrapido,2026-09-10T04:50:53.804427,,,,
5932783150114537472,Senior Sotware Engineer-Productivity GenAI - AI Assets Core Team - IT,MercadoLibre,Capital Federal,,,https://open.app.jobrapido.com/ar/5932783150114537472/?w=desarrollador%20backend&l=&oc=sponsored&k=web.1.2.7&uuid=arF001a08a8340c21087&page_item_id=605305357,Desarrollador Backend,jobrapido,2026-09-10T04:50:53.804914,,,,
2471485361503600640,Sotware Engineer-Productivity GenAI - AI Assets Core Team - IT,MercadoLibre,Capital Federal,,,https://open.app.jobrapido.com/ar/2471485361503600640/?w=desarrollador%20backend&l=&oc=sponsored&k=web.1.2.8&uuid=arF001a08a8340c21087&page_item_id=-1560817473,Desarrollador Backend,jobrapido,2026-09-10T04:50:53.805395,,,,
8545652205720436736,Sr Software Engineer -Productivity GenAI - AI Assets Core Team,MercadoLibre,Capital Federal,,,https://open.app.jobrapido.com/ar/8545652205720436736/?w=desarrollador%20backend&l=&oc=sponsored&k=web.1.2.9&uuid=arF001a08a8340c21087&page_item_id=1386237836,Desarrollador Backend,jobrapido,2026-09-10T04:50:53.805883,,,,
3469064444544286720,Backend/Full-stack Developer,Carlo Ratti Associati,Córdoba,,,https://open.app.jobrapido.com/ar/3469064444544286720/?w=desarrollador%20backend&l=&oc=sponsored&k=web.1.2.10&uuid=arF001a08a8340c21087&page_item_id=-576421044,Desarrollador Backend,jobrapido,2026-09-10T04:50:53.806376,,,,
2267701601533689856,Senior IA & .NET/Python Full-Stack Engineer (Remote),Accenture,Capital Federal,,,https://open.app.jobrapido.com/ar/2267701601533689856/?w=desarrollador%20backend&l=&oc=sponsored&k=web.1.2.11&uuid=arF001a08a8340c21087&page_item_id=1482617553,Desarrollador Backend,jobrapido,2026-09-10T04:50:53.806862,,,,
5815968715497275392,Senior Backend Engineer (Java) - End-to-End Ownership,Despegar,Capital Federal,,,https://open.app.jobrapido.com/ar/5815968715497275392/?w=desarrollador%20backend&l=&oc=sponsored&k=web.1.2.12&uuid=arF001a08a8340c21087&page_item_id=1907296100,Desarrollador Backend,jobrapido,2026-09-10T04:50:53.807344,,,,
3461034831385722880,"Desarrollador Web React.js | UI dinámica, APIs y MySQL",Taraborelli,Remoto,,,https://open.app.jobrapido.com/ar/3461034831385722880/?w=desarrollador%20backend&l=&oc=sponsored&k=web.1.2.13&uuid=arF001a08a8340c21087&page_item_id=1569188970,Desarrollador Backend,jobrapido,2026-09-10T04:50:53.807830,,,,
7329178190293762048,Senior PHP/Laravel Backend Engineer - Hybrid (Belgrano),Sercanto srl,Capital Federal (Belgrano),,,https://open.app.jobrapido.com/ar/7329178190293762048/?w=desarrollador%20backend&l=&oc=sponsored&k=web.1.2.14&uuid=arF001a08a8340c21087&page_item_id=1447927852,Desarrollador Backend,jobrapido,2026-09-10T04:50:53.808328,,,,
5080047990840754176,Backend Java 21 + Drools Engineer (Hybrid),Huenei IT Services,Remoto,,,https://open.app.jobrapido.com/ar/5080047990840754176/?w=desarrollador%20backend&l=&oc=sponsored&k=web.1.2.15&uuid=arF001a08a8340c21087&page_item_id=1491683144,Desarrollador Backend,jobrapido,2026-09-10T04:50:53.808812,,,,
3574775340729368576,Frontend Engineer: Angular & Microfrontends (Hybrid),Alianza Estrategica,Capital Federal,,,https://open.app.jobrapido.com/ar/3574775340729368576/?w=desarrollador%20backend&l=&oc=sponsored&k=web.1.2.16&uuid=arF001a08a8340c21087&page_item_id=-1458676867,Desarrollador Backend,jobrapido,2026-09-10T04:50:53.809294,,,,
2515744982309011456,Desarrollador Java Full Stack Senior - Remoto,Coder Technologies Inc.,Remoto,,,https://open.app.jobrapido.com/ar/2515744982309011456/?w=desarrollador%20backend&l=&oc=sponsored&k=web.1.2.17&uuid=arF001a08a8340c21087&page_item_id=1287358507,Desarrollador Backend,jobrapido,2026-09-10T04:50:53.809776,,,,
2074232239884861440,SEO|ME - Desarrollador Ssr java + Drools,Huenei IT Services,Remoto,,,https://open.app.jobrapido.com/ar/2074232239884861440/?w=desarrollador%20backend&l=&oc=sponsored&k=web.1.2.18&uuid=arF001a08a8340c21087&page_item_id=1968205700,Desarrollador Backend,jobrapido,2026-09-10T04:50:53.810268,,,,
8580008576834076672,Senior Fullstack Developer,Puntorojo,Remoto,,,https://open.app.jobrapido.com/ar/8580008576834076672/?w=desarrollador%20backend&l=&oc=sponsored&k=web.1.2.19&uuid=arF001a08a8340c21087&page_item_id=931682696,Desarrollador Backend,jobrapido,2026-09-10T04:50:53.810750,,,,
2436465426532663296,Desarrollador Backend.NET Ssr,Bumeran Selecta,Capital Federal (Palermo),,,https://open.app.jobrapido.com/ar/2436465426532663296/?w=desarrollador%20backend&l=&oc=sponsored&k=web.1.3.0&uuid=arF001a08a852b271116&page_item_id=449913630,Desarrollador Backend,jobrapido,2026-09-10T04:52:59.480089,,,,
4682350237027663872,Fullstack Engineer - Backend Oriented,Jobtailor,Capital Federal,,,https://open.app.jobrapido.com/ar/4682350237027663872/?w=desarrollador%20backend&l=&oc=sponsored&k=web.1.3.1&uuid=arF001a08a852b271116&page_item_id=820815276,Desarrollador Backend,jobrapido,2026-09-10T04:52:59.480666,,,,
2055411744733396992,Líder de Desarrollo / Tech Lead de IA,CTL Information Technology,Capital Federal,,,https://open.app.jobrapido.com/ar/2055411744733396992/?w=desarrollador%20backend&l=&oc=sponsored&k=web.1.3.2&uuid=arF001a08a852b271116&page_item_id=-1143732885,Desarrollador Backend,jobrapido,2026-09-10T04:52:59.481166,,,,
3398290530331787264,Mobile iOS Developer - Semi Senior,Jobtailor,Capital Federal,,,https://open.app.jobrapido.com/ar/3398290530331787264/?w=desarrollador%20backend&l=&oc=sponsored&k=web.1.3.3&uuid=arF001a08a852b271116&page_item_id=-1716687783,Desarrollador Backend,jobrapido,2026-09-10T04:52:59.481655,,,,
4091563397970132992,Technical Lead Backend Cripto,Ualá,Remoto,,,https://open.app.jobrapido.com/ar/4091563397970132992/?w=desarrollador%20backend&l=&oc=sponsored&k=web.1.3.4&uuid=arF001a08a852b271116&page_item_id=876381382,Desarrollador Backend,jobrapido,2026-09-10T04:52:59.482148,,,,
3098160320221282304,Desarrollador Backend.NET Sr,Bumeran Selecta,Capital Federal (Palermo),,,https://open.app.jobrapido.com/ar/3098160320221282304/?w=desarrollador%20backend&l=&oc=sponsored&k=web.1.3.5&uuid=arF001a08a852b271116&page_item_id=-1098609455,Desarrollador Backend,jobrapido,2026-09-10T04:52:59.482632,,,,
4786139307146477568,Desarrollador Fullstack Senior,ITSM Consulting,Capital Federal,,,https://open.app.jobrapido.com/ar/4786139307146477568/?w=desarrollador%20backend&l=&oc=sponsored&k=web.1.3.6&uuid=arF001a08a852b271116&page_item_id=-776113937,Desarrollador Backend,jobrapido,2026-09-10T04:52:59.483122,,,,
2873871278278705152,Desarrollador Fullstack Ssr,ITSM Consulting,Capital Federal,,,https://open.app.jobrapido.com/ar/2873871278278705152/?w=desarrollador%20backend&l=&oc=sponsored&k=web.1.3.7&uuid=arF001a08a852b271116&page_item_id=741096099,Desarrollador Backend,jobrapido,2026-09-10T04:52:59.483603,,,,
4110536965756026880,Fullstack Developer - Argentina,Puntorojo,Remoto,,,https://open.app.jobrapido.com/ar/4110536965756026880/?w=desarrollador%20backend&l=&oc=sponsored&k=web.1.3.8&uuid=arF001a08a852b271116&page_item_id=-187379853,Desarrollador Backend,jobrapido,2026-09-10T04:52:59.484088,,,,
5969474952645050368,Senior Backend Developer .NET - AI-First,Nonconformist,Capital Federal,,,https://open.app.jobrapido.com/ar/5969474952645050368/?w=desarrollador%20backend&l=&oc=sponsored&k=web.1.3.9&uuid=arF001a08a852b271116&page_item_id=-2090983678,Desarrollador Backend,jobrapido,2026-09-10T04:52:59.484569,,,,
2213916516359864320,Desarrollador/a Mobile React Native,Grupo Prominente,Capital Federal,,,https://open.app.jobrapido.com/ar/2213916516359864320/?w=desarrollador%20backend&l=&oc=sponsored&k=web.1.3.10&uuid=arF001a08a852b271116&page_item_id=-773009356,Desarrollador Backend,jobrapido,2026-09-10T04:52:59.485074,,,,
6011693381653102592,Desarrollador Full Stack .NET Semi Senior (100% Remote),Greencode Software,Capital Federal,,,https://open.app.jobrapido.com/ar/6011693381653102592/?w=desarrollador%20backend&l=&oc=sponsored&k=web.1.3.11&uuid=arF001a08a852b271116&page_item_id=984833172,Desarrollador Backend,jobrapido,2026-09-10T04:52:59.485555,,,,
2556088262955368448,"iOS Developer (Semi-Senior) - SwiftUI, MVVM, REST | Hybrid",Jobtailor,Capital Federal,,,https://open.app.jobrapido.com/ar/2556088262955368448/?w=desarrollador%20backend&l=&oc=sponsored&k=web.1.3.12&uuid=arF001a08a852b271116&page_item_id=-816889615,Desarrollador Backend,jobrapido,2026-09-10T04:52:59.486054,,,,
5380120227482697728,AI Coach,Multiplica,San Isidro,,,https://open.app.jobrapido.com/ar/5380120227482697728/?w=desarrollador%20backend&l=&oc=sponsored&k=web.1.3.13&uuid=arF001a08a852b271116&page_item_id=-1803075544,Desarrollador Backend,jobrapido,2026-09-10T04:52:59.486540,,,,
2428424362991288320,React & React Native,Softion,Remoto,,,https://open.app.jobrapido.com/ar/2428424362991288320/?w=desarrollador%20backend&l=&oc=sponsored&k=web.1.3.14&uuid=arF001a08a852b271116&page_item_id=17720254,Desarrollador Backend,jobrapido,2026-09-10T04:52:59.487027,,,,
5123721675027775488,"Backend Developer (Senior) – Python / AWS / Terraform (Híbrido, CABA)",Talent Connect,Capital Federal,,,https://open.app.jobrapido.com/ar/5123721675027775488/?w=desarrollador%20backend&l=&oc=sponsored&k=web.1.3.15&uuid=arF001a08a852b271116&page_item_id=-550450645,Desarrollador Backend,jobrapido,2026-09-10T04:52:59.487521,,,,
6282723633555046400,Dev backend.net SR,Itps,Capital Federal,,,https://open.app.jobrapido.com/ar/6282723633555046400/?w=desarrollador%20backend&l=&oc=sponsored&k=web.1.3.16&uuid=arF001a08a852b271116&page_item_id=146814747,Desarrollador Backend,jobrapido,2026-09-10T04:52:59.488015,,,,
7204169061154947072,Full Stack Engineer Sr,Accenture,Capital Federal,,,https://open.app.jobrapido.com/ar/7204169061154947072/?w=desarrollador%20backend&l=&oc=sponsored&k=web.1.3.17&uuid=arF001a08a852b271116&page_item_id=-1259652529,Desarrollador Backend,jobrapido,2026-09-10T04:52:59.488505,,,,
5147002253197967360,Backend/Full-stack Developer,Carlo Ratti Associati,Jesús María,,,https://open.app.jobrapido.com/ar/5147002253197967360/?w=desarrollador%20backend&l=&oc=sponsored&k=web.1.3.18&uuid=arF001a08a852b271116&page_item_id=1791911674,Desarrollador Backend,jobrapido,2026-09-10T04:52:59.489039,,,,
7168737453568688128,Technical Lead Mobile Cripto,Ualá,Remoto,,,https://open.app.jobrapido.com/ar/7168737453568688128/?w=desarrollador%20backend&l=&oc=sponsored&k=web.1.3.19&uuid=arF001a08a852b271116&page_item_id=1574113065,Desarrollador Backend,jobrapido,2026-09-10T04:52:59.489525,,,,
3629953163538202624,Desarrollador Backend.NET Senior,Megatlon,Olivos,,,https://open.app.jobrapido.com/ar/3629953163538202624/?w=desarrollador%20backend&l=&oc=sponsored&k=web.1.4.12&uuid=arF001a08a872c4811d5&page_item_id=-776446038,Desarrollador Backend,jobrapido,2026-09-10T04:55:10.621609,,,,
4189787702301818880,Desarrollador Full Stack | AI & Automation,Experis Argentina,Avellaneda,,,https://open.app.jobrapido.com/ar/4189787702301818880/?w=desarrollador%20backend&l=&oc=sponsored&k=web.1.5.0&uuid=arF001a08a874fcb11e0&page_item_id=-1285055692,Desarrollador Backend,jobrapido,2026-09-10T04:55:19.789644,,,,
6085577333224243200,Desarrollador Fullstack (SR) – Python / React / Data Warehouse / Microservicios,Rocket Stars,Capital Federal,,,https://open.app.jobrapido.com/ar/6085577333224243200/?w=desarrollador%20backend&l=&oc=sponsored&k=web.1.5.1&uuid=arF001a08a874fcb11e0&page_item_id=-77433458,Desarrollador Backend,jobrapido,2026-09-10T04:55:19.790211,,,,
131606694974193664,Desarrollador Fullstack (SR) – Python / Node.js / TypeScript I 184147,Talent Connect,Capital Federal,,,https://open.app.jobrapido.com/ar/131606694974193664/?w=desarrollador%20backend&l=&oc=sponsored&k=web.1.5.2&uuid=arF001a08a874fcb11e0&page_item_id=415050877,Desarrollador Backend,jobrapido,2026-09-10T04:55:19.790706,,,,
613615773499260928,Desarrollador Fullstack (Senior) – React / Python (Híbrido),Talent Connect,Capital Federal,,,https://open.app.jobrapido.com/ar/613615773499260928/?w=desarrollador%20backend&l=&oc=sponsored&k=web.1.5.3&uuid=arF001a08a874fcb11e0&page_item_id=1049018686,Desarrollador Backend,jobrapido,2026-09-10T04:55:19.791204,,,,
4761401807350005760,Hardware / Software Engineer – Creative Technology (Hibrido) - ID #00254,Werben HR,Capital Federal,,,https://open.app.jobrapido.com/ar/4761401807350005760/?w=desarrollador%20backend&l=&oc=sponsored&k=web.1.5.4&uuid=arF001a08a874fcb11e0&page_item_id=1672524562,Desarrollador Backend,jobrapido,2026-09-10T04:55:19.792293,,,,
6570699386865582080,Tech Lead – Ciberseguridad / IA / Azure /.NET,Talent Connect,Capital Federal,,,https://open.app.jobrapido.com/ar/6570699386865582080/?w=desarrollador%20backend&l=&oc=sponsored&k=web.1.5.5&uuid=arF001a08a874fcb11e0&page_item_id=-939766202,Desarrollador Backend,jobrapido,2026-09-10T04:55:19.793443,,,,
1434887101874176000,Referente técnico Java,Itps,Capital Federal,,,https://open.app.jobrapido.com/ar/1434887101874176000/?w=desarrollador%20backend&l=&oc=sponsored&k=web.1.5.6&uuid=arF001a08a874fcb11e0&page_item_id=-252836340,Desarrollador Backend,jobrapido,2026-09-10T04:55:19.794446,,,,
164439306180493312,Desarrollador de Software,Bumeran Selecta,Córdoba,,,https://open.app.jobrapido.com/ar/164439306180493312/?w=desarrollador%20backend&l=&oc=sponsored&k=web.1.5.7&uuid=arF001a08a874fcb11e0&page_item_id=1205151572,Desarrollador Backend,jobrapido,2026-09-10T04:55:19.795295,,,,
4259030546572640256,Senior.Net Developer (AI First),Baufest,Remoto,,,https://open.app.jobrapido.com/ar/4259030546572640256/?w=desarrollador%20backend&l=&oc=sponsored&k=web.1.5.8&uuid=arF001a08a874fcb11e0&page_item_id=-1615628921,Desarrollador Backend,jobrapido,2026-09-10T04:55:19.796125,,,,
4410475766354018304,Desarrollador Fullstack (SR) – Python / React / Data Warehouse / Microservicios,Talent Connect,Capital Federal,,,https://open.app.jobrapido.com/ar/4410475766354018304/?w=desarrollador%20backend&l=&oc=sponsored&k=web.1.5.9&uuid=arF001a08a874fcb11e0&page_item_id=-807927843,Desarrollador Backend,jobrapido,2026-09-10T04:55:19.796739,,,,
4027872168296579072,Tutor /a de Curso Big Data – Elastic Stack (ELK),Centro de e-Learning,Capital Federal,,,https://open.app.jobrapido.com/ar/4027872168296579072/?w=desarrollador%20backend&l=&oc=sponsored&k=web.1.5.10&uuid=arF001a08a874fcb11e0&page_item_id=-426746367,Desarrollador Backend,jobrapido,2026-09-10T04:55:19.797350,,,,
762782942626840576,Hardware / Software Engineer – Creative Technology (Hibrido) - ID #00254,Werben HR,Capital Federal,,,https://open.app.jobrapido.com/ar/762782942626840576/?w=desarrollador%20backend&l=&oc=sponsored&k=web.1.5.11&uuid=arF001a08a874fcb11e0&page_item_id=-1539476665,Desarrollador Backend,jobrapido,2026-09-10T04:55:19.797871,,,,
1869847321932464128,Desarrollador Backend .NET Senior,Megatlon,Vicente López,,,https://open.app.jobrapido.com/ar/1869847321932464128/?w=desarrollador%20backend&l=&oc=sponsored&k=web.1.5.12&uuid=arF001a08a874fcb11e0&page_item_id=-1381056952,Desarrollador Backend,jobrapido,2026-09-10T04:55:19.798387,,,,
7816648989750591488,Desarrollador Backend .NET Senior – Azure & Microservicios,Megatlon,Vicente López,,,https://open.app.jobrapido.com/ar/7816648989750591488/?w=desarrollador%20backend&l=&oc=sponsored&k=web.1.5.13&uuid=arF001a08a874fcb11e0&page_item_id=-1622988125,Desarrollador Backend,jobrapido,2026-09-10T04:55:19.798895,,,,
6450621945334464512,Desarrollador/a Java Backend Semi Senior / Senior,FLEX TECH,Capital Federal,,,https://open.app.jobrapido.com/ar/6450621945334464512/?w=desarrollador%20backend&l=&oc=sponsored&k=web.1.5.14&uuid=arF001a08a874fcb11e0&page_item_id=435503806,Desarrollador Backend,jobrapido,2026-09-10T04:55:19.799389,,,,
3650938786063319040,"Java Backend Engineer - Semi Senior, APIs & Modernización",FLEX TECH,Capital Federal,,,https://open.app.jobrapido.com/ar/3650938786063319040/?w=desarrollador%20backend&l=&oc=sponsored&k=web.1.5.15&uuid=arF001a08a874fcb11e0&page_item_id=-1259334697,Desarrollador Backend,jobrapido,2026-09-10T04:55:19.799895,,,,
4600882472723415040,Senior Go Backend Engineer - Microservices & APIs (Remote),Redbee,Remoto,,,https://open.app.jobrapido.com/ar/4600882472723415040/?w=desarrollador%20backend&l=&oc=sponsored&k=web.1.5.16&uuid=arF001a08a874fcb11e0&page_item_id=1172459098,Desarrollador Backend,jobrapido,2026-09-10T04:55:19.800389,,,,
5429244689024811008,DESARROLLADOR FULL STACK (PYTHON + ANGULAR + GO),Kruger NearShore LLC - Rekluti,Córdoba,,,https://open.app.jobrapido.com/ar/5429244689024811008/?w=desarrollador%20backend&l=&oc=sponsored&k=web.1.5.17&uuid=arF001a08a874fcb11e0&page_item_id=-1245662935,Desarrollador Backend,jobrapido,2026-09-10T04:55:19.800892,,,,
2046528790292594688,"Backend (SR) – Java / Node.js / Alta Concurrencia (Híbrido, CABA) | 185432",Talent Connect,Capital Federal,,,https://open.app.jobrapido.com/ar/2046528790292594688/?w=desarrollador%20backend&l=&oc=sponsored&k=web.1.5.18&uuid=arF001a08a874fcb11e0&page_item_id=-2066652348,Desarrollador Backend,jobrapido,2026-09-10T04:55:19.801389,,,,
7338985335797317632,Developer Back end Nodes JS Sr.,Acciona IT,Capital Federal,,,https://open.app.jobrapido.com/ar/7338985335797317632/?w=desarrollador%20backend&l=&oc=sponsored&k=web.1.5.19&uuid=arF001a08a874fcb11e0&page_item_id=-643953030,Desarrollador Backend,jobrapido,2026-09-10T04:55:19.801895,,,,
9117792315413364736,Desarrollador/a Full Stack PHP,NEO BIZ S. R. L.,Rosario,,,https://open.app.jobrapido.com/ar/9117792315413364736/?w=desarrollador%20full%20stack&l=&oc=sponsored&k=web.1.1.0&uuid=arF001a08a895ed412bd&page_item_id=1802717989,Desarrollador Full Stack,jobrapido,2026-09-10T04:57:34.973073,,,,
7606739025868619776,Desarrollador Full Stack Junior – ERP & IA,Julio Bellone y Asociados,Córdoba Capital,,,https://open.app.jobrapido.com/ar/7606739025868619776/?w=desarrollador%20full%20stack&l=&oc=sponsored&k=web.1.1.3&uuid=arF001a08a895ed412bd&page_item_id=821794550,Desarrollador Full Stack,jobrapido,2026-09-10T04:57:34.973928,,,,
7143143004717449216,Desarrollador Full Stack (SR) – Next.js / NestJS / Python / AWS (Híbrido),Talent Connect,Capital Federal,,,https://open.app.jobrapido.com/ar/7143143004717449216/?w=desarrollador%20full%20stack&l=&oc=sponsored&k=web.1.1.7&uuid=arF001a08a895ed412bd&page_item_id=-681518328,Desarrollador Full Stack,jobrapido,2026-09-10T04:57:34.974834,,,,
636375921892261888,Desarrollador/a Full Stack Senior - Next.js / React (Part-Time),Workana,Remoto,,,https://open.app.jobrapido.com/ar/636375921892261888/?w=desarrollador%20full%20stack&l=&oc=sponsored&k=web.1.1.8&uuid=arF001a08a895ed412bd&page_item_id=-1884344503,Desarrollador Full Stack,jobrapido,2026-09-10T04:57:34.975321,,,,
5842265717918924800,Desarrollador Java Full Stack (Senior) - (Remoto) | Ref. 191900-1,Talent Connect,Capital Federal,,,https://open.app.jobrapido.com/ar/5842265717918924800/?w=desarrollador%20full%20stack&l=&oc=sponsored&k=web.1.1.9&uuid=arF001a08a895ed412bd&page_item_id=331708729,Desarrollador Full Stack,jobrapido,2026-09-10T04:57:34.975810,,,,
8666321820162457600,Desarrollador Full-Stack,Mediastream,Remoto,,,https://open.app.jobrapido.com/ar/8666321820162457600/?w=desarrollador%20full%20stack&l=&oc=sponsored&k=web.1.1.10&uuid=arF001a08a895ed412bd&page_item_id=362751542,Desarrollador Full Stack,jobrapido,2026-09-10T04:57:34.976294,,,,
7470300559258419200,Desarrollador Full-Stack Senior para Soluciones de Streaming,Mediastream,Remoto,,,https://open.app.jobrapido.com/ar/7470300559258419200/?w=desarrollador%20full%20stack&l=&oc=sponsored&k=web.1.1.11&uuid=arF001a08a895ed412bd&page_item_id=1237139742,Desarrollador Full Stack,jobrapido,2026-09-10T04:57:34.976775,,,,
3041006477448839168,Desarrollador .NET Full Stack Semi Senior — Remoto,Greencode Software,Capital Federal,,,https://open.app.jobrapido.com/ar/3041006477448839168/?w=desarrollador%20full%20stack&l=&oc=sponsored&k=web.1.1.12&uuid=arF001a08a895ed412bd&page_item_id=-139401459,Desarrollador Full Stack,jobrapido,2026-09-10T04:57:34.977264,,,,
7667870497983430656,Remote Fullstack Engineer: Java + React,Werben HR,Capital Federal,,,https://open.app.jobrapido.com/ar/7667870497983430656/?w=desarrollador%20full%20stack&l=&oc=sponsored&k=web.1.1.13&uuid=arF001a08a895ed412bd&page_item_id=1589801440,Desarrollador Full Stack,jobrapido,2026-09-10T04:57:34.977999,,,,
1780539885103349760,Remote Azure Java Architect - Cloud Migration & Leadership,Werben HR,Capital Federal,,,https://open.app.jobrapido.com/ar/1780539885103349760/?w=desarrollador%20full%20stack&l=&oc=sponsored&k=web.1.1.14&uuid=arF001a08a895ed412bd&page_item_id=-605372296,Desarrollador Full Stack,jobrapido,2026-09-10T04:57:34.978538,,,,
4298610422551937024,Fullstack Software Engineer - Verticals - IT,MercadoLibre,Capital Federal,,,https://open.app.jobrapido.com/ar/4298610422551937024/?w=desarrollador%20full%20stack&l=&oc=sponsored&k=web.1.1.16&uuid=arF001a08a895ed412bd&page_item_id=-1996297785,Desarrollador Full Stack,jobrapido,2026-09-10T04:57:34.979187,,,,
3078607644814999552,Desarrollador/a Fullstack .NET y React,Grupo Prominente,Capital Federal,,,https://open.app.jobrapido.com/ar/3078607644814999552/?w=desarrollador%20full%20stack&l=&oc=sponsored&k=web.1.1.17&uuid=arF001a08a895ed412bd&page_item_id=488747261,Desarrollador Full Stack,jobrapido,2026-09-10T04:57:34.979679,,,,
2739816286589550592,"Fullstack SSR y SR GOLAN, NET Y React",Bumeran Selecta,Capital Federal,,,https://open.app.jobrapido.com/ar/2739816286589550592/?w=desarrollador%20full%20stack&l=&oc=sponsored&k=web.1.1.18&uuid=arF001a08a895ed412bd&page_item_id=65134328,Desarrollador Full Stack,jobrapido,2026-09-10T04:57:34.980190,,,,
7057011661843988480,Full Stack Developer SSr.,Taynes Consultores,Capital Federal,,,https://open.app.jobrapido.com/ar/7057011661843988480/?w=desarrollador%20full%20stack&l=&oc=sponsored&k=web.1.2.2&uuid=arF001a08a8ab35e1329&page_item_id=-379622540,Desarrollador Full Stack,jobrapido,2026-09-10T04:59:01.892886,,,,
5826048952201379840,Full Stack Developer Sr.,Taynes Consultores,Capital Federal,,,https://open.app.jobrapido.com/ar/5826048952201379840/?w=desarrollador%20full%20stack&l=&oc=sponsored&k=web.1.2.3&uuid=arF001a08a8ab35e1329&page_item_id=638610773,Desarrollador Full Stack,jobrapido,2026-09-10T04:59:01.893438,,,,
948421032706834432,Desarrollador Ssr,GRUPO MULTI,Benavídez,,,https://open.app.jobrapido.com/ar/948421032706834432/?w=desarrollador%20full%20stack&l=&oc=sponsored&k=web.1.2.4&uuid=arF001a08a8ab35e1329&page_item_id=-1795624643,Desarrollador Full Stack,jobrapido,2026-09-10T04:59:01.893983,,,,
3372088249118883840,Fullstack Developer (Laravel - Vue.js),Grupo Petersen,Capital Federal,,,https://open.app.jobrapido.com/ar/3372088249118883840/?w=desarrollador%20full%20stack&l=&oc=sponsored&k=web.1.2.5&uuid=arF001a08a8ab35e1329&page_item_id=-2122648005,Desarrollador Full Stack,jobrapido,2026-09-10T04:59:01.894519,,,,
335043559025541120,"Desarrollador Fullstack (Senior) – React / Java (Híbrido, CABA) | Ref. 183617-1",Talent Connect,Capital Federal,,,https://open.app.jobrapido.com/ar/335043559025541120/?w=desarrollador%20full%20stack&l=&oc=sponsored&k=web.1.2.6&uuid=arF001a08a8ab35e1329&page_item_id=1532132030,Desarrollador Full Stack,jobrapido,2026-09-10T04:59:01.895068,,,,
4859927738644955136,Desarrollador Fullstack (SR)– Node.js / Java Spring Boot / React | Ref. 185160,Talent Connect,Capital Federal,,,https://open.app.jobrapido.com/ar/4859927738644955136/?w=desarrollador%20full%20stack&l=&oc=sponsored&k=web.1.2.7&uuid=arF001a08a8ab35e1329&page_item_id=-723075585,Desarrollador Full Stack,jobrapido,2026-09-10T04:59:01.895609,,,,
3572451505724194816,Desarrollador de Software Semi senior– Node.js & TypeScript,Join ready,Capital Federal,,,https://open.app.jobrapido.com/ar/3572451505724194816/?w=desarrollador%20full%20stack&l=&oc=sponsored&k=web.1.2.8&uuid=arF001a08a8ab35e1329&page_item_id=366245785,Desarrollador Full Stack,jobrapido,2026-09-10T04:59:01.896151,,,,
4690936718465957888,Desarrollador/a Full Stack Semi-Senior,SEIDOR,Capital Federal,,,https://open.app.jobrapido.com/ar/4690936718465957888/?w=desarrollador%20full%20stack&l=&oc=sponsored&k=web.1.2.9&uuid=arF001a08a8ab35e1329&page_item_id=-1839530737,Desarrollador Full Stack,jobrapido,2026-09-10T04:59:01.896686,,,,
386160404356661248,Desarrollador Full Stack,Nubax,Vicente López,,,https://open.app.jobrapido.com/ar/386160404356661248/?w=desarrollador%20full%20stack&l=&oc=sponsored&k=web.1.2.11&uuid=arF001a08a8ab35e1329&page_item_id=-2096519469,Desarrollador Full Stack,jobrapido,2026-09-10T04:59:01.897338,,,,
4437289006664777728,Desarrollador Full Stack Senior — Liderazgo Técnico,Nubax,Vicente López,,,https://open.app.jobrapido.com/ar/4437289006664777728/?w=desarrollador%20full%20stack&l=&oc=sponsored&k=web.1.2.12&uuid=arF001a08a8ab35e1329&page_item_id=-1693509030,Desarrollador Full Stack,jobrapido,2026-09-10T04:59:01.897837,,,,
2576918905880576000,: Jefe de Desarrollo/ Desarrollador Senior .NET / Belgrano CABA,ADN - Recursos Humanos,Capital Federal,,,https://open.app.jobrapido.com/ar/2576918905880576000/?w=desarrollador%20full%20stack&l=&oc=sponsored&k=web.1.2.13&uuid=arF001a08a8ab35e1329&page_item_id=-413711529,Desarrollador Full Stack,jobrapido,2026-09-10T04:59:01.898331,,,,
2357274123744313344,Empleo: Desarrollador Full Stack - Rosario,N/A,Rosario,"Open or close the mobile menu Jobrapido Entrar Inscríbete Publica una oferta Ayuda Empresas Clear job input Profesión / Palabras clave Ofertas de trabajo para Desarrollador Full en Rosario ¿Qué trabajo estás buscando? Clear location input Localidad Búsqueda avanzada de empleo Relevancia Fecha [[distance.label]] [[d.text]] Close Localidad Gran Buenos Aires Capital Federal Córdoba Santa Fé Neuquén Rosario Mendoza Rincón De Los Sauces Gba Sur Mar Del Plata Búsquedas relacionadas Software Software Engineer Python Software Engineer Modelo Management Services Engineer Security Product Engineering Sistemas Product Engineer Vuelve a tus resultados: [[backlinkLabel]] Empleo: Desarrollador Full Stack - Rosario Rosario - Región Centro [[upButtonMessage]] full time www.goempleo.com 02 jul 2026 Empleo: Desarrollador Full Stack - Rosario: La descripción del trabajo.: Desarrollador Full Stack Rosario Rosario, Santa Fe · Hoy, 03:16 p. m. NeuralSoft 62 evaluaciones Enviar mi CV Desarrollador Full Stack - Rosario Enviar mi CV Sobre la oferta La empresaEvaluaciones Desarrollador Full Stack Rosario Rosario, Santa Fe · Hoy, 03:16 p. m. NeuralSoft 62 evaluaciones Enviar mi CV Desarrollador Full Stack - Rosario Enviar mi CV Sobre la oferta La empresaEvaluaciones Descripción de la oferta: » NeuralSoft se encuentra en la búsqueda de 10 programadores para importante proyecto internacional, con la tarea de desarrollar un lenguaje de programación de última generación, de dominio específico y con Inteligencia artificial Buscamos profesionales con una experiencia no menor a 5 años en algunas de las siguientes tecnologías: o Java, Javascript y/o Phyton o C++ o C# o Bases de datos SQL o Base de datos Elastic Search o similares o Desarrollo Mobile ( IOS y Android, nativos) o Deep Learning Es fundamental el compromiso y la pasión por el resultado y por el trabajo en equipo. Se ofrece importante plan de carrera con proyección internacional Requerimientos » Educación mínima: Terciario » Años de experiencia: 5 » Disponibilidad de Viajar: No » Disponibilidad de cambio de residencia: No Enviar mi CV Para ver datos de contacto envía tu cv Resumen del empleo » Desarrollador Full Stack » Rosario, Santa Fe » Empresa NeuralSoft Seguir Dejar de seguir Recibe notificaciones nuevas de NeuralSoft Contraseña incorrecta Obligatorio He leído y acepto las Condiciones Legales incluidas en el aviso legal y la política de privacidad Obligatorio Acepto recibir información ocasional sobre productos, servicios y eventos de DGNET y sus colaboradores Ver detalle legal Información básica de privacidad y contacto Responsable DGNET Ltd, registrada en Escocia n°189977, con domicilio en 10 York Place, Edimburgo EH1 3EP, Reino Unido y teléfono de Contáctenos: +44 131 473 1049. Finalidad Realizar una correcta gestión de los servicios a los que te suscribas. Legitimación Ejecución de un contrato, consentimiento, interés legítimo y cumplimiento de una obligación legal. Destinatarios Podrán acceder a tus datos los prestadores de servicios de DGNET Ltd, incluyendo otras empresas de su grupo. Únicamente se cederán datos por obligación legal. Derechos Tienes derecho a acceder, rectificar y suprimir los datos, así como otros derechos, cuyo detalle se incluye en nuestra Política de Privacidad completa. » Tipo de contrato Contrato por tiempo indeterminado » Jornada Jornada completa » Enviar mi CV Competencia/cualificación: Categorí­a del Empleo: [ Ver todos ] Requerimientos de Idioma: Tipo de Empleo: Sueldo: No especificado Titulación: Sin especificar Experiencia: No especificado Localización del Empleo: Otra Tipo de empresa Empleador Día de envío: 2026/08/06 / Viewed 860 times Información de Contacto Empresa: Ver más Ver menos [[downButtonMessage]] LinkedIn Twitter Facebook © 2026 Jobrapido | C.I.F: IT11876271005 Trabajos Empresas Condiciones del Servicio Política de Privacidad Ayuda Contacto",,https://ar.jobrapido.com/jobpreview/2357274123744313344?redirectTo=https%253A%252F%252Fwww.goempleo.com%252Fview.php%253Fjob_id%253D1266248&w=Python&p=2,Desarrollador Full Stack,jobrapido,2026-09-10T04:59:01.898850,,,,
4895336479825330176,Desarrollador Full Stack (Rosario),Grupo Gamma,Rosario,"Jobrapido Publica una oferta Ayuda Empresas Entrar Inscríbete Profesión / Palabras clave Localidad Ofertas de trabajo para Desarrollador Full en Rosario Trabajos > Desarrollador Full > Rosario Localidad Gran Buenos Aires Capital Federal Córdoba Santa Fé Neuquén Rosario Mendoza Rincón De Los Sauces Gba Sur Mar Del Plata Búsquedas relacionadas Software Software Engineer Python Software Engineer Modelo Management Services Engineer Security Product Engineering Sistemas Product Engineer Vuelve a tus resultados: [[backlinkLabel]] Desarrollador Full Stack (Rosario) Rosario - Región Centro Grupo Gamma [[upButtonMessage]] full time Publicado enwww.kitempleo.com.ar 01 sep 2026 Nos encontramos en la búsqueda de un Desarrollador Full Stack para unirse a Grupo Gamma. Requisitos técnicos obligatorios: - Experiencia en desarrollo con Python. Se valorará especialmente el conocimiento del framework FastAPI. - Experiencia en desarrollo frontend con React. - Conocimientos en diseño, creación, integración y consumo de APIs REST. - Experiencia en diseño y utilización de bases de datos relacionales y consultas SQL. - Manejo de Git y plataformas de gestión de repositorios, como GitLab o Bitbucket. Responsabilidades: - Colaborar en el análisis, diseño, desarrollo e implementación de aplicaciones web adaptables a escritorio y dispositivos móviles. - Participar en el desarrollo e integración de soluciones backend y frontend. - Trabajar en conjunto con el equipo de Sistemas en la definición e implementación de soluciones técnicas. Requisitos educacionales y experiencia: - Experiencia comprobable trabajando con las tecnologías indicadas en los requisitos técnicos obligatorios. - Experiencia en desarrollo, mantenimiento y soporte de aplicaciones actualmente operativas en ambientes productivos. - Se valorará formación universitaria o terciaria en Sistemas, Informática o carreras relacionadas. Modalidad: - Contratación freelance. - Modalidad de trabajo remota de 6h diarias - Con disponibilidad para asistir presencialmente de manera eventual cuando la actividad lo requiera. Si considerás que sos la persona que estamos buscando, esperamos tu postulación LI-Onsite Ver más Ver menos [[downButtonMessage]] LinkedIn Twitter Facebook © 2026 Jobrapido | C.I.F: IT11876271005 Trabajos Empresas Condiciones del Servicio Política de Privacidad Ayuda Contacto",,https://ar.jobrapido.com/jobpreview/4895336479825330176?redirectTo=https%253A%252F%252Fwww.kitempleo.com.ar%252Fempleo%252F52963257%252Fdesarrollador-full-stack-rosario&w=Python&p=2,Desarrollador Full Stack,jobrapido,2026-09-10T04:59:01.899320,,,,
5605561067984912384,Desarrollador/a Full Stack PHP (Rosario),Neo-Biz Consultores,Rosario,"Open or close the mobile menu Jobrapido Entrar Inscríbete Publica una oferta Ayuda Empresas Clear job input Profesión / Palabras clave Ofertas de trabajo para Full Stack en Rosario ¿Qué trabajo estás buscando? Clear location input Localidad Búsqueda avanzada de empleo Relevancia Fecha [[distance.label]] [[d.text]] Close Localidad Gran Buenos Aires Capital Federal Córdoba Santa Fé Neuquén Rosario Mendoza Rincón De Los Sauces Gba Sur Mar Del Plata Búsquedas relacionadas Software Software Engineer Python Software Engineer Modelo Management Services Engineer Security Product Engineering Sistemas Product Engineer Vuelve a tus resultados: [[backlinkLabel]] Desarrollador/a Full Stack PHP (Rosario) Rosario - Región Centro Neo-Biz Consultores [[upButtonMessage]] other www.kitempleo.com.ar 30 ago 2026 Significativo empresa de la ciudad de Rosario se encuentra en la búsqueda de un/a Desarrollador/a Full Stack PHP para sumarse a su equipo de tecnología y participar activamente en la evolución de una plataforma web orientada a la gestión documental, compliance laboral y administración de contratistas. Buscamos una persona con capacidad analítica, orientación a la mejora continua y ganas de involucrarse en proyectos que combinan desarrollo de software, automatización e Inteligencia Artificial aplicada a procesos de negocio. Principales responsabilidades - Desarrollo, mantenimiento y optimización de aplicaciones web. - Implementación de nuevas funcionalidades sobre plataforma existente. - Integración con APIs y servicios de terceros. - Administración y monitoreo básico de servidores y entornos productivos. - Desarrollo e integración de soluciones basadas en Inteligencia Artificial para automatización de procesos, análisis documental y asistencia al usuario. - Participación en la evolución tecnológica de la plataforma incorporando nuevas herramientas y tecnologías. - Análisis y resolución de incidencias técnicas. - Colaboración en propuestas de mejora y evolución tecnológica del producto. Requisitos - Experiencia comprobable en desarrollo con PHP 8.x. - Conocimientos de Zend Framework 1. - Manejo de HTML5, CSS3, JavaScript y jQuery. - Experiencia en desarrollo y administración de WordPress. - Conocimientos en integración y consumo de APIs REST. - Manejo de bases de datos MySQL/MariaDB. - Conocimientos de administración básica de servidores. - Buenas prácticas de seguridad en aplicaciones web. - Manejo de Git. - Experiencia en integración de herramientas de Inteligencia Artificial mediante APIs (OpenAI, Claude, Gemini u otras similares). - Capacidad para desarrollar funcionalidades que incorporen automatización, procesamiento de información y asistentes basados en IA. Se valorará - Conocimientos de Laravel. - Experiencia con Docker. - Experiencia en modernización de sistemas legacy. - Capacidad para trabajar de forma autónoma y proponer mejoras. Modalida: Presencial - Lunes a Viernes full time 📍 Rosario, Santa Fe La empresa ofrece - Participación en un producto tecnológico con impacto directo en múltiples organizaciones. - Posibilidad de crecimiento y desarrollo profesional. - Excelente clima laboral. - Estabilidad y desafíos tecnológicos permanentes. Si te interesa formar parte de un proyecto en constante evolución y aportar tu experiencia en el desarrollo de soluciones innovadoras, esperamos tu postulación. Ver más Ver menos [[downButtonMessage]] LinkedIn Twitter Facebook © 2026 Jobrapido | C.I.F: IT11876271005 Trabajos Empresas Condiciones del Servicio Política de Privacidad Ayuda Contacto",,https://ar.jobrapido.com/jobpreview/5605561067984912384?redirectTo=https%253A%252F%252Fwww.kitempleo.com.ar%252Fempleo%252F52873762%252Fdesarrollador-a-full-stack-php-rosario&w=Python&p=2,Desarrollador Full Stack,jobrapido,2026-09-10T04:59:01.899792,,,,
7516925349834260480,Desarrollador/A Full Stack Php (Rosario),NEO BIZ S. R. L.,Rosario,"Open or close the mobile menu Jobrapido Entrar Inscríbete Publica una oferta Ayuda Empresas Clear job input Profesión / Palabras clave Ofertas de trabajo para Full Stack en Rosario ¿Qué trabajo estás buscando? Clear location input Localidad Búsqueda avanzada de empleo Relevancia Fecha [[distance.label]] [[d.text]] Close Localidad Gran Buenos Aires Capital Federal Córdoba Santa Fé Neuquén Rosario Mendoza Rincón De Los Sauces Gba Sur Mar Del Plata Búsquedas relacionadas Software Software Engineer Python Software Engineer Modelo Management Services Engineer Security Product Engineering Sistemas Product Engineer Vuelve a tus resultados: [[backlinkLabel]] Desarrollador/A Full Stack Php (Rosario) Rosario - Región Centro NEO BIZ S. R. L. [[upButtonMessage]] other www.kitempleo.com.ar 20 ago 2026 Significativo empresa de la ciudad de Rosario se encuentra en la búsqueda de un/a Desarrollador/a Full Stack PHP para sumarse a su equipo de tecnología y participar activamente en la evolución de una plataforma web orientada a la gestión documental, compliance laboral y administración de contratistas. Buscamos una persona con capacidad analítica, orientación a la mejora continua y ganas de involucrarse en proyectos que combinan desarrollo de software, automatización e Inteligencia Artificial aplicada a procesos de negocio. Principales responsabilidades Desarrollo, mantenimiento y optimización de aplicaciones web. Implementación de nuevas funcionalidades sobre plataforma existente. Integración con APIs y servicios de terceros. Administración y monitoreo básico de servidores y entornos productivos. Desarrollo e integración de soluciones basadas en Inteligencia Artificial para automatización de procesos, análisis documental y asistencia al usuario. Participación en la evolución tecnológica de la plataforma incorporando nuevas herramientas y tecnologías. Análisis y resolución de incidencias técnicas. Colaboración en propuestas de mejora y evolución tecnológica del producto. Requisitos Experiencia comprobable en desarrollo con PHP 8.x . Conocimientos de Zend Framework 1 . Manejo de HTML5, CSS3, JavaScript y jQuery . Experiencia en desarrollo y administración de WordPress . Conocimientos en integración y consumo de APIs REST . Manejo de bases de datos MySQL/MariaDB . Conocimientos de administración básica de servidores. Buenas prácticas de seguridad en aplicaciones web. Manejo de Git. Experiencia en integración de herramientas de Inteligencia Artificial mediante APIs (OpenAI, Claude, Gemini u otras similares). Capacidad para desarrollar funcionalidades que incorporen automatización, procesamiento de información y asistentes basados en IA. Se valorará Conocimientos de Laravel. Experiencia con Docker. Experiencia en modernización de sistemas legacy. Capacidad para trabajar de forma autónoma y proponer mejoras. Modalida: Presencial - Lunes a Viernes full time Rosario, Santa Fe La empresa ofrece Participación en un producto tecnológico con impacto directo en múltiples organizaciones. Posibilidad de crecimiento y desarrollo profesional. Excelente clima laboral. Estabilidad y desafíos tecnológicos permanentes. Si te interesa formar parte de un proyecto en constante evolución y aportar tu experiencia en el desarrollo de soluciones innovadoras, esperamos tu postulación. Ver más Ver menos [[downButtonMessage]] LinkedIn Twitter Facebook © 2026 Jobrapido | C.I.F: IT11876271005 Trabajos Empresas Condiciones del Servicio Política de Privacidad Ayuda Contacto",,https://ar.jobrapido.com/jobpreview/7516925349834260480?redirectTo=https%253A%252F%252Fwww.kitempleo.com.ar%252Fempleo%252F52580871%252Fdesarrollador-a-full-stack-php-rosario&w=Python&p=2,Desarrollador Full Stack,jobrapido,2026-09-10T04:59:01.900276,,,,
8358661424280502272,Desarrollador Full Stack SSR Proyecto en Munro,Yel,"Capital Federal, Vicente López","Open or close the mobile menu Jobrapido Entrar Inscríbete Publica una oferta Ayuda Empresas Clear job input Profesión / Palabras clave Ofertas de trabajo para Desarrollador Full en Departamento Federal ¿Qué trabajo estás buscando? Clear location input Localidad Búsqueda avanzada de empleo Relevancia Fecha [[distance.label]] [[d.text]] Close Localidad Gran Buenos Aires Capital Federal Córdoba Santa Fé Neuquén Rosario Mendoza Rincón De Los Sauces Gba Sur Mar Del Plata Búsquedas relacionadas Software Software Engineer Python Software Engineer Modelo Management Services Engineer Security Product Engineering Sistemas Product Engineer Vuelve a tus resultados: [[backlinkLabel]] Desarrollador Full Stack SSR Proyecto en Munro Capital Federal - Provincia De Buenos Aires, Vicente López - Provincia De Buenos Aires Yel [[upButtonMessage]] full time www.sherlockhr.com 20 ago 2026 En Yel buscamos un/a Desarrollador/a Full Stack Semi Senior, orientado a backend, para sumarse a un proyecto de construcción de una plataforma de interoperabilidad semántica en el ecosistema de salud. ¿Qué vas a hacer? Vas a trabajar sobre componentes ya definidos por un Arquitecto de Software / Sr Developer, implementando APIs, procesos batch, persistencia de datos, UI de curaduría, tests y documentación operativa. El diseño arquitectónico y funcional no corre por tu cuenta: tu foco es ejecutar con calidad, respetar contratos técnicos y trabajar con revisión técnica frecuente. Conocimientos excluyentes Dominio de Python. Experiencia con Docker. Manejo de Linux. Experiencia en desarrollo e integración de API REST. Stack principal: Python FastAPI Docker PostgreSQL Redis Elasticsearch React TypeScript Deseable (no excluyente): SQL Workers / procesamiento asincrónico Almacenamiento tipo S3/MinIO Nociones de búsqueda/IA SNOMED, FHIR o Snowstorm (valorado, no obligatorio) Modalidad: Hibrido - Oficinas en Munro, Zona Norte Bs As. martes y jueves Seniority: SSR (o Junior avanzado con perfil backend) Es un poryecto de aprox 4 meses con posibilidad de una contratacion indeterminada. 🎁 Beneficios Yel Plan de salud corporativo cerrado y exclusivo. Sin cargo para vos y grupo familiar directo. Plataforma de beneficios y descuentos corporativos (Cursos y certificaciones, idiomas, gimnasios, gastronomía, indumentaria y otros) Días libres adicionales Obsequios por días especiales Programa de referidos Ver más Ver menos [[downButtonMessage]] LinkedIn Twitter Facebook © 2026 Jobrapido | C.I.F: IT11876271005 Trabajos Empresas Condiciones del Servicio Política de Privacidad Ayuda Contacto",,https://ar.jobrapido.com/jobpreview/8358661424280502272?redirectTo=https%253A%252F%252Fyel.pandape.computrabajo.com%252FDetail%252F13353959%253Fov%253D6%2526utm_source%253Djobrapido%2526utm_medium%253Dreferral%2526utm_campaign%253Dfeed%2526utm_term%253Dorganic%2526utm_content%253Dats&w=Python&p=2,Desarrollador Full Stack,jobrapido,2026-09-10T04:59:01.900753,,,,
8660515161817219072,Desarrollador Full Stack .Net Semi Senior (100% Remote) (Rosario),Greencode Software,Rosario,"Open or close the mobile menu Jobrapido Entrar Inscríbete Publica una oferta Ayuda Empresas Clear job input Profesión / Palabras clave Ofertas de trabajo para Desarrollador Full en Rosario ¿Qué trabajo estás buscando? Clear location input Localidad Búsqueda avanzada de empleo Relevancia Fecha [[distance.label]] [[d.text]] Close Localidad Gran Buenos Aires Capital Federal Córdoba Santa Fé Neuquén Rosario Mendoza Rincón De Los Sauces Gba Sur Mar Del Plata Búsquedas relacionadas Software Software Engineer Python Software Engineer Modelo Management Services Engineer Security Product Engineering Sistemas Product Engineer Vuelve a tus resultados: [[backlinkLabel]] Desarrollador Full Stack .Net Semi Senior (100% Remote) (Rosario) Rosario - Región Centro Greencode Software [[upButtonMessage]] full time www.kitempleo.com.ar 21 ago 2026 ¡Estamos buscando un/a FullStack Developer . Net para sumarse a nuestro equipo en Green Code Software! En Green Code Software, una software factory nacida en ****, trabajamos con empresas de Argentina y EE.UU. acompañándolas en sus procesos de transformación digital. Somos un equipo en crecimiento constante que prioriza la colaboración, la innovación y el aprendizaje continuo como pilares clave para construir soluciones que marcan la diferencia. Hoy queremos sumar a alguien que tenga ganas de dejar huella en los proyectos, crecer con nosotros y aportar ideas que mejoren la calidad y velocidad de lo que hacemos. ¿Te copa el desafío? El Desafío Construirás una plataforma integral que: Ingesta datos de múltiples fuentes: partners estratégicos, datasets públicos y datasets adquiridos Gestiona la gobernanza y trazabilidad completa del ciclo de vida de los datos Transforma y procesa datos hasta convertirlos en productos comercializables de alta calidad Asegura la calidad mediante procesos automatizados de validación y control Stack Tecnológico Backend & APIs C# / . NET SQL Server Docker / Docker-Compose Integración con schedulers (tipo Airflow) Procesamiento de datos en Python Frontend React Next.js Testing & DevOps Cypress (UI Testing) Locust (Stress Testing) AWS Cloud Infrastructure Metodología Desarrollo por hitos con entregas programadas Enfoque ágil orientado a resultados Lo que Buscamos Experiencia Técnica 2-3 años de experiencia en desarrollo Full Stack Sólido conocimiento en C# y . NET Experiencia con React y JavaScript moderno Manejo de SQL Server Experiencia con APIs RESTful Perfil Adecuado Desarrollador proactivo que disfrute construir sistemas desde cero Orientación a resultados y cumplimiento de deadlines Experiencia en proyectos de datos (deseable) Conocimiento en testing automatizado Familiaridad con metodologías ágiles ¿Por qué sumarte a Green Code? Salario competitivo acorde al mercado y la posibilidad de revisión periódica. Clases de inglés . 100% remota Horarios flexibles para que organices tu tiempo. Un equipo cercano, horizontal y con ganas de compartir conocimiento. Proyectos con impacto real, donde vas a poder proponer y tomar decisiones técnicas. Ubicación Estamos en Buenos Aires, pero el equipo es remoto y distribuido. ¡Podés sumarte desde cualquier parte del país! ¿Querés ser parte de un equipo con mentalidad ágil, cultura de aprendizaje y enfoque real en el bienestar de las personas? Postulate y conversemos. #J-*****-Ljbffr Ver más Ver menos [[downButtonMessage]] LinkedIn Twitter Facebook © 2026 Jobrapido | C.I.F: IT11876271005 Trabajos Empresas Condiciones del Servicio Política de Privacidad Ayuda Contacto",,https://ar.jobrapido.com/jobpreview/8660515161817219072?redirectTo=https%253A%252F%252Fwww.kitempleo.com.ar%252Fempleo%252F52607699%252Fdesarrollador-full-stack-net-semi-senior-100-remote-rosario&w=Python&p=2,Desarrollador Full Stack,jobrapido,2026-09-10T04:59:01.901285,,,,
7449225601413545984,Desarrollador Full Stack (Rosario),PRIMARY,Rosario,"Jobrapido Publica una oferta Ayuda Empresas Entrar Inscríbete Profesión / Palabras clave Localidad Ofertas de trabajo para Desarrollador Full en Rosario Trabajos > Desarrollador Full > Rosario Localidad Gran Buenos Aires Capital Federal Córdoba Santa Fé Neuquén Rosario Mendoza Rincón De Los Sauces Gba Sur Mar Del Plata Búsquedas relacionadas Software Software Engineer Python Software Engineer Modelo Management Services Engineer Security Product Engineering Sistemas Product Engineer Vuelve a tus resultados: [[backlinkLabel]] Desarrollador Full Stack (Rosario) Rosario - Región Centro PRIMARY [[upButtonMessage]] full time Publicado enwww.kitempleo.com.ar 08 sep 2026 Descripción Sumate a Primary: Seguimos creciendo y queremos que seas parte de nuestro equipo.: Principales desafíos. Responsabilidades: - Liderar el proyecto de desarrollo de una plataforma financiera desde la concepción hasta la implementación. - Implementar patrones de diseño como Outbox pattern y CQRS para mejorar la escalabilidad y el rendimiento del sistema. - Colaborar estrechamente con diseñadores, analistas y otros desarrolladores para garantizar una experiência de usuario y una funcionalidad de alta calidad. - Participar en revisiones de código y pruebas unitarias para asegurar la calidad del código y la estabilidad del sistema. - Investigar y evaluar nuevas tecnologías y herramientas que puedan mejorar el proceso de desarrollo y la arquitectura del sistema. - Mantenerse actualizado sobre las mejores prácticas de desarrollo y participar en actividades de crecimiento profesional. Requisitos: - Experiência sólida como Desarrollador Full Stack.NET, preferiblemente en proyectos de desarrollo de plataformas financieras o aplicaciones de misión crítica. - Amplio conocimiento y experiência en React, NextJS, TypeScript,.NET 7, C#, RabbitMQ, gRPC, JSON RPC y otras tecnologías relacionadas. ﻿Será un Plus: - Familiaridad con patrones de diseño como Outbox pattern y CQRS. ﻿Nuestra propuesta de valor: - Vos elegís dónde, somos remote friendly Nos importa que elijas dónde trabajar y si querés venir a la oficina, también vas a tener tu lugar súper cómodo y equipado. - Vos proponés y nosotros te acompañamos Invertimos en tu expansión profesional para que despliegues todo tu potencial. - Cuidamos tus ingresos Nos ocupamos de mantenerlos actualizados y de sumar adicionales para que elijas en qué usarlos. - Nosotros te cuidamos Tu bienestar y tu salud nos importan, por eso ofrecemos cobertura médica para vos y para tu grupo familiar, brindamos un seguro de vida y cubrimos los gastos de gimnasio. 4 years Ver más Ver menos [[downButtonMessage]] LinkedIn Twitter Facebook © 2026 Jobrapido | C.I.F: IT11876271005 Trabajos Empresas Condiciones del Servicio Política de Privacidad Ayuda Contacto",,https://ar.jobrapido.com/jobpreview/7449225601413545984?redirectTo=https%253A%252F%252Fwww.kitempleo.com.ar%252Fempleo%252F53371818%252Fdesarrollador-full-stack-rosario&w=Python&p=3,Desarrollador Full Stack,jobrapido,2026-09-10T05:00:55.242447,,,,
88579454904827904,Desarrollador Full Stack,Workmate SA,Remoto,"Open or close the mobile menu Jobrapido Entrar Inscríbete Publica una oferta Ayuda Empresas Clear job input Profesión / Palabras clave Ofertas de trabajo para Desarrollador Full en Remoto ¿Qué trabajo estás buscando? Clear location input Localidad Búsqueda avanzada de empleo Relevancia Fecha [[distance.label]] [[d.text]] Close Localidad Gran Buenos Aires Capital Federal Córdoba Santa Fé Neuquén Rosario Mendoza Rincón De Los Sauces Gba Sur Mar Del Plata Búsquedas relacionadas Software Software Engineer Python Software Engineer Modelo Management Services Engineer Security Product Engineering Sistemas Product Engineer Vuelve a tus resultados: [[backlinkLabel]] Desarrollador Full Stack Remoto - Remoto Workmate SA [[upButtonMessage]] full time www.remoteandtalent-je.com 20 jul 2026 At Remote and Talent , we are looking for a talented Semi Senior Full Stack Developer to join Workmate, a company building innovative, high-impact technology solutions for the mining industry across Latin America. You will work remotely with a team focused on creating scalable applications that improve operational efficiency for leading clients in the sector. In this role, you will contribute across the full development lifecycle—from analyzing business needs and designing automated solutions to development, deployment, and continuous improvement. We are looking for someone with strong hands-on experience in TypeScript, NestJS, Angular, PostgreSQL, and AWS, who enjoys solving real-world challenges and delivering high-quality software in an agile environment. Ver más Ver menos [[downButtonMessage]] LinkedIn Twitter Facebook © 2026 Jobrapido | C.I.F: IT11876271005 Trabajos Empresas Condiciones del Servicio Política de Privacidad Ayuda Contacto",,https://ar.jobrapido.com/jobpreview/88579454904827904?redirectTo=https%253A%252F%252Fremoteandtalent.com%252Fdevelopment%252Fdesarrollador-full-stack-workmate-sa-7884%253Futm_source%253Djobrapido%2526utm_campaign%253Dfeed&w=Python&p=3,Desarrollador Full Stack,jobrapido,2026-09-10T05:00:55.242946,,,,
5499717130892869632,Desarrollador .Net Full Stack Semi Senior — Remoto (Rosario),Greencode Software,Rosario,"Jobrapido Publica una oferta Ayuda Empresas Entrar Inscríbete Profesión / Palabras clave Localidad Ofertas de trabajo para Desarrollador Full en Rosario Trabajos > Desarrollador Full > Rosario Localidad Gran Buenos Aires Capital Federal Córdoba Santa Fé Neuquén Rosario Mendoza Rincón De Los Sauces Gba Sur Mar Del Plata Búsquedas relacionadas Software Software Engineer Python Software Engineer Modelo Management Services Engineer Security Product Engineering Sistemas Product Engineer Vuelve a tus resultados: [[backlinkLabel]] Desarrollador .Net Full Stack Semi Senior — Remoto (Rosario) Rosario - Región Centro Greencode Software [[upButtonMessage]] full time Publicado enwww.kitempleo.com.ar 01 sep 2026 Una empresa de software busca un/a FullStack Developer . Net para unirse a su equipo en Buenos Aires. El rol implica construir plataformas, gestionar datos y asegurar la calidad mediante automatización. Se requiere experiencia en C#, . NET, React y APIs RESTful, con un enfoque en resultados y cumplimiento de deadlines. Ofrecemos un remuneración competitiva, trabajo 100% remoto, y un ambiente colaborativo con horarios flexibles. ¡Postulate y sé parte de un equipo que valora el aprendizaje y bienestar! #J-*****-Ljbffr Ver más Ver menos [[downButtonMessage]] LinkedIn Twitter Facebook © 2026 Jobrapido | C.I.F: IT11876271005 Trabajos Empresas Condiciones del Servicio Política de Privacidad Ayuda Contacto",,https://ar.jobrapido.com/jobpreview/5499717130892869632?redirectTo=https%253A%252F%252Fwww.kitempleo.com.ar%252Fempleo%252F53013155%252Fdesarrollador-net-full-stack-semi-senior-remoto-rosario&w=Python&p=3,Desarrollador Full Stack,jobrapido,2026-09-10T05:00:55.243441,,,,
1820072825680035840,Desarrollador/a Backend Rosario (Argentina),Importante empresa,Rosario,"Jobrapido Publica una oferta Ayuda Empresas Entrar Inscríbete Profesión / Palabras clave Localidad Ofertas de trabajo para Backend Rosario en Rosario Trabajos > Backend Rosario > Rosario Localidad Gran Buenos Aires Capital Federal Córdoba Santa Fé Neuquén Rosario Mendoza Rincón De Los Sauces Gba Sur Mar Del Plata Búsquedas relacionadas Software Software Engineer Python Software Engineer Modelo Management Services Engineer Security Product Engineering Sistemas Product Engineer Vuelve a tus resultados: [[backlinkLabel]] Desarrollador/a Backend Rosario (Argentina) Rosario - Región Centro Importante empresa [[upButtonMessage]] full time Publicado enwww.kitempleo.com.ar 01 sep 2026 Estamos buscando un/a Desarrollador/a de Software Semi Senior que quiera sumarse al equipo de Data & Platforms de una reconocida empresa Agtech, con foco inicial en backend, datos e infraestructura ¿Cuales seran tus principales desafios? Diseñar, desarrollar y mantener servicios backend en Python, priorizando codigo limpio, testeable y performante Construir e integrar pipelines de datos y servicios sobre AWS (S3, DynamoDB, Elasticsearch, entre otros) Contenerizar aplicaciones con Docker y colaborar en su despliegue y operacion en AWS Participar en decisiones de arquitectura de datos y servicios junto al equipo Diagnosticar y resolver incidentes de produccion, y colaborar con Producto y Data para traducir requerimientos en soluciones tecnicas Ir incorporando gradualmente trabajo en frontend/full-stack segun necesidad del equipo ? Desarrollador/a Backend (Rosario) ? Findme ? Rosario Ver más Ver menos [[downButtonMessage]] LinkedIn Twitter Facebook © 2026 Jobrapido | C.I.F: IT11876271005 Trabajos Empresas Condiciones del Servicio Política de Privacidad Ayuda Contacto",,https://ar.jobrapido.com/jobpreview/1820072825680035840?redirectTo=https%253A%252F%252Fwww.kitempleo.com.ar%252Fempleo%252F52937201%252Fdesarrollador-a-backend-rosario-argentina&w=Python&p=3,Desarrollador Full Stack,jobrapido,2026-09-10T05:00:55.243930,,,,
4036456613920374784,Desarrollador/a Backend Rosario (Argentina),Importante grupo,Rosario,"Open or close the mobile menu Jobrapido Entrar Inscríbete Publica una oferta Ayuda Empresas Clear job input Profesión / Palabras clave Ofertas de trabajo para Backend Rosario en Rosario ¿Qué trabajo estás buscando? Clear location input Localidad Búsqueda avanzada de empleo Relevancia Fecha [[distance.label]] [[d.text]] Close Localidad Gran Buenos Aires Capital Federal Córdoba Santa Fé Neuquén Rosario Mendoza Rincón De Los Sauces Gba Sur Mar Del Plata Búsquedas relacionadas Software Software Engineer Python Software Engineer Modelo Management Services Engineer Security Product Engineering Sistemas Product Engineer Vuelve a tus resultados: [[backlinkLabel]] Desarrollador/a Backend Rosario (Argentina) Rosario - Región Centro Importante grupo [[upButtonMessage]] full time www.kitempleo.com.ar 30 ago 2026 Estamos buscando un/a Desarrollador/a de Software Semi Senior que quiera sumarse al equipo de Data & Platforms de una reconocida empresa Agtech, con foco inicial en backend, datos e infraestructura ¿Cuales seran tus principales desafios? Diseñar, desarrollar y mantener servicios backend en Python, priorizando codigo limpio, testeable y performante Construir e integrar pipelines de datos y servicios sobre AWS (S3, DynamoDB, Elasticsearch, entre otros) Contenerizar aplicaciones con Docker y colaborar en su despliegue y operacion en AWS Participar en decisiones de arquitectura de datos y servicios junto al equipo Diagnosticar y resolver incidentes de produccion, y colaborar con Producto y Data para traducir requerimientos en soluciones tecnicas Ir incorporando gradualmente trabajo en frontend/full-stack segun necesidad del equipo ? Desarrollador/a Backend (Rosario) ? Findme ? Rosario Ver más Ver menos [[downButtonMessage]] LinkedIn Twitter Facebook © 2026 Jobrapido | C.I.F: IT11876271005 Trabajos Empresas Condiciones del Servicio Política de Privacidad Ayuda Contacto",,https://ar.jobrapido.com/jobpreview/4036456613920374784?redirectTo=https%253A%252F%252Fwww.kitempleo.com.ar%252Fempleo%252F52884823%252Fdesarrollador-a-backend-rosario-argentina&w=Python&p=3,Desarrollador Full Stack,jobrapido,2026-09-10T05:00:55.244413,,,,
2080742087455670272,Anuncios Google,Empresa líder,Rosario,"Open or close the mobile menu Jobrapido Entrar Inscríbete Publica una oferta Ayuda Empresas Clear job input Profesión / Palabras clave Ofertas de trabajo para Backend en Rosario ¿Qué trabajo estás buscando? Clear location input Localidad Búsqueda avanzada de empleo Relevancia Fecha [[distance.label]] [[d.text]] Close Localidad Gran Buenos Aires Capital Federal Córdoba Santa Fé Neuquén Rosario Mendoza Rincón De Los Sauces Gba Sur Mar Del Plata Búsquedas relacionadas Software Software Engineer Python Software Engineer Modelo Management Services Engineer Security Product Engineering Sistemas Product Engineer Vuelve a tus resultados: [[backlinkLabel]] Desarrollador/A Backend (Rosario) Rosario - Región Centro Empresa líder [[upButtonMessage]] full time www.kitempleo.com.ar 30 ago 2026 Estamos buscando un/a Desarrollador/a de Software Semi Senior que quiera sumarse al equipo de Data & Platforms de una reconocida empresa Agtech, con foco inicial en backend, datos e infraestructura ¿Cuales seran tus principales desafios? - Diseñar, desarrollar y mantener servicios backend en Python, priorizando codigo limpio, testeable y performante - Construir e integrar pipelines de datos y servicios sobre AWS (S3, DynamoDB, Elasticsearch, entre otros) - Contenerizar aplicaciones con Docker y colaborar en su despliegue y operacion en AWS - Participar en decisiones de arquitectura de datos y servicios junto al equipo - Diagnosticar y resolver incidentes de produccion, y colaborar con Producto y Data para traducir requerimientos en soluciones tecnicas - Ir incorporando gradualmente trabajo en frontend/full-stack segun necesidad del equipo ? Desarrollador/a Backend (Rosario) ? Findme ? Rosario Ver más Ver menos [[downButtonMessage]] LinkedIn Twitter Facebook © 2026 Jobrapido | C.I.F: IT11876271005 Trabajos Empresas Condiciones del Servicio Política de Privacidad Ayuda Contacto",,https://ar.jobrapido.com/jobpreview/2080742087455670272?redirectTo=https%253A%252F%252Fwww.kitempleo.com.ar%252Fempleo%252F52859630%252Fdesarrollador-a-backend-rosario&w=Python&p=4,Desarrollador Full Stack,jobrapido,2026-09-10T05:01:35.874386,,,,
7366383653733007360,Desarrollador/A Backend (Rosario),Importante grupo,Rosario,"Open or close the mobile menu Jobrapido Entrar Inscríbete Publica una oferta Ayuda Empresas Clear job input Profesión / Palabras clave Ofertas de trabajo para Backend en Rosario ¿Qué trabajo estás buscando? Clear location input Localidad Búsqueda avanzada de empleo Relevancia Fecha [[distance.label]] [[d.text]] Close Localidad Gran Buenos Aires Capital Federal Córdoba Santa Fé Neuquén Rosario Mendoza Rincón De Los Sauces Gba Sur Mar Del Plata Búsquedas relacionadas Software Software Engineer Python Software Engineer Modelo Management Services Engineer Security Product Engineering Sistemas Product Engineer Vuelve a tus resultados: [[backlinkLabel]] Desarrollador/A Backend (Rosario) Rosario - Región Centro Importante grupo [[upButtonMessage]] full time www.kitempleo.com.ar 28 ago 2026 Estamos buscando un/a Desarrollador/a de Software Semi Senior que quiera sumarse al equipo de Data & Platforms de una reconocida empresa Agtech, con foco inicial en backend, datos e infraestructura ¿Cuales seran tus principales desafios? - Diseñar, desarrollar y mantener servicios backend en Python, priorizando codigo limpio, testeable y performante - Construir e integrar pipelines de datos y servicios sobre AWS (S3, DynamoDB, Elasticsearch, entre otros) - Contenerizar aplicaciones con Docker y colaborar en su despliegue y operacion en AWS - Participar en decisiones de arquitectura de datos y servicios junto al equipo - Diagnosticar y resolver incidentes de produccion, y colaborar con Producto y Data para traducir requerimientos en soluciones tecnicas - Ir incorporando gradualmente trabajo en frontend/full-stack segun necesidad del equipo ? Desarrollador/a Backend (Rosario) ? Findme ? Rosario Ver más Ver menos [[downButtonMessage]] LinkedIn Twitter Facebook © 2026 Jobrapido | C.I.F: IT11876271005 Trabajos Empresas Condiciones del Servicio Política de Privacidad Ayuda Contacto",,https://ar.jobrapido.com/jobpreview/7366383653733007360?redirectTo=https%253A%252F%252Fwww.kitempleo.com.ar%252Fempleo%252F52835223%252Fdesarrollador-a-backend-rosario&w=Python&p=4,Desarrollador Full Stack,jobrapido,2026-09-10T05:01:35.875309,,,,
7843609014863659008,Desarrollador/a Backend (Rosario),Findme,Rosario,"Open or close the mobile menu Jobrapido Entrar Inscríbete Publica una oferta Ayuda Empresas Clear job input Profesión / Palabras clave Ofertas de trabajo para Backend en Rosario ¿Qué trabajo estás buscando? Clear location input Localidad Búsqueda avanzada de empleo Relevancia Fecha [[distance.label]] [[d.text]] Close Localidad Gran Buenos Aires Capital Federal Córdoba Santa Fé Neuquén Rosario Mendoza Rincón De Los Sauces Gba Sur Mar Del Plata Búsquedas relacionadas Software Software Engineer Python Software Engineer Modelo Management Services Engineer Security Product Engineering Sistemas Product Engineer Vuelve a tus resultados: [[backlinkLabel]] Desarrollador/a Backend (Rosario) Rosario - Región Centro Findme [[upButtonMessage]] full time www.kitempleo.com.ar 28 ago 2026 Estamos buscando un/a Desarrollador/a de Software Semi Senior que quiera sumarse al equipo de Data & Platforms de una reconocida empresa Agtech, con foco inicial en backend, datos e infraestructura ¿Cuales seran tus principales desafios? - Diseñar, desarrollar y mantener servicios backend en Python, priorizando codigo limpio, testeable y performante - Construir e integrar pipelines de datos y servicios sobre AWS (S3, DynamoDB, Elasticsearch, entre otros) - Contenerizar aplicaciones con Docker y colaborar en su despliegue y operacion en AWS - Participar en decisiones de arquitectura de datos y servicios junto al equipo - Diagnosticar y resolver incidentes de produccion, y colaborar con Producto y Data para traducir requerimientos en soluciones tecnicas - Ir incorporando gradualmente trabajo en frontend/full-stack segun necesidad del equipo Ver más Ver menos [[downButtonMessage]] LinkedIn Twitter Facebook © 2026 Jobrapido | C.I.F: IT11876271005 Trabajos Empresas Condiciones del Servicio Política de Privacidad Ayuda Contacto",,https://ar.jobrapido.com/jobpreview/7843609014863659008?redirectTo=https%253A%252F%252Fwww.kitempleo.com.ar%252Fempleo%252F52816276%252Fdesarrollador-a-backend-rosario&w=Python&p=4,Desarrollador Full Stack,jobrapido,2026-09-10T05:01:35.875981,,,,
2073912385080393728,Oferta de empleo: Desarrollador JAVA Importante Fintech SSR o SR - Zona Rosario Centro,N/A,Rosario,"Open or close the mobile menu Jobrapido Entrar Inscríbete Publica una oferta Ayuda Empresas Clear job input Profesión / Palabras clave Ofertas de trabajo para Oferta De en Rosario ¿Qué trabajo estás buscando? Clear location input Localidad Búsqueda avanzada de empleo Relevancia Fecha [[distance.label]] [[d.text]] Close Localidad Gran Buenos Aires Capital Federal Córdoba Santa Fé Neuquén Rosario Mendoza Rincón De Los Sauces Gba Sur Mar Del Plata Búsquedas relacionadas Software Software Engineer Python Software Engineer Modelo Management Services Engineer Security Product Engineering Sistemas Product Engineer Vuelve a tus resultados: [[backlinkLabel]] Oferta de empleo: Desarrollador JAVA Importante Fintech SSR o SR - Zona Rosario Centro Rosario - Región Centro [[upButtonMessage]] full time www.goempleo.com 09 jul 2026 Oferta de empleo: Desarrollador JAVA Importante Fintech SSR o SR - Zona Rosario Centro: La descripción del trabajo.: Desarrollador JAVA Importante Fintech SSR o SR Zona Rosario Centro Rosario, Santa Fe · Hoy, 09:42 a. m. (actualizada) SMART HUNTERS Este sello certifica que los datos y actividad de esta empresa han sido verificado meticulosamente por parte de goempleo Enviar mi CV Desarrollador JAVA Importante Fintech SSR o SR - Zona Rosario Centro Enviar mi CV Sobre la oferta La empresa Desarrollador JAVA Importante Fintech SSR o SR Zona Rosario Centro Rosario, Santa Fe · Hoy, 09:42 a. m. (actualizada) SMART HUNTERS Este sello certifica que los datos y actividad de esta empresa han sido verificado meticulosamente por parte de goempleo Enviar mi CV Desarrollador JAVA Importante Fintech SSR o SR - Zona Rosario Centro Enviar mi CV Sobre la oferta La empresa Descripción de la oferta: » Para importante Fintech cuya actividad principal es el desarrollo y comercialización de servicios informáticos para participantes del mercado de capitales -fundamentalmente, servicio de back office para Agentes de Negociación y Agentes de Liquidación y Compensación registrados ante la Comisión Nacional de Valores- estamos en búsqueda de Developers Fullstack para formar parte de su equipo de Sistemas. # Desarrollador Full Stack Buscamos desarrolladores full stack, con sólida formación en análisis, diseño y programación de sistemas (ingeniería y carreras afines). Perfiles: Semi Senior (de 2 a 6 años de experiencia). Stack tecnológico: Java, Hibernate, Vaadin, GIT. Valoramos: conocimientos de programación funcional, trabajo en equipo, sentido de la responsabilidad, utilización de metodologías ágiles e interés en la investigación y aprendizaje de nuevos lenguajes de programación / frameworks. Además de poseer formación sólida en técnicas de análisis, relevamiento y diseño de sistemas. Conocimientos requeridos: Java Hibernate / JPA Spring Framework Javascript / Typescript SVN/GIT Bases de datos relacionales: Postgresql, Oracle, MySql. POO (conocimientos sólidos) y patrones de diseño. Las condiciones de contratación son: Horario: lunes a viernes, de 10 a 19. Lugar del puesto Edificio Torre de la Bolsa de Comercio de Rosario (centro de Rosario). Beneficios adicionales: 1) cobertura médica en favor del empleado con SWISS MEDICAL en plan a definir por empresa; 2) Crédito en Almuerzo por valor de $2.500; 3) Refrigerios diversos sin costo; y 4) Acuerdo con Gimnasio. Requerimientos » Educación mínima: Universitario » Años de experiencia: 3 » Disponibilidad de Viajar: No » Disponibilidad de cambio de residencia: No » Enviar mi CV Resumen del empleo » Desarrollador JAVA Importante Fintech SSR o SR » Rosario, Santa Fe » Empresa SMART HUNTERS Seguir Dejar de seguir Recibe notificaciones nuevas de SMART HUNTERS Contraseña incorrecta Obligatorio He leído y acepto las Condiciones Legales incluidas en el aviso legal y la política de privacidad Obligatorio Acepto recibir información ocasional sobre productos, servicios y eventos de DGNET y sus colaboradores Ver detalle legal Información básica de privacidad y contacto Responsable DGNET Ltd, registrada en Escocia n°189977, con domicilio en 10 York Place, Edimburgo EH1 3EP, Reino Unido y teléfono de Contáctenos: +44 131 473 1049. Finalidad Realizar una correcta gestión de los servicios a los que te suscribas. Legitimación Ejecución de un contrato, consentimiento, interés legítimo y cumplimiento de una obligación legal. Destinatarios Podrán acceder a tus datos los prestadores de servicios de DGNET Ltd, incluyendo otras empresas de su grupo. Únicamente se cederán datos por obligación legal. Derechos Tienes derecho a acceder, rectificar y suprimir los datos, así como otros derechos, cuyo detalle se incluye en nuestra Política de Privacidad completa. » Tipo de contrato Contrato por tiempo indeterminado » Jornada Jornada completa » Enviar mi CV Competencia/cualificación: Categorí­a del Empleo: [ Ver todos ] Requerimientos de Idioma: Tipo de Empleo: Sueldo: No especificado Titulación: Sin especificar Experiencia: No especificado Localización del Empleo: Otra Tipo de empresa Empleador Día de envío: 2026/08/13 / Viewed 928 times Información de Contacto Empresa: Ver más Ver menos [[downButtonMessage]] LinkedIn Twitter Facebook © 2026 Jobrapido | C.I.F: IT11876271005 Trabajos Empresas Condiciones del Servicio Política de Privacidad Ayuda Contacto",,https://ar.jobrapido.com/jobpreview/2073912385080393728?redirectTo=https%253A%252F%252Fwww.goempleo.com%252Fview.php%253Fjob_id%253D1258631&w=Python&p=4,Desarrollador Full Stack,jobrapido,2026-09-10T05:01:35.876651,,,,
4148995391414599680,Empleo: Desarrollador JAVA Importante Fintech SSR o SR - Zona Rosario Centro,N/A,Rosario,"Open or close the mobile menu Jobrapido Entrar Inscríbete Publica una oferta Ayuda Empresas Clear job input Profesión / Palabras clave Ofertas de trabajo para Desarrollador JAVA en Rosario ¿Qué trabajo estás buscando? Clear location input Localidad Búsqueda avanzada de empleo Relevancia Fecha [[distance.label]] [[d.text]] Close Localidad Gran Buenos Aires Capital Federal Córdoba Santa Fé Neuquén Rosario Mendoza Rincón De Los Sauces Gba Sur Mar Del Plata Búsquedas relacionadas Software Software Engineer Python Software Engineer Modelo Management Services Engineer Security Product Engineering Sistemas Product Engineer Vuelve a tus resultados: [[backlinkLabel]] Empleo: Desarrollador JAVA Importante Fintech SSR o SR - Zona Rosario Centro Rosario - Región Centro [[upButtonMessage]] full time www.goempleo.com 03 jul 2026 Empleo: Desarrollador JAVA Importante Fintech SSR o SR - Zona Rosario Centro: La descripción del trabajo.: Desarrollador JAVA Importante Fintech SSR o SR Zona Rosario Centro Rosario, Santa Fe · Hoy, 04:34 a. m. (actualizada) SMART HUNTERS Este sello certifica que los datos y actividad de esta empresa han sido verificado meticulosamente por parte de goempleo Enviar mi CV Desarrollador JAVA Importante Fintech SSR o SR - Zona Rosario Centro Enviar mi CV Sobre la oferta La empresa Desarrollador JAVA Importante Fintech SSR o SR Zona Rosario Centro Rosario, Santa Fe · Hoy, 04:34 a. m. (actualizada) SMART HUNTERS Este sello certifica que los datos y actividad de esta empresa han sido verificado meticulosamente por parte de goempleo Enviar mi CV Desarrollador JAVA Importante Fintech SSR o SR - Zona Rosario Centro Enviar mi CV Sobre la oferta La empresa Descripción de la oferta: » Para importante Fintech cuya actividad principal es el desarrollo y comercialización de servicios informáticos para participantes del mercado de capitales -fundamentalmente, servicio de back office para Agentes de Negociación y Agentes de Liquidación y Compensación registrados ante la Comisión Nacional de Valores- estamos en búsqueda de Developers Fullstack para formar parte de su equipo de Sistemas. # Desarrollador Full Stack Buscamos desarrolladores full stack, con sólida formación en análisis, diseño y programación de sistemas (ingeniería y carreras afines). Perfiles: Semi Senior (de 2 a 6 años de experiencia). Stack tecnológico: Java, Hibernate, Vaadin, GIT. Valoramos: conocimientos de programación funcional, trabajo en equipo, sentido de la responsabilidad, utilización de metodologías ágiles e interés en la investigación y aprendizaje de nuevos lenguajes de programación / frameworks. Además de poseer formación sólida en técnicas de análisis, relevamiento y diseño de sistemas. Conocimientos requeridos: Java Hibernate / JPA Spring Framework Javascript / Typescript SVN/GIT Bases de datos relacionales: Postgresql, Oracle, MySql. POO (conocimientos sólidos) y patrones de diseño. Las condiciones de contratación son: Horario: lunes a viernes, de 10 a 19. Lugar del puesto Edificio Torre de la Bolsa de Comercio de Rosario (centro de Rosario). Beneficios adicionales: 1) cobertura médica en favor del empleado con SWISS MEDICAL en plan a definir por empresa; 2) Crédito en Almuerzo por valor de $2.500; 3) Refrigerios diversos sin costo; y 4) Acuerdo con Gimnasio. Requerimientos » Educación mínima: Universitario » Años de experiencia: 3 » Disponibilidad de Viajar: No » Disponibilidad de cambio de residencia: No » Enviar mi CV Resumen del empleo » Desarrollador JAVA Importante Fintech SSR o SR » Rosario, Santa Fe » Empresa SMART HUNTERS Seguir Dejar de seguir Recibe notificaciones nuevas de SMART HUNTERS Contraseña incorrecta Obligatorio He leído y acepto las Condiciones Legales incluidas en el aviso legal y la política de privacidad Obligatorio Acepto recibir información ocasional sobre productos, servicios y eventos de DGNET y sus colaboradores Ver detalle legal Información básica de privacidad y contacto Responsable DGNET Ltd, registrada en Escocia n°189977, con domicilio en 10 York Place, Edimburgo EH1 3EP, Reino Unido y teléfono de Contáctenos: +44 131 473 1049. Finalidad Realizar una correcta gestión de los servicios a los que te suscribas. Legitimación Ejecución de un contrato, consentimiento, interés legítimo y cumplimiento de una obligación legal. Destinatarios Podrán acceder a tus datos los prestadores de servicios de DGNET Ltd, incluyendo otras empresas de su grupo. Únicamente se cederán datos por obligación legal. Derechos Tienes derecho a acceder, rectificar y suprimir los datos, así como otros derechos, cuyo detalle se incluye en nuestra Política de Privacidad completa. » Tipo de contrato Contrato por tiempo indeterminado » Jornada Jornada completa » Enviar mi CV Competencia/cualificación: Categorí­a del Empleo: [ Ver todos ] Requerimientos de Idioma: Tipo de Empleo: Sueldo: No especificado Titulación: Sin especificar Experiencia: No especificado Localización del Empleo: Otra Tipo de empresa Empleador Día de envío: 2026/08/07 / Viewed 895 times Información de Contacto Empresa: Ver más Ver menos [[downButtonMessage]] LinkedIn Twitter Facebook © 2026 Jobrapido | C.I.F: IT11876271005 Trabajos Empresas Condiciones del Servicio Política de Privacidad Ayuda Contacto",,https://ar.jobrapido.com/jobpreview/4148995391414599680?redirectTo=https%253A%252F%252Fwww.goempleo.com%252Fview.php%253Fjob_id%253D1259523&w=Python&p=4,Desarrollador Full Stack,jobrapido,2026-09-10T05:01:35.877236,,,,
8710518820344692736,Desarrollador/A Backend (Rosario),Empresa reconocida,Rosario,"Open or close the mobile menu Jobrapido Entrar Inscríbete Publica una oferta Ayuda Empresas Clear job input Profesión / Palabras clave Ofertas de trabajo para Backend en Rosario ¿Qué trabajo estás buscando? Clear location input Localidad Búsqueda avanzada de empleo Relevancia Fecha [[distance.label]] [[d.text]] Close Localidad Gran Buenos Aires Capital Federal Córdoba Santa Fé Neuquén Rosario Mendoza Rincón De Los Sauces Gba Sur Mar Del Plata Búsquedas relacionadas Software Software Engineer Python Software Engineer Modelo Management Services Engineer Security Product Engineering Sistemas Product Engineer Vuelve a tus resultados: [[backlinkLabel]] Desarrollador/A Backend (Rosario) Rosario - Región Centro Empresa reconocida [[upButtonMessage]] full time www.kitempleo.com.ar 07 sep 2026 Empresa del sector AgTech que desarrolla soluciones avanzadas de Inteligencia Artificial y Visión Computacional aplicadas a la agricultura de precisión. Su equipo técnico construye la infraestructura de hardware, software y modelos de Deep Learning en tiempo real que transforman la maquinaria agrícola tradicional en equipos inteligentes, combinando la innovación tecnológica de punta con un impacto directo en la sustentabilidad del negocio a escala global. ¿Te interesa sumarte a un equipo de Data & Platforms? Nos encontramos en la búsqueda de un/a Desarrollador/a de Software Semi Senior para sumarse al equipo de Data & Platforms de una reconocida empresa Agtech, con foco inicial en backend, datos e infraestructura ¿Cuáles serán tus principales desafíos? Diseñar, desarrollar y mantener servicios backend en Python, priorizando código limpio, testeable y performante Construir e integrar pipelines de datos y servicios sobre AWS (S3, DynamoDB, Elasticsearch, entre otros) Contenerizar aplicaciones con Docker y colaborar en su despliegue y operación en AWS Participar en decisiones de arquitectura de datos y servicios junto al equipo Diagnosticar y resolver incidentes de producción, y colaborar con Producto y Data para traducir requerimientos en soluciones técnicas Ir incorporando gradualmente trabajo en frontend/full-stack según necesidad del equipo Requisitos: ¿Qué esperamos de vos? Buscamos una persona con autonomía para llevar proyectos de punta a punta, comunicación clara y curiosidad por aprender Es indispensable que cuentes con: 2-3 años de experiencia profesional en desarrollo backend Sólido manejo de Python (tipado, testing, estructuras de datos, buenas prácticas) Experiencia con AWS: S3, DynamoDB, Elasticsearch, ECS (o servicios equivalentes: RDS, Lambda, SQS/SNS) Experiencia con Docker (construcción de imágenes, docker-compose) Nivel avanzado de diseño y consumo de APIs REST Conocimientos de modelado de datos (relacional y NoSQL) y SQL Git y flujo de trabajo colaborativo (PRs, code review, CI) Apertura para trabajar con herramientas de desarrollo asistido por IA (Claude Code y similares) como parte del flujo diario Inglés técnico para lectura y escritura de documentación Valoramos que cuentes con: Experiencia con IaC (Terraform o CloudFormation) y CI/CD Nociones de frontend (JavaScript/TypeScript, React) Experiencia en IoT Formación Ciencias de la Computación, Ingeniería en Sistemas o carreras afines Incentivos ¿Qué te ofrecemos? Sumarte a un equipo Agtech en pleno crecimiento, con proyectos desafiantes Trabajar en equipo, con tecnologías de punta y herramientas de IA en tendencia Modalidad híbrida con oficinas en Rosario Trabajo full time en relación de dependencia Ver más Ver menos [[downButtonMessage]] LinkedIn Twitter Facebook © 2026 Jobrapido | C.I.F: IT11876271005 Trabajos Empresas Condiciones del Servicio Política de Privacidad Ayuda Contacto",,https://ar.jobrapido.com/jobpreview/8710518820344692736?redirectTo=https%253A%252F%252Fwww.kitempleo.com.ar%252Fempleo%252F53367539%252Fdesarrollador-a-backend-rosario&w=Python&p=4,Desarrollador Full Stack,jobrapido,2026-09-10T05:01:35.877768,,,,
6698011838245765120,Backend/Full-stack Developer (Rosario),Carlo Ratti Associati,Rosario,"Jobrapido Publica una oferta Ayuda Empresas Entrar Inscríbete Profesión / Palabras clave Localidad Ofertas de trabajo para Developer en Rosario Trabajos > Developer > Rosario Localidad Gran Buenos Aires Capital Federal Córdoba Santa Fé Neuquén Rosario Mendoza Rincón De Los Sauces Gba Sur Mar Del Plata Búsquedas relacionadas Software Software Engineer Python Software Engineer Modelo Management Services Engineer Security Product Engineering Sistemas Product Engineer Vuelve a tus resultados: [[backlinkLabel]] Backend/Full-stack Developer (Rosario) Rosario - Región Centro Carlo Ratti Associati [[upButtonMessage]] full time Publicado enwww.kitempleo.com.ar 20 ago 2026 Debi es una pasarela de pagos recurrentes que está teniendo un fuerte crecimiento en Latinoamérica. Buscamos un desarrollador backend/full-stack con mentalidad práctica y colaborativa, que disfrute trabajar sobre una base sólida y desafiante, mejorándola de manera constante sin necesidad de reinventarla. Nuestra principal misión es impactar positivamente en nuestro equipo de trabajo, clientes y comunidad, respectivamente. Tenemos una cultura orientada a las personas que se enfoca en el desarrollo personal y profesional de sus colaboradores. Somos flexibles pero altamente comprometidos y responsables. Amamos la tecnología y nos gusta trabajar con personas proactivas, dinámicas y pujantes. En Debi todxs velamos por el bienestar y crecimiento del otro. El conocimiento se comparte y no se atesora. Elegimos el feedback en todo momento. Todxs pueden proponer cambios y compartir su opinión. La información está disponible para todxs y si no está escrita, no existe. ¿Cuál es tu objetivo? El principal objetivo del puesto es garantizar que nuestra aplicación funcione de manera fiable, que siga evolucionando de forma sostenible y que podamos crecer sin perder velocidad ni calidad. ¿Qué harás en este rol? Mejorar la calidad del código y el rendimiento de nuestra aplicación (PHP, Laravel, Vue.js, MySQL, Redis). Mantener la aplicación existente, desarrollar nuevas conexiones e integraciones con proveedores externos. Proponer mejoras al stack tecnológico y llevarlas a cabo gradualmente, enfocadas primero en lo nuevo y luego en optimizar lo que ya funciona. Desarrollar plugins y componentes para integrar nuestra API en plataformas de terceros. Participar en el desarrollo de nuevas líneas de productos y funciones para nuestra API y frontend. Lo que buscamos Actitud constructiva, positiva y orientada a resultados: alguien que valora la solidez del código existente y lo mejora paso a paso. Habilidad para trabajar con código heredado, entenderlo, respetarlo y evolucionarlo sin necesidad de reescribirlo todo. Perfil ejecutor, con foco en avanzar y entregar valor. Curiosidad, ganas de aprender, de superar retos propios, y capacidad de colaborar con el equipo. Buenas competencias de comunicación, espíritu de equipo y energía para aportar al clima laboral. Es excluyente 4+ años de experiencia desarrollando proyectos de alta calidad. Experiencia sólida con PHP 8 y Laravel. Experiencia implementando (y de preferencia desarrollando) APIs. Mentalidad ágil: puede iterar rápidamente, recibe y da feedback con apertura y espíritu positivo. Compromiso, responsabilidad y foco en cumplir objetivos. Experiencia con herramientas del ecosistema Laravel. Experiencia con la normativa PCI DSS: comprensión de sus principios de seguridad de datos de tarjetas de pago, almacenamiento/transmisión, controles de acceso, etc. Experiencia con AWS u otros entornos en la nube. Experiencia con herramientas del ecosistema Vue.js. Ser miembro activo de la comunidad open-source. Conocimiento del panorama fintech. Experiencia trabajando en startups. Remuneración y Beneficios Equipo joven, cercano y con trato horizontal que vela por el desarrollo personal y profesional de su equipo. Remuneración a consensuar según experiencia y habilidades. Bono adicional equivalente a un sueldo según cumplimiento de objetivos. Home office y libertad para trabajar desde cualquier lugar del mundo. Horarios flexibles y trabajo por objetivos. 7 días extras al año, además de las vacaciones establecidas por ley. Amplio margen para crecer dentro de la empresa. Provisión de notebook (al cabo de 3 años, la notebook será propiedad del colaborador) Si te sentís identificado/a con nuestra cultura y querés ser parte una startup con gran ADN tecnológico, en pleno crecimiento internacional y en una industria con onda expansiva. #J-18808-Ljbffr Ver más Ver menos [[downButtonMessage]] LinkedIn Twitter Facebook © 2026 Jobrapido | C.I.F: IT11876271005 Trabajos Empresas Condiciones del Servicio Política de Privacidad Ayuda Contacto",,https://ar.jobrapido.com/jobpreview/6698011838245765120?redirectTo=https%253A%252F%252Fwww.kitempleo.com.ar%252Fempleo%252F52561530%252Fbackend-full-stack-developer-rosario&w=Python&p=4,Desarrollador Full Stack,jobrapido,2026-09-10T05:01:35.878302,,,,
4718128465654579200,Desarrollador Full Stack (Mendoza),Itrio,Mendoza,"Open or close the mobile menu Jobrapido Entrar Inscríbete Publica una oferta Ayuda Empresas Clear job input Profesión / Palabras clave Ofertas de trabajo para Desarrollador Full en Mendoza ¿Qué trabajo estás buscando? Clear location input Localidad Búsqueda avanzada de empleo Relevancia Fecha [[distance.label]] [[d.text]] Close Localidad Gran Buenos Aires Capital Federal Córdoba Santa Fé Neuquén Rosario Mendoza Rincón De Los Sauces Gba Sur Mar Del Plata Búsquedas relacionadas Software Software Engineer Python Software Engineer Modelo Management Services Engineer Security Product Engineering Sistemas Product Engineer Vuelve a tus resultados: [[backlinkLabel]] Desarrollador Full Stack (Mendoza) Mendoza - Región Cuyo Itrio [[upButtonMessage]] full time www.kitempleo.com.ar 03 sep 2026 Desarrollador Full Stack Ubicación: Mendoza, Argentina Modalidad: Full Time Para una relevante empresa de la ciudad de Mendoza, nos encontramos en la búsqueda de un Desarrollador Full Stack con experiencia en tecnologías modernas de desarrollo web y mobile. Responsabilidades Desarrollo y mantenimiento de aplicaciones móviles en React Native para iOS y Android. Desarrollo de aplicaciones web utilizando React, Next.js y tecnologías asociadas. Diseño e implementación de servicios backend con TypeScript y NestJS. Integración con bases de datos, APIs y servicios de terceros. Participación en despliegues y mantenimiento de aplicaciones en entornos productivos. Colaboración con equipos multidisciplinarios bajo metodologías ágiles. Requisitos Experiencia comprobable en React Native (iOS y Android). Conocimientos en publicación y actualización de aplicaciones en Google Play Store y Apple App Store. Experiencia en React.js y Next.js. Manejo de componentes reutilizables y librerías como TanStack y React Query. Experiencia en desarrollo backend con TypeScript y NestJS. Conocimientos en diseño e implementación de APIs REST, bases de datos e integraciones. Experiencia en despliegues y soporte de aplicaciones en producción. Se valorará Experiencia en arquitecturas de microservicios. Conocimientos de Clean Architecture y buenas prácticas de desarrollo. Capacidad de trabajo en equipo y orientación a resultados. #J-*****-Ljbffr Ver más Ver menos [[downButtonMessage]] LinkedIn Twitter Facebook © 2026 Jobrapido | C.I.F: IT11876271005 Trabajos Empresas Condiciones del Servicio Política de Privacidad Ayuda Contacto",,https://ar.jobrapido.com/jobpreview/4718128465654579200?redirectTo=https%253A%252F%252Fwww.kitempleo.com.ar%252Fempleo%252F53125446%252Fdesarrollador-full-stack-mendoza&w=Python&p=4,Desarrollador Full Stack,jobrapido,2026-09-10T05:01:35.878836,,,,
1985832106307092480,Desarrollador Full Stack (Córdoba),Rekluti,Córdoba,"Jobrapido Publica una oferta Ayuda Empresas Entrar Inscríbete Profesión / Palabras clave Localidad Ofertas de trabajo para Desarrollador Full en Córdoba Trabajos > Desarrollador Full > Córdoba Localidad Gran Buenos Aires Capital Federal Córdoba Santa Fé Neuquén Rosario Mendoza Rincón De Los Sauces Gba Sur Mar Del Plata Búsquedas relacionadas Software Software Engineer Python Software Engineer Modelo Management Services Engineer Security Product Engineering Sistemas Product Engineer Vuelve a tus resultados: [[backlinkLabel]] Desarrollador Full Stack (Córdoba) Córdoba - Región Centro Rekluti [[upButtonMessage]] other Publicado enwww.kitempleo.com.ar 23 ago 2026 Job description Desarrollador/a Full Stack – Python / Angular / Go En Rekluti, consultora especializada en talento tecnológico en LATAM, buscamos un/a Desarrollador/a Full Stack para integrarse a proyectos de alta complejidad y participar en el desarrollo de soluciones web escalables. Buscamos un perfil con sólida experiencia en Python, Angular y Go, capaz de desenvolverse de manera autónoma, aportar en decisiones técnicas y colaborar con equipos multidisciplinarios. 🎯 Principales responsabilidades - Diseñar, desarrollar y mantener aplicaciones Full Stack, participando en frontend y backend. - Desarrollar servicios y APIs REST utilizando principalmente Python y Go. - Construir y mantener interfaces web modernas con Angular. - Participar en el diseño de arquitecturas y definición de soluciones técnicas. - Integrar servicios, APIs y diferentes componentes de la plataforma. - Desarrollar código limpio, mantenible, escalable y de alta calidad. - Participar en revisiones de código, testing y resolución de incidencias. - Colaborar con equipos de Producto, QA, DevOps y otros perfiles técnicos. - Contribuir a la mejora continua de procesos y buenas prácticas de desarrollo. - Trabajar con servicios cloud y ambientes desplegados sobre Google Cloud Platform (GCP). - Participar eventualmente en iniciativas de desarrollo mobile utilizando Flutter. 💻 Requisitos - 5+ años de experiencia en desarrollo de software. - Experiencia sólida como Full Stack Developer. - Dominio avanzado de Python, especialmente para desarrollo backend. - Experiencia sólida con Angular para desarrollo frontend. - Experiencia competente con Go (Golang) en desarrollo de servicios y aplicaciones. - Experiencia construyendo APIs REST, microservicios e integraciones. - Conocimientos de bases de datos SQL y/o NoSQL. - Experiencia trabajando con Git y metodologías ágiles. - Conocimientos de GCP y servicios cloud. - Nociones o experiencia previa con Flutter. - Capacidad de análisis y resolución de problemas com Ver más Ver menos [[downButtonMessage]] LinkedIn Twitter Facebook © 2026 Jobrapido | C.I.F: IT11876271005 Trabajos Empresas Condiciones del Servicio Política de Privacidad Ayuda Contacto",,https://ar.jobrapido.com/jobpreview/1985832106307092480?redirectTo=https%253A%252F%252Fwww.kitempleo.com.ar%252Fempleo%252F52647658%252Fdesarrollador-full-stack-cordoba&w=Python&p=4,Desarrollador Full Stack,jobrapido,2026-09-10T05:01:35.879369,,,,
3078485599024316416,Desarrollador Full Stack (Salta),Ceta Capital Humano,Salta,"Open or close the mobile menu Jobrapido Entrar Inscríbete Publica una oferta Ayuda Empresas Clear job input Profesión / Palabras clave Ofertas de trabajo para Desarrollador Full en Salta ¿Qué trabajo estás buscando? Clear location input Localidad Búsqueda avanzada de empleo Relevancia Fecha [[distance.label]] [[d.text]] Close Localidad Gran Buenos Aires Capital Federal Córdoba Santa Fé Neuquén Rosario Mendoza Rincón De Los Sauces Gba Sur Mar Del Plata Búsquedas relacionadas Software Software Engineer Python Software Engineer Modelo Management Services Engineer Security Product Engineering Sistemas Product Engineer Vuelve a tus resultados: [[backlinkLabel]] Desarrollador Full Stack (Salta) Salta - Región Norte Ceta Capital Humano [[upButtonMessage]] full time www.kitempleo.com.ar 02 sep 2026 Nos encontramos en la búsqueda de Desarrollador Full Stack Sr/Ssr para sumarse al equipo de relevante Universidad en Salta Buscamos una persona con experiencia en el desarrollo de aplicaciones web usando Node.js, React y Base de Datos relacionales. El rol implica trabajar en estrecha colaboración con el equipo de desarrolladores para crear aplicaciones robustas y escalables. Responsabilidades: • Desarrollar y mantener aplicaciones web front-end utilizando Reactjs y PHP Laravel. • Crear y gestionar APIs, servicios y micro servicios back-end usando Node.js. • Tener experiencia en implementar interfaces de usuario atractivas y funcionales (CSS, tailwind ,bootstrap o material design). • Escribir código limpio, eficiente y mantenible. • Participar en revisiones de código y asegurar la calidad del mismo. • Trabajar con bases de datos relacionales MySQL, Postgresql, Oracle (deseable). • Solucionar problemas y depurar aplicaciones. • Mantenerse actualizado con las últimas tendencias y tecnologías en desarrollo web. Requisitos: • Experiencia comprobable como Desarrollador Full Stack de 3-5 años. • Sólidos conocimientos en Node.js y experiencia en la construcción de APIs RESTful. • Experiencia en el desarrollo de aplicaciones front-end con React. • Experiencia trabajando con Laravel, Eloquent (deseable). • Familiaridad con bases de datos como MySQL, PostgreSQL y Oracle (deseable). • Experiencia con herramientas de control de versiones como Git. • Capacidad para trabajar en equipo y colaborar eficazmente con otros desarrolladores y diseñadores. • Excelentes habilidades de resolución de problemas y atención al detalle. • Experiencia con Docker y Kubernetes. (deseable) • Conocimiento en metodologías ágiles como Scrum o Kanban (deseable) Condiciones: • Modalidad de trabajo Hibrido (4 días presencial, 1 home) • Descuentos en cuotas mensuales del 50% para carreras de pregrado, grado y postgrado para el empleado y familiares directos (cónyuge, hijos) • Descuento en librería Ler Ver más Ver menos [[downButtonMessage]] LinkedIn Twitter Facebook © 2026 Jobrapido | C.I.F: IT11876271005 Trabajos Empresas Condiciones del Servicio Política de Privacidad Ayuda Contacto",,https://ar.jobrapido.com/jobpreview/3078485599024316416?redirectTo=https%253A%252F%252Fwww.kitempleo.com.ar%252Fempleo%252F52986462%252Fdesarrollador-full-stack-salta&w=Python&p=4,Desarrollador Full Stack,jobrapido,2026-09-10T05:01:35.879902,,,,
1254030753503641600,Oferta de empleo: Desarrollador(a) Full-Stack,N/A,Remoto,"Jobrapido Publica una oferta Ayuda Empresas Entrar Inscríbete Profesión / Palabras clave Localidad Ofertas de trabajo para Oferta De en Remoto Trabajos > Oferta De > Remoto Localidad Gran Buenos Aires Capital Federal Córdoba Santa Fé Neuquén Rosario Mendoza Rincón De Los Sauces Gba Sur Mar Del Plata Búsquedas relacionadas Software Software Engineer Python Software Engineer Modelo Management Services Engineer Security Product Engineering Sistemas Product Engineer Vuelve a tus resultados: [[backlinkLabel]] Oferta de empleo: Desarrollador(a) Full-Stack Remoto - Remoto [[upButtonMessage]] full time Publicado enwww.goempleo.com 05 jul 2026 Oferta de empleo: Desarrollador(a) Full-Stack: La descripción del trabajo.: Provincia: REMOTO Ciudad/Zona: REMOTO Características: Vacantes: 6 Tipo: Full-time Referencia: FS Otros datos: Empresa: Importante Emp. Lider Publicado: 11 de Mayo 2020 Finaliza en: 89 dias, 23 horas y 7 minutos Funciones de Desarrollador(a) Full Stack * Desarrollo de aplicaciones Web / back * Creación de prototipos / soporte de aplicaciones * Definición y/o soporte a nivel de Arquitectura de la aplicación * Ser parte de un equipo de trabajo enfocado en autogestión (metología Scrum) Requerimientos del cargo * Coordinación, planificación y desarrollo de aplicaciones y servicios web * Amplia experiencia en manejo de Lenguajes de programación Java EE, Angular y Js, * Conocimiento en servidores de aplicaciones como Jboss, Wildfly, Glassfish, Websphere. * Manejo de bus de datos como Apigee de Google, * Gestión de recursos en cloud computing usando plataformas como Google Cloud Platform, AWS y Azure. * Experiencia en soporte aplicación basadas en diversos lenguajes de programación y bajo diversas arquitecturas, * Muy enfocada/o a investigar, auto aprendizaje Opcionales * Conocimiento en configuración desarrollo e implementación de CMS como son Liferay Beneficios * Creación de soluciones Innovadoras que tendrán impacto en miles de personas. We offer you: Very open working model using agile methodologies and goal oriented 100% remote working with flexible schedules Excellent payment Relaxed startup-oriented and friendly working environment If you consider that your profile is aligned to the requirements of the position, please send your CV to and / or , with Ref: Remote FS indicating the desired remuneration. We guarantee absolute reservation. Thank you!! Competencia/cualificación: Categorí­a del Empleo: [ Ver todos ] Requerimientos de Idioma: Tipo de Empleo: Sueldo: No especificado Titulación: Sin especificar Experiencia: No especificado Localización del Empleo: REMOTO, Otra Tipo de empresa Empleador Día de envío: 2026/08/09 / Viewed 920 times Información de Contacto Empresa: Ver más Ver menos [[downButtonMessage]] LinkedIn Twitter Facebook © 2026 Jobrapido | C.I.F: IT11876271005 Trabajos Empresas Condiciones del Servicio Política de Privacidad Ayuda Contacto",,https://ar.jobrapido.com/jobpreview/1254030753503641600?redirectTo=https%253A%252F%252Fwww.goempleo.com%252Fview.php%253Fjob_id%253D1258069&w=Python&p=4,Desarrollador Full Stack,jobrapido,2026-09-10T05:01:35.880484,,,,
746564373023031296,Desarrollador/a Full Stack (Maipú),Importante empresa del sector,Maipú,"Open or close the mobile menu Jobrapido Entrar Inscríbete Publica una oferta Ayuda Empresas Clear job input Profesión / Palabras clave Ofertas de trabajo para Full Stack en Maipú ¿Qué trabajo estás buscando? Clear location input Localidad Búsqueda avanzada de empleo Relevancia Fecha [[distance.label]] [[d.text]] Close Localidad Gran Buenos Aires Capital Federal Córdoba Santa Fé Neuquén Rosario Mendoza Rincón De Los Sauces Gba Sur Mar Del Plata Búsquedas relacionadas Software Software Engineer Python Software Engineer Modelo Management Services Engineer Security Product Engineering Sistemas Product Engineer Vuelve a tus resultados: [[backlinkLabel]] Desarrollador/a Full Stack (Maipú) Maipú - Región Cuyo Importante empresa del sector [[upButtonMessage]] full time www.kitempleo.com.ar 03 sep 2026 Nos encontramos en la búsqueda de un/a Desarrollador/a Full Stack para sumarse al equipo de Sistemas, participando en proyectos de desarrollo de aplicaciones, automatización de procesos, análisis de datos y transformación digital. Principales responsabilidades: - Desarrollar y mantener aplicaciones web internas. - Participar en proyectos de transformación digital. - Diseñar e implementar integraciones entre sistemas mediante APIs. - Automatizar procesos de negocio. - Diseñar, desarrollar y optimizar consultas SQL. - Construir reportes y tableros de gestión. - Analizar datos y generar indicadores para distintas áreas de la organización. - Investigar e implementar nuevas tecnologías que aporten valor al negocio. Requisitos excluyentes: - HTML5. - CSS3. - JavaScript (ES6+). - React. - Node.js. - Express. - Diseño y consumo de APIs REST. - Manejo de autenticación y autorización. - SQL y bases de datos relacionales. Requisitos deseables: - Next.js. - TypeScript. - PostgreSQL. - Docker. - Git y GitHub. - Automatización de procesos mediante n8n o herramientas similares. - Desarrollo de Progressive Web Apps (PWA). - Integración con servicios Cloud. - Conocimientos de Inteligencia Artificial aplicada a procesos empresariales. - Experiencia integrando modelos LLM mediante APIs. Competencias valoradas: - Pensamiento analítico. - Resolución de problemas complejos. - Autonomía. - Proactividad. - Orientación a resultados. - Aprendizaje continuo. - Comunicación efectiva con usuarios no técnicos. - Capacidad para transformar necesidades de negocio en soluciones tecnológicas. Ver más Ver menos [[downButtonMessage]] LinkedIn Twitter Facebook © 2026 Jobrapido | C.I.F: IT11876271005 Trabajos Empresas Condiciones del Servicio Política de Privacidad Ayuda Contacto",,https://ar.jobrapido.com/jobpreview/746564373023031296?redirectTo=https%253A%252F%252Fwww.kitempleo.com.ar%252Fempleo%252F53098355%252Fdesarrollador-a-full-stack-maipu&w=Python&p=4,Desarrollador Full Stack,jobrapido,2026-09-10T05:01:35.881019,,,,
7179009623771316224,Desarrollador Full Stack (Buenos Aires),Grupo Abans,Capital Federal,"Jobrapido Publica una oferta Ayuda Empresas Entrar Inscríbete Profesión / Palabras clave Localidad Ofertas de trabajo para Desarrollador Full en Departamento Federal Trabajos > Desarrollador Full > Capital Federal Localidad Gran Buenos Aires Capital Federal Córdoba Santa Fé Neuquén Rosario Mendoza Rincón De Los Sauces Gba Sur Mar Del Plata Búsquedas relacionadas Software Software Engineer Python Software Engineer Modelo Management Services Engineer Security Product Engineering Sistemas Product Engineer Vuelve a tus resultados: [[backlinkLabel]] Desarrollador Full Stack (Buenos Aires) Capital Federal - Provincia De Buenos Aires Grupo Abans [[upButtonMessage]] full time Publicado enwww.kitempleo.com.ar 08 sep 2026 Desarrollador Full Stack con experiência. Responsabilidades: - Arquitectura, desarrollo y mejora de nuestras plataformas. - evaluación de nuevas tecnologías. - Participación activamente en los procesos de mejora continua. Conocimientos: - Ingles: Intermedio - Conocimientos de PHP y ReactJS - Entornos LAMP - HTML, CSS y JavaScript - Metodologias Agiles - Manejo de base de datos MySQL Importante Empresa de Tecnologia Requisitos: Requerimientos Educación: Universitaria provenientes de carreras de Sistemas + 3 año de experiência Incentivos Prepaga de primer nível Ver más Ver menos [[downButtonMessage]] LinkedIn Twitter Facebook © 2026 Jobrapido | C.I.F: IT11876271005 Trabajos Empresas Condiciones del Servicio Política de Privacidad Ayuda Contacto",,https://ar.jobrapido.com/jobpreview/7179009623771316224?redirectTo=https%253A%252F%252Fwww.kitempleo.com.ar%252Fempleo%252F53371268%252Fdesarrollador-full-stack-buenos-aires&w=Python&p=4,Desarrollador Full Stack,jobrapido,2026-09-10T05:01:35.881548,,,,
6740903718125830144,Desarrollador Full Stack (Buenos Aires),Web:,Capital Federal,"Jobrapido Publica una oferta Ayuda Empresas Entrar Inscríbete Profesión / Palabras clave Localidad Ofertas de trabajo para Desarrollador Full en Departamento Federal Trabajos > Desarrollador Full > Capital Federal Localidad Gran Buenos Aires Capital Federal Córdoba Santa Fé Neuquén Rosario Mendoza Rincón De Los Sauces Gba Sur Mar Del Plata Búsquedas relacionadas Software Software Engineer Python Software Engineer Modelo Management Services Engineer Security Product Engineering Sistemas Product Engineer Vuelve a tus resultados: [[backlinkLabel]] Desarrollador Full Stack (Buenos Aires) Capital Federal - Provincia De Buenos Aires Web: [[upButtonMessage]] full time Publicado enwww.kitempleo.com.ar 06 sep 2026 Descripción del empleo: Nos encontramos en la búsqueda de un Desarrollador Full Stack para desempeñarse dentro de nuestra área de Desarrollo. Requisitos: acreditar experiência en - Node.js Fullstack - JavaScript - Desarrollo tanto front-end como back-end - Poseer experiência en proyectos de Inteligencia Artificial / Chatbot / asistentes virtuales (excluyente) - Poseer experiência de usuario/UX (deseable) Buscamos personas con compromiso con la tarea, actitud proactiva, con marcada orientación al cliente y a resultados. Disponibilidad Full Time para trabajar de Lunes a Viernes de 09 a 18hs. Ofrecemos posición efectiva, buen clima laboral, posibilidades de crecimiento y medicina prepaga de primer nível. Ver más Ver menos [[downButtonMessage]] LinkedIn Twitter Facebook © 2026 Jobrapido | C.I.F: IT11876271005 Trabajos Empresas Condiciones del Servicio Política de Privacidad Ayuda Contacto",,https://ar.jobrapido.com/jobpreview/6740903718125830144?redirectTo=https%253A%252F%252Fwww.kitempleo.com.ar%252Fempleo%252F53248740%252Fdesarrollador-full-stack-buenos-aires&w=Python&p=4,Desarrollador Full Stack,jobrapido,2026-09-10T05:01:35.882082,,,,
6959946912782876672,Desarrollador/a Full Stack Maipú (Argentina),Importante empresa del sector,Maipú,"Open or close the mobile menu Jobrapido Entrar Inscríbete Publica una oferta Ayuda Empresas Clear job input Profesión / Palabras clave Ofertas de trabajo para Full Stack en Maipú ¿Qué trabajo estás buscando? Clear location input Localidad Búsqueda avanzada de empleo Relevancia Fecha [[distance.label]] [[d.text]] Close Localidad Gran Buenos Aires Capital Federal Córdoba Santa Fé Neuquén Rosario Mendoza Rincón De Los Sauces Gba Sur Mar Del Plata Búsquedas relacionadas Software Software Engineer Python Software Engineer Modelo Management Services Engineer Security Product Engineering Sistemas Product Engineer Vuelve a tus resultados: [[backlinkLabel]] Desarrollador/a Full Stack Maipú (Argentina) Maipú - Región Cuyo Importante empresa del sector [[upButtonMessage]] full time www.kitempleo.com.ar 05 sep 2026 Nos encontramos en la búsqueda de un/a Desarrollador/a Full Stack para sumarse al equipo de Sistemas, participando en proyectos de desarrollo de aplicaciones, automatización de procesos, análisis de datos y transformación digital. Principales responsabilidades: Desarrollar y mantener aplicaciones web internas. Participar en proyectos de transformación digital. Diseñar e implementar integraciones entre sistemas mediante APIs. Automatizar procesos de negocio. Diseñar, desarrollar y optimizar consultas SQL. Construir reportes y tableros de gestión. Analizar datos y generar indicadores para distintas áreas de la organización. Investigar e implementar nuevas tecnologías que aporten valor al negocio. Requisitos excluyentes: HTML5. CSS3. JavaScript (ES6+). React. Node.js. Express. Diseño y consumo de APIs REST. Manejo de autenticación y autorización. SQL y bases de datos relacionales. Requisitos deseables: Next.js. TypeScript. PostgreSQL. Docker. Git y GitHub. Automatización de procesos mediante n8n o herramientas similares. Desarrollo de Progressive Web Apps (PWA). Integración con servicios Cloud. Conocimientos de Inteligencia Artificial aplicada a procesos empresariales. Experiencia integrando modelos LLM mediante APIs. Competencias valoradas: Pensamiento analítico. Resolución de problemas complejos. Autonomía. Proactividad. Orientación a resultados. Aprendizaje continuo. Comunicación efectiva con usuarios no técnicos. Capacidad para transformar necesidades de negocio en soluciones tecnológicas. Ver más Ver menos [[downButtonMessage]] LinkedIn Twitter Facebook © 2026 Jobrapido | C.I.F: IT11876271005 Trabajos Empresas Condiciones del Servicio Política de Privacidad Ayuda Contacto",,https://ar.jobrapido.com/jobpreview/6959946912782876672?redirectTo=https%253A%252F%252Fwww.kitempleo.com.ar%252Fempleo%252F53216261%252Fdesarrollador-a-full-stack-maipu-argentina&w=Python&p=4,Desarrollador Full Stack,jobrapido,2026-09-10T05:01:35.883673,,,,
5653279529033007104,Desarrollador SSR Full Stack (Buenos Aires),Taynes Consultores,Capital Federal,"Open or close the mobile menu Jobrapido Entrar Inscríbete Publica una oferta Ayuda Empresas Clear job input Profesión / Palabras clave Ofertas de trabajo para Desarrollador SSR en Departamento Federal ¿Qué trabajo estás buscando? Clear location input Localidad Búsqueda avanzada de empleo Relevancia Fecha [[distance.label]] [[d.text]] Close Localidad Gran Buenos Aires Capital Federal Córdoba Santa Fé Neuquén Rosario Mendoza Rincón De Los Sauces Gba Sur Mar Del Plata Búsquedas relacionadas Software Software Engineer Python Software Engineer Modelo Management Services Engineer Security Product Engineering Sistemas Product Engineer Vuelve a tus resultados: [[backlinkLabel]] Desarrollador SSR Full Stack (Buenos Aires) Capital Federal - Provincia De Buenos Aires Taynes Consultores [[upButtonMessage]] full time www.kitempleo.com.ar 20 ago 2026 Software Factory, con experiencia en el desarrollo de sitios web y aplicaciones móviles, se encuentra en la búsqueda de un Desarrollador Ssr. Full-Stack. Requisitos: - 2 años mínimo de experiencia en la industria desarrollando software. - Estudiante de alguna carrera de grado de sistemas. - Conocimientos de PHP, MySQL, JS (Angular, React, Vue), GIT, Jira o similar. - Buen nivel de inglés escrito y oral (clientes de USA) Se ofrece: - Puesto efectivo - Horario de L a V de 9 a 18 hs - Home office 1 vez por semana - Osde - Semana adicional de vacaciones a los 3 años de antigüedad - Entorno de trabajo joven y ágil - Zona de trabajo: Belgrano Required Skill Profession Other General Ver más Ver menos [[downButtonMessage]] LinkedIn Twitter Facebook © 2026 Jobrapido | C.I.F: IT11876271005 Trabajos Empresas Condiciones del Servicio Política de Privacidad Ayuda Contacto",,https://ar.jobrapido.com/jobpreview/5653279529033007104?redirectTo=https%253A%252F%252Fwww.kitempleo.com.ar%252Fempleo%252F52565390%252Fdesarrollador-ssr-full-stack-buenos-aires&w=Python&p=5,Desarrollador Full Stack,jobrapido,2026-09-10T05:03:27.160773,,,,
694266171167342592,Desarrollador Full Stack SSR (Buenos Aires),Neoris,Capital Federal,"Open or close the mobile menu Jobrapido Entrar Inscríbete Publica una oferta Ayuda Empresas Clear job input Profesión / Palabras clave Ofertas de trabajo para Desarrollador Full en Departamento Federal ¿Qué trabajo estás buscando? Clear location input Localidad Búsqueda avanzada de empleo Relevancia Fecha [[distance.label]] [[d.text]] Close Localidad Gran Buenos Aires Capital Federal Córdoba Santa Fé Neuquén Rosario Mendoza Rincón De Los Sauces Gba Sur Mar Del Plata Búsquedas relacionadas Software Software Engineer Python Software Engineer Modelo Management Services Engineer Security Product Engineering Sistemas Product Engineer Vuelve a tus resultados: [[backlinkLabel]] Desarrollador Full Stack SSR (Buenos Aires) Capital Federal - Provincia De Buenos Aires Neoris [[upButtonMessage]] full time www.kitempleo.com.ar 28 ago 2026 Nos encontramos en la búsqueda de un/a Desarrollador Full Stack SSR (JavaScript/TypeScript & APIs) para sumarse a proyectos de transformación digital vinculados a plataformas de eCommerce y aplicaciones de alto tráfico. Buscamos profesionales con experiencia en desarrollo frontend y backend, sólidos conocimientos en JavaScript/TypeScript e integración de APIs, orientados a la construcción de soluciones escalables, mantenibles y de alto rendimiento en entornos ágiles. Responsibilities - Diseñar, desarrollar y mantener funcionalidades frontend y backend para aplicaciones y plataformas digitales - Participar en el diseño, desarrollo e integración de APIs y servicios bajo arquitecturas modernas - Colaborar con equipos multidisciplinarios para definir e implementar soluciones técnicas alineadas a las necesidades del negocio - Aplicar buenas prácticas de desarrollo, testing, control de versiones y calidad de código - Analizar y resolver incidentes, identificando oportunidades de mejora y optimización - Garantizar la escalabilidad, mantenibilidad y rendimiento de las aplicaciones - Participar activamente en ceremonias ágiles y procesos de planificación técnica - Contribuir a la evolución continua de los productos mediante desarrollos y mejoras funcionales Requirements - Experiencia comprobable en desarrollo Full Stack - Dominio avanzado de JavaScript y/o TypeScript - Experiencia sólida en diseño, desarrollo e integración de APIs (REST, gRPC u otros protocolos de comunicación) - Experiencia comprobable en desarrollo Frontend y Backend - Conocimientos de buenas prácticas de desarrollo, testing control de versiones y arquitectura de software - Experiencia trabajando bajo metodologías ágiles, preferentemente Scrum o Kanban Ver más Ver menos [[downButtonMessage]] LinkedIn Twitter Facebook © 2026 Jobrapido | C.I.F: IT11876271005 Trabajos Empresas Condiciones del Servicio Política de Privacidad Ayuda Contacto",,https://ar.jobrapido.com/jobpreview/694266171167342592?redirectTo=https%253A%252F%252Fwww.kitempleo.com.ar%252Fempleo%252F52810826%252Fdesarrollador-full-stack-ssr-buenos-aires&w=Python&p=5,Desarrollador Full Stack,jobrapido,2026-09-10T05:03:27.161363,,,,
7510174829476052992,Desarrollador Full Stack React y Node (Santa Fe),Web:,Santa Fé,"Open or close the mobile menu Jobrapido Entrar Inscríbete Publica una oferta Ayuda Empresas Clear job input Profesión / Palabras clave Ofertas de trabajo para Desarrollador Full en Santa Fé ¿Qué trabajo estás buscando? Clear location input Localidad Búsqueda avanzada de empleo Relevancia Fecha [[distance.label]] [[d.text]] Close Localidad Gran Buenos Aires Capital Federal Córdoba Santa Fé Neuquén Rosario Mendoza Rincón De Los Sauces Gba Sur Mar Del Plata Búsquedas relacionadas Software Software Engineer Python Software Engineer Modelo Management Services Engineer Security Product Engineering Sistemas Product Engineer Vuelve a tus resultados: [[backlinkLabel]] Desarrollador Full Stack React y Node (Santa Fe) Santa Fé - Región Centro Web: [[upButtonMessage]] full time www.kitempleo.com.ar 06 sep 2026 Descripción del empleo: Atención Rosario y alrededores Buscamos Desarrolladores Full Stack Ssr especializados en React y Node para Diagnóstica, empresa de soluciones IT para el rubro salud Responsabilidades: - Desarrollar y dar seguimiento a proyectos, alineándolos con los requisitos tanto internos como del cliente externo - Realizar mantenimiento evolutivo y correctivo en proyectos ya implementados, garantizando su continuidad y mejoras continuas - Contribuir al desarrollo de software en diversos proyectos de la empresa, aportando tu experiência y habilidades en el espectro completo de la pila tecnológica Requisitos: - Estar recibido o ser estudiante avanzado de las carreras de Ingeniería en Sistemas o Licenciatura en Ciencias de la Computación (o afines) - Amplia experiência comprobable en desarrollo con React, React Native y NodeJS Incentivos: - Día libre en tu cumpleaños - Día libre trimestral - Eventos especiales - Almuerzo bonificado - Modalidad: Híbrida Ver más Ver menos [[downButtonMessage]] LinkedIn Twitter Facebook © 2026 Jobrapido | C.I.F: IT11876271005 Trabajos Empresas Condiciones del Servicio Política de Privacidad Ayuda Contacto",,https://ar.jobrapido.com/jobpreview/7510174829476052992?redirectTo=https%253A%252F%252Fwww.kitempleo.com.ar%252Fempleo%252F53245938%252Fdesarrollador-full-stack-react-y-node-santa-fe&w=Python&p=5,Desarrollador Full Stack,jobrapido,2026-09-10T05:03:27.161852,,,,
6981067225482395648,Desarrollador/a Full Stack | IA & Data (Buenos Aires),Empresa líder,Capital Federal,"Jobrapido Publica una oferta Ayuda Empresas Entrar Inscríbete Profesión / Palabras clave Localidad Ofertas de trabajo para Full Stack en Departamento Federal Trabajos > Full Stack > Capital Federal Localidad Gran Buenos Aires Capital Federal Córdoba Santa Fé Neuquén Rosario Mendoza Rincón De Los Sauces Gba Sur Mar Del Plata Búsquedas relacionadas Software Software Engineer Python Software Engineer Modelo Management Services Engineer Security Product Engineering Sistemas Product Engineer Vuelve a tus resultados: [[backlinkLabel]] Desarrollador/a Full Stack | IA & Data (Buenos Aires) Capital Federal - Provincia De Buenos Aires Empresa líder [[upButtonMessage]] full time Publicado enwww.kitempleo.com.ar 26 ago 2026 Relevante Medio de comunicacion busca incorporar a nuestro equipo un/a Desarrollador/a Full Stack con interés y experiencia en Inteligencia Artificial y procesamiento de datos, para trabajar de manera hibrida. Buscamos un perfil técnico, curioso y resolutivo, que pueda participar en el desarrollo de nuevos productos y sistemas, trabajando tanto en backend como frontend, e incorporando nuevas tecnologías de IA, automatización y análisis de datos. Stack y conocimientos principales: - Go para desarrollo backend, servicios y APIs (Requerido) - Python para procesamiento de datos, automatización e Inteligencia Artificial (Valorado) - PostgreSQL (Requerido) • DuckDB para procesamiento y análisis eficiente de datos (Valorado) - HTML, CSS y Java Script (Requerido) - Desarrollo e integración de APIs REST (Requerido) - Git y Github (Requerido) - Linux Inteligencia Artificial (Requerido): - Conocimientos y experiencia trabajando con IA generativa - Integración de LLMs y APIs de Inteligencia Artificial - Desarrollo de aplicaciones y herramientas basadas en IA - Automatización de procesos utilizando IA - Manejo de grandes volúmenes de información para su utilización con modelos de IA - Se valorará experiencia con RAG, embeddings y bases de datos vectoriales Data & Big Data: - Procesamiento y análisis de grandes volúmenes de datos - ETL/ELT y construcción de pipelines de datos - Modelado y transformación de información - Experiencia con formatos como Parquet y JSON - Conocimientos de herramientas y conceptos de Data Engineering - Bases de datos SQL y NoSQL También valoramos conocimientos en: - Docker y contenedores - Cloud • CI/CD - Arquitectura de sistemas y microservicios - Seguridad y buenas prácticas de desarrollo Ver más Ver menos [[downButtonMessage]] LinkedIn Twitter Facebook © 2026 Jobrapido | C.I.F: IT11876271005 Trabajos Empresas Condiciones del Servicio Política de Privacidad Ayuda Contacto",,https://ar.jobrapido.com/jobpreview/6981067225482395648?redirectTo=https%253A%252F%252Fwww.kitempleo.com.ar%252Fempleo%252F52762193%252Fdesarrollador-a-full-stack-ia-data-buenos-aires&w=Python&p=5,Desarrollador Full Stack,jobrapido,2026-09-10T05:03:27.162334,,,,
4091445114570801152,Desarrollador/A Full Stack | Ia & Data (Buenos Aires),Reconocida empresa,Capital Federal,"Jobrapido Publica una oferta Ayuda Empresas Entrar Inscríbete Profesión / Palabras clave Localidad Ofertas de trabajo para Full Stack en Departamento Federal Trabajos > Full Stack > Capital Federal Localidad Gran Buenos Aires Capital Federal Córdoba Santa Fé Neuquén Rosario Mendoza Rincón De Los Sauces Gba Sur Mar Del Plata Búsquedas relacionadas Software Software Engineer Python Software Engineer Modelo Management Services Engineer Security Product Engineering Sistemas Product Engineer Vuelve a tus resultados: [[backlinkLabel]] Desarrollador/A Full Stack | Ia & Data (Buenos Aires) Capital Federal - Provincia De Buenos Aires Reconocida empresa [[upButtonMessage]] full time Publicado enwww.kitempleo.com.ar 26 ago 2026 Significativo Medio de comunicacion busca incorporar a nuestro equipo un/a Desarrollador/a Full Stack con interés y experiencia en Inteligencia Artificial y procesamiento de datos, para trabajar de manera hibrida.Buscamos un perfil técnico, curioso y resolutivo, que pueda participar en el desarrollo de nuevos productos y sistemas, trabajando tanto en backend como frontend, e incorporando nuevas tecnologías de IA, automatización y análisis de datos. Stack y conocimientos principales:- Go para desarrollo backend, servicios y APIs (Requerido)- Python para procesamiento de datos, automatización e Inteligencia Artificial (Valorado)- PostgreSQL (Requerido) - DuckDB para procesamiento y análisis eficiente de datos (Valorado)- HTML, CSS y JavaScript (Requerido)- Desarrollo e integración de APIs REST (Requerido)- Git y Github (Requerido)- Linux Inteligencia Artificial (Requerido):- Conocimientos y experiencia trabajando con IA generativa- Integración de LLMs y APIs de Inteligencia Artificial- Desarrollo de aplicaciones y herramientas basadas en IA- Automatización de procesos utilizando IA- Manejo de grandes volúmenes de información para su utilización con modelos de IA- Se valorará experiencia con RAG, embeddings y bases de datos vectoriales Data & Big Data: - Procesamiento y análisis de grandes volúmenes de datos - ETL/ELT y construcción de pipelines de datos - Modelado y transformación de información- Experiencia con formatos como Parquet y JSON - Conocimientos de herramientas y conceptos de Data Engineering - Bases de datos SQL y NoSQL También valoramos conocimientos en: - Docker y contenedores - Cloud - CI/CD - Arquitectura de sistemas y microservicios - Seguridad y buenas prácticas de desarrollo Ver más Ver menos [[downButtonMessage]] LinkedIn Twitter Facebook © 2026 Jobrapido | C.I.F: IT11876271005 Trabajos Empresas Condiciones del Servicio Política de Privacidad Ayuda Contacto",,https://ar.jobrapido.com/jobpreview/4091445114570801152?redirectTo=https%253A%252F%252Fwww.kitempleo.com.ar%252Fempleo%252F52760944%252Fdesarrollador-a-full-stack-ia-data-buenos-aires&w=Python&p=5,Desarrollador Full Stack,jobrapido,2026-09-10T05:03:27.162817,,,,
2151388458319347712,Desarrollador/a Full Stack | IA & Data (Buenos Aires),Importante empresa,Capital Federal,"Jobrapido Publica una oferta Ayuda Empresas Entrar Inscríbete Profesión / Palabras clave Localidad Ofertas de trabajo para Full Stack en Departamento Federal Trabajos > Full Stack > Capital Federal Localidad Gran Buenos Aires Capital Federal Córdoba Santa Fé Neuquén Rosario Mendoza Rincón De Los Sauces Gba Sur Mar Del Plata Búsquedas relacionadas Software Software Engineer Python Software Engineer Modelo Management Services Engineer Security Product Engineering Sistemas Product Engineer Vuelve a tus resultados: [[backlinkLabel]] Desarrollador/a Full Stack | IA & Data (Buenos Aires) Capital Federal - Provincia De Buenos Aires Importante empresa [[upButtonMessage]] full time Publicado enwww.kitempleo.com.ar 26 ago 2026 Relevante Medio de comunicacion busca incorporar a nuestro equipo un/a Desarrollador/a Full Stack con interés y experiencia en Inteligencia Artificial y procesamiento de datos, para trabajar de manera hibrida. Buscamos un perfil técnico, curioso y resolutivo, que pueda participar en el desarrollo de nuevos productos y sistemas, trabajando tanto en backend como frontend, e incorporando nuevas tecnologías de IA, automatización y análisis de datos. Stack y conocimientos principales: - Go para desarrollo backend, servicios y APIs (Requerido) - Python para procesamiento de datos, automatización e Inteligencia Artificial (Valorado) - PostgreSQL (Requerido) • DuckDB para procesamiento y análisis eficiente de datos (Valorado) - HTML, CSS y Java Script (Requerido) - Desarrollo e integración de APIs REST (Requerido) - Git y Github (Requerido) - Linux Inteligencia Artificial (Requerido): - Conocimientos y experiencia trabajando con IA generativa - Integración de LLMs y APIs de Inteligencia Artificial - Desarrollo de aplicaciones y herramientas basadas en IA - Automatización de procesos utilizando IA - Manejo de grandes volúmenes de información para su utilización con modelos de IA - Se valorará experiencia con RAG, embeddings y bases de datos vectoriales Data & Big Data: - Procesamiento y análisis de grandes volúmenes de datos - ETL/ELT y construcción de pipelines de datos - Modelado y transformación de información - Experiencia con formatos como Parquet y JSON - Conocimientos de herramientas y conceptos de Data Engineering - Bases de datos SQL y NoSQL También valoramos conocimientos en: - Docker y contenedores - Cloud • CI/CD - Arquitectura de sistemas y microservicios - Seguridad y buenas prácticas de desarrollo Ver más Ver menos [[downButtonMessage]] LinkedIn Twitter Facebook © 2026 Jobrapido | C.I.F: IT11876271005 Trabajos Empresas Condiciones del Servicio Política de Privacidad Ayuda Contacto",,https://ar.jobrapido.com/jobpreview/2151388458319347712?redirectTo=https%253A%252F%252Fwww.kitempleo.com.ar%252Fempleo%252F52762028%252Fdesarrollador-a-full-stack-ia-data-buenos-aires&w=Python&p=5,Desarrollador Full Stack,jobrapido,2026-09-10T05:03:27.163294,,,,
6886331104609959936,Desarrollador/a Full Stack | IA & Data (Buenos Aires),Empresa reconocida,Capital Federal,"Jobrapido Publica una oferta Ayuda Empresas Entrar Inscríbete Profesión / Palabras clave Localidad Ofertas de trabajo para Full Stack en Departamento Federal Trabajos > Full Stack > Capital Federal Localidad Gran Buenos Aires Capital Federal Córdoba Santa Fé Neuquén Rosario Mendoza Rincón De Los Sauces Gba Sur Mar Del Plata Búsquedas relacionadas Software Software Engineer Python Software Engineer Modelo Management Services Engineer Security Product Engineering Sistemas Product Engineer Vuelve a tus resultados: [[backlinkLabel]] Desarrollador/a Full Stack | IA & Data (Buenos Aires) Capital Federal - Provincia De Buenos Aires Empresa reconocida [[upButtonMessage]] full time Publicado enwww.kitempleo.com.ar 25 ago 2026 Importante Medio de comunicacion busca incorporar a nuestro equipo un/a Desarrollador/a Full Stack con interés y experiencia en Inteligencia Artificial y procesamiento de datos, para trabajar de manera hibrida. Buscamos un perfil técnico, curioso y resolutivo, que pueda participar en el desarrollo de nuevos productos y sistemas, trabajando tanto en backend como frontend, e incorporando nuevas tecnologías de IA, automatización y análisis de datos. Stack y conocimientos principales: - Go para desarrollo backend, servicios y APIs (Requerido) - Python para procesamiento de datos, automatización e Inteligencia Artificial (Valorado) - PostgreSQL (Requerido) • DuckDB para procesamiento y análisis optimizado de datos (Valorado) - HTML, CSS y JavaScript (Requerido) - Desarrollo e integración de APIs REST (Requerido) - Git y Github (Requerido) - Linux Inteligencia Artificial (Requerido): - Conocimientos y experiencia trabajando con IA generativa - Integración de LLMs y APIs de Inteligencia Artificial - Desarrollo de aplicaciones y herramientas basadas en IA - Automatización de procesos utilizando IA - Manejo de grandes volúmenes de información para su utilización con modelos de IA - Se valorará experiencia con RAG, embeddings y bases de datos vectoriales Data & Big Data: • Procesamiento y análisis de grandes volúmenes de datos • ETL/ELT y construcción de pipelines de datos • Modelado y transformación de información - Experiencia con formatos como Parquet y JSON • Conocimientos de herramientas y conceptos de Data Engineering • Bases de datos SQL y NoSQL También valoramos conocimientos en: • Docker y contenedores • Cloud • CI/CD • Arquitectura de sistemas y microservicios • Seguridad y buenas prácticas de desarrollo Ver más Ver menos [[downButtonMessage]] LinkedIn Twitter Facebook © 2026 Jobrapido | C.I.F: IT11876271005 Trabajos Empresas Condiciones del Servicio Política de Privacidad Ayuda Contacto",,https://ar.jobrapido.com/jobpreview/6886331104609959936?redirectTo=https%253A%252F%252Fwww.kitempleo.com.ar%252Fempleo%252F52730941%252Fdesarrollador-a-full-stack-ia-data-buenos-aires&w=Python&p=5,Desarrollador Full Stack,jobrapido,2026-09-10T05:03:27.163770,,,,
3271837811145179136,Desarrollador Full Stack Jr / Jr+ (Córdoba),Bellone Asociados,Córdoba,"Open or close the mobile menu Jobrapido Entrar Inscríbete Publica una oferta Ayuda Empresas Clear job input Profesión / Palabras clave Ofertas de trabajo para Desarrollador Full en Córdoba ¿Qué trabajo estás buscando? Clear location input Localidad Búsqueda avanzada de empleo Relevancia Fecha [[distance.label]] [[d.text]] Close Localidad Gran Buenos Aires Capital Federal Córdoba Santa Fé Neuquén Rosario Mendoza Rincón De Los Sauces Gba Sur Mar Del Plata Búsquedas relacionadas Software Software Engineer Python Software Engineer Modelo Management Services Engineer Security Product Engineering Sistemas Product Engineer Vuelve a tus resultados: [[backlinkLabel]] Desarrollador Full Stack Jr / Jr+ (Córdoba) Córdoba - Región Centro Bellone Asociados [[upButtonMessage]] full time www.kitempleo.com.ar 24 ago 2026 Nos encontramos en la búsqueda de un Desarrollador Full Stack Jr/Jr+ . Apuntamos a un perfil con solidez técnica inicial, gran proactividad y una excelente capacidad de aprendizaje continuo. Tu objetivo principal: Te integrarás activamente a proyectos reales de desarrollo web, trabajando en la integración de sistemas y la automatización de procesos para generar soluciones tecnológicas escalables y de alto impacto. Stack Técnico Requerido Backend: Node.js, Express.js y desarrollo de APIs REST (validación de datos, JWT e integración externa). Frontend: React.js (componentes, estados, consumo de APIs), JavaScript ES6+, HTML5, CSS3 y diseño responsivo. Bases de Datos: MySQL y PostgreSQL (consultas SQL, relaciones y modelado básico). Integración y Automatización: Consumo de APIs de terceros (JSON) y conexión/automatización de flujos entre plataformas. Control de Versiones: Git y GitHub (ramas, pull requests). Deseable (Suma puntos): Conocimientos básicos en Cloud & Deploy (Railway o GCP), manejo de variables de contexto y despliegue de aplicaciones. Tus principales desafíos Desarrollar, mantener y optimizar aplicaciones web y APIs. Integrar sistemas y conectar servicios externos para potenciar la infraestructura. Diagnosticar, proponer correcciones de errores y participar en el diseño de nuevas soluciones tecnológicas. Colaborar en el despliegue y monitoreo de aplicaciones en entornos cloud. Ver más Ver menos [[downButtonMessage]] LinkedIn Twitter Facebook © 2026 Jobrapido | C.I.F: IT11876271005 Trabajos Empresas Condiciones del Servicio Política de Privacidad Ayuda Contacto",,https://ar.jobrapido.com/jobpreview/3271837811145179136?redirectTo=https%253A%252F%252Fwww.kitempleo.com.ar%252Fempleo%252F52709228%252Fdesarrollador-full-stack-jr-jr-cordoba&w=Python&p=5,Desarrollador Full Stack,jobrapido,2026-09-10T05:03:27.164250,,,,
6136950914520449024,Desarrollador Full Stack Senior Buenos Aires (Argentina),C&S informática,Capital Federal,"Open or close the mobile menu Jobrapido Entrar Inscríbete Publica una oferta Ayuda Empresas Clear job input Profesión / Palabras clave Ofertas de trabajo para Desarrollador Full en Departamento Federal ¿Qué trabajo estás buscando? Clear location input Localidad Búsqueda avanzada de empleo Relevancia Fecha [[distance.label]] [[d.text]] Close Localidad Gran Buenos Aires Capital Federal Córdoba Santa Fé Neuquén Rosario Mendoza Rincón De Los Sauces Gba Sur Mar Del Plata Búsquedas relacionadas Software Software Engineer Python Software Engineer Modelo Management Services Engineer Security Product Engineering Sistemas Product Engineer Vuelve a tus resultados: [[backlinkLabel]] Desarrollador Full Stack Senior Buenos Aires (Argentina) Capital Federal - Provincia De Buenos Aires C&S informática [[upButtonMessage]] full time www.kitempleo.com.ar 03 sep 2026 Desarrollador Full Stack Senior (React + Java) Nos encontramos en la búsqueda de un/a Desarrollador Full Stack Senior para sumarse a un importante proyecto del sector bancario. Buscamos perfiles con resistente experiencia en desarrollo Frontend utilizando React, sólidos conocimientos de Backend en Java y capacidad para participar activamente en el diseño e integración de soluciones tecnológicas de punta a punta. Modalidad Híbrida (40% presencial). Ubicación Parque Patricios, CABA. Se aceptan candidatos de otras provincias. Horario Lunes a viernes de 9 a 18 hs. Responsabilidades Desarrollo de aplicaciones Frontend utilizando React. Desarrollo e integración de servicios Backend en Java. Diseño y desarrollo de APIs REST. Integración entre sistemas y servicios. Modelado y gestión de bases de datos. Participación en definiciones de arquitectura. Aplicación de buenas prácticas de desarrollo, testing y code review. Trabajo participativo con equipos técnicos y áreas de negocio. Participación activa en entornos ágiles. Requisitos excluyentes Más de 5 años de experiencia en desarrollo de software. Experiencia sólida con React. Experiencia en desarrollo Backend con Java. Diseño y desarrollo de APIs REST. Integración entre sistemas. Bases de datos Oracle, PostgreSQL o MongoDB. Git. Experiencia en arquitectura de aplicaciones. Buenas prácticas de desarrollo (Clean Code, Testing, Code Review). Experiencia trabajando con metodologías ágiles. Se valorará especialmente Angular. Node.js. Arquitectura de microservicios. Docker y Kubernetes. Cloud (AWS, Azure o GCP). CI/CD. Observabilidad y monitoreo. Experiencia en Inteligencia Artificial Generativa. Integración con modelos LLM (OpenAI, Claude, entre otros). Automatización de procesos mediante IA. Prompt Engineering. Requerimientos Educación mínima: Universitario. Años de experiencia. Palabras principal: developer, programador, senior, sr. Ver más Ver menos [[downButtonMessage]] LinkedIn Twitter Facebook © 2026 Jobrapido | C.I.F: IT11876271005 Trabajos Empresas Condiciones del Servicio Política de Privacidad Ayuda Contacto",,https://ar.jobrapido.com/jobpreview/6136950914520449024?redirectTo=https%253A%252F%252Fwww.kitempleo.com.ar%252Fempleo%252F53112640%252Fdesarrollador-full-stack-senior-buenos-aires-argentina&w=Python&p=5,Desarrollador Full Stack,jobrapido,2026-09-10T05:03:27.164721,,,,
5659524548920344576,Desarrollador Full Stack Senior (San Nicolás),C&S informática,Capital Federal (San Nicolás),"Jobrapido Publica una oferta Ayuda Empresas Entrar Inscríbete Profesión / Palabras clave Localidad Ofertas de trabajo para Desarrollador Full en Capital Federal (San Nicolás) Trabajos > Desarrollador Full > Capital Federal (San Nicolás) Localidad Gran Buenos Aires Capital Federal Córdoba Santa Fé Neuquén Rosario Mendoza Rincón De Los Sauces Gba Sur Mar Del Plata Búsquedas relacionadas Software Software Engineer Python Software Engineer Modelo Management Services Engineer Security Product Engineering Sistemas Product Engineer Vuelve a tus resultados: [[backlinkLabel]] Desarrollador Full Stack Senior (San Nicolás) Capital Federal (San Nicolás) - Provincia De Buenos Aires C&S informática [[upButtonMessage]] full time Publicado enwww.kitempleo.com.ar 02 sep 2026 Desarrollador Full Stack Senior (React + Java)Nos encontramos en la búsqueda de un/a Desarrollador Full Stack Senior para sumarse a un importante proyecto del sector bancario. Buscamos perfiles con fuerte experiencia en desarrollo Frontend utilizando React, sólidos conocimientos de Backend en Java y capacidad para participar activamente en el diseño e integración de soluciones tecnológicas de punta a punta. 📍 Modalidad - Híbrida (40% presencial). 📍 Ubicación - Parque Patricios, CABA. - Se aceptan candidatos de otras provincias. 🕘 Horario - Lunes a viernes de 9 a 18 hs. 🚀 Responsabilidades - Desarrollo de aplicaciones Frontend utilizando React. - Desarrollo e integración de servicios Backend en Java. - Diseño y desarrollo de APIs REST. - Integración entre sistemas y servicios. - Modelado y gestión de bases de datos. - Participación en definiciones de arquitectura. - Aplicación de buenas prácticas de desarrollo, testing y code review. - Trabajo cooperativo con equipos técnicos y áreas de negocio. - Participación activa en entornos ágiles. ✅ Requisitos excluyentes - Más de 5 años de experiencia en desarrollo de software. - Experiencia sólida con React. - Experiencia en desarrollo Backend con Java. - Diseño y desarrollo de APIs REST. - Integración entre sistemas. - Bases de datos Oracle, PostgreSQL o MongoDB. - Git. - Experiencia en arquitectura de aplicaciones. - Buenas prácticas de desarrollo (Clean Code, Testing, Code Review). - Experiencia trabajando con metodologías ágiles. ⭐ Se valorará especialmente - Angular. - Node.js. - Arquitectura de microservicios. - Docker y Kubernetes. - Cloud (AWS, Azure o GCP). - CI/CD. - Observabilidad y monitoreo. - Experiencia en Inteligencia Artificial Generativa. - Integración con modelos LLM (OpenAI, Claude, entre otros). - Automatización de procesos mediante IA. - Prompt Engineering. LI-Onsite Ver más Ver menos [[downButtonMessage]] LinkedIn Twitter Facebook © 2026 Jobrapido | C.I.F: IT11876271005 Trabajos Empresas Condiciones del Servicio Política de Privacidad Ayuda Contacto",,https://ar.jobrapido.com/jobpreview/5659524548920344576?redirectTo=https%253A%252F%252Fwww.kitempleo.com.ar%252Fempleo%252F53035996%252Fdesarrollador-full-stack-senior-san-nicolas&w=Python&p=5,Desarrollador Full Stack,jobrapido,2026-09-10T05:03:27.165202,,,,
5459619041339506688,Desarrollador Full Stack Senior (Buenos Aires),C&S informática,Capital Federal,"Jobrapido Publica una oferta Ayuda Empresas Entrar Inscríbete Profesión / Palabras clave Localidad Ofertas de trabajo para Desarrollador Full en Departamento Federal Trabajos > Desarrollador Full > Capital Federal Localidad Gran Buenos Aires Capital Federal Córdoba Santa Fé Neuquén Rosario Mendoza Rincón De Los Sauces Gba Sur Mar Del Plata Búsquedas relacionadas Software Software Engineer Python Software Engineer Modelo Management Services Engineer Security Product Engineering Sistemas Product Engineer Vuelve a tus resultados: [[backlinkLabel]] Desarrollador Full Stack Senior (Buenos Aires) Capital Federal - Provincia De Buenos Aires C&S informática [[upButtonMessage]] full time Publicado enwww.kitempleo.com.ar 01 sep 2026 Desarrollador Full Stack Senior (React + Java) Nos encontramos en la búsqueda de un/a Desarrollador Full Stack Senior para sumarse a un importante proyecto del sector bancario. Buscamos perfiles con resistente experiencia en desarrollo Frontend utilizando React, sólidos conocimientos de Backend en Java y capacidad para participar activamente en el diseño e integración de soluciones tecnológicas de punta a punta. Modalidad Híbrida (40% presencial). Ubicación Parque Patricios, CABA. Se aceptan candidatos de otras provincias. Horario Lunes a viernes de 9 a 18 hs. Responsabilidades - Desarrollo de aplicaciones Frontend utilizando React. - Desarrollo e integración de servicios Backend en Java. - Diseño y desarrollo de APIs REST. - Integración entre sistemas y servicios. - Modelado y gestión de bases de datos. - Participación en definiciones de arquitectura. - Aplicación de buenas prácticas de desarrollo, testing y code review. - Trabajo colaborativo con equipos técnicos y áreas de negocio. - Participación activa en entornos ágiles. Requisitos excluyentes - Más de 5 años de experiencia en desarrollo de software. - Experiencia sólida con React. - Experiencia en desarrollo Backend con Java. - Diseño y desarrollo de APIs REST. - Integración entre sistemas. - Bases de datos Oracle, PostgreSQL o MongoDB. - Git. - Experiencia en arquitectura de aplicaciones. - Buenas prácticas de desarrollo (Clean Code, Testing, Code Review). - Experiencia trabajando con metodologías ágiles. Se valorará especialmente - Angular. - Node.js. - Arquitectura de microservicios. - Docker y Kubernetes. - Cloud (AWS, Azure o GCP). - CI/CD. - Observabilidad y monitoreo. - Experiencia en Inteligencia Artificial Generativa. - Integración con modelos LLM (OpenAI, Claude, entre otros). - Automatización de procesos mediante IA. - Prompt Engineering. Requerimientos Educación mínima: Universitario. Años de experiencia. Palabras clave: developer, programador, senior, sr. Ver más Ver menos [[downButtonMessage]] LinkedIn Twitter Facebook © 2026 Jobrapido | C.I.F: IT11876271005 Trabajos Empresas Condiciones del Servicio Política de Privacidad Ayuda Contacto",,https://ar.jobrapido.com/jobpreview/5459619041339506688?redirectTo=https%253A%252F%252Fwww.kitempleo.com.ar%252Fempleo%252F52933171%252Fdesarrollador-full-stack-senior-buenos-aires&w=Python&p=5,Desarrollador Full Stack,jobrapido,2026-09-10T05:03:27.165675,,,,
1763771319167483904,Desarrollador Senior y Jefe de desarrollo Full Stack .NET,Estudio Orbe,Capital Federal,"Open or close the mobile menu Jobrapido Entrar Inscríbete Publica una oferta Ayuda Empresas Clear job input Profesión / Palabras clave Ofertas de trabajo para Desarrollador Senior en Departamento Federal ¿Qué trabajo estás buscando? Clear location input Localidad Búsqueda avanzada de empleo Relevancia Fecha [[distance.label]] [[d.text]] Close Localidad Gran Buenos Aires Capital Federal Córdoba Santa Fé Neuquén Rosario Mendoza Rincón De Los Sauces Gba Sur Mar Del Plata Búsquedas relacionadas Software Software Engineer Python Software Engineer Modelo Management Services Engineer Security Product Engineering Sistemas Product Engineer Vuelve a tus resultados: [[backlinkLabel]] Desarrollador Senior y Jefe de desarrollo Full Stack .NET Capital Federal - Provincia De Buenos Aires Estudio Orbe [[upButtonMessage]] full time www.sherlockhr.com 27 jul 2026 Importante empresa de tecnología que se dedica a la implementación de Sistemas de gestión ubicada en CABA incorporará Desarrollador Senior y Jefe de desarrollo Full Stack .NET Buscamos un profesional con sólida experiencia en desarrollo de software para liderar técnicamente el equipo de desarrollo sin dejar de participar activamente en la programación. Será responsable de la ingeniería de software de punta a punta: arquitectura, desarrollo, planificación, ejecución y cumplimiento de los proyectos. con amplia experiencia en el desarrollo de soluciones Mobile, Web y Cloud, con capacidad para liderar proyectos, equipos de trabajo y guiar técnicamente el desarrollo de soluciones innovadoras. Responsabilidades Liderar técnica y funcionalmente al equipo de desarrollo. Participar activamente en el desarrollo de aplicaciones Web, Mobile y servicios utilizando tecnologías .NET. Diseñar y evolucionar la arquitectura de las aplicaciones, priorizando escalabilidad, rendimiento y mantenibilidad. Traducir requerimientos funcionales en soluciones técnicas. Planificar, priorizar y realizar el seguimiento del backlog y de las tareas del equipo. Coordinar proyectos y asegurar el cumplimiento de plazos y calidad de las entregas. Participar en tareas de debugging, optimización y desarrollo cuando sea necesario. Definir y mejorar procesos de desarrollo, versionado, testing y despliegues. Proporcionar liderazgo técnico y mentoría a otros desarrolladores. Requisitos Experiencia mínima de 5 años en desarrollo Full Stack .NET. Conocimientos sólidos en .NET Core, MVC, Blazor, MAUI, HTML, CSS, JavaScript. Experiencia en soluciones Cloud (Azure, AWS). Experiencia en gestión de proyectos y liderazgo de equipos. Familiaridad con bases de datos SQL Server (store procedures, triggers, funciones). Conocimientos con IIS e implementaciones OnPremise. Dominio de C#, .NET Framework y/o .NET Core. Experiencia desarrollando e integrando integrando sistemas mediante APIs, procesos batch o colas. Conocimientos de arquitectura de software y patrones de diseño. Manejo de Git. Si te interesa nuestra propuesta aguardamos tu postulación Ver más Ver menos [[downButtonMessage]] LinkedIn Twitter Facebook © 2026 Jobrapido | C.I.F: IT11876271005 Trabajos Empresas Condiciones del Servicio Política de Privacidad Ayuda Contacto",,https://ar.jobrapido.com/jobpreview/1763771319167483904?redirectTo=https%253A%252F%252Fgrupoorbe.pandape.computrabajo.com%252FDetail%252F13150825%253Fov%253D6%2526utm_source%253Djobrapido%2526utm_medium%253Dreferral%2526utm_campaign%253Dfeed%2526utm_term%253Dorganic%2526utm_content%253Dats&w=Python&p=5,Desarrollador Full Stack,jobrapido,2026-09-10T05:03:27.166151,,,,
5144303982943928320,Desarrollador Full Stack | AI & Automation (San Isidro),ManpowerGroup,San Isidro,"Open or close the mobile menu Jobrapido Entrar Inscríbete Publica una oferta Ayuda Empresas Clear job input Profesión / Palabras clave Ofertas de trabajo para Desarrollador Full en San Isidro ¿Qué trabajo estás buscando? Clear location input Localidad Búsqueda avanzada de empleo Relevancia Fecha [[distance.label]] [[d.text]] Close Localidad Gran Buenos Aires Capital Federal Córdoba Santa Fé Neuquén Rosario Mendoza Rincón De Los Sauces Gba Sur Mar Del Plata Búsquedas relacionadas Software Software Engineer Python Software Engineer Modelo Management Services Engineer Security Product Engineering Sistemas Product Engineer Vuelve a tus resultados: [[backlinkLabel]] Desarrollador Full Stack | AI & Automation (San Isidro) San Isidro - Provincia De Buenos Aires ManpowerGroup [[upButtonMessage]] other www.kitempleo.com.ar 07 sep 2026 En Experis Argentina nos encontramos en la búsqueda de un Desarrollador Full Stack | AI & Automation para que pueda incorporarse en un proyecto de importante cliente. Contratación bajo relación de dependencia con el cliente por tiempo indeterminado. Modalidad full time (09:00pm a 06:00pm) Híbrido (2 días presencial x 3 días de remoto) 🎯 ¿Qué buscamos? ✔ +3 años de experiencia en desarrollo fullstack. Para el Backend: Node.js. Lenguajes: JavaScript / TypeScript. Para el Frontend: frameworks modernos como Angular o React. Mobile: Conocimientos en React Native. Legacy: Conocimiento en Progress / OpenEdge y Crystal Reports (suman puntos) ✔ Sólidos conocimientos en programación estructurada, orientada a objetos y eventos ✔ Experiencia en arquitectura cliente/servidor y desarrollo de APIs REST ✔ Dominio avanzado de SQL ✔ Interés o experiencia en IA aplicada y automatización (n8n, LLMs) 🌟 Valoramos especialmente Experiencia en Salud, Seguros o Fintech 🔧 Responsabilidades principales Diseñar y desarrollar aplicaciones full stack y APIs REST Automatizar procesos utilizando herramientas como n8n y LLMs (Gemini, Claude, etc.) Trabajar con bases de datos SQL y optimizar consultas Participar en la evolución de sistemas hacia arquitecturas más modernas Colaborar con distintas áreas para transformar necesidades de negocio en soluciones tecnológicas Ventajas Prepaga Almuerzo pago los días de presencialidad En Experis Argentina promovemos una cultura inclusiva y diversa basada en el respeto y en la igualdad de oportunidades. Valorando los diferentes aportes de las personas sin importar su condición, raza, religión, etnia, nacionalidad, genero, orientación sexual, edad y discapacidad. No te dejes en engañar por publicaciones de avisos laborales falsos. Te damos algunas recomendaciones para corroborar la veracidad de nuestras búsquedas: https://bit.ly/Recomendaciones-Avisos-Laborales ¡Si te interesa participar del proceso de selección no dudes en postularte! Ver más Ver menos [[downButtonMessage]] LinkedIn Twitter Facebook © 2026 Jobrapido | C.I.F: IT11876271005 Trabajos Empresas Condiciones del Servicio Política de Privacidad Ayuda Contacto",,https://ar.jobrapido.com/jobpreview/5144303982943928320?redirectTo=https%253A%252F%252Fwww.kitempleo.com.ar%252Fempleo%252F53346159%252Fdesarrollador-full-stack-ai-automation-san-isidro&w=Python&p=5,Desarrollador Full Stack,jobrapido,2026-09-10T05:03:27.166622,,,,
5541165626883571712,Desarrollador Full Stack Ai & Automation Avellaneda (Argentina),Experis Argentina,Avellaneda,"Open or close the mobile menu Jobrapido Entrar Inscríbete Publica una oferta Ayuda Empresas Clear job input Profesión / Palabras clave Ofertas de trabajo para Desarrollador Full en Avellaneda ¿Qué trabajo estás buscando? Clear location input Localidad Búsqueda avanzada de empleo Relevancia Fecha [[distance.label]] [[d.text]] Close Localidad Gran Buenos Aires Capital Federal Córdoba Santa Fé Neuquén Rosario Mendoza Rincón De Los Sauces Gba Sur Mar Del Plata Búsquedas relacionadas Software Software Engineer Python Software Engineer Modelo Management Services Engineer Security Product Engineering Sistemas Product Engineer Vuelve a tus resultados: [[backlinkLabel]] Desarrollador Full Stack Ai & Automation Avellaneda (Argentina) Avellaneda - Provincia De Buenos Aires Experis Argentina [[upButtonMessage]] other www.kitempleo.com.ar 22 ago 2026 En Experis Argentina nos encontramos en la búsqueda de un Desarrollador Full Stack | AI & Automation para que pueda incorporarse en un proyecto de relevante cliente. Contratación bajo relación de dependencia con el cliente por tiempo indeterminado. Modalidad full time (09:00pm a 06:00pm) Híbrido (2 días presencial x 3 días de remoto) ¿Qué buscamos? +3 años de experiencia en desarrollo fullstack. Para el Backend: Lenguajes: JavaScript / TypeScript. Para el Frontend: frameworks actuales como Angular o React. Mobile: Conocimientos en React Native. Legacy: Conocimiento en Progress / OpenEdge y Crystal Reports (suman puntos) Sólidos conocimientos en programación estructurada, orientada a objetos y eventos Experiencia en arquitectura cliente/servidor y desarrollo de APIs REST Dominio avanzado de SQL Interés o experiencia en IA aplicada y automatización (n8n, LLMs) Valoramos especialmente Experiencia en Salud, Seguros o Fintech Responsabilidades principales Diseñar y desarrollar aplicaciones full stack y APIs REST Automatizar procesos utilizando herramientas como n8n y LLMs (Gemini, Claude, etc.) Trabajar con bases de datos SQL y optimizar consultas Participar en la evolución de sistemas hacia arquitecturas más modernas Colaborar con distintas áreas para transformar necesidades de negocio en soluciones tecnológicas Ventajas Prepaga Almuerzo pago los días de presencialidad En Experis Argentina promovemos una cultura inclusiva y diversa basada en el respeto y en la igualdad de oportunidades. Valorando los diferentes aportes de las personas sin importar su condición, raza, religión, etnia, nacionalidad, genero, orientación sexual, edad y discapacidad. No te dejes en engañar por publicaciones de avisos laborales falsos. Te damos algunas recomendaciones para corroborar la veracidad de nuestras búsquedas: ¡Si te interesa participar del proceso de selección no dudes en postularte! Required Skill Profession Other General Ver más Ver menos [[downButtonMessage]] LinkedIn Twitter Facebook © 2026 Jobrapido | C.I.F: IT11876271005 Trabajos Empresas Condiciones del Servicio Política de Privacidad Ayuda Contacto",,https://ar.jobrapido.com/jobpreview/5541165626883571712?redirectTo=https%253A%252F%252Fwww.kitempleo.com.ar%252Fempleo%252F52625305%252Fdesarrollador-full-stack-ai-automation-avellaneda-argentina&w=Python&p=5,Desarrollador Full Stack,jobrapido,2026-09-10T05:03:27.167095,,,,
9043995886685782016,Desarrollador Full Stack | Ai & Automation (Avellaneda),Experis Argentina,Avellaneda,"Open or close the mobile menu Jobrapido Entrar Inscríbete Publica una oferta Ayuda Empresas Clear job input Profesión / Palabras clave Ofertas de trabajo para Desarrollador Full en Avellaneda ¿Qué trabajo estás buscando? Clear location input Localidad Búsqueda avanzada de empleo Relevancia Fecha [[distance.label]] [[d.text]] Close Localidad Gran Buenos Aires Capital Federal Córdoba Santa Fé Neuquén Rosario Mendoza Rincón De Los Sauces Gba Sur Mar Del Plata Búsquedas relacionadas Software Software Engineer Python Software Engineer Modelo Management Services Engineer Security Product Engineering Sistemas Product Engineer Vuelve a tus resultados: [[backlinkLabel]] Desarrollador Full Stack | Ai & Automation (Avellaneda) Avellaneda - Provincia De Buenos Aires Experis Argentina [[upButtonMessage]] full time www.kitempleo.com.ar 21 ago 2026 En Experis Argentina nos encontramos en la búsqueda de un Desarrollador Full Stack | AI & Automation para que pueda incorporarse en un proyecto de significativo cliente.Contratación bajo relación de dependencia con el cliente por tiempo indeterminado.Modalidad full time (09:00pm a 06:00pm)Híbrido (2 días presencial x 3 días de remoto) ¿Qué buscamos? +3 años de experiencia en desarrollo fullstack. Para el Backend: Lenguajes: JavaScript / TypeScript. Para el Frontend: frameworks modernos como Angular o React. Mobile: Conocimientos en React Native. Legacy: Conocimiento en Progress / OpenEdge y Crystal Reports (suman puntos) Sólidos conocimientos en programación estructurada, orientada a objetos y eventos Experiencia en arquitectura cliente/servidor y desarrollo de APIs REST Dominio avanzado de SQL Interés o experiencia en IA aplicada y automatización (n8n, LLMs) Valoramos especialmenteExperiencia en Salud, Seguros o Fintech Responsabilidades principalesDiseñar y desarrollar aplicaciones full stack y APIs RESTAutomatizar procesos utilizando herramientas como n8n y LLMs (Gemini, Claude, etc.)Trabajar con bases de datos SQL y optimizar consultasParticipar en la evolución de sistemas hacia arquitecturas más modernasColaborar con distintas áreas para transformar necesidades de negocio en soluciones tecnológicasBeneficiosPrepagaAlmuerzo pago los días de presencialidadEn Experis Argentina promovemos una cultura inclusiva y diversa basada en el respeto y en la igualdad de oportunidades. Valorando los diferentes aportes de las personas sin importar su condición, raza, religión, etnia, nacionalidad, genero, orientación sexual, edad y discapacidad.No te dejes en engañar por publicaciones de avisos laborales falsos. Te damos algunas recomendaciones para corroborar la veracidad de nuestras búsquedas: ¡Si te interesa participar del proceso de selección no dudes en postularte! Ver más Ver menos [[downButtonMessage]] LinkedIn Twitter Facebook © 2026 Jobrapido | C.I.F: IT11876271005 Trabajos Empresas Condiciones del Servicio Política de Privacidad Ayuda Contacto",,https://ar.jobrapido.com/jobpreview/9043995886685782016?redirectTo=https%253A%252F%252Fwww.kitempleo.com.ar%252Fempleo%252F52612107%252Fdesarrollador-full-stack-ai-automation-avellaneda&w=Python&p=5,Desarrollador Full Stack,jobrapido,2026-09-10T05:03:27.167566,,,,
2045850529057210368,Desarrollador Full Stack Junior Presencial Córdoba (Argentina),Julio Bellone y asociados,Córdoba,"Jobrapido Publica una oferta Ayuda Empresas Entrar Inscríbete Profesión / Palabras clave Localidad Ofertas de trabajo para Desarrollador Full en Córdoba Trabajos > Desarrollador Full > Córdoba Localidad Gran Buenos Aires Capital Federal Córdoba Santa Fé Neuquén Rosario Mendoza Rincón De Los Sauces Gba Sur Mar Del Plata Búsquedas relacionadas Software Software Engineer Python Software Engineer Modelo Management Services Engineer Security Product Engineering Sistemas Product Engineer Vuelve a tus resultados: [[backlinkLabel]] Desarrollador Full Stack Junior Presencial Córdoba (Argentina) Córdoba - Región Centro Julio Bellone y asociados [[upButtonMessage]] full time Publicado enwww.kitempleo.com.ar 06 sep 2026 Nos encontramos en la búsqueda de un Desarrollador Full Stack Junior para integrarse a un equipo ágil, participando activamente en el desarrollo web, integración de sistemas, automatización de procesos (incluyendo IA) y el mantenimiento de nuestro ERP. Requisitos Técnicos Backend: Node.js, Express.js, desarrollo de APIs REST, validación de datos y autenticación (JWT). Frontend: React.js, consumo de APIs REST, manejo de estados y diseño de interfaces responsivas (HTML5, CSS3, JavaScript ES6+). Bases de Datos: Experiencia en MySQL y PostgreSQL (creación/optimización de consultas SQL y modelado relacional). Integraciones: Consumo de APIs de terceros, manejo de JSON y automatización de flujos de datos. Control de Versiones: Git y GitHub (ramas y pull requests). Cloud & Deploy (Deseable): Conocimientos en Railway o Google Cloud Platform (GCP), configuración de variables de ambiente y gestión básica de servidores. Tareas Principales Desarrollo, mantenimiento y optimización de aplicaciones web y sistemas ERP. Diseño y ejecución de automatizaciones con Inteligencia Artificial (API + Desarrollo). Creación, mantenimiento e integración de APIs con sistemas externos. Despliegue, monitoreo de aplicaciones en la nube y corrección de errores. Participación activa en el análisis y diseño de nuevas soluciones tecnológicas. J-*-Ljbffr Ver más Ver menos [[downButtonMessage]] LinkedIn Twitter Facebook © 2026 Jobrapido | C.I.F: IT11876271005 Trabajos Empresas Condiciones del Servicio Política de Privacidad Ayuda Contacto",,https://ar.jobrapido.com/jobpreview/2045850529057210368?redirectTo=https%253A%252F%252Fwww.kitempleo.com.ar%252Fempleo%252F53274858%252Fdesarrollador-full-stack-junior-presencial-cordoba-argentina&w=Python&p=5,Desarrollador Full Stack,jobrapido,2026-09-10T05:03:27.168046,,,,
2043074262197075968,Desarrolladores Full Stack Senior o Semi Senior (Neuquén),Estudio Sanchez Salas y Asoc.,Neuquén,"Jobrapido Publica una oferta Ayuda Empresas Entrar Inscríbete Profesión / Palabras clave Localidad Ofertas de trabajo para Desarrolladores Full en Neuquén Trabajos > Desarrolladores Full > Neuquén Localidad Gran Buenos Aires Capital Federal Córdoba Santa Fé Neuquén Rosario Mendoza Rincón De Los Sauces Gba Sur Mar Del Plata Búsquedas relacionadas Software Software Engineer Python Software Engineer Modelo Management Services Engineer Security Product Engineering Sistemas Product Engineer Vuelve a tus resultados: [[backlinkLabel]] Desarrolladores Full Stack Senior o Semi Senior (Neuquén) Neuquén - Región Patagonia Estudio Sanchez Salas y Asoc. [[upButtonMessage]] full time Publicado enwww.kitempleo.com.ar 02 sep 2026 Seleccionaremos Desarrolladores Full Stack Senior o Semi Senior para trabajar en una relevante empresa de desarrollo en la Ciudad de Neuquén. Principales Funciones: - Programación en el lenguaje definido para cada Proyecto. - Interpretación de Casos de uso. - Testeo de aplicaciones desarrolladas. - Posibilidad de realización de análisis técnico y funcional. - Interpretación de HTML. - Manejo de sistemas de seguimiento o tickets. Formación: - Universitaria. (no excluyente, pero preferente) - Terciaria. (o equivalente) Experiencia: - Se requiere experiencia comprobable. - Se valorará especialmente su conocimiento en Genexus, J2EE, .NET, Phyton, Angular. - Nivel intermedio de conocimiento del idioma inglés. Horarios: Lunes a Viernes. 8:30 a 16:30 horas. Modalidad de trabajo: Principalmente Home Office. Presencial a requerimiento, en función de las particularidades del proyecto en desarrollo. Fecha Estipulada de Ingreso: 1 de Junio 2023 Esta propuesta está orientada a postulantes que posean gran capacidad de aprendizaje, trabajo en equipo y relación con el sector usuario, para trabajar en una empresa certificada bajo normas de calidad IRAM-ISO 9001 y en un Laboratorio de Desarrollo de aplicativos con herramientas de alta tecnología respaldado por Oracle, IBM Argentina S.A., Microsoft y Accion-Point - Artech (Genexus). LI-Onsite Ver más Ver menos [[downButtonMessage]] LinkedIn Twitter Facebook © 2026 Jobrapido | C.I.F: IT11876271005 Trabajos Empresas Condiciones del Servicio Política de Privacidad Ayuda Contacto",,https://ar.jobrapido.com/jobpreview/2043074262197075968?redirectTo=https%253A%252F%252Fwww.kitempleo.com.ar%252Fempleo%252F53022410%252Fdesarrolladores-full-stack-senior-o-semi-senior-neuquen&w=Python&p=5,Desarrollador Full Stack,jobrapido,2026-09-10T05:03:27.168518,,,,
2103377389739311104,Desarrollador/a Full Stack Semi Senior Mendoza (Argentina),Importante empresa del sector,Mendoza,"Jobrapido Publica una oferta Ayuda Empresas Entrar Inscríbete Profesión / Palabras clave Localidad Ofertas de trabajo para Full Stack en Mendoza Trabajos > Full Stack > Mendoza Localidad Gran Buenos Aires Capital Federal Córdoba Santa Fé Neuquén Rosario Mendoza Rincón De Los Sauces Gba Sur Mar Del Plata Búsquedas relacionadas Software Software Engineer Python Software Engineer Modelo Management Services Engineer Security Product Engineering Sistemas Product Engineer Vuelve a tus resultados: [[backlinkLabel]] Desarrollador/a Full Stack Semi Senior Mendoza (Argentina) Mendoza - Región Cuyo Importante empresa del sector [[upButtonMessage]] full time Publicado enwww.kitempleo.com.ar 29 ago 2026 Nos encontramos en la búsqueda de un/a Desarrollador/a Full Stack para sumarse al equipo de Sistemas, participando en proyectos de desarrollo de aplicaciones, automatización de procesos, análisis de datos y transformación digital. Principales responsabilidades: Desarrollar y mantener aplicaciones web internas. Participar en proyectos de transformación digital. Diseñar e implementar integraciones entre sistemas mediante APIs. Automatizar procesos de negocio. Diseñar, desarrollar y optimizar consultas SQL. Construir reportes y tableros de gestión. Analizar datos y generar indicadores para distintas áreas de la organización. Investigar e implementar nuevas tecnologías que aporten valor al negocio. Requisitos excluyentes: HTML5. CSS3. JavaScript (ES6+). React. Node.js. Express. Diseño y consumo de APIs REST. Manejo de autenticación y autorización. SQL y bases de datos relacionales. Requisitos deseables: Next.js. TypeScript. PostgreSQL. Docker. Git y GitHub. Automatización de procesos mediante n8n o herramientas similares. Desarrollo de Progressive Web Apps (PWA). Integración con servicios Cloud. Conocimientos de Inteligencia Artificial aplicada a procesos empresariales. Experiencia integrando modelos LLM mediante APIs. Competencias valoradas: Pensamiento analítico. Resolución de problemas complejos. Autonomía. Proactividad. Orientación a resultados. Aprendizaje continuo. Comunicación efectiva con usuarios no técnicos. Capacidad para transformar necesidades de negocio en soluciones tecnológicas. J-*-Ljbffr Ver más Ver menos [[downButtonMessage]] LinkedIn Twitter Facebook © 2026 Jobrapido | C.I.F: IT11876271005 Trabajos Empresas Condiciones del Servicio Política de Privacidad Ayuda Contacto",,https://ar.jobrapido.com/jobpreview/2103377389739311104?redirectTo=https%253A%252F%252Fwww.kitempleo.com.ar%252Fempleo%252F52841903%252Fdesarrollador-a-full-stack-semi-senior-mendoza-argentina&w=Python&p=5,Desarrollador Full Stack,jobrapido,2026-09-10T05:03:27.168997,,,,
1532492054741909504,Desarrollador Full Stack Junior (Presencial) (Córdoba),Julio Bellone y asociados,Córdoba,"Jobrapido Publica una oferta Ayuda Empresas Entrar Inscríbete Profesión / Palabras clave Localidad Ofertas de trabajo para Desarrollador Full en Córdoba Trabajos > Desarrollador Full > Córdoba Localidad Gran Buenos Aires Capital Federal Córdoba Santa Fé Neuquén Rosario Mendoza Rincón De Los Sauces Gba Sur Mar Del Plata Búsquedas relacionadas Software Software Engineer Python Software Engineer Modelo Management Services Engineer Security Product Engineering Sistemas Product Engineer Vuelve a tus resultados: [[backlinkLabel]] Desarrollador Full Stack Junior (Presencial) (Córdoba) Córdoba - Región Centro Julio Bellone y asociados [[upButtonMessage]] full time Publicado enwww.kitempleo.com.ar 28 ago 2026 Nos encontramos en la búsqueda de un Desarrollador Full Stack Junior para integrarse a un equipo dinámico, participando activamente en el desarrollo web, integración de sistemas, automatización de procesos (incluyendo IA) y el mantenimiento de nuestro ERP. Requisitos Técnicos - Backend: Node.js, Express.js, desarrollo de APIs REST, validación de datos y autenticación (JWT). - Frontend: React.js, consumo de APIs REST, manejo de estados y diseño de interfaces responsivas (HTML5, CSS3, JavaScript ES6+). - Bases de Datos: Experiencia en MySQL y PostgreSQL (creación/optimización de consultas SQL y modelado relacional). - Integraciones: Consumo de APIs de terceros, manejo de JSON y automatización de flujos de datos. - Control de Versiones: Git y GitHub (ramas y pull requests). - Cloud & Deploy (Deseable): Conocimientos en Railway o Google Cloud Platform (GCP), configuración de variables de ambiente y gestión básica de servidores. Tareas Principales - Desarrollo, mantenimiento y optimización de aplicaciones web y sistemas ERP. - Diseño y ejecución de automatizaciones con Inteligencia Artificial (API + Desarrollo). - Creación, mantenimiento e integración de APIs con sistemas externos. - Despliegue, monitoreo de aplicaciones en la nube y corrección de errores. - Participación activa en el análisis y diseño de nuevas soluciones tecnológicas. Ver más Ver menos [[downButtonMessage]] LinkedIn Twitter Facebook © 2026 Jobrapido | C.I.F: IT11876271005 Trabajos Empresas Condiciones del Servicio Política de Privacidad Ayuda Contacto",,https://ar.jobrapido.com/jobpreview/1532492054741909504?redirectTo=https%253A%252F%252Fwww.kitempleo.com.ar%252Fempleo%252F52811273%252Fdesarrollador-full-stack-junior-presencial-cordoba&w=Python&p=5,Desarrollador Full Stack,jobrapido,2026-09-10T05:03:27.169470,,,,
4668529564845080576,Desarrollador/A Full Stack - Semi Senior (Mendoza),Importante empresa del sector,Mendoza,"Open or close the mobile menu Jobrapido Entrar Inscríbete Publica una oferta Ayuda Empresas Clear job input Profesión / Palabras clave Ofertas de trabajo para Full Stack en Mendoza ¿Qué trabajo estás buscando? Clear location input Localidad Búsqueda avanzada de empleo Relevancia Fecha [[distance.label]] [[d.text]] Close Localidad Gran Buenos Aires Capital Federal Córdoba Santa Fé Neuquén Rosario Mendoza Rincón De Los Sauces Gba Sur Mar Del Plata Búsquedas relacionadas Software Software Engineer Python Software Engineer Modelo Management Services Engineer Security Product Engineering Sistemas Product Engineer Vuelve a tus resultados: [[backlinkLabel]] Desarrollador/A Full Stack - Semi Senior (Mendoza) Mendoza - Región Cuyo Importante empresa del sector [[upButtonMessage]] full time www.kitempleo.com.ar 27 ago 2026 Nos encontramos en la búsqueda de un/a Desarrollador/a Full Stack para sumarse al equipo de Sistemas, participando en proyectos de desarrollo de aplicaciones, automatización de procesos, análisis de datos y transformación digital. Principales responsabilidades: Desarrollar y mantener aplicaciones web internas. Participar en proyectos de transformación digital. Diseñar e implementar integraciones entre sistemas mediante APIs. Automatizar procesos de negocio. Diseñar, desarrollar y optimizar consultas SQL. Construir reportes y tableros de gestión. Analizar datos y generar indicadores para distintas áreas de la organización. Investigar e implementar nuevas tecnologías que aporten valor al negocio. Requisitos excluyentes: HTML5. CSS3. JavaScript (ES6+). React. Node.js. Express. Diseño y consumo de APIs REST. Manejo de autenticación y autorización. SQL y bases de datos relacionales. Requisitos deseables: Next.js. TypeScript. PostgreSQL. Docker. Git y GitHub. Automatización de procesos mediante n8n o herramientas similares. Desarrollo de Progressive Web Apps (PWA). Integración con servicios Cloud. Conocimientos de Inteligencia Artificial aplicada a procesos empresariales. Experiencia integrando modelos LLM mediante APIs. Competencias valoradas: Pensamiento analítico. Resolución de problemas complejos. Autonomía. Proactividad. Orientación a resultados. Aprendizaje continuo. Comunicación efectiva con usuarios no técnicos. Capacidad para transformar necesidades de negocio en soluciones tecnológicas. #J-*****-Ljbffr Ver más Ver menos [[downButtonMessage]] LinkedIn Twitter Facebook © 2026 Jobrapido | C.I.F: IT11876271005 Trabajos Empresas Condiciones del Servicio Política de Privacidad Ayuda Contacto",,https://ar.jobrapido.com/jobpreview/4668529564845080576?redirectTo=https%253A%252F%252Fwww.kitempleo.com.ar%252Fempleo%252F52798540%252Fdesarrollador-a-full-stack-semi-senior-mendoza&w=Python&p=5,Desarrollador Full Stack,jobrapido,2026-09-10T05:03:27.169945,,,,
12354763337236480,Ingeniero de Datos,Tecsol Group SA,Capital Federal,,,https://open.app.jobrapido.com/ar/12354763337236480/?w=ingeniero%20datos&l=&oc=sponsored&k=web.1.1.1&uuid=arF001a08a91b0da168c&page_item_id=-1356347927,Ingeniero de Datos,jobrapido,2026-09-10T05:06:39.807236,,,,
2678481129945694208,Ingeniero de datos,ThinkBig HR,Capital Federal,,,https://open.app.jobrapido.com/ar/2678481129945694208/?w=ingeniero%20datos&l=&oc=sponsored&k=web.1.1.2&uuid=arF001a08a91b0da168c&page_item_id=-742792439,Ingeniero de Datos,jobrapido,2026-09-10T05:06:39.807737,,,,
1919221716211466240,Ingeniero de Datos,Bumeran Selecta,Capital Federal,,,https://open.app.jobrapido.com/ar/1919221716211466240/?w=ingeniero%20datos&l=&oc=sponsored&k=web.1.1.3&uuid=arF001a08a91b0da168c&page_item_id=-1991054121,Ingeniero de Datos,jobrapido,2026-09-10T05:06:39.808228,,,,
4189175824080961536,Ingeniero de datos + Ingles,Join ready,Capital Federal,,,https://open.app.jobrapido.com/ar/4189175824080961536/?w=ingeniero%20datos&l=&oc=sponsored&k=web.1.1.4&uuid=arF001a08a91b0da168c&page_item_id=-1088181826,Ingeniero de Datos,jobrapido,2026-09-10T05:06:39.808711,,,,
6907934394971848704,Ingeniero de Perforación: Impacto en Operaciones y Datos,Pan American Energy S.L.,Comodoro Rivadavia,,,https://open.app.jobrapido.com/ar/6907934394971848704/?w=ingeniero%20datos&l=&oc=sponsored&k=web.1.1.5&uuid=arF001a08a91b0da168c&page_item_id=1332739159,Ingeniero de Datos,jobrapido,2026-09-10T05:06:39.809199,,,,
5326389018378633216,"Ingeniero de Datos: Snowflake, Airflow y DataOps (Remoto)",Tecsol Group SA,Capital Federal,,,https://open.app.jobrapido.com/ar/5326389018378633216/?w=ingeniero%20datos&l=&oc=sponsored&k=web.1.1.6&uuid=arF001a08a91b0da168c&page_item_id=-342450415,Ingeniero de Datos,jobrapido,2026-09-10T05:06:39.809681,,,,
2800355955160645632,Ingeniero de Datos Senior | Lidera Pipelines Lakehouse,Toyota Argentina S.A. Company,Zárate,,,https://open.app.jobrapido.com/ar/2800355955160645632/?w=ingeniero%20datos&l=&oc=sponsored&k=web.1.1.7&uuid=arF001a08a91b0da168c&page_item_id=1374587865,Ingeniero de Datos,jobrapido,2026-09-10T05:06:39.810166,,,,
54348754534268928,Ingeniero de Datos Senior: Lidera Pipelines Lakehouse,Toyota,Zárate,,,https://open.app.jobrapido.com/ar/54348754534268928/?w=ingeniero%20datos&l=&oc=sponsored&k=web.1.1.8&uuid=arF001a08a91b0da168c&page_item_id=-1897515467,Ingeniero de Datos,jobrapido,2026-09-10T05:06:39.810645,,,,
2644615287046930432,Ingeniero de Datos (SSR) – Python / SQL / Big Data / Lakehouse (Híbrido),Talent Connect,Capital Federal,,,https://open.app.jobrapido.com/ar/2644615287046930432/?w=ingeniero%20datos&l=&oc=sponsored&k=web.1.1.9&uuid=arF001a08a91b0da168c&page_item_id=-1652958984,Ingeniero de Datos,jobrapido,2026-09-10T05:06:39.811137,,,,
562949453057622016,Ingeniero de Datos (SR) – Informatica Cloud / Cloudera / Python (Híbrido),Talent Connect,Capital Federal,,,https://open.app.jobrapido.com/ar/562949453057622016/?w=ingeniero%20datos&l=&oc=sponsored&k=web.1.1.10&uuid=arF001a08a91b0da168c&page_item_id=-1487817565,Ingeniero de Datos,jobrapido,2026-09-10T05:06:39.811627,,,,
7906422533610536960,Ingeniero Senior de Datos e IA (Híbrido),MercadoLibre,Capital Federal,,,https://open.app.jobrapido.com/ar/7906422533610536960/?w=ingeniero%20datos&l=&oc=sponsored&k=web.1.1.11&uuid=arF001a08a91b0da168c&page_item_id=743562760,Ingeniero de Datos,jobrapido,2026-09-10T05:06:39.812114,,,,
5415449597667442688,"Ingeniero de Datos (SSR/SR) – SAP HANA / Cloudera / Apache NiFi (Híbrido, CABA)",Talent Connect,Capital Federal,,,https://open.app.jobrapido.com/ar/5415449597667442688/?w=ingeniero%20datos&l=&oc=sponsored&k=web.1.1.12&uuid=arF001a08a91b0da168c&page_item_id=488857134,Ingeniero de Datos,jobrapido,2026-09-10T05:06:39.812652,,,,
6768770582633775104,Ingeniero de Datos (AWS & Databricks) Bilingüe,Sofka,Capital Federal,,,https://open.app.jobrapido.com/ar/6768770582633775104/?w=ingeniero%20datos&l=&oc=sponsored&k=web.1.1.13&uuid=arF001a08a91b0da168c&page_item_id=12668538,Ingeniero de Datos,jobrapido,2026-09-10T05:06:39.813140,,,,
1265042379635687424,Senior Full-Stack Engineer - React/Node/C# | Remote,Agileengine,Capital Federal,,,https://open.app.jobrapido.com/ar/1265042379635687424/?w=ingeniero%20datos&l=&oc=sponsored&k=web.1.1.14&uuid=arF001a08a91b0da168c&page_item_id=763696975,Ingeniero de Datos,jobrapido,2026-09-10T05:06:39.813620,,,,
9158704704996245504,Ingeniero Geotécnico Senior – Minería LATAM (En terreno),Golder Associates Ltd.,Mendoza Capital,,,https://open.app.jobrapido.com/ar/9158704704996245504/?w=ingeniero%20datos&l=&oc=sponsored&k=web.1.1.15&uuid=arF001a08a91b0da168c&page_item_id=-164841681,Ingeniero de Datos,jobrapido,2026-09-10T05:06:39.814113,,,,
8899931619742187520,Junior Web Application Developer,Stefanini-Latam,Vicente López,,,https://open.app.jobrapido.com/ar/8899931619742187520/?w=ingeniero%20datos&l=&oc=sponsored&k=web.1.1.17&uuid=arF001a08a91b0da168c&page_item_id=-83129575,Ingeniero de Datos,jobrapido,2026-09-10T05:06:39.814731,,,,
1498640222026465280,ITO Civil Linares,DFV INGENIERIA Y GESTIÓN,Rosario,,,https://open.app.jobrapido.com/ar/1498640222026465280/?w=ingeniero%20datos&l=&oc=sponsored&k=web.1.1.18&uuid=arF001a08a91b0da168c&page_item_id=1950448568,Ingeniero de Datos,jobrapido,2026-09-10T05:06:39.815216,,,,
4441841964056313856,Principal Project Planner,Worley,Esquel,,,https://open.app.jobrapido.com/ar/4441841964056313856/?w=ingeniero%20datos&l=&oc=sponsored&k=web.1.2.5&uuid=arF001a08a934267171d&page_item_id=625230287,Ingeniero de Datos,jobrapido,2026-09-10T05:08:22.741784,,,,
783557647897985024,Services Presales Engineer,BVS,Capital Federal,,,https://open.app.jobrapido.com/ar/783557647897985024/?w=ingeniero%20datos&l=&oc=sponsored&k=web.1.2.6&uuid=arF001a08a934267171d&page_item_id=1617471641,Ingeniero de Datos,jobrapido,2026-09-10T05:08:22.742476,,,,
2797322213601050624,Ingeniero de Integración de Sistemas,Siemens,Esquel,,,https://open.app.jobrapido.com/ar/2797322213601050624/?w=ingeniero%20datos&l=&oc=sponsored&k=web.1.2.7&uuid=arF001a08a934267171d&page_item_id=-700517735,Ingeniero de Datos,jobrapido,2026-09-10T05:08:22.743128,,,,
1878587889617469440,Cost Estimation & Control Specialist,Meitner Energy,Vicente López,,,https://open.app.jobrapido.com/ar/1878587889617469440/?w=ingeniero%20datos&l=&oc=sponsored&k=web.1.2.8&uuid=arF001a08a934267171d&page_item_id=-1464161410,Ingeniero de Datos,jobrapido,2026-09-10T05:08:22.743690,,,,
2750873465144737792,Senior Implementation Analyst | Octave Sequence Enterprise (EcoSys),Octave,Rincón De Los Sauces,,,https://open.app.jobrapido.com/ar/2750873465144737792/?w=ingeniero%20datos&l=&oc=sponsored&k=web.1.2.9&uuid=arF001a08a934267171d&page_item_id=489688636,Ingeniero de Datos,jobrapido,2026-09-10T05:08:22.744258,,,,
8990426855546814464,Senior Implementation Analyst | Octave InConcert (SDx),Geomatik,Capital Federal,,,https://open.app.jobrapido.com/ar/8990426855546814464/?w=ingeniero%20datos&l=&oc=sponsored&k=web.1.2.10&uuid=arF001a08a934267171d&page_item_id=-372760191,Ingeniero de Datos,jobrapido,2026-09-10T05:08:22.744819,,,,
6108413708696813568,Staff Software Engineer,Ualá,Esquel,,,https://open.app.jobrapido.com/ar/6108413708696813568/?w=ingeniero%20datos&l=&oc=sponsored&k=web.1.2.11&uuid=arF001a08a934267171d&page_item_id=-742516543,Ingeniero de Datos,jobrapido,2026-09-10T05:08:22.745378,,,,
1523664299220795392,-Especialista de Soporte TI en Sitio con ingles,Servicio Latam COMX SAS,Capital Federal,,,https://open.app.jobrapido.com/ar/1523664299220795392/?w=ingeniero%20datos&l=&oc=sponsored&k=web.1.2.12&uuid=arF001a08a934267171d&page_item_id=-2146738466,Ingeniero de Datos,jobrapido,2026-09-10T05:08:22.745940,,,,
6684670862370537472,Ingeniero de Operaciones Digitales Industriales,Jobtailor,Capital Federal,,,https://open.app.jobrapido.com/ar/6684670862370537472/?w=ingeniero%20datos&l=&oc=sponsored&k=web.1.2.13&uuid=arF001a08a934267171d&page_item_id=990930961,Ingeniero de Datos,jobrapido,2026-09-10T05:08:22.746644,,,,
7629684802748153856,AWS Data Engineer — Scale Data Lakes & Pipelines,Nubiral,Capital Federal,,,https://open.app.jobrapido.com/ar/7629684802748153856/?w=ingeniero%20datos&l=&oc=sponsored&k=web.1.2.14&uuid=arF001a08a934267171d&page_item_id=-150526483,Ingeniero de Datos,jobrapido,2026-09-10T05:08:22.747281,,,,
6085424020071645184,Anuncios Google,Toyota Argentina S.A. Company,Zárate,,,https://open.app.jobrapido.com/ar/6085424020071645184/?w=ingeniero%20datos&l=&oc=sponsored&k=web.1.3.0&uuid=arF001a08a942eda178d&page_item_id=9691110,Ingeniero de Datos,jobrapido,2026-09-10T05:09:23.321518,,,,
8681516452383031296,Analista de Logística y Puerto: Planificación y Operaciones,Bunge Iberica SA,Remoto,,,https://open.app.jobrapido.com/ar/8681516452383031296/?w=ingeniero%20datos&l=&oc=sponsored&k=web.1.3.1&uuid=arF001a08a942eda178d&page_item_id=-1423801596,Ingeniero de Datos,jobrapido,2026-09-10T05:09:23.322092,,,,
5695824650433462272,Ingeniero Mantenimiento Tiempo Real y Diagnóstico,Jobtailor,Neuquén,,,https://open.app.jobrapido.com/ar/5695824650433462272/?w=ingeniero%20datos&l=&oc=sponsored&k=web.1.3.2&uuid=arF001a08a942eda178d&page_item_id=-2027066596,Ingeniero de Datos,jobrapido,2026-09-10T05:09:23.322595,,,,
1177670787646095360,ML Engineer: Build Scalable Data Pipelines & Models,Grupo Prominente,Capital Federal,,,https://open.app.jobrapido.com/ar/1177670787646095360/?w=ingeniero%20datos&l=&oc=sponsored&k=web.1.3.3&uuid=arF001a08a942eda178d&page_item_id=263258822,Ingeniero de Datos,jobrapido,2026-09-10T05:09:23.323100,,,,
8472716308050345984,GenAI Gateway Engineer — High-Perf Microservices (Hybrid),MercadoLibre,Capital Federal (Saavedra),,,https://open.app.jobrapido.com/ar/8472716308050345984/?w=ingeniero%20datos&l=&oc=sponsored&k=web.1.3.4&uuid=arF001a08a942eda178d&page_item_id=-1437686858,Ingeniero de Datos,jobrapido,2026-09-10T05:09:23.323600,,,,
7858821926465044480,Ingeniero Geotécnico Senior - Minería LATAM (En terreno),Golder Associates Ltd.,Mendoza,,,https://open.app.jobrapido.com/ar/7858821926465044480/?w=ingeniero%20datos&l=&oc=sponsored&k=web.1.3.5&uuid=arF001a08a942eda178d&page_item_id=-791671375,Ingeniero de Datos,jobrapido,2026-09-10T05:09:23.324107,,,,
3888143353010716672,AI Engineer / Ingeniero de IA — Horario Flexible & Hybrid,Swiss Medical Group,Capital Federal,,,https://open.app.jobrapido.com/ar/3888143353010716672/?w=ingeniero%20datos&l=&oc=sponsored&k=web.1.3.6&uuid=arF001a08a942eda178d&page_item_id=1845413846,Ingeniero de Datos,jobrapido,2026-09-10T05:09:23.324607,,,,
1137764992368508928,Ingeniero de Laboratorio de Análisis de Marcha y Movimiento,Fleni Centro Médico,Belén De Escobar,,,https://open.app.jobrapido.com/ar/1137764992368508928/?w=ingeniero%20datos&l=&oc=sponsored&k=web.1.3.7&uuid=arF001a08a942eda178d&page_item_id=152111714,Ingeniero de Datos,jobrapido,2026-09-10T05:09:23.325109,,,,
5801773109849620480,Ing. de Datos Senior,Toyota,Zárate,,,https://open.app.jobrapido.com/ar/5801773109849620480/?w=ingeniero%20datos&l=&oc=sponsored&k=web.1.3.8&uuid=arF001a08a942eda178d&page_item_id=-1679255005,Ingeniero de Datos,jobrapido,2026-09-10T05:09:23.325606,,,,
1758580232714977280,Ing. de Datos Senior,Toyota Argentina S.A. Company,Zárate,,,https://open.app.jobrapido.com/ar/1758580232714977280/?w=ingeniero%20datos&l=&oc=sponsored&k=web.1.3.9&uuid=arF001a08a942eda178d&page_item_id=-1448665933,Ingeniero de Datos,jobrapido,2026-09-10T05:09:23.326108,,,,
7124198075773485056,Ingeniero de Reservorios,Golden Peak Patagonia,Neuquén,,,https://open.app.jobrapido.com/ar/7124198075773485056/?w=ingeniero%20datos&l=&oc=sponsored&k=web.1.3.10&uuid=arF001a08a942eda178d&page_item_id=-1946798549,Ingeniero de Datos,jobrapido,2026-09-10T05:09:23.326604,,,,
5281656693472624640,AI Engineer - Ingeniero de Inteligencia Artificial,Swiss Medical Group,Capital Federal,,,https://open.app.jobrapido.com/ar/5281656693472624640/?w=ingeniero%20datos&l=&oc=sponsored&k=web.1.3.11&uuid=arF001a08a942eda178d&page_item_id=-419027081,Ingeniero de Datos,jobrapido,2026-09-10T05:09:23.327103,,,,
7758114564100587520,Ingeniero Estimador de Costos Senior,Golder Associates Ltd.,Mendoza,,,https://open.app.jobrapido.com/ar/7758114564100587520/?w=ingeniero%20datos&l=&oc=sponsored&k=web.1.3.12&uuid=arF001a08a942eda178d&page_item_id=692632006,Ingeniero de Datos,jobrapido,2026-09-10T05:09:23.327597,,,,
3985824240900243456,Ingeniero Estimador de Costos Senior,WSP,Mendoza,,,https://open.app.jobrapido.com/ar/3985824240900243456/?w=ingeniero%20datos&l=&oc=sponsored&k=web.1.3.13&uuid=arF001a08a942eda178d&page_item_id=-438859223,Ingeniero de Datos,jobrapido,2026-09-10T05:09:23.328095,,,,
262851274813210624,Ing. de Datos JR.,Toyota Argentina S.A. Company,Zárate,,,https://open.app.jobrapido.com/ar/262851274813210624/?w=ingeniero%20datos&l=&oc=sponsored&k=web.1.3.14&uuid=arF001a08a942eda178d&page_item_id=-271665600,Ingeniero de Datos,jobrapido,2026-09-10T05:09:23.328589,,,,
923909431010263040,Anuncios Google,Pan American Energy S.L.,Comodoro Rivadavia,,,https://open.app.jobrapido.com/ar/923909431010263040/?w=ingeniero%20datos&l=&oc=sponsored&k=web.1.4.0&uuid=arF001a08a959564181d&page_item_id=-762367746,Ingeniero de Datos,jobrapido,2026-09-10T05:10:54.972024,,,,
6254799182125596672,Consultor / Consultora Oracle DBA,Ll Oefentherapie,Capital Federal,,,https://open.app.jobrapido.com/ar/6254799182125596672/?w=ingeniero%20datos&l=&oc=sponsored&k=web.1.4.1&uuid=arF001a08a959564181d&page_item_id=2060624608,Ingeniero de Datos,jobrapido,2026-09-10T05:10:54.972637,,,,
1044152211602407424,Business Analytics Translator Senior,Toyota,Zárate,,,https://open.app.jobrapido.com/ar/1044152211602407424/?w=ingeniero%20datos&l=&oc=sponsored&k=web.1.4.2&uuid=arF001a08a959564181d&page_item_id=2143617690,Ingeniero de Datos,jobrapido,2026-09-10T05:10:54.973185,,,,
8334917058361819136,Data Architect,Toyota,Zárate,,,https://open.app.jobrapido.com/ar/8334917058361819136/?w=ingeniero%20datos&l=&oc=sponsored&k=web.1.4.3&uuid=arF001a08a959564181d&page_item_id=-289092848,Ingeniero de Datos,jobrapido,2026-09-10T05:10:54.973721,,,,
6679899170884550656,Data Architect,Toyota Argentina S.A. Company,Zárate,,,https://open.app.jobrapido.com/ar/6679899170884550656/?w=ingeniero%20datos&l=&oc=sponsored&k=web.1.4.4&uuid=arF001a08a959564181d&page_item_id=1949602841,Ingeniero de Datos,jobrapido,2026-09-10T05:10:54.974259,,,,
6217825372042428416,Analista Sr de Presupuesto y Control de Gestión,LA NACION,Vicente López,,,https://open.app.jobrapido.com/ar/6217825372042428416/?w=ingeniero%20datos&l=&oc=sponsored&k=web.1.4.5&uuid=arF001a08a959564181d&page_item_id=1538722470,Ingeniero de Datos,jobrapido,2026-09-10T05:10:54.974796,,,,
7642649144351260672,Senior Data Analytics Translator - Platform & Dashboards,Toyota Argentina S.A. Company,Zárate,,,https://open.app.jobrapido.com/ar/7642649144351260672/?w=ingeniero%20datos&l=&oc=sponsored&k=web.1.4.6&uuid=arF001a08a959564181d&page_item_id=-1008482383,Ingeniero de Datos,jobrapido,2026-09-10T05:10:54.975341,,,,
2022746147625369600,Business Analytics Translator Senior,Toyota Argentina S.A. Company,Zárate,,,https://open.app.jobrapido.com/ar/2022746147625369600/?w=ingeniero%20datos&l=&oc=sponsored&k=web.1.4.7&uuid=arF001a08a959564181d&page_item_id=260607775,Ingeniero de Datos,jobrapido,2026-09-10T05:10:54.975836,,,,
8893564828942073856,Supervisión de Planta de Fluidos,Schlumberger Limited,Neuquén,,,https://open.app.jobrapido.com/ar/8893564828942073856/?w=ingeniero%20datos&l=&oc=sponsored&k=web.1.4.8&uuid=arF001a08a959564181d&page_item_id=-1519476917,Ingeniero de Datos,jobrapido,2026-09-10T05:10:54.976323,,,,
4816198374501908480,Ref. 21465: Proyectista Mecánico / Parque Industrial de Plátanos Prov. Bs As,ADN Recursos Humanos,Capital Federal,,,https://open.app.jobrapido.com/ar/4816198374501908480/?w=ingeniero%20datos&l=&oc=sponsored&k=web.1.4.9&uuid=arF001a08a959564181d&page_item_id=-1433567708,Ingeniero de Datos,jobrapido,2026-09-10T05:10:54.976815,,,,
3755863720413102080,Ingeniero/a de Proyectos ARMX (Agregados & Hormigones),Lafarge Africa Plc,Córdoba,,,https://open.app.jobrapido.com/ar/3755863720413102080/?w=ingeniero%20datos&l=&oc=sponsored&k=web.1.4.10&uuid=arF001a08a959564181d&page_item_id=1763215636,Ingeniero de Datos,jobrapido,2026-09-10T05:10:54.977304,,,,
5589959753901015040,Ingeniero/a de Proyectos RMX,Lafarge Africa Plc,Córdoba,,,https://open.app.jobrapido.com/ar/5589959753901015040/?w=ingeniero%20datos&l=&oc=sponsored&k=web.1.4.11&uuid=arF001a08a959564181d&page_item_id=-244837562,Ingeniero de Datos,jobrapido,2026-09-10T05:10:54.977792,,,,
1642086013679435776,Field Service Supervisor - Supervisor de campo,HOERBIGER Automatisierungstechnik Holding GmbH,Neuquén,,,https://open.app.jobrapido.com/ar/1642086013679435776/?w=ingeniero%20datos&l=&oc=sponsored&k=web.1.4.12&uuid=arF001a08a959564181d&page_item_id=-1960368752,Ingeniero de Datos,jobrapido,2026-09-10T05:10:54.978285,,,,
2226951656203878400,Supervisión de Planta de Fluidos,Onesubsea,Neuquén,,,https://open.app.jobrapido.com/ar/2226951656203878400/?w=ingeniero%20datos&l=&oc=sponsored&k=web.1.4.13&uuid=arF001a08a959564181d&page_item_id=1582328516,Ingeniero de Datos,jobrapido,2026-09-10T05:10:54.978773,,,,
1112732050361679872,Analista Ssr de Business Intelligence,Natura,Capital Federal,,,https://open.app.jobrapido.com/ar/1112732050361679872/?w=ingeniero%20datos&l=&oc=sponsored&k=web.1.4.14&uuid=arF001a08a959564181d&page_item_id=2114878434,Ingeniero de Datos,jobrapido,2026-09-10T05:10:54.979265,,,,
5477264708316692480,Anuncios Google,Onesubsea,Neuquén,,,https://open.app.jobrapido.com/ar/5477264708316692480/?w=ingeniero%20datos&l=&oc=sponsored&k=web.1.5.0&uuid=arF001a08a97188f18a0&page_item_id=-904826175,Ingeniero de Datos,jobrapido,2026-09-10T05:12:34.212585,,,,
4104763584817397760,Ingeniero/a de Planificación Mina (Corto y Mediano Plazo),Vicuña,Albardón,,,https://open.app.jobrapido.com/ar/4104763584817397760/?w=ingeniero%20datos&l=&oc=sponsored&k=web.1.5.1&uuid=arF001a08a97188f18a0&page_item_id=785211683,Ingeniero de Datos,jobrapido,2026-09-10T05:12:34.213227,,,,
1499168743522041856,Mobile Equipment Reliability Engineer,SSR Mining Inc.,Remoto,,,https://open.app.jobrapido.com/ar/1499168743522041856/?w=ingeniero%20datos&l=&oc=sponsored&k=web.1.5.2&uuid=arF001a08a97188f18a0&page_item_id=-512609461,Ingeniero de Datos,jobrapido,2026-09-10T05:12:34.213790,,,,
447884650677796864,Senior Software Engineer Fullstack,Bunker db,Capital Federal,,,https://open.app.jobrapido.com/ar/447884650677796864/?w=ingeniero%20datos&l=&oc=sponsored&k=web.1.5.3&uuid=arF001a08a97188f18a0&page_item_id=-31161672,Ingeniero de Datos,jobrapido,2026-09-10T05:12:34.214354,,,,
3465295438943354880,Analista Planificador de Logística y Puerto RENOVA,Bunge Iberica SA,Capital Federal,,,https://open.app.jobrapido.com/ar/3465295438943354880/?w=ingeniero%20datos&l=&oc=sponsored&k=web.1.5.4&uuid=arF001a08a97188f18a0&page_item_id=-1572005670,Ingeniero de Datos,jobrapido,2026-09-10T05:12:34.214917,,,,
6845081895101792256,Ingeniero/a de RTOC (Centro de Operaciones en Tiempo Real),Revsolz Corp,Neuquén,,,https://open.app.jobrapido.com/ar/6845081895101792256/?w=ingeniero%20datos&l=&oc=sponsored&k=web.1.5.5&uuid=arF001a08a97188f18a0&page_item_id=1996652418,Ingeniero de Datos,jobrapido,2026-09-10T05:12:34.215473,,,,
2148877379919937536,Head of Data & Analytics,Global66,Capital Federal,,,https://open.app.jobrapido.com/ar/2148877379919937536/?w=ingeniero%20datos&l=&oc=sponsored&k=web.1.5.6&uuid=arF001a08a97188f18a0&page_item_id=1288639597,Ingeniero de Datos,jobrapido,2026-09-10T05:12:34.216086,,,,
2064771474903793664,Ingeniería de Ciberseguridad (Security Engineer) Nivel 1.5,Pacifica Continental,Capital Federal,,,https://open.app.jobrapido.com/ar/2064771474903793664/?w=ingeniero%20datos&l=&oc=sponsored&k=web.1.5.7&uuid=arF001a08a97188f18a0&page_item_id=1275693870,Ingeniero de Datos,jobrapido,2026-09-10T05:12:34.216648,,,,
2351322432943423488,Ingeniero Agrónomo,EstudioIA: INNOVACION Y ARMONIA EN VÍNCULOS LABORALES,Rosario,,,https://open.app.jobrapido.com/ar/2351322432943423488/?w=ingeniero%20datos&l=&oc=sponsored&k=web.1.5.8&uuid=arF001a08a97188f18a0&page_item_id=-741749205,Ingeniero de Datos,jobrapido,2026-09-10T05:12:34.217150,,,,
2054451106578169856,Ingeniero/a en Sistemas,Adecoagro,Mercedes,,,https://open.app.jobrapido.com/ar/2054451106578169856/?w=ingeniero%20datos&l=&oc=sponsored&k=web.1.5.9&uuid=arF001a08a97188f18a0&page_item_id=-1553341657,Ingeniero de Datos,jobrapido,2026-09-10T05:12:34.217640,,,,
4957214520335400960,Software Engineer,Foundation AI,Capital Federal,,,https://open.app.jobrapido.com/ar/4957214520335400960/?w=ingeniero%20datos&l=&oc=sponsored&k=web.1.5.10&uuid=arF001a08a97188f18a0&page_item_id=1992004328,Ingeniero de Datos,jobrapido,2026-09-10T05:12:34.218136,,,,
3502425809174396928,Ingeniero/a Confiabilidad - Cel NA,Arauco,Remoto,,,https://open.app.jobrapido.com/ar/3502425809174396928/?w=ingeniero%20datos&l=&oc=sponsored&k=web.1.5.11&uuid=arF001a08a97188f18a0&page_item_id=1763536574,Ingeniero de Datos,jobrapido,2026-09-10T05:12:34.218627,,,,
6214211346041405440,Consultor / Consultora Oracle DBA,Oracle,Capital Federal,,,https://open.app.jobrapido.com/ar/6214211346041405440/?w=ingeniero%20datos&l=&oc=sponsored&k=web.1.5.13&uuid=arF001a08a97188f18a0&page_item_id=-870568561,Ingeniero de Datos,jobrapido,2026-09-10T05:12:34.219267,,,,
2364923855635480576,Ingeniero de campo JR (Bariloche),Experis Argentina,Capital Federal (Retiro),,,https://open.app.jobrapido.com/ar/2364923855635480576/?w=ingeniero%20datos&l=&oc=sponsored&k=web.1.5.14&uuid=arF001a08a97188f18a0&page_item_id=-1773271618,Ingeniero de Datos,jobrapido,2026-09-10T05:12:34.219760,,,,
