job_id,titulo,empresa,ubicacion,descripcion,fecha_pub,url,keyword,fuente,fecha_scrap,nivel,tipo_empleo,modalidad,salario
2316703811126689792,Anuncios Google,PwC,Vicente López,,,https://open.app.jobrapido.com/ar/2316703811126689792/?w=data%20scientist&l=&oc=sponsored&k=web.1.1.0&uuid=arF001a0a3e8dc45353b&page_item_id=-2117200051,Data Scientist,jobrapido,2026-09-15T03:12:22.937035,,,,
3574542914279178240,Senior Data Scientist - Actuarial Tech,PwC,Vicente López,,,https://open.app.jobrapido.com/ar/3574542914279178240/?w=data%20scientist&l=&oc=sponsored&k=web.1.1.1&uuid=arF001a0a3e8dc45353b&page_item_id=559534759,Data Scientist,jobrapido,2026-09-15T03:12:22.937677,,,,
8883203031361912832,Data Scientist,SCALEUP,Capital Federal,,,https://open.app.jobrapido.com/ar/8883203031361912832/?w=data%20scientist&l=&oc=sponsored&k=web.1.1.2&uuid=arF001a0a3e8dc45353b&page_item_id=-68900945,Data Scientist,jobrapido,2026-09-15T03:12:22.938238,,,,
5723614806825500672,Data Scientist,Scale Up Recruiting Partners,Capital Federal,,,https://open.app.jobrapido.com/ar/5723614806825500672/?w=data%20scientist&l=&oc=sponsored&k=web.1.1.3&uuid=arF001a0a3e8dc45353b&page_item_id=1981717477,Data Scientist,jobrapido,2026-09-15T03:12:22.938795,,,,
944085727077990400,Data Scientist,AccelOne,Capital Federal,,,https://open.app.jobrapido.com/ar/944085727077990400/?w=data%20scientist&l=&oc=sponsored&k=web.1.1.4&uuid=arF001a0a3e8dc45353b&page_item_id=781725834,Data Scientist,jobrapido,2026-09-15T03:12:22.939342,,,,
1248778334918148096,Data Scientist,Grupo Petersen,Capital Federal,,,https://open.app.jobrapido.com/ar/1248778334918148096/?w=data%20scientist&l=&oc=sponsored&k=web.1.1.5&uuid=arF001a0a3e8dc45353b&page_item_id=1293442974,Data Scientist,jobrapido,2026-09-15T03:12:22.939937,,,,
1021098820022304768,Data Scientist - Tech Lead,Promtior,Capital Federal,,,https://open.app.jobrapido.com/ar/1021098820022304768/?w=data%20scientist&l=&oc=sponsored&k=web.1.1.6&uuid=arF001a0a3e8dc45353b&page_item_id=-235246022,Data Scientist,jobrapido,2026-09-15T03:12:22.940495,,,,
940628862520262656,Data Scientist – Senior Associate,PwC South Africa,Capital Federal,,,https://open.app.jobrapido.com/ar/940628862520262656/?w=data%20scientist&l=&oc=sponsored&k=web.1.1.7&uuid=arF001a0a3e8dc45353b&page_item_id=-272100509,Data Scientist,jobrapido,2026-09-15T03:12:22.941088,,,,
6829997832519286784,Product Data Scientist,Marathon Talent,Capital Federal,,,https://open.app.jobrapido.com/ar/6829997832519286784/?w=data%20scientist&l=&oc=sponsored&k=web.1.1.8&uuid=arF001a0a3e8dc45353b&page_item_id=-1444902434,Data Scientist,jobrapido,2026-09-15T03:12:22.941640,,,,
1705538898437865472,Senior Data Scientist – MMM ID71005,"AgileEngine, LLC.",Capital Federal,,,https://open.app.jobrapido.com/ar/1705538898437865472/?w=data%20scientist&l=&oc=sponsored&k=web.1.1.9&uuid=arF001a0a3e8dc45353b&page_item_id=2066100835,Data Scientist,jobrapido,2026-09-15T03:12:22.942202,,,,
3600888999587086336,Data Scientist AWS - SR,Coderio,Capital Federal,,,https://open.app.jobrapido.com/ar/3600888999587086336/?w=data%20scientist&l=&oc=sponsored&k=web.1.1.10&uuid=arF001a0a3e8dc45353b&page_item_id=529004984,Data Scientist,jobrapido,2026-09-15T03:12:22.942750,,,,
5410107448625201152,Data Scientist Sr,FYG | For Your Growth,Capital Federal,,,https://open.app.jobrapido.com/ar/5410107448625201152/?w=data%20scientist&l=&oc=sponsored&k=web.1.1.11&uuid=arF001a0a3e8dc45353b&page_item_id=1334179464,Data Scientist,jobrapido,2026-09-15T03:12:22.943237,,,,
4400458906187333632,SR Data Scientist,Aper,Capital Federal,,,https://open.app.jobrapido.com/ar/4400458906187333632/?w=data%20scientist&l=&oc=sponsored&k=web.1.1.12&uuid=arF001a0a3e8dc45353b&page_item_id=1982500036,Data Scientist,jobrapido,2026-09-15T03:12:22.943716,,,,
4913435695348973568,"Manager, Clinical Data Scientist, Clinical Data Sciences","Pfizer, S.A. de C.V",Capital Federal,,,https://open.app.jobrapido.com/ar/4913435695348973568/?w=data%20scientist&l=&oc=sponsored&k=web.1.1.13&uuid=arF001a0a3e8dc45353b&page_item_id=1108323788,Data Scientist,jobrapido,2026-09-15T03:12:22.944210,,,,
4888434158143012864,Data Scientist - Senior Associate,PwC South Africa,Capital Federal,,,https://open.app.jobrapido.com/ar/4888434158143012864/?w=data%20scientist&l=&oc=sponsored&k=web.1.1.14&uuid=arF001a0a3e8dc45353b&page_item_id=933688506,Data Scientist,jobrapido,2026-09-15T03:12:22.944695,,,,
1349482398747721728,Remote Data Scientist — GenAI & Open-Source Tools,SCALEUP,Capital Federal,,,https://open.app.jobrapido.com/ar/1349482398747721728/?w=data%20scientist&l=&oc=sponsored&k=web.1.2.0&uuid=arF001a0a3ea57b93744&page_item_id=206957245,Data Scientist,jobrapido,2026-09-15T03:14:00.340274,,,,
6282566523651358720,"Senior Data Scientist, Innovation & Tech Delivery",PwC South Africa,Capital Federal,,,https://open.app.jobrapido.com/ar/6282566523651358720/?w=data%20scientist&l=&oc=sponsored&k=web.1.2.1&uuid=arF001a0a3ea57b93744&page_item_id=-166166410,Data Scientist,jobrapido,2026-09-15T03:14:00.340846,,,,
7977488024562827264,"Data Scientist — Python, AI & Big Data (Remoto)",MindIT HR Agency,Capital Federal,,,https://open.app.jobrapido.com/ar/7977488024562827264/?w=data%20scientist&l=&oc=sponsored&k=web.1.2.2&uuid=arF001a0a3ea57b93744&page_item_id=-1532761759,Data Scientist,jobrapido,2026-09-15T03:14:00.341342,,,,
1402334428046295040,Clinical Data Scientist & Trial Lead | Data Management & RBM,"Pfizer, S.A. de C.V",Capital Federal,,,https://open.app.jobrapido.com/ar/1402334428046295040/?w=data%20scientist&l=&oc=sponsored&k=web.1.2.3&uuid=arF001a0a3ea57b93744&page_item_id=844511987,Data Scientist,jobrapido,2026-09-15T03:14:00.341845,,,,
5369469052186001408,"Senior Data Scientist New Buenos Aires, Argentina",Xometry,Capital Federal,,,https://open.app.jobrapido.com/ar/5369469052186001408/?w=data%20scientist&l=&oc=sponsored&k=web.1.2.4&uuid=arF001a0a3ea57b93744&page_item_id=-341101190,Data Scientist,jobrapido,2026-09-15T03:14:00.342334,,,,
3347243899126022144,Senior Data Scientist - MMM ID71005,"AgileEngine, LLC.",Capital Federal,,,https://open.app.jobrapido.com/ar/3347243899126022144/?w=data%20scientist&l=&oc=sponsored&k=web.1.2.5&uuid=arF001a0a3ea57b93744&page_item_id=1777895744,Data Scientist,jobrapido,2026-09-15T03:14:00.342873,,,,
768908785761648640,"Data Scientist, Applied AI - Remote",Azumo,Capital Federal,,,https://open.app.jobrapido.com/ar/768908785761648640/?w=data%20scientist&l=&oc=sponsored&k=web.1.2.6&uuid=arF001a0a3ea57b93744&page_item_id=790465794,Data Scientist,jobrapido,2026-09-15T03:14:00.343364,,,,
1375720388318724096,Senior Data Scientist — 1-Year Contract (Pricing & Modeling),Xometry,Capital Federal,,,https://open.app.jobrapido.com/ar/1375720388318724096/?w=data%20scientist&l=&oc=sponsored&k=web.1.2.7&uuid=arF001a0a3ea57b93744&page_item_id=1082789327,Data Scientist,jobrapido,2026-09-15T03:14:00.343861,,,,
8913960632198365184,Bayesian ML Data Scientist - Remote & Flexible,Software Mind Americas,Capital Federal,,,https://open.app.jobrapido.com/ar/8913960632198365184/?w=data%20scientist&l=&oc=sponsored&k=web.1.2.8&uuid=arF001a0a3ea57b93744&page_item_id=128031232,Data Scientist,jobrapido,2026-09-15T03:14:00.344346,,,,
1484893165583335424,Data Scientist SSR/SR - ID #00267,Werben HR,Capital Federal,,,https://open.app.jobrapido.com/ar/1484893165583335424/?w=data%20scientist&l=&oc=sponsored&k=web.1.2.9&uuid=arF001a0a3ea57b93744&page_item_id=190364664,Data Scientist,jobrapido,2026-09-15T03:14:00.344838,,,,
8268904991570264064,Data Scientist IA Generativa y RAG - Diseña Soluciones IA,Grupo Petersen,Capital Federal,,,https://open.app.jobrapido.com/ar/8268904991570264064/?w=data%20scientist&l=&oc=sponsored&k=web.1.2.10&uuid=arF001a0a3ea57b93744&page_item_id=2011957156,Data Scientist,jobrapido,2026-09-15T03:14:00.345323,,,,
2126655665807032320,Senior Data Scientist - Hybrid ML & LLMs for E-commerce,Aper,Capital Federal,,,https://open.app.jobrapido.com/ar/2126655665807032320/?w=data%20scientist&l=&oc=sponsored&k=web.1.2.11&uuid=arF001a0a3ea57b93744&page_item_id=1727986313,Data Scientist,jobrapido,2026-09-15T03:14:00.345823,,,,
938055008878854144,Lead Data Scientist (AWS) – Advanced English – 100% Remote LATAM - Argentina,SAPINDEX,Capital Federal,,,https://open.app.jobrapido.com/ar/938055008878854144/?w=data%20scientist&l=&oc=sponsored&k=web.1.2.12&uuid=arF001a0a3ea57b93744&page_item_id=-1794209137,Data Scientist,jobrapido,2026-09-15T03:14:00.346313,,,,
7255971400446377984,Data Scientist (SR) – Python / ML / GCP (Híbrido) · Inglés avanzado requerido,Talent Connect,Capital Federal,,,https://open.app.jobrapido.com/ar/7255971400446377984/?w=data%20scientist&l=&oc=sponsored&k=web.1.2.13&uuid=arF001a0a3ea57b93744&page_item_id=1996489335,Data Scientist,jobrapido,2026-09-15T03:14:00.346810,,,,
2892315980971638784,Data Scientist (SSR) – Python / LLMs / Hugging Face (Híbrido),Talent Connect,Capital Federal,,,https://open.app.jobrapido.com/ar/2892315980971638784/?w=data%20scientist&l=&oc=sponsored&k=web.1.2.14&uuid=arF001a0a3ea57b93744&page_item_id=273143578,Data Scientist,jobrapido,2026-09-15T03:14:00.347295,,,,
4940919345694900224,Lead Data Scientist & Tech Lead — Hybrid,Promtior,Capital Federal,,,https://open.app.jobrapido.com/ar/4940919345694900224/?w=data%20scientist&l=&oc=sponsored&k=web.1.2.15&uuid=arF001a0a3ea57b93744&page_item_id=-1391303499,Data Scientist,jobrapido,2026-09-15T03:14:00.347802,,,,
6513029658391347200,Data Scientist Analyst,"World Business Lenders, LLC",Capital Federal,,,https://open.app.jobrapido.com/ar/6513029658391347200/?w=data%20scientist&l=&oc=sponsored&k=web.1.2.16&uuid=arF001a0a3ea57b93744&page_item_id=260993857,Data Scientist,jobrapido,2026-09-15T03:14:00.348285,,,,
3337754168885510144,"Remote Staff Applied Scientist, AdTech & ROAS Impact",Launch2,Capital Federal,,,https://open.app.jobrapido.com/ar/3337754168885510144/?w=data%20scientist&l=&oc=sponsored&k=web.1.2.17&uuid=arF001a0a3ea57b93744&page_item_id=-1786157463,Data Scientist,jobrapido,2026-09-15T03:14:00.348801,,,,
660874363809038336,Data Science Mentor & Live Instructor – Remote,TripleTen,Capital Federal,,,https://open.app.jobrapido.com/ar/660874363809038336/?w=data%20scientist&l=&oc=sponsored&k=web.1.2.18&uuid=arF001a0a3ea57b93744&page_item_id=-1556611800,Data Scientist,jobrapido,2026-09-15T03:14:00.349291,,,,
6581636984941314048,Clinical Scientist,Worldwide Clinical Trials,Capital Federal,,,https://open.app.jobrapido.com/ar/6581636984941314048/?w=data%20scientist&l=&oc=sponsored&k=web.1.2.19&uuid=arF001a0a3ea57b93744&page_item_id=1774129125,Data Scientist,jobrapido,2026-09-15T03:14:00.349784,,,,
7436373238197780480,Software Engineer,JPMorganChase,Capital Federal,,,https://open.app.jobrapido.com/ar/7436373238197780480/?w=data%20scientist&l=&oc=sponsored&k=web.1.3.1&uuid=arF001a0a3ec54d63b6e&page_item_id=-1865689085,Data Scientist,jobrapido,2026-09-15T03:16:10.465410,,,,
3654846725266341888,SR Marketing Operations IRC301285,GlobalLogic,Capital Federal,,,https://open.app.jobrapido.com/ar/3654846725266341888/?w=data%20scientist&l=&oc=sponsored&k=web.1.3.2&uuid=arF001a0a3ec54d63b6e&page_item_id=1034408479,Data Scientist,jobrapido,2026-09-15T03:16:10.466236,,,,
8453928746708107264,Data Science (Python IA),MindIT HR Agency,Capital Federal,,,https://open.app.jobrapido.com/ar/8453928746708107264/?w=data%20scientist&l=&oc=sponsored&k=web.1.3.3&uuid=arF001a0a3ec54d63b6e&page_item_id=1059005716,Data Scientist,jobrapido,2026-09-15T03:16:10.467006,,,,
5571792729433702400,Machine Learning Specialist,Pacifica Continental,Capital Federal,,,https://open.app.jobrapido.com/ar/5571792729433702400/?w=data%20scientist&l=&oc=sponsored&k=web.1.3.4&uuid=arF001a0a3ec54d63b6e&page_item_id=1246389519,Data Scientist,jobrapido,2026-09-15T03:16:10.467756,,,,
4707880055211032576,Data Science Teaching Experts,TripleTen,Capital Federal,,,https://open.app.jobrapido.com/ar/4707880055211032576/?w=data%20scientist&l=&oc=sponsored&k=web.1.3.5&uuid=arF001a0a3ec54d63b6e&page_item_id=2044277417,Data Scientist,jobrapido,2026-09-15T03:16:10.468489,,,,
5969211310372552704,AI Engineer – Azure AI Foundry / LangGraph / RAG (Híbrido),Talent Connect,Capital Federal,,,https://open.app.jobrapido.com/ar/5969211310372552704/?w=data%20scientist&l=&oc=sponsored&k=web.1.3.6&uuid=arF001a0a3ec54d63b6e&page_item_id=1067522748,Data Scientist,jobrapido,2026-09-15T03:16:10.469253,,,,
1813470138096156672,Senior Data Scientist,SecurityScorecard,Capital Federal,,,https://open.app.jobrapido.com/ar/1813470138096156672/?w=data%20scientist&l=&oc=sponsored&k=web.1.3.7&uuid=arF001a0a3ec54d63b6e&page_item_id=581288268,Data Scientist,jobrapido,2026-09-15T03:16:10.469998,,,,
6352772248050335744,Senior Data Scientist ID71658,AgileEngine,Capital Federal,,,https://open.app.jobrapido.com/ar/6352772248050335744/?w=data%20scientist&l=&oc=sponsored&k=web.1.3.8&uuid=arF001a0a3ec54d63b6e&page_item_id=1319469177,Data Scientist,jobrapido,2026-09-15T03:16:10.470737,,,,
4640174826412048384,Senior Data Scientist ID80052,AgileEngine,Capital Federal,,,https://open.app.jobrapido.com/ar/4640174826412048384/?w=data%20scientist&l=&oc=sponsored&k=web.1.3.9&uuid=arF001a0a3ec54d63b6e&page_item_id=-424838187,Data Scientist,jobrapido,2026-09-15T03:16:10.471504,,,,
1830369837973504000,Senior Data Scientist – MMM ID71005,AgileEngine,Capital Federal,,,https://open.app.jobrapido.com/ar/1830369837973504000/?w=data%20scientist&l=&oc=sponsored&k=web.1.3.10&uuid=arF001a0a3ec54d63b6e&page_item_id=-1923217912,Data Scientist,jobrapido,2026-09-15T03:16:10.472244,,,,
8026162974827741184,Senior Data Scientist (MMM) ID71005,AgileEngine,Capital Federal,,,https://open.app.jobrapido.com/ar/8026162974827741184/?w=data%20scientist&l=&oc=sponsored&k=web.1.3.11&uuid=arF001a0a3ec54d63b6e&page_item_id=1574303125,Data Scientist,jobrapido,2026-09-15T03:16:10.473003,,,,
8040279209479766016,"Lead Fraud Data Scientist - Remote, Stock Options, PTO",Félix,Capital Federal,,,https://open.app.jobrapido.com/ar/8040279209479766016/?w=data%20scientist&l=&oc=sponsored&k=web.1.3.12&uuid=arF001a0a3ec54d63b6e&page_item_id=-1071710002,Data Scientist,jobrapido,2026-09-15T03:16:10.473756,,,,
1788073189021057024,Lead Fraud Data Scientist,Félix,Capital Federal,,,https://open.app.jobrapido.com/ar/1788073189021057024/?w=data%20scientist&l=&oc=sponsored&k=web.1.3.13&uuid=arF001a0a3ec54d63b6e&page_item_id=-283088706,Data Scientist,jobrapido,2026-09-15T03:16:10.474485,,,,
5775143969017036800,"Staff Applied Scientist, AdTech & ROAS Optimization",Socket.dev,Capital Federal,,,https://open.app.jobrapido.com/ar/5775143969017036800/?w=data%20scientist&l=&oc=sponsored&k=web.1.3.14&uuid=arF001a0a3ec54d63b6e&page_item_id=-204645809,Data Scientist,jobrapido,2026-09-15T03:16:10.475242,,,,
4626862403479404544,"Senior Applied Scientist, ROAS & AdTech",Socket.dev,Capital Federal,,,https://open.app.jobrapido.com/ar/4626862403479404544/?w=data%20scientist&l=&oc=sponsored&k=web.1.3.15&uuid=arF001a0a3ec54d63b6e&page_item_id=-1962353077,Data Scientist,jobrapido,2026-09-15T03:16:10.476045,,,,
676655499583684608,Data Scientist,Scale Up Recruiting Partners,Rosario,,,https://open.app.jobrapido.com/ar/676655499583684608/?w=data%20scientist&l=&oc=sponsored&k=web.1.3.16&uuid=arF001a0a3ec54d63b6e&page_item_id=-676462091,Data Scientist,jobrapido,2026-09-15T03:16:10.476824,,,,
1779930480783654912,Data Scientist,Scale Up Recruiting Partners,Río Negro,,,https://open.app.jobrapido.com/ar/1779930480783654912/?w=data%20scientist&l=&oc=sponsored&k=web.1.3.17&uuid=arF001a0a3ec54d63b6e&page_item_id=-51827923,Data Scientist,jobrapido,2026-09-15T03:16:10.477580,,,,
2942462767136768,Data Scientist,ID90 Travel,Córdoba Capital,,,https://open.app.jobrapido.com/ar/2942462767136768/?w=data%20scientist&l=&oc=sponsored&k=web.1.3.18&uuid=arF001a0a3ec54d63b6e&page_item_id=-45221048,Data Scientist,jobrapido,2026-09-15T03:16:10.478604,,,,
5439588688260497408,Data Scientist,ID90 Travel,Córdoba,,,https://open.app.jobrapido.com/ar/5439588688260497408/?w=data%20scientist&l=&oc=sponsored&k=web.1.3.19&uuid=arF001a0a3ec54d63b6e&page_item_id=-574952264,Data Scientist,jobrapido,2026-09-15T03:16:10.479361,,,,
8585239743921389568,Anuncios Google,PROENERGY,Pilar,,,https://open.app.jobrapido.com/ar/8585239743921389568/?w=data%20analyst&l=&oc=sponsored&k=web.1.1.0&uuid=arF001a0a3ee58a73ffc&page_item_id=-546966598,Data Analyst,jobrapido,2026-09-15T03:18:22.487892,,,,
7576767318147989504,Sr. Data Analyst,PwC,Vicente López,,,https://open.app.jobrapido.com/ar/7576767318147989504/?w=data%20analyst&l=&oc=sponsored&k=web.1.1.1&uuid=arF001a0a3ee58a73ffc&page_item_id=9101473,Data Analyst,jobrapido,2026-09-15T03:18:22.488481,,,,
8219227355420295168,Senior Data Analyst - Enterprise Risk & Insights,PwC,Vicente López,,,https://open.app.jobrapido.com/ar/8219227355420295168/?w=data%20analyst&l=&oc=sponsored&k=web.1.1.2&uuid=arF001a0a3ee58a73ffc&page_item_id=1786256671,Data Analyst,jobrapido,2026-09-15T03:18:22.488991,,,,
1781376063696273408,Benefits Senior Analyst: Global Programs & HRIS,Air Liquide,Vicente López,,,https://open.app.jobrapido.com/ar/1781376063696273408/?w=data%20analyst&l=&oc=sponsored&k=web.1.1.3&uuid=arF001a0a3ee58a73ffc&page_item_id=-1105391352,Data Analyst,jobrapido,2026-09-15T03:18:22.489490,,,,
4818892177989959680,Senior Billing & Financial Planning Analyst,PwC South Africa,Vicente López,,,https://open.app.jobrapido.com/ar/4818892177989959680/?w=data%20analyst&l=&oc=sponsored&k=web.1.1.4&uuid=arF001a0a3ee58a73ffc&page_item_id=-792356397,Data Analyst,jobrapido,2026-09-15T03:18:22.489991,,,,
7779752197020975104,Billing & Collections Senior Analyst - US Client (Olivos/Barracas),PwC South Africa,Vicente López,,,https://open.app.jobrapido.com/ar/7779752197020975104/?w=data%20analyst&l=&oc=sponsored&k=web.1.1.5&uuid=arF001a0a3ee58a73ffc&page_item_id=1665889885,Data Analyst,jobrapido,2026-09-15T03:18:22.490485,,,,
4949664328606285824,Benefits Senior Analyst — Enrollments & Compliance (Colombia/Mexico),Air Liquide,Vicente López,,,https://open.app.jobrapido.com/ar/4949664328606285824/?w=data%20analyst&l=&oc=sponsored&k=web.1.1.6&uuid=arF001a0a3ee58a73ffc&page_item_id=-1045236937,Data Analyst,jobrapido,2026-09-15T03:18:22.490993,,,,
1365118553606324224,Strategic Data & Projects Analyst,Contactica,Capital Federal,,,https://open.app.jobrapido.com/ar/1365118553606324224/?w=data%20analyst&l=&oc=sponsored&k=web.1.1.7&uuid=arF001a0a3ee58a73ffc&page_item_id=1152484326,Data Analyst,jobrapido,2026-09-15T03:18:22.491485,,,,
378997360979607552,Strategic Data & Projects Analyst,Contáctica,Capital Federal,,,https://open.app.jobrapido.com/ar/378997360979607552/?w=data%20analyst&l=&oc=sponsored&k=web.1.1.8&uuid=arF001a0a3ee58a73ffc&page_item_id=606814275,Data Analyst,jobrapido,2026-09-15T03:18:22.491986,,,,
6277780091837612032,Infrastructure Data & Analytics Analyst,JPMorganChase,Capital Federal,,,https://open.app.jobrapido.com/ar/6277780091837612032/?w=data%20analyst&l=&oc=sponsored&k=web.1.1.9&uuid=arF001a0a3ee58a73ffc&page_item_id=-1000653257,Data Analyst,jobrapido,2026-09-15T03:18:22.492478,,,,
2121406494216814592,Data Analyst,Fusemachines,Capital Federal,,,https://open.app.jobrapido.com/ar/2121406494216814592/?w=data%20analyst&l=&oc=sponsored&k=web.1.1.10&uuid=arF001a0a3ee58a73ffc&page_item_id=-463762736,Data Analyst,jobrapido,2026-09-15T03:18:22.492976,,,,
877989410207956992,Data Analyst/ Analytics Engineer,Software Mind,Capital Federal,,,https://open.app.jobrapido.com/ar/877989410207956992/?w=data%20analyst&l=&oc=sponsored&k=web.1.1.11&uuid=arF001a0a3ee58a73ffc&page_item_id=-1787889850,Data Analyst,jobrapido,2026-09-15T03:18:22.493464,,,,
6870944470171385856,"Data Analyst, Operations",Brainlabs,Capital Federal,,,https://open.app.jobrapido.com/ar/6870944470171385856/?w=data%20analyst&l=&oc=sponsored&k=web.1.1.12&uuid=arF001a0a3ee58a73ffc&page_item_id=-2121470612,Data Analyst,jobrapido,2026-09-15T03:18:22.493964,,,,
6090159427673915392,Campaign Data Analyst,Blend,Capital Federal,,,https://open.app.jobrapido.com/ar/6090159427673915392/?w=data%20analyst&l=&oc=sponsored&k=web.1.1.13&uuid=arF001a0a3ee58a73ffc&page_item_id=1445004952,Data Analyst,jobrapido,2026-09-15T03:18:22.494452,,,,
7782323404962529280,"Business, Data & Projects Analyst",Contactica,Capital Federal,,,https://open.app.jobrapido.com/ar/7782323404962529280/?w=data%20analyst&l=&oc=sponsored&k=web.1.1.14&uuid=arF001a0a3ee58a73ffc&page_item_id=506508517,Data Analyst,jobrapido,2026-09-15T03:18:22.494948,,,,
2554983253769453568,Cyber Resilience Data Analyst (Hybrid),Syneos Health,Capital Federal,,,https://open.app.jobrapido.com/ar/2554983253769453568/?w=data%20analyst&l=&oc=sponsored&k=web.1.2.0&uuid=arF001a0a3efd87143c4&page_item_id=-1087831529,Data Analyst,jobrapido,2026-09-15T03:20:01.053791,,,,
6117506944736428032,"Data Analyst II, Targeting & Alignment",Syneos Health Commercial Solutions,Capital Federal,,,https://open.app.jobrapido.com/ar/6117506944736428032/?w=data%20analyst&l=&oc=sponsored&k=web.1.2.1&uuid=arF001a0a3efd87143c4&page_item_id=1644666596,Data Analyst,jobrapido,2026-09-15T03:20:01.054406,,,,
3429796486269894656,"Aquiva, Argentina - Salesforce Data Analyst","Aquiva Labs, Inc.",Capital Federal,,,https://open.app.jobrapido.com/ar/3429796486269894656/?w=data%20analyst&l=&oc=sponsored&k=web.1.2.2&uuid=arF001a0a3efd87143c4&page_item_id=-1474751950,Data Analyst,jobrapido,2026-09-15T03:20:01.055006,,,,
1155337936959438848,Data and Reporting Analyst Jr,Minders,Capital Federal,,,https://open.app.jobrapido.com/ar/1155337936959438848/?w=data%20analyst&l=&oc=sponsored&k=web.1.2.3&uuid=arF001a0a3efd87143c4&page_item_id=-1764011934,Data Analyst,jobrapido,2026-09-15T03:20:01.055525,,,,
7135166185296887808,Trading Insights Data Analyst,Chevron,Capital Federal,,,https://open.app.jobrapido.com/ar/7135166185296887808/?w=data%20analyst&l=&oc=sponsored&k=web.1.2.4&uuid=arF001a0a3efd87143c4&page_item_id=-599702211,Data Analyst,jobrapido,2026-09-15T03:20:01.056058,,,,
7602978764821102592,Hybrid Data Analyst: AI-Driven Insights & Quality,"AppDirect, Inc",Capital Federal,,,https://open.app.jobrapido.com/ar/7602978764821102592/?w=data%20analyst&l=&oc=sponsored&k=web.1.2.5&uuid=arF001a0a3efd87143c4&page_item_id=1117949370,Data Analyst,jobrapido,2026-09-15T03:20:01.056558,,,,
7176158177803632640,Senior Data Analyst,Chevron,Capital Federal,,,https://open.app.jobrapido.com/ar/7176158177803632640/?w=data%20analyst&l=&oc=sponsored&k=web.1.2.6&uuid=arF001a0a3efd87143c4&page_item_id=1298786906,Data Analyst,jobrapido,2026-09-15T03:20:01.057065,,,,
3180279914532175872,"Campaign Data Analyst: SQL, ETL & Validation",Blend,Capital Federal,,,https://open.app.jobrapido.com/ar/3180279914532175872/?w=data%20analyst&l=&oc=sponsored&k=web.1.2.7&uuid=arF001a0a3efd87143c4&page_item_id=1021152512,Data Analyst,jobrapido,2026-09-15T03:20:01.057546,,,,
2358935777871659008,Data Visualization Analyst,BairesHR,Capital Federal,,,https://open.app.jobrapido.com/ar/2358935777871659008/?w=data%20analyst&l=&oc=sponsored&k=web.1.2.8&uuid=arF001a0a3efd87143c4&page_item_id=-1932897289,Data Analyst,jobrapido,2026-09-15T03:20:01.058082,,,,
3944185769916104704,Data Quality Assurance Analyst,Assurant,Capital Federal,,,https://open.app.jobrapido.com/ar/3944185769916104704/?w=data%20analyst&l=&oc=sponsored&k=web.1.2.9&uuid=arF001a0a3efd87143c4&page_item_id=927458315,Data Analyst,jobrapido,2026-09-15T03:20:01.058603,,,,
6177466337456029696,Senior Performance Data Analyst,Betwarrior,Capital Federal,,,https://open.app.jobrapido.com/ar/6177466337456029696/?w=data%20analyst&l=&oc=sponsored&k=web.1.2.10&uuid=arF001a0a3efd87143c4&page_item_id=-975424837,Data Analyst,jobrapido,2026-09-15T03:20:01.059091,,,,
8753527884112461824,Data Analyst Ssr,GMA Consultores,Capital Federal,,,https://open.app.jobrapido.com/ar/8753527884112461824/?w=data%20analyst&l=&oc=sponsored&k=web.1.2.11&uuid=arF001a0a3efd87143c4&page_item_id=1771268900,Data Analyst,jobrapido,2026-09-15T03:20:01.059566,,,,
6377084683523457024,Senior Data & Reporting Analyst,GMA Consultores,Capital Federal,,,https://open.app.jobrapido.com/ar/6377084683523457024/?w=data%20analyst&l=&oc=sponsored&k=web.1.2.12&uuid=arF001a0a3efd87143c4&page_item_id=-1401961059,Data Analyst,jobrapido,2026-09-15T03:20:01.060046,,,,
7571120647334526976,FP&A Data Analyst,ELEVVA,Capital Federal,,,https://open.app.jobrapido.com/ar/7571120647334526976/?w=data%20analyst&l=&oc=sponsored&k=web.1.2.13&uuid=arF001a0a3efd87143c4&page_item_id=433452631,Data Analyst,jobrapido,2026-09-15T03:20:01.060529,,,,
8660610888048312320,BI Analyst & Data Visualization,BairesHR,Capital Federal,,,https://open.app.jobrapido.com/ar/8660610888048312320/?w=data%20analyst&l=&oc=sponsored&k=web.1.2.14&uuid=arF001a0a3efd87143c4&page_item_id=-299443447,Data Analyst,jobrapido,2026-09-15T03:20:01.061013,,,,
4161313666857172992,Junior Data Analyst,Halaxia,Capital Federal,,,https://open.app.jobrapido.com/ar/4161313666857172992/?w=data%20analyst&l=&oc=sponsored&k=web.1.2.15&uuid=arF001a0a3efd87143c4&page_item_id=-1496295113,Data Analyst,jobrapido,2026-09-15T03:20:01.061488,,,,
2860141418884628480,Data & Analytics Analyst - Financial Institutions Advisory,"Berkeley Research Group, LLC",Capital Federal,,,https://open.app.jobrapido.com/ar/2860141418884628480/?w=data%20analyst&l=&oc=sponsored&k=web.1.2.16&uuid=arF001a0a3efd87143c4&page_item_id=431461046,Data Analyst,jobrapido,2026-09-15T03:20:01.061973,,,,
7268379303266484224,Senior Operations Analyst — Data & Optimization,Didi-Global-,Capital Federal,,,https://open.app.jobrapido.com/ar/7268379303266484224/?w=data%20analyst&l=&oc=sponsored&k=web.1.2.17&uuid=arF001a0a3efd87143c4&page_item_id=-1802722973,Data Analyst,jobrapido,2026-09-15T03:20:01.062458,,,,
841807437475348480,Data Analyst | AI-Driven Insights for Global Subscriptions,AppDirect,Capital Federal,,,https://open.app.jobrapido.com/ar/841807437475348480/?w=data%20analyst&l=&oc=sponsored&k=web.1.2.18&uuid=arF001a0a3efd87143c4&page_item_id=821090728,Data Analyst,jobrapido,2026-09-15T03:20:01.062944,,,,
2350623624584495104,HubSpot Data & Reporting Analyst Jr - Part-Time (Hybrid),Minders,Capital Federal,,,https://open.app.jobrapido.com/ar/2350623624584495104/?w=data%20analyst&l=&oc=sponsored&k=web.1.2.19&uuid=arF001a0a3efd87143c4&page_item_id=638006289,Data Analyst,jobrapido,2026-09-15T03:20:01.063424,,,,
7793074601457614848,"Aquiva, Argentina - Salesforce Data Analyst",Aquiva and Hapi,Capital Federal,,,https://open.app.jobrapido.com/ar/7793074601457614848/?w=data%20analyst&l=&oc=sponsored&k=web.1.3.10&uuid=arF001a0a3f1abb447cd&page_item_id=-1696961850,Data Analyst,jobrapido,2026-09-15T03:22:00.399851,,,,
6622671858401542144,ARG SSR Data Oversight Analyst,Banco Santander SA,Capital Federal,,,https://open.app.jobrapido.com/ar/6622671858401542144/?w=data%20analyst&l=&oc=sponsored&k=web.1.3.11&uuid=arF001a0a3f1abb447cd&page_item_id=2016638662,Data Analyst,jobrapido,2026-09-15T03:22:00.400361,,,,
637417743519318016,Data Analyst SR – (IB- 5782313),Itps,Capital Federal,,,https://open.app.jobrapido.com/ar/637417743519318016/?w=data%20analyst&l=&oc=sponsored&k=web.1.3.12&uuid=arF001a0a3f1abb447cd&page_item_id=-1975464938,Data Analyst,jobrapido,2026-09-15T03:22:00.400864,,,,
8230368895723110400,Senior Performance Data Analyst: Growth & Automation,Betwarrior,Capital Federal,,,https://open.app.jobrapido.com/ar/8230368895723110400/?w=data%20analyst&l=&oc=sponsored&k=web.1.3.13&uuid=arF001a0a3f1abb447cd&page_item_id=22430626,Data Analyst,jobrapido,2026-09-15T03:22:00.401358,,,,
272952367878504448,Senior Data Analyst: BI & Automation Architect,GMA Consultores,Capital Federal,,,https://open.app.jobrapido.com/ar/272952367878504448/?w=data%20analyst&l=&oc=sponsored&k=web.1.3.14&uuid=arF001a0a3f1abb447cd&page_item_id=1156503468,Data Analyst,jobrapido,2026-09-15T03:22:00.401854,,,,
763432049624219648,Anuncios Google,AppDirect,Capital Federal,,,https://open.app.jobrapido.com/ar/763432049624219648/?w=data%20analyst&l=&oc=sponsored&k=web.1.4.0&uuid=arF001a0a3f22ce6491b&page_item_id=-650527066,Data Analyst,jobrapido,2026-09-15T03:22:33.379478,,,,
605731914350854144,Data Analyst | 100% Remote | LATAM - PH,Prometeo Talent,Capital Federal,,,https://open.app.jobrapido.com/ar/605731914350854144/?w=data%20analyst&l=&oc=sponsored&k=web.1.4.1&uuid=arF001a0a3f22ce6491b&page_item_id=1683604480,Data Analyst,jobrapido,2026-09-15T03:22:33.381572,,,,
8262623138043396096,"Data Business Analyst, Professional Business (KCP)",Kimberly-Clark Corporation,Capital Federal,,,https://open.app.jobrapido.com/ar/8262623138043396096/?w=data%20analyst&l=&oc=sponsored&k=web.1.4.2&uuid=arF001a0a3f22ce6491b&page_item_id=915748549,Data Analyst,jobrapido,2026-09-15T03:22:33.382953,,,,
7309744579970859008,"Analyst, GSS Audit Ops & Data Analytics",Wyndham Hotels & Resorts,Capital Federal,,,https://open.app.jobrapido.com/ar/7309744579970859008/?w=data%20analyst&l=&oc=sponsored&k=web.1.4.3&uuid=arF001a0a3f22ce6491b&page_item_id=191544010,Data Analyst,jobrapido,2026-09-15T03:22:33.384293,,,,
8940372001009172480,Senior Campaign Data and Operations Analyst,Blend360,Capital Federal,,,https://open.app.jobrapido.com/ar/8940372001009172480/?w=data%20analyst&l=&oc=sponsored&k=web.1.4.4&uuid=arF001a0a3f22ce6491b&page_item_id=-1609587695,Data Analyst,jobrapido,2026-09-15T03:22:33.385633,,,,
6580822538882908160,Junior Data Analyst - Hybrid (Olivos) with SQL & Python,Halaxia,Capital Federal,,,https://open.app.jobrapido.com/ar/6580822538882908160/?w=data%20analyst&l=&oc=sponsored&k=web.1.4.5&uuid=arF001a0a3f22ce6491b&page_item_id=-1209406963,Data Analyst,jobrapido,2026-09-15T03:22:33.386802,,,,
6743567559922024448,"Data Analyst – SQL / Python / Power BI (Híbrido, CABA)",Talent Connect,Capital Federal,,,https://open.app.jobrapido.com/ar/6743567559922024448/?w=data%20analyst&l=&oc=sponsored&k=web.1.4.6&uuid=arF001a0a3f22ce6491b&page_item_id=-1376839210,Data Analyst,jobrapido,2026-09-15T03:22:33.387946,,,,
7307332869934809088,Senior Data Analyst/BI Developer,Saltsquare,Capital Federal,,,https://open.app.jobrapido.com/ar/7307332869934809088/?w=data%20analyst&l=&oc=sponsored&k=web.1.4.7&uuid=arF001a0a3f22ce6491b&page_item_id=-1450177561,Data Analyst,jobrapido,2026-09-15T03:22:33.389313,,,,
980986539896995840,Automation Analyst: Data Integrity & Regression Testing,RS2,Capital Federal,,,https://open.app.jobrapido.com/ar/980986539896995840/?w=data%20analyst&l=&oc=sponsored&k=web.1.4.8&uuid=arF001a0a3f22ce6491b&page_item_id=-597505493,Data Analyst,jobrapido,2026-09-15T03:22:33.390595,,,,
8085351627076141056,AI Tax Data Architect & NLP Analyst,"Despegar.com, Inc",Capital Federal,,,https://open.app.jobrapido.com/ar/8085351627076141056/?w=data%20analyst&l=&oc=sponsored&k=web.1.4.9&uuid=arF001a0a3f22ce6491b&page_item_id=-1564580454,Data Analyst,jobrapido,2026-09-15T03:22:33.391196,,,,
5192406517147500544,Data Insights Analyst: Power BI & SQL,Assurant,Capital Federal,,,https://open.app.jobrapido.com/ar/5192406517147500544/?w=data%20analyst&l=&oc=sponsored&k=web.1.4.10&uuid=arF001a0a3f22ce6491b&page_item_id=1267629279,Data Analyst,jobrapido,2026-09-15T03:22:33.391714,,,,
6587873277455106048,BI Analyst: Data Governance & Strategic Insights,Loreal,Capital Federal,,,https://open.app.jobrapido.com/ar/6587873277455106048/?w=data%20analyst&l=&oc=sponsored&k=web.1.4.11&uuid=arF001a0a3f22ce6491b&page_item_id=1031032073,Data Analyst,jobrapido,2026-09-15T03:22:33.393051,,,,
4465485862100008960,"Remote Product Analyst — SaaS, Data-Driven, Impact",Bluelight Consulting LLC,Capital Federal,,,https://open.app.jobrapido.com/ar/4465485862100008960/?w=data%20analyst&l=&oc=sponsored&k=web.1.4.12&uuid=arF001a0a3f22ce6491b&page_item_id=1613783483,Data Analyst,jobrapido,2026-09-15T03:22:33.393586,,,,
7288754353240801280,Data Governance & Risk Analyst,Banco Santander SA,Capital Federal,,,https://open.app.jobrapido.com/ar/7288754353240801280/?w=data%20analyst&l=&oc=sponsored&k=web.1.4.13&uuid=arF001a0a3f22ce6491b&page_item_id=-174871455,Data Analyst,jobrapido,2026-09-15T03:22:33.394110,,,,
8842387665090248704,Compliance Data Analyst,Jobtailor,Capital Federal,,,https://open.app.jobrapido.com/ar/8842387665090248704/?w=data%20analyst&l=&oc=sponsored&k=web.1.4.14&uuid=arF001a0a3f22ce6491b&page_item_id=1706489985,Data Analyst,jobrapido,2026-09-15T03:22:33.394607,,,,
1965674003720830976,Lead Shale Market Analyst — Argentina & LATAM,Rystad Energy,Capital Federal,,,https://open.app.jobrapido.com/ar/1965674003720830976/?w=data%20analyst&l=&oc=sponsored&k=web.1.5.0&uuid=arF001a0a3f3a3974be6&page_item_id=1425429537,Data Analyst,jobrapido,2026-09-15T03:24:09.536599,,,,
8313521833395617792,Billing & Collections Analyst: Finance Strategy & Forecasting,PwC Argentina,Capital Federal,,,https://open.app.jobrapido.com/ar/8313521833395617792/?w=data%20analyst&l=&oc=sponsored&k=web.1.5.1&uuid=arF001a0a3f3a3974be6&page_item_id=-1257292515,Data Analyst,jobrapido,2026-09-15T03:24:09.537171,,,,
3583423669696724992,Junior Business Analytics & Development Analyst – LatAm,Sony Corporation,Capital Federal,,,https://open.app.jobrapido.com/ar/3583423669696724992/?w=data%20analyst&l=&oc=sponsored&k=web.1.5.2&uuid=arF001a0a3f3a3974be6&page_item_id=1560749469,Data Analyst,jobrapido,2026-09-15T03:24:09.537664,,,,
9147586580855128064,Remote RevOps Tech Stack Lead (Salesforce + Gong),Varicent,Capital Federal,,,https://open.app.jobrapido.com/ar/9147586580855128064/?w=data%20analyst&l=&oc=sponsored&k=web.1.5.3&uuid=arF001a0a3f3a3974be6&page_item_id=-1605744541,Data Analyst,jobrapido,2026-09-15T03:24:09.538173,,,,
2932007989957099520,"Senior Data Analytics | GA4, GTM & BigQuery Lead",Dept,Capital Federal,,,https://open.app.jobrapido.com/ar/2932007989957099520/?w=data%20analyst&l=&oc=sponsored&k=web.1.5.4&uuid=arF001a0a3f3a3974be6&page_item_id=918054469,Data Analyst,jobrapido,2026-09-15T03:24:09.538657,,,,
599717328048881664,Sales Operations Lead: Data Enrichment & CRM Mastery,Xometry,Capital Federal,,,https://open.app.jobrapido.com/ar/599717328048881664/?w=data%20analyst&l=&oc=sponsored&k=web.1.5.5&uuid=arF001a0a3f3a3974be6&page_item_id=-1269134611,Data Analyst,jobrapido,2026-09-15T03:24:09.539144,,,,
387071779237003264,Cyber Resilience Analytics & Exposure Analyst,"Syneos Health, Inc.",Capital Federal,,,https://open.app.jobrapido.com/ar/387071779237003264/?w=data%20analyst&l=&oc=sponsored&k=web.1.5.6&uuid=arF001a0a3f3a3974be6&page_item_id=-137391320,Data Analyst,jobrapido,2026-09-15T03:24:09.539627,,,,
4352240270427815936,AML Risk & Compliance Analyst,"Berkeley Research Group, LLC",Capital Federal,,,https://open.app.jobrapido.com/ar/4352240270427815936/?w=data%20analyst&l=&oc=sponsored&k=web.1.5.7&uuid=arF001a0a3f3a3974be6&page_item_id=512478672,Data Analyst,jobrapido,2026-09-15T03:24:09.540114,,,,
1168969390062829568,Trading Access & Broker Governance Analyst,Exxon Mobil,Capital Federal,,,https://open.app.jobrapido.com/ar/1168969390062829568/?w=data%20analyst&l=&oc=sponsored&k=web.1.5.8&uuid=arF001a0a3f3a3974be6&page_item_id=579564116,Data Analyst,jobrapido,2026-09-15T03:24:09.540597,,,,
3462199901394305024,Finance Analytics & AI Modeling Specialist,1301 ACCENTURE SC SRL Company,Capital Federal,,,https://open.app.jobrapido.com/ar/3462199901394305024/?w=data%20analyst&l=&oc=sponsored&k=web.1.5.9&uuid=arF001a0a3f3a3974be6&page_item_id=-126786666,Data Analyst,jobrapido,2026-09-15T03:24:09.541095,,,,
8534676949371453440,Lifecycle Marketing Associate — Email & SMS (Remote),AGS Youth Soccer Club,Capital Federal,,,https://open.app.jobrapido.com/ar/8534676949371453440/?w=data%20analyst&l=&oc=sponsored&k=web.1.5.10&uuid=arF001a0a3f3a3974be6&page_item_id=1071568252,Data Analyst,jobrapido,2026-09-15T03:24:09.541583,,,,
5550183752535113728,Data Analytics Engineer: BI Dashboards Migration,Software Mind,Capital Federal,,,https://open.app.jobrapido.com/ar/5550183752535113728/?w=data%20analyst&l=&oc=sponsored&k=web.1.5.11&uuid=arF001a0a3f3a3974be6&page_item_id=-154848140,Data Analyst,jobrapido,2026-09-15T03:24:09.542137,,,,
6472609274492092416,Senior ATM Claims Analyst — Investigations & Insights,NCR Atleos,Capital Federal,,,https://open.app.jobrapido.com/ar/6472609274492092416/?w=data%20analyst&l=&oc=sponsored&k=web.1.5.12&uuid=arF001a0a3f3a3974be6&page_item_id=1058626927,Data Analyst,jobrapido,2026-09-15T03:24:09.542674,,,,
1577919837932355584,Hands-On Paid Media Analyst (Google & Meta),"Firewood Marketing, Inc.",Capital Federal,,,https://open.app.jobrapido.com/ar/1577919837932355584/?w=data%20analyst&l=&oc=sponsored&k=web.1.5.13&uuid=arF001a0a3f3a3974be6&page_item_id=-1141610395,Data Analyst,jobrapido,2026-09-15T03:24:09.543175,,,,
1081039538224103424,Senior FP&A Analyst: Regional Growth & AI Insights,MetLife Argentina,Capital Federal,,,https://open.app.jobrapido.com/ar/1081039538224103424/?w=data%20analyst&l=&oc=sponsored&k=web.1.5.14&uuid=arF001a0a3f3a3974be6&page_item_id=-839973682,Data Analyst,jobrapido,2026-09-15T03:24:09.543663,,,,
5870186733374537728,Cyber Security Resiliency Technical Analyst- Buenos Aires (Hybrid),"Syneos Health, Inc.",Capital Federal,,,https://open.app.jobrapido.com/ar/5870186733374537728/?w=data%20analyst&l=&oc=sponsored&k=web.1.5.15&uuid=arF001a0a3f3a3974be6&page_item_id=895474519,Data Analyst,jobrapido,2026-09-15T03:24:09.544176,,,,
461222843414216704,Cyber Security Resiliency Technical Analyst- Buenos Aires (Hybrid),Syneos Health,Capital Federal,,,https://open.app.jobrapido.com/ar/461222843414216704/?w=data%20analyst&l=&oc=sponsored&k=web.1.5.16&uuid=arF001a0a3f3a3974be6&page_item_id=974384338,Data Analyst,jobrapido,2026-09-15T03:24:09.544658,,,,
411823985001496576,Sales Operations Analyst (Sales Leads and Pipeline),Xometry,Capital Federal,,,https://open.app.jobrapido.com/ar/411823985001496576/?w=data%20analyst&l=&oc=sponsored&k=web.1.5.17&uuid=arF001a0a3f3a3974be6&page_item_id=1355627921,Data Analyst,jobrapido,2026-09-15T03:24:09.545145,,,,
1747264059041906688,Business Analyst,Chevron Corporation,Capital Federal,,,https://open.app.jobrapido.com/ar/1747264059041906688/?w=data%20analyst&l=&oc=sponsored&k=web.1.5.18&uuid=arF001a0a3f3a3974be6&page_item_id=-866512280,Data Analyst,jobrapido,2026-09-15T03:24:09.545627,,,,
871504215749427200,Senior Solution Analyst,Werben HR,Capital Federal,,,https://open.app.jobrapido.com/ar/871504215749427200/?w=data%20analyst&l=&oc=sponsored&k=web.1.5.19&uuid=arF001a0a3f3a3974be6&page_item_id=-119755176,Data Analyst,jobrapido,2026-09-15T03:24:09.546113,,,,
6751791494580928512,Anuncios Google,YEL Solutions,General Pacheco,,,https://open.app.jobrapido.com/ar/6751791494580928512/?w=machine%20learning&l=&oc=sponsored&k=web.1.1.0&uuid=arF001a0a3f5c1e54ebd&page_item_id=2042043285,Machine Learning Engineer,jobrapido,2026-09-15T03:26:28.197885,,,,
5801773109849620480,Ing. de Datos Senior,Toyota,Zárate,,,https://open.app.jobrapido.com/ar/5801773109849620480/?w=machine%20learning&l=&oc=sponsored&k=web.1.1.1&uuid=arF001a0a3f5c1e54ebd&page_item_id=-67268257,Machine Learning Engineer,jobrapido,2026-09-15T03:26:28.198446,,,,
1758580232714977280,Ing. de Datos Senior,Toyota Argentina S.A. Company,Zárate,,,https://open.app.jobrapido.com/ar/1758580232714977280/?w=machine%20learning&l=&oc=sponsored&k=web.1.1.2&uuid=arF001a0a3f5c1e54ebd&page_item_id=-2023569788,Machine Learning Engineer,jobrapido,2026-09-15T03:26:28.198949,,,,
2419217464937152512,Risk & Regulatory - IT Audit Associate,PwC South Africa,Vicente López,,,https://open.app.jobrapido.com/ar/2419217464937152512/?w=machine%20learning&l=&oc=sponsored&k=web.1.1.3&uuid=arF001a0a3f5c1e54ebd&page_item_id=1730771741,Machine Learning Engineer,jobrapido,2026-09-15T03:26:28.199447,,,,
5367236837423185920,Risk & Regulatory - IT Audit Senior Associate,PwC South Africa,Vicente López,,,https://open.app.jobrapido.com/ar/5367236837423185920/?w=machine%20learning&l=&oc=sponsored&k=web.1.1.4&uuid=arF001a0a3f5c1e54ebd&page_item_id=415938086,Machine Learning Engineer,jobrapido,2026-09-15T03:26:28.199947,,,,
8983203476469186560,Technical Owner,Link,Morón,,,https://open.app.jobrapido.com/ar/8983203476469186560/?w=machine%20learning&l=&oc=sponsored&k=web.1.1.5&uuid=arF001a0a3f5c1e54ebd&page_item_id=95825489,Machine Learning Engineer,jobrapido,2026-09-15T03:26:28.200440,,,,
6681249302443982848,Senior Machine Learning Engineer,Jampp,Capital Federal,,,https://open.app.jobrapido.com/ar/6681249302443982848/?w=machine%20learning&l=&oc=sponsored&k=web.1.1.6&uuid=arF001a0a3f5c1e54ebd&page_item_id=-1099559091,Machine Learning Engineer,jobrapido,2026-09-15T03:26:28.200935,,,,
9124411555801202688,Sr. Machine Learning Engineer,Promtior,Capital Federal,,,https://open.app.jobrapido.com/ar/9124411555801202688/?w=machine%20learning&l=&oc=sponsored&k=web.1.1.7&uuid=arF001a0a3f5c1e54ebd&page_item_id=2144613380,Machine Learning Engineer,jobrapido,2026-09-15T03:26:28.201424,,,,
7052316541034954752,Senior Machine Learning Engineer,GoFundMe,Capital Federal,,,https://open.app.jobrapido.com/ar/7052316541034954752/?w=machine%20learning&l=&oc=sponsored&k=web.1.1.8&uuid=arF001a0a3f5c1e54ebd&page_item_id=-2100640,Machine Learning Engineer,jobrapido,2026-09-15T03:26:28.201918,,,,
4077324842649518080,Machine Learning Engineer,MercadoLibre,Capital Federal,,,https://open.app.jobrapido.com/ar/4077324842649518080/?w=machine%20learning&l=&oc=sponsored&k=web.1.1.9&uuid=arF001a0a3f5c1e54ebd&page_item_id=-1884861125,Machine Learning Engineer,jobrapido,2026-09-15T03:26:28.202405,,,,
1658615195318091776,Data & Machine Learning Engineer,IDT,Capital Federal,,,https://open.app.jobrapido.com/ar/1658615195318091776/?w=machine%20learning&l=&oc=sponsored&k=web.1.1.10&uuid=arF001a0a3f5c1e54ebd&page_item_id=1112595353,Machine Learning Engineer,jobrapido,2026-09-15T03:26:28.202900,,,,
4011138640703913984,Machine Learning Engineer,Grupo Prominente,Capital Federal,,,https://open.app.jobrapido.com/ar/4011138640703913984/?w=machine%20learning&l=&oc=sponsored&k=web.1.1.11&uuid=arF001a0a3f5c1e54ebd&page_item_id=1939424902,Machine Learning Engineer,jobrapido,2026-09-15T03:26:28.203388,,,,
4309687263467405312,Semi-Senior Machine Learning Engineer,OfficeTwo,Capital Federal,,,https://open.app.jobrapido.com/ar/4309687263467405312/?w=machine%20learning&l=&oc=sponsored&k=web.1.1.13&uuid=arF001a0a3f5c1e54ebd&page_item_id=-1309417396,Machine Learning Engineer,jobrapido,2026-09-15T03:26:28.204024,,,,
2577351718324928512,"Machine Learning Manager, Security & Research",Internetwork Expert,Capital Federal,,,https://open.app.jobrapido.com/ar/2577351718324928512/?w=machine%20learning&l=&oc=sponsored&k=web.1.1.14&uuid=arF001a0a3f5c1e54ebd&page_item_id=2020462949,Machine Learning Engineer,jobrapido,2026-09-15T03:26:28.204513,,,,
8471468224913866752,Anuncios Google,Marvik,Capital Federal,,,https://open.app.jobrapido.com/ar/8471468224913866752/?w=machine%20learning&l=&oc=sponsored&k=web.1.2.0&uuid=arF001a0a3f71ddb508b&page_item_id=-1653891422,Machine Learning Engineer,jobrapido,2026-09-15T03:27:57.220932,,,,
9089593063386382336,"Senior Machine Learning Engineer New Buenos Aires, Argentina",GoFundMe,Capital Federal,,,https://open.app.jobrapido.com/ar/9089593063386382336/?w=machine%20learning&l=&oc=sponsored&k=web.1.2.1&uuid=arF001a0a3f71ddb508b&page_item_id=-1767034500,Machine Learning Engineer,jobrapido,2026-09-15T03:27:57.221867,,,,
5441638882309308416,Remote Senior ML Engineer - Social Fundraising Innovator,GoFundMe,Capital Federal,,,https://open.app.jobrapido.com/ar/5441638882309308416/?w=machine%20learning&l=&oc=sponsored&k=web.1.2.2&uuid=arF001a0a3f71ddb508b&page_item_id=455798199,Machine Learning Engineer,jobrapido,2026-09-15T03:27:57.222825,,,,
2530010991060582400,Data Science Manager,"Sony Pictures Entertainment, Inc",Capital Federal,,,https://open.app.jobrapido.com/ar/2530010991060582400/?w=machine%20learning&l=&oc=sponsored&k=web.1.2.3&uuid=arF001a0a3f71ddb508b&page_item_id=2134297325,Machine Learning Engineer,jobrapido,2026-09-15T03:27:57.223659,,,,
4259746416689152,MLOps Gen AI — Híbrido y Desarrollo Profesional,Alerta Juicios,Capital Federal,,,https://open.app.jobrapido.com/ar/4259746416689152/?w=machine%20learning&l=&oc=sponsored&k=web.1.2.4&uuid=arF001a0a3f71ddb508b&page_item_id=-1340515653,Machine Learning Engineer,jobrapido,2026-09-15T03:27:57.224584,,,,
8746514219697963008,Hybrid ML Engineer for Low-Latency LLM Systems,MercadoLibre,Capital Federal,,,https://open.app.jobrapido.com/ar/8746514219697963008/?w=machine%20learning&l=&oc=sponsored&k=web.1.2.5&uuid=arF001a0a3f71ddb508b&page_item_id=-801977876,Machine Learning Engineer,jobrapido,2026-09-15T03:27:57.225271,,,,
5921720894908006400,Python Developer (IA),Werben HR,Capital Federal,,,https://open.app.jobrapido.com/ar/5921720894908006400/?w=machine%20learning&l=&oc=sponsored&k=web.1.2.6&uuid=arF001a0a3f71ddb508b&page_item_id=-975215659,Machine Learning Engineer,jobrapido,2026-09-15T03:27:57.225905,,,,
3847723931184136192,Senior ML Engineer — Shape Discovery & Personalization,GoFundMe,Capital Federal,,,https://open.app.jobrapido.com/ar/3847723931184136192/?w=machine%20learning&l=&oc=sponsored&k=web.1.2.7&uuid=arF001a0a3f71ddb508b&page_item_id=1244357536,Machine Learning Engineer,jobrapido,2026-09-15T03:27:57.227078,,,,
7734683833873727488,Senior ML Engineer: Lead Production ML & Client Tech,Promtior,Capital Federal,,,https://open.app.jobrapido.com/ar/7734683833873727488/?w=machine%20learning&l=&oc=sponsored&k=web.1.2.8&uuid=arF001a0a3f71ddb508b&page_item_id=-1349713225,Machine Learning Engineer,jobrapido,2026-09-15T03:27:57.228333,,,,
5603648879825256448,Cloud AI Engineer — Travel‑Ready for Cloud AI Projects,Google,Capital Federal,,,https://open.app.jobrapido.com/ar/5603648879825256448/?w=machine%20learning&l=&oc=sponsored&k=web.1.2.9&uuid=arF001a0a3f71ddb508b&page_item_id=-1948851681,Machine Learning Engineer,jobrapido,2026-09-15T03:27:57.229956,,,,
2497594914372583424,"Senior ML Engineer — Real-Time Bidding, Remote",Jampp,Capital Federal,,,https://open.app.jobrapido.com/ar/2497594914372583424/?w=machine%20learning&l=&oc=sponsored&k=web.1.2.10&uuid=arF001a0a3f71ddb508b&page_item_id=-39066015,Machine Learning Engineer,jobrapido,2026-09-15T03:27:57.230627,,,,
1959664141882884096,FinTech NLP ML Engineer: Python & Document Processing,Werben HR,Capital Federal,,,https://open.app.jobrapido.com/ar/1959664141882884096/?w=machine%20learning&l=&oc=sponsored&k=web.1.2.11&uuid=arF001a0a3f71ddb508b&page_item_id=1303906856,Machine Learning Engineer,jobrapido,2026-09-15T03:27:57.231184,,,,
8921102802034360320,Senior ML Engineer: Computer Vision & Production Models,OfficeTwo,Capital Federal,,,https://open.app.jobrapido.com/ar/8921102802034360320/?w=machine%20learning&l=&oc=sponsored&k=web.1.2.12&uuid=arF001a0a3f71ddb508b&page_item_id=-619046287,Machine Learning Engineer,jobrapido,2026-09-15T03:27:57.231690,,,,
8709723890617679872,"Software Engineer C#, Python, C++ with Azure",Dabrein Solutions,Capital Federal,,,https://open.app.jobrapido.com/ar/8709723890617679872/?w=machine%20learning&l=&oc=sponsored&k=web.1.2.14&uuid=arF001a0a3f71ddb508b&page_item_id=1503397716,Machine Learning Engineer,jobrapido,2026-09-15T03:27:57.232415,,,,
3647660317267197952,Software Engineer,Assurant,Capital Federal,,,https://open.app.jobrapido.com/ar/3647660317267197952/?w=machine%20learning&l=&oc=sponsored&k=web.1.3.0&uuid=arF001a0a3f873765316&page_item_id=-103775035,Machine Learning Engineer,jobrapido,2026-09-15T03:29:24.754208,,,,
1492708047556968448,"Customer Engineer, Practice, Application Modernization, Google Cloud (Spanish, English)",Google,Capital Federal,,,https://open.app.jobrapido.com/ar/1492708047556968448/?w=machine%20learning&l=&oc=sponsored&k=web.1.3.1&uuid=arF001a0a3f873765316&page_item_id=-125841674,Machine Learning Engineer,jobrapido,2026-09-15T03:29:24.754784,,,,
2511096504844812288,SAP Tech Manager,Globant,Capital Federal,,,https://open.app.jobrapido.com/ar/2511096504844812288/?w=machine%20learning&l=&oc=sponsored&k=web.1.3.2&uuid=arF001a0a3f873765316&page_item_id=35962369,Machine Learning Engineer,jobrapido,2026-09-15T03:29:24.755277,,,,
6919406956994101248,Senior AI Specialist,Santex Group,Capital Federal,,,https://open.app.jobrapido.com/ar/6919406956994101248/?w=machine%20learning&l=&oc=sponsored&k=web.1.3.3&uuid=arF001a0a3f873765316&page_item_id=-1224474422,Machine Learning Engineer,jobrapido,2026-09-15T03:29:24.755778,,,,
4948081564438233088,Integrated Talent Insights Sr. Advisor,ExxonMobil,Capital Federal,,,https://open.app.jobrapido.com/ar/4948081564438233088/?w=machine%20learning&l=&oc=sponsored&k=web.1.3.4&uuid=arF001a0a3f873765316&page_item_id=-307122683,Machine Learning Engineer,jobrapido,2026-09-15T03:29:24.756265,,,,
7127848523097178112,Integrated Talent Insights Sr. Advisor,Exxon Mobil,Capital Federal,,,https://open.app.jobrapido.com/ar/7127848523097178112/?w=machine%20learning&l=&oc=sponsored&k=web.1.3.5&uuid=arF001a0a3f873765316&page_item_id=684257298,Machine Learning Engineer,jobrapido,2026-09-15T03:29:24.756760,,,,
88007176282439680,Data Intelligence Platform Engineer,Philip Morris International,Capital Federal,,,https://open.app.jobrapido.com/ar/88007176282439680/?w=machine%20learning&l=&oc=sponsored&k=web.1.3.6&uuid=arF001a0a3f873765316&page_item_id=1868714492,Machine Learning Engineer,jobrapido,2026-09-15T03:29:24.757262,,,,
2202419473024024576,Freelance Agent Evaluation Engineer,AI Chopping Block,Capital Federal,,,https://open.app.jobrapido.com/ar/2202419473024024576/?w=machine%20learning&l=&oc=sponsored&k=web.1.3.7&uuid=arF001a0a3f873765316&page_item_id=-1990557120,Machine Learning Engineer,jobrapido,2026-09-15T03:29:24.757757,,,,
9061839465755967488,Data Engineer (GCP & AWS),Nubiral,Capital Federal,,,https://open.app.jobrapido.com/ar/9061839465755967488/?w=machine%20learning&l=&oc=sponsored&k=web.1.3.8&uuid=arF001a0a3f873765316&page_item_id=-558755776,Machine Learning Engineer,jobrapido,2026-09-15T03:29:24.758241,,,,
7033824439082942464,Gerente de Modelos de Riesgo de Crédito - Fintech,Mercado Libre,Capital Federal,,,https://open.app.jobrapido.com/ar/7033824439082942464/?w=machine%20learning&l=&oc=sponsored&k=web.1.3.9&uuid=arF001a0a3f873765316&page_item_id=-1283144320,Machine Learning Engineer,jobrapido,2026-09-15T03:29:24.758723,,,,
8161726934556868608,Software Engineer III - Front End UI - C#/.Net/React - Neovest,JPMorgan Chase & Co.,Capital Federal,,,https://open.app.jobrapido.com/ar/8161726934556868608/?w=machine%20learning&l=&oc=sponsored&k=web.1.3.10&uuid=arF001a0a3f873765316&page_item_id=-900241305,Machine Learning Engineer,jobrapido,2026-09-15T03:29:24.759213,,,,
1950216674120564736,Software Engineer III - Front End UI - C#/.Net - Neovest - Argentina,Next Frontier Capital,Capital Federal,,,https://open.app.jobrapido.com/ar/1950216674120564736/?w=machine%20learning&l=&oc=sponsored&k=web.1.3.11&uuid=arF001a0a3f873765316&page_item_id=-884359348,Machine Learning Engineer,jobrapido,2026-09-15T03:29:24.759694,,,,
3546771690102980608,RPA Developer (UiPath)- Latin America- Remote,Azumo,Capital Federal,,,https://open.app.jobrapido.com/ar/3546771690102980608/?w=machine%20learning&l=&oc=sponsored&k=web.1.3.12&uuid=arF001a0a3f873765316&page_item_id=-1700085832,Machine Learning Engineer,jobrapido,2026-09-15T03:29:24.760182,,,,
3380486945997062144,AI Software Engineer - Remote,Azumo,Capital Federal,,,https://open.app.jobrapido.com/ar/3380486945997062144/?w=machine%20learning&l=&oc=sponsored&k=web.1.3.13&uuid=arF001a0a3f873765316&page_item_id=1325512017,Machine Learning Engineer,jobrapido,2026-09-15T03:29:24.761416,,,,
3141005359188017152,Associate – SIEM/SOAR Engineering,Aplaro Ltd,Capital Federal,,,https://open.app.jobrapido.com/ar/3141005359188017152/?w=machine%20learning&l=&oc=sponsored&k=web.1.3.15&uuid=arF001a0a3f873765316&page_item_id=1287553251,Machine Learning Engineer,jobrapido,2026-09-15T03:29:24.762900,,,,
7224676464841457664,Senior BI Developer,The Ritz-Carlton Yacht Collection,Capital Federal,,,https://open.app.jobrapido.com/ar/7224676464841457664/?w=machine%20learning&l=&oc=sponsored&k=web.1.3.16&uuid=arF001a0a3f873765316&page_item_id=803422327,Machine Learning Engineer,jobrapido,2026-09-15T03:29:24.764158,,,,
7055537594708262912,"Senior, Python Backend Engineer",The Walt Disney Company,Capital Federal,,,https://open.app.jobrapido.com/ar/7055537594708262912/?w=machine%20learning&l=&oc=sponsored&k=web.1.3.17&uuid=arF001a0a3f873765316&page_item_id=837894435,Machine Learning Engineer,jobrapido,2026-09-15T03:29:24.765130,,,,
7540788806606127104,"Senior, Java Software Engineer",Disney Cruise Line - The Walt Disney Company,Capital Federal,,,https://open.app.jobrapido.com/ar/7540788806606127104/?w=machine%20learning&l=&oc=sponsored&k=web.1.3.18&uuid=arF001a0a3f873765316&page_item_id=-1997490414,Machine Learning Engineer,jobrapido,2026-09-15T03:29:24.765822,,,,
3840189201337286656,Advanced Data Science Associate Consultant,ZS,Capital Federal,,,https://open.app.jobrapido.com/ar/3840189201337286656/?w=machine%20learning&l=&oc=sponsored&k=web.1.3.19&uuid=arF001a0a3f873765316&page_item_id=-612239188,Machine Learning Engineer,jobrapido,2026-09-15T03:29:24.766466,,,,
2083450253314359296,Data Engineer (AI & Agentic Solutions),Capgemini Engineering,Capital Federal,,,https://open.app.jobrapido.com/ar/2083450253314359296/?w=machine%20learning&l=&oc=sponsored&k=web.1.4.0&uuid=arF001a0a3fa40cb54ed&page_item_id=-85372047,Machine Learning Engineer,jobrapido,2026-09-15T03:31:23.081589,,,,
1498794291093307392,"Director, Enterprise Data Platform",Ankura,Capital Federal,,,https://open.app.jobrapido.com/ar/1498794291093307392/?w=machine%20learning&l=&oc=sponsored&k=web.1.4.1&uuid=arF001a0a3fa40cb54ed&page_item_id=244331146,Machine Learning Engineer,jobrapido,2026-09-15T03:31:23.082148,,,,
6880585125562679296,Senior Salesforce Developer ID88016,"AgileEngine, LLC.",Capital Federal,,,https://open.app.jobrapido.com/ar/6880585125562679296/?w=machine%20learning&l=&oc=sponsored&k=web.1.4.2&uuid=arF001a0a3fa40cb54ed&page_item_id=328113838,Machine Learning Engineer,jobrapido,2026-09-15T03:31:23.082637,,,,
8079123099863220224,Data Architect (Databricks),"Allata, LLC",Capital Federal,,,https://open.app.jobrapido.com/ar/8079123099863220224/?w=machine%20learning&l=&oc=sponsored&k=web.1.4.3&uuid=arF001a0a3fa40cb54ed&page_item_id=1072395264,Machine Learning Engineer,jobrapido,2026-09-15T03:31:23.083125,,,,
3212948329138749440,Software Engineer III - Front End UI - C#/.Net/React - Neovest,Fairygodboss,Capital Federal,,,https://open.app.jobrapido.com/ar/3212948329138749440/?w=machine%20learning&l=&oc=sponsored&k=web.1.4.4&uuid=arF001a0a3fa40cb54ed&page_item_id=-828923710,Machine Learning Engineer,jobrapido,2026-09-15T03:31:23.083641,,,,
6787561768928411648,Senior Salesforce Developer ID88016,AgileEngine,Capital Federal,,,https://open.app.jobrapido.com/ar/6787561768928411648/?w=machine%20learning&l=&oc=sponsored&k=web.1.4.5&uuid=arF001a0a3fa40cb54ed&page_item_id=443641153,Machine Learning Engineer,jobrapido,2026-09-15T03:31:23.084158,,,,
7809721654178742272,Lead Software Engineer - SRE - Java/Python,Next Frontier Capital,Capital Federal,,,https://open.app.jobrapido.com/ar/7809721654178742272/?w=machine%20learning&l=&oc=sponsored&k=web.1.4.6&uuid=arF001a0a3fa40cb54ed&page_item_id=-1412626966,Machine Learning Engineer,jobrapido,2026-09-15T03:31:23.084644,,,,
956055852471549952,Sr Software Engineer Java - Finance,JPMorganChase,Capital Federal,,,https://open.app.jobrapido.com/ar/956055852471549952/?w=machine%20learning&l=&oc=sponsored&k=web.1.4.7&uuid=arF001a0a3fa40cb54ed&page_item_id=1998701342,Machine Learning Engineer,jobrapido,2026-09-15T03:31:23.085138,,,,
3779161547171954688,Senior AI Engineer,Beyond,Capital Federal,,,https://open.app.jobrapido.com/ar/3779161547171954688/?w=machine%20learning&l=&oc=sponsored&k=web.1.4.8&uuid=arF001a0a3fa40cb54ed&page_item_id=-301897810,Machine Learning Engineer,jobrapido,2026-09-15T03:31:23.085621,,,,
5314669323938168832,Software Engineer - AI,Beyond,Capital Federal,,,https://open.app.jobrapido.com/ar/5314669323938168832/?w=machine%20learning&l=&oc=sponsored&k=web.1.4.9&uuid=arF001a0a3fa40cb54ed&page_item_id=1610638937,Machine Learning Engineer,jobrapido,2026-09-15T03:31:23.086112,,,,
6639044428352716800,Software Engineer in Test,Trax Retail,Capital Federal,,,https://open.app.jobrapido.com/ar/6639044428352716800/?w=machine%20learning&l=&oc=sponsored&k=web.1.4.10&uuid=arF001a0a3fa40cb54ed&page_item_id=-1276020588,Machine Learning Engineer,jobrapido,2026-09-15T03:31:23.086599,,,,
3713525461817491456,Software Engineer - AI,Qodea,Capital Federal,,,https://open.app.jobrapido.com/ar/3713525461817491456/?w=machine%20learning&l=&oc=sponsored&k=web.1.4.11&uuid=arF001a0a3fa40cb54ed&page_item_id=-1844442469,Machine Learning Engineer,jobrapido,2026-09-15T03:31:23.087124,,,,
4970988377374457856,"Forward Deployed Engineer II, Generative AI, Global Service Delivery (English, Spanish)",Google Inc.,Capital Federal,,,https://open.app.jobrapido.com/ar/4970988377374457856/?w=machine%20learning&l=&oc=sponsored&k=web.1.4.12&uuid=arF001a0a3fa40cb54ed&page_item_id=729082240,Machine Learning Engineer,jobrapido,2026-09-15T03:31:23.087614,,,,
9218183817292939264,Cybersecurity Solution Architect - EY Global Delivery Services,Ernst & Young Advisory Services Sdn Bhd,Capital Federal,,,https://open.app.jobrapido.com/ar/9218183817292939264/?w=machine%20learning&l=&oc=sponsored&k=web.1.4.13&uuid=arF001a0a3fa40cb54ed&page_item_id=-78110331,Machine Learning Engineer,jobrapido,2026-09-15T03:31:23.088107,,,,
7082889904954277888,Technical Lead - Java,DLocal,Capital Federal,,,https://open.app.jobrapido.com/ar/7082889904954277888/?w=machine%20learning&l=&oc=sponsored&k=web.1.4.14&uuid=arF001a0a3fa40cb54ed&page_item_id=1544233146,Machine Learning Engineer,jobrapido,2026-09-15T03:31:23.088589,,,,
7542770779394408448,Staff Engineer - Java,DLocal,Capital Federal,,,https://open.app.jobrapido.com/ar/7542770779394408448/?w=machine%20learning&l=&oc=sponsored&k=web.1.4.15&uuid=arF001a0a3fa40cb54ed&page_item_id=826418586,Machine Learning Engineer,jobrapido,2026-09-15T03:31:23.089098,,,,
9052327590664077312,"Data Engineer – Data Platforms & AI Tooling (Remote, LATAM)",Jobless,Capital Federal,,,https://open.app.jobrapido.com/ar/9052327590664077312/?w=machine%20learning&l=&oc=sponsored&k=web.1.4.16&uuid=arF001a0a3fa40cb54ed&page_item_id=557130049,Machine Learning Engineer,jobrapido,2026-09-15T03:31:23.089591,,,,
8407681449397846016,Global Client Service Finance Lead - Associate Director - EY Global Delivery Services,Ernst & Young Advisory Services Sdn Bhd,Capital Federal,,,https://open.app.jobrapido.com/ar/8407681449397846016/?w=machine%20learning&l=&oc=sponsored&k=web.1.4.17&uuid=arF001a0a3fa40cb54ed&page_item_id=-833006492,Machine Learning Engineer,jobrapido,2026-09-15T03:31:23.090085,,,,
1499865507476537344,"Principal Engineer, Data & Event Intelligence",Medallia,Capital Federal,,,https://open.app.jobrapido.com/ar/1499865507476537344/?w=machine%20learning&l=&oc=sponsored&k=web.1.4.18&uuid=arF001a0a3fa40cb54ed&page_item_id=1331171187,Machine Learning Engineer,jobrapido,2026-09-15T03:31:23.090569,,,,
339634449568235520,DevOps Engineer,BigID,Capital Federal,,,https://open.app.jobrapido.com/ar/339634449568235520/?w=machine%20learning&l=&oc=sponsored&k=web.1.4.19&uuid=arF001a0a3fa40cb54ed&page_item_id=1940271882,Machine Learning Engineer,jobrapido,2026-09-15T03:31:23.091056,,,,
4864063225215320064,"Group Director, Data Analytics",DEPT®,Capital Federal,,,https://open.app.jobrapido.com/ar/4864063225215320064/?w=machine%20learning&l=&oc=sponsored&k=web.1.5.0&uuid=arF001a0a3fc40785764&page_item_id=1561485112,Machine Learning Engineer,jobrapido,2026-09-15T03:33:34.068301,,,,
1177670787646095360,ML Engineer: Build Scalable Data Pipelines & Models,Grupo Prominente,Capital Federal,,,https://open.app.jobrapido.com/ar/1177670787646095360/?w=machine%20learning&l=&oc=sponsored&k=web.1.5.2&uuid=arF001a0a3fc40785764&page_item_id=-1911149634,Machine Learning Engineer,jobrapido,2026-09-15T03:33:34.069002,,,,
7398443024797138944,Senior ML Engineer - Personalization & Search,GoFundMe,Capital Federal,,,https://open.app.jobrapido.com/ar/7398443024797138944/?w=machine%20learning&l=&oc=sponsored&k=web.1.5.3&uuid=arF001a0a3fc40785764&page_item_id=-838604168,Machine Learning Engineer,jobrapido,2026-09-15T03:33:34.069491,,,,
4831158140730867712,"AI Engineer - SSR/SR, Python, LLMs, RAG, Azure",Jobtailor,Capital Federal,,,https://open.app.jobrapido.com/ar/4831158140730867712/?w=machine%20learning&l=&oc=sponsored&k=web.1.5.5&uuid=arF001a0a3fc40785764&page_item_id=-315912374,Machine Learning Engineer,jobrapido,2026-09-15T03:33:34.070118,,,,
6157490066605211648,Analista Geo AI,AEROTERRA SA,Capital Federal,,,https://open.app.jobrapido.com/ar/6157490066605211648/?w=machine%20learning&l=&oc=sponsored&k=web.1.5.6&uuid=arF001a0a3fc40785764&page_item_id=-1545720779,Machine Learning Engineer,jobrapido,2026-09-15T03:33:34.070598,,,,
8293858846049304576,Especialista en IA,Grupo Petersen,Capital Federal,,,https://open.app.jobrapido.com/ar/8293858846049304576/?w=machine%20learning&l=&oc=sponsored&k=web.1.5.7&uuid=arF001a0a3fc40785764&page_item_id=-1734719976,Machine Learning Engineer,jobrapido,2026-09-15T03:33:34.071786,,,,
7759720186084589568,Científico de datos IA,ThinkBig HR,Capital Federal,,,https://open.app.jobrapido.com/ar/7759720186084589568/?w=machine%20learning&l=&oc=sponsored&k=web.1.5.8&uuid=arF001a0a3fc40785764&page_item_id=832474190,Machine Learning Engineer,jobrapido,2026-09-15T03:33:34.072444,,,,
8739278213416484864,Fraud Analytics & Compliance Data Analyst,Jobtailor,Capital Federal,,,https://open.app.jobrapido.com/ar/8739278213416484864/?w=machine%20learning&l=&oc=sponsored&k=web.1.5.9&uuid=arF001a0a3fc40785764&page_item_id=60416926,Machine Learning Engineer,jobrapido,2026-09-15T03:33:34.073441,,,,
1688157234510430208,Data Scientist Senior -AWS – Advanced English – 100% Remote LATAM - Argentina,SAPINDEX,Capital Federal,,,https://open.app.jobrapido.com/ar/1688157234510430208/?w=machine%20learning&l=&oc=sponsored&k=web.1.5.10&uuid=arF001a0a3fc40785764&page_item_id=-1148957757,Machine Learning Engineer,jobrapido,2026-09-15T03:33:34.074722,,,,
9001846795629756416,Data Science Manager,Sony Pictures,Capital Federal,,,https://open.app.jobrapido.com/ar/9001846795629756416/?w=machine%20learning&l=&oc=sponsored&k=web.1.5.11&uuid=arF001a0a3fc40785764&page_item_id=1163422730,Machine Learning Engineer,jobrapido,2026-09-15T03:33:34.075481,,,,
6251566755378888704,"AI Engineer / Especialista en IA Generativa, Prompt Engineering y RAG SSR/SR",Werben HR,Capital Federal,,,https://open.app.jobrapido.com/ar/6251566755378888704/?w=machine%20learning&l=&oc=sponsored&k=web.1.5.12&uuid=arF001a0a3fc40785764&page_item_id=-304811883,Machine Learning Engineer,jobrapido,2026-09-15T03:33:34.076172,,,,
6331709195854807040,Senior Cybersecurity Engineer-AR,Globant,Capital Federal,,,https://open.app.jobrapido.com/ar/6331709195854807040/?w=machine%20learning&l=&oc=sponsored&k=web.1.5.18&uuid=arF001a0a3fc40785764&page_item_id=-1232027064,Machine Learning Engineer,jobrapido,2026-09-15T03:33:34.077398,,,,
5325635165718839296,Individuals Modeling Manager,MercadoLibre,Capital Federal,,,https://open.app.jobrapido.com/ar/5325635165718839296/?w=machine%20learning&l=&oc=sponsored&k=web.1.5.19&uuid=arF001a0a3fc40785764&page_item_id=619917248,Machine Learning Engineer,jobrapido,2026-09-15T03:33:34.077933,,,,
4177053158628917248,Senior AI/ML Inference Platform Engineer,Dialpad,Capital Federal,,,https://open.app.jobrapido.com/ar/4177053158628917248/?w=nlp&l=&oc=sponsored&k=web.1.1.4&uuid=arF001a0a3fdb6915969&page_item_id=408728600,NLP Engineer,jobrapido,2026-09-15T03:35:09.766340,,,,
6805843623641350144,Senior AI Platform Engineer: Inference & Production,Linuxconfig,Capital Federal,,,https://open.app.jobrapido.com/ar/6805843623641350144/?w=nlp&l=&oc=sponsored&k=web.1.1.5&uuid=arF001a0a3fdb6915969&page_item_id=1364303711,NLP Engineer,jobrapido,2026-09-15T03:35:09.766875,,,,
6969801698063679488,AI Tax Transformation Analyst,"Despegar.com, Inc",Capital Federal,,,https://open.app.jobrapido.com/ar/6969801698063679488/?w=nlp&l=&oc=sponsored&k=web.1.1.7&uuid=arF001a0a3fdb6915969&page_item_id=1600086530,NLP Engineer,jobrapido,2026-09-15T03:35:09.767512,,,,
2193558388556693504,Product Group Team Lead / Architect,Sourceability,Capital Federal,,,https://open.app.jobrapido.com/ar/2193558388556693504/?w=nlp&l=&oc=sponsored&k=web.1.1.8&uuid=arF001a0a3fdb6915969&page_item_id=1761653776,NLP Engineer,jobrapido,2026-09-15T03:35:09.768017,,,,
131739598442201088,"Sr. Software Engineer, AI / ML Inference Platform",Dialpad,Capital Federal,,,https://open.app.jobrapido.com/ar/131739598442201088/?w=nlp&l=&oc=sponsored&k=web.1.1.10&uuid=arF001a0a3fdb6915969&page_item_id=-718875145,NLP Engineer,jobrapido,2026-09-15T03:35:09.768660,,,,
4644115802503512064,"Sr. Software Engineer, AI / ML Inference Platform",Linuxconfig,Capital Federal,,,https://open.app.jobrapido.com/ar/4644115802503512064/?w=nlp&l=&oc=sponsored&k=web.1.1.13&uuid=arF001a0a3fdb6915969&page_item_id=-130182589,NLP Engineer,jobrapido,2026-09-15T03:35:09.769431,,,,
7290109501322035200,Sr. AI Engineer,Promtior,Capital Federal,,,https://open.app.jobrapido.com/ar/7290109501322035200/?w=nlp&l=&oc=sponsored&k=web.1.1.15&uuid=arF001a0a3fdb6915969&page_item_id=1642083425,NLP Engineer,jobrapido,2026-09-15T03:35:09.770073,,,,
7040990695095533568,Client Technology - Engineering - Software Engineering - EY GDS,EY,Capital Federal,,,https://open.app.jobrapido.com/ar/7040990695095533568/?w=nlp&l=&oc=sponsored&k=web.1.1.17&uuid=arF001a0a3fdb6915969&page_item_id=-837532347,NLP Engineer,jobrapido,2026-09-15T03:35:09.770850,,,,
8339744086206447616,Client Technology Software Engineering Assurance Sr. Engineer/Arch - EY GDS,EY,Capital Federal,,,https://open.app.jobrapido.com/ar/8339744086206447616/?w=nlp&l=&oc=sponsored&k=web.1.1.18&uuid=arF001a0a3fdb6915969&page_item_id=-643604418,NLP Engineer,jobrapido,2026-09-15T03:35:09.771367,,,,
4142562097340874752,Gerente de Arquitectura de Datos e IA,Sweden Sport Academy,Capital Federal,,,https://open.app.jobrapido.com/ar/4142562097340874752/?w=nlp&l=&oc=sponsored&k=web.1.1.19&uuid=arF001a0a3fdb6915969&page_item_id=-233275386,NLP Engineer,jobrapido,2026-09-15T03:35:09.771872,,,,
7157200535756472320,Spanish Linguistic Expert - LLM,Mercor,Capital Federal,,,https://open.app.jobrapido.com/ar/7157200535756472320/?w=nlp&l=&oc=sponsored&k=web.1.2.5&uuid=arF001a0a3feb6715af6&page_item_id=-1763223904,NLP Engineer,jobrapido,2026-09-15T03:36:15.072423,,,,
6758857918373691392,Spanish Linguistic Specialist - Fully Remote | Upto $50/hr,Mercor,Capital Federal,,,https://open.app.jobrapido.com/ar/6758857918373691392/?w=nlp&l=&oc=sponsored&k=web.1.2.6&uuid=arF001a0a3feb6715af6&page_item_id=1662079897,NLP Engineer,jobrapido,2026-09-15T03:36:15.072970,,,,
1598075329178501120,Client Technology Software Engineering Assurance Sr. Engineer/Arch - EY GDS,EY,Capital Federal,,,https://open.app.jobrapido.com/ar/1598075329178501120/?w=nlp&l=&oc=sponsored&k=web.1.2.7&uuid=arF001a0a3feb6715af6&page_item_id=1720045383,NLP Engineer,jobrapido,2026-09-15T03:36:15.073481,,,,
4379339486841012224,Freelance Agent Evaluation Engineer,Mindrift,Capital Federal,,,https://open.app.jobrapido.com/ar/4379339486841012224/?w=nlp&l=&oc=sponsored&k=web.1.2.9&uuid=arF001a0a3feb6715af6&page_item_id=-291661979,NLP Engineer,jobrapido,2026-09-15T03:36:15.074158,,,,
1652286664086650880,Python Backend Engineer - Latin America - Remote,Azumo,Capital Federal,,,https://open.app.jobrapido.com/ar/1652286664086650880/?w=nlp&l=&oc=sponsored&k=web.1.2.11&uuid=arF001a0a3feb6715af6&page_item_id=1240464460,NLP Engineer,jobrapido,2026-09-15T03:36:15.074813,,,,
154550616427855872,Delivery Lead,Marvik,Capital Federal,,,https://open.app.jobrapido.com/ar/154550616427855872/?w=nlp&l=&oc=sponsored&k=web.1.2.13&uuid=arF001a0a3feb6715af6&page_item_id=148856104,NLP Engineer,jobrapido,2026-09-15T03:36:15.075478,,,,
7967848468683161600,Client Technology Software engineering_Assurance Sr. Engineer/Arch 1 - EY Global Delivery Services,EY,Capital Federal,,,https://open.app.jobrapido.com/ar/7967848468683161600/?w=nlp&l=&oc=sponsored&k=web.1.2.14&uuid=arF001a0a3feb6715af6&page_item_id=955328602,NLP Engineer,jobrapido,2026-09-15T03:36:15.075984,,,,
613228126930993152,Lead AI Engineer — Remote RAG/NLP/LLM Systems,N-iX,Remoto,,,https://open.app.jobrapido.com/ar/613228126930993152/?w=nlp&l=&oc=sponsored&k=web.1.3.0&uuid=arF001a0a3ff5d765bc8&page_item_id=-1060023509,NLP Engineer,jobrapido,2026-09-15T03:36:58.043854,,,,
4562128536135008256,Principal ML Engineer: Cross-Product AI & LLM Architect,Doctolib,Londres,,,https://open.app.jobrapido.com/ar/4562128536135008256/?w=nlp&l=&oc=sponsored&k=web.1.3.1&uuid=arF001a0a3ff5d765bc8&page_item_id=-1214217746,NLP Engineer,jobrapido,2026-09-15T03:36:58.044416,,,,
3644704830011736064,AI & NLP Talent Acquisition Coordinator,"E2f, inc.",Argentina,,,https://open.app.jobrapido.com/ar/3644704830011736064/?w=nlp&l=&oc=sponsored&k=web.1.3.2&uuid=arF001a0a3ff5d765bc8&page_item_id=-820513193,NLP Engineer,jobrapido,2026-09-15T03:36:58.044906,,,,
5741302787820486656,Desarrallador IA,Stefanini Latam,Comisión De Fomento De Perú,,,https://open.app.jobrapido.com/ar/5741302787820486656/?w=nlp&l=&oc=sponsored&k=web.1.3.3&uuid=arF001a0a3ff5d765bc8&page_item_id=-140665161,NLP Engineer,jobrapido,2026-09-15T03:36:58.045388,,,,
7611202081004716032,AI Context Governance Analyst,Interbank,Comisión De Fomento De Perú,,,https://open.app.jobrapido.com/ar/7611202081004716032/?w=nlp&l=&oc=sponsored&k=web.1.3.4&uuid=arF001a0a3ff5d765bc8&page_item_id=-1759635729,NLP Engineer,jobrapido,2026-09-15T03:36:58.045886,,,,
1723660361892102144,Chief Data Scientist,"EPAM Systems, Inc.",Comisión De Fomento De Perú,,,https://open.app.jobrapido.com/ar/1723660361892102144/?w=nlp&l=&oc=sponsored&k=web.1.3.5&uuid=arF001a0a3ff5d765bc8&page_item_id=-345996286,NLP Engineer,jobrapido,2026-09-15T03:36:58.046370,,,,
3152941502800330752,Data Science Manager,Sony Pictures Entertainment,Esquel,,,https://open.app.jobrapido.com/ar/3152941502800330752/?w=nlp&l=&oc=sponsored&k=web.1.3.6&uuid=arF001a0a3ff5d765bc8&page_item_id=248835470,NLP Engineer,jobrapido,2026-09-15T03:36:58.046856,,,,
3493981834750984192,Senior AI Specialist,Santex Group,Córdoba Capital,,,https://open.app.jobrapido.com/ar/3493981834750984192/?w=nlp&l=&oc=sponsored&k=web.1.3.7&uuid=arF001a0a3ff5d765bc8&page_item_id=-947286004,NLP Engineer,jobrapido,2026-09-15T03:36:58.047336,,,,
8952684469655961600,Analista desarrollador Semi Sr / Senior Botmaker - Híbrido,Business Commercial Management SRL,Esquel,,,https://open.app.jobrapido.com/ar/8952684469655961600/?w=nlp&l=&oc=sponsored&k=web.1.3.8&uuid=arF001a0a3ff5d765bc8&page_item_id=198248280,NLP Engineer,jobrapido,2026-09-15T03:36:58.047824,,,,
8384904327294091264,Sr. Machine Learning Engineer,Promtior,Córdoba Capital,,,https://open.app.jobrapido.com/ar/8384904327294091264/?w=nlp&l=&oc=sponsored&k=web.1.3.9&uuid=arF001a0a3ff5d765bc8&page_item_id=-1688747254,NLP Engineer,jobrapido,2026-09-15T03:36:58.048302,,,,
1789705929428566016,Sr. AI Engineer,Promtior,Córdoba Capital,,,https://open.app.jobrapido.com/ar/1789705929428566016/?w=nlp&l=&oc=sponsored&k=web.1.3.10&uuid=arF001a0a3ff5d765bc8&page_item_id=-1218267782,NLP Engineer,jobrapido,2026-09-15T03:36:58.048789,,,,
6213023255008116736,Client Technology - Software Engineering - EY Global Delivery Services,EY,Esquel,,,https://open.app.jobrapido.com/ar/6213023255008116736/?w=nlp&l=&oc=sponsored&k=web.1.3.11&uuid=arF001a0a3ff5d765bc8&page_item_id=369445828,NLP Engineer,jobrapido,2026-09-15T03:36:58.049370,,,,
1641304484250386432,AI Agent Systems Architect - Remote,Azumo LLC.,Remoto,,,https://open.app.jobrapido.com/ar/1641304484250386432/?w=nlp&l=&oc=sponsored&k=web.1.3.12&uuid=arF001a0a3ff5d765bc8&page_item_id=1120377788,NLP Engineer,jobrapido,2026-09-15T03:36:58.049877,,,,
8697752408014454784,"AI Engineer II - Marketing Argentina, Remote",Sezzle,Remoto,,,https://open.app.jobrapido.com/ar/8697752408014454784/?w=nlp&l=&oc=sponsored&k=web.1.3.13&uuid=arF001a0a3ff5d765bc8&page_item_id=1969858964,NLP Engineer,jobrapido,2026-09-15T03:36:58.050850,,,,
8295372933690294272,Principal Machine Learning Engineer - Applied AI & LLMs (x/f/m),Doctolib,Londres,,,https://open.app.jobrapido.com/ar/8295372933690294272/?w=nlp&l=&oc=sponsored&k=web.1.3.14&uuid=arF001a0a3ff5d765bc8&page_item_id=279276234,NLP Engineer,jobrapido,2026-09-15T03:36:58.052037,,,,
1040984587322261504,Python Developer (IA) - Machine Learning ID #00335,Werben HR,Capital Federal (Parque Patricios),,,https://open.app.jobrapido.com/ar/1040984587322261504/?w=nlp&l=&oc=sponsored&k=web.1.3.15&uuid=arF001a0a3ff5d765bc8&page_item_id=1025560262,NLP Engineer,jobrapido,2026-09-15T03:36:58.053504,,,,
7810947059887898624,AI Context Governance Analyst,Interbank,Remoto,,,https://open.app.jobrapido.com/ar/7810947059887898624/?w=nlp&l=&oc=sponsored&k=web.1.3.16&uuid=arF001a0a3ff5d765bc8&page_item_id=1029803772,NLP Engineer,jobrapido,2026-09-15T03:36:58.055113,,,,
3205509016285347840,Desarrallador IA,Stefanini Latam,Remoto,,,https://open.app.jobrapido.com/ar/3205509016285347840/?w=nlp&l=&oc=sponsored&k=web.1.3.17&uuid=arF001a0a3ff5d765bc8&page_item_id=1694322106,NLP Engineer,jobrapido,2026-09-15T03:36:58.056585,,,,
652901066261659648,Senior Software Engineer,"Cadence Design Systems, Inc.",Capital Federal (San Nicolás),,,https://open.app.jobrapido.com/ar/652901066261659648/?w=nlp&l=&oc=sponsored&k=web.1.3.18&uuid=arF001a0a3ff5d765bc8&page_item_id=1053668711,NLP Engineer,jobrapido,2026-09-15T03:36:58.057206,,,,
8903465243955429376,Líder Técnico de IA,Stefanini Latam,Remoto,,,https://open.app.jobrapido.com/ar/8903465243955429376/?w=nlp&l=&oc=sponsored&k=web.1.3.19&uuid=arF001a0a3ff5d765bc8&page_item_id=-1402200269,NLP Engineer,jobrapido,2026-09-15T03:36:58.057699,,,,
8408578496267288576,Anuncios Google,Mondelez España Galletas Production SLU,General Pacheco,,,https://open.app.jobrapido.com/ar/8408578496267288576/?w=data%20engineer&l=&oc=sponsored&k=web.1.1.0&uuid=arF001a0a4019ba75dcb&page_item_id=1314745686,Data Engineer,jobrapido,2026-09-15T03:39:25.013891,,,,
8334917058361819136,Data Architect,Toyota,Zárate,,,https://open.app.jobrapido.com/ar/8334917058361819136/?w=data%20engineer&l=&oc=sponsored&k=web.1.1.1&uuid=arF001a0a4019ba75dcb&page_item_id=-2091964924,Data Engineer,jobrapido,2026-09-15T03:39:25.014448,,,,
6679899170884550656,Data Architect,Toyota Argentina S.A. Company,Zárate,,,https://open.app.jobrapido.com/ar/6679899170884550656/?w=data%20engineer&l=&oc=sponsored&k=web.1.1.2&uuid=arF001a0a4019ba75dcb&page_item_id=684449320,Data Engineer,jobrapido,2026-09-15T03:39:25.014945,,,,
2582004851533676544,Senior Data Engineer,Luxer One,Vicente López,,,https://open.app.jobrapido.com/ar/2582004851533676544/?w=data%20engineer&l=&oc=sponsored&k=web.1.1.3&uuid=arF001a0a4019ba75dcb&page_item_id=-629097814,Data Engineer,jobrapido,2026-09-15T03:39:25.015435,,,,
2067316861501964288,Senior Data Engineer: Scalable Cloud Pipelines & Security,Luxer One,Vicente López,,,https://open.app.jobrapido.com/ar/2067316861501964288/?w=data%20engineer&l=&oc=sponsored&k=web.1.1.4&uuid=arF001a0a4019ba75dcb&page_item_id=-2119240054,Data Engineer,jobrapido,2026-09-15T03:39:25.015930,,,,
9097069373088071680,Data Engineer SSr /Sr,Bumeran Selecta,Vicente López,,,https://open.app.jobrapido.com/ar/9097069373088071680/?w=data%20engineer&l=&oc=sponsored&k=web.1.1.5&uuid=arF001a0a4019ba75dcb&page_item_id=234634661,Data Engineer,jobrapido,2026-09-15T03:39:25.016419,,,,
6543748286694555648,Data Engineer Sr -,Bumeran Selecta,Vicente López,,,https://open.app.jobrapido.com/ar/6543748286694555648/?w=data%20engineer&l=&oc=sponsored&k=web.1.1.6&uuid=arF001a0a4019ba75dcb&page_item_id=953211369,Data Engineer,jobrapido,2026-09-15T03:39:25.016911,,,,
210321711659220992,Senior Full Stack Software Engineer,SOFTGIC,Vicente López,,,https://open.app.jobrapido.com/ar/210321711659220992/?w=data%20engineer&l=&oc=sponsored&k=web.1.1.7&uuid=arF001a0a4019ba75dcb&page_item_id=889817171,Data Engineer,jobrapido,2026-09-15T03:39:25.017398,,,,
7506321608156381184,Data Engineer,Cashea,Capital Federal,,,https://open.app.jobrapido.com/ar/7506321608156381184/?w=data%20engineer&l=&oc=sponsored&k=web.1.1.8&uuid=arF001a0a4019ba75dcb&page_item_id=-305266236,Data Engineer,jobrapido,2026-09-15T03:39:25.017892,,,,
8753053444845076480,Data Engineer (Buenos Aires),Yeah! Global,Capital Federal,,,https://open.app.jobrapido.com/ar/8753053444845076480/?w=data%20engineer&l=&oc=sponsored&k=web.1.1.9&uuid=arF001a0a4019ba75dcb&page_item_id=995590682,Data Engineer,jobrapido,2026-09-15T03:39:25.018376,,,,
3027153386853105664,Data Engineer,AccelOne,Capital Federal,,,https://open.app.jobrapido.com/ar/3027153386853105664/?w=data%20engineer&l=&oc=sponsored&k=web.1.1.12&uuid=arF001a0a4019ba75dcb&page_item_id=123443104,Data Engineer,jobrapido,2026-09-15T03:39:25.019176,,,,
5077271723980619776,Data Engineer: Build Scalable Pipelines & Data Lakes,Yeah! Global,Capital Federal,,,https://open.app.jobrapido.com/ar/5077271723980619776/?w=data%20engineer&l=&oc=sponsored&k=web.1.1.13&uuid=arF001a0a4019ba75dcb&page_item_id=-537638291,Data Engineer,jobrapido,2026-09-15T03:39:25.019668,,,,
8482101189549228032,Lead Data Engineer,Blend,Capital Federal,,,https://open.app.jobrapido.com/ar/8482101189549228032/?w=data%20engineer&l=&oc=sponsored&k=web.1.1.14&uuid=arF001a0a4019ba75dcb&page_item_id=-2005904492,Data Engineer,jobrapido,2026-09-15T03:39:25.020165,,,,
6157722218177495040,Anuncios Google,Next Frontier Capital,Capital Federal,,,https://open.app.jobrapido.com/ar/6157722218177495040/?w=data%20engineer&l=&oc=sponsored&k=web.1.2.0&uuid=arF001a0a402dc3d5eaf&page_item_id=581301212,Data Engineer,jobrapido,2026-09-15T03:40:47.042464,,,,
5270070589694935040,Senior Data Engineer: Cloud Data Pipelines & Lakehouse,Medium,Capital Federal,,,https://open.app.jobrapido.com/ar/5270070589694935040/?w=data%20engineer&l=&oc=sponsored&k=web.1.2.1&uuid=arF001a0a402dc3d5eaf&page_item_id=-509760786,Data Engineer,jobrapido,2026-09-15T03:40:47.043084,,,,
660091769228099584,AWS Data Engineer,On.Energy,Capital Federal,,,https://open.app.jobrapido.com/ar/660091769228099584/?w=data%20engineer&l=&oc=sponsored&k=web.1.2.2&uuid=arF001a0a402dc3d5eaf&page_item_id=-1384056382,Data Engineer,jobrapido,2026-09-15T03:40:47.043588,,,,
4295827077585698816,Sr. Data Engineer,Promtior,Capital Federal,,,https://open.app.jobrapido.com/ar/4295827077585698816/?w=data%20engineer&l=&oc=sponsored&k=web.1.2.3&uuid=arF001a0a402dc3d5eaf&page_item_id=991012964,Data Engineer,jobrapido,2026-09-15T03:40:47.044107,,,,
6609503007635668992,Lead Backend Data Engineer,Blend,Capital Federal,,,https://open.app.jobrapido.com/ar/6609503007635668992/?w=data%20engineer&l=&oc=sponsored&k=web.1.2.4&uuid=arF001a0a402dc3d5eaf&page_item_id=-240870699,Data Engineer,jobrapido,2026-09-15T03:40:47.044615,,,,
3460547197978804224,Lead Backend Data Engineer,Blend360,Capital Federal,,,https://open.app.jobrapido.com/ar/3460547197978804224/?w=data%20engineer&l=&oc=sponsored&k=web.1.2.5&uuid=arF001a0a402dc3d5eaf&page_item_id=-1777929251,Data Engineer,jobrapido,2026-09-15T03:40:47.045323,,,,
3669215400916156416,Senior Data Engineer: Architect Data Platform (Hybrid),Promtior,Capital Federal,,,https://open.app.jobrapido.com/ar/3669215400916156416/?w=data%20engineer&l=&oc=sponsored&k=web.1.2.6&uuid=arF001a0a402dc3d5eaf&page_item_id=584286763,Data Engineer,jobrapido,2026-09-15T03:40:47.046672,,,,
3831344987501494272,Senior Data Engineer ID88015,"AgileEngine, LLC.",Capital Federal,,,https://open.app.jobrapido.com/ar/3831344987501494272/?w=data%20engineer&l=&oc=sponsored&k=web.1.2.8&uuid=arF001a0a402dc3d5eaf&page_item_id=-678246856,Data Engineer,jobrapido,2026-09-15T03:40:47.047396,,,,
4821191428602331136,Senior Data Engineer ID88015,AgileEngine,Capital Federal,,,https://open.app.jobrapido.com/ar/4821191428602331136/?w=data%20engineer&l=&oc=sponsored&k=web.1.2.9&uuid=arF001a0a402dc3d5eaf&page_item_id=-1618164666,Data Engineer,jobrapido,2026-09-15T03:40:47.047910,,,,
9010629350915047424,Senior Data Platform Engineer,Medallia,Capital Federal,,,https://open.app.jobrapido.com/ar/9010629350915047424/?w=data%20engineer&l=&oc=sponsored&k=web.1.2.10&uuid=arF001a0a402dc3d5eaf&page_item_id=-842349732,Data Engineer,jobrapido,2026-09-15T03:40:47.048416,,,,
2718275762879725568,Data & AI Engineer Senior,MercadoLibre,Capital Federal,,,https://open.app.jobrapido.com/ar/2718275762879725568/?w=data%20engineer&l=&oc=sponsored&k=web.1.2.11&uuid=arF001a0a402dc3d5eaf&page_item_id=-670421138,Data Engineer,jobrapido,2026-09-15T03:40:47.048925,,,,
6336230044070838272,Senior Data Platform Engineer: Streaming & Data Contracts,Medallia,Capital Federal,,,https://open.app.jobrapido.com/ar/6336230044070838272/?w=data%20engineer&l=&oc=sponsored&k=web.1.2.12&uuid=arF001a0a402dc3d5eaf&page_item_id=-127609390,Data Engineer,jobrapido,2026-09-15T03:40:47.049424,,,,
8914151947221598208,Data Engineer,Netrix Global,Capital Federal,,,https://open.app.jobrapido.com/ar/8914151947221598208/?w=data%20engineer&l=&oc=sponsored&k=web.1.2.13&uuid=arF001a0a402dc3d5eaf&page_item_id=-1597936851,Data Engineer,jobrapido,2026-09-15T03:40:47.049935,,,,
6686550288519659520,Data Engineer,SMS Sudamérica,Capital Federal,,,https://open.app.jobrapido.com/ar/6686550288519659520/?w=data%20engineer&l=&oc=sponsored&k=web.1.2.14&uuid=arF001a0a402dc3d5eaf&page_item_id=885192975,Data Engineer,jobrapido,2026-09-15T03:40:47.051476,,,,
7923828163455483904,Anuncios Google,Publicis Groupe ANZ,Capital Federal,,,https://open.app.jobrapido.com/ar/7923828163455483904/?w=data%20engineer&l=&oc=sponsored&k=web.1.3.0&uuid=arF001a0a4042b236026&page_item_id=-1024297511,Data Engineer,jobrapido,2026-09-15T03:42:12.702452,,,,
1210644179290423296,Data Engineer,FYG | For Your Growth,Capital Federal,,,https://open.app.jobrapido.com/ar/1210644179290423296/?w=data%20engineer&l=&oc=sponsored&k=web.1.3.1&uuid=arF001a0a4042b236026&page_item_id=-1754636929,Data Engineer,jobrapido,2026-09-15T03:42:12.703066,,,,
7442505953280262144,Azure Data Engineer — Remote ETL & Data Warehousing,Bluelight Consulting LLC,Capital Federal,,,https://open.app.jobrapido.com/ar/7442505953280262144/?w=data%20engineer&l=&oc=sponsored&k=web.1.3.2&uuid=arF001a0a4042b236026&page_item_id=-1983545845,Data Engineer,jobrapido,2026-09-15T03:42:12.703582,,,,
5955049239829544960,Senior Data Engineer – AI Data Platform (Remote),Werben HR,Capital Federal,,,https://open.app.jobrapido.com/ar/5955049239829544960/?w=data%20engineer&l=&oc=sponsored&k=web.1.3.3&uuid=arF001a0a4042b236026&page_item_id=-1162466863,Data Engineer,jobrapido,2026-09-15T03:42:12.704100,,,,
6427338137348866048,Data Platforms & AI Tooling Engineer,Jobless,Capital Federal,,,https://open.app.jobrapido.com/ar/6427338137348866048/?w=data%20engineer&l=&oc=sponsored&k=web.1.3.4&uuid=arF001a0a4042b236026&page_item_id=648300665,Data Engineer,jobrapido,2026-09-15T03:42:12.704599,,,,
7303628615260831744,Data Engineer for Analytics & BI,"Syneos Health, Inc.",Capital Federal,,,https://open.app.jobrapido.com/ar/7303628615260831744/?w=data%20engineer&l=&oc=sponsored&k=web.1.3.5&uuid=arF001a0a4042b236026&page_item_id=-1323113489,Data Engineer,jobrapido,2026-09-15T03:42:12.705109,,,,
420277030395838464,Python Engineer: Data Workflows & GIS,Capgemini Engineering,Capital Federal,,,https://open.app.jobrapido.com/ar/420277030395838464/?w=data%20engineer&l=&oc=sponsored&k=web.1.3.6&uuid=arF001a0a4042b236026&page_item_id=1236698444,Data Engineer,jobrapido,2026-09-15T03:42:12.705603,,,,
2861608854590849024,Data Engineer III - Senior Associate,JPMorgan Chase & Co.,Capital Federal,,,https://open.app.jobrapido.com/ar/2861608854590849024/?w=data%20engineer&l=&oc=sponsored&k=web.1.3.7&uuid=arF001a0a4042b236026&page_item_id=2016448270,Data Engineer,jobrapido,2026-09-15T03:42:12.706110,,,,
246719721246818304,Secure Access Data & SQL Engineer,Ernst & Young Advisory Services Sdn Bhd,Capital Federal,,,https://open.app.jobrapido.com/ar/246719721246818304/?w=data%20engineer&l=&oc=sponsored&k=web.1.3.8&uuid=arF001a0a4042b236026&page_item_id=1041406642,Data Engineer,jobrapido,2026-09-15T03:42:12.706607,,,,
8336327542801694720,Data Engineer III - Senior Associate,Fairygodboss,Capital Federal,,,https://open.app.jobrapido.com/ar/8336327542801694720/?w=data%20engineer&l=&oc=sponsored&k=web.1.3.10&uuid=arF001a0a4042b236026&page_item_id=-1808997127,Data Engineer,jobrapido,2026-09-15T03:42:12.707516,,,,
3497352679703707648,Data Engineer Ingeniería · Buenos Aires,Cashea,Capital Federal,,,https://open.app.jobrapido.com/ar/3497352679703707648/?w=data%20engineer&l=&oc=sponsored&k=web.1.3.11&uuid=arF001a0a4042b236026&page_item_id=1078812486,Data Engineer,jobrapido,2026-09-15T03:42:12.708124,,,,
7718630706410160128,Remote Senior Data Engineer: Data Warehouse & ELT Lead,GoFundMe,Capital Federal,,,https://open.app.jobrapido.com/ar/7718630706410160128/?w=data%20engineer&l=&oc=sponsored&k=web.1.3.13&uuid=arF001a0a4042b236026&page_item_id=154853104,Data Engineer,jobrapido,2026-09-15T03:42:12.709070,,,,
3867210799101509632,Senior Data Engineer - AWS & Databricks Lead,Fairygodboss,Capital Federal,,,https://open.app.jobrapido.com/ar/3867210799101509632/?w=data%20engineer&l=&oc=sponsored&k=web.1.3.14&uuid=arF001a0a4042b236026&page_item_id=1557149814,Data Engineer,jobrapido,2026-09-15T03:42:12.709608,,,,
5913696865206927360,Anuncios Google,Blend,Capital Federal,,,https://open.app.jobrapido.com/ar/5913696865206927360/?w=data%20engineer&l=&oc=sponsored&k=web.1.4.0&uuid=arF001a0a4058bf26225&page_item_id=1780505467,Data Engineer,jobrapido,2026-09-15T03:43:42.910695,,,,
3215757117491249152,Lead Backend Data Engineer - Scalable Java & Data Systems,Blend,Capital Federal,,,https://open.app.jobrapido.com/ar/3215757117491249152/?w=data%20engineer&l=&oc=sponsored&k=web.1.4.1&uuid=arF001a0a4058bf26225&page_item_id=-746091315,Data Engineer,jobrapido,2026-09-15T03:43:42.911294,,,,
3529885287444381696,Senior Data Engineer: Build Scalable AWS ETL & DSP Data,"AgileEngine, LLC.",Capital Federal,,,https://open.app.jobrapido.com/ar/3529885287444381696/?w=data%20engineer&l=&oc=sponsored&k=web.1.4.2&uuid=arF001a0a4058bf26225&page_item_id=627246788,Data Engineer,jobrapido,2026-09-15T03:43:42.911808,,,,
3194766237926162432,Data Engineer for AI & Agentic Solutions,Capgemini Engineering,Capital Federal,,,https://open.app.jobrapido.com/ar/3194766237926162432/?w=data%20engineer&l=&oc=sponsored&k=web.1.4.3&uuid=arF001a0a4058bf26225&page_item_id=-1636195562,Data Engineer,jobrapido,2026-09-15T03:43:42.912326,,,,
4333633784906776576,Senior Data Engineer — Databricks + AI/ML (Remote),FullStack,Capital Federal,,,https://open.app.jobrapido.com/ar/4333633784906776576/?w=data%20engineer&l=&oc=sponsored&k=web.1.4.4&uuid=arF001a0a4058bf26225&page_item_id=507137420,Data Engineer,jobrapido,2026-09-15T03:43:42.913252,,,,
3374937367214292992,"Senior Data Engineer, Tax Technology & Analytics",EY,Capital Federal,,,https://open.app.jobrapido.com/ar/3374937367214292992/?w=data%20engineer&l=&oc=sponsored&k=web.1.4.5&uuid=arF001a0a4058bf26225&page_item_id=1312610439,Data Engineer,jobrapido,2026-09-15T03:43:42.913774,,,,
7571289551218409472,Senior Analytics Engineer: Build Scalable Data & Insights,DEPT®,Capital Federal,,,https://open.app.jobrapido.com/ar/7571289551218409472/?w=data%20engineer&l=&oc=sponsored&k=web.1.4.6&uuid=arF001a0a4058bf26225&page_item_id=-1700485645,Data Engineer,jobrapido,2026-09-15T03:43:42.914281,,,,
5408286296592351232,Senior Data & Insight Engineer — 100% Remote,Nortal,Capital Federal,,,https://open.app.jobrapido.com/ar/5408286296592351232/?w=data%20engineer&l=&oc=sponsored&k=web.1.4.7&uuid=arF001a0a4058bf26225&page_item_id=-2017325033,Data Engineer,jobrapido,2026-09-15T03:43:42.914841,,,,
1578599696895574016,Software Engineer III: Data & AI Pipelines,JPMorganChase,Capital Federal,,,https://open.app.jobrapido.com/ar/1578599696895574016/?w=data%20engineer&l=&oc=sponsored&k=web.1.4.8&uuid=arF001a0a4058bf26225&page_item_id=-123483567,Data Engineer,jobrapido,2026-09-15T03:43:42.915347,,,,
8548483070204837888,Remote Data Engineer — Python + AWS + DBT,FullStack,Capital Federal,,,https://open.app.jobrapido.com/ar/8548483070204837888/?w=data%20engineer&l=&oc=sponsored&k=web.1.4.9&uuid=arF001a0a4058bf26225&page_item_id=1105128293,Data Engineer,jobrapido,2026-09-15T03:43:42.915876,,,,
7319642125946060800,Senior Analytics Engineer — Remote Data Product Lead,CookUnity,Capital Federal,,,https://open.app.jobrapido.com/ar/7319642125946060800/?w=data%20engineer&l=&oc=sponsored&k=web.1.4.10&uuid=arF001a0a4058bf26225&page_item_id=-1614446034,Data Engineer,jobrapido,2026-09-15T03:43:42.916398,,,,
988152795909586944,"Data Engineer — Remote, Scalable Pipelines & Analytics",Emi Labs,Capital Federal,,,https://open.app.jobrapido.com/ar/988152795909586944/?w=data%20engineer&l=&oc=sponsored&k=web.1.4.11&uuid=arF001a0a4058bf26225&page_item_id=-1220151843,Data Engineer,jobrapido,2026-09-15T03:43:42.916916,,,,
8274754393430032384,Data Analytics Engineer,Syneos Health,Capital Federal,,,https://open.app.jobrapido.com/ar/8274754393430032384/?w=data%20engineer&l=&oc=sponsored&k=web.1.4.13&uuid=arF001a0a4058bf26225&page_item_id=1135166078,Data Engineer,jobrapido,2026-09-15T03:43:42.917569,,,,
4401331815340572672,AWS Data Engineer - Lakehouse & Time-Series ETL,On.Energy,Capital Federal,,,https://open.app.jobrapido.com/ar/4401331815340572672/?w=data%20engineer&l=&oc=sponsored&k=web.1.4.14&uuid=arF001a0a4058bf26225&page_item_id=-1883111913,Data Engineer,jobrapido,2026-09-15T03:43:42.918091,,,,
7958485869474611200,Data Engineer - Open application,3M HEALTHCARE,Capital Federal,,,https://open.app.jobrapido.com/ar/7958485869474611200/?w=data%20engineer&l=&oc=sponsored&k=web.1.5.0&uuid=arF001a0a406f5ec6346&page_item_id=-1285170416,Data Engineer,jobrapido,2026-09-15T03:45:15.947294,,,,
6173488991581503488,Staff Data Engineer (Accounting),GoFundMe,Capital Federal,,,https://open.app.jobrapido.com/ar/6173488991581503488/?w=data%20engineer&l=&oc=sponsored&k=web.1.5.1&uuid=arF001a0a406f5ec6346&page_item_id=910319728,Data Engineer,jobrapido,2026-09-15T03:45:15.947950,,,,
5341230569927737344,Data Engineer SSR | COE,Taligent,Capital Federal,,,https://open.app.jobrapido.com/ar/5341230569927737344/?w=data%20engineer&l=&oc=sponsored&k=web.1.5.2&uuid=arF001a0a406f5ec6346&page_item_id=-821638952,Data Engineer,jobrapido,2026-09-15T03:45:15.948917,,,,
1755762545190240256,Senior Data Engineer,Hirebridge,Capital Federal,,,https://open.app.jobrapido.com/ar/1755762545190240256/?w=data%20engineer&l=&oc=sponsored&k=web.1.5.3&uuid=arF001a0a406f5ec6346&page_item_id=262333187,Data Engineer,jobrapido,2026-09-15T03:45:15.949892,,,,
3934052155358445568,ARG SSR Data Engineer,Banco Santander SA,Capital Federal,,,https://open.app.jobrapido.com/ar/3934052155358445568/?w=data%20engineer&l=&oc=sponsored&k=web.1.5.4&uuid=arF001a0a406f5ec6346&page_item_id=-775928430,Data Engineer,jobrapido,2026-09-15T03:45:15.950424,,,,
8835561158170640384,Sr Data Engineer,PedidosYa,Capital Federal,,,https://open.app.jobrapido.com/ar/8835561158170640384/?w=data%20engineer&l=&oc=sponsored&k=web.1.5.5&uuid=arF001a0a406f5ec6346&page_item_id=-416446488,Data Engineer,jobrapido,2026-09-15T03:45:15.950940,,,,
1981433166442790912,Senior Data Engineer - Hybrid Data Platform & AI,MercadoLibre,Capital Federal,,,https://open.app.jobrapido.com/ar/1981433166442790912/?w=data%20engineer&l=&oc=sponsored&k=web.1.5.6&uuid=arF001a0a406f5ec6346&page_item_id=382102394,Data Engineer,jobrapido,2026-09-15T03:45:15.951469,,,,
4895900941607239680,Staff Data Platform Engineer,Medallia,Capital Federal,,,https://open.app.jobrapido.com/ar/4895900941607239680/?w=data%20engineer&l=&oc=sponsored&k=web.1.5.7&uuid=arF001a0a406f5ec6346&page_item_id=-1409164094,Data Engineer,jobrapido,2026-09-15T03:45:15.952160,,,,
2241648828132360192,"Senior Data Engineer: Airflow, dbt & BigQuery on GCP",Cashea,Capital Federal,,,https://open.app.jobrapido.com/ar/2241648828132360192/?w=data%20engineer&l=&oc=sponsored&k=web.1.5.8&uuid=arF001a0a406f5ec6346&page_item_id=-1491683281,Data Engineer,jobrapido,2026-09-15T03:45:15.952663,,,,
729274982172983296,"Senior Data Engineer: Scale Airflow, dbt & BigQuery on GCP",Cashea,Capital Federal,,,https://open.app.jobrapido.com/ar/729274982172983296/?w=data%20engineer&l=&oc=sponsored&k=web.1.5.9&uuid=arF001a0a406f5ec6346&page_item_id=-577382021,Data Engineer,jobrapido,2026-09-15T03:45:15.953244,,,,
2749535840530071552,"Data Engineer, Accounting & Finance Platform",GoFundMe,Capital Federal,,,https://open.app.jobrapido.com/ar/2749535840530071552/?w=data%20engineer&l=&oc=sponsored&k=web.1.5.10&uuid=arF001a0a406f5ec6346&page_item_id=-1300653462,Data Engineer,jobrapido,2026-09-15T03:45:15.954249,,,,
8558833511891468288,Lead AWS Cloud Engineer - Data Platform & AI Delivery,Next Frontier Capital,Capital Federal,,,https://open.app.jobrapido.com/ar/8558833511891468288/?w=data%20engineer&l=&oc=sponsored&k=web.1.5.11&uuid=arF001a0a406f5ec6346&page_item_id=-1303646555,Data Engineer,jobrapido,2026-09-15T03:45:15.955281,,,,
6524561078645424128,Senior Data Engineer - Remote Mexico for AI-Driven Pipelines,Blend,Capital Federal,,,https://open.app.jobrapido.com/ar/6524561078645424128/?w=data%20engineer&l=&oc=sponsored&k=web.1.5.12&uuid=arF001a0a406f5ec6346&page_item_id=-1382858957,Data Engineer,jobrapido,2026-09-15T03:45:15.955864,,,,
8319242489315721216,Data Engineer SR – Informatica IDMC | Data Quality | Data Governance (Híbrido),Rocket Stars,Capital Federal,,,https://open.app.jobrapido.com/ar/8319242489315721216/?w=data%20engineer&l=&oc=sponsored&k=web.1.5.13&uuid=arF001a0a406f5ec6346&page_item_id=-2060306264,Data Engineer,jobrapido,2026-09-15T03:45:15.956394,,,,
8037001256079720448,"Senior Data Engineer — Flexible Hours, AWS ETL Leader",AgileEngine,Capital Federal,,,https://open.app.jobrapido.com/ar/8037001256079720448/?w=data%20engineer&l=&oc=sponsored&k=web.1.5.14&uuid=arF001a0a406f5ec6346&page_item_id=450727614,Data Engineer,jobrapido,2026-09-15T03:45:15.956907,,,,
5183277546979983360,Data Engineer – Informatica IDMC / Data Quality / Data Governance (Híbrido),Talent Connect,Capital Federal,,,https://open.app.jobrapido.com/ar/5183277546979983360/?w=data%20engineer&l=&oc=sponsored&k=web.1.5.15&uuid=arF001a0a406f5ec6346&page_item_id=-10795688,Data Engineer,jobrapido,2026-09-15T03:45:15.957411,,,,
5778298708395294720,LT Data Integration Engineer + Inglés,Join ready,Capital Federal,,,https://open.app.jobrapido.com/ar/5778298708395294720/?w=data%20engineer&l=&oc=sponsored&k=web.1.5.16&uuid=arF001a0a406f5ec6346&page_item_id=-384250723,Data Engineer,jobrapido,2026-09-15T03:45:15.957934,,,,
4408265438744543232,Data Engineer (Python + AWS + DBT) - Remote - Latin America,FullStack,Capital Federal,,,https://open.app.jobrapido.com/ar/4408265438744543232/?w=data%20engineer&l=&oc=sponsored&k=web.1.5.17&uuid=arF001a0a406f5ec6346&page_item_id=-1600397446,Data Engineer,jobrapido,2026-09-15T03:45:15.958433,,,,
38022175092899840,Data Engineer - Latin America - Remote,Azumo,Capital Federal,,,https://open.app.jobrapido.com/ar/38022175092899840/?w=data%20engineer&l=&oc=sponsored&k=web.1.5.18&uuid=arF001a0a406f5ec6346&page_item_id=1277538956,Data Engineer,jobrapido,2026-09-15T03:45:15.958936,,,,
7423733252524867584,Senior Databricks Data Engineer ID86297,AgileEngine,Capital Federal,,,https://open.app.jobrapido.com/ar/7423733252524867584/?w=data%20engineer&l=&oc=sponsored&k=web.1.5.19&uuid=arF001a0a406f5ec6346&page_item_id=-592377419,Data Engineer,jobrapido,2026-09-15T03:45:15.959427,,,,
2303581277288136704,Technical Leader - Smalltalk - ID #00350,Werben HR,Olivos,,,https://open.app.jobrapido.com/ar/2303581277288136704/?w=software%20engineer&l=&oc=sponsored&k=web.1.1.0&uuid=arF001a0a408ecc2653d&page_item_id=1616803604,Software Engineer,jobrapido,2026-09-15T03:47:24.548610,,,,
7991653994936139776,Delivery & Devops Engineer - ID #00346,Werben HR,Olivos,,,https://open.app.jobrapido.com/ar/7991653994936139776/?w=software%20engineer&l=&oc=sponsored&k=web.1.1.1&uuid=arF001a0a408ecc2653d&page_item_id=1452646341,Software Engineer,jobrapido,2026-09-15T03:47:24.549252,,,,
8718890519058448384,Technical Lead - Smalltalk & Software Craftsmanship,Werben HR,Vicente López,,,https://open.app.jobrapido.com/ar/8718890519058448384/?w=software%20engineer&l=&oc=sponsored&k=web.1.1.4&uuid=arF001a0a408ecc2653d&page_item_id=-568100883,Software Engineer,jobrapido,2026-09-15T03:47:24.550482,,,,
3566838516044267520,Technical Leader - Smalltalk - ID #00350,Werben HR,Vicente López,,,https://open.app.jobrapido.com/ar/3566838516044267520/?w=software%20engineer&l=&oc=sponsored&k=web.1.1.5&uuid=arF001a0a408ecc2653d&page_item_id=-1679501806,Software Engineer,jobrapido,2026-09-15T03:47:24.551321,,,,
4919217752121540608,Software Engineer,Ualá,Capital Federal,,,https://open.app.jobrapido.com/ar/4919217752121540608/?w=software%20engineer&l=&oc=sponsored&k=web.1.1.7&uuid=arF001a0a408ecc2653d&page_item_id=-1161379875,Software Engineer,jobrapido,2026-09-15T03:47:24.553467,,,,
8268819985577541632,Software Engineer,Mercado Libre,Capital Federal,,,https://open.app.jobrapido.com/ar/8268819985577541632/?w=software%20engineer&l=&oc=sponsored&k=web.1.1.10&uuid=arF001a0a408ecc2653d&page_item_id=516408774,Software Engineer,jobrapido,2026-09-15T03:47:24.556019,,,,
4541398739041910784,Software Engineer,MercadoLibre,Capital Federal,,,https://open.app.jobrapido.com/ar/4541398739041910784/?w=software%20engineer&l=&oc=sponsored&k=web.1.1.11&uuid=arF001a0a408ecc2653d&page_item_id=-1429880254,Software Engineer,jobrapido,2026-09-15T03:47:24.557887,,,,
1317242381359120384,Sr Software Engineer,Solvo Global Careers,Capital Federal,,,https://open.app.jobrapido.com/ar/1317242381359120384/?w=software%20engineer&l=&oc=sponsored&k=web.1.1.12&uuid=arF001a0a408ecc2653d&page_item_id=-2062552935,Software Engineer,jobrapido,2026-09-15T03:47:24.558879,,,,
493919896862720000,Lead Software Engineer – Java,Werben HR,Capital Federal,,,https://open.app.jobrapido.com/ar/493919896862720000/?w=software%20engineer&l=&oc=sponsored&k=web.1.1.13&uuid=arF001a0a408ecc2653d&page_item_id=100799462,Software Engineer,jobrapido,2026-09-15T03:47:24.560182,,,,
1534548502263103488,iOS Software Engineer IRC300022,GlobalLogic,Capital Federal,,,https://open.app.jobrapido.com/ar/1534548502263103488/?w=software%20engineer&l=&oc=sponsored&k=web.1.1.14&uuid=arF001a0a408ecc2653d&page_item_id=-1578989876,Software Engineer,jobrapido,2026-09-15T03:47:24.560870,,,,
973305386025091072,Sr Software Engineer,MercadoLibre,Capital Federal,,,https://open.app.jobrapido.com/ar/973305386025091072/?w=software%20engineer&l=&oc=sponsored&k=web.1.1.16&uuid=arF001a0a408ecc2653d&page_item_id=-1325129649,Software Engineer,jobrapido,2026-09-15T03:47:24.561910,,,,
1084181100642697216,Sr Software Engineer,Solvo Global,Capital Federal,,,https://open.app.jobrapido.com/ar/1084181100642697216/?w=software%20engineer&l=&oc=sponsored&k=web.1.1.17&uuid=arF001a0a408ecc2653d&page_item_id=-407219260,Software Engineer,jobrapido,2026-09-15T03:47:24.562908,,,,
5959167993207324672,Software Engineer,Epsilon,Capital Federal,,,https://open.app.jobrapido.com/ar/5959167993207324672/?w=software%20engineer&l=&oc=sponsored&k=web.1.1.18&uuid=arF001a0a408ecc2653d&page_item_id=-1112834020,Software Engineer,jobrapido,2026-09-15T03:47:24.563415,,,,
324574713680494592,Senior Backend Software Engineer,MercadoLibre,Capital Federal,,,https://open.app.jobrapido.com/ar/324574713680494592/?w=software%20engineer&l=&oc=sponsored&k=web.1.1.19&uuid=arF001a0a408ecc2653d&page_item_id=-1536749073,Software Engineer,jobrapido,2026-09-15T03:47:24.563917,,,,
1420131947887198208,Sr Software Engineer Android,Mercado Libre,Capital Federal,,,https://open.app.jobrapido.com/ar/1420131947887198208/?w=software%20engineer&l=&oc=sponsored&k=web.1.2.0&uuid=arF001a0a40a3da16656&page_item_id=-975856124,Software Engineer,jobrapido,2026-09-15T03:48:50.848897,,,,
4533100930945515520,Senior Software Engineer (C#),Blend,Capital Federal,,,https://open.app.jobrapido.com/ar/4533100930945515520/?w=software%20engineer&l=&oc=sponsored&k=web.1.2.1&uuid=arF001a0a40a3da16656&page_item_id=-86782428,Software Engineer,jobrapido,2026-09-15T03:48:50.849469,,,,
2094282435712778240,Staff Software Engineer - Insurance,Nubank,Capital Federal,,,https://open.app.jobrapido.com/ar/2094282435712778240/?w=software%20engineer&l=&oc=sponsored&k=web.1.2.5&uuid=arF001a0a40a3da16656&page_item_id=-1064042453,Software Engineer,jobrapido,2026-09-15T03:48:50.850392,,,,
2161481236327956480,Staff Software Engineer (Payments),GoFundMe,Capital Federal,,,https://open.app.jobrapido.com/ar/2161481236327956480/?w=software%20engineer&l=&oc=sponsored&k=web.1.2.7&uuid=arF001a0a40a3da16656&page_item_id=537966844,Software Engineer,jobrapido,2026-09-15T03:48:50.851022,,,,
5624459078706135040,"Software Engineer, Argentina",Visa Hunt,Capital Federal,,,https://open.app.jobrapido.com/ar/5624459078706135040/?w=software%20engineer&l=&oc=sponsored&k=web.1.2.8&uuid=arF001a0a40a3da16656&page_item_id=1382192962,Software Engineer,jobrapido,2026-09-15T03:48:50.851507,,,,
6409038810708967424,Software Defined Networking : Software Engineer III,Fairygodboss,Capital Federal,,,https://open.app.jobrapido.com/ar/6409038810708967424/?w=software%20engineer&l=&oc=sponsored&k=web.1.2.9&uuid=arF001a0a40a3da16656&page_item_id=98241120,Software Engineer,jobrapido,2026-09-15T03:48:50.851997,,,,
3784382509416972288,"Software Engineer — Hybrid, Cloud & Impact",Kyndryl,Capital Federal,,,https://open.app.jobrapido.com/ar/3784382509416972288/?w=software%20engineer&l=&oc=sponsored&k=web.1.2.10&uuid=arF001a0a40a3da16656&page_item_id=2107548480,Software Engineer,jobrapido,2026-09-15T03:48:50.852497,,,,
3922940645466963968,Staff Software Engineer - Integrations Platform,GoFundMe,Capital Federal,,,https://open.app.jobrapido.com/ar/3922940645466963968/?w=software%20engineer&l=&oc=sponsored&k=web.1.2.11&uuid=arF001a0a40a3da16656&page_item_id=-173174972,Software Engineer,jobrapido,2026-09-15T03:48:50.852993,,,,
4897840222420598784,"Staff Software Engineer, Payments Infrastructure",GoFundMe,Capital Federal,,,https://open.app.jobrapido.com/ar/4897840222420598784/?w=software%20engineer&l=&oc=sponsored&k=web.1.2.13&uuid=arF001a0a40a3da16656&page_item_id=-183795259,Software Engineer,jobrapido,2026-09-15T03:48:50.853618,,,,
4331244546139619328,Sr Software Engineer .NET / C#,Allied Global Technology Services,Capital Federal,,,https://open.app.jobrapido.com/ar/4331244546139619328/?w=software%20engineer&l=&oc=sponsored&k=web.1.2.14&uuid=arF001a0a40a3da16656&page_item_id=746091466,Software Engineer,jobrapido,2026-09-15T03:48:50.854151,,,,
1378300461072777216,AWS Database SRE Software Engineer,JPMorgan Chase & Co.,Capital Federal,,,https://open.app.jobrapido.com/ar/1378300461072777216/?w=software%20engineer&l=&oc=sponsored&k=web.1.2.15&uuid=arF001a0a40a3da16656&page_item_id=798921812,Software Engineer,jobrapido,2026-09-15T03:48:50.854637,,,,
5791544147017990144,Software Engineer III - Smalltalk Developer,JPMorgan Chase & Co.,Capital Federal,,,https://open.app.jobrapido.com/ar/5791544147017990144/?w=software%20engineer&l=&oc=sponsored&k=web.1.2.16&uuid=arF001a0a40a3da16656&page_item_id=-602565623,Software Engineer,jobrapido,2026-09-15T03:48:50.855123,,,,
4824797465964183552,AWS Database SRE Software Engineer,Fairygodboss,Capital Federal,,,https://open.app.jobrapido.com/ar/4824797465964183552/?w=software%20engineer&l=&oc=sponsored&k=web.1.2.17&uuid=arF001a0a40a3da16656&page_item_id=1104442489,Software Engineer,jobrapido,2026-09-15T03:48:50.855607,,,,
7566223001637617664,Product Lead / Senior Software Engineer,AstroPay,Capital Federal,,,https://open.app.jobrapido.com/ar/7566223001637617664/?w=software%20engineer&l=&oc=sponsored&k=web.1.2.18&uuid=arF001a0a40a3da16656&page_item_id=962596222,Software Engineer,jobrapido,2026-09-15T03:48:50.856118,,,,
8330023888020832256,Full Stack Software Engineer ID85839,"AgileEngine, LLC.",Capital Federal,,,https://open.app.jobrapido.com/ar/8330023888020832256/?w=software%20engineer&l=&oc=sponsored&k=web.1.2.19&uuid=arF001a0a40a3da16656&page_item_id=701870789,Software Engineer,jobrapido,2026-09-15T03:48:50.856601,,,,
7251016915152273408,Full Stack Software Engineer ID85596,"AgileEngine, LLC.",Capital Federal,,,https://open.app.jobrapido.com/ar/7251016915152273408/?w=software%20engineer&l=&oc=sponsored&k=web.1.3.10&uuid=arF001a0a40ba9386794&page_item_id=1385666405,Software Engineer,jobrapido,2026-09-15T03:50:23.771272,,,,
3523433559371022336,"Software Engineer, ML Inference Platform",Dialpad,Capital Federal,,,https://open.app.jobrapido.com/ar/3523433559371022336/?w=software%20engineer&l=&oc=sponsored&k=web.1.3.11&uuid=arF001a0a40ba9386794&page_item_id=-700565037,Software Engineer,jobrapido,2026-09-15T03:50:23.771827,,,,
1739682187634016256,Staff Software Engineer (Integrations Platform),GoFundMe,Capital Federal,,,https://open.app.jobrapido.com/ar/1739682187634016256/?w=software%20engineer&l=&oc=sponsored&k=web.1.3.12&uuid=arF001a0a40ba9386794&page_item_id=-676184916,Software Engineer,jobrapido,2026-09-15T03:50:23.772323,,,,
6581201320638676992,"Industrial Automation Software Engineer (C++, C#, Python)",Dabrein Solutions,Capital Federal,,,https://open.app.jobrapido.com/ar/6581201320638676992/?w=software%20engineer&l=&oc=sponsored&k=web.1.3.13&uuid=arF001a0a40ba9386794&page_item_id=117412730,Software Engineer,jobrapido,2026-09-15T03:50:23.772827,,,,
5708910367812354048,Senior Security Software Engineer - Embedded & Crypto,Jobtailor,Capital Federal,,,https://open.app.jobrapido.com/ar/5708910367812354048/?w=software%20engineer&l=&oc=sponsored&k=web.1.3.14&uuid=arF001a0a40ba9386794&page_item_id=300615426,Software Engineer,jobrapido,2026-09-15T03:50:23.773322,,,,
447884650677796864,Senior Software Engineer Fullstack,Bunker db,Capital Federal,,,https://open.app.jobrapido.com/ar/447884650677796864/?w=software%20engineer&l=&oc=sponsored&k=web.1.4.0&uuid=arF001a0a40c4160685c&page_item_id=-1159591264,Software Engineer,jobrapido,2026-09-15T03:51:02.730768,,,,
4845703940831969280,Software Engineer II - Python,JPMorganChase,Capital Federal,,,https://open.app.jobrapido.com/ar/4845703940831969280/?w=software%20engineer&l=&oc=sponsored&k=web.1.4.2&uuid=arF001a0a40c4160685c&page_item_id=-1869443650,Software Engineer,jobrapido,2026-09-15T03:51:02.731839,,,,
43900164254990336,Senior Software Engineer ID87667,"AgileEngine, LLC.",Capital Federal,,,https://open.app.jobrapido.com/ar/43900164254990336/?w=software%20engineer&l=&oc=sponsored&k=web.1.4.3&uuid=arF001a0a40c4160685c&page_item_id=-1463680738,Software Engineer,jobrapido,2026-09-15T03:51:02.732432,,,,
7612703017455845376,SR Java Software Engineer,Wakapi,Capital Federal,,,https://open.app.jobrapido.com/ar/7612703017455845376/?w=software%20engineer&l=&oc=sponsored&k=web.1.4.4&uuid=arF001a0a40c4160685c&page_item_id=677482957,Software Engineer,jobrapido,2026-09-15T03:51:02.732938,,,,
6032141497611059200,Software Engineer - AI,Bynd,Capital Federal,,,https://open.app.jobrapido.com/ar/6032141497611059200/?w=software%20engineer&l=&oc=sponsored&k=web.1.4.5&uuid=arF001a0a40c4160685c&page_item_id=-121448271,Software Engineer,jobrapido,2026-09-15T03:51:02.733429,,,,
1317369237513175040,Software Engineer II - C#/.Net - Neovest,JPMorgan Chase & Co.,Capital Federal,,,https://open.app.jobrapido.com/ar/1317369237513175040/?w=software%20engineer&l=&oc=sponsored&k=web.1.4.6&uuid=arF001a0a40c4160685c&page_item_id=-929408939,Software Engineer,jobrapido,2026-09-15T03:51:02.734588,,,,
7231858577873305600,Senior Software Engineer (EU),Marathon Talent,Capital Federal,,,https://open.app.jobrapido.com/ar/7231858577873305600/?w=software%20engineer&l=&oc=sponsored&k=web.1.4.7&uuid=arF001a0a40c4160685c&page_item_id=-1531846493,Software Engineer,jobrapido,2026-09-15T03:51:02.735268,,,,
3529054898467373056,Senior Software Engineer (Payments),GoFundMe,Capital Federal,,,https://open.app.jobrapido.com/ar/3529054898467373056/?w=software%20engineer&l=&oc=sponsored&k=web.1.4.8&uuid=arF001a0a40c4160685c&page_item_id=673384172,Software Engineer,jobrapido,2026-09-15T03:51:02.736249,,,,
6978514606159298560,Software Engineer Backend - Personal Banker IT,Mercado Libre,Capital Federal,,,https://open.app.jobrapido.com/ar/6978514606159298560/?w=software%20engineer&l=&oc=sponsored&k=web.1.4.10&uuid=arF001a0a40c4160685c&page_item_id=1536081003,Software Engineer,jobrapido,2026-09-15T03:51:02.737453,,,,
7574512477497458688,Sr Software Engineer iOS,PedidosYa,Capital Federal,,,https://open.app.jobrapido.com/ar/7574512477497458688/?w=software%20engineer&l=&oc=sponsored&k=web.1.4.11&uuid=arF001a0a40c4160685c&page_item_id=915426783,Software Engineer,jobrapido,2026-09-15T03:51:02.738186,,,,
5618728681800204288,Back-End Software Engineer,Bask Health,Capital Federal,,,https://open.app.jobrapido.com/ar/5618728681800204288/?w=software%20engineer&l=&oc=sponsored&k=web.1.4.12&uuid=arF001a0a40c4160685c&page_item_id=516853375,Software Engineer,jobrapido,2026-09-15T03:51:02.738931,,,,
7691434543995158528,Fullstack Software Engineer,Colppy,Capital Federal,,,https://open.app.jobrapido.com/ar/7691434543995158528/?w=software%20engineer&l=&oc=sponsored&k=web.1.4.13&uuid=arF001a0a40c4160685c&page_item_id=-2036704580,Software Engineer,jobrapido,2026-09-15T03:51:02.739437,,,,
8178876635890581504,Software Engineer I Full Stack - Buenos Aires,Despegar,Capital Federal,,,https://open.app.jobrapido.com/ar/8178876635890581504/?w=software%20engineer&l=&oc=sponsored&k=web.1.4.14&uuid=arF001a0a40c4160685c&page_item_id=2020937326,Software Engineer,jobrapido,2026-09-15T03:51:02.739943,,,,
4524449904738697216,Software Engineer – Backend NET – ID #00061,Werben HR,Capital Federal,,,https://open.app.jobrapido.com/ar/4524449904738697216/?w=software%20engineer&l=&oc=sponsored&k=web.1.4.15&uuid=arF001a0a40c4160685c&page_item_id=-763217991,Software Engineer,jobrapido,2026-09-15T03:51:02.740440,,,,
4649680705729593344,Sr Software Engineer Backend,PedidosYa,Capital Federal,,,https://open.app.jobrapido.com/ar/4649680705729593344/?w=software%20engineer&l=&oc=sponsored&k=web.1.4.16&uuid=arF001a0a40c4160685c&page_item_id=713238367,Software Engineer,jobrapido,2026-09-15T03:51:02.740954,,,,
7207025592363909120,Sr Lead Software Engineer - Networking Infrastructure Developer,JPMorgan Chase & Co.,Capital Federal,,,https://open.app.jobrapido.com/ar/7207025592363909120/?w=software%20engineer&l=&oc=sponsored&k=web.1.4.17&uuid=arF001a0a40c4160685c&page_item_id=-1606370227,Software Engineer,jobrapido,2026-09-15T03:51:02.741446,,,,
1353584642271215616,Senior Software Engineer - AI,Beyond,Capital Federal,,,https://open.app.jobrapido.com/ar/1353584642271215616/?w=software%20engineer&l=&oc=sponsored&k=web.1.4.18&uuid=arF001a0a40c4160685c&page_item_id=-1016129372,Software Engineer,jobrapido,2026-09-15T03:51:02.741941,,,,
235988247241555968,Staff Software Engineer - R2,Marathon Talent,Capital Federal,,,https://open.app.jobrapido.com/ar/235988247241555968/?w=software%20engineer&l=&oc=sponsored&k=web.1.4.19&uuid=arF001a0a40c4160685c&page_item_id=-701948530,Software Engineer,jobrapido,2026-09-15T03:51:02.742433,,,,
1747493169777344512,Pasante de Ciencia de Datos,Laboratorio Varifarma,Beccar,,,https://open.app.jobrapido.com/ar/1747493169777344512/?w=python&l=&oc=sponsored&k=web.1.1.1&uuid=arF001a0a40e15976a56&page_item_id=763369073,Python Developer,jobrapido,2026-09-15T03:53:02.773707,,,,
2648909180601106432,Administrador de Sistemas,Just International LATAM,General Rodríguez,,,https://open.app.jobrapido.com/ar/2648909180601106432/?w=python&l=&oc=sponsored&k=web.1.1.2&uuid=arF001a0a40e15976a56&page_item_id=-721289405,Python Developer,jobrapido,2026-09-15T03:53:02.774288,,,,
91395630601076736,"Ingeniería de Datos Junior: ETL, Lakehouse y Power BI",Toyota Argentina S.A. Company,Zárate,,,https://open.app.jobrapido.com/ar/91395630601076736/?w=python&l=&oc=sponsored&k=web.1.1.3&uuid=arF001a0a40e15976a56&page_item_id=1587288226,Python Developer,jobrapido,2026-09-15T03:53:02.774860,,,,
54348754534268928,Ingeniero de Datos Senior: Lidera Pipelines Lakehouse,Toyota,Zárate,,,https://open.app.jobrapido.com/ar/54348754534268928/?w=python&l=&oc=sponsored&k=web.1.1.4&uuid=arF001a0a40e15976a56&page_item_id=-1695053019,Python Developer,jobrapido,2026-09-15T03:53:02.775430,,,,
2800355955160645632,Ingeniero de Datos Senior | Lidera Pipelines Lakehouse,Toyota Argentina S.A. Company,Zárate,,,https://open.app.jobrapido.com/ar/2800355955160645632/?w=python&l=&oc=sponsored&k=web.1.1.5&uuid=arF001a0a40e15976a56&page_item_id=119622364,Python Developer,jobrapido,2026-09-15T03:53:02.775994,,,,
262851274813210624,Ing. de Datos JR.,Toyota Argentina S.A. Company,Zárate,,,https://open.app.jobrapido.com/ar/262851274813210624/?w=python&l=&oc=sponsored&k=web.1.1.6&uuid=arF001a0a40e15976a56&page_item_id=538549316,Python Developer,jobrapido,2026-09-15T03:53:02.776592,,,,
7436087399534297088,Líder de Business Analytics Translator,Toyota Argentina S.A. Company,Zárate,,,https://open.app.jobrapido.com/ar/7436087399534297088/?w=python&l=&oc=sponsored&k=web.1.1.7&uuid=arF001a0a40e15976a56&page_item_id=1538949673,Python Developer,jobrapido,2026-09-15T03:53:02.777186,,,,
1044152211602407424,Business Analytics Translator Senior,Toyota,Zárate,,,https://open.app.jobrapido.com/ar/1044152211602407424/?w=python&l=&oc=sponsored&k=web.1.1.9&uuid=arF001a0a40e15976a56&page_item_id=-898070550,Python Developer,jobrapido,2026-09-15T03:53:02.777918,,,,
7642649144351260672,Senior Data Analytics Translator - Platform & Dashboards,Toyota Argentina S.A. Company,Zárate,,,https://open.app.jobrapido.com/ar/7642649144351260672/?w=python&l=&oc=sponsored&k=web.1.1.10&uuid=arF001a0a40e15976a56&page_item_id=174305182,Python Developer,jobrapido,2026-09-15T03:53:02.778484,,,,
2022746147625369600,Business Analytics Translator Senior,Toyota Argentina S.A. Company,Zárate,,,https://open.app.jobrapido.com/ar/2022746147625369600/?w=python&l=&oc=sponsored&k=web.1.1.11&uuid=arF001a0a40e15976a56&page_item_id=-320417994,Python Developer,jobrapido,2026-09-15T03:53:02.779053,,,,
8318395238297108480,BackEnd Developer ( Python),Bumeran Selecta,Vicente López,,,https://open.app.jobrapido.com/ar/8318395238297108480/?w=python&l=&oc=sponsored&k=web.1.1.14&uuid=arF001a0a40e15976a56&page_item_id=789070083,Python Developer,jobrapido,2026-09-15T03:53:02.779937,,,,
8570929497006669824,Desarrollador Java y Python - Automatización e Infraestructura,Voolkia,Vicente López,,,https://open.app.jobrapido.com/ar/8570929497006669824/?w=python&l=&oc=sponsored&k=web.1.1.15&uuid=arF001a0a40e15976a56&page_item_id=-1657366939,Python Developer,jobrapido,2026-09-15T03:53:02.780431,,,,
5622950806450864128,Desarrollador Java Ssr - Aprendé Python y Automatización,Voolkia,Vicente López,,,https://open.app.jobrapido.com/ar/5622950806450864128/?w=python&l=&oc=sponsored&k=web.1.1.16&uuid=arF001a0a40e15976a56&page_item_id=1147561150,Python Developer,jobrapido,2026-09-15T03:53:02.781014,,,,
1138471789366607872,Senior Full Stack Engineer - Remote (Argentina),Cognizant,Vicente López,,,https://open.app.jobrapido.com/ar/1138471789366607872/?w=python&l=&oc=sponsored&k=web.1.1.17&uuid=arF001a0a40e15976a56&page_item_id=318135828,Python Developer,jobrapido,2026-09-15T03:53:02.781523,,,,
3705113356051415040,CX Operations Sr. Manager,DiDi Global,Vicente López,,,https://open.app.jobrapido.com/ar/3705113356051415040/?w=python&l=&oc=sponsored&k=web.1.1.19&uuid=arF001a0a40e15976a56&page_item_id=-1011972539,Python Developer,jobrapido,2026-09-15T03:53:02.782176,,,,
3933029334666706944,Data Solutions Manager - Experience & Analytics Lead,PwC South Africa,Vicente López,,,https://open.app.jobrapido.com/ar/3933029334666706944/?w=python&l=&oc=sponsored&k=web.1.2.5&uuid=arF001a0a40fa9066c19&page_item_id=-1476542844,Python Developer,jobrapido,2026-09-15T03:54:45.823062,,,,
4711725459690225664,Data Solutions Manager,PwC South Africa,Vicente López,,,https://open.app.jobrapido.com/ar/4711725459690225664/?w=python&l=&oc=sponsored&k=web.1.2.6&uuid=arF001a0a40fa9066c19&page_item_id=-1336760544,Python Developer,jobrapido,2026-09-15T03:54:45.823632,,,,
8799177682752372736,Detection Researcher: Coding-Focused Security Analysis,Zimperium,Vicente López,,,https://open.app.jobrapido.com/ar/8799177682752372736/?w=python&l=&oc=sponsored&k=web.1.2.7&uuid=arF001a0a40fa9066c19&page_item_id=748243503,Python Developer,jobrapido,2026-09-15T03:54:45.824429,,,,
3406803859887095808,Desarrollador/a Fullstack Sr,Link,Morón,,,https://open.app.jobrapido.com/ar/3406803859887095808/?w=python&l=&oc=sponsored&k=web.1.2.9&uuid=arF001a0a40fa9066c19&page_item_id=432474907,Python Developer,jobrapido,2026-09-15T03:54:45.825351,,,,
3857928979637862400,Desarrollador Python,Artax Advisors,Capital Federal,,,https://open.app.jobrapido.com/ar/3857928979637862400/?w=python&l=&oc=sponsored&k=web.1.2.10&uuid=arF001a0a40fa9066c19&page_item_id=1790116597,Python Developer,jobrapido,2026-09-15T03:54:45.826058,,,,
5885476456171044864,Fullstack Developer (Python/React),Talan Group,Capital Federal,,,https://open.app.jobrapido.com/ar/5885476456171044864/?w=python&l=&oc=sponsored&k=web.1.2.12&uuid=arF001a0a40fa9066c19&page_item_id=-592180345,Python Developer,jobrapido,2026-09-15T03:54:45.826791,,,,
5742535546513653760,Fullstack Developer (Python/React),Talan,Capital Federal,,,https://open.app.jobrapido.com/ar/5742535546513653760/?w=python&l=&oc=sponsored&k=web.1.2.13&uuid=arF001a0a40fa9066c19&page_item_id=-2135436209,Python Developer,jobrapido,2026-09-15T03:54:45.827343,,,,
7495291307506532352,"Software Engineer - Backend, Python",Qodea,Capital Federal,,,https://open.app.jobrapido.com/ar/7495291307506532352/?w=python&l=&oc=sponsored&k=web.1.2.14&uuid=arF001a0a40fa9066c19&page_item_id=-212983257,Python Developer,jobrapido,2026-09-15T03:54:45.827893,,,,
8438662938289504256,Backend Engineer - Python,Bynd Limited,Capital Federal,,,https://open.app.jobrapido.com/ar/8438662938289504256/?w=python&l=&oc=sponsored&k=web.1.3.0&uuid=arF001a0a41075966d38&page_item_id=-1345885535,Python Developer,jobrapido,2026-09-15T03:55:38.142258,,,,
8195827256900190208,"Software Engineer - Backend, Python",Beyond,Capital Federal,,,https://open.app.jobrapido.com/ar/8195827256900190208/?w=python&l=&oc=sponsored&k=web.1.3.1&uuid=arF001a0a41075966d38&page_item_id=642810587,Python Developer,jobrapido,2026-09-15T03:55:38.142820,,,,
8117333774628290560,Python Backend Developer,Pearster,Capital Federal,,,https://open.app.jobrapido.com/ar/8117333774628290560/?w=python&l=&oc=sponsored&k=web.1.3.2&uuid=arF001a0a41075966d38&page_item_id=-2032191441,Python Developer,jobrapido,2026-09-15T03:55:38.143304,,,,
8408176590407598080,Data Developer (Python & Databricks),Talan,Capital Federal,,,https://open.app.jobrapido.com/ar/8408176590407598080/?w=python&l=&oc=sponsored&k=web.1.3.3&uuid=arF001a0a41075966d38&page_item_id=-2089578409,Python Developer,jobrapido,2026-09-15T03:55:38.144865,,,,
3525023350105571328,Fullstack Python Developer,HTD,Capital Federal,,,https://open.app.jobrapido.com/ar/3525023350105571328/?w=python&l=&oc=sponsored&k=web.1.3.4&uuid=arF001a0a41075966d38&page_item_id=-989456009,Python Developer,jobrapido,2026-09-15T03:55:38.146227,,,,
2059429325861552128,Python Software Engineer,Beyond,Capital Federal,,,https://open.app.jobrapido.com/ar/2059429325861552128/?w=python&l=&oc=sponsored&k=web.1.3.6&uuid=arF001a0a41075966d38&page_item_id=686129928,Python Developer,jobrapido,2026-09-15T03:55:38.148025,,,,
2764065543093747712,Python Developer - Remote,Zyte,Capital Federal,,,https://open.app.jobrapido.com/ar/2764065543093747712/?w=python&l=&oc=sponsored&k=web.1.3.7&uuid=arF001a0a41075966d38&page_item_id=-1754630726,Python Developer,jobrapido,2026-09-15T03:55:38.148632,,,,
2553188696174100480,GenAI Backend Engineer (Python/.NET) — Remote & Growth,Accenture,Capital Federal,,,https://open.app.jobrapido.com/ar/2553188696174100480/?w=python&l=&oc=sponsored&k=web.1.3.8&uuid=arF001a0a41075966d38&page_item_id=725860336,Python Developer,jobrapido,2026-09-15T03:55:38.149299,,,,
4687991831189782528,Python Engineer - GIS & Data Automation (Oil & Gas),Capgemini,Capital Federal,,,https://open.app.jobrapido.com/ar/4687991831189782528/?w=python&l=&oc=sponsored&k=web.1.3.9&uuid=arF001a0a41075966d38&page_item_id=452192996,Python Developer,jobrapido,2026-09-15T03:55:38.149817,,,,
1191680902246170624,Desarrollador/a Fullstack (React + Python),Aliancers,Capital Federal,,,https://open.app.jobrapido.com/ar/1191680902246170624/?w=python&l=&oc=sponsored&k=web.1.3.10&uuid=arF001a0a41075966d38&page_item_id=605803412,Python Developer,jobrapido,2026-09-15T03:55:38.150318,,,,
3013055792359145472,Backend AI Engineer (SR) – Python / LangGraph / Azure,Rocket Stars,Capital Federal,,,https://open.app.jobrapido.com/ar/3013055792359145472/?w=python&l=&oc=sponsored&k=web.1.3.11&uuid=arF001a0a41075966d38&page_item_id=1167760344,Python Developer,jobrapido,2026-09-15T03:55:38.150820,,,,
7170968963956867072,"Senior Backend AI Engineer — Python, LangGraph, Azure",Rocket Stars,Capital Federal,,,https://open.app.jobrapido.com/ar/7170968963956867072/?w=python&l=&oc=sponsored&k=web.1.3.12&uuid=arF001a0a41075966d38&page_item_id=7694107,Python Developer,jobrapido,2026-09-15T03:55:38.151313,,,,
6299557620432764928,Backend AI Engineer – Python / LangGraph / Azure,Rocket Stars,Capital Federal,,,https://open.app.jobrapido.com/ar/6299557620432764928/?w=python&l=&oc=sponsored&k=web.1.3.13&uuid=arF001a0a41075966d38&page_item_id=-799895678,Python Developer,jobrapido,2026-09-15T03:55:38.151814,,,,
7329784021200666624,"Remote Senior AI Engineer: LLMs, Python & AWS",Rocket Stars,Capital Federal,,,https://open.app.jobrapido.com/ar/7329784021200666624/?w=python&l=&oc=sponsored&k=web.1.3.14&uuid=arF001a0a41075966d38&page_item_id=-1679430718,Python Developer,jobrapido,2026-09-15T03:55:38.152326,,,,
3820876399854485504,Python Automation Engineer — AI Agent Systems,SCALIS,Capital Federal,,,https://open.app.jobrapido.com/ar/3820876399854485504/?w=python&l=&oc=sponsored&k=web.1.3.15&uuid=arF001a0a41075966d38&page_item_id=1568278525,Python Developer,jobrapido,2026-09-15T03:55:38.152826,,,,
3111819767921508352,Remote System Engineer: Python & DevOps Automation,Werben HR,Capital Federal,,,https://open.app.jobrapido.com/ar/3111819767921508352/?w=python&l=&oc=sponsored&k=web.1.3.17&uuid=arF001a0a41075966d38&page_item_id=-1279037855,Python Developer,jobrapido,2026-09-15T03:55:38.153462,,,,
6874664599044489216,Senior Fullstack Engineer - Remote (React/Node/Python),Nortal,Capital Federal,,,https://open.app.jobrapido.com/ar/6874664599044489216/?w=python&l=&oc=sponsored&k=web.1.3.19&uuid=arF001a0a41075966d38&page_item_id=-210977577,Python Developer,jobrapido,2026-09-15T03:55:38.154112,,,,
3629953163538202624,Desarrollador Backend.NET Senior,Megatlon,Olivos,,,https://open.app.jobrapido.com/ar/3629953163538202624/?w=desarrollador%20backend&l=&oc=sponsored&k=web.1.1.0&uuid=arF001a0a4123a9f6f90&page_item_id=-1517424024,Desarrollador Backend,jobrapido,2026-09-15T03:57:35.069023,,,,
5148661914460487680,"Desarrollador Backend Senior: Smalltalk, REST y APIs",Werben HR,Vicente López,,,https://open.app.jobrapido.com/ar/5148661914460487680/?w=desarrollador%20backend&l=&oc=sponsored&k=web.1.1.1&uuid=arF001a0a4123a9f6f90&page_item_id=701535197,Desarrollador Backend,jobrapido,2026-09-15T03:57:35.069611,,,,
3485355616275267584,Desarrollador Backend .NET Senior,Megatlon,Vicente López,,,https://open.app.jobrapido.com/ar/3485355616275267584/?w=desarrollador%20backend&l=&oc=sponsored&k=web.1.1.2&uuid=arF001a0a4123a9f6f90&page_item_id=1469882761,Desarrollador Backend,jobrapido,2026-09-15T03:57:35.070123,,,,
7816648989750591488,Desarrollador Backend .NET Senior – Azure & Microservicios,Megatlon,Vicente López,,,https://open.app.jobrapido.com/ar/7816648989750591488/?w=desarrollador%20backend&l=&oc=sponsored&k=web.1.1.3&uuid=arF001a0a4123a9f6f90&page_item_id=1944213876,Desarrollador Backend,jobrapido,2026-09-15T03:57:35.070625,,,,
47304252254584832,Programador Java Sr,Link,Morón,,,https://open.app.jobrapido.com/ar/47304252254584832/?w=desarrollador%20backend&l=&oc=sponsored&k=web.1.1.5&uuid=arF001a0a4123a9f6f90&page_item_id=570404014,Desarrollador Backend,jobrapido,2026-09-15T03:57:35.071288,,,,
8947491811245424640,DESARROLLADOR BackEnd,Boldt,Capital Federal,,,https://open.app.jobrapido.com/ar/8947491811245424640/?w=desarrollador%20backend&l=&oc=sponsored&k=web.1.1.6&uuid=arF001a0a4123a9f6f90&page_item_id=-1100138448,Desarrollador Backend,jobrapido,2026-09-15T03:57:35.071788,,,,
2842862043898314752,Desarrollador Backend Senior,VEMO,Capital Federal,,,https://open.app.jobrapido.com/ar/2842862043898314752/?w=desarrollador%20backend&l=&oc=sponsored&k=web.1.1.7&uuid=arF001a0a4123a9f6f90&page_item_id=1819744582,Desarrollador Backend,jobrapido,2026-09-15T03:57:35.072276,,,,
7563414230464987136,Desarrollador/a Backend Ssr.,Grupo ST,Capital Federal,,,https://open.app.jobrapido.com/ar/7563414230464987136/?w=desarrollador%20backend&l=&oc=sponsored&k=web.1.1.8&uuid=arF001a0a4123a9f6f90&page_item_id=-1050546910,Desarrollador Backend,jobrapido,2026-09-15T03:57:35.072776,,,,
782485503801819136,Desarrollador/a Backend Ssr.,Cosys Global,Capital Federal,,,https://open.app.jobrapido.com/ar/782485503801819136/?w=desarrollador%20backend&l=&oc=sponsored&k=web.1.1.9&uuid=arF001a0a4123a9f6f90&page_item_id=-1707549525,Desarrollador Backend,jobrapido,2026-09-15T03:57:35.073261,,,,
1039638888169078784,Desarrollador/a Backend Java SSR,Infosis,Capital Federal,,,https://open.app.jobrapido.com/ar/1039638888169078784/?w=desarrollador%20backend&l=&oc=sponsored&k=web.1.1.10&uuid=arF001a0a4123a9f6f90&page_item_id=-1589856957,Desarrollador Backend,jobrapido,2026-09-15T03:57:35.073767,,,,
3649678728558018560,"Desarrollador .NET Senior — Backend, APIs y Nube",Capgemini,Capital Federal,,,https://open.app.jobrapido.com/ar/3649678728558018560/?w=desarrollador%20backend&l=&oc=sponsored&k=web.1.1.11&uuid=arF001a0a4123a9f6f90&page_item_id=356086865,Desarrollador Backend,jobrapido,2026-09-15T03:57:35.074260,,,,
299621743964717056,Desarrollador Backend Java - Referente técnico,ThinkBig HR,Capital Federal,,,https://open.app.jobrapido.com/ar/299621743964717056/?w=desarrollador%20backend&l=&oc=sponsored&k=web.1.1.12&uuid=arF001a0a4123a9f6f90&page_item_id=-1271882375,Desarrollador Backend,jobrapido,2026-09-15T03:57:35.074766,,,,
1864759589572968448,Desarrollador Backend – Golang / Microservicios / APIs REST (Remoto) | 202722,Talent Connect,Capital Federal,,,https://open.app.jobrapido.com/ar/1864759589572968448/?w=desarrollador%20backend&l=&oc=sponsored&k=web.1.1.13&uuid=arF001a0a4123a9f6f90&page_item_id=-1103781737,Desarrollador Backend,jobrapido,2026-09-15T03:57:35.075271,,,,
1583190604618137600,Desarrollador Backend (SSR) – Computer Vision & AI / Python / Azure (Híbrido),Talent Connect,Capital Federal,,,https://open.app.jobrapido.com/ar/1583190604618137600/?w=desarrollador%20backend&l=&oc=sponsored&k=web.1.1.14&uuid=arF001a0a4123a9f6f90&page_item_id=1872132885,Desarrollador Backend,jobrapido,2026-09-15T03:57:35.075778,,,,
2081354584151818240,"Desarrollador Backend (SR) – Node.js / Java Spring Boot (Híbrido, CABA) | 185131",Talent Connect,Capital Federal,,,https://open.app.jobrapido.com/ar/2081354584151818240/?w=desarrollador%20backend&l=&oc=sponsored&k=web.1.1.15&uuid=arF001a0a4123a9f6f90&page_item_id=-973925799,Desarrollador Backend,jobrapido,2026-09-15T03:57:35.076270,,,,
1868754218395893760,Desarrollador Backend (SSR) – Computer Vision & AI / Python / Azure OpenAI,Talent Connect,Capital Federal,,,https://open.app.jobrapido.com/ar/1868754218395893760/?w=desarrollador%20backend&l=&oc=sponsored&k=web.1.1.16&uuid=arF001a0a4123a9f6f90&page_item_id=31546774,Desarrollador Backend,jobrapido,2026-09-15T03:57:35.076764,,,,
3164125133782646784,Desarrollador/a Backend GO SSR ID #00267,Werben HR,Capital Federal,,,https://open.app.jobrapido.com/ar/3164125133782646784/?w=desarrollador%20backend&l=&oc=sponsored&k=web.1.1.17&uuid=arF001a0a4123a9f6f90&page_item_id=179419043,Desarrollador Backend,jobrapido,2026-09-15T03:57:35.077252,,,,
3916646302175199232,Desarrollador/a Backend GO SSR ID #00267,Werben HR,Capital Federal,,,https://open.app.jobrapido.com/ar/3916646302175199232/?w=desarrollador%20backend&l=&oc=sponsored&k=web.1.1.18&uuid=arF001a0a4123a9f6f90&page_item_id=2065122300,Desarrollador Backend,jobrapido,2026-09-15T03:57:35.078616,,,,
1869243191832608768,Senior Backend Architect & Tech Lead,Werben HR,Capital Federal,,,https://open.app.jobrapido.com/ar/1869243191832608768/?w=desarrollador%20backend&l=&oc=sponsored&k=web.1.1.19&uuid=arF001a0a4123a9f6f90&page_item_id=99363388,Desarrollador Backend,jobrapido,2026-09-15T03:57:35.079424,,,,
8827045406253776896,Backend Senior Engineer: Lidera Arquitectura y Rendimiento,Werben HR,Capital Federal,,,https://open.app.jobrapido.com/ar/8827045406253776896/?w=desarrollador%20backend&l=&oc=sponsored&k=web.1.2.0&uuid=arF001a0a41401d97186&page_item_id=1344092196,Desarrollador Backend,jobrapido,2026-09-15T03:59:30.816454,,,,
5941962852435755008,Senior Backend Engineer (Java) – End-to-End Ownership,Despegar,Capital Federal,,,https://open.app.jobrapido.com/ar/5941962852435755008/?w=desarrollador%20backend&l=&oc=sponsored&k=web.1.2.1&uuid=arF001a0a41401d97186&page_item_id=-2147187483,Desarrollador Backend,jobrapido,2026-09-15T03:59:30.817091,,,,
3444098933524004864,Senior Backend Go Engineer – Microservicios (Remoto),Talent Connect,Capital Federal,,,https://open.app.jobrapido.com/ar/3444098933524004864/?w=desarrollador%20backend&l=&oc=sponsored&k=web.1.2.2&uuid=arF001a0a41401d97186&page_item_id=740481255,Desarrollador Backend,jobrapido,2026-09-15T03:59:30.817647,,,,
421059882674814976,Desarrollador Java Sr.,Interinnovacion-talent,Capital Federal,,,https://open.app.jobrapido.com/ar/421059882674814976/?w=desarrollador%20backend&l=&oc=sponsored&k=web.1.2.3&uuid=arF001a0a41401d97186&page_item_id=2068561079,Desarrollador Backend,jobrapido,2026-09-15T03:59:30.818202,,,,
4688023974725025792,Desarrollador Senior .Net,Capgemini,Capital Federal,,,https://open.app.jobrapido.com/ar/4688023974725025792/?w=desarrollador%20backend&l=&oc=sponsored&k=web.1.2.4&uuid=arF001a0a41401d97186&page_item_id=985882036,Desarrollador Backend,jobrapido,2026-09-15T03:59:30.818759,,,,
7933321398389309440,Backend Dev SR/lead (Colombia),Werben HR,Capital Federal,,,https://open.app.jobrapido.com/ar/7933321398389309440/?w=desarrollador%20backend&l=&oc=sponsored&k=web.1.2.5&uuid=arF001a0a41401d97186&page_item_id=133082589,Desarrollador Backend,jobrapido,2026-09-15T03:59:30.819306,,,,
885369675850973184,Backend Dev SR (Colombia),Werben HR,Capital Federal,,,https://open.app.jobrapido.com/ar/885369675850973184/?w=desarrollador%20backend&l=&oc=sponsored&k=web.1.2.6&uuid=arF001a0a41401d97186&page_item_id=1191952459,Desarrollador Backend,jobrapido,2026-09-15T03:59:30.819856,,,,
2471485361503600640,Sotware Engineer-Productivity GenAI - AI Assets Core Team - IT,MercadoLibre,Capital Federal,,,https://open.app.jobrapido.com/ar/2471485361503600640/?w=desarrollador%20backend&l=&oc=sponsored&k=web.1.2.7&uuid=arF001a0a41401d97186&page_item_id=137212411,Desarrollador Backend,jobrapido,2026-09-15T03:59:30.820481,,,,
8545652205720436736,Sr Software Engineer -Productivity GenAI - AI Assets Core Team,MercadoLibre,Capital Federal,,,https://open.app.jobrapido.com/ar/8545652205720436736/?w=desarrollador%20backend&l=&oc=sponsored&k=web.1.2.8&uuid=arF001a0a41401d97186&page_item_id=2147253660,Desarrollador Backend,jobrapido,2026-09-15T03:59:30.821277,,,,
5932783150114537472,Senior Sotware Engineer-Productivity GenAI - AI Assets Core Team - IT,MercadoLibre,Capital Federal,,,https://open.app.jobrapido.com/ar/5932783150114537472/?w=desarrollador%20backend&l=&oc=sponsored&k=web.1.2.9&uuid=arF001a0a41401d97186&page_item_id=-1542849989,Desarrollador Backend,jobrapido,2026-09-15T03:59:30.821900,,,,
2286227788346163200,Desarrollador .Net,Capgemini Engineering,Capital Federal,,,https://open.app.jobrapido.com/ar/2286227788346163200/?w=desarrollador%20backend&l=&oc=sponsored&k=web.1.2.10&uuid=arF001a0a41401d97186&page_item_id=2031717053,Desarrollador Backend,jobrapido,2026-09-15T03:59:30.822520,,,,
9162084672459505664,Desarrollador .Net,Capgemini,Capital Federal,,,https://open.app.jobrapido.com/ar/9162084672459505664/?w=desarrollador%20backend&l=&oc=sponsored&k=web.1.2.11&uuid=arF001a0a41401d97186&page_item_id=1152809990,Desarrollador Backend,jobrapido,2026-09-15T03:59:30.823085,,,,
2267701601533689856,Senior IA & .NET/Python Full-Stack Engineer (Remote),Accenture,Capital Federal,,,https://open.app.jobrapido.com/ar/2267701601533689856/?w=desarrollador%20backend&l=&oc=sponsored&k=web.1.2.12&uuid=arF001a0a41401d97186&page_item_id=650608369,Desarrollador Backend,jobrapido,2026-09-15T03:59:30.823639,,,,
5815968715497275392,Senior Backend Engineer (Java) - End-to-End Ownership,Despegar,Capital Federal,,,https://open.app.jobrapido.com/ar/5815968715497275392/?w=desarrollador%20backend&l=&oc=sponsored&k=web.1.2.13&uuid=arF001a0a41401d97186&page_item_id=2039302249,Desarrollador Backend,jobrapido,2026-09-15T03:59:30.824158,,,,
2873871278278705152,Desarrollador Fullstack Ssr,ITSM Consulting,Capital Federal,,,https://open.app.jobrapido.com/ar/2873871278278705152/?w=desarrollador%20backend&l=&oc=sponsored&k=web.1.2.14&uuid=arF001a0a41401d97186&page_item_id=-2054054081,Desarrollador Backend,jobrapido,2026-09-15T03:59:30.824651,,,,
7511742561258569728,Desarrollador Fullstack Sr/SSr — Home Office y Beneficios,Pandit,Capital Federal,,,https://open.app.jobrapido.com/ar/7511742561258569728/?w=desarrollador%20backend&l=&oc=sponsored&k=web.1.2.15&uuid=arF001a0a41401d97186&page_item_id=-458120405,Desarrollador Backend,jobrapido,2026-09-15T03:59:30.825168,,,,
5680607100267397120,Senior Java/Scala Engineer — AI-Driven Transformation,Globant,Capital Federal,,,https://open.app.jobrapido.com/ar/5680607100267397120/?w=desarrollador%20backend&l=&oc=sponsored&k=web.1.2.16&uuid=arF001a0a41401d97186&page_item_id=228204794,Desarrollador Backend,jobrapido,2026-09-15T03:59:30.825669,,,,
3089911414622519296,Senior Backend Engineer — Fintech APIs & Architecture,VEMO,Capital Federal,,,https://open.app.jobrapido.com/ar/3089911414622519296/?w=desarrollador%20backend&l=&oc=sponsored&k=web.1.2.17&uuid=arF001a0a41401d97186&page_item_id=-2014413926,Desarrollador Backend,jobrapido,2026-09-15T03:59:30.826175,,,,
5308075965023256576,Desarrollador Fullstack Senior: Innovación y Impacto,Linkecontrata,Capital Federal,,,https://open.app.jobrapido.com/ar/5308075965023256576/?w=desarrollador%20backend&l=&oc=sponsored&k=web.1.2.18&uuid=arF001a0a41401d97186&page_item_id=-1782585929,Desarrollador Backend,jobrapido,2026-09-15T03:59:30.826668,,,,
3574775340729368576,Frontend Engineer: Angular & Microfrontends (Hybrid),Alianza Estrategica,Capital Federal,,,https://open.app.jobrapido.com/ar/3574775340729368576/?w=desarrollador%20backend&l=&oc=sponsored&k=web.1.2.19&uuid=arF001a0a41401d97186&page_item_id=-1881963241,Desarrollador Backend,jobrapido,2026-09-15T03:59:30.827167,,,,
3110228087401349120,Dev . Net Sr,Tsoft,Capital Federal,,,https://open.app.jobrapido.com/ar/3110228087401349120/?w=desarrollador%20backend&l=&oc=sponsored&k=web.1.3.0&uuid=arF001a0a415ff70016b&page_item_id=-621706420,Desarrollador Backend,jobrapido,2026-09-15T04:01:41.472636,,,,
3372088249118883840,Fullstack Developer (Laravel - Vue.js),Grupo Petersen,Capital Federal,,,https://open.app.jobrapido.com/ar/3372088249118883840/?w=desarrollador%20backend&l=&oc=sponsored&k=web.1.3.1&uuid=arF001a0a415ff70016b&page_item_id=-949950528,Desarrollador Backend,jobrapido,2026-09-15T04:01:41.473249,,,,
4682350237027663872,Fullstack Engineer - Backend Oriented,Jobtailor,Capital Federal,,,https://open.app.jobrapido.com/ar/4682350237027663872/?w=desarrollador%20backend&l=&oc=sponsored&k=web.1.3.2&uuid=arF001a0a415ff70016b&page_item_id=-1909515152,Desarrollador Backend,jobrapido,2026-09-15T04:01:41.473757,,,,
60788662857629696,AI FullStack SR,Agnostic IT,Capital Federal,,,https://open.app.jobrapido.com/ar/60788662857629696/?w=desarrollador%20backend&l=&oc=sponsored&k=web.1.3.3&uuid=arF001a0a415ff70016b&page_item_id=-1715039467,Desarrollador Backend,jobrapido,2026-09-15T04:01:41.474250,,,,
2055411744733396992,Líder de Desarrollo / Tech Lead de IA,CTL Information Technology,Capital Federal,,,https://open.app.jobrapido.com/ar/2055411744733396992/?w=desarrollador%20backend&l=&oc=sponsored&k=web.1.3.4&uuid=arF001a0a415ff70016b&page_item_id=-1517521094,Desarrollador Backend,jobrapido,2026-09-15T04:01:41.474754,,,,
3626266483870400512,Desarrollador/a Frontend SSr.,Grupo ST,Capital Federal,,,https://open.app.jobrapido.com/ar/3626266483870400512/?w=desarrollador%20backend&l=&oc=sponsored&k=web.1.3.5&uuid=arF001a0a415ff70016b&page_item_id=2138673669,Desarrollador Backend,jobrapido,2026-09-15T04:01:41.475252,,,,
7601478472615067648,DESARROLLADOR FrontEnd,Boldt,Capital Federal,,,https://open.app.jobrapido.com/ar/7601478472615067648/?w=desarrollador%20backend&l=&oc=sponsored&k=web.1.3.6&uuid=arF001a0a415ff70016b&page_item_id=-1413585116,Desarrollador Backend,jobrapido,2026-09-15T04:01:41.475751,,,,
4738089137184178176,Desarrollador Fullstack Senior,Linkecontrata,Capital Federal,,,https://open.app.jobrapido.com/ar/4738089137184178176/?w=desarrollador%20backend&l=&oc=sponsored&k=web.1.3.7&uuid=arF001a0a415ff70016b&page_item_id=622952379,Desarrollador Backend,jobrapido,2026-09-15T04:01:41.476245,,,,
3398290530331787264,Mobile iOS Developer - Semi Senior,Jobtailor,Capital Federal,,,https://open.app.jobrapido.com/ar/3398290530331787264/?w=desarrollador%20backend&l=&oc=sponsored&k=web.1.3.8&uuid=arF001a0a415ff70016b&page_item_id=-1794489977,Desarrollador Backend,jobrapido,2026-09-15T04:01:41.476756,,,,
7903797054462230528,Desarrollador Fullstack (SR)– Node.js / Java Spring Boot / React | Ref. 185160,Talent Connect,Capital Federal,,,https://open.app.jobrapido.com/ar/7903797054462230528/?w=desarrollador%20backend&l=&oc=sponsored&k=web.1.3.9&uuid=arF001a0a415ff70016b&page_item_id=-951008713,Desarrollador Backend,jobrapido,2026-09-15T04:01:41.477602,,,,
6757481982650744832,Senior Security Engineer,Mercado Libre,Capital Federal,,,https://open.app.jobrapido.com/ar/6757481982650744832/?w=desarrollador%20backend&l=&oc=sponsored&k=web.1.3.10&uuid=arF001a0a415ff70016b&page_item_id=596925394,Desarrollador Backend,jobrapido,2026-09-15T04:01:41.478165,,,,
947972500682178560,Modelista De Prendas: Desarrollo De Moldes Y Calce,Pandit,Capital Federal,,,https://open.app.jobrapido.com/ar/947972500682178560/?w=desarrollador%20backend&l=&oc=sponsored&k=web.1.3.11&uuid=arF001a0a415ff70016b&page_item_id=-982121225,Desarrollador Backend,jobrapido,2026-09-15T04:01:41.478725,,,,
2213916516359864320,Desarrollador/a Mobile React Native,Grupo Prominente,Capital Federal,,,https://open.app.jobrapido.com/ar/2213916516359864320/?w=desarrollador%20backend&l=&oc=sponsored&k=web.1.3.12&uuid=arF001a0a415ff70016b&page_item_id=1356091229,Desarrollador Backend,jobrapido,2026-09-15T04:01:41.479269,,,,
2556088262955368448,"iOS Developer (Semi-Senior) - SwiftUI, MVVM, REST | Hybrid",Jobtailor,Capital Federal,,,https://open.app.jobrapido.com/ar/2556088262955368448/?w=desarrollador%20backend&l=&oc=sponsored&k=web.1.3.13&uuid=arF001a0a415ff70016b&page_item_id=1980782377,Desarrollador Backend,jobrapido,2026-09-15T04:01:41.479795,,,,
2472797319393705984,"Backend Developer (Senior) – Python / AWS / Terraform (Híbrido, CABA)",Talent Connect,Capital Federal,,,https://open.app.jobrapido.com/ar/2472797319393705984/?w=desarrollador%20backend&l=&oc=sponsored&k=web.1.3.14&uuid=arF001a0a415ff70016b&page_item_id=904039039,Desarrollador Backend,jobrapido,2026-09-15T04:01:41.480326,,,,
2821100612840587264,Dev backend.net SR,Itps,Capital Federal,,,https://open.app.jobrapido.com/ar/2821100612840587264/?w=desarrollador%20backend&l=&oc=sponsored&k=web.1.3.15&uuid=arF001a0a415ff70016b&page_item_id=857606079,Desarrollador Backend,jobrapido,2026-09-15T04:01:41.481051,,,,
742941069892648960,"Fullstack Developer SR – Node.js / React / TypeScript (Híbrido, CABA) | 176552",Talent Connect,Capital Federal,,,https://open.app.jobrapido.com/ar/742941069892648960/?w=desarrollador%20backend&l=&oc=sponsored&k=web.1.3.16&uuid=arF001a0a415ff70016b&page_item_id=1919297946,Desarrollador Backend,jobrapido,2026-09-15T04:01:41.481697,,,,
2639625703280082944,Desarrollador Fullstack (SR) – Python / React / Data Warehouse / Microservicios,Rocket Stars,Capital Federal,,,https://open.app.jobrapido.com/ar/2639625703280082944/?w=desarrollador%20backend&l=&oc=sponsored&k=web.1.3.17&uuid=arF001a0a415ff70016b&page_item_id=-2083504362,Desarrollador Backend,jobrapido,2026-09-15T04:01:41.482228,,,,
4027872168296579072,Tutor /a de Curso Big Data – Elastic Stack (ELK),Centro de e-Learning,Capital Federal,,,https://open.app.jobrapido.com/ar/4027872168296579072/?w=desarrollador%20backend&l=&oc=sponsored&k=web.1.3.18&uuid=arF001a0a415ff70016b&page_item_id=1457223716,Desarrollador Backend,jobrapido,2026-09-15T04:01:41.482818,,,,
7204169061154947072,Full Stack Engineer Sr,Accenture,Capital Federal,,,https://open.app.jobrapido.com/ar/7204169061154947072/?w=desarrollador%20backend&l=&oc=sponsored&k=web.1.3.19&uuid=arF001a0a415ff70016b&page_item_id=-397979960,Desarrollador Backend,jobrapido,2026-09-15T04:01:41.483328,,,,
4587685842109071360,"Backend (SR) – Java / Node.js / Alta Concurrencia (Híbrido, CABA) | 185432",Talent Connect,Capital Federal,,,https://open.app.jobrapido.com/ar/4587685842109071360/?w=desarrollador%20backend&l=&oc=sponsored&k=web.1.4.0&uuid=arF001a0a417f14203b6&page_item_id=-363260276,Desarrollador Backend,jobrapido,2026-09-15T04:03:48.731469,,,,
9213799652116135936,Desarrollador Fullstack (Senior) – React / Python (Híbrido),Talent Connect,Capital Federal,,,https://open.app.jobrapido.com/ar/9213799652116135936/?w=desarrollador%20backend&l=&oc=sponsored&k=web.1.4.1&uuid=arF001a0a417f14203b6&page_item_id=-877083269,Desarrollador Backend,jobrapido,2026-09-15T04:03:48.732045,,,,
4821019251953369088,AI FullStack SR,Agnostic,Capital Federal,,,https://open.app.jobrapido.com/ar/4821019251953369088/?w=desarrollador%20backend&l=&oc=sponsored&k=web.1.4.2&uuid=arF001a0a417f14203b6&page_item_id=-1853602469,Desarrollador Backend,jobrapido,2026-09-15T04:03:48.732536,,,,
9061675724422774784,Desarrollador Fullstack (SR)– Node.js / Java Spring Boot / React | Ref. 185160,Talent Connect,Capital Federal,,,https://open.app.jobrapido.com/ar/9061675724422774784/?w=desarrollador%20backend&l=&oc=sponsored&k=web.1.4.3&uuid=arF001a0a417f14203b6&page_item_id=1723587548,Desarrollador Backend,jobrapido,2026-09-15T04:03:48.733032,,,,
4537864771231285248,Desarrollador.NET Backend Semi Sr/Sr - Conocimiento normativas BCRA,Rocket Stars,Capital Federal,,,https://open.app.jobrapido.com/ar/4537864771231285248/?w=desarrollador%20backend&l=&oc=sponsored&k=web.1.4.4&uuid=arF001a0a417f14203b6&page_item_id=1723413388,Desarrollador Backend,jobrapido,2026-09-15T04:03:48.733516,,,,
7999779935621218304,Desarrollador Java Fullstack SR – Spring Boot / REST APIs (Remoto) | 178353,Talent Connect,Capital Federal,,,https://open.app.jobrapido.com/ar/7999779935621218304/?w=desarrollador%20backend&l=&oc=sponsored&k=web.1.4.5&uuid=arF001a0a417f14203b6&page_item_id=-583751537,Desarrollador Backend,jobrapido,2026-09-15T04:03:48.734096,,,,
1926943569193467904,"Desarrollador Fullstack (Senior) – React / Java (Híbrido, CABA) | Ref. 183617-1",Talent Connect,Capital Federal,,,https://open.app.jobrapido.com/ar/1926943569193467904/?w=desarrollador%20backend&l=&oc=sponsored&k=web.1.4.6&uuid=arF001a0a417f14203b6&page_item_id=-1154924768,Desarrollador Backend,jobrapido,2026-09-15T04:03:48.734584,,,,
240210818568814592,Developer Java SR (IB-S),Itps,Capital Federal,,,https://open.app.jobrapido.com/ar/240210818568814592/?w=desarrollador%20backend&l=&oc=sponsored&k=web.1.4.7&uuid=arF001a0a417f14203b6&page_item_id=1590720001,Desarrollador Backend,jobrapido,2026-09-15T04:03:48.735075,,,,
2548172586689232896,Appian Developer (BPM) - Banking - España (Latam Talent),Talent Connect,Capital Federal,,,https://open.app.jobrapido.com/ar/2548172586689232896/?w=desarrollador%20backend&l=&oc=sponsored&k=web.1.4.8&uuid=arF001a0a417f14203b6&page_item_id=-570073384,Desarrollador Backend,jobrapido,2026-09-15T04:03:48.735557,,,,
4612265424548003840,Líder Técnico de Desarrollo- 5816806,Itps,Capital Federal,,,https://open.app.jobrapido.com/ar/4612265424548003840/?w=desarrollador%20backend&l=&oc=sponsored&k=web.1.4.9&uuid=arF001a0a417f14203b6&page_item_id=-2118481907,Desarrollador Backend,jobrapido,2026-09-15T04:03:48.736404,,,,
5842265717918924800,Desarrollador Java Full Stack (Senior) - (Remoto) | Ref. 191900-1,Talent Connect,Capital Federal,,,https://open.app.jobrapido.com/ar/5842265717918924800/?w=desarrollador%20backend&l=&oc=sponsored&k=web.1.4.10&uuid=arF001a0a417f14203b6&page_item_id=1972966742,Desarrollador Backend,jobrapido,2026-09-15T04:03:48.738558,,,,
5691745153056768000,Desarrollador de Software Semi senior– Node.js & TypeScript,Join ready,Capital Federal,,,https://open.app.jobrapido.com/ar/5691745153056768000/?w=desarrollador%20backend&l=&oc=sponsored&k=web.1.4.11&uuid=arF001a0a417f14203b6&page_item_id=633995379,Desarrollador Backend,jobrapido,2026-09-15T04:03:48.740531,,,,
3705613633842053120,Technical Delivery Manager Semi Senior / Senior (Remoto),Selection Book,Capital Federal,,,https://open.app.jobrapido.com/ar/3705613633842053120/?w=desarrollador%20backend&l=&oc=sponsored&k=web.1.4.12&uuid=arF001a0a417f14203b6&page_item_id=178638025,Desarrollador Backend,jobrapido,2026-09-15T04:03:48.741512,,,,
4294865554667208704,Desarrollador Fullstack (SR) – Python / React / Data Warehouse / Microservicios,Talent Connect,Capital Federal,,,https://open.app.jobrapido.com/ar/4294865554667208704/?w=desarrollador%20backend&l=&oc=sponsored&k=web.1.4.13&uuid=arF001a0a417f14203b6&page_item_id=1497479791,Desarrollador Backend,jobrapido,2026-09-15T04:03:48.742350,,,,
8124912708278550528,Desarrollador Fullstack (SR) – Python / React / Data Warehouse / Microservicios,Rocket Stars,Capital Federal,,,https://open.app.jobrapido.com/ar/8124912708278550528/?w=desarrollador%20backend&l=&oc=sponsored&k=web.1.4.14&uuid=arF001a0a417f14203b6&page_item_id=-138118028,Desarrollador Backend,jobrapido,2026-09-15T04:03:48.743267,,,,
5475572370942984192,Desarrollador Fullstack (SR) – Python / Node.js / TypeScript I 184147,Talent Connect,Capital Federal,,,https://open.app.jobrapido.com/ar/5475572370942984192/?w=desarrollador%20backend&l=&oc=sponsored&k=web.1.4.15&uuid=arF001a0a417f14203b6&page_item_id=-341174149,Desarrollador Backend,jobrapido,2026-09-15T04:03:48.743824,,,,
8917951859407192064,Hardware / Software Engineer – Creative Technology (Hibrido) - ID #00254,Werben HR,Capital Federal,,,https://open.app.jobrapido.com/ar/8917951859407192064/?w=desarrollador%20backend&l=&oc=sponsored&k=web.1.4.16&uuid=arF001a0a417f14203b6&page_item_id=-346453144,Desarrollador Backend,jobrapido,2026-09-15T04:03:48.744487,,,,
2985770517962686464,Tech Lead – Ciberseguridad / IA / Azure /.NET,Talent Connect,Capital Federal,,,https://open.app.jobrapido.com/ar/2985770517962686464/?w=desarrollador%20backend&l=&oc=sponsored&k=web.1.4.17&uuid=arF001a0a417f14203b6&page_item_id=-1732463913,Desarrollador Backend,jobrapido,2026-09-15T04:03:48.745052,,,,
6450621945334464512,Desarrollador/a Java Backend Semi Senior / Senior,FLEX TECH,Capital Federal,,,https://open.app.jobrapido.com/ar/6450621945334464512/?w=desarrollador%20backend&l=&oc=sponsored&k=web.1.4.18&uuid=arF001a0a417f14203b6&page_item_id=970727550,Desarrollador Backend,jobrapido,2026-09-15T04:03:48.745568,,,,
3650938786063319040,"Java Backend Engineer - Semi Senior, APIs & Modernización",FLEX TECH,Capital Federal,,,https://open.app.jobrapido.com/ar/3650938786063319040/?w=desarrollador%20backend&l=&oc=sponsored&k=web.1.4.19&uuid=arF001a0a417f14203b6&page_item_id=-1812433079,Desarrollador Backend,jobrapido,2026-09-15T04:03:48.746093,,,,
7338985335797317632,Developer Back end Nodes JS Sr.,Acciona IT,Capital Federal,,,https://open.app.jobrapido.com/ar/7338985335797317632/?w=desarrollador%20backend&l=&oc=sponsored&k=web.1.5.0&uuid=arF001a0a419f25c05cc&page_item_id=-979850950,Desarrollador Backend,jobrapido,2026-09-15T04:06:00.129477,,,,
8796846030906720256,Desarrollador Java,Nonconformist,Capital Federal,,,https://open.app.jobrapido.com/ar/8796846030906720256/?w=desarrollador%20backend&l=&oc=sponsored&k=web.1.5.1&uuid=arF001a0a419f25c05cc&page_item_id=1568578568,Desarrollador Backend,jobrapido,2026-09-15T04:06:00.130046,,,,
46168319304138752,Senior Backend Developer .NET – AI-First,Nonconformist,Capital Federal,,,https://open.app.jobrapido.com/ar/46168319304138752/?w=desarrollador%20backend&l=&oc=sponsored&k=web.1.5.2&uuid=arF001a0a419f25c05cc&page_item_id=-1281896898,Desarrollador Backend,jobrapido,2026-09-15T04:06:00.130541,,,,
5593096402877022208,Developer Full Stack Sr. 4/ MS,Acciona IT,Capital Federal,,,https://open.app.jobrapido.com/ar/5593096402877022208/?w=desarrollador%20backend&l=&oc=sponsored&k=web.1.5.3&uuid=arF001a0a419f25c05cc&page_item_id=-89468073,Desarrollador Backend,jobrapido,2026-09-15T04:06:00.131030,,,,
3898550419546177536,Desarrollador/a .NET,Nonconformist,Capital Federal,,,https://open.app.jobrapido.com/ar/3898550419546177536/?w=desarrollador%20backend&l=&oc=sponsored&k=web.1.5.4&uuid=arF001a0a419f25c05cc&page_item_id=1429616640,Desarrollador Backend,jobrapido,2026-09-15T04:06:00.131827,,,,
4527443067447279616,Full Stack Engineer,Accenture,Capital Federal,,,https://open.app.jobrapido.com/ar/4527443067447279616/?w=desarrollador%20backend&l=&oc=sponsored&k=web.1.5.5&uuid=arF001a0a419f25c05cc&page_item_id=1589043277,Desarrollador Backend,jobrapido,2026-09-15T04:06:00.132332,,,,
5224745181344956416,Desarrollador Mobile React Native / Híbrido Belgrano CABA,ADN Recursos Humanos,Capital Federal (Belgrano),,,https://open.app.jobrapido.com/ar/5224745181344956416/?w=desarrollador%20backend&l=&oc=sponsored&k=web.1.5.6&uuid=arF001a0a419f25c05cc&page_item_id=1872542264,Desarrollador Backend,jobrapido,2026-09-15T04:06:00.132845,,,,
4271207242713268224,Desarrollador/a Backend,Findme,Rosario,,,https://open.app.jobrapido.com/ar/4271207242713268224/?w=desarrollador%20backend&l=&oc=sponsored&k=web.1.5.7&uuid=arF001a0a419f25c05cc&page_item_id=2143325068,Desarrollador Backend,jobrapido,2026-09-15T04:06:00.133333,,,,
3973937901728694272,Desarrollador/A Backend Node.Js,Periferia It Corp Sas,Comisión De Fomento De Perú,,,https://open.app.jobrapido.com/ar/3973937901728694272/?w=desarrollador%20backend&l=&oc=sponsored&k=web.1.5.8&uuid=arF001a0a419f25c05cc&page_item_id=1406855909,Desarrollador Backend,jobrapido,2026-09-15T04:06:00.133825,,,,
7498973829645991936,Desarrollador/A Backend Node.Js,Periferia It Corp Sas,Remoto,,,https://open.app.jobrapido.com/ar/7498973829645991936/?w=desarrollador%20backend&l=&oc=sponsored&k=web.1.5.9&uuid=arF001a0a419f25c05cc&page_item_id=1274370382,Desarrollador Backend,jobrapido,2026-09-15T04:06:00.134313,,,,
3772753662124752896,Desarrollador Backend Node.js — Innovación Híbrida en Lima,Periferia It Corp Sas,Comisión De Fomento De Perú,,,https://open.app.jobrapido.com/ar/3772753662124752896/?w=desarrollador%20backend&l=&oc=sponsored&k=web.1.5.10&uuid=arF001a0a419f25c05cc&page_item_id=-1884422724,Desarrollador Backend,jobrapido,2026-09-15T04:06:00.134811,,,,
4327356123267989504,Desarrollador Backend Node.js — Innovación Híbrida en Lima,Periferia It Corp Sas,Remoto,,,https://open.app.jobrapido.com/ar/4327356123267989504/?w=desarrollador%20backend&l=&oc=sponsored&k=web.1.5.11&uuid=arF001a0a419f25c05cc&page_item_id=2113972084,Desarrollador Backend,jobrapido,2026-09-15T04:06:00.135304,,,,
29951682435612672,Desarrollador Backend - NODE JS - Córdoba excluyente-POSICIÓN CUBIERTA,Idearhumano,Córdoba,,,https://open.app.jobrapido.com/ar/29951682435612672/?w=desarrollador%20backend&l=&oc=sponsored&k=web.1.5.12&uuid=arF001a0a419f25c05cc&page_item_id=1888148489,Desarrollador Backend,jobrapido,2026-09-15T04:06:00.135800,,,,
2002941185840119808,Desarrollador Backend (PL/SQL) Ssr - POSICIÓN CUBIERTA,Idearhumano,Córdoba,,,https://open.app.jobrapido.com/ar/2002941185840119808/?w=desarrollador%20backend&l=&oc=sponsored&k=web.1.5.13&uuid=arF001a0a419f25c05cc&page_item_id=-1506408527,Desarrollador Backend,jobrapido,2026-09-15T04:06:00.136291,,,,
5170388444613967872,Desarrollador BackEnd – PHP (Jr / Ssr / Sr) Presencial Córdoba-POSICIÓN CUBIERTA,Idearhumano,Córdoba,,,https://open.app.jobrapido.com/ar/5170388444613967872/?w=desarrollador%20backend&l=&oc=sponsored&k=web.1.5.14&uuid=arF001a0a419f25c05cc&page_item_id=-130044389,Desarrollador Backend,jobrapido,2026-09-15T04:06:00.136787,,,,
8407598247291387904,"Senior Python Backend Engineer - APIs, Cloud, AI",NTT DATA Europe & Latam,Comisión De Fomento De Perú,,,https://open.app.jobrapido.com/ar/8407598247291387904/?w=desarrollador%20backend&l=&oc=sponsored&k=web.1.5.15&uuid=arF001a0a419f25c05cc&page_item_id=1890132591,Desarrollador Backend,jobrapido,2026-09-15T04:06:00.137275,,,,
7501393957817942016,Fullstack AI-Native: Lidera una orquesta de IA,Academia Vonex,Comisión De Fomento De Perú,,,https://open.app.jobrapido.com/ar/7501393957817942016/?w=desarrollador%20backend&l=&oc=sponsored&k=web.1.5.16&uuid=arF001a0a419f25c05cc&page_item_id=1416348116,Desarrollador Backend,jobrapido,2026-09-15T04:06:00.137767,,,,
138008567067181056,Desarrollador Full Stack,Academia Vonex,Comisión De Fomento De Perú,,,https://open.app.jobrapido.com/ar/138008567067181056/?w=desarrollador%20backend&l=&oc=sponsored&k=web.1.5.17&uuid=arF001a0a419f25c05cc&page_item_id=2026782959,Desarrollador Backend,jobrapido,2026-09-15T04:06:00.138255,,,,
3469064444544286720,Backend/Full-stack Developer,Carlo Ratti Associati,Córdoba,,,https://open.app.jobrapido.com/ar/3469064444544286720/?w=desarrollador%20backend&l=&oc=sponsored&k=web.1.5.18&uuid=arF001a0a419f25c05cc&page_item_id=-371418690,Desarrollador Backend,jobrapido,2026-09-15T04:06:00.138746,,,,
2436465426532663296,Desarrollador Backend.NET Ssr,Bumeran Selecta,Capital Federal (Palermo),,,https://open.app.jobrapido.com/ar/2436465426532663296/?w=desarrollador%20backend&l=&oc=sponsored&k=web.1.5.19&uuid=arF001a0a419f25c05cc&page_item_id=-1238907878,Desarrollador Backend,jobrapido,2026-09-15T04:06:00.139232,,,,
948421032706834432,Desarrollador Ssr,GRUPO MULTI,Benavídez,,,https://open.app.jobrapido.com/ar/948421032706834432/?w=desarrollador%20full%20stack&l=&oc=sponsored&k=web.1.1.0&uuid=arF001a0a41c1a2f0764&page_item_id=-1778224308,Desarrollador Full Stack,jobrapido,2026-09-15T04:08:21.429900,,,,
4437289006664777728,Desarrollador Full Stack Senior — Liderazgo Técnico,Nubax,Vicente López,,,https://open.app.jobrapido.com/ar/4437289006664777728/?w=desarrollador%20full%20stack&l=&oc=sponsored&k=web.1.1.1&uuid=arF001a0a41c1a2f0764&page_item_id=113872678,Desarrollador Full Stack,jobrapido,2026-09-15T04:08:21.430463,,,,
2856661017906118656,Desarrollador Full Stack SSR - APIs e Integraciones,Grupo Multi,Capital Federal,,,https://open.app.jobrapido.com/ar/2856661017906118656/?w=desarrollador%20full%20stack&l=&oc=sponsored&k=web.1.1.2&uuid=arF001a0a41c1a2f0764&page_item_id=169796173,Desarrollador Full Stack,jobrapido,2026-09-15T04:08:21.430966,,,,
991599283826327552,Analista/Desarrollador Full Stack – Marketing Automation & Cloud (Freelance),OneInfoConsulting,Capital Federal,,,https://open.app.jobrapido.com/ar/991599283826327552/?w=desarrollador%20full%20stack&l=&oc=sponsored&k=web.1.1.3&uuid=arF001a0a41c1a2f0764&page_item_id=2046031425,Desarrollador Full Stack,jobrapido,2026-09-15T04:08:21.431463,,,,
5872955561351315456,Desarrollador Full Stack (SR) – Next.js / NestJS / Python / AWS (Híbrido),Talent Connect,Capital Federal,,,https://open.app.jobrapido.com/ar/5872955561351315456/?w=desarrollador%20full%20stack&l=&oc=sponsored&k=web.1.1.4&uuid=arF001a0a41c1a2f0764&page_item_id=410485168,Desarrollador Full Stack,jobrapido,2026-09-15T04:08:21.431962,,,,
8761827255576952832,Desarrollador Full Stack (.NET + Angular) - Híbrido - 1885,Linkecontrata,Capital Federal,,,https://open.app.jobrapido.com/ar/8761827255576952832/?w=desarrollador%20full%20stack&l=&oc=sponsored&k=web.1.1.6&uuid=arF001a0a41c1a2f0764&page_item_id=210747062,Desarrollador Full Stack,jobrapido,2026-09-15T04:08:21.432782,,,,
1584162023141277696,"Desarrollador Full Stack Senior | Híbrido, Impacto Real",Linkecontrata,Capital Federal,,,https://open.app.jobrapido.com/ar/1584162023141277696/?w=desarrollador%20full%20stack&l=&oc=sponsored&k=web.1.1.7&uuid=arF001a0a41c1a2f0764&page_item_id=-754545824,Desarrollador Full Stack,jobrapido,2026-09-15T04:08:21.433285,,,,
5980740136466382848,Desarrollador Full Stack (JAVA / React) Senior - Mix (Onsite - Remoto) - 1778,Linkecontrata,Capital Federal,,,https://open.app.jobrapido.com/ar/5980740136466382848/?w=desarrollador%20full%20stack&l=&oc=sponsored&k=web.1.1.8&uuid=arF001a0a41c1a2f0764&page_item_id=1810808855,Desarrollador Full Stack,jobrapido,2026-09-15T04:08:21.433782,,,,
5310957888078872576,Full Stack Developer - Azure/OpenShift Web & Mobile,Practia Global,Capital Federal,,,https://open.app.jobrapido.com/ar/5310957888078872576/?w=desarrollador%20full%20stack&l=&oc=sponsored&k=web.1.1.9&uuid=arF001a0a41c1a2f0764&page_item_id=1446141886,Desarrollador Full Stack,jobrapido,2026-09-15T04:08:21.434268,,,,
7667870497983430656,Remote Fullstack Engineer: Java + React,Werben HR,Capital Federal,,,https://open.app.jobrapido.com/ar/7667870497983430656/?w=desarrollador%20full%20stack&l=&oc=sponsored&k=web.1.1.10&uuid=arF001a0a41c1a2f0764&page_item_id=50474357,Desarrollador Full Stack,jobrapido,2026-09-15T04:08:21.434758,,,,
1780539885103349760,Remote Azure Java Architect - Cloud Migration & Leadership,Werben HR,Capital Federal,,,https://open.app.jobrapido.com/ar/1780539885103349760/?w=desarrollador%20full%20stack&l=&oc=sponsored&k=web.1.1.11&uuid=arF001a0a41c1a2f0764&page_item_id=-1144284530,Desarrollador Full Stack,jobrapido,2026-09-15T04:08:21.435242,,,,
8941985087646334976,Developer Full Stack,Practia Global,Capital Federal,,,https://open.app.jobrapido.com/ar/8941985087646334976/?w=desarrollador%20full%20stack&l=&oc=sponsored&k=web.1.1.12&uuid=arF001a0a41c1a2f0764&page_item_id=-1124722661,Desarrollador Full Stack,jobrapido,2026-09-15T04:08:21.435725,,,,
2739816286589550592,"Fullstack SSR y SR GOLAN, NET Y React",Bumeran Selecta,Capital Federal,,,https://open.app.jobrapido.com/ar/2739816286589550592/?w=desarrollador%20full%20stack&l=&oc=sponsored&k=web.1.1.13&uuid=arF001a0a41c1a2f0764&page_item_id=1980749186,Desarrollador Full Stack,jobrapido,2026-09-15T04:08:21.436270,,,,
8409788474453917696,Desarrollador Ssr,Grupo Multi,Capital Federal,,,https://open.app.jobrapido.com/ar/8409788474453917696/?w=desarrollador%20full%20stack&l=&oc=sponsored&k=web.1.1.17&uuid=arF001a0a41c1a2f0764&page_item_id=-929488035,Desarrollador Full Stack,jobrapido,2026-09-15T04:08:21.437217,,,,
6593480924195717120,Fullstack Software Engineer - Verticals - IT,Mercado Libre,Capital Federal,,,https://open.app.jobrapido.com/ar/6593480924195717120/?w=desarrollador%20full%20stack&l=&oc=sponsored&k=web.1.1.18&uuid=arF001a0a41c1a2f0764&page_item_id=-1367815392,Desarrollador Full Stack,jobrapido,2026-09-15T04:08:21.437713,,,,
4298610422551937024,Fullstack Software Engineer - Verticals - IT,MercadoLibre,Capital Federal,,,https://open.app.jobrapido.com/ar/4298610422551937024/?w=desarrollador%20full%20stack&l=&oc=sponsored&k=web.1.1.19&uuid=arF001a0a41c1a2f0764&page_item_id=-679855535,Desarrollador Full Stack,jobrapido,2026-09-15T04:08:21.438209,,,,
5091729460072284160,Senior Full Stack Developer,Jobtailor,Capital Federal,,,https://open.app.jobrapido.com/ar/5091729460072284160/?w=desarrollador%20full%20stack&l=&oc=sponsored&k=web.1.2.0&uuid=arF001a0a41d9eec0934&page_item_id=-2039910563,Desarrollador Full Stack,jobrapido,2026-09-15T04:10:01.082603,,,,
3078607644814999552,Desarrollador/a Fullstack .NET y React,Grupo Prominente,Capital Federal,,,https://open.app.jobrapido.com/ar/3078607644814999552/?w=desarrollador%20full%20stack&l=&oc=sponsored&k=web.1.2.1&uuid=arF001a0a41d9eec0934&page_item_id=-1888827972,Desarrollador Full Stack,jobrapido,2026-09-15T04:10:01.083193,,,,
8602842822002868224,Jefe de Desarrollo/ Desarrollador Senior .NET / Belgrano CABA,ADN Recursos Humanos,Capital Federal (Belgrano),,,https://open.app.jobrapido.com/ar/8602842822002868224/?w=desarrollador%20full%20stack&l=&oc=sponsored&k=web.1.2.7&uuid=arF001a0a41d9eec0934&page_item_id=1188105512,Desarrollador Full Stack,jobrapido,2026-09-15T04:10:01.084399,,,,
9117792315413364736,Desarrollador/a Full Stack PHP,NEO BIZ S. R. L.,Rosario,,,https://open.app.jobrapido.com/ar/9117792315413364736/?w=desarrollador%20full%20stack&l=&oc=sponsored&k=web.1.2.8&uuid=arF001a0a41d9eec0934&page_item_id=1416536189,Desarrollador Full Stack,jobrapido,2026-09-15T04:10:01.084896,,,,
6295759013917229056,Desarrollador Full Stack | AI & Automation,Experis Argentina,Avellaneda,,,https://open.app.jobrapido.com/ar/6295759013917229056/?w=desarrollador%20full%20stack&l=&oc=sponsored&k=web.1.2.9&uuid=arF001a0a41d9eec0934&page_item_id=1486265997,Desarrollador Full Stack,jobrapido,2026-09-15T04:10:01.085384,,,,
4525198397279305728,Desarrollador Full Stack Senior - Integraciones & IA,Red Hook Data,Rincón De Los Sauces,,,https://open.app.jobrapido.com/ar/4525198397279305728/?w=desarrollador%20full%20stack&l=&oc=sponsored&k=web.1.2.10&uuid=arF001a0a41d9eec0934&page_item_id=-1085509396,Desarrollador Full Stack,jobrapido,2026-09-15T04:10:01.085880,,,,
2751378278420840448,"Desarrollador/a Full Stack | Integraciones, Ecommerce e IA",Red Hook Data,Rincón De Los Sauces,,,https://open.app.jobrapido.com/ar/2751378278420840448/?w=desarrollador%20full%20stack&l=&oc=sponsored&k=web.1.2.11&uuid=arF001a0a41d9eec0934&page_item_id=-912068749,Desarrollador Full Stack,jobrapido,2026-09-15T04:10:01.086373,,,,
5288604816686186496,Desarrollador Full Stack,Academia Vonex,Remoto,,,https://open.app.jobrapido.com/ar/5288604816686186496/?w=desarrollador%20full%20stack&l=&oc=sponsored&k=web.1.2.13&uuid=arF001a0a41d9eec0934&page_item_id=384052198,Desarrollador Full Stack,jobrapido,2026-09-15T04:10:01.087014,,,,
8666321820162457600,Desarrollador Full-Stack,Mediastream,Remoto,,,https://open.app.jobrapido.com/ar/8666321820162457600/?w=desarrollador%20full%20stack&l=&oc=sponsored&k=web.1.2.14&uuid=arF001a0a41d9eec0934&page_item_id=315991023,Desarrollador Full Stack,jobrapido,2026-09-15T04:10:01.087502,,,,
238338900022525952,Desarrollador Web React - Full Stack (API/MySQL),Grupo Taraborelli,Capital Federal (Caballito),,,https://open.app.jobrapido.com/ar/238338900022525952/?w=desarrollador%20full%20stack&l=&oc=sponsored&k=web.1.2.15&uuid=arF001a0a41d9eec0934&page_item_id=1361087901,Desarrollador Full Stack,jobrapido,2026-09-15T04:10:01.088035,,,,
7470300559258419200,Desarrollador Full-Stack Senior para Soluciones de Streaming,Mediastream,Remoto,,,https://open.app.jobrapido.com/ar/7470300559258419200/?w=desarrollador%20full%20stack&l=&oc=sponsored&k=web.1.2.16&uuid=arF001a0a41d9eec0934&page_item_id=1379254429,Desarrollador Full Stack,jobrapido,2026-09-15T04:10:01.088537,,,,
1869899909512036352,Ref. 21425: Jefe de Desarrollo/ Desarrollador Senior .NET / Belgrano CABA,ADN Recursos Humanos,Capital Federal (Belgrano),,,https://open.app.jobrapido.com/ar/1869899909512036352/?w=desarrollador%20full%20stack&l=&oc=sponsored&k=web.1.2.19&uuid=arF001a0a41d9eec0934&page_item_id=-1887868439,Desarrollador Full Stack,jobrapido,2026-09-15T04:10:01.089611,,,,
5147002253197967360,Backend/Full-stack Developer,Carlo Ratti Associati,Jesús María,,,https://open.app.jobrapido.com/ar/5147002253197967360/?w=desarrollador%20full%20stack&l=&oc=sponsored&k=web.1.3.0&uuid=arF001a0a41ee1420ab9&page_item_id=256419895,Desarrollador Full Stack,jobrapido,2026-09-15T04:11:23.110000,,,,
5429244689024811008,DESARROLLADOR FULL STACK (PYTHON + ANGULAR + GO),Kruger NearShore LLC - Rekluti,Córdoba,,,https://open.app.jobrapido.com/ar/5429244689024811008/?w=desarrollador%20full%20stack&l=&oc=sponsored&k=web.1.3.1&uuid=arF001a0a41ee1420ab9&page_item_id=-1657718052,Desarrollador Full Stack,jobrapido,2026-09-15T04:11:23.110962,,,,
8358661424280502272,Desarrollador Full Stack SSR Proyecto en Munro,Yel,"Capital Federal, Vicente López","Open or close the mobile menu Jobrapido Entrar Inscríbete Publica una oferta Ayuda Empresas Clear job input Profesión / Palabras clave Ofertas de trabajo para Desarrollador Full en Departamento Federal ¿Qué trabajo estás buscando? Clear location input Localidad Búsqueda avanzada de empleo Relevancia Fecha [[distance.label]] [[d.text]] Close Localidad Gran Buenos Aires Capital Federal Córdoba Santa Fé Neuquén Rosario Mendoza Rincón De Los Sauces Mar Del Plata Chubut Búsquedas relacionadas Software Software Engineer Modelo Python Software Engineer Management Services Engineer Security Product Engineering Sistemas Product Engineer Vuelve a tus resultados: [[backlinkLabel]] Desarrollador Full Stack SSR Proyecto en Munro Capital Federal - Provincia De Buenos Aires, Vicente López - Provincia De Buenos Aires Yel [[upButtonMessage]] full time www.sherlockhr.com 20 ago 2026 En Yel buscamos un/a Desarrollador/a Full Stack Semi Senior, orientado a backend, para sumarse a un proyecto de construcción de una plataforma de interoperabilidad semántica en el ecosistema de salud. ¿Qué vas a hacer? Vas a trabajar sobre componentes ya definidos por un Arquitecto de Software / Sr Developer, implementando APIs, procesos batch, persistencia de datos, UI de curaduría, tests y documentación operativa. El diseño arquitectónico y funcional no corre por tu cuenta: tu foco es ejecutar con calidad, respetar contratos técnicos y trabajar con revisión técnica frecuente. Conocimientos excluyentes Dominio de Python. Experiencia con Docker. Manejo de Linux. Experiencia en desarrollo e integración de API REST. Stack principal: Python FastAPI Docker PostgreSQL Redis Elasticsearch React TypeScript Deseable (no excluyente): SQL Workers / procesamiento asincrónico Almacenamiento tipo S3/MinIO Nociones de búsqueda/IA SNOMED, FHIR o Snowstorm (valorado, no obligatorio) Modalidad: Hibrido - Oficinas en Munro, Zona Norte Bs As. martes y jueves Seniority: SSR (o Junior avanzado con perfil backend) Es un poryecto de aprox 4 meses con posibilidad de una contratacion indeterminada. 🎁 Beneficios Yel Plan de salud corporativo cerrado y exclusivo. Sin cargo para vos y grupo familiar directo. Plataforma de beneficios y descuentos corporativos (Cursos y certificaciones, idiomas, gimnasios, gastronomía, indumentaria y otros) Días libres adicionales Obsequios por días especiales Programa de referidos Ver más Ver menos [[downButtonMessage]] LinkedIn Twitter Facebook © 2026 Jobrapido | C.I.F: IT11876271005 Trabajos Empresas Condiciones del Servicio Política de Privacidad Ayuda Contacto",,https://ar.jobrapido.com/jobpreview/8358661424280502272?redirectTo=https%253A%252F%252Fyel.pandape.computrabajo.com%252FDetail%252F13353959%253Fov%253D6%2526utm_source%253Djobrapido%2526utm_medium%253Dreferral%2526utm_campaign%253Dfeed%2526utm_term%253Dorganic%2526utm_content%253Dats&w=Python&p=3,Desarrollador Full Stack,jobrapido,2026-09-15T04:11:23.111529,,,,
88579454904827904,Desarrollador Full Stack,Workmate SA,Remoto,"Jobrapido Publica una oferta Ayuda Empresas Entrar Inscríbete Profesión / Palabras clave Localidad Ofertas de trabajo para Desarrollador Full en Remoto Trabajos > Desarrollador Full > Remoto Localidad Gran Buenos Aires Capital Federal Córdoba Santa Fé Neuquén Rosario Mendoza Rincón De Los Sauces Mar Del Plata Chubut Búsquedas relacionadas Software Software Engineer Modelo Python Software Engineer Management Services Engineer Security Product Engineering Sistemas Product Engineer Vuelve a tus resultados: [[backlinkLabel]] Desarrollador Full Stack Remoto - Remoto Workmate SA [[upButtonMessage]] full time Publicado enwww.remoteandtalent-je.com 20 jul 2026 At Remote and Talent , we are looking for a talented Semi Senior Full Stack Developer to join Workmate, a company building innovative, high-impact technology solutions for the mining industry across Latin America. You will work remotely with a team focused on creating scalable applications that improve operational efficiency for leading clients in the sector. In this role, you will contribute across the full development lifecycle—from analyzing business needs and designing automated solutions to development, deployment, and continuous improvement. We are looking for someone with strong hands-on experience in TypeScript, NestJS, Angular, PostgreSQL, and AWS, who enjoys solving real-world challenges and delivering high-quality software in an agile environment. Ver más Ver menos [[downButtonMessage]] LinkedIn Twitter Facebook © 2026 Jobrapido | C.I.F: IT11876271005 Trabajos Empresas Condiciones del Servicio Política de Privacidad Ayuda Contacto",,https://ar.jobrapido.com/jobpreview/88579454904827904?redirectTo=https%253A%252F%252Fremoteandtalent.com%252Fdevelopment%252Fdesarrollador-full-stack-workmate-sa-7884%253Futm_source%253Djobrapido%2526utm_campaign%253Dfeed&w=Python&p=3,Desarrollador Full Stack,jobrapido,2026-09-15T04:11:23.112049,,,,
4967765983671353344,Desarrollador Ssr Benavidez (Argentina),Grupo Multi,Benavídez,"Jobrapido Publica una oferta Ayuda Empresas Entrar Inscríbete Profesión / Palabras clave Localidad Ofertas de trabajo para Desarrollador Ssr en Benavídez Trabajos > Desarrollador Ssr > Benavídez Localidad Gran Buenos Aires Capital Federal Córdoba Santa Fé Neuquén Rosario Mendoza Rincón De Los Sauces Mar Del Plata Chubut Búsquedas relacionadas Software Software Engineer Modelo Python Software Engineer Management Services Engineer Security Product Engineering Sistemas Product Engineer Vuelve a tus resultados: [[backlinkLabel]] Desarrollador Ssr Benavidez (Argentina) Benavídez - Región Centro Grupo Multi [[upButtonMessage]] full time Publicado enwww.kitempleo.com.ar 03 sep 2026 Somos Grupo Multi, una empresa en constante crecimiento, nos encontramos en la búsqueda de un/a Desarrollador/a SSR para sumarse al área de Sistemas, con foco en el desarrollo full stack de aplicaciones web, APIs, integraciones y automatizaciones. Principales tareas Desarrollo full stack de aplicaciones web. Diseño y desarrollo de APIs. Desarrollo de integraciones entre sistemas. Automatización de procesos. Manejo y administración de bases de datos. Requisitos excluyentes Conocimiento en C# (.NET Core). Conocimiento en React / Next.js. Conocimiento en bases de datos SQL. Experiencia en el uso de agentes de IA aplicados al desarrollo. Manejo de Cursor. Manejo de GitHub. Ventajas: Vianda de almuerzo incluida. Plan Saludable para tu bienestar. Descuentos exclusivos en Multibeneficios y plataformas asociadas. Regalos en momentos especiales (matrimonio, nacimiento, graduación). Bono anual por desempeño. Plan de capacitación continuo. Clases de inglés In Company. Modalidad de trabajo: Esquema híbrido (4 dias presenciales - 1 home semanal). Jornada full time de lunes a viernes. Zona de trabajo: Benavidez ¡Esperamos tu postulación! Ver más Ver menos [[downButtonMessage]] LinkedIn Twitter Facebook © 2026 Jobrapido | C.I.F: IT11876271005 Trabajos Empresas Condiciones del Servicio Política de Privacidad Ayuda Contacto",,https://ar.jobrapido.com/jobpreview/4967765983671353344?redirectTo=https%253A%252F%252Fwww.kitempleo.com.ar%252Fempleo%252F53185977%252Fdesarrollador-ssr-benavidez-argentina&w=Python&p=3,Desarrollador Full Stack,jobrapido,2026-09-15T04:11:23.112537,,,,
481401269785722880,Desarrollador Ssr (Benavidez),Grupo Multi,Benavídez,"Open or close the mobile menu Jobrapido Entrar Inscríbete Publica una oferta Ayuda Empresas Clear job input Profesión / Palabras clave Ofertas de trabajo para Desarrollador Ssr en Benavídez ¿Qué trabajo estás buscando? Clear location input Localidad Búsqueda avanzada de empleo Relevancia Fecha [[distance.label]] [[d.text]] Close Localidad Gran Buenos Aires Capital Federal Córdoba Santa Fé Neuquén Rosario Mendoza Rincón De Los Sauces Mar Del Plata Chubut Búsquedas relacionadas Software Software Engineer Modelo Python Software Engineer Management Services Engineer Security Product Engineering Sistemas Product Engineer Vuelve a tus resultados: [[backlinkLabel]] Desarrollador Ssr (Benavidez) Benavídez - Región Centro Grupo Multi [[upButtonMessage]] full time www.kitempleo.com.ar 30 ago 2026 Somos Grupo Multi, una empresa en constante crecimiento, nos encontramos en la busqueda de un/a Desarrollador/a SSR para sumarse al area de Sistemas, con foco en el desarrollo full stack de aplicaciones web, APIs, integraciones y automatizaciones. Principales tareas - Desarrollo full stack de aplicaciones web. - Diseño y desarrollo de APIs. - Desarrollo de integraciones entre sistemas. - Automatizacion de procesos. - Manejo y administracion de bases de datos. Requisitos excluyentes - Conocimiento en C# (.NET Core). - Conocimiento en React / Next.js. - Conocimiento en bases de datos SQL. - Experiencia en el uso de agentes de IA aplicados al desarrollo. - Manejo de Cursor. - Manejo de GitHub. Incentivos: - Vianda de almuerzo incluida. - Plan Saludable para tu bienestar. - Descuentos exclusivos en Multibeneficios y plataformas asociadas. - Regalos en momentos especiales (matrimonio, nacimiento, graduacion). - Bono anual por desempeño. - Plan de capacitacion continuo. - Clases de ingles In Company. Modalidad de trabajo: - Esquema hibrido (4 dias presenciales - 1 home semanal). - Jornada full time de lunes a viernes. - Zona de trabajo: Benavidez ¡Esperamos tu postulacion! Ver más Ver menos [[downButtonMessage]] LinkedIn Twitter Facebook © 2026 Jobrapido | C.I.F: IT11876271005 Trabajos Empresas Condiciones del Servicio Política de Privacidad Ayuda Contacto",,https://ar.jobrapido.com/jobpreview/481401269785722880?redirectTo=https%253A%252F%252Fwww.kitempleo.com.ar%252Fempleo%252F52879028%252Fdesarrollador-ssr-benavidez&w=Python&p=3,Desarrollador Full Stack,jobrapido,2026-09-15T04:11:23.113039,,,,
8955359581446340608,Desarrollador Ssr (Benavidez),Grupomulti,Benavídez,"Open or close the mobile menu Jobrapido Entrar Inscríbete Publica una oferta Ayuda Empresas Clear job input Profesión / Palabras clave Ofertas de trabajo para Desarrollador Ssr en Benavídez ¿Qué trabajo estás buscando? Clear location input Localidad Búsqueda avanzada de empleo Relevancia Fecha [[distance.label]] [[d.text]] Close Localidad Gran Buenos Aires Capital Federal Córdoba Santa Fé Neuquén Rosario Mendoza Rincón De Los Sauces Mar Del Plata Chubut Búsquedas relacionadas Software Software Engineer Modelo Python Software Engineer Management Services Engineer Security Product Engineering Sistemas Product Engineer Vuelve a tus resultados: [[backlinkLabel]] Desarrollador Ssr (Benavidez) Benavídez - Región Centro Grupomulti [[upButtonMessage]] full time www.kitempleo.com.ar 29 ago 2026 GrupoMulti es un grupo empresario argentino con más de 48 años de trayectoria, integrado por distintas unidades de negocio que brindan soluciones especializadas en tecnología, comunicaciones y energías renovables. Nuestro crecimiento se ha construido sobre una cultura basada en el compromiso, la innovación, el trabajo colaborativo y la cercanía con nuestros clientes y colaboradores.Creemos en las relaciones de largo plazo, en el desarrollo de las personas y en la búsqueda constante de nuevas soluciones que generen valor. Por eso, impulsamos un entorno donde la pasión por hacer las cosas bien, la mejora continua y el trabajo en equipo forman parte de nuestro día a día.A través de nuestras empresas, desarrollamos soluciones adaptadas a las necesidades de cada mercado:Multiradio: especializada en soluciones de radiocomunicación y telecomunicaciones.Multipoint: enfocada en la distribución de tecnología y soluciones de conectividad e integración de sistemas.Multiaires: dedicada a la comercialización de sistemas de climatización y soluciones eficientes para entornos corporativos e industriales.Multisolar: especializada en la distribución de productos de energías renovables y en el desarrollo de proyectos fotovoltaicos, promoviendo la eficiencia energética y un futuro más sostenible.En GrupoMulti trabajamos con un propósito claro: conectar personas, tecnología y oportunidades para construir soluciones que impulsen el crecimiento de nuestros clientes, nuestro equipo y nuestra comunidad.Somos Grupo Multi, una empresa en constante crecimiento, nos encontramos en la búsqueda de un/a Desarrollador/a SSR para sumarse al área de Sistemas, con foco en el desarrollo full stack de aplicaciones web, APIs, integraciones y tareas- Desarrollo full stack de aplicaciones web.- Diseño y desarrollo de APIs.- Desarrollo de integraciones entre sistemas.- Automatización de procesos.- Manejo y administración de bases de excluyentes- Conocimiento en C# (.NET Core).- Conocimiento en React / Next.Js.- Conocimiento en bases de datos SQL.- Experiencia en el uso de agentes de IA aplicados al desarrollo.- Manejo de Cursor.- Manejo de GitHub.Incentivos:- Vianda de almuerzo incluida.- Plan Saludable para tu bienestar.- Descuentos exclusivos en Multibeneficios y plataformas asociadas.- Regalos en momentos especiales (matrimonio, nacimiento, graduación).- Bono anual por desempeño.- Plan de capacitación continuo.- Clases de inglés In Company.Modalidad de trabajo:- Esquema híbrido (4 dias presenciales - 1 home semanal).- Jornada full time de lunes a viernes.- Zona de trabajo: Benavidez¡Esperamos tu postulación!Requisitos: Ver más Ver menos [[downButtonMessage]] LinkedIn Twitter Facebook © 2026 Jobrapido | C.I.F: IT11876271005 Trabajos Empresas Condiciones del Servicio Política de Privacidad Ayuda Contacto",,https://ar.jobrapido.com/jobpreview/8955359581446340608?redirectTo=https%253A%252F%252Fwww.kitempleo.com.ar%252Fempleo%252F52890267%252Fdesarrollador-ssr-benavidez&w=Python&p=3,Desarrollador Full Stack,jobrapido,2026-09-15T04:11:23.113518,,,,
417556271693037568,Desarrollador Full Stack React/Web SemiSenior (Don Torcuato),Grupo San Miguel,Don Torcuato,"Open or close the mobile menu Jobrapido Entrar Inscríbete Publica una oferta Ayuda Empresas Clear job input Profesión / Palabras clave Ofertas de trabajo para Desarrollador Full en Don Torcuato ¿Qué trabajo estás buscando? Clear location input Localidad Búsqueda avanzada de empleo Relevancia Fecha [[distance.label]] [[d.text]] Close Localidad Gran Buenos Aires Capital Federal Córdoba Santa Fé Neuquén Rosario Mendoza Rincón De Los Sauces Mar Del Plata Chubut Búsquedas relacionadas Software Software Engineer Modelo Python Software Engineer Management Services Engineer Security Product Engineering Sistemas Product Engineer Vuelve a tus resultados: [[backlinkLabel]] Desarrollador Full Stack React/Web SemiSenior (Don Torcuato) Don Torcuato - Provincia De Buenos Aires Grupo San Miguel [[upButtonMessage]] full time www.kitempleo.com.ar 02 sep 2026 Empresa de seguridad Privada ubicada en Zona Norte. Estamos en búsqueda de un Desarrollador Semi senior. Buscamos una persona con habilidades para el desarrollo web para unirse a nuestro equipo de desarrolladores. Detalles del puesto: - Jornada: Jornada Completa (8 horas Diarias) - Modalidad: Híbrido después del primer mes. - Sueldo inicial: $1.700.000 pesos mensuales. - Se provee equipo de trabajo. Requisitos obligatorios: - HTML y CSS - Javascript - React JS - Desarrollo de APIs con ExpressJS o similar. - Experiencia con server side rendering (SSR) - Base de datos relacionales (como SQLite, MySQL, MSSQL, PostgreSQL) y no relacionales (MongoDB, Firestore, etc). - Experiencia con scripting con NodeJS o similares. - 3 años de experiencia Deseables: - TailwindCSS - Tanstack Query (antes React Query) - Otros lenguajes de programación: Pythono, Java, C#, Unity programador flutter programador diceñoweb it dontorcuato sanmiguel tigre zonaoeste LI-Onsite Ver más Ver menos [[downButtonMessage]] LinkedIn Twitter Facebook © 2026 Jobrapido | C.I.F: IT11876271005 Trabajos Empresas Condiciones del Servicio Política de Privacidad Ayuda Contacto",,https://ar.jobrapido.com/jobpreview/417556271693037568?redirectTo=https%253A%252F%252Fwww.kitempleo.com.ar%252Fempleo%252F53045164%252Fdesarrollador-full-stack-react-web-semisenior-don-torcuato&w=Python&p=3,Desarrollador Full Stack,jobrapido,2026-09-15T04:11:23.114005,,,,
4308537706880696320,2 Desarrolladores Full Stack PHP con Laravel (Munro),Adn - Recursos Humanos,Munro,"Open or close the mobile menu Jobrapido Entrar Inscríbete Publica una oferta Ayuda Empresas Clear job input Profesión / Palabras clave Ofertas de trabajo para Desarrolladores Full en Munro ¿Qué trabajo estás buscando? Clear location input Localidad Búsqueda avanzada de empleo Relevancia Fecha [[distance.label]] [[d.text]] Close Localidad Gran Buenos Aires Capital Federal Córdoba Santa Fé Neuquén Rosario Mendoza Rincón De Los Sauces Mar Del Plata Chubut Búsquedas relacionadas Software Software Engineer Modelo Python Software Engineer Management Services Engineer Security Product Engineering Sistemas Product Engineer Vuelve a tus resultados: [[backlinkLabel]] 2 Desarrolladores Full Stack PHP con Laravel (Munro) Munro - Provincia De Buenos Aires Adn - Recursos Humanos [[upButtonMessage]] full time www.kitempleo.com.ar 06 sep 2026 Ref. 18230:2 Desarrolladores Full Stack PHP con Laravel Semi-Senior // Senior / Munro Prov. Bs As Descripción:ADN - Recursos Humanos estamos en la búsqueda de 2 Desarrolladores Full Stack PHP con Laravel Semi-Senior // Senior / Munro Prov. Bs As para Importante Empresa. Requerimientos: - 4 años de experiência. Educación requerida: Terciario en curso o finalizado. Titulo/carrera: Programación, Lic en sistemas, Desarrollo de Software, etc. (Deseable). - Experiência en PHP con Laravel, MySQL y PostgreSQL. - Experiência en entornos Linux. - Experiência previa como desarrollador full stack es deseable. - Nível de Inglés (deseable) Conocimientos excluyentes: - Conocimiento sólido de JavaScript, jQuery y React. - Familiaridad con tecnologías como Socket y Redis. - Conocimientos de AWS son un plus. - Habilidades de trabajo en equipo y comunicación. Conocimientos deseables: - Uso e integraciones a partir de Slack - Utilización de Jira para gestión de proyectos. Tareas del puesto: - Llevar adelante a partir del desarrollo de software los proyectos con los que trabaja la empresa. - Desarrollar en PHP (laravel), Javascript (React), entre otras. - Trabajar en consultas a bases de datos PostreSQL. - Trabajarás en proyectos de desarrollo dentro de un equipo de trabajo a través de una modalidad similar a Scrum. - Capacitar a los desarrolladores Juniors y apoyarlos en las tareas que no puedan terminar. Lugar de trabajo: Munro, provincia de Buenos Aires - Argentina. Lugar de residencia: CABA / Zona norte. Horario: lunes a viernes de 8:30 a 17:30 hs. Edad: Indistinto Sexo: Indistinto Disponibilidad para viajar:Indistinto Fecha de Inicio: Inmediato Modalidad: fuera de convenio. Posiciones a cubrir: 2. La persona que asuma este puesto tendrá la posibilidad de desarrollarse dentro de un equipo de profesionales de alta calidad, con destacado ambiente laboral, remuneración acorde al desafío, más otros beneficios. Ver más Ver menos [[downButtonMessage]] LinkedIn Twitter Facebook © 2026 Jobrapido | C.I.F: IT11876271005 Trabajos Empresas Condiciones del Servicio Política de Privacidad Ayuda Contacto",,https://ar.jobrapido.com/jobpreview/4308537706880696320?redirectTo=https%253A%252F%252Fwww.kitempleo.com.ar%252Fempleo%252F53237489%252F2-desarrolladores-full-stack-php-con-laravel-munro&w=Python&p=3,Desarrollador Full Stack,jobrapido,2026-09-15T04:11:23.114484,,,,
1230017419553013760,Empleo: Desarrollador Full Stack Ssr - Vicente Lopez,N/A,Vicente López,"Open or close the mobile menu Jobrapido Entrar Inscríbete Publica una oferta Ayuda Empresas Clear job input Profesión / Palabras clave Ofertas de trabajo para Desarrollador Full en Vicente López ¿Qué trabajo estás buscando? Clear location input Localidad Búsqueda avanzada de empleo Relevancia Fecha [[distance.label]] [[d.text]] Close Localidad Gran Buenos Aires Capital Federal Córdoba Santa Fé Neuquén Rosario Mendoza Rincón De Los Sauces Mar Del Plata Chubut Búsquedas relacionadas Software Software Engineer Modelo Python Software Engineer Management Services Engineer Security Product Engineering Sistemas Product Engineer Ofertas de trabajo para Desarrollador Full en Vicente López Trabajos > Desarrollador Full > Vicente López Localidad Gran Buenos Aires Capital Federal Córdoba Santa Fé Neuquén Rosario Mendoza Rincón De Los Sauces Mar Del Plata Chubut Búsquedas relacionadas Software Software Engineer Modelo Python Software Engineer Management Services Engineer Security Product Engineering Sistemas Product Engineer Vuelve a tus resultados: [[backlinkLabel]] Empleo: Desarrollador Full Stack Ssr - Vicente Lopez Vicente López - Provincia De Buenos Aires [[upButtonMessage]] full time Publicado enwww.goempleo.com 08 jul 2026 Empleo: Desarrollador Full Stack Ssr - Vicente Lopez: La descripción del trabajo.: Desarrollador Full Stack Ssr Vicente Lopez Vicente López, Buenos Aires-GBA · Hoy, 05:44 a. m. (actualizada) RH+Tecnología Este sello certifica que los datos y actividad de esta empresa han sido verificado meticulosamente por parte de goempleo 25 evaluaciones Enviar mi CV Desarrollador Full Stack Ssr - Vicente Lopez Enviar mi CV Sobre la oferta La empresaEvaluacionesBeneficios Desarrollador Full Stack Ssr Vicente Lopez Vicente López, Buenos Aires-GBA · Hoy, 05:44 a. m. (actualizada) RH+Tecnología Este sello certifica que los datos y actividad de esta empresa han sido verificado meticulosamente por parte de goempleo 25 evaluaciones Enviar mi CV Desarrollador Full Stack Ssr - Vicente Lopez Enviar mi CV Sobre la oferta La empresaEvaluacionesBeneficios Descripción de la oferta: » En RH+Tecnología te proponemos sumarte como Desarrollador Full Stack para trabajar en un importante cliente del rubro Medios de Comunicación ubicado en Vicente Lopez PROYECTO Los proyectos están orientados a colaborar con la transformación de medios digitales ajustándolos a las necesidades de los usuarios. REQUISITOS Para llevar adelante el rol se recluta: - Experiencia de 2 años como Desarrollador React o Experiencia como Desarrollador JavaScript IMPORTANTE Para aplicar se recluta realizar una Prueba Técnica que se envía por mail SOBRE NOSOTROS En RH Tecnología brindamos servicios IT siendo el foco de trabajo de la Consultora el cuidado de profesionales, clientes y proveedores. Es por ello que tenemos los siguientes compromisos: o Vivimos bajo un horizonte de rentabilidad integral o Cuidamos y alimentamos nuestras relaciones o Impulsamos hábitos saludables y buena calidad de vida o Generamos contextos para el desarrollo sustentable de nuestra comunidad o Somos líderes en servicio y conversamos productivamente o Aportamos a un paradigma laboral digno para vivir y convivir BENEFICIOS Además, contamos con los siguientes beneficios: o Prepaga Primer Nivel o Tarjeta de beneficios Club la Nación, totalmente gratis. o Tenemos una escuela propia de Capacitación (Coach IT), la cual realizamos este año un programa llamado \""Comunicación y Liderazgo\"". Consiste en asistir a un espacio mensual a mejorar todos nuestras habilidades de líderes y comunicadores. o Asignación de un Coach Ontológico personal, seguimiento personalizado de su trabajo. Es una persona dedicada solo a preguntarte como estas y cómo te sientes y sigue tu desarrollo profesional muy de cerca. o Concurso Anual, Sistema RH (consta en acumular llaves por participación, compromiso y membresía) que a fin de año se transforman en posibilidades de ganar un Crucero All Inclusive para 2 personas. o Premios en ocasiones especiales: cumpleaños, paternidad/maternidad, entre otros. o Descuentos en Gimnasio, librerías y escuela de capacitación (Educación IT) o Convenio cuenta Santander Río para amplificar el plan sueldo. Esperamos tu postulación! Requerimientos » Educación mínima: Terciario » Años de experiencia: 3 » Disponibilidad de Viajar: No » Disponibilidad de cambio de residencia: No » Enviar mi CV Resumen del empleo » Desarrollador Full Stack Ssr » Vicente López, Buenos Aires-GBA » Empresa RH+Tecnología Seguir Dejar de seguir Recibe notificaciones nuevas de RH+Tecnología Contraseña incorrecta Obligatorio He leído y acepto las Condiciones Legales incluidas en el aviso legal y la política de privacidad Obligatorio Acepto recibir información ocasional sobre productos, servicios y eventos de DGNET y sus colaboradores Ver detalle legal Información básica de privacidad y contacto Responsable DGNET Ltd, registrada en Escocia n°189977, con domicilio en 10 York Place, Edimburgo EH1 3EP, Reino Unido y teléfono de Contáctenos: +44 131 473 1049. Finalidad Realizar una correcta gestión de los servicios a los que te suscribas. Legitimación Ejecución de un contrato, consentimiento, interés legítimo y cumplimiento de una obligación legal. Destinatarios Podrán acceder a tus datos los prestadores de servicios de DGNET Ltd, incluyendo otras empresas de su grupo. Únicamente se cederán datos por obligación legal. Derechos Tienes derecho a acceder, rectificar y suprimir los datos, así como otros derechos, cuyo detalle se incluye en nuestra Política de Privacidad completa. » Tipo de contrato otro tipo de contrato » Jornada Jornada completa » Enviar mi CV Competencia/cualificación: Categorí­a del Empleo: [ Ver todos ] Requerimientos de Idioma: Tipo de Empleo: Sueldo: No especificado Titulación: Sin especificar Experiencia: No especificado Localización del Empleo: Otra Tipo de empresa Empleador Día de envío: 2026/08/12 / Viewed 904 times Información de Contacto Empresa: Ver más Ver menos [[downButtonMessage]] LinkedIn Twitter Facebook © 2026 Jobrapido | C.I.F: IT11876271005 Trabajos Empresas Condiciones del Servicio Política de Privacidad Ayuda Contacto",,https://ar.jobrapido.com/jobpreview/1230017419553013760?redirectTo=https%253A%252F%252Fwww.goempleo.com%252Fview.php%253Fjob_id%253D1264053&w=Python&p=3,Desarrollador Full Stack,jobrapido,2026-09-15T04:11:23.115008,,,,
7773626439785512960,Desarrollador Full Stack SSR Proyecto en Munro (Vicente López),YEL Solutions,Vicente López,"Open or close the mobile menu Jobrapido Entrar Inscríbete Publica una oferta Ayuda Empresas Clear job input Profesión / Palabras clave Ofertas de trabajo para Desarrollador Full en Vicente López ¿Qué trabajo estás buscando? Clear location input Localidad Búsqueda avanzada de empleo Relevancia Fecha [[distance.label]] [[d.text]] Close Localidad Gran Buenos Aires Capital Federal Córdoba Santa Fé Neuquén Rosario Mendoza Rincón De Los Sauces Mar Del Plata Chubut Búsquedas relacionadas Software Software Engineer Modelo Python Software Engineer Management Services Engineer Security Product Engineering Sistemas Product Engineer Vuelve a tus resultados: [[backlinkLabel]] Desarrollador Full Stack SSR Proyecto en Munro (Vicente López) Vicente López - Provincia De Buenos Aires YEL Solutions [[upButtonMessage]] full time www.kitempleo.com.ar 11 sep 2026 En Yel buscamos un/a Desarrollador/a Full Stack Semi Senior, orientado a backend, para sumarse a un proyecto de construcción de una plataforma de interoperabilidad semántica en el ecosistema de salud. ¿Qué vas a hacer? Vas a trabajar sobre componentes ya definidos por un Arquitecto de Software / Sr Developer, implementando APIs, procesos batch, persistencia de datos, UI de curaduría, tests y documentación operativa. El diseño arquitectónico y funcional no corre por tu cuenta: tu foco es ejecutar con calidad, respetar contratos técnicos y trabajar con revisión técnica frecuente. Conocimientos excluyentes Dominio de Python. Experiencia con Docker. Manejo de Linux. Experiencia en desarrollo e integración de API REST. Stack principal: Python FastAPI Docker PostgreSQL Redis Elasticsearch React TypeScript Deseable (no excluyente): SQL Workers / procesamiento asincrónico Almacenamiento tipo S3/MinIO Nociones de búsqueda/IA SNOMED, FHIR o Snowstorm (valorado, no obligatorio) Modalidad: Hibrido - Oficinas en Munro, Zona Norte Bs As. martes y jueves Seniority: SSR (o Junior avanzado con perfil backend) Es un poryecto de aprox 4 meses con posibilidad de una contratacion indeterminada. Incentivos Yel Plan de salud corporativo cerrado y exclusivo. Sin cargo para vos y grupo familiar directo. Plataforma de beneficios y descuentos corporativos (Cursos y certificaciones, idiomas, gimnasios, gastronomía, indumentaria y otros) Días libres adicionales Obsequios por días especiales Programa de referidos Ver más Ver menos [[downButtonMessage]] LinkedIn Twitter Facebook © 2026 Jobrapido | C.I.F: IT11876271005 Trabajos Empresas Condiciones del Servicio Política de Privacidad Ayuda Contacto",,https://ar.jobrapido.com/jobpreview/7773626439785512960?redirectTo=https%253A%252F%252Fwww.kitempleo.com.ar%252Fempleo%252F53558115%252Fdesarrollador-full-stack-ssr-proyecto-en-munro-vicente-lopez&w=Python&p=3,Desarrollador Full Stack,jobrapido,2026-09-15T04:11:23.115488,,,,
8569266760547565568,Desarrollador Full Stack Sr Vicente López (Argentina),NUBAX,Vicente López,"Open or close the mobile menu Jobrapido Entrar Inscríbete Publica una oferta Ayuda Empresas Clear job input Profesión / Palabras clave Ofertas de trabajo para Desarrollador Full en Vicente López ¿Qué trabajo estás buscando? Clear location input Localidad Búsqueda avanzada de empleo Relevancia Fecha [[distance.label]] [[d.text]] Close Localidad Gran Buenos Aires Capital Federal Córdoba Santa Fé Neuquén Rosario Mendoza Rincón De Los Sauces Mar Del Plata Chubut Búsquedas relacionadas Software Software Engineer Modelo Python Software Engineer Management Services Engineer Security Product Engineering Sistemas Product Engineer Vuelve a tus resultados: [[backlinkLabel]] Desarrollador Full Stack Sr Vicente López (Argentina) Vicente López - Provincia De Buenos Aires NUBAX [[upButtonMessage]] full time www.kitempleo.com.ar 08 sep 2026 En Nubax nos encontramos en búsqueda de un FULL STACK DEVELOPER SR Responsabilidades Diseñar y desarrollar backends performantes y escalables. Optimizar el uso de CPU, memoria, I/O y conexiones. Definir estructuras de datos, flujos y patrones orientados a eficiencia. Integrar APIs, servicios externos y sistemas distribuidos. Participar en decisiones de arquitectura junto a arquitectos y DevOps. Implementar buenas prácticas de observabilidad y monitoreo. Colaborar en el desarrollo frontend cuando sea necesario. Requisitos 10 años de experiencia en desarrollo (EXCLUYENTE) 2 años de experiencia en posiciones de liderazgo técnico Backend: Node.js Frontend: React Bases de datos: PostgreSQL y MySQL NoSQL: MongoDB y/o Weaviate Experiencia en arquitecturas con escalado horizontal Conocimiento en AWS, Fargate o tecnologías similares Manejo de Docker o entornos containerizados Deseable Conocimientos básicos de IA / Machine Learning Experiencia integrando LLMs, embeddings o bases vectoriales Incentivos Días libres (por tu cumpleaños y un día mensual para disfrutar como más te guste) Descuentos en SportClub + acceso a plataforma online Prepaga de primer nivel Capacitación contínua Posibilidad de desarrollo/crecimiento dentro de la organización Días extra por estudio/exámen Días extra por paternidad Regalos por nacimiento y fechas especiales Ver más Ver menos [[downButtonMessage]] LinkedIn Twitter Facebook © 2026 Jobrapido | C.I.F: IT11876271005 Trabajos Empresas Condiciones del Servicio Política de Privacidad Ayuda Contacto",,https://ar.jobrapido.com/jobpreview/8569266760547565568?redirectTo=https%253A%252F%252Fwww.kitempleo.com.ar%252Fempleo%252F53402187%252Fdesarrollador-full-stack-sr-vicente-lopez-argentina&w=Python&p=3,Desarrollador Full Stack,jobrapido,2026-09-15T04:11:23.115988,,,,
7494088974361690112,Desarrollador Full Stack Sr Vicente López,NUBAX,Vicente López,"Open or close the mobile menu Jobrapido Entrar Inscríbete Publica una oferta Ayuda Empresas Clear job input Profesión / Palabras clave Ofertas de trabajo para Desarrollador Full en Vicente López ¿Qué trabajo estás buscando? Clear location input Localidad Búsqueda avanzada de empleo Relevancia Fecha [[distance.label]] [[d.text]] Close Localidad Gran Buenos Aires Capital Federal Córdoba Santa Fé Neuquén Rosario Mendoza Rincón De Los Sauces Mar Del Plata Chubut Búsquedas relacionadas Software Software Engineer Modelo Python Software Engineer Management Services Engineer Security Product Engineering Sistemas Product Engineer Vuelve a tus resultados: [[backlinkLabel]] Desarrollador Full Stack Sr Vicente López Vicente López - Provincia De Buenos Aires NUBAX [[upButtonMessage]] full time www.kitempleo.com.ar 03 sep 2026 En Nubax nos encontramos en búsqueda de un FULL STACK DEVELOPER SR Responsabilidades: Diseñar y desarrollar backends performantes y escalables. Optimizar el uso de CPU, memoria, I/O y conexiones. Definir estructuras de datos, flujos y patrones orientados a eficiencia. Integrar APIs, servicios externos y sistemas distribuidos. Participar en decisiones de arquitectura junto a arquitectos y DevOps. Implementar buenas prácticas de observabilidad y monitoreo. Colaborar en el desarrollo frontend cuando sea necesario. Requisitos: 10 años de experiencia en desarrollo (EXCLUYENTE) 2 años de experiencia en posiciones de liderazgo técnico Backend: Node.js Frontend: React Bases de datos: PostgreSQL y MySQL NoSQL: MongoDB y/o Weaviate Experiencia en arquitecturas con escalado horizontal Conocimiento en AWS, Fargate o tecnologías similares Manejo de Docker o entornos containerizados Deseable: Conocimientos básicos de IA / Machine Learning Experiencia integrando LLMs, embeddings o bases vectoriales ¿Por qué elegir Nubax? En Nubax, no solo ofrecemos soluciones: creamos impacto real en un mundo cada vez más digital y desafiante. Somos una empresa con ADN emprendedor, donde cada persona tiene la libertad de proponer, construir y crecer. Pensamos en notable, pero actuamos con cercanía: Nos mueve la innovación, pero también el compromiso con lo humano. Tu desarrollo es protagonista: vas a encontrar un ambiente donde el aprendizaje es constante, los desafíos son reales y las oportunidades, concretas. Trabajamos con propósito y en equipo, con referentes del sector que comparten su experiencia y están siempre dispuestos a colaborar. El clima laboral no es un beneficio, es parte de nuestra cultura: valoramos el respeto, la escucha activa y el bienestar como pilares del día a día. Los Incentivos que ofrecemos son: Días libres (por tu cumpleaños y un día mensual para disfrutar como más te guste), descuentos en SportClub + acceso a plataforma online, prepaga de primer nivel, capacitación c Ver más Ver menos [[downButtonMessage]] LinkedIn Twitter Facebook © 2026 Jobrapido | C.I.F: IT11876271005 Trabajos Empresas Condiciones del Servicio Política de Privacidad Ayuda Contacto",,https://ar.jobrapido.com/jobpreview/7494088974361690112?redirectTo=https%253A%252F%252Fwww.kitempleo.com.ar%252Fempleo%252F53113901%252Fdesarrollador-full-stack-sr-vicente-lopez&w=Python&p=3,Desarrollador Full Stack,jobrapido,2026-09-15T04:11:23.116471,,,,
1397843593061728256,Full Stack Engineer Node Js End To End Ownership Vicente López (Argentina),Werben Hr,Vicente López,"Open or close the mobile menu Jobrapido Entrar Inscríbete Publica una oferta Ayuda Empresas Clear job input Profesión / Palabras clave Ofertas de trabajo para Full Stack en Vicente López ¿Qué trabajo estás buscando? Clear location input Localidad Búsqueda avanzada de empleo Relevancia Fecha [[distance.label]] [[d.text]] Close Localidad Gran Buenos Aires Capital Federal Córdoba Santa Fé Neuquén Rosario Mendoza Rincón De Los Sauces Mar Del Plata Chubut Búsquedas relacionadas Software Software Engineer Modelo Python Software Engineer Management Services Engineer Security Product Engineering Sistemas Product Engineer Vuelve a tus resultados: [[backlinkLabel]] Full Stack Engineer Node Js End To End Ownership Vicente López (Argentina) Vicente López - Provincia De Buenos Aires Werben Hr [[upButtonMessage]] full time www.kitempleo.com.ar 04 sep 2026 Werben HR busca un Desarrollador Full Stack para una relevante plataforma de movilidad en Argentina. Se valorará experiencia sólida en Node.js y entornos Java, con capacidad de liderar y proponer soluciones técnicas de alto impacto. La posición ofrece un camino de crecimiento, modalidad mixta con presencia en Vicente López y posibilidad de avanzar en proyectos desafiantes, con foco en calidad, seguridad y buenas prácticas de desarrollo. J-18808-Ljbffr Ver más Ver menos [[downButtonMessage]] LinkedIn Twitter Facebook © 2026 Jobrapido | C.I.F: IT11876271005 Trabajos Empresas Condiciones del Servicio Política de Privacidad Ayuda Contacto",,https://ar.jobrapido.com/jobpreview/1397843593061728256?redirectTo=https%253A%252F%252Fwww.kitempleo.com.ar%252Fempleo%252F53182712%252Ffull-stack-engineer-node-js-end-to-end-ownership-vicente-lopez-argentina&w=Python&p=3,Desarrollador Full Stack,jobrapido,2026-09-15T04:11:23.116968,,,,
4292937973344763904,Full Stack Engineer (Vicente López),Werben Hr,Vicente López,"Open or close the mobile menu Jobrapido Entrar Inscríbete Publica una oferta Ayuda Empresas Clear job input Profesión / Palabras clave Ofertas de trabajo para Full Stack en Vicente López ¿Qué trabajo estás buscando? Clear location input Localidad Búsqueda avanzada de empleo Relevancia Fecha [[distance.label]] [[d.text]] Close Localidad Gran Buenos Aires Capital Federal Córdoba Santa Fé Neuquén Rosario Mendoza Rincón De Los Sauces Mar Del Plata Chubut Búsquedas relacionadas Software Software Engineer Modelo Python Software Engineer Management Services Engineer Security Product Engineering Sistemas Product Engineer Vuelve a tus resultados: [[backlinkLabel]] Full Stack Engineer (Vicente López) Vicente López - Provincia De Buenos Aires Werben Hr [[upButtonMessage]] full time www.kitempleo.com.ar 03 sep 2026 Werben HR busca un Desarrollador Full Stack para una importante plataforma de movilidad en Argentina. Se valorará experiencia sólida en Node.js y entornos Java, con capacidad de liderar y proponer soluciones técnicas de alto impacto. La posición ofrece un camino de crecimiento, modalidad mixta con presencia en Vicente López y posibilidad de avanzar en proyectos desafiantes, con foco en calidad, seguridad y buenas prácticas de desarrollo. Ver más Ver menos [[downButtonMessage]] LinkedIn Twitter Facebook © 2026 Jobrapido | C.I.F: IT11876271005 Trabajos Empresas Condiciones del Servicio Política de Privacidad Ayuda Contacto",,https://ar.jobrapido.com/jobpreview/4292937973344763904?redirectTo=https%253A%252F%252Fwww.kitempleo.com.ar%252Fempleo%252F53096696%252Ffull-stack-engineer-vicente-lopez&w=Python&p=3,Desarrollador Full Stack,jobrapido,2026-09-15T04:11:23.117450,,,,
4673243377351786496,Full Stack Engineer - Node.js | End-to-End Ownership (Vicente López),Werben Hr,Vicente López,"Jobrapido Publica una oferta Ayuda Empresas Entrar Inscríbete Profesión / Palabras clave Localidad Ofertas de trabajo para Full Stack en Vicente López Trabajos > Full Stack > Vicente López Localidad Gran Buenos Aires Capital Federal Córdoba Santa Fé Neuquén Rosario Mendoza Rincón De Los Sauces Mar Del Plata Chubut Búsquedas relacionadas Software Software Engineer Modelo Python Software Engineer Management Services Engineer Security Product Engineering Sistemas Product Engineer Vuelve a tus resultados: [[backlinkLabel]] Full Stack Engineer - Node.js | End-to-End Ownership (Vicente López) Vicente López - Provincia De Buenos Aires Werben Hr [[upButtonMessage]] full time Publicado enwww.kitempleo.com.ar 31 ago 2026 Werben HR busca un Desarrollador Full Stack para una relevante plataforma de movilidad en Argentina. Se valorará experiencia sólida en Node.js y entornos Java, con capacidad de liderar y proponer soluciones técnicas de alto impacto. La posición ofrece un camino de crecimiento, modalidad híbrida con presencia en Vicente López y posibilidad de avanzar en proyectos desafiantes, con foco en calidad, seguridad y buenas prácticas de desarrollo. #J-18808-Ljbffr Ver más Ver menos [[downButtonMessage]] LinkedIn Twitter Facebook © 2026 Jobrapido | C.I.F: IT11876271005 Trabajos Empresas Condiciones del Servicio Política de Privacidad Ayuda Contacto",,https://ar.jobrapido.com/jobpreview/4673243377351786496?redirectTo=https%253A%252F%252Fwww.kitempleo.com.ar%252Fempleo%252F52911016%252Ffull-stack-engineer-node-js-end-to-end-ownership-vicente-lopez&w=Python&p=3,Desarrollador Full Stack,jobrapido,2026-09-15T04:11:23.118157,,,,
6672183073158725632,Senior Full Stack Developer (Vicente López),Empresa líder,Vicente López,"Jobrapido Publica una oferta Ayuda Empresas Entrar Inscríbete Profesión / Palabras clave Localidad Ofertas de trabajo para Senior Full en Vicente López Trabajos > Senior Full > Vicente López Localidad Gran Buenos Aires Capital Federal Córdoba Santa Fé Neuquén Rosario Mendoza Rincón De Los Sauces Mar Del Plata Chubut Búsquedas relacionadas Software Software Engineer Modelo Python Software Engineer Management Services Engineer Security Product Engineering Sistemas Product Engineer Vuelve a tus resultados: [[backlinkLabel]] Senior Full Stack Developer (Vicente López) Vicente López - Provincia De Buenos Aires Empresa líder [[upButtonMessage]] other Publicado enwww.kitempleo.com.ar 25 ago 2026 Buscamos un/a Senior Full Stack Developer para incorporarse full time al desarrollo de una plataforma SaaS de análisis de audiencias, transmisiones en vivo, contenido on demand y conversaciones digitales. La posición es principalmente de programación y desarrollo de producto. La persona deberá trabajar directamente sobre una plataforma existente, implementar mejoras, modificar funcionalidades actuales y desarrollar nuevos módulos. El desarrollador original de continuará vinculado como asesor técnico, acompañando la transferencia de conocimiento, la comprensión de la arquitectura y las decisiones técnicas relevantes. Principales responsabilidades: - Programar mejoras y nuevas funcionalidades de frontend y backend. - Mantener, corregir y optimizar el código existente. - Desarrollar módulos de análisis y procesamiento de grandes volúmenes de datos. - Integrar APIs, plataformas externas y servicios de inteligencia artificial. - Diseñar e implementar agentes de IA especializados para analizar información, detectar patrones, generar conclusiones y automatizar procesos. - Construir flujos de agentes mediante LLM orchestration, tool calling, memoria, procesamiento de contexto y sistemas multiagente. - Implementar soluciones de RAG, embeddings y bases de datos vectoriales para trabajar con información propia de Tropic. - Diseñar datasets, instrucciones y casos de prueba para mejorar el comportamiento de los agentes. - Evaluar la precisión y consistencia de las respuestas mediante LLM evaluations, métricas y pruebas automatizadas. - Aplicar técnicas de prompt engineering, optimización de contexto y, cuando corresponda, fine-tuning de modelos. - Administrar bases de datos, infraestructura cloud, despliegues y rendimiento de la plataforma. - Documentar los desarrollos realizados y facilitar el crecimiento futuro del equipo técnico. Requisitos: - Experiencia comprobable como Full Stack Developer senior. - Capacidad para trabajar de manera autónoma sobre un producto tecnológico existente. - Experiencia desarrollando plataformas SaaS y aplicaciones orientadas a datos. - Conocimiento sólido de backend, frontend, APIs, bases de datos y arquitectura cloud. - Experiencia práctica integrando modelos de lenguaje mediante APIs. - Experiencia desarrollando agentes de IA en producción, no solamente chatbots o pruebas conceptuales. - Conocimientos de RAG, embeddings, vector databases, tool calling, structured outputs y evaluación de agentes. - Capacidad para convertir necesidades de negocio en funcionalidades concretas. - Se valorará experiencia en analytics, procesamiento en tiempo real, streaming, social listening o medios digitales. Se tomará una evaluación práctica para la contratación Salario en Dólares Enviar CV a : Ver más Ver menos [[downButtonMessage]] LinkedIn Twitter Facebook © 2026 Jobrapido | C.I.F: IT11876271005 Trabajos Empresas Condiciones del Servicio Política de Privacidad Ayuda Contacto",,https://ar.jobrapido.com/jobpreview/6672183073158725632?redirectTo=https%253A%252F%252Fwww.kitempleo.com.ar%252Fempleo%252F52696147%252Fsenior-full-stack-developer-vicente-lopez&w=Python&p=3,Desarrollador Full Stack,jobrapido,2026-09-15T04:11:23.118658,,,,
2152467010506719232,Full stack engineer SSR/ SR (Vicente López),Werben Hr,Vicente López,"Jobrapido Publica una oferta Ayuda Empresas Entrar Inscríbete Profesión / Palabras clave Localidad Ofertas de trabajo para Full Stack en Vicente López Trabajos > Full Stack > Vicente López Localidad Gran Buenos Aires Capital Federal Córdoba Santa Fé Neuquén Rosario Mendoza Rincón De Los Sauces Mar Del Plata Chubut Búsquedas relacionadas Software Software Engineer Modelo Python Software Engineer Management Services Engineer Security Product Engineering Sistemas Product Engineer Vuelve a tus resultados: [[backlinkLabel]] Full stack engineer SSR/ SR (Vicente López) Vicente López - Provincia De Buenos Aires Werben Hr [[upButtonMessage]] full time Publicado enwww.kitempleo.com.ar 03 sep 2026 Nuestro cliente es la plataforma de remises y taxis mas grande de Argentina. Se encuentran en la búsqueda de un desarrollador Full Stack con experiencia en NODE JS ( Excluyente) quien tendrá a su cargo poder transformar la plataforma hacia un nuevo lenguaje. La propuesta es muy desafiante ya que nuestro cliente está creciendo mucho en el país.Buscamos una persona apasionada por la tecnología, que tenga interes en poder aportar y crecer dentro de la empresa. Responsabilidades: - Participar en la resolución de problemas técnicos donde se valore la pasión por el desarrollo, las buenas prácticas y el software de calidad. - Colaborar con la concepción de un producto, aprendiendo a priorizar las necesidades del negocio y proponer soluciones técnicas. - Colaborar y presentar sus ideas de forma clara y efectiva con el resto del equipo (producto, diseño, etc.), tomando un total ownership sobre el producto. Liderazgo en el end-to-end de proyectos de desarrollo en nuestro roadmap. - Definir el diseño y arquitectura de los distintos servicios requeridos. - Crear, operar y mantener los servicios que conforman nuestra plataforma vigente. Implementar soluciones de despliegue, monitoreo, seguridad y otros aspectos del ciclo de vida de una aplicación productiva. - Predisposición para la simplicidad y la excelencia técnica: disposición para aprender, mejorar y crecer continuamente en una escala personal y profesional Requisitos: - Al menos 3 años de experiencia en desarrollo Back-end / Front-end, idealmente en productos de movilidad - Tecnologías a aplicar: Java EE, SpringAngularNodeJS (excluyente) - Requsitos deseables, ( NO excluyentes) AWS (Lambda, S3, EC2, ECS, RDS MySQL, SNS)UnixDockerGitConocimientos PHP serán valorados Ofrecemos: - Posibilidades de crecimiento ( el equipo de desarrollo se está armando) - FlexibilidadHomeworking ( al menos 2 dias a la semana) - Prepaga Osde Lugar de trabajo: Vicente López, GBA Norte Ver más Ver menos [[downButtonMessage]] LinkedIn Twitter Facebook © 2026 Jobrapido | C.I.F: IT11876271005 Trabajos Empresas Condiciones del Servicio Política de Privacidad Ayuda Contacto",,https://ar.jobrapido.com/jobpreview/2152467010506719232?redirectTo=https%253A%252F%252Fwww.kitempleo.com.ar%252Fempleo%252F53096196%252Ffull-stack-engineer-ssr-sr-vicente-lopez&w=Python&p=3,Desarrollador Full Stack,jobrapido,2026-09-15T04:11:23.119154,,,,
9025417713589157888,"Full Stack Engineer Ssr/ Sr , Vicente López, Gba Norte (Argentina)",Werben Hr,Vicente López,"Open or close the mobile menu Jobrapido Entrar Inscríbete Publica una oferta Ayuda Empresas Clear job input Profesión / Palabras clave Ofertas de trabajo para Full Stack en Vicente López ¿Qué trabajo estás buscando? Clear location input Localidad Búsqueda avanzada de empleo Relevancia Fecha [[distance.label]] [[d.text]] Close Localidad Gran Buenos Aires Capital Federal Córdoba Santa Fé Neuquén Rosario Mendoza Rincón De Los Sauces Mar Del Plata Chubut Búsquedas relacionadas Software Software Engineer Modelo Python Software Engineer Management Services Engineer Security Product Engineering Sistemas Product Engineer Vuelve a tus resultados: [[backlinkLabel]] Full Stack Engineer Ssr/ Sr , Vicente López, Gba Norte (Argentina) Vicente López - Provincia De Buenos Aires Werben Hr [[upButtonMessage]] full time www.kitempleo.com.ar 02 sep 2026 Nuestro cliente es la plataforma de remises y taxis mas amplio de Argentina. Se encuentran en la búsqueda de un desarrollador Full Stack con experiencia en NODE JS ( Excluyente) quien tendrá a su cargo poder transformar la plataforma hacia un actual lenguaje. La propuesta es muy desafiante ya que nuestro cliente está creciendo mucho en el país. Buscamos una persona apasionada por la tecnología, que tenga interes en poder aportar y crecer dentro de la empresa. Responsabilidades: Participar en la resolución de problemas técnicos donde se valore la pasión por el desarrollo, las buenas prácticas y el software de calidad. Colaborar con la concepción de un producto, aprendiendo a priorizar las necesidades del negocio y proponer soluciones técnicas. Colaborar y presentar sus ideas de forma clara y efectiva con el resto del equipo (producto, diseño, etc.), tomando un total ownership sobre el producto. Liderazgo en el end-to-end de proyectos de desarrollo en nuestro roadmap. Definir el diseño y arquitectura de los distintos servicios requeridos. Crear, operar y mantener los servicios que conforman nuestra plataforma vigente. Implementar soluciones de despliegue, monitoreo, seguridad y otros aspectos del ciclo de vida de una aplicación productiva. Predisposición para la simplicidad y la excelencia técnica: disposición para aprender, mejorar y crecer continuamente en una escala personal y profesional Requisitos: Al menos 3 años de experiencia en desarrollo Back-end / Front-end, idealmente en productos de movilidad Tecnologías a aplicar: Java EE, Spring Angular NodeJS (excluyente) Requsitos deseables, ( NO excluyentes) AWS (Lambda, S3, EC2, ECS, RDS MySQL, SNS)Unix Docker GitConocimientos PHP serán valorados Ofrecemos: Posibilidades de crecimiento ( el equipo de desarrollo se está armando) Flexibilidad Homeworking ( al menos 2 dias a la semana) Prepaga Osde Lugar de trabajo: Vicente López, GBA Norte J-18808-Ljbffr Ver más Ver menos [[downButtonMessage]] LinkedIn Twitter Facebook © 2026 Jobrapido | C.I.F: IT11876271005 Trabajos Empresas Condiciones del Servicio Política de Privacidad Ayuda Contacto",,https://ar.jobrapido.com/jobpreview/9025417713589157888?redirectTo=https%253A%252F%252Fwww.kitempleo.com.ar%252Fempleo%252F53068182%252Ffull-stack-engineer-ssr-sr-vicente-lopez-gba-norte-argentina&w=Python&p=3,Desarrollador Full Stack,jobrapido,2026-09-15T04:11:23.119638,,,,
4285023963525939200,"Full stack engineer SSR/ SR , Vicente López, GBA Norte",Werben Hr,Vicente López,"Jobrapido Publica una oferta Ayuda Empresas Entrar Inscríbete Profesión / Palabras clave Localidad Ofertas de trabajo para Full Stack en Vicente López Trabajos > Full Stack > Vicente López Localidad Gran Buenos Aires Capital Federal Córdoba Santa Fé Neuquén Rosario Mendoza Rincón De Los Sauces Mar Del Plata Chubut Búsquedas relacionadas Software Software Engineer Modelo Python Software Engineer Management Services Engineer Security Product Engineering Sistemas Product Engineer Vuelve a tus resultados: [[backlinkLabel]] Full stack engineer SSR/ SR , Vicente López, GBA Norte Vicente López - Provincia De Buenos Aires Werben Hr [[upButtonMessage]] full time Publicado enwww.kitempleo.com.ar 31 ago 2026 Nuestro cliente es la plataforma de remises y taxis mas grande de Argentina. Se encuentran en la búsqueda de un desarrollador Full Stack con experiencia en NODE JS ( Excluyente) quien tendrá a su cargo poder transformar la plataforma hacia un nuevo lenguaje. La propuesta es muy desafiante ya que nuestro cliente está creciendo mucho en el país. Buscamos una persona apasionada por la tecnología, que tenga interes en poder aportar y crecer dentro de la empresa. Responsabilidades: Participar en la resolución de problemas técnicos donde se valore la pasión por el desarrollo, las buenas prácticas y el software de calidad. Colaborar con la concepción de un producto, aprendiendo a priorizar las necesidades del negocio y proponer soluciones técnicas. Colaborar y presentar sus ideas de forma clara y efectiva con el resto del equipo (producto, diseño, etc.), tomando un total ownership sobre el producto. Liderazgo en el end-to-end de proyectos de desarrollo en nuestro roadmap. Definir el diseño y arquitectura de los distintos servicios requeridos. Crear, operar y mantener los servicios que conforman nuestra plataforma vigente. Implementar soluciones de despliegue, monitoreo, seguridad y otros aspectos del ciclo de vida de una aplicación productiva. Predisposición para la simplicidad y la excelencia técnica: disposición para aprender, mejorar y crecer continuamente en una escala personal y profesional Requisitos: Al menos 3 años de experiencia en desarrollo Back-end / Front-end, idealmente en productos de movilidad Tecnologías a aplicar: Java EE, Spring Angular NodeJS (excluyente) Requsitos deseables, ( NO excluyentes) AWS (Lambda, S3, EC2, ECS, RDS MySQL, SNS)Unix Docker GitConocimientos PHP serán valorados Ofrecemos: Posibilidades de crecimiento ( el equipo de desarrollo se está armando) Flexibilidad Homeworking ( al menos 2 dias a la semana) Prepaga Osde Lugar de trabajo: Vicente López, GBA Norte #J-18808-Ljbffr Ver más Ver menos [[downButtonMessage]] LinkedIn Twitter Facebook © 2026 Jobrapido | C.I.F: IT11876271005 Trabajos Empresas Condiciones del Servicio Política de Privacidad Ayuda Contacto",,https://ar.jobrapido.com/jobpreview/4285023963525939200?redirectTo=https%253A%252F%252Fwww.kitempleo.com.ar%252Fempleo%252F52901463%252Ffull-stack-engineer-ssr-sr-vicente-lopez-gba-norte&w=Python&p=3,Desarrollador Full Stack,jobrapido,2026-09-15T04:11:23.120130,,,,
7179009623771316224,Desarrollador Full Stack (Buenos Aires),Grupo Abans,Capital Federal,"Jobrapido Publica una oferta Ayuda Empresas Entrar Inscríbete Profesión / Palabras clave Localidad Ofertas de trabajo para Desarrollador Full en Departamento Federal Trabajos > Desarrollador Full > Capital Federal Localidad Gran Buenos Aires Capital Federal Córdoba Santa Fé Neuquén Rosario Mendoza Rincón De Los Sauces Mar Del Plata Chubut Búsquedas relacionadas Software Software Engineer Modelo Python Software Engineer Management Services Engineer Security Product Engineering Sistemas Product Engineer Vuelve a tus resultados: [[backlinkLabel]] Desarrollador Full Stack (Buenos Aires) Capital Federal - Provincia De Buenos Aires Grupo Abans [[upButtonMessage]] full time Publicado enwww.kitempleo.com.ar 08 sep 2026 Desarrollador Full Stack con experiência. Responsabilidades: - Arquitectura, desarrollo y mejora de nuestras plataformas. - evaluación de nuevas tecnologías. - Participación activamente en los procesos de mejora continua. Conocimientos: - Ingles: Intermedio - Conocimientos de PHP y ReactJS - Entornos LAMP - HTML, CSS y JavaScript - Metodologias Agiles - Manejo de base de datos MySQL Importante Empresa de Tecnologia Requisitos: Requerimientos Educación: Universitaria provenientes de carreras de Sistemas + 3 año de experiência Incentivos Prepaga de primer nível Ver más Ver menos [[downButtonMessage]] LinkedIn Twitter Facebook © 2026 Jobrapido | C.I.F: IT11876271005 Trabajos Empresas Condiciones del Servicio Política de Privacidad Ayuda Contacto",,https://ar.jobrapido.com/jobpreview/7179009623771316224?redirectTo=https%253A%252F%252Fwww.kitempleo.com.ar%252Fempleo%252F53371268%252Fdesarrollador-full-stack-buenos-aires&w=Python&p=4,Desarrollador Full Stack,jobrapido,2026-09-15T04:13:55.267620,,,,
6740903718125830144,Desarrollador Full Stack (Buenos Aires),Web:,Capital Federal,"Open or close the mobile menu Jobrapido Entrar Inscríbete Publica una oferta Ayuda Empresas Clear job input Profesión / Palabras clave Ofertas de trabajo para Desarrollador Full en Departamento Federal ¿Qué trabajo estás buscando? Clear location input Localidad Búsqueda avanzada de empleo Relevancia Fecha [[distance.label]] [[d.text]] Close Localidad Gran Buenos Aires Capital Federal Córdoba Santa Fé Neuquén Rosario Mendoza Rincón De Los Sauces Mar Del Plata Chubut Búsquedas relacionadas Software Software Engineer Modelo Python Software Engineer Management Services Engineer Security Product Engineering Sistemas Product Engineer Vuelve a tus resultados: [[backlinkLabel]] Desarrollador Full Stack (Buenos Aires) Capital Federal - Provincia De Buenos Aires Web: [[upButtonMessage]] full time www.kitempleo.com.ar 06 sep 2026 Descripción del empleo: Nos encontramos en la búsqueda de un Desarrollador Full Stack para desempeñarse dentro de nuestra área de Desarrollo. Requisitos: acreditar experiência en - Node.js Fullstack - JavaScript - Desarrollo tanto front-end como back-end - Poseer experiência en proyectos de Inteligencia Artificial / Chatbot / asistentes virtuales (excluyente) - Poseer experiência de usuario/UX (deseable) Buscamos personas con compromiso con la tarea, actitud proactiva, con marcada orientación al cliente y a resultados. Disponibilidad Full Time para trabajar de Lunes a Viernes de 09 a 18hs. Ofrecemos posición efectiva, buen clima laboral, posibilidades de crecimiento y medicina prepaga de primer nível. Ver más Ver menos [[downButtonMessage]] LinkedIn Twitter Facebook © 2026 Jobrapido | C.I.F: IT11876271005 Trabajos Empresas Condiciones del Servicio Política de Privacidad Ayuda Contacto",,https://ar.jobrapido.com/jobpreview/6740903718125830144?redirectTo=https%253A%252F%252Fwww.kitempleo.com.ar%252Fempleo%252F53248740%252Fdesarrollador-full-stack-buenos-aires&w=Python&p=4,Desarrollador Full Stack,jobrapido,2026-09-15T04:13:55.268267,,,,
2160828590277525504,Desarrollador Full Stack (Buenos Aires),Talent Connect,Capital Federal,"Jobrapido Publica una oferta Ayuda Empresas Entrar Inscríbete Profesión / Palabras clave Localidad Ofertas de trabajo para Desarrollador Full en Departamento Federal Trabajos > Desarrollador Full > Capital Federal Localidad Gran Buenos Aires Capital Federal Córdoba Santa Fé Neuquén Rosario Mendoza Rincón De Los Sauces Mar Del Plata Chubut Búsquedas relacionadas Software Software Engineer Modelo Python Software Engineer Management Services Engineer Security Product Engineering Sistemas Product Engineer Vuelve a tus resultados: [[backlinkLabel]] Desarrollador Full Stack (Buenos Aires) Capital Federal - Provincia De Buenos Aires Talent Connect [[upButtonMessage]] full time Publicado enwww.kitempleo.com.ar 24 ago 2026 Desarrollador Full Stack (SR) – Next.js / NestJS / Python / AWS (Híbrido) 📍 Argentina | Híbrido 🕘 Full-time 🎯 Sobre el rol Buscamos un/a Desarrollador Full Stack SR para sumarse al Centro de Excelencia (COE) de una empresa tecnológica líder en soluciones para grandes corporaciones. No es una posición de liderazgo tradicional: buscamos un perfil híbrido con solidez técnica para liderar arquitecturas Full Stack y despliegues en cloud, con experiencia real integrando Inteligencia Artificial Generativa en productos productivos. La misión es elevar la vara técnica de los equipos, liderar el diseño de soluciones innovadoras y transformar la forma en que se construye software para clientes de primer nivel. ✅ Qué vas a hacer Liderar células de desarrollo en proyectos de alto impacto garantizando calidad, escalabilidad y cumplimiento de plazos Diseñar arquitecturas Cloud-Native robustas en AWS, GCP o Azure (Microservicios, Serverless, Event-Driven) Construir aplicaciones web complejas y de misión crítica: seguras, performantes y mantenibles Diseñar e implementar soluciones con LLMs, RAG, MCP y agentes inteligentes integrados a flujos de negocio reales Colaborar en preventa: traducir necesidades de clientes en soluciones técnicas viables con estimaciones precisas Actuar como referente técnico del COE: capacitar al equipo en nuevas tecnologías y promover el uso de herramientas de IA (Copilot, Cursor) 🔍 Qué buscamos 4+ años en desarrollo de software, con al menos 3 liderando equipos técnicos o definiendo arquitectura Dominio avanzado de Python (Django) y/o ecosistema JavaScript (Node.js / NestJS / React / Next.js) Experiencia sólida en modelado y optimización con PostgreSQL Experiencia demostrable diseñando e implementando infraestructura en AWS, GCP o Azure Experiencia integrando APIs de IA (OpenAI, Anthropic, Gemini), frameworks como LangChain o LlamaIndex, y bases de datos vectoriales Perfil consultivo con destacado comunicación y capacidad de interactuar con clientes corpor Ver más Ver menos [[downButtonMessage]] LinkedIn Twitter Facebook © 2026 Jobrapido | C.I.F: IT11876271005 Trabajos Empresas Condiciones del Servicio Política de Privacidad Ayuda Contacto",,https://ar.jobrapido.com/jobpreview/2160828590277525504?redirectTo=https%253A%252F%252Fwww.kitempleo.com.ar%252Fempleo%252F52674812%252Fdesarrollador-full-stack-buenos-aires&w=Python&p=4,Desarrollador Full Stack,jobrapido,2026-09-15T04:13:55.268786,,,,
2590976024602738688,Desarrollador Full Stack Senior - Integraciones & IA (Argentina),Red Hook Data,Capital Federal,"Jobrapido Publica una oferta Ayuda Empresas Entrar Inscríbete Profesión / Palabras clave Localidad Ofertas de trabajo para Desarrollador Full en Departamento Federal Trabajos > Desarrollador Full > Capital Federal Localidad Gran Buenos Aires Capital Federal Córdoba Santa Fé Neuquén Rosario Mendoza Rincón De Los Sauces Mar Del Plata Chubut Búsquedas relacionadas Software Software Engineer Modelo Python Software Engineer Management Services Engineer Security Product Engineering Sistemas Product Engineer Vuelve a tus resultados: [[backlinkLabel]] Desarrollador Full Stack Senior - Integraciones & IA (Argentina) Capital Federal - Provincia De Buenos Aires Red Hook Data [[upButtonMessage]] full time Publicado enwww.kitempleo.com.ar 11 sep 2026 Red Hook Data busca un/a Desarrollador/a Full Stack semisenior avanzado o senior para crear soluciones para nuestros clientes, integrar plataformas y desarrollar herramientas internas. Trabajarás en nuestra plataforma de análisis comercial y evaluación crediticia, conectando datos de ecommerce, marketing y fuentes financieras. Modalidad mixta en Microcentro, CABA, con presencialidad los lunes, martes y jueves. #J-18808-Ljbffr Ver más Ver menos [[downButtonMessage]] LinkedIn Twitter Facebook © 2026 Jobrapido | C.I.F: IT11876271005 Trabajos Empresas Condiciones del Servicio Política de Privacidad Ayuda Contacto",,https://ar.jobrapido.com/jobpreview/2590976024602738688?redirectTo=https%253A%252F%252Fwww.kitempleo.com.ar%252Fempleo%252F53620336%252Fdesarrollador-full-stack-senior-integraciones-ia-argentina&w=Python&p=4,Desarrollador Full Stack,jobrapido,2026-09-15T04:13:55.269289,,,,
7717558253076348928,Desarrollador Ssr Full-Stack (Buenos Aires),Taynes Consultores,Capital Federal,"Open or close the mobile menu Jobrapido Entrar Inscríbete Publica una oferta Ayuda Empresas Clear job input Profesión / Palabras clave Ofertas de trabajo para Desarrollador Ssr en Departamento Federal ¿Qué trabajo estás buscando? Clear location input Localidad Búsqueda avanzada de empleo Relevancia Fecha [[distance.label]] [[d.text]] Close Localidad Gran Buenos Aires Capital Federal Córdoba Santa Fé Neuquén Rosario Mendoza Rincón De Los Sauces Mar Del Plata Chubut Búsquedas relacionadas Software Software Engineer Modelo Python Software Engineer Management Services Engineer Security Product Engineering Sistemas Product Engineer Vuelve a tus resultados: [[backlinkLabel]] Desarrollador Ssr Full-Stack (Buenos Aires) Capital Federal - Provincia De Buenos Aires Taynes Consultores [[upButtonMessage]] full time www.kitempleo.com.ar 30 ago 2026 Software Factory, con experiencia en el desarrollo de sitios web y aplicaciones móviles, se encuentra en la búsqueda de un Desarrollador Ssr. Full-Stack. Requisitos: 2 años mínimo de experiencia en la industria desarrollando software. Estudiante de alguna carrera de grado de sistemas. Conocimientos de PHP, MySQL, JS (Angular, React, Vue), GIT, Jira o similar. Buen nivel de inglés escrito y oral (clientes de USA)Se ofrece: Puesto efectivo Horario de L a V de 9 a 18 hs Home office 1 vez por semana Osde Semana adicional de vacaciones a los 3 años de antigüedad Entorno de trabajo joven y vibrante Zona de trabajo: Belgrano Ver más Ver menos [[downButtonMessage]] LinkedIn Twitter Facebook © 2026 Jobrapido | C.I.F: IT11876271005 Trabajos Empresas Condiciones del Servicio Política de Privacidad Ayuda Contacto",,https://ar.jobrapido.com/jobpreview/7717558253076348928?redirectTo=https%253A%252F%252Fwww.kitempleo.com.ar%252Fempleo%252F52903142%252Fdesarrollador-ssr-full-stack-buenos-aires&w=Python&p=4,Desarrollador Full Stack,jobrapido,2026-09-15T04:13:55.269908,,,,
8286135094691758080,Desarrollador(a) Java Senior Full Stack (Buenos Aires),Web:,Capital Federal,"Open or close the mobile menu Jobrapido Entrar Inscríbete Publica una oferta Ayuda Empresas Clear job input Profesión / Palabras clave Ofertas de trabajo para Java Senior en Departamento Federal ¿Qué trabajo estás buscando? Clear location input Localidad Búsqueda avanzada de empleo Relevancia Fecha [[distance.label]] [[d.text]] Close Localidad Gran Buenos Aires Capital Federal Córdoba Santa Fé Neuquén Rosario Mendoza Rincón De Los Sauces Mar Del Plata Chubut Búsquedas relacionadas Software Software Engineer Modelo Python Software Engineer Management Services Engineer Security Product Engineering Sistemas Product Engineer Vuelve a tus resultados: [[backlinkLabel]] Desarrollador(a) Java Senior Full Stack (Buenos Aires) Capital Federal - Provincia De Buenos Aires Web: [[upButtonMessage]] full time www.kitempleo.com.ar 12 sep 2026 Descripción del empleo: Empresa referente general del sector de la seguridad privada. A través de sus cinco líneas de negocio, proporciona a empresas, hogares y comercios, una seguridad de confianza basada en las soluciones más avanzadas del mercado. Con presencia en los cinco continentes, cuenta en la actualidad con un equipo de más de 160.000 empleados. Nos encontramos en la búsqueda de un Desarrollador(a) Java Senior Full Stack para sumarse a nuestro equipo de desarrollo, para participar en distintos proyectos. Funciones y tareas clave: - Como miembro del equipo de scrum, trabajará junto con el equipo para desarrollar nuevas funcionalidades de las distintas aplicaciones del equipo y realizar entregas de valor periódicas. Participará en las distintas ceremonias de scrum. - Trabajará para aportar todo su conocimiento, de manera que las aplicaciones existentes, así como las nuevas que se desarrollen, cumplan los estándares de desarrollo tanto de arquitectura como seguridad. - Junto con el equipo, participará en el análisis de nuevos requisitos, proponiendo soluciones técnicas que satisfagan las necesidades de nuestros clientes, cumpliendo con los requisitos tecnológicos corporativos. - Participará en Proof of Concept (POCs) de nuevas iniciativas y productos. - Se implicará en las distintas fases del ciclo de vida del software: Toma de requisitos, análisis, diseño, construcción, pruebas, implantación. Buscamos un perfil con: - Experiência en desarrollo en entorno Java, análisis de requisitos, diseño e implementación de aplicaciones. Buscamos un desarrollador Full Stack, que haya basado su trayectoria profesional en entorno Java, desempeñando tareas de desarrollador, analista funcional o responsable técnico. - Experiência en Java J2EE / Java 8, Spring/Spring MVC, Spring Boot, Hibernate, HTML5, CSS, JQuery, JSP, Javascript, frameworks Angular.Js, React.JS o Vue.JS. BBDD Oracle, PostgreeSQL y MongoDB (valorable). - Deseable experiência en marcos de trabajo Agiles (Scr Ver más Ver menos [[downButtonMessage]] LinkedIn Twitter Facebook © 2026 Jobrapido | C.I.F: IT11876271005 Trabajos Empresas Condiciones del Servicio Política de Privacidad Ayuda Contacto",,https://ar.jobrapido.com/jobpreview/8286135094691758080?redirectTo=https%253A%252F%252Fwww.kitempleo.com.ar%252Fempleo%252F53602255%252Fdesarrollador-a-java-senior-full-stack-buenos-aires&w=Python&p=4,Desarrollador Full Stack,jobrapido,2026-09-15T04:13:55.270876,,,,
694266171167342592,Desarrollador Full Stack SSR (Buenos Aires),Neoris,Capital Federal,"Open or close the mobile menu Jobrapido Entrar Inscríbete Publica una oferta Ayuda Empresas Clear job input Profesión / Palabras clave Ofertas de trabajo para Desarrollador Full en Departamento Federal ¿Qué trabajo estás buscando? Clear location input Localidad Búsqueda avanzada de empleo Relevancia Fecha [[distance.label]] [[d.text]] Close Localidad Gran Buenos Aires Capital Federal Córdoba Santa Fé Neuquén Rosario Mendoza Rincón De Los Sauces Mar Del Plata Chubut Búsquedas relacionadas Software Software Engineer Modelo Python Software Engineer Management Services Engineer Security Product Engineering Sistemas Product Engineer Vuelve a tus resultados: [[backlinkLabel]] Desarrollador Full Stack SSR (Buenos Aires) Capital Federal - Provincia De Buenos Aires Neoris [[upButtonMessage]] full time www.kitempleo.com.ar 28 ago 2026 Nos encontramos en la búsqueda de un/a Desarrollador Full Stack SSR (JavaScript/TypeScript & APIs) para sumarse a proyectos de transformación digital vinculados a plataformas de eCommerce y aplicaciones de alto tráfico. Buscamos profesionales con experiencia en desarrollo frontend y backend, sólidos conocimientos en JavaScript/TypeScript e integración de APIs, orientados a la construcción de soluciones escalables, mantenibles y de alto rendimiento en entornos ágiles. Responsibilities - Diseñar, desarrollar y mantener funcionalidades frontend y backend para aplicaciones y plataformas digitales - Participar en el diseño, desarrollo e integración de APIs y servicios bajo arquitecturas modernas - Colaborar con equipos multidisciplinarios para definir e implementar soluciones técnicas alineadas a las necesidades del negocio - Aplicar buenas prácticas de desarrollo, testing, control de versiones y calidad de código - Analizar y resolver incidentes, identificando oportunidades de mejora y optimización - Garantizar la escalabilidad, mantenibilidad y rendimiento de las aplicaciones - Participar activamente en ceremonias ágiles y procesos de planificación técnica - Contribuir a la evolución continua de los productos mediante desarrollos y mejoras funcionales Requirements - Experiencia comprobable en desarrollo Full Stack - Dominio avanzado de JavaScript y/o TypeScript - Experiencia sólida en diseño, desarrollo e integración de APIs (REST, gRPC u otros protocolos de comunicación) - Experiencia comprobable en desarrollo Frontend y Backend - Conocimientos de buenas prácticas de desarrollo, testing control de versiones y arquitectura de software - Experiencia trabajando bajo metodologías ágiles, preferentemente Scrum o Kanban Ver más Ver menos [[downButtonMessage]] LinkedIn Twitter Facebook © 2026 Jobrapido | C.I.F: IT11876271005 Trabajos Empresas Condiciones del Servicio Política de Privacidad Ayuda Contacto",,https://ar.jobrapido.com/jobpreview/694266171167342592?redirectTo=https%253A%252F%252Fwww.kitempleo.com.ar%252Fempleo%252F52810826%252Fdesarrollador-full-stack-ssr-buenos-aires&w=Python&p=4,Desarrollador Full Stack,jobrapido,2026-09-15T04:13:55.271515,,,,
82213746436472832,Desarrollador/A Full Stack | Ia & Data (Buenos Aires),Importante empresa,Capital Federal,"Jobrapido Publica una oferta Ayuda Empresas Entrar Inscríbete Profesión / Palabras clave Localidad Ofertas de trabajo para Full Stack en Departamento Federal Trabajos > Full Stack > Capital Federal Localidad Gran Buenos Aires Capital Federal Córdoba Santa Fé Neuquén Rosario Mendoza Rincón De Los Sauces Mar Del Plata Chubut Búsquedas relacionadas Software Software Engineer Modelo Python Software Engineer Management Services Engineer Security Product Engineering Sistemas Product Engineer Vuelve a tus resultados: [[backlinkLabel]] Desarrollador/A Full Stack | Ia & Data (Buenos Aires) Capital Federal - Provincia De Buenos Aires Importante empresa [[upButtonMessage]] full time Publicado enwww.kitempleo.com.ar 26 ago 2026 Importante Medio de comunicacion busca incorporar a nuestro equipo un/a Desarrollador/a Full Stack con interés y experiencia en Inteligencia Artificial y procesamiento de datos, para trabajar de manera hibrida.Buscamos un perfil técnico, curioso y resolutivo, que pueda participar en el desarrollo de nuevos productos y sistemas, trabajando tanto en backend como frontend, e incorporando nuevas tecnologías de IA, automatización y análisis de datos. Stack y conocimientos principales:- Go para desarrollo backend, servicios y APIs (Requerido)- Python para procesamiento de datos, automatización e Inteligencia Artificial (Valorado)- PostgreSQL (Requerido) - DuckDB para procesamiento y análisis optimizado de datos (Valorado)- HTML, CSS y JavaScript (Requerido)- Desarrollo e integración de APIs REST (Requerido)- Git y Github (Requerido)- Linux Inteligencia Artificial (Requerido):- Conocimientos y experiencia trabajando con IA generativa- Integración de LLMs y APIs de Inteligencia Artificial- Desarrollo de aplicaciones y herramientas basadas en IA- Automatización de procesos utilizando IA- Manejo de grandes volúmenes de información para su utilización con modelos de IA- Se valorará experiencia con RAG, embeddings y bases de datos vectoriales Data & Big Data: - Procesamiento y análisis de grandes volúmenes de datos - ETL/ELT y construcción de pipelines de datos - Modelado y transformación de información- Experiencia con formatos como Parquet y JSON - Conocimientos de herramientas y conceptos de Data Engineering - Bases de datos SQL y NoSQL También valoramos conocimientos en: - Docker y contenedores - Cloud - CI/CD - Arquitectura de sistemas y microservicios - Seguridad y buenas prácticas de desarrollo Ver más Ver menos [[downButtonMessage]] LinkedIn Twitter Facebook © 2026 Jobrapido | C.I.F: IT11876271005 Trabajos Empresas Condiciones del Servicio Política de Privacidad Ayuda Contacto",,https://ar.jobrapido.com/jobpreview/82213746436472832?redirectTo=https%253A%252F%252Fwww.kitempleo.com.ar%252Fempleo%252F52760864%252Fdesarrollador-a-full-stack-ia-data-buenos-aires&w=Python&p=4,Desarrollador Full Stack,jobrapido,2026-09-15T04:13:55.272061,,,,
6981067225482395648,Desarrollador/a Full Stack | IA & Data (Buenos Aires),Empresa líder,Capital Federal,"Open or close the mobile menu Jobrapido Entrar Inscríbete Publica una oferta Ayuda Empresas Clear job input Profesión / Palabras clave Ofertas de trabajo para Full Stack en Departamento Federal ¿Qué trabajo estás buscando? Clear location input Localidad Búsqueda avanzada de empleo Relevancia Fecha [[distance.label]] [[d.text]] Close Localidad Gran Buenos Aires Capital Federal Córdoba Santa Fé Neuquén Rosario Mendoza Rincón De Los Sauces Mar Del Plata Chubut Búsquedas relacionadas Software Software Engineer Modelo Python Software Engineer Management Services Engineer Security Product Engineering Sistemas Product Engineer Vuelve a tus resultados: [[backlinkLabel]] Desarrollador/a Full Stack | IA & Data (Buenos Aires) Capital Federal - Provincia De Buenos Aires Empresa líder [[upButtonMessage]] full time www.kitempleo.com.ar 26 ago 2026 Relevante Medio de comunicacion busca incorporar a nuestro equipo un/a Desarrollador/a Full Stack con interés y experiencia en Inteligencia Artificial y procesamiento de datos, para trabajar de manera hibrida. Buscamos un perfil técnico, curioso y resolutivo, que pueda participar en el desarrollo de nuevos productos y sistemas, trabajando tanto en backend como frontend, e incorporando nuevas tecnologías de IA, automatización y análisis de datos. Stack y conocimientos principales: - Go para desarrollo backend, servicios y APIs (Requerido) - Python para procesamiento de datos, automatización e Inteligencia Artificial (Valorado) - PostgreSQL (Requerido) • DuckDB para procesamiento y análisis eficiente de datos (Valorado) - HTML, CSS y Java Script (Requerido) - Desarrollo e integración de APIs REST (Requerido) - Git y Github (Requerido) - Linux Inteligencia Artificial (Requerido): - Conocimientos y experiencia trabajando con IA generativa - Integración de LLMs y APIs de Inteligencia Artificial - Desarrollo de aplicaciones y herramientas basadas en IA - Automatización de procesos utilizando IA - Manejo de grandes volúmenes de información para su utilización con modelos de IA - Se valorará experiencia con RAG, embeddings y bases de datos vectoriales Data & Big Data: - Procesamiento y análisis de grandes volúmenes de datos - ETL/ELT y construcción de pipelines de datos - Modelado y transformación de información - Experiencia con formatos como Parquet y JSON - Conocimientos de herramientas y conceptos de Data Engineering - Bases de datos SQL y NoSQL También valoramos conocimientos en: - Docker y contenedores - Cloud • CI/CD - Arquitectura de sistemas y microservicios - Seguridad y buenas prácticas de desarrollo Ver más Ver menos [[downButtonMessage]] LinkedIn Twitter Facebook © 2026 Jobrapido | C.I.F: IT11876271005 Trabajos Empresas Condiciones del Servicio Política de Privacidad Ayuda Contacto",,https://ar.jobrapido.com/jobpreview/6981067225482395648?redirectTo=https%253A%252F%252Fwww.kitempleo.com.ar%252Fempleo%252F52762193%252Fdesarrollador-a-full-stack-ia-data-buenos-aires&w=Python&p=4,Desarrollador Full Stack,jobrapido,2026-09-15T04:13:55.272544,,,,
4091445114570801152,Desarrollador/A Full Stack | Ia & Data (Buenos Aires),Reconocida empresa,Capital Federal,"Open or close the mobile menu Jobrapido Entrar Inscríbete Publica una oferta Ayuda Empresas Clear job input Profesión / Palabras clave Ofertas de trabajo para Full Stack en Departamento Federal ¿Qué trabajo estás buscando? Clear location input Localidad Búsqueda avanzada de empleo Relevancia Fecha [[distance.label]] [[d.text]] Close Localidad Gran Buenos Aires Capital Federal Córdoba Santa Fé Neuquén Rosario Mendoza Rincón De Los Sauces Mar Del Plata Chubut Búsquedas relacionadas Software Software Engineer Modelo Python Software Engineer Management Services Engineer Security Product Engineering Sistemas Product Engineer Vuelve a tus resultados: [[backlinkLabel]] Desarrollador/A Full Stack | Ia & Data (Buenos Aires) Capital Federal - Provincia De Buenos Aires Reconocida empresa [[upButtonMessage]] full time www.kitempleo.com.ar 26 ago 2026 Significativo Medio de comunicacion busca incorporar a nuestro equipo un/a Desarrollador/a Full Stack con interés y experiencia en Inteligencia Artificial y procesamiento de datos, para trabajar de manera hibrida.Buscamos un perfil técnico, curioso y resolutivo, que pueda participar en el desarrollo de nuevos productos y sistemas, trabajando tanto en backend como frontend, e incorporando nuevas tecnologías de IA, automatización y análisis de datos. Stack y conocimientos principales:- Go para desarrollo backend, servicios y APIs (Requerido)- Python para procesamiento de datos, automatización e Inteligencia Artificial (Valorado)- PostgreSQL (Requerido) - DuckDB para procesamiento y análisis eficiente de datos (Valorado)- HTML, CSS y JavaScript (Requerido)- Desarrollo e integración de APIs REST (Requerido)- Git y Github (Requerido)- Linux Inteligencia Artificial (Requerido):- Conocimientos y experiencia trabajando con IA generativa- Integración de LLMs y APIs de Inteligencia Artificial- Desarrollo de aplicaciones y herramientas basadas en IA- Automatización de procesos utilizando IA- Manejo de grandes volúmenes de información para su utilización con modelos de IA- Se valorará experiencia con RAG, embeddings y bases de datos vectoriales Data & Big Data: - Procesamiento y análisis de grandes volúmenes de datos - ETL/ELT y construcción de pipelines de datos - Modelado y transformación de información- Experiencia con formatos como Parquet y JSON - Conocimientos de herramientas y conceptos de Data Engineering - Bases de datos SQL y NoSQL También valoramos conocimientos en: - Docker y contenedores - Cloud - CI/CD - Arquitectura de sistemas y microservicios - Seguridad y buenas prácticas de desarrollo Ver más Ver menos [[downButtonMessage]] LinkedIn Twitter Facebook © 2026 Jobrapido | C.I.F: IT11876271005 Trabajos Empresas Condiciones del Servicio Política de Privacidad Ayuda Contacto",,https://ar.jobrapido.com/jobpreview/4091445114570801152?redirectTo=https%253A%252F%252Fwww.kitempleo.com.ar%252Fempleo%252F52760944%252Fdesarrollador-a-full-stack-ia-data-buenos-aires&w=Python&p=4,Desarrollador Full Stack,jobrapido,2026-09-15T04:13:55.273044,,,,
6886331104609959936,Desarrollador/a Full Stack | IA & Data (Buenos Aires),Empresa reconocida,Capital Federal,"Open or close the mobile menu Jobrapido Entrar Inscríbete Publica una oferta Ayuda Empresas Clear job input Profesión / Palabras clave Ofertas de trabajo para Full Stack en Departamento Federal ¿Qué trabajo estás buscando? Clear location input Localidad Búsqueda avanzada de empleo Relevancia Fecha [[distance.label]] [[d.text]] Close Localidad Gran Buenos Aires Capital Federal Córdoba Santa Fé Neuquén Rosario Mendoza Rincón De Los Sauces Mar Del Plata Chubut Búsquedas relacionadas Software Software Engineer Modelo Python Software Engineer Management Services Engineer Security Product Engineering Sistemas Product Engineer Vuelve a tus resultados: [[backlinkLabel]] Desarrollador/a Full Stack | IA & Data (Buenos Aires) Capital Federal - Provincia De Buenos Aires Empresa reconocida [[upButtonMessage]] full time www.kitempleo.com.ar 25 ago 2026 Importante Medio de comunicacion busca incorporar a nuestro equipo un/a Desarrollador/a Full Stack con interés y experiencia en Inteligencia Artificial y procesamiento de datos, para trabajar de manera hibrida. Buscamos un perfil técnico, curioso y resolutivo, que pueda participar en el desarrollo de nuevos productos y sistemas, trabajando tanto en backend como frontend, e incorporando nuevas tecnologías de IA, automatización y análisis de datos. Stack y conocimientos principales: - Go para desarrollo backend, servicios y APIs (Requerido) - Python para procesamiento de datos, automatización e Inteligencia Artificial (Valorado) - PostgreSQL (Requerido) • DuckDB para procesamiento y análisis optimizado de datos (Valorado) - HTML, CSS y JavaScript (Requerido) - Desarrollo e integración de APIs REST (Requerido) - Git y Github (Requerido) - Linux Inteligencia Artificial (Requerido): - Conocimientos y experiencia trabajando con IA generativa - Integración de LLMs y APIs de Inteligencia Artificial - Desarrollo de aplicaciones y herramientas basadas en IA - Automatización de procesos utilizando IA - Manejo de grandes volúmenes de información para su utilización con modelos de IA - Se valorará experiencia con RAG, embeddings y bases de datos vectoriales Data & Big Data: • Procesamiento y análisis de grandes volúmenes de datos • ETL/ELT y construcción de pipelines de datos • Modelado y transformación de información - Experiencia con formatos como Parquet y JSON • Conocimientos de herramientas y conceptos de Data Engineering • Bases de datos SQL y NoSQL También valoramos conocimientos en: • Docker y contenedores • Cloud • CI/CD • Arquitectura de sistemas y microservicios • Seguridad y buenas prácticas de desarrollo Ver más Ver menos [[downButtonMessage]] LinkedIn Twitter Facebook © 2026 Jobrapido | C.I.F: IT11876271005 Trabajos Empresas Condiciones del Servicio Política de Privacidad Ayuda Contacto",,https://ar.jobrapido.com/jobpreview/6886331104609959936?redirectTo=https%253A%252F%252Fwww.kitempleo.com.ar%252Fempleo%252F52730941%252Fdesarrollador-a-full-stack-ia-data-buenos-aires&w=Python&p=4,Desarrollador Full Stack,jobrapido,2026-09-15T04:13:55.273521,,,,
6136950914520449024,Desarrollador Full Stack Senior Buenos Aires (Argentina),C&S informática,Capital Federal,"Jobrapido Publica una oferta Ayuda Empresas Entrar Inscríbete Profesión / Palabras clave Localidad Ofertas de trabajo para Desarrollador Full en Departamento Federal Trabajos > Desarrollador Full > Capital Federal Localidad Gran Buenos Aires Capital Federal Córdoba Santa Fé Neuquén Rosario Mendoza Rincón De Los Sauces Mar Del Plata Chubut Búsquedas relacionadas Software Software Engineer Modelo Python Software Engineer Management Services Engineer Security Product Engineering Sistemas Product Engineer Vuelve a tus resultados: [[backlinkLabel]] Desarrollador Full Stack Senior Buenos Aires (Argentina) Capital Federal - Provincia De Buenos Aires C&S informática [[upButtonMessage]] full time Publicado enwww.kitempleo.com.ar 03 sep 2026 Desarrollador Full Stack Senior (React + Java) Nos encontramos en la búsqueda de un/a Desarrollador Full Stack Senior para sumarse a un importante proyecto del sector bancario. Buscamos perfiles con resistente experiencia en desarrollo Frontend utilizando React, sólidos conocimientos de Backend en Java y capacidad para participar activamente en el diseño e integración de soluciones tecnológicas de punta a punta. Modalidad Híbrida (40% presencial). Ubicación Parque Patricios, CABA. Se aceptan candidatos de otras provincias. Horario Lunes a viernes de 9 a 18 hs. Responsabilidades Desarrollo de aplicaciones Frontend utilizando React. Desarrollo e integración de servicios Backend en Java. Diseño y desarrollo de APIs REST. Integración entre sistemas y servicios. Modelado y gestión de bases de datos. Participación en definiciones de arquitectura. Aplicación de buenas prácticas de desarrollo, testing y code review. Trabajo participativo con equipos técnicos y áreas de negocio. Participación activa en entornos ágiles. Requisitos excluyentes Más de 5 años de experiencia en desarrollo de software. Experiencia sólida con React. Experiencia en desarrollo Backend con Java. Diseño y desarrollo de APIs REST. Integración entre sistemas. Bases de datos Oracle, PostgreSQL o MongoDB. Git. Experiencia en arquitectura de aplicaciones. Buenas prácticas de desarrollo (Clean Code, Testing, Code Review). Experiencia trabajando con metodologías ágiles. Se valorará especialmente Angular. Node.js. Arquitectura de microservicios. Docker y Kubernetes. Cloud (AWS, Azure o GCP). CI/CD. Observabilidad y monitoreo. Experiencia en Inteligencia Artificial Generativa. Integración con modelos LLM (OpenAI, Claude, entre otros). Automatización de procesos mediante IA. Prompt Engineering. Requerimientos Educación mínima: Universitario. Años de experiencia. Palabras principal: developer, programador, senior, sr. Ver más Ver menos [[downButtonMessage]] LinkedIn Twitter Facebook © 2026 Jobrapido | C.I.F: IT11876271005 Trabajos Empresas Condiciones del Servicio Política de Privacidad Ayuda Contacto",,https://ar.jobrapido.com/jobpreview/6136950914520449024?redirectTo=https%253A%252F%252Fwww.kitempleo.com.ar%252Fempleo%252F53112640%252Fdesarrollador-full-stack-senior-buenos-aires-argentina&w=Python&p=4,Desarrollador Full Stack,jobrapido,2026-09-15T04:13:55.274009,,,,
5459619041339506688,Desarrollador Full Stack Senior (Buenos Aires),C&S informática,Capital Federal,"Open or close the mobile menu Jobrapido Entrar Inscríbete Publica una oferta Ayuda Empresas Clear job input Profesión / Palabras clave Ofertas de trabajo para Desarrollador Full en Departamento Federal ¿Qué trabajo estás buscando? Clear location input Localidad Búsqueda avanzada de empleo Relevancia Fecha [[distance.label]] [[d.text]] Close Localidad Gran Buenos Aires Capital Federal Córdoba Santa Fé Neuquén Rosario Mendoza Rincón De Los Sauces Mar Del Plata Chubut Búsquedas relacionadas Software Software Engineer Modelo Python Software Engineer Management Services Engineer Security Product Engineering Sistemas Product Engineer Vuelve a tus resultados: [[backlinkLabel]] Desarrollador Full Stack Senior (Buenos Aires) Capital Federal - Provincia De Buenos Aires C&S informática [[upButtonMessage]] full time www.kitempleo.com.ar 01 sep 2026 Desarrollador Full Stack Senior (React + Java) Nos encontramos en la búsqueda de un/a Desarrollador Full Stack Senior para sumarse a un importante proyecto del sector bancario. Buscamos perfiles con resistente experiencia en desarrollo Frontend utilizando React, sólidos conocimientos de Backend en Java y capacidad para participar activamente en el diseño e integración de soluciones tecnológicas de punta a punta. Modalidad Híbrida (40% presencial). Ubicación Parque Patricios, CABA. Se aceptan candidatos de otras provincias. Horario Lunes a viernes de 9 a 18 hs. Responsabilidades - Desarrollo de aplicaciones Frontend utilizando React. - Desarrollo e integración de servicios Backend en Java. - Diseño y desarrollo de APIs REST. - Integración entre sistemas y servicios. - Modelado y gestión de bases de datos. - Participación en definiciones de arquitectura. - Aplicación de buenas prácticas de desarrollo, testing y code review. - Trabajo colaborativo con equipos técnicos y áreas de negocio. - Participación activa en entornos ágiles. Requisitos excluyentes - Más de 5 años de experiencia en desarrollo de software. - Experiencia sólida con React. - Experiencia en desarrollo Backend con Java. - Diseño y desarrollo de APIs REST. - Integración entre sistemas. - Bases de datos Oracle, PostgreSQL o MongoDB. - Git. - Experiencia en arquitectura de aplicaciones. - Buenas prácticas de desarrollo (Clean Code, Testing, Code Review). - Experiencia trabajando con metodologías ágiles. Se valorará especialmente - Angular. - Node.js. - Arquitectura de microservicios. - Docker y Kubernetes. - Cloud (AWS, Azure o GCP). - CI/CD. - Observabilidad y monitoreo. - Experiencia en Inteligencia Artificial Generativa. - Integración con modelos LLM (OpenAI, Claude, entre otros). - Automatización de procesos mediante IA. - Prompt Engineering. Requerimientos Educación mínima: Universitario. Años de experiencia. Palabras clave: developer, programador, senior, sr. Ver más Ver menos [[downButtonMessage]] LinkedIn Twitter Facebook © 2026 Jobrapido | C.I.F: IT11876271005 Trabajos Empresas Condiciones del Servicio Política de Privacidad Ayuda Contacto",,https://ar.jobrapido.com/jobpreview/5459619041339506688?redirectTo=https%253A%252F%252Fwww.kitempleo.com.ar%252Fempleo%252F52933171%252Fdesarrollador-full-stack-senior-buenos-aires&w=Python&p=4,Desarrollador Full Stack,jobrapido,2026-09-15T04:13:55.274484,,,,
1763771319167483904,Desarrollador Senior y Jefe de desarrollo Full Stack .NET,Estudio Orbe,Capital Federal,"Open or close the mobile menu Jobrapido Entrar Inscríbete Publica una oferta Ayuda Empresas Clear job input Profesión / Palabras clave Ofertas de trabajo para Desarrollador Senior en Departamento Federal ¿Qué trabajo estás buscando? Clear location input Localidad Búsqueda avanzada de empleo Relevancia Fecha [[distance.label]] [[d.text]] Close Localidad Gran Buenos Aires Capital Federal Córdoba Santa Fé Neuquén Rosario Mendoza Rincón De Los Sauces Mar Del Plata Chubut Búsquedas relacionadas Software Software Engineer Modelo Python Software Engineer Management Services Engineer Security Product Engineering Sistemas Product Engineer Vuelve a tus resultados: [[backlinkLabel]] Desarrollador Senior y Jefe de desarrollo Full Stack .NET Capital Federal - Provincia De Buenos Aires Estudio Orbe [[upButtonMessage]] full time www.sherlockhr.com 27 jul 2026 Importante empresa de tecnología que se dedica a la implementación de Sistemas de gestión ubicada en CABA incorporará Desarrollador Senior y Jefe de desarrollo Full Stack .NET Buscamos un profesional con sólida experiencia en desarrollo de software para liderar técnicamente el equipo de desarrollo sin dejar de participar activamente en la programación. Será responsable de la ingeniería de software de punta a punta: arquitectura, desarrollo, planificación, ejecución y cumplimiento de los proyectos. con amplia experiencia en el desarrollo de soluciones Mobile, Web y Cloud, con capacidad para liderar proyectos, equipos de trabajo y guiar técnicamente el desarrollo de soluciones innovadoras. Responsabilidades Liderar técnica y funcionalmente al equipo de desarrollo. Participar activamente en el desarrollo de aplicaciones Web, Mobile y servicios utilizando tecnologías .NET. Diseñar y evolucionar la arquitectura de las aplicaciones, priorizando escalabilidad, rendimiento y mantenibilidad. Traducir requerimientos funcionales en soluciones técnicas. Planificar, priorizar y realizar el seguimiento del backlog y de las tareas del equipo. Coordinar proyectos y asegurar el cumplimiento de plazos y calidad de las entregas. Participar en tareas de debugging, optimización y desarrollo cuando sea necesario. Definir y mejorar procesos de desarrollo, versionado, testing y despliegues. Proporcionar liderazgo técnico y mentoría a otros desarrolladores. Requisitos Experiencia mínima de 5 años en desarrollo Full Stack .NET. Conocimientos sólidos en .NET Core, MVC, Blazor, MAUI, HTML, CSS, JavaScript. Experiencia en soluciones Cloud (Azure, AWS). Experiencia en gestión de proyectos y liderazgo de equipos. Familiaridad con bases de datos SQL Server (store procedures, triggers, funciones). Conocimientos con IIS e implementaciones OnPremise. Dominio de C#, .NET Framework y/o .NET Core. Experiencia desarrollando e integrando integrando sistemas mediante APIs, procesos batch o colas. Conocimientos de arquitectura de software y patrones de diseño. Manejo de Git. Si te interesa nuestra propuesta aguardamos tu postulación Ver más Ver menos [[downButtonMessage]] LinkedIn Twitter Facebook © 2026 Jobrapido | C.I.F: IT11876271005 Trabajos Empresas Condiciones del Servicio Política de Privacidad Ayuda Contacto",,https://ar.jobrapido.com/jobpreview/1763771319167483904?redirectTo=https%253A%252F%252Fgrupoorbe.pandape.computrabajo.com%252FDetail%252F13150825%253Fov%253D6%2526utm_source%253Djobrapido%2526utm_medium%253Dreferral%2526utm_campaign%253Dfeed%2526utm_term%253Dorganic%2526utm_content%253Dats&w=Python&p=4,Desarrollador Full Stack,jobrapido,2026-09-15T04:13:55.274969,,,,
1295113610338500608,"Desarrollador Full Stack Sr, Caba (Buenos Aires)",Web:,Capital Federal,"Open or close the mobile menu Jobrapido Entrar Inscríbete Publica una oferta Ayuda Empresas Clear job input Profesión / Palabras clave Ofertas de trabajo para Desarrollador Full en Departamento Federal ¿Qué trabajo estás buscando? Clear location input Localidad Búsqueda avanzada de empleo Relevancia Fecha [[distance.label]] [[d.text]] Close Localidad Gran Buenos Aires Capital Federal Córdoba Santa Fé Neuquén Rosario Mendoza Rincón De Los Sauces Mar Del Plata Chubut Búsquedas relacionadas Software Software Engineer Modelo Python Software Engineer Management Services Engineer Security Product Engineering Sistemas Product Engineer Vuelve a tus resultados: [[backlinkLabel]] Desarrollador Full Stack Sr, Caba (Buenos Aires) Capital Federal - Provincia De Buenos Aires Web: [[upButtonMessage]] full time www.kitempleo.com.ar 12 sep 2026 Descripción del empleo: Somos Ecosistemas, una compañía general de tecnología que conecta a nuestros clientes con soluciones a medida, integrales e innovadoras. Operamos en más de 15 países, incluyendo Argentina, Chile, Brasil, México, Estados Unidos y España. Queremos que seas parte de este gran equipo ¿Qué estamos buscando? Desarrollador Full Stack Sr, para unirse a nuestro equipo del cliente. Lugar de trabajo: CABA Modalidad: Híbrido Horario: De 9 a 18 hs Formación Académica: - Título universitario en Ingeniería en Sistemas, Informática o carreras afines (Deseable) - Inglés avanzado ( requerido) Habilidades técnicas: - Más de 4 años de experiência en desarrollo full-stack con aplicaciones de producción - Experiência con servicios de Azure (App Service, SQL Database, Key Vault, Blob Storage, Azure Kubernetes Service) - Sólido dominio de JavaScript/TypeScript, React.js y Node.js - Experiência con Java y Spring para desarrollo backend - Sólida comprensión de SQL y experiência con bases de datos relacionales (SQL Server, PostgreSQL) - Experiência con diseño de API RESTful y arquitectura de microservicios - Familiaridad con plataformas en la nube, preferiblemente Microsoft Azure - Conocimiento de tecnologías de contenedorización (Docker, conceptos básicos de Kubernetes) - Experiência con control de versiones de Git y prácticas de CI/CD Habilidades blandas: - Fuertes habilidades para resolver problemas con atención al detalle. - Excelentes habilidades de comunicación para interactuar con las partes interesadas del negocio. - Capacidad para trabajar de forma independiente y gestionar múltiples prioridades. - Mentalidad colaborativa con experiência en metodologías ágiles Responsabilidades: .Desarrollo y mantenimiento de aplicaciones (60%) - Desarrollar, mantener y mejorar funciones para aplicaciones web utilizando React.js, Node.js y Java Script. - Diseñar e implementar API RESTful y microservicios siguiendo las mejores prácticas y estándares de seguridad. - Opt Ver más Ver menos [[downButtonMessage]] LinkedIn Twitter Facebook © 2026 Jobrapido | C.I.F: IT11876271005 Trabajos Empresas Condiciones del Servicio Política de Privacidad Ayuda Contacto",,https://ar.jobrapido.com/jobpreview/1295113610338500608?redirectTo=https%253A%252F%252Fwww.kitempleo.com.ar%252Fempleo%252F53602027%252Fdesarrollador-full-stack-sr-caba-buenos-aires&w=Python&p=4,Desarrollador Full Stack,jobrapido,2026-09-15T04:13:55.275444,,,,
6510120762941112320,Desarrollador Java Full Stack (Buenos Aires),Talent Connect,Capital Federal,"Jobrapido Publica una oferta Ayuda Empresas Entrar Inscríbete Profesión / Palabras clave Localidad Ofertas de trabajo para Desarrollador Java en Departamento Federal Trabajos > Desarrollador Java > Capital Federal Localidad Gran Buenos Aires Capital Federal Córdoba Santa Fé Neuquén Rosario Mendoza Rincón De Los Sauces Mar Del Plata Chubut Búsquedas relacionadas Software Software Engineer Modelo Python Software Engineer Management Services Engineer Security Product Engineering Sistemas Product Engineer Vuelve a tus resultados: [[backlinkLabel]] Desarrollador Java Full Stack (Buenos Aires) Capital Federal - Provincia De Buenos Aires Talent Connect [[upButtonMessage]] full time Publicado enwww.kitempleo.com.ar 24 ago 2026 Desarrollador Java Full Stack (Senior) – Spring Boot / React.js / RESTful (Remoto) | Ref. 191900-1 📍 Argentina, Remoto 🕘 Full-time 🗣️ Inglés: Alto — C1/C2 (excluyente) | 🕘 L–V 9:00 a 18:00 🎯 Misión Integrarte al equipo de desarrollo de software de una de las empresas tecnológicas líderes a nivel global, siendo responsable de la ejecución de actividades de desarrollo fullstack —backend y UI— contribuyendo a la entrega de calidad dentro de la cadencia del sprint, en un entorno ágil y de alto impacto. ✅ Responsabilidades Desarrollar componentes de aplicaciones backend utilizando Java / Spring Boot Desarrollar componentes de interfaz web utilizando React.js y otras tecnologías frontend aprobadas por el cliente Implementar lógica de negocio basada en historias de usuario aprobadas y criterios de aceptación Desarrollar e integrar APIs RESTful e integraciones de servicio a servicio (SOAP WS) Realizar pruebas unitarias y apoyar las actividades de pruebas de integración Participar en revisiones de código entre pares y responder a los comentarios recibidos Apoyar las actividades de resolución de defectos y refactorización dentro del alcance del sprint Participar en ceremonias ágiles: planificación de sprints, reviews y retrospectivas Escalar bloqueadores y dependencias al Tech Lead o Scrum Master 🔍 Requisitos excluyentes Seniority Senior con experiencia sólida en desarrollo fullstack Java Dominio de Spring Boot y ecosistema Java enterprise Experiencia en desarrollo frontend con React.js Experiencia con PostgreSQL (modelado, consultas, optimización) Manejo de servicios RESTful y SOAP WS Conocimiento de Python (deseable o complementario) Experiencia en metodologías ágiles (Scrum/Kanban) Inglés alto — C1/C2 (excluyente): uso fluido en entornos laborales 📋 Proceso de selección Recruiting screen → Entrevista técnica → Entrevista con el cliente → Oferta 🎁 Beneficios 🤝 Entorno cooperativo y proyectos de alto impacto en industrias en auge 📡 Bonificación por conectividad 🏋️ Reintegro Ver más Ver menos [[downButtonMessage]] LinkedIn Twitter Facebook © 2026 Jobrapido | C.I.F: IT11876271005 Trabajos Empresas Condiciones del Servicio Política de Privacidad Ayuda Contacto",,https://ar.jobrapido.com/jobpreview/6510120762941112320?redirectTo=https%253A%252F%252Fwww.kitempleo.com.ar%252Fempleo%252F52676527%252Fdesarrollador-java-full-stack-buenos-aires&w=Python&p=4,Desarrollador Full Stack,jobrapido,2026-09-15T04:13:55.277016,,,,
856000964358832128,Desarrollador Full Stack Net Buenos Aires (Argentina),Softtek,Capital Federal,"Open or close the mobile menu Jobrapido Entrar Inscríbete Publica una oferta Ayuda Empresas Clear job input Profesión / Palabras clave Ofertas de trabajo para Desarrollador Full en Departamento Federal ¿Qué trabajo estás buscando? Clear location input Localidad Búsqueda avanzada de empleo Relevancia Fecha [[distance.label]] [[d.text]] Close Localidad Gran Buenos Aires Capital Federal Córdoba Santa Fé Neuquén Rosario Mendoza Rincón De Los Sauces Mar Del Plata Chubut Búsquedas relacionadas Software Software Engineer Modelo Python Software Engineer Management Services Engineer Security Product Engineering Sistemas Product Engineer Vuelve a tus resultados: [[backlinkLabel]] Desarrollador Full Stack Net Buenos Aires (Argentina) Capital Federal - Provincia De Buenos Aires Softtek [[upButtonMessage]] full time www.kitempleo.com.ar 02 sep 2026 En Softtek, cada día es una ocasión para construir un mejor futuro juntos. ¡Únete a un equipo donde el crecimiento no tiene límites! Sé parte de una cultura única con valores de confianza, reconocimiento, colaboración y crecimiento. Te invitamos a sumarte a #Softtek. Buscamosun Desarrollador Full stack . Net Ssr. Descripción del puesto Estudiantes avanzados o graduados de las carreras de sistemas. Desarrollo backend con . NET Core / ASP.NET Core Desarrollo frontend con React, utilizando componentes reutilizables, integración con APIs y desarrollo de interfaces web responsivas. Programación en JavaScript y/o TypeScript para aplicaciones web modernas. Experiencia en SQL Server, modelado de datos, consultas SQL, procedimientos almacenados y optimización de rendimiento. Manejo de Git para control de versiones, gestión de ramas, resolución de conflictos y trabajo cooperativo mediante Pull Requests. Uso de Azure DevOps para gestión de requerimientos, seguimiento de tareas, administración de repositorios y control de entregas. Experiencia en prácticas de CI/CD (Integración Continua y Despliegue Continuo), incluyendo diseño, implementación y mantenimiento de pipelines automatizados. Experiencia en la integración y administración de Azure Pipelines para automatizar procesos de compilación, pruebas, validaciones de calidad y despliegues en distintos ambientes. Aplicación de buenas prácticas de desarrollo, incluyendo principios SOLID, patrones de diseño y arquitecturas escalables. Experiencia trabajando con metodologías ágiles (Scrum/Kanban) y equipos multidisciplinarios. Conocimientos de pruebas de software, debugging y aseguramiento de la calidad del código. Capacidad para analizar requerimientos técnicos, estimar esfuerzos y participar en todo el ciclo de vida de desarrollo de software. Responsabilidades Resolución de tareas relacionadas al proyecto Construcción y mantenimiento de APIs REST, lógica de negocio y arquitecturas escalables. Idiomas requeridos Español Lugar de trabajo: Residentes en ARG Horario Lunes a viernes de 9 a 18 hs. J-*-Ljbffr Ver más Ver menos [[downButtonMessage]] LinkedIn Twitter Facebook © 2026 Jobrapido | C.I.F: IT11876271005 Trabajos Empresas Condiciones del Servicio Política de Privacidad Ayuda Contacto",,https://ar.jobrapido.com/jobpreview/856000964358832128?redirectTo=https%253A%252F%252Fwww.kitempleo.com.ar%252Fempleo%252F53059913%252Fdesarrollador-full-stack-net-buenos-aires-argentina&w=Python&p=4,Desarrollador Full Stack,jobrapido,2026-09-15T04:13:55.277970,,,,
2199922482117345280,Desarrollador Full Stack .Net (Buenos Aires),Softtek,Capital Federal,"Open or close the mobile menu Jobrapido Entrar Inscríbete Publica una oferta Ayuda Empresas Clear job input Profesión / Palabras clave Ofertas de trabajo para Desarrollador Full en Departamento Federal ¿Qué trabajo estás buscando? Clear location input Localidad Búsqueda avanzada de empleo Relevancia Fecha [[distance.label]] [[d.text]] Close Localidad Gran Buenos Aires Capital Federal Córdoba Santa Fé Neuquén Rosario Mendoza Rincón De Los Sauces Mar Del Plata Chubut Búsquedas relacionadas Software Software Engineer Modelo Python Software Engineer Management Services Engineer Security Product Engineering Sistemas Product Engineer Vuelve a tus resultados: [[backlinkLabel]] Desarrollador Full Stack .Net (Buenos Aires) Capital Federal - Provincia De Buenos Aires Softtek [[upButtonMessage]] full time www.kitempleo.com.ar 31 ago 2026 En Softtek, cada día es una oportunidad para construir un mejor futuro juntos. ¡Únete a un equipo donde el crecimiento no tiene límites! Sé parte de una cultura única con valores de confianza, reconocimiento, colaboración y crecimiento. Te invitamos a sumarte a #Softtek. Buscamosun Desarrollador Full stack . Net Ssr. Descripción del puesto Estudiantes avanzados o graduados de las carreras de sistemas. Desarrollo backend con . NET Core / ASP.NET Core Desarrollo frontend con React, utilizando componentes reutilizables, integración con APIs y desarrollo de interfaces web responsivas. Programación en JavaScript y/o TypeScript para aplicaciones web modernas. Experiencia en SQL Server, modelado de datos, consultas SQL, procedimientos almacenados y optimización de rendimiento. Manejo de Git para control de versiones, gestión de ramas, resolución de conflictos y trabajo cooperativo mediante Pull Requests. Uso de Azure DevOps para gestión de requerimientos, seguimiento de tareas, administración de repositorios y control de entregas. Experiencia en prácticas de CI/CD (Integración Continua y Despliegue Continuo), incluyendo diseño, implementación y mantenimiento de pipelines automatizados. Experiencia en la integración y administración de Azure Pipelines para automatizar procesos de compilación, pruebas, validaciones de calidad y despliegues en distintos ambientes. Aplicación de buenas prácticas de desarrollo, incluyendo principios SOLID, patrones de diseño y arquitecturas escalables. Experiencia trabajando con metodologías ágiles (Scrum/Kanban) y equipos multidisciplinarios. Conocimientos de pruebas de software, debugging y aseguramiento de la calidad del código. Capacidad para analizar requerimientos técnicos, estimar esfuerzos y participar en todo el ciclo de vida de desarrollo de software. Responsabilidades Resolución de tareas relacionadas al proyecto Construcción y mantenimiento de APIs REST, lógica de negocio y arquitecturas escalables. Idiomas requeridos Español Lugar de trabajo: Residentes en ARG Horario Lunes a viernes de 9 a 18 hs. #J-*****-Ljbffr Ver más Ver menos [[downButtonMessage]] LinkedIn Twitter Facebook © 2026 Jobrapido | C.I.F: IT11876271005 Trabajos Empresas Condiciones del Servicio Política de Privacidad Ayuda Contacto",,https://ar.jobrapido.com/jobpreview/2199922482117345280?redirectTo=https%253A%252F%252Fwww.kitempleo.com.ar%252Fempleo%252F52948635%252Fdesarrollador-full-stack-net-buenos-aires&w=Python&p=4,Desarrollador Full Stack,jobrapido,2026-09-15T04:13:55.279063,,,,
1995147031378657280,Desarrollador Full Stack Ssr Buenos Aires (Argentina),EPAM Systems,Capital Federal,"Open or close the mobile menu Jobrapido Entrar Inscríbete Publica una oferta Ayuda Empresas Clear job input Profesión / Palabras clave Ofertas de trabajo para Desarrollador Full en Departamento Federal ¿Qué trabajo estás buscando? Clear location input Localidad Búsqueda avanzada de empleo Relevancia Fecha [[distance.label]] [[d.text]] Close Localidad Gran Buenos Aires Capital Federal Córdoba Santa Fé Neuquén Rosario Mendoza Rincón De Los Sauces Mar Del Plata Chubut Búsquedas relacionadas Software Software Engineer Modelo Python Software Engineer Management Services Engineer Security Product Engineering Sistemas Product Engineer Vuelve a tus resultados: [[backlinkLabel]] Desarrollador Full Stack Ssr Buenos Aires (Argentina) Capital Federal - Provincia De Buenos Aires EPAM Systems [[upButtonMessage]] full time www.kitempleo.com.ar 27 ago 2026 Nos encontramos en la búsqueda de un/a Desarrollador Full Stack SSR (JavaScript/TypeScript & APIs)para sumarse a proyectos de transformación digital vinculados a plataformas de eCommerce y aplicaciones de alto tráfico. Buscamos profesionales con experiência en desarrollo frontend y backend, sólidos conocimientos en JavaScript/TypeScript e integración de APIs, orientados a la construcción de soluciones escalables, mantenibles y de alto rendimiento en entornos ágiles. EPAM NEORIS es un acelerador digital que acompaña a algunas de las compañías más importantes del mundo en sus desafíos de negocio y evolución tecnológica, combinando excelencia global en ingeniería con experiência regional y cercanía local. Con presencia en 11 países de Iberoamérica y más de 4.000 profesionales en la región, impulsamos una cultura diversa e inclusiva enfocada en la colaboración, el aprendizaje continuo y la innovación. Como parte de EPAM, una red global con más de 60.000 profesionales en más de 55 países, ayudamos a las organizaciones a escalar, modernizar y acelerar sus capacidades digitales a través de Cloud, Data & Analytics, Inteligencia Artificial, Ciberseguridad, Automatización Inteligente, Consultoría Estratégica e Ingeniería de Software. En EPAM NEORIS creemos que el crecimiento también se construye desde las personas. Por eso, promovemos un ambiente donde cada competente pueda desarrollarse, aportar nuevas ideas y participar en proyectos de impacto regional y general. Responsibilities Diseñar, desarrollar y mantener funcionalidades frontend y backend para aplicaciones y plataformas digitales Participar en el diseño, desarrollo e integración de APIs y servicios bajo arquitecturas modernas Colaborar con equipos multidisciplinarios para definir e implementar soluciones técnicas alineadas a las necesidades del negocio Aplicar buenas prácticas de desarrollo, testing, control de versiones y calidad de código Analizar y resolver incidentes, identificando oportunidades de Ver más Ver menos [[downButtonMessage]] LinkedIn Twitter Facebook © 2026 Jobrapido | C.I.F: IT11876271005 Trabajos Empresas Condiciones del Servicio Política de Privacidad Ayuda Contacto",,https://ar.jobrapido.com/jobpreview/1995147031378657280?redirectTo=https%253A%252F%252Fwww.kitempleo.com.ar%252Fempleo%252F52781292%252Fdesarrollador-full-stack-ssr-buenos-aires-argentina&w=Python&p=4,Desarrollador Full Stack,jobrapido,2026-09-15T04:13:55.280162,,,,
4841469824632619008,Desarrollador Full Stack Ssr (Buenos Aires),EPAM Systems,Capital Federal,"Open or close the mobile menu Jobrapido Entrar Inscríbete Publica una oferta Ayuda Empresas Clear job input Profesión / Palabras clave Ofertas de trabajo para Desarrollador Full en Departamento Federal ¿Qué trabajo estás buscando? Clear location input Localidad Búsqueda avanzada de empleo Relevancia Fecha [[distance.label]] [[d.text]] Close Localidad Gran Buenos Aires Capital Federal Córdoba Santa Fé Neuquén Rosario Mendoza Rincón De Los Sauces Mar Del Plata Chubut Búsquedas relacionadas Software Software Engineer Modelo Python Software Engineer Management Services Engineer Security Product Engineering Sistemas Product Engineer Vuelve a tus resultados: [[backlinkLabel]] Desarrollador Full Stack Ssr (Buenos Aires) Capital Federal - Provincia De Buenos Aires EPAM Systems [[upButtonMessage]] full time www.kitempleo.com.ar 25 ago 2026 Nos encontramos en la búsqueda de un/a Desarrollador Full Stack SSR (JavaScript/TypeScript & APIs)para sumarse a proyectos de transformación digital vinculados a plataformas de eCommerce y aplicaciones de alto tráfico. Buscamos profesionales con experiência en desarrollo frontend y backend, sólidos conocimientos en JavaScript/TypeScript e integración de APIs, orientados a la construcción de soluciones escalables, mantenibles y de alto rendimiento en entornos ágiles. EPAM NEORIS es un acelerador digital que acompaña a algunas de las compañías más importantes del mundo en sus desafíos de negocio y evolución tecnológica, combinando excelencia global en ingeniería con experiência regional y cercanía local. Con presencia en 11 países de Iberoamérica y más de 4.000 profesionales en la región, impulsamos una cultura diversa e inclusiva enfocada en la colaboración, el aprendizaje continuo y la innovación. Como parte de EPAM, una red global con más de 60.000 profesionales en más de 55 países, ayudamos a las organizaciones a escalar, modernizar y acelerar sus capacidades digitales a través de Cloud, Data & Analytics, Inteligencia Artificial, Ciberseguridad, Automatización Inteligente, Consultoría Estratégica e Ingeniería de Software. En EPAM NEORIS creemos que el crecimiento también se construye desde las personas. Por eso, promovemos un entorno donde cada profesional pueda desarrollarse, aportar nuevas ideas y participar en proyectos de impacto regional y general. Responsibilities - Diseñar, desarrollar y mantener funcionalidades frontend y backend para aplicaciones y plataformas digitales - Participar en el diseño, desarrollo e integración de APIs y servicios bajo arquitecturas modernas - Colaborar con equipos multidisciplinarios para definir e implementar soluciones técnicas alineadas a las necesidades del negocio - Aplicar buenas prácticas de desarrollo, testing, control de versiones y calidad de código - Analizar y resolver incidentes, identificando oportunidades de Ver más Ver menos [[downButtonMessage]] LinkedIn Twitter Facebook © 2026 Jobrapido | C.I.F: IT11876271005 Trabajos Empresas Condiciones del Servicio Política de Privacidad Ayuda Contacto",,https://ar.jobrapido.com/jobpreview/4841469824632619008?redirectTo=https%253A%252F%252Fwww.kitempleo.com.ar%252Fempleo%252F52698205%252Fdesarrollador-full-stack-ssr-buenos-aires&w=Python&p=4,Desarrollador Full Stack,jobrapido,2026-09-15T04:13:55.280861,,,,
8868495276634013696,Ingeniero de Proyectos Logísticos - Zona Norte,Ceta Capital Humano,General Pacheco,,,https://open.app.jobrapido.com/ar/8868495276634013696/?w=ingeniero%20datos&l=&oc=sponsored&k=web.1.1.0&uuid=arF001a0a423b4da0ee5&page_item_id=-1272950037,Ingeniero de Datos,jobrapido,2026-09-15T04:16:39.647587,,,,
6085424020071645184,Data Architect: Lakehouse & Data Governance - Hybrid,Toyota Argentina S.A. Company,Zárate,,,https://open.app.jobrapido.com/ar/6085424020071645184/?w=ingeniero%20datos&l=&oc=sponsored&k=web.1.1.3&uuid=arF001a0a423b4da0ee5&page_item_id=193812962,Ingeniero de Datos,jobrapido,2026-09-15T04:16:39.648473,,,,
7961728054387015680,Arquitecto de Soluciones (Ingeniero en Sistemas),Spazios,Caseros,,,https://open.app.jobrapido.com/ar/7961728054387015680/?w=ingeniero%20datos&l=&oc=sponsored&k=web.1.1.12&uuid=arF001a0a423b4da0ee5&page_item_id=1506579485,Ingeniero de Datos,jobrapido,2026-09-15T04:16:39.650083,,,,
8899931619742187520,Junior Web Application Developer,Stefanini-Latam,Vicente López,,,https://open.app.jobrapido.com/ar/8899931619742187520/?w=ingeniero%20datos&l=&oc=sponsored&k=web.1.1.13&uuid=arF001a0a423b4da0ee5&page_item_id=-356471702,Ingeniero de Datos,jobrapido,2026-09-15T04:16:39.650573,,,,
1878587889617469440,Cost Estimation & Control Specialist,Meitner Energy,Vicente López,,,https://open.app.jobrapido.com/ar/1878587889617469440/?w=ingeniero%20datos&l=&oc=sponsored&k=web.1.1.14&uuid=arF001a0a423b4da0ee5&page_item_id=1109924051,Ingeniero de Datos,jobrapido,2026-09-15T04:16:39.651068,,,,
6217825372042428416,Analista Sr de Presupuesto y Control de Gestión,LA NACION,Vicente López,,,https://open.app.jobrapido.com/ar/6217825372042428416/?w=ingeniero%20datos&l=&oc=sponsored&k=web.1.1.15&uuid=arF001a0a423b4da0ee5&page_item_id=-282006460,Ingeniero de Datos,jobrapido,2026-09-15T04:16:39.651554,,,,
1481332397176782848,Coordinador en ciberseguridad y Arquitectura de Seguridad Informática,YEL Solutions,Vicente López,,,https://open.app.jobrapido.com/ar/1481332397176782848/?w=ingeniero%20datos&l=&oc=sponsored&k=web.1.1.16&uuid=arF001a0a423b4da0ee5&page_item_id=1704849210,Ingeniero de Datos,jobrapido,2026-09-15T04:16:39.652044,,,,
2678481129945694208,Ingeniero de datos,ThinkBig HR,Capital Federal,,,https://open.app.jobrapido.com/ar/2678481129945694208/?w=ingeniero%20datos&l=&oc=sponsored&k=web.1.1.18&uuid=arF001a0a423b4da0ee5&page_item_id=70439401,Ingeniero de Datos,jobrapido,2026-09-15T04:16:39.652676,,,,
12354763337236480,Ingeniero de Datos,Tecsol Group SA,Capital Federal,,,https://open.app.jobrapido.com/ar/12354763337236480/?w=ingeniero%20datos&l=&oc=sponsored&k=web.1.1.19&uuid=arF001a0a423b4da0ee5&page_item_id=2023149153,Ingeniero de Datos,jobrapido,2026-09-15T04:16:39.653165,,,,
1919221716211466240,Ingeniero de Datos,Bumeran Selecta,Capital Federal,,,https://open.app.jobrapido.com/ar/1919221716211466240/?w=ingeniero%20datos&l=&oc=sponsored&k=web.1.2.0&uuid=arF001a0a424b48e0fb8&page_item_id=-365759104,Ingeniero de Datos,jobrapido,2026-09-15T04:17:45.300447,,,,
6469860735940820992,Ingeniero de datos + Ingles,Join ready,Capital Federal,,,https://open.app.jobrapido.com/ar/6469860735940820992/?w=ingeniero%20datos&l=&oc=sponsored&k=web.1.2.1&uuid=arF001a0a424b48e0fb8&page_item_id=775823229,Ingeniero de Datos,jobrapido,2026-09-15T04:17:45.301095,,,,
5326389018378633216,"Ingeniero de Datos: Snowflake, Airflow y DataOps (Remoto)",Tecsol Group SA,Capital Federal,,,https://open.app.jobrapido.com/ar/5326389018378633216/?w=ingeniero%20datos&l=&oc=sponsored&k=web.1.2.2&uuid=arF001a0a424b48e0fb8&page_item_id=-134688146,Ingeniero de Datos,jobrapido,2026-09-15T04:17:45.301597,,,,
562949453057622016,Ingeniero de Datos (SR) – Informatica Cloud / Cloudera / Python (Híbrido),Talent Connect,Capital Federal,,,https://open.app.jobrapido.com/ar/562949453057622016/?w=ingeniero%20datos&l=&oc=sponsored&k=web.1.2.3&uuid=arF001a0a424b48e0fb8&page_item_id=1894131085,Ingeniero de Datos,jobrapido,2026-09-15T04:17:45.302106,,,,
1746905240294129664,Ingeniero de Datos (SSR) – Python / SQL / Big Data / Lakehouse (Híbrido),Talent Connect,Capital Federal,,,https://open.app.jobrapido.com/ar/1746905240294129664/?w=ingeniero%20datos&l=&oc=sponsored&k=web.1.2.4&uuid=arF001a0a424b48e0fb8&page_item_id=693101656,Ingeniero de Datos,jobrapido,2026-09-15T04:17:45.302606,,,,
7740995133696376832,Ingeniero de Datos (SR) – Informatica Cloud / Cloudera / Python (Híbrido),Talent Connect,Capital Federal,,,https://open.app.jobrapido.com/ar/7740995133696376832/?w=ingeniero%20datos&l=&oc=sponsored&k=web.1.2.5&uuid=arF001a0a424b48e0fb8&page_item_id=-1127373401,Ingeniero de Datos,jobrapido,2026-09-15T04:17:45.303115,,,,
7906422533610536960,Ingeniero Senior de Datos e IA (Híbrido),MercadoLibre,Capital Federal,,,https://open.app.jobrapido.com/ar/7906422533610536960/?w=ingeniero%20datos&l=&oc=sponsored&k=web.1.2.6&uuid=arF001a0a424b48e0fb8&page_item_id=1703611804,Ingeniero de Datos,jobrapido,2026-09-15T04:17:45.303614,,,,
832037795626221568,"Ingeniero de Datos (SSR/SR) – SAP HANA / Cloudera / Apache NiFi (Híbrido, CABA)",Talent Connect,Capital Federal,,,https://open.app.jobrapido.com/ar/832037795626221568/?w=ingeniero%20datos&l=&oc=sponsored&k=web.1.2.7&uuid=arF001a0a424b48e0fb8&page_item_id=-1906046443,Ingeniero de Datos,jobrapido,2026-09-15T04:17:45.304383,,,,
4071729015658905600,Ingeniero de Datos (AWS & Databricks) Bilingüe,Sofka,Capital Federal,,,https://open.app.jobrapido.com/ar/4071729015658905600/?w=ingeniero%20datos&l=&oc=sponsored&k=web.1.2.8&uuid=arF001a0a424b48e0fb8&page_item_id=268975930,Ingeniero de Datos,jobrapido,2026-09-15T04:17:45.305747,,,,
8512494852036886528,Ingeniero de Datos Senior - Migración a Cloud & ETL,ITSM CONSULTING SA,Capital Federal,,,https://open.app.jobrapido.com/ar/8512494852036886528/?w=ingeniero%20datos&l=&oc=sponsored&k=web.1.2.9&uuid=arF001a0a424b48e0fb8&page_item_id=1351115870,Ingeniero de Datos,jobrapido,2026-09-15T04:17:45.307106,,,,
1265042379635687424,Senior Full-Stack Engineer - React/Node/C# | Remote,Agileengine,Capital Federal,,,https://open.app.jobrapido.com/ar/1265042379635687424/?w=ingeniero%20datos&l=&oc=sponsored&k=web.1.2.11&uuid=arF001a0a424b48e0fb8&page_item_id=1831149548,Ingeniero de Datos,jobrapido,2026-09-15T04:17:45.308790,,,,
7752816429883195392,Especialista I&C SSR,CLUSTERciar,Capital Federal,,,https://open.app.jobrapido.com/ar/7752816429883195392/?w=ingeniero%20datos&l=&oc=sponsored&k=web.1.2.12&uuid=arF001a0a424b48e0fb8&page_item_id=1900191682,Ingeniero de Datos,jobrapido,2026-09-15T04:17:45.309907,,,,
783557647897985024,Services Presales Engineer,BVS,Capital Federal,,,https://open.app.jobrapido.com/ar/783557647897985024/?w=ingeniero%20datos&l=&oc=sponsored&k=web.1.2.15&uuid=arF001a0a424b48e0fb8&page_item_id=1401248629,Ingeniero de Datos,jobrapido,2026-09-15T04:17:45.311112,,,,
8990426855546814464,Senior Implementation Analyst | Octave InConcert (SDx),Geomatik,Capital Federal,,,https://open.app.jobrapido.com/ar/8990426855546814464/?w=ingeniero%20datos&l=&oc=sponsored&k=web.1.2.16&uuid=arF001a0a424b48e0fb8&page_item_id=-1069639,Ingeniero de Datos,jobrapido,2026-09-15T04:17:45.311839,,,,
4846775861589835776,Probabilistic Safety Analyst (PSA) / Analista Evaluación Probabilística de Seguridad (PSA),Snc-Lavalin,Capital Federal,,,https://open.app.jobrapido.com/ar/4846775861589835776/?w=ingeniero%20datos&l=&oc=sponsored&k=web.1.2.17&uuid=arF001a0a424b48e0fb8&page_item_id=1203442080,Ingeniero de Datos,jobrapido,2026-09-15T04:17:45.312354,,,,
1523664299220795392,-Especialista de Soporte TI en Sitio con ingles,Servicio Latam COMX SAS,Capital Federal,,,https://open.app.jobrapido.com/ar/1523664299220795392/?w=ingeniero%20datos&l=&oc=sponsored&k=web.1.2.18&uuid=arF001a0a424b48e0fb8&page_item_id=1532993070,Ingeniero de Datos,jobrapido,2026-09-15T04:17:45.312981,,,,
6684670862370537472,Ingeniero de Operaciones Digitales Industriales,Jobtailor,Capital Federal,,,https://open.app.jobrapido.com/ar/6684670862370537472/?w=ingeniero%20datos&l=&oc=sponsored&k=web.1.2.19&uuid=arF001a0a424b48e0fb8&page_item_id=2005614512,Ingeniero de Datos,jobrapido,2026-09-15T04:17:45.313487,,,,
7629684802748153856,AWS Data Engineer — Scale Data Lakes & Pipelines,Nubiral,Capital Federal,,,https://open.app.jobrapido.com/ar/7629684802748153856/?w=ingeniero%20datos&l=&oc=sponsored&k=web.1.3.0&uuid=arF001a0a426639b1131&page_item_id=1609949920,Ingeniero de Datos,jobrapido,2026-09-15T04:19:35.501257,,,,
1112809084895100928,"Cloud DevOps Engineer — Hybrid, Migration & Automation",Agnostic IT,Capital Federal,,,https://open.app.jobrapido.com/ar/1112809084895100928/?w=ingeniero%20datos&l=&oc=sponsored&k=web.1.3.1&uuid=arF001a0a426639b1131&page_item_id=23004752,Ingeniero de Datos,jobrapido,2026-09-15T04:19:35.501826,,,,
3888143353010716672,AI Engineer / Ingeniero de IA — Horario Flexible & Hybrid,Swiss Medical Group,Capital Federal,,,https://open.app.jobrapido.com/ar/3888143353010716672/?w=ingeniero%20datos&l=&oc=sponsored&k=web.1.3.3&uuid=arF001a0a426639b1131&page_item_id=1921044660,Ingeniero de Datos,jobrapido,2026-09-15T04:19:35.502459,,,,
6438092993156087808,Software Engineer,Foundation AI,Capital Federal,,,https://open.app.jobrapido.com/ar/6438092993156087808/?w=ingeniero%20datos&l=&oc=sponsored&k=web.1.3.4&uuid=arF001a0a426639b1131&page_item_id=986650350,Ingeniero de Datos,jobrapido,2026-09-15T04:19:35.502987,,,,
5281656693472624640,AI Engineer - Ingeniero de Inteligencia Artificial,Swiss Medical Group,Capital Federal,,,https://open.app.jobrapido.com/ar/5281656693472624640/?w=ingeniero%20datos&l=&oc=sponsored&k=web.1.3.5&uuid=arF001a0a426639b1131&page_item_id=1965687346,Ingeniero de Datos,jobrapido,2026-09-15T04:19:35.503468,,,,
621486816465256448,Devops Cloud,Agnostic IT,Capital Federal,,,https://open.app.jobrapido.com/ar/621486816465256448/?w=ingeniero%20datos&l=&oc=sponsored&k=web.1.3.6&uuid=arF001a0a426639b1131&page_item_id=-1261499883,Ingeniero de Datos,jobrapido,2026-09-15T04:19:35.503956,,,,
4454413487950528512,Planificador/a de Mantenimiento - Rubro Alimenticio,Talent Solutions RRHH,Capital Federal,,,https://open.app.jobrapido.com/ar/4454413487950528512/?w=ingeniero%20datos&l=&oc=sponsored&k=web.1.3.7&uuid=arF001a0a426639b1131&page_item_id=1003169343,Ingeniero de Datos,jobrapido,2026-09-15T04:19:35.504437,,,,
6254799182125596672,Consultor / Consultora Oracle DBA,Ll Oefentherapie,Capital Federal,,,https://open.app.jobrapido.com/ar/6254799182125596672/?w=ingeniero%20datos&l=&oc=sponsored&k=web.1.3.8&uuid=arF001a0a426639b1131&page_item_id=81678585,Ingeniero de Datos,jobrapido,2026-09-15T04:19:35.504934,,,,
1020462125480411136,AI Engineer - Ingeniero de Inteligencia Artificial,ThinkBig HR,Capital Federal,,,https://open.app.jobrapido.com/ar/1020462125480411136/?w=ingeniero%20datos&l=&oc=sponsored&k=web.1.3.9&uuid=arF001a0a426639b1131&page_item_id=-1009209735,Ingeniero de Datos,jobrapido,2026-09-15T04:19:35.505473,,,,
99802737025220608,Planificador de Mantenimiento eventual por 6 meses para maritima,Dos Argentina,Capital Federal,,,https://open.app.jobrapido.com/ar/99802737025220608/?w=ingeniero%20datos&l=&oc=sponsored&k=web.1.3.10&uuid=arF001a0a426639b1131&page_item_id=1556197361,Ingeniero de Datos,jobrapido,2026-09-15T04:19:35.505978,,,,
4355468986322780160,Software Engineer Backend - Personal Banker IT,MercadoLibre,Capital Federal,,,https://open.app.jobrapido.com/ar/4355468986322780160/?w=ingeniero%20datos&l=&oc=sponsored&k=web.1.3.11&uuid=arF001a0a426639b1131&page_item_id=164611410,Ingeniero de Datos,jobrapido,2026-09-15T04:19:35.506459,,,,
1112732050361679872,Analista Ssr de Business Intelligence,Natura,Capital Federal,,,https://open.app.jobrapido.com/ar/1112732050361679872/?w=ingeniero%20datos&l=&oc=sponsored&k=web.1.3.12&uuid=arF001a0a426639b1131&page_item_id=-1595172810,Ingeniero de Datos,jobrapido,2026-09-15T04:19:35.506949,,,,
1805937641632301056,Water Engineer – Ingeniero de Ventas Bs As - 0203,AccelRH,Capital Federal,,,https://open.app.jobrapido.com/ar/1805937641632301056/?w=ingeniero%20datos&l=&oc=sponsored&k=web.1.3.13&uuid=arF001a0a426639b1131&page_item_id=-771961275,Ingeniero de Datos,jobrapido,2026-09-15T04:19:35.507434,,,,
3737910413518438400,Analista de Piping,TGN,Capital Federal,,,https://open.app.jobrapido.com/ar/3737910413518438400/?w=ingeniero%20datos&l=&oc=sponsored&k=web.1.3.14&uuid=arF001a0a426639b1131&page_item_id=-1963959857,Ingeniero de Datos,jobrapido,2026-09-15T04:19:35.508208,,,,
3465295438943354880,Analista Planificador de Logística y Puerto RENOVA,Bunge Iberica SA,Capital Federal,,,https://open.app.jobrapido.com/ar/3465295438943354880/?w=ingeniero%20datos&l=&oc=sponsored&k=web.1.3.16&uuid=arF001a0a426639b1131&page_item_id=1606056462,Ingeniero de Datos,jobrapido,2026-09-15T04:19:35.509480,,,,
7764638061077463040,Inspector/a de Ventas - Zona PBA Centro y Sur,Cementos Avellaneda y Cementos Artigas,Capital Federal,,,https://open.app.jobrapido.com/ar/7764638061077463040/?w=ingeniero%20datos&l=&oc=sponsored&k=web.1.3.17&uuid=arF001a0a426639b1131&page_item_id=289048778,Ingeniero de Datos,jobrapido,2026-09-15T04:19:35.510379,,,,
3496824896942505984,Ingeniero/a de RTOC (Centro de Operaciones en Tiempo Real),Revsolz Corp,Capital Federal,,,https://open.app.jobrapido.com/ar/3496824896942505984/?w=ingeniero%20datos&l=&oc=sponsored&k=web.1.3.18&uuid=arF001a0a426639b1131&page_item_id=-599123886,Ingeniero de Datos,jobrapido,2026-09-15T04:19:35.511227,,,,
3921098671432663040,Ingeniero(a) Comercial Servicios Bahía Blanca,Schneider Electric,Capital Federal,,,https://open.app.jobrapido.com/ar/3921098671432663040/?w=ingeniero%20datos&l=&oc=sponsored&k=web.1.3.19&uuid=arF001a0a426639b1131&page_item_id=510576154,Ingeniero de Datos,jobrapido,2026-09-15T04:19:35.511847,,,,
411701647153037312,Ingeniero Comercial Servicios AMBA,Schneider Electric,Capital Federal,,,https://open.app.jobrapido.com/ar/411701647153037312/?w=ingeniero%20datos&l=&oc=sponsored&k=web.1.4.0&uuid=arF001a0a42825791325&page_item_id=1229758757,Ingeniero de Datos,jobrapido,2026-09-15T04:21:30.850626,,,,
385758223619063808,Especialista en Inteligencia Artificial Agentica (Remoto)(Exp en Banca) K926,Keppri,Capital Federal,,,https://open.app.jobrapido.com/ar/385758223619063808/?w=ingeniero%20datos&l=&oc=sponsored&k=web.1.4.1&uuid=arF001a0a42825791325&page_item_id=-1227327755,Ingeniero de Datos,jobrapido,2026-09-15T04:21:30.851190,,,,
1175760626711003136,Especialista en Inteligencia Artificial Agentica (Remoto)(Exp en Banca) K626,Keppri,Capital Federal,,,https://open.app.jobrapido.com/ar/1175760626711003136/?w=ingeniero%20datos&l=&oc=sponsored&k=web.1.4.2&uuid=arF001a0a42825791325&page_item_id=1211583168,Ingeniero de Datos,jobrapido,2026-09-15T04:21:30.851675,,,,
7393709610059694080,Head of Data & Analytics,Global66,Capital Federal,,,https://open.app.jobrapido.com/ar/7393709610059694080/?w=ingeniero%20datos&l=&oc=sponsored&k=web.1.4.3&uuid=arF001a0a42825791325&page_item_id=-547182402,Ingeniero de Datos,jobrapido,2026-09-15T04:21:30.852160,,,,
4153161045835251712,Ingeniería de Ciberseguridad (Security Engineer) Nivel 1.5,Pacifica Continental,Capital Federal,,,https://open.app.jobrapido.com/ar/4153161045835251712/?w=ingeniero%20datos&l=&oc=sponsored&k=web.1.4.4&uuid=arF001a0a42825791325&page_item_id=309542369,Ingeniero de Datos,jobrapido,2026-09-15T04:21:30.852644,,,,
7500309839352954880,Devops Cloud,Agnostic,Capital Federal,,,https://open.app.jobrapido.com/ar/7500309839352954880/?w=ingeniero%20datos&l=&oc=sponsored&k=web.1.4.5&uuid=arF001a0a42825791325&page_item_id=2018912874,Ingeniero de Datos,jobrapido,2026-09-15T04:21:30.853222,,,,
6501074668462538752,Analista Control Gestion - Santiago de Chile,Agnostic,Capital Federal,,,https://open.app.jobrapido.com/ar/6501074668462538752/?w=ingeniero%20datos&l=&oc=sponsored&k=web.1.4.6&uuid=arF001a0a42825791325&page_item_id=-2100974547,Ingeniero de Datos,jobrapido,2026-09-15T04:21:30.853793,,,,
2320882092751192064,Ingeniero/a de Perforación - Comodoro Rivadavia,Pan American Energy,Capital Federal,,,https://open.app.jobrapido.com/ar/2320882092751192064/?w=ingeniero%20datos&l=&oc=sponsored&k=web.1.4.7&uuid=arF001a0a42825791325&page_item_id=1076505200,Ingeniero de Datos,jobrapido,2026-09-15T04:21:30.854357,,,,
673048517329027072,Consultor / Consultora Oracle DBA,Oracle,Capital Federal,,,https://open.app.jobrapido.com/ar/673048517329027072/?w=ingeniero%20datos&l=&oc=sponsored&k=web.1.4.9&uuid=arF001a0a42825791325&page_item_id=691377198,Ingeniero de Datos,jobrapido,2026-09-15T04:21:30.855087,,,,
2545373779840729088,Supervisor (Rosario) de Instalación de Puntos de Monitoreo de Videovigilancia Urbana,NEC Argentina S.A.,Capital Federal,,,https://open.app.jobrapido.com/ar/2545373779840729088/?w=ingeniero%20datos&l=&oc=sponsored&k=web.1.4.10&uuid=arF001a0a42825791325&page_item_id=-1724654781,Ingeniero de Datos,jobrapido,2026-09-15T04:21:30.855655,,,,
6604655810624618496,Principal Project Planner,Worley,Capital Federal,,,https://open.app.jobrapido.com/ar/6604655810624618496/?w=ingeniero%20datos&l=&oc=sponsored&k=web.1.4.11&uuid=arF001a0a42825791325&page_item_id=-679379701,Ingeniero de Datos,jobrapido,2026-09-15T04:21:30.856218,,,,
2137255954331205632,Gerente/a de Control de Proyectos,Bechtel,Capital Federal,,,https://open.app.jobrapido.com/ar/2137255954331205632/?w=ingeniero%20datos&l=&oc=sponsored&k=web.1.4.12&uuid=arF001a0a42825791325&page_item_id=-1309118756,Ingeniero de Datos,jobrapido,2026-09-15T04:21:30.856787,,,,
3569309376369917952,Coordinador Técnico Industrial - Rubro Panificación,Lesaffre,Capital Federal,,,https://open.app.jobrapido.com/ar/3569309376369917952/?w=ingeniero%20datos&l=&oc=sponsored&k=web.1.4.13&uuid=arF001a0a42825791325&page_item_id=1052061163,Ingeniero de Datos,jobrapido,2026-09-15T04:21:30.857352,,,,
3988790104796692480,Líder técnico en informática Data Cloud,NTT DATA EMEAL,Capital Federal,,,https://open.app.jobrapido.com/ar/3988790104796692480/?w=ingeniero%20datos&l=&oc=sponsored&k=web.1.4.14&uuid=arF001a0a42825791325&page_item_id=1200565429,Ingeniero de Datos,jobrapido,2026-09-15T04:21:30.857922,,,,
5640981697634762752,Developer Full Stack Nodes JS - Angular Ssr.,Acciona IT,Capital Federal,,,https://open.app.jobrapido.com/ar/5640981697634762752/?w=ingeniero%20datos&l=&oc=sponsored&k=web.1.4.15&uuid=arF001a0a42825791325&page_item_id=1914692050,Ingeniero de Datos,jobrapido,2026-09-15T04:21:30.858490,,,,
1233792060151037952,Inspector/a de Ventas - Zona PBA Centro y Sur,Cementos Avellaneda S.A.,Capital Federal,,,https://open.app.jobrapido.com/ar/1233792060151037952/?w=ingeniero%20datos&l=&oc=sponsored&k=web.1.4.16&uuid=arF001a0a42825791325&page_item_id=-6532794,Ingeniero de Datos,jobrapido,2026-09-15T04:21:30.859061,,,,
4719550838563930112,Sr Engineer,Motorola Solutions,Capital Federal,,,https://open.app.jobrapido.com/ar/4719550838563930112/?w=ingeniero%20datos&l=&oc=sponsored&k=web.1.4.18&uuid=arF001a0a42825791325&page_item_id=-1156286348,Ingeniero de Datos,jobrapido,2026-09-15T04:21:30.859785,,,,
6907934394971848704,Ingeniero de Perforación: Impacto en Operaciones y Datos,Pan American Energy S.L.,Comodoro Rivadavia,,,https://open.app.jobrapido.com/ar/6907934394971848704/?w=ingeniero%20datos&l=&oc=sponsored&k=web.1.4.19&uuid=arF001a0a42825791325&page_item_id=885381967,Ingeniero de Datos,jobrapido,2026-09-15T04:21:30.860357,,,,
