job_id,titulo,empresa,ubicacion,descripcion,fecha_pub,url,keyword,fuente,fecha_scrap,nivel,tipo_empleo,modalidad,salario
2299702131545866240,Anuncios Google,Scale Up Recruiting Partners,Rosario,,,https://open.app.jobrapido.com/ar/2299702131545866240/?w=data%20scientist&l=&oc=sponsored&k=web.1.1.0&uuid=arF001a05bbf615b675d&page_item_id=1093287280,Data Scientist,jobrapido,2026-09-01T02:54:24.647324,,,,
969988863818727424,"Senior Data Scientist - Remote, MMM & Time-Series",AgileEngine,Rosario,,,https://open.app.jobrapido.com/ar/969988863818727424/?w=data%20scientist&l=&oc=sponsored&k=web.1.1.1&uuid=arF001a05bbf615b675d&page_item_id=-2098518017,Data Scientist,jobrapido,2026-09-01T02:54:24.647962,,,,
4238912455901708288,Senior Data Scientist ID80052,AgileEngine,Rosario,,,https://open.app.jobrapido.com/ar/4238912455901708288/?w=data%20scientist&l=&oc=sponsored&k=web.1.1.2&uuid=arF001a05bbf615b675d&page_item_id=-1901031187,Data Scientist,jobrapido,2026-09-01T02:54:24.648507,,,,
7243563583525617664,Senior Data Scientist ID71658,AgileEngine,Rosario,,,https://open.app.jobrapido.com/ar/7243563583525617664/?w=data%20scientist&l=&oc=sponsored&k=web.1.1.3&uuid=arF001a05bbf615b675d&page_item_id=1409389612,Data Scientist,jobrapido,2026-09-01T02:54:24.649054,,,,
2697560328157265920,Senior Data Scientist ID71658,Morgan Stanley,Rosario,,,https://open.app.jobrapido.com/ar/2697560328157265920/?w=data%20scientist&l=&oc=sponsored&k=web.1.1.4&uuid=arF001a05bbf615b675d&page_item_id=-1224976334,Data Scientist,jobrapido,2026-09-01T02:54:24.649597,,,,
6187418034378899456,Senior Data Scientist ID80052,"AgileEngine, LLC.",Rosario,,,https://open.app.jobrapido.com/ar/6187418034378899456/?w=data%20scientist&l=&oc=sponsored&k=web.1.1.5&uuid=arF001a05bbf615b675d&page_item_id=-347901276,Data Scientist,jobrapido,2026-09-01T02:54:24.650134,,,,
8762344249380306944,Senior Data Scientist – MMM ID71005,AgileEngine,Rosario,,,https://open.app.jobrapido.com/ar/8762344249380306944/?w=data%20scientist&l=&oc=sponsored&k=web.1.1.6&uuid=arF001a05bbf615b675d&page_item_id=1648522318,Data Scientist,jobrapido,2026-09-01T02:54:24.650654,,,,
156745499334934528,Senior Data Scientist (MMM) ID71005,AgileEngine,Rosario,,,https://open.app.jobrapido.com/ar/156745499334934528/?w=data%20scientist&l=&oc=sponsored&k=web.1.1.7&uuid=arF001a05bbf615b675d&page_item_id=1702740416,Data Scientist,jobrapido,2026-09-01T02:54:24.651146,,,,
3739626081154498560,Senior Data Scientist — Production ML & Cloud Pipelines,"AgileEngine, LLC.",Rosario,,,https://open.app.jobrapido.com/ar/3739626081154498560/?w=data%20scientist&l=&oc=sponsored&k=web.1.1.8&uuid=arF001a05bbf615b675d&page_item_id=-899137433,Data Scientist,jobrapido,2026-09-01T02:54:24.651647,,,,
7340921180636839936,Senior Medical Scientist - Remote Medical Data Review Lead,"Syneos Health, Inc.",Rosario,,,https://open.app.jobrapido.com/ar/7340921180636839936/?w=data%20scientist&l=&oc=sponsored&k=web.1.1.9&uuid=arF001a05bbf615b675d&page_item_id=-1233503,Data Scientist,jobrapido,2026-09-01T02:54:24.652141,,,,
2942462767136768,Data Scientist,ID90 Travel,Córdoba Capital,,,https://open.app.jobrapido.com/ar/2942462767136768/?w=data%20scientist&l=&oc=sponsored&k=web.1.1.10&uuid=arF001a05bbf615b675d&page_item_id=878849273,Data Scientist,jobrapido,2026-09-01T02:54:24.652639,,,,
1856651670570663936,Data Scientist,AccelOne,Capital Federal,,,https://open.app.jobrapido.com/ar/1856651670570663936/?w=data%20scientist&l=&oc=sponsored&k=web.1.1.11&uuid=arF001a05bbf615b675d&page_item_id=1929690525,Data Scientist,jobrapido,2026-09-01T02:54:24.653130,,,,
1248778334918148096,Data Scientist,Grupo Petersen,Capital Federal,,,https://open.app.jobrapido.com/ar/1248778334918148096/?w=data%20scientist&l=&oc=sponsored&k=web.1.1.12&uuid=arF001a05bbf615b675d&page_item_id=-1873966362,Data Scientist,jobrapido,2026-09-01T02:54:24.653624,,,,
2948115337087811584,Data Scientist,ID90 Travel,Córdoba,,,https://open.app.jobrapido.com/ar/2948115337087811584/?w=data%20scientist&l=&oc=sponsored&k=web.1.1.13&uuid=arF001a05bbf615b675d&page_item_id=352046491,Data Scientist,jobrapido,2026-09-01T02:54:24.654116,,,,
8513175587173433344,"Senior Data Scientist, DTC",Levi Strauss & Co.,Puerto Santa Cruz,,,https://open.app.jobrapido.com/ar/8513175587173433344/?w=data%20scientist&l=&oc=sponsored&k=web.1.1.14&uuid=arF001a05bbf615b675d&page_item_id=-615601217,Data Scientist,jobrapido,2026-09-01T02:54:24.654608,,,,
4066642606149337088,Anuncios Google,Mondelēz International,Capital Federal,,,https://open.app.jobrapido.com/ar/4066642606149337088/?w=data%20scientist&l=&oc=sponsored&k=web.1.2.0&uuid=arF001a05bc0e1f16a2d&page_item_id=-1109974662,Data Scientist,jobrapido,2026-09-01T02:56:03.099083,,,,
3643698914311274496,Product Data Scientist,Marathon Talent,Capital Federal,,,https://open.app.jobrapido.com/ar/3643698914311274496/?w=data%20scientist&l=&oc=sponsored&k=web.1.2.1&uuid=arF001a05bc0e1f16a2d&page_item_id=-620773255,Data Scientist,jobrapido,2026-09-01T02:56:03.099649,,,,
1433614434344894464,ML DATA SCIENTIST,"Svitla Systems, Inc.",Remoto,,,https://open.app.jobrapido.com/ar/1433614434344894464/?w=data%20scientist&l=&oc=sponsored&k=web.1.2.2&uuid=arF001a05bc0e1f16a2d&page_item_id=-1544477908,Data Scientist,jobrapido,2026-09-01T02:56:03.100145,,,,
2664322881923579904,Data Scientist Sr,FYG | For Your Growth,Capital Federal,,,https://open.app.jobrapido.com/ar/2664322881923579904/?w=data%20scientist&l=&oc=sponsored&k=web.1.2.3&uuid=arF001a05bc0e1f16a2d&page_item_id=-6458771,Data Scientist,jobrapido,2026-09-01T02:56:03.100640,,,,
1322914504148779008,Senior Data Scientist – MMM ID71005,AgileEngine,Mendoza Capital,,,https://open.app.jobrapido.com/ar/1322914504148779008/?w=data%20scientist&l=&oc=sponsored&k=web.1.2.4&uuid=arF001a05bc0e1f16a2d&page_item_id=879384495,Data Scientist,jobrapido,2026-09-01T02:56:03.101130,,,,
881000027663630336,Data Scientist (LATAM),Startups BPO,Capital Federal,,,https://open.app.jobrapido.com/ar/881000027663630336/?w=data%20scientist&l=&oc=sponsored&k=web.1.2.5&uuid=arF001a05bc0e1f16a2d&page_item_id=-1870116805,Data Scientist,jobrapido,2026-09-01T02:56:03.101622,,,,
653747123279364096,Marketing Data Scientist,Zicasso,Remoto,,,https://open.app.jobrapido.com/ar/653747123279364096/?w=data%20scientist&l=&oc=sponsored&k=web.1.2.6&uuid=arF001a05bc0e1f16a2d&page_item_id=-1231902478,Data Scientist,jobrapido,2026-09-01T02:56:03.102107,,,,
4913435695348973568,"Manager, Clinical Data Scientist, Clinical Data Sciences","Pfizer, S.A. de C.V",Capital Federal,,,https://open.app.jobrapido.com/ar/4913435695348973568/?w=data%20scientist&l=&oc=sponsored&k=web.1.2.7&uuid=arF001a05bc0e1f16a2d&page_item_id=-1808202498,Data Scientist,jobrapido,2026-09-01T02:56:03.102598,,,,
675316638018437120,"Data Scientist Specialist — Hybrid, Forecasting Pro",Mondelēz International,Capital Federal,,,https://open.app.jobrapido.com/ar/675316638018437120/?w=data%20scientist&l=&oc=sponsored&k=web.1.2.8&uuid=arF001a05bc0e1f16a2d&page_item_id=-1511807307,Data Scientist,jobrapido,2026-09-01T02:56:03.103088,,,,
2151793628354183168,Senior Data Scientist: Cost Insights & Experimentation (1Y),Xometry,Rincón De Los Sauces,,,https://open.app.jobrapido.com/ar/2151793628354183168/?w=data%20scientist&l=&oc=sponsored&k=web.1.2.9&uuid=arF001a05bc0e1f16a2d&page_item_id=-1118954104,Data Scientist,jobrapido,2026-09-01T02:56:03.103585,,,,
6897366078184226816,Senior Data Scientist — Global ML & AI Lead,Levi Strauss & Co.,Puerto Santa Cruz,,,https://open.app.jobrapido.com/ar/6897366078184226816/?w=data%20scientist&l=&oc=sponsored&k=web.1.2.10&uuid=arF001a05bc0e1f16a2d&page_item_id=869855108,Data Scientist,jobrapido,2026-09-01T02:56:03.104080,,,,
3490597280262651904,Senior Data Scientist - Remote Growth & Impact Leader,AgileEngine,Mendoza Capital,,,https://open.app.jobrapido.com/ar/3490597280262651904/?w=data%20scientist&l=&oc=sponsored&k=web.1.2.11&uuid=arF001a05bc0e1f16a2d&page_item_id=-2017195597,Data Scientist,jobrapido,2026-09-01T02:56:03.104574,,,,
1290509199238758400,Remote Senior Data Scientist — Risk & Threat ML,Lato Jobs,Remoto,,,https://open.app.jobrapido.com/ar/1290509199238758400/?w=data%20scientist&l=&oc=sponsored&k=web.1.2.12&uuid=arF001a05bc0e1f16a2d&page_item_id=-31513467,Data Scientist,jobrapido,2026-09-01T02:56:03.105067,,,,
3150241256861335552,Remote Data Scientist: Travel Personalization & Insights,Zicasso,Remoto,,,https://open.app.jobrapido.com/ar/3150241256861335552/?w=data%20scientist&l=&oc=sponsored&k=web.1.2.13&uuid=arF001a05bc0e1f16a2d&page_item_id=-654110251,Data Scientist,jobrapido,2026-09-01T02:56:03.105562,,,,
8356604736241139712,Remote Data Scientist: NLP & Production Analytics,IV.AI,Remoto,,,https://open.app.jobrapido.com/ar/8356604736241139712/?w=data%20scientist&l=&oc=sponsored&k=web.1.2.14&uuid=arF001a05bc0e1f16a2d&page_item_id=-846074429,Data Scientist,jobrapido,2026-09-01T02:56:03.106047,,,,
1402334428046295040,Anuncios Google,"Pfizer, S.A. de C.V",Capital Federal,,,https://open.app.jobrapido.com/ar/1402334428046295040/?w=data%20scientist&l=&oc=sponsored&k=web.1.3.0&uuid=arF001a05bc26c236c97&page_item_id=-832839882,Data Scientist,jobrapido,2026-09-01T02:57:44.073929,,,,
5369469052186001408,"Senior Data Scientist New Buenos Aires, Argentina",Xometry,Capital Federal,,,https://open.app.jobrapido.com/ar/5369469052186001408/?w=data%20scientist&l=&oc=sponsored&k=web.1.3.1&uuid=arF001a05bc26c236c97&page_item_id=1315753762,Data Scientist,jobrapido,2026-09-01T02:57:44.074488,,,,
665187747924803584,Decision Scientist - Data & AI Implementation,Nivii,Capital Federal,,,https://open.app.jobrapido.com/ar/665187747924803584/?w=data%20scientist&l=&oc=sponsored&k=web.1.3.2&uuid=arF001a05bc26c236c97&page_item_id=901065339,Data Scientist,jobrapido,2026-09-01T02:57:44.074988,,,,
4396537480787001344,"Data Scientist, Applied AI - Remote",Azumo,Capital Federal,,,https://open.app.jobrapido.com/ar/4396537480787001344/?w=data%20scientist&l=&oc=sponsored&k=web.1.3.3&uuid=arF001a05bc26c236c97&page_item_id=1095525540,Data Scientist,jobrapido,2026-09-01T02:57:44.075479,,,,
7457032340129185792,Senior Data Scientist – MMM ID71005,AgileEngine,Municipalidad De San Miguel De Tucumán,,,https://open.app.jobrapido.com/ar/7457032340129185792/?w=data%20scientist&l=&oc=sponsored&k=web.1.3.4&uuid=arF001a05bc26c236c97&page_item_id=-1242566456,Data Scientist,jobrapido,2026-09-01T02:57:44.076100,,,,
3797132789850046464,"Senior Data Scientist - Remote, Flexible Hours, MMM & AI",AgileEngine,Municipalidad De San Miguel De Tucumán,,,https://open.app.jobrapido.com/ar/3797132789850046464/?w=data%20scientist&l=&oc=sponsored&k=web.1.3.5&uuid=arF001a05bc26c236c97&page_item_id=-1310133981,Data Scientist,jobrapido,2026-09-01T02:57:44.076628,,,,
1375720388318724096,Senior Data Scientist — 1-Year Contract (Pricing & Modeling),Xometry,Capital Federal,,,https://open.app.jobrapido.com/ar/1375720388318724096/?w=data%20scientist&l=&oc=sponsored&k=web.1.3.6&uuid=arF001a05bc26c236c97&page_item_id=767733522,Data Scientist,jobrapido,2026-09-01T02:57:44.077129,,,,
112108161925644288,"Senior Data Scientist Lead — Remote, AWS & ML Strategy",Coderio,Rincón De Los Sauces,,,https://open.app.jobrapido.com/ar/112108161925644288/?w=data%20scientist&l=&oc=sponsored&k=web.1.3.7&uuid=arF001a05bc26c236c97&page_item_id=-1221153929,Data Scientist,jobrapido,2026-09-01T02:57:44.077643,,,,
8975828794283655168,Data Scientist & SQL Architect - Digital Engineering,Quality Ai,Remoto,,,https://open.app.jobrapido.com/ar/8975828794283655168/?w=data%20scientist&l=&oc=sponsored&k=web.1.3.8&uuid=arF001a05bc26c236c97&page_item_id=2049157956,Data Scientist,jobrapido,2026-09-01T02:57:44.078144,,,,
4241528589201178624,Hybrid Data Scientist — Travel Tech & End-to-End ML,ID90 Travel,Córdoba Capital,,,https://open.app.jobrapido.com/ar/4241528589201178624/?w=data%20scientist&l=&oc=sponsored&k=web.1.3.9&uuid=arF001a05bc26c236c97&page_item_id=-854044247,Data Scientist,jobrapido,2026-09-01T02:57:44.078651,,,,
2670930654748737536,Remote Senior Data Scientist Lead - AWS ML & Strategy,Medium,Neuquén,,,https://open.app.jobrapido.com/ar/2670930654748737536/?w=data%20scientist&l=&oc=sponsored&k=web.1.3.10&uuid=arF001a05bc26c236c97&page_item_id=-273274728,Data Scientist,jobrapido,2026-09-01T02:57:44.079147,,,,
8388692883586154496,Staff Data Scientist: End-to-End ML for ROAS (Remote),Launch Potato,La Plata,,,https://open.app.jobrapido.com/ar/8388692883586154496/?w=data%20scientist&l=&oc=sponsored&k=web.1.3.11&uuid=arF001a05bc26c236c97&page_item_id=-1943481359,Data Scientist,jobrapido,2026-09-01T02:57:44.079659,,,,
8252492306624544768,"Senior Data Scientist, Cyber Risk & Threat Intelligence",Doist,Remoto,,,https://open.app.jobrapido.com/ar/8252492306624544768/?w=data%20scientist&l=&oc=sponsored&k=web.1.3.12&uuid=arF001a05bc26c236c97&page_item_id=1426768467,Data Scientist,jobrapido,2026-09-01T02:57:44.080157,,,,
577355512102780928,"Senior Data Scientist - Remote, High-Impact ML & Analytics",AgileEngine,Córdoba Capital,,,https://open.app.jobrapido.com/ar/577355512102780928/?w=data%20scientist&l=&oc=sponsored&k=web.1.3.13&uuid=arF001a05bc26c236c97&page_item_id=1176869215,Data Scientist,jobrapido,2026-09-01T02:57:44.080657,,,,
8569811035983183872,Senior Data Scientist: Churn & AI Content Tagging - Remote,OneSeven Tech (OST),Remoto,,,https://open.app.jobrapido.com/ar/8569811035983183872/?w=data%20scientist&l=&oc=sponsored&k=web.1.3.14&uuid=arF001a05bc26c236c97&page_item_id=2047243506,Data Scientist,jobrapido,2026-09-01T02:57:44.081155,,,,
2579407805068869632,Remote Senior AdTech Applied Scientist - ROAS & ML,Launch Potato,La Plata,,,https://open.app.jobrapido.com/ar/2579407805068869632/?w=data%20scientist&l=&oc=sponsored&k=web.1.4.0&uuid=arF001a05bc3f2ab6f45&page_item_id=259524122,Data Scientist,jobrapido,2026-09-01T02:59:24.037624,,,,
2353611186655723520,Remote Senior Medical Scientist – HIV/Infectious Disease,"Syneos Health, Inc.",Remoto,,,https://open.app.jobrapido.com/ar/2353611186655723520/?w=data%20scientist&l=&oc=sponsored&k=web.1.4.1&uuid=arF001a05bc3f2ab6f45&page_item_id=-1363033227,Data Scientist,jobrapido,2026-09-01T02:59:24.038182,,,,
3337754168885510144,"Remote Staff Applied Scientist, AdTech & ROAS Impact",Launch2,Capital Federal,,,https://open.app.jobrapido.com/ar/3337754168885510144/?w=data%20scientist&l=&oc=sponsored&k=web.1.4.2&uuid=arF001a05bc3f2ab6f45&page_item_id=783001742,Data Scientist,jobrapido,2026-09-01T02:59:24.038677,,,,
1485879719571226624,Senior Medical Scientist — 100% Remote,Syneos Health,Remoto,,,https://open.app.jobrapido.com/ar/1485879719571226624/?w=data%20scientist&l=&oc=sponsored&k=web.1.4.3&uuid=arF001a05bc3f2ab6f45&page_item_id=-784224467,Data Scientist,jobrapido,2026-09-01T02:59:24.039165,,,,
660874363809038336,Data Science Mentor & Live Instructor – Remote,TripleTen,Capital Federal,,,https://open.app.jobrapido.com/ar/660874363809038336/?w=data%20scientist&l=&oc=sponsored&k=web.1.4.4&uuid=arF001a05bc3f2ab6f45&page_item_id=-2019660457,Data Scientist,jobrapido,2026-09-01T02:59:24.039654,,,,
6085701784196612096,Remote ML Research Scientist - Medical Imaging AI,Jobgether,Remoto,,,https://open.app.jobrapido.com/ar/6085701784196612096/?w=data%20scientist&l=&oc=sponsored&k=web.1.4.5&uuid=arF001a05bc3f2ab6f45&page_item_id=357977013,Data Scientist,jobrapido,2026-09-01T02:59:24.040135,,,,
7610544315353268224,Principal NLP Scientist,Sourceability,Esquel,,,https://open.app.jobrapido.com/ar/7610544315353268224/?w=data%20scientist&l=&oc=sponsored&k=web.1.4.6&uuid=arF001a05bc3f2ab6f45&page_item_id=925966075,Data Scientist,jobrapido,2026-09-01T02:59:24.040617,,,,
3654846725266341888,SR Marketing Operations IRC301285,GlobalLogic,Capital Federal,,,https://open.app.jobrapido.com/ar/3654846725266341888/?w=data%20scientist&l=&oc=sponsored&k=web.1.4.7&uuid=arF001a05bc3f2ab6f45&page_item_id=737969573,Data Scientist,jobrapido,2026-09-01T02:59:24.041093,,,,
6361642042711343104,Senior Data Scientist — End-to-End AI/ML Solution Architect,"Solvd, Inc.",Argentina,,,https://open.app.jobrapido.com/ar/6361642042711343104/?w=data%20scientist&l=&oc=sponsored&k=web.1.4.8&uuid=arF001a05bc3f2ab6f45&page_item_id=-975638044,Data Scientist,jobrapido,2026-09-01T02:59:24.041579,,,,
101655603096584192,Senior Analytics & ML Product Lead,MissionHires,Remoto,,,https://open.app.jobrapido.com/ar/101655603096584192/?w=data%20scientist&l=&oc=sponsored&k=web.1.4.9&uuid=arF001a05bc3f2ab6f45&page_item_id=-2069226743,Data Scientist,jobrapido,2026-09-01T02:59:24.042057,,,,
2604649482486284288,Remote Senior Medical Scientist - HIV/Infectious Disease,"Syneos Health, Inc.",Remoto,,,https://open.app.jobrapido.com/ar/2604649482486284288/?w=data%20scientist&l=&oc=sponsored&k=web.1.4.10&uuid=arF001a05bc3f2ab6f45&page_item_id=1132813029,Data Scientist,jobrapido,2026-09-01T02:59:24.042537,,,,
6537084309927362560,Machine Learning Specialist,Pacifica Continental,Capital Federal,,,https://open.app.jobrapido.com/ar/6537084309927362560/?w=data%20scientist&l=&oc=sponsored&k=web.1.4.11&uuid=arF001a05bc3f2ab6f45&page_item_id=1616864984,Data Scientist,jobrapido,2026-09-01T02:59:24.043013,,,,
5094196506466975744,SR Marketing Operations IRC301285,GlobalLogic,Remoto,,,https://open.app.jobrapido.com/ar/5094196506466975744/?w=data%20scientist&l=&oc=sponsored&k=web.1.4.12&uuid=arF001a05bc3f2ab6f45&page_item_id=-1479417612,Data Scientist,jobrapido,2026-09-01T02:59:24.043490,,,,
8453928746708107264,Data Science (Python IA),MindIT HR Agency,Capital Federal,,,https://open.app.jobrapido.com/ar/8453928746708107264/?w=data%20scientist&l=&oc=sponsored&k=web.1.4.13&uuid=arF001a05bc3f2ab6f45&page_item_id=575428120,Data Scientist,jobrapido,2026-09-01T02:59:24.043972,,,,
5705867538101960704,Data Science Teaching Experts,TripleTen,Capital Federal,,,https://open.app.jobrapido.com/ar/5705867538101960704/?w=data%20scientist&l=&oc=sponsored&k=web.1.4.14&uuid=arF001a05bc3f2ab6f45&page_item_id=412749156,Data Scientist,jobrapido,2026-09-01T02:59:24.044447,,,,
9127238760973467648,AI Engineer – Azure AI Foundry / LangGraph / RAG (Híbrido),Talent Connect,Capital Federal,,,https://open.app.jobrapido.com/ar/9127238760973467648/?w=data%20scientist&l=&oc=sponsored&k=web.1.4.15&uuid=arF001a05bc3f2ab6f45&page_item_id=-1023765391,Data Scientist,jobrapido,2026-09-01T02:59:24.044932,,,,
3017932349766631424,Decision Scientist,CRNCY Group,Remoto,,,https://open.app.jobrapido.com/ar/3017932349766631424/?w=data%20scientist&l=&oc=sponsored&k=web.1.4.16&uuid=arF001a05bc3f2ab6f45&page_item_id=-1221365138,Data Scientist,jobrapido,2026-09-01T02:59:24.045408,,,,
7449683427747430400,Data Scientist,Practia Global,Capital Federal,,,https://open.app.jobrapido.com/ar/7449683427747430400/?w=data%20scientist&l=&oc=sponsored&k=web.1.4.17&uuid=arF001a05bc3f2ab6f45&page_item_id=-693755431,Data Scientist,jobrapido,2026-09-01T02:59:24.045887,,,,
361686804530724864,Data Scientist,Nosis,Esquel,,,https://open.app.jobrapido.com/ar/361686804530724864/?w=data%20scientist&l=&oc=sponsored&k=web.1.4.18&uuid=arF001a05bc3f2ab6f45&page_item_id=851420241,Data Scientist,jobrapido,2026-09-01T02:59:24.046361,,,,
3073034237553672192,Data Scientist,Cashea,Capital Federal,,,https://open.app.jobrapido.com/ar/3073034237553672192/?w=data%20scientist&l=&oc=sponsored&k=web.1.4.19&uuid=arF001a05bc3f2ab6f45&page_item_id=615935983,Data Scientist,jobrapido,2026-09-01T02:59:24.046841,,,,
2269874116251090944,Senior Data Scientist,SecurityScorecard,Córdoba,,,https://open.app.jobrapido.com/ar/2269874116251090944/?w=data%20scientist&l=&oc=sponsored&k=web.1.5.0&uuid=arF001a05bc5d103725c&page_item_id=1048817102,Data Scientist,jobrapido,2026-09-01T03:01:28.820118,,,,
1813470138096156672,Senior Data Scientist,SecurityScorecard,Capital Federal,,,https://open.app.jobrapido.com/ar/1813470138096156672/?w=data%20scientist&l=&oc=sponsored&k=web.1.5.1&uuid=arF001a05bc5d103725c&page_item_id=-438673180,Data Scientist,jobrapido,2026-09-01T03:01:28.820673,,,,
7217463376505470976,Senior Data Scientist ID71658,AgileEngine,Santiago Del Estero,,,https://open.app.jobrapido.com/ar/7217463376505470976/?w=data%20scientist&l=&oc=sponsored&k=web.1.5.2&uuid=arF001a05bc5d103725c&page_item_id=-1670930517,Data Scientist,jobrapido,2026-09-01T03:01:28.821156,,,,
6416315224042766336,Senior Data Scientist ID71658,AgileEngine,Mendoza,,,https://open.app.jobrapido.com/ar/6416315224042766336/?w=data%20scientist&l=&oc=sponsored&k=web.1.5.3&uuid=arF001a05bc5d103725c&page_item_id=-1679810950,Data Scientist,jobrapido,2026-09-01T03:01:28.821644,,,,
6352772248050335744,Senior Data Scientist ID71658,AgileEngine,Capital Federal,,,https://open.app.jobrapido.com/ar/6352772248050335744/?w=data%20scientist&l=&oc=sponsored&k=web.1.5.4&uuid=arF001a05bc5d103725c&page_item_id=-598702073,Data Scientist,jobrapido,2026-09-01T03:01:28.822126,,,,
3536180798967250944,Senior Data Scientist ID71658,AgileEngine,Córdoba,,,https://open.app.jobrapido.com/ar/3536180798967250944/?w=data%20scientist&l=&oc=sponsored&k=web.1.5.5&uuid=arF001a05bc5d103725c&page_item_id=622998871,Data Scientist,jobrapido,2026-09-01T03:01:28.822610,,,,
1932418845042016256,Senior Data Scientist ID71658,AgileEngine,Municipalidad De San Miguel De Tucumán,,,https://open.app.jobrapido.com/ar/1932418845042016256/?w=data%20scientist&l=&oc=sponsored&k=web.1.5.6&uuid=arF001a05bc5d103725c&page_item_id=391599294,Data Scientist,jobrapido,2026-09-01T03:01:28.823090,,,,
414276961083326464,Senior Data Scientist ID71658,AgileEngine,Mar Del Plata,,,https://open.app.jobrapido.com/ar/414276961083326464/?w=data%20scientist&l=&oc=sponsored&k=web.1.5.7&uuid=arF001a05bc5d103725c&page_item_id=1116846235,Data Scientist,jobrapido,2026-09-01T03:01:28.823577,,,,
37663442244468736,Senior Data Scientist ID71658,AgileEngine,San Carlos De Bariloche,,,https://open.app.jobrapido.com/ar/37663442244468736/?w=data%20scientist&l=&oc=sponsored&k=web.1.5.8&uuid=arF001a05bc5d103725c&page_item_id=-486103481,Data Scientist,jobrapido,2026-09-01T03:01:28.824057,,,,
6446858145233895424,Senior Data Scientist ID71658,Morgan Stanley,San Carlos De Bariloche,,,https://open.app.jobrapido.com/ar/6446858145233895424/?w=data%20scientist&l=&oc=sponsored&k=web.1.5.9&uuid=arF001a05bc5d103725c&page_item_id=520755771,Data Scientist,jobrapido,2026-09-01T03:01:28.824542,,,,
6305100310087991296,Senior Data Scientist ID71658,Morgan Stanley,Córdoba,,,https://open.app.jobrapido.com/ar/6305100310087991296/?w=data%20scientist&l=&oc=sponsored&k=web.1.5.10&uuid=arF001a05bc5d103725c&page_item_id=-1419007071,Data Scientist,jobrapido,2026-09-01T03:01:28.825022,,,,
5098269200615473152,Senior Data Scientist ID71658,Morgan Stanley,Mendoza,,,https://open.app.jobrapido.com/ar/5098269200615473152/?w=data%20scientist&l=&oc=sponsored&k=web.1.5.11&uuid=arF001a05bc5d103725c&page_item_id=83026069,Data Scientist,jobrapido,2026-09-01T03:01:28.825500,,,,
4832790468821516288,Senior Data Scientist ID71658,Morgan Stanley,Capital Federal,,,https://open.app.jobrapido.com/ar/4832790468821516288/?w=data%20scientist&l=&oc=sponsored&k=web.1.5.12&uuid=arF001a05bc5d103725c&page_item_id=1677837995,Data Scientist,jobrapido,2026-09-01T03:01:28.825983,,,,
3960132279111516160,Senior Data Scientist ID71658,Morgan Stanley,Municipalidad De San Miguel De Tucumán,,,https://open.app.jobrapido.com/ar/3960132279111516160/?w=data%20scientist&l=&oc=sponsored&k=web.1.5.13&uuid=arF001a05bc5d103725c&page_item_id=367817049,Data Scientist,jobrapido,2026-09-01T03:01:28.826463,,,,
1203960093486350336,Senior Data Scientist ID71658,Morgan Stanley,Santiago Del Estero,,,https://open.app.jobrapido.com/ar/1203960093486350336/?w=data%20scientist&l=&oc=sponsored&k=web.1.5.14&uuid=arF001a05bc5d103725c&page_item_id=1733160635,Data Scientist,jobrapido,2026-09-01T03:01:28.826946,,,,
1160293538945040384,Senior Data Scientist ID71658,Morgan Stanley,Mar Del Plata,,,https://open.app.jobrapido.com/ar/1160293538945040384/?w=data%20scientist&l=&oc=sponsored&k=web.1.5.15&uuid=arF001a05bc5d103725c&page_item_id=-338751944,Data Scientist,jobrapido,2026-09-01T03:01:28.827425,,,,
6446007982227456000,Data Scientist (Arg),Lovelytics,Capital Federal,,,https://open.app.jobrapido.com/ar/6446007982227456000/?w=data%20scientist&l=&oc=sponsored&k=web.1.5.16&uuid=arF001a05bc5d103725c&page_item_id=472182704,Data Scientist,jobrapido,2026-09-01T03:01:28.827904,,,,
3609779599069675520,Ssr. Data Scientist,Monks,Capital Federal,,,https://open.app.jobrapido.com/ar/3609779599069675520/?w=data%20scientist&l=&oc=sponsored&k=web.1.5.17&uuid=arF001a05bc5d103725c&page_item_id=-1672880522,Data Scientist,jobrapido,2026-09-01T03:01:28.828382,,,,
8227881267845136384,Senior Data Scientist ID80052,AgileEngine,Mar Del Plata,,,https://open.app.jobrapido.com/ar/8227881267845136384/?w=data%20scientist&l=&oc=sponsored&k=web.1.5.18&uuid=arF001a05bc5d103725c&page_item_id=460280621,Data Scientist,jobrapido,2026-09-01T03:01:28.828865,,,,
7916543555324084224,Senior Data Scientist ID80052,AgileEngine,Mendoza,,,https://open.app.jobrapido.com/ar/7916543555324084224/?w=data%20scientist&l=&oc=sponsored&k=web.1.5.19&uuid=arF001a05bc5d103725c&page_item_id=-1376285700,Data Scientist,jobrapido,2026-09-01T03:01:28.829341,,,,
5084718716235546624,Inventory Analyst I,Advanced Energy Management Limited,Rosario,,,https://open.app.jobrapido.com/ar/5084718716235546624/?w=data%20analyst&l=&oc=sponsored&k=web.1.1.0&uuid=arF001a05bc7f26a7624&page_item_id=-941275789,Data Analyst,jobrapido,2026-09-01T03:03:46.464551,,,,
7591358576182951936,Senior Business Analyst ID85837,AgileEngine,Rosario,,,https://open.app.jobrapido.com/ar/7591358576182951936/?w=data%20analyst&l=&oc=sponsored&k=web.1.1.1&uuid=arF001a05bc7f26a7624&page_item_id=-1679945613,Data Analyst,jobrapido,2026-09-01T03:03:46.465201,,,,
561779229088284672,Ssr. Accounting Analyst | SAP S/4HANA Project,Coderio,Rosario,,,https://open.app.jobrapido.com/ar/561779229088284672/?w=data%20analyst&l=&oc=sponsored&k=web.1.1.2&uuid=arF001a05bc7f26a7624&page_item_id=1112340680,Data Analyst,jobrapido,2026-09-01T03:03:46.465716,,,,
2377517472841465856,"Senior Business Analyst - Insurance, Claims, Spanish Speaker (Fully Remote)",CoverGo,Rosario,,,https://open.app.jobrapido.com/ar/2377517472841465856/?w=data%20analyst&l=&oc=sponsored&k=web.1.1.3&uuid=arF001a05bc7f26a7624&page_item_id=1233257169,Data Analyst,jobrapido,2026-09-01T03:03:46.466211,,,,
8874994283707367424,Senior Data Analyst ID80370,AgileEngine,Rosario,,,https://open.app.jobrapido.com/ar/8874994283707367424/?w=data%20analyst&l=&oc=sponsored&k=web.1.1.4&uuid=arF001a05bc7f26a7624&page_item_id=226490122,Data Analyst,jobrapido,2026-09-01T03:03:46.466703,,,,
886547063825760256,Data Analyst - Semi Senior,PwC,Rosario,,,https://open.app.jobrapido.com/ar/886547063825760256/?w=data%20analyst&l=&oc=sponsored&k=web.1.1.5&uuid=arF001a05bc7f26a7624&page_item_id=998598711,Data Analyst,jobrapido,2026-09-01T03:03:46.467189,,,,
5505237795955802112,Senior Credit Retail Analyst - Data-Driven Risk & Insights,TSB Bank,Rosario,,,https://open.app.jobrapido.com/ar/5505237795955802112/?w=data%20analyst&l=&oc=sponsored&k=web.1.1.6&uuid=arF001a05bc7f26a7624&page_item_id=-1580082729,Data Analyst,jobrapido,2026-09-01T03:03:46.467682,,,,
6980965572196433920,Senior Business Analyst ID77078,AgileEngine,Rosario,,,https://open.app.jobrapido.com/ar/6980965572196433920/?w=data%20analyst&l=&oc=sponsored&k=web.1.1.7&uuid=arF001a05bc7f26a7624&page_item_id=-631682580,Data Analyst,jobrapido,2026-09-01T03:03:46.468167,,,,
3677629482367188992,Data Analyst,Vintti,Capital Federal,,,https://open.app.jobrapido.com/ar/3677629482367188992/?w=data%20analyst&l=&oc=sponsored&k=web.1.1.8&uuid=arF001a05bc7f26a7624&page_item_id=-1070220540,Data Analyst,jobrapido,2026-09-01T03:03:46.468655,,,,
2046842443164286976,Data Analyst,Fusemachines,Capital Federal,,,https://open.app.jobrapido.com/ar/2046842443164286976/?w=data%20analyst&l=&oc=sponsored&k=web.1.1.9&uuid=arF001a05bc7f26a7624&page_item_id=743719022,Data Analyst,jobrapido,2026-09-01T03:03:46.469140,,,,
1365118553606324224,Strategic Data & Projects Analyst,Contactica,Capital Federal,,,https://open.app.jobrapido.com/ar/1365118553606324224/?w=data%20analyst&l=&oc=sponsored&k=web.1.1.10&uuid=arF001a05bc7f26a7624&page_item_id=-1322853893,Data Analyst,jobrapido,2026-09-01T03:03:46.469633,,,,
378997360979607552,Strategic Data & Projects Analyst,Contáctica,Capital Federal,,,https://open.app.jobrapido.com/ar/378997360979607552/?w=data%20analyst&l=&oc=sponsored&k=web.1.1.11&uuid=arF001a05bc7f26a7624&page_item_id=-1635166525,Data Analyst,jobrapido,2026-09-01T03:03:46.470117,,,,
6277780091837612032,Infrastructure Data & Analytics Analyst,JPMorganChase,Capital Federal,,,https://open.app.jobrapido.com/ar/6277780091837612032/?w=data%20analyst&l=&oc=sponsored&k=web.1.1.12&uuid=arF001a05bc7f26a7624&page_item_id=-1671123456,Data Analyst,jobrapido,2026-09-01T03:03:46.470609,,,,
6588634414379433984,Data analyst,AnnexBox,Corrientes,,,https://open.app.jobrapido.com/ar/6588634414379433984/?w=data%20analyst&l=&oc=sponsored&k=web.1.1.13&uuid=arF001a05bc7f26a7624&page_item_id=401763080,Data Analyst,jobrapido,2026-09-01T03:03:46.471093,,,,
5279872323539697664,Data analyst,AnnexBox,Córdoba,,,https://open.app.jobrapido.com/ar/5279872323539697664/?w=data%20analyst&l=&oc=sponsored&k=web.1.1.14&uuid=arF001a05bc7f26a7624&page_item_id=2086276927,Data Analyst,jobrapido,2026-09-01T03:03:46.471588,,,,
4841471697238360064,Data analyst,AnnexBox,Capital Federal,,,https://open.app.jobrapido.com/ar/4841471697238360064/?w=data%20analyst&l=&oc=sponsored&k=web.1.1.15&uuid=arF001a05bc7f26a7624&page_item_id=737063422,Data Analyst,jobrapido,2026-09-01T03:03:46.472071,,,,
5022526593357053952,Data analyst,AnnexBox,Posadas,,,https://open.app.jobrapido.com/ar/5022526593357053952/?w=data%20analyst&l=&oc=sponsored&k=web.1.1.16&uuid=arF001a05bc7f26a7624&page_item_id=332702506,Data Analyst,jobrapido,2026-09-01T03:03:46.472572,,,,
1262614176925220864,Data Analyst Excel - Remote,YO IT Consulting,Remoto,,,https://open.app.jobrapido.com/ar/1262614176925220864/?w=data%20analyst&l=&oc=sponsored&k=web.1.1.17&uuid=arF001a05bc7f26a7624&page_item_id=-224304497,Data Analyst,jobrapido,2026-09-01T03:03:46.473061,,,,
7545525794756362240,Senior Data Governance Analyst,Blend,Esquel,,,https://open.app.jobrapido.com/ar/7545525794756362240/?w=data%20analyst&l=&oc=sponsored&k=web.1.1.18&uuid=arF001a05bc7f26a7624&page_item_id=1791326432,Data Analyst,jobrapido,2026-09-01T03:03:46.473552,,,,
4679884427583553536,Data Analyst / Data Engineer,Pavago,Remoto,,,https://open.app.jobrapido.com/ar/4679884427583553536/?w=data%20analyst&l=&oc=sponsored&k=web.1.1.19&uuid=arF001a05bc7f26a7624&page_item_id=2095588210,Data Analyst,jobrapido,2026-09-01T03:03:46.474037,,,,
6090159427673915392,Campaign Data Analyst,Blend,Capital Federal,,,https://open.app.jobrapido.com/ar/6090159427673915392/?w=data%20analyst&l=&oc=sponsored&k=web.1.2.0&uuid=arF001a05bca156279b4&page_item_id=-677874471,Data Analyst,jobrapido,2026-09-01T03:06:06.053840,,,,
7576767318147989504,Sr. Data Analyst,PwC,Vicente López,,,https://open.app.jobrapido.com/ar/7576767318147989504/?w=data%20analyst&l=&oc=sponsored&k=web.1.2.1&uuid=arF001a05bca156279b4&page_item_id=1998816428,Data Analyst,jobrapido,2026-09-01T03:06:06.054390,,,,
3255108673009090560,"Business, Data & Projects Analyst",Contáctica,Capital Federal,,,https://open.app.jobrapido.com/ar/3255108673009090560/?w=data%20analyst&l=&oc=sponsored&k=web.1.2.2&uuid=arF001a05bca156279b4&page_item_id=604030216,Data Analyst,jobrapido,2026-09-01T03:06:06.054882,,,,
7782323404962529280,"Business, Data & Projects Analyst",Contactica,Capital Federal,,,https://open.app.jobrapido.com/ar/7782323404962529280/?w=data%20analyst&l=&oc=sponsored&k=web.1.2.3&uuid=arF001a05bca156279b4&page_item_id=-709567016,Data Analyst,jobrapido,2026-09-01T03:06:06.055365,,,,
2679129163201249280,Targeting & Alignment Data Analyst II,Syneos Health Commercial Solutions,Capital Federal,,,https://open.app.jobrapido.com/ar/2679129163201249280/?w=data%20analyst&l=&oc=sponsored&k=web.1.2.4&uuid=arF001a05bca156279b4&page_item_id=948052504,Data Analyst,jobrapido,2026-09-01T03:06:06.055861,,,,
6292396999417266176,Remote Eligibility & Accumulator Data Analyst,"Svitla Systems, Inc.",Remoto,,,https://open.app.jobrapido.com/ar/6292396999417266176/?w=data%20analyst&l=&oc=sponsored&k=web.1.2.5&uuid=arF001a05bca156279b4&page_item_id=-832764915,Data Analyst,jobrapido,2026-09-01T03:06:06.056341,,,,
4933666709300051968,Clinical Data & Reporting Operations Analyst,Syneos Health,Capital Federal,,,https://open.app.jobrapido.com/ar/4933666709300051968/?w=data%20analyst&l=&oc=sponsored&k=web.1.2.6&uuid=arF001a05bca156279b4&page_item_id=-1985379634,Data Analyst,jobrapido,2026-09-01T03:06:06.056845,,,,
2554983253769453568,Cyber Resilience Data Analyst (Hybrid),Syneos Health,Capital Federal,,,https://open.app.jobrapido.com/ar/2554983253769453568/?w=data%20analyst&l=&oc=sponsored&k=web.1.2.7&uuid=arF001a05bca156279b4&page_item_id=1935184349,Data Analyst,jobrapido,2026-09-01T03:06:06.057327,,,,
6117506944736428032,"Data Analyst II, Targeting & Alignment",Syneos Health Commercial Solutions,Capital Federal,,,https://open.app.jobrapido.com/ar/6117506944736428032/?w=data%20analyst&l=&oc=sponsored&k=web.1.2.8&uuid=arF001a05bca156279b4&page_item_id=-1570814728,Data Analyst,jobrapido,2026-09-01T03:06:06.057812,,,,
3429796486269894656,"Aquiva, Argentina - Salesforce Data Analyst","Aquiva Labs, Inc.",Capital Federal,,,https://open.app.jobrapido.com/ar/3429796486269894656/?w=data%20analyst&l=&oc=sponsored&k=web.1.2.9&uuid=arF001a05bca156279b4&page_item_id=546741857,Data Analyst,jobrapido,2026-09-01T03:06:06.058292,,,,
1155337936959438848,Data and Reporting Analyst Jr,Minders,Capital Federal,,,https://open.app.jobrapido.com/ar/1155337936959438848/?w=data%20analyst&l=&oc=sponsored&k=web.1.2.10&uuid=arF001a05bca156279b4&page_item_id=-1895802418,Data Analyst,jobrapido,2026-09-01T03:06:06.058773,,,,
5753656093016326144,Data and Reporting Analyst Jr,Minders,Esquel,,,https://open.app.jobrapido.com/ar/5753656093016326144/?w=data%20analyst&l=&oc=sponsored&k=web.1.2.11&uuid=arF001a05bca156279b4&page_item_id=458306338,Data Analyst,jobrapido,2026-09-01T03:06:06.059249,,,,
6064140034758410240,Data Analyst - Open application,3M HEALTHCARE,Remoto,,,https://open.app.jobrapido.com/ar/6064140034758410240/?w=data%20analyst&l=&oc=sponsored&k=web.1.2.12&uuid=arF001a05bca156279b4&page_item_id=828298569,Data Analyst,jobrapido,2026-09-01T03:06:06.059730,,,,
6351332248595202048,"Remote Data Quality Analyst – SQL, Python & Observability","FirstPoint, Inc.",Remoto,,,https://open.app.jobrapido.com/ar/6351332248595202048/?w=data%20analyst&l=&oc=sponsored&k=web.1.2.13&uuid=arF001a05bca156279b4&page_item_id=1397477877,Data Analyst,jobrapido,2026-09-01T03:06:06.060214,,,,
9095476550106611712,Senior Salesforce Data Cloud Analyst (Remote),AgileEngine,Rincón De Los Sauces,,,https://open.app.jobrapido.com/ar/9095476550106611712/?w=data%20analyst&l=&oc=sponsored&k=web.1.2.14&uuid=arF001a05bca156279b4&page_item_id=-1236347731,Data Analyst,jobrapido,2026-09-01T03:06:06.060702,,,,
6177466337456029696,Senior Performance Data Analyst,Betwarrior,Capital Federal,,,https://open.app.jobrapido.com/ar/6177466337456029696/?w=data%20analyst&l=&oc=sponsored&k=web.1.2.15&uuid=arF001a05bca156279b4&page_item_id=-208215837,Data Analyst,jobrapido,2026-09-01T03:06:06.061185,,,,
2967479334580781056,Data Analyst (Talent pool),Lago,Remoto,,,https://open.app.jobrapido.com/ar/2967479334580781056/?w=data%20analyst&l=&oc=sponsored&k=web.1.2.16&uuid=arF001a05bca156279b4&page_item_id=1432724324,Data Analyst,jobrapido,2026-09-01T03:06:06.061704,,,,
8753527884112461824,Data Analyst Ssr,GMA Consultores,Capital Federal,,,https://open.app.jobrapido.com/ar/8753527884112461824/?w=data%20analyst&l=&oc=sponsored&k=web.1.2.17&uuid=arF001a05bca156279b4&page_item_id=1627078986,Data Analyst,jobrapido,2026-09-01T03:06:06.062185,,,,
6377084683523457024,Senior Data & Reporting Analyst,GMA Consultores,Capital Federal,,,https://open.app.jobrapido.com/ar/6377084683523457024/?w=data%20analyst&l=&oc=sponsored&k=web.1.2.18&uuid=arF001a05bca156279b4&page_item_id=-1475721723,Data Analyst,jobrapido,2026-09-01T03:06:06.062669,,,,
7602978764821102592,Hybrid Data Analyst: AI-Driven Insights & Quality,"AppDirect, Inc",Capital Federal,,,https://open.app.jobrapido.com/ar/7602978764821102592/?w=data%20analyst&l=&oc=sponsored&k=web.1.2.19&uuid=arF001a05bca156279b4&page_item_id=1110782085,Data Analyst,jobrapido,2026-09-01T03:06:06.063150,,,,
7447980060897705984,AI Data Security & DLP Analyst (Remote),Alignerr,Rincón De Los Sauces,,,https://open.app.jobrapido.com/ar/7447980060897705984/?w=data%20analyst&l=&oc=sponsored&k=web.1.3.0&uuid=arF001a05bcc09d97e28&page_item_id=68219205,Data Analyst,jobrapido,2026-09-01T03:08:14.507222,,,,
1690292125314318336,"Remote Senior Data Analyst — BI, Snowflake & Visualization",North Eastern Services,Capital Federal,,,https://open.app.jobrapido.com/ar/1690292125314318336/?w=data%20analyst&l=&oc=sponsored&k=web.1.3.1&uuid=arF001a05bcc09d97e28&page_item_id=-106113162,Data Analyst,jobrapido,2026-09-01T03:08:14.507788,,,,
7223071813520064512,Data Quality Assurance Analyst,Assurant,Capital Federal,,,https://open.app.jobrapido.com/ar/7223071813520064512/?w=data%20analyst&l=&oc=sponsored&k=web.1.3.2&uuid=arF001a05bcc09d97e28&page_item_id=-848497962,Data Analyst,jobrapido,2026-09-01T03:08:14.508276,,,,
7820808321979383808,Senior Salesforce Data Cloud Analyst — Marketing Data Flows,AgileEngine,Mendoza Capital,,,https://open.app.jobrapido.com/ar/7820808321979383808/?w=data%20analyst&l=&oc=sponsored&k=web.1.3.3&uuid=arF001a05bcc09d97e28&page_item_id=1490242102,Data Analyst,jobrapido,2026-09-01T03:08:14.508769,,,,
8780072843586043904,Salesforce Data Cloud Business Analyst — Remote,AgileEngine,Municipalidad De San Miguel De Tucumán,,,https://open.app.jobrapido.com/ar/8780072843586043904/?w=data%20analyst&l=&oc=sponsored&k=web.1.3.4&uuid=arF001a05bcc09d97e28&page_item_id=1274414287,Data Analyst,jobrapido,2026-09-01T03:08:14.509258,,,,
4278650300778151936,Senior Data Analyst - Education Growth & AI Insights,Brightwheel,Remoto,,,https://open.app.jobrapido.com/ar/4278650300778151936/?w=data%20analyst&l=&oc=sponsored&k=web.1.3.5&uuid=arF001a05bcc09d97e28&page_item_id=-438874308,Data Analyst,jobrapido,2026-09-01T03:08:14.509748,,,,
2833317252177068032,"Remote Data Migration Analyst - SQL, Python, ETL",Vintti,Capital Federal,,,https://open.app.jobrapido.com/ar/2833317252177068032/?w=data%20analyst&l=&oc=sponsored&k=web.1.3.6&uuid=arF001a05bcc09d97e28&page_item_id=493419298,Data Analyst,jobrapido,2026-09-01T03:08:14.510230,,,,
4516582366466015232,Senior AI-Driven Data Governance Analyst,Blend,Esquel,,,https://open.app.jobrapido.com/ar/4516582366466015232/?w=data%20analyst&l=&oc=sponsored&k=web.1.3.7&uuid=arF001a05bcc09d97e28&page_item_id=-515591502,Data Analyst,jobrapido,2026-09-01T03:08:14.510716,,,,
3180279914532175872,"Campaign Data Analyst: SQL, ETL & Validation",Blend,Capital Federal,,,https://open.app.jobrapido.com/ar/3180279914532175872/?w=data%20analyst&l=&oc=sponsored&k=web.1.3.8&uuid=arF001a05bcc09d97e28&page_item_id=-852033095,Data Analyst,jobrapido,2026-09-01T03:08:14.511194,,,,
2986415037934993408,Global SCM Data Analyst: Procurement & Analytics,Chevron,Esquel,,,https://open.app.jobrapido.com/ar/2986415037934993408/?w=data%20analyst&l=&oc=sponsored&k=web.1.3.9&uuid=arF001a05bcc09d97e28&page_item_id=1206900908,Data Analyst,jobrapido,2026-09-01T03:08:14.511680,,,,
8426102323612221440,Financial & Data Analyst,Pavago,Remoto,,,https://open.app.jobrapido.com/ar/8426102323612221440/?w=data%20analyst&l=&oc=sponsored&k=web.1.3.10&uuid=arF001a05bcc09d97e28&page_item_id=-1550116254,Data Analyst,jobrapido,2026-09-01T03:08:14.512160,,,,
9149930962983845888,Remote Data Analyst — Product & Customer Analytics,Oowlish,Esquel,,,https://open.app.jobrapido.com/ar/9149930962983845888/?w=data%20analyst&l=&oc=sponsored&k=web.1.3.11&uuid=arF001a05bcc09d97e28&page_item_id=-8551172,Data Analyst,jobrapido,2026-09-01T03:08:14.512644,,,,
6768652660011696128,Remote CRO Data and Integration Business Analyst,Bertoni Solutions,Capital Federal,,,https://open.app.jobrapido.com/ar/6768652660011696128/?w=data%20analyst&l=&oc=sponsored&k=web.1.3.12&uuid=arF001a05bcc09d97e28&page_item_id=-1208248527,Data Analyst,jobrapido,2026-09-01T03:08:14.513127,,,,
4390754255783329792,Senior Salesforce Data Cloud Analyst (Remote),AgileEngine,Mar Del Plata,,,https://open.app.jobrapido.com/ar/4390754255783329792/?w=data%20analyst&l=&oc=sponsored&k=web.1.3.13&uuid=arF001a05bcc09d97e28&page_item_id=-1022905702,Data Analyst,jobrapido,2026-09-01T03:08:14.513613,,,,
3141715557800214528,"Senior Data Analyst, B2B — Remote Growth & Insights",Cookunity,Remoto,,,https://open.app.jobrapido.com/ar/3141715557800214528/?w=data%20analyst&l=&oc=sponsored&k=web.1.3.14&uuid=arF001a05bcc09d97e28&page_item_id=-527822947,Data Analyst,jobrapido,2026-09-01T03:08:14.514096,,,,
8344351778661203968,Junior Data & Reporting Analyst (Part-Time) — Hybrid,Minders,Esquel,,,https://open.app.jobrapido.com/ar/8344351778661203968/?w=data%20analyst&l=&oc=sponsored&k=web.1.3.15&uuid=arF001a05bcc09d97e28&page_item_id=1258356600,Data Analyst,jobrapido,2026-09-01T03:08:14.514621,,,,
3908991880179744768,SCM Data Analytics Analyst – Procurement & Supply Chain,Chevron Corporation,Capital Federal (Puerto Madero),,,https://open.app.jobrapido.com/ar/3908991880179744768/?w=data%20analyst&l=&oc=sponsored&k=web.1.3.16&uuid=arF001a05bcc09d97e28&page_item_id=-2064938141,Data Analyst,jobrapido,2026-09-01T03:08:14.515111,,,,
8219227355420295168,Senior Data Analyst - Enterprise Risk & Insights,PwC,Vicente López,,,https://open.app.jobrapido.com/ar/8219227355420295168/?w=data%20analyst&l=&oc=sponsored&k=web.1.3.17&uuid=arF001a05bcc09d97e28&page_item_id=-407036556,Data Analyst,jobrapido,2026-09-01T03:08:14.515602,,,,
4544204074240704512,Accounting Analyst: Data-Driven Finance & Dashboards,Vive Health,Rincón De Los Sauces,,,https://open.app.jobrapido.com/ar/4544204074240704512/?w=data%20analyst&l=&oc=sponsored&k=web.1.3.18&uuid=arF001a05bcc09d97e28&page_item_id=1183389386,Data Analyst,jobrapido,2026-09-01T03:08:14.516088,,,,
2319362309983567872,Remote Revenue Operations Analyst – Growth & Data,Canonical,Remoto,,,https://open.app.jobrapido.com/ar/2319362309983567872/?w=data%20analyst&l=&oc=sponsored&k=web.1.3.19&uuid=arF001a05bcc09d97e28&page_item_id=2017565620,Data Analyst,jobrapido,2026-09-01T03:08:14.516579,,,,
5654771145405104128,Data Analyst - POSICIÓN CUBIERTA,Idearhumano,Córdoba,,,https://open.app.jobrapido.com/ar/5654771145405104128/?w=data%20analyst&l=&oc=sponsored&k=web.1.4.0&uuid=arF001a05bcdf3c78318&page_item_id=1667799978,Data Analyst,jobrapido,2026-09-01T03:10:20.050200,,,,
1205814780623847424,Data Curation Analyst,Valsoft Corporation,Remoto,,,https://open.app.jobrapido.com/ar/1205814780623847424/?w=data%20analyst&l=&oc=sponsored&k=web.1.4.1&uuid=arF001a05bcdf3c78318&page_item_id=-1583712066,Data Analyst,jobrapido,2026-09-01T03:10:20.050748,,,,
8635815681071251456,Data Risk Analyst,ICON,Remoto,,,https://open.app.jobrapido.com/ar/8635815681071251456/?w=data%20analyst&l=&oc=sponsored&k=web.1.4.2&uuid=arF001a05bcdf3c78318&page_item_id=-1904492323,Data Analyst,jobrapido,2026-09-01T03:10:20.051228,,,,
7571120647334526976,FP&A Data Analyst,ELEVVA,Capital Federal,,,https://open.app.jobrapido.com/ar/7571120647334526976/?w=data%20analyst&l=&oc=sponsored&k=web.1.4.5&uuid=arF001a05bcdf3c78318&page_item_id=366894305,Data Analyst,jobrapido,2026-09-01T03:10:20.051985,,,,
814890843071578112,Risk Data Analyst,Marathon Talent,Remoto,,,https://open.app.jobrapido.com/ar/814890843071578112/?w=data%20analyst&l=&oc=sponsored&k=web.1.4.6&uuid=arF001a05bcdf3c78318&page_item_id=717887692,Data Analyst,jobrapido,2026-09-01T03:10:20.052463,,,,
1436109226228318208,Grants Payments Data Analyst -Europe/LATAM - Remote,Worldwide Clinical Trials,Remoto,,,https://open.app.jobrapido.com/ar/1436109226228318208/?w=data%20analyst&l=&oc=sponsored&k=web.1.4.7&uuid=arF001a05bcdf3c78318&page_item_id=1305859541,Data Analyst,jobrapido,2026-09-01T03:10:20.052948,,,,
7524269125435129856,Senior Data & Analytics Strategy Analyst,SunnyData,Remoto,,,https://open.app.jobrapido.com/ar/7524269125435129856/?w=data%20analyst&l=&oc=sponsored&k=web.1.4.8&uuid=arF001a05bcdf3c78318&page_item_id=-489617518,Data Analyst,jobrapido,2026-09-01T03:10:20.053423,,,,
8329066161853431808,Data Analyst (Product Mapping) + Data Engineer (IBTE),Itps,Capital Federal (Belgrano),,,https://open.app.jobrapido.com/ar/8329066161853431808/?w=data%20analyst&l=&oc=sponsored&k=web.1.4.9&uuid=arF001a05bcdf3c78318&page_item_id=-2022202505,Data Analyst,jobrapido,2026-09-01T03:10:20.053905,,,,
887764085758754816,"Sr Data Analyst, Data AI Analytics",McCain Foods,Remoto,,,https://open.app.jobrapido.com/ar/887764085758754816/?w=data%20analyst&l=&oc=sponsored&k=web.1.4.10&uuid=arF001a05bcdf3c78318&page_item_id=-1940759964,Data Analyst,jobrapido,2026-09-01T03:10:20.054382,,,,
3107635232824623104,"Aquiva, Argentina - Salesforce Data Analyst",Aquiva and Hapi,Capital Federal,,,https://open.app.jobrapido.com/ar/3107635232824623104/?w=data%20analyst&l=&oc=sponsored&k=web.1.4.11&uuid=arF001a05bcdf3c78318&page_item_id=-629217877,Data Analyst,jobrapido,2026-09-01T03:10:20.054870,,,,
2747934350304608256,"Remote Data Analyst, Excel Insights for AI Training",YO IT Consulting,Remoto,,,https://open.app.jobrapido.com/ar/2747934350304608256/?w=data%20analyst&l=&oc=sponsored&k=web.1.4.12&uuid=arF001a05bcdf3c78318&page_item_id=-1835744062,Data Analyst,jobrapido,2026-09-01T03:10:20.055351,,,,
5822489712803184640,Data Analyst SR – (IB- 5782313),Itps,Capital Federal,,,https://open.app.jobrapido.com/ar/5822489712803184640/?w=data%20analyst&l=&oc=sponsored&k=web.1.4.13&uuid=arF001a05bcdf3c78318&page_item_id=-1650238378,Data Analyst,jobrapido,2026-09-01T03:10:20.055841,,,,
841807437475348480,Data Analyst | AI-Driven Insights for Global Subscriptions,AppDirect,Capital Federal,,,https://open.app.jobrapido.com/ar/841807437475348480/?w=data%20analyst&l=&oc=sponsored&k=web.1.4.14&uuid=arF001a05bcdf3c78318&page_item_id=-800679479,Data Analyst,jobrapido,2026-09-01T03:10:20.056318,,,,
2350623624584495104,HubSpot Data & Reporting Analyst Jr - Part-Time (Hybrid),Minders,Capital Federal,,,https://open.app.jobrapido.com/ar/2350623624584495104/?w=data%20analyst&l=&oc=sponsored&k=web.1.4.15&uuid=arF001a05bcdf3c78318&page_item_id=336847329,Data Analyst,jobrapido,2026-09-01T03:10:20.056802,,,,
7516665813550497792,"Argentina (Remote) CookUnity Staff Data Analyst, Marketplace Insights",Experimentation Jobs,Remoto,,,https://open.app.jobrapido.com/ar/7516665813550497792/?w=data%20analyst&l=&oc=sponsored&k=web.1.4.16&uuid=arF001a05bcdf3c78318&page_item_id=-1088366325,Data Analyst,jobrapido,2026-09-01T03:10:20.057277,,,,
946523000759386112,BI Analyst: Data-Driven Dashboards & Insights,"Assurant, Inc.",Capital Federal,,,https://open.app.jobrapido.com/ar/946523000759386112/?w=data%20analyst&l=&oc=sponsored&k=web.1.4.17&uuid=arF001a05bcdf3c78318&page_item_id=-152546898,Data Analyst,jobrapido,2026-09-01T03:10:20.057756,,,,
8230368895723110400,Senior Performance Data Analyst: Growth & Automation,Betwarrior,Capital Federal,,,https://open.app.jobrapido.com/ar/8230368895723110400/?w=data%20analyst&l=&oc=sponsored&k=web.1.4.18&uuid=arF001a05bcdf3c78318&page_item_id=-473717144,Data Analyst,jobrapido,2026-09-01T03:10:20.058232,,,,
1581811009583054848,"Staff Data Analyst, Marketplace Insights & Dashboards",Experimentation Jobs,Remoto,,,https://open.app.jobrapido.com/ar/1581811009583054848/?w=data%20analyst&l=&oc=sponsored&k=web.1.4.19&uuid=arF001a05bcdf3c78318&page_item_id=1101523759,Data Analyst,jobrapido,2026-09-01T03:10:20.058719,,,,
5583489127971553280,Anuncios Google,Southbay,Capital Federal,,,https://open.app.jobrapido.com/ar/5583489127971553280/?w=data%20analyst&l=&oc=sponsored&k=web.1.5.0&uuid=arF001a05bcfbecd87af&page_item_id=-790935870,Data Analyst,jobrapido,2026-09-01T03:12:17.568406,,,,
8963651428128129024,Data Analyst Lead,Kinetic Talent,Córdoba,,,https://open.app.jobrapido.com/ar/8963651428128129024/?w=data%20analyst&l=&oc=sponsored&k=web.1.5.1&uuid=arF001a05bcfbecd87af&page_item_id=-329542958,Data Analyst,jobrapido,2026-09-01T03:12:17.569012,,,,
244336804671520768,"B2B Content Writer (Remote, Contract)",INFUSE,Rosario,,,https://open.app.jobrapido.com/ar/244336804671520768/?w=machine%20learning&l=&oc=sponsored&k=web.1.1.0&uuid=arF001a05bd022ae8889&page_item_id=-2002658456,Machine Learning Engineer,jobrapido,2026-09-01T03:12:43.320422,,,,
2658742430915887104,Salesforce Developer ID84352,AgileEngine,Rosario,,,https://open.app.jobrapido.com/ar/2658742430915887104/?w=machine%20learning&l=&oc=sponsored&k=web.1.1.1&uuid=arF001a05bd022ae8889&page_item_id=346471003,Machine Learning Engineer,jobrapido,2026-09-01T03:12:43.320969,,,,
1579687904169426944,ServiceNow Discovery Engineer ID80139,AgileEngine,Rosario,,,https://open.app.jobrapido.com/ar/1579687904169426944/?w=machine%20learning&l=&oc=sponsored&k=web.1.1.2&uuid=arF001a05bd022ae8889&page_item_id=840074094,Machine Learning Engineer,jobrapido,2026-09-01T03:12:43.321445,,,,
2550787706376421376,"Analista de Innovación, Automatización e Inteligencia Artificial híbrido & full time en Rosario",Brightside IT Consulting SA,Rosario,,,https://open.app.jobrapido.com/ar/2550787706376421376/?w=machine%20learning&l=&oc=sponsored&k=web.1.1.3&uuid=arF001a05bd022ae8889&page_item_id=1079505101,Machine Learning Engineer,jobrapido,2026-09-01T03:12:43.321931,,,,
4119020591317516288,"Analista de Innovación, Automatización e Inteligencia Artificial híbrido & full time en Rosario",Brightside,Rosario,,,https://open.app.jobrapido.com/ar/4119020591317516288/?w=machine%20learning&l=&oc=sponsored&k=web.1.1.4&uuid=arF001a05bd022ae8889&page_item_id=-451924073,Machine Learning Engineer,jobrapido,2026-09-01T03:12:43.322411,,,,
2916926882312093696,Backend Developer - Part Time,Aliancers,Rosario,,,https://open.app.jobrapido.com/ar/2916926882312093696/?w=machine%20learning&l=&oc=sponsored&k=web.1.1.5&uuid=arF001a05bd022ae8889&page_item_id=-1824983931,Machine Learning Engineer,jobrapido,2026-09-01T03:12:43.322891,,,,
3509345791762235392,Middle Data Engineer ID86295,AgileEngine,Rosario,,,https://open.app.jobrapido.com/ar/3509345791762235392/?w=machine%20learning&l=&oc=sponsored&k=web.1.1.6&uuid=arF001a05bd022ae8889&page_item_id=1679988459,Machine Learning Engineer,jobrapido,2026-09-01T03:12:43.323390,,,,
4477228560385310720,Senior BI Product Manager ID65844,AgileEngine,Rosario,,,https://open.app.jobrapido.com/ar/4477228560385310720/?w=machine%20learning&l=&oc=sponsored&k=web.1.1.7&uuid=arF001a05bd022ae8889&page_item_id=-1873530921,Machine Learning Engineer,jobrapido,2026-09-01T03:12:43.323882,,,,
335568249410289664,Fullstack JavaScript Developer - Latin America - Remote,Azumo,Rosario,,,https://open.app.jobrapido.com/ar/335568249410289664/?w=machine%20learning&l=&oc=sponsored&k=web.1.1.8&uuid=arF001a05bd022ae8889&page_item_id=768966931,Machine Learning Engineer,jobrapido,2026-09-01T03:12:43.324358,,,,
4724090859513970688,AI Machine Learning Engineer - Remote - Latin America,FullStack,Rosario,,,https://open.app.jobrapido.com/ar/4724090859513970688/?w=machine%20learning&l=&oc=sponsored&k=web.1.1.9&uuid=arF001a05bd022ae8889&page_item_id=272621624,Machine Learning Engineer,jobrapido,2026-09-01T03:12:43.324841,,,,
499432934063734784,Remote AI/ML Engineer - Build Production-Grade Models,FullStack,Rosario,,,https://open.app.jobrapido.com/ar/499432934063734784/?w=machine%20learning&l=&oc=sponsored&k=web.1.1.10&uuid=arF001a05bd022ae8889&page_item_id=1087011244,Machine Learning Engineer,jobrapido,2026-09-01T03:12:43.325316,,,,
6594334849593507840,Ex-MBB Strategy Consultant - AI Training (Remote),Mindrift,Rosario,,,https://open.app.jobrapido.com/ar/6594334849593507840/?w=machine%20learning&l=&oc=sponsored&k=web.1.1.13&uuid=arF001a05bd022ae8889&page_item_id=-1996834605,Machine Learning Engineer,jobrapido,2026-09-01T03:12:43.326071,,,,
288965758304649216,Senior Computer Vision Engineer ID72408,Vusion,Rosario,,,https://open.app.jobrapido.com/ar/288965758304649216/?w=machine%20learning&l=&oc=sponsored&k=web.1.1.17&uuid=arF001a05bd022ae8889&page_item_id=126794818,Machine Learning Engineer,jobrapido,2026-09-01T03:12:43.326960,,,,
9142910753039187968,Machine Learning / AI Engineer / Híbrido,ADN Recursos Humanos,Capital Federal,,,https://open.app.jobrapido.com/ar/9142910753039187968/?w=machine%20learning&l=&oc=sponsored&k=web.1.1.18&uuid=arF001a05bd022ae8889&page_item_id=-2127400506,Machine Learning Engineer,jobrapido,2026-09-01T03:12:43.327497,,,,
7052316541034954752,Senior Machine Learning Engineer,GoFundMe,Capital Federal,,,https://open.app.jobrapido.com/ar/7052316541034954752/?w=machine%20learning&l=&oc=sponsored&k=web.1.1.19&uuid=arF001a05bd022ae8889&page_item_id=1703318552,Machine Learning Engineer,jobrapido,2026-09-01T03:12:43.327985,,,,
1149860170029858816,Senior Machine Learning Engineer,GoFundMe,Esquel,,,https://open.app.jobrapido.com/ar/1149860170029858816/?w=machine%20learning&l=&oc=sponsored&k=web.1.2.0&uuid=arF001a05bd1a6fa8c8c&page_item_id=-1426910028,Machine Learning Engineer,jobrapido,2026-09-01T03:14:22.460416,,,,
9089556779502665728,Machine Learning Engineer (MLOps),Proofpoint,Córdoba Capital,,,https://open.app.jobrapido.com/ar/9089556779502665728/?w=machine%20learning&l=&oc=sponsored&k=web.1.2.1&uuid=arF001a05bd1a6fa8c8c&page_item_id=580826967,Machine Learning Engineer,jobrapido,2026-09-01T03:14:22.460974,,,,
1658615195318091776,Data & Machine Learning Engineer,IDT,Capital Federal,,,https://open.app.jobrapido.com/ar/1658615195318091776/?w=machine%20learning&l=&oc=sponsored&k=web.1.2.2&uuid=arF001a05bd1a6fa8c8c&page_item_id=321470355,Machine Learning Engineer,jobrapido,2026-09-01T03:14:22.461455,,,,
3473693577475784704,Machine Learning Engineer,SunnyData,Remoto,,,https://open.app.jobrapido.com/ar/3473693577475784704/?w=machine%20learning&l=&oc=sponsored&k=web.1.2.3&uuid=arF001a05bd1a6fa8c8c&page_item_id=68226029,Machine Learning Engineer,jobrapido,2026-09-01T03:14:22.461945,,,,
4309687263467405312,Semi-Senior Machine Learning Engineer,OfficeTwo,Capital Federal,,,https://open.app.jobrapido.com/ar/4309687263467405312/?w=machine%20learning&l=&oc=sponsored&k=web.1.2.5&uuid=arF001a05bd1a6fa8c8c&page_item_id=472525946,Machine Learning Engineer,jobrapido,2026-09-01T03:14:22.462567,,,,
2577351718324928512,"Machine Learning Manager, Security & Research",Internetwork Expert,Capital Federal,,,https://open.app.jobrapido.com/ar/2577351718324928512/?w=machine%20learning&l=&oc=sponsored&k=web.1.2.6&uuid=arF001a05bd1a6fa8c8c&page_item_id=71881007,Machine Learning Engineer,jobrapido,2026-09-01T03:14:22.463048,,,,
681717599578357760,"Machine Learning Manager, Security & Research","Intuition Machines, Inc.",Capital Federal,,,https://open.app.jobrapido.com/ar/681717599578357760/?w=machine%20learning&l=&oc=sponsored&k=web.1.2.7&uuid=arF001a05bd1a6fa8c8c&page_item_id=1216154704,Machine Learning Engineer,jobrapido,2026-09-01T03:14:22.463535,,,,
2849042321448632320,Investigador/a Senior en Inteligencia Artificial y Machine Learning,Universidad de Palermo,Capital Federal (Palermo),,,https://open.app.jobrapido.com/ar/2849042321448632320/?w=machine%20learning&l=&oc=sponsored&k=web.1.2.8&uuid=arF001a05bd1a6fa8c8c&page_item_id=371146618,Machine Learning Engineer,jobrapido,2026-09-01T03:14:22.464018,,,,
8657487381672230912,Machine Learning Engineer - Production ML & Data Solutions,SunnyData,Remoto,,,https://open.app.jobrapido.com/ar/8657487381672230912/?w=machine%20learning&l=&oc=sponsored&k=web.1.2.9&uuid=arF001a05bd1a6fa8c8c&page_item_id=206356754,Machine Learning Engineer,jobrapido,2026-09-01T03:14:22.464500,,,,
2344899343711993856,AI & Machine Learning Engineer (AWS Cloud),Netrix Global,Capital Federal,,,https://open.app.jobrapido.com/ar/2344899343711993856/?w=machine%20learning&l=&oc=sponsored&k=web.1.2.10&uuid=arF001a05bd1a6fa8c8c&page_item_id=-380547961,Machine Learning Engineer,jobrapido,2026-09-01T03:14:22.465003,,,,
8433501624550293504,Python Developer (IA) - Machine Learning ID #00335,Werben HR,Capital Federal (Parque Patricios),,,https://open.app.jobrapido.com/ar/8433501624550293504/?w=machine%20learning&l=&oc=sponsored&k=web.1.2.11&uuid=arF001a05bd1a6fa8c8c&page_item_id=973936306,Machine Learning Engineer,jobrapido,2026-09-01T03:14:22.465485,,,,
233935235694198784,Machine Learning Engineer Sr. (IA Generativa),Flux IT SA,Remoto,,,https://open.app.jobrapido.com/ar/233935235694198784/?w=machine%20learning&l=&oc=sponsored&k=web.1.2.12&uuid=arF001a05bd1a6fa8c8c&page_item_id=-163331750,Machine Learning Engineer,jobrapido,2026-09-01T03:14:22.465993,,,,
4737692368105373696,Machine Learning Engineer (Edge AI & Computer Vision),Marvik,Capital Federal,,,https://open.app.jobrapido.com/ar/4737692368105373696/?w=machine%20learning&l=&oc=sponsored&k=web.1.2.13&uuid=arF001a05bd1a6fa8c8c&page_item_id=2134106986,Machine Learning Engineer,jobrapido,2026-09-01T03:14:22.466477,,,,
2661369799849803776,"Machine Learning Research Scientist, Mechanical Intuition in Multimodal Models",Toyota Research Institute,Los Altos,,,https://open.app.jobrapido.com/ar/2661369799849803776/?w=machine%20learning&l=&oc=sponsored&k=web.1.2.14&uuid=arF001a05bd1a6fa8c8c&page_item_id=-1322835078,Machine Learning Engineer,jobrapido,2026-09-01T03:14:22.466968,,,,
8295372933690294272,Principal Machine Learning Engineer - Applied AI & LLMs (x/f/m),Doctolib,Londres,,,https://open.app.jobrapido.com/ar/8295372933690294272/?w=machine%20learning&l=&oc=sponsored&k=web.1.2.15&uuid=arF001a05bd1a6fa8c8c&page_item_id=1411097193,Machine Learning Engineer,jobrapido,2026-09-01T03:14:22.467447,,,,
9089593063386382336,"Senior Machine Learning Engineer New Buenos Aires, Argentina",GoFundMe,Capital Federal,,,https://open.app.jobrapido.com/ar/9089593063386382336/?w=machine%20learning&l=&oc=sponsored&k=web.1.2.16&uuid=arF001a05bd1a6fa8c8c&page_item_id=-1317645327,Machine Learning Engineer,jobrapido,2026-09-01T03:14:22.467937,,,,
7949581800974581760,Senior Machine Learning Engineer,Coderio,Argentina,,,https://open.app.jobrapido.com/ar/7949581800974581760/?w=machine%20learning&l=&oc=sponsored&k=web.1.2.17&uuid=arF001a05bd1a6fa8c8c&page_item_id=42245950,Machine Learning Engineer,jobrapido,2026-09-01T03:14:22.468415,,,,
7814052922538328064,"Machine Learning Python, C++ with Azure",Dabrein Solutions,Argentina,,,https://open.app.jobrapido.com/ar/7814052922538328064/?w=machine%20learning&l=&oc=sponsored&k=web.1.2.18&uuid=arF001a05bd1a6fa8c8c&page_item_id=2002124344,Machine Learning Engineer,jobrapido,2026-09-01T03:14:22.468903,,,,
7192164644742496256,Machine Learning Engineer Sr. (IA Generativa),Flux IT SA,Argentina,,,https://open.app.jobrapido.com/ar/7192164644742496256/?w=machine%20learning&l=&oc=sponsored&k=web.1.2.19&uuid=arF001a05bd1a6fa8c8c&page_item_id=-1755744637,Machine Learning Engineer,jobrapido,2026-09-01T03:14:22.469380,,,,
5441638882309308416,Remote Senior ML Engineer - Social Fundraising Innovator,GoFundMe,Capital Federal,,,https://open.app.jobrapido.com/ar/5441638882309308416/?w=machine%20learning&l=&oc=sponsored&k=web.1.3.10&uuid=arF001a05bd39ce191f3&page_item_id=217479836,Machine Learning Engineer,jobrapido,2026-09-01T03:16:30.982339,,,,
5238987894193913856,ML Research Scientist: Mechanical Intuition in Multimodal AI,Toyota Research Institute,Los Altos,,,https://open.app.jobrapido.com/ar/5238987894193913856/?w=machine%20learning&l=&oc=sponsored&k=web.1.3.11&uuid=arF001a05bd39ce191f3&page_item_id=1497988530,Machine Learning Engineer,jobrapido,2026-09-01T03:16:30.982881,,,,
8092299733109833728,Remote AI ML Engineer – Growth & Impact with Top Clients,FullStack Labs,Remoto,,,https://open.app.jobrapido.com/ar/8092299733109833728/?w=machine%20learning&l=&oc=sponsored&k=web.1.3.12&uuid=arF001a05bd39ce191f3&page_item_id=-1681016783,Machine Learning Engineer,jobrapido,2026-09-01T03:16:30.983410,,,,
4241655033038372864,Cloud AI/ML Engineer (AWS) - GenAI & SageMaker Expert,Ideamine Technologies (Acquired by Netrix Global),Rincón De Los Sauces,,,https://open.app.jobrapido.com/ar/4241655033038372864/?w=machine%20learning&l=&oc=sponsored&k=web.1.3.13&uuid=arF001a05bd39ce191f3&page_item_id=1939306937,Machine Learning Engineer,jobrapido,2026-09-01T03:16:30.983974,,,,
250125406974246912,Anuncios Google,GoFundMe,Esquel,,,https://open.app.jobrapido.com/ar/250125406974246912/?w=machine%20learning&l=&oc=sponsored&k=web.1.4.0&uuid=arF001a05bd400f292ef&page_item_id=-932390814,Machine Learning Engineer,jobrapido,2026-09-01T03:16:56.281663,,,,
5921720894908006400,Python Developer (IA),Werben HR,Capital Federal,,,https://open.app.jobrapido.com/ar/5921720894908006400/?w=machine%20learning&l=&oc=sponsored&k=web.1.4.1&uuid=arF001a05bd400f292ef&page_item_id=1858452665,Machine Learning Engineer,jobrapido,2026-09-01T03:16:56.282249,,,,
713269030630195200,"AI & GenAI Engineer, AWS Cloud — Remote Ready",Netrix Global,Rincón De Los Sauces,,,https://open.app.jobrapido.com/ar/713269030630195200/?w=machine%20learning&l=&oc=sponsored&k=web.1.4.2&uuid=arF001a05bd400f292ef&page_item_id=-2004521158,Machine Learning Engineer,jobrapido,2026-09-01T03:16:56.282783,,,,
3847723931184136192,Senior ML Engineer — Shape Discovery & Personalization,GoFundMe,Capital Federal,,,https://open.app.jobrapido.com/ar/3847723931184136192/?w=machine%20learning&l=&oc=sponsored&k=web.1.4.3&uuid=arF001a05bd400f292ef&page_item_id=1709262467,Machine Learning Engineer,jobrapido,2026-09-01T03:16:56.283319,,,,
1959664141882884096,FinTech NLP ML Engineer: Python & Document Processing,Werben HR,Capital Federal,,,https://open.app.jobrapido.com/ar/1959664141882884096/?w=machine%20learning&l=&oc=sponsored&k=web.1.4.5&uuid=arF001a05bd400f292ef&page_item_id=-1239050896,Machine Learning Engineer,jobrapido,2026-09-01T03:16:56.283955,,,,
3900559038311563264,Senior ML Ops Engineer - Production ML in the Cloud (Remote),Coderio,Rincón De Los Sauces,,,https://open.app.jobrapido.com/ar/3900559038311563264/?w=machine%20learning&l=&oc=sponsored&k=web.1.4.6&uuid=arF001a05bd400f292ef&page_item_id=-140077548,Machine Learning Engineer,jobrapido,2026-09-01T03:16:56.284445,,,,
4841102725187895296,"Senior ML Ops Engineer - Remote, End-to-End ML Architect",Medium,Neuquén,,,https://open.app.jobrapido.com/ar/4841102725187895296/?w=machine%20learning&l=&oc=sponsored&k=web.1.4.7&uuid=arF001a05bd400f292ef&page_item_id=1863718797,Machine Learning Engineer,jobrapido,2026-09-01T03:16:56.284939,,,,
8921102802034360320,Senior ML Engineer: Computer Vision & Production Models,OfficeTwo,Capital Federal,,,https://open.app.jobrapido.com/ar/8921102802034360320/?w=machine%20learning&l=&oc=sponsored&k=web.1.4.8&uuid=arF001a05bd400f292ef&page_item_id=2124599410,Machine Learning Engineer,jobrapido,2026-09-01T03:16:56.285426,,,,
7606746602190929920,End-to-End Data & ML Engineer (LATAM) — AI-Driven Pipelines,Medium,Colalao Del Valle,,,https://open.app.jobrapido.com/ar/7606746602190929920/?w=machine%20learning&l=&oc=sponsored&k=web.1.4.9&uuid=arF001a05bd400f292ef&page_item_id=-2091116172,Machine Learning Engineer,jobrapido,2026-09-01T03:16:56.285920,,,,
7212831168377389056,"Remote AI Engineer: LLMs, ML Infra & Automation",Huzzle.com,Remoto,,,https://open.app.jobrapido.com/ar/7212831168377389056/?w=machine%20learning&l=&oc=sponsored&k=web.1.4.10&uuid=arF001a05bd400f292ef&page_item_id=-1992677076,Machine Learning Engineer,jobrapido,2026-09-01T03:16:56.286405,,,,
6110003413532016640,AI Economics Researcher: Data-Driven Insights,Accenture Argentina,Capital Federal,,,https://open.app.jobrapido.com/ar/6110003413532016640/?w=machine%20learning&l=&oc=sponsored&k=web.1.4.11&uuid=arF001a05bd400f292ef&page_item_id=-1556279105,Machine Learning Engineer,jobrapido,2026-09-01T03:16:56.286896,,,,
4562128536135008256,Principal ML Engineer: Cross-Product AI & LLM Architect,Doctolib,Londres,,,https://open.app.jobrapido.com/ar/4562128536135008256/?w=machine%20learning&l=&oc=sponsored&k=web.1.4.12&uuid=arF001a05bd400f292ef&page_item_id=-860358328,Machine Learning Engineer,jobrapido,2026-09-01T03:16:56.287380,,,,
3470328882916229120,Production ML Engineer — MLOps,Proofpoint,Córdoba Capital,,,https://open.app.jobrapido.com/ar/3470328882916229120/?w=machine%20learning&l=&oc=sponsored&k=web.1.4.13&uuid=arF001a05bd400f292ef&page_item_id=-146917525,Machine Learning Engineer,jobrapido,2026-09-01T03:16:56.287873,,,,
2118351793216815104,Remote Cloud ML Architect (AWS),Caylent,Remoto,,,https://open.app.jobrapido.com/ar/2118351793216815104/?w=machine%20learning&l=&oc=sponsored&k=web.1.4.14&uuid=arF001a05bd400f292ef&page_item_id=2106520136,Machine Learning Engineer,jobrapido,2026-09-01T03:16:56.288357,,,,
6824817912981749760,Remote Data Developer for ML & Big Data Systems,Muttdata,Remoto,,,https://open.app.jobrapido.com/ar/6824817912981749760/?w=machine%20learning&l=&oc=sponsored&k=web.1.5.1&uuid=arF001a05bd54e8b958e&page_item_id=-1966221384,Machine Learning Engineer,jobrapido,2026-09-01T03:18:21.972724,,,,
462489480809414656,Data Engineer: Remote-First Cloud & ML Infrastructure,Muttdata,Remoto,,,https://open.app.jobrapido.com/ar/462489480809414656/?w=machine%20learning&l=&oc=sponsored&k=web.1.5.2&uuid=arF001a05bd54e8b958e&page_item_id=-86591839,Machine Learning Engineer,jobrapido,2026-09-01T03:18:21.973260,,,,
8709723890617679872,"Software Engineer C#, Python, C++ with Azure",Dabrein Solutions,Capital Federal,,,https://open.app.jobrapido.com/ar/8709723890617679872/?w=machine%20learning&l=&oc=sponsored&k=web.1.5.3&uuid=arF001a05bd54e8b958e&page_item_id=331970428,Machine Learning Engineer,jobrapido,2026-09-01T03:18:21.974487,,,,
5191700098106523648,Semi-Senior Full Stack AI Engineer,OfficeTwo,Capital Federal,,,https://open.app.jobrapido.com/ar/5191700098106523648/?w=machine%20learning&l=&oc=sponsored&k=web.1.5.4&uuid=arF001a05bd54e8b958e&page_item_id=473854858,Machine Learning Engineer,jobrapido,2026-09-01T03:18:21.975853,,,,
8299867239008436224,Account Manager,Amazon Web Services (AWS),Capital Federal,,,https://open.app.jobrapido.com/ar/8299867239008436224/?w=machine%20learning&l=&oc=sponsored&k=web.1.5.6&uuid=arF001a05bd54e8b958e&page_item_id=834077697,Machine Learning Engineer,jobrapido,2026-09-01T03:18:21.977622,,,,
5000370832761946112,Technical Product Manager,Hexaware Technologies Limited,Capital Federal,,,https://open.app.jobrapido.com/ar/5000370832761946112/?w=machine%20learning&l=&oc=sponsored&k=web.1.5.8&uuid=arF001a05bd54e8b958e&page_item_id=-1300315021,Machine Learning Engineer,jobrapido,2026-09-01T03:18:21.978872,,,,
8788519291910619136,"Senior, Java Software Engineer",Disney Cruise Line - The Walt Disney Company,Capital Federal,,,https://open.app.jobrapido.com/ar/8788519291910619136/?w=machine%20learning&l=&oc=sponsored&k=web.1.5.9&uuid=arF001a05bd54e8b958e&page_item_id=-1270632922,Machine Learning Engineer,jobrapido,2026-09-01T03:18:21.979397,,,,
3969793773684129792,"Learning Specialist, Expert-Level",Globant,Rincón De Los Sauces,,,https://open.app.jobrapido.com/ar/3969793773684129792/?w=machine%20learning&l=&oc=sponsored&k=web.1.5.11&uuid=arF001a05bd54e8b958e&page_item_id=276304729,Machine Learning Engineer,jobrapido,2026-09-01T03:18:21.980224,,,,
1278969137510481920,"AI Go-to-Market Specialist SOLA, WWSO Latam",Amazon Web Services (AWS),Capital Federal,,,https://open.app.jobrapido.com/ar/1278969137510481920/?w=machine%20learning&l=&oc=sponsored&k=web.1.5.12&uuid=arF001a05bd54e8b958e&page_item_id=928978051,Machine Learning Engineer,jobrapido,2026-09-01T03:18:21.981823,,,,
4900811154378457088,Unity Engineer - Latin America - Remote,Azumo LLC.,Capital Federal,,,https://open.app.jobrapido.com/ar/4900811154378457088/?w=machine%20learning&l=&oc=sponsored&k=web.1.5.14&uuid=arF001a05bd54e8b958e&page_item_id=773957572,Machine Learning Engineer,jobrapido,2026-09-01T03:18:21.982697,,,,
6526627885627736064,"(fluent English) CX Solutions Consultant (LATAM, remote)",SupportYourApp,Rosario,,,https://open.app.jobrapido.com/ar/6526627885627736064/?w=nlp&l=&oc=sponsored&k=web.1.1.0&uuid=arF001a05bd6604b982d&page_item_id=-840854144,NLP Engineer,jobrapido,2026-09-01T03:19:32.275407,,,,
2452374629642141696,Senior NLP Scientist: Production-Grade LLMs,Sourceability,Esquel,,,https://open.app.jobrapido.com/ar/2452374629642141696/?w=nlp&l=&oc=sponsored&k=web.1.1.2&uuid=arF001a05bd6604b982d&page_item_id=424900472,NLP Engineer,jobrapido,2026-09-01T03:19:32.276097,,,,
613228126930993152,Lead AI Engineer — Remote RAG/NLP/LLM Systems,N-iX,Remoto,,,https://open.app.jobrapido.com/ar/613228126930993152/?w=nlp&l=&oc=sponsored&k=web.1.1.5&uuid=arF001a05bd6604b982d&page_item_id=-693197482,NLP Engineer,jobrapido,2026-09-01T03:19:32.276859,,,,
6816058997196455936,Client Technology Software Engineering Assurance Sr. Engineer/Arch - EY GDS,EY,Capital Federal,,,https://open.app.jobrapido.com/ar/6816058997196455936/?w=nlp&l=&oc=sponsored&k=web.1.1.6&uuid=arF001a05bd6604b982d&page_item_id=1743870449,NLP Engineer,jobrapido,2026-09-01T03:19:32.277341,,,,
2093983042132508672,"(fluent English) CX Solutions Consultant (LATAM, remote)",SupportYourApp,Rincón De Los Sauces,,,https://open.app.jobrapido.com/ar/2093983042132508672/?w=nlp&l=&oc=sponsored&k=web.1.1.9&uuid=arF001a05bd6604b982d&page_item_id=-1606655279,NLP Engineer,jobrapido,2026-09-01T03:19:32.278100,,,,
2193558388556693504,Product Group Team Lead / Architect,Sourceability,Capital Federal,,,https://open.app.jobrapido.com/ar/2193558388556693504/?w=nlp&l=&oc=sponsored&k=web.1.1.10&uuid=arF001a05bd6604b982d&page_item_id=-1591005750,NLP Engineer,jobrapido,2026-09-01T03:19:32.278583,,,,
7040990695095533568,Client Technology - Engineering - Software Engineering - EY GDS,EY,Capital Federal,,,https://open.app.jobrapido.com/ar/7040990695095533568/?w=nlp&l=&oc=sponsored&k=web.1.1.11&uuid=arF001a05bd6604b982d&page_item_id=-1264273508,NLP Engineer,jobrapido,2026-09-01T03:19:32.279060,,,,
6258208784863199232,Full Stack AI Engineer – BuilderEx,RYZ Labs,Capital Federal,,,https://open.app.jobrapido.com/ar/6258208784863199232/?w=nlp&l=&oc=sponsored&k=web.1.1.12&uuid=arF001a05bd6604b982d&page_item_id=538355954,NLP Engineer,jobrapido,2026-09-01T03:19:32.279543,,,,
6213023255008116736,Client Technology - Software Engineering - EY Global Delivery Services,EY,Esquel,,,https://open.app.jobrapido.com/ar/6213023255008116736/?w=nlp&l=&oc=sponsored&k=web.1.1.13&uuid=arF001a05bd6604b982d&page_item_id=1892383644,NLP Engineer,jobrapido,2026-09-01T03:19:32.280091,,,,
1641304484250386432,AI Agent Systems Architect - Remote,Azumo LLC.,Remoto,,,https://open.app.jobrapido.com/ar/1641304484250386432/?w=nlp&l=&oc=sponsored&k=web.1.1.14&uuid=arF001a05bd6604b982d&page_item_id=-1450708135,NLP Engineer,jobrapido,2026-09-01T03:19:32.280585,,,,
5043865176294555648,Applied AI/ML Lead,Next Frontier Capital,Capital Federal,,,https://open.app.jobrapido.com/ar/5043865176294555648/?w=nlp&l=&oc=sponsored&k=web.1.1.15&uuid=arF001a05bd6604b982d&page_item_id=1871289672,NLP Engineer,jobrapido,2026-09-01T03:19:32.281065,,,,
8697752408014454784,"AI Engineer II - Marketing Argentina, Remote",Sezzle,Remoto,,,https://open.app.jobrapido.com/ar/8697752408014454784/?w=nlp&l=&oc=sponsored&k=web.1.1.16&uuid=arF001a05bd6604b982d&page_item_id=-1679503933,NLP Engineer,jobrapido,2026-09-01T03:19:32.281551,,,,
3644704830011736064,AI & NLP Talent Acquisition Coordinator,"E2f, inc.",Argentina,,,https://open.app.jobrapido.com/ar/3644704830011736064/?w=nlp&l=&oc=sponsored&k=web.1.1.18&uuid=arF001a05bd6604b982d&page_item_id=-418748515,NLP Engineer,jobrapido,2026-09-01T03:19:32.282168,,,,
2831370790178390016,Senior AI Engineer - GenAI & Multi-Agent Systems,TELUS Digital,Capital Federal,,,https://open.app.jobrapido.com/ar/2831370790178390016/?w=nlp&l=&oc=sponsored&k=web.1.1.19&uuid=arF001a05bd6604b982d&page_item_id=-1924352847,NLP Engineer,jobrapido,2026-09-01T03:19:32.282653,,,,
2760861308512370688,Full Stack AI Engineer - Security,RYZ Labs,Capital Federal,,,https://open.app.jobrapido.com/ar/2760861308512370688/?w=nlp&l=&oc=sponsored&k=web.1.2.6&uuid=arF001a05bd7b4f99b51&page_item_id=1152884449,NLP Engineer,jobrapido,2026-09-01T03:20:59.369374,,,,
4142562097340874752,Gerente de Arquitectura de Datos e IA,Sweden Sport Academy,Capital Federal,,,https://open.app.jobrapido.com/ar/4142562097340874752/?w=nlp&l=&oc=sponsored&k=web.1.2.7&uuid=arF001a05bd7b4f99b51&page_item_id=73853478,NLP Engineer,jobrapido,2026-09-01T03:20:59.369891,,,,
7668794860844875776,Senior Software Engineer,"Cadence Design Systems, Inc.",Capital Federal (San Nicolás),,,https://open.app.jobrapido.com/ar/7668794860844875776/?w=nlp&l=&oc=sponsored&k=web.1.2.8&uuid=arF001a05bd7b4f99b51&page_item_id=-2083955361,NLP Engineer,jobrapido,2026-09-01T03:20:59.370391,,,,
3720739357607329792,Full Stack AI Engineer - BuilderEx,RYZ Labs,Capital Federal,,,https://open.app.jobrapido.com/ar/3720739357607329792/?w=nlp&l=&oc=sponsored&k=web.1.2.9&uuid=arF001a05bd7b4f99b51&page_item_id=269627923,NLP Engineer,jobrapido,2026-09-01T03:20:59.370890,,,,
578445076586299392,Client Technology - Engineering - Software Engineering - EY GDS,Ernst & Young Advisory Services Sdn Bhd,Remoto,,,https://open.app.jobrapido.com/ar/578445076586299392/?w=nlp&l=&oc=sponsored&k=web.1.2.10&uuid=arF001a05bd7b4f99b51&page_item_id=-1905485927,NLP Engineer,jobrapido,2026-09-01T03:20:59.371386,,,,
8800824407573397504,Senior AI Engineer,Wakapi,Mendoza,,,https://open.app.jobrapido.com/ar/8800824407573397504/?w=nlp&l=&oc=sponsored&k=web.1.2.11&uuid=arF001a05bd7b4f99b51&page_item_id=-1078794066,NLP Engineer,jobrapido,2026-09-01T03:20:59.371883,,,,
3725173069526859776,Senior AI Engineer,Wakapi,Capital Federal,,,https://open.app.jobrapido.com/ar/3725173069526859776/?w=nlp&l=&oc=sponsored&k=web.1.2.12&uuid=arF001a05bd7b4f99b51&page_item_id=-112291214,NLP Engineer,jobrapido,2026-09-01T03:20:59.372373,,,,
8068494206856855552,Technical Lead (eDiscovery Products),RYZ Labs,Remoto,,,https://open.app.jobrapido.com/ar/8068494206856855552/?w=nlp&l=&oc=sponsored&k=web.1.2.13&uuid=arF001a05bd7b4f99b51&page_item_id=869680544,NLP Engineer,jobrapido,2026-09-01T03:20:59.372900,,,,
2790838393532055552,Senior AI Engineer,TELUS Digital,Capital Federal,,,https://open.app.jobrapido.com/ar/2790838393532055552/?w=nlp&l=&oc=sponsored&k=web.1.2.14&uuid=arF001a05bd7b4f99b51&page_item_id=1435473609,NLP Engineer,jobrapido,2026-09-01T03:20:59.373398,,,,
8588808191729467392,AI Engineer,Huzzle,Remoto,,,https://open.app.jobrapido.com/ar/8588808191729467392/?w=nlp&l=&oc=sponsored&k=web.1.3.0&uuid=arF001a05bd8a6cd9cb0&page_item_id=-92872739,NLP Engineer,jobrapido,2026-09-01T03:22:01.286111,,,,
2259524877155303424,AI Agent Systems Architect - Remote,Azumo,Capital Federal,,,https://open.app.jobrapido.com/ar/2259524877155303424/?w=nlp&l=&oc=sponsored&k=web.1.3.2&uuid=arF001a05bd8a6cd9cb0&page_item_id=-1710932921,NLP Engineer,jobrapido,2026-09-01T03:22:01.286813,,,,
8965807759408758784,Client Technology - Software Engineering - EY Global Delivery Services,EY,Capital Federal,,,https://open.app.jobrapido.com/ar/8965807759408758784/?w=nlp&l=&oc=sponsored&k=web.1.3.3&uuid=arF001a05bd8a6cd9cb0&page_item_id=-1415589765,NLP Engineer,jobrapido,2026-09-01T03:22:01.287301,,,,
6515165889225031680,AI Software Engineer - Remote,Azumo,Capital Federal,,,https://open.app.jobrapido.com/ar/6515165889225031680/?w=nlp&l=&oc=sponsored&k=web.1.3.4&uuid=arF001a05bd8a6cd9cb0&page_item_id=2049331998,NLP Engineer,jobrapido,2026-09-01T03:22:01.287791,,,,
2848785336375443456,AI Forward Deployed Engineer,Marvik,Capital Federal,,,https://open.app.jobrapido.com/ar/2848785336375443456/?w=nlp&l=&oc=sponsored&k=web.1.3.5&uuid=arF001a05bd8a6cd9cb0&page_item_id=814825356,NLP Engineer,jobrapido,2026-09-01T03:22:01.288273,,,,
9151195195197358080,Salesforce AI & Automation Associate,MaxAccelerate,Remoto,,,https://open.app.jobrapido.com/ar/9151195195197358080/?w=nlp&l=&oc=sponsored&k=web.1.3.6&uuid=arF001a05bd8a6cd9cb0&page_item_id=-1123327925,NLP Engineer,jobrapido,2026-09-01T03:22:01.288755,,,,
5200430014272634880,Client Technology Software engineering_Assurance Sr. Engineer/Arch 1 - EY Global Delivery Services,EY,Capital Federal,,,https://open.app.jobrapido.com/ar/5200430014272634880/?w=nlp&l=&oc=sponsored&k=web.1.3.7&uuid=arF001a05bd8a6cd9cb0&page_item_id=-976696924,NLP Engineer,jobrapido,2026-09-01T03:22:01.289236,,,,
4432896955928018944,Senior Python Backend Developer / ML Engineer (IR-535),Intellectsoft,Remoto,,,https://open.app.jobrapido.com/ar/4432896955928018944/?w=nlp&l=&oc=sponsored&k=web.1.3.8&uuid=arF001a05bd8a6cd9cb0&page_item_id=415408979,NLP Engineer,jobrapido,2026-09-01T03:22:01.289718,,,,
2402005795815292928,Senior ML Engineer with Python (IR-536),Intellectsoft,Remoto,,,https://open.app.jobrapido.com/ar/2402005795815292928/?w=nlp&l=&oc=sponsored&k=web.1.3.9&uuid=arF001a05bd8a6cd9cb0&page_item_id=588317866,NLP Engineer,jobrapido,2026-09-01T03:22:01.290196,,,,
9088744429388300288,AI Research Engineer (Multi-Modal Reinforcement Learning) - 100% Remote Worldwide,Tether Operations Limited,Capital Federal,,,https://open.app.jobrapido.com/ar/9088744429388300288/?w=nlp&l=&oc=sponsored&k=web.1.3.10&uuid=arF001a05bd8a6cd9cb0&page_item_id=495852768,NLP Engineer,jobrapido,2026-09-01T03:22:01.290679,,,,
2221760226153988096,Principal NLP Scientist,Sourceability,Trelew,,,https://open.app.jobrapido.com/ar/2221760226153988096/?w=nlp&l=&oc=sponsored&k=web.1.3.11&uuid=arF001a05bd8a6cd9cb0&page_item_id=-750279931,NLP Engineer,jobrapido,2026-09-01T03:22:01.291156,,,,
7402527074839166976,Principal NLP Scientist,Sourceability,Comodoro Rivadavia,,,https://open.app.jobrapido.com/ar/7402527074839166976/?w=nlp&l=&oc=sponsored&k=web.1.3.12&uuid=arF001a05bd8a6cd9cb0&page_item_id=229693413,NLP Engineer,jobrapido,2026-09-01T03:22:01.291636,,,,
763236061676568576,Principal NLP Scientist,Sourceability,Puerto Madryn,,,https://open.app.jobrapido.com/ar/763236061676568576/?w=nlp&l=&oc=sponsored&k=web.1.3.13&uuid=arF001a05bd8a6cd9cb0&page_item_id=-364323351,NLP Engineer,jobrapido,2026-09-01T03:22:01.292111,,,,
1559528770791014400,Senior NLP Scientist: Production-Grade LLMs,Sourceability,Puerto Madryn,,,https://open.app.jobrapido.com/ar/1559528770791014400/?w=nlp&l=&oc=sponsored&k=web.1.3.14&uuid=arF001a05bd8a6cd9cb0&page_item_id=2056509319,NLP Engineer,jobrapido,2026-09-01T03:22:01.292591,,,,
1220800024598806528,Senior NLP Scientist: Production-Grade LLMs,Sourceability,Comodoro Rivadavia,,,https://open.app.jobrapido.com/ar/1220800024598806528/?w=nlp&l=&oc=sponsored&k=web.1.3.15&uuid=arF001a05bd8a6cd9cb0&page_item_id=829799281,NLP Engineer,jobrapido,2026-09-01T03:22:01.293067,,,,
4707247440888070144,AI Delivery Lead: End-to-End Projects (Remote),Marvik,Capital Federal,,,https://open.app.jobrapido.com/ar/4707247440888070144/?w=nlp&l=&oc=sponsored&k=web.1.3.16&uuid=arF001a05bd8a6cd9cb0&page_item_id=502099027,NLP Engineer,jobrapido,2026-09-01T03:22:01.293549,,,,
5371032368742137856,Machine Learning Engineer - IT,Mercado Libre,Capital Federal,,,https://open.app.jobrapido.com/ar/5371032368742137856/?w=nlp&l=&oc=sponsored&k=web.1.3.17&uuid=arF001a05bd8a6cd9cb0&page_item_id=792475650,NLP Engineer,jobrapido,2026-09-01T03:22:01.294028,,,,
2430648554755194880,Solution Architect,EPAM Systems,Rancul,,,https://open.app.jobrapido.com/ar/2430648554755194880/?w=nlp&l=&oc=sponsored&k=web.1.3.18&uuid=arF001a05bd8a6cd9cb0&page_item_id=-83084888,NLP Engineer,jobrapido,2026-09-01T03:22:01.294562,,,,
7838325878672064512,Lead Data Scientist,EPAM Systems,Rancul,,,https://open.app.jobrapido.com/ar/7838325878672064512/?w=nlp&l=&oc=sponsored&k=web.1.3.19&uuid=arF001a05bd8a6cd9cb0&page_item_id=-1494707078,NLP Engineer,jobrapido,2026-09-01T03:22:01.295062,,,,
2485328298796646400,DATA SCIENTIST SSR,Aeropuertos Argentina,Capital Federal,,,https://open.app.jobrapido.com/ar/2485328298796646400/?w=nlp&l=&oc=sponsored&k=web.1.4.0&uuid=arF001a05bda721da14b&page_item_id=-1546905340,NLP Engineer,jobrapido,2026-09-01T03:23:58.945749,,,,
3184477300171210752,"(fluent English) CX Solutions Consultant (LATAM, remote)",SupportYourApp,Capital Federal,,,https://open.app.jobrapido.com/ar/3184477300171210752/?w=nlp&l=&oc=sponsored&k=web.1.4.1&uuid=arF001a05bda721da14b&page_item_id=496784977,NLP Engineer,jobrapido,2026-09-01T03:23:58.946302,,,,
5805372859379351552,Lead AI Engineer,Blend,Capital Federal,,,https://open.app.jobrapido.com/ar/5805372859379351552/?w=nlp&l=&oc=sponsored&k=web.1.4.2&uuid=arF001a05bda721da14b&page_item_id=329262703,NLP Engineer,jobrapido,2026-09-01T03:23:58.946795,,,,
8324974947805954048,Chief AI Solution Engineer,EPAM Systems,Rancul,,,https://open.app.jobrapido.com/ar/8324974947805954048/?w=nlp&l=&oc=sponsored&k=web.1.4.3&uuid=arF001a05bda721da14b&page_item_id=-232560242,NLP Engineer,jobrapido,2026-09-01T03:23:58.947317,,,,
5243254961382359040,Lead AI Solution Engineer,EPAM Systems,Rancul,,,https://open.app.jobrapido.com/ar/5243254961382359040/?w=nlp&l=&oc=sponsored&k=web.1.4.4&uuid=arF001a05bda721da14b&page_item_id=1991100313,NLP Engineer,jobrapido,2026-09-01T03:23:58.947834,,,,
3378122600860352512,Senior AI Solution Engineer,EPAM Systems,Rancul,,,https://open.app.jobrapido.com/ar/3378122600860352512/?w=nlp&l=&oc=sponsored&k=web.1.4.5&uuid=arF001a05bda721da14b&page_item_id=175170497,NLP Engineer,jobrapido,2026-09-01T03:23:58.948319,,,,
2749977844204437504,Tech Lead Data & Ai — Remoto Desde Argentina Rosario,We Are Tims,Rosario,"Open or close the mobile menu Jobrapido Entrar Inscríbete Publica una oferta Ayuda Empresas Clear job input Profesión / Palabras clave Ofertas de trabajo para Tech Lead en Rosario ¿Qué trabajo estás buscando? Clear location input Localidad Búsqueda avanzada de empleo Relevancia Fecha [[distance.label]] [[d.text]] Close Localidad Gran Buenos Aires Capital Federal Córdoba Santa Fé Neuquén Rosario Mendoza Rincón De Los Sauces Gba Sur Mar Del Plata Búsquedas relacionadas Software Software Engineer Python Software Engineer Management Modelo Services Engineer Security Product Engineering Quality Engineer Product Engineer Vuelve a tus resultados: [[backlinkLabel]] Tech Lead Data & Ai — Remoto Desde Argentina Rosario Rosario - Región Centro We Are Tims [[upButtonMessage]] full time www.kitempleo.com.ar 18 ago 2026 We Are TIMS está buscando un/a Tech Lead especializado/a en Data & AI para liderar un equipo en Argentina de forma remota. El candidato adecuado tendrá más de 5 años de experiencia en roles relacionados con datos y al menos 2 años liderando equipos técnicos. Se requiere un dominio experto en AWS, Python y SQL, así como habilidades en NLP y clustering. Esta posición ofrece una compensación en USD y la posibilidad de reubicación a España en el futuro. J-18808-Ljbffr Ver más Ver menos [[downButtonMessage]] LinkedIn Twitter Facebook © 2026 Jobrapido | C.I.F: IT11876271005 Trabajos Empresas Condiciones del Servicio Política de Privacidad Ayuda Contacto",,https://ar.jobrapido.com/jobpreview/2749977844204437504?redirectTo=https%253A%252F%252Fwww.kitempleo.com.ar%252Fempleo%252F52461180%252Ftech-lead-data-ai-remoto-desde-argentina-rosario&w=Python&p=4,NLP Engineer,jobrapido,2026-09-01T03:23:58.948807,,,,
4578125794663989248,Autonomous AI Engineer for Production-Ready Agents (Rosario),Upraze Systems,Rosario,"Open or close the mobile menu Jobrapido Entrar Inscríbete Publica una oferta Ayuda Empresas Clear job input Profesión / Palabras clave Ofertas de trabajo para Autonomous AI en Rosario ¿Qué trabajo estás buscando? Clear location input Localidad Búsqueda avanzada de empleo Relevancia Fecha [[distance.label]] [[d.text]] Close Localidad Gran Buenos Aires Capital Federal Córdoba Santa Fé Neuquén Rosario Mendoza Rincón De Los Sauces Gba Sur Mar Del Plata Búsquedas relacionadas Software Software Engineer Python Software Engineer Management Modelo Services Engineer Security Product Engineering Quality Engineer Product Engineer Vuelve a tus resultados: [[backlinkLabel]] Autonomous AI Engineer for Production-Ready Agents (Rosario) Rosario - Región Centro Upraze Systems [[upButtonMessage]] full time www.kitempleo.com.ar 11 ago 2026 Upraze Systems is seeking an Agentic AI Engineer to design, build, and optimize AI agents capable of perceiving, reasoning, and acting in complex environments. You will develop neural network models, implement agent architectures, and create interfaces between AI components and production-grade software systems. The role requires applying NLP techniques, exploring new algorithms, and ensuring reliability and performance through thorough testing, with collaboration across cross-functional teams. Ver más Ver menos [[downButtonMessage]] LinkedIn Twitter Facebook © 2026 Jobrapido | C.I.F: IT11876271005 Trabajos Empresas Condiciones del Servicio Política de Privacidad Ayuda Contacto",,https://ar.jobrapido.com/jobpreview/4578125794663989248?redirectTo=https%253A%252F%252Fwww.kitempleo.com.ar%252Fempleo%252F52104061%252Fautonomous-ai-engineer-for-production-ready-agents-rosario&w=Python&p=4,NLP Engineer,jobrapido,2026-09-01T03:23:58.949284,,,,
3619969168461266944,Agentic AI Engineer (Rosario),Upraze Systems,Rosario,"Open or close the mobile menu Jobrapido Entrar Inscríbete Publica una oferta Ayuda Empresas Clear job input Profesión / Palabras clave Ofertas de trabajo para Agentic AI en Rosario ¿Qué trabajo estás buscando? Clear location input Localidad Búsqueda avanzada de empleo Relevancia Fecha [[distance.label]] [[d.text]] Close Localidad Gran Buenos Aires Capital Federal Córdoba Santa Fé Neuquén Rosario Mendoza Rincón De Los Sauces Gba Sur Mar Del Plata Búsquedas relacionadas Software Software Engineer Python Software Engineer Management Modelo Services Engineer Security Product Engineering Quality Engineer Product Engineer Vuelve a tus resultados: [[backlinkLabel]] Agentic AI Engineer (Rosario) Rosario - Región Centro Upraze Systems [[upButtonMessage]] full time www.kitempleo.com.ar 11 ago 2026 Company Description: Upraze Systems is a technology company focused on building advanced AI solutions that operate autonomously and reliably in real-world environments. The team works on cutting-edge agentic AI systems, combining modern machine learning techniques with robust software engineering practices. At Upraze Systems, team members collaborate closely across disciplines to design, implement, and deploy AI products that deliver measurable impact for clients. The company values innovation, practical problem-solving, and a culture of continuous learning and experimentation. Role Description: The Agentic AI Engineer will design, build, and optimize AI agents that can perceive, reason, and act within complex environments. Day-to-day responsibilities include developing and integrating neural network models, implementing agent architectures, and creating interfaces between AI components and production-grade software systems. The role involves applying pattern recognition and natural language processing techniques, experimenting with new algorithms, and rigorously testing models for reliability and performance. The engineer will collaborate with cross-functional teams to translate product requirements into technical solutions, document system designs, and contribute to code reviews and best practices. This is a full-time, on-site role based in Greater Rosario. Qualifications: - Strong foundation in Computer Science and Software Engineering, including system design, programming, and software engineering best practices. - Solid knowledge of neural networks and pattern recognition, with experience designing, training, and fine-tuning AI models for agent-based systems. - Experience with Natural Language Processing (NLP) and integrating language models into applications that require text understanding and generation. - Ability to work with APIs, deployment tools, and production environments while ensuring the quality, reliability, and scalability of AI solutions. - Experi Ver más Ver menos [[downButtonMessage]] LinkedIn Twitter Facebook © 2026 Jobrapido | C.I.F: IT11876271005 Trabajos Empresas Condiciones del Servicio Política de Privacidad Ayuda Contacto",,https://ar.jobrapido.com/jobpreview/3619969168461266944?redirectTo=https%253A%252F%252Fwww.kitempleo.com.ar%252Fempleo%252F52103129%252Fagentic-ai-engineer-rosario&w=Python&p=4,NLP Engineer,jobrapido,2026-09-01T03:23:58.949762,,,,
9100179711094423552,(fluent English) CX Solutions Consultant (Rosario),SupportYourApp,Rosario,"Open or close the mobile menu Jobrapido Entrar Inscríbete Publica una oferta Ayuda Empresas Clear job input Profesión / Palabras clave Ofertas de trabajo para CX Solutions en Rosario ¿Qué trabajo estás buscando? Clear location input Localidad Búsqueda avanzada de empleo Relevancia Fecha [[distance.label]] [[d.text]] Close Localidad Gran Buenos Aires Capital Federal Córdoba Santa Fé Neuquén Rosario Mendoza Rincón De Los Sauces Gba Sur Mar Del Plata Búsquedas relacionadas Software Software Engineer Python Software Engineer Management Modelo Services Engineer Security Product Engineering Quality Engineer Product Engineer Vuelve a tus resultados: [[backlinkLabel]] (fluent English) CX Solutions Consultant (Rosario) Rosario - Región Centro SupportYourApp [[upButtonMessage]] full time www.kitempleo.com.ar 11 ago 2026 Who are we? SupportYourApp is an international Intelligent Support-as-a-Service company that has been providing business process outsourcing services to other IT companies around the globe (technical and customer support, services to improve customer experience) for the past 15 years. We have 1500+ people in our international community. We operate globally, supporting clients in 60 languages, partnering with industry leaders like MasterCard, Calm and MacPaw. With international hubs and coworking spaces around the world, we also develop innovative products like Quidget and improve the customer experience every single day. About the role: We are looking for a CX Solutions Consultant to join our community — someone passionate about transforming business processes into intelligent, automated solutions and applying AI in real operational environments. Sounds exciting? There's more to come 💛 What you will do: Evaluate clients' existing customer support platforms (Zendesk, Freshdesk, Intercom, etc.) and assess the maturity of their automation and AI feature usage; Develop AI readiness assessments and roadmaps that outline current-state gaps, target-state vision, and a phased implementation plan; Identify and recommend AI-powered solutions such as chatbots, NLP-driven ticket classification, auto-triage systems, and agent assist tools to improve efficiency and customer experience; Conduct structured discovery and audit sessions with clients to assess current operations, including ticketing workflows, SLAs, and key performance metrics (CSAT, FCR, AHT, response times); Design scalable workflow and automation strategies tailored to each client's support operations, technology stack, and business goals.; Translate technical findings and data-driven insights into clear, actionable recommendations and executive-ready deliverables for both technical and non-technical stakeholders; Analyze support workflows, ticket categories, volume patterns, and escalation paths to identify Ver más Ver menos [[downButtonMessage]] LinkedIn Twitter Facebook © 2026 Jobrapido | C.I.F: IT11876271005 Trabajos Empresas Condiciones del Servicio Política de Privacidad Ayuda Contacto",,https://ar.jobrapido.com/jobpreview/9100179711094423552?redirectTo=https%253A%252F%252Fwww.kitempleo.com.ar%252Fempleo%252F52086810%252Ffluent-english-cx-solutions-consultant-rosario&w=Python&p=4,NLP Engineer,jobrapido,2026-09-01T03:23:58.950230,,,,
140616797626826752,"(fluent English) CX Solutions Consultant (LATAM, remote)",SupportYourApp,Rosario,"Open or close the mobile menu Jobrapido Entrar Inscríbete Publica una oferta Ayuda Empresas Clear job input Profesión / Palabras clave Ofertas de trabajo para CX Solutions en Rosario ¿Qué trabajo estás buscando? Clear location input Localidad Búsqueda avanzada de empleo Relevancia Fecha [[distance.label]] [[d.text]] Close Localidad Gran Buenos Aires Capital Federal Córdoba Santa Fé Neuquén Rosario Mendoza Rincón De Los Sauces Gba Sur Mar Del Plata Búsquedas relacionadas Software Software Engineer Python Software Engineer Management Modelo Services Engineer Security Product Engineering Quality Engineer Product Engineer Vuelve a tus resultados: [[backlinkLabel]] (fluent English) CX Solutions Consultant (LATAM, remote) Rosario - Región Centro SupportYourApp [[upButtonMessage]] full time www.kitempleo.com.ar 10 ago 2026 Who are we? SupportYourApp is an international Intelligent Support-as-a-Service company that has been providing business process outsourcing services to other IT companies around the globe (technical and customer support, services to improve customer experience) for the past 15 years. We have 1500+ people in our international community. We operate globally, supporting clients in 60 languages, partnering with industry leaders like MasterCard, Calm and MacPaw. With international hubs and coworking spaces around the world, we also develop innovative products like Quidget and improve the customer experience every single day. About the role: We are looking for a CX Solutions Consultant to join our community — someone passionate about transforming business processes into intelligent, automated solutions and applying AI in real operational environments. Sounds exciting? There’s more to come What you will do: - Evaluate clients' existing customer support platforms (Zendesk, Freshdesk, Intercom, etc.) and assess the maturity of their automation and AI feature usage; - Develop AI readiness assessments and roadmaps that outline current-state gaps, target-state vision, and a phased implementation plan; - Identify and recommend AI-powered solutions such as chatbots, NLP-driven ticket classification, auto-triage systems, and agent assist tools to improve efficiency and customer experience; - Conduct structured discovery and audit sessions with clients to assess current operations, including ticketing workflows, SLAs, and key performance metrics (CSAT, FCR, AHT, response times); - Design scalable workflow and automation strategies tailored to each client's support operations, technology stack, and business goals.; - Translate technical findings and data-driven insights into clear, actionable recommendations and executive-ready deliverables for both technical and non-technical stakeholders; - Analyze support workflows, ticket categories, volume patterns, and escalation paths to identify inefficiencies, bottlenecks, and high-impact automation opportunities; - Stay current on emerging AI technologies, vendor capabilities, and best practices in customer support automation to advise clients on innovation opportunities. What you need to succeed in this role: - Fluency in English; - 1+ year of professional experience in designing AI-driven customer support automation and workflow optimization strategies; - Strong understanding of customer support operations (ticketing workflows, SLAs, KPIs like CSAT, FCR, AHT); - Hands-on experience with platforms such as Zendesk, Freshdesk, and Intercom, including their automation and AI features; - Solid knowledge of AI applications in customer support (chatbots, NLP, auto-triage, agent assist tools); - Strong analytical skills to identify automation opportunities and inefficiencies; - Experience designing scalable workflows and automation strategies. Will be an advantage: - Basic technical understanding of integrations, APIs, and support system architecture; - Experience running structured discovery/audit sessions to analyze support workflows, ticket categories, and volumes; - Understanding of how to assess and prioritize initiatives based on ROI and business impact; - Experience translating findings into clear, actionable recommendations. Benefits and Perks: - Providing services during business hours; - Opportunity to cooperate fully remotely; - Inclusive international environment; - Compensation in USD; - Rewards for referring friends; - Balance between project workload and personal time, but also – internal health policy; - Responsive leadership interested in your growth and long-lasting cooperation; - Greenhouse conditions for self-development; - A culture built on trust, with no time-tracking requirements. - The items listed in this section may vary depending on the terms of your engagement. Certain benefits and conditions typically apply to employees; independent contractors may not be eligible for all of these. The specific terms, including compensation, benefits, and work conditions, will be clearly defined in your agreement if selected. You can learn more about the company and its culture by visiting our official website and social pages on Facebook, Instagram, and LinkedIn. Are you passionate about connecting systems and driving intelligent automation? Do you thrive in fast-paced environments where you can analyze workflows, implement AI solutions, and collaborate with teams to deliver scalable, high-impact results? Grab the chance to join us and send your CV in English, pointing out your outstanding skills! Know someone perfect for the role? Refer them and get rewarded! We adhere to the principles of equal treatment of candidates and prohibit discrimination on any grounds protected by law. Your personal data will be processed as described in the SupportYourApp Candidate Privacy Notice. Internal job code:2LT Ver más Ver menos [[downButtonMessage]] LinkedIn Twitter Facebook © 2026 Jobrapido | C.I.F: IT11876271005 Trabajos Empresas Condiciones del Servicio Política de Privacidad Ayuda Contacto",,https://ar.jobrapido.com/jobpreview/140616797626826752?redirectTo=https%253A%252F%252Fwww.kitempleo.com.ar%252Fempleo%252F52037953%252Ffluent-english-cx-solutions-consultant-latam-remote-rosario&w=Python&p=4,NLP Engineer,jobrapido,2026-09-01T03:23:58.950707,,,,
9038955656664580096,Business Data Scientist - Marketing (Rosario),Accenture,Rosario,"Open or close the mobile menu Jobrapido Entrar Inscríbete Publica una oferta Ayuda Empresas Clear job input Profesión / Palabras clave Ofertas de trabajo para Business Data en Rosario ¿Qué trabajo estás buscando? Clear location input Localidad Búsqueda avanzada de empleo Relevancia Fecha [[distance.label]] [[d.text]] Close Localidad Gran Buenos Aires Capital Federal Córdoba Santa Fé Neuquén Rosario Mendoza Rincón De Los Sauces Gba Sur Mar Del Plata Búsquedas relacionadas Software Software Engineer Python Software Engineer Management Modelo Services Engineer Security Product Engineering Quality Engineer Product Engineer Vuelve a tus resultados: [[backlinkLabel]] Business Data Scientist - Marketing (Rosario) Rosario - Región Centro Accenture [[upButtonMessage]] other www.kitempleo.com.ar 20 ago 2026 Un perfil orientado a SONG Analytics es un perfil que tiene conocimiento funcional Marketing así como modelos de machine learning orientados a generar valor e insights desde el conocimiento del cliente, tiene que tener pensamiento analítico y conocer los métodos analíticos que usan como medio para resolver distintos casos de uso de negocio, así como capacidad de resolución de problemas. El área de Applied Intelligence orientado a SONG abarca el todo tipo de solución relacionada con el consumidor final, por lo que es necesario que el perfil SONG conozca los conceptos necesarios para brindar una solución orientada a solucionar problemas o simplemente a agregar valor, teniendo en cuenta los requisitos propios de las diferentes propuestas. Es un perfil curioso que busca la causa raíz a problemas y utiliza/propone herramientas analíticas para poder resolverlo a través de distintas técnicas: ML, Segmentación, Optimización, etc. Debe tener conocimiento y entendimiento de las distintas etapas técnicas y funcionales dentro de un proyecto basado en datos: desde adquisición y extracción de los datos desde diferentes fuentes, validación, manipulación, limpieza y transformación de estos para finalmente llegar a la obtención de un modelo de datos que pueda satisfacer las necesidades de cliente. La posterior etapa de validación y demostración de aporte de valor es clave para generar engagement en el cliente. Summary: - Conocimientos funcionales de Marketing. - Capacidad Analítica con el objetivo de brindar insights. - Desarrollo e Implementación de soluciones analíticas performantes. - Ser claro y concreto a la hora de presentar resultados. Funciones del rol A continuación, se presentan algunas de las funciones que un perfil de SONG del equipo BDS se puede encontrar desarrollando en su día a día como parte del staff de un proyecto. - Deberá coordinar la ejecución de actividades dentro de un equipo reducido, asegurarse que las mismas se ejecuten en tiempo y forma. En caso de haber demoras deberá sentirse cómodo para informar los retrasos y generar un plan de contingencias. - Trabajará con expertos de distintos tipos optimización, machine learning, simulación, UX, etc. - Deberá interpretar los requerimientos del cliente, para así poder estimar tiempo y esfuerzo del desarrollo de las tareas. Esta estimación deberá hacerse teniendo en cuenta los datos disponibles, la implicancia del requerimiento a desarrollar sobre el modelo existente y posible efecto sobre el output del modelo. Requerimientos Los skills listados en esta sección constituyen requerimientos necesarios para poder desenvolverse de forma adecuada dentro del equipo y los proyectos en general: Estudios realizados Algunos ejemplos de carreras afines a esta descripción: Ingeniería Industrial, Economía, Administración de Empresas y graduados de otras carreras con Maestrías en Ciencia de Datos, Analytics, y afines. Excluyente: - Experiencia comprobable en algunos de los siguientes modelos: - Customer lifetime value predictivo - Churn - Pricing - Next best offer or Next best action - Customer Segmentation - Propensión de compra, ext. - Dominio de SQL (Intermedio) - Python (Intermedio/Avanzado): - Manejo de librerías para exploración y visualización de datos tales como pandas, numpy, scikit-learn, Matplotlib, Seaborn o Pandas profilling - Modelos de Machine Learning: árbol, Regresión Logística, LGBM, SVM, Red Neuronal, Clusters. - Puede ser una experiencia similar en R Studio, SAS Studio, Java, pySpark. - Conocimientos del proceso de desarrollo de un modelo: entendimiento del problema, modelo conceptual y modelo de datos, tratamiento y limpieza, validación, análisis y explicación de resultados. (Avanzado) - Utilizar A/B testing o técnicas de Machine Learning explainability: SHAP, LIME, dice-ml, etc. (Intermedio). - Inglés (Intermedio/Avanzado). Nice to have: - herramientas de visualización como Tableau/PowerBI - Experiencia utilizando algún proveedor cloud (AWS, GCP, Azure) - Experiencia en NLP, computer vision, recommendation systems. Ok… si llegaste a leer hasta acá, te adelantamos lo que también es necesario que sepas: parte de nuestros grandes incentivos: Pedidos Ya ‍ ️ Prepaga Swiss Medical sin costo para vos y tu grupo familiar primario Reintegro de Conectividad Gimnasio 100% Bonificado Vacaciones Flex Jornada Flex Certificaciones bonificadas Día de cumpleaños libre Bonos Accenture Days Paquete de beneficios flexibles ‍‍‍ Licencias de Paternidad & Maternidad Extendida Ayuda Económica para Guardería y muchos ➕! So… ARE YOU READY TO ROCK? Trabajá desde cualquier parte de la Argentina de forma 100% remota. También ¡tenemos oficinas a disposición en CABA, Córdoba, Mar del Plata y Rosario! EN ACCENTURE, LA IGUALDAD IMPULSA LA INNOVACIÓN ¿Sabías que Accenture fue elegida la compañía más diversa e inclusiva del mundo? Creemos que la fuerza laboral del futuro es una fuerza igualitaria para todos. Todas las decisiones referidas al proceso de selección de empleo se tomarán sin hacer distinción, exclusión o preferencia alguna basada en motivos de raza, color, género, orientación sexual, discapacidad, edad, religión, opinión política o sindical, nacionalidad u origen socioeconómico ni ninguna otra prevista en la legislación vigente, que tengan por efecto anular o alterar la igualdad de oportunidades o de trato entre los candidatos. #LI-LATAM Ver más Ver menos [[downButtonMessage]] LinkedIn Twitter Facebook © 2026 Jobrapido | C.I.F: IT11876271005 Trabajos Empresas Condiciones del Servicio Política de Privacidad Ayuda Contacto",,https://ar.jobrapido.com/jobpreview/9038955656664580096?redirectTo=https%253A%252F%252Fwww.kitempleo.com.ar%252Fempleo%252F52525647%252Fbusiness-data-scientist-marketing-rosario&w=Python&p=4,NLP Engineer,jobrapido,2026-09-01T03:23:58.951180,,,,
8578372434812469248,"AI Engineer II - Marketing Argentina, Remote (Rosario)",Sezzle,Rosario,"Jobrapido Publica una oferta Ayuda Empresas Entrar Inscríbete Profesión / Palabras clave Localidad Ofertas de trabajo para AI Engineer en Rosario Trabajos > AI Engineer > Rosario Localidad Gran Buenos Aires Capital Federal Córdoba Santa Fé Neuquén Rosario Mendoza Rincón De Los Sauces Gba Sur Mar Del Plata Búsquedas relacionadas Software Software Engineer Python Software Engineer Management Modelo Services Engineer Security Product Engineering Quality Engineer Product Engineer Vuelve a tus resultados: [[backlinkLabel]] AI Engineer II - Marketing Argentina, Remote (Rosario) Rosario - Región Centro Sezzle [[upButtonMessage]] full time Publicado enwww.kitempleo.com.ar 18 ago 2026 The salary range for this role is $3,333 - $6,000 per month (Gross in USD)About Sezzle With a mission to financially empower the next generation, Sezzle is revolutionizing the shopping experience beyond payments, blending cutting‑edge tech with seamless, interest‑free installment plans that make shopping smarter and more accessible. We’re not just transforming payments; we’re redefining how people discover, interact with, and purchase the things they love while driving real impact on merchant sales through increased conversions and higher order values. As we continue to shape the future of fintech and retail, we’re building an innovative, dynamic team passionate about creating more than just a transaction but a truly unique shopping journey. About the Role We are seeking an experienced and motivated AI Engineer II who possesses a strong blend of technical skill and business insight. This role offers an exciting opportunity to thrive in a fast‑paced environment, with significant prospects for continued growth and ownership. As a member of the Applied AI team, you will take end‑to‑end ownership of complex platforms and systems that power Sezzle’s AI‑driven capabilities. Your work will span initiatives such as building AI‑powered platforms from scratch, developing intelligent automation and orchestration systems, and embedding proprietary AI solutions directly into customer‑facing products, internal tools, and operational workflows. What You'll DoLead the design, development, and ownership of AI‑powered internal platforms and systems, including initiatives built from the ground up with a focus on Marketing. Own end‑to‑end delivery of complex projects, from problem discovery and system design through production rollout and iteration. Design and implement AI‑driven features, intelligent automation, and orchestration systems that enhance customer experiences and compound productivity across teams. Embed AI capabilities into customer‑facing products, internal tools, and operational workflows, ensuring solutions integrate naturally and deliver measurable value. Build full‑stack systems spanning backend services, APIs, data layers, and frontend interfaces. Translate ambiguous business and operational problems into scalable, maintainable, AI‑enabled technical solutions. Apply strong systems thinking to ensure reliability, performance, security, permissions, and auditability across platforms. Collaborate closely with engineers, teams, and stakeholders across the company to identify high‑impact opportunities and drive adoption. Participate in production support and incident response for owned systems, helping define and uphold reliability and operational best practices. Mentor AI team members through code reviews, design feedback, and hands‑on guidance, raising the overall quality bar of the team. What We Look for3–5 years of professional experience in software engineering, AI engineering, platform engineering, or related roles. Hands‑on experience designing, building, and shipping AI‑powered systems into production environments. Strong proficiency in Python, SQL, and frontend frameworks such as React. Proven experience designing and owning production‑grade full‑stack systems. Experience working with distributed systems, internal platforms, or complex data workflows. Ability to operate effectively in ambiguous problem spaces and drive solutions with minimal direction. Preferred Qualifications Experience building AI‑first platforms or internal products from scratch, including early architectural decisions. Strong foundation in core machine learning and data science principles, including supervised/unsupervised learning, feature engineering, model evaluation, and statistical inference. Experience with transformer architectures (BERT, GPT, etc.) and understanding of attention mechanisms, tokenization, and fine‑tuning strategies for domain‑specific applications. Experience developing AI‑assisted or agentic systems that interact with tools, data, or workflows. Familiarity with embeddings and vector representations, including text embeddings, similarity search, and integration with vector databases (Pinecone, Weaviate, pgvector, or similar). Experience with NLP techniques including text classification, named entity recognition, semantic search, and information extraction. Familiarity with cloud‑native development using AWS. Understanding of prompt engineering, retrieval‑augmented generation (RAG), and LLM application patterns. Experience with containerized systems and orchestration tools such as Docker and Kubernetes. Exposure to CI/CD pipelines and modern development workflows (e.g., Git Lab). Experience with Golang is a plus (or willingness to learn). Experience with Braze or similar consumer‑facing CRM platforms and/or various B2C digital marketing channels like affiliate, CTV, paid social, paid search, GEO/SEO, DSP. About You You have relentlessly high standards – you continually raise the bar and drive those around you to deliver great results. You’re not bound by convention – you develop new ways to do things. You need action – speed matters; many decisions and actions are reversible and do not need extensive study. You earn trust – you listen attentively, speak candidly, and treat others respectfully. What Makes Working at Sezzle Awesome At Sezzle, we are more than just brilliant engineers, passionate data enthusiasts, out‑of‑the‑box thinkers, and determined innovators. We believe in surrounding ourselves with only the best and the brightest individuals. Our culture is defined by the visible example of living in every employee that we hire, rather than a set of perks that merely imitate traditional startup culture. Remote – Full Time #J-18808-Ljbffr Ver más Ver menos [[downButtonMessage]] LinkedIn Twitter Facebook © 2026 Jobrapido | C.I.F: IT11876271005 Trabajos Empresas Condiciones del Servicio Política de Privacidad Ayuda Contacto",,https://ar.jobrapido.com/jobpreview/8578372434812469248?redirectTo=https%253A%252F%252Fwww.kitempleo.com.ar%252Fempleo%252F52535194%252Fai-engineer-ii-marketing-argentina-remote-rosario&w=Python&p=4,NLP Engineer,jobrapido,2026-09-01T03:23:58.951685,,,,
3698465640030404608,Principal Nlp Scientist (Chubut),Sourceability,Chubut,"Open or close the mobile menu Jobrapido Entrar Inscríbete Publica una oferta Ayuda Empresas Clear job input Profesión / Palabras clave Ofertas de trabajo para Principal Nlp en Chubut ¿Qué trabajo estás buscando? Clear location input Localidad Búsqueda avanzada de empleo Relevancia Fecha [[distance.label]] [[d.text]] Close Localidad Gran Buenos Aires Capital Federal Córdoba Santa Fé Neuquén Rosario Mendoza Rincón De Los Sauces Gba Sur Mar Del Plata Búsquedas relacionadas Software Software Engineer Python Software Engineer Management Modelo Services Engineer Security Product Engineering Quality Engineer Product Engineer Vuelve a tus resultados: [[backlinkLabel]] Principal Nlp Scientist (Chubut) Chubut - Región Patagonia Sourceability [[upButtonMessage]] full time www.kitempleo.com.ar 22 ago 2026 Sourceability® is a integral digital distributor of electronic components transforming how modern businesses bring products to market. With innovation, quality and logistics as the backbone of the company, Sourceability's cutting‐edge products and services expedite the procurement process across a wide range of industries, including communications/cellular, consumer electronics, and auto manufacturing. The Principal NLP Scientist is a senior technical leader responsible for designing, researching, and improving advanced Natural Language Processing and Large Language Model capabilities for production business systems. This role combines applied research, hands‐on model development, technical architecture, and practical product impact. The Principal NLP Scientist will lead the design of NLP solutions for named entity recognition, text classification, text generation, semantic search, information extraction, and other language‐driven automation use cases. This is not only a research role. The focus is to take modern NLP and LLM technologies and make them reliable, measurable, maintainable, and useful inside real production workflows. Assigned Product Group Product Group | NLP / AI Automation Stream | Software Engineering / AI & Machine Learning Role Type | Principal-level individual contributor / technical leader The Principal NLP Scientist will work closely with engineers, data engineers, product managers, analysts, and data annotation teams to define, build, evaluate, and continuously improve NLP models and language‐based automation systems. Product Group Focus Areas The NLP product group is responsible for building and improving systems related to: Named entity recognition and structured data extraction Text classification and categorization Text generation and language‐based automation Large Language Model evaluation, adaptation, and integration Retrieval‐augmented generation and semantic search Knowledge graph and GraphRAG‐based approaches for connecting structured business data, unstructured text, and entity relationships in AI assistant workflows Data preparation, annotation strategy, and labeling quality Model evaluation, monitoring, and production performance Applied NLP research and prototype development Integration of NLP models into internal business applications Insight on Your Impact In this role, you will influence how the company uses modern NLP and LLM technologies across internal platforms and operational workflows. You will define technical direction for NLP systems, evaluate new approaches, design experiments, create prototypes, and help move successful models into production. Your work will directly affect automation quality, data processing accuracy, operational efficiency, and the long‐term AI capabilities of the company. The role requires strong scientific depth, but also practical engineering judgment. The right candidate should be able to read research papers, understand model architecture, design measurable experiments, and also work with engineers to make sure the final solution can run reliably in production. Your Qualifications, Your Influence To be successful in this role, you should have: PhD in Computer Science, Machine Learning, Artificial Intelligence, Computational Linguistics, Applied Mathematics, Data Science, or a closely related technical field 8+ years of professional experience in machine learning, artificial intelligence, or NLP 5+ years of hands‐on experience building NLP models for production or near‐production systems Deep understanding of modern neural network architectures, including RNN, CNN, Transformer‐based architectures, attention mechanisms, embeddings, fine‐tuning strategies, layers, modules, and loss functions Strong practical experience with NLP tasks such as NER, classification, text generation, semantic similarity, information extraction, and document understanding Strong experience with Large Language Models, including model evaluation, prompt design, fine‐tuning, retrieval‐augmented generation, and safe production usage Practical understanding of RAG, GraphRAG, knowledge graphs, embeddings, and hybrid retrieval approaches for production LLM applications Strong hands‐on experience with Python Strong experience with PyTorch and Hugging Face Transformers Experience with ONNX or other model optimization / model serving formats Strong understanding of data preparation, data quality, labeling workflows, annotation guidelines, and model evaluation metrics Practical experience with main data analysis and machine learning libraries, including Pandas, NumPy, SciPy, scikit‐learn, and Matplotlib Experience working with SQL databases and structured business data Experience with cloud platforms such as Microsoft Azure or AWS Ability to design experiments, define success metrics, compare model approaches, and explain trade‐offs clearly Strong written and verbal English communication skills Experience working in Agile engineering environments Ability to provide technical leadership without requiring formal people management authority Preferred Skills and Technical Familiarity The following experience will be helpful: Experience leading NLP or AI research initiatives in a commercial production environment Experience with multilingual NLP systems Experience with vector databases, embeddings, semantic search, and RAG architectures Experience with knowledge graph concepts, including entity and relationship modeling, graph schema design, traversal queries, and LLM integration with graph databases such as Neo4j, FalkorDB, or similar technologies Experience with model serving, monitoring, drift detection, and production ML observability Experience with Docker and containerized ML workloads Experience with MLOps practices and CI/CD for machine learning systems Experience working with data annotation teams and creating annotation instructions Experience with . NET / C#, ASP.NET Core, or integration of ML services into enterprise software platforms Experience building prototypes, demos, and proof‐of‐concept applications for new AI capabilities Publications, patents, or recognized technical contributions in NLP, machine learning, or applied AI are a plus Success in the First 90 Days Understand the current NLP and AI automation landscape inside the company Review existing models, datasets, annotation processes, and production use cases Identify the highest‐impact opportunities for NLP and LLM improvements Define practical evaluation metrics for current and future NLP models Create a technical roadmap for improving NER, classification, generation, and information extraction capabilities Propose clear standards for data labeling quality, model validation, and production readiness Deliver at least one meaningful prototype or improvement proposal with measurable business value Establish strong working relationships with engineering, product, data, and operations stakeholders What This Role Does Not Own This role does not own general IT infrastructure, end‐user support, business operations, or manual data entry processes. The Principal NLP Scientist is also not the sole owner of product priorities or business requirements. Product management owns business prioritization, backlog structure, and stakeholder alignment. This role owns the scientific and technical direction for NLP and LLM capabilities and provides expert guidance on what is technically possible, reliable, and production‐ready. EQUAL OPPORTUNITY EMPLOYER It is our policy to abide by all federal, state and local laws prohibiting employment discrimination based on a person's race, color, religious creed, sex, national origin, ancestry, citizenship status, pregnancy, childbirth, physical disability, mental and/or intellectual disability, age, military status, veteran status (including protected veterans), marital status, registered domestic partner or civil union status, familial status, gender (including sex stereotyping and gender identity or expression), medical condition (including, but not limited to, cancer related or HIV/AIDS related), genetic information, sexual orientation, or any other protected status. #J-*****-Ljbffr Ver más Ver menos [[downButtonMessage]] LinkedIn Twitter Facebook © 2026 Jobrapido | C.I.F: IT11876271005 Trabajos Empresas Condiciones del Servicio Política de Privacidad Ayuda Contacto",,https://ar.jobrapido.com/jobpreview/3698465640030404608?redirectTo=https%253A%252F%252Fwww.kitempleo.com.ar%252Fempleo%252F52643527%252Fprincipal-nlp-scientist-chubut&w=Python&p=4,NLP Engineer,jobrapido,2026-09-01T03:23:58.952159,,,,
5448781584721248256,Principal NLP Scientist (Trelew),Sourceability,Trelew,"Jobrapido Publica una oferta Ayuda Empresas Entrar Inscríbete Profesión / Palabras clave Localidad Ofertas de trabajo para Principal NLP en Trelew Trabajos > Principal NLP > Trelew Localidad Gran Buenos Aires Capital Federal Córdoba Santa Fé Neuquén Rosario Mendoza Rincón De Los Sauces Gba Sur Mar Del Plata Búsquedas relacionadas Software Software Engineer Python Software Engineer Management Modelo Services Engineer Security Product Engineering Quality Engineer Product Engineer Vuelve a tus resultados: [[backlinkLabel]] Principal NLP Scientist (Trelew) Trelew - Región Patagonia Sourceability [[upButtonMessage]] full time Publicado enwww.kitempleo.com.ar 16 ago 2026 Sourceability® is a integral digital distributor of electronic components transforming how modern businesses bring products to market. With innovation, quality and logistics as the backbone of the company, Sourceability's cutting‑edge products and services expedite the procurement process across a wide range of industries, including communications/cellular, consumer electronics, and auto manufacturing. The Principal NLP Scientist is a senior technical leader responsible for designing, researching, and improving advanced Natural Language Processing and Large Language Model capabilities for production business systems. This role combines applied research, hands‑on model development, technical architecture, and practical product impact. The Principal NLP Scientist will lead the design of NLP solutions for named entity recognition, text classification, text generation, semantic search, information extraction, and other language‑driven automation use cases. This is not only a research role. The focus is to take modern NLP and LLM technologies and make them reliable, measurable, maintainable, and useful inside real production workflows. Assigned Product Group - Product Group | NLP / AI Automation - Stream | Software Engineering / AI & Machine Learning - Role Type | Principal-level individual contributor / technical leader The Principal NLP Scientist will work closely with engineers, data engineers, product managers, analysts, and data annotation teams to define, build, evaluate, and continuously improve NLP models and language‑based automation systems. Product Group Focus Areas The NLP product group is responsible for building and improving systems related to: - Named entity recognition and structured data extraction - Text classification and categorization - Text generation and language‑based automation - Large Language Model evaluation, adaptation, and integration - Retrieval‑augmented generation and semantic search - Knowledge graph and GraphRAG‑based approaches for connecting structured business data, unstructured text, and entity relationships in AI assistant workflows - Data preparation, annotation strategy, and labeling quality - Model evaluation, monitoring, and production performance - Applied NLP research and prototype development - Integration of NLP models into internal business applications Insight on Your Impact In this role, you will influence how the company uses modern NLP and LLM technologies across internal platforms and operational workflows. You will define technical direction for NLP systems, evaluate new approaches, design experiments, create prototypes, and help move successful models into production. Your work will directly affect automation quality, data processing accuracy, operational efficiency, and the long‑term AI capabilities of the company. The role requires strong scientific depth, but also practical engineering judgment. The right candidate should be able to read research papers, understand model architecture, design measurable experiments, and also work with engineers to make sure the final solution can run reliably in production. Your Qualifications, Your Influence To be successful in this role, you should have: - PhD in Computer Science, Machine Learning, Artificial Intelligence, Computational Linguistics, Applied Mathematics, Data Science, or a closely related technical field - 8+ years of professional experience in machine learning, artificial intelligence, or NLP - 5+ years of hands‑on experience building NLP models for production or near‑production systems - Deep understanding of modern neural network architectures, including RNN, CNN, Transformer‑based architectures, attention mechanisms, embeddings, fine‑tuning strategies, layers, modules, and loss functions - Strong practical experience with NLP tasks such as NER, classification, text generation, semantic similarity, information extraction, and document understanding - Strong experience with Large Language Models, including model evaluation, prompt design, fine‑tuning, retrieval‑augmented generation, and safe production usage - Practical understanding of RAG, GraphRAG, knowledge graphs, embeddings, and hybrid retrieval approaches for production LLM applications - Strong hands‑on experience with Python - Strong experience with PyTorch and Hugging Face Transformers - Experience with ONNX or other model optimization / model serving formats - Strong understanding of data preparation, data quality, labeling workflows, annotation guidelines, and model evaluation metrics - Practical experience with main data analysis and machine learning libraries, including Pandas, NumPy, SciPy, scikit‑learn, and Matplotlib - Experience working with SQL databases and structured business data - Experience with cloud platforms such as Microsoft Azure or AWS - Ability to design experiments, define success metrics, compare model approaches, and explain trade‑offs clearly - Strong written and verbal English communication skills - Experience working in Agile engineering environments - Ability to provide technical leadership without requiring formal people management authority Preferred Skills and Technical Familiarity The following experience will be helpful: - Experience leading NLP or AI research initiatives in a commercial production environment - Experience with multilingual NLP systems - Experience with vector databases, embeddings, semantic search, and RAG architectures - Experience with knowledge graph concepts, including entity and relationship modeling, graph schema design, traversal queries, and LLM integration with graph databases such as Neo4j, FalkorDB, or similar technologies - Experience with model serving, monitoring, drift detection, and production ML observability - Experience with Docker and containerized ML workloads - Experience with MLOps practices and CI/CD for machine learning systems - Experience working with data annotation teams and creating annotation instructions - Experience with .NET / C#, ASP.NET Core, or integration of ML services into enterprise software platforms - Experience building prototypes, demos, and proof‑of‑concept applications for new AI capabilities - Publications, patents, or recognized technical contributions in NLP, machine learning, or applied AI are a plus Success in the First 90 Days - Understand the current NLP and AI automation landscape inside the company - Review existing models, datasets, annotation processes, and production use cases - Identify the highest‑impact opportunities for NLP and LLM improvements - Define practical evaluation metrics for current and future NLP models - Create a technical roadmap for improving NER, classification, generation, and information extraction capabilities - Propose clear standards for data labeling quality, model validation, and production readiness - Deliver at least one meaningful prototype or improvement proposal with measurable business value - Establish strong working relationships with engineering, product, data, and operations stakeholders What This Role Does Not Own This role does not own general IT infrastructure, end‑user support, business operations, or manual data entry processes. The Principal NLP Scientist is also not the sole owner of product priorities or business requirements. Product management owns business prioritization, backlog structure, and stakeholder alignment. This role owns the scientific and technical direction for NLP and LLM capabilities and provides expert guidance on what is technically possible, reliable, and production‑ready. EQUAL OPPORTUNITY EMPLOYER It is our policy to abide by all federal, state and local laws prohibiting employment discrimination based on a person's race, color, religious creed, sex, national origin, ancestry, citizenship status, pregnancy, childbirth, physical disability, mental and/or intellectual disability, age, military status, veteran status (including protected veterans), marital status, registered domestic partner or civil union status, familial status, gender (including sex stereotyping and gender identity or expression), medical condition (including, but not limited to, cancer related or HIV/AIDS related), genetic information, sexual orientation, or any other protected status. Ver más Ver menos [[downButtonMessage]] LinkedIn Twitter Facebook © 2026 Jobrapido | C.I.F: IT11876271005 Trabajos Empresas Condiciones del Servicio Política de Privacidad Ayuda Contacto",,https://ar.jobrapido.com/jobpreview/5448781584721248256?redirectTo=https%253A%252F%252Fwww.kitempleo.com.ar%252Fempleo%252F52399023%252Fprincipal-nlp-scientist-trelew&w=Python&p=4,NLP Engineer,jobrapido,2026-09-01T03:23:58.952637,,,,
5286896553573744640,Principal NLP Scientist (Esquel),Sourceability,Esquel,"Open or close the mobile menu Jobrapido Entrar Inscríbete Publica una oferta Ayuda Empresas Clear job input Profesión / Palabras clave Ofertas de trabajo para Principal NLP en Esquel ¿Qué trabajo estás buscando? Clear location input Localidad Búsqueda avanzada de empleo Relevancia Fecha [[distance.label]] [[d.text]] Close Localidad Gran Buenos Aires Capital Federal Córdoba Santa Fé Neuquén Rosario Mendoza Rincón De Los Sauces Gba Sur Mar Del Plata Búsquedas relacionadas Software Software Engineer Python Software Engineer Management Modelo Services Engineer Security Product Engineering Quality Engineer Product Engineer Vuelve a tus resultados: [[backlinkLabel]] Principal NLP Scientist (Esquel) Esquel - Región Patagonia Sourceability [[upButtonMessage]] full time www.kitempleo.com.ar 14 ago 2026 Sourceability® is a integral digital distributor of electronic components transforming how modern businesses bring products to market. With innovation, quality and logistics as the backbone of the company, Sourceability's cutting‑edge products and services expedite the procurement process across a wide range of industries, including communications/cellular, consumer electronics, and auto manufacturing. The Principal NLP Scientist is a senior technical leader responsible for designing, researching, and improving advanced Natural Language Processing and Large Language Model capabilities for production business systems. This role combines applied research, hands‑on model development, technical architecture, and practical product impact. The Principal NLP Scientist will lead the design of NLP solutions for named entity recognition, text classification, text generation, semantic search, information extraction, and other language‑driven automation use cases. This is not only a research role. The focus is to take modern NLP and LLM technologies and make them reliable, measurable, maintainable, and useful inside real production workflows. Assigned Product Group - Product Group | NLP / AI Automation - Stream | Software Engineering / AI & Machine Learning - Role Type | Principal-level individual contributor / technical leader The Principal NLP Scientist will work closely with engineers, data engineers, product managers, analysts, and data annotation teams to define, build, evaluate, and continuously improve NLP models and language‑based automation systems. Product Group Focus Areas The NLP product group is responsible for building and improving systems related to: - Named entity recognition and structured data extraction - Text classification and categorization - Text generation and language‑based automation - Large Language Model evaluation, adaptation, and integration - Retrieval‑augmented generation and semantic search - Knowledge graph and GraphRAG‑based approaches for connecting structured business data, unstructured text, and entity relationships in AI assistant workflows - Data preparation, annotation strategy, and labeling quality - Model evaluation, monitoring, and production performance - Applied NLP research and prototype development - Integration of NLP models into internal business applications Insight on Your Impact In this role, you will influence how the company uses modern NLP and LLM technologies across internal platforms and operational workflows. You will define technical direction for NLP systems, evaluate new approaches, design experiments, create prototypes, and help move successful models into production. Your work will directly affect automation quality, data processing accuracy, operational efficiency, and the long‑term AI capabilities of the company. The role requires strong scientific depth, but also practical engineering judgment. The right candidate should be able to read research papers, understand model architecture, design measurable experiments, and also work with engineers to make sure the final solution can run reliably in production. Your Qualifications, Your Influence To be successful in this role, you should have: - PhD in Computer Science, Machine Learning, Artificial Intelligence, Computational Linguistics, Applied Mathematics, Data Science, or a closely related technical field - 8+ years of professional experience in machine learning, artificial intelligence, or NLP - 5+ years of hands‑on experience building NLP models for production or near‑production systems - Deep understanding of modern neural network architectures, including RNN, CNN, Transformer‑based architectures, attention mechanisms, embeddings, fine‑tuning strategies, layers, modules, and loss functions - Strong practical experience with NLP tasks such as NER, classification, text generation, semantic similarity, information extraction, and document understanding - Strong experience with Large Language Models, including model evaluation, prompt design, fine‑tuning, retrieval‑augmented generation, and safe production usage - Practical understanding of RAG, GraphRAG, knowledge graphs, embeddings, and hybrid retrieval approaches for production LLM applications - Strong hands‑on experience with Python - Strong experience with PyTorch and Hugging Face Transformers - Experience with ONNX or other model optimization / model serving formats - Strong understanding of data preparation, data quality, labeling workflows, annotation guidelines, and model evaluation metrics - Practical experience with main data analysis and machine learning libraries, including Pandas, NumPy, SciPy, scikit‑learn, and Matplotlib - Experience working with SQL databases and structured business data - Experience with cloud platforms such as Microsoft Azure or AWS - Ability to design experiments, define success metrics, compare model approaches, and explain trade‑offs clearly - Strong written and verbal English communication skills - Experience working in Agile engineering environments - Ability to provide technical leadership without requiring formal people management authority Preferred Skills and Technical Familiarity The following experience will be helpful: - Experience leading NLP or AI research initiatives in a commercial production environment - Experience with multilingual NLP systems - Experience with vector databases, embeddings, semantic search, and RAG architectures - Experience with knowledge graph concepts, including entity and relationship modeling, graph schema design, traversal queries, and LLM integration with graph databases such as Neo4j, FalkorDB, or similar technologies - Experience with model serving, monitoring, drift detection, and production ML observability - Experience with Docker and containerized ML workloads - Experience with MLOps practices and CI/CD for machine learning systems - Experience working with data annotation teams and creating annotation instructions - Experience with .NET / C#, ASP.NET Core, or integration of ML services into enterprise software platforms - Experience building prototypes, demos, and proof‑of‑concept applications for new AI capabilities - Publications, patents, or recognized technical contributions in NLP, machine learning, or applied AI are a plus Success in the First 90 Days - Understand the current NLP and AI automation landscape inside the company - Review existing models, datasets, annotation processes, and production use cases - Identify the highest‑impact opportunities for NLP and LLM improvements - Define practical evaluation metrics for current and future NLP models - Create a technical roadmap for improving NER, classification, generation, and information extraction capabilities - Propose clear standards for data labeling quality, model validation, and production readiness - Deliver at least one meaningful prototype or improvement proposal with measurable business value - Establish strong working relationships with engineering, product, data, and operations stakeholders What This Role Does Not Own This role does not own general IT infrastructure, end‑user support, business operations, or manual data entry processes. The Principal NLP Scientist is also not the sole owner of product priorities or business requirements. Product management owns business prioritization, backlog structure, and stakeholder alignment. This role owns the scientific and technical direction for NLP and LLM capabilities and provides expert guidance on what is technically possible, reliable, and production‑ready. EQUAL OPPORTUNITY EMPLOYER It is our policy to abide by all federal, state and local laws prohibiting employment discrimination based on a person's race, color, religious creed, sex, national origin, ancestry, citizenship status, pregnancy, childbirth, physical disability, mental and/or intellectual disability, age, military status, veteran status (including protected veterans), marital status, registered domestic partner or civil union status, familial status, gender (including sex stereotyping and gender identity or expression), medical condition (including, but not limited to, cancer related or HIV/AIDS related), genetic information, sexual orientation, or any other protected status. Ver más Ver menos [[downButtonMessage]] LinkedIn Twitter Facebook © 2026 Jobrapido | C.I.F: IT11876271005 Trabajos Empresas Condiciones del Servicio Política de Privacidad Ayuda Contacto",,https://ar.jobrapido.com/jobpreview/5286896553573744640?redirectTo=https%253A%252F%252Fwww.kitempleo.com.ar%252Fempleo%252F52278695%252Fprincipal-nlp-scientist-esquel&w=Python&p=4,NLP Engineer,jobrapido,2026-09-01T03:23:58.953107,,,,
123563561258582016,Principal NLP Scientist (Comodoro Rivadavia),Sourceability,Comodoro Rivadavia,"Open or close the mobile menu Jobrapido Entrar Inscríbete Publica una oferta Ayuda Empresas Clear job input Profesión / Palabras clave Ofertas de trabajo para Principal NLP en Comodoro Rivadavia ¿Qué trabajo estás buscando? Clear location input Localidad Búsqueda avanzada de empleo Relevancia Fecha [[distance.label]] [[d.text]] Close Localidad Gran Buenos Aires Capital Federal Córdoba Santa Fé Neuquén Rosario Mendoza Rincón De Los Sauces Gba Sur Mar Del Plata Búsquedas relacionadas Software Software Engineer Python Software Engineer Management Modelo Services Engineer Security Product Engineering Quality Engineer Product Engineer Vuelve a tus resultados: [[backlinkLabel]] Principal NLP Scientist (Comodoro Rivadavia) Comodoro Rivadavia - Región Patagonia Sourceability [[upButtonMessage]] full time www.kitempleo.com.ar 16 ago 2026 Sourceability® is a general digital distributor of electronic components transforming how modern businesses bring products to market. With innovation, quality and logistics as the backbone of the company, Sourceability's cutting‑edge products and services expedite the procurement process across a wide range of industries, including communications/cellular, consumer electronics, and auto manufacturing. The Principal NLP Scientist is a senior technical leader responsible for designing, researching, and improving advanced Natural Language Processing and Large Language Model capabilities for production business systems. This role combines applied research, hands‑on model development, technical architecture, and practical product impact. The Principal NLP Scientist will lead the design of NLP solutions for named entity recognition, text classification, text generation, semantic search, information extraction, and other language‑driven automation use cases. This is not only a research role. The focus is to take modern NLP and LLM technologies and make them reliable, measurable, maintainable, and useful inside real production workflows. Assigned Product Group - Product Group | NLP / AI Automation - Stream | Software Engineering / AI & Machine Learning - Role Type | Principal-level individual contributor / technical leader The Principal NLP Scientist will work closely with engineers, data engineers, product managers, analysts, and data annotation teams to define, build, evaluate, and continuously improve NLP models and language‑based automation systems. Product Group Focus Areas The NLP product group is responsible for building and improving systems related to: - Named entity recognition and structured data extraction - Text classification and categorization - Text generation and language‑based automation - Large Language Model evaluation, adaptation, and integration - Retrieval‑augmented generation and semantic search - Knowledge graph and GraphRAG‑based approaches for connecting structured business data, unstructured text, and entity relationships in AI assistant workflows - Data preparation, annotation strategy, and labeling quality - Model evaluation, monitoring, and production performance - Applied NLP research and prototype development - Integration of NLP models into internal business applications Insight on Your Impact In this role, you will influence how the company uses modern NLP and LLM technologies across internal platforms and operational workflows. You will define technical direction for NLP systems, evaluate new approaches, design experiments, create prototypes, and help move successful models into production. Your work will directly affect automation quality, data processing accuracy, operational efficiency, and the long‑term AI capabilities of the company. The role requires strong scientific depth, but also practical engineering judgment. The right candidate should be able to read research papers, understand model architecture, design measurable experiments, and also work with engineers to make sure the final solution can run reliably in production. Your Qualifications, Your Influence To be successful in this role, you should have: - PhD in Computer Science, Machine Learning, Artificial Intelligence, Computational Linguistics, Applied Mathematics, Data Science, or a closely related technical field - 8+ years of professional experience in machine learning, artificial intelligence, or NLP - 5+ years of hands‑on experience building NLP models for production or near‑production systems - Deep understanding of modern neural network architectures, including RNN, CNN, Transformer‑based architectures, attention mechanisms, embeddings, fine‑tuning strategies, layers, modules, and loss functions - Strong practical experience with NLP tasks such as NER, classification, text generation, semantic similarity, information extraction, and document understanding - Strong experience with Large Language Models, including model evaluation, prompt design, fine‑tuning, retrieval‑augmented generation, and safe production usage - Practical understanding of RAG, GraphRAG, knowledge graphs, embeddings, and hybrid retrieval approaches for production LLM applications - Strong hands‑on experience with Python - Strong experience with PyTorch and Hugging Face Transformers - Experience with ONNX or other model optimization / model serving formats - Strong understanding of data preparation, data quality, labeling workflows, annotation guidelines, and model evaluation metrics - Practical experience with main data analysis and machine learning libraries, including Pandas, NumPy, SciPy, scikit‑learn, and Matplotlib - Experience working with SQL databases and structured business data - Experience with cloud platforms such as Microsoft Azure or AWS - Ability to design experiments, define success metrics, compare model approaches, and explain trade‑offs clearly - Strong written and verbal English communication skills - Experience working in Agile engineering environments - Ability to provide technical leadership without requiring formal people management authority Preferred Skills and Technical Familiarity The following experience will be helpful: - Experience leading NLP or AI research initiatives in a commercial production environment - Experience with multilingual NLP systems - Experience with vector databases, embeddings, semantic search, and RAG architectures - Experience with knowledge graph concepts, including entity and relationship modeling, graph schema design, traversal queries, and LLM integration with graph databases such as Neo4j, FalkorDB, or similar technologies - Experience with model serving, monitoring, drift detection, and production ML observability - Experience with Docker and containerized ML workloads - Experience with MLOps practices and CI/CD for machine learning systems - Experience working with data annotation teams and creating annotation instructions - Experience with .NET / C#, ASP.NET Core, or integration of ML services into enterprise software platforms - Experience building prototypes, demos, and proof‑of‑concept applications for new AI capabilities - Publications, patents, or recognized technical contributions in NLP, machine learning, or applied AI are a plus Success in the First 90 Days - Understand the current NLP and AI automation landscape inside the company - Review existing models, datasets, annotation processes, and production use cases - Identify the highest‑impact opportunities for NLP and LLM improvements - Define practical evaluation metrics for current and future NLP models - Create a technical roadmap for improving NER, classification, generation, and information extraction capabilities - Propose clear standards for data labeling quality, model validation, and production readiness - Deliver at least one meaningful prototype or improvement proposal with measurable business value - Establish strong working relationships with engineering, product, data, and operations stakeholders What This Role Does Not Own This role does not own general IT infrastructure, end‑user support, business operations, or manual data entry processes. The Principal NLP Scientist is also not the sole owner of product priorities or business requirements. Product management owns business prioritization, backlog structure, and stakeholder alignment. This role owns the scientific and technical direction for NLP and LLM capabilities and provides expert guidance on what is technically possible, reliable, and production‑ready. EQUAL OPPORTUNITY EMPLOYER It is our policy to abide by all federal, state and local laws prohibiting employment discrimination based on a person's race, color, religious creed, sex, national origin, ancestry, citizenship status, pregnancy, childbirth, physical disability, mental and/or intellectual disability, age, military status, veteran status (including protected veterans), marital status, registered domestic partner or civil union status, familial status, gender (including sex stereotyping and gender identity or expression), medical condition (including, but not limited to, cancer related or HIV/AIDS related), genetic information, sexual orientation, or any other protected status. Ver más Ver menos [[downButtonMessage]] LinkedIn Twitter Facebook © 2026 Jobrapido | C.I.F: IT11876271005 Trabajos Empresas Condiciones del Servicio Política de Privacidad Ayuda Contacto",,https://ar.jobrapido.com/jobpreview/123563561258582016?redirectTo=https%253A%252F%252Fwww.kitempleo.com.ar%252Fempleo%252F52399025%252Fprincipal-nlp-scientist-comodoro-rivadavia&w=Python&p=4,NLP Engineer,jobrapido,2026-09-01T03:23:58.953579,,,,
4867821407498665984,Principal NLP Scientist (Puerto Madryn),Sourceability,Puerto Madryn,"Open or close the mobile menu Jobrapido Entrar Inscríbete Publica una oferta Ayuda Empresas Clear job input Profesión / Palabras clave Ofertas de trabajo para Principal NLP en Puerto Madryn ¿Qué trabajo estás buscando? Clear location input Localidad Búsqueda avanzada de empleo Relevancia Fecha [[distance.label]] [[d.text]] Close Localidad Gran Buenos Aires Capital Federal Córdoba Santa Fé Neuquén Rosario Mendoza Rincón De Los Sauces Gba Sur Mar Del Plata Búsquedas relacionadas Software Software Engineer Python Software Engineer Management Modelo Services Engineer Security Product Engineering Quality Engineer Product Engineer Vuelve a tus resultados: [[backlinkLabel]] Principal NLP Scientist (Puerto Madryn) Puerto Madryn - Región Patagonia Sourceability [[upButtonMessage]] full time www.kitempleo.com.ar 16 ago 2026 Sourceability® is a general digital distributor of electronic components transforming how modern businesses bring products to market. With innovation, quality and logistics as the backbone of the company, Sourceability's cutting‑edge products and services expedite the procurement process across a wide range of industries, including communications/cellular, consumer electronics, and auto manufacturing. The Principal NLP Scientist is a senior technical leader responsible for designing, researching, and improving advanced Natural Language Processing and Large Language Model capabilities for production business systems. This role combines applied research, hands‑on model development, technical architecture, and practical product impact. The Principal NLP Scientist will lead the design of NLP solutions for named entity recognition, text classification, text generation, semantic search, information extraction, and other language‑driven automation use cases. This is not only a research role. The focus is to take modern NLP and LLM technologies and make them reliable, measurable, maintainable, and useful inside real production workflows. Assigned Product Group - Product Group | NLP / AI Automation - Stream | Software Engineering / AI & Machine Learning - Role Type | Principal-level individual contributor / technical leader The Principal NLP Scientist will work closely with engineers, data engineers, product managers, analysts, and data annotation teams to define, build, evaluate, and continuously improve NLP models and language‑based automation systems. Product Group Focus Areas The NLP product group is responsible for building and improving systems related to: - Named entity recognition and structured data extraction - Text classification and categorization - Text generation and language‑based automation - Large Language Model evaluation, adaptation, and integration - Retrieval‑augmented generation and semantic search - Knowledge graph and GraphRAG‑based approaches for connecting structured business data, unstructured text, and entity relationships in AI assistant workflows - Data preparation, annotation strategy, and labeling quality - Model evaluation, monitoring, and production performance - Applied NLP research and prototype development - Integration of NLP models into internal business applications Insight on Your Impact In this role, you will influence how the company uses modern NLP and LLM technologies across internal platforms and operational workflows. You will define technical direction for NLP systems, evaluate new approaches, design experiments, create prototypes, and help move successful models into production. Your work will directly affect automation quality, data processing accuracy, operational efficiency, and the long‑term AI capabilities of the company. The role requires strong scientific depth, but also practical engineering judgment. The right candidate should be able to read research papers, understand model architecture, design measurable experiments, and also work with engineers to make sure the final solution can run reliably in production. Your Qualifications, Your Influence To be successful in this role, you should have: - PhD in Computer Science, Machine Learning, Artificial Intelligence, Computational Linguistics, Applied Mathematics, Data Science, or a closely related technical field - 8+ years of professional experience in machine learning, artificial intelligence, or NLP - 5+ years of hands‑on experience building NLP models for production or near‑production systems - Deep understanding of modern neural network architectures, including RNN, CNN, Transformer‑based architectures, attention mechanisms, embeddings, fine‑tuning strategies, layers, modules, and loss functions - Strong practical experience with NLP tasks such as NER, classification, text generation, semantic similarity, information extraction, and document understanding - Strong experience with Large Language Models, including model evaluation, prompt design, fine‑tuning, retrieval‑augmented generation, and safe production usage - Practical understanding of RAG, GraphRAG, knowledge graphs, embeddings, and hybrid retrieval approaches for production LLM applications - Strong hands‑on experience with Python - Strong experience with PyTorch and Hugging Face Transformers - Experience with ONNX or other model optimization / model serving formats - Strong understanding of data preparation, data quality, labeling workflows, annotation guidelines, and model evaluation metrics - Practical experience with main data analysis and machine learning libraries, including Pandas, NumPy, SciPy, scikit‑learn, and Matplotlib - Experience working with SQL databases and structured business data - Experience with cloud platforms such as Microsoft Azure or AWS - Ability to design experiments, define success metrics, compare model approaches, and explain trade‑offs clearly - Strong written and verbal English communication skills - Experience working in Agile engineering environments - Ability to provide technical leadership without requiring formal people management authority Preferred Skills and Technical Familiarity The following experience will be helpful: - Experience leading NLP or AI research initiatives in a commercial production environment - Experience with multilingual NLP systems - Experience with vector databases, embeddings, semantic search, and RAG architectures - Experience with knowledge graph concepts, including entity and relationship modeling, graph schema design, traversal queries, and LLM integration with graph databases such as Neo4j, FalkorDB, or similar technologies - Experience with model serving, monitoring, drift detection, and production ML observability - Experience with Docker and containerized ML workloads - Experience with MLOps practices and CI/CD for machine learning systems - Experience working with data annotation teams and creating annotation instructions - Experience with .NET / C#, ASP.NET Core, or integration of ML services into enterprise software platforms - Experience building prototypes, demos, and proof‑of‑concept applications for new AI capabilities - Publications, patents, or recognized technical contributions in NLP, machine learning, or applied AI are a plus Success in the First 90 Days - Understand the current NLP and AI automation landscape inside the company - Review existing models, datasets, annotation processes, and production use cases - Identify the highest‑impact opportunities for NLP and LLM improvements - Define practical evaluation metrics for current and future NLP models - Create a technical roadmap for improving NER, classification, generation, and information extraction capabilities - Propose clear standards for data labeling quality, model validation, and production readiness - Deliver at least one meaningful prototype or improvement proposal with measurable business value - Establish strong working relationships with engineering, product, data, and operations stakeholders What This Role Does Not Own This role does not own general IT infrastructure, end‑user support, business operations, or manual data entry processes. The Principal NLP Scientist is also not the sole owner of product priorities or business requirements. Product management owns business prioritization, backlog structure, and stakeholder alignment. This role owns the scientific and technical direction for NLP and LLM capabilities and provides expert guidance on what is technically possible, reliable, and production‑ready. EQUAL OPPORTUNITY EMPLOYER It is our policy to abide by all federal, state and local laws prohibiting employment discrimination based on a person's race, color, religious creed, sex, national origin, ancestry, citizenship status, pregnancy, childbirth, physical disability, mental and/or intellectual disability, age, military status, veteran status (including protected veterans), marital status, registered domestic partner or civil union status, familial status, gender (including sex stereotyping and gender identity or expression), medical condition (including, but not limited to, cancer related or HIV/AIDS related), genetic information, sexual orientation, or any other protected status. Ver más Ver menos [[downButtonMessage]] LinkedIn Twitter Facebook © 2026 Jobrapido | C.I.F: IT11876271005 Trabajos Empresas Condiciones del Servicio Política de Privacidad Ayuda Contacto",,https://ar.jobrapido.com/jobpreview/4867821407498665984?redirectTo=https%253A%252F%252Fwww.kitempleo.com.ar%252Fempleo%252F52399030%252Fprincipal-nlp-scientist-puerto-madryn&w=Python&p=4,NLP Engineer,jobrapido,2026-09-01T03:23:58.954050,,,,
8538216844236947456,Senior NLP Scientist: Production-Grade LLMs (Trelew),Sourceability,Trelew,"Open or close the mobile menu Jobrapido Entrar Inscríbete Publica una oferta Ayuda Empresas Clear job input Profesión / Palabras clave Ofertas de trabajo para Senior NLP en Trelew ¿Qué trabajo estás buscando? Clear location input Localidad Búsqueda avanzada de empleo Relevancia Fecha [[distance.label]] [[d.text]] Close Localidad Gran Buenos Aires Capital Federal Córdoba Santa Fé Neuquén Rosario Mendoza Rincón De Los Sauces Gba Sur Mar Del Plata Búsquedas relacionadas Software Software Engineer Python Software Engineer Management Modelo Services Engineer Security Product Engineering Quality Engineer Product Engineer Vuelve a tus resultados: [[backlinkLabel]] Senior NLP Scientist: Production-Grade LLMs (Trelew) Trelew - Región Patagonia Sourceability [[upButtonMessage]] full time www.kitempleo.com.ar 16 ago 2026 Sourceability is seeking a Principal NLP Scientist to design, research, and improve NLP and Large Language Model capabilities for production business systems. You will lead the development of NLP solutions for named entity recognition, text classification, text generation, semantic search, information extraction, and other language‑driven automation use cases. You will work with engineers, product managers, and annotation teams to define, build, evaluate, and continually improve NLP models; Ver más Ver menos [[downButtonMessage]] LinkedIn Twitter Facebook © 2026 Jobrapido | C.I.F: IT11876271005 Trabajos Empresas Condiciones del Servicio Política de Privacidad Ayuda Contacto",,https://ar.jobrapido.com/jobpreview/8538216844236947456?redirectTo=https%253A%252F%252Fwww.kitempleo.com.ar%252Fempleo%252F52397659%252Fsenior-nlp-scientist-production-grade-llms-trelew&w=Python&p=4,NLP Engineer,jobrapido,2026-09-01T03:23:58.954525,,,,
3105822361488719872,Senior Nlp Scientist: Production-Grade Llms (Chubut),Sourceability,Chubut,"Jobrapido Publica una oferta Ayuda Empresas Entrar Inscríbete Profesión / Palabras clave Localidad Ofertas de trabajo para Senior Nlp en Chubut Trabajos > Senior Nlp > Chubut Localidad Gran Buenos Aires Capital Federal Córdoba Santa Fé Neuquén Rosario Mendoza Rincón De Los Sauces Gba Sur Mar Del Plata Búsquedas relacionadas Software Software Engineer Python Software Engineer Management Modelo Services Engineer Security Product Engineering Quality Engineer Product Engineer Vuelve a tus resultados: [[backlinkLabel]] Senior Nlp Scientist: Production-Grade Llms (Chubut) Chubut - Región Patagonia Sourceability [[upButtonMessage]] full time Publicado enwww.kitempleo.com.ar 14 ago 2026 Sourceability is seeking a Principal NLP Scientist to design, research, and improve NLP and Large Language Model capabilities for production business systems. You will lead the development of NLP solutions for named entity recognition, text classification, text generation, semantic search, information extraction, and other language‐driven automation use cases.You will work with engineers, product managers, and annotation teams to define, build, evaluate, and continually improve NLP models; #J-*****-Ljbffr Ver más Ver menos [[downButtonMessage]] LinkedIn Twitter Facebook © 2026 Jobrapido | C.I.F: IT11876271005 Trabajos Empresas Condiciones del Servicio Política de Privacidad Ayuda Contacto",,https://ar.jobrapido.com/jobpreview/3105822361488719872?redirectTo=https%253A%252F%252Fwww.kitempleo.com.ar%252Fempleo%252F52318609%252Fsenior-nlp-scientist-production-grade-llms-chubut&w=Python&p=4,NLP Engineer,jobrapido,2026-09-01T03:23:58.954999,,,,
782934087366082560,Anuncios Google,FullStack,Rosario,,,https://open.app.jobrapido.com/ar/782934087366082560/?w=data%20engineer&l=&oc=sponsored&k=web.1.1.0&uuid=arF001a05bdcc575a699&page_item_id=1196898784,Data Engineer,jobrapido,2026-09-01T03:26:31.234753,,,,
2004191751467696128,Lead Data Engineer - Remote & Flexible Hours,AgileEngine,Rosario,,,https://open.app.jobrapido.com/ar/2004191751467696128/?w=data%20engineer&l=&oc=sponsored&k=web.1.1.1&uuid=arF001a05bdcc575a699&page_item_id=1298246004,Data Engineer,jobrapido,2026-09-01T03:26:31.235313,,,,
9178913866153721856,Senior Data Engineer,Coderio,Rosario,,,https://open.app.jobrapido.com/ar/9178913866153721856/?w=data%20engineer&l=&oc=sponsored&k=web.1.1.2&uuid=arF001a05bdcc575a699&page_item_id=-2034183125,Data Engineer,jobrapido,2026-09-01T03:26:31.235812,,,,
3433494968507826176,Senior Data Engineer - Remote Data Pipelines & ServiceNow,"AgileEngine, LLC.",Rosario,,,https://open.app.jobrapido.com/ar/3433494968507826176/?w=data%20engineer&l=&oc=sponsored&k=web.1.1.3&uuid=arF001a05bdcc575a699&page_item_id=362100759,Data Engineer,jobrapido,2026-09-01T03:26:31.236304,,,,
7831099802354974720,Senior Data Engineer ID84751,AgileEngine,Rosario,,,https://open.app.jobrapido.com/ar/7831099802354974720/?w=data%20engineer&l=&oc=sponsored&k=web.1.1.5&uuid=arF001a05bdcc575a699&page_item_id=-395093258,Data Engineer,jobrapido,2026-09-01T03:26:31.236942,,,,
3297827792124641280,Senior Python Data Scraping Engineer (Freelance),Mindrift,Rosario,,,https://open.app.jobrapido.com/ar/3297827792124641280/?w=data%20engineer&l=&oc=sponsored&k=web.1.1.6&uuid=arF001a05bdcc575a699&page_item_id=-660711473,Data Engineer,jobrapido,2026-09-01T03:26:31.237431,,,,
982594060256542720,"ServiceNow Discovery Engineer — Remote, Flexible Hours","AgileEngine, LLC.",Rosario,,,https://open.app.jobrapido.com/ar/982594060256542720/?w=data%20engineer&l=&oc=sponsored&k=web.1.1.7&uuid=arF001a05bdcc575a699&page_item_id=572875062,Data Engineer,jobrapido,2026-09-01T03:26:31.237931,,,,
8211363648258441216,Senior Backend Engineer - Remote | AI & Salesforce APIs,"AgileEngine, LLC.",Rosario,,,https://open.app.jobrapido.com/ar/8211363648258441216/?w=data%20engineer&l=&oc=sponsored&k=web.1.1.8&uuid=arF001a05bdcc575a699&page_item_id=-657546528,Data Engineer,jobrapido,2026-09-01T03:26:31.238421,,,,
4942108759578116096,Mid-Level Full Stack Engineer — Remote & Flexible Hours,AgileEngine,Rosario,,,https://open.app.jobrapido.com/ar/4942108759578116096/?w=data%20engineer&l=&oc=sponsored&k=web.1.1.9&uuid=arF001a05bdcc575a699&page_item_id=-1623217241,Data Engineer,jobrapido,2026-09-01T03:26:31.238921,,,,
8664793086682988544,"Remote Full Stack Engineer - React, Node/Python, AWS","AgileEngine, LLC.",Rosario,,,https://open.app.jobrapido.com/ar/8664793086682988544/?w=data%20engineer&l=&oc=sponsored&k=web.1.1.10&uuid=arF001a05bdcc575a699&page_item_id=-1487519542,Data Engineer,jobrapido,2026-09-01T03:26:31.239411,,,,
8076246863344304128,Senior Full-Stack Engineer - Remote (React/Node/C# & AWS),AgileEngine,Rosario,,,https://open.app.jobrapido.com/ar/8076246863344304128/?w=data%20engineer&l=&oc=sponsored&k=web.1.1.11&uuid=arF001a05bdcc575a699&page_item_id=-1560246481,Data Engineer,jobrapido,2026-09-01T03:26:31.239905,,,,
4773683008634880000,Full Stack Engineer ID83016,"AgileEngine, LLC.",Rosario,,,https://open.app.jobrapido.com/ar/4773683008634880000/?w=data%20engineer&l=&oc=sponsored&k=web.1.1.12&uuid=arF001a05bdcc575a699&page_item_id=-449501042,Data Engineer,jobrapido,2026-09-01T03:26:31.240391,,,,
7998146353400119296,Ingeniero de Software (Entrenamiento de IA),Alignerr,Rosario,,,https://open.app.jobrapido.com/ar/7998146353400119296/?w=data%20engineer&l=&oc=sponsored&k=web.1.1.14&uuid=arF001a05bdcc575a699&page_item_id=-365738600,Data Engineer,jobrapido,2026-09-01T03:26:31.241027,,,,
6279730625465286656,"Manager, Supplier Quality",Advanced Energy Management Limited,Rosario,,,https://open.app.jobrapido.com/ar/6279730625465286656/?w=data%20engineer&l=&oc=sponsored&k=web.1.2.0&uuid=arF001a05bde06cfa8dc&page_item_id=-1250974905,Data Engineer,jobrapido,2026-09-01T03:27:53.572542,,,,
3018150327946838016,SEO Specialist | Flexible Part-Time | Performance Marketing Agency,Pwc,Rosario,,,https://open.app.jobrapido.com/ar/3018150327946838016/?w=data%20engineer&l=&oc=sponsored&k=web.1.2.1&uuid=arF001a05bde06cfa8dc&page_item_id=-390758507,Data Engineer,jobrapido,2026-09-01T03:27:53.573093,,,,
2379734345981100032,Software Engineer - Microsoft Fabric Platform - Senior 2,PwC South Africa,Rosario,,,https://open.app.jobrapido.com/ar/2379734345981100032/?w=data%20engineer&l=&oc=sponsored&k=web.1.2.2&uuid=arF001a05bde06cfa8dc&page_item_id=1102171463,Data Engineer,jobrapido,2026-09-01T03:27:53.573584,,,,
7114781583315304448,Senior Backend Engineer ID84684,AgileEngine,Rosario,,,https://open.app.jobrapido.com/ar/7114781583315304448/?w=data%20engineer&l=&oc=sponsored&k=web.1.2.3&uuid=arF001a05bde06cfa8dc&page_item_id=-2021604146,Data Engineer,jobrapido,2026-09-01T03:27:53.574064,,,,
9117638701613056000,Senior/Lead Full Stack Engineer ID79143,AgileEngine,Rosario,,,https://open.app.jobrapido.com/ar/9117638701613056000/?w=data%20engineer&l=&oc=sponsored&k=web.1.2.4&uuid=arF001a05bde06cfa8dc&page_item_id=-200264389,Data Engineer,jobrapido,2026-09-01T03:27:53.574555,,,,
7296855640813600768,AI Principal Software Engineer - US SaaS startup | Remote,Atomic HR,Rosario,,,https://open.app.jobrapido.com/ar/7296855640813600768/?w=data%20engineer&l=&oc=sponsored&k=web.1.2.5&uuid=arF001a05bde06cfa8dc&page_item_id=-1097791038,Data Engineer,jobrapido,2026-09-01T03:27:53.575039,,,,
5727173049791283200,Node.JS Engineer - US SaaS startup | Remote,Atomic HR,Rosario,,,https://open.app.jobrapido.com/ar/5727173049791283200/?w=data%20engineer&l=&oc=sponsored&k=web.1.2.6&uuid=arF001a05bde06cfa8dc&page_item_id=-1512810178,Data Engineer,jobrapido,2026-09-01T03:27:53.575530,,,,
3223875344415064064,Tech Lead - Node.js - US SaaS startup | Remote,Atomic HR,Rosario,,,https://open.app.jobrapido.com/ar/3223875344415064064/?w=data%20engineer&l=&oc=sponsored&k=web.1.2.7&uuid=arF001a05bde06cfa8dc&page_item_id=583346079,Data Engineer,jobrapido,2026-09-01T03:27:53.576011,,,,
7577785105138057216,Full Stack Software Engineer ID85839,AgileEngine,Rosario,,,https://open.app.jobrapido.com/ar/7577785105138057216/?w=data%20engineer&l=&oc=sponsored&k=web.1.2.8&uuid=arF001a05bde06cfa8dc&page_item_id=1426665176,Data Engineer,jobrapido,2026-09-01T03:27:53.576487,,,,
8355915548608954368,(fluent English) Implementation Consultant (B2B Client Onboarding),SupportYourApp,Rosario,,,https://open.app.jobrapido.com/ar/8355915548608954368/?w=data%20engineer&l=&oc=sponsored&k=web.1.2.10&uuid=arF001a05bde06cfa8dc&page_item_id=-449309968,Data Engineer,jobrapido,2026-09-01T03:27:53.577123,,,,
1156503900321218560,Sr. Backend Developer,Aliancers,Rosario,,,https://open.app.jobrapido.com/ar/1156503900321218560/?w=data%20engineer&l=&oc=sponsored&k=web.1.2.11&uuid=arF001a05bde06cfa8dc&page_item_id=278275998,Data Engineer,jobrapido,2026-09-01T03:27:53.577606,,,,
1628853339699544064,Senior Backend Engineer (Python & AI) - LATAM - 100% Remote,Prometeo Talent,Rosario,,,https://open.app.jobrapido.com/ar/1628853339699544064/?w=data%20engineer&l=&oc=sponsored&k=web.1.2.12&uuid=arF001a05bde06cfa8dc&page_item_id=1562591645,Data Engineer,jobrapido,2026-09-01T03:27:53.578085,,,,
5236669917524131840,Automotive HIL Engineer - Automotive Sector (Relocation Sweden or Polony),Prometeo Talent,Rosario,,,https://open.app.jobrapido.com/ar/5236669917524131840/?w=data%20engineer&l=&oc=sponsored&k=web.1.2.13&uuid=arF001a05bde06cfa8dc&page_item_id=1888609332,Data Engineer,jobrapido,2026-09-01T03:27:53.578569,,,,
6893686923299127296,Senior Data Engineer ID82554,AgileEngine,Rosario,,,https://open.app.jobrapido.com/ar/6893686923299127296/?w=data%20engineer&l=&oc=sponsored&k=web.1.2.14&uuid=arF001a05bde06cfa8dc&page_item_id=-1285487141,Data Engineer,jobrapido,2026-09-01T03:27:53.579049,,,,
3686473627483504640,Senior Data Engineer ID81652,AgileEngine,Rosario,,,https://open.app.jobrapido.com/ar/3686473627483504640/?w=data%20engineer&l=&oc=sponsored&k=web.1.2.15&uuid=arF001a05bde06cfa8dc&page_item_id=46089881,Data Engineer,jobrapido,2026-09-01T03:27:53.579533,,,,
911350534319898624,Senior Data Engineer ID71671,AgileEngine,Rosario,,,https://open.app.jobrapido.com/ar/911350534319898624/?w=data%20engineer&l=&oc=sponsored&k=web.1.2.16&uuid=arF001a05bde06cfa8dc&page_item_id=1567163252,Data Engineer,jobrapido,2026-09-01T03:27:53.580011,,,,
5912144921724190720,Senior Data Engineer ID82547,AgileEngine,Rosario,,,https://open.app.jobrapido.com/ar/5912144921724190720/?w=data%20engineer&l=&oc=sponsored&k=web.1.2.17&uuid=arF001a05bde06cfa8dc&page_item_id=1718672511,Data Engineer,jobrapido,2026-09-01T03:27:53.580490,,,,
2064065055862816768,Senior Data Engineer ID81743,AgileEngine,Rosario,,,https://open.app.jobrapido.com/ar/2064065055862816768/?w=data%20engineer&l=&oc=sponsored&k=web.1.2.18&uuid=arF001a05bde06cfa8dc&page_item_id=284526158,Data Engineer,jobrapido,2026-09-01T03:27:53.580969,,,,
6714256452531257344,Data Engineer ID80135,AgileEngine,Rosario,,,https://open.app.jobrapido.com/ar/6714256452531257344/?w=data%20engineer&l=&oc=sponsored&k=web.1.2.19&uuid=arF001a05bde06cfa8dc&page_item_id=2049917726,Data Engineer,jobrapido,2026-09-01T03:27:53.581444,,,,
6388633403905802240,Senior Data Engineer ID82269,AgileEngine,Rosario,,,https://open.app.jobrapido.com/ar/6388633403905802240/?w=data%20engineer&l=&oc=sponsored&k=web.1.3.0&uuid=arF001a05bdffefeacc5&page_item_id=372185862,Data Engineer,jobrapido,2026-09-01T03:30:03.137346,,,,
9108558470734413824,Lead Data Engineer ID71008,AgileEngine,Rosario,,,https://open.app.jobrapido.com/ar/9108558470734413824/?w=data%20engineer&l=&oc=sponsored&k=web.1.3.2&uuid=arF001a05bdffefeacc5&page_item_id=-500572556,Data Engineer,jobrapido,2026-09-01T03:30:03.138032,,,,
610091357695901696,Senior Data Engineer: Build Scalable Data Platform (Remote),AgileEngine,Rosario,,,https://open.app.jobrapido.com/ar/610091357695901696/?w=data%20engineer&l=&oc=sponsored&k=web.1.3.3&uuid=arF001a05bdffefeacc5&page_item_id=-1331999881,Data Engineer,jobrapido,2026-09-01T03:30:03.138514,,,,
1085734590313660416,"Lead Data Engineer — Remote, Real-Time Analytics",AgileEngine,Rosario,,,https://open.app.jobrapido.com/ar/1085734590313660416/?w=data%20engineer&l=&oc=sponsored&k=web.1.3.4&uuid=arF001a05bdffefeacc5&page_item_id=-1769331995,Data Engineer,jobrapido,2026-09-01T03:30:03.139002,,,,
1712019093554462720,"Data Engineer (Senior) - ETL (Python+Snowflake) - Remote, Latin América",Bluelight Consulting,Rosario,,,https://open.app.jobrapido.com/ar/1712019093554462720/?w=data%20engineer&l=&oc=sponsored&k=web.1.3.5&uuid=arF001a05bdffefeacc5&page_item_id=-164988955,Data Engineer,jobrapido,2026-09-01T03:30:03.139484,,,,
6912735412494532608,Senior Full-Stack Engineer — Financial Analytics,Bluelight Consulting,Rosario,,,https://open.app.jobrapido.com/ar/6912735412494532608/?w=data%20engineer&l=&oc=sponsored&k=web.1.3.6&uuid=arF001a05bdffefeacc5&page_item_id=1388857321,Data Engineer,jobrapido,2026-09-01T03:30:03.139970,,,,
1363697726885199872,Senior React Native Engineer – Offline-First Sync,"AgileEngine, LLC.",Rosario,,,https://open.app.jobrapido.com/ar/1363697726885199872/?w=data%20engineer&l=&oc=sponsored&k=web.1.3.7&uuid=arF001a05bdffefeacc5&page_item_id=410634258,Data Engineer,jobrapido,2026-09-01T03:30:03.140452,,,,
2476400109760282624,Quality Control Technician II,Advanced Energy Management Limited,Rosario,,,https://open.app.jobrapido.com/ar/2476400109760282624/?w=data%20engineer&l=&oc=sponsored&k=web.1.3.8&uuid=arF001a05bdffefeacc5&page_item_id=2072147311,Data Engineer,jobrapido,2026-09-01T03:30:03.140935,,,,
3368788846652162048,Senior React Native Engineer ID74262,"AgileEngine, LLC.",Rosario,,,https://open.app.jobrapido.com/ar/3368788846652162048/?w=data%20engineer&l=&oc=sponsored&k=web.1.3.9&uuid=arF001a05bdffefeacc5&page_item_id=-1393642533,Data Engineer,jobrapido,2026-09-01T03:30:03.141412,,,,
1751622540314279936,Lead Backend Engineer — Go Microservices on GCP (Remote),AgileEngine,Rosario,,,https://open.app.jobrapido.com/ar/1751622540314279936/?w=data%20engineer&l=&oc=sponsored&k=web.1.3.10&uuid=arF001a05bdffefeacc5&page_item_id=580625345,Data Engineer,jobrapido,2026-09-01T03:30:03.141898,,,,
2363295015058276352,Senior Software Engineer ID74262,AgileEngine,Rosario,,,https://open.app.jobrapido.com/ar/2363295015058276352/?w=data%20engineer&l=&oc=sponsored&k=web.1.3.11&uuid=arF001a05bdffefeacc5&page_item_id=-327679806,Data Engineer,jobrapido,2026-09-01T03:30:03.142376,,,,
5379577687213867008,Senior Software Engineer ID73490,AgileEngine,Rosario,,,https://open.app.jobrapido.com/ar/5379577687213867008/?w=data%20engineer&l=&oc=sponsored&k=web.1.3.12&uuid=arF001a05bdffefeacc5&page_item_id=-1031536898,Data Engineer,jobrapido,2026-09-01T03:30:03.142856,,,,
3138956934665732096,Senior Frontend Engineer ID77771,AgileEngine,Rosario,,,https://open.app.jobrapido.com/ar/3138956934665732096/?w=data%20engineer&l=&oc=sponsored&k=web.1.3.13&uuid=arF001a05bdffefeacc5&page_item_id=340381358,Data Engineer,jobrapido,2026-09-01T03:30:03.143329,,,,
3422297920047677440,Senior React Native Engineer ID74262,AgileEngine,Rosario,,,https://open.app.jobrapido.com/ar/3422297920047677440/?w=data%20engineer&l=&oc=sponsored&k=web.1.3.14&uuid=arF001a05bdffefeacc5&page_item_id=-1490729596,Data Engineer,jobrapido,2026-09-01T03:30:03.143809,,,,
6739134724175822848,Senior Software Engineer ID74262,Subway,Rosario,,,https://open.app.jobrapido.com/ar/6739134724175822848/?w=data%20engineer&l=&oc=sponsored&k=web.1.3.15&uuid=arF001a05bdffefeacc5&page_item_id=-985827720,Data Engineer,jobrapido,2026-09-01T03:30:03.144281,,,,
538889699100459008,Senior Tableau Developer ID69195,Bloomberg IG,Rosario,,,https://open.app.jobrapido.com/ar/538889699100459008/?w=data%20engineer&l=&oc=sponsored&k=web.1.3.16&uuid=arF001a05bdffefeacc5&page_item_id=-1517926508,Data Engineer,jobrapido,2026-09-01T03:30:03.144757,,,,
8293423224696340480,Full Stack Engineer ID82571,AgileEngine,Rosario,,,https://open.app.jobrapido.com/ar/8293423224696340480/?w=data%20engineer&l=&oc=sponsored&k=web.1.3.18&uuid=arF001a05bdffefeacc5&page_item_id=-237897645,Data Engineer,jobrapido,2026-09-01T03:30:03.145367,,,,
5461112057870942208,Full Stack Engineer ID83016,AgileEngine,Rosario,,,https://open.app.jobrapido.com/ar/5461112057870942208/?w=data%20engineer&l=&oc=sponsored&k=web.1.3.19&uuid=arF001a05bdffefeacc5&page_item_id=-2065602651,Data Engineer,jobrapido,2026-09-01T03:30:03.145848,,,,
604089810914639872,Senior Security Software Engineer ID80138,AgileEngine,Rosario,,,https://open.app.jobrapido.com/ar/604089810914639872/?w=data%20engineer&l=&oc=sponsored&k=web.1.4.0&uuid=arF001a05be1b885b01c&page_item_id=1944053339,Data Engineer,jobrapido,2026-09-01T03:31:55.724507,,,,
485918012013019136,Accounts Payable Analyst,Gates Corporation,Rosario,,,https://open.app.jobrapido.com/ar/485918012013019136/?w=data%20engineer&l=&oc=sponsored&k=web.1.4.1&uuid=arF001a05be1b885b01c&page_item_id=2098511595,Data Engineer,jobrapido,2026-09-01T03:31:55.725056,,,,
1332559007830769664,Senior Backend Engineer ID81650,AgileEngine,Rosario,,,https://open.app.jobrapido.com/ar/1332559007830769664/?w=data%20engineer&l=&oc=sponsored&k=web.1.4.2&uuid=arF001a05be1b885b01c&page_item_id=-317371697,Data Engineer,jobrapido,2026-09-01T03:31:55.725543,,,,
7329059030721101824,Senior Software Engineer ID81650,AgileEngine,Rosario,,,https://open.app.jobrapido.com/ar/7329059030721101824/?w=data%20engineer&l=&oc=sponsored&k=web.1.4.3&uuid=arF001a05be1b885b01c&page_item_id=-1843412899,Data Engineer,jobrapido,2026-09-01T03:31:55.726023,,,,
7826179573720023040,Senior Backend Engineer ID68432,AgileEngine,Rosario,,,https://open.app.jobrapido.com/ar/7826179573720023040/?w=data%20engineer&l=&oc=sponsored&k=web.1.4.4&uuid=arF001a05be1b885b01c&page_item_id=1442897038,Data Engineer,jobrapido,2026-09-01T03:31:55.726500,,,,
157654211335553024,Senior Backend AdTech Engineer ID52365,AgileEngine,Rosario,,,https://open.app.jobrapido.com/ar/157654211335553024/?w=data%20engineer&l=&oc=sponsored&k=web.1.4.5&uuid=arF001a05be1b885b01c&page_item_id=281556382,Data Engineer,jobrapido,2026-09-01T03:31:55.726983,,,,
34962869887959040,Senior/Lead Full Stack Engineer ID79144,AgileEngine,Rosario,,,https://open.app.jobrapido.com/ar/34962869887959040/?w=data%20engineer&l=&oc=sponsored&k=web.1.4.6&uuid=arF001a05be1b885b01c&page_item_id=-872907054,Data Engineer,jobrapido,2026-09-01T03:31:55.727459,,,,
6440130731799740416,Manual QA Engineer (Mid-level) ID67829,AgileEngine,Rosario,,,https://open.app.jobrapido.com/ar/6440130731799740416/?w=data%20engineer&l=&oc=sponsored&k=web.1.4.7&uuid=arF001a05be1b885b01c&page_item_id=167029781,Data Engineer,jobrapido,2026-09-01T03:31:55.727939,,,,
1012473958756253696,Lead Python Engineer (AppSec) ID71666,AgileEngine,Rosario,,,https://open.app.jobrapido.com/ar/1012473958756253696/?w=data%20engineer&l=&oc=sponsored&k=web.1.4.8&uuid=arF001a05be1b885b01c&page_item_id=-1055065295,Data Engineer,jobrapido,2026-09-01T03:31:55.728412,,,,
229862197948317696,Senior/Lead QA Automation Engineer ID71661,AgileEngine,Rosario,,,https://open.app.jobrapido.com/ar/229862197948317696/?w=data%20engineer&l=&oc=sponsored&k=web.1.4.9&uuid=arF001a05be1b885b01c&page_item_id=-1289396033,Data Engineer,jobrapido,2026-09-01T03:31:55.728888,,,,
1752516752505307136,Lead Backend Engineer ID76299,AgileEngine,Rosario,,,https://open.app.jobrapido.com/ar/1752516752505307136/?w=data%20engineer&l=&oc=sponsored&k=web.1.4.10&uuid=arF001a05be1b885b01c&page_item_id=1673067186,Data Engineer,jobrapido,2026-09-01T03:31:55.729367,,,,
439135407158853632,Talent Community | Senior InRiver PIM Engineer ID76563,AgileEngine,Rosario,,,https://open.app.jobrapido.com/ar/439135407158853632/?w=data%20engineer&l=&oc=sponsored&k=web.1.4.11&uuid=arF001a05be1b885b01c&page_item_id=83432671,Data Engineer,jobrapido,2026-09-01T03:31:55.729846,,,,
1901276415135842304,Lead AppSec Engineer ID71666,Morgan Stanley,Rosario,,,https://open.app.jobrapido.com/ar/1901276415135842304/?w=data%20engineer&l=&oc=sponsored&k=web.1.4.12&uuid=arF001a05be1b885b01c&page_item_id=-1586986117,Data Engineer,jobrapido,2026-09-01T03:31:55.730320,,,,
4797772672744292352,Senior Backend Engineer ID68432,Leap Tools,Rosario,,,https://open.app.jobrapido.com/ar/4797772672744292352/?w=data%20engineer&l=&oc=sponsored&k=web.1.4.13&uuid=arF001a05be1b885b01c&page_item_id=39561726,Data Engineer,jobrapido,2026-09-01T03:31:55.730798,,,,
4159447348948238336,Senior Backend Engineer – AdTech ID52365,Leap Tools,Rosario,,,https://open.app.jobrapido.com/ar/4159447348948238336/?w=data%20engineer&l=&oc=sponsored&k=web.1.4.14&uuid=arF001a05be1b885b01c&page_item_id=-693844571,Data Engineer,jobrapido,2026-09-01T03:31:55.731273,,,,
2590107255797972992,Production Support Engineer ID59491,Braviant,Rosario,,,https://open.app.jobrapido.com/ar/2590107255797972992/?w=data%20engineer&l=&oc=sponsored&k=web.1.4.15&uuid=arF001a05be1b885b01c&page_item_id=1343887527,Data Engineer,jobrapido,2026-09-01T03:31:55.731752,,,,
4664749907725254656,Senior Full Stack Engineer ID74259,Subway,Rosario,,,https://open.app.jobrapido.com/ar/4664749907725254656/?w=data%20engineer&l=&oc=sponsored&k=web.1.4.16&uuid=arF001a05be1b885b01c&page_item_id=-1543791054,Data Engineer,jobrapido,2026-09-01T03:31:55.732230,,,,
3253715849474736128,Middle Full Stack Engineer - Franchise Menu ID74267,Subway,Rosario,,,https://open.app.jobrapido.com/ar/3253715849474736128/?w=data%20engineer&l=&oc=sponsored&k=web.1.4.17&uuid=arF001a05be1b885b01c&page_item_id=398640593,Data Engineer,jobrapido,2026-09-01T03:31:55.732712,,,,
5669100453384683520,Full Stack Engineer ID74267,AgileEngine,Rosario,,,https://open.app.jobrapido.com/ar/5669100453384683520/?w=data%20engineer&l=&oc=sponsored&k=web.1.4.18&uuid=arF001a05be1b885b01c&page_item_id=309514567,Data Engineer,jobrapido,2026-09-01T03:31:55.733185,,,,
2222702043762524160,Data Center Engineer,Sharp Brains,Granadero Baigorria,,,https://open.app.jobrapido.com/ar/2222702043762524160/?w=data%20engineer&l=&oc=sponsored&k=web.1.4.19&uuid=arF001a05be1b885b01c&page_item_id=-1929283499,Data Engineer,jobrapido,2026-09-01T03:31:55.733663,,,,
6588774756730798080,Software Engineer (Mobile) Id76367,AgileEngine,Rosario,,,https://open.app.jobrapido.com/ar/6588774756730798080/?w=software%20engineer&l=&oc=sponsored&k=web.1.1.0&uuid=arF001a05be3f17fb42b&page_item_id=630291145,Software Engineer,jobrapido,2026-09-01T03:34:21.343726,,,,
5109212450868166656,Sr. Software Engineer - Java/Springboot,Coderio,Rosario,,,https://open.app.jobrapido.com/ar/5109212450868166656/?w=software%20engineer&l=&oc=sponsored&k=web.1.1.1&uuid=arF001a05be3f17fb42b&page_item_id=114794214,Software Engineer,jobrapido,2026-09-01T03:34:21.344273,,,,
3847734050127085568,Remote Software Engineer for AI Training & Code Evaluation,Alignerr,Rosario,,,https://open.app.jobrapido.com/ar/3847734050127085568/?w=software%20engineer&l=&oc=sponsored&k=web.1.1.2&uuid=arF001a05be3f17fb42b&page_item_id=-1818176832,Software Engineer,jobrapido,2026-09-01T03:34:21.344762,,,,
6265197744625811456,Senior Full Stack Engineer - React + Node.js (CRM) - Remote,FullStack,Rosario,,,https://open.app.jobrapido.com/ar/6265197744625811456/?w=software%20engineer&l=&oc=sponsored&k=web.1.1.6&uuid=arF001a05be3f17fb42b&page_item_id=1164604059,Software Engineer,jobrapido,2026-09-01T03:34:21.345659,,,,
9164286186796089344,"Web React Engineer — TypeScript, AI Tools, Remote & Flexible",AgileEngine,Rosario,,,https://open.app.jobrapido.com/ar/9164286186796089344/?w=software%20engineer&l=&oc=sponsored&k=web.1.1.7&uuid=arF001a05be3f17fb42b&page_item_id=-1194744610,Software Engineer,jobrapido,2026-09-01T03:34:21.346149,,,,
6228642917192302592,"Senior Cloud Engineer: AWS, CI/CD, Docker & Kubernetes",Buildee,Rosario,,,https://open.app.jobrapido.com/ar/6228642917192302592/?w=software%20engineer&l=&oc=sponsored&k=web.1.1.8&uuid=arF001a05be3f17fb42b&page_item_id=-225435726,Software Engineer,jobrapido,2026-09-01T03:34:21.346637,,,,
6184743815941718016,Remote Senior Full-Stack Engineer (Node + Vue),FullStack,Rosario,,,https://open.app.jobrapido.com/ar/6184743815941718016/?w=software%20engineer&l=&oc=sponsored&k=web.1.1.9&uuid=arF001a05be3f17fb42b&page_item_id=-592594320,Software Engineer,jobrapido,2026-09-01T03:34:21.347114,,,,
3394755050692673536,Cloud Engineer Senior,Staffed,Rosario,,,https://open.app.jobrapido.com/ar/3394755050692673536/?w=software%20engineer&l=&oc=sponsored&k=web.1.1.10&uuid=arF001a05be3f17fb42b&page_item_id=546623702,Software Engineer,jobrapido,2026-09-01T03:34:21.347592,,,,
2577771731766738944,Senior AppSec Engineer: AI-Driven Secure Coding & CI/CD,AgileEngine,Rosario,,,https://open.app.jobrapido.com/ar/2577771731766738944/?w=software%20engineer&l=&oc=sponsored&k=web.1.1.11&uuid=arF001a05be3f17fb42b&page_item_id=1427406200,Software Engineer,jobrapido,2026-09-01T03:34:21.348070,,,,
7415915364074127360,Senior QA Automation Engineer — Serverless API Testing,AgileEngine,Rosario,,,https://open.app.jobrapido.com/ar/7415915364074127360/?w=software%20engineer&l=&oc=sponsored&k=web.1.1.12&uuid=arF001a05be3f17fb42b&page_item_id=958852675,Software Engineer,jobrapido,2026-09-01T03:34:21.348558,,,,
5967251619874603008,Senior AppSec Engineer ID71672,AgileEngine,Rosario,,,https://open.app.jobrapido.com/ar/5967251619874603008/?w=software%20engineer&l=&oc=sponsored&k=web.1.1.13&uuid=arF001a05be3f17fb42b&page_item_id=742454902,Software Engineer,jobrapido,2026-09-01T03:34:21.349037,,,,
2690154739387072512,Senior/Lead AppSec Engineer ID71672,"AgileEngine, LLC.",Rosario,,,https://open.app.jobrapido.com/ar/2690154739387072512/?w=software%20engineer&l=&oc=sponsored&k=web.1.1.15&uuid=arF001a05be3f17fb42b&page_item_id=1435063774,Software Engineer,jobrapido,2026-09-01T03:34:21.349658,,,,
8875081643342168064,Middle Full Stack Engineer - Franchise Menu ID74267,AgileEngine,Rosario,,,https://open.app.jobrapido.com/ar/8875081643342168064/?w=software%20engineer&l=&oc=sponsored&k=web.1.1.16&uuid=arF001a05be3f17fb42b&page_item_id=984670308,Software Engineer,jobrapido,2026-09-01T03:34:21.350138,,,,
7933961262617067520,AppSec Engineer ID71671,AgileEngine,Rosario,,,https://open.app.jobrapido.com/ar/7933961262617067520/?w=software%20engineer&l=&oc=sponsored&k=web.1.1.17&uuid=arF001a05be3f17fb42b&page_item_id=-1293187971,Software Engineer,jobrapido,2026-09-01T03:34:21.350620,,,,
5276628300381290496,Senior Full Stack Engineer ID82556,"AgileEngine, LLC.",Rosario,,,https://open.app.jobrapido.com/ar/5276628300381290496/?w=software%20engineer&l=&oc=sponsored&k=web.1.2.5&uuid=arF001a05be54705b61e&page_item_id=-1230733000,Software Engineer,jobrapido,2026-09-01T03:35:48.660461,,,,
8886470384782671872,Senior QA Automation Engineer ID72456,AgileEngine,Rosario,,,https://open.app.jobrapido.com/ar/8886470384782671872/?w=software%20engineer&l=&oc=sponsored&k=web.1.2.6&uuid=arF001a05be54705b61e&page_item_id=-2085392729,Software Engineer,jobrapido,2026-09-01T03:35:48.660998,,,,
3444339090915328000,Senior Platform Engineer - AI-Driven Cloud & Fabric,PwC South Africa,Rosario,,,https://open.app.jobrapido.com/ar/3444339090915328000/?w=software%20engineer&l=&oc=sponsored&k=web.1.2.8&uuid=arF001a05be54705b61e&page_item_id=1974743400,Software Engineer,jobrapido,2026-09-01T03:35:48.661677,,,,
731080294366445568,Senior Full Stack Engineer ID84407,AgileEngine,Rosario,,,https://open.app.jobrapido.com/ar/731080294366445568/?w=software%20engineer&l=&oc=sponsored&k=web.1.2.9&uuid=arF001a05be54705b61e&page_item_id=-148546921,Software Engineer,jobrapido,2026-09-01T03:35:48.662197,,,,
4423702685077733376,Senior Java Engineer ID84680,AgileEngine,Rosario,,,https://open.app.jobrapido.com/ar/4423702685077733376/?w=software%20engineer&l=&oc=sponsored&k=web.1.3.2&uuid=arF001a05be5b1cab6b1&page_item_id=430474995,Software Engineer,jobrapido,2026-09-01T03:36:15.944437,,,,
8312777068886622208,Software Engineer (Web) ID76971,AgileEngine,Rosario,,,https://open.app.jobrapido.com/ar/8312777068886622208/?w=software%20engineer&l=&oc=sponsored&k=web.1.3.8&uuid=arF001a05be5b1cab6b1&page_item_id=505730581,Software Engineer,jobrapido,2026-09-01T03:36:15.945649,,,,
1029805938502008832,Senior Software Engineer ID74260,AgileEngine,Rosario,,,https://open.app.jobrapido.com/ar/1029805938502008832/?w=software%20engineer&l=&oc=sponsored&k=web.1.3.11&uuid=arF001a05be5b1cab6b1&page_item_id=-772472708,Software Engineer,jobrapido,2026-09-01T03:36:15.946422,,,,
6401484959667716096,Senior Software Engineer ID72455,AgileEngine,Rosario,,,https://open.app.jobrapido.com/ar/6401484959667716096/?w=software%20engineer&l=&oc=sponsored&k=web.1.3.12&uuid=arF001a05be5b1cab6b1&page_item_id=-1323224214,Software Engineer,jobrapido,2026-09-01T03:36:15.946914,,,,
8315564777539633152,Business Consultant,Palantir Inc,Rosario,,,https://open.app.jobrapido.com/ar/8315564777539633152/?w=software%20engineer&l=&oc=sponsored&k=web.1.4.0&uuid=arF001a05be6203fb787&page_item_id=-371684901,Software Engineer,jobrapido,2026-09-01T03:36:44.544841,,,,
3464569847168368640,Oil & Gas Analytics Consultant,Palantir Inc,Rosario,,,https://open.app.jobrapido.com/ar/3464569847168368640/?w=software%20engineer&l=&oc=sponsored&k=web.1.4.1&uuid=arF001a05be6203fb787&page_item_id=-1647486870,Software Engineer,jobrapido,2026-09-01T03:36:44.545414,,,,
2244821520473915392,Senior Android Tech Lead: Core Product,Clutch Canada,Rosario,,,https://open.app.jobrapido.com/ar/2244821520473915392/?w=software%20engineer&l=&oc=sponsored&k=web.1.4.2&uuid=arF001a05be6203fb787&page_item_id=364941774,Software Engineer,jobrapido,2026-09-01T03:36:44.545899,,,,
9194383874497445888,Senior Principal Mobile Architect,Hispanic Alliance for Career Enhancement,Rosario,,,https://open.app.jobrapido.com/ar/9194383874497445888/?w=software%20engineer&l=&oc=sponsored&k=web.1.4.3&uuid=arF001a05be6203fb787&page_item_id=484832907,Software Engineer,jobrapido,2026-09-01T03:36:44.546378,,,,
388968127557271552,Python Engineer (AppSec) ID71670,AgileEngine,Rosario,,,https://open.app.jobrapido.com/ar/388968127557271552/?w=software%20engineer&l=&oc=sponsored&k=web.1.4.6&uuid=arF001a05be6203fb787&page_item_id=850598916,Software Engineer,jobrapido,2026-09-01T03:36:44.547208,,,,
5265136033049083904,Application Security Engineer (Senior) ID71672,Morgan Stanley,Rosario,,,https://open.app.jobrapido.com/ar/5265136033049083904/?w=software%20engineer&l=&oc=sponsored&k=web.1.4.7&uuid=arF001a05be6203fb787&page_item_id=1264683265,Software Engineer,jobrapido,2026-09-01T03:36:44.547707,,,,
1990933342043766784,Application Security Engineer (Senior) ID71668,Morgan Stanley,Rosario,,,https://open.app.jobrapido.com/ar/1990933342043766784/?w=software%20engineer&l=&oc=sponsored&k=web.1.4.8&uuid=arF001a05be6203fb787&page_item_id=-1945415750,Software Engineer,jobrapido,2026-09-01T03:36:44.548188,,,,
6894627881914204160,Senior Infrastructure Engineer ID82562,AgileEngine,Rosario,,,https://open.app.jobrapido.com/ar/6894627881914204160/?w=software%20engineer&l=&oc=sponsored&k=web.1.4.10&uuid=arF001a05be6203fb787&page_item_id=475174018,Software Engineer,jobrapido,2026-09-01T03:36:44.548811,,,,
5591680214720577536,Senior Infrastructure Engineer ID82552,AgileEngine,Rosario,,,https://open.app.jobrapido.com/ar/5591680214720577536/?w=software%20engineer&l=&oc=sponsored&k=web.1.4.11&uuid=arF001a05be6203fb787&page_item_id=-1124193990,Software Engineer,jobrapido,2026-09-01T03:36:44.549290,,,,
3169984963823009792,DevOps Engineer ID83107,AgileEngine,Rosario,,,https://open.app.jobrapido.com/ar/3169984963823009792/?w=software%20engineer&l=&oc=sponsored&k=web.1.4.12&uuid=arF001a05be6203fb787&page_item_id=1892886979,Software Engineer,jobrapido,2026-09-01T03:36:44.549772,,,,
4749269813228994560,Senior Site Reliability Engineer ID82562,AgileEngine,Rosario,,,https://open.app.jobrapido.com/ar/4749269813228994560/?w=software%20engineer&l=&oc=sponsored&k=web.1.4.15&uuid=arF001a05be6203fb787&page_item_id=934728884,Software Engineer,jobrapido,2026-09-01T03:36:44.550526,,,,
8076722677001224192,Senior Mobile Engineer ID82572,AgileEngine,Rosario,,,https://open.app.jobrapido.com/ar/8076722677001224192/?w=software%20engineer&l=&oc=sponsored&k=web.1.4.17&uuid=arF001a05be6203fb787&page_item_id=1951745719,Software Engineer,jobrapido,2026-09-01T03:36:44.551139,,,,
6660203430117638144,Senior Site Reliability Engineer ID82566,AgileEngine,Rosario,,,https://open.app.jobrapido.com/ar/6660203430117638144/?w=software%20engineer&l=&oc=sponsored&k=web.1.4.18&uuid=arF001a05be6203fb787&page_item_id=1681268771,Software Engineer,jobrapido,2026-09-01T03:36:44.551620,,,,
5012730391430168576,Senior Full Stack Engineer ID82556,AgileEngine,Rosario,,,https://open.app.jobrapido.com/ar/5012730391430168576/?w=software%20engineer&l=&oc=sponsored&k=web.1.4.19&uuid=arF001a05be6203fb787&page_item_id=-570388615,Software Engineer,jobrapido,2026-09-01T03:36:44.552093,,,,
1215347907213918208,Platform Engineer ID82552,AgileEngine,Rosario,,,https://open.app.jobrapido.com/ar/1215347907213918208/?w=software%20engineer&l=&oc=sponsored&k=web.1.5.0&uuid=arF001a05be78672b8f4&page_item_id=-908493752,Software Engineer,jobrapido,2026-09-01T03:38:16.206122,,,,
4201833075522404352,Mobile Engineer ID74264,AgileEngine,Rosario,,,https://open.app.jobrapido.com/ar/4201833075522404352/?w=software%20engineer&l=&oc=sponsored&k=web.1.5.6&uuid=arF001a05be78672b8f4&page_item_id=1777028496,Software Engineer,jobrapido,2026-09-01T03:38:16.207343,,,,
3480160372294418432,Senior Full Stack Engineer ID78855,AgileEngine,Rosario,,,https://open.app.jobrapido.com/ar/3480160372294418432/?w=software%20engineer&l=&oc=sponsored&k=web.1.5.7&uuid=arF001a05be78672b8f4&page_item_id=-1921048698,Software Engineer,jobrapido,2026-09-01T03:38:16.207826,,,,
5784953210464632832,Senior Mobile Engineer ID74261,AgileEngine,Rosario,,,https://open.app.jobrapido.com/ar/5784953210464632832/?w=software%20engineer&l=&oc=sponsored&k=web.1.5.11&uuid=arF001a05be78672b8f4&page_item_id=1954949809,Software Engineer,jobrapido,2026-09-01T03:38:16.208712,,,,
3635979724208996352,Senior Data Engineer ID71670,AgileEngine,Rosario,,,https://open.app.jobrapido.com/ar/3635979724208996352/?w=software%20engineer&l=&oc=sponsored&k=web.1.5.12&uuid=arF001a05be78672b8f4&page_item_id=1042984707,Software Engineer,jobrapido,2026-09-01T03:38:16.209185,,,,
8175104967409926144,Senior Backend Engineer ID77083,AgileEngine,Rosario,,,https://open.app.jobrapido.com/ar/8175104967409926144/?w=software%20engineer&l=&oc=sponsored&k=web.1.5.13&uuid=arF001a05be78672b8f4&page_item_id=-714185285,Software Engineer,jobrapido,2026-09-01T03:38:16.209662,,,,
1770236430358937600,Senior Automation QA Engineer ID72469,AgileEngine,Rosario,,,https://open.app.jobrapido.com/ar/1770236430358937600/?w=software%20engineer&l=&oc=sponsored&k=web.1.5.14&uuid=arF001a05be78672b8f4&page_item_id=1448248070,Software Engineer,jobrapido,2026-09-01T03:38:16.210135,,,,
1539932862243930112,Senior Full Stack Engineer (backend focus) ID77506,AgileEngine,Rosario,,,https://open.app.jobrapido.com/ar/1539932862243930112/?w=software%20engineer&l=&oc=sponsored&k=web.1.5.15&uuid=arF001a05be78672b8f4&page_item_id=731442475,Software Engineer,jobrapido,2026-09-01T03:38:16.210612,,,,
8932060225679130624,Middle/Senior Full Stack Engineer ID73950,AgileEngine,Rosario,,,https://open.app.jobrapido.com/ar/8932060225679130624/?w=software%20engineer&l=&oc=sponsored&k=web.1.5.17&uuid=arF001a05be78672b8f4&page_item_id=-1681376535,Software Engineer,jobrapido,2026-09-01T03:38:16.211224,,,,
3705923438423048192,Senior Python Engineer,Miratech,Rosario,,,https://open.app.jobrapido.com/ar/3705923438423048192/?w=python&l=&oc=sponsored&k=web.1.1.0&uuid=arF001a05be886b5ba1d&page_item_id=-1367955076,Python Developer,jobrapido,2026-09-01T03:39:21.714315,,,,
149836546223112192,Desarrollador/a Fullstack (React + Python),Aliancers,Rosario,,,https://open.app.jobrapido.com/ar/149836546223112192/?w=python&l=&oc=sponsored&k=web.1.1.1&uuid=arF001a05be886b5ba1d&page_item_id=286471824,Python Developer,jobrapido,2026-09-01T03:39:21.714871,,,,
6777112079137505280,Remote Senior AI Engineer — Python & Agent Tech,FullStack,Rosario,,,https://open.app.jobrapido.com/ar/6777112079137505280/?w=python&l=&oc=sponsored&k=web.1.1.3&uuid=arF001a05be886b5ba1d&page_item_id=1841163203,Python Developer,jobrapido,2026-09-01T03:39:21.715504,,,,
8297758375706361856,Senior Full Stack Engineer — Python/React (Remote),AgileEngine,Rosario,,,https://open.app.jobrapido.com/ar/8297758375706361856/?w=python&l=&oc=sponsored&k=web.1.1.4&uuid=arF001a05be886b5ba1d&page_item_id=1803929075,Python Developer,jobrapido,2026-09-01T03:39:21.715998,,,,
2058883607316922368,Senior Python Engineer - Real-Time Voice on AWS,Miratech,Rosario,,,https://open.app.jobrapido.com/ar/2058883607316922368/?w=python&l=&oc=sponsored&k=web.1.1.5&uuid=arF001a05be886b5ba1d&page_item_id=888278129,Python Developer,jobrapido,2026-09-01T03:39:21.716573,,,,
7261796819208765440,Remote DevSecOps Engineer (Python) — CI/CD Security & Remediation,AgileEngine,Rosario,,,https://open.app.jobrapido.com/ar/7261796819208765440/?w=python&l=&oc=sponsored&k=web.1.1.6&uuid=arF001a05be886b5ba1d&page_item_id=-1537165323,Python Developer,jobrapido,2026-09-01T03:39:21.717070,,,,
5242644783968550912,"Senior Python/Flask+React Fullstack Engineer - Remote, Latin America",Bluelight,Rosario,,,https://open.app.jobrapido.com/ar/5242644783968550912/?w=python&l=&oc=sponsored&k=web.1.1.8&uuid=arF001a05be886b5ba1d&page_item_id=1383909505,Python Developer,jobrapido,2026-09-01T03:39:21.717705,,,,
432791585843838976,Senior Python/React Full-Stack Engineer — Impact & Growth,Bluelight,Rosario,,,https://open.app.jobrapido.com/ar/432791585843838976/?w=python&l=&oc=sponsored&k=web.1.1.11&uuid=arF001a05be886b5ba1d&page_item_id=-1311751926,Python Developer,jobrapido,2026-09-01T03:39:21.718469,,,,
2148329479531921408,Technical Lead - Remote AI-Powered Marketing Platform,"AgileEngine, LLC.",Rosario,,,https://open.app.jobrapido.com/ar/2148329479531921408/?w=python&l=&oc=sponsored&k=web.1.1.13&uuid=arF001a05be886b5ba1d&page_item_id=-1880345064,Python Developer,jobrapido,2026-09-01T03:39:21.719102,,,,
1402503477959065600,"Senior AppSec Engineer - Remote, AI-Driven Secure Coding","AgileEngine, LLC.",Rosario,,,https://open.app.jobrapido.com/ar/1402503477959065600/?w=python&l=&oc=sponsored&k=web.1.1.14&uuid=arF001a05be886b5ba1d&page_item_id=-12711443,Python Developer,jobrapido,2026-09-01T03:39:21.719588,,,,
4985706646182297600,"Technical Lead, AI-Driven Marketing Platform",AgileEngine,Rosario,,,https://open.app.jobrapido.com/ar/4985706646182297600/?w=python&l=&oc=sponsored&k=web.1.1.15&uuid=arF001a05be886b5ba1d&page_item_id=-594637147,Python Developer,jobrapido,2026-09-01T03:39:21.720072,,,,
8109424953129959424,JSOC - Cybersecurity Specialist - Incident Response,Questrade Financial Group,Rosario,,,https://open.app.jobrapido.com/ar/8109424953129959424/?w=python&l=&oc=sponsored&k=web.1.2.11&uuid=arF001a05be99eaabbde&page_item_id=136656796,Python Developer,jobrapido,2026-09-01T03:40:33.140220,,,,
1865953865359163392,Full Stack Developer ID84745,AgileEngine,Rosario,,,https://open.app.jobrapido.com/ar/1865953865359163392/?w=python&l=&oc=sponsored&k=web.1.2.14&uuid=arF001a05be99eaabbde&page_item_id=-924705693,Python Developer,jobrapido,2026-09-01T03:40:33.141044,,,,
6821661395487031296,Consultor Funcional Odoo & Automatización con IA,Madia Desarrollo Humano,Rosario,,,https://open.app.jobrapido.com/ar/6821661395487031296/?w=python&l=&oc=sponsored&k=web.1.3.1&uuid=arF001a05be9dc83bc09&page_item_id=1025965697,Python Developer,jobrapido,2026-09-01T03:40:49.263649,,,,
8217718189811826688,AI Platform Tech Lead ID84742,AgileEngine,Rosario,,,https://open.app.jobrapido.com/ar/8217718189811826688/?w=python&l=&oc=sponsored&k=web.1.3.3&uuid=arF001a05be9dc83bc09&page_item_id=-427316837,Python Developer,jobrapido,2026-09-01T03:40:49.264320,,,,
5787064478948392960,Senior/Lead AppSec Engineer ID71672,AgileEngine,Rosario,,,https://open.app.jobrapido.com/ar/5787064478948392960/?w=python&l=&oc=sponsored&k=web.1.3.8&uuid=arF001a05be9dc83bc09&page_item_id=-25410184,Python Developer,jobrapido,2026-09-01T03:40:49.265407,,,,
5013144821414494208,Analista Técnico Funcional BI,LA VIRGINIA,Rosario,,,https://open.app.jobrapido.com/ar/5013144821414494208/?w=python&l=&oc=sponsored&k=web.1.3.10&uuid=arF001a05be9dc83bc09&page_item_id=1464707792,Python Developer,jobrapido,2026-09-01T03:40:49.266064,,,,
797410068478820352,Detection Researcher: Coding-Focused Security Analysis,Zimperium,Rosario,,,https://open.app.jobrapido.com/ar/797410068478820352/?w=python&l=&oc=sponsored&k=web.1.3.13&uuid=arF001a05be9dc83bc09&page_item_id=-1182204149,Python Developer,jobrapido,2026-09-01T03:40:49.266848,,,,
376958677443149824,Remote AI/ML Engineer: Build Production AI Systems,FullStack,Rosario,,,https://open.app.jobrapido.com/ar/376958677443149824/?w=python&l=&oc=sponsored&k=web.1.4.0&uuid=arF001a05bea6b56bc88&page_item_id=1843306391,Python Developer,jobrapido,2026-09-01T03:41:25.781585,,,,
5993210951967440896,Senior Full Stack Developer ID71007,AgileEngine,Rosario,,,https://open.app.jobrapido.com/ar/5993210951967440896/?w=python&l=&oc=sponsored&k=web.1.4.13&uuid=arF001a05bea6b56bc88&page_item_id=-1744447257,Python Developer,jobrapido,2026-09-01T03:41:25.783823,,,,
1758800152220401664,Analista de investigación de mercado,Avalian,Rosario,,,https://open.app.jobrapido.com/ar/1758800152220401664/?w=python&l=&oc=sponsored&k=web.1.4.15&uuid=arF001a05bea6b56bc88&page_item_id=1119612160,Python Developer,jobrapido,2026-09-01T03:41:25.784454,,,,
4208307824620470272,Technical Lead ID71009,AgileEngine,Rosario,,,https://open.app.jobrapido.com/ar/4208307824620470272/?w=python&l=&oc=sponsored&k=web.1.4.19&uuid=arF001a05bea6b56bc88&page_item_id=1699040840,Python Developer,jobrapido,2026-09-01T03:41:25.785354,,,,
4271207242713268224,Desarrollador/a Backend,Findme,Rosario,,,https://open.app.jobrapido.com/ar/4271207242713268224/?w=desarrollador%20backend&l=&oc=sponsored&k=web.1.1.0&uuid=arF001a05beb0851bd77&page_item_id=-1141989534,Desarrollador Backend,jobrapido,2026-09-01T03:42:05.942551,,,,
2540100195656400896,"QA Analyst SRR - Rosario, Santa Fe",METRA hr,Rosario,,,https://open.app.jobrapido.com/ar/2540100195656400896/?w=desarrollador%20backend&l=&oc=sponsored&k=web.1.1.1&uuid=arF001a05beb0851bd77&page_item_id=1108699171,Desarrollador Backend,jobrapido,2026-09-01T03:42:05.943096,,,,
7407617521617993728,Desarrollador Python Senior / Remoto,ADN Recursos Humanos,Capital Federal,,,https://open.app.jobrapido.com/ar/7407617521617993728/?w=desarrollador%20backend&l=&oc=sponsored&k=web.1.1.2&uuid=arF001a05beb0851bd77&page_item_id=1298498342,Desarrollador Backend,jobrapido,2026-09-01T03:42:05.943584,,,,
2952600915032408064,Desarrollador Mobile React Native / Híbrido,ADN Recursos Humanos,Capital Federal (Belgrano),,,https://open.app.jobrapido.com/ar/2952600915032408064/?w=desarrollador%20backend&l=&oc=sponsored&k=web.1.1.3&uuid=arF001a05beb0851bd77&page_item_id=2091624585,Desarrollador Backend,jobrapido,2026-09-01T03:42:05.944066,,,,
8582622133153169408,Desarrollador Backend,Universidad de Palermo,Capital Federal,,,https://open.app.jobrapido.com/ar/8582622133153169408/?w=desarrollador%20backend&l=&oc=sponsored&k=web.1.1.4&uuid=arF001a05beb0851bd77&page_item_id=-280209947,Desarrollador Backend,jobrapido,2026-09-01T03:42:05.944548,,,,
8947491811245424640,DESARROLLADOR BackEnd,Boldt,Capital Federal,,,https://open.app.jobrapido.com/ar/8947491811245424640/?w=desarrollador%20backend&l=&oc=sponsored&k=web.1.1.5&uuid=arF001a05beb0851bd77&page_item_id=1963304900,Desarrollador Backend,jobrapido,2026-09-01T03:42:05.945024,,,,
2923272971369840640,Desarrollador Backend Java Senior,Nonconformist,Capital Federal,,,https://open.app.jobrapido.com/ar/2923272971369840640/?w=desarrollador%20backend&l=&oc=sponsored&k=web.1.1.6&uuid=arF001a05beb0851bd77&page_item_id=-1802099795,Desarrollador Backend,jobrapido,2026-09-01T03:42:05.945499,,,,
4994298006703439872,Desarrollador/a Backend Python,Credencial Payments,Capital Federal,,,https://open.app.jobrapido.com/ar/4994298006703439872/?w=desarrollador%20backend&l=&oc=sponsored&k=web.1.1.7&uuid=arF001a05beb0851bd77&page_item_id=-17882531,Desarrollador Backend,jobrapido,2026-09-01T03:42:05.945982,,,,
7563414230464987136,Desarrollador/a Backend Ssr.,Grupo ST,Capital Federal,,,https://open.app.jobrapido.com/ar/7563414230464987136/?w=desarrollador%20backend&l=&oc=sponsored&k=web.1.1.8&uuid=arF001a05beb0851bd77&page_item_id=2096489337,Desarrollador Backend,jobrapido,2026-09-01T03:42:05.946456,,,,
6284165436896444416,Desarrollador/a Backend Java SSR,Infosis,Capital Federal,,,https://open.app.jobrapido.com/ar/6284165436896444416/?w=desarrollador%20backend&l=&oc=sponsored&k=web.1.1.9&uuid=arF001a05beb0851bd77&page_item_id=1319181371,Desarrollador Backend,jobrapido,2026-09-01T03:42:05.946938,,,,
782485503801819136,Desarrollador/a Backend Ssr.,Cosys Global,Capital Federal,,,https://open.app.jobrapido.com/ar/782485503801819136/?w=desarrollador%20backend&l=&oc=sponsored&k=web.1.1.10&uuid=arF001a05beb0851bd77&page_item_id=-935719056,Desarrollador Backend,jobrapido,2026-09-01T03:42:05.947412,,,,
6507763839507890176,Desarrollador Senior Backend & Automatización (Híbrido),SCI Comunidad,Capital Federal (Barracas),,,https://open.app.jobrapido.com/ar/6507763839507890176/?w=desarrollador%20backend&l=&oc=sponsored&k=web.1.1.11&uuid=arF001a05beb0851bd77&page_item_id=1096689404,Desarrollador Backend,jobrapido,2026-09-01T03:42:05.947894,,,,
1629341625941491712,Desarrollador Junior Backend (Córdoba Capital),CL Select,Córdoba Capital,,,https://open.app.jobrapido.com/ar/1629341625941491712/?w=desarrollador%20backend&l=&oc=sponsored&k=web.1.1.12&uuid=arF001a05beb0851bd77&page_item_id=-589857975,Desarrollador Backend,jobrapido,2026-09-01T03:42:05.948374,,,,
299621743964717056,Desarrollador Backend Java - Referente técnico,ThinkBig HR,Capital Federal,,,https://open.app.jobrapido.com/ar/299621743964717056/?w=desarrollador%20backend&l=&oc=sponsored&k=web.1.1.13&uuid=arF001a05beb0851bd77&page_item_id=-355919326,Desarrollador Backend,jobrapido,2026-09-01T03:42:05.948858,,,,
3152509875766951936,Desarrollador Backend,Jobtailor,San Pedro De Jujuy,,,https://open.app.jobrapido.com/ar/3152509875766951936/?w=desarrollador%20backend&l=&oc=sponsored&k=web.1.1.14&uuid=arF001a05beb0851bd77&page_item_id=-1426167486,Desarrollador Backend,jobrapido,2026-09-01T03:42:05.949335,,,,
8945503782553255936,Desarrollador Backend (SSR) – Computer Vision & AI / Python / Azure (Híbrido),Talent Connect,Capital Federal,,,https://open.app.jobrapido.com/ar/8945503782553255936/?w=desarrollador%20backend&l=&oc=sponsored&k=web.1.1.15&uuid=arF001a05beb0851bd77&page_item_id=1632651243,Desarrollador Backend,jobrapido,2026-09-01T03:42:05.949824,,,,
29951682435612672,Desarrollador Backend - NODE JS - Córdoba excluyente-POSICIÓN CUBIERTA,Idearhumano,Córdoba,,,https://open.app.jobrapido.com/ar/29951682435612672/?w=desarrollador%20backend&l=&oc=sponsored&k=web.1.1.16&uuid=arF001a05beb0851bd77&page_item_id=-2038725398,Desarrollador Backend,jobrapido,2026-09-01T03:42:05.950307,,,,
8632384036561485824,"Desarrollador Backend (SR) – Node.js / Java Spring Boot (Híbrido, CABA) | 185131",Talent Connect,Capital Federal,,,https://open.app.jobrapido.com/ar/8632384036561485824/?w=desarrollador%20backend&l=&oc=sponsored&k=web.1.1.17&uuid=arF001a05beb0851bd77&page_item_id=1710907366,Desarrollador Backend,jobrapido,2026-09-01T03:42:05.950795,,,,
3054278355890208768,Desarrollador Backend (SSR) – Computer Vision & AI / Python / Azure OpenAI,Talent Connect,Capital Federal,,,https://open.app.jobrapido.com/ar/3054278355890208768/?w=desarrollador%20backend&l=&oc=sponsored&k=web.1.1.18&uuid=arF001a05beb0851bd77&page_item_id=-2143714682,Desarrollador Backend,jobrapido,2026-09-01T03:42:05.951277,,,,
6599704778484219904,Desarrollador Backend,Jobtailor,San Salvador De Jujuy,,,https://open.app.jobrapido.com/ar/6599704778484219904/?w=desarrollador%20backend&l=&oc=sponsored&k=web.1.1.19&uuid=arF001a05beb0851bd77&page_item_id=-677387780,Desarrollador Backend,jobrapido,2026-09-01T03:42:05.951760,,,,
6205704132519526400,Desarrollador Backend,Jobtailor,San Pedro,,,https://open.app.jobrapido.com/ar/6205704132519526400/?w=desarrollador%20backend&l=&oc=sponsored&k=web.1.2.0&uuid=arF001a05bed0752c013&page_item_id=-1401174042,Desarrollador Backend,jobrapido,2026-09-01T03:44:16.867097,,,,
1916602181297897472,Desarrollador/a Backend Senior (Node.js/Nest.js),Coderio,Rincón De Los Sauces,,,https://open.app.jobrapido.com/ar/1916602181297897472/?w=desarrollador%20backend&l=&oc=sponsored&k=web.1.2.1&uuid=arF001a05bed0752c013&page_item_id=251347112,Desarrollador Backend,jobrapido,2026-09-01T03:44:16.867650,,,,
5487004508733046784,"Desarrollador Backend Senior NodeJS, APIs y Cloud (Remote)",Coderio,Rincón De Los Sauces,,,https://open.app.jobrapido.com/ar/5487004508733046784/?w=desarrollador%20backend&l=&oc=sponsored&k=web.1.2.2&uuid=arF001a05bed0752c013&page_item_id=-1979161400,Desarrollador Backend,jobrapido,2026-09-01T03:44:16.868135,,,,
5148661914460487680,"Desarrollador Backend Senior: Smalltalk, REST y APIs",Werben HR,Vicente López,,,https://open.app.jobrapido.com/ar/5148661914460487680/?w=desarrollador%20backend&l=&oc=sponsored&k=web.1.2.3&uuid=arF001a05bed0752c013&page_item_id=-1487937483,Desarrollador Backend,jobrapido,2026-09-01T03:44:16.868623,,,,
9084348186763460608,Desarrollador/a Backend GO SSR ID #00267,Werben HR,Capital Federal,,,https://open.app.jobrapido.com/ar/9084348186763460608/?w=desarrollador%20backend&l=&oc=sponsored&k=web.1.2.4&uuid=arF001a05bed0752c013&page_item_id=-1642630512,Desarrollador Backend,jobrapido,2026-09-01T03:44:16.869103,,,,
2002941185840119808,Desarrollador Backend (PL/SQL) Ssr - POSICIÓN CUBIERTA,Idearhumano,Córdoba,,,https://open.app.jobrapido.com/ar/2002941185840119808/?w=desarrollador%20backend&l=&oc=sponsored&k=web.1.2.5&uuid=arF001a05bed0752c013&page_item_id=2044308021,Desarrollador Backend,jobrapido,2026-09-01T03:44:16.869686,,,,
5170388444613967872,Desarrollador BackEnd – PHP (Jr / Ssr / Sr) Presencial Córdoba-POSICIÓN CUBIERTA,Idearhumano,Córdoba,,,https://open.app.jobrapido.com/ar/5170388444613967872/?w=desarrollador%20backend&l=&oc=sponsored&k=web.1.2.6&uuid=arF001a05bed0752c013&page_item_id=-1855203011,Desarrollador Backend,jobrapido,2026-09-01T03:44:16.870205,,,,
1869243191832608768,Senior Backend Architect & Tech Lead,Werben HR,Capital Federal,,,https://open.app.jobrapido.com/ar/1869243191832608768/?w=desarrollador%20backend&l=&oc=sponsored&k=web.1.2.7&uuid=arF001a05bed0752c013&page_item_id=1104343341,Desarrollador Backend,jobrapido,2026-09-01T03:44:16.870707,,,,
5941962852435755008,Senior Backend Engineer (Java) – End-to-End Ownership,Despegar,Capital Federal,,,https://open.app.jobrapido.com/ar/5941962852435755008/?w=desarrollador%20backend&l=&oc=sponsored&k=web.1.2.8&uuid=arF001a05bed0752c013&page_item_id=1185279376,Desarrollador Backend,jobrapido,2026-09-01T03:44:16.871199,,,,
8827045406253776896,Backend Senior Engineer: Lidera Arquitectura y Rendimiento,Werben HR,Capital Federal,,,https://open.app.jobrapido.com/ar/8827045406253776896/?w=desarrollador%20backend&l=&oc=sponsored&k=web.1.2.9&uuid=arF001a05bed0752c013&page_item_id=1247613332,Desarrollador Backend,jobrapido,2026-09-01T03:44:16.871696,,,,
4573933906583093248,Dev Backend.Net Sr,Itps,Capital Federal,,,https://open.app.jobrapido.com/ar/4573933906583093248/?w=desarrollador%20backend&l=&oc=sponsored&k=web.1.2.10&uuid=arF001a05bed0752c013&page_item_id=-1854192239,Desarrollador Backend,jobrapido,2026-09-01T03:44:16.872180,,,,
6917938215617822720,"Ingeniero Backend Node.js y TypeScript — Remoto, Freelance",Join Ready,Capital Federal,,,https://open.app.jobrapido.com/ar/6917938215617822720/?w=desarrollador%20backend&l=&oc=sponsored&k=web.1.2.11&uuid=arF001a05bed0752c013&page_item_id=1216074019,Desarrollador Backend,jobrapido,2026-09-01T03:44:16.872671,,,,
8479408004536467456,"Senior .NET Backend Architect - Microservices, BFF & CQRS",Itps,Capital Federal,,,https://open.app.jobrapido.com/ar/8479408004536467456/?w=desarrollador%20backend&l=&oc=sponsored&k=web.1.2.12&uuid=arF001a05bed0752c013&page_item_id=577445707,Desarrollador Backend,jobrapido,2026-09-01T03:44:16.873157,,,,
3444098933524004864,Senior Backend Go Engineer – Microservicios (Remoto),Talent Connect,Capital Federal,,,https://open.app.jobrapido.com/ar/3444098933524004864/?w=desarrollador%20backend&l=&oc=sponsored&k=web.1.2.13&uuid=arF001a05bed0752c013&page_item_id=-1122084967,Desarrollador Backend,jobrapido,2026-09-01T03:44:16.873651,,,,
421059882674814976,Desarrollador Java Sr.,Interinnovacion-talent,Capital Federal,,,https://open.app.jobrapido.com/ar/421059882674814976/?w=desarrollador%20backend&l=&oc=sponsored&k=web.1.2.14&uuid=arF001a05bed0752c013&page_item_id=398122533,Desarrollador Backend,jobrapido,2026-09-01T03:44:16.874135,,,,
7933321398389309440,Backend Dev SR/lead (Colombia),Werben HR,Capital Federal,,,https://open.app.jobrapido.com/ar/7933321398389309440/?w=desarrollador%20backend&l=&oc=sponsored&k=web.1.2.15&uuid=arF001a05bed0752c013&page_item_id=1887452736,Desarrollador Backend,jobrapido,2026-09-01T03:44:16.874626,,,,
885369675850973184,Backend Dev SR (Colombia),Werben HR,Capital Federal,,,https://open.app.jobrapido.com/ar/885369675850973184/?w=desarrollador%20backend&l=&oc=sponsored&k=web.1.2.16&uuid=arF001a05bed0752c013&page_item_id=2018357516,Desarrollador Backend,jobrapido,2026-09-01T03:44:16.875108,,,,
8545652205720436736,Sr Software Engineer -Productivity GenAI - AI Assets Core Team,MercadoLibre,Capital Federal,,,https://open.app.jobrapido.com/ar/8545652205720436736/?w=desarrollador%20backend&l=&oc=sponsored&k=web.1.2.17&uuid=arF001a05bed0752c013&page_item_id=794870843,Desarrollador Backend,jobrapido,2026-09-01T03:44:16.875601,,,,
3469064444544286720,Backend/Full-stack Developer,Carlo Ratti Associati,Córdoba,,,https://open.app.jobrapido.com/ar/3469064444544286720/?w=desarrollador%20backend&l=&oc=sponsored&k=web.1.2.18&uuid=arF001a05bed0752c013&page_item_id=-344355724,Desarrollador Backend,jobrapido,2026-09-01T03:44:16.876087,,,,
5815968715497275392,Senior Backend Engineer (Java) - End-to-End Ownership,Despegar,Capital Federal,,,https://open.app.jobrapido.com/ar/5815968715497275392/?w=desarrollador%20backend&l=&oc=sponsored&k=web.1.2.19&uuid=arF001a05bed0752c013&page_item_id=-389463358,Desarrollador Backend,jobrapido,2026-09-01T03:44:16.876575,,,,
6331189693790552064,"Generative AI Engineer: GCP, Python & LLM Workflows",Jobtailor,Capital Federal,,,https://open.app.jobrapido.com/ar/6331189693790552064/?w=desarrollador%20backend&l=&oc=sponsored&k=web.1.3.10&uuid=arF001a05bef1236c2ef&page_item_id=2066761942,Desarrollador Backend,jobrapido,2026-09-01T03:46:30.311020,,,,
7996923146714218496,Desarrollador Java Senior - pagos y Spring Boot,Eldar,Remoto,,,https://open.app.jobrapido.com/ar/7996923146714218496/?w=desarrollador%20backend&l=&oc=sponsored&k=web.1.3.11&uuid=arF001a05bef1236c2ef&page_item_id=62011450,Desarrollador Backend,jobrapido,2026-09-01T03:46:30.311562,,,,
7329178190293762048,Senior PHP/Laravel Backend Engineer - Hybrid (Belgrano),Sercanto srl,Capital Federal (Belgrano),,,https://open.app.jobrapido.com/ar/7329178190293762048/?w=desarrollador%20backend&l=&oc=sponsored&k=web.1.3.12&uuid=arF001a05bef1236c2ef&page_item_id=707253351,Desarrollador Backend,jobrapido,2026-09-01T03:46:30.312119,,,,
5080047990840754176,Backend Java 21 + Drools Engineer (Hybrid),Huenei IT Services,Remoto,,,https://open.app.jobrapido.com/ar/5080047990840754176/?w=desarrollador%20backend&l=&oc=sponsored&k=web.1.3.13&uuid=arF001a05bef1236c2ef&page_item_id=1700226539,Desarrollador Backend,jobrapido,2026-09-01T03:46:30.312658,,,,
3574775340729368576,Frontend Engineer: Angular & Microfrontends (Hybrid),Alianza Estrategica,Capital Federal,,,https://open.app.jobrapido.com/ar/3574775340729368576/?w=desarrollador%20backend&l=&oc=sponsored&k=web.1.3.14&uuid=arF001a05bef1236c2ef&page_item_id=-303873570,Desarrollador Backend,jobrapido,2026-09-01T03:46:30.313180,,,,
2515744982309011456,Anuncios Google,Coder Technologies Inc.,Remoto,,,https://open.app.jobrapido.com/ar/2515744982309011456/?w=desarrollador%20backend&l=&oc=sponsored&k=web.1.4.0&uuid=arF001a05befa36fc36e&page_item_id=502438165,Desarrollador Backend,jobrapido,2026-09-01T03:47:07.597137,,,,
2074232239884861440,SEO|ME - Desarrollador Ssr java + Drools,Huenei IT Services,Remoto,,,https://open.app.jobrapido.com/ar/2074232239884861440/?w=desarrollador%20backend&l=&oc=sponsored&k=web.1.4.1&uuid=arF001a05befa36fc36e&page_item_id=1250918632,Desarrollador Backend,jobrapido,2026-09-01T03:47:07.597731,,,,
2436465426532663296,Desarrollador Backend.NET Ssr,Bumeran Selecta,Capital Federal (Palermo),,,https://open.app.jobrapido.com/ar/2436465426532663296/?w=desarrollador%20backend&l=&oc=sponsored&k=web.1.4.2&uuid=arF001a05befa36fc36e&page_item_id=-1989950646,Desarrollador Backend,jobrapido,2026-09-01T03:47:07.598255,,,,
4682350237027663872,Fullstack Engineer - Backend Oriented,Jobtailor,Capital Federal,,,https://open.app.jobrapido.com/ar/4682350237027663872/?w=desarrollador%20backend&l=&oc=sponsored&k=web.1.4.3&uuid=arF001a05befa36fc36e&page_item_id=-766394409,Desarrollador Backend,jobrapido,2026-09-01T03:47:07.598750,,,,
2055411744733396992,Líder de Desarrollo / Tech Lead de IA,CTL Information Technology,Capital Federal,,,https://open.app.jobrapido.com/ar/2055411744733396992/?w=desarrollador%20backend&l=&oc=sponsored&k=web.1.4.4&uuid=arF001a05befa36fc36e&page_item_id=1222864838,Desarrollador Backend,jobrapido,2026-09-01T03:47:07.599240,,,,
3398290530331787264,Mobile iOS Developer - Semi Senior,Jobtailor,Capital Federal,,,https://open.app.jobrapido.com/ar/3398290530331787264/?w=desarrollador%20backend&l=&oc=sponsored&k=web.1.4.5&uuid=arF001a05befa36fc36e&page_item_id=-476663850,Desarrollador Backend,jobrapido,2026-09-01T03:47:07.599736,,,,
5310369288580759552,Ingeniero/a de sistemas - Desarrollador,SCI Comunidad,Capital Federal,,,https://open.app.jobrapido.com/ar/5310369288580759552/?w=desarrollador%20backend&l=&oc=sponsored&k=web.1.4.6&uuid=arF001a05befa36fc36e&page_item_id=969642558,Desarrollador Backend,jobrapido,2026-09-01T03:47:07.600221,,,,
4091563397970132992,Technical Lead Backend Cripto,Ualá,Remoto,,,https://open.app.jobrapido.com/ar/4091563397970132992/?w=desarrollador%20backend&l=&oc=sponsored&k=web.1.4.7&uuid=arF001a05befa36fc36e&page_item_id=501832552,Desarrollador Backend,jobrapido,2026-09-01T03:47:07.600713,,,,
2873871278278705152,Desarrollador Fullstack Ssr,ITSM Consulting,Capital Federal,,,https://open.app.jobrapido.com/ar/2873871278278705152/?w=desarrollador%20backend&l=&oc=sponsored&k=web.1.4.8&uuid=arF001a05befa36fc36e&page_item_id=-1581583479,Desarrollador Backend,jobrapido,2026-09-01T03:47:07.601199,,,,
6011693381653102592,Desarrollador Full Stack .NET Semi Senior (100% Remote),Greencode Software,Capital Federal,,,https://open.app.jobrapido.com/ar/6011693381653102592/?w=desarrollador%20backend&l=&oc=sponsored&k=web.1.4.9&uuid=arF001a05befa36fc36e&page_item_id=1629362512,Desarrollador Backend,jobrapido,2026-09-01T03:47:07.601693,,,,
2556088262955368448,"iOS Developer (Semi-Senior) - SwiftUI, MVVM, REST | Hybrid",Jobtailor,Capital Federal,,,https://open.app.jobrapido.com/ar/2556088262955368448/?w=desarrollador%20backend&l=&oc=sponsored&k=web.1.4.10&uuid=arF001a05befa36fc36e&page_item_id=-1376110123,Desarrollador Backend,jobrapido,2026-09-01T03:47:07.602179,,,,
2434238322780930048,React & React Native,Softion,Remoto,,,https://open.app.jobrapido.com/ar/2434238322780930048/?w=desarrollador%20backend&l=&oc=sponsored&k=web.1.4.11&uuid=arF001a05befa36fc36e&page_item_id=227751285,Desarrollador Backend,jobrapido,2026-09-01T03:47:07.602670,,,,
5147002253197967360,Backend/Full-stack Developer,Carlo Ratti Associati,Jesús María,,,https://open.app.jobrapido.com/ar/5147002253197967360/?w=desarrollador%20backend&l=&oc=sponsored&k=web.1.4.12&uuid=arF001a05befa36fc36e&page_item_id=476630052,Desarrollador Backend,jobrapido,2026-09-01T03:47:07.603221,,,,
7168737453568688128,Technical Lead Mobile Cripto,Ualá,Remoto,,,https://open.app.jobrapido.com/ar/7168737453568688128/?w=desarrollador%20backend&l=&oc=sponsored&k=web.1.4.13&uuid=arF001a05befa36fc36e&page_item_id=456161664,Desarrollador Backend,jobrapido,2026-09-01T03:47:07.603722,,,,
5925343734181920768,Technical Lead Mobile Cripto,AlleyCorp,Remoto,,,https://open.app.jobrapido.com/ar/5925343734181920768/?w=desarrollador%20backend&l=&oc=sponsored&k=web.1.4.14&uuid=arF001a05befa36fc36e&page_item_id=2106492565,Desarrollador Backend,jobrapido,2026-09-01T03:47:07.604209,,,,
4753658857488646144,"Fullstack Developer SR – Node.js / React / TypeScript (Híbrido, CABA) | 176552",Talent Connect,Capital Federal,,,https://open.app.jobrapido.com/ar/4753658857488646144/?w=desarrollador%20backend&l=&oc=sponsored&k=web.1.5.3&uuid=arF001a05bf11274c586&page_item_id=-2110650845,Desarrollador Backend,jobrapido,2026-09-01T03:48:41.533188,,,,
7202262456452775936,Desarrollador Fullstack (Senior) – React / Python (Híbrido),Talent Connect,Capital Federal,,,https://open.app.jobrapido.com/ar/7202262456452775936/?w=desarrollador%20backend&l=&oc=sponsored&k=web.1.5.4&uuid=arF001a05bf11274c586&page_item_id=-364184929,Desarrollador Backend,jobrapido,2026-09-01T03:48:41.533732,,,,
3372088249118883840,Fullstack Developer (Laravel - Vue.js),Grupo Petersen,Capital Federal,,,https://open.app.jobrapido.com/ar/3372088249118883840/?w=desarrollador%20backend&l=&oc=sponsored&k=web.1.5.5&uuid=arF001a05bf11274c586&page_item_id=724522799,Desarrollador Backend,jobrapido,2026-09-01T03:48:41.534255,,,,
3947312471747854336,Desarrollador.NET Backend Semi Sr/Sr - Conocimiento normativas BCRA,Rocket Stars,Capital Federal,,,https://open.app.jobrapido.com/ar/3947312471747854336/?w=desarrollador%20backend&l=&oc=sponsored&k=web.1.5.6&uuid=arF001a05bf11274c586&page_item_id=-1332851250,Desarrollador Backend,jobrapido,2026-09-01T03:48:41.534777,,,,
4859927738644955136,Desarrollador Fullstack (SR)– Node.js / Java Spring Boot / React | Ref. 185160,Talent Connect,Capital Federal,,,https://open.app.jobrapido.com/ar/4859927738644955136/?w=desarrollador%20backend&l=&oc=sponsored&k=web.1.5.7&uuid=arF001a05bf11274c586&page_item_id=-1931089052,Desarrollador Backend,jobrapido,2026-09-01T03:48:41.535296,,,,
636375921892261888,Desarrollador/a Full Stack Senior - Next.js / React (Part-Time),Workana,Remoto,,,https://open.app.jobrapido.com/ar/636375921892261888/?w=desarrollador%20backend&l=&oc=sponsored&k=web.1.5.8&uuid=arF001a05bf11274c586&page_item_id=600740206,Desarrollador Backend,jobrapido,2026-09-01T03:48:41.535821,,,,
4970568312393039872,"Desarrollador Fullstack (Senior) – React / Java (Híbrido, CABA) | Ref. 183617-1",Talent Connect,Capital Federal,,,https://open.app.jobrapido.com/ar/4970568312393039872/?w=desarrollador%20backend&l=&oc=sponsored&k=web.1.5.9&uuid=arF001a05bf11274c586&page_item_id=771425898,Desarrollador Backend,jobrapido,2026-09-01T03:48:41.536343,,,,
1931027791034187776,Desarrollador Java Fullstack SR – Spring Boot / REST APIs (Remoto) | 178353,Talent Connect,Capital Federal,,,https://open.app.jobrapido.com/ar/1931027791034187776/?w=desarrollador%20backend&l=&oc=sponsored&k=web.1.5.10&uuid=arF001a05bf11274c586&page_item_id=1625249233,Desarrollador Backend,jobrapido,2026-09-01T03:48:41.536870,,,,
1145202432616169472,Software Engineer (AI) Remoto Argentina ID #00318,Werben HR,Remoto,,,https://open.app.jobrapido.com/ar/1145202432616169472/?w=desarrollador%20backend&l=&oc=sponsored&k=web.1.5.11&uuid=arF001a05bf11274c586&page_item_id=454382963,Desarrollador Backend,jobrapido,2026-09-01T03:48:41.537387,,,,
3097622547366150144,Developer Java SR (IB-S),Itps,Capital Federal,,,https://open.app.jobrapido.com/ar/3097622547366150144/?w=desarrollador%20backend&l=&oc=sponsored&k=web.1.5.12&uuid=arF001a05bf11274c586&page_item_id=-1501617277,Desarrollador Backend,jobrapido,2026-09-01T03:48:41.537907,,,,
1401235534893809664,Appian Developer (BPM) - Banking - España (Latam Talent),Talent Connect,Capital Federal,,,https://open.app.jobrapido.com/ar/1401235534893809664/?w=desarrollador%20backend&l=&oc=sponsored&k=web.1.5.13&uuid=arF001a05bf11274c586&page_item_id=-122298776,Desarrollador Backend,jobrapido,2026-09-01T03:48:41.538396,,,,
1854504788218085376,Líder Técnico de Desarrollo- 5816806,Itps,Capital Federal,,,https://open.app.jobrapido.com/ar/1854504788218085376/?w=desarrollador%20backend&l=&oc=sponsored&k=web.1.5.14&uuid=arF001a05bf11274c586&page_item_id=-1525666885,Desarrollador Backend,jobrapido,2026-09-01T03:48:41.538888,,,,
9117792315413364736,Anuncios Google,NEO BIZ S. R. L.,Rosario,,,https://open.app.jobrapido.com/ar/9117792315413364736/?w=desarrollador%20full%20stack&l=&oc=sponsored&k=web.1.1.0&uuid=arF001a05bf24e32c739&page_item_id=-2027903061,Desarrollador Full Stack,jobrapido,2026-09-01T03:50:02.456380,,,,
611022300447244288,Desarrollador SSR Full-Stack,Taynes Consultores,Capital Federal,,,https://open.app.jobrapido.com/ar/611022300447244288/?w=desarrollador%20full%20stack&l=&oc=sponsored&k=web.1.1.2&uuid=arF001a05bf24e32c739&page_item_id=1024025074,Desarrollador Full Stack,jobrapido,2026-09-01T03:50:02.457131,,,,
5452505699324002304,Desarrollador Full Stack | AI & Automation,Experis Argentina,Avellaneda,,,https://open.app.jobrapido.com/ar/5452505699324002304/?w=desarrollador%20full%20stack&l=&oc=sponsored&k=web.1.1.3&uuid=arF001a05bf24e32c739&page_item_id=-1002390502,Desarrollador Full Stack,jobrapido,2026-09-01T03:50:02.457662,,,,
991599283826327552,Analista/Desarrollador Full Stack – Marketing Automation & Cloud (Freelance),OneInfoConsulting,Capital Federal,,,https://open.app.jobrapido.com/ar/991599283826327552/?w=desarrollador%20full%20stack&l=&oc=sponsored&k=web.1.1.6&uuid=arF001a05bf24e32c739&page_item_id=-1762199659,Desarrollador Full Stack,jobrapido,2026-09-01T03:50:02.458497,,,,
3608055702276276224,Desarrollador Full Stack (SR) – Next.js / NestJS / Python / AWS (Híbrido),Talent Connect,Capital Federal,,,https://open.app.jobrapido.com/ar/3608055702276276224/?w=desarrollador%20full%20stack&l=&oc=sponsored&k=web.1.1.7&uuid=arF001a05bf24e32c739&page_item_id=-909173490,Desarrollador Full Stack,jobrapido,2026-09-01T03:50:02.459031,,,,
2941294259006865408,Desarrollador Java Full Stack (Senior) - (Remoto) | Ref. 191900-1,Talent Connect,Capital Federal,,,https://open.app.jobrapido.com/ar/2941294259006865408/?w=desarrollador%20full%20stack&l=&oc=sponsored&k=web.1.1.9&uuid=arF001a05bf24e32c739&page_item_id=366358427,Desarrollador Full Stack,jobrapido,2026-09-01T03:50:02.459717,,,,
5510614339096150016,Desarrollador Full Stack SR,NUBAX,Vicente López,,,https://open.app.jobrapido.com/ar/5510614339096150016/?w=desarrollador%20full%20stack&l=&oc=sponsored&k=web.1.1.10&uuid=arF001a05bf24e32c739&page_item_id=-1670911886,Desarrollador Full Stack,jobrapido,2026-09-01T03:50:02.460208,,,,
8666321820162457600,Desarrollador Full-Stack,Mediastream,Remoto,,,https://open.app.jobrapido.com/ar/8666321820162457600/?w=desarrollador%20full%20stack&l=&oc=sponsored&k=web.1.1.11&uuid=arF001a05bf24e32c739&page_item_id=285213361,Desarrollador Full Stack,jobrapido,2026-09-01T03:50:02.460701,,,,
7470300559258419200,Desarrollador Full-Stack Senior para Soluciones de Streaming,Mediastream,Remoto,,,https://open.app.jobrapido.com/ar/7470300559258419200/?w=desarrollador%20full%20stack&l=&oc=sponsored&k=web.1.1.12&uuid=arF001a05bf24e32c739&page_item_id=-931559565,Desarrollador Full Stack,jobrapido,2026-09-01T03:50:02.461189,,,,
3041006477448839168,Desarrollador .NET Full Stack Semi Senior — Remoto,Greencode Software,Capital Federal,,,https://open.app.jobrapido.com/ar/3041006477448839168/?w=desarrollador%20full%20stack&l=&oc=sponsored&k=web.1.1.13&uuid=arF001a05bf24e32c739&page_item_id=336977522,Desarrollador Full Stack,jobrapido,2026-09-01T03:50:02.461685,,,,
4298610422551937024,Anuncios Google,MercadoLibre,Capital Federal,,,https://open.app.jobrapido.com/ar/4298610422551937024/?w=desarrollador%20full%20stack&l=&oc=sponsored&k=web.1.2.0&uuid=arF001a05bf34fc0c884&page_item_id=-1350634432,Desarrollador Full Stack,jobrapido,2026-09-01T03:51:08.259428,,,,
4884333598246699008,Web Developer - Front End,Taynes Consultores,Capital Federal,,,https://open.app.jobrapido.com/ar/4884333598246699008/?w=desarrollador%20full%20stack&l=&oc=sponsored&k=web.1.2.2&uuid=arF001a05bf34fc0c884&page_item_id=-607332540,Desarrollador Full Stack,jobrapido,2026-09-01T03:51:08.260129,,,,
5826048952201379840,Full Stack Developer Sr.,Taynes Consultores,Capital Federal,,,https://open.app.jobrapido.com/ar/5826048952201379840/?w=desarrollador%20full%20stack&l=&oc=sponsored&k=web.1.2.4&uuid=arF001a05bf34fc0c884&page_item_id=-1841937251,Desarrollador Full Stack,jobrapido,2026-09-01T03:51:08.260768,,,,
8129441029737676800,Full Stack Developer SSr.,Taynes Consultores,Capital Federal,,,https://open.app.jobrapido.com/ar/8129441029737676800/?w=desarrollador%20full%20stack&l=&oc=sponsored&k=web.1.2.5&uuid=arF001a05bf34fc0c884&page_item_id=643105167,Desarrollador Full Stack,jobrapido,2026-09-01T03:51:08.261256,,,,
948421032706834432,Desarrollador Ssr,GRUPO MULTI,Benavídez,,,https://open.app.jobrapido.com/ar/948421032706834432/?w=desarrollador%20full%20stack&l=&oc=sponsored&k=web.1.2.6&uuid=arF001a05bf34fc0c884&page_item_id=357496715,Desarrollador Full Stack,jobrapido,2026-09-01T03:51:08.261748,,,,
2889907346132172800,Desarrollador/a Full Stack Semi-Senior,SEIDOR,Capital Federal,,,https://open.app.jobrapido.com/ar/2889907346132172800/?w=desarrollador%20full%20stack&l=&oc=sponsored&k=web.1.2.10&uuid=arF001a05bf34fc0c884&page_item_id=-963952198,Desarrollador Full Stack,jobrapido,2026-09-01T03:51:08.262662,,,,
5429244689024811008,DESARROLLADOR FULL STACK (PYTHON + ANGULAR + GO),Kruger NearShore LLC - Rekluti,Córdoba,,,https://open.app.jobrapido.com/ar/5429244689024811008/?w=desarrollador%20full%20stack&l=&oc=sponsored&k=web.1.2.11&uuid=arF001a05bf34fc0c884&page_item_id=-402887435,Desarrollador Full Stack,jobrapido,2026-09-01T03:51:08.263152,,,,
5707795325582835712,Desarrollador Full Stack,Nubax,Vicente López,,,https://open.app.jobrapido.com/ar/5707795325582835712/?w=desarrollador%20full%20stack&l=&oc=sponsored&k=web.1.2.12&uuid=arF001a05bf34fc0c884&page_item_id=-1036932308,Desarrollador Full Stack,jobrapido,2026-09-01T03:51:08.263650,,,,
8131189321945317376,Desarrollador Full Stack Senior — Liderazgo Técnico,Nubax,Vicente López,,,https://open.app.jobrapido.com/ar/8131189321945317376/?w=desarrollador%20full%20stack&l=&oc=sponsored&k=web.1.2.13&uuid=arF001a05bf34fc0c884&page_item_id=-1053577251,Desarrollador Full Stack,jobrapido,2026-09-01T03:51:08.264141,,,,
3762134733442514944,Fullstack Developer (Angular + Node.js) - Remote-First,Redbee Studios,Capital Federal,,,https://open.app.jobrapido.com/ar/3762134733442514944/?w=desarrollador%20full%20stack&l=&oc=sponsored&k=web.1.2.14&uuid=arF001a05bf34fc0c884&page_item_id=1460017764,Desarrollador Full Stack,jobrapido,2026-09-01T03:51:08.264666,,,,
2080742087455670272,Desarrollador/A Backend (Rosario),Empresa líder,Rosario,"Open or close the mobile menu Jobrapido Entrar Inscríbete Publica una oferta Ayuda Empresas Clear job input Profesión / Palabras clave Ofertas de trabajo para Backend en Rosario ¿Qué trabajo estás buscando? Clear location input Localidad Búsqueda avanzada de empleo Relevancia Fecha [[distance.label]] [[d.text]] Close Localidad Gran Buenos Aires Capital Federal Córdoba Santa Fé Neuquén Rosario Mendoza Rincón De Los Sauces Gba Sur Mar Del Plata Búsquedas relacionadas Software Software Engineer Python Software Engineer Management Modelo Services Engineer Security Product Engineering Quality Engineer Product Engineer Vuelve a tus resultados: [[backlinkLabel]] Desarrollador/A Backend (Rosario) Rosario - Región Centro Empresa líder [[upButtonMessage]] full time www.kitempleo.com.ar 30 ago 2026 Estamos buscando un/a Desarrollador/a de Software Semi Senior que quiera sumarse al equipo de Data & Platforms de una reconocida empresa Agtech, con foco inicial en backend, datos e infraestructura ¿Cuales seran tus principales desafios? - Diseñar, desarrollar y mantener servicios backend en Python, priorizando codigo limpio, testeable y performante - Construir e integrar pipelines de datos y servicios sobre AWS (S3, DynamoDB, Elasticsearch, entre otros) - Contenerizar aplicaciones con Docker y colaborar en su despliegue y operacion en AWS - Participar en decisiones de arquitectura de datos y servicios junto al equipo - Diagnosticar y resolver incidentes de produccion, y colaborar con Producto y Data para traducir requerimientos en soluciones tecnicas - Ir incorporando gradualmente trabajo en frontend/full-stack segun necesidad del equipo ? Desarrollador/a Backend (Rosario) ? Findme ? Rosario Ver más Ver menos [[downButtonMessage]] LinkedIn Twitter Facebook © 2026 Jobrapido | C.I.F: IT11876271005 Trabajos Empresas Condiciones del Servicio Política de Privacidad Ayuda Contacto",,https://ar.jobrapido.com/jobpreview/2080742087455670272?redirectTo=https%253A%252F%252Fwww.kitempleo.com.ar%252Fempleo%252F52859630%252Fdesarrollador-a-backend-rosario&w=Python&p=3,Desarrollador Full Stack,jobrapido,2026-09-01T03:52:13.624112,,,,
7366383653733007360,Desarrollador/A Backend (Rosario),Importante grupo,Rosario,"Jobrapido Publica una oferta Ayuda Empresas Entrar Inscríbete Profesión / Palabras clave Localidad Ofertas de trabajo para Backend en Rosario Trabajos > Backend > Rosario Localidad Gran Buenos Aires Capital Federal Córdoba Santa Fé Neuquén Rosario Mendoza Rincón De Los Sauces Gba Sur Mar Del Plata Búsquedas relacionadas Software Software Engineer Python Software Engineer Management Modelo Services Engineer Security Product Engineering Quality Engineer Product Engineer Vuelve a tus resultados: [[backlinkLabel]] Desarrollador/A Backend (Rosario) Rosario - Región Centro Importante grupo [[upButtonMessage]] full time Publicado enwww.kitempleo.com.ar 28 ago 2026 Estamos buscando un/a Desarrollador/a de Software Semi Senior que quiera sumarse al equipo de Data & Platforms de una reconocida empresa Agtech, con foco inicial en backend, datos e infraestructura ¿Cuales seran tus principales desafios? - Diseñar, desarrollar y mantener servicios backend en Python, priorizando codigo limpio, testeable y performante - Construir e integrar pipelines de datos y servicios sobre AWS (S3, DynamoDB, Elasticsearch, entre otros) - Contenerizar aplicaciones con Docker y colaborar en su despliegue y operacion en AWS - Participar en decisiones de arquitectura de datos y servicios junto al equipo - Diagnosticar y resolver incidentes de produccion, y colaborar con Producto y Data para traducir requerimientos en soluciones tecnicas - Ir incorporando gradualmente trabajo en frontend/full-stack segun necesidad del equipo ? Desarrollador/a Backend (Rosario) ? Findme ? Rosario Ver más Ver menos [[downButtonMessage]] LinkedIn Twitter Facebook © 2026 Jobrapido | C.I.F: IT11876271005 Trabajos Empresas Condiciones del Servicio Política de Privacidad Ayuda Contacto",,https://ar.jobrapido.com/jobpreview/7366383653733007360?redirectTo=https%253A%252F%252Fwww.kitempleo.com.ar%252Fempleo%252F52835223%252Fdesarrollador-a-backend-rosario&w=Python&p=3,Desarrollador Full Stack,jobrapido,2026-09-01T03:52:13.624656,,,,
4036120713118089216,Desarrollador/a Backend (Rosario),Findme,Rosario,"Open or close the mobile menu Jobrapido Entrar Inscríbete Publica una oferta Ayuda Empresas Clear job input Profesión / Palabras clave Ofertas de trabajo para Backend en Rosario ¿Qué trabajo estás buscando? Clear location input Localidad Búsqueda avanzada de empleo Relevancia Fecha [[distance.label]] [[d.text]] Close Localidad Gran Buenos Aires Capital Federal Córdoba Santa Fé Neuquén Rosario Mendoza Rincón De Los Sauces Gba Sur Mar Del Plata Búsquedas relacionadas Software Software Engineer Python Software Engineer Management Modelo Services Engineer Security Product Engineering Quality Engineer Product Engineer Vuelve a tus resultados: [[backlinkLabel]] Desarrollador/a Backend (Rosario) Rosario - Región Centro Findme [[upButtonMessage]] full time www.kitempleo.com.ar 13 ago 2026 Estamos buscando un/a Desarrollador/a de Software Semi Senior que quiera sumarse al equipo de Data & Platforms de una reconocida empresa Agtech, con foco inicial en backend, datos e infraestructura ¿Cuáles serán tus principales desafíos? - Diseñar, desarrollar y mantener servicios backend en Python, priorizando código limpio, testeable y performante - Construir e integrar pipelines de datos y servicios sobre AWS (S3, DynamoDB, Elasticsearch, entre otros) - Contenerizar aplicaciones con Docker y colaborar en su despliegue y operación en AWS - Participar en decisiones de arquitectura de datos y servicios junto al equipo - Diagnosticar y resolver incidentes de producción, y colaborar con Producto y Data para traducir requerimientos en soluciones técnicas - Ir incorporando gradualmente trabajo en frontend/full-stack según necesidad del equipo Required Skill Profession Computer Occupations Ver más Ver menos [[downButtonMessage]] LinkedIn Twitter Facebook © 2026 Jobrapido | C.I.F: IT11876271005 Trabajos Empresas Condiciones del Servicio Política de Privacidad Ayuda Contacto",,https://ar.jobrapido.com/jobpreview/4036120713118089216?redirectTo=https%253A%252F%252Fwww.kitempleo.com.ar%252Fempleo%252F52439023%252Fdesarrollador-a-backend-rosario&w=Python&p=3,Desarrollador Full Stack,jobrapido,2026-09-01T03:52:13.625131,,,,
2073912385080393728,Oferta de empleo: Desarrollador JAVA Importante Fintech SSR o SR - Zona Rosario Centro,N/A,Rosario,"Open or close the mobile menu Jobrapido Entrar Inscríbete Publica una oferta Ayuda Empresas Clear job input Profesión / Palabras clave Ofertas de trabajo para Oferta De en Rosario ¿Qué trabajo estás buscando? Clear location input Localidad Búsqueda avanzada de empleo Relevancia Fecha [[distance.label]] [[d.text]] Close Localidad Gran Buenos Aires Capital Federal Córdoba Santa Fé Neuquén Rosario Mendoza Rincón De Los Sauces Gba Sur Mar Del Plata Búsquedas relacionadas Software Software Engineer Python Software Engineer Management Modelo Services Engineer Security Product Engineering Quality Engineer Product Engineer Vuelve a tus resultados: [[backlinkLabel]] Oferta de empleo: Desarrollador JAVA Importante Fintech SSR o SR - Zona Rosario Centro Rosario - Región Centro [[upButtonMessage]] full time www.goempleo.com 09 jul 2026 Oferta de empleo: Desarrollador JAVA Importante Fintech SSR o SR - Zona Rosario Centro: La descripción del trabajo.: Desarrollador JAVA Importante Fintech SSR o SR Zona Rosario Centro Rosario, Santa Fe · Hoy, 09:42 a. m. (actualizada) SMART HUNTERS Este sello certifica que los datos y actividad de esta empresa han sido verificado meticulosamente por parte de goempleo Enviar mi CV Desarrollador JAVA Importante Fintech SSR o SR - Zona Rosario Centro Enviar mi CV Sobre la oferta La empresa Desarrollador JAVA Importante Fintech SSR o SR Zona Rosario Centro Rosario, Santa Fe · Hoy, 09:42 a. m. (actualizada) SMART HUNTERS Este sello certifica que los datos y actividad de esta empresa han sido verificado meticulosamente por parte de goempleo Enviar mi CV Desarrollador JAVA Importante Fintech SSR o SR - Zona Rosario Centro Enviar mi CV Sobre la oferta La empresa Descripción de la oferta: » Para importante Fintech cuya actividad principal es el desarrollo y comercialización de servicios informáticos para participantes del mercado de capitales -fundamentalmente, servicio de back office para Agentes de Negociación y Agentes de Liquidación y Compensación registrados ante la Comisión Nacional de Valores- estamos en búsqueda de Developers Fullstack para formar parte de su equipo de Sistemas. # Desarrollador Full Stack Buscamos desarrolladores full stack, con sólida formación en análisis, diseño y programación de sistemas (ingeniería y carreras afines). Perfiles: Semi Senior (de 2 a 6 años de experiencia). Stack tecnológico: Java, Hibernate, Vaadin, GIT. Valoramos: conocimientos de programación funcional, trabajo en equipo, sentido de la responsabilidad, utilización de metodologías ágiles e interés en la investigación y aprendizaje de nuevos lenguajes de programación / frameworks. Además de poseer formación sólida en técnicas de análisis, relevamiento y diseño de sistemas. Conocimientos requeridos: Java Hibernate / JPA Spring Framework Javascript / Typescript SVN/GIT Bases de datos relacionales: Postgresql, Oracle, MySql. POO (conocimientos sólidos) y patrones de diseño. Las condiciones de contratación son: Horario: lunes a viernes, de 10 a 19. Lugar del puesto Edificio Torre de la Bolsa de Comercio de Rosario (centro de Rosario). Beneficios adicionales: 1) cobertura médica en favor del empleado con SWISS MEDICAL en plan a definir por empresa; 2) Crédito en Almuerzo por valor de $2.500; 3) Refrigerios diversos sin costo; y 4) Acuerdo con Gimnasio. Requerimientos » Educación mínima: Universitario » Años de experiencia: 3 » Disponibilidad de Viajar: No » Disponibilidad de cambio de residencia: No » Enviar mi CV Resumen del empleo » Desarrollador JAVA Importante Fintech SSR o SR » Rosario, Santa Fe » Empresa SMART HUNTERS Seguir Dejar de seguir Recibe notificaciones nuevas de SMART HUNTERS Contraseña incorrecta Obligatorio He leído y acepto las Condiciones Legales incluidas en el aviso legal y la política de privacidad Obligatorio Acepto recibir información ocasional sobre productos, servicios y eventos de DGNET y sus colaboradores Ver detalle legal Información básica de privacidad y contacto Responsable DGNET Ltd, registrada en Escocia n°189977, con domicilio en 10 York Place, Edimburgo EH1 3EP, Reino Unido y teléfono de Contáctenos: +44 131 473 1049. Finalidad Realizar una correcta gestión de los servicios a los que te suscribas. Legitimación Ejecución de un contrato, consentimiento, interés legítimo y cumplimiento de una obligación legal. Destinatarios Podrán acceder a tus datos los prestadores de servicios de DGNET Ltd, incluyendo otras empresas de su grupo. Únicamente se cederán datos por obligación legal. Derechos Tienes derecho a acceder, rectificar y suprimir los datos, así como otros derechos, cuyo detalle se incluye en nuestra Política de Privacidad completa. » Tipo de contrato Contrato por tiempo indeterminado » Jornada Jornada completa » Enviar mi CV Competencia/cualificación: Categorí­a del Empleo: [ Ver todos ] Requerimientos de Idioma: Tipo de Empleo: Sueldo: No especificado Titulación: Sin especificar Experiencia: No especificado Localización del Empleo: Otra Tipo de empresa Empleador Día de envío: 2026/08/13 / Viewed 909 times Información de Contacto Empresa: Ver más Ver menos [[downButtonMessage]] LinkedIn Twitter Facebook © 2026 Jobrapido | C.I.F: IT11876271005 Trabajos Empresas Condiciones del Servicio Política de Privacidad Ayuda Contacto",,https://ar.jobrapido.com/jobpreview/2073912385080393728?redirectTo=https%253A%252F%252Fwww.goempleo.com%252Fview.php%253Fjob_id%253D1258631&w=Python&p=3,Desarrollador Full Stack,jobrapido,2026-09-01T03:52:13.625646,,,,
4148995391414599680,Empleo: Desarrollador JAVA Importante Fintech SSR o SR - Zona Rosario Centro,N/A,Rosario,"Open or close the mobile menu Jobrapido Entrar Inscríbete Publica una oferta Ayuda Empresas Clear job input Profesión / Palabras clave Ofertas de trabajo para Desarrollador JAVA en Rosario ¿Qué trabajo estás buscando? Clear location input Localidad Búsqueda avanzada de empleo Relevancia Fecha [[distance.label]] [[d.text]] Close Localidad Gran Buenos Aires Capital Federal Córdoba Santa Fé Neuquén Rosario Mendoza Rincón De Los Sauces Gba Sur Mar Del Plata Búsquedas relacionadas Software Software Engineer Python Software Engineer Management Modelo Services Engineer Security Product Engineering Quality Engineer Product Engineer Vuelve a tus resultados: [[backlinkLabel]] Empleo: Desarrollador JAVA Importante Fintech SSR o SR - Zona Rosario Centro Rosario - Región Centro [[upButtonMessage]] full time www.goempleo.com 03 jul 2026 Empleo: Desarrollador JAVA Importante Fintech SSR o SR - Zona Rosario Centro: La descripción del trabajo.: Desarrollador JAVA Importante Fintech SSR o SR Zona Rosario Centro Rosario, Santa Fe · Hoy, 04:34 a. m. (actualizada) SMART HUNTERS Este sello certifica que los datos y actividad de esta empresa han sido verificado meticulosamente por parte de goempleo Enviar mi CV Desarrollador JAVA Importante Fintech SSR o SR - Zona Rosario Centro Enviar mi CV Sobre la oferta La empresa Desarrollador JAVA Importante Fintech SSR o SR Zona Rosario Centro Rosario, Santa Fe · Hoy, 04:34 a. m. (actualizada) SMART HUNTERS Este sello certifica que los datos y actividad de esta empresa han sido verificado meticulosamente por parte de goempleo Enviar mi CV Desarrollador JAVA Importante Fintech SSR o SR - Zona Rosario Centro Enviar mi CV Sobre la oferta La empresa Descripción de la oferta: » Para importante Fintech cuya actividad principal es el desarrollo y comercialización de servicios informáticos para participantes del mercado de capitales -fundamentalmente, servicio de back office para Agentes de Negociación y Agentes de Liquidación y Compensación registrados ante la Comisión Nacional de Valores- estamos en búsqueda de Developers Fullstack para formar parte de su equipo de Sistemas. # Desarrollador Full Stack Buscamos desarrolladores full stack, con sólida formación en análisis, diseño y programación de sistemas (ingeniería y carreras afines). Perfiles: Semi Senior (de 2 a 6 años de experiencia). Stack tecnológico: Java, Hibernate, Vaadin, GIT. Valoramos: conocimientos de programación funcional, trabajo en equipo, sentido de la responsabilidad, utilización de metodologías ágiles e interés en la investigación y aprendizaje de nuevos lenguajes de programación / frameworks. Además de poseer formación sólida en técnicas de análisis, relevamiento y diseño de sistemas. Conocimientos requeridos: Java Hibernate / JPA Spring Framework Javascript / Typescript SVN/GIT Bases de datos relacionales: Postgresql, Oracle, MySql. POO (conocimientos sólidos) y patrones de diseño. Las condiciones de contratación son: Horario: lunes a viernes, de 10 a 19. Lugar del puesto Edificio Torre de la Bolsa de Comercio de Rosario (centro de Rosario). Beneficios adicionales: 1) cobertura médica en favor del empleado con SWISS MEDICAL en plan a definir por empresa; 2) Crédito en Almuerzo por valor de $2.500; 3) Refrigerios diversos sin costo; y 4) Acuerdo con Gimnasio. Requerimientos » Educación mínima: Universitario » Años de experiencia: 3 » Disponibilidad de Viajar: No » Disponibilidad de cambio de residencia: No » Enviar mi CV Resumen del empleo » Desarrollador JAVA Importante Fintech SSR o SR » Rosario, Santa Fe » Empresa SMART HUNTERS Seguir Dejar de seguir Recibe notificaciones nuevas de SMART HUNTERS Contraseña incorrecta Obligatorio He leído y acepto las Condiciones Legales incluidas en el aviso legal y la política de privacidad Obligatorio Acepto recibir información ocasional sobre productos, servicios y eventos de DGNET y sus colaboradores Ver detalle legal Información básica de privacidad y contacto Responsable DGNET Ltd, registrada en Escocia n°189977, con domicilio en 10 York Place, Edimburgo EH1 3EP, Reino Unido y teléfono de Contáctenos: +44 131 473 1049. Finalidad Realizar una correcta gestión de los servicios a los que te suscribas. Legitimación Ejecución de un contrato, consentimiento, interés legítimo y cumplimiento de una obligación legal. Destinatarios Podrán acceder a tus datos los prestadores de servicios de DGNET Ltd, incluyendo otras empresas de su grupo. Únicamente se cederán datos por obligación legal. Derechos Tienes derecho a acceder, rectificar y suprimir los datos, así como otros derechos, cuyo detalle se incluye en nuestra Política de Privacidad completa. » Tipo de contrato Contrato por tiempo indeterminado » Jornada Jornada completa » Enviar mi CV Competencia/cualificación: Categorí­a del Empleo: [ Ver todos ] Requerimientos de Idioma: Tipo de Empleo: Sueldo: No especificado Titulación: Sin especificar Experiencia: No especificado Localización del Empleo: Otra Tipo de empresa Empleador Día de envío: 2026/08/07 / Viewed 878 times Información de Contacto Empresa: Ver más Ver menos [[downButtonMessage]] LinkedIn Twitter Facebook © 2026 Jobrapido | C.I.F: IT11876271005 Trabajos Empresas Condiciones del Servicio Política de Privacidad Ayuda Contacto",,https://ar.jobrapido.com/jobpreview/4148995391414599680?redirectTo=https%253A%252F%252Fwww.goempleo.com%252Fview.php%253Fjob_id%253D1259523&w=Python&p=3,Desarrollador Full Stack,jobrapido,2026-09-01T03:52:13.626154,,,,
6698011838245765120,Backend/Full-stack Developer (Rosario),Carlo Ratti Associati,Rosario,"Open or close the mobile menu Jobrapido Entrar Inscríbete Publica una oferta Ayuda Empresas Clear job input Profesión / Palabras clave Ofertas de trabajo para Developer en Rosario ¿Qué trabajo estás buscando? Clear location input Localidad Búsqueda avanzada de empleo Relevancia Fecha [[distance.label]] [[d.text]] Close Localidad Gran Buenos Aires Capital Federal Córdoba Santa Fé Neuquén Rosario Mendoza Rincón De Los Sauces Gba Sur Mar Del Plata Búsquedas relacionadas Software Software Engineer Python Software Engineer Management Modelo Services Engineer Security Product Engineering Quality Engineer Product Engineer Vuelve a tus resultados: [[backlinkLabel]] Backend/Full-stack Developer (Rosario) Rosario - Región Centro Carlo Ratti Associati [[upButtonMessage]] full time www.kitempleo.com.ar 20 ago 2026 Debi es una pasarela de pagos recurrentes que está teniendo un fuerte crecimiento en Latinoamérica. Buscamos un desarrollador backend/full-stack con mentalidad práctica y colaborativa, que disfrute trabajar sobre una base sólida y desafiante, mejorándola de manera constante sin necesidad de reinventarla. Nuestra principal misión es impactar positivamente en nuestro equipo de trabajo, clientes y comunidad, respectivamente. Tenemos una cultura orientada a las personas que se enfoca en el desarrollo personal y profesional de sus colaboradores. Somos flexibles pero altamente comprometidos y responsables. Amamos la tecnología y nos gusta trabajar con personas proactivas, dinámicas y pujantes. En Debi todxs velamos por el bienestar y crecimiento del otro. El conocimiento se comparte y no se atesora. Elegimos el feedback en todo momento. Todxs pueden proponer cambios y compartir su opinión. La información está disponible para todxs y si no está escrita, no existe. ¿Cuál es tu objetivo? El principal objetivo del puesto es garantizar que nuestra aplicación funcione de manera fiable, que siga evolucionando de forma sostenible y que podamos crecer sin perder velocidad ni calidad. ¿Qué harás en este rol? Mejorar la calidad del código y el rendimiento de nuestra aplicación (PHP, Laravel, Vue.js, MySQL, Redis). Mantener la aplicación existente, desarrollar nuevas conexiones e integraciones con proveedores externos. Proponer mejoras al stack tecnológico y llevarlas a cabo gradualmente, enfocadas primero en lo nuevo y luego en optimizar lo que ya funciona. Desarrollar plugins y componentes para integrar nuestra API en plataformas de terceros. Participar en el desarrollo de nuevas líneas de productos y funciones para nuestra API y frontend. Lo que buscamos Actitud constructiva, positiva y orientada a resultados: alguien que valora la solidez del código existente y lo mejora paso a paso. Habilidad para trabajar con código heredado, entenderlo, respetarlo y evolucionarlo sin necesidad de reescribirlo todo. Perfil ejecutor, con foco en avanzar y entregar valor. Curiosidad, ganas de aprender, de superar retos propios, y capacidad de colaborar con el equipo. Buenas competencias de comunicación, espíritu de equipo y energía para aportar al clima laboral. Es excluyente 4+ años de experiencia desarrollando proyectos de alta calidad. Experiencia sólida con PHP 8 y Laravel. Experiencia implementando (y de preferencia desarrollando) APIs. Mentalidad ágil: puede iterar rápidamente, recibe y da feedback con apertura y espíritu positivo. Compromiso, responsabilidad y foco en cumplir objetivos. Experiencia con herramientas del ecosistema Laravel. Experiencia con la normativa PCI DSS: comprensión de sus principios de seguridad de datos de tarjetas de pago, almacenamiento/transmisión, controles de acceso, etc. Experiencia con AWS u otros entornos en la nube. Experiencia con herramientas del ecosistema Vue.js. Ser miembro activo de la comunidad open-source. Conocimiento del panorama fintech. Experiencia trabajando en startups. Remuneración y Beneficios Equipo joven, cercano y con trato horizontal que vela por el desarrollo personal y profesional de su equipo. Remuneración a consensuar según experiencia y habilidades. Bono adicional equivalente a un sueldo según cumplimiento de objetivos. Home office y libertad para trabajar desde cualquier lugar del mundo. Horarios flexibles y trabajo por objetivos. 7 días extras al año, además de las vacaciones establecidas por ley. Amplio margen para crecer dentro de la empresa. Provisión de notebook (al cabo de 3 años, la notebook será propiedad del colaborador) Si te sentís identificado/a con nuestra cultura y querés ser parte una startup con gran ADN tecnológico, en pleno crecimiento internacional y en una industria con onda expansiva. #J-18808-Ljbffr Ver más Ver menos [[downButtonMessage]] LinkedIn Twitter Facebook © 2026 Jobrapido | C.I.F: IT11876271005 Trabajos Empresas Condiciones del Servicio Política de Privacidad Ayuda Contacto",,https://ar.jobrapido.com/jobpreview/6698011838245765120?redirectTo=https%253A%252F%252Fwww.kitempleo.com.ar%252Fempleo%252F52561530%252Fbackend-full-stack-developer-rosario&w=Python&p=3,Desarrollador Full Stack,jobrapido,2026-09-01T03:52:13.626627,,,,
7598289158750076928,Desarrollador Full Stack (Salta),Ceta Capital Humano,Salta,"Open or close the mobile menu Jobrapido Entrar Inscríbete Publica una oferta Ayuda Empresas Clear job input Profesión / Palabras clave Ofertas de trabajo para Desarrollador Full en Salta ¿Qué trabajo estás buscando? Clear location input Localidad Búsqueda avanzada de empleo Relevancia Fecha [[distance.label]] [[d.text]] Close Localidad Gran Buenos Aires Capital Federal Córdoba Santa Fé Neuquén Rosario Mendoza Rincón De Los Sauces Gba Sur Mar Del Plata Búsquedas relacionadas Software Software Engineer Python Software Engineer Management Modelo Services Engineer Security Product Engineering Quality Engineer Product Engineer Vuelve a tus resultados: [[backlinkLabel]] Desarrollador Full Stack (Salta) Salta - Región Norte Ceta Capital Humano [[upButtonMessage]] full time www.kitempleo.com.ar 12 ago 2026 Nos encontramos en la búsqueda de Desarrollador Full Stack Sr/Ssr para sumarse al equipo de relevante Universidad en Salta Buscamos una persona con experiencia en el desarrollo de aplicaciones web usando Node.js, React y Base de Datos relacionales. El rol implica trabajar en estrecha colaboración con el equipo de desarrolladores para crear aplicaciones robustas y escalables. Responsabilidades: • Desarrollar y mantener aplicaciones web front-end utilizando Reactjs y PHP Laravel. • Crear y gestionar APIs, servicios y micro servicios back-end usando Node.js. • Tener experiencia en implementar interfaces de usuario atractivas y funcionales (CSS, tailwind ,bootstrap o material design). • Escribir código limpio, eficiente y mantenible. • Participar en revisiones de código y asegurar la calidad del mismo. • Trabajar con bases de datos relacionales MySQL, Postgresql, Oracle (deseable). • Solucionar problemas y depurar aplicaciones. • Mantenerse actualizado con las últimas tendencias y tecnologías en desarrollo web. Requisitos: • Experiencia comprobable como Desarrollador Full Stack de 3-5 años. • Sólidos conocimientos en Node.js y experiencia en la construcción de APIs RESTful. • Experiencia en el desarrollo de aplicaciones front-end con React. • Experiencia trabajando con Laravel, Eloquent (deseable). • Familiaridad con bases de datos como MySQL, PostgreSQL y Oracle (deseable). • Experiencia con herramientas de control de versiones como Git. • Capacidad para trabajar en equipo y colaborar eficazmente con otros desarrolladores y diseñadores. • Excelentes habilidades de resolución de problemas y atención al detalle. • Experiencia con Docker y Kubernetes. (deseable) • Conocimiento en metodologías ágiles como Scrum o Kanban (deseable) Condiciones: • Modalidad de trabajo Hibrido (4 días presencial, 1 home) • Descuentos en cuotas mensuales del 50% para carreras de pregrado, grado y postgrado para el empleado y familiares directos (cónyuge, hijos) • Descuento en librería Ler Ver más Ver menos [[downButtonMessage]] LinkedIn Twitter Facebook © 2026 Jobrapido | C.I.F: IT11876271005 Trabajos Empresas Condiciones del Servicio Política de Privacidad Ayuda Contacto",,https://ar.jobrapido.com/jobpreview/7598289158750076928?redirectTo=https%253A%252F%252Fwww.kitempleo.com.ar%252Fempleo%252F52175120%252Fdesarrollador-full-stack-salta&w=Python&p=3,Desarrollador Full Stack,jobrapido,2026-09-01T03:52:13.627096,,,,
3606988557522042880,Desarrollador Full Stack (Mendoza),Itrio,Mendoza,"Jobrapido Publica una oferta Ayuda Empresas Entrar Inscríbete Profesión / Palabras clave Localidad Ofertas de trabajo para Desarrollador Full en Mendoza Trabajos > Desarrollador Full > Mendoza Localidad Gran Buenos Aires Capital Federal Córdoba Santa Fé Neuquén Rosario Mendoza Rincón De Los Sauces Gba Sur Mar Del Plata Búsquedas relacionadas Software Software Engineer Python Software Engineer Management Modelo Services Engineer Security Product Engineering Quality Engineer Product Engineer Vuelve a tus resultados: [[backlinkLabel]] Desarrollador Full Stack (Mendoza) Mendoza - Región Cuyo Itrio [[upButtonMessage]] full time Publicado enwww.kitempleo.com.ar 10 ago 2026 Desarrollador Full StackUbicación: Mendoza, Argentina Modalidad: Full Time Para una significativo empresa de la ciudad de Mendoza, nos encontramos en la búsqueda de un Desarrollador Full Stack con experiencia en tecnologías modernas de desarrollo web y mobile. Responsabilidades - Desarrollo y mantenimiento de aplicaciones móviles en React Native para iOS y Android. - Desarrollo de aplicaciones web utilizando React, Next.js y tecnologías asociadas. - Diseño e implementación de servicios backend con TypeScript y NestJS. - Integración con bases de datos, APIs y servicios de terceros. - Participación en despliegues y mantenimiento de aplicaciones en entornos productivos. - Colaboración con equipos multidisciplinarios bajo metodologías ágiles. Requisitos - Experiencia comprobable en React Native (iOS y Android). - Conocimientos en publicación y actualización de aplicaciones en Google Play Store y Apple App Store. - Experiencia en React.js y Next.js. - Manejo de componentes reutilizables y librerías como TanStack y React Query. - Experiencia en desarrollo backend con TypeScript y NestJS. - Conocimientos en diseño e implementación de APIs REST, bases de datos e integraciones. - Experiencia en despliegues y soporte de aplicaciones en producción. Se valorará - Experiencia en arquitecturas de microservicios. - Conocimientos de Clean Architecture y buenas prácticas de desarrollo. - Capacidad de trabajo en equipo y orientación a resultados. Si te interesa , envianos tu CV indicando remuneración pretendida. LI-Onsite Ver más Ver menos [[downButtonMessage]] LinkedIn Twitter Facebook © 2026 Jobrapido | C.I.F: IT11876271005 Trabajos Empresas Condiciones del Servicio Política de Privacidad Ayuda Contacto",,https://ar.jobrapido.com/jobpreview/3606988557522042880?redirectTo=https%253A%252F%252Fwww.kitempleo.com.ar%252Fempleo%252F52026609%252Fdesarrollador-full-stack-mendoza&w=Python&p=3,Desarrollador Full Stack,jobrapido,2026-09-01T03:52:13.627566,,,,
1254030753503641600,Oferta de empleo: Desarrollador(a) Full-Stack,N/A,Remoto,"Open or close the mobile menu Jobrapido Entrar Inscríbete Publica una oferta Ayuda Empresas Clear job input Profesión / Palabras clave Ofertas de trabajo para Oferta De en Remoto ¿Qué trabajo estás buscando? Clear location input Localidad Búsqueda avanzada de empleo Relevancia Fecha [[distance.label]] [[d.text]] Close Localidad Gran Buenos Aires Capital Federal Córdoba Santa Fé Neuquén Rosario Mendoza Rincón De Los Sauces Gba Sur Mar Del Plata Búsquedas relacionadas Software Software Engineer Python Software Engineer Management Modelo Services Engineer Security Product Engineering Quality Engineer Product Engineer Vuelve a tus resultados: [[backlinkLabel]] Oferta de empleo: Desarrollador(a) Full-Stack Remoto - Remoto [[upButtonMessage]] full time www.goempleo.com 05 jul 2026 Oferta de empleo: Desarrollador(a) Full-Stack: La descripción del trabajo.: Provincia: REMOTO Ciudad/Zona: REMOTO Características: Vacantes: 6 Tipo: Full-time Referencia: FS Otros datos: Empresa: Importante Emp. Lider Publicado: 11 de Mayo 2020 Finaliza en: 89 dias, 23 horas y 7 minutos Funciones de Desarrollador(a) Full Stack * Desarrollo de aplicaciones Web / back * Creación de prototipos / soporte de aplicaciones * Definición y/o soporte a nivel de Arquitectura de la aplicación * Ser parte de un equipo de trabajo enfocado en autogestión (metología Scrum) Requerimientos del cargo * Coordinación, planificación y desarrollo de aplicaciones y servicios web * Amplia experiencia en manejo de Lenguajes de programación Java EE, Angular y Js, * Conocimiento en servidores de aplicaciones como Jboss, Wildfly, Glassfish, Websphere. * Manejo de bus de datos como Apigee de Google, * Gestión de recursos en cloud computing usando plataformas como Google Cloud Platform, AWS y Azure. * Experiencia en soporte aplicación basadas en diversos lenguajes de programación y bajo diversas arquitecturas, * Muy enfocada/o a investigar, auto aprendizaje Opcionales * Conocimiento en configuración desarrollo e implementación de CMS como son Liferay Beneficios * Creación de soluciones Innovadoras que tendrán impacto en miles de personas. We offer you: Very open working model using agile methodologies and goal oriented 100% remote working with flexible schedules Excellent payment Relaxed startup-oriented and friendly working environment If you consider that your profile is aligned to the requirements of the position, please send your CV to and / or , with Ref: Remote FS indicating the desired remuneration. We guarantee absolute reservation. Thank you!! Competencia/cualificación: Categorí­a del Empleo: [ Ver todos ] Requerimientos de Idioma: Tipo de Empleo: Sueldo: No especificado Titulación: Sin especificar Experiencia: No especificado Localización del Empleo: REMOTO, Otra Tipo de empresa Empleador Día de envío: 2026/08/09 / Viewed 902 times Información de Contacto Empresa: Ver más Ver menos [[downButtonMessage]] LinkedIn Twitter Facebook © 2026 Jobrapido | C.I.F: IT11876271005 Trabajos Empresas Condiciones del Servicio Política de Privacidad Ayuda Contacto",,https://ar.jobrapido.com/jobpreview/1254030753503641600?redirectTo=https%253A%252F%252Fwww.goempleo.com%252Fview.php%253Fjob_id%253D1258069&w=Python&p=3,Desarrollador Full Stack,jobrapido,2026-09-01T03:52:13.628070,,,,
1476105610956111872,Desarrollador/a Full Stack (Maipú),Importante empresa del sector,Maipú,"Open or close the mobile menu Jobrapido Entrar Inscríbete Publica una oferta Ayuda Empresas Clear job input Profesión / Palabras clave Ofertas de trabajo para Full Stack en Maipú ¿Qué trabajo estás buscando? Clear location input Localidad Búsqueda avanzada de empleo Relevancia Fecha [[distance.label]] [[d.text]] Close Localidad Gran Buenos Aires Capital Federal Córdoba Santa Fé Neuquén Rosario Mendoza Rincón De Los Sauces Gba Sur Mar Del Plata Búsquedas relacionadas Software Software Engineer Python Software Engineer Management Modelo Services Engineer Security Product Engineering Quality Engineer Product Engineer Vuelve a tus resultados: [[backlinkLabel]] Desarrollador/a Full Stack (Maipú) Maipú - Región Cuyo Importante empresa del sector [[upButtonMessage]] full time www.kitempleo.com.ar 11 ago 2026 Nos encontramos en la búsqueda de un/a Desarrollador/a Full Stack para sumarse al equipo de Sistemas, participando en proyectos de desarrollo de aplicaciones, automatización de procesos, análisis de datos y transformación digital. Principales responsabilidades: - Desarrollar y mantener aplicaciones web internas. - Participar en proyectos de transformación digital. - Diseñar e implementar integraciones entre sistemas mediante APIs. - Automatizar procesos de negocio. - Diseñar, desarrollar y optimizar consultas SQL. - Construir reportes y tableros de gestión. - Analizar datos y generar indicadores para distintas áreas de la organización. - Investigar e implementar nuevas tecnologías que aporten valor al negocio. Requisitos excluyentes: - HTML5. - CSS3. - JavaScript (ES6+). - React. - Node.js. - Express. - Diseño y consumo de APIs REST. - Manejo de autenticación y autorización. - SQL y bases de datos relacionales. Requisitos deseables: - Next.js. - TypeScript. - PostgreSQL. - Docker. - Git y GitHub. - Automatización de procesos mediante n8n o herramientas similares. - Desarrollo de Progressive Web Apps (PWA). - Integración con servicios Cloud. - Conocimientos de Inteligencia Artificial aplicada a procesos empresariales. - Experiencia integrando modelos LLM mediante APIs. Competencias valoradas: - Pensamiento analítico. - Resolución de problemas complejos. - Autonomía. - Proactividad. - Orientación a resultados. - Aprendizaje continuo. - Comunicación efectiva con usuarios no técnicos. - Capacidad para transformar necesidades de negocio en soluciones tecnológicas. Ver más Ver menos [[downButtonMessage]] LinkedIn Twitter Facebook © 2026 Jobrapido | C.I.F: IT11876271005 Trabajos Empresas Condiciones del Servicio Política de Privacidad Ayuda Contacto",,https://ar.jobrapido.com/jobpreview/1476105610956111872?redirectTo=https%253A%252F%252Fwww.kitempleo.com.ar%252Fempleo%252F52099760%252Fdesarrollador-a-full-stack-maipu&w=Python&p=3,Desarrollador Full Stack,jobrapido,2026-09-01T03:52:13.628545,,,,
8540374549907111936,Desarrollador Full Stack Junior (Córdoba),Julio Bellone y asociados,Córdoba,"Jobrapido Publica una oferta Ayuda Empresas Entrar Inscríbete Profesión / Palabras clave Localidad Ofertas de trabajo para Desarrollador Full en Córdoba Trabajos > Desarrollador Full > Córdoba Localidad Gran Buenos Aires Capital Federal Córdoba Santa Fé Neuquén Rosario Mendoza Rincón De Los Sauces Gba Sur Mar Del Plata Búsquedas relacionadas Software Software Engineer Python Software Engineer Management Modelo Services Engineer Security Product Engineering Quality Engineer Product Engineer Vuelve a tus resultados: [[backlinkLabel]] Desarrollador Full Stack Junior (Córdoba) Córdoba - Región Centro Julio Bellone y asociados [[upButtonMessage]] full time Publicado enwww.kitempleo.com.ar 28 ago 2026 Nos encontramos en la búsqueda de un Desarrollador Full Stack Junior para integrarse a un equipo vibrante, participando activamente en el desarrollo web, integración de sistemas, automatización de procesos (incluyendo IA) y el mantenimiento de nuestro ERP. Requisitos Técnicos Backend: Node.js, Express.js, desarrollo de APIs REST, validación de datos y autenticación (JWT). Frontend: React.js, consumo de APIs REST, manejo de estados y diseño de interfaces responsivas (HTML5, CSS3, JavaScript ES6+). Bases de Datos: Experiencia en MySQL y PostgreSQL (creación/optimización de consultas SQL y modelado relacional). Integraciones: Consumo de APIs de terceros, manejo de JSON y automatización de flujos de datos. Control de Versiones: Git y GitHub (ramas y pull requests). Cloud & Deploy (Deseable): Conocimientos en Railway o Google Cloud Platform (GCP), configuración de variables de entorno y gestión básica de servidores. Tareas Principales Desarrollo, mantenimiento y optimización de aplicaciones web y sistemas ERP. Diseño y ejecución de automatizaciones con Inteligencia Artificial (API + Desarrollo). Creación, mantenimiento e integración de APIs con sistemas externos. Despliegue, monitoreo de aplicaciones en la nube y corrección de errores. Participación activa en el análisis y diseño de nuevas soluciones tecnológicas. Ver más Ver menos [[downButtonMessage]] LinkedIn Twitter Facebook © 2026 Jobrapido | C.I.F: IT11876271005 Trabajos Empresas Condiciones del Servicio Política de Privacidad Ayuda Contacto",,https://ar.jobrapido.com/jobpreview/8540374549907111936?redirectTo=https%253A%252F%252Fwww.kitempleo.com.ar%252Fempleo%252F52803273%252Fdesarrollador-full-stack-junior-cordoba&w=Python&p=3,Desarrollador Full Stack,jobrapido,2026-09-01T03:52:13.629015,,,,
7353958622583324672,Desarrollador Full Stack Junior (Presencial),Bellone Asociados,Córdoba,"Open or close the mobile menu Jobrapido Entrar Inscríbete Publica una oferta Ayuda Empresas Clear job input Profesión / Palabras clave Ofertas de trabajo para Desarrollador Full en Córdoba ¿Qué trabajo estás buscando? Clear location input Localidad Búsqueda avanzada de empleo Relevancia Fecha [[distance.label]] [[d.text]] Close Localidad Gran Buenos Aires Capital Federal Córdoba Santa Fé Neuquén Rosario Mendoza Rincón De Los Sauces Gba Sur Mar Del Plata Búsquedas relacionadas Software Software Engineer Python Software Engineer Management Modelo Services Engineer Security Product Engineering Quality Engineer Product Engineer Vuelve a tus resultados: [[backlinkLabel]] Desarrollador Full Stack Junior (Presencial) Córdoba - Región Centro Bellone Asociados [[upButtonMessage]] full time www.sherlockhr.com 26 ago 2026 Nos encontramos en la búsqueda de un Desarrollador Full Stack Junior para integrarse a un equipo dinámico, participando activamente en el desarrollo web, integración de sistemas, automatización de procesos (incluyendo IA) y el mantenimiento de nuestro ERP. Requisitos Técnicos Backend: Node.js, Express.js, desarrollo de APIs REST, validación de datos y autenticación (JWT). Frontend: React.js, consumo de APIs REST, manejo de estados y diseño de interfaces responsivas (HTML5, CSS3, JavaScript ES6+). Bases de Datos: Experiencia en MySQL y PostgreSQL (creación/optimización de consultas SQL y modelado relacional). Integraciones: Consumo de APIs de terceros, manejo de JSON y automatización de flujos de datos. Control de Versiones: Git y GitHub (ramas y pull requests). Cloud & Deploy (Deseable): Conocimientos en Railway o Google Cloud Platform (GCP), configuración de variables de entorno y gestión básica de servidores. Tareas Principales Desarrollo, mantenimiento y optimización de aplicaciones web y sistemas ERP. Diseño y ejecución de automatizaciones con Inteligencia Artificial (API + Desarrollo). Creación, mantenimiento e integración de APIs con sistemas externos. Despliegue, monitoreo de aplicaciones en la nube y corrección de errores. Participación activa en el análisis y diseño de nuevas soluciones tecnológicas. Ver más Ver menos [[downButtonMessage]] LinkedIn Twitter Facebook © 2026 Jobrapido | C.I.F: IT11876271005 Trabajos Empresas Condiciones del Servicio Política de Privacidad Ayuda Contacto",,https://ar.jobrapido.com/jobpreview/7353958622583324672?redirectTo=https%253A%252F%252Fbelloneasociados.pandape.computrabajo.com%252FDetail%252F13428004%253Fov%253D6%2526utm_source%253Djobrapido%2526utm_medium%253Dreferral%2526utm_campaign%253Dfeed%2526utm_term%253Dorganic%2526utm_content%253Dats&w=Python&p=3,Desarrollador Full Stack,jobrapido,2026-09-01T03:52:13.629485,,,,
5543851854049312768,Desarrollador a Full Stack Semi Senior,Importante empresa del sector,Mendoza,"Open or close the mobile menu Jobrapido Entrar Inscríbete Publica una oferta Ayuda Empresas Clear job input Profesión / Palabras clave Ofertas de trabajo para Desarrollador A en Mendoza ¿Qué trabajo estás buscando? Clear location input Localidad Búsqueda avanzada de empleo Relevancia Fecha [[distance.label]] [[d.text]] Close Localidad Gran Buenos Aires Capital Federal Córdoba Santa Fé Neuquén Rosario Mendoza Rincón De Los Sauces Gba Sur Mar Del Plata Búsquedas relacionadas Software Software Engineer Python Software Engineer Management Modelo Services Engineer Security Product Engineering Quality Engineer Product Engineer Vuelve a tus resultados: [[backlinkLabel]] Desarrollador a Full Stack Semi Senior Mendoza - Región Cuyo Importante empresa del sector [[upButtonMessage]] full time www.computrabajo.com 05 jul 2026 Nos encontramos en la búsqueda de un a Desarrollador a Full Stack para sumarse al equipo de Sistemas, participando en proyectos de desarrollo de aplicaciones, automatización de procesos, análisis de datos y transformación digital. PRINCIPALES RESPONSABILIDADES .Desarrollar y mantener aplicaciones web internas. .Participar en proyectos de transformación digital. .Diseñar e implementar integraciones entre sistemas mediante APIs. .Automatizar procesos de negocio. .Diseñar, desarrollar y optimizar consultas SQL. .Construir reportes y tableros de gestión. .Analizar datos y generar indicadores para distintas áreas de la organización. .Investigar e implementar nuevas tecnologías que aporten valor al negocio. REQUISITOS EXCLUYENTO .HTML5. .CSS3. .JavaScript ES6. .React. .Node.js. .Express. .Diseño y consumo de APIs REST. .Manejo de autenticación y autorización. .SQL y bases de datos relacionales. REQUISITOS DESEABLES .Next.js. .TypeScript. .PostgreSQL. .Docker. .Git y GitHub. .Automatización de procesos mediante n8n o herramientas similares. .Desarrollo de Progressive Web Apps PWA. Integración con servicios Cloud. .Conocimientos de Inteligencia Artificial aplicada a procesos empresariales. .Experiencia integrando modelos LLM mediante APIs. COMPETENCIAS VALORADAS .Pensamiento analítico. .Resolución de problemas complejos. .Autonomía. .Proactividad. .Orientación a resultados. .Aprendizaje continuo. .Comunicación efectiva con usuarios no técnicos. .Capacidad para transformar necesidades de negocio en soluciones tecnológicas. Ver más Ver menos [[downButtonMessage]] LinkedIn Twitter Facebook © 2026 Jobrapido | C.I.F: IT11876271005 Trabajos Empresas Condiciones del Servicio Política de Privacidad Ayuda Contacto",,https://ar.jobrapido.com/jobpreview/5543851854049312768?redirectTo=https%253A%252F%252Fgo.computrabajo.com%252Fgo%252Fgom%253Furl%253Dhttps%25253a%25252f%25252far.computrabajo.com%25252fofertas-de-trabajo%25252foferta-de-trabajo-de-desarrolladora-full-stack-semi-senior-en-maipu-370A37E2E24802EE61373E686DCF3405&w=Python&p=3,Desarrollador Full Stack,jobrapido,2026-09-01T03:52:13.629960,,,,
8872635281509974016,Desarrollador/a Full Stack: Impulsa Transformación Digital (Maipú),Importante empresa del sector,Maipú,"Jobrapido Publica una oferta Ayuda Empresas Entrar Inscríbete Profesión / Palabras clave Localidad Ofertas de trabajo para Full Impulsa en Maipú Trabajos > Full Impulsa > Maipú Localidad Gran Buenos Aires Capital Federal Córdoba Santa Fé Neuquén Rosario Mendoza Rincón De Los Sauces Gba Sur Mar Del Plata Búsquedas relacionadas Software Software Engineer Python Software Engineer Management Modelo Services Engineer Security Product Engineering Quality Engineer Product Engineer Vuelve a tus resultados: [[backlinkLabel]] Desarrollador/a Full Stack: Impulsa Transformación Digital (Maipú) Maipú - Región Cuyo Importante empresa del sector [[upButtonMessage]] full time Publicado enwww.kitempleo.com.ar 22 ago 2026 Relevante empresa del sector busca un/a Desarrollador/a Full Stack para sumarse al equipo de Sistemas, participando en proyectos de desarrollo de aplicaciones, automatización de procesos, análisis de datos y transformación digital. Entre tus responsabilidades estarán desarrollar y mantener aplicaciones web internas, diseñar e implementar integraciones entre sistemas mediante APIs y construir reportes para la gestión. Ver más Ver menos [[downButtonMessage]] LinkedIn Twitter Facebook © 2026 Jobrapido | C.I.F: IT11876271005 Trabajos Empresas Condiciones del Servicio Política de Privacidad Ayuda Contacto",,https://ar.jobrapido.com/jobpreview/8872635281509974016?redirectTo=https%253A%252F%252Fwww.kitempleo.com.ar%252Fempleo%252F52615981%252Fdesarrollador-a-full-stack-impulsa-transformacion-digital-maipu&w=Python&p=3,Desarrollador Full Stack,jobrapido,2026-09-01T03:52:13.630430,,,,
3982617927554695168,Desarrollador/A Full Stack: Impulsa Transformación Digital (Mendoza),Importante empresa del sector,Mendoza,"Jobrapido Publica una oferta Ayuda Empresas Entrar Inscríbete Profesión / Palabras clave Localidad Ofertas de trabajo para Full Impulsa en Mendoza Trabajos > Full Impulsa > Mendoza Localidad Gran Buenos Aires Capital Federal Córdoba Santa Fé Neuquén Rosario Mendoza Rincón De Los Sauces Gba Sur Mar Del Plata Búsquedas relacionadas Software Software Engineer Python Software Engineer Management Modelo Services Engineer Security Product Engineering Quality Engineer Product Engineer Vuelve a tus resultados: [[backlinkLabel]] Desarrollador/A Full Stack: Impulsa Transformación Digital (Mendoza) Mendoza - Región Cuyo Importante empresa del sector [[upButtonMessage]] full time Publicado enwww.kitempleo.com.ar 20 ago 2026 Significativo empresa del sector busca un/a Desarrollador/a Full Stack para sumarse al equipo de Sistemas, participando en proyectos de desarrollo de aplicaciones, automatización de procesos, análisis de datos y transformación digital.Entre tus responsabilidades estarán desarrollar y mantener aplicaciones web internas, diseñar e implementar integraciones entre sistemas mediante APIs y construir reportes para la gestión. #J-*****-Ljbffr Ver más Ver menos [[downButtonMessage]] LinkedIn Twitter Facebook © 2026 Jobrapido | C.I.F: IT11876271005 Trabajos Empresas Condiciones del Servicio Política de Privacidad Ayuda Contacto",,https://ar.jobrapido.com/jobpreview/3982617927554695168?redirectTo=https%253A%252F%252Fwww.kitempleo.com.ar%252Fempleo%252F52577422%252Fdesarrollador-a-full-stack-impulsa-transformacion-digital-mendoza&w=Python&p=3,Desarrollador Full Stack,jobrapido,2026-09-01T03:52:13.630905,,,,
8761654477632569344,Empleo: Desarrollador Java / Full Stack - Pacheco (Zona Norte),N/A,"Gba Norte, Pacheco","Open or close the mobile menu Jobrapido Entrar Inscríbete Publica una oferta Ayuda Empresas Clear job input Profesión / Palabras clave Ofertas de trabajo para Desarrollador Java en Pacheco ¿Qué trabajo estás buscando? Clear location input Localidad Búsqueda avanzada de empleo Relevancia Fecha [[distance.label]] [[d.text]] Close Localidad Gran Buenos Aires Capital Federal Córdoba Santa Fé Neuquén Rosario Mendoza Rincón De Los Sauces Gba Sur Mar Del Plata Búsquedas relacionadas Software Software Engineer Python Software Engineer Management Modelo Services Engineer Security Product Engineering Quality Engineer Product Engineer Vuelve a tus resultados: [[backlinkLabel]] Empleo: Desarrollador Java / Full Stack - Pacheco (Zona Norte) Pacheco - Región Centro, Gba Norte - Provincia De Buenos Aires [[upButtonMessage]] full time www.goempleo.com 09 jul 2026 Empleo: Desarrollador Java / Full Stack - Pacheco (Zona Norte): La descripción del trabajo.: Desarrollador Java / Full Stack Pacheco (Zona Norte) Gral. Pacheco, Buenos Aires · Hoy, 04:03 a. m. (actualizada) BD Capital Humano Enviar mi CV Desarrollador Java / Full Stack - Pacheco (Zona Norte) Enviar mi CV Sobre la oferta La empresa Desarrollador Java / Full Stack Pacheco (Zona Norte) Gral. Pacheco, Buenos Aires · Hoy, 04:03 a. m. (actualizada) BD Capital Humano Enviar mi CV Desarrollador Java / Full Stack - Pacheco (Zona Norte) Enviar mi CV Sobre la oferta La empresa Descripción de la oferta: » En BD Capital Humano estamos buscando para trabajar en relación de dependencia directa con un importante y reconocido grupo de soluciones tecnológicas, desarrolladores Java y Java Full Stack. Se ofrecen excelentes beneficios: Home semanal y horario flexible (jornada de 9 hs a acordar) Comedor muy subvencionado Bono anual Swiss Medical familiar Línea de celular Personal, etc Tendrá a cargo: - Desarrollo de sistemas transaccionales - Integraciones en puntos de venta con sistemas de cobro de servicios y recarga de celulares. (preferentemente electrónica), gateways de pagos electrónicos, conciliaciones bancarias, sistemas de fidelización de clientes.... se recluta: - Graduado o estudiante avanzado de carrera de sistemas - Experiencia en Spring y Angular (Deseable), Lugar: General Pacheco (GBA) Horario: jornada de 9 hs, flexible (a partir de las 7 de la mañana) y 1 home office semanal. Requerimientos » Educación mínima: Terciario » Años de experiencia: 2 » Disponibilidad de Viajar: No » Disponibilidad de cambio de residencia: No » Enviar mi CV Resumen del empleo » Desarrollador Java / Full Stack » Gral. Pacheco, Buenos Aires » Empresa BD Capital Humano Seguir Dejar de seguir Recibe notificaciones nuevas de BD Capital Humano Contraseña incorrecta Obligatorio He leído y acepto las Condiciones Legales incluidas en el aviso legal y la política de privacidad Obligatorio Acepto recibir información ocasional sobre productos, servicios y eventos de DGNET y sus colaboradores Ver detalle legal Información básica de privacidad y contacto Responsable DGNET Ltd, registrada en Escocia n°189977, con domicilio en 10 York Place, Edimburgo EH1 3EP, Reino Unido y teléfono de Contáctenos: +44 131 473 1049. Finalidad Realizar una correcta gestión de los servicios a los que te suscribas. Legitimación Ejecución de un contrato, consentimiento, interés legítimo y cumplimiento de una obligación legal. Destinatarios Podrán acceder a tus datos los prestadores de servicios de DGNET Ltd, incluyendo otras empresas de su grupo. Únicamente se cederán datos por obligación legal. Derechos Tienes derecho a acceder, rectificar y suprimir los datos, así como otros derechos, cuyo detalle se incluye en nuestra Política de Privacidad completa. » Tipo de contrato Contrato por tiempo indeterminado » Jornada Jornada completa » Enviar mi CV Competencia/cualificación: Categorí­a del Empleo: [ Ver todos ] Requerimientos de Idioma: Tipo de Empleo: Sueldo: No especificado Titulación: Sin especificar Experiencia: No especificado Localización del Empleo: Otra Tipo de empresa Empleador Día de envío: 2026/08/13 / Viewed 897 times Información de Contacto Empresa: Ver más Ver menos [[downButtonMessage]] LinkedIn Twitter Facebook © 2026 Jobrapido | C.I.F: IT11876271005 Trabajos Empresas Condiciones del Servicio Política de Privacidad Ayuda Contacto",,https://ar.jobrapido.com/jobpreview/8761654477632569344?redirectTo=https%253A%252F%252Fwww.goempleo.com%252Fview.php%253Fjob_id%253D1260779&w=Python&p=3,Desarrollador Full Stack,jobrapido,2026-09-01T03:52:13.631411,,,,
4797501591588438016,Desarrollador/a Full Stack Semi Senior (.NET) (Córdoba),ENCODE,Córdoba,"Open or close the mobile menu Jobrapido Entrar Inscríbete Publica una oferta Ayuda Empresas Clear job input Profesión / Palabras clave Ofertas de trabajo para Full Stack en Córdoba ¿Qué trabajo estás buscando? Clear location input Localidad Búsqueda avanzada de empleo Relevancia Fecha [[distance.label]] [[d.text]] Close Localidad Gran Buenos Aires Capital Federal Córdoba Santa Fé Neuquén Rosario Mendoza Rincón De Los Sauces Gba Sur Mar Del Plata Búsquedas relacionadas Software Software Engineer Python Software Engineer Management Modelo Services Engineer Security Product Engineering Quality Engineer Product Engineer Vuelve a tus resultados: [[backlinkLabel]] Desarrollador/a Full Stack Semi Senior (.NET) (Córdoba) Córdoba - Región Centro ENCODE [[upButtonMessage]] full time www.kitempleo.com.ar 20 ago 2026 Buscamos Desarrollador/a Full Stack Semi Senior (.NET) Sobre el rol: Buscamos un/a desarrollador/a full stack con 4-5 años de experiencia para sumarse a nuestro equipo, participar en el diseño de arquitecturas escalables y desarrollar features de forma independiente en proyectos de mediana/alta complejidad. Stack técnico: 🔹 Frontend: Angular + TypeScript (o Blazor/React), manejo de estado (Redux/Context API), Tailwind CSS o Bootstrap 🔹 Backend: ASP.NET Core Web API, Entity Framework Core, Clean Architecture 🔹 Seguridad: JWT, OAuth2, FluentValidation 🔹 DevOps: CI/CD, Docker, testing (unitario/integración/e2e), cloud (AWS/Azure/GCP) 🔹 Herramientas: Git(Hub/Lab), Postman, VS Code, SQL Server/DBeaver, REST/GraphQL 🔹 Dominio de Clean Architecture, conocer de MVC Buscamos a alguien que: ✅ Pueda debuggear y optimizar performance en escenarios complejos ✅ Tenga buena comunicación técnica y disfrute mentorear a perfiles junior ✅ Tome ownership end-to-end de las features ✅ Se mantenga curioso/a y actualizado/a con nuevas tecnologías ✅ ⁠Implementar patrones de diseño y mejores prácticas de desarrollo Suma puntos (no excluyente): ➕ Serverless architectures ➕ React Native ➕ Kafka/RabbitMQ/Redis ➕ Terraform/CloudFormation ➕ Título universitario en Sistemas o afines Cómo postular Enviar CV (y opcionalmente, repositorios o ejemplos de trabajo) a: 📩 Asunto: Aplicación – Desarrollador/a Full Stack Semi Senior (.NET) Ver más Ver menos [[downButtonMessage]] LinkedIn Twitter Facebook © 2026 Jobrapido | C.I.F: IT11876271005 Trabajos Empresas Condiciones del Servicio Política de Privacidad Ayuda Contacto",,https://ar.jobrapido.com/jobpreview/4797501591588438016?redirectTo=https%253A%252F%252Fwww.kitempleo.com.ar%252Fempleo%252F52550398%252Fdesarrollador-a-full-stack-semi-senior-net-cordoba&w=Python&p=3,Desarrollador Full Stack,jobrapido,2026-09-01T03:52:13.631891,,,,
5109102362266435584,Desarrollador/a Full Stack Semi Senior (Córdoba),ENCODE,Córdoba,"Open or close the mobile menu Jobrapido Entrar Inscríbete Publica una oferta Ayuda Empresas Clear job input Profesión / Palabras clave Ofertas de trabajo para Full Stack en Córdoba ¿Qué trabajo estás buscando? Clear location input Localidad Búsqueda avanzada de empleo Relevancia Fecha [[distance.label]] [[d.text]] Close Localidad Gran Buenos Aires Capital Federal Córdoba Santa Fé Neuquén Rosario Mendoza Rincón De Los Sauces Gba Sur Mar Del Plata Búsquedas relacionadas Software Software Engineer Python Software Engineer Management Modelo Services Engineer Security Product Engineering Quality Engineer Product Engineer Vuelve a tus resultados: [[backlinkLabel]] Desarrollador/a Full Stack Semi Senior (Córdoba) Córdoba - Región Centro ENCODE [[upButtonMessage]] full time www.kitempleo.com.ar 19 ago 2026 Buscamos Desarrollador/a Full Stack Semi Senior (.NET) Sobre el rol: Buscamos un/a desarrollador/a full stack con 4-5 años de experiencia para sumarse a nuestro equipo, participar en el diseño de arquitecturas escalables y desarrollar features de forma independiente en proyectos de mediana/alta complejidad. Stack técnico: 🔹 Frontend: Angular + TypeScript (o Blazor/React), manejo de estado (Redux/Context API), Tailwind CSS o Bootstrap 🔹 Backend: ASP.NET Core Web API, Entity Framework Core, Clean Architecture 🔹 Seguridad: JWT, OAuth2, FluentValidation 🔹 DevOps: CI/CD, Docker, testing (unitario/integración/e2e), cloud (AWS/Azure/GCP) 🔹 Herramientas: Git(Hub/Lab), Postman, VS Code, SQL Server/DBeaver, REST/GraphQL 🔹 Dominio de Clean Architecture, conocer de MVC Buscamos a alguien que: ✅ Pueda debuggear y optimizar performance en escenarios complejos ✅ Tenga buena comunicación técnica y disfrute mentorear a perfiles junior ✅ Tome ownership end-to-end de las features ✅ Se mantenga curioso/a y actualizado/a con nuevas tecnologías ✅ ⁠Implementar patrones de diseño y mejores prácticas de desarrollo Suma puntos (no excluyente): ➕ Serverless architectures ➕ React Native ➕ Kafka/RabbitMQ/Redis ➕ Terraform/CloudFormation ➕ Título universitario en Sistemas o afines Cómo postular Enviar CV (y opcionalmente, repositorios o ejemplos de trabajo) a: 📩 Asunto: Aplicación – Desarrollador/a Full Stack Semi Senior (.NET) Ver más Ver menos [[downButtonMessage]] LinkedIn Twitter Facebook © 2026 Jobrapido | C.I.F: IT11876271005 Trabajos Empresas Condiciones del Servicio Política de Privacidad Ayuda Contacto",,https://ar.jobrapido.com/jobpreview/5109102362266435584?redirectTo=https%253A%252F%252Fwww.kitempleo.com.ar%252Fempleo%252F52500448%252Fdesarrollador-a-full-stack-semi-senior-cordoba&w=Python&p=3,Desarrollador Full Stack,jobrapido,2026-09-01T03:52:13.632360,,,,
6763024311528718336,Desarrollador full stack (python + angular + go) (Córdoba),Kruger NearShore LLC - Rekluti,Córdoba,"Open or close the mobile menu Jobrapido Entrar Inscríbete Publica una oferta Ayuda Empresas Clear job input Profesión / Palabras clave Ofertas de trabajo para Desarrollador Full en Córdoba ¿Qué trabajo estás buscando? Clear location input Localidad Búsqueda avanzada de empleo Relevancia Fecha [[distance.label]] [[d.text]] Close Localidad Gran Buenos Aires Capital Federal Córdoba Santa Fé Neuquén Rosario Mendoza Rincón De Los Sauces Gba Sur Mar Del Plata Búsquedas relacionadas Software Software Engineer Python Software Engineer Management Modelo Services Engineer Security Product Engineering Quality Engineer Product Engineer Vuelve a tus resultados: [[backlinkLabel]] Desarrollador full stack (python + angular + go) (Córdoba) Córdoba - Región Centro Kruger NearShore LLC - Rekluti [[upButtonMessage]] other www.kitempleo.com.ar 21 ago 2026 Desarrollador/a Full Stack – Python / Angular / Go En Rekluti , consultora especializada en talento tecnológico en LATAM, buscamos un/a Desarrollador/a Full Stack para integrarse a proyectos de alta complejidad y participar en el desarrollo de soluciones web escalables. Buscamos un perfil con sólida experiencia en Python, Angular y Go , capaz de desenvolverse de manera autónoma, aportar en decisiones técnicas y colaborar con equipos multidisciplinarios. 🎯 Principales responsabilidades Diseñar, desarrollar y mantener aplicaciones Full Stack, participando en frontend y backend. Desarrollar servicios y APIs REST utilizando principalmente Python y Go. Construir y mantener interfaces web modernas con Angular . Participar en el diseño de arquitecturas y definición de soluciones técnicas. Integrar servicios, APIs y diferentes componentes de la plataforma. Desarrollar código limpio, mantenible, escalable y de alta calidad. Participar en revisiones de código, testing y resolución de incidencias. Colaborar con equipos de Producto, QA, Dev Ops y otros perfiles técnicos. Contribuir a la mejora continua de procesos y buenas prácticas de desarrollo. Trabajar con servicios cloud y ambientes desplegados sobre Google Cloud Platform (GCP) . Participar eventualmente en iniciativas de desarrollo mobile utilizando Flutter . 💻 Requisitos 5+ años de experiencia en desarrollo de software. Experiencia sólida como Full Stack Developer . Dominio avanzado de Python , especialmente para desarrollo backend. Ver más Ver menos [[downButtonMessage]] LinkedIn Twitter Facebook © 2026 Jobrapido | C.I.F: IT11876271005 Trabajos Empresas Condiciones del Servicio Política de Privacidad Ayuda Contacto",,https://ar.jobrapido.com/jobpreview/6763024311528718336?redirectTo=https%253A%252F%252Fwww.kitempleo.com.ar%252Fempleo%252F52605539%252Fdesarrollador-full-stack-python-angular-go-cordoba&w=Python&p=3,Desarrollador Full Stack,jobrapido,2026-09-01T03:52:13.632835,,,,
6198663272372109312,Desarrollador Full Stack Junior Presencial (Córdoba),Sin nombre,Córdoba,"Open or close the mobile menu Jobrapido Entrar Inscríbete Publica una oferta Ayuda Empresas Clear job input Profesión / Palabras clave Ofertas de trabajo para Desarrollador Full en Córdoba ¿Qué trabajo estás buscando? Clear location input Localidad Búsqueda avanzada de empleo Relevancia Fecha [[distance.label]] [[d.text]] Close Localidad Gran Buenos Aires Capital Federal Córdoba Santa Fé Neuquén Rosario Mendoza Rincón De Los Sauces Gba Sur Mar Del Plata Búsquedas relacionadas Software Software Engineer Python Software Engineer Management Modelo Services Engineer Security Product Engineering Quality Engineer Product Engineer Vuelve a tus resultados: [[backlinkLabel]] Desarrollador Full Stack Junior Presencial (Córdoba) Córdoba - Región Centro Sin nombre [[upButtonMessage]] full time www.kitempleo.com.ar 27 ago 2026 Nos encontramos en la búsqueda de un Desarrollador Full Stack Junior para integrarse a un equipo ágil, participando activamente en el desarrollo web, integración de sistemas, automatización de procesos incluyendo IA y el mantenimiento de nuestro ERP. Requisitos Técnicos Backend Node.js, Express.js, desarrollo de APIs REST, validación de datos y autenticación JWT. Frontend React.js, consumo de APIs REST, manejo de estados y diseño de interfaces responsivas HTML5, CSS3, JavaScript ES6. Bases de Datos Experiencia en MySQL y PostgreSQL creación optimización de consultas SQL y modelado relacional. Integraciones Consumo de APIs de terceros, manejo de JSON y automatización de flujos de datos. Control de Versiones Git y GitHub ramas y pull requests. Cloud Deploy Deseable Conocimientos en Railway o Google Cloud Platform GCP, configuración de variables de ambiente y gestión básica de servidores. Tareas Principales Desarrollo, mantenimiento y optimización de aplicaciones web y sistemas ERP. Diseño y ejecución de automatizaciones con Inteligencia Artificial API Desarrollo. Creación, mantenimiento e integración de APIs con sistemas externos. Despliegue, monitoreo de aplicaciones en la nube y corrección de errores. Participación activa en el análisis y diseño de nuevas soluciones tecnológicas. Bolsa de trabajo Argentina ofrecemos puesto de Desarrollador Full Stack Junior Presencial para el sector de Informatica Telecomunicaciones en la empresa Bellone Asociados de Cordoba. Salario acorde a tu experiencia y al salario medio del sector. Actualiza ahora tu currículum vitae y postúlate a este empleo. Tipo de empleo Jornada completa. ? Desarrollador Full Stack Junior Presencial (Córdoba) ? Bellone Asociados ? Córdoba Ver más Ver menos [[downButtonMessage]] LinkedIn Twitter Facebook © 2026 Jobrapido | C.I.F: IT11876271005 Trabajos Empresas Condiciones del Servicio Política de Privacidad Ayuda Contacto",,https://ar.jobrapido.com/jobpreview/6198663272372109312?redirectTo=https%253A%252F%252Fwww.kitempleo.com.ar%252Fempleo%252F52796438%252Fdesarrollador-full-stack-junior-presencial-cordoba&w=Python&p=3,Desarrollador Full Stack,jobrapido,2026-09-01T03:52:13.633304,,,,
1230017419553013760,Empleo: Desarrollador Full Stack Ssr - Vicente Lopez,Rekluti,Vicente López,"Jobrapido Publica una oferta Ayuda Empresas Entrar Inscríbete Profesión / Palabras clave Localidad Ofertas de trabajo para Desarrollador Full en Vicente López Trabajos > Desarrollador Full > Vicente López Localidad Gran Buenos Aires Capital Federal Córdoba Santa Fé Neuquén Rosario Mendoza Rincón De Los Sauces Gba Sur Mar Del Plata Búsquedas relacionadas Software Software Engineer Python Software Engineer Management Modelo Services Engineer Security Product Engineering Quality Engineer Product Engineer Vuelve a tus resultados: [[backlinkLabel]] Empleo: Desarrollador Full Stack Ssr - Vicente Lopez Vicente López - Provincia De Buenos Aires [[upButtonMessage]] full time Publicado enwww.goempleo.com 08 jul 2026 Empleo: Desarrollador Full Stack Ssr - Vicente Lopez: La descripción del trabajo.: Desarrollador Full Stack Ssr Vicente Lopez Vicente López, Buenos Aires-GBA · Hoy, 05:44 a. m. (actualizada) RH+Tecnología Este sello certifica que los datos y actividad de esta empresa han sido verificado meticulosamente por parte de goempleo 25 evaluaciones Enviar mi CV Desarrollador Full Stack Ssr - Vicente Lopez Enviar mi CV Sobre la oferta La empresaEvaluacionesBeneficios Desarrollador Full Stack Ssr Vicente Lopez Vicente López, Buenos Aires-GBA · Hoy, 05:44 a. m. (actualizada) RH+Tecnología Este sello certifica que los datos y actividad de esta empresa han sido verificado meticulosamente por parte de goempleo 25 evaluaciones Enviar mi CV Desarrollador Full Stack Ssr - Vicente Lopez Enviar mi CV Sobre la oferta La empresaEvaluacionesBeneficios Descripción de la oferta: » En RH+Tecnología te proponemos sumarte como Desarrollador Full Stack para trabajar en un importante cliente del rubro Medios de Comunicación ubicado en Vicente Lopez PROYECTO Los proyectos están orientados a colaborar con la transformación de medios digitales ajustándolos a las necesidades de los usuarios. REQUISITOS Para llevar adelante el rol se recluta: - Experiencia de 2 años como Desarrollador React o Experiencia como Desarrollador JavaScript IMPORTANTE Para aplicar se recluta realizar una Prueba Técnica que se envía por mail SOBRE NOSOTROS En RH Tecnología brindamos servicios IT siendo el foco de trabajo de la Consultora el cuidado de profesionales, clientes y proveedores. Es por ello que tenemos los siguientes compromisos: o Vivimos bajo un horizonte de rentabilidad integral o Cuidamos y alimentamos nuestras relaciones o Impulsamos hábitos saludables y buena calidad de vida o Generamos contextos para el desarrollo sustentable de nuestra comunidad o Somos líderes en servicio y conversamos productivamente o Aportamos a un paradigma laboral digno para vivir y convivir BENEFICIOS Además, contamos con los siguientes beneficios: o Prepaga Primer Nivel o Tarjeta de beneficios Club la Nación, totalmente gratis. o Tenemos una escuela propia de Capacitación (Coach IT), la cual realizamos este año un programa llamado \""Comunicación y Liderazgo\"". Consiste en asistir a un espacio mensual a mejorar todos nuestras habilidades de líderes y comunicadores. o Asignación de un Coach Ontológico personal, seguimiento personalizado de su trabajo. Es una persona dedicada solo a preguntarte como estas y cómo te sientes y sigue tu desarrollo profesional muy de cerca. o Concurso Anual, Sistema RH (consta en acumular llaves por participación, compromiso y membresía) que a fin de año se transforman en posibilidades de ganar un Crucero All Inclusive para 2 personas. o Premios en ocasiones especiales: cumpleaños, paternidad/maternidad, entre otros. o Descuentos en Gimnasio, librerías y escuela de capacitación (Educación IT) o Convenio cuenta Santander Río para amplificar el plan sueldo. Esperamos tu postulación! Requerimientos » Educación mínima: Terciario » Años de experiencia: 3 » Disponibilidad de Viajar: No » Disponibilidad de cambio de residencia: No » Enviar mi CV Resumen del empleo » Desarrollador Full Stack Ssr » Vicente López, Buenos Aires-GBA » Empresa RH+Tecnología Seguir Dejar de seguir Recibe notificaciones nuevas de RH+Tecnología Contraseña incorrecta Obligatorio He leído y acepto las Condiciones Legales incluidas en el aviso legal y la política de privacidad Obligatorio Acepto recibir información ocasional sobre productos, servicios y eventos de DGNET y sus colaboradores Ver detalle legal Información básica de privacidad y contacto Responsable DGNET Ltd, registrada en Escocia n°189977, con domicilio en 10 York Place, Edimburgo EH1 3EP, Reino Unido y teléfono de Contáctenos: +44 131 473 1049. Finalidad Realizar una correcta gestión de los servicios a los que te suscribas. Legitimación Ejecución de un contrato, consentimiento, interés legítimo y cumplimiento de una obligación legal. Destinatarios Podrán acceder a tus datos los prestadores de servicios de DGNET Ltd, incluyendo otras empresas de su grupo. Únicamente se cederán datos por obligación legal. Derechos Tienes derecho a acceder, rectificar y suprimir los datos, así como otros derechos, cuyo detalle se incluye en nuestra Política de Privacidad completa. » Tipo de contrato otro tipo de contrato » Jornada Jornada completa » Enviar mi CV Competencia/cualificación: Categorí­a del Empleo: [ Ver todos ] Requerimientos de Idioma: Tipo de Empleo: Sueldo: No especificado Titulación: Sin especificar Experiencia: No especificado Localización del Empleo: Otra Tipo de empresa Empleador Día de envío: 2026/08/12 / Viewed 875 times Información de Contacto Empresa: Ver más Ver menos [[downButtonMessage]] LinkedIn Twitter Facebook © 2026 Jobrapido | C.I.F: IT11876271005 Trabajos Empresas Condiciones del Servicio Política de Privacidad Ayuda Contacto",,https://ar.jobrapido.com/jobpreview/1230017419553013760?redirectTo=https%253A%252F%252Fwww.goempleo.com%252Fview.php%253Fjob_id%253D1264053&w=Python&p=4,Desarrollador Full Stack,jobrapido,2026-09-01T03:54:42.609556,,,,
8105146890825236480,Desarrollador Full Stack (Python + Angular + Go) (Córdoba),Rekluti,Córdoba,"Open or close the mobile menu Jobrapido Entrar Inscríbete Publica una oferta Ayuda Empresas Clear job input Profesión / Palabras clave Ofertas de trabajo para Desarrollador Full en Córdoba ¿Qué trabajo estás buscando? Clear location input Localidad Búsqueda avanzada de empleo Relevancia Fecha [[distance.label]] [[d.text]] Close Localidad Gran Buenos Aires Capital Federal Córdoba Santa Fé Neuquén Rosario Mendoza Rincón De Los Sauces Gba Sur Mar Del Plata Búsquedas relacionadas Software Software Engineer Python Software Engineer Management Modelo Services Engineer Security Product Engineering Quality Engineer Product Engineer Vuelve a tus resultados: [[backlinkLabel]] Desarrollador Full Stack (Python + Angular + Go) (Córdoba) Córdoba - Región Centro Rekluti [[upButtonMessage]] other www.kitempleo.com.ar 24 ago 2026 Desarrollador/a Full Stack – Python / Angular / Go En Rekluti, consultora especializada en talento tecnológico en LATAM, buscamos un/a Desarrollador/a Full Stack para integrarse a proyectos de alta complejidad y participar en el desarrollo de soluciones web escalables. Buscamos un perfil con sólida experiencia en Python, Angular y Go, capaz de desenvolverse de manera autónoma, aportar en decisiones técnicas y colaborar con equipos multidisciplinarios. 🎯 Principales responsabilidades - Diseñar, desarrollar y mantener aplicaciones Full Stack, participando en frontend y backend. - Desarrollar servicios y APIs REST utilizando principalmente Python y Go. - Construir y mantener interfaces web modernas con Angular. - Participar en el diseño de arquitecturas y definición de soluciones técnicas. - Integrar servicios, APIs y diferentes componentes de la plataforma. - Desarrollar código limpio, mantenible, escalable y de alta calidad. - Participar en revisiones de código, testing y resolución de incidencias. - Colaborar con equipos de Producto, QA, DevOps y otros perfiles técnicos. - Contribuir a la mejora continua de procesos y buenas prácticas de desarrollo. - Trabajar con servicios cloud y ambientes desplegados sobre Google Cloud Platform (GCP). - Participar eventualmente en iniciativas de desarrollo mobile utilizando Flutter. 💻 Requisitos - 5+ años de experiencia en desarrollo de software. - Experiencia sólida como Full Stack Developer. - Dominio avanzado de Python, especialmente para desarrollo backend. - Experiencia sólida con Angular para desarrollo frontend. - Experiencia profesional con Go (Golang) en desarrollo de servicios y aplicaciones. - Experiencia construyendo APIs REST, microservicios e integraciones. - Conocimientos de bases de datos SQL y/o NoSQL. - Experiencia trabajando con Git y metodologías ágiles. - Conocimientos de GCP y servicios cloud. - Nociones o experiencia previa con Flutter. - Capacidad de análisis y resolución de problemas complejos. - Buenas habilidades de comunicación y trabajo participativo. 🌎 Condiciones de la posición - Modalidad: 100% remoto. - Ubicación: LATAM. - Contratación: Contractor. - Pago: En USD. - Idioma: 🇪🇸 100% en español. No se requiere inglés para esta posición. Si eres un/a desarrollador/a Full Stack con experiencia en Python, Angular y Go y estás buscando un nuevo reto profesional trabajando de forma remota desde LATAM, ¡queremos conocerte! 🚀 Remote All done! Your application has been successfully submitted! View Remote Jobs You've already applied for this job We appreciate your interest in this position. Unfortunately, you have already applied for this job. Ver más Ver menos [[downButtonMessage]] LinkedIn Twitter Facebook © 2026 Jobrapido | C.I.F: IT11876271005 Trabajos Empresas Condiciones del Servicio Política de Privacidad Ayuda Contacto",,https://ar.jobrapido.com/jobpreview/8105146890825236480?redirectTo=https%253A%252F%252Fwww.kitempleo.com.ar%252Fempleo%252F52678977%252Fdesarrollador-full-stack-python-angular-go-cordoba&w=Python&p=4,Desarrollador Full Stack,jobrapido,2026-09-01T03:54:42.610100,,,,
1839102691897245696,Desarrollador Full Stack (Python + Angular + Go) (Córdoba),Importante empresa,Córdoba,"Open or close the mobile menu Jobrapido Entrar Inscríbete Publica una oferta Ayuda Empresas Clear job input Profesión / Palabras clave Ofertas de trabajo para Desarrollador Full en Córdoba ¿Qué trabajo estás buscando? Clear location input Localidad Búsqueda avanzada de empleo Relevancia Fecha [[distance.label]] [[d.text]] Close Localidad Gran Buenos Aires Capital Federal Córdoba Santa Fé Neuquén Rosario Mendoza Rincón De Los Sauces Gba Sur Mar Del Plata Búsquedas relacionadas Software Software Engineer Python Software Engineer Management Modelo Services Engineer Security Product Engineering Quality Engineer Product Engineer Vuelve a tus resultados: [[backlinkLabel]] Desarrollador Full Stack (Python + Angular + Go) (Córdoba) Córdoba - Región Centro Importante empresa [[upButtonMessage]] other www.kitempleo.com.ar 24 ago 2026 Job description Desarrollador/a Full Stack – Python / Angular / Go En Rekluti, consultora especializada en talento tecnológico en LATAM, buscamos un/a Desarrollador/a Full Stack para integrarse a proyectos de alta complejidad y participar en el desarrollo de soluciones web escalables. Buscamos un perfil con sólida experiencia en Python, Angular y Go, capaz de desenvolverse de manera autónoma, aportar en decisiones técnicas y colaborar con equipos multidisciplinarios. Principales responsabilidades - Diseñar, desarrollar y mantener aplicaciones Full Stack, participando en frontend y backend. - Desarrollar servicios y APIs REST utilizando principalmente Python y Go. - Construir y mantener interfaces web modernas con Angular. - Participar en el diseño de arquitecturas y definición de soluciones técnicas. - Integrar servicios, APIs y diferentes componentes de la plataforma. - Desarrollar código limpio, mantenible, escalable y de alta calidad. - Participar en revisiones de código, testing y resolución de incidencias. - Colaborar con equipos de Producto, QA, DevOps y otros perfiles técnicos. - Contribuir a la mejora continua de procesos y buenas prácticas de desarrollo. - Trabajar con servicios cloud y ambientes desplegados sobre Google Cloud Platform (GCP). - Participar eventualmente en iniciativas de desarrollo mobile utilizando Flutter. Requisitos - 5+ años de experiencia en desarrollo de software. - Experiencia sólida como Full Stack Developer. - Dominio avanzado de Python, especialmente para desarrollo backend. - Experiencia sólida con Angular para desarrollo frontend. - Experiencia profesional con Go (Golang) en desarrollo de servicios y aplicaciones. - Experiencia construyendo APIs REST, microservicios e integraciones. - Conocimientos de bases de datos SQL y/o NoSQL. - Experiencia trabajando con Git y metodologías ágiles. - Conocimientos de GCP y servicios cloud. - Nociones o experiencia previa con Flutter. - Capacidad de análisis y resolución de problemas complejos. - Buenas habilidades de comunicación y trabajo colaborativo. Condiciones de la posición - Modalidad: 100% remoto. - Ubicación: LATAM. - Contratación: Contractor. - Pago: En USD. - Idioma: 100% en español. No se requiere inglés para esta posición. Si eres un/a desarrollador/a Full Stack con experiencia en Python, Angular y Go y estás buscando un reciente reto profesional trabajando de forma remota desde LATAM, ¡queremos conocerte! Remote All done! Your application has been successfully submitted! View Remote Jobs You've already applied for this job We appreciate your interest in this position. Unfortunately, you have already applied for this job. Ver más Ver menos [[downButtonMessage]] LinkedIn Twitter Facebook © 2026 Jobrapido | C.I.F: IT11876271005 Trabajos Empresas Condiciones del Servicio Política de Privacidad Ayuda Contacto",,https://ar.jobrapido.com/jobpreview/1839102691897245696?redirectTo=https%253A%252F%252Fwww.kitempleo.com.ar%252Fempleo%252F52684765%252Fdesarrollador-full-stack-python-angular-go-cordoba&w=Python&p=4,Desarrollador Full Stack,jobrapido,2026-09-01T03:54:42.610588,,,,
2740253900807340032,Desarrollador Full Stack Junior (Presencial) (Córdoba),Reconocida empresa,Córdoba,"Open or close the mobile menu Jobrapido Entrar Inscríbete Publica una oferta Ayuda Empresas Clear job input Profesión / Palabras clave Ofertas de trabajo para Desarrollador Full en Córdoba ¿Qué trabajo estás buscando? Clear location input Localidad Búsqueda avanzada de empleo Relevancia Fecha [[distance.label]] [[d.text]] Close Localidad Gran Buenos Aires Capital Federal Córdoba Santa Fé Neuquén Rosario Mendoza Rincón De Los Sauces Gba Sur Mar Del Plata Búsquedas relacionadas Software Software Engineer Python Software Engineer Management Modelo Services Engineer Security Product Engineering Quality Engineer Product Engineer Vuelve a tus resultados: [[backlinkLabel]] Desarrollador Full Stack Junior (Presencial) (Córdoba) Córdoba - Región Centro Reconocida empresa [[upButtonMessage]] full time www.kitempleo.com.ar 27 ago 2026 Nos encontramos en la búsqueda de un Desarrollador Full Stack Junior para integrarse a un equipo ágil, participando activamente en el desarrollo web, integración de sistemas, automatización de procesos (incluyendo IA) y el mantenimiento de nuestro ERP. Requisitos Técnicos - Backend: Node.js, Express.js, desarrollo de APIs REST, validación de datos y autenticación (JWT). - Frontend: React.js, consumo de APIs REST, manejo de estados y diseño de interfaces responsivas (HTML5, CSS3, JavaScript ES6+). - Bases de Datos: Experiencia en MySQL y PostgreSQL (creación/optimización de consultas SQL y modelado relacional). - Integraciones: Consumo de APIs de terceros, manejo de JSON y automatización de flujos de datos. - Control de Versiones: Git y GitHub (ramas y pull requests). - Cloud & Deploy (Deseable): Conocimientos en Railway o Google Cloud Platform (GCP), configuración de variables de contexto y gestión básica de servidores. Tareas Principales - Desarrollo, mantenimiento y optimización de aplicaciones web y sistemas ERP. - Diseño y ejecución de automatizaciones con Inteligencia Artificial (API + Desarrollo). - Creación, mantenimiento e integración de APIs con sistemas externos. - Despliegue, monitoreo de aplicaciones en la nube y corrección de errores. - Participación activa en el análisis y diseño de nuevas soluciones tecnológicas. ? Desarrollador Full Stack Junior (Presencial) (Córdoba) ? Bellone Asociados ? Córdoba Ver más Ver menos [[downButtonMessage]] LinkedIn Twitter Facebook © 2026 Jobrapido | C.I.F: IT11876271005 Trabajos Empresas Condiciones del Servicio Política de Privacidad Ayuda Contacto",,https://ar.jobrapido.com/jobpreview/2740253900807340032?redirectTo=https%253A%252F%252Fwww.kitempleo.com.ar%252Fempleo%252F52797126%252Fdesarrollador-full-stack-junior-presencial-cordoba&w=Python&p=4,Desarrollador Full Stack,jobrapido,2026-09-01T03:54:42.611151,,,,
213269278994989056,Desarrollador A Full Stack Semi Senior Maipú (Argentina),Importante empresa del sector,Maipú,"Open or close the mobile menu Jobrapido Entrar Inscríbete Publica una oferta Ayuda Empresas Clear job input Profesión / Palabras clave Ofertas de trabajo para Desarrollador A en Maipú ¿Qué trabajo estás buscando? Clear location input Localidad Búsqueda avanzada de empleo Relevancia Fecha [[distance.label]] [[d.text]] Close Localidad Gran Buenos Aires Capital Federal Córdoba Santa Fé Neuquén Rosario Mendoza Rincón De Los Sauces Gba Sur Mar Del Plata Búsquedas relacionadas Software Software Engineer Python Software Engineer Management Modelo Services Engineer Security Product Engineering Quality Engineer Product Engineer Vuelve a tus resultados: [[backlinkLabel]] Desarrollador A Full Stack Semi Senior Maipú (Argentina) Maipú - Región Cuyo Importante empresa del sector [[upButtonMessage]] full time www.kitempleo.com.ar 21 ago 2026 Nos encontramos en la búsqueda de un a Desarrollador a Full Stack para sumarse al equipo de Sistemas, participando en proyectos de desarrollo de aplicaciones, automatización de procesos, análisis de datos y transformación digital. PRINCIPALES RESPONSABILIDADES .Desarrollar y mantener aplicaciones web internas. .Participar en proyectos de transformación digital. .Diseñar e implementar integraciones entre sistemas mediante APIs. .Automatizar procesos de negocio. .Diseñar, desarrollar y optimizar consultas SQL. .Construir reportes y tableros de gestión. .Analizar datos y generar indicadores para distintas áreas de la organización. .Investigar e implementar nuevas tecnologías que aporten valor al negocio. REQUISITOS EXCLUYENTO .HTML5. .CSS3. .JavaScript ES6. .React. .Node.js. .Express. .Diseño y consumo de APIs REST. .Manejo de autenticación y autorización. .SQL y bases de datos relacionales. REQUISITOS DESEABLES .Next.js. .TypeScript. .PostgreSQL. .Docker. .Git y GitHub. .Automatización de procesos mediante n8n o herramientas similares. .Desarrollo de Progressive Web Apps PWA. Integración con servicios Cloud. .Conocimientos de Inteligencia Artificial aplicada a procesos empresariales. .Experiencia integrando modelos LLM mediante APIs. COMPETENCIAS VALORADAS .Pensamiento analítico. .Resolución de problemas complejos. .Autonomía. .Proactividad. .Orientación a resultados. .Aprendizaje continuo. .Comunicación efectiva con usuarios no técnicos. .Capacidad para transformar necesidades de negocio en soluciones tecnológicas. Bolsa de trabajo Argentina ofrecemos puesto de Desarrollador a Full Stack para el sector de Compras Comercio Exterior de Maipú. Salario acorde a tu experiencia y al salario medio del sector. Actualiza ahora tu currículum vitae y postúlate a este empleo. Tipo de empleo Jornada completa. Ver más Ver menos [[downButtonMessage]] LinkedIn Twitter Facebook © 2026 Jobrapido | C.I.F: IT11876271005 Trabajos Empresas Condiciones del Servicio Política de Privacidad Ayuda Contacto",,https://ar.jobrapido.com/jobpreview/213269278994989056?redirectTo=https%253A%252F%252Fwww.kitempleo.com.ar%252Fempleo%252F52592094%252Fdesarrollador-a-full-stack-semi-senior-maipu-argentina&w=Python&p=4,Desarrollador Full Stack,jobrapido,2026-09-01T03:54:42.611713,,,,
322801527842406400,Desarrollador a Full Stack Semi Senior (Maipú),Importante empresa del sector,Maipú,"Open or close the mobile menu Jobrapido Entrar Inscríbete Publica una oferta Ayuda Empresas Clear job input Profesión / Palabras clave Ofertas de trabajo para Desarrollador A en Maipú ¿Qué trabajo estás buscando? Clear location input Localidad Búsqueda avanzada de empleo Relevancia Fecha [[distance.label]] [[d.text]] Close Localidad Gran Buenos Aires Capital Federal Córdoba Santa Fé Neuquén Rosario Mendoza Rincón De Los Sauces Gba Sur Mar Del Plata Búsquedas relacionadas Software Software Engineer Python Software Engineer Management Modelo Services Engineer Security Product Engineering Quality Engineer Product Engineer Vuelve a tus resultados: [[backlinkLabel]] Desarrollador a Full Stack Semi Senior (Maipú) Maipú - Región Cuyo Importante empresa del sector [[upButtonMessage]] full time www.kitempleo.com.ar 19 ago 2026 Nos encontramos en la búsqueda de un a Desarrollador a Full Stack para sumarse al equipo de Sistemas, participando en proyectos de desarrollo de aplicaciones, automatización de procesos, análisis de datos y transformación digital. PRINCIPALES RESPONSABILIDADES .Desarrollar y mantener aplicaciones web internas. .Participar en proyectos de transformación digital. .Diseñar e implementar integraciones entre sistemas mediante APIs. .Automatizar procesos de negocio. .Diseñar, desarrollar y optimizar consultas SQL. .Construir reportes y tableros de gestión. .Analizar datos y generar indicadores para distintas áreas de la organización. .Investigar e implementar nuevas tecnologías que aporten valor al negocio. REQUISITOS EXCLUYENTO .HTML5. .CSS3. .JavaScript ES6. .React. .Node.js. .Express. .Diseño y consumo de APIs REST. .Manejo de autenticación y autorización. .SQL y bases de datos relacionales. REQUISITOS DESEABLES .Next.js. .TypeScript. .PostgreSQL. .Docker. .Git y GitHub. .Automatización de procesos mediante n8n o herramientas similares. .Desarrollo de Progressive Web Apps PWA. Integración con servicios Cloud. .Conocimientos de Inteligencia Artificial aplicada a procesos empresariales. .Experiencia integrando modelos LLM mediante APIs. COMPETENCIAS VALORADAS .Pensamiento analítico. .Resolución de problemas complejos. .Autonomía. .Proactividad. .Orientación a resultados. .Aprendizaje continuo. .Comunicación efectiva con usuarios no técnicos. .Capacidad para transformar necesidades de negocio en soluciones tecnológicas. Bolsa de trabajo Argentina ofrecemos puesto de Desarrollador a Full Stack para el sector de Compras Comercio Exterior de Maipú. Salario acorde a tu experiencia y al salario medio del sector. Actualiza ahora tu currículum vitae y postúlate a este empleo. Tipo de empleo Jornada completa. Ver más Ver menos [[downButtonMessage]] LinkedIn Twitter Facebook © 2026 Jobrapido | C.I.F: IT11876271005 Trabajos Empresas Condiciones del Servicio Política de Privacidad Ayuda Contacto",,https://ar.jobrapido.com/jobpreview/322801527842406400?redirectTo=https%253A%252F%252Fwww.kitempleo.com.ar%252Fempleo%252F52521916%252Fdesarrollador-a-full-stack-semi-senior-maipu&w=Python&p=4,Desarrollador Full Stack,jobrapido,2026-09-01T03:54:42.612267,,,,
8987601815038066688,Desarrollador/a Full Stack Provincia De Buenos Aires (Argentina),Tsoft,Capital Federal,"Jobrapido Publica una oferta Ayuda Empresas Entrar Inscríbete Profesión / Palabras clave Localidad Ofertas de trabajo para Full Stack en Departamento Federal Trabajos > Full Stack > Capital Federal Localidad Gran Buenos Aires Capital Federal Córdoba Santa Fé Neuquén Rosario Mendoza Rincón De Los Sauces Gba Sur Mar Del Plata Búsquedas relacionadas Software Software Engineer Python Software Engineer Management Modelo Services Engineer Security Product Engineering Quality Engineer Product Engineer Vuelve a tus resultados: [[backlinkLabel]] Desarrollador/a Full Stack Provincia De Buenos Aires (Argentina) Capital Federal - Provincia De Buenos Aires Tsoft [[upButtonMessage]] full time Publicado enwww.kitempleo.com.ar 10 ago 2026 En Tsoft buscamos incorporar un/a Desarrollador/a Full Stack Semi Senior para sumarse a un equipo de mantenimiento y evolución de aplicaciones del negocio Downstream, colaborando en el desarrollo de nuevas funcionalidades, mejoras continuas y soporte técnico de soluciones vinculadas a procesos logísticos y operativos. La persona seleccionada trabajará en una célula orientada al mantenimiento evolutivo de aplicaciones corporativas, participando en análisis técnico-funcional, construcción de soluciones, pruebas, despliegues y documentación técnica, con foco en calidad, estabilidad y mejora continua. Principales responsabilidades Analizar, diseñar y desarrollar soluciones a medida. Participar en el análisis técnico-funcional de requerimientos. Desarrollar nuevas funcionalidades y mejoras sobre aplicaciones existentes. Realizar pruebas unitarias y validaciones técnicas. Participar en despliegues y transporte de soluciones entre ambientes. Elaborar y mantener documentación técnica. Identificar posibilidades de mejora en calidad, rendimiento y mantenibilidad. Acompañar técnicamente los proyectos asignados y su integración con procesos logísticos. Colaborar con otras iniciativas de la célula según prioridades del negocio. Requisitos excluyentes Experiencia como Desarrollador/a Full Stack Semi Senior. Conocimientos en tecnologías Microsoft. Experiencia con .NET 5+ , SQL Server , Oracle , Azure DevOps Pipelines , Azure AD , OIDC , APIs REST , Web Services y Git . Capacidad para participar en análisis técnico-funcional, construcción de soluciones, pruebas unitarias y mejora continua de aplicaciones corporativas. Requisitos deseables Conocimientos en MongoDB , bases de datos NoSQL , Node.js , Python y diseño de arquitecturas de software . Interés en evolucionar técnicamente dentro de entornos corporativos complejos. Ver más Ver menos [[downButtonMessage]] LinkedIn Twitter Facebook © 2026 Jobrapido | C.I.F: IT11876271005 Trabajos Empresas Condiciones del Servicio Política de Privacidad Ayuda Contacto",,https://ar.jobrapido.com/jobpreview/8987601815038066688?redirectTo=https%253A%252F%252Fwww.kitempleo.com.ar%252Fempleo%252F52053331%252Fdesarrollador-a-full-stack-provincia-de-buenos-aires-argentina&w=Python&p=4,Desarrollador Full Stack,jobrapido,2026-09-01T03:54:42.612827,,,,
5921292033833566208,Desarrollador SSR Full-Stack (Buenos Aires),Taynes Consultores,Capital Federal,"Jobrapido Publica una oferta Ayuda Empresas Entrar Inscríbete Profesión / Palabras clave Localidad Ofertas de trabajo para Desarrollador SSR en Departamento Federal Trabajos > Desarrollador SSR > Capital Federal Localidad Gran Buenos Aires Capital Federal Córdoba Santa Fé Neuquén Rosario Mendoza Rincón De Los Sauces Gba Sur Mar Del Plata Búsquedas relacionadas Software Software Engineer Python Software Engineer Management Modelo Services Engineer Security Product Engineering Quality Engineer Product Engineer Vuelve a tus resultados: [[backlinkLabel]] Desarrollador SSR Full-Stack (Buenos Aires) Capital Federal - Provincia De Buenos Aires Taynes Consultores [[upButtonMessage]] full time Publicado enwww.kitempleo.com.ar 12 ago 2026 Software Factory, con experiencia en el desarrollo de sitios web y aplicaciones móviles, se encuentra en la búsqueda de un Desarrollador Ssr. Full-Stack. Requisitos: - 2 años mínimo de experiencia en la industria desarrollando software. - Estudiante de alguna carrera de grado de sistemas. - Conocimientos de PHP, MySQL, JS (Angular, React, Vue), GIT, Jira o similar. - Buen nivel de inglés escrito y oral (clientes de USA) Se ofrece: - Puesto efectivo - Horario de L a V de 9 a 18 hs - Home office 1 vez por semana - Osde - Semana adicional de vacaciones a los 3 años de antigüedad - Entorno de trabajo joven y ágil - Zona de trabajo: Belgrano Ver más Ver menos [[downButtonMessage]] LinkedIn Twitter Facebook © 2026 Jobrapido | C.I.F: IT11876271005 Trabajos Empresas Condiciones del Servicio Política de Privacidad Ayuda Contacto",,https://ar.jobrapido.com/jobpreview/5921292033833566208?redirectTo=https%253A%252F%252Fwww.kitempleo.com.ar%252Fempleo%252F52198981%252Fdesarrollador-ssr-full-stack-buenos-aires&w=Python&p=4,Desarrollador Full Stack,jobrapido,2026-09-01T03:54:42.613386,,,,
694266171167342592,Desarrollador Full Stack SSR (Buenos Aires),Neoris,Capital Federal,"Jobrapido Publica una oferta Ayuda Empresas Entrar Inscríbete Profesión / Palabras clave Localidad Ofertas de trabajo para Desarrollador Full en Departamento Federal Trabajos > Desarrollador Full > Capital Federal Localidad Gran Buenos Aires Capital Federal Córdoba Santa Fé Neuquén Rosario Mendoza Rincón De Los Sauces Gba Sur Mar Del Plata Búsquedas relacionadas Software Software Engineer Python Software Engineer Management Modelo Services Engineer Security Product Engineering Quality Engineer Product Engineer Vuelve a tus resultados: [[backlinkLabel]] Desarrollador Full Stack SSR (Buenos Aires) Capital Federal - Provincia De Buenos Aires Neoris [[upButtonMessage]] full time Publicado enwww.kitempleo.com.ar 28 ago 2026 Nos encontramos en la búsqueda de un/a Desarrollador Full Stack SSR (JavaScript/TypeScript & APIs) para sumarse a proyectos de transformación digital vinculados a plataformas de eCommerce y aplicaciones de alto tráfico. Buscamos profesionales con experiencia en desarrollo frontend y backend, sólidos conocimientos en JavaScript/TypeScript e integración de APIs, orientados a la construcción de soluciones escalables, mantenibles y de alto rendimiento en entornos ágiles. Responsibilities - Diseñar, desarrollar y mantener funcionalidades frontend y backend para aplicaciones y plataformas digitales - Participar en el diseño, desarrollo e integración de APIs y servicios bajo arquitecturas modernas - Colaborar con equipos multidisciplinarios para definir e implementar soluciones técnicas alineadas a las necesidades del negocio - Aplicar buenas prácticas de desarrollo, testing, control de versiones y calidad de código - Analizar y resolver incidentes, identificando oportunidades de mejora y optimización - Garantizar la escalabilidad, mantenibilidad y rendimiento de las aplicaciones - Participar activamente en ceremonias ágiles y procesos de planificación técnica - Contribuir a la evolución continua de los productos mediante desarrollos y mejoras funcionales Requirements - Experiencia comprobable en desarrollo Full Stack - Dominio avanzado de JavaScript y/o TypeScript - Experiencia sólida en diseño, desarrollo e integración de APIs (REST, gRPC u otros protocolos de comunicación) - Experiencia comprobable en desarrollo Frontend y Backend - Conocimientos de buenas prácticas de desarrollo, testing control de versiones y arquitectura de software - Experiencia trabajando bajo metodologías ágiles, preferentemente Scrum o Kanban Ver más Ver menos [[downButtonMessage]] LinkedIn Twitter Facebook © 2026 Jobrapido | C.I.F: IT11876271005 Trabajos Empresas Condiciones del Servicio Política de Privacidad Ayuda Contacto",,https://ar.jobrapido.com/jobpreview/694266171167342592?redirectTo=https%253A%252F%252Fwww.kitempleo.com.ar%252Fempleo%252F52810826%252Fdesarrollador-full-stack-ssr-buenos-aires&w=Python&p=4,Desarrollador Full Stack,jobrapido,2026-09-01T03:54:42.613944,,,,
6981067225482395648,Desarrollador/a Full Stack | IA & Data (Buenos Aires),Empresa líder,Capital Federal,"Jobrapido Publica una oferta Ayuda Empresas Entrar Inscríbete Profesión / Palabras clave Localidad Ofertas de trabajo para Full Stack en Departamento Federal Trabajos > Full Stack > Capital Federal Localidad Gran Buenos Aires Capital Federal Córdoba Santa Fé Neuquén Rosario Mendoza Rincón De Los Sauces Gba Sur Mar Del Plata Búsquedas relacionadas Software Software Engineer Python Software Engineer Management Modelo Services Engineer Security Product Engineering Quality Engineer Product Engineer Vuelve a tus resultados: [[backlinkLabel]] Desarrollador/a Full Stack | IA & Data (Buenos Aires) Capital Federal - Provincia De Buenos Aires Empresa líder [[upButtonMessage]] full time Publicado enwww.kitempleo.com.ar 26 ago 2026 Relevante Medio de comunicacion busca incorporar a nuestro equipo un/a Desarrollador/a Full Stack con interés y experiencia en Inteligencia Artificial y procesamiento de datos, para trabajar de manera hibrida. Buscamos un perfil técnico, curioso y resolutivo, que pueda participar en el desarrollo de nuevos productos y sistemas, trabajando tanto en backend como frontend, e incorporando nuevas tecnologías de IA, automatización y análisis de datos. Stack y conocimientos principales: - Go para desarrollo backend, servicios y APIs (Requerido) - Python para procesamiento de datos, automatización e Inteligencia Artificial (Valorado) - PostgreSQL (Requerido) • DuckDB para procesamiento y análisis eficiente de datos (Valorado) - HTML, CSS y Java Script (Requerido) - Desarrollo e integración de APIs REST (Requerido) - Git y Github (Requerido) - Linux Inteligencia Artificial (Requerido): - Conocimientos y experiencia trabajando con IA generativa - Integración de LLMs y APIs de Inteligencia Artificial - Desarrollo de aplicaciones y herramientas basadas en IA - Automatización de procesos utilizando IA - Manejo de grandes volúmenes de información para su utilización con modelos de IA - Se valorará experiencia con RAG, embeddings y bases de datos vectoriales Data & Big Data: - Procesamiento y análisis de grandes volúmenes de datos - ETL/ELT y construcción de pipelines de datos - Modelado y transformación de información - Experiencia con formatos como Parquet y JSON - Conocimientos de herramientas y conceptos de Data Engineering - Bases de datos SQL y NoSQL También valoramos conocimientos en: - Docker y contenedores - Cloud • CI/CD - Arquitectura de sistemas y microservicios - Seguridad y buenas prácticas de desarrollo Ver más Ver menos [[downButtonMessage]] LinkedIn Twitter Facebook © 2026 Jobrapido | C.I.F: IT11876271005 Trabajos Empresas Condiciones del Servicio Política de Privacidad Ayuda Contacto",,https://ar.jobrapido.com/jobpreview/6981067225482395648?redirectTo=https%253A%252F%252Fwww.kitempleo.com.ar%252Fempleo%252F52762193%252Fdesarrollador-a-full-stack-ia-data-buenos-aires&w=Python&p=4,Desarrollador Full Stack,jobrapido,2026-09-01T03:54:42.614503,,,,
4091445114570801152,Desarrollador/A Full Stack | Ia & Data (Buenos Aires),Reconocida empresa,Capital Federal,"Jobrapido Publica una oferta Ayuda Empresas Entrar Inscríbete Profesión / Palabras clave Localidad Ofertas de trabajo para Full Stack en Departamento Federal Trabajos > Full Stack > Capital Federal Localidad Gran Buenos Aires Capital Federal Córdoba Santa Fé Neuquén Rosario Mendoza Rincón De Los Sauces Gba Sur Mar Del Plata Búsquedas relacionadas Software Software Engineer Python Software Engineer Management Modelo Services Engineer Security Product Engineering Quality Engineer Product Engineer Vuelve a tus resultados: [[backlinkLabel]] Desarrollador/A Full Stack | Ia & Data (Buenos Aires) Capital Federal - Provincia De Buenos Aires Reconocida empresa [[upButtonMessage]] full time Publicado enwww.kitempleo.com.ar 26 ago 2026 Significativo Medio de comunicacion busca incorporar a nuestro equipo un/a Desarrollador/a Full Stack con interés y experiencia en Inteligencia Artificial y procesamiento de datos, para trabajar de manera hibrida.Buscamos un perfil técnico, curioso y resolutivo, que pueda participar en el desarrollo de nuevos productos y sistemas, trabajando tanto en backend como frontend, e incorporando nuevas tecnologías de IA, automatización y análisis de datos. Stack y conocimientos principales:- Go para desarrollo backend, servicios y APIs (Requerido)- Python para procesamiento de datos, automatización e Inteligencia Artificial (Valorado)- PostgreSQL (Requerido) - DuckDB para procesamiento y análisis eficiente de datos (Valorado)- HTML, CSS y JavaScript (Requerido)- Desarrollo e integración de APIs REST (Requerido)- Git y Github (Requerido)- Linux Inteligencia Artificial (Requerido):- Conocimientos y experiencia trabajando con IA generativa- Integración de LLMs y APIs de Inteligencia Artificial- Desarrollo de aplicaciones y herramientas basadas en IA- Automatización de procesos utilizando IA- Manejo de grandes volúmenes de información para su utilización con modelos de IA- Se valorará experiencia con RAG, embeddings y bases de datos vectoriales Data & Big Data: - Procesamiento y análisis de grandes volúmenes de datos - ETL/ELT y construcción de pipelines de datos - Modelado y transformación de información- Experiencia con formatos como Parquet y JSON - Conocimientos de herramientas y conceptos de Data Engineering - Bases de datos SQL y NoSQL También valoramos conocimientos en: - Docker y contenedores - Cloud - CI/CD - Arquitectura de sistemas y microservicios - Seguridad y buenas prácticas de desarrollo Ver más Ver menos [[downButtonMessage]] LinkedIn Twitter Facebook © 2026 Jobrapido | C.I.F: IT11876271005 Trabajos Empresas Condiciones del Servicio Política de Privacidad Ayuda Contacto",,https://ar.jobrapido.com/jobpreview/4091445114570801152?redirectTo=https%253A%252F%252Fwww.kitempleo.com.ar%252Fempleo%252F52760944%252Fdesarrollador-a-full-stack-ia-data-buenos-aires&w=Python&p=4,Desarrollador Full Stack,jobrapido,2026-09-01T03:54:42.615060,,,,
2151388458319347712,Desarrollador/a Full Stack | IA & Data (Buenos Aires),Importante empresa,Capital Federal,"Open or close the mobile menu Jobrapido Entrar Inscríbete Publica una oferta Ayuda Empresas Clear job input Profesión / Palabras clave Ofertas de trabajo para Full Stack en Departamento Federal ¿Qué trabajo estás buscando? Clear location input Localidad Búsqueda avanzada de empleo Relevancia Fecha [[distance.label]] [[d.text]] Close Localidad Gran Buenos Aires Capital Federal Córdoba Santa Fé Neuquén Rosario Mendoza Rincón De Los Sauces Gba Sur Mar Del Plata Búsquedas relacionadas Software Software Engineer Python Software Engineer Management Modelo Services Engineer Security Product Engineering Quality Engineer Product Engineer Vuelve a tus resultados: [[backlinkLabel]] Desarrollador/a Full Stack | IA & Data (Buenos Aires) Capital Federal - Provincia De Buenos Aires Importante empresa [[upButtonMessage]] full time www.kitempleo.com.ar 26 ago 2026 Relevante Medio de comunicacion busca incorporar a nuestro equipo un/a Desarrollador/a Full Stack con interés y experiencia en Inteligencia Artificial y procesamiento de datos, para trabajar de manera hibrida. Buscamos un perfil técnico, curioso y resolutivo, que pueda participar en el desarrollo de nuevos productos y sistemas, trabajando tanto en backend como frontend, e incorporando nuevas tecnologías de IA, automatización y análisis de datos. Stack y conocimientos principales: - Go para desarrollo backend, servicios y APIs (Requerido) - Python para procesamiento de datos, automatización e Inteligencia Artificial (Valorado) - PostgreSQL (Requerido) • DuckDB para procesamiento y análisis eficiente de datos (Valorado) - HTML, CSS y Java Script (Requerido) - Desarrollo e integración de APIs REST (Requerido) - Git y Github (Requerido) - Linux Inteligencia Artificial (Requerido): - Conocimientos y experiencia trabajando con IA generativa - Integración de LLMs y APIs de Inteligencia Artificial - Desarrollo de aplicaciones y herramientas basadas en IA - Automatización de procesos utilizando IA - Manejo de grandes volúmenes de información para su utilización con modelos de IA - Se valorará experiencia con RAG, embeddings y bases de datos vectoriales Data & Big Data: - Procesamiento y análisis de grandes volúmenes de datos - ETL/ELT y construcción de pipelines de datos - Modelado y transformación de información - Experiencia con formatos como Parquet y JSON - Conocimientos de herramientas y conceptos de Data Engineering - Bases de datos SQL y NoSQL También valoramos conocimientos en: - Docker y contenedores - Cloud • CI/CD - Arquitectura de sistemas y microservicios - Seguridad y buenas prácticas de desarrollo Ver más Ver menos [[downButtonMessage]] LinkedIn Twitter Facebook © 2026 Jobrapido | C.I.F: IT11876271005 Trabajos Empresas Condiciones del Servicio Política de Privacidad Ayuda Contacto",,https://ar.jobrapido.com/jobpreview/2151388458319347712?redirectTo=https%253A%252F%252Fwww.kitempleo.com.ar%252Fempleo%252F52762028%252Fdesarrollador-a-full-stack-ia-data-buenos-aires&w=Python&p=4,Desarrollador Full Stack,jobrapido,2026-09-01T03:54:42.615620,,,,
6886331104609959936,Desarrollador/a Full Stack | IA & Data (Buenos Aires),Empresa reconocida,Capital Federal,"Open or close the mobile menu Jobrapido Entrar Inscríbete Publica una oferta Ayuda Empresas Clear job input Profesión / Palabras clave Ofertas de trabajo para Full Stack en Departamento Federal ¿Qué trabajo estás buscando? Clear location input Localidad Búsqueda avanzada de empleo Relevancia Fecha [[distance.label]] [[d.text]] Close Localidad Gran Buenos Aires Capital Federal Córdoba Santa Fé Neuquén Rosario Mendoza Rincón De Los Sauces Gba Sur Mar Del Plata Búsquedas relacionadas Software Software Engineer Python Software Engineer Management Modelo Services Engineer Security Product Engineering Quality Engineer Product Engineer Vuelve a tus resultados: [[backlinkLabel]] Desarrollador/a Full Stack | IA & Data (Buenos Aires) Capital Federal - Provincia De Buenos Aires Empresa reconocida [[upButtonMessage]] full time www.kitempleo.com.ar 25 ago 2026 Importante Medio de comunicacion busca incorporar a nuestro equipo un/a Desarrollador/a Full Stack con interés y experiencia en Inteligencia Artificial y procesamiento de datos, para trabajar de manera hibrida. Buscamos un perfil técnico, curioso y resolutivo, que pueda participar en el desarrollo de nuevos productos y sistemas, trabajando tanto en backend como frontend, e incorporando nuevas tecnologías de IA, automatización y análisis de datos. Stack y conocimientos principales: - Go para desarrollo backend, servicios y APIs (Requerido) - Python para procesamiento de datos, automatización e Inteligencia Artificial (Valorado) - PostgreSQL (Requerido) • DuckDB para procesamiento y análisis optimizado de datos (Valorado) - HTML, CSS y JavaScript (Requerido) - Desarrollo e integración de APIs REST (Requerido) - Git y Github (Requerido) - Linux Inteligencia Artificial (Requerido): - Conocimientos y experiencia trabajando con IA generativa - Integración de LLMs y APIs de Inteligencia Artificial - Desarrollo de aplicaciones y herramientas basadas en IA - Automatización de procesos utilizando IA - Manejo de grandes volúmenes de información para su utilización con modelos de IA - Se valorará experiencia con RAG, embeddings y bases de datos vectoriales Data & Big Data: • Procesamiento y análisis de grandes volúmenes de datos • ETL/ELT y construcción de pipelines de datos • Modelado y transformación de información - Experiencia con formatos como Parquet y JSON • Conocimientos de herramientas y conceptos de Data Engineering • Bases de datos SQL y NoSQL También valoramos conocimientos en: • Docker y contenedores • Cloud • CI/CD • Arquitectura de sistemas y microservicios • Seguridad y buenas prácticas de desarrollo Ver más Ver menos [[downButtonMessage]] LinkedIn Twitter Facebook © 2026 Jobrapido | C.I.F: IT11876271005 Trabajos Empresas Condiciones del Servicio Política de Privacidad Ayuda Contacto",,https://ar.jobrapido.com/jobpreview/6886331104609959936?redirectTo=https%253A%252F%252Fwww.kitempleo.com.ar%252Fempleo%252F52730941%252Fdesarrollador-a-full-stack-ia-data-buenos-aires&w=Python&p=4,Desarrollador Full Stack,jobrapido,2026-09-01T03:54:42.616176,,,,
3271837811145179136,Desarrollador Full Stack Jr / Jr+ (Córdoba),Bellone Asociados,Córdoba,"Open or close the mobile menu Jobrapido Entrar Inscríbete Publica una oferta Ayuda Empresas Clear job input Profesión / Palabras clave Ofertas de trabajo para Desarrollador Full en Córdoba ¿Qué trabajo estás buscando? Clear location input Localidad Búsqueda avanzada de empleo Relevancia Fecha [[distance.label]] [[d.text]] Close Localidad Gran Buenos Aires Capital Federal Córdoba Santa Fé Neuquén Rosario Mendoza Rincón De Los Sauces Gba Sur Mar Del Plata Búsquedas relacionadas Software Software Engineer Python Software Engineer Management Modelo Services Engineer Security Product Engineering Quality Engineer Product Engineer Vuelve a tus resultados: [[backlinkLabel]] Desarrollador Full Stack Jr / Jr+ (Córdoba) Córdoba - Región Centro Bellone Asociados [[upButtonMessage]] full time www.kitempleo.com.ar 24 ago 2026 Nos encontramos en la búsqueda de un Desarrollador Full Stack Jr/Jr+ . Apuntamos a un perfil con solidez técnica inicial, gran proactividad y una excelente capacidad de aprendizaje continuo. Tu objetivo principal: Te integrarás activamente a proyectos reales de desarrollo web, trabajando en la integración de sistemas y la automatización de procesos para generar soluciones tecnológicas escalables y de alto impacto. Stack Técnico Requerido Backend: Node.js, Express.js y desarrollo de APIs REST (validación de datos, JWT e integración externa). Frontend: React.js (componentes, estados, consumo de APIs), JavaScript ES6+, HTML5, CSS3 y diseño responsivo. Bases de Datos: MySQL y PostgreSQL (consultas SQL, relaciones y modelado básico). Integración y Automatización: Consumo de APIs de terceros (JSON) y conexión/automatización de flujos entre plataformas. Control de Versiones: Git y GitHub (ramas, pull requests). Deseable (Suma puntos): Conocimientos básicos en Cloud & Deploy (Railway o GCP), manejo de variables de contexto y despliegue de aplicaciones. Tus principales desafíos Desarrollar, mantener y optimizar aplicaciones web y APIs. Integrar sistemas y conectar servicios externos para potenciar la infraestructura. Diagnosticar, proponer correcciones de errores y participar en el diseño de nuevas soluciones tecnológicas. Colaborar en el despliegue y monitoreo de aplicaciones en entornos cloud. Ver más Ver menos [[downButtonMessage]] LinkedIn Twitter Facebook © 2026 Jobrapido | C.I.F: IT11876271005 Trabajos Empresas Condiciones del Servicio Política de Privacidad Ayuda Contacto",,https://ar.jobrapido.com/jobpreview/3271837811145179136?redirectTo=https%253A%252F%252Fwww.kitempleo.com.ar%252Fempleo%252F52709228%252Fdesarrollador-full-stack-jr-jr-cordoba&w=Python&p=4,Desarrollador Full Stack,jobrapido,2026-09-01T03:54:42.616739,,,,
2630115408736157696,Desarrollador Full Stack SSR en Munro (Vicente López),YEL Solutions,Vicente López,"Open or close the mobile menu Jobrapido Entrar Inscríbete Publica una oferta Ayuda Empresas Clear job input Profesión / Palabras clave Ofertas de trabajo para Desarrollador Full en Vicente López ¿Qué trabajo estás buscando? Clear location input Localidad Búsqueda avanzada de empleo Relevancia Fecha [[distance.label]] [[d.text]] Close Localidad Gran Buenos Aires Capital Federal Córdoba Santa Fé Neuquén Rosario Mendoza Rincón De Los Sauces Gba Sur Mar Del Plata Búsquedas relacionadas Software Software Engineer Python Software Engineer Management Modelo Services Engineer Security Product Engineering Quality Engineer Product Engineer Vuelve a tus resultados: [[backlinkLabel]] Desarrollador Full Stack SSR en Munro (Vicente López) Vicente López - Provincia De Buenos Aires YEL Solutions [[upButtonMessage]] full time www.kitempleo.com.ar 16 ago 2026 En Yel buscamos un/a Desarrollador/a Full Stack Semi Senior, orientado a backend, para sumarse a un proyecto de construcción de una plataforma de interoperabilidad semántica en el ecosistema de salud. ¿Qué vas a hacer? Vas a trabajar sobre componentes ya definidos por un Arquitecto de Software / Sr Developer, implementando APIs, procesos batch, persistencia de datos, UI de curaduría, tests y documentación operativa. El diseño arquitectónico y funcional no corre por tu cuenta: tu foco es ejecutar con calidad, respetar contratos técnicos y trabajar con revisión técnica frecuente. Stack principal: - Python - FastAPI - Docker - PostgreSQL - Redis - Elasticsearch - React - TypeScript Deseable (no excluyente): - Docker Compose - APIs REST - SQL - Workers / procesamiento asincrónico - Almacenamiento tipo S3/MinIO - Nociones de búsqueda/IA - SNOMED, FHIR o Snowstorm (valorado, no obligatorio) Modalidad: Hibrido - Oficinas en Munro, Zona Norte Bs As. Seniority: SSR (o Junior avanzado con perfil backend) 🎁 Incentivos Yel - Plan de salud corporativo cerrado y exclusivo. Sin cargo para vos y grupo familiar directo. - Plataforma de beneficios y descuentos corporativos (Cursos y certificaciones, idiomas, gimnasios, gastronomía, indumentaria y otros) - Días libres adicionales - Obsequios por días especiales - Programa de referidos Ver más Ver menos [[downButtonMessage]] LinkedIn Twitter Facebook © 2026 Jobrapido | C.I.F: IT11876271005 Trabajos Empresas Condiciones del Servicio Política de Privacidad Ayuda Contacto",,https://ar.jobrapido.com/jobpreview/2630115408736157696?redirectTo=https%253A%252F%252Fwww.kitempleo.com.ar%252Fempleo%252F52367101%252Fdesarrollador-full-stack-ssr-en-munro-vicente-lopez&w=Python&p=4,Desarrollador Full Stack,jobrapido,2026-09-01T03:54:42.617347,,,,
6064593033549053952,Desarrollador Full Stack Senior (Buenos Aires),C&S informática,Capital Federal,"Jobrapido Publica una oferta Ayuda Empresas Entrar Inscríbete Profesión / Palabras clave Localidad Ofertas de trabajo para Desarrollador Full en Departamento Federal Trabajos > Desarrollador Full > Capital Federal Localidad Gran Buenos Aires Capital Federal Córdoba Santa Fé Neuquén Rosario Mendoza Rincón De Los Sauces Gba Sur Mar Del Plata Búsquedas relacionadas Software Software Engineer Python Software Engineer Management Modelo Services Engineer Security Product Engineering Quality Engineer Product Engineer Vuelve a tus resultados: [[backlinkLabel]] Desarrollador Full Stack Senior (Buenos Aires) Capital Federal - Provincia De Buenos Aires C&S informática [[upButtonMessage]] full time Publicado enwww.kitempleo.com.ar 11 ago 2026 Desarrollador Full Stack Senior (React + Java) Nos encontramos en la búsqueda de un/a Desarrollador Full Stack Senior para sumarse a un importante proyecto del sector bancario. Buscamos perfiles con fuerte experiencia en desarrollo Frontend utilizando React, sólidos conocimientos de Backend en Java y capacidad para participar activamente en el diseño e integración de soluciones tecnológicas de punta a punta. Modalidad Híbrida (40% presencial). Ubicación Parque Patricios, CABA. Se aceptan candidatos de otras provincias. Horario Lunes a viernes de 9 a 18 hs. Responsabilidades - Desarrollo de aplicaciones Frontend utilizando React. - Desarrollo e integración de servicios Backend en Java. - Diseño y desarrollo de APIs REST. - Integración entre sistemas y servicios. - Modelado y gestión de bases de datos. - Participación en definiciones de arquitectura. - Aplicación de buenas prácticas de desarrollo, testing y code review. - Trabajo participativo con equipos técnicos y áreas de negocio. - Participación activa en entornos ágiles. Requisitos excluyentes - Más de 5 años de experiencia en desarrollo de software. - Experiencia sólida con React. - Experiencia en desarrollo Backend con Java. - Diseño y desarrollo de APIs REST. - Integración entre sistemas. - Bases de datos Oracle, PostgreSQL o MongoDB. - Git. - Experiencia en arquitectura de aplicaciones. - Buenas prácticas de desarrollo (Clean Code, Testing, Code Review). - Experiencia trabajando con metodologías ágiles. Se valorará especialmente - Angular. - Node.js. - Arquitectura de microservicios. - Docker y Kubernetes. - Cloud (AWS, Azure o GCP). - CI/CD. - Observabilidad y monitoreo. - Experiencia en Inteligencia Artificial Generativa. - Integración con modelos LLM (OpenAI, Claude, entre otros). - Automatización de procesos mediante IA. - Prompt Engineering. Requerimientos Educación mínima: Universitario. Años de experiencia. Palabras clave: developer, programador, senior, sr. Ver más Ver menos [[downButtonMessage]] LinkedIn Twitter Facebook © 2026 Jobrapido | C.I.F: IT11876271005 Trabajos Empresas Condiciones del Servicio Política de Privacidad Ayuda Contacto",,https://ar.jobrapido.com/jobpreview/6064593033549053952?redirectTo=https%253A%252F%252Fwww.kitempleo.com.ar%252Fempleo%252F52084874%252Fdesarrollador-full-stack-senior-buenos-aires&w=Python&p=4,Desarrollador Full Stack,jobrapido,2026-09-01T03:54:42.617842,,,,
1763771319167483904,Desarrollador Senior y Jefe de desarrollo Full Stack .NET,Estudio Orbe,Capital Federal,"Jobrapido Publica una oferta Ayuda Empresas Entrar Inscríbete Profesión / Palabras clave Localidad Ofertas de trabajo para Desarrollador Senior en Departamento Federal Trabajos > Desarrollador Senior > Capital Federal Localidad Gran Buenos Aires Capital Federal Córdoba Santa Fé Neuquén Rosario Mendoza Rincón De Los Sauces Gba Sur Mar Del Plata Búsquedas relacionadas Software Software Engineer Python Software Engineer Management Modelo Services Engineer Security Product Engineering Quality Engineer Product Engineer Vuelve a tus resultados: [[backlinkLabel]] Desarrollador Senior y Jefe de desarrollo Full Stack .NET Capital Federal - Provincia De Buenos Aires Estudio Orbe [[upButtonMessage]] full time Publicado enwww.sherlockhr.com 27 jul 2026 Importante empresa de tecnología que se dedica a la implementación de Sistemas de gestión ubicada en CABA incorporará Desarrollador Senior y Jefe de desarrollo Full Stack .NET Buscamos un profesional con sólida experiencia en desarrollo de software para liderar técnicamente el equipo de desarrollo sin dejar de participar activamente en la programación. Será responsable de la ingeniería de software de punta a punta: arquitectura, desarrollo, planificación, ejecución y cumplimiento de los proyectos. con amplia experiencia en el desarrollo de soluciones Mobile, Web y Cloud, con capacidad para liderar proyectos, equipos de trabajo y guiar técnicamente el desarrollo de soluciones innovadoras. Responsabilidades Liderar técnica y funcionalmente al equipo de desarrollo. Participar activamente en el desarrollo de aplicaciones Web, Mobile y servicios utilizando tecnologías .NET. Diseñar y evolucionar la arquitectura de las aplicaciones, priorizando escalabilidad, rendimiento y mantenibilidad. Traducir requerimientos funcionales en soluciones técnicas. Planificar, priorizar y realizar el seguimiento del backlog y de las tareas del equipo. Coordinar proyectos y asegurar el cumplimiento de plazos y calidad de las entregas. Participar en tareas de debugging, optimización y desarrollo cuando sea necesario. Definir y mejorar procesos de desarrollo, versionado, testing y despliegues. Proporcionar liderazgo técnico y mentoría a otros desarrolladores. Requisitos Experiencia mínima de 5 años en desarrollo Full Stack .NET. Conocimientos sólidos en .NET Core, MVC, Blazor, MAUI, HTML, CSS, JavaScript. Experiencia en soluciones Cloud (Azure, AWS). Experiencia en gestión de proyectos y liderazgo de equipos. Familiaridad con bases de datos SQL Server (store procedures, triggers, funciones). Conocimientos con IIS e implementaciones OnPremise. Dominio de C#, .NET Framework y/o .NET Core. Experiencia desarrollando e integrando integrando sistemas mediante APIs, procesos batch o colas. Conocimientos de arquitectura de software y patrones de diseño. Manejo de Git. Si te interesa nuestra propuesta aguardamos tu postulación Ver más Ver menos [[downButtonMessage]] LinkedIn Twitter Facebook © 2026 Jobrapido | C.I.F: IT11876271005 Trabajos Empresas Condiciones del Servicio Política de Privacidad Ayuda Contacto",,https://ar.jobrapido.com/jobpreview/1763771319167483904?redirectTo=https%253A%252F%252Fgrupoorbe.pandape.computrabajo.com%252FDetail%252F13150825%253Fov%253D6%2526utm_source%253Djobrapido%2526utm_medium%253Dreferral%2526utm_campaign%253Dfeed%2526utm_term%253Dorganic%2526utm_content%253Dats&w=Python&p=4,Desarrollador Full Stack,jobrapido,2026-09-01T03:54:42.618318,,,,
5541165626883571712,Desarrollador Full Stack Ai & Automation Avellaneda (Argentina),Experis Argentina,Avellaneda,"Open or close the mobile menu Jobrapido Entrar Inscríbete Publica una oferta Ayuda Empresas Clear job input Profesión / Palabras clave Ofertas de trabajo para Desarrollador Full en Avellaneda ¿Qué trabajo estás buscando? Clear location input Localidad Búsqueda avanzada de empleo Relevancia Fecha [[distance.label]] [[d.text]] Close Localidad Gran Buenos Aires Capital Federal Córdoba Santa Fé Neuquén Rosario Mendoza Rincón De Los Sauces Gba Sur Mar Del Plata Búsquedas relacionadas Software Software Engineer Python Software Engineer Management Modelo Services Engineer Security Product Engineering Quality Engineer Product Engineer Vuelve a tus resultados: [[backlinkLabel]] Desarrollador Full Stack Ai & Automation Avellaneda (Argentina) Avellaneda - Provincia De Buenos Aires Experis Argentina [[upButtonMessage]] other www.kitempleo.com.ar 22 ago 2026 En Experis Argentina nos encontramos en la búsqueda de un Desarrollador Full Stack | AI & Automation para que pueda incorporarse en un proyecto de relevante cliente. Contratación bajo relación de dependencia con el cliente por tiempo indeterminado. Modalidad full time (09:00pm a 06:00pm) Híbrido (2 días presencial x 3 días de remoto) ¿Qué buscamos? +3 años de experiencia en desarrollo fullstack. Para el Backend: Lenguajes: JavaScript / TypeScript. Para el Frontend: frameworks actuales como Angular o React. Mobile: Conocimientos en React Native. Legacy: Conocimiento en Progress / OpenEdge y Crystal Reports (suman puntos) Sólidos conocimientos en programación estructurada, orientada a objetos y eventos Experiencia en arquitectura cliente/servidor y desarrollo de APIs REST Dominio avanzado de SQL Interés o experiencia en IA aplicada y automatización (n8n, LLMs) Valoramos especialmente Experiencia en Salud, Seguros o Fintech Responsabilidades principales Diseñar y desarrollar aplicaciones full stack y APIs REST Automatizar procesos utilizando herramientas como n8n y LLMs (Gemini, Claude, etc.) Trabajar con bases de datos SQL y optimizar consultas Participar en la evolución de sistemas hacia arquitecturas más modernas Colaborar con distintas áreas para transformar necesidades de negocio en soluciones tecnológicas Ventajas Prepaga Almuerzo pago los días de presencialidad En Experis Argentina promovemos una cultura inclusiva y diversa basada en el respeto y en la igualdad de oportunidades. Valorando los diferentes aportes de las personas sin importar su condición, raza, religión, etnia, nacionalidad, genero, orientación sexual, edad y discapacidad. No te dejes en engañar por publicaciones de avisos laborales falsos. Te damos algunas recomendaciones para corroborar la veracidad de nuestras búsquedas: ¡Si te interesa participar del proceso de selección no dudes en postularte! Required Skill Profession Other General Ver más Ver menos [[downButtonMessage]] LinkedIn Twitter Facebook © 2026 Jobrapido | C.I.F: IT11876271005 Trabajos Empresas Condiciones del Servicio Política de Privacidad Ayuda Contacto",,https://ar.jobrapido.com/jobpreview/5541165626883571712?redirectTo=https%253A%252F%252Fwww.kitempleo.com.ar%252Fempleo%252F52625305%252Fdesarrollador-full-stack-ai-automation-avellaneda-argentina&w=Python&p=4,Desarrollador Full Stack,jobrapido,2026-09-01T03:54:42.618797,,,,
5612202049497202688,Desarrollador Full Stack | AI & Automation (San Isidro),ManpowerGroup,San Isidro,"Jobrapido Publica una oferta Ayuda Empresas Entrar Inscríbete Profesión / Palabras clave Localidad Ofertas de trabajo para Desarrollador Full en San Isidro Trabajos > Desarrollador Full > San Isidro Localidad Gran Buenos Aires Capital Federal Córdoba Santa Fé Neuquén Rosario Mendoza Rincón De Los Sauces Gba Sur Mar Del Plata Búsquedas relacionadas Software Software Engineer Python Software Engineer Management Modelo Services Engineer Security Product Engineering Quality Engineer Product Engineer Vuelve a tus resultados: [[backlinkLabel]] Desarrollador Full Stack | AI & Automation (San Isidro) San Isidro - Provincia De Buenos Aires ManpowerGroup [[upButtonMessage]] other Publicado enwww.kitempleo.com.ar 16 ago 2026 En Experis Argentina nos encontramos en la búsqueda de un Desarrollador Full Stack | AI & Automation para que pueda incorporarse en un proyecto de importante cliente. Contratación bajo relación de dependencia con el cliente por tiempo indeterminado. Modalidad full time (09:00pm a 06:00pm) Híbrido (2 días presencial x 3 días de remoto) 🎯 ¿Qué buscamos? ✔ +3 años de experiencia en desarrollo fullstack. Para el Backend: Node.js. Lenguajes: JavaScript / TypeScript. Para el Frontend: frameworks modernos como Angular o React. Mobile: Conocimientos en React Native. Legacy: Conocimiento en Progress / OpenEdge y Crystal Reports (suman puntos) ✔ Sólidos conocimientos en programación estructurada, orientada a objetos y eventos ✔ Experiencia en arquitectura cliente/servidor y desarrollo de APIs REST ✔ Dominio avanzado de SQL ✔ Interés o experiencia en IA aplicada y automatización (n8n, LLMs) 🌟 Valoramos especialmente Experiencia en Salud, Seguros o Fintech 🔧 Responsabilidades principales Diseñar y desarrollar aplicaciones full stack y APIs REST Automatizar procesos utilizando herramientas como n8n y LLMs (Gemini, Claude, etc.) Trabajar con bases de datos SQL y optimizar consultas Participar en la evolución de sistemas hacia arquitecturas más modernas Colaborar con distintas áreas para transformar necesidades de negocio en soluciones tecnológicas Incentivos Prepaga Almuerzo pago los días de presencialidad En Experis Argentina promovemos una cultura inclusiva y diversa basada en el respeto y en la igualdad de oportunidades. Valorando los diferentes aportes de las personas sin importar su condición, raza, religión, etnia, nacionalidad, genero, orientación sexual, edad y discapacidad. No te dejes en engañar por publicaciones de avisos laborales falsos. Te damos algunas recomendaciones para corroborar la veracidad de nuestras búsquedas: https://bit.ly/Recomendaciones-Avisos-Laborales ¡Si te interesa participar del proceso de selección no dudes en postularte! Ver más Ver menos [[downButtonMessage]] LinkedIn Twitter Facebook © 2026 Jobrapido | C.I.F: IT11876271005 Trabajos Empresas Condiciones del Servicio Política de Privacidad Ayuda Contacto",,https://ar.jobrapido.com/jobpreview/5612202049497202688?redirectTo=https%253A%252F%252Fwww.kitempleo.com.ar%252Fempleo%252F52384789%252Fdesarrollador-full-stack-ai-automation-san-isidro&w=Python&p=4,Desarrollador Full Stack,jobrapido,2026-09-01T03:54:42.619268,,,,
8331430043133673472,Desarrollador Full Stack | AI & Automation (Avellaneda),Experis Argentina,Avellaneda,"Jobrapido Publica una oferta Ayuda Empresas Entrar Inscríbete Profesión / Palabras clave Localidad Ofertas de trabajo para Desarrollador Full en Avellaneda Trabajos > Desarrollador Full > Avellaneda Localidad Gran Buenos Aires Capital Federal Córdoba Santa Fé Neuquén Rosario Mendoza Rincón De Los Sauces Gba Sur Mar Del Plata Búsquedas relacionadas Software Software Engineer Python Software Engineer Management Modelo Services Engineer Security Product Engineering Quality Engineer Product Engineer Vuelve a tus resultados: [[backlinkLabel]] Desarrollador Full Stack | AI & Automation (Avellaneda) Avellaneda - Provincia De Buenos Aires Experis Argentina [[upButtonMessage]] other Publicado enwww.kitempleo.com.ar 13 ago 2026 En Experis Argentina nos encontramos en la búsqueda de un Desarrollador Full Stack | AI & Automation para que pueda incorporarse en un proyecto de significativo cliente. Contratación bajo relación de dependencia con el cliente por tiempo indeterminado. Modalidad full time (09:00pm a 06:00pm) Híbrido (2 días presencial x 3 días de remoto) ¿Qué buscamos? +3 años de experiencia en desarrollo fullstack. Para el Backend: Lenguajes: JavaScript / TypeScript. Para el Frontend: frameworks modernos como Angular o React. Mobile: Conocimientos en React Native. Legacy: Conocimiento en Progress / OpenEdge y Crystal Reports (suman puntos) Sólidos conocimientos en programación estructurada, orientada a objetos y eventos Experiencia en arquitectura cliente/servidor y desarrollo de APIs REST Dominio avanzado de SQL Interés o experiencia en IA aplicada y automatización (n8n, LLMs) Valoramos especialmente Experiencia en Salud, Seguros o Fintech Responsabilidades principales Diseñar y desarrollar aplicaciones full stack y APIs REST Automatizar procesos utilizando herramientas como n8n y LLMs (Gemini, Claude, etc.) Trabajar con bases de datos SQL y optimizar consultas Participar en la evolución de sistemas hacia arquitecturas más modernas Colaborar con distintas áreas para transformar necesidades de negocio en soluciones tecnológicas Beneficios Prepaga Almuerzo pago los días de presencialidad En Experis Argentina promovemos una cultura inclusiva y diversa basada en el respeto y en la igualdad de oportunidades. Valorando los diferentes aportes de las personas sin importar su condición, raza, religión, etnia, nacionalidad, genero, orientación sexual, edad y discapacidad. No te dejes en engañar por publicaciones de avisos laborales falsos. Te damos algunas recomendaciones para corroborar la veracidad de nuestras búsquedas: ¡Si te interesa participar del proceso de selección no dudes en postularte! Ver más Ver menos [[downButtonMessage]] LinkedIn Twitter Facebook © 2026 Jobrapido | C.I.F: IT11876271005 Trabajos Empresas Condiciones del Servicio Política de Privacidad Ayuda Contacto",,https://ar.jobrapido.com/jobpreview/8331430043133673472?redirectTo=https%253A%252F%252Fwww.kitempleo.com.ar%252Fempleo%252F52240386%252Fdesarrollador-full-stack-ai-automation-avellaneda&w=Python&p=4,Desarrollador Full Stack,jobrapido,2026-09-01T03:54:42.619744,,,,
1532492054741909504,Desarrollador Full Stack Junior (Presencial) (Córdoba),Julio Bellone y asociados,Córdoba,"Open or close the mobile menu Jobrapido Entrar Inscríbete Publica una oferta Ayuda Empresas Clear job input Profesión / Palabras clave Ofertas de trabajo para Desarrollador Full en Córdoba ¿Qué trabajo estás buscando? Clear location input Localidad Búsqueda avanzada de empleo Relevancia Fecha [[distance.label]] [[d.text]] Close Localidad Gran Buenos Aires Capital Federal Córdoba Santa Fé Neuquén Rosario Mendoza Rincón De Los Sauces Gba Sur Mar Del Plata Búsquedas relacionadas Software Software Engineer Python Software Engineer Management Modelo Services Engineer Security Product Engineering Quality Engineer Product Engineer Vuelve a tus resultados: [[backlinkLabel]] Desarrollador Full Stack Junior (Presencial) (Córdoba) Córdoba - Región Centro Julio Bellone y asociados [[upButtonMessage]] full time www.kitempleo.com.ar 28 ago 2026 Nos encontramos en la búsqueda de un Desarrollador Full Stack Junior para integrarse a un equipo dinámico, participando activamente en el desarrollo web, integración de sistemas, automatización de procesos (incluyendo IA) y el mantenimiento de nuestro ERP. Requisitos Técnicos - Backend: Node.js, Express.js, desarrollo de APIs REST, validación de datos y autenticación (JWT). - Frontend: React.js, consumo de APIs REST, manejo de estados y diseño de interfaces responsivas (HTML5, CSS3, JavaScript ES6+). - Bases de Datos: Experiencia en MySQL y PostgreSQL (creación/optimización de consultas SQL y modelado relacional). - Integraciones: Consumo de APIs de terceros, manejo de JSON y automatización de flujos de datos. - Control de Versiones: Git y GitHub (ramas y pull requests). - Cloud & Deploy (Deseable): Conocimientos en Railway o Google Cloud Platform (GCP), configuración de variables de ambiente y gestión básica de servidores. Tareas Principales - Desarrollo, mantenimiento y optimización de aplicaciones web y sistemas ERP. - Diseño y ejecución de automatizaciones con Inteligencia Artificial (API + Desarrollo). - Creación, mantenimiento e integración de APIs con sistemas externos. - Despliegue, monitoreo de aplicaciones en la nube y corrección de errores. - Participación activa en el análisis y diseño de nuevas soluciones tecnológicas. Ver más Ver menos [[downButtonMessage]] LinkedIn Twitter Facebook © 2026 Jobrapido | C.I.F: IT11876271005 Trabajos Empresas Condiciones del Servicio Política de Privacidad Ayuda Contacto",,https://ar.jobrapido.com/jobpreview/1532492054741909504?redirectTo=https%253A%252F%252Fwww.kitempleo.com.ar%252Fempleo%252F52811273%252Fdesarrollador-full-stack-junior-presencial-cordoba&w=Python&p=5,Desarrollador Full Stack,jobrapido,2026-09-01T03:57:24.091223,,,,
4668529564845080576,Desarrollador/A Full Stack - Semi Senior (Mendoza),Importante empresa del sector,Mendoza,"Open or close the mobile menu Jobrapido Entrar Inscríbete Publica una oferta Ayuda Empresas Clear job input Profesión / Palabras clave Ofertas de trabajo para Full Stack en Mendoza ¿Qué trabajo estás buscando? Clear location input Localidad Búsqueda avanzada de empleo Relevancia Fecha [[distance.label]] [[d.text]] Close Localidad Gran Buenos Aires Capital Federal Córdoba Santa Fé Neuquén Rosario Mendoza Rincón De Los Sauces Gba Sur Mar Del Plata Búsquedas relacionadas Software Software Engineer Python Software Engineer Management Modelo Services Engineer Security Product Engineering Quality Engineer Product Engineer Vuelve a tus resultados: [[backlinkLabel]] Desarrollador/A Full Stack - Semi Senior (Mendoza) Mendoza - Región Cuyo Importante empresa del sector [[upButtonMessage]] full time www.kitempleo.com.ar 27 ago 2026 Nos encontramos en la búsqueda de un/a Desarrollador/a Full Stack para sumarse al equipo de Sistemas, participando en proyectos de desarrollo de aplicaciones, automatización de procesos, análisis de datos y transformación digital. Principales responsabilidades: Desarrollar y mantener aplicaciones web internas. Participar en proyectos de transformación digital. Diseñar e implementar integraciones entre sistemas mediante APIs. Automatizar procesos de negocio. Diseñar, desarrollar y optimizar consultas SQL. Construir reportes y tableros de gestión. Analizar datos y generar indicadores para distintas áreas de la organización. Investigar e implementar nuevas tecnologías que aporten valor al negocio. Requisitos excluyentes: HTML5. CSS3. JavaScript (ES6+). React. Node.js. Express. Diseño y consumo de APIs REST. Manejo de autenticación y autorización. SQL y bases de datos relacionales. Requisitos deseables: Next.js. TypeScript. PostgreSQL. Docker. Git y GitHub. Automatización de procesos mediante n8n o herramientas similares. Desarrollo de Progressive Web Apps (PWA). Integración con servicios Cloud. Conocimientos de Inteligencia Artificial aplicada a procesos empresariales. Experiencia integrando modelos LLM mediante APIs. Competencias valoradas: Pensamiento analítico. Resolución de problemas complejos. Autonomía. Proactividad. Orientación a resultados. Aprendizaje continuo. Comunicación efectiva con usuarios no técnicos. Capacidad para transformar necesidades de negocio en soluciones tecnológicas. #J-*****-Ljbffr Ver más Ver menos [[downButtonMessage]] LinkedIn Twitter Facebook © 2026 Jobrapido | C.I.F: IT11876271005 Trabajos Empresas Condiciones del Servicio Política de Privacidad Ayuda Contacto",,https://ar.jobrapido.com/jobpreview/4668529564845080576?redirectTo=https%253A%252F%252Fwww.kitempleo.com.ar%252Fempleo%252F52798540%252Fdesarrollador-a-full-stack-semi-senior-mendoza&w=Python&p=5,Desarrollador Full Stack,jobrapido,2026-09-01T03:57:24.091763,,,,
5845657367693230080,Desarrollador Full Stack Junior (Presencial) (Córdoba),Bellone Asociados,Córdoba,"Open or close the mobile menu Jobrapido Entrar Inscríbete Publica una oferta Ayuda Empresas Clear job input Profesión / Palabras clave Ofertas de trabajo para Desarrollador Full en Córdoba ¿Qué trabajo estás buscando? Clear location input Localidad Búsqueda avanzada de empleo Relevancia Fecha [[distance.label]] [[d.text]] Close Localidad Gran Buenos Aires Capital Federal Córdoba Santa Fé Neuquén Rosario Mendoza Rincón De Los Sauces Gba Sur Mar Del Plata Búsquedas relacionadas Software Software Engineer Python Software Engineer Management Modelo Services Engineer Security Product Engineering Quality Engineer Product Engineer Vuelve a tus resultados: [[backlinkLabel]] Desarrollador Full Stack Junior (Presencial) (Córdoba) Córdoba - Región Centro Bellone Asociados [[upButtonMessage]] full time www.kitempleo.com.ar 27 ago 2026 Nos encontramos en la búsqueda de un Desarrollador Full Stack Junior para integrarse a un equipo ágil, participando activamente en el desarrollo web, integración de sistemas, automatización de procesos (incluyendo IA) y el mantenimiento de nuestro ERP. Requisitos Técnicos - Backend: Node.js, Express.js, desarrollo de APIs REST, validación de datos y autenticación (JWT). - Frontend: React.js, consumo de APIs REST, manejo de estados y diseño de interfaces responsivas (HTML5, CSS3, JavaScript ES6+). - Bases de Datos: Experiencia en MySQL y PostgreSQL (creación/optimización de consultas SQL y modelado relacional). - Integraciones: Consumo de APIs de terceros, manejo de JSON y automatización de flujos de datos. - Control de Versiones: Git y GitHub (ramas y pull requests). - Cloud & Deploy (Deseable): Conocimientos en Railway o Google Cloud Platform (GCP), configuración de variables de entorno y gestión básica de servidores. Tareas Principales - Desarrollo, mantenimiento y optimización de aplicaciones web y sistemas ERP. - Diseño y ejecución de automatizaciones con Inteligencia Artificial (API + Desarrollo). - Creación, mantenimiento e integración de APIs con sistemas externos. - Despliegue, monitoreo de aplicaciones en la nube y corrección de errores. - Participación activa en el análisis y diseño de nuevas soluciones tecnológicas. Ver más Ver menos [[downButtonMessage]] LinkedIn Twitter Facebook © 2026 Jobrapido | C.I.F: IT11876271005 Trabajos Empresas Condiciones del Servicio Política de Privacidad Ayuda Contacto",,https://ar.jobrapido.com/jobpreview/5845657367693230080?redirectTo=https%253A%252F%252Fwww.kitempleo.com.ar%252Fempleo%252F52775346%252Fdesarrollador-full-stack-junior-presencial-cordoba&w=Python&p=5,Desarrollador Full Stack,jobrapido,2026-09-01T03:57:24.092236,,,,
9160516287841959936,Desarrollador/a Full Stack Semi Senior Mendoza (Argentina),Importante empresa del sector,Mendoza,"Jobrapido Publica una oferta Ayuda Empresas Entrar Inscríbete Profesión / Palabras clave Localidad Ofertas de trabajo para Full Stack en Mendoza Trabajos > Full Stack > Mendoza Localidad Gran Buenos Aires Capital Federal Córdoba Santa Fé Neuquén Rosario Mendoza Rincón De Los Sauces Gba Sur Mar Del Plata Búsquedas relacionadas Software Software Engineer Python Software Engineer Management Modelo Services Engineer Security Product Engineering Quality Engineer Product Engineer Vuelve a tus resultados: [[backlinkLabel]] Desarrollador/a Full Stack Semi Senior Mendoza (Argentina) Mendoza - Región Cuyo Importante empresa del sector [[upButtonMessage]] full time Publicado enwww.kitempleo.com.ar 10 ago 2026 Nos encontramos en la búsqueda de un/a Desarrollador/a Full Stack para sumarse al equipo de Sistemas, participando en proyectos de desarrollo de aplicaciones, automatización de procesos, análisis de datos y transformación digital. Principales responsabilidades: Desarrollar y mantener aplicaciones web internas. Participar en proyectos de transformación digital. Diseñar e implementar integraciones entre sistemas mediante APIs. Automatizar procesos de negocio. Diseñar, desarrollar y optimizar consultas SQL. Construir reportes y tableros de gestión. Analizar datos y generar indicadores para distintas áreas de la organización. Investigar e implementar nuevas tecnologías que aporten valor al negocio. Requisitos excluyentes: HTML5. CSS3. JavaScript (ES6+). React. Node.js. Express. Diseño y consumo de APIs REST. Manejo de autenticación y autorización. SQL y bases de datos relacionales. Requisitos deseables: Next.js. TypeScript. PostgreSQL. Docker. Git y GitHub. Automatización de procesos mediante n8n o herramientas similares. Desarrollo de Progressive Web Apps (PWA). Integración con servicios Cloud. Conocimientos de Inteligencia Artificial aplicada a procesos empresariales. Experiencia integrando modelos LLM mediante APIs. Competencias valoradas: Pensamiento analítico. Resolución de problemas complejos. Autonomía. Proactividad. Orientación a resultados. Aprendizaje continuo. Comunicación efectiva con usuarios no técnicos. Capacidad para transformar necesidades de negocio en soluciones tecnológicas. J-*-Ljbffr Ver más Ver menos [[downButtonMessage]] LinkedIn Twitter Facebook © 2026 Jobrapido | C.I.F: IT11876271005 Trabajos Empresas Condiciones del Servicio Política de Privacidad Ayuda Contacto",,https://ar.jobrapido.com/jobpreview/9160516287841959936?redirectTo=https%253A%252F%252Fwww.kitempleo.com.ar%252Fempleo%252F52053373%252Fdesarrollador-a-full-stack-semi-senior-mendoza-argentina&w=Python&p=5,Desarrollador Full Stack,jobrapido,2026-09-01T03:57:24.092709,,,,
5906657448168521728,Desarrollador Full Stack Sr San Nicolás (Argentina),Ecosistemas,Capital Federal (San Nicolás),"Jobrapido Publica una oferta Ayuda Empresas Entrar Inscríbete Profesión / Palabras clave Localidad Ofertas de trabajo para Desarrollador Full en Capital Federal (San Nicolás) Trabajos > Desarrollador Full > Capital Federal (San Nicolás) Localidad Gran Buenos Aires Capital Federal Córdoba Santa Fé Neuquén Rosario Mendoza Rincón De Los Sauces Gba Sur Mar Del Plata Búsquedas relacionadas Software Software Engineer Python Software Engineer Management Modelo Services Engineer Security Product Engineering Quality Engineer Product Engineer Vuelve a tus resultados: [[backlinkLabel]] Desarrollador Full Stack Sr San Nicolás (Argentina) Capital Federal (San Nicolás) - Provincia De Buenos Aires Ecosistemas [[upButtonMessage]] full time Publicado enwww.kitempleo.com.ar 26 ago 2026 Somos Ecosistemas, una compañía integral de tecnología que conecta a nuestros clientes con soluciones a medida, integrales e creativas. Operamos en más de 15 países, incluyendo Argentina, Chile, Brasil, México, Estados Unidos y España. Queremos que seas parte de este gran equipo ¿Qué estamos buscando? Desarrollador Full Stack Sr, para unirse a nuestro equipo del cliente . Lugar de trabajo: CABA Modalidad: Híbrido Horario: De 9 a 18 hs Formación Académica: Título universitario en Ingeniería en Sistemas, Informática o carreras afines (Deseable) Inglés avanzado ( requerido) Habilidades técnicas: • Más de 4 años de experiencia en desarrollo full-stack con aplicaciones de producción • Experiencia con servicios de Azure (App Service, SQL Database, Key Vault, Blob Storage, Azure Kubernetes Service) • Sólido dominio de JavaScript/TypeScript, React.js y Node.js • Experiencia con Java y Spring para desarrollo backend • Sólida comprensión de SQL y experiencia con bases de datos relacionales (SQL Server, PostgreSQL) • Experiencia con diseño de API RESTful y arquitectura de microservicios • Familiaridad con plataformas en la nube, preferiblemente Microsoft Azure • Conocimiento de tecnologías de contenedorización (Docker, conceptos básicos de Kubernetes) • Experiencia con control de versiones de Git y prácticas de CI/CD Habilidades blandas: • Fuertes habilidades para resolver problemas con atención al detalle. • Excelentes habilidades de comunicación para interactuar con las partes interesadas del negocio. • Capacidad para trabajar de forma independiente y gestionar múltiples prioridades. • Mentalidad colaborativa con experiencia en metodologías ágiles Responsabilidades: .Desarrollo y mantenimiento de aplicaciones (60%) • Desarrollar, mantener y mejorar funciones para aplicaciones web utilizando React.js, Node.js y Java Script. • Diseñar e implementar API RESTful y microservicios siguiendo las mejores prácticas y estándares de seguridad. • Optimizar el rendimiento de las apl Ver más Ver menos [[downButtonMessage]] LinkedIn Twitter Facebook © 2026 Jobrapido | C.I.F: IT11876271005 Trabajos Empresas Condiciones del Servicio Política de Privacidad Ayuda Contacto",,https://ar.jobrapido.com/jobpreview/5906657448168521728?redirectTo=https%253A%252F%252Fwww.kitempleo.com.ar%252Fempleo%252F52756512%252Fdesarrollador-full-stack-sr-san-nicolas-argentina&w=Python&p=5,Desarrollador Full Stack,jobrapido,2026-09-01T03:57:24.093178,,,,
8408084334510080000,Desarrollador Full Stack Sr (San Nicolás),Ecosistemas,Capital Federal (San Nicolás),"Open or close the mobile menu Jobrapido Entrar Inscríbete Publica una oferta Ayuda Empresas Clear job input Profesión / Palabras clave Ofertas de trabajo para Desarrollador Full en Capital Federal (San Nicolás) ¿Qué trabajo estás buscando? Clear location input Localidad Búsqueda avanzada de empleo Relevancia Fecha [[distance.label]] [[d.text]] Close Localidad Gran Buenos Aires Capital Federal Córdoba Santa Fé Neuquén Rosario Mendoza Rincón De Los Sauces Gba Sur Mar Del Plata Búsquedas relacionadas Software Software Engineer Python Software Engineer Management Modelo Services Engineer Security Product Engineering Quality Engineer Product Engineer Vuelve a tus resultados: [[backlinkLabel]] Desarrollador Full Stack Sr (San Nicolás) Capital Federal (San Nicolás) - Provincia De Buenos Aires Ecosistemas [[upButtonMessage]] full time www.kitempleo.com.ar 24 ago 2026 Somos Ecosistemas, una compañía integral de tecnología que conecta a nuestros clientes con soluciones a medida, integrales e innovadoras. Operamos en más de 15 países, incluyendo Argentina, Chile, Brasil, México, Estados Unidos y España. Queremos que seas parte de este gran equipo ¿Qué estamos buscando? Desarrollador Full Stack Sr, para unirse a nuestro equipo del cliente . Lugar de trabajo: CABA Modalidad: Híbrido Horario: De 9 a 18 hs Formación Académica: - Título universitario en Ingeniería en Sistemas, Informática o carreras afines (Deseable) - Inglés avanzado ( requerido) Habilidades técnicas: • Más de 4 años de experiencia en desarrollo full-stack con aplicaciones de producción • Experiencia con servicios de Azure (App Service, SQL Database, Key Vault, Blob Storage, Azure Kubernetes Service) • Sólido dominio de JavaScript/TypeScript, React.js y Node.js • Experiencia con Java y Spring para desarrollo backend • Sólida comprensión de SQL y experiencia con bases de datos relacionales (SQL Server, PostgreSQL) • Experiencia con diseño de API RESTful y arquitectura de microservicios • Familiaridad con plataformas en la nube, preferiblemente Microsoft Azure • Conocimiento de tecnologías de contenedorización (Docker, conceptos básicos de Kubernetes) • Experiencia con control de versiones de Git y prácticas de CI/CD Habilidades blandas: • Fuertes habilidades para resolver problemas con atención al detalle. • Excelentes habilidades de comunicación para interactuar con las partes interesadas del negocio. • Capacidad para trabajar de forma independiente y gestionar múltiples prioridades. • Mentalidad colaborativa con experiencia en metodologías ágiles Responsabilidades: .Desarrollo y mantenimiento de aplicaciones (60%) • Desarrollar, mantener y mejorar funciones para aplicaciones web utilizando React.js, Node.js y Java Script. • Diseñar e implementar API RESTful y microservicios siguiendo las mejores prácticas y estándares de seguridad. • Optimizar el rendimiento de las apl Ver más Ver menos [[downButtonMessage]] LinkedIn Twitter Facebook © 2026 Jobrapido | C.I.F: IT11876271005 Trabajos Empresas Condiciones del Servicio Política de Privacidad Ayuda Contacto",,https://ar.jobrapido.com/jobpreview/8408084334510080000?redirectTo=https%253A%252F%252Fwww.kitempleo.com.ar%252Fempleo%252F52680847%252Fdesarrollador-full-stack-sr-san-nicolas&w=Python&p=5,Desarrollador Full Stack,jobrapido,2026-09-01T03:57:24.093651,,,,
2417711426064875520,Desarrollador/a Full Stack Semi Senior Buenos Aires,Seidor,Capital Federal,"Jobrapido Publica una oferta Ayuda Empresas Entrar Inscríbete Profesión / Palabras clave Localidad Ofertas de trabajo para Full Stack en Departamento Federal Trabajos > Full Stack > Capital Federal Localidad Gran Buenos Aires Capital Federal Córdoba Santa Fé Neuquén Rosario Mendoza Rincón De Los Sauces Gba Sur Mar Del Plata Búsquedas relacionadas Software Software Engineer Python Software Engineer Management Modelo Services Engineer Security Product Engineering Quality Engineer Product Engineer Vuelve a tus resultados: [[backlinkLabel]] Desarrollador/a Full Stack Semi Senior Buenos Aires Capital Federal - Provincia De Buenos Aires Seidor [[upButtonMessage]] full time Publicado enwww.kitempleo.com.ar 13 ago 2026 Sumate a nuestro equipo y descubrí un desafío único en una compañía apasionada por lo que hace Si estás buscando una posibilidad para desarrollarte en una empresa con un sobresaliente clima laboral, donde tu crecimiento y bienestar son nuestra prioridad, este es tu lugar Estamos en la búsqueda de un/a Desarrollador/a Full Stack Semi-Senior para unirse a nuestro equipo de Desarrollo y Soluciones de Negocio. ¿Quiénes somos? Somos una empresa multinacional líder en soluciones y servicios tecnológicos que potencian la agilidad y competitividad de nuestros clientes. Nuestro compromiso es hacer una diferencia real en sus procesos de negocio y en sus resultados. ¿Qué necesitamos? Experiencia: 3 a 5 años de experiencia previa en posiciones de desarrollo Full Stack (perfil Semi-Senior). Conocimientos técnicos requeridos: Sólidos conocimientos en Node.js, TypeScript, Angular, JavaScript, HTML/CSS, APIs REST, JSON, SQL y Git. Seguridad y DB: Manejo de bases de datos relacionales y vectoriales (principalmente SQL) y conceptos de autenticación/seguridad de APIs. Conocimiento funcional: Experiencia en soluciones vinculadas a compras, ventas, facturación, productos, órdenes, circuitos de aprobación o integraciones con ERP/CRM. Deseables: Experiencia en integraciones entre sistemas y uso/interés en herramientas de desarrollo asistido por IA Generativa (como Claude Code, GitHub Copilot o similares). Perfil cualificado: Que seas una persona metódica, organizada, con facilidad en la autogestión, iniciativa e innovación, proactividad y con gran vocación para el trabajo en equipo. ¿Cuáles van a ser algunas de tus responsabilidades? Desarrollar y mantener aplicaciones utilizando Node.js, TypeScript y Angular. Crear y consumir APIs REST y servicios web. Realizar integraciones con sistemas internos, plataformas externas y servicios de terceros. Trabajar con bases de datos relacionales y vectoriales (SQL). Integrar APIs y servicios de IA Generativa cuando los proyect Ver más Ver menos [[downButtonMessage]] LinkedIn Twitter Facebook © 2026 Jobrapido | C.I.F: IT11876271005 Trabajos Empresas Condiciones del Servicio Política de Privacidad Ayuda Contacto",,https://ar.jobrapido.com/jobpreview/2417711426064875520?redirectTo=https%253A%252F%252Fwww.kitempleo.com.ar%252Fempleo%252F52248494%252Fdesarrollador-a-full-stack-semi-senior-buenos-aires&w=Python&p=5,Desarrollador Full Stack,jobrapido,2026-09-01T03:57:24.094117,,,,
1116717041277992960,Desarrollador A Full Stack Python Vue Angular Monserrat,Multiled,Capital Federal (Montserrat),"Open or close the mobile menu Jobrapido Entrar Inscríbete Publica una oferta Ayuda Empresas Clear job input Profesión / Palabras clave Ofertas de trabajo para Desarrollador A en Capital Federal (Montserrat) ¿Qué trabajo estás buscando? Clear location input Localidad Búsqueda avanzada de empleo Relevancia Fecha [[distance.label]] [[d.text]] Close Localidad Gran Buenos Aires Capital Federal Córdoba Santa Fé Neuquén Rosario Mendoza Rincón De Los Sauces Gba Sur Mar Del Plata Búsquedas relacionadas Software Software Engineer Python Software Engineer Management Modelo Services Engineer Security Product Engineering Quality Engineer Product Engineer Vuelve a tus resultados: [[backlinkLabel]] Desarrollador A Full Stack Python Vue Angular Monserrat Capital Federal (Montserrat) - Provincia De Buenos Aires Multiled [[upButtonMessage]] full time www.kitempleo.com.ar 10 ago 2026 En Multiled estamos en la búsqueda de un a Programador a Full Stack con experiencia SemiSenior Senior para sumarse a nuestro equipo de tecnología. Tu misión principal será diseñar, desarrollar y mantener aplicaciones web internas que son fundamental para optimizar y escalar la operativa diaria de nuestra empresa. Si te apasiona resolver problemas complejos y crear herramientas eficientes desde cero, esta posibilidad es para vos Qué vas a hacer Desarrollar y mantener plataformas web de uso interno, participando en todo el ciclo de vida del software desde el diseño hasta el despliegue. Crear arquitecturas robustas y escalables en el backend utilizando Python. Desarrollar interfaces de usuario dinámicas, rápidas y amigables utilizando Vue.js y Angular. Diseñar, optimizar y gestionar bases de datos relacionales con SQL. Colaborar de cerca con los distintos sectores de la empresa para entender sus necesidades y traducirlas en soluciones tecnológicas. Requisitos excluyentes Experiencia comprobable desarrollando aplicaciones web mínimo de 3, 4 años en roles similares. Dominio sólido de Python para el desarrollo backend conocimientos en frameworks como flask. Resistente experiencia en el desarrollo frontend, trabajando activamente con Vue.js y Angular. Manejo avanzado de bases de datos relacionales y lenguaje SQL MySQL, SQL Server. Manejo de herramientas de control de versiones Git. Capacidad de autogestión, proactividad y buenas prácticas de código. Qué ofrecemos Modalidad de trabajo Híbrido. Un excelente clima laboral y la oportunidad de tener un impacto real en el crecimiento de la empresa, desarrollando herramientas que se usarán todos los días. Flexibilidad y autonomía para proponer nuevas tecnologías y soluciones. Cómo postularse Si cumplís con el perfil y querés sumarte a un proyecto desafiante, envianos tu CV actualizado y tu perfil de LinkedIn GitHub. Bolsa de trabajo Argentina ofrecemos puesto de Desarrollador a Full Stack para el sector de Ingenieria en la empresa Multiled de Monserrat. Salario acorde a tu experiencia y al salario medio del sector. Actualiza ahora tu currículum vitae y postúlate a este empleo. Tipo de empleo Jornada completa. Ver más Ver menos [[downButtonMessage]] LinkedIn Twitter Facebook © 2026 Jobrapido | C.I.F: IT11876271005 Trabajos Empresas Condiciones del Servicio Política de Privacidad Ayuda Contacto",,https://ar.jobrapido.com/jobpreview/1116717041277992960?redirectTo=https%253A%252F%252Fwww.kitempleo.com.ar%252Fempleo%252F52061093%252Fdesarrollador-a-full-stack-python-vue-angular-monserrat&w=Python&p=5,Desarrollador Full Stack,jobrapido,2026-09-01T03:57:24.094587,,,,
4580290458181173248,Desarrollador Full Stack (Java + React) Bilingue (Córdoba),Rekluti,Córdoba,"Open or close the mobile menu Jobrapido Entrar Inscríbete Publica una oferta Ayuda Empresas Clear job input Profesión / Palabras clave Ofertas de trabajo para Desarrollador Full en Córdoba ¿Qué trabajo estás buscando? Clear location input Localidad Búsqueda avanzada de empleo Relevancia Fecha [[distance.label]] [[d.text]] Close Localidad Gran Buenos Aires Capital Federal Córdoba Santa Fé Neuquén Rosario Mendoza Rincón De Los Sauces Gba Sur Mar Del Plata Búsquedas relacionadas Software Software Engineer Python Software Engineer Management Modelo Services Engineer Security Product Engineering Quality Engineer Product Engineer Vuelve a tus resultados: [[backlinkLabel]] Desarrollador Full Stack (Java + React) Bilingue (Córdoba) Córdoba - Región Centro Rekluti [[upButtonMessage]] full time www.kitempleo.com.ar 30 ago 2026 🧑‍💻 Desarrollador/a Fullstack Senior Bilingüe - AI Enabled (Proyecto USA) En Rekluti, consultora especializada en talento tecnológico en LATAM, buscamos un/a Desarrollador/a Full Stack Senior Bilingüe (Inglés B2/C1) con experiencia en el desarrollo de aplicaciones escalables, arquitecturas cloud-native e integración de capacidades de Inteligencia Artificial. Buscamos un profesional con 6+ años de experiencia, sólido dominio de Java y Spring/Spring Boot, experiencia en desarrollo frontend con React, servicios cloud sobre AWS y prácticas de DevOps, además de experiencia práctica integrando herramientas y soluciones basadas en IA. 💼 Principales responsabilidades - Diseñar, desarrollar y mantener aplicaciones Full Stack escalables utilizando Java, Spring y Spring Boot en backend y React JS / Next JS en frontend. - Diseñar e implementar APIs REST y SOAP para integración con sistemas internos y externos. - Desarrollar soluciones basadas en microservicios y contenedores utilizando Docker. - Implementar y administrar componentes serverless con AWS Lambda y trabajar con servicios como ECS, DynamoDB, S3, SNS y SQS. - Automatizar infraestructura utilizando AWS CloudFormation (IaC). - Implementar y mantener pipelines CI/CD con Azure DevOps. - Integrar funcionalidades basadas en IA/ML, LLMs, chatbots y automatización inteligente dentro de aplicaciones. - Utilizar herramientas de desarrollo asistido por IA como Claude Code y GitHub Copilot para generación de código, debugging, refactoring y documentación. - Colaborar con equipos de Producto, QA, DevOps y Arquitectura para transformar requerimientos de negocio en soluciones técnicas. - Participar en revisiones de código, pruebas unitarias, resolución de incidencias y mejora continua. - Participar en ceremonias de Agile/Scrum. 🛠️ Requisitos técnicos Backend - 6+ años de experiencia en desarrollo de software. - Dominio de Java 11/17/21+. - Experiencia sólida con Spring Framework y Spring Boot. - Desarrollo y consumo de APIs REST y SOAP. - Experiencia con arquitectura de microservicios. Frontend - Experiencia práctica con React JS. - Next JS es deseable. - Conocimientos de HTML5, CSS3, Bootstrap y JavaScript/TypeScript. - Conocimiento de diseño responsive. ☁️ Cloud & DevOps - Experiencia con AWS, especialmente Lambda, ECS, DynamoDB, S3, SNS y SQS. - Experiencia con AWS CloudFormation. - Experiencia gestionando pipelines CI/CD con Azure DevOps. - Manejo de Docker. - Kubernetes es deseable. 🤖 Inteligencia Artificial - Experiencia práctica integrando IA/ML o herramientas potenciadas por IA en aplicaciones. - Experiencia con LLM APIs, chatbots o automatización inteligente. - Manejo de herramientas de desarrollo asistido por IA como Claude Code y GitHub Copilot, o similares. - Conocimientos de prompt engineering. - Es deseable experiencia con LangChain, bases de datos vectoriales o arquitecturas RAG. 🗄️ Otros conocimientos - Experiencia con bases de datos relacionales y NoSQL. - Familiaridad con metodologías Agile/Scrum. - Excelentes habilidades de análisis, resolución de problemas y trabajo cooperativo. - Formación universitaria en Ciencias de la Computación, Ingeniería o carreras afines, o experiencia práctica equivalente. 🌎 Condiciones de la posición - Modalidad: 100% remoto. - Ubicación: LATAM. - Contratación: Contractor. - Pago: En USD. - Idioma: Inglés B2/C1. - Experiencia: 6+ años. Si eres un/a Full Stack Developer con experiencia en Java, React, AWS y tecnologías de IA y buscas un nuevo reto en un entorno internacional, ¡queremos conocerte! 🚀 Remote All done! Your application has been successfully submitted! View Remote Jobs You've already applied for this job We appreciate your interest in this position. Unfortunately, you have already applied for this job. Ver más Ver menos [[downButtonMessage]] LinkedIn Twitter Facebook © 2026 Jobrapido | C.I.F: IT11876271005 Trabajos Empresas Condiciones del Servicio Política de Privacidad Ayuda Contacto",,https://ar.jobrapido.com/jobpreview/4580290458181173248?redirectTo=https%253A%252F%252Fwww.kitempleo.com.ar%252Fempleo%252F52880426%252Fdesarrollador-full-stack-java-react-bilingue-cordoba&w=Python&p=5,Desarrollador Full Stack,jobrapido,2026-09-01T03:57:24.095053,,,,
7775650056576696320,Desarrollador Full Stack Senior (Buenos Aires),Worldsys,Capital Federal,"Open or close the mobile menu Jobrapido Entrar Inscríbete Publica una oferta Ayuda Empresas Clear job input Profesión / Palabras clave Ofertas de trabajo para Desarrollador Full en Departamento Federal ¿Qué trabajo estás buscando? Clear location input Localidad Búsqueda avanzada de empleo Relevancia Fecha [[distance.label]] [[d.text]] Close Localidad Gran Buenos Aires Capital Federal Córdoba Santa Fé Neuquén Rosario Mendoza Rincón De Los Sauces Gba Sur Mar Del Plata Búsquedas relacionadas Software Software Engineer Python Software Engineer Management Modelo Services Engineer Security Product Engineering Quality Engineer Product Engineer Vuelve a tus resultados: [[backlinkLabel]] Desarrollador Full Stack Senior (Buenos Aires) Capital Federal - Provincia De Buenos Aires Worldsys [[upButtonMessage]] full time www.kitempleo.com.ar 18 ago 2026 Descripción del puesto 😀 Sumate al #EquipoWorldsys. 🎯 ¿Qué buscamos? Buscamos un Desarrollador Full Stack Senior con perfil de Product Engineer: un cualificado que combina una sólida capacidad técnica —backend en Node.js y frontend en Angular— con una mirada de producto y de negocio. La particularidad del rol no radica únicamente en el stack, sino en su alcance: la persona asume la responsabilidad integral de una necesidad y la resuelve de extremo a extremo, integrando frontend y backend. Ante un requerimiento, se responsabiliza de su resolución completa: comprende el problema de negocio, diseña la solución e implementa tanto el frontend como el backend, con foco en el impacto sobre el producto. Asimismo, incorpora las herramientas de inteligencia artificial disponibles en el mercado (por ejemplo, Cursor, GitHub Copilot o Claude) para incrementar la velocidad y la eficiencia del desarrollo, sin resignar la calidad. 🚀 Responsabilidades - Diseñar, desarrollar y mantener funcionalidades de extremo a extremo, cubriendo backend (Node.js) y frontend (Angular). - Traducir las necesidades de negocio y de producto en soluciones técnicas, participando desde la definición hasta la entrega. - Desarrollar e integrar servicios RESTful dentro de una arquitectura de microservicios, y componentes de frontend reutilizables. - Asegurar calidad, seguridad y performance de las soluciones (buenas prácticas, pruebas, revisión de código). - Utilizar herramientas de inteligencia artificial para acelerar el desarrollo, manteniendo los estándares de calidad y mantenibilidad. - Participar en decisiones de arquitectura y colaborar con DevOps, QA y Seguridad. - Trabajar en entornos dockerizados y orquestados con Kubernetes. Requisitos 🛠 Requisitos Técnicos (excluyentes) - Experiencia avanzada en Node.js (mínimo 5 años) y ecosistema JavaScript/TypeScript. - Experiencia sólida en Angular (versión 16 o superior), HTML, CSS y TypeScript. - Sólidos conocimientos en diseño y desarrollo de APIs Ver más Ver menos [[downButtonMessage]] LinkedIn Twitter Facebook © 2026 Jobrapido | C.I.F: IT11876271005 Trabajos Empresas Condiciones del Servicio Política de Privacidad Ayuda Contacto",,https://ar.jobrapido.com/jobpreview/7775650056576696320?redirectTo=https%253A%252F%252Fwww.kitempleo.com.ar%252Fempleo%252F52444832%252Fdesarrollador-full-stack-senior-buenos-aires&w=Python&p=5,Desarrollador Full Stack,jobrapido,2026-09-01T03:57:24.095520,,,,
2450546193344757760,Desarrollador Java Full Stack (Senior) - (Remoto) | Ref....,Talent Connect,Capital Federal,"Jobrapido Publica una oferta Ayuda Empresas Entrar Inscríbete Profesión / Palabras clave Localidad Ofertas de trabajo para Desarrollador Java en Departamento Federal Trabajos > Desarrollador Java > Capital Federal Localidad Gran Buenos Aires Capital Federal Córdoba Santa Fé Neuquén Rosario Mendoza Rincón De Los Sauces Gba Sur Mar Del Plata Búsquedas relacionadas Software Software Engineer Python Software Engineer Management Modelo Services Engineer Security Product Engineering Quality Engineer Product Engineer Vuelve a tus resultados: [[backlinkLabel]] Desarrollador Java Full Stack (Senior) - (Remoto) | Ref.... Capital Federal - Provincia De Buenos Aires Talent Connect [[upButtonMessage]] full time Publicado enwww.kitempleo.com.ar 21 ago 2026 Desarrollador Java Full Stack (Senior) – Spring Boot / React.js / RESTful (Remoto) | Ref. ******** Argentina, Remoto Full-time ️ Inglés: Alto — C1/C2 (excluyente) | L–V 9:00 a 18:00 Misión Integrarte al equipo de desarrollo de software de una de las empresas tecnológicas líderes a nivel global, siendo responsable de la ejecución de actividades de desarrollo fullstack —backend y UI— contribuyendo a la entrega de calidad dentro de la cadencia del sprint, en un entorno ágil y de alto impacto. ✅ Responsabilidades Desarrollar componentes de aplicaciones backend utilizando Java / Spring Boot Desarrollar componentes de interfaz web utilizando React.js y otras tecnologías frontend aprobadas por el cliente Implementar lógica de negocio basada en historias de usuario aprobadas y criterios de aceptación Desarrollar e integrar APIs RESTful e integraciones de servicio a servicio (SOAP WS) Realizar pruebas unitarias y apoyar las actividades de pruebas de integración Participar en revisiones de código entre pares y responder a los comentarios recibidos Apoyar las actividades de resolución de defectos y refactorización dentro del alcance del sprint Participar en ceremonias ágiles: planificación de sprints, reviews y retrospectivas Escalar bloqueadores y dependencias al Tech Lead o Scrum Master Requisitos excluyentes Seniority Senior con experiencia sólida en desarrollo fullstack Java Dominio de Spring Boot y ecosistema Java enterprise Experiencia en desarrollo frontend con React.js Experiencia con PostgreSQL (modelado, consultas, optimización) Manejo de servicios RESTful y SOAP WS Conocimiento de Python (deseable o complementario) Experiencia en metodologías ágiles (Scrum/Kanban) Inglés alto — C1/C2 (excluyente): uso fluido en entornos laborales Proceso de selección Recruiting screen → Entrevista técnica → Entrevista con el cliente → Oferta Beneficios Entorno cooperativo y proyectos de alto impacto en industrias en auge Bonificación por conectividad ️ Reintegro Gym Crédito PedidosYa ️ Vacaciones según ley Obra social: Swiss Medical o OSDE Envía tu solicitud y únete a nosotros para crear impactantes soluciones tecnológicas. Para aplicar, seguí estos pasos: Enviá tu solicitud a través de nuestro portal. Completá tu perfil en talentconnect.ai . Participá en una entrevista inicial utilizando inteligencia artificial. Al completar estos pasos, estarás más cerca de unirte a nuestro equipo de expertos. Ver más Ver menos [[downButtonMessage]] LinkedIn Twitter Facebook © 2026 Jobrapido | C.I.F: IT11876271005 Trabajos Empresas Condiciones del Servicio Política de Privacidad Ayuda Contacto",,https://ar.jobrapido.com/jobpreview/2450546193344757760?redirectTo=https%253A%252F%252Fwww.kitempleo.com.ar%252Fempleo%252F52611671%252Fdesarrollador-java-full-stack-senior-remoto-ref-buenos-aires&w=Python&p=5,Desarrollador Full Stack,jobrapido,2026-09-01T03:57:24.095984,,,,
4929514953393569792,Desarrollador Java Full Stack (Buenos Aires),Talent Connect,Capital Federal,"Open or close the mobile menu Jobrapido Entrar Inscríbete Publica una oferta Ayuda Empresas Clear job input Profesión / Palabras clave Ofertas de trabajo para Desarrollador Java en Departamento Federal ¿Qué trabajo estás buscando? Clear location input Localidad Búsqueda avanzada de empleo Relevancia Fecha [[distance.label]] [[d.text]] Close Localidad Gran Buenos Aires Capital Federal Córdoba Santa Fé Neuquén Rosario Mendoza Rincón De Los Sauces Gba Sur Mar Del Plata Búsquedas relacionadas Software Software Engineer Python Software Engineer Management Modelo Services Engineer Security Product Engineering Quality Engineer Product Engineer Vuelve a tus resultados: [[backlinkLabel]] Desarrollador Java Full Stack (Buenos Aires) Capital Federal - Provincia De Buenos Aires Talent Connect [[upButtonMessage]] full time www.kitempleo.com.ar 12 ago 2026 Desarrollador Java Full Stack (Senior) – Spring Boot / React.js / RESTful (Remoto) | Ref. 191900-1 Argentina, Remoto Full-time ️ Inglés: Alto — C1/C2 (excluyente) | L–V 9:00 a 18:00 Misión Integrarte al equipo de desarrollo de software de una de las empresas tecnológicas líderes a nivel global, siendo responsable de la ejecución de actividades de desarrollo fullstack —backend y UI— contribuyendo a la entrega de calidad dentro de la cadencia del sprint, en un entorno ágil y de alto impacto. Responsabilidades - Desarrollar componentes de aplicaciones backend utilizando Java / Spring Boot - Desarrollar componentes de interfaz web utilizando React.js y otras tecnologías frontend aprobadas por el cliente - Implementar lógica de negocio basada en historias de usuario aprobadas y criterios de aceptación - Desarrollar e integrar APIs RESTful e integraciones de servicio a servicio (SOAP WS) - Realizar pruebas unitarias y apoyar las actividades de pruebas de integración - Participar en revisiones de código entre pares y responder a los comentarios recibidos - Apoyar las actividades de resolución de defectos y refactorización dentro del alcance del sprint - Participar en ceremonias ágiles: planificación de sprints, reviews y retrospectivas - Escalar bloqueadores y dependencias al Tech Lead o Scrum Master Requisitos excluyentes - Seniority Senior con experiencia sólida en desarrollo fullstack Java - Dominio de Spring Boot y ecosistema Java enterprise - Experiencia en desarrollo frontend con React.js - Experiencia con PostgreSQL (modelado, consultas, optimización) - Manejo de servicios RESTful y SOAP WS - Conocimiento de Python (deseable o complementario) - Experiencia en metodologías ágiles (Scrum/Kanban) - Inglés alto — C1/C2 (excluyente): uso fluido en entornos laborales Proceso de selección Recruiting screen Entrevista técnica Entrevista con el cliente Oferta Ventajas Entorno colaborativo y proyectos de alto impacto en industrias en auge Bonificación por conectividad Ver más Ver menos [[downButtonMessage]] LinkedIn Twitter Facebook © 2026 Jobrapido | C.I.F: IT11876271005 Trabajos Empresas Condiciones del Servicio Política de Privacidad Ayuda Contacto",,https://ar.jobrapido.com/jobpreview/4929514953393569792?redirectTo=https%253A%252F%252Fwww.kitempleo.com.ar%252Fempleo%252F52194718%252Fdesarrollador-java-full-stack-buenos-aires&w=Python&p=5,Desarrollador Full Stack,jobrapido,2026-09-01T03:57:24.096449,,,,
1995147031378657280,Desarrollador Full Stack Ssr Buenos Aires (Argentina),EPAM Systems,Capital Federal,"Open or close the mobile menu Jobrapido Entrar Inscríbete Publica una oferta Ayuda Empresas Clear job input Profesión / Palabras clave Ofertas de trabajo para Desarrollador Full en Departamento Federal ¿Qué trabajo estás buscando? Clear location input Localidad Búsqueda avanzada de empleo Relevancia Fecha [[distance.label]] [[d.text]] Close Localidad Gran Buenos Aires Capital Federal Córdoba Santa Fé Neuquén Rosario Mendoza Rincón De Los Sauces Gba Sur Mar Del Plata Búsquedas relacionadas Software Software Engineer Python Software Engineer Management Modelo Services Engineer Security Product Engineering Quality Engineer Product Engineer Vuelve a tus resultados: [[backlinkLabel]] Desarrollador Full Stack Ssr Buenos Aires (Argentina) Capital Federal - Provincia De Buenos Aires EPAM Systems [[upButtonMessage]] full time www.kitempleo.com.ar 27 ago 2026 Nos encontramos en la búsqueda de un/a Desarrollador Full Stack SSR (JavaScript/TypeScript & APIs)para sumarse a proyectos de transformación digital vinculados a plataformas de eCommerce y aplicaciones de alto tráfico. Buscamos profesionales con experiência en desarrollo frontend y backend, sólidos conocimientos en JavaScript/TypeScript e integración de APIs, orientados a la construcción de soluciones escalables, mantenibles y de alto rendimiento en entornos ágiles. EPAM NEORIS es un acelerador digital que acompaña a algunas de las compañías más importantes del mundo en sus desafíos de negocio y evolución tecnológica, combinando excelencia global en ingeniería con experiência regional y cercanía local. Con presencia en 11 países de Iberoamérica y más de 4.000 profesionales en la región, impulsamos una cultura diversa e inclusiva enfocada en la colaboración, el aprendizaje continuo y la innovación. Como parte de EPAM, una red global con más de 60.000 profesionales en más de 55 países, ayudamos a las organizaciones a escalar, modernizar y acelerar sus capacidades digitales a través de Cloud, Data & Analytics, Inteligencia Artificial, Ciberseguridad, Automatización Inteligente, Consultoría Estratégica e Ingeniería de Software. En EPAM NEORIS creemos que el crecimiento también se construye desde las personas. Por eso, promovemos un ambiente donde cada competente pueda desarrollarse, aportar nuevas ideas y participar en proyectos de impacto regional y general. Responsibilities Diseñar, desarrollar y mantener funcionalidades frontend y backend para aplicaciones y plataformas digitales Participar en el diseño, desarrollo e integración de APIs y servicios bajo arquitecturas modernas Colaborar con equipos multidisciplinarios para definir e implementar soluciones técnicas alineadas a las necesidades del negocio Aplicar buenas prácticas de desarrollo, testing, control de versiones y calidad de código Analizar y resolver incidentes, identificando oportunidades de Ver más Ver menos [[downButtonMessage]] LinkedIn Twitter Facebook © 2026 Jobrapido | C.I.F: IT11876271005 Trabajos Empresas Condiciones del Servicio Política de Privacidad Ayuda Contacto",,https://ar.jobrapido.com/jobpreview/1995147031378657280?redirectTo=https%253A%252F%252Fwww.kitempleo.com.ar%252Fempleo%252F52781292%252Fdesarrollador-full-stack-ssr-buenos-aires-argentina&w=Python&p=5,Desarrollador Full Stack,jobrapido,2026-09-01T03:57:24.096918,,,,
4841469824632619008,Desarrollador Full Stack Ssr (Buenos Aires),EPAM Systems,Capital Federal,"Jobrapido Publica una oferta Ayuda Empresas Entrar Inscríbete Profesión / Palabras clave Localidad Ofertas de trabajo para Desarrollador Full en Departamento Federal Trabajos > Desarrollador Full > Capital Federal Localidad Gran Buenos Aires Capital Federal Córdoba Santa Fé Neuquén Rosario Mendoza Rincón De Los Sauces Gba Sur Mar Del Plata Búsquedas relacionadas Software Software Engineer Python Software Engineer Management Modelo Services Engineer Security Product Engineering Quality Engineer Product Engineer Vuelve a tus resultados: [[backlinkLabel]] Desarrollador Full Stack Ssr (Buenos Aires) Capital Federal - Provincia De Buenos Aires EPAM Systems [[upButtonMessage]] full time Publicado enwww.kitempleo.com.ar 25 ago 2026 Nos encontramos en la búsqueda de un/a Desarrollador Full Stack SSR (JavaScript/TypeScript & APIs)para sumarse a proyectos de transformación digital vinculados a plataformas de eCommerce y aplicaciones de alto tráfico. Buscamos profesionales con experiência en desarrollo frontend y backend, sólidos conocimientos en JavaScript/TypeScript e integración de APIs, orientados a la construcción de soluciones escalables, mantenibles y de alto rendimiento en entornos ágiles. EPAM NEORIS es un acelerador digital que acompaña a algunas de las compañías más importantes del mundo en sus desafíos de negocio y evolución tecnológica, combinando excelencia global en ingeniería con experiência regional y cercanía local. Con presencia en 11 países de Iberoamérica y más de 4.000 profesionales en la región, impulsamos una cultura diversa e inclusiva enfocada en la colaboración, el aprendizaje continuo y la innovación. Como parte de EPAM, una red global con más de 60.000 profesionales en más de 55 países, ayudamos a las organizaciones a escalar, modernizar y acelerar sus capacidades digitales a través de Cloud, Data & Analytics, Inteligencia Artificial, Ciberseguridad, Automatización Inteligente, Consultoría Estratégica e Ingeniería de Software. En EPAM NEORIS creemos que el crecimiento también se construye desde las personas. Por eso, promovemos un entorno donde cada profesional pueda desarrollarse, aportar nuevas ideas y participar en proyectos de impacto regional y general. Responsibilities - Diseñar, desarrollar y mantener funcionalidades frontend y backend para aplicaciones y plataformas digitales - Participar en el diseño, desarrollo e integración de APIs y servicios bajo arquitecturas modernas - Colaborar con equipos multidisciplinarios para definir e implementar soluciones técnicas alineadas a las necesidades del negocio - Aplicar buenas prácticas de desarrollo, testing, control de versiones y calidad de código - Analizar y resolver incidentes, identificando oportunidades de Ver más Ver menos [[downButtonMessage]] LinkedIn Twitter Facebook © 2026 Jobrapido | C.I.F: IT11876271005 Trabajos Empresas Condiciones del Servicio Política de Privacidad Ayuda Contacto",,https://ar.jobrapido.com/jobpreview/4841469824632619008?redirectTo=https%253A%252F%252Fwww.kitempleo.com.ar%252Fempleo%252F52698205%252Fdesarrollador-full-stack-ssr-buenos-aires&w=Python&p=5,Desarrollador Full Stack,jobrapido,2026-09-01T03:57:24.097382,,,,
199454877464657920,Desarrollador Full Stack Mobile Ssr (Buenos Aires),EPAM Systems,Capital Federal,"Jobrapido Publica una oferta Ayuda Empresas Entrar Inscríbete Profesión / Palabras clave Localidad Ofertas de trabajo para Desarrollador Full en Departamento Federal Trabajos > Desarrollador Full > Capital Federal Localidad Gran Buenos Aires Capital Federal Córdoba Santa Fé Neuquén Rosario Mendoza Rincón De Los Sauces Gba Sur Mar Del Plata Búsquedas relacionadas Software Software Engineer Python Software Engineer Management Modelo Services Engineer Security Product Engineering Quality Engineer Product Engineer Vuelve a tus resultados: [[backlinkLabel]] Desarrollador Full Stack Mobile Ssr (Buenos Aires) Capital Federal - Provincia De Buenos Aires EPAM Systems [[upButtonMessage]] full time Publicado enwww.kitempleo.com.ar 25 ago 2026 Nos encontramos en la búsqueda de un/a Desarrollador Full Stack Mobile SSR (TypeScript,.NET y SQL) para sumarse a proyectos de transformación digital orientados al desarrollo y evolución de aplicaciones móviles de alto impacto para Android e iOS. Buscamos profesionales con experiência en tecnologías móviles híbridas, integración de servicios backend y desarrollo de soluciones escalables, participando activamente en todo el ciclo de vida del software bajo metodologías ágiles. EPAM NEORIS es un acelerador digital que acompaña a algunas de las compañías más importantes del mundo en sus desafíos de negocio y evolución tecnológica, combinando excelencia general en ingeniería con experiência regional y cercanía local. Con presencia en 11 países de Iberoamérica y más de 4.000 profesionales en la región, impulsamos una cultura diversa e inclusiva enfocada en la colaboración, el aprendizaje continuo y la innovación. Como parte de EPAM, una red global con más de 60.000 profesionales en más de 55 países, ayudamos a las organizaciones a escalar, modernizar y acelerar sus capacidades digitales a través de Cloud, Data & Analytics, Inteligencia Artificial, Ciberseguridad, Automatización Inteligente, Consultoría Estratégica e Ingeniería de Software. En EPAM NEORIS creemos que el crecimiento también se construye desde las personas. Por eso, promovemos un entorno donde cada profesional pueda desarrollarse, aportar nuevas ideas y participar en proyectos de impacto regional y global. Responsibilities - Diseñar, desarrollar y mantener aplicaciones móviles híbridas para plataformas Android e iOS - Implementar nuevas funcionalidades y optimizar aplicaciones existentes garantizando rendimiento y escalabilidad - Integrar aplicaciones móviles con APIs y servicios backend utilizando arquitecturas modernas - Participar en el diseño y desarrollo de componentes backend utilizando tecnologías.NET - Diseñar y ejecutar consultas SQL para validación, integración y gestión de datos - Colaborar co Ver más Ver menos [[downButtonMessage]] LinkedIn Twitter Facebook © 2026 Jobrapido | C.I.F: IT11876271005 Trabajos Empresas Condiciones del Servicio Política de Privacidad Ayuda Contacto",,https://ar.jobrapido.com/jobpreview/199454877464657920?redirectTo=https%253A%252F%252Fwww.kitempleo.com.ar%252Fempleo%252F52698015%252Fdesarrollador-full-stack-mobile-ssr-buenos-aires&w=Python&p=5,Desarrollador Full Stack,jobrapido,2026-09-01T03:57:24.097850,,,,
23774772139655168,Desarrollador Full Stack Ssr/Sr (Buenos Aires),Analytix Code Groove,Capital Federal,"Open or close the mobile menu Jobrapido Entrar Inscríbete Publica una oferta Ayuda Empresas Clear job input Profesión / Palabras clave Ofertas de trabajo para Desarrollador Full en Departamento Federal ¿Qué trabajo estás buscando? Clear location input Localidad Búsqueda avanzada de empleo Relevancia Fecha [[distance.label]] [[d.text]] Close Localidad Gran Buenos Aires Capital Federal Córdoba Santa Fé Neuquén Rosario Mendoza Rincón De Los Sauces Gba Sur Mar Del Plata Búsquedas relacionadas Software Software Engineer Python Software Engineer Management Modelo Services Engineer Security Product Engineering Quality Engineer Product Engineer Vuelve a tus resultados: [[backlinkLabel]] Desarrollador Full Stack Ssr/Sr (Buenos Aires) Capital Federal - Provincia De Buenos Aires Analytix Code Groove [[upButtonMessage]] full time www.kitempleo.com.ar 18 ago 2026 ¿Quiénes somos? Somos una compañía joven y en expansión, integrada por profesionales con experiencia y pasión por la tecnología. Combinamos lo último en tecnología con un enfoque simple y efectivo para transformar datos en soluciones sólidas y escalables. ¿Qué buscamos? Buscamos un Desarrollador Full Stack Ssr / Sr, con el peso del trabajo en back-end, para sumarse al equipo de nuestro cliente. Vas a participar en la evolución y el soporte del producto, atendiendo la demanda de nuevas funcionalidades y los incidentes del sistema en producción. Requisitos principales API REST / Web Services: desarrollo y mantenimiento. MySQL / SQL: consultas complejas, optimización y lectura/modificación de stored procedures. Funciones Lambda y servicios containerizados con Docker. AWS Step Functions, CloudWatch, S3, DynamoDB. React, HTML y CSS para el front-end. SQL, Python y C# como lenguajes de desarrollo. Prompting con herramientas de IA, con muy buen dominio (preferentemente Anthropic / Claude). Git y buenas prácticas de versionado de código. Experiencia en soporte de aplicaciones en producción. Deseable (no excluyente) Aurora MySQL y procesos ETL / ingestión de datos. Proyectos del sector salud o integraciones entre sistemas de terceros. Soft Skills Autonomía y proactividad. Trabajo en equipo y compromiso. Comunicación clara con el equipo de negocio. Capacidad para investigar y resolver incidentes. Relevamiento de requerimientos y propuesta de alternativas técnicas. ¿Qué ofrecemos? Modalidad mixta 3x2 (3 días presenciales / 2 días home office). Ubicación: Provincia de Buenos Aires, Zona Norte. Capacitaciones para potenciar tu desarrollo profesional. Proyectos reales en producción con impacto en el negocio. Adopción real de herramientas de IA. Un equipo colaborativo con foco en el crecimiento profesional. Ver más Ver menos [[downButtonMessage]] LinkedIn Twitter Facebook © 2026 Jobrapido | C.I.F: IT11876271005 Trabajos Empresas Condiciones del Servicio Política de Privacidad Ayuda Contacto",,https://ar.jobrapido.com/jobpreview/23774772139655168?redirectTo=https%253A%252F%252Fwww.kitempleo.com.ar%252Fempleo%252F52456790%252Fdesarrollador-full-stack-ssr-sr-buenos-aires&w=Python&p=5,Desarrollador Full Stack,jobrapido,2026-09-01T03:57:24.098311,,,,
1630668272619749376,Desarrollador/a Full Stack PHP Sr (Retiro),Solventa,Capital Federal (Retiro),"Open or close the mobile menu Jobrapido Entrar Inscríbete Publica una oferta Ayuda Empresas Clear job input Profesión / Palabras clave Ofertas de trabajo para Full Stack en Capital Federal (Retiro) ¿Qué trabajo estás buscando? Clear location input Localidad Búsqueda avanzada de empleo Relevancia Fecha [[distance.label]] [[d.text]] Close Localidad Gran Buenos Aires Capital Federal Córdoba Santa Fé Neuquén Rosario Mendoza Rincón De Los Sauces Gba Sur Mar Del Plata Búsquedas relacionadas Software Software Engineer Python Software Engineer Management Modelo Services Engineer Security Product Engineering Quality Engineer Product Engineer Vuelve a tus resultados: [[backlinkLabel]] Desarrollador/a Full Stack PHP Sr (Retiro) Capital Federal (Retiro) - Provincia De Buenos Aires Solventa [[upButtonMessage]] full time www.kitempleo.com.ar 16 ago 2026 ¡Estamos buscando un/a Desarrollador/a Full Stack PHP Sr! Sumate a una Fintech líder en préstamos online con presencia en Argentina, Colombia y Perú. Estamos creciendo y llevando nuestros productos al siguiente nivel con tecnologías de vanguardia, incluyendo implementación de inteligencia artificial (IA) en procesos clave. Si te entusiasman los desafíos, querés trabajar en proyectos que realmente agregan valor a tu experiencia y te motiva estar a la vanguardia tecnológica, ¡esta oportunidad es para vos! ¿Qué vas a hacer? Formarás parte de un equipo dinámico y ágil, donde tendrás voz, libertad para proponer soluciones y serás protagonista en: - El desarrollo de nuevas funcionalidades backend y frontend. - La integración con servicios externos y partners tecnológicos. - La participación en proyectos estratégicos y de impacto real en el negocio. Requisitos (excluyentes): - Experiencia sólida en desarrollo con PHP - Manejo de bases de datos relacionales: MySQL / MariaDB. - Conocimiento y uso de Git / GitHub para control de versiones. Se valorará experiencia en: - Frameworks: Laravel, CodeIgniter, React. - Desarrollo de APIs RESTful e integraciones. - Conocimientos en herramientas o librerías relacionadas con IA / machine learning (no excluyente). ¿Qué ofrecemos? - Contratación en relación de dependencia directa. - Prepaga OSDE 210. - Oficina moderna en CABA – Retiro. 100% presencial - Jornada laboral lunes a viernes de 9 a 18 ó 10 a 19 h - Acceso libre a pileta y gimnasio en el edificio. - Ambiente de trabajo abierto, horizontal y lleno de desafíos tecnológicos. ¿A quién buscamos? Una persona proactiva, curiosa, con mentalidad de crecimiento, apasionada por la tecnología y con ganas de trabajar en proyectos donde la innovación con IA ya es una realidad. ¿Querés sumarte? Envíanos tu CV o portfolio y empezá a escribir tu próximo gran capítulo competente con nosotros. Ver más Ver menos [[downButtonMessage]] LinkedIn Twitter Facebook © 2026 Jobrapido | C.I.F: IT11876271005 Trabajos Empresas Condiciones del Servicio Política de Privacidad Ayuda Contacto",,https://ar.jobrapido.com/jobpreview/1630668272619749376?redirectTo=https%253A%252F%252Fwww.kitempleo.com.ar%252Fempleo%252F52384779%252Fdesarrollador-a-full-stack-php-sr-retiro&w=Python&p=5,Desarrollador Full Stack,jobrapido,2026-09-01T03:57:24.098776,,,,
4698087821833928704,Desarrollador Full stack .Net (Provincia de Buenos Aires),Softtek,Capital Federal,"Open or close the mobile menu Jobrapido Entrar Inscríbete Publica una oferta Ayuda Empresas Clear job input Profesión / Palabras clave Ofertas de trabajo para Desarrollador Full en Departamento Federal ¿Qué trabajo estás buscando? Clear location input Localidad Búsqueda avanzada de empleo Relevancia Fecha [[distance.label]] [[d.text]] Close Localidad Gran Buenos Aires Capital Federal Córdoba Santa Fé Neuquén Rosario Mendoza Rincón De Los Sauces Gba Sur Mar Del Plata Búsquedas relacionadas Software Software Engineer Python Software Engineer Management Modelo Services Engineer Security Product Engineering Quality Engineer Product Engineer Vuelve a tus resultados: [[backlinkLabel]] Desarrollador Full stack .Net (Provincia de Buenos Aires) Capital Federal - Provincia De Buenos Aires Softtek [[upButtonMessage]] full time www.kitempleo.com.ar 16 ago 2026 En Softtek, cada día es una ocasión para construir un mejor futuro juntos. ¡Únete a un equipo donde el crecimiento no tiene límites! Sé parte de una cultura única con valores de confianza, reconocimiento, colaboración y crecimiento. Te invitamos a sumarte a #Softtek. Buscamos un Desarrollador Full stack .Net Ssr. Descripción del puesto - Estudiantes avanzados o graduados de las carreras de sistemas. - Desarrollo backend con .NET Core / ASP.NET Core - Desarrollo frontend con React, utilizando componentes reutilizables, integración con APIs y desarrollo de interfaces web responsivas. - Programación en JavaScript y/o TypeScript para aplicaciones web modernas. - Experiencia en SQL Server, modelado de datos, consultas SQL, procedimientos almacenados y optimización de rendimiento. - Manejo de Git para control de versiones, gestión de ramas, resolución de conflictos y trabajo colaborativo mediante Pull Requests. - Uso de Azure DevOps para gestión de requerimientos, seguimiento de tareas, administración de repositorios y control de entregas. - Experiencia en prácticas de CI/CD (Integración Continua y Despliegue Continuo), incluyendo diseño, implementación y mantenimiento de pipelines automatizados. - Experiencia en la integración y administración de Azure Pipelines para automatizar procesos de compilación, pruebas, validaciones de calidad y despliegues en distintos ambientes. - Aplicación de buenas prácticas de desarrollo, incluyendo principios SOLID, patrones de diseño y arquitecturas escalables. - Experiencia trabajando con metodologías ágiles (Scrum/Kanban) y equipos multidisciplinarios. - Conocimientos de pruebas de software, debugging y aseguramiento de la calidad del código. - Capacidad para analizar requerimientos técnicos, estimar esfuerzos y participar en todo el ciclo de vida de desarrollo de software. Responsabilidades - Resolución de tareas relacionadas al proyecto - Construcción y mantenimiento de APIs REST, lógica de negocio y arquitecturas escalables. Idiomas requeridos - Español Lugar de trabajo: Residentes en ARG Horario: Lunes a viernes de 9 a 18 hs. ¡Si crees que cumples con los requisitos y te interesa la oportunidad, postúlate! Ver más Ver menos [[downButtonMessage]] LinkedIn Twitter Facebook © 2026 Jobrapido | C.I.F: IT11876271005 Trabajos Empresas Condiciones del Servicio Política de Privacidad Ayuda Contacto",,https://ar.jobrapido.com/jobpreview/4698087821833928704?redirectTo=https%253A%252F%252Fwww.kitempleo.com.ar%252Fempleo%252F52400556%252Fdesarrollador-full-stack-net-provincia-de-buenos-aires&w=Python&p=5,Desarrollador Full Stack,jobrapido,2026-09-01T03:57:24.099240,,,,
693187636159840256,Desarrollador Full stack .Net (Buenos Aires),Softtek,Capital Federal,"Jobrapido Publica una oferta Ayuda Empresas Entrar Inscríbete Profesión / Palabras clave Localidad Ofertas de trabajo para Desarrollador Full en Departamento Federal Trabajos > Desarrollador Full > Capital Federal Localidad Gran Buenos Aires Capital Federal Córdoba Santa Fé Neuquén Rosario Mendoza Rincón De Los Sauces Gba Sur Mar Del Plata Búsquedas relacionadas Software Software Engineer Python Software Engineer Management Modelo Services Engineer Security Product Engineering Quality Engineer Product Engineer Vuelve a tus resultados: [[backlinkLabel]] Desarrollador Full stack .Net (Buenos Aires) Capital Federal - Provincia De Buenos Aires Softtek [[upButtonMessage]] full time Publicado enwww.kitempleo.com.ar 14 ago 2026 En Softtek, cada día es una oportunidad para construir un mejor futuro juntos. ¡Únete a un equipo donde el crecimiento no tiene límites! Sé parte de una cultura única con valores de confianza, reconocimiento, colaboración y crecimiento. Te invitamos a sumarte a #Softtek. Buscamos un Desarrollador Full stack .Net Ssr. Descripción del puesto - Estudiantes avanzados o graduados de las carreras de sistemas. - Desarrollo backend con .NET Core / ASP.NET Core - Desarrollo frontend con React, utilizando componentes reutilizables, integración con APIs y desarrollo de interfaces web responsivas. - Programación en JavaScript y/o TypeScript para aplicaciones web modernas. - Experiencia en SQL Server, modelado de datos, consultas SQL, procedimientos almacenados y optimización de rendimiento. - Manejo de Git para control de versiones, gestión de ramas, resolución de conflictos y trabajo cooperativo mediante Pull Requests. - Uso de Azure DevOps para gestión de requerimientos, seguimiento de tareas, administración de repositorios y control de entregas. - Experiencia en prácticas de CI/CD (Integración Continua y Despliegue Continuo), incluyendo diseño, implementación y mantenimiento de pipelines automatizados. - Experiencia en la integración y administración de Azure Pipelines para automatizar procesos de compilación, pruebas, validaciones de calidad y despliegues en distintos ambientes. - Aplicación de buenas prácticas de desarrollo, incluyendo principios SOLID, patrones de diseño y arquitecturas escalables. - Experiencia trabajando con metodologías ágiles (Scrum/Kanban) y equipos multidisciplinarios. - Conocimientos de pruebas de software, debugging y aseguramiento de la calidad del código. - Capacidad para analizar requerimientos técnicos, estimar esfuerzos y participar en todo el ciclo de vida de desarrollo de software. Responsabilidades - Resolución de tareas relacionadas al proyecto - Construcción y mantenimiento de APIs REST, lógica de negocio y arquitecturas escalables. Idiomas requeridos - Español Lugar de trabajo: Residentes en ARG Horario: Lunes a viernes de 9 a 18 hs. ¡Si crees que cumples con los requisitos y te interesa la oportunidad, postúlate! Ver más Ver menos [[downButtonMessage]] LinkedIn Twitter Facebook © 2026 Jobrapido | C.I.F: IT11876271005 Trabajos Empresas Condiciones del Servicio Política de Privacidad Ayuda Contacto",,https://ar.jobrapido.com/jobpreview/693187636159840256?redirectTo=https%253A%252F%252Fwww.kitempleo.com.ar%252Fempleo%252F52282737%252Fdesarrollador-full-stack-net-buenos-aires&w=Python&p=5,Desarrollador Full Stack,jobrapido,2026-09-01T03:57:24.099707,,,,
1082890755028025344,Desarrollador Full Stack: Automatización De Marketing Azure Buenos Aires (Argentina),OneInfo Consulting,Capital Federal,"Open or close the mobile menu Jobrapido Entrar Inscríbete Publica una oferta Ayuda Empresas Clear job input Profesión / Palabras clave Ofertas de trabajo para Desarrollador Full en Departamento Federal ¿Qué trabajo estás buscando? Clear location input Localidad Búsqueda avanzada de empleo Relevancia Fecha [[distance.label]] [[d.text]] Close Localidad Gran Buenos Aires Capital Federal Córdoba Santa Fé Neuquén Rosario Mendoza Rincón De Los Sauces Gba Sur Mar Del Plata Búsquedas relacionadas Software Software Engineer Python Software Engineer Management Modelo Services Engineer Security Product Engineering Quality Engineer Product Engineer Vuelve a tus resultados: [[backlinkLabel]] Desarrollador Full Stack: Automatización De Marketing Azure Buenos Aires (Argentina) Capital Federal - Provincia De Buenos Aires OneInfo Consulting [[upButtonMessage]] full time www.kitempleo.com.ar 28 ago 2026 OneInfo Consulting busca un Desarrollador Full Stack enfocado en automatización de marketing, integraciones de CRM y entornos cloud serverless para un proyecto de dos meses. El equipo de tecnología necesita quien implemente soluciones escalables y cooperativas. Se valorará experiencia en Mautic, Chatwoot y Azure, además de capacidades para trabajar en entornos ágiles y con bases de datos MySQL y PostgreSQL. J-*-Ljbffr Ver más Ver menos [[downButtonMessage]] LinkedIn Twitter Facebook © 2026 Jobrapido | C.I.F: IT11876271005 Trabajos Empresas Condiciones del Servicio Política de Privacidad Ayuda Contacto",,https://ar.jobrapido.com/jobpreview/1082890755028025344?redirectTo=https%253A%252F%252Fwww.kitempleo.com.ar%252Fempleo%252F52815345%252Fdesarrollador-full-stack-automatizacion-de-marketing-azure-buenos-aires-argentina&w=Python&p=5,Desarrollador Full Stack,jobrapido,2026-09-01T03:57:24.100174,,,,
7964806420656816128,Ingeniero de Datos,Kinetic Talent,Córdoba,,,https://open.app.jobrapido.com/ar/7964806420656816128/?w=ingeniero%20datos&l=&oc=sponsored&k=web.1.1.1&uuid=arF001a05bfb6348d294&page_item_id=966901923,Ingeniero de Datos,jobrapido,2026-09-01T03:59:57.604265,,,,
2678481129945694208,Ingeniero de datos,ThinkBig HR,Capital Federal,,,https://open.app.jobrapido.com/ar/2678481129945694208/?w=ingeniero%20datos&l=&oc=sponsored&k=web.1.1.2&uuid=arF001a05bfb6348d294&page_item_id=160526398,Ingeniero de Datos,jobrapido,2026-09-01T03:59:57.604812,,,,
1919221716211466240,Ingeniero de Datos,Bumeran Selecta,Capital Federal,,,https://open.app.jobrapido.com/ar/1919221716211466240/?w=ingeniero%20datos&l=&oc=sponsored&k=web.1.1.3&uuid=arF001a05bfb6348d294&page_item_id=-1247364115,Ingeniero de Datos,jobrapido,2026-09-01T03:59:57.605340,,,,
6907934394971848704,Ingeniero de Perforación: Impacto en Operaciones y Datos,Pan American Energy S.L.,Comodoro Rivadavia,,,https://open.app.jobrapido.com/ar/6907934394971848704/?w=ingeniero%20datos&l=&oc=sponsored&k=web.1.1.4&uuid=arF001a05bfb6348d294&page_item_id=1909991572,Ingeniero de Datos,jobrapido,2026-09-01T03:59:57.605874,,,,
2800355955160645632,Ingeniero de Datos Senior | Lidera Pipelines Lakehouse,Toyota Argentina S.A. Company,Zárate,,,https://open.app.jobrapido.com/ar/2800355955160645632/?w=ingeniero%20datos&l=&oc=sponsored&k=web.1.1.5&uuid=arF001a05bfb6348d294&page_item_id=-150306308,Ingeniero de Datos,jobrapido,2026-09-01T03:59:57.606402,,,,
54348754534268928,Ingeniero de Datos Senior: Lidera Pipelines Lakehouse,Toyota,Zárate,,,https://open.app.jobrapido.com/ar/54348754534268928/?w=ingeniero%20datos&l=&oc=sponsored&k=web.1.1.6&uuid=arF001a05bfb6348d294&page_item_id=-1712365462,Ingeniero de Datos,jobrapido,2026-09-01T03:59:57.606931,,,,
8390312051897008128,Ingeniero de Datos (SSR) – Python / SQL / Big Data / Lakehouse (Híbrido),Talent Connect,Capital Federal,,,https://open.app.jobrapido.com/ar/8390312051897008128/?w=ingeniero%20datos&l=&oc=sponsored&k=web.1.1.7&uuid=arF001a05bfb6348d294&page_item_id=2039338979,Ingeniero de Datos,jobrapido,2026-09-01T03:59:57.607464,,,,
7860069477025579008,Ingeniero de Datos (SR) – Informatica Cloud / Cloudera / Python (Híbrido),Talent Connect,Capital Federal,,,https://open.app.jobrapido.com/ar/7860069477025579008/?w=ingeniero%20datos&l=&oc=sponsored&k=web.1.1.8&uuid=arF001a05bfb6348d294&page_item_id=-454325739,Ingeniero de Datos,jobrapido,2026-09-01T03:59:57.608017,,,,
7906422533610536960,Ingeniero Senior de Datos e IA (Híbrido),MercadoLibre,Capital Federal,,,https://open.app.jobrapido.com/ar/7906422533610536960/?w=ingeniero%20datos&l=&oc=sponsored&k=web.1.1.9&uuid=arF001a05bfb6348d294&page_item_id=-1734108124,Ingeniero de Datos,jobrapido,2026-09-01T03:59:57.608549,,,,
8099565220046831616,"Ingeniero de Datos (SSR/SR) – SAP HANA / Cloudera / Apache NiFi (Híbrido, CABA)",Talent Connect,Capital Federal,,,https://open.app.jobrapido.com/ar/8099565220046831616/?w=ingeniero%20datos&l=&oc=sponsored&k=web.1.1.10&uuid=arF001a05bfb6348d294&page_item_id=749197818,Ingeniero de Datos,jobrapido,2026-09-01T03:59:57.609078,,,,
6768770582633775104,Ingeniero de Datos (AWS & Databricks) Bilingüe,Sofka,Capital Federal,,,https://open.app.jobrapido.com/ar/6768770582633775104/?w=ingeniero%20datos&l=&oc=sponsored&k=web.1.1.11&uuid=arF001a05bfb6348d294&page_item_id=-1837386802,Ingeniero de Datos,jobrapido,2026-09-01T03:59:57.609579,,,,
9158704704996245504,Ingeniero Geotécnico Senior – Minería LATAM (En terreno),Golder Associates Ltd.,Mendoza Capital,,,https://open.app.jobrapido.com/ar/9158704704996245504/?w=ingeniero%20datos&l=&oc=sponsored&k=web.1.1.12&uuid=arF001a05bfb6348d294&page_item_id=-1411985199,Ingeniero de Datos,jobrapido,2026-09-01T03:59:57.610075,,,,
3563648832812089344,Head of Data & Analytics,Quona Capital,Capital Federal,,,https://open.app.jobrapido.com/ar/3563648832812089344/?w=ingeniero%20datos&l=&oc=sponsored&k=web.1.1.14&uuid=arF001a05bfb6348d294&page_item_id=-1237343238,Ingeniero de Datos,jobrapido,2026-09-01T03:59:57.610718,,,,
9061839465755967488,Data Engineer (GCP & AWS),Nubiral,Capital Federal,,,https://open.app.jobrapido.com/ar/9061839465755967488/?w=ingeniero%20datos&l=&oc=sponsored&k=web.1.2.1&uuid=arF001a05bfcd3190169&page_item_id=-1404369574,Ingeniero de Datos,jobrapido,2026-09-01T04:01:31.831880,,,,
4441841964056313856,Principal Project Planner,Worley,Esquel,,,https://open.app.jobrapido.com/ar/4441841964056313856/?w=ingeniero%20datos&l=&oc=sponsored&k=web.1.2.2&uuid=arF001a05bfcd3190169&page_item_id=-817398903,Ingeniero de Datos,jobrapido,2026-09-01T04:01:31.832508,,,,
783557647897985024,Services Presales Engineer,BVS,Capital Federal,,,https://open.app.jobrapido.com/ar/783557647897985024/?w=ingeniero%20datos&l=&oc=sponsored&k=web.1.2.3&uuid=arF001a05bfcd3190169&page_item_id=-729823605,Ingeniero de Datos,jobrapido,2026-09-01T04:01:31.833073,,,,
2797322213601050624,Ingeniero de Integración de Sistemas,Siemens,Esquel,,,https://open.app.jobrapido.com/ar/2797322213601050624/?w=ingeniero%20datos&l=&oc=sponsored&k=web.1.2.4&uuid=arF001a05bfcd3190169&page_item_id=-948028614,Ingeniero de Datos,jobrapido,2026-09-01T04:01:31.833635,,,,
1878587889617469440,Cost Estimation & Control Specialist,Meitner Energy,Vicente López,,,https://open.app.jobrapido.com/ar/1878587889617469440/?w=ingeniero%20datos&l=&oc=sponsored&k=web.1.2.5&uuid=arF001a05bfcd3190169&page_item_id=-713691211,Ingeniero de Datos,jobrapido,2026-09-01T04:01:31.834190,,,,
6108413708696813568,Staff Software Engineer,Ualá,Esquel,,,https://open.app.jobrapido.com/ar/6108413708696813568/?w=ingeniero%20datos&l=&oc=sponsored&k=web.1.2.6&uuid=arF001a05bfcd3190169&page_item_id=-1515693656,Ingeniero de Datos,jobrapido,2026-09-01T04:01:31.834750,,,,
1523664299220795392,-Especialista de Soporte TI en Sitio con ingles,Servicio Latam COMX SAS,Capital Federal,,,https://open.app.jobrapido.com/ar/1523664299220795392/?w=ingeniero%20datos&l=&oc=sponsored&k=web.1.2.7&uuid=arF001a05bfcd3190169&page_item_id=767680828,Ingeniero de Datos,jobrapido,2026-09-01T04:01:31.835305,,,,
7629684802748153856,AWS Data Engineer — Scale Data Lakes & Pipelines,Nubiral,Capital Federal,,,https://open.app.jobrapido.com/ar/7629684802748153856/?w=ingeniero%20datos&l=&oc=sponsored&k=web.1.2.8&uuid=arF001a05bfcd3190169&page_item_id=17555557,Ingeniero de Datos,jobrapido,2026-09-01T04:01:31.835871,,,,
6085424020071645184,Data Architect: Lakehouse & Data Governance - Hybrid,Toyota Argentina S.A. Company,Zárate,,,https://open.app.jobrapido.com/ar/6085424020071645184/?w=ingeniero%20datos&l=&oc=sponsored&k=web.1.2.9&uuid=arF001a05bfcd3190169&page_item_id=410017338,Ingeniero de Datos,jobrapido,2026-09-01T04:01:31.836430,,,,
7858821926465044480,Ingeniero Geotécnico Senior - Minería LATAM (En terreno),Golder Associates Ltd.,Mendoza,,,https://open.app.jobrapido.com/ar/7858821926465044480/?w=ingeniero%20datos&l=&oc=sponsored&k=web.1.2.10&uuid=arF001a05bfcd3190169&page_item_id=-1396088182,Ingeniero de Datos,jobrapido,2026-09-01T04:01:31.836990,,,,
3888143353010716672,AI Engineer / Ingeniero de IA — Horario Flexible & Hybrid,Swiss Medical Group,Capital Federal,,,https://open.app.jobrapido.com/ar/3888143353010716672/?w=ingeniero%20datos&l=&oc=sponsored&k=web.1.2.11&uuid=arF001a05bfcd3190169&page_item_id=-1280082722,Ingeniero de Datos,jobrapido,2026-09-01T04:01:31.837529,,,,
1693275100360474624,Ingeniero de IA — Agentes de IA en la Nube (Remoto),ThinkBig HR,Capital Federal,,,https://open.app.jobrapido.com/ar/1693275100360474624/?w=ingeniero%20datos&l=&oc=sponsored&k=web.1.2.12&uuid=arF001a05bfcd3190169&page_item_id=544979117,Ingeniero de Datos,jobrapido,2026-09-01T04:01:31.838025,,,,
1137764992368508928,Ingeniero de Laboratorio de Análisis de Marcha y Movimiento,Fleni Centro Médico,Belén De Escobar,,,https://open.app.jobrapido.com/ar/1137764992368508928/?w=ingeniero%20datos&l=&oc=sponsored&k=web.1.2.13&uuid=arF001a05bfcd3190169&page_item_id=1151386774,Ingeniero de Datos,jobrapido,2026-09-01T04:01:31.838524,,,,
5801773109849620480,Ing. de Datos Senior,Toyota,Zárate,,,https://open.app.jobrapido.com/ar/5801773109849620480/?w=ingeniero%20datos&l=&oc=sponsored&k=web.1.2.14&uuid=arF001a05bfcd3190169&page_item_id=511278240,Ingeniero de Datos,jobrapido,2026-09-01T04:01:31.839016,,,,
7642649144351260672,Senior Data Analytics Translator - Platform & Dashboards,Toyota Argentina S.A. Company,Zárate,,,https://open.app.jobrapido.com/ar/7642649144351260672/?w=ingeniero%20datos&l=&oc=sponsored&k=web.1.3.0&uuid=arF001a05bfe3c2f0305&page_item_id=879396742,Ingeniero de Datos,jobrapido,2026-09-01T04:03:04.551257,,,,
2022746147625369600,Business Analytics Translator Senior,Toyota Argentina S.A. Company,Zárate,,,https://open.app.jobrapido.com/ar/2022746147625369600/?w=ingeniero%20datos&l=&oc=sponsored&k=web.1.3.1&uuid=arF001a05bfe3c2f0305&page_item_id=-1551647694,Ingeniero de Datos,jobrapido,2026-09-01T04:03:04.551817,,,,
4995942498141470720,Tecnólogo de Sistemas de Información,RAÍZEN ARGENTINA,Dock Sud,,,https://open.app.jobrapido.com/ar/4995942498141470720/?w=ingeniero%20datos&l=&oc=sponsored&k=web.1.3.2&uuid=arF001a05bfe3c2f0305&page_item_id=-1173220419,Ingeniero de Datos,jobrapido,2026-09-01T04:03:04.552300,,,,
8893564828942073856,Supervisión de Planta de Fluidos,Schlumberger Limited,Neuquén,,,https://open.app.jobrapido.com/ar/8893564828942073856/?w=ingeniero%20datos&l=&oc=sponsored&k=web.1.3.3&uuid=arF001a05bfe3c2f0305&page_item_id=576659365,Ingeniero de Datos,jobrapido,2026-09-01T04:03:04.552805,,,,
4816198374501908480,Ref. 21465: Proyectista Mecánico / Parque Industrial de Plátanos Prov. Bs As,ADN Recursos Humanos,Capital Federal,,,https://open.app.jobrapido.com/ar/4816198374501908480/?w=ingeniero%20datos&l=&oc=sponsored&k=web.1.3.4&uuid=arF001a05bfe3c2f0305&page_item_id=978038590,Ingeniero de Datos,jobrapido,2026-09-01T04:03:04.553289,,,,
3755863720413102080,Ingeniero/a de Proyectos ARMX (Agregados & Hormigones),Lafarge Africa Plc,Córdoba,,,https://open.app.jobrapido.com/ar/3755863720413102080/?w=ingeniero%20datos&l=&oc=sponsored&k=web.1.3.5&uuid=arF001a05bfe3c2f0305&page_item_id=-123687702,Ingeniero de Datos,jobrapido,2026-09-01T04:03:04.553776,,,,
5589959753901015040,Ingeniero/a de Proyectos RMX,Lafarge Africa Plc,Córdoba,,,https://open.app.jobrapido.com/ar/5589959753901015040/?w=ingeniero%20datos&l=&oc=sponsored&k=web.1.3.6&uuid=arF001a05bfe3c2f0305&page_item_id=814691750,Ingeniero de Datos,jobrapido,2026-09-01T04:03:04.554254,,,,
1642086013679435776,Field Service Supervisor - Supervisor de campo,HOERBIGER Automatisierungstechnik Holding GmbH,Neuquén,,,https://open.app.jobrapido.com/ar/1642086013679435776/?w=ingeniero%20datos&l=&oc=sponsored&k=web.1.3.7&uuid=arF001a05bfe3c2f0305&page_item_id=1765563006,Ingeniero de Datos,jobrapido,2026-09-01T04:03:04.554738,,,,
2226951656203878400,Supervisión de Planta de Fluidos,Onesubsea,Neuquén,,,https://open.app.jobrapido.com/ar/2226951656203878400/?w=ingeniero%20datos&l=&oc=sponsored&k=web.1.3.8&uuid=arF001a05bfe3c2f0305&page_item_id=99905599,Ingeniero de Datos,jobrapido,2026-09-01T04:03:04.555213,,,,
1112732050361679872,Analista Ssr de Business Intelligence,Natura,Capital Federal,,,https://open.app.jobrapido.com/ar/1112732050361679872/?w=ingeniero%20datos&l=&oc=sponsored&k=web.1.3.9&uuid=arF001a05bfe3c2f0305&page_item_id=440515910,Ingeniero de Datos,jobrapido,2026-09-01T04:03:04.555697,,,,
5477264708316692480,Supervisor de Planta de Lodos,Onesubsea,Neuquén,,,https://open.app.jobrapido.com/ar/5477264708316692480/?w=ingeniero%20datos&l=&oc=sponsored&k=web.1.3.10&uuid=arF001a05bfe3c2f0305&page_item_id=1102201453,Ingeniero de Datos,jobrapido,2026-09-01T04:03:04.556176,,,,
4104763584817397760,Ingeniero/a de Planificación Mina (Corto y Mediano Plazo),Vicuña,Albardón,,,https://open.app.jobrapido.com/ar/4104763584817397760/?w=ingeniero%20datos&l=&oc=sponsored&k=web.1.3.11&uuid=arF001a05bfe3c2f0305&page_item_id=979245104,Ingeniero de Datos,jobrapido,2026-09-01T04:03:04.556663,,,,
1499168743522041856,Mobile Equipment Reliability Engineer,SSR Mining Inc.,Remoto,,,https://open.app.jobrapido.com/ar/1499168743522041856/?w=ingeniero%20datos&l=&oc=sponsored&k=web.1.3.12&uuid=arF001a05bfe3c2f0305&page_item_id=-237329591,Ingeniero de Datos,jobrapido,2026-09-01T04:03:04.557145,,,,
7504034538071261184,Ingeniero/a de RTOC (Centro de Operaciones en Tiempo Real),Revsolz Corp,Neuquén,,,https://open.app.jobrapido.com/ar/7504034538071261184/?w=ingeniero%20datos&l=&oc=sponsored&k=web.1.3.13&uuid=arF001a05bfe3c2f0305&page_item_id=-1413571843,Ingeniero de Datos,jobrapido,2026-09-01T04:03:04.557629,,,,
6246299493386420224,Ingeniero/a de RTOC (Centro de Operaciones en Tiempo Real),Revsolz Corp,Capital Federal,,,https://open.app.jobrapido.com/ar/6246299493386420224/?w=ingeniero%20datos&l=&oc=sponsored&k=web.1.3.14&uuid=arF001a05bfe3c2f0305&page_item_id=-2019927341,Ingeniero de Datos,jobrapido,2026-09-01T04:03:04.558114,,,,
2351322432943423488,Ingeniero Agrónomo,EstudioIA: INNOVACION Y ARMONIA EN VÍNCULOS LABORALES,Rosario,,,https://open.app.jobrapido.com/ar/2351322432943423488/?w=ingeniero%20datos&l=&oc=sponsored&k=web.1.3.15&uuid=arF001a05bfe3c2f0305&page_item_id=2030298589,Ingeniero de Datos,jobrapido,2026-09-01T04:03:04.558602,,,,
2054451106578169856,Ingeniero/a en Sistemas,Adecoagro,Mercedes,,,https://open.app.jobrapido.com/ar/2054451106578169856/?w=ingeniero%20datos&l=&oc=sponsored&k=web.1.3.16&uuid=arF001a05bfe3c2f0305&page_item_id=899132624,Ingeniero de Datos,jobrapido,2026-09-01T04:03:04.559082,,,,
904848228711661568,Ingeniería de Ciberseguridad (Security Engineer) Nivel 1.5,Pacifica Continental,Capital Federal,,,https://open.app.jobrapido.com/ar/904848228711661568/?w=ingeniero%20datos&l=&oc=sponsored&k=web.1.3.17&uuid=arF001a05bfe3c2f0305&page_item_id=-1993341463,Ingeniero de Datos,jobrapido,2026-09-01T04:03:04.559568,,,,
5146949768697610240,Head of Data & Analytics,Global66,Capital Federal,,,https://open.app.jobrapido.com/ar/5146949768697610240/?w=ingeniero%20datos&l=&oc=sponsored&k=web.1.3.18&uuid=arF001a05bfe3c2f0305&page_item_id=1556526854,Ingeniero de Datos,jobrapido,2026-09-01T04:03:04.560047,,,,
3913080001850769408,Devops (Migracion Librerias Nube),Agnostic,Capital Federal,,,https://open.app.jobrapido.com/ar/3913080001850769408/?w=ingeniero%20datos&l=&oc=sponsored&k=web.1.3.19&uuid=arF001a05bfe3c2f0305&page_item_id=2145751872,Ingeniero de Datos,jobrapido,2026-09-01T04:03:04.560527,,,,
3047596417569783808,AI Engineer,Experis Argentina,Remoto,,,https://open.app.jobrapido.com/ar/3047596417569783808/?w=ingeniero%20datos&l=&oc=sponsored&k=web.1.4.0&uuid=arF001a05c00409d050f&page_item_id=-584185593,Ingeniero de Datos,jobrapido,2026-09-01T04:05:16.791965,,,,
1221942846676795392,Ingeniero/a de Perforación - Comodoro Rivadavia,Pan American Energy,Capital Federal,,,https://open.app.jobrapido.com/ar/1221942846676795392/?w=ingeniero%20datos&l=&oc=sponsored&k=web.1.4.1&uuid=arF001a05c00409d050f&page_item_id=441417634,Ingeniero de Datos,jobrapido,2026-09-01T04:05:16.792521,,,,
6214211346041405440,Consultor / Consultora Oracle DBA,Oracle,Capital Federal,,,https://open.app.jobrapido.com/ar/6214211346041405440/?w=ingeniero%20datos&l=&oc=sponsored&k=web.1.4.2&uuid=arF001a05c00409d050f&page_item_id=-860237194,Ingeniero de Datos,jobrapido,2026-09-01T04:05:16.793008,,,,
7934647753009790976,Ingeniero Cloud,Agnostic,Capital Federal,,,https://open.app.jobrapido.com/ar/7934647753009790976/?w=ingeniero%20datos&l=&oc=sponsored&k=web.1.4.3&uuid=arF001a05c00409d050f&page_item_id=-453727380,Ingeniero de Datos,jobrapido,2026-09-01T04:05:16.793490,,,,
5626904856422776832,Ayudante Desarrollo - Pergamino (Temporal 6 meses),Syngenta Crop Protection,Pergamino,,,https://open.app.jobrapido.com/ar/5626904856422776832/?w=ingeniero%20datos&l=&oc=sponsored&k=web.1.4.4&uuid=arF001a05c00409d050f&page_item_id=-74199687,Ingeniero de Datos,jobrapido,2026-09-01T04:05:16.793975,,,,
4761727056633397248,Ayudante de Desarrollo – Alta Gracia (Temporal 6 meses),Syngenta Crop Protection,Alta Gracia,,,https://open.app.jobrapido.com/ar/4761727056633397248/?w=ingeniero%20datos&l=&oc=sponsored&k=web.1.4.5&uuid=arF001a05c00409d050f&page_item_id=-199471826,Ingeniero de Datos,jobrapido,2026-09-01T04:05:16.794463,,,,
3707531800596185088,Ayúdante de Desarrollo - Rio Cuarto (Temporal 6 meses),Syngenta Crop Protection,Río Cuarto,,,https://open.app.jobrapido.com/ar/3707531800596185088/?w=ingeniero%20datos&l=&oc=sponsored&k=web.1.4.6&uuid=arF001a05c00409d050f&page_item_id=1206624838,Ingeniero de Datos,jobrapido,2026-09-01T04:05:16.794954,,,,
1578935580517990400,Supervisor (Rosario) de Instalación de Puntos de Monitoreo de Videovigilancia Urbana,NEC Argentina S.A.,Capital Federal,,,https://open.app.jobrapido.com/ar/1578935580517990400/?w=ingeniero%20datos&l=&oc=sponsored&k=web.1.4.7&uuid=arF001a05c00409d050f&page_item_id=-1476507227,Ingeniero de Datos,jobrapido,2026-09-01T04:05:16.795442,,,,
5115921000805957632,Ingeniero de campo JR (Bariloche),Experis Argentina,Capital Federal (Retiro),,,https://open.app.jobrapido.com/ar/5115921000805957632/?w=ingeniero%20datos&l=&oc=sponsored&k=web.1.4.8&uuid=arF001a05c00409d050f&page_item_id=1905795330,Ingeniero de Datos,jobrapido,2026-09-01T04:05:16.795929,,,,
9168756388757766144,INGENIEROS/AS DE PERFORACIÓN,Human Consulting,Comodoro Rivadavia,,,https://open.app.jobrapido.com/ar/9168756388757766144/?w=ingeniero%20datos&l=&oc=sponsored&k=web.1.4.9&uuid=arF001a05c00409d050f&page_item_id=503597106,Ingeniero de Datos,jobrapido,2026-09-01T04:05:16.796410,,,,
6969283364230529024,Ingeniero de IA,ThinkBig HR,Capital Federal,,,https://open.app.jobrapido.com/ar/6969283364230529024/?w=ingeniero%20datos&l=&oc=sponsored&k=web.1.4.10&uuid=arF001a05c00409d050f&page_item_id=-754708600,Ingeniero de Datos,jobrapido,2026-09-01T04:05:16.796898,,,,
7370038722441510912,Analista de ventas,Taynes Consultores,Capital Federal,,,https://open.app.jobrapido.com/ar/7370038722441510912/?w=ingeniero%20datos&l=&oc=sponsored&k=web.1.4.11&uuid=arF001a05c00409d050f&page_item_id=1528252513,Ingeniero de Datos,jobrapido,2026-09-01T04:05:16.797380,,,,
1020462125480411136,AI Engineer - Ingeniero de Inteligencia Artificial,ThinkBig HR,Capital Federal,,,https://open.app.jobrapido.com/ar/1020462125480411136/?w=ingeniero%20datos&l=&oc=sponsored&k=web.1.4.12&uuid=arF001a05c00409d050f&page_item_id=-225930172,Ingeniero de Datos,jobrapido,2026-09-01T04:05:16.797866,,,,
7614570520775753728,Principal Project Planner,Worley,Capital Federal,,,https://open.app.jobrapido.com/ar/7614570520775753728/?w=ingeniero%20datos&l=&oc=sponsored&k=web.1.4.13&uuid=arF001a05c00409d050f&page_item_id=-184833985,Ingeniero de Datos,jobrapido,2026-09-01T04:05:16.798347,,,,
3091119193785892864,Gerente/a de Control de Proyectos,Bechtel,Capital Federal,,,https://open.app.jobrapido.com/ar/3091119193785892864/?w=ingeniero%20datos&l=&oc=sponsored&k=web.1.4.14&uuid=arF001a05c00409d050f&page_item_id=-1925355363,Ingeniero de Datos,jobrapido,2026-09-01T04:05:16.798833,,,,
4324736519634944000,INGENIERO DE PRODUCTO/PROYECTOS,Gabriela Pipman & Asociados,Ezeiza,,,https://open.app.jobrapido.com/ar/4324736519634944000/?w=ingeniero%20datos&l=&oc=sponsored&k=web.1.4.15&uuid=arF001a05c00409d050f&page_item_id=296233105,Ingeniero de Datos,jobrapido,2026-09-01T04:05:16.799311,,,,
7762368660487798784,Group Product Manager,Alegra,Capital Federal (Palermo),,,https://open.app.jobrapido.com/ar/7762368660487798784/?w=ingeniero%20datos&l=&oc=sponsored&k=web.1.4.16&uuid=arF001a05c00409d050f&page_item_id=385958152,Ingeniero de Datos,jobrapido,2026-09-01T04:05:16.799798,,,,
9084502874305593344,Gerente/a de Ingeniería de Proyectos,Bechtel,Capital Federal,,,https://open.app.jobrapido.com/ar/9084502874305593344/?w=ingeniero%20datos&l=&oc=sponsored&k=web.1.4.17&uuid=arF001a05c00409d050f&page_item_id=-1829969553,Ingeniero de Datos,jobrapido,2026-09-01T04:05:16.800275,,,,
5009355371769233408,Responsable de ventas de autopartes,Taynes Consultores,Capital Federal,,,https://open.app.jobrapido.com/ar/5009355371769233408/?w=ingeniero%20datos&l=&oc=sponsored&k=web.1.4.18&uuid=arF001a05c00409d050f&page_item_id=-1657412371,Ingeniero de Datos,jobrapido,2026-09-01T04:05:16.800758,,,,
1812802528379666432,Service Sales Support Intern- (Contrato 12 meses),GEA,Capital Federal (Parque Patricios),,,https://open.app.jobrapido.com/ar/1812802528379666432/?w=ingeniero%20datos&l=&oc=sponsored&k=web.1.4.19&uuid=arF001a05c00409d050f&page_item_id=-760639178,Ingeniero de Datos,jobrapido,2026-09-01T04:05:16.801237,,,,
2025402206940823552,Ingeniero de Proyecto,SLC - Recursos Humanos,Vicente López,,,https://open.app.jobrapido.com/ar/2025402206940823552/?w=ingeniero%20datos&l=&oc=sponsored&k=web.1.5.0&uuid=arF001a05c022b850734&page_item_id=631055178,Ingeniero de Datos,jobrapido,2026-09-01T04:07:22.834790,,,,
1805023208735244288,Soporte Comercial Division Líquidos y Polvos para Argentina & Chile,GEA,Capital Federal (Parque Patricios),,,https://open.app.jobrapido.com/ar/1805023208735244288/?w=ingeniero%20datos&l=&oc=sponsored&k=web.1.5.1&uuid=arF001a05c022b850734&page_item_id=345756010,Ingeniero de Datos,jobrapido,2026-09-01T04:07:22.835346,,,,
2790747048167604224,Coordinador Administrativo de Producción,Nespresso Deutschland GmbH,Firmat,,,https://open.app.jobrapido.com/ar/2790747048167604224/?w=ingeniero%20datos&l=&oc=sponsored&k=web.1.5.2&uuid=arF001a05c022b850734&page_item_id=124915763,Ingeniero de Datos,jobrapido,2026-09-01T04:07:22.835839,,,,
7764638061077463040,Inspector/a de Ventas - Zona PBA Centro y Sur,Cementos Avellaneda y Cementos Artigas,Capital Federal,,,https://open.app.jobrapido.com/ar/7764638061077463040/?w=ingeniero%20datos&l=&oc=sponsored&k=web.1.5.3&uuid=arF001a05c022b850734&page_item_id=-1430956154,Ingeniero de Datos,jobrapido,2026-09-01T04:07:22.836325,,,,
601627669372600320,Inspector/a de Ventas - Zona entre Rios y Corrientes,Cementos Avellaneda y Cementos Artigas,Paraná,,,https://open.app.jobrapido.com/ar/601627669372600320/?w=ingeniero%20datos&l=&oc=sponsored&k=web.1.5.4&uuid=arF001a05c022b850734&page_item_id=1387950986,Ingeniero de Datos,jobrapido,2026-09-01T04:07:22.836812,,,,
6946446215663845376,Ingeniero de Operaciones Digitales Industriales,Jobtailor,Capital Federal,,,https://open.app.jobrapido.com/ar/6946446215663845376/?w=ingeniero%20datos&l=&oc=sponsored&k=web.1.5.5&uuid=arF001a05c022b850734&page_item_id=447027534,Ingeniero de Datos,jobrapido,2026-09-01T04:07:22.837294,,,,
3684200593351507968,Ingeniero/a de Data Center - Infraestructura Crítica (Hybrid),Slc - Recursos Humanos,Capital Federal,,,https://open.app.jobrapido.com/ar/3684200593351507968/?w=ingeniero%20datos&l=&oc=sponsored&k=web.1.5.6&uuid=arF001a05c022b850734&page_item_id=-866194057,Ingeniero de Datos,jobrapido,2026-09-01T04:07:22.837781,,,,
5546978830758969344,Lead Full-Stack Engineer - Fintech (Remote),Cashea,Capital Federal,,,https://open.app.jobrapido.com/ar/5546978830758969344/?w=ingeniero%20datos&l=&oc=sponsored&k=web.1.5.7&uuid=arF001a05c022b850734&page_item_id=-458975756,Ingeniero de Datos,jobrapido,2026-09-01T04:07:22.838264,,,,
3787984595408912384,"Planificador de Mantenimiento Industrial | CMMS, KPIs",Talent-Solutions-Rrhh,Capital Federal,,,https://open.app.jobrapido.com/ar/3787984595408912384/?w=ingeniero%20datos&l=&oc=sponsored&k=web.1.5.8&uuid=arF001a05c022b850734&page_item_id=1407843338,Ingeniero de Datos,jobrapido,2026-09-01T04:07:22.838750,,,,
8190924139414945792,Ingeniero/a de Proyectos y Mejora Continua - Zona Norte,Ceta Capital Humano,General Pacheco,,,https://open.app.jobrapido.com/ar/8190924139414945792/?w=ingeniero%20datos&l=&oc=sponsored&k=web.1.5.9&uuid=arF001a05c022b850734&page_item_id=537598646,Ingeniero de Datos,jobrapido,2026-09-01T04:07:22.839233,,,,
1450212868036231168,Ingeniero Especialista SCADA,CSI,Concordia,,,https://open.app.jobrapido.com/ar/1450212868036231168/?w=ingeniero%20datos&l=&oc=sponsored&k=web.1.5.10&uuid=arF001a05c022b850734&page_item_id=-1066528828,Ingeniero de Datos,jobrapido,2026-09-01T04:07:22.839716,,,,
8322987374380318720,Ingeniero/A De Data Center (Infraestructura Crítica),Slc - Recursos Humanos,Capital Federal,,,https://open.app.jobrapido.com/ar/8322987374380318720/?w=ingeniero%20datos&l=&oc=sponsored&k=web.1.5.11&uuid=arF001a05c022b850734&page_item_id=1437250731,Ingeniero de Datos,jobrapido,2026-09-01T04:07:22.840202,,,,
4592154686861082624,Data Engineer,Practia Global,Capital Federal,,,https://open.app.jobrapido.com/ar/4592154686861082624/?w=ingeniero%20datos&l=&oc=sponsored&k=web.1.5.12&uuid=arF001a05c022b850734&page_item_id=-279119530,Ingeniero de Datos,jobrapido,2026-09-01T04:07:22.840688,,,,
5396303681433894912,INGENIERO DE ESPECIALIDAD PIPING Y MECÁNICA/BUENOS AIRES,TALENT RECRUITERS,Capital Federal,,,https://open.app.jobrapido.com/ar/5396303681433894912/?w=ingeniero%20datos&l=&oc=sponsored&k=web.1.5.13&uuid=arF001a05c022b850734&page_item_id=1773710208,Ingeniero de Datos,jobrapido,2026-09-01T04:07:22.841169,,,,
7485830422266380288,Pasante Gestor Express - Microcentro y Capital,BBVA en Argentina,Esquel,,,https://open.app.jobrapido.com/ar/7485830422266380288/?w=ingeniero%20datos&l=&oc=sponsored&k=web.1.5.14&uuid=arF001a05c022b850734&page_item_id=862849944,Ingeniero de Datos,jobrapido,2026-09-01T04:07:22.841655,,,,
4517893946398998528,Pasante Gestor Express - Suc. 297 Trelew,BBVA en Argentina,Trelew,,,https://open.app.jobrapido.com/ar/4517893946398998528/?w=ingeniero%20datos&l=&oc=sponsored&k=web.1.5.15&uuid=arF001a05c022b850734&page_item_id=-766211652,Ingeniero de Datos,jobrapido,2026-09-01T04:07:22.842135,,,,
1102195104015187968,Pasante de Gestión Express - Atención al Cliente,BBVA en Argentina,Esquel,,,https://open.app.jobrapido.com/ar/1102195104015187968/?w=ingeniero%20datos&l=&oc=sponsored&k=web.1.5.16&uuid=arF001a05c022b850734&page_item_id=-1351668404,Ingeniero de Datos,jobrapido,2026-09-01T04:07:22.842621,,,,
3790114349431914496,Ingeniero de Control de Proyectos (Petróleo y Gas / O&g),Sercanto srl,Capital Federal,,,https://open.app.jobrapido.com/ar/3790114349431914496/?w=ingeniero%20datos&l=&oc=sponsored&k=web.1.5.17&uuid=arF001a05c022b850734&page_item_id=1421003043,Ingeniero de Datos,jobrapido,2026-09-01T04:07:22.843110,,,,
7961728054387015680,Arquitecto de Soluciones (Ingeniero en Sistemas),Spazios,Caseros,,,https://open.app.jobrapido.com/ar/7961728054387015680/?w=ingeniero%20datos&l=&oc=sponsored&k=web.1.5.18&uuid=arF001a05c022b850734&page_item_id=1692014909,Ingeniero de Datos,jobrapido,2026-09-01T04:07:22.843598,,,,
4152372644458528768,Especialista en Equipamiento de Estaciones Transformadoras,TRANSENER,Capital Federal,,,https://open.app.jobrapido.com/ar/4152372644458528768/?w=ingeniero%20datos&l=&oc=sponsored&k=web.1.5.19&uuid=arF001a05c022b850734&page_item_id=1285566692,Ingeniero de Datos,jobrapido,2026-09-01T04:07:22.844084,,,,
